0.2101,
0.2108,
0.2110,181349
0.2117,181349
0.2119,43616
0.2121,42328
0.2123,43742
0.2125,43740
0.2128,45111
0.2129,45499
0.2136,45983
0.2139,46558
0.2142,47196
0.2146,47316
0.2150,48002
0.2153,48844
0.2155,49200
0.2159,50117
0.2162,51074
0.2168,51160
0.2171,51741
0.2174,52028
0.2178,52317
0.2180,53162
0.2183,54002
0.2185,53968
0.2188,54888
0.2189,55574
0.2191,55969
0.2194,56396
0.2195,56935
0.2196,57049
0.2199,57158
0.2201,58166
0.2204,58963
0.2208,59287
0.2213,59696
0.2217,59857
0.2224,60985
0.2239,61447
0.2241,61460
0.2244,62002
0.2247,62890
0.2259,63090
0.2260,64029
0.2262,64965
0.2264,65458
0.2266,65930
0.2271,66135
0.2273,66192
0.2279,66627
0.2282,67533
0.2284,68353
0.2287,68603
0.2290,69116
0.2293,69228
0.2295,70033
0.2298,70487
0.2301,70624
0.2305,70507
0.2307,71760
0.2309,72341
0.2313,72184
0.2317,72266
0.2319,73291
0.2321,72788
0.2325,74103
0.2327,73619
0.2329,74616
0.2330,75848
0.2333,75389
0.2335,76417
0.2337,75817
0.2339,76618
0.2342,77041
0.2343,77423
0.2346,78014
0.2348,78527
0.2352,78423
0.2354,79002
0.2357,78979
0.2359,80208
0.2362,80331
0.2366,80723
0.2368,80893
0.2371,81765
0.2380,82748
0.2383,82626
0.2403,83119
0.2404,83427
0.2406,83743
0.2416,84192
0.2418,85362
0.2420,85142
0.2423,86006
0.2424,85949
0.2431,85993
0.2434,87026
0.2438,87235
0.2440,87084
0.2441,87902
0.2444,88332
0.2445,88423
0.2447,88969
0.2449,89366
0.2453,89527
0.2456,89635
0.2459,91350
0.2461,90715
0.2462,91329
0.2466,92004
0.2471,91735
0.2475,91672
0.2481,91897
0.2485,92613
0.2487,93442
0.2489,93933
0.2491,94323
0.2494,94782
0.2500,94590
0.2505,95186
0.2521,95570
0.2522,95788
0.2527,96543
0.2529,96335
0.2530,96840
0.2531,97744
0.2534,98623
0.2535,98191
0.2536,97794
0.2539,98114
0.2541,99203
0.2543,98857
0.2547,99821
0.2550,99560
0.2552,100272
0.2554,100670
0.2556,100934
0.2559,101335
0.2561,101318
0.2563,101393
0.2565,101284
0.2567,102394
0.2570,102538
0.2575,102755
0.2580,103264
0.2583,103351
0.2587,103759
0.2589,104789
0.2592,104603
0.2596,104814
0.2599,105165
0.2601,106202
0.2603,105724
0.2605,105886
0.2614,106229
0.2617,106718
0.2634,106851
0.2636,107537
0.2637,107994
0.2655,107908
0.2664,108461
0.2666,109017
0.2668,109324
0.2669,109536
0.2669,109864
0.2670,109635
0.2671,110255
0.2671,110617
0.2672,110527
0.2673,110772
0.2674,111376
0.2674,111498
0.2675,111543
0.2676,112638
0.2676,112194
0.2677,112389
0.2678,113110
0.2679,112611
0.2686,113461
0.2687,113660
0.2689,114291
0.2693,113849
0.2695,114643
0.2696,115010
0.2697,115018
0.2699,114974
0.2702,115486
0.2706,115724
0.2710,116016
0.2717,116201
0.2719,116580
0.2721,116670
0.2722,116818
0.2723,117288
0.2727,118272
0.2728,117759
0.2730,117860
0.2732,118177
0.2735,118605
0.2738,118548
0.2739,119012
0.2742,119599
0.2744,119522
0.2748,119006
0.2753,120167
0.2756,120414
0.2767,120628
0.2768,120970
0.2772,120756
0.2775,120830
0.2780,121806
0.2785,121043
0.2787,122398
0.2795,122726
0.2797,122564
0.2799,122908
0.2801,122771
0.2803,123008
0.2806,123833
0.2808,124451
0.2810,124052
0.2814,124319
0.2817,124437
0.2827,124830
0.2830,124164
0.2831,124916
0.2832,125222
0.2834,125668
0.2835,125751
0.2836,125768
0.2836,126013
0.2837,126768
0.2838,126869
0.2839,126999
0.2839,127376
0.2840,127188
0.2841,127215
0.2841,128066
0.2842,128048
0.2843,127794
0.2844,128344
0.2845,128561
0.2846,129036
0.2850,129536
0.2855,129320
0.2859,128830
0.2865,129231
0.2865,129725
0.2866,129613
0.2867,130397
0.2867,130076
0.2868,130436
0.2869,130638
0.2869,130265
0.2870,131061
0.2871,131397
0.2872,131808
0.2872,131629
0.2873,132403
0.2874,132284
0.2874,132080
0.2875,132417
0.2876,132698
0.2876,132749
0.2877,132726
0.2878,133582
0.2878,133701
0.2879,133474
0.2880,134393
0.2881,134186
0.2881,134184
0.2882,134260
0.2883,134778
0.2883,134475
0.2884,134866
0.2885,136051
0.2885,135131
0.2886,135844
0.2887,135662
0.2888,136459
0.2888,136448
0.2889,136884
0.2890,136067
0.2890,136696
0.2891,136609
0.2892,136591
0.2892,136641
0.2893,137417
0.2894,136847
0.2894,137405
0.2895,137798
0.2896,137880
0.2897,138185
0.2897,137841
0.2898,137564
0.2899,138373
0.2899,139524
0.2900,139563
0.2901,139066
0.2902,139413
0.2902,139746
0.2903,140148
0.2904,140019
0.2904,140074
0.2905,140403
0.2906,140659
0.2906,141354
0.2907,140918
0.2908,140561
0.2909,141230
0.2909,141838
0.2910,141735
0.2911,141653
0.2911,142568
0.2912,142391
0.2913,142199
0.2913,142213
0.2914,143009
0.2915,142849
0.2915,142527
0.2916,143715
0.2917,143487
0.2917,143655
0.2918,143733
0.2919,143278
0.2920,143654
0.2920,144346
0.2921,144010
0.2922,144135
0.2922,144051
0.2923,144491
0.2924,145253
0.2924,145242
0.2925,144983
0.2926,145217
0.2926,145279
0.2927,145680
0.2928,145598
0.2929,145439
0.2930,145835
0.2930,146342
0.2931,147125
0.2932,146442
0.2933,146472
0.2933,146568
0.2934,147311
0.2935,146405
0.2935,147304
0.2936,146778
0.2937,146475
0.2937,147295
0.2938,147182
0.2939,146362
0.2939,147407
0.2940,147508
0.2942,148413
0.2943,149009
0.2944,148713
0.2945,149186
0.2946,149130
0.2948,148698
0.2951,148687
0.2952,148943
0.2953,149426
0.2954,149567
0.2956,149233
0.2957,149442
0.2958,149845
0.2959,150496
0.2960,149439
0.2961,150303
0.2962,150592
0.2963,149819
0.2985,150684
0.3022,150751
0.3062,150498
0.3103,150688
0.3150,151312
0.3186,150760
0.3226,151460
0.3268,151262
0.3313,151722
0.3352,151423
0.3392,151359
0.3393,152226
0.3431,152500
0.3477,152678
0.3514,151895
0.3555,152518
0.3595,152363
0.3643,152305
0.3678,152603
0.3718,152331
0.3759,152729
0.3805,153123
0.3842,153070
0.3883,153667
0.3923,153326
0.3965,153631
0.4005,153865
0.4045,154077
0.4087,153613
0.4128,154372
0.4170,153586
0.4211,154087
0.4252,154050
0.4292,154235
0.4333,154222
0.4373,154836
0.4414,153818
0.4456,154382
0.4496,155530
0.4538,155328
0.4579,155010
0.4620,155166
0.4663,155416
0.4664,155319
0.4701,155501
0.4743,155252
0.4783,155453
0.4828,155187
0.4866,155887
0.4907,156065
0.4948,156213
0.4988,156303
0.5029,156743
0.5071,156731
0.5111,156182
0.5158,156489
0.5193,156060
0.5233,156827
0.5274,156566
0.5316,157007
0.5357,156808
0.5398,156868
0.5440,157266
0.5485,157009
0.5520,156856
0.5562,157327
0.5603,157468
0.5649,157272
0.5685,157297
0.5725,157786
0.5767,157381
0.5813,157842
0.5849,158344
0.5892,158091
0.5930,157737
0.5931,158200
0.5973,158211
0.6013,158558
0.6052,158168
0.6093,158754
0.6141,158712
0.6176,158964
0.6217,158856
0.6258,158705
0.6306,158786
0.6339,158540
0.6381,158591
0.6422,159457
0.6463,158934
0.6504,159559
0.6545,158818
0.6586,159676
0.6627,159879
0.6667,160105
0.6709,159799
0.6750,159730
0.6791,159635
0.6831,160435
0.6873,160545
0.6913,160348
0.6954,160188
0.6995,160393
0.7036,160702
0.7078,160620
0.7118,160321
0.7163,161113
0.7201,161251
0.7202,161316
0.7241,161140
0.7283,161547
0.7326,161328
0.7363,161326
0.7404,161492
0.7446,161812
0.7487,162024
0.7527,162136
0.7568,162275
0.7609,162055
0.7653,162518
0.7691,161834
0.7732,161593
0.7773,162779
0.7816,162800
0.7855,162576
0.7896,162380
0.7940,161974
0.7980,162151
0.8019,162043
0.8060,162225
0.8101,162874
0.8145,162682
0.8183,162847
0.8223,162148
0.8264,162877
0.8311,162673
0.8347,162847
0.8387,163589
0.8430,163376
0.8474,163234
0.8475,163829
0.8510,163279
0.8551,163753
0.8592,163598
0.8638,163655
0.8674,164149
0.8715,164102
0.8756,164088
0.8801,164247
0.8838,164066
0.8879,164337
0.8920,164424
0.8962,164527
0.9006,164158
0.9042,164369
0.9083,164444
0.9125,164339
0.9166,164811
0.9207,164949
0.9248,165021
0.9289,165244
0.9329,164987
0.9371,164813
0.9412,165059
0.9453,164599
0.9493,164731
0.9535,165115
0.9576,165246
0.9617,165415
0.9658,165539
0.9700,165029
0.9741,165523
0.9742,165786
0.9780,165845
0.9821,165244
0.9862,165809
0.9903,166021
0.9945,166032
0.9987,165433
1.0026,166077
1.0067,166503
1.0108,166384
1.0150,165938
1.0191,166562
1.0232,166220
1.0272,166526
1.0316,166366
1.0353,166675
1.0394,166972
1.0437,167458
1.0480,166430
1.0518,166923
1.0559,167477
1.0600,167356
1.0646,167620
1.0681,167283
1.0722,167913
1.0763,167757
1.0815,167976
1.0845,167610
1.0887,167779
1.0928,167608
1.0975,167477
1.1011,167453
1.1051,168087
1.1052,168197
1.1091,167992
1.1137,168091
1.1173,168014
1.1214,167946
1.1255,168178
1.1302,168126
1.1340,168079
1.1377,167996
1.1419,168432
1.1460,168127
1.1501,168671
1.1541,168246
1.1582,168936
1.1624,168201
1.1664,168306
1.1705,168468
1.1746,168861
1.1788,168898
1.1828,168718
1.1869,168995
1.1910,169230
1.1951,168793
1.1992,169219
1.2033,169447
1.2074,168972
1.2116,169794
1.2156,169471
1.2197,169383
1.2240,169348
1.2281,169381
1.2321,169604
1.2322,170019
1.2361,169903
1.2402,169467
1.2444,170015
1.2484,170056
1.2525,170185
1.2565,170024
1.2607,169654
1.2647,169491
1.2689,169648
1.2730,169673
1.2770,169317
1.2816,169923
1.2852,169390
1.2893,169904
1.2936,169791
1.2979,170061
1.3017,170031
1.3058,170071
1.3098,169918
1.3145,169673
1.3180,170157
1.3220,170278
1.3263,170620
1.3309,170376
1.3344,170097
1.3384,170661
1.3425,170775
1.3472,170259
1.3508,170268
1.3549,170331
1.3589,170158
1.3589,170104
1.3635,170632
1.3671,170466
1.3713,170563
1.3752,170529
1.3797,170604
1.3835,170956
1.3876,170944
1.3917,170642
1.3959,170777
1.3999,171193
1.4040,170920
1.4080,170802
1.4122,171051
1.4163,171369
1.4203,170826
1.4244,171280
1.4287,171023
1.4327,171880
1.4368,171403
1.4408,171902
1.4451,172239
1.4493,171844
1.4531,171852
1.4572,172372
1.4614,171790
1.4658,172048
1.4695,171714
1.4736,171839
1.4778,171620
1.4820,172738
1.4859,172116
1.4860,172124
1.4900,172464
1.4941,171755
1.4982,171802
1.5022,171765
1.5063,171742
1.5105,171623
1.5146,172214
1.5187,172132
1.5227,172288
1.5269,172702
1.5314,172218
1.5350,172640
1.5391,172451
1.5434,172621
1.5473,171897
1.5514,172823
1.5555,173294
1.5596,173155
1.5639,172766
1.5678,172627
1.5719,173080
1.5760,173169
1.5805,172467
1.5842,172723
1.5883,173528
1.5923,173621
1.5968,173019
1.6005,172772
1.6047,173288
1.6089,172865
1.6134,172973
1.6136,172993
1.6169,173389
1.6211,172346
1.6252,172972
1.6304,173222
1.6333,173532
1.6374,172885
1.6416,173004
1.6464,173188
1.6497,173040
1.6539,173230
1.6580,172858
1.6621,172769
1.6661,173082
1.6703,172927
1.6743,173204
1.6784,172859
1.6825,173434
1.6866,173147
1.6907,173124
1.6949,172737
1.6990,172950
1.7030,172899
1.7071,172999
1.7113,173588
1.7153,173221
1.7193,173442
1.7234,173185
1.7277,173176
1.7323,173151
1.7359,172830
1.7399,173811
1.7400,173552
1.7440,173271
1.7480,173858
1.7521,173728
1.7563,173597
1.7603,173614
1.7649,174167
1.7685,173325
1.7726,173665
1.7767,173323
1.7813,174465
1.7849,173930
1.7890,174293
1.7932,173719
1.7975,174746
1.8012,173994
1.8053,173704
1.8095,174444
1.8143,174203
1.8177,174458
1.8218,174249
1.8258,174188
1.8303,173935
1.8340,174584
1.8381,174643
1.8422,174050
1.8470,174327
1.8504,174307
1.8545,174506
1.8586,174567
1.8633,175493
1.8669,175061
1.8670,175063
1.8709,174678
1.8750,174697
1.8796,175191
1.8832,174388
1.8873,174437
1.8914,174803
1.8955,175053
1.8996,175108
1.9037,174269
1.9078,174596
1.9119,174864
1.9160,174996
1.9200,174795
1.9241,175165
1.9291,175111
1.9325,175130
1.9364,174792
1.9405,175444
1.9447,175343
1.9488,175572
1.9528,175542
1.9569,174931
1.9610,174816
1.9651,174788
1.9691,174886
1.9733,174971
1.9776,174643
1.9817,175493
1.9856,175301
1.9897,175148
1.9938,175003
1.9941,175285
1.9979,175467
2.0020,175576
2.0061,175600
2.0102,175208
2.0145,175622
2.0185,175652
2.0224,175753
2.0265,175362
2.0306,175617
2.0347,175567
2.0388,175888
2.0429,175234
2.0472,176010
2.0516,175574
2.0552,175227
2.0593,174992
2.0638,175642
2.0675,175658
2.0715,175582
2.0757,175483
2.0802,175617
2.0841,175259
2.0880,175249
2.0921,175468
2.0966,175618
2.1003,175461
2.1044,175883
2.1084,175704
2.1129,175774
2.1168,175678
2.1208,175821
2.1209,175871
2.1248,175901
2.1293,176221
2.1332,175862
2.1371,176010
2.1412,175673
2.1454,176485
2.1509,175925
2.1536,176216
2.1576,175551
2.1627,176267
2.1658,176158
2.1699,175806
2.1740,175810
2.1781,175572
2.1822,175936
2.1863,175812
2.1903,176211
2.1945,175832
2.1985,176077
2.2027,176742
2.2068,176377
2.2109,175588
2.2154,176190
2.2191,176262
2.2232,176652
2.2274,175698
2.2314,176714
2.2354,175832
2.2395,176107
2.2437,176941
2.2478,176681
2.2519,176140
2.2519,176610
2.2559,176586
2.2601,176017
2.2641,175965
2.2683,176222
2.2723,176348
2.2764,176254
2.2809,175703
2.2846,176535
2.2887,176729
2.2929,176499
2.2973,176206
2.3010,176549
2.3051,175885
2.3092,176400
2.3136,176853
2.3173,176398
2.3214,176645
2.3255,176247
2.3303,176805
2.3337,176172
2.3378,176749
2.3419,176608
2.3464,176615
2.3501,176285
2.3542,176135
2.3583,177182
2.3628,176715
2.3666,175907
2.3707,176972
2.3748,176955
2.3792,176935
2.3798,176841
2.3829,176624
2.3869,176524
2.3911,176597
2.3952,176730
2.3998,177058
2.4042,177252
2.4078,177036
2.4116,177214
2.4157,176725
2.4197,177055
2.4238,176982
2.4280,177279
2.4321,176794
2.4362,176739
2.4403,177121
2.4444,176922
2.4485,176975
2.4525,177412
2.4566,176999
2.4608,176909
2.4648,177701
2.4689,177255
2.4730,177128
2.4772,176989
2.4812,177453
2.4853,177386
2.4894,177422
2.4936,177042
2.4976,177039
2.5018,177087
2.5058,177332
2.5059,177375
2.5100,177623
2.5140,177917
2.5180,177770
2.5221,177857
2.5263,177727
2.5308,177693
2.5344,177603
2.5385,178039
2.5426,177522
2.5470,178310
2.5508,177530
2.5549,177821
2.5590,177695
2.5634,177406
2.5673,178002
2.5713,177837
2.5754,178413
2.5799,177478
2.5836,177471
2.5876,177381
2.5918,178178
2.5965,177464
2.5999,177710
2.6040,177931
2.6081,178127
2.6125,178458
2.6163,177733
2.6205,177823
2.6246,177965
2.6290,178377
2.6329,177902
2.6330,177736
2.6368,177682
2.6409,178038
2.6451,178396
2.6491,177963
2.6532,178122
2.6573,177698
2.6615,178368
2.6655,177909
2.6697,177918
2.6737,178211
2.6778,177481
2.6819,177610
2.6861,177841
2.6902,177474
2.6942,177837
2.6983,177315
2.7024,177648
2.7065,177497
2.7106,177865
2.7152,178275
2.7189,178233
2.7229,177927
2.7271,177668
2.7310,178152
2.7352,177971
2.7394,177997
2.7435,177901
2.7478,177789
2.7516,177768
2.7558,177809
2.7597,178300
2.7599,177331
2.7643,177999
2.7679,177433
2.7720,177369
2.7761,177649
2.7806,177993
2.7843,177923
2.7884,178636
2.7926,177928
2.7972,178081
2.8007,177265
2.8049,178080
2.8089,177811
2.8135,177714
2.8170,177905
2.8212,177220
2.8253,178034
2.8298,177694
2.8335,178489
2.8375,177744
2.8417,177843
2.8458,178385
2.8498,178140
2.8539,178370
2.8580,178109
2.8627,178107
2.8667,178438
2.8703,178098
2.8745,177948
2.8793,178607
2.8828,178301
2.8869,178531
2.8910,178504
2.8911,179013
2.8949,178641
2.8992,178642
2.9031,178331
2.9072,178634
2.9113,178223
2.9156,178599
2.9194,178112
2.9235,178370
2.9277,178379
2.9317,178681
2.9359,178795
2.9400,178512
2.9441,178988
2.9485,178515
2.9523,179045
2.9563,179143
2.9604,179075
2.9651,178692
2.9687,179057
2.9727,178634
2.9771,179271
2.9809,178944
2.9850,179042
2.9892,178461
2.9933,178479
2.9973,178592
3.0014,178499
3.0055,178562
3.0096,178626
3.0137,179164
3.0179,178614
3.0180,177872
3.0219,178767
3.0260,178275
3.0300,178553
3.0342,178508
3.0382,178581
3.0423,178676
3.0469,178568
3.0505,178411
3.0546,178766
3.0587,178869
3.0634,179011
3.0669,178800
3.0710,178944
3.0750,178989
3.0795,178682
3.0838,179066
3.0874,178968
3.0914,178927
3.0961,178594
3.0997,178653
3.1037,179083
3.1078,179148
3.1125,179203
3.1161,179042
3.1201,179114
3.1242,179582
3.1294,179358
3.1324,179032
3.1367,179307
3.1407,178785
3.1448,179533
3.1449,179223
3.1488,179692
3.1529,179098
3.1570,179305
3.1611,178783
3.1652,178472
3.1693,179089
3.1734,179133
3.1775,179156
3.1817,179609
3.1857,179790
3.1898,178817
3.1939,179405
3.1980,179254
3.2021,178895
3.2062,178715
3.2103,179248
3.2143,179495
3.2184,179369
3.2226,179654
3.2267,180060
3.2307,179455
3.2348,179740
3.2389,180145
3.2430,179287
3.2474,179682
3.2512,179584
3.2555,179654
3.2594,179383
3.2639,179466
3.2679,179179
3.2718,179410
3.2720,179887
3.2758,179550
3.2799,179311
3.2840,178730
3.2881,179306
3.2924,179571
3.2968,179566
3.3003,179350
3.3044,179371
3.3085,179408
3.3129,179688
3.3167,179398
3.3208,179732
3.3249,179631
3.3297,178880
3.3332,179703
3.3372,179781
3.3413,179835
3.3460,179330
3.3495,178854
3.3536,179528
3.3577,179215
3.3619,179364
3.3659,179722
3.3700,180071
3.3740,179762
3.3785,179083
3.3823,179314
3.3864,179671
3.3905,179058
3.3947,179362
3.3986,179049
3.3987,179232
3.4028,179690
3.4069,179549
3.4110,179638
3.4156,179444
3.4191,179612
3.4232,178564
3.4273,179349
3.4316,179132
3.4355,179458
3.4396,179241
3.4437,178649
3.4482,179369
3.4519,179021
3.4560,179415
3.4601,178329
3.4643,179405
3.4682,179695
3.4724,179547
3.4765,178582
3.4806,179833
3.4847,179002
3.4888,179195
3.4931,178925
3.4975,179291
3.5011,179410
3.5051,179519
3.5094,179788
3.5133,180231
3.5175,179889
3.5217,179934
3.5257,179752
3.5258,179216
3.5303,180244
3.5338,179518
3.5380,180150
3.5420,179226
3.5465,179309
3.5503,179277
3.5544,179404
3.5584,179484
3.5627,179452
3.5666,179393
3.5708,179470
3.5748,179696
3.5795,179656
3.5830,179487
3.5870,179580
3.5911,179373
3.5956,179863
3.5994,179989
3.6035,179586
3.6076,180099
3.6124,179958
3.6157,179679
3.6199,179264
3.6240,179423
3.6288,179198
3.6322,179328
3.6363,179667
3.6404,180003
3.6445,179669
3.6488,179696
3.6528,179956
3.6530,179701
3.6568,179738
3.6610,179790
3.6649,179662
3.6690,180382
3.6730,178850
3.6774,179339
3.6817,178960
3.6854,179227
3.6895,178879
3.6937,179442
3.6977,179327
3.7017,179557
3.7058,179462
3.7100,179193
3.7142,179726
3.7181,178954
3.7222,180228
3.7266,179667
3.7307,180451
3.7345,179418
3.7386,179440
3.7427,180166
3.7471,180080
3.7510,179498
3.7550,180233
3.7592,179449
3.7632,179637
3.7673,179728
3.7714,180197
3.7755,179573
3.7796,180096
3.7797,179938
3.7837,179844
3.7878,180018
3.7921,180207
3.7962,179198
3.8000,179710
3.8041,180111
3.8082,179829
3.8125,179878
3.8164,180219
3.8205,180407
3.8246,180095
3.8294,179875
3.8329,179577
3.8369,179968
3.8410,179735
3.8453,179891
3.8493,180270
3.8533,179951
3.8574,179648
3.8619,180197
3.8656,180304
3.8697,179564
3.8738,179758
3.8782,180181
3.8820,179937
3.8860,179515
3.8901,179916
3.8943,180344
3.8984,180232
3.9026,180169
3.9065,180048
3.9107,179903
3.9108,179827
3.9148,180644
3.9188,179747
3.9229,179617
3.9271,179974
3.9311,180496
3.9352,180279
3.9393,180343
3.9434,180052
3.9475,180021
3.9516,180307
3.9557,179652
3.9598,180247
3.9643,179679
3.9680,179525
3.9720,179866
3.9763,179583
3.9803,179521
3.9844,179899
3.9885,179547
3.9928,179717
3.9966,179526
4.0008,179544
4.0049,179526
4.0090,179826
4.0131,179557
4.0171,180026
4.0213,180588
4.0254,180377
4.0296,180028
4.0337,180228
4.0376,180062
4.0377,180394
4.0417,181095
4.0461,180275
4.0500,179986
4.0540,180554
4.0582,180270
4.0627,180454
4.0663,180320
4.0704,180627
4.0745,180444
4.0791,180482
4.0828,180056
4.0868,180472
4.0909,179969
4.0956,179939
4.0991,179954
4.1033,180218
4.1073,179961
4.1114,179822
4.1155,180151
4.1196,180310
4.1237,180188
4.1292,180136
4.1318,179468
4.1359,179654
4.1401,180150
4.1442,180191
4.1483,179767
4.1523,180022
4.1565,180340
4.1607,180364
4.1648,180382
4.1649,180067
4.1694,180513
4.1728,180011
4.1770,180079
4.1810,180285
4.1852,179901
4.1892,179736
4.1933,180079
4.1974,180141
4.2015,180355
4.2056,181198
4.2097,180173
4.2138,179955
4.2179,180574
4.2220,180008
4.2261,180386
4.2301,180749
4.2343,179223
4.2383,179810
4.2425,180153
4.2465,180486
4.2507,180584
4.2547,180682
4.2588,181280
4.2629,180772
4.2670,180696
4.2711,180317
4.2752,180521
4.2793,180516
4.2834,180529
4.2876,180758
4.2916,180052
4.2918,180060
4.2964,180428
4.2999,180672
4.3038,180097
4.3079,180149
4.3125,180084
4.3161,180303
4.3202,179821
4.3243,179650
4.3293,179465
4.3325,180512
4.3366,179917
4.3407,180354
4.3453,179305
4.3489,180526
4.3530,179869
4.3571,180135
4.3617,180303
4.3653,179720
4.3694,180062
4.3734,180180
4.3781,179395
4.3817,180008
4.3858,180235
4.3899,179938
4.3942,180182
4.3981,180610
4.4021,181053
4.4063,179976
4.4104,180824
4.4145,180517
4.4187,180483
4.4188,180601
4.4226,180521
4.4268,180327
4.4308,180179
4.4355,180197
4.4390,179933
4.4432,180564
4.4473,180315
4.4513,180500
4.4554,181059
4.4595,180644
4.4639,180226
4.4677,179739
4.4718,180445
4.4760,179784
4.4803,180166
4.4841,179733
4.4882,180123
4.4924,180116
4.4965,180103
4.5005,180192
4.5045,180277
4.5088,180414
4.5134,179684
4.5168,180788
4.5209,180127
4.5250,180575
4.5296,180124
4.5333,179961
4.5373,180458
4.5424,179916
4.5456,180076
4.5461,180486
4.5496,180388
4.5537,180043
4.5578,180064
4.5623,180377
4.5660,179978
4.5700,180447
4.5741,179940
4.5787,180584
4.5824,179970
4.5864,179951
4.5905,180649
4.5953,180147
4.5987,179617
4.6028,179835
4.6069,180024
4.6114,179825
4.6156,180302
4.6192,180434
4.6233,180101
4.6278,180918
4.6315,180353
4.6356,180522
4.6398,180531
4.6438,180507
4.6479,180216
4.6520,179775
4.6561,179553
4.6603,179913
4.6643,180349
4.6686,179980
4.6727,180307
4.6728,180490
4.6766,180036
4.6808,179784
4.6848,179853
4.6888,179553
4.6930,180198
4.6970,180163
4.7012,180213
4.7053,180310
4.7093,180305
4.7135,180512
4.7175,180458
4.7217,180883
4.7259,180502
4.7299,180126
4.7339,181008
4.7381,180215
4.7422,180230
4.7462,180686
4.7504,180211
4.7544,179920
4.7585,179943
4.7626,180283
4.7668,180875
4.7708,180646
4.7749,180450
4.7792,180538
4.7831,180112
4.7872,179995
4.7914,179556
4.7955,180403
4.7997,179674
4.8037,180198
4.8039,180130
4.8077,180373
4.8123,180661
4.8158,180388
4.8199,179799
4.8240,179742
4.8286,180061
4.8323,179473
4.8364,179915
4.8405,180540
4.8451,180039
4.8486,179722
4.8527,180181
4.8568,179807
4.8612,180317
4.8650,179883
4.8692,180206
4.8733,180635
4.8780,179901
4.8814,180588
4.8856,180401
4.8896,179952
4.8937,179659
4.8978,179911
4.9018,180402
4.9059,180068
4.9100,180337
4.9143,180115
4.9184,179879
4.9226,179899
4.9266,180097
4.9305,180228
4.9307,180601
4.9347,179727
4.9388,180820
4.9428,180030
4.9475,180348
4.9510,181218
4.9550,180466
4.9593,180699
4.9633,181080
4.9674,180929
4.9715,180729
4.9756,181058
4.9799,180375
4.9839,180863
4.9879,180599
4.9920,180347
4.9961,179803
5.0001,181209
5.0043,180341
5.0084,180446
5.0125,180798
5.0165,180730
5.0206,180894
5.0248,180402
5.0288,180786
5.0329,180605
5.0370,181313
5.0412,180386
5.0455,180363
5.0494,180517
5.0535,180947
5.0574,180305
5.0575,180773
5.0620,181119
5.0657,180258
5.0699,181197
5.0739,180832
5.0784,180267
5.0820,180903
5.0861,180511
5.0902,180558
5.0947,180469
5.0984,180320
5.1025,180370
5.1066,180914
5.1111,180991
5.1148,180500
5.1190,180589
5.1230,180777
5.1274,181181
5.1313,180847
5.1354,180637
5.1394,180935
5.1435,181227
5.1476,180515
5.1517,180935
5.1558,180296
5.1599,180692
5.1640,180843
5.1682,181008
5.1723,180422
5.1765,180481
5.1806,180297
5.1845,180797
5.1846,180849
5.1885,180576
5.1927,181023
5.1968,180865
5.2009,180056
5.2049,180902
5.2090,181362
5.2131,180839
5.2172,180525
5.2214,181093
5.2255,180939
5.2295,181043
5.2336,180874
5.2378,181189
5.2418,180716
5.2459,180891
5.2500,180711
5.2542,181182
5.2582,180999
5.2623,181532
5.2664,181175
5.2706,181039
5.2746,180479
5.2787,180770
5.2829,180345
5.2869,180378
5.2910,180566
5.2958,180761
5.2992,180986
5.3033,180160
5.3077,180792
5.3115,180681
5.3116,180672
5.3155,180269
5.3196,181133
5.3237,181241
5.3284,181232
5.3319,180960
5.3360,180948
5.3401,181567
5.3450,181574
5.3483,180806
5.3525,181304
5.3565,181048
5.3611,180858
5.3648,181322
5.3688,180659
5.3730,181249
5.3779,181628
5.3811,181268
5.3853,180715
5.3893,181116
5.3937,181479
5.3974,181021
5.4016,181101
5.4057,181144
5.4099,181026
5.4139,181373
5.4179,180953
5.4220,180850
5.4262,181241
5.4303,181401
5.4345,180967
5.4385,180790
5.4387,180817
5.4427,180408
5.4466,180679
5.4507,180445
5.4548,180168
5.4590,180321
5.4630,180999
5.4671,180306
5.4711,180397
5.4755,181023
5.4797,180400
5.4835,180758
5.4875,180415
5.4919,180763
5.4958,180628
5.4999,180396
5.5039,180539
5.5081,180720
5.5124,180889
5.5162,180718
5.5203,180710
5.5245,180605
5.5288,180614
5.5326,180606
5.5367,179963
5.5410,181315
5.5454,181323
5.5490,181561
5.5531,181231
5.5572,181293
5.5614,181550
5.5654,181768
5.5694,180755
5.5696,180921
5.5736,181386
5.5784,180884
5.5818,180784
5.5859,181277
5.5899,180833
5.5945,181136
5.5982,180781
5.6022,180214
5.6063,180601
5.6107,181227
5.6146,181307
5.6187,180759
5.6228,180773
5.6272,180718
5.6309,181289
5.6351,181031
5.6392,181374
5.6437,181097
5.6474,181069
5.6515,181159
5.6556,180814
5.6597,181040
5.6637,181267
5.6677,180653
5.6719,181132
5.6761,181031
5.6801,180153
5.6841,180625
5.6884,181245
5.6926,180752
5.6964,180834
5.6965,181056
5.7005,180598
5.7046,181110
5.7088,181122
5.7128,181510
5.7170,181282
5.7211,181348
5.7254,181022
5.7294,181374
5.7333,181303
5.7374,181227
5.7416,181033
5.7459,180599
5.7497,180811
5.7538,181447
5.7581,180917
5.7620,180720
5.7661,180254
5.7702,180459
5.7743,180524
5.7789,180446
5.7825,180557
5.7866,180851
5.7906,180799
5.7951,181029
5.7989,180423
5.8030,180801
5.8072,180578
5.8115,180462
5.8155,181043
5.8195,181493
5.8236,181110
5.8241,181604
5.8280,180627
5.8316,180825
5.8358,181544
5.8398,181161
5.8448,180973
5.8480,180965
5.8521,181322
5.8562,181084
5.8609,180788
5.8645,181653
5.8685,181326
5.8727,181065
5.8771,181786
5.8813,181240
5.8848,181010
5.8889,181298
5.8932,180939
5.8971,180645
5.9013,181101
5.9053,181401
5.9095,181241
5.9135,180795
5.9176,181317
5.9218,180363
5.9259,180844
5.9299,180845
5.9340,180877
5.9381,181267
5.9424,180890
5.9466,180619
5.9506,180618
5.9507,180472
5.9545,181262
5.9587,181729
5.9627,181101
5.9669,180896
5.9709,180826
5.9752,181186
5.9791,181209
5.9832,181006
5.9874,181041
5.9915,181102
5.9954,180987
5.9996,181365
6.0037,180948
6.0079,181516
6.0118,180404
6.0160,181020
6.0201,181297
6.0241,181193
6.0288,181029
6.0323,181296
6.0364,180792
6.0405,181055
6.0452,181391
6.0487,180852
6.0528,180608
6.0569,180683
6.0612,180892
6.0651,181004
6.0694,181101
6.0734,181116
6.0775,181584
6.0782,180710
6.0815,181072
6.0856,180284
6.0896,180749
6.0941,181500
6.0978,180692
6.1019,181566
6.1060,181130
6.1104,180675
6.1142,180858
6.1183,180861
6.1224,180636
6.1271,180804
6.1307,181198
6.1347,180279
6.1388,180402
6.1430,180576
6.1470,180389
6.1511,180802
6.1552,180898
6.1593,180671
6.1634,180803
6.1675,181027
6.1716,180527
6.1758,181356
6.1798,180984
6.1838,181232
6.1879,180998
6.1921,180758
6.1966,180910
6.2003,180671
6.2045,180883
6.2045,180413
6.2085,181319
6.2125,180946
6.2166,180890
6.2207,181277
6.2249,181581
6.2293,181514
6.2330,180697
6.2371,180684
6.2413,180909
6.2454,181743
6.2494,181495
6.2535,180829
6.2576,181047
6.2618,181497
6.2659,181208
6.2699,180877
6.2740,181263
6.2781,181025
6.2822,181228
6.2862,181273
6.2904,181248
6.2949,181258
6.2986,181303
6.3027,180916
6.3067,180691
6.3113,181277
6.3150,181136
6.3190,180624
6.3232,181166
6.3274,181075
6.3315,180932
6.3316,181037
6.3355,181087
6.3395,181926
6.3442,181268
6.3477,181147
6.3518,181490
6.3559,181035
6.3606,181146
6.3643,181159
6.3682,181234
6.3722,181094
6.3770,181016
6.3805,180478
6.3846,180707
6.3887,181443
6.3935,180900
6.3969,181579
6.4010,180750
6.4051,181046
6.4092,181593
6.4137,181008
6.4173,180948
6.4214,181043
6.4255,181295
6.4296,181154
6.4338,180935
6.4378,180568
6.4420,180403
6.4460,181170
6.4502,181195
6.4544,181584
6.4583,180894
6.4584,181079
6.4630,181462
6.4664,181096
6.4705,180547
6.4755,181295
6.4791,181062
6.4828,181741
6.4869,181254
6.4911,181009
6.4952,180860
6.4993,181464
6.5033,181507
6.5076,180877
6.5115,181147
6.5156,181193
6.5197,180951
6.5239,180514
6.5283,181016
6.5320,180063
6.5361,180871
6.5403,181571
6.5446,181550
6.5484,180557
6.5525,180689
6.5566,181081
6.5611,181266
6.5648,180771
6.5689,180753
6.5729,181392
6.5774,180808
6.5814,180626
6.5854,180793
6.5894,180836
6.5896,180819
6.5942,181523
6.5976,180548
6.6017,180990
6.6058,181051
6.6101,181619
6.6139,181442
6.6180,181370
6.6222,180470
6.6267,181281
6.6303,181046
6.6344,181102
6.6385,181531
6.6427,180865
6.6467,180686
6.6508,180673
6.6549,181272
6.6590,180870
6.6631,180043
6.6672,181043
6.6712,180507
6.6755,180728
6.6795,180718
6.6835,180570
6.6876,180545
6.6918,181088
6.6959,180280
6.7001,180963
6.7041,181123
6.7082,181126
6.7122,180630
6.7164,180618
6.7165,181026
6.7204,180613
6.7247,180920
6.7292,180857
6.7327,180858
6.7368,180550
6.7411,181078
6.7455,181082
6.7491,180912
6.7532,181180
6.7573,180615
6.7620,180851
6.7655,180526
6.7695,181154
6.7737,180996
6.7781,180533
6.7819,180460
6.7860,181038
6.7901,180694
6.7943,181387
6.7983,180814
6.8024,180504
6.8065,181346
6.8105,181551
6.8153,180635
6.8187,181071
6.8228,180817
6.8273,180808
6.8311,180706
6.8354,180801
6.8394,180216
6.8434,181741
6.8444,181425
6.8474,180431
6.8514,180762
6.8555,180464
6.8601,180334
6.8638,181256
6.8679,181172
6.8719,181142
6.8766,180685
6.8803,180601
6.8842,181087
6.8883,181129
6.8926,181304
6.8969,180411
6.9006,180176
6.9047,181170
6.9089,180433
6.9136,180468
6.9170,180835
6.9211,180155
6.9253,180643
6.9297,181140
6.9334,181282
6.9375,181287
6.9417,180796
6.9462,180574
6.9498,180595
6.9538,181124
6.9580,180869
6.9623,180774
6.9663,180466
6.9704,180213
6.9705,179904
6.9744,180335
6.9785,180152
6.9825,180300
6.9867,180360
6.9908,180821
6.9949,180957
6.9989,180375
7.0030,181282
7.0072,181485
7.0113,181567
7.0153,180774
7.0194,181281
7.0235,181431
7.0277,181114
7.0317,180988
7.0358,181307
7.0400,181374
7.0442,181542
7.0481,181309
7.0522,181211
7.0563,181161
7.0606,181058
7.0645,181306
7.0686,181547
7.0726,181633
7.0774,181546
7.0809,180933
7.0849,181441
7.0890,181353
7.0934,181353
7.0972,181138
7.0973,180805
7.1013,181456
7.1054,181391
7.1100,180948
7.1137,181321
7.1177,181752
7.1218,181167
7.1266,180869
7.1300,180885
7.1341,181471
7.1382,181554
7.1430,181422
7.1464,181163
7.1506,181141
7.1546,181143
7.1587,181198
7.1628,181749
7.1668,181548
7.1709,181180
7.1751,181520
7.1792,181563
7.1832,181057
7.1874,181014
7.1916,181440
7.1955,181235
7.1996,181574
7.2037,181705
7.2079,181250
7.2119,181558
7.2160,180912
7.2203,181338
7.2242,181083
7.2243,180883
7.2283,180516
7.2324,180861
7.2365,181820
7.2409,181046
7.2447,180667
7.2488,180723
7.2529,180889
7.2571,181210
7.2611,180836
7.2652,180868
7.2692,180780
7.2734,181342
7.2776,181320
7.2815,181317
7.2856,180755
7.2898,181342
7.2943,181539
7.2979,180425
7.3020,180814
7.3061,180862
7.3106,180639
7.3143,180592
7.3184,180415
7.3225,180202
7.3270,180785
7.3308,181023
7.3349,181523
7.3391,180530
7.3442,180044
7.3473,180659
7.3513,180862
7.3514,180493
7.3553,180597
7.3596,180765
7.3635,181142
7.3676,180341
7.3718,180587
7.3764,180656
7.3798,180999
7.3839,180819
7.3881,180647
7.3930,180495
7.3962,180587
7.4003,181014
7.4044,181145
7.4086,180851
7.4127,181004
7.4167,180724
7.4208,181185
7.4250,180825
7.4290,181058
7.4331,181079
7.4372,181579
7.4413,181563
7.4454,181124
7.4494,181025
7.4536,181086
7.4577,180269
7.4618,181213
7.4658,180872
7.4700,180433
7.4742,180786
7.4783,180992
7.4824,180789
7.4825,180856
7.4864,181441
7.4905,181076
7.4946,180743
7.4987,181137
7.5028,180769
7.5069,181017
7.5110,181365
7.5150,181010
7.5191,180796
7.5232,181070
7.5278,181436
7.5315,181429
7.5356,181233
7.5397,180802
7.5440,181323
7.5479,181310
7.5520,181216
7.5561,180856
7.5603,181620
7.5641,181029
7.5682,181775
7.5723,181301
7.5767,181061
7.5806,181390
7.5847,180699
7.5888,180845
7.5932,181450
7.5970,181426
7.6013,181343
7.6054,181193
7.6096,180425
7.6105,181901
7.6133,180771
7.6174,180873
7.6215,180723
7.6261,180712
7.6298,180519
7.6338,180867
7.6380,180338
7.6427,180496
7.6461,180784
7.6503,180839
7.6543,180705
7.6584,180990
7.6626,181111
7.6666,180989
7.6708,181367
7.6748,181091
7.6788,180714
7.6830,181240
7.6871,180780
7.6913,180919
7.6953,180782
7.6993,181179
7.7034,180954
7.7075,180572
7.7116,180663
7.7158,180476
7.7198,181081
7.7239,180766
7.7281,180986
7.7322,180443
7.7364,180898
7.7365,181184
7.7404,180880
7.7444,180992
7.7485,180506
7.7525,180347
7.7568,180705
7.7608,180539
7.7649,180887
7.7690,180724
7.7731,181150
7.7777,180661
7.7812,180208
7.7854,181073
7.7896,181122
7.7939,181275
7.7976,180971
7.8017,180982
7.8058,181576
7.8105,181396
7.8140,180390
7.8181,180818
7.8222,181072
7.8272,180753
7.8304,180595
7.8345,180731
7.8386,181121
7.8430,181030
7.8468,181301
7.8509,181267
7.8550,180854
7.8594,181118
7.8632,180916
7.8633,180653
7.8673,181197
7.8713,181142
7.8759,180981
7.8795,181136
7.8836,180351
7.8877,181066
7.8923,180945
7.8959,181230
7.9000,180738
7.9041,181209
7.9083,181114
7.9123,180403
7.9164,180781
7.9205,180764
7.9246,180851
7.9287,181015
7.9328,180607
7.9369,181048
7.9411,180777
7.9452,181190
7.9492,181528
7.9532,180785
7.9574,181239
7.9615,181179
7.9656,181519
7.9696,181212
7.9739,181395
7.9779,180761
7.9820,180970
7.9862,181058
7.9902,180657
7.9905,180868
7.9945,180573
7.9983,180855
8.0025,181482
8.0066,180478
8.0108,181641
8.0147,181244
8.0188,180701
8.0229,181219
8.0273,181548
8.0311,181143
8.0352,180611
8.0394,180784
8.0438,181195
8.0475,180877
8.0516,181343
8.0557,180996
8.0602,180972
8.0638,181223
8.0680,181106
8.0721,180887
8.0767,180972
8.0802,180901
8.0844,180735
8.0884,181064
8.0930,181204
8.0966,180955
8.1007,181097
8.1048,181050
8.1091,180848
8.1130,180674
8.1172,181239
8.1173,181189
8.1212,180792
8.1257,180981
8.1294,181653
8.1335,181289
8.1376,180528
8.1421,181434
8.1458,180906
8.1499,181414
8.1540,181388
8.1581,181127
8.1624,180901
8.1663,180808
8.1703,180601
8.1744,180790
8.1785,180985
8.1827,180525
8.1867,180781
8.1910,180506
8.1950,180587
8.1991,180572
8.2032,181186
8.2074,180948
8.2113,181158
8.2155,180936
8.2195,180991
8.2236,181043
8.2277,180705
8.2319,181129
8.2359,181187
8.2400,181393
8.2443,180929
8.2484,181466
8.2485,180744
8.2523,180711
8.2564,180551
8.2605,180203
8.2646,180456
8.2687,180606
8.2727,180783
8.2771,181146
8.2811,180302
8.2850,180935
8.2892,180556
8.2938,180929
8.2973,181037
8.3014,180961
8.3057,180548
8.3100,180632
8.3137,180246
8.3178,180181
8.3219,180450
8.3263,179648
8.3306,179731
8.3342,180280
8.3383,180632
8.3428,180470
8.3465,180873
8.3505,180093
8.3546,180678
8.3592,180893
8.3633,181382
8.3672,181026
8.3711,181437
8.3753,180395
8.3758,180547
8.3792,181286
8.3833,180623
8.3874,180585
8.3916,180237
8.3956,181116
8.3997,180459
8.4038,180681
8.4080,181075
8.4121,180679
8.4161,180558
8.4203,180479
8.4243,180455
8.4284,179909
8.4325,180921
8.4366,180403
8.4409,181018
8.4448,181264
8.4488,180993
8.4529,180702
8.4572,180697
8.4612,180495
8.4652,180560
8.4694,180770
8.4736,180696
8.4776,180588
8.4816,180934
8.4858,180930
8.4900,180545
8.4940,180530
8.4982,180689
8.5022,180843
8.5024,181092
8.5063,180907
8.5104,180731
8.5144,180891
8.5185,180400
8.5227,180156
8.5267,180212
8.5308,180937
8.5349,180788
8.5390,180901
8.5436,181010
8.5471,180922
8.5512,181040
8.5554,181372
8.5596,181053
8.5637,181359
8.5678,180740
8.5718,180918
8.5763,181144
8.5799,180896
8.5840,180870
8.5881,181047
8.5927,180367
8.5964,180631
8.6004,181017
8.6045,181583
8.6089,180413
8.6127,180357
8.6168,180502
8.6209,180557
8.6255,181007
8.6292,180536
8.6293,181162
8.6332,180392
8.6373,180347
8.6418,180526
8.6455,180975
8.6496,180901
8.6537,180818
8.6578,181096
8.6619,180580
8.6660,180780
8.6701,180975
8.6742,180404
8.6782,181652
8.6823,180673
8.6865,181226
8.6906,180746
8.6946,180364
8.6987,180558
8.7029,180584
8.7070,180839
8.7110,180889
8.7151,180939
8.7193,180390
8.7235,181210
8.7274,180745
8.7316,181033
8.7356,181407
8.7398,180728
8.7441,180821
8.7479,180655
8.7522,180883
8.7561,181578
8.7562,181220
8.7602,181104
8.7643,180726
8.7684,180156
8.7725,179994
8.7769,180035
8.7806,181085
8.7848,180227
8.7888,180248
8.7931,180747
8.7970,180055
8.8011,180420
8.8054,180734
8.8099,180810
8.8134,180579
8.8175,179712
8.8216,180051
8.8261,180673
8.8298,180200
8.8339,180319
8.8380,180916
8.8424,180451
8.8463,180532
8.8503,180325
8.8544,180974
8.8588,180695
8.8626,180878
8.8667,180083
8.8708,180576
8.8752,180673
8.8793,180550
8.8833,180901
8.8834,180869
8.8872,181280
8.8916,180934
8.8953,181088
8.8994,180368
8.9035,180680
8.9077,180702
8.9118,180895
8.9159,180779
8.9200,180349
8.9240,180400
8.9282,180628
8.9323,180443
8.9364,179889
8.9406,180833
8.9449,179860
8.9485,180695
8.9526,180725
8.9568,180729
8.9609,180853
8.9650,180868
8.9690,180089
8.9732,181077
8.9772,180401
8.9813,181088
8.9856,180560
8.9896,180947
8.9938,180752
8.9977,180813
9.0018,180913
9.0060,180900
9.0102,180161
9.0103,181218
9.0141,180923
9.0182,181015
9.0223,181249
9.0269,181171
9.0305,180616
9.0346,181036
9.0387,180782
9.0430,181221
9.0469,181002
9.0510,180565
9.0550,181328
9.0596,180660
9.0633,181133
9.0673,180527
9.0714,180675
9.0758,181141
9.0796,180722
9.0837,180804
9.0878,181007
9.0926,181216
9.0960,180926
9.1001,181118
9.1042,181085
9.1084,181567
9.1124,180624
9.1165,180913
9.1206,180602
9.1252,180472
9.1288,180684
9.1331,180011
9.1371,179939
9.1411,180461
9.1412,180517
9.1453,180645
9.1493,180485
9.1533,180655
9.1575,180171
9.1615,180175
9.1656,180867
9.1697,180475
9.1738,180183
9.1781,180655
9.1820,180220
9.1861,180425
9.1903,181036
9.1943,180177
9.1984,180239
9.2025,180616
9.2067,180260
9.2107,180501
9.2149,180687
9.2189,180631
9.2231,179930
9.2271,180385
9.2313,180378
9.2353,180812
9.2394,180466
9.2435,181064
9.2475,180833
9.2516,180555
9.2558,180708
9.2601,180230
9.2641,180708
9.2682,181036
9.2683,180774
9.2722,181881
9.2762,180828
9.2804,180955
9.2845,181161
9.2886,181026
9.2933,180896
9.2967,180712
9.3008,181050
9.3051,181301
9.3095,180754
9.3132,180680
9.3173,180242
9.3213,181203
9.3260,181487
9.3295,181638
9.3337,180568
9.3378,180532
9.3424,180704
9.3459,180959
9.3500,181258
9.3541,180647
9.3588,180325
9.3623,181654
9.3664,180736
9.3705,180439
9.3754,180403
9.3787,181014
9.3828,180991
9.3871,180917
9.3911,180712
9.3951,180716
9.3953,180745
9.3991,180768
9.4033,181073
9.4073,180902
9.4114,180890
9.4155,180749
9.4195,180911
9.4238,180926
9.4278,180509
9.4319,180780
9.4359,180643
9.4401,180950
9.4445,180706
9.4483,181080
9.4523,181013
9.4565,181107
9.4608,180933
9.4649,181078
9.4688,181161
9.4728,180728
9.4771,180920
9.4810,180557
9.4851,180631
9.4894,180751
9.4933,180673
9.4974,181154
9.5016,180625
9.5058,180969
9.5097,181105
9.5138,180918
9.5182,180905
9.5220,181224
9.5223,180698
9.5266,181130
9.5302,180805
9.5344,181211
9.5384,181032
9.5427,180979
9.5465,181623
9.5506,180988
9.5549,180563
9.5592,180308
9.5630,180844
9.5670,179905
9.5711,180692
9.5754,180787
9.5794,180521
9.5834,181305
9.5875,181055
9.5921,180696
9.5957,181251
9.5999,181128
9.6039,181053
9.6086,180707
9.6121,180875
9.6162,181322
9.6203,180488
9.6248,180623
9.6285,180922
9.6326,181166
9.6366,180133
9.6414,180636
9.6450,181480
9.6491,180945
9.6492,180451
9.6530,180994
9.6572,180593
9.6613,180649
9.6653,180595
9.6694,180532
9.6735,180794
9.6777,180649
9.6817,180668
9.6859,180518
9.6899,179896
9.6940,180962
9.6981,181352
9.7022,180770
9.7063,181076
9.7104,180209
9.7145,180978
9.7186,181234
9.7228,180643
9.7268,180729
9.7309,180479
9.7350,180618
9.7391,180908
9.7432,180862
9.7472,180632
9.7513,181232
9.7555,180538
9.7600,181109
9.7636,180925
9.7677,180875
9.7719,180467
9.7761,180641
9.7762,180729
9.7800,180747
9.7841,180768
9.7883,180532
9.7928,181214
9.7964,180834
9.8005,180760
9.8047,180276
9.8092,180376
9.8128,179956
9.8170,180212
9.8210,180399
9.8255,180894
9.8293,180539
9.8333,180597
9.8374,180441
9.8419,180262
9.8457,180163
9.8497,180017
9.8538,180615
9.8586,180738
9.8619,181282
9.8660,180463
9.8701,180408
9.8747,180838
9.8784,180562
9.8824,180545
9.8866,180593
9.8915,180829
9.8948,180779
9.8990,181058
9.9031,180813
9.9032,181030
9.9071,181031
9.9111,180692
9.9153,180483
9.9194,180957
9.9234,180198
9.9275,181043
9.9316,180421
9.9358,180547
9.9399,180338
9.9441,180740
9.9480,180724
9.9521,180717
9.9563,180423
9.9603,180551
9.9643,181224
9.9684,180258
9.9729,180626
9.9766,180874
9.9808,180270
9.9848,180426
9.9891,180203
9.9930,180446
9.9971,180521
10.0012,181045
10.0056,180960
10.0097,180926
10.0136,180903
10.0177,179950
10.0217,180658
10.0259,180869
10.0303,180658
10.0304,180495
10.0341,180753
10.0382,180352
10.0428,180711
10.0462,180776
10.0503,180572
10.0545,180817
10.0589,180302
10.0628,180351
10.0668,180749
10.0709,180888
10.0756,180960
10.0791,180940
10.0832,180804
10.0873,180674
10.0916,180683
10.0954,181174
10.0996,180459
10.1036,180755
10.1078,180559
10.1119,180203
10.1160,180836
10.1200,180518
10.1245,180618
10.1282,180217
10.1324,180852
10.1363,180555
10.1405,180418
10.1447,180320
10.1487,180393
10.1530,180819
10.1571,180497
10.1609,180502
10.1611,180554
10.1652,180511
10.1691,180362
10.1733,180511
10.1773,180093
10.1815,180554
10.1856,181015
10.1896,180753
10.1937,180772
10.1978,180383
10.2019,180220
10.2061,180571
10.2101,181081
10.2142,180159
10.2183,180980
10.2224,180029
10.2265,180249
10.2306,180563
10.2347,180511
10.2390,180624
10.2429,180840
10.2469,180395
10.2510,180415
10.2552,180662
10.2595,180503
10.2634,180933
10.2674,180751
10.2716,180364
10.2760,180238
10.2800,180128
10.2840,180371
10.2879,180559
10.2882,180563
10.2926,180684
10.2961,180640
10.3003,180430
10.3044,180952
10.3091,180974
10.3125,180525
10.3166,180784
10.3206,180428
10.3249,180777
10.3289,179988
10.3330,180782
10.3371,180326
10.3416,180566
10.3453,180687
10.3493,180765
10.3534,180216
10.3580,179849
10.3616,179915
10.3657,179919
10.3698,179767
10.3744,180355
10.3780,180851
10.3821,180390
10.3862,180628
10.3908,180777
10.3946,180741
10.3985,180984
10.4026,179623
10.4068,180163
10.4109,180272
10.4151,181147
10.4152,180620
10.4191,180189
10.4231,180498
10.4273,179943
10.4314,180135
10.4354,180343
10.4396,180654
10.4436,180396
10.4476,180902
10.4518,180792
10.4559,180204
10.4600,179970
10.4641,180315
10.4682,180149
10.4723,180366
10.4767,180399
10.4805,179871
10.4846,180183
10.4888,180679
10.4935,179942
10.4968,180082
10.5010,180177
10.5051,180097
10.5091,180360
10.5133,180208
10.5173,180626
10.5214,180194
10.5260,180212
10.5296,179768
10.5337,180801
10.5379,179661
10.5420,179701
10.5421,179433
10.5460,179926
10.5501,179494
10.5543,179594
10.5586,179774
10.5623,180103
10.5664,179585
10.5705,179777
10.5749,180015
10.5788,179331
10.5829,179806
10.5870,179381
10.5914,179941
10.5951,179746
10.5992,180229
10.6033,179876
10.6075,179451
10.6115,180298
10.6157,180398
10.6197,179817
10.6244,179526
10.6280,180085
10.6321,179835
10.6361,179895
10.6405,180227
10.6443,180364
10.6484,179725
10.6524,180604
10.6572,180517
10.6607,179918
10.6649,180205
10.6690,180051
10.6691,179514
10.6730,179742
10.6770,179824
10.6812,179447
10.6853,180297
10.6894,180148
10.6934,180399
10.6976,180408
10.7016,180303
10.7058,179830
10.7098,180386
10.7139,180368
10.7180,180375
10.7221,180045
10.7262,180546
10.7303,179894
10.7345,180679
10.7387,180173
10.7425,180162
10.7467,180043
10.7508,179750
10.7550,179367
10.7592,179549
10.7631,180085
10.7672,180201
10.7718,180112
10.7766,180211
10.7804,179593
10.7837,179409
10.7876,179763
10.7918,179593
10.7960,180002
10.7962,180065
10.7999,180143
10.8040,179682
10.8084,179367
10.8122,180272
10.8163,180815
10.8204,180043
10.8252,179772
10.8286,179881
10.8326,179796
10.8367,180229
10.8413,180327
10.8450,180702
10.8490,180203
10.8531,180741
10.8575,179762
10.8613,180270
10.8654,179134
10.8695,180688
10.8741,179713
10.8777,180241
10.8818,180451
10.8859,180419
10.8900,180370
10.8941,180295
10.8982,180243
10.9023,180315
10.9064,179406
10.9105,180014
10.9146,179851
10.9190,180478
10.9230,180451
10.9231,180230
10.9269,180371
10.9310,180171
10.9350,179640
10.9393,180277
10.9435,179820
10.9474,180560
10.9514,180521
10.9556,180599
10.9600,180332
10.9637,179872
10.9678,180014
10.9722,180387
10.9762,180862
10.9801,180707
10.9842,180377
10.9884,180733
10.9926,180300
10.9965,179709
11.0006,180702
11.0047,180358
11.0088,180308
11.0129,180150
11.0169,179713
11.0211,180435
11.0252,180165
11.0293,179598
11.0333,180163
11.0375,179563
11.0419,180346
11.0458,180477
11.0501,180133
11.0541,180452
11.0544,179816
11.0582,180038
11.0620,180130
11.0661,179604
11.0702,179787
11.0746,180271
11.0784,179501
11.0825,179895
11.0866,179541
11.0912,180014
11.0948,179326
11.0989,179305
11.1030,179556
11.1074,179739
11.1112,179456
11.1153,179734
11.1194,180301
11.1239,179959
11.1276,180520
11.1317,179724
11.1357,180240
11.1399,179680
11.1440,179623
11.1480,179984
11.1521,180485
11.1563,179429
11.1603,179997
11.1644,179270
11.1685,179896
11.1729,179937
11.1768,179472
11.1808,180210
11.1810,179895
11.1849,180900
11.1890,179514
11.1931,180569
11.1972,179815
11.2013,179843
11.2054,180629
11.2095,179751
11.2136,180105
11.2176,180146
11.2218,179679
11.2259,180894
11.2300,180162
11.2340,180186
11.2382,180267
11.2425,180501
11.2463,180369
11.2504,181020
11.2547,179898
11.2590,180030
11.2627,180366
11.2668,179961
11.2709,179350
11.2753,180215
11.2791,180181
11.2832,180624
11.2873,180523
11.2920,179956
11.2955,179723
11.2999,180031
11.3038,179979
11.3080,180618
11.3081,180027
11.3119,180207
11.3160,179994
11.3201,180646
11.3247,180578
11.3283,180506
11.3323,180529
11.3365,180562
11.3409,180343
11.3447,180458
11.3487,180789
11.3528,180587
11.3574,180411
11.3610,180190
11.3651,180672
11.3692,180370
11.3736,180177
11.3774,180360
11.3815,180263
11.3856,180512
11.3898,180247
11.3938,181082
11.3979,180984
11.4020,180469
11.4061,180947
11.4102,180280
11.4143,180513
11.4184,179843
11.4225,181020
11.4266,180402
11.4308,180421
11.4348,180492
11.4348,180413
11.4389,180334
11.4429,180300
11.4470,180221
11.4511,180460
11.4552,180267
11.4594,180573
11.4634,180294
11.4675,180676
11.4717,180456
11.4757,180708
11.4798,180675
11.4839,180580
11.4880,180415
11.4921,180669
11.4962,180348
11.5003,180362
11.5045,180581
11.5085,180413
11.5126,179677
11.5166,180897
11.5208,180471
11.5249,180461
11.5290,180699
11.5330,180532
11.5372,180450
11.5415,180316
11.5453,180369
11.5494,180491
11.5536,180736
11.5577,180728
11.5620,181134
11.5622,180972
11.5658,180306
11.5699,180745
11.5744,180064
11.5781,180487
11.5822,180553
11.5863,180071
11.5905,180250
11.5945,180476
11.5986,180338
11.6027,180509
11.6069,180240
11.6109,180034
11.6149,179864
11.6191,180370
11.6237,180136
11.6273,179998
11.6313,179667
11.6355,180587
11.6400,180772
11.6436,181048
11.6477,180366
11.6518,179990
11.6561,179972
11.6600,180099
11.6641,180571
11.6682,180960
11.6723,180214
11.6764,180530
11.6805,180303
11.6847,180097
11.6889,180299
11.6890,180426
11.6932,180185
11.6969,180273
11.7010,180844
11.7051,180489
11.7095,180589
11.7133,180193
11.7174,180108
11.7215,180340
11.7256,179420
11.7296,179389
11.7337,179937
11.7379,180284
11.7421,179859
11.7460,180486
11.7501,179744
11.7542,180326
11.7584,180518
11.7624,179720
11.7665,180190
11.7707,180160
11.7748,180169
11.7788,180556
11.7829,180144
11.7871,180153
11.7912,180097
11.7952,180457
11.7993,180426
11.8034,180025
11.8080,180357
11.8119,180526
11.8159,180139
11.8160,180283
11.8198,180454
11.8242,179866
11.8280,180413
11.8321,179995
11.8362,180561
11.8410,180225
11.8444,179880
11.8485,180787
11.8526,179614
11.8568,180060
11.8608,180180
11.8648,180201
11.8689,180394
11.8733,179659
11.8771,179916
11.8812,180068
11.8853,180317
11.8894,180230
11.8939,179741
11.8976,180063
11.9017,180393
11.9058,180748
11.9099,179960
11.9139,180369
11.9180,180481
11.9222,180218
11.9263,180273
11.9304,180772
11.9345,180886
11.9389,180223
11.9428,180492
11.9428,180765
11.9467,180504
11.9508,180421
11.9551,180264
11.9593,179732
11.9631,180055
11.9672,180735
11.9716,180664
11.9755,180637
11.9795,180026
11.9836,180882
11.9877,180363
11.9923,180709
11.9959,180359
12.0000,180899
12.0043,180706
12.0084,180461
12.0123,180632
12.0163,180369
12.0206,180677
12.0250,180262
12.0287,180044
12.0327,180837
12.0369,180491
12.0415,180359
12.0451,180737
12.0491,180402
12.0532,180300
12.0576,180602
12.0614,180513
12.0657,180685
12.0697,180712
12.0737,180914
12.0738,180867
12.0778,180650
12.0819,180944
12.0860,180930
12.0906,180852
12.0942,180780
12.0983,180668
12.1024,180718
12.1066,180598
12.1106,180526
12.1146,180253
12.1187,180811
12.1235,180531
12.1270,180386
12.1310,180899
12.1352,180375
12.1394,180269
12.1433,180082
12.1474,180209
12.1515,179970
12.1556,180563
12.1597,180542
12.1638,180876
12.1679,180103
12.1720,180060
12.1761,180921
12.1802,180088
12.1843,179630
12.1885,180443
12.1928,180232
12.1967,180505
12.2007,180464
12.2008,180499
12.2048,180724
12.2092,180081
12.2130,180592
12.2171,180298
12.2212,180584
12.2253,180391
12.2293,181068
12.2334,180318
12.2377,180347
12.2417,180799
12.2457,180442
12.2499,180170
12.2539,180819
12.2581,180172
12.2621,180722
12.2662,180255
12.2703,180921
12.2744,180284
12.2785,180113
12.2826,180552
12.2868,180333
12.2912,180481
12.2949,181083
12.2990,180634
12.3031,181367
12.3074,181071
12.3113,180620
12.3154,181059
12.3199,180319
12.3236,180553
12.3278,180541
12.3280,181002
12.3318,180466
12.3359,180307
12.3404,180254
12.3440,180604
12.3481,180111
12.3522,180739
12.3568,179992
12.3604,180824
12.3645,180288
12.3686,180188
12.3732,180386
12.3768,180355
12.3809,180604
12.3850,179751
12.3896,179869
12.3933,179969
12.3973,179906
12.4014,179859
12.4055,180005
12.4098,180051
12.4137,179924
12.4177,180110
12.4219,180236
12.4260,180619
12.4301,180149
12.4342,180576
12.4383,180057
12.4424,180233
12.4466,180421
12.4508,180571
12.4548,180704
12.4549,180704
12.4591,180560
12.4628,180692
12.4669,180858
12.4711,180647
12.4756,180433
12.4792,180430
12.4833,180453
12.4875,180250
12.4925,180247
12.4963,180144
12.4997,179465
12.5038,179878
12.5079,179901
12.5120,179739
12.5160,180330
12.5202,180216
12.5248,179966
12.5284,180016
12.5325,180636
12.5366,180358
12.5408,180220
12.5447,180967
12.5488,181088
12.5529,180625
12.5578,180447
12.5612,179988
12.5652,180670
12.5693,180140
12.5741,179035
12.5777,179970
12.5818,179749
12.5818,180173
12.5857,180687
12.5899,180086
12.5940,179889
12.5980,180426
12.6020,179845
12.6067,180042
12.6105,180275
12.6143,180527
12.6185,179951
12.6229,180771
12.6266,180462
12.6308,180677
12.6348,180927
12.6395,180034
12.6431,180220
12.6471,180500
12.6512,180452
12.6554,180130
12.6595,180040
12.6635,180034
12.6676,181015
12.6732,180447
12.6758,180101
12.6799,181071
12.6840,180756
12.6883,180346
12.6927,180825
12.6963,180242
12.7004,179898
12.7047,180437
12.7088,180211
12.7089,179742
12.7127,179683
12.7167,179797
12.7210,179767
12.7253,179621
12.7290,179985
12.7331,179801
12.7375,180040
12.7418,179920
12.7454,180128
12.7495,179757
12.7537,179920
12.7581,179900
12.7618,180039
12.7659,180333
12.7701,180514
12.7743,179960
12.7782,180081
12.7823,180243
12.7865,180234
12.7908,180253
12.7946,180282
12.7987,180770
12.8027,180188
12.8075,180549
12.8110,180233
12.8151,180781
12.8192,180880
12.8237,179719
12.8274,180227
12.8316,180019
12.8357,180102
12.8357,180422
12.8399,180068
12.8440,180952
12.8478,180609
12.8519,179950
12.8562,180609
12.8605,180591
12.8642,180663
12.8683,180689
12.8727,180184
12.8768,180275
12.8806,180864
12.8847,180533
12.8892,180256
12.8933,180478
12.8970,180409
12.9011,180100
12.9052,180439
12.9097,180295
12.9134,180783
12.9174,180532
12.9216,180344
12.9260,180602
12.9298,180887
12.9338,180740
12.9380,180494
12.9424,180195
12.9461,180698
12.9502,180110
12.9544,180438
12.9587,180583
12.9627,180388
12.9667,180416
12.9669,180390
12.9708,180724
12.9748,180708
12.9789,180569
12.9830,180628
12.9873,179866
12.9915,180143
12.9953,180188
12.9994,180301
13.0037,180060
13.0076,180175
13.0117,180768
13.0158,180221
13.0198,180036
13.0240,180674
13.0281,180253
13.0322,180510
13.0363,180993
13.0406,180391
13.0444,180729
13.0485,180443
13.0526,180487
13.0567,180316
13.0608,180347
13.0649,179829
13.0690,180136
13.0738,180642
13.0772,179937
13.0813,180124
13.0856,180402
13.0896,180050
13.0936,179759
13.0937,179965
13.0977,180354
13.1018,179854
13.1062,180562
13.1100,180259
13.1141,180149
13.1182,180142
13.1227,180598
13.1264,180654
13.1304,180239
13.1345,180131
13.1389,180883
13.1427,180377
13.1468,180200
13.1509,180173
13.1550,180185
13.1591,180266
13.1634,180380
13.1673,180577
13.1714,180463
13.1755,180110
13.1796,180531
13.1837,180599
13.1879,179863
13.1919,180260
13.1960,179781
13.2000,180078
13.2043,180184
13.2084,180592
13.2126,180157
13.2166,180000
13.2206,180503
13.2207,180585
13.2247,180083
13.2287,180181
13.2329,179640
13.2370,179912
13.2411,179733
13.2451,179578
13.2492,180167
13.2533,179676
13.2578,180330
13.2616,180601
13.2656,180114
13.2697,180314
13.2739,180540
13.2779,180429
13.2820,180092
13.2861,179921
13.2902,180776
13.2943,180571
13.2984,180288
13.3027,180084
13.3066,180330
13.3107,180553
13.3147,179641
13.3189,180485
13.3234,179924
13.3271,180178
13.3312,180100
13.3352,179833
13.3401,180453
13.3436,180132
13.3477,179607
13.3479,180470
13.3516,179901
13.3558,180422
13.3598,180136
13.3639,179862
13.3680,179852
13.3724,179993
13.3762,180775
13.3803,180587
13.3844,180106
13.3890,180202
13.3926,180084
13.3967,179740
13.4008,180106
13.4049,179864
13.4090,180028
13.4130,179687
13.4172,180069
13.4213,180632
13.4254,180464
13.4295,179550
13.4335,180136
13.4376,180585
13.4417,180662
13.4458,180699
13.4499,180088
13.4541,180414
13.4581,180318
13.4622,179780
13.4663,180463
13.4705,180111
13.4746,180202
13.4747,179960
13.4786,179856
13.4827,180458
13.4870,180533
13.4914,180284
13.4950,179777
13.4991,180193
13.5032,180145
13.5077,180329
13.5114,180490
13.5154,180302
13.5196,180118
13.5239,180886
13.5278,180262
13.5318,179704
13.5360,180188
13.5404,180345
13.5441,180504
13.5482,180034
13.5523,180010
13.5570,179975
13.5605,179803
13.5646,180076
13.5687,179848
13.5735,179327
13.5769,179621
13.5810,179336
13.5851,179475
13.5894,179603
13.5933,180048
13.5977,179391
13.6016,179832
13.6017,180127
13.6060,180059
13.6098,179832
13.6138,180130
13.6179,179407
13.6222,180363
13.6261,180118
13.6301,179877
13.6342,180278
13.6389,180063
13.6424,179498
13.6465,179710
13.6506,180030
13.6547,179952
13.6589,179741
13.6629,180028
13.6670,180641
13.6712,180559
13.6752,180662
13.6793,180344
13.6834,180309
13.6876,180621
13.6916,180328
13.6957,180662
13.6998,180127
13.7039,180827
13.7080,180745
13.7120,180912
13.7162,180263
13.7203,179921
13.7246,179957
13.7285,179836
13.7286,179488
13.7325,179838
13.7367,180365
13.7407,179931
13.7448,179448
13.7489,179962
13.7530,180130
13.7571,179852
13.7612,179687
13.7653,179337
13.7694,180052
13.7735,179762
13.7776,180433
13.7817,180500
13.7858,180069
13.7900,180109
13.7940,179411
13.7981,180110
13.8023,180345
13.8067,180168
13.8104,180377
13.8144,180356
13.8185,180057
13.8235,180043
13.8268,180216
13.8309,180092
13.8349,179863
13.8393,179786
13.8432,179657
13.8472,180489
13.8514,179468
13.8559,179521
13.8596,180067
13.8597,179616
13.8636,180128
13.8677,180150
13.8723,180044
13.8759,179933
13.8800,180315
13.8841,179351
13.8887,179708
13.8923,180066
13.8964,179708
13.9004,179821
13.9046,179791
13.9087,179415
13.9127,180885
13.9169,180617
13.9210,180015
13.9251,180426
13.9292,180244
13.9333,180224
13.9375,180411
13.9415,180739
13.9455,180586
13.9496,180296
13.9537,180027
13.9578,179955
13.9619,179744
13.9660,180721
13.9702,180349
13.9742,179798
13.9784,179733
13.9825,179669
13.9864,180040
13.9866,180269
13.9906,180256
13.9947,180781
13.9988,179938
14.0031,179778
14.0070,181021
14.0110,180362
14.0152,180648
14.0196,180504
14.0236,180716
14.0274,180318
14.0315,180340
14.0356,179920
14.0402,180403
14.0438,180455
14.0479,180217
14.0521,180502
14.0567,180144
14.0602,180249
14.0643,180495
14.0684,180031
14.0733,180211
14.0766,180262
14.0807,179944
14.0848,180196
14.0894,180486
14.0930,180277
14.0971,180465
14.1012,179760
14.1057,179933
14.1094,179679
14.1136,180235
14.1136,180836
14.1175,180542
14.1221,180377
14.1257,179860
14.1298,180344
14.1339,179983
14.1384,180795
14.1421,180359
14.1463,180268
14.1503,180378
14.1544,180072
14.1585,180224
14.1626,180374
14.1667,180695
14.1709,179776
14.1749,179974
14.1790,180628
14.1831,181137
14.1874,179846
14.1913,180061
14.1954,180264
14.1994,180255
14.2036,180574
14.2077,179677
14.2118,179544
14.2159,179763
14.2200,179850
14.2241,179953
14.2281,180512
14.2322,180430
14.2365,180388
14.2405,180277
14.2406,180249
14.2445,180479
14.2486,180461
14.2530,180146
14.2572,180244
14.2609,179828
14.2650,179624
14.2694,179844
14.2734,180541
14.2773,180918
14.2814,179988
14.2855,179707
14.2899,180021
14.2937,180127
14.2977,180227
14.3020,179801
14.3065,180189
14.3101,179820
14.3142,180149
14.3183,180711
14.3228,179698
14.3265,180186
14.3305,180121
14.3346,179908
14.3391,179716
14.3428,180416
14.3469,180157
14.3510,179665
14.3561,179689
14.3593,179762
14.3635,180729
14.3676,180040
14.3677,180627
14.3724,179936
14.3756,179964
14.3797,179986
14.3838,179579
14.3885,180193
14.3921,180223
14.3961,180164
14.4002,180092
14.4043,179963
14.4084,180198
14.4124,180405
14.4165,180339
14.4207,179756
14.4253,179726
14.4288,179658
14.4329,179732
14.4371,180038
14.4411,180534
14.4452,180132
14.4493,180756
14.4537,180222
14.4578,179996
14.4616,180417
14.4657,180145
14.4700,180262
14.4739,179859
14.4780,179871
14.4821,180845
14.4865,180851
14.4904,180535
14.4945,181007
14.4984,180714
14.4985,180620
14.5026,180206
14.5068,179965
14.5107,180162
14.5148,180218
14.5189,179988
14.5231,180123
14.5272,180148
14.5312,180543
14.5354,180157
14.5399,180681
14.5435,180598
14.5476,180589
14.5517,180152
14.5562,180575
14.5599,180727
14.5640,180487
14.5681,180490
14.5725,180434
14.5763,180538
14.5804,180997
14.5845,179906
14.5886,180677
14.5928,180578
14.5968,180221
14.6009,180281
14.6054,180432
14.6091,180851
14.6132,180202
14.6174,179879
14.6215,180336
14.6254,180545
14.6255,180774
14.6295,180461
14.6336,180317
14.6384,180993
14.6419,180481
14.6459,180762
14.6500,180546
14.6542,180268
14.6582,180493
14.6623,180176
14.6664,179916
14.6705,180255
14.6746,179991
14.6788,180070
14.6828,180636
14.6869,180576
14.6910,180282
14.6951,181047
14.6995,180301
14.7033,180039
14.7075,180332
14.7115,180584
14.7156,180902
14.7197,181016
14.7238,180026
14.7278,180841
14.7319,180504
14.7361,180416
14.7402,180442
14.7442,180725
14.7487,180930
14.7524,180711
14.7527,180651
14.7567,180183
14.7606,180046
14.7647,180327
14.7690,180296
14.7729,180342
14.7770,180346
14.7810,180253
14.7853,180254
14.7893,180449
14.7934,180093
14.7974,180598
14.8016,180060
14.8059,180353
14.8098,180414
14.8138,180347
14.8179,180173
14.8226,180329
14.8261,180158
14.8302,180766
14.8343,180807
14.8391,180279
14.8425,180764
14.8467,180787
14.8508,180140
14.8552,179589
14.8589,179521
14.8630,179502
14.8671,179402
14.8717,179590
14.8755,179867
14.8796,179394
14.8797,180028
14.8835,179608
14.8881,180312
14.8921,180348
14.8957,179827
14.8998,179859
14.9040,179597
14.9085,180440
14.9122,179685
14.9162,180065
14.9204,180413
14.9245,179776
14.9285,180545
14.9326,180181
14.9368,180248
14.9410,179367
14.9449,180314
14.9490,180081
14.9531,181084
14.9577,180850
14.9613,180106
14.9654,179973
14.9695,180096
14.9741,180341
14.9777,179796
14.9818,180180
14.9860,180069
14.9905,180460
14.9941,180111
14.9982,180140
15.0024,180023
15.0065,180439
15.0066,181099
15.0105,180620
15.0145,180367
15.0187,180243
15.0228,180378
15.0268,180529
15.0309,180892
15.0350,180210
15.0397,180105
15.0432,180093
15.0473,180767
15.0514,180550
15.0561,180738
15.0596,180720
15.0637,180924
15.0678,180781
15.0728,181475
15.0760,180655
15.0801,180718
15.0842,180372
15.0890,181045
15.0924,180585
15.0965,179951
15.1006,180414
15.1053,181056
15.1088,180055
15.1128,180775
15.1169,179795
15.1214,180345
15.1252,180259
15.1294,180426
15.1335,180001
15.1335,179756
15.1379,180034
15.1416,180630
15.1456,180201
15.1497,180215
15.1538,180970
15.1579,179810
15.1620,179601
15.1661,179824
15.1703,180417
15.1743,180156
15.1784,180533
15.1825,180307
15.1866,179757
15.1911,180200
15.1948,180259
15.1988,180450
15.2030,180026
15.2074,180000
15.2112,180331
15.2152,180433
15.2194,181005
15.2235,180962
15.2275,181150
15.2316,180706
15.2359,180835
15.2402,181062
15.2439,180470
15.2480,180636
15.2523,180467
15.2565,180572
15.2604,180683
15.2646,181027
15.2649,181294
15.2685,180640
15.2726,180961
15.2767,180540
15.2808,180752
15.2849,180992
15.2890,181036
15.2930,180401
15.2972,180313
15.3014,180383
15.3056,180163
15.3095,180901
15.3135,180927
15.3176,180308
15.3224,180575
15.3259,180591
15.3299,180477
15.3340,180450
15.3386,180424
15.3422,180834
15.3463,180128
15.3504,180575
15.3547,180725
15.3588,180479
15.3627,180279
15.3668,179708
15.3713,180000
15.3750,180312
15.3791,179913
15.3834,180208
15.3878,180753
15.3915,179969
15.3916,179706
15.3954,180536
15.3995,180710
15.4037,180019
15.4078,180261
15.4118,180230
15.4159,180729
15.4201,180238
15.4242,180474
15.4283,180772
15.4324,180461
15.4365,179665
15.4408,180589
15.4447,180158
15.4487,180855
15.4529,179838
15.4569,180247
15.4610,180100
15.4652,179622
15.4692,180395
15.4733,179630
15.4774,179959
15.4815,180240
15.4856,179912
15.4900,179815
15.4938,180580
15.4979,179730
15.5019,180455
15.5061,181243
15.5105,180897
15.5143,180824
15.5184,180875
15.5187,180682
15.5225,180597
15.5265,181150
15.5306,180288
15.5348,180773
15.5396,180994
15.5429,180396
15.5470,180245
15.5511,180231
15.5559,180427
15.5593,180169
15.5634,180650
15.5675,180826
15.5723,180742
15.5757,181015
15.5798,180534
15.5839,180263
15.5886,180656
15.5921,180229
15.5962,180754
15.6002,180418
15.6053,180337
15.6085,180426
15.6125,180540
15.6166,180711
15.6213,180575
15.6248,180866
15.6290,180663
15.6330,180542
15.6378,180492
15.6412,180307
15.6454,180549
15.6455,180492
15.6494,180661
15.6535,180645
15.6576,180120
15.6618,180357
15.6658,180332
15.6699,179827
15.6740,179962
15.6781,180218
15.6822,179825
15.6864,180654
15.6904,180437
15.6945,180219
15.6986,180694
15.7027,180169
15.7069,180993
15.7108,180544
15.7150,180465
15.7191,180408
15.7232,180800
15.7273,180693
15.7313,179916
15.7355,180444
15.7400,179765
15.7436,180196
15.7477,180155
15.7521,179911
15.7564,180611
15.7600,180026
15.7641,180047
15.7683,180192
15.7725,179970
15.7726,180614
15.7764,180079
15.7805,180012
15.7846,179385
15.7889,180448
15.7927,180299
15.7968,180208
15.8010,180458
15.8056,180741
15.8092,180394
15.8132,180258
15.8173,179676
15.8220,180265
15.8255,180601
15.8296,180527
15.8337,180710
15.8385,179957
15.8419,180601
15.8460,180331
15.8501,180019
15.8546,180221
15.8583,179992
15.8624,180517
15.8665,180374
15.8710,180480
15.8747,180731
15.8788,181040
15.8829,181303
15.8878,180833
15.8912,180620
15.8953,180737
15.8995,179988
15.8995,180417
15.9034,180035
15.9075,180163
15.9115,179994
15.9156,180519
15.9198,181062
15.9239,180747
15.9279,180953
15.9322,180776
15.9362,181177
15.9404,179897
15.9444,179875
15.9484,180159
15.9525,180676
15.9566,180641
15.9607,180675
15.9648,180615
15.9689,180852
15.9732,180460
15.9771,180630
15.9812,180777
15.9855,181126
15.9894,180241
15.9934,180627
15.9975,181325
16.0017,180843
16.0059,181260
16.0098,180528
16.0139,181085
16.0181,181165
16.0222,181249
16.0263,181118
16.0264,180830
16.0303,180946
16.0345,180420
16.0387,180788
16.0426,180656
16.0467,180946
16.0509,180992
16.0557,181287
16.0590,181098
16.0631,180970
16.0672,180684
16.0717,181049
16.0754,180892
16.0795,181184
16.0836,180806
16.0882,181020
16.0923,181132
16.0959,180508
16.0999,180447
16.1044,180502
16.1082,180677
16.1122,180243
16.1163,180852
16.1210,180655
16.1245,180421
16.1286,180529
16.1327,180267
16.1375,180861
16.1409,180281
16.1450,180200
16.1492,180642
16.1534,179993
16.1543,180464
16.1573,180010
16.1614,179775
16.1655,179763
16.1696,180027
16.1737,180659
16.1778,180689
16.1819,180603
16.1861,180403
16.1901,181233
16.1942,180822
16.1982,180434
16.2025,180920
16.2065,180993
16.2106,180474
16.2147,180274
16.2188,180321
16.2231,180618
16.2275,180843
16.2311,180337
16.2352,180566
16.2397,180870
16.2433,180297
16.2474,179534
16.2515,180335
16.2556,180755
16.2597,180019
16.2638,180593
16.2680,180696
16.2722,180142
16.2762,180886
16.2804,180395
16.2842,180241
16.2844,180742
16.2889,180685
16.2924,180804
16.2966,179659
16.3008,180247
16.3053,180492
16.3089,180496
16.3129,180406
16.3170,180767
16.3215,180381
16.3253,179942
16.3293,180259
16.3335,180571
16.3381,181027
16.3416,181103
16.3457,180975
16.3498,180755
16.3546,180777
16.3581,181001
16.3621,180084
16.3662,180913
16.3708,181339
16.3744,180752
16.3785,180643
16.3826,180448
16.3875,180611
16.3908,180982
16.3948,180738
16.3990,181388
16.4038,180524
16.4073,180982
16.4114,180805
16.4115,180801
16.4154,181572
16.4194,180872
16.4236,180852
16.4277,181236
16.4318,181080
16.4359,181215
16.4399,180532
16.4440,180854
16.4481,180891
16.4522,179840
16.4563,180184
16.4604,180523
16.4645,180278
16.4686,180779
16.4727,180641
16.4767,180417
16.4809,180232
16.4851,180405
16.4891,180287
16.4932,180260
16.4972,180583
16.5014,180069
16.5055,180818
16.5095,180359
16.5136,180197
16.5180,181014
16.5218,180835
16.5259,181190
16.5301,180716
16.5343,181127
16.5384,180904
16.5385,180935
16.5423,181035
16.5464,180250
16.5505,181313
16.5553,180410
16.5587,180744
16.5628,180774
16.5669,180731
16.5717,180629
16.5751,181057
16.5792,181281
16.5833,180386
16.5876,180678
16.5914,180894
16.5955,181027
16.5996,180996
16.6041,180634
16.6079,180813
16.6120,180864
16.6160,180802
16.6208,180405
16.6242,180680
16.6283,180704
16.6325,180576
16.6370,181212
16.6406,180380
16.6447,180684
16.6488,180713
16.6529,180259
16.6573,181139
16.6613,180325
16.6653,180200
16.6654,180457
16.6693,180845
16.6734,180579
16.6775,180614
16.6816,179939
16.6857,179859
16.6898,179937
16.6938,181049
16.6979,180807
16.7022,180653
16.7062,180273
16.7102,180294
16.7143,180432
16.7185,180823
16.7225,180965
16.7266,180748
16.7307,180136
16.7349,180094
16.7389,180895
16.7430,180209
16.7471,180647
16.7513,180224
16.7553,181250
16.7594,180518
16.7635,180323
16.7677,181213
16.7717,180545
16.7758,180759
16.7799,180988
16.7840,180418
16.7884,180567
16.7924,180452
16.7925,180708
16.7962,180469
16.8003,181027
16.8052,180807
16.8086,180956
16.8126,180929
16.8171,181255
16.8210,181149
16.8250,181265
16.8290,181455
16.8331,180892
16.8375,181200
16.8413,181084
16.8454,180958
16.8495,181290
16.8541,181369
16.8577,180864
16.8618,181348
16.8659,180794
16.8704,180636
16.8741,181288
16.8782,180810
16.8823,180278
16.8868,180363
16.8905,180475
16.8945,180596
16.8986,181053
16.9028,179812
16.9069,180960
16.9110,181502
16.9151,180719
16.9193,180536
16.9194,180760
16.9232,180604
16.9278,180976
16.9314,180805
16.9356,180945
16.9397,181518
16.9437,181087
16.9478,181374
16.9519,180664
16.9560,180811
16.9601,181204
16.9642,180838
16.9684,180633
16.9724,180981
16.9765,181016
16.9806,181436
16.9847,181430
16.9888,180479
16.9928,181335
16.9970,181232
17.0011,181031
17.0052,180804
17.0092,180053
17.0134,180905
17.0174,181353
17.0215,180547
17.0256,181377
17.0297,180591
17.0339,180429
17.0385,180512
17.0421,180550
17.0462,180499
17.0463,180869
17.0502,180118
17.0546,180421
17.0584,180187
17.0625,180749
17.0666,179837
17.0711,180995
17.0748,180256
17.0789,180667
17.0830,180819
17.0876,180189
17.0912,180541
17.0952,181299
17.0993,180902
17.1041,181191
17.1076,180944
17.1116,180720
17.1157,180717
17.1199,180708
17.1239,180764
17.1280,180928
17.1321,179857
17.1366,180212
17.1403,181704
17.1444,180699
17.1485,180788
17.1527,180725
17.1567,181227
17.1608,180302
17.1649,180588
17.1693,180488
17.1732,180718
17.1733,180522
17.1772,180424
17.1812,180154
17.1854,180827
17.1895,180808
17.1936,180517
17.1976,180936
17.2019,180427
17.2059,180838
17.2100,181166
17.2140,181029
17.2186,181084
17.2223,181072
17.2263,180890
17.2304,181736
17.2346,181340
17.2386,181538
17.2427,181327
17.2468,180567
17.2509,180804
17.2550,180490
17.2591,181069
17.2632,180540
17.2676,180894
17.2718,180789
17.2755,181087
17.2796,180889
17.2837,180797
17.2882,180648
17.2919,181369
17.2961,180949
17.3002,180695
17.3003,181087
17.3046,180628
17.3083,180699
17.3123,181340
17.3164,180730
17.3210,180934
17.3246,180104
17.3287,181194
17.3328,180773
17.3375,180546
17.3410,180962
17.3451,180726
17.3492,180664
17.3540,180319
17.3574,179973
17.3615,180257
17.3656,180717
17.3701,180351
17.3738,181018
17.3779,179740
17.3820,180706
17.3865,180806
17.3908,180435
17.3943,180751
17.3984,181225
17.4029,181011
17.4066,181022
17.4106,181049
17.4147,180892
17.4189,181529
17.4231,181204
17.4271,180932
17.4311,180729
17.4313,181177
17.4353,181083
17.4393,181478
17.4434,181096
17.4475,180856
17.4516,181200
17.4557,180790
17.4598,180482
17.4639,180663
17.4681,180878
17.4721,180707
17.4762,180373
17.4803,180417
17.4844,180523
17.4885,180555
17.4925,181391
17.4966,181173
17.5007,180561
17.5049,180832
17.5089,180990
17.5130,180713
17.5173,180659
17.5212,181415
17.5253,180579
17.5294,180618
17.5335,180372
17.5376,180529
17.5417,180542
17.5458,180499
17.5500,180244
17.5541,180487
17.5581,180864
17.5582,180820
17.5622,180672
17.5663,179714
17.5706,180299
17.5745,180578
17.5786,179814
17.5827,179919
17.5870,180307
17.5908,180589
17.5949,180688
17.5990,180341
17.6037,180061
17.6073,179736
17.6114,180284
17.6154,180205
17.6198,180306
17.6236,180248
17.6277,179767
17.6318,180401
17.6364,180607
17.6400,181128
17.6441,180795
17.6482,180745
17.6523,180687
17.6564,180360
17.6605,180559
17.6646,181361
17.6687,180131
17.6728,180271
17.6771,181184
17.6810,180631
17.6851,181241
17.6852,180758
17.6892,180856
17.6932,180822
17.6973,180721
17.7015,180665
17.7056,181020
17.7096,180859
17.7137,180551
17.7179,180952
17.7219,180402
17.7260,181764
17.7301,180613
17.7343,180730
17.7383,180584
17.7424,179520
17.7465,180729
17.7506,180461
17.7549,180699
17.7588,180240
17.7629,180377
17.7671,180746
17.7715,179751
17.7752,181339
17.7792,180450
17.7834,180852
17.7878,180219
17.7916,180331
17.7956,180698
17.7998,180420
17.8046,180915
17.8080,181117
17.8120,180814
17.8121,181462
17.8164,180887
17.8207,181376
17.8243,180415
17.8284,180249
17.8325,180818
17.8376,180453
17.8407,180569
17.8448,180628
17.8489,179655
17.8535,179916
17.8571,180863
17.8612,181149
17.8652,180835
17.8695,180217
17.8735,180103
17.8776,180131
17.8817,179852
17.8861,180268
17.8901,180979
17.8939,179966
17.8980,181154
17.9028,180708
17.9062,180429
17.9104,180425
17.9144,180111
17.9185,180356
17.9226,180198
17.9267,180497
17.9308,180845
17.9350,180187
17.9392,180871
17.9393,180463
17.9431,180892
17.9472,180065
17.9514,180673
17.9554,180290
17.9595,180781
17.9636,179948
17.9677,180757
17.9723,180713
17.9759,180464
17.9800,180421
17.9841,180783
17.9882,180613
17.9922,180904
17.9963,180230
18.0004,179927
18.0046,180304
18.0086,180493
18.0127,180426
18.0170,180075
18.0210,180508
18.0250,180110
18.0291,179951
18.0332,180584
18.0378,180933
18.0414,180619
18.0455,180854
18.0496,180337
18.0541,180412
18.0578,180107
18.0620,180602
18.0660,180322
18.0662,180472
18.0704,180520
18.0742,180708
18.0783,180854
18.0824,180383
18.0870,179972
18.0906,180005
18.0946,180028
18.0987,180538
18.1031,180292
18.1069,179836
18.1110,179995
18.1152,180625
18.1201,180051
18.1233,180665
18.1274,180342
18.1315,180089
18.1358,180324
18.1397,180527
18.1438,180909
18.1479,180150
18.1526,180636
18.1561,179535
18.1602,180644
18.1642,180355
18.1684,179647
18.1725,180568
18.1766,180511
18.1806,180421
18.1848,180604
18.1889,180383
18.1931,180112
18.1931,179725
18.1970,180507
18.2012,180713
18.2052,180545
18.2093,180336
18.2134,180049
18.2175,180245
18.2216,180223
18.2257,180334
18.2298,180426
18.2339,180510
18.2380,180167
18.2421,180646
18.2462,180506
18.2504,180739
18.2544,180260
18.2585,180637
18.2625,180128
18.2667,180335
18.2714,180395
18.2749,180138
18.2789,180234
18.2830,180744
18.2875,180373
18.2913,180209
18.2953,180031
18.2994,180850
18.3035,180762
18.3076,180535
18.3117,179935
18.3162,180783
18.3200,179655
18.3201,180275
18.3240,180433
18.3281,180320
18.3322,180729
18.3369,180827
18.3404,180400
18.3445,180751
18.3486,180207
18.3530,180478
18.3568,180600
18.3609,180380
18.3650,180312
18.3696,180163
18.3733,179931
18.3773,179860
18.3814,179676
18.3859,179671
18.3895,180095
18.3936,179762
18.3977,179717
18.4025,179454
18.4060,179640
18.4100,179751
18.4142,179933
18.4183,180255
18.4223,179553
18.4264,179436
18.4305,179798
18.4346,179558
18.4387,179857
18.4430,179572
18.4469,179634
18.4510,179920
18.4512,179979
18.4551,179444
18.4592,179905
18.4633,180035
18.4674,180031
18.4719,179713
18.4756,180008
18.4796,179960
18.4838,180456
18.4879,180004
18.4919,179926
18.4960,180312
18.5003,179664
18.5043,179551
18.5083,179616
18.5124,180587
18.5166,179830
18.5206,180093
18.5247,179155
18.5288,180413
18.5331,180162
18.5372,180538
18.5411,179872
18.5452,179544
18.5493,179345
18.5541,180109
18.5575,179894
18.5616,180084
18.5659,179865
18.5698,179463
18.5740,179713
18.5779,179772
18.5780,180189
18.5820,180713
18.5867,180587
18.5903,180489
18.5943,180119
18.5985,180047
18.6032,180743
18.6066,180455
18.6107,179754
18.6148,180114
18.6192,180425
18.6230,179822
18.6271,180512
18.6312,180206
18.6358,180314
18.6395,180587
18.6435,180025
18.6476,180496
18.6520,180919
18.6558,180137
18.6599,180035
18.6640,180032
18.6681,180913
18.6722,180612
18.6762,180148
18.6803,180452
18.6845,180787
18.6886,180526
18.6926,180606
18.6969,180452
18.7011,179998
18.7050,180329
18.7051,179753
18.7091,180733
18.7132,180554
18.7173,180740
18.7213,180304
18.7254,180079
18.7295,180241
18.7337,179820
18.7377,180112
18.7418,179780
18.7459,180241
18.7500,180178
18.7541,179976
18.7582,180627
18.7622,179767
18.7664,180267
18.7705,180392
18.7746,179321
18.7786,180369
18.7828,180036
18.7869,179694
18.7915,179947
18.7950,179619
18.7992,180259
18.8033,180215
18.8073,180199
18.8114,180189
18.8155,180514
18.8201,180141
18.8239,179672
18.8281,180282
18.8319,179943
18.8321,180384
18.8365,180346
18.8401,180816
18.8442,180344
18.8483,180360
18.8528,179704
18.8565,180151
18.8605,179574
18.8647,180355
18.8694,179984
18.8729,179751
18.8769,180518
18.8811,180411
18.8854,179759
18.8892,180756
18.8933,180262
18.8974,179967
18.9020,180539
18.9056,180870
18.9097,180165
18.9138,180232
18.9180,180155
18.9220,180444
18.9261,180009
18.9302,180480
18.9344,180101
18.9384,179566
18.9425,180623
18.9466,180563
18.9508,180571
18.9549,180536
18.9589,180956
18.9590,180079
18.9630,180323
18.9671,179969
18.9712,180103
18.9753,180278
18.9794,180482
18.9836,180082
18.9880,179762
18.9916,180484
18.9957,180080
19.0001,180455
19.0043,180397
19.0080,179899
19.0122,180518
19.0162,180165
19.0208,180226
19.0244,179659
19.0285,179516
19.0326,180286
19.0367,180207
19.0408,179408
19.0449,179473
19.0490,179332
19.0534,179965
19.0572,179857
19.0612,180779
19.0654,180731
19.0701,180443
19.0736,181012
19.0777,180840
19.0819,181014
19.0861,180412
19.0865,180162
19.0899,180429
19.0940,180017
19.0982,179917
19.1030,180249
19.1064,179995
19.1105,180163
19.1146,180566
19.1190,180150
19.1227,180248
19.1268,180334
19.1309,180335
19.1356,179618
19.1391,180324
19.1432,180128
19.1473,180555
19.1514,181467
19.1555,180739
19.1596,180009
19.1637,180123
19.1678,179732
19.1719,179543
19.1760,180037
19.1800,179918
19.1842,180511
19.1882,179855
19.1924,180275
19.1964,180553
19.2006,179932
19.2047,180381
19.2089,180018
19.2129,179419
19.2130,180172
19.2169,179791
19.2210,179732
19.2251,180121
19.2292,180442
19.2334,180597
19.2374,180521
19.2415,180579
19.2456,179750
19.2497,180493
19.2538,180363
19.2579,179875
19.2620,180371
19.2660,179980
19.2703,179949
19.2743,180245
19.2783,180169
19.2825,179746
19.2866,180115
19.2906,180090
19.2947,180785
19.2989,180674
19.3036,180346
19.3070,180164
19.3112,180167
19.3152,179770
19.3196,180480
19.3234,180420
19.3275,180734
19.3316,180397
19.3363,180657
19.3398,180034
19.3399,180651
19.3439,180375
19.3480,179959
19.3523,179904
19.3562,179825
19.3603,180493
19.3643,180305
19.3688,180445
19.3726,180189
19.3767,179791
19.3808,180189
19.3853,180030
19.3889,179914
19.3930,180266
19.3972,180026
19.4013,180625
19.4053,179841
19.4094,180478
19.4135,180073
19.4176,180414
19.4217,179871
19.4258,180382
19.4299,180471
19.4341,180083
19.4381,180669
19.4422,180185
19.4463,180939
19.4504,180805
19.4545,180427
19.4586,180389
19.4630,180352
19.4670,180257
19.4671,180111
19.4709,179711
19.4749,180265
19.4791,180275
19.4834,180833
19.4873,180606
19.4913,179603
19.4954,179997
19.4995,180352
19.5036,180249
19.5077,180864
19.5118,180130
19.5160,180192
19.5201,180206
19.5241,180057
19.5282,180553
19.5323,180351
19.5364,180346
19.5405,180062
19.5446,180129
19.5487,180671
19.5529,180587
19.5569,180204
19.5609,180294
19.5651,180102
19.5695,180163
19.5732,180152
19.5773,179816
19.5814,180297
19.5860,180079
19.5896,179886
19.5938,179643
19.5939,180380
19.5978,180133
19.6026,180465
19.6061,180122
19.6102,180301
19.6142,179881
19.6185,180238
19.6224,179963
19.6265,180452
19.6306,180543
19.6353,180110
19.6388,180399
19.6429,180615
19.6470,180423
19.6511,179544
19.6552,180544
19.6593,180404
19.6633,180331
19.6675,180841
19.6716,179988
19.6757,180458
19.6798,179261
19.6839,179923
19.6879,179972
19.6921,180450
19.6962,180547
19.7003,180709
19.7043,180493
19.7084,180334
19.7126,180057
19.7167,180373
19.7210,180126
19.7249,180086
19.7250,180075
19.7289,179835
19.7330,180056
19.7371,180360
19.7413,179915
19.7454,179998
19.7494,180530
19.7536,180845
19.7576,180591
19.7617,180531
19.7658,180590
19.7700,180616
19.7740,180044
19.7781,180227
19.7822,180143
19.7863,180237
19.7904,180648
19.7945,180433
19.7985,180495
19.8027,179717
19.8068,180256
19.8109,180424
19.8152,180216
19.8190,180712
19.8232,180185
19.8273,180389
19.8314,180318
19.8354,180101
19.8395,180247
19.8440,180265
19.8480,179886
19.8520,180409
19.8522,180507
19.8560,180624
19.8601,179919
19.8641,180009
19.8683,180396
19.8723,180823
19.8764,180146
19.8805,180661
19.8846,179874
19.8887,180529
19.8929,179976
19.8969,180296
19.9009,179811
19.9051,179965
19.9091,179971
19.9132,180255
19.9173,180752
19.9214,180619
19.9255,180339
19.9296,180839
19.9337,180984
19.9378,181084
19.9419,180764
19.9460,180162
19.9501,180304
19.9542,179825
19.9582,180401
19.9624,180267
19.9665,180274
19.9707,179909
19.9750,180122
19.9788,179894
19.9789,180554
19.9829,180167
19.9869,180235
19.9910,180706
19.9952,180292
19.9994,180566
20.0033,180602
20.0074,179933
20.0115,180165
20.0158,180122
20.0197,180528
20.0238,180286
20.0279,180249
20.0321,180692
20.0361,180182
20.0402,180274
20.0449,180420
20.0484,180276
20.0526,179892
20.0566,180677
20.0607,180248
20.0648,180389
20.0689,180425
20.0729,180356
20.0770,180044
20.0812,180322
20.0852,180239
20.0893,180420
20.0934,180756
20.0975,180182
20.1018,179970
20.1057,180510
20.1059,180211
20.1098,180181
20.1139,180369
20.1180,180254
20.1222,180341
20.1262,179807
20.1304,181070
20.1344,180587
20.1385,180760
20.1426,180068
20.1467,180270
20.1508,180269
20.1549,179905
20.1590,180039
20.1630,179361
20.1672,180465
20.1715,180143
20.1756,180356
20.1806,179971
20.1836,180593
20.1879,180830
20.1918,180221
20.1964,180549
20.2020,180194
20.2041,179773
20.2108,180089
20.2131,180476
20.2167,180306
20.2219,179990
20.2252,180027
20.2290,180870
20.2328,180264
20.2344,180121
20.2377,180823
20.2413,180027
20.2462,180447
20.2589,180585
20.2619,179808
20.2661,179620
20.2669,179932
20.2677,180746
20.2701,180054
20.2895,180604
20.2927,180320
20.2946,180367
20.2984,180174
20.3061,180284
20.3074,180169
20.3094,180372
20.3107,179913
20.3122,179912
20.3146,180255
20.3159,179808
20.3207,179753
20.3260,180033
20.3318,179486
20.3357,180252
20.3375,179560
20.3446,180121
20.3478,180228
20.3495,179397
20.3518,179949
20.3558,179820
20.3602,179804
20.3623,180208
20.3647,179060
20.3682,179646
20.3724,180399
20.3764,181164
20.3806,180065
20.3878,180481
20.3890,179977
20.3965,180121
20.3978,180419
20.4010,180058
20.4053,180434
20.4094,180355
20.4170,180349
20.4173,179796
20.4249,180357
20.4311,180290
20.4327,181035
20.4339,179875
20.4383,180275
20.4423,179972
20.4499,179734
20.4501,180779
20.4606,179867
20.4649,180207
20.4673,180286
20.4705,180070
20.4733,180437
20.4747,180103
20.4785,180181
20.4830,180460
20.4868,180447
20.4891,180428
20.4911,179392
20.4952,180483
20.4994,180558
20.5035,180324
20.5112,180604
20.5127,180492
20.5182,180389
20.5208,180227
20.5248,180725
20.5280,180011
20.5331,179900
20.5364,179649
20.5410,180347
20.5477,179838
20.5488,180611
20.5588,180356
20.5591,180565
20.5635,180312
20.5652,180605
20.5694,179897
20.5731,180039
20.5776,180156
20.5818,180099
20.5869,180708
20.5936,180163
20.5950,180566
20.5997,180498
20.6040,179978
20.6060,180251
20.6139,180254
20.6147,180514
20.6179,180858
20.6186,180991
20.6225,180195
20.6267,180115
20.6325,180176
20.6347,180244
20.6388,179760
20.6429,180408
20.6482,180303
20.6528,180354
20.6569,180203
20.6594,180474
20.6634,180483
20.6674,180209
20.6722,180356
20.6758,180429
20.6794,180510
20.6864,180590
20.6899,180290
20.6943,179938
20.6979,180524
20.7013,180108
20.7041,180234
20.7110,180045
20.7143,179674
20.7169,180139
20.7207,180601
20.7246,180389
20.7288,180435
20.7347,179696
20.7373,179750
20.7411,179927
20.7426,180403
20.7470,180545
20.7527,179854
20.7545,180535
20.7583,180379
20.7629,180484
20.7652,180150
20.7713,180402
20.7753,180111
20.7787,180529
20.7816,180501
20.7891,179942
20.7912,180556
20.8069,180844
20.8091,180610
20.8154,180272
20.8183,181013
20.8237,180083
20.8273,180141
20.8318,180157
20.8476,180283
20.8572,180136
20.8598,180563
20.8620,179865
20.8655,180104
20.8731,179979
20.8790,180243
20.8822,179833
20.8843,180038
20.8880,180609
20.8931,180572
20.8947,180200
20.8975,180504
20.8983,180939
20.9004,179655
20.9054,180750
20.9066,180085
20.9102,180140
20.9105,180488
20.9121,180563
20.9128,180006
20.9170,180269
20.9175,180345
20.9179,180216
20.9185,180678
20.9236,180120
20.9296,180681
20.9312,179975
20.9339,180651
20.9406,180958
20.9452,180348
20.9475,179991
20.9499,180520
20.9539,179745
20.9581,180229
20.9621,180116
20.9663,180536
20.9701,180256
20.9744,180697
20.9786,179963
20.9855,180715
20.9904,179968
20.9957,180621
20.9981,180439
21.0026,180906
21.0054,180806
21.0091,180805
21.0148,180406
21.0169,180236
21.0238,180607
21.0258,180597
21.0265,180268
21.0279,180467
21.0336,180814
21.0395,180459
21.0449,180158
21.0459,180507
21.0496,179814
21.0538,180198
21.0590,180981
21.0628,180691
21.0653,180041
21.0689,179944
21.0730,180524
21.0771,179897
21.0817,180379
21.0875,180680
21.0891,179568
21.0951,180740
21.0976,180175
21.1015,180620
21.1076,180532
21.1099,180675
21.1137,180300
21.1183,180957
21.1227,179879
21.1256,181066
21.1287,180693
21.1321,181432
21.1344,180288
21.1381,180394
21.1426,180621
21.1476,180541
21.1528,180461
21.1553,181055
21.1604,180598
21.1629,180489
21.1678,180523
21.1713,181045
21.1749,180749
21.1802,180946
21.1849,179926
21.1874,180584
21.1918,180647
21.1958,180893
21.2010,180317
21.2037,180478
21.2079,180401
21.2120,180390
21.2177,180507
21.2203,180916
21.2243,179888
21.2288,180146
21.2344,180317
21.2366,180056
21.2427,179646
21.2459,180414
21.2520,180241
21.2525,180201
21.2530,180264
21.2570,180727
21.2612,180327
21.2677,180466
21.2716,180443
21.2758,180176
21.2797,180299
21.2814,179909
21.2869,180914
21.2916,179799
21.2946,180361
21.2986,180091
21.3023,180131
21.3061,180393
21.3107,180864
21.3153,180792
21.3237,180003
21.3274,179563
21.3296,179536
21.3307,179328
21.3359,179071
21.3394,179604
21.3459,179822
21.3496,180373
21.3553,179505
21.3644,179619
21.3727,179864
21.3790,179836
21.3850,180386
21.3886,179996
21.4039,179846
21.4069,180054
21.4110,180653
21.4132,180240
21.4156,180504
21.4209,180389
21.4254,180626
21.4283,179715
21.4294,180057
21.4311,180025
21.4319,179902
21.4427,180338
21.4473,180795
21.4490,180209
21.4538,179536
21.4573,179979
21.4648,180311
21.4654,180129
21.4695,180080
21.4784,180167
21.4802,179939
21.4826,180545
21.4868,180037
21.4885,180191
21.4900,180061
21.4901,179950
21.4985,180269
21.5018,179791
21.5033,180666
21.5053,180125
21.5114,180292
21.5165,179906
21.5183,180392
21.5196,179943
21.5218,180053
21.5230,180045
21.5262,180504
21.5287,180833
21.5314,180412
21.5382,180549
21.5469,180816
21.5605,180276
21.5630,180151
21.5663,180137
21.5679,180392
21.5726,180007
21.5765,180226
21.5794,180607
21.5810,181042
21.5831,180070
21.5858,180271
21.5894,180352
21.5913,180067
21.5938,179988
21.6013,179566
21.6058,180297
21.6063,180235
21.6068,180131
21.6072,180169
21.6096,180118
21.6149,179733
21.6175,180238
21.6217,180551
21.6258,180291
21.6295,179845
21.6335,179952
21.6336,180000
21.6376,179995
21.6417,180580
21.6458,180282
21.6499,180583
21.6540,180300
21.6583,180194
21.6622,180179
21.6664,179930
21.6704,180074
21.6745,180367
21.6785,180199
21.6826,180318
21.6867,180235
21.6908,180572
21.6949,180741
21.6990,180767
21.7031,180352
21.7072,180737
21.7113,180463
21.7154,180351
21.7195,181064
21.7236,180984
21.7277,181205
21.7318,180164
21.7359,180464
21.7400,180897
21.7441,180855
21.7482,180807
21.7523,180718
21.7567,180818
21.7607,180530
21.7608,180445
21.7646,181131
21.7686,181092
21.7727,180147
21.7768,180349
21.7810,180884
21.7850,181354
21.7892,180631
21.7932,180603
21.7974,180695
21.8014,180643
21.8055,180773
21.8096,180983
21.8137,180708
21.8178,181047
21.8219,181069
21.8260,181180
21.8301,180628
21.8342,181119
21.8383,180603
21.8424,180866
21.8464,180231
21.8506,180554
21.8546,180350
21.8587,180179
21.8628,180792
21.8669,181132
21.8710,180468
21.8752,181153
21.8792,181517
21.8836,181234
21.8878,180813
21.8880,181107
21.8915,180710
21.8956,180916
21.8997,181050
21.9038,180357
21.9079,181031
21.9120,180723
21.9161,181015
21.9202,180971
21.9243,180892
21.9284,180877
21.9325,181002
21.9367,180621
21.9407,180594
21.9448,180824
21.9489,181560
21.9529,180900
21.9570,181320
21.9612,180891
21.9652,180619
21.9693,181267
21.9734,181151
21.9775,180868
21.9818,180575
21.9863,181310
21.9898,181155
21.9939,181273
21.9981,180805
22.0021,180857
22.0063,180825
22.0105,180492
22.0145,180994
22.0185,180482
22.0186,180204
22.0226,180759
22.0267,181487
22.0309,181417
22.0349,180954
22.0391,181182
22.0431,180911
22.0472,181493
22.0513,180345
22.0557,181002
22.0595,179926
22.0636,180445
22.0678,180413
22.0717,180844
22.0758,181067
22.0799,180870
22.0841,180284
22.0882,181058
22.0922,180781
22.0963,180673
22.1007,180914
22.1045,181178
22.1087,181090
22.1127,181224
22.1168,180875
22.1209,181267
22.1250,181091
22.1376,180553
22.1380,180519
22.1382,180816
22.1414,181292
22.1482,180916
22.1486,181771
22.1512,181681
22.1580,181383
22.1582,181131
22.1640,180988
22.1662,180466
22.1702,180961
22.1744,180842
22.1784,181358
22.1826,181270
22.1866,180268
22.1926,180718
22.1957,181082
22.1992,180941
22.2031,180164
22.2077,181396
22.2151,181309
22.2275,181368
22.2330,180791
22.2369,181116
22.2422,181328
22.2431,181305
22.2436,181062
22.2441,181209
22.2449,180849
22.2485,181270
22.2524,181586
22.2567,180869
22.2606,181116
22.2648,179970
22.2687,180242
22.2725,180355
22.2746,180341
22.2770,180917
22.2846,180244
22.2855,180549
22.2893,180619
22.2941,180834
22.2992,181491
22.3024,181009
22.3077,180959
22.3148,181466
22.3168,180510
22.3195,180799
22.3256,181521
22.3290,181331
22.3313,181502
22.3344,181318
22.3386,180889
22.3437,181402
22.3468,181423
22.3507,181485
22.3576,181844
22.3638,181079
22.3645,180497
22.3672,180869
22.3712,180760
22.3760,181364
22.3811,181301
22.3836,181244
22.3908,180888
22.3953,180892
22.4014,181045
22.4055,180578
22.4100,181065
22.4106,180506
22.4110,180561
22.4122,180489
22.4165,180743
22.4207,180542
22.4292,180714
22.4302,180863
22.4355,180835
22.4367,180410
22.4409,180672
22.4452,180374
22.4491,180631
22.4603,180079
22.4692,180523
22.4702,180761
22.4708,180716
22.4720,180380
22.4805,180936
22.4807,180771
22.4932,180722
22.4936,180469
22.4945,180583
22.4949,180706
22.4996,180780
22.5047,180347
22.5109,180565
22.5124,180477
22.5155,180325
22.5235,180231
22.5240,180606
22.5268,180391
22.5281,180513
22.5325,180689
22.5366,180061
22.5439,180628
22.5445,180609
22.5479,180406
22.5516,180228
22.5561,180243
22.5599,180089
22.5635,180310
22.5681,180347
22.5722,179505
22.5760,180378
22.5813,180033
22.5878,179964
22.5897,180426
22.5948,180184
22.5971,180628
22.6009,180694
22.6046,180226
22.6088,179959
22.6158,180216
22.6199,180067
22.6237,180201
22.6271,180350
22.6296,180417
22.6342,180426
22.6482,180535
22.6607,180560
22.6635,181536
22.6663,181392
22.6723,180795
22.6724,180585
22.6727,180901
22.6766,180501
22.6793,180161
22.6826,180077
22.6849,180969
22.6941,180772
22.7024,180388
22.7095,180602
22.7123,180416
22.7254,180718
22.7338,180985
22.7366,180606
22.7384,180538
22.7390,180360
22.7397,180782
22.7403,181250
22.7409,180795
22.7415,180397
22.7420,180498
22.7426,180896
22.7432,180256
22.7440,180635
22.7503,180390
22.7554,180379
22.7592,180780
22.7630,180432
22.7648,179550
22.7746,179812
22.7769,179921
22.7792,179775
22.7820,180164
22.7844,179807
22.7868,179789
22.7914,179839
22.7948,179348
22.7967,180087
22.8034,179415
22.8073,180416
22.8107,179897
22.8146,180126
22.8200,180488
22.8238,180290
22.8282,180855
22.8325,179833
22.8355,180874
22.8434,180350
22.8455,180486
22.8473,180294
22.8541,180178
22.8546,180271
22.8587,180144
22.8649,180126
22.8696,180284
22.8775,179794
22.8801,179842
22.8830,180431
22.8841,180241
22.8890,180395
22.9001,179764
22.9047,180260
22.9141,179878
22.9166,179921
22.9194,180660
22.9214,180409
22.9249,180119
22.9281,180777
22.9303,180681
22.9414,180727
22.9451,180355
22.9509,180331
22.9538,180672
22.9613,180323
22.9646,179567
22.9677,180141
22.9707,180153
22.9740,180355
22.9770,180486
22.9843,180748
22.9869,180276
22.9898,180356
22.9929,180572
22.9998,180681
23.0025,179877
23.0070,179612
23.0100,180321
23.0154,180140
23.0256,180249
23.0320,179695
23.0359,180327
23.0385,180139
23.0420,180304
23.0485,179850
23.0509,180162
23.0667,180061
23.0702,180408
23.0735,180064
23.0776,179641
23.0814,179105
23.0878,179688
23.0990,180096
23.1032,180023
23.1056,179985
23.1120,179677
23.1142,179605
23.1187,180030
23.1219,180039
23.1236,180074
23.1264,179183
23.1319,179607
23.1376,179750
23.1426,180256
23.1465,180040
23.1467,180294
23.1502,180444
23.1569,179959
23.1635,179653
23.1655,179839
23.1661,179503
23.1666,180207
23.1673,180548
23.1685,180216
23.1757,180181
23.1808,180115
23.1859,180144
23.1901,180255
23.1936,180369
23.2042,179817
23.2070,179811
23.2090,179865
23.2131,179750
23.2133,179833
23.2166,180094
23.2184,179892
23.2215,179877
23.2229,179997
23.2247,179484
23.2292,179568
23.2332,179788
23.2337,179933
23.2342,179853
23.2347,179929
23.2362,180030
23.2423,179816
23.2477,179600
23.2518,180060
23.2556,179475
23.2607,179530
23.2626,179739
23.2683,179848
23.2712,179884
23.2726,179871
23.2748,179621
23.2780,179502
23.2801,180257
23.2837,180079
23.2875,179894
23.2945,180150
23.3006,180394
23.3027,180777
23.3028,180732
23.3032,180448
23.3037,180405
23.3042,180923
23.3097,180665
23.3109,180426
23.3182,180461
23.3229,180008
23.3231,180024
23.3326,180843
23.3334,180430
23.3339,179987
23.3453,180122
23.3455,180058
23.3486,180029
23.3555,180297
23.3621,180378
23.3650,179971
23.3657,180286
23.3666,179777
23.3719,180560
23.3791,180082
23.3848,180135
23.3902,180031
23.3959,179845
23.3961,180341
23.3994,180019
23.4020,179733
23.4072,179965
23.4132,180545
23.4176,180453
23.4253,180169
23.4320,180052
23.4379,179658
23.4428,179794
23.4498,179369
23.4546,179744
23.4547,179785
23.4548,179574
23.4651,179651
23.4678,179275
23.4776,179449
23.4816,179671
23.4875,179760
23.4897,179469
23.4975,179841
23.5006,180537
23.5061,180292
23.5117,180177
23.5158,180090
23.5189,180073
23.5210,180259
23.5253,180345
23.5310,180071
23.5354,180093
23.5381,179781
23.5470,179992
23.5529,179811
23.5575,180531
23.5647,180694
23.5750,180621
23.5789,180334
23.5841,179878
23.5936,180634
23.5964,180540
23.6106,180750
23.6153,180392
23.6197,180516
23.6275,180508
23.6297,180499
23.6391,181039
23.6496,180124
23.6536,180491
23.6572,180417
23.6601,180692
23.6664,180192
23.6793,180734
23.6815,180360
23.6851,180275
23.6862,180290
23.6873,180856
23.6881,180139
23.6902,180652
23.6948,179768
23.7007,180420
23.7100,180442
23.7245,180410
23.7269,180272
23.7292,180333
23.7453,180302
23.7459,180567
23.7509,180247
23.7557,180031
23.7613,179662
23.7664,180591
23.7713,179714
23.7747,180128
23.7780,179652
23.7823,179782
23.7955,179579
23.7958,180250
23.8020,180011
23.8118,179749
23.8239,180264
23.8241,179626
23.8269,180071
23.8330,180172
23.8420,180304
23.8469,179740
23.8482,179660
23.8502,180526
23.8539,180548
23.8552,180744
23.8559,180268
23.8589,180962
23.8604,180288
23.8619,180075
23.8637,179992
23.8670,180535
23.8685,180794
23.8763,180447
23.8767,180472
23.8807,180498
23.8871,179864
23.8898,180586
23.8916,180008
23.8939,180396
23.9006,180571
23.9068,180547
23.9111,180600
23.9173,180176
23.9225,180804
23.9253,180414
23.9276,180556
23.9333,180146
23.9395,180058
23.9443,180155
23.9502,179861
23.9544,180333
23.9608,180122
23.9638,180083
23.9654,180098
23.9692,181108
23.9729,180321
23.9768,180381
23.9796,180131
23.9837,180487
23.9868,180258
23.9901,180039
23.9924,180680
23.9955,180578
23.9960,181203
23.9977,180656
24.0052,180007
24.0095,180192
24.0122,180641
24.0136,181109
24.0175,181196
24.0255,180641
24.0276,180150
24.0343,180038
24.0393,180095
24.0449,180775
24.0497,180176
24.0539,180267
24.0593,181073
24.0636,180290
24.0665,180308
24.0695,180845
24.0736,180817
24.0828,180939
24.0882,180537
24.0940,180727
24.0970,180254
24.1033,180358
24.1035,180289
24.1113,179446
24.1179,180132
24.1254,180621
24.1306,180700
24.1331,180522
24.1336,180719
24.1361,180097
24.1384,180539
24.1402,180030
24.1441,179627
24.1485,179717
24.1512,179999
24.1534,179526
24.1572,180064
24.1614,180629
24.1654,180179
24.1705,180493
24.1756,180307
24.1783,180026
24.1826,180171
24.1870,179884
24.1925,180466
24.1989,180091
24.2033,180176
24.2074,180772
24.2273,180717
24.2350,180320
24.2381,180065
24.2410,180240
24.2470,180258
24.2521,180023
24.2544,180317
24.2559,180257
24.2714,180135
24.2801,179898
24.2883,180199
24.2923,179998
24.2970,180197
24.2995,179931
24.3049,180212
24.3083,180410
24.3110,180212
24.3168,180364
24.3212,180321
24.3256,180084
24.3376,179889
24.3463,179681
24.3491,179674
24.3581,180290
24.3655,179922
24.3694,180045
24.3719,180013
24.3730,179974
24.3758,180728
24.3810,180296
24.3858,179167
24.3949,180115
24.3990,179584
24.4008,180223
24.4049,179890
24.4159,180535
24.4182,180401
24.4217,179610
24.4269,180356
24.4309,179670
24.4355,180544
24.4410,180406
24.4442,180060
24.4463,180277
24.4503,180122
24.4539,180172
24.4569,180490
24.4588,180393
24.4610,180070
24.4659,180257
24.4742,179666
24.4796,180522
24.4818,180504
24.4839,180259
24.4854,179566
24.4912,180585
24.4976,180349
24.5002,180056
24.5033,180445
24.5113,180232
24.5169,179730
24.5202,180443
24.5226,179683
24.5271,180854
24.5332,180974
24.5383,180764
24.5433,180291
24.5455,180106
24.5482,179929
24.5517,179463
24.5546,180151
24.5591,181239
24.5621,180270
24.5666,180192
24.5704,179995
24.5762,180374
24.5807,180377
24.5834,179709
24.5871,180104
24.5899,180262
24.5915,180388
24.5929,180727
24.5944,180505
24.5964,180717
24.5995,180835
24.6019,180662
24.6036,179943
24.6066,180474
24.6093,180272
24.6127,180531
24.6129,180727
24.6143,180922
24.6179,180372
24.6228,180338
24.6260,180348
24.6302,180959
24.6372,180657
24.6394,180424
24.6426,180878
24.6459,180528
24.6498,180736
24.6509,180166
24.6513,180213
24.6543,180230
24.6584,180863
24.6628,180550
24.6741,180980
24.6800,180440
24.6828,180536
24.6870,180484
24.6962,180449
24.7001,180803
24.7029,180405
24.7037,180432
24.7043,180658
24.7080,180625
24.7179,180709
24.7234,180731
24.7278,180914
24.7341,180544
24.7410,180959
24.7452,181134
24.7473,180971
24.7570,180446
24.7635,180700
24.7666,180694
24.7710,180610
24.7721,181329
24.7750,180891
24.7787,180768
24.7789,180948
24.7823,180707
24.7854,180726
24.7904,181154
24.8026,180589
24.8123,181061
24.8178,181023
24.8226,180251
24.8264,180873
24.8309,180546
24.8369,180856
24.8400,180891
24.8495,181033
24.8576,180264
24.8597,181560
24.8605,180923
24.8615,180637
24.8626,180363
24.8636,180769
24.8645,180638
24.8698,180611
24.8810,180725
24.8934,180905
24.8962,180746
24.9083,180417
24.9140,181551
24.9170,181102
24.9198,181241
24.9271,181165
24.9328,181397
24.9433,181100
24.9531,181223
24.9569,181024
24.9630,180289
24.9667,181378
24.9739,180756
24.9810,180715
24.9863,180847
24.9883,181133
24.9920,181744
24.9943,181301
24.9966,180829
24.9984,180963
24.9987,180730
24.9992,180562
25.0012,180655
25.0085,181270
25.0161,180789
25.0201,181080
25.0285,180264
25.0331,180428
25.0419,180985
25.0433,180238
25.0441,181336
25.0448,180909
25.0478,180486
25.0508,180714
25.0590,180824
25.0640,180685
25.0732,181725
25.0843,180940
25.0904,181053
25.0967,180669
25.1002,180925
25.1079,180728
25.1139,180587
25.1225,181114
25.1314,181410
25.1403,180899
25.1443,180873
25.1509,181372
25.1560,181127
25.1579,181070
25.1621,181193
25.1675,181002
25.1717,181220
25.1780,180701
25.1833,180645
25.1849,180641
25.1922,180970
25.1960,180607
25.2009,181312
25.2046,181154
25.2101,180736
25.2141,180710
25.2149,181592
25.2166,180813
25.2237,180476
25.2297,181023
25.2349,180928
25.2380,180918
25.2400,180725
25.2461,181122
25.2502,180834
25.2516,181180
25.2561,180884
25.2568,181511
25.2575,181034
25.2596,181193
25.2610,180947
25.2670,181590
25.2724,180813
25.2756,180651
25.2765,180507
25.2772,180848
25.2781,180499
25.2851,180257
25.2888,180682
25.2893,180726
25.2929,180384
25.3012,180768
25.3060,180826
25.3160,181033
25.3237,180609
25.3251,180338
25.3353,180605
25.3397,180553
25.3407,180856
25.3414,180614
25.3422,180899
25.3522,180463
25.3585,180732
25.3593,180416
25.3606,181038
25.3612,180609
25.3668,180471
25.3673,181342
25.3817,180853
25.3872,180950
25.3922,181178
25.3943,180956
25.3979,180993
25.4054,181557
25.4157,180974
25.4224,180797
25.4240,181445
25.4316,181454
25.4402,181596
25.4454,180926
25.4531,181124
25.4553,181117
25.4581,181392
25.4655,180569
25.4723,181004
25.4765,180703
25.4830,181101
25.4901,181018
25.4932,181022
25.5042,180273
25.5087,181102
25.5166,181018
25.5194,180668
25.5235,180586
25.5289,180786
25.5355,181272
25.5433,180042
25.5487,181204
25.5544,181267
25.5614,181067
25.5689,181344
25.5723,181149
25.5735,181003
25.5744,180329
25.5767,180623
25.5811,180526
25.5885,181011
25.5932,180437
25.5975,180120
25.6071,180532
25.6166,179904
25.6238,181082
25.6309,181053
25.6383,180819
25.6435,180965
25.6514,180842
25.6573,180455
25.6710,180664
25.6771,181203
25.6844,180990
25.6916,180297
25.6973,180215
25.7049,181131
25.7089,180370
25.7121,180380
25.7177,180466
25.7259,180724
25.7301,180258
25.7356,180358
25.7369,180563
25.7426,180259
25.7519,180872
25.7531,180446
25.7541,180589
25.7549,181341
25.7557,180602
25.7564,179778
25.7570,180499
25.7576,180425
25.7584,180820
25.7591,179951
25.7600,180367
25.7609,180350
25.7636,179951
25.7742,180114
25.7791,179660
25.7875,179681
25.7925,179854
25.8034,179077
25.8093,178853
25.8142,178422
25.8153,178405
25.8162,178455
25.8170,178111
25.8178,177583
25.8188,178256
25.8196,177589
25.8204,177482
25.8270,178202
25.8305,177842
25.8371,177951
25.8445,178357
25.8511,177491
25.8598,177857
25.8670,177453
25.8746,177951
25.8827,178077
25.8878,177930
25.8903,177727
25.8907,177252
25.8933,177633
25.8969,178037
25.8998,177841
25.9065,178288
25.9090,177522
25.9118,177661
25.9131,177600
25.9159,177449
25.9204,177478
25.9238,176848
25.9259,176272
25.9294,175829
25.9326,175723
25.9338,175524
25.9430,175380
25.9497,175103
25.9538,175573
25.9583,175725
25.9588,176025
25.9594,175144
25.9640,174568
25.9713,174479
25.9761,173888
25.9793,173544
25.9805,172824
25.9821,174271
25.9836,174324
25.9884,174616
25.9942,175043
26.0020,174443
26.0025,174529
26.0030,174435
26.0045,174297
26.0106,174073
26.0129,174190
26.0154,174938
26.0191,174250
26.0224,173558
26.0303,173736
26.0311,173755
26.0318,174290
26.0326,174275
26.0335,174101
26.0351,173949
26.0402,174419
26.0443,174510
26.0448,174962
26.0469,174642
26.0493,174829
26.0519,174844
26.0542,174728
26.0610,175409
26.0624,175365
26.0652,175241
26.0693,175553
26.0752,175407
26.0774,176563
26.0832,175725
26.0913,175970
26.1040,176604
26.1075,176757
26.1092,176799
26.1161,177164
26.1250,176489
26.1264,176953
26.1289,176310
26.1308,177087
26.1326,177060
26.1336,177609
26.1368,176301
26.1409,177197
26.1426,176737
26.1467,176905
26.1474,176897
26.1522,176636
26.1543,176451
26.1566,176481
26.1575,177006
26.1578,176997
26.1592,176987
26.1594,177382
26.1617,177011
26.1640,177398
26.1658,176745
26.1681,177350
26.1700,177334
26.1717,177512
26.1738,177197
26.1749,176819
26.1771,177421
26.1810,176779
26.1821,177846
26.1839,177484
26.1869,177401
26.1877,177227
26.1927,177415
26.1965,177583
26.2064,177558
26.2127,177641
26.2208,178241
26.2257,178104
26.2327,177986
26.2337,177791
26.2480,177580
26.2577,178234
26.2616,177590
26.2682,178209
26.2765,178053
26.2770,177618
26.2777,178225
26.2852,178084
26.2936,177810
26.2947,178259
26.2978,177722
26.3036,178116
26.3081,178068
26.3161,177829
26.3227,178222
26.3295,178812
26.3340,178496
26.3380,178394
26.3396,178949
26.3434,179086
26.3475,178249
26.3484,178259
26.3490,177822
26.3496,177880
26.3502,178030
26.3510,177982
26.3516,178156
26.3524,178370
26.3531,178622
26.3538,178570
26.3545,178812
26.3554,178728
26.3564,178267
26.3574,177817
26.3580,178496
26.3585,178284
26.3593,178648
26.3605,179379
26.3631,178412
26.3690,178034
26.3713,179040
26.3730,178692
26.3751,178802
26.3757,178588
26.3760,178618
26.3769,178404
26.3782,178515
26.3824,178513
26.3878,178469
26.3907,178376
26.3917,178881
26.3927,178686
26.3940,179392
26.3966,178386
26.4056,178393
26.4105,178501
26.4155,178599
26.4196,178444
26.4211,178405
26.4231,178695
26.4261,178195
26.4288,178544
26.4315,178247
26.4326,178284
26.4354,178376
26.4376,178615
26.4397,178739
26.4415,178717
26.4419,178372
26.4422,179285
26.4442,178625
26.4459,179047
26.4484,178884
26.4522,179049
26.4563,179179
26.4595,178829
26.4599,179147
26.4628,179324
26.4646,179161
26.4667,179238
26.4674,178966
26.4682,179319
26.4690,179194
26.4696,179788
26.4706,179311
26.4714,179263
26.4739,179796
26.4745,179153
26.4752,178934
26.4757,179917
26.4766,179304
26.4772,179480
26.4802,179644
26.4824,179742
26.4825,179289
26.4865,178694
26.4917,179723
26.4952,179307
26.4967,179727
26.4983,179070
26.5004,179421
26.5024,179437
26.5037,179908
26.5047,179434
26.5058,179598
26.5077,179324
26.5107,179299
26.5146,179728
26.5166,179745
26.5177,179940
26.5184,179490
26.5209,179770
26.5225,179426
26.5250,179469
26.5267,179605
26.5276,179717
26.5295,179688
26.5298,179202
26.5311,179679
26.5318,179795
26.5321,180171
26.5334,179986
26.5347,179589
26.5359,179922
26.5370,179782
26.5377,179702
26.5398,179909
26.5413,179536
26.5423,179282
26.5434,179912
26.5451,179725
26.5464,179707
26.5471,179899
26.5473,180243
26.5505,179439
26.5522,180043
26.5548,179706
26.5562,179975
26.5575,179991
26.5596,179323
26.5619,179560
26.5653,179556
26.5669,179884
26.5678,180194
26.5685,179714
26.5692,180426
26.5701,179233
26.5709,179728
26.5716,180201
26.5725,179371
26.5736,179920
26.5783,179948
26.5813,179523
26.5826,179035
26.5842,179219
26.5905,179316
26.5920,179488
26.5928,179411
26.5931,179712
26.5949,180155
26.5973,180385
26.5991,180159
26.6025,179991
26.6038,179852
26.6073,180208
26.6087,179925
26.6120,179767
26.6138,179536
26.6146,180122
26.6156,180568
26.6170,180461
26.6190,180046
26.6199,180389
26.6222,179655
26.6232,179476
26.6239,179685
26.6265,178999
26.6301,179613
26.6308,179648
26.6311,179626
26.6361,179267
26.6410,178999
26.6459,178909
26.6482,179738
26.6531,179040
26.6554,178719
26.6595,178557
26.6651,177912
26.6707,178416
26.6730,178469
26.6787,178415
26.6803,177353
26.6844,177560
26.6931,177050
26.6940,177645
26.6999,177472
26.7066,177482
26.7092,177679
26.7101,177588
26.7156,177679
26.7204,176695
26.7212,177709
26.7291,177609
26.7321,177747
26.7345,177286
26.7355,177625
26.7380,177208
26.7417,177606
26.7499,177266
26.7532,177586
26.7558,177267
26.7609,177128
26.7654,176964
26.7660,176595
26.7710,176875
26.7786,176255
26.7792,176526
26.7842,176465
0.0019,176867
0.0060,177100
0.0104,177267
0.0149,176818
0.0180,177136
0.0221,177103
0.0287,176914
0.0301,177106
0.0342,176981
0.0384,177463
0.0426,177022
0.0466,177660
0.0506,176804
0.0547,177451
0.0589,177158
0.0629,176627
0.0671,177073
0.0712,176962
0.0753,176648
0.0754,177403
0.0793,176784
0.0839,177029
0.0876,177445
0.0916,177034
0.0958,177356
0.0999,177144
0.1039,177008
0.1080,176362
0.1121,177033
0.1162,177402
0.1203,176838
0.1243,177045
0.1284,177732
0.1325,176382
0.1366,177284
0.1407,177566
0.1448,177363
0.1490,177069
0.1533,176806
0.1571,177026
0.1612,177179
0.1653,176819
0.1694,176817
0.1742,177267
0.1776,176431
0.1817,177730
0.1858,177676
0.1898,177640
0.1943,177240
0.1981,177189
0.2022,176528
0.2063,177475
0.2064,177502
0.2105,177242
0.2144,176626
0.2186,177914
0.2227,177641
0.2267,177605
0.2309,177792
0.2349,177329
0.2390,177120
0.2432,177854
0.2473,177016
0.2513,176860
0.2554,176911
0.2604,177534
0.2636,177269
0.2677,177484
0.2718,177694
0.2762,177373
0.2800,176613
0.2841,177404
0.2882,177395
0.2923,177558
0.2964,176660
0.3004,177279
0.3046,176809
0.3086,177039
0.3128,177418
0.3169,176394
0.3209,176651
0.3253,177132
0.3294,177208
0.3333,177367
0.3335,177084
0.3374,177072
0.3414,177465
0.3455,176473
0.3496,176743
0.3537,176899
0.3578,176987
0.3619,175995
0.3660,176711
0.3701,177008
0.3742,177482
0.3783,177433
0.3824,177183
0.3865,177010
0.3907,177495
0.3947,177971
0.3988,177777
0.4029,177437
0.4070,178266
0.4111,178164
0.4152,177782
0.4193,177938
0.4235,177512
0.4274,177447
0.4316,177234
0.4356,176894
0.4398,177531
0.4439,177362
0.4480,177248
0.4522,177172
0.4561,177646
0.4602,176824
0.4603,177925
0.4644,177562
0.4684,177085
0.4725,177206
0.4765,177165
0.4808,177587
0.4848,177051
0.4889,177425
0.4930,177223
0.4970,177092
0.5011,177388
0.5053,177701
0.5094,178001
0.5134,177544
0.5175,177450
0.5216,177577
0.5258,177366
0.5298,177707
0.5339,177629
0.5380,177950
0.5421,177587
0.5462,177613
0.5503,177772
0.5544,177496
0.5585,177760
0.5626,178098
0.5667,177822
0.5708,177931
0.5749,177292
0.5792,177477
0.5841,177320
0.5872,177768
0.5873,177814
0.5912,177866
0.5954,177825
0.5994,177391
0.6035,177504
0.6076,177503
0.6118,177560
0.6158,177841
0.6199,177626
0.6240,178015
0.6281,178284
0.6322,177429
0.6363,178032
0.6404,177582
0.6446,177410
0.6486,177653
0.6527,178799
0.6568,177870
0.6609,177806
0.6649,177616
0.6691,177695
0.6732,177749
0.6773,178061
0.6814,178044
0.6855,177771
0.6897,178443
0.6937,178617
0.6977,177915
0.7018,177695
0.7059,178261
0.7101,178505
0.7144,178107
0.7146,177992
0.7183,178213
0.7223,178065
0.7265,178860
0.7305,178739
0.7346,177666
0.7388,178278
0.7434,178025
0.7469,178021
0.7510,177758
0.7551,177346
0.7592,178139
0.7633,177145
0.7673,177968
0.7715,178247
0.7756,177772
0.7797,177134
0.7838,178288
0.7879,178067
0.7921,178329
0.7960,177770
0.8001,178544
0.8042,178370
0.8083,178732
0.8125,178599
0.8165,178547
0.8206,178473
0.8247,178278
0.8288,178635
0.8329,177530
0.8373,177862
0.8413,178415
0.8414,177874
0.8452,177675
0.8497,177978
0.8534,177579
0.8575,177900
0.8616,178064
0.8657,177965
0.8697,178209
0.8739,178157
0.8780,178535
0.8821,177390
0.8861,177772
0.8902,178071
0.8944,177829
0.8984,177884
0.9025,177899
0.9066,178032
0.9107,178069
0.9148,178133
0.9189,177806
0.9231,177981
0.9271,177543
0.9312,178375
0.9353,178279
0.9394,177781
0.9435,177377
0.9476,177900
0.9517,178171
0.9559,178242
0.9600,178660
0.9641,178345
0.9682,178369
0.9682,178376
0.9722,178205
0.9763,178431
0.9804,177809
0.9845,178827
0.9885,178167
0.9927,178377
0.9968,178026
1.0008,178022
1.0049,178082
1.0091,177878
1.0131,177505
1.0172,177837
1.0213,177583
1.0256,177756
1.0295,178145
1.0336,177497
1.0377,177340
1.0418,177776
1.0459,177489
1.0500,177407
1.0541,177540
1.0582,177783
1.0623,177886
1.0664,177923
1.0705,177777
1.0745,177934
1.0787,177564
1.0827,178221
1.0868,177299
1.0914,177958
1.0956,177579
1.0962,177851
1.0991,177171
1.1032,177772
1.1073,177610
1.1114,177799
1.1155,177194
1.1196,177213
1.1237,177537
1.1278,177068
1.1319,177953
1.1360,177671
1.1401,177459
1.1443,177690
1.1483,177670
1.1524,177786
1.1565,177883
1.1606,177615
1.1646,177750
1.1687,178685
1.1728,178349
1.1770,178267
1.1810,177716
1.1851,178800
1.1893,178410
1.1934,178425
1.1975,178533
1.2016,178380
1.2057,177633
1.2098,178640
1.2139,178552
1.2185,179110
1.2222,178903
1.2263,178379
1.2266,178435
1.2302,179148
1.2343,178609
1.2384,179050
1.2426,177765
1.2466,178354
1.2507,177667
1.2548,177287
1.2588,177322
1.2630,177367
1.2671,177723
1.2711,177788
1.2753,177509
1.2794,177424
1.2835,177325
1.2876,176294
1.2918,176712
1.2957,175854
1.2998,174744
1.3039,175099
1.3080,174304
1.3121,174473
1.3162,174174
1.3203,173635
1.3244,174433
1.3285,173876
1.3326,173309
1.3367,174105
1.3408,173992
1.3451,173456
1.3491,173861
1.3533,174245
1.3544,175279
1.3572,175015
1.3613,173915
1.3654,172427
1.3696,171790
1.3735,171220
1.3777,172238
1.3817,171107
1.3858,170780
1.3900,170075
1.3940,171234
1.3984,169433
1.4023,168603
1.4063,168099
1.4104,167770
1.4145,166511
1.4186,166497
1.4227,165420
1.4268,163488
1.4309,164600
1.4350,165604
1.4391,165099
1.4433,165965
1.4473,166156
1.4514,165962
1.4556,167146
1.4599,166267
1.4637,166319
1.4679,167160
1.4720,167336
1.4762,168242
1.4801,166065
1.4803,165661
1.4843,165297
1.4883,164932
1.4924,163820
1.4965,163643
1.5006,163283
1.5046,164528
1.5088,164022
1.5128,164212
1.5170,164622
1.5211,164724
1.5252,165295
1.5293,165203
1.5335,164714
1.5374,164318
1.5416,163353
1.5457,162799
1.5498,163099
1.5538,162752
1.5579,162550
1.5620,163827
1.5661,163114
1.5702,163617
1.5743,165719
1.5785,165356
1.5826,164848
1.5867,165126
1.5907,165795
1.5948,166243
1.5989,165253
1.6031,166059
1.6072,165972
1.6073,165664
1.6111,166117
1.6152,166040
1.6193,167688
1.6234,167416
1.6276,166752
1.6316,167367
1.6357,168117
1.6398,168746
1.6439,168332
1.6480,168327
1.6521,170011
1.6562,169924
1.6603,170788
1.6644,172181
1.6685,172315
1.6726,173502
1.6767,173609
1.6809,173344
1.6849,174282
1.6889,173897
1.6931,173413
1.6972,174206
1.7013,175485
1.7054,175455
1.7095,176519
1.7136,177286
1.7177,176562
1.7217,176850
1.7258,177594
1.7300,178061
1.7339,178318
1.7341,177698
1.7381,177319
1.7423,176824
1.7463,176520
1.7504,177310
1.7545,176589
1.7586,176845
1.7627,177359
1.7673,177232
1.7709,176260
1.7750,175284
1.7791,174424
1.7831,173544
1.7873,174004
1.7914,172414
1.7955,172315
1.8004,172575
1.8036,172604
1.8077,172780
1.8118,172870
1.8159,171978
1.8200,170483
1.8241,169932
1.8282,170181
1.8323,170355
1.8364,170207
1.8405,170481
1.8446,170669
1.8487,170610
1.8528,170813
1.8570,170032
1.8612,169903
1.8614,170880
1.8652,171526
1.8691,171834
1.8733,171857
1.8774,174138
1.8815,176643
1.8856,175987
1.8896,175271
1.8940,173614
1.8978,174773
1.9019,173934
1.9061,174463
1.9101,177056
1.9143,176858
1.9184,177765
1.9226,178734
1.9265,179066
1.9306,178399
1.9348,177811
1.9389,176975
1.9430,176647
1.9470,175437
1.9512,175263
1.9552,175028
1.9593,174888
1.9635,175840
1.9675,175404
1.9715,175396
1.9757,175241
1.9799,175574
1.9842,175595
1.9880,175916
1.9921,176422
1.9922,176213
1.9962,175507
2.0002,176004
2.0044,176005
2.0086,176330
2.0126,174215
2.0167,172645
2.0207,171164
2.0248,168423
2.0290,165536
2.0330,161738
2.0372,159703
2.0412,160260
2.0453,162493
2.0494,161306
2.0535,161431
2.0576,162231
2.0617,162504
2.0658,163024
2.0700,165679
2.0740,165943
2.0781,166253
2.0823,165716
2.0863,164697
2.0904,163720
2.0946,162767
2.0986,161680
2.1028,162082
2.1068,162691
2.1113,162285
2.1151,164512
2.1191,166075
2.1192,165764
2.1232,164473
2.1272,162959
2.1313,164604
2.1355,164601
2.1396,163928
2.1437,162409
2.1477,159045
2.1518,156005
2.1559,155020
2.1600,155220
2.1641,158851
2.1682,162175
2.1722,162889
2.1764,161796
2.1805,162116
2.1845,163163
2.1886,163480
2.1928,163752
2.1968,163390
2.2009,162525
2.2050,161812
2.2091,160966
2.2132,160257
2.2174,160338
2.2214,159734
2.2255,159750
2.2296,160039
2.2337,161869
2.2391,163448
2.2420,164487
2.2464,164560
2.2472,162675
2.2501,161773
2.2542,162768
2.2583,163584
2.2624,163540
2.2665,162272
2.2705,160929
2.2751,160023
2.2788,159650
2.2829,158854
2.2869,158800
2.2910,158915
2.2951,159077
2.2993,160295
2.3033,160998
2.3075,159225
2.3115,158735
2.3156,157438
2.3197,156623
2.3238,156581
2.3280,158877
2.3320,159976
2.3360,160430
2.3402,161012
2.3443,160614
2.3484,160678
2.3525,160189
2.3566,159590
2.3608,159499
2.3651,159742
2.3691,160138
2.3730,158865
2.3731,158439
2.3770,158169
2.3812,157276
2.3852,156602
2.3893,156558
2.3935,156523
2.3975,157413
2.4016,158672
2.4058,158563
2.4098,158296
2.4146,157994
2.4182,158553
2.4221,159452
2.4262,158050
2.4303,158494
2.4344,158083
2.4386,157766
2.4426,157581
2.4467,155762
2.4508,153424
2.4549,152519
2.4590,154168
2.4631,155004
2.4678,154449
2.4712,154881
2.4753,152841
2.4795,152149
2.4836,152783
2.4877,152256
2.4923,152678
2.4965,153164
2.5003,154312
2.5011,154205
2.5041,153274
2.5082,154356
2.5122,155398
2.5163,155958
2.5208,156762
2.5245,157102
2.5287,158118
2.5327,157912
2.5368,157450
2.5411,158531
2.5450,160270
2.5491,160527
2.5532,161898
2.5573,162106
2.5613,162611
2.5655,162642
2.5695,164299
2.5736,165296
2.5778,166372
2.5818,167586
2.5859,168101
2.5900,168360
2.5948,168485
2.5982,168941
2.6023,170332
2.6064,171824
2.6105,171780
2.6146,171909
2.6187,171492
2.6229,172051
2.6278,173264
2.6284,173526
2.6310,173601
2.6351,173703
2.6392,173831
2.6433,173958
2.6473,174379
2.6515,173914
2.6556,174363
2.6597,174979
2.6638,175466
2.6678,176624
2.6719,176932
2.6761,177137
2.6801,178047
2.6842,178136
2.6883,178455
2.6924,178970
2.6965,178310
2.7007,177622
2.7047,176793
2.7089,177660
2.7129,177494
2.7170,177026
2.7211,176793
2.7253,177956
2.7293,177813
2.7335,177958
2.7375,178229
2.7416,178298
2.7457,178912
2.7499,178898
2.7539,178661
2.7541,179211
2.7581,180016
2.7621,180292
2.7661,180433
2.7702,180119
2.7745,180822
2.7785,179822
2.7825,180565
2.7866,181113
2.7907,181138
2.7948,181918
2.7989,181738
2.8030,182462
2.8071,183057
2.8112,183495
2.8153,183524
2.8194,184355
2.8235,184193
2.8276,184549
2.8317,184996
2.8357,184770
2.8399,184224
2.8440,184616
2.8481,183905
2.8522,184180
2.8563,184740
2.8603,183993
2.8645,184538
2.8686,184818
2.8727,184610
2.8770,184307
2.8810,184729
2.8810,184905
2.8849,184538
2.8890,185161
2.8931,184583
2.8972,184859
2.9013,184744
2.9055,184718
2.9095,184751
2.9136,185464
2.9177,185273
2.9218,184866
2.9259,185288
2.9300,185761
2.9340,185475
2.9382,186220
2.9423,185930
2.9464,186244
2.9505,186323
2.9546,186650
2.9587,186540
2.9628,186844
2.9669,187089
2.9709,186672
2.9751,187319
2.9792,187382
2.9833,187822
2.9873,187678
2.9914,187908
2.9956,187907
2.9997,187628
3.0040,188482
3.0080,187722
3.0082,188702
3.0120,187778
3.0160,188531
3.0201,188140
3.0242,188361
3.0284,188148
3.0324,188328
3.0365,189127
3.0406,188881
3.0447,189648
3.0488,189309
3.0529,189546
3.0569,189611
3.0611,189200
3.0652,190052
3.0693,189787
3.0734,189998
3.0775,190776
3.0816,190083
3.0857,189766
3.0898,190008
3.0938,189669
3.0979,189998
3.1020,189610
3.1061,189944
3.1102,190241
3.1143,190860
3.1184,189745
3.1225,190431
3.1266,190218
3.1309,190079
3.1349,190225
3.1350,189938
3.1389,190410
3.1430,190504
3.1471,189966
3.1512,191068
3.1553,190513
3.1594,190222
3.1635,189939
3.1675,189741
3.1717,189929
3.1757,190282
3.1798,190842
3.1839,191362
3.1881,191277
3.1921,190428
3.1969,190316
3.2004,191170
3.2044,191349
3.2087,191015
3.2126,190321
3.2167,190909
3.2208,190763
3.2250,190608
3.2291,190025
3.2331,190047
3.2372,189831
3.2413,190174
3.2454,189923
3.2495,190641
3.2536,190461
3.2577,190545
3.2619,190401
3.2659,190701
3.2660,190609
3.2699,190860
3.2740,191075
3.2782,190862
3.2822,191434
3.2863,190460
3.2905,190961
3.2947,190593
3.2987,191206
3.3028,191640
3.3069,191305
3.3109,191546
3.3151,190917
3.3192,190743
3.3233,189747
3.3273,190592
3.3314,190047
3.3356,190750
3.3396,190579
3.3437,190275
3.3478,189971
3.3520,190842
3.3561,190631
3.3601,190220
3.3642,191048
3.3683,190128
3.3724,190846
3.3767,191036
3.3805,190815
3.3850,190825
3.3894,191361
3.3930,190804
3.3931,191123
3.3969,191333
3.4010,191485
3.4051,191693
3.4093,190945
3.4133,191620
3.4174,191774
3.4215,191825
3.4256,191635
3.4297,191594
3.4338,191144
3.4379,191724
3.4420,191520
3.4460,191511
3.4502,191411
3.4543,191138
3.4584,191336
3.4626,191267
3.4665,191426
3.4706,191260
3.4747,191223
3.4788,191557
3.4829,191411
3.4870,191123
3.4912,191354
3.4952,191374
3.4993,191075
3.5034,191501
3.5075,191074
3.5128,191726
3.5160,190793
3.5199,191476
3.5200,192044
3.5240,191399
3.5280,191179
3.5320,192001
3.5361,190878
3.5404,191798
3.5443,190361
3.5485,190882
3.5525,191281
3.5566,191057
3.5608,191180
3.5648,190782
3.5689,190886
3.5730,190684
3.5771,191878
3.5812,191106
3.5853,191133
3.5894,191182
3.5935,191306
3.5976,190284
3.6017,191383
3.6058,190435
3.6099,190969
3.6140,192382
3.6181,190550
3.6222,191182
3.6263,191271
3.6303,190871
3.6345,191203
3.6386,190707
3.6428,191232
3.6468,190636
3.6470,190919
3.6509,190746
3.6550,190553
3.6590,191088
3.6631,190840
3.6672,191272
3.6713,191629
3.6756,190863
3.6795,191715
3.6836,191465
3.6877,191213
3.6920,190845
3.6959,191400
3.7002,191498
3.7041,192082
3.7086,191298
3.7123,191601
3.7164,192090
3.7206,191368
3.7246,191925
3.7288,191392
3.7330,191763
3.7375,191772
3.7410,191369
3.7452,190941
3.7492,191505
3.7533,191124
3.7580,191143
3.7615,192033
3.7655,191674
3.7699,191960
3.7743,191174
3.7746,191557
3.7786,191386
3.7827,191582
3.7877,191206
3.7902,191513
3.7969,191874
3.7987,191184
3.8027,190705
3.8065,190912
3.8126,191090
3.8153,190931
3.8188,191308
3.8229,191201
3.8292,191664
3.8320,191181
3.8352,190952
3.8393,190882
3.8459,190905
3.8482,191038
3.8516,190874
3.8557,191014
3.8624,191180
3.8650,191642
3.8679,191317
3.8720,191617
3.8762,191304
3.8812,191379
3.8847,190794
3.8884,191677
3.8926,191091
3.8972,190711
3.9008,190785
3.9009,190944
3.9048,190621
3.9090,190504
3.9133,191071
3.9173,190556
3.9212,190575
3.9253,190646
3.9305,190805
3.9339,190947
3.9376,190501
3.9417,190529
3.9465,190719
3.9502,190135
3.9539,190935
3.9583,190299
3.9647,190797
3.9670,190655
3.9704,190552
3.9748,190233
3.9797,191019
3.9835,191498
3.9868,190707
3.9911,190775
3.9968,190577
3.9997,191113
4.0031,190209
4.0073,190413
4.0122,190146
4.0161,191181
4.0195,190695
4.0243,190813
4.0282,190896
4.0291,190276
4.0322,190444
4.0359,190996
4.0400,191053
4.0455,190577
4.0489,190733
4.0523,190122
4.0563,190443
4.0623,190797
4.0648,190110
4.0686,189883
4.0727,190435
4.0783,189686
4.0815,189826
4.0850,189743
4.0891,189355
4.0949,189741
4.0977,189514
4.1014,189507
4.1055,189227
4.1096,189476
4.1147,189907
4.1185,189538
4.1219,189893
4.1282,189587
4.1305,189884
4.1341,190067
4.1383,189868
4.1424,189600
4.1471,189377
4.1506,189710
4.1547,189801
4.1548,189580
4.1588,189918
4.1962,188945
4.1971,189490
4.1976,189368
4.1983,189139
4.1989,189728
4.1994,189726
4.2000,189501
4.2004,188935
4.2009,189798
4.2015,189405
4.2059,189579
4.2085,189607
4.2121,188934
4.2165,189706
4.2202,190264
4.2244,189589
4.2287,189861
4.2328,189694
4.2365,190702
4.2409,189945
4.2460,189678
4.2489,189170
4.2530,189534
4.2571,189625
4.2622,189662
4.2656,189574
4.2693,188859
4.2735,189192
4.2778,188320
4.2817,189189
4.2858,188572
4.2860,188814
4.2901,188641
4.2961,188956
4.2986,188974
4.3021,188259
4.3062,188637
4.3116,188235
4.3149,188415
4.3185,188236
4.3226,188027
4.3268,188775
4.3314,188691
4.3349,187635
4.3390,188029
4.3449,188595
4.3477,188168
4.3513,188357
4.3554,188384
4.3615,188500
4.3641,187793
4.3676,188702
4.3717,188466
4.3779,188600
4.3805,188731
4.3840,188477
4.3881,188721
4.3923,188861
4.3969,188436
4.4008,188522
4.4046,187935
4.4087,188187
4.4132,188467
4.4134,188293
4.4168,188487
4.4209,188813
4.4253,188155
4.4297,187670
4.4337,188459
4.4375,188286
4.4414,188295
4.4460,188686
4.4505,188287
4.4536,188321
4.4578,187780
4.4628,187806
4.4663,187826
4.4701,188458
4.4751,188487
4.4797,187547
4.4827,187831
4.4868,187449
4.4905,187711
4.4950,187361
4.4995,187880
4.5028,187842
4.5069,187594
4.5116,187990
4.5163,187551
4.5192,187785
4.5233,187951
4.5305,188375
4.5319,187699
4.5358,187877
4.5397,187597
4.5401,187711
4.5458,187746
4.5484,187208
4.5520,187314
4.5560,187223
4.5618,186887
4.5650,187117
4.5683,187206
4.5725,186839
4.5785,186940
4.5813,186691
4.5847,186520
4.5888,185977
4.5947,186588
4.5975,186197
4.6011,186387
4.6052,186202
4.6114,186799
4.6140,186453
4.6175,185631
4.6216,186576
4.6280,187235
4.6303,186847
4.6339,186325
4.6380,186693
4.6423,186996
4.6465,186965
4.6507,186917
4.6544,186643
4.6585,186619
4.6631,187185
4.6669,186557
4.6670,185834
4.6707,185624
4.6748,186471
4.6793,186774
4.6835,185980
4.6872,185828
4.6913,186346
4.6958,186185
4.6998,185752
4.7035,186657
4.7078,187131
4.7126,186791
4.7164,186386
4.7199,186586
4.7241,186441
4.7288,186634
4.7325,186436
4.7363,187155
4.7404,186607
4.7452,186821
4.7493,186682
4.7526,186601
4.7568,186297
4.7614,186365
4.7655,186228
4.7690,186330
4.7732,186543
4.7783,186410
4.7819,186613
4.7855,186439
4.7897,186804
4.7940,186247
4.7945,186883
4.7989,186198
4.8018,186794
4.8059,186297
4.8111,187059
4.8149,186344
4.8182,186893
4.8223,187196
4.8278,186460
4.8309,186655
4.8346,187236
4.8387,185574
4.8452,186664
4.8477,186169
4.8509,186156
4.8551,186486
4.8621,186789
4.8635,186431
4.8673,186674
4.8715,186343
4.8756,186831
4.8802,186078
4.8841,185992
4.8884,186396
4.8920,186715
4.8971,186787
4.9009,186596
4.9048,186320
4.9083,186217
4.9133,186510
4.9166,186354
4.9206,186294
4.9207,185971
4.9248,186273
4.9296,186722
4.9336,186540
4.9370,186245
4.9412,186326
4.9458,185629
4.9494,186350
4.9534,186360
4.9578,185200
4.9624,185498
4.9660,186015
4.9697,185698
4.9741,185574
4.9795,185581
4.9825,185811
4.9861,185625
4.9902,184764
4.9957,185388
4.9992,185504
5.0027,185311
5.0067,185597
5.0127,185794
5.0154,185607
5.0194,185984
5.0230,185715
5.0281,185707
5.0317,185595
5.0363,185864
5.0395,186877
5.0462,186131
5.0480,185737
5.0489,186271
5.0521,186008
5.0558,186455
5.0640,186043
5.0647,186030
5.0693,185830
5.0722,185573
5.0782,185318
5.0808,185552
5.0850,185709
5.0886,185569
5.0949,185407
5.0976,185558
5.1016,185432
5.1049,185739
5.1116,185192
5.1137,185743
5.1177,186185
5.1219,185669
5.1257,185240
5.1302,185766
5.1344,185607
5.1383,186027
5.1421,185908
5.1470,185547
5.1508,185397
5.1546,185790
5.1582,185724
5.1628,185717
5.1670,185336
5.1706,185235
5.1746,185839
5.1747,185411
5.1795,185872
5.1835,185588
5.1868,185035
5.1910,185468
5.1959,185393
5.1996,185685
5.2032,185521
5.2074,184958
5.2124,185454
5.2161,185267
5.2196,184941
5.2237,185392
5.2285,185393
5.2323,185034
5.2360,185388
5.2401,184891
5.2450,184757
5.2490,185361
5.2524,185165
5.2568,185154
5.2618,185337
5.2653,184975
5.2688,184726
5.2729,185114
5.2784,184627
5.2815,184819
5.2851,185012
5.2894,184720
5.2951,185189
5.2975,184845
5.3016,184526
5.3057,184791
5.3058,184841
5.3098,185322
5.3146,185616
5.3188,184929
5.3227,184481
5.3283,184822
5.3305,184989
5.3349,185001
5.3384,184965
5.3442,184400
5.3471,184569
5.3514,184578
5.3555,184373
5.3610,184428
5.3640,183933
5.3673,183896
5.3711,183943
5.3778,184471
5.3800,184945
5.3834,184283
5.3875,184115
5.3920,184476
5.3965,184027
5.4003,183443
5.4039,184569
5.4080,184577
5.4131,184772
5.4162,183862
5.4203,184537
5.4248,184360
5.4286,184120
5.4327,184345
5.4328,184260
5.4367,184161
5.4409,183868
5.4454,184018
5.4493,183731
5.4530,183815
5.4572,183883
5.4619,184052
5.4660,183962
5.4695,184128
5.4735,184246
5.4778,183761
5.4822,183827
5.4862,183749
5.4899,183931
5.4947,183763
5.4990,183868
5.5028,184832
5.5063,184111
5.5114,183935
5.5149,184498
5.5186,184128
5.5227,183631
5.5295,184534
5.5315,183977
5.5352,184152
5.5392,184202
5.5446,184490
5.5480,184338
5.5514,184219
5.5555,184156
5.5604,184183
5.5618,184190
5.5645,184177
5.5678,184205
5.5718,184009
5.5790,183859
5.5807,184208
5.5847,183528
5.5882,184284
5.5952,184006
5.5971,184199
5.6009,183750
5.6047,183567
5.6088,183563
5.6133,183996
5.6173,183528
5.6210,183567
5.6251,183730
5.6297,183674
5.6340,183481
5.6374,184190
5.6415,184294
5.6466,183657
5.6497,184040
5.6537,183629
5.6579,183650
5.6632,183886
5.6666,184239
5.6702,184320
5.6744,184590
5.6791,183870
5.6827,183993
5.6865,183547
5.6866,183672
5.6908,183907
5.6962,183152
5.6991,183993
5.7029,183952
5.7072,183681
5.7120,183514
5.7155,183953
5.7193,183647
5.7236,183451
5.7284,184665
5.7325,184061
5.7357,183946
5.7398,184040
5.7442,183487
5.7484,183687
5.7521,183804
5.7564,183340
5.7609,183919
5.7646,183239
5.7685,183136
5.7725,183051
5.7777,183487
5.7812,183365
5.7848,183994
5.7891,183490
5.7940,183459
5.7980,183426
5.8018,183906
5.8054,183060
5.8109,183844
5.8135,183274
5.8136,183985
5.8177,183948
5.8218,183160
5.8281,183929
5.8307,183325
5.8340,183569
5.8380,183583
5.8446,183957
5.8466,183472
5.8507,183333
5.8546,183366
5.8612,183373
5.8633,182852
5.8667,183612
5.8708,183253
5.8779,182720
5.8803,182348
5.8831,182375
5.8872,183150
5.8940,183552
5.8962,183046
5.8995,182950
5.9036,183012
5.9078,182587
5.9128,182949
5.9159,183241
5.9200,182742
5.9241,183606
5.9287,182984
5.9334,183328
5.9365,182737
5.9406,182274
5.9407,183071
5.9449,183335
5.9492,182589
5.9527,182629
5.9570,182712
5.9617,182197
5.9655,182470
5.9691,182643
5.9733,183256
5.9783,183116
5.9818,182382
5.9855,183041
5.9897,182728
5.9946,182184
5.9986,182840
6.0019,182915
6.0062,182168
6.0113,182170
6.0148,183219
6.0188,182735
6.0224,182471
6.0281,182618
6.0310,182696
6.0347,182586
6.0389,183099
6.0444,181928
6.0473,182798
6.0511,182297
6.0551,182036
6.0607,182299
6.0634,181936
6.0675,181759
6.0676,181945
6.0715,182225
6.0771,182020
6.0803,181428
6.0838,182329
6.0879,182482
6.0937,181690
6.0965,181730
6.1007,181867
6.1049,181622
6.1112,182216
6.1132,181501
6.1174,182154
6.1207,182455
6.1249,182210
6.1297,181651
6.1335,181706
6.1371,182268
6.1414,182191
6.1461,182356
6.1494,182788
6.1535,182646
6.1575,181911
6.1621,181859
6.1698,182242
6.1703,182420
6.1745,182141
6.1782,182289
6.1821,181894
6.1862,181655
6.1904,182157
6.1950,181835
6.1953,182365
6.1985,182075
6.2026,181840
6.2067,181888
6.2108,181700
6.2149,182790
6.2190,182370
6.2231,182699
6.2272,181776
6.2312,182358
6.2354,181838
6.2395,181944
6.2436,181813
6.2476,182731
6.2517,182419
6.2559,182726
6.2600,181752
6.2641,182321
6.2682,181993
6.2722,182001
6.2764,181860
6.2805,181252
6.2853,181683
6.2887,182141
6.2929,181423
6.2970,181538
6.3010,181986
6.3051,181961
6.3092,181505
6.3133,182187
6.3175,181535
6.3216,181791
6.3256,182044
6.3258,181520
6.3297,181927
6.3337,181945
6.3378,181868
6.3419,181869
6.3459,181515
6.3501,181572
6.3541,181561
6.3583,181701
6.3623,181303
6.3665,180891
6.3705,181807
6.3746,181618
6.3787,180921
6.3828,181115
6.3869,180475
6.3910,180750
6.3951,181344
6.3992,181205
6.4033,181379
6.4074,181428
6.4115,181411
6.4156,180750
6.4197,181501
6.4238,181197
6.4278,181264
6.4319,181260
6.4360,180797
6.4402,181487
6.4453,180961
6.4486,181800
6.4526,181034
6.4527,180988
6.4565,181266
6.4606,182287
6.4647,181052
6.4688,181073
6.4729,181668
6.4770,181669
6.4811,181683
6.4852,181987
6.4893,181651
6.4935,181624
6.4975,181539
6.5016,181272
6.5057,182122
6.5098,181510
6.5139,181073
6.5180,181759
6.5223,181386
6.5262,181084
6.5302,181159
6.5343,180856
6.5385,180746
6.5426,180777
6.5466,181322
6.5507,180881
6.5548,180682
6.5589,181218
6.5630,181630
6.5671,181232
6.5713,180708
6.5755,181430
6.5795,181250
6.5796,181127
6.5835,181448
6.5876,181420
6.5917,181225
6.5958,181074
6.5999,181170
6.6040,180947
6.6081,181617
6.6122,181725
6.6163,181604
6.6204,181321
6.6245,181912
6.6285,181110
6.6326,180863
6.6367,181074
6.6409,181761
6.6449,181990
6.6490,181768
6.6532,181761
6.6573,181734
6.6614,181306
6.6655,182169
6.6696,180968
6.6736,182092
6.6777,181368
6.6818,180640
6.6866,181491
6.6902,180745
6.6941,181167
6.6993,181403
6.7025,181813
6.7071,181120
6.7073,181030
6.7105,180316
6.7146,181223
6.7187,181422
6.7228,181201
6.7269,180844
6.7310,181151
6.7351,180705
6.7393,180531
6.7433,181760
6.7474,180805
6.7515,180537
6.7557,180507
6.7596,180618
6.7637,180967
6.7678,181537
6.7719,181126
6.7760,180924
6.7801,180825
6.7842,180797
6.7884,181532
6.7924,180725
6.7965,180480
6.8006,180549
6.8047,180457
6.8089,180678
6.8129,180167
6.8170,180330
6.8211,180487
6.8252,180282
6.8294,180324
6.8333,180659
6.8334,180470
6.8375,181013
6.8416,181246
6.8456,180429
6.8498,180996
6.8538,181871
6.8579,181487
6.8621,181372
6.8661,181283
6.8702,181277
6.8743,180763
6.8784,180816
6.8825,180584
6.8866,180841
6.8907,180553
6.8953,180366
6.8989,180776
6.9030,180838
6.9071,181070
6.9114,181220
6.9154,180495
6.9194,181087
6.9235,180228
6.9276,181369
6.9317,180972
6.9358,180947
6.9399,180844
6.9440,180679
6.9480,180906
6.9522,180193
6.9564,181083
6.9606,181093
6.9607,181025
6.9645,180405
6.9685,180787
6.9726,180844
6.9767,180922
6.9808,180365
6.9849,180914
6.9891,180480
6.9931,180686
6.9972,180629
7.0017,180697
7.0054,180835
7.0095,180674
7.0137,179783
7.0177,180357
7.0220,180321
7.0259,180633
7.0300,180849
7.0340,180405
7.0382,180217
7.0423,180735
7.0463,180868
7.0505,180241
7.0545,180403
7.0586,180359
7.0627,180210
7.0668,179638
7.0710,180238
7.0750,180130
7.0791,179787
7.0834,180203
7.0875,180070
7.0876,180746
7.0914,180365
7.0955,180602
7.0996,180383
7.1037,180562
7.1078,180740
7.1119,180133
7.1160,180938
7.1200,180055
7.1242,180171
7.1282,180136
7.1323,180777
7.1365,180932
7.1406,180659
7.1446,180832
7.1489,180842
7.1528,180518
7.1569,181034
7.1610,180201
7.1651,180709
7.1692,180774
7.1733,180884
7.1774,180544
7.1815,180926
7.1856,180991
7.1897,180817
7.1938,180653
7.1979,180811
7.2020,180941
7.2061,181047
7.2103,180429
7.2144,180872
7.2183,180171
7.2184,180410
7.2225,180357
7.2266,180321
7.2307,179740
7.2348,180201
7.2389,179920
7.2430,180558
7.2471,180119
7.2512,180351
7.2553,180981
7.2594,180459
7.2635,180393
7.2676,181587
7.2717,180914
7.2758,181879
7.2799,180461
7.2839,181404
7.2884,180975
7.2923,181228
7.2967,180758
7.3003,180903
7.3045,180291
7.3085,180843
7.3126,180795
7.3167,181047
7.3209,180783
7.3249,180415
7.3290,180567
7.3331,180883
7.3374,180653
7.3413,180344
7.3454,180821
7.3455,180581
7.3494,180718
7.3535,180650
7.3576,180343
7.3617,180862
7.3658,180978
7.3700,180251
7.3741,180826
7.3783,180890
7.3823,181033
7.3864,180224
7.3905,180734
7.3945,180141
7.3986,180081
7.4028,181242
7.4069,181455
7.4109,180805
7.4150,180675
7.4191,180825
7.4232,180181
7.4273,180691
7.4314,180606
7.4356,180071
7.4396,180465
7.4436,180506
7.4478,180044
7.4518,180746
7.4559,179932
7.4600,180124
7.4644,180354
7.4684,180727
7.4724,180633
7.4725,180905
7.4764,180383
7.4805,180748
7.4846,180882
7.4887,180351
7.4929,180775
7.4969,180959
7.5011,180809
7.5051,180655
7.5092,180446
7.5133,180944
7.5173,180398
7.5215,180256
7.5255,180761
7.5296,180474
7.5338,180720
7.5379,180600
7.5421,180390
7.5460,180544
7.5501,181070
7.5543,181573
7.5584,180446
7.5625,181160
7.5666,180742
7.5706,180695
7.5749,181224
7.5789,180654
7.5829,180649
7.5870,181406
7.5912,181188
7.5953,180560
7.5993,180883
7.5994,181027
7.6034,180644
7.6075,181096
7.6116,180870
7.6156,180683
7.6198,180464
7.6239,180646
7.6281,180631
7.6320,180365
7.6361,180405
7.6403,181035
7.6445,180931
7.6485,180872
7.6526,180231
7.6567,181025
7.6607,180493
7.6648,180391
7.6690,180713
7.6731,181041
7.6771,180501
7.6813,180904
7.6854,180755
7.6894,181133
7.6935,180865
7.6977,181152
7.7018,181590
7.7059,180802
7.7099,180765
7.7140,181000
7.7182,180641
7.7224,180489
7.7264,180683
7.7265,180556
7.7303,181345
7.7345,180593
7.7385,180962
7.7427,181022
7.7470,180871
7.7509,180642
7.7549,181158
7.7594,180740
7.7631,181277
7.7672,180604
7.7713,180397
7.7754,180382
7.7795,180543
7.7836,181254
7.7877,180150
7.7922,180254
7.7960,180242
7.8000,180004
7.8041,180107
7.8082,180153
7.8123,179910
7.8163,179968
7.8206,180391
7.8246,179916
7.8290,180202
7.8327,179733
7.8368,180077
7.8410,180513
7.8451,179953
7.8495,180226
7.8538,180505
7.8542,180046
7.8574,180418
7.8615,180078
7.8655,179926
7.8697,180128
7.8737,180404
7.8782,180334
7.8819,180144
7.8860,180438
7.8901,179930
7.8942,180535
7.8983,179851
7.9024,180177
7.9065,179739
7.9106,180160
7.9147,180476
7.9187,181100
7.9229,180802
7.9269,180499
7.9310,180895
7.9351,181180
7.9393,180960
7.9433,180418
7.9475,180534
7.9517,179864
7.9556,180739
7.9597,181329
7.9639,181312
7.9679,180636
7.9722,180551
7.9762,180202
7.9803,180312
7.9805,180513
7.9843,180624
7.9884,180456
7.9925,180588
7.9966,180728
8.0008,180750
8.0048,180609
8.0089,179913
8.0130,180476
8.0170,180578
8.0213,180354
8.0253,180934
8.0294,180755
8.0335,180339
8.0376,181365
8.0417,181123
8.0458,180891
8.0498,179910
8.0540,181259
8.0580,180223
8.0621,179946
8.0662,180423
8.0703,180340
8.0744,180989
8.0785,180864
8.0827,180789
8.0867,181107
8.0910,180518
8.0949,180787
8.0991,180455
8.1032,180397
8.1073,180941
8.1074,180179
8.1113,180412
8.1153,180696
8.1195,179971
8.1236,179463
8.1278,180075
8.1318,179908
8.1359,180357
8.1399,180382
8.1441,180474
8.1482,179202
8.1523,180242
8.1563,179879
8.1605,179882
8.1645,180066
8.1686,180663
8.1728,180237
8.1768,180764
8.1815,181283
8.1855,180572
8.1899,180879
8.1939,180734
8.1980,181030
8.2014,180521
8.2056,180273
8.2107,180200
8.2142,180202
8.2178,180447
8.2220,180383
8.2265,180451
8.2302,180566
8.2342,180670
8.2383,180307
8.2385,180600
8.2427,180116
8.2475,180402
8.2509,180694
8.2546,180049
8.2592,180484
8.2636,180039
8.2669,180474
8.2710,180644
8.2758,180444
8.2793,180400
8.2833,180603
8.2874,180000
8.2916,180394
8.2961,180073
8.2997,180786
8.3038,181033
8.3084,180637
8.3123,180350
8.3160,179955
8.3201,180506
8.3245,180466
8.3287,180845
8.3325,180177
8.3365,180952
8.3408,180439
8.3456,180442
8.3488,180632
8.3530,180045
8.3571,180748
8.3620,180873
8.3654,180558
8.3655,180391
8.3694,180748
8.3735,180193
8.3782,179875
8.3816,180418
8.3858,180067
8.3898,180484
8.3943,180713
8.3982,180238
8.4021,180305
8.4062,180250
8.4106,180570
8.4144,180414
8.4185,180782
8.4226,180595
8.4273,180506
8.4307,179987
8.4349,180328
8.4389,180628
8.4435,180951
8.4484,180334
8.4514,180330
8.4553,180201
8.4604,180362
8.4646,180625
8.4677,180364
8.4720,180143
8.4768,179632
8.4801,179951
8.4841,179359
8.4882,179580
8.4922,180290
8.4928,180561
8.4965,180457
8.5004,180324
8.5046,180190
8.5089,180598
8.5133,180640
8.5168,180374
8.5208,180688
8.5254,180623
8.5296,179772
8.5332,180925
8.5372,180681
8.5418,180279
8.5457,179968
8.5495,180333
8.5536,180548
8.5581,180460
8.5624,180028
8.5659,180996
8.5700,179921
8.5751,180015
8.5788,180108
8.5823,180283
8.5864,180736
8.5917,180153
8.5948,180657
8.5987,180006
8.6028,180274
8.6073,180132
8.6112,179667
8.6152,179751
8.6193,180373
8.6193,180652
8.6233,180697
8.6280,180303
8.6317,180372
8.6355,180422
8.6397,180884
8.6442,180403
8.6481,180525
8.6528,180383
8.6561,180432
8.6604,180591
8.6649,180336
8.6684,180299
8.6725,180976
8.6770,181228
8.6812,180584
8.6848,179793
8.6888,180616
8.6939,180463
8.6970,180119
8.7011,180148
8.7054,180079
8.7096,180302
8.7138,180358
8.7179,180374
8.7216,180344
8.7266,180351
8.7303,180056
8.7338,180366
8.7380,180268
8.7422,180833
8.7461,180515
8.7462,180366
8.7502,180978
8.7545,181042
8.7590,180533
8.7633,180480
8.7666,179834
8.7708,180743
8.7758,180636
8.7789,180787
8.7830,180826
8.7872,180580
8.7915,180619
8.7960,180486
8.7998,180470
8.8035,180881
8.8080,180538
8.8124,180563
8.8163,180487
8.8199,180224
8.8244,180204
8.8289,180264
8.8326,180603
8.8363,180162
8.8408,180620
8.8450,179972
8.8492,180138
8.8529,180741
8.8571,180089
8.8614,180854
8.8650,180498
8.8691,180745
8.8734,180484
8.8735,180565
8.8778,179973
8.8817,180413
8.8854,180640
8.8895,180828
8.8938,180663
8.8977,180050
8.9018,179956
8.9059,179884
8.9106,179905
8.9141,179883
8.9182,180658
8.9222,179924
8.9268,180124
8.9308,180048
8.9346,180613
8.9387,180478
8.9435,179978
8.9473,180645
8.9509,180511
8.9551,180411
8.9598,180588
8.9636,180451
8.9673,180866
8.9717,180571
8.9759,180185
8.9803,180482
8.9837,180123
8.9879,179900
8.9924,180409
8.9961,180054
9.0004,179955
9.0006,180054
9.0042,179939
9.0090,180017
9.0129,179697
9.0165,180232
9.0206,180567
9.0255,180457
9.0289,179867
9.0329,179655
9.0372,180314
9.0422,179262
9.0460,179158
9.0495,180117
9.0534,179817
9.0578,179453
9.0620,180035
9.0656,180254
9.0697,179664
9.0745,180204
9.0783,180345
9.0825,180824
9.0861,180275
9.0902,179808
9.0947,180085
9.0993,180564
9.1025,180200
9.1067,180058
9.1114,180095
9.1148,180112
9.1189,180237
9.1236,180090
9.1272,179810
9.1273,180007
9.1312,180243
9.1353,180028
9.1394,180124
9.1442,180340
9.1475,180281
9.1517,180365
9.1558,180402
9.1604,179313
9.1640,180717
9.1680,180347
9.1721,180546
9.1766,180159
9.1809,179868
9.1844,180206
9.1886,180816
9.1926,180124
9.1967,180135
9.2008,180514
9.2050,180407
9.2090,180515
9.2132,180534
9.2173,180577
9.2213,180280
9.2254,180379
9.2295,180567
9.2336,180497
9.2376,179788
9.2418,180278
9.2459,180202
9.2502,180780
9.2542,180557
9.2584,180513
9.2585,180200
9.2622,180284
9.2664,180273
9.2704,179763
9.2745,180429
9.2787,180257
9.2827,180489
9.2868,180395
9.2910,180093
9.2952,180198
9.2992,180150
9.3032,180865
9.3074,180546
9.3114,180552
9.3156,179838
9.3196,179671
9.3237,179991
9.3278,180490
9.3319,180180
9.3361,179511
9.3401,180887
9.3441,180578
9.3483,180249
9.3524,180373
9.3565,179646
9.3606,179841
9.3646,180308
9.3688,180047
9.3729,180094
9.3771,180165
9.3812,179687
9.3853,179993
9.3855,179262
9.3892,179808
9.3933,179843
9.3974,179983
9.4015,179722
9.4056,180362
9.4096,180858
9.4138,180106
9.4179,180007
9.4220,180132
9.4260,180704
9.4301,179452
9.4343,180008
9.4384,180424
9.4426,180151
9.4465,179902
9.4506,180206
9.4548,179584
9.4589,180191
9.4633,180227
9.4671,180342
9.4712,180464
9.4753,180294
9.4793,179904
9.4834,180092
9.4875,179952
9.4916,180273
9.4957,180068
9.4998,180148
9.5040,180100
9.5081,180371
9.5121,180390
9.5123,179638
9.5164,179588
9.5206,180051
9.5244,180048
9.5285,179750
9.5326,179544
9.5366,179539
9.5407,179701
9.5449,179892
9.5489,180022
9.5530,179399
9.5571,179721
9.5612,179007
9.5654,179688
9.5694,179641
9.5736,180134
9.5777,179718
9.5818,178894
9.5858,179522
9.5899,179367
9.5940,180005
9.5981,179727
9.6022,179867
9.6063,180010
9.6105,180311
9.6145,180129
9.6192,180165
9.6227,180340
9.6267,179916
9.6323,179792
9.6352,180239
9.6391,180147
9.6392,180000
9.6431,180098
9.6473,180279
9.6513,179633
9.6555,179869
9.6595,179728
9.6636,179579
9.6677,179595
9.6718,179775
9.6759,180203
9.6800,180050
9.6841,179731
9.6882,180244
9.6922,179636
9.6964,180021
9.7005,179936
9.7045,179641
9.7087,179821
9.7127,179507
9.7168,179487
9.7210,180671
9.7250,180326
9.7292,179635
9.7333,180222
9.7376,180500
9.7415,180262
9.7455,180035
9.7496,180322
9.7538,180109
9.7579,179444
9.7622,180064
9.7664,179848
9.7672,179668
9.7703,179650
9.7742,180132
9.7783,180155
9.7824,179984
9.7866,180687
9.7906,179434
9.7946,180319
9.7987,179984
9.8030,179700
9.8070,179760
9.8111,180005
9.8151,180535
9.8192,179910
9.8233,180056
9.8274,180888
9.8315,180172
9.8356,180095
9.8397,180035
9.8438,179822
9.8479,179823
9.8520,179901
9.8561,179654
9.8602,179639
9.8643,179807
9.8684,179826
9.8725,179295
9.8767,179663
9.8807,179889
9.8848,180135
9.8891,178963
9.8932,179308
9.8933,179193
9.8970,178513
9.9011,179301
9.9053,179289
9.9093,179513
9.9135,179340
9.9175,179979
9.9216,180343
9.9257,180706
9.9298,180033
9.9339,179968
9.9380,180044
9.9421,179588
9.9462,179474
9.9503,179732
9.9545,179445
9.9585,180130
9.9626,179766
9.9667,179929
9.9708,179652
9.9749,179836
9.9790,179683
9.9831,180154
9.9873,180637
9.9913,179794
9.9953,179854
9.9994,179968
10.0036,179672
10.0077,179658
10.0118,180254
10.0159,179940
10.0200,179506
10.0201,179958
10.0248,180099
10.0281,180359
10.0322,180311
10.0363,179733
10.0405,180428
10.0445,179994
10.0486,180189
10.0535,179788
10.0568,180143
10.0609,179543
10.0650,180270
10.0691,179864
10.0732,180318
10.0773,179588
10.0814,179352
10.0855,179887
10.0896,179538
10.0937,180168
10.0977,180232
10.1018,180151
10.1060,179682
10.1100,180274
10.1142,180361
10.1182,180439
10.1223,180225
10.1265,179856
10.1305,179689
10.1346,180028
10.1387,179347
10.1431,179503
10.1480,179836
10.1483,179256
10.1510,179745
10.1551,179607
10.1592,179915
10.1633,180664
10.1674,179711
10.1715,179602
10.1756,180093
10.1797,180079
10.1838,180006
10.1879,179726
10.1919,179572
10.1961,180149
10.2001,179898
10.2043,179668
10.2083,179350
10.2125,179973
10.2165,179955
10.2206,179764
10.2247,179973
10.2288,180361
10.2329,179521
10.2371,179586
10.2411,179659
10.2453,179711
10.2493,180079
10.2535,180176
10.2576,179530
10.2616,179747
10.2658,179377
10.2699,180303
10.2740,179580
10.2782,179896
10.2784,180467
10.2821,179911
10.2861,178999
10.2903,179691
10.2944,180117
10.2984,179586
10.3026,179405
10.3066,179566
10.3108,180128
10.3148,179588
10.3189,180185
10.3230,179722
10.3272,180709
10.3312,179779
10.3353,179932
10.3395,179346
10.3435,179987
10.3476,179817
10.3517,179214
10.3558,179286
10.3599,179623
10.3640,179231
10.3681,179637
10.3722,179636
10.3763,180069
10.3804,179137
10.3845,180091
10.3886,179321
10.3927,179208
10.3971,179336
10.4011,179982
10.4050,178743
10.4051,179945
10.4090,179373
10.4131,179636
10.4172,180150
10.4213,179056
10.4254,179614
10.4295,179358
10.4336,179832
10.4377,179794
10.4418,179742
10.4459,179955
10.4500,179316
10.4541,179967
10.4582,179529
10.4623,179443
10.4664,179518
10.4705,179864
10.4746,179926
10.4787,179847
10.4828,179421
10.4869,179649
10.4909,179909
10.4951,179923
10.4991,180262
10.5033,179530
10.5074,179997
10.5115,180271
10.5155,180879
10.5197,179996
10.5240,180395
10.5281,180005
10.5320,179929
10.5321,179445
10.5360,179932
10.5401,179260
10.5442,179913
10.5483,179463
10.5526,180254
10.5565,179764
10.5606,180021
10.5647,179836
10.5689,179889
10.5729,179580
10.5770,180321
10.5811,179564
10.5851,179946
10.5893,179609
10.5934,179778
10.5975,180380
10.6016,180177
10.6056,179636
10.6098,179679
10.6140,180044
10.6180,180113
10.6221,179615
10.6262,179786
10.6304,179272
10.6344,179872
10.6385,179675
10.6425,179267
10.6467,179727
10.6511,179827
10.6550,179625
10.6590,179579
10.6593,179962
10.6630,179368
10.6672,180222
10.6712,179855
10.6753,179415
10.6795,179600
10.6836,179969
10.6877,179840
10.6923,179782
10.6964,179917
10.6999,179819
10.7040,179480
10.7081,179512
10.7121,179393
10.7162,179658
10.7204,180238
10.7245,180542
10.7285,180175
10.7327,179772
10.7367,179576
10.7408,179932
10.7449,179821
10.7490,179200
10.7531,179641
10.7572,180181
10.7614,179273
10.7654,179298
10.7696,180321
10.7736,179868
10.7777,179683
10.7819,179801
10.7859,179637
10.7862,179892
10.7900,179821
10.7940,179868
10.7982,179822
10.8023,180268
10.8064,179976
10.8105,179761
10.8145,179912
10.8186,180029
10.8227,179326
10.8268,179881
10.8309,179983
10.8350,179694
10.8391,180142
10.8432,179916
10.8473,179356
10.8515,179637
10.8556,179254
10.8596,179649
10.8637,179982
10.8678,180317
10.8719,179531
10.8762,180205
10.8802,180157
10.8842,180084
10.8883,180370
10.8923,180091
10.8964,179797
10.9006,180092
10.9047,180028
10.9089,179795
10.9129,180149
10.9130,180448
10.9169,179577
10.9210,179974
10.9251,179956
10.9292,179721
10.9333,179654
10.9375,180186
10.9415,179418
10.9456,179664
10.9497,179492
10.9538,179288
10.9579,179978
10.9620,179478
10.9661,180546
10.9702,179651
10.9743,180152
10.9784,180246
10.9825,180677
10.9866,179693
10.9906,179854
10.9948,180008
10.9988,180325
11.0030,179938
11.0071,179770
11.0111,179637
11.0152,179900
11.0194,179366
11.0235,179869
11.0275,179572
11.0316,180013
11.0358,179254
11.0399,180036
11.0442,179732
11.0443,179327
11.0480,180181
11.0523,179396
11.0562,180173
11.0603,179378
11.0645,180483
11.0685,179823
11.0726,180057
11.0767,180040
11.0808,180074
11.0849,180180
11.0890,179461
11.0931,179911
11.0972,179920
11.1012,180398
11.1054,180650
11.1095,179733
11.1135,179532
11.1176,180005
11.1217,179893
11.1258,180076
11.1299,180215
11.1340,179873
11.1381,179878
11.1422,179838
11.1463,179753
11.1506,179791
11.1545,179453
11.1586,179692
11.1634,179743
11.1670,179657
11.1710,179345
11.1711,178798
11.1750,178958
11.1790,179350
11.1832,178845
11.1873,179048
11.1913,179481
11.1955,179709
11.1995,179122
11.2036,180007
11.2077,180314
11.2119,180086
11.2160,179830
11.2201,179710
11.2243,179295
11.2282,179954
11.2324,180592
11.2365,180149
11.2406,180054
11.2446,179535
11.2487,179597
11.2528,179673
11.2569,179442
11.2610,179501
11.2651,179768
11.2693,179619
11.2733,179845
11.2774,179444
11.2815,178940
11.2856,179980
11.2900,179904
11.2940,180060
11.2981,179814
11.2982,179824
11.3020,180123
11.3060,180344
11.3101,180136
11.3142,179879
11.3183,180142
11.3225,180598
11.3265,179598
11.3306,179482
11.3347,179808
11.3388,179709
11.3429,179628
11.3470,179470
11.3511,179995
11.3552,179987
11.3593,180083
11.3635,180227
11.3675,180066
11.3716,180104
11.3757,179893
11.3797,180740
11.3839,180294
11.3880,179845
11.3921,179893
11.3961,180049
11.4003,179623
11.4043,179808
11.4084,179812
11.4125,179786
11.4168,179960
11.4209,179799
11.4248,179988
11.4249,179663
11.4289,179847
11.4330,179798
11.4371,179452
11.4412,179566
11.4453,179600
11.4494,179677
11.4535,179904
11.4576,179280
11.4617,180176
11.4658,180069
11.4699,180072
11.4740,180144
11.4781,180412
11.4822,180510
11.4863,180937
11.4904,180321
11.4944,180392
11.4986,180531
11.5026,180546
11.5069,180488
11.5109,180281
11.5149,180146
11.5191,179400
11.5231,179511
11.5272,180013
11.5313,179974
11.5355,180633
11.5395,179671
11.5441,180270
11.5479,180424
11.5522,180032
11.5524,180556
11.5559,180016
11.5600,179742
11.5641,180459
11.5682,179717
11.5723,179544
11.5764,179437
11.5805,179438
11.5846,180067
11.5887,179368
11.5929,179853
11.5969,180032
11.6011,180381
11.6051,180100
11.6092,180293
11.6133,179595
11.6174,180075
11.6215,179733
11.6256,180110
11.6296,180563
11.6338,179795
11.6379,179964
11.6419,180498
11.6460,179865
11.6501,180176
11.6544,180388
11.6583,179782
11.6624,180156
11.6665,180248
11.6706,180183
11.6749,180127
11.6788,179926
11.6789,180121
11.6829,180307
11.6869,180066
11.6911,180006
11.6952,179842
11.6993,179552
11.7034,179668
11.7076,179694
11.7116,179988
11.7157,180334
11.7198,179535
11.7239,179868
11.7280,180410
11.7321,179847
11.7361,179833
11.7402,180409
11.7444,180483
11.7487,179407
11.7525,180062
11.7566,179706
11.7607,179432
11.7648,179353
11.7690,179326
11.7730,180470
11.7771,179706
11.7812,179718
11.7853,179543
11.7894,179663
11.7935,179245
11.7977,179960
11.8024,180086
11.8057,180036
11.8058,180051
11.8098,179769
11.8139,180484
11.8180,179952
11.8221,180061
11.8262,179817
11.8304,179544
11.8345,180425
11.8386,180198
11.8427,180233
11.8467,180701
11.8509,180844
11.8550,180377
11.8591,179199
11.8631,180295
11.8672,179689
11.8713,179758
11.8754,180024
11.8795,180128
11.8836,180625
11.8877,180090
11.8917,179420
11.8959,179819
11.8999,180058
11.9040,179322
11.9081,180075
11.9122,180037
11.9163,179979
11.9205,179483
11.9245,179960
11.9287,180751
11.9328,180132
11.9370,181055
11.9371,180577
11.9409,180323
11.9450,180349
11.9491,179979
11.9532,180043
11.9573,180280
11.9615,180539
11.9655,180479
11.9699,179527
11.9737,179706
11.9778,179396
11.9819,180123
11.9860,180775
11.9901,180189
11.9942,179879
11.9982,180351
12.0024,179738
12.0065,180036
12.0105,179782
12.0147,179908
12.0188,180038
12.0228,179965
12.0269,180144
12.0310,180122
12.0352,180336
12.0392,180582
12.0433,179513
12.0475,179893
12.0515,180437
12.0560,180251
12.0598,180609
12.0640,180682
12.0645,180441
12.0679,179624
12.0720,180649
12.0761,180081
12.0801,180456
12.0842,180424
12.0884,179936
12.0924,180261
12.0966,179526
12.1006,179771
12.1047,180097
12.1088,179899
12.1129,180638
12.1170,180008
12.1211,180145
12.1252,180464
12.1293,180075
12.1334,179878
12.1375,179839
12.1416,180013
12.1457,180132
12.1498,180248
12.1539,179808
12.1580,180457
12.1621,180258
12.1662,180300
12.1703,180365
12.1744,180743
12.1785,180755
12.1827,180552
12.1868,179571
12.1907,180286
12.1908,180741
12.1948,179517
12.1989,180277
12.2031,180631
12.2071,180240
12.2112,179806
12.2153,180101
12.2195,179471
12.2235,180003
12.2276,180059
12.2317,180405
12.2358,180370
12.2399,180455
12.2440,180059
12.2481,179823
12.2522,179664
12.2563,180452
12.2604,179821
12.2645,179947
12.2687,180166
12.2727,179922
12.2767,179977
12.2808,179865
12.2850,180394
12.2891,180273
12.2932,180086
12.2973,179713
12.3017,180391
12.3054,180144
12.3096,179984
12.3136,180119
12.3176,180313
12.3177,179660
12.3218,180004
12.3259,180398
12.3300,179302
12.3341,179926
12.3382,180227
12.3423,180076
12.3465,179588
12.3505,179652
12.3546,180186
12.3587,180240
12.3628,180297
12.3669,179432
12.3710,179569
12.3751,179935
12.3792,179982
12.3833,179772
12.3874,180692
12.3914,180046
12.3955,179783
12.3996,180174
12.4039,180078
12.4078,180124
12.4120,180302
12.4160,179888
12.4202,179410
12.4243,179664
12.4284,179508
12.4325,180170
12.4366,180791
12.4417,179759
12.4448,179666
12.4449,179797
12.4488,179876
12.4530,179772
12.4570,180124
12.4611,180185
12.4652,179350
12.4693,179918
12.4735,179991
12.4775,180478
12.4815,180176
12.4857,180269
12.4898,179859
12.4939,180087
12.4979,179621
12.5021,179867
12.5061,179781
12.5102,180287
12.5143,180531
12.5185,180423
12.5225,180382
12.5266,180082
12.5307,180471
12.5348,180590
12.5389,180099
12.5430,179877
12.5475,179607
12.5512,180150
12.5553,179381
12.5594,179529
12.5635,179825
12.5677,180519
12.5719,180318
12.5720,179859
12.5757,179933
12.5799,179560
12.5840,180395
12.5881,180522
12.5922,180224
12.5962,180091
12.6004,179986
12.6044,180415
12.6086,179948
12.6126,179966
12.6168,180206
12.6209,180055
12.6250,180049
12.6291,180009
12.6332,180075
12.6377,179846
12.6413,179766
12.6454,179912
12.6495,180223
12.6536,179878
12.6577,180374
12.6618,180031
12.6659,179544
12.6700,180012
12.6741,180115
12.6782,180053
12.6822,180326
12.6864,179745
12.6905,180400
12.6948,180238
12.6987,179926
12.6988,179658
12.7028,180166
12.7068,180191
12.7109,180562
12.7150,179729
12.7193,180173
12.7232,179831
12.7273,179921
12.7314,180433
12.7355,180323
12.7396,180110
12.7437,180108
12.7478,180263
12.7519,180242
12.7560,180394
12.7601,179840
12.7643,180491
12.7684,179656
12.7724,180030
12.7765,179975
12.7806,180278
12.7847,179966
12.7888,180162
12.7929,180128
12.7970,180470
12.8013,180101
12.8051,180383
12.8092,180509
12.8133,179742
12.8174,180145
12.8217,179990
12.8260,180983
12.8297,180109
12.8298,180438
12.8338,180252
12.8379,180308
12.8420,180070
12.8461,180363
12.8502,179875
12.8543,180221
12.8584,179652
12.8625,179814
12.8666,180110
12.8707,180194
12.8748,180165
12.8789,180074
12.8829,180071
12.8871,180239
12.8911,179613
12.8952,180487
12.8993,180918
12.9035,179574
12.9075,180867
12.9116,180444
12.9157,180080
12.9198,180233
12.9239,179907
12.9280,179890
12.9321,180415
12.9362,179796
12.9403,179820
12.9444,180012
12.9486,180127
12.9526,179996
12.9567,180124
12.9568,180249
12.9608,180274
12.9649,180114
12.9690,180672
12.9730,180162
12.9772,180333
12.9813,180267
12.9854,180602
12.9895,180312
12.9936,180210
12.9977,179935
13.0018,180450
13.0059,180426
13.0100,180743
13.0141,180244
13.0182,180483
13.0222,180431
13.0263,179761
13.0305,180035
13.0345,180156
13.0387,180169
13.0428,180371
13.0468,179688
13.0513,180189
13.0551,180065
13.0591,180397
13.0632,180565
13.0673,180110
13.0724,180272
13.0757,180549
13.0804,180301
13.0837,180267
13.0839,180989
13.0877,179928
13.0918,180173
13.0959,179905
13.1000,180037
13.1041,180236
13.1082,180402
13.1123,180434
13.1165,180408
13.1205,180251
13.1246,179834
13.1287,180328
13.1328,180799
13.1370,180419
13.1410,180364
13.1452,179708
13.1492,179883
13.1534,179585
13.1576,179805
13.1615,180191
13.1656,180724
13.1697,179626
13.1738,180677
13.1779,180004
13.1820,180217
13.1860,180380
13.1902,180346
13.1943,179873
13.1984,180171
13.2025,179885
13.2066,179800
13.2107,180122
13.2108,179954
13.2147,180444
13.2188,180570
13.2229,180656
13.2270,180617
13.2312,180131
13.2352,180270
13.2393,180654
13.2435,180093
13.2475,180261
13.2516,180792
13.2557,180319
13.2598,180369
13.2639,180403
13.2680,180288
13.2721,180551
13.2761,180244
13.2802,180617
13.2846,180093
13.2884,179406
13.2926,179658
13.2966,180173
13.3009,180401
13.3049,180119
13.3089,180453
13.3130,180420
13.3171,180242
13.3212,180312
13.3253,180000
13.3295,180461
13.3337,180152
13.3376,179747
13.3377,180751
13.3417,180969
13.3458,180476
13.3499,180655
13.3540,180302
13.3581,180345
13.3622,180316
13.3662,180216
13.3704,179909
13.3745,179886
13.3785,180220
13.3826,180568
13.3868,180201
13.3908,180329
13.3949,180656
13.3990,180051
13.4031,180116
13.4072,179622
13.4113,179982
13.4154,180003
13.4195,180622
13.4236,180178
13.4277,180404
13.4318,180056
13.4359,180063
13.4400,180385
13.4441,180245
13.4482,181038
13.4523,179804
13.4564,179760
13.4608,180046
13.4653,179644
13.4661,179770
13.4687,180329
13.4728,180605
13.4768,180068
13.4809,179720
13.4851,179989
13.4891,180051
13.4932,179457
13.4973,180061
13.5015,180647
13.5055,179957
13.5096,179880
13.5137,180081
13.5178,179967
13.5219,179898
13.5260,179596
13.5301,180222
13.5346,179643
13.5383,180232
13.5425,180219
13.5465,180232
13.5506,180392
13.5547,180712
13.5588,179671
13.5629,180724
13.5670,180321
13.5711,180267
13.5752,179940
13.5793,180525
13.5834,180188
13.5877,180653
13.5920,180266
13.5927,180499
13.5956,180236
13.5998,180187
13.6039,179640
13.6080,179929
13.6121,179699
13.6161,179441
13.6202,179440
13.6243,179677
13.6284,179813
13.6325,180021
13.6366,179525
13.6407,180082
13.6448,179824
13.6494,180288
13.6530,180164
13.6571,179865
13.6612,179783
13.6652,179969
13.6694,180210
13.6735,180333
13.6775,180045
13.6816,180208
13.6858,180300
13.6898,180205
13.6939,179657
13.6980,180044
13.7021,180454
13.7067,180491
13.7103,179860
13.7146,180234
13.7186,180568
13.7187,179767
13.7226,180060
13.7267,179921
13.7308,179982
13.7349,179715
13.7390,179980
13.7431,180460
13.7472,180633
13.7513,180107
13.7554,180060
13.7595,179701
13.7636,180289
13.7677,179705
13.7717,179623
13.7758,180219
13.7799,179859
13.7843,179887
13.7881,179533
13.7922,180179
13.7963,179766
13.8005,179915
13.8045,180103
13.8086,180823
13.8134,180648
13.8168,180343
13.8209,180903
13.8250,180457
13.8292,180101
13.8332,180165
13.8373,180058
13.8416,180695
13.8455,180190
13.8496,180154
13.8497,179732
13.8537,179654
13.8578,179101
13.8619,179625
13.8660,180074
13.8701,179100
13.8742,179771
13.8783,180123
13.8823,179663
13.8864,180287
13.8905,180014
13.8946,178897
13.8987,179835
13.9028,179993
13.9069,179974
13.9110,179825
13.9151,179442
13.9192,179785
13.9233,180141
13.9274,179488
13.9315,180251
13.9356,180084
13.9397,179618
13.9438,179825
13.9479,180125
13.9520,179363
13.9561,180162
13.9602,179769
13.9643,180175
13.9686,180078
13.9727,179682
13.9767,180290
13.9768,180388
13.9806,180174
13.9847,179810
13.9888,179874
13.9929,180108
13.9970,179717
14.0012,180611
14.0052,180209
14.0093,180623
14.0134,179486
14.0176,179671
14.0216,179218
14.0257,179546
14.0299,179901
14.0340,179850
14.0380,179278
14.0421,179523
14.0462,180210
14.0504,179735
14.0544,179703
14.0585,179506
14.0626,180069
14.0667,180325
14.0708,180305
14.0749,180184
14.0790,180551
14.0831,180625
14.0872,180476
14.0913,180970
14.0956,180524
14.0998,180159
14.1039,180254
14.1047,180474
14.1076,180172
14.1131,180025
14.1159,179909
14.1199,180247
14.1240,179800
14.1281,179814
14.1322,180107
14.1364,179803
14.1405,179947
14.1452,179860
14.1486,179692
14.1527,179782
14.1568,180335
14.1609,180326
14.1649,179796
14.1691,180006
14.1731,179764
14.1774,180056
14.1814,179904
14.1855,179465
14.1896,180369
14.1936,180152
14.1977,179742
14.2018,179310
14.2059,179769
14.2107,179599
14.2141,180058
14.2182,179913
14.2223,179905
14.2265,179509
14.2305,179981
14.2306,179866
14.2346,180041
14.2387,179705
14.2428,179855
14.2469,179743
14.2510,179776
14.2551,179864
14.2592,180025
14.2633,179904
14.2674,180002
14.2715,180127
14.2755,179869
14.2796,180134
14.2839,180014
14.2878,179941
14.2919,180409
14.2960,180003
14.3003,179808
14.3042,179982
14.3083,179690
14.3124,180545
14.3165,179492
14.3206,180101
14.3247,180145
14.3288,180206
14.3329,180222
14.3370,180535
14.3411,179758
14.3452,179652
14.3493,180172
14.3543,180417
14.3575,180190
14.3576,180028
14.3616,180700
14.3657,179497
14.3697,179411
14.3738,180021
14.3779,179735
14.3820,180485
14.3861,180159
14.3902,180163
14.3943,179748
14.3984,180231
14.4025,180119
14.4066,180515
14.4107,179827
14.4148,180330
14.4189,179617
14.4230,180225
14.4271,180045
14.4312,180353
14.4353,180345
14.4394,180697
14.4435,180525
14.4476,180340
14.4517,180752
14.4557,180355
14.4599,180113
14.4640,180453
14.4681,180220
14.4722,180150
14.4762,180425
14.4806,180232
14.4846,179877
14.4846,180088
14.4885,180599
14.4926,180166
14.4967,180182
14.5009,180411
14.5049,179905
14.5090,179236
14.5131,179862
14.5173,179482
14.5213,179210
14.5254,179351
14.5295,179837
14.5336,179264
14.5377,179882
14.5418,180152
14.5459,180834
14.5500,180181
14.5541,179673
14.5582,179999
14.5622,179877
14.5664,179752
14.5705,180310
14.5746,179539
14.5786,180020
14.5827,180377
14.5868,179747
14.5910,179843
14.5950,179965
14.5991,180350
14.6032,180317
14.6075,180391
14.6115,180095
14.6158,180037
14.6164,180166
14.6197,180487
14.6237,180300
14.6278,179889
14.6319,180319
14.6360,180039
14.6401,180356
14.6443,180390
14.6483,179898
14.6524,180059
14.6565,180270
14.6612,179893
14.6647,179965
14.6687,179688
14.6728,179815
14.6770,179813
14.6811,180231
14.6851,179753
14.6893,179680
14.6933,180243
14.6974,180196
14.7015,180092
14.7057,180168
14.7097,179741
14.7138,180232
14.7179,179918
14.7220,180607
14.7261,180485
14.7303,180424
14.7356,180687
14.7387,180047
14.7427,179988
14.7428,180079
14.7466,180191
14.7506,180835
14.7547,180338
14.7589,179879
14.7629,180091
14.7671,180110
14.7712,180154
14.7752,180206
14.7793,180768
14.7835,180067
14.7877,180263
14.7916,180450
14.7957,180020
14.8000,179910
14.8039,179556
14.8080,179695
14.8121,180469
14.8162,179744
14.8203,179660
14.8244,179442
14.8285,180150
14.8326,179831
14.8367,179942
14.8408,180213
14.8448,180053
14.8490,180262
14.8531,180440
14.8575,180097
14.8613,179918
14.8655,180211
14.8696,180467
14.8696,180244
14.8736,179544
14.8778,180081
14.8817,179841
14.8858,180013
14.8899,179066
14.8940,179755
14.8981,179591
14.9022,180406
14.9063,179833
14.9104,179749
14.9145,180557
14.9186,179806
14.9227,179723
14.9268,179891
14.9309,179584
14.9350,180212
14.9391,179887
14.9432,180285
14.9473,179685
14.9514,180093
14.9555,180223
14.9595,179934
14.9637,180133
14.9678,180129
14.9718,180155
14.9759,180283
14.9800,180435
14.9841,180089
14.9883,179997
14.9924,180102
14.9965,180084
14.9966,180188
15.0006,180318
15.0046,180498
15.0087,179662
15.0128,179838
15.0169,180122
15.0210,179995
15.0251,180018
15.0292,180514
15.0333,180558
15.0374,179773
15.0415,179785
15.0456,180173
15.0497,180285
15.0538,179724
15.0579,180162
15.0620,179810
15.0660,179699
15.0707,179857
15.0742,180587
15.0784,180486
15.0824,180455
15.0865,180010
15.0906,179577
15.0947,180196
15.0988,180329
15.1029,180194
15.1070,180364
15.1111,179876
15.1152,179824
15.1204,180074
15.1243,179581
15.1245,180119
15.1275,180077
15.1316,180336
15.1357,180231
15.1397,180026
15.1439,180454
15.1480,180087
15.1521,179770
15.1562,180203
15.1603,180208
15.1643,179971
15.1685,180362
15.1726,179940
15.1769,180532
15.1808,180479
15.1849,180492
15.1890,179812
15.1931,180013
15.1971,179531
15.2013,179928
15.2053,179843
15.2095,179566
15.2135,180059
15.2177,180055
15.2218,180017
15.2259,180179
15.2299,180032
15.2340,179620
15.2382,180226
15.2422,179732
15.2468,179415
15.2512,179539
15.2515,180013
15.2545,179978
15.2586,179619
15.2627,179540
15.2668,179615
15.2713,179864
15.2749,180203
15.2791,179860
15.2831,180170
15.2873,180666
15.2915,179745
15.2954,179644
15.2995,180400
15.3037,180214
15.3077,180299
15.3118,180597
15.3159,179571
15.3200,180258
15.3241,179351
15.3293,180032
15.3323,180345
15.3364,179680
15.3405,179310
15.3446,179550
15.3487,179752
15.3528,179382
15.3569,179643
15.3610,180064
15.3650,179784
15.3692,179426
15.3733,179804
15.3773,179644
15.3815,179848
15.3817,180016
15.3856,180145
15.3896,179655
15.3938,179717
15.3978,180199
15.4019,179820
15.4060,180186
15.4101,179799
15.4143,180382
15.4183,180566
15.4225,179819
15.4265,180250
15.4306,180580
15.4347,179443
15.4387,179971
15.4429,179592
15.4470,180202
15.4511,180491
15.4552,180429
15.4593,179856
15.4634,180149
15.4675,180234
15.4716,180429
15.4756,179748
15.4797,179900
15.4839,180650
15.4879,180368
15.4921,180097
15.4961,179998
15.5004,180160
15.5044,181071
15.5085,180415
15.5087,180520
15.5125,180292
15.5166,180658
15.5207,180277
15.5248,180177
15.5289,180716
15.5331,180271
15.5371,180845
15.5412,179816
15.5453,180021
15.5495,180289
15.5535,179848
15.5576,179916
15.5617,180268
15.5657,179762
15.5699,180253
15.5739,180342
15.5780,179958
15.5821,180116
15.5863,180012
15.5903,180102
15.5950,180521
15.5986,180834
15.6033,180514
15.6067,180714
15.6108,180320
15.6152,180432
15.6201,179983
15.6239,179807
15.6282,180328
15.6314,179448
15.6357,180416
15.6376,180213
15.6396,180426
15.6441,180030
15.6477,180475
15.6518,180861
15.6574,180308
15.6600,181036
15.6640,180181
15.6682,180087
15.6728,180040
15.6764,180045
15.6804,179437
15.6847,179944
15.6901,180252
15.6927,179388
15.6968,180268
15.7010,180086
15.7055,180093
15.7091,179861
15.7132,180022
15.7174,180299
15.7238,180523
15.7256,179993
15.7301,180001
15.7349,180367
15.7385,179762
15.7421,179994
15.7460,179809
15.7503,179954
15.7550,179316
15.7586,179801
15.7626,180382
15.7627,179702
15.7665,179627
15.7732,179774
15.7752,180087
15.7788,180306
15.7829,179509
15.7886,179988
15.7920,179794
15.7951,179771
15.7994,179726
15.8057,180583
15.8081,180326
15.8115,179949
15.8156,180044
15.8214,179587
15.8241,179042
15.8280,179779
15.8320,179942
15.8376,179570
15.8407,180058
15.8443,179201
15.8484,179953
15.8552,179884
15.8570,180095
15.8614,179927
15.8648,180606
15.8710,180072
15.8735,180173
15.8782,179812
15.8812,179919
15.8875,180440
15.8894,180503
15.8903,179652
15.8935,179514
15.8975,180694
15.9017,180096
15.9064,180329
15.9105,180266
15.9140,180436
15.9180,180758
15.9226,180021
15.9268,180239
15.9303,180559
15.9345,180566
15.9390,179829
15.9429,180363
15.9467,179739
15.9509,180396
15.9554,179644
15.9594,180246
15.9634,180166
15.9673,179838
15.9721,179971
15.9759,179937
15.9795,180197
15.9836,180669
15.9887,180275
15.9925,179833
15.9965,180549
16.0006,180816
16.0061,180733
16.0088,179821
16.0123,180592
16.0164,180391
16.0166,180109
16.0219,181064
16.0253,180518
16.0294,180750
16.0327,180718
16.0375,180144
16.0417,180305
16.0456,179766
16.0492,180618
16.0532,180084
16.0573,180041
16.0626,180368
16.0657,180044
16.0699,180165
16.0755,180131
16.0783,180773
16.0818,180298
16.0882,180260
16.0904,180567
16.0947,180191
16.0988,180146
16.1027,180292
16.1068,180502
16.1111,180589
16.1146,180228
16.1213,180145
16.1235,180553
16.1276,179969
16.1310,179330
16.1352,179873
16.1395,180157
16.1435,179748
16.1475,180626
16.1476,180162
16.1519,180217
16.1561,179919
16.1604,180351
16.1643,179681
16.1679,180397
16.1725,180056
16.1765,179921
16.1802,180204
16.1843,180382
16.1888,180128
16.1925,180137
16.1965,180527
16.2008,179970
16.2053,179910
16.2091,179666
16.2132,180014
16.2171,179750
16.2220,180162
16.2257,179657
16.2293,180208
16.2334,179686
16.2379,180325
16.2422,180162
16.2457,179724
16.2499,180440
16.2540,180564
16.2588,180624
16.2621,179980
16.2663,180450
16.2734,180155
16.2743,180137
16.2750,180103
16.2792,180214
16.2826,179900
16.2881,180263
16.2912,180100
16.2949,180467
16.2991,180057
16.3051,180991
16.3078,180864
16.3112,180649
16.3153,180281
16.3217,180650
16.3239,179712
16.3284,180275
16.3317,180835
16.3378,180870
16.3410,180082
16.3440,180079
16.3481,179973
16.3543,179962
16.3569,179843
16.3604,180117
16.3645,180319
16.3718,180141
16.3732,180330
16.3768,179551
16.3808,179864
16.3871,179750
16.3897,179990
16.3932,179905
16.3973,179876
16.4014,180634
16.4037,180343
16.4059,180694
16.4095,180351
16.4136,179946
16.4177,180065
16.4225,180120
16.4265,180632
16.4300,180361
16.4347,180529
16.4388,180579
16.4427,180134
16.4464,179759
16.4505,180203
16.4550,180429
16.4591,180134
16.4628,180030
16.4669,180623
16.4713,179680
16.4757,180519
16.4791,179937
16.4834,180176
16.4880,179915
16.4919,180182
16.4955,180136
16.4997,180674
16.5047,179883
16.5086,180632
16.5127,180624
16.5160,180786
16.5210,181098
16.5243,180311
16.5284,180030
16.5285,180041
16.5325,180677
16.5384,179802
16.5410,180075
16.5447,180278
16.5490,180302
16.5542,179914
16.5576,180243
16.5612,180255
16.5651,180154
16.5715,179607
16.5741,179963
16.5777,179925
16.5816,180282
16.5870,180320
16.5903,179921
16.5945,180414
16.5986,179871
16.6041,180407
16.6069,180419
16.6102,180273
16.6143,180072
16.6206,180234
16.6229,180232
16.6275,179986
16.6307,179849
16.6352,179711
16.6395,179790
16.6436,180025
16.6471,180208
16.6513,179771
16.6555,180403
16.6562,179902
16.6594,180193
16.6635,180431
16.6676,180451
16.6720,180285
16.6764,180193
16.6799,180446
16.6839,180340
16.6889,179619
16.6927,180021
16.6962,180601
16.7004,179976
16.7054,180587
16.7090,179954
16.7133,180578
16.7168,180293
16.7214,180428
16.7252,180198
16.7292,179703
16.7334,179998
16.7385,180697
16.7416,180595
16.7461,179840
16.7499,180297
16.7553,180134
16.7581,180559
16.7626,180693
16.7664,180410
16.7702,179780
16.7752,180144
16.7783,179864
16.7823,180466
16.7824,179841
16.7872,179831
16.7911,180014
16.7950,179520
16.7990,179711
16.8050,180904
16.8074,179596
16.8109,180453
16.8150,180646
16.8206,180688
16.8242,180080
16.8273,180041
16.8314,179998
16.8386,180030
16.8407,179914
16.8437,179677
16.8477,179807
16.8520,180734
16.8572,179839
16.8606,180681
16.8642,179852
16.8706,180888
16.8730,180346
16.8774,180266
16.8806,179323
16.8847,179915
16.8897,180325
16.8930,181137
16.8969,180648
16.9011,180283
16.9066,179845
16.9093,180625
16.9134,180227
16.9136,180168
16.9175,180158
16.9223,180187
16.9262,180025
16.9297,179617
16.9338,179718
16.9382,179593
16.9423,179874
16.9461,179571
16.9503,180044
16.9552,180517
16.9590,179733
16.9625,179871
16.9666,179730
16.9714,179584
16.9752,179782
16.9788,180492
16.9830,180708
16.9876,180708
16.9914,180899
16.9952,180105
16.9993,179991
17.0040,180173
17.0082,179141
17.0116,180377
17.0157,180183
17.0210,180077
17.0246,180037
17.0280,180169
17.0322,180418
17.0365,179923
17.0403,179256
17.0404,179562
17.0444,179903
17.0486,179744
17.0539,179623
17.0569,179595
17.0608,179055
17.0648,179676
17.0707,179456
17.0733,179541
17.0777,179792
17.0813,179118
17.0867,179952
17.0900,179720
17.0935,179583
17.0976,179040
17.1047,179873
17.1066,179836
17.1099,179596
17.1140,179682
17.1209,179645
17.1230,180286
17.1263,180242
17.1304,180312
17.1345,180269
17.1395,179957
17.1427,180363
17.1467,180194
17.1511,180566
17.1568,179226
17.1592,179442
17.1635,179294
17.1674,179947
17.1675,179076
17.1722,179374
17.1755,179964
17.1795,179675
17.1837,179362
17.1887,179532
17.1918,179531
17.1959,179163
17.2001,179917
17.2051,179270
17.2082,179696
17.2123,179306
17.2165,179478
17.2212,179713
17.2246,179750
17.2287,179662
17.2329,179060
17.2375,179070
17.2414,180186
17.2451,180248
17.2492,180320
17.2544,179660
17.2579,179955
17.2615,179881
17.2656,179839
17.2703,180507
17.2744,179883
17.2779,179926
17.2820,180197
17.2870,179620
17.2903,179891
17.2943,179473
17.2944,179588
17.2983,179654
17.3042,179718
17.3069,179397
17.3106,179533
17.3147,179925
17.3203,180000
17.3235,179713
17.3270,180024
17.3311,180268
17.3364,179501
17.3401,179728
17.3434,179550
17.3475,179673
17.3530,179847
17.3569,180044
17.3598,180138
17.3638,179878
17.3716,179904
17.3724,179969
17.3762,179840
17.3802,179408
17.3843,179430
17.3893,179182
17.3925,179979
17.3966,179947
17.4010,179818
17.4054,180567
17.4097,180227
17.4131,179561
17.4172,180499
17.4219,179488
17.4227,179812
17.4257,179030
17.4294,179775
17.4337,179662
17.4388,179456
17.4420,179547
17.4458,180142
17.4501,180029
17.4553,180037
17.4587,179699
17.4622,179107
17.4664,179064
17.4710,179107
17.4748,179073
17.4785,179338
17.4828,179598
17.4872,179380
17.4913,179486
17.4949,179490
17.4991,179710
17.5040,178862
17.5078,180377
17.5114,178838
17.5154,179224
17.5206,179811
17.5243,178930
17.5277,179627
17.5318,179303
17.5366,178942
17.5406,179570
17.5442,179254
17.5483,179456
17.5484,179619
17.5539,180302
17.5572,179728
17.5605,179064
17.5645,179635
17.5702,178972
17.5733,180032
17.5768,179189
17.5809,179481
17.5879,180148
17.5894,179635
17.5932,179543
17.5973,179596
17.6037,179586
17.6063,179855
17.6096,180227
17.6137,179688
17.6200,179761
17.6224,180166
17.6260,179433
17.6301,180020
17.6344,179957
17.6387,180184
17.6424,180225
17.6465,179522
17.6526,179961
17.6553,179974
17.6587,179891
17.6628,180260
17.6670,180276
17.6712,179675
17.6752,179667
17.6753,179716
17.6792,179618
17.6833,179486
17.6878,179165
17.6918,179297
17.6956,179714
17.6997,179820
17.7041,179921
17.7086,180311
17.7120,179814
17.7163,179895
17.7210,179886
17.7246,179491
17.7284,179634
17.7325,180500
17.7371,179820
17.7411,180082
17.7448,179777
17.7489,180473
17.7531,180066
17.7575,179947
17.7612,179870
17.7653,179680
17.7706,179301
17.7740,179402
17.7776,179435
17.7817,180058
17.7869,179100
17.7904,179942
17.7939,179974
17.7982,179783
17.8026,180348
17.8034,179912
17.8067,180527
17.8103,179896
17.8144,179722
17.8199,179588
17.8233,179677
17.8267,179659
17.8307,179456
17.8371,180018
17.8394,179699
17.8431,180135
17.8471,179463
17.8532,179442
17.8560,179510
17.8595,179642
17.8635,180383
17.8695,179583
17.8723,180202
17.8758,180297
17.8800,179732
17.8840,179327
17.8885,179743
17.8922,179846
17.8963,180109
17.9005,179237
17.9052,179526
17.9095,179957
17.9127,179156
17.9168,179530
17.9219,179092
17.9252,179486
17.9292,179737
17.9334,180182
17.9336,179646
17.9376,180069
17.9419,179352
17.9455,179498
17.9499,179348
17.9546,179698
17.9582,179245
17.9619,178902
17.9664,179582
17.9717,179741
17.9745,179553
17.9783,179726
17.9826,179784
17.9873,179775
17.9909,180155
17.9946,180131
17.9988,179968
18.0041,179424
18.0073,179644
18.0116,179738
18.0151,180030
18.0202,179435
18.0237,179579
18.0274,179968
18.0315,179918
18.0369,180311
18.0405,179851
18.0438,180021
18.0481,179926
18.0531,180038
18.0562,179834
18.0601,179972
18.0602,179654
18.0642,179137
18.0684,179433
18.0730,179251
18.0765,179807
18.0806,179204
18.0868,178910
18.0893,179269
18.0929,179776
18.0970,179409
18.1025,179505
18.1058,179745
18.1093,179212
18.1134,178985
18.1197,179145
18.1219,179095
18.1257,179130
18.1298,179388
18.1360,179609
18.1385,179206
18.1421,179512
18.1462,180103
18.1503,180342
18.1553,179415
18.1590,179339
18.1626,179018
18.1667,179073
18.1711,178906
18.1752,179980
18.1791,179255
18.1835,179482
18.1873,179902
18.1880,179472
18.1912,179417
18.1953,178921
18.1995,179548
18.2042,179704
18.2076,179552
18.2117,179377
18.2160,178512
18.2207,179286
18.2245,178912
18.2281,178743
18.2322,179178
18.2368,180029
18.2412,179104
18.2445,179252
18.2486,179133
18.2534,179507
18.2574,179165
18.2608,179300
18.2650,179713
18.2694,178658
18.2736,179526
18.2773,179400
18.2813,179203
18.2864,179215
18.2900,179277
18.2936,180095
18.2979,179448
18.3030,179953
18.3062,179755
18.3101,179246
18.3142,179640
18.3143,179396
18.3207,179916
18.3229,179593
18.3264,179170
18.3305,179311
18.3359,178532
18.3391,179003
18.3428,179215
18.3468,179064
18.3531,178626
18.3557,179006
18.3592,179530
18.3632,178765
18.3693,179374
18.3722,178589
18.3755,178758
18.3796,178763
18.3838,179385
18.3885,179484
18.3919,178668
18.3960,179079
18.4003,178867
18.4044,179478
18.4086,179678
18.4124,179195
18.4165,179595
18.4214,179722
18.4249,179421
18.4288,179719
18.4329,179685
18.4373,179312
18.4412,179324
18.4413,179653
18.4452,179293
18.4494,179507
18.4541,179183
18.4575,179076
18.4615,178545
18.4657,179519
18.4703,179271
18.4748,178994
18.4780,179753
18.4821,179092
18.4881,179214
18.4906,179414
18.4943,179474
18.4986,179717
18.5040,179155
18.5073,178898
18.5114,179209
18.5148,178617
18.5212,178553
18.5239,179110
18.5271,178529
18.5312,178742
18.5381,179369
18.5402,179122
18.5435,178926
18.5476,179139
18.5537,180035
18.5566,179373
18.5599,178693
18.5640,179322
18.5702,179253
18.5717,179252
18.5727,179430
18.5767,178927
18.5809,178664
18.5868,178919
18.5891,179663
18.5926,179508
18.5967,179214
18.6029,179468
18.6054,178728
18.6090,178978
18.6131,178745
18.6190,179335
18.6224,179389
18.6254,179068
18.6295,178779
18.6358,178910
18.6383,179951
18.6421,179762
18.6459,178818
18.6501,179318
18.6546,179092
18.6587,179134
18.6622,179312
18.6664,179172
18.6712,178864
18.6745,179789
18.6786,179722
18.6828,179271
18.6877,179715
18.6910,179901
18.6951,179407
18.6952,179894
18.6991,180106
18.7041,179466
18.7079,179944
18.7114,179755
18.7157,179389
18.7201,179984
18.7245,179563
18.7278,179660
18.7319,179375
18.7367,179585
18.7406,179766
18.7442,179550
18.7483,179268
18.7532,179451
18.7568,179572
18.7605,179062
18.7647,179435
18.7696,179195
18.7738,179701
18.7769,179774
18.7811,179470
18.7869,179496
18.7897,179654
18.7933,179268
18.7975,179538
18.8031,179410
18.8061,179289
18.8097,179589
18.8138,179315
18.8187,179385
18.8220,180156
18.8260,180125
18.8261,180096
18.8302,179640
18.8362,179735
18.8391,179711
18.8425,179305
18.8466,179018
18.8529,178782
18.8555,179718
18.8595,179228
18.8629,178930
18.8695,179525
18.8721,178908
18.8752,179280
18.8794,178956
18.8835,179591
18.8879,179134
18.8920,179206
18.8957,179980
18.9019,179170
18.9040,179092
18.9084,178909
18.9129,178763
18.9164,179095
18.9223,179297
18.9251,179243
18.9285,179262
18.9326,178956
18.9373,179116
18.9408,178766
18.9449,178688
18.9492,178708
18.9530,179275
18.9540,178965
18.9572,178542
18.9612,178937
18.9654,179430
18.9705,179813
18.9735,178643
18.9776,178744
18.9817,179264
18.9867,178817
18.9899,179220
18.9940,179559
18.9981,179561
19.0023,179149
19.0068,179581
19.0104,180138
19.0145,179136
19.0188,179521
19.0232,179155
19.0268,179232
19.0309,179562
19.0371,179249
19.0395,179878
19.0432,179511
19.0474,179540
19.0526,179163
19.0565,179057
19.0596,179771
19.0636,179732
19.0706,179619
19.0722,179785
19.0762,179424
19.0801,179663
19.0802,179463
19.0871,179860
19.0889,179861
19.0926,179745
19.0964,180052
19.1029,179459
19.1053,179991
19.1087,180315
19.1128,180100
19.1169,179708
19.1224,180021
19.1259,179549
19.1292,179849
19.1371,179716
19.1379,179517
19.1423,178839
19.1456,179346
19.1497,179075
19.1543,179361
19.1581,179520
19.1620,179415
19.1661,179369
19.1713,179542
19.1748,179430
19.1783,179521
19.1825,179325
19.1871,179619
19.1910,179415
19.1948,179126
19.1990,179472
19.2033,179287
19.2071,178920
19.2072,179701
19.2111,179250
19.2152,179677
19.2202,178958
19.2239,180122
19.2275,179388
19.2317,179275
19.2373,178825
19.2400,179239
19.2439,179637
19.2479,179599
19.2526,179913
19.2568,179168
19.2602,179453
19.2643,179343
19.2693,179716
19.2731,179905
19.2766,179397
19.2807,179240
19.2867,179527
19.2895,179526
19.2930,179180
19.2973,179680
19.3036,178993
19.3058,179557
19.3094,179769
19.3135,179271
19.3193,179480
19.3223,179661
19.3258,179850
19.3301,179227
19.3342,179552
19.3367,179137
19.3386,179948
19.3422,179575
19.3463,179377
19.3529,179674
19.3549,178738
19.3585,179376
19.3626,179659
19.3668,178631
19.3712,179651
19.3752,179289
19.3790,179222
19.3854,178771
19.3879,179466
19.3913,179436
19.3955,179209
19.3995,178789
19.4043,179301
19.4078,179119
19.4118,178547
19.4159,179045
19.4206,178692
19.4245,179123
19.4282,179004
19.4323,179213
19.4370,179493
19.4406,179558
19.4446,179503
19.4487,179771
19.4530,179478
19.4571,179225
19.4611,179202
19.4612,178853
19.4651,179478
19.4706,179132
19.4737,179949
19.4773,179700
19.4817,179914
19.4861,179785
19.4902,179926
19.4937,179050
19.4978,178706
19.5035,179251
19.5066,179083
19.5101,178978
19.5142,178680
19.5199,179446
19.5226,179090
19.5265,178943
19.5306,179143
19.5349,178884
19.5394,178704
19.5429,179042
19.5471,179099
19.5526,179426
19.5553,178981
19.5592,179067
19.5633,178683
19.5693,178899
19.5720,179201
19.5756,178859
19.5798,178991
19.5850,179700
19.5882,179463
19.5883,178627
19.5920,178703
19.5962,178965
19.6003,179775
19.6046,178642
19.6093,178711
19.6125,179499
19.6188,179061
19.6216,179364
19.6253,178994
19.6289,178862
19.6330,179314
19.6384,179060
19.6412,179487
19.6452,179254
19.6495,179206
19.6542,179545
19.6578,179909
19.6616,179283
19.6659,179507
19.6706,179126
19.6743,179358
19.6780,179346
19.6824,179757
19.6868,178939
19.6909,179094
19.6944,179232
19.6985,179927
19.7035,179982
19.7070,179977
19.7109,179780
19.7150,179819
19.7189,180115
19.7197,179930
19.7232,179713
19.7272,179675
19.7312,179378
19.7377,180333
19.7400,180268
19.7436,179676
19.7477,179181
19.7530,179758
19.7564,179623
19.7599,179516
19.7641,179746
19.7696,179468
19.7728,179341
19.7763,179574
19.7805,179558
19.7851,179173
19.7893,179500
19.7927,179736
19.7970,178741
19.8023,180017
19.8055,179366
19.8091,179604
19.8132,179330
19.8186,179287
19.8219,179436
19.8255,179276
19.8296,179488
19.8358,179717
19.8384,179799
19.8420,179310
19.8460,179135
19.8461,179409
19.8518,179157
19.8548,179648
19.8582,179567
19.8623,180290
19.8684,179585
19.8712,179789
19.8746,179769
19.8788,179999
19.8829,179934
19.8878,179924
19.8914,179815
19.8951,179401
19.9014,179241
19.9038,179382
19.9074,178839
19.9115,179295
19.9156,179632
19.9202,179541
19.9238,179527
19.9279,179571
19.9320,179228
19.9368,180151
19.9405,179374
19.9443,179279
19.9485,179099
19.9530,179540
19.9566,178883
19.9606,179600
19.9648,179473
19.9701,179501
19.9729,179697
19.9730,179448
19.9770,179467
19.9813,179561
19.9869,179060
19.9897,179614
19.9935,179289
19.9976,178897
20.0021,180045
20.0058,179189
20.0098,179502
20.0139,179146
20.0187,178898
20.0230,178848
20.0264,178772
20.0303,179162
20.0351,179197
20.0393,179689
20.0426,179274
20.0466,179013
20.0531,178965
20.0556,179349
20.0592,180103
20.0632,179649
20.0697,179399
20.0722,179241
20.0753,179155
20.0794,179036
20.0858,179189
20.0881,178961
20.0920,179600
20.0960,179389
20.1004,179142
20.1024,179367
20.1044,179492
20.1087,179126
20.1122,179668
20.1189,179267
20.1208,179304
20.1248,179002
20.1286,179140
20.1331,178887
20.1374,179434
20.1414,179236
20.1449,179250
20.1491,178814
20.1537,178574
20.1577,179341
20.1613,179437
20.1655,179316
20.1699,179660
20.1736,179435
20.1777,179262
20.1820,179510
20.1867,179892
20.1910,179434
20.1941,179820
20.1982,179434
20.2026,179542
20.2072,179466
20.2105,179689
20.2146,179390
20.2197,179975
20.2229,180155
20.2274,179298
20.2281,179938
20.2310,180029
20.2370,179884
20.2394,179610
20.2438,180515
20.2473,180417
20.2530,179660
20.2564,180065
20.2596,179465
20.2638,179899
20.2691,179766
20.2729,180100
20.2761,179717
20.2802,179562
20.2860,179039
20.2897,179685
20.2931,179549
20.2967,179896
20.3027,179258
20.3053,180101
20.3088,179502
20.3129,179522
20.3188,178626
20.3217,179562
20.3252,179816
20.3292,179380
20.3347,179632
20.3379,179713
20.3416,179338
20.3457,179567
20.3513,179647
20.3539,179803
20.3541,179562
20.3579,179229
20.3620,179573
20.3694,179246
20.3707,179616
20.3749,179977
20.3784,179214
20.3846,178873
20.3874,179231
20.3914,179514
20.3948,179153
20.3989,179402
20.4034,179107
20.4073,179318
20.4112,179702
20.4153,179385
20.4195,179313
20.4243,179116
20.4276,179292
20.4317,179190
20.4363,179375
20.4404,179935
20.4445,179735
20.4482,179134
20.4528,179059
20.4571,179464
20.4603,179542
20.4646,180267
20.4691,179974
20.4732,179813
20.4769,179057
20.4809,179604
20.4811,179525
20.4861,179334
20.4897,179445
20.4936,180122
20.4972,179154
20.5017,179436
20.5058,179519
20.5098,180031
20.5136,179765
20.5181,179733
20.5218,179641
20.5271,178791
20.5304,179979
20.5361,179661
20.5387,178757
20.5423,179067
20.5464,179078
20.5527,179266
20.5552,179739
20.5595,179734
20.5630,179489
20.5683,179413
20.5714,179544
20.5750,179034
20.5791,179343
20.5851,179094
20.5876,179072
20.5914,179626
20.5955,180041
20.6016,179476
20.6039,179882
20.6080,179225
20.6081,179046
20.6119,179102
20.6165,179336
20.6208,179610
20.6246,179552
20.6285,179798
20.6324,179475
20.6372,179459
20.6413,179276
20.6451,179136
20.6488,180231
20.6536,179105
20.6575,179903
20.6610,179334
20.6652,179019
20.6695,179047
20.6740,179594
20.6778,179097
20.6815,179213
20.6861,179720
20.6902,180040
20.6938,179811
20.6981,179617
20.7029,179324
20.7066,179524
20.7102,179210
20.7143,179049
20.7188,179217
20.7229,179611
20.7266,179577
20.7309,179821
20.7351,179551
20.7390,179802
20.7391,179412
20.7431,179444
20.7471,179188
20.7536,179825
20.7564,179757
20.7594,179905
20.7635,179829
20.7688,179815
20.7720,179306
20.7758,179383
20.7802,180001
20.7863,179851
20.7890,179759
20.7924,179366
20.7963,179849
20.8028,179661
20.8051,179141
20.8093,179672
20.8126,179672
20.8181,179854
20.8214,178793
20.8256,179484
20.8290,179491
20.8365,178986
20.8374,179630
20.8418,179189
20.8454,179717
20.8517,178824
20.8540,179483
20.8578,179731
20.8618,179390
20.8658,179589
20.8688,179726
20.8704,179479
20.8740,180158
20.8783,179669
20.8822,179106
20.8867,179281
20.8904,179354
20.8945,178889
20.9008,178601
20.9032,179184
20.9068,179029
20.9109,179415
20.9150,179452
20.9196,179237
20.9236,179805
20.9273,178988
20.9314,179572
20.9366,179587
20.9399,179140
20.9437,179008
20.9478,179163
20.9524,178700
20.9562,179279
20.9600,179963
20.9642,179523
20.9686,179270
20.9725,179091
20.9764,179155
20.9807,179180
20.9858,179865
20.9888,180051
20.9928,179085
20.9929,178639
20.9969,179437
21.0030,179525
21.0061,179143
21.0094,179391
21.0133,179739
21.0182,179450
21.0220,178990
21.0256,179483
21.0297,179422
21.0348,178780
21.0387,179304
21.0423,178938
21.0460,179163
21.0514,179393
21.0547,179573
21.0592,179190
21.0624,179697
21.0685,179092
21.0712,179584
21.0747,179504
21.0788,179829
21.0847,179417
21.0876,179344
21.0918,179159
21.0967,179651
21.1017,179390
21.1039,179253
21.1075,179746
21.1117,179101
21.1176,179948
21.1197,179273
21.1198,179307
21.1240,179120
21.1280,179245
21.1342,179265
21.1368,179496
21.1403,179819
21.1443,179783
21.1486,179491
21.1532,179059
21.1567,179434
21.1607,178684
21.1649,178912
21.1696,178995
21.1730,179422
21.1771,179449
21.1812,179837
21.1857,179891
21.1897,179633
21.1935,179580
21.1979,180133
21.2026,179355
21.2058,179609
21.2099,179466
21.2140,179824
21.2188,179717
21.2222,179829
21.2263,179837
21.2304,179153
21.2351,179126
21.2390,179074
21.2429,179366
21.2468,179455
21.2469,179102
21.2513,179948
21.2557,179393
21.2590,179414
21.2632,179488
21.2691,179863
21.2722,179391
21.2755,179167
21.2795,179684
21.2852,179156
21.2882,179340
21.2918,179589
21.2960,179734
21.3021,179402
21.3045,179067
21.3082,179677
21.3126,179297
21.3183,179613
21.3211,179422
21.3249,179317
21.3287,179438
21.3329,179531
21.3377,178637
21.3419,179038
21.3450,179976
21.3514,179509
21.3537,179846
21.3584,179638
21.3614,179556
21.3677,179962
21.3701,179575
21.3739,179436
21.3740,179592
21.3778,179433
21.3820,179531
21.3868,178971
21.3908,179245
21.3942,179316
21.3984,178928
21.4030,179305
21.4073,179636
21.4114,179367
21.4147,179412
21.4193,178941
21.4229,179244
21.4270,179176
21.4311,179241
21.4357,179525
21.4397,179250
21.4433,179181
21.4476,179141
21.4519,178887
21.4556,179022
21.4597,178661
21.4639,179270
21.4687,179237
21.4726,178982
21.4761,179778
21.4803,179463
21.4856,179436
21.4885,178981
21.4925,179407
21.4970,179762
21.5007,179417
21.5011,179382
21.5056,178951
21.5089,179234
21.5130,179285
21.5179,178758
21.5218,179391
21.5253,179519
21.5295,179192
21.5342,179491
21.5380,179332
21.5417,179401
21.5458,179763
21.5513,179247
21.5546,179506
21.5580,179452
21.5621,179623
21.5677,179456
21.5707,179172
21.5745,178860
21.5785,180154
21.5840,179466
21.5873,179053
21.5908,179338
21.5949,179105
21.6008,179521
21.6036,179518
21.6072,179032
21.6113,179488
21.6154,178897
21.6199,179246
21.6237,178858
21.6278,178860
21.6279,178289
21.6318,179590
21.6365,179530
21.6405,179338
21.6441,179294
21.6485,179740
21.6529,178905
21.6564,178812
21.6604,179225
21.6646,178532
21.6694,178941
21.6727,178866
21.6768,179083
21.6809,178329
21.6853,178499
21.6891,178516
21.6932,178827
21.6973,178780
21.7019,178712
21.7058,178666
21.7099,178888
21.7137,179071
21.7186,178991
21.7224,179548
21.7259,178733
21.7300,179313
21.7351,178472
21.7388,178736
21.7423,178593
21.7467,178578
21.7511,179270
21.7548,179377
21.7588,179148
21.7589,179278
21.7628,179634
21.7678,178952
21.7716,179022
21.7751,179258
21.7792,179270
21.7842,179082
21.7878,179767
21.7915,180064
21.7957,179259
21.8014,179303
21.8045,179756
21.8079,179517
21.8121,179467
21.8176,179638
21.8203,179538
21.8243,179652
21.8284,179505
21.8345,179894
21.8371,179565
21.8407,178481
21.8448,179368
21.8510,179820
21.8538,178765
21.8570,179444
21.8611,179309
21.8674,179571
21.8697,179606
21.8734,179270
21.8778,179705
21.8821,179169
21.8859,179067
21.8882,179250
21.8902,179573
21.8939,178977
21.8980,178994
21.9027,178991
21.9062,179613
21.9103,179384
21.9144,179292
21.9194,178916
21.9230,178968
21.9267,178918
21.9308,178675
21.9360,178850
21.9392,179376
21.9430,179538
21.9472,179415
21.9517,179136
21.9559,179811
21.9595,179017
21.9636,179159
21.9680,178517
21.9723,178863
21.9758,179284
21.9801,178947
21.9848,179426
21.9888,179361
21.9922,179471
21.9963,179132
22.0014,179362
22.0045,179608
22.0087,179164
22.0127,179849
22.0130,179267
22.0183,179088
22.0216,178790
22.0249,179499
22.0291,178885
22.0369,179444
22.0379,179293
22.0413,179016
22.0455,178486
22.0516,178991
22.0545,179009
22.0577,179121
22.0618,179290
22.0671,179360
22.0709,178834
22.0741,178981
22.0782,179401
22.0842,179615
22.0871,178557
22.0905,179102
22.0946,178917
22.1009,179878
22.1032,179111
22.1069,179772
22.1110,178903
22.1168,179203
22.1198,179379
22.1233,179438
22.1274,179125
22.1335,178730
22.1358,178880
22.1397,178777
22.1398,179416
22.1438,179053
22.1482,179101
22.1525,179281
22.1567,179502
22.1602,179781
22.1643,179181
22.1690,179227
22.1724,179343
22.1765,178975
22.1806,179525
22.1854,178961
22.1894,179339
22.1929,179033
22.1971,179594
22.2020,179187
22.2059,179150
22.2093,178755
22.2134,179114
22.2181,178686
22.2221,178159
22.2257,178965
22.2299,179051
22.2347,178668
22.2386,179340
22.2421,179312
22.2461,179075
22.2510,179369
22.2551,178588
22.2585,179127
22.2635,179550
22.2673,179449
22.2675,179342
22.2713,179460
22.2748,178824
22.2789,179124
22.2840,178978
22.2873,178337
22.2912,177976
22.2954,178621
22.3014,178434
22.3040,178817
22.3076,177727
22.3119,178221
22.3176,177285
22.3203,178445
22.3240,178635
22.3280,178725
22.3342,178988
22.3372,178811
22.3403,179449
22.3445,179259
22.3502,178909
22.3535,179981
22.3567,178898
22.3608,178717
22.3668,179272
22.3694,179458
22.3735,179107
22.3772,178861
22.3832,179191
22.3861,179028
22.3895,179617
22.3936,179102
22.3936,179576
22.3977,178837
22.4032,178457
22.4064,178453
22.4104,178743
22.4143,179225
22.4193,178911
22.4223,179378
22.4264,179260
22.4305,178857
22.4356,179273
22.4387,179414
22.4427,179301
22.4474,179178
22.4520,179172
22.4551,178855
22.4591,179088
22.4632,179754
22.4681,178970
22.4714,179125
22.4755,179177
22.4797,179159
22.4865,178992
22.4889,179096
22.4919,179102
22.4962,178231
22.5014,178310
22.5048,178756
22.5083,178779
22.5124,178456
22.5170,178487
22.5206,178875
22.5247,178709
22.5248,178935
22.5287,178989
22.5336,178795
22.5373,178978
22.5411,179040
22.5452,178526
22.5502,179227
22.5539,179118
22.5574,178269
22.5616,178725
22.5673,178957
22.5703,179437
22.5739,178938
22.5779,179509
22.5835,178510
22.5864,179012
22.5902,179118
22.5943,178683
22.6007,179328
22.6030,179390
22.6066,178551
22.6107,179193
22.6169,178367
22.6193,179457
22.6234,179272
22.6271,179500
22.6331,179000
22.6359,179221
22.6393,179473
22.6436,178859
22.6477,179137
22.6516,179700
22.6522,180062
22.6557,179448
22.6598,179087
22.6640,179282
22.6687,178795
22.6725,179103
22.6762,178854
22.6804,178996
22.6852,179262
22.6888,179199
22.6926,179156
22.6967,179212
22.7014,179113
22.7054,179123
22.7090,179319
22.7131,178753
22.7177,179094
22.7217,178859
22.7253,178935
22.7295,178887
22.7345,179528
22.7380,179010
22.7417,179675
22.7460,179402
22.7507,178815
22.7542,178543
22.7581,178858
22.7622,179104
22.7670,179100
22.7706,179137
22.7746,178962
22.7789,178930
22.7791,178342
22.7840,178626
22.7876,178692
22.7909,178928
22.7959,178465
22.8012,178646
22.8039,178583
22.8073,178306
22.8117,178284
22.8166,179078
22.8202,178823
22.8236,178596
22.8277,178389
22.8333,179303
22.8368,178671
22.8401,178892
22.8441,178677
22.8503,178683
22.8528,177955
22.8565,178927
22.8605,179126
22.8666,178803
22.8692,178885
22.8728,178532
22.8769,178944
22.8811,178818
22.8859,179141
22.8898,178582
22.8933,178857
22.8998,179029
22.9019,178934
22.9056,179222
22.9057,179196
22.9097,179192
22.9138,178918
22.9183,179034
22.9219,179153
22.9260,178744
22.9303,178939
22.9349,178525
22.9389,178214
22.9425,179185
22.9466,179214
22.9522,179004
22.9549,179002
22.9596,178807
22.9630,179107
22.9677,179187
22.9720,179398
22.9758,178876
22.9801,178940
22.9849,179156
22.9888,178841
22.9917,178361
22.9957,178391
23.0010,179331
23.0047,179176
23.0087,178834
23.0123,179035
23.0173,179067
23.0217,178982
23.0244,179025
23.0294,178443
23.0332,179663
23.0345,178488
23.0373,178688
23.0407,179845
23.0448,179141
23.0504,179298
23.0535,178938
23.0571,178917
23.0615,179220
23.0671,178534
23.0700,178696
23.0735,178926
23.0776,179330
23.0834,179217
23.0862,178959
23.0899,179073
23.0940,178912
23.0998,178986
23.1030,178889
23.1063,178894
23.1104,178811
23.1162,178635
23.1191,178952
23.1227,179204
23.1267,179128
23.1309,179673
23.1353,178503
23.1396,178927
23.1432,178486
23.1473,179421
23.1515,179314
23.1555,179115
23.1595,179462
23.1596,179101
23.1636,178879
23.1685,178415
23.1722,178922
23.1759,178802
23.1800,179217
23.1849,178829
23.1882,178749
23.1923,178959
23.1965,179159
23.2009,179744
23.2050,179211
23.2087,178819
23.2129,179081
23.2180,178632
23.2216,178920
23.2251,178907
23.2293,179021
23.2339,179336
23.2380,179507
23.2415,179972
23.2455,179570
23.2506,178967
23.2542,179142
23.2578,179043
23.2619,179507
23.2675,179358
23.2707,179199
23.2742,179068
23.2784,179327
23.2828,178697
23.2866,179178
23.2867,179491
23.2905,179561
23.2946,178870
23.3004,178865
23.3033,178970
23.3070,178965
23.3113,178935
23.3159,179204
23.3200,179494
23.3239,179490
23.3275,178669
23.3330,179177
23.3363,178896
23.3398,179240
23.3438,179039
23.3494,179241
23.3526,178832
23.3561,179371
23.3602,179426
23.3661,179340
23.3689,179162
23.3725,179174
23.3766,178756
23.3807,178951
23.3853,178948
23.3889,178545
23.3930,178636
23.3993,179385
23.4023,179001
23.4053,178969
23.4094,178587
23.4135,179101
23.4136,179717
23.4184,178896
23.4223,179850
23.4257,179389
23.4298,179167
23.4348,179229
23.4386,179051
23.4421,178989
23.4462,179209
23.4507,179035
23.4554,179058
23.4585,179763
23.4627,179633
23.4675,179161
23.4712,179034
23.4749,179377
23.4790,178609
23.4836,179122
23.4879,179291
23.4915,179254
23.4955,178918
23.5009,179253
23.5041,179124
23.5077,178478
23.5118,179118
23.5173,178610
23.5205,179027
23.5246,178346
23.5282,179469
23.5333,179589
23.5366,179380
23.5406,179512
23.5449,178884
23.5455,179248
23.5505,179077
23.5538,178869
23.5568,179332
23.5609,178858
23.5672,179186
23.5698,179257
23.5738,179104
23.5773,179351
23.5827,179806
23.5861,179672
23.5896,178735
23.5937,179076
23.5997,179179
23.6024,178878
23.6060,180081
23.6100,179455
23.6161,179014
23.6189,179364
23.6228,179728
23.6264,179456
23.6325,179764
23.6354,179230
23.6388,179022
23.6428,178982
23.6469,179588
23.6519,179343
23.6551,178783
23.6592,178662
23.6636,178899
23.6676,179263
23.6715,179254
23.6716,178977
23.6756,178813
23.6797,178782
23.6842,179149
23.6884,179111
23.6920,179676
23.6962,178494
23.7008,178834
23.7046,179096
23.7084,178551
23.7125,178916
23.7170,179401
23.7216,179646
23.7247,179511
23.7289,178360
23.7338,179317
23.7373,178797
23.7411,179379
23.7453,178859
23.7497,179177
23.7538,179030
23.7575,178584
23.7617,178537
23.7664,179264
23.7708,178904
23.7739,179625
23.7781,178567
23.7825,179323
23.7866,179344
23.7903,178962
23.7944,179625
23.7990,178803
23.7993,178765
23.8031,179279
23.8066,179007
23.8108,179133
23.8159,179048
23.8197,179453
23.8233,179397
23.8272,178979
23.8326,179031
23.8360,179136
23.8395,179727
23.8435,179214
23.8499,178772
23.8524,179166
23.8558,178496
23.8600,179072
23.8659,179450
23.8688,178952
23.8722,178814
23.8763,179459
23.8829,179361
23.8851,179601
23.8886,179118
23.8927,179007
23.8973,178930
23.9014,179375
23.9052,179186
23.9091,178946
23.9133,179281
23.9182,178527
23.9215,178944
23.9255,179306
23.9256,178732
23.9296,178951
23.9342,179464
23.9380,179168
23.9418,179537
23.9459,179432
23.9507,179018
23.9545,179539
23.9582,178714
23.9624,178926
23.9668,179403
23.9712,179067
23.9746,179367
23.9788,179367
23.9836,179219
23.9873,179141
23.9910,178799
23.9950,178815
24.0001,179147
24.0038,179229
24.0074,179238
24.0115,178410
24.0167,179206
24.0203,180082
24.0242,179389
24.0279,178276
24.0326,179049
24.0369,179102
24.0409,178773
24.0443,178962
24.0506,178276
24.0527,178718
24.0533,178621
24.0574,178344
24.0608,179344
24.0671,178046
24.0694,178421
24.0736,178167
24.0771,179344
24.0831,178664
24.0856,178820
24.0897,178765
24.0934,179428
24.1007,179380
24.1022,179049
24.1064,179421
24.1100,179138
24.1165,179426
24.1182,179101
24.1228,179375
24.1261,178735
24.1323,179003
24.1351,179306
24.1384,178435
24.1425,179279
24.1467,179206
24.1517,178751
24.1554,179202
24.1589,179449
24.1631,179447
24.1678,178932
24.1719,178648
24.1754,179448
24.1806,179459
24.1863,179388
24.1972,179551
24.2004,179096
24.2007,179608
24.2016,179955
24.2018,179377
24.2055,179176
24.2089,179222
24.2132,178870
24.2211,178911
24.2215,179377
24.2268,179312
24.2300,179167
24.2339,178508
24.2368,179167
24.2424,179107
24.2456,179269
24.2504,179600
24.2576,179481
24.2588,178850
24.2621,179026
24.2664,178978
24.2713,178962
24.2743,179069
24.2777,179459
24.2835,179599
24.2862,179499
24.2900,179077
24.2940,178809
24.2999,179025
24.3023,178754
24.3065,179488
24.3104,178978
24.3105,178544
24.3150,178585
24.3189,178753
24.3227,179171
24.3268,179056
24.3330,179282
24.3352,179250
24.3391,179228
24.3432,179493
24.3496,178912
24.3522,179387
24.3556,178968
24.3596,179171
24.3659,179104
24.3684,179846
24.3725,179534
24.3760,179048
24.3824,179682
24.3847,179008
24.3884,179768
24.3924,179725
24.3976,179491
24.4008,179200
24.4052,179571
24.4088,179661
24.4129,179472
24.4172,179100
24.4213,179395
24.4251,179465
24.4295,179452
24.4336,178995
24.4376,179371
24.4377,179291
24.4415,179106
24.4456,179018
24.4500,179409
24.4546,179084
24.4579,179100
24.4620,179402
24.4665,179300
24.4708,178517
24.4743,179544
24.4785,179050
24.4831,179483
24.4873,179433
24.4907,179297
24.4949,178991
24.4996,179492
24.5039,179218
24.5071,179084
24.5112,179687
24.5160,178914
24.5198,180042
24.5235,179757
24.5276,179363
24.5334,179334
24.5362,178859
24.5398,178905
24.5440,179158
24.5490,179484
24.5526,178940
24.5563,179315
24.5604,179270
24.5653,179203
24.5661,178941
24.5694,179156
24.5728,179151
24.5767,179098
24.5826,178779
24.5853,179105
24.5891,179404
24.5931,179533
24.6007,179129
24.6015,179168
24.6056,179229
24.6095,178333
24.6136,179111
24.6187,179471
24.6219,179107
24.6258,178628
24.6300,179497
24.6354,178857
24.6381,179320
24.6422,178656
24.6465,179293
24.6508,179435
24.6545,179343
24.6586,179674
24.6628,179343
24.6673,179110
24.6712,179141
24.6750,178944
24.6791,179541
24.6843,179059
24.6874,179165
24.6914,178946
24.6915,179057
24.6955,178518
24.7000,178456
24.7042,178828
24.7078,178692
24.7119,178938
24.7167,179643
24.7207,179660
24.7242,179624
24.7282,179564
24.7336,179157
24.7374,179062
24.7405,179081
24.7447,179307
24.7506,180084
24.7535,178582
24.7569,179580
24.7610,179143
24.7657,179321
24.7699,178780
24.7733,178592
24.7774,179483
24.7828,179530
24.7861,179468
24.7897,179551
24.7938,179225
24.7990,179484
24.8026,178755
24.8061,178398
24.8104,178777
24.8154,178530
24.8185,179040
24.8186,179146
24.8224,178657
24.8265,178924
24.8307,178808
24.8351,178702
24.8400,178942
24.8429,179265
24.8487,178931
24.8516,178981
24.8560,178719
24.8599,178420
24.8654,178302
24.8682,178963
24.8722,179015
24.8757,178313
24.8799,179226
24.8844,178938
24.8886,179184
24.8921,179172
24.8982,178610
24.9007,179041
24.9053,179534
24.9093,179716
24.9126,179241
24.9173,179271
24.9212,179809
24.9248,178959
24.9289,179432
24.9337,179369
24.9375,179569
24.9414,179066
24.9454,178723
24.9455,178947
24.9500,179021
24.9539,179067
24.9576,178793
24.9617,178428
24.9664,179192
24.9701,179057
24.9740,178833
24.9781,179105
24.9825,178849
24.9869,178816
24.9904,178758
24.9947,178822
24.9990,179109
25.0030,179350
25.0070,179235
25.0109,178170
25.0161,178983
25.0199,178702
25.0231,179118
25.0273,179420
25.0329,178911
25.0358,179251
25.0396,178356
25.0437,178622
25.0497,179133
25.0524,179271
25.0566,179282
25.0601,179616
25.0653,179105
25.0683,180141
25.0724,179582
25.0724,180031
25.0764,179460
25.0806,179423
25.0853,178879
25.0891,179926
25.0951,178653
25.0969,179345
25.1010,178852
25.1051,178890
25.1091,177979
25.1133,178622
25.1174,178607
25.1215,178352
25.1255,179224
25.1297,179008
25.1338,179236
25.1378,179849
25.1419,179368
25.1460,179563
25.1501,178956
25.1542,179178
25.1583,178637
25.1626,179674
25.1665,179320
25.1706,179111
25.1747,178713
25.1788,178699
25.1840,178825
25.1870,178741
25.1911,178880
25.1952,179081
25.1993,178373
25.2034,178574
25.2035,178643
25.2075,178834
25.2115,178701
25.2156,178847
25.2198,178952
25.2238,178921
25.2279,179606
25.2321,179187
25.2369,179093
25.2402,178681
25.2443,178924
25.2484,178871
25.2525,178376
25.2566,179171
25.2607,178844
25.2648,179084
25.2689,178899
25.2730,178754
25.2771,178767
25.2812,178486
25.2852,178777
25.2894,178228
25.2935,178898
25.2976,178947
25.3017,179477
25.3058,179126
25.3100,179278
25.3140,179218
25.3180,178835
25.3229,178620
25.3264,179498
25.3303,178659
25.3304,179490
25.3344,178839
25.3386,178346
25.3426,178557
25.3468,179098
25.3508,179324
25.3550,178725
25.3590,178677
25.3631,178867
25.3672,179662
25.3713,178850
25.3754,179040
25.3795,179406
25.3836,178899
25.3883,178912
25.3918,179333
25.3959,179314
25.4000,178810
25.4041,179459
25.4082,179233
25.4123,178501
25.4163,179224
25.4204,179504
25.4245,178612
25.4286,179083
25.4327,178954
25.4368,179234
25.4409,178372
25.4450,178544
25.4491,179826
25.4533,179546
25.4573,179041
25.4574,179343
25.4614,179194
25.4655,179605
25.4695,179236
25.4737,178577
25.4778,178889
25.4819,178550
25.4860,178877
25.4901,179371
25.4941,179507
25.4982,179887
25.5026,179123
25.5064,179574
25.5105,178416
25.5147,179090
25.5188,179272
25.5237,178552
25.5269,178149
25.5312,178522
25.5351,178838
25.5393,178603
25.5433,178911
25.5474,178754
25.5515,178951
25.5556,179272
25.5598,179435
25.5638,179251
25.5679,178770
25.5720,179346
25.5761,179179
25.5804,179347
25.5845,179017
25.5846,179507
25.5884,179246
25.5924,179969
25.5966,179162
25.6007,178927
25.6047,178644
25.6088,178709
25.6129,178759
25.6170,178924
25.6211,178737
25.6252,179191
25.6293,179542
25.6334,178947
25.6375,178873
25.6416,179090
25.6457,179021
25.6498,178984
25.6539,178643
25.6580,178151
25.6621,178809
25.6662,178953
25.6703,178849
25.6744,179365
25.6785,178729
25.6826,179038
25.6867,178978
25.6907,179100
25.6948,179157
25.6989,179135
25.7031,179200
25.7074,178928
25.7112,178889
25.7114,179331
25.7153,179383
25.7194,179096
25.7235,179153
25.7276,179386
25.7317,179056
25.7358,178722
25.7399,178529
25.7440,179089
25.7481,180286
25.7522,178979
25.7563,178675
25.7604,179247
25.7645,178714
25.7686,179545
25.7727,178974
25.7768,179450
25.7809,179708
25.7849,179383
25.7890,178663
25.7933,178943
25.7973,179195
25.8014,179284
25.8054,179338
25.8096,179436
25.8136,179114
25.8178,179235
25.8219,178960
25.8260,179117
25.8301,178744
25.8343,179229
25.8383,179552
25.8385,179013
25.8423,178781
25.8464,178867
25.8505,178641
25.8546,179059
25.8587,179066
25.8628,179117
25.8669,178716
25.8714,178894
25.8751,179025
25.8792,178964
25.8833,179419
25.8874,178820
25.8915,178997
25.8956,179175
25.9002,178979
25.9038,178871
25.9078,178701
25.9119,178892
25.9160,179108
25.9201,179179
25.9242,178981
25.9284,179747
25.9324,179309
25.9365,179470
25.9406,178962
25.9447,179290
25.9488,178876
25.9529,179418
25.9570,178887
25.9612,179412
25.9652,178908
25.9653,178457
25.9693,179138
25.9734,178519
25.9775,178871
25.9816,179457
25.9856,179460
25.9897,179445
25.9938,178636
25.9983,179572
26.0021,179709
26.0061,179038
26.0102,179105
26.0143,179614
26.0184,179269
26.0225,179113
26.0267,178948
26.0307,179517
26.0348,179555
26.0389,179241
26.0430,178974
26.0471,178694
26.0513,178987
26.0553,178504
26.0595,179292
26.0635,178574
26.0677,178644
26.0717,178105
26.0758,178140
26.0799,178804
26.0839,179278
26.0882,178869
26.0922,178477
26.0924,178974
26.0963,179269
26.1004,179120
26.1046,179871
26.1085,179359
26.1126,179119
26.1167,178635
26.1208,178193
26.1249,178705
26.1291,178901
26.1331,179068
26.1372,178890
26.1413,177810
26.1454,178897
26.1495,178335
26.1536,178552
26.1577,178694
26.1618,178746
26.1659,178804
26.1700,178406
26.1741,178713
26.1782,178649
26.1826,179450
26.1865,179334
26.1905,178876
26.1945,178757
26.1986,179423
26.2028,178729
26.2069,178882
26.2110,179342
26.2151,178874
26.2192,178822
26.2234,178972
26.2235,179412
26.2274,179076
26.2315,178723
26.2356,179312
26.2396,179034
26.2437,178833
26.2479,178639
26.2519,178441
26.2560,179002
26.2601,178951
26.2642,179505
26.2683,178811
26.2724,178705
26.2766,178661
26.2807,178517
26.2847,178798
26.2888,178722
26.2928,178448
26.2969,179131
26.3018,177929
26.3052,178046
26.3094,179164
26.3135,178476
26.3174,178916
26.3215,178621
26.3256,178853
26.3297,178384
26.3338,179251
26.3379,179402
26.3421,179035
26.3461,178997
26.3501,179401
26.3502,179212
26.3543,178231
26.3585,178800
26.3625,178672
26.3666,178389
26.3707,178902
26.3748,178402
26.3789,178621
26.3830,178243
26.3871,178845
26.3912,178655
26.3952,178793
26.3994,178749
26.4035,178675
26.4075,178167
26.4116,178649
26.4158,178538
26.4198,178340
26.4240,179417
26.4282,178998
26.4321,179273
26.4362,179021
26.4403,179635
26.4445,179011
26.4485,179341
26.4527,178839
26.4567,179067
26.4609,178775
26.4649,178800
26.4692,178887
26.4731,178432
26.4772,178657
26.4774,178512
26.4814,177796
26.4855,178701
26.4894,178574
26.4936,179229
26.4977,179159
26.5017,179185
26.5059,178956
26.5099,179084
26.5140,179096
26.5182,178490
26.5222,178792
26.5265,179161
26.5305,178759
26.5346,178003
26.5386,178227
26.5427,178272
26.5469,178375
26.5510,178197
26.5551,178761
26.5593,178319
26.5632,178162
26.5673,179117
26.5715,178661
26.5755,178716
26.5796,178813
26.5838,178904
26.5878,178879
26.5919,178880
26.5962,178826
26.6002,178552
26.6043,178310
26.6044,178990
26.6085,178791
26.6126,178218
26.6164,178755
26.6205,178373
26.6246,178481
26.6287,178548
26.6328,178665
26.6369,178425
26.6410,178782
26.6451,178598
26.6492,178963
26.6533,178925
26.6574,178639
26.6615,178289
26.6656,178101
26.6697,178438
26.6738,178756
26.6778,178677
26.6819,178754
26.6860,178681
26.6902,178751
26.6943,179019
26.6984,178898
26.7025,179169
26.7066,179561
26.7108,179126
26.7148,178267
26.7189,178813
26.7231,178876
26.7271,178496
26.7315,178649
26.7317,178112
26.7352,179218
26.7393,178598
26.7435,178568
26.7475,178189
26.7516,178537
26.7557,178895
26.7598,178587
26.7639,178483
26.7680,178743
26.7721,178756
26.7765,178078
26.7803,179120
26.7844,178474
26.7884,177938
26.7925,178738
26.7966,178313
26.8008,178412
26.8048,178213
26.8089,178545
26.8131,178794
26.8171,178768
26.8213,178803
26.8254,178502
26.8295,178305
26.8336,179074
26.8376,178150
26.8417,178386
26.8458,178364
26.8500,178200
26.8542,177678
26.8581,178189
26.8582,177929
26.8622,178230
26.8663,178097
26.8704,177410
26.8745,178074
26.8786,178529
26.8827,178377
26.8868,178501
26.8908,178888
26.8949,177799
26.8991,178972
26.9032,178315
26.9072,178880
26.9113,178959
26.9154,178892
26.9195,178821
26.9236,179334
26.9277,178984
26.9319,178746
26.9360,178915
26.9401,178809
26.9443,179462
26.9482,179425
26.9524,179087
26.9564,178675
26.9605,179301
26.9652,178443
26.9687,178776
26.9728,179025
26.9769,179010
26.9814,178851
26.9850,178796
26.9851,178420
26.9892,178923
26.9933,178513
26.9974,178924
27.0014,178721
27.0055,179053
27.0098,177894
27.0144,179084
27.0178,179097
27.0219,178897
27.0261,178805
27.0301,178911
27.0343,179358
27.0383,178657
27.0425,179332
27.0467,178974
27.0506,178435
27.0547,178964
27.0588,178919
27.0632,179178
27.0670,179174
27.0711,179105
27.0752,179459
27.0793,178642
27.0834,179213
27.0876,178657
27.0915,179118
27.0958,179527
27.1003,179483
27.1046,178388
27.1081,178749
27.1124,178129
27.1132,178623
27.1165,178413
27.1203,178915
27.1244,178290
27.1286,178864
27.1332,179089
27.1367,178347
27.1407,178720
27.1454,178597
27.1495,178287
27.1530,179304
27.1571,179200
27.1612,178743
27.1662,178372
27.1694,178674
27.1735,178831
27.1776,178758
27.1824,179057
27.1858,178980
27.1899,178777
27.1940,178907
27.1986,178975
27.2022,179017
27.2063,179746
27.2104,179186
27.2151,179285
27.2185,179264
27.2227,179249
27.2271,178786
27.2311,178913
27.2349,178985
27.2391,179714
27.2431,179162
27.2434,179441
27.2478,179131
27.2516,178591
27.2554,179485
27.2595,179649
27.2641,179224
27.2682,179152
27.2718,179710
27.2759,179342
27.2808,178855
27.2846,179260
27.2882,178926
27.2922,179979
27.2970,178887
27.3008,179082
27.3045,178727
27.3086,178980
27.3131,178578
27.3172,178820
27.3210,178790
27.3250,178288
27.3297,178380
27.3333,178508
27.3373,178627
27.3414,178021
27.3459,179118
27.3501,178763
27.3537,179011
27.3578,178958
27.3624,179641
27.3660,178528
27.3701,178762
27.3703,179307
27.3742,177929
27.3788,178896
27.3829,178802
27.3865,178266
27.3906,178522
27.3953,178342
27.3994,179570
27.4029,178832
27.4069,178768
27.4111,178747
27.4159,178685
27.4192,178885
27.4234,179080
27.4275,178898
27.4321,178739
27.4356,178922
27.4397,178919
27.4438,179114
27.4484,178968
27.4520,178916
27.4561,178684
27.4603,178817
27.4649,178517
27.4684,179700
27.4725,178943
27.4769,179491
27.4814,179199
27.4854,179113
27.4889,179461
27.4933,178736
27.4971,178932
27.4972,179267
27.5011,179084
27.5052,178737
27.5094,178732
27.5134,179488
27.5175,178670
27.5216,179056
27.5259,179182
27.5298,178402
27.5340,178750
27.5381,178542
27.5421,178952
27.5462,178147
27.5503,178911
27.5545,179345
27.5585,179237
27.5626,179680
27.5668,179430
27.5709,179235
27.5749,179440
27.5793,179063
27.5830,178822
27.5872,179231
27.5912,179040
27.5955,179084
27.5995,178182
27.6036,178754
27.6077,179010
27.6118,178685
27.6159,178689
27.6201,179091
27.6240,179321
27.6241,179012
27.6281,178855
27.6331,178730
27.6363,179136
27.6404,178424
27.6445,178707
27.6486,178640
27.6527,178083
27.6568,177855
27.6609,178764
27.6650,178617
27.6691,178923
27.6731,178978
27.6773,178824
27.6814,178718
27.6855,178600
27.6895,178636
27.6936,178486
27.6977,178630
27.7018,178298
27.7059,178459
27.7100,178750
27.7141,178635
27.7182,179004
27.7223,178645
27.7264,179665
27.7305,179607
27.7346,179047
27.7387,178793
27.7429,179057
27.7469,179465
27.7515,178637
27.7522,179024
27.7551,179022
27.7592,179118
27.7633,179529
27.7674,179015
27.7715,179103
27.7757,178725
27.7797,178382
27.7842,178807
27.7878,179030
27.7920,178163
27.7961,178460
27.8002,178516
27.8043,179092
27.8086,178404
27.8126,178701
27.8167,178579
27.8207,178887
27.8248,178427
27.8289,178645
27.8329,179904
27.8370,179069
27.8411,179631
27.8452,179926
27.8493,179430
27.8534,178954
27.8575,178819
27.8617,178971
27.8658,179042
27.8699,178683
27.8741,179013
27.8780,179281
27.8782,179277
27.8821,179524
27.8861,179087
27.8902,179228
27.8944,179378
27.8984,179232
27.9033,178790
27.9066,179526
27.9107,179344
27.9149,179490
27.9189,179536
27.9241,179701
27.9272,178504
27.9312,179780
27.9353,178542
27.9394,179234
27.9435,179494
27.9476,179214
27.9516,179477
27.9558,179549
27.9598,178537
27.9640,178452
27.9681,179055
27.9722,178534
27.9762,178943
27.9804,179182
27.9845,178917
27.9885,178919
27.9926,178504
27.9968,179706
28.0010,178966
28.0051,178699
28.0091,178913
28.0093,179210
28.0132,178619
28.0173,178884
28.0213,179101
28.0255,178735
28.0295,179187
28.0336,179227
28.0377,178913
28.0419,179798
28.0459,179643
28.0500,178246
28.0541,179351
28.0583,179518
28.0623,179310
28.0664,179097
28.0705,179921
28.0746,179414
28.0788,179382
28.0828,179287
28.0869,179027
28.0909,179120
28.0951,179618
28.0992,179691
28.1032,179209
28.1073,179125
28.1114,178434
28.1155,178819
28.1196,178852
28.1237,179021
28.1280,179621
28.1320,179303
28.1361,179622
28.1362,179078
28.1401,179728
28.1444,179066
28.1483,178823
28.1524,179664
28.1565,179259
28.1606,179152
28.1647,178377
28.1688,178033
28.1728,178742
28.1770,178409
28.1810,178209
28.1851,178775
28.1893,178896
28.1934,178743
28.1975,178431
28.2015,178200
28.2056,178759
28.2097,178615
28.2138,178470
28.2179,178398
28.2220,179161
28.2261,178707
28.2302,178727
28.2343,178443
28.2384,179118
28.2425,178908
28.2466,179071
28.2507,178338
28.2551,178450
28.2592,179110
28.2637,177976
28.2641,178556
28.2671,179017
28.2711,179702
28.2753,178926
28.2794,178953
28.2834,178742
28.2875,179563
28.2918,179323
28.2957,178926
28.2999,178937
28.3040,179473
28.3081,178717
28.3123,179464
28.3162,179149
28.3203,178862
28.3244,179151
28.3285,179248
28.3326,179133
28.3367,179241
28.3408,178947
28.3449,178832
28.3490,178763
28.3531,179182
28.3572,178985
28.3613,178863
28.3656,178587
28.3695,178537
28.3736,178223
28.3777,179038
28.3819,178826
28.3863,178882
28.3902,178679
28.3903,178416
28.3941,178772
28.3981,178470
28.4023,179116
28.4064,179595
28.4104,178801
28.4145,178661
28.4186,178991
28.4227,178468
28.4268,178895
28.4309,179191
28.4350,179514
28.4391,179177
28.4432,178580
28.4472,179727
28.4514,179283
28.4554,179189
28.4596,179534
28.4637,179477
28.4678,179443
28.4718,179307
28.4760,178825
28.4800,178700
28.4842,178695
28.4882,179685
28.4924,179315
28.4965,179434
28.5006,179451
28.5047,179716
28.5088,178920
28.5130,179351
28.5174,178832
28.5182,178887
28.5210,179063
28.5252,179469
28.5293,179343
28.5334,179264
28.5374,179110
28.5422,179022
28.5457,179344
28.5498,179500
28.5538,179632
28.5579,179829
28.5620,178957
28.5661,179410
28.5702,178819
28.5742,179263
28.5784,179354
28.5824,178870
28.5865,178637
28.5907,179554
28.5947,179089
28.5988,179077
28.6030,178798
28.6070,178574
28.6111,178733
28.6152,178557
28.6193,179107
28.6235,179440
28.6275,179067
28.6316,178980
28.6357,178578
28.6412,178412
28.6443,178786
28.6450,179511
28.6480,178873
28.6523,179031
28.6561,178665
28.6603,178760
28.6644,178440
28.6685,178869
28.6725,178601
28.6767,178903
28.6808,178922
28.6849,178602
28.6890,179525
28.6930,179114
28.6972,178894
28.7017,179659
28.7053,178834
28.7094,179121
28.7135,178807
28.7176,178847
28.7217,179371
28.7258,179699
28.7299,179390
28.7340,178632
28.7381,179206
28.7422,179178
28.7464,179190
28.7504,179728
28.7545,179338
28.7586,179162
28.7627,179274
28.7670,179697
28.7712,179402
28.7752,179272
28.7754,179449
28.7790,179090
28.7831,178863
28.7872,178843
28.7914,179061
28.7956,178639
28.7995,179144
28.8036,178504
28.8077,178481
28.8118,178903
28.8159,178783
28.8200,178227
28.8244,178895
28.8282,178779
28.8323,178102
28.8364,179002
28.8406,178597
28.8446,178830
28.8487,178186
28.8528,178846
28.8569,179223
28.8610,179229
28.8651,179201
28.8692,179180
28.8732,178452
28.8774,179155
28.8814,178557
28.8855,178358
28.8896,179065
28.8941,179033
28.8981,178972
28.9019,179004
28.9021,179159
28.9060,178873
28.9101,178784
28.9142,178752
28.9183,178657
28.9224,179207
28.9265,178655
28.9306,179127
28.9347,178761
28.9388,179242
28.9429,178892
28.9470,179018
28.9511,179190
28.9553,179099
28.9592,178951
28.9634,179653
28.9674,178975
28.9715,179064
28.9756,178701
28.9798,178780
28.9838,179219
28.9879,179417
28.9920,178765
28.9975,179339
29.0020,178887
29.0043,179286
29.0086,178324
29.0125,179306
29.0166,179240
29.0208,178696
29.0248,179037
29.0289,179411
29.0290,179309
29.0330,178972
29.0371,178733
29.0413,178901
29.0453,179303
29.0494,178851
29.0534,179521
29.0576,179087
29.0617,178899
29.0659,178859
29.0698,179288
29.0739,179068
29.0780,178926
29.0821,179351
29.0862,179319
29.0904,179356
29.0944,179695
29.0985,178813
29.1026,178895
29.1068,178921
29.1109,178900
29.1149,179372
29.1192,178974
29.1231,179443
29.1272,179132
29.1313,179113
29.1355,178846
29.1395,178940
29.1436,179554
29.1477,178784
29.1519,178454
29.1561,179140
29.1563,179044
29.1600,179575
29.1641,178992
29.1682,179223
29.1723,179414
29.1764,179196
29.1804,179143
29.1853,179210
29.1887,178894
29.1927,178771
29.1969,178815
29.2009,179074
29.2050,179061
29.2091,178941
29.2132,178313
29.2174,179220
29.2214,178670
29.2255,178371
29.2297,179294
29.2337,178376
29.2386,178682
29.2419,178724
29.2460,178882
29.2501,178322
29.2542,178391
29.2582,178564
29.2624,178729
29.2665,178614
29.2711,178784
29.2747,179430
29.2789,178963
29.2832,178963
29.2840,178959
29.2870,179147
29.2910,178836
29.2951,178777
29.2992,178959
29.3033,178980
29.3074,179678
29.3116,178902
29.3157,178622
29.3198,178702
29.3238,178648
29.3282,178304
29.3320,178899
29.3361,178853
29.3402,178459
29.3443,178736
29.3484,179189
29.3525,178100
29.3566,178758
29.3607,179124
29.3656,178812
29.3689,179153
29.3729,178756
29.3771,178868
29.3811,178843
29.3852,179071
29.3894,179135
29.3934,179042
29.3975,179010
29.4016,178643
29.4060,179054
29.4100,178899
29.4101,178544
29.4140,178870
29.4190,178620
29.4222,179202
29.4262,177951
29.4303,178799
29.4344,178888
29.4385,178996
29.4426,178487
29.4468,178971
29.4507,178764
29.4549,179237
29.4590,178414
29.4631,178692
29.4672,179297
29.4713,179011
29.4754,179093
29.4795,178975
29.4840,179027
29.4877,179227
29.4918,178844
29.4959,179589
29.4999,179603
29.5041,178901
29.5081,179492
29.5122,178828
29.5164,179344
29.5205,179583
29.5246,178729
29.5287,179128
29.5329,179044
29.5369,179129
29.5370,179156
29.5409,178742
29.5449,179013
29.5491,178750
29.5532,179067
29.5573,179377
29.5614,178305
29.5654,178563
29.5696,178932
29.5736,179120
29.5784,179026
29.5818,178677
29.5859,178609
29.5900,179022
29.5941,178525
29.5983,179488
29.6023,179056
29.6064,178695
29.6105,179194
29.6146,179029
29.6187,179044
29.6228,179234
29.6269,178864
29.6310,179062
29.6351,179250
29.6392,179266
29.6433,178624
29.6474,179058
29.6514,179073
29.6556,179485
29.6599,179559
29.6641,179873
29.6680,179150
29.6687,178944
29.6719,179628
29.6760,179356
29.6801,179666
29.6842,178511
29.6884,178629
29.6924,178332
29.6965,178814
29.7006,178470
29.7047,178695
29.7089,179113
29.7129,178941
29.7170,178794
29.7211,178439
29.7252,179090
29.7293,178945
29.7334,179282
29.7375,179539
29.7416,179115
29.7456,178948
29.7498,179759
29.7539,179641
29.7581,179297
29.7621,179158
29.7661,179373
29.7703,178774
29.7744,179030
29.7785,179172
29.7826,179295
29.7881,178825
29.7914,179824
29.7950,179360
29.7952,179584
29.7989,178816
29.8031,178831
29.8071,178976
29.8112,178885
29.8153,179403
29.8194,178616
29.8235,179305
29.8276,179054
29.8317,179352
29.8358,179500
29.8399,178907
29.8440,178821
29.8481,178879
29.8522,179439
29.8563,179964
29.8605,179013
29.8644,179342
29.8685,179425
29.8726,179120
29.8768,178991
29.8809,178890
29.8850,178995
29.8891,179090
29.8931,179129
29.8972,178874
29.9014,179351
29.9054,178742
29.9095,179219
29.9136,178752
29.9178,179792
29.9218,179751
29.9220,179670
29.9259,179206
29.9300,179281
29.9341,178454
29.9382,179154
29.9422,178988
29.9464,179389
29.9504,179204
29.9545,179015
29.9587,178577
29.9628,178554
29.9669,178957
29.9709,178568
29.9750,178606
29.9791,178824
29.9832,178902
29.9874,178716
29.9914,178586
29.9955,179190
29.9996,179540
30.0037,179343
30.0078,178715
30.0119,178817
30.0160,179390
30.0201,179150
30.0243,178820
30.0283,179365
30.0324,179236
30.0365,178674
30.0407,179417
30.0449,179162
30.0490,179182
30.0491,179801
30.0528,179329
30.0570,179009
30.0611,179579
30.0652,178626
30.0692,179554
30.0734,179117
30.0774,179203
30.0815,179192
30.0856,178921
30.0897,178956
30.0938,179300
30.0979,179461
30.1020,179414
30.1061,179423
30.1102,179303
30.1143,179623
30.1184,179261
30.1225,179214
30.1266,179322
30.1307,179384
30.1348,178671
30.1389,178653
30.1429,179225
30.1471,179249
30.1512,178991
30.1552,179169
30.1594,178857
30.1634,178820
30.1676,178668
30.1721,179313
30.1760,178593
30.1761,178789
30.1798,179093
30.1839,179295
30.1880,178818
30.1921,179249
30.1962,178440
30.2003,179308
30.2044,179175
30.2085,178636
30.2126,179014
30.2167,179489
30.2208,178947
30.2249,179218
30.2290,178755
30.2331,179299
30.2372,178823
30.2412,178950
30.2454,178856
30.2494,178546
30.2536,179387
30.2577,178754
30.2617,179053
30.2658,179244
30.2699,179308
30.2741,178927
30.2781,178583
30.2822,179419
30.2864,178930
30.2905,179439
30.2945,179042
30.2987,179061
30.3033,178996
30.3039,179432
30.3071,178854
30.3109,179122
30.3150,179291
30.3192,178642
30.3234,179396
30.3273,178900
30.3314,179234
30.3355,179311
30.3396,179493
30.3437,179248
30.3478,178976
30.3519,178979
30.3560,179007
30.3601,178824
30.3641,178241
30.3683,179106
30.3725,178323
30.3767,178926
30.3805,178740
30.3847,179268
30.3887,179402
30.3928,178856
30.3969,179471
30.4010,178963
30.4051,179429
30.4092,178606
30.4133,179178
30.4174,179370
30.4216,178859
30.4257,178726
30.4304,179309
30.4311,179299
30.4338,178704
30.4379,179066
30.4421,179151
30.4461,179287
30.4502,179404
30.4543,178313
30.4584,178754
30.4625,179007
30.4666,178824
30.4707,178870
30.4747,178671
30.4788,178617
30.4829,178291
30.4870,178605
30.4912,178592
30.4952,178792
30.4993,178640
30.5034,178912
30.5075,178615
30.5116,178629
30.5157,179344
30.5198,178305
30.5244,178679
30.5280,178754
30.5321,179221
30.5362,179001
30.5403,178761
30.5444,178481
30.5485,178910
30.5527,179043
30.5567,178762
30.5608,178870
30.5609,178747
30.5649,179328
30.5693,179351
30.5730,179221
30.5771,178592
30.5812,179038
30.5854,179162
30.5894,179098
30.5935,179310
30.5976,179872
30.6017,178570
30.6058,179013
30.6099,179035
30.6140,179238
30.6181,179607
30.6222,178976
30.6263,179420
30.6304,179536
30.6345,179188
30.6386,178828
30.6427,178929
30.6468,178579
30.6509,179404
30.6549,178681
30.6591,178666
30.6632,178595
30.6672,179057
30.6714,178746
30.6754,179650
30.6799,178852
30.6837,179085
30.6879,179246
30.6880,179196
30.6918,179309
30.6959,178992
30.7000,179154
30.7041,179323
30.7082,179390
30.7123,179207
30.7164,178932
30.7205,179093
30.7246,179417
30.7287,178801
30.7328,179340
30.7368,179384
30.7410,179084
30.7451,179202
30.7492,179164
30.7532,178824
30.7574,179269
30.7614,179161
30.7655,178961
30.7696,178414
30.7738,178877
30.7779,178969
30.7820,179150
30.7861,178640
30.7902,179453
30.7943,179053
30.7983,179429
30.8024,179027
30.8068,178731
30.8108,178201
30.8149,178307
30.8150,178498
30.8188,179203
30.8229,179398
30.8270,178661
30.8311,178245
30.8352,178986
30.8392,178557
30.8434,178614
30.8474,178874
30.8515,178490
30.8556,178434
30.8598,178288
30.8638,179111
30.8681,178346
30.8720,178223
30.8762,178361
30.8803,178225
30.8844,178052
30.8884,178399
30.8925,178905
30.8966,179153
30.9008,178669
30.9049,178021
30.9089,178682
30.9130,178214
30.9171,178722
30.9212,178681
30.9253,178076
30.9294,178889
30.9335,178406
30.9383,178365
30.9417,178311
30.9419,177993
30.9459,178748
30.9499,177894
30.9540,179327
30.9581,179162
30.9622,179000
30.9662,179112
30.9704,178682
30.9744,179104
30.9785,179437
30.9827,178340
30.9867,178905
30.9909,179285
30.9950,178827
30.9990,178880
31.0032,178873
31.0072,178982
31.0114,179386
31.0154,179048
31.0195,178886
31.0236,179129
31.0277,178698
31.0318,178757
31.0359,178875
31.0400,178524
31.0441,178472
31.0482,178776
31.0523,178554
31.0564,179256
31.0605,179368
31.0646,179102
31.0690,179000
31.0692,179008
31.0731,178399
31.0768,178776
31.0809,178580
31.0850,178824
31.0892,179045
31.0933,178325
31.0974,179069
31.1014,178746
31.1055,178283
31.1096,178345
31.1137,179081
31.1178,178603
31.1219,178921
31.1260,178858
31.1301,179351
31.1342,179013
31.1382,179310
31.1424,178585
31.1464,179121
31.1505,179574
31.1547,178980
31.1588,178620
31.1628,178722
31.1669,178191
31.1710,178082
31.1751,179149
31.1793,179018
31.1834,178623
31.1876,178518
31.1916,179092
31.1958,178652
31.1959,178913
31.1997,178942
31.2038,178334
31.2079,178480
31.2120,178614
31.2161,178010
31.2202,178085
31.2243,178581
31.2284,178456
31.2325,178930
31.2365,178528
31.2407,178145
31.2447,178519
31.2488,178475
31.2529,178774
31.2571,179089
31.2612,178850
31.2652,178912
31.2694,179095
31.2735,178754
31.2775,178627
31.2816,179552
31.2857,179003
31.2899,179258
31.2939,179065
31.2980,179036
31.3021,178839
31.3064,179148
31.3103,178917
31.3144,178928
31.3186,178935
31.3228,179622
31.3267,179570
31.3268,178765
31.3308,178642
31.3349,178993
31.3390,179390
31.3430,178728
31.3472,178884
31.3512,178921
31.3555,178767
31.3595,178579
31.3636,179294
31.3677,178801
31.3717,179113
31.3760,178766
31.3799,178350
31.3840,178682
31.3881,179040
31.3922,178335
31.3963,179197
31.4004,179707
31.4045,178940
31.4086,179524
31.4127,179536
31.4168,178403
31.4209,179308
31.4250,178861
31.4299,178925
31.4332,178689
31.4372,179321
31.4414,178954
31.4455,179588
31.4495,179005
31.4536,179574
31.4538,179205
31.4578,178882
31.4619,178854
31.4659,178408
31.4700,179075
31.4741,179212
31.4782,179067
31.4824,178692
31.4864,178843
31.4905,178564
31.4946,179224
31.4987,178666
31.5028,178962
31.5069,179019
31.5110,178660
31.5151,178364
31.5192,178020
31.5233,178510
31.5274,178770
31.5315,178796
31.5356,178639
31.5397,179496
31.5437,179048
31.5479,178791
31.5519,178794
31.5563,179365
31.5602,178479
31.5643,178578
31.5684,178882
31.5729,178471
31.5767,178535
31.5808,178910
31.5810,178942
31.5848,179043
31.5888,178892
31.5929,178656
31.5970,178630
31.6011,179053
31.6052,178891
31.6093,179062
31.6134,178975
31.6175,178469
31.6216,179414
31.6257,178639
31.6298,178645
31.6339,179039
31.6379,179088
31.6421,179120
31.6462,178750
31.6503,179699
31.6544,179563
31.6585,179414
31.6625,179636
31.6667,179180
31.6707,179706
31.6748,179866
31.6789,179398
31.6830,179693
31.6871,178603
31.6912,179191
31.6954,179051
31.6996,178506
31.7035,179284
31.7077,179224
31.7079,179168
31.7117,179073
31.7158,178791
31.7199,179254
31.7240,179530
31.7281,178937
31.7322,179088
31.7363,178786
31.7406,179083
31.7444,178737
31.7486,179557
31.7526,178699
31.7568,179122
31.7608,179168
31.7649,179680
31.7690,179716
31.7733,179752
31.7772,179923
31.7814,179253
31.7854,179389
31.7896,178911
31.7936,179423
31.7977,178747
31.8018,179280
31.8060,179161
31.8100,179272
31.8141,179466
31.8182,179235
31.8223,179677
31.8266,179680
31.8306,179815
31.8347,179165
31.8348,179239
31.8387,179211
31.8428,179085
31.8468,179662
31.8509,179661
31.8550,179469
31.8591,179500
31.8633,178959
31.8674,180303
31.8714,179502
31.8756,179368
31.8796,178952
31.8837,180592
31.8878,179589
31.8919,178952
31.8960,180154
31.9001,180458
31.9042,179495
31.9083,179457
31.9124,179409
31.9165,180009
31.9206,179868
31.9247,179471
31.9288,179737
31.9329,179862
31.9369,179761
31.9411,180227
31.9451,179346
31.9492,179813
31.9534,179430
31.9575,179273
31.9617,179795
31.9619,179260
31.9656,179424
31.9697,180008
31.9738,179303
31.9779,180193
31.9820,179106
31.9861,179457
31.9902,179804
31.9943,179469
31.9984,180098
32.0025,179412
32.0067,179060
32.0107,179229
32.0148,179281
32.0189,179676
32.0230,179632
32.0271,179516
32.0312,179298
32.0353,179061
32.0394,179706
32.0434,178689
32.0475,179875
32.0516,178708
32.0558,179212
32.0598,179394
32.0639,179934
32.0680,179433
32.0721,178743
32.0762,178743
32.0804,178978
32.0850,179557
32.0886,179258
32.0888,179261
32.0926,179161
32.0967,179174
32.1008,179689
32.1049,179168
32.1090,179360
32.1130,179126
32.1172,179851
32.1213,179444
32.1254,178842
32.1295,179231
32.1336,178916
32.1377,179406
32.1417,179693
32.1458,179169
32.1499,179283
32.1540,179449
32.1581,178978
32.1623,179297
32.1664,179188
32.1705,179816
32.1748,179720
32.1787,179025
32.1828,179434
32.1869,179890
32.1909,179587
32.1950,178984
32.1991,179946
32.2032,180171
32.2073,179179
32.2116,179463
32.2155,178803
32.2196,179273
32.2197,179904
32.2237,178833
32.2278,179263
32.2319,178922
32.2360,178904
32.2401,178840
32.2442,179645
32.2484,179363
32.2524,179762
32.2564,179865
32.2606,179564
32.2647,179220
32.2687,179885
32.2731,179456
32.2769,179340
32.2810,179529
32.2851,179325
32.2893,179020
32.2933,179319
32.2975,179129
32.3015,179156
32.3059,179151
32.3097,178929
32.3138,179364
32.3179,179284
32.3222,179614
32.3273,178667
32.3304,179501
32.3354,179369
32.3386,179012
32.3433,179193
32.3467,178910
32.3468,178991
32.3506,179101
32.3547,178880
32.3613,179361
32.3643,179191
32.3671,179328
32.3711,179174
32.3777,178554
32.3799,179366
32.3834,178714
32.3875,178517
32.3936,178353
32.3957,178981
32.4003,179486
32.4039,178844
32.4101,179879
32.4125,179336
32.4166,178781
32.4203,179298
32.4244,179966
32.4297,179316
32.4326,178943
32.4367,179148
32.4408,179558
32.4454,179860
32.4489,179659
32.4530,179577
32.4573,179245
32.4628,179733
32.4655,179172
32.4701,179636
32.4737,179482
32.4738,179824
32.4779,179483
32.4818,179581
32.4858,179505
32.4900,179012
32.4945,179475
32.4985,179235
32.5022,179605
32.5063,179871
32.5113,179988
32.5151,179046
32.5186,179404
32.5232,179813
32.5272,179431
32.5313,179962
32.5350,179507
32.5391,179514
32.5444,178850
32.5481,179321
32.5514,178716
32.5555,179367
32.5611,179285
32.5636,179716
32.5677,179492
32.5720,179682
32.5787,179436
32.5811,179195
32.5841,179312
32.5882,179230
32.5938,179236
32.5964,179233
32.6006,179766
32.6007,179789
32.6046,179368
32.6109,179806
32.6133,179763
32.6175,180121
32.6210,179176
32.6277,179098
32.6300,179115
32.6336,179497
32.6374,179593
32.6448,179684
32.6461,179563
32.6502,179513
32.6539,179313
32.6578,180156
32.6626,179636
32.6661,179284
32.6701,179770
32.6745,179766
32.6801,178913
32.6830,179070
32.6870,179125
32.6907,179751
32.6955,178371
32.6989,178844
32.7029,178815
32.7071,178663
32.7116,179240
32.7160,178621
32.7197,178235
32.7236,178832
32.7281,179178
32.7296,179482
32.7323,179366
32.7356,179423
32.7398,179007
32.7455,179447
32.7485,179159
32.7521,179258
32.7564,179467
32.7606,179975
32.7651,179902
32.7686,179359
32.7726,178901
32.7775,178767
32.7811,179049
32.7848,179514
32.7889,179130
32.7937,179301
32.7978,179122
32.8012,178908
32.8054,179113
32.8101,179106
32.8137,179122
32.8176,178968
32.8217,179459
32.8272,178986
32.8306,178890
32.8340,179959
32.8381,178584
32.8433,179594
32.8469,179179
32.8505,179229
32.8545,178987
32.8546,179355
32.8606,179563
32.8634,178996
32.8667,179008
32.8709,179503
32.8765,178949
32.8797,179252
32.8831,180419
32.8872,179013
32.8932,179596
32.8960,179576
32.8996,179304
32.9038,179617
32.9077,179902
32.9124,179772
32.9159,180019
32.9200,179590
32.9243,180058
32.9295,179742
32.9322,179193
32.9364,179134
32.9405,179762
32.9455,179020
32.9487,178986
32.9527,179835
32.9570,179291
32.9615,179495
32.9650,178790
32.9691,178533
32.9733,179359
32.9777,178940
32.9815,179738
32.9816,179210
32.9855,179512
32.9898,179076
32.9947,179059
32.9983,179206
33.0019,179374
33.0060,179127
33.0109,178850
33.0142,178881
33.0183,178502
33.0225,178636
33.0273,179587
33.0307,179141
33.0346,178888
33.0388,178845
33.0436,179166
33.0474,179343
33.0511,179213
33.0552,178884
33.0606,179473
33.0641,178871
33.0679,178969
33.0725,179442
33.0773,179048
33.0804,179457
33.0838,179098
33.0879,179639
33.0942,179241
33.0968,179221
33.1002,178435
33.1045,178957
33.1095,179610
33.1124,179856
33.1125,179388
33.1166,179827
33.1207,179503
33.1248,178858
33.1297,179187
33.1331,179093
33.1371,179815
33.1432,179032
33.1457,179372
33.1494,179378
33.1534,179274
33.1601,178727
33.1623,179156
33.1657,178886
33.1698,178866
33.1740,179037
33.1788,179008
33.1821,179162
33.1862,178606
33.1903,179019
33.1952,179277
33.1985,178944
33.2026,178863
33.2067,179096
33.2115,178591
33.2149,179881
33.2190,179184
33.2231,179027
33.2281,178971
33.2316,179429
33.2354,179138
33.2400,179166
33.2402,178597
33.2444,178714
33.2477,178789
33.2518,179363
33.2560,178952
33.2609,178425
33.2643,179206
33.2681,179235
33.2722,178681
33.2773,179050
33.2807,178805
33.2845,179158
33.2892,179278
33.2940,179349
33.2972,178847
33.3010,178791
33.3050,179087
33.3109,178978
33.3141,178805
33.3173,179061
33.3216,178663
33.3265,179486
33.3302,179211
33.3337,179484
33.3377,179543
33.3439,178573
33.3466,179750
33.3501,179169
33.3541,178580
33.3603,179288
33.3624,179363
33.3665,179004
33.3666,179270
33.3705,179286
33.3749,179427
33.3792,178723
33.3836,178755
33.3869,179860
33.3930,178966
33.3957,178779
33.3999,179550
33.4033,178991
33.4094,178830
33.4121,179398
33.4163,178946
33.4201,179298
33.4238,179657
33.4282,179426
33.4328,179206
33.4367,179435
33.4402,179712
33.4447,179175
33.4488,179195
33.4525,179368
33.4567,179092
33.4614,179225
33.4652,178819
33.4688,178490
33.4730,178681
33.4777,178870
33.4818,179478
33.4860,179273
33.4895,179644
33.4935,178958
33.4940,179390
33.4979,179617
33.5016,179540
33.5057,179791
33.5105,179576
33.5143,179415
33.5180,179114
33.5222,179069
33.5265,179499
33.5311,179320
33.5347,179057
33.5385,179131
33.5447,179113
33.5472,179431
33.5508,180178
33.5549,179365
33.5599,179530
33.5639,179439
33.5671,179032
33.5715,179379
33.5764,179215
33.5802,178373
33.5835,178172
33.5876,178703
33.5929,178779
33.5965,179106
33.6009,178651
33.6045,178560
33.6100,179193
33.6130,179140
33.6164,179172
33.6203,178447
33.6204,179181
33.6245,178880
33.6290,178669
33.6328,178859
33.6367,178279
33.6432,178318
33.6455,179027
33.6491,178979
33.6531,179022
33.6601,179543
33.6619,179080
33.6654,178945
33.6695,179862
33.6741,179157
33.6783,179031
33.6827,179182
33.6859,179080
33.6900,179138
33.6950,179015
33.6985,179003
33.7023,179082
33.7065,178834
33.7111,178967
33.7149,179242
33.7190,178602
33.7229,178870
33.7278,179414
33.7311,179017
33.7351,178740
33.7392,179236
33.7442,178551
33.7474,179054
33.7475,179352
33.7515,179031
33.7555,178942
33.7615,178961
33.7641,179020
33.7689,178891
33.7719,179035
33.7776,179193
33.7808,178869
33.7842,179383
33.7883,179383
33.7931,178745
33.7970,179379
33.8010,178071
33.8048,179612
33.8116,179329
33.8142,179150
33.8170,179455
33.8211,178842
33.8264,179051
33.8299,178949
33.8334,179130
33.8375,178742
33.8437,179243
33.8468,179046
33.8502,179136
33.8538,179103
33.8599,178835
33.8628,178973
33.8662,178911
33.8704,178998
33.8770,178956
33.8788,178977
33.8794,179240
33.8830,179011
33.8866,179357
33.8931,178973
33.8954,178687
33.8996,179294
33.9030,179225
33.9072,178810
33.9123,179029
33.9162,178921
33.9194,179234
33.9235,178945
33.9284,179444
33.9325,178803
33.9358,179074
33.9399,179455
33.9444,179098
33.9489,179477
33.9521,179238
33.9563,178388
33.9613,179526
33.9651,179034
33.9686,178856
33.9728,179227
33.9773,179162
33.9809,179059
33.9849,179061
33.9890,179593
33.9944,179330
33.9973,179014
34.0016,179244
34.0056,179390
34.0060,179099
34.0101,178949
34.0141,178706
34.0177,179408
34.0219,179349
34.0272,179467
34.0306,179041
34.0341,178136
34.0382,178890
34.0441,178447
34.0468,179107
34.0505,179417
34.0546,179318
34.0595,178426
34.0636,179279
34.0668,179572
34.0712,178908
34.0760,179012
34.0796,179456
34.0845,179199
34.0879,178909
34.0914,179563
34.0955,179089
34.0997,178709
34.1038,178276
34.1079,178907
34.1121,179205
34.1160,178538
34.1201,179280
34.1244,178776
34.1285,179016
34.1325,178703
34.1327,178762
34.1365,178627
34.1406,178329
34.1447,178998
34.1488,178917
34.1539,178353
34.1569,178535
34.1610,178544
34.1651,178110
34.1692,178894
34.1734,179259
34.1774,178929
34.1815,178619
34.1857,178850
34.1897,178606
34.1938,179207
34.1979,179378
34.2020,178990
34.2062,179219
34.2102,178875
34.2143,179235
34.2184,179662
34.2225,178829
34.2265,179431
34.2307,179050
34.2347,178926
34.2389,178710
34.2429,178823
34.2470,178816
34.2513,178746
34.2553,179259
34.2593,178986
34.2594,179261
34.2634,179535
34.2675,179342
34.2717,179120
34.2757,179654
34.2798,179000
34.2839,178644
34.2881,178966
34.2921,178994
34.2962,178863
34.3002,179110
34.3046,178798
34.3085,179279
34.3126,179261
34.3167,178764
34.3208,179168
34.3249,178866
34.3289,178830
34.3331,179316
34.3372,178768
34.3413,179453
34.3454,179260
34.3494,179205
34.3541,179391
34.3577,179143
34.3618,178861
34.3658,179009
34.3699,178870
34.3740,179513
34.3781,179119
34.3825,178659
34.3870,179004
34.3879,178906
34.3904,179460
34.3945,178899
34.3986,179066
34.4027,179220
34.4068,178714
34.4109,179367
34.4150,178956
34.4190,179219
34.4232,178697
34.4273,179459
34.4314,178522
34.4354,178755
34.4396,179790
34.4437,179048
34.4478,179290
34.4518,179232
34.4560,178807
34.4601,178588
34.4641,179254
34.4683,178095
34.4724,178728
34.4765,178999
34.4815,178246
34.4847,178055
34.4887,178721
34.4928,178043
34.4969,178876
34.5010,178615
34.5051,179277
34.5094,179241
34.5135,179006
34.5136,179398
34.5174,179375
34.5215,179195
34.5257,178931
34.5298,179670
34.5338,178804
34.5378,179369
34.5420,178990
34.5461,179408
34.5503,178979
34.5543,178614
34.5584,178672
34.5626,178383
34.5666,179196
34.5707,179287
34.5747,178939
34.5789,178655
34.5830,178538
34.5870,179017
34.5911,178962
34.5953,179166
34.5994,178951
34.6035,178739
34.6076,179241
34.6116,179630
34.6158,179408
34.6199,178584
34.6239,179039
34.6280,179479
34.6321,179268
34.6363,178656
34.6404,179203
34.6405,178737
34.6445,178684
34.6493,178252
34.6526,178701
34.6566,178497
34.6607,178413
34.6648,178393
34.6689,179226
34.6730,178631
34.6771,178700
34.6812,178807
34.6853,178275
34.6894,178712
34.6935,178791
34.6976,178698
34.7017,178355
34.7058,178654
34.7099,178789
34.7140,179272
34.7180,178913
34.7222,178844
34.7263,179919
34.7303,179186
34.7344,178853
34.7385,179206
34.7426,179135
34.7467,179147
34.7508,179330
34.7549,179348
34.7590,178846
34.7642,179198
34.7674,178604
34.7675,178617
34.7714,178633
34.7754,178146
34.7795,178626
34.7836,178745
34.7878,178481
34.7918,178660
34.7960,178756
34.8000,178747
34.8043,178423
34.8082,178469
34.8122,178797
34.8163,178496
34.8206,179432
34.8253,178961
34.8286,178604
34.8327,178762
34.8368,178921
34.8409,178450
34.8450,179211
34.8491,179033
34.8533,178983
34.8574,178952
34.8614,179034
34.8655,178942
34.8696,179118
34.8737,178771
34.8779,179081
34.8819,178781
34.8860,179229
34.8903,179176
34.8944,179534
34.8983,179584
34.8985,179704
34.9024,178873
34.9065,179055
34.9107,178479
34.9147,179105
34.9188,179401
34.9229,179015
34.9269,179077
34.9310,179033
34.9351,179024
34.9392,178807
34.9434,179402
34.9474,178893
34.9515,178976
34.9557,179426
34.9597,179281
34.9638,179383
34.9679,179018
34.9720,178619
34.9761,179475
34.9805,179247
34.9843,179037
34.9884,178530
34.9925,178682
34.9966,179857
35.0007,178850
35.0049,178597
35.0089,178795
35.0130,179378
35.0171,179295
35.0213,179332
35.0254,178587
35.0255,179027
35.0294,179008
35.0334,179258
35.0375,179064
35.0416,178661
35.0457,179111
35.0498,179645
35.0540,179025
35.0582,178924
35.0621,178767
35.0662,178875
35.0705,178777
35.0744,179096
35.0785,178394
35.0826,178618
35.0867,178425
35.0908,178415
35.0949,178718
35.0990,178268
35.1031,178479
35.1072,178701
35.1113,178447
35.1154,179063
35.1195,178810
35.1235,179104
35.1276,178955
35.1317,178318
35.1358,178772
35.1400,178905
35.1441,179103
35.1483,178939
35.1524,178533
35.1525,178180
35.1564,178446
35.1604,178441
35.1648,178449
35.1687,178712
35.1728,178629
35.1768,178955
35.1809,178610
35.1850,178778
35.1892,179139
35.1932,179433
35.1973,178965
35.2014,178732
35.2054,179222
35.2096,178848
35.2137,178904
35.2178,178990
35.2220,179388
35.2260,178903
35.2301,179194
35.2342,178621
35.2384,179401
35.2424,178497
35.2465,178518
35.2505,178966
35.2546,179544
35.2587,179321
35.2629,179334
35.2669,178980
35.2711,179914
35.2753,178850
35.2794,178597
35.2795,178977
35.2834,178560
35.2874,178730
35.2915,178904
35.2956,179030
35.2998,179223
35.3039,178464
35.3079,178797
35.3120,178894
35.3161,178605
35.3202,178932
35.3243,178511
35.3284,178671
35.3324,178848
35.3366,179359
35.3407,179316
35.3451,178651
35.3488,178640
35.3529,178344
35.3570,178452
35.3612,178583
35.3654,178948
35.3694,178796
35.3735,178735
35.3775,179039
35.3816,178712
35.3857,179281
35.3898,178793
35.3939,178636
35.3980,179405
35.4021,178855
35.4063,179020
35.4063,179092
35.4104,179112
35.4144,178714
35.4184,179378
35.4226,178912
35.4267,178644
35.4307,179065
35.4348,178917
35.4389,179010
35.4432,178609
35.4471,178955
35.4512,179034
35.4554,178563
35.4594,179243
35.4637,179017
35.4676,178550
35.4717,179404
35.4758,179026
35.4799,179306
35.4841,178730
35.4882,178644
35.4922,178909
35.4963,179524
35.5004,178557
35.5045,178781
35.5086,179252
35.5127,178387
35.5168,178641
35.5209,179535
35.5251,178359
35.5292,178732
35.5332,179479
35.5333,179039
35.5379,178310
35.5414,178806
35.5454,179434
35.5495,178904
35.5537,179123
35.5577,179483
35.5618,178634
35.5659,179202
35.5705,178772
35.5741,178949
35.5782,178590
35.5823,179231
35.5864,178973
35.5907,178278
35.5946,178614
35.5987,179022
35.6028,178615
35.6069,179396
35.6110,179502
35.6151,179276
35.6192,178887
35.6233,179014
35.6274,178593
35.6314,178933
35.6355,178153
35.6396,178901
35.6437,178800
35.6478,178304
35.6519,178746
35.6562,178703
35.6601,178881
35.6602,178499
35.6642,177963
35.6684,178526
35.6724,178777
35.6765,178630
35.6806,179354
35.6847,178641
35.6888,178690
35.6929,178539
35.6970,178657
35.7011,178632
35.7052,178989
35.7093,179258
35.7134,178029
35.7175,178814
35.7216,178667
35.7256,178679
35.7297,178978
35.7338,178410
35.7379,178599
35.7421,178469
35.7464,179156
35.7502,178641
35.7544,179077
35.7584,178861
35.7626,179142
35.7666,178692
35.7707,178751
35.7748,178219
35.7790,178210
35.7838,178473
35.7871,178732
35.7911,178286
35.7912,178823
35.7953,178599
35.7994,178740
35.8037,179088
35.8076,179084
35.8117,178749
35.8158,178611
35.8199,178434
35.8239,178740
35.8280,178639
35.8321,178939
35.8362,178623
35.8404,178603
35.8444,178148
35.8485,178900
35.8526,179426
35.8567,179141
35.8608,178741
35.8649,178335
35.8691,178024
35.8731,178642
35.8774,178260
35.8813,178248
35.8854,177717
35.8896,177631
35.8936,178265
35.8977,178316
35.9018,178013
35.9060,178415
35.9102,178198
35.9141,178124
35.9181,178631
35.9182,177786
35.9223,178178
35.9264,177655
35.9304,177947
35.9345,178448
35.9386,178223
35.9427,178061
35.9468,177926
35.9509,178493
35.9550,178172
35.9591,178319
35.9632,178244
35.9674,178700
35.9714,178125
35.9755,178591
35.9797,178879
35.9837,178418
35.9878,178136
35.9919,179088
35.9960,178767
36.0001,178223
36.0042,178785
36.0082,178536
36.0124,178121
36.0165,178648
36.0206,178600
36.0248,179626
36.0288,178911
36.0328,178737
36.0370,177996
36.0412,178261
36.0451,178049
36.0452,178135
36.0493,178415
36.0537,178128
36.0574,178462
36.0615,178822
36.0657,178829
36.0697,178481
36.0738,178373
36.0779,178291
36.0820,178553
36.0861,178295
36.0902,178282
36.0949,178827
36.0989,178389
36.1025,177989
36.1071,178783
36.1115,178172
36.1156,179246
36.1189,178905
36.1236,178805
36.1275,178326
36.1312,178835
36.1353,178881
36.1395,178340
36.1440,178829
36.1483,178584
36.1516,178841
36.1557,178824
36.1603,178934
36.1647,178120
36.1681,178501
36.1722,178616
36.1724,178349
36.1766,178679
36.1810,178271
36.1844,178297
36.1886,178559
36.1935,178899
36.1967,179259
36.2008,179195
36.2049,179052
36.2099,179072
36.2131,178816
36.2172,178795
36.2214,179465
36.2262,179079
36.2297,178729
36.2335,179076
36.2379,178642
36.2421,178914
36.2464,178385
36.2500,178342
36.2540,178257
36.2589,178728
36.2622,178743
36.2664,178529
36.2704,178600
36.2749,178660
36.2786,178848
36.2827,178563
36.2868,178413
36.2915,178083
36.2952,178407
36.2990,178799
36.2991,178004
36.3034,179061
36.3079,178790
36.3117,178091
36.3155,178593
36.3196,178274
36.3246,178287
36.3278,177835
36.3318,177857
36.3359,178323
36.3403,179016
36.3443,178402
36.3482,178454
36.3524,177873
36.3565,178722
36.3614,178272
36.3646,178612
36.3687,178334
36.3745,178838
36.3774,178224
36.3810,178531
36.3851,178134
36.3892,177794
36.3942,177580
36.3980,177965
36.4015,177843
36.4057,178084
36.4102,178497
36.4138,178151
36.4179,178135
36.4222,178818
36.4262,178260
36.4263,178507
36.4302,178690
36.4342,178732
36.4386,178131
36.4432,178331
36.4465,179119
36.4506,178039
36.4548,178690
36.4598,178899
36.4630,178500
36.4671,179337
36.4713,178087
36.4755,178432
36.4797,178079
36.4834,178550
36.4876,179240
36.4924,178608
36.4957,179183
36.4998,178653
36.5040,178580
36.5083,178228
36.5126,177980
36.5162,178048
36.5203,178549
36.5247,178820
36.5286,178605
36.5325,179152
36.5367,179231
36.5414,178477
36.5449,178578
36.5490,178788
36.5531,178285
36.5571,179161
36.5573,178565
36.5612,178109
36.5653,177831
36.5695,178523
36.5743,178612
36.5776,178280
36.5817,178752
36.5858,178479
36.5913,178409
36.5943,178146
36.5981,178885
36.6021,178986
36.6068,179126
36.6110,177904
36.6145,178351
36.6185,179054
36.6233,179043
36.6272,178435
36.6308,178221
36.6349,178522
36.6403,178262
36.6437,178270
36.6472,178375
36.6513,178343
36.6558,178231
36.6602,178244
36.6636,178830
36.6677,178649
36.6718,178721
36.6762,178342
36.6801,177841
36.6842,178895
36.6843,179267
36.6882,178951
36.6929,178314
36.6964,179111
36.7005,178628
36.7046,178845
36.7092,178950
36.7128,178287
36.7168,178272
36.7210,178725
36.7255,178658
36.7292,178558
36.7332,178708
36.7374,178313
36.7416,178811
36.7455,178662
36.7496,178908
36.7540,178913
36.7585,178748
36.7621,178629
36.7660,178522
36.7701,178391
36.7742,178418
36.7783,178807
36.7824,178456
36.7865,178677
36.7906,178903
36.7947,178849
36.7988,178785
36.8029,178141
36.8072,178786
36.8112,179036
36.8113,178729
36.8157,178852
36.8192,178443
36.8234,178474
36.8274,179012
36.8315,178435
36.8357,178746
36.8397,178529
36.8438,178702
36.8479,178754
36.8520,178443
36.8561,178570
36.8602,178588
36.8644,178741
36.8684,179130
36.8725,178366
36.8766,178511
36.8807,178426
36.8848,178613
36.8889,178571
36.8930,178055
36.8971,177966
36.9012,177922
36.9053,178490
36.9094,178228
36.9135,178013
36.9175,178121
36.9217,178535
36.9257,178282
36.9299,177800
36.9340,177426
36.9382,178200
36.9385,179113
36.9421,178034
36.9462,178405
36.9503,178050
36.9545,178086
36.9585,178709
36.9626,178318
36.9667,178086
36.9708,178425
36.9749,178689
36.9790,178140
36.9831,179285
36.9872,178907
36.9914,178354
36.9956,179327
36.9995,179299
37.0036,179069
37.0077,178498
37.0118,178755
37.0159,178773
37.0200,178020
37.0241,178766
37.0282,178696
37.0322,178982
37.0364,178675
37.0404,178504
37.0455,179009
37.0486,179192
37.0527,178962
37.0568,178815
37.0611,179179
37.0652,178944
37.0653,178816
37.0691,178421
37.0733,178769
37.0774,178501
37.0814,178697
37.0856,179085
37.0896,177905
37.0937,178491
37.0980,178149
37.1019,178614
37.1060,178394
37.1101,178732
37.1141,178396
37.1183,178904
37.1224,178319
37.1264,178162
37.1305,178800
37.1352,179091
37.1388,178752
37.1429,179208
37.1471,178639
37.1510,178245
37.1551,178703
37.1594,178474
37.1634,178895
37.1674,178629
37.1715,178641
37.1756,178917
37.1797,178938
37.1838,178739
37.1884,178577
37.1925,178353
37.1927,179049
37.1962,178791
37.2002,179183
37.2043,178751
37.2083,178790
37.2125,178065
37.2165,179347
37.2207,179838
37.2247,178698
37.2288,179010
37.2329,179235
37.2370,178636
37.2411,179076
37.2452,178221
37.2493,178775
37.2534,179132
37.2575,179057
37.2616,178928
37.2657,179413
37.2698,178574
37.2739,178961
37.2780,179038
37.2821,179583
37.2862,179164
37.2903,179308
37.2944,179168
37.2985,178719
37.3027,179349
37.3067,178509
37.3108,179819
37.3150,178161
37.3192,179033
37.3232,178299
37.3233,178758
37.3271,178877
37.3312,178521
37.3353,178410
37.3395,178557
37.3435,178956
37.3477,179151
37.3517,179211
37.3558,178525
37.3599,179068
37.3640,178958
37.3681,178924
37.3722,178570
37.3763,179002
37.3804,179397
37.3845,179009
37.3886,179159
37.3927,178503
37.3967,178556
37.4009,179407
37.4050,178445
37.4091,178898
37.4131,179142
37.4172,178739
37.4214,178924
37.4254,178501
37.4295,178804
37.4336,178547
37.4377,178533
37.4420,178910
37.4466,178703
37.4500,178496
37.4502,179271
37.4541,179177
37.4582,178235
37.4623,178524
37.4664,178977
37.4705,178420
37.4746,179117
37.4787,179062
37.4828,178718
37.4869,179093
37.4910,179161
37.4951,179036
37.4992,178786
37.5032,178645
37.5074,178504
37.5115,179004
37.5155,179228
37.5197,178437
37.5238,179026
37.5280,179434
37.5320,179155
37.5361,179248
37.5401,178834
37.5442,178712
37.5484,178939
37.5524,178837
37.5565,179257
37.5607,179166
37.5647,179551
37.5690,178834
37.5732,179201
37.5772,179038
37.5773,178991
37.5814,178782
37.5852,178565
37.5893,178256
37.5934,178547
37.5975,178883
37.6031,177916
37.6056,179171
37.6097,177886
37.6138,178170
37.6179,179067
37.6220,178767
37.6261,179174
37.6302,178903
37.6343,179435
37.6384,178933
37.6425,179009
37.6466,178865
37.6507,179367
37.6548,178704
37.6589,179057
37.6630,178858
37.6671,179011
37.6712,178838
37.6753,178398
37.6794,178883
37.6835,179232
37.6876,179186
37.6917,178791
37.6960,178298
37.7001,178724
37.7042,178401
37.7044,178482
37.7080,178817
37.7121,177868
37.7162,178330
37.7204,178567
37.7244,178529
37.7285,178525
37.7327,178910
37.7367,178437
37.7408,179249
37.7449,178768
37.7490,178591
37.7531,178642
37.7572,178914
37.7613,178474
37.7654,178287
37.7695,178508
37.7736,178065
37.7777,178717
37.7818,178783
37.7859,179148
37.7900,179079
37.7941,179114
37.7982,178963
37.8024,179028
37.8063,178536
37.8104,177618
37.8145,178663
37.8187,178889
37.8228,178438
37.8269,178467
37.8312,178350
37.8313,178571
37.8350,178584
37.8391,177996
37.8433,178793
37.8474,178813
37.8514,179015
37.8555,179027
37.8596,179396
37.8637,178628
37.8678,179222
37.8719,179794
37.8760,179173
37.8801,178755
37.8842,178640
37.8883,178738
37.8924,178508
37.8964,179262
37.9005,178766
37.9047,178757
37.9088,178908
37.9128,178587
37.9169,178609
37.9210,178718
37.9251,178606
37.9292,178660
37.9333,179073
37.9374,178835
37.9415,178159
37.9456,178550
37.9497,178790
37.9540,178870
37.9579,178388
37.9580,179042
37.9620,178761
37.9661,179228
37.9703,179576
37.9743,178841
37.9784,179031
37.9825,178999
37.9866,179491
37.9906,179597
37.9947,179077
37.9988,178737
38.0030,178756
38.0070,178752
38.0111,179573
38.0152,179269
38.0194,179412
38.0234,178679
38.0275,178556
38.0316,178430
38.0358,178380
38.0398,178319
38.0439,178304
38.0480,178807
38.0522,178622
38.0562,178164
38.0604,178686
38.0644,179366
38.0686,179321
38.0726,179062
38.0767,179177
38.0809,179025
38.0863,178451
38.0865,178834
38.0890,178948
38.0931,178343
38.0972,178774
38.1013,178762
38.1054,178293
38.1094,178350
38.1136,178112
38.1177,178728
38.1218,178842
38.1258,178585
38.1304,178563
38.1340,178646
38.1381,178729
38.1423,178592
38.1464,178649
38.1505,178184
38.1545,178394
38.1588,178767
38.1627,178435
38.1669,178835
38.1709,178608
38.1750,178545
38.1791,178760
38.1832,178544
38.1882,178388
38.1914,178532
38.1955,179008
38.1995,178709
38.2037,179039
38.2080,179083
38.2120,178628
38.2121,179146
38.2159,179074
38.2200,178754
38.2241,178939
38.2282,178873
38.2325,178687
38.2364,178818
38.2405,179130
38.2446,178939
38.2487,179164
38.2529,179176
38.2569,179663
38.2610,179300
38.2651,178995
38.2692,179351
38.2737,178999
38.2779,179318
38.2815,179380
38.2856,178690
38.2899,178512
38.2937,178465
38.2979,178909
38.3020,178713
38.3061,178470
38.3103,178604
38.3142,178804
38.3184,178852
38.3225,178854
38.3267,178590
38.3307,178612
38.3351,179040
38.3391,178497
38.3432,179041
38.3433,178554
38.3470,178531
38.3512,179092
38.3553,179034
38.3594,179403
38.3635,178762
38.3676,179085
38.3716,179009
38.3757,178683
38.3798,179098
38.3839,178601
38.3880,178660
38.3920,178186
38.3962,178640
38.4004,178475
38.4044,178969
38.4085,178696
38.4125,179171
38.4166,179105
38.4208,178751
38.4248,178223
38.4289,178841
38.4330,179227
38.4371,179193
38.4412,179119
38.4453,178789
38.4494,179361
38.4535,179037
38.4577,179141
38.4623,179335
38.4665,179082
38.4699,179434
38.4700,179058
38.4740,178660
38.4781,179387
38.4822,178953
38.4863,179601
38.4904,178516
38.4944,179233
38.4985,178844
38.5027,178387
38.5067,178563
38.5109,179203
38.5150,178997
38.5191,178318
38.5231,178665
38.5272,179047
38.5314,178730
38.5355,178969
38.5395,178627
38.5436,178873
38.5477,179090
38.5520,178985
38.5559,178865
38.5601,179135
38.5641,178689
38.5682,178895
38.5723,178838
38.5764,178866
38.5805,178947
38.5846,178594
38.5897,179167
38.5928,178511
38.5968,178971
38.5970,178991
38.6009,178569
38.6050,178588
38.6092,178532
38.6132,178881
38.6174,178425
38.6214,179459
38.6255,179157
38.6296,178502
38.6337,179303
38.6378,178952
38.6419,179097
38.6460,178709
38.6501,179069
38.6542,179512
38.6584,178637
38.6624,179386
38.6665,179004
38.6706,178640
38.6746,179289
38.6788,178778
38.6829,178657
38.6869,178814
38.6910,178573
38.6951,179469
38.6992,179541
38.7034,179277
38.7075,179056
38.7116,179545
38.7170,178566
38.7199,178951
38.7244,178698
38.7253,178772
38.7280,178455
38.7321,178398
38.7361,178894
38.7403,179112
38.7444,179139
38.7484,178739
38.7526,179216
38.7566,179457
38.7607,178934
38.7648,178596
38.7689,178727
38.7730,178483
38.7771,179031
38.7812,179164
38.7853,179410
38.7894,178604
38.7934,178916
38.7976,178842
38.8016,178961
38.8058,179000
38.8099,179336
38.8140,179351
38.8180,179241
38.8222,178705
38.8262,178943
38.8303,178802
38.8344,178800
38.8385,178319
38.8426,179364
38.8469,178755
38.8515,178630
38.8517,178744
38.8549,178551
38.8590,178820
38.8631,178689
38.8672,178903
38.8713,179296
38.8754,178977
38.8796,178983
38.8836,179779
38.8877,178597
38.8917,179323
38.8959,179377
38.8999,178913
38.9041,179686
38.9081,178719
38.9122,179175
38.9164,178966
38.9205,179158
38.9245,179057
38.9286,178608
38.9327,179229
38.9368,178956
38.9411,179038
38.9450,178670
38.9491,179152
38.9532,179297
38.9574,179149
38.9615,178320
38.9656,178206
38.9696,178756
38.9737,178258
38.9779,178448
38.9780,179210
38.9819,178874
38.9860,179104
38.9901,179141
38.9941,178885
38.9982,178318
39.0024,178822
39.0064,179331
39.0105,178854
39.0146,178458
39.0188,178845
39.0228,179004
39.0269,179095
39.0310,178828
39.0352,178786
39.0392,178529
39.0433,178756
39.0474,178724
39.0516,178922
39.0556,178227
39.0597,179078
39.0638,179270
39.0679,178418
39.0720,179249
39.0761,178994
39.0802,178744
39.0843,178853
39.0884,178549
39.0925,178879
39.0966,178723
39.1009,178737
39.1049,179115
39.1051,179288
39.1091,178807
39.1130,179107
39.1170,178272
39.1211,178476
39.1252,179417
39.1293,178868
39.1336,178965
39.1376,179293
39.1417,178422
39.1458,178348
39.1498,178364
39.1539,178695
39.1581,178340
39.1621,178557
39.1663,178123
39.1703,178584
39.1745,179132
39.1785,178570
39.1826,178476
39.1867,178324
39.1908,178655
39.1949,178608
39.1990,178963
39.2031,178555
39.2072,177769
39.2113,178183
39.2154,178486
39.2199,178288
39.2236,178592
39.2280,178354
39.2319,178059
39.2320,178430
39.2358,178526
39.2399,178017
39.2441,178876
39.2482,178459
39.2523,178609
39.2564,179023
39.2604,178537
39.2652,178840
39.2694,178666
39.2727,179019
39.2768,178948
39.2809,178272
39.2850,178904
39.2891,178899
39.2932,179126
39.2973,179057
39.3021,178322
39.3055,178766
39.3096,178459
39.3136,178323
39.3178,178623
39.3218,178718
39.3259,179128
39.3300,179167
39.3342,179065
39.3383,178283
39.3424,179116
39.3464,178956
39.3506,179224
39.3553,178904
39.3589,179088
39.3629,178468
39.3632,178464
39.3669,178630
39.3710,178359
39.3751,179047
39.3792,178482
39.3833,179062
39.3874,178940
39.3916,178885
39.3955,178766
39.3996,179125
39.4037,179481
39.4078,179078
39.4119,179012
39.4160,179438
39.4202,179235
39.4242,179639
39.4283,179287
39.4324,179446
39.4365,179021
39.4406,178588
39.4447,179066
39.4488,179259
39.4529,179112
39.4570,178825
39.4611,178755
39.4651,179089
39.4693,179171
39.4734,178849
39.4775,178205
39.4817,178965
39.4858,178561
39.4897,178701
39.4898,178655
39.4938,178871
39.4981,178628
39.5021,178599
39.5061,179192
39.5102,178341
39.5143,178974
39.5185,178482
39.5225,178624
39.5266,178743
39.5307,178903
39.5348,179276
39.5389,178589
39.5430,179021
39.5471,178571
39.5512,178747
39.5553,178928
39.5594,179557
39.5635,179332
39.5676,178650
39.5717,179137
39.5758,179299
39.5799,179050
39.5840,179152
39.5881,179359
39.5921,179596
39.5962,179046
39.6003,178802
39.6045,179060
39.6086,179149
39.6127,179213
39.6168,179086
39.6169,179285
39.6208,179065
39.6249,178731
39.6290,178974
39.6331,178646
39.6372,179431
39.6413,178968
39.6454,179139
39.6495,178886
39.6536,179086
39.6577,178873
39.6618,178396
39.6659,178944
39.6700,178739
39.6740,178728
39.6781,179134
39.6823,179264
39.6864,178961
39.6905,178398
39.6945,177925
39.6987,178471
39.7027,178150
39.7068,178637
39.7110,178065
39.7150,178317
39.7191,178958
39.7232,178325
39.7273,179047
39.7314,179351
39.7355,179010
39.7397,179186
39.7438,179147
39.7439,178886
39.7478,179267
39.7519,179087
39.7560,178550
39.7601,178383
39.7642,179008
39.7684,179312
39.7724,178989
39.7765,179027
39.7806,179139
39.7847,178885
39.7887,178458
39.7928,178712
39.7969,178703
39.8011,178503
39.8051,179213
39.8092,178445
39.8133,179635
39.8175,179106
39.8215,179707
39.8257,178871
39.8297,178491
39.8338,179552
39.8379,179093
39.8420,178979
39.8468,179047
39.8502,179557
39.8544,179566
39.8585,179217
39.8626,179098
39.8668,178728
39.8707,179037
39.8709,178996
39.8748,178645
39.8789,179259
39.8830,179080
39.8870,179488
39.8912,178910
39.8953,178611
39.8993,179195
39.9034,178730
39.9075,178758
39.9116,178838
39.9157,178862
39.9198,178515
39.9240,178390
39.9280,179389
39.9321,178880
39.9362,178544
39.9403,179209
39.9444,178888
39.9485,178700
39.9527,179223
39.9567,179134
39.9608,179052
39.9649,178876
39.9690,179131
39.9732,178718
39.9772,179465
39.9813,179557
39.9854,179009
39.9895,179030
39.9938,178917
39.9977,178295
39.9978,178290
40.0018,178658
40.0058,179237
40.0099,178452
40.0140,178538
40.0182,178228
40.0222,178641
40.0263,178200
40.0304,178982
40.0346,178125
40.0386,178681
40.0427,178999
40.0468,178473
40.0509,178666
40.0550,178225
40.0591,178399
40.0632,178706
40.0674,178067
40.0714,179059
40.0755,178721
40.0796,178598
40.0836,178319
40.0877,178983
40.0918,177978
40.0959,178452
40.1000,179374
40.1041,178701
40.1082,179144
40.1123,179103
40.1164,178321
40.1209,178592
40.1248,178825
40.1252,178439
40.1287,178124
40.1328,179271
40.1369,178742
40.1411,178736
40.1451,178457
40.1492,178746
40.1533,178726
40.1574,178762
40.1615,179655
40.1656,179211
40.1697,179370
40.1738,179276
40.1778,179426
40.1820,179391
40.1861,179145
40.1901,179589
40.1942,179129
40.1983,178489
40.2024,178785
40.2065,178775
40.2106,178754
40.2147,178995
40.2188,179064
40.2229,178195
40.2270,178749
40.2311,178585
40.2352,178208
40.2393,179476
40.2434,178738
40.2476,179385
40.2517,179285
40.2556,178939
40.2558,178845
40.2598,179327
40.2639,179059
40.2681,179480
40.2721,179394
40.2761,179124
40.2803,179699
40.2844,179545
40.2885,178559
40.2925,178933
40.2966,178840
40.3008,179208
40.3048,179760
40.3089,178789
40.3130,179021
40.3172,179749
40.3212,179108
40.3253,179466
40.3294,178961
40.3335,179501
40.3376,179111
40.3417,179131
40.3458,179484
40.3499,179353
40.3545,179455
40.3581,178564
40.3622,179692
40.3663,179487
40.3704,179320
40.3758,178540
40.3786,178530
40.3828,178639
40.3830,178379
40.3868,179457
40.3908,179460
40.3950,178871
40.3990,179309
40.4031,179848
40.4072,179636
40.4113,179470
40.4155,179367
40.4195,178579
40.4242,178619
40.4277,178862
40.4321,179474
40.4359,178921
40.4400,179194
40.4441,179260
40.4483,178988
40.4523,179278
40.4564,179327
40.4605,179552
40.4645,179145
40.4687,178925
40.4728,179438
40.4769,178833
40.4810,179554
40.4851,179154
40.4898,178795
40.4932,178877
40.4973,179044
40.5015,178807
40.5058,179096
40.5098,178468
40.5099,178680
40.5137,179558
40.5178,178799
40.5219,179361
40.5260,178245
40.5302,178385
40.5342,178235
40.5383,178613
40.5424,178066
40.5466,178784
40.5506,178503
40.5547,178565
40.5588,178410
40.5629,179347
40.5671,179260
40.5711,179065
40.5752,179160
40.5793,179135
40.5835,179521
40.5875,179350
40.5916,179125
40.5956,178626
40.5998,179176
40.6039,179231
40.6080,178984
40.6121,178530
40.6162,178915
40.6202,178770
40.6243,179021
40.6284,179497
40.6327,178649
40.6369,178635
40.6376,178971
40.6407,179176
40.6448,179280
40.6489,179427
40.6530,178613
40.6571,178985
40.6611,178682
40.6654,178772
40.6694,178840
40.6735,178979
40.6776,178809
40.6816,178090
40.6857,178197
40.6898,178704
40.6940,178196
40.6980,178450
40.7022,178709
40.7062,178693
40.7103,178762
40.7144,178205
40.7185,178645
40.7226,178900
40.7267,178667
40.7308,178867
40.7349,179074
40.7390,179354
40.7431,178635
40.7472,178691
40.7513,178392
40.7554,178661
40.7599,178913
40.7638,178193
40.7639,178412
40.7678,178864
40.7718,178272
40.7758,178620
40.7800,178026
40.7841,178047
40.7881,178251
40.7922,178012
40.7963,178351
40.8005,178395
40.8045,178359
40.8086,178744
40.8127,179232
40.8169,179201
40.8209,178425
40.8250,178338
40.8291,178984
40.8332,178125
40.8373,178709
40.8414,178325
40.8455,179164
40.8496,178298
40.8537,178525
40.8578,178228
40.8619,178477
40.8660,178362
40.8701,178760
40.8742,177802
40.8783,178917
40.8824,178580
40.8867,178623
40.8906,178687
40.8907,178645
40.8946,179078
40.8987,178494
40.9029,178235
40.9069,178875
40.9110,178535
40.9151,178757
40.9192,178318
40.9233,178776
40.9274,178471
40.9315,178785
40.9356,178521
40.9397,178828
40.9438,178780
40.9479,179447
40.9520,178304
40.9561,179154
40.9602,179123
40.9642,179086
40.9684,179164
40.9725,178471
40.9766,178771
40.9806,178809
40.9848,178777
40.9889,179063
40.9930,178364
40.9971,178705
41.0012,178805
41.0053,178623
41.0093,179306
41.0135,178520
41.0181,178683
41.0218,178563
41.0226,178542
41.0257,178636
41.0298,177767
41.0340,178709
41.0380,178667
41.0421,178561
41.0462,179012
41.0504,178886
41.0544,178507
41.0585,178193
41.0626,178787
41.0667,179306
41.0708,178622
41.0749,178447
41.0790,178619
41.0832,178718
41.0872,178739
41.0912,178775
41.0953,178782
41.0994,178609
41.1035,178655
41.1076,178911
41.1124,178280
41.1158,178605
41.1199,178823
41.1240,178871
41.1281,179034
41.1322,178567
41.1364,178743
41.1406,178781
41.1446,178552
41.1486,178675
41.1487,178363
41.1527,179191
41.1568,178840
41.1609,179079
41.1650,179140
41.1691,179333
41.1732,179249
41.1773,179307
41.1814,179251
41.1855,179278
41.1895,178534
41.1936,178393
41.1977,178663
41.2018,178700
41.2060,178440
41.2102,178901
41.2142,179005
41.2184,179298
41.2223,179235
41.2265,179140
41.2305,178715
41.2346,178654
41.2387,178294
41.2428,178434
41.2469,179239
41.2510,178912
41.2551,179280
41.2591,178448
41.2633,178566
41.2678,178726
41.2718,179191
41.2757,178914
41.2758,178798
41.2797,178813
41.2839,178696
41.2878,178933
41.2919,179063
41.2960,179196
41.3002,178933
41.3042,178940
41.3083,178473
41.3124,178609
41.3166,178797
41.3206,179381
41.3247,179107
41.3288,178840
41.3329,178847
41.3370,179520
41.3411,178887
41.3452,178947
41.3493,179172
41.3534,178517
41.3575,178536
41.3616,178973
41.3657,178830
41.3698,178740
41.3739,179217
41.3779,179039
41.3821,179456
41.3861,178979
41.3902,178988
41.3944,178906
41.3986,178803
41.4026,178673
41.4027,178921
41.4066,179215
41.4107,178501
41.4148,178861
41.4189,178899
41.4230,178873
41.4271,178985
41.4312,178655
41.4353,178959
41.4394,178570
41.4435,179332
41.4476,178960
41.4517,178995
41.4559,179162
41.4599,179282
41.4640,178422
41.4681,179293
41.4721,178469
41.4763,179264
41.4804,179348
41.4845,179210
41.4886,178919
41.4927,179168
41.4968,179068
41.5009,179248
41.5049,178924
41.5090,179395
41.5131,179148
41.5173,179279
41.5213,179383
41.5255,179620
41.5294,178942
41.5295,178592
41.5336,179088
41.5377,179127
41.5418,179478
41.5459,179236
41.5500,179308
41.5541,179091
41.5581,178798
41.5623,179360
41.5665,178655
41.5705,178552
41.5746,179015
41.5786,179153
41.5827,179027
41.5868,178750
41.5909,179280
41.5950,178922
41.5991,179454
41.6032,179233
41.6081,179246
41.6115,179018
41.6155,179468
41.6197,179416
41.6237,178582
41.6278,179328
41.6319,179285
41.6360,179264
41.6401,179163
41.6442,179656
41.6484,179340
41.6531,179664
41.6566,179712
41.6568,179995
41.6606,179261
41.6647,178855
41.6688,179051
41.6729,179615
41.6770,178972
41.6811,178695
41.6851,179376
41.6893,179529
41.6934,179343
41.6974,179468
41.7015,179895
41.7056,178969
41.7098,179626
41.7138,179382
41.7179,179070
41.7220,179923
41.7261,179887
41.7302,179247
41.7343,179573
41.7384,179192
41.7430,179532
41.7466,179794
41.7507,179354
41.7548,178963
41.7589,179691
41.7633,179443
41.7671,179135
41.7712,179152
41.7753,178903
41.7796,179514
41.7836,179624
41.7837,178716
41.7875,179767
41.7916,179228
41.7960,179209
41.7999,179602
41.8039,179808
41.8080,179645
41.8121,178836
41.8162,179093
41.8203,179672
41.8244,179359
41.8285,179456
41.8326,179782
41.8367,178813
41.8408,179557
41.8449,179384
41.8490,179454
41.8531,179335
41.8572,179466
41.8613,179965
41.8653,179561
41.8695,178956
41.8735,179897
41.8777,179512
41.8818,179556
41.8858,179246
41.8900,179054
41.8940,179341
41.8981,179261
41.9023,179369
41.9064,179085
41.9105,179204
41.9106,179830
41.9145,179860
41.9186,179333
41.9227,179566
41.9268,179548
41.9309,179623
41.9350,179576
41.9391,179289
41.9432,179752
41.9474,179071
41.9514,180044
41.9554,179238
41.9596,179313
41.9637,179442
41.9677,179725
41.9718,179454
41.9760,179697
41.9800,179711
41.9841,179289
41.9882,179859
41.9923,179456
41.9965,179126
42.0005,179154
42.0046,179467
42.0088,179746
42.0128,179873
42.0170,179289
42.0211,179475
42.0251,179524
42.0300,179917
42.0335,179532
42.0380,179935
42.0415,179513
42.0417,179227
42.0456,179415
42.0497,179374
42.0538,179226
42.0579,179591
42.0620,179852
42.0661,179568
42.0702,179311
42.0743,179545
42.0783,179638
42.0827,179788
42.0865,179375
42.0906,179062
42.0947,179157
42.0988,179020
42.1030,178873
42.1070,179248
42.1111,179814
42.1153,178858
42.1193,179508
42.1235,178909
42.1275,179730
42.1316,179342
42.1357,179438
42.1398,179469
42.1439,179809
42.1483,179511
42.1521,179716
42.1562,179693
42.1605,179492
42.1645,178989
42.1686,179455
42.1688,179399
42.1725,179544
42.1766,178833
42.1807,179091
42.1848,179200
42.1890,179590
42.1931,179233
42.1971,179713
42.2013,179751
42.2054,179840
42.2094,179928
42.2137,179656
42.2177,179236
42.2217,180066
42.2258,180013
42.2300,179088
42.2341,179162
42.2383,179166
42.2422,178690
42.2463,178184
42.2504,178167
42.2545,179311
42.2585,179030
42.2627,179252
42.2669,179958
42.2709,179871
42.2749,179863
42.2791,179478
42.2832,179291
42.2875,178847
42.2915,179700
42.2957,179028
42.2972,179301
42.2996,179851
42.3036,179785
42.3077,179699
42.3118,179116
42.3162,178920
42.3200,179133
42.3241,179637
42.3282,178916
42.3323,179390
42.3364,179249
42.3405,178890
42.3446,178955
42.3487,179031
42.3528,179795
42.3568,179527
42.3610,179454
42.3651,179686
42.3692,179429
42.3733,179808
42.3773,179503
42.3815,179307
42.3855,179354
42.3896,179008
42.3937,179957
42.3978,179592
42.4019,179787
42.4060,179464
42.4101,179870
42.4152,178858
42.4185,179489
42.4228,178596
42.4233,179622
42.4265,179172
42.4306,179693
42.4347,179379
42.4388,179817
42.4429,179445
42.4470,179163
42.4511,179040
42.4551,178836
42.4592,179194
42.4633,179698
42.4675,179336
42.4716,179707
42.4756,179029
42.4797,179820
42.4839,180116
42.4879,179536
42.4920,179608
42.4962,179213
42.5003,179673
42.5043,179273
42.5084,179206
42.5125,179100
42.5167,179303
42.5207,179275
42.5248,179071
42.5290,179264
42.5331,179365
42.5372,179274
42.5412,179503
42.5463,179140
42.5494,179089
42.5496,179221
42.5535,179114
42.5576,179460
42.5617,179365
42.5658,178952
42.5700,179028
42.5740,179468
42.5781,178732
42.5822,178913
42.5863,179212
42.5903,179527
42.5945,179306
42.5986,179304
42.6033,178839
42.6068,178595
42.6110,178673
42.6150,179171
42.6191,179457
42.6232,178979
42.6273,179545
42.6315,179474
42.6355,178648
42.6396,179553
42.6442,179263
42.6479,179238
42.6518,179298
42.6560,178802
42.6600,178681
42.6642,179491
42.6683,179679
42.6726,179101
42.6764,179523
42.6766,179119
42.6806,179316
42.6847,180097
42.6888,179240
42.6928,178955
42.6969,179342
42.7010,179262
42.7051,179402
42.7091,179448
42.7132,179366
42.7174,179796
42.7214,179707
42.7255,179742
42.7296,179456
42.7337,179405
42.7378,179095
42.7419,179051
42.7460,179155
42.7501,178460
42.7542,179718
42.7582,178530
42.7624,179222
42.7664,178695
42.7705,178846
42.7746,179523
42.7788,179101
42.7831,179288
42.7870,179362
42.7910,179414
42.7952,179364
42.7993,179125
42.8035,178780
42.8037,178772
42.8074,179198
42.8115,178688
42.8158,178916
42.8197,178759
42.8238,178684
42.8279,178467
42.8320,178789
42.8361,177922
42.8402,178697
42.8443,178719
42.8484,179312
42.8525,178671
42.8566,178057
42.8608,178646
42.8648,178322
42.8689,178452
42.8730,178952
42.8773,179753
42.8812,179192
42.8853,179090
42.8894,179041
42.8935,179201
42.8976,178877
42.9017,178965
42.9059,179620
42.9098,179301
42.9139,179224
42.9180,179116
42.9222,178344
42.9266,178444
42.9306,178406
42.9307,178907
42.9344,178693
42.9385,178811
42.9427,178841
42.9467,178964
42.9508,178962
42.9549,178579
42.9590,179193
42.9631,178832
42.9672,179506
42.9713,179043
42.9754,179701
42.9796,179253
42.9837,179514
42.9876,179629
42.9917,179756
42.9959,178574
43.0001,179394
43.0040,179617
43.0096,178640
43.0126,179005
43.0164,179111
43.0205,179136
43.0251,179561
43.0292,179252
43.0328,179042
43.0372,179723
43.0416,178673
43.0450,179569
43.0491,178917
43.0541,179189
43.0573,179650
43.0574,179499
43.0614,179204
43.0659,178835
43.0709,179097
43.0741,178850
43.0781,179187
43.0821,179398
43.0880,179867
43.0908,179433
43.0941,178813
43.0983,178922
43.1076,178928
43.1077,178886
43.1105,178833
43.1146,178852
43.1222,178406
43.1235,178553
43.1269,178336
43.1310,178507
43.1370,178625
43.1397,178932
43.1438,178495
43.1474,178520
43.1535,179152
43.1562,179038
43.1597,178960
43.1638,179223
43.1680,179076
43.1730,178542
43.1761,178441
43.1802,178671
43.1846,178793
43.1885,179049
43.1891,178847
43.1930,179010
43.1966,178371
43.2006,178684
43.2054,178505
43.2091,178582
43.2129,179164
43.2171,178429
43.2216,179012
43.2258,178553
43.2293,178798
43.2335,178970
43.2381,179365
43.2420,179492
43.2457,178889
43.2499,178898
43.2544,178614
43.2585,178814
43.2620,178456
43.2661,178710
43.2707,179419
43.2749,178973
43.2785,178789
43.2826,179571
43.2869,179099
43.2911,178478
43.2948,178827
43.2990,178395
43.3033,178828
43.3073,179005
43.3113,178572
43.3155,178863
43.3162,179282
43.3211,179369
43.3240,179024
43.3276,178921
43.3317,179847
43.3370,179496
43.3407,179367
43.3440,178904
43.3480,179264
43.3539,179031
43.3568,179166
43.3604,179353
43.3645,178955
43.3701,179416
43.3734,179116
43.3768,179348
43.3808,179273
43.3850,178795
43.3896,179338
43.3932,179194
43.3972,178337
43.4038,178716
43.4056,179082
43.4097,179027
43.4136,179010
43.4178,178519
43.4225,178236
43.4259,178545
43.4300,179046
43.4343,178930
43.4389,178627
43.4425,178733
43.4426,178830
43.4464,178976
43.4506,178525
43.4553,178614
43.4586,178128
43.4628,178461
43.4670,178385
43.4718,178615
43.4753,178562
43.4791,178839
43.4832,178945
43.4880,178851
43.4919,178946
43.4955,178664
43.4999,179508
43.5045,179313
43.5084,179083
43.5119,178560
43.5160,179532
43.5207,178627
43.5247,179109
43.5284,179155
43.5327,179303
43.5375,178721
43.5411,178992
43.5447,179681
43.5487,179021
43.5533,179551
43.5575,178618
43.5611,178252
43.5659,178948
43.5697,178556
43.5705,178354
43.5740,179134
43.5774,179049
43.5815,179723
43.5865,178784
43.5902,178919
43.5938,178948
43.5979,178536
43.6032,179183
43.6063,179114
43.6102,178868
43.6143,179081
43.6203,178950
43.6230,178724
43.6266,178205
43.6307,178921
43.6364,179060
43.6400,179254
43.6430,179385
43.6471,178346
43.6512,179378
43.6558,179228
43.6599,178554
43.6635,178463
43.6676,178686
43.6726,178435
43.6766,179262
43.6799,179011
43.6840,178951
43.6888,178664
43.6923,178247
43.6963,178378
43.6964,178360
43.7009,178801
43.7053,178623
43.7095,179092
43.7127,178786
43.7169,179267
43.7218,180429
43.7253,178942
43.7291,178715
43.7331,178846
43.7375,179188
43.7416,179785
43.7454,178848
43.7496,178740
43.7545,179127
43.7584,178661
43.7618,178108
43.7661,178914
43.7711,178944
43.7745,178643
43.7782,178903
43.7823,179347
43.7870,178886
43.7910,179315
43.7945,178576
43.7987,179304
43.8037,178855
43.8074,179148
43.8109,179122
43.8151,179207
43.8197,178321
43.8233,178540
43.8234,178403
43.8273,178667
43.8314,178100
43.8366,178771
43.8402,178032
43.8437,178915
43.8478,178911
43.8539,178195
43.8565,179073
43.8601,178448
43.8642,178480
43.8703,178692
43.8728,178447
43.8765,178644
43.8806,178535
43.8871,178509
43.8890,178938
43.8928,178692
43.8969,178592
43.9031,178783
43.9055,178800
43.9096,178668
43.9134,178162
43.9175,178134
43.9218,178293
43.9261,178189
43.9297,178688
43.9338,178703
43.9385,178954
43.9423,177999
43.9462,178640
43.9503,178438
43.9543,178394
43.9552,178400
43.9583,178447
43.9625,178401
43.9666,178656
43.9714,178560
43.9754,178776
43.9788,178819
43.9830,178349
43.9909,178833
43.9911,178425
43.9953,178017
44.0001,178277
44.0039,178477
44.0086,178008
44.0121,178139
44.0159,178018
44.0206,178668
44.0243,177986
44.0280,178435
44.0321,178216
44.0372,178457
44.0409,178369
44.0451,178599
44.0485,178329
44.0535,178964
44.0574,178113
44.0614,178579
44.0649,178677
44.0698,178886
44.0732,178922
44.0772,178706
44.0813,178565
44.0814,179155
44.0872,178838
44.0902,178196
44.0935,178749
44.0976,178593
44.1038,178238
44.1061,178738
44.1106,179180
44.1141,179561
44.1215,178861
44.1226,179043
44.1266,179186
44.1304,178290
44.1368,179103
44.1391,178797
44.1434,177973
44.1472,178257
44.1531,178895
44.1556,178790
44.1596,178513
44.1635,178620
44.1679,179407
44.1729,178321
44.1759,178315
44.1802,178533
44.1842,178809
44.1890,178889
44.1922,179327
44.1959,178693
44.2001,178302
44.2045,178905
44.2085,179053
44.2086,178635
44.2123,178655
44.2165,178825
44.2211,179013
44.2247,179018
44.2287,178154
44.2328,178536
44.2371,178191
44.2416,178259
44.2451,178656
44.2493,178236
44.2547,179000
44.2581,178549
44.2615,177829
44.2658,178201
44.2716,178685
44.2748,178560
44.2779,177967
44.2820,178005
44.2878,178146
44.2907,178478
44.2943,177816
44.2984,178584
44.3044,178159
44.3071,177997
44.3110,177682
44.3148,178444
44.3218,177974
44.3238,178296
44.3271,177437
44.3321,178601
44.3370,178280
44.3385,177832
44.3398,178360
44.3439,178458
44.3476,178176
44.3540,177696
44.3567,177880
44.3598,178671
44.3639,178107
44.3706,178899
44.3727,178133
44.3761,178633
44.3803,178064
44.3844,178938
44.3895,178273
44.3929,178010
44.3967,178560
44.4008,178622
44.4053,178579
44.4093,179086
44.4130,178600
44.4183,178985
44.4221,178113
44.4254,179196
44.4294,179302
44.4335,178829
44.4385,178532
44.4418,178605
44.4458,178643
44.4499,178248
44.4546,178628
44.4582,178470
44.4622,178677
44.4624,178439
44.4664,179082
44.4712,178196
44.4749,178416
44.4786,178366
44.4827,178335
44.4870,178818
44.4914,179100
44.4949,178926
44.4991,178648
44.5041,179330
44.5078,179094
44.5114,178303
44.5158,178706
44.5206,178688
44.5242,179056
44.5278,178851
44.5319,178921
44.5373,178412
44.5405,178926
44.5441,178511
44.5483,178756
44.5527,178414
44.5570,178544
44.5605,179022
44.5646,178373
44.5695,178980
44.5733,178365
44.5768,178050
44.5810,178221
44.5856,178994
44.5892,178556
44.5893,177813
44.5932,177923
44.5973,178587
44.6029,178290
44.6062,178599
44.6103,177899
44.6137,178010
44.6193,178141
44.6224,178346
44.6265,178718
44.6301,178844
44.6361,178173
44.6388,178895
44.6428,178124
44.6465,178000
44.6532,178694
44.6554,178542
44.6597,178025
44.6636,178539
44.6694,178438
44.6718,178765
44.6758,178694
44.6801,178380
44.6834,179109
44.6877,178232
44.6923,178531
44.6956,178688
44.6997,178414
44.7044,178852
44.7088,178864
44.7121,178860
44.7165,178261
44.7202,178870
44.7206,177850
44.7244,178145
44.7284,178529
44.7325,178519
44.7368,178514
44.7413,178275
44.7448,178943
44.7489,178589
44.7532,178945
44.7577,178558
44.7612,179067
44.7653,178980
44.7701,178914
44.7741,178210
44.7775,178409
44.7818,178448
44.7864,178486
44.7903,178217
44.7939,178676
44.7980,178533
44.8027,178996
44.8067,178112
44.8104,178376
44.8144,178696
44.8198,178398
44.8231,178925
44.8267,179109
44.8308,177994
44.8362,178903
44.8392,178598
44.8438,178640
44.8472,178271
44.8473,178304
44.8537,177534
44.8557,178046
44.8600,178256
44.8643,178033
44.8701,178368
44.8723,178428
44.8762,178229
44.8805,178814
44.8868,178095
44.8885,178441
44.8926,178286
44.8963,178270
44.9039,178303
44.9050,178400
44.9086,178685
44.9127,178754
44.9168,178368
44.9220,178471
44.9257,179276
44.9297,178500
44.9345,178343
44.9384,177732
44.9415,178824
44.9455,178762
44.9496,178567
44.9551,178290
44.9580,178267
44.9625,178338
44.9661,178048
44.9706,178260
44.9742,178167
44.9743,178032
44.9782,178292
44.9824,178674
44.9871,178166
44.9905,177984
44.9946,178492
44.9989,177883
45.0031,178304
45.0072,178746
45.0118,177795
45.0152,178513
45.0204,178340
45.0241,179001
45.0274,178680
45.0317,178354
45.0359,178715
45.0402,178539
45.0438,178956
45.0480,178962
45.0530,178403
45.0569,178701
45.0602,179165
45.0643,178289
45.0699,178229
45.0730,178920
45.0766,178202
45.0813,178477
45.0886,177949
45.0890,178338
45.0945,178837
45.0970,178897
45.1023,178036
45.1035,178558
45.1060,177935
45.1093,178430
45.1134,178329
45.1212,177749
45.1224,178919
45.1267,178979
45.1298,178048
45.1357,178592
45.1385,178478
45.1421,178113
45.1462,178380
45.1503,178377
45.1550,178281
45.1587,178608
45.1626,178483
45.1668,178091
45.1713,178302
45.1753,178711
45.1789,178632
45.1831,178655
45.1879,178703
45.1915,179005
45.1954,179057
45.1994,178158
45.2041,178184
45.2087,178772
45.2117,178744
45.2158,178146
45.2205,178825
45.2240,178929
45.2282,178481
45.2283,178805
45.2322,178357
45.2375,178241
45.2407,178520
45.2446,178453
45.2486,178599
45.2535,178972
45.2577,178546
45.2612,178694
45.2650,178673
45.2694,178513
45.2740,178930
45.2776,178994
45.2814,178854
45.2864,179078
45.2901,179294
45.2939,178663
45.2978,178401
45.3034,178754
45.3065,178621
45.3107,178646
45.3142,178698
45.3202,178827
45.3231,178025
45.3273,178654
45.3305,178728
45.3361,178173
45.3392,178272
45.3440,178718
45.3469,178689
45.3525,178872
45.3551,178698
45.3552,178519
45.3592,178884
45.3633,177867
45.3696,178313
45.3731,178254
45.3756,178697
45.3796,178604
45.3863,178319
45.3882,178037
45.3920,178511
45.3960,178194
45.4022,178312
45.4045,178686
45.4085,178334
45.4124,178326
45.4187,179212
45.4215,178600
45.4247,178255
45.4288,178738
45.4329,178008
45.4373,178184
45.4412,177917
45.4452,177587
45.4493,178686
45.4537,178131
45.4574,178200
45.4616,177890
45.4657,178580
45.4702,178215
45.4742,178451
45.4781,178662
45.4821,178192
45.4860,178278
45.4867,178207
45.4905,178324
45.4943,178085
45.4987,177992
45.5028,177470
45.5078,178139
45.5108,177968
45.5149,178362
45.5201,178360
45.5238,178275
45.5280,178230
45.5314,178767
45.5373,178461
45.5403,178181
45.5448,177858
45.5476,177962
45.5543,177921
45.5577,178289
45.5599,177548
45.5641,177654
45.5708,178280
45.5729,177621
45.5771,177770
45.5804,177211
45.5870,178289
45.5892,178357
45.5931,177999
45.5967,177576
45.6040,177928
45.6053,178506
45.6092,178077
45.6133,179055
45.6134,178608
45.6173,178671
45.6218,178272
45.6254,178580
45.6296,178262
45.6337,178367
45.6382,178005
45.6417,177854
45.6459,178428
45.6520,178324
45.6546,178112
45.6581,178811
45.6624,177835
45.6665,178181
45.6710,178381
45.6752,178097
45.6786,178626
45.6828,178215
45.6873,178355
45.6909,178692
45.6950,178131
45.6992,178204
45.7033,178055
45.7073,177450
45.7115,177955
45.7158,177687
45.7203,177960
45.7240,178708
45.7278,178940
45.7320,178849
45.7366,178828
45.7401,178378
45.7402,178935
45.7442,178901
45.7485,178828
45.7539,178986
45.7567,178200
45.7612,178874
45.7649,178453
45.7695,178472
45.7733,178774
45.7776,178052
45.7811,178030
45.7859,178298
45.7898,177990
45.7938,177749
45.7974,177985
45.8030,178049
45.8060,177981
45.8107,177804
45.8147,177898
45.8196,178243
45.8224,178442
45.8267,178266
45.8305,178292
45.8365,178077
45.8387,178417
45.8429,178209
45.8466,178448
45.8531,178952
45.8553,178399
45.8595,178921
45.8631,179017
45.8684,178775
45.8687,178432
45.8719,179259
45.8763,178430
45.8793,178284
45.8852,178996
45.8879,178969
45.8925,179198
45.8958,179275
45.9030,179119
45.9046,178883
45.9080,178673
45.9120,178687
45.9185,179587
45.9210,179357
45.9244,179047
45.9285,179349
45.9329,178506
45.9373,178909
45.9414,178546
45.9449,178717
45.9490,179062
45.9535,179197
45.9572,178383
45.9612,179349
45.9654,178965
45.9705,178945
45.9741,179319
45.9776,179103
45.9818,179178
45.9868,178865
45.9901,178868
45.9942,179167
45.9943,179238
45.9981,179310
46.0034,178431
46.0064,179033
46.0104,178837
46.0147,178802
46.0197,178776
46.0233,178947
46.0268,179235
46.0310,179377
46.0364,179480
46.0395,179100
46.0432,178984
46.0473,179246
46.0533,179249
46.0558,179607
46.0598,178962
46.0637,179334
46.0694,178552
46.0727,178917
46.0760,179222
46.0804,178591
46.0861,179248
46.0886,179173
46.0929,178392
46.0964,179064
46.1024,179039
46.1052,179012
46.1087,179280
46.1129,178744
46.1208,179108
46.1220,179181
46.1228,178951
46.1256,178493
46.1292,178973
46.1339,179038
46.1387,179498
46.1419,179473
46.1456,179661
46.1497,178451
46.1547,178974
46.1583,178968
46.1620,179240
46.1661,179198
46.1707,178975
46.1745,179112
46.1783,178864
46.1824,179508
46.1869,179377
46.1907,179139
46.1947,178678
46.1988,178912
46.2036,179054
46.2070,178927
46.2111,179392
46.2152,178603
46.2199,178881
46.2243,179199
46.2275,179483
46.2317,179195
46.2361,179501
46.2404,179641
46.2440,178803
46.2480,179208
46.2481,179469
46.2527,179422
46.2567,179513
46.2603,179482
46.2644,179688
46.2697,179404
46.2732,179374
46.2767,178739
46.2810,178965
46.2858,178862
46.2897,179703
46.2930,179345
46.2972,179271
46.3030,179203
46.3056,179445
46.3094,179354
46.3135,179457
46.3188,179398
46.3221,179106
46.3258,178579
46.3300,179530
46.3356,179061
46.3387,179133
46.3429,179472
46.3463,178944
46.3524,179300
46.3553,179601
46.3585,179485
46.3626,179361
46.3682,179508
46.3709,179056
46.3750,178917
46.3790,179128
46.3791,179492
46.3847,179312
46.3876,179232
46.3920,179079
46.3956,178635
46.3997,178941
46.4044,179213
46.4077,179503
46.4118,179385
46.4185,179376
46.4206,179947
46.4241,179510
46.4282,179041
46.4327,178701
46.4371,178964
46.4412,178949
46.4446,179205
46.4487,178801
46.4535,179497
46.4569,179256
46.4610,179178
46.4651,178421
46.4698,179184
46.4738,179614
46.4773,179300
46.4814,180097
46.4857,179602
46.4902,179180
46.4946,179136
46.4979,179154
46.5022,179446
46.5060,179166
46.5061,179234
46.5101,179509
46.5143,179654
46.5186,180000
46.5228,179384
46.5267,178834
46.5307,179596
46.5352,179925
46.5393,179676
46.5436,179677
46.5470,179540
46.5529,178715
46.5557,179141
46.5592,178896
46.5634,179182
46.5687,179351
46.5725,179383
46.5756,179430
46.5797,179192
46.5850,179332
46.5883,179451
46.5920,179234
46.5961,179324
46.6022,179297
46.6052,179075
46.6084,179577
46.6125,179702
46.6195,178822
46.6217,179012
46.6249,178897
46.6290,179191
46.6331,179086
46.6364,178378
46.6378,178868
46.6419,178623
46.6453,179035
46.6494,179899
46.6557,178928
46.6581,178747
46.6618,178958
46.6683,178629
46.6706,178378
46.6740,178822
46.6781,179073
46.6821,178390
46.6874,178674
46.6911,178771
46.6944,178396
46.6986,179182
46.7034,179172
46.7077,178610
46.7108,179000
46.7149,179272
46.7197,179186
46.7231,179259
46.7272,178813
46.7315,179716
46.7370,179163
46.7397,179021
46.7436,179314
46.7477,178873
46.7521,178962
46.7559,178537
46.7600,179012
46.7606,178861
46.7641,178537
46.7714,178948
46.7730,178842
46.7764,178889
46.7805,178930
46.7867,179066
46.7893,179015
46.7927,179026
46.7969,179256
46.8021,179820
46.8057,178939
46.8091,179229
46.8132,178693
46.8190,178895
46.8222,178762
46.8263,179716
46.8297,179571
46.8361,179245
46.8382,179324
46.8424,179061
46.8460,179181
46.8517,179574
46.8551,179445
46.8583,179055
46.8624,178753
46.8695,178903
46.8712,179127
46.8747,178728
46.8788,178802
46.8853,178726
46.8869,179174
46.8877,179632
46.8910,178828
46.8951,179870
46.8993,179014
46.9043,178882
46.9078,178837
46.9116,178957
46.9156,179328
46.9211,179139
46.9249,179129
46.9279,178782
46.9320,178638
46.9372,179190
46.9402,179124
46.9443,179336
46.9484,179252
46.9539,178768
46.9574,179180
46.9606,179793
46.9652,178948
46.9699,178975
46.9736,178893
46.9771,179043
46.9812,179334
46.9866,179386
46.9894,178871
46.9934,178241
46.9977,178659
47.0026,179318
47.0061,179660
47.0100,179037
47.0140,179006
47.0142,178960
47.0210,178389
47.0230,178101
47.0263,178591
47.0304,178637
47.0352,178802
47.0392,178691
47.0426,178620
47.0467,178535
47.0512,179371
47.0555,178635
47.0590,179255
47.0632,179392
47.0681,179395
47.0720,179303
47.0753,179443
47.0795,178926
47.0845,179309
47.0887,179339
47.0917,179385
47.0958,179047
47.1013,178893
47.1044,179373
47.1081,178860
47.1122,178829
47.1178,178890
47.1213,179245
47.1245,178590
47.1286,178596
47.1346,178478
47.1368,178460
47.1408,178705
47.1410,178948
47.1449,178245
47.1516,178983
47.1539,178884
47.1572,178806
47.1613,178429
47.1676,177539
47.1702,177982
47.1736,178712
47.1777,178012
47.1819,178377
47.1865,178714
47.1900,178307
47.1941,178226
47.1983,178562
47.2029,178428
47.2064,178351
47.2105,178520
47.2146,178563
47.2190,178385
47.2231,178239
47.2269,178681
47.2311,178875
47.2356,178968
47.2397,178355
47.2433,178166
47.2476,178776
47.2522,179158
47.2565,178191
47.2602,178546
47.2641,178404
47.2680,178554
47.2686,178990
47.2725,178666
47.2760,178527
47.2804,179118
47.2851,178356
47.2891,178757
47.2924,178944
47.2965,177931
47.3020,177517
47.3057,178264
47.3088,177919
47.3129,178728
47.3186,178239
47.3219,178234
47.3252,178380
47.3294,178308
47.3345,178226
47.3382,178291
47.3425,178666
47.3466,178500
47.3517,178736
47.3546,178316
47.3579,178651
47.3620,178251
47.3664,178388
47.3730,178244
47.3749,178480
47.3785,178357
47.3825,177957
47.3866,177887
47.3908,178304
47.3948,178351
47.3989,178060
47.3991,178215
47.4031,177657
47.4073,178263
47.4112,178019
47.4153,178424
47.4194,178484
47.4235,178609
47.4276,177931
47.4317,178115
47.4358,178102
47.4400,178610
47.4439,179221
47.4481,178096
47.4521,178486
47.4563,178511
47.4604,178552
47.4645,178508
47.4686,178930
47.4727,178782
47.4767,179234
47.4809,179169
47.4849,178592
47.4890,179384
47.4931,178425
47.4973,179185
47.5014,178426
47.5054,178795
47.5095,178897
47.5137,178701
47.5182,178793
47.5219,178854
47.5258,178730
47.5260,178389
47.5300,178496
47.5340,178604
47.5391,178657
47.5423,178910
47.5464,178398
47.5504,179466
47.5545,178898
47.5587,178638
47.5630,179056
47.5669,178231
47.5710,178621
47.5750,178814
47.5792,178467
47.5832,178614
47.5873,178523
47.5914,178806
47.5955,178809
47.5996,178616
47.6037,179016
47.6078,179149
47.6119,179661
47.6160,179030
47.6201,179044
47.6242,178822
47.6283,178520
47.6324,178022
47.6365,178282
47.6406,178801
47.6450,178448
47.6488,178835
47.6528,178440
47.6529,178748
47.6570,178931
47.6611,179199
47.6652,179219
47.6692,179327
47.6733,179096
47.6774,179898
47.6815,178857
47.6856,179646
47.6897,178343
47.6938,178750
47.6979,178837
47.7020,178833
47.7061,179186
47.7102,179448
47.7143,178804
47.7184,179171
47.7225,179251
47.7266,179033
47.7307,179781
47.7347,178307
47.7388,178770
47.7429,178376
47.7472,178525
47.7511,178073
47.7552,178836
47.7593,178976
47.7635,178600
47.7675,178734
47.7717,178167
47.7758,178315
47.7797,178488
47.7799,178893
47.7839,179278
47.7880,178739
47.7921,179395
47.7963,178676
47.8003,179366
47.8044,178733
47.8085,179597
47.8127,179051
47.8167,178696
47.8208,179161
47.8248,178592
47.8290,178428
47.8331,178927
47.8371,179257
47.8412,179250
47.8453,179183
47.8494,179272
47.8535,178845
47.8576,179205
47.8617,178898
47.8658,178644
47.8699,178090
47.8740,178799
47.8782,178557
47.8822,178920
47.8864,178898
47.8904,178912
47.8945,178791
47.8988,178658
47.9028,178617
47.9067,178067
47.9068,178935
47.9109,178398
47.9150,178716
47.9190,179241
47.9231,178919
47.9273,178575
47.9314,179241
47.9355,178927
47.9395,178456
47.9436,178986
47.9477,178311
47.9518,178050
47.9559,178143
47.9600,178654
47.9641,178263
47.9682,178434
47.9723,178623
47.9764,178609
47.9805,178596
47.9846,178860
47.9887,179040
47.9928,178763
47.9969,178841
48.0010,178357
48.0051,178707
48.0093,178476
48.0133,178829
48.0174,179098
48.0215,178876
48.0256,178802
48.0297,178751
48.0338,178846
48.0339,178519
48.0378,178690
48.0419,178415
48.0461,178679
48.0501,178586
48.0543,178457
48.0584,179044
48.0625,178997
48.0665,178980
48.0706,178979
48.0747,179039
48.0790,179132
48.0829,179136
48.0870,179042
48.0911,179311
48.0953,178822
48.0994,178866
48.1043,178150
48.1075,178815
48.1118,178644
48.1157,178286
48.1198,178254
48.1240,178782
48.1280,178648
48.1321,178604
48.1362,179268
48.1403,178280
48.1444,178691
48.1485,179243
48.1526,179017
48.1567,178956
48.1613,179017
48.1625,178276
48.1648,178804
48.1689,178667
48.1730,178059
48.1771,178113
48.1812,178698
48.1853,178540
48.1894,178848
48.1935,178954
48.1976,178359
48.2017,178584
48.2058,178989
48.2099,178593
48.2140,178467
48.2181,179277
48.2222,177617
48.2263,178507
48.2304,178551
48.2344,178228
48.2386,178852
48.2427,178462
48.2468,177841
48.2508,178368
48.2549,178027
48.2591,178784
48.2632,178759
48.2672,178449
48.2714,178475
48.2754,178108
48.2796,178601
48.2837,178477
48.2878,178308
48.2879,177954
48.2918,178816
48.2959,177802
48.3000,178193
48.3041,178475
48.3082,178511
48.3126,177861
48.3164,178034
48.3205,178639
48.3246,178348
48.3288,178684
48.3328,178403
48.3369,178460
48.3409,177379
48.3450,177449
48.3491,178319
48.3532,177981
48.3573,178172
48.3614,177462
48.3655,178464
48.3696,178545
48.3737,178480
48.3778,178165
48.3819,178311
48.3863,178769
48.3901,178586
48.3942,178000
48.3983,178341
48.4024,178867
48.4065,178133
48.4107,178218
48.4148,178498
48.4188,178710
48.4190,179128
48.4229,178433
48.4270,178302
48.4311,178670
48.4351,178117
48.4393,178383
48.4433,177903
48.4474,178187
48.4515,178446
48.4556,178627
48.4600,178316
48.4638,178582
48.4679,178667
48.4720,178834
48.4761,178559
48.4802,178731
48.4843,178743
48.4884,179309
48.4925,178802
48.4968,178731
48.5007,178742
48.5048,178494
48.5088,178582
48.5130,177941
48.5171,178513
48.5212,179239
48.5253,178997
48.5294,178641
48.5335,178795
48.5377,178624
48.5418,178453
48.5457,178627
48.5462,178518
48.5498,179072
48.5539,178850
48.5580,178830
48.5624,178242
48.5662,178447
48.5703,178658
48.5744,178390
48.5785,179022
48.5826,178384
48.5867,178484
48.5908,178517
48.5949,178211
48.5990,178317
48.6031,178587
48.6072,178260
48.6114,178635
48.6154,178438
48.6195,178938
48.6236,178251
48.6277,177936
48.6318,177932
48.6358,178780
48.6399,178527
48.6442,178785
48.6482,178378
48.6523,178288
48.6563,178608
48.6607,177974
48.6646,178026
48.6687,178618
48.6726,178466
48.6727,178692
48.6768,178871
48.6811,178616
48.6850,178686
48.6891,178532
48.6932,178897
48.6974,178271
48.7029,177818
48.7055,178280
48.7096,178556
48.7137,178459
48.7179,177581
48.7219,177795
48.7260,177774
48.7300,178629
48.7341,178225
48.7382,178560
48.7424,178298
48.7465,178536
48.7506,178096
48.7546,178062
48.7588,177861
48.7629,177869
48.7669,177236
48.7710,177665
48.7751,177777
48.7792,178202
48.7833,178096
48.7874,178128
48.7915,177554
48.7957,177813
48.7998,178000
48.7999,178065
48.8039,178828
48.8080,178339
48.8122,178037
48.8161,177601
48.8202,178122
48.8243,178305
48.8284,177643
48.8324,178990
48.8365,178423
48.8406,178331
48.8447,178540
48.8488,178608
48.8529,178519
48.8570,178411
48.8611,178322
48.8652,177732
48.8693,178103
48.8734,178071
48.8777,178052
48.8816,178609
48.8857,178401
48.8898,178233
48.8939,178766
48.8981,178345
48.9021,178401
48.9062,178250
48.9103,177894
48.9144,178383
48.9185,178425
48.9227,178135
48.9271,178318
48.9272,178080
48.9307,177793
48.9348,178089
48.9389,178307
48.9430,178454
48.9471,178610
48.9512,178649
48.9554,178544
48.9594,178430
48.9635,178727
48.9676,178501
48.9717,178135
48.9758,178260
48.9799,178755
48.9840,178119
48.9881,178727
48.9922,178323
48.9963,177523
49.0004,178614
49.0045,178691
49.0087,178586
49.0127,178339
49.0167,178623
49.0209,177493
49.0251,177922
49.0291,178790
49.0332,178060
49.0372,178398
49.0413,177996
49.0455,177680
49.0500,178082
49.0536,177811
49.0537,178171
49.0577,178161
49.0619,178035
49.0659,178276
49.0700,178215
49.0741,178274
49.0782,178261
49.0823,178709
49.0864,178856
49.0905,178530
49.0946,178155
49.0987,178429
49.1027,178359
49.1069,178391
49.1110,178412
49.1151,178452
49.1191,178469
49.1233,178334
49.1274,178382
49.1315,177907
49.1356,178168
49.1397,177832
49.1437,177959
49.1479,178832
49.1520,177816
49.1560,178127
49.1601,178534
49.1642,178336
49.1684,177917
49.1724,178071
49.1767,177816
49.1809,178126
49.1849,178641
49.1850,178611
49.1888,178069
49.1929,178838
49.1971,178145
49.2011,178130
49.2052,178428
49.2094,178734
49.2134,178251
49.2175,178554
49.2216,178163
49.2257,178539
49.2297,178732
49.2341,178008
49.2380,178325
49.2420,177453
49.2462,178354
49.2503,178138
49.2543,177938
49.2585,177570
49.2626,177875
49.2667,177921
49.2708,178145
49.2749,178243
49.2790,178223
49.2830,178017
49.2871,177637
49.2912,178374
49.2953,177906
49.2994,177829
49.3036,177800
49.3081,178526
49.3117,178173
49.3117,178114
49.3157,177890
49.3198,177900
49.3241,177923
49.3281,178018
49.3321,177624
49.3362,178019
49.3403,177885
49.3444,178048
49.3485,177972
49.3526,178152
49.3567,177518
49.3608,178273
49.3650,177789
49.3690,178120
49.3731,178332
49.3772,178245
49.3813,178020
49.3861,178397
49.3900,178635
49.3940,178475
49.3980,178935
49.4023,178338
49.4059,178175
49.4100,177982
49.4142,178460
49.4187,178531
49.4229,177910
49.4264,178118
49.4315,178228
49.4347,177744
49.4390,178593
49.4398,178131
49.4427,178261
49.4468,177744
49.4514,178308
49.4557,178434
49.4591,178021
49.4632,178270
49.4679,178485
49.4718,178412
49.4755,178055
49.4796,178822
49.4843,178341
49.4882,177957
49.4919,178172
49.4960,178179
49.5007,178754
49.5046,178331
49.5083,178168
49.5126,177806
49.5172,177941
49.5211,177754
49.5251,178370
49.5288,178097
49.5333,178443
49.5376,178604
49.5412,178114
49.5453,178326
49.5501,178163
49.5539,177679
49.5574,178020
49.5621,178464
49.5657,178115
49.5658,177925
49.5699,177885
49.5738,177791
49.5781,178079
49.5827,178078
49.5868,178009
49.5902,177977
49.5943,177691
49.5988,177477
49.6033,177795
49.6066,178176
49.6106,177451
49.6151,178157
49.6196,178396
49.6230,177848
49.6271,177937
49.6320,177534
49.6360,178015
49.6393,178110
49.6435,177858
49.6486,178062
49.6516,178568
49.6558,177349
49.6599,178257
49.6650,177775
49.6685,178115
49.6721,178030
49.6762,177622
49.6804,178644
49.6847,177436
49.6887,177875
49.6927,178210
49.6928,177626
49.6967,178096
49.7015,179087
49.7049,177871
49.7091,178164
49.7131,178221
49.7180,178077
49.7213,178282
49.7254,178205
49.7295,177875
49.7339,178583
49.7376,179183
49.7418,178782
49.7459,179022
49.7504,178664
49.7541,178309
49.7581,178103
49.7623,178498
49.7667,178683
49.7704,178677
49.7745,178682
49.7787,177976
49.7833,178285
49.7873,178109
49.7909,178436
49.7951,178620
49.8000,178631
49.8036,178300
49.8074,178027
49.8114,177302
49.8156,178394
49.8197,178414
49.8198,178133
49.8237,178576
49.8283,178466
49.8322,178327
49.8367,178652
49.8401,178857
49.8441,178269
49.8488,177913
49.8533,178106
49.8564,178190
49.8605,177785
49.8653,178513
49.8689,177846
49.8728,177832
49.8770,177587
49.8815,178343
49.8851,178422
49.8892,178018
49.8933,178354
49.8975,178561
49.9024,178354
49.9056,179188
49.9096,178305
49.9139,178375
49.9187,178657
49.9224,178319
49.9260,178327
49.9303,178223
49.9343,178503
49.9384,178058
49.9426,178743
49.9466,178694
49.9507,177927
49.9508,177901
49.9547,177908
49.9588,178428
49.9629,178229
49.9670,178425
49.9712,177688
49.9753,177881
49.9793,178040
49.9834,177459
49.9875,178789
49.9916,177664
49.9957,177932
49.9998,178295
50.0039,177707
50.0080,178265
50.0121,177621
50.0162,178548
50.0204,178236
50.0244,177930
50.0285,178059
50.0325,177802
50.0367,177973
50.0407,177637
50.0448,177557
50.0489,177373
50.0530,177339
50.0572,177953
50.0612,178137
50.0653,177987
50.0697,177430
50.0737,177685
50.0776,177820
50.0778,178154
50.0817,177770
50.0858,177851
50.0899,177862
50.0940,178063
50.0983,178910
50.1022,177740
50.1063,177733
50.1104,178349
50.1145,177858
50.1185,178409
50.1227,178025
50.1268,178227
50.1309,178223
50.1349,178378
50.1391,177727
50.1432,178306
50.1473,178866
50.1515,178683
50.1555,178179
50.1595,177747
50.1636,177978
50.1677,178007
50.1718,178252
50.1759,178039
50.1800,178009
50.1841,177871
50.1882,178177
50.1923,177940
50.1964,178101
50.2006,178005
50.2046,178151
50.2047,177946
50.2086,177991
50.2127,178271
50.2168,178027
50.2209,178609
50.2250,178346
50.2292,178033
50.2333,177824
50.2373,178688
50.2414,178578
50.2455,178206
50.2496,178353
50.2537,178588
50.2578,178285
50.2619,178328
50.2660,177545
50.2701,178074
50.2742,178683
50.2783,178648
50.2824,178132
50.2865,177971
50.2906,178694
50.2947,178633
50.2987,178116
50.3029,178454
50.3069,178024
50.3111,177880
50.3151,177941
50.3193,177724
50.3234,178027
50.3276,177768
50.3316,178332
50.3317,178266
50.3356,178157
50.3397,178349
50.3438,178536
50.3479,178658
50.3520,178714
50.3561,178351
50.3602,178153
50.3643,178178
50.3684,178364
50.3725,179091
50.3766,178292
50.3807,178466
50.3848,178342
50.3889,177924
50.3930,177985
50.3971,178453
50.4013,178366
50.4053,178025
50.4093,178795
50.4135,178346
50.4175,178160
50.4217,178085
50.4258,177996
50.4299,178915
50.4340,178526
50.4381,178377
50.4422,178432
50.4464,178580
50.4503,178038
50.4545,179111
50.4588,179137
50.4588,178605
50.4626,178500
50.4668,178302
50.4708,178294
50.4749,177946
50.4790,177897
50.4831,178743
50.4872,178035
50.4913,177937
50.4954,178207
50.4995,178581
50.5036,177889
50.5077,178696
50.5123,178068
50.5159,177226
50.5200,177949
50.5240,178459
50.5281,178486
50.5322,178442
50.5363,178374
50.5404,178024
50.5446,177598
50.5486,178117
50.5528,178105
50.5569,178147
50.5609,178170
50.5650,177791
50.5691,178387
50.5732,178601
50.5773,178239
50.5817,177777
50.5861,178267
50.5864,178264
50.5896,178622
50.5940,177852
50.5977,178315
50.6018,178390
50.6059,177932
50.6100,177680
50.6142,178313
50.6183,178291
50.6223,177390
50.6264,177681
50.6305,177943
50.6346,177838
50.6387,177938
50.6428,177961
50.6469,177997
50.6510,178770
50.6551,178411
50.6592,177805
50.6634,177522
50.6674,178278
50.6715,178289
50.6756,177911
50.6797,178004
50.6838,177865
50.6879,177962
50.6920,177404
50.6961,178456
50.7002,177229
50.7043,178037
50.7085,177928
50.7125,178943
50.7126,177591
50.7165,178590
50.7207,178336
50.7247,178304
50.7288,178526
50.7329,178196
50.7370,178749
50.7411,178646
50.7453,178430
50.7493,177728
50.7534,178423
50.7576,178361
50.7616,178178
50.7657,178139
50.7698,178132
50.7739,178164
50.7780,178981
50.7821,178367
50.7862,178283
50.7903,178404
50.7944,178021
50.7984,178207
50.8025,178011
50.8066,178421
50.8108,178386
50.8149,178558
50.8189,179214
50.8231,178362
50.8274,178489
50.8313,178039
50.8354,178564
50.8395,178318
50.8437,178760
50.8439,178163
50.8476,178307
50.8518,178268
50.8558,178536
50.8599,178186
50.8640,178927
50.8681,178258
50.8721,178559
50.8763,178305
50.8804,178435
50.8845,177938
50.8886,178285
50.8927,178236
50.8968,178042
50.9009,178238
50.9049,178809
50.9090,178523
50.9132,178813
50.9173,178440
50.9213,178113
50.9254,178685
50.9295,177582
50.9336,177844
50.9377,177715
50.9418,178493
50.9459,178553
50.9500,178319
50.9541,178416
50.9582,178414
50.9623,178253
50.9671,178274
50.9705,177989
50.9707,178241
50.9746,178850
50.9787,178028
50.9828,178665
50.9868,179048
50.9910,178559
50.9951,178716
50.9992,178978
51.0033,178104
51.0074,178512
51.0115,178767
51.0156,178105
51.0197,178358
51.0237,179225
51.0279,179171
51.0319,178398
51.0361,178552
51.0402,178594
51.0446,178781
51.0483,178294
51.0525,178465
51.0565,178629
51.0607,178493
51.0647,178465
51.0688,178626
51.0729,178334
51.0774,178486
51.0811,178601
51.0852,179287
51.0893,178495
51.0936,179204
51.0977,178596
51.0979,178193
51.1016,178984
51.1056,178970
51.1098,178133
51.1139,178205
51.1179,178864
51.1221,178186
51.1261,178671
51.1303,178814
51.1344,178612
51.1384,178395
51.1425,178872
51.1466,178401
51.1507,178112
51.1548,177970
51.1589,178459
51.1630,178195
51.1671,178271
51.1712,178352
51.1753,178417
51.1794,178643
51.1835,178640
51.1876,178560
51.1917,178111
51.1957,177861
51.1999,178382
51.2040,178459
51.2080,178265
51.2121,178251
51.2163,178436
51.2205,178442
51.2246,178337
51.2248,178389
51.2285,178755
51.2326,178813
51.2367,178294
51.2409,178389
51.2449,178375
51.2490,178506
51.2531,178081
51.2573,178561
51.2613,178435
51.2654,179122
51.2695,178828
51.2736,179010
51.2777,178171
51.2818,178686
51.2859,178104
51.2900,179247
51.2941,178781
51.2982,179029
51.3023,178399
51.3063,178397
51.3105,178594
51.3145,178456
51.3186,178894
51.3228,178629
51.3270,178402
51.3309,178903
51.3350,177937
51.3391,178781
51.3434,178562
51.3475,178451
51.3514,178868
51.3515,178308
51.3555,178420
51.3596,178390
51.3637,178463
51.3678,178424
51.3719,178622
51.3760,178207
51.3801,177990
51.3842,178303
51.3883,179014
51.3924,178355
51.3964,179062
51.4005,178763
51.4046,178288
51.4087,178185
51.4128,178252
51.4170,178154
51.4210,178241
51.4251,178498
51.4292,178510
51.4339,178398
51.4376,178925
51.4415,178851
51.4457,178291
51.4497,178471
51.4538,179081
51.4579,177716
51.4620,178346
51.4661,178556
51.4702,178514
51.4744,178347
51.4785,179037
51.4787,179118
51.4825,178370
51.4866,178817
51.4907,179376
51.4949,178938
51.4990,178743
51.5030,178787
51.5070,178857
51.5112,178268
51.5153,179003
51.5193,178564
51.5234,178980
51.5277,178509
51.5317,178443
51.5357,178615
51.5399,178300
51.5441,178589
51.5480,178854
51.5521,178590
51.5562,178847
51.5604,178991
51.5644,178308
51.5685,178082
51.5726,177891
51.5767,178196
51.5808,178694
51.5849,178992
51.5890,178384
51.5931,178968
51.5972,178964
51.6014,178341
51.6061,177823
51.6095,178899
51.6111,179045
51.6136,178543
51.6177,178333
51.6218,178633
51.6260,178193
51.6300,178502
51.6341,178030
51.6382,177888
51.6424,178105
51.6464,178374
51.6504,178508
51.6545,178482
51.6587,178978
51.6627,179157
51.6668,179144
51.6709,178805
51.6751,178254
51.6791,178227
51.6832,178933
51.6873,178702
51.6921,179021
51.6956,178029
51.6996,178137
51.7037,177868
51.7077,178634
51.7119,177643
51.7160,178461
51.7201,178381
51.7242,178490
51.7283,178605
51.7326,178699
51.7366,178578
51.7367,178351
51.7405,178589
51.7447,177933
51.7488,178330
51.7528,178387
51.7569,178323
51.7610,178070
51.7651,178583
51.7692,178549
51.7733,178444
51.7774,178812
51.7815,178356
51.7856,178344
51.7897,178398
51.7938,178874
51.7979,178337
51.8019,179320
51.8060,178658
51.8102,178000
51.8143,178007
51.8183,178301
51.8224,178456
51.8266,178830
51.8306,178631
51.8347,178719
51.8388,178346
51.8431,178596
51.8470,178641
51.8511,178895
51.8553,178981
51.8594,179110
51.8637,179242
51.8652,179165
51.8675,178565
51.8716,178777
51.8757,178296
51.8798,178670
51.8839,179466
51.8880,178702
51.8921,179255
51.8962,178600
51.9003,178824
51.9043,178801
51.9084,178765
51.9126,178189
51.9166,177994
51.9207,178679
51.9248,178097
51.9289,178199
51.9330,178257
51.9371,177766
51.9412,177752
51.9453,178661
51.9494,177721
51.9535,177815
51.9576,177883
51.9617,178046
51.9658,178899
51.9699,178179
51.9740,178462
51.9781,177899
51.9825,177897
51.9863,178107
51.9904,178611
51.9905,178447
51.9945,179133
51.9985,178483
52.0026,178808
52.0067,178237
52.0109,179013
52.0149,178005
52.0190,178284
52.0231,178476
52.0273,178550
52.0313,179313
52.0354,178290
52.0395,178987
52.0437,178557
52.0477,178772
52.0518,178419
52.0559,178649
52.0600,178601
52.0641,178470
52.0682,178354
52.0723,178543
52.0765,178755
52.0805,178841
52.0846,179240
52.0887,178084
52.0929,178561
52.0969,178320
52.1009,178633
52.1051,179037
52.1092,178819
52.1133,178534
52.1174,178687
52.1175,178620
52.1214,177978
52.1255,179025
52.1297,178471
52.1337,178935
52.1378,178065
52.1419,178428
52.1460,178289
52.1501,178205
52.1542,178500
52.1583,177907
52.1624,178701
52.1665,177928
52.1706,178458
52.1747,178201
52.1788,178357
52.1829,177946
52.1870,178246
52.1911,178363
52.1952,178402
52.1993,178622
52.2033,178143
52.2074,177907
52.2115,178458
52.2156,178874
52.2197,178400
52.2238,178188
52.2279,178614
52.2320,178470
52.2362,177968
52.2406,178174
52.2443,178138
52.2444,178102
52.2484,178660
52.2525,177810
52.2566,177785
52.2607,178014
52.2648,178533
52.2690,178409
52.2730,178123
52.2771,178115
52.2812,178040
52.2853,177945
52.2898,178232
52.2935,178491
52.2976,178523
52.3016,178373
52.3057,178482
52.3100,178470
52.3139,178254
52.3181,178088
52.3221,178473
52.3264,178729
52.3304,178881
52.3344,178009
52.3387,177926
52.3431,178726
52.3467,178202
52.3513,178706
52.3549,177909
52.3590,178118
52.3631,178479
52.3673,178832
52.3717,178644
52.3723,178402
52.3753,178546
52.3795,178693
52.3836,178539
52.3877,178797
52.3924,178879
52.3959,179026
52.4000,179036
52.4040,178130
52.4081,178336
52.4123,178529
52.4163,177777
52.4205,177792
52.4245,177950
52.4286,178484
52.4327,178317
52.4368,178215
52.4410,178097
52.4450,178042
52.4491,178894
52.4532,178969
52.4573,178333
52.4615,178275
52.4655,178042
52.4696,178631
52.4737,178325
52.4778,178247
52.4819,178282
52.4860,178053
52.4901,177996
52.4943,177842
52.4983,178169
52.4983,178180
52.5023,178582
52.5064,178917
52.5106,178704
52.5147,178297
52.5187,178509
52.5229,178403
52.5269,178957
52.5310,178266
52.5351,179281
52.5392,179064
52.5434,178026
52.5474,177938
52.5515,178697
52.5556,178855
52.5598,178368
52.5638,178624
52.5679,178229
52.5720,178274
52.5761,178626
52.5802,178352
52.5843,178539
52.5884,178510
52.5924,178582
52.5966,178616
52.6006,178911
52.6048,178484
52.6089,178696
52.6130,178656
52.6171,178147
52.6215,178277
52.6254,178196
52.6255,178560
52.6293,177959
52.6334,178921
52.6375,178096
52.6416,177839
52.6457,178033
52.6498,178508
52.6539,178433
52.6580,178357
52.6622,178020
52.6662,178330
52.6703,178485
52.6743,178611
52.6785,179183
52.6826,178166
52.6867,178565
52.6908,178318
52.6949,178295
52.6989,178841
52.7030,178967
52.7071,178937
52.7113,178617
52.7153,178294
52.7194,178588
52.7235,178053
52.7276,178287
52.7317,178206
52.7358,178202
52.7399,178825
52.7440,178866
52.7482,177994
52.7523,177922
52.7562,177609
52.7564,178421
52.7604,178430
52.7645,178522
52.7686,178335
52.7727,178069
52.7772,178737
52.7809,178510
52.7850,177927
52.7891,178053
52.7932,178308
52.7973,178035
52.8013,178653
52.8054,178694
52.8096,178398
52.8136,178497
52.8177,178988
52.8218,178530
52.8261,178644
52.8300,177995
52.8341,179040
52.8382,178660
52.8423,178719
52.8464,178257
52.8505,177712
52.8546,178483
52.8587,178021
52.8628,178153
52.8669,178420
52.8710,178651
52.8751,178730
52.8793,178130
52.8832,178538
52.8834,178757
52.8874,178267
52.8914,178023
52.8955,178619
52.8997,178392
52.9037,178564
52.9078,178197
52.9119,178577
52.9161,178007
52.9201,178764
52.9242,178350
52.9284,177996
52.9325,177212
52.9367,178337
52.9406,178504
52.9447,177974
52.9488,178135
52.9529,178408
52.9570,178295
52.9611,178171
52.9652,177753
52.9693,178276
52.9734,178396
52.9775,178426
52.9817,178355
52.9858,178007
52.9898,177925
52.9938,179425
52.9980,177554
53.0021,177503
53.0064,177849
53.0104,177815
53.0105,177710
53.0144,177453
53.0185,177543
53.0225,177826
53.0266,178743
53.0308,178066
53.0348,178104
53.0389,178303
53.0430,178403
53.0471,178133
53.0512,178079
53.0553,178297
53.0594,179060
53.0635,178210
53.0676,178197
53.0717,178183
53.0758,178318
53.0799,178728
53.0843,178032
53.0881,178316
53.0923,178927
53.0963,178549
53.1004,178394
53.1044,178353
53.1085,178525
53.1127,178427
53.1167,178183
53.1208,178748
53.1249,178995
53.1290,178959
53.1334,178503
53.1373,178355
53.1374,178358
53.1413,178245
53.1454,178200
53.1495,178712
53.1536,178633
53.1577,178584
53.1618,178769
53.1659,178443
53.1699,177862
53.1741,178866
53.1782,178394
53.1824,178500
53.1863,178330
53.1904,178622
53.1945,178851
53.1986,178356
53.2027,177752
53.2068,178569
53.2109,178291
53.2150,178088
53.2191,178627
53.2232,178270
53.2273,178125
53.2314,178202
53.2355,178399
53.2396,178023
53.2437,178240
53.2478,178022
53.2519,178260
53.2560,178256
53.2603,178463
53.2646,177919
53.2651,179062
53.2683,178943
53.2724,179184
53.2765,178249
53.2806,178413
53.2847,178491
53.2888,178163
53.2929,177424
53.2970,178576
53.3011,178136
53.3052,178501
53.3093,178610
53.3133,178203
53.3174,178656
53.3215,178888
53.3257,178675
53.3298,179095
53.3338,179098
53.3379,178420
53.3420,178288
53.3461,178750
53.3502,178633
53.3543,178658
53.3584,178507
53.3625,178208
53.3666,178531
53.3707,178587
53.3748,178237
53.3789,178738
53.3830,178363
53.3872,178502
53.3912,178603
53.3952,178161
53.3953,178025
53.3993,178513
53.4034,178542
53.4075,178074
53.4116,178390
53.4157,178616
53.4198,179154
53.4239,178946
53.4280,178584
53.4321,178486
53.4362,178946
53.4403,179281
53.4444,179117
53.4485,178628
53.4526,177908
53.4567,178390
53.4608,178744
53.4648,178622
53.4690,178043
53.4731,178330
53.4772,178738
53.4813,178535
53.4853,178566
53.4894,178669
53.4935,178898
53.4976,178027
53.5017,178454
53.5058,178428
53.5099,178715
53.5149,178723
53.5182,178538
53.5222,179165
53.5224,178897
53.5263,178589
53.5304,178000
53.5345,178446
53.5386,178491
53.5427,178879
53.5468,178896
53.5511,179247
53.5550,178404
53.5592,178911
53.5632,178409
53.5673,178112
53.5713,178392
53.5756,178992
53.5797,178940
53.5837,178851
53.5878,179104
53.5926,178644
53.5960,178826
53.6000,178643
53.6042,179702
53.6083,178999
53.6123,179055
53.6164,178561
53.6206,179004
53.6246,178532
53.6287,178224
53.6328,178760
53.6372,178889
53.6413,178767
53.6455,178690
53.6493,178843
53.6495,179056
53.6533,178579
53.6574,178295
53.6615,178944
53.6656,179005
53.6697,178114
53.6738,177961
53.6779,178062
53.6819,178559
53.6861,178996
53.6902,178496
53.6943,178759
53.6983,177518
53.7025,178250
53.7065,178733
53.7106,178731
53.7147,177981
53.7189,178490
53.7229,178724
53.7270,179081
53.7311,178426
53.7352,178842
53.7393,178176
53.7434,178936
53.7475,178979
53.7516,179082
53.7557,178492
53.7598,179860
53.7639,179453
53.7681,178967
53.7722,179037
53.7762,178827
53.7764,179776
53.7803,179186
53.7844,178560
53.7885,178651
53.7926,178801
53.7966,179436
53.8007,178760
53.8048,178851
53.8090,178384
53.8130,179073
53.8171,178763
53.8212,178930
53.8255,178336
53.8294,178649
53.8335,178897
53.8376,178505
53.8417,178933
53.8458,178425
53.8499,178771
53.8540,178727
53.8581,178362
53.8622,179287
53.8663,178602
53.8703,178683
53.8745,178641
53.8786,179065
53.8827,179056
53.8868,178547
53.8908,178622
53.8950,179133
53.8991,178791
53.9038,179356
53.9042,179164
53.9073,178827
53.9113,178874
53.9154,178979
53.9195,178767
53.9236,178687
53.9277,178403
53.9318,177789
53.9359,178148
53.9400,178493
53.9441,178415
53.9482,178140
53.9523,178542
53.9564,178078
53.9605,178629
53.9646,179144
53.9687,178216
53.9728,178652
53.9769,178488
53.9810,178527
53.9851,178434
53.9891,178197
53.9933,178396
53.9973,178972
54.0014,178170
54.0055,178582
54.0096,178212
54.0137,178111
54.0178,178553
54.0219,179061
54.0262,178550
54.0301,178727
54.0303,178731
54.0342,178197
54.0383,177891
54.0425,178533
54.0465,178700
54.0506,178422
54.0547,178393
54.0589,178779
54.0629,178118
54.0670,178315
54.0711,178500
54.0753,178463
54.0793,178155
54.0833,178585
54.0874,178379
54.0916,178319
54.0956,178344
54.0997,178393
54.1038,178574
54.1079,178549
54.1120,178343
54.1161,178669
54.1203,178261
54.1243,178025
54.1284,178283
54.1325,178916
54.1366,178805
54.1407,178911
54.1448,179252
54.1490,179343
54.1531,178186
54.1577,179093
54.1582,178819
54.1612,179150
54.1653,178361
54.1694,178735
54.1735,178292
54.1776,178605
54.1817,178467
54.1858,178989
54.1898,179514
54.1940,178976
54.1980,178742
54.2022,178078
54.2063,178677
54.2103,178711
54.2144,178394
54.2185,178656
54.2228,177957
54.2268,178451
54.2308,178773
54.2349,178569
54.2390,178664
54.2433,178689
54.2472,178029
54.2513,178397
54.2554,178661
54.2596,179114
54.2636,178570
54.2677,179041
54.2718,178582
54.2759,178595
54.2803,179245
54.2843,178963
54.2882,178641
54.2884,178402
54.2923,178810
54.2963,178166
54.3005,178472
54.3046,178270
54.3087,178708
54.3128,178776
54.3168,178226
54.3210,178654
54.3251,178423
54.3291,178679
54.3332,178548
54.3373,178281
54.3416,178953
54.3455,178554
54.3496,178643
54.3537,178503
54.3578,178800
54.3619,179069
54.3660,178605
54.3701,178773
54.3741,179141
54.3783,178656
54.3823,178749
54.3864,179067
54.3906,179087
54.3946,179046
54.3987,178602
54.4029,179143
54.4071,178707
54.4111,178453
54.4152,178433
54.4153,178845
54.4192,178656
54.4233,178652
54.4274,178437
54.4315,178427
54.4356,178152
54.4397,178795
54.4438,178572
54.4479,178734
54.4520,178895
54.4561,178031
54.4602,179193
54.4643,178513
54.4684,178793
54.4725,178789
54.4766,179163
54.4807,179294
54.4847,179031
54.4888,178536
54.4929,179165
54.4970,178713
54.5011,179040
54.5053,178725
54.5093,179070
54.5134,178535
54.5175,178957
54.5216,178904
54.5258,178956
54.5298,179586
54.5341,178734
54.5380,179275
54.5421,178800
54.5423,178926
54.5462,178601
54.5503,178141
54.5544,178156
54.5586,177936
54.5626,179037
54.5667,178592
54.5708,178894
54.5752,178647
54.5790,179062
54.5831,178592
54.5871,178567
54.5913,178717
54.5953,179064
54.5994,178811
54.6036,178600
54.6078,178641
54.6117,178546
54.6158,178202
54.6199,178504
54.6240,178631
54.6281,178802
54.6323,178188
54.6364,178382
54.6404,178325
54.6445,178814
54.6486,178595
54.6527,178671
54.6568,178497
54.6611,178906
54.6651,178887
54.6691,178247
54.6692,178723
54.6731,178943
54.6774,178956
54.6813,178359
54.6854,178348
54.6895,178939
54.6936,178589
54.6977,178676
54.7018,178905
54.7060,179560
54.7101,178837
54.7141,178710
54.7182,178680
54.7223,179063
54.7278,178304
54.7313,178623
54.7347,178798
54.7393,178539
54.7435,178188
54.7478,178705
54.7515,178559
54.7551,178643
54.7593,178517
54.7642,178657
54.7679,178763
54.7715,178443
54.7757,178617
54.7801,178774
54.7842,177745
54.7879,178281
54.7922,178645
54.7970,178347
54.7971,178457
54.8012,178871
54.8043,178875
54.8083,178083
54.8141,178323
54.8169,178991
54.8212,178416
54.8248,179157
54.8316,179224
54.8336,179137
54.8370,178799
54.8411,178818
54.8472,179614
54.8497,178577
54.8539,179065
54.8575,178863
54.8649,178677
54.8661,178733
54.8698,178212
54.8738,178768
54.8786,178685
54.8827,179283
54.8871,178593
54.8903,177832
54.8966,179433
54.8986,178829
54.9025,178143
54.9066,178147
54.9133,178461
54.9152,178968
54.9189,178794
54.9230,178263
54.9231,178634
54.9271,178249
54.9316,178764
54.9355,179167
54.9395,178010
54.9436,178372
54.9481,178554
54.9517,178642
54.9559,178253
54.9600,178047
54.9643,178653
54.9681,178669
54.9723,178605
54.9763,178407
54.9807,178444
54.9848,178840
54.9886,178175
54.9928,178278
54.9972,178055
55.0015,178407
55.0050,178564
55.0092,177908
55.0138,178478
55.0179,178192
55.0213,177865
55.0257,177753
55.0304,178601
55.0339,177952
55.0377,177994
55.0421,177773
55.0463,178047
55.0502,178122
55.0503,177748
55.0541,178382
55.0582,178348
55.0645,178372
55.0671,178042
55.0705,178398
55.0746,178588
55.0805,178294
55.0835,178372
55.0872,178099
55.0911,178135
55.0968,178002
55.1001,179039
55.1033,179140
55.1073,178565
55.1129,177817
55.1162,177781
55.1200,178414
55.1237,178452
55.1295,178165
55.1326,178505
55.1366,177762
55.1401,178587
55.1462,178347
55.1486,178080
55.1526,178372
55.1565,178162
55.1607,178292
55.1653,178599
55.1690,178704
55.1730,178434
55.1771,178448
55.1794,178652
55.1815,178212
55.1852,178911
55.1893,178497
55.1937,178772
55.1983,178876
55.2021,178740
55.2057,178943
55.2097,178365
55.2144,178060
55.2186,178281
55.2225,178426
55.2262,178467
55.2310,178656
55.2349,178545
55.2391,178253
55.2425,178623
55.2474,178367
55.2507,178619
55.2548,178885
55.2590,178118
55.2632,177959
55.2677,178290
55.2711,178592
55.2754,179011
55.2801,178438
55.2840,178787
55.2887,178538
55.2918,177999
55.2965,178400
55.2999,178610
55.3040,177922
55.3081,178379
55.3085,177913
55.3130,177678
55.3168,177946
55.3203,179298
55.3244,178166
55.3293,178441
55.3330,177843
55.3367,177562
55.3410,178421
55.3474,178233
55.3496,178759
55.3535,179095
55.3572,178898
55.3633,178962
55.3660,178212
55.3695,178491
55.3735,178497
55.3797,178412
55.3824,178419
55.3859,178401
55.3900,178586
55.3941,178674
55.3990,178768
55.4023,178537
55.4070,178140
55.4135,178499
55.4152,178760
55.4186,178707
55.4228,178355
55.4291,178209
55.4313,178293
55.4350,178054
55.4352,178896
55.4391,178218
55.4433,178522
55.4477,179197
55.4524,178472
55.4555,178714
55.4596,178887
55.4640,178397
55.4683,178681
55.4719,178623
55.4761,178449
55.4809,178826
55.4844,178496
55.4883,178763
55.4924,178769
55.4969,178951
55.5007,178635
55.5046,178592
55.5088,179063
55.5132,178616
55.5175,178199
55.5210,178513
55.5254,178589
55.5300,178425
55.5343,178874
55.5374,178530
55.5415,178999
55.5463,178753
55.5506,178236
55.5539,178263
55.5583,179052
55.5623,178119
55.5626,178699
55.5666,178348
55.5702,178671
55.5743,178250
55.5792,179085
55.5831,178610
55.5865,178535
55.5907,179040
55.5957,178985
55.6000,179062
55.6030,178436
55.6070,178618
55.6129,178889
55.6157,177981
55.6193,178325
55.6234,179017
55.6287,178114
55.6319,177996
55.6357,178417
55.6399,177553
55.6465,178123
55.6482,178326
55.6527,178569
55.6562,179060
55.6635,178468
55.6653,178665
55.6685,177736
55.6725,178241
55.6797,178395
55.6817,177993
55.6850,177277
55.6890,178453
55.6891,179018
55.6932,178588
55.6977,178587
55.7016,178429
55.7053,178201
55.7094,178658
55.7144,178623
55.7180,178348
55.7218,178764
55.7259,177767
55.7307,178303
55.7348,178675
55.7381,178892
55.7423,178783
55.7469,178177
55.7509,178565
55.7545,178119
55.7588,178040
55.7636,178466
55.7674,178152
55.7709,177793
55.7751,177925
55.7802,178010
55.7833,178351
55.7873,177575
55.7914,178766
55.7959,177854
55.7999,177841
55.8037,178444
55.8080,178363
55.8126,178912
55.8161,177920
55.8162,177935
55.8200,177607
55.8241,178214
55.8298,178057
55.8326,177804
55.8364,178287
55.8408,177824
55.8477,178549
55.8494,178250
55.8528,177898
55.8569,178891
55.8630,178623
55.8658,177841
55.8692,178262
55.8733,178225
55.8794,178515
55.8819,177876
55.8856,178208
55.8897,178346
55.8957,178767
55.8983,178765
55.9025,178975
55.9061,179000
55.9120,178898
55.9149,178604
55.9190,178409
55.9224,178833
55.9266,178332
55.9315,178075
55.9353,178927
55.9389,179099
55.9431,179134
55.9445,178005
55.9473,178092
55.9514,179260
55.9553,179093
55.9594,178817
55.9642,178929
55.9680,178872
55.9716,178670
55.9758,178671
55.9803,179204
55.9843,178779
55.9882,178868
55.9921,178594
55.9971,178523
56.0012,178678
56.0044,178930
56.0085,178108
56.0141,178466
56.0173,177958
56.0208,177644
56.0249,178271
56.0306,178110
56.0339,178422
56.0377,177757
56.0413,178197
56.0464,177556
56.0495,177926
56.0535,178145
56.0576,178715
56.0622,177969
56.0659,178158
56.0699,178299
56.0700,178342
56.0740,178365
56.0788,178369
56.0826,178372
56.0863,178556
56.0904,178466
56.0960,178131
56.0990,177941
56.1027,178296
56.1067,178538
56.1122,178429
56.1157,178056
56.1190,178360
56.1231,178194
56.1295,178288
56.1318,178575
56.1354,179137
56.1395,178426
56.1455,178077
56.1483,178993
56.1521,179133
56.1559,178586
56.1620,178238
56.1647,178745
56.1682,178794
56.1723,178764
56.1784,178410
56.1814,177873
56.1845,178443
56.1887,178494
56.1928,178337
56.1969,178607
56.2010,178007
56.2011,178623
56.2050,178737
56.2091,178598
56.2137,178786
56.2173,178616
56.2214,178149
56.2255,178581
56.2303,178612
56.2337,178596
56.2378,179244
56.2420,178654
56.2463,178773
56.2506,178976
56.2541,178506
56.2583,178258
56.2631,178372
56.2669,178526
56.2705,178361
56.2747,178409
56.2791,178775
56.2836,178598
56.2869,178483
56.2911,178463
56.2957,178307
56.2998,178436
56.3034,178495
56.3074,178329
56.3129,178755
56.3162,178079
56.3199,178486
56.3244,178636
56.3282,178666
56.3287,178773
56.3327,178865
56.3361,178851
56.3403,178321
56.3453,178703
56.3490,178482
56.3532,178409
56.3566,178448
56.3624,178359
56.3652,177876
56.3696,178541
56.3730,178523
56.3791,178762
56.3818,178386
56.3853,177937
56.3893,177963
56.3953,179102
56.3982,177918
56.4016,177914
56.4057,178283
56.4117,178079
56.4145,178290
56.4188,178967
56.4221,178818
56.4283,178411
56.4309,177996
56.4351,177973
56.4385,178171
56.4426,178330
56.4474,178004
56.4509,177814
56.4549,177635
56.4550,177835
56.4590,178366
56.4638,177999
56.4671,178530
56.4713,178454
56.4754,178614
56.4797,179254
56.4840,178463
56.4876,178221
56.4920,178877
56.4975,178772
56.5008,178129
56.5041,178129
56.5086,178223
56.5133,178233
56.5167,178438
56.5205,178658
56.5246,177953
56.5296,178506
56.5330,178693
56.5374,177850
56.5409,177924
56.5461,178211
56.5499,177820
56.5532,178306
56.5574,178397
56.5642,178460
56.5666,178276
56.5696,178126
56.5738,178212
56.5804,178378
56.5819,178613
56.5831,178030
56.5860,177872
56.5901,177967
56.5968,178809
56.5986,178263
56.6031,178434
56.6064,178827
56.6121,178527
56.6148,178374
56.6187,177923
56.6228,179091
56.6287,178230
56.6318,177732
56.6351,177626
56.6393,177591
56.6462,177952
56.6480,177893
56.6519,178602
56.6562,178082
56.6601,177714
56.6643,178420
56.6733,177877
56.6739,177968
56.6774,177934
56.6819,177840
56.6850,177981
56.6884,177917
56.6935,178378
56.6977,178496
56.7007,178119
56.7048,178090
56.7088,177682
56.7089,177922
56.7135,178565
56.7170,177922
56.7211,178589
56.7253,178360
56.7305,178286
56.7341,178049
56.7375,178140
56.7416,178185
56.7465,178309
56.7499,178127
56.7539,178080
56.7581,178172
56.7630,178740
56.7666,178471
56.7703,177810
56.7745,178120
56.7789,178496
56.7832,178204
56.7866,178102
56.7909,178530
56.7957,178208
56.7995,178617
56.8030,178465
56.8072,178021
56.8117,178563
56.8160,178640
56.8194,177732
56.8236,178424
56.8282,178192
56.8319,177938
56.8358,178739
56.8359,178122
56.8403,178789
56.8459,177908
56.8486,177919
56.8522,178945
56.8563,178445
56.8623,178446
56.8652,178316
56.8686,178018
56.8727,177745
56.8795,177596
56.8814,178004
56.8850,178005
56.8890,177723
56.8955,178333
56.8981,177947
56.9013,178697
56.9054,178145
56.9124,178293
56.9141,178470
56.9177,178201
56.9218,178540
56.9283,178712
56.9304,177935
56.9341,177710
56.9382,178085
56.9423,178074
56.9469,178079
56.9505,178292
56.9546,178542
56.9587,178626
56.9628,178428
56.9669,178402
56.9670,178164
56.9709,177837
56.9752,178504
56.9797,178714
56.9839,177973
56.9881,178079
56.9915,177664
56.9961,177850
56.9998,178063
57.0037,178006
57.0079,177995
57.0131,178166
57.0166,177696
57.0201,177659
57.0245,177817
57.0285,178169
57.0331,177528
57.0365,178082
57.0408,178408
57.0455,178282
57.0493,178321
57.0529,178219
57.0572,178412
57.0616,177850
57.0659,178228
57.0693,178665
57.0735,178527
57.0785,178479
57.0822,178627
57.0858,178032
57.0906,177957
57.0947,178415
57.0952,178330
57.0983,177995
57.1024,178406
57.1062,178636
57.1122,178648
57.1148,178625
57.1185,178197
57.1226,178025
57.1292,177018
57.1308,177701
57.1351,177856
57.1389,177515
57.1431,177623
57.1503,177637
57.1512,178370
57.1553,178040
57.1615,177876
57.1642,178572
57.1676,178376
57.1717,177866
57.1758,178114
57.1806,177883
57.1850,178297
57.1880,177765
57.1922,178044
57.1973,177712
57.2009,178659
57.2045,178658
57.2087,178473
57.2136,178991
57.2171,178220
57.2210,178671
57.2212,177984
57.2250,178240
57.2300,177899
57.2334,177796
57.2375,178235
57.2413,177646
57.2465,178183
57.2499,177725
57.2536,178082
57.2577,178159
57.2628,177862
57.2670,177625
57.2700,177734
57.2742,177838
57.2788,177669
57.2829,177756
57.2871,177535
57.2906,177165
57.2978,177820
57.2998,177553
57.3037,177367
57.3070,177865
57.3125,177373
57.3153,177685
57.3200,177683
57.3233,177867
57.3295,178085
57.3321,178151
57.3364,178451
57.3397,178196
57.3457,178319
57.3479,178063
57.3481,178331
57.3520,178279
57.3560,178005
57.3634,178385
57.3647,178024
57.3688,177919
57.3724,177001
57.3765,177890
57.3814,178464
57.3851,178256
57.3889,178394
57.3955,178335
57.3980,177740
57.4016,177425
57.4051,177760
57.4093,178088
57.4140,178068
57.4180,178050
57.4215,178090
57.4258,177801
57.4302,178114
57.4346,178748
57.4379,178327
57.4421,177794
57.4471,177820
57.4508,178027
57.4543,177836
57.4584,178294
57.4633,177854
57.4667,178138
57.4707,177928
57.4752,177850
57.4754,178302
57.4796,178535
57.4834,178096
57.4871,178005
57.4912,178534
57.4956,177881
57.4996,178170
57.5035,178016
57.5076,178390
57.5126,177490
57.5163,178173
57.5198,178516
57.5241,178141
57.5283,178178
57.5327,178362
57.5362,178290
57.5406,177547
57.5448,178391
57.5490,177926
57.5526,178024
57.5568,177448
57.5622,178031
57.5655,178273
57.5690,178485
57.5731,178025
57.5788,178670
57.5821,178185
57.5853,178029
57.5895,177508
57.5949,177926
57.5977,178453
57.6018,178321
57.6019,177625
57.6058,178303
57.6124,178345
57.6146,177879
57.6192,177634
57.6223,178063
57.6283,178047
57.6313,177395
57.6349,177634
57.6386,177975
57.6448,178336
57.6472,177559
57.6516,178260
57.6556,177822
57.6591,178289
57.6635,178115
57.6681,178111
57.6714,178170
57.6781,178461
57.6803,178344
57.6840,178476
57.6880,178269
57.6919,178935
57.6963,178440
57.7007,178467
57.7042,177874
57.7083,177967
57.7129,178157
57.7173,177445
57.7209,178193
57.7248,178077
57.7288,177982
57.7328,178491
57.7329,178284
57.7369,178127
57.7411,178251
57.7455,178860
57.7492,178551
57.7533,178268
57.7574,178586
57.7623,178564
57.7659,178332
57.7697,178315
57.7740,178153
57.7787,178611
57.7825,178471
57.7867,177998
57.7903,178519
57.7956,177618
57.7990,178472
57.8032,178681
57.8066,178588
57.8117,178282
57.8154,178430
57.8190,178554
57.8230,178411
57.8288,178069
57.8317,178611
57.8360,178187
57.8394,178217
57.8446,177704
57.8477,178620
57.8518,178716
57.8562,178327
57.8607,178090
57.8633,178546
57.8649,178158
57.8685,178223
57.8721,177889
57.8795,178599
57.8807,178629
57.8847,178244
57.8884,178780
57.8950,177962
57.8975,178405
57.9008,178416
57.9048,178067
57.9090,177628
57.9142,177323
57.9179,177704
57.9213,177946
57.9254,177998
57.9304,177876
57.9341,178427
57.9376,178241
57.9418,177732
57.9463,177857
57.9504,177778
57.9540,177577
57.9581,177535
57.9635,178007
57.9669,177963
57.9704,178155
57.9745,177811
57.9795,178059
57.9827,177644
57.9868,177498
57.9869,177861
57.9911,178128
57.9959,178495
57.9991,178601
58.0032,178240
58.0073,178452
58.0121,177764
58.0160,178372
58.0195,177485
58.0236,177893
58.0290,177908
58.0327,178280
58.0359,178211
58.0401,177725
58.0444,177938
58.0489,178073
58.0523,177857
58.0566,177675
58.0609,177447
58.0653,177343
58.0687,178016
58.0728,178486
58.0782,178114
58.0817,178065
58.0851,177925
58.0892,178411
58.0947,178181
58.0980,178330
58.1014,177995
58.1055,177990
58.1113,177714
58.1138,177877
58.1139,178459
58.1178,177226
58.1219,178156
58.1261,178070
58.1310,178636
58.1344,178244
58.1387,177600
58.1424,178085
58.1465,178855
58.1506,178449
58.1547,177852
58.1588,178061
58.1629,178184
58.1670,178745
58.1711,178158
58.1752,178296
58.1793,178822
58.1834,178633
58.1875,178216
58.1916,178249
58.1957,178180
58.1998,178154
58.2039,178845
58.2080,178503
58.2121,178239
58.2162,178172
58.2203,178165
58.2244,178063
58.2284,178031
58.2325,178375
58.2367,178451
58.2409,178255
58.2410,178361
58.2448,178746
58.2489,178732
58.2530,177837
58.2571,178211
58.2612,177956
58.2653,178134
58.2694,178194
58.2735,178613
58.2776,178396
58.2816,178485
58.2857,178639
58.2899,178404
58.2939,178529
58.2980,177620
58.3021,178271
58.3062,178201
58.3103,178288
58.3144,179181
58.3185,178734
58.3228,177729
58.3267,177521
58.3308,177902
58.3349,178455
58.3390,178223
58.3431,178060
58.3471,178280
58.3513,178809
58.3554,178651
58.3595,178032
58.3637,178130
58.3676,178091
58.3677,179072
58.3717,178509
58.3758,178049
58.3799,178253
58.3840,178359
58.3881,177965
58.3923,178481
58.3963,178569
58.4004,178705
58.4045,178333
58.4086,178340
58.4127,178442
58.4168,178742
58.4209,178101
58.4250,177790
58.4291,178173
58.4331,177955
58.4373,178176
58.4414,178580
58.4456,178544
58.4496,177855
58.4537,178070
58.4578,178180
58.4619,178306
58.4660,177675
58.4701,177787
58.4742,178473
58.4784,177850
58.4823,178275
58.4865,178482
58.4906,178039
58.4954,177598
58.4989,177713
58.4991,178466
58.5029,177974
58.5073,177520
58.5113,177903
58.5152,178195
58.5192,178318
58.5234,177988
58.5274,178215
58.5315,177991
58.5356,177421
58.5397,178240
58.5442,178187
58.5479,177829
58.5519,177726
58.5563,177929
58.5602,177611
58.5643,177601
58.5684,177824
58.5725,177679
58.5765,178662
58.5806,178305
58.5847,178293
58.5889,178519
58.5929,178171
58.5970,178153
58.6011,177784
58.6053,178237
58.6093,178699
58.6134,178568
58.6176,177756
58.6217,178066
58.6257,177735
58.6258,178171
58.6298,177846
58.6339,177901
58.6379,178250
58.6421,178247
58.6462,178505
58.6503,177911
58.6543,178239
58.6584,178253
58.6625,177788
58.6666,178818
58.6707,178364
58.6749,177658
58.6790,178645
58.6831,177940
58.6872,178545
58.6913,178246
58.6954,178184
58.6997,178395
58.7035,177938
58.7076,177714
58.7117,178024
58.7158,178299
58.7199,178250
58.7240,178498
58.7281,178289
58.7321,178289
58.7363,178209
58.7404,178430
58.7447,178505
58.7487,178754
58.7527,177915
58.7528,178135
58.7568,178317
58.7608,178536
58.7649,178084
58.7690,178030
58.7732,177683
58.7773,177977
58.7813,177838
58.7854,179096
58.7896,177756
58.7936,178045
58.7977,178184
58.8018,178317
58.8060,177798
58.8100,177598
58.8141,178442
58.8182,177886
58.8224,177720
58.8264,177627
58.8305,178364
58.8346,177560
58.8387,178114
58.8428,177472
58.8469,177283
58.8510,178032
58.8550,177365
58.8591,177930
58.8633,177494
58.8673,177558
58.8715,178371
58.8757,178924
58.8804,178030
58.8813,178320
58.8837,177445
58.8879,178524
58.8919,177676
58.8960,178240
58.9001,178494
58.9042,178357
58.9083,178500
58.9126,178370
58.9165,178758
58.9206,178957
58.9247,178477
58.9288,178910
58.9329,178121
58.9370,177933
58.9411,178463
58.9452,178492
58.9493,178353
58.9534,178192
58.9574,178329
58.9615,178046
58.9656,178868
58.9697,177980
58.9738,177998
58.9780,178687
58.9821,178215
58.9861,178676
58.9903,178219
58.9943,178902
58.9986,178824
59.0032,178274
59.0068,177876
59.0069,178430
59.0107,179015
59.0148,177592
59.0191,178667
59.0230,178377
59.0271,178420
59.0312,177785
59.0353,178587
59.0394,177785
59.0435,177990
59.0475,178004
59.0517,178112
59.0558,178117
59.0599,177949
59.0640,178469
59.0681,178420
59.0722,178571
59.0763,178297
59.0804,178048
59.0844,178579
59.0888,177838
59.0926,178153
59.0968,178884
59.1008,178050
59.1052,178498
59.1090,178078
59.1131,178810
59.1173,178680
59.1214,178112
59.1254,178424
59.1297,177876
59.1345,177985
59.1351,177877
59.1377,178181
59.1418,178496
59.1459,178185
59.1500,178195
59.1541,178368
59.1582,178313
59.1624,178264
59.1663,178302
59.1704,177894
59.1745,178225
59.1787,178583
59.1827,178702
59.1868,178653
59.1910,177911
59.1951,178952
59.1991,178347
59.2033,178712
59.2074,178920
59.2114,178849
59.2155,177979
59.2196,178254
59.2238,178086
59.2278,178390
59.2321,177971
59.2360,178171
59.2401,177923
59.2442,178273
59.2483,177814
59.2526,177197
59.2565,177904
59.2606,178134
59.2648,178132
59.2649,178127
59.2688,177841
59.2728,178105
59.2769,177632
59.2810,177790
59.2851,177604
59.2895,177446
59.2933,178287
59.2974,177867
59.3015,177316
59.3056,178193
59.3097,178034
59.3138,178012
59.3181,178015
59.3222,178187
59.3261,178646
59.3302,178569
59.3343,177984
59.3384,178424
59.3425,178567
59.3466,178480
59.3506,178566
59.3548,178417
59.3588,178523
59.3630,178156
59.3671,178431
59.3711,178188
59.3753,177503
59.3793,178202
59.3834,178455
59.3877,178501
59.3916,178071
59.3918,177980
59.3957,178443
59.3998,178825
59.4042,178826
59.4080,178858
59.4121,178194
59.4162,178202
59.4203,177854
59.4244,178170
59.4285,178187
59.4326,178042
59.4367,178408
59.4408,178379
59.4449,178148
59.4489,177888
59.4530,178130
59.4571,178427
59.4613,178119
59.4653,177894
59.4694,178450
59.4735,178113
59.4779,178307
59.4817,178352
59.4858,178221
59.4899,178254
59.4940,178634
59.4981,178058
59.5022,178219
59.5063,177884
59.5104,177553
59.5146,177618
59.5185,178038
59.5186,177954
59.5227,177698
59.5268,178599
59.5309,178475
59.5349,178405
59.5391,177939
59.5432,177780
59.5473,177089
59.5513,177624
59.5555,177651
59.5595,177709
59.5636,177861
59.5677,178383
59.5719,177316
59.5759,178317
59.5800,178301
59.5841,178121
59.5883,177323
59.5923,178390
59.5964,179185
59.6006,178509
59.6046,178335
59.6087,178118
59.6128,177369
59.6169,178180
59.6210,178304
59.6251,177926
59.6292,177931
59.6333,178170
59.6375,178157
59.6416,178504
59.6456,179051
59.6459,178684
59.6497,178671
59.6537,178284
59.6579,177945
59.6620,178443
59.6661,178694
59.6702,178392
59.6743,178557
59.6784,178421
59.6825,178246
59.6865,178496
59.6907,178017
59.6947,178392
59.6988,178320
59.7030,179439
59.7070,178041
59.7114,177616
59.7152,178369
59.7193,178416
59.7235,178549
59.7275,178670
59.7316,178262
59.7357,178854
59.7398,178772
59.7439,178196
59.7482,178597
59.7520,178760
59.7562,178370
59.7603,177882
59.7644,178236
59.7692,178793
59.7726,178132
59.7727,178780
59.7767,179080
59.7807,178043
59.7849,178353
59.7890,178426
59.7930,178683
59.7974,178916
59.8013,178489
59.8053,178851
59.8094,178490
59.8135,177789
59.8176,178232
59.8217,177711
59.8259,179185
59.8299,178349
59.8339,178417
59.8381,177733
59.8422,178535
59.8462,177750
59.8503,178949
59.8544,177965
59.8586,177832
59.8628,178054
59.8668,178514
59.8709,178085
59.8749,178224
59.8791,177266
59.8833,178096
59.8873,178119
59.8913,178146
59.8956,178050
59.8997,177967
59.8997,178769
59.9036,177841
59.9077,178088
59.9119,178005
59.9159,177668
59.9200,177451
59.9241,176941
59.9281,178111
59.9322,178467
59.9364,178389
59.9405,178033
59.9445,177723
59.9486,178390
59.9527,178767
59.9568,178262
59.9610,178147
59.9650,178198
59.9691,178156
59.9733,177605
59.9773,178070
59.9815,178293
59.9855,178205
59.9898,178052
59.9937,178554
59.9978,178468
60.0019,178300
60.0060,178766
60.0101,178453
60.0142,178491
60.0184,177968
60.0225,178208
60.0265,178368
60.0266,178633
60.0306,178429
60.0347,178473
60.0390,178899
60.0429,178244
60.0469,178538
60.0510,178512
60.0552,177813
60.0593,178471
60.0633,178688
60.0674,178429
60.0716,178127
60.0756,178390
60.0799,178660
60.0839,178372
60.0884,178841
60.0921,177798
60.0961,179381
60.1003,178563
60.1043,178343
60.1086,178817
60.1127,178212
60.1167,178117
60.1207,177952
60.1248,177831
60.1291,177625
60.1330,177954
60.1371,177429
60.1412,177891
60.1456,177551
60.1498,177657
60.1535,177838
60.1575,178266
60.1580,177892
60.1634,177630
60.1658,177889
60.1698,178074
60.1740,178659
60.1783,178061
60.1824,178136
60.1863,178126
60.1903,178525
60.1948,178439
60.1990,178788
60.2026,177900
60.2068,178275
60.2118,177824
60.2150,178003
60.2190,178739
60.2234,178408
60.2277,178255
60.2315,178164
60.2354,178429
60.2395,178911
60.2441,177789
60.2482,178690
60.2518,178513
60.2559,178452
60.2605,178532
60.2645,178007
60.2681,177939
60.2723,178351
60.2772,178319
60.2806,178022
60.2846,178557
60.2848,178427
60.2889,178390
60.2938,178503
60.2968,178565
60.3011,177939
60.3051,177942
60.3095,177834
60.3139,178688
60.3173,178084
60.3215,178332
60.3270,178435
60.3300,178545
60.3337,178590
60.3379,178905
60.3424,178640
60.3464,178424
60.3501,178112
60.3543,178697
60.3587,178512
60.3631,178185
60.3664,177995
60.3707,178605
60.3747,178161
60.3796,178234
60.3830,178012
60.3871,177951
60.3911,177845
60.3958,177790
60.3993,178480
60.4035,178638
60.4078,177773
60.4115,177916
60.4116,178245
60.4156,178017
60.4197,178077
60.4241,178315
60.4285,177851
60.4320,178393
60.4361,178241
60.4408,177742
60.4450,177960
60.4484,178409
60.4525,177516
60.4566,177600
60.4614,178365
60.4648,178453
60.4688,177693
60.4730,178074
60.4776,178205
60.4811,178555
60.4853,178188
60.4894,177685
60.4940,177631
60.4975,177393
60.5016,177403
60.5058,177921
60.5104,177673
60.5139,177921
60.5180,177611
60.5222,177820
60.5270,177511
60.5311,177303
60.5345,177578
60.5385,177450
60.5387,178209
60.5435,178281
60.5466,178717
60.5508,178486
60.5549,178081
60.5595,178473
60.5630,178265
60.5671,178337
60.5713,178589
60.5769,178274
60.5799,177780
60.5835,178026
60.5877,177933
60.5917,177846
60.5958,177977
60.5999,177840
60.6041,177502
60.6081,177438
60.6122,177836
60.6163,177277
60.6204,177655
60.6245,177881
60.6286,178468
60.6326,178156
60.6368,177696
60.6409,178361
60.6450,178289
60.6490,178201
60.6533,177541
60.6573,178114
60.6615,178074
60.6656,177778
60.6657,178112
60.6695,178386
60.6737,178462
60.6779,178359
60.6819,178459
60.6859,177939
60.6901,177801
60.6942,177764
60.6982,178397
60.7024,177705
60.7064,178254
60.7105,178089
60.7146,177939
60.7187,177855
60.7228,178154
60.7269,177615
60.7309,177969
60.7350,178412
60.7392,177532
60.7432,177962
60.7473,177941
60.7515,178189
60.7556,177191
60.7597,178133
60.7637,178457
60.7678,177866
60.7719,177478
60.7760,177974
60.7801,177963
60.7842,177666
60.7885,178330
60.7932,178334
60.7939,178166
60.7965,177725
60.8006,177693
60.8047,178309
60.8088,178014
60.8129,178527
60.8169,178068
60.8212,177945
60.8252,178198
60.8293,178699
60.8334,177940
60.8377,178568
60.8431,178144
60.8457,178059
60.8498,178289
60.8539,178522
60.8580,177943
60.8625,178535
60.8661,178205
60.8703,178100
60.8744,178279
60.8785,178309
60.8826,178156
60.8866,178372
60.8907,178559
60.8948,178338
60.8989,178754
60.9030,178112
60.9071,177960
60.9112,178318
60.9154,178068
60.9195,178109
60.9196,177976
60.9235,178651
60.9276,178287
60.9316,178174
60.9358,178492
60.9399,178364
60.9440,177827
60.9480,178768
60.9521,178208
60.9563,177905
60.9603,178359
60.9644,177977
60.9685,178610
60.9726,178346
60.9767,178265
60.9808,178644
60.9849,178857
60.9890,178878
60.9931,178007
60.9972,178235
61.0013,177964
61.0054,178544
61.0095,178478
61.0136,178527
61.0177,178414
61.0218,178734
61.0259,177965
61.0300,178482
61.0341,178025
61.0382,177618
61.0423,177881
61.0464,177728
61.0504,178439
61.0507,178652
61.0546,177852
61.0586,178169
61.0627,177337
61.0668,178200
61.0710,177675
61.0750,178155
61.0791,178260
61.0833,177671
61.0875,177639
61.0914,178254
61.0955,177777
61.0996,178352
61.1037,177466
61.1078,177560
61.1119,177883
61.1162,178083
61.1201,177853
61.1242,178055
61.1283,177940
61.1323,178065
61.1365,178198
61.1406,178675
61.1447,178966
61.1488,178633
61.1528,178174
61.1569,178764
61.1610,178592
61.1651,179372
61.1693,178819
61.1739,179351
61.1775,178310
61.1785,178512
61.1815,178434
61.1856,178190
61.1897,178558
61.1938,179007
61.1979,178529
61.2020,178919
61.2061,179019
61.2102,178787
61.2143,178523
61.2184,179259
61.2225,179483
61.2267,179081
61.2307,178833
61.2348,178737
61.2389,178856
61.2430,178562
61.2470,178961
61.2511,177649
61.2553,178466
61.2593,177789
61.2634,178463
61.2675,178381
61.2717,178664
61.2757,178016
61.2798,178319
61.2839,178206
61.2881,178048
61.2921,178096
61.2963,177988
61.3003,177932
61.3044,178895
61.3046,178245
61.3085,179533
61.3126,178902
61.3167,178372
61.3209,178550
61.3249,178271
61.3289,178821
61.3331,178379
61.3372,178231
61.3413,178512
61.3454,178110
61.3494,178634
61.3535,178429
61.3576,178519
61.3617,179290
61.3659,178327
61.3699,178976
61.3740,178700
61.3781,178580
61.3823,178722
61.3863,178025
61.3904,178987
61.3945,178361
61.3986,178534
61.4027,178632
61.4068,178406
61.4109,178974
61.4150,178217
61.4191,178824
61.4232,178529
61.4274,178830
61.4314,178862
61.4316,178192
61.4355,179536
61.4396,179211
61.4437,178892
61.4478,178629
61.4519,178505
61.4560,178723
61.4601,178533
61.4642,178538
61.4683,178773
61.4723,179487
61.4764,178640
61.4805,178596
61.4846,178743
61.4889,179299
61.4929,178936
61.4969,178743
61.5010,178690
61.5051,178770
61.5092,178214
61.5133,178698
61.5174,178406
61.5215,179456
61.5256,178795
61.5297,178639
61.5338,178961
61.5379,179008
61.5420,178900
61.5461,179135
61.5502,178355
61.5544,178896
61.5586,179218
61.5597,178601
61.5624,178241
61.5665,178438
61.5707,178066
61.5747,178850
61.5788,178331
61.5829,178574
61.5870,178819
61.5911,178822
61.5953,179210
61.5993,179271
61.6036,178873
61.6075,179119
61.6116,179362
61.6156,178960
61.6198,178551
61.6239,178799
61.6279,177970
61.6320,177853
61.6361,178737
61.6403,178174
61.6443,178028
61.6484,178294
61.6525,178561
61.6566,178643
61.6607,178604
61.6648,178489
61.6689,178340
61.6731,178745
61.6771,178635
61.6814,178589
61.6860,178754
61.6862,179437
61.6895,178492
61.6935,178375
61.6976,178735
61.7017,178476
61.7058,179122
61.7099,178879
61.7140,178664
61.7181,178558
61.7222,178614
61.7263,178705
61.7304,178923
61.7345,178673
61.7385,178963
61.7426,178837
61.7467,178755
61.7508,177928
61.7549,178217
61.7590,178565
61.7631,178118
61.7673,178931
61.7713,178206
61.7754,178345
61.7795,178493
61.7836,177975
61.7877,178184
61.7918,178626
61.7959,178507
61.8000,178541
61.8041,178883
61.8083,179016
61.8122,179284
61.8123,178885
61.8164,178656
61.8205,178705
61.8246,178496
61.8286,178562
61.8327,178330
61.8369,178177
61.8409,178464
61.8450,178224
61.8491,178431
61.8533,178255
61.8573,178191
61.8614,178272
61.8655,178470
61.8696,177886
61.8737,177878
61.8778,178129
61.8819,178290
61.8860,178021
61.8901,177886
61.8942,178207
61.8983,178202
61.9024,177912
61.9065,177522
61.9106,178126
61.9148,177802
61.9188,178055
61.9229,178594
61.9269,178362
61.9311,177995
61.9352,178796
61.9393,177974
61.9434,177596
61.9435,178342
61.9474,178393
61.9515,177978
61.9556,178516
61.9597,178056
61.9638,178608
61.9679,177943
61.9721,178393
61.9761,178529
61.9803,178280
61.9844,178270
61.9884,177977
61.9925,177638
61.9966,178394
62.0007,178295
62.0048,179075
62.0089,178443
62.0130,178029
62.0172,178686
62.0213,178729
62.0253,178153
62.0294,178723
62.0337,178093
62.0377,178869
62.0417,178477
62.0457,178357
62.0498,178134
62.0540,177766
62.0580,178585
62.0632,177488
62.0665,178250
62.0706,178218
62.0712,177753
62.0745,178718
62.0785,179241
62.0826,178784
62.0867,178308
62.0957,177696
62.0957,178199
62.0990,177920
62.1031,178559
62.1072,178545
62.1113,178966
62.1154,178174
62.1195,178098
62.1236,178426
62.1277,178029
62.1318,178645
62.1360,178711
62.1400,178599
62.1441,178646
62.1482,178338
62.1524,178568
62.1565,178030
62.1605,178451
62.1646,177929
62.1687,178796
62.1728,177833
62.1769,178562
62.1810,178473
62.1851,178041
62.1900,177496
62.1933,178426
62.1974,178530
62.1975,178407
62.2014,178144
62.2055,178914
62.2096,177849
62.2137,178182
62.2178,178543
62.2219,178500
62.2259,178485
62.2301,178825
62.2342,178184
62.2383,178204
62.2425,177500
62.2464,178194
62.2505,178163
62.2547,177507
62.2587,178089
62.2629,178049
62.2669,177648
62.2710,177868
62.2751,177863
62.2793,178149
62.2833,177473
62.2875,177500
62.2915,177653
62.2956,177653
62.2997,178098
62.3038,177767
62.3079,178369
62.3120,177423
62.3161,178290
62.3203,177916
62.3247,177406
62.3255,177838
62.3284,177624
62.3324,177762
62.3366,177565
62.3406,178696
62.3447,178520
62.3488,177789
62.3529,176938
62.3571,178032
62.3611,177433
62.3653,178585
62.3693,178606
62.3734,178370
62.3775,178152
62.3816,177717
62.3857,177880
62.3898,178241
62.3939,177962
62.3980,178433
62.4021,178330
62.4062,177950
62.4103,177863
62.4143,178738
62.4184,178228
62.4226,178221
62.4266,177863
62.4308,177858
62.4348,177449
62.4390,177903
62.4431,178063
62.4471,178618
62.4521,178038
62.4522,178546
62.4553,178317
62.4594,178205
62.4635,178192
62.4676,178404
62.4717,178930
62.4758,178296
62.4799,178031
62.4840,178713
62.4881,177871
62.4922,178025
62.4963,178708
62.5004,177828
62.5045,178665
62.5086,177994
62.5127,177185
62.5168,177950
62.5209,178048
62.5250,178120
62.5291,177700
62.5332,177794
62.5374,177982
62.5414,178593
62.5456,178380
62.5496,177422
62.5537,177781
62.5577,177961
62.5618,177963
62.5659,178248
62.5702,178275
62.5742,178016
62.5785,178123
62.5786,178407
62.5824,178407
62.5866,178387
62.5905,178416
62.5946,178555
62.5988,178716
62.6029,178335
62.6069,177627
62.6110,178332
62.6151,178082
62.6192,178463
62.6233,177940
62.6273,178167
62.6315,178105
62.6356,178911
62.6402,178363
62.6437,177680
62.6479,177638
62.6520,178141
62.6560,178537
62.6602,178288
62.6643,177605
62.6685,177975
62.6725,178281
62.6767,178317
62.6807,177933
62.6849,178192
62.6889,178212
62.6931,178482
62.6970,178029
62.7013,178418
62.7053,178222
62.7054,178285
62.7093,178203
62.7134,177956
62.7174,178251
62.7216,178182
62.7262,177895
62.7297,178183
62.7338,178456
62.7380,178079
62.7421,178208
62.7462,178344
62.7503,178696
62.7544,178150
62.7584,178576
62.7625,178040
62.7666,178158
62.7707,178520
62.7748,178223
62.7797,178577
62.7830,178009
62.7872,178054
62.7913,178109
62.7953,178737
62.7994,179202
62.8042,178289
62.8076,178701
62.8128,178021
62.8158,177946
62.8199,178456
62.8240,178422
62.8282,178542
62.8329,177997
62.8362,177757
62.8364,178455
62.8405,178147
62.8445,178293
62.8485,177802
62.8526,177967
62.8568,177881
62.8609,178397
62.8650,177448
62.8691,178534
62.8732,178235
62.8773,178763
62.8814,178737
62.8854,178520
62.8895,178203
62.8936,177839
62.8977,178069
62.9018,178552
62.9059,178713
62.9100,178653
62.9140,178089
62.9182,177974
62.9223,178133
62.9263,177757
62.9305,178315
62.9345,178235
62.9386,178152
62.9428,178483
62.9468,178515
62.9509,177884
62.9553,178164
62.9594,177964
62.9635,178732
62.9639,178039
62.9673,178677
62.9714,178088
62.9755,177592
62.9796,178399
62.9837,178388
62.9878,178008
62.9919,177586
62.9960,177989
63.0001,178287
63.0042,177840
63.0083,177917
63.0124,177927
63.0164,177954
63.0206,177902
63.0246,178190
63.0287,177897
63.0329,178338
63.0369,178141
63.0410,178233
63.0451,178072
63.0492,177900
63.0534,178312
63.0574,178701
63.0615,178550
63.0656,178372
63.0698,178386
63.0738,178300
63.0779,177963
63.0827,178035
63.0861,178560
63.0907,178868
63.0912,177876
63.0943,178812
63.0984,178070
63.1025,177778
63.1066,178569
63.1106,178280
63.1147,177872
63.1189,178863
63.1229,178511
63.1271,178897
63.1311,178382
63.1352,178518
63.1393,178754
63.1435,178473
63.1476,178746
63.1518,178618
63.1557,178148
63.1598,178640
63.1639,179110
63.1680,178432
63.1722,178429
63.1763,177895
63.1804,178001
63.1844,178235
63.1886,178324
63.1926,178408
63.1967,177759
63.2008,178157
63.2049,177583
63.2090,177813
63.2131,178356
63.2172,178491
63.2173,178057
63.2213,178597
63.2253,178281
63.2294,178230
63.2335,178280
63.2376,178458
63.2417,179085
63.2460,178371
63.2499,178653
63.2541,178570
63.2582,178310
63.2624,178054
63.2665,178645
63.2704,178061
63.2745,178678
63.2786,178703
63.2827,178224
63.2868,178340
63.2909,178153
63.2950,178106
63.2996,177543
63.3032,177797
63.3073,178609
63.3114,177628
63.3154,178349
63.3196,178574
63.3238,178003
63.3279,178435
63.3325,178467
63.3360,178195
63.3402,178455
63.3442,177987
63.3443,178225
63.3482,178643
63.3527,177960
63.3565,178341
63.3606,178329
63.3647,178106
63.3687,178263
63.3729,178271
63.3769,178309
63.3811,178397
63.3851,178210
63.3892,178360
63.3933,178144
63.3974,178631
63.4015,178784
63.4060,177564
63.4097,178258
63.4138,177773
63.4178,178183
63.4220,177748
63.4260,178244
63.4301,178365
63.4342,178143
63.4385,177971
63.4424,178509
63.4466,178938
63.4506,178985
63.4548,177769
63.4588,178095
63.4629,178197
63.4672,178115
63.4717,178086
63.4721,178221
63.4753,178234
63.4793,177899
63.4834,177850
63.4875,177836
63.4916,177905
63.4957,178164
63.4998,178360
63.5039,178451
63.5079,178219
63.5121,177589
63.5161,178065
63.5203,178294
63.5244,177550
63.5284,177822
63.5325,177761
63.5367,177732
63.5407,178303
63.5448,177982
63.5489,178622
63.5531,178134
63.5571,177486
63.5612,178604
63.5653,177960
63.5694,177911
63.5735,177787
63.5776,178389
63.5817,177807
63.5859,178384
63.5899,177559
63.5941,178258
63.5984,178129
63.6023,178346
63.6025,178185
63.6063,178235
63.6103,177566
63.6144,178153
63.6185,177529
63.6226,177807
63.6267,177782
63.6308,178338
63.6349,177389
63.6390,177662
63.6431,177766
63.6472,178100
63.6513,177641
63.6554,177875
63.6595,177738
63.6636,177898
63.6677,178161
63.6718,177930
63.6759,177768
63.6800,178234
63.6841,177377
63.6882,177653
63.6923,177697
63.6964,178113
63.7005,177306
63.7046,177076
63.7087,177450
63.7128,177630
63.7169,177433
63.7212,177388
63.7250,177472
63.7292,177007
63.7293,177918
63.7332,177837
63.7373,177620
63.7414,177877
63.7455,177263
63.7496,177591
63.7538,177236
63.7579,177484
63.7619,177377
63.7660,177374
63.7701,178034
63.7742,178080
63.7783,177622
63.7824,177776
63.7865,177693
63.7906,177799
63.7947,177535
63.7988,177886
63.8029,177928
63.8069,178326
63.8110,178574
63.8152,177159
63.8193,177582
63.8234,178422
63.8274,178468
63.8315,177802
63.8358,177543
63.8397,178387
63.8438,178059
63.8479,178158
63.8525,177604
63.8562,177551
63.8563,177669
63.8602,178033
63.8643,178716
63.8684,178264
63.8725,177831
63.8766,178540
63.8807,177699
63.8848,178213
63.8889,178403
63.8930,178549
63.8971,178614
63.9012,178167
63.9053,177813
63.9094,178096
63.9135,178092
63.9176,178243
63.9217,178138
63.9258,178570
63.9298,178462
63.9341,178207
63.9381,178029
63.9422,178517
63.9463,178864
63.9504,177889
63.9545,178291
63.9585,177645
63.9626,177988
63.9667,177916
63.9709,178584
63.9749,178574
63.9790,178245
63.9834,178835
63.9835,178290
63.9872,178599
63.9913,178153
63.9954,177944
63.9995,178592
64.0036,178082
64.0077,178381
64.0117,178625
64.0158,178160
64.0199,177935
64.0243,178279
64.0282,177967
64.0323,178260
64.0364,178078
64.0405,178377
64.0445,178816
64.0486,178350
64.0527,178513
64.0568,178461
64.0610,177694
64.0651,177736
64.0691,178110
64.0733,178026
64.0773,178637
64.0814,178629
64.0857,178185
64.0896,178710
64.0937,177985
64.0981,178540
64.1020,177930
64.1067,177859
64.1101,178269
64.1102,178427
64.1141,178657
64.1182,177980
64.1224,177895
64.1264,177917
64.1306,179280
64.1346,178804
64.1387,178119
64.1430,177639
64.1469,177774
64.1510,177988
64.1552,178210
64.1593,178483
64.1633,178261
64.1674,178202
64.1715,177973
64.1756,178541
64.1797,178213
64.1838,178221
64.1879,178091
64.1921,178434
64.1961,178534
64.2002,177978
64.2043,177511
64.2084,178200
64.2125,178625
64.2166,178610
64.2207,178494
64.2247,178411
64.2291,178886
64.2330,178919
64.2371,178763
64.2372,178187
64.2411,179020
64.2452,178175
64.2493,178711
64.2534,178647
64.2575,178341
64.2616,179093
64.2657,178292
64.2698,178699
64.2739,178313
64.2780,178443
64.2821,179237
64.2862,178691
64.2903,178262
64.2944,178553
64.2985,179149
64.3026,178127
64.3067,178242
64.3107,178669
64.3148,179213
64.3190,178508
64.3230,178544
64.3271,177837
64.3312,178275
64.3355,178362
64.3394,177748
64.3435,178099
64.3476,178301
64.3517,177730
64.3558,178181
64.3600,178499
64.3641,177586
64.3642,178271
64.3681,177530
64.3722,178284
64.3763,178176
64.3804,178166
64.3845,177902
64.3886,178600
64.3927,178468
64.3968,178298
64.4009,178048
64.4049,178245
64.4090,178412
64.4131,178297
64.4172,178243
64.4214,178543
64.4254,178386
64.4295,178695
64.4336,178005
64.4377,178289
64.4418,178157
64.4459,177947
64.4500,178928
64.4541,178724
64.4582,178912
64.4623,178508
64.4664,179363
64.4705,178469
64.4746,178407
64.4787,178826
64.4828,178929
64.4871,178432
64.4911,178691
64.4950,178786
64.4952,178926
64.4992,178772
64.5033,178424
64.5074,178536
64.5114,178209
64.5155,178918
64.5196,178824
64.5237,178884
64.5278,178170
64.5319,178252
64.5360,177951
64.5401,179054
64.5443,178328
64.5484,178541
64.5525,179152
64.5565,179131
64.5606,178582
64.5647,178295
64.5688,178419
64.5729,179298
64.5770,178415
64.5811,178839
64.5859,178234
64.5894,178552
64.5934,178898
64.5976,178055
64.6023,178520
64.6057,178822
64.6098,178296
64.6140,177990
64.6179,178249
64.6222,178098
64.6232,178264
64.6261,178273
64.6303,178750
64.6345,178051
64.6384,178482
64.6425,178383
64.6467,178805
64.6507,178744
64.6548,178891
64.6589,178503
64.6630,178723
64.6671,178327
64.6713,178808
64.6753,178964
64.6794,178521
64.6835,178814
64.6876,178211
64.6917,178104
64.6958,178324
64.6999,178985
64.7040,178889
64.7081,178621
64.7122,178534
64.7162,177658
64.7204,178179
64.7245,178521
64.7285,179231
64.7326,178411
64.7367,178589
64.7416,178604
64.7450,178587
64.7491,178761
64.7492,178734
64.7532,178591
64.7573,178379
64.7613,178444
64.7655,178779
64.7695,178163
64.7736,178824
64.7777,178951
64.7818,178555
64.7859,178404
64.7900,178723
64.7941,178581
64.7982,178411
64.8028,178183
64.8063,178940
64.8104,178637
64.8145,178329
64.8187,178486
64.8228,178850
64.8269,178613
64.8310,178719
64.8351,178503
64.8391,178955
64.8433,179062
64.8473,178725
64.8515,179040
64.8555,178594
64.8596,178361
64.8637,178623
64.8678,178328
64.8720,178843
64.8760,177916
64.8762,178545
64.8801,178394
64.8842,178685
64.8883,178830
64.8924,178874
64.8966,179243
64.9006,178133
64.9047,178688
64.9088,178276
64.9128,178755
64.9169,179280
64.9211,178776
64.9251,178701
64.9292,178731
64.9333,178692
64.9374,178378
64.9415,178925
64.9456,179245
64.9497,179325
64.9538,178649
64.9579,178555
64.9620,178389
64.9661,178114
64.9702,178088
64.9743,178246
64.9784,178621
64.9825,178648
64.9866,178408
64.9908,178508
64.9948,178570
64.9990,177876
65.0031,177867
65.0032,178183
65.0070,177743
65.0111,177915
65.0152,178437
65.0194,178546
65.0234,178816
65.0275,179589
65.0316,178736
65.0357,178546
65.0398,178199
65.0439,178876
65.0480,178555
65.0522,179418
65.0562,178342
65.0603,178960
65.0644,178736
65.0685,179012
65.0726,178711
65.0767,178865
65.0808,179046
65.0851,178820
65.0890,178757
65.0931,178667
65.0972,179003
65.1013,178706
65.1053,178455
65.1094,179068
65.1135,178534
65.1176,178443
65.1218,178793
65.1260,179226
65.1304,179214
65.1310,178442
65.1340,178318
65.1381,178882
65.1422,178798
65.1463,178048
65.1504,178193
65.1545,178246
65.1586,178381
65.1627,178581
65.1668,177912
65.1709,178143
65.1750,178187
65.1791,178510
65.1832,177911
65.1873,177843
65.1914,177953
65.1955,178608
65.1996,177646
65.2037,177935
65.2078,178153
65.2118,178314
65.2159,178277
65.2200,178212
65.2242,178756
65.2283,178491
65.2324,178601
65.2364,178930
65.2406,178751
65.2446,178815
65.2488,178929
65.2530,179504
65.2572,178626
65.2611,178754
65.2613,178165
65.2651,177853
65.2693,178460
65.2734,178491
65.2774,178761
65.2815,178488
65.2856,178343
65.2897,178654
65.2938,178286
65.2979,178663
65.3020,178749
65.3061,178819
65.3101,178962
65.3142,178168
65.3183,177891
65.3225,178670
65.3272,178995
65.3306,178426
65.3348,178020
65.3388,178113
65.3430,178192
65.3471,178032
65.3513,178026
65.3553,178083
65.3593,178579
65.3634,178552
65.3675,178099
65.3716,178594
65.3757,177763
65.3800,178635
65.3842,177763
65.3851,177871
65.3880,178482
65.3921,178290
65.3962,178450
65.4002,177254
65.4044,178270
65.4085,177908
65.4126,177929
65.4167,178201
65.4210,178047
65.4249,177864
65.4289,177560
65.4331,178498
65.4372,178654
65.4413,178684
65.4453,178367
65.4495,178649
65.4536,178647
65.4577,178448
65.4617,178136
65.4658,178539
65.4699,178842
65.4740,178853
65.4781,179044
65.4823,178404
65.4863,178780
65.4904,178912
65.4945,178772
65.4986,178658
65.5027,178498
65.5071,178317
65.5111,178188
65.5153,178336
65.5154,178347
65.5191,178663
65.5232,178817
65.5273,178484
65.5314,178179
65.5355,177878
65.5395,178504
65.5437,178814
65.5477,178908
65.5519,178544
65.5559,178428
65.5600,178502
65.5641,178506
65.5684,178602
65.5723,178552
65.5764,178452
65.5805,178566
65.5847,178665
65.5887,178796
65.5928,178848
65.5969,178197
65.6011,178102
65.6051,177907
65.6091,178577
65.6139,178959
65.6173,178686
65.6215,178513
65.6255,178482
65.6296,179166
65.6338,178189
65.6379,177922
65.6419,177977
65.6424,178055
65.6460,178135
65.6501,177993
65.6542,178401
65.6583,178513
65.6624,177656
65.6665,177985
65.6706,178463
65.6747,178141
65.6788,178127
65.6829,178878
65.6870,178264
65.6911,178189
65.6952,178875
65.6993,178286
65.7034,178276
65.7075,178448
65.7115,177263
65.7156,178249
65.7197,177811
65.7238,177989
65.7279,177875
65.7320,178212
65.7362,177732
65.7402,178172
65.7443,177961
65.7484,178149
65.7525,177504
65.7566,178329
65.7608,178040
65.7649,177929
65.7690,177858
65.7691,177724
65.7730,178289
65.7771,177760
65.7812,177972
65.7853,177606
65.7894,177453
65.7935,177684
65.7976,177714
65.8017,178214
65.8058,177862
65.8098,177799
65.8139,177689
65.8181,178120
65.8221,177235
65.8262,177958
65.8304,177731
65.8347,177665
65.8386,177762
65.8427,177688
65.8467,177844
65.8509,178052
65.8549,177641
65.8590,177587
65.8632,178743
65.8672,178180
65.8722,178910
65.8754,178149
65.8795,178505
65.8836,177737
65.8877,178418
65.8920,178155
65.8958,177952
65.8959,177981
65.9000,178306
65.9041,177893
65.9081,177693
65.9123,178365
65.9164,177875
65.9206,178947
65.9249,177579
65.9286,178153
65.9327,178336
65.9368,178144
65.9409,178131
65.9450,178731
65.9492,177704
65.9533,178263
65.9574,178173
65.9615,178310
65.9656,178220
65.9696,178684
65.9737,178004
65.9778,178445
65.9819,178186
65.9860,178378
65.9902,177671
65.9941,178818
65.9983,178461
66.0024,178151
66.0065,178143
66.0105,178965
66.0147,178908
66.0189,178317
66.0229,178818
66.0230,178515
66.0269,178556
66.0310,178048
66.0351,178015
66.0392,177820
66.0433,178466
66.0474,178231
66.0516,178622
66.0556,178712
66.0597,178208
66.0638,178642
66.0680,178072
66.0720,178065
66.0761,178535
66.0802,178644
66.0845,178009
66.0884,178187
66.0925,178228
66.0966,177969
66.1007,177815
66.1048,178231
66.1088,177886
66.1129,178408
66.1170,178961
66.1211,178795
66.1252,177864
66.1293,178228
66.1334,178136
66.1375,178352
66.1416,178400
66.1458,178502
66.1498,178122
66.1539,177890
66.1551,178450
66.1580,178222
66.1621,178640
66.1662,178235
66.1703,178555
66.1744,178575
66.1785,178619
66.1826,178750
66.1867,178389
66.1908,178547
66.1949,178114
66.1990,178261
66.2031,178035
66.2071,178314
66.2112,178758
66.2153,178199
66.2194,178358
66.2235,178355
66.2276,178325
66.2317,178132
66.2358,178289
66.2399,178070
66.2440,178168
66.2481,177803
66.2522,178083
66.2563,178604
66.2604,178582
66.2645,178317
66.2686,178084
66.2728,178920
66.2770,178194
66.2812,178444
66.2814,177606
66.2850,178360
66.2890,178497
66.2932,178280
66.2973,178434
66.3014,178000
66.3055,178031
66.3095,178227
66.3136,178661
66.3178,177626
66.3219,178063
66.3259,177744
66.3300,178304
66.3344,178353
66.3382,177797
66.3423,178047
66.3464,178196
66.3505,177813
66.3546,177576
66.3587,177650
66.3628,177344
66.3669,177718
66.3710,178227
66.3751,178161
66.3793,178303
66.3833,178498
66.3874,177716
66.3915,178077
66.3956,177744
66.4002,177888
66.4038,178318
66.4086,177488
66.4091,177298
66.4120,177318
66.4161,178127
66.4201,178541
66.4245,178917
66.4283,178618
66.4324,178774
66.4365,178815
66.4406,178360
66.4448,178298
66.4488,177914
66.4530,178246
66.4570,177740
66.4611,177964
66.4653,178131
66.4693,178018
66.4734,177757
66.4775,177976
66.4818,177947
66.4888,177986
66.4907,178502
66.4978,177758
66.4984,178019
66.5021,177636
66.5072,178042
66.5109,177909
66.5143,177430
66.5185,178157
66.5230,178711
66.5267,178273
66.5308,178371
66.5349,178218
66.5351,178500
66.5393,178734
66.5436,178606
66.5471,178042
66.5515,178648
66.5555,178284
66.5598,178030
66.5636,178440
66.5676,178283
66.5725,178457
66.5759,178092
66.5799,178451
66.5840,178640
66.5890,177635
66.5925,178570
66.5963,178851
66.6005,177977
66.6054,177554
66.6088,178449
66.6127,178387
66.6168,178621
66.6226,178390
66.6252,178101
66.6290,178837
66.6331,177622
66.6393,178027
66.6419,178550
66.6454,177892
66.6496,178082
66.6562,177439
66.6577,178181
66.6620,178638
66.6621,178130
66.6659,177513
66.6700,177131
66.6744,177601
66.6782,178301
66.6823,178263
66.6866,178758
66.6912,178448
66.6954,178520
66.6992,178633
66.7028,178178
66.7072,178115
66.7116,178478
66.7150,178748
66.7192,178411
66.7240,178373
66.7282,178336
66.7314,178411
66.7356,178541
66.7401,178158
66.7437,177740
66.7478,178498
66.7520,178051
66.7570,178128
66.7607,177881
66.7649,178463
66.7683,178464
66.7727,177999
66.7772,178115
66.7807,178269
66.7847,178266
66.7892,178446
66.7897,178542
66.7930,178137
66.7969,177975
66.8012,178439
66.8058,178526
66.8098,178441
66.8133,178615
66.8177,178283
66.8224,178318
66.8262,178013
66.8298,177621
66.8339,178207
66.8392,178256
66.8430,177824
66.8461,177905
66.8503,178089
66.8557,178338
66.8591,178260
66.8625,177995
66.8666,177571
66.8723,177459
66.8755,177584
66.8791,178621
66.8830,178064
66.8893,178124
66.8918,178267
66.8958,178103
66.8994,178292
66.9051,178126
66.9084,178034
66.9116,178089
66.9158,178193
66.9159,177916
66.9218,178105
66.9244,178404
66.9280,177999
66.9321,178376
66.9373,178763
66.9410,178380
66.9444,178504
66.9485,178387
66.9527,178449
66.9574,179133
66.9611,178274
66.9649,178213
66.9691,178614
66.9739,178303
66.9776,178380
66.9813,178335
66.9854,178425
66.9899,178505
66.9941,179169
66.9977,178401
67.0019,178528
67.0064,178349
67.0106,178167
67.0141,178241
67.0185,178391
67.0228,178621
67.0272,178598
67.0305,178693
67.0346,178675
67.0402,178755
67.0429,178571
67.0433,178562
67.0469,178528
67.0510,178596
67.0568,178446
67.0595,177574
67.0638,178618
67.0675,178328
67.0726,177903
67.0758,178216
67.0796,177787
67.0838,178213
67.0896,177746
67.0927,177992
67.0960,177930
67.1001,178658
67.1050,178251
67.1088,178050
67.1123,178613
67.1164,178304
67.1220,178456
67.1255,178744
67.1287,178515
67.1328,178100
67.1381,178396
67.1416,178114
67.1451,178710
67.1492,178311
67.1556,179190
67.1585,178536
67.1615,178709
67.1657,178573
67.1714,178392
67.1737,178181
67.1738,178184
67.1779,178035
67.1820,178248
67.1861,178321
67.1911,178374
67.1947,178150
67.1992,178372
67.2025,178125
67.2074,178289
67.2107,178207
67.2147,177511
67.2189,178575
67.2237,178648
67.2276,178412
67.2311,177845
67.2354,178195
67.2401,178485
67.2440,177887
67.2475,178764
67.2517,178049
67.2566,178308
67.2601,178148
67.2639,177765
67.2681,178675
67.2729,177897
67.2766,178068
67.2813,178570
67.2844,178017
67.2905,179092
67.2936,178597
67.2974,178655
67.3009,178464
67.3011,178310
67.3052,178135
67.3096,177942
67.3130,178659
67.3172,178346
67.3223,178042
67.3259,178657
67.3294,178680
67.3336,178205
67.3391,178321
67.3419,178576
67.3458,178312
67.3500,178309
67.3552,178420
67.3588,178503
67.3623,178156
67.3663,178379
67.3724,178225
67.3750,178416
67.3792,178779
67.3827,178329
67.3888,178159
67.3913,178665
67.3950,178158
67.3991,178140
67.4052,179055
67.4078,178630
67.4116,178342
67.4155,178312
67.4217,178096
67.4239,177947
67.4278,178158
67.4279,178604
67.4318,178548
67.4360,177876
67.4403,177995
67.4445,177824
67.4483,178445
67.4524,178285
67.4571,177558
67.4614,177693
67.4653,178012
67.4688,177836
67.4735,178222
67.4773,178095
67.4814,178220
67.4851,177632
67.4904,178208
67.4940,178278
67.4975,178358
67.5017,178490
67.5063,177916
67.5104,178977
67.5143,178753
67.5179,178488
67.5228,177893
67.5265,178185
67.5309,178313
67.5344,178337
67.5393,178238
67.5432,178184
67.5466,178088
67.5508,178402
67.5562,178407
67.5574,178088
67.5593,178320
67.5630,178865
67.5679,178006
67.5730,178324
67.5758,178727
67.5793,177872
67.5836,178532
67.5904,178036
67.5925,178255
67.5963,178366
67.6001,178060
67.6062,177839
67.6088,178414
67.6120,178436
67.6161,178639
67.6220,178802
67.6246,178842
67.6284,178551
67.6325,178469
67.6395,178262
67.6409,178238
67.6453,178500
67.6489,178260
67.6549,178289
67.6574,178470
67.6613,178078
67.6653,178258
67.6703,177969
67.6736,178495
67.6777,178286
67.6817,178728
67.6818,177982
67.6858,177939
67.6905,178005
67.6940,178021
67.6981,178358
67.7022,178203
67.7066,178431
67.7110,178677
67.7144,178134
67.7186,178375
67.7232,178299
67.7275,177706
67.7309,178023
67.7351,178538
67.7402,178585
67.7438,178751
67.7473,178529
67.7513,177806
67.7562,178448
67.7606,178392
67.7636,178510
67.7680,178357
67.7727,178039
67.7767,177755
67.7800,178220
67.7842,178323
67.7897,178104
67.7927,177873
67.7977,178130
67.8006,178091
67.8049,177932
67.8087,178245
67.8088,178420
67.8127,177442
67.8169,177332
67.8226,177810
67.8257,178010
67.8292,177842
67.8333,177665
67.8384,178070
67.8423,177599
67.8455,177442
67.8496,177499
67.8549,177670
67.8586,177986
67.8619,177936
67.8660,178596
67.8721,177773
67.8751,177623
67.8783,178109
67.8824,177960
67.8882,177819
67.8909,178196
67.8947,177631
67.8987,177944
67.9046,178038
67.9076,178327
67.9111,178560
67.9151,178053
67.9218,178249
67.9235,178626
67.9281,178452
67.9316,177813
67.9366,177420
67.9397,177473
67.9406,177868
67.9438,177498
67.9479,177742
67.9521,178484
67.9590,177835
67.9603,177372
67.9644,177746
67.9685,177471
67.9734,177642
67.9774,177766
67.9807,177929
67.9848,177658
67.9896,177932
67.9929,178548
67.9970,178258
68.0012,178620
68.0057,178126
68.0094,178258
68.0134,178306
68.0176,178210
68.0228,177732
68.0257,177789
68.0298,178354
68.0341,178441
68.0389,178208
68.0426,178553
68.0462,178061
68.0504,177920
68.0547,178194
68.0586,178510
68.0629,177922
68.0673,177880
68.0680,177230
68.0725,177983
68.0753,177437
68.0790,178230
68.0835,177492
68.0905,177810
68.0918,177265
68.0954,177464
68.0997,177973
68.1062,177314
68.1086,178494
68.1122,177897
68.1159,177932
68.1239,177953
68.1248,177643
68.1285,177610
68.1323,178431
68.1382,177825
68.1413,178233
68.1445,178072
68.1487,178056
68.1552,178346
68.1572,177900
68.1614,177683
68.1650,177565
68.1711,177903
68.1736,178540
68.1780,177280
68.1814,177796
68.1856,177116
68.1903,177705
68.1939,177849
68.1940,177541
68.1978,177457
68.2019,177898
68.2068,177228
68.2105,177529
68.2141,177424
68.2183,177181
68.2227,177595
68.2267,177578
68.2309,177081
68.2347,177366
68.2395,177744
68.2434,178423
68.2469,177306
68.2511,177682
68.2558,176696
68.2596,177382
68.2638,177861
68.2675,177984
68.2717,178343
68.2763,177643
68.2797,177520
68.2839,177968
68.2887,177900
68.2924,177318
68.2965,177279
68.3002,177739
68.3054,177683
68.3092,177480
68.3128,177634
68.3166,178057
68.3212,177179
68.3213,177865
68.3253,177328
68.3293,177841
68.3329,176841
68.3380,177945
68.3415,177834
68.3452,177101
68.3494,177936
68.3550,177360
68.3582,177143
68.3616,176812
68.3657,177811
68.3724,177100
68.3746,177292
68.3780,177687
68.3822,177801
68.3891,177811
68.3908,177715
68.3943,177523
68.3985,177606
68.4048,177778
68.4077,177467
68.4108,177205
68.4149,177724
68.4218,178111
68.4238,177688
68.4271,177761
68.4313,177838
68.4379,177323
68.4402,177244
68.4437,178096
68.4478,178318
68.4479,178838
68.4552,178126
68.4563,178110
68.4604,177687
68.4642,178317
68.4681,177628
68.4723,178188
68.4765,178052
68.4809,177730
68.4845,178575
68.4891,178110
68.4930,178180
68.4970,178432
68.5009,178510
68.5055,178445
68.5095,177969
68.5136,178250
68.5173,178628
68.5224,177978
68.5261,178258
68.5300,178041
68.5337,176670
68.5388,178035
68.5424,178553
68.5465,177774
68.5506,177428
68.5565,178048
68.5585,178501
68.5629,177928
68.5664,177666
68.5712,177897
68.5746,177047
68.5748,178114
68.5787,177526
68.5829,177618
68.5880,177532
68.5914,177717
68.5958,178191
68.5993,177810
68.6050,178403
68.6080,177983
68.6122,178154
68.6155,177935
68.6215,178450
68.6246,177863
68.6278,178287
68.6322,177509
68.6367,177681
68.6407,177917
68.6448,178765
68.6488,177855
68.6552,178285
68.6571,177866
68.6607,177893
68.6647,178372
68.6728,177777
68.6732,178450
68.6778,177592
68.6811,177905
68.6880,177714
68.6899,177509
68.6940,178406
68.6976,177810
68.7016,177779
68.7057,177825
68.7065,178047
68.7099,178090
68.7138,178010
68.7180,178173
68.7227,177532
68.7273,177766
68.7303,177922
68.7344,177763
68.7391,178201
68.7427,178135
68.7466,177412
68.7507,178225
68.7557,177886
68.7595,177626
68.7630,177600
68.7671,177799
68.7718,178055
68.7758,177600
68.7794,177914
68.7837,177357
68.7883,177842
68.7920,178134
68.7958,177706
68.7999,178072
68.8055,178385
68.8088,177952
68.8127,177854
68.8163,177864
68.8207,177887
68.8246,177520
68.8286,177685
68.8326,177353
68.8328,177802
68.8383,177638
68.8414,177622
68.8449,178126
68.8491,178224
68.8545,177869
68.8580,177942
68.8613,177633
68.8653,178166
68.8711,178061
68.8742,178355
68.8785,177905
68.8818,178130
68.8883,178022
68.8905,178439
68.8941,178754
68.8982,178510
68.9048,178153
68.9068,178349
68.9105,178931
68.9145,178524
68.9209,178044
68.9235,177802
68.9268,178141
68.9309,178030
68.9371,178334
68.9399,178019
68.9433,178182
68.9473,178185
68.9515,177847
68.9556,178203
68.9596,178219
68.9597,177837
68.9637,178166
68.9679,178640
68.9727,178606
68.9767,178364
68.9801,177693
68.9842,178466
68.9893,178035
68.9930,178047
68.9965,178025
69.0006,178103
69.0049,177495
69.0094,177801
69.0129,178217
69.0170,178715
69.0214,177889
69.0261,178067
69.0301,178207
69.0334,178397
69.0381,178705
69.0421,178232
69.0456,178710
69.0500,178658
69.0551,178848
69.0586,178303
69.0620,178153
69.0661,177699
69.0715,178333
69.0746,178135
69.0789,178057
69.0825,178482
69.0868,177501
69.0877,178155
69.0911,178219
69.0954,178444
69.0994,177805
69.1048,178033
69.1075,178132
69.1111,177742
69.1152,177424
69.1207,177548
69.1239,178710
69.1275,177922
69.1316,178609
69.1376,178473
69.1406,178692
69.1439,178161
69.1480,177988
69.1539,178048
69.1571,178036
69.1603,178114
69.1644,178289
69.1707,178218
69.1730,178388
69.1770,178221
69.1809,178057
69.1875,177985
69.1899,178267
69.1934,178087
69.1971,178154
69.2013,178398
69.2060,177895
69.2096,178134
69.2136,177723
69.2137,177917
69.2176,177652
69.2226,177894
69.2264,177786
69.2305,177679
69.2341,178540
69.2389,178420
69.2423,177904
69.2463,177808
69.2505,177533
69.2555,178129
69.2589,177793
69.2627,177513
69.2669,177962
69.2713,177867
69.2754,177690
69.2791,178191
69.2832,177185
69.2886,178071
69.2921,178553
69.2955,178263
69.2996,178714
69.3062,177708
69.3087,178543
69.3118,178630
69.3160,177907
69.3213,178227
69.3248,178046
69.3285,177936
69.3324,178169
69.3385,177626
69.3406,177911
69.3411,179209
69.3450,178282
69.3489,177533
69.3552,177795
69.3574,177846
69.3616,177852
69.3651,177668
69.3708,178166
69.3740,178377
69.3774,177949
69.3814,178498
69.3869,178053
69.3903,177144
69.3938,177995
69.3978,177468
69.4035,177885
69.4067,177589
69.4102,177652
69.4142,178483
69.4211,177981
69.4227,178046
69.4272,178503
69.4306,177987
69.4371,177854
69.4392,177667
69.4429,177979
69.4470,178175
69.4522,177921
69.4559,177802
69.4598,178104
69.4635,177878
69.4675,178050
69.4716,178476
69.4721,178115
69.4756,178397
69.4798,178329
69.4839,177822
69.4885,178307
69.4920,178187
69.4961,178583
69.5003,177693
69.5050,178310
69.5084,178049
69.5125,177803
69.5167,178410
69.5215,178159
69.5249,178438
69.5289,178093
69.5331,178026
69.5377,178156
69.5415,178184
69.5453,178205
69.5495,178137
69.5537,178719
69.5581,178460
69.5620,177765
69.5658,178105
69.5712,177539
69.5744,178392
69.5781,178131
69.5832,178600
69.5874,178147
69.5904,177946
69.5945,177951
69.5985,177643
69.5987,177829
69.6039,178135
69.6072,178071
69.6111,178601
69.6149,178079
69.6210,177579
69.6235,177503
69.6277,177915
69.6320,178163
69.6374,178189
69.6401,177614
69.6441,178448
69.6477,177996
69.6535,178071
69.6566,178063
69.6609,177808
69.6641,178001
69.6701,178411
69.6727,177779
69.6767,178012
69.6808,178061
69.6846,177881
69.6898,177571
69.6935,178293
69.6969,178472
69.7010,178232
69.7058,177878
69.7097,178204
69.7137,178453
69.7176,178193
69.7218,177854
69.7256,178069
69.7257,178743
69.7296,178206
69.7337,178171
69.7389,177814
69.7419,178526
69.7460,178428
69.7501,178321
69.7546,178187
69.7587,177669
69.7627,178098
69.7665,178016
69.7719,177487
69.7747,177877
69.7788,178132
69.7829,177352
69.7881,178197
69.7914,178187
69.7958,178722
69.7993,177311
69.8054,177682
69.8078,178110
69.8126,177411
69.8157,177877
69.8218,177355
69.8248,177917
69.8285,177928
69.8321,177515
69.8375,178001
69.8408,178083
69.8447,177914
69.8486,178641
69.8542,177759
69.8546,178504
69.8570,178202
69.8616,177608
69.8648,177725
69.8703,178153
69.8737,178739
69.8778,177269
69.8817,178092
69.8869,178062
69.8903,177942
69.8934,178609
69.8976,177588
69.9041,178654
69.9061,178295
69.9102,178234
69.9143,178332
69.9190,178102
69.9223,178023
69.9269,178788
69.9303,178193
69.9345,178240
69.9389,177932
69.9429,178253
69.9475,178656
69.9508,178446
69.9559,177981
69.9597,178688
69.9631,178452
69.9672,177934
69.9718,178371
69.9755,177492
69.9796,177795
69.9797,178104
69.9838,178074
69.9886,177577
69.9921,177694
69.9959,178062
70.0001,177697
70.0043,177842
70.0085,178225
70.0127,178016
70.0164,178318
70.0215,177644
70.0251,178033
70.0292,177600
70.0329,178082
70.0380,178235
70.0414,177523
70.0453,178414
70.0493,177628
70.0543,178472
70.0579,178216
70.0614,177687
70.0655,178607
70.0708,177836
70.0739,178181
70.0787,177791
70.0826,177790
70.0873,178001
70.0907,178031
70.0943,177915
70.0983,177397
70.1038,178138
70.1066,178262
70.1067,178325
70.1106,177767
70.1147,178274
70.1206,178389
70.1234,178219
70.1269,178353
70.1311,177632
70.1366,177375
70.1401,177773
70.1433,177268
70.1474,177327
70.1550,177693
70.1561,178260
70.1604,178137
70.1638,177997
70.1699,178435
70.1726,178317
70.1764,178348
70.1802,178115
70.1875,177540
70.1891,178533
70.1924,178447
70.1965,178049
70.2010,178111
70.2054,178078
70.2088,178147
70.2130,177741
70.2170,178892
70.2218,178449
70.2260,178978
70.2295,178224
70.2336,178088
70.2375,178003
70.2384,177850
70.2416,178092
70.2457,178377
70.2498,178514
70.2547,178260
70.2590,177893
70.2628,178046
70.2663,177839
70.2710,177476
70.2752,177938
70.2784,178051
70.2828,177386
70.2875,177467
70.2914,177981
70.2948,177916
70.2991,177838
70.3048,178196
70.3079,177635
70.3113,178000
70.3156,177778
70.3210,177646
70.3246,177684
70.3276,178015
70.3318,176906
70.3385,177601
70.3407,177125
70.3454,177288
70.3483,177052
70.3544,177105
70.3563,177563
70.3605,177653
70.3644,177186
70.3648,176869
70.3705,177350
70.3730,177509
70.3769,177455
70.3810,177167
70.3869,177249
70.3896,177516
70.3931,178043
70.3973,177956
70.4038,177046
70.4065,177028
70.4095,177150
70.4136,177670
70.4214,177443
70.4228,178045
70.4259,177407
70.4300,177047
70.4373,177685
70.4387,177199
70.4427,177521
70.4464,177788
70.4525,177720
70.4551,177546
70.4587,177149
70.4628,177673
70.4670,177126
70.4717,177222
70.4757,177258
70.4792,176823
70.4835,177339
70.4876,177473
70.4916,176954
70.4917,177815
70.4955,177385
70.4997,176956
70.5041,177123
70.5090,177704
70.5119,177971
70.5160,177149
70.5211,178228
70.5243,177556
70.5284,177880
70.5326,177151
70.5373,177342
70.5412,177200
70.5447,177340
70.5489,177644
70.5537,178255
70.5574,177484
70.5610,178109
70.5652,178286
70.5707,178280
70.5739,178554
70.5775,178159
70.5816,178051
70.5861,178441
70.5904,177717
70.5938,177276
70.5980,177802
70.6030,177713
70.6068,178103
70.6103,177093
70.6144,177872
70.6195,177938
70.6204,178359
70.6234,178516
70.6266,178099
70.6307,177968
70.6377,177753
70.6391,177881
70.6437,177276
70.6471,177767
70.6533,177605
70.6560,177810
70.6594,177341
70.6635,177878
70.6693,178060
70.6724,177970
70.6758,177859
70.6799,177514
70.6861,178762
70.6887,178161
70.6921,177907
70.6962,177878
70.7015,177310
70.7052,177415
70.7090,177596
70.7126,177806
70.7168,177389
70.7215,178062
70.7249,177621
70.7290,177700
70.7331,177528
70.7381,177450
70.7414,177604
70.7455,177311
70.7456,177395
70.7495,178169
70.7546,177655
70.7584,177785
70.7618,177148
70.7659,177886
70.7708,177555
70.7748,177682
70.7781,177660
70.7823,178054
70.7870,177894
70.7908,178323
70.7953,177801
70.7987,177933
70.8039,177788
70.8075,178236
70.8109,177709
70.8151,178157
70.8203,178135
70.8236,177786
70.8274,178554
70.8315,177675
70.8384,178181
70.8406,178311
70.8437,177759
70.8478,178195
70.8536,178504
70.8562,178139
70.8601,177885
70.8642,177912
70.8684,177983
70.8725,178419
70.8726,178624
70.8765,178514
70.8806,178648
70.8866,178328
70.8894,178628
70.8934,178884
70.8969,177652
70.9028,178003
70.9057,177425
70.9097,178088
70.9133,177996
70.9195,178320
70.9221,177642
70.9262,177964
70.9297,178025
70.9370,177954
70.9388,177785
70.9423,178243
70.9461,177967
70.9503,177936
70.9554,177696
70.9591,177822
70.9626,178212
70.9666,178045
70.9717,178002
70.9755,178345
70.9789,177999
70.9831,178077
70.9880,178402
70.9917,178259
70.9953,178522
70.9995,178490
71.0036,177215
71.0041,178916
71.0084,178248
71.0122,177817
71.0159,178460
71.0206,178744
71.0242,177924
71.0288,178403
71.0322,178159
71.0370,178132
71.0406,178231
71.0444,178370
71.0487,178493
71.0527,178247
71.0570,177884
71.0608,177800
71.0651,178211
71.0692,178242
71.0737,177619
71.0772,177872
71.0813,178539
71.0859,178157
71.0901,177881
71.0936,178303
71.0977,178441
71.1033,178131
71.1062,178081
71.1099,178205
71.1140,178404
71.1191,177748
71.1223,178167
71.1264,178303
71.1304,177786
71.1305,178504
71.1357,177899
71.1394,178451
71.1427,178684
71.1468,178281
71.1531,178380
71.1553,177960
71.1591,177549
71.1632,177772
71.1673,177926
71.1718,178055
71.1755,178321
71.1795,178157
71.1858,178093
71.1887,178825
71.1918,177909
71.1959,178387
71.2003,177993
71.2046,178318
71.2083,177930
71.2123,178191
71.2165,177841
71.2208,177921
71.2248,177263
71.2287,178228
71.2329,178879
71.2373,178303
71.2410,178010
71.2451,178232
71.2494,178188
71.2535,178397
71.2574,177862
71.2575,178265
71.2615,178220
71.2656,177705
71.2700,177907
71.2742,178147
71.2779,178713
71.2822,178108
71.2871,178449
71.2906,178443
71.2942,177638
71.2985,177945
71.3032,177944
71.3073,178299
71.3110,178176
71.3147,178133
71.3201,178247
71.3238,178201
71.3270,178338
71.3311,178152
71.3359,178104
71.3401,177999
71.3440,178311
71.3477,177888
71.3535,178265
71.3564,178156
71.3605,178171
71.3643,178216
71.3698,178217
71.3726,178062
71.3763,178183
71.3803,177784
71.3853,177409
71.3873,178262
71.3897,178174
71.3925,178014
71.3966,178107
71.4025,177587
71.4060,177721
71.4093,178591
71.4130,177970
71.4191,178453
71.4219,178215
71.4253,177815
71.4294,178022
71.4362,178473
71.4382,178834
71.4417,177514
71.4458,178308
71.4503,177846
71.4543,177373
71.4584,177684
71.4622,178507
71.4663,177684
71.4713,177952
71.4748,178518
71.4789,177902
71.4827,177946
71.4873,177812
71.4908,178481
71.4949,178091
71.4993,177630
71.5036,177584
71.5073,178208
71.5114,178463
71.5115,178052
71.5155,177739
71.5203,177810
71.5237,177135
71.5278,177700
71.5320,177782
71.5379,177991
71.5408,177685
71.5447,177933
71.5485,177656
71.5527,177883
71.5568,177970
71.5611,177870
71.5646,178043
71.5708,178203
71.5736,178525
71.5769,178117
71.5810,177889
71.5861,178196
71.5898,177574
71.5939,178111
71.5974,177717
71.6028,178621
71.6063,177939
71.6100,178674
71.6141,177597
71.6187,178240
71.6223,177722
71.6260,178123
71.6301,178100
71.6344,177858
71.6383,178544
71.6384,178309
71.6425,178563
71.6465,177511
71.6535,178407
71.6553,178584
71.6587,178546
71.6630,178435
71.6671,179052
71.6720,178292
71.6751,177929
71.6793,178844
71.6834,178030
71.6879,177965
71.6915,178627
71.6956,178310
71.7032,178293
71.7045,177402
71.7079,177950
71.7121,178505
71.7162,178197
71.7219,178250
71.7256,177861
71.7285,178374
71.7325,177647
71.7372,177502
71.7407,177815
71.7449,178073
71.7490,178400
71.7537,177277
71.7576,177460
71.7614,178298
71.7654,177533
71.7655,177768
71.7702,178120
71.7740,177942
71.7775,178227
71.7819,177502
71.7861,178100
71.7905,178692
71.7939,178349
71.7981,177559
71.8022,177816
71.8067,177594
71.8104,177802
71.8146,177491
71.8196,178148
71.8237,177907
71.8268,177929
71.8308,177306
71.8367,177997
71.8397,178679
71.8431,177938
71.8473,178501
71.8530,177645
71.8559,177600
71.8595,178078
71.8637,177987
71.8688,178819
71.8720,177913
71.8759,177786
71.8801,177903
71.8866,178268
71.8882,178282
71.8923,178362
71.8924,177710
71.8964,178174
71.9028,177724
71.9051,178642
71.9086,178397
71.9128,178231
71.9199,178068
71.9215,177920
71.9250,178210
71.9292,178760
71.9358,178336
71.9376,178552
71.9418,178400
71.9455,178523
71.9519,177775
71.9546,177893
71.9578,178816
71.9620,177676
71.9660,178241
71.9703,177724
71.9741,178017
71.9783,178224
71.9824,178925
71.9876,178110
71.9911,178373
71.9947,177848
71.9990,178094
72.0036,178348
72.0076,177553
72.0111,178166
72.0152,177646
72.0194,178851
72.0200,178593
72.0233,178532
72.0274,178297
72.0316,177951
72.0364,178267
72.0402,177840
72.0438,177996
72.0480,178584
72.0543,178445
72.0568,178027
72.0603,178161
72.0645,177558
72.0701,178501
72.0737,178023
72.0766,177613
72.0807,177903
72.0868,178370
72.0899,177995
72.0929,178334
72.0972,178711
72.1032,178420
72.1062,178439
72.1094,178076
72.1134,178266
72.1176,178084
72.1226,178572
72.1266,178619
72.1298,178243
72.1352,177893
72.1385,178412
72.1428,178203
72.1463,178482
72.1517,177980
72.1521,178519
72.1549,177903
72.1584,177896
72.1626,177901
72.1667,177851
72.1712,178280
72.1748,177724
72.1790,177957
72.1839,177848
72.1874,177543
72.1914,177947
72.1953,178063
72.1995,177246
72.2039,178266
72.2076,177380
72.2117,177704
72.2158,178103
72.2202,177921
72.2247,177758
72.2281,177948
72.2323,178146
72.2368,178264
72.2405,178164
72.2445,178155
72.2486,178342
72.2532,178390
72.2569,178051
72.2608,178718
72.2650,178646
72.2695,178080
72.2733,177748
72.2773,178026
72.2774,178020
72.2815,177950
72.2860,178331
72.2901,178417
72.2938,178413
72.2978,177843
72.3033,178330
72.3062,177634
72.3100,178277
72.3141,177586
72.3191,178193
72.3232,177846
72.3264,177079
72.3306,177276
72.3358,177319
72.3389,177795
72.3428,178532
72.3470,177582
72.3524,177920
72.3557,177973
72.3592,177969
72.3649,177620
72.3694,177530
72.3720,178000
72.3756,177883
72.3797,178122
72.3856,178614
72.3884,177684
72.3920,177923
72.3962,177972
72.4017,178162
72.4042,178399
72.4043,177893
72.4083,178148
72.4124,177745
72.4166,177935
72.4209,177867
72.4249,177798
72.4294,178155
72.4349,178346
72.4373,177978
72.4418,177981
72.4452,177661
72.4493,177826
72.4542,177353
72.4581,177685
72.4624,177514
72.4657,177508
72.4704,177469
72.4738,177432
72.4779,177502
72.4821,177824
72.4866,178120
72.4902,178049
72.4943,178106
72.4987,177792
72.5028,178110
72.5072,178245
72.5112,177730
72.5151,177938
72.5197,177374
72.5238,177690
72.5272,177703
72.5313,177197
72.5315,178094
72.5355,178245
72.5402,177384
72.5435,177850
72.5476,177804
72.5520,177622
72.5565,178202
72.5599,177789
72.5640,178284
72.5695,178190
72.5729,178061
72.5763,177593
72.5804,178133
72.5859,177921
72.5890,178250
72.5936,177477
72.5968,177866
72.6037,177767
72.6060,177977
72.6090,177805
72.6133,177875
72.6187,177907
72.6223,177790
72.6263,177955
72.6305,177921
72.6361,177679
72.6381,177759
72.6427,178060
72.6459,177838
72.6527,177498
72.6546,177800
72.6583,177516
72.6584,177814
72.6623,178334
72.6693,177588
72.6713,177685
72.6750,177792
72.6786,177549
72.6828,177795
72.6885,177809
72.6918,177762
72.6959,177767
72.6991,178283
72.7040,177965
72.7080,178496
72.7115,177758
72.7158,177919
72.7211,178164
72.7244,177854
72.7278,178160
72.7320,178488
72.7361,178272
72.7409,178011
72.7442,177709
72.7483,177841
72.7532,177894
72.7567,178106
72.7606,178201
72.7648,178410
72.7717,177628
72.7733,178315
72.7770,178055
72.7821,178003
72.7865,178019
72.7869,177450
72.7903,178373
72.7933,178100
72.7975,177791
72.8024,177978
72.8061,177728
72.8097,178074
72.8138,178279
72.8195,178266
72.8223,178224
72.8261,178268
72.8302,177540
72.8348,177645
72.8386,177521
72.8425,178490
72.8466,177439
72.8529,177464
72.8554,178219
72.8593,177804
72.8631,177624
72.8692,177841
72.8715,178593
72.8753,178283
72.8794,178632
72.8859,178100
72.8882,178090
72.8916,177243
72.8957,178204
72.9019,177530
72.9047,178000
72.9080,177643
72.9122,177995
72.9163,177851
72.9187,177862
72.9211,177902
72.9248,177504
72.9285,177994
72.9357,177754
72.9372,178006
72.9408,177689
72.9449,177829
72.9520,178397
72.9537,178215
72.9577,177857
72.9612,178387
72.9655,178140
72.9702,177793
72.9750,177984
72.9776,178227
72.9818,178462
72.9862,177739
72.9899,178180
72.9940,178062
72.9982,177972
73.0029,178361
73.0064,178339
73.0105,178559
73.0145,177850
73.0194,178319
73.0231,178050
73.0276,177653
73.0310,178147
73.0357,178008
73.0393,177617
73.0433,178324
73.0435,178377
73.0475,177600
73.0522,178564
73.0557,178153
73.0597,177574
73.0637,177484
73.0690,177990
73.0723,178499
73.0767,178093
73.0801,178179
73.0854,177554
73.0889,177762
73.0923,178093
73.0965,177648
73.1023,177636
73.1052,177756
73.1087,177514
73.1130,177605
73.1191,177576
73.1216,177733
73.1252,177140
73.1293,177860
73.1353,178056
73.1379,177552
73.1416,177673
73.1457,178114
73.1524,177952
73.1543,177346
73.1579,177882
73.1627,177270
73.1684,177578
73.1701,177457
73.1708,177768
73.1743,177339
73.1783,177379
73.1825,177864
73.1870,178009
73.1908,177582
73.1948,177676
73.1988,177421
73.2032,177411
73.2070,177842
73.2111,177431
73.2154,177372
73.2199,177514
73.2241,177541
73.2275,176836
73.2317,177857
73.2359,177066
73.2407,177362
73.2441,177433
73.2480,177888
73.2536,177207
73.2564,177564
73.2603,178369
73.2646,177880
73.2701,178289
73.2731,177685
73.2767,177619
73.2808,178023
73.2850,178548
73.2891,178648
73.2932,178025
73.2971,177805
73.2972,177909
73.3016,177525
73.3057,177709
73.3094,177987
73.3137,177745
73.3184,177627
73.3220,177968
73.3258,177655
73.3299,178351
73.3349,177711
73.3389,177659
73.3423,177394
73.3463,177679
73.3513,178499
73.3550,177658
73.3586,177642
73.3627,178598
73.3672,178744
73.3715,177786
73.3749,178408
73.3791,178967
73.3833,177997
73.3881,178290
73.3913,179238
73.3954,178110
73.4015,178126
73.4044,178307
73.4077,178892
73.4118,178835
73.4178,178899
73.4205,178250
73.4242,178161
73.4243,177757
73.4282,178002
73.4324,178051
73.4369,178368
73.4410,178125
73.4446,178611
73.4488,178646
73.4531,177897
73.4568,178679
73.4610,178020
73.4651,178290
73.4714,178239
73.4737,178076
73.4782,178279
73.4824,177494
73.4855,177407
73.4896,177771
73.4937,178082
73.4980,178048
73.5019,178550
73.5060,177671
73.5101,177554
73.5142,177757
73.5183,178005
73.5224,177683
73.5265,177733
73.5306,177839
73.5347,178176
73.5388,178292
73.5429,177894
73.5471,178201
73.5512,178208
73.5514,178228
73.5552,177901
73.5593,178118
73.5634,178139
73.5675,178602
73.5715,178248
73.5756,177939
73.5798,178127
73.5838,178194
73.5879,178562
73.5920,178504
73.5964,178080
73.6002,178513
73.6043,177666
73.6084,177959
73.6125,178754
73.6166,178312
73.6207,177727
73.6248,177703
73.6289,177881
73.6330,178047
73.6371,177784
73.6412,177577
73.6453,177280
73.6494,178111
73.6535,178504
73.6575,177908
73.6616,177990
73.6658,177783
73.6699,177753
73.6741,178601
73.6780,178592
73.6782,177591
73.6821,178232
73.6862,177676
73.6903,178069
73.6944,178633
73.6985,178002
73.7026,178400
73.7067,178175
73.7108,177540
73.7149,178273
73.7190,178296
73.7231,178178
73.7272,178415
73.7313,178355
73.7354,178276
73.7395,178104
73.7436,177990
73.7477,178016
73.7517,178539
73.7558,178478
73.7600,177925
73.7641,178357
73.7682,178115
73.7722,178894
73.7764,178181
73.7804,178688
73.7845,177863
73.7886,178086
73.7929,178319
73.7968,177628
73.8012,177698
73.8053,178648
73.8054,178432
73.8091,178489
73.8133,178357
73.8173,177758
73.8215,177700
73.8255,178022
73.8297,178297
73.8337,177951
73.8378,178106
73.8419,178241
73.8461,178086
73.8501,178326
73.8542,178426
73.8582,178559
73.8628,178331
73.8665,178528
73.8706,177770
73.8746,177557
73.8788,178012
73.8828,178574
73.8869,177176
73.8910,178333
73.8951,177504
73.8992,177940
73.9033,177694
73.9074,177546
73.9115,177965
73.9156,178001
73.9197,177234
73.9238,178252
73.9280,178093
73.9322,178286
73.9331,177537
73.9361,178116
73.9402,177907
73.9443,177605
73.9484,177568
73.9525,177558
73.9565,178002
73.9606,177837
73.9647,177654
73.9688,177796
73.9729,177709
73.9770,177613
73.9811,177759
73.9852,178124
73.9894,178000
73.9934,178216
73.9975,178389
74.0016,177635
74.0057,178357
74.0098,177519
74.0139,178564
74.0180,177680
74.0221,177644
74.0262,177973
74.0303,177981
74.0344,177865
74.0384,178249
74.0426,178080
74.0467,178036
74.0508,177543
74.0550,177867
74.0590,178222
74.0631,178575
74.0633,178067
74.0671,178035
74.0712,178425
74.0753,178074
74.0795,178146
74.0836,177508
74.0876,177860
74.0917,178160
74.0960,177456
74.0999,177928
74.1040,177706
74.1081,178286
74.1124,177649
74.1163,178131
74.1204,178150
74.1245,178262
74.1286,178249
74.1327,178793
74.1368,178437
74.1408,178440
74.1449,178353
74.1491,178648
74.1532,177730
74.1572,178239
74.1613,178606
74.1654,178915
74.1695,178439
74.1736,178804
74.1777,178293
74.1828,178021
74.1860,177706
74.1901,178454
74.1910,178331
74.1941,178358
74.1984,178411
74.2023,177959
74.2064,178188
74.2105,177553
74.2146,178331
74.2187,178034
74.2228,177440
74.2270,177963
74.2312,178401
74.2351,178648
74.2392,177779
74.2433,177920
74.2474,178596
74.2515,178110
74.2555,178027
74.2596,177914
74.2638,178353
74.2678,178473
74.2719,178490
74.2760,177959
74.2802,178237
74.2842,178702
74.2883,177791
74.2924,178229
74.2965,178116
74.3006,178223
74.3047,178307
74.3090,178560
74.3134,178645
74.3170,177969
74.3172,177900
74.3211,178368
74.3253,178965
74.3293,178554
74.3334,178464
74.3375,177862
74.3416,178015
74.3457,178138
74.3497,178089
74.3538,178289
74.3580,178300
74.3623,178176
74.3662,178528
74.3703,177928
74.3744,177779
74.3785,178145
74.3826,178339
74.3866,178128
74.3908,178343
74.3948,178604
74.3989,177777
74.4030,177589
74.4071,178332
74.4113,178060
74.4153,178094
74.4194,178431
74.4236,178382
74.4276,177866
74.4317,178241
74.4358,177872
74.4400,177982
74.4440,178193
74.4441,178477
74.4481,178721
74.4522,178159
74.4563,178123
74.4603,177951
74.4645,178366
74.4686,177764
74.4729,178104
74.4768,177966
74.4809,178004
74.4849,178068
74.4890,178548
74.4931,177741
74.4973,177644
74.5014,178072
74.5055,177655
74.5096,178106
74.5137,178248
74.5177,177894
74.5218,177938
74.5259,177903
74.5300,177919
74.5341,178634
74.5382,178369
74.5423,178163
74.5465,178183
74.5505,178344
74.5546,178515
74.5586,178455
74.5628,177883
74.5673,177554
74.5710,178456
74.5711,178311
74.5750,178162
74.5792,178101
74.5832,177950
74.5873,178158
74.5914,177790
74.5956,178219
74.5996,177606
74.6037,177993
74.6078,177889
74.6119,177669
74.6160,177769
74.6201,178120
74.6242,177589
74.6282,177399
74.6324,177564
74.6364,177827
74.6406,177915
74.6446,177956
74.6487,177812
74.6528,177944
74.6569,177602
74.6611,178184
74.6651,177753
74.6692,178708
74.6733,177329
74.6774,178311
74.6815,178375
74.6856,178119
74.6897,178229
74.6938,178448
74.6980,178263
74.6982,178104
74.7020,178253
74.7061,178080
74.7103,178215
74.7144,178222
74.7184,178217
74.7225,178426
74.7266,178386
74.7306,177942
74.7348,178143
74.7389,178322
74.7430,178240
74.7471,177658
74.7512,178318
74.7552,178008
74.7593,178144
74.7635,177931
74.7675,177962
74.7716,177964
74.7757,177960
74.7798,178267
74.7839,177532
74.7880,178097
74.7921,178048
74.7963,178128
74.8003,178098
74.8044,178589
74.8085,178253
74.8126,178298
74.8167,178247
74.8208,177786
74.8249,178262
74.8250,178085
74.8291,178263
74.8331,178659
74.8372,177942
74.8413,177530
74.8456,177952
74.8495,178147
74.8536,177915
74.8577,177685
74.8618,178066
74.8659,178079
74.8700,177707
74.8741,177976
74.8782,177755
74.8823,177575
74.8863,177941
74.8905,178220
74.8946,177752
74.8987,178044
74.9029,178141
74.9068,177268
74.9109,177216
74.9150,177529
74.9191,177576
74.9232,177601
74.9273,177856
74.9314,177654
74.9355,177950
74.9396,178450
74.9437,178931
74.9480,178276
74.9520,178003
74.9561,178069
74.9562,178921
74.9602,177895
74.9641,178125
74.9682,177874
74.9724,178625
74.9765,178229
74.9805,178217
74.9846,177944
74.9887,178468
74.9928,178289
74.9969,177883
75.0010,178385
75.0051,178155
75.0092,177839
75.0133,178564
75.0175,178215
75.0215,178432
75.0256,177898
75.0297,178260
75.0338,178513
75.0378,178921
75.0421,178518
75.0462,177963
75.0502,178252
75.0543,178413
75.0584,177836
75.0625,178154
75.0666,177865
75.0707,178035
75.0749,178192
75.0789,178431
75.0831,178046
75.0832,178216
75.0871,178130
75.0911,178140
75.0952,178027
75.0993,178187
75.1037,178427
75.1075,178035
75.1116,178542
75.1157,177914
75.1198,178247
75.1239,178840
75.1280,178392
75.1321,178080
75.1362,177700
75.1403,177622
75.1444,177702
75.1485,178697
75.1525,178268
75.1569,178310
75.1608,177705
75.1648,178737
75.1690,177612
75.1730,178187
75.1771,178280
75.1812,178726
75.1853,178442
75.1895,178890
75.1935,178245
75.1976,178355
75.2017,178289
75.2059,177497
75.2100,177985
75.2101,178331
75.2140,178010
75.2181,177313
75.2222,177750
75.2262,178179
75.2305,177434
75.2345,177586
75.2386,177800
75.2426,178271
75.2467,177719
75.2508,178176
75.2549,177967
75.2590,178203
75.2631,177967
75.2672,178060
75.2714,178207
75.2754,177684
75.2796,177784
75.2836,178263
75.2877,177470
75.2918,177574
75.2960,178272
75.3000,178318
75.3041,178055
75.3082,177864
75.3123,177921
75.3164,177650
75.3205,177484
75.3246,178093
75.3289,177959
75.3329,177973
75.3369,177533
75.3370,178158
75.3409,178689
75.3454,178464
75.3492,177655
75.3532,177991
75.3573,178154
75.3615,177663
75.3655,178229
75.3696,178295
75.3737,178473
75.3778,178277
75.3819,178280
75.3860,177581
75.3902,179021
75.3942,177833
75.3983,178338
75.4024,177881
75.4065,178383
75.4106,178034
75.4147,177275
75.4188,177364
75.4229,178125
75.4270,177882
75.4311,178274
75.4352,177613
75.4392,177742
75.4434,177825
75.4475,177436
75.4515,178035
75.4557,177785
75.4599,177803
75.4638,178579
75.4640,177674
75.4680,178365
75.4720,177699
75.4761,178221
75.4803,177870
75.4844,177954
75.4892,178054
75.4933,178537
75.4969,178617
75.5013,178175
75.5056,177986
75.5089,177562
75.5132,177882
75.5183,177999
75.5219,177984
75.5253,177554
75.5294,178634
75.5342,178083
75.5379,177861
75.5418,177859
75.5462,177623
75.5504,177322
75.5548,177712
75.5580,177281
75.5622,177910
75.5668,177561
75.5713,177525
75.5745,177358
75.5786,177493
75.5833,177614
75.5868,178227
75.5909,177522
75.5910,177504
75.5949,177989
75.5996,177684
75.6034,177856
75.6073,177069
75.6115,177588
75.6159,178192
75.6198,177428
75.6236,178030
75.6278,177513
75.6322,178220
75.6364,177840
75.6400,178361
75.6441,177990
75.6484,178038
75.6532,178236
75.6564,178249
75.6604,178347
75.6650,178759
75.6693,177889
75.6727,178025
75.6768,177844
75.6817,178229
75.6856,177943
75.6891,178019
75.6933,178114
75.6978,178442
75.7023,177850
75.7055,177946
75.7097,178061
75.7138,178271
75.7180,178356
75.7181,177986
75.7219,178347
75.7260,178130
75.7302,178321
75.7350,177902
75.7383,177863
75.7424,178247
75.7465,177167
75.7513,178124
75.7553,177559
75.7587,178411
75.7629,178006
75.7676,177801
75.7710,177891
75.7752,177657
75.7794,177651
75.7840,177998
75.7875,178148
75.7916,177649
75.7957,178199
75.8001,178005
75.8038,177206
75.8081,178086
75.8120,178150
75.8166,177569
75.8202,177643
75.8243,177746
75.8284,177811
75.8336,178262
75.8367,178411
75.8408,178046
75.8448,177837
75.8450,177701
75.8495,177995
75.8529,178569
75.8571,178146
75.8613,177809
75.8656,178937
75.8693,177983
75.8734,178626
75.8775,178242
75.8822,178382
75.8860,178042
75.8904,178231
75.8939,178085
75.8988,177984
75.9028,177666
75.9062,177640
75.9103,177459
75.9150,178091
75.9185,178036
75.9228,177753
75.9267,177518
75.9311,178177
75.9351,178085
75.9392,178040
75.9431,177556
75.9478,177808
75.9517,177246
75.9553,177546
75.9594,176925
75.9636,177885
75.9678,177684
75.9718,177892
75.9758,177961
75.9759,177563
75.9800,177463
75.9844,177365
75.9886,177487
75.9922,177279
75.9963,178373
76.0012,177275
76.0049,177791
76.0086,177815
76.0130,177996
76.0172,177990
76.0215,177609
76.0250,177131
76.0292,177437
76.0342,177726
76.0373,178172
76.0414,177277
76.0457,177653
76.0501,177249
76.0536,177619
76.0577,177465
76.0619,177865
76.0663,177925
76.0706,176656
76.0741,177424
76.0784,177867
76.0833,177984
76.0864,177714
76.0906,177650
76.0948,177485
76.0991,177419
76.1028,177686
76.1030,177488
76.1069,177861
76.1112,178283
76.1151,177808
76.1195,178403
76.1237,177959
76.1274,177489
76.1320,178116
76.1355,177739
76.1397,177468
76.1437,177849
76.1484,177154
76.1521,176898
76.1561,177181
76.1601,177441
76.1645,176913
76.1691,177434
76.1724,176503
76.1765,177024
76.1811,177552
76.1848,177727
76.1888,177318
76.1929,176804
76.1973,176686
76.2013,177396
76.2052,177596
76.2093,177547
76.2134,177836
76.2180,178335
76.2216,177946
76.2257,178100
76.2299,178091
76.2300,177859
76.2342,177953
76.2381,177973
76.2420,178286
76.2462,177836
76.2508,177791
76.2543,177974
76.2584,178190
76.2625,177937
76.2674,177889
76.2716,177056
76.2748,177466
76.2789,177682
76.2836,178126
76.2877,178017
76.2920,177838
76.2953,177504
76.3003,178004
76.3035,178153
76.3076,177575
76.3119,177971
76.3161,177595
76.3206,178237
76.3240,178089
76.3283,178164
76.3324,178161
76.3368,178642
76.3404,178298
76.3445,177273
76.3491,178571
76.3527,178354
76.3567,178400
76.3568,178156
76.3610,178128
76.3655,178236
76.3697,177542
76.3731,177833
76.3772,178083
76.3818,177809
76.3858,178279
76.3900,177495
76.3936,177688
76.3983,177676
76.4024,178522
76.4067,178327
76.4100,178571
76.4149,178447
76.4188,178084
76.4223,178795
76.4264,177869
76.4306,178312
76.4350,178394
76.4392,178462
76.4427,178307
76.4474,177818
76.4515,177667
76.4554,178237
76.4592,178299
76.4633,178241
76.4684,177434
76.4718,177739
76.4761,178523
76.4797,177599
76.4837,178145
76.4839,178296
76.4878,178290
76.4919,178079
76.4961,177203
76.5001,178179
76.5042,177695
76.5083,178317
76.5124,177787
76.5164,178033
76.5209,178336
76.5246,177942
76.5288,178467
76.5328,177603
76.5369,178083
76.5411,178175
76.5452,177459
76.5492,177750
76.5533,177225
76.5574,177142
76.5615,178017
76.5656,178000
76.5697,178053
76.5738,178071
76.5780,177725
76.5820,178121
76.5861,177550
76.5903,178116
76.5943,177987
76.5984,178414
76.6026,178029
76.6067,177941
76.6108,178277
76.6149,177820
76.6150,178093
76.6189,177594
76.6231,176981
76.6271,177766
76.6312,177836
76.6353,178641
76.6394,178161
76.6435,178340
76.6476,178827
76.6524,178224
76.6560,178051
76.6599,177185
76.6640,177463
76.6680,177512
76.6721,178123
76.6762,178021
76.6803,177430
76.6846,177421
76.6885,177569
76.6926,177141
76.6968,177484
76.7009,177192
76.7050,177847
76.7090,178269
76.7131,177546
76.7173,176564
76.7213,177798
76.7253,178278
76.7296,177100
76.7338,178035
76.7377,177615
76.7419,177375
76.7420,177704
76.7460,178236
76.7499,178386
76.7540,178117
76.7581,177890
76.7623,178133
76.7663,178079
76.7705,178618
76.7745,178076
76.7787,177820
76.7827,178147
76.7868,178395
76.7910,178208
76.7950,178310
76.7991,178421
76.8032,177958
76.8073,178287
76.8114,178417
76.8155,178052
76.8196,177940
76.8237,177956
76.8278,177710
76.8321,177558
76.8360,177731
76.8400,177818
76.8442,177483
76.8483,176957
76.8524,177206
76.8565,177597
76.8608,177674
76.8647,177910
76.8687,178108
76.8688,178242
76.8728,177876
76.8769,178320
76.8810,177908
76.8851,177761
76.8892,177766
76.8933,178431
76.8978,177677
76.9015,178252
76.9056,178492
76.9097,178395
76.9138,178676
76.9184,178014
76.9220,177991
76.9261,177789
76.9302,178458
76.9342,178378
76.9391,177884
76.9424,178636
76.9466,177582
76.9506,178417
76.9547,178958
76.9588,178446
76.9630,178522
76.9670,178184
76.9711,177796
76.9752,178601
76.9793,178387
76.9834,178390
76.9875,177911
76.9917,177908
76.9959,178141
76.9960,177834
76.9998,178454
77.0039,178826
77.0080,177860
77.0123,178325
77.0163,178480
77.0203,178606
77.0244,178167
77.0285,178240
77.0326,178238
77.0367,178644
77.0408,178460
77.0449,178026
77.0491,178112
77.0530,177894
77.0572,178105
77.0616,177767
77.0654,179190
77.0695,177435
77.0736,178582
77.0776,177657
77.0818,178335
77.0859,178445
77.0900,177819
77.0941,176765
77.0982,177449
77.1022,177514
77.1063,177416
77.1104,176998
77.1145,177297
77.1186,177722
77.1230,177585
77.1238,177430
77.1267,177890
77.1309,177765
77.1350,177437
77.1390,177081
77.1432,177219
77.1472,177759
77.1514,177254
77.1554,177675
77.1595,176872
77.1636,176573
77.1677,177156
77.1718,177687
77.1759,177324
77.1800,177874
77.1841,178215
77.1882,178251
77.1922,177989
77.1964,177550
77.2005,177587
77.2046,177959
77.2087,178241
77.2128,178513
77.2168,177801
77.2209,177495
77.2250,178037
77.2292,178254
77.2332,178335
77.2373,178690
77.2415,178030
77.2455,178758
77.2497,177999
77.2498,178350
77.2537,178166
77.2578,178166
77.2619,178408
77.2660,177832
77.2701,178363
77.2742,178814
77.2783,178475
77.2824,178061
77.2865,178399
77.2906,179033
77.2947,178262
77.2988,178355
77.3029,178225
77.3070,177404
77.3112,178078
77.3152,177970
77.3193,177875
77.3233,178733
77.3275,177932
77.3316,178789
77.3356,178888
77.3397,178099
77.3441,178040
77.3480,177806
77.3521,177767
77.3562,178474
77.3603,177874
77.3644,178069
77.3685,177995
77.3728,178191
77.3767,178533
77.3768,177922
77.3807,178034
77.3848,178421
77.3889,178200
77.3934,178163
77.3972,178207
77.4013,177943
77.4053,178369
77.4100,178417
77.4135,178155
77.4176,178215
77.4217,178361
77.4258,178205
77.4298,178000
77.4340,177731
77.4380,178139
77.4422,177826
77.4462,178039
77.4504,178244
77.4544,178222
77.4585,178130
77.4626,178413
77.4668,178461
77.4709,177863
77.4749,177981
77.4790,178587
77.4831,177854
77.4872,178074
77.4914,177732
77.4954,177734
77.4997,177737
77.5039,178088
77.5078,178831
77.5079,178011
77.5120,177932
77.5159,178195
77.5200,177730
77.5240,177960
77.5282,178122
77.5322,177435
77.5363,177918
77.5405,178165
77.5445,178129
77.5486,178821
77.5527,178232
77.5568,177540
77.5610,178359
77.5650,177969
77.5691,177864
77.5732,177763
77.5774,178276
77.5814,177850
77.5855,177732
77.5896,178292
77.5938,177878
77.5978,177582
77.6019,178412
77.6060,178334
77.6101,178114
77.6142,178023
77.6182,178379
77.6224,178175
77.6267,178348
77.6310,178610
77.6346,178471
77.6348,177827
77.6387,178493
77.6428,178342
77.6469,178506
77.6510,177735
77.6551,177975
77.6592,177808
77.6633,178555
77.6674,177810
77.6715,177868
77.6756,178074
77.6797,178294
77.6838,178277
77.6879,177923
77.6920,178372
77.6961,178400
77.7002,177959
77.7043,177890
77.7084,177659
77.7125,178384
77.7165,178237
77.7206,177727
77.7247,178654
77.7289,178951
77.7329,178023
77.7370,178355
77.7412,178433
77.7452,177964
77.7493,177876
77.7536,178453
77.7576,177835
77.7616,177940
77.7618,177765
77.7657,177924
77.7698,177682
77.7739,177886
77.7780,178587
77.7821,178136
77.7863,178389
77.7903,177899
77.7944,177482
77.7985,177970
77.8026,177297
77.8067,178000
77.8108,178580
77.8149,177937
77.8191,177731
77.8230,177970
77.8273,178153
77.8312,178422
77.8353,178420
77.8394,177799
77.8437,177788
77.8476,178530
77.8518,177870
77.8558,178065
77.8600,177719
77.8640,178318
77.8681,177705
77.8722,178883
77.8763,177730
77.8806,178734
77.8847,178136
77.8885,178430
77.8886,178683
77.8927,178785
77.8968,178443
77.9009,178492
77.9051,178058
77.9090,178253
77.9132,178500
77.9172,178644
77.9214,178050
77.9255,178598
77.9296,177737
77.9336,177872
77.9377,178338
77.9418,178876
77.9459,178275
77.9500,178327
77.9541,178292
77.9583,178374
77.9624,178114
77.9664,177644
77.9705,178249
77.9746,178236
77.9787,178553
77.9838,178377
77.9893,177743
77.9912,178287
77.9954,178130
77.9993,177812
78.0033,177859
78.0074,177794
78.0116,178482
78.0158,177854
78.0159,177951
78.0197,177640
78.0238,177537
78.0283,177944
78.0328,177806
78.0361,177872
78.0402,177788
78.0443,177988
78.0484,177507
78.0525,177384
78.0565,177986
78.0607,177307
78.0649,177220
78.0689,177679
78.0729,177343
78.0771,178544
78.0812,178380
78.0852,178324
78.0893,177679
78.0935,177672
78.0975,178131
78.1016,178429
78.1057,178014
78.1098,178038
78.1139,177957
78.1182,178038
78.1221,177714
78.1262,178157
78.1303,178131
78.1344,177876
78.1384,177610
78.1429,178440
78.1437,177923
78.1466,178741
78.1508,177605
78.1548,177706
78.1589,178077
78.1630,178303
78.1671,178255
78.1712,178514
78.1753,178221
78.1794,177614
78.1835,178267
78.1876,177940
78.1917,178183
78.1958,178568
78.1999,177952
78.2040,178664
78.2081,178778
78.2122,178435
78.2162,178224
78.2204,178094
78.2245,178509
78.2286,178313
78.2326,178181
78.2367,178111
78.2409,178532
78.2449,178353
78.2490,178509
78.2531,178117
78.2572,177809
78.2614,177733
78.2655,178128
78.2699,177981
78.2701,178311
78.2736,178294
78.2777,178009
78.2818,178521
78.2859,177715
78.2900,178149
78.2941,178521
78.2982,177406
78.3023,178046
78.3064,177512
78.3105,177565
78.3146,177885
78.3187,177895
78.3227,177893
78.3269,178067
78.3310,178176
78.3350,177883
78.3392,178251
78.3433,178263
78.3473,178607
78.3514,177968
78.3555,178464
78.3597,177728
78.3637,178791
78.3678,177987
78.3719,177724
78.3760,178454
78.3801,178471
78.3842,178843
78.3883,178363
78.3924,178652
78.3965,177628
78.3966,177755
78.4006,177885
78.4047,178413
78.4087,178189
78.4130,178190
78.4169,177955
78.4211,177930
78.4252,178087
78.4292,177766
78.4333,177949
78.4374,178138
78.4415,177968
78.4456,178252
78.4497,178012
78.4538,178229
78.4580,177790
78.4620,177543
78.4661,178714
78.4702,177282
78.4743,177012
78.4784,177620
78.4825,177443
78.4866,177446
78.4907,177834
78.4948,177770
78.4989,178487
78.5030,178836
78.5071,177655
78.5112,177893
78.5153,178163
78.5196,177815
78.5243,178152
78.5276,177322
78.5278,178022
78.5317,177796
78.5358,178322
78.5399,177865
78.5439,177925
78.5480,178355
78.5521,178379
78.5562,177926
78.5604,178238
78.5644,178144
78.5685,178263
78.5726,178091
78.5767,178058
78.5808,178911
78.5849,178014
78.5890,177850
78.5933,178166
78.5972,178578
78.6013,177881
78.6054,178361
78.6097,178139
78.6136,178261
78.6176,177493
78.6218,177819
78.6259,177768
78.6300,177801
78.6341,178271
78.6381,177475
78.6423,177613
78.6465,177775
78.6506,178275
78.6545,177614
78.6547,177496
78.6586,177764
78.6627,177667
78.6668,177878
78.6709,177517
78.6750,177807
78.6791,178367
78.6832,177772
78.6872,177750
78.6914,177938
78.6955,177707
78.6996,177785
78.7037,178048
78.7077,178494
78.7118,178184
78.7159,177740
78.7201,177746
78.7242,177617
78.7282,177410
78.7323,177155
78.7364,177586
78.7405,177893
78.7446,178873
78.7487,177998
78.7528,177986
78.7569,177658
78.7611,177653
78.7651,177435
78.7692,178046
78.7733,177856
78.7774,178185
78.7816,178194
78.7818,177602
78.7856,178024
78.7897,177955
78.7938,177548
78.7979,177360
78.8020,178022
78.8060,178466
78.8102,178311
78.8142,178294
78.8183,178153
78.8224,177970
78.8266,178223
78.8306,178442
78.8347,178533
78.8388,178656
78.8430,178279
78.8470,177852
78.8511,177912
78.8552,177966
78.8593,177990
78.8634,178222
78.8675,178437
78.8716,178041
78.8757,178426
78.8798,178006
78.8839,178225
78.8880,178462
78.8920,177886
78.8962,178255
78.9003,177412
78.9044,177865
78.9085,177935
78.9086,177784
78.9126,178038
78.9166,178008
78.9207,178409
78.9248,178321
78.9290,178210
78.9331,178122
78.9373,178169
78.9412,178225
78.9453,177737
78.9494,177617
78.9535,178141
78.9576,178255
78.9617,178810
78.9658,178077
78.9699,178263
78.9741,178181
78.9781,178094
78.9822,177694
78.9863,178363
78.9903,178158
78.9945,177791
78.9986,178016
79.0027,178140
79.0068,177743
79.0109,178055
79.0149,177691
79.0190,177815
79.0232,178066
79.0273,177683
79.0315,178168
79.0355,178429
79.0356,178517
79.0395,178494
79.0436,177903
79.0477,177926
79.0518,177928
79.0559,177704
79.0600,177663
79.0641,178131
79.0682,178140
79.0723,178336
79.0765,177955
79.0805,178222
79.0846,178386
79.0889,178661
79.0931,177974
79.0969,177836
79.1010,177186
79.1051,177510
79.1092,177772
79.1133,178279
79.1173,177869
79.1215,177855
79.1256,178364
79.1297,178119
79.1337,177845
79.1379,178060
79.1419,177125
79.1460,177703
79.1502,177415
79.1543,178254
79.1586,178205
79.1626,177953
79.1667,178733
79.1668,178009
79.1706,177886
79.1747,178217
79.1788,177727
79.1829,177561
79.1870,178366
79.1910,178024
79.1952,178247
79.1993,177544
79.2034,177924
79.2075,177826
79.2116,178305
79.2157,178561
79.2197,178509
79.2238,177836
79.2280,177890
79.2321,177489
79.2362,178019
79.2402,178641
79.2449,177627
79.2485,178089
79.2525,177373
79.2566,177718
79.2607,178004
79.2648,178485
79.2689,178473
79.2730,177613
79.2771,178049
79.2812,178452
79.2858,178003
79.2895,178341
79.2935,178115
79.2936,177806
79.2975,177889
79.3017,178374
79.3058,178182
79.3099,178657
79.3139,177173
79.3180,178132
79.3222,178781
79.3263,177829
79.3303,178167
79.3344,177967
79.3385,177777
79.3427,178004
79.3467,177722
79.3508,177853
79.3549,178491
79.3590,178687
79.3631,177979
79.3672,178543
79.3713,178158
79.3754,178294
79.3795,178204
79.3836,178299
79.3877,178192
79.3917,177745
79.3959,177742
79.4000,177456
79.4040,177742
79.4082,177856
79.4124,178469
79.4170,177642
79.4205,178632
79.4206,178411
79.4245,178122
79.4286,178119
79.4327,178379
79.4368,177671
79.4409,177543
79.4450,177977
79.4492,177839
79.4532,177855
79.4573,178192
79.4614,178048
79.4655,177946
79.4696,178346
79.4737,178503
79.4778,177490
79.4819,178183
79.4860,177609
79.4900,177936
79.4942,178246
79.4983,178316
79.5024,177505
79.5064,177652
79.5105,177889
79.5146,177328
79.5187,177423
79.5228,177607
79.5269,178145
79.5310,178498
79.5352,178097
79.5393,178289
79.5434,177831
79.5480,178094
79.5483,177705
79.5516,177763
79.5557,177262
79.5597,177031
79.5640,177418
79.5679,177280
79.5730,178095
79.5772,177960
79.5803,178140
79.5843,177613
79.5884,178111
79.5925,177454
79.5966,178009
79.6007,177447
79.6055,177800
79.6089,178343
79.6130,178193
79.6171,177595
79.6212,177720
79.6253,178630
79.6294,178212
79.6335,178078
79.6376,178051
79.6417,178123
79.6457,177830
79.6498,178025
79.6539,177804
79.6580,177860
79.6622,178052
79.6663,178226
79.6704,178034
79.6744,177876
79.6745,177692
79.6787,177849
79.6826,177703
79.6868,177574
79.6908,177989
79.6949,177994
79.6990,177559
79.7031,177537
79.7072,177827
79.7113,178162
79.7153,177826
79.7194,178642
79.7235,178039
79.7276,177934
79.7317,177991
79.7358,178716
79.7400,177737
79.7440,178125
79.7482,177875
79.7523,177746
79.7564,178354
79.7604,177358
79.7651,178031
79.7686,177459
79.7727,178209
79.7768,177832
79.7810,177504
79.7852,177658
79.7890,177884
79.7932,178019
79.7974,178294
79.8017,178054
79.8020,177862
79.8056,178282
79.8096,177446
79.8137,178022
79.8178,178328
79.8219,177532
79.8262,178324
79.8300,177994
79.8342,177747
79.8382,178061
79.8425,178404
79.8464,177984
79.8505,177838
79.8546,178001
79.8587,177969
79.8628,177680
79.8669,178554
79.8710,178020
79.8751,177727
79.8792,177580
79.8832,177985
79.8873,177802
79.8915,177416
79.8956,177670
79.8996,177569
79.9038,178022
79.9079,177731
79.9120,177381
79.9160,178002
79.9202,177727
79.9242,177617
79.9283,177821
79.9325,177801
79.9326,176737
79.9365,176935
79.9407,177485
79.9448,178239
79.9488,177365
79.9530,177255
79.9570,177546
79.9611,177274
79.9652,177995
79.9693,177165
79.9734,177341
79.9775,177762
79.9816,177682
79.9857,177626
79.9897,177278
79.9939,177338
79.9980,177294
80.0021,176947
80.0062,177358
80.0102,177459
80.0143,177567
80.0184,177365
80.0225,177947
80.0266,177024
80.0307,177755
80.0348,177546
80.0389,178014
80.0430,177218
80.0472,178106
80.0513,177422
80.0554,177871
80.0594,177540
80.0596,177400
80.0635,177513
80.0676,178279
80.0717,178593
80.0758,178253
80.0799,178047
80.0840,177830
80.0881,177616
80.0922,177982
80.0962,177291
80.1004,177236
80.1044,177265
80.1087,177859
80.1127,176989
80.1167,177130
80.1208,177824
80.1249,177623
80.1290,177530
80.1332,177659
80.1372,177566
80.1413,177962
80.1454,177164
80.1495,177876
80.1536,178096
80.1578,178056
80.1618,178024
80.1659,177851
80.1700,178119
80.1741,177748
80.1788,177603
80.1826,177994
80.1864,177693
80.1866,177455
80.1905,177607
80.1946,178367
80.1986,178341
80.2028,177992
80.2069,178337
80.2110,178465
80.2151,177918
80.2192,177880
80.2233,178170
80.2274,177604
80.2314,178093
80.2355,177574
80.2396,177639
80.2437,178527
80.2478,177911
80.2520,178178
80.2567,177562
80.2601,177335
80.2642,177129
80.2683,178252
80.2724,178350
80.2765,177610
80.2806,178294
80.2847,178122
80.2888,178009
80.2929,177948
80.2969,177941
80.3010,178088
80.3053,177995
80.3093,178039
80.3133,178258
80.3134,178051
80.3174,178247
80.3215,178155
80.3257,178097
80.3297,177912
80.3338,178095
80.3379,177324
80.3421,178108
80.3461,178357
80.3502,178672
80.3543,178335
80.3584,178077
80.3625,177756
80.3666,177806
80.3707,177989
80.3748,178420
80.3789,177644
80.3830,177675
80.3871,178329
80.3912,177905
80.3952,177816
80.3994,178226
80.4035,177888
80.4075,178169
80.4117,178216
80.4157,177633
80.4198,177935
80.4239,178216
80.4280,177967
80.4322,178166
80.4364,177207
80.4408,177790
80.4419,177706
80.4444,177777
80.4485,178595
80.4526,177498
80.4567,178138
80.4608,177632
80.4649,177730
80.4690,178401
80.4731,178221
80.4772,178526
80.4813,178201
80.4854,178104
80.4895,177686
80.4936,178104
80.4976,177824
80.5018,177535
80.5059,177592
80.5099,178464
80.5140,178286
80.5182,177834
80.5222,178470
80.5263,178152
80.5304,177360
80.5345,177825
80.5386,178347
80.5427,178116
80.5468,177839
80.5509,178017
80.5550,177750
80.5591,178151
80.5633,178187
80.5673,178514
80.5673,178243
80.5714,178215
80.5756,177878
80.5795,178298
80.5836,177780
80.5877,177482
80.5920,178286
80.5960,177059
80.6001,177728
80.6042,177318
80.6083,177884
80.6123,178025
80.6164,178003
80.6205,177637
80.6246,177905
80.6287,177534
80.6328,177823
80.6369,177745
80.6410,177701
80.6452,178170
80.6492,178433
80.6533,178109
80.6574,177762
80.6615,177235
80.6656,177721
80.6697,177719
80.6738,177562
80.6779,178074
80.6820,178292
80.6861,177988
80.6903,178021
80.6945,178079
80.6988,178669
80.6991,177934
80.7025,177789
80.7066,177810
80.7107,178077
80.7147,178519
80.7190,178368
80.7230,177673
80.7271,178141
80.7312,178321
80.7352,177611
80.7394,177925
80.7435,177534
80.7475,177312
80.7517,177642
80.7557,178280
80.7598,178198
80.7639,177594
80.7680,177701
80.7721,178151
80.7762,177778
80.7803,177706
80.7844,177973
80.7885,178077
80.7926,178118
80.7967,177643
80.8007,178091
80.8048,178045
80.8089,177845
80.8130,177950
80.8173,178292
80.8213,178236
80.8253,177376
80.8255,177925
80.8294,177332
80.8335,177441
80.8376,177323
80.8419,177772
80.8458,177950
80.8499,178158
80.8540,177950
80.8581,178329
80.8622,178300
80.8663,178068
80.8704,177858
80.8745,177615
80.8786,177706
80.8826,177802
80.8867,178129
80.8908,177760
80.8950,178258
80.8990,178066
80.9032,177376
80.9072,177582
80.9113,177531
80.9154,178228
80.9195,178004
80.9236,177896
80.9277,177789
80.9318,177510
80.9359,177888
80.9400,177698
80.9442,177819
80.9482,177726
80.9524,177672
80.9526,177655
80.9564,177264
80.9605,177569
80.9646,177046
80.9687,177833
80.9728,177478
80.9769,177140
80.9810,177750
80.9850,178144
80.9892,178557
80.9932,178106
80.9974,177760
81.0015,177431
81.0055,177414
81.0096,177562
81.0137,177653
81.0178,177574
81.0219,177786
81.0260,178327
81.0302,177908
81.0342,178067
81.0383,177804
81.0424,178135
81.0465,178013
81.0506,177251
81.0548,178263
81.0588,177293
81.0629,177339
81.0670,177873
81.0711,176809
81.0752,177035
81.0793,177136
81.0794,177675
81.0834,177351
81.0874,178161
81.0916,177896
81.0956,177945
81.0997,177082
81.1038,177346
81.1079,177708
81.1120,177386
81.1162,177748
81.1202,177675
81.1245,178177
81.1284,177961
81.1325,177995
81.1366,177809
81.1407,178252
81.1448,178104
81.1489,178524
81.1530,177286
81.1572,178119
81.1612,177825
81.1653,178018
81.1694,177888
81.1735,177552
81.1776,177465
81.1817,177796
81.1857,177688
81.1899,177641
81.1940,177929
81.1981,178094
81.2028,177605
81.2063,177934
81.2064,177995
81.2103,177836
81.2144,177952
81.2185,177467
81.2226,178216
81.2268,177657
81.2309,178061
81.2350,177402
81.2390,177321
81.2432,177923
81.2473,177795
81.2514,177631
81.2555,177819
81.2595,177896
81.2636,178375
81.2677,178125
81.2718,177679
81.2759,177856
81.2800,177791
81.2849,177482
81.2883,178208
81.2922,177965
81.2964,177434
81.3005,178004
81.3046,177896
81.3090,178029
81.3127,177864
81.3170,177579
81.3210,177267
81.3252,178109
81.3295,177815
81.3334,177731
81.3335,177207
81.3381,177422
81.3414,177394
81.3455,177584
81.3496,177779
81.3537,177814
81.3583,177833
81.3620,177368
81.3660,177517
81.3701,177243
81.3742,176797
81.3782,177486
81.3824,177310
81.3864,178004
81.3906,177916
81.3947,177165
81.3988,177676
81.4028,177708
81.4069,177416
81.4112,177745
81.4152,178028
81.4192,177203
81.4233,177223
81.4274,177641
81.4315,177793
81.4356,177348
81.4397,177222
81.4438,177050
81.4479,177778
81.4520,177186
81.4563,177631
81.4603,177385
81.4604,177102
81.4643,177427
81.4684,177654
81.4725,177434
81.4766,177279
81.4807,176772
81.4847,177082
81.4888,176940
81.4930,177960
81.4971,177339
81.5012,177084
81.5053,177302
81.5093,177621
81.5134,177735
81.5175,176941
81.5216,177164
81.5257,177230
81.5298,176871
81.5339,176862
81.5380,177253
81.5421,178218
81.5462,177879
81.5503,177356
81.5544,178062
81.5585,178330
81.5626,177762
81.5667,177746
81.5708,177700
81.5749,178262
81.5790,177729
81.5838,177766
81.5872,177459
81.5873,177607
81.5913,177423
81.5954,177980
81.5994,177868
81.6035,178133
81.6078,177571
81.6117,177459
81.6158,177613
81.6199,177584
81.6240,177301
81.6281,178405
81.6322,177107
81.6363,177529
81.6404,177388
81.6445,178004
81.6486,177569
81.6527,177243
81.6568,177577
81.6609,177954
81.6650,177391
81.6691,177652
81.6732,178129
81.6772,177429
81.6813,177802
81.6855,178039
81.6895,177779
81.6937,178161
81.6978,177751
81.7018,177682
81.7060,176967
81.7102,177474
81.7145,177739
81.7151,177932
81.7182,177230
81.7223,177988
81.7264,177383
81.7305,177698
81.7346,177927
81.7387,177568
81.7428,178145
81.7469,177624
81.7510,177490
81.7551,177657
81.7593,178452
81.7633,178207
81.7674,177258
81.7715,178016
81.7756,177851
81.7797,177911
81.7838,177929
81.7879,177927
81.7920,177931
81.7962,177814
81.8002,178086
81.8043,177795
81.8084,177925
81.8125,177973
81.8165,177643
81.8206,177790
81.8247,177812
81.8288,178043
81.8329,178345
81.8373,177897
81.8414,178044
81.8454,177695
81.8456,177920
81.8493,177740
81.8534,178055
81.8577,178029
81.8616,178061
81.8657,177953
81.8698,177697
81.8740,178346
81.8780,178315
81.8821,178451
81.8862,177350
81.8902,178657
81.8944,177434
81.8985,178153
81.9026,178415
81.9066,178439
81.9107,178172
81.9148,178917
81.9189,178454
81.9230,178282
81.9272,177999
81.9312,178145
81.9353,178144
81.9394,177560
81.9436,177770
81.9476,177902
81.9517,178126
81.9558,178405
81.9600,178244
81.9642,178228
81.9687,178053
81.9721,177871
81.9730,178737
81.9763,178133
81.9804,178010
81.9845,178022
81.9886,178012
81.9927,177763
81.9968,178034
82.0008,178502
82.0049,178310
82.0090,178201
82.0132,177652
82.0172,177870
82.0213,177521
82.0254,178626
82.0295,178417
82.0336,177879
82.0377,178329
82.0418,178570
82.0459,178214
82.0500,178721
82.0548,178174
82.0583,178511
82.0623,178345
82.0664,178505
82.0705,178071
82.0747,178028
82.0787,178720
82.0827,178376
82.0869,178600
82.0911,178904
82.0952,178571
82.0991,178333
82.0993,178282
82.1032,178610
82.1073,179059
82.1114,179084
82.1155,178505
82.1196,178411
82.1237,178443
82.1278,178386
82.1319,178334
82.1360,178277
82.1401,178458
82.1442,178243
82.1483,178513
82.1524,177916
82.1565,178650
82.1606,178785
82.1647,178470
82.1688,178455
82.1729,178052
82.1770,177780
82.1810,178775
82.1852,178210
82.1892,177877
82.1934,178091
82.1975,178125
82.2016,178112
82.2056,178195
82.2097,178518
82.2138,178885
82.2179,177852
82.2221,178578
82.2262,178344
82.2263,177663
82.2302,178115
82.2343,177871
82.2384,178188
82.2425,178357
82.2466,178235
82.2507,178290
82.2548,178360
82.2589,177343
82.2630,178600
82.2671,178388
82.2712,178462
82.2752,178586
82.2793,178021
82.2834,178242
82.2876,178389
82.2917,178731
82.2957,178229
82.2998,178441
82.3039,178644
82.3081,178673
82.3122,178497
82.3162,178684
82.3204,178184
82.3245,178485
82.3285,178368
82.3326,178407
82.3367,178296
82.3410,178537
82.3450,178684
82.3492,178486
82.3532,178642
82.3533,178286
82.3578,178619
82.3613,178334
82.3654,178741
82.3695,177891
82.3736,179255
82.3779,178022
82.3817,178012
82.3859,177985
82.3899,178189
82.3941,177711
82.3982,178173
82.4023,177937
82.4064,177965
82.4105,178342
82.4146,178328
82.4186,178245
82.4228,178403
82.4268,178707
82.4309,178409
82.4350,178492
82.4391,178854
82.4432,178479
82.4473,178056
82.4514,179062
82.4555,178373
82.4596,178432
82.4637,177644
82.4679,178332
82.4719,178434
82.4761,178147
82.4801,178136
82.4802,178245
82.4842,179066
82.4882,178048
82.4924,179397
82.4965,178657
82.5006,178433
82.5046,178910
82.5088,178299
82.5128,178501
82.5170,178334
82.5210,178254
82.5252,178826
82.5292,178744
82.5333,178542
82.5374,178610
82.5416,178589
82.5457,178728
82.5497,178524
82.5538,178910
82.5581,178129
82.5620,178456
82.5661,178798
82.5703,178716
82.5743,178372
82.5784,178134
82.5825,178499
82.5866,178811
82.5907,178385
82.5948,178332
82.5989,178799
82.6040,178557
82.6079,178215
82.6081,178265
82.6112,178415
82.6153,178443
82.6193,178575
82.6234,179369
82.6275,178775
82.6316,178344
82.6357,178768
82.6398,178549
82.6439,178372
82.6480,178368
82.6521,178093
82.6562,178453
82.6603,178426
82.6644,178283
82.6685,178114
82.6726,178408
82.6767,178444
82.6809,178302
82.6848,178159
82.6889,178264
82.6930,178760
82.6972,179288
82.7012,178722
82.7053,178964
82.7094,178968
82.7135,179299
82.7182,178246
82.7226,178339
82.7279,178538
82.7300,179107
82.7341,178942
82.7381,178734
82.7383,178782
82.7422,178583
82.7468,178632
82.7510,178489
82.7545,178086
82.7587,178330
82.7636,178286
82.7673,178275
82.7709,178995
82.7750,178197
82.7794,178899
82.7836,178788
82.7877,177865
82.7915,177747
82.7966,178421
82.7997,178226
82.8036,178715
82.8078,178153
82.8133,178932
82.8168,178356
82.8200,178083
82.8242,178138
82.8295,178418
82.8328,178427
82.8367,178733
82.8405,178152
82.8454,177541
82.8493,178155
82.8533,178420
82.8570,178730
82.8614,178041
82.8651,178236
82.8652,178195
82.8692,177897
82.8733,178260
82.8798,178550
82.8822,178697
82.8856,178161
82.8896,178302
82.8963,178566
82.8985,177925
82.9023,177779
82.9060,178364
82.9120,178230
82.9147,178091
82.9187,178455
82.9224,178574
82.9294,178004
82.9308,178362
82.9348,178243
82.9388,178401
82.9429,178672
82.9477,178735
82.9520,178310
82.9552,178142
82.9594,179095
82.9646,178474
82.9684,178358
82.9718,178116
82.9757,179036
82.9807,178870
82.9840,178713
82.9881,178675
82.9922,178305
82.9924,177919
82.9968,178320
83.0002,178765
83.0043,178961
83.0085,179328
83.0137,178678
83.0176,178931
83.0207,178469
83.0248,178639
83.0295,178731
83.0336,178632
83.0371,178532
83.0412,178922
83.0461,178297
83.0500,178785
83.0535,178688
83.0578,178204
83.0624,178485
83.0663,178738
83.0699,178556
83.0740,178569
83.0786,178098
83.0830,178579
83.0863,178208
83.0905,178521
83.0956,178013
83.0991,178274
83.1027,178725
83.1068,178196
83.1125,178252
83.1150,178223
83.1191,178616
83.1192,179305
83.1234,178756
83.1283,178802
83.1317,178198
83.1354,178874
83.1395,178397
83.1456,178665
83.1490,179065
83.1518,178726
83.1559,178275
83.1617,178566
83.1644,178562
83.1682,178572
83.1723,178447
83.1786,178744
83.1809,178627
83.1846,177830
83.1887,178427
83.1946,178397
83.1972,178048
83.2009,178237
83.2050,178351
83.2093,177821
83.2135,177883
83.2175,178116
83.2214,178770
83.2256,177856
83.2304,178005
83.2338,178089
83.2379,177694
83.2420,178021
83.2460,177859
83.2464,177919
83.2501,178207
83.2542,178481
83.2583,178411
83.2632,178406
83.2670,178801
83.2712,178778
83.2752,178552
83.2788,179057
83.2841,178747
83.2877,178761
83.2912,178474
83.2967,178623
83.3001,178661
83.3038,178444
83.3075,177794
83.3118,178102
83.3160,177786
83.3197,178437
83.3239,177904
83.3295,178047
83.3333,178853
83.3365,178629
83.3402,178476
83.3449,178056
83.3492,178598
83.3531,178623
83.3567,178521
83.3619,178658
83.3656,178197
83.3690,177960
83.3731,177892
83.3733,178283
83.3784,177912
83.3817,178615
83.3858,178686
83.3894,178402
83.3950,178959
83.3981,178468
83.4025,178265
83.4057,178248
83.4114,178662
83.4145,178482
83.4186,178275
83.4221,177957
83.4264,178096
83.4308,178147
83.4347,177926
83.4385,178031
83.4461,177824
83.4472,178451
83.4508,178855
83.4549,177791
83.4590,177947
83.4643,178309
83.4676,178221
83.4713,178057
83.4755,178493
83.4807,178952
83.4843,178610
83.4877,178426
83.4918,178624
83.4964,178031
83.5001,177819
83.5003,178102
83.5041,178351
83.5082,178514
83.5132,177749
83.5170,178014
83.5215,178464
83.5246,178509
83.5292,178491
83.5335,178203
83.5368,178142
83.5410,177806
83.5457,178016
83.5496,178067
83.5532,178100
83.5573,178017
83.5622,177890
83.5662,177703
83.5706,178033
83.5737,177969
83.5790,178509
83.5823,177583
83.5860,178012
83.5901,177596
83.5951,177345
83.5989,177853
83.6023,177639
83.6065,177764
83.6114,177253
83.6149,177969
83.6187,177749
83.6231,177749
83.6283,178195
83.6297,178061
83.6314,177577
83.6353,178742
83.6392,178196
83.6451,177944
83.6482,178198
83.6515,178364
83.6556,177991
83.6612,177820
83.6648,178085
83.6679,178205
83.6720,177839
83.6761,178138
83.6806,178472
83.6847,177489
83.6893,178184
83.6947,178638
83.6976,178565
83.7013,178315
83.7047,178423
83.7099,178298
83.7136,177712
83.7179,178285
83.7212,178570
83.7252,178661
83.7301,178197
83.7339,178421
83.7375,178041
83.7416,178386
83.7467,178318
83.7499,178497
83.7539,178064
83.7540,178084
83.7581,178175
83.7627,178126
83.7664,178726
83.7705,178655
83.7744,178749
83.7798,178421
83.7827,178422
83.7867,178172
83.7908,178646
83.7958,177477
83.7995,177844
83.8030,178542
83.8073,178004
83.8121,177743
83.8158,178228
83.8201,177553
83.8237,177506
83.8289,178121
83.8324,177200
83.8366,177707
83.8403,177981
83.8453,177741
83.8488,177811
83.8531,177472
83.8563,177716
83.8620,178415
83.8649,177401
83.8686,178158
83.8727,178478
83.8791,177924
83.8812,178220
83.8850,178422
83.8851,178632
83.8890,178144
83.8933,177890
83.8974,177543
83.9020,178111
83.9054,178093
83.9120,178164
83.9143,178312
83.9179,178165
83.9218,177612
83.9277,178202
83.9308,177743
83.9348,178362
83.9389,178179
83.9455,178386
83.9475,178062
83.9514,178328
83.9552,178323
83.9588,178022
83.9639,177839
83.9679,178289
83.9712,178057
83.9751,178442
83.9803,177354
83.9848,178011
83.9874,178366
83.9917,177439
83.9978,177896
84.0011,177859
84.0049,177684
84.0081,178023
84.0120,178135
84.0137,177985
84.0165,178310
84.0208,177949
84.0244,178061
84.0285,177817
84.0330,178211
84.0375,178200
84.0409,178739
84.0460,178543
84.0493,178554
84.0535,178250
84.0570,178362
84.0623,177886
84.0661,178530
84.0695,178916
84.0734,178276
84.0799,178134
84.0823,178907
84.0859,178305
84.0898,178352
84.0947,178165
84.0983,178385
84.1021,178303
84.1063,178533
84.1103,177933
84.1143,178026
84.1184,178133
84.1232,177990
84.1276,178279
84.1320,178222
84.1348,178102
84.1389,178392
84.1390,177894
84.1443,177807
84.1476,178396
84.1518,178275
84.1553,178650
84.1618,178474
84.1640,178124
84.1675,178165
84.1716,178664
84.1775,178564
84.1807,178757
84.1839,178106
84.1881,179004
84.1941,177565
84.1968,177745
84.2003,177824
84.2044,178789
84.2086,178829
84.2129,178501
84.2167,178351
84.2208,178079
84.2250,178631
84.2299,178380
84.2331,179002
84.2372,177778
84.2413,178704
84.2455,178455
84.2496,178532
84.2536,178659
84.2578,178592
84.2624,178889
84.2659,178054
84.2661,178670
84.2700,178641
84.2741,178092
84.2786,178081
84.2828,178452
84.2864,178020
84.2905,178640
84.2954,178833
84.2994,178138
84.3027,178464
84.3071,178427
84.3112,178080
84.3155,178467
84.3192,178345
84.3232,178664
84.3288,178444
84.3321,178984
84.3355,178627
84.3396,178442
84.3441,178381
84.3484,179075
84.3519,178038
84.3560,178435
84.3616,178319
84.3647,178191
84.3690,178461
84.3725,178682
84.3780,178463
84.3812,178433
84.3847,178675
84.3888,178440
84.3937,178448
84.3944,178004
84.3976,178489
84.4010,178094
84.4051,177864
84.4111,178638
84.4138,178638
84.4180,178463
84.4215,178347
84.4273,178278
84.4302,178395
84.4344,178844
84.4379,178759
84.4443,178439
84.4470,178205
84.4502,178657
84.4543,178109
84.4584,178143
84.4632,177910
84.4666,178553
84.4706,178105
84.4748,178123
84.4793,178768
84.4834,178548
84.4870,178406
84.4912,178062
84.4961,178245
84.4999,178046
84.5034,178146
84.5076,178246
84.5123,178403
84.5159,178806
84.5198,178457
84.5199,177777
84.5239,178179
84.5290,178415
84.5330,178693
84.5363,179074
84.5404,178901
84.5456,178162
84.5492,178264
84.5527,178053
84.5568,178212
84.5624,178333
84.5657,178292
84.5693,178220
84.5731,178141
84.5801,178220
84.5817,178790
84.5859,178954
84.5909,178508
84.5953,179074
84.5984,177895
84.6020,178197
84.6059,178162
84.6123,177699
84.6150,178655
84.6186,178050
84.6223,178151
84.6285,178118
84.6308,177626
84.6350,178537
84.6387,177661
84.6444,178491
84.6469,178443
84.6474,178581
84.6509,177709
84.6550,177772
84.6615,177590
84.6638,177521
84.6672,178056
84.6713,178196
84.6773,177850
84.6803,178297
84.6837,177706
84.6878,177706
84.6939,177974
84.6964,177941
84.7000,177868
84.7042,177924
84.7108,178269
84.7129,178180
84.7165,177719
84.7205,178280
84.7247,178014
84.7292,178023
84.7328,177946
84.7369,177798
84.7410,177931
84.7455,177725
84.7494,177752
84.7533,178596
84.7575,178127
84.7623,177945
84.7662,178486
84.7698,178304
84.7739,178431
84.7780,178065
84.7786,177954
84.7824,178341
84.7860,178683
84.7902,178218
84.7948,177790
84.7987,178872
84.8032,177928
84.8067,178670
84.8115,177803
84.8156,177986
84.8191,178573
84.8230,178519
84.8283,178302
84.8313,177948
84.8357,178005
84.8399,178404
84.8450,177701
84.8478,177772
84.8516,177283
84.8557,178390
84.8607,178443
84.8644,177347
84.8684,178341
84.8727,177113
84.8785,178058
84.8808,178185
84.8847,178469
84.8885,178319
84.8939,177790
84.8968,177725
84.9008,177512
84.9048,177760
84.9049,178189
84.9110,178009
84.9138,177908
84.9171,177309
84.9212,177240
84.9254,177164
84.9306,178003
84.9335,177339
84.9376,177452
84.9438,177937
84.9460,177474
84.9505,177564
84.9540,177485
84.9587,177640
84.9631,177992
84.9669,177310
84.9705,178231
84.9745,177916
84.9794,177625
84.9835,177840
84.9868,177784
84.9909,178027
84.9960,177833
84.9990,177812
85.0032,178288
85.0073,178648
85.0126,178067
85.0171,178190
85.0199,178574
85.0238,177748
85.0278,178310
85.0319,178036
85.0320,178357
85.0359,177648
85.0400,177855
85.0446,178433
85.0487,178712
85.0528,178862
85.0572,178018
85.0621,178316
85.0650,178146
85.0694,178124
85.0735,178400
85.0778,178325
85.0815,178844
85.0853,177843
85.0893,177674
85.0952,178052
85.0980,177720
85.1020,177687
85.1057,177409
85.1120,177783
85.1147,177907
85.1178,178263
85.1222,177977
85.1286,177611
85.1304,178042
85.1346,178086
85.1383,178054
85.1458,177780
85.1480,177853
85.1507,177838
85.1548,177537
85.1592,178113
85.1611,178171
85.1633,177866
85.1673,177455
85.1713,177766
85.1777,177916
85.1796,178133
85.1839,178259
85.1875,178414
85.1925,177826
85.1960,177826
85.2001,178130
85.2038,178050
85.2080,178119
85.2126,177793
85.2161,178244
85.2202,178459
85.2243,177587
85.2287,177919
85.2331,178240
85.2366,177929
85.2409,177664
85.2456,178195
85.2490,177233
85.2530,177824
85.2571,177301
85.2615,177604
85.2652,177869
85.2694,177803
85.2735,178199
85.2783,178038
85.2818,177889
85.2858,177879
85.2859,177943
85.2900,178149
85.2947,177569
85.2982,178178
85.3022,178427
85.3065,177981
85.3112,177628
85.3150,178210
85.3185,177350
85.3229,177856
85.3271,178165
85.3310,177815
85.3349,178348
85.3391,178141
85.3446,178465
85.3478,177987
85.3513,177944
85.3554,177590
85.3603,178097
85.3642,177754
85.3677,178448
85.3720,177849
85.3778,177814
85.3809,177448
85.3841,177302
85.3881,177195
85.3936,177619
85.3967,177758
85.4004,177339
85.4046,177526
85.4092,177138
85.4127,177952
85.4128,178023
85.4168,177979
85.4209,178132
85.4260,178402
85.4298,177445
85.4337,178336
85.4379,178248
85.4435,177954
85.4461,178548
85.4496,178303
85.4536,177864
85.4599,178428
85.4625,178342
85.4660,178451
85.4700,178031
85.4742,178486
85.4789,177977
85.4824,177302
85.4864,177609
85.4906,177816
85.4951,177669
85.4987,178094
85.5028,177687
85.5069,177454
85.5118,177514
85.5157,178311
85.5198,177931
85.5234,177251
85.5279,176911
85.5322,177399
85.5357,177609
85.5398,178000
85.5399,177971
85.5445,177774
85.5484,177346
85.5524,177821
85.5567,177903
85.5607,177797
85.5648,178004
85.5684,178309
85.5726,177206
85.5774,177440
85.5812,177401
85.5847,177839
85.5889,178075
85.5946,177674
85.5976,177771
85.6012,177825
85.6052,178078
85.6105,178168
85.6140,178133
85.6181,177892
85.6218,177989
85.6288,177418
85.6308,177709
85.6339,177633
85.6380,177757
85.6451,177868
85.6470,178110
85.6507,178089
85.6548,177431
85.6628,178052
85.6631,178159
85.6668,178382
85.6669,178277
85.6708,177691
85.6777,178219
85.6799,178325
85.6831,178011
85.6872,178627
85.6913,178579
85.6963,178387
85.7000,178237
85.7040,178044
85.7110,178130
85.7124,177740
85.7161,177558
85.7200,177806
85.7241,177669
85.7290,177962
85.7325,177734
85.7363,177853
85.7404,178246
85.7449,177462
85.7486,177572
85.7527,177472
85.7568,178017
85.7615,177812
85.7656,177955
85.7690,177945
85.7733,178202
85.7779,177902
85.7814,177740
85.7855,177731
85.7897,177523
85.7937,177887
85.7978,177596
85.7979,177975
85.8018,177494
85.8061,178015
85.8109,177376
85.8148,178286
85.8182,177923
85.8223,177441
85.8283,177737
85.8311,177667
85.8346,178160
85.8387,177560
85.8439,178009
85.8475,178171
85.8510,177919
85.8551,178513
85.8606,178012
85.8636,177843
85.8678,178423
85.8715,177537
85.8765,178515
85.8803,178477
85.8839,177472
85.8879,178698
85.8941,177769
85.8967,178455
85.9002,177719
85.9042,177918
85.9101,177608
85.9129,177913
85.9166,178192
85.9207,178522
85.9252,177631
85.9272,178034
85.9293,178044
85.9329,177939
85.9370,178116
85.9431,178122
85.9458,178281
85.9497,177667
85.9534,178119
85.9601,178772
85.9623,177997
85.9664,178158
85.9697,178422
85.9739,178259
85.9788,178241
85.9821,177739
85.9862,178252
85.9903,177733
85.9951,177524
85.9992,178131
86.0025,178430
86.0067,178454
86.0114,178066
86.0159,177606
86.0189,178009
86.0230,177925
86.0283,178072
86.0320,177999
86.0353,178433
86.0395,178277
86.0441,177760
86.0477,178038
86.0517,178348
86.0518,178212
86.0559,177495
86.0608,177319
86.0644,177798
86.0681,178163
86.0724,178147
86.0774,177351
86.0809,178305
86.0845,178036
86.0886,177880
86.0935,178137
86.0971,178617
86.1015,177808
86.1050,178612
86.1098,178008
86.1137,178330
86.1172,178356
86.1214,178351
86.1264,177787
86.1300,177781
86.1342,177913
86.1377,178170
86.1435,178260
86.1467,178097
86.1500,177954
86.1541,177738
86.1599,178525
86.1629,178196
86.1664,178003
86.1706,178298
86.1770,178218
86.1787,178254
86.1791,178292
86.1829,178358
86.1869,178324
86.1910,178196
86.1958,178733
86.1992,178516
86.2033,178594
86.2074,178267
86.2124,178142
86.2157,178800
86.2197,179076
86.2238,178748
86.2287,178336
86.2319,178283
86.2360,178355
86.2402,178110
86.2454,178006
86.2483,177969
86.2524,178271
86.2565,178419
86.2618,178338
86.2653,178209
86.2688,179004
86.2730,178122
86.2780,178505
86.2813,178328
86.2852,178389
86.2893,178051
86.2939,178559
86.2981,178491
86.3017,178295
86.3057,178466
86.3058,178223
86.3104,177554
86.3147,178122
86.3179,178694
86.3221,177955
86.3265,177816
86.3309,178098
86.3343,177913
86.3384,178043
86.3430,177785
86.3476,177928
86.3507,178556
86.3548,177732
86.3597,177701
86.3636,178059
86.3671,177982
86.3714,177604
86.3766,177885
86.3795,177939
86.3834,177719
86.3875,178003
86.3930,177649
86.3961,178039
86.3998,177893
86.4039,178181
86.4093,178695
86.4129,178851
86.4162,177987
86.4203,178450
86.4269,178334
86.4289,177905
86.4327,177360
86.4328,178274
86.4367,178345
86.4435,177601
86.4455,178315
86.4493,178118
86.4531,178022
86.4572,177743
86.4616,177354
86.4659,177777
86.4695,177889
86.4736,176831
86.4783,177791
86.4817,177307
86.4858,177409
86.4899,177600
86.4947,177627
86.4991,177742
86.5022,177703
86.5064,177651
86.5114,177606
86.5152,177391
86.5186,177763
86.5229,177708
86.5276,177521
86.5315,177381
86.5356,177891
86.5392,177398
86.5440,178206
86.5479,177576
86.5520,177830
86.5556,177094
86.5597,178151
86.5605,177343
86.5636,178342
86.5678,177696
86.5720,178349
86.5764,178097
86.5807,178464
86.5850,178041
86.5883,178517
86.5926,178180
86.5969,177829
86.6006,177730
86.6047,178725
86.6104,178150
86.6135,177539
86.6169,177925
86.6211,177903
86.6272,177657
86.6300,177599
86.6333,177867
86.6374,178052
86.6427,177808
86.6465,178015
86.6502,177780
86.6551,178288
86.6599,178103
86.6625,178665
86.6660,177487
86.6702,177868
86.6764,177794
86.6786,177911
86.6826,177645
86.6866,177785
86.6907,178504
86.6932,178504
86.6952,178121
86.6988,178385
86.7029,177524
86.7071,177134
86.7117,177760
86.7161,177797
86.7196,178234
86.7235,178180
86.7287,178086
86.7321,177411
86.7357,177791
86.7399,177941
86.7450,178494
86.7486,178043
86.7521,178171
86.7562,177988
86.7620,177886
86.7651,177649
86.7685,178273
86.7726,177948
86.7793,178448
86.7817,178386
86.7848,178382
86.7890,178093
86.7952,178014
86.7976,177947
86.8021,178359
86.8057,178601
86.8102,178215
86.8135,178245
86.8176,178036
86.8178,177436
86.8219,178335
86.8272,178076
86.8305,177932
86.8340,177690
86.8381,178380
86.8433,177698
86.8471,177816
86.8504,177997
86.8546,177569
86.8606,178229
86.8629,177804
86.8669,177401
86.8710,178206
86.8762,178092
86.8795,177709
86.8832,177868
86.8873,178191
86.8933,178205
86.8959,177751
86.8995,178222
86.9036,178233
86.9100,178587
86.9130,178464
86.9159,178400
86.9200,178069
86.9260,177811
86.9288,178120
86.9323,177851
86.9364,177618
86.9424,177467
86.9448,177442
86.9454,177954
86.9487,177311
86.9528,177674
86.9579,177071
86.9616,177013
86.9651,177707
86.9692,177935
86.9732,177109
86.9776,177293
86.9821,177240
86.9855,177380
86.9896,177922
86.9944,178709
86.9986,178282
87.0020,177376
87.0060,177532
87.0110,177395
87.0149,177585
87.0185,178066
87.0224,177740
87.0274,178390
87.0316,177610
87.0354,177766
87.0389,178243
87.0437,178415
87.0480,178143
87.0516,178472
87.0554,177938
87.0600,177654
87.0639,178077
87.0677,177850
87.0721,177879
87.0723,177600
87.0785,177665
87.0801,177907
87.0845,178710
87.0880,178227
87.0935,178459
87.0967,178266
87.1010,178592
87.1044,177805
87.1110,177974
87.1134,178163
87.1171,178174
87.1211,178225
87.1272,178259
87.1297,177562
87.1330,178595
87.1371,177887
87.1452,178113
87.1465,178426
87.1506,178570
87.1542,178408
87.1610,178237
87.1627,178528
87.1662,177893
87.1699,178734
87.1771,178216
87.1799,177916
87.1842,178067
87.1863,178051
87.1904,178142
87.1960,178336
87.1985,178721
87.1986,178337
87.2027,178081
87.2069,178066
87.2115,178089
87.2154,177336
87.2190,177441
87.2233,177700
87.2281,177858
87.2318,177828
87.2354,178444
87.2402,177950
87.2479,177314
87.2482,177888
87.2520,177613
87.2563,177667
87.2628,177434
87.2648,177572
87.2684,177668
87.2724,178244
87.2794,177889
87.2806,177871
87.2846,177643
87.2887,177921
87.2951,177785
87.2970,177923
87.3019,178087
87.3051,178009
87.3103,178271
87.3139,177655
87.3185,177696
87.3215,178010
87.3278,178274
87.3296,178192
87.3307,177969
87.3349,177817
87.3379,178148
87.3433,178435
87.3465,178122
87.3501,177696
87.3542,178097
87.3597,177532
87.3636,178021
87.3666,177744
87.3719,177642
87.3785,177530
87.3792,177411
87.3830,177835
87.3870,178030
87.3930,178261
87.3962,178080
87.3992,177883
87.4033,178584
87.4090,178513
87.4128,178268
87.4158,177902
87.4197,177821
87.4256,177746
87.4288,178053
87.4320,178123
87.4361,177951
87.4424,177949
87.4446,177722
87.4486,178828
87.4525,177870
87.4566,178074
87.4591,178015
87.4612,178565
87.4649,177952
87.4689,177946
87.4730,178048
87.4776,177938
87.4814,178588
87.4852,178315
87.4893,178620
87.4939,178100
87.4975,178527
87.5016,178307
87.5060,177569
87.5104,178085
87.5143,177705
87.5181,177842
87.5221,177816
87.5266,178093
87.5305,177472
87.5345,177468
87.5387,178394
87.5435,178544
87.5472,178190
87.5508,177647
87.5552,178162
87.5598,178050
87.5639,178203
87.5672,177951
87.5713,178437
87.5769,177800
87.5798,178145
87.5838,177791
87.5839,177980
87.5877,177585
87.5934,178234
87.5962,177454
87.6003,178277
87.6041,178423
87.6105,178460
87.6128,178136
87.6163,178214
87.6205,178503
87.6262,177763
87.6298,178025
87.6327,178309
87.6368,177779
87.6436,177696
87.6454,177987
87.6495,177665
87.6534,177740
87.6596,177150
87.6619,177756
87.6659,177495
87.6699,178059
87.6755,177383
87.6783,178010
87.6826,177800
87.6861,177448
87.6925,177706
87.6950,177211
87.6990,177741
87.7024,178216
87.7088,178016
87.7106,177708
87.7111,177881
87.7153,177804
87.7187,177882
87.7258,177990
87.7271,177879
87.7312,178140
87.7351,177777
87.7392,177722
87.7438,177303
87.7477,177550
87.7516,177164
87.7557,177583
87.7601,178299
87.7641,178158
87.7679,178286
87.7720,178631
87.7769,177938
87.7806,178121
87.7843,178840
87.7884,178161
87.7933,178246
87.7972,178424
87.8007,177805
87.8050,177902
87.8097,178098
87.8138,177831
87.8173,178317
87.8213,177860
87.8319,177823
87.8331,178224
87.8338,177943
87.8375,177781
87.8376,177509
87.8429,177247
87.8465,177941
87.8498,178270
87.8539,177513
87.8591,177691
87.8628,178252
87.8662,178027
87.8703,177964
87.8780,178610
87.8786,178445
87.8829,177740
87.8866,177483
87.8935,177899
87.8953,178415
87.8994,177957
87.9031,177825
87.9094,178453
87.9117,178091
87.9159,177873
87.9194,177223
87.9256,177462
87.9283,177018
87.9321,177475
87.9362,177147
87.9426,177908
87.9447,177943
87.9485,177565
87.9524,177969
87.9598,178049
87.9609,177779
87.9646,177593
87.9647,177855
87.9685,177553
87.9728,177569
87.9775,177853
87.9815,177905
87.9849,178077
87.9891,177624
87.9934,178284
87.9978,178395
88.0013,178637
88.0055,177787
88.0101,178081
88.0145,177991
88.0177,177728
88.0219,177937
88.0263,177596
88.0301,178321
88.0344,177851
88.0383,177913
88.0432,177783
88.0471,178305
88.0506,178188
88.0547,177822
88.0600,177683
88.0632,178141
88.0672,178406
88.0711,178185
88.0757,178017
88.0801,177964
88.0833,178312
88.0874,178271
88.0916,177636
88.0955,178322
88.0957,178718
88.0996,178280
88.1037,178662
88.1099,178304
88.1128,178481
88.1160,177978
88.1201,178012
88.1261,178792
88.1291,177671
88.1324,177875
88.1364,177614
88.1426,177808
88.1453,178202
88.1488,177916
88.1529,178226
88.1570,177469
88.1612,177638
88.1655,178167
88.1699,178224
88.1738,178042
88.1800,177271
88.1823,177684
88.1856,177778
88.1923,177574
88.1947,177587
88.1979,177872
88.2020,177629
88.2091,177538
88.2111,177604
88.2145,177547
88.2184,177859
88.2225,177719
88.2250,177390
88.2277,177867
88.2307,178367
88.2348,178232
88.2390,177740
88.2439,177897
88.2478,177535
88.2512,177860
88.2555,178085
88.2605,178072
88.2642,177999
88.2688,177334
88.2718,178092
88.2775,178074
88.2808,177535
88.2840,178244
88.2881,178092
88.2928,177619
88.2971,177443
88.3010,178168
88.3045,177660
88.3090,177942
88.3132,178143
88.3167,178789
88.3208,177509
88.3261,177688
88.3298,178220
88.3332,178158
88.3373,177565
88.3423,178229
88.3457,177884
88.3496,177685
88.3497,177840
88.3536,178155
88.3602,178162
88.3621,178109
88.3660,178129
88.3700,177760
88.3757,178113
88.3789,177877
88.3822,178571
88.3864,178576
88.3913,178095
88.3955,178541
88.3993,178128
88.4027,178030
88.4069,178443
88.4109,178258
88.4150,177996
88.4191,178883
88.4239,178077
88.4280,178112
88.4313,178034
88.4355,177941
88.4396,177432
88.4437,177829
88.4488,177570
88.4518,177869
88.4560,177605
88.4601,177590
88.4642,177685
88.4683,177849
88.4725,178634
88.4766,178015
88.4767,178065
88.4805,178698
88.4846,178181
88.4889,178414
88.4929,178318
88.4969,178450
88.5010,178242
88.5053,178505
88.5093,177645
88.5134,178163
88.5175,178250
88.5215,177903
88.5257,178195
88.5297,178405
88.5338,177941
88.5379,178136
88.5419,178099
88.5461,178458
88.5502,178318
88.5543,178658
88.5584,178178
88.5624,178790
88.5665,177832
88.5706,178293
88.5747,178525
88.5788,178098
88.5830,177470
88.5871,177809
88.5912,177786
88.5952,178453
88.5994,178052
88.6035,178740
88.6036,178425
88.6075,177691
88.6116,177678
88.6157,178048
88.6198,178061
88.6239,177491
88.6280,177200
88.6321,177440
88.6362,177678
88.6403,177140
88.6443,177807
88.6485,177604
88.6526,178082
88.6567,177996
88.6607,177786
88.6648,178026
88.6689,177783
88.6730,177302
88.6771,177464
88.6812,178073
88.6853,177642
88.6894,178030
88.6935,178245
88.6976,177334
88.7017,177833
88.7058,177352
88.7099,177937
88.7140,177793
88.7181,177756
88.7222,177848
88.7264,178223
88.7305,178100
88.7306,178020
88.7345,178499
88.7386,178097
88.7426,178288
88.7468,177982
88.7508,178020
88.7550,178299
88.7590,178398
88.7631,178573
88.7672,178416
88.7713,178043
88.7754,178226
88.7795,177955
88.7836,178368
88.7881,178442
88.7918,177645
88.7959,178001
88.8000,177423
88.8042,177781
88.8082,177740
88.8123,178500
88.8164,178136
88.8206,177784
88.8246,177687
88.8287,178237
88.8327,177227
88.8369,177985
88.8410,177573
88.8451,178217
88.8492,177960
88.8534,177900
88.8579,177983
88.8614,177957
88.8616,177734
88.8655,177695
88.8697,178043
88.8737,177863
88.8778,178130
88.8819,178093
88.8860,177663
88.8902,178051
88.8942,178145
88.8983,178119
88.9024,177566
88.9065,177736
88.9107,177813
88.9147,177874
88.9188,178009
88.9229,178503
88.9270,177628
88.9311,177683
88.9352,177135
88.9393,177690
88.9433,177942
88.9474,177981
88.9515,177864
88.9557,177868
88.9598,177471
88.9638,177513
88.9679,177577
88.9721,177269
88.9762,176992
88.9811,177194
88.9850,176929
88.9885,177355
88.9887,177278
88.9926,177419
88.9966,177574
89.0008,177229
89.0048,177110
89.0089,177430
89.0130,177317
89.0172,177346
89.0212,177410
89.0253,177789
89.0294,176985
89.0334,177345
89.0376,177381
89.0417,177778
89.0457,177849
89.0499,178346
89.0539,178835
89.0580,177960
89.0622,177612
89.0663,176990
89.0704,178214
89.0744,178299
89.0790,178143
89.0826,178069
89.0867,178256
89.0908,178609
89.0949,177933
89.0990,177821
89.1032,177608
89.1073,177488
89.1114,177463
89.1153,177415
89.1154,178048
89.1196,178112
89.1236,178210
89.1276,178019
89.1318,177785
89.1359,177467
89.1401,177901
89.1440,177246
89.1482,177905
89.1523,177984
89.1564,177631
89.1604,177760
89.1645,177957
89.1686,177599
89.1727,178070
89.1768,177762
89.1810,177696
89.1852,177039
89.1892,178114
89.1932,178047
89.1974,177749
89.2014,178111
89.2057,178261
89.2096,177695
89.2137,177624
89.2178,177828
89.2219,177733
89.2260,177537
89.2302,177951
89.2353,177587
89.2384,178063
89.2425,177835
89.2426,177754
89.2465,177694
89.2506,177908
89.2547,177259
89.2588,178026
89.2629,177398
89.2670,177020
89.2711,177392
89.2753,177058
89.2795,177504
89.2834,177113
89.2875,177249
89.2916,176846
89.2956,177989
89.2998,177597
89.3038,178070
89.3079,177640
89.3121,177769
89.3161,178420
89.3202,178176
89.3244,177909
89.3285,177710
89.3334,177505
89.3366,177860
89.3407,177558
89.3449,178376
89.3490,177837
89.3530,178168
89.3571,177651
89.3612,177943
89.3662,178441
89.3693,177620
89.3695,177721
89.3735,177883
89.3777,177859
89.3818,177440
89.3858,177748
89.3900,178453
89.3939,178185
89.3980,178163
89.4022,177761
89.4062,177751
89.4104,178050
89.4144,177322
89.4186,177026
89.4226,177049
89.4267,177108
89.4308,177859
89.4350,177416
89.4391,178244
89.4431,177539
89.4472,178057
89.4512,177996
89.4554,178103
89.4596,178216
89.4636,177289
89.4676,177085
89.4718,177880
89.4763,177318
89.4800,177590
89.4841,177035
89.4882,177207
89.4925,177459
89.4967,177458
89.4975,177110
89.5005,177571
89.5045,176967
89.5086,177048
89.5127,176929
89.5168,177784
89.5210,177034
89.5251,177511
89.5302,177509
89.5332,177591
89.5373,177719
89.5424,177606
89.5459,177565
89.5496,177327
89.5539,177240
89.5578,177443
89.5619,177694
89.5660,177349
89.5701,177988
89.5745,178139
89.5783,178103
89.5824,177597
89.5864,177162
89.5905,177976
89.5961,178261
89.5987,178412
89.6029,177690
89.6071,178384
89.6110,177901
89.6152,177333
89.6193,177849
89.6233,177879
89.6235,177333
89.6277,178175
89.6314,177448
89.6356,178314
89.6397,178139
89.6439,177788
89.6480,178284
89.6520,177762
89.6561,177665
89.6604,177438
89.6643,178061
89.6684,176949
89.6725,177887
89.6765,177590
89.6807,178046
89.6848,178196
89.6889,178323
89.6932,177838
89.6971,177627
89.7012,177559
89.7052,177804
89.7093,177526
89.7134,178206
89.7175,177575
89.7217,177859
89.7260,177405
89.7299,177655
89.7340,177400
89.7380,177798
89.7421,177993
89.7462,177809
89.7503,178177
89.7504,177528
89.7546,178107
89.7584,177813
89.7626,177885
89.7667,178555
89.7708,178661
89.7749,177900
89.7789,177871
89.7830,177551
89.7872,178169
89.7912,178031
89.7953,178552
89.7994,177434
89.8035,177869
89.8078,177990
89.8117,178274
89.8158,178138
89.8199,178047
89.8240,177822
89.8280,177437
89.8322,177838
89.8363,178210
89.8404,178063
89.8444,178037
89.8486,177765
89.8527,177798
89.8568,178201
89.8608,177545
89.8650,178254
89.8691,177860
89.8733,178345
89.8773,177514
89.8776,178171
89.8814,177882
89.8854,177937
89.8895,177738
89.8936,178602
89.8977,177630
89.9018,177663
89.9059,178334
89.9100,178128
89.9141,177900
89.9182,177632
89.9223,177554
89.9264,178266
89.9305,177668
89.9345,178056
89.9387,178292
89.9428,177963
89.9468,178005
89.9509,178072
89.9550,178223
89.9591,178099
89.9632,177884
89.9674,178001
89.9715,177782
89.9756,177900
89.9797,178066
89.9838,178054
89.9879,177727
89.9920,177642
89.9961,177930
90.0003,177679
90.0044,178010
90.0085,177586
90.0092,177925
90.0124,177670
90.0165,177983
90.0208,177675
90.0248,177402
90.0288,177695
90.0329,177844
90.0370,177614
90.0411,178215
90.0453,177722
90.0493,178616
90.0533,177882
90.0574,177771
90.0619,178773
90.0657,177856
90.0697,177722
90.0741,177661
90.0779,178137
90.0820,177893
90.0866,178106
90.0903,177946
90.0944,177822
90.0984,178072
90.1025,178370
90.1066,177959
90.1108,178033
90.1149,177199
90.1192,177790
90.1231,178006
90.1272,178146
90.1313,177822
90.1353,178437
90.1355,178026
90.1395,178169
90.1435,177941
90.1476,178159
90.1517,177802
90.1557,177843
90.1600,178065
90.1640,177986
90.1682,177461
90.1722,178015
90.1763,178557
90.1816,177837
90.1844,177970
90.1885,178216
90.1926,177756
90.1967,177935
90.2008,177969
90.2049,177519
90.2090,178230
90.2131,178094
90.2174,177919
90.2213,177366
90.2255,177144
90.2295,177972
90.2336,177532
90.2377,177569
90.2418,177487
90.2459,177257
90.2500,177620
90.2541,177024
90.2583,177894
90.2630,177739
90.2638,177537
90.2663,177012
90.2707,176837
90.2746,177389
90.2787,177972
90.2827,177525
90.2869,177776
90.2909,177247
90.2950,177501
90.2991,177487
90.3032,177317
90.3073,177445
90.3114,177671
90.3157,177065
90.3196,177205
90.3237,177021
90.3278,177806
90.3318,177834
90.3360,176996
90.3401,177343
90.3443,177268
90.3483,177717
90.3523,177104
90.3564,177368
90.3605,177228
90.3648,177156
90.3687,177523
90.3728,177827
90.3769,176831
90.3811,177276
90.3855,177765
90.3894,177691
90.3895,177863
90.3933,177690
90.3974,178162
90.4015,178339
90.4058,177960
90.4101,177915
90.4143,177617
90.4191,178110
90.4221,178039
90.4270,178035
90.4302,177438
90.4343,178071
90.4392,178218
90.4433,177152
90.4466,178082
90.4507,177659
90.4556,178207
90.4593,177762
90.4636,177594
90.4671,177648
90.4712,177930
90.4760,177289
90.4799,177639
90.4834,178576
90.4875,177542
90.4923,177141
90.4965,177994
90.5010,177729
90.5040,177845
90.5088,178257
90.5123,177934
90.5162,178537
90.5163,178132
90.5204,178308
90.5249,178007
90.5294,177779
90.5333,177915
90.5370,177684
90.5412,177411
90.5456,178072
90.5490,178432
90.5531,177924
90.5578,178122
90.5620,178054
90.5661,177589
90.5697,177668
90.5745,177439
90.5776,178090
90.5817,178342
90.5860,177948
90.5904,177627
90.5947,177242
90.5982,177739
90.6022,177836
90.6068,177378
90.6112,177157
90.6145,177507
90.6188,177583
90.6232,177409
90.6271,177696
90.6313,177916
90.6350,177825
90.6403,177373
90.6432,177936
90.6473,177548
90.6475,177547
90.6514,178107
90.6558,177634
90.6601,177756
90.6637,177392
90.6677,177585
90.6725,177989
90.6762,177551
90.6801,177613
90.6842,177103
90.6884,177382
90.6928,177601
90.6964,177896
90.7005,178194
90.7048,177658
90.7095,177134
90.7129,177815
90.7169,178063
90.7211,177506
90.7255,177464
90.7292,177752
90.7333,177577
90.7374,177573
90.7421,177573
90.7456,177800
90.7496,177666
90.7538,177565
90.7585,177542
90.7620,177959
90.7661,178017
90.7702,177764
90.7743,178006
90.7744,177973
90.7783,177766
90.7824,177691
90.7866,177543
90.7915,178199
90.7947,177855
90.7988,178156
90.8030,177333
90.8076,177536
90.8114,177649
90.8152,177348
90.8194,177499
90.8239,177395
90.8275,177854
90.8315,177541
90.8359,177932
90.8402,177974
90.8443,178267
90.8488,177811
90.8521,177842
90.8570,177863
90.8602,177911
90.8643,177767
90.8685,177895
90.8735,177741
90.8768,177666
90.8807,177930
90.8848,177942
90.8896,178090
90.8931,178112
90.8971,177930
90.9012,177533
90.9013,178316
90.9059,177899
90.9094,178015
90.9135,177184
90.9175,177587
90.9218,177780
90.9261,177956
90.9301,177854
90.9340,177494
90.9386,177772
90.9422,178150
90.9463,177824
90.9504,177611
90.9545,177914
90.9585,178268
90.9627,177493
90.9667,178223
90.9708,177731
90.9749,177750
90.9790,177915
90.9831,177955
90.9872,178025
90.9913,177466
90.9954,177920
90.9995,178079
91.0036,177760
91.0077,177935
91.0117,177615
91.0158,177818
91.0200,177374
91.0242,177954
91.0282,177370
91.0283,177349
91.0322,177618
91.0364,177193
91.0404,177764
91.0446,177507
91.0486,177711
91.0527,177903
91.0568,177716
91.0609,177777
91.0652,177418
91.0692,177758
91.0732,177993
91.0773,177876
91.0814,177983
91.0855,177517
91.0896,177602
91.0937,178174
91.0978,177827
91.1019,178317
91.1060,177843
91.1101,177939
91.1141,177138
91.1183,178039
91.1224,177490
91.1265,177204
91.1306,177210
91.1346,177877
91.1388,177766
91.1429,177764
91.1472,177680
91.1513,177778
91.1552,178011
91.1554,177965
91.1592,177909
91.1634,178319
91.1674,177492
91.1715,177974
91.1757,177690
91.1807,177692
91.1838,177665
91.1879,177762
91.1921,178179
91.1961,178645
91.2003,178102
91.2044,177219
91.2084,177017
91.2125,178176
91.2166,177299
91.2208,178056
91.2247,177968
91.2299,178039
91.2329,178045
91.2371,177946
91.2411,178332
91.2453,177886
91.2493,178022
91.2534,177509
91.2575,177246
91.2616,177288
91.2657,177599
91.2699,177515
91.2740,177349
91.2781,177301
91.2822,177674
91.2823,178145
91.2862,177544
91.2903,177455
91.2944,177469
91.2985,178188
91.3026,178206
91.3067,177072
91.3107,178328
91.3148,177544
91.3190,177607
91.3231,177631
91.3272,177458
91.3312,178036
91.3354,178031
91.3394,177512
91.3435,177778
91.3476,177978
91.3518,177621
91.3558,177673
91.3599,178000
91.3640,177823
91.3684,177688
91.3722,177315
91.3763,177799
91.3804,177863
91.3845,177261
91.3886,178052
91.3927,177476
91.3968,177639
91.4009,177429
91.4051,177979
91.4091,177582
91.4131,177137
91.4135,178102
91.4173,177871
91.4213,177487
91.4255,177793
91.4295,177749
91.4336,176992
91.4377,178128
91.4418,177488
91.4459,177800
91.4500,177963
91.4541,177592
91.4582,178126
91.4623,178047
91.4664,178207
91.4705,177309
91.4746,177185
91.4787,177297
91.4828,177790
91.4869,177603
91.4910,178171
91.4951,177297
91.4992,177317
91.5033,177244
91.5074,176991
91.5114,177038
91.5156,177967
91.5197,176772
91.5237,177152
91.5279,177025
91.5321,177766
91.5362,177311
91.5402,177819
91.5404,177472
91.5443,177427
91.5483,177353
91.5524,177581
91.5565,177416
91.5606,177616
91.5647,177427
91.5689,177327
91.5729,177857
91.5770,177336
91.5811,177471
91.5852,177269
91.5893,176859
91.5934,177160
91.5975,177518
91.6016,178031
91.6057,177337
91.6098,177991
91.6138,177721
91.6181,177884
91.6221,177588
91.6261,177968
91.6302,177576
91.6343,177679
91.6384,177442
91.6425,177455
91.6466,177903
91.6507,177729
91.6548,177806
91.6591,177876
91.6630,177745
91.6671,177873
91.6673,177774
91.6712,177085
91.6753,177949
91.6794,177025
91.6835,177154
91.6876,177875
91.6917,178271
91.6957,178025
91.6998,178188
91.7040,177706
91.7080,177781
91.7121,177495
91.7163,178037
91.7204,177768
91.7244,177568
91.7285,178451
91.7326,177863
91.7367,177518
91.7408,178066
91.7449,177996
91.7490,177567
91.7531,177500
91.7573,177991
91.7613,177877
91.7654,177229
91.7695,177968
91.7736,178220
91.7777,178147
91.7818,178233
91.7859,177732
91.7901,178207
91.7948,177907
91.7961,177714
91.7983,177703
91.8023,178116
91.8067,177603
91.8105,177449
91.8146,178136
91.8187,178276
91.8228,178075
91.8269,177537
91.8310,177955
91.8351,177368
91.8392,177585
91.8433,178357
91.8473,177867
91.8514,177798
91.8556,178061
91.8596,177830
91.8638,177778
91.8681,177854
91.8719,177517
91.8760,178123
91.8802,177946
91.8842,177735
91.8883,177923
91.8924,177782
91.8965,178147
91.9005,177672
91.9047,177068
91.9087,177882
91.9129,178162
91.9170,178503
91.9217,177901
91.9221,177748
91.9252,177661
91.9292,176954
91.9333,177756
91.9374,177303
91.9415,177694
91.9456,177260
91.9497,177973
91.9538,178053
91.9579,177999
91.9620,178218
91.9661,177559
91.9702,177587
91.9743,177962
91.9784,177979
91.9825,177832
91.9866,177761
91.9907,177920
91.9948,178286
91.9989,177804
92.0030,177920
92.0071,178186
92.0111,178213
92.0153,178337
92.0193,177775
92.0235,177920
92.0275,177641
92.0316,177704
92.0358,177665
92.0399,177881
92.0446,178312
92.0481,178346
92.0482,177767
92.0521,178143
92.0562,177603
92.0603,177215
92.0644,177811
92.0686,177348
92.0726,177153
92.0767,177284
92.0808,177346
92.0849,177041
92.0890,177736
92.0931,177432
92.0972,177556
92.1014,177490
92.1054,178079
92.1095,177436
92.1136,177699
92.1177,178015
92.1218,178750
92.1259,178168
92.1299,178651
92.1340,178005
92.1381,177814
92.1430,177657
92.1471,178601
92.1504,178239
92.1545,178317
92.1586,178445
92.1627,178350
92.1668,178509
92.1718,178659
92.1751,178962
92.1792,178378
92.1793,178668
92.1832,177948
92.1873,178600
92.1914,178069
92.1954,178214
92.1996,178415
92.2039,178252
92.2077,177802
92.2118,178131
92.2160,177886
92.2201,178537
92.2241,178364
92.2282,178218
92.2323,177922
92.2364,178453
92.2406,178194
92.2446,178548
92.2487,178601
92.2528,177766
92.2569,178154
92.2610,178321
92.2651,178748
92.2693,178532
92.2733,178510
92.2774,178559
92.2815,178199
92.2856,178080
92.2897,177776
92.2938,178293
92.2980,178159
92.3022,177896
92.3061,177702
92.3062,177882
92.3102,178178
92.3143,178004
92.3185,178004
92.3225,178000
92.3265,177671
92.3306,177695
92.3348,177700
92.3388,178269
92.3429,178120
92.3470,178289
92.3513,178052
92.3554,177820
92.3593,178223
92.3634,178112
92.3679,178126
92.3718,177992
92.3757,177919
92.3800,177713
92.3840,178136
92.3880,178052
92.3931,178178
92.3962,178760
92.4004,178232
92.4044,178193
92.4086,178056
92.4126,178378
92.4167,178473
92.4208,178722
92.4250,177926
92.4290,178153
92.4332,177415
92.4341,178456
92.4372,178126
92.4432,178103
92.4455,178280
92.4494,178284
92.4535,177691
92.4576,177816
92.4617,177967
92.4659,178333
92.4700,178470
92.4740,178281
92.4782,178479
92.4822,178285
92.4864,178369
92.4904,178559
92.4945,178469
92.4990,178536
92.5028,177653
92.5069,178242
92.5110,177664
92.5151,178405
92.5191,177753
92.5232,177935
92.5273,177687
92.5315,178146
92.5355,177861
92.5397,178036
92.5437,178782
92.5478,178198
92.5519,178466
92.5560,178325
92.5601,178433
92.5602,178138
92.5641,178559
92.5683,178397
92.5723,177894
92.5764,178219
92.5805,178474
92.5847,177676
92.5887,177952
92.5928,178024
92.5969,178000
92.6011,178286
92.6051,177610
92.6092,177750
92.6133,178022
92.6174,177870
92.6215,177951
92.6256,178330
92.6296,178341
92.6342,177852
92.6378,177640
92.6419,177650
92.6460,179060
92.6501,178746
92.6542,178514
92.6583,178181
92.6624,178394
92.6665,178654
92.6706,178574
92.6747,178175
92.6788,177713
92.6835,177309
92.6873,177776
92.6879,178029
92.6911,177461
92.6952,178471
92.6993,178186
92.7034,178608
92.7074,177679
92.7116,178520
92.7157,178222
92.7197,177967
92.7238,177801
92.7280,178614
92.7320,178229
92.7361,178707
92.7402,178073
92.7443,178420
92.7484,178064
92.7525,177940
92.7567,178679
92.7607,178456
92.7648,178449
92.7695,178148
92.7730,178242
92.7771,178375
92.7812,178512
92.7853,178004
92.7894,178443
92.7935,178035
92.7976,178686
92.8017,177580
92.8058,178285
92.8099,178455
92.8140,178293
92.8141,178385
92.8181,178141
92.8222,178297
92.8262,178566
92.8303,178446
92.8345,178696
92.8385,178258
92.8426,178012
92.8467,178558
92.8509,178483
92.8549,178062
92.8590,177729
92.8631,178259
92.8673,178178
92.8713,177895
92.8754,177521
92.8795,177555
92.8836,177536
92.8877,177768
92.8917,177845
92.8959,178066
92.9000,177754
92.9041,177805
92.9082,177213
92.9122,178311
92.9164,177523
92.9204,177324
92.9245,177972
92.9286,177795
92.9328,177592
92.9368,177159
92.9410,177753
92.9411,177792
92.9450,178050
92.9491,178144
92.9532,178018
92.9573,177934
92.9614,177913
92.9655,177850
92.9696,177012
92.9737,178414
92.9778,177725
92.9819,177714
92.9860,177302
92.9902,177617
92.9942,177047
92.9983,177267
93.0024,177346
93.0065,177670
93.0106,178046
93.0147,177823
93.0187,178186
93.0228,177594
93.0269,177409
93.0311,177323
93.0352,177471
93.0393,177714
93.0434,177624
93.0474,177819
93.0517,177866
93.0556,177628
93.0598,176955
93.0641,177274
93.0684,177201
93.0685,177184
93.0720,177307
93.0762,177227
93.0802,177736
93.0844,177474
93.0884,177270
93.0924,176981
93.0966,177259
93.1019,177330
93.1049,177567
93.1088,177174
93.1129,177431
93.1171,176919
93.1212,177761
93.1253,177376
93.1293,177231
93.1341,177606
93.1376,176844
93.1417,177504
93.1458,176842
93.1499,177443
93.1540,177550
93.1581,177082
93.1622,177721
93.1663,177521
93.1703,177185
93.1744,177423
93.1785,177950
93.1826,177455
93.1867,177456
93.1909,177590
93.1949,177232
93.1990,177345
93.1991,177599
93.2031,177605
93.2072,178166
93.2113,178175
93.2153,177668
93.2195,177318
93.2235,177904
93.2276,178061
93.2317,177780
93.2359,177860
93.2399,177969
93.2441,177518
93.2482,178171
93.2522,177783
93.2564,177896
93.2605,177855
93.2646,178643
93.2687,177226
93.2730,177478
93.2768,177731
93.2810,177378
93.2850,177963
93.2892,177314
93.2932,177767
93.2974,177645
93.3015,178011
93.3056,177925
93.3100,178113
93.3138,177486
93.3186,177563
93.3227,177630
93.3268,177500
93.3271,177738
93.3301,177520
93.3342,177249
93.3384,177803
93.3425,177265
93.3472,177839
93.3505,177237
93.3546,177265
93.3587,176703
93.3628,176982
93.3669,177642
93.3710,177264
93.3751,177458
93.3792,177009
93.3833,177636
93.3874,176743
93.3915,177817
93.3955,177502
93.3997,177420
93.4038,177073
93.4079,177195
93.4119,176939
93.4160,177645
93.4202,177077
93.4244,177044
93.4284,177294
93.4325,177222
93.4365,177148
93.4406,176777
93.4449,177194
93.4489,176597
93.4530,177301
93.4532,177870
93.4570,178406
93.4611,178709
93.4652,178007
93.4693,177417
93.4734,177388
93.4775,177451
93.4816,177380
93.4858,177795
93.4898,177566
93.4940,177430
93.4980,177954
93.5021,177526
93.5062,177773
93.5103,178019
93.5143,177561
93.5185,177418
93.5226,177823
93.5269,177735
93.5307,177411
93.5350,177314
93.5389,177503
93.5430,177471
93.5472,177717
93.5512,177543
93.5553,177247
93.5594,177506
93.5635,178003
93.5676,177578
93.5717,177485
93.5769,177687
93.5800,177685
93.5802,177578
93.5840,177671
93.5882,177507
93.5922,177493
93.5963,177362
93.6004,178121
93.6045,178186
93.6086,177775
93.6128,177457
93.6171,177802
93.6210,177500
93.6250,177760
93.6290,177566
93.6332,177345
93.6373,177442
93.6419,177525
93.6455,177000
93.6496,178141
93.6536,177947
93.6577,177662
93.6618,177674
93.6660,177940
93.6700,177837
93.6741,177620
93.6782,177165
93.6823,177790
93.6864,177461
93.6905,177376
93.6946,177834
93.6987,177410
93.7029,177697
93.7072,177543
93.7072,177265
93.7110,177631
93.7150,177132
93.7193,177240
93.7233,177319
93.7273,177873
93.7314,177587
93.7355,177825
93.7397,177783
93.7437,177315
93.7478,177433
93.7519,177623
93.7560,177706
93.7601,177781
93.7642,177691
93.7683,177465
93.7724,177902
93.7765,177687
93.7806,177889
93.7847,177781
93.7888,177276
93.7929,177176
93.7970,177254
93.8011,177617
93.8052,176895
93.8093,177783
93.8134,178046
93.8175,177920
93.8216,177085
93.8257,178247
93.8300,177529
93.8340,177378
93.8341,177425
93.8381,177795
93.8420,177538
93.8461,177639
93.8503,177421
93.8543,177572
93.8584,177695
93.8625,177776
93.8668,177696
93.8707,177713
93.8748,178302
93.8789,177444
93.8830,177554
93.8872,177330
93.8912,177338
93.8953,177841
93.8994,177429
93.9035,177414
93.9076,176570
93.9117,177084
93.9157,176874
93.9198,177028
93.9239,177289
93.9280,177101
93.9321,177405
93.9362,177578
93.9403,177564
93.9445,177239
93.9485,178195
93.9526,177939
93.9568,177232
93.9613,177160
93.9620,177603
93.9649,177202
93.9690,177504
93.9732,177471
93.9772,177210
93.9813,177969
93.9854,177339
93.9894,177442
93.9935,177606
93.9976,177227
94.0018,177508
94.0058,177736
94.0099,177640
94.0140,177264
94.0181,178023
94.0222,177413
94.0263,177564
94.0304,177477
94.0345,177758
94.0386,177366
94.0428,177251
94.0468,177300
94.0509,177409
94.0550,177266
94.0591,177900
94.0632,177737
94.0674,177650
94.0714,177663
94.0755,177469
94.0796,177584
94.0838,177631
94.0879,177687
94.0919,177348
94.0920,177729
94.0959,177246
94.1001,177713
94.1042,177306
94.1082,177157
94.1124,177022
94.1165,177009
94.1205,177605
94.1246,177883
94.1287,177675
94.1335,177256
94.1369,178089
94.1411,177873
94.1451,177421
94.1492,177324
94.1533,176920
94.1574,177109
94.1615,177048
94.1656,177274
94.1697,177571
94.1738,177001
94.1779,177139
94.1820,177456
94.1862,177842
94.1902,177217
94.1943,177751
94.1984,177176
94.2025,177295
94.2066,177502
94.2116,177260
94.2150,177635
94.2189,176843
94.2192,176893
94.2230,177739
94.2270,177596
94.2311,177700
94.2353,177135
94.2401,177660
94.2434,177102
94.2475,178044
94.2516,177658
94.2557,177204
94.2598,177055
94.2639,177774
94.2680,177282
94.2721,177752
94.2762,177742
94.2803,177493
94.2844,177515
94.2885,177051
94.2925,177493
94.2967,177530
94.3008,177762
94.3049,177674
94.3089,177519
94.3130,177491
94.3176,177323
94.3212,177650
94.3255,177317
94.3294,176671
94.3340,177283
94.3377,176846
94.3418,177495
94.3457,177237
94.3458,177452
94.3500,177292
94.3540,177527
94.3581,177666
94.3622,177353
94.3678,177307
94.3704,177466
94.3745,177439
94.3792,177851
94.3828,177349
94.3868,177318
94.3909,177261
94.3949,177289
94.3990,177807
94.4032,177380
94.4073,177108
94.4114,176978
94.4155,177381
94.4196,176850
94.4236,177404
94.4277,177230
94.4323,177423
94.4360,177538
94.4400,178024
94.4442,177666
94.4482,177145
94.4524,177562
94.4564,177340
94.4605,177259
94.4646,177025
94.4688,177187
94.4730,177426
94.4739,176938
94.4769,177122
94.4810,177035
94.4851,177330
94.4892,176771
94.4932,177248
94.4973,177042
94.5014,177791
94.5055,177136
94.5096,177226
94.5138,177158
94.5178,177703
94.5219,177644
94.5260,177817
94.5301,177497
94.5342,177770
94.5383,177710
94.5424,177312
94.5465,177966
94.5506,177893
94.5547,177438
94.5588,177879
94.5629,177657
94.5670,177266
94.5711,177832
94.5752,177099
94.5793,177548
94.5834,178170
94.5875,177079
94.5916,177919
94.5958,177582
94.5998,178359
94.6000,177478
94.6038,177647
94.6079,177805
94.6120,177980
94.6164,177199
94.6202,177856
94.6243,177286
94.6284,177193
94.6325,177416
94.6366,176839
94.6407,177501
94.6448,177715
94.6489,177104
94.6530,177147
94.6571,176601
94.6612,177409
94.6653,177780
94.6694,178214
94.6735,177424
94.6776,177519
94.6817,178306
94.6858,177659
94.6898,177492
94.6939,177775
94.6980,177550
94.7022,177073
94.7063,177677
94.7104,177554
94.7145,178227
94.7186,177362
94.7228,177570
94.7268,177148
94.7269,177505
94.7308,177565
94.7349,176862
94.7390,177387
94.7431,177261
94.7472,177028
94.7513,177386
94.7554,177395
94.7595,177332
94.7636,176968
94.7678,177058
94.7718,177556
94.7759,177233
94.7800,177274
94.7841,177820
94.7883,176717
94.7922,177683
94.7963,177432
94.8004,178137
94.8046,178122
94.8086,178170
94.8128,178381
94.8169,177585
94.8209,177977
94.8250,177459
94.8291,178081
94.8334,177558
94.8374,177351
94.8415,177492
94.8456,177941
94.8500,177797
94.8547,177294
94.8582,177602
94.8589,177373
94.8619,177463
94.8660,177129
94.8702,177212
94.8742,178105
94.8783,178007
94.8824,177809
94.8865,177216
94.8906,177898
94.8947,177400
94.8988,177743
94.9031,178006
94.9069,177994
94.9110,177619
94.9151,177495
94.9199,177169
94.9234,177450
94.9274,177488
94.9315,177780
94.9356,177970
94.9398,177750
94.9439,177656
94.9489,178135
94.9521,177910
94.9561,178434
94.9602,177951
94.9643,177818
94.9684,178238
94.9725,178487
94.9774,177758
94.9808,177791
94.9848,178341
94.9850,178051
94.9889,178042
94.9929,177297
94.9971,177433
95.0012,177207
95.0052,177825
95.0094,177987
95.0134,178284
95.0175,177802
95.0216,178646
95.0257,177564
95.0298,178136
95.0339,177810
95.0380,177334
95.0421,178015
95.0462,177902
95.0503,177979
95.0544,177087
95.0585,176945
95.0626,177286
95.0667,177543
95.0708,177804
95.0749,177515
95.0790,177028
95.0833,177397
95.0872,177103
95.0912,176770
95.0954,177959
95.0996,177504
95.1040,178016
95.1078,177949
95.1118,178298
95.1119,177427
95.1160,177742
95.1200,177649
95.1240,177258
95.1281,177436
95.1323,177729
95.1363,177894
95.1404,177236
95.1445,177993
95.1486,177524
95.1527,177461
95.1568,177196
95.1609,177724
95.1650,177298
95.1692,177324
95.1732,177632
95.1773,176688
95.1814,176788
95.1855,177220
95.1896,177459
95.1936,177950
95.1977,177702
95.2019,177731
95.2060,178007
95.2100,177991
95.2141,177561
95.2182,177320
95.2223,177232
95.2265,177732
95.2306,177445
95.2347,177772
95.2388,177801
95.2389,177819
95.2428,177742
95.2469,177558
95.2510,177424
95.2551,177293
95.2592,177334
95.2633,177574
95.2674,176620
95.2715,177007
95.2756,176429
95.2797,177338
95.2838,177447
95.2879,177591
95.2920,177129
95.2960,177352
95.3002,177700
95.3042,178033
95.3084,177678
95.3124,177779
95.3166,177756
95.3206,177639
95.3247,177546
95.3288,177866
95.3330,177629
95.3370,176919
95.3411,177337
95.3452,177723
95.3493,177235
95.3534,177172
95.3575,177394
95.3617,177201
95.3670,177367
95.3672,177835
95.3698,177232
95.3739,177382
95.3780,178154
95.3822,177192
95.3862,177533
95.3903,176999
95.3944,177589
95.3985,177845
95.4026,177355
95.4066,177906
95.4108,177816
95.4148,177607
95.4190,178011
95.4231,178330
95.4271,177436
95.4313,176968
95.4354,178247
95.4394,177900
95.4436,177696
95.4476,178116
95.4518,177858
95.4558,178067
95.4599,177879
95.4640,178307
95.4681,177730
95.4722,178645
95.4763,177313
95.4804,177396
95.4845,177850
95.4890,177621
95.4930,177741
95.4973,177706
95.4979,177644
95.5009,177305
95.5050,177585
95.5090,178046
95.5131,177499
95.5172,177351
95.5214,177536
95.5254,178027
95.5296,177143
95.5337,177599
95.5378,177160
95.5419,177781
95.5459,177010
95.5501,177647
95.5542,177775
95.5582,177152
95.5623,176663
95.5664,177466
95.5705,177481
95.5746,178104
95.5787,178012
95.5829,178088
95.5869,177397
95.5909,177280
95.5950,177705
95.5992,177854
95.6033,177234
95.6073,177627
95.6114,177466
95.6157,177208
95.6197,177484
95.6237,177692
95.6239,177415
95.6278,177587
95.6320,177980
95.6360,178235
95.6401,177248
95.6442,177244
95.6483,177702
95.6524,177669
95.6565,177714
95.6606,177494
95.6647,177668
95.6688,177885
95.6729,177717
95.6770,177743
95.6811,178149
95.6852,177952
95.6892,177956
95.6933,177611
95.6974,177506
95.7017,178552
95.7056,177708
95.7097,177560
95.7138,177385
95.7179,177835
95.7220,177980
95.7261,178130
95.7302,177954
95.7343,177378
95.7384,177547
95.7427,178249
95.7467,177648
95.7508,177685
95.7509,177812
95.7548,178012
95.7589,177742
95.7630,177331
95.7671,177867
95.7712,177660
95.7753,177243
95.7794,177716
95.7834,177731
95.7875,178676
95.7916,177717
95.7957,177841
95.7999,178097
95.8039,178260
95.8080,178046
95.8121,178260
95.8162,177478
95.8203,177984
95.8244,177322
95.8285,177454
95.8326,177406
95.8368,177547
95.8408,177532
95.8449,178031
95.8491,177634
95.8531,178042
95.8572,177445
95.8613,177015
95.8655,177525
95.8695,177909
95.8737,177713
95.8779,178132
95.8780,178111
95.8818,177817
95.8859,177722
95.8900,177929
95.8940,177442
95.8982,177490
95.9023,177894
95.9063,177204
95.9104,177509
95.9145,177679
95.9186,178321
95.9227,177980
95.9268,178261
95.9309,178196
95.9350,178087
95.9391,178323
95.9432,177758
95.9473,178377
95.9514,177707
95.9555,179046
95.9596,178062
95.9637,178529
95.9678,178323
95.9719,177850
95.9760,178944
95.9801,178390
95.9842,177824
95.9883,177858
95.9924,178107
95.9965,177837
96.0007,177853
96.0049,177905
96.0051,178161
96.0088,178239
96.0129,177512
96.0170,177853
96.0211,178095
96.0252,178135
96.0293,178559
96.0333,178721
96.0374,178416
96.0415,178492
96.0456,178277
96.0498,177805
96.0538,177933
96.0579,178188
96.0620,177798
96.0661,177435
96.0702,178522
96.0743,178542
96.0786,178532
96.0825,178030
96.0866,178517
96.0907,178776
96.0947,178382
96.0999,177763
96.1029,178544
96.1070,178502
96.1112,177748
96.1153,178213
96.1193,177932
96.1234,177747
96.1277,178063
96.1317,177298
96.1319,177930
96.1357,178464
96.1400,177830
96.1439,178008
96.1480,178152
96.1522,178001
96.1562,177877
96.1603,178263
96.1644,177948
96.1685,177697
96.1727,178426
96.1767,177774
96.1808,177911
96.1849,177491
96.1889,177862
96.1930,177999
96.1971,178140
96.2012,177654
96.2053,177054
96.2095,178385
96.2136,177791
96.2176,178339
96.2217,177911
96.2258,178164
96.2299,178258
96.2341,178461
96.2381,178221
96.2422,177507
96.2463,177811
96.2504,178125
96.2545,178465
96.2587,177614
96.2627,178057
96.2628,177781
96.2668,177976
96.2709,177421
96.2750,176974
96.2791,177745
96.2832,177575
96.2872,177669
96.2914,177633
96.2954,177683
96.2995,177324
96.3036,177811
96.3077,178047
96.3118,177581
96.3159,178239
96.3200,178341
96.3241,178149
96.3282,178389
96.3324,178106
96.3364,178217
96.3405,177847
96.3446,177412
96.3487,177797
96.3528,177617
96.3569,177797
96.3610,178410
96.3652,177883
96.3692,177958
96.3733,177797
96.3773,177849
96.3827,177616
96.3862,177785
96.3898,177774
96.3900,177783
96.3937,177634
96.3978,178033
96.4021,177921
96.4060,178417
96.4101,177430
96.4142,178027
96.4183,177659
96.4224,177596
96.4265,177347
96.4306,177899
96.4347,177349
96.4388,177848
96.4429,177860
96.4470,177871
96.4511,177172
96.4552,178158
96.4593,177574
96.4634,177804
96.4675,178565
96.4715,178341
96.4757,178419
96.4798,177877
96.4839,178020
96.4880,178204
96.4920,177191
96.4961,177495
96.5002,178269
96.5043,177832
96.5085,177628
96.5125,177849
96.5166,177516
96.5167,177253
96.5207,177791
96.5248,178032
96.5289,178161
96.5330,178293
96.5371,178230
96.5412,177254
96.5453,178457
96.5494,177738
96.5535,177633
96.5576,177508
96.5617,177861
96.5658,177861
96.5699,178153
96.5740,177550
96.5781,177736
96.5823,177677
96.5862,177657
96.5903,177634
96.5944,177446
96.5986,177607
96.6027,178170
96.6068,178144
96.6109,177670
96.6151,178154
96.6191,177959
96.6232,178049
96.6272,177386
96.6314,177676
96.6355,178008
96.6398,177719
96.6443,178455
96.6452,177891
96.6477,178139
96.6518,178283
96.6559,177543
96.6600,178056
96.6642,177990
96.6682,178415
96.6723,177934
96.6769,177628
96.6815,177647
96.6852,177976
96.6893,177914
96.6928,178027
96.6968,177536
96.7010,178017
96.7061,177947
96.7091,177637
96.7132,177561
96.7185,178676
96.7222,177820
96.7261,177958
96.7297,177533
96.7339,177858
96.7382,177314
96.7424,177786
96.7460,177762
96.7503,178076
96.7550,177942
96.7593,178292
96.7625,177934
96.7667,177482
96.7709,177585
96.7718,178211
96.7748,178097
96.7789,177666
96.7829,177933
96.7876,177769
96.7913,177586
96.7952,178189
96.7993,177895
96.8048,177596
96.8079,177848
96.8115,177425
96.8158,177706
96.8204,177045
96.8241,177532
96.8279,177986
96.8322,178168
96.8369,177637
96.8406,178048
96.8443,177787
96.8484,177958
96.8532,178274
96.8573,177857
96.8607,178126
96.8648,177588
96.8698,177409
96.8733,177772
96.8772,178131
96.8814,177347
96.8871,178100
96.8899,178310
96.8935,177819
96.8976,177861
96.8977,178254
96.9032,178251
96.9064,178204
96.9098,177950
96.9139,178223
96.9194,178084
96.9226,178602
96.9269,178449
96.9310,178305
96.9365,178032
96.9395,178373
96.9434,177648
96.9467,177450
96.9509,177144
96.9557,177680
96.9595,177789
96.9642,178378
96.9676,177864
96.9731,177739
96.9757,177542
96.9805,178160
96.9844,177973
96.9898,178004
96.9922,178012
96.9969,177626
97.0005,178205
97.0059,178749
97.0087,177868
97.0122,177939
97.0164,177719
97.0209,178460
97.0246,177394
97.0286,178188
97.0287,178032
97.0328,177727
97.0377,177773
97.0414,178159
97.0455,178784
97.0493,177983
97.0543,177920
97.0577,177807
97.0615,177842
97.0657,178485
97.0709,177908
97.0737,177506
97.0778,177747
97.0819,177837
97.0866,178101
97.0911,177988
97.0942,178123
97.0983,177985
97.1033,178546
97.1076,177470
97.1114,178146
97.1146,178173
97.1207,178337
97.1235,177980
97.1270,178243
97.1311,177617
97.1373,178008
97.1396,177531
97.1436,177774
97.1475,178325
97.1538,178065
97.1556,177824
97.1562,178583
97.1597,178458
97.1638,178104
97.1700,178449
97.1726,178215
97.1761,178250
97.1802,177996
97.1872,177257
97.1891,177684
97.1932,178015
97.1966,177948
97.2033,178038
97.2053,177645
97.2095,178034
97.2130,177817
97.2171,178355
97.2222,178035
97.2259,178063
97.2296,178637
97.2335,177909
97.2381,178351
97.2422,178190
97.2459,177143
97.2499,177374
97.2545,177622
97.2587,177858
97.2622,177269
97.2663,177296
97.2712,177226
97.2750,177109
97.2786,177837
97.2827,176866
97.2828,177398
97.2872,177780
97.2907,177662
97.2948,177529
97.2990,177447
97.3037,177863
97.3078,177552
97.3112,177491
97.3154,177690
97.3209,177267
97.3240,177043
97.3276,177363
97.3318,177924
97.3365,177795
97.3404,177276
97.3440,177112
97.3482,177330
97.3532,177354
97.3569,177706
97.3604,177890
97.3647,177537
97.3705,177527
97.3733,177829
97.3768,177923
97.3809,177332
97.3868,178016
97.3894,177660
97.3932,177959
97.3973,177415
97.4034,177546
97.4055,177534
97.4098,177150
97.4099,177413
97.4136,177511
97.4196,177296
97.4225,177515
97.4260,177915
97.4300,178095
97.4363,177990
97.4387,178026
97.4423,178534
97.4465,177996
97.4505,177648
97.4547,178222
97.4587,177810
97.4628,178269
97.4669,177767
97.4714,177969
97.4752,177652
97.4792,177780
97.4835,177416
97.4885,177619
97.4914,177392
97.4957,177881
97.4997,177990
97.5046,177922
97.5078,177841
97.5120,177970
97.5161,177587
97.5205,177670
97.5246,177277
97.5284,178675
97.5326,177310
97.5371,178223
97.5377,177607
97.5413,177718
97.5448,177765
97.5489,178581
97.5534,177100
97.5570,177718
97.5611,177950
97.5652,177636
97.5704,177425
97.5737,178125
97.5776,177490
97.5817,177355
97.5874,177438
97.5908,177749
97.5938,177839
97.5980,177420
97.6031,178248
97.6069,177894
97.6102,178625
97.6143,178126
97.6196,177920
97.6228,177866
97.6267,177745
97.6307,177406
97.6363,177819
97.6398,177811
97.6430,177798
97.6472,177762
97.6533,178050
97.6560,178054
97.6595,176879
97.6637,177938
97.6638,177450
97.6707,178153
97.6720,177265
97.6758,177836
97.6799,177696
97.6857,177610
97.6890,177770
97.6922,177658
97.6963,177675
97.7028,177808
97.7049,177171
97.7085,177673
97.7127,176926
97.7191,177770
97.7213,177826
97.7249,177207
97.7290,177084
97.7332,177987
97.7377,178197
97.7418,177512
97.7454,177840
97.7511,177499
97.7629,177252
97.7633,177104
97.7638,177607
97.7669,177460
97.7711,177750
97.7774,177788
97.7801,177449
97.7829,178003
97.7880,178029
97.7940,177608
97.7959,178156
97.7970,177643
97.7994,177435
97.8030,178099
97.8105,178314
97.8118,177852
97.8160,177275
97.8199,177765
97.8233,178042
97.8287,177643
97.8323,177085
97.8362,177628
97.8421,176637
97.8449,177383
97.8486,178223
97.8539,177132
97.8564,177616
97.8601,176863
97.8642,177572
97.8691,177301
97.8730,177444
97.8765,177774
97.8806,177640
97.8856,177583
97.8888,177755
97.8928,177266
97.8969,177639
97.9033,177076
97.9055,177319
97.9094,177322
97.9136,177039
97.9175,177393
97.9216,177059
97.9226,177705
97.9257,178403
97.9297,177302
97.9369,177516
97.9382,177519
97.9424,177547
97.9461,177565
97.9535,177882
97.9547,177751
97.9586,178158
97.9626,177573
97.9666,177136
97.9709,177767
97.9751,177615
97.9789,177898
97.9861,177772
97.9877,178581
97.9919,177277
97.9953,178207
97.9994,177514
98.0043,177966
98.0085,178110
98.0119,177974
98.0158,177628
98.0206,177454
98.0248,177805
98.0281,178045
98.0322,178037
98.0365,177672
98.0407,177754
98.0446,177184
98.0489,177948
98.0490,178058
98.0534,177536
98.0569,177465
98.0608,177800
98.0649,177946
98.0707,177428
98.0736,177553
98.0772,177471
98.0813,176842
98.0865,176840
98.0896,177249
98.0935,176568
98.0977,177823
98.1029,176991
98.1062,177139
98.1099,177128
98.1141,177689
98.1194,177600
98.1233,177291
98.1263,177629
98.1304,177410
98.1363,177046
98.1391,177737
98.1427,177442
98.1468,177948
98.1512,177726
98.1554,177390
98.1595,177441
98.1632,177827
98.1690,178020
98.1715,177607
98.1756,177095
98.1757,177599
98.1796,177764
98.1838,177798
98.1888,177731
98.1923,177057
98.1959,177139
98.2022,177644
98.2047,177440
98.2090,177560
98.2123,177503
98.2188,177261
98.2210,176921
98.2254,177473
98.2287,177431
98.2353,178021
98.2373,177681
98.2410,177561
98.2451,177369
98.2492,178000
98.2540,177756
98.2585,177861
98.2622,177688
98.2657,177687
98.2704,177205
98.2738,177755
98.2778,177235
98.2820,177413
98.2873,177217
98.2905,177782
98.2943,177835
98.2984,177509
98.3027,177818
98.3033,177702
98.3068,177835
98.3108,177594
98.3149,177467
98.3196,177602
98.3237,178080
98.3270,177836
98.3317,177040
98.3371,177434
98.3397,177150
98.3435,177631
98.3475,177300
98.3530,177088
98.3562,177624
98.3601,177824
98.3644,177898
98.3702,177418
98.3729,177482
98.3762,177820
98.3804,177896
98.3864,177683
98.3888,177916
98.3931,177813
98.3967,178271
98.4020,177569
98.4050,177340
98.4089,177975
98.4130,177680
98.4188,177793
98.4217,178169
98.4254,178314
98.4295,177715
98.4335,178819
98.4354,177683
98.4384,178589
98.4417,178087
98.4458,178168
98.4519,177953
98.4559,178172
98.4582,177903
98.4622,178202
98.4663,177467
98.4705,177320
98.4744,177759
98.4786,176708
98.4828,177681
98.4872,177785
98.4908,177978
98.4949,177596
98.4991,177970
98.5036,176956
98.5074,177670
98.5113,177922
98.5155,177714
98.5201,177528
98.5236,177931
98.5277,178342
98.5319,178199
98.5362,177859
98.5407,177836
98.5441,178012
98.5482,177911
98.5527,177957
98.5565,178137
98.5604,177885
98.5607,177399
98.5647,178546
98.5694,178013
98.5735,177639
98.5769,177850
98.5810,177441
98.5860,177877
98.5897,176686
98.5933,178006
98.5974,177801
98.6024,177934
98.6063,177845
98.6096,177361
98.6137,177355
98.6184,177941
98.6230,177051
98.6260,177634
98.6302,177350
98.6355,177151
98.6392,177318
98.6424,177065
98.6465,177422
98.6517,177669
98.6553,178000
98.6593,178066
98.6629,177892
98.6693,178078
98.6716,177150
98.6757,177400
98.6794,177955
98.6835,177710
98.6874,178245
98.6875,178600
98.6916,178430
98.6956,177955
98.7017,178605
98.7043,178203
98.7080,178008
98.7120,178600
98.7181,178400
98.7207,178292
98.7249,178231
98.7284,178084
98.7326,177877
98.7376,177705
98.7414,177706
98.7448,177685
98.7489,178093
98.7534,178376
98.7577,178063
98.7622,177926
98.7655,178298
98.7711,177954
98.7739,178056
98.7781,177928
98.7817,177723
98.7864,178592
98.7898,177608
98.7940,177811
98.7981,177313
98.8025,177420
98.8064,177734
98.8105,177952
98.8154,178231
98.8160,178021
98.8193,178468
98.8232,178337
98.8267,177674
98.8309,178521
98.8361,178355
98.8396,178214
98.8431,178585
98.8474,177493
98.8523,178057
98.8558,178340
98.8595,178888
98.8640,177912
98.8689,178141
98.8722,178521
98.8759,178769
98.8807,178208
98.8857,177897
98.8886,178041
98.8928,178437
98.8964,177773
98.9028,177813
98.9053,177602
98.9092,178089
98.9127,177929
98.9196,177912
98.9214,178292
98.9256,178199
98.9291,178366
98.9359,178081
98.9376,177886
98.9415,177737
98.9416,178368
98.9455,177649
98.9497,177478
98.9542,177929
98.9587,178309
98.9619,177770
98.9660,177312
98.9712,177495
98.9750,177428
98.9785,177653
98.9824,178248
98.9875,178029
98.9909,177839
98.9947,177598
98.9988,178002
99.0037,178131
99.0073,177943
99.0115,177988
99.0153,178209
99.0203,178514
99.0236,178712
99.0277,178636
99.0316,178859
99.0363,178601
99.0402,178217
99.0438,178202
99.0480,178151
99.0529,178253
99.0565,177704
99.0607,177213
99.0645,178244
99.0695,178310
99.0707,177611
99.0731,177766
99.0772,177948
99.0808,177976
99.0874,177929
99.0898,177974
99.0934,178066
99.0971,178031
99.1036,177962
99.1059,178139
99.1098,178448
99.1135,178014
99.1187,177691
99.1221,178281
99.1266,177704
99.1299,177806
99.1363,177924
99.1388,178310
99.1421,177805
99.1462,177614
99.1536,177783
99.1553,178545
99.1592,177906
99.1627,178204
99.1692,177372
99.1714,177653
99.1756,178005
99.1794,177627
99.1864,177943
99.1879,177525
99.1914,177891
99.1954,177814
99.1956,178245
99.1995,177718
99.2052,177928
99.2081,177394
99.2123,176713
99.2160,177933
99.2209,177569
99.2246,176905
99.2281,177388
99.2324,177588
99.2376,177525
99.2413,177349
99.2451,177396
99.2486,178043
99.2543,178031
99.2571,177390
99.2614,177375
99.2653,177548
99.2694,176967
99.2732,177270
99.2773,177578
99.2816,178154
99.2855,177334
99.2896,177014
99.2936,177206
99.2978,177928
99.3020,176852
99.3059,177484
99.3100,178104
99.3142,177713
99.3183,178005
99.3224,177630
99.3264,177083
99.3265,177429
99.3305,177653
99.3351,178560
99.3387,177956
99.3428,177804
99.3469,177837
99.3510,177249
99.3551,178117
99.3592,177903
99.3633,177582
99.3674,177825
99.3715,177483
99.3755,177400
99.3797,177660
99.3838,177331
99.3878,177394
99.3919,177830
99.3963,177692
99.4002,177173
99.4043,177863
99.4083,177603
99.4124,177280
99.4165,177235
99.4206,177243
99.4247,176370
99.4288,177063
99.4329,177508
99.4370,177318
99.4411,177704
99.4452,178442
99.4494,177682
99.4534,177793
99.4535,177541
99.4575,177934
99.4616,177545
99.4657,177333
99.4698,177757
99.4738,177335
99.4779,177193
99.4820,177766
99.4861,177794
99.4902,177702
99.4943,178012
99.4984,177739
99.5025,178114
99.5066,178197
99.5107,177750
99.5148,177479
99.5189,178107
99.5230,177641
99.5271,177566
99.5313,177301
99.5353,177763
99.5394,177769
99.5435,177357
99.5476,177956
99.5517,177871
99.5558,177983
99.5599,177949
99.5640,177645
99.5681,177495
99.5724,177728
99.5764,177846
99.5803,177450
99.5805,177604
99.5850,178020
99.5885,178217
99.5926,178208
99.5968,178596
99.6008,177584
99.6049,177884
99.6090,177735
99.6133,178150
99.6172,177626
99.6213,177522
99.6254,178002
99.6295,177681
99.6336,177604
99.6377,178961
99.6418,178096
99.6459,178170
99.6500,178256
99.6541,178079
99.6582,178169
99.6623,177807
99.6664,177647
99.6705,177501
99.6745,177838
99.6787,178034
99.6827,177681
99.6868,177475
99.6909,177758
99.6950,177567
99.6992,177887
99.7034,178177
99.7074,177826
99.7075,177536
99.7114,177811
99.7155,178550
99.7197,178124
99.7237,177936
99.7278,177637
99.7319,177236
99.7360,177875
99.7401,177277
99.7442,178422
99.7483,177693
99.7524,177476
99.7565,177465
99.7610,178211
99.7647,177676
99.7688,178423
99.7729,177736
99.7770,177883
99.7812,178097
99.7852,177837
99.7892,177892
99.7934,178043
99.7975,177951
99.8020,178141
99.8057,177784
99.8098,177867
99.8139,177847
99.8180,178103
99.8220,177953
99.8261,178765
99.8304,178188
99.8343,177929
99.8346,178451
99.8384,177535
99.8425,178087
99.8466,178229
99.8507,177772
99.8547,178035
99.8589,177979
99.8638,178149
99.8671,177603
99.8712,178000
99.8753,178111
99.8794,177951
99.8834,178235
99.8875,177983
99.8916,177254
99.8957,177446
99.8998,176874
99.9039,177046
99.9080,177288
99.9121,177362
99.9163,177251
99.9203,177801
99.9244,177587
99.9286,177614
99.9326,177384
99.9367,177993
99.9408,177065
99.9449,176756
99.9491,177171
99.9531,176943
99.9572,177486
99.9614,177628
99.9615,177499
99.9654,177330
99.9695,177644
99.9736,177564
99.9777,177229
99.9817,176970
99.9858,177849
99.9899,178061
99.9940,178170
99.9981,177717
100.0022,178018
100.0063,177977
100.0104,178091
100.0145,177897
100.0186,178007
100.0227,178315
100.0268,178016
100.0309,178484
100.0350,178872
100.0391,178302
100.0435,178080
100.0473,177912
100.0514,178475
100.0555,177712
100.0595,178137
100.0637,178093
100.0678,178147
100.0718,178148
100.0760,178091
100.0802,178057
100.0842,178179
100.0882,178278
100.0884,178154
100.0923,178300
100.0965,178194
100.1005,177977
100.1046,178199
100.1087,177713
100.1130,177897
100.1171,177667
100.1210,178187
100.1251,178033
100.1292,178721
100.1333,177937
100.1374,177760
100.1415,178097
100.1456,177459
100.1497,178565
100.1538,178382
100.1579,178494
100.1620,177877
100.1661,177402
100.1702,178336
100.1743,177898
100.1784,178002
100.1825,178258
100.1866,178145
100.1907,178380
100.1947,178040
100.1989,178238
100.2030,178141
100.2071,178350
100.2111,178042
100.2153,178277
100.2192,178287
100.2194,178103
100.2234,178284
100.2275,178242
100.2316,177792
100.2357,178488
100.2398,178163
100.2439,177794
100.2481,178750
100.2522,177957
100.2562,177965
100.2603,178332
100.2644,178275
100.2685,178104
100.2726,178455
100.2767,177628
100.2808,177876
100.2849,178498
100.2890,178155
100.2931,178537
100.2971,178134
100.3013,178118
100.3054,178013
100.3095,178487
100.3139,178052
100.3177,178088
100.3219,177960
100.3259,178021
100.3299,177925
100.3343,177699
100.3384,178464
100.3425,178777
100.3463,178231
100.3464,178968
100.3504,178737
100.3546,178619
100.3586,178524
100.3628,178169
100.3668,178339
100.3709,178620
100.3749,178334
100.3791,178803
100.3832,178889
100.3873,178915
100.3913,178498
100.3954,178435
100.3995,178424
100.4036,178298
100.4078,178375
100.4119,178529
100.4160,179052
100.4200,178004
100.4242,178455
100.4283,178613
100.4324,178429
100.4364,178408
100.4405,178514
100.4446,178484
100.4487,178465
100.4528,178321
100.4570,178805
100.4610,178565
100.4651,179216
100.4693,178807
100.4732,178100
100.4733,178342
100.4773,178433
100.4814,178446
100.4856,178618
100.4896,178284
100.4938,178220
100.4979,178553
100.5019,178765
100.5060,178241
100.5101,178058
100.5143,178516
100.5183,178937
100.5224,178288
100.5265,178772
100.5306,178685
100.5349,178723
100.5388,178540
100.5429,178417
100.5470,178504
100.5511,178535
100.5555,178636
100.5593,178738
100.5634,178484
100.5675,178503
100.5716,178274
100.5758,177953
100.5799,179199
100.5839,178356
100.5880,178574
100.5921,178663
100.5962,177719
100.6003,178599
100.6004,178328
100.6043,177732
100.6084,178365
100.6125,178747
100.6166,178861
100.6207,178843
100.6248,178598
100.6289,178382
100.6330,178014
100.6371,178604
100.6412,178529
100.6453,178373
100.6494,178482
100.6535,178726
100.6576,178439
100.6617,178475
100.6658,178048
100.6698,178668
100.6740,178337
100.6780,177773
100.6821,178218
100.6862,177995
100.6903,177675
100.6944,177600
100.6985,178041
100.7026,178087
100.7070,177476
100.7108,177993
100.7149,178144
100.7190,177767
100.7238,177313
100.7273,178271
100.7275,178367
100.7313,178370
100.7354,178843
100.7395,178080
100.7435,177974
100.7477,178297
100.7518,178616
100.7559,178717
100.7600,178643
100.7641,178497
100.7682,178458
100.7723,178406
100.7764,178342
100.7804,178587
100.7845,178714
100.7886,178150
100.7927,178069
100.7968,177986
100.8009,178538
100.8051,178160
100.8091,178801
100.8132,178211
100.8173,178314
100.8214,178600
100.8255,178374
100.8296,177766
100.8338,178540
100.8378,178362
100.8419,178291
100.8460,178503
100.8504,178938
100.8544,177581
100.8545,178140
100.8584,177954
100.8624,179088
100.8666,178535
100.8706,178145
100.8747,177642
100.8788,178037
100.8839,178264
100.8870,177788
100.8912,177886
100.8955,178459
100.8993,177942
100.9033,178366
100.9074,177882
100.9115,178417
100.9158,177660
100.9197,178463
100.9238,178566
100.9279,178072
100.9321,178099
100.9361,178957
100.9402,179012
100.9443,178516
100.9484,178329
100.9525,178730
100.9566,178239
100.9607,178187
100.9648,178766
100.9689,178819
100.9729,178412
100.9773,179265
100.9813,178340
100.9815,178341
100.9852,178664
100.9893,178196
100.9934,177565
100.9975,178609
101.0016,178000
101.0057,178065
101.0098,178665
101.0139,177960
101.0180,178236
101.0221,178767
101.0262,178119
101.0303,177859
101.0344,178442
101.0385,178254
101.0425,177758
101.0467,178265
101.0507,178058
101.0553,178306
101.0589,178829
101.0631,178504
101.0671,178402
101.0712,178087
101.0753,177957
101.0795,178335
101.0836,178183
101.0876,178333
101.0918,177631
101.0958,178002
101.0999,178111
101.1041,178399
101.1081,178046
101.1122,178500
101.1124,177955
101.1163,177780
101.1204,177924
101.1245,177331
101.1286,177376
101.1327,178244
101.1368,177982
101.1409,177462
101.1451,178185
101.1491,177595
101.1532,178377
101.1572,177606
101.1614,178209
101.1655,177631
101.1695,177001
101.1736,177995
101.1777,177766
101.1818,177901
101.1859,177904
101.1900,177732
101.1941,177658
101.1982,177716
101.2023,177639
101.2064,177878
101.2105,177962
101.2146,178358
101.2187,178887
101.2229,177925
101.2269,178676
101.2311,178286
101.2351,177882
101.2392,177242
101.2394,177731
101.2433,178088
101.2474,177833
101.2515,177958
101.2555,177919
101.2596,177949
101.2638,178221
101.2681,178423
101.2719,177847
101.2760,177893
101.2805,177934
101.2849,178269
101.2886,177731
101.2924,178258
101.2966,178077
101.3011,177936
101.3047,178249
101.3088,177897
101.3129,178270
101.3177,177846
101.3211,177568
101.3252,177718
101.3293,177849
101.3344,178128
101.3375,178131
101.3416,178697
101.3457,178173
101.3500,178441
101.3539,177698
101.3581,177858
101.3629,177700
101.3661,177275
101.3668,177788
101.3710,177550
101.3745,177412
101.3786,177360
101.3830,177883
101.3869,177536
101.3909,177990
101.3950,177273
101.3993,177176
101.4035,177847
101.4071,177900
101.4113,177853
101.4158,177236
101.4200,176908
101.4235,177267
101.4276,177662
101.4321,177663
101.4364,178051
101.4399,177647
101.4440,177939
101.4491,177019
101.4526,178222
101.4563,178355
101.4604,177951
101.4650,177430
101.4690,177766
101.4727,178281
101.4767,177669
101.4816,177327
101.4851,177629
101.4892,177847
101.4931,178165
101.4933,178328
101.4972,177628
101.5014,177964
101.5054,177832
101.5095,178144
101.5136,177592
101.5180,177835
101.5218,177885
101.5259,178275
101.5300,178202
101.5346,177845
101.5382,177732
101.5423,177790
101.5464,178643
101.5509,177991
101.5545,177592
101.5586,177592
101.5630,178143
101.5674,178562
101.5710,178469
101.5750,178278
101.5793,177786
101.5836,177870
101.5877,177679
101.5914,178031
101.5957,178413
101.6000,177437
101.6042,177647
101.6082,177628
101.6123,178116
101.6164,177859
101.6202,178157
101.6203,177906
101.6242,177672
101.6285,178396
101.6329,177728
101.6373,178005
101.6406,178222
101.6447,178449
101.6494,178313
101.6529,177999
101.6570,177818
101.6611,178103
101.6652,178096
101.6693,177638
101.6733,178211
101.6774,177450
101.6820,178190
101.6863,178026
101.6906,178174
101.6938,177711
101.6984,177960
101.7029,177737
101.7061,177938
101.7102,177730
101.7149,178126
101.7188,178088
101.7225,178509
101.7266,177724
101.7308,178423
101.7354,177859
101.7396,177796
101.7430,178100
101.7472,178037
101.7474,177725
101.7517,177769
101.7561,177537
101.7593,177976
101.7635,177956
101.7684,177464
101.7717,178197
101.7757,177665
101.7799,177504
101.7843,177654
101.7880,178568
101.7921,177801
101.7963,178584
101.8009,178879
101.8044,178170
101.8085,177689
101.8127,178280
101.8174,178892
101.8213,178069
101.8254,178015
101.8291,178135
101.8335,178595
101.8372,178681
101.8413,177958
101.8458,178343
101.8501,178123
101.8542,178513
101.8582,177963
101.8618,178857
101.8663,178402
101.8701,178400
101.8741,178178
101.8742,177612
101.8786,177952
101.8829,177519
101.8863,178351
101.8904,177817
101.8945,178434
101.9000,177836
101.9032,177713
101.9068,178128
101.9109,178214
101.9151,177155
101.9191,177430
101.9233,177402
101.9273,177289
101.9314,177530
101.9355,178167
101.9396,177609
101.9437,177757
101.9478,178043
101.9519,178206
101.9559,178455
101.9601,177873
101.9642,178087
101.9690,178503
101.9723,178001
101.9765,178232
101.9806,178029
101.9847,177633
101.9888,177986
101.9929,177704
101.9971,177094
102.0011,177515
102.0012,177758
102.0051,177994
102.0092,177721
102.0133,177879
102.0174,177680
102.0215,177840
102.0257,177783
102.0297,178395
102.0338,177404
102.0379,177995
102.0419,177930
102.0461,177849
102.0501,177673
102.0543,178010
102.0584,177754
102.0625,177779
102.0665,177873
102.0707,176907
102.0748,177695
102.0789,177185
102.0830,177817
102.0871,178328
102.0912,177781
102.0952,177789
102.0994,177905
102.1036,177333
102.1076,178136
102.1117,178083
102.1157,177857
102.1199,177026
102.1245,178365
102.1282,177994
102.1283,177755
102.1322,177539
102.1363,177423
102.1403,177872
102.1446,177770
102.1485,177340
102.1525,177963
102.1566,177919
102.1608,178067
102.1650,177148
102.1690,176930
102.1731,177960
102.1771,177868
102.1812,178056
102.1853,177218
102.1894,177298
102.1935,177677
102.1976,177959
102.2017,177136
102.2058,177661
102.2099,178284
102.2140,178157
102.2181,177153
102.2222,177095
102.2263,177045
102.2304,178227
102.2345,177916
102.2385,177670
102.2427,178125
102.2468,177458
102.2510,177747
102.2550,177340
102.2591,177805
102.2592,177424
102.2632,177069
102.2672,177319
102.2714,177276
102.2755,177566
102.2795,177651
102.2836,177700
102.2877,177795
102.2918,177411
102.2959,176918
102.3000,177737
102.3041,178131
102.3082,177524
102.3123,177303
102.3164,177095
102.3205,176730
102.3246,177041
102.3288,177535
102.3328,177205
102.3369,177252
102.3409,177007
102.3452,176968
102.3492,176978
102.3532,177014
102.3574,176959
102.3615,177023
102.3656,176657
102.3696,176784
102.3737,177321
102.3779,176631
102.3826,176412
102.3860,177047
102.3862,176794
102.3901,176625
102.3942,177190
102.3983,176379
102.4024,176950
102.4065,176983
102.4106,176956
102.4147,177285
102.4188,176876
102.4229,177259
102.4270,177815
102.4311,177421
102.4352,177476
102.4393,178296
102.4434,177019
102.4475,177386
102.4516,176990
102.4557,177337
102.4598,176806
102.4639,176638
102.4680,176735
102.4720,177474
102.4762,177145
102.4803,177826
102.4844,177383
102.4884,177186
102.4932,177176
102.4967,177413
102.5008,176779
102.5051,176941
102.5092,177435
102.5133,176527
102.5134,177141
102.5171,177451
102.5212,176575
102.5253,177127
102.5294,176971
102.5335,176784
102.5379,176898
102.5417,176637
102.5459,177008
102.5500,177433
102.5541,177161
102.5587,177504
102.5623,177793
102.5663,177050
102.5704,176771
102.5745,177356
102.5786,176686
102.5828,177074
102.5868,177379
102.5910,176897
102.5950,177387
102.5991,177181
102.6032,177749
102.6072,177498
102.6114,177600
102.6156,177289
102.6202,177339
102.6237,177043
102.6278,177648
102.6319,177770
102.6370,177126
102.6402,177159
102.6403,177512
102.6445,177480
102.6483,176944
102.6526,176866
102.6563,176513
102.6605,176783
102.6646,177082
102.6687,177364
102.6727,178257
102.6768,177296
102.6809,176563
102.6850,176801
102.6891,177513
102.6932,176406
102.6973,177267
102.7014,177408
102.7055,176750
102.7096,177259
102.7138,177002
102.7178,177349
102.7219,176905
102.7260,177473
102.7302,177225
102.7342,177174
102.7383,177123
102.7425,177178
102.7465,176980
102.7506,177376
102.7547,177158
102.7589,177147
102.7631,177205
102.7672,177235
102.7673,176533
102.7710,177200
102.7751,177180
102.7794,176793
102.7834,176918
102.7876,177044
102.7915,176931
102.7956,177623
102.7999,177398
102.8038,177616
102.8079,177020
102.8120,176777
102.8162,178040
102.8203,177910
102.8243,177772
102.8284,177804
102.8326,177697
102.8367,177858
102.8407,177362
102.8448,177308
102.8489,177427
102.8530,177309
102.8572,176989
102.8612,176825
102.8653,177349
102.8693,177479
102.8734,176880
102.8775,176827
102.8816,177222
102.8858,177351
102.8899,177182
102.8940,177013
102.8941,177033
102.8980,176835
102.9021,177652
102.9062,177584
102.9103,176876
102.9144,177473
102.9185,177862
102.9226,177377
102.9267,177647
102.9308,177766
102.9349,176900
102.9390,177854
102.9431,177138
102.9472,177660
102.9512,177359
102.9553,177032
102.9594,177617
102.9635,177583
102.9677,177717
102.9717,176745
102.9759,177595
102.9800,177952
102.9841,177470
102.9881,177006
102.9922,177641
102.9964,177976
103.0004,177451
103.0045,177496
103.0086,177261
103.0128,177900
103.0178,177301
103.0211,178356
103.0213,177369
103.0250,177524
103.0291,177526
103.0332,178178
103.0373,178144
103.0414,177324
103.0455,177769
103.0495,177702
103.0537,177934
103.0577,177981
103.0619,177463
103.0659,177965
103.0700,178165
103.0741,177125
103.0783,177590
103.0823,177978
103.0867,178036
103.0906,177766
103.0946,177588
103.0987,177341
103.1028,177706
103.1069,177721
103.1111,177548
103.1151,178018
103.1192,177506
103.1233,177589
103.1275,177281
103.1315,177972
103.1356,177764
103.1397,178109
103.1440,177071
103.1479,177032
103.1520,177066
103.1521,176597
103.1561,176929
103.1601,176848
103.1642,176686
103.1683,176380
103.1724,176920
103.1765,177229
103.1806,176339
103.1847,176851
103.1888,177125
103.1929,176630
103.1970,176757
103.2011,176856
103.2052,177434
103.2093,177260
103.2134,177054
103.2175,177202
103.2216,177576
103.2257,177582
103.2298,178245
103.2339,177636
103.2380,178163
103.2421,177534
103.2461,176778
103.2502,177278
103.2543,177384
103.2584,177420
103.2625,177936
103.2667,177557
103.2709,177362
103.2748,177739
103.2792,177864
103.2793,177845
103.2831,177770
103.2871,178146
103.2912,178304
103.2953,178528
103.2995,176851
103.3035,177694
103.3076,177432
103.3117,177714
103.3158,177684
103.3199,177566
103.3240,177455
103.3282,177977
103.3322,177898
103.3363,177828
103.3404,177552
103.3447,178046
103.3485,178027
103.3526,177886
103.3568,177831
103.3609,177582
103.3649,177885
103.3690,178241
103.3732,177775
103.3773,177850
103.3813,177899
103.3854,178026
103.3895,178143
103.3936,178401
103.3977,177903
103.4018,178098
103.4058,177580
103.4059,177852
103.4100,177466
103.4142,178098
103.4200,177800
103.4223,177838
103.4264,177212
103.4305,178178
103.4346,178336
103.4387,177899
103.4428,177962
103.4469,177599
103.4510,177772
103.4551,177677
103.4592,178080
103.4632,177985
103.4673,177736
103.4714,177504
103.4755,177814
103.4796,177782
103.4837,177471
103.4878,177910
103.4919,177709
103.4960,177156
103.5001,178090
103.5042,178323
103.5083,177835
103.5124,178260
103.5165,178092
103.5207,177719
103.5251,177499
103.5288,177787
103.5337,177461
103.5341,177040
103.5371,177388
103.5412,176911
103.5452,176768
103.5493,176706
103.5534,178140
103.5575,177844
103.5615,177683
103.5656,177816
103.5697,177458
103.5739,177088
103.5779,177456
103.5821,177454
103.5862,177567
103.5903,177427
103.5943,177078
103.5985,177227
103.6025,177962
103.6066,177564
103.6108,177691
103.6149,177472
103.6189,177903
103.6230,177837
103.6273,177863
103.6312,177285
103.6357,177418
103.6394,177180
103.6435,177914
103.6476,178109
103.6517,177474
103.6558,178105
103.6599,177877
103.6600,177500
103.6639,177849
103.6680,177306
103.6721,177837
103.6762,177291
103.6803,177268
103.6844,177755
103.6885,177099
103.6926,176704
103.6968,177173
103.7008,178122
103.7049,177059
103.7091,177716
103.7131,177796
103.7172,178108
103.7213,178106
103.7254,177605
103.7295,176872
103.7336,177688
103.7376,177521
103.7418,177705
103.7459,177548
103.7499,177552
103.7541,177371
103.7581,177407
103.7622,177915
103.7663,177890
103.7704,177457
103.7745,177604
103.7787,177058
103.7828,177460
103.7869,177536
103.7870,177227
103.7909,177470
103.7950,177345
103.7991,177450
103.8032,177100
103.8073,177399
103.8114,177447
103.8155,177882
103.8196,177729
103.8237,177320
103.8279,178499
103.8319,177689
103.8360,177253
103.8401,177941
103.8443,177173
103.8482,177403
103.8523,177367
103.8564,177961
103.8606,177486
103.8646,177263
103.8687,177128
103.8728,177672
103.8771,177619
103.8810,177598
103.8851,177385
103.8892,176981
103.8933,177069
103.8974,177616
103.9015,177794
103.9056,177408
103.9097,177547
103.9139,177996
103.9140,178131
103.9179,177605
103.9220,177490
103.9261,177772
103.9302,177960
103.9342,177486
103.9383,177571
103.9424,177763
103.9465,178155
103.9506,177692
103.9547,177453
103.9588,177927
103.9629,178155
103.9670,177200
103.9711,177382
103.9753,176971
103.9793,177008
103.9834,177283
103.9888,177099
103.9935,177616
103.9969,177002
103.9999,177331
104.0039,177262
104.0079,177285
104.0121,177438
104.0162,176941
104.0203,177022
104.0252,177053
104.0285,177289
104.0326,177314
104.0367,177734
104.0411,177010
104.0417,177548
104.0448,177121
104.0489,177865
104.0531,177939
104.0571,177100
104.0612,177776
104.0653,177910
104.0694,177952
104.0735,177596
104.0776,177369
104.0817,177783
104.0858,177377
104.0899,177892
104.0940,177280
104.0981,177260
104.1022,177438
104.1063,176897
104.1107,176950
104.1145,176879
104.1186,177125
104.1226,176831
104.1268,177260
104.1311,176685
104.1349,176443
104.1392,177277
104.1432,177536
104.1472,176658
104.1514,177394
104.1555,177336
104.1596,177225
104.1639,176990
104.1678,176776
104.1719,176812
104.1720,177302
104.1759,177754
104.1800,177005
104.1841,177126
104.1882,176802
104.1923,177590
104.1964,177561
104.2005,177687
104.2046,177935
104.2087,178111
104.2128,177506
104.2170,177827
104.2211,177725
104.2251,177068
104.2292,177514
104.2333,177537
104.2374,177537
104.2415,177539
104.2456,177489
104.2496,177656
104.2537,177447
104.2578,178038
104.2619,177475
104.2660,177624
104.2701,177476
104.2742,177208
104.2784,177911
104.2824,177257
104.2865,176738
104.2908,177534
104.2948,177605
104.2989,177320
104.2990,177910
104.3029,177959
104.3070,177795
104.3111,177589
104.3151,177129
104.3192,177870
104.3234,177766
104.3275,177266
104.3316,176766
104.3357,177253
104.3398,177537
104.3439,176776
104.3479,176880
104.3521,177653
104.3561,177224
104.3603,177347
104.3644,177425
104.3684,177280
104.3725,177851
104.3767,178146
104.3807,177600
104.3848,178029
104.3889,178027
104.3930,177813
104.3971,177535
104.4012,177002
104.4053,178187
104.4093,177659
104.4135,177269
104.4176,177227
104.4218,177354
104.4258,177026
104.4261,177279
104.4299,177358
104.4339,176914
104.4381,177967
104.4421,177389
104.4462,177489
104.4503,177968
104.4544,177487
104.4585,177350
104.4626,176393
104.4667,176821
104.4708,177304
104.4749,177840
104.4790,176830
104.4831,177537
104.4872,177196
104.4913,177700
104.4954,177458
104.4995,177149
104.5036,177025
104.5076,177334
104.5118,177365
104.5159,177349
104.5199,177722
104.5241,177233
104.5282,177324
104.5323,177375
104.5363,177767
104.5405,177488
104.5446,177555
104.5488,177245
104.5528,177106
104.5529,177737
104.5568,177556
104.5610,177879
104.5650,177397
104.5691,177329
104.5732,177850
104.5774,177220
104.5814,177578
104.5855,177878
104.5896,177732
104.5937,177518
104.5978,177734
104.6021,177672
104.6060,177472
104.6102,177535
104.6142,177978
104.6183,177022
104.6224,177581
104.6265,178128
104.6306,177924
104.6347,177916
104.6388,177991
104.6429,177425
104.6470,177474
104.6512,177710
104.6551,177238
104.6592,177732
104.6633,177030
104.6674,177578
104.6716,177242
104.6759,177519
104.6799,177781
104.6806,177688
104.6838,177352
104.6880,177881
104.6920,177481
104.6961,177802
104.7002,177004
104.7043,177530
104.7084,177011
104.7125,177215
104.7166,177246
104.7207,177766
104.7248,177178
104.7290,177132
104.7330,177667
104.7371,176814
104.7411,177115
104.7452,177573
104.7493,177157
104.7534,177095
104.7575,177186
104.7616,177335
104.7657,177202
104.7698,177757
104.7739,177826
104.7780,177200
104.7821,177170
104.7862,177588
104.7903,177704
104.7944,177776
104.7985,177507
104.8027,178087
104.8066,177400
104.8067,177961
104.8108,177400
104.8149,177393
104.8189,177485
104.8231,177479
104.8272,177041
104.8312,177272
104.8354,177731
104.8394,177510
104.8437,177455
104.8477,178320
104.8517,178140
104.8559,177906
104.8600,177147
104.8640,177401
104.8681,177415
104.8722,177951
104.8765,177605
104.8804,178204
104.8845,178428
104.8886,178212
104.8929,177256
104.8968,177878
104.9009,177609
104.9050,178462
104.9091,177235
104.9132,177412
104.9172,176805
104.9214,176879
104.9255,176947
104.9303,177184
104.9339,177701
104.9379,177236
104.9380,176992
104.9418,177223
104.9459,177071
104.9501,177127
104.9541,177426
104.9582,177700
104.9623,176964
104.9664,177702
104.9705,177481
104.9746,177742
104.9787,177280
104.9828,177114
104.9869,177938
104.9910,177588
104.9951,177404
104.9992,177247
105.0033,177683
105.0073,177369
105.0115,177225
105.0155,177556
105.0196,177508
105.0237,177265
105.0279,177411
105.0319,177349
105.0361,177208
105.0402,177416
105.0443,176991
105.0483,177910
105.0524,177521
105.0573,177510
105.0607,177188
105.0646,176643
105.0647,177159
105.0688,177786
105.0729,177527
105.0771,178366
105.0811,177455
105.0852,177441
105.0893,177886
105.0934,177363
105.0975,177909
105.1016,178062
105.1057,178049
105.1098,177743
105.1139,177744
105.1180,177273
105.1221,176683
105.1264,177132
105.1302,177389
105.1343,177688
105.1384,177723
105.1427,177643
105.1467,176538
105.1508,176843
105.1549,177527
105.1590,176584
105.1631,177742
105.1671,177201
105.1712,177158
105.1754,177126
105.1794,177353
105.1839,177002
105.1878,177077
105.1919,177843
105.1920,177884
105.1958,177877
105.1999,177723
105.2048,177478
105.2082,177758
105.2122,177378
105.2162,177528
105.2204,177502
105.2244,177332
105.2286,177538
105.2327,177437
105.2368,177793
105.2408,177715
105.2449,177954
105.2491,177832
105.2531,177732
105.2573,177573
105.2613,178012
105.2654,177977
105.2695,177806
105.2736,177870
105.2777,177530
105.2819,177834
105.2859,178156
105.2901,178206
105.2941,178131
105.2982,177747
105.3023,177727
105.3064,177657
105.3106,177699
105.3148,177783
105.3187,178069
105.3188,177600
105.3228,177867
105.3269,177601
105.3309,177236
105.3351,177735
105.3391,177454
105.3432,178137
105.3473,177374
105.3514,177831
105.3555,177764
105.3597,177940
105.3637,178366
105.3679,177605
105.3719,177210
105.3760,177490
105.3801,177705
105.3843,177948
105.3884,177620
105.3926,177488
105.3965,177572
105.4006,177629
105.4047,177951
105.4088,177687
105.4129,177016
105.4169,176827
105.4211,177033
105.4251,177592
105.4292,177211
105.4333,177255
105.4375,177587
105.4418,177177
105.4458,177536
105.4459,177525
105.4497,177543
105.4538,177771
105.4579,177504
105.4620,178124
105.4661,177592
105.4702,177660
105.4743,177751
105.4784,178166
105.4825,177750
105.4866,177585
105.4907,177901
105.4948,177193
105.4989,177312
105.5030,178097
105.5071,177855
105.5112,177882
105.5153,178451
105.5194,177760
105.5235,177974
105.5276,177843
105.5316,177712
105.5358,177655
105.5398,177954
105.5439,177693
105.5481,177534
105.5521,177576
105.5562,176996
105.5603,177161
105.5644,177822
105.5688,177054
105.5728,177003
105.5729,177393
105.5767,178172
105.5808,177755
105.5849,177886
105.5890,177384
105.5932,177605
105.5972,177201
105.6013,177535
105.6054,177112
105.6095,177613
105.6136,177303
105.6176,177546
105.6218,177595
105.6262,178133
105.6299,178010
105.6341,177266
105.6381,177552
105.6423,178060
105.6464,178167
105.6504,177802
105.6545,178306
105.6586,178251
105.6627,178236
105.6668,178374
105.6709,178279
105.6750,178125
105.6791,178104
105.6832,177273
105.6873,177994
105.6914,177590
105.6955,177285
105.6997,177808
105.6997,177721
105.7037,177291
105.7078,177500
105.7119,177762
105.7159,177524
105.7202,177925
105.7241,177920
105.7283,177372
105.7323,177388
105.7365,178133
105.7406,177808
105.7447,176950
105.7488,177839
105.7529,177529
105.7569,177304
105.7610,177494
105.7652,178084
105.7692,177604
105.7735,177848
105.7774,178020
105.7815,178487
105.7856,178524
105.7897,177933
105.7938,178079
105.7979,177707
105.8020,177443
105.8061,177711
105.8102,177263
105.8143,176976
105.8184,176989
105.8225,177379
105.8266,177319
105.8268,177232
105.8307,176973
105.8348,177542
105.8389,177881
105.8429,177804
105.8471,176824
105.8511,177438
105.8552,178095
105.8593,177349
105.8634,177935
105.8675,176958
105.8716,177474
105.8757,177502
105.8798,177900
105.8839,177644
105.8880,177077
105.8921,177780
105.8962,177400
105.9003,177786
105.9043,177990
105.9085,177718
105.9126,177480
105.9167,177506
105.9208,177572
105.9250,177243
105.9291,178043
105.9331,177546
105.9372,177697
105.9412,177302
105.9455,177527
105.9496,177596
105.9537,177669
105.9578,177384
105.9579,177451
105.9618,177175
105.9659,177620
105.9700,178359
105.9740,177972
105.9782,178449
105.9822,178062
105.9864,177732
105.9904,177621
105.9945,178199
105.9986,178003
106.0027,178468
106.0068,177731
106.0109,178281
106.0151,178201
106.0191,177897
106.0231,177634
106.0272,177420
106.0313,177645
106.0354,177886
106.0395,178131
106.0437,177585
106.0477,177346
106.0518,177684
106.0559,178051
106.0601,177929
106.0641,177519
106.0682,177718
106.0723,177950
106.0767,177797
106.0807,177923
106.0848,177943
106.0849,178146
106.0887,177765
106.0928,178065
106.0969,176867
106.1010,178166
106.1051,177655
106.1093,178229
106.1133,178514
106.1173,178099
106.1215,177778
106.1257,178560
106.1296,177840
106.1337,177689
106.1378,178048
106.1422,178248
106.1461,177662
106.1502,178322
106.1542,177915
106.1583,178081
106.1624,178050
106.1665,178004
106.1706,177460
106.1747,177854
106.1788,177510
106.1829,177633
106.1870,177756
106.1911,178073
106.1952,177981
106.1993,177739
106.2034,178108
106.2076,178280
106.2117,178241
106.2118,177608
106.2156,177805
106.2197,178468
106.2238,177539
106.2279,178058
106.2321,178105
106.2361,177994
106.2403,177118
106.2443,178136
106.2484,177280
106.2525,178229
106.2566,177437
106.2607,178042
106.2648,177720
106.2689,177540
106.2730,177512
106.2771,178069
106.2812,178184
106.2853,177769
106.2894,177606
106.2935,177488
106.2976,177740
106.3017,178172
106.3058,177976
106.3099,177943
106.3140,177780
106.3181,177574
106.3221,177243
106.3263,177391
106.3304,177604
106.3350,177469
106.3391,177407
106.3392,178170
106.3427,177280
106.3468,177208
106.3509,178209
106.3549,177706
106.3592,177624
106.3632,177732
106.3672,177954
106.3713,177779
106.3755,178515
106.3795,178367
106.3836,178394
106.3877,178262
106.3920,177661
106.3961,178149
106.4008,178351
106.4041,178101
106.4082,177785
106.4125,178176
106.4164,177654
106.4205,177600
106.4246,178010
106.4287,177614
106.4328,177278
106.4368,177443
106.4412,177334
106.4451,178232
106.4493,177430
106.4532,177681
106.4573,176864
106.4616,177060
106.4657,177416
106.4665,177349
106.4696,177614
106.4737,177452
106.4778,177842
106.4819,177682
106.4860,177457
106.4902,177157
106.4942,177640
106.4983,176936
106.5024,177442
106.5071,178313
106.5106,177696
106.5147,177426
106.5188,177926
106.5229,177835
106.5270,177652
106.5311,177928
106.5351,177498
106.5392,177517
106.5433,177256
106.5474,178171
106.5515,177995
106.5556,177389
106.5597,178128
106.5638,177038
106.5679,177224
106.5742,177776
106.5769,177053
106.5803,177653
106.5848,177410
106.5886,177491
106.5927,177375
106.5929,177384
106.5978,177373
106.6016,177569
106.6048,177230
106.6089,177584
106.6138,177421
106.6178,177763
106.6211,177821
106.6253,177509
106.6303,177270
106.6341,177661
106.6375,177980
106.6417,177990
106.6472,178003
106.6501,178424
106.6539,177792
106.6580,178078
106.6639,177436
106.6669,177740
106.6704,178072
106.6744,177651
106.6805,177836
106.6831,178193
106.6868,177629
106.6908,177565
106.6949,177862
106.6994,177477
106.7031,177398
106.7072,177746
106.7144,177868
106.7160,178068
106.7196,178479
106.7236,177385
106.7237,177242
106.7298,177335
106.7322,177524
106.7358,177553
106.7400,177926
106.7442,177734
106.7488,177221
106.7522,178000
106.7563,177842
106.7606,177894
106.7648,177495
106.7690,177499
106.7727,178210
106.7768,178098
106.7816,177591
106.7854,178250
106.7893,178007
106.7933,177844
106.7981,178140
106.8019,178107
106.8059,177086
106.8096,177554
106.8141,177703
106.8181,177374
106.8219,177522
106.8259,177748
106.8309,177328
106.8345,177960
106.8383,178064
106.8428,177815
106.8480,178125
106.8510,178261
106.8512,177925
106.8546,177909
106.8587,177845
106.8635,177792
106.8673,178144
106.8711,177937
106.8752,177276
106.8806,177742
106.8838,177762
106.8878,177590
106.8915,177470
106.8974,177308
106.9007,177895
106.9038,177754
106.9079,177261
106.9145,177349
106.9171,177361
106.9202,177509
106.9243,178240
106.9326,178309
106.9338,177252
106.9372,177635
106.9407,177813
106.9449,177780
106.9495,178109
106.9534,178160
106.9571,177735
106.9650,177766
106.9665,178391
106.9694,178108
106.9735,177839
106.9776,177472
106.9783,178241
106.9820,177949
106.9864,177859
106.9898,178193
106.9940,177791
106.9988,177966
107.0021,177644
107.0062,177531
107.0103,177985
107.0145,178086
107.0187,177663
107.0226,177248
107.0268,178109
107.0311,177855
107.0352,177665
107.0389,178160
107.0432,178482
107.0481,177686
107.0515,178156
107.0553,177977
107.0596,178515
107.0643,177246
107.0682,177974
107.0717,177095
107.0761,177567
107.0804,178043
107.0845,177672
107.0881,178200
107.0922,176747
107.0969,177506
107.1005,177564
107.1049,177910
107.1057,178122
107.1086,177280
107.1129,177708
107.1173,177864
107.1209,177756
107.1250,178019
107.1307,177758
107.1338,177776
107.1377,178104
107.1413,177353
107.1472,177945
107.1495,177648
107.1543,178085
107.1582,177546
107.1635,177600
107.1661,177210
107.1701,177716
107.1741,178182
107.1796,177688
107.1830,177584
107.1872,176848
107.1905,177541
107.1964,177839
107.1998,177542
107.2028,177372
107.2069,178065
107.2129,177826
107.2156,177695
107.2200,178112
107.2233,177658
107.2284,177950
107.2317,177311
107.2328,178114
107.2355,177683
107.2396,177346
107.2439,177513
107.2486,177585
107.2528,177520
107.2560,177653
107.2603,177224
107.2649,176978
107.2689,177174
107.2724,177080
107.2769,177269
107.2813,177394
107.2849,177571
107.2889,177248
107.2930,176731
107.2979,177228
107.3011,177656
107.3052,177372
107.3098,177828
107.3139,177601
107.3181,178262
107.3216,177344
107.3257,177859
107.3319,177652
107.3344,178014
107.3379,178594
107.3421,178237
107.3472,177630
107.3509,178284
107.3546,177677
107.3590,177986
107.3629,177833
107.3636,177597
107.3672,177997
107.3711,177906
107.3749,177876
107.3801,177811
107.3833,177574
107.3871,177951
107.3913,177845
107.3968,177330
107.3997,177895
107.4035,177767
107.4076,178059
107.4131,177642
107.4164,177860
107.4201,178028
107.4241,177136
107.4303,177643
107.4326,177592
107.4370,177280
107.4404,177100
107.4446,177850
107.4490,177444
107.4531,177565
107.4567,177348
107.4639,177751
107.4656,176683
107.4690,177409
107.4731,177254
107.4773,176914
107.4820,177331
107.4855,177259
107.4896,177248
107.4897,176592
107.4938,177253
107.4988,177551
107.5026,177424
107.5062,177432
107.5100,178071
107.5153,177702
107.5192,178229
107.5226,177892
107.5267,177207
107.5314,178161
107.5354,177500
107.5387,177084
107.5428,177764
107.5479,177788
107.5518,176981
107.5551,177330
107.5594,177068
107.5636,177712
107.5679,177038
107.5714,177174
107.5756,177238
107.5817,177908
107.5842,177496
107.5878,177513
107.5921,177192
107.5968,177708
107.6002,177904
107.6042,178087
107.6084,177843
107.6139,178193
107.6167,178333
107.6168,177862
107.6206,178297
107.6247,178221
107.6309,178015
107.6344,178111
107.6369,177866
107.6413,177929
107.6477,177981
107.6500,177350
107.6533,177778
107.6574,177694
107.6641,178115
107.6666,176838
107.6697,177342
107.6738,177520
107.6806,178291
107.6829,177907
107.6861,177525
107.6902,177788
107.6973,177595
107.6987,177473
107.7025,177658
107.7066,177440
107.7126,178215
107.7156,178070
107.7189,177790
107.7229,177523
107.7307,177342
107.7326,178358
107.7355,178266
107.7395,177161
107.7435,178276
107.7436,177446
107.7479,177190
107.7521,177786
107.7564,177788
107.7600,178065
107.7645,177558
107.7680,177227
107.7721,176941
107.7764,177218
107.7807,177188
107.7849,177141
107.7888,177201
107.7926,176537
107.7975,177154
107.8018,177195
107.8052,177078
107.8091,177659
107.8137,177170
107.8174,176763
107.8213,177120
107.8253,177248
107.8298,177967
107.8339,177823
107.8377,177371
107.8418,177630
107.8465,177782
107.8511,177560
107.8547,177695
107.8582,177477
107.8625,178177
107.8664,177367
107.8709,177531
107.8710,177373
107.8745,177352
107.8796,177222
107.8836,177937
107.8868,177624
107.8910,177886
107.8958,177801
107.8995,177428
107.9032,177610
107.9073,177347
107.9125,177551
107.9159,176523
107.9201,176828
107.9236,177111
107.9293,176441
107.9324,177063
107.9360,177237
107.9402,177814
107.9456,177803
107.9488,177084
107.9523,177668
107.9564,176793
107.9626,177801
107.9652,177549
107.9695,177886
107.9729,178080
107.9770,177470
107.9812,177227
107.9857,177636
107.9892,177739
107.9950,177853
107.9975,177766
107.9980,177624
108.0024,177417
108.0056,178146
108.0097,177875
108.0143,178106
108.0181,177571
108.0220,177701
108.0262,177614
108.0310,177020
108.0348,177545
108.0383,177493
108.0425,177533
108.0475,177256
108.0514,177049
108.0547,176808
108.0591,176941
108.0644,177144
108.0670,176731
108.0711,177465
108.0753,177850
108.0801,177343
108.0838,176940
108.0875,177837
108.0916,177764
108.0960,177453
108.1005,177614
108.1039,177032
108.1080,177384
108.1131,177399
108.1168,178326
108.1204,177791
108.1244,177677
108.1245,177312
108.1292,177267
108.1331,177482
108.1366,177825
108.1407,177673
108.1461,177740
108.1489,178013
108.1534,177991
108.1571,177722
108.1626,177582
108.1657,177545
108.1694,177856
108.1735,178173
108.1793,177083
108.1824,177211
108.1859,177882
108.1899,176763
108.1962,177404
108.1985,177248
108.2022,177387
108.2063,177244
108.2123,177679
108.2150,177738
108.2190,177305
108.2226,178620
108.2289,177503
108.2313,178086
108.2354,177187
108.2391,178012
108.2432,177404
108.2473,177941
108.2513,177165
108.2553,177578
108.2554,177184
108.2595,177671
108.2641,177408
108.2682,177408
108.2718,176513
108.2759,177263
108.2804,177397
108.2845,176652
108.2882,176977
108.2923,177767
108.2978,176941
108.3009,177419
108.3046,177397
108.3087,177249
108.3150,176892
108.3177,177735
108.3210,177106
108.3253,177619
108.3299,177278
108.3337,176848
108.3374,177096
108.3419,177304
108.3460,177192
108.3502,177427
108.3537,177461
108.3581,177754
108.3626,177608
108.3665,177339
108.3701,178028
108.3742,178271
108.3790,177759
108.3825,177562
108.3826,177754
108.3865,178307
108.3906,177675
108.3961,177642
108.3993,177633
108.4037,177252
108.4070,177966
108.4128,177294
108.4158,176936
108.4193,177485
108.4233,177382
108.4295,177417
108.4318,177718
108.4360,178314
108.4406,177833
108.4459,177707
108.4483,177769
108.4528,177025
108.4568,178050
108.4625,177784
108.4650,177074
108.4690,178232
108.4728,177950
108.4788,178036
108.4813,177967
108.4851,177910
108.4889,177976
108.4930,177977
108.4978,177237
108.5012,177132
108.5054,178029
108.5095,177872
108.5096,177551
108.5138,177277
108.5182,177009
108.5216,177423
108.5257,178007
108.5309,177804
108.5344,177476
108.5387,178021
108.5422,177530
108.5473,177898
108.5508,177503
108.5544,178040
108.5588,177888
108.5634,177367
108.5674,177418
108.5708,177776
108.5749,177983
108.5796,177692
108.5836,177508
108.5872,177444
108.5914,178194
108.5985,178059
108.6004,177699
108.6040,177987
108.6077,177253
108.6125,177188
108.6163,178046
108.6210,177506
108.6241,177090
108.6296,178032
108.6323,177334
108.6363,178045
108.6365,177489
108.6406,177640
108.6472,178093
108.6492,178231
108.6530,177578
108.6568,177369
108.6639,178042
108.6658,177672
108.6694,177079
108.6732,177217
108.6791,177061
108.6820,176954
108.6855,177234
108.6896,177433
108.6962,177240
108.6984,177302
108.7019,177554
108.7059,177028
108.7119,177095
108.7150,177503
108.7183,177542
108.7224,177386
108.7265,176976
108.7312,177387
108.7353,177176
108.7388,177286
108.7428,177415
108.7473,177272
108.7514,178539
108.7551,178006
108.7594,177947
108.7635,177815
108.7643,177900
108.7674,177812
108.7715,177818
108.7756,176913
108.7803,177913
108.7842,178109
108.7879,178300
108.7920,177652
108.7968,177201
108.8007,177883
108.8043,177524
108.8086,177677
108.8133,177668
108.8172,177331
108.8207,177447
108.8249,177913
108.8298,176910
108.8337,177876
108.8371,177921
108.8411,177625
108.8463,178048
108.8498,177685
108.8541,177822
108.8575,178166
108.8633,177863
108.8664,177426
108.8704,177655
108.8746,177771
108.8807,177873
108.8826,177764
108.8863,177710
108.8903,177199
108.8905,177232
108.8953,177032
108.8989,177248
108.9026,177238
108.9066,177567
108.9127,177739
108.9155,177179
108.9190,176612
108.9231,176727
108.9285,177547
108.9317,177082
108.9357,177517
108.9394,177641
108.9453,176943
108.9483,177784
108.9518,177160
108.9558,177502
108.9625,177167
108.9646,178093
108.9689,178369
108.9726,177646
108.9784,177217
108.9809,177693
108.9853,177692
108.9892,177275
108.9951,178305
108.9974,178096
109.0011,177590
109.0051,177258
109.0092,178022
109.0137,177685
109.0178,177460
109.0215,177540
109.0216,177873
109.0255,177455
109.0307,177102
109.0340,177802
109.0377,177939
109.0419,177644
109.0464,177966
109.0507,178121
109.0548,177142
109.0583,177508
109.0632,177358
109.0671,177118
109.0716,178002
109.0746,177597
109.0797,178787
109.0833,178413
109.0869,177856
109.0910,177554
109.0961,177757
109.0993,177699
109.1033,178033
109.1074,178374
109.1132,177912
109.1159,178436
109.1200,178544
109.1238,177733
109.1291,177995
109.1328,177269
109.1361,177571
109.1409,177498
109.1455,177385
109.1483,178033
109.1484,177728
109.1524,178121
109.1565,177319
109.1622,177229
109.1655,177527
109.1688,177227
109.1729,177973
109.1786,177497
109.1817,178017
109.1852,177716
109.1893,177157
109.1959,177457
109.1983,178149
109.2016,177903
109.2057,177865
109.2123,177913
109.2145,177887
109.2186,178241
109.2221,177406
109.2272,177474
109.2307,177992
109.2348,177891
109.2384,177684
109.2426,177337
109.2472,177245
109.2513,177438
109.2548,177386
109.2589,177088
109.2634,178258
109.2677,177603
109.2713,177354
109.2755,177441
109.2756,177611
109.2799,177818
109.2839,177879
109.2876,177379
109.2917,178028
109.2964,177805
109.3004,177819
109.3039,177807
109.3083,177171
109.3127,177735
109.3165,177403
109.3204,177907
109.3245,178022
109.3306,177794
109.3334,177324
109.3371,177338
109.3408,177680
109.3467,177916
109.3496,177890
109.3531,177273
109.3572,177586
109.3632,177934
109.3661,177795
109.3702,177943
109.3736,177439
109.3789,177369
109.3823,176922
109.3859,177883
109.3900,177359
109.3958,177780
109.3982,177302
109.4023,177696
109.4024,177539
109.4063,178015
109.4121,177226
109.4149,177027
109.4187,177044
109.4227,177678
109.4293,177660
109.4315,177773
109.4351,177723
109.4391,177630
109.4433,177302
109.4477,177838
109.4520,177931
109.4556,177918
109.4619,178018
109.4643,177531
109.4686,177608
109.4728,177355
109.4760,177276
109.4812,177825
109.4848,177175
109.4883,177723
109.4949,177645
109.4969,177971
109.5012,177263
109.5050,177266
109.5088,177390
109.5136,177350
109.5173,176757
109.5215,177072
109.5253,176983
109.5294,177174
109.5302,177458
109.5333,177169
109.5374,177218
109.5416,176834
109.5463,177049
109.5508,176810
109.5538,176944
109.5580,176799
109.5627,177076
109.5666,177125
109.5708,177571
109.5744,177037
109.5796,178187
109.5831,176797
109.5866,177206
109.5910,177349
109.5955,177446
109.5994,177071
109.6030,177817
109.6071,178053
109.6122,177562
109.6157,176768
109.6193,177477
109.6235,176537
109.6284,177435
109.6320,176831
109.6363,177817
109.6398,177629
109.6459,177012
109.6488,177004
109.6522,177268
109.6563,177003
109.6603,177130
109.6631,177417
109.6652,177168
109.6695,177266
109.6726,177503
109.6789,177353
109.6817,177380
109.6851,177558
109.6890,177725
109.6961,177542
109.6980,178193
109.7013,177697
109.7053,178028
109.7121,178026
109.7141,177879
109.7176,178069
109.7217,178217
109.7259,177548
109.7307,178164
109.7345,178284
109.7382,178127
109.7422,177455
109.7471,178100
109.7509,177320
109.7546,177073
109.7589,177509
109.7633,177772
109.7673,177829
109.7709,177175
109.7750,177438
109.7800,177318
109.7834,177649
109.7873,178024
109.7875,177636
109.7915,177594
109.7966,177848
109.8001,177873
109.8037,177214
109.8078,177430
109.8123,177710
109.8165,177705
109.8201,178014
109.8244,177803
109.8289,178106
109.8328,177765
109.8364,176981
109.8405,177863
109.8452,178204
109.8488,177538
109.8528,177380
109.8571,177823
109.8622,177803
109.8656,177385
109.8692,177839
109.8734,178233
109.8792,177754
109.8819,177420
109.8856,176806
109.8898,177858
109.8947,178106
109.8983,177704
109.9028,177476
109.9064,178335
109.9108,177846
109.9142,177335
109.9143,177561
109.9184,177755
109.9224,177668
109.9279,177423
109.9310,177608
109.9365,177631
109.9389,177317
109.9456,177549
109.9472,177258
109.9518,177329
109.9552,177284
109.9613,178162
109.9639,178213
109.9680,178286
109.9716,178267
109.9777,177735
109.9805,177742
109.9844,177370
109.9880,178001
109.9922,178188
109.9967,177441
110.0009,177743
110.0048,177977
110.0086,177336
110.0131,177759
110.0172,177306
110.0208,177636
110.0248,177298
110.0295,177553
110.0332,177944
110.0372,177361
110.0415,177655
110.0420,177627
110.0459,177650
110.0501,177909
110.0535,177765
110.0577,177845
110.0634,177982
110.0663,178421
110.0708,177365
110.0747,178023
110.0781,177664
110.0828,177619
110.0868,178301
110.0904,177220
110.0960,177881
110.0991,177648
110.1030,177707
110.1068,177473
110.1113,177929
110.1158,178032
110.1191,177107
110.1232,177650
110.1285,177685
110.1318,177763
110.1363,177366
110.1410,178300
110.1449,178146
110.1481,177856
110.1522,177362
110.1560,177941
110.1620,177841
110.1645,178074
110.1682,177324
110.1683,177964
110.1723,178161
110.1781,178086
110.1814,178308
110.1854,178525
110.1887,178355
110.1962,177702
110.1977,177422
110.2010,178087
110.2051,178304
110.2145,178069
110.2150,177986
110.2182,177964
110.2222,178129
110.2256,177748
110.2306,177739
110.2349,177746
110.2378,177608
110.2420,178378
110.2467,178070
110.2507,178574
110.2542,178104
110.2584,177595
110.2636,177855
110.2672,177824
110.2706,177876
110.2749,178254
110.2796,177731
110.2840,177826
110.2875,177521
110.2912,177186
110.2954,178071
110.2958,177455
110.2999,178367
110.3034,178027
110.3081,177563
110.3138,177720
110.3162,177909
110.3198,177877
110.3239,178015
110.3304,178248
110.3327,177555
110.3368,177403
110.3403,177684
110.3458,178059
110.3487,177806
110.3532,177967
110.3567,177791
110.3624,177304
110.3654,177599
110.3691,177883
110.3730,177399
110.3780,177376
110.3818,178075
110.3853,177771
110.3894,177489
110.3949,177508
110.3982,178228
110.4018,177732
110.4057,178146
110.4112,177620
110.4144,177820
110.4182,177568
110.4223,177966
110.4224,177379
110.4264,177536
110.4309,177171
110.4347,177924
110.4385,177919
110.4450,178170
110.4473,178121
110.4510,177850
110.4549,177752
110.4618,178264
110.4637,177000
110.4676,177592
110.4713,177017
110.4775,176954
110.4800,177704
110.4841,177332
110.4877,177538
110.4918,177137
110.4972,177204
110.5000,177334
110.5042,177836
110.5082,178276
110.5127,177303
110.5170,177782
110.5204,177900
110.5246,177831
110.5289,177960
110.5330,177397
110.5368,178262
110.5409,177849
110.5459,177943
110.5492,178202
110.5493,177923
110.5534,178223
110.5573,177750
110.5623,177854
110.5666,178035
110.5702,177423
110.5737,177530
110.5788,178355
110.5830,177711
110.5865,177734
110.5902,177826
110.5944,177878
110.5991,177925
110.6034,177755
110.6065,177578
110.6137,178097
110.6152,177618
110.6195,178116
110.6229,177429
110.6283,177042
110.6316,177650
110.6351,177296
110.6394,177310
110.6449,177186
110.6480,177512
110.6515,177133
110.6556,177469
110.6623,176882
110.6645,178035
110.6679,177095
110.6721,177192
110.6782,177101
110.6786,177662
110.6806,177252
110.6843,177306
110.6884,177728
110.6947,176947
110.6969,177982
110.7008,177598
110.7048,177228
110.7114,178187
110.7135,177981
110.7176,177342
110.7218,177000
110.7253,177531
110.7302,177395
110.7341,177151
110.7384,177032
110.7417,177061
110.7462,177681
110.7504,177921
110.7539,177418
110.7580,177599
110.7629,177061
110.7662,177585
110.7703,177793
110.7744,177100
110.7793,177696
110.7832,177126
110.7867,177765
110.7908,177448
110.7955,177653
110.7991,177246
110.8039,177689
110.8073,177709
110.8074,177208
110.8127,177749
110.8159,178003
110.8203,177650
110.8239,177867
110.8285,177867
110.8326,177714
110.8367,177709
110.8399,177543
110.8453,178368
110.8490,177664
110.8522,177344
110.8567,177585
110.8622,177208
110.8655,177390
110.8693,178133
110.8727,177446
110.8794,177852
110.8812,178075
110.8855,178028
110.8891,177691
110.8950,177410
110.8983,177959
110.9014,177694
110.9054,178036
110.9126,177587
110.9141,177686
110.9182,177187
110.9219,177184
110.9265,177851
110.9303,177724
110.9343,178104
110.9350,177063
110.9383,177724
110.9448,178120
110.9468,177698
110.9505,178299
110.9546,177887
110.9615,177808
110.9630,177701
110.9669,177691
110.9710,177939
110.9751,178444
110.9800,177842
110.9842,177806
110.9874,177629
110.9916,177400
110.9961,177182
110.9997,177636
111.0038,177641
111.0079,177411
111.0130,177514
111.0167,177185
111.0202,177204
111.0245,177452
111.0287,177507
111.0328,177420
111.0365,177992
111.0407,178359
111.0458,177821
111.0495,177991
111.0535,177695
111.0571,178040
111.0612,177978
111.0619,177824
111.0654,177113
111.0693,177058
111.0735,177429
111.0779,177571
111.0821,178309
111.0857,177627
111.0898,177498
111.0948,177621
111.0985,177108
111.1021,177856
111.1062,176683
111.1105,177566
111.1148,177732
111.1186,177219
111.1225,177578
111.1283,177323
111.1310,177234
111.1351,177550
111.1390,177820
111.1447,177610
111.1475,178143
111.1512,178116
111.1553,177892
111.1611,177592
111.1640,177696
111.1676,177369
111.1717,177540
111.1777,177203
111.1800,177341
111.1842,177909
111.1881,176998
111.1882,177364
111.1922,177428
111.1968,177711
111.2004,177384
111.2044,177828
111.2086,178216
111.2130,177872
111.2172,177637
111.2208,177595
111.2272,177010
111.2293,177471
111.2334,176913
111.2372,177197
111.2414,177200
111.2457,178149
111.2498,177932
111.2536,178013
111.2577,177856
111.2623,177469
111.2666,177459
111.2700,177424
111.2741,177536
111.2788,177688
111.2828,177390
111.2864,177496
111.2904,177880
111.2953,178364
111.2992,177760
111.3028,177929
111.3070,177891
111.3112,177437
111.3151,177297
111.3152,177939
111.3191,177533
111.3232,177530
111.3277,177439
111.3320,177614
111.3355,177840
111.3397,177542
111.3449,177688
111.3483,177614
111.3519,177715
111.3560,177795
111.3610,177589
111.3647,176860
111.3683,177836
111.3724,177411
111.3783,177316
111.3811,177049
111.3847,177471
111.3888,177367
111.3944,177526
111.3974,176851
111.4011,176919
111.4051,176731
111.4111,177861
111.4139,177891
111.4174,177429
111.4215,177528
111.4281,177304
111.4306,177628
111.4338,177708
111.4380,177621
111.4435,177633
111.4445,177577
111.4468,178281
111.4502,178408
111.4543,177624
111.4625,177238
111.4631,177990
111.4669,177295
111.4707,177757
111.4773,177851
111.4792,177169
111.4830,177586
111.4871,177736
111.4913,177869
111.4963,177754
111.4998,177768
111.5035,176941
111.5076,177239
111.5124,177414
111.5158,177401
111.5198,177591
111.5241,177203
111.5286,177332
111.5324,178120
111.5362,176832
111.5403,177332
111.5462,177448
111.5494,177453
111.5528,177842
111.5569,177405
111.5624,177452
111.5649,177226
111.5690,176709
111.5691,177448
111.5731,177219
111.5779,177704
111.5816,177448
111.5854,177503
111.5895,177651
111.5951,177808
111.5980,177574
111.6018,177016
111.6058,177266
111.6111,177107
111.6149,177633
111.6181,177306
111.6222,177047
111.6279,177301
111.6311,177352
111.6345,178001
111.6386,177791
111.6443,177515
111.6474,177288
111.6509,177737
111.6550,177592
111.6607,177868
111.6637,178152
111.6673,177671
111.6714,176857
111.6768,178150
111.6801,177716
111.6837,177791
111.6878,177743
111.6934,178182
111.6959,177850
111.7001,177851
111.7002,177258
111.7041,177676
111.7105,177391
111.7128,177748
111.7166,177879
111.7205,177772
111.7267,178354
111.7292,177824
111.7328,177399
111.7369,177805
111.7410,178169
111.7456,177739
111.7492,177362
111.7533,177751
111.7574,178060
111.7622,177898
111.7656,178070
111.7697,177956
111.7738,177926
111.7783,178161
111.7822,177787
111.7861,178246
111.7902,177992
111.7946,177666
111.7988,177610
111.8024,177837
111.8067,177914
111.8113,178193
111.8155,178051
111.8189,178127
111.8231,178120
111.8270,178035
111.8280,177467
111.8311,178159
111.8352,177995
111.8395,177724
111.8443,178203
111.8485,178100
111.8516,177874
111.8557,177411
111.8608,178402
111.8642,178623
111.8681,177849
111.8721,177816
111.8784,177536
111.8806,178264
111.8844,176679
111.8885,177523
111.8936,177290
111.8971,177211
111.9007,177552
111.9049,177334
111.9105,177461
111.9137,177732
111.9171,177592
111.9212,177310
111.9283,178261
111.9300,177965
111.9336,177248
111.9376,177398
111.9437,176903
111.9459,177653
111.9500,177881
111.9540,177539
111.9541,177992
111.9582,177351
111.9630,177649
111.9664,177835
111.9704,177297
111.9770,177977
111.9791,177940
111.9827,177392
111.9867,177629
111.9909,177501
111.9957,178313
111.9991,178784
112.0031,177645
112.0073,178410
112.0118,177771
112.0155,178535
112.0195,178007
112.0237,178064
112.0282,178419
112.0324,178165
112.0359,178091
112.0400,178621
112.0454,177945
112.0490,178078
112.0523,177945
112.0569,177583
112.0618,177587
112.0653,178006
112.0687,177967
112.0730,178426
112.0773,178033
112.0810,178018
112.0811,177649
112.0851,178167
112.0893,178188
112.0942,177944
112.0978,177440
112.1015,178006
112.1056,177728
112.1109,177904
112.1143,177333
112.1178,178139
112.1219,177443
112.1278,177886
112.1312,178028
112.1343,177571
112.1384,177984
112.1425,177984
112.1476,178233
112.1506,177819
112.1547,177497
112.1605,178070
112.1634,177540
112.1670,177786
112.1711,177309
112.1773,177529
112.1799,177735
112.1834,177031
112.1875,177256
112.1930,177790
112.1960,177820
112.1998,177679
112.2040,178211
112.2082,177516
112.2084,177707
112.2130,177510
112.2163,177786
112.2202,177870
112.2244,177560
112.2289,177503
112.2325,178218
112.2366,177615
112.2407,177407
112.2453,178015
112.2490,177296
112.2530,177404
112.2572,177887
112.2618,177938
112.2653,177685
112.2694,177482
112.2735,177589
112.2780,177671
112.2821,177620
112.2857,177783
112.2900,177675
112.2943,177552
112.2984,177202
112.3022,177780
112.3062,177489
112.3107,178521
112.3148,178073
112.3185,177505
112.3227,177466
112.3270,177995
112.3309,177734
112.3349,177971
112.3350,177829
112.3391,177642
112.3441,177309
112.3476,178251
112.3513,177701
112.3556,177792
112.3602,177908
112.3642,178112
112.3677,177736
112.3718,178670
112.3769,178035
112.3803,177681
112.3841,177913
112.3882,177950
112.3939,178219
112.3967,177819
112.4004,178295
112.4045,177423
112.4105,178784
112.4133,178074
112.4168,177683
112.4209,177995
112.4272,177839
112.4298,177883
112.4332,177701
112.4373,178011
112.4434,178123
112.4462,177972
112.4496,177666
112.4537,178212
112.4597,177454
112.4622,178175
112.4623,178131
112.4660,178233
112.4701,177544
112.4743,177332
112.4785,177584
112.4824,177308
112.4865,177889
112.4927,177217
112.4954,177840
112.4988,177521
112.5028,177814
112.5069,177297
112.5118,178302
112.5151,177677
112.5192,177906
112.5235,177845
112.5279,178400
112.5317,178010
112.5356,177656
112.5398,177596
112.5446,178092
112.5479,177478
112.5520,177899
112.5561,178217
112.5613,178197
112.5649,177346
112.5684,177278
112.5725,177319
112.5775,177120
112.5810,176960
112.5849,177381
112.5898,177101
112.5939,177598
112.5943,177416
112.5978,177018
112.6018,177142
112.6053,176983
112.6099,177357
112.6146,177622
112.6176,177452
112.6216,176919
112.6283,177251
112.6311,177316
112.6339,177436
112.6381,177955
112.6449,177397
112.6465,177978
112.6509,177483
112.6547,178034
112.6610,177685
112.6631,177604
112.6673,177244
112.6708,177708
112.6766,177876
112.6796,177876
112.6837,177896
112.6872,177539
112.6944,177480
112.6960,177383
112.6994,177478
112.7035,177397
112.7096,177951
112.7121,177632
112.7159,177888
112.7199,178278
112.7200,177781
112.7241,177664
112.7290,177926
112.7322,177633
112.7363,177710
112.7405,177457
112.7449,178088
112.7486,177502
112.7527,177427
112.7568,178137
112.7615,177390
112.7650,177403
112.7691,178043
112.7732,178044
112.7780,178202
112.7814,178182
112.7855,177852
112.7897,177893
112.7942,177118
112.7982,177626
112.8018,177571
112.8061,178031
112.8106,178194
112.8144,178076
112.8182,177641
112.8224,178171
112.8275,177600
112.8310,177531
112.8346,178064
112.8390,177822
112.8434,178123
112.8469,178033
112.8471,177624
112.8510,177565
112.8551,177397
112.8594,177526
112.8639,177776
112.8674,177583
112.8715,177611
112.8780,177566
112.8800,177943
112.8837,177879
112.8878,177122
112.8936,177594
112.8965,178028
112.9001,177325
112.9042,177759
112.9103,177996
112.9130,177515
112.9165,177322
112.9206,177495
112.9268,177094
112.9297,176767
112.9329,177810
112.9370,177186
112.9430,177383
112.9458,177033
112.9500,177031
112.9534,176499
112.9596,177496
112.9624,177599
112.9658,177422
112.9699,177174
112.9740,177615
112.9761,177421
112.9788,177955
112.9820,177737
112.9861,177864
112.9903,177807
112.9951,177591
112.9984,177565
113.0025,177999
113.0066,178018
113.0114,177806
113.0152,178171
113.0189,177300
113.0231,177813
113.0275,178047
113.0316,177951
113.0353,177533
113.0394,177368
113.0439,178152
113.0479,177692
113.0517,177518
113.0558,177617
113.0611,177711
113.0645,176883
113.0681,177784
113.0723,177106
113.0766,176862
113.0806,177014
113.0844,176938
113.0888,177954
113.0934,177590
113.0969,177116
113.1009,177576
113.1010,177365
113.1049,177007
113.1103,177329
113.1136,177550
113.1173,177893
113.1213,176458
113.1266,177263
113.1299,177220
113.1336,177563
113.1378,177185
113.1430,176876
113.1467,177298
113.1500,176919
113.1544,177579
113.1599,177683
113.1630,177609
113.1672,177763
113.1705,177584
113.1771,177802
113.1796,177042
113.1828,176572
113.1869,177732
113.1940,177086
113.1958,176829
113.1992,177543
113.2032,178002
113.2102,177428
113.2121,177359
113.2163,177425
113.2197,177187
113.2238,177827
113.2289,177242
113.2296,177122
113.2319,177505
113.2361,177693
113.2401,177593
113.2450,178049
113.2495,177982
113.2525,177298
113.2565,177745
113.2610,177949
113.2649,178477
113.2687,177602
113.2730,177675
113.2773,177482
113.2812,177964
113.2851,178317
113.2893,177506
113.2938,177568
113.2976,177920
113.3015,177496
113.3057,178034
113.3106,177991
113.3143,178207
113.3179,177411
113.3223,177559
113.3270,177639
113.3307,177180
113.3344,177621
113.3384,177188
113.3433,176887
113.3468,177794
113.3508,177570
113.3549,177427
113.3550,177448
113.3591,177382
113.3631,177372
113.3671,177744
113.3712,177708
113.3772,178117
113.3801,177010
113.3834,177788
113.3875,177428
113.3933,177786
113.3967,178099
113.3998,177832
113.4040,177846
113.4096,177705
113.4125,177952
113.4162,177666
113.4203,177685
113.4262,177199
113.4293,177633
113.4326,177078
113.4367,177222
113.4426,177457
113.4454,177103
113.4490,177929
113.4531,177356
113.4590,177415
113.4620,177418
113.4654,177206
113.4695,177608
113.4756,177832
113.4780,177422
113.4819,178071
113.4820,177344
113.4859,177573
113.4899,178060
113.4948,177441
113.4981,177368
113.5022,177121
113.5064,177755
113.5113,178157
113.5145,177581
113.5186,176958
113.5227,176809
113.5275,178402
113.5312,178160
113.5350,177571
113.5391,177312
113.5437,178120
113.5476,177052
113.5514,176906
113.5556,177225
113.5599,177362
113.5641,177945
113.5678,177662
113.5719,177976
113.5768,177516
113.5808,177394
113.5841,177987
113.5883,178165
113.5934,177836
113.5970,177306
113.6006,177553
113.6048,177725
113.6090,178122
113.6128,177243
113.6130,177530
113.6169,177957
113.6211,177636
113.6265,178092
113.6306,177663
113.6340,177571
113.6375,177378
113.6415,177735
113.6456,178031
113.6497,177728
113.6539,177067
113.6579,177306
113.6620,177765
113.6662,177798
113.6701,177549
113.6743,177644
113.6783,176980
113.6824,177650
113.6866,177525
113.6906,176975
113.6947,178052
113.6988,177808
113.7029,177799
113.7071,177454
113.7111,177374
113.7152,177781
113.7193,177238
113.7235,177804
113.7275,177583
113.7319,177678
113.7359,177157
113.7398,177295
113.7401,177329
113.7439,177562
113.7480,177615
113.7521,177745
113.7562,177638
113.7603,177552
113.7645,177689
113.7685,178067
113.7725,177502
113.7770,177261
113.7807,177515
113.7849,177156
113.7890,177615
113.7931,177398
113.7971,178244
113.8012,177690
113.8054,177666
113.8101,177573
113.8140,177404
113.8176,177664
113.8217,177947
113.8258,177782
113.8299,177544
113.8341,177547
113.8381,177356
113.8429,177280
113.8463,176716
113.8504,177300
113.8552,176889
113.8587,176807
113.8627,176804
113.8667,177197
113.8668,177210
113.8708,177738
113.8750,176860
113.8791,177011
113.8833,177326
113.8872,177266
113.8914,177173
113.8955,177403
113.8996,177031
113.9038,176464
113.9078,176546
113.9119,176661
113.9159,177308
113.9201,177123
113.9242,176950
113.9283,176846
113.9324,177069
113.9365,176935
113.9405,177376
113.9446,176739
113.9487,177318
113.9528,176339
113.9569,177207
113.9610,177450
113.9650,177166
113.9691,177453
113.9733,176943
113.9774,176380
113.9815,176990
113.9858,177016
113.9897,177713
113.9939,177437
113.9940,177712
113.9978,176944
114.0019,177731
114.0061,177083
114.0102,177164
114.0142,177313
114.0183,177687
114.0224,177260
114.0265,177682
114.0306,178087
114.0347,177440
114.0388,177542
114.0429,177841
114.0470,177421
114.0511,176929
114.0552,177519
114.0592,177388
114.0634,178017
114.0674,177806
114.0716,177452
114.0756,177218
114.0799,177974
114.0839,176979
114.0881,177816
114.0921,176899
114.0961,177467
114.1003,176980
114.1044,177317
114.1084,177588
114.1126,177432
114.1167,177888
114.1207,177396
114.1208,176911
114.1248,177698
114.1290,177836
114.1330,177665
114.1371,177573
114.1412,176504
114.1454,177096
114.1494,176872
114.1535,176996
114.1576,177029
114.1617,176099
114.1657,177437
114.1698,176628
114.1740,177093
114.1781,177045
114.1821,176831
114.1862,177177
114.1903,176846
114.1945,177367
114.1985,177213
114.2026,177364
114.2067,176900
114.2108,177437
114.2149,176929
114.2190,176664
114.2231,177294
114.2272,177163
114.2313,177515
114.2354,177998
114.2395,176783
114.2437,177288
114.2477,176464
114.2478,176820
114.2518,177273
114.2560,176760
114.2600,176583
114.2641,177187
114.2682,177073
114.2723,177286
114.2763,177894
114.2804,177558
114.2845,177269
114.2886,176959
114.2927,177542
114.2968,177492
114.3009,177459
114.3050,178023
114.3091,177402
114.3132,177712
114.3173,177523
114.3214,177628
114.3259,177324
114.3296,176873
114.3338,177451
114.3379,177059
114.3419,176959
114.3460,177051
114.3501,177361
114.3542,177359
114.3583,177043
114.3624,177318
114.3665,177519
114.3707,177437
114.3749,177383
114.3750,176665
114.3792,177441
114.3831,177326
114.3869,177709
114.3910,177627
114.3952,177075
114.3992,177283
114.4034,176872
114.4075,176807
114.4119,176699
114.4157,177157
114.4198,176654
114.4238,177447
114.4279,177698
114.4320,177617
114.4361,177091
114.4402,177919
114.4443,177498
114.4484,177118
114.4525,176795
114.4566,177321
114.4607,177419
114.4647,177491
114.4689,177685
114.4730,177928
114.4772,177122
114.4811,177039
114.4852,177107
114.4893,177281
114.4934,177672
114.4976,177076
114.5017,177814
114.5018,178256
114.5057,177700
114.5099,177277
114.5139,177814
114.5183,177660
114.5221,177475
114.5262,177072
114.5304,177412
114.5344,177349
114.5385,177061
114.5426,177136
114.5468,177286
114.5509,177096
114.5549,176896
114.5590,177039
114.5631,178112
114.5673,177433
114.5713,176647
114.5754,177341
114.5801,177732
114.5836,178052
114.5877,177526
114.5917,177432
114.5958,177780
114.6000,177197
114.6041,177363
114.6081,177509
114.6122,177251
114.6163,177521
114.6205,177516
114.6245,177700
114.6287,177802
114.6328,177165
114.6329,177784
114.6368,177503
114.6409,177099
114.6450,176639
114.6491,176520
114.6533,176640
114.6572,177500
114.6613,177375
114.6655,177914
114.6695,177591
114.6736,177499
114.6778,177389
114.6819,177675
114.6859,177934
114.6901,176897
114.6941,177688
114.6982,177701
114.7023,177851
114.7064,177161
114.7105,177367
114.7146,177099
114.7187,177845
114.7228,177478
114.7269,177626
114.7310,177602
114.7351,177730
114.7392,177563
114.7433,177297
114.7474,177741
114.7515,177060
114.7557,177942
114.7598,177479
114.7600,176980
114.7637,177182
114.7679,177815
114.7720,177762
114.7761,177981
114.7801,177222
114.7842,177953
114.7883,177541
114.7924,177530
114.7965,177607
114.8006,177361
114.8047,177794
114.8088,177550
114.8129,177169
114.8171,177463
114.8212,177603
114.8252,177120
114.8293,177810
114.8334,177434
114.8375,177402
114.8416,177299
114.8457,177387
114.8498,176694
114.8539,176813
114.8580,177388
114.8620,177088
114.8665,176315
114.8703,177276
114.8745,177133
114.8786,177194
114.8839,176615
114.8866,176810
114.8867,176874
114.8908,177364
114.8949,176850
114.8991,177595
114.9034,177036
114.9071,177861
114.9112,177531
114.9153,177348
114.9194,177605
114.9235,177535
114.9276,176480
114.9332,177580
114.9358,177705
114.9399,177565
114.9440,177534
114.9482,177678
114.9523,177609
114.9563,177159
114.9604,177319
114.9646,177830
114.9687,178221
114.9727,177952
114.9768,177482
114.9809,177523
114.9850,177643
114.9891,177199
114.9931,176936
114.9975,177146
115.0013,177573
115.0055,177249
115.0098,177694
115.0137,177793
115.0138,177465
115.0179,177528
115.0218,177575
115.0259,177926
115.0300,177890
115.0341,177733
115.0382,177711
115.0423,177598
115.0464,177626
115.0505,177686
115.0546,177229
115.0588,177641
115.0627,177803
115.0668,176897
115.0709,178039
115.0751,177627
115.0791,177867
115.0832,177652
115.0873,177712
115.0915,177341
115.0955,177535
115.0996,177006
115.1037,177165
115.1078,177200
115.1119,177792
115.1161,177798
115.1201,177302
115.1242,177694
115.1283,177929
115.1325,177268
115.1366,177855
115.1407,177626
115.1408,177071
115.1447,177752
115.1488,177953
115.1529,177556
115.1570,178359
115.1611,177798
115.1652,177386
115.1692,176970
115.1734,178170
115.1775,177557
115.1815,177596
115.1857,177881
115.1897,177625
115.1939,177936
115.1980,177157
115.2021,177578
115.2061,177694
115.2102,178002
115.2143,177665
115.2184,177949
115.2225,177639
115.2266,177620
115.2307,177465
115.2348,177610
115.2389,177933
115.2430,177524
115.2471,177552
115.2512,177731
115.2553,177939
115.2594,177806
115.2643,177841
115.2676,177788
115.2677,177428
115.2717,177828
115.2757,178239
115.2800,177426
115.2839,177330
115.2881,177719
115.2921,177165
115.2962,177606
115.3003,177796
115.3044,177589
115.3085,177022
115.3126,177570
115.3167,177319
115.3208,177459
115.3249,177800
115.3291,177969
115.3331,177793
115.3372,177677
115.3413,177597
115.3454,177772
115.3495,177345
115.3536,177411
115.3577,177212
115.3617,177814
115.3658,177060
115.3701,177792
115.3741,177454
115.3781,177017
115.3822,177041
115.3866,177896
115.3913,177062
115.3945,177634
115.3946,176822
115.3986,177353
115.4029,177853
115.4068,177527
115.4109,177671
115.4150,177326
115.4191,177506
115.4233,177423
115.4273,178149
115.4314,177077
115.4355,177603
115.4396,177591
115.4437,177070
115.4479,177214
115.4520,176583
115.4560,177563
115.4601,177613
115.4642,177347
115.4683,177224
115.4724,177062
115.4765,176955
115.4806,176763
115.4846,176787
115.4887,176598
115.4928,176974
115.4969,176725
115.5018,177024
115.5052,176887
115.5092,176572
115.5134,177035
115.5177,177425
115.5216,177383
115.5257,177365
115.5258,177577
115.5297,177337
115.5338,177153
115.5380,176689
115.5420,177305
115.5461,177002
115.5502,176990
115.5542,177059
115.5584,177328
115.5624,177348
115.5666,177549
115.5709,177652
115.5747,177626
115.5788,177156
115.5829,177342
115.5871,177297
115.5911,177268
115.5952,177289
115.5993,177902
115.6034,177668
115.6075,177038
115.6116,177630
115.6157,177164
115.6199,177549
115.6239,177548
115.6284,177735
115.6321,178206
115.6362,177448
115.6403,177313
115.6455,177648
115.6485,177534
115.6530,177336
115.6531,177603
115.6573,177518
115.6614,177208
115.6649,177628
115.6690,177740
115.6737,177389
115.6779,177955
115.6812,177319
115.6853,177203
115.6906,177321
115.6942,177680
115.6976,176864
115.7017,177708
115.7061,178056
115.7102,177813
115.7143,177783
115.7181,177609
115.7223,177257
115.7269,177312
115.7310,177126
115.7350,177901
115.7389,177360
115.7427,177379
115.7468,177649
115.7516,177775
115.7550,177325
115.7590,177960
115.7632,177337
115.7672,177063
115.7714,177399
115.7755,177322
115.7796,177213
115.7797,177600
115.7836,177563
115.7878,177739
115.7918,177584
115.7959,177535
115.8000,178074
115.8042,177580
115.8082,177492
115.8123,177650
115.8164,177099
115.8205,177316
115.8246,177756
115.8288,177640
115.8328,177819
115.8369,177972
115.8409,177409
115.8451,177378
115.8492,176914
115.8532,177760
115.8573,177211
115.8614,177416
115.8656,176871
115.8697,177212
115.8738,176817
115.8780,176753
115.8820,176901
115.8860,176616
115.8902,177079
115.8943,176619
115.8984,177322
115.9029,177554
115.9067,177512
115.9069,177381
115.9107,177602
115.9147,176856
115.9188,177764
115.9230,177366
115.9270,177199
115.9311,176886
115.9352,177338
115.9393,177863
115.9438,177394
115.9476,177963
115.9517,177950
115.9557,177966
115.9597,177562
115.9638,177557
115.9680,178067
115.9721,177374
115.9761,177468
115.9803,177842
115.9844,177776
115.9885,177236
115.9926,177910
115.9967,177597
116.0008,177795
116.0049,177624
116.0089,178017
116.0131,178145
116.0178,177625
116.0212,178017
116.0253,177672
116.0297,178357
116.0340,177462
116.0341,176940
116.0376,177437
116.0417,177567
116.0458,177791
116.0499,177564
116.0540,177254
116.0581,177667
116.0622,177647
116.0663,177977
116.0703,177866
116.0745,177773
116.0786,177804
116.0827,177943
116.0868,178087
116.0908,177583
116.0949,176968
116.0991,178287
116.1032,178235
116.1072,177792
116.1113,177259
116.1154,177687
116.1195,178477
116.1236,178067
116.1277,177810
116.1318,178116
116.1359,177452
116.1400,177678
116.1441,177413
116.1482,177313
116.1524,177339
116.1566,177879
116.1607,177831
116.1608,177871
116.1645,177805
116.1687,177680
116.1729,177714
116.1770,178033
116.1809,177501
116.1850,178376
116.1891,177105
116.1932,177604
116.1973,177838
116.2014,177983
116.2055,177826
116.2096,177996
116.2137,177940
116.2178,177648
116.2219,178087
116.2260,177512
116.2301,177412
116.2342,177606
116.2383,177670
116.2424,178307
116.2465,177499
116.2506,177667
116.2546,177759
116.2587,177590
116.2628,177393
116.2669,177636
116.2711,178372
116.2751,178302
116.2792,178382
116.2848,178028
116.2876,177526
116.2916,178385
116.2916,177947
116.2956,177924
116.2997,177824
116.3038,177739
116.3079,177850
116.3120,177973
116.3161,177360
116.3202,177245
116.3243,177993
116.3284,177298
116.3325,177500
116.3366,177299
116.3407,177587
116.3448,177244
116.3489,177650
116.3530,177610
116.3571,178099
116.3611,177651
116.3652,177897
116.3694,177075
116.3734,178233
116.3775,177861
116.3816,177661
116.3858,177255
116.3898,178065
116.3939,177624
116.3980,177337
116.4022,177503
116.4062,177585
116.4106,177286
116.4145,177778
116.4187,177638
116.4190,176990
116.4226,177343
116.4267,177515
116.4308,177493
116.4349,177236
116.4390,177578
116.4431,177292
116.4471,177278
116.4512,177871
116.4553,177931
116.4594,177207
116.4635,177477
116.4676,177995
116.4717,177785
116.4758,177868
116.4799,177132
116.4840,177447
116.4881,177224
116.4922,176752
116.4963,177176
116.5004,177999
116.5045,177499
116.5086,177618
116.5127,177621
116.5168,177877
116.5209,177481
116.5250,178027
116.5291,178124
116.5332,177742
116.5375,177843
116.5419,177727
116.5456,177544
116.5457,178624
116.5496,178071
116.5537,177770
116.5578,177596
116.5619,177633
116.5661,177542
116.5701,178077
116.5742,178054
116.5783,177728
116.5823,178104
116.5865,177874
116.5905,177945
116.5946,178126
116.5987,178337
116.6034,178008
116.6070,177328
116.6110,177516
116.6151,177545
116.6192,177674
116.6233,177559
116.6274,177539
116.6315,177336
116.6356,177461
116.6396,177508
116.6438,177266
116.6479,177144
116.6520,176332
116.6561,177028
116.6602,177040
116.6644,177315
116.6685,177206
116.6726,177367
116.6727,177440
116.6773,177511
116.6806,177534
116.6847,177516
116.6888,177583
116.6929,177351
116.6970,177757
116.7011,177541
116.7052,177792
116.7093,177670
116.7134,178213
116.7175,178104
116.7216,177287
116.7257,177521
116.7298,177871
116.7338,177673
116.7379,177993
116.7420,177604
116.7462,177130
116.7503,177009
116.7544,177402
116.7585,177635
116.7625,177860
116.7666,177867
116.7707,177393
116.7748,178031
116.7789,177384
116.7830,177731
116.7871,177329
116.7912,177648
116.7955,177469
116.8000,177755
116.8001,177487
116.8035,177595
116.8076,177451
116.8117,177167
116.8158,177686
116.8199,177376
116.8241,177474
116.8281,177903
116.8322,178233
116.8363,177288
116.8403,177675
116.8445,177848
116.8486,177142
116.8527,177257
116.8567,177355
116.8608,177150
116.8649,177607
116.8691,177796
116.8731,177220
116.8773,177973
116.8820,177026
116.8855,177565
116.8895,177191
116.8936,177902
116.8977,177074
116.9020,177174
116.9059,177657
116.9100,177289
116.9141,178287
116.9182,177619
116.9226,177371
116.9266,177836
116.9267,177714
116.9304,177600
116.9345,177730
116.9390,178083
116.9428,177749
116.9468,178064
116.9509,177657
116.9550,177902
116.9591,177413
116.9632,177347
116.9673,177697
116.9715,177332
116.9755,177710
116.9797,177657
116.9837,178307
116.9878,177280
116.9919,178031
116.9960,177146
117.0001,177769
117.0042,177592
117.0083,177503
117.0124,177996
117.0165,177542
117.0206,178223
117.0247,178164
117.0288,177370
117.0333,177183
117.0370,177483
117.0411,177218
117.0452,177899
117.0494,177490
117.0535,177143
117.0576,176377
117.0578,177553
117.0615,176497
117.0656,177563
117.0699,177306
117.0738,177379
117.0779,177376
117.0820,176833
117.0863,177329
117.0903,177384
117.0944,177894
117.0984,177564
117.1026,177413
117.1066,177238
117.1107,177214
117.1148,176933
117.1189,177010
117.1238,177429
117.1271,177366
117.1312,177269
117.1354,177295
117.1394,177113
117.1435,178368
117.1478,176946
117.1517,176983
117.1559,177855
117.1599,177142
117.1640,177229
117.1681,177571
117.1726,176973
117.1765,177321
117.1809,177460
117.1844,177060
117.1845,177727
117.1885,177787
117.1926,177543
117.1967,177542
117.2009,177633
117.2049,177622
117.2091,177368
117.2132,177255
117.2172,177457
117.2213,177492
117.2253,177536
117.2295,177051
117.2336,177356
117.2377,178100
117.2425,177522
117.2458,177154
117.2499,177657
117.2541,177731
117.2582,177132
117.2622,177309
117.2663,178284
117.2704,178196
117.2745,177738
117.2786,177591
117.2827,178039
117.2868,178252
117.2910,177753
117.2950,177922
117.2992,177076
117.3034,177359
117.3074,177365
117.3113,178037
117.3114,177811
117.3155,177428
117.3199,177553
117.3238,177785
117.3278,177568
117.3319,178074
117.3360,177546
117.3406,177285
117.3442,177530
117.3483,177481
117.3523,177796
117.3566,177886
117.3607,178615
117.3647,177833
117.3687,177724
117.3729,178189
117.3770,178065
117.3811,177916
117.3851,178008
117.3893,178088
117.3935,177678
117.3974,177471
117.4016,177631
117.4057,177681
117.4097,177892
117.4139,177739
117.4180,177423
117.4221,177667
117.4261,177579
117.4302,177576
117.4345,178267
117.4386,177883
117.4387,177775
117.4425,178174
117.4471,177763
117.4506,178504
117.4547,177148
117.4588,178249
117.4635,177554
117.4670,178460
117.4711,178233
117.4752,176946
117.4793,177516
117.4834,177735
117.4877,178322
117.4916,178026
117.4958,177555
117.4998,178099
117.5040,178395
117.5083,177894
117.5121,177975
117.5163,177978
117.5206,177694
117.5244,178069
117.5285,177813
117.5326,177845
117.5367,178096
117.5408,177826
117.5449,177250
117.5490,177839
117.5530,177751
117.5572,177887
117.5614,177820
117.5656,177538
117.5657,177775
117.5694,178278
117.5735,177690
117.5777,178279
117.5817,178561
117.5859,177675
117.5900,177761
117.5941,177594
117.5982,177946
117.6022,177866
117.6064,177943
117.6105,177362
117.6145,177469
117.6187,177078
117.6227,178021
117.6268,177144
117.6309,177043
117.6350,177692
117.6391,177800
117.6432,177384
117.6472,177766
117.6513,177770
117.6554,177904
117.6595,177508
117.6636,177559
117.6678,177959
117.6719,177895
117.6760,178184
117.6801,178025
117.6844,177609
117.6889,178267
117.6926,177756
117.6926,177830
117.6964,177894
117.7006,177830
117.7046,177586
117.7087,177528
117.7128,178225
117.7169,177699
117.7210,177708
117.7251,177839
117.7292,177774
117.7333,177701
117.7374,177553
117.7415,177766
117.7456,177575
117.7498,178357
117.7538,177645
117.7579,177876
117.7619,177857
117.7661,177588
117.7702,178276
117.7743,177590
117.7783,178235
117.7829,178164
117.7865,177676
117.7908,177849
117.7948,177733
117.7988,178251
117.8029,177791
117.8071,177657
117.8112,178013
117.8156,178157
117.8194,178067
117.8236,178098
117.8238,177231
117.8275,177611
117.8316,177358
117.8357,177396
117.8398,177899
117.8440,177509
117.8479,177321
117.8520,177904
117.8563,177929
117.8603,177991
117.8644,178520
117.8685,177429
117.8725,177639
117.8767,177852
117.8809,178072
117.8849,177587
117.8889,177714
117.8930,177999
117.8971,177118
117.9013,177762
117.9053,178052
117.9094,177533
117.9135,177463
117.9176,177475
117.9217,177886
117.9258,177524
117.9299,177529
117.9340,177477
117.9381,177620
117.9424,177774
117.9465,177776
117.9505,178071
117.9506,177649
117.9544,177948
117.9585,177388
117.9626,177808
117.9667,178082
117.9708,178017
117.9749,177981
117.9790,177478
117.9831,177774
117.9872,177298
117.9913,178135
117.9954,177887
117.9995,177761
118.0036,177925
118.0077,177961
118.0118,177310
118.0159,177989
118.0200,177968
118.0241,177620
118.0282,177217
118.0322,178145
118.0364,177833
118.0405,177684
118.0445,178119
118.0486,178184
118.0527,177804
118.0568,177856
118.0609,177401
118.0650,177697
118.0693,177871
118.0741,177847
118.0773,177359
118.0774,177486
118.0814,177660
118.0855,177705
118.0896,177554
118.0937,177003
118.0978,178148
118.1019,177828
118.1060,177428
118.1101,178271
118.1142,177832
118.1183,177901
118.1224,177444
118.1265,177464
118.1306,177625
118.1348,178102
118.1388,177424
118.1429,178383
118.1470,177616
118.1511,177867
118.1551,177631
118.1592,177738
118.1633,177182
118.1674,177524
118.1715,177292
118.1756,177730
118.1797,178014
118.1838,177587
118.1879,177431
118.1920,177437
118.1961,177180
118.2003,176946
118.2044,177553
118.2045,177727
118.2084,177007
118.2125,177693
118.2166,177326
118.2207,177456
118.2248,176991
118.2289,176618
118.2330,177162
118.2371,176947
118.2411,177463
118.2453,176669
118.2494,176874
118.2535,176969
118.2576,176579
118.2617,177267
118.2658,177349
118.2698,177752
118.2739,177109
118.2782,177179
118.2822,177032
118.2862,177011
118.2904,177543
118.2945,177560
118.2985,177369
118.3026,177273
118.3067,177641
118.3108,177034
118.3149,177056
118.3190,177209
118.3232,177469
118.3275,177512
118.3315,177006
118.3316,177860
118.3359,178505
118.3395,177064
118.3436,177776
118.3476,177469
118.3518,177293
118.3558,177375
118.3599,177524
118.3640,177151
118.3681,177612
118.3722,177577
118.3764,177551
118.3804,177796
118.3845,177777
118.3886,177402
118.3927,177506
118.3968,177794
118.4009,177014
118.4050,178356
118.4091,177643
118.4132,176925
118.4173,178046
118.4213,177521
118.4254,176968
118.4296,177907
118.4336,177455
118.4378,177219
118.4419,177150
118.4460,177640
118.4501,177990
118.4544,177608
118.4591,177822
118.4592,177563
118.4624,177408
118.4664,178172
118.4705,177926
118.4746,177534
118.4787,177733
118.4828,177091
118.4869,177234
118.4910,178255
118.4951,177485
118.4992,177551
118.5033,177211
118.5074,177138
118.5115,177557
118.5156,177849
118.5197,177608
118.5238,177546
118.5278,177505
118.5319,178013
118.5361,177647
118.5402,177792
118.5442,178127
118.5484,177685
118.5525,177411
118.5565,177822
118.5607,177669
118.5647,178116
118.5689,177893
118.5729,177897
118.5770,177948
118.5814,177414
118.5853,177399
118.5893,178153
118.5894,178209
118.5934,178324
118.5975,177870
118.6016,177595
118.6057,177885
118.6098,177632
118.6139,177578
118.6181,177689
118.6221,178040
118.6262,177778
118.6303,177870
118.6344,177689
118.6385,178361
118.6425,177367
118.6466,177098
118.6508,177836
118.6549,177713
118.6589,177429
118.6630,177782
118.6671,177776
118.6712,178045
118.6753,177305
118.6794,177884
118.6835,178133
118.6876,177797
118.6917,177664
118.6958,177740
118.6999,177680
118.7040,176883
118.7088,177176
118.7123,177026
118.7163,176802
118.7165,177291
118.7204,177078
118.7244,177535
118.7286,177205
118.7326,177258
118.7368,177322
118.7409,177202
118.7449,176983
118.7490,177445
118.7531,177126
118.7572,177570
118.7614,177855
118.7654,177615
118.7695,177240
118.7736,177654
118.7777,177068
118.7818,176852
118.7859,177823
118.7900,177041
118.7941,177599
118.7982,177736
118.8023,177126
118.8064,177069
118.8106,177522
118.8146,177326
118.8187,177065
118.8228,178187
118.8268,177832
118.8309,178352
118.8352,177665
118.8392,178450
118.8432,177927
118.8434,177884
118.8473,177698
118.8516,177881
118.8555,177641
118.8596,177762
118.8637,177559
118.8679,178121
118.8720,177618
118.8761,178332
118.8802,177424
118.8844,177806
118.8883,177829
118.8924,178264
118.8966,177981
118.9007,177968
118.9047,177469
118.9088,178152
118.9129,177641
118.9170,177251
118.9211,177932
118.9260,177907
118.9293,177312
118.9333,177734
118.9375,178304
118.9415,177821
118.9457,177658
118.9497,178091
118.9539,177153
118.9581,178326
118.9623,178204
118.9664,177998
118.9703,177885
118.9704,177915
118.9743,177725
118.9784,177695
118.9826,178126
118.9866,177324
118.9908,177970
118.9948,178250
118.9989,177520
119.0031,177398
119.0071,178223
119.0116,177770
119.0153,177791
119.0194,178248
119.0235,177523
119.0276,177415
119.0317,178056
119.0358,177467
119.0399,177519
119.0440,177150
119.0480,177042
119.0522,177274
119.0563,177841
119.0603,177655
119.0645,177751
119.0686,177705
119.0727,177152
119.0767,177628
119.0808,177582
119.0852,177689
119.0892,177586
119.0935,178005
119.0974,178002
119.0975,177581
119.1013,177478
119.1055,178074
119.1095,177704
119.1136,177450
119.1177,177893
119.1219,177909
119.1258,177662
119.1300,177434
119.1340,177753
119.1382,177363
119.1423,177662
119.1465,177736
119.1504,177323
119.1546,177597
119.1587,178212
119.1628,177694
119.1669,177704
119.1711,177925
119.1750,177860
119.1792,177539
119.1832,177539
119.1874,177338
119.1914,177587
119.1956,176879
119.1996,177697
119.2037,177379
119.2078,177235
119.2119,177824
119.2161,177544
119.2203,177156
119.2250,177461
119.2257,177837
119.2283,177896
119.2324,177536
119.2365,178128
119.2406,178144
119.2448,177729
119.2487,177756
119.2528,177275
119.2569,177688
119.2610,177570
119.2651,178146
119.2692,177249
119.2733,177045
119.2774,177113
119.2815,177780
119.2856,177915
119.2897,177606
119.2938,177591
119.2979,177678
119.3020,177938
119.3061,177896
119.3102,177615
119.3142,177691
119.3184,178540
119.3225,177496
119.3265,178246
119.3306,177629
119.3348,176983
119.3388,177723
119.3430,177376
119.3473,177896
119.3513,177408
119.3515,177006
119.3553,177827
119.3594,177926
119.3634,178046
119.3676,177783
119.3716,177855
119.3757,177830
119.3798,177267
119.3840,177731
119.3880,177605
119.3928,177307
119.3962,177474
119.4004,177506
119.4044,177658
119.4085,177014
119.4126,177253
119.4167,177687
119.4208,178127
119.4249,177664
119.4290,177518
119.4331,177231
119.4372,177868
119.4413,177969
119.4454,176967
119.4495,177921
119.4536,177807
119.4577,177973
119.4617,177386
119.4659,177881
119.4700,177776
119.4743,177467
119.4787,177161
119.4825,177358
119.4838,177252
119.4865,177703
119.4904,178063
119.4945,177675
119.4987,177494
119.5027,177487
119.5068,177221
119.5109,177506
119.5150,177208
119.5192,177267
119.5232,177494
119.5273,177678
119.5314,177834
119.5355,177650
119.5399,177236
119.5436,178052
119.5478,177724
119.5518,177135
119.5560,177159
119.5601,177451
119.5641,177478
119.5683,177622
119.5723,177429
119.5764,177941
119.5805,177388
119.5847,177704
119.5887,177684
119.5928,177333
119.5969,177954
119.6011,176985
119.6052,177066
119.6092,177011
119.6093,177340
119.6133,176827
119.6174,177611
119.6215,177416
119.6257,177148
119.6297,177758
119.6337,178043
119.6379,177359
119.6419,177507
119.6461,177661
119.6505,177501
119.6542,177507
119.6583,177891
119.6624,177165
119.6665,177091
119.6710,178034
119.6747,176831
119.6788,177502
119.6829,177038
119.6871,176701
119.6911,177545
119.6952,177534
119.6993,176690
119.7034,177563
119.7075,177416
119.7115,177379
119.7157,177402
119.7198,177372
119.7239,177373
119.7284,177408
119.7326,177945
119.7363,177368
119.7364,177147
119.7402,177047
119.7443,177176
119.7484,177650
119.7525,176990
119.7566,177196
119.7607,177775
119.7648,177256
119.7689,177635
119.7731,177256
119.7771,177644
119.7812,177532
119.7853,177368
119.7894,177884
119.7935,177854
119.7976,177586
119.8017,176811
119.8058,177016
119.8099,177220
119.8140,177166
119.8181,176965
119.8222,177359
119.8263,177437
119.8303,177686
119.8345,177148
119.8385,177804
119.8426,176756
119.8467,177092
119.8509,176812
119.8550,177865
119.8593,177263
119.8632,176648
119.8634,178033
119.8673,177606
119.8713,177445
119.8754,177239
119.8795,177204
119.8836,176698
119.8877,177476
119.8918,177005
119.8959,177491
119.9001,177286
119.9041,176957
119.9082,176761
119.9123,177125
119.9163,177330
119.9205,177649
119.9245,177162
119.9286,177017
119.9327,177451
119.9368,177520
119.9409,177809
119.9450,177610
119.9491,176458
119.9532,176897
119.9573,177215
119.9615,177387
119.9655,177987
119.9696,177727
119.9737,177254
119.9778,177588
119.9819,176862
119.9862,177031
119.9901,177706
119.9902,177134
119.9942,177600
119.9983,177609
120.0024,177808
120.0065,177156
120.0106,177196
120.0147,177435
120.0188,177633
120.0228,178319
120.0269,177545
120.0320,177463
120.0353,176928
120.0393,177697
120.0433,177642
120.0474,177624
120.0515,177784
120.0556,176820
120.0597,177617
120.0638,177763
120.0679,178160
120.0720,178183
120.0761,177806
120.0802,177491
120.0844,177866
120.0885,177513
120.0925,177295
120.0966,177096
120.1007,177269
120.1048,177418
120.1091,177376
120.1131,177342
120.1172,177483
120.1174,177883
120.1212,177284
120.1253,177857
120.1295,177253
120.1337,177384
120.1375,177829
120.1417,177037
120.1458,177526
120.1499,176979
120.1540,176982
120.1581,177751
120.1629,177813
120.1662,177619
120.1703,177539
120.1745,177803
120.1785,177178
120.1827,177270
120.1867,177860
120.1908,177859
120.1958,177684
120.1991,177236
120.2032,177013
120.2072,177234
120.2113,177021
120.2154,176802
120.2195,176830
120.2236,177115
120.2280,177286
120.2318,176846
120.2359,177749
120.2402,177255
120.2442,177198
120.2480,176872
120.2482,176681
120.2522,177598
120.2563,176837
120.2604,177646
120.2645,177296
120.2686,177385
120.2727,177005
120.2768,177325
120.2810,177070
120.2850,177200
120.2891,177267
120.2932,178114
120.2973,177009
120.3014,177760
120.3055,177378
120.3096,177272
120.3137,177412
120.3177,177041
120.3219,177188
120.3260,177341
120.3301,176804
120.3341,177727
120.3383,177786
120.3424,177541
120.3466,177950
120.3506,177363
120.3546,177367
120.3589,177513
120.3633,177191
120.3677,177107
120.3712,177378
120.3753,177546
120.3754,177611
120.3792,177576
120.3833,177800
120.3874,177253
120.3915,177749
120.3956,177991
120.3997,177829
120.4038,177863
120.4079,177358
120.4120,177332
120.4161,177670
120.4202,177300
120.4242,177633
120.4283,177552
120.4325,177257
120.4365,178131
120.4406,177107
120.4447,177424
120.4488,176981
120.4529,176869
120.4570,177394
120.4611,177134
120.4652,177844
120.4693,177621
120.4734,177985
120.4775,177416
120.4816,177210
120.4857,177934
120.4898,178056
120.4939,177449
120.4985,177663
120.5023,177475
120.5025,177340
120.5062,177128
120.5103,177442
120.5143,177534
120.5185,177288
120.5226,177171
120.5266,177084
120.5307,177857
120.5348,177736
120.5389,176935
120.5431,177627
120.5471,177557
120.5512,177470
120.5553,177353
120.5594,177222
120.5635,177268
120.5676,177040
120.5717,177999
120.5758,177624
120.5799,177516
120.5840,177281
120.5881,177630
120.5922,177532
120.5963,177143
120.6005,177334
120.6045,177310
120.6086,176814
120.6127,177833
120.6168,177642
120.6209,176852
120.6251,177089
120.6291,177547
120.6292,177737
120.6332,177714
120.6372,177232
120.6413,177171
120.6455,176191
120.6496,177113
120.6536,176663
120.6577,177220
120.6618,176878
120.6659,177166
120.6700,177046
120.6741,177611
120.6782,177462
120.6823,177241
120.6864,177521
120.6905,177276
120.6946,177495
120.6987,176959
120.7028,177350
120.7069,176959
120.7110,177147
120.7151,177394
120.7194,176632
120.7233,177445
120.7273,177444
120.7315,176645
120.7355,177055
120.7396,177267
120.7437,176921
120.7480,177430
120.7523,177521
120.7562,177504
120.7563,177024
120.7601,177065
120.7642,177456
120.7689,177376
120.7727,177766
120.7766,177408
120.7806,177881
120.7847,176727
120.7889,177664
120.7929,177700
120.7970,177474
120.8011,177357
120.8052,177366
120.8093,177336
120.8134,177439
120.8176,177324
120.8215,177938
120.8257,177917
120.8297,177526
120.8339,176587
120.8379,177756
120.8420,178067
120.8461,177381
120.8503,177430
120.8543,177105
120.8595,177275
120.8632,177287
120.8668,177460
