0.0005	-0.00000034
0.0051	-0.00000075
0.0099	-0.00000030
0.0149	-0.00000040
0.0199	-0.00000018
0.0250	-0.00000016
0.0299	-0.00000060
0.0360	-0.00000207
0.0409	-0.00000018
0.0460	-0.00000111
0.0504	-0.00000188
0.0563	-0.00000171
0.0605	-0.00000148
0.0655	-0.00000039
0.0705	0.00000071
0.0757	0.00000122
0.0805	0.00000141
0.0855	0.00000304
0.0905	0.00000284
0.0946	0.00000244
0.0996	0.00000316
0.1046	0.00000090
0.1097	0.00000024
0.1146	-0.00000036
0.1196	0.00000122
0.1247	0.00000057
0.1297	0.00000047
0.1347	-0.00000131
0.1397	0.00000005
0.1447	0.00000046
0.1497	-0.00000137
0.1541	-0.00000047
0.1591	-0.00000079
0.1641	-0.00000121
0.1685	0.00000063
0.1735	0.00000099
0.1785	0.00000226
0.1835	0.00000155
0.1885	0.00000098
0.1935	-0.00000027
0.1985	0.00000081
0.2035	0.00000134
0.2085	0.00000166
0.2135	0.00000081
0.2186	0.00000048
0.2234	0.00000025
0.2285	-0.00000057
0.2336	0.00000051
0.2386	0.00000132
0.2437	0.00000014
0.2486	0.00000002
0.2531	0.00000075
0.2582	0.00000235
0.2632	0.00000038
0.2682	-0.00000003
0.2732	-0.00000133
0.2782	-0.00000007
0.2832	0.00000031
0.2882	0.00000112
0.2931	-0.00000075
0.2982	-0.00000105
0.3032	0.00000045
0.3081	0.00000286
0.3132	0.00000036
0.3188	0.00000002
0.3232	0.00000042
0.3274	0.00000050
0.3325	-0.00000016
0.3376	-0.00000062
0.3426	-0.00000068
0.3482	-0.00000031
0.3531	-0.00000058
0.3576	-0.00000145
0.3627	0.00000068
0.3676	-0.00000166
0.3721	-0.00000155
0.3767	0.00000037
0.3810	0.00000015
0.3860	0.00000009
0.3911	-0.00000083
0.3961	0.00000027
0.4004	-0.00000215
0.4052	-0.00000154
0.4102	0.00000011
0.4150	0.00000125
0.4200	0.00000064
0.4250	-0.00000009
0.4300	-0.00000048
0.4343	-0.00000244
0.4393	-0.00000321
0.4441	-0.00000287
0.4493	-0.00000323
0.4535	-0.00000212
0.4579	-0.00000260
0.4627	-0.00000183
0.4677	-0.00000105
0.4728	-0.00000054
0.4777	-0.00000046
0.4828	-0.00000163
0.4878	0.00000096
0.4927	0.00000191
0.4974	0.00000021
0.5015	0.00000066
0.5060	-0.00000046
0.5109	0.00000047
0.5159	0.00000028
0.5211	-0.00000152
0.5263	-0.00000169
0.5314	0.00000051
0.5364	0.00000011
0.5415	0.00000113
0.5473	0.00000065
0.5515	0.00000023
0.5561	0.00000187
0.5611	0.00000133
0.5663	0.00000067
0.5709	0.00000085
0.5760	0.00000223
0.5811	0.00000115
0.5861	0.00000143
0.5910	0.00000224
0.5970	0.00000076
0.6014	-0.00000078
0.6065	0.00000021
0.6115	-0.00000145
0.6157	-0.00000141
0.6204	-0.00000134
0.6247	-0.00000073
0.6305	-0.00000054
0.6353	-0.00000043
0.6397	0.00000038
0.6439	0.00000173
0.6489	0.00000194
0.6534	0.00000183
0.6585	0.00000079
0.6641	0.00000004
0.6683	-0.00000061
0.6727	-0.00000137
0.6776	-0.00000281
0.0032	-0.00000157
0.0098	-0.00000092
0.0155	-0.00000142
0.0201	0.00000108
0.0251	0.00000186
0.0308	-0.00000040
0.0358	0.00000112
0.0405	0.00000038
0.0451	-0.00000067
0.0501	-0.00000268
0.0564	-0.00000125
0.0612	-0.00000455
0.0663	-0.00000387
0.0715	-0.00000485
0.0758	-0.00000252
0.0809	-0.00000089
0.0858	-0.00000167
0.0907	-0.00000240
0.0959	-0.00000093
0.1008	-0.00000045
0.1052	-0.00000029
0.1093	0.00000047
0.1144	0.00000179
0.1197	0.00000117
0.1239	0.00000107
0.1287	0.00000020
0.1339	0.00000121
0.1389	0.00000057
0.1439	-0.00000300
0.1489	-0.00000246
0.1533	-0.00000083
0.1585	-0.00000235
0.1628	-0.00000179
0.1673	-0.00000082
0.1721	-0.00000125
0.1769	-0.00000001
0.1819	-0.00000042
0.1869	-0.00000084
0.1913	0.00000036
0.1958	0.00000136
0.2008	0.00000055
0.2049	0.00000227
0.2099	0.00000175
0.2149	-0.00000029
0.2198	-0.00000052
0.2249	0.00000078
0.2292	0.00000047
0.2343	0.00000048
0.2388	0.00000008
0.2440	-0.00000024
0.2488	-0.00000016
0.2539	-0.00000004
0.2591	0.00000079
0.2636	-0.00000166
0.2686	-0.00000068
0.2735	-0.00000033
0.2779	-0.00000135
0.2827	0.00000063
0.2871	-0.00000037
0.2920	-0.00000060
0.2972	0.00000067
0.3016	0.00000009
0.3060	-0.00000083
0.3104	-0.00000111
0.3147	-0.00000126
0.3198	-0.00000221
0.3249	-0.00000138
0.3294	-0.00000120
0.3342	-0.00000100
0.3383	-0.00000155
0.3433	-0.00000102
0.3481	-0.00000163
0.3535	-0.00000055
0.3583	0.00000013
0.3627	0.00000076
0.3679	0.00000072
0.3726	0.00000119
0.3768	0.00000115
0.3817	0.00000127
0.3868	0.00000071
0.3918	0.00000132
0.3967	0.00000111
0.4012	0.00000100
0.4054	0.00000024
0.4104	0.00000052
0.4155	0.00000167
0.4205	0.00000161
0.4247	0.00000042
0.4297	0.00000023
0.4340	-0.00000173
0.4392	-0.00000241
0.4442	-0.00000086
0.4491	0.00000109
0.4536	0.00000052
0.4579	0.00000095
0.4629	0.00000095
0.4681	0.00000140
0.4730	0.00000209
0.4773	0.00000130
0.4816	0.00000098
0.4868	0.00000051
0.4917	0.00000184
0.4960	0.00000282
0.5010	0.00000252
0.5064	0.00000292
0.5107	0.00000430
0.5157	0.00000162
0.5209	0.00000013
0.5258	0.00000052
0.5299	0.00000156
0.5350	0.00000254
0.5392	0.00000190
0.5442	0.00000098
0.5491	0.00000073
0.5532	0.00000081
0.5578	0.00000001
0.5630	-0.00000014
0.5678	-0.00000095
0.5734	-0.00000033
0.5775	-0.00000090
0.5828	-0.00000024
0.5876	-0.00000026
0.5927	-0.00000152
0.5978	-0.00000007
0.6028	-0.00000013
0.6075	0.00000052
0.6118	0.00000286
0.6160	0.00000120
0.6205	0.00000125
0.6255	0.00000014
0.6305	0.00000088
0.6355	0.00000053
0.6406	0.00000194
0.6455	0.00000097
0.6505	0.00000170
0.6549	0.00000228
0.6602	0.00000170
0.6650	0.00000393
0.6693	0.00000283
0.6737	0.00000306
0.6788	0.00000228
0.6839	0.00000235
0.6882	0.00000068
0.6933	0.00000088
0.6983	0.00000079
0.7032	0.00000083
0.7076	0.00000094
0.7119	-0.00000078
0.7172	-0.00000156
0.7220	-0.00000084
0.7272	0.00000099
0.7320	0.00000147
0.7372	0.00000194
0.7414	-0.00000147
0.7464	-0.00000132
0.7514	0.00000027
0.7563	0.00000078
0.7605	-0.00000033
0.7655	0.00000026
0.7704	-0.00000018
0.7752	0.00000023
0.7804	-0.00000042
0.7852	0.00000052
0.7902	0.00000004
0.7952	0.00000054
0.8002	0.00000025
0.8044	-0.00000096
0.8095	-0.00000147
0.8146	-0.00000038
0.8198	-0.00000021
0.8247	0.00000014
0.8296	-0.00000083
0.8346	-0.00000133
0.8395	0.00000004
0.8447	-0.00000063
0.8495	0.00000054
0.8546	0.00000001
0.8598	0.00000006
0.8648	-0.00000086
0.8690	-0.00000113
0.8740	-0.00000250
0.8790	-0.00000237
0.8840	-0.00000190
0.8887	-0.00000331
0.8929	-0.00000180
0.8978	-0.00000090
0.9029	-0.00000098
0.9076	-0.00000078
0.9128	-0.00000003
0.9177	-0.00000120
0.9219	-0.00000143
0.9269	-0.00000140
0.9320	-0.00000208
0.9371	-0.00000245
0.9420	-0.00000295
0.9471	-0.00000183
0.9517	-0.00000192
0.9561	-0.00000110
0.9612	-0.00000170
0.9661	-0.00000004
0.9711	-0.00000006
0.9760	-0.00000013
0.9809	0.00000006
0.9859	0.00000004
0.9909	0.00000162
0.9960	0.00000105
1.0011	0.00000012
1.0059	0.00000088
1.0111	0.00000037
1.0159	-0.00000139
1.0201	0.00000123
1.0251	0.00000160
1.0292	0.00000150
1.0339	0.00000031
1.0388	-0.00000036
1.0438	-0.00000007
1.0486	0.00000049
1.0538	0.00000126
1.0586	0.00000065
1.0638	0.00000117
1.0688	0.00000082
1.0731	-0.00000029
1.0781	-0.00000049
1.0830	0.00000004
1.0881	-0.00000128
1.0932	0.00000010
1.0982	0.00000015
1.1024	0.00000050
1.1074	0.00000042
1.1116	-0.00000092
1.1165	-0.00000022
1.1207	-0.00000042
1.1254	0.00000152
1.1299	0.00000038
1.1351	-0.00000081
1.1401	-0.00000097
1.1450	0.00000039
1.1494	0.00000036
1.1545	-0.00000010
1.1593	0.00000013
1.1641	0.00000071
1.1692	-0.00000201
1.1742	-0.00000183
1.1789	-0.00000206
1.1840	-0.00000026
1.1883	0.00000037
1.1924	-0.00000188
1.1975	-0.00000051
1.2025	-0.00000098
1.2066	0.00000000
1.2109	-0.00000063
1.2158	-0.00000232
1.2210	-0.00000194
1.2258	-0.00000255
1.2308	-0.00000115
1.2357	-0.00000045
1.2408	-0.00000138
1.2456	-0.00000060
1.2507	0.00000049
1.2558	0.00000016
1.2600	0.00000049
1.2649	0.00000089
1.2700	0.00000164
1.2746	0.00000137
1.2796	0.00000106
1.2848	-0.00000162
1.2897	-0.00000056
1.2946	-0.00000022
1.2995	0.00000002
1.3047	-0.00000081
1.3095	-0.00000068
1.3141	-0.00000043
1.3185	-0.00000035
1.3232	0.00000009
1.3282	-0.00000027
1.3333	0.00000072
1.3376	0.00000113
1.3425	0.00000060
1.3473	-0.00000024
1.3524	-0.00000108
1.3567	-0.00000057
1.3610	-0.00000159
1.3658	-0.00000148
1.3700	-0.00000223
1.3748	-0.00000133
1.3789	-0.00000159
1.3833	-0.00000314
1.3883	-0.00000148
1.3934	-0.00000094
1.3982	-0.00000066
1.4024	-0.00000058
1.4066	0.00000061
1.4116	0.00000020
1.4165	-0.00000033
1.4206	-0.00000014
1.4247	0.00000052
1.4297	0.00000091
1.4339	0.00000074
1.4388	0.00000084
1.4436	0.00000036
1.4486	0.00000088
1.4537	0.00000015
1.4587	0.00000064
1.4630	0.00000090
1.4679	0.00000028
1.4722	0.00000110
1.4771	-0.00000310
1.4821	-0.00000230
1.4864	-0.00000245
1.4906	-0.00000227
1.4957	0.00000022
1.5007	-0.00000026
1.5048	0.00000005
1.5096	0.00000038
1.5147	0.00000016
1.5199	0.00000106
1.5248	0.00000221
1.5297	0.00000210
1.5344	0.00000088
1.5387	-0.00000150
1.5428	-0.00000142
1.5477	-0.00000042
1.5524	0.00000068
1.5572	0.00000061
1.5622	-0.00000048
1.5671	0.00000094
1.5717	0.00000101
1.5764	0.00000118
1.5813	0.00000080
1.5864	0.00000035
1.5914	-0.00000062
1.5963	-0.00000083
1.6014	0.00000016
1.6063	-0.00000004
1.6113	-0.00000032
1.6162	-0.00000075
1.6204	0.00000111
1.6253	0.00000110
1.6306	0.00000028
1.6349	0.00000109
1.6396	0.00000168
1.6447	0.00000220
1.6501	-0.00000035
1.6544	-0.00000153
1.6592	-0.00000276
1.6637	-0.00000288
1.6689	-0.00000170
1.6738	-0.00000046
1.6786	-0.00000060
1.6834	-0.00000043
1.6878	-0.00000006
1.6926	-0.00000197
1.6975	-0.00000089
1.7017	-0.00000155
1.7061	-0.00000105
1.7113	-0.00000180
1.7161	0.00000002
1.7213	-0.00000001
1.7255	-0.00000011
1.7304	-0.00000003
1.7347	0.00000198
1.7396	0.00000102
1.7447	0.00000049
1.7497	0.00000020
1.7547	-0.00000108
1.7591	-0.00000161
1.7642	-0.00000162
1.7688	0.00000061
1.7737	0.00000054
1.7785	-0.00000029
1.7836	-0.00000032
1.7881	0.00000228
1.7929	0.00000209
1.7977	0.00000062
1.8019	0.00000119
1.8062	0.00000045
1.8113	0.00000021
1.8164	0.00000201
1.8210	0.00000357
1.8251	0.00000120
1.8301	0.00000172
1.8352	0.00000104
1.8403	0.00000173
1.8452	0.00000276
1.8500	0.00000193
1.8543	0.00000175
1.8584	0.00000283
1.8626	0.00000159
1.8672	-0.00000018
1.8719	-0.00000014
1.8765	0.00000025
1.8816	-0.00000026
1.8865	-0.00000046
1.8911	-0.00000047
1.8959	0.00000032
1.9005	0.00000054
1.9057	-0.00000007
1.9107	0.00000039
1.9157	0.00000176
1.9206	0.00000036
1.9256	0.00000101
1.9304	-0.00000083
1.9347	-0.00000111
1.9400	-0.00000024
1.9450	0.00000084
1.9491	-0.00000073
1.9542	-0.00000101
1.9591	0.00000016
1.9632	-0.00000157
1.9683	-0.00000140
1.9731	-0.00000065
1.9780	-0.00000192
1.9829	-0.00000147
1.9880	0.00000099
1.9928	0.00000096
1.9976	0.00000155
2.0026	0.00000272
2.0078	0.00000282
2.0126	0.00000249
2.0177	0.00000200
2.0218	0.00000111
2.0269	0.00000263
2.0319	0.00000285
2.0369	0.00000205
2.0414	0.00000234
2.0466	0.00000402
2.0514	0.00000289
2.0560	0.00000229
2.0602	0.00000233
2.0652	0.00000149
2.0693	0.00000171
2.0743	0.00000029
2.0789	0.00000086
2.0835	0.00000107
2.0886	0.00000047
2.0928	0.00000098
2.0977	0.00000043
2.1021	0.00000079
2.1063	-0.00000050
2.1112	-0.00000017
2.1161	-0.00000081
2.1213	0.00000024
2.1257	0.00000033
2.1305	-0.00000022
2.1348	-0.00000134
2.1397	0.00000029
2.1447	-0.00000116
2.1497	-0.00000065
2.1544	-0.00000153
2.1591	-0.00000126
2.1641	-0.00000028
2.1692	-0.00000031
2.1734	-0.00000083
2.1781	-0.00000037
2.1827	0.00000068
2.1877	0.00000043
2.1927	0.00000276
2.1976	0.00000325
2.2028	0.00000198
2.2078	0.00000141
2.2127	0.00000241
2.2177	0.00000098
2.2220	0.00000109
2.2271	0.00000010
2.2321	0.00000038
2.2373	0.00000082
2.2417	0.00000046
2.2467	-0.00000162
2.2516	-0.00000173
2.2566	-0.00000116
2.2617	-0.00000013
2.2667	-0.00000034
2.2712	-0.00000167
2.2755	-0.00000020
2.2801	0.00000100
2.2852	0.00000092
2.2899	0.00000149
2.2948	0.00000186
2.2998	0.00000263
2.3050	0.00000133
2.3101	0.00000065
2.3150	-0.00000012
2.3201	0.00000100
2.3248	0.00000053
2.3297	0.00000113
2.3339	0.00000112
2.3382	-0.00000141
2.3428	-0.00000163
2.3476	-0.00000052
2.3527	-0.00000089
2.3577	-0.00000169
2.3626	-0.00000148
2.3677	-0.00000052
2.3726	-0.00000012
2.3771	0.00000053
2.3818	-0.00000092
2.3868	-0.00000114
2.3911	-0.00000136
2.3960	-0.00000198
2.4003	-0.00000021
2.4052	0.00000012
2.4101	0.00000155
2.4151	0.00000244
2.4193	0.00000155
2.4236	0.00000224
2.4286	0.00000079
2.4334	0.00000229
2.4377	0.00000094
2.4429	0.00000074
2.4478	-0.00000147
2.4528	-0.00000339
2.4578	-0.00000266
2.4629	-0.00000318
2.4682	-0.00000185
2.4726	-0.00000256
2.4772	-0.00000154
2.4822	-0.00000024
2.4866	0.00000080
2.4916	-0.00000002
2.4967	0.00000091
2.5017	-0.00000029
2.5068	0.00000056
2.5111	-0.00000020
2.5160	-0.00000029
2.5208	-0.00000021
2.5250	0.00000051
2.5300	0.00000125
2.5350	0.00000254
2.5393	-0.00000004
2.5443	-0.00000134
2.5492	-0.00000178
2.5533	-0.00000289
2.5580	-0.00000274
2.5631	-0.00000224
2.5682	-0.00000026
2.5734	-0.00000085
2.5783	0.00000015
2.5834	0.00000144
2.5878	0.00000087
2.5927	0.00000128
2.5976	0.00000147
2.6027	0.00000264
2.6078	0.00000335
2.6129	0.00000240
2.6182	0.00000399
2.6224	0.00000273
2.6266	0.00000202
2.6316	0.00000110
2.6367	-0.00000095
2.6419	-0.00000090
2.6469	-0.00000137
2.6523	-0.00000225
2.6571	-0.00000172
2.6621	-0.00000347
2.6673	-0.00000345
2.6722	-0.00000306
2.6768	-0.00000128
2.6813	-0.00000232
2.6857	0.00000002
2.6902	0.00000029
2.6950	0.00000059
2.6995	-0.00000023
2.7039	0.00000137
2.7088	0.00000012
2.7137	0.00000106
2.7178	-0.00000062
2.7223	-0.00000159
2.7272	-0.00000085
2.7325	0.00000029
2.7374	0.00000040
2.7416	0.00000189
2.7468	0.00000270
2.7518	0.00000309
2.7569	0.00000175
2.7618	0.00000130
2.7664	0.00000041
2.7708	0.00000037
2.7752	0.00000118
2.7799	0.00000046
2.7849	-0.00000054
2.7893	-0.00000113
2.7944	-0.00000236
2.7996	0.00000021
2.8044	-0.00000016
2.8094	-0.00000098
2.8144	-0.00000126
2.8194	0.00000052
2.8244	-0.00000016
2.8294	-0.00000044
2.8344	-0.00000230
2.8394	-0.00000116
2.8444	-0.00000155
2.8493	-0.00000179
2.8537	-0.00000170
2.8591	-0.00000038
2.8640	-0.00000021
2.8687	-0.00000089
2.8730	-0.00000046
2.8772	0.00000111
2.8818	0.00000010
2.8859	0.00000110
2.8902	0.00000030
2.8944	-0.00000087
2.8990	-0.00000196
2.9040	-0.00000254
2.9081	-0.00000042
2.9131	0.00000016
2.9181	0.00000019
2.9224	0.00000081
2.9266	-0.00000020
2.9316	-0.00000184
2.9359	-0.00000225
2.9408	-0.00000318
2.9459	-0.00000296
2.9506	-0.00000296
2.9549	-0.00000181
2.9599	-0.00000110
2.9648	-0.00000034
2.9699	-0.00000006
2.9742	0.00000091
2.9787	0.00000126
2.9838	-0.00000038
2.9882	-0.00000135
2.9928	-0.00000345
2.9979	-0.00000350
3.0028	-0.00000066
3.0074	-0.00000240
3.0124	-0.00000257
3.0170	-0.00000190
3.0219	-0.00000180
3.0260	-0.00000164
3.0309	-0.00000021
3.0352	-0.00000023
3.0402	-0.00000117
3.0450	-0.00000032
3.0499	-0.00000136
3.0545	-0.00000063
3.0589	0.00000072
3.0641	0.00000094
3.0691	0.00000026
3.0733	-0.00000052
3.0774	-0.00000255
3.0822	-0.00000159
3.0872	-0.00000107
3.0921	0.00000095
3.0970	0.00000089
3.1018	0.00000052
3.1064	0.00000008
3.1113	0.00000097
3.1164	0.00000118
3.1214	0.00000123
3.1262	0.00000108
3.1304	0.00000161
3.1347	0.00000223
3.1399	0.00000169
3.1449	0.00000011
3.1493	-0.00000083
3.1537	-0.00000111
3.1582	-0.00000183
3.1633	-0.00000277
3.1674	-0.00000168
3.1724	-0.00000084
3.1774	-0.00000213
3.1818	-0.00000245
3.1869	-0.00000173
3.1921	-0.00000066
3.1965	-0.00000147
3.2008	-0.00000134
3.2050	-0.00000188
3.2097	-0.00000084
3.2147	-0.00000221
3.2190	-0.00000031
3.2240	-0.00000090
3.2289	-0.00000196
3.2340	-0.00000208
3.2384	-0.00000216
3.2433	-0.00000166
3.2482	-0.00000259
3.2525	-0.00000082
3.2568	-0.00000209
3.2609	-0.00000168
3.2659	-0.00000173
3.2709	-0.00000015
3.2759	0.00000136
3.2803	0.00000123
3.2846	0.00000109
3.2896	0.00000228
3.2946	0.00000110
3.2994	0.00000208
3.3045	0.00000106
3.3094	0.00000235
3.3144	0.00000053
3.3195	-0.00000129
3.3238	-0.00000237
3.3286	0.00000113
3.3337	0.00000210
3.3380	0.00000215
3.3423	0.00000225
3.3473	0.00000271
3.3525	0.00000364
3.3575	0.00000208
3.3625	0.00000337
3.3674	0.00000283
3.3720	0.00000060
3.3767	0.00000028
3.3812	0.00000061
3.3854	-0.00000046
3.3904	0.00000011
3.3952	0.00000205
3.3994	0.00000163
3.4036	0.00000097
3.4085	-0.00000028
3.4135	0.00000046
3.4187	0.00000234
3.4237	0.00000122
3.4285	0.00000165
3.4331	0.00000135
3.4376	0.00000008
3.4419	-0.00000001
3.4468	0.00000055
3.4519	-0.00000041
3.4569	-0.00000166
3.4610	-0.00000096
3.4652	-0.00000111
3.4703	-0.00000281
3.4754	-0.00000363
3.4806	-0.00000352
3.4857	-0.00000380
3.4907	-0.00000172
3.4956	-0.00000386
3.5009	-0.00000478
3.5052	-0.00000258
3.5093	-0.00000194
3.5136	-0.00000134
3.5187	-0.00000167
3.5237	0.00000063
3.5287	0.00000087
3.5335	0.00000114
3.5378	0.00000174
3.5419	0.00000044
3.5469	0.00000192
3.5521	0.00000004
3.5565	-0.00000243
3.5615	-0.00000264
3.5668	-0.00000181
3.5718	-0.00000171
3.5767	-0.00000238
3.5814	-0.00000258
3.5864	-0.00000081
3.5914	-0.00000145
3.5963	0.00000008
3.6016	0.00000153
3.6060	0.00000132
3.6106	0.00000038
3.6149	-0.00000117
3.6199	-0.00000057
3.6248	-0.00000123
3.6298	-0.00000045
3.6339	-0.00000102
3.6383	0.00000018
3.6432	0.00000159
3.6483	0.00000025
3.6528	-0.00000091
3.6571	-0.00000100
3.6622	-0.00000118
3.6664	-0.00000164
3.6708	-0.00000073
3.6758	-0.00000148
3.6802	-0.00000075
3.6854	0.00000008
3.6901	0.00000065
3.6948	-0.00000068
3.6999	-0.00000138
3.7050	-0.00000113
3.7100	0.00000015
3.7150	-0.00000031
3.7198	0.00000021
3.7241	0.00000183
3.7292	0.00000138
3.7335	0.00000028
3.7376	0.00000044
3.7427	-0.00000032
3.7477	-0.00000100
3.7519	-0.00000083
3.7569	-0.00000072
3.7621	-0.00000093
3.7671	-0.00000081
3.7713	0.00000097
3.7757	0.00000062
3.7807	-0.00000049
3.7852	-0.00000067
3.7895	-0.00000041
3.7945	-0.00000041
3.7995	0.00000051
3.8043	-0.00000106
3.8091	-0.00000131
3.8141	-0.00000335
3.8184	-0.00000346
3.8229	-0.00000218
3.8271	-0.00000380
3.8320	-0.00000235
3.8367	-0.00000144
3.8416	-0.00000198
3.8466	-0.00000205
3.8517	-0.00000124
3.8559	-0.00000006
3.8604	0.00000052
3.8648	0.00000150
3.8697	0.00000110
3.8740	-0.00000080
3.8796	-0.00000148
3.8847	-0.00000241
3.8897	-0.00000237
3.8946	-0.00000294
3.8998	-0.00000136
3.9041	-0.00000120
3.9088	0.00000129
3.9138	0.00000043
3.9188	-0.00000019
3.9233	0.00000267
3.9281	0.00000301
3.9333	0.00000150
3.9382	0.00000046
3.9431	-0.00000011
3.9481	0.00000186
3.9531	0.00000081
3.9583	-0.00000030
3.9632	-0.00000204
3.9678	-0.00000264
3.9720	-0.00000265
3.9772	-0.00000205
3.9818	0.00000010
3.9869	0.00000052
3.9918	0.00000025
3.9967	0.00000164
4.0009	-0.00000028
4.0053	-0.00000165
4.0102	-0.00000068
4.0145	-0.00000108
4.0196	0.00000138
4.0246	0.00000066
4.0289	0.00000144
4.0339	0.00000077
4.0382	-0.00000051
4.0426	-0.00000015
4.0475	-0.00000049
4.0517	0.00000027
4.0568	0.00000076
4.0618	0.00000105
4.0669	0.00000003
4.0720	-0.00000026
4.0771	-0.00000008
4.0817	-0.00000007
4.0861	0.00000044
4.0908	0.00000032
4.0955	0.00000108
4.1005	0.00000152
4.1055	0.00000160
4.1105	0.00000234
4.1155	0.00000103
4.1200	0.00000055
4.1250	0.00000110
4.1299	0.00000092
4.1351	0.00000046
4.1403	-0.00000062
4.1452	-0.00000012
4.1500	0.00000008
4.1550	-0.00000079
4.1601	-0.00000114
4.1651	0.00000072
4.1694	0.00000185
4.1743	0.00000065
4.1794	0.00000097
4.1838	-0.00000049
4.1888	0.00000117
4.1938	0.00000092
4.1987	0.00000211
4.2039	0.00000206
4.2082	0.00000184
4.2133	0.00000142
4.2176	0.00000099
4.2218	0.00000006
4.2267	0.00000012
4.2317	0.00000069
4.2368	0.00000020
4.2418	-0.00000222
4.2468	-0.00000379
4.2516	-0.00000323
4.2562	-0.00000234
4.2611	-0.00000282
4.2663	-0.00000332
4.2706	-0.00000155
4.2756	-0.00000178
4.2806	-0.00000204
4.2855	-0.00000155
4.2905	-0.00000400
4.2954	-0.00000476
4.3005	-0.00000543
4.3047	-0.00000484
4.3099	-0.00000281
4.3150	-0.00000260
4.3201	-0.00000115
4.3245	-0.00000234
4.3294	0.00000045
4.3336	0.00000051
4.3385	-0.00000020
4.3435	-0.00000053
4.3486	-0.00000088
4.3528	-0.00000085
4.3580	-0.00000131
4.3629	-0.00000074
4.3681	-0.00000104
4.3723	-0.00000111
4.3772	-0.00000126
4.3818	-0.00000100
4.3860	-0.00000171
4.3902	-0.00000152
4.3951	-0.00000064
4.4000	0.00000066
4.4051	0.00000101
4.4100	-0.00000062
4.4152	-0.00000261
4.4200	-0.00000180
4.4251	-0.00000244
4.4300	-0.00000160
4.4343	-0.00000043
4.4386	-0.00000023
4.4433	0.00000033
4.4484	0.00000002
4.4532	-0.00000125
4.4582	-0.00000229
4.4634	0.00000030
4.4681	-0.00000044
4.4724	-0.00000162
4.4765	-0.00000151
4.4809	0.00000117
4.4852	-0.00000053
4.4900	-0.00000035
4.4952	-0.00000070
4.5003	0.00000158
4.5046	0.00000008
4.5088	-0.00000109
4.5138	0.00000067
4.5181	0.00000151
4.5233	0.00000144
4.5277	0.00000189
4.5328	0.00000165
4.5370	0.00000080
4.5421	0.00000035
4.5470	0.00000123
4.5521	0.00000139
4.5571	0.00000115
4.5621	0.00000090
4.5672	-0.00000020
4.5717	0.00000077
4.5767	-0.00000046
4.5814	0.00000262
4.5858	0.00000058
4.5903	-0.00000117
4.5953	-0.00000087
4.6001	0.00000093
4.6045	0.00000204
4.6088	0.00000287
4.6133	0.00000197
4.6178	0.00000201
4.6227	0.00000204
4.6275	0.00000170
4.6324	0.00000047
4.6375	0.00000151
4.6419	0.00000116
4.6467	0.00000039
4.6519	0.00000154
4.6566	0.00000159
4.6618	0.00000138
4.6661	-0.00000016
4.6703	0.00000100
4.6753	0.00000113
4.6803	0.00000005
4.6847	0.00000016
4.6890	0.00000024
4.6936	0.00000059
4.6986	0.00000194
4.7030	0.00000126
4.7080	0.00000170
4.7128	0.00000161
4.7180	0.00000084
4.7222	0.00000021
4.7271	-0.00000008
4.7322	-0.00000079
4.7364	-0.00000282
4.7406	-0.00000247
4.7457	-0.00000470
4.7506	-0.00000517
4.7556	-0.00000413
4.7605	-0.00000337
4.7658	-0.00000249
4.7702	-0.00000124
4.7747	-0.00000164
4.7798	-0.00000055
4.7842	-0.00000019
4.7887	0.00000007
4.7938	0.00000092
4.7985	-0.00000044
4.8027	-0.00000097
4.8068	-0.00000141
4.8118	-0.00000098
4.8169	-0.00000005
4.8219	0.00000110
4.8267	-0.00000002
4.8318	-0.00000261
4.8366	-0.00000120
4.8415	-0.00000269
4.8466	-0.00000047
4.8515	-0.00000028
4.8565	0.00000117
4.8617	0.00000135
4.8666	0.00000174
4.8707	0.00000202
4.8757	0.00000243
4.8808	0.00000167
4.8853	0.00000230
4.8903	0.00000305
4.8954	0.00000216
4.9003	0.00000239
4.9046	0.00000288
4.9094	0.00000168
4.9145	-0.00000074
4.9195	0.00000121
4.9239	0.00000106
4.9287	0.00000210
4.9331	0.00000165
4.9374	0.00000099
4.9420	0.00000211
4.9474	0.00000158
4.9519	0.00000149
4.9562	0.00000222
4.9609	0.00000179
4.9658	0.00000244
4.9701	0.00000201
4.9751	0.00000117
4.9802	0.00000166
4.9848	0.00000101
4.9897	0.00000109
4.9948	0.00000022
4.9999	0.00000050
5.0043	0.00000141
5.0089	0.00000241
5.0139	0.00000297
5.0180	0.00000278
5.0229	0.00000305
5.0278	0.00000263
5.0328	0.00000322
5.0378	0.00000406
5.0420	0.00000281
5.0469	0.00000031
5.0520	0.00000049
5.0563	0.00000129
5.0606	0.00000287
5.0656	0.00000198
5.0699	0.00000179
5.0745	0.00000096
5.0794	0.00000134
5.0842	0.00000170
5.0890	0.00000004
5.0939	0.00000091
5.0988	0.00000080
5.1037	-0.00000023
5.1086	-0.00000170
5.1135	-0.00000074
5.1186	0.00000022
5.1236	-0.00000087
5.1286	-0.00000043
5.1336	-0.00000068
5.1378	-0.00000102
5.1427	-0.00000162
5.1480	0.00000012
5.1524	0.00000034
5.1574	0.00000061
5.1622	0.00000125
5.1673	0.00000092
5.1715	-0.00000061
5.1763	-0.00000046
5.1813	-0.00000062
5.1856	-0.00000040
5.1899	-0.00000001
5.1951	-0.00000055
5.2001	0.00000147
5.2051	-0.00000181
5.2093	0.00000014
5.2143	0.00000266
5.2186	0.00000076
5.2238	-0.00000020
5.2285	-0.00000120
5.2329	-0.00000201
5.2378	-0.00000251
5.2428	-0.00000158
5.2478	-0.00000087
5.2528	-0.00000151
5.2572	-0.00000014
5.2622	-0.00000014
5.2672	0.00000090
5.2714	0.00000036
5.2763	-0.00000044
5.2814	-0.00000177
5.2861	-0.00000305
5.2905	-0.00000238
5.2954	-0.00000221
5.3004	-0.00000095
5.3054	-0.00000158
5.3104	-0.00000213
5.3153	0.00000034
5.3197	-0.00000121
5.3247	-0.00000101
5.3295	-0.00000052
5.3343	0.00000034
5.3393	0.00000031
5.3443	-0.00000150
5.3493	-0.00000149
5.3539	-0.00000126
5.3584	-0.00000254
5.3635	-0.00000191
5.3689	0.00000097
5.3731	0.00000154
5.3779	0.00000271
5.3821	0.00000248
5.3870	0.00000391
5.3916	0.00000237
5.3967	-0.00000066
5.4009	-0.00000138
5.4055	0.00000044
5.4097	0.00000066
5.4145	-0.00000007
5.4187	-0.00000035
5.4237	-0.00000150
5.4287	-0.00000121
5.4328	-0.00000054
5.4371	0.00000034
5.4418	-0.00000081
5.4469	-0.00000106
5.4520	-0.00000120
5.4563	0.00000090
5.4613	0.00000138
5.4664	0.00000197
5.4707	0.00000103
5.4757	0.00000264
5.4807	0.00000310
5.4851	0.00000181
5.4894	0.00000095
5.4944	0.00000037
5.4985	-0.00000026
5.5031	0.00000090
5.5081	0.00000054
5.5130	-0.00000075
5.5182	0.00000018
5.5234	-0.00000057
5.5282	-0.00000014
5.5331	-0.00000179
5.5376	-0.00000292
5.5427	-0.00000387
5.5478	-0.00000209
5.5525	-0.00000342
5.5576	-0.00000308
5.5625	-0.00000115
5.5666	-0.00000254
5.5707	-0.00000298
5.5759	-0.00000127
5.5808	-0.00000143
5.5862	-0.00000063
5.5913	-0.00000010
5.5962	-0.00000034
5.6005	-0.00000064
5.6056	-0.00000111
5.6105	-0.00000271
5.6154	-0.00000130
5.6198	0.00000017
5.6243	-0.00000025
5.6299	-0.00000053
5.6343	-0.00000097
5.6388	-0.00000239
5.6437	-0.00000064
5.6486	-0.00000066
5.6529	-0.00000165
5.6577	-0.00000201
5.6625	-0.00000067
5.6671	0.00000059
5.6719	0.00000072
5.6772	0.00000156
5.6821	0.00000056
5.6867	-0.00000147
5.6915	-0.00000034
5.6966	0.00000122
5.7011	0.00000230
5.7053	0.00000212
5.7104	0.00000182
5.7157	0.00000189
5.7206	-0.00000019
5.7255	0.00000229
5.7306	0.00000366
5.7360	0.00000168
5.7408	0.00000191
5.7458	-0.00000101
5.7501	-0.00000161
5.7545	-0.00000201
5.7588	-0.00000233
5.7639	0.00000040
5.7684	0.00000139
5.7734	0.00000176
5.7783	0.00000087
5.7835	0.00000059
5.7882	0.00000151
5.7933	0.00000127
5.7981	0.00000370
5.8032	0.00000228
5.8081	0.00000100
5.8135	0.00000054
5.8180	0.00000134
5.8224	0.00000142
5.8267	0.00000074
5.8308	0.00000085
5.8354	0.00000063
5.8406	0.00000245
5.8456	0.00000070
5.8506	0.00000046
5.8556	-0.00000072
5.8597	-0.00000338
5.8647	-0.00000178
5.8699	-0.00000250
5.8743	-0.00000315
5.8792	-0.00000068
5.8843	-0.00000101
5.8888	-0.00000159
5.8935	0.00000068
5.8986	0.00000161
5.9035	0.00000089
5.9085	0.00000015
5.9134	-0.00000035
5.9177	0.00000096
5.9222	0.00000226
5.9269	0.00000118
5.9321	0.00000040
5.9373	0.00000119
5.9421	0.00000020
5.9470	-0.00000023
5.9521	-0.00000053
5.9567	-0.00000081
5.9612	-0.00000148
5.9661	-0.00000104
5.9706	-0.00000013
5.9751	-0.00000086
5.9802	-0.00000137
5.9853	-0.00000150
5.9905	-0.00000299
5.9954	-0.00000336
6.0003	-0.00000324
6.0045	-0.00000297
6.0092	-0.00000185
6.0143	-0.00000370
6.0183	-0.00000118
6.0235	-0.00000074
6.0281	0.00000108
6.0325	0.00000148
6.0374	0.00000043
6.0415	0.00000008
6.0466	0.00000035
6.0516	-0.00000023
6.0560	0.00000070
6.0607	0.00000182
6.0657	0.00000054
6.0700	-0.00000087
6.0744	-0.00000113
6.0786	0.00000099
6.0836	0.00000027
6.0884	0.00000198
6.0936	0.00000066
6.0988	0.00000137
6.1037	0.00000042
6.1088	-0.00000007
6.1137	-0.00000032
6.1182	0.00000021
6.1234	0.00000060
6.1281	0.00000100
6.1333	0.00000014
6.1382	0.00000036
6.1432	0.00000049
6.1484	0.00000139
6.1529	0.00000167
6.1575	0.00000167
6.1625	0.00000069
6.1675	0.00000121
6.1726	0.00000104
6.1776	0.00000070
6.1826	0.00000166
6.1875	0.00000132
6.1926	0.00000196
6.1975	0.00000050
6.2018	-0.00000090
6.2062	-0.00000002
6.2112	-0.00000273
6.2164	-0.00000297
6.2209	-0.00000383
6.2251	-0.00000350
6.2302	-0.00000260
6.2351	-0.00000184
6.2393	-0.00000224
6.2442	-0.00000113
6.2485	-0.00000122
6.2536	-0.00000023
6.2579	-0.00000011
6.2626	0.00000044
6.2668	0.00000122
6.2718	0.00000035
6.2766	-0.00000090
6.2817	0.00000016
6.2861	-0.00000024
6.2910	0.00000030
6.2960	0.00000083
6.3010	0.00000151
6.3055	0.00000207
6.3099	0.00000058
6.3150	-0.00000055
6.3200	0.00000017
6.3250	0.00000064
6.3299	0.00000077
6.3349	-0.00000022
6.3400	-0.00000034
6.3451	0.00000097
6.3502	0.00000239
6.3547	0.00000239
6.3597	0.00000227
6.3645	0.00000224
6.3688	0.00000211
6.3730	0.00000155
6.3777	0.00000182
6.3828	0.00000060
6.3878	0.00000232
6.3923	0.00000066
6.3972	0.00000066
6.4024	-0.00000046
6.4068	-0.00000043
6.4118	-0.00000184
6.4169	-0.00000117
6.4219	0.00000061
6.4267	0.00000189
6.4320	0.00000097
6.4364	0.00000065
6.4414	0.00000024
6.4464	-0.00000020
6.4516	-0.00000072
6.4565	0.00000023
6.4614	0.00000096
6.4655	0.00000104
6.4698	0.00000103
6.4745	0.00000200
6.4797	0.00000271
6.4839	0.00000236
6.4883	-0.00000082
6.4934	0.00000037
6.4976	0.00000073
6.5026	0.00000110
6.5076	0.00000049
6.5125	0.00000012
6.5166	-0.00000095
6.5218	-0.00000189
6.5266	-0.00000268
6.5318	-0.00000361
6.5362	-0.00000164
6.5406	-0.00000284
6.5454	-0.00000164
6.5497	-0.00000078
6.5541	0.00000024
6.5589	0.00000000
6.5639	-0.00000189
6.5690	-0.00000226
6.5740	-0.00000398
6.5785	-0.00000465
6.5837	-0.00000293
6.5884	-0.00000311
6.5926	-0.00000329
6.5974	-0.00000201
6.6026	-0.00000067
6.6077	-0.00000078
6.6128	-0.00000255
6.6181	-0.00000225
6.6232	-0.00000108
6.6274	-0.00000061
6.6318	-0.00000005
6.6369	-0.00000030
6.6418	-0.00000100
6.6474	-0.00000158
6.6517	0.00000059
6.6559	-0.00000038
6.6603	-0.00000018
6.6657	-0.00000058
6.6706	-0.00000104
6.6757	-0.00000109
6.6806	0.00000014
6.6850	-0.00000007
6.6905	-0.00000198
6.6959	-0.00000136
6.7007	-0.00000115
6.7060	-0.00000250
6.7110	-0.00000164
6.7159	-0.00000061
6.7210	-0.00000005
6.7260	-0.00000061
6.7310	-0.00000044
6.7360	-0.00000216
6.7403	-0.00000370
6.7454	-0.00000414
6.7506	-0.00000311
6.7555	-0.00000238
6.7605	-0.00000232
6.7654	-0.00000251
6.7698	-0.00000035
6.7750	-0.00000190
6.7801	-0.00000220
6.7851	0.00000045
6.7894	-0.00000013
6.7946	0.00000014
6.7996	0.00000023
6.8041	-0.00000007
6.8087	0.00000129
6.8133	-0.00000096
6.8184	-0.00000134
6.8235	-0.00000180
6.8283	-0.00000183
6.8335	-0.00000083
6.8384	-0.00000083
6.8435	0.00000005
6.8483	0.00000046
6.8533	-0.00000046
6.8582	0.00000018
6.8625	0.00000073
6.8668	0.00000220
6.8721	0.00000203
6.8768	0.00000178
6.8817	-0.00000031
6.8859	0.00000111
6.8907	0.00000160
6.8960	0.00000229
6.9010	0.00000088
6.9058	0.00000122
6.9108	0.00000069
6.9159	0.00000152
6.9207	-0.00000003
6.9258	0.00000027
6.9309	0.00000083
6.9358	0.00000100
6.9407	0.00000030
6.9459	-0.00000125
6.9507	-0.00000000
6.9559	0.00000023
6.9610	-0.00000118
6.9658	0.00000028
6.9709	-0.00000069
6.9759	0.00000108
6.9809	0.00000080
6.9861	-0.00000058
6.9908	-0.00000075
6.9958	0.00000018
7.0009	-0.00000043
7.0058	-0.00000066
7.0108	0.00000107
7.0159	0.00000017
7.0208	0.00000144
7.0258	0.00000162
7.0308	0.00000118
7.0359	0.00000042
7.0408	0.00000097
7.0458	0.00000047
7.0508	-0.00000027
7.0558	-0.00000067
7.0608	0.00000040
7.0659	0.00000128
7.0709	0.00000163
7.0759	-0.00000048
7.0810	0.00000008
7.0858	0.00000036
7.0909	0.00000035
7.0955	0.00000072
7.1003	0.00000215
7.1053	0.00000161
7.1105	0.00000124
7.1154	0.00000281
7.1207	0.00000100
7.1257	0.00000165
7.1304	-0.00000071
7.1399	0.00000081
7.1447	0.00000170
7.1513	-0.00000010
7.1573	0.00000086
7.1637	0.00000021
7.1696	0.00000041
7.1744	0.00000042
7.1794	-0.00000135
7.1893	-0.00000043
7.1950	-0.00000032
7.2001	-0.00000122
7.2074	-0.00000001
7.2118	-0.00000054
7.2178	-0.00000215
7.2240	-0.00000114
7.2308	-0.00000071
7.2358	-0.00000053
7.2410	-0.00000062
7.2459	-0.00000145
7.2509	-0.00000271
7.2568	-0.00000277
7.2619	-0.00000289
7.2661	-0.00000285
7.2728	-0.00000055
7.2772	-0.00000112
7.2827	-0.00000183
7.2871	-0.00000134
7.2954	-0.00000011
7.2996	-0.00000105
7.3053	-0.00000046
7.3095	-0.00000058
7.3145	-0.00000053
7.3211	-0.00000104
7.3255	-0.00000168
7.3308	-0.00000124
7.3375	-0.00000045
7.3444	-0.00000006
7.3495	-0.00000120
7.3546	-0.00000184
7.3604	-0.00000106
7.3655	-0.00000142
7.3706	0.00000114
7.3756	0.00000015
7.3825	0.00000059
7.3868	0.00000083
7.3951	0.00000171
7.4022	0.00000182
7.4082	0.00000227
7.4139	0.00000298
7.4191	0.00000084
7.4261	0.00000023
7.4328	0.00000008
7.4392	0.00000065
7.4443	-0.00000119
7.4492	0.00000019
7.4544	-0.00000111
7.4593	-0.00000015
7.4704	0.00000166
7.4761	0.00000387
7.4861	0.00000388
7.4913	0.00000464
7.4976	0.00000362
7.5026	0.00000337
7.5077	0.00000357
7.5139	0.00000143
7.5187	0.00000147
7.5284	0.00000026
7.5346	0.00000149
7.5405	0.00000162
7.5466	0.00000003
7.5526	0.00000041
7.5578	-0.00000074
7.5734	0.00000117
7.5778	0.00000073
7.5830	-0.00000040
7.5887	-0.00000302
7.5936	-0.00000257
7.5990	-0.00000112
7.6032	-0.00000062
7.6085	-0.00000001
7.6136	-0.00000079
7.6186	-0.00000397
7.6241	-0.00000265
7.6292	-0.00000161
7.6342	-0.00000030
7.6383	-0.00000026
7.6464	-0.00000161
7.6514	-0.00000247
7.6571	-0.00000105
7.6619	-0.00000070
7.6662	-0.00000038
7.6713	-0.00000102
7.6764	-0.00000087
7.6815	-0.00000122
7.6868	-0.00000052
7.6914	0.00000185
7.6960	0.00000004
7.7010	-0.00000031
7.7103	0.00000038
7.7201	-0.00000025
7.7276	0.00000005
7.7404	-0.00000014
7.7460	-0.00000091
7.7570	-0.00000106
7.7631	-0.00000032
7.7714	0.00000099
7.7787	0.00000037
7.7873	0.00000183
7.7928	0.00000132
7.7979	0.00000113
7.8026	0.00000203
7.8132	0.00000207
7.8205	0.00000041
7.8280	-0.00000074
7.8401	0.00000054
7.8485	0.00000130
7.8537	0.00000078
7.8613	0.00000095
7.8750	-0.00000073
7.8796	-0.00000079
7.8847	-0.00000012
7.8902	-0.00000066
7.8955	-0.00000034
7.9006	-0.00000152
7.9050	-0.00000331
7.9091	-0.00000112
7.9146	-0.00000141
7.9233	-0.00000031
7.9342	-0.00000105
7.9391	-0.00000172
7.9441	-0.00000204
7.9492	-0.00000198
7.9566	-0.00000133
7.9613	-0.00000034
7.9732	-0.00000061
7.9787	0.00000036
7.9831	0.00000094
7.9883	0.00000109
7.9932	0.00000102
7.9995	0.00000173
8.0141	0.00000254
8.0229	0.00000159
8.0286	0.00000034
8.0335	0.00000218
8.0386	0.00000302
8.0439	0.00000265
8.0486	0.00000115
8.0544	0.00000256
8.0588	0.00000127
8.0654	0.00000233
8.0696	0.00000098
8.0737	-0.00000112
8.0786	-0.00000091
8.0836	0.00000006
8.0877	-0.00000021
8.0921	0.00000126
8.0973	0.00000191
8.1024	0.00000184
8.1072	0.00000097
8.1118	0.00000188
8.1161	0.00000061
8.1213	0.00000218
8.1258	0.00000040
8.1302	-0.00000160
8.1346	-0.00000194
8.1399	-0.00000188
8.1449	-0.00000134
8.1499	-0.00000118
8.1549	-0.00000224
8.1597	-0.00000355
8.1649	-0.00000236
8.1699	-0.00000067
8.1748	-0.00000164
8.1796	-0.00000082
8.1847	-0.00000036
8.1897	-0.00000084
8.1941	-0.00000065
8.1992	-0.00000039
8.2042	-0.00000181
8.2094	-0.00000166
8.2143	-0.00000162
8.2194	-0.00000218
8.2245	-0.00000278
8.2297	-0.00000237
8.2347	-0.00000122
8.2391	-0.00000183
8.2438	-0.00000139
8.2491	-0.00000300
8.2537	-0.00000183
8.2592	-0.00000243
8.2641	-0.00000200
8.2693	-0.00000055
8.2740	-0.00000177
8.2784	-0.00000107
8.2827	-0.00000085
8.2878	-0.00000141
8.2927	0.00000003
8.2976	-0.00000068
8.3026	-0.00000154
8.3075	-0.00000063
8.3119	0.00000059
8.3167	0.00000010
8.3218	-0.00000163
8.3269	-0.00000129
8.3316	-0.00000091
8.3366	-0.00000081
8.3411	-0.00000152
8.3465	0.00000119
8.3515	-0.00000020
8.3564	-0.00000211
8.3614	-0.00000212
8.3664	-0.00000225
8.3716	-0.00000165
8.3765	-0.00000136
8.3817	-0.00000147
8.3867	-0.00000132
8.3917	-0.00000190
8.3963	-0.00000197
8.4012	-0.00000155
8.4063	-0.00000095
8.4113	0.00000018
8.4163	-0.00000004
8.4214	-0.00000116
8.4263	-0.00000229
8.4313	-0.00000290
8.4363	-0.00000273
8.4413	-0.00000198
8.4461	-0.00000266
8.4513	-0.00000223
8.4563	-0.00000094
8.4612	-0.00000178
8.4662	-0.00000101
8.4712	-0.00000016
8.4763	0.00000001
8.4815	0.00000080
8.4865	0.00000119
8.4915	-0.00000080
8.4963	-0.00000024
8.5014	-0.00000038
8.5063	-0.00000031
8.5112	0.00000047
8.5162	0.00000086
8.5214	-0.00000054
8.5263	-0.00000047
8.5312	-0.00000038
8.5363	0.00000039
8.5413	-0.00000175
8.5463	-0.00000173
8.5513	-0.00000282
8.5562	-0.00000167
8.5613	-0.00000040
8.5663	0.00000035
8.5718	-0.00000129
8.5762	0.00000111
8.5813	0.00000110
8.5862	0.00000054
8.5911	0.00000024
8.5960	0.00000008
8.6005	0.00000078
8.6047	0.00000006
8.6089	-0.00000054
8.6138	0.00000020
8.6189	0.00000018
8.6233	-0.00000143
8.6278	-0.00000117
8.6324	-0.00000083
8.6375	0.00000004
8.6425	-0.00000099
8.6477	-0.00000156
8.6529	-0.00000068
8.6579	-0.00000200
8.6623	-0.00000173
8.6676	-0.00000140
8.6724	-0.00000159
8.6771	0.00000029
8.6821	-0.00000007
8.6865	0.00000127
8.6915	-0.00000045
8.6959	0.00000011
8.7010	0.00000189
8.7061	0.00000050
8.7111	0.00000018
8.7160	0.00000039
8.7207	0.00000091
8.7258	0.00000001
8.7313	-0.00000088
8.7360	-0.00000137
8.7402	0.00000115
8.7454	0.00000134
8.7503	0.00000264
8.7552	0.00000164
8.7602	0.00000094
8.7653	0.00000170
8.7706	0.00000149
8.7755	0.00000135
8.7805	0.00000095
8.7858	0.00000060
8.7905	0.00000066
8.7965	0.00000208
8.8014	0.00000286
8.8071	0.00000263
8.8123	0.00000186
8.8175	0.00000061
8.8220	0.00000136
8.8265	0.00000162
8.8308	0.00000053
8.8359	-0.00000068
8.8407	-0.00000135
8.8460	-0.00000046
8.8508	-0.00000094
8.8551	0.00000006
8.8599	-0.00000030
8.8647	0.00000007
8.8691	0.00000038
8.8741	-0.00000028
8.8786	-0.00000166
8.8838	-0.00000089
8.8889	-0.00000044
8.8938	0.00000074
8.8986	0.00000084
8.9036	0.00000074
8.9088	0.00000113
8.9138	0.00000144
8.9188	0.00000045
8.9237	0.00000152
8.9288	0.00000150
8.9338	0.00000182
8.9388	0.00000074
8.9438	0.00000063
8.9488	0.00000118
8.9538	0.00000149
8.9588	0.00000134
8.9637	0.00000327
8.9688	0.00000266
8.9737	0.00000064
8.9788	0.00000143
8.9840	-0.00000091
8.9883	0.00000080
8.9926	-0.00000022
8.9968	-0.00000178
9.0020	-0.00000269
9.0067	-0.00000173
9.0115	-0.00000219
9.0166	-0.00000211
9.0217	-0.00000118
9.0263	-0.00000092
9.0308	0.00000084
9.0359	-0.00000043
9.0408	-0.00000139
9.0459	-0.00000061
9.0509	-0.00000044
9.0556	0.00000133
9.0605	0.00000055
9.0655	0.00000062
9.0705	0.00000142
9.0756	0.00000260
9.0801	0.00000154
9.0852	0.00000068
9.0906	-0.00000008
9.0956	0.00000003
9.1003	-0.00000026
9.1052	0.00000000
9.1103	0.00000131
9.1156	0.00000085
9.1206	0.00000285
9.1256	0.00000440
9.1299	0.00000253
9.1349	0.00000296
9.1395	0.00000417
9.1446	0.00000154
9.1495	0.00000226
9.1538	0.00000141
9.1588	0.00000313
9.1639	0.00000149
9.1690	0.00000163
9.1739	-0.00000013
9.1789	-0.00000099
9.1841	-0.00000105
9.1892	0.00000053
9.1943	0.00000215
9.1992	0.00000244
9.2039	0.00000389
9.2089	0.00000325
9.2134	0.00000278
9.2186	0.00000142
9.2239	0.00000122
9.2284	0.00000041
9.2335	0.00000057
9.2386	-0.00000010
9.2436	-0.00000082
9.2490	0.00000092
9.2533	-0.00000009
9.2575	0.00000061
9.2617	-0.00000001
9.2663	-0.00000169
9.2712	0.00000072
9.2763	0.00000000
9.2813	0.00000033
9.2864	0.00000028
9.2914	0.00000066
9.2963	-0.00000075
9.3011	0.00000053
9.3061	0.00000021
9.3113	-0.00000013
9.3159	0.00000060
9.3209	-0.00000075
9.3259	0.00000037
9.3308	0.00000165
9.3359	0.00000057
9.3408	0.00000167
9.3459	0.00000129
9.3509	0.00000226
9.3558	0.00000106
9.3609	0.00000132
9.3659	0.00000113
9.3708	0.00000114
9.3758	-0.00000083
9.3808	-0.00000023
9.3851	-0.00000048
9.3899	0.00000083
9.3950	0.00000073
9.3997	0.00000008
9.4047	-0.00000096
9.4097	-0.00000095
9.4147	-0.00000156
9.4197	-0.00000247
9.4247	-0.00000180
9.4296	-0.00000118
9.4347	-0.00000034
9.4396	-0.00000026
9.4447	0.00000085
9.4496	0.00000050
9.4547	-0.00000035
9.4597	0.00000018
9.4647	0.00000012
9.4696	-0.00000148
9.4747	-0.00000220
9.4798	-0.00000160
9.4849	-0.00000067
9.4898	-0.00000009
9.4949	-0.00000101
9.4996	-0.00000107
9.5046	-0.00000273
9.5096	-0.00000282
9.5146	-0.00000116
9.5196	-0.00000005
9.5246	-0.00000008
9.5296	-0.00000005
9.5346	-0.00000096
9.5395	0.00000029
9.5446	0.00000129
9.5496	0.00000252
9.5546	0.00000252
9.5596	0.00000218
9.5645	0.00000157
9.5697	0.00000038
9.5746	-0.00000031
9.5796	-0.00000229
9.5847	-0.00000185
9.5896	-0.00000263
9.5948	-0.00000547
9.5994	-0.00000410
9.6045	-0.00000249
9.6095	-0.00000161
9.6145	-0.00000244
9.6195	-0.00000234
9.6245	0.00000012
9.6295	0.00000045
9.6345	0.00000061
9.6393	-0.00000044
9.6445	-0.00000007
9.6496	0.00000158
9.6545	-0.00000000
9.6595	-0.00000035
9.6645	-0.00000125
9.6695	0.00000048
9.6745	0.00000068
9.6795	-0.00000006
9.6848	-0.00000050
9.6895	-0.00000129
9.6947	-0.00000163
9.6992	0.00000011
9.7043	0.00000120
9.7094	0.00000267
9.7143	0.00000406
9.7194	0.00000263
9.7243	0.00000156
9.7292	0.00000095
9.7344	-0.00000142
9.7392	0.00000000
9.7444	-0.00000119
9.7494	-0.00000026
9.7543	-0.00000235
9.7594	-0.00000205
9.7643	-0.00000118
9.7694	-0.00000281
9.7744	-0.00000252
9.7793	-0.00000197
9.7845	-0.00000319
9.7893	-0.00000230
9.7943	-0.00000080
9.7988	-0.00000097
9.8039	-0.00000123
9.8090	0.00000011
9.8140	0.00000149
9.8190	-0.00000022
9.8240	0.00000150
9.8285	0.00000141
9.8334	0.00000129
9.8383	0.00000125
9.8433	0.00000228
9.8482	0.00000161
9.8533	0.00000304
9.8583	0.00000320
9.8633	0.00000357
9.8683	0.00000418
9.8732	0.00000505
9.8783	0.00000408
9.8833	0.00000394
9.8884	0.00000573
9.8934	0.00000577
9.8990	0.00000416
9.9040	0.00000089
9.9092	-0.00000013
9.9140	-0.00000080
9.9190	-0.00000098
9.9241	-0.00000080
9.9291	-0.00000008
9.9341	-0.00000059
9.9390	-0.00000096
9.9440	-0.00000100
9.9490	0.00000022
9.9541	-0.00000005
9.9591	-0.00000021
9.9640	0.00000109
9.9691	0.00000067
9.9741	0.00000079
9.9794	0.00000083
9.9838	0.00000017
9.9887	0.00000040
9.9940	-0.00000014
9.9993	0.00000110
10.0044	0.00000221
10.0094	0.00000211
10.0146	0.00000243
10.0194	0.00000312
10.0244	0.00000427
10.0293	0.00000361
10.0344	0.00000416
10.0394	0.00000489
10.0444	0.00000355
10.0494	0.00000362
10.0544	0.00000209
10.0594	0.00000119
10.0644	-0.00000094
10.0694	-0.00000130
10.0744	-0.00000153
10.0794	-0.00000110
10.0844	-0.00000003
10.0895	-0.00000158
10.0944	-0.00000266
10.0994	-0.00000214
10.1040	-0.00000220
10.1090	-0.00000006
10.1140	0.00000032
10.1192	0.00000069
10.1240	0.00000049
10.1290	0.00000165
10.1340	0.00000141
10.1389	0.00000024
10.1437	0.00000210
10.1487	-0.00000007
10.1535	-0.00000083
10.1586	-0.00000046
10.1636	-0.00000019
10.1686	-0.00000002
10.1736	-0.00000157
10.1786	-0.00000114
10.1836	-0.00000015
10.1886	-0.00000035
10.1940	-0.00000031
10.1986	-0.00000017
10.2033	-0.00000028
10.2083	-0.00000037
10.2133	0.00000078
10.2183	0.00000127
10.2233	0.00000126
10.2283	-0.00000020
10.2333	-0.00000131
10.2383	0.00000008
10.2433	-0.00000027
10.2483	-0.00000077
10.2533	-0.00000094
10.2583	-0.00000200
10.2633	-0.00000167
10.2683	-0.00000140
10.2733	-0.00000054
10.2783	-0.00000032
10.2834	-0.00000049
10.2884	-0.00000143
10.2933	-0.00000268
10.2984	-0.00000379
10.3032	-0.00000174
10.3082	-0.00000080
10.3132	-0.00000091
10.3182	-0.00000218
10.3231	-0.00000096
10.3282	-0.00000048
10.3332	-0.00000090
10.3379	-0.00000203
10.3431	-0.00000058
10.3480	-0.00000182
10.3529	-0.00000152
10.3579	0.00000017
10.3628	0.00000191
10.3679	0.00000076
10.3730	0.00000013
10.3779	-0.00000151
10.3829	-0.00000141
10.3880	-0.00000220
10.3930	-0.00000123
10.3980	-0.00000142
10.4027	-0.00000056
10.4077	-0.00000015
10.4127	0.00000069
10.4177	0.00000053
10.4226	0.00000221
10.4277	0.00000076
10.4326	0.00000174
10.4377	0.00000023
10.4427	0.00000080
10.4477	-0.00000067
10.4527	-0.00000044
10.4577	-0.00000035
10.4627	-0.00000079
10.4680	-0.00000031
10.4726	-0.00000124
10.4778	-0.00000152
10.4828	-0.00000233
10.4877	-0.00000244
10.4927	-0.00000282
10.4977	-0.00000352
10.5023	-0.00000291
10.5066	-0.00000384
10.5118	-0.00000379
10.5167	-0.00000545
10.5217	-0.00000373
10.5268	-0.00000377
10.5317	-0.00000356
10.5368	-0.00000418
10.5417	-0.00000457
10.5467	-0.00000463
10.5517	-0.00000377
10.5567	-0.00000160
10.5617	-0.00000011
10.5667	-0.00000043
10.5717	-0.00000186
10.5767	-0.00000158
10.5816	-0.00000205
10.5868	-0.00000177
10.5918	-0.00000190
10.5968	-0.00000086
10.6014	-0.00000025
10.6066	0.00000040
10.6115	-0.00000052
10.6169	-0.00000017
10.6213	-0.00000107
10.6266	0.00000011
10.6315	-0.00000126
10.6366	-0.00000028
10.6416	0.00000042
10.6465	0.00000107
10.6516	-0.00000154
10.6566	-0.00000156
10.6616	-0.00000223
10.6666	-0.00000175
10.6716	-0.00000209
10.6766	-0.00000223
10.6816	-0.00000264
10.6867	-0.00000090
10.6917	-0.00000170
10.6967	-0.00000122
10.7014	-0.00000155
10.7065	-0.00000223
10.7115	-0.00000148
10.7166	-0.00000083
10.7217	-0.00000118
10.7265	-0.00000100
10.7317	-0.00000123
10.7360	-0.00000016
10.7410	-0.00000035
10.7460	0.00000043
10.7510	0.00000016
10.7559	0.00000143
10.7610	0.00000225
10.7660	0.00000213
10.7710	0.00000259
10.7760	0.00000334
10.7810	0.00000128
10.7860	0.00000087
10.7911	0.00000131
10.7961	0.00000352
10.8017	0.00000175
10.8068	0.00000177
10.8118	0.00000120
10.8168	0.00000138
10.8218	0.00000094
10.8269	0.00000045
10.8318	-0.00000127
10.8368	-0.00000121
10.8418	-0.00000261
10.8468	-0.00000308
10.8518	-0.00000339
10.8570	-0.00000187
10.8614	-0.00000282
10.8665	-0.00000139
10.8715	-0.00000209
10.8765	-0.00000229
10.8815	-0.00000168
10.8865	-0.00000073
10.8916	-0.00000063
10.8966	-0.00000041
10.9022	-0.00000069
10.9073	-0.00000109
10.9123	-0.00000332
10.9173	-0.00000346
10.9222	-0.00000173
10.9273	-0.00000163
10.9322	-0.00000043
10.9373	0.00000094
10.9423	-0.00000083
10.9472	-0.00000042
10.9523	-0.00000072
10.9573	-0.00000031
10.9623	0.00000021
10.9672	-0.00000043
10.9721	-0.00000024
10.9772	-0.00000102
10.9823	0.00000045
10.9872	-0.00000035
10.9923	-0.00000071
10.9973	-0.00000090
11.0024	-0.00000178
11.0070	-0.00000181
11.0119	-0.00000176
11.0169	0.00000007
11.0220	-0.00000225
11.0270	-0.00000130
11.0320	-0.00000268
11.0370	-0.00000405
11.0420	-0.00000394
11.0470	-0.00000353
11.0520	-0.00000188
11.0570	-0.00000278
11.0620	-0.00000114
11.0670	0.00000218
11.0719	0.00000338
11.0770	0.00000239
11.0820	0.00000140
11.0870	0.00000163
11.0921	0.00000063
11.0971	-0.00000012
11.1027	-0.00000246
11.1078	-0.00000262
11.1128	-0.00000197
11.1178	-0.00000108
11.1228	0.00000022
11.1278	0.00000060
11.1327	0.00000029
11.1378	-0.00000082
11.1428	0.00000059
11.1478	0.00000115
11.1529	0.00000106
11.1578	0.00000074
11.1628	0.00000017
11.1678	0.00000128
11.1728	0.00000106
11.1778	0.00000305
11.1827	0.00000339
11.1878	0.00000513
11.1928	0.00000310
11.1977	0.00000167
11.2028	0.00000294
11.2075	0.00000188
11.2126	0.00000245
11.2176	0.00000260
11.2225	0.00000162
11.2275	0.00000100
11.2325	0.00000111
11.2376	0.00000268
11.2425	0.00000237
11.2475	-0.00000015
11.2525	0.00000053
11.2576	0.00000029
11.2626	0.00000004
11.2676	-0.00000069
11.2725	-0.00000116
11.2776	-0.00000084
11.2827	-0.00000009
11.2875	0.00000014
11.2927	-0.00000010
11.2976	0.00000085
11.3032	-0.00000025
11.3084	0.00000077
11.3134	0.00000209
11.3184	0.00000178
11.3234	0.00000171
11.3284	0.00000268
11.3333	0.00000066
11.3383	-0.00000022
11.3432	-0.00000057
11.3484	-0.00000005
11.3533	-0.00000218
11.3583	-0.00000027
11.3633	-0.00000094
11.3683	0.00000063
11.3733	0.00000140
11.3783	0.00000005
11.3833	-0.00000027
11.3883	0.00000004
11.3933	0.00000079
11.3985	0.00000117
11.4035	0.00000237
11.4081	0.00000276
11.4129	0.00000222
11.4183	0.00000096
11.4230	-0.00000068
11.4280	-0.00000153
11.4329	-0.00000059
11.4378	-0.00000191
11.4429	-0.00000045
11.4478	-0.00000067
11.4524	-0.00000053
11.4575	-0.00000052
11.4624	-0.00000088
11.4674	-0.00000053
11.4723	-0.00000064
11.4774	-0.00000100
11.4826	-0.00000145
11.4874	0.00000024
11.4927	-0.00000082
11.4974	-0.00000080
11.5024	-0.00000058
11.5069	0.00000027
11.5119	-0.00000063
11.5169	-0.00000264
11.5219	-0.00000215
11.5269	-0.00000205
11.5319	0.00000034
11.5369	-0.00000098
11.5420	-0.00000138
11.5469	-0.00000075
11.5519	0.00000020
11.5572	-0.00000039
11.5619	0.00000096
11.5669	0.00000094
11.5712	0.00000057
11.5763	0.00000162
11.5813	0.00000125
11.5863	0.00000033
11.5913	-0.00000021
11.5963	0.00000156
11.6013	0.00000223
11.6058	0.00000210
11.6108	0.00000093
11.6159	0.00000133
11.6208	0.00000262
11.6258	0.00000159
11.6308	0.00000088
11.6358	0.00000050
11.6408	0.00000119
11.6458	0.00000081
11.6512	0.00000027
11.6560	0.00000113
11.6608	0.00000227
11.6659	0.00000059
11.6709	-0.00000045
11.6758	-0.00000115
11.6802	-0.00000041
11.6851	0.00000055
11.6901	0.00000046
11.6951	-0.00000140
11.7002	0.00000009
11.7047	-0.00000009
11.7098	0.00000065
11.7148	0.00000131
11.7197	0.00000055
11.7248	-0.00000006
11.7297	0.00000118
11.7348	0.00000107
11.7397	0.00000088
11.7447	0.00000115
11.7497	0.00000047
11.7547	0.00000033
11.7598	0.00000005
11.7648	-0.00000015
11.7698	0.00000022
11.7748	-0.00000001
11.7797	-0.00000074
11.7847	0.00000009
11.7898	0.00000058
11.7949	0.00000085
11.7998	0.00000087
11.8049	0.00000219
11.8094	0.00000124
11.8144	0.00000016
11.8196	0.00000102
11.8244	0.00000269
11.8297	0.00000241
11.8344	0.00000070
11.8397	0.00000084
11.8444	0.00000171
11.8496	0.00000034
11.8544	-0.00000032
11.8594	-0.00000065
11.8644	-0.00000110
11.8695	0.00000088
11.8744	0.00000043
11.8795	0.00000033
11.8845	-0.00000123
11.8894	0.00000035
11.8945	0.00000200
11.8995	0.00000180
11.9050	0.00000171
11.9101	0.00000177
11.9155	0.00000284
11.9201	0.00000109
11.9250	0.00000128
11.9299	0.00000057
11.9350	0.00000325
11.9400	0.00000463
11.9450	0.00000368
11.9499	0.00000236
11.9550	0.00000218
11.9600	0.00000080
11.9650	0.00000191
11.9699	0.00000087
11.9749	0.00000126
11.9798	0.00000133
11.9849	0.00000232
11.9900	0.00000139
11.9950	0.00000059
11.9999	0.00000001
12.0050	0.00000039
12.0093	-0.00000221
12.0143	-0.00000109
12.0194	0.00000073
12.0244	0.00000268
12.0294	0.00000328
12.0344	0.00000310
12.0394	0.00000238
12.0444	0.00000307
12.0494	0.00000244
12.0543	0.00000044
12.0595	0.00000143
12.0645	0.00000143
12.0693	0.00000200
12.0743	0.00000208
12.0793	0.00000105
12.0843	0.00000265
12.0893	0.00000196
12.0944	0.00000185
12.0994	0.00000008
12.1043	0.00000242
12.1092	0.00000268
12.1141	0.00000139
12.1191	0.00000139
12.1241	0.00000187
12.1291	0.00000241
12.1341	0.00000127
12.1391	0.00000002
12.1441	0.00000050
12.1491	-0.00000015
12.1540	-0.00000061
12.1591	-0.00000024
12.1641	-0.00000110
12.1690	0.00000021
12.1741	0.00000036
12.1791	0.00000008
12.1841	0.00000126
12.1891	0.00000072
12.1942	0.00000115
12.1991	0.00000116
12.2040	0.00000005
12.2087	0.00000024
12.2137	-0.00000103
12.2190	-0.00000135
12.2238	0.00000145
12.2290	0.00000133
12.2339	0.00000035
12.2389	0.00000160
12.2440	0.00000210
12.2488	0.00000327
12.2540	0.00000198
12.2589	0.00000168
12.2638	0.00000143
12.2687	0.00000292
12.2738	0.00000239
12.2787	0.00000150
12.2837	0.00000221
12.2888	0.00000028
12.2938	0.00000037
12.2988	0.00000108
12.3039	0.00000171
12.3083	0.00000130
12.3134	-0.00000027
12.3177	0.00000066
12.3230	0.00000028
12.3277	0.00000169
12.3328	0.00000085
12.3378	0.00000187
12.3427	0.00000153
12.3478	0.00000280
12.3527	0.00000265
12.3577	0.00000159
12.3628	0.00000161
12.3677	-0.00000206
12.3719	-0.00000321
12.3769	-0.00000326
12.3818	-0.00000076
12.3870	-0.00000073
12.3920	-0.00000051
12.3962	-0.00000110
12.4014	0.00000031
12.4059	0.00000030
12.4109	0.00000100
12.4160	-0.00000027
12.4203	-0.00000061
12.4256	-0.00000089
12.4307	-0.00000073
12.4356	0.00000009
12.4407	-0.00000016
12.4456	-0.00000014
12.4507	0.00000040
12.4557	-0.00000008
12.4607	0.00000011
12.4657	0.00000099
12.4709	0.00000127
12.4760	0.00000147
12.4811	0.00000174
12.4859	0.00000013
12.4909	-0.00000028
12.4960	0.00000044
12.5004	0.00000096
12.5059	0.00000038
12.5110	0.00000052
12.5159	-0.00000006
12.5212	-0.00000063
12.5262	0.00000089
12.5311	-0.00000000
12.5361	0.00000036
12.5405	0.00000024
12.5456	-0.00000222
12.5506	-0.00000358
12.5548	-0.00000412
12.5594	-0.00000470
12.5644	-0.00000387
12.5688	-0.00000290
12.5738	-0.00000191
12.5788	0.00000011
12.5838	0.00000061
12.5883	0.00000269
12.5926	0.00000337
12.5976	0.00000188
12.6025	0.00000170
12.6074	0.00000131
12.6125	-0.00000136
12.6177	0.00000002
12.6229	0.00000148
12.6272	0.00000137
12.6322	-0.00000016
12.6363	-0.00000086
12.6414	-0.00000222
12.6463	-0.00000222
12.6513	-0.00000104
12.6563	-0.00000200
12.6614	-0.00000029
12.6664	-0.00000107
12.6713	-0.00000205
12.6764	-0.00000160
12.6806	0.00000011
12.6849	0.00000042
12.6892	-0.00000014
12.6942	-0.00000167
12.6986	-0.00000027
12.7027	0.00000198
12.7073	0.00000210
12.7123	0.00000295
12.7173	0.00000153
12.7222	0.00000294
12.7274	0.00000251
12.7323	0.00000122
12.7372	-0.00000009
12.7423	0.00000010
12.7474	-0.00000064
12.7523	-0.00000041
12.7572	-0.00000030
12.7624	-0.00000209
12.7674	-0.00000265
12.7724	-0.00000394
12.7774	-0.00000303
12.7825	-0.00000108
12.7875	-0.00000078
12.7926	-0.00000028
12.7976	-0.00000154
12.8026	-0.00000123
12.8081	-0.00000119
12.8131	-0.00000021
12.8180	-0.00000001
12.8232	0.00000080
12.8281	0.00000050
12.8331	-0.00000085
12.8380	0.00000049
12.8429	0.00000081
12.8472	0.00000034
12.8520	0.00000040
12.8572	0.00000209
12.8621	0.00000020
12.8670	-0.00000145
12.8725	-0.00000137
12.8772	-0.00000064
12.8821	-0.00000086
12.8871	-0.00000119
12.8921	-0.00000036
12.8971	-0.00000049
12.9021	-0.00000001
12.9068	-0.00000042
12.9118	-0.00000079
12.9169	-0.00000176
12.9218	-0.00000151
12.9267	-0.00000269
12.9318	-0.00000137
12.9367	-0.00000173
12.9420	-0.00000107
12.9468	-0.00000001
12.9520	-0.00000018
12.9569	-0.00000061
12.9619	-0.00000098
12.9669	-0.00000176
12.9719	-0.00000212
12.9768	-0.00000117
12.9811	-0.00000138
12.9866	-0.00000142
12.9912	-0.00000235
12.9962	-0.00000184
13.0012	-0.00000302
13.0063	-0.00000260
13.0107	-0.00000196
13.0157	0.00000012
13.0207	0.00000155
13.0257	0.00000003
13.0308	-0.00000054
13.0357	-0.00000106
13.0409	-0.00000324
13.0459	-0.00000143
13.0508	0.00000053
13.0558	-0.00000063
13.0609	-0.00000147
13.0659	0.00000036
13.0709	0.00000238
13.0758	0.00000145
13.0810	-0.00000020
13.0857	0.00000185
13.0908	-0.00000002
13.0951	0.00000006
13.1001	0.00000050
13.1051	0.00000096
13.1095	0.00000182
13.1146	0.00000075
13.1196	0.00000007
13.1246	0.00000108
13.1295	0.00000067
13.1346	-0.00000107
13.1394	-0.00000170
13.1444	-0.00000051
13.1494	0.00000132
13.1542	0.00000075
13.1587	0.00000072
13.1637	0.00000178
13.1678	0.00000102
13.1728	0.00000036
13.1779	0.00000088
13.1831	-0.00000083
13.1874	-0.00000095
13.1925	0.00000055
13.1968	0.00000010
13.2018	-0.00000081
13.2068	-0.00000065
13.2113	-0.00000050
13.2163	-0.00000058
13.2213	0.00000004
13.2263	-0.00000024
13.2313	-0.00000015
13.2364	0.00000120
13.2413	0.00000026
13.2463	-0.00000041
13.2515	-0.00000051
13.2563	-0.00000007
13.2613	0.00000068
13.2663	0.00000002
13.2713	0.00000012
13.2763	-0.00000168
13.2813	-0.00000271
13.2863	-0.00000135
13.2913	-0.00000022
13.2963	0.00000005
13.3013	-0.00000178
13.3063	-0.00000185
13.3108	-0.00000182
13.3159	-0.00000006
13.3208	-0.00000013
13.3261	-0.00000175
13.3308	0.00000019
13.3350	-0.00000075
13.3396	-0.00000199
13.3446	-0.00000297
13.3496	-0.00000095
13.3547	0.00000066
13.3597	0.00000009
13.3641	-0.00000042
13.3689	0.00000136
13.3741	0.00000238
13.3784	0.00000049
13.3833	-0.00000023
13.3886	0.00000025
13.3935	-0.00000040
13.3983	-0.00000120
13.4026	0.00000128
13.4069	0.00000042
13.4115	0.00000076
13.4157	0.00000091
13.4205	0.00000105
13.4257	0.00000035
13.4305	-0.00000035
13.4347	0.00000094
13.4397	-0.00000005
13.4447	-0.00000121
13.4498	-0.00000215
13.4545	-0.00000221
13.4597	-0.00000393
13.4649	-0.00000234
13.4697	-0.00000153
13.4746	-0.00000039
13.4797	0.00000086
13.4848	0.00000061
13.4894	0.00000035
13.4939	-0.00000057
13.4979	0.00000089
13.5022	0.00000148
13.5070	0.00000172
13.5119	0.00000201
13.5167	0.00000110
13.5219	0.00000237
13.5265	0.00000225
13.5318	0.00000214
13.5365	0.00000048
13.5416	-0.00000002
13.5466	0.00000070
13.5515	0.00000227
13.5568	0.00000163
13.5617	0.00000099
13.5667	0.00000167
13.5717	0.00000281
13.5767	0.00000105
13.5817	-0.00000020
13.5865	-0.00000095
13.5916	-0.00000022
13.5965	0.00000066
13.6015	0.00000190
13.6106	0.00000304
13.6153	0.00000207
13.6213	0.00000030
13.6312	0.00000080
13.6363	0.00000104
13.6412	0.00000075
13.6465	0.00000074
13.6514	-0.00000030
13.6563	0.00000020
13.6615	-0.00000046
13.6672	-0.00000050
13.6715	-0.00000040
13.6772	-0.00000087
13.6847	0.00000008
13.6960	0.00000077
13.7005	0.00000102
13.7082	0.00000176
13.7126	0.00000251
13.7174	0.00000097
13.7222	-0.00000018
13.7272	0.00000085
13.7325	0.00000063
13.7373	0.00000028
13.7422	-0.00000022
13.7475	0.00000036
13.7523	0.00000075
13.7575	0.00000303
13.7637	0.00000228
13.7685	0.00000261
13.7734	0.00000437
13.7785	0.00000464
13.7833	0.00000326
13.7890	0.00000345
13.7946	0.00000207
13.8014	0.00000120
13.8065	0.00000096
13.8111	-0.00000153
13.8160	-0.00000388
13.8226	-0.00000114
13.8269	-0.00000229
13.8320	-0.00000307
13.8370	-0.00000182
13.8422	-0.00000130
13.8475	-0.00000056
13.8527	-0.00000028
13.8578	0.00000117
13.8630	-0.00000010
13.8695	0.00000180
13.8779	0.00000344
13.8848	0.00000420
13.8910	0.00000333
13.8959	0.00000283
13.9009	0.00000169
13.9062	0.00000233
13.9105	0.00000051
13.9158	0.00000102
13.9208	0.00000023
13.9257	0.00000022
13.9305	-0.00000017
13.9356	0.00000049
13.9408	-0.00000041
13.9455	0.00000025
13.9506	-0.00000042
13.9585	0.00000067
13.9636	-0.00000122
13.9686	-0.00000126
13.9745	-0.00000163
13.9794	-0.00000237
13.9847	-0.00000029
13.9897	-0.00000114
13.9944	0.00000068
13.9996	0.00000147
14.0047	0.00000118
14.0092	0.00000304
14.0140	0.00000224
14.0190	0.00000240
14.0240	0.00000356
14.0292	0.00000302
14.0340	0.00000329
14.0390	0.00000266
14.0439	0.00000168
14.0489	0.00000080
14.0541	0.00000077
14.0589	0.00000170
14.0642	0.00000322
14.0693	0.00000228
14.0742	0.00000103
14.0790	-0.00000020
14.0864	0.00000005
14.0909	-0.00000122
14.0962	-0.00000022
14.1011	-0.00000143
14.1059	-0.00000051
14.1107	-0.00000058
14.1156	-0.00000018
14.1205	-0.00000222
14.1255	-0.00000116
14.1308	-0.00000133
14.1356	0.00000023
14.1408	0.00000071
14.1461	-0.00000113
14.1522	0.00000112
14.1584	0.00000244
14.1742	0.00000095
14.1793	-0.00000042
14.1857	0.00000012
14.1913	0.00000071
14.2028	0.00000286
14.2159	0.00000122
14.2229	0.00000064
14.2289	0.00000035
14.2375	-0.00000098
14.2489	0.00000045
14.2541	-0.00000008
14.2629	0.00000021
14.2685	-0.00000051
14.2733	-0.00000038
14.2782	-0.00000169
14.2834	-0.00000125
14.2880	-0.00000245
14.3009	-0.00000241
14.3067	-0.00000087
14.3115	-0.00000178
14.3174	-0.00000167
14.3274	-0.00000061
14.3324	0.00000020
14.3394	0.00000176
14.3526	0.00000108
14.3594	-0.00000023
14.3664	0.00000082
14.3735	0.00000073
14.3784	0.00000094
14.3914	0.00000122
14.3986	0.00000036
14.4089	0.00000018
14.4149	-0.00000052
14.4200	-0.00000040
14.4279	0.00000024
14.4330	0.00000117
14.4439	0.00000166
14.4520	0.00000211
14.4569	0.00000328
14.4620	0.00000277
14.4679	0.00000296
14.4789	0.00000348
14.4860	0.00000248
14.4949	0.00000142
14.5023	0.00000277
14.5088	0.00000261
14.5176	0.00000132
14.5244	0.00000027
14.5300	0.00000056
14.5362	0.00000127
14.5414	0.00000098
14.5474	0.00000134
14.5528	0.00000219
14.5634	0.00000172
14.5692	0.00000197
14.5774	0.00000117
14.5844	0.00000241
14.5954	0.00000265
14.6025	0.00000032
14.6169	0.00000149
14.6223	0.00000063
14.6270	0.00000066
14.6349	0.00000128
14.6403	0.00000197
14.6467	0.00000037
14.6522	-0.00000095
14.6572	0.00000043
14.6629	0.00000076
14.6683	0.00000144
14.6830	0.00000172
14.6909	0.00000142
14.6969	0.00000009
14.7024	0.00000095
14.7129	0.00000087
14.7193	0.00000120
14.7276	0.00000032
14.7345	-0.00000175
14.7415	-0.00000099
14.7485	0.00000050
14.7530	0.00000065
14.7619	0.00000174
14.7670	0.00000062
14.7737	0.00000024
14.7817	-0.00000098
14.7909	-0.00000191
14.8025	-0.00000206
14.8081	-0.00000206
14.8188	-0.00000027
14.8239	-0.00000009
14.8287	-0.00000076
14.8342	-0.00000185
14.8525	-0.00000025
14.8585	0.00000045
14.8634	-0.00000093
14.8686	-0.00000045
14.8730	0.00000034
14.8812	-0.00000045
14.8861	-0.00000140
14.8931	-0.00000065
14.9002	-0.00000059
14.9052	-0.00000077
14.9130	0.00000046
14.9193	0.00000124
14.9251	0.00000233
14.9315	0.00000266
14.9368	0.00000168
14.9426	0.00000110
14.9505	0.00000219
14.9625	0.00000078
14.9688	0.00000098
14.9745	0.00000035
14.9794	0.00000168
14.9849	0.00000248
14.9911	0.00000401
14.9953	0.00000316
15.0016	0.00000530
15.0074	0.00000511
15.0134	0.00000388
15.0187	0.00000232
15.0244	0.00000112
15.0303	0.00000089
15.0353	0.00000274
15.0402	0.00000280
15.0456	0.00000280
15.0513	0.00000256
15.0608	0.00000210
15.0690	0.00000177
15.0743	0.00000166
15.0805	0.00000208
15.0856	0.00000320
15.0954	0.00000252
15.1006	0.00000107
15.1062	0.00000109
15.1125	0.00000116
15.1195	-0.00000012
15.1250	0.00000012
15.1302	0.00000084
15.1349	0.00000316
15.1460	0.00000286
15.1525	0.00000358
15.1667	0.00000129
15.1728	0.00000057
15.1770	0.00000120
15.1821	0.00000134
15.1886	0.00000053
15.1929	0.00000050
15.1985	-0.00000083
15.2118	0.00000022
15.2187	0.00000015
15.2229	0.00000089
15.2281	0.00000053
15.2333	0.00000111
15.2379	0.00000088
15.2501	-0.00000086
15.2548	-0.00000157
15.2620	-0.00000107
15.2669	-0.00000132
15.2722	-0.00000040
15.2771	-0.00000104
15.2814	-0.00000076
15.2862	0.00000098
15.2907	0.00000042
15.2961	0.00000104
0.0002	0.00000105
0.0051	-0.00000068
0.0105	-0.00000039
0.0155	-0.00000280
0.0205	-0.00000273
0.0255	-0.00000279
0.0305	-0.00000322
0.0355	-0.00000318
0.0405	-0.00000239
0.0456	-0.00000256
0.0506	-0.00000266
0.0556	-0.00000180
0.0606	-0.00000168
0.0655	-0.00000146
0.0706	-0.00000133
0.0755	-0.00000014
0.0805	0.00000077
0.0854	-0.00000114
0.0906	-0.00000160
0.0957	0.00000012
0.1007	0.00000046
0.1056	0.00000007
0.1103	-0.00000057
0.1154	0.00000137
0.1204	0.00000098
0.1255	0.00000267
0.1303	0.00000222
0.1354	0.00000200
0.1404	0.00000015
0.1453	-0.00000082
0.1504	-0.00000000
0.1554	0.00000147
0.1605	0.00000078
0.1653	0.00000022
0.1704	-0.00000001
0.1755	-0.00000022
0.1804	-0.00000025
0.1854	0.00000086
0.1906	0.00000128
0.1955	0.00000144
0.2004	0.00000104
0.2055	0.00000190
0.2101	0.00000151
0.2151	-0.00000017
0.2201	0.00000058
0.2250	0.00000283
0.2300	0.00000286
0.2350	0.00000130
0.2401	0.00000390
0.2451	0.00000428
0.2501	0.00000448
0.2547	0.00000401
0.2601	0.00000390
0.2649	0.00000316
0.2698	0.00000224
0.2751	0.00000234
0.2800	0.00000079
0.2849	-0.00000015
0.2900	-0.00000170
0.2949	-0.00000316
0.3001	-0.00000273
0.3050	-0.00000235
0.3100	-0.00000368
0.3147	-0.00000224
0.3196	-0.00000180
0.3242	-0.00000056
0.3294	-0.00000068
0.3343	0.00000033
0.3395	-0.00000050
0.3443	-0.00000024
0.3492	0.00000074
0.3546	-0.00000027
0.3593	-0.00000105
0.3643	-0.00000286
0.3693	-0.00000307
0.3743	-0.00000427
0.3793	-0.00000413
0.3842	-0.00000380
0.3893	-0.00000387
0.3942	-0.00000366
0.3993	-0.00000222
0.4044	-0.00000247
0.4093	-0.00000289
0.4135	-0.00000135
0.4176	-0.00000101
0.4226	-0.00000104
0.4277	-0.00000044
0.4325	-0.00000150
0.4376	-0.00000007
0.4427	0.00000152
0.4476	0.00000083
0.4528	0.00000297
0.4577	0.00000200
0.4626	0.00000085
0.4676	0.00000061
0.4726	0.00000182
0.4777	0.00000095
0.4826	0.00000143
0.4876	0.00000012
0.4927	0.00000069
0.4979	-0.00000177
0.5028	-0.00000173
0.5078	-0.00000017
0.5125	0.00000088
0.5173	0.00000044
0.5223	0.00000038
0.5273	-0.00000083
0.5323	-0.00000187
0.5373	0.00000016
0.5422	0.00000012
0.5474	0.00000176
0.5522	0.00000318
0.5573	0.00000424
0.5624	0.00000308
0.5675	0.00000378
0.5718	0.00000212
0.5766	0.00000104
0.5815	0.00000020
0.5865	0.00000073
0.5915	0.00000142
0.5966	0.00000054
0.6016	-0.00000051
0.6065	0.00000043
0.6111	-0.00000078
0.6163	0.00000034
0.6204	0.00000300
0.6255	0.00000143
0.6305	0.00000204
0.6355	0.00000042
0.6401	0.00000011
0.6452	-0.00000083
0.6501	-0.00000052
0.6551	0.00000045
0.6602	-0.00000007
0.6654	-0.00000244
0.6699	-0.00000264
0.6741	-0.00000224
0.6791	-0.00000134
0.6840	0.00000018
0.6888	0.00000042
0.6937	0.00000129
0.6987	0.00000024
0.7039	0.00000122
0.7089	0.00000156
0.7138	0.00000156
0.7186	0.00000082
0.7232	0.00000069
0.7282	0.00000118
0.7326	0.00000179
0.7377	0.00000217
0.7427	0.00000161
0.7476	0.00000053
0.7526	-0.00000021
0.7575	0.00000151
0.7618	0.00000046
0.7667	-0.00000094
0.7718	-0.00000001
0.7760	0.00000069
0.7810	0.00000107
0.7853	0.00000042
0.7896	-0.00000065
0.7946	-0.00000131
0.7990	-0.00000221
0.8041	-0.00000103
0.8090	-0.00000179
0.8132	-0.00000133
0.8176	-0.00000100
0.8227	0.00000041
0.8274	0.00000033
0.8323	-0.00000080
0.8374	-0.00000221
0.8424	-0.00000365
0.8474	-0.00000196
0.8525	-0.00000332
0.8574	-0.00000169
0.8622	-0.00000195
0.8665	0.00000008
0.8712	-0.00000025
0.8764	-0.00000143
0.8815	-0.00000020
0.8864	-0.00000027
0.8914	-0.00000069
0.8964	0.00000147
0.9012	0.00000209
0.9062	0.00000230
0.9114	0.00000229
0.9162	0.00000255
0.9211	0.00000273
0.9261	0.00000234
0.9303	0.00000149
0.9351	0.00000026
0.9402	-0.00000016
0.9455	0.00000014
0.9503	0.00000172
0.9555	0.00000133
0.9606	0.00000169
0.9654	0.00000063
0.9707	0.00000179
0.9753	0.00000056
0.9803	-0.00000144
0.9853	-0.00000125
0.9903	-0.00000053
0.9954	0.00000074
1.0003	0.00000032
1.0053	-0.00000232
1.0103	-0.00000091
1.0148	-0.00000095
1.0198	0.00000066
1.0248	-0.00000117
1.0299	0.00000003
1.0349	-0.00000037
1.0401	0.00000119
1.0450	0.00000179
1.0500	0.00000335
1.0551	0.00000400
1.0595	0.00000445
1.0643	0.00000534
1.0685	0.00000343
1.0736	0.00000326
1.0789	0.00000293
1.0837	0.00000111
1.0889	0.00000271
1.0932	0.00000173
1.0973	0.00000200
1.1019	0.00000232
1.1069	0.00000169
1.1112	0.00000201
1.1155	0.00000119
1.1205	0.00000140
1.1255	0.00000133
1.1301	-0.00000023
1.1352	0.00000085
1.1402	-0.00000147
1.1451	-0.00000216
1.1493	-0.00000233
1.1538	-0.00000198
1.1581	-0.00000103
1.1629	-0.00000195
1.1676	-0.00000104
1.1727	-0.00000065
1.1774	0.00000056
1.1822	0.00000155
1.1864	0.00000090
1.1913	0.00000233
1.1964	0.00000325
1.2014	0.00000204
1.2061	0.00000206
1.2105	-0.00000034
1.2151	0.00000038
1.2201	-0.00000059
1.2250	-0.00000073
1.2303	0.00000130
1.2351	0.00000049
1.2401	-0.00000072
1.2443	0.00000047
1.2494	0.00000023
1.2541	-0.00000033
1.2583	-0.00000015
1.2634	0.00000133
1.2683	0.00000051
1.2731	-0.00000046
1.2781	-0.00000154
1.2831	-0.00000242
1.2881	-0.00000110
1.2932	0.00000184
1.2981	0.00000255
1.3032	0.00000146
1.3082	0.00000035
1.3127	-0.00000046
1.3176	-0.00000034
1.3227	-0.00000185
1.3275	-0.00000169
1.3321	-0.00000068
1.3369	-0.00000069
1.3421	-0.00000275
1.3468	-0.00000141
1.3518	-0.00000110
1.3563	-0.00000015
1.3614	0.00000064
1.3659	0.00000029
1.3708	-0.00000141
1.3752	-0.00000132
1.3803	-0.00000036
1.3852	-0.00000021
1.3900	-0.00000138
1.3941	0.00000044
1.3991	-0.00000059
1.4041	-0.00000012
1.4085	-0.00000112
1.4134	-0.00000032
1.4178	-0.00000014
1.4221	0.00000012
1.4274	-0.00000034
1.4317	0.00000029
1.4367	0.00000001
1.4416	0.00000007
1.4458	-0.00000095
1.4509	-0.00000084
1.4558	-0.00000087
1.4612	0.00000006
1.4656	0.00000101
1.4700	0.00000134
1.4752	0.00000271
1.4795	0.00000208
1.4843	0.00000177
1.4895	0.00000103
1.4940	0.00000007
1.4987	0.00000012
1.5037	0.00000142
1.5087	0.00000072
1.5131	0.00000046
1.5174	0.00000060
1.5218	0.00000070
1.5263	0.00000193
1.5315	0.00000184
1.5365	0.00000296
1.5415	0.00000201
1.5465	-0.00000030
1.5515	-0.00000043
1.5562	-0.00000134
1.5611	-0.00000280
1.5661	-0.00000395
1.5711	-0.00000361
1.5761	-0.00000409
1.5811	-0.00000342
1.5861	-0.00000262
1.5911	-0.00000286
1.5961	-0.00000126
1.6003	-0.00000133
1.6053	-0.00000134
1.6103	-0.00000016
1.6150	-0.00000067
1.6200	-0.00000144
1.6250	-0.00000004
1.6300	0.00000036
1.6349	0.00000155
1.6390	0.00000061
1.6440	0.00000093
1.6490	0.00000017
1.6540	0.00000115
1.6590	0.00000192
1.6640	0.00000154
1.6690	0.00000130
1.6740	0.00000080
1.6790	0.00000045
1.6839	-0.00000060
1.6890	0.00000039
1.6940	0.00000078
1.6991	-0.00000047
1.7042	-0.00000089
1.7091	-0.00000181
1.7138	-0.00000299
1.7189	-0.00000278
1.7239	-0.00000310
1.7289	-0.00000305
1.7338	-0.00000242
1.7389	-0.00000323
1.7439	-0.00000206
1.7489	-0.00000221
1.7539	-0.00000148
1.7589	-0.00000101
1.7639	-0.00000197
1.7689	-0.00000135
1.7739	-0.00000004
1.7789	0.00000121
1.7838	0.00000112
1.7889	0.00000024
1.7939	0.00000043
1.7990	-0.00000017
1.8040	-0.00000097
1.8090	-0.00000043
1.8136	0.00000032
1.8188	-0.00000010
1.8238	0.00000026
1.8287	0.00000023
1.8337	0.00000135
1.8387	0.00000106
1.8437	0.00000224
1.8487	0.00000143
1.8537	0.00000260
1.8587	0.00000084
1.8637	0.00000116
1.8688	-0.00000023
1.8737	-0.00000123
1.8787	-0.00000127
1.8836	-0.00000089
1.8888	-0.00000112
1.8937	-0.00000035
1.8989	-0.00000057
1.9039	-0.00000133
1.9089	-0.00000004
1.9135	-0.00000043
1.9187	-0.00000085
1.9236	-0.00000180
1.9286	-0.00000106
1.9335	-0.00000067
1.9386	0.00000032
1.9436	-0.00000031
1.9486	-0.00000132
1.9536	-0.00000241
1.9587	-0.00000239
1.9636	-0.00000145
1.9686	-0.00000065
1.9736	-0.00000178
1.9787	-0.00000139
1.9835	-0.00000075
1.9886	-0.00000234
1.9936	-0.00000327
1.9987	-0.00000117
2.0036	-0.00000133
2.0080	-0.00000062
2.0130	0.00000049
2.0176	-0.00000118
2.0226	0.00000151
2.0276	0.00000345
2.0326	0.00000389
2.0377	0.00000150
2.0427	-0.00000203
2.0478	-0.00000048
2.0527	-0.00000062
2.0577	-0.00000214
2.0627	-0.00000027
2.0678	0.00000001
2.0727	0.00000076
2.0777	0.00000057
2.0827	0.00000120
2.0878	0.00000167
2.0927	0.00000064
2.0977	-0.00000012
2.1019	-0.00000114
2.1068	-0.00000315
2.1118	-0.00000139
2.1166	0.00000069
2.1215	0.00000205
2.1266	0.00000195
2.1315	0.00000248
2.1366	0.00000187
2.1416	0.00000109
2.1466	-0.00000045
2.1515	-0.00000114
2.1566	-0.00000153
2.1616	-0.00000106
2.1666	0.00000086
2.1715	0.00000247
2.1765	0.00000115
2.1816	0.00000139
2.1866	0.00000058
2.1916	0.00000123
2.1966	0.00000123
2.2008	0.00000136
2.2059	0.00000112
2.2109	0.00000188
2.2157	0.00000155
2.2207	0.00000038
2.2257	-0.00000182
2.2307	-0.00000253
2.2360	-0.00000210
2.2417	-0.00000129
2.2467	-0.00000143
2.2517	-0.00000052
2.2567	0.00000027
2.2617	0.00000003
2.2667	-0.00000111
2.2716	-0.00000125
2.2766	-0.00000042
2.2816	-0.00000022
2.2867	0.00000105
2.2918	0.00000098
2.2966	-0.00000025
2.3018	-0.00000049
2.3068	-0.00000053
2.3117	-0.00000113
2.3159	-0.00000088
2.3209	-0.00000051
2.3258	-0.00000004
2.3308	0.00000033
2.3357	-0.00000063
2.3403	0.00000055
2.3454	-0.00000051
2.3501	-0.00000240
2.3544	-0.00000020
2.3594	-0.00000190
2.3642	0.00000279
2.3689	0.00000317
2.3740	0.00000326
2.3789	0.00000130
2.3844	0.00000033
2.3896	0.00000250
2.3940	0.00000218
2.3994	0.00000462
2.4045	0.00000160
2.4094	0.00000156
2.4142	-0.00000002
2.4187	0.00000057
2.4233	-0.00000123
2.4282	-0.00000105
2.4332	0.00000024
2.4382	-0.00000112
2.4432	-0.00000138
2.4481	-0.00000007
2.4523	0.00000233
2.4573	0.00000368
2.4616	0.00000375
2.4667	-0.00000023
2.4716	-0.00000050
2.4762	0.00000349
2.4814	-0.00000245
2.4864	-0.00000384
2.4914	-0.00000275
2.4957	-0.00000232
2.5005	-0.00000279
2.5058	-0.00000383
2.5108	0.00000068
2.5156	-0.00000489
2.5204	-0.00000301
2.5248	-0.00000252
2.5296	-0.00000229
2.5338	0.00000112
2.5392	-0.00000099
2.5441	-0.00000174
2.5484	-0.00000294
2.5526	-0.00000147
2.5572	-0.00000062
2.5622	0.00000204
2.5672	0.00000007
2.5722	-0.00000404
2.5765	-0.00000237
2.5810	-0.00000286
2.5864	-0.00000054
2.5912	-0.00000208
2.5965	-0.00000092
2.6018	-0.00000343
2.6062	-0.00000049
2.6115	-0.00000259
2.6165	-0.00000002
2.6213	-0.00000089
2.6263	0.00000225
2.6314	-0.00000210
2.6364	-0.00000153
2.6413	0.00000050
2.6457	-0.00000347
2.6508	-0.00000057
2.6556	0.00000042
2.6610	0.00000253
2.6657	-0.00000057
2.6707	-0.00000197
2.6756	-0.00000314
2.6806	-0.00000450
2.6856	-0.00000265
2.6899	0.00000305
2.6950	-0.00000480
2.7000	-0.00000136
2.7051	-0.00000319
2.7101	0.00000236
2.7160	0.00000263
2.7205	-0.00000362
2.7253	0.00000124
2.7297	-0.00000433
2.7348	-0.00000095
2.7398	-0.00000150
2.7448	-0.00000371
2.7498	-0.00000341
2.7548	0.00000218
2.7600	-0.00000338
2.7649	-0.00000039
2.7698	-0.00000024
2.7749	0.00000040
2.7798	-0.00000002
2.7841	0.00000273
2.7891	-0.00000090
2.7940	-0.00000093
2.7991	0.00000270
2.8040	-0.00000150
2.8090	-0.00000096
2.8140	-0.00000232
2.8184	-0.00000699
2.8231	-0.00000279
2.8275	-0.00000576
2.8318	-0.00000489
2.8362	-0.00000502
2.8411	-0.00000601
2.8462	-0.00000538
2.8510	-0.00000706
2.8552	-0.00000041
2.8601	-0.00000161
2.8644	-0.00000168
2.8695	-0.00000556
2.8744	-0.00000208
2.8794	-0.00000064
2.8838	0.00000089
2.8887	-0.00000520
2.8940	-0.00000244
2.8992	-0.00000356
2.9038	-0.00000307
2.9081	0.00000274
2.9122	-0.00000078
2.9171	0.00000145
2.9222	0.00000240
2.9273	-0.00000186
2.9324	-0.00000186
2.9372	-0.00000362
2.9416	0.00000048
2.9466	-0.00000113
2.9514	-0.00000250
2.9565	-0.00000346
2.9616	-0.00000193
2.9663	-0.00000175
2.9707	-0.00000354
2.9756	-0.00000253
2.9806	-0.00000737
2.9856	-0.00000624
2.9906	-0.00000631
2.9956	-0.00000414
3.0006	-0.00000591
3.0056	-0.00000261
3.0108	-0.00000477
3.0156	-0.00000362
3.0200	-0.00000333
3.0243	-0.00000454
3.0293	-0.00000385
3.0340	-0.00000392
3.0390	-0.00000088
3.0441	-0.00000195
3.0491	0.00000088
3.0541	-0.00000105
3.0591	0.00000220
3.0641	-0.00000140
3.0690	-0.00000389
3.0741	-0.00000037
3.0791	0.00000346
3.0842	-0.00000352
3.0891	-0.00000305
3.0941	-0.00000187
3.0991	0.00000118
3.1044	-0.00000043
3.1093	-0.00000136
3.1144	0.00000148
3.1190	-0.00000199
3.1238	-0.00000044
3.1291	0.00000090
3.1337	0.00000022
3.1379	-0.00000035
3.1430	0.00000413
3.1483	0.00000509
3.1527	0.00000208
3.1568	-0.00000066
3.1617	0.00000076
3.1659	-0.00000159
3.1710	-0.00000015
3.1762	0.00000112
3.1806	-0.00000279
3.1855	-0.00000276
3.1904	0.00000152
3.1955	-0.00000288
3.2006	0.00000083
3.2057	-0.00000287
3.2101	-0.00000111
3.2144	-0.00000330
3.2187	-0.00000734
3.2238	-0.00000480
3.2288	0.00000247
3.2337	-0.00000386
3.2386	-0.00000613
3.2431	-0.00000253
3.2478	-0.00000414
3.2521	-0.00000429
3.2569	-0.00000288
3.2618	-0.00000170
3.2668	-0.00000198
3.2718	-0.00000196
3.2769	-0.00000305
3.2810	-0.00000580
3.2859	-0.00000462
3.2900	-0.00000365
3.2941	-0.00000749
3.2991	-0.00000350
3.3047	-0.00000281
3.3092	-0.00000633
3.3141	-0.00001025
3.3187	-0.00000635
3.3238	-0.00000762
3.3288	-0.00001288
3.3338	-0.00000572
3.3388	-0.00000596
3.3438	-0.00000208
3.3489	-0.00000616
3.3539	-0.00000667
3.3589	-0.00000475
3.3639	-0.00000291
3.3688	-0.00000702
3.3737	-0.00000462
3.3787	-0.00000379
3.3833	-0.00000151
3.3883	-0.00000214
3.3933	0.00000005
3.3976	-0.00000232
3.4029	-0.00000312
3.4079	-0.00000208
3.4125	-0.00000300
3.4174	-0.00000024
3.4224	-0.00000527
3.4275	-0.00000197
3.4324	-0.00000316
3.4375	-0.00000063
3.4425	0.00000030
3.4475	-0.00000195
3.4520	0.00000083
3.4564	-0.00000094
3.4607	-0.00000503
3.4659	-0.00000191
3.4724	-0.00000205
3.4769	-0.00000503
3.4818	-0.00000560
3.4865	-0.00000321
3.4919	-0.00000340
3.4966	-0.00000370
3.5016	-0.00000248
3.5066	-0.00000650
3.5116	-0.00000790
3.5159	-0.00000548
3.5211	-0.00000737
3.5255	-0.00000951
3.5299	-0.00000371
3.5350	-0.00000410
3.5397	-0.00000745
3.5450	-0.00000350
3.5498	-0.00000320
3.5550	-0.00000584
3.5599	-0.00000361
3.5650	-0.00000409
3.5698	-0.00000558
3.5747	-0.00000213
3.5792	-0.00000581
3.5834	0.00000145
3.5887	0.00000097
3.5936	-0.00000514
3.5981	-0.00000318
3.6037	-0.00000227
3.6081	-0.00000332
3.6131	-0.00000545
3.6177	-0.00000565
3.6228	-0.00000522
3.6279	-0.00000534
3.6324	-0.00000772
3.6383	-0.00000398
3.6427	-0.00000483
3.6476	0.00000068
3.6521	-0.00000407
3.6872	-0.00000376
3.6913	-0.00000872
3.6963	-0.00000518
3.7011	-0.00000662
3.7055	-0.00000192
3.7105	-0.00000702
3.7154	-0.00000375
3.7201	-0.00000177
3.7244	-0.00000735
3.7294	-0.00001100
3.7341	-0.00000844
3.7383	-0.00000721
3.7434	-0.00000492
3.7484	-0.00000828
3.7532	-0.00000956
3.7574	-0.00000737
3.7617	-0.00000519
3.7666	-0.00000491
3.7717	-0.00000657
3.7767	-0.00000447
3.7816	-0.00000540
3.7865	-0.00000321
3.7917	-0.00000443
3.7959	-0.00000603
3.8001	-0.00000216
3.8049	-0.00000369
3.8098	-0.00000816
3.8147	-0.00000790
3.8194	-0.00000540
3.8243	-0.00000664
3.8286	-0.00000923
3.8329	-0.00000897
3.8387	-0.00001152
3.8432	-0.00001012
3.8480	-0.00000630
3.8529	-0.00000395
3.8581	-0.00000133
3.8631	-0.00000729
3.8682	-0.00000317
3.8729	-0.00000421
3.8779	-0.00000726
3.8822	-0.00001070
3.8877	-0.00000858
3.8919	-0.00000366
3.8964	-0.00000813
3.9013	-0.00000962
3.9062	-0.00000788
3.9113	-0.00000319
3.9156	-0.00000839
3.9209	-0.00000760
3.9258	-0.00000738
3.9301	-0.00000499
3.9348	-0.00001021
3.9398	-0.00000544
3.9440	-0.00000698
3.9490	-0.00000734
3.9550	-0.00000747
3.9600	-0.00000926
3.9643	-0.00000670
3.9693	-0.00000966
3.9735	-0.00000854
3.9785	-0.00000852
3.9834	-0.00000360
3.9884	-0.00000298
3.9933	-0.00001291
3.9981	-0.00000612
4.0046	-0.00000798
4.0093	-0.00000854
4.0142	-0.00000472
4.0186	-0.00000407
4.0236	-0.00000465
4.0278	-0.00000517
4.0327	-0.00000532
4.0376	-0.00000724
4.0426	-0.00000849
4.0476	-0.00000910
4.0525	-0.00000587
4.0574	-0.00000892
4.0616	-0.00000625
4.0659	-0.00000706
4.0709	-0.00000788
4.0755	-0.00000916
4.0797	-0.00000888
4.0841	-0.00001290
4.0891	-0.00001451
4.0941	-0.00000845
4.0991	-0.00001138
4.1041	-0.00001308
4.1092	-0.00000792
4.1134	-0.00001161
4.1189	-0.00000868
4.1240	-0.00001051
4.1285	-0.00001402
4.1328	-0.00001135
4.1381	-0.00000969
4.1430	-0.00001093
4.1472	-0.00000930
4.1520	-0.00001165
4.1563	-0.00001358
4.1615	-0.00000934
4.1657	-0.00000349
4.1708	-0.00000961
4.1757	-0.00000800
4.1801	-0.00000540
4.1850	-0.00001096
4.1899	-0.00000768
4.1942	-0.00001060
4.1988	-0.00001055
4.2042	-0.00000932
4.2091	-0.00000876
4.2133	-0.00001237
4.2183	-0.00000861
4.2227	-0.00001108
4.2271	-0.00000988
4.2321	-0.00000926
4.2375	-0.00000908
4.2421	-0.00001068
4.2470	-0.00001255
4.2519	-0.00000838
4.2569	-0.00001132
4.2613	-0.00001468
4.2662	-0.00001125
4.2714	-0.00000683
4.2765	-0.00001101
4.2814	-0.00001317
4.2878	-0.00000922
4.2924	-0.00001409
4.2975	-0.00001253
4.3016	-0.00001230
4.3067	-0.00000794
4.3111	-0.00000859
4.3155	-0.00001454
4.3207	-0.00000777
4.3249	-0.00001400
4.3301	-0.00001185
4.3349	-0.00001785
4.3399	-0.00001675
4.3450	-0.00001616
4.3499	-0.00001200
4.3553	-0.00000051
4.3601	-0.00000019
4.3644	-0.00000092
4.3689	-0.00000155
4.3740	-0.00000322
4.3791	-0.00000195
4.3833	-0.00000258
4.3877	-0.00000232
4.3927	-0.00000085
4.3969	-0.00000053
4.4021	-0.00000130
4.4064	-0.00000348
4.4118	-0.00000186
4.4166	-0.00000194
4.4215	-0.00000092
4.4265	-0.00000127
4.4316	-0.00000193
4.4361	-0.00000230
4.4409	-0.00000131
4.4459	0.00000138
4.4511	-0.00000051
4.4561	-0.00000058
4.4612	-0.00000019
4.4661	-0.00000156
4.4710	-0.00000048
4.4759	-0.00000022
4.4804	-0.00000011
4.4853	-0.00000029
4.4896	0.00000124
4.4949	-0.00000017
4.4996	-0.00000245
4.5050	-0.00000214
4.5094	-0.00000119
4.5144	0.00000096
4.5198	0.00000075
4.5250	0.00000041
4.5299	-0.00000040
4.5342	0.00000044
4.5393	0.00000096
4.5443	0.00000002
4.5492	0.00000077
4.5544	0.00000067
4.5595	-0.00000005
4.5645	-0.00000008
4.5698	-0.00000189
4.5748	-0.00000155
4.5799	-0.00000009
4.5847	0.00000095
4.5892	-0.00000023
4.5942	0.00000044
4.5992	-0.00000019
4.6035	-0.00000016
4.6077	-0.00000144
4.6128	-0.00000028
4.6178	0.00000065
4.6222	0.00000092
4.6275	-0.00000036
4.6318	-0.00000142
4.6370	-0.00000272
4.6414	-0.00000130
4.6462	-0.00000112
4.6514	0.00000043
4.6564	-0.00000000
4.6611	-0.00000076
4.6662	-0.00000076
4.6712	0.00000032
4.6762	-0.00000052
4.6812	-0.00000162
4.6863	-0.00000077
4.6912	-0.00000171
4.6962	-0.00000013
4.7012	-0.00000276
4.7064	-0.00000222
4.7113	-0.00000274
4.7162	-0.00000292
4.7212	-0.00000131
4.7254	-0.00000142
4.7304	-0.00000215
4.7354	-0.00000304
4.7405	-0.00000276
4.7454	-0.00000199
4.7505	-0.00000066
4.7554	0.00000101
4.7605	-0.00000026
4.7654	-0.00000098
4.7703	-0.00000131
4.7754	-0.00000073
4.7805	-0.00000032
4.7854	0.00000109
4.7904	0.00000016
4.7955	0.00000014
4.8005	0.00000120
4.8054	0.00000021
4.8095	0.00000058
4.8146	-0.00000129
4.8196	-0.00000069
4.8242	-0.00000098
4.8293	-0.00000090
4.8343	-0.00000191
4.8393	-0.00000265
4.8443	-0.00000309
4.8493	-0.00000245
4.8543	-0.00000191
4.8593	-0.00000350
4.8643	-0.00000241
4.8693	-0.00000122
4.8743	-0.00000038
4.8793	-0.00000014
4.8843	-0.00000046
4.8893	0.00000023
4.8943	-0.00000024
4.8993	-0.00000111
4.9044	-0.00000062
4.9094	-0.00000125
4.9144	-0.00000127
4.9195	-0.00000042
4.9240	-0.00000075
4.9291	-0.00000038
4.9339	-0.00000239
4.9381	-0.00000202
4.9431	-0.00000265
4.9481	-0.00000116
4.9531	-0.00000200
4.9581	0.00000053
4.9631	-0.00000040
4.9681	0.00000013
4.9730	-0.00000026
4.9781	-0.00000016
4.9830	-0.00000081
4.9881	0.00000016
4.9931	0.00000098
4.9981	0.00000211
5.0031	0.00000150
5.0081	0.00000013
5.0132	0.00000072
5.0182	0.00000191
5.0229	0.00000280
5.0280	0.00000249
5.0328	0.00000247
5.0380	0.00000207
5.0430	-0.00000004
5.0479	0.00000123
5.0529	0.00000177
5.0579	0.00000306
5.0629	0.00000223
5.0680	0.00000138
5.0730	0.00000337
5.0780	0.00000132
5.0829	0.00000089
5.0881	0.00000105
5.0922	0.00000215
5.0972	0.00000013
5.1022	0.00000111
5.1074	0.00000019
5.1126	0.00000185
5.1176	0.00000200
5.1219	0.00000228
5.1262	0.00000364
5.1312	0.00000138
5.1364	0.00000099
5.1412	-0.00000002
5.1463	0.00000049
5.1513	0.00000149
5.1566	-0.00000053
5.1615	0.00000001
5.1667	0.00000141
5.1712	0.00000068
5.1762	0.00000007
5.1807	0.00000112
5.1851	0.00000035
5.1895	-0.00000049
5.1942	0.00000081
5.1992	0.00000017
5.2045	-0.00000018
5.2095	0.00000046
5.2146	-0.00000103
5.2196	-0.00000159
5.2243	-0.00000254
5.2294	-0.00000105
5.2346	-0.00000130
5.2396	-0.00000083
5.2446	-0.00000025
5.2496	0.00000061
5.2546	0.00000263
5.2589	0.00000232
5.2638	-0.00000012
5.2690	0.00000194
5.2739	0.00000117
5.2782	0.00000001
5.2826	0.00000012
5.2872	-0.00000057
5.2916	-0.00000070
5.2966	-0.00000230
5.3017	-0.00000234
5.3060	-0.00000366
5.3115	-0.00000134
5.3161	0.00000081
5.3215	0.00000021
5.3267	-0.00000083
5.3314	-0.00000130
5.3363	-0.00000076
5.3404	-0.00000029
5.3455	-0.00000042
5.3505	0.00000114
5.3555	0.00000197
5.3596	0.00000190
5.3637	0.00000191
5.3688	0.00000029
5.3738	0.00000128
5.3787	0.00000441
5.3839	0.00000229
5.3883	0.00000082
5.3934	0.00000064
5.3984	0.00000024
5.4034	-0.00000066
5.4084	-0.00000054
5.4134	0.00000095
5.4183	-0.00000067
5.4227	-0.00000017
5.4279	0.00000063
5.4323	-0.00000059
5.4367	0.00000055
5.4414	-0.00000095
5.4466	0.00000001
5.4514	0.00000190
5.4557	0.00000091
5.4609	0.00000159
5.4661	0.00000302
5.4712	0.00000204
5.4762	0.00000350
5.4814	0.00000281
5.4867	0.00000233
5.4919	0.00000132
5.4968	0.00000038
5.5015	-0.00000089
5.5065	-0.00000127
5.5117	-0.00000246
5.5167	-0.00000229
5.5217	-0.00000187
5.5269	-0.00000066
5.5319	-0.00000194
5.5369	-0.00000185
5.5417	-0.00000084
5.5462	0.00000007
5.5511	0.00000079
5.5560	-0.00000024
5.5611	0.00000097
5.5659	0.00000339
5.5710	0.00000144
5.5760	-0.00000023
5.5805	0.00000035
5.5850	0.00000079
5.5901	0.00000009
5.5953	-0.00000151
5.6003	-0.00000035
5.6056	0.00000010
5.6110	-0.00000136
5.6155	-0.00000146
5.6207	-0.00000144
5.6260	-0.00000060
5.6313	0.00000032
5.6357	-0.00000003
5.6401	-0.00000054
5.6449	-0.00000045
5.6501	0.00000088
5.6552	0.00000125
5.6604	0.00000106
5.6655	0.00000146
5.6702	0.00000115
5.6755	0.00000361
5.6803	0.00000100
5.6854	0.00000014
5.6898	0.00000017
5.6949	-0.00000118
5.7003	-0.00000012
5.7050	0.00000007
5.7104	0.00000177
5.7155	0.00000183
5.7198	0.00000161
5.7250	0.00000170
5.7292	0.00000193
5.7343	0.00000257
5.7393	0.00000455
5.7443	0.00000535
5.7491	0.00000290
5.7535	0.00000158
5.7586	0.00000143
5.7638	-0.00000068
5.7682	0.00000049
5.7734	0.00000177
5.7784	0.00000296
5.7835	0.00000318
5.7887	0.00000432
5.7935	0.00000338
5.7985	0.00000278
5.8036	0.00000242
5.8080	0.00000314
5.8133	0.00000164
5.8175	0.00000155
5.8229	0.00000053
5.8276	0.00000021
5.8325	0.00000141
5.8377	0.00000142
5.8426	0.00000068
5.8476	0.00000113
5.8529	0.00000019
5.8578	-0.00000055
5.8628	-0.00000133
5.8676	-0.00000033
5.8722	-0.00000141
5.8763	-0.00000109
5.8812	-0.00000049
5.8862	0.00000024
5.8904	0.00000138
5.8953	0.00000134
5.9003	0.00000124
5.9053	0.00000155
5.9104	0.00000224
5.9154	0.00000224
5.9205	0.00000258
5.9255	0.00000131
5.9302	0.00000229
5.9352	0.00000206
5.9404	0.00000136
5.9453	0.00000057
5.9501	-0.00000057
5.9554	0.00000026
5.9603	-0.00000078
5.9655	0.00000023
5.9699	0.00000152
5.9751	0.00000133
5.9803	0.00000113
5.9851	0.00000031
5.9902	0.00000055
5.9952	0.00000069
6.0003	0.00000129
6.0050	0.00000040
6.0096	0.00000197
6.0138	0.00000064
6.0187	-0.00000164
6.0233	-0.00000156
6.0281	-0.00000024
6.0330	-0.00000105
6.0380	-0.00000177
6.0431	-0.00000118
6.0481	0.00000016
6.0530	0.00000012
6.0573	0.00000081
6.0615	0.00000010
6.0667	-0.00000034
6.0718	0.00000020
6.0770	0.00000053
6.0819	0.00000229
6.0870	0.00000120
6.0919	-0.00000038
6.0970	0.00000081
6.1014	0.00000279
6.1063	0.00000237
6.1109	0.00000358
6.1160	0.00000182
6.1215	0.00000191
6.1262	0.00000041
6.1311	-0.00000078
6.1356	-0.00000073
6.1408	-0.00000056
6.1457	-0.00000033
6.1508	-0.00000150
6.1557	-0.00000195
6.1607	-0.00000080
6.1658	-0.00000021
6.1706	-0.00000030
6.1759	-0.00000072
6.1807	-0.00000067
6.1858	0.00000088
6.1906	0.00000112
6.1958	-0.00000115
6.2007	-0.00000053
6.2057	0.00000051
6.2106	0.00000028
6.2157	-0.00000009
6.2207	-0.00000255
6.2265	-0.00000053
6.2315	-0.00000171
6.2367	0.00000023
6.2417	-0.00000026
6.2466	-0.00000098
6.2517	-0.00000123
6.2567	-0.00000173
6.2617	0.00000067
6.2667	0.00000057
6.2716	0.00000124
6.2767	-0.00000011
6.2815	-0.00000030
6.2866	-0.00000027
6.2916	-0.00000072
6.2967	-0.00000153
6.3015	-0.00000232
6.3067	-0.00000230
6.3115	-0.00000233
6.3165	-0.00000345
6.3215	-0.00000242
6.3265	-0.00000010
6.3312	0.00000037
6.3361	-0.00000006
6.3411	-0.00000079
6.3464	0.00000037
6.3514	0.00000114
6.3563	0.00000117
6.3613	0.00000042
6.3662	-0.00000103
6.3712	-0.00000211
6.3762	-0.00000177
6.3806	-0.00000134
6.3860	-0.00000185
6.3910	-0.00000158
6.3958	-0.00000020
6.4000	-0.00000131
6.4050	-0.00000100
6.4094	-0.00000215
6.4137	-0.00000155
6.4181	-0.00000060
6.4233	-0.00000056
6.4280	0.00000015
6.4328	0.00000174
6.4381	0.00000153
6.4434	0.00000148
6.4483	0.00000181
6.4533	0.00000178
6.4576	0.00000254
6.4625	0.00000147
6.4676	0.00000070
6.4719	0.00000022
6.4768	0.00000059
6.4817	0.00000144
6.4867	0.00000116
6.4918	0.00000118
6.4968	0.00000091
6.5010	0.00000183
6.5059	0.00000176
6.5102	0.00000213
6.5151	0.00000130
6.5200	0.00000165
6.5243	0.00000271
6.5290	0.00000274
6.5339	0.00000284
6.5392	0.00000049
6.5436	0.00000022
6.5485	0.00000170
6.5535	0.00000079
6.5577	-0.00000103
6.5627	-0.00000138
6.5673	-0.00000177
6.5720	-0.00000107
6.5770	-0.00000062
6.5819	-0.00000057
6.5868	-0.00000061
6.5914	-0.00000239
6.5956	-0.00000098
6.6004	-0.00000028
6.6046	0.00000040
6.6095	0.00000083
6.6136	-0.00000022
6.6187	0.00000123
6.6237	0.00000071
6.6289	0.00000142
6.6336	0.00000147
6.6380	0.00000260
6.6423	0.00000090
6.6467	0.00000059
6.6509	-0.00000169
6.6559	-0.00000112
6.6609	-0.00000116
6.6657	-0.00000116
6.6703	-0.00000122
6.6754	-0.00000159
6.6803	-0.00000099
6.6853	-0.00000118
6.6904	0.00000116
6.6953	0.00000085
6.7004	0.00000156
6.7054	0.00000001
6.7103	0.00000079
6.7155	-0.00000007
6.7207	-0.00000030
6.7255	0.00000041
6.7301	0.00000007
6.7350	0.00000014
6.7401	0.00000187
6.7451	0.00000127
6.7501	-0.00000024
6.7551	-0.00000009
6.7601	-0.00000286
6.7651	-0.00000266
6.7701	-0.00000231
6.7751	-0.00000180
6.7804	-0.00000051
6.7852	0.00000117
6.7903	-0.00000027
6.7952	0.00000104
6.8002	0.00000168
6.8052	0.00000053
6.8102	0.00000161
6.8153	0.00000079
6.8202	-0.00000047
6.8253	-0.00000088
6.8298	-0.00000047
6.8348	0.00000127
6.8398	0.00000189
6.8447	0.00000161
6.8498	0.00000195
6.8548	0.00000037
6.8598	-0.00000064
6.8647	-0.00000160
6.8698	-0.00000213
6.8748	-0.00000128
6.8798	-0.00000002
6.8848	-0.00000067
6.8898	-0.00000132
6.8948	-0.00000002
6.8998	-0.00000066
6.9047	-0.00000122
6.9099	-0.00000148
6.9143	-0.00000081
6.9195	-0.00000142
6.9243	0.00000107
6.9288	0.00000235
6.9339	0.00000169
6.9389	0.00000063
6.9438	0.00000102
6.9489	0.00000042
6.9539	0.00000221
6.9589	0.00000122
6.9638	0.00000055
6.9689	0.00000073
6.9740	-0.00000001
6.9793	-0.00000127
6.9844	-0.00000130
6.9890	-0.00000018
6.9934	-0.00000030
6.9984	-0.00000029
7.0033	-0.00000055
7.0083	-0.00000033
7.0131	-0.00000065
7.0182	-0.00000275
7.0234	-0.00000005
7.0283	0.00000008
7.0330	-0.00000034
7.0373	0.00000085
7.0423	0.00000173
7.0472	0.00000297
7.0522	0.00000309
7.0575	0.00000109
7.0623	-0.00000009
7.0676	-0.00000022
7.0721	0.00000007
7.0764	-0.00000180
7.0814	0.00000013
7.0857	-0.00000243
7.0908	-0.00000157
7.0951	-0.00000212
7.1001	-0.00000084
7.1045	0.00000002
7.1091	0.00000024
7.1142	0.00000002
7.1192	-0.00000038
7.1242	-0.00000075
7.1287	0.00000002
7.1339	0.00000077
7.1388	0.00000131
7.1439	0.00000046
7.1488	0.00000118
7.1538	0.00000055
7.1588	-0.00000220
7.1638	-0.00000220
7.1688	-0.00000177
7.1738	-0.00000040
7.1788	-0.00000023
7.1839	0.00000067
7.1888	0.00000161
7.1938	0.00000161
7.1988	0.00000042
7.2038	0.00000136
7.2088	0.00000152
7.2138	0.00000206
7.2189	0.00000325
7.2238	0.00000461
7.2284	0.00000466
7.2334	0.00000494
7.2384	0.00000322
7.2434	0.00000273
7.2484	0.00000287
7.2534	0.00000194
7.2584	0.00000084
7.2634	-0.00000019
7.2684	0.00000032
7.2734	0.00000063
7.2784	0.00000019
7.2834	0.00000040
7.2884	0.00000196
7.2934	0.00000260
7.2986	0.00000274
7.3034	0.00000169
7.3084	0.00000185
7.3134	0.00000073
7.3184	0.00000037
7.3234	-0.00000068
7.3285	-0.00000000
7.3331	-0.00000029
7.3382	-0.00000106
7.3433	-0.00000023
7.3481	-0.00000031
7.3533	-0.00000223
7.3584	-0.00000121
7.3634	-0.00000097
7.3686	0.00000072
7.3733	0.00000077
7.3784	0.00000092
7.3832	-0.00000144
7.3877	-0.00000030
7.3927	-0.00000203
7.3976	-0.00000089
7.4027	-0.00000060
7.4077	-0.00000285
7.4122	-0.00000156
7.4173	-0.00000084
7.4216	-0.00000039
7.4271	-0.00000096
7.4314	-0.00000092
7.4363	-0.00000003
7.4408	0.00000036
7.4459	0.00000005
7.4502	-0.00000077
7.4545	-0.00000057
7.4594	-0.00000076
7.4643	-0.00000266
7.4694	-0.00000106
7.4739	-0.00000095
7.4794	0.00000091
7.4839	0.00000014
7.4888	0.00000111
7.4940	0.00000065
7.4990	0.00000008
7.5034	-0.00000002
7.5079	-0.00000168
7.5130	-0.00000098
7.5178	-0.00000069
7.5227	-0.00000200
7.5278	-0.00000141
7.5326	-0.00000061
7.5376	0.00000184
7.5427	0.00000135
7.5476	0.00000184
7.5527	-0.00000030
7.5577	-0.00000071
7.5624	-0.00000014
7.5674	-0.00000030
7.5719	0.00000035
7.5767	0.00000197
7.5815	-0.00000049
7.5862	-0.00000043
7.5911	-0.00000123
7.5961	0.00000018
7.6004	-0.00000015
7.6057	-0.00000027
7.6106	-0.00000020
7.6156	-0.00000118
7.6201	-0.00000096
7.6252	-0.00000183
7.6300	-0.00000199
7.6351	-0.00000124
7.6402	-0.00000100
7.6451	0.00000020
7.6501	-0.00000017
7.6550	0.00000033
7.6602	-0.00000159
7.6654	-0.00000166
7.6698	-0.00000094
7.6746	-0.00000060
7.6796	-0.00000031
7.6848	0.00000065
7.6894	0.00000216
7.6939	0.00000072
7.6990	0.00000015
7.7042	-0.00000044
7.7092	-0.00000017
7.7142	0.00000001
7.7196	-0.00000183
7.7246	-0.00000029
7.7293	-0.00000079
7.7337	-0.00000227
7.7387	-0.00000082
7.7433	-0.00000086
7.7479	0.00000051
7.7531	0.00000139
7.7575	0.00000122
7.7624	0.00000070
7.7675	0.00000042
7.7720	0.00000114
7.7764	0.00000026
7.7816	0.00000008
7.7860	-0.00000015
7.7912	0.00000067
7.7954	-0.00000009
7.8004	-0.00000030
7.8053	0.00000150
7.8103	0.00000008
7.8152	0.00000014
7.8202	-0.00000045
7.8245	-0.00000048
7.8287	-0.00000020
7.8334	0.00000052
7.8384	-0.00000004
7.8434	-0.00000077
7.8486	-0.00000169
7.8535	0.00000044
7.8580	0.00000027
7.8627	0.00000007
7.8678	-0.00000059
7.8727	-0.00000018
7.8777	-0.00000012
7.8828	0.00000110
7.8873	0.00000189
7.8922	0.00000107
7.8974	0.00000132
7.9020	0.00000192
7.9069	0.00000171
7.9120	0.00000128
7.9171	0.00000147
7.9216	0.00000211
7.9267	0.00000121
7.9312	0.00000048
7.9364	0.00000082
7.9411	-0.00000085
7.9461	0.00000068
7.9511	0.00000013
7.9561	0.00000240
7.9611	0.00000249
7.9661	0.00000255
7.9711	0.00000211
7.9763	0.00000314
7.9811	0.00000349
7.9855	0.00000333
7.9901	0.00000224
7.9950	0.00000271
7.9998	0.00000322
8.0042	0.00000207
8.0085	0.00000111
8.0136	0.00000020
8.0187	-0.00000136
8.0234	0.00000047
8.0282	0.00000132
8.0327	0.00000043
8.0377	-0.00000112
8.0427	0.00000020
8.0477	-0.00000070
8.0529	-0.00000022
8.0579	-0.00000105
8.0629	-0.00000175
8.0681	-0.00000111
8.0730	0.00000080
8.0778	0.00000127
8.0829	0.00000090
8.0880	-0.00000012
8.0924	0.00000067
8.0976	0.00000011
8.1020	-0.00000079
8.1070	-0.00000129
8.1120	0.00000027
8.1171	-0.00000020
8.1222	-0.00000014
8.1273	-0.00000208
8.1318	-0.00000324
8.1368	-0.00000239
8.1418	-0.00000133
8.1466	-0.00000175
8.1517	-0.00000189
8.1569	-0.00000047
8.1618	-0.00000098
8.1670	-0.00000008
8.1721	0.00000141
8.1767	-0.00000020
8.1822	0.00000074
8.1870	0.00000050
8.1916	0.00000146
8.1967	0.00000294
8.2018	0.00000150
8.2070	0.00000139
8.2118	0.00000035
8.2171	0.00000136
8.2222	0.00000059
8.2272	0.00000088
8.2327	0.00000117
8.2375	-0.00000035
8.2427	-0.00000163
8.2474	-0.00000138
8.2524	-0.00000107
8.2574	-0.00000072
8.2631	-0.00000092
8.2683	-0.00000255
8.2733	-0.00000168
8.2785	-0.00000044
8.2837	-0.00000066
8.2885	-0.00000269
8.2934	-0.00000013
8.2985	-0.00000098
8.3033	-0.00000045
8.3085	0.00000217
8.3134	0.00000358
8.3185	0.00000246
8.3235	0.00000172
8.3285	0.00000184
8.3335	0.00000197
8.3386	0.00000093
8.3435	0.00000131
8.3483	0.00000080
8.3537	0.00000011
8.3586	-0.00000030
8.3628	-0.00000009
8.3677	-0.00000049
8.3727	0.00000028
8.3772	0.00000083
8.3823	-0.00000028
8.3874	-0.00000135
8.3920	-0.00000162
8.3971	-0.00000339
8.4022	-0.00000123
8.4071	-0.00000187
8.4121	-0.00000074
8.4175	-0.00000079
8.4225	-0.00000108
8.4274	-0.00000050
8.4325	0.00000024
8.4371	-0.00000035
8.4424	-0.00000048
8.4473	-0.00000175
8.4524	-0.00000145
8.4578	-0.00000223
8.4626	-0.00000289
8.4677	-0.00000069
8.4723	-0.00000272
8.4767	-0.00000182
8.4816	-0.00000128
8.4862	-0.00000146
8.4913	-0.00000106
8.4961	-0.00000116
8.5007	-0.00000156
8.5058	-0.00000221
8.5106	-0.00000225
8.5157	-0.00000210
8.5209	-0.00000098
8.5261	0.00000023
8.5312	-0.00000013
8.5360	0.00000060
8.5409	-0.00000219
8.5459	-0.00000243
8.5511	-0.00000203
8.5559	-0.00000205
8.5610	-0.00000150
8.5661	-0.00000092
8.5714	-0.00000108
8.5757	-0.00000059
8.5803	-0.00000150
8.5846	-0.00000178
8.5888	-0.00000058
8.5938	0.00000033
8.5988	-0.00000057
8.6037	-0.00000107
8.6082	-0.00000157
8.6125	-0.00000131
8.6176	0.00000020
8.6221	-0.00000065
8.6273	0.00000023
8.6317	0.00000006
8.6368	-0.00000056
8.6421	-0.00000258
8.6471	-0.00000241
8.6521	-0.00000149
8.6571	-0.00000266
8.6624	-0.00000121
8.6672	-0.00000338
8.6724	-0.00000172
8.6775	-0.00000025
8.6823	0.00000010
8.6873	0.00000038
8.6924	0.00000221
8.6969	0.00000161
8.7013	-0.00000003
8.7058	0.00000002
8.7105	-0.00000015
8.7156	0.00000019
8.7199	0.00000112
8.7249	0.00000012
8.7300	0.00000189
8.7346	0.00000026
8.7397	0.00000005
8.7446	0.00000144
8.7497	-0.00000038
8.7540	0.00000178
8.7590	0.00000246
8.7633	0.00000188
8.7677	0.00000097
8.7729	0.00000137
8.7773	0.00000102
8.7824	0.00000037
8.7874	0.00000054
8.7923	0.00000014
8.7972	-0.00000130
8.8023	-0.00000181
8.8073	-0.00000294
8.8119	-0.00000310
8.8169	-0.00000241
8.8221	-0.00000134
8.8277	-0.00000211
8.8324	-0.00000150
8.8369	-0.00000109
8.8419	-0.00000148
8.8467	-0.00000074
8.8520	0.00000169
8.8565	0.00000284
8.8610	0.00000016
8.8662	-0.00000166
8.8715	-0.00000187
8.8766	-0.00000037
8.8812	0.00000075
8.8865	0.00000197
8.8915	0.00000157
8.8963	0.00000223
8.9007	0.00000228
8.9057	0.00000038
8.9102	0.00000204
8.9154	0.00000117
8.9206	0.00000057
8.9255	0.00000111
8.9305	0.00000143
8.9355	-0.00000043
8.9405	-0.00000160
8.9452	0.00000141
8.9499	-0.00000069
8.9546	-0.00000162
8.9595	-0.00000168
8.9647	0.00000010
8.9698	-0.00000038
8.9752	0.00000028
8.9803	-0.00000023
8.9853	-0.00000079
8.9904	-0.00000156
8.9953	-0.00000107
9.0005	-0.00000038
9.0060	0.00000066
9.0111	-0.00000041
9.0162	0.00000032
9.0215	-0.00000181
9.0265	-0.00000160
9.0312	-0.00000061
9.0354	-0.00000126
9.0399	-0.00000250
9.0449	-0.00000355
9.0501	-0.00000299
9.0551	-0.00000139
9.0601	-0.00000144
9.0650	-0.00000101
9.0701	-0.00000103
9.0750	-0.00000035
9.0800	-0.00000070
9.0850	-0.00000074
9.0900	-0.00000265
9.0949	-0.00000151
9.0990	-0.00000233
9.1031	-0.00000058
9.1074	0.00000091
9.1116	0.00000164
9.1166	0.00000228
9.1209	0.00000084
9.1253	0.00000041
9.1307	0.00000098
9.1356	0.00000007
9.1413	-0.00000015
9.1459	0.00000188
9.1514	0.00000206
9.1559	0.00000262
9.1615	0.00000188
9.1660	0.00000246
9.1714	-0.00000009
9.1761	-0.00000117
9.1810	-0.00000065
9.1854	0.00000023
9.1897	0.00000025
9.1949	-0.00000014
9.1998	-0.00000163
9.2043	-0.00000224
9.2087	-0.00000250
9.2142	-0.00000031
9.2188	-0.00000144
9.2242	-0.00000234
9.2287	-0.00000201
9.2339	-0.00000168
9.2385	-0.00000253
9.2434	-0.00000231
9.2485	-0.00000234
9.2535	-0.00000364
9.2585	-0.00000098
9.2632	-0.00000360
9.2675	-0.00000294
9.2723	-0.00000301
9.2767	-0.00000189
9.2817	-0.00000275
9.2868	-0.00000301
9.2918	-0.00000228
9.2967	-0.00000279
9.3011	-0.00000086
9.3054	0.00000003
9.3099	0.00000066
9.3142	0.00000109
9.3192	0.00000208
9.3243	0.00000308
9.3297	0.00000279
9.3343	0.00000308
9.3391	0.00000036
9.3440	0.00000129
9.3490	0.00000294
9.3541	0.00000163
9.3585	0.00000137
9.3634	0.00000076
9.3685	0.00000225
9.3728	0.00000108
9.3778	-0.00000038
9.3830	-0.00000090
9.3875	0.00000022
9.3917	0.00000212
9.3966	0.00000434
9.4016	0.00000296
9.4061	0.00000248
9.4110	0.00000349
9.4158	0.00000318
9.4201	0.00000163
9.4247	0.00000199
9.4290	0.00000225
9.4340	0.00000188
9.4395	0.00000139
9.4441	-0.00000052
9.4492	-0.00000011
9.4536	0.00000113
9.4581	0.00000169
9.4629	0.00000174
9.4679	0.00000274
9.4730	0.00000266
9.4780	0.00000125
9.4829	0.00000301
9.4879	0.00000201
9.4923	0.00000004
9.4974	0.00000238
9.5024	0.00000403
9.5074	0.00000206
9.5118	-0.00000022
9.5162	-0.00000161
9.5205	-0.00000178
9.5255	-0.00000064
9.5304	-0.00000017
9.5353	0.00000051
9.5399	0.00000073
9.5448	0.00000104
9.5500	0.00000110
9.5549	0.00000140
9.5600	0.00000034
9.5643	0.00000027
9.5687	-0.00000133
9.5734	-0.00000111
9.5780	-0.00000174
9.5830	-0.00000224
9.5873	-0.00000078
9.5924	-0.00000319
9.5973	-0.00000336
9.6024	-0.00000179
9.6077	-0.00000258
9.6133	-0.00000275
9.6178	-0.00000093
9.6224	-0.00000123
9.6274	-0.00000038
9.6325	-0.00000186
9.6371	-0.00000244
9.6416	-0.00000287
9.6465	-0.00000193
9.6516	-0.00000291
9.6567	-0.00000300
9.6620	-0.00000266
9.6668	-0.00000248
9.6713	-0.00000169
9.6762	-0.00000114
9.6812	-0.00000189
9.6862	-0.00000165
9.6913	-0.00000099
9.6963	-0.00000049
9.7006	-0.00000038
9.7060	0.00000054
9.7103	0.00000113
9.7151	0.00000066
9.7203	0.00000147
9.7254	0.00000045
9.7300	-0.00000080
9.7349	0.00000071
9.7399	0.00000074
9.7451	0.00000002
9.7501	-0.00000070
9.7551	-0.00000175
9.7600	-0.00000122
9.7649	-0.00000172
9.7699	-0.00000162
9.7749	-0.00000155
9.7791	-0.00000197
9.7839	-0.00000177
9.7889	-0.00000153
9.7939	-0.00000241
9.7982	-0.00000068
9.8027	-0.00000030
9.8074	-0.00000002
9.8119	0.00000038
9.8168	-0.00000004
9.8220	0.00000196
9.8271	0.00000128
9.8322	0.00000052
9.8379	-0.00000046
9.8430	-0.00000078
9.8479	-0.00000104
9.8529	-0.00000143
9.8579	-0.00000077
9.8629	-0.00000181
9.8681	-0.00000205
9.8729	-0.00000144
9.8779	0.00000097
9.8829	0.00000022
9.8879	-0.00000121
9.8929	0.00000118
9.8979	0.00000016
9.9029	-0.00000170
9.9079	-0.00000104
9.9130	-0.00000140
9.9179	-0.00000081
9.9230	-0.00000193
9.9276	-0.00000416
9.9329	-0.00000097
9.9389	-0.00000278
9.9438	-0.00000126
9.9493	-0.00000127
9.9536	0.00000120
9.9588	0.00000047
9.9638	0.00000046
9.9690	0.00000156
9.9739	0.00000196
9.9783	0.00000070
9.9833	0.00000062
9.9883	0.00000086
9.9933	0.00000051
9.9977	0.00000098
10.0028	0.00000187
10.0077	0.00000171
10.0126	0.00000298
10.0178	0.00000296
10.0228	0.00000177
10.0271	0.00000157
10.0315	0.00000311
10.0358	0.00000233
10.0404	0.00000146
10.0449	0.00000110
10.0502	0.00000227
10.0551	0.00000180
10.0601	0.00000062
10.0650	0.00000154
10.0695	0.00000183
10.0747	0.00000209
10.0792	0.00000040
10.0843	0.00000188
10.0888	0.00000076
10.0937	0.00000129
10.0987	0.00000110
10.1037	0.00000019
10.1087	-0.00000146
10.1136	0.00000052
10.1187	0.00000024
10.1238	-0.00000189
10.1289	0.00000048
10.1339	0.00000307
10.1383	0.00000267
10.1434	-0.00000190
10.1483	-0.00000570
10.1532	-0.00000442
10.1583	0.00000099
10.1632	-0.00000318
10.1683	-0.00000290
10.1725	-0.00000278
10.1777	-0.00000284
10.1827	-0.00000282
10.1876	0.00000162
10.1920	-0.00000138
10.1964	0.00000001
10.2014	-0.00000217
10.2059	-0.00000361
10.2103	-0.00000422
10.2152	-0.00000442
10.2203	-0.00000168
10.2253	0.00000208
10.2300	0.00000102
10.2350	-0.00000121
10.2395	-0.00000188
10.2443	0.00000061
10.2494	-0.00000324
10.2545	-0.00000276
10.2595	0.00000016
10.2643	-0.00000196
10.2687	0.00000392
10.2740	0.00000116
10.2789	-0.00000038
10.2839	0.00000395
10.2889	-0.00000238
10.2939	-0.00000138
10.2989	-0.00000525
10.3033	-0.00000417
10.3084	-0.00000063
10.3128	0.00000254
10.3171	-0.00000101
10.3224	0.00000250
10.3274	0.00000055
10.3323	0.00000144
10.3375	-0.00000433
10.3427	-0.00000072
10.3472	-0.00000323
10.3522	-0.00000465
10.3569	-0.00000585
10.3618	-0.00000255
10.3669	-0.00000666
10.3721	-0.00000863
10.3764	-0.00000404
10.3815	-0.00000678
10.3862	-0.00000737
10.3917	-0.00000266
10.3963	-0.00000655
10.4014	-0.00000580
10.4059	-0.00000179
10.4104	-0.00000315
10.4155	-0.00000534
10.4206	-0.00000006
10.4254	-0.00000324
10.4302	-0.00000233
10.4353	-0.00000651
10.4398	-0.00000614
10.4444	-0.00000338
10.4492	-0.00000165
10.4538	-0.00000106
10.4591	-0.00000006
10.4640	-0.00000171
10.4689	0.00000168
10.4731	-0.00000069
10.4782	0.00000228
10.4833	0.00000085
10.4877	-0.00000041
10.4922	0.00000041
10.4973	0.00000179
10.5022	-0.00000093
10.5064	0.00000253
10.5112	0.00000681
10.5160	0.00000231
10.5210	-0.00000255
10.5254	-0.00000142
10.5302	-0.00000100
10.5352	0.00000178
10.5401	0.00000089
10.5446	-0.00000171
10.5495	-0.00000352
10.5545	-0.00000098
10.5593	-0.00000095
10.5645	-0.00000300
10.5688	0.00000275
10.5734	-0.00000207
10.5790	-0.00000314
10.5837	-0.00000295
10.5880	0.00000020
10.5930	-0.00000271
10.5980	-0.00000555
10.6022	-0.00000146
10.6073	-0.00000291
10.6117	-0.00000472
10.6166	-0.00000528
10.6217	-0.00000257
10.6267	-0.00000689
10.6317	-0.00000453
10.6361	-0.00000176
10.6404	-0.00000451
10.6455	-0.00000588
10.6506	-0.00000683
10.6555	-0.00000097
10.6599	-0.00000762
10.6649	-0.00000350
10.6700	-0.00000490
10.6748	-0.00000453
10.6798	-0.00000527
10.6849	-0.00000749
10.6893	-0.00000237
10.6939	-0.00000482
10.6988	-0.00000075
10.7036	-0.00000535
10.7079	-0.00000539
10.7122	-0.00000570
10.7174	-0.00000273
10.7218	-0.00000282
10.7269	-0.00000132
10.7315	-0.00000368
10.7365	-0.00000056
10.7415	-0.00000338
10.7457	0.00000109
10.7509	0.00000090
10.7553	0.00000217
10.7599	-0.00000237
10.7643	0.00000176
10.7693	-0.00000193
10.7743	-0.00000300
10.7793	-0.00000516
10.7842	-0.00000405
10.7891	-0.00000220
10.7936	-0.00000450
10.7986	-0.00000521
10.8040	-0.00000827
10.8090	-0.00000418
10.8140	-0.00000629
10.8190	-0.00000808
10.8239	-0.00000590
10.8293	-0.00000566
10.8336	-0.00000831
10.8388	-0.00000259
10.8440	-0.00000522
10.8486	-0.00000555
10.8535	-0.00000427
10.8580	-0.00000241
10.8629	-0.00000727
10.8679	-0.00000662
10.8730	-0.00000442
10.8779	-0.00000206
10.8825	-0.00000461
10.8874	-0.00000970
10.8927	-0.00000162
10.8974	-0.00000821
10.9024	-0.00000535
10.9075	-0.00000656
10.9123	-0.00000648
10.9173	-0.00000634
10.9224	-0.00000750
10.9274	-0.00000883
10.9316	-0.00000617
10.9368	-0.00000558
10.9410	-0.00000552
10.9467	-0.00000475
10.9518	-0.00000651
10.9568	-0.00000659
10.9619	-0.00000555
10.9671	-0.00000581
10.9715	-0.00000609
10.9773	-0.00000635
10.9817	-0.00000242
10.9868	-0.00001008
10.9913	-0.00000425
10.9965	-0.00000758
11.0016	-0.00000175
11.0061	-0.00000815
11.0107	-0.00000448
11.0158	-0.00000657
11.0208	-0.00000049
11.0259	-0.00000320
11.0309	-0.00000492
11.0359	-0.00000238
11.0410	-0.00000372
11.0454	-0.00000748
11.0495	-0.00000611
11.0538	-0.00000458
11.0589	-0.00000833
11.0644	-0.00000681
11.0688	-0.00000267
11.0731	-0.00000877
11.0776	-0.00000462
11.0829	-0.00000816
11.0874	-0.00000438
11.0926	-0.00000639
11.0975	-0.00000665
11.1026	-0.00000732
11.1073	-0.00000632
11.1120	-0.00000619
11.1170	-0.00000589
11.1220	-0.00000646
11.1270	-0.00000503
11.1312	-0.00000516
11.1362	-0.00000209
11.1414	-0.00000468
11.1460	-0.00000806
11.1509	-0.00000460
11.1560	-0.00000568
11.1610	-0.00000766
11.1663	-0.00000480
11.1711	-0.00000596
11.1755	-0.00000318
11.1806	-0.00000612
11.1856	-0.00000376
11.1904	-0.00000193
11.1954	-0.00000381
11.2009	0.00000268
11.2056	-0.00000564
11.2107	-0.00000571
11.2156	0.00000231
11.2207	-0.00000122
11.2257	-0.00000362
11.2305	-0.00000072
11.2358	-0.00000451
11.2407	-0.00000732
11.2463	-0.00000220
11.2515	-0.00000506
11.2565	-0.00000464
11.2612	-0.00000120
11.2665	-0.00000756
11.2714	-0.00000160
11.2764	-0.00000543
11.2814	-0.00000360
11.2864	-0.00000690
11.2914	-0.00000380
11.2964	-0.00000312
11.3015	-0.00000304
11.3064	-0.00000141
11.3113	-0.00000228
11.3164	-0.00000397
11.3215	-0.00000747
11.3264	-0.00000240
11.3314	-0.00000377
11.3365	-0.00000458
11.3415	-0.00000093
11.3463	-0.00000357
11.3511	0.00000052
11.3562	-0.00000659
11.3608	-0.00000773
11.3650	-0.00000528
11.3701	-0.00000619
11.3749	-0.00000783
11.3800	-0.00000764
11.3850	-0.00000591
11.3904	-0.00000318
11.3952	-0.00000274
11.4002	-0.00000574
11.4045	-0.00000398
11.4095	-0.00000699
11.4139	-0.00000357
11.4192	-0.00000624
11.4236	-0.00000617
11.4280	-0.00000788
11.4330	-0.00000542
11.4383	-0.00000673
11.4430	-0.00000597
11.4476	-0.00000388
11.4519	-0.00000615
11.4565	-0.00000291
11.4608	-0.00000416
11.4659	-0.00000624
11.4710	-0.00000620
11.4757	-0.00000468
11.4804	-0.00000488
11.4847	-0.00000254
11.4890	-0.00000947
11.4941	-0.00000527
11.4993	-0.00000559
11.5040	-0.00000808
11.5090	-0.00000280
11.5138	-0.00000765
11.5187	-0.00000713
11.5228	-0.00000445
11.5270	-0.00000263
11.5329	-0.00000299
11.5373	-0.00000546
11.5421	-0.00000610
11.5470	-0.00000561
11.5513	-0.00000327
11.5563	0.00000072
11.5612	-0.00000116
11.5666	0.00000175
11.5713	-0.00000291
11.5756	-0.00000090
11.5803	-0.00000299
11.5852	-0.00000287
11.5901	-0.00000372
11.5950	-0.00000359
11.6000	-0.00000364
11.6043	-0.00000594
11.6086	0.00000057
11.6133	-0.00000186
11.6182	-0.00000472
11.6223	-0.00000455
11.6268	-0.00000700
11.6335	-0.00000626
11.6378	-0.00000318
11.6428	-0.00000691
11.6473	-0.00000436
11.6523	-0.00000988
11.6573	-0.00001337
11.6624	-0.00000606
11.6676	-0.00001234
11.6721	-0.00001150
11.6771	-0.00000951
11.6854	-0.00000928
11.6900	-0.00001087
11.6948	-0.00001246
11.7004	-0.00000664
11.7049	-0.00001136
11.7093	-0.00000620
11.7143	-0.00000575
11.7195	-0.00000743
11.7240	-0.00000942
11.7283	-0.00000462
11.7346	-0.00000902
11.7390	-0.00000843
11.7440	-0.00000596
11.7490	-0.00000729
11.7535	-0.00000260
11.7587	-0.00000528
11.7633	-0.00000722
11.7683	-0.00000688
11.7727	-0.00000642
11.7770	-0.00000513
11.7823	-0.00000913
11.7872	-0.00000579
11.7917	-0.00001186
11.7958	-0.00000991
11.8008	-0.00000974
11.8049	-0.00000836
11.8092	-0.00001481
11.8133	-0.00000874
11.8184	-0.00000969
11.8237	-0.00000791
11.8279	-0.00001045
11.8332	-0.00000991
11.8383	-0.00001225
11.8425	-0.00001014
11.8474	-0.00000765
11.8519	-0.00000720
11.8569	-0.00001198
11.8620	-0.00001006
11.8669	-0.00000762
11.8717	-0.00000473
11.8760	-0.00000334
11.8804	-0.00000801
11.8854	-0.00001054
11.8904	-0.00001144
11.8953	-0.00001077
11.8998	-0.00001045
11.9051	-0.00000980
11.9099	-0.00000828
11.9168	-0.00000765
11.9221	-0.00000789
11.9269	-0.00001130
11.9330	-0.00000634
11.9377	-0.00000861
11.9423	-0.00000890
11.9464	-0.00000678
11.9509	-0.00001190
11.9560	-0.00000575
11.9608	-0.00000798
11.9669	-0.00000917
11.9712	-0.00000979
11.9756	-0.00001044
11.9806	-0.00000834
11.9869	-0.00000805
11.9917	-0.00000994
11.9966	-0.00001067
12.0016	-0.00001216
12.0067	-0.00001108
12.0117	-0.00001090
12.0166	-0.00000930
12.0218	-0.00001050
12.0267	-0.00001017
12.0323	-0.00001085
12.0366	-0.00001104
12.0418	-0.00001080
12.0467	-0.00001318
12.0513	-0.00001422
12.0563	-0.00000867
12.0612	-0.00000866
12.0663	-0.00000959
12.0713	-0.00001197
12.0763	-0.00001453
12.0805	-0.00001340
12.0858	-0.00001365
12.0902	-0.00001668
12.0948	-0.00000845
12.0994	-0.00001247
12.1041	-0.00001338
12.1084	-0.00001459
12.1132	-0.00001073
12.1183	-0.00001085
12.1234	-0.00000834
12.1284	-0.00001018
12.1338	-0.00000030
12.1385	0.00000147
12.1436	-0.00000061
12.1485	-0.00000250
12.1532	-0.00000259
12.1584	-0.00000243
12.1632	-0.00000196
12.1685	-0.00000028
12.1734	0.00000019
12.1783	0.00000194
12.1826	0.00000267
12.1877	0.00000235
12.1929	0.00000206
12.1979	0.00000423
12.2027	0.00000407
12.2076	0.00000224
12.2127	0.00000199
12.2176	0.00000128
12.2230	0.00000089
12.2279	0.00000149
12.2325	0.00000236
12.2375	0.00000262
12.2418	0.00000468
12.2470	0.00000324
12.2521	0.00000096
12.2571	0.00000110
12.2620	0.00000023
12.2669	0.00000150
12.2720	0.00000111
12.2770	0.00000161
12.2815	0.00000139
12.2868	0.00000111
12.2914	0.00000251
12.2956	0.00000172
12.3006	0.00000192
12.3050	0.00000159
12.3094	0.00000300
12.3138	0.00000303
12.3191	0.00000081
12.3243	0.00000019
12.3292	0.00000110
12.3336	-0.00000085
12.3380	0.00000058
12.3423	0.00000301
12.3473	0.00000327
12.3521	0.00000480
12.3562	0.00000260
12.3612	0.00000122
12.3662	0.00000005
12.3713	0.00000023
12.3762	0.00000139
12.3812	0.00000189
12.3862	0.00000108
12.3912	0.00000146
12.3962	0.00000261
12.4012	0.00000186
12.4055	0.00000210
12.4098	0.00000074
12.4149	-0.00000018
12.4200	-0.00000038
12.4249	-0.00000257
12.4299	-0.00000189
12.4350	-0.00000006
12.4392	-0.00000050
12.4435	-0.00000033
12.4477	-0.00000034
12.4522	-0.00000036
12.4575	0.00000009
12.4626	0.00000075
12.4677	0.00000151
12.4727	0.00000129
12.4777	0.00000086
12.4827	0.00000084
12.4877	-0.00000032
12.4920	-0.00000084
12.4974	0.00000032
12.5028	0.00000218
12.5076	0.00000134
12.5128	-0.00000097
12.5178	-0.00000206
12.5222	-0.00000296
12.5272	-0.00000192
12.5321	-0.00000199
12.5365	-0.00000200
12.5418	-0.00000105
12.5468	0.00000087
12.5515	0.00000074
12.5560	0.00000055
12.5612	-0.00000127
12.5664	-0.00000106
12.5712	-0.00000094
12.5755	0.00000051
12.5800	-0.00000041
12.5849	-0.00000276
12.5899	-0.00000154
12.5948	-0.00000131
12.5999	-0.00000099
12.6041	0.00000133
12.6088	0.00000082
12.6141	0.00000076
12.6194	0.00000149
12.6247	0.00000061
12.6296	-0.00000012
12.6345	0.00000076
12.6389	0.00000083
12.6434	0.00000092
12.6482	0.00000042
12.6530	0.00000123
12.6574	0.00000224
12.6619	0.00000140
12.6669	0.00000197
12.6718	0.00000316
12.6768	0.00000194
12.6816	0.00000287
12.6869	0.00000154
12.6912	0.00000058
12.6961	0.00000198
12.7007	0.00000021
12.7059	-0.00000051
12.7108	0.00000034
12.7157	0.00000068
12.7208	-0.00000002
12.7256	0.00000087
12.7308	-0.00000024
12.7362	-0.00000001
12.7415	-0.00000014
12.7466	0.00000120
12.7512	0.00000066
12.7563	0.00000105
12.7613	0.00000042
12.7664	0.00000014
12.7714	-0.00000041
12.7758	-0.00000006
12.7809	-0.00000143
12.7858	-0.00000154
12.7905	-0.00000144
12.7955	-0.00000230
12.7998	-0.00000316
12.8049	-0.00000220
12.8098	-0.00000082
12.8149	-0.00000053
12.8200	0.00000045
12.8242	-0.00000001
12.8289	0.00000184
12.8333	0.00000168
12.8384	-0.00000002
12.8434	-0.00000212
12.8484	-0.00000183
12.8535	-0.00000155
12.8580	-0.00000188
12.8631	-0.00000094
12.8682	-0.00000014
12.8731	-0.00000025
12.8779	-0.00000168
12.8830	-0.00000125
12.8874	-0.00000169
12.8925	-0.00000332
12.8975	-0.00000218
12.9024	-0.00000294
12.9074	-0.00000226
12.9124	-0.00000099
12.9166	-0.00000194
12.9208	-0.00000173
12.9256	-0.00000232
12.9307	0.00000000
12.9357	0.00000066
12.9416	0.00000124
12.9462	0.00000150
12.9510	0.00000077
12.9555	-0.00000126
12.9604	-0.00000110
12.9657	-0.00000025
12.9706	0.00000021
12.9757	0.00000205
12.9807	0.00000097
12.9850	0.00000174
12.9898	0.00000092
12.9950	0.00000155
12.9999	0.00000007
13.0051	0.00000057
13.0099	0.00000132
13.0151	0.00000034
13.0198	0.00000111
13.0242	0.00000166
13.0283	0.00000265
13.0333	0.00000484
13.0385	0.00000564
13.0434	0.00000716
13.0478	0.00000699
13.0524	0.00000528
13.0574	0.00000395
13.0625	0.00000291
13.0674	0.00000082
13.0717	0.00000077
13.0760	0.00000090
13.0803	0.00000239
13.0851	0.00000248
13.0902	0.00000310
13.0952	0.00000288
13.1003	0.00000285
13.1054	0.00000206
13.1098	0.00000022
13.1148	-0.00000109
13.1198	-0.00000067
13.1247	-0.00000022
13.1298	-0.00000156
13.1346	-0.00000375
13.1396	-0.00000344
13.1445	-0.00000248
13.1493	-0.00000108
13.1539	0.00000141
13.1588	0.00000098
13.1636	0.00000158
13.1687	0.00000223
13.1731	0.00000248
13.1775	0.00000165
13.1826	0.00000091
13.1876	0.00000096
13.1929	0.00000070
13.1976	0.00000039
13.2020	0.00000156
13.2073	0.00000034
13.2123	0.00000120
13.2172	-0.00000006
13.2216	0.00000011
13.2263	0.00000074
13.2314	0.00000084
13.2364	0.00000256
13.2415	0.00000189
13.2465	0.00000058
13.2514	-0.00000067
13.2558	-0.00000057
13.2604	-0.00000108
13.2648	0.00000090
13.2692	0.00000124
13.2735	0.00000050
13.2784	0.00000228
13.2834	0.00000336
13.2876	0.00000313
13.2922	0.00000030
13.2973	0.00000051
13.3022	-0.00000119
13.3072	-0.00000032
13.3124	0.00000044
13.3171	-0.00000038
13.3221	0.00000055
13.3275	0.00000164
13.3324	-0.00000077
13.3375	-0.00000277
13.3420	-0.00000364
13.3469	-0.00000308
13.3514	-0.00000330
13.3556	-0.00000131
13.3600	-0.00000175
13.3645	-0.00000088
13.3686	0.00000033
13.3732	0.00000068
13.3786	-0.00000045
13.3834	0.00000057
13.3876	0.00000116
13.3920	0.00000049
13.3970	-0.00000113
13.4013	-0.00000088
13.4064	-0.00000130
13.4113	-0.00000082
13.4162	0.00000144
13.4213	0.00000102
13.4262	0.00000082
13.4313	0.00000079
13.4357	0.00000098
13.4400	0.00000240
13.4448	0.00000109
13.4492	0.00000121
13.4542	0.00000261
13.4594	0.00000167
13.4638	0.00000262
13.4681	0.00000163
13.4730	0.00000135
13.4775	0.00000032
13.4826	0.00000046
13.4876	0.00000034
13.4926	0.00000153
13.4979	0.00000199
13.5029	0.00000266
13.5075	0.00000322
13.5126	0.00000263
13.5175	0.00000328
13.5226	0.00000315
13.5273	0.00000300
13.5325	0.00000208
13.5369	0.00000192
13.5419	0.00000148
13.5467	0.00000117
13.5517	-0.00000059
13.5561	0.00000030
13.5605	0.00000146
13.5657	0.00000141
13.5708	0.00000198
13.5758	0.00000318
13.5802	0.00000200
13.5849	0.00000184
13.5899	0.00000119
13.5949	0.00000021
13.5999	0.00000192
13.6049	0.00000187
13.6093	0.00000143
13.6139	0.00000218
13.6190	0.00000230
13.6233	0.00000173
13.6281	0.00000299
13.6331	0.00000296
13.6382	0.00000159
13.6428	0.00000037
13.6477	0.00000246
13.6523	0.00000289
13.6565	0.00000173
13.6613	-0.00000018
13.6656	0.00000001
13.6707	0.00000042
13.6756	-0.00000050
13.6807	-0.00000025
13.6857	-0.00000072
13.6908	-0.00000246
13.6956	-0.00000205
13.7001	-0.00000217
13.7052	-0.00000217
13.7096	-0.00000266
13.7148	-0.00000166
13.7196	-0.00000059
13.7242	-0.00000032
13.7294	-0.00000036
13.7344	0.00000042
13.7394	-0.00000098
13.7442	0.00000006
13.7486	0.00000094
13.7530	0.00000190
13.7579	0.00000115
13.7629	0.00000113
13.7679	0.00000257
13.7729	0.00000184
13.7779	0.00000303
13.7828	0.00000281
13.7879	0.00000134
13.7928	0.00000099
13.7969	0.00000194
13.8019	-0.00000037
13.8069	-0.00000022
13.8118	-0.00000161
13.8168	-0.00000154
13.8218	-0.00000144
13.8268	-0.00000023
13.8318	-0.00000057
13.8369	-0.00000058
13.8410	-0.00000117
13.8461	-0.00000131
13.8513	-0.00000138
13.8559	-0.00000182
13.8607	-0.00000030
13.8657	0.00000148
13.8708	0.00000266
13.8756	0.00000167
13.8807	-0.00000002
13.8856	0.00000071
13.8899	0.00000104
13.8949	0.00000067
13.8991	0.00000309
13.9041	0.00000088
13.9084	0.00000054
13.9139	-0.00000005
13.9187	-0.00000116
13.9240	0.00000042
13.9288	0.00000336
13.9338	0.00000339
13.9389	0.00000264
13.9438	0.00000245
13.9489	0.00000181
13.9538	0.00000127
13.9588	0.00000079
13.9637	-0.00000137
13.9686	-0.00000144
13.9738	-0.00000237
13.9787	-0.00000090
13.9840	0.00000141
13.9887	0.00000054
13.9934	0.00000027
13.9978	0.00000042
14.0028	0.00000061
14.0080	0.00000044
14.0130	0.00000145
14.0181	0.00000209
14.0233	0.00000031
14.0282	0.00000019
14.0332	-0.00000038
14.0384	0.00000028
14.0432	-0.00000033
14.0484	-0.00000027
14.0528	-0.00000146
14.0571	-0.00000086
14.0622	-0.00000039
14.0669	-0.00000136
14.0720	-0.00000225
14.0769	-0.00000166
14.0820	-0.00000126
14.0870	-0.00000206
14.0921	-0.00000328
14.0970	-0.00000356
14.1025	-0.00000411
14.1070	-0.00000187
14.1118	-0.00000184
14.1160	-0.00000225
14.1211	0.00000021
14.1260	0.00000122
14.1311	0.00000038
14.1358	0.00000050
14.1402	0.00000081
14.1452	0.00000084
14.1499	0.00000053
14.1541	-0.00000031
14.1592	0.00000032
14.1641	0.00000044
14.1692	-0.00000141
14.1741	-0.00000181
14.1791	-0.00000234
14.1834	-0.00000338
14.1875	-0.00000324
14.1924	-0.00000096
14.1976	-0.00000132
14.2023	-0.00000096
14.2067	-0.00000159
14.2116	-0.00000235
14.2166	-0.00000254
14.2207	-0.00000255
14.2250	-0.00000132
14.2292	-0.00000046
14.2342	0.00000002
14.2393	0.00000004
14.2435	0.00000059
14.2485	0.00000037
14.2530	-0.00000070
14.2573	-0.00000090
14.2617	-0.00000063
14.2667	0.00000047
14.2717	-0.00000085
14.2760	-0.00000097
14.2812	-0.00000268
14.2863	-0.00000144
14.2913	-0.00000163
14.2962	-0.00000158
14.3014	-0.00000126
14.3061	-0.00000038
14.3110	0.00000029
14.3161	0.00000009
14.3211	-0.00000060
14.3263	-0.00000034
14.3305	0.00000007
14.3356	0.00000039
14.3400	0.00000072
14.3450	0.00000217
14.3501	-0.00000048
14.3548	0.00000111
14.3590	-0.00000016
14.3640	-0.00000139
14.3690	-0.00000331
14.3733	-0.00000182
14.3783	-0.00000267
14.3829	-0.00000153
14.3878	-0.00000157
14.3928	-0.00000097
14.3989	-0.00000058
14.4037	-0.00000135
14.4080	-0.00000255
14.4129	-0.00000153
14.4175	-0.00000095
14.4227	-0.00000108
14.4276	-0.00000008
14.4326	-0.00000015
14.4376	-0.00000046
14.4426	-0.00000214
14.4475	-0.00000006
14.4525	0.00000089
14.4572	-0.00000013
14.4622	0.00000177
14.4672	0.00000106
14.4722	0.00000068
14.4772	-0.00000079
14.4818	-0.00000104
14.4869	-0.00000079
14.4914	-0.00000141
14.4966	-0.00000028
14.5014	0.00000096
14.5064	-0.00000161
14.5112	-0.00000146
14.5157	0.00000047
14.5209	0.00000015
14.5255	0.00000014
14.5307	-0.00000036
14.5358	0.00000021
14.5400	0.00000094
14.5450	0.00000097
14.5499	0.00000137
14.5556	0.00000067
14.5603	-0.00000032
14.5656	-0.00000024
14.5706	-0.00000071
14.5755	-0.00000124
14.5804	-0.00000185
14.5856	-0.00000221
14.5905	-0.00000124
14.5956	-0.00000026
14.6001	0.00000090
14.6048	0.00000036
14.6092	-0.00000043
14.6145	-0.00000099
14.6196	-0.00000150
14.6247	-0.00000105
14.6297	-0.00000007
14.6340	0.00000073
14.6392	0.00000157
14.6441	0.00000267
14.6488	0.00000232
14.6546	0.00000209
14.6594	0.00000202
14.6639	0.00000222
14.6690	0.00000121
14.6742	0.00000143
14.6792	-0.00000093
14.6841	-0.00000065
14.6886	0.00000026
14.6938	0.00000188
14.6987	0.00000203
14.7038	0.00000103
14.7081	-0.00000107
14.7130	0.00000008
14.7180	0.00000097
14.7229	0.00000065
14.7273	0.00000095
14.7316	0.00000239
14.7362	0.00000327
14.7406	0.00000384
14.7452	0.00000293
14.7496	0.00000325
14.7545	0.00000171
14.7598	-0.00000014
14.7644	-0.00000038
14.7694	-0.00000028
14.7739	0.00000090
14.7790	0.00000144
14.7834	0.00000146
14.7879	0.00000022
14.7929	-0.00000026
14.7972	0.00000086
14.8016	0.00000077
14.8071	0.00000139
14.8115	0.00000070
14.8159	-0.00000011
14.8202	0.00000153
14.8245	0.00000084
14.8297	0.00000089
14.8349	0.00000142
14.8402	0.00000088
14.8451	0.00000092
14.8501	0.00000088
14.8547	0.00000211
14.8596	0.00000114
14.8646	-0.00000033
14.8697	-0.00000077
14.8748	-0.00000067
14.8799	-0.00000031
14.8842	-0.00000040
14.8895	-0.00000213
14.8944	-0.00000184
14.8995	0.00000008
14.9042	0.00000031
14.9093	0.00000136
14.9144	0.00000068
14.9193	-0.00000005
14.9242	-0.00000029
14.9285	0.00000064
14.9327	-0.00000015
14.9377	0.00000332
14.9423	0.00000209
14.9474	0.00000111
14.9526	0.00000103
14.9575	0.00000195
14.9623	0.00000175
14.9673	0.00000199
14.9723	0.00000194
14.9773	0.00000148
14.9822	0.00000049
14.9872	-0.00000018
14.9922	0.00000150
14.9972	-0.00000086
15.0015	0.00000040
15.0069	0.00000106
15.0119	-0.00000043
15.0161	0.00000005
15.0210	-0.00000016
15.0260	-0.00000012
15.0310	0.00000082
15.0352	0.00000113
15.0396	0.00000057
15.0437	0.00000130
15.0487	0.00000011
15.0536	-0.00000171
15.0583	-0.00000170
15.0631	-0.00000265
15.0680	-0.00000184
15.0723	-0.00000261
15.0774	-0.00000198
15.0818	-0.00000342
15.0863	-0.00000342
15.0914	-0.00000290
15.0960	-0.00000234
15.1010	-0.00000233
15.1060	-0.00000308
15.1112	-0.00000123
15.1158	-0.00000035
15.1204	-0.00000150
15.1248	0.00000039
15.1295	0.00000005
15.1344	-0.00000185
15.1395	-0.00000095
15.1447	-0.00000104
15.1496	-0.00000148
15.1552	-0.00000086
15.1603	-0.00000001
15.1654	-0.00000004
15.1704	0.00000095
15.1752	0.00000132
15.1806	0.00000289
15.1854	0.00000205
15.1903	0.00000240
15.1952	0.00000179
15.1997	0.00000289
15.2048	0.00000157
15.2095	-0.00000059
15.2140	0.00000198
15.2193	0.00000106
15.2243	-0.00000010
15.2293	0.00000260
15.2342	-0.00000029
15.2393	0.00000024
15.2435	-0.00000143
15.2485	0.00000083
15.2533	-0.00000093
15.2576	0.00000078
15.2620	0.00000042
15.2669	0.00000031
15.2721	0.00000080
15.2772	0.00000248
15.2815	0.00000128
15.2865	0.00000087
15.2917	0.00000267
15.2966	0.00000183
15.3015	0.00000223
15.3066	0.00000147
15.3117	-0.00000014
15.3168	-0.00000133
15.3209	0.00000028
15.3253	-0.00000125
15.3304	-0.00000109
15.3354	-0.00000162
15.3397	-0.00000186
15.3442	-0.00000138
15.3494	0.00000026
15.3544	-0.00000048
15.3592	-0.00000053
15.3644	-0.00000049
15.3692	-0.00000134
15.3744	0.00000053
15.3794	-0.00000091
15.3844	-0.00000081
15.3894	0.00000071
15.3943	0.00000111
15.3993	-0.00000075
15.4044	-0.00000142
15.4093	-0.00000077
15.4137	-0.00000047
15.4180	-0.00000040
15.4231	0.00000017
15.4280	-0.00000151
15.4323	-0.00000055
15.4371	-0.00000116
15.4414	-0.00000028
15.4464	0.00000053
15.4514	0.00000090
15.4560	0.00000162
15.4611	0.00000037
15.4663	0.00000064
15.4711	0.00000170
15.4753	0.00000060
15.4805	-0.00000019
15.4859	-0.00000023
15.4909	-0.00000039
15.4960	-0.00000053
15.5009	0.00000046
15.5059	-0.00000019
15.5108	-0.00000017
15.5158	0.00000041
15.5209	0.00000065
15.5251	-0.00000049
15.5306	-0.00000151
15.5355	-0.00000152
15.5412	0.00000120
15.5459	0.00000012
15.5511	0.00000177
15.5554	0.00000167
15.5604	0.00000206
15.5657	0.00000318
15.5703	0.00000288
15.5750	0.00000274
15.5793	0.00000217
15.5841	0.00000152
15.5887	0.00000023
15.5937	0.00000012
15.5981	-0.00000170
15.6032	-0.00000074
15.6084	-0.00000004
15.6133	-0.00000025
15.6177	-0.00000173
15.6229	-0.00000016
15.6279	-0.00000169
15.6329	-0.00000052
15.6378	-0.00000108
15.6421	-0.00000009
15.6471	0.00000059
15.6515	0.00000146
15.6569	0.00000127
15.6614	0.00000113
15.6658	0.00000219
15.6709	0.00000321
15.6758	0.00000287
15.6808	0.00000349
15.6859	0.00000311
15.6903	0.00000158
15.6950	0.00000101
15.6999	0.00000007
15.7044	-0.00000104
15.7092	-0.00000208
15.7144	-0.00000339
15.7193	-0.00000272
15.7243	-0.00000179
15.7293	-0.00000113
15.7338	-0.00000175
15.7386	-0.00000102
15.7438	-0.00000228
15.7489	-0.00000090
15.7537	-0.00000144
15.7582	-0.00000415
15.7634	-0.00000577
15.7682	-0.00000546
15.7734	-0.00000418
15.7784	-0.00000499
15.7833	-0.00000274
15.7884	-0.00000185
15.7934	-0.00000240
15.7985	-0.00000417
15.8034	-0.00000304
15.8082	-0.00000240
15.8134	-0.00000180
15.8184	-0.00000196
15.8234	-0.00000255
15.8284	-0.00000270
15.8334	-0.00000251
15.8383	-0.00000225
15.8435	-0.00000343
15.8487	-0.00000130
15.8536	-0.00000213
15.8579	0.00000062
15.8629	-0.00000122
15.8678	-0.00000165
15.8729	-0.00000332
15.8778	-0.00000307
15.8828	-0.00000281
15.8878	-0.00000323
15.8927	-0.00000197
15.8978	-0.00000178
15.9028	-0.00000163
15.9078	0.00000065
15.9128	0.00000018
15.9184	-0.00000022
15.9227	0.00000100
15.9276	0.00000097
15.9321	0.00000017
15.9372	0.00000025
15.9413	0.00000137
15.9459	-0.00000092
15.9502	0.00000083
15.9552	0.00000235
15.9601	0.00000221
15.9651	0.00000307
15.9693	0.00000356
15.9736	0.00000215
15.9789	0.00000269
15.9834	0.00000137
15.9886	0.00000081
15.9936	0.00000063
15.9986	-0.00000078
16.0036	0.00000010
16.0086	0.00000127
16.0136	0.00000094
16.0187	0.00000224
16.0234	0.00000130
16.0283	0.00000130
16.0333	0.00000265
16.0377	0.00000241
16.0422	0.00000207
16.0475	0.00000281
16.0523	0.00000176
16.0570	0.00000219
16.0622	0.00000289
16.0672	0.00000312
16.0717	0.00000313
16.0770	0.00000139
16.0815	-0.00000039
16.0864	-0.00000201
16.0915	-0.00000144
16.0959	-0.00000019
16.1003	-0.00000172
16.1052	-0.00000304
16.1103	-0.00000127
16.1152	0.00000007
16.1201	-0.00000066
16.1251	0.00000120
16.1301	0.00000094
16.1351	0.00000214
16.1402	0.00000394
16.1454	0.00000205
16.1501	0.00000002
16.1551	-0.00000020
16.1600	0.00000084
16.1650	0.00000109
16.1700	0.00000234
16.1749	0.00000113
16.1793	0.00000124
16.1836	0.00000128
16.1883	0.00000023
16.1932	0.00000069
16.1982	0.00000183
16.2032	0.00000086
16.2074	-0.00000037
16.2116	-0.00000092
16.2160	-0.00000020
16.2212	-0.00000058
16.2255	-0.00000070
16.2306	-0.00000183
16.2356	-0.00000126
16.2403	-0.00000147
16.2453	-0.00000039
16.2501	-0.00000024
16.2552	-0.00000204
16.2594	-0.00000161
16.2646	-0.00000275
16.2701	-0.00000031
16.2755	-0.00000021
16.2810	-0.00000143
16.2855	-0.00000043
16.2904	0.00000042
16.2953	0.00000049
16.3002	0.00000128
16.3054	0.00000072
16.3101	0.00000002
16.3156	0.00000051
16.3205	0.00000136
16.3253	0.00000026
16.3305	0.00000012
16.3347	-0.00000097
16.3396	-0.00000142
16.3447	-0.00000189
16.3497	-0.00000127
16.3547	-0.00000075
16.3594	0.00000026
16.3644	0.00000143
16.3689	0.00000232
16.3741	0.00000147
16.3786	0.00000014
16.3838	0.00000034
16.3887	0.00000107
16.3938	0.00000061
16.3988	0.00000024
16.4038	0.00000056
16.4089	0.00000099
16.4140	0.00000272
16.4191	0.00000142
16.4241	0.00000215
16.4292	0.00000028
16.4335	-0.00000081
16.4384	-0.00000160
16.4432	-0.00000246
16.4484	-0.00000172
16.4535	-0.00000210
16.4585	-0.00000136
16.4630	-0.00000072
16.4680	-0.00000064
16.4730	-0.00000046
16.4779	0.00000039
16.4830	0.00000003
16.4874	-0.00000010
16.4919	-0.00000086
16.4970	-0.00000031
16.5015	-0.00000034
16.5064	-0.00000038
16.5114	-0.00000080
16.5159	-0.00000033
16.5203	0.00000035
16.5246	-0.00000028
16.5297	0.00000043
16.5343	0.00000038
16.5393	0.00000016
16.5443	0.00000118
16.5494	0.00000088
16.5544	0.00000126
16.5590	0.00000181
16.5642	0.00000113
16.5687	0.00000094
16.5738	-0.00000011
16.5789	0.00000077
16.5840	0.00000178
16.5889	0.00000142
16.5936	0.00000114
16.5982	0.00000154
16.6029	0.00000153
16.6078	0.00000044
16.6122	0.00000013
16.6174	0.00000069
16.6222	-0.00000016
16.6274	0.00000024
16.6322	0.00000125
16.6372	0.00000123
16.6419	0.00000111
16.6463	0.00000125
16.6516	0.00000102
16.6566	0.00000123
16.6615	0.00000229
16.6665	0.00000062
16.6713	0.00000024
16.6764	0.00000104
16.6814	0.00000312
16.6864	0.00000327
16.6914	0.00000426
16.6959	0.00000311
16.7003	-0.00000006
16.7048	-0.00000024
16.7099	0.00000024
16.7151	-0.00000044
16.7204	0.00000009
16.7250	-0.00000111
16.7300	-0.00000020
16.7355	-0.00000029
16.7403	0.00000313
16.7454	0.00000270
16.7506	0.00000563
16.7554	0.00000335
16.7602	0.00000370
16.7647	0.00000367
16.7690	0.00000380
16.7741	0.00000370
16.7793	0.00000429
16.7845	0.00000447
16.7893	0.00000273
16.7935	0.00000344
16.7978	0.00000040
16.8023	0.00000069
16.8073	-0.00000000
16.8116	0.00000093
16.8162	0.00000052
16.8213	0.00000029
16.8264	-0.00000014
16.8314	0.00000205
16.8363	0.00000182
16.8406	-0.00000012
16.8459	-0.00000025
16.8510	0.00000132
16.8559	0.00000038
16.8604	0.00000171
16.8655	0.00000176
16.8705	0.00000244
16.8753	0.00000126
16.8801	0.00000232
16.8849	0.00000229
16.8898	0.00000291
16.8941	0.00000332
16.8984	0.00000238
16.9033	0.00000300
16.9082	0.00000120
16.9126	0.00000213
16.9171	0.00000015
16.9222	-0.00000061
16.9273	0.00000083
16.9322	0.00000123
16.9368	0.00000363
16.9417	0.00000401
16.9461	0.00000253
16.9512	0.00000002
16.9561	-0.00000086
16.9607	-0.00000052
16.9649	-0.00000096
16.9698	-0.00000191
16.9748	-0.00000304
16.9795	-0.00000329
16.9840	-0.00000389
16.9892	-0.00000286
16.9942	-0.00000133
16.9985	-0.00000184
17.0037	-0.00000224
17.0085	-0.00000240
17.0129	-0.00000090
17.0174	-0.00000051
17.0225	-0.00000142
17.0271	0.00000022
17.0322	-0.00000149
17.0371	-0.00000131
17.0421	-0.00000161
17.0476	-0.00000208
17.0523	-0.00000256
17.0572	-0.00000213
17.0617	-0.00000243
17.0667	-0.00000228
17.0716	-0.00000151
17.0767	0.00000020
17.0816	-0.00000140
17.0867	-0.00000220
17.0918	-0.00000063
17.0964	-0.00000058
17.1008	-0.00000005
17.1059	0.00000129
17.1109	-0.00000075
17.1159	-0.00000145
17.1209	-0.00000097
17.1259	-0.00000105
17.1310	0.00000004
17.1353	-0.00000014
17.1408	0.00000157
17.1456	-0.00000052
17.1507	-0.00000160
17.1557	-0.00000038
17.1613	0.00000000
17.1658	0.00000117
17.1709	0.00000057
17.1757	0.00000015
17.1801	0.00000123
17.1846	0.00000123
17.1897	0.00000035
17.1948	0.00000030
17.1998	0.00000113
17.2048	0.00000150
17.2098	-0.00000017
17.2147	-0.00000193
17.2197	0.00000016
17.2247	0.00000079
17.2299	-0.00000024
17.2350	-0.00000024
17.2398	0.00000202
17.2440	0.00000249
17.2485	0.00000168
17.2534	0.00000165
17.2582	0.00000185
17.2630	0.00000097
17.2678	0.00000012
17.2722	0.00000101
17.2772	-0.00000037
17.2816	0.00000067
17.2868	0.00000017
17.2916	-0.00000102
17.2969	-0.00000076
17.3017	-0.00000286
17.3062	-0.00000270
17.3113	-0.00000352
17.3162	-0.00000313
17.3211	-0.00000286
17.3261	-0.00000199
17.3310	-0.00000282
17.3361	-0.00000058
17.3401	-0.00000201
17.3451	-0.00000175
17.3500	-0.00000047
17.3547	-0.00000082
17.3593	-0.00000035
17.3642	0.00000044
17.3692	0.00000033
17.3741	0.00000290
17.3787	0.00000204
17.3840	0.00000360
17.3885	0.00000334
17.3936	0.00000270
17.3985	0.00000265
17.4036	0.00000209
17.4084	0.00000273
17.4126	0.00000112
17.4169	0.00000243
17.4217	0.00000439
17.4268	0.00000282
17.4314	0.00000390
17.4365	0.00000085
17.4418	0.00000119
17.4469	0.00000109
17.4520	0.00000293
17.4569	0.00000357
17.4614	0.00000278
17.4666	0.00000355
17.4711	0.00000203
17.4762	0.00000056
17.4807	-0.00000108
17.4857	-0.00000094
17.4905	-0.00000028
17.4958	-0.00000178
17.5006	-0.00000276
17.5052	-0.00000230
17.5104	-0.00000143
17.5154	-0.00000107
17.5203	-0.00000090
17.5252	-0.00000013
17.5304	0.00000057
17.5350	-0.00000045
17.5399	-0.00000094
17.5454	-0.00000232
17.5504	-0.00000184
17.5555	-0.00000148
17.5605	-0.00000042
17.5651	-0.00000177
17.5703	-0.00000157
17.5752	-0.00000157
17.5796	-0.00000172
17.5846	-0.00000221
17.5896	-0.00000212
17.5945	-0.00000195
17.5996	-0.00000095
17.6046	-0.00000248
17.6096	-0.00000027
17.6148	-0.00000143
17.6200	-0.00000287
17.6248	-0.00000266
17.6292	-0.00000232
17.6341	-0.00000140
17.6386	-0.00000074
17.6432	-0.00000186
17.6487	-0.00000188
17.6536	0.00000108
17.6586	-0.00000040
17.6631	-0.00000221
17.6676	-0.00000158
17.6726	-0.00000236
17.6775	-0.00000248
17.6826	-0.00000190
17.6874	-0.00000068
17.6924	0.00000026
17.6976	-0.00000133
17.7025	-0.00000001
17.7076	-0.00000002
17.7127	-0.00000186
17.7177	0.00000087
17.7226	0.00000001
17.7276	-0.00000172
17.7327	0.00000069
17.7380	0.00000022
17.7430	0.00000070
17.7476	0.00000203
17.7520	0.00000109
17.7562	0.00000178
17.7605	0.00000044
17.7647	-0.00000156
17.7699	-0.00000029
17.7747	-0.00000027
17.7797	-0.00000151
17.7844	-0.00000159
17.7889	-0.00000135
17.7940	-0.00000050
17.7991	-0.00000148
17.8043	-0.00000193
17.8092	-0.00000087
17.8143	-0.00000027
17.8195	-0.00000020
17.8243	-0.00000107
17.8288	-0.00000084
17.8333	-0.00000235
17.8378	-0.00000261
17.8430	-0.00000221
17.8479	-0.00000235
17.8530	-0.00000171
17.8579	0.00000009
17.8631	-0.00000055
17.8685	-0.00000039
17.8734	-0.00000054
17.8784	-0.00000098
17.8838	-0.00000158
17.8884	-0.00000187
17.8933	-0.00000018
17.8983	0.00000034
17.9033	0.00000080
17.9076	-0.00000121
17.9118	-0.00000006
17.9170	0.00000188
17.9219	0.00000160
17.9272	0.00000208
17.9317	0.00000274
17.9367	0.00000300
17.9415	0.00000176
17.9466	0.00000151
17.9517	0.00000040
17.9567	-0.00000064
17.9611	-0.00000166
17.9656	-0.00000245
17.9708	-0.00000178
17.9757	-0.00000091
17.9802	-0.00000224
17.9853	-0.00000088
17.9898	0.00000050
17.9946	0.00000065
17.9998	0.00000094
18.0051	0.00000193
18.0101	0.00000143
18.0151	0.00000269
18.0194	0.00000112
18.0242	0.00000090
18.0287	0.00000071
18.0338	0.00000128
18.0389	0.00000098
18.0439	0.00000175
18.0492	-0.00000047
18.0539	0.00000133
18.0590	0.00000159
18.0640	0.00000184
18.0690	0.00000232
18.0741	0.00000261
18.0796	0.00000344
18.0845	0.00000297
18.0896	0.00000375
18.0940	0.00000241
18.0990	0.00000235
18.1039	0.00000118
18.1090	0.00000260
18.1139	-0.00000050
18.1189	0.00000056
18.1239	0.00000167
18.1282	-0.00000124
18.1332	-0.00000159
18.1385	-0.00000096
18.1436	-0.00000031
18.1486	-0.00000019
18.1531	0.00000169
18.1582	0.00000210
18.1631	0.00000287
18.1677	0.00000023
18.1719	0.00000070
18.1769	0.00000018
18.1819	0.00000002
18.1869	-0.00000057
18.1919	-0.00000005
18.1969	0.00000050
18.2019	-0.00000014
18.2061	-0.00000131
18.2105	-0.00000246
18.2158	-0.00000064
18.2204	-0.00000001
18.2255	0.00000007
18.2305	-0.00000083
18.2354	0.00000043
18.2404	-0.00000013
18.2456	0.00000100
18.2506	0.00000028
18.2552	0.00000011
18.2601	-0.00000061
18.2643	-0.00000116
18.2689	0.00000045
18.2740	0.00000040
18.2788	0.00000086
18.2835	-0.00000014
18.2887	0.00000065
18.2934	0.00000146
18.2989	0.00000247
18.3038	0.00000161
18.3087	0.00000196
18.3130	0.00000273
18.3181	0.00000254
18.3230	0.00000492
18.3280	0.00000354
18.3331	0.00000406
18.3384	0.00000314
18.3433	0.00000224
18.3481	0.00000104
18.3535	0.00000137
18.3585	0.00000107
18.3633	0.00000272
18.3678	0.00000279
18.3724	0.00000133
18.3776	0.00000180
18.3823	0.00000111
18.3875	0.00000215
18.3929	0.00000345
18.3980	0.00000250
18.4034	0.00000300
18.4076	0.00000349
18.4121	0.00000280
18.4172	0.00000083
18.4223	-0.00000026
18.4272	0.00000068
18.4315	0.00000142
18.4359	0.00000052
18.4410	0.00000088
18.4455	0.00000031
18.4500	0.00000008
18.4557	0.00000084
18.4607	0.00000116
18.4660	-0.00000002
18.4704	-0.00000034
18.4752	0.00000007
18.4803	-0.00000024
18.4848	0.00000020
18.4895	-0.00000068
18.4947	-0.00000191
18.4998	-0.00000178
18.5047	-0.00000081
18.5098	-0.00000194
18.5148	-0.00000073
18.5199	-0.00000118
18.5249	-0.00000009
18.5302	-0.00000086
18.5354	-0.00000148
18.5403	-0.00000102
18.5447	-0.00000151
18.5500	-0.00000029
18.5548	0.00000052
18.5599	-0.00000065
18.5648	0.00000144
18.5702	0.00000190
18.5749	0.00000265
18.5799	0.00000178
18.5845	0.00000038
18.5899	0.00000276
18.5947	0.00000246
18.5991	0.00000168
18.6039	0.00000235
18.6084	0.00000247
18.6134	0.00000240
18.6185	0.00000154
18.6234	0.00000179
18.6278	0.00000082
18.6327	0.00000075
18.6377	0.00000100
18.6427	0.00000082
18.6479	0.00000129
18.6530	-0.00000005
18.6580	-0.00000056
18.6632	-0.00000044
18.6675	-0.00000046
18.6718	-0.00000046
18.6768	0.00000045
18.6818	0.00000248
18.6861	0.00000176
18.6912	0.00000054
18.6963	-0.00000020
18.7017	-0.00000001
18.7065	-0.00000033
18.7117	-0.00000088
18.7167	-0.00000080
18.7216	-0.00000088
18.7270	-0.00000044
18.7320	0.00000050
18.7368	0.00000016
18.7419	-0.00000018
18.7462	0.00000118
18.7515	0.00000047
18.7566	0.00000009
18.7616	0.00000039
18.7666	0.00000048
18.7714	0.00000286
18.7765	0.00000286
18.7809	0.00000204
18.7859	0.00000006
18.7908	0.00000002
18.7959	0.00000076
18.8010	-0.00000055
18.8057	0.00000225
18.8106	0.00000210
18.8154	-0.00000086
18.8203	-0.00000230
18.8252	-0.00000318
18.8307	-0.00000255
18.8355	-0.00000156
18.8403	-0.00000169
18.8455	-0.00000276
18.8507	-0.00000218
18.8557	-0.00000289
18.8601	-0.00000269
18.8645	-0.00000090
18.8699	0.00000040
18.8744	-0.00000103
18.8791	0.00000109
18.8834	0.00000122
18.8883	-0.00000063
18.8933	-0.00000022
18.8986	-0.00000037
18.9034	-0.00000164
18.9087	-0.00000070
18.9132	-0.00000097
18.9183	-0.00000244
18.9231	-0.00000264
18.9276	-0.00000164
18.9320	-0.00000188
18.9371	-0.00000386
18.9425	-0.00000276
18.9476	-0.00000284
18.9526	-0.00000249
18.9579	-0.00000162
18.9628	-0.00000051
18.9673	-0.00000046
18.9724	0.00000084
18.9773	0.00000198
18.9819	0.00000273
18.9873	0.00000338
18.9922	0.00000407
18.9973	0.00000293
19.0019	0.00000182
19.0068	0.00000068
19.0119	0.00000030
19.0163	-0.00000009
19.0213	-0.00000048
19.0262	-0.00000099
19.0314	0.00000098
19.0364	0.00000133
19.0412	0.00000082
19.0464	0.00000105
19.0515	0.00000218
19.0560	0.00000147
19.0612	0.00000158
19.0658	0.00000236
19.0701	0.00000199
19.0747	0.00000252
19.0799	0.00000321
19.0848	0.00000322
19.0892	0.00000442
19.0937	0.00000270
19.0988	0.00000217
19.1039	0.00000223
19.1089	0.00000150
19.1140	0.00000431
19.1193	0.00000250
19.1242	0.00000182
19.1294	0.00000208
19.1340	0.00000101
19.1391	0.00000066
19.1441	-0.00000055
19.1490	0.00000047
19.1540	0.00000062
19.1591	-0.00000019
19.1642	0.00000045
19.1692	-0.00000071
19.1738	-0.00000076
19.1787	-0.00000101
19.1831	-0.00000132
19.1875	-0.00000295
19.1926	-0.00000178
19.1970	-0.00000352
19.2022	-0.00000258
19.2074	0.00000034
19.2128	0.00000122
19.2178	0.00000056
19.2224	0.00000182
19.2276	0.00000013
19.2325	-0.00000013
19.2373	0.00000004
19.2423	-0.00000051
19.2472	0.00000058
19.2522	0.00000050
19.2574	-0.00000095
19.2620	-0.00000167
19.2675	-0.00000102
19.2724	-0.00000050
19.2772	0.00000133
19.2818	-0.00000042
19.2864	-0.00000104
19.2915	-0.00000181
19.2958	-0.00000051
19.3009	-0.00000056
19.3058	-0.00000161
19.3110	-0.00000105
19.3160	-0.00000006
19.3205	0.00000071
19.3253	0.00000173
19.3302	0.00000095
19.3354	0.00000232
19.3404	0.00000279
19.3455	0.00000327
19.3504	0.00000380
19.3553	0.00000276
19.3603	0.00000307
19.3652	0.00000316
19.3702	0.00000182
19.3753	0.00000137
19.3804	0.00000066
19.3853	0.00000123
19.3896	0.00000026
19.3939	-0.00000035
19.3987	0.00000022
19.4033	-0.00000195
19.4083	-0.00000243
19.4133	-0.00000035
19.4184	-0.00000073
19.4227	-0.00000070
19.4279	-0.00000043
19.4327	-0.00000077
19.4371	0.00000051
19.4421	0.00000078
19.4476	0.00000079
19.4523	0.00000016
19.4575	0.00000044
19.4619	0.00000092
19.4663	0.00000095
19.4723	0.00000025
19.4772	0.00000105
19.4823	0.00000221
19.4876	0.00000248
19.4932	0.00000220
19.4976	0.00000184
19.5021	0.00000138
19.5072	0.00000266
19.5125	0.00000216
19.5175	0.00000144
19.5229	0.00000164
19.5279	0.00000074
19.5328	-0.00000166
19.5378	-0.00000108
19.5429	0.00000033
19.5479	0.00000183
19.5530	0.00000115
19.5579	0.00000082
19.5623	0.00000054
19.5673	-0.00000080
19.5725	0.00000009
19.5773	0.00000125
19.5823	-0.00000027
19.5871	0.00000018
19.5922	-0.00000146
19.5975	-0.00000184
19.6024	-0.00000014
19.6072	0.00000048
19.6116	0.00000019
19.6164	0.00000151
19.6215	0.00000223
19.6265	-0.00000090
19.6314	-0.00000137
19.6365	-0.00000078
19.6414	0.00000011
19.6466	0.00000039
19.6516	-0.00000040
19.6566	0.00000032
19.6615	-0.00000082
19.6659	-0.00000083
19.6710	0.00000067
19.6757	-0.00000001
19.6807	0.00000181
19.6857	-0.00000007
19.6907	-0.00000022
19.6951	-0.00000152
19.6993	-0.00000184
19.7038	-0.00000071
19.7086	-0.00000081
19.7128	-0.00000090
19.7172	-0.00000145
19.7217	-0.00000042
19.7269	-0.00000118
19.7319	-0.00000276
19.7369	-0.00000201
19.7422	-0.00000308
19.7470	-0.00000124
19.7520	-0.00000218
19.7571	-0.00000245
19.7613	-0.00000202
19.7655	-0.00000098
19.7700	-0.00000000
19.7748	-0.00000169
19.7794	-0.00000147
19.7851	-0.00000133
19.7899	-0.00000179
19.7950	-0.00000122
19.7999	-0.00000173
19.8045	-0.00000144
19.8095	-0.00000093
19.8141	-0.00000113
19.8191	-0.00000227
19.8241	-0.00000119
19.8293	-0.00000037
19.8343	0.00000054
19.8392	-0.00000031
19.8436	-0.00000061
19.8486	0.00000149
19.8537	0.00000265
19.8588	0.00000189
19.8630	0.00000093
19.8675	0.00000051
19.8730	0.00000020
19.8782	0.00000041
19.8833	0.00000003
19.8876	0.00000091
19.8926	0.00000230
19.8972	0.00000136
19.9023	0.00000277
19.9070	0.00000147
19.9122	-0.00000039
19.9174	-0.00000066
19.9223	-0.00000050
19.9273	0.00000030
19.9328	-0.00000022
19.9371	-0.00000147
19.9422	-0.00000177
19.9473	-0.00000000
19.9519	-0.00000223
19.9567	-0.00000236
19.9620	-0.00000197
19.9674	-0.00000375
19.9722	-0.00000189
19.9775	-0.00000328
19.9825	-0.00000104
19.9875	0.00000056
19.9923	0.00000101
19.9968	0.00000284
20.0019	0.00000328
20.0066	0.00000371
20.0118	0.00000380
20.0167	0.00000201
20.0211	0.00000174
20.0270	0.00000181
20.0319	0.00000189
20.0371	-0.00000046
20.0419	-0.00000073
20.0464	-0.00000091
20.0516	-0.00000024
20.0559	0.00000072
20.0603	-0.00000137
20.0645	-0.00000127
20.0693	-0.00000016
20.0751	-0.00000136
20.0793	-0.00000162
20.0844	0.00000024
20.0887	0.00000103
20.0937	0.00000164
20.0988	0.00000097
20.1035	0.00000097
20.1082	0.00000047
20.1132	-0.00000310
20.1176	-0.00000382
20.1225	-0.00000237
20.1276	-0.00000050
20.1328	-0.00000027
20.1377	0.00000001
20.1427	0.00000102
20.1472	0.00000036
20.1523	-0.00000051
20.1564	0.00000019
20.1608	0.00000012
20.1660	0.00000155
20.1704	0.00000086
20.1751	0.00000063
20.1800	-0.00000008
20.1851	-0.00000009
20.1895	0.00000069
20.1948	0.00000161
20.1996	0.00000253
20.2039	0.00000318
20.2090	0.00000237
20.2140	0.00000194
20.2190	0.00000203
20.2239	0.00000203
20.2290	0.00000377
20.2339	0.00000319
20.2389	0.00000299
20.2440	0.00000090
20.2489	0.00000144
20.2539	-0.00000031
20.2590	-0.00000090
20.2641	-0.00000115
20.2691	-0.00000012
20.2741	0.00000114
20.2790	0.00000113
20.2834	0.00000093
20.2883	0.00000182
20.2932	0.00000086
20.2985	0.00000084
20.3031	-0.00000054
20.3083	-0.00000067
20.3128	-0.00000009
20.3181	-0.00000054
20.3230	-0.00000037
20.3281	-0.00000070
20.3332	-0.00000015
20.3382	-0.00000088
20.3431	-0.00000164
20.3480	-0.00000338
20.3531	-0.00000197
20.3575	-0.00000172
20.3620	-0.00000308
20.3672	-0.00000179
20.3723	-0.00000143
20.3768	-0.00000230
20.3819	0.00000028
20.3867	0.00000085
20.3918	0.00000164
20.3969	0.00000159
20.4020	0.00000291
20.4067	0.00000298
20.4119	0.00000179
20.4169	0.00000176
20.4213	0.00000159
20.4265	0.00000430
20.4314	0.00000296
20.4362	0.00000120
20.4408	0.00000169
20.4458	0.00000376
20.4505	0.00000244
20.4550	0.00000219
20.4598	0.00000303
20.4649	0.00000322
20.4699	0.00000206
20.4750	0.00000076
20.4799	0.00000102
20.4842	0.00000087
20.4887	0.00000259
20.4937	0.00000285
20.4988	0.00000332
20.5037	0.00000294
20.5087	0.00000350
20.5131	0.00000486
20.5177	0.00000379
20.5228	0.00000410
20.5277	0.00000319
20.5320	0.00000109
20.5369	0.00000224
20.5419	0.00000083
20.5469	0.00000217
20.5519	0.00000129
20.5569	0.00000289
20.5612	0.00000283
20.5664	0.00000214
20.5716	0.00000156
20.5763	0.00000048
20.5809	-0.00000094
20.5861	-0.00000303
20.5912	-0.00000404
20.5963	-0.00000240
20.6014	-0.00000251
20.6064	0.00000006
20.6115	0.00000100
20.6159	0.00000234
20.6210	0.00000103
20.6258	0.00000219
20.6304	0.00000260
20.6356	0.00000156
20.6403	0.00000181
20.6454	0.00000014
20.6504	0.00000039
20.6552	0.00000008
20.6602	0.00000013
20.6645	-0.00000069
20.6692	-0.00000109
20.6741	0.00000089
20.6788	0.00000071
20.6838	0.00000014
20.6892	0.00000130
20.6938	0.00000208
20.6983	0.00000073
20.7027	-0.00000018
20.7072	0.00000119
20.7122	0.00000010
20.7172	0.00000124
20.7221	-0.00000007
20.7272	0.00000211
20.7320	0.00000210
20.7371	0.00000358
20.7421	0.00000203
20.7467	0.00000167
20.7516	0.00000331
20.7561	0.00000253
20.7614	0.00000239
20.7665	0.00000045
20.7715	-0.00000015
20.7758	0.00000127
20.7802	0.00000157
20.7853	0.00000004
20.7896	0.00000006
20.7946	-0.00000111
20.7999	0.00000085
20.8048	0.00000183
20.8096	0.00000140
20.8145	0.00000189
20.8195	0.00000196
20.8240	0.00000128
20.8291	0.00000091
20.8336	0.00000144
20.8390	0.00000220
20.8436	0.00000189
20.8485	0.00000189
20.8535	0.00000155
20.8584	0.00000238
20.8633	0.00000337
20.8686	0.00000318
20.8730	0.00000174
20.8776	0.00000160
20.8820	-0.00000088
20.8870	0.00000184
20.8920	0.00000089
20.8970	0.00000178
20.9020	0.00000215
20.9073	0.00000300
20.9122	0.00000221
20.9175	-0.00000021
20.9221	0.00000174
20.9273	0.00000114
20.9317	-0.00000127
20.9362	-0.00000084
20.9414	-0.00000268
20.9464	-0.00000298
20.9506	-0.00000179
20.9555	-0.00000011
20.9605	0.00000142
20.9647	0.00000122
20.9693	-0.00000045
20.9743	0.00000114
20.9795	0.00000093
20.9841	-0.00000040
20.9887	-0.00000049
20.9936	0.00000109
20.9987	-0.00000120
21.0036	0.00000035
21.0087	-0.00000129
21.0137	0.00000003
21.0191	-0.00000064
21.0238	0.00000002
21.0280	0.00000128
21.0324	-0.00000014
21.0376	0.00000096
21.0425	0.00000158
21.0476	0.00000104
21.0525	0.00000188
21.0575	0.00000099
21.0626	0.00000159
21.0675	0.00000084
21.0719	-0.00000009
21.0765	-0.00000166
21.0818	-0.00000190
21.0870	-0.00000375
21.0918	-0.00000403
21.0969	-0.00000148
21.1012	-0.00000204
21.1064	-0.00000120
21.1115	0.00000104
21.1166	0.00000053
21.1213	0.00000024
21.1263	0.00000076
21.1310	0.00000179
21.1354	0.00000176
21.1402	0.00000021
21.1453	0.00000024
21.1496	0.00000088
21.1542	-0.00000010
21.1590	-0.00000049
21.1642	-0.00000134
21.1692	-0.00000000
21.1744	0.00000044
21.1791	0.00000052
21.1842	-0.00000011
21.1901	0.00000052
21.1947	0.00000001
21.2001	0.00000041
21.2047	-0.00000127
21.2099	-0.00000174
21.2149	-0.00000113
21.2200	-0.00000238
21.2249	-0.00000312
21.2298	-0.00000250
21.2348	-0.00000331
21.2396	-0.00000221
21.2448	-0.00000186
21.2498	-0.00000015
21.2545	0.00000044
21.2598	0.00000065
21.2641	0.00000129
21.2690	0.00000176
21.2740	0.00000115
21.2786	0.00000063
21.2836	-0.00000036
21.2886	-0.00000166
21.2939	-0.00000237
21.2987	-0.00000185
21.3041	-0.00000321
21.3087	-0.00000067
21.3138	0.00000001
21.3185	0.00000137
21.3238	0.00000075
21.3288	-0.00000021
21.3336	0.00000069
21.3385	0.00000055
21.3439	0.00000075
21.3488	0.00000035
21.3535	0.00000226
21.3587	0.00000012
21.3638	0.00000138
21.3688	0.00000034
21.3740	0.00000023
21.3809	0.00000156
21.3853	0.00000197
21.3906	0.00000137
21.3966	0.00000164
21.4009	0.00000189
21.4055	0.00000230
21.4114	0.00000294
21.4155	0.00000381
21.4203	0.00000232
21.4286	0.00000208
21.4332	0.00000123
21.4377	0.00000042
21.4427	0.00000060
21.4475	-0.00000077
21.4517	-0.00000140
21.4564	-0.00000088
21.4618	-0.00000035
21.4665	0.00000114
21.4714	0.00000067
21.4786	0.00000066
21.4832	0.00000056
21.4878	-0.00000057
21.4927	0.00000054
21.4977	-0.00000029
21.5026	-0.00000040
21.5070	-0.00000105
21.5123	0.00000110
21.5173	0.00000084
21.5217	0.00000198
21.5284	0.00000129
21.5327	0.00000032
21.5369	0.00000057
21.5420	0.00000033
21.5472	0.00000084
21.5521	0.00000073
21.5569	0.00000137
21.5621	0.00000079
21.5671	0.00000106
21.5720	0.00000140
21.5782	0.00000094
21.5826	-0.00000083
21.5876	0.00000008
21.5944	-0.00000012
21.5995	-0.00000098
21.6040	0.00000201
21.6084	0.00000204
21.6139	0.00000022
21.6187	-0.00000076
21.6235	-0.00000056
21.6285	-0.00000278
21.6328	-0.00000158
21.6371	-0.00000297
21.6423	-0.00000295
21.6483	-0.00000207
21.6530	-0.00000264
21.6579	-0.00000258
21.6630	-0.00000328
21.6679	-0.00000429
21.6730	-0.00000330
21.6782	-0.00000172
21.6828	-0.00000267
21.6877	-0.00000245
21.6920	-0.00000132
21.6970	0.00000052
21.7021	0.00000114
21.7066	-0.00000048
21.7124	-0.00000042
21.7166	0.00000148
21.7216	0.00000123
21.7285	0.00000218
21.7335	0.00000124
21.7385	0.00000252
21.7449	0.00000311
21.7494	0.00000391
21.7545	0.00000308
21.7601	0.00000003
21.7645	0.00000061
21.7695	-0.00000019
21.7745	-0.00000096
21.7796	-0.00000001
21.7843	-0.00000085
21.7893	-0.00000110
21.7950	-0.00000208
21.8002	-0.00000141
21.8052	0.00000042
21.8123	0.00000136
21.8170	0.00000235
21.8222	0.00000141
21.8290	0.00000125
21.8342	0.00000037
21.8391	-0.00000028
21.8447	0.00000073
21.8491	0.00000000
21.8535	-0.00000102
21.8584	0.00000044
21.8640	0.00000048
21.8685	-0.00000009
21.8735	-0.00000164
21.8791	-0.00000069
21.8843	-0.00000091
21.8887	-0.00000035
21.8951	0.00000007
21.8996	0.00000002
21.9050	0.00000021
21.9125	0.00000017
21.9169	0.00000056
21.9214	-0.00000033
21.9268	0.00000089
21.9313	-0.00000092
21.9364	-0.00000063
21.9413	0.00000220
21.9465	0.00000243
21.9514	0.00000075
21.9557	0.00000136
21.9623	-0.00000124
21.9668	0.00000078
21.9719	0.00000034
21.9789	-0.00000100
21.9834	-0.00000041
21.9884	-0.00000050
21.9932	-0.00000013
21.9984	-0.00000104
22.0030	-0.00000135
22.0072	-0.00000166
22.0124	-0.00000100
22.0172	-0.00000045
22.0214	-0.00000003
22.0288	0.00000010
22.0335	0.00000092
22.0377	0.00000062
22.0449	0.00000252
22.0498	0.00000314
22.0548	0.00000179
22.0598	0.00000290
22.0647	0.00000129
22.0691	0.00000139
22.0739	0.00000145
22.0784	0.00000180
22.0832	0.00000203
22.0884	0.00000154
22.0934	-0.00000069
22.0983	0.00000119
22.1032	-0.00000019
22.1082	0.00000006
22.1132	-0.00000052
22.1175	-0.00000058
22.1217	0.00000143
22.1273	-0.00000011
22.1317	-0.00000103
22.1367	-0.00000070
22.1414	-0.00000019
22.1465	0.00000067
22.1516	-0.00000023
22.1567	0.00000050
22.1617	-0.00000157
22.1667	-0.00000053
22.1709	-0.00000131
22.1768	-0.00000039
22.1817	-0.00000148
22.1867	-0.00000127
22.1912	-0.00000207
22.1955	0.00000084
22.2005	-0.00000172
22.2052	-0.00000243
22.2102	0.00000026
22.2155	-0.00000087
22.2196	-0.00000135
22.2239	-0.00000135
22.2290	-0.00000057
22.2343	-0.00000012
22.2390	0.00000064
22.2448	-0.00000031
22.2499	0.00000015
22.2548	-0.00000138
22.2602	-0.00000330
22.2649	-0.00000285
22.2697	-0.00000234
22.2748	-0.00000323
22.2793	-0.00000219
22.2844	-0.00000159
22.2895	0.00000002
22.2966	0.00000226
22.3015	0.00000165
22.3065	0.00000279
22.3115	0.00000251
22.3157	0.00000318
22.3201	0.00000273
22.3248	0.00000157
22.3297	0.00000204
22.3341	0.00000070
22.3388	0.00000008
22.3432	0.00000248
22.3482	0.00000019
22.3524	-0.00000055
22.3572	-0.00000035
22.3621	0.00000133
22.3667	0.00000096
22.3718	0.00000005
22.3767	0.00000058
22.3813	0.00000072
22.3856	-0.00000164
22.3898	-0.00000131
22.3946	-0.00000103
22.3989	-0.00000028
22.4034	-0.00000045
22.4076	-0.00000016
22.4130	-0.00000041
22.4175	-0.00000077
22.4223	0.00000022
22.4273	-0.00000109
22.4315	-0.00000024
22.4360	-0.00000072
22.4403	0.00000134
22.4449	0.00000053
22.4499	-0.00000008
22.4547	-0.00000195
22.4593	-0.00000160
22.4636	-0.00000035
22.4686	0.00000123
22.4727	0.00000196
22.4786	0.00000123
22.4831	0.00000034
22.4877	0.00000149
22.4926	0.00000154
22.4972	0.00000026
22.5015	-0.00000014
22.5068	0.00000074
22.5114	0.00000177
22.5157	0.00000266
22.5205	0.00000207
22.5246	0.00000106
22.5296	-0.00000021
22.5349	-0.00000114
22.5392	-0.00000233
22.5441	-0.00000244
22.5493	-0.00000404
22.5540	-0.00000280
22.5591	-0.00000635
22.5644	-0.00000336
22.5694	-0.00000164
22.5745	0.00000055
22.5790	-0.00000396
22.5831	-0.00000209
22.5880	-0.00000061
22.5930	-0.00000165
22.5983	-0.00000304
22.6026	-0.00000397
22.6089	-0.00000210
22.6137	-0.00000380
22.6191	0.00000326
22.6232	0.00000050
22.6286	0.00000078
22.6334	-0.00000006
22.6385	0.00000037
22.6435	-0.00000073
22.6479	0.00000042
22.6520	-0.00000234
22.6569	-0.00000145
22.6618	-0.00000043
22.6663	-0.00000512
22.6713	-0.00000317
22.6769	-0.00000795
22.6812	-0.00000354
22.6857	-0.00000409
22.6901	-0.00000250
22.6952	-0.00000080
22.6995	-0.00000064
22.7037	-0.00000208
22.7092	-0.00000371
22.7135	-0.00000080
22.7186	-0.00000439
22.7234	-0.00000664
22.7278	-0.00000021
22.7327	-0.00000312
22.7376	-0.00000054
22.7427	-0.00000022
22.7472	0.00000156
22.7519	0.00000154
22.7568	-0.00000257
22.7620	-0.00000548
22.7661	0.00000423
22.7710	-0.00000062
22.7760	-0.00000270
22.7803	-0.00000216
22.7846	-0.00000043
22.7897	-0.00000195
22.7948	-0.00000117
22.7996	-0.00000173
22.8039	0.00000198
22.8082	0.00000209
22.8134	0.00000433
22.8184	-0.00000188
22.8238	0.00000006
22.8289	-0.00000491
22.8341	-0.00000003
22.8383	-0.00000270
22.8435	-0.00000156
22.8480	-0.00000045
22.8526	-0.00000149
22.8570	-0.00000500
22.8621	0.00000265
22.8672	0.00000230
22.8720	-0.00000209
22.8771	0.00000120
22.8814	-0.00000217
22.8857	0.00000236
22.8902	0.00000044
22.8952	0.00000136
22.8995	0.00000013
22.9042	-0.00000250
22.9089	0.00000265
22.9140	0.00000031
22.9190	-0.00000307
22.9239	0.00000004
22.9290	-0.00000328
22.9333	0.00000154
22.9375	-0.00000137
22.9422	-0.00000081
22.9474	-0.00000169
22.9523	-0.00000641
22.9566	0.00000060
22.9617	0.00000314
22.9669	0.00000307
22.9719	-0.00000174
22.9771	0.00000082
22.9816	0.00000067
22.9867	-0.00000129
22.9917	-0.00000124
22.9968	-0.00000083
23.0009	0.00000197
23.0061	-0.00000092
23.0113	-0.00000004
23.0156	0.00000073
23.0204	-0.00000300
23.0256	0.00000048
23.0307	0.00000272
23.0357	-0.00000056
23.0406	-0.00000137
23.0457	0.00000155
23.0501	-0.00000016
23.0549	-0.00000032
23.0600	-0.00000152
23.0652	0.00000036
23.0700	0.00000246
23.0755	-0.00000066
23.0806	-0.00000006
23.0851	-0.00000387
23.0900	-0.00000272
23.0951	-0.00000513
23.0995	0.00000085
23.1046	-0.00000410
23.1094	-0.00000186
23.1144	-0.00000127
23.1195	-0.00000239
23.1253	-0.00000183
23.1298	0.00000171
23.1347	-0.00000210
23.1394	-0.00000065
23.1446	0.00000221
23.1489	-0.00000168
23.1531	-0.00000227
23.1584	-0.00000458
23.1630	-0.00000354
23.1672	-0.00000518
23.1720	-0.00000599
23.1771	-0.00000456
23.1814	-0.00001015
23.1857	-0.00000536
23.1900	-0.00000113
23.1948	-0.00000393
23.1992	-0.00000283
23.2039	-0.00000125
23.2091	-0.00000215
23.2136	-0.00000185
23.2186	0.00000217
23.2234	0.00000163
23.2276	0.00000054
23.2318	0.00000094
23.2363	0.00000545
23.2422	0.00000342
23.2472	0.00000183
23.2522	-0.00000146
23.2570	0.00000008
23.2623	0.00000156
23.2674	-0.00000362
23.2715	-0.00000167
23.2761	-0.00000075
23.2805	-0.00000304
23.2847	-0.00000160
23.2897	0.00000050
23.2948	0.00000033
23.2993	-0.00000008
23.3042	-0.00000223
23.3103	-0.00000165
23.3153	-0.00000529
23.3202	-0.00000196
23.3252	-0.00000136
23.3296	0.00000091
23.3347	-0.00000064
23.3395	0.00000181
23.3447	-0.00000638
23.3497	-0.00000517
23.3545	-0.00000647
23.3586	-0.00000397
23.3638	-0.00000270
23.3688	-0.00000379
23.3738	-0.00000375
23.3789	-0.00000311
23.3841	-0.00000148
23.3892	-0.00000440
23.3942	-0.00000072
23.3994	0.00000042
23.4042	0.00000099
23.4090	-0.00000249
23.4132	-0.00000105
23.4182	0.00000074
23.4231	-0.00000248
23.4280	-0.00000908
23.4321	-0.00000584
23.4365	-0.00000301
23.4417	-0.00000768
23.4470	-0.00000524
23.4518	-0.00000498
23.4563	-0.00000819
23.4613	-0.00000577
23.4663	-0.00000297
23.4713	-0.00000525
23.4768	-0.00000050
23.4819	-0.00000003
23.4863	0.00000038
23.4912	-0.00000557
23.4963	-0.00000385
23.5013	-0.00000409
23.5063	-0.00000295
23.5116	-0.00000059
23.5161	-0.00000241
23.5204	0.00000129
23.5255	0.00000236
23.5307	-0.00000520
23.5356	-0.00000690
23.5404	-0.00000492
23.5456	-0.00000200
23.5507	-0.00000545
23.5555	-0.00000533
23.5602	-0.00000347
23.5654	-0.00000351
23.5695	-0.00000459
23.5739	-0.00000535
23.5789	-0.00000603
23.5832	-0.00000489
23.5881	-0.00000659
23.5931	-0.00000286
23.5982	-0.00000070
23.6030	-0.00000257
23.6081	-0.00000141
23.6132	-0.00000206
23.6176	0.00000070
23.6227	-0.00000143
23.6277	-0.00000128
23.6321	0.00000076
23.6364	0.00000025
23.6416	-0.00000257
23.6468	-0.00000194
23.6510	-0.00000290
23.6558	-0.00000154
23.6610	0.00000307
23.6654	0.00000025
23.6698	-0.00000246
23.6755	-0.00000213
23.6809	-0.00000144
23.6856	-0.00000172
23.6899	0.00000275
23.6951	0.00000211
23.6995	-0.00000322
23.7041	-0.00000159
23.7091	-0.00000244
23.7132	-0.00000350
23.7182	-0.00000091
23.7229	-0.00000463
23.7277	-0.00000372
23.7327	-0.00000444
23.7378	-0.00000525
23.7424	-0.00000211
23.7476	-0.00000809
23.7525	-0.00001015
23.7566	-0.00000958
23.7618	-0.00001093
23.7666	-0.00000609
23.7718	-0.00000557
23.7760	-0.00001123
23.7804	-0.00000451
23.7852	-0.00000690
23.7899	-0.00000665
23.7949	-0.00000593
23.7994	-0.00000630
23.8045	-0.00000808
23.8093	-0.00000838
23.8138	-0.00000838
23.8190	-0.00000648
23.8248	-0.00000846
23.8298	-0.00000703
23.8343	-0.00000453
23.8392	-0.00000513
23.8440	-0.00000383
23.8487	-0.00000517
23.8537	0.00000021
23.8584	-0.00000595
23.8636	-0.00000391
23.8686	-0.00000422
23.8747	-0.00000244
23.8797	-0.00000696
23.8842	-0.00000568
23.8892	-0.00000600
23.8941	-0.00000361
23.8996	-0.00000674
23.9047	-0.00000824
23.9098	-0.00000511
23.9149	-0.00000717
23.9197	-0.00000425
23.9249	-0.00000719
23.9299	-0.00000398
23.9349	-0.00000796
23.9398	-0.00000597
23.9449	-0.00000411
23.9492	-0.00000778
23.9542	-0.00000533
23.9587	-0.00000447
23.9636	0.00000100
23.9685	-0.00000136
23.9742	-0.00000537
23.9787	-0.00000259
23.9844	-0.00000308
23.9886	-0.00000718
23.9935	-0.00000702
23.9986	-0.00000438
24.0030	-0.00000658
24.0080	-0.00000675
24.0131	-0.00000589
24.0179	-0.00000961
24.0229	-0.00000497
24.0277	-0.00000838
24.0329	-0.00001083
24.0375	-0.00000617
24.0420	-0.00000915
24.0464	-0.00000735
24.0512	-0.00000740
24.0554	-0.00000687
24.0605	-0.00000687
24.0655	-0.00000483
24.0706	-0.00000542
24.0750	-0.00000494
24.0800	-0.00000804
24.0848	-0.00000868
24.0910	-0.00000527
24.0960	-0.00000948
24.1004	-0.00000545
24.1053	-0.00000486
24.1104	-0.00001099
24.1151	-0.00000918
24.1196	-0.00000630
24.1252	-0.00000387
24.1296	-0.00000410
24.1338	-0.00000973
24.1388	-0.00000812
24.1439	-0.00000910
24.1482	-0.00000778
24.1527	-0.00000794
24.1576	-0.00001283
24.1623	-0.00000777
24.1669	-0.00000793
24.1718	-0.00000747
24.1768	-0.00000955
24.1812	-0.00000754
24.1860	-0.00000673
24.1916	-0.00000595
24.1960	-0.00000807
24.2003	-0.00000779
24.2052	-0.00000391
24.2099	-0.00000874
24.2149	-0.00000849
24.2197	-0.00000746
24.2256	-0.00000453
24.2300	-0.00000769
24.2343	-0.00000904
24.2389	-0.00001313
24.2438	-0.00000504
24.2480	-0.00000991
24.2528	-0.00001022
24.2584	-0.00000822
24.2633	-0.00000831
24.2676	-0.00000708
24.2718	-0.00000506
24.2764	-0.00000647
24.2816	-0.00000317
24.2859	-0.00000647
24.2911	-0.00000649
24.2954	-0.00000962
24.3002	-0.00000841
24.3053	-0.00001162
24.3101	-0.00001262
24.3143	-0.00000917
24.3192	-0.00001009
24.3245	-0.00000960
24.3293	-0.00000799
24.3343	-0.00001064
24.3391	-0.00001025
24.3433	-0.00000338
24.3482	-0.00000690
24.3534	-0.00000898
24.3582	-0.00000909
24.3634	-0.00000876
24.3685	-0.00000894
24.3747	-0.00001090
24.3795	-0.00001103
24.3844	-0.00000866
24.3888	-0.00000996
24.3935	-0.00000507
24.3985	-0.00000951
24.4036	-0.00000905
24.4084	-0.00000519
24.4134	-0.00001242
24.4185	-0.00001109
24.4252	-0.00000954
24.4295	-0.00000916
24.4339	-0.00000952
24.4390	-0.00000760
24.4439	-0.00000900
24.4480	-0.00000831
24.4529	-0.00000856
24.4582	-0.00000711
24.4630	-0.00000960
24.4679	-0.00000933
24.4730	-0.00001344
24.4780	-0.00001260
24.4831	-0.00001530
24.4877	-0.00001345
24.4926	-0.00001112
24.4977	-0.00001486
24.5027	-0.00001141
24.5077	-0.00001136
24.5133	-0.00000858
24.5177	-0.00001305
24.5230	-0.00000904
24.5279	-0.00000893
24.5328	-0.00001151
24.5377	-0.00000881
24.5426	-0.00000981
24.5477	-0.00000646
24.5525	-0.00000906
24.5580	-0.00001030
24.5627	-0.00000675
24.5676	-0.00000427
24.5727	-0.00000726
24.5806	0.00000279
24.5859	0.00000326
24.5901	0.00000291
24.5951	0.00000178
24.6001	0.00000072
24.6051	-0.00000061
24.6100	0.00000017
24.6151	0.00000088
24.6199	-0.00000037
24.6251	-0.00000162
24.6301	-0.00000047
24.6350	-0.00000108
24.6400	-0.00000220
24.6450	-0.00000248
24.6500	-0.00000348
24.6550	-0.00000271
24.6600	-0.00000201
24.6650	-0.00000420
24.6700	-0.00000204
24.6750	0.00000013
24.6792	0.00000103
24.6843	-0.00000001
24.6888	-0.00000115
24.6937	0.00000040
24.6988	0.00000187
24.7038	0.00000169
24.7088	0.00000195
24.7138	-0.00000009
24.7188	-0.00000049
24.7237	-0.00000008
24.7288	0.00000016
24.7337	-0.00000027
24.7388	0.00000005
24.7438	-0.00000007
24.7489	-0.00000050
24.7538	0.00000055
24.7587	0.00000177
24.7637	0.00000119
24.7687	0.00000297
24.7729	0.00000185
24.7778	0.00000171
24.7829	0.00000116
24.7875	0.00000103
24.7916	0.00000200
24.7966	0.00000157
24.8016	0.00000235
24.8066	0.00000429
24.8116	0.00000393
24.8166	0.00000500
24.8216	0.00000351
24.8266	0.00000237
24.8316	0.00000141
24.8365	0.00000241
24.8406	0.00000154
24.8456	0.00000018
24.8506	0.00000148
24.8555	-0.00000064
24.8597	-0.00000212
24.8647	-0.00000246
24.8696	-0.00000100
24.8747	-0.00000100
24.8796	-0.00000004
24.8847	0.00000038
24.8893	-0.00000127
24.8942	-0.00000222
24.8993	-0.00000305
24.9043	-0.00000221
24.9093	-0.00000254
24.9143	-0.00000065
24.9193	0.00000058
24.9243	0.00000094
24.9293	-0.00000179
24.9343	-0.00000166
24.9394	-0.00000034
24.9441	0.00000008
24.9483	0.00000069
24.9532	0.00000157
24.9583	0.00000252
24.9633	0.00000195
24.9684	0.00000229
24.9734	0.00000278
24.9784	0.00000086
24.9834	-0.00000085
24.9881	-0.00000098
24.9922	-0.00000092
24.9971	0.00000081
25.0021	0.00000075
25.0062	0.00000005
25.0113	-0.00000051
25.0163	0.00000067
25.0212	0.00000117
25.0262	0.00000127
25.0312	0.00000072
25.0363	0.00000013
25.0412	-0.00000087
25.0462	0.00000104
25.0512	0.00000274
25.0562	0.00000076
25.0612	0.00000264
25.0663	0.00000197
25.0712	0.00000156
25.0763	0.00000215
25.0813	0.00000042
25.0864	-0.00000035
25.0911	-0.00000039
25.0961	-0.00000090
25.1013	0.00000047
25.1060	-0.00000095
25.1111	-0.00000151
25.1160	-0.00000103
25.1210	0.00000007
25.1261	0.00000048
25.1311	-0.00000027
25.1361	-0.00000106
25.1410	-0.00000196
25.1461	-0.00000211
25.1510	-0.00000122
25.1560	0.00000034
25.1611	0.00000070
25.1661	0.00000012
25.1711	0.00000005
25.1761	-0.00000044
25.1811	-0.00000029
25.1862	0.00000002
25.1907	0.00000025
25.1957	0.00000004
25.2008	0.00000208
25.2057	0.00000120
25.2108	0.00000149
25.2157	0.00000038
25.2206	0.00000291
25.2257	0.00000208
25.2307	0.00000090
25.2358	0.00000187
25.2407	0.00000082
25.2449	-0.00000074
25.2497	-0.00000192
25.2548	-0.00000137
25.2598	0.00000086
25.2647	-0.00000020
25.2697	-0.00000107
25.2738	-0.00000220
25.2789	-0.00000086
25.2839	-0.00000144
25.2885	-0.00000250
25.2934	-0.00000197
25.2986	-0.00000145
25.3035	-0.00000052
25.3084	0.00000151
25.3136	0.00000220
25.3186	0.00000156
25.3236	0.00000179
25.3286	0.00000191
25.3336	0.00000225
25.3385	0.00000089
25.3435	-0.00000067
25.3486	0.00000046
25.3536	0.00000125
25.3586	0.00000163
25.3634	0.00000063
25.3684	-0.00000069
25.3736	-0.00000250
25.3786	-0.00000110
25.3835	-0.00000091
25.3880	-0.00000116
25.3921	-0.00000328
25.3972	-0.00000388
25.4021	-0.00000408
25.4072	-0.00000392
25.4122	-0.00000288
25.4172	-0.00000196
25.4222	-0.00000275
25.4272	-0.00000355
25.4322	-0.00000148
25.4371	-0.00000199
25.4422	-0.00000130
25.4472	-0.00000088
25.4521	-0.00000118
25.4572	0.00000029
25.4621	0.00000018
25.4672	0.00000166
25.4722	0.00000291
25.4773	0.00000163
25.4823	-0.00000070
25.4873	-0.00000126
25.4920	-0.00000018
25.4970	0.00000032
25.5020	0.00000195
25.5070	0.00000242
25.5120	0.00000113
25.5170	0.00000044
25.5220	0.00000277
25.5270	-0.00000032
25.5320	-0.00000015
25.5370	0.00000092
25.5420	0.00000038
25.5470	0.00000080
25.5519	0.00000049
25.5570	0.00000196
25.5620	0.00000088
25.5670	0.00000044
25.5719	0.00000281
25.5771	0.00000126
25.5819	0.00000149
25.5871	0.00000102
25.5918	0.00000165
25.5968	0.00000145
25.6017	-0.00000036
25.6068	0.00000065
25.6118	0.00000001
25.6168	0.00000005
25.6218	-0.00000059
25.6268	-0.00000022
25.6318	0.00000072
25.6368	0.00000123
25.6417	-0.00000163
25.6468	-0.00000155
25.6517	-0.00000048
25.6568	0.00000026
25.6618	0.00000078
25.6668	-0.00000019
25.6718	-0.00000004
25.6770	0.00000021
25.6820	0.00000231
25.6870	0.00000139
25.6916	0.00000077
25.6966	0.00000237
25.7016	0.00000340
25.7066	0.00000308
25.7115	0.00000333
25.7156	0.00000316
25.7206	0.00000424
25.7256	0.00000390
25.7306	0.00000206
25.7356	0.00000270
25.7406	0.00000136
25.7456	0.00000091
25.7506	-0.00000066
25.7556	-0.00000022
25.7606	-0.00000105
25.7656	-0.00000130
25.7706	-0.00000208
25.7756	-0.00000215
25.7806	-0.00000054
25.7856	-0.00000054
25.7903	-0.00000134
25.7953	0.00000016
25.8004	0.00000168
25.8053	-0.00000064
25.8103	0.00000089
25.8153	0.00000083
25.8203	0.00000152
25.8253	-0.00000079
25.8303	-0.00000040
25.8355	0.00000018
25.8403	0.00000029
25.8453	-0.00000042
25.8503	0.00000005
25.8553	-0.00000061
25.8603	-0.00000056
25.8653	0.00000061
25.8703	0.00000116
25.8754	0.00000084
25.8804	0.00000069
25.8854	0.00000022
25.8901	-0.00000075
25.8943	0.00000033
25.8992	0.00000021
25.9043	-0.00000029
25.9092	0.00000036
25.9142	-0.00000068
25.9191	0.00000025
25.9242	-0.00000003
25.9292	-0.00000013
25.9342	-0.00000016
25.9392	-0.00000024
25.9442	0.00000023
25.9492	0.00000131
25.9543	-0.00000035
25.9593	-0.00000080
25.9641	-0.00000128
25.9691	0.00000043
25.9742	0.00000019
25.9793	0.00000025
25.9843	-0.00000103
25.9893	-0.00000037
25.9941	-0.00000010
25.9990	-0.00000042
26.0041	0.00000145
26.0091	0.00000182
26.0141	0.00000126
26.0190	-0.00000121
26.0241	0.00000038
26.0291	0.00000144
26.0341	0.00000156
26.0391	0.00000170
26.0441	0.00000055
26.0491	0.00000103
26.0541	0.00000024
26.0591	-0.00000075
26.0641	-0.00000084
26.0692	-0.00000144
26.0741	-0.00000181
26.0782	-0.00000061
26.0831	0.00000015
26.0882	0.00000008
26.0929	-0.00000049
26.0980	-0.00000022
26.1029	-0.00000100
26.1079	-0.00000090
26.1129	-0.00000178
26.1180	-0.00000085
26.1229	0.00000007
26.1279	-0.00000027
26.1329	-0.00000019
26.1379	-0.00000144
26.1429	-0.00000189
26.1480	-0.00000026
26.1530	0.00000149
26.1579	0.00000035
26.1632	-0.00000033
26.1679	-0.00000143
26.1732	-0.00000181
26.1783	-0.00000041
26.1832	0.00000063
26.1882	0.00000047
26.1929	-0.00000054
26.1979	-0.00000025
26.2029	-0.00000086
26.2079	0.00000029
26.2129	0.00000141
26.2180	0.00000004
26.2229	-0.00000034
26.2279	0.00000018
26.2329	0.00000061
26.2378	0.00000193
26.2419	0.00000297
26.2469	0.00000296
26.2519	0.00000272
26.2570	0.00000310
26.2619	0.00000294
26.2669	0.00000093
26.2719	-0.00000051
26.2761	-0.00000130
26.2811	-0.00000165
26.2861	0.00000004
26.2907	-0.00000127
26.2948	-0.00000272
26.2998	-0.00000087
26.3048	-0.00000107
26.3098	-0.00000036
26.3148	0.00000054
26.3198	0.00000006
26.3248	0.00000057
26.3298	0.00000129
26.3347	0.00000069
26.3388	0.00000069
26.3438	0.00000126
26.3488	0.00000239
26.3538	0.00000189
26.3588	0.00000036
26.3638	0.00000087
26.3688	0.00000139
26.3738	0.00000117
26.3779	0.00000121
26.3829	-0.00000067
26.3879	0.00000020
26.3927	-0.00000029
26.3977	-0.00000228
26.4027	-0.00000350
26.4077	-0.00000428
26.4129	-0.00000378
26.4179	-0.00000470
26.4230	-0.00000445
26.4277	-0.00000376
26.4329	-0.00000378
26.4376	-0.00000363
26.4417	-0.00000336
26.4467	-0.00000276
26.4516	-0.00000245
26.4567	-0.00000035
26.4617	-0.00000007
26.4667	0.00000215
26.4717	0.00000158
26.4768	-0.00000018
26.4818	-0.00000107
26.4868	-0.00000142
26.4916	-0.00000074
26.4966	-0.00000116
26.5015	-0.00000193
26.5066	-0.00000159
26.5116	-0.00000313
26.5166	-0.00000234
26.5215	-0.00000147
26.5265	-0.00000103
26.5315	0.00000102
26.5367	0.00000141
26.5417	0.00000063
26.5465	0.00000045
26.5515	0.00000052
26.5565	0.00000099
26.5615	0.00000130
26.5666	0.00000039
26.5715	0.00000063
26.5767	0.00000050
26.5817	-0.00000046
26.5867	-0.00000153
26.5915	-0.00000120
26.5968	-0.00000116
26.6014	-0.00000347
26.6064	-0.00000373
26.6114	-0.00000615
26.6164	-0.00000529
26.6214	-0.00000524
26.6264	-0.00000553
26.6314	-0.00000326
26.6364	-0.00000107
26.6414	-0.00000159
26.6464	-0.00000094
26.6513	-0.00000077
26.6564	0.00000045
26.6614	0.00000006
26.6664	0.00000087
26.6715	0.00000200
26.6765	0.00000125
26.6815	0.00000063
26.6865	0.00000045
26.6913	0.00000030
26.6963	0.00000049
26.7011	-0.00000095
26.7053	0.00000055
26.7103	-0.00000024
26.7153	-0.00000068
26.7203	0.00000086
26.7252	0.00000034
26.7303	0.00000076
26.7352	0.00000017
26.7403	-0.00000080
26.7453	-0.00000130
26.7503	-0.00000120
26.7553	-0.00000121
26.7603	-0.00000057
26.7653	-0.00000028
26.7703	0.00000032
26.7754	0.00000014
26.7804	0.00000113
26.7853	0.00000110
26.7900	0.00000216
26.7951	0.00000150
26.8002	0.00000140
26.8052	0.00000106
26.8101	-0.00000012
26.8152	0.00000003
26.8202	0.00000002
26.8251	0.00000029
26.8301	-0.00000077
26.8350	0.00000006
26.8392	-0.00000121
26.8441	-0.00000126
26.8491	-0.00000102
26.8541	-0.00000454
26.8592	-0.00000396
26.8642	-0.00000470
26.8692	-0.00000295
26.8742	-0.00000253
26.8794	0.00000076
26.8843	-0.00000148
26.8893	-0.00000021
26.8940	-0.00000027
26.8991	-0.00000074
26.9040	-0.00000067
26.9091	0.00000024
26.9142	0.00000249
26.9190	0.00000344
26.9242	0.00000467
26.9290	0.00000324
26.9341	0.00000187
26.9390	0.00000225
26.9440	0.00000263
26.9490	0.00000141
26.9540	0.00000127
26.9590	0.00000392
26.9640	0.00000447
26.9690	0.00000216
26.9740	0.00000173
26.9792	0.00000106
26.9842	-0.00000006
26.9892	0.00000033
26.9939	0.00000194
26.9989	0.00000113
27.0039	0.00000252
27.0089	0.00000272
27.0139	0.00000118
27.0189	0.00000156
27.0239	0.00000248
27.0289	0.00000221
27.0339	0.00000229
27.0389	0.00000423
27.0439	0.00000345
27.0488	0.00000432
27.0538	0.00000460
27.0589	0.00000543
27.0639	0.00000410
27.0689	0.00000341
27.0739	0.00000291
27.0790	0.00000295
27.0841	0.00000388
27.0890	0.00000242
27.0937	0.00000252
27.0988	0.00000159
27.1038	0.00000139
27.1088	0.00000439
27.1138	0.00000426
27.1187	0.00000262
27.1238	0.00000277
27.1288	0.00000258
27.1338	-0.00000038
27.1388	-0.00000035
27.1438	-0.00000078
27.1488	-0.00000057
27.1538	0.00000069
27.1588	0.00000162
27.1637	0.00000225
27.1687	0.00000102
27.1736	0.00000057
27.1779	0.00000177
27.1829	0.00000254
27.1878	0.00000148
27.1927	0.00000247
27.1976	0.00000237
27.2027	0.00000269
27.2077	0.00000100
27.2126	0.00000078
27.2175	-0.00000088
27.2227	-0.00000109
27.2276	-0.00000111
27.2326	-0.00000116
27.2376	-0.00000015
27.2426	-0.00000139
27.2476	0.00000032
27.2527	0.00000166
27.2576	0.00000126
27.2626	0.00000097
27.2676	0.00000080
27.2726	0.00000075
27.2767	-0.00000054
27.2817	0.00000067
27.2867	0.00000067
27.2914	0.00000276
27.2955	0.00000305
27.3006	0.00000256
27.3055	0.00000314
27.3105	0.00000346
27.3154	0.00000267
27.3195	0.00000312
27.3245	0.00000327
27.3296	0.00000189
27.3345	0.00000145
27.3395	0.00000006
27.3445	0.00000104
27.3496	0.00000147
27.3546	0.00000048
27.3595	0.00000064
27.3645	0.00000087
27.3695	-0.00000040
27.3745	-0.00000045
27.3797	0.00000044
27.3846	0.00000054
27.3890	0.00000045
27.3934	0.00000025
27.3984	-0.00000014
27.4033	0.00000046
27.4083	0.00000084
27.4133	-0.00000091
27.4183	-0.00000068
27.4233	-0.00000023
27.4283	-0.00000036
27.4334	0.00000052
27.4383	0.00000018
27.4433	0.00000166
27.4483	0.00000431
27.4533	0.00000236
27.4583	0.00000145
27.4632	0.00000121
27.4682	0.00000177
27.4733	0.00000054
27.4775	0.00000073
27.4825	0.00000188
27.4875	0.00000396
27.4921	0.00000343
27.4962	0.00000266
27.5012	0.00000259
27.5062	0.00000284
27.5112	0.00000066
27.5162	-0.00000071
27.5212	0.00000001
27.5262	-0.00000188
27.5312	-0.00000273
27.5362	-0.00000200
27.5412	-0.00000156
27.5462	-0.00000140
27.5511	0.00000013
27.5553	0.00000077
27.5602	0.00000188
27.5653	0.00000150
27.5702	0.00000039
27.5752	0.00000085
27.5803	0.00000024
27.5854	-0.00000145
27.5903	-0.00000152
27.5951	-0.00000177
27.6001	-0.00000231
27.6051	-0.00000200
27.6101	-0.00000196
27.6151	-0.00000089
27.6201	-0.00000050
27.6251	-0.00000148
27.6300	0.00000052
27.6351	0.00000097
27.6401	0.00000274
27.6451	0.00000276
27.6501	0.00000271
27.6551	0.00000169
27.6602	0.00000087
27.6651	0.00000079
27.6701	0.00000184
27.6751	0.00000268
27.6802	0.00000260
27.6852	0.00000249
27.6903	0.00000211
27.6951	0.00000217
27.7000	0.00000076
27.7053	0.00000089
27.7100	0.00000112
27.7150	0.00000068
27.7200	0.00000015
27.7250	0.00000115
27.7300	0.00000159
27.7350	0.00000061
27.7400	0.00000125
27.7450	0.00000105
27.7500	0.00000105
27.7550	0.00000081
27.7600	0.00000116
27.7650	0.00000069
27.7700	0.00000111
27.7750	-0.00000028
27.7802	-0.00000107
27.7850	-0.00000131
27.7901	-0.00000064
27.7948	-0.00000127
27.7998	-0.00000071
27.8048	0.00000005
27.8098	-0.00000056
27.8148	-0.00000162
27.8198	-0.00000271
27.8248	-0.00000249
27.8298	-0.00000296
27.8347	-0.00000298
27.8398	-0.00000202
27.8448	-0.00000101
27.8498	-0.00000066
27.8549	0.00000063
27.8598	-0.00000054
27.8648	-0.00000048
27.8699	-0.00000043
27.8748	0.00000035
27.8790	-0.00000000
27.8842	-0.00000217
27.8890	-0.00000211
27.8937	-0.00000091
27.8987	0.00000147
27.9037	0.00000198
27.9087	0.00000204
27.9136	0.00000105
27.9187	0.00000010
27.9236	0.00000028
27.9287	0.00000088
27.9336	0.00000358
27.9387	0.00000337
27.9437	0.00000354
27.9487	0.00000317
27.9537	0.00000525
27.9587	0.00000468
27.9637	0.00000297
27.9687	0.00000212
27.9737	0.00000145
27.9778	-0.00000029
27.9828	-0.00000080
27.9878	-0.00000055
27.9924	-0.00000046
27.9966	-0.00000074
28.0016	0.00000023
28.0066	0.00000066
28.0115	0.00000009
28.0165	-0.00000029
28.0215	-0.00000150
28.0265	0.00000074
28.0316	0.00000073
28.0366	0.00000050
28.0416	-0.00000123
28.0466	-0.00000288
28.0516	-0.00000229
28.0565	-0.00000179
28.0615	0.00000010
28.0666	-0.00000044
28.0716	0.00000050
28.0766	-0.00000021
28.0818	-0.00000076
28.0866	0.00000037
28.0918	-0.00000014
28.0964	-0.00000116
28.1013	-0.00000067
28.1069	0.00000108
28.1113	0.00000176
28.1164	0.00000186
28.1215	0.00000095
28.1264	0.00000229
28.1314	0.00000242
28.1364	0.00000248
28.1414	0.00000085
28.1464	0.00000216
28.1514	0.00000142
28.1564	0.00000106
28.1614	-0.00000008
28.1664	-0.00000117
28.1714	-0.00000074
28.1764	0.00000089
28.1815	0.00000150
28.1866	0.00000133
28.1922	0.00000228
28.1963	0.00000184
28.2012	0.00000079
28.2063	-0.00000008
28.2113	0.00000076
28.2165	-0.00000008
28.2213	0.00000040
28.2263	0.00000050
28.2313	0.00000062
28.2363	-0.00000041
28.2413	-0.00000038
28.2463	-0.00000060
28.2513	0.00000041
28.2563	0.00000039
28.2613	-0.00000024
28.2663	-0.00000006
28.2713	0.00000084
28.2763	0.00000129
28.2815	0.00000243
28.2865	0.00000167
28.2915	0.00000196
28.2963	0.00000042
28.3013	-0.00000098
28.3062	-0.00000167
28.3112	-0.00000020
28.3164	0.00000041
28.3216	0.00000154
28.3262	0.00000223
28.3311	0.00000285
28.3362	0.00000251
28.3412	0.00000445
28.3462	0.00000261
28.3513	0.00000169
28.3562	-0.00000019
28.3612	-0.00000071
28.3662	-0.00000006
28.3712	0.00000069
28.3762	0.00000169
28.3813	0.00000182
28.3863	-0.00000039
28.3914	-0.00000120
28.3961	-0.00000084
28.4010	-0.00000130
28.4061	-0.00000021
28.4111	0.00000144
28.4161	0.00000146
28.4211	0.00000043
28.4261	-0.00000117
28.4310	-0.00000063
28.4352	-0.00000150
28.4401	-0.00000142
28.4451	-0.00000195
28.4500	-0.00000181
28.4550	-0.00000121
28.4600	-0.00000165
28.4650	0.00000081
28.4701	0.00000038
28.4751	-0.00000040
28.4792	-0.00000082
28.4842	-0.00000006
28.4892	0.00000057
28.4938	0.00000192
28.4980	0.00000102
28.5030	0.00000033
28.5080	0.00000251
28.5130	0.00000038
28.5180	0.00000254
28.5229	0.00000326
28.5280	0.00000155
28.5330	0.00000148
28.5380	0.00000188
28.5430	0.00000238
28.5480	0.00000193
28.5530	0.00000029
28.5580	0.00000024
28.5631	0.00000071
28.5680	0.00000056
28.5732	0.00000061
28.5780	-0.00000066
28.5821	0.00000056
28.5871	0.00000045
28.5921	-0.00000047
28.5968	-0.00000149
28.6019	-0.00000169
28.6069	-0.00000183
28.6118	-0.00000195
28.6168	-0.00000214
28.6219	0.00000022
28.6269	-0.00000055
28.6319	-0.00000226
28.6367	-0.00000192
28.6419	-0.00000191
28.6469	-0.00000130
28.6519	0.00000020
28.6569	0.00000004
28.6619	0.00000148
28.6671	-0.00000026
28.6719	0.00000029
28.6769	0.00000011
28.6811	0.00000060
28.6860	-0.00000046
28.6910	-0.00000094
28.6958	0.00000021
28.7008	0.00000018
28.7059	-0.00000056
28.7107	-0.00000236
28.7158	0.00000003
28.7208	-0.00000007
28.7258	0.00000163
28.7308	0.00000012
28.7358	0.00000134
28.7408	0.00000134
28.7458	0.00000211
28.7508	0.00000174
28.7557	0.00000145
28.7608	0.00000066
28.7658	0.00000092
28.7708	0.00000109
28.7757	0.00000094
28.7808	0.00000090
28.7859	0.00000022
28.7909	0.00000034
28.7956	-0.00000052
28.8007	-0.00000018
28.8056	-0.00000041
28.8106	-0.00000113
28.8156	-0.00000026
28.8206	-0.00000080
28.8256	-0.00000020
28.8306	-0.00000076
28.8356	0.00000060
28.8406	0.00000014
28.8456	0.00000123
28.8507	-0.00000115
28.8556	0.00000133
28.8606	0.00000192
28.8656	0.00000151
28.8706	0.00000049
28.8756	-0.00000010
28.8808	-0.00000076
28.8858	0.00000077
28.8908	0.00000018
28.8957	0.00000113
28.9005	0.00000129
28.9048	0.00000071
28.9097	-0.00000103
28.9146	0.00000102
28.9188	-0.00000109
28.9237	-0.00000118
28.9287	-0.00000033
28.9338	-0.00000090
28.9388	-0.00000172
28.9437	-0.00000035
28.9487	-0.00000041
28.9538	-0.00000091
28.9587	-0.00000101
28.9637	-0.00000251
28.9688	-0.00000001
28.9737	-0.00000104
28.9787	-0.00000286
28.9829	-0.00000185
28.9879	-0.00000169
28.9929	-0.00000003
28.9976	-0.00000144
29.0026	-0.00000133
29.0076	-0.00000137
29.0126	-0.00000079
29.0176	-0.00000167
29.0226	-0.00000178
29.0276	-0.00000009
29.0326	0.00000030
29.0376	0.00000141
29.0426	0.00000274
29.0476	0.00000454
29.0526	0.00000253
29.0576	0.00000039
29.0626	0.00000086
29.0676	-0.00000085
29.0726	0.00000016
29.0776	0.00000083
29.0828	0.00000052
29.0876	0.00000159
29.0927	-0.00000050
29.0973	-0.00000128
29.1023	-0.00000080
29.1073	0.00000179
29.1123	0.00000241
29.1172	0.00000236
29.1214	0.00000244
29.1263	0.00000269
29.1314	0.00000273
29.1363	0.00000131
29.1413	0.00000048
29.1463	0.00000125
29.1514	0.00000076
29.1564	0.00000181
29.1614	0.00000209
29.1663	0.00000453
29.1714	0.00000316
29.1766	0.00000230
29.1810	0.00000140
29.1861	0.00000079
29.1911	0.00000235
29.1954	0.00000235
29.2004	0.00000109
29.2048	0.00000246
29.2098	0.00000035
29.2149	0.00000059
29.2199	0.00000216
29.2249	0.00000230
29.2293	0.00000313
29.2341	0.00000302
29.2392	0.00000342
29.2443	0.00000304
29.2494	0.00000108
29.2544	0.00000166
29.2593	0.00000058
29.2637	0.00000126
29.2690	0.00000068
29.2735	0.00000045
29.2785	-0.00000184
29.2836	0.00000052
29.2886	-0.00000164
29.2940	-0.00000225
29.2989	-0.00000242
29.3041	-0.00000245
29.3091	-0.00000279
29.3135	-0.00000171
29.3186	-0.00000178
29.3234	-0.00000243
29.3278	-0.00000290
29.3328	-0.00000203
29.3379	-0.00000081
29.3429	-0.00000268
29.3480	-0.00000207
29.3530	-0.00000269
29.3583	-0.00000156
29.3635	-0.00000085
29.3685	-0.00000147
29.3735	-0.00000129
29.3784	-0.00000196
29.3827	-0.00000227
29.3875	-0.00000157
29.3924	-0.00000265
29.3972	-0.00000177
29.4022	-0.00000147
29.4073	-0.00000232
29.4123	-0.00000234
29.4171	-0.00000112
29.4216	-0.00000300
29.4267	0.00000011
29.4318	0.00000042
29.4370	0.00000018
29.4414	-0.00000040
29.4468	-0.00000014
29.4515	0.00000162
29.4566	0.00000156
29.4616	0.00000286
29.4665	0.00000158
29.4715	0.00000005
29.4765	-0.00000020
29.4816	-0.00000211
29.4866	-0.00000148
29.4918	-0.00000158
29.4963	-0.00000183
29.5013	-0.00000105
29.5063	-0.00000194
29.5113	-0.00000259
29.5162	-0.00000115
29.5213	0.00000118
29.5263	0.00000084
29.5313	0.00000238
29.5363	0.00000252
29.5413	0.00000219
29.5462	0.00000086
29.5513	0.00000117
29.5563	-0.00000091
29.5613	-0.00000165
29.5666	0.00000048
29.5713	-0.00000006
29.5763	-0.00000061
29.5813	0.00000149
29.5858	0.00000073
29.5907	0.00000122
29.5954	0.00000130
29.6005	0.00000123
29.6055	0.00000130
29.6105	0.00000014
29.6155	-0.00000001
29.6205	-0.00000035
29.6256	-0.00000093
29.6306	-0.00000113
29.6356	0.00000001
29.6406	-0.00000132
29.6456	-0.00000108
29.6504	-0.00000170
29.6555	-0.00000310
29.6605	-0.00000262
29.6655	-0.00000217
29.6706	0.00000015
29.6754	-0.00000003
29.6805	-0.00000123
29.6856	-0.00000090
29.6906	0.00000035
29.6957	0.00000040
29.7003	-0.00000130
29.7048	0.00000079
29.7098	0.00000028
29.7148	0.00000026
29.7199	-0.00000110
29.7248	0.00000094
29.7299	0.00000100
29.7349	0.00000111
29.7398	0.00000212
29.7448	0.00000242
29.7497	0.00000069
29.7548	0.00000095
29.7598	0.00000040
29.7648	0.00000157
29.7698	0.00000011
29.7748	0.00000197
29.7798	0.00000088
29.7849	0.00000189
29.7899	0.00000166
29.7949	0.00000060
29.7997	-0.00000056
29.8045	-0.00000111
29.8095	-0.00000071
29.8145	0.00000123
29.8195	0.00000039
29.8246	-0.00000167
29.8296	-0.00000111
29.8345	-0.00000150
29.8395	-0.00000098
29.8446	-0.00000110
29.8494	-0.00000089
29.8545	0.00000031
29.8595	0.00000003
29.8645	0.00000166
29.8695	0.00000145
29.8745	0.00000140
29.8795	0.00000042
29.8845	-0.00000040
29.8895	-0.00000058
29.8945	0.00000028
29.8990	0.00000061
29.9040	0.00000045
29.9090	0.00000096
29.9140	0.00000107
29.9190	0.00000038
29.9240	0.00000144
29.9290	0.00000058
29.9340	-0.00000027
29.9391	-0.00000134
29.9441	-0.00000092
29.9490	-0.00000087
29.9542	0.00000075
29.9592	-0.00000004
29.9641	0.00000221
29.9693	0.00000276
29.9741	0.00000252
29.9790	0.00000265
29.9840	0.00000367
29.9891	0.00000382
29.9941	0.00000444
29.9987	0.00000357
30.0037	0.00000310
30.0087	0.00000260
30.0137	0.00000329
30.0187	0.00000106
30.0237	0.00000137
30.0287	-0.00000051
30.0336	-0.00000080
30.0387	0.00000056
30.0437	0.00000205
30.0488	0.00000211
30.0538	0.00000087
30.0588	0.00000082
30.0638	0.00000086
30.0688	0.00000286
30.0738	0.00000252
30.0788	0.00000263
30.0839	0.00000374
30.0889	0.00000392
30.0940	0.00000458
30.0987	0.00000449
30.1038	0.00000506
30.1087	0.00000294
30.1137	0.00000074
30.1187	-0.00000043
30.1237	-0.00000018
30.1287	0.00000001
30.1336	-0.00000217
30.1386	-0.00000112
30.1436	-0.00000229
30.1486	-0.00000166
30.1535	-0.00000252
30.1586	-0.00000263
30.1636	-0.00000339
30.1686	-0.00000259
30.1736	-0.00000080
30.1788	-0.00000105
30.1838	-0.00000029
30.1889	0.00000100
30.1938	0.00000070
30.1985	-0.00000076
30.2035	-0.00000235
30.2085	-0.00000330
30.2135	-0.00000240
30.2185	-0.00000191
30.2235	-0.00000217
30.2285	-0.00000194
30.2335	-0.00000047
30.2385	0.00000073
30.2435	0.00000195
30.2485	0.00000055
30.2535	-0.00000202
30.2585	-0.00000167
30.2635	-0.00000071
30.2686	0.00000060
30.2735	0.00000068
30.2786	0.00000172
30.2836	-0.00000075
30.2888	0.00000020
30.2939	0.00000137
30.2989	0.00000147
30.3039	0.00000214
30.3089	0.00000229
30.3139	0.00000188
30.3189	0.00000133
30.3239	0.00000212
30.3289	0.00000351
30.3338	0.00000205
30.3388	0.00000170
30.3438	0.00000063
30.3488	0.00000097
30.3538	0.00000158
30.3588	0.00000196
30.3638	0.00000090
30.3688	0.00000071
30.3738	0.00000151
30.3788	0.00000122
30.3839	0.00000261
30.3890	0.00000280
30.3939	0.00000105
30.3986	0.00000117
30.4035	0.00000067
30.4085	0.00000053
30.4135	0.00000032
30.4185	-0.00000038
30.4235	0.00000030
30.4285	0.00000011
30.4335	0.00000160
30.4385	-0.00000016
30.4435	-0.00000118
30.4485	-0.00000132
30.4535	0.00000018
30.4585	0.00000079
30.4635	-0.00000029
30.4685	0.00000147
30.4734	0.00000004
30.4785	0.00000103
30.4836	0.00000197
30.4885	0.00000223
30.4935	0.00000284
30.4981	0.00000124
30.5033	-0.00000023
30.5081	0.00000242
30.5133	0.00000038
30.5182	0.00000022
30.5232	-0.00000080
30.5282	-0.00000132
30.5330	-0.00000055
30.5382	-0.00000142
30.5432	-0.00000124
30.5481	0.00000051
30.5532	-0.00000057
30.5581	-0.00000053
30.5632	-0.00000181
30.5681	-0.00000163
30.5732	-0.00000106
30.5782	-0.00000209
30.5832	-0.00000130
30.5884	-0.00000054
30.5934	-0.00000078
30.5982	-0.00000007
30.6032	0.00000036
30.6082	0.00000027
30.6132	-0.00000028
30.6184	0.00000212
30.6232	0.00000190
30.6282	-0.00000032
30.6326	-0.00000081
30.6377	-0.00000041
30.6428	-0.00000105
30.6477	-0.00000164
30.6528	-0.00000091
30.6577	-0.00000215
30.6627	0.00000035
30.6678	0.00000054
30.6727	0.00000035
30.6777	-0.00000005
30.6828	-0.00000168
30.6881	-0.00000106
30.6931	-0.00000484
30.6980	-0.00000421
30.7030	-0.00000415
30.7078	-0.00000435
30.7129	-0.00000290
30.7178	-0.00000159
30.7229	0.00000069
30.7279	0.00000312
30.7327	0.00000230
30.7378	0.00000027
30.7428	0.00000122
30.7477	0.00000172
30.7526	0.00000097
30.7577	0.00000145
30.7626	0.00000117
30.7678	0.00000245
30.7726	0.00000212
30.7777	0.00000169
30.7827	0.00000077
30.7878	0.00000191
30.7928	0.00000096
30.7984	0.00000077
30.8035	0.00000088
30.8085	0.00000119
30.8135	0.00000077
30.8185	0.00000073
30.8235	0.00000004
30.8285	-0.00000003
30.8336	0.00000066
30.8385	0.00000072
30.8435	0.00000163
30.8484	0.00000044
30.8535	-0.00000067
30.8585	0.00000034
30.8635	-0.00000038
30.8684	-0.00000140
30.8735	-0.00000135
30.8785	-0.00000045
30.8834	-0.00000172
30.8885	-0.00000154
30.8935	-0.00000301
30.8984	-0.00000246
30.9031	-0.00000163
30.9080	-0.00000028
30.9131	0.00000148
30.9180	0.00000245
30.9230	0.00000126
30.9281	0.00000089
30.9325	0.00000176
30.9373	0.00000091
30.9424	0.00000019
30.9472	-0.00000032
30.9520	0.00000072
30.9569	0.00000078
30.9618	0.00000101
30.9668	0.00000109
30.9719	0.00000254
30.9762	0.00000274
30.9809	0.00000185
30.9860	0.00000146
30.9911	0.00000174
30.9961	0.00000277
31.0009	0.00000079
31.0060	0.00000044
31.0101	-0.00000145
31.0144	-0.00000119
31.0189	-0.00000061
31.0234	0.00000025
31.0283	-0.00000045
31.0336	-0.00000247
31.0387	-0.00000232
31.0438	-0.00000297
31.0486	-0.00000186
31.0537	-0.00000056
31.0582	0.00000021
31.0630	0.00000003
31.0680	0.00000217
31.0731	0.00000097
31.0775	0.00000084
31.0824	0.00000045
31.0874	0.00000093
31.0927	0.00000050
31.0971	0.00000067
31.1014	0.00000169
31.1068	0.00000243
31.1119	0.00000355
31.1167	0.00000207
31.1219	0.00000285
31.1269	0.00000160
31.1315	0.00000216
31.1367	0.00000268
31.1411	0.00000295
31.1460	0.00000254
31.1510	0.00000244
31.1564	0.00000353
31.1609	0.00000232
31.1659	0.00000439
31.1711	0.00000325
31.1755	0.00000281
31.1802	0.00000299
31.1854	0.00000239
31.1907	0.00000282
31.1952	0.00000439
31.1999	0.00000416
31.2049	0.00000477
31.2100	0.00000419
31.2149	0.00000323
31.2204	0.00000209
31.2248	0.00000131
31.2290	0.00000162
31.2337	0.00000302
31.2389	0.00000194
31.2441	0.00000183
31.2488	0.00000124
31.2539	0.00000164
31.2584	0.00000116
31.2632	0.00000035
31.2683	0.00000014
31.2733	-0.00000021
31.2777	0.00000017
31.2821	0.00000216
31.2871	0.00000087
31.2923	0.00000221
31.2969	0.00000325
31.3017	0.00000209
31.3061	0.00000312
31.3109	0.00000126
31.3158	0.00000301
31.3200	0.00000275
31.3249	0.00000220
31.3301	0.00000013
31.3351	-0.00000202
31.3403	-0.00000107
31.3458	0.00000012
31.3503	-0.00000186
31.3555	-0.00000012
31.3605	0.00000010
31.3649	0.00000094
31.3699	0.00000191
31.3741	0.00000051
31.3794	-0.00000172
31.3845	-0.00000080
31.3897	-0.00000179
31.3940	-0.00000218
31.3998	-0.00000267
31.4050	-0.00000508
31.4103	-0.00000285
31.4151	-0.00000376
31.4201	-0.00000161
31.4251	-0.00000131
31.4301	-0.00000114
31.4351	-0.00000061
31.4396	-0.00000017
31.4444	-0.00000031
31.4491	-0.00000186
31.4541	-0.00000128
31.4594	-0.00000272
31.4638	-0.00000215
31.4688	-0.00000221
31.4739	-0.00000333
31.4784	-0.00000200
31.4833	-0.00000251
31.4874	-0.00000198
31.4916	-0.00000132
31.4966	-0.00000050
31.5014	-0.00000135
31.5057	-0.00000233
31.5110	-0.00000119
31.5157	-0.00000091
31.5203	-0.00000063
31.5254	-0.00000233
31.5300	-0.00000081
31.5348	-0.00000098
31.5399	-0.00000133
31.5448	0.00000020
31.5500	0.00000246
31.5549	0.00000129
31.5593	0.00000081
31.5637	0.00000024
31.5689	0.00000086
31.5741	0.00000103
31.5792	-0.00000000
31.5841	0.00000053
31.5892	0.00000027
31.5942	-0.00000155
31.5992	-0.00000249
31.6039	-0.00000217
31.6089	-0.00000268
31.6134	-0.00000075
31.6187	-0.00000092
31.6234	-0.00000019
31.6278	-0.00000288
31.6322	-0.00000199
31.6373	-0.00000184
31.6417	-0.00000151
31.6468	-0.00000170
31.6518	-0.00000099
31.6562	-0.00000016
31.6613	-0.00000126
31.6661	-0.00000072
31.6712	0.00000003
31.6762	-0.00000131
31.6813	-0.00000277
31.6864	-0.00000151
31.6914	-0.00000122
31.6964	-0.00000261
31.7009	-0.00000266
31.7056	-0.00000064
31.7106	0.00000031
31.7153	0.00000122
31.7204	0.00000069
31.7248	-0.00000021
31.7293	-0.00000009
31.7344	-0.00000035
31.7394	-0.00000134
31.7436	0.00000034
31.7486	0.00000094
31.7535	0.00000116
31.7578	0.00000017
31.7622	-0.00000087
31.7675	0.00000162
31.7726	0.00000038
31.7769	0.00000200
31.7813	0.00000064
31.7869	-0.00000043
31.7915	-0.00000070
31.7969	0.00000065
31.8011	0.00000090
31.8055	0.00000116
31.8099	-0.00000002
31.8144	0.00000125
31.8195	0.00000074
31.8238	0.00000095
31.8289	0.00000237
31.8341	0.00000322
31.8390	0.00000309
31.8432	0.00000236
31.8484	0.00000114
31.8531	0.00000221
31.8581	0.00000209
31.8631	-0.00000019
31.8678	-0.00000056
31.8728	-0.00000036
31.8774	-0.00000096
31.8825	-0.00000136
31.8875	-0.00000149
31.8926	-0.00000004
31.8977	-0.00000108
31.9023	0.00000130
31.9075	0.00000123
31.9128	0.00000109
31.9176	0.00000077
31.9227	-0.00000005
31.9277	0.00000271
31.9323	0.00000290
31.9367	0.00000225
31.9418	0.00000142
31.9468	-0.00000138
31.9520	-0.00000106
31.9569	-0.00000056
31.9619	-0.00000131
31.9661	-0.00000197
31.9709	-0.00000120
31.9761	-0.00000226
31.9810	-0.00000123
31.9860	-0.00000030
31.9913	-0.00000043
31.9963	-0.00000083
32.0008	-0.00000312
32.0056	-0.00000243
32.0107	-0.00000279
32.0161	-0.00000306
32.0207	-0.00000374
32.0259	-0.00000220
32.0308	-0.00000120
32.0353	0.00000002
32.0404	0.00000249
32.0458	0.00000189
32.0507	0.00000121
32.0556	0.00000103
32.0610	0.00000090
32.0658	0.00000073
32.0708	0.00000011
32.0755	0.00000025
32.0797	-0.00000028
32.0841	0.00000087
32.0893	-0.00000049
32.0943	0.00000004
32.0985	-0.00000035
32.1032	-0.00000076
32.1085	-0.00000050
32.1133	-0.00000104
32.1181	0.00000041
32.1231	0.00000018
32.1282	0.00000069
32.1332	0.00000071
32.1375	0.00000007
32.1426	-0.00000058
32.1475	-0.00000065
32.1524	0.00000073
32.1573	0.00000088
32.1626	-0.00000147
32.1677	-0.00000284
32.1725	-0.00000339
32.1777	-0.00000255
32.1823	-0.00000205
32.1868	0.00000003
32.1914	-0.00000248
32.1964	-0.00000253
32.2021	-0.00000256
32.2071	0.00000059
32.2121	-0.00000019
32.2172	0.00000064
32.2220	-0.00000049
32.2264	-0.00000103
32.2316	-0.00000194
32.2364	0.00000091
32.2406	0.00000009
32.2461	0.00000082
32.2507	0.00000052
32.2558	-0.00000129
32.2608	-0.00000056
32.2655	0.00000194
32.2706	-0.00000633
32.2755	-0.00000187
32.2800	-0.00000260
32.2843	-0.00000305
32.2894	-0.00000038
32.2945	-0.00000075
32.2994	0.00000166
32.3043	0.00000156
32.3086	0.00000187
32.3131	0.00000271
32.3181	0.00000175
32.3232	0.00000033
32.3282	0.00000317
32.3332	-0.00000303
32.3381	-0.00000013
32.3432	-0.00000871
32.3480	-0.00000215
32.3531	-0.00000524
32.3582	-0.00000161
32.3627	-0.00000038
32.3670	-0.00000036
32.3721	-0.00000437
32.3770	0.00000061
32.3822	-0.00000147
32.3872	-0.00000207
32.3925	-0.00000242
32.3969	-0.00000120
32.4014	-0.00000360
32.4065	-0.00000371
32.4111	-0.00000595
32.4161	-0.00000355
32.4211	-0.00000027
32.4262	-0.00000038
32.4305	-0.00000102
32.4355	-0.00000296
32.4406	-0.00000087
32.4456	-0.00000577
32.4506	0.00000225
32.4556	-0.00000231
32.4607	0.00000229
32.4660	0.00000296
32.4708	0.00000623
32.4759	-0.00000032
32.4808	0.00000031
32.4858	0.00000135
32.4908	-0.00000171
32.4958	0.00000091
32.5008	-0.00000053
32.5054	0.00000063
32.5104	-0.00000049
32.5154	-0.00000127
32.5203	-0.00000360
32.5254	0.00000104
32.5306	-0.00000376
32.5353	-0.00000128
32.5402	-0.00000457
32.5449	-0.00000407
32.5494	-0.00000671
32.5542	-0.00000224
32.5587	-0.00000783
32.5632	-0.00000319
32.5682	-0.00000125
32.5731	-0.00000542
32.5784	-0.00000128
32.5832	-0.00000201
32.5882	0.00000074
32.5935	-0.00000482
32.5982	-0.00000344
32.6025	-0.00000107
32.6077	-0.00000208
32.6122	-0.00000673
32.6173	-0.00000551
32.6223	-0.00000286
32.6273	-0.00000476
32.6316	-0.00000640
32.6364	-0.00000418
32.6408	-0.00000564
32.6458	-0.00000252
32.6504	0.00000272
32.6554	-0.00000232
32.6607	-0.00000534
32.6655	-0.00000045
32.6708	-0.00000006
32.6759	-0.00000011
32.6809	-0.00000523
32.6861	0.00000171
32.6912	-0.00000121
32.6956	-0.00000244
32.7008	-0.00000025
32.7056	-0.00000277
32.7100	-0.00000075
32.7143	-0.00000190
32.7192	-0.00000464
32.7241	-0.00000374
32.7291	-0.00000255
32.7341	-0.00000436
32.7393	-0.00000074
32.7439	-0.00000551
32.7488	0.00000151
32.7538	-0.00000187
32.7581	-0.00000378
32.7631	-0.00000503
32.7679	-0.00000530
32.7729	-0.00000735
32.7780	-0.00000323
32.7829	-0.00000686
32.7881	-0.00000428
32.7931	-0.00000594
32.7979	-0.00000534
32.8027	-0.00000460
32.8079	-0.00000291
32.8130	-0.00000360
32.8179	-0.00000465
32.8229	-0.00000593
32.8279	0.00000008
32.8329	-0.00000228
32.8378	-0.00000357
32.8429	-0.00000604
32.8477	-0.00000115
32.8528	-0.00000389
32.8579	-0.00000205
32.8629	-0.00000149
32.8678	-0.00000163
32.8728	-0.00000487
32.8778	-0.00000077
32.8830	-0.00000142
32.8880	-0.00000150
32.8928	-0.00000126
32.8978	0.00000054
32.9029	-0.00000167
32.9078	-0.00000385
32.9128	-0.00000701
32.9177	0.00000038
32.9226	-0.00000032
32.9278	-0.00000495
32.9326	-0.00000368
32.9377	-0.00000616
32.9427	-0.00000615
32.9475	-0.00000375
32.9527	-0.00000513
32.9577	-0.00000100
32.9656	-0.00000017
32.9714	-0.00000400
32.9757	-0.00000081
32.9802	-0.00000342
32.9857	0.00000051
32.9900	-0.00000203
32.9941	-0.00000044
32.9986	-0.00000167
33.0032	-0.00000221
33.0073	-0.00000540
33.0126	-0.00000627
33.0172	-0.00000300
33.0223	-0.00000684
33.0274	-0.00000199
33.0322	-0.00000184
33.0373	0.00000200
33.0415	0.00000158
33.0464	-0.00000255
33.0524	-0.00000329
33.0575	-0.00000379
33.0619	-0.00000349
33.0667	-0.00000263
33.0712	-0.00000260
33.0756	-0.00000040
33.0802	-0.00000168
33.0851	-0.00000321
33.0899	-0.00000247
33.0948	-0.00000337
33.0997	0.00000135
33.1051	-0.00000042
33.1094	-0.00000476
33.1146	-0.00000704
33.1191	-0.00000513
33.1242	-0.00000256
33.1294	-0.00000664
33.1358	-0.00000343
33.1407	-0.00000174
33.1457	-0.00000089
33.1505	-0.00000262
33.1556	-0.00000332
33.1602	-0.00000703
33.1652	-0.00000310
33.1702	-0.00000337
33.1754	-0.00000351
33.1796	-0.00000059
33.1859	0.00000042
33.1908	-0.00000322
33.1957	-0.00000239
33.2001	-0.00000591
33.2046	-0.00000730
33.2095	-0.00000360
33.2138	-0.00000515
33.2194	-0.00000745
33.2242	-0.00000450
33.2290	-0.00000614
33.2333	-0.00000278
33.2380	-0.00000392
33.2430	-0.00000490
33.2480	-0.00000033
33.2530	-0.00000655
33.2580	-0.00000495
33.2623	-0.00000424
33.2671	-0.00000547
33.2723	-0.00000370
33.2766	0.00000038
33.2809	-0.00000079
33.2858	-0.00000092
33.2901	-0.00000822
33.2951	-0.00000116
33.3001	-0.00000478
33.3050	-0.00000615
33.3101	-0.00000418
33.3151	-0.00000433
33.3201	-0.00000619
33.3244	-0.00000384
33.3286	-0.00000553
33.3332	-0.00000470
33.3383	-0.00000656
33.3436	-0.00000707
33.3485	-0.00000156
33.3536	-0.00000333
33.3588	-0.00000978
33.3635	-0.00000464
33.3685	-0.00000648
33.3734	-0.00000876
33.3783	-0.00001101
33.3836	-0.00000750
33.3886	-0.00000815
33.3938	-0.00000720
33.3987	-0.00000228
33.4031	-0.00000713
33.4081	-0.00000397
33.4130	-0.00000557
33.4185	-0.00000474
33.4233	-0.00000527
33.4276	-0.00000603
33.4323	-0.00000164
33.4373	-0.00000121
33.4424	-0.00000218
33.4472	-0.00000244
33.4522	-0.00000145
33.4573	-0.00000427
33.4623	-0.00000351
33.4683	-0.00000195
33.4734	-0.00000381
33.4781	-0.00000080
33.4829	-0.00000544
33.4881	-0.00000464
33.4924	-0.00000625
33.4970	-0.00000658
33.5018	-0.00000423
33.5067	-0.00000598
33.5109	-0.00000149
33.5161	-0.00000409
33.5210	-0.00000829
33.5262	-0.00000401
33.5312	-0.00000920
33.5363	-0.00000682
33.5407	-0.00001077
33.5454	-0.00000774
33.5502	-0.00000651
33.5554	-0.00000639
33.5598	-0.00000556
33.5645	-0.00000731
33.5695	-0.00000368
33.5740	-0.00000434
33.5785	-0.00000682
33.5834	-0.00000670
33.5885	-0.00000645
33.5938	-0.00001038
33.5986	-0.00000196
33.6038	-0.00000613
33.6086	-0.00000995
33.6127	-0.00001180
33.6184	-0.00000852
33.6229	-0.00001056
33.6278	-0.00000910
33.6319	-0.00000982
33.6366	-0.00001083
33.6413	-0.00000873
33.6458	-0.00000923
33.6518	-0.00000887
33.6567	-0.00000985
33.6616	-0.00001074
33.6668	-0.00000697
33.6719	-0.00000857
33.6769	-0.00000725
33.6819	-0.00000809
33.6868	-0.00000533
33.6911	-0.00000866
33.6958	-0.00000503
33.7016	-0.00000492
33.7064	-0.00000512
33.7113	-0.00000781
33.7162	-0.00000797
33.7213	-0.00000801
33.7257	-0.00000860
33.7299	-0.00000701
33.7354	-0.00000900
33.7405	-0.00001154
33.7451	-0.00000952
33.7498	-0.00000750
33.7551	-0.00000800
33.7603	-0.00000525
33.7655	-0.00000632
33.7704	-0.00000855
33.7754	-0.00000498
33.7804	-0.00000843
33.7857	-0.00000720
33.7909	-0.00000847
33.7959	-0.00000643
33.8019	-0.00000501
33.8069	-0.00000570
33.8119	-0.00000617
33.8163	-0.00000815
33.8212	-0.00000582
33.8261	-0.00000684
33.8310	-0.00000619
33.8356	-0.00000260
33.8406	-0.00000447
33.8451	-0.00000667
33.8500	-0.00000393
33.8551	-0.00001142
33.8600	-0.00000046
33.8643	-0.00000519
33.8692	-0.00000604
33.8743	-0.00000345
33.8787	-0.00000589
33.8829	-0.00001005
33.8878	-0.00001119
33.8920	-0.00000929
33.8961	-0.00000737
33.9017	-0.00000578
33.9071	-0.00000611
33.9114	-0.00000625
33.9162	-0.00000466
33.9212	-0.00000643
33.9255	-0.00000690
33.9298	-0.00000767
33.9349	-0.00001339
33.9400	-0.00000457
33.9449	-0.00000775
33.9498	-0.00000841
33.9551	-0.00001219
33.9599	-0.00000470
33.9647	-0.00001140
33.9698	-0.00000902
33.9742	-0.00001188
33.9792	-0.00000647
33.9858	-0.00000549
33.9903	-0.00000734
33.9948	-0.00000731
33.9996	-0.00000718
34.0038	-0.00001097
34.0086	-0.00000579
34.0130	-0.00000854
34.0182	-0.00000538
34.0225	-0.00000972
34.0274	-0.00000576
34.0322	-0.00001078
34.0368	-0.00000841
34.0409	-0.00001070
34.0459	-0.00000921
34.0522	-0.00000967
34.0570	-0.00001036
34.0612	-0.00001071
34.0660	-0.00000748
34.0706	-0.00000942
34.0755	-0.00000838
34.0802	-0.00000899
34.0846	-0.00001290
34.0895	-0.00000680
34.0944	-0.00000861
34.0994	-0.00001080
34.1042	-0.00001166
34.1091	-0.00000929
34.1140	-0.00000932
34.1190	-0.00001116
34.1241	-0.00001191
34.1286	-0.00001027
34.1353	-0.00001404
34.1396	-0.00001174
34.1447	-0.00001446
34.1495	-0.00001497
34.1545	-0.00001449
34.1596	-0.00001398
34.1644	-0.00001509
34.1698	-0.00001519
34.1746	-0.00001388
34.1788	-0.00001343
34.1841	-0.00001145
34.1887	-0.00001570
34.1932	-0.00001221
34.1978	-0.00001006
34.2040	0.00000145
34.2086	0.00000091
34.2129	0.00000103
34.2171	0.00000078
34.2213	0.00000149
34.2263	0.00000136
34.2307	0.00000140
34.2353	0.00000187
34.2403	0.00000215
34.2454	0.00000024
34.2497	0.00000115
34.2540	0.00000158
34.2594	0.00000224
34.2642	0.00000168
34.2698	0.00000122
34.2745	0.00000241
34.2796	0.00000094
34.2845	0.00000196
34.2894	0.00000003
34.2935	-0.00000005
34.2986	0.00000125
34.3030	-0.00000132
34.3076	0.00000050
34.3124	-0.00000022
34.3171	-0.00000106
34.3221	-0.00000011
34.3264	0.00000024
34.3308	0.00000151
34.3353	0.00000076
34.3401	0.00000054
34.3443	0.00000143
34.3493	0.00000029
34.3543	0.00000118
34.3595	0.00000156
34.3646	0.00000178
34.3693	-0.00000007
34.3742	-0.00000038
34.3786	0.00000060
34.3837	-0.00000015
34.3887	-0.00000145
34.3939	-0.00000100
34.3986	-0.00000001
34.4034	0.00000059
34.4080	-0.00000044
34.4130	-0.00000073
34.4182	-0.00000067
34.4231	-0.00000193
34.4277	-0.00000193
34.4324	-0.00000227
34.4373	-0.00000098
34.4419	-0.00000138
34.4469	-0.00000075
34.4521	-0.00000081
34.4565	-0.00000248
34.4607	-0.00000259
34.4649	-0.00000135
34.4699	0.00000024
34.4748	-0.00000017
34.4797	0.00000075
34.4843	-0.00000049
34.4885	-0.00000052
34.4930	-0.00000030
34.4983	-0.00000107
34.5028	-0.00000069
34.5082	-0.00000032
34.5134	0.00000158
34.5182	-0.00000045
34.5234	-0.00000099
34.5286	-0.00000152
34.5334	-0.00000071
34.5385	-0.00000151
34.5434	-0.00000027
34.5484	0.00000020
34.5535	0.00000161
34.5585	0.00000184
34.5632	0.00000172
34.5681	0.00000207
34.5730	0.00000233
34.5774	0.00000185
34.5816	-0.00000046
34.5865	-0.00000148
34.5918	-0.00000029
34.5967	0.00000058
34.6011	0.00000106
34.6062	-0.00000062
34.6111	-0.00000043
34.6159	-0.00000169
34.6211	-0.00000130
34.6260	-0.00000128
34.6310	-0.00000132
34.6354	-0.00000306
34.6397	-0.00000267
34.6442	-0.00000131
34.6493	-0.00000148
34.6536	0.00000026
34.6583	0.00000152
34.6635	0.00000264
34.6688	0.00000259
34.6734	0.00000304
34.6785	0.00000157
34.6834	0.00000040
34.6885	-0.00000049
34.6934	-0.00000179
34.6983	-0.00000173
34.7034	0.00000045
34.7082	-0.00000142
34.7126	-0.00000197
34.7177	-0.00000134
34.7226	0.00000037
34.7277	0.00000020
34.7320	0.00000000
34.7363	-0.00000197
34.7413	-0.00000029
34.7462	-0.00000099
34.7513	0.00000031
34.7562	0.00000067
34.7612	0.00000022
34.7654	-0.00000131
34.7704	-0.00000131
34.7754	-0.00000125
34.7796	-0.00000136
34.7840	-0.00000120
34.7892	-0.00000092
34.7944	-0.00000040
34.7996	0.00000038
34.8047	0.00000036
34.8095	0.00000022
34.8139	0.00000024
34.8189	0.00000081
34.8238	0.00000259
34.8282	0.00000323
34.8334	0.00000208
34.8383	0.00000234
34.8433	0.00000332
34.8482	0.00000214
34.8526	0.00000325
34.8577	0.00000323
34.8620	0.00000305
34.8676	0.00000294
34.8726	0.00000182
34.8776	0.00000304
34.8821	0.00000241
34.8867	0.00000145
34.8917	0.00000120
34.8959	0.00000051
34.9009	-0.00000006
34.9059	0.00000029
34.9105	0.00000061
34.9156	0.00000048
34.9207	0.00000043
34.9258	0.00000026
34.9304	-0.00000100
34.9354	-0.00000193
34.9406	-0.00000177
34.9462	-0.00000112
34.9511	-0.00000159
34.9560	-0.00000228
34.9610	-0.00000054
34.9660	-0.00000091
34.9710	0.00000029
34.9761	0.00000237
34.9805	0.00000092
34.9852	0.00000019
34.9902	0.00000132
34.9956	0.00000135
35.0006	-0.00000030
35.0056	-0.00000067
35.0102	-0.00000409
35.0149	-0.00000375
35.0198	-0.00000156
35.0252	-0.00000120
35.0298	0.00000109
35.0342	0.00000140
35.0393	0.00000024
35.0439	-0.00000048
35.0490	0.00000011
35.0533	-0.00000047
35.0583	0.00000054
35.0634	0.00000126
35.0685	0.00000009
35.0734	0.00000096
35.0786	0.00000131
35.0834	0.00000047
35.0885	0.00000151
35.0936	0.00000313
35.0987	0.00000032
35.1034	0.00000058
35.1084	0.00000076
35.1135	-0.00000017
35.1187	0.00000149
35.1236	0.00000208
35.1288	0.00000200
35.1335	0.00000210
35.1379	0.00000170
35.1428	0.00000042
35.1479	0.00000089
35.1523	0.00000105
35.1572	0.00000202
35.1618	-0.00000034
35.1667	0.00000030
35.1719	0.00000155
35.1770	0.00000159
35.1818	0.00000029
35.1870	-0.00000043
35.1919	-0.00000034
35.1962	-0.00000007
35.2005	-0.00000019
35.2055	-0.00000065
35.2104	-0.00000090
35.2152	-0.00000174
35.2205	-0.00000191
35.2253	-0.00000183
35.2302	-0.00000113
35.2354	-0.00000108
35.2404	0.00000003
35.2455	-0.00000002
35.2505	0.00000114
35.2553	0.00000196
35.2603	0.00000321
35.2651	0.00000207
35.2701	-0.00000051
35.2753	-0.00000138
35.2798	-0.00000040
35.2845	-0.00000046
35.2895	-0.00000181
35.2945	-0.00000058
35.2995	-0.00000109
35.3043	-0.00000005
35.3095	0.00000069
35.3141	-0.00000039
35.3192	0.00000072
35.3233	-0.00000013
35.3282	0.00000056
35.3323	-0.00000057
35.3373	-0.00000065
35.3423	-0.00000054
35.3473	-0.00000022
35.3524	-0.00000049
35.3573	-0.00000003
35.3623	-0.00000107
35.3670	0.00000073
35.3718	0.00000111
35.3762	0.00000226
35.3810	0.00000043
35.3860	-0.00000082
35.3909	-0.00000114
35.3961	-0.00000159
35.4011	0.00000110
35.4054	0.00000087
35.4112	0.00000146
35.4162	0.00000186
35.4214	0.00000182
35.4261	0.00000241
35.4314	0.00000378
35.4367	0.00000270
35.4411	0.00000329
35.4461	0.00000167
35.4511	0.00000168
35.4561	0.00000231
35.4609	0.00000060
35.4653	-0.00000108
35.4696	-0.00000048
35.4747	-0.00000008
35.4791	0.00000040
35.4841	0.00000184
35.4891	0.00000249
35.4941	0.00000201
35.4983	0.00000116
35.5033	-0.00000016
35.5083	0.00000044
35.5128	0.00000096
35.5177	0.00000143
35.5222	0.00000149
35.5276	0.00000066
35.5327	0.00000323
35.5380	0.00000231
35.5428	0.00000298
35.5479	0.00000290
35.5523	0.00000358
35.5573	0.00000100
35.5622	0.00000174
35.5671	0.00000237
35.5720	0.00000317
35.5771	0.00000378
35.5822	0.00000378
35.5873	0.00000323
35.5923	0.00000109
35.5972	0.00000159
35.6023	0.00000219
35.6067	0.00000277
35.6116	0.00000197
35.6164	0.00000027
35.6210	-0.00000036
35.6257	-0.00000099
35.6299	-0.00000198
35.6343	-0.00000137
35.6393	-0.00000244
35.6444	-0.00000043
35.6492	-0.00000040
35.6546	0.00000153
35.6593	0.00000136
35.6641	0.00000297
35.6684	0.00000231
35.6734	0.00000316
35.6783	0.00000150
35.6834	-0.00000016
35.6878	-0.00000130
35.6934	-0.00000336
35.6985	-0.00000197
35.7034	-0.00000140
35.7081	-0.00000059
35.7131	-0.00000108
35.7183	-0.00000163
35.7232	-0.00000101
35.7278	-0.00000040
35.7328	-0.00000231
35.7371	-0.00000325
35.7421	-0.00000323
35.7465	-0.00000419
35.7515	-0.00000431
35.7565	-0.00000464
35.7616	-0.00000326
35.7663	-0.00000005
35.7713	-0.00000245
35.7758	-0.00000050
35.7808	0.00000020
35.7855	-0.00000130
35.7904	-0.00000029
35.7954	-0.00000216
35.7998	-0.00000237
35.8043	-0.00000200
35.8097	-0.00000076
35.8144	0.00000096
35.8188	-0.00000112
35.8238	-0.00000149
35.8286	-0.00000181
35.8338	-0.00000131
35.8388	0.00000055
35.8436	0.00000200
35.8487	0.00000363
35.8537	0.00000367
35.8587	0.00000266
35.8639	0.00000294
35.8691	0.00000406
35.8737	0.00000352
35.8781	0.00000216
35.8834	0.00000127
35.8879	0.00000241
35.8931	0.00000258
35.8975	0.00000184
35.9026	0.00000205
35.9076	0.00000008
35.9125	-0.00000066
35.9169	0.00000117
35.9219	0.00000264
35.9270	0.00000334
35.9316	0.00000326
35.9359	0.00000140
35.9409	0.00000130
35.9459	-0.00000036
35.9510	0.00000000
35.9553	0.00000227
35.9604	0.00000122
35.9649	-0.00000021
35.9697	0.00000080
35.9748	0.00000048
35.9797	0.00000021
35.9848	0.00000055
35.9898	0.00000059
35.9940	0.00000060
35.9994	0.00000310
36.0044	0.00000227
36.0094	0.00000464
36.0139	0.00000359
36.0190	0.00000076
36.0239	0.00000058
36.0288	-0.00000180
36.0340	-0.00000157
36.0388	-0.00000224
36.0436	-0.00000192
36.0479	-0.00000177
36.0530	-0.00000075
36.0579	-0.00000019
36.0627	0.00000076
36.0669	0.00000070
36.0718	0.00000010
36.0766	-0.00000119
36.0810	-0.00000014
36.0858	-0.00000147
36.0909	-0.00000288
36.0959	-0.00000183
36.1008	-0.00000196
36.1057	-0.00000234
36.1108	-0.00000252
36.1154	-0.00000113
36.1205	-0.00000253
36.1253	-0.00000101
36.1304	-0.00000143
36.1353	-0.00000316
36.1404	-0.00000112
36.1454	-0.00000188
36.1509	-0.00000044
36.1556	-0.00000248
36.1606	-0.00000188
36.1655	-0.00000276
36.1704	-0.00000337
36.1755	-0.00000279
36.1809	-0.00000144
36.1854	-0.00000045
36.1904	0.00000148
36.1954	-0.00000035
36.2007	-0.00000062
36.2055	-0.00000049
36.2107	-0.00000021
36.2161	0.00000050
36.2210	-0.00000093
36.2254	0.00000090
36.2305	-0.00000031
36.2349	0.00000108
36.2398	0.00000248
36.2449	0.00000165
36.2498	0.00000117
36.2540	-0.00000081
36.2584	-0.00000086
36.2627	-0.00000201
36.2678	-0.00000189
36.2724	-0.00000359
36.2776	-0.00000334
36.2824	-0.00000291
36.2875	-0.00000136
36.2924	-0.00000226
36.2970	-0.00000066
36.3020	-0.00000171
36.3073	-0.00000281
36.3123	-0.00000224
36.3173	-0.00000146
36.3216	-0.00000131
36.3265	-0.00000137
36.3313	-0.00000017
36.3366	0.00000162
36.3409	0.00000126
36.3460	-0.00000082
36.3511	-0.00000275
36.3554	-0.00000217
36.3596	-0.00000111
36.3643	-0.00000099
36.3685	-0.00000030
36.3734	-0.00000199
36.3784	-0.00000249
36.3830	-0.00000208
36.3875	-0.00000134
36.3916	-0.00000072
36.3966	-0.00000066
36.4018	0.00000024
36.4067	0.00000099
36.4117	0.00000127
36.4162	0.00000167
36.4206	0.00000185
36.4255	0.00000159
36.4302	0.00000169
36.4352	0.00000168
36.4401	0.00000309
36.4450	0.00000257
36.4497	0.00000302
36.4541	0.00000311
36.4584	0.00000391
36.4633	0.00000390
36.4686	0.00000307
36.4736	0.00000155
36.4784	0.00000523
36.4829	0.00000358
36.4871	0.00000237
36.4921	0.00000175
36.4972	0.00000176
36.5021	0.00000264
36.5072	0.00000285
36.5122	0.00000415
36.5165	0.00000271
36.5210	0.00000065
36.5258	0.00000027
36.5303	-0.00000005
36.5354	0.00000027
36.5404	0.00000121
36.5454	0.00000242
36.5506	0.00000251
36.5555	0.00000064
36.5605	0.00000137
36.5655	0.00000205
36.5705	0.00000076
36.5755	-0.00000066
36.5804	0.00000023
36.5854	0.00000073
36.5905	0.00000083
36.5954	0.00000250
36.6005	-0.00000003
36.6046	-0.00000043
36.6087	-0.00000064
36.6130	-0.00000180
36.6179	-0.00000033
36.6228	-0.00000093
36.6277	0.00000113
36.6319	-0.00000056
36.6362	-0.00000075
36.6413	-0.00000121
36.6463	-0.00000099
36.6505	-0.00000102
36.6557	0.00000074
36.6605	-0.00000014
36.6655	0.00000048
36.6705	0.00000094
36.6754	-0.00000031
36.6804	0.00000137
36.6855	0.00000229
36.6902	0.00000162
36.6951	0.00000088
36.7001	0.00000227
36.7043	0.00000103
36.7088	0.00000148
36.7138	0.00000008
36.7181	0.00000033
36.7233	0.00000062
36.7281	-0.00000126
36.7326	-0.00000161
36.7378	-0.00000101
36.7426	-0.00000050
36.7477	-0.00000121
36.7532	0.00000053
36.7579	0.00000073
36.7633	0.00000217
36.7680	0.00000175
36.7725	0.00000088
36.7773	0.00000059
36.7817	0.00000022
36.7867	0.00000213
36.7916	0.00000097
36.7967	0.00000172
36.8011	0.00000042
36.8057	-0.00000078
36.8107	-0.00000083
36.8153	-0.00000052
36.8201	0.00000071
36.8249	-0.00000023
36.8299	-0.00000127
36.8353	-0.00000025
36.8406	-0.00000101
36.8454	-0.00000323
36.8498	-0.00000314
36.8543	-0.00000478
36.8594	-0.00000508
36.8643	-0.00000439
36.8693	-0.00000373
36.8736	-0.00000228
36.8784	-0.00000228
36.8835	-0.00000126
36.8885	-0.00000166
36.8935	-0.00000145
36.8979	-0.00000133
36.9023	-0.00000107
36.9074	-0.00000384
36.9122	-0.00000425
36.9173	-0.00000308
36.9221	-0.00000188
36.9271	-0.00000271
36.9319	-0.00000253
36.9368	-0.00000072
36.9411	-0.00000053
36.9463	-0.00000037
36.9511	0.00000065
36.9561	0.00000167
36.9605	0.00000266
36.9648	0.00000156
36.9696	0.00000283
36.9746	0.00000228
36.9795	0.00000056
36.9846	0.00000050
36.9890	-0.00000034
36.9940	-0.00000089
36.9991	-0.00000253
37.0045	-0.00000048
37.0091	-0.00000137
37.0140	-0.00000099
37.0191	0.00000018
37.0245	-0.00000006
37.0294	0.00000064
37.0339	0.00000097
37.0387	-0.00000039
37.0437	0.00000072
37.0485	0.00000062
37.0535	-0.00000091
37.0581	-0.00000166
37.0625	-0.00000088
37.0672	-0.00000162
37.0724	-0.00000224
37.0775	-0.00000262
37.0822	-0.00000263
37.0876	-0.00000274
37.0926	-0.00000133
37.0975	-0.00000018
37.1020	-0.00000065
37.1070	-0.00000105
37.1119	-0.00000080
37.1170	-0.00000206
37.1213	-0.00000105
37.1258	-0.00000115
37.1309	-0.00000186
37.1359	-0.00000232
37.1409	-0.00000227
37.1459	-0.00000267
37.1508	-0.00000137
37.1559	0.00000006
37.1609	0.00000016
37.1652	-0.00000167
37.1703	-0.00000195
37.1753	-0.00000107
37.1801	-0.00000189
37.1846	-0.00000134
37.1891	-0.00000031
37.1943	0.00000091
37.1995	-0.00000047
37.2045	-0.00000189
37.2096	-0.00000038
37.2139	-0.00000100
37.2199	-0.00000150
37.2253	-0.00000264
37.2301	-0.00000219
37.2353	-0.00000310
37.2396	-0.00000011
37.2441	-0.00000012
37.2485	0.00000015
37.2534	0.00000092
37.2582	-0.00000028
37.2635	0.00000096
37.2686	0.00000121
37.2730	0.00000103
37.2781	0.00000190
37.2831	0.00000067
37.2880	0.00000054
37.2931	0.00000011
37.2981	-0.00000103
37.3030	-0.00000288
37.3082	-0.00000227
37.3131	-0.00000094
37.3182	-0.00000099
37.3229	-0.00000143
37.3279	-0.00000159
37.3329	-0.00000099
37.3379	-0.00000113
37.3430	-0.00000044
37.3479	-0.00000150
37.3523	-0.00000272
37.3574	-0.00000111
37.3616	-0.00000245
37.3669	-0.00000139
37.3714	-0.00000157
37.3767	0.00000034
37.3811	0.00000078
37.3854	-0.00000078
37.3897	-0.00000014
37.3946	0.00000005
37.3996	0.00000067
37.4048	0.00000027
37.4099	-0.00000025
37.4149	-0.00000053
37.4195	-0.00000024
37.4243	-0.00000084
37.4293	-0.00000091
37.4343	-0.00000143
37.4389	-0.00000172
37.4434	-0.00000021
37.4478	0.00000090
37.4519	0.00000335
37.4569	0.00000609
37.4619	0.00000455
37.4664	0.00000187
37.4711	0.00000183
37.4764	0.00000196
37.4815	0.00000206
37.4865	0.00000001
37.4914	-0.00000176
37.4964	-0.00000099
37.5014	-0.00000118
37.5057	-0.00000217
37.5109	-0.00000203
37.5159	-0.00000260
37.5209	-0.00000322
37.5255	-0.00000327
37.5306	-0.00000226
37.5353	-0.00000114
37.5397	-0.00000219
37.5448	-0.00000198
37.5503	-0.00000228
37.5556	-0.00000331
37.5607	-0.00000335
37.5657	-0.00000215
37.5704	-0.00000177
37.5753	-0.00000085
37.5803	0.00000031
37.5847	0.00000081
37.5898	0.00000009
37.5946	-0.00000151
37.5992	0.00000125
37.6040	0.00000024
37.6089	-0.00000019
37.6139	-0.00000016
37.6183	-0.00000022
37.6231	-0.00000087
37.6281	0.00000012
37.6334	-0.00000108
37.6379	-0.00000286
37.6431	-0.00000232
37.6481	-0.00000009
37.6531	0.00000031
37.6576	0.00000044
37.6628	0.00000206
37.6673	0.00000161
37.6722	0.00000163
37.6774	0.00000136
37.6823	0.00000319
37.6873	0.00000305
37.6923	0.00000231
37.6972	0.00000192
37.7017	0.00000280
37.7062	0.00000059
37.7106	-0.00000149
37.7155	0.00000034
37.7208	0.00000151
37.7257	0.00000150
37.7303	0.00000069
37.7355	0.00000059
37.7404	0.00000090
37.7453	0.00000141
37.7495	-0.00000071
37.7546	0.00000069
37.7596	-0.00000005
37.7647	0.00000060
37.7697	0.00000092
37.7743	0.00000246
37.7793	0.00000329
37.7844	0.00000518
37.7895	0.00000434
37.7943	0.00000326
37.7988	0.00000397
37.8040	0.00000278
37.8090	0.00000091
37.8135	0.00000157
37.8180	0.00000057
37.8229	0.00000117
37.8278	0.00000063
37.8330	0.00000022
37.8376	-0.00000078
37.8428	-0.00000123
37.8479	-0.00000103
37.8529	-0.00000217
37.8579	-0.00000208
37.8630	-0.00000129
37.8679	-0.00000153
37.8729	-0.00000193
37.8778	-0.00000336
37.8829	-0.00000132
37.8879	0.00000019
37.8928	0.00000083
37.8979	0.00000147
37.9030	0.00000048
37.9080	-0.00000093
37.9131	-0.00000016
37.9182	0.00000061
37.9230	0.00000014
37.9276	0.00000016
37.9327	0.00000055
37.9379	0.00000027
37.9429	0.00000055
37.9477	0.00000121
37.9528	0.00000055
37.9577	0.00000224
37.9627	0.00000060
37.9677	0.00000163
37.9729	0.00000081
37.9778	-0.00000021
37.9829	0.00000088
37.9877	0.00000053
37.9927	-0.00000065
37.9978	-0.00000143
38.0027	-0.00000018
38.0078	0.00000028
38.0131	0.00000085
38.0181	-0.00000103
38.0228	-0.00000053
38.0276	-0.00000064
38.0329	0.00000187
38.0380	0.00000245
38.0429	0.00000269
38.0480	0.00000227
38.0524	0.00000268
38.0566	0.00000141
38.0615	0.00000151
38.0666	0.00000345
38.0715	0.00000408
38.0760	0.00000333
38.0809	0.00000456
38.0852	0.00000429
38.0904	0.00000433
38.0952	0.00000386
38.1002	0.00000317
38.1047	0.00000305
38.1096	0.00000208
38.1143	0.00000188
38.1196	0.00000154
38.1244	0.00000045
38.1291	0.00000016
38.1342	-0.00000114
38.1392	-0.00000082
38.1436	-0.00000104
38.1486	-0.00000007
38.1540	-0.00000022
38.1590	-0.00000056
38.1638	0.00000018
38.1693	-0.00000061
38.1739	-0.00000154
38.1788	0.00000192
38.1839	0.00000233
38.1891	0.00000142
38.1941	0.00000179
38.1990	0.00000037
38.2032	0.00000024
38.2079	-0.00000038
38.2130	-0.00000072
38.2174	-0.00000054
38.2226	-0.00000096
38.2273	0.00000045
38.2327	0.00000260
38.2371	0.00000424
38.2414	0.00000249
38.2465	0.00000244
38.2507	0.00000201
38.2557	0.00000299
38.2607	0.00000333
38.2656	0.00000342
38.2700	0.00000208
38.2753	0.00000358
38.2797	0.00000375
38.2854	0.00000357
38.2900	0.00000315
38.2947	0.00000343
38.2998	0.00000257
38.3047	0.00000137
38.3097	0.00000157
38.3150	0.00000194
38.3198	0.00000164
38.3249	0.00000202
38.3294	0.00000012
38.3346	0.00000095
38.3395	0.00000066
38.3440	0.00000061
38.3491	-0.00000047
38.3536	0.00000113
38.3586	0.00000060
38.3635	0.00000089
38.3685	0.00000202
38.3736	0.00000096
38.3784	0.00000083
38.3829	0.00000275
38.3875	0.00000162
38.3926	0.00000071
38.3977	-0.00000018
38.4022	-0.00000130
38.4075	-0.00000325
38.4126	-0.00000229
38.4176	-0.00000199
38.4226	-0.00000267
38.4270	-0.00000337
38.4314	-0.00000351
38.4356	-0.00000316
38.4404	-0.00000309
38.4455	-0.00000477
38.4505	-0.00000470
38.4555	-0.00000486
38.4605	-0.00000362
38.4649	-0.00000255
38.4698	-0.00000235
38.4749	-0.00000318
38.4800	-0.00000159
38.4844	-0.00000019
38.4896	-0.00000116
38.4944	-0.00000068
38.4993	-0.00000053
38.5045	0.00000063
38.5094	-0.00000067
38.5145	-0.00000176
38.5194	-0.00000190
38.5253	-0.00000115
38.5303	-0.00000180
38.5352	-0.00000199
38.5403	-0.00000183
38.5454	-0.00000275
38.5504	-0.00000219
38.5554	-0.00000141
38.5603	-0.00000011
38.5656	-0.00000103
38.5706	-0.00000145
38.5755	-0.00000108
38.5806	-0.00000025
38.5855	0.00000017
38.5908	-0.00000065
38.5959	0.00000023
38.6004	0.00000022
38.6059	0.00000125
38.6104	0.00000008
38.6154	-0.00000163
38.6204	-0.00000078
38.6254	-0.00000005
38.6300	-0.00000037
38.6350	-0.00000105
38.6400	-0.00000063
38.6450	-0.00000124
38.6501	-0.00000058
38.6552	0.00000069
38.6598	0.00000086
38.6642	0.00000107
38.6688	0.00000228
38.6738	0.00000252
38.6787	0.00000197
38.6838	0.00000010
38.6888	-0.00000110
38.6935	0.00000071
38.6988	0.00000225
38.7039	0.00000164
38.7090	0.00000345
38.7131	0.00000518
38.7179	0.00000435
38.7224	0.00000307
38.7269	0.00000157
38.7320	0.00000156
38.7369	0.00000085
38.7418	0.00000184
38.7469	0.00000183
38.7521	0.00000058
38.7565	-0.00000015
38.7611	0.00000016
38.7656	-0.00000008
38.7705	0.00000028
38.7756	0.00000010
38.7806	-0.00000001
38.7855	0.00000017
38.7901	0.00000047
38.7951	0.00000195
38.8003	0.00000287
38.8057	0.00000360
38.8102	0.00000385
38.8158	0.00000166
38.8204	0.00000095
38.8263	0.00000145
38.8315	0.00000137
38.8365	-0.00000060
38.8412	-0.00000185
38.8463	-0.00000109
38.8513	0.00000020
38.8559	0.00000010
38.8611	-0.00000038
38.8661	-0.00000075
38.8711	-0.00000046
38.8754	-0.00000033
38.8805	0.00000014
38.8850	-0.00000126
38.8899	-0.00000034
38.8946	-0.00000004
38.8998	0.00000114
38.9048	0.00000080
38.9100	0.00000096
38.9154	-0.00000044
38.9205	-0.00000048
38.9251	0.00000071
38.9299	-0.00000004
38.9348	0.00000134
38.9399	0.00000199
38.9448	0.00000059
38.9491	0.00000031
38.9541	-0.00000084
38.9595	-0.00000048
38.9644	-0.00000140
38.9695	-0.00000031
38.9745	-0.00000033
38.9795	-0.00000058
38.9845	0.00000270
38.9895	0.00000229
38.9943	0.00000120
38.9997	0.00000065
39.0046	0.00000063
39.0091	0.00000142
39.0145	0.00000260
39.0190	-0.00000021
39.0236	-0.00000121
39.0283	-0.00000026
39.0326	-0.00000194
39.0370	-0.00000326
39.0415	-0.00000163
39.0468	-0.00000365
39.0520	-0.00000218
39.0569	-0.00000091
39.0620	-0.00000139
39.0672	-0.00000162
39.0723	-0.00000069
39.0768	0.00000053
39.0813	0.00000008
39.0864	0.00000172
39.0914	0.00000096
39.0964	-0.00000178
39.1013	-0.00000096
39.1066	0.00000070
39.1114	-0.00000051
39.1159	-0.00000002
39.1207	-0.00000213
39.1265	-0.00000143
39.1317	-0.00000033
39.1361	-0.00000199
39.1414	-0.00000277
39.1460	-0.00000269
39.1503	-0.00000168
39.1549	-0.00000389
39.1602	-0.00000242
39.1651	-0.00000211
39.1696	-0.00000208
39.1745	-0.00000112
39.1798	-0.00000016
39.1847	0.00000089
39.1896	0.00000040
39.1945	0.00000078
39.1990	-0.00000026
39.2034	0.00000032
39.2084	-0.00000085
39.2134	-0.00000162
39.2185	-0.00000239
39.2235	-0.00000411
39.2285	-0.00000301
39.2336	-0.00000432
39.2389	-0.00000308
39.2437	-0.00000243
39.2488	-0.00000106
39.2536	-0.00000150
39.2582	-0.00000004
39.2628	-0.00000053
39.2674	-0.00000315
39.2716	-0.00000293
39.2770	-0.00000139
39.2820	-0.00000085
39.2873	-0.00000087
39.2919	-0.00000020
39.2969	0.00000128
39.3019	0.00000181
39.3064	0.00000186
39.3113	0.00000235
39.3160	0.00000133
39.3213	0.00000246
39.3271	0.00000381
39.3324	0.00000101
39.3373	0.00000104
39.3421	0.00000163
39.3471	-0.00000102
39.3524	-0.00000043
39.3572	-0.00000187
39.3617	-0.00000130
39.3667	-0.00000113
39.3716	-0.00000102
39.3762	-0.00000184
39.3817	-0.00000243
39.3862	-0.00000031
39.3908	0.00000025
39.3956	0.00000005
39.4000	0.00000044
39.4044	0.00000033
39.4096	0.00000134
39.4146	0.00000336
39.4190	0.00000265
39.4238	0.00000115
39.4287	0.00000142
39.4339	-0.00000044
39.4388	0.00000009
39.4439	-0.00000131
39.4483	0.00000050
39.4530	0.00000003
39.4575	-0.00000047
39.4624	-0.00000181
39.4675	-0.00000162
39.4721	0.00000032
39.4771	-0.00000115
39.4821	-0.00000268
39.4871	-0.00000393
39.4920	-0.00000424
39.4972	-0.00000630
39.5020	-0.00000319
39.5063	-0.00000480
39.5113	-0.00000298
39.5157	-0.00000107
39.5210	-0.00000186
39.5265	-0.00000146
39.5309	-0.00000066
39.5354	0.00000012
39.5406	0.00000098
39.5453	0.00000016
39.5503	0.00000057
39.5552	-0.00000110
39.5595	-0.00000124
39.5647	-0.00000323
39.5698	-0.00000220
39.5749	-0.00000073
39.5792	0.00000119
39.5839	0.00000240
39.5883	0.00000217
39.5928	0.00000115
39.5978	0.00000124
39.6028	0.00000033
39.6079	-0.00000157
39.6131	-0.00000185
39.6174	-0.00000263
39.6218	-0.00000171
39.6267	-0.00000150
39.6314	-0.00000208
39.6364	-0.00000067
39.6417	-0.00000106
39.6467	-0.00000061
39.6517	-0.00000068
39.6559	-0.00000244
39.6608	-0.00000149
39.6658	-0.00000133
39.6703	-0.00000060
39.6753	-0.00000093
39.6803	-0.00000033
39.6852	-0.00000063
39.6902	0.00000143
39.6954	-0.00000117
39.7003	-0.00000119
39.7053	-0.00000048
39.7102	0.00000018
39.7154	0.00000003
39.7204	0.00000016
39.7253	-0.00000019
39.7301	-0.00000207
39.7351	-0.00000209
39.7401	-0.00000171
39.7451	-0.00000255
39.7501	-0.00000355
39.7551	-0.00000157
39.7600	-0.00000058
39.7651	-0.00000075
39.7701	-0.00000112
39.7751	-0.00000119
39.7803	-0.00000158
39.7851	-0.00000160
39.7901	-0.00000162
39.7951	-0.00000201
39.8002	-0.00000352
39.8051	-0.00000416
39.8101	-0.00000331
39.8152	-0.00000193
39.8202	0.00000013
39.8252	-0.00000067
39.8300	-0.00000042
39.8349	-0.00000026
39.8400	-0.00000030
39.8450	-0.00000262
39.8500	-0.00000026
39.8550	0.00000001
39.8599	-0.00000085
39.8650	-0.00000122
39.8700	-0.00000082
39.8749	-0.00000025
39.8800	-0.00000131
39.8850	-0.00000069
39.8900	-0.00000007
39.8951	-0.00000014
39.9000	-0.00000126
39.9050	-0.00000119
39.9099	-0.00000066
39.9140	-0.00000285
39.9190	-0.00000318
39.9241	-0.00000411
39.9287	-0.00000313
39.9338	-0.00000080
39.9388	-0.00000051
39.9436	-0.00000124
39.9488	-0.00000207
39.9538	-0.00000272
39.9582	-0.00000300
39.9631	-0.00000167
39.9682	-0.00000136
39.9727	-0.00000175
39.9782	-0.00000234
39.9829	-0.00000182
39.9878	-0.00000307
39.9929	-0.00000205
39.9978	-0.00000206
40.0028	-0.00000205
40.0078	-0.00000167
40.0128	-0.00000070
40.0178	0.00000035
40.0221	-0.00000140
40.0264	-0.00000053
40.0312	0.00000038
40.0357	-0.00000084
40.0415	0.00000012
40.0465	0.00000037
40.0520	0.00000021
40.0566	-0.00000114
40.0612	-0.00000162
40.0655	-0.00000266
40.0699	-0.00000030
40.0747	-0.00000118
40.0799	0.00000002
40.0849	0.00000137
40.0899	0.00000061
40.0948	-0.00000001
40.0994	0.00000086
40.1044	0.00000170
40.1087	0.00000086
40.1139	0.00000020
40.1190	0.00000050
40.1234	0.00000067
40.1284	0.00000115
40.1329	0.00000068
40.1372	0.00000002
40.1418	-0.00000002
40.1468	0.00000200
40.1519	0.00000148
40.1570	0.00000283
40.1613	0.00000184
40.1656	0.00000105
40.1700	0.00000324
40.1758	0.00000442
40.1810	0.00000206
40.1860	0.00000289
40.1910	0.00000113
40.1955	0.00000099
40.2006	0.00000237
40.2058	0.00000036
40.2106	0.00000264
40.2159	0.00000186
40.2209	0.00000241
40.2254	0.00000263
40.2299	0.00000273
40.2350	0.00000279
40.2398	0.00000281
40.2448	0.00000163
40.2498	-0.00000023
40.2551	0.00000041
40.2596	-0.00000048
40.2647	-0.00000223
40.2699	0.00000079
40.2748	0.00000186
40.2799	0.00000161
40.2849	0.00000194
40.2901	0.00000213
40.2946	0.00000223
40.2995	0.00000233
40.3053	0.00000301
40.3102	0.00000220
40.3153	0.00000133
40.3204	0.00000186
40.3249	0.00000225
40.3302	-0.00000086
40.3350	-0.00000106
40.3400	-0.00000207
40.3450	-0.00000203
40.3498	-0.00000178
40.3544	0.00000002
40.3590	0.00000042
40.3641	0.00000123
40.3692	0.00000137
40.3742	0.00000201
40.3793	0.00000134
40.3838	0.00000203
40.3882	0.00000214
40.3933	0.00000164
40.3983	0.00000181
40.4035	0.00000255
40.4085	0.00000066
40.4134	-0.00000013
40.4178	-0.00000091
40.4228	-0.00000059
40.4277	-0.00000080
40.4324	-0.00000153
40.4373	-0.00000260
40.4423	-0.00000304
40.4473	-0.00000190
40.4518	-0.00000097
40.4564	0.00000000
40.4616	0.00000010
40.4665	0.00000092
40.4717	0.00000086
40.4766	0.00000058
40.4817	0.00000049
40.4861	-0.00000024
40.4912	-0.00000094
40.4961	-0.00000068
40.5012	0.00000035
40.5056	-0.00000144
40.5106	0.00000005
40.5155	0.00000043
40.5206	0.00000051
40.5254	0.00000102
40.5303	0.00000131
40.5350	0.00000184
40.5400	0.00000181
40.5451	0.00000010
40.5500	-0.00000042
40.5544	-0.00000092
40.5588	-0.00000028
40.5637	-0.00000096
40.5689	-0.00000218
40.5738	-0.00000158
40.5786	-0.00000050
40.5833	0.00000016
40.5882	-0.00000106
40.5931	-0.00000197
40.5983	-0.00000003
40.6024	0.00000040
40.6075	0.00000138
40.6124	-0.00000038
40.6176	-0.00000223
40.6226	-0.00000186
40.6274	-0.00000333
40.6324	-0.00000231
40.6368	-0.00000265
40.6418	-0.00000067
40.6466	-0.00000042
40.6511	-0.00000125
40.6561	-0.00000317
40.6611	-0.00000204
40.6661	-0.00000324
40.6711	-0.00000299
40.6761	-0.00000312
40.6812	-0.00000305
40.6861	-0.00000217
40.6911	-0.00000104
40.6961	-0.00000056
40.7011	0.00000024
40.7060	0.00000118
40.7111	0.00000116
40.7160	0.00000223
40.7210	0.00000269
40.7262	0.00000193
40.7307	0.00000125
40.7348	0.00000074
40.7399	0.00000016
40.7442	0.00000092
40.7491	0.00000106
40.7535	0.00000005
40.7585	-0.00000125
40.7636	-0.00000026
40.7686	0.00000063
40.7736	0.00000165
40.7788	0.00000179
40.7833	0.00000140
40.7876	0.00000363
40.7927	0.00000279
40.7976	0.00000278
40.8027	0.00000267
40.8078	0.00000274
40.8128	0.00000302
40.8173	0.00000248
40.8218	-0.00000005
40.8268	-0.00000151
40.8327	-0.00000204
40.8375	-0.00000029
40.8424	-0.00000044
40.8475	-0.00000200
40.8520	-0.00000189
40.8572	-0.00000229
40.8621	-0.00000157
40.8671	-0.00000006
40.8723	0.00000136
40.8774	0.00000256
40.8825	0.00000364
40.8876	0.00000358
40.8927	0.00000226
40.8975	0.00000048
40.9027	0.00000009
40.9077	0.00000108
40.9126	-0.00000096
40.9178	-0.00000119
40.9231	-0.00000163
40.9283	-0.00000092
40.9326	-0.00000096
40.9379	-0.00000081
40.9429	-0.00000033
40.9477	0.00000077
40.9528	-0.00000019
40.9580	0.00000065
40.9629	0.00000081
40.9675	-0.00000005
40.9724	0.00000088
40.9774	-0.00000032
40.9824	-0.00000055
40.9874	-0.00000116
40.9924	0.00000057
40.9974	0.00000058
41.0019	0.00000043
41.0071	0.00000219
41.0117	0.00000252
41.0167	0.00000290
41.0217	0.00000276
41.0260	0.00000183
41.0317	0.00000091
41.0370	0.00000019
41.0420	-0.00000262
41.0469	-0.00000115
41.0519	0.00000009
41.0567	0.00000118
41.0618	0.00000037
41.0668	0.00000185
41.0713	0.00000267
41.0765	0.00000306
41.0815	0.00000273
41.0858	0.00000120
41.0904	0.00000077
41.0949	0.00000197
41.0999	0.00000019
41.1050	0.00000098
41.1093	0.00000045
41.1144	0.00000000
41.1195	0.00000003
41.1245	-0.00000137
41.1291	-0.00000097
41.1338	0.00000038
41.1391	-0.00000053
41.1441	0.00000015
41.1491	-0.00000094
41.1541	-0.00000235
41.1593	-0.00000068
41.1646	-0.00000032
41.1694	-0.00000011
41.1749	-0.00000014
41.1796	0.00000126
41.1846	0.00000065
41.1896	-0.00000016
41.1938	0.00000087
41.1986	-0.00000049
41.2035	0.00000002
41.2084	0.00000250
41.2136	0.00000205
41.2189	0.00000233
41.2234	0.00000216
41.2281	0.00000184
41.2324	0.00000071
41.2367	-0.00000257
41.2411	-0.00000176
41.2462	-0.00000178
41.2514	-0.00000275
41.2563	-0.00000394
41.2615	-0.00000321
41.2665	-0.00000365
41.2715	-0.00000201
41.2764	-0.00000098
41.2814	-0.00000069
41.2857	-0.00000163
41.2906	0.00000035
41.2953	0.00000078
41.2997	-0.00000010
41.3040	0.00000013
41.3084	-0.00000054
41.3134	-0.00000276
41.3186	-0.00000281
41.3236	-0.00000177
41.3283	-0.00000105
41.3335	-0.00000009
41.3384	-0.00000082
41.3438	-0.00000038
41.3483	-0.00000027
41.3526	0.00000051
41.3568	0.00000014
41.3610	0.00000134
41.3662	0.00000108
41.3712	0.00000181
41.3761	0.00000162
41.3812	0.00000200
41.3855	0.00000178
41.3898	0.00000270
41.3942	0.00000075
41.3992	0.00000113
41.4039	0.00000109
41.4089	0.00000124
41.4137	0.00000194
41.4181	0.00000036
41.4226	-0.00000120
41.4276	-0.00000005
41.4326	0.00000021
41.4373	0.00000129
41.4420	0.00000092
41.4471	0.00000176
41.4520	0.00000195
41.4574	0.00000165
41.4621	0.00000107
41.4665	-0.00000067
41.4715	-0.00000197
41.4759	-0.00000034
41.4812	-0.00000021
41.4856	-0.00000192
41.4909	-0.00000162
41.4957	-0.00000086
41.5006	-0.00000053
41.5057	0.00000159
41.5107	0.00000121
41.5158	0.00000127
41.5208	0.00000116
41.5256	0.00000146
41.5309	0.00000126
41.5355	0.00000008
41.5407	-0.00000132
41.5456	-0.00000306
41.5507	-0.00000290
41.5555	-0.00000142
41.5602	-0.00000249
41.5649	-0.00000164
41.5699	0.00000090
41.5748	0.00000022
41.5798	0.00000086
41.5848	-0.00000116
41.5898	0.00000070
41.5942	0.00000016
41.5991	0.00000290
41.6039	0.00000125
41.6083	0.00000090
41.6133	0.00000147
41.6178	0.00000262
41.6221	0.00000202
41.6265	0.00000191
41.6307	0.00000210
41.6359	0.00000293
41.6405	0.00000318
41.6452	0.00000216
41.6496	0.00000206
41.6546	0.00000244
41.6595	0.00000113
41.6643	0.00000221
41.6686	0.00000325
41.6737	0.00000185
41.6786	0.00000114
41.6836	0.00000123
41.6887	0.00000132
41.6935	0.00000280
41.6986	0.00000304
41.7034	0.00000060
41.7081	0.00000100
41.7130	0.00000105
41.7175	0.00000182
41.7228	0.00000214
41.7279	0.00000393
41.7329	0.00000384
41.7379	0.00000361
41.7427	0.00000135
41.7478	0.00000097
41.7522	0.00000182
41.7565	0.00000050
41.7609	-0.00000048
41.7660	-0.00000050
41.7707	0.00000029
41.7758	0.00000052
41.7808	-0.00000037
41.7859	0.00000011
41.7903	-0.00000068
41.7952	0.00000104
41.7996	-0.00000043
41.8049	-0.00000216
41.8097	-0.00000022
41.8147	-0.00000045
41.8194	-0.00000111
41.8246	-0.00000254
41.8290	-0.00000276
41.8338	-0.00000244
41.8382	-0.00000171
41.8426	-0.00000365
41.8476	-0.00000339
41.8518	-0.00000028
41.8568	-0.00000159
41.8618	-0.00000122
41.8661	-0.00000133
41.8709	-0.00000312
41.8759	-0.00000437
41.8810	-0.00000382
41.8858	-0.00000320
41.8902	-0.00000184
41.8954	-0.00000242
41.9004	-0.00000208
41.9050	-0.00000130
41.9096	-0.00000135
41.9142	-0.00000108
41.9196	0.00000200
41.9247	0.00000159
41.9291	0.00000215
41.9336	0.00000098
41.9387	0.00000081
41.9437	-0.00000043
41.9486	0.00000258
41.9539	0.00000168
41.9587	0.00000058
41.9637	0.00000165
41.9682	0.00000020
41.9733	-0.00000018
41.9782	-0.00000024
41.9831	0.00000125
41.9880	-0.00000012
41.9930	0.00000039
41.9981	0.00000159
42.0029	0.00000186
42.0071	0.00000246
42.0121	0.00000203
42.0171	0.00000359
42.0222	0.00000261
42.0272	0.00000185
42.0323	0.00000020
42.0369	0.00000021
42.0418	-0.00000055
42.0461	-0.00000108
42.0509	0.00000130
42.0553	0.00000088
42.0599	0.00000272
42.0644	0.00000178
42.0693	0.00000118
42.0743	0.00000171
42.0792	0.00000147
42.0835	-0.00000016
42.0877	0.00000045
42.0926	0.00000023
42.0976	-0.00000086
42.1026	0.00000010
42.1075	0.00000044
42.1116	-0.00000134
42.1160	-0.00000089
42.1202	-0.00000186
42.1253	-0.00000286
42.1302	-0.00000215
42.1345	0.00000012
42.1395	0.00000023
42.1443	0.00000042
42.1489	0.00000110
42.1539	0.00000093
42.1591	-0.00000044
42.1641	-0.00000007
42.1685	0.00000166
42.1737	0.00000168
42.1792	0.00000171
42.1842	0.00000270
42.1888	0.00000152
42.1939	0.00000101
42.1988	0.00000183
42.2030	0.00000349
42.2078	0.00000365
42.2127	0.00000308
42.2178	0.00000210
42.2227	0.00000070
42.2275	0.00000170
42.2325	0.00000180
42.2382	0.00000185
42.2433	0.00000297
42.2477	0.00000325
42.2521	0.00000332
42.2573	0.00000191
42.2617	0.00000365
42.2658	0.00000272
42.2703	0.00000238
42.2749	-0.00000068
42.2797	-0.00000016
42.2851	-0.00000054
42.2902	0.00000070
42.2954	-0.00000110
42.3002	-0.00000137
42.3047	0.00000020
42.3096	0.00000103
42.3148	0.00000101
42.3194	0.00000076
42.3243	-0.00000111
42.3295	-0.00000131
42.3345	-0.00000185
42.3401	-0.00000037
42.3450	-0.00000012
42.3499	0.00000068
42.3542	0.00000031
42.3589	0.00000091
42.3637	0.00000320
42.3689	0.00000293
42.3734	0.00000193
42.3783	0.00000101
42.3835	0.00000196
42.3884	0.00000170
42.3934	0.00000022
42.3986	0.00000031
42.4032	-0.00000014
42.4082	-0.00000035
42.4130	0.00000008
42.4180	-0.00000022
42.4224	0.00000042
42.4276	0.00000073
42.4326	-0.00000132
42.4372	-0.00000076
42.4427	-0.00000027
42.4470	-0.00000106
42.4519	0.00000006
42.4563	-0.00000071
42.4614	0.00000132
42.4664	0.00000330
42.4714	0.00000487
42.4764	0.00000480
42.4812	0.00000483
42.4856	0.00000299
42.4901	0.00000278
42.4952	0.00000139
42.4996	0.00000093
42.5043	0.00000116
42.5091	0.00000046
42.5140	0.00000289
42.5192	0.00000303
42.5236	0.00000352
42.5287	0.00000249
42.5332	0.00000311
42.5381	0.00000367
42.5435	0.00000166
42.5483	0.00000127
42.5528	0.00000179
42.5584	0.00000178
42.5629	0.00000159
42.5680	0.00000247
42.5724	0.00000225
42.5773	0.00000176
42.5815	0.00000099
42.5865	0.00000011
42.5915	-0.00000227
42.5965	-0.00000089
42.6015	-0.00000082
42.6058	-0.00000188
42.6102	-0.00000108
42.6146	-0.00000256
42.6195	-0.00000208
42.6246	-0.00000064
42.6296	0.00000059
42.6343	0.00000137
42.6391	0.00000230
42.6439	0.00000209
42.6482	0.00000145
42.6526	0.00000027
42.6569	-0.00000137
42.6620	0.00000055
42.6670	0.00000015
42.6714	0.00000044
42.6765	0.00000175
42.6813	0.00000230
42.6864	0.00000475
42.6910	0.00000532
42.6960	0.00000412
42.7010	0.00000444
42.7060	0.00000060
42.7110	0.00000076
42.7160	0.00000114
42.7209	-0.00000036
42.7261	-0.00000098
42.7311	0.00000090
42.7361	0.00000116
42.7407	0.00000183
42.7451	0.00000268
42.7494	0.00000246
42.7546	0.00000253
42.7589	0.00000215
42.7632	0.00000100
42.7675	0.00000107
42.7717	0.00000108
42.7767	0.00000142
42.7813	0.00000152
42.7864	0.00000069
42.7908	0.00000123
42.7955	0.00000250
42.8007	0.00000220
42.8057	-0.00000045
42.8100	-0.00000134
42.8153	-0.00000209
42.8203	-0.00000259
42.8253	-0.00000205
42.8296	-0.00000078
42.8346	0.00000048
42.8392	0.00000009
42.8443	0.00000145
42.8493	0.00000168
42.8536	-0.00000004
42.8586	-0.00000078
42.8635	-0.00000081
42.8678	0.00000071
42.8732	0.00000090
42.8778	0.00000020
42.8830	0.00000087
42.8874	-0.00000012
42.8918	0.00000022
42.8963	0.00000263
42.9013	0.00000343
42.9064	0.00000138
42.9114	0.00000073
42.9163	0.00000104
42.9207	0.00000131
42.9251	0.00000050
42.9296	-0.00000051
42.9348	-0.00000178
42.9397	-0.00000238
42.9446	-0.00000104
42.9497	-0.00000169
42.9548	-0.00000149
42.9598	-0.00000281
42.9647	-0.00000296
42.9689	0.00000021
42.9739	0.00000209
42.9792	0.00000138
42.9841	-0.00000018
42.9891	0.00000166
42.9941	0.00000022
42.9991	-0.00000145
43.0042	-0.00000220
43.0094	-0.00000211
43.0143	-0.00000071
43.0194	-0.00000179
43.0243	-0.00000370
43.0293	-0.00000256
43.0336	-0.00000242
43.0385	-0.00000094
43.0431	-0.00000171
43.0480	-0.00000193
43.0531	-0.00000317
43.0575	-0.00000260
43.0620	-0.00000164
43.0672	-0.00000205
43.0721	-0.00000327
43.0772	-0.00000207
43.0818	-0.00000163
43.0869	-0.00000109
43.0918	0.00000077
43.0968	-0.00000006
43.1019	0.00000213
43.1066	0.00000044
43.1114	0.00000190
43.1166	0.00000321
43.1213	0.00000324
43.1264	0.00000348
43.1306	0.00000138
43.1356	0.00000247
43.1402	0.00000309
43.1453	0.00000220
43.1503	-0.00000034
43.1553	-0.00000072
43.1598	0.00000056
43.1645	0.00000224
43.1687	0.00000226
43.1738	0.00000196
43.1781	0.00000131
43.1833	-0.00000107
43.1876	-0.00000045
43.1928	0.00000031
43.1977	0.00000232
43.2028	0.00000205
43.2071	0.00000209
43.2120	0.00000268
43.2169	0.00000339
43.2220	0.00000381
43.2270	0.00000211
43.2319	0.00000149
43.2373	-0.00000053
43.2422	-0.00000075
43.2470	-0.00000119
43.2516	-0.00000168
43.2560	-0.00000135
43.2605	-0.00000118
43.2651	0.00000018
43.2697	0.00000116
43.2744	0.00000114
43.2797	0.00000104
43.2847	0.00000252
43.2895	0.00000060
43.2946	-0.00000001
43.2994	-0.00000055
43.3047	-0.00000157
43.3094	0.00000036
43.3147	-0.00000042
43.3195	0.00000096
43.3247	0.00000005
43.3296	-0.00000091
43.3345	-0.00000373
43.3400	-0.00000153
43.3450	-0.00000056
43.3505	-0.00000089
43.3556	0.00000124
43.3605	0.00000128
43.3654	0.00000120
43.3705	0.00000139
43.3752	0.00000199
43.3807	0.00000213
43.3856	0.00000210
43.3904	0.00000184
43.3955	0.00000164
43.4005	0.00000225
43.4055	0.00000299
43.4134	0.00000287
43.4183	-0.00000014
43.4235	0.00000065
43.4292	0.00000059
43.4343	-0.00000028
43.4395	0.00000160
43.4440	0.00000043
43.4490	-0.00000007
43.4533	0.00000068
43.4578	-0.00000109
43.4652	0.00000037
43.4697	-0.00000153
43.4747	-0.00000256
43.4802	-0.00000275
43.4845	-0.00000166
43.4887	-0.00000092
43.4933	-0.00000108
43.4984	-0.00000037
43.5035	-0.00000157
43.5080	-0.00000341
43.5136	-0.00000090
43.5180	-0.00000118
43.5233	-0.00000284
43.5315	-0.00000253
43.5364	-0.00000219
43.5421	-0.00000082
43.5471	-0.00000131
43.5521	-0.00000055
43.5562	-0.00000089
43.5610	0.00000026
43.5660	-0.00000040
43.5703	-0.00000082
43.5752	0.00000051
43.5801	0.00000136
43.5843	0.00000034
43.5896	-0.00000240
43.5944	-0.00000459
43.5994	-0.00000309
43.6042	-0.00000292
43.6091	-0.00000096
43.6140	-0.00000249
43.6190	-0.00000231
43.6232	-0.00000193
43.6314	-0.00000141
43.6364	-0.00000148
43.6408	-0.00000180
43.6469	-0.00000228
43.6515	-0.00000059
43.6564	-0.00000121
43.6619	-0.00000058
43.6665	-0.00000098
43.6716	-0.00000242
43.6765	-0.00000595
43.6818	-0.00000538
43.6865	-0.00000031
43.6915	-0.00000304
43.6985	0.00000270
43.7034	0.00000011
43.7084	0.00000015
43.7139	-0.00000059
43.7184	-0.00000232
43.7234	0.00000241
43.7297	-0.00000189
43.7345	0.00000164
43.7395	-0.00000176
43.7441	-0.00000108
43.7494	-0.00000263
43.7542	-0.00000444
43.7592	-0.00000075
43.7641	-0.00000011
43.7692	-0.00000157
43.7742	-0.00000232
43.7801	-0.00000375
43.7852	-0.00000008
43.7901	-0.00000435
43.7980	-0.00000395
43.8021	-0.00000520
43.8072	-0.00000385
43.8132	-0.00000025
43.8182	-0.00000044
43.8232	0.00000030
43.8307	-0.00000287
43.8353	-0.00000297
43.8403	0.00000202
43.8456	0.00000254
43.8500	-0.00000312
43.8549	0.00000011
43.8599	-0.00000056
43.8650	0.00000401
43.8699	0.00000274
43.8748	0.00000360
43.8807	-0.00000717
43.8860	-0.00000100
43.8909	-0.00000283
43.8965	-0.00000287
43.9009	-0.00000427
43.9059	-0.00000035
43.9109	0.00000510
43.9159	-0.00000448
43.9209	0.00000245
43.9260	-0.00000241
43.9311	-0.00000236
43.9360	-0.00000194
43.9410	-0.00000265
43.9470	-0.00000087
43.9516	-0.00000337
43.9566	-0.00000043
43.9608	0.00000153
43.9660	0.00000121
43.9709	-0.00000352
43.9760	-0.00000118
43.9810	-0.00000455
43.9860	-0.00000552
43.9910	-0.00000118
43.9972	-0.00000151
44.0020	-0.00000585
44.0070	-0.00000391
44.0129	-0.00000005
44.0180	-0.00000295
44.0230	-0.00000218
44.0308	-0.00000361
44.0360	-0.00000261
44.0410	0.00000100
44.0487	-0.00000334
44.0537	-0.00000722
44.0586	-0.00000187
44.0648	-0.00000428
44.0697	-0.00000243
44.0747	0.00000060
44.0817	-0.00000194
44.0873	-0.00000508
44.0917	-0.00000083
44.0970	-0.00000269
44.1020	-0.00000105
44.1076	-0.00000144
44.1138	0.00000256
44.1182	0.00000163
44.1231	0.00000534
44.1284	0.00000383
44.1332	0.00000464
44.1382	0.00000359
44.1433	0.00000039
44.1479	0.00000253
44.1524	0.00000282
44.1566	0.00000175
44.1614	0.00000168
44.1666	0.00000283
44.1708	0.00000504
44.1758	0.00000335
44.1808	0.00000432
44.1858	0.00000329
44.1907	0.00000050
44.1958	0.00000399
44.2008	0.00000055
44.2058	-0.00000154
44.2100	0.00000139
44.2142	0.00000391
44.2185	-0.00000465
44.2234	-0.00000245
44.2285	-0.00000021
44.2337	-0.00000079
44.2391	-0.00000123
44.2434	-0.00000259
44.2480	-0.00000328
44.2532	0.00000069
44.2579	0.00000334
44.2633	0.00000151
44.2680	0.00000213
44.2724	0.00000059
44.2766	0.00000292
44.2816	-0.00000154
44.2867	-0.00000453
44.2917	-0.00000414
44.2961	-0.00000423
44.3002	0.00000014
44.3054	-0.00000268
44.3112	-0.00000262
44.3164	-0.00000490
44.3211	-0.00000259
44.3254	-0.00000654
44.3304	0.00000017
44.3354	0.00000035
44.3402	-0.00000216
44.3449	-0.00000187
44.3499	-0.00000172
44.3549	-0.00000147
44.3596	-0.00000071
44.3640	-0.00000613
44.3684	-0.00000222
44.3732	-0.00000782
44.3782	-0.00000163
44.3826	-0.00000345
44.3871	-0.00000442
44.3924	-0.00000722
44.3971	-0.00000646
44.4019	-0.00000704
44.4068	-0.00000459
44.4113	-0.00000473
44.4164	-0.00000163
44.4213	-0.00000246
44.4259	-0.00000400
44.4306	-0.00000095
44.4357	-0.00000497
44.4404	-0.00000681
44.4458	-0.00000458
44.4505	-0.00000352
44.4554	-0.00000468
44.4603	-0.00000303
44.4654	-0.00000214
44.4698	-0.00000542
44.4741	-0.00000573
44.4792	-0.00000155
44.4841	-0.00000374
44.4891	0.00000056
44.4951	-0.00000468
44.5000	0.00000031
44.5043	0.00000000
44.5092	-0.00000091
44.5145	-0.00000192
44.5195	-0.00000409
44.5242	-0.00000406
44.5294	0.00000150
44.5345	-0.00000474
44.5394	0.00000182
44.5435	-0.00000198
44.5485	0.00000119
44.5528	-0.00000235
44.5578	-0.00000444
44.5629	-0.00000335
44.5679	-0.00000329
44.5722	0.00000079
44.5764	-0.00000563
44.5805	-0.00000575
44.5848	-0.00000019
44.5896	-0.00000005
44.5951	0.00000031
44.5998	-0.00000422
44.6049	-0.00000139
44.6090	-0.00000556
44.6142	-0.00000428
44.6193	0.00000018
44.6240	-0.00000169
44.6290	-0.00000406
44.6341	-0.00000327
44.6390	-0.00000002
44.6443	-0.00000138
44.6495	-0.00000191
44.6539	-0.00000482
44.6582	-0.00000281
44.6636	-0.00000223
44.6685	-0.00000272
44.6735	-0.00000486
44.6794	-0.00000111
44.6847	-0.00000417
44.6892	-0.00000639
44.6947	-0.00000840
44.6992	-0.00000700
44.7042	-0.00000111
44.7091	-0.00000409
44.7141	-0.00000316
44.7194	-0.00000271
44.7244	-0.00000422
44.7294	-0.00000543
44.7347	-0.00000823
44.7395	-0.00000428
44.7450	-0.00000465
44.7495	-0.00000851
44.7542	-0.00001086
44.7593	-0.00000476
44.7645	-0.00000659
44.7694	-0.00000690
44.7741	-0.00000491
44.7792	-0.00000654
44.7843	-0.00000060
44.7891	-0.00000481
44.7932	-0.00000207
44.7985	-0.00000304
44.8027	-0.00000311
44.8072	-0.00000288
44.8122	-0.00000528
44.8173	-0.00000592
44.8215	-0.00000486
44.8264	-0.00000622
44.8318	-0.00000160
44.8369	-0.00000230
44.8418	-0.00000080
44.8464	-0.00000349
44.8518	-0.00000189
44.8565	-0.00000145
44.8614	-0.00000034
44.8667	-0.00000261
44.8710	-0.00000210
44.8759	-0.00000432
44.8809	-0.00000376
44.8859	-0.00000215
44.8901	-0.00000465
44.8949	0.00000115
44.8995	-0.00000180
44.9043	0.00000127
44.9091	-0.00000066
44.9140	-0.00000286
44.9185	-0.00000437
44.9233	-0.00000350
44.9283	-0.00000084
44.9330	-0.00000367
44.9373	-0.00000444
44.9423	-0.00000349
44.9466	-0.00000245
44.9516	-0.00000221
44.9565	-0.00000714
44.9618	-0.00000582
44.9666	-0.00000410
44.9713	-0.00000510
44.9763	-0.00000688
44.9813	-0.00000818
44.9864	-0.00000163
44.9914	0.00000013
44.9958	-0.00000238
45.0010	-0.00000104
45.0060	-0.00000739
45.0113	-0.00000593
45.0155	-0.00001064
45.0197	-0.00000920
45.0242	-0.00001097
45.0292	-0.00000972
45.0341	-0.00000470
45.0393	-0.00001016
45.0449	-0.00000685
45.0500	-0.00000866
45.0554	-0.00000599
45.0597	-0.00000398
45.0648	-0.00000294
45.0696	-0.00000629
45.0745	-0.00000747
45.0794	-0.00000483
45.0846	-0.00000414
45.0895	-0.00000610
45.0939	-0.00000623
45.0989	-0.00000490
45.1030	-0.00000747
45.1076	-0.00000281
45.1122	-0.00000539
45.1175	-0.00000540
45.1224	-0.00000565
45.1275	-0.00000663
45.1320	-0.00001028
45.1370	-0.00000945
45.1416	-0.00000745
45.1470	-0.00000494
45.1519	-0.00000823
45.1568	-0.00000503
45.1618	-0.00000998
45.1667	-0.00001247
45.1719	-0.00000802
45.1770	-0.00000786
45.1832	-0.00000570
45.1881	-0.00000569
45.1930	-0.00000240
45.1982	-0.00000602
45.2034	-0.00000703
45.2085	-0.00000849
45.2139	-0.00000226
45.2191	-0.00000837
45.2235	-0.00000799
45.2282	-0.00000651
45.2332	-0.00000735
45.2381	-0.00000574
45.2430	-0.00000468
45.2478	-0.00000682
45.2531	-0.00000726
45.2579	-0.00000492
45.2628	-0.00000245
45.2674	-0.00000669
45.2722	-0.00000520
45.2772	-0.00000496
45.2824	-0.00000361
45.2873	-0.00000710
45.2923	-0.00000105
45.2973	-0.00000442
45.3015	-0.00000414
45.3065	-0.00000413
45.3124	-0.00000838
45.3169	-0.00000831
45.3218	-0.00000978
45.3275	-0.00000867
45.3319	-0.00001135
45.3369	-0.00000589
45.3411	-0.00000766
45.3460	-0.00000741
45.3505	-0.00000787
45.3553	-0.00000909
45.3594	-0.00000831
45.3644	-0.00000672
45.3695	-0.00000765
45.3743	-0.00000733
45.3794	-0.00001393
45.3846	-0.00001037
45.3890	-0.00000921
45.3933	-0.00000841
45.3978	-0.00000609
45.4020	-0.00001131
45.4062	-0.00001072
45.4123	-0.00000912
45.4173	-0.00000996
45.4217	-0.00000684
45.4277	-0.00000686
45.4322	-0.00000795
45.4371	-0.00001168
45.4420	-0.00001357
45.4472	-0.00000994
45.4521	-0.00000884
45.4568	-0.00000429
45.4610	-0.00000755
45.4662	-0.00001312
45.4710	-0.00000947
45.4760	-0.00000583
45.4811	-0.00001031
45.4861	-0.00000897
45.4912	-0.00001081
45.4961	-0.00000340
45.5011	-0.00000441
45.5053	-0.00000620
45.5095	-0.00000573
45.5140	-0.00000975
45.5191	-0.00000920
45.5239	-0.00001196
45.5293	-0.00001001
45.5335	-0.00001011
45.5384	-0.00001115
45.5442	-0.00000589
45.5487	-0.00000727
45.5535	-0.00000558
45.5585	-0.00000881
45.5634	-0.00000928
45.5686	-0.00001506
45.5728	-0.00001057
45.5771	-0.00001013
45.5813	-0.00001428
45.5856	-0.00001011
45.5905	-0.00000913
45.5956	-0.00000983
45.6009	-0.00000674
45.6055	-0.00000978
45.6111	-0.00000982
45.6157	-0.00000464
45.6209	-0.00001282
45.6257	-0.00001099
45.6308	-0.00001221
45.6359	-0.00000678
45.6410	-0.00001166
45.6466	-0.00000976
45.6518	-0.00001365
45.6561	-0.00001064
45.6612	-0.00001073
45.6658	-0.00001209
45.6707	-0.00001065
45.6757	-0.00001374
45.6809	-0.00001250
45.6858	-0.00001098
45.6904	-0.00001241
45.6970	-0.00000038
45.7016	-0.00000224
45.7067	-0.00000145
45.7111	-0.00000110
45.7154	0.00000083
45.7205	-0.00000008
45.7248	0.00000211
45.7292	0.00000214
45.7334	0.00000160
45.7384	0.00000213
45.7434	0.00000164
45.7481	0.00000288
45.7531	0.00000155
45.7581	0.00000179
45.7632	0.00000355
45.7682	0.00000137
45.7733	0.00000082
45.7778	0.00000185
45.7830	0.00000089
45.7875	0.00000077
45.7917	0.00000129
45.7962	0.00000153
45.8009	0.00000390
45.8054	0.00000320
45.8099	0.00000323
45.8143	0.00000289
45.8193	0.00000165
45.8242	0.00000053
45.8292	-0.00000041
45.8338	-0.00000027
45.8386	0.00000019
45.8435	-0.00000028
45.8481	-0.00000167
45.8532	-0.00000067
45.8576	-0.00000105
45.8627	-0.00000063
45.8679	-0.00000032
45.8731	0.00000055
45.8782	0.00000065
45.8831	0.00000210
45.8882	0.00000095
45.8927	0.00000105
45.8971	0.00000260
45.9023	0.00000165
45.9071	0.00000256
45.9115	0.00000092
45.9163	0.00000006
45.9206	0.00000041
45.9251	0.00000025
45.9296	-0.00000050
45.9346	-0.00000178
45.9398	-0.00000136
45.9448	-0.00000085
45.9491	-0.00000077
45.9539	0.00000155
45.9582	0.00000133
45.9630	0.00000223
45.9679	0.00000181
45.9728	0.00000154
45.9772	-0.00000001
45.9816	-0.00000107
45.9865	-0.00000112
45.9909	0.00000004
45.9960	0.00000122
46.0007	0.00000053
46.0058	-0.00000101
46.0108	0.00000038
46.0159	0.00000017
46.0209	0.00000020
46.0252	0.00000025
46.0301	0.00000087
46.0345	0.00000216
46.0397	0.00000180
46.0447	0.00000118
46.0493	0.00000009
46.0543	0.00000003
46.0593	-0.00000061
46.0642	0.00000066
46.0689	0.00000017
46.0740	-0.00000033
46.0789	-0.00000032
46.0840	0.00000062
46.0891	0.00000146
46.0934	0.00000115
46.0978	0.00000094
46.1027	0.00000195
46.1077	0.00000131
46.1128	0.00000393
46.1179	0.00000271
46.1228	0.00000108
46.1274	-0.00000033
46.1325	-0.00000027
46.1376	-0.00000083
46.1426	-0.00000081
46.1470	-0.00000229
46.1517	-0.00000067
46.1560	0.00000077
46.1603	0.00000018
46.1651	0.00000066
46.1693	0.00000282
46.1743	0.00000196
46.1795	0.00000165
46.1842	0.00000019
46.1894	0.00000073
46.1937	0.00000105
46.1981	0.00000113
46.2033	-0.00000052
46.2084	0.00000016
46.2133	-0.00000110
46.2183	-0.00000212
46.2232	-0.00000164
46.2283	-0.00000127
46.2337	0.00000001
46.2388	0.00000002
46.2435	-0.00000158
46.2479	-0.00000059
46.2525	0.00000093
46.2573	-0.00000179
46.2616	-0.00000024
46.2661	-0.00000057
46.2710	0.00000081
46.2760	0.00000223
46.2811	0.00000244
46.2862	0.00000325
46.2917	0.00000214
46.2965	0.00000102
46.3015	0.00000281
46.3058	0.00000135
46.3103	0.00000198
46.3147	0.00000153
46.3197	0.00000192
46.3252	0.00000138
46.3301	0.00000091
46.3350	0.00000223
46.3402	0.00000015
46.3453	0.00000155
46.3497	0.00000208
46.3548	0.00000183
46.3594	0.00000320
46.3645	0.00000264
46.3695	0.00000164
46.3739	0.00000102
46.3788	0.00000115
46.3836	0.00000243
46.3879	0.00000279
46.3924	0.00000181
46.3971	0.00000111
46.4021	0.00000314
46.4074	0.00000385
46.4116	0.00000333
46.4165	0.00000472
46.4215	0.00000339
46.4270	0.00000039
46.4314	0.00000034
46.4364	-0.00000015
46.4414	-0.00000026
46.4459	0.00000018
46.4511	-0.00000018
46.4560	0.00000037
46.4602	0.00000019
46.4644	0.00000069
46.4685	-0.00000105
46.4732	0.00000004
46.4776	0.00000113
46.4821	0.00000089
46.4872	0.00000006
46.4922	-0.00000061
46.4963	-0.00000153
46.5015	-0.00000095
46.5064	-0.00000049
46.5108	0.00000017
46.5155	0.00000136
46.5206	-0.00000000
46.5255	0.00000009
46.5298	0.00000069
46.5343	0.00000114
46.5394	0.00000092
46.5436	0.00000157
46.5487	0.00000187
46.5534	0.00000121
46.5585	0.00000092
46.5632	0.00000062
46.5684	0.00000124
46.5733	0.00000119
46.5784	0.00000079
46.5836	-0.00000105
46.5885	0.00000183
46.5937	0.00000143
46.5987	0.00000229
46.6038	0.00000216
46.6082	0.00000147
46.6134	0.00000091
46.6181	0.00000049
46.6230	-0.00000050
46.6281	-0.00000035
46.6331	-0.00000052
46.6375	-0.00000005
46.6427	-0.00000074
46.6471	0.00000017
46.6520	-0.00000061
46.6570	0.00000174
46.6622	0.00000134
46.6670	0.00000011
46.6715	0.00000114
46.6766	0.00000040
46.6815	-0.00000170
46.6866	-0.00000109
46.6914	0.00000024
46.6962	0.00000145
46.7005	0.00000078
46.7056	0.00000203
46.7107	0.00000194
46.7154	0.00000265
46.7206	0.00000223
46.7256	0.00000175
46.7301	0.00000242
46.7347	0.00000220
46.7393	0.00000215
46.7436	0.00000154
46.7487	0.00000100
46.7534	0.00000136
46.7585	0.00000298
46.7632	0.00000127
46.7684	-0.00000037
46.7736	-0.00000046
46.7781	-0.00000023
46.7832	-0.00000136
46.7876	-0.00000121
46.7926	0.00000139
46.7976	0.00000069
46.8026	0.00000096
46.8076	-0.00000014
46.8126	0.00000032
46.8176	0.00000038
46.8227	-0.00000019
46.8276	-0.00000013
46.8325	-0.00000073
46.8370	-0.00000190
46.8415	-0.00000289
46.8465	-0.00000262
46.8508	-0.00000128
46.8558	-0.00000052
46.8603	-0.00000053
46.8654	0.00000047
46.8704	0.00000139
46.8753	-0.00000068
46.8798	-0.00000193
46.8844	-0.00000101
46.8888	-0.00000042
46.8939	-0.00000014
46.8991	-0.00000079
46.9042	-0.00000068
46.9093	-0.00000065
46.9143	0.00000072
46.9192	0.00000169
46.9244	0.00000132
46.9289	0.00000153
46.9333	0.00000084
46.9375	0.00000103
46.9418	0.00000032
46.9469	0.00000043
46.9519	0.00000157
46.9569	0.00000126
46.9620	0.00000131
46.9676	0.00000142
46.9722	0.00000126
46.9776	0.00000105
46.9825	0.00000060
46.9878	-0.00000110
46.9926	-0.00000146
46.9970	-0.00000222
47.0021	-0.00000272
47.0067	-0.00000234
47.0119	-0.00000249
47.0168	-0.00000253
47.0218	-0.00000230
47.0264	-0.00000042
47.0309	-0.00000152
47.0361	-0.00000041
47.0410	0.00000087
47.0461	0.00000020
47.0503	0.00000060
47.0551	-0.00000073
47.0600	0.00000073
47.0644	0.00000076
47.0685	0.00000084
47.0736	0.00000131
47.0786	0.00000184
47.0836	0.00000213
47.0879	0.00000225
47.0933	0.00000400
47.0980	0.00000483
47.1029	0.00000251
47.1078	0.00000352
47.1129	0.00000241
47.1178	0.00000088
47.1228	0.00000163
47.1278	0.00000036
47.1321	-0.00000066
47.1368	-0.00000134
47.1420	-0.00000184
47.1469	-0.00000160
47.1515	-0.00000079
47.1567	0.00000010
47.1617	0.00000169
47.1661	0.00000111
47.1711	0.00000087
47.1758	0.00000088
47.1802	0.00000048
47.1852	0.00000006
47.1904	0.00000004
47.1954	0.00000031
47.2002	0.00000056
47.2054	-0.00000087
47.2103	-0.00000308
47.2154	-0.00000114
47.2208	-0.00000287
47.2253	0.00000008
47.2305	-0.00000164
47.2358	-0.00000254
47.2400	-0.00000369
47.2450	-0.00000148
47.2499	0.00000010
47.2547	0.00000153
47.2592	0.00000135
47.2639	0.00000087
47.2688	0.00000070
47.2737	0.00000050
47.2780	-0.00000009
47.2824	0.00000044
47.2874	0.00000055
47.2926	-0.00000056
47.2976	0.00000009
47.3025	0.00000069
47.3074	0.00000077
47.3124	0.00000066
47.3174	-0.00000069
47.3223	-0.00000167
47.3273	-0.00000281
47.3325	-0.00000316
47.3376	-0.00000237
47.3425	-0.00000285
47.3474	-0.00000315
47.3523	-0.00000282
47.3569	-0.00000106
47.3614	-0.00000169
47.3658	-0.00000119
47.3710	-0.00000091
47.3759	-0.00000146
47.3809	-0.00000243
47.3859	-0.00000199
47.3909	-0.00000234
47.3959	-0.00000104
47.4012	0.00000103
47.4060	-0.00000020
47.4114	-0.00000050
47.4163	-0.00000239
47.4213	-0.00000170
47.4265	0.00000001
47.4315	-0.00000153
47.4364	-0.00000087
47.4415	-0.00000085
47.4460	-0.00000088
47.4506	0.00000012
47.4552	0.00000101
47.4608	0.00000322
47.4654	0.00000253
47.4705	0.00000264
47.4755	0.00000263
47.4804	0.00000366
47.4855	0.00000230
47.4903	0.00000237
47.4954	0.00000257
47.4997	0.00000141
47.5046	0.00000065
47.5089	-0.00000062
47.5143	-0.00000112
47.5188	-0.00000065
47.5234	0.00000003
47.5286	-0.00000057
47.5336	-0.00000038
47.5386	0.00000006
47.5438	0.00000064
47.5487	-0.00000028
47.5535	0.00000249
47.5579	-0.00000103
47.5626	-0.00000176
47.5676	-0.00000169
47.5726	-0.00000122
47.5776	-0.00000177
47.5826	-0.00000183
47.5875	-0.00000015
47.5926	-0.00000027
47.5976	-0.00000107
47.6024	0.00000003
47.6075	0.00000139
47.6125	0.00000081
47.6175	-0.00000068
47.6225	-0.00000172
47.6272	0.00000059
47.6315	0.00000115
47.6364	0.00000133
47.6415	0.00000007
47.6464	0.00000058
47.6520	-0.00000010
47.6562	0.00000144
47.6613	0.00000104
47.6662	0.00000179
47.6711	0.00000015
47.6761	-0.00000036
47.6811	-0.00000013
47.6860	-0.00000053
47.6910	-0.00000065
47.6960	-0.00000048
47.7011	-0.00000002
47.7060	0.00000117
47.7111	0.00000063
47.7159	0.00000035
47.7202	0.00000132
47.7243	-0.00000089
47.7286	-0.00000119
47.7328	-0.00000167
47.7373	-0.00000271
47.7424	-0.00000100
47.7474	-0.00000043
47.7520	0.00000072
47.7572	0.00000030
47.7622	0.00000046
47.7675	0.00000071
47.7725	0.00000047
47.7773	-0.00000080
47.7817	0.00000075
47.7862	0.00000320
47.7911	0.00000166
47.7963	0.00000212
47.8012	0.00000133
47.8061	0.00000134
47.8105	-0.00000010
47.8149	0.00000022
47.8199	0.00000249
47.8249	0.00000243
47.8297	0.00000135
47.8347	-0.00000047
47.8398	-0.00000129
47.8448	-0.00000257
47.8498	-0.00000151
47.8547	-0.00000048
47.8596	-0.00000093
47.8643	0.00000060
47.8693	0.00000176
47.8742	-0.00000097
47.8790	0.00000024
47.8839	-0.00000041
47.8888	-0.00000074
47.8941	-0.00000113
47.8993	0.00000001
47.9043	-0.00000144
47.9094	-0.00000117
47.9143	-0.00000212
47.9194	-0.00000185
47.9241	-0.00000111
47.9293	-0.00000011
47.9336	0.00000164
47.9385	0.00000019
47.9429	0.00000085
47.9473	-0.00000035
47.9528	-0.00000202
47.9580	-0.00000118
47.9632	-0.00000170
47.9681	-0.00000135
47.9732	-0.00000277
47.9778	-0.00000157
47.9823	-0.00000297
47.9871	-0.00000198
47.9917	-0.00000039
47.9968	-0.00000074
48.0019	-0.00000079
48.0070	-0.00000166
48.0119	-0.00000105
48.0164	-0.00000151
48.0215	-0.00000026
48.0261	-0.00000030
48.0313	0.00000000
48.0363	-0.00000074
48.0409	0.00000047
48.0459	0.00000120
48.0502	0.00000292
48.0551	0.00000292
48.0604	0.00000494
48.0652	0.00000681
48.0705	0.00000635
48.0755	0.00000645
48.0808	0.00000638
48.0857	0.00000420
48.0909	0.00000515
48.0959	0.00000417
48.1010	0.00000035
48.1060	0.00000133
48.1110	0.00000227
48.1155	0.00000138
48.1203	-0.00000022
48.1256	-0.00000020
48.1299	0.00000112
48.1343	0.00000151
48.1392	0.00000194
48.1444	0.00000169
48.1494	0.00000187
48.1549	0.00000131
48.1598	0.00000038
48.1641	-0.00000043
48.1692	-0.00000165
48.1742	-0.00000114
48.1793	-0.00000085
48.1844	-0.00000204
48.1895	-0.00000191
48.1938	0.00000002
48.1988	0.00000217
48.2039	0.00000167
48.2089	0.00000328
48.2132	0.00000300
48.2185	0.00000177
48.2232	0.00000199
48.2277	0.00000048
48.2321	0.00000033
48.2372	-0.00000042
48.2422	0.00000083
48.2473	0.00000016
48.2522	0.00000020
48.2570	-0.00000037
48.2614	-0.00000033
48.2668	-0.00000008
48.2712	0.00000011
48.2763	0.00000004
48.2811	-0.00000191
48.2863	-0.00000440
48.2913	-0.00000379
48.2965	-0.00000369
48.3017	-0.00000191
48.3066	-0.00000015
48.3112	-0.00000036
48.3158	-0.00000039
48.3207	0.00000076
48.3258	-0.00000076
48.3309	-0.00000432
48.3358	-0.00000324
48.3408	-0.00000272
48.3459	-0.00000052
48.3505	-0.00000020
48.3555	-0.00000064
48.3604	-0.00000136
48.3655	-0.00000119
48.3704	-0.00000145
48.3754	-0.00000129
48.3805	-0.00000072
48.3856	-0.00000168
48.3905	-0.00000042
48.3951	0.00000105
48.3999	0.00000227
48.4052	0.00000125
48.4096	0.00000054
48.4143	-0.00000021
48.4189	-0.00000026
48.4238	0.00000176
48.4284	-0.00000110
48.4338	-0.00000126
48.4386	-0.00000097
48.4438	-0.00000114
48.4486	-0.00000045
48.4537	0.00000152
48.4583	0.00000213
48.4632	0.00000023
48.4682	-0.00000051
48.4731	-0.00000156
48.4775	-0.00000239
48.4827	-0.00000353
48.4873	-0.00000256
48.4926	-0.00000309
48.4967	-0.00000425
48.5017	-0.00000484
48.5067	-0.00000365
48.5117	-0.00000473
48.5161	-0.00000242
48.5203	-0.00000018
48.5247	-0.00000107
48.5299	-0.00000037
48.5350	0.00000024
48.5400	-0.00000075
48.5445	0.00000085
48.5495	-0.00000024
48.5548	0.00000060
48.5595	0.00000078
48.5646	0.00000127
48.5697	0.00000281
48.5746	0.00000224
48.5794	0.00000170
48.5838	0.00000378
48.5888	0.00000199
48.5932	0.00000222
48.5976	0.00000084
48.6025	0.00000179
48.6074	0.00000172
48.6116	0.00000208
48.6166	0.00000143
48.6215	0.00000151
48.6261	0.00000134
48.6316	0.00000077
48.6368	0.00000251
48.6416	0.00000358
48.6471	0.00000391
48.6519	0.00000503
48.6562	0.00000325
48.6612	0.00000294
48.6657	0.00000120
48.6705	0.00000063
48.6758	0.00000050
48.6807	-0.00000029
48.6859	-0.00000184
48.6909	-0.00000138
48.6959	-0.00000042
48.7003	-0.00000089
48.7054	0.00000042
48.7105	0.00000186
48.7155	0.00000148
48.7203	0.00000257
48.7248	0.00000129
48.7302	0.00000279
48.7353	0.00000320
48.7405	0.00000302
48.7454	0.00000282
48.7504	0.00000056
48.7551	-0.00000031
48.7595	0.00000025
48.7638	0.00000077
48.7683	0.00000089
48.7733	-0.00000016
48.7778	-0.00000088
48.7823	-0.00000116
48.7874	-0.00000247
48.7924	-0.00000178
48.7977	-0.00000134
48.8026	-0.00000213
48.8075	-0.00000451
48.8127	-0.00000203
48.8174	-0.00000128
48.8223	-0.00000024
48.8273	-0.00000033
48.8317	-0.00000105
48.8372	-0.00000090
48.8419	-0.00000080
48.8470	-0.00000114
48.8519	-0.00000271
48.8565	-0.00000146
48.8615	0.00000033
48.8665	0.00000045
48.8715	-0.00000055
48.8765	-0.00000091
48.8815	-0.00000079
48.8865	0.00000027
48.8916	0.00000009
48.8960	-0.00000072
48.9008	0.00000115
48.9060	0.00000170
48.9114	0.00000105
48.9166	0.00000126
48.9214	-0.00000032
48.9266	-0.00000101
48.9312	-0.00000258
48.9357	-0.00000249
48.9410	-0.00000035
48.9460	0.00000027
48.9511	0.00000183
48.9555	0.00000208
48.9599	0.00000069
48.9644	0.00000144
48.9690	0.00000292
48.9741	0.00000055
48.9794	-0.00000002
48.9838	-0.00000084
48.9891	0.00000074
48.9939	-0.00000022
48.9983	-0.00000119
49.0034	-0.00000164
49.0079	-0.00000236
49.0123	-0.00000190
49.0175	-0.00000205
49.0225	-0.00000046
49.0275	-0.00000075
49.0318	-0.00000015
49.0372	0.00000028
49.0418	0.00000037
49.0474	-0.00000062
49.0518	-0.00000043
49.0565	-0.00000067
49.0609	-0.00000112
49.0660	-0.00000006
49.0708	-0.00000092
49.0755	-0.00000171
49.0808	-0.00000034
49.0860	-0.00000125
49.0911	-0.00000063
49.0960	-0.00000052
49.1013	-0.00000131
49.1065	-0.00000118
49.1116	0.00000002
49.1161	-0.00000141
49.1213	-0.00000099
49.1257	-0.00000009
49.1302	0.00000018
49.1352	0.00000037
49.1403	0.00000089
49.1453	0.00000143
49.1504	0.00000104
49.1560	0.00000141
49.1611	0.00000016
49.1661	-0.00000041
49.1710	0.00000044
49.1753	-0.00000100
49.1796	-0.00000021
49.1844	0.00000117
49.1892	-0.00000032
49.1944	-0.00000043
49.1994	0.00000195
49.2047	0.00000201
49.2100	-0.00000014
49.2153	0.00000066
49.2204	-0.00000000
49.2253	0.00000133
49.2302	0.00000131
49.2353	0.00000096
49.2403	-0.00000033
49.2454	-0.00000001
49.2504	0.00000119
49.2554	0.00000196
49.2599	0.00000208
49.2649	0.00000106
49.2698	-0.00000012
49.2748	0.00000177
49.2798	0.00000135
49.2848	0.00000179
49.2899	-0.00000042
49.2949	0.00000060
49.2997	-0.00000060
49.3047	-0.00000333
49.3097	-0.00000308
49.3150	-0.00000242
49.3198	-0.00000058
49.3247	-0.00000014
49.3297	-0.00000181
49.3348	-0.00000120
49.3399	-0.00000199
49.3450	-0.00000244
49.3499	-0.00000347
49.3549	-0.00000390
49.3597	-0.00000257
49.3647	-0.00000159
49.3698	-0.00000078
49.3748	0.00000133
49.3797	0.00000021
49.3847	0.00000119
49.3898	0.00000086
49.3947	-0.00000076
49.3997	-0.00000140
49.4046	-0.00000103
49.4113	-0.00000228
49.4164	-0.00000080
49.4205	-0.00000080
49.4249	-0.00000028
49.4294	-0.00000088
49.4338	-0.00000128
49.4383	-0.00000036
49.4432	-0.00000104
49.4481	-0.00000221
49.4533	-0.00000183
49.4587	-0.00000221
49.4632	-0.00000310
49.4681	-0.00000162
49.4731	-0.00000045
49.4781	-0.00000015
49.4835	0.00000037
49.4885	-0.00000017
49.4934	-0.00000067
49.4984	0.00000110
49.5034	0.00000037
49.5078	0.00000080
49.5122	0.00000123
49.5166	0.00000268
49.5218	0.00000375
49.5263	0.00000180
49.5312	0.00000013
49.5357	0.00000071
49.5409	-0.00000078
49.5454	0.00000050
49.5505	-0.00000085
49.5556	-0.00000073
49.5601	-0.00000144
49.5651	-0.00000077
49.5704	0.00000085
49.5755	-0.00000025
49.5804	0.00000144
49.5856	0.00000012
49.5907	0.00000126
49.5957	0.00000208
49.6002	0.00000207
49.6054	0.00000074
49.6098	-0.00000020
49.6153	-0.00000181
49.6200	-0.00000139
49.6250	-0.00000118
49.6294	-0.00000173
49.6339	-0.00000215
49.6389	-0.00000188
49.6433	-0.00000160
49.6484	-0.00000114
49.6536	-0.00000010
49.6583	-0.00000002
49.6635	0.00000038
49.6689	0.00000014
49.6738	-0.00000017
49.6788	0.00000031
49.6837	-0.00000235
49.6889	-0.00000302
49.6938	-0.00000211
49.6982	-0.00000226
49.7031	-0.00000269
49.7081	-0.00000006
49.7131	0.00000043
49.7182	0.00000016
49.7233	-0.00000086
49.7277	-0.00000070
49.7323	0.00000012
49.7375	-0.00000134
49.7425	0.00000022
49.7471	0.00000063
49.7521	-0.00000109
49.7571	-0.00000106
49.7624	-0.00000153
49.7675	-0.00000220
49.7723	-0.00000195
49.7772	0.00000025
49.7826	0.00000063
49.7873	-0.00000103
49.7926	0.00000005
49.7976	-0.00000076
49.8020	0.00000015
49.8075	-0.00000115
49.8119	-0.00000001
49.8161	-0.00000026
49.8210	-0.00000168
49.8262	-0.00000098
49.8311	0.00000073
49.8356	0.00000001
49.8404	0.00000136
49.8456	0.00000103
49.8505	0.00000078
49.8555	0.00000007
49.8607	0.00000014
49.8655	0.00000075
49.8706	0.00000164
49.8759	0.00000142
49.8804	0.00000127
49.8855	0.00000149
49.8907	0.00000180
49.8956	0.00000205
49.9000	0.00000307
49.9053	0.00000303
49.9103	0.00000308
49.9152	0.00000313
49.9203	0.00000283
49.9252	0.00000296
49.9302	0.00000266
49.9353	0.00000276
49.9406	0.00000320
49.9461	0.00000378
49.9510	0.00000246
49.9554	0.00000274
49.9601	0.00000323
49.9653	0.00000254
49.9703	0.00000303
49.9753	0.00000295
49.9809	0.00000237
49.9853	0.00000251
49.9905	0.00000288
49.9949	0.00000163
49.9998	0.00000097
50.0045	0.00000030
50.0089	0.00000007
50.0141	0.00000083
50.0189	0.00000104
50.0238	0.00000024
50.0280	0.00000212
50.0328	0.00000192
50.0380	-0.00000007
50.0431	-0.00000145
50.0484	-0.00000059
50.0532	-0.00000055
50.0585	-0.00000005
50.0634	-0.00000006
50.0678	0.00000077
50.0727	0.00000180
50.0780	0.00000041
50.0828	0.00000065
50.0873	-0.00000026
50.0917	-0.00000194
50.0961	-0.00000294
50.1011	-0.00000191
50.1055	-0.00000115
50.1106	-0.00000086
50.1156	-0.00000135
50.1206	-0.00000131
50.1255	-0.00000007
50.1306	0.00000020
50.1356	0.00000186
50.1398	0.00000247
50.1451	0.00000155
50.1496	0.00000249
50.1544	0.00000206
50.1596	0.00000083
50.1642	0.00000071
50.1691	-0.00000133
50.1741	-0.00000154
50.1790	-0.00000250
50.1842	-0.00000331
50.1892	-0.00000264
50.1941	-0.00000148
50.1990	-0.00000197
50.2041	-0.00000005
50.2090	0.00000173
50.2140	0.00000329
50.2194	0.00000229
50.2243	0.00000211
50.2287	-0.00000017
50.2331	-0.00000009
50.2380	-0.00000010
50.2428	-0.00000100
50.2481	-0.00000254
50.2529	-0.00000107
50.2581	0.00000285
50.2626	0.00000135
50.2672	0.00000074
50.2723	0.00000030
50.2766	0.00000029
50.2818	0.00000095
50.2868	0.00000081
50.2917	0.00000105
50.2967	0.00000109
50.3018	-0.00000083
50.3068	-0.00000084
50.3116	-0.00000048
50.3163	-0.00000108
50.3209	-0.00000130
50.3252	0.00000039
50.3304	0.00000081
50.3353	0.00000103
50.3405	-0.00000046
50.3452	-0.00000009
50.3503	-0.00000042
50.3552	-0.00000099
50.3603	0.00000058
50.3652	0.00000075
50.3702	0.00000200
50.3751	0.00000279
50.3801	0.00000194
50.3852	-0.00000090
50.3903	0.00000056
50.3952	0.00000056
50.3997	0.00000247
50.4044	0.00000263
50.4098	0.00000139
50.4152	0.00000107
50.4204	0.00000015
50.4255	0.00000047
50.4306	0.00000127
50.4354	0.00000124
50.4404	0.00000040
50.4454	-0.00000006
50.4505	0.00000025
50.4555	0.00000072
50.4599	0.00000090
50.4648	0.00000206
50.4695	0.00000115
50.4743	0.00000242
50.4794	0.00000035
50.4845	0.00000091
50.4893	0.00000067
50.4938	0.00000155
50.4984	0.00000153
50.5031	0.00000148
50.5082	0.00000353
50.5127	0.00000212
50.5178	0.00000352
50.5228	0.00000305
50.5278	0.00000271
50.5323	0.00000314
50.5368	0.00000313
50.5420	0.00000359
50.5471	0.00000379
50.5520	0.00000304
50.5565	0.00000217
50.5609	0.00000226
50.5651	0.00000228
50.5695	0.00000430
50.5747	0.00000378
50.5795	0.00000246
50.5845	0.00000307
50.5894	0.00000168
50.5944	-0.00000080
50.5993	-0.00000175
50.6040	0.00000018
50.6091	-0.00000011
50.6137	0.00000038
50.6182	-0.00000058
50.6231	-0.00000071
50.6283	-0.00000092
50.6328	-0.00000114
50.6373	-0.00000172
50.6425	-0.00000236
50.6475	-0.00000253
50.6518	-0.00000300
50.6572	-0.00000294
50.6623	0.00000013
50.6673	0.00000068
50.6719	0.00000043
50.6769	-0.00000010
50.6820	0.00000023
50.6869	-0.00000136
50.6921	-0.00000074
50.6973	-0.00000163
50.7017	-0.00000134
50.7069	-0.00000036
50.7119	0.00000155
50.7168	0.00000224
50.7219	0.00000132
50.7269	0.00000252
50.7313	0.00000298
50.7356	0.00000156
50.7410	0.00000248
50.7458	0.00000062
50.7503	0.00000110
50.7553	0.00000065
50.7598	0.00000030
50.7644	0.00000065
50.7694	0.00000052
50.7745	-0.00000069
50.7796	-0.00000041
50.7844	-0.00000106
50.7892	-0.00000162
50.7942	-0.00000168
50.7991	-0.00000242
50.8041	-0.00000236
50.8092	-0.00000278
50.8136	-0.00000144
50.8189	-0.00000042
50.8237	-0.00000110
50.8281	-0.00000008
50.8326	0.00000088
50.8377	0.00000054
50.8427	0.00000256
50.8473	0.00000040
50.8518	-0.00000086
50.8568	-0.00000020
50.8618	-0.00000115
50.8668	-0.00000120
50.8716	-0.00000230
50.8766	-0.00000123
50.8817	-0.00000061
50.8865	-0.00000035
50.8917	-0.00000021
50.8967	-0.00000102
50.9017	-0.00000042
50.9067	-0.00000021
50.9117	0.00000043
50.9167	-0.00000114
50.9218	-0.00000149
50.9260	-0.00000036
50.9303	-0.00000004
50.9348	0.00000042
50.9398	0.00000057
50.9443	-0.00000005
50.9488	-0.00000049
50.9539	-0.00000104
50.9589	-0.00000075
50.9646	-0.00000073
50.9696	0.00000034
50.9747	0.00000121
50.9791	-0.00000028
50.9835	0.00000005
50.9886	-0.00000025
50.9936	0.00000061
50.9980	0.00000246
51.0026	0.00000151
51.0075	0.00000014
51.0126	0.00000132
51.0176	0.00000190
51.0224	0.00000210
51.0272	0.00000154
51.0315	0.00000076
51.0359	0.00000111
51.0410	0.00000141
51.0459	0.00000129
51.0511	0.00000059
51.0561	0.00000150
51.0612	0.00000111
51.0656	0.00000049
51.0701	-0.00000092
51.0753	-0.00000084
51.0796	-0.00000238
51.0848	-0.00000383
51.0898	-0.00000530
51.0948	-0.00000416
51.0998	-0.00000446
51.1043	-0.00000336
51.1095	-0.00000165
51.1140	0.00000025
51.1184	-0.00000136
51.1234	0.00000105
51.1279	0.00000110
51.1331	0.00000084
51.1381	0.00000011
51.1431	0.00000017
51.1481	-0.00000008
51.1533	-0.00000011
51.1584	0.00000107
51.1633	0.00000033
51.1677	0.00000232
51.1727	0.00000065
51.1770	-0.00000167
51.1816	-0.00000167
51.1868	-0.00000211
51.1919	-0.00000167
51.1969	-0.00000088
51.2018	-0.00000125
51.2069	-0.00000109
51.2120	-0.00000064
51.2171	0.00000019
51.2220	-0.00000057
51.2269	-0.00000163
51.2314	-0.00000090
51.2364	-0.00000160
51.2413	-0.00000170
51.2461	-0.00000243
51.2511	-0.00000076
51.2564	-0.00000084
51.2611	-0.00000259
51.2664	-0.00000350
51.2714	-0.00000052
51.2765	-0.00000173
51.2807	-0.00000167
51.2857	-0.00000112
51.2907	-0.00000041
51.2954	-0.00000237
51.3002	-0.00000159
51.3049	-0.00000237
51.3092	-0.00000242
51.3143	-0.00000110
51.3194	0.00000082
51.3244	0.00000144
51.3297	0.00000220
51.3351	0.00000207
51.3401	0.00000144
51.3452	0.00000135
51.3500	0.00000162
51.3550	0.00000121
51.3594	0.00000004
51.3638	-0.00000024
51.3683	0.00000024
51.3736	0.00000102
51.3787	0.00000086
51.3837	-0.00000036
51.3886	-0.00000099
51.3928	-0.00000043
51.3979	0.00000164
51.4029	0.00000135
51.4080	0.00000114
51.4132	-0.00000007
51.4184	-0.00000043
51.4234	0.00000049
51.4278	0.00000050
51.4327	-0.00000075
51.4370	-0.00000114
51.4425	-0.00000078
51.4475	0.00000082
51.4530	0.00000141
51.4575	0.00000224
51.4628	0.00000110
51.4673	0.00000110
51.4716	0.00000153
51.4761	0.00000096
51.4812	0.00000099
51.4861	-0.00000079
51.4912	-0.00000020
51.4964	-0.00000062
51.5011	0.00000027
51.5061	-0.00000048
51.5111	-0.00000132
51.5153	-0.00000057
51.5203	-0.00000055
51.5249	0.00000113
51.5291	0.00000232
51.5343	0.00000225
51.5391	0.00000134
51.5441	0.00000121
51.5491	0.00000154
51.5539	0.00000067
51.5589	0.00000060
51.5633	0.00000077
51.5678	0.00000047
51.5729	-0.00000033
51.5776	0.00000020
51.5819	-0.00000041
51.5863	0.00000003
51.5912	-0.00000008
51.5955	0.00000017
51.5999	0.00000079
51.6049	-0.00000021
51.6099	-0.00000081
51.6149	0.00000035
51.6202	0.00000113
51.6250	0.00000052
51.6306	0.00000194
51.6355	0.00000017
51.6406	-0.00000004
51.6454	-0.00000026
51.6498	-0.00000008
51.6550	-0.00000172
51.6597	-0.00000146
51.6650	-0.00000053
51.6694	-0.00000090
51.6746	-0.00000092
51.6795	-0.00000026
51.6846	-0.00000068
51.6891	-0.00000066
51.6938	0.00000008
51.6986	-0.00000034
51.7031	-0.00000079
51.7081	0.00000034
51.7123	-0.00000012
51.7174	0.00000112
51.7222	-0.00000055
51.7273	-0.00000083
51.7316	-0.00000225
51.7366	-0.00000251
51.7416	-0.00000210
51.7468	-0.00000179
51.7516	0.00000112
51.7568	0.00000033
51.7611	-0.00000006
51.7661	-0.00000188
51.7709	-0.00000266
51.7761	-0.00000192
51.7809	-0.00000273
51.7861	-0.00000101
51.7909	-0.00000125
51.7961	-0.00000154
51.8005	-0.00000202
51.8055	-0.00000089
51.8099	-0.00000091
51.8143	-0.00000073
51.8194	-0.00000105
51.8240	-0.00000281
51.8291	-0.00000326
51.8342	-0.00000299
51.8394	-0.00000246
51.8446	-0.00000218
51.8490	-0.00000132
51.8540	-0.00000230
51.8591	-0.00000177
51.8634	-0.00000163
51.8692	-0.00000154
51.8741	-0.00000216
51.8792	-0.00000186
51.8840	-0.00000188
51.8891	-0.00000093
51.8933	-0.00000124
51.8984	-0.00000092
51.9032	-0.00000009
51.9085	-0.00000080
51.9133	0.00000002
51.9177	0.00000009
51.9226	-0.00000042
51.9276	-0.00000059
51.9327	-0.00000054
51.9376	0.00000108
51.9424	-0.00000016
51.9476	-0.00000036
51.9527	-0.00000042
51.9577	-0.00000003
51.9626	-0.00000067
51.9672	-0.00000044
51.9725	-0.00000246
51.9774	-0.00000262
51.9821	-0.00000154
51.9871	-0.00000092
51.9921	-0.00000206
51.9973	-0.00000082
52.0021	-0.00000037
52.0073	-0.00000052
52.0121	-0.00000047
52.0175	-0.00000203
52.0222	-0.00000039
52.0276	-0.00000022
52.0323	0.00000152
52.0376	0.00000205
52.0427	0.00000220
52.0476	0.00000153
52.0521	0.00000106
52.0574	0.00000165
52.0618	0.00000168
52.0670	0.00000209
52.0717	0.00000118
52.0761	-0.00000043
52.0805	0.00000072
52.0854	-0.00000104
52.0902	-0.00000074
52.0953	-0.00000052
52.0995	-0.00000048
52.1044	-0.00000098
52.1097	-0.00000073
52.1146	0.00000031
52.1191	-0.00000014
52.1240	0.00000013
52.1289	0.00000102
52.1341	-0.00000005
52.1391	-0.00000059
52.1442	-0.00000054
52.1490	0.00000066
52.1540	0.00000010
52.1591	0.00000010
52.1642	0.00000083
52.1687	0.00000087
52.1743	0.00000087
52.1791	0.00000163
52.1834	0.00000123
52.1884	0.00000199
52.1934	0.00000041
52.1984	0.00000089
52.2031	0.00000235
52.2076	0.00000243
52.2125	0.00000171
52.2175	0.00000219
52.2217	0.00000137
52.2261	0.00000174
52.2314	0.00000258
52.2358	0.00000286
52.2409	0.00000262
52.2461	0.00000366
52.2508	0.00000416
52.2560	0.00000471
52.2609	0.00000257
52.2661	0.00000301
52.2713	0.00000262
52.2764	0.00000063
52.2807	0.00000081
52.2860	-0.00000031
52.2910	-0.00000015
52.2954	-0.00000005
52.3006	-0.00000086
52.3052	-0.00000147
52.3102	-0.00000028
52.3152	0.00000087
52.3204	0.00000185
52.3251	0.00000260
52.3294	0.00000127
52.3346	-0.00000022
52.3395	-0.00000028
52.3445	-0.00000087
52.3495	-0.00000057
52.3545	-0.00000009
52.3589	0.00000235
52.3644	0.00000054
52.3693	-0.00000003
52.3736	0.00000078
52.3787	-0.00000040
52.3837	-0.00000029
52.3881	-0.00000116
52.3924	-0.00000164
52.3967	-0.00000240
52.4011	-0.00000234
52.4055	-0.00000204
52.4106	-0.00000156
52.4148	-0.00000166
52.4197	-0.00000063
52.4247	-0.00000222
52.4291	-0.00000320
52.4335	-0.00000195
52.4382	-0.00000017
52.4432	0.00000095
52.4484	-0.00000038
52.4528	0.00000053
52.4580	0.00000006
52.4630	0.00000302
52.4680	0.00000102
52.4727	0.00000054
52.4773	0.00000175
52.4818	0.00000287
52.4861	0.00000210
52.4912	0.00000136
52.4963	-0.00000056
52.5014	-0.00000252
52.5059	-0.00000227
52.5108	-0.00000226
52.5160	-0.00000054
52.5211	-0.00000162
52.5259	-0.00000131
52.5308	-0.00000237
52.5358	-0.00000203
52.5402	-0.00000138
52.5453	-0.00000209
52.5503	-0.00000296
52.5553	-0.00000176
52.5597	-0.00000106
52.5643	-0.00000064
52.5692	-0.00000182
52.5740	-0.00000270
52.5791	-0.00000146
52.5841	-0.00000135
52.5891	-0.00000149
52.5941	-0.00000264
52.5994	-0.00000190
52.6043	-0.00000321
52.6095	-0.00000164
52.6144	-0.00000124
52.6193	-0.00000196
52.6244	-0.00000122
52.6298	-0.00000103
52.6344	-0.00000168
52.6395	-0.00000185
52.6444	-0.00000105
52.6488	0.00000080
52.6532	0.00000185
52.6584	0.00000190
52.6634	0.00000089
52.6684	-0.00000016
52.6732	-0.00000026
52.6781	-0.00000042
52.6832	-0.00000013
52.6876	0.00000122
52.6927	0.00000185
52.6969	0.00000175
52.7024	0.00000076
52.7069	0.00000018
52.7114	0.00000071
52.7157	0.00000017
52.7202	0.00000060
52.7251	0.00000145
52.7295	0.00000161
52.7345	0.00000233
52.7395	0.00000193
52.7444	0.00000268
52.7496	0.00000216
52.7546	0.00000176
52.7597	0.00000224
52.7642	0.00000044
52.7693	-0.00000021
52.7740	0.00000084
52.7792	0.00000056
52.7843	0.00000209
52.7893	-0.00000013
52.7943	0.00000106
52.7994	0.00000112
52.8042	-0.00000022
52.8092	0.00000193
52.8136	0.00000095
52.8184	0.00000063
52.8233	-0.00000073
52.8285	-0.00000035
52.8333	0.00000028
52.8384	0.00000008
52.8435	0.00000098
52.8484	0.00000042
52.8532	0.00000082
52.8585	0.00000004
52.8631	-0.00000118
52.8683	-0.00000070
52.8729	-0.00000031
52.8780	-0.00000089
52.8832	-0.00000174
52.8874	-0.00000182
52.8925	-0.00000283
52.8977	-0.00000310
52.9025	-0.00000355
52.9073	-0.00000372
52.9124	-0.00000276
52.9167	-0.00000220
52.9218	-0.00000102
52.9267	-0.00000066
52.9317	0.00000009
52.9366	0.00000159
52.9417	0.00000087
52.9466	0.00000113
52.9514	-0.00000030
52.9566	-0.00000061
52.9618	-0.00000306
52.9667	-0.00000209
52.9716	0.00000036
52.9760	0.00000089
52.9810	0.00000019
52.9860	0.00000000
52.9910	0.00000046
52.9960	0.00000136
53.0009	0.00000036
53.0060	-0.00000061
53.0110	0.00000081
53.0160	-0.00000046
53.0210	0.00000013
53.0260	0.00000188
53.0310	0.00000289
53.0359	0.00000232
53.0409	0.00000256
53.0460	0.00000227
53.0509	0.00000271
53.0560	0.00000262
53.0611	0.00000263
53.0659	0.00000263
53.0716	0.00000248
53.0768	0.00000367
53.0818	0.00000295
53.0868	0.00000249
53.0919	0.00000276
53.0968	0.00000315
53.1017	0.00000167
53.1068	0.00000258
53.1118	0.00000270
53.1168	0.00000139
53.1219	0.00000234
53.1266	0.00000164
53.1308	0.00000080
53.1358	-0.00000059
53.1408	-0.00000134
53.1458	-0.00000243
53.1507	-0.00000224
53.1558	-0.00000171
53.1609	-0.00000167
53.1659	-0.00000158
53.1709	-0.00000211
53.1757	-0.00000161
53.1807	-0.00000185
53.1857	-0.00000133
53.1906	0.00000027
53.1957	0.00000128
53.2007	0.00000147
53.2057	-0.00000031
53.2107	0.00000022
53.2157	0.00000077
53.2207	0.00000206
53.2256	0.00000083
53.2307	0.00000096
53.2357	-0.00000035
53.2407	0.00000065
53.2457	0.00000040
53.2506	0.00000067
53.2557	-0.00000007
53.2608	-0.00000012
53.2657	-0.00000016
53.2701	0.00000097
53.2747	0.00000064
53.2794	0.00000141
53.2846	0.00000067
53.2895	-0.00000015
53.2945	-0.00000145
53.2996	-0.00000223
53.3039	-0.00000502
53.3082	-0.00000586
53.3126	-0.00000410
53.3173	-0.00000723
53.3222	-0.00000121
53.3273	-0.00000355
53.3315	-0.00000371
53.3366	-0.00000022
53.3416	0.00000156
53.3461	-0.00000146
53.3506	0.00000137
53.3553	-0.00000174
53.3601	-0.00000324
53.3644	-0.00000206
53.3693	-0.00000383
53.3736	-0.00000329
53.3780	-0.00000644
53.3831	-0.00000094
53.3880	-0.00000212
53.3929	-0.00000372
53.3973	-0.00000220
53.4019	-0.00000122
53.4068	0.00000042
53.4118	-0.00000081
53.4160	0.00000234
53.4202	-0.00000068
53.4253	0.00000224
53.4298	0.00000587
53.4349	-0.00000059
53.4398	0.00000029
53.4449	-0.00000524
53.4502	0.00000045
53.4551	-0.00000246
53.4603	-0.00000269
53.4646	-0.00000316
53.4696	0.00000040
53.4740	-0.00000144
53.4792	0.00000262
53.4839	-0.00000043
53.4891	-0.00000031
53.4936	0.00000026
53.4987	-0.00000364
53.5036	-0.00000346
53.5082	-0.00000101
53.5125	-0.00000842
53.5170	-0.00000888
53.5218	-0.00000855
53.5269	-0.00000585
53.5313	-0.00000630
53.5362	-0.00000694
53.5412	-0.00000375
53.5455	-0.00000303
53.5508	-0.00000259
53.5553	-0.00000092
53.5603	-0.00000309
53.5649	-0.00000320
53.5699	-0.00000007
53.5745	-0.00000068
53.5795	-0.00000206
53.5838	-0.00000194
53.5882	-0.00000306
53.5932	-0.00000253
53.5983	-0.00000318
53.6034	-0.00000513
53.6086	-0.00000445
53.6134	-0.00000774
53.6184	-0.00000533
53.6229	-0.00000026
53.6279	-0.00000011
53.6323	0.00000035
53.6375	-0.00000404
53.6425	-0.00000091
53.6475	0.00000155
53.6526	-0.00000037
53.6576	-0.00000115
53.6628	-0.00000253
53.6671	-0.00000181
53.6722	-0.00000605
53.6771	-0.00000296
53.6819	-0.00000565
53.6872	0.00000080
53.6920	-0.00000298
53.6963	0.00000314
53.7016	-0.00000098
53.7061	0.00000355
53.7113	0.00000164
53.7166	-0.00000051
53.7215	-0.00000145
53.7261	-0.00000229
53.7310	-0.00000072
53.7361	0.00000050
53.7411	0.00000082
53.7461	0.00000146
53.7511	0.00000170
53.7560	0.00000333
53.7611	-0.00000057
53.7661	0.00000061
53.7713	-0.00000136
53.7758	-0.00000308
53.7801	-0.00000499
53.7853	0.00000097
53.7903	-0.00000009
53.7953	-0.00000227
53.7997	-0.00000251
53.8042	-0.00000232
53.8094	-0.00000132
53.8146	-0.00000088
53.8195	0.00000036
53.8245	0.00000007
53.8289	-0.00000281
53.8334	-0.00000162
53.8377	-0.00000051
53.8427	0.00000073
53.8477	0.00000025
53.8529	0.00000286
53.8579	-0.00000100
53.8630	0.00000191
53.8681	-0.00000151
53.8739	-0.00000069
53.8791	-0.00000172
53.8840	-0.00000126
53.8892	-0.00000546
53.8942	-0.00000687
53.8991	-0.00000496
53.9044	-0.00000546
53.9089	-0.00000003
53.9143	-0.00000559
53.9193	-0.00000322
53.9240	0.00000116
53.9289	-0.00000465
53.9339	-0.00000345
53.9391	-0.00000078
53.9441	-0.00000282
53.9492	-0.00000020
53.9541	0.00000080
53.9590	-0.00000636
53.9642	-0.00000695
53.9690	-0.00000518
53.9744	-0.00000352
53.9789	-0.00000544
53.9837	-0.00000332
53.9887	-0.00000455
53.9939	-0.00000319
53.9989	-0.00000397
54.0039	-0.00000395
54.0088	-0.00000327
54.0140	-0.00000380
54.0189	-0.00000315
54.0243	-0.00000700
54.0290	-0.00000426
54.0336	-0.00000286
54.0387	0.00000020
54.0439	-0.00000265
54.0489	-0.00000291
54.0538	-0.00000190
54.0588	-0.00000145
54.0641	-0.00000480
54.0690	-0.00000435
54.0748	-0.00000659
54.0798	-0.00000616
54.0845	-0.00000458
54.0898	-0.00000568
54.0948	-0.00000555
54.0992	-0.00000693
54.1043	-0.00000450
54.1094	-0.00000209
54.1148	-0.00000112
54.1199	-0.00000156
54.1250	-0.00000405
54.1295	0.00000206
54.1343	-0.00000120
54.1408	0.00000141
54.1452	-0.00000355
54.1506	-0.00000178
54.1568	-0.00000066
54.1616	-0.00000374
54.1659	-0.00000404
54.1708	0.00000043
54.1761	-0.00000279
54.1810	-0.00000490
54.1853	0.00000243
54.1906	-0.00000053
54.1954	-0.00000585
54.1998	-0.00000164
54.2057	-0.00000512
54.2110	-0.00000507
54.2153	-0.00000348
54.2201	-0.00000074
54.2246	-0.00000319
54.2297	-0.00000585
54.2343	0.00000432
54.2398	0.00000201
54.2443	-0.00000442
54.2493	-0.00000358
54.2579	-0.00000540
54.2632	-0.00000219
54.2681	-0.00000697
54.2757	-0.00000044
54.2808	-0.00000411
54.2855	-0.00000207
54.2912	-0.00000470
54.2964	-0.00000456
54.3013	-0.00000141
54.3083	-0.00000493
54.3125	-0.00000340
54.3172	-0.00000279
54.3229	-0.00000463
54.3273	-0.00000448
54.3323	-0.00000412
54.3375	-0.00000650
54.3424	-0.00000655
54.3476	-0.00000393
54.3525	-0.00000415
54.3575	-0.00000593
54.3617	-0.00000304
54.3660	-0.00000543
54.3730	-0.00000241
54.3780	-0.00000352
54.3822	-0.00000307
54.3872	0.00000003
54.3925	-0.00000415
54.3970	-0.00000026
54.4020	-0.00000363
54.4071	-0.00000345
54.4122	-0.00000602
54.4166	-0.00000182
54.4222	-0.00000366
54.4263	-0.00000369
54.4306	-0.00000173
54.4354	-0.00000861
54.4404	-0.00000775
54.4454	-0.00000397
54.4499	-0.00000689
54.4583	-0.00000612
54.4633	-0.00000265
54.4684	-0.00000067
54.4738	-0.00000482
54.4782	-0.00000150
54.4826	-0.00000176
54.4890	-0.00000457
54.4937	-0.00000241
54.4989	-0.00000463
54.5040	-0.00000174
54.5094	-0.00000319
54.5140	-0.00000509
54.5191	-0.00000094
54.5235	0.00000016
54.5288	-0.00000116
54.5330	-0.00000281
54.5397	-0.00000060
54.5440	-0.00000389
54.5490	-0.00000030
54.5540	-0.00000459
54.5591	-0.00000628
54.5640	-0.00000333
54.5683	-0.00000651
54.5737	-0.00000205
54.5778	-0.00000338
54.5825	-0.00000298
54.5873	-0.00000582
54.5921	-0.00000595
54.5966	-0.00000597
54.6016	-0.00000380
54.6065	-0.00000649
54.6116	-0.00000676
54.6165	-0.00000665
54.6219	-0.00000926
54.6267	-0.00000532
54.6313	-0.00000557
54.6363	-0.00000673
54.6419	-0.00000757
54.6462	-0.00000738
54.6505	-0.00000441
54.6572	-0.00000730
54.6616	-0.00001110
54.6666	-0.00000966
54.6736	-0.00000853
54.6780	-0.00000592
54.6831	-0.00000591
54.6886	-0.00000794
54.6934	-0.00000702
54.6978	-0.00000787
54.7028	-0.00000586
54.7088	-0.00000610
54.7130	-0.00000793
54.7180	-0.00000801
54.7235	-0.00000628
54.7279	-0.00000135
54.7321	-0.00000400
54.7371	-0.00000769
54.7424	-0.00000928
54.7472	-0.00000580
54.7522	-0.00000603
54.7571	-0.00000965
54.7614	-0.00000221
54.7663	-0.00000821
54.7729	-0.00000977
54.7778	-0.00001097
54.7828	-0.00000617
54.7885	-0.00001135
54.7927	-0.00000783
54.7969	-0.00001013
54.8017	-0.00001027
54.8068	-0.00000616
54.8109	-0.00000522
54.8158	-0.00001043
54.8210	-0.00001022
54.8258	-0.00000548
54.8300	-0.00000798
54.8344	-0.00000739
54.8393	-0.00000699
54.8438	-0.00000913
54.8483	-0.00000723
54.8530	-0.00000707
54.8581	-0.00000740
54.8622	-0.00000528
54.8673	-0.00000933
54.8725	-0.00000856
54.8768	-0.00000906
54.8809	-0.00001046
54.8861	-0.00000894
54.8912	-0.00000657
54.8959	-0.00001171
54.9009	-0.00000797
54.9064	-0.00000644
54.9109	-0.00000440
54.9159	-0.00000401
54.9230	-0.00000309
54.9279	-0.00000718
54.9329	-0.00000644
54.9399	-0.00000869
54.9449	-0.00000789
54.9500	-0.00001123
54.9565	-0.00001035
54.9609	-0.00000486
54.9650	-0.00000521
54.9700	-0.00000443
54.9750	-0.00000774
54.9795	-0.00000629
54.9845	-0.00000893
54.9902	-0.00000974
54.9944	-0.00000416
54.9986	-0.00000157
55.0035	-0.00000680
55.0086	-0.00001033
55.0136	-0.00000723
55.0189	-0.00001049
55.0236	-0.00000879
55.0286	-0.00000904
55.0335	-0.00000551
55.0387	-0.00000563
55.0435	-0.00001017
55.0484	-0.00000735
55.0531	-0.00000658
55.0582	-0.00000311
55.0623	-0.00001053
55.0671	-0.00000734
55.0716	-0.00001165
55.0770	-0.00000562
55.0819	-0.00000729
55.0870	-0.00000404
55.0921	-0.00000755
55.0964	-0.00000643
55.1015	-0.00000706
55.1073	-0.00000501
55.1122	-0.00000532
55.1173	-0.00000737
55.1239	-0.00000644
55.1281	-0.00000776
55.1331	-0.00001447
55.1390	-0.00001214
55.1433	-0.00001508
55.1481	-0.00001679
55.1542	-0.00001063
55.1592	-0.00001330
55.1642	-0.00001416
55.1694	-0.00001149
55.1741	-0.00001513
55.1786	-0.00001256
55.1833	-0.00001177
55.1883	-0.00001204
55.1936	-0.00001099
55.1981	-0.00001046
55.2026	-0.00001341
55.2075	-0.00000851
55.2125	-0.00000981
55.2175	-0.00000814
55.2225	-0.00001009
55.2278	-0.00001270
55.2324	-0.00001281
55.2382	-0.00000916
55.2429	-0.00001253
55.2479	-0.00001040
55.2521	-0.00001231
55.2565	-0.00000901
55.2614	-0.00000649
55.2655	-0.00000803
55.2710	-0.00001038
55.2757	-0.00001179
55.2805	-0.00001122
55.2855	-0.00001425
55.2903	-0.00001010
55.2952	-0.00001387
55.2994	-0.00001271
55.3050	-0.00001301
55.3094	-0.00001560
55.3144	-0.00001063
55.3194	-0.00001149
55.3250	-0.00000250
55.3293	-0.00000316
55.3337	-0.00000174
55.3379	-0.00000128
55.3429	-0.00000060
55.3481	-0.00000262
55.3534	-0.00000355
55.3579	-0.00000405
55.3629	-0.00000312
55.3676	-0.00000296
55.3720	-0.00000367
55.3765	-0.00000282
55.3809	-0.00000304
55.3856	-0.00000198
55.3904	-0.00000164
55.3954	-0.00000251
55.4012	-0.00000265
55.4057	-0.00000230
55.4105	-0.00000255
55.4157	-0.00000172
55.4210	-0.00000094
55.4259	0.00000000
55.4310	0.00000056
55.4360	-0.00000089
55.4410	-0.00000064
55.4462	-0.00000198
55.4514	-0.00000418
55.4567	-0.00000294
55.4613	-0.00000290
55.4658	-0.00000316
55.4703	-0.00000373
55.4748	-0.00000365
55.4802	-0.00000462
55.4852	-0.00000352
55.4901	-0.00000360
55.4954	-0.00000220
55.5006	-0.00000160
55.5056	-0.00000059
55.5107	0.00000112
55.5159	0.00000144
55.5210	0.00000085
55.5260	0.00000078
55.5310	0.00000147
55.5358	0.00000177
55.5408	0.00000084
55.5456	0.00000055
55.5501	0.00000135
55.5550	0.00000118
55.5599	0.00000118
55.5652	0.00000077
55.5701	0.00000266
55.5751	0.00000223
55.5806	0.00000252
55.5855	0.00000170
55.5899	0.00000355
55.5944	0.00000198
55.5994	0.00000053
55.6038	-0.00000008
55.6090	-0.00000060
55.6133	-0.00000154
55.6179	-0.00000077
55.6229	-0.00000154
55.6279	-0.00000124
55.6328	0.00000148
55.6379	0.00000167
55.6431	0.00000185
55.6478	0.00000167
55.6529	0.00000133
55.6578	0.00000087
55.6629	0.00000063
55.6680	0.00000291
55.6730	0.00000246
55.6780	0.00000084
55.6824	0.00000027
55.6874	-0.00000022
55.6925	-0.00000029
55.6977	0.00000033
55.7024	0.00000380
55.7074	0.00000258
55.7125	0.00000301
55.7173	0.00000324
55.7224	0.00000295
55.7274	0.00000142
55.7324	0.00000034
55.7374	-0.00000078
55.7423	0.00000168
55.7475	0.00000114
55.7525	0.00000134
55.7573	0.00000040
55.7627	0.00000036
55.7674	0.00000002
55.7728	0.00000018
55.7775	0.00000107
55.7821	-0.00000067
55.7871	-0.00000105
55.7921	-0.00000284
55.7972	-0.00000254
55.8022	-0.00000192
55.8076	-0.00000184
55.8126	-0.00000078
55.8176	-0.00000224
55.8226	-0.00000209
55.8275	-0.00000284
55.8324	-0.00000239
55.8374	-0.00000275
55.8417	-0.00000378
55.8469	-0.00000320
55.8518	-0.00000266
55.8565	-0.00000144
55.8619	-0.00000169
55.8665	0.00000040
55.8717	0.00000108
55.8769	0.00000004
55.8814	-0.00000092
55.8858	-0.00000228
55.8901	-0.00000208
55.8949	-0.00000230
55.8997	-0.00000156
55.9052	-0.00000252
55.9098	-0.00000125
55.9150	-0.00000149
55.9199	-0.00000186
55.9243	-0.00000189
55.9289	-0.00000165
55.9339	-0.00000176
55.9390	-0.00000382
55.9436	-0.00000160
55.9479	-0.00000230
55.9521	-0.00000397
55.9567	-0.00000252
55.9609	-0.00000324
55.9661	-0.00000307
55.9711	-0.00000400
55.9760	-0.00000234
55.9808	-0.00000489
55.9849	-0.00000433
55.9899	-0.00000413
55.9948	-0.00000321
55.9994	-0.00000228
56.0046	-0.00000174
56.0095	-0.00000209
56.0145	-0.00000395
56.0196	-0.00000249
56.0239	-0.00000289
56.0288	-0.00000188
56.0331	-0.00000182
56.0379	-0.00000243
56.0427	-0.00000085
56.0477	0.00000042
56.0530	-0.00000124
56.0581	-0.00000175
56.0631	-0.00000190
56.0681	-0.00000309
56.0734	-0.00000276
56.0783	-0.00000263
56.0832	-0.00000271
56.0883	-0.00000091
56.0934	-0.00000279
56.0978	-0.00000163
56.1021	-0.00000211
56.1075	-0.00000276
56.1126	-0.00000258
56.1176	0.00000013
56.1226	0.00000209
56.1276	0.00000256
56.1323	0.00000098
56.1372	-0.00000155
56.1417	-0.00000153
56.1468	-0.00000048
56.1518	-0.00000155
56.1563	-0.00000115
56.1605	-0.00000127
56.1648	-0.00000185
56.1700	-0.00000025
56.1749	-0.00000111
56.1801	-0.00000145
56.1845	-0.00000139
56.1888	-0.00000140
56.1942	-0.00000160
56.1988	-0.00000082
56.2036	-0.00000051
56.2084	-0.00000123
56.2133	-0.00000012
56.2184	-0.00000052
56.2234	0.00000060
56.2282	0.00000071
56.2334	0.00000095
56.2387	0.00000079
56.2429	0.00000096
56.2480	0.00000089
56.2530	0.00000008
56.2580	-0.00000000
56.2630	0.00000001
56.2679	-0.00000082
56.2731	-0.00000110
56.2775	-0.00000041
56.2820	-0.00000075
56.2870	0.00000064
56.2920	0.00000124
56.2971	0.00000015
56.3024	-0.00000090
56.3073	-0.00000035
56.3123	-0.00000055
56.3174	-0.00000175
56.3218	-0.00000207
56.3262	-0.00000207
56.3313	-0.00000240
56.3363	0.00000039
56.3413	-0.00000083
56.3462	0.00000077
56.3512	-0.00000125
56.3553	-0.00000192
56.3596	-0.00000167
56.3643	0.00000049
56.3687	0.00000061
56.3739	0.00000008
56.3787	0.00000001
56.3831	0.00000148
56.3879	0.00000089
56.3930	0.00000088
56.3981	0.00000076
56.4027	-0.00000040
56.4076	-0.00000117
56.4126	0.00000050
56.4174	0.00000162
56.4228	0.00000259
56.4280	0.00000147
56.4331	0.00000174
56.4379	0.00000232
56.4425	0.00000242
56.4469	0.00000210
56.4521	0.00000129
56.4572	0.00000047
56.4621	0.00000302
56.4671	0.00000216
56.4723	0.00000048
56.4775	0.00000112
56.4821	0.00000116
56.4873	0.00000099
56.4922	-0.00000070
56.4973	0.00000024
56.5024	-0.00000100
56.5066	-0.00000138
56.5116	-0.00000190
56.5162	-0.00000148
56.5206	-0.00000056
56.5250	-0.00000235
56.5301	-0.00000114
56.5351	-0.00000273
56.5400	-0.00000173
56.5449	-0.00000177
56.5494	-0.00000030
56.5547	-0.00000065
56.5600	-0.00000044
56.5650	-0.00000172
56.5701	-0.00000036
56.5751	-0.00000104
56.5802	0.00000025
56.5849	0.00000026
56.5899	-0.00000203
56.5951	-0.00000257
56.5997	-0.00000176
56.6041	-0.00000189
56.6091	0.00000057
56.6142	-0.00000023
56.6193	0.00000071
56.6242	0.00000022
56.6292	0.00000001
56.6339	0.00000135
56.6390	-0.00000049
56.6434	-0.00000082
56.6485	-0.00000002
56.6529	-0.00000047
56.6574	-0.00000007
56.6624	-0.00000267
56.6675	-0.00000293
56.6723	-0.00000297
56.6773	-0.00000291
56.6833	-0.00000134
56.6884	-0.00000072
56.6936	0.00000030
56.6983	0.00000033
56.7033	-0.00000037
56.7085	0.00000027
56.7130	0.00000004
56.7171	-0.00000034
56.7216	0.00000054
56.7262	-0.00000039
56.7312	0.00000042
56.7364	-0.00000054
56.7406	-0.00000034
56.7456	0.00000095
56.7506	-0.00000003
56.7556	-0.00000128
56.7602	-0.00000175
56.7652	-0.00000118
56.7695	-0.00000213
56.7746	0.00000069
56.7794	0.00000029
56.7841	0.00000096
56.7891	-0.00000046
56.7940	0.00000075
56.7990	0.00000158
56.8032	0.00000208
56.8082	0.00000124
56.8132	0.00000085
56.8181	0.00000050
56.8231	-0.00000015
56.8280	-0.00000048
56.8330	-0.00000205
56.8372	-0.00000112
56.8415	-0.00000061
56.8466	-0.00000030
56.8511	-0.00000004
56.8561	0.00000041
56.8612	0.00000055
56.8661	-0.00000063
56.8713	-0.00000035
56.8761	-0.00000033
56.8804	0.00000014
56.8850	0.00000196
56.8900	0.00000180
56.8943	0.00000237
56.8992	0.00000160
56.9035	0.00000182
56.9081	0.00000197
56.9131	0.00000244
56.9182	0.00000158
56.9232	0.00000061
56.9279	0.00000116
56.9327	-0.00000081
56.9379	0.00000297
56.9427	0.00000168
56.9478	0.00000171
56.9525	0.00000042
56.9572	-0.00000188
56.9616	-0.00000181
56.9660	-0.00000254
56.9709	-0.00000168
56.9756	0.00000001
56.9805	-0.00000013
56.9852	0.00000134
56.9902	0.00000254
56.9952	0.00000267
57.0002	0.00000200
57.0052	0.00000207
57.0093	0.00000228
57.0135	0.00000238
57.0184	0.00000200
57.0234	0.00000388
57.0284	0.00000196
57.0334	0.00000152
57.0384	0.00000172
57.0434	0.00000311
57.0484	0.00000078
57.0534	0.00000071
57.0577	0.00000141
57.0620	0.00000139
57.0670	0.00000164
57.0716	0.00000021
57.0759	0.00000193
57.0811	0.00000160
57.0859	0.00000082
57.0910	0.00000062
57.0959	0.00000017
57.1009	-0.00000151
57.1060	-0.00000170
57.1109	-0.00000306
57.1151	-0.00000267
57.1201	0.00000026
57.1244	0.00000050
57.1291	-0.00000018
57.1340	-0.00000181
57.1383	0.00000130
57.1431	0.00000061
57.1481	0.00000079
57.1531	-0.00000033
57.1581	-0.00000006
57.1630	0.00000085
57.1683	0.00000124
57.1734	0.00000255
57.1776	0.00000278
57.1826	0.00000194
57.1875	0.00000038
57.1926	-0.00000092
57.1976	-0.00000344
57.2026	-0.00000203
57.2075	-0.00000232
57.2122	-0.00000058
57.2174	-0.00000007
57.2224	0.00000170
57.2274	0.00000284
57.2323	0.00000220
57.2375	0.00000400
57.2426	0.00000391
57.2475	0.00000257
57.2525	0.00000169
57.2574	0.00000073
57.2625	0.00000087
57.2674	0.00000081
57.2726	0.00000136
57.2777	0.00000004
57.2826	-0.00000151
57.2871	-0.00000023
57.2921	-0.00000036
57.2970	0.00000066
57.3019	0.00000106
57.3068	0.00000111
57.3119	-0.00000004
57.3171	0.00000080
57.3220	0.00000159
57.3270	0.00000067
57.3318	0.00000117
57.3374	0.00000074
57.3417	0.00000110
57.3468	0.00000248
57.3517	0.00000180
57.3563	-0.00000025
57.3607	-0.00000133
57.3656	0.00000067
57.3709	0.00000053
57.3757	0.00000179
57.3809	0.00000176
57.3854	0.00000173
57.3906	0.00000217
57.3949	0.00000253
57.3993	0.00000082
57.4036	0.00000010
57.4086	0.00000051
57.4134	0.00000149
57.4178	0.00000053
57.4228	0.00000128
57.4280	0.00000190
57.4329	0.00000104
57.4380	0.00000025
57.4433	-0.00000194
57.4484	-0.00000027
57.4538	-0.00000184
57.4586	-0.00000117
57.4637	-0.00000158
57.4688	-0.00000279
57.4733	-0.00000285
57.4775	-0.00000212
57.4824	-0.00000155
57.4875	-0.00000171
57.4924	-0.00000231
57.4973	-0.00000084
57.5022	0.00000196
57.5067	0.00000001
57.5117	0.00000060
57.5167	0.00000053
57.5217	0.00000085
57.5266	0.00000187
57.5307	0.00000149
57.5351	0.00000057
57.5401	0.00000071
57.5450	0.00000060
57.5500	-0.00000017
57.5550	-0.00000047
57.5593	-0.00000001
57.5641	0.00000039
57.5686	-0.00000112
57.5739	-0.00000141
57.5788	-0.00000120
57.5839	-0.00000169
57.5886	-0.00000164
57.5935	-0.00000014
57.5986	-0.00000032
57.6033	-0.00000028
57.6077	0.00000019
57.6124	0.00000058
57.6174	0.00000320
57.6224	0.00000257
57.6274	0.00000214
57.6317	0.00000105
57.6367	-0.00000160
57.6412	-0.00000275
57.6462	-0.00000282
57.6511	-0.00000378
57.6554	-0.00000178
57.6603	-0.00000203
57.6652	-0.00000112
57.6704	0.00000021
57.6748	-0.00000004
57.6799	-0.00000125
57.6844	-0.00000047
57.6892	-0.00000154
57.6938	0.00000012
57.6988	-0.00000034
57.7035	0.00000051
57.7086	0.00000079
57.7134	-0.00000134
57.7186	-0.00000113
57.7237	-0.00000126
57.7286	-0.00000015
57.7336	-0.00000003
57.7385	0.00000044
57.7435	0.00000129
57.7485	0.00000271
57.7536	0.00000060
57.7580	0.00000063
57.7630	-0.00000022
57.7676	-0.00000167
57.7720	-0.00000166
57.7771	0.00000062
57.7820	0.00000196
57.7879	0.00000215
57.7932	0.00000059
57.7980	-0.00000111
57.8034	0.00000047
57.8085	0.00000097
57.8134	0.00000100
57.8183	0.00000126
57.8234	0.00000271
57.8284	0.00000209
57.8334	0.00000251
57.8385	0.00000250
57.8434	0.00000228
57.8483	0.00000146
57.8527	-0.00000028
57.8571	-0.00000046
57.8614	-0.00000084
57.8666	-0.00000172
57.8716	-0.00000063
57.8758	-0.00000090
57.8802	-0.00000083
57.8847	-0.00000003
57.8907	-0.00000009
57.8954	0.00000097
57.9005	-0.00000080
57.9055	-0.00000015
57.9100	-0.00000079
57.9150	-0.00000132
57.9196	-0.00000263
57.9246	-0.00000306
57.9289	-0.00000238
57.9339	-0.00000093
57.9392	-0.00000010
57.9442	-0.00000117
57.9490	-0.00000153
57.9533	-0.00000159
57.9575	-0.00000148
57.9619	-0.00000294
57.9668	-0.00000325
57.9719	-0.00000325
57.9761	-0.00000355
57.9811	-0.00000159
57.9859	-0.00000143
57.9907	0.00000024
57.9960	0.00000109
58.0009	0.00000038
58.0054	-0.00000062
58.0103	-0.00000068
58.0153	0.00000066
58.0196	0.00000117
58.0239	0.00000107
58.0288	0.00000128
58.0337	0.00000061
58.0389	0.00000169
58.0438	0.00000055
58.0487	0.00000109
58.0540	-0.00000070
58.0595	0.00000131
58.0643	-0.00000211
58.0695	-0.00000159
58.0747	-0.00000182
58.0791	-0.00000157
58.0844	-0.00000060
58.0892	-0.00000007
58.0938	0.00000160
58.0986	0.00000058
58.1035	0.00000070
58.1085	0.00000038
58.1128	0.00000019
58.1180	-0.00000030
58.1229	-0.00000019
58.1279	-0.00000053
58.1329	0.00000102
58.1379	-0.00000042
58.1429	0.00000008
58.1479	0.00000171
58.1532	0.00000211
58.1587	0.00000318
58.1632	0.00000270
58.1686	0.00000230
58.1730	0.00000101
58.1784	-0.00000033
58.1834	-0.00000053
58.1880	-0.00000048
58.1928	-0.00000181
58.1977	-0.00000277
58.2028	-0.00000084
58.2074	-0.00000087
58.2123	-0.00000062
58.2173	-0.00000106
58.2223	-0.00000080
58.2272	-0.00000144
58.2323	-0.00000101
58.2375	-0.00000104
58.2426	0.00000048
58.2478	0.00000083
58.2522	0.00000145
58.2572	0.00000195
58.2622	0.00000308
58.2672	0.00000059
58.2722	0.00000285
58.2766	0.00000134
58.2812	0.00000241
58.2862	-0.00000055
58.2914	-0.00000196
58.2964	-0.00000212
58.3014	-0.00000173
58.3057	-0.00000164
58.3108	-0.00000123
58.3159	-0.00000134
58.3209	-0.00000170
58.3259	-0.00000068
58.3308	0.00000069
58.3356	-0.00000053
58.3401	-0.00000015
58.3451	-0.00000010
58.3501	-0.00000164
58.3553	-0.00000085
58.3596	-0.00000173
58.3647	0.00000010
58.3696	0.00000132
58.3749	0.00000114
58.3793	0.00000098
58.3843	0.00000104
58.3895	0.00000034
58.3939	-0.00000082
58.3988	-0.00000029
58.4040	0.00000042
58.4090	-0.00000034
58.4137	0.00000069
58.4182	-0.00000033
58.4233	-0.00000027
58.4282	0.00000109
58.4333	0.00000193
58.4376	0.00000231
58.4428	0.00000119
58.4477	0.00000100
58.4521	0.00000142
58.4564	-0.00000061
58.4613	-0.00000017
58.4663	-0.00000163
58.4719	-0.00000203
58.4770	-0.00000299
58.4821	-0.00000304
58.4870	-0.00000154
58.4919	-0.00000126
58.4967	-0.00000124
58.5011	-0.00000075
58.5063	-0.00000049
58.5107	-0.00000096
58.5159	-0.00000208
58.5203	-0.00000246
58.5253	-0.00000271
58.5306	-0.00000125
58.5355	-0.00000103
58.5405	-0.00000101
58.5459	-0.00000150
58.5503	-0.00000114
58.5560	-0.00000257
58.5605	-0.00000349
58.5654	-0.00000133
58.5698	-0.00000132
58.5743	-0.00000147
58.5791	-0.00000073
58.5840	0.00000060
58.5892	-0.00000047
58.5940	0.00000134
58.5988	0.00000033
58.6033	0.00000058
58.6081	0.00000052
58.6133	0.00000190
58.6186	0.00000147
58.6229	0.00000096
58.6284	0.00000024
58.6328	0.00000180
58.6372	0.00000123
58.6424	0.00000162
58.6472	0.00000319
58.6523	0.00000343
58.6566	0.00000261
58.6608	0.00000220
58.6657	0.00000184
58.6708	0.00000103
58.6757	0.00000066
58.6811	0.00000198
58.6859	0.00000333
58.6904	0.00000146
58.6953	-0.00000032
58.7002	0.00000005
58.7052	0.00000024
58.7101	-0.00000026
58.7149	0.00000004
58.7201	-0.00000159
58.7252	-0.00000221
58.7302	-0.00000250
58.7351	-0.00000163
58.7399	-0.00000203
58.7452	-0.00000008
58.7501	-0.00000155
58.7553	-0.00000109
58.7601	-0.00000076
58.7649	0.00000017
58.7699	0.00000173
58.7751	0.00000047
58.7802	-0.00000028
58.7852	0.00000062
58.7901	0.00000097
58.7948	0.00000204
58.7997	0.00000225
58.8048	0.00000125
58.8098	0.00000329
58.8146	0.00000307
58.8199	0.00000262
58.8251	0.00000214
58.8298	0.00000117
58.8348	-0.00000085
58.8398	0.00000066
58.8448	-0.00000036
58.8499	0.00000124
58.8571	0.00000265
58.8616	0.00000228
58.8668	0.00000071
58.8713	0.00000189
58.8756	0.00000174
58.8798	0.00000284
58.8848	0.00000083
58.8900	-0.00000036
58.8948	-0.00000097
58.8998	0.00000091
58.9043	0.00000092
58.9088	0.00000035
58.9138	0.00000207
58.9182	0.00000076
58.9231	0.00000060
58.9283	0.00000090
58.9332	0.00000026
58.9383	0.00000007
58.9434	-0.00000143
58.9478	-0.00000206
58.9525	-0.00000287
58.9569	-0.00000278
58.9614	-0.00000180
58.9664	-0.00000114
58.9714	-0.00000157
58.9759	-0.00000012
58.9804	-0.00000085
58.9847	0.00000060
58.9893	-0.00000058
58.9939	0.00000166
58.9989	0.00000195
59.0040	0.00000250
59.0092	0.00000150
59.0136	0.00000166
59.0182	0.00000069
59.0227	-0.00000058
59.0277	-0.00000123
59.0327	-0.00000047
59.0372	-0.00000114
59.0423	-0.00000104
59.0472	-0.00000107
59.0524	-0.00000070
59.0568	0.00000069
59.0618	0.00000010
59.0668	0.00000116
59.0717	0.00000242
59.0768	0.00000215
59.0819	0.00000064
59.0869	-0.00000039
59.0919	-0.00000091
59.0966	0.00000036
59.1016	0.00000182
59.1059	0.00000074
59.1103	0.00000136
59.1151	0.00000228
59.1202	0.00000164
59.1253	-0.00000071
59.1303	-0.00000233
59.1354	-0.00000170
59.1404	-0.00000107
59.1454	-0.00000005
59.1504	0.00000151
59.1553	0.00000311
59.1604	0.00000401
59.1653	0.00000341
59.1705	0.00000238
59.1753	0.00000171
59.1804	0.00000078
59.1854	0.00000046
59.1904	0.00000048
59.1952	0.00000059
59.2002	-0.00000318
59.2052	-0.00000176
59.2102	0.00000000
59.2152	-0.00000111
59.2202	-0.00000120
59.2252	-0.00000160
59.2302	0.00000158
59.2352	0.00000208
59.2402	0.00000024
59.2452	0.00000016
59.2502	-0.00000056
59.2551	-0.00000033
59.2602	-0.00000021
59.2652	0.00000102
59.2702	0.00000061
59.2752	0.00000276
59.2802	0.00000179
59.2852	0.00000122
59.2902	0.00000039
59.2949	0.00000069
59.3000	0.00000036
59.3050	-0.00000053
59.3100	0.00000005
59.3150	0.00000108
59.3199	0.00000111
59.3250	0.00000012
59.3300	-0.00000066
59.3351	-0.00000119
59.3398	0.00000026
59.3440	-0.00000040
59.3490	0.00000178
59.3540	0.00000192
59.3590	0.00000145
59.3639	-0.00000087
59.3689	-0.00000053
59.3740	-0.00000017
59.3791	-0.00000016
59.3841	-0.00000085
59.3891	-0.00000058
59.3937	-0.00000094
59.3988	-0.00000080
59.4038	0.00000251
59.4088	0.00000171
59.4138	0.00000213
59.4188	0.00000173
59.4238	0.00000142
59.4288	-0.00000047
59.4337	0.00000035
59.4388	-0.00000007
59.4438	-0.00000085
59.4490	-0.00000017
59.4538	0.00000129
59.4588	-0.00000002
59.4637	-0.00000040
59.4687	-0.00000085
59.4738	-0.00000177
59.4789	-0.00000364
59.4839	-0.00000114
59.4889	-0.00000022
59.4935	-0.00000190
59.4987	-0.00000160
59.5037	-0.00000105
59.5087	-0.00000305
59.5137	-0.00000317
59.5187	-0.00000198
59.5238	-0.00000279
59.5286	-0.00000249
59.5337	-0.00000270
59.5387	-0.00000122
59.5437	-0.00000281
59.5487	-0.00000247
59.5537	-0.00000219
59.5587	-0.00000232
59.5637	-0.00000282
59.5686	-0.00000514
59.5727	-0.00000458
59.5777	-0.00000316
59.5818	-0.00000337
59.5868	-0.00000111
59.5918	-0.00000132
59.5966	0.00000015
59.6015	0.00000216
59.6066	0.00000262
59.6116	0.00000404
59.6165	0.00000427
59.6216	0.00000187
59.6266	0.00000254
59.6317	0.00000242
59.6366	0.00000367
59.6416	0.00000368
59.6467	0.00000299
59.6516	0.00000186
59.6566	0.00000187
59.6616	0.00000156
59.6666	0.00000269
59.6716	0.00000075
59.6766	0.00000165
59.6816	0.00000218
59.6866	0.00000159
59.6916	0.00000159
59.6963	0.00000203
59.7013	0.00000338
59.7063	0.00000197
59.7113	0.00000268
59.7163	0.00000230
59.7213	0.00000150
59.7263	0.00000092
59.7313	0.00000130
59.7363	-0.00000054
59.7415	0.00000047
59.7465	0.00000072
59.7515	-0.00000011
59.7564	-0.00000104
59.7615	-0.00000078
59.7665	-0.00000155
59.7715	-0.00000041
59.7767	0.00000016
59.7815	0.00000073
59.7865	0.00000097
59.7915	0.00000276
59.7960	0.00000238
59.8010	0.00000298
59.8061	0.00000226
59.8111	0.00000192
59.8160	0.00000231
59.8210	0.00000144
59.8261	0.00000034
59.8310	0.00000017
59.8361	-0.00000076
59.8411	0.00000046
59.8462	0.00000106
59.8512	0.00000088
59.8562	0.00000121
59.8612	0.00000041
59.8665	-0.00000082
59.8714	-0.00000023
59.8764	0.00000065
59.8818	-0.00000037
59.8863	-0.00000140
59.8914	-0.00000086
59.8959	0.00000082
59.9010	0.00000087
59.9059	0.00000109
59.9109	-0.00000106
59.9159	-0.00000141
59.9209	-0.00000122
59.9259	0.00000012
59.9310	-0.00000135
59.9360	-0.00000135
59.9411	0.00000001
59.9461	-0.00000030
59.9510	0.00000103
59.9560	0.00000123
59.9610	0.00000175
59.9660	0.00000272
59.9709	0.00000233
59.9763	0.00000297
59.9810	0.00000363
59.9864	0.00000363
59.9912	0.00000171
59.9959	0.00000042
60.0010	-0.00000042
60.0060	-0.00000033
60.0109	0.00000084
60.0160	-0.00000117
60.0208	-0.00000150
60.0258	-0.00000114
60.0309	-0.00000104
60.0359	-0.00000172
60.0409	-0.00000042
60.0458	-0.00000053
60.0509	-0.00000162
60.0559	-0.00000100
60.0607	0.00000145
60.0658	0.00000106
60.0709	-0.00000217
60.0760	-0.00000166
60.0811	-0.00000391
60.0861	-0.00000343
60.0913	-0.00000404
60.0958	-0.00000328
60.1008	-0.00000430
60.1058	-0.00000342
60.1108	-0.00000215
60.1158	-0.00000256
60.1209	-0.00000272
60.1258	-0.00000324
60.1308	-0.00000285
60.1358	-0.00000286
60.1408	-0.00000316
60.1458	-0.00000298
60.1508	-0.00000177
60.1558	-0.00000151
60.1608	-0.00000158
60.1658	-0.00000049
60.1708	0.00000113
60.1757	0.00000184
60.1808	0.00000186
60.1862	0.00000128
60.1909	0.00000361
60.1955	0.00000215
60.2006	0.00000140
60.2056	0.00000010
60.2106	0.00000099
60.2155	-0.00000152
60.2206	0.00000004
60.2256	0.00000021
60.2305	0.00000123
60.2356	0.00000037
60.2406	0.00000058
60.2456	-0.00000064
60.2506	-0.00000289
60.2556	-0.00000322
60.2606	-0.00000383
60.2656	-0.00000316
60.2706	-0.00000292
60.2756	-0.00000317
60.2807	-0.00000186
60.2855	0.00000002
60.2906	0.00000020
60.2951	0.00000214
60.3002	0.00000148
60.3050	0.00000253
60.3102	0.00000241
60.3151	0.00000244
60.3201	0.00000376
60.3251	0.00000192
60.3301	0.00000251
60.3351	0.00000378
60.3401	0.00000372
60.3451	0.00000256
60.3501	0.00000131
60.3551	0.00000191
60.3601	0.00000059
60.3651	0.00000098
60.3701	0.00000116
60.3751	0.00000094
60.3800	0.00000041
60.3851	-0.00000072
60.3901	-0.00000063
60.3951	-0.00000208
60.3996	-0.00000203
60.4046	-0.00000026
60.4096	-0.00000062
60.4146	-0.00000008
60.4196	0.00000021
60.4246	-0.00000000
60.4296	-0.00000125
60.4346	0.00000059
60.4396	-0.00000209
60.4446	-0.00000226
60.4496	-0.00000347
60.4546	-0.00000335
60.4596	-0.00000216
60.4646	-0.00000074
60.4696	-0.00000091
60.4746	-0.00000068
60.4796	-0.00000050
60.4846	0.00000025
60.4895	-0.00000023
60.4951	-0.00000213
60.5001	-0.00000231
60.5051	-0.00000296
60.5101	-0.00000220
60.5151	-0.00000130
60.5201	-0.00000135
60.5252	0.00000033
60.5301	-0.00000030
60.5352	-0.00000028
60.5402	-0.00000163
60.5452	-0.00000234
60.5496	-0.00000251
60.5547	-0.00000196
60.5595	-0.00000149
60.5646	-0.00000196
60.5696	-0.00000050
60.5747	0.00000048
60.5799	-0.00000086
60.5848	-0.00000036
60.5897	-0.00000084
60.5954	-0.00000073
60.6005	-0.00000118
60.6055	-0.00000071
60.6105	-0.00000143
60.6155	-0.00000129
60.6205	-0.00000144
60.6255	-0.00000192
60.6304	-0.00000214
60.6355	-0.00000052
60.6405	-0.00000061
60.6455	0.00000022
60.6505	0.00000051
60.6555	-0.00000005
60.6609	-0.00000019
60.6659	-0.00000064
60.6710	-0.00000137
60.6759	0.00000147
60.6810	0.00000156
60.6860	0.00000238
60.6910	0.00000159
60.6956	0.00000267
60.7007	0.00000203
60.7057	0.00000048
60.7107	0.00000033
60.7150	0.00000127
60.7201	-0.00000042
60.7251	0.00000051
60.7300	-0.00000025
60.7351	0.00000143
60.7400	0.00000041
60.7449	0.00000058
60.7501	-0.00000027
60.7550	-0.00000156
60.7601	-0.00000112
60.7651	0.00000066
60.7701	0.00000165
60.7750	-0.00000058
60.7800	-0.00000113
60.7851	0.00000005
60.7901	0.00000018
60.7955	-0.00000082
60.8007	-0.00000104
60.8057	0.00000010
60.8107	-0.00000114
60.8157	-0.00000073
60.8207	0.00000017
60.8257	-0.00000001
60.8308	0.00000135
60.8356	0.00000156
60.8407	0.00000335
60.8457	0.00000490
60.8508	0.00000435
60.8558	0.00000486
60.8609	0.00000371
60.8658	0.00000310
60.8708	0.00000262
60.8758	0.00000278
60.8808	0.00000077
60.8859	0.00000134
60.8909	0.00000266
60.8959	0.00000202
60.9005	0.00000074
60.9055	0.00000066
60.9105	0.00000128
60.9154	0.00000061
60.9199	0.00000179
60.9251	0.00000272
60.9298	0.00000378
60.9351	0.00000470
60.9401	0.00000451
60.9451	0.00000466
60.9500	0.00000457
60.9550	0.00000295
60.9600	0.00000305
60.9650	0.00000047
60.9700	-0.00000075
60.9750	-0.00000084
60.9799	-0.00000139
60.9851	-0.00000032
60.9901	0.00000012
60.9950	0.00000034
60.9995	0.00000122
61.0045	-0.00000021
61.0095	-0.00000141
61.0144	-0.00000192
61.0195	-0.00000027
61.0244	0.00000014
61.0293	0.00000233
61.0345	0.00000338
61.0394	0.00000410
61.0445	0.00000443
61.0495	0.00000455
61.0545	0.00000289
61.0594	0.00000101
61.0644	0.00000088
61.0694	0.00000065
61.0744	0.00000089
61.0793	0.00000144
61.0844	0.00000109
61.0894	0.00000074
61.0944	0.00000176
61.0990	0.00000198
61.1040	0.00000183
61.1089	0.00000262
61.1139	0.00000075
61.1189	0.00000216
61.1239	0.00000114
61.1291	-0.00000024
61.1339	-0.00000103
61.1388	-0.00000061
61.1439	0.00000057
61.1489	0.00000147
61.1539	-0.00000035
61.1589	0.00000087
61.1639	0.00000162
61.1689	0.00000213
61.1739	0.00000061
61.1789	0.00000111
61.1839	0.00000005
61.1889	0.00000116
61.1940	0.00000040
61.1984	-0.00000122
61.2035	-0.00000188
61.2085	-0.00000172
61.2134	-0.00000014
61.2185	0.00000045
61.2235	-0.00000093
61.2285	-0.00000097
61.2335	-0.00000093
61.2385	-0.00000081
61.2435	-0.00000198
61.2486	-0.00000029
61.2536	0.00000035
61.2585	0.00000024
61.2634	-0.00000019
61.2685	0.00000146
61.2734	0.00000221
61.2785	0.00000227
61.2836	0.00000345
61.2887	0.00000358
61.2937	0.00000312
61.2982	0.00000092
61.3034	0.00000019
61.3084	0.00000158
61.3133	0.00000108
61.3184	0.00000010
61.3234	-0.00000117
61.3283	-0.00000078
61.3336	-0.00000115
61.3383	0.00000006
61.3433	0.00000112
61.3483	0.00000118
61.3533	0.00000222
61.3583	0.00000191
61.3632	0.00000150
61.3684	0.00000228
61.3733	0.00000150
61.3783	0.00000146
61.3834	0.00000078
61.3884	0.00000095
61.3934	0.00000012
61.3981	0.00000039
61.4031	0.00000041
61.4081	-0.00000083
61.4130	-0.00000064
61.4180	-0.00000123
61.4231	-0.00000035
61.4282	0.00000036
61.4331	-0.00000013
61.4381	-0.00000066
61.4431	-0.00000182
61.4481	-0.00000287
61.4531	-0.00000157
61.4581	-0.00000283
61.4629	-0.00000318
61.4682	-0.00000220
61.4730	-0.00000115
61.4781	-0.00000172
61.4834	-0.00000128
61.4882	0.00000023
61.4932	-0.00000039
61.4977	-0.00000154
61.5027	-0.00000160
61.5078	-0.00000265
61.5128	-0.00000267
61.5176	-0.00000240
61.5227	-0.00000281
61.5278	-0.00000285
61.5328	-0.00000335
61.5376	-0.00000487
61.5427	-0.00000421
61.5477	-0.00000234
61.5527	-0.00000152
61.5577	-0.00000218
61.5627	0.00000015
61.5677	-0.00000212
61.5727	-0.00000119
61.5776	0.00000022
61.5828	0.00000042
61.5877	0.00000175
61.5927	0.00000162
61.5972	0.00000135
61.6024	0.00000125
61.6073	0.00000252
61.6124	0.00000419
61.6174	0.00000240
61.6224	0.00000121
61.6274	0.00000076
61.6323	0.00000080
61.6373	0.00000014
61.6423	0.00000310
61.6473	0.00000201
61.6524	0.00000138
61.6574	0.00000049
61.6623	0.00000007
61.6674	0.00000184
61.6724	0.00000108
61.6773	0.00000018
61.6825	-0.00000096
61.6876	-0.00000052
61.6926	0.00000200
61.6976	0.00000074
61.7023	-0.00000070
61.7072	-0.00000057
61.7122	-0.00000133
61.7172	-0.00000121
61.7222	-0.00000033
61.7272	-0.00000103
61.7322	-0.00000133
61.7372	-0.00000156
61.7421	-0.00000181
61.7471	-0.00000028
61.7522	0.00000065
61.7571	0.00000126
61.7621	0.00000089
61.7672	0.00000129
61.7722	0.00000155
61.7771	0.00000146
61.7822	0.00000054
61.7872	0.00000082
61.7922	0.00000137
61.7979	0.00000106
61.8029	0.00000109
61.8079	0.00000127
61.8128	0.00000029
61.8182	0.00000017
61.8228	0.00000213
61.8279	0.00000140
61.8330	-0.00000024
61.8378	-0.00000059
61.8430	-0.00000080
61.8479	-0.00000034
61.8529	0.00000199
61.8579	0.00000187
61.8629	0.00000181
61.8679	0.00000132
61.8729	0.00000100
61.8778	0.00000182
61.8829	0.00000359
61.8880	0.00000261
61.8931	0.00000206
61.8979	0.00000269
61.9025	0.00000250
61.9075	0.00000240
61.9125	0.00000188
61.9175	0.00000236
61.9225	0.00000185
61.9275	0.00000113
61.9324	0.00000043
61.9373	0.00000145
61.9415	0.00000122
61.9465	0.00000034
61.9515	-0.00000043
61.9566	0.00000101
61.9615	0.00000156
61.9665	0.00000026
61.9715	-0.00000077
61.9765	-0.00000165
61.9815	-0.00000057
61.9865	-0.00000048
61.9915	0.00000093
61.9965	0.00000203
62.0011	-0.00000067
62.0061	-0.00000112
62.0110	-0.00000315
62.0161	-0.00000170
62.0210	-0.00000166
62.0262	-0.00000048
62.0310	-0.00000105
62.0361	-0.00000123
62.0411	-0.00000017
62.0460	-0.00000263
62.0510	-0.00000152
62.0561	-0.00000010
62.0612	0.00000017
62.0664	-0.00000075
62.0714	-0.00000010
62.0764	-0.00000275
62.0814	-0.00000303
62.0865	-0.00000258
62.0915	-0.00000228
62.0965	-0.00000034
62.1011	0.00000000
62.1062	0.00000037
62.1112	0.00000152
62.1162	0.00000036
62.1212	0.00000034
62.1261	0.00000132
62.1312	-0.00000083
62.1362	-0.00000057
62.1411	-0.00000104
62.1462	-0.00000030
62.1512	-0.00000038
62.1561	-0.00000010
62.1612	-0.00000026
62.1662	-0.00000229
62.1711	-0.00000134
62.1762	-0.00000249
62.1811	-0.00000170
62.1862	-0.00000132
62.1911	-0.00000191
62.1962	-0.00000014
62.2008	0.00000009
62.2058	-0.00000022
62.2108	-0.00000017
62.2158	-0.00000003
62.2208	-0.00000042
62.2258	0.00000060
62.2308	0.00000042
62.2358	-0.00000039
62.2407	0.00000051
62.2457	0.00000025
62.2507	0.00000064
62.2559	-0.00000080
62.2608	-0.00000014
62.2657	-0.00000221
62.2707	-0.00000308
62.2757	-0.00000308
62.2807	-0.00000136
62.2851	-0.00000163
62.2902	-0.00000184
62.2949	-0.00000173
62.2995	-0.00000149
62.3047	-0.00000114
62.3097	-0.00000098
62.3146	0.00000083
62.3198	-0.00000062
62.3250	0.00000061
62.3296	0.00000136
62.3348	-0.00000172
62.3396	-0.00000208
62.3446	-0.00000092
62.3498	-0.00000154
62.3547	-0.00000026
62.3596	-0.00000003
62.3645	0.00000120
62.3697	-0.00000054
62.3746	-0.00000075
62.3798	0.00000056
62.3849	0.00000243
62.3897	0.00000270
62.3948	0.00000308
62.3993	0.00000157
62.4044	0.00000175
62.4094	0.00000057
62.4144	0.00000044
62.4193	0.00000028
62.4245	0.00000029
62.4292	-0.00000117
62.4343	-0.00000239
62.4395	-0.00000242
62.4444	-0.00000254
62.4494	-0.00000201
62.4543	-0.00000335
62.4593	-0.00000331
62.4644	-0.00000217
62.4694	-0.00000055
62.4743	0.00000017
62.4792	-0.00000009
62.4845	-0.00000058
62.4895	-0.00000085
62.4945	-0.00000166
62.4991	-0.00000164
62.5041	-0.00000017
62.5109	0.00000091
62.5183	-0.00000005
62.5231	0.00000037
62.5280	-0.00000037
62.5340	-0.00000043
62.5392	-0.00000032
62.5441	0.00000044
62.5498	-0.00000019
62.5543	0.00000178
62.5592	0.00000109
62.5640	0.00000165
62.5687	0.00000178
62.5731	0.00000099
62.5780	0.00000023
62.5835	0.00000001
62.5886	-0.00000078
62.5936	0.00000041
62.6002	-0.00000198
62.6052	-0.00000262
62.6102	-0.00000156
62.6150	-0.00000191
62.6202	-0.00000097
62.6252	0.00000070
62.6302	0.00000091
62.6354	0.00000016
62.6402	0.00000138
62.6451	0.00000259
62.6507	0.00000149
62.6551	0.00000149
62.6601	0.00000163
62.6651	0.00000257
62.6702	0.00000288
62.6752	0.00000364
62.6802	0.00000348
62.6854	0.00000277
62.6907	0.00000293
62.6955	0.00000291
62.7002	0.00000160
62.7053	0.00000109
62.7102	0.00000008
62.7158	-0.00000174
62.7203	-0.00000191
62.7252	-0.00000107
62.7302	-0.00000222
62.7352	-0.00000265
62.7403	-0.00000094
62.7452	-0.00000030
62.7503	-0.00000210
62.7553	-0.00000195
62.7602	-0.00000203
62.7651	-0.00000267
62.7701	-0.00000339
62.7751	-0.00000360
62.7804	-0.00000243
62.7855	-0.00000272
62.7904	-0.00000269
62.7952	-0.00000253
62.8019	-0.00000151
62.8068	-0.00000228
62.8113	-0.00000123
62.8168	-0.00000164
62.8214	-0.00000275
62.8264	-0.00000070
62.8313	-0.00000167
62.8364	-0.00000267
62.8415	-0.00000202
62.8465	-0.00000079
62.8514	0.00000017
62.8565	0.00000058
62.8613	-0.00000021
62.8671	-0.00000196
62.8715	-0.00000079
62.8764	-0.00000188
62.8815	-0.00000071
62.8869	-0.00000190
62.8916	-0.00000058
62.8966	-0.00000115
62.9021	0.00000134
62.9078	0.00000030
62.9121	0.00000011
62.9172	-0.00000033
62.9228	0.00000050
62.9272	0.00000011
62.9321	0.00000010
62.9388	0.00000082
62.9431	-0.00000049
62.9482	-0.00000213
62.9532	-0.00000180
62.9584	-0.00000108
62.9633	-0.00000131
62.9688	-0.00000320
62.9733	-0.00000194
62.9783	-0.00000282
62.9839	-0.00000153
62.9885	-0.00000177
62.9934	-0.00000269
62.9985	-0.00000252
63.0030	-0.00000266
63.0080	-0.00000212
63.0129	-0.00000134
63.0179	-0.00000109
63.0230	-0.00000147
63.0279	-0.00000269
63.0336	-0.00000217
63.0380	-0.00000248
63.0429	-0.00000250
63.0478	-0.00000273
63.0530	-0.00000237
63.0580	-0.00000014
63.0630	-0.00000011
63.0680	-0.00000118
63.0730	-0.00000279
63.0780	-0.00000154
63.0834	-0.00000015
63.0881	0.00000077
63.0931	0.00000231
63.0981	0.00000220
63.1027	0.00000183
63.1076	0.00000337
63.1127	0.00000199
63.1176	0.00000056
63.1225	-0.00000012
63.1277	-0.00000011
63.1337	0.00000026
63.1386	0.00000161
63.1436	0.00000229
63.1487	0.00000212
63.1540	0.00000158
63.1589	0.00000027
63.1640	0.00000027
63.1689	0.00000169
63.1739	0.00000134
63.1788	-0.00000035
63.1839	0.00000134
63.1890	0.00000066
63.1938	0.00000017
63.1988	0.00000058
63.2034	0.00000122
63.2085	0.00000134
63.2135	-0.00000030
63.2185	-0.00000117
63.2235	0.00000032
63.2284	0.00000046
63.2334	0.00000102
63.2385	0.00000110
63.2434	-0.00000050
63.2503	0.00000169
63.2556	0.00000130
63.2604	0.00000029
63.2662	0.00000208
63.2706	0.00000151
63.2755	-0.00000033
63.2805	-0.00000117
63.2857	-0.00000038
63.2908	-0.00000348
63.2955	-0.00000570
63.3006	-0.00000500
63.3054	-0.00000354
63.3104	-0.00000271
63.3153	-0.00000198
63.3204	-0.00000214
63.3253	-0.00000055
63.3303	-0.00000083
63.3355	-0.00000104
63.3404	-0.00000344
63.3452	-0.00000130
63.3519	-0.00000029
63.3568	0.00000048
63.3617	-0.00000018
63.3662	0.00000079
63.3713	0.00000043
63.3767	0.00000058
63.3817	0.00000053
63.3868	0.00000221
63.3918	0.00000151
63.3968	0.00000051
63.4013	0.00000180
63.4063	0.00000291
63.4113	0.00000478
63.4165	0.00000387
63.4214	0.00000236
63.4267	-0.00000001
63.4322	0.00000103
63.4369	0.00000168
63.4418	0.00000208
63.4469	0.00000207
63.4520	0.00000105
63.4569	-0.00000331
63.4618	-0.00000164
63.4670	-0.00000231
63.4719	-0.00000027
63.4771	-0.00000397
63.4820	0.00000129
63.4870	0.00000209
63.4921	0.00000261
63.4969	-0.00000041
63.5023	-0.00000046
63.5065	-0.00000383
63.5115	-0.00000192
63.5157	-0.00000295
63.5207	0.00000047
63.5256	-0.00000359
63.5306	-0.00000487
63.5356	-0.00000231
63.5407	-0.00000298
63.5455	-0.00000226
63.5507	-0.00000419
63.5558	0.00000201
63.5607	-0.00000379
63.5654	-0.00000614
63.5706	0.00000044
63.5756	-0.00000310
63.5806	-0.00000128
63.5855	-0.00000177
63.5904	-0.00000222
63.5947	0.00000016
63.6000	-0.00000192
63.6041	-0.00000573
63.6092	-0.00000518
63.6143	-0.00000417
63.6193	-0.00000469
63.6246	-0.00000043
63.6294	-0.00000249
63.6347	-0.00000139
63.6399	-0.00000477
63.6447	-0.00000199
63.6496	-0.00000425
63.6547	-0.00000461
63.6595	-0.00000475
63.6637	-0.00000121
63.6688	-0.00000062
63.6739	0.00000297
63.6787	-0.00000131
63.6856	0.00000013
63.6900	-0.00000112
63.6950	0.00000190
63.6994	0.00000707
63.7040	0.00000090
63.7090	-0.00000086
63.7138	-0.00000594
63.7188	-0.00000051
63.7235	-0.00000606
63.7277	-0.00000198
63.7328	-0.00000302
63.7380	-0.00000530
63.7422	-0.00000721
63.7467	-0.00000378
63.7520	-0.00000404
63.7570	0.00000148
63.7617	-0.00000290
63.7667	0.00000018
63.7716	-0.00000300
63.7760	0.00000271
63.7807	-0.00000187
63.7857	0.00000097
63.7903	0.00000035
63.7951	-0.00000413
63.7993	-0.00000091
63.8043	-0.00000121
63.8086	-0.00000230
63.8131	0.00000163
63.8182	-0.00000050
63.8225	0.00000247
63.8273	0.00000155
63.8323	-0.00000742
63.8370	-0.00000069
63.8420	0.00000089
63.8468	-0.00000044
63.8517	-0.00000109
63.8572	-0.00000406
63.8616	-0.00000298
63.8660	-0.00000586
63.8712	-0.00000301
63.8761	-0.00000021
63.8822	-0.00000176
63.8873	-0.00000594
63.8915	-0.00000040
63.8967	-0.00000378
63.9012	-0.00000442
63.9056	-0.00000210
63.9106	-0.00000314
63.9158	-0.00000179
63.9207	-0.00000184
63.9256	-0.00000397
63.9307	0.00000047
63.9357	-0.00000182
63.9408	-0.00000189
63.9452	0.00000042
63.9497	0.00000127
63.9546	0.00000152
63.9596	0.00000028
63.9648	0.00000195
63.9696	-0.00000549
63.9739	-0.00000224
63.9785	-0.00000218
63.9829	-0.00000034
63.9873	-0.00000415
63.9923	-0.00000226
63.9973	-0.00000404
64.0018	-0.00000341
64.0069	-0.00000091
64.0119	-0.00000169
64.0171	0.00000267
64.0214	-0.00000560
64.0259	0.00000164
64.0324	0.00000095
64.0370	0.00000064
64.0416	-0.00000081
64.0466	-0.00000331
64.0514	0.00000027
64.0566	-0.00000316
64.0609	-0.00000507
64.0664	-0.00000289
64.0716	0.00000048
64.0759	-0.00000351
64.0801	-0.00000192
64.0848	-0.00000392
64.0890	0.00000027
64.0938	-0.00000208
64.0991	-0.00000276
64.1040	-0.00000527
64.1086	-0.00000210
64.1133	0.00000229
64.1184	-0.00000491
64.1227	-0.00000360
64.1270	-0.00000223
64.1319	0.00000184
64.1371	0.00000207
64.1413	0.00000022
64.1463	-0.00000090
64.1514	0.00000134
64.1555	-0.00000163
64.1598	-0.00000344
64.1653	0.00000169
64.1702	-0.00000245
64.1752	0.00000087
64.1803	-0.00000119
64.1850	-0.00000069
64.1894	0.00000032
64.1943	-0.00000390
64.1993	-0.00000556
64.2042	-0.00000161
64.2092	-0.00000343
64.2140	-0.00000292
64.2182	-0.00000358
64.2231	-0.00000362
64.2281	-0.00000494
64.2331	-0.00000353
64.2382	-0.00000111
64.2431	-0.00000428
64.2487	0.00000002
64.2532	-0.00000252
64.2581	-0.00000278
64.2631	-0.00000432
64.2682	-0.00000457
64.2732	-0.00000105
64.2781	-0.00000107
64.2832	-0.00000245
64.2882	-0.00000632
64.2933	-0.00000273
64.2992	-0.00000276
64.3042	0.00000285
64.3092	-0.00000245
64.3142	-0.00000336
64.3196	-0.00000567
64.3242	-0.00000280
64.3291	-0.00000261
64.3341	0.00000049
64.3392	0.00000027
64.3441	-0.00000103
64.3502	0.00000199
64.3551	-0.00000090
64.3602	-0.00000445
64.3655	-0.00000608
64.3702	-0.00000650
64.3751	-0.00000204
64.3802	-0.00000682
64.3851	-0.00000267
64.3892	-0.00000436
64.3942	-0.00000021
64.3996	-0.00000055
64.4041	0.00000097
64.4091	-0.00000361
64.4141	-0.00000426
64.4190	-0.00000355
64.4241	-0.00000434
64.4291	-0.00000107
64.4341	-0.00000308
64.4391	-0.00000454
64.4440	-0.00000335
64.4490	0.00000128
64.4541	-0.00000215
64.4591	-0.00000308
64.4639	-0.00000777
64.4681	-0.00000413
64.4731	-0.00000714
64.4779	-0.00000415
64.4830	-0.00000707
64.4883	-0.00000457
64.4932	-0.00000698
64.4987	-0.00000659
64.5029	-0.00000299
64.5071	-0.00000698
64.5121	-0.00000683
64.5170	-0.00000318
64.5221	-0.00000175
64.5270	-0.00000489
64.5320	-0.00000648
64.5372	-0.00000677
64.5420	-0.00000555
64.5473	-0.00000666
64.5519	-0.00000024
64.5570	-0.00000356
64.5619	-0.00000452
64.5670	-0.00000459
64.5721	-0.00000198
64.5770	-0.00000497
64.5824	-0.00000345
64.5871	-0.00000257
64.5920	-0.00000437
64.5972	-0.00000185
64.6032	-0.00000390
64.6078	-0.00000918
64.6128	-0.00000796
64.6176	-0.00000783
64.6225	-0.00000895
64.6268	-0.00001071
64.6316	-0.00000940
64.6366	-0.00000605
64.6415	-0.00000601
64.6469	-0.00000824
64.6520	-0.00000802
64.6567	-0.00000483
64.6617	-0.00000903
64.6674	-0.00000921
64.6717	-0.00000714
64.6768	-0.00000698
64.6816	-0.00000140
64.6866	-0.00000313
64.6917	-0.00000309
64.6968	-0.00000542
64.7018	-0.00000021
64.7065	-0.00000162
64.7114	-0.00000505
64.7180	-0.00000659
64.7225	-0.00000211
64.7274	-0.00000270
64.7323	-0.00000599
64.7376	-0.00000404
64.7425	-0.00000558
64.7475	-0.00000482
64.7525	-0.00000371
64.7574	0.00000062
64.7624	-0.00000806
64.7675	-0.00000588
64.7725	-0.00000871
64.7775	-0.00000793
64.7846	-0.00000838
64.7895	-0.00000411
64.7943	-0.00000830
64.7984	-0.00000524
64.8032	-0.00000483
64.8083	-0.00000920
64.8133	-0.00000838
64.8183	-0.00000083
64.8233	-0.00000113
64.8281	-0.00000332
64.8332	-0.00000337
64.8383	-0.00000391
64.8432	-0.00000719
64.8483	-0.00000763
64.8533	-0.00000518
64.8582	-0.00000896
64.8632	-0.00000534
64.8682	-0.00000817
64.8733	-0.00000342
64.8782	-0.00000466
64.8832	-0.00000182
64.8883	-0.00000358
64.8933	-0.00000723
64.9000	-0.00000680
64.9052	-0.00000763
64.9101	-0.00000896
64.9155	-0.00001081
64.9203	-0.00000735
64.9252	-0.00000783
64.9302	-0.00000913
64.9352	-0.00000719
64.9403	-0.00001119
64.9451	-0.00000777
64.9503	-0.00001021
64.9552	-0.00001151
64.9601	-0.00000411
64.9653	-0.00000893
64.9702	-0.00000782
64.9752	-0.00000749
64.9801	-0.00000767
64.9842	-0.00000809
64.9893	-0.00000494
64.9943	-0.00000525
64.9993	-0.00000720
65.0040	-0.00000390
65.0081	-0.00000405
65.0130	-0.00000158
65.0182	-0.00000582
65.0232	-0.00000837
65.0280	-0.00000840
65.0331	-0.00000964
65.0382	-0.00000784
65.0432	-0.00000815
65.0488	-0.00000711
65.0532	-0.00000680
65.0582	-0.00000528
65.0630	-0.00001093
65.0682	-0.00000752
65.0730	-0.00000487
65.0781	-0.00000630
65.0831	-0.00000693
65.0882	-0.00000610
65.0932	-0.00000901
65.0983	-0.00000498
65.1034	-0.00000749
65.1082	-0.00000522
65.1132	-0.00000427
65.1182	-0.00000416
65.1231	-0.00000587
65.1281	-0.00001060
65.1331	-0.00000467
65.1382	-0.00000933
65.1431	-0.00000593
65.1488	-0.00000623
65.1533	-0.00000830
65.1582	-0.00001079
65.1632	-0.00000990
65.1682	-0.00000727
65.1732	-0.00000632
65.1782	-0.00000734
65.1831	-0.00000925
65.1882	-0.00000951
65.1932	-0.00001213
65.1982	-0.00001028
65.2034	-0.00000696
65.2082	-0.00000636
65.2129	-0.00001400
65.2172	-0.00000827
65.2222	-0.00000982
65.2270	-0.00000996
65.2321	-0.00000742
65.2372	-0.00000979
65.2422	-0.00001397
65.2475	-0.00000491
65.2521	-0.00001068
65.2571	-0.00001092
65.2622	-0.00000944
65.2670	-0.00000884
65.2721	-0.00001301
65.2771	-0.00001138
65.2824	-0.00001015
65.2871	-0.00000446
65.2922	-0.00000804
65.2971	-0.00001339
65.3023	-0.00000963
65.3070	-0.00001100
65.3120	-0.00001120
65.3171	-0.00000865
65.3220	-0.00001138
65.3269	-0.00001256
65.3319	-0.00000765
65.3360	-0.00000949
65.3410	-0.00001044
65.3458	-0.00001060
65.3509	-0.00000652
65.3560	-0.00000971
65.3610	-0.00000670
65.3661	-0.00001197
65.3710	-0.00000914
65.3760	-0.00001281
65.3811	-0.00001272
65.3860	-0.00001469
65.3911	-0.00001330
65.3960	-0.00001595
65.4010	-0.00001201
65.4060	-0.00001236
65.4109	-0.00001119
65.4164	-0.00001134
65.4209	-0.00001583
65.4260	-0.00001325
65.4313	-0.00001662
65.4360	-0.00001307
65.4410	-0.00001656
65.4457	-0.00001578
65.4499	-0.00001523
65.4550	-0.00001173
65.4599	-0.00001413
65.4663	-0.00000188
65.4714	-0.00000150
65.4760	0.00000043
65.4811	0.00000087
65.4859	-0.00000111
65.4910	0.00000080
65.4960	0.00000164
65.5010	0.00000152
65.5056	0.00000384
65.5108	0.00000478
65.5157	0.00000354
65.5207	0.00000432
65.5257	0.00000314
65.5307	0.00000260
65.5357	0.00000200
65.5407	0.00000239
65.5456	0.00000321
65.5506	0.00000163
65.5547	0.00000071
65.5597	-0.00000076
65.5650	-0.00000119
65.5697	-0.00000247
65.5747	-0.00000177
65.5797	-0.00000092
65.5847	-0.00000147
65.5897	-0.00000077
65.5947	-0.00000228
65.5997	-0.00000400
65.6048	-0.00000076
65.6095	-0.00000009
65.6145	-0.00000147
65.6195	-0.00000109
65.6245	-0.00000102
65.6294	-0.00000137
65.6344	-0.00000220
65.6395	0.00000150
65.6445	-0.00000027
65.6495	-0.00000124
65.6545	-0.00000055
65.6594	0.00000141
65.6645	0.00000021
65.6694	0.00000115
65.6745	0.00000052
65.6796	0.00000151
65.6845	0.00000184
65.6895	0.00000304
65.6947	0.00000184
65.6988	-0.00000054
65.7033	0.00000038
65.7082	0.00000095
65.7124	-0.00000007
65.7175	-0.00000048
65.7226	0.00000004
65.7274	0.00000101
65.7321	0.00000015
65.7370	0.00000163
65.7414	0.00000175
65.7457	-0.00000046
65.7500	-0.00000103
65.7546	-0.00000086
65.7595	0.00000013
65.7646	-0.00000016
65.7698	-0.00000044
65.7743	0.00000062
65.7792	0.00000023
65.7835	0.00000128
65.7879	-0.00000179
65.7923	0.00000052
65.7972	-0.00000041
65.8021	-0.00000057
65.8066	0.00000052
65.8117	0.00000092
65.8161	0.00000081
65.8212	0.00000042
65.8263	-0.00000158
65.8315	-0.00000247
65.8364	-0.00000109
65.8413	0.00000006
65.8464	0.00000196
65.8513	0.00000107
65.8564	0.00000150
65.8613	0.00000188
65.8664	-0.00000028
65.8713	-0.00000025
65.8758	-0.00000047
65.8811	-0.00000205
65.8859	0.00000047
65.8912	0.00000148
65.8958	-0.00000018
65.9002	-0.00000076
65.9052	-0.00000216
65.9098	-0.00000204
65.9150	-0.00000043
65.9197	-0.00000121
65.9247	-0.00000065
65.9297	0.00000028
65.9339	0.00000059
65.9388	0.00000275
65.9430	0.00000252
65.9483	0.00000102
65.9530	0.00000206
65.9583	0.00000352
65.9632	0.00000259
65.9681	0.00000210
65.9733	0.00000387
65.9785	0.00000244
65.9835	0.00000280
65.9884	0.00000157
65.9928	0.00000265
65.9971	0.00000185
66.0022	0.00000146
66.0073	0.00000051
66.0126	-0.00000120
66.0175	-0.00000105
66.0225	-0.00000160
66.0275	-0.00000240
66.0318	-0.00000109
66.0369	-0.00000198
66.0412	-0.00000312
66.0465	-0.00000222
66.0514	-0.00000115
66.0565	-0.00000206
66.0613	-0.00000235
66.0664	-0.00000152
66.0717	-0.00000107
66.0762	-0.00000064
66.0814	-0.00000075
66.0863	-0.00000024
66.0914	0.00000083
66.0964	0.00000051
66.1008	0.00000128
66.1066	0.00000093
66.1119	0.00000112
66.1162	0.00000070
66.1212	-0.00000050
66.1265	-0.00000110
66.1319	-0.00000129
66.1365	-0.00000085
66.1416	-0.00000053
66.1460	-0.00000020
66.1504	0.00000004
66.1553	0.00000111
66.1602	-0.00000100
66.1655	-0.00000179
66.1704	-0.00000181
66.1752	0.00000066
66.1807	0.00000129
66.1857	0.00000188
66.1907	0.00000174
66.1955	0.00000280
66.2005	0.00000101
66.2048	0.00000084
66.2091	-0.00000022
66.2133	-0.00000076
66.2179	-0.00000167
66.2229	-0.00000064
66.2280	-0.00000097
66.2330	-0.00000125
66.2379	-0.00000292
66.2424	-0.00000273
66.2475	-0.00000207
66.2525	-0.00000212
66.2574	-0.00000071
66.2625	0.00000172
66.2676	0.00000013
66.2724	-0.00000026
66.2767	-0.00000043
66.2815	-0.00000018
66.2868	0.00000042
66.2917	-0.00000058
66.2969	-0.00000180
66.3013	-0.00000204
66.3071	-0.00000154
66.3122	-0.00000343
66.3170	-0.00000249
66.3220	-0.00000053
66.3271	-0.00000077
66.3321	0.00000068
66.3372	-0.00000084
66.3418	-0.00000091
66.3459	0.00000045
66.3509	0.00000019
66.3560	0.00000094
66.3611	0.00000131
66.3654	0.00000058
66.3696	0.00000174
66.3746	0.00000063
66.3797	-0.00000103
66.3849	-0.00000048
66.3900	-0.00000002
66.3945	-0.00000142
66.3989	-0.00000055
66.4038	-0.00000065
66.4086	0.00000035
66.4135	0.00000083
66.4185	-0.00000037
66.4235	-0.00000133
66.4285	-0.00000070
66.4337	-0.00000239
66.4385	-0.00000439
66.4434	-0.00000287
66.4486	-0.00000253
66.4535	-0.00000232
66.4579	0.00000021
66.4628	0.00000040
66.4679	0.00000218
66.4731	0.00000140
66.4778	0.00000253
66.4822	0.00000249
66.4873	0.00000249
66.4923	0.00000167
66.4976	0.00000154
66.5028	0.00000246
66.5076	0.00000184
66.5121	0.00000120
66.5168	0.00000110
66.5218	0.00000193
66.5270	0.00000147
66.5315	0.00000305
66.5368	0.00000143
66.5417	-0.00000028
66.5467	0.00000078
66.5516	0.00000087
66.5558	0.00000039
66.5611	0.00000090
66.5654	-0.00000050
66.5704	0.00000259
66.5755	0.00000213
66.5803	0.00000150
66.5855	-0.00000090
66.5904	0.00000033
66.5954	0.00000032
66.5996	0.00000189
66.6045	-0.00000031
66.6093	-0.00000071
66.6143	-0.00000030
66.6193	0.00000188
66.6243	0.00000046
66.6293	0.00000109
66.6345	0.00000118
66.6394	0.00000116
66.6445	0.00000283
66.6498	0.00000266
66.6546	0.00000029
66.6597	0.00000215
66.6641	0.00000259
66.6691	0.00000161
66.6738	0.00000357
66.6790	0.00000281
66.6840	0.00000557
66.6889	0.00000534
66.6930	0.00000245
66.6974	0.00000242
66.7025	0.00000069
66.7076	0.00000044
66.7123	0.00000000
66.7172	-0.00000069
66.7221	-0.00000006
66.7271	0.00000042
66.7315	0.00000156
66.7363	0.00000169
66.7414	0.00000177
66.7457	-0.00000124
66.7508	-0.00000019
66.7558	-0.00000031
66.7608	-0.00000004
66.7654	0.00000127
66.7706	0.00000231
66.7756	0.00000210
66.7805	0.00000126
66.7852	0.00000172
66.7904	0.00000138
66.7952	0.00000148
66.7996	0.00000180
66.8047	0.00000066
66.8090	-0.00000025
66.8140	0.00000070
66.8190	-0.00000037
66.8240	-0.00000106
66.8285	-0.00000264
66.8334	0.00000037
66.8383	-0.00000026
66.8425	-0.00000069
66.8477	-0.00000088
66.8523	-0.00000092
66.8573	-0.00000298
66.8616	-0.00000249
66.8658	-0.00000227
66.8701	-0.00000259
66.8755	-0.00000165
66.8802	-0.00000052
66.8852	-0.00000052
66.8902	0.00000100
66.8949	0.00000233
66.8998	0.00000076
66.9046	0.00000081
66.9090	0.00000068
66.9142	0.00000004
66.9194	-0.00000186
66.9237	-0.00000235
66.9287	-0.00000166
66.9330	-0.00000289
66.9385	-0.00000244
66.9431	-0.00000156
66.9485	-0.00000138
66.9531	-0.00000025
66.9581	-0.00000035
66.9631	-0.00000039
66.9680	0.00000019
66.9730	-0.00000078
66.9779	-0.00000011
66.9821	0.00000087
66.9872	0.00000107
66.9922	0.00000187
66.9966	0.00000147
67.0017	0.00000064
67.0066	0.00000113
67.0112	0.00000071
67.0157	0.00000007
67.0204	0.00000018
67.0253	-0.00000186
67.0296	-0.00000109
67.0347	-0.00000190
67.0397	-0.00000211
67.0439	-0.00000130
67.0487	-0.00000020
67.0539	0.00000011
67.0581	-0.00000027
67.0623	0.00000077
67.0674	0.00000081
67.0724	0.00000235
67.0774	0.00000252
67.0823	-0.00000090
67.0873	0.00000016
67.0923	0.00000090
67.0975	0.00000263
67.1027	0.00000101
67.1078	0.00000153
67.1126	0.00000151
67.1176	0.00000229
67.1225	0.00000077
67.1276	0.00000107
67.1325	0.00000057
67.1375	0.00000001
67.1424	0.00000098
67.1475	-0.00000085
67.1524	-0.00000042
67.1574	-0.00000130
67.1623	-0.00000010
67.1674	-0.00000110
67.1724	-0.00000177
67.1774	-0.00000143
67.1824	-0.00000155
67.1866	-0.00000009
67.1916	0.00000034
67.1964	0.00000162
67.2012	0.00000052
67.2058	-0.00000126
67.2106	-0.00000149
67.2149	-0.00000019
67.2198	-0.00000031
67.2250	0.00000006
67.2294	-0.00000117
67.2339	-0.00000312
67.2390	-0.00000108
67.2440	-0.00000026
67.2489	0.00000043
67.2540	0.00000018
67.2589	-0.00000026
67.2640	-0.00000042
67.2689	-0.00000093
67.2740	-0.00000360
67.2789	-0.00000377
67.2840	-0.00000128
67.2889	-0.00000035
67.2941	-0.00000094
67.2993	-0.00000096
67.3042	-0.00000293
67.3099	-0.00000443
67.3152	-0.00000385
67.3202	-0.00000334
67.3250	-0.00000348
67.3301	-0.00000225
67.3349	-0.00000048
67.3392	-0.00000065
67.3441	-0.00000105
67.3489	0.00000051
67.3540	-0.00000093
67.3589	-0.00000237
67.3631	-0.00000252
67.3678	-0.00000086
67.3721	0.00000034
67.3771	0.00000010
67.3821	-0.00000082
67.3871	-0.00000010
67.3920	-0.00000108
67.3963	-0.00000143
67.4014	0.00000026
67.4063	-0.00000027
67.4119	-0.00000104
67.4166	-0.00000197
67.4217	-0.00000175
67.4268	-0.00000018
67.4318	-0.00000045
67.4367	0.00000078
67.4415	0.00000089
67.4458	0.00000146
67.4508	-0.00000043
67.4557	0.00000050
67.4608	0.00000124
67.4658	0.00000191
67.4708	0.00000198
67.4756	-0.00000100
67.4808	-0.00000084
67.4856	-0.00000064
67.4905	-0.00000110
67.4948	0.00000014
67.4995	0.00000031
67.5047	-0.00000089
67.5094	0.00000052
67.5139	0.00000047
67.5190	0.00000021
67.5239	-0.00000181
67.5289	-0.00000203
67.5341	-0.00000180
67.5384	-0.00000074
67.5435	-0.00000040
67.5485	0.00000079
67.5534	0.00000041
67.5584	0.00000146
67.5636	0.00000087
67.5680	0.00000023
67.5731	0.00000055
67.5775	0.00000063
67.5826	0.00000077
67.5870	0.00000153
67.5914	0.00000209
67.5966	0.00000062
67.6008	0.00000129
67.6058	0.00000037
67.6108	-0.00000091
67.6152	-0.00000199
67.6202	-0.00000240
67.6251	-0.00000401
67.6301	-0.00000362
67.6351	-0.00000348
67.6401	-0.00000264
67.6451	-0.00000199
67.6501	-0.00000055
67.6552	-0.00000023
67.6601	0.00000039
67.6651	0.00000037
67.6701	0.00000215
67.6751	0.00000154
67.6801	0.00000170
67.6851	0.00000169
67.6901	0.00000073
67.6951	-0.00000086
67.6994	-0.00000123
67.7035	-0.00000208
67.7081	-0.00000161
67.7126	-0.00000323
67.7168	-0.00000110
67.7218	-0.00000275
67.7268	-0.00000041
67.7311	-0.00000122
67.7354	0.00000024
67.7399	-0.00000097
67.7451	0.00000013
67.7496	-0.00000103
67.7544	-0.00000110
67.7592	-0.00000016
67.7643	-0.00000029
67.7686	-0.00000017
67.7735	0.00000156
67.7788	0.00000122
67.7838	0.00000189
67.7887	0.00000191
67.7937	0.00000061
67.7987	0.00000002
67.8038	0.00000055
67.8081	0.00000094
67.8124	0.00000110
67.8167	0.00000005
67.8216	-0.00000066
67.8259	-0.00000024
67.8304	-0.00000071
67.8353	-0.00000104
67.8404	-0.00000106
67.8455	-0.00000267
67.8508	-0.00000331
67.8556	-0.00000379
67.8608	-0.00000281
67.8652	-0.00000201
67.8697	-0.00000131
67.8748	-0.00000131
67.8799	-0.00000106
67.8843	-0.00000215
67.8892	-0.00000106
67.8943	0.00000092
67.8993	0.00000281
67.9042	0.00000110
67.9093	-0.00000139
67.9138	-0.00000165
67.9191	-0.00000112
67.9241	-0.00000164
67.9292	-0.00000162
67.9343	-0.00000169
67.9391	-0.00000228
67.9434	-0.00000228
67.9477	-0.00000046
67.9521	-0.00000068
67.9572	-0.00000289
67.9614	-0.00000329
67.9661	-0.00000235
67.9710	-0.00000061
67.9758	-0.00000084
67.9809	0.00000037
67.9858	0.00000218
67.9910	0.00000187
67.9960	0.00000164
68.0003	0.00000039
68.0053	0.00000072
68.0103	0.00000120
68.0156	0.00000139
68.0204	0.00000110
68.0253	0.00000092
68.0304	0.00000130
68.0348	0.00000196
68.0396	0.00000071
68.0444	-0.00000060
68.0493	-0.00000076
68.0536	-0.00000260
68.0586	-0.00000285
68.0636	-0.00000137
68.0677	-0.00000064
68.0726	-0.00000138
68.0767	-0.00000188
68.0820	-0.00000040
68.0871	0.00000061
68.0921	0.00000136
68.0973	-0.00000026
68.1029	-0.00000166
68.1078	-0.00000081
68.1129	-0.00000131
68.1178	-0.00000199
68.1222	-0.00000143
68.1276	-0.00000023
68.1321	-0.00000015
68.1366	-0.00000068
68.1415	-0.00000040
68.1466	-0.00000164
68.1518	-0.00000083
68.1567	-0.00000033
68.1617	-0.00000044
68.1667	-0.00000019
68.1717	-0.00000022
68.1767	-0.00000005
68.1816	-0.00000007
68.1868	0.00000114
68.1918	0.00000121
68.1966	0.00000162
68.2023	-0.00000055
68.2069	0.00000022
68.2120	-0.00000014
68.2167	0.00000017
68.2217	0.00000164
68.2267	0.00000190
68.2317	0.00000263
68.2366	0.00000168
68.2416	0.00000233
68.2466	-0.00000013
68.2517	0.00000178
68.2567	0.00000149
68.2616	0.00000046
68.2666	-0.00000067
68.2716	0.00000027
68.2765	0.00000214
68.2815	0.00000131
68.2865	0.00000321
68.2915	0.00000172
68.2957	0.00000167
68.3008	0.00000072
68.3051	0.00000021
68.3102	-0.00000018
68.3148	-0.00000199
68.3200	-0.00000143
68.3250	-0.00000269
68.3302	-0.00000269
68.3352	-0.00000079
68.3401	-0.00000072
68.3445	0.00000003
68.3494	0.00000124
68.3545	0.00000073
68.3595	0.00000167
68.3637	0.00000173
68.3686	0.00000058
68.3736	0.00000105
68.3786	0.00000130
68.3833	0.00000129
68.3877	0.00000045
68.3928	-0.00000078
68.3980	-0.00000029
68.4032	-0.00000062
68.4081	-0.00000028
68.4124	0.00000256
68.4172	0.00000128
68.4216	0.00000270
68.4267	0.00000191
68.4321	0.00000120
68.4367	-0.00000047
68.4416	-0.00000145
68.4466	-0.00000144
68.4511	-0.00000069
68.4558	-0.00000027
68.4608	0.00000047
68.4657	-0.00000110
68.4706	-0.00000143
68.4756	-0.00000173
68.4801	-0.00000279
68.4852	-0.00000060
68.4902	-0.00000135
68.4951	-0.00000156
68.5002	-0.00000170
68.5052	-0.00000160
68.5102	-0.00000134
68.5159	-0.00000192
68.5204	-0.00000309
68.5254	-0.00000326
68.5305	-0.00000193
68.5355	-0.00000298
68.5404	-0.00000380
68.5449	-0.00000263
68.5500	-0.00000174
68.5550	-0.00000252
68.5599	0.00000027
68.5645	-0.00000019
68.5693	-0.00000063
68.5746	0.00000003
68.5799	0.00000051
68.5849	0.00000023
68.5901	0.00000186
68.5948	0.00000319
68.6000	0.00000197
68.6050	0.00000141
68.6101	0.00000103
68.6151	0.00000056
68.6195	0.00000195
68.6244	0.00000110
68.6291	0.00000233
68.6335	0.00000076
68.6379	-0.00000072
68.6428	-0.00000029
68.6474	0.00000088
68.6519	0.00000226
68.6570	0.00000361
68.6620	0.00000294
68.6672	0.00000088
68.6724	0.00000165
68.6774	0.00000217
68.6824	0.00000050
68.6874	0.00000025
68.6919	0.00000030
68.6969	-0.00000063
68.7020	0.00000152
68.7071	0.00000119
68.7121	0.00000069
68.7174	0.00000112
68.7228	-0.00000070
68.7278	-0.00000134
68.7320	-0.00000184
68.7370	-0.00000149
68.7420	-0.00000051
68.7470	0.00000086
68.7515	0.00000047
68.7563	-0.00000006
68.7608	0.00000033
68.7655	0.00000074
68.7706	0.00000148
68.7759	0.00000118
68.7811	0.00000093
68.7861	0.00000153
68.7910	0.00000202
68.7962	-0.00000030
68.8009	0.00000112
68.8060	0.00000062
68.8110	0.00000122
68.8166	0.00000136
68.8215	-0.00000231
68.8266	-0.00000066
68.8319	-0.00000026
68.8367	-0.00000075
68.8416	-0.00000152
68.8466	-0.00000004
68.8508	-0.00000157
68.8557	-0.00000287
68.8608	-0.00000364
68.8658	-0.00000265
68.8708	-0.00000233
68.8759	-0.00000145
68.8809	-0.00000073
68.8859	0.00000040
68.8907	0.00000093
68.8959	0.00000052
68.9010	0.00000032
68.9059	-0.00000033
68.9110	0.00000110
68.9159	0.00000136
68.9203	0.00000087
68.9255	0.00000064
68.9304	0.00000165
68.9354	0.00000107
68.9405	0.00000110
68.9454	0.00000162
68.9504	0.00000295
68.9554	0.00000150
68.9604	0.00000170
68.9654	0.00000074
68.9704	0.00000107
68.9755	0.00000065
68.9806	-0.00000068
68.9852	-0.00000099
68.9904	-0.00000227
68.9954	-0.00000025
69.0006	-0.00000161
69.0052	-0.00000007
69.0097	-0.00000002
69.0147	-0.00000115
69.0195	-0.00000001
69.0236	-0.00000010
69.0279	-0.00000181
69.0330	-0.00000190
69.0380	-0.00000216
69.0428	-0.00000093
69.0478	-0.00000028
69.0531	-0.00000039
69.0580	-0.00000035
69.0633	-0.00000045
69.0685	0.00000020
69.0737	0.00000116
69.0787	-0.00000055
69.0837	-0.00000027
69.0880	-0.00000070
69.0932	-0.00000145
69.0986	-0.00000087
69.1033	-0.00000092
69.1083	0.00000020
69.1133	-0.00000010
69.1179	0.00000059
69.1231	0.00000130
69.1283	0.00000222
69.1327	0.00000016
69.1371	0.00000015
69.1418	0.00000130
69.1470	0.00000105
69.1519	0.00000114
69.1564	0.00000134
69.1614	0.00000185
69.1664	0.00000191
69.1714	0.00000119
69.1764	0.00000045
69.1806	0.00000056
69.1850	0.00000029
69.1903	0.00000045
69.1951	0.00000029
69.2003	0.00000092
69.2051	0.00000132
69.2102	0.00000036
69.2150	0.00000167
69.2198	0.00000041
69.2246	0.00000073
69.2298	-0.00000053
69.2342	-0.00000002
69.2391	0.00000015
69.2441	0.00000022
69.2483	-0.00000057
69.2532	-0.00000085
69.2582	0.00000033
69.2625	0.00000048
69.2674	0.00000070
69.2723	-0.00000117
69.2767	-0.00000197
69.2813	-0.00000151
69.2862	-0.00000305
69.2912	-0.00000308
69.2962	-0.00000356
69.3012	-0.00000169
69.3053	-0.00000215
69.3103	-0.00000040
69.3153	0.00000038
69.3201	-0.00000062
69.3251	-0.00000049
69.3301	-0.00000029
69.3350	-0.00000031
69.3391	0.00000084
69.3434	0.00000153
69.3485	0.00000026
69.3536	-0.00000052
69.3579	0.00000060
69.3622	-0.00000009
69.3676	0.00000185
69.3719	0.00000224
69.3771	0.00000233
69.3815	0.00000341
69.3858	0.00000184
69.3905	0.00000174
69.3954	0.00000161
69.3996	0.00000215
69.4047	0.00000135
69.4098	0.00000112
69.4141	0.00000167
69.4184	0.00000141
69.4235	0.00000138
69.4285	0.00000194
69.4329	0.00000129
69.4380	0.00000072
69.4430	0.00000065
69.4472	0.00000198
69.4520	0.00000157
69.4568	0.00000224
69.4619	0.00000220
69.4671	0.00000132
69.4722	0.00000125
69.4771	0.00000060
69.4816	0.00000054
69.4866	0.00000060
69.4914	0.00000084
69.4965	0.00000054
69.5015	-0.00000006
69.5065	0.00000080
69.5108	0.00000012
69.5153	-0.00000055
69.5202	-0.00000093
69.5252	-0.00000052
69.5302	-0.00000161
69.5352	-0.00000251
69.5396	-0.00000427
69.5445	-0.00000508
69.5496	-0.00000495
69.5547	-0.00000432
69.5597	-0.00000399
69.5642	-0.00000282
69.5689	-0.00000355
69.5741	-0.00000364
69.5791	-0.00000143
69.5840	-0.00000173
69.5890	-0.00000216
69.5940	-0.00000221
69.5991	-0.00000246
69.6041	-0.00000239
69.6091	-0.00000210
69.6141	-0.00000099
69.6194	0.00000130
69.6243	0.00000185
69.6288	0.00000051
69.6333	-0.00000032
69.6384	0.00000171
69.6432	0.00000247
69.6482	0.00000082
69.6528	0.00000101
69.6577	0.00000177
69.6618	-0.00000082
69.6667	-0.00000243
69.6713	-0.00000107
69.6764	-0.00000093
69.6812	-0.00000139
69.6863	-0.00000250
69.6914	-0.00000145
69.6956	-0.00000115
69.7000	-0.00000183
69.7053	-0.00000122
69.7103	-0.00000115
69.7153	-0.00000170
69.7199	-0.00000047
69.7248	-0.00000018
69.7297	-0.00000053
69.7350	0.00000038
69.7399	-0.00000003
69.7449	0.00000052
69.7499	0.00000144
69.7551	0.00000280
69.7602	0.00000099
69.7645	0.00000142
69.7693	0.00000146
69.7747	0.00000058
69.7798	0.00000211
69.7842	0.00000206
69.7889	0.00000231
69.7939	0.00000280
69.7992	-0.00000038
69.8042	-0.00000141
69.8084	-0.00000067
69.8134	-0.00000100
69.8185	-0.00000003
69.8233	-0.00000024
69.8277	-0.00000029
69.8325	-0.00000044
69.8379	-0.00000034
69.8431	0.00000029
69.8478	-0.00000116
69.8522	-0.00000160
69.8573	-0.00000132
69.8622	-0.00000115
69.8672	0.00000108
69.8722	0.00000008
69.8763	-0.00000028
69.8806	-0.00000003
69.8855	0.00000092
69.8908	0.00000113
69.8953	0.00000206
69.8997	0.00000095
69.9041	0.00000111
69.9092	-0.00000001
69.9141	0.00000054
69.9192	-0.00000062
69.9241	-0.00000146
69.9293	-0.00000080
69.9337	-0.00000114
69.9382	0.00000095
69.9432	0.00000201
69.9486	0.00000081
69.9536	-0.00000011
69.9587	0.00000107
69.9635	0.00000100
69.9689	0.00000065
69.9734	-0.00000016
69.9788	-0.00000186
69.9831	-0.00000126
69.9883	-0.00000154
69.9932	-0.00000155
69.9977	-0.00000277
70.0026	-0.00000042
70.0068	0.00000014
70.0119	-0.00000109
70.0169	-0.00000156
70.0222	-0.00000108
70.0272	-0.00000011
70.0316	-0.00000214
70.0358	-0.00000204
70.0412	-0.00000193
70.0458	-0.00000129
70.0503	-0.00000168
70.0555	-0.00000376
70.0605	-0.00000337
70.0655	-0.00000382
70.0700	-0.00000178
70.0748	-0.00000186
70.0801	-0.00000245
70.0845	-0.00000265
70.0895	-0.00000208
70.0945	-0.00000208
70.0994	-0.00000117
70.1043	-0.00000221
70.1085	-0.00000153
70.1137	-0.00000231
70.1180	-0.00000116
70.1235	-0.00000076
70.1285	-0.00000058
70.1331	-0.00000221
70.1383	-0.00000158
70.1432	-0.00000156
70.1485	-0.00000126
70.1530	0.00000208
70.1576	0.00000183
70.1627	0.00000110
70.1677	0.00000149
70.1726	0.00000166
70.1776	0.00000155
70.1823	0.00000023
70.1878	-0.00000047
70.1925	-0.00000116
70.1973	-0.00000091
70.2022	-0.00000128
70.2073	-0.00000169
70.2125	-0.00000139
70.2175	-0.00000104
70.2224	-0.00000228
70.2273	-0.00000224
70.2323	-0.00000059
70.2373	0.00000059
70.2422	-0.00000014
70.2472	0.00000084
70.2519	0.00000029
70.2568	-0.00000082
70.2621	-0.00000030
70.2668	-0.00000196
70.2718	0.00000074
70.2769	0.00000164
70.2814	0.00000269
70.2865	0.00000234
70.2914	0.00000122
70.2964	0.00000114
70.3015	0.00000254
70.3064	0.00000078
70.3114	0.00000043
70.3165	0.00000115
70.3214	0.00000206
70.3257	0.00000241
70.3308	0.00000171
70.3353	0.00000227
70.3397	0.00000026
70.3449	0.00000071
70.3498	0.00000058
70.3541	0.00000038
70.3591	0.00000068
70.3637	0.00000067
70.3684	0.00000088
70.3734	0.00000065
70.3784	0.00000227
70.3835	0.00000140
70.3878	0.00000141
70.3924	0.00000305
70.3976	0.00000144
70.4022	0.00000087
70.4074	0.00000073
70.4123	-0.00000043
70.4166	-0.00000018
70.4216	0.00000098
70.4264	0.00000052
70.4314	0.00000064
70.4358	0.00000107
70.4409	0.00000129
70.4460	0.00000170
70.4504	0.00000183
70.4551	0.00000094
70.4603	-0.00000022
70.4651	-0.00000037
70.4700	-0.00000011
70.4750	0.00000065
70.4800	0.00000000
70.4843	-0.00000025
70.4886	-0.00000102
70.4931	-0.00000104
70.4975	0.00000010
70.5029	-0.00000043
70.5073	0.00000187
70.5118	0.00000130
70.5170	-0.00000010
70.5221	0.00000025
70.5268	0.00000037
70.5310	0.00000232
70.5364	0.00000385
70.5413	0.00000407
70.5463	0.00000419
70.5513	0.00000436
70.5565	0.00000162
70.5614	0.00000136
70.5662	0.00000122
70.5714	0.00000181
70.5757	0.00000347
70.5803	0.00000126
70.5848	0.00000094
70.5897	0.00000097
70.5947	0.00000082
70.5997	0.00000134
70.6040	-0.00000024
70.6092	-0.00000127
70.6136	-0.00000053
70.6183	-0.00000171
70.6242	0.00000041
70.6293	0.00000010
70.6338	-0.00000048
70.6383	-0.00000022
70.6434	-0.00000051
70.6484	-0.00000032
70.6538	-0.00000120
70.6583	-0.00000199
70.6634	-0.00000200
70.6686	-0.00000210
70.6737	-0.00000036
70.6787	0.00000003
70.6836	-0.00000025
70.6881	-0.00000236
70.6932	-0.00000161
70.6981	0.00000108
70.7025	0.00000182
70.7077	0.00000135
70.7126	0.00000077
70.7179	0.00000227
70.7228	0.00000197
70.7274	0.00000075
70.7318	0.00000239
70.7365	0.00000250
70.7416	0.00000144
70.7464	0.00000173
70.7516	0.00000037
70.7565	0.00000034
70.7616	-0.00000052
70.7663	-0.00000082
70.7706	-0.00000124
70.7759	-0.00000063
70.7807	-0.00000104
70.7858	-0.00000275
70.7908	-0.00000237
70.7959	-0.00000073
70.8001	-0.00000096
70.8045	-0.00000098
70.8092	-0.00000113
70.8137	-0.00000098
70.8181	-0.00000201
70.8233	-0.00000202
70.8279	0.00000027
70.8321	-0.00000113
70.8371	-0.00000009
70.8421	0.00000146
70.8470	0.00000182
70.8521	0.00000296
70.8567	0.00000157
70.8616	0.00000062
70.8667	0.00000035
70.8712	0.00000182
70.8760	0.00000164
70.8805	0.00000095
70.8851	0.00000079
70.8896	-0.00000006
70.8948	0.00000089
70.8992	0.00000203
70.9042	0.00000177
70.9091	0.00000015
70.9133	0.00000132
70.9179	0.00000068
70.9239	0.00000058
70.9293	0.00000101
70.9344	0.00000075
70.9395	0.00000084
70.9445	0.00000022
70.9489	-0.00000001
70.9540	0.00000064
70.9585	-0.00000022
70.9639	-0.00000007
70.9685	-0.00000060
70.9741	-0.00000344
70.9790	-0.00000394
70.9841	-0.00000384
70.9891	-0.00000191
70.9941	-0.00000240
70.9991	-0.00000156
71.0035	-0.00000109
71.0082	-0.00000044
71.0125	-0.00000109
71.0177	-0.00000054
71.0226	-0.00000008
71.0274	0.00000042
71.0324	-0.00000015
71.0373	-0.00000220
71.0424	-0.00000196
71.0472	-0.00000212
71.0522	-0.00000084
71.0564	0.00000002
71.0616	0.00000177
71.0665	0.00000095
71.0714	0.00000006
71.0764	-0.00000036
71.0808	-0.00000102
71.0856	-0.00000178
71.0902	-0.00000315
71.0951	-0.00000344
71.1002	-0.00000320
71.1052	-0.00000150
71.1106	-0.00000079
71.1158	-0.00000243
71.1206	-0.00000080
71.1250	-0.00000162
71.1302	-0.00000094
71.1352	-0.00000102
71.1404	-0.00000003
71.1453	0.00000076
71.1502	0.00000164
71.1553	0.00000146
71.1603	0.00000165
71.1653	0.00000087
71.1696	0.00000010
71.1737	-0.00000065
71.1787	-0.00000118
71.1836	-0.00000112
71.1888	-0.00000001
71.1938	-0.00000017
71.1981	-0.00000084
71.2032	-0.00000069
71.2082	0.00000046
71.2127	0.00000098
71.2175	-0.00000028
71.2217	-0.00000019
71.2264	0.00000009
71.2305	-0.00000040
71.2355	-0.00000105
71.2405	-0.00000049
71.2450	-0.00000035
71.2498	0.00000006
71.2547	0.00000068
71.2599	0.00000069
71.2644	-0.00000067
71.2688	0.00000041
71.2740	-0.00000019
71.2784	-0.00000044
71.2832	0.00000024
71.2883	0.00000106
71.2932	0.00000106
71.2975	0.00000055
71.3025	0.00000022
71.3075	0.00000136
71.3126	0.00000076
71.3177	0.00000135
71.3221	-0.00000017
71.3270	0.00000077
71.3314	0.00000036
71.3357	0.00000006
71.3407	0.00000047
71.3456	0.00000171
71.3506	0.00000165
71.3557	0.00000217
71.3606	0.00000082
71.3657	0.00000175
71.3708	0.00000205
71.3757	0.00000168
71.3808	0.00000104
71.3851	0.00000034
71.3894	-0.00000020
71.3947	-0.00000075
71.3996	-0.00000021
71.4046	0.00000040
71.4095	0.00000088
71.4145	0.00000044
71.4195	-0.00000013
71.4245	-0.00000078
71.4296	-0.00000029
71.4339	-0.00000130
71.4382	-0.00000216
71.4433	-0.00000119
71.4483	0.00000081
71.4526	-0.00000023
71.4578	0.00000013
71.4627	0.00000068
71.4669	-0.00000030
71.4713	0.00000099
71.4764	0.00000006
71.4814	0.00000058
71.4865	-0.00000003
71.4912	-0.00000092
71.4964	0.00000028
71.5008	0.00000137
71.5057	0.00000033
71.5107	0.00000010
71.5151	-0.00000062
71.5202	-0.00000241
71.5253	0.00000092
71.5302	0.00000084
71.5351	0.00000056
71.5401	0.00000184
71.5451	0.00000092
71.5506	-0.00000097
71.5554	-0.00000009
71.5603	0.00000041
71.5653	0.00000153
71.5703	0.00000238
71.5753	0.00000062
71.5804	0.00000077
71.5854	0.00000080
71.5898	0.00000211
71.5949	0.00000115
71.5999	-0.00000179
71.6044	-0.00000352
71.6096	-0.00000285
71.6147	-0.00000069
71.6197	-0.00000009
71.6247	-0.00000004
71.6289	0.00000132
71.6345	0.00000237
71.6394	0.00000299
71.6442	0.00000220
71.6493	0.00000305
71.6536	0.00000160
71.6586	0.00000291
71.6637	0.00000242
71.6688	-0.00000003
71.6737	0.00000123
71.6787	0.00000200
71.6838	0.00000280
71.6888	0.00000142
71.6937	0.00000219
71.6987	0.00000199
71.7037	0.00000219
71.7088	0.00000148
71.7139	0.00000061
71.7189	-0.00000157
71.7238	-0.00000072
71.7286	-0.00000055
71.7336	0.00000003
71.7387	0.00000136
71.7436	-0.00000119
71.7487	0.00000040
71.7536	-0.00000203
71.7587	-0.00000260
71.7636	-0.00000064
71.7686	-0.00000082
71.7736	-0.00000281
71.7786	-0.00000118
71.7836	-0.00000044
71.7886	-0.00000066
71.7936	0.00000043
71.7986	0.00000149
71.8036	0.00000206
71.8086	0.00000252
71.8137	0.00000192
71.8186	0.00000153
71.8236	0.00000140
71.8285	0.00000213
71.8335	0.00000231
71.8385	0.00000322
71.8435	0.00000172
71.8485	0.00000089
71.8533	0.00000076
71.8575	-0.00000041
71.8625	-0.00000263
71.8675	-0.00000267
71.8723	-0.00000251
71.8775	-0.00000168
71.8825	-0.00000119
71.8875	-0.00000159
71.8925	-0.00000141
71.8975	-0.00000140
71.9025	-0.00000349
71.9074	-0.00000327
71.9125	-0.00000326
71.9175	-0.00000538
71.9225	-0.00000484
71.9272	-0.00000405
71.9323	-0.00000327
71.9374	-0.00000503
71.9424	-0.00000353
71.9476	-0.00000176
71.9524	-0.00000123
71.9574	-0.00000010
71.9625	-0.00000088
71.9676	-0.00000073
71.9724	-0.00000096
71.9773	0.00000022
71.9817	-0.00000027
71.9868	-0.00000137
71.9918	-0.00000102
71.9968	-0.00000021
72.0016	-0.00000215
72.0067	-0.00000208
72.0118	-0.00000224
72.0169	-0.00000380
72.0212	-0.00000347
72.0264	-0.00000331
72.0311	-0.00000125
72.0363	0.00000015
72.0412	0.00000148
72.0462	0.00000294
72.0513	0.00000117
72.0559	-0.00000038
72.0607	-0.00000013
72.0651	0.00000008
72.0703	-0.00000100
72.0752	-0.00000137
72.0802	-0.00000207
72.0845	-0.00000322
72.0895	-0.00000232
72.0943	-0.00000278
72.0994	-0.00000156
72.1046	0.00000074
72.1094	0.00000188
72.1136	0.00000023
72.1186	-0.00000020
72.1228	-0.00000226
72.1276	-0.00000054
72.1328	-0.00000087
72.1373	-0.00000037
72.1414	-0.00000023
72.1456	-0.00000030
72.1506	-0.00000030
72.1556	-0.00000114
72.1606	-0.00000206
72.1649	0.00000010
72.1693	0.00000149
72.1743	0.00000196
72.1788	0.00000162
72.1839	0.00000122
72.1889	-0.00000041
72.1938	0.00000010
72.1985	0.00000022
72.2035	-0.00000003
72.2084	-0.00000093
72.2136	0.00000021
72.2188	0.00000005
72.2234	0.00000036
72.2292	0.00000131
72.2345	0.00000152
72.2396	-0.00000033
72.2444	0.00000033
72.2494	0.00000095
72.2539	0.00000054
72.2589	0.00000122
72.2635	0.00000049
72.2687	-0.00000026
72.2736	0.00000135
72.2786	0.00000158
72.2835	0.00000234
72.2880	0.00000092
72.2933	0.00000074
72.2984	0.00000115
72.3036	0.00000206
72.3082	0.00000266
72.3136	0.00000058
72.3181	0.00000022
72.3228	-0.00000168
72.3280	-0.00000196
72.3327	0.00000012
72.3374	0.00000157
72.3426	0.00000174
72.3469	0.00000148
72.3519	0.00000061
72.3569	-0.00000018
72.3621	-0.00000035
72.3670	0.00000047
72.3719	0.00000062
72.3771	0.00000205
72.3818	0.00000146
72.3866	-0.00000064
72.3913	-0.00000066
72.3963	-0.00000078
72.4008	-0.00000038
72.4058	0.00000313
72.4109	0.00000412
72.4152	0.00000276
72.4205	0.00000165
72.4252	0.00000193
72.4298	0.00000191
72.4346	0.00000397
72.4393	0.00000430
72.4444	0.00000419
72.4496	0.00000145
72.4546	0.00000115
72.4596	-0.00000038
72.4647	0.00000030
72.4696	-0.00000037
72.4746	0.00000124
72.4796	0.00000161
72.4839	0.00000192
72.4891	0.00000056
72.4938	0.00000181
72.4982	0.00000227
72.5033	0.00000162
72.5080	0.00000089
72.5130	0.00000057
72.5174	0.00000156
72.5219	0.00000144
72.5270	0.00000077
72.5317	0.00000144
72.5368	0.00000204
72.5419	0.00000156
72.5470	0.00000259
72.5522	0.00000161
72.5570	0.00000111
72.5614	0.00000157
72.5670	0.00000254
72.5714	0.00000273
72.5766	0.00000223
72.5815	0.00000206
72.5865	0.00000237
72.5914	0.00000154
72.5966	0.00000140
72.6009	0.00000174
72.6054	0.00000170
72.6104	0.00000214
72.6155	0.00000138
72.6198	0.00000019
72.6247	0.00000009
72.6302	-0.00000005
72.6353	0.00000072
72.6405	0.00000094
72.6455	0.00000150
72.6506	0.00000172
72.6558	0.00000027
72.6603	0.00000055
72.6646	0.00000105
72.6699	0.00000267
72.6743	0.00000146
72.6792	0.00000126
72.6843	-0.00000010
72.6893	0.00000102
72.6938	0.00000199
72.6982	0.00000272
72.7033	0.00000097
72.7082	0.00000077
72.7134	0.00000254
72.7179	0.00000276
72.7230	0.00000175
72.7273	0.00000065
72.7321	0.00000106
72.7367	-0.00000109
72.7412	-0.00000098
72.7464	-0.00000153
72.7516	-0.00000161
72.7565	-0.00000017
72.7615	-0.00000227
72.7659	0.00000010
72.7706	-0.00000001
72.7757	0.00000111
72.7800	0.00000089
72.7844	-0.00000054
72.7893	0.00000073
72.7940	0.00000211
72.7992	0.00000326
72.8043	0.00000254
72.8090	0.00000215
72.8140	0.00000184
72.8190	0.00000039
72.8240	-0.00000010
72.8290	-0.00000055
72.8334	-0.00000102
72.8386	-0.00000013
72.8434	0.00000018
72.8483	-0.00000040
72.8533	-0.00000042
72.8585	-0.00000026
72.8632	-0.00000020
72.8681	-0.00000127
72.8732	-0.00000149
72.8782	-0.00000120
72.8832	0.00000164
72.8876	0.00000195
72.8922	0.00000134
72.8965	0.00000141
72.9007	0.00000087
72.9053	0.00000220
72.9102	0.00000177
72.9153	0.00000218
72.9203	0.00000305
72.9252	0.00000416
72.9304	0.00000275
72.9354	0.00000344
72.9404	0.00000175
72.9456	0.00000218
72.9508	0.00000246
72.9560	0.00000255
72.9611	0.00000237
72.9654	0.00000039
72.9705	-0.00000064
72.9753	-0.00000202
72.9804	-0.00000143
72.9846	-0.00000067
72.9889	-0.00000004
72.9945	-0.00000181
72.9993	-0.00000090
73.0047	-0.00000072
73.0092	-0.00000144
73.0141	-0.00000085
73.0187	0.00000167
73.0234	0.00000120
73.0287	0.00000191
73.0341	0.00000238
73.0393	0.00000210
73.0443	0.00000159
73.0492	0.00000291
73.0544	0.00000319
73.0594	0.00000212
73.0644	0.00000154
73.0697	0.00000190
73.0745	0.00000224
73.0794	0.00000227
73.0845	0.00000279
73.0889	0.00000292
73.0941	0.00000376
73.0991	0.00000223
73.1042	0.00000192
73.1090	0.00000281
73.1141	-0.00000008
73.1192	-0.00000044
73.1242	-0.00000117
73.1298	0.00000016
73.1349	-0.00000035
73.1403	0.00000042
73.1452	0.00000137
73.1505	0.00000105
73.1555	0.00000093
73.1605	0.00000123
73.1657	0.00000140
73.1707	-0.00000188
73.1756	-0.00000048
73.1808	-0.00000063
73.1851	-0.00000168
73.1902	-0.00000058
73.1954	-0.00000060
73.1999	-0.00000239
73.2055	-0.00000101
73.2099	-0.00000153
73.2150	-0.00000251
73.2203	-0.00000115
73.2246	0.00000178
73.2305	0.00000303
73.2355	0.00000107
73.2405	-0.00000017
73.2454	-0.00000035
73.2500	0.00000030
73.2546	-0.00000084
73.2598	0.00000012
73.2649	0.00000070
73.2691	-0.00000010
73.2737	-0.00000232
73.2789	-0.00000143
73.2834	-0.00000190
73.2883	-0.00000191
73.2932	-0.00000071
73.2983	-0.00000074
73.3034	-0.00000068
73.3077	-0.00000053
73.3123	0.00000021
73.3166	-0.00000024
73.3219	-0.00000029
73.3263	-0.00000114
73.3309	-0.00000217
73.3354	0.00000029
73.3404	0.00000001
73.3455	0.00000156
73.3505	0.00000150
73.3551	0.00000024
73.3597	-0.00000106
73.3648	-0.00000148
73.3698	-0.00000106
73.3750	-0.00000001
73.3798	-0.00000231
73.3847	0.00000008
73.3897	0.00000073
73.3947	-0.00000033
73.3997	-0.00000009
73.4046	0.00000070
73.4097	0.00000111
73.4146	-0.00000042
73.4198	0.00000024
73.4248	-0.00000079
73.4299	-0.00000055
73.4343	0.00000095
73.4390	0.00000065
73.4433	-0.00000047
73.4476	0.00000043
73.4527	-0.00000008
73.4570	0.00000169
73.4619	0.00000190
73.4669	-0.00000108
73.4719	-0.00000109
73.4771	0.00000153
73.4821	0.00000255
73.4874	0.00000155
73.4917	0.00000130
73.4967	0.00000095
73.5017	0.00000082
73.5064	-0.00000027
73.5111	-0.00000154
73.5165	-0.00000221
73.5211	-0.00000058
73.5257	-0.00000189
73.5315	-0.00000197
73.5366	-0.00000070
73.5412	-0.00000095
73.5462	0.00000072
73.5511	0.00000295
73.5559	0.00000293
73.5611	0.00000073
73.5659	-0.00000099
73.5703	0.00000070
73.5753	0.00000087
73.5804	0.00000053
73.5856	-0.00000077
73.5906	-0.00000004
73.5956	-0.00000072
73.6005	0.00000050
73.6055	0.00000003
73.6098	0.00000011
73.6142	-0.00000073
73.6193	-0.00000046
73.6242	-0.00000115
73.6293	-0.00000226
73.6339	-0.00000096
73.6385	-0.00000151
73.6435	0.00000053
73.6484	0.00000265
73.6528	0.00000187
73.6582	-0.00000003
73.6636	0.00000078
73.6678	0.00000120
73.6728	0.00000252
73.6778	0.00000421
73.6828	0.00000422
73.6878	0.00000444
73.6922	0.00000467
73.6970	0.00000366
73.7018	0.00000429
73.7063	0.00000396
73.7114	0.00000331
73.7165	0.00000526
73.7210	0.00000638
73.7256	0.00000631
73.7307	0.00000638
73.7358	0.00000554
73.7409	0.00000496
73.7457	0.00000517
73.7509	0.00000632
73.7558	0.00000547
73.7602	0.00000551
73.7655	0.00000484
73.7700	0.00000394
73.7755	0.00000204
73.7804	0.00000168
73.7848	0.00000037
73.7897	0.00000005
73.7947	0.00000097
73.7997	0.00000069
73.8042	0.00000051
73.8094	0.00000090
73.8143	-0.00000031
73.8187	-0.00000049
73.8239	0.00000066
73.8286	0.00000012
73.8342	0.00000030
73.8391	0.00000144
73.8435	0.00000051
73.8478	-0.00000003
73.8531	0.00000128
73.8576	0.00000084
73.8627	-0.00000024
73.8673	-0.00000001
73.8721	0.00000064
73.8771	-0.00000032
73.8814	-0.00000072
73.8859	-0.00000111
73.8906	-0.00000018
73.8956	0.00000027
73.9007	-0.00000075
73.9055	0.00000085
73.9106	-0.00000041
73.9156	-0.00000017
73.9207	-0.00000001
73.9257	0.00000005
73.9300	-0.00000009
73.9350	-0.00000067
73.9393	-0.00000256
73.9443	-0.00000099
73.9486	-0.00000085
73.9532	-0.00000096
73.9583	-0.00000096
73.9632	0.00000054
73.9683	-0.00000051
73.9733	0.00000091
73.9785	0.00000059
73.9836	-0.00000035
73.9878	-0.00000072
73.9928	-0.00000152
73.9979	-0.00000044
74.0030	-0.00000096
74.0081	-0.00000033
74.0133	-0.00000051
74.0176	-0.00000059
74.0218	0.00000013
74.0268	0.00000124
74.0319	0.00000013
74.0363	0.00000116
74.0412	0.00000049
74.0462	0.00000079
74.0513	-0.00000109
74.0562	-0.00000078
74.0604	-0.00000076
74.0656	-0.00000130
74.0706	-0.00000203
74.0755	-0.00000110
74.0807	-0.00000175
74.0852	-0.00000150
74.0894	-0.00000296
74.0939	-0.00000288
74.0989	-0.00000252
74.1039	-0.00000127
74.1085	-0.00000047
74.1137	0.00000012
74.1180	0.00000011
74.1229	-0.00000071
74.1279	-0.00000049
74.1329	0.00000011
74.1376	0.00000028
74.1427	-0.00000077
74.1477	-0.00000052
74.1521	-0.00000007
74.1570	0.00000094
74.1619	0.00000086
74.1670	0.00000166
74.1718	0.00000188
74.1759	0.00000055
74.1810	0.00000053
74.1866	0.00000010
74.1914	-0.00000074
74.1963	-0.00000162
74.2013	-0.00000078
74.2058	-0.00000122
74.2106	-0.00000151
74.2159	-0.00000229
74.2208	-0.00000156
74.2252	-0.00000235
74.2303	-0.00000197
74.2350	-0.00000133
74.2402	-0.00000077
74.2453	-0.00000138
74.2497	-0.00000053
74.2547	-0.00000308
74.2598	-0.00000305
74.2649	-0.00000213
74.2702	-0.00000093
74.2754	-0.00000111
74.2805	-0.00000123
74.2854	0.00000058
74.2904	-0.00000001
74.2948	-0.00000019
74.3000	-0.00000071
74.3048	0.00000071
74.3093	0.00000180
74.3145	0.00000095
74.3194	0.00000058
74.3238	0.00000072
74.3284	0.00000186
74.3335	0.00000055
74.3382	-0.00000078
74.3432	-0.00000002
74.3481	-0.00000026
74.3532	-0.00000034
74.3584	-0.00000059
74.3634	0.00000098
74.3685	0.00000232
74.3739	0.00000114
74.3785	0.00000069
74.3834	0.00000197
74.3877	0.00000211
74.3930	0.00000142
74.3979	0.00000109
74.4024	-0.00000109
74.4075	-0.00000108
74.4125	-0.00000071
74.4177	-0.00000161
74.4229	-0.00000091
74.4279	-0.00000262
74.4329	-0.00000207
74.4375	0.00000036
74.4426	-0.00000081
74.4478	0.00000125
74.4524	-0.00000002
74.4572	0.00000113
74.4619	0.00000213
74.4663	0.00000208
74.4711	0.00000390
74.4756	0.00000334
74.4806	0.00000143
74.4855	0.00000186
74.4905	0.00000078
74.4949	0.00000145
74.4999	0.00000136
74.5051	0.00000130
74.5101	0.00000217
74.5151	0.00000263
74.5204	0.00000168
74.5249	0.00000158
74.5301	0.00000074
74.5345	0.00000041
74.5397	-0.00000127
74.5444	-0.00000090
74.5494	-0.00000123
74.5539	0.00000028
74.5587	0.00000125
74.5636	0.00000049
74.5683	0.00000003
74.5737	0.00000036
74.5785	0.00000142
74.5836	0.00000101
74.5882	0.00000124
74.5937	0.00000227
74.5985	0.00000219
74.6035	0.00000202
74.6085	0.00000120
74.6135	0.00000106
74.6185	0.00000057
74.6236	0.00000070
74.6285	0.00000026
74.6336	-0.00000116
74.6382	-0.00000111
74.6434	-0.00000081
74.6485	-0.00000299
74.6535	-0.00000234
74.6585	-0.00000234
74.6634	-0.00000195
74.6685	-0.00000053
74.6734	-0.00000092
74.6784	-0.00000066
74.6834	-0.00000103
74.6884	-0.00000164
74.6935	-0.00000010
74.6985	0.00000098
74.7036	0.00000014
74.7085	-0.00000117
74.7135	0.00000004
74.7183	0.00000122
74.7234	0.00000209
74.7285	0.00000125
74.7335	-0.00000041
74.7381	0.00000024
74.7432	-0.00000167
74.7482	-0.00000045
74.7533	-0.00000171
74.7583	-0.00000030
74.7632	-0.00000098
74.7701	-0.00000054
