1750844696.5445294,
1750844696.5452828,-7536244
1750844696.5460322,4233658
1750844696.5468247,-7906028
1750844696.547602,4379546
1750844696.547602,-8286778
1750844696.5483327,4498216
1750844696.5490983,-8388608
1750844696.5498235,455510802
1750844696.5505674,5510802
1750844696.5505674,-2028897
1750844696.551393,8388607
1750844696.55204,4105917
1750844696.5527878,-1466385
1750844696.5535808,-6295024
1750844696.5535808,-2653507
1750844696.5545204,8388607
1750844696.5550776,4063242
1750844696.5550776,-1403519
1750844696.5558739,-5674702
1750844696.5564013,8388607
1750844696.5564013,-1857329
1750844696.5564013,5799177
1750844696.5574894,-1605276
1750844696.5574894,4388388
1750844696.5574894,-1446072
1750844696.5586066,3503704
1750844696.5586066,-1483493
1750844696.5586066,2412295
1750844696.5586066,-1062463
1750844696.5596921,1220294
1750844696.5596921,-762494
1750844696.5596921,384715
1750844696.5596921,2132771
1750844696.5607965,-7157634
1750844696.5607965,4038725
1750844696.5607965,-7640509
1750844696.5607965,4211648
1750844696.5607965,-7981798
1750844696.561899,4244655
1750844696.561899,-8274316
1750844696.561899,4294783
1750844696.561899,-8388608
1750844696.561899,4432548
1750844696.562936,-8388608
1750844696.562936,4513000
1750844696.562936,-8388608
1750844696.562936,4534849
1750844696.562936,-8388608
1750844696.5639741,4785637
1750844696.5639741,-7662868
1750844696.5639741,5410348
1750844696.5639741,-6662724
1750844696.5639741,6069790
1750844696.5650256,-5717339
1750844696.5650256,6676849
1750844696.5650256,-5131081
1750844696.5650256,7292257
1750844696.5650256,-4523128
1750844696.5660572,7738914
1750844696.5660572,-3753193
1750844696.5660572,8047274
1750844696.5660572,-2782058
1750844696.5660572,8388607
1750844696.5660572,-1819719
1750844696.5671256,8388607
1750844696.5671256,-814086
1750844696.5671256,8388607
1750844696.5671256,-1747658
1750844696.5671256,7463149
1750844696.5681775,-1833627
1750844696.5681775,6544086
1750844696.5681775,-1743066
1750844696.5692,5349001
1750844696.5692,-1574304
1750844696.5702286,4044282
1750844696.5702286,-1371815
1750844696.5712492,2992183
1750844696.5712492,-1152995
1750844696.5712492,2003050
1750844696.5712492,-891091
1750844696.5712492,968107
1750844696.5723236,1890549
1750844696.5723236,-6867831
1750844696.5723236,4096154
1750844696.5723236,-7370830
1750844696.5723236,4061409
1750844696.5733924,-7749712
1750844696.5733924,4191065
1750844696.5733924,-8058474
1750844696.5733924,4297080
1750844696.5733924,-8388608
1750844696.5733924,4422065
1750844696.5744536,-8388608
1750844696.5744536,4440471
1750844696.5744536,-8388608
1750844696.5744536,4514300
1750844696.5744536,-8388608
1750844696.5744536,4676748
1750844696.5744536,-8205013
1750844696.5744536,5085900
1750844696.5744536,-7280460
1750844696.575625,5715545
1750844696.575625,-6250900
1750844696.575625,6343724
1750844696.575625,-5391969
1750844696.575625,6966527
1750844696.575625,-4896634
1750844696.575625,7485188
1750844696.575625,-4176233
1750844696.575625,7882113
1750844696.576787,-3334878
1750844696.576787,8216832
1750844696.576787,-2397307
1750844696.576787,8388607
1750844696.576787,-1354322
1750844696.5778599,8388607
1750844696.5778599,-503322
1750844696.5778599,8388607
1750844696.5778599,-1828340
1750844696.5778599,7098449
1750844696.5778599,-1790286
1750844696.589109,6021446
1750844696.5974276,-1679934
1750844696.6054633,4745806
1750844696.6173,-1468918
1750844696.6265998,3574170
1750844696.6379733,-1311522
1750844696.6461787,2587848
1750844696.6587777,-1093994
1750844696.667271,1603891
1750844696.674989,-798822
1750844696.6832886,559333
1750844696.6955984,2195486
1750844696.7043252,-7086101
1750844696.7117736,4093993
1750844696.7237322,-7498364
1750844696.732713,4110511
1750844696.7451098,-7885232
1750844696.7534134,4262852
1750844696.765417,-8242551
1750844696.7740612,4360827
1750844696.7818265,-8388608
1750844696.7939544,4469986
1750844696.802855,-8388608
1750844696.8103974,4470531
1750844696.8231397,-8388608
1750844696.8313913,4556205
1750844696.8433876,-8388608
1750844696.8516467,4810170
1750844696.863627,-7795240
1750844696.8718846,5345932
1750844696.8802075,-6736264
1750844696.892341,5986012
1750844696.9005406,-5822037
1750844696.912541,6654495
1750844696.9207962,-5177797
1750844696.9290397,7250123
1750844696.9417925,-4594463
1750844696.9500842,7712534
1750844696.962091,-3832419
1750844696.9703424,8080402
1750844696.9824073,-2946772
1750844696.9911358,8354310
1750844696.9993827,-1852771
1750844697.0113795,8388607
1750844697.0195851,-868947
1750844697.027881,8388607
1750844697.0398862,-1666711
1750844697.0481243,7639495
1750844697.0601377,-1775072
1750844697.0683346,6680766
1750844697.0766876,-1713065
1750844697.0886962,5513911
1750844697.097278,-1542054
1750844697.1092782,4194656
1750844697.1175315,-1308083
1750844697.1257737,3136702
1750844697.1385314,-1200583
1750844697.1460395,2134278
1750844697.154984,-920021
1750844697.1669884,1147431
1750844697.1752958,1860511
1750844697.1873603,-3870095
1750844697.1952612,4185603
1750844697.2042694,-4571637
1750844697.2162879,4337694
1750844697.224508,-5316932
1750844697.2364652,4380524
1750844697.244716,-6050629
1750844697.2529724,4249645
1750844697.2650096,-6717086
1750844697.2732685,4143907
1750844697.286096,-7208266
1750844697.2939725,4096561
1750844697.3063686,-7655729
1750844697.3146257,4183079
1750844697.3228745,-7945991
1750844697.3348773,4338061
1750844697.3431273,-8388608
1750844697.3513732,4458031
1750844697.3633764,-8388608
1750844697.3716245,4489674
1750844697.38364,-8388608
1750844697.3919325,4521885
1750844697.4046826,-8388608
1750844697.4129333,4639751
1750844697.4211838,-8385044
1750844697.4331846,4976757
1750844697.4421835,-7383416
1750844697.45343,5617703
1750844697.4616833,-6397980
1750844697.4699285,6271736
1750844697.4827013,-5492994
1750844697.4901986,6900253
1750844697.502482,-4959146
1750844697.5110724,7480708
1750844697.5229416,-4331554
1750844697.5311906,7904199
1750844697.5394378,-3487768
1750844697.551628,8201615
1750844697.559872,-2513205
1750844697.5681252,8388607
1750844697.5808773,-1545408
1750844697.5883753,8388607
1750844697.6007512,-563486
1750844697.6093237,8388607
1750844697.617633,-1754220
1750844697.629366,7269738
1750844697.6378722,-1740627
1750844697.6504369,6351300
1750844697.6582935,-1663780
1750844697.6665423,4990800
1750844697.67855,-1491664
1750844697.6868026,3760687
1750844697.699261,-1243741
1750844697.707301,2764036
1750844697.719309,-1070342
1750844697.7275672,1778984
1750844697.736576,-794700
1750844697.7440605,739238
1750844697.7530615,2098296
1750844697.765086,-6966499
1750844697.7733085,4112573
1750844697.7853425,-7415159
1750844697.7931747,4126601
1750844697.8059072,-7794488
1750844697.8141763,4299774
1750844697.822433,-8144055
1750844697.834415,4370104
1750844697.842674,-8388608
1750844697.8546684,4461603
1750844697.8634002,-8388608
1750844697.871649,4490079
1750844697.883655,-8388608
1750844697.8917801,4571062
1750844697.9045246,-8388608
1750844697.9116223,4741831
1750844697.9242647,-7963476
1750844697.9324753,5277071
1750844697.9407303,-6912760
1750844697.9527378,5915511
1750844697.9609034,-5971448
1750844697.969735,6546130
1750844697.9817588,-5210944
1750844697.98999,7183200
1750844698.0022542,-4701810
1750844698.0105014,7684065
1750844698.0225003,-3940536
1750844698.0310588,8020953
1750844698.0396118,-3044108
1750844698.0511875,8354172
1750844698.0594318,-2011399
1750844698.072183,8388607
1750844698.0804367,-1006578
1750844698.0886998,8388607
1750844698.1009867,-241721
1750844698.1084833,8388607
1750844698.121233,-1771380
1750844698.1295013,6851421
1750844698.1377354,-1714313
1750844698.149733,5747721
1750844698.1579816,-1581228
1750844698.1662478,4447235
1750844698.1782663,-1371837
1750844698.187268,3315503
1750844698.1988409,-1236528
1750844698.2070997,2357787
1750844698.2153418,-942644
1750844698.2273235,1410899
1750844698.2355838,1762188
1750844698.2445788,-3658453
1750844698.2565773,4166194
1750844698.2648416,-4430976
1750844698.2768402,4331526
1750844698.2851112,-5132186
1750844698.2936623,4380749
1750844698.305666,-5935961
1750844698.3139372,4277050
1750844698.3259132,-6615058
1750844698.3341742,4194954
1750844698.346177,-7126041
1750844698.354429,4092485
1750844698.3626776,-7539503
1750844698.3746822,4199939
1750844698.3829556,-7898789
1750844698.395221,4333976
1750844698.4034739,-8307642
1750844698.4117427,4433440
1750844698.4244952,-8388608
1750844698.4327211,4483381
1750844698.4447374,-8388608
1750844698.4529777,4523920
1750844698.4649882,-8388608
1750844698.4739842,4593721
1750844698.4814975,-8388608
1750844698.4937463,4916547
1750844698.5020058,-7589328
1750844698.5102525,5418345
1750844698.522677,-6574476
1750844698.5309198,6134669
1750844698.5429199,-5621026
1750844698.5511777,6780162
1750844698.5631711,-5077704
1750844698.5714197,7393385
1750844698.5796514,-4428072
1750844698.592412,7835244
1750844698.6006718,-3704424
1750844698.6126683,8140367
1750844698.6209245,-2759633
1750844698.62917,8388607
1750844698.6411724,-1725090
1750844698.6501768,8388607
1750844698.6616764,-757587
1750844698.6699224,8388607
1750844698.6781785,-1674809
1750844698.6901855,7467674
1750844698.6987221,-1710097
1750844698.7069485,6579116
1750844698.7189662,-1649102
1750844698.7271972,5364978
1750844698.7399473,-1499621
1750844698.7474542,4083027
1750844698.7603152,-1259759
1750844698.7684526,3026260
1750844698.7767015,-1141219
1750844698.788709,2036897
1750844698.7972288,-813856
1750844698.805473,1061825
1750844698.8174827,1934109
1750844698.8257687,-3996136
1750844698.8339756,4200738
1750844698.84597,-4616654
1750844698.8542216,4328798
1750844698.8662255,-5394389
1750844698.8744733,4335645
1750844698.8872685,-6131061
1750844698.895045,4225355
1750844698.9043188,-6772962
1750844698.9160445,4134197
1750844698.924301,-7298520
1750844698.9361749,4081790
1750844698.9444268,-7699228
1750844698.952676,4203865
1750844698.9646733,-8014810
1750844698.972961,4329877
1750844698.9849482,-8388608
1750844698.9934623,4446715
1750844699.0054784,-8388608
1750844699.0137138,4455873
1750844699.0219636,-8388608
1750844699.034713,4529900
1750844699.0426729,-8388608
1750844699.0509288,4640932
1750844699.0629442,-8297606
1750844699.0711942,4998812
1750844699.0839534,-7280460
1750844699.091451,5665333
1750844699.1042342,-6309732
1750844699.1124644,6247436
1750844699.1207323,-5439717
1750844699.1327357,6899077
1750844699.1409647,-4939823
1750844699.1529644,7512653
1750844699.1612158,-4296759
1750844699.1700008,7880644
1750844699.1820192,-3448188
1750844699.190361,8213533
1750844699.2027688,-2518031
1750844699.2110171,8388607
1750844699.2230191,-1482490
1750844699.2312632,8388607
1750844699.2395327,-572127
1750844699.2471604,8388607
1750844699.2591865,-1700763
1750844699.2683468,7229243
1750844699.2799535,-1711027
1750844699.288651,6294803
1750844699.3009005,-1619251
1750844699.3088906,5059235
1750844699.3171353,-1425491
1750844699.3295345,3767192
1750844699.3377898,-1239909
1750844699.350132,2719060
1750844699.357692,-1064329
1750844699.3663192,1771029
1750844699.3785036,-836758
1750844699.3869548,777125
1750844699.39489,2069909
1750844699.407042,-6996235
1750844699.414895,4124406
1750844699.4235377,-7428042
1750844699.435539,4084240
1750844699.4438477,-7799204
1750844699.4520864,4274894
1750844699.464464,-8141085
1750844699.4727247,4356046
1750844699.4851496,-8388608
1750844699.4932578,4456961
1750844699.505281,-8388608
1750844699.5133767,4477561
1750844699.5225258,-8388608
1750844699.533914,4555881
1750844699.5421665,-8388608
1750844699.5545275,4739851
1750844699.5627708,-8010968
1750844699.571021,5226931
1750844699.5837922,-6986300
1750844699.5912786,5847332
1750844699.6040645,-6044988
1750844699.612311,6472576
1750844699.62431,-5271982
1750844699.6325653,7114400
1750844699.640815,-4803845
1750844699.652809,7629573
1750844699.6610625,-4033277
1750844699.6730616,7968739
1750844699.6813226,-3174828
1750844699.6897914,8291452
1750844699.7020695,-2185004
1750844699.710317,8388607
1750844699.7223227,-1207665
1750844699.7313175,8388607
1750844699.739571,-435500
1750844699.7515683,8388607
1750844699.759812,-1743001
1750844699.7680686,7030755
1750844699.7800975,-1704922
1750844699.788344,5970572
1750844699.8006263,-1594880
1750844699.80887,4638910
1750844699.820874,-1392536
1750844699.8291228,3473368
1750844699.8373733,-1247666
1750844699.8493714,2462024
1750844699.8577654,-1023081
1750844699.8660207,1480502
1750844699.8781142,-724783
1750844699.8863268,481615
1750844699.8948963,2275692
1750844699.9069097,-7127481
1750844699.9151604,4080813
1750844699.9235253,-7565774
1750844699.9355268,4132170
1750844699.9437003,-7887593
1750844699.956493,4281566
1750844699.964735,-8294573
1750844699.9729936,4399165
1750844699.9851084,-8388608
1750844699.9933476,4463064
1750844700.0049744,-8388608
1750844700.013217,4507915
1750844700.0259662,-8388608
1750844700.033466,4594876
1750844700.0417163,-8388608
1750844700.0544667,4857827
1750844700.0627213,-7780532
1750844700.070968,5405491
1750844700.0837262,-6692140
1750844700.091224,6017953
1750844700.1034956,-5750239
1750844700.111744,6670059
1750844700.1244955,-5149636
1750844700.1319976,7279750
1750844700.1409974,-4559391
1750844700.1529999,7758532
1750844700.1612523,-3822290
1750844700.1732898,8088852
1750844700.181563,-2873030
1750844700.189858,8384696
1750844700.2022514,-1864889
1750844700.2104557,8388607
1750844700.2225077,-877968
1750844700.2307565,8388607
1750844700.2390082,-1619931
1750844700.2509518,7592096
1750844700.2592704,-1725445
1750844700.267456,6687193
1750844700.279489,-1666103
1750844700.2878084,5539565
1750844700.3001518,-1520976
1750844700.3087049,4324413
1750844700.3206635,-1354401
1750844700.3289752,3144628
1750844700.3372161,-1169863
1750844700.3491955,2108979
1750844700.357465,-905656
1750844700.3657112,1142581
1750844700.3777173,1839509
1750844700.386533,-3887614
1750844700.3940988,4183469
1750844700.4065325,-4571853
1750844700.4147303,4325775
1750844700.427527,-5252841
1750844700.4357715,4383326
1750844700.4478078,-6070477
1750844700.4560266,4268682
1750844700.464295,-6666627
1750844700.4762335,4202238
1750844700.484633,-7235232
1750844700.4970932,4117172
1750844700.5053623,-7616345
1750844700.5135968,4230952
1750844700.5255604,-7944592
1750844700.533752,4355434
1750844700.5458355,-8386784
1750844700.5540884,4474419
1750844700.566417,-8388608
1750844700.5746653,4506316
1750844700.5829592,-8388608
1750844700.5942414,4568619
1750844700.6033566,-8388608
1750844700.6116083,4671419
1750844700.6235526,-8388608
1750844700.631807,5014112
1750844700.643853,-7456956
1750844700.6520567,5582377
1750844700.6648047,-6500936
1750844700.6730533,6190154
1750844700.6813161,-5517624
1750844700.6929693,6811613
1750844700.7019894,-5010873
1750844700.7140875,7426441
1750844700.7217636,-4324338
1750844700.7301643,7851561
1750844700.7426865,-3562723
1750844700.7510982,8181457
1750844700.762925,-2580646
1750844700.7713926,8388607
1750844700.7834148,-1551350
1750844700.791659,8388607
1750844700.7999372,-621007
1750844700.8081853,8388607
1750844700.8201873,-1721946
1750844700.8284383,7354503
1750844700.8404503,-1738527
1750844700.8486826,6389831
1750844700.861449,-1665934
1750844700.8696861,5181477
1750844700.877934,-1514496
1750844700.8899574,3892385
1750844700.8978868,-1253950
1750844700.9099638,2927323
1750844700.918916,-1142122
1750844700.9263644,1855841
1750844700.9390857,-831867
1750844700.9473393,835561
1750844700.9556386,2042489
1750844700.966894,-6903813
1750844700.9756405,4144205
1750844700.9839904,-7391666
1750844700.9952571,4129559
1750844701.0043812,-7776822
1750844701.0125782,4295694
1750844701.0253835,-8111491
1750844701.033581,4382104
1750844701.0456307,-8388608
1750844701.0538292,4504633
1750844701.0658302,-8388608
1750844701.0740767,4516296
1750844701.0823746,-8388608
1750844701.095131,4598841
1750844701.1029522,-8388608
1750844701.1149495,4752899
1750844701.1232507,-8027962
1750844701.1314504,5231873
1750844701.1442487,-7015716
1750844701.1520638,5865912
1750844701.1638923,-6074404
1750844701.1728609,6464251
1750844701.1849291,-5308057
1750844701.193141,7108168
1750844701.2018282,-4736575
1750844701.2138903,7643029
1750844701.2220314,-4049483
1750844701.2340422,7981541
1750844701.2422802,-3186097
1750844701.2505302,8298733
1750844701.263281,-2212986
1750844701.2707834,8388607
1750844701.2828047,-1174656
1750844701.2911992,8388607
1750844701.2997453,-328050
1750844701.3117578,8388607
1750844701.3200715,-1782561
1750844701.3283122,6994882
1750844701.3406866,-1710150
1750844701.3488696,5865631
1750844701.360939,-1593516
1750844701.3691475,4554697
1750844701.381168,-1369522
1750844701.3894281,3418144
1750844701.3977773,-1210780
1750844701.4098413,2364874
1750844701.4180393,-979909
1750844701.4262903,1405447
1750844701.439089,1644454
1750844701.4472973,-3682792
1750844701.4555998,4129139
1750844701.467598,-4381292
1750844701.4757953,4319027
1750844701.4881,-5029765
1750844701.4963484,4401651
1750844701.5086124,-5822660
1750844701.5168583,4308980
1750844701.5251315,-6523189
1750844701.5371137,4182742
1750844701.5453615,-7114336
1750844701.5536697,4107051
1750844701.56561,-7512055
1750844701.573914,4170158
1750844701.5866253,-7871008
1750844701.5948768,4304329
1750844701.6064065,-8273997
1750844701.614657,4414996
1750844701.6236513,-8388608
1750844701.6356676,4491932
1750844701.6439042,-8388608
1750844701.6559007,4529890
1750844701.664149,-8388608
1750844701.6724017,4603555
1750844701.6851673,-8388608
1750844701.692661,4889285
1750844701.704949,-7736408
1750844701.7132096,5449619
1750844701.7251947,-6662724
1750844701.7334445,6099172
1750844701.7416968,-5732037
1750844701.7544549,6703391
1750844701.7626944,-5141218
1750844701.7746956,7281718
1750844701.7831724,-4538746
1750844701.790692,7783347
1750844701.8029864,-3767376
1750844701.8115432,8072861
1750844701.8235507,-2896321
1750844701.831797,8388607
1750844701.8445594,-1823976
1750844701.8527982,8388607
1750844701.8610473,-859811
1750844701.868543,8388607
1750844701.881294,-1704485
1750844701.88957,7582819
1750844701.901927,-1770908
1750844701.9101777,6623535
1750844701.922176,-1704078
1750844701.9304814,5482751
1750844701.9387176,-1535945
1750844701.9506774,4152020
1750844701.959034,-1349356
1750844701.967232,3035604
1750844701.9792736,-1148305
1750844701.9875488,2034858
1750844701.9998639,-891488
1750844702.0081742,1025995
1750844702.016372,1838603
1750844702.0284913,-3943691
1750844702.0366192,4199543
1750844702.0494123,-4631464
1750844702.057726,4333995
1750844702.0659392,-5346728
1750844702.07783,4380104
1750844702.0861993,-6137437
1750844702.0943913,4223912
1750844702.1067264,-6730103
1750844702.1149783,4134801
1750844702.1270278,-7283590
1750844702.1352267,4073267
1750844702.1472228,-7697586
1750844702.1554763,4179316
1750844702.1637256,-8022366
1750844702.1764712,4339147
1750844702.1847756,-8388608
1750844702.1960971,4447352
1750844702.2047122,-8388608
1750844702.2130077,4468333
1750844702.2250555,-8388608
1750844702.234016,4526536
1750844702.2460115,-8388608
1750844702.2542603,4677519
1750844702.2662134,-8316936
1750844702.2744584,5059782
1750844702.28271,-7309876
1750844702.294845,5666157
1750844702.3034883,-6442104
1750844702.3152914,6287819
1750844702.3235009,-5472039
1750844702.3324072,6904558
1750844702.3436556,-4972796
1750844702.3526967,7454274
1750844702.364652,-4314077
1750844702.3728983,7854809
1750844702.3847783,-3484479
1750844702.393045,8208520
1750844702.4016476,-2557565
1750844702.4136488,8388607
1750844702.4219,-1591475
1750844702.4301505,8388607
1750844702.4421513,-564245
1750844702.450315,8388607
1750844702.4622605,-1756541
1750844702.4706678,7211844
1750844702.4789174,-1803549
1750844702.4909325,6224646
1750844702.49956,-1676848
1750844702.5075822,4922660
1750844702.5203292,-1490464
1750844702.527832,3653016
1750844702.5405793,-1209342
1750844702.548831,2588255
1750844702.5608385,-1073522
1750844702.569081,1654020
1750844702.5773313,-782655
1750844702.5855942,686089
1750844702.5983415,2123393
1750844702.6061108,-7041438
1750844702.6143606,4095329
1750844702.6263804,-7498859
1750844702.6346152,4136049
1750844702.6473777,-7859417
1750844702.6556165,4277699
1750844702.6676185,-8197607
1750844702.675862,4382400
1750844702.6841257,-8388608
1750844702.6961439,4475601
1750844702.7047052,-8388608
1750844702.71672,4514364
1750844702.7249634,-8388608
1750844702.733225,4586691
1750844702.7452173,-8388608
1750844702.754223,4824086
1750844702.7662039,-7898196
1750844702.7744575,5341237
1750844702.7864769,-6839220
1750844702.7947223,5957745
1750844702.803279,-5923107
1750844702.8152778,6596682
1750844702.823531,-5245578
1750844702.8317723,7191860
1750844702.8437703,-4680879
1750844702.8520267,7704039
1750844702.864776,-3923382
1750844702.8722744,8017347
1750844702.8850274,-3030160
1750844702.893291,8341115
1750844702.9010916,-2068649
1750844702.913087,8388607
1750844702.9220939,-1018859
1750844702.9340873,8388607
1750844702.9423432,-357312
1750844702.9505856,8388607
1750844702.9625874,-1803482
1750844702.9708385,6774985
1750844702.979092,-1722526
1750844702.9911401,5562600
1750844702.9993863,-1577074
1750844703.0116796,4207459
1750844703.0199325,-1341057
1750844703.0281818,3097631
1750844703.0401778,-1170482
1750844703.048488,2108250
1750844703.0605288,-900927
1750844703.068822,1099694
1750844703.0769773,1824381
1750844703.0896852,-3929888
1750844703.097936,4179944
1750844703.1057117,-4600362
1750844703.1185048,4324304
1750844703.1261015,-5287196
1750844703.1387124,4380696
1750844703.1470368,-6100939
1750844703.155345,4263140
1750844703.1672714,-6715307
1750844703.175593,4148540
1750844703.1876657,-7258824
1750844703.195931,4083353
1750844703.2083297,-7685228
1750844703.21649,4204751
1750844703.2248359,-7984859
1750844703.236834,4332943
1750844703.244997,-8388608
1750844703.2532315,4457916
1750844703.2660334,-8388608
1750844703.2742927,4502269
1750844703.286397,-8388608
1750844703.2945428,4538614
1750844703.3068347,-8388608
1750844703.3150856,4690257
1750844703.327085,-8388608
1750844703.335377,5050186
1750844703.3436277,-7368708
1750844703.3556232,5624831
1750844703.3645935,-6412688
1750844703.3720946,6272712
1750844703.3848658,-5508197
1750844703.3925407,6844157
1750844703.404736,-5001324
1750844703.412988,7447144
1750844703.4249876,-4289475
1750844703.4339952,7847878
1750844703.4414847,-3488359
1750844703.45428,8171356
1750844703.462487,-2569651
1750844703.4744835,8388607
1750844703.482688,-1545978
1750844703.4910986,8388607
1750844703.5035076,-652171
1750844703.511001,8388607
1750844703.5192509,-1769216
1750844703.531967,7184246
1750844703.540259,-1774343
1750844703.5522685,6165461
1750844703.56069,-1645608
1750844703.5686626,5005971
1750844703.581028,-1422329
1750844703.5892792,3682735
1750844703.6015587,-1197608
1750844703.6098678,2601779
1750844703.6218305,-1050996
1750844703.630074,1667437
1750844703.6383257,-735322
1750844703.6465774,609707
1750844703.6549394,2172907
1750844703.6675878,-7051595
1750844703.675083,4114865
1750844703.6878557,-7488449
1750844703.6953547,4145482
1750844703.7076552,-7870517
1750844703.7159038,4341248
1750844703.7249107,-8216513
1750844703.7369106,4423661
1750844703.744407,-8388608
1750844703.7571545,4517511
1750844703.765407,-8388608
1750844703.7729256,4547875
1750844703.7859118,-8388608
1750844703.7942164,4630158
1750844703.8057237,-8388608
1750844703.8139765,4914242
1750844703.8264463,-7795240
1750844703.8346956,5383457
1750844703.8429465,-6750972
1750844703.8553014,6032877
1750844703.8635488,-5826947
1750844703.8755503,6645463
1750844703.8838022,-5163141
1750844703.8920653,7255841
1750844703.9043524,-4568474
1750844703.9125912,7750060
1750844703.924607,-3815373
1750844703.9336023,8093287
1750844703.9457364,-2874608
1750844703.9539819,8388607
1750844703.9614925,-1819164
1750844703.9742842,8388607
1750844703.9825394,-818000
1750844703.9901922,8388607
1750844704.0024471,-1650264
1750844704.010752,7491390
1750844704.023524,-1775645
1750844704.031719,6554151
1750844704.0400076,-1684640
1750844704.0519717,5323646
1750844704.0602477,-1484730
1750844704.0722597,4051701
1750844704.0804713,-1280547
1750844704.0888145,2947970
1750844704.1015642,-1117108
1750844704.1094298,1957996
1750844704.1176238,-830274
1750844704.1259205,956849
1750844704.1379778,1972874
1750844704.1461787,-6854368
1750844704.1581743,4178927
1750844704.1671321,-7336236
1750844704.1753802,4139865
1750844704.1873791,-7773477
1750844704.1956382,4295014
1750844704.2079258,-8080205
1750844704.2161782,4403378
1750844704.2282407,-8388608
1750844704.2364383,4515639
1750844704.244722,-8388608
1750844704.2566814,4514000
1750844704.2649791,-8388608
1750844704.2769747,4604866
1750844704.2852244,-8388608
1750844704.2936199,4763438
1750844704.3058355,-8087359
1750844704.3141012,5252378
1750844704.3261452,-7045132
1750844704.3343258,5869221
1750844704.3470788,-6059696
1750844704.3554432,6504077
1750844704.3628783,-5318570
1750844704.3752863,7109432
1750844704.3835402,-4773659
1750844704.3917925,7634715
1750844704.4046097,-4087846
1750844704.4128604,8001391
1750844704.4248555,-3153268
1750844704.4331124,8313094
1750844704.4451075,-2152431
1750844704.453357,8388607
1750844704.4616094,-1155332
1750844704.4736137,8388607
1750844704.4826086,-383731
1750844704.4901175,8388607
1750844704.5021176,-1753470
1750844704.5103974,6872195
1750844704.5231538,-1708729
1750844704.5313995,5696665
1750844704.5434093,-1550578
1750844704.551647,4423403
1750844704.5598955,-1302145
1750844704.571894,3258296
1750844704.580529,-1150377
1750844704.5887783,2252937
1750844704.6007812,-885189
1750844704.6093209,1215417
1750844704.6175756,1772176
1750844704.6295738,-3844376
1750844704.6378233,4183726
1750844704.6498206,-4516232
1750844704.6580677,4344768
1750844704.666357,-5232136
1750844704.6783688,4426955
1750844704.686566,-6037276
1750844704.6993523,4288404
1750844704.7072499,-6678901
1750844704.7154698,4197066
1750844704.7282016,-7234632
1750844704.7364595,4150229
1750844704.7480104,-7645663
1750844704.756255,4266151
1750844704.7690718,-7933090
1750844704.7765045,4379475
1750844704.785506,-8388608
1750844704.7975159,4495236
1750844704.8053267,-8388608
1750844704.8180552,4522709
1750844704.8263042,-8388608
1750844704.8345573,4573141
1750844704.846557,-8388608
1750844704.8548038,4687978
1750844704.8668075,-8364227
1750844704.8750603,5044491
1750844704.8878272,-7368708
1750844704.8960745,5650568
1750844704.903579,-6397980
1750844704.9158583,6300757
1750844704.9248645,-5483424
1750844704.9331193,6929882
1750844704.945111,-4932069
1750844704.9533548,7474738
1750844704.9653609,-4306550
1750844704.9737093,7927935
1750844704.9856975,-3395895
1750844704.9940429,8211978
1750844705.002318,-2476040
1750844705.0139287,8388607
1750844705.0230348,-1398557
1750844705.0349238,8388607
1750844705.043173,-540736
1750844705.051423,8388607
1750844705.063425,-1711003
1750844705.0716782,7171308
1750844705.079971,-1713203
1750844705.0920384,6147506
1750844705.100997,-1597106
1750844705.1125746,4824444
1750844705.1208673,-1395178
1750844705.1290693,3576967
1750844705.141869,-1205026
1750844705.1501524,2526417
1750844705.1621122,-955103
1750844705.1703727,1549083
1750844705.1785707,1580218
1750844705.190645,-3498564
1750844705.198846,4114822
1750844705.207365,-4301663
1750844705.2193642,4340634
1750844705.2276134,-4974137
1750844705.2396147,4422966
1750844705.2478657,-5787689
1750844705.2561147,4353694
1750844705.268864,-6454199
1750844705.2771146,4235646
1750844705.289115,-7055101
1750844705.2973738,4153889
1750844705.3096368,-7479408
1750844705.3178923,4217479
1750844705.3261366,-7867325
1750844705.3381367,4364040
1750844705.3463874,-8222897
1750844705.3583877,4468157
1750844705.3666372,-8388608
1750844705.3748877,4530284
1750844705.387651,-8388608
1750844705.3951523,4585449
1750844705.4074166,-8388608
1750844705.4156678,4672957
1750844705.428416,-8388608
1750844705.4366884,4990728
1750844705.4449165,-7618744
1750844705.4569585,5512161
1750844705.4651747,-6603892
1750844705.4734561,6168597
1750844705.4854655,-5658801
1750844705.4937315,6823396
1750844705.5059724,-5087637
1750844705.5142198,7400911
1750844705.526288,-4434141
1750844705.534512,7858184
1750844705.5427196,-3661243
1750844705.554716,8203611
1750844705.5637236,-2771540
1750844705.5757208,8388607
1750844705.5841238,-1646322
1750844705.5923824,8388607
1750844705.6044304,-674818
1750844705.6122422,8388607
1750844705.6204858,-1700087
1750844705.6332364,7358579
1750844705.6414895,-1722155
1750844705.6534913,6313422
1750844705.6617384,-1622056
1750844705.6699917,4982285
1750844705.6819909,-1440135
1750844705.690237,3731818
1750844705.7029965,-1229976
1750844705.7107623,2757334
1750844705.7190135,-985310
1750844705.731019,1748874
1750844705.7392657,1467565
1750844705.7475376,-3366239
1750844705.7602804,4083892
1750844705.7685163,-4166472
1750844705.780434,4330932
1750844705.788674,-4833202
1750844705.7969546,4413197
1750844705.8092053,-5684717
1750844705.8174536,4376654
1750844705.8294563,-6382200
1750844705.8377087,4255907
1750844705.849709,-7011800
1750844705.8587148,4161999
1750844705.8662076,-7444211
1750844705.8782094,4198713
1750844705.8872075,-7843468
1750844705.899222,4358748
1750844705.9077373,-8219398
1750844705.9152427,4456491
1750844705.9279878,-8388608
1750844705.936241,4528707
1750844705.9482381,-8388608
1750844705.9564927,4546395
1750844705.9684865,-8388608
1750844705.9771616,4642333
1750844705.9847622,-8388608
1750844705.9975927,4901388
1750844706.0043423,-7736408
1750844706.0142949,5420350
1750844706.02635,-6677432
1750844706.0346053,6076129
1750844706.046484,-5719094
1750844706.0548406,6722340
1750844706.066842,-5119648
1750844706.0750747,7351354
1750844706.0839758,-4518292
1750844706.0959864,7826572
1750844706.104235,-3708667
1750844706.116561,8151025
1750844706.1248164,-2689154
1750844706.133052,8388607
1750844706.1450534,-1629619
1750844706.1533077,8388607
1750844706.16151,-747497
1750844706.173501,8388607
1750844706.1817508,-1704539
1750844706.1937597,7309085
1750844706.2020555,-1747074
1750844706.2106657,6319090
1750844706.2226686,-1640733
1750844706.2309344,5068450
1750844706.2436275,-1442692
1750844706.2518775,3764971
1750844706.2638783,-1209551
1750844706.2721257,2705694
1750844706.2803786,-1044517
1750844706.2923906,1654919
1750844706.300406,-756589
1750844706.308686,629801
1750844706.3169856,2141774
1750844706.329011,-7046641
1750844706.3372436,4125989
1750844706.3499904,-7471228
1750844706.3582292,4168882
1750844706.3664794,-7881432
1750844706.3784502,4340027
1750844706.386691,-8229945
1750844706.3987002,4431465
1750844706.407346,-8388608
1750844706.4155233,4513678
1750844706.427571,-8388608
1750844706.4358356,4553020
1750844706.4477777,-8388608
1750844706.4560232,4647932
1750844706.4687755,-8388608
1750844706.4770982,4934013
1750844706.484518,-7692284
1750844706.497291,5455066
1750844706.5055435,-6633308
1750844706.5179095,6153836
1750844706.5261679,-5624666
1750844706.534436,6805938
1750844706.5464613,-5064188
1750844706.554711,7389963
1750844706.5667145,-4478347
1750844706.5749664,7854095
1750844706.586962,-3680273
1750844706.595225,8191789
1750844706.6035757,-2710545
1750844706.6159613,8388607
1750844706.6242144,-1645417
1750844706.632514,8388607
1750844706.6445081,-648019
1750844706.6527693,8388607
1750844706.6647685,-1709365
1750844706.6730611,7316844
1750844706.681274,-1748833
1750844706.6934228,6304563
1750844706.7016218,-1613152
1750844706.7139337,5002318
1750844706.722238,-1442771
1750844706.7311845,3743382
1750844706.743183,-1186675
1750844706.751482,2684720
1750844706.7636604,-1004935
1750844706.771901,1667439
1750844706.7803826,-714878
1750844706.787928,618934
1750844706.8001053,2211056
1750844706.8085296,-7021623
1750844706.8166573,4161547
1750844706.828893,-7419907
1750844706.8374307,4199841
1750844706.8501663,-7856812
1750844706.8576667,4368978
1750844706.869665,-8222618
1750844706.8779178,4458611
1750844706.886166,-8388608
1750844706.8983083,4519170
1750844706.9071321,-8388608
1750844706.9186609,4568636
1750844706.9276998,-8388608
1750844706.9352064,4657314
1750844706.948017,-8388608
1750844706.9562385,4964339
1750844706.9682028,-7692284
1750844706.9764526,5481238
1750844706.988454,-6618600
1750844706.9967887,6153242
1750844707.005005,-5665430
1750844707.0173783,6786635
1750844707.0256348,-5077543
1750844707.0338295,7428536
1750844707.0458307,-4453838
1750844707.0540817,7879290
1750844707.066079,-3692319
1750844707.0750792,8190378
1750844707.0870788,-2666685
1750844707.095337,8388607
1750844707.1035912,-1622239
1750844707.1156108,8388607
1750844707.123914,-601792
1750844707.1322587,8388607
1750844707.144173,-1707824
1750844707.1524198,7378592
1750844707.165111,-1764128
1750844707.173361,6359918
1750844707.1853678,-1639528
1750844707.1936097,5027831
1750844707.2018716,-1445333
1750844707.2141488,3755814
1750844707.2223969,-1233193
1750844707.2306554,2689000
1750844707.2426517,-1026763
1750844707.2508984,1715923
1750844707.262903,-774978
1750844707.2711484,675009
1750844707.279404,2161177
1750844707.287649,-6998205
1750844707.2996562,4143214
1750844707.307601,-7446097
1750844707.3201525,4196649
1750844707.3284073,-7853075
1750844707.3366559,4366005
1750844707.349417,-8204445
1750844707.3570478,4467357
1750844707.3697884,-8388608
1750844707.3780503,4548639
1750844707.3900387,-8388608
1750844707.3983145,4575872
1750844707.4065697,-8388608
1750844707.4188533,4673408
1750844707.427105,-8388608
1750844707.4353511,4931916
1750844707.4473512,-7706992
1750844707.4556024,5483247
1750844707.4683506,-6648016
1750844707.4758544,6096385
1750844707.4886007,-5690642
1750844707.4968686,6717572
1750844707.5051177,-5075875
1750844707.5166526,7373701
1750844707.525651,-4479119
1750844707.537653,7852077
1750844707.5458996,-3650157
1750844707.5541518,8164930
1750844707.5661507,-2686415
1750844707.5743992,8388607
1750844707.5866022,-1678439
1750844707.59487,8388607
1750844707.6031232,-695112
1750844707.615419,8388607
1750844707.623669,-1666890
1750844707.6319141,7391968
1750844707.6439202,-1719050
1750844707.652307,6394429
1750844707.6643357,-1580592
1750844707.6723504,5058028
1750844707.6851022,-1404637
1750844707.6935427,3814799
1750844707.7015965,-1149614
1750844707.7134588,2700547
1750844707.721476,-953981
1750844707.730472,1717455
1750844707.742474,1456498
1750844707.750733,-3383428
1750844707.758661,4071712
1750844707.7708714,-4217012
1750844707.7791169,4320060
1750844707.7911203,-4878281
1750844707.799645,4417059
1750844707.8116915,-5684735
1750844707.8199365,4372433
1750844707.8284407,-6417899
1750844707.8407004,4225563
1750844707.8489623,-7020039
1750844707.8609586,4126714
1750844707.8693435,-7470659
1750844707.8776839,4195669
1750844707.889691,-7887402
1750844707.8979461,4351426
1750844707.9104984,-8251851
1750844707.9187646,4459097
1750844707.930916,-8388608
1750844707.9391634,4519081
1750844707.9474196,-8388608
1750844707.959392,4532166
1750844707.9678025,-8388608
1750844707.9760542,4622320
1750844707.9880586,-8388608
1750844707.996324,4905157
1750844708.008327,-7677576
1750844708.0168583,5488660
1750844708.0290058,-6662724
1750844708.0372505,6091238
1750844708.0451212,-5663529
1750844708.0578742,6746093
1750844708.0661201,-5102562
1750844708.0781243,7341293
1750844708.0863712,-4474386
1750844708.0946212,7823149
1750844708.1066375,-3630921
1750844708.114918,8128003
1750844708.1269207,-2623568
1750844708.1351702,8388607
1750844708.1479223,-1624524
1750844708.1561697,8388607
1750844708.1644151,-636928
1750844708.1719177,8388607
1750844708.1846693,-1732158
1750844708.1929195,7249859
1750844708.20494,-1751810
1750844708.2134707,6209635
1750844708.2254703,-1643356
1750844708.2337198,4886772
1750844708.2419705,-1431990
1750844708.2539704,3599998
1750844708.2622213,-1232422
1750844708.2749686,2593545
1750844708.282472,-1003625
1750844708.2914724,1637575
1750844708.3037336,-747779
1750844708.3114893,607402
1750844708.3197482,2208523
1750844708.3280046,-7052867
1750844708.3400006,4126645
1750844708.3490071,-7491457
1750844708.3610098,4168877
1750844708.3693044,-7900602
1750844708.3767552,4332676
1750844708.3896897,-8279688
1750844708.3979557,4444504
1750844708.4099517,-8388608
1750844708.4184818,4505164
1750844708.4304833,-8388608
1750844708.4387324,4544608
1750844708.4469855,-8388608
1750844708.4589822,4640380
1750844708.4672408,-8388608
1750844708.479233,4962053
1750844708.4874825,-7633452
1750844708.4957378,5526618
1750844708.5085192,-6589184
1750844708.516313,6188108
1750844708.5290563,-5628532
1750844708.5373032,6796240
1750844708.5493028,-5077221
1750844708.5575545,7381119
1750844708.565805,-4431294
1750844708.5777998,7817799
1750844708.5860507,-3604491
1750844708.5943072,8136200
1750844708.6063251,-2635544
1750844708.6148708,8388607
1750844708.6268718,-1634085
1750844708.6351237,8388607
1750844708.6433728,-607396
1750844708.6553738,8388607
1750844708.6636226,-1728938
1750844708.6756213,7239426
1750844708.6846206,-1736804
1750844708.6928763,6300522
1750844708.704894,-1586390
1750844708.7126677,4774698
1750844708.7254157,-1409750
1750844708.7336645,3580976
1750844708.7456794,-1128746
1750844708.753919,2532079
1750844708.7621691,-878366
1750844708.770416,1455760
1750844708.7824192,1496491
1750844708.7914176,-3543551
1750844708.7989326,5480714
1750844708.8109355,-4482548
1750844708.8194656,4394966
1750844708.83222,-5024351
1750844708.8404644,4346597
1750844708.851968,-5802031
1750844708.860225,4245688
1750844708.8692234,-6488530
1750844708.8812175,4116509
1750844708.8894835,-7109233
1750844708.9014807,3965236
1750844708.910484,-7545736
1750844708.918271,4105652
1750844708.9302657,-7925477
1750844708.9377847,4252425
1750844708.9505246,-8338534
1750844708.95877,4349712
1750844708.9707737,-8388608
1750844708.9790237,4418439
1750844708.9872704,-8388608
1750844708.999309,4481318
1750844709.0082984,-8388608
1750844709.0200503,4592641
1750844709.0282862,-8388608
1750844709.0365372,4951365
1750844709.0492895,-7471664
1750844709.0575366,5533321
1750844709.06954,-6442104
1750844709.0777946,6199477
1750844709.0897908,-5482755
1750844709.0980601,6841489
1750844709.1063113,-4956564
1750844709.1185985,7401400
1750844709.1268506,-4259757
1750844709.1350996,7847104
1750844709.1471155,-3460282
1750844709.1553607,8190951
1750844709.167348,-2479931
1750844709.1756067,8388607
1750844709.1883512,-1415411
1750844709.1966004,8388607
1750844709.2048664,-505543
1750844709.217153,8388607
1750844709.2254105,-1702737
1750844709.2329118,7036397
1750844709.2456672,-1694827
1750844709.25391,5962531
1750844709.2659106,-1557611
1750844709.274163,4624585
1750844709.2861617,-1326525
1750844709.294414,3418834
1750844709.302671,-1159202
1750844709.3149753,2387368
1750844709.3230922,-913553
1750844709.332093,1360919
1750844709.3396008,1660245
1750844709.3523436,-3703975
1750844709.3598394,4141149
1750844709.3725939,-4415455
1750844709.3803363,4335270
1750844709.393085,-5159943
1750844709.4015942,4386429
1750844709.4099188,-5967251
1750844709.421967,4274775
1750844709.4294598,-6624825
1750844709.4422114,4158692
1750844709.4504595,-7199618
1750844709.4579606,4083162
1750844709.4707098,-7656052
1750844709.47875,4175863
1750844709.4915204,-7953914
1750844709.4990244,4334823
1750844709.5117767,-8388608
1750844709.5200481,4462184
1750844709.5283127,-8388608
1750844709.540173,4484571
1750844709.548846,-8388608
1750844709.5609007,4535711
1750844709.5691845,-8388608
1750844709.5774388,4689024
1750844709.5891452,-8209379
1750844709.597618,5131445
1750844709.6096644,-7192212
1750844709.6179452,5743322
1750844709.630375,-6177360
1750844709.6385396,6407051
1750844709.646774,-5324288
1750844709.6587892,7024172
1750844709.6672802,-4833907
1750844709.675523,7557430
1750844709.6875196,-4106357
1750844709.6961,7935244
1750844709.7078183,-3191812
1750844709.7165697,8258636
1750844709.7289646,-2221918
1750844709.7372096,8388607
1750844709.7454078,-1141565
1750844709.757639,8388607
1750844709.7659757,-365274
1750844709.7737412,8388607
1750844709.7856555,-1779766
1750844709.7944827,6770226
1750844709.8061807,-1710712
1750844709.8145373,5575888
1750844709.8269281,-1562432
1750844709.8351753,4139392
1750844709.8442297,-1323046
1750844709.855756,3039871
1750844709.8642676,-1133906
1750844709.8717675,2006294
1750844709.8845782,-860907
1750844709.8927786,1005423
1750844709.9007194,1882123
1750844709.9125862,-4024796
1750844709.9216127,4184816
1750844709.9332962,-4712586
1750844709.9415488,4316206
1750844709.9501228,-5532626
1750844709.9624138,4333178
1750844709.970198,-6240837
1750844709.9824302,4187467
1750844709.9906754,-6882441
1750844709.9989266,4089999
1750844710.0116894,-7401240
1750844710.0194674,4089268
1750844710.0321887,-7836554
1750844710.0396867,4246902
1750844710.0524366,-8160934
1750844710.0606887,4330451
1750844710.068933,-8388608
1750844710.0809326,4457638
1750844710.0885913,-8388608
1750844710.1016204,4498527
1750844710.109918,-8388608
1750844710.1174552,4603371
1750844710.1299822,-8388608
1750844710.1382318,4823743
1750844710.1502323,-7795240
1750844710.1584806,5359693
1750844710.171229,-6692140
1750844710.1794815,5963560
1750844710.1877315,-5720984
1750844710.1997392,6657951
1750844710.207986,-5110926
1750844710.2162604,7287961
1750844710.2282615,-4491476
1750844710.2365174,7784440
1750844710.2485151,-3693673
1750844710.256762,8107758
1750844710.269512,-2692081
1750844710.2777646,8388607
1750844710.2860131,-1709443
1750844710.2980082,8388607
1750844710.3062756,-589414
1750844710.314857,8388607
1750844710.3268685,-1668129
1750844710.3347611,7273043
1750844710.3467603,-1714630
1750844710.3550096,6315375
1750844710.3677583,-1614766
1750844710.3762372,4960210
1750844710.383735,-1404441
1750844710.396484,3642798
1750844710.4047446,-1209863
1750844710.412996,2580982
1750844710.4249065,-950928
1750844710.4331944,1572218
1750844710.4414349,1490263
1750844710.4536572,-3534080
1750844710.4619079,4083953
1750844710.473915,-4326857
1750844710.482912,4305129
1750844710.4904046,-5029581
1750844710.5031693,4389258
1750844710.511418,-5869512
1750844710.5236988,4314268
1750844710.5315225,-6535046
1750844710.5397694,4214893
1750844710.552034,-7146285
1750844710.5602884,4122988
1750844710.572428,-7575019
1750844710.5799317,4219695
1750844710.5927217,-7945106
1750844710.6012633,4347692
1750844710.609514,-8388608
1750844710.6217866,4458862
1750844710.6300452,-8388608
1750844710.6421635,4497313
1750844710.649666,-8388608
1750844710.6580815,4572699
1750844710.6703022,-8388608
1750844710.6785524,4720742
1750844710.6909568,-8337303
1750844710.6995504,5107718
1750844710.712001,-7206920
1750844710.7199428,5732046
1750844710.7280571,-6192068
1750844710.740046,6395872
1750844710.748804,-5322359
1750844710.756664,7041049
1750844710.7694159,-4808681
1750844710.7776628,7594574
1750844710.7890747,-4056717
1750844710.7980692,7951849
1750844710.8101132,-3187380
1750844710.818269,8311002
1750844710.8267803,-2079285
1750844710.8383708,8388607
1750844710.8472445,-1044992
1750844710.8592937,8388607
1750844710.8675501,-252842
1750844710.876318,8388607
1750844710.8873196,-1702444
1750844710.8961406,6718245
1750844710.9085846,-1651905
1750844710.9164217,5563261
1750844710.924788,-1484678
1750844710.9368105,4160428
1750844710.9449368,-1268522
1750844710.9529955,3103063
1750844710.9655237,-1068487
1750844710.9737737,1991137
1750844710.985909,-763015
1750844710.9944024,955721
1750844711.0026858,2002247
1750844711.010533,-6822592
1750844711.02319,4206835
1750844711.031431,-7338558
1750844711.043325,4177832
1750844711.0515087,-7754493
1750844711.0597794,4316308
1750844711.071944,-8132741
1750844711.0801914,4415301
1750844711.0926542,-8388608
1750844711.1006434,4509703
1750844711.113149,-8388608
1750844711.1209257,4542071
1750844711.1299198,-8388608
1750844711.1413093,4632036
1750844711.1498854,-8388608
1750844711.158136,4879681
1750844711.170706,-7751116
1750844711.1785831,5461168
1750844711.1905842,-6662724
1750844711.1988356,6112656
1750844711.2108405,-5682250
1750844711.2196426,6740870
1750844711.2275763,-5078213
1750844711.2390783,7368913
1750844711.248356,-4435727
1750844711.2611072,7823453
1750844711.268704,-3595546
1750844711.2772393,8136847
1750844711.2892265,-2681612
1750844711.2977252,8388607
1750844711.3093817,-1590828
1750844711.317657,8388607
1750844711.3259063,-599563
1750844711.3379097,8388607
1750844711.3469093,-1672796
1750844711.3544445,7295469
1750844711.3672123,-1690036
1750844711.3752327,6246056
1750844711.3872454,-1580824
1750844711.3959503,4912508
1750844711.4079604,-1356150
1750844711.4161005,3627293
1750844711.4241993,-1186662
1750844711.4362721,2556242
1750844711.444688,-906109
1750844711.4532216,1554685
1750844711.4648993,1571562
1750844711.4739041,-3580545
1750844711.4821556,4127487
1750844711.4941528,-4354059
1750844711.5024114,4331542
1750844711.5144198,-5023745
1750844711.5229485,4403558
1750844711.534774,-5886129
1750844711.5430207,4330393
1750844711.5509343,-6554822
1750844711.5636516,4218046
1750844711.5714822,-7163096
1750844711.5841174,4116164
1750844711.5923715,-7625946
1750844711.600619,4203120
1750844711.6127362,-7996149
1750844711.621019,4327555
1750844711.633027,-8388608
1750844711.64191,4414832
1750844711.653896,-8388608
1750844711.6623542,4490132
1750844711.6698465,-8388608
1750844711.6825974,4558525
1750844711.6908474,-8388608
1750844711.699104,4659076
1750844711.7109158,-8276085
1750844711.7194269,5103337
1750844711.7314692,-7192212
1750844711.739719,5724644
1750844711.7522259,-6192068
1750844711.7605178,6387339
1750844711.7680185,-5324081
1750844711.7807677,7028370
1750844711.7890158,-4829310
1750844711.8011177,7605625
1750844711.8094826,-4077020
1750844711.81816,7956301
1750844711.8301604,-3152677
1750844711.8384128,8291270
1750844711.8504062,-2100532
1750844711.858614,8388607
1750844711.870662,-1088323
1750844711.8796628,8388607
1750844711.8871152,-374861
1750844711.8953671,8388607
1750844711.9082723,-1728130
1750844711.9155588,6674957
1750844711.928122,-1647942
1750844711.936378,5495497
1750844711.9483793,-1462469
1750844711.9566374,4117622
1750844711.9648721,-1227632
1750844711.977635,3010728
1750844711.9851787,-1031141
1750844711.9979217,1966088
1750844712.0062203,-736348
1750844712.01448,969849
1750844712.0228534,1993200
1750844712.0348144,-6898165
1750844712.0430653,4155117
1750844712.055067,-7402301
1750844712.0633144,4112770
1750844712.0715632,-7785992
1750844712.0835633,4273688
1750844712.092564,-8157401
1750844712.1000717,4383058
1750844712.1128874,-8388608
1750844712.1206703,4494175
1750844712.1334667,-8388608
1750844712.1409733,4495009
1750844712.1536655,-8388608
1750844712.1619153,4604920
1750844712.170165,-8388608
1750844712.1821673,4882452
1750844712.1907048,-7736408
1750844712.2027192,5444836
1750844712.210973,-6677432
1750844712.2195003,6034507
1750844712.2315087,-5673214
1750844712.2397442,6742426
1750844712.2517545,-5078156
1750844712.2602034,7333939
1750844712.272206,-4440554
1750844712.280462,7825715
1750844712.2887092,-3626763
1750844712.3007026,8162110
1750844712.3092892,-2655891
1750844712.3175435,8388607
1750844712.3295593,-1584407
1750844712.3378077,8388607
1750844712.3498106,-563526
1750844712.3580654,8388607
1750844712.3670588,-1656871
1750844712.379058,7186569
1750844712.3873088,-1683614
1750844712.3993104,6118433
1750844712.407564,-1570388
1750844712.4158132,4880096
1750844712.4280834,-1352398
1750844712.4363472,3543964
1750844712.4483383,-1115955
1750844712.4565854,2465130
1750844712.464835,-883307
1750844712.4768333,1456955
1750844712.4850857,1616877
1750844712.4933333,-3626316
1750844712.5061002,4141002
1750844712.5143507,-4391392
1750844712.5221336,4339268
1750844712.5348833,-5128966
1750844712.543132,4407718
1750844712.555133,-5969728
1750844712.5633838,4301053
1750844712.5753868,-6629574
1750844712.5836368,4172607
1750844712.5956306,-7195321
1750844712.6038907,4131508
1750844712.6121523,-7645100
1750844712.6244242,4246001
1750844712.6326735,-7970470
1750844712.6409225,4383795
1750844712.65368,-8388608
1750844712.661928,4503743
1750844712.6739216,-8388608
1750844712.6821728,4514336
1750844712.6941812,-8388608
1750844712.7024224,4579409
1750844712.7106817,-8388608
1750844712.7229595,4737495
1750844712.7312076,-8105427
1750844712.7424629,5229239
1750844712.751212,-7089256
1750844712.7602122,5830281
1750844712.7721682,-6030280
1750844712.780413,6513654
1750844712.7924178,-5220270
1750844712.8006666,7148272
1750844712.8126795,-4721957
1750844712.8209703,7679840
1750844712.829216,-3945036
1750844712.841217,8009945
1750844712.8494625,-3031814
1750844712.8577142,8345176
1750844712.870461,-1922156
1750844712.8787146,8388607
1750844712.8907142,-885207
1750844712.8989656,8388607
1750844712.9072285,-1642144
1750844712.9194937,7492645
1750844712.9277475,-1776008
1750844712.9399629,6497878
1750844712.948072,-1671085
1750844712.9563253,5230879
1750844712.969078,-1457593
1750844712.9773266,3895127
1750844712.9893212,-1215386
1750844712.9975739,2768361
1750844713.0095913,-1011206
1750844713.0181017,1825742
1750844713.0263634,-744435
1750844713.0346143,722038
1750844713.0421178,2112827
1750844713.0551126,-6997888
1750844713.063362,4111744
1750844713.075364,-7463329
1750844713.0835042,4143474
1750844713.0951731,-7896023
1750844713.1041796,4307041
1750844713.1114492,-8278237
1750844713.1237187,4427826
1750844713.1327178,-8388608
1750844713.1447225,4482397
1750844713.1529737,-8388608
1750844713.1612191,4532952
1750844713.173221,-8388608
1750844713.1814733,4620483
1750844713.1934688,-8388608
1750844713.20172,4928258
1750844713.2144804,-7456956
1750844713.223014,5561568
1750844713.2308545,-6412688
1750844713.2430089,6281596
1750844713.2512548,-5453016
1750844713.2598872,6922562
1750844713.2718885,-4917472
1750844713.279839,7528007
1750844713.2926126,-4228865
1750844713.3001044,7932579
1750844713.3126183,-3329584
1750844713.321138,8274172
1750844713.3293889,-2326339
1750844713.341386,8388607
1750844713.3496356,-1278960
1750844713.3616335,8388607
1750844713.3698843,-352470
1750844713.378142,8388607
1750844713.3901377,-1735276
1750844713.3983855,6893314
1750844713.4111547,-1704662
1750844713.4189067,5821105
1750844713.42717,-1561651
1750844713.439654,4377597
1750844713.4479005,-1316172
1750844713.4555144,3168869
1750844713.4682586,-1111163
1750844713.476514,2159747
1750844713.48836,-826420
1750844713.4966109,1122282
1750844713.5052047,1836585
1750844713.5169547,-3951517
1750844713.5252354,4199989
1750844713.5337021,-4648008
1750844713.5457032,4325267
1750844713.5539675,-5440558
1750844713.5667145,4350741
1750844713.574951,-6214747
1750844713.5832016,4224685
1750844713.5952003,-6883001
1750844713.6034524,4130670
1750844713.6154635,-7385497
1750844713.6239824,4102089
1750844713.6359818,-7789097
1750844713.6442335,4279658
1750844713.652486,-8162108
1750844713.6652336,4378161
1750844713.6734827,-8388608
1750844713.6854827,4491542
1750844713.6937332,-8388608
1750844713.7019887,4497707
1750844713.7139904,-8388608
1750844713.7225125,4590549
1750844713.734512,-8388608
1750844713.7427614,4834761
1750844713.7547677,-7780532
1750844713.7630122,5433080
1750844713.7712736,-6706848
1750844713.7832656,6083673
1750844713.7915142,-5705575
1750844713.799765,6727046
1750844713.8119547,-5065902
1750844713.8204358,7346020
1750844713.832436,-4395542
1750844713.8408427,7813177
1750844713.852867,-3612919
1750844713.8611171,8149079
1750844713.8701167,-2596787
1750844713.882113,8388607
1750844713.8903604,-1569103
1750844713.9018593,8388607
1750844713.9101152,-529119
1750844713.918364,8388607
1750844713.931138,-1737930
1750844713.9393897,7178971
1750844713.951396,-1750021
1750844713.9596453,6061733
1750844713.9678948,-1609136
1750844713.9801633,4746112
1750844713.988404,-1361112
1750844713.9966538,3518138
1750844714.0086632,-1176246
1750844714.017666,2435389
1750844714.0291965,-904176
1750844714.037448,1477583
1750844714.0457,1655720
1750844714.058454,-3713641
1750844714.0667017,4151001
1750844714.074213,-4485721
1750844714.0869615,4327556
1750844714.09521,-5221350
1750844714.1072164,4382253
1750844714.11547,-6058238
1750844714.1239874,4256648
1750844714.1359882,-6703811
1750844714.1442378,4155132
1750844714.1562428,-7275278
1750844714.16492,4106627
1750844714.1769226,-7711005
1750844714.1851723,4238414
1750844714.1934206,-8036422
1750844714.2054439,4368727
1750844714.2136889,-8388608
1750844714.2257252,4494628
1750844714.233972,-8388608
1750844714.242222,4528022
1750844714.2549708,-8388608
1750844714.2632225,4597288
1750844714.2752218,-8388608
1750844714.2834723,4779857
1750844714.2954876,-8037678
1750844714.3038518,5298456
1750844714.3121219,-6927468
1750844714.3243964,5952482
1750844714.3326411,-5956740
1750844714.3408916,6599353
1750844714.3528929,-5185220
1750844714.3611429,7256835
1750844714.3731403,-4609264
1750844714.3813894,7759918
1750844714.3941488,-3817634
1750844714.4023902,8087516
1750844714.4106524,-2845745
1750844714.422205,8388607
1750844714.4304547,-1718751
1750844714.443282,8388607
1750844714.4512396,-770619
1750844714.459483,8388607
1750844714.4718544,-1635562
1750844714.4802232,7377599
1750844714.4919171,-1733434
1750844714.5009184,6351339
1750844714.5091803,-1591203
1750844714.520693,4999114
1750844714.5297043,-1405364
1750844714.5379546,3729323
1750844714.5499573,-1217123
1750844714.5574553,2628297
1750844714.5702057,-911590
1750844714.5784574,1637776
1750844714.586085,1525674
1750844714.598835,-3540024
1750844714.6071684,4110792
1750844714.6146798,-4305450
1750844714.6275067,4324059
1750844714.6353831,-4987047
1750844714.6476595,4410448
1750844714.6563845,-5881521
1750844714.6642027,4312699
1750844714.676203,-6570369
1750844714.6844518,4176399
1750844714.697199,-7166141
1750844714.7047012,4110070
1750844714.717467,-7605440
1750844714.726095,4219193
1750844714.734345,-7966331
1750844714.7459574,4354952
1750844714.754197,-8388608
1750844714.7661886,4469494
1750844714.7751918,-8388608
1750844714.7834373,4509473
1750844714.795437,-8388608
1750844714.803689,4567214
1750844714.8157022,-8388608
1750844714.82398,4722327
1750844714.8359814,-8184705
1750844714.8444002,5164925
1750844714.8528755,-7103964
1750844714.8646662,5820863
1750844714.8736627,-6103820
1750844714.8811653,6493423
1750844714.8932877,-5256205
1750844714.901741,7144641
1750844714.9138205,-4717583
1750844714.922837,7726100
1750844714.9348385,-3927682
1750844714.94309,8070610
1750844714.951341,-2992260
1750844714.9633446,8385252
1750844714.9715898,-1890527
1750844714.983595,8388607
1750844714.9918478,-802342
1750844715.0000913,8388607
1750844715.0121014,-1630667
1750844715.0203536,7548175
1750844715.0326476,-1734109
1750844715.0408852,6541502
1750844715.049131,-1643587
1750844715.061134,5239182
1750844715.0701332,-1448785
1750844715.0783803,3974997
1750844715.09113,-1187870
1750844715.0986295,2820609
1750844715.1106415,-1013806
1750844715.118901,1772187
1750844715.1274195,-721411
1750844715.1356964,746410
1750844715.1476622,2133202
1750844715.1559129,-7043359
1750844715.1679158,4127704
1750844715.1761732,-7482702
1750844715.1844137,4162106
1750844715.196416,-7877307
1750844715.2046673,4335045
1750844715.21743,-8274488
1750844715.225225,4444896
1750844715.237202,-8388608
1750844715.245454,4489652
1750844715.253705,-8388608
1750844715.2664535,4535604
1750844715.2747028,-8388608
1750844715.2829516,4624724
1750844715.2949536,-8388608
1750844715.3032057,5002861
1750844715.3152142,-7383416
1750844715.3237288,5611413
1750844715.335726,-6353856
1750844715.343976,6289382
1750844715.352232,-5418647
1750844715.3642344,6960753
1750844715.3732514,-4860620
1750844715.3852444,7536618
1750844715.3934789,-4148266
1750844715.4011123,7956090
1750844715.4139173,-3301758
1750844715.4217064,8298596
1750844715.4345171,-2231374
1750844715.442762,8388607
1750844715.4544704,-1144654
1750844715.4627755,8388607
1750844715.4710302,-330524
1750844715.4792795,8388607
1750844715.4919772,-1768034
1750844715.5002465,6799242
1750844715.51232,-1674743
1750844715.5205998,5525152
1750844715.5328457,-1512526
1750844715.5410366,4124000
1750844715.5493338,-1233256
1750844715.56134,3001894
1750844715.569584,-1084123
1750844715.5815938,1971042
1750844715.5897417,-814470
1750844715.5980923,933927
1750844715.6062877,2012527
1750844715.6184008,-6911309
1750844715.6270268,4141489
1750844715.635272,-7404699
1750844715.647281,4127296
1750844715.6555285,-7821352
1750844715.6675153,4282897
1750844715.6757245,-8181372
1750844715.6839814,4393974
1750844715.696713,-8388608
1750844715.7049904,4481098
1750844715.7171016,-8388608
1750844715.7249138,4504006
1750844715.7369235,-8388608
1750844715.7459197,4585545
1750844715.7541294,-8388608
1750844715.7661283,4918445
1750844715.7743826,-7633452
1750844715.78638,5507027
1750844715.794646,-6545060
1750844715.8030276,6178330
1750844715.8152418,-5552399
1750844715.8241744,6848328
1750844715.835423,-5021473
1750844715.843679,7483207
1750844715.8560994,-4319460
1750844715.8643496,7904656
1750844715.872597,-3434671
1750844715.8846025,8207075
1750844715.892849,-2413615
1750844715.9010992,8388607
1750844715.9132702,-1322326
1750844715.9215124,8388607
1750844715.9335327,-463537
1750844715.9423537,8388607
1750844715.9498527,-1743079
1750844715.962605,7028022
1750844715.9708514,-1713973
1750844715.982851,5831246
1750844715.9910994,-1588410
1750844715.999367,4478419
1750844716.0115886,-1327920
1750844716.0198026,3304092
1750844716.0319238,-1159993
1750844716.0401335,2247484
1750844716.0484214,-881187
1750844716.0611475,1269432
1750844716.0693784,1765183
1750844716.0776849,-3822956
1750844716.0895913,4197769
1750844716.0978327,-4604718
1750844716.106088,4337209
1750844716.1180682,-5361708
1750844716.1268463,4372273
1750844716.1388123,-6203895
1750844716.1474493,4223114
1750844716.1592126,-6863967
1750844716.1675234,4129721
1750844716.1757631,-7348945
1750844716.1880968,4092865
1750844716.1962986,-7766446
1750844716.2077246,4259605
1750844716.2164433,-8137462
1750844716.2247264,4373601
1750844716.2367256,-8388608
1750844716.2449782,4466028
1750844716.2577271,-8388608
1750844716.2659771,4485643
1750844716.2779756,-8388608
1750844716.2862256,4579167
1750844716.2944758,-8388608
1750844716.3064833,4817511
1750844716.3147426,-7824656
1750844716.3270266,5394100
1750844716.3352807,-6706848
1750844716.3435261,6015940
1750844716.3555577,-5703851
1750844716.3638306,6734423
1750844716.376588,-5081458
1750844716.3848267,7391870
1750844716.3968296,-4488438
1750844716.405079,7853298
1750844716.4132893,-3644467
1750844716.4255655,8167734
1750844716.433814,-2634041
1750844716.4420645,8388607
1750844716.4540641,-1590863
1750844716.462314,8388607
1750844716.4743161,-552118
1750844716.4825635,8388607
1750844716.490815,-1697528
1750844716.5035634,7249552
1750844716.5118203,-1691182
1750844716.5233285,6149547
1750844716.5315878,-1565022
1750844716.5405896,4804433
1750844716.5525885,-1331308
1750844716.5608442,3528429
1750844716.5728414,-1138972
1750844716.5810902,2499038
1750844716.5893407,-882831
1750844716.6013381,1504757
1750844716.6096094,1657678
1750844716.617849,-3650472
1750844716.6301203,4187099
1750844716.6383688,-4410943
1750844716.6466198,4373765
1750844716.6586297,-5152708
1750844716.6668704,4437735
1750844716.6796196,-5952871
1750844716.6878698,4321781
1750844716.6998703,-6665330
1750844716.708125,4208087
1750844716.7163827,-7191129
1750844716.728661,4156256
1750844716.7369103,-7643588
1750844716.7489097,4307920
1750844716.757161,-7979681
1750844716.7654095,4415643
1750844716.777453,-8388608
1750844716.7856731,4539322
1750844716.7976649,-8388608
1750844716.806666,4560565
1750844716.8186846,-8388608
1750844716.8264673,4629119
1750844716.8354738,-8388608
1750844716.847452,4802063
1750844716.855695,-8073454
1750844716.8676922,5281032
1750844716.8759437,-7015716
1750844716.884192,5934276
1750844716.8963068,-5956740
1750844716.9045575,6575433
1750844716.9165661,-5175442
1750844716.9250927,7241570
1750844716.9370904,-4615294
1750844716.9453392,7749924
1750844716.953592,-3878872
1750844716.966341,8142111
1750844716.9745927,-2912327
1750844716.9820888,8388607
1750844716.99488,-1770595
1750844717.0031464,8388607
1750844717.0152178,-705304
1750844717.0236757,8388607
1750844717.0319932,-1616750
1750844717.0439723,7503749
1750844717.0523899,-1708363
1750844717.0642798,6467993
1750844717.0724998,-1603826
1750844717.080807,5150813
1750844717.0934863,-1406462
1750844717.1010485,3821977
1750844717.11312,-1223877
1750844717.1213694,2727582
1750844717.1299403,-951147
1750844717.1418972,1717191
1750844717.1501448,1467364
1750844717.1583488,-3474985
1750844717.1703959,4064066
1750844717.1793506,-4298444
1750844717.1876945,4305482
1750844717.1996467,-4998760
1750844717.207893,4363519
1750844717.2199419,-5822602
1750844717.227817,4293236
1750844717.240579,-6566626
1750844717.248816,4143827
1750844717.257078,-7150000
1750844717.2690637,4066493
1750844717.2772717,-7611528
1750844717.2894447,4152134
1750844717.298327,-7940559
1750844717.3057802,4304915
1750844717.3185868,-8388608
1750844717.3264391,4424188
1750844717.3391576,-8388608
1750844717.3466969,4458883
1750844717.3594444,-8388608
1750844717.367705,4504172
1750844717.3759391,-8388608
1750844717.3879,4645504
1750844717.396149,-8276121
1750844717.4081502,5044934
1750844717.4164069,-7192212
1750844717.4249225,5751517
1750844717.4369245,-6177360
1750844717.4452279,6412542
1750844717.4572096,-5301770
1750844717.465479,7080062
1750844717.4782274,-4786430
1750844717.4864297,7644283
1750844717.4947224,-4001981
1750844717.506679,8028103
1750844717.5150743,-3054901
1750844717.5231936,8350068
1750844717.5354817,-2002222
1750844717.5437288,8388607
1750844717.5557373,-943565
1750844717.5640206,8388607
1750844717.5722332,-1652091
1750844717.5842683,7523948
1750844717.592524,-1764454
1750844717.6044803,6539846
1750844717.613606,-1638367
1750844717.621105,5258551
1750844717.634063,-1473152
1750844717.6423132,3904648
1750844717.6543171,-1193319
1750844717.6625674,2773902
1750844717.6708157,-984764
1750844717.682813,1772787
1750844717.6905556,1421890
1750844717.6988275,-3369336
1750844717.7115858,4032369
1750844717.719841,-4229758
1750844717.7276382,4274701
1750844717.7398267,-4922644
1750844717.7484658,4350831
1750844717.7604682,-5796757
1750844717.768714,4284848
1750844717.7807133,-6504016
1750844717.7889612,4124116
1750844717.797216,-7120815
1750844717.80998,4051303
1750844717.8182285,-7594587
1750844717.8302433,4134426
1750844717.8384936,-7945139
1750844717.8465624,4301398
1750844717.8589222,-8388554
1750844717.866432,4416622
1750844717.8787022,-8388608
1750844717.8880181,4441913
1750844717.8994508,-8388608
1750844717.907713,4500227
1750844717.9159749,-8388608
1750844717.9282403,4621682
1750844717.936622,-8286918
1750844717.9486022,5055303
1750844717.956853,-7206920
1750844717.9651072,5735038
1750844717.9780717,-6177360
1750844717.9855695,6413467
1750844717.998331,-5320900
1750844718.0062132,7041445
1750844718.0186124,-4773348
1750844718.026887,7662258
1750844718.0351324,-3976244
1750844718.0474644,8011124
1750844718.0558264,-3041930
1750844718.0641348,8347099
1750844718.0760126,-2047790
1750844718.0842454,8388607
1750844718.0957181,-984070
1750844718.1044352,8388607
1750844718.1124694,-1583296
1750844718.1242015,7593938
1750844718.133223,-1762574
1750844718.1448324,6618443
1750844718.15413,-1673990
1750844718.1614747,5397398
1750844718.1744566,-1480440
1750844718.1826985,3940469
1750844718.1945453,-1250651
1750844718.2028263,2864777
1750844718.2153168,-1031633
1750844718.2231226,1819116
1750844718.2316782,-739628
1750844718.239927,805114
1750844718.2481701,2108278
1750844718.2601774,-7032517
1750844718.2684274,4096843
1750844718.2804275,-7467488
1750844718.2894263,4119393
1750844718.301429,-7906555
1750844718.3093176,4290167
1750844718.3175774,-8300485
1750844718.3296077,4413210
1750844718.3378625,-8388608
1750844718.349863,4452275
1750844718.3588617,-8388608
1750844718.3671062,4480906
1750844718.3791096,-8388608
1750844718.3873553,4573017
1750844718.3993561,-8388608
1750844718.4083712,4893344
1750844718.4196298,-7471664
1750844718.428178,5561761
1750844718.4364285,-6427396
1750844718.4484253,6246906
1750844718.4574416,-5454057
1750844718.4649255,6906051
1750844718.476925,-4849659
1750844718.4851754,7524511
1750844718.497927,-4203791
1750844718.5061877,7898781
1750844718.5182002,-3298183
1750844718.5267408,8259106
1750844718.5349796,-2246369
1750844718.5469842,8388607
1750844718.5558155,-1190408
1750844718.567056,8388607
1750844718.576061,-304890
1750844718.583555,8388607
1750844718.5963075,-1749682
1750844718.6045623,6952214
1750844718.612828,-1682768
1750844718.6248524,5726678
1750844718.6331453,-1516557
1750844718.645147,4375403
1750844718.6533985,-1256742
1750844718.6616504,3192082
1750844718.6744058,-1108596
1750844718.6819,2139008
1750844718.6946523,-792997
1750844718.702899,1119659
1750844718.7111447,1939768
1750844718.7233393,-4005535
1750844718.731162,4243585
1750844718.7394118,-4648045
1750844718.751418,4375695
1750844718.7596598,-5523841
1750844718.7720225,4372119
1750844718.7803724,-6249234
1750844718.7886176,4245599
1750844718.8006089,-6919747
1750844718.808859,4134504
1750844718.8212461,-7398406
1750844718.8298135,4151639
1750844718.8418097,-7845284
1750844718.850058,4308489
1750844718.8583186,-8214183
1750844718.8703098,4431843
1750844718.878558,-8388608
1750844718.891318,4486684
1750844718.8992996,-8388608
1750844718.9075482,4500740
1750844718.9195719,-8388608
1750844718.927875,4595533
1750844718.939866,-8388608
1750844718.9481163,4913929
1750844718.96087,-7589328
1750844718.9683733,5569677
1750844718.9766152,-6500936
1750844718.9893656,6216998
1750844718.9976244,-5510018
1750844719.0058699,6866244
1750844719.018135,-4969120
1750844719.0263834,7509700
1750844719.0389237,-4273368
1750844719.0464256,7921601
1750844719.0591867,-3465584
1750844719.0674353,8250543
1750844719.0753088,-2433092
1750844719.0873086,8388607
1750844719.0955577,-1338720
1750844719.1083062,8388607
1750844719.1165695,-430952
1750844719.1248236,8388607
1750844719.1371047,-1718498
1750844719.1453512,6968547
1750844719.1536007,-1664704
1750844719.1656802,5796098
1750844719.1731822,-1516305
1750844719.1859338,4400184
1750844719.1941755,-1267642
1750844719.2024257,3260685
1750844719.2144415,-1110706
1750844719.2227046,2180245
1750844719.234592,-829429
1750844719.2428849,1150384
1750844719.251186,1902726
1750844719.2639372,-3965235
1750844719.2722101,4217745
1750844719.2805333,-4653083
1750844719.2924416,4378843
1750844719.3006928,-5465514
1750844719.3124807,4369182
1750844719.3209665,-6266120
1750844719.3289468,4247851
1750844719.341584,-6921343
1750844719.3495464,4137090
1750844719.3623383,-7408084
1750844719.36971,4119191
1750844719.382822,-7835470
1750844719.391087,4288478
1750844719.3993409,-8215648
1750844719.4113405,4391588
1750844719.4195952,-8388608
1750844719.4318912,4460491
1750844719.4401438,-8388608
1750844719.4483907,4489113
1750844719.4603875,-8388608
1750844719.4686403,4585546
1750844719.4806423,-8388608
1750844719.488892,4897869
1750844719.500899,-7589328
1750844719.5099123,5513667
1750844719.5181596,-6500936
1750844719.5304556,6191867
1750844719.5386972,-5552451
1750844719.5469527,6841256
1750844719.558952,-4964075
1750844719.5672019,7492649
1750844719.5791972,-4255626
1750844719.58745,7913947
1750844719.599448,-3349102
1750844719.6076987,8213463
1750844719.6159706,-2420701
1750844719.6284218,8388607
1750844719.636673,-1333257
1750844719.6486726,8388607
1750844719.656923,-418332
1750844719.665176,8388607
1750844719.677181,-1749811
1750844719.6854663,6892952
1750844719.6937141,-1669830
1750844719.7065,5731030
1750844719.7140439,-1514488
1750844719.726741,4336536
1750844719.7348382,-1232442
1750844719.743089,3140839
1750844719.7550418,-1064765
1750844719.7632952,2076497
1750844719.7760499,-803093
1750844719.7843,1045595
1750844719.7925494,1936787
1750844719.8045573,-4024093
1750844719.8128488,4218410
1750844719.8210886,-4754449
1750844719.8326344,4358344
1750844719.841636,-5572943
1750844719.853633,4343974
1750844719.8618772,-6344230
1750844719.8702147,4206578
1750844719.8822305,-6998499
1750844719.8904793,4094258
1750844719.9027684,-7463939
1750844719.911196,4097651
1750844719.923957,-7868728
1750844719.931499,4268662
1750844719.939744,-8274297
1750844719.9517398,4378409
1750844719.9599972,-8388608
1750844719.971991,4461391
1750844719.9802525,-8388608
1750844719.9884918,4462976
1750844720.0013378,-8388608
1750844720.008802,4573386
1750844720.0215564,-8388608
1750844720.0296164,4914287
1750844720.0420454,-7486372
1750844720.0502863,5543632
1750844720.0585382,-6412688
1750844720.070546,6198154
1750844720.0787928,-5453837
1750844720.087051,6880734
1750844720.0995677,-4874824
1750844720.1078167,7497926
1750844720.1198878,-4181386
1750844720.128137,7899120
1750844720.1404138,-3355445
1750844720.14866,8245343
1750844720.1569111,-2282605
1750844720.1689126,8388607
1750844720.1776683,-1143769
1750844720.1896596,8388607
1750844720.1973505,-316105
1750844720.2057297,8388607
1750844720.2177026,-1777229
1750844720.2257836,6796275
1750844720.234216,-1717969
1750844720.2469451,5549016
1750844720.2549531,-1540316
1750844720.2669559,4191012
1750844720.2759147,-1292947
1750844720.2833157,3051822
1750844720.296059,-1072332
1750844720.3039758,2008206
1750844720.316525,-822803
1750844720.3248904,945910
1750844720.3324964,1950075
1750844720.3410068,-6971241
1750844720.3534915,4100149
1750844720.360864,-7413735
1750844720.3691194,4079144
1750844720.3817325,-7876143
1750844720.390308,4244076
1750844720.4023001,-8214835
1750844720.4105585,4360109
1750844720.4225938,-8388608
1750844720.4309564,4429595
1750844720.4399421,-8388608
1750844720.4519498,4487633
1750844720.460068,-8388608
1750844720.4717553,4569266
1750844720.4802036,-8388608
1750844720.488947,4927593
1750844720.500943,-7559912
1750844720.5087543,5504480
1750844720.5214388,-6486228
1750844720.5289292,6208339
1750844720.5417054,-5482507
1750844720.549399,6875578
1750844720.5577314,-4959627
1750844720.570222,7473557
1750844720.5786226,-4225093
1750844720.5910296,7863650
1750844720.598318,-3377614
1750844720.6068778,8230242
1750844720.619539,-2333449
1750844720.6278386,8388607
1750844720.6392336,-1303484
1750844720.647649,8388607
1750844720.6560714,-339159
1750844720.6684163,8388607
1750844720.6762068,-1763302
1750844720.6846225,6865672
1750844720.696914,-1715711
1750844720.7061698,5652205
1750844720.7174313,-1580059
1750844720.7259886,4271816
1750844720.7382824,-1314519
1750844720.7465367,3104526
1750844720.7547765,-1100803
1750844720.7667813,2070399
1750844720.775025,-872536
1750844720.7828536,1027655
1750844720.7955856,1947923
1750844720.8038342,-4028101
1750844720.8120818,4220493
1750844720.824846,-4768884
1750844720.8322148,4346121
1750844720.844667,-5623285
1750844720.8529255,4348258
1750844720.8649602,-6347754
1750844720.8737392,4168203
1750844720.881234,-7015364
1750844720.893991,4077236
1750844720.902238,-7491463
1750844720.9104905,4111098
1750844720.9225018,-7896723
1750844720.931008,4288791
1750844720.9433432,-8304848
1750844720.9505446,4404739
1750844720.9631116,-8388608
1750844720.9719222,4467869
1750844720.9801733,-8388608
1750844720.991728,4508020
1750844721.0000632,-8388608
1750844721.012623,4617584
1750844721.020976,-8388608
1750844721.0283427,4971315
1750844721.040766,-7383416
1750844721.0491955,5645050
1750844721.0613527,-6309732
1750844721.0695956,6255621
1750844721.0821772,-5387896
1750844721.0904992,6994375
1750844721.0988667,-4833948
1750844721.1102774,7550761
1750844721.1192806,-4104109
1750844721.1311827,7947295
1750844721.139434,-3168892
1750844721.1480045,8293638
1750844721.1600354,-2125374
1750844721.1685107,8388607
1750844721.17969,-1022240
1750844721.1887856,8388607
1750844721.1972485,-246140
1750844721.2087228,8388607
1750844721.2170703,-1750701
1750844721.225451,6752642
1750844721.2381263,-1665587
1750844721.2465577,5499587
1750844721.2584734,-1485653
1750844721.2666426,4142428
1750844721.2786472,-1220041
1750844721.2868547,2964054
1750844721.2951274,-1014704
1750844721.3075926,1934304
1750844721.315459,-751983
1750844721.3245215,871635
1750844721.3321295,2064155
1750844721.3441815,-6976885
1750844721.352445,4164460
1750844721.3648183,-7449460
1750844721.3734045,4173347
1750844721.3808906,-7871708
1750844721.393552,4347387
1750844721.4020107,-8227996
1750844721.4140184,4463626
1750844721.421863,-8388608
1750844721.4301136,4497231
1750844721.4431596,-8388608
1750844721.4506588,4566043
1750844721.463405,-8388608
1750844721.4715228,4673858
1750844721.4837334,-8388608
1750844721.4921758,5018668
1750844721.5003288,-7383416
1750844721.5123434,5634439
1750844721.520586,-6353856
1750844721.532686,6330275
1750844721.5409453,-5399187
1750844721.548717,6995733
1750844721.5608704,-4853769
1750844721.5690656,7582557
1750844721.581467,-4067597
1750844721.5897317,7975817
1750844721.602262,-3233577
1750844721.6106043,8296639
1750844721.618895,-2091427
1750844721.6306665,8388607
1750844721.6397002,-1088518
1750844721.647287,8388607
1750844721.6601644,-308609
1750844721.6678085,8388607
1750844721.6803844,-1719376
1750844721.6885817,6746872
1750844721.6962576,-1686805
1750844721.7091253,5558444
1750844721.71665,-1504281
1750844721.726021,4135803
1750844721.7378154,-1241654
1750844721.7460608,3021593
1750844721.7578337,-1093988
1750844721.7660766,1972932
1750844721.7746897,-810213
1750844721.7830293,955499
1750844721.79426,2080203
1750844721.8036928,-6937106
1750844721.8150556,4180049
1750844721.8235862,-7449645
1750844721.8310938,4162927
1750844721.8441572,-7822745
1750844721.8524034,4354783
1750844721.8643305,-8218861
1750844721.8727465,4445112
1750844721.8852186,-8388608
1750844721.8937047,4513738
1750844721.9012253,-8388608
1750844721.913238,4544439
1750844721.9220161,-8388608
1750844721.933958,4620063
1750844721.942879,-8388608
1750844721.9503772,4966816
1750844721.962405,-7427540
1750844721.9706614,5603568
1750844721.9834378,-6383272
1750844721.99148,6243196
1750844722.0033915,-5436034
1750844722.0119357,6946600
1750844722.020435,-4846663
1750844722.032523,7553117
1750844722.0408273,-4107104
1750844722.0491805,7960442
1750844722.0612936,-3197972
1750844722.0695481,8295608
1750844722.0818388,-2139901
1750844722.0900948,8388607
1750844722.101495,-1063366
1750844722.1104026,8388607
1750844722.1181335,-308182
1750844722.127039,8388607
1750844722.1390603,-1753981
1750844722.1473076,6837788
1750844722.159327,-1677160
1750844722.1675558,5580471
1750844722.1799662,-1526073
1750844722.1877584,4212695
1750844722.1961265,-1258181
1750844722.2089052,3091785
1750844722.2171493,-1093636
1750844722.2291765,2037606
1750844722.2374818,-786775
1750844722.2457292,988079
1750844722.2535973,2056651
1750844722.2655935,-6911471
1750844722.2738454,4148151
1750844722.2865994,-7430140
1750844722.2943416,4137680
1750844722.3026457,-7828760
1750844722.3150911,4311356
1750844722.3239615,-8209189
1750844722.3313153,4394750
1750844722.3434286,-8388608
1750844722.3524706,4474884
1750844722.364471,-8388608
1750844722.372715,4543572
1750844722.384717,-8388608
1750844722.3929865,4610772
1750844722.4012177,-8388608
1750844722.4132335,4949699
1750844722.421479,-7471664
1750844722.433964,5554123
1750844722.4427567,-6397980
1750844722.4502423,6249584
1750844722.4626462,-5425585
1750844722.4705145,6920054
1750844722.483265,-4873907
1750844722.4915128,7522327
1750844722.503535,-4165503
1750844722.5117974,7922187
1750844722.5200646,-3285371
1750844722.5324175,8229019
1750844722.5408907,-2259316
1750844722.552577,8388607
1750844722.5604038,-1188368
1750844722.5695493,8388607
1750844722.581225,-333402
1750844722.589813,8388607
1750844722.5976167,-1813805
1750844722.6101294,6773131
1750844722.618478,-1742324
1750844722.6303194,5599634
1750844722.6390412,-1560332
1750844722.6467671,4179584
1750844722.6589599,-1296856
1750844722.6672108,3015020
1750844722.6792085,-1153250
1750844722.6881175,2000353
1750844722.6959774,-843574
1750844722.7047174,954233
1750844722.7161672,2019203
1750844722.7248058,-6948245
1750844722.7324474,4083359
1750844722.744902,-7457798
1750844722.7531505,4097564
1750844722.7654855,-7859126
1750844722.7745743,4272781
1750844722.7860587,-8267948
1750844722.7943976,4389959
1750844722.8025842,-8388608
1750844722.8142784,4433646
1750844722.8236768,-8388608
1750844722.835673,4445064
1750844722.8438091,-8388608
1750844722.852131,4559846
1750844722.8638437,-8388608
1750844722.8720858,4918248
1750844722.884721,-7456956
1750844722.8925898,5526981
1750844722.9047456,-6383272
1750844722.9136543,6193411
1750844722.9213214,-5418928
1750844722.9335816,6827254
1750844722.9418483,-4891291
1750844722.9539557,7458973
1750844722.9622066,-4180919
1750844722.9704554,7883679
1750844722.9824543,-3307408
1750844722.990705,8205795
1750844723.0029724,-2254270
1750844723.0112205,8388607
1750844723.0232382,-1212806
1750844723.0314884,8388607
1750844723.040528,-355065
1750844723.0480266,8388607
1750844723.0607762,-1827374
1750844723.0690315,6805077
1750844723.0810244,-1725763
1750844723.089273,5680582
1750844723.1012852,-1553339
1750844723.1095214,4258157
1750844723.1177697,-1274810
1750844723.1298816,3123860
1750844723.138405,-1127194
1750844723.1466534,2019111
1750844723.158652,-810993
1750844723.1669023,1046268
1750844723.1751516,1987711
1750844723.1879022,-4077351
1750844723.1954024,4262626
1750844723.2081673,-4759995
1750844723.2164037,4367677
1750844723.2284255,-5597293
1750844723.2369561,4327481
1750844723.245202,-6349933
1750844723.2572062,4210657
1750844723.2654517,-6985139
1750844723.2737126,4135434
1750844723.285704,-7479690
1750844723.2939522,4139651
1750844723.3067021,-7871095
1750844723.3142126,4311914
1750844723.3269906,-8280384
1750844723.3347683,4414178
1750844723.343088,-8388608
1750844723.3558393,4449405
1750844723.3640873,-8388608
1750844723.3760872,4558682
1750844723.3843288,-8388608
1750844723.3925853,4642461
1750844723.4045777,-8388608
1750844723.4128275,4989881
1750844723.425603,-7383416
1750844723.433124,5589742
1750844723.4453998,-6309732
1750844723.4536498,6277936
1750844723.461903,-5397857
1750844723.4738958,6965052
1750844723.4828975,-4800444
1750844723.494896,7574650
1750844723.5031478,-4084561
1750844723.5113974,7956000
1750844723.5234075,-3162381
1750844723.5316617,8239491
1750844723.5439641,-2165521
1750844723.5522573,8388607
1750844723.5642462,-1087944
1750844723.572543,8388607
1750844723.5807927,-291227
1750844723.5889933,8388607
1750844723.6010003,-1823799
1750844723.609202,6738945
1750844723.6220107,-1732531
1750844723.6302629,5524559
1750844723.6425796,-1529319
1750844723.6500852,4158700
1750844723.659042,-1237413
1750844723.6710353,3010173
1750844723.6793678,-1111953
1750844723.6875365,1969545
1750844723.6995351,-804907
1750844723.7077854,931495
1750844723.7160926,2081167
1750844723.7281542,-6950421
1750844723.7366834,4136039
1750844723.744982,-7433868
1750844723.7569678,4125837
1750844723.7651775,-7826337
1750844723.777227,4287761
1750844723.7854722,-8202421
1750844723.793726,4402999
1750844723.806484,-8388608
1750844723.8147178,4453985
1750844723.8267987,-8388608
1750844723.8345513,4493284
1750844723.8466685,-8388608
1750844723.8556752,4594923
1750844723.863927,-8388608
1750844723.8758194,4938665
1750844723.8840647,-7530496
1750844723.8923109,5531479
1750844723.9043143,-6427396
1750844723.9125638,6176969
1750844723.9245718,-5431716
1750844723.933572,6865684
1750844723.9450955,-4903393
1750844723.953373,7482125
1750844723.9653447,-4188611
1750844723.9743452,7913700
1750844723.9825974,-3321590
1750844723.9946475,8247116
1750844724.002858,-2282855
1750844724.010566,8388607
1750844724.023332,-1182225
1750844724.0315871,8388607
1750844724.0439389,-327612
1750844724.0522099,8388607
1750844724.060446,-1778870
1750844724.072451,6928947
1750844724.0806959,-1724063
1750844724.0889459,5713720
1750844724.1009002,-1536205
1750844724.1091957,4312291
1750844724.1212595,-1270019
1750844724.1294646,3194482
1750844724.141801,-1153811
1750844724.1500914,2091650
1750844724.1585977,-872748
1750844724.1705909,1071061
1750844724.1788442,1965034
1750844724.187093,-4022215
1750844724.1990962,4244656
1750844724.207391,-4726096
1750844724.215596,4380703
1750844724.2283573,-5540414
1750844724.2361426,4396124
1750844724.2481804,-6299541
1750844724.2564344,4243734
1750844724.2691429,-6950440
1750844724.277491,4149815
1750844724.285681,-7419235
1750844724.2977426,4141267
1750844724.305149,-7807025
1750844724.3176475,4301734
1750844724.3266647,-8201456
1750844724.3341637,4440479
1750844724.3469374,-8388608
1750844724.3551848,4504606
1750844724.367186,-8388608
1750844724.3754346,4561448
1750844724.3874357,-8388608
1750844724.3957438,4627726
1750844724.4039993,-8388608
1750844724.4159706,5013608
1750844724.424583,-7471664
1750844724.4328182,5606962
1750844724.445011,-6383272
1750844724.4532602,6257819
1750844724.465258,-5415978
1750844724.473511,6909896
1750844724.4855127,-4903164
1750844724.4945073,7479153
1750844724.5065148,-4168055
1750844724.5147622,7893150
1750844724.5230508,-3267218
1750844724.535043,8235215
1750844724.5436554,-2239079
1750844724.551895,8388607
1750844724.5639186,-1135004
1750844724.5726788,8388607
1750844724.584215,-362295
1750844724.5927718,8388607
1750844724.601053,-1837124
1750844724.6130447,6822496
1750844724.6213083,-1748814
1750844724.6295588,5611701
1750844724.6419165,-1587338
1750844724.650166,4222254
1750844724.6621711,-1351476
1750844724.6704204,3105846
1750844724.6826794,-1173425
1750844724.6909294,2045323
1750844724.6984286,-861404
1750844724.711186,1035674
1750844724.7194903,2021467
1750844724.727777,-4066546
1750844724.7401597,4232811
1750844724.7484002,-4794025
1750844724.7566473,4348301
1750844724.7686498,-5656617
1750844724.776899,4319178
1750844724.7889018,-6383284
1750844724.7971501,4199403
1750844724.8091505,-7066256
1750844724.818157,4104086
1750844724.82594,-7514564
1750844724.8382432,4143244
1750844724.846492,-7899141
1750844724.858488,4280643
1750844724.8667397,-8293142
1750844724.874989,4381823
1750844724.88774,-8388608
1750844724.895988,4441461
1750844724.9079895,-8388608
1750844724.9162452,4517450
1750844724.928253,-8388608
1750844724.936771,4608358
1750844724.9451003,-8388608
1750844724.9571078,4948775
1750844724.965353,-7368708
1750844724.9733346,5575207
1750844724.9853382,-6309732
1750844724.9935882,6203092
1750844725.0063336,-5383605
1750844725.0146894,6901679
1750844725.0266943,-4836214
1750844725.0349097,7502090
1750844725.0469718,-4151300
1750844725.0551841,7907477
1750844725.0635324,-3188606
1750844725.0755317,8233067
1750844725.0836904,-2192282
1750844725.0920682,8388607
1750844725.1047273,-1169338
1750844725.112982,8388607
1750844725.1249523,-330097
1750844725.1332142,8388607
1750844725.1411347,-1795282
1750844725.153829,6740802
1750844725.1620862,-1744003
1750844725.170349,5448848
1750844725.182337,-1559295
1750844725.1905897,4167713
1750844725.2025855,-1284732
1750844725.2108343,3012931
1750844725.222857,-1156427
1750844725.2311034,2013089
1750844725.2397678,-828268
1750844725.2479799,978636
1750844725.2599711,2000329
1750844725.2682302,-6930834
1750844725.2765708,4142934
1750844725.2893043,-7436663
1750844725.296819,4132276
1750844725.3094468,-7821794
1750844725.3176994,4306167
1750844725.3297923,-8197094
1750844725.3383214,4402472
1750844725.345772,-8388608
1750844725.3585608,4480120
1750844725.3660657,-8388608
1750844725.3747187,4532962
1750844725.3874462,-8388608
1750844725.3951526,4619395
1750844725.4078465,-8388608
1750844725.4160993,4932242
1750844725.4281967,-7530496
1750844725.4364438,5549144
1750844725.444014,-6456812
1750844725.4567628,6192947
1750844725.4650633,-5471087
1750844725.47705,6860289
1750844725.486009,-4925450
1750844725.493677,7455922
1750844725.505648,-4256076
1750844725.5144796,7881558
1750844725.5261467,-3382434
1750844725.5338657,8216230
1750844725.5460527,-2397497
1750844725.555074,8388607
1750844725.5633824,-1238127
1750844725.5747948,8388607
1750844725.5832288,-424603
1750844725.5922132,8388607
1750844725.6035237,-1767111
1750844725.6128516,6956674
1750844725.624306,-1723787
1750844725.6324897,5778056
1750844725.640776,-1569418
1750844725.6530652,4384693
1750844725.6613147,-1302102
1750844725.6733174,3178014
1750844725.6815717,-1207100
1750844725.689925,2139271
1750844725.702189,-862849
1750844725.7104707,1142074
1750844725.718721,1880263
1750844725.7314773,-3987804
1750844725.7392697,4240750
1750844725.7516375,-4668507
1750844725.7599041,4377387
1750844725.7681513,-5494944
1750844725.7801473,4398582
1750844725.788398,-6240016
1750844725.801155,4272348
1750844725.8083208,-6932189
1750844725.8172188,4163153
1750844725.829591,-7393947
1750844725.837735,4144658
1750844725.849372,-7834152
1750844725.8576355,4318523
1750844725.8704402,-8153981
1750844725.8781257,4431510
1750844725.8863819,-8388608
1750844725.8991294,4498898
1750844725.9074528,-8388608
1750844725.9149516,4508782
1750844725.927713,-8388608
1750844725.9359593,4612185
1750844725.9479916,-8388608
1750844725.9562428,4893141
1750844725.9682395,-7574620
1750844725.9764898,5475357
1750844725.9847484,-6486228
1750844725.9974897,6138710
1750844726.0057414,-5517486
1750844726.0177448,6805081
1750844726.0260022,-4942283
1750844726.034253,7425555
1750844726.0465252,-4242579
1750844726.0547764,7866996
1750844726.0667772,-3428749
1750844726.0750268,8215153
1750844726.0870261,-2363710
1750844726.095278,8388607
1750844726.1036265,-1354661
1750844726.1158035,8388607
1750844726.1240401,-462969
1750844726.1323543,8388607
1750844726.144594,-1807182
1750844726.1535895,6950177
1750844726.1655931,-1740076
1750844726.1738393,5809719
1750844726.1813326,-1615884
1750844726.1940823,4503910
1750844726.202337,-1345156
1750844726.214352,3251951
1750844726.2225854,-1162451
1750844726.2308397,2212473
1750844726.242861,-902477
1750844726.2511106,1137994
1750844726.259361,1867529
1750844726.27213,-3897901
1750844726.2796304,4202155
1750844726.2923782,-4618704
1750844726.3006124,4373412
1750844726.308861,-5390471
1750844726.3208604,4380979
1750844726.3291192,-6200023
1750844726.341384,4226847
1750844726.349637,-6854488
1750844726.3578844,4173633
1750844726.3698845,-7333605
1750844726.3781352,4144832
1750844726.3901374,-7791977
1750844726.3991346,4292017
1750844726.4111407,-8130889
1750844726.4193962,4383398
1750844726.4268978,-8388608
1750844726.4399161,4474344
1750844726.4474285,-8388608
1750844726.456429,4526329
1750844726.4684358,-8388608
1750844726.476678,4643546
1750844726.4886937,-8388608
1750844726.4969423,4890290
1750844726.5089421,-7706992
1750844726.5171833,5464499
1750844726.5254748,-6603892
1750844726.5382092,6117126
1750844726.5459821,-5619490
1750844726.5579822,6810936
1750844726.5669851,-5033710
1750844726.5744834,7406527
1750844726.5865898,-4329615
1750844726.5955858,7842687
1750844726.607601,-3507530
1750844726.6158357,8204828
1750844726.6278946,-2483461
1750844726.6361232,8388607
1750844726.6446972,-1398924
1750844726.6565235,8388607
1750844726.6646204,-489137
1750844726.6734493,8388607
1750844726.6855185,-1775565
1750844726.6934614,6997166
1750844726.705712,-1737494
1750844726.714069,5845626
1750844726.7222667,-1616462
1750844726.734595,4487470
1750844726.7423453,-1329200
1750844726.7546775,3274022
1750844726.7626324,-1176412
1750844726.771632,2243916
1750844726.7830114,-909338
1750844726.79206,1269852
1750844726.8000617,1856705
1750844726.8121643,-3872844
1750844726.8206441,4217078
1750844726.8330407,-4556258
1750844726.841241,4375438
1750844726.8494654,-5361488
1750844726.8608596,4417834
1750844726.869128,-6163435
1750844726.8815198,4276838
1750844726.8898396,-6853128
1750844726.8980749,4177038
1750844726.910268,-7329934
1750844726.919268,4159774
1750844726.931276,-7756931
1750844726.9395251,4295718
1750844726.9516125,-8099807
1750844726.9598486,4411636
1750844726.9680707,-8388608
1750844726.9804237,4504533
1750844726.988664,-8388608
1750844726.9968452,4519214
1750844727.0092514,-8388608
1750844727.0174954,4611615
1750844727.0287592,-8388608
1750844727.0380461,4878908
1750844727.049942,-7648160
1750844727.0581977,5431803
1750844727.0664423,-6559768
1750844727.0784411,6155709
1750844727.0866911,-5551519
1750844727.098691,6782669
1750844727.1076982,-5011470
1750844727.11519,7431080
1750844727.1279473,-4302334
1750844727.1361973,7897022
1750844727.1484618,-3449110
1750844727.1567252,8208426
1750844727.1687107,-2443078
1750844727.1769612,8388607
1750844727.1852124,-1306384
1750844727.1972108,8388607
1750844727.205461,-438396
1750844727.2137108,8388607
1750844727.2257113,-1743642
1750844727.2339687,6987886
1750844727.246231,-1715210
1750844727.2544851,5867408
1750844727.2627313,-1534397
1750844727.2754815,4462584
1750844727.2837322,-1274860
1750844727.2957315,3225375
1750844727.3039868,-1106942
1750844727.3122325,2176908
1750844727.3242307,-847048
1750844727.3324974,1191781
1750844727.341002,1894052
1750844727.3524394,-3936092
1750844727.361299,4267098
1750844727.3732278,-4612249
1750844727.3814826,4402606
1750844727.3897462,-5351423
1750844727.4017367,4409813
1750844727.4107318,-6220225
1750844727.4226904,4256698
1750844727.4310539,-6866717
1750844727.439303,4195188
1750844727.4516969,-7365250
1750844727.459166,4164305
1750844727.4719245,-7788446
1750844727.4801815,4316416
1750844727.4921606,-8148509
1750844727.500425,4439300
1750844727.5086665,-8388608
1750844727.5206668,4522667
1750844727.5289836,-8388608
1750844727.5372138,4526588
1750844727.549586,-8388608
1750844727.5578306,4693277
1750844727.570535,-8388608
1750844727.578034,5010380
1750844727.5908334,-7633452
1750844727.5990324,5563152
1750844727.6073432,-6442104
1750844727.619335,6229980
1750844727.6276414,-5466229
1750844727.6391397,6895959
1750844727.6478217,-4923932
1750844727.6564546,7453336
1750844727.668386,-4237475
1750844727.6770191,7912122
1750844727.6890783,-3344305
1750844727.697341,8264130
1750844727.7086954,-2310820
1750844727.7173078,8388607
1750844727.7259288,-1205792
1750844727.7375383,8388607
1750844727.7460997,-375586
1750844727.7543411,8388607
1750844727.7670553,-1749999
1750844727.7745283,6876493
1750844727.7865803,-1694539
1750844727.795372,5681885
1750844727.80385,-1517732
1750844727.8156853,4255322
1750844727.8234324,-1233764
1750844727.8367002,2980713
1750844727.8442822,-1074849
1750844727.851862,2013202
1750844727.8650072,-813965
1750844727.873241,1050438
1750844727.8814898,1994402
1750844727.8935978,-4040322
1750844727.90184,4235044
1750844727.9145124,-4742071
1750844727.9220414,4348834
1750844727.930579,-5576247
1750844727.9423096,4336091
1750844727.950944,-6346030
1750844727.9630256,4202672
1750844727.9717636,-6985064
1750844727.9794114,4090901
1750844727.9913802,-7435430
1750844728.0003753,4108472
1750844728.0122433,-7882713
1750844728.0209327,4266570
1750844728.0327547,-8258308
1750844728.0413344,4383793
1750844728.0490315,-8388608
1750844728.0609777,4443070
1750844728.0696595,-8388608
1750844728.0783129,4455010
1750844728.0902236,-8388608
1750844728.0978484,4675123
1750844728.1106584,-8388608
1750844728.1189277,5020886
1750844728.1309648,-7368708
1750844728.1392038,5641692
1750844728.1475909,-6324440
1750844728.1592474,6291423
1750844728.168377,-5408803
1750844728.1805978,6940358
1750844728.188768,-4902530
1750844728.1970136,7563629
1750844728.2089682,-4075784
1750844728.2172372,7952837
1750844728.2292397,-3217912
1750844728.2379344,8329066
1750844728.2500443,-2094895
1750844728.2582903,8388607
1750844728.2662652,-1052669
1750844728.278256,8388607
1750844728.2865033,-347288
1750844728.294752,8388607
1750844728.3070347,-1743920
1750844728.3153994,6679858
1750844728.3273146,-1683250
1750844728.3363254,5362073
1750844728.3441007,-1486671
1750844728.3568506,3933977
1750844728.364351,-1226199
1750844728.3772244,2866494
1750844728.3855226,-1015187
1750844728.3936913,1820280
1750844728.4050236,-766889
1750844728.4137633,752181
1750844728.422403,2136019
1750844728.4334655,-7013233
1750844728.4424045,4136549
1750844728.451204,-7463375
1750844728.463091,4153261
1750844728.4712462,-7847740
1750844728.4796128,4312880
1750844728.4914768,-8250460
1750844728.4997308,4408560
1750844728.5119345,-8388608
1750844728.5205226,4462935
1750844728.5325134,-8388608
1750844728.54113,4524707
1750844728.5494921,-8388608
1750844728.561411,4639162
1750844728.5682223,-8360922
1750844728.5813246,4993574
1750844728.589916,-7295168
1750844728.5978875,5685448
1750844728.6101556,-6309732
1750844728.6178052,6342048
1750844728.6300323,-5338819
1750844728.6378007,6976202
1750844728.6512985,-4843873
1750844728.6592667,7571471
1750844728.6671767,-4072916
1750844728.679701,7967868
1750844728.6875062,-3129424
1750844728.6964686,8321940
1750844728.7086458,-2100293
1750844728.7164364,8388607
1750844728.7294383,-1035563
1750844728.7368615,8388607
1750844728.745714,-257500
1750844728.7575648,8388607
1750844728.7661855,-1791084
1750844728.778217,6600672
1750844728.7864919,-1696009
1750844728.7947319,5272869
1750844728.8066792,-1490680
1750844728.8150826,3917885
1750844728.82708,-1261802
1750844728.8353372,2773094
1750844728.847664,-1045454
1750844728.8558824,1811375
1750844728.8641298,-697519
1750844728.8723836,731372
1750844728.8806262,2174821
1750844728.8926306,-7027571
1750844728.900885,4133092
1750844728.913632,-7498403
1750844728.9218848,4142409
1750844728.933902,-7883032
1750844728.9421523,4317559
1750844728.950699,-8329579
1750844728.9627006,4432290
1750844728.97095,-8388608
1750844728.9829473,4466148
1750844728.991201,-8388608
1750844728.9994469,4561195
1750844729.0114512,-8388608
1750844729.0204487,4718711
1750844729.032463,-8312605
1750844729.0407078,5068069
1750844729.052652,-7251044
1750844729.060902,5718125
1750844729.0691533,-6192068
1750844729.0811503,6408471
1750844729.0894036,-5304583
1750844729.0976512,7107962
1750844729.1104057,-4774523
1750844729.118657,7600890
1750844729.130681,-3999776
1750844729.138935,8022790
1750844729.1507444,-3086973
1750844729.1589987,8328994
1750844729.167242,-1996455
1750844729.1799963,8388607
1750844729.1882458,-972733
1750844729.1957505,8388607
1750844729.2085023,-1604480
1750844729.2167475,7520636
1750844729.2287447,-1727658
1750844729.2370057,6537945
1750844729.2493012,-1674108
1750844729.2575388,5223044
1750844729.2657926,-1443913
1750844729.277786,3881200
1750844729.2860372,-1166081
1750844729.2942922,2780671
1750844729.3062873,-973793
1750844729.3145382,1758486
1750844729.3227863,1457561
1750844729.335551,-3462967
1750844729.3430576,4093496
1750844729.355378,-4260091
1750844729.3636303,4316665
1750844729.371893,-5006953
1750844729.3846438,4428954
1750844729.3928928,-5845888
1750844729.4050016,4327203
1750844729.4132211,-6566112
1750844729.421487,4186342
1750844729.4335182,-7148679
1750844729.441763,4113208
1750844729.453904,-7534946
1750844729.4621532,4210783
1750844729.4747267,-7954539
1750844729.4829762,4365164
1750844729.4912694,-8388608
1750844729.5027518,4467706
1750844729.51166,-8388608
1750844729.5238485,4475644
1750844729.5323958,-8388608
1750844729.5398948,4555237
1750844729.5524368,-8388608
1750844729.560696,4711904
1750844729.5726948,-8134014
1750844729.5813043,5228719
1750844729.5933022,-7030424
1750844729.6015544,5827098
1750844729.6098835,-6000864
1750844729.621846,6492731
1750844729.630056,-5189667
1750844729.6383526,7177058
1750844729.65071,-4668025
1750844729.6590028,7700573
1750844729.67096,-3852960
1750844729.6792595,8079497
1750844729.6911676,-2895866
1750844729.6994178,8388607
1750844729.708236,-1762590
1750844729.7203178,8388607
1750844729.7284997,-776514
1750844729.7367883,8388607
1750844729.749052,-1704940
1750844729.7570782,7394500
1750844729.7694676,-1779936
1750844729.7774785,6356360
1750844729.789511,-1645918
1750844729.7984993,5003355
1750844729.806027,-1455454
1750844729.8187165,3696911
1750844729.8271272,-1190478
1750844729.8352485,2646139
1750844729.8470056,-981501
1750844729.8553092,1631302
1750844729.864257,1526926
1750844729.8763576,-3527563
1750844729.884507,4097244
1750844729.8965707,-4379770
1750844729.9042282,4303457
1750844729.9124713,-5114388
1750844729.9252195,4396787
1750844729.933577,-5962352
1750844729.9459019,4287446
1750844729.9542086,-6635087
1750844729.9624577,4157858
1750844729.974454,-7215473
1750844729.9827044,4100960
1750844729.9947047,-7643716
1750844730.0029588,4191906
1750844730.014956,-8009539
1750844730.023529,4306505
1750844730.031803,-8388608
1750844730.04379,4454448
1750844730.0520873,-8388608
1750844730.064082,4455218
1750844730.0723238,-8388608
1750844730.081092,4539739
1750844730.0931091,-8388608
1750844730.10135,4721021
1750844730.1133573,-8083544
1750844730.1216033,5240227
1750844730.1340573,-6971592
1750844730.1423018,5867719
1750844730.150099,-5971448
1750844730.1628354,6516258
1750844730.1710858,-5195295
1750844730.179332,7181524
1750844730.1913497,-4627741
1750844730.1995783,7712382
1750844730.2115884,-3804172
1750844730.2198884,8065475
1750844730.2326052,-2902905
1750844730.2400935,8387692
1750844730.2486465,-1901425
1750844730.260644,8388607
1750844730.2688985,-664288
1750844730.2771556,8388607
1750844730.2899642,-1748245
1750844730.2982075,7350783
1750844730.3102148,-1788806
1750844730.3184557,6372792
1750844730.3304558,-1655020
1750844730.338706,4937135
1750844730.34723,-1436568
1750844730.3592274,3659861
1750844730.367477,-1202990
1750844730.3757272,2565871
1750844730.3877327,-964734
1750844730.3959808,1580858
1750844730.4045641,1477247
1750844730.4165664,-3563780
1750844730.4248273,4113350
1750844730.4368725,-4364689
1750844730.445091,4328105
1750844730.453451,-5109866
1750844730.4654374,4386491
1750844730.4744284,-5953195
1750844730.486442,4299243
1750844730.4946837,-6659475
1750844730.5029316,4163185
1750844730.5149343,-7212893
1750844730.5231867,4090217
1750844730.5352058,-7653760
1750844730.54421,4222804
1750844730.5557444,-7976398
1750844730.5640028,4341427
1750844730.57225,-8388608
1750844730.5842457,4445877
1750844730.5924966,-8388608
1750844730.6052718,4481198
1750844730.6135128,-8388608
1750844730.621746,4560012
1750844730.6337874,-8388608
1750844730.6420288,4740193
1750844730.6543128,-8090896
1750844730.6625583,5222638
1750844730.6745586,-7030424
1750844730.6828065,5869606
1750844730.691051,-5986156
1750844730.7030628,6551236
1750844730.7113068,-5202856
1750844730.7195542,7196928
1750844730.7323172,-4603228
1750844730.7405658,7741828
1750844730.7528727,-3805085
1750844730.7611082,8099131
1750844730.7731128,-2875630
1750844730.7813668,8388607
1750844730.7896492,-1819241
1750844730.8016677,8388607
1750844730.8099651,-714887
1750844730.818122,8388607
1750844730.8308759,-1677888
1750844730.8384411,7379825
1750844730.8507457,-1716248
1750844730.8590417,6388339
1750844730.8712456,-1611209
1750844730.87949,4980587
1750844730.8877444,-1354201
1750844730.8997488,3691971
1750844730.9082727,-1202471
1750844730.9165246,2757042
1750844730.9289064,-919612
1750844730.9372284,1647854
1750844730.944736,1524373
1750844730.9570558,-3548500
1750844730.965312,4163973
1750844730.9777308,-4305560
1750844730.9859855,4397038
1750844730.9937053,-5014837
1750844731.0066128,4444930
1750844731.0145762,-5879075
1750844731.026656,4355425
1750844731.03498,-6570578
1750844731.043219,4243021
1750844731.0555081,-7146214
1750844731.0637646,4130003
1750844731.0765123,-7581353
1750844731.0847645,4244693
1750844731.0967715,-7945817
1750844731.104711,4383465
1750844731.1129665,-8388608
1750844731.1249616,4467234
1750844731.1332693,-8388608
1750844731.145718,4517653
1750844731.153504,-8388608
1750844731.16223,4631266
1750844731.1742322,-8388608
1750844731.182651,4775726
1750844731.1947038,-8123119
1750844731.2030437,5228103
1750844731.2150779,-7001008
1750844731.2233267,5886178
1750844731.231577,-6000864
1750844731.2436051,6533979
1750844731.2521403,-5196239
1750844731.2603915,7190893
1750844731.272888,-4668826
1750844731.2811418,7683255
1750844731.2934332,-3876894
1750844731.3016975,8037619
1750844731.313457,-2931989
1750844731.321649,8388607
1750844731.3299725,-1856358
1750844731.342173,8388607
1750844731.350599,-803573
1750844731.3590338,8388607
1750844731.37103,-1691850
1750844731.3796995,7476043
1750844731.3909707,-1764684
1750844731.3992634,6442368
1750844731.411974,-1671798
1750844731.4195433,5125980
1750844731.4285061,-1473286
1750844731.4405272,3769232
1750844731.4485655,-1275693
1750844731.4560797,2689042
1750844731.4693208,-1023021
1750844731.4777772,1647792
1750844731.4897065,-697839
1750844731.4979596,616386
1750844731.505881,2261192
1750844731.5141363,-7047206
1750844731.5268817,4061761
1750844731.535158,-7515404
1750844731.5464098,4079475
1750844731.5555277,-7939234
1750844731.5637174,4211346
1750844731.5762165,-8388608
1750844731.5844908,4372579
1750844731.5957365,-8388608
1750844731.6048484,4384148
1750844731.616927,-8388608
1750844731.6251526,4467926
1750844731.6333637,-8388608
1750844731.6453655,4698564
1750844731.6539178,-8316893
1750844731.6621618,5152883
1750844731.6742187,-7221628
1750844731.6824534,5762792
1750844731.694509,-6162652
1750844731.7027912,6444359
1750844731.714663,-5326006
1750844731.7232318,7106023
1750844731.732093,-4796058
1750844731.7433617,7661406
1750844731.7519774,-3993885
1750844731.7639618,8059381
1750844731.7726786,-3083354
1750844731.7809823,8374427
1750844731.7930045,-1971033
1750844731.8011913,8388607
1750844731.8094418,-985962
1750844731.8214383,8388607
1750844731.8296952,-1614361
1750844731.8417373,7677465
1750844731.8505354,-1731530
1750844731.8587801,6707599
1750844731.8707771,-1672924
1750844731.8790321,5388261
1750844731.890821,-1458540
1750844731.8995416,4018721
1750844731.9119642,-1261896
1750844731.9203444,2881759
1750844731.9279165,-1060170
1750844731.9404137,1882339
1750844731.948555,-757645
1750844731.9565067,831033
1750844731.96476,2154620
1750844731.9772165,-6932620
1750844731.9848962,4196135
1750844731.9967418,-7423905
1750844732.0054557,4200450
1750844732.0177283,-7833098
1750844732.0263896,4355610
1750844732.0346527,-8213410
1750844732.0466602,4463785
1750844732.0551848,-8388608
1750844732.0634427,4526432
1750844732.0751462,-8388608
1750844732.0837517,4562446
1750844732.0956988,-8388608
1750844732.104306,4652403
1750844732.1160746,-8388608
1750844732.1243136,5002016
1750844732.1325724,-7456956
1750844732.14517,5591208
1750844732.153201,-6383272
1750844732.165497,6279185
1750844732.1737509,-5443222
1750844732.1821434,6907288
1750844732.1937525,-4894160
1750844732.202605,7494848
1750844732.2141829,-4217790
1750844732.2224333,7905377
1750844732.234759,-3355606
1750844732.2434368,8256620
1750844732.2512095,-2329589
1750844732.2639754,8388607
1750844732.2719378,-1236289
1750844732.2797108,8388607
1750844732.2927358,-326959
1750844732.3007777,8388607
1750844732.3128028,-1793628
1750844732.3212485,6918510
1750844732.329574,-1749011
1750844732.341852,5683863
1750844732.3500068,-1575328
1750844732.3622901,4293524
1750844732.369824,-1313863
1750844732.378077,3138346
1750844732.390729,-1143146
1750844732.3989413,2051144
1750844732.4067695,-869952
1750844732.4189768,1057172
1750844732.4275763,1905086
1750844732.4394245,-4028108
1750844732.4484408,4241899
1750844732.4562092,-4717944
1750844732.4682088,4386404
1750844732.4764655,-5519252
1750844732.4846985,4378239
1750844732.4971945,-6252512
1750844732.5051844,4243984
1750844732.5175495,-6920184
1750844732.5257893,4142522
1750844732.538231,-7390112
1750844732.546838,4180482
1750844732.5583684,-7826641
1750844732.5666199,4312706
1750844732.5752513,-8175119
1750844732.5872512,4424348
1750844732.5959384,-8388608
1750844732.6042092,4487868
1750844732.6157732,-8388608
1750844732.6240735,4548613
1750844732.636255,-8388608
1750844732.6450698,4665497
1750844732.6572256,-8388608
1750844732.665478,4994980
1750844732.6729717,-7604036
1750844732.6857352,5636965
1750844732.6938875,-6545060
1750844732.7061827,6259973
1750844732.7146678,-5555961
1750844732.722324,6904502
1750844732.735106,-4937813
1750844732.742824,7474694
1750844732.7551446,-4332146
1750844732.7636263,7853533
1750844732.7756329,-3513376
1750844732.7838748,8223404
1750844732.792123,-2480987
1750844732.8041222,8388607
1750844732.8128378,-1388570
1750844732.8211305,8388607
1750844732.8331316,-471894
1750844732.8413916,8388607
1750844732.8534281,-1813439
1750844732.86169,7002171
1750844732.869685,-1775818
1750844732.8816786,5866355
1750844732.8907292,-1588425
1750844732.902908,4440415
1750844732.9104037,-1331042
1750844732.9187908,3199807
1750844732.931275,-1144283
1750844732.9395452,2162135
1750844732.9478,-888894
1750844732.959937,1185305
1750844732.9684787,1844633
1750844732.9802754,-3942179
1750844732.9885273,4233060
1750844732.9969645,-4662425
1750844733.0089731,4393347
1750844733.0172188,-5446389
1750844733.025461,4409355
1750844733.0374744,-6233482
1750844733.0464785,4250649
1750844733.0584917,-6872287
1750844733.0667398,4158774
1750844733.0787444,-7366305
1750844733.086996,4124301
1750844733.0990045,-7789930
1750844733.1072426,4292714
1750844733.115858,-8139388
1750844733.1278584,4415751
1750844733.1361217,-8388608
1750844733.1443698,4494449
1750844733.1565669,-8388608
1750844733.1648138,4502188
1750844733.176814,-8388608
1750844733.1850653,4599503
1750844733.197817,-8388608
1750844733.2060683,4847240
1750844733.2139475,-7751116
1750844733.2259617,5464041
1750844733.2341957,-6633308
1750844733.2469733,6054150
1750844733.2552497,-5647259
1750844733.2634788,6723583
1750844733.2754786,-5084661
1750844733.283413,7361035
1750844733.295568,-4399598
1750844733.304088,7872025
1750844733.3160374,-3506964
1750844733.3243015,8223737
1750844733.3325393,-2555408
1750844733.3452954,8388607
1750844733.353067,-1449953
1750844733.3613214,8388607
1750844733.3733184,-452812
1750844733.3816535,8388607
1750844733.3944042,-1757163
1750844733.4026556,7129386
1750844733.4109037,-1735556
1750844733.4229057,5999460
1750844733.431161,-1602736
1750844733.4431653,4601162
1750844733.4517264,-1364967
1750844733.4599786,3345405
1750844733.4721625,-1180872
1750844733.4804156,2271744
1750844733.488666,-901670
1750844733.5006826,1269672
1750844733.50893,1768782
1750844733.5209296,-3870378
1750844733.5291765,4242337
1750844733.537699,-4589866
1750844733.549615,4414553
1750844733.5579393,-5354471
1750844733.5662365,4442596
1750844733.5789616,-6097067
1750844733.5864687,4288550
1750844733.5992966,-6803347
1750844733.6074455,4200378
1750844733.6195073,-7311892
1750844733.627807,4158413
1750844733.6359801,-7737072
1750844733.6480541,4334785
1750844733.656531,-8107244
1750844733.668546,4416732
1750844733.6768863,-8388608
1750844733.6858225,4529372
1750844733.6970267,-8388608
1750844733.7061474,4526777
1750844733.7181382,-8388608
1750844733.7264063,4641969
1750844733.738434,-8388608
1750844733.7467163,4879075
1750844733.754486,-7780532
1750844733.766531,5454907
1750844733.7748444,-6706848
1750844733.7876213,6115724
1750844733.7957747,-5673915
1750844733.8040314,6716222
1750844733.8161101,-5081400
1750844733.8243527,7370861
1750844733.8362386,-4446998
1750844733.8452637,7824029
1750844733.8568904,-3617314
1750844733.8651326,8193535
1750844733.8734226,-2606187
1750844733.8854256,8388607
1750844733.8936403,-1478279
1750844733.9019556,8388607
1750844733.9146383,-487444
1750844733.9229298,8388607
1750844733.9351149,-1756273
1750844733.9426289,7189279
1750844733.9519203,-1719691
1750844733.963211,6085985
1750844733.9714468,-1594899
1750844733.9841917,4666768
1750844733.992448,-1365288
1750844734.000705,3468846
1750844734.0127065,-1197759
1750844734.0209384,2324412
1750844734.0291924,-928292
1750844734.0412188,1389598
1750844734.049454,1766871
1750844734.0617375,-3778395
1750844734.0699744,4229151
1750844734.0782268,-4526447
1750844734.090243,4400958
1750844734.099286,-5254105
1750844734.1067789,4456562
1750844734.1194787,-6067315
1750844734.1270747,4305677
1750844734.1399398,-6763173
1750844734.1482146,4210591
1750844734.1597466,-7280221
1750844734.1680593,4184643
1750844734.1770558,-7678066
1750844734.1889904,4323587
1750844734.1972446,-8062332
1750844734.2092435,4417589
1750844734.2174945,-8388608
1750844734.225742,4544161
1750844734.237824,-8388608
1750844734.2460725,4552669
1750844734.25844,-8388608
1750844734.2666793,4633166
1750844734.2786317,-8388608
1750844734.287629,4882416
1750844734.2951279,-7912904
1750844734.3078773,5439499
1750844734.3161304,-6795096
1750844734.3281362,6078064
1750844734.3363776,-5794780
1750844734.3446543,6700359
1750844734.3569405,-5142598
1750844734.3651993,7333422
1750844734.3773274,-4515773
1750844734.3855813,7811650
1750844734.3975885,-3653697
1750844734.4058273,8162489
1750844734.4140823,-2655445
1750844734.4260764,8388607
1750844734.4343255,-1573932
1750844734.4426033,8388607
1750844734.4549344,-532778
1750844734.4631853,8388607
1750844734.4751866,-1744073
1750844734.4841828,7268404
1750844734.4924343,-1756764
1750844734.50443,6203580
1750844734.5126853,-1630414
1750844734.5246906,4829345
1750844734.5329351,-1405125
1750844734.5411973,3531172
1750844734.5534797,-1257788
1750844734.5617294,2471242
1750844734.5737267,-1003776
1750844734.5819802,1479135
1750844734.5902264,-691342
1750844734.598485,375190
1750844734.6104794,2388755
1750844734.619483,-7183491
1750844734.6269794,4160532
1750844734.6397386,-7640131
1750844734.647994,4247923
1750844734.660286,-7974808
1750844734.6678019,4383984
1750844734.6805491,-8388608
1750844734.6888018,4483810
1750844734.6970956,-8388608
1750844734.7090857,4499142
1750844734.717333,-8388608
1750844734.729348,4589742
1750844734.737604,-8388608
1750844734.7459183,4752264
1750844734.758145,-8190246
1750844734.7664425,5181481
1750844734.7783895,-7148088
1750844734.7866411,5862768
1750844734.798708,-6089112
1750844734.8076437,6491641
1750844734.8155482,-5268484
1750844734.8275466,7137942
1750844734.836321,-4748257
1750844734.8438392,7652048
1750844734.8561072,-3985026
1750844734.8643596,7984772
1750844734.8762453,-2981642
1750844734.8851397,8350562
1750844734.897143,-1950915
1750844734.9053898,8388607
1750844734.913644,-892869
1750844734.9218893,8388607
1750844734.9339292,-1762745
1750844734.9421935,7486770
1750844734.9547546,-1825723
1750844734.9630084,6511829
1750844734.9752548,-1748599
1750844734.9835675,5241843
1750844734.9958348,-1536365
1750844735.0040934,3858252
1750844735.012344,-1379094
1750844735.0243354,2774920
1750844735.032588,-1098854
1750844735.040841,1784267
1750844735.0531049,-828737
1750844735.0613658,724779
1750844735.0696309,2201567
1750844735.0816424,-7009778
1750844735.0898707,4168272
1750844735.09813,-7454047
1750844735.1101298,4187456
1750844735.1189137,-7873447
1750844735.1309092,4361837
1750844735.1391895,-8260357
1750844735.147432,4449791
1750844735.159488,-8388608
1750844735.167739,4523734
1750844735.1804864,-8388608
1750844735.1879852,4580033
1750844735.20073,-8388608
1750844735.208984,4698092
1750844735.217234,-8388608
1750844735.2292242,5051777
1750844735.2374778,-7442248
1750844735.245741,5645077
1750844735.2580247,-6353856
1750844735.2662737,6313286
1750844735.2782674,-5429685
1750844735.2865198,6973246
1750844735.2985327,-4953544
1750844735.3075247,7540536
1750844735.315786,-4214186
1750844735.327777,7954728
1750844735.3360178,-3334511
1750844735.348036,8266516
1750844735.3565545,-2282610
1750844735.3648086,8388607
1750844735.3768075,-1289966
1750844735.3850586,8388607
1750844735.393309,-399942
1750844735.4053092,8388607
1750844735.4135559,-1761959
1750844735.425556,6971134
1750844735.4338224,-1698343
1750844735.4420817,5791746
1750844735.454383,-1575399
1750844735.462634,4481494
1750844735.4754424,-1345023
1750844735.4830177,3246834
1750844735.4956365,-1177207
1750844735.5039256,2145317
1750844735.512137,-858300
1750844735.52048,1101546
1750844735.532529,1932537
1750844735.540697,-3996575
1750844735.552652,4311050
1750844735.5612254,-4666371
1750844735.5694373,4413906
1750844735.5817707,-5473448
1750844735.5900908,4440117
1750844735.6019878,-6228454
1750844735.6102958,4294626
1750844735.6222856,-6878726
1750844735.6304834,4194017
1750844735.6389272,-7337296
1750844735.6508877,4169395
1750844735.6592367,-7799532
1750844735.671219,4306992
1750844735.680269,-8134691
1750844735.6877403,4415231
1750844735.7004805,-8388608
1750844735.7087471,4513545
1750844735.720734,-8388608
1750844735.7289858,4539770
1750844735.7410343,-8388608
1750844735.7493553,4622434
1750844735.7578976,-8388608
1750844735.769947,4911090
1750844735.7782023,-7751116
1750844735.7865238,5454782
1750844735.7984443,-6692140
1750844735.8067286,6109818
1750844735.8194497,-5669331
1750844735.826896,6773436
1750844735.8396664,-5039827
1750844735.8479164,7402455
1750844735.8557086,-4440877
1750844735.8684542,7852940
1750844735.8767135,-3640935
1750844735.8887029,8171186
1750844735.8969662,-2572329
1750844735.905206,8388607
1750844735.9171994,-1554456
1750844735.9254553,8388607
1750844735.933703,-582836
1750844735.946461,8388607
1750844735.9542272,-1766634
1750844735.9662507,7181289
1750844735.9744918,-1730478
1750844735.982739,6126400
1750844735.9954913,-1606377
1750844736.0037389,4792680
1750844736.0157409,-1359287
1750844736.0239909,3495142
1750844736.0359921,-1213049
1750844736.0446713,2387177
1750844736.0529194,-935231
1750844736.0611956,1432675
1750844736.072486,1706307
1750844736.081507,-3805760
1750844736.0935128,4161495
1750844736.101756,-4531716
1750844736.1100085,4349467
1750844736.1219995,-5228210
1750844736.1302502,4420358
1750844736.1422641,-6070301
1750844736.1505098,4306772
1750844736.162782,-6736491
1750844736.1710465,4184240
1750844736.1792812,-7258741
1750844736.1913733,4128822
1750844736.2003264,-7689762
1750844736.2122808,4250934
1750844736.2205818,-8004137
1750844736.2287855,4386381
1750844736.2408862,-8388608
1750844736.2491317,4498097
1750844736.2613738,-8388608
1750844736.2696197,4502112
1750844736.2816267,-8388608
1750844736.289919,4577866
1750844736.2981637,-8388608
1750844736.3102953,4758612
1750844736.3192594,-8055283
1750844736.3267553,5235710
1750844736.3395061,-6971592
1750844736.3477693,5899079
1750844736.359379,-6000864
1750844736.3676648,6572339
1750844736.3804436,-5251760
1750844736.3887098,7227026
1750844736.396925,-4652275
1750844736.4090016,7708887
1750844736.4172351,-3841009
1750844736.4291909,8052035
1750844736.4374838,-2935185
1750844736.4457119,8388442
1750844736.4581382,-1862926
1750844736.4664397,8388607
1750844736.4745877,-791062
1750844736.4865909,8388607
1750844736.494881,-1651308
1750844736.5068882,7477476
1750844736.5151296,-1730808
1750844736.5233877,6444091
1750844736.5361397,-1619685
1750844736.5444078,5177828
1750844736.5561433,-1449200
1750844736.5643892,3922271
1750844736.5764017,-1218978
1750844736.5853436,2779393
1750844736.5936065,-1068105
1750844736.605654,1748061
1750844736.6138933,-753965
1750844736.6220999,734978
1750844736.6303995,2216694
1750844736.6425369,-7022496
1750844736.6508067,4170100
1750844736.6624155,-7449357
1750844736.6707466,4177731
1750844736.6796703,-7874002
1750844736.6916685,4312759
1750844736.6998699,-8249997
1750844736.7118776,4438416
1750844736.7201216,-8388608
1750844736.7283828,4489446
1750844736.7403715,-8388608
1750844736.7486386,4528986
1750844736.760905,-8388608
1750844736.7691941,4644972
1750844736.7811532,-8388608
1750844736.7901568,4979944
1750844736.79809,-7501080
1750844736.810098,5553158
1750844736.8183384,-6471520
1750844736.830338,6223659
1750844736.8385897,-5549956
1750844736.8471632,6886885
1750844736.8591897,-4999702
1750844736.8674576,7481090
1750844736.8794534,-4278196
1750844736.887704,7883072
1750844736.899704,-3406756
1750844736.9087045,8183084
1750844736.9162045,-2432078
1750844736.9289536,8388607
1750844736.9372041,-1377685
1750844736.9454613,8388607
1750844736.9574811,-485868
1750844736.966141,8388607
1750844736.978145,-1766171
1750844736.9861252,7022833
1750844736.9951227,-1715538
1750844737.006387,5934663
1750844737.0146477,-1603830
1750844737.0273824,4544098
1750844737.0356274,-1380750
1750844737.043904,3346024
1750844737.0561733,-1160567
1750844737.0644884,2314896
1750844737.0726953,-967465
1750844737.0846853,1305315
1750844737.0929508,1764599
1750844737.1049826,-3860693
1750844737.1132424,4193409
1750844737.1214867,-4587216
1750844737.1334946,4357335
1750844737.1417897,-5303489
1750844737.1499937,4423774
1750844737.162544,-6091499
1750844737.1708224,4297424
1750844737.1828363,-6755984
1750844737.1910288,4204322
1750844737.203754,-7277432
1750844737.2120035,4136210
1750844737.2195256,-7707644
1750844737.232287,4253342
1750844737.2405362,-8024972
1750844737.2525895,4382929
1750844737.2611592,-8388608
1750844737.269408,4490849
1750844737.281497,-8388608
1750844737.2896547,4495968
1750844737.3016968,-8388608
1750844737.3099587,4585007
1750844737.321952,-8388608
1750844737.3302052,4774336
1750844737.338457,-8059566
1750844737.3505216,5253330
1750844737.3591526,-6971592
1750844737.3711398,5890761
1750844737.3793347,-6000864
1750844737.3876708,6561519
1750844737.4004207,-5204028
1750844737.408642,7211232
1750844737.4206684,-4637807
1750844737.4288754,7702184
1750844737.4408755,-3882423
1750844737.4492416,8098339
1750844737.4570985,-2916773
1750844737.4699092,8388607
1750844737.478252,-1891635
1750844737.4864533,8388607
1750844737.4984214,-859089
1750844737.5066803,8388607
1750844737.5186954,-1714614
1750844737.5269563,7538720
1750844737.5351684,-1765121
1750844737.5472214,6562307
1750844737.5554736,-1655362
1750844737.5678072,5249415
1750844737.5760615,-1483693
1750844737.5841827,3978504
1750844737.59689,-1223555
1750844737.6051607,2848330
1750844737.6171336,-1070377
1750844737.625357,1836567
1750844737.6336446,-777169
1750844737.6418006,762119
1750844737.6538625,2187546
1750844737.66228,-6964905
1750844737.6704926,4218665
1750844737.6824563,-7407890
1750844737.6907501,4229115
1750844737.703498,-7820438
1750844737.7117643,4374861
1750844737.7237475,-8202631
1750844737.7320042,4494496
1750844737.7402892,-8388608
1750844737.752265,4549128
1750844737.7608948,-8388608
1750844737.7729015,4578982
1750844737.7811995,-8388608
1750844737.7894452,4685714
1750844737.8014386,-8388608
1750844737.8097005,4916084
1750844737.8217046,-7604036
1750844737.8299544,5582878
1750844737.8427887,-6559768
1750844737.8503342,6190357
1750844737.8590674,-5572397
1750844737.8710856,6883753
1750844737.8793387,-5010193
1750844737.887601,7483319
1750844737.899585,-4333031
1750844737.907863,7906790
1750844737.9203799,-3517853
1750844737.9286354,8238077
1750844737.9406352,-2494482
1750844737.948888,8388607
1750844737.95714,-1394464
1750844737.9694085,8388607
1750844737.9776595,-475476
1750844737.9859114,8388607
1750844737.9980032,-1788202
1750844738.0062149,7144001
1750844738.0182803,-1733898
1750844738.0264678,6015592
1750844738.0392592,-1644326
1750844738.047526,4667772
1750844738.055018,-1415532
1750844738.0674496,3439511
1750844738.075691,-1215304
1750844738.0839536,2391283
1750844738.0958815,-939426
1750844738.1042109,1374641
1750844738.112436,1713310
1750844738.1251676,-3746450
1750844738.1325932,4207312
1750844738.1455615,-4509564
1750844738.1538303,4374138
1750844738.1622815,-5218394
1750844738.1743765,4445155
1750844738.1826417,-6056013
1750844738.1945746,4347651
1750844738.2028728,-6681010
1750844738.211147,4239077
1750844738.2231374,-7244235
1750844738.2313697,4184951
1750844738.2433736,-7655704
1750844738.2517366,4304718
1750844738.2641516,-7993886
1750844738.2724016,4448312
1750844738.280675,-8388608
1750844738.293372,4524933
1750844738.3009264,-8388608
1750844738.3137007,4582312
1750844738.3218784,-8388608
1750844738.3301775,4655510
1750844738.3421783,-8388608
1750844738.3505666,4750929
1750844738.362233,-8082947
1750844738.370479,5179515
1750844738.3832366,-7015716
1750844738.391478,5874515
1750844738.3997262,-6074404
1750844738.411779,6533418
1750844738.4200397,-5255817
1750844738.4282746,7218601
1750844738.4402804,-4693733
1750844738.448623,7758871
1750844738.461019,-3987515
1750844738.4692674,8079749
1750844738.4812725,-3039702
1750844738.489518,8388024
1750844738.497764,-1964417
1750844738.5097651,8388607
1750844738.5180147,-924229
1750844738.5262694,8388607
1750844738.5390139,-1675571
1750844738.5466692,7570417
1750844738.5586221,-1788611
1750844738.5673275,6686995
1750844738.5755217,-1699203
1750844738.5875797,5398024
1750844738.595797,-1512846
1750844738.6078696,4034961
1750844738.6167822,-1274139
1750844738.6250248,2923883
1750844738.637111,-1130778
1750844738.6452374,1895443
1750844738.657289,-807561
1750844738.6652706,855305
1750844738.6741648,2103194
1750844738.6817515,-6948295
1750844738.6945214,4218281
1750844738.7027254,-7376448
1750844738.7109163,4214507
1750844738.7229102,-7798194
1750844738.73116,4357580
1750844738.7439094,-8151966
1750844738.751418,4461134
1750844738.763687,-8388608
1750844738.7719364,4516136
1750844738.784087,-8388608
1750844738.7930176,4558684
1750844738.8005533,-8388608
1750844738.8133092,4644426
1750844738.8215413,-8388608
1750844738.8297741,4934180
1750844738.841746,-7677576
1750844738.8499525,5492532
1750844738.8622372,-6618600
1750844738.870485,6138338
1750844738.8824868,-5605024
1750844738.8907332,6801393
1750844738.8989909,-5093004
1750844738.910988,7426979
1750844738.9199893,-4396280
1750844738.9319875,7872232
1750844738.9402337,-3551941
1750844738.9477513,8159216
1750844738.960768,-2552604
1750844738.9690187,8388607
1750844738.9810166,-1556395
1750844738.989267,8388607
1750844738.9975185,-581852
1750844739.0095215,8388607
1750844739.017769,-1782531
1750844739.0260215,7233288
1750844739.0381355,-1778909
1750844739.0464373,6190338
1750844739.0590813,-1650562
1750844739.0669875,4803709
1750844739.0792656,-1412710
1750844739.0875375,3593210
1750844739.0957909,-1177350
1750844739.1078582,2509333
1750844739.116089,-940772
1750844739.124392,1496474
1750844739.1363356,1638256
1750844739.1446695,-3705863
1750844739.1530292,4141333
1750844739.1652038,-4426899
1750844739.173456,4330373
1750844739.1854465,-5134855
1750844739.1936553,4392879
1750844739.2064073,-5957759
1750844739.2146542,4304505
1750844739.222907,-6629331
1750844739.2349215,4198833
1750844739.2431543,-7205248
1750844739.2514658,4131987
1750844739.2638474,-7582703
1750844739.2721145,4227706
1750844739.284119,-7927493
1750844739.292355,4330759
1750844739.3043535,-8388608
1750844739.3125973,4494947
1750844739.324558,-8388608
1750844739.3335671,4527959
1750844739.341803,-8388608
1750844739.3538077,4555777
1750844739.3623598,-8388608
1750844739.369851,4724396
1750844739.3826015,-8228764
1750844739.3908532,5093068
1750844739.4028518,-7192212
1750844739.4111106,5771584
1750844739.4231014,-6177360
1750844739.4313517,6416920
1750844739.439602,-5322815
1750844739.4516094,7067998
1750844739.459865,-4775892
1750844739.4721346,7614549
1750844739.4803946,-4079048
1750844739.4886348,8038149
1750844739.5013855,-3192780
1750844739.5096376,8336802
1750844739.5216343,-2151558
1750844739.5298846,8388607
1750844739.5418851,-1092478
1750844739.550143,8388607
1750844739.558394,-378001
1750844739.5669143,8388607
1750844739.578916,-1784689
1750844739.5871634,6844617
1750844739.5991673,-1709544
1750844739.6074147,5633727
1750844739.6201634,-1523112
1750844739.628416,4227576
1750844739.6366642,-1245462
1750844739.648674,3108821
1750844739.6569285,-1107844
1750844739.6691904,2090454
1750844739.6774418,-823442
1750844739.6856916,1103554
1750844739.6939394,1949397
1750844739.7059405,-3981720
1750844739.714192,4277962
1750844739.726194,-4681284
1750844739.73444,4405267
1750844739.7472148,-5443521
1750844739.7554593,4447170
1750844739.7637322,-6177318
1750844739.7757306,4291624
1750844739.7839818,-6845055
1750844739.7922366,4211014
1750844739.8042407,-7334383
1750844739.8124866,4189404
1750844739.8244815,-7726571
1750844739.8327293,4315453
1750844739.8454792,-8104455
1750844739.8537374,4421818
1750844739.8617504,-8388608
1750844739.8737707,4539464
1750844739.88208,-8388608
1750844739.8943136,4542872
1750844739.9026036,-8388608
1750844739.9108064,4648589
1750844739.9228067,-8388608
1750844739.9310591,4863634
1750844739.9438076,-7923342
1750844739.9520705,5374356
1750844739.9635863,-6795096
1750844739.972099,6045954
1750844739.980352,-5824368
1750844739.9923549,6721575
1750844740.0006018,-5151906
1750844740.0133493,7332954
1750844740.0216527,-4549628
1750844740.0298479,7823934
1750844740.0418556,-3795437
1750844740.0504897,8138920
1750844740.0622075,-2864089
1750844740.0705256,8388607
1750844740.0825377,-1809365
1750844740.0907345,8388607
1750844740.099031,-807676
1750844740.1072683,8388607
1750844740.120028,-1733898
1750844740.1283154,7454885
1750844740.140224,-1747835
1750844740.14862,6467640
1750844740.1605833,-1644977
1750844740.1684647,5158098
1750844740.1768298,-1459287
1750844740.1895065,3894226
1750844740.1977177,-1231069
1750844740.2098463,2741550
1750844740.2180426,-1029894
1750844740.226271,1767782
1750844740.2382689,-745423
1750844740.2465074,705331
1750844740.2548802,2205994
1750844740.26273,-7018583
1750844740.275494,4199609
1750844740.2831182,-7485331
1750844740.2952456,4200526
1750844740.304217,-7877345
1750844740.312498,4373769
1750844740.324417,-8248634
1750844740.3327155,4463393
1750844740.3446155,-8388608
1750844740.3528757,4539159
1750844740.3654623,-8388608
1750844740.3736837,4550053
1750844740.3812623,-8388608
1750844740.3936834,4637984
1750844740.4019353,-8388608
1750844740.4146817,4953161
1750844740.4229302,-7648160
1750844740.4311824,5492922
1750844740.4431844,-6559768
1750844740.4514534,6191189
1750844740.4634655,-5623027
1750844740.4717276,6845274
1750844740.4837294,-5056309
1750844740.4919786,7468407
1750844740.5002303,-4425422
1750844740.5129848,7899082
1750844740.52123,-3567742
1750844740.529483,8237448
1750844740.5414882,-2601536
1750844740.5497463,8388607
1750844740.561746,-1576553
1750844740.570292,8388607
1750844740.5785403,-542177
1750844740.5905373,8388607
1750844740.5987904,-1769232
1750844740.6107955,7218627
1750844740.6190434,-1721848
1750844740.6272914,6180669
1750844740.640037,-1591207
1750844740.648288,4803383
1750844740.6603034,-1357464
1750844740.668849,3636669
1750844740.6808536,-1142320
1750844740.689095,2542017
1750844740.6973417,-967472
1750844740.7055962,1522676
1750844740.7176042,1682863
1750844740.725843,-3568639
1750844740.7341456,4224391
1750844740.7461567,-4384907
1750844740.7544622,4401436
1750844740.7668312,-5005168
1750844740.7749689,4476245
1750844740.7869964,-5900260
1750844740.7952862,4391114
1750844740.803488,-6568126
1750844740.816236,4291175
1750844740.824471,-7128402
1750844740.8364747,4225112
1750844740.844722,-7575809
1750844740.852627,4303770
1750844740.8649049,-7915435
1750844740.873151,4457794
1750844740.885159,-8375316
1750844740.8933995,4548403
1750844740.9054024,-8388608
1750844740.9138815,4592158
1750844740.9221616,-8388608
1750844740.9342165,4622989
1750844740.9432905,-8388608
1750844740.9547262,4737939
1750844740.9629798,-8373781
1750844740.971259,5065415
1750844740.9840057,-7280460
1750844740.9922633,5699100
1750844741.0042803,-6280316
1750844741.0125117,6376973
1750844741.024509,-5392791
1750844741.0324469,7005411
1750844741.0414474,-4887543
1750844741.053461,7581508
1750844741.0617697,-4209491
1750844741.0701098,8002362
1750844741.0821154,-3345500
1750844741.0903168,8345908
1750844741.1023512,-2313288
1750844741.1113708,8388607
1750844741.1226027,-1269486
1750844741.1316192,8388607
1750844741.139105,-362457
1750844741.1519105,8388607
1750844741.1601133,-1790395
1750844741.1680348,7047890
1750844741.1807716,-1698170
1750844741.1890252,5849764
1750844741.2010171,-1554862
1750844741.2092965,4455736
1750844741.2213187,-1327668
1750844741.2295637,3322772
1750844741.2378118,-1179095
1750844741.2498112,2256325
1750844741.2580757,-937921
1750844741.2667768,1254558
1750844741.2749724,1825464
1750844741.2870147,-3836161
1750844741.295179,4242162
1750844741.3071744,-4590437
1750844741.3154268,4392667
1750844741.327424,-5307867
1750844741.3364165,4461722
1750844741.3439279,-6087108
1750844741.356865,4336967
1750844741.364414,-6745183
1750844741.3768196,4223177
1750844741.385099,-7279655
1750844741.3932595,4190586
1750844741.4060087,-7705977
1750844741.4142566,4311159
1750844741.4262722,-8047307
1750844741.4345276,4431552
1750844741.446517,-8388608
1750844741.4549253,4539693
1750844741.4631133,-8388608
1750844741.4755893,4548716
1750844741.48383,-8388608
1750844741.49583,4591744
1750844741.5040762,-8388608
1750844741.5123205,4790494
1750844741.5242798,-8093824
1750844741.532529,5218333
1750844741.5452726,-7015716
1750844741.553547,5882873
1750844741.564793,-6089112
1750844741.5733364,6530561
1750844741.5815883,-5262353
1750844741.5936847,7166405
1750844741.602588,-4715339
1750844741.610137,7705524
1750844741.6228783,-3929537
1750844741.6311505,8063470
1750844741.6430864,-3060317
1750844741.651358,8368513
1750844741.6641142,-1962478
1750844741.671905,8388607
1750844741.6804452,-939097
1750844741.688693,8388607
1750844741.700696,-1725529
1750844741.708945,7573960
1750844741.720941,-1849627
1750844741.7291942,6608330
1750844741.7412045,-1759174
1750844741.7501945,5365544
1750844741.762272,-1589185
1750844741.770108,4059299
1750844741.778406,-1328517
1750844741.790427,2975499
1750844741.798656,-1136879
1750844741.8069508,1935890
1750844741.8196955,-860815
1750844741.8278615,928244
1750844741.8361058,2049405
1750844741.8481097,-6884333
1750844741.8563836,4232456
1750844741.864349,-7394939
1750844741.8763993,4212892
1750844741.8853884,-7802150
1750844741.8973987,4355814
1750844741.9056518,-8172723
1750844741.91389,4463383
1750844741.9255815,-8388608
1750844741.9343433,4551216
1750844741.945984,-8388608
1750844741.9546432,4537557
1750844741.9669144,-8388608
1750844741.9751809,4606148
1750844741.9834344,-8388608
1750844741.995432,4864981
1750844742.0036767,-7854072
1750844742.0119298,5392440
1750844742.0239909,-6750972
1750844742.0322378,6049525
1750844742.0442386,-5751935
1750844742.052498,6717386
1750844742.0647562,-5157107
1750844742.0732737,7323843
1750844742.0815268,-4510668
1750844742.0935266,7804125
1750844742.1017783,-3740333
1750844742.1140962,8121913
1750844742.1223485,-2740994
1750844742.1305993,8388607
1750844742.1426003,-1697788
1750844742.1508455,8388607
1750844742.1592443,-763276
1750844742.1712651,8388607
1750844742.1796412,-1793146
1750844742.191642,7398433
1750844742.1998906,-1808809
1750844742.2087357,6351216
1750844742.2207305,-1683465
1750844742.2289774,5143915
1750844742.2409835,-1519114
1750844742.2492282,3778202
1750844742.2612357,-1239551
1750844742.2697635,2698602
1750844742.2780142,-1098786
1750844742.2901828,1667414
1750844742.298433,-797312
1750844742.3068266,651261
1750844742.3151796,2172469
1750844742.3271613,-7048208
1750844742.3350537,4195429
1750844742.3476903,-7487506
1750844742.3560853,4245234
1750844742.3637908,-7889565
1750844742.3760808,4385474
1750844742.384552,-8252893
1750844742.3965423,4485857
1750844742.405198,-8388608
1750844742.4134333,4543649
1750844742.4251847,-8388608
1750844742.4339328,4541349
1750844742.4455516,-8388608
1750844742.4540474,4633621
1750844742.4660447,-8388608
1750844742.4745686,4941844
1750844742.4828107,-7559912
1750844742.4948134,5491353
1750844742.5030608,-6515644
1750844742.5154352,6224427
1750844742.5234733,-5566859
1750844742.5317235,6861621
1750844742.5444784,-4991750
1750844742.5519707,7482087
1750844742.5647311,-4342149
1750844742.5732527,7878102
1750844742.5855668,-3533830
1750844742.5938194,8194198
1750844742.6013136,-2490183
1750844742.614068,8388607
1750844742.6220782,-1445950
1750844742.630335,8388607
1750844742.6430862,-528722
1750844742.6504333,8388607
1750844742.6633909,-1808602
1750844742.6711743,7132732
1750844742.6794271,-1789232
1750844742.691425,6039439
1750844742.6996725,-1646147
1750844742.7125475,4663524
1750844742.720806,-1420654
1750844742.7283018,3488603
1750844742.7410493,-1272765
1750844742.7492971,2428921
1750844742.7613063,-1024465
1750844742.7698257,1429817
1750844742.7780719,-678077
1750844742.7863266,420940
1750844742.7978199,2425173
1750844742.806266,-7184809
1750844742.8145225,4201712
1750844742.8274717,-7566308
1750844742.834966,4307108
1750844742.8475137,-7958853
1750844742.856143,4437458
1750844742.867373,-8388608
1750844742.8758948,4567836
1750844742.8833513,-8388608
1750844742.8965685,4576335
1750844742.904823,-8388608
1750844742.916821,4606437
1750844742.9258287,-8388608
1750844742.9337082,4742268
1750844742.94556,-8266764
1750844742.9536784,5127567
1750844742.966264,-7236336
1750844742.973788,5699671
1750844742.985897,-6265608
1750844742.9951603,6396701
1750844743.0032218,-5359995
1750844743.0150845,7049357
1750844743.0238588,-4841861
1750844743.031706,7629953
1750844743.0440586,-4086035
1750844743.0523276,8006282
1750844743.064118,-3200691
1750844743.072603,8316564
1750844743.084797,-2163547
1750844743.093016,8388607
1750844743.100606,-1105049
1750844743.1132364,8388607
1750844743.1214848,-297743
1750844743.1300228,8388607
1750844743.1418886,-1774374
1750844743.1503088,6923717
1750844743.162161,-1733613
1750844743.170792,5750133
1750844743.1827877,-1539070
1750844743.1910443,4408117
1750844743.200044,-1315142
1750844743.211818,3209588
1750844743.2200687,-1158871
1750844743.2283182,2191846
1750844743.2403224,-858804
1750844743.248567,1176708
1750844743.2572014,1888093
1750844743.269461,-3952891
1750844743.277788,4288016
1750844743.289889,-4639900
1750844743.2974072,4435353
1750844743.3063147,-5381747
1750844743.3183002,4469801
1750844743.3265486,-6164945
1750844743.338549,4346366
1750844743.3475468,-6786559
1750844743.3550603,4252993
1750844743.3670564,-7304833
1750844743.3755782,4232050
1750844743.3879213,-7734003
1750844743.3961692,4365397
1750844743.4081688,-8080763
1750844743.4164865,4475907
1750844743.4247468,-8388608
1750844743.436739,4583704
1750844743.4449875,-8388608
1750844743.4577484,4570124
1750844743.465996,-8388608
1750844743.4740417,4604638
1750844743.4860628,-8388608
1750844743.4943123,4789357
1750844743.507045,-8038926
1750844743.514891,5250232
1750844743.5273628,-6942176
1750844743.5356383,5890970
1750844743.5434906,-5956740
1750844743.555809,6575839
1750844743.5640547,-5229024
1750844743.572366,7208856
1750844743.584764,-4694832
1750844743.5928729,7737535
1750844743.6056094,-3907590
1750844743.6133087,8076925
1750844743.6249986,-3043643
1750844743.6331112,8357558
1750844743.642143,-1926536
1750844743.6541092,8388607
1750844743.6627917,-945184
1750844743.6710033,8388607
1750844743.6830099,-1710897
1750844743.6913412,7695943
1750844743.703338,-1834278
1750844743.711607,6719750
1750844743.7235897,-1756441
1750844743.7323184,5410477
1750844743.740577,-1558865
1750844743.7525666,4081543
1750844743.7608466,-1319222
1750844743.7683342,3009223
1750844743.7811315,-1198514
1750844743.789728,1999419
1750844743.8017273,-919925
1750844743.8099852,1034710
1750844743.8177023,2023582
1750844743.8304513,-4093958
1750844743.8386693,4276450
1750844743.8466604,-4736437
1750844743.8588572,4428598
1750844743.867108,-5515091
1750844743.8798127,4406066
1750844743.8876197,-6267186
1750844743.8960946,4271024
1750844743.9080906,-6885224
1750844743.9164014,4202575
1750844743.928646,-7366585
1750844743.9369748,4202585
1750844743.9489367,-7758262
1750844743.9574828,4354414
1750844743.9655905,-8115912
1750844743.9776573,4469682
1750844743.986076,-8388608
1750844743.9984503,4565663
1750844744.0063996,-8388608
1750844744.014837,4577142
1750844744.0270517,-8388608
1750844744.0352907,4602980
1750844744.0472999,-8388608
1750844744.055922,4846213
1750844744.0679283,-7937591
1750844744.0764544,5304721
1750844744.0847101,-6853928
1750844744.0961876,5983754
1750844744.105193,-5878691
1750844744.1134386,6627137
1750844744.12544,-5169168
1750844744.13369,7304915
1750844744.1456907,-4605026
1750844744.154253,7785555
1750844744.1657538,-3840527
1750844744.1742833,8112241
1750844744.1825285,-2866690
1750844744.1947618,8388607
1750844744.202404,-1852053
1750844744.215099,8388607
1750844744.2235446,-817397
1750844744.231803,8388607
1750844744.243807,-1716239
1750844744.2528045,7593266
1750844744.264126,-1798013
1750844744.2727857,6628631
1750844744.2810526,-1725120
1750844744.2930496,5421440
1750844744.301284,-1546912
1750844744.3095288,4085268
1750844744.322282,-1297206
1750844744.3297827,2991433
1750844744.3425286,-1180823
1750844744.35078,1975074
1750844744.3585498,-784434
1750844744.3673403,969241
1750844744.3789728,2090868
1750844744.3872228,-6900845
1750844744.3992224,4205686
1750844744.40822,-7420355
1750844744.4157202,4199195
1750844744.428483,-7797109
1750844744.4367218,4337185
1750844744.4487243,-8127578
1750844744.4566936,4435401
1750844744.4694464,-8388608
1750844744.4772274,4549281
1750844744.4854772,-8388608
1750844744.4982166,4559249
1750844744.506491,-8388608
1750844744.5147126,4618254
1750844744.526715,-8388608
1750844744.534964,4855186
1750844744.546964,-7882009
1750844744.5559654,5343440
1750844744.567227,-6809804
1750844744.5757506,6004067
1750844744.5840118,-5833899
1750844744.5960002,6717805
1750844744.6042483,-5143158
1750844744.6169994,7377330
1750844744.62525,-4603823
1750844744.6342528,7843607
1750844744.6455064,-3800960
1750844744.6545088,8180355
1750844744.665849,-2833094
1750844744.6744957,8388607
1750844744.6864963,-1786862
1750844744.6947722,8388607
1750844744.702991,-776546
1750844744.7112396,8388607
1750844744.7232354,-1677312
1750844744.7314851,7569318
1750844744.7434855,-1733082
1750844744.7516966,6588235
1750844744.7644567,-1622291
1750844744.7722418,5311049
1750844744.780486,-1457284
1750844744.7932868,4012780
1750844744.8015273,-1200630
1750844744.8135335,2918997
1750844744.8218436,-995263
1750844744.8300307,1901778
1750844744.838354,1413710
1750844744.8502436,-3259131
1750844744.8585184,4093457
1750844744.8705134,-4122213
1750844744.8790574,4316275
1750844744.8910608,-4766375
1750844744.8992991,4441370
1750844744.9075522,-5578568
1750844744.9195495,4413890
1750844744.9278004,-6288733
1750844744.9361017,4302217
1750844744.9487975,-6932525
1750844744.9570642,4221956
1750844744.969062,-7425568
1750844744.97695,4217596
1750844744.989426,-7829949
1750844744.997673,4375931
1750844745.0096684,-8186425
1750844745.017919,4473289
1750844745.026168,-8388608
1750844745.0381734,4538627
1750844745.0464163,-8388608
1750844745.0554285,4530148
1750844745.067442,-8388608
1750844745.07523,4610790
1750844745.0879796,-8388608
1750844745.0962284,4857685
1750844745.1078482,-7809948
1750844745.116626,5377987
1750844745.124875,-6765680
1750844745.136874,5996671
1750844745.1451285,-5784530
1750844745.1574945,6676698
1750844745.1657343,-5171377
1750844745.1740346,7343734
1750844745.1860373,-4535066
1750844745.1939738,7789717
1750844745.206639,-3767596
1750844745.2148855,8127288
1750844745.2268915,-2759673
1750844745.2351375,8388607
1750844745.243641,-1789071
1750844745.2556427,8388607
1750844745.263905,-726819
1750844745.272168,8388607
1750844745.2841907,-1742631
1750844745.2924457,7439445
1750844745.3051815,-1789790
1750844745.3134596,6483884
1750844745.3209462,-1688884
1750844745.333712,5161313
1750844745.3419406,-1503381
1750844745.3539624,3829577
1750844745.3622332,-1252681
1750844745.3704853,2798715
1750844745.38237,-1109097
1750844745.3913863,1765582
1750844745.3990324,-815901
1750844745.407285,759324
1750844745.419264,2116228
1750844745.4275334,-6983594
1750844745.4402668,4170017
1750844745.448533,-7429719
1750844745.456814,4201205
1750844745.4688356,-7846935
1750844745.477107,4338981
1750844745.489109,-8184016
1750844745.497377,4452120
1750844745.5093749,-8388608
1750844745.5183587,4517612
1750844745.5266342,-8388608
1750844745.5386448,4518356
1750844745.5461247,-8388608
1750844745.5589092,4582056
1750844745.5671582,-8388608
1750844745.5757265,4843121
1750844745.587021,-7765824
1750844745.5957346,5360724
1750844745.6077347,-6736264
1750844745.6167326,6018203
1750844745.6287615,-5766484
1750844745.637002,6695812
1750844745.6452494,-5181655
1750844745.6572685,7316436
1750844745.6650274,-4540361
1750844745.673623,7790456
1750844745.6864114,-3795012
1750844745.6946378,8103806
1750844745.7066326,-2807236
1750844745.7148662,8388607
1750844745.7268772,-1789754
1750844745.7351232,8388607
1750844745.7433758,-766291
1750844745.7553713,8388607
1750844745.7636456,-1800464
1750844745.771899,7419787
1750844745.7842107,-1801445
1750844745.7924685,6410202
1750844745.8048105,-1708606
1750844745.8130705,5078739
1750844745.825081,-1530261
1750844745.8333151,3814331
1750844745.841574,-1328752
1750844745.8535762,2802330
1750844745.8625913,-1116703
1750844745.87008,1794313
1750844745.882318,-836335
1750844745.8910258,790240
1750844745.8985658,2154558
1750844745.9111164,-6967592
1750844745.9191792,4183523
1750844745.9274907,-7461056
1750844745.9394932,4186823
1750844745.9484866,-7851488
1750844745.9605045,4347963
1750844745.9687686,-8219071
1750844745.9765735,4439766
1750844745.9893227,-8388608
1750844745.9975703,4527879
1750844746.009575,-8388608
1750844746.0178206,4526084
1750844746.0298164,-8388608
1750844746.038072,4585889
1750844746.0463183,-8388608
1750844746.0583212,4862060
1750844746.0665884,-7751116
1750844746.075139,5398862
1750844746.087134,-6721556
1750844746.095384,6066573
1750844746.108133,-5702654
1750844746.1163766,6767962
1750844746.1283822,-5104843
1750844746.1366282,7374555
1750844746.144127,-4488247
1750844746.1568809,7813583
1750844746.1651502,-3674112
1750844746.1774244,8138416
1750844746.186004,-2659119
1750844746.194253,8388607
1750844746.2062523,-1634357
1750844746.2144995,8388607
1750844746.222752,-631472
1750844746.234752,8388607
1750844746.2430017,-1754296
1750844746.255002,7380281
1750844746.2632678,-1776397
1750844746.271512,6375012
1750844746.283784,-1667647
1750844746.292036,5036859
1750844746.3047857,-1463124
1750844746.3122854,3794316
1750844746.3250341,-1236027
1750844746.3332932,2714022
1750844746.3415327,-1064157
1750844746.353533,1787195
1750844746.3617904,-767288
1750844746.37005,696186
1750844746.3785722,2234685
1750844746.3906062,-7034189
1750844746.3988352,4200427
1750844746.4108212,-7486305
1750844746.419123,4225169
1750844746.4308655,-7865581
1750844746.4395432,4387450
1750844746.447486,-8233456
1750844746.460029,4498800
1750844746.4682746,-8388608
1750844746.4765577,4549395
1750844746.488559,-8388608
1750844746.4968042,4576626
1750844746.5088077,-8388608
1750844746.5170834,4652028
1750844746.529062,-8388608
1750844746.5380554,4931910
1750844746.5455558,-7633452
1750844746.5580816,5469045
1750844746.5663438,-6603892
1750844746.5788534,6097908
1750844746.5871067,-5622977
1750844746.5953515,6776977
1750844746.6073542,-5069039
1750844746.6157103,7420280
1750844746.6274388,-4423548
1750844746.635696,7856246
1750844746.6479065,-3573533
1750844746.656149,8175201
1750844746.6644754,-2587683
1750844746.676874,8388607
1750844746.6851223,-1614947
1750844746.693374,8388607
1750844746.7053742,-490609
1750844746.7136252,8388607
1750844746.725634,-1776037
1750844746.7339327,7345715
1750844746.74214,-1777982
1750844746.7544115,6372134
1750844746.762715,-1647466
1750844746.7755413,4911076
1750844746.7837837,-1457666
1750844746.7923474,3702488
1750844746.8043604,-1321612
1750844746.8126125,2695450
1750844746.8245993,-1011554
1750844746.8328395,1696139
1750844746.8408813,-761433
1750844746.8491457,674307
1750844746.8611686,2310818
1750844746.8694305,-7074107
1750844746.8772337,4184575
1750844746.889965,-7500228
1750844746.8982177,4245438
1750844746.9102154,-7902664
1750844746.9184713,4406235
1750844746.930602,-8269046
1750844746.9388561,4523141
1750844746.9471028,-8388608
1750844746.9596245,4565318
1750844746.9679472,-8388608
1750844746.9799907,4572092
1750844746.988045,-8388608
1750844746.9970381,4694651
1750844747.0090344,-8388608
1750844747.0165317,4965745
1750844747.0292811,-7515788
1750844747.0375314,5580092
1750844747.0495043,-6515644
1750844747.057778,6251210
1750844747.066049,-5554744
1750844747.078088,6871621
1750844747.0863373,-5052874
1750844747.0945845,7502277
1750844747.107361,-4354677
1750844747.1155996,7877089
1750844747.1275964,-3471313
1750844747.1358461,8239433
1750844747.1478405,-2501872
1750844747.1560886,8388607
1750844747.1651042,-1458404
1750844747.1766722,8388607
1750844747.1849127,-507753
1750844747.193171,8388607
1750844747.2059188,-1760059
1750844747.2141688,7203831
1750844747.226166,-1753170
1750844747.234419,6168814
1750844747.2464142,-1589774
1750844747.2546673,4780963
1750844747.2629302,-1386949
1750844747.274929,3570824
1750844747.2834568,-1249930
1750844747.29171,2563139
1750844747.303705,-986951
1750844747.3119555,1559880
1750844747.3202121,1659818
1750844747.3322043,-3556113
1750844747.340462,4169285
1750844747.3524551,-4325412
1750844747.3607023,4388450
1750844747.368961,-5032521
1750844747.381234,4465814
1750844747.390233,-5881039
1750844747.4022412,4377663
1750844747.410489,-6542105
1750844747.4187453,4250177
1750844747.4307497,-7123337
1750844747.438987,4172630
1750844747.4509876,-7556395
1750844747.4592357,4244832
1750844747.4712508,-7914336
1750844747.4797676,4393313
1750844747.4880817,-8323336
1750844747.5001085,4498519
1750844747.508363,-8388608
1750844747.5203145,4575219
1750844747.529374,-8388608
1750844747.5367663,4591235
1750844747.549517,-8388608
1750844747.5577703,4674093
1750844747.5697842,-8388608
1750844747.5783086,5031994
1750844747.5903065,-7515788
1750844747.5985518,5630464
1750844747.60681,-6456812
1750844747.6188076,6227584
1750844747.627055,-5531901
1750844747.6353087,6903023
1750844747.6474884,-4992765
1750844747.6557238,7495918
1750844747.6677282,-4337732
1750844747.67624,7920413
1750844747.6882622,-3499999
1750844747.6972554,8253593
1750844747.704753,-2555636
1750844747.7169774,8388607
1750844747.7252202,-1442208
1750844747.7372172,8388607
1750844747.7456183,-497471
1750844747.7538695,8388607
1750844747.7660034,-1774749
1750844747.7742562,7226184
1750844747.7870393,-1771361
1750844747.7952793,6138624
1750844747.8035374,-1646913
1750844747.8155339,4819229
1750844747.8237834,-1421232
1750844747.8320343,3595394
1750844747.8440828,-1195828
1750844747.8523345,2568339
1750844747.8650832,-1015765
1750844747.8733358,1622297
1750844747.8816006,-753755
1750844747.889847,556084
1750844747.9018416,2347264
1750844747.9100928,-7092827
1750844747.922114,4208082
1750844747.9303465,-7495760
1750844747.9386046,4272109
1750844747.9505994,-7884202
1750844747.9588482,4429313
1750844747.9709992,-8295993
1750844747.9795244,4547215
1750844747.9912682,-8388608
1750844747.9999661,4587628
1750844748.0082068,-8388608
1750844748.020209,4602536
1750844748.02845,-8388608
1750844748.0367115,4704558
1750844748.0493588,-8388608
1750844748.0575962,5037579
1750844748.069607,-7559912
1750844748.0779786,5609486
1750844748.0899756,-6500936
1750844748.0983884,6271843
1750844748.106625,-5579317
1750844748.1185963,6923481
1750844748.1268458,-5004930
1750844748.1390424,7513764
1750844748.147284,-4378494
1750844748.155595,7917479
1750844748.1676037,-3543120
1750844748.1758533,8246545
1750844748.1881263,-2545237
1750844748.196376,8388607
1750844748.2091255,-1438247
1750844748.2166276,8388607
1750844748.2256289,-488781
1750844748.2338822,8388607
1750844748.2458782,-1743939
1750844748.25413,7323228
1750844748.2661526,-1722711
1750844748.2743974,6278934
1750844748.2862227,-1624092
1750844748.294972,4922580
1750844748.3032596,-1407063
1750844748.3148305,3700258
1750844748.3238337,-1191978
1750844748.3358362,2668703
1750844748.344081,-1014820
1750844748.3527114,1668264
1750844748.3647282,-732054
1750844748.3729832,654519
1750844748.380512,2269995
1750844748.3932605,-7046645
1750844748.4015088,4194261
1750844748.409765,-7497210
1750844748.4217722,4236156
1750844748.4300132,-7890988
1750844748.4382615,4394595
1750844748.4502602,-8283718
1750844748.459285,4464003
1750844748.471296,-8388608
1750844748.4790668,4556704
1750844748.4918156,-8388608
1750844748.4993205,4566242
1750844748.5083187,-8388608
1750844748.5203216,4627739
1750844748.5285726,-8388608
1750844748.5405667,4937718
1750844748.5488164,-7721700
1750844748.557072,5531651
1750844748.5691051,-6603892
1750844748.5773463,6149403
1750844748.5896301,-5646230
1750844748.597875,6821333
1750844748.6098752,-5096546
1750844748.6181304,7360692
1750844748.6271427,-4451933
1750844748.6391466,7851161
1750844748.647387,-3659057
1750844748.655633,8171420
1750844748.667646,-2701933
1750844748.6758943,8388607
1750844748.6881762,-1637938
1750844748.6964195,8388607
1750844748.7043414,-674072
1750844748.7170858,8388607
1750844748.7245865,-1768331
1750844748.7373383,7314184
1750844748.7455873,-1764787
1750844748.7538433,6302014
1750844748.7658467,-1676585
1750844748.774099,5002693
1750844748.786368,-1481997
1750844748.7946162,3743617
1750844748.8066225,-1290703
1750844748.8148723,2717759
1750844748.823129,-1070621
1750844748.835123,1706784
1750844748.844123,-781798
1750844748.8516219,668651
1750844748.8598704,2189887
1750844748.872633,-7011264
1750844748.8804114,4174596
1750844748.8924136,-7461430
1750844748.9014103,4209198
1750844748.9095557,-7867238
1750844748.9215524,4356455
1750844748.9298081,-8225529
1750844748.941803,4483372
1750844748.9500504,-8388608
1750844748.9590518,4529749
1750844748.9710743,-8388608
1750844748.978835,4523477
1750844748.990852,-8388608
1750844748.999105,4602124
1750844749.0118527,-8388608
1750844749.020103,4877533
1750844749.0283532,-7765824
1750844749.0403516,5378956
1750844749.048602,-6721556
1750844749.05685,6049594
1750844749.0688696,-5768722
1750844749.077116,6722824
1750844749.0893898,-5151042
1750844749.0976403,7329015
1750844749.1096396,-4520412
1750844749.11789,7812788
1750844749.1261463,-3753845
1750844749.13889,8104602
1750844749.1471415,-2854349
1750844749.1591384,8388607
1750844749.1674032,-1734298
1750844749.1756513,8388607
1750844749.1876805,-749029
1750844749.1959455,8388607
1750844749.2079277,-1712256
1750844749.2161787,7482363
1750844749.2244291,-1760101
1750844749.2371788,6424388
1750844749.2454293,-1678367
1750844749.2536793,5134748
1750844749.2657018,-1501094
1750844749.2739446,3913086
1750844749.2862098,-1261348
1750844749.2944586,2819385
1750844749.3064597,-1132802
1750844749.3147092,1803865
1750844749.3230097,-803136
1750844749.331263,778360
1750844749.3432178,2130786
1750844749.3514588,-6981973
1750844749.3597093,4186722
1750844749.37254,-7405479
1750844749.3803694,4198110
1750844749.3923612,-7822429
1750844749.4006066,4349316
1750844749.4126143,-8204420
1750844749.4208658,4468790
1750844749.4291074,-8388608
1750844749.4411082,4551515
1750844749.4501066,-8388608
1750844749.457606,4578352
1750844749.4703653,-8388608
1750844749.4786139,4641568
1750844749.4908805,-8388608
1750844749.4991329,4886082
1750844749.5111299,-7809948
1750844749.5193815,5434657
1750844749.52763,-6750972
1750844749.5396307,6078886
1750844749.5478866,-5845499
1750844749.5606322,6731513
1750844749.5688891,-5144296
1750844749.5771382,7320554
1750844749.5894067,-4536936
1750844749.5976615,7810628
1750844749.6096551,-3716926
1750844749.6179054,8109253
1750844749.6299076,-2789378
1750844749.6381562,8388607
1750844749.6464074,-1761444
1750844749.6591578,8388607
1750844749.6674144,-782521
1750844749.674916,8388607
1750844749.6871963,-1757460
1750844749.6954436,7437880
1750844749.707446,-1771395
1750844749.7164712,6452061
1750844749.7242296,-1689745
1750844749.736303,5166969
1750844749.7445624,-1524370
1750844749.757315,3865241
1750844749.7655988,-1293505
1750844749.7731917,2836203
1750844749.786016,-1140733
1750844749.794262,1820698
1750844749.8025155,-814794
1750844749.814514,879192
1750844749.8227608,2108632
1750844749.8310225,-6943355
1750844749.843016,4190090
1750844749.851216,-7422990
1750844749.8595276,4211612
1750844749.871563,-7809824
1750844749.8800743,4324163
1750844749.8920937,-8167436
1750844749.9002945,4461829
1750844749.912295,-8388608
1750844749.9211223,4534349
1750844749.9286733,-8388608
1750844749.9414184,4564680
1750844749.949693,-8388608
1750844749.9616754,4624466
1750844749.9699287,-8388608
1750844749.9781802,4864407
1750844749.9902942,-7824656
1750844749.9985561,5387470
1750844750.010496,-6736264
1750844750.019496,6025160
1750844750.0314956,-5770855
1750844750.0397458,6705020
1750844750.0479965,-5143874
1750844750.0600574,7330686
1750844750.0683143,-4536895
1750844750.076571,7789749
1750844750.088852,-3747778
1750844750.0971057,8112262
1750844750.109098,-2804876
1750844750.117306,8388607
1750844750.1293478,-1723846
1750844750.138342,8388607
1750844750.1466029,-813462
1750844750.1585896,8388607
1750844750.1668887,-1725905
1750844750.1751032,7494214
1750844750.1875026,-1767670
1750844750.195734,6499149
1750844750.2077563,-1704208
1750844750.2160032,5180493
1750844750.2280061,-1544846
1750844750.236248,3955811
1750844750.2444901,-1280510
1750844750.2564898,2873098
1750844750.2647388,-1132294
1750844750.273045,1825116
1750844750.28543,-840503
1750844750.29396,832827
1750844750.3015053,2088137
1750844750.3143227,-6934113
1750844750.322517,4199227
1750844750.3307607,-7393670
1750844750.342773,4215191
1750844750.3509803,-7799780
1750844750.3630111,4364513
1750844750.371332,-8172064
1750844750.3795862,4471195
1750844750.392038,-8388608
1750844750.4002316,4535043
1750844750.4121594,-8388608
1750844750.4204583,4543037
1750844750.4324577,-8388608
1750844750.441406,4634397
1750844750.4489067,-8388608
1750844750.4616573,4860523
1750844750.4699163,-7809948
1750844750.4781659,5370745
1750844750.490432,-6721556
1750844750.498682,6095473
1750844750.5106823,-5765536
1750844750.5189326,6729805
1750844750.5309322,-5131784
1750844750.5391817,7358956
1750844750.547433,-4491068
1750844750.560182,7842250
1750844750.5684423,-3719348
1750844750.5804508,8144496
1750844750.5882356,-2729222
1750844750.5964828,8388607
1750844750.6092355,-1673447
1750844750.617483,8388607
1750844750.6294837,-684242
1750844750.6377728,8388607
1750844750.6460273,-1740871
1750844750.6580422,7437426
1750844750.6662817,-1796857
1750844750.674619,6402916
1750844750.6868787,-1675670
1750844750.695162,5075335
1750844750.7071645,-1472886
1750844750.715415,3777575
1750844750.7274325,-1229411
1750844750.7364266,2720172
1750844750.7439153,-1093342
1750844750.7566729,1724570
1750844750.7649326,-765424
1750844750.7732458,659983
1750844750.78075,2148613
1750844750.7931616,-7007520
1750844750.8021586,4145769
1750844750.8134515,-7437179
1750844750.8224525,4192142
1750844750.8344169,-7874056
1750844750.8427067,4340288
1750844750.8504243,-8233198
1750844750.8632348,4445008
1750844750.8715534,-8388608
1750844750.8790505,4503295
1750844750.8912015,-8388608
1750844750.9002209,4510838
1750844750.9121659,-8388608
1750844750.9203753,4617744
1750844750.932415,-8388608
1750844750.9406636,4912932
1750844750.9489152,-7604036
1750844750.9609194,5525264
1750844750.9691854,-6559768
1750844750.9811368,6179733
1750844750.9904056,-5571847
1750844750.9979048,6832767
1750844751.0106547,-5044464
1750844751.0184906,7454703
1750844751.0305488,-4375717
1750844751.0388026,7892708
1750844751.0515049,-3518520
1750844751.0597522,8222637
1750844751.068014,-2561879
1750844751.0800085,8388607
1750844751.088528,-1496237
1750844751.100527,8388607
1750844751.1087768,-564651
1750844751.1170278,8388607
1750844751.1290312,-1742914
1750844751.1372814,7230964
1750844751.145529,-1745489
1750844751.1575294,6106737
1750844751.1657784,-1610465
1750844751.178541,4726223
1750844751.186322,-1390471
1750844751.1945803,3582525
1750844751.2065806,-1225976
1750844751.2149177,2507180
1750844751.2231581,-958730
1750844751.2358198,1520182
1750844751.244131,1598192
1750844751.2561293,-3640447
1750844751.2643669,4136710
1750844751.272565,-4392150
1750844751.284844,4339908
1750844751.2933874,-5083431
1750844751.3053927,4409683
1750844751.3136387,-5925812
1750844751.321898,4311077
1750844751.333935,-6605485
1750844751.3421288,4221251
1750844751.354587,-7153911
1750844751.3629308,4163880
1750844751.374995,-7555766
1750844751.3828588,4236367
1750844751.3912213,-7940589
1750844751.4039133,4368204
1750844751.4114542,-8368166
1750844751.4204245,4497979
1750844751.4324636,-8388608
1750844751.4407406,4509437
1750844751.4527187,-8388608
1750844751.4609737,4578491
1750844751.4729853,-8388608
1750844751.4812334,4713091
1750844751.4900155,-8280913
1750844751.5019581,5078221
1750844751.509801,-7251044
1750844751.5221152,5723717
1750844751.5303662,-6236192
1750844751.5386174,6406241
1750844751.551357,-5352353
1750844751.558867,7070634
1750844751.5715814,-4832223
1750844751.5799565,7653665
1750844751.5916808,-4101173
1750844751.599793,8049686
1750844751.6081674,-3261027
1750844751.620846,8368298
1750844751.629134,-2159938
1750844751.6411426,8388607
1750844751.649374,-1137722
1750844751.6576548,8388607
1750844751.6696947,-363828
1750844751.677943,8388607
1750844751.6865656,-1740119
1750844751.6985536,6935294
1750844751.7068923,-1666710
1750844751.718815,5706585
1750844751.7270665,-1534959
1750844751.7353175,4362747
1750844751.7474635,-1295578
1750844751.7557144,3190191
1750844751.767731,-1150133
1750844751.7768128,2166313
1750844751.7845654,-846020
1750844751.7965891,1154169
1750844751.804801,1866009
1750844751.8131032,-3907288
1750844751.8250473,4253325
1750844751.8332953,-4602944
1750844751.8462021,4400058
1750844751.854368,-5400873
1750844751.862601,4401822
1750844751.8745677,-6172206
1750844751.882817,4268684
1750844751.8951018,-6830483
1750844751.9033957,4190206
1750844751.9153454,-7315320
1750844751.9236045,4159357
1750844751.9325957,-7715213
1750844751.943841,4305705
1750844751.9520948,-8109658
1750844751.9610884,4437290
1750844751.9730995,-8388608
1750844751.9813519,4539153
1750844751.9936287,-8388608
1750844752.0018756,4569514
1750844752.013877,-8388608
1750844752.0221262,4626019
1750844752.0303833,-8388608
1750844752.0423803,4838666
1750844752.050632,-7949564
1750844752.0626867,5265491
1750844752.0711029,-6839220
1750844752.07936,5936356
1750844752.0916343,-5852509
1750844752.0992754,6620157
1750844752.1122456,-5171844
1750844752.1205487,7287253
1750844752.1325476,-4555140
1750844752.1410568,7810352
1750844752.1492624,-3767612
1750844752.1612573,8147869
1750844752.1695173,-2843773
1750844752.1815183,8388607
1750844752.1900458,-1780322
1750844752.1982946,8388607
1750844752.2102966,-813559
1750844752.218546,8388607
1750844752.2267966,-1673182
1750844752.2388682,7505479
1750844752.2473931,-1738273
1750844752.2594092,6490846
1750844752.2683942,-1639490
1750844752.276071,5290021
1750844752.2882056,-1452979
1750844752.2964988,3905160
1750844752.308491,-1255793
1750844752.3167472,2790541
1750844752.3287501,-1065433
1750844752.3377464,1781578
1750844752.3459988,-755099
1750844752.354203,775908
1750844752.3624406,2135741
1750844752.3745213,-6999073
1750844752.382716,4205779
1750844752.3950922,-7421460
1750844752.4033313,4214782
1750844752.4154367,-7835725
1750844752.423629,4369815
1750844752.4318836,-8218598
1750844752.4438822,4497006
1750844752.4522028,-8388608
1750844752.4641426,4533883
1750844752.4724073,-8388608
1750844752.4813135,4562108
1750844752.4928598,-8388608
1750844752.5010996,4627015
1750844752.5130901,-8388608
1750844752.5214796,4954632
1750844752.5340943,-7618744
1750844752.5424426,5472526
1750844752.550714,-6559768
1750844752.5627055,6203931
1750844752.5710511,-5606387
1750844752.5792017,6868556
1750844752.5914838,-4989310
1750844752.5997398,7476182
1750844752.6117797,-4379585
1750844752.6199846,7951987
1750844752.6319818,-3589947
1750844752.6402388,8280392
1750844752.6492314,-2544044
1750844752.6612952,8388607
1750844752.669482,-1450519
1750844752.6812987,8388607
1750844752.6890295,-502051
1750844752.6978133,8388607
1750844752.7098415,-1693407
1750844752.7185705,7316513
1750844752.7308187,-1699632
1750844752.7390647,6209026
1750844752.7473814,-1568092
1750844752.7590055,4816750
1750844752.7674766,-1364124
1750844752.7758784,3628563
1750844752.7880437,-1113179
1750844752.7959204,2537317
1750844752.8082592,-946474
1750844752.8164837,1568267
1750844752.8247802,1686014
1750844752.8367734,-3584364
1750844752.845424,4224259
1750844752.853686,-4336689
1750844752.8661504,4397565
1750844752.8740938,-4992416
1750844752.8865283,4469524
1750844752.8948529,-5881663
1750844752.902841,4354029
1750844752.9144678,-6569451
1750844752.9234698,4239425
1750844752.9354615,-7167771
1750844752.9437256,4172539
1750844752.9557164,-7577679
1750844752.9642007,4234993
1750844752.9721508,-7958117
1750844752.9841537,4400279
1750844752.9926803,-8388608
1750844753.0051591,4518775
1750844753.0134096,-8388608
1750844753.021657,4539087
1750844753.0336628,-8388608
1750844753.04191,4581714
1750844753.053912,-8388608
1750844753.0621593,4682361
1750844753.0738049,-8356919
1750844753.083057,5071442
1750844753.0908911,-7295168
1750844753.102997,5654338
1750844753.1109028,-6295024
1750844753.1191845,6373379
1750844753.1319952,-5389987
1750844753.1402495,6976449
1750844753.152999,-4861713
1750844753.160506,7589277
1750844753.1729064,-4175949
1750844753.1807573,7985197
1750844753.188978,-3265400
1750844753.201104,8321783
1750844753.2096624,-2241027
1750844753.2222695,8388607
1750844753.2305222,-1227263
1750844753.2387784,8388607
1750844753.2507634,-386046
1750844753.2590206,8388607
1750844753.27105,-1759524
1750844753.2792778,7022028
1750844753.2875957,-1716518
1750844753.2996216,5828395
1750844753.3078423,-1572325
1750844753.3160973,4443689
1750844753.3288383,-1315976
1750844753.3370893,3293596
1750844753.3490915,-1174696
1750844753.3573413,2262956
1750844753.3655972,-858220
1750844753.3776262,1317350
1750844753.3861523,1839028
1750844753.3944042,-3835107
1750844753.4064007,4244088
1750844753.4146438,-4569100
1750844753.426728,4380299
1750844753.4348922,-5284096
1750844753.44319,4449109
1750844753.45603,-6088008
1750844753.4634783,4311957
1750844753.4763718,-6714603
1750844753.4845364,4192824
1750844753.49616,-7279203
1750844753.5043159,4172920
1750844753.5125673,-7685684
1750844753.5253215,4292277
1750844753.533704,-8041942
1750844753.545226,4427501
1750844753.5539913,-8388608
1750844753.5622423,4525956
1750844753.5742688,-8388608
1750844753.5825193,4540915
1750844753.5948093,-8388608
1750844753.603056,4571997
1750844753.6150513,-8388608
1750844753.6233459,4736041
1750844753.6315508,-8163091
1750844753.643682,5185476
1750844753.6519332,-7103964
1750844753.6601827,5822024
1750844753.672944,-6192068
1750844753.680442,6480608
1750844753.692714,-5280757
1750844753.700965,7132194
1750844753.7137153,-4760156
1750844753.7219658,7679471
1750844753.7302148,-4022943
1750844753.742218,8030753
1750844753.7504737,-3102500
1750844753.7628832,8347144
1750844753.771143,-2108219
1750844753.7793915,8388607
1750844753.7914164,-1088272
1750844753.7996726,8388607
1750844753.8116663,-334536
1750844753.8199146,8388607
1750844753.8281655,-1788223
1750844753.8401656,6873199
1750844753.848416,-1757953
1750844753.8566773,5625105
1750844753.8694227,-1578465
1750844753.8769355,4251649
1750844753.8899522,-1323811
1750844753.8974524,3143141
1750844753.9102027,-1200202
1750844753.9184606,2151962
1750844753.9267118,-856150
1750844753.9349587,1178583
1750844753.9469566,1842481
1750844753.9552057,-3954540
1750844753.967213,4199418
1750844753.9754796,-4657752
1750844753.9837303,4343622
1750844753.9960008,-5394125
1750844754.0042489,4398478
1750844754.017001,-6172272
1750844754.0252523,4243952
1750844754.0372503,-6830563
1750844754.045502,4155410
1750844754.0537517,-7354252
1750844754.0657496,4114210
1750844754.0740047,-7731200
1750844754.0862591,4238235
1750844754.0945175,-8077847
1750844754.102766,4353857
1750844754.1147048,-8388608
1750844754.1229548,4470361
1750844754.1357036,-8388608
1750844754.1432052,4495601
1750844754.1559596,-8388608
1750844754.164201,4529289
1750844754.1724744,-8388608
1750844754.1844795,4698331
1750844754.1930017,-8106629
1750844754.2012525,5128615
1750844754.2132516,-7045132
1750844754.2215025,5756730
1750844754.2335057,-6059696
1750844754.2417521,6471547
1750844754.2537522,-5279612
1750844754.2620022,7139940
1750844754.2704434,-4804105
1750844754.2828486,7668681
1750844754.2911146,-4008537
1750844754.302974,8047184
1750844754.3112333,-3065533
1750844754.3196404,8347901
1750844754.332407,-2117221
1750844754.3399043,8388607
1750844754.3526528,-1095519
1750844754.360901,8388607
1750844754.3691576,-286108
1750844754.3811636,8388607
1750844754.3896947,-1750048
1750844754.3971963,6899262
1750844754.4098766,-1693011
1750844754.418139,5698317
1750844754.4301386,-1568749
1750844754.4381497,4325472
1750844754.450901,-1335121
1750844754.45915,3200644
1750844754.467123,-1195399
1750844754.4791205,2187779
1750844754.4876847,-873840
1750844754.4959204,1189345
1750844754.5083363,1816458
1750844754.5168233,-3923361
1750844754.5240624,4216108
1750844754.5370905,-4597756
1750844754.5450618,4371363
1750844754.5572455,-5348717
1750844754.565498,4397724
1750844754.5779243,-6124367
1750844754.5861957,4265550
1750844754.5939658,-6748234
1750844754.606349,4156845
1750844754.61424,-7285336
1750844754.6264355,4133602
1750844754.6347215,-7697507
1750844754.6437259,4230052
1750844754.6555758,-8030262
1750844754.6638446,4363029
1750844754.6761086,-8388608
1750844754.6843607,4468897
1750844754.6964154,-8388608
1750844754.7048714,4499642
1750844754.7125444,-8388608
1750844754.7251196,4560863
1750844754.733575,-8388608
1750844754.7418225,4711516
1750844754.753833,-8172430
1750844754.76184,5135567
1750844754.7748115,-7133380
1750844754.7823088,5750086
1750844754.7945976,-6162652
1750844754.802833,6408960
1750844754.8110957,-5310411
1750844754.8238769,7091907
1750844754.8320823,-4804425
1750844754.8440804,7642489
1750844754.852082,-4081636
1750844754.8603315,8012164
1750844754.8728337,-3263156
1750844754.880903,8317627
1750844754.8928804,-2167104
1750844754.9015784,8388607
1750844754.9136689,-1170193
1750844754.92191,8388607
1750844754.9301605,-312107
1750844754.9381673,8388607
1750844754.9510472,-1747858
1750844754.9589276,7029419
1750844754.9711242,-1711581
1750844754.978661,5797713
1750844754.9910712,-1576372
1750844754.9993234,4451005
1750844755.0080094,-1320182
1750844755.020224,3276509
1750844755.0283294,-1166817
1750844755.0405824,2233573
1750844755.0488355,-893887
1750844755.0570836,1309132
1750844755.0653455,1782734
1750844755.0773454,-3816929
1750844755.085596,4229956
1750844755.0975325,-4553742
1750844755.1063528,4389945
1750844755.1182308,-5214987
1750844755.1267068,4402163
1750844755.1350126,-5983179
1750844755.147082,4330935
1750844755.1553314,-6722404
1750844755.1671393,4218516
1750844755.1761496,-7238040
1750844755.1840966,4152485
1750844755.1960776,-7625423
1750844755.2043288,4261359
1750844755.2166195,-8016268
1750844755.2248,4390957
1750844755.2367876,-8388608
1750844755.2448845,4491700
1750844755.2532618,-8388608
1750844755.2653656,4511509
1750844755.2736135,-8388608
1750844755.2820718,4550463
1750844755.294343,-8388608
1750844755.3030336,4658650
1750844755.3150353,-8269152
1750844755.3232863,5047274
1750844755.3351893,-7295168
1750844755.3435497,5653276
1750844755.3523135,-6265608
1750844755.3639524,6335158
1750844755.37227,-5394631
1750844755.3841612,7013627
1750844755.3925672,-4907977
1750844755.4015682,7539665
1750844755.413301,-4204315
1750844755.4215727,7977188
1750844755.4340463,-3368439
1750844755.4415488,8290963
1750844755.454308,-2365810
1750844755.4625587,8388607
1750844755.470804,-1336176
1750844755.482808,8388607
1750844755.4915602,-516588
1750844755.4990537,8388607
1750844755.511218,-1759739
1750844755.5194812,7167743
1750844755.532233,-1743676
1750844755.5404778,6027179
1750844755.5487297,-1604801
1750844755.5607271,4678656
1750844755.5682287,-1354041
1750844755.581525,3521686
1750844755.5893095,-1132201
1750844755.5974839,2452246
1750844755.6097476,-937588
1750844755.6177828,1482733
1750844755.6260316,1631431
1750844755.6387804,-3653655
1750844755.6470304,4149703
1750844755.659033,-4424873
1750844755.6672869,4352568
1750844755.675539,-5094275
1750844755.6868923,4429847
1750844755.6961727,-5895637
1750844755.7074213,4317205
1750844755.7166033,-6590337
1750844755.7241008,4192696
1750844755.737104,-7118170
1750844755.745249,4143113
1750844755.7575104,-7560560
1750844755.7657602,4212665
1750844755.7774022,-7937397
1750844755.7853131,4360222
1750844755.793856,-8327491
1750844755.8065767,4465854
1750844755.81503,-8388608
1750844755.8228934,4526498
1750844755.8351455,-8388608
1750844755.8432264,4547784
1750844755.8558471,-8388608
1750844755.864098,4647545
1750844755.8761008,-8388608
1750844755.8843524,4974091
1750844755.8928862,-7501080
1750844755.9048815,5592982
1750844755.9130924,-6456812
1750844755.9250994,6231250
1750844755.933343,-5547709
1750844755.9414208,6877328
1750844755.9537683,-4997341
1750844755.9617124,7479636
1750844755.974678,-4365960
1750844755.9828846,7944269
1750844755.9943967,-3568765
1750844756.0029728,8223648
1750844756.0115275,-2565994
1750844756.0235336,8388607
1750844756.0317843,-1546680
1750844756.0437799,8388607
1750844756.0520349,-596418
1750844756.0607028,8388607
1750844756.0725467,-1671340
1750844756.080807,7396218
1750844756.0893285,-1727940
1750844756.1013296,6336810
1750844756.109578,-1623258
1750844756.1217146,5025008
1750844756.1298327,-1416221
1750844756.1382043,3713129
1750844756.1503696,-1158145
1750844756.1589866,2720362
1750844756.1672347,-983713
1750844756.1792443,1685855
1750844756.1874962,1508443
1750844756.199528,-3436997
1750844756.2077775,4157795
1750844756.2160282,-4238327
1750844756.22803,4380770
1750844756.2370226,-4888249
1750844756.249026,4442349
1750844756.2572882,-5712400
1750844756.26555,4382393
1750844756.2775385,-6405289
1750844756.2857995,4246783
1750844756.2980928,-6993311
1750844756.3063326,4193962
1750844756.3183331,-7451581
1750844756.326785,4217160
1750844756.335076,-7818774
1750844756.3470085,4377975
1750844756.3552926,-8224052
1750844756.363935,4462560
1750844756.3757138,-8388608
1750844756.383972,4541020
1750844756.396384,-8388608
1750844756.4046323,4554105
1750844756.4166005,-8388608
1750844756.424889,4630143
1750844756.4331465,-8388608
1750844756.4451363,4899351
1750844756.4534094,-7751116
1750844756.4661624,5435352
1750844756.4744349,-6706848
1750844756.4826992,6077296
1750844756.4944565,-5734916
1750844756.5034182,6731429
1750844756.5153642,-5139755
1750844756.5237198,7339750
1750844756.535713,-4562300
1750844756.5439794,7836837
1750844756.5522537,-3752899
