0.0006	0.00000160
0.0053	0.00000121
0.0104	-0.00000017
0.0159	0.00000005
0.0203	-0.00000030
0.0254	0.00000015
0.0303	0.00000023
0.0370	0.00000198
0.0413	0.00000081
0.0463	-0.00000219
0.0535	-0.00000124
0.0585	0.00000052
0.0633	0.00000104
0.0677	0.00000114
0.0735	0.00000024
0.0781	-0.00000013
0.0831	0.00000141
0.0882	0.00000231
0.0923	0.00000103
0.0974	0.00000058
0.1017	0.00000057
0.1067	0.00000002
0.1118	0.00000049
0.1168	-0.00000013
0.1217	0.00000096
0.1268	0.00000080
0.1319	0.00000071
0.1363	0.00000189
0.1413	0.00000192
0.1464	0.00000084
0.1508	0.00000047
0.1558	0.00000169
0.1608	0.00000466
0.1658	0.00000315
0.1708	0.00000246
0.1757	0.00000089
0.1809	0.00000104
0.1858	-0.00000084
0.1908	-0.00000097
0.1958	-0.00000194
0.2009	-0.00000152
0.2051	0.00000024
0.2102	-0.00000014
0.2152	0.00000133
0.2202	0.00000064
0.2252	0.00000141
0.2302	0.00000135
0.2352	0.00000121
0.2402	0.00000147
0.2452	0.00000148
0.2497	0.00000105
0.2547	0.00000041
0.2597	0.00000234
0.2648	0.00000206
0.2697	0.00000314
0.2747	0.00000237
0.2797	0.00000199
0.2847	0.00000099
0.2898	-0.00000003
0.2947	-0.00000055
0.2998	-0.00000129
0.3047	-0.00000083
0.3097	-0.00000156
0.3147	-0.00000109
0.3196	-0.00000009
0.3247	0.00000179
0.3297	0.00000101
0.3347	0.00000065
0.3393	0.00000025
0.3443	-0.00000030
0.3488	-0.00000143
0.3538	-0.00000259
0.3588	-0.00000202
0.3639	0.00000025
0.3689	-0.00000003
0.3738	0.00000059
0.3788	0.00000141
0.3838	0.00000182
0.3888	0.00000209
0.3939	0.00000192
0.3987	0.00000234
0.4038	0.00000208
0.4088	0.00000048
0.4139	0.00000153
0.4188	0.00000113
0.4238	0.00000094
0.4288	0.00000160
0.4338	0.00000290
0.4388	0.00000177
0.4438	0.00000140
0.4484	0.00000237
0.4533	0.00000144
0.4583	0.00000051
0.4634	0.00000094
0.4683	-0.00000088
0.4733	0.00000045
0.4783	0.00000005
0.4833	-0.00000051
0.4883	-0.00000120
0.4933	-0.00000129
0.4983	0.00000041
0.5038	0.00000143
0.5083	0.00000167
0.5138	0.00000011
0.5183	0.00000122
0.5233	0.00000007
0.5283	0.00000142
0.5333	0.00000039
0.5382	-0.00000182
0.5433	-0.00000286
0.5483	-0.00000269
0.5529	-0.00000510
0.5579	-0.00000345
0.5628	-0.00000239
0.5678	-0.00000138
0.5725	-0.00000303
0.5776	-0.00000249
0.5826	-0.00000137
0.5869	-0.00000242
0.5924	-0.00000282
0.5968	-0.00000257
0.6021	-0.00000143
0.6063	-0.00000189
0.6111	-0.00000078
0.6162	0.00000079
0.6212	0.00000212
0.6262	0.00000150
0.6311	0.00000010
0.6353	0.00000012
0.6400	0.00000022
0.6451	-0.00000007
0.6499	-0.00000090
0.6546	-0.00000165
0.6595	-0.00000100
0.6645	0.00000050
0.6695	-0.00000102
0.6737	0.00000001
0.6784	-0.00000054
0.6833	0.00000085
0.6884	0.00000025
0.6930	0.00000052
0.6981	-0.00000122
0.7034	-0.00000089
0.7083	0.00000051
0.7130	-0.00000158
0.7181	-0.00000138
0.7230	-0.00000193
0.7279	-0.00000171
0.7330	-0.00000176
0.7374	0.00000051
0.7425	0.00000077
0.7475	0.00000122
0.7524	0.00000192
0.7572	0.00000178
0.7623	0.00000161
0.7672	0.00000230
0.7719	0.00000266
0.7762	0.00000307
0.7803	0.00000227
0.7856	-0.00000029
0.7899	-0.00000151
0.7944	-0.00000128
0.7995	-0.00000151
0.8038	0.00000003
0.8088	0.00000159
0.8137	0.00000241
0.8186	0.00000245
0.8229	0.00000212
0.8278	0.00000163
0.8329	0.00000178
0.8377	0.00000123
0.8427	0.00000252
0.8476	0.00000143
0.8525	-0.00000026
0.8571	-0.00000152
0.8621	-0.00000304
0.8669	-0.00000228
0.8711	-0.00000167
0.8761	-0.00000082
0.8810	-0.00000065
0.8860	-0.00000115
0.8911	-0.00000057
0.8961	0.00000094
0.9012	-0.00000030
0.9056	0.00000046
0.9099	0.00000057
0.9150	0.00000032
0.0023	0.00000057
0.0076	0.00000139
0.0149	0.00000197
0.0198	0.00000207
0.0248	0.00000087
0.0298	0.00000115
0.0341	-0.00000200
0.0391	-0.00000225
0.0441	0.00000001
0.0491	-0.00000012
0.0541	0.00000028
0.0591	-0.00000080
0.0641	0.00000149
0.0691	0.00000187
0.0742	0.00000258
0.0792	0.00000197
0.0841	0.00000104
0.0892	0.00000111
0.0942	-0.00000070
0.0992	-0.00000079
0.1042	0.00000001
0.1093	-0.00000022
0.1142	0.00000026
0.1192	-0.00000179
0.1243	-0.00000065
0.1296	-0.00000104
0.1342	-0.00000083
0.1393	-0.00000116
0.1441	-0.00000044
0.1491	-0.00000121
0.1542	-0.00000093
0.1592	-0.00000004
0.1650	0.00000044
0.1692	0.00000015
0.1742	0.00000059
0.1794	-0.00000092
0.1843	0.00000032
0.1892	0.00000123
0.1942	0.00000200
0.1991	0.00000073
0.2041	-0.00000024
0.2091	-0.00000032
0.2142	-0.00000087
0.2191	-0.00000030
0.2242	0.00000035
0.2289	-0.00000039
0.2338	-0.00000008
0.2389	0.00000092
0.2432	0.00000182
0.2482	0.00000390
0.2533	0.00000270
0.2586	0.00000387
0.2633	0.00000202
0.2679	0.00000206
0.2721	0.00000145
0.2772	0.00000060
0.2822	0.00000133
0.2871	0.00000000
0.2922	0.00000045
0.2971	0.00000002
0.3020	-0.00000090
0.3063	-0.00000062
0.3108	-0.00000017
0.3157	-0.00000007
0.3209	-0.00000017
0.3259	0.00000131
0.3315	-0.00000042
0.3366	0.00000003
0.3417	-0.00000036
0.3457	0.00000058
0.3506	0.00000222
0.3554	0.00000209
0.3603	0.00000102
0.3654	0.00000064
0.3704	0.00000079
0.3748	0.00000011
0.3791	-0.00000058
0.3841	-0.00000065
0.3886	-0.00000274
0.3935	-0.00000139
0.3987	-0.00000136
0.4036	-0.00000113
0.4085	-0.00000136
0.4135	-0.00000049
0.4187	-0.00000150
0.4236	-0.00000038
0.4285	-0.00000134
0.4327	-0.00000071
0.4370	-0.00000018
0.4419	0.00000020
0.4468	-0.00000005
0.4510	-0.00000051
0.4562	-0.00000014
0.4610	-0.00000004
0.4660	-0.00000030
0.4711	0.00000097
0.4761	0.00000104
0.4802	0.00000143
0.4846	0.00000114
0.4889	0.00000244
0.4934	0.00000311
0.4984	0.00000264
0.5035	0.00000177
0.5078	0.00000258
0.5129	0.00000300
0.5180	0.00000275
0.5222	0.00000256
0.5271	0.00000145
0.5317	0.00000122
0.5359	0.00000249
0.5403	0.00000186
0.5448	0.00000130
0.5497	0.00000102
0.5548	-0.00000060
0.5597	0.00000109
0.5647	-0.00000042
0.5690	-0.00000068
0.5740	-0.00000180
0.5789	-0.00000119
0.5840	-0.00000255
0.5882	-0.00000126
0.5933	-0.00000204
0.5983	-0.00000174
0.6034	-0.00000000
0.6084	-0.00000145
0.6134	-0.00000267
0.6184	-0.00000298
0.6228	-0.00000291
0.6272	-0.00000379
0.6321	-0.00000234
0.6366	-0.00000076
0.6416	-0.00000051
0.6466	0.00000159
0.6515	0.00000256
0.6565	0.00000262
0.6616	0.00000150
0.6667	0.00000150
0.6715	0.00000128
0.6765	-0.00000057
0.6815	0.00000106
0.6865	0.00000016
0.6915	-0.00000135
0.6965	-0.00000092
0.7015	-0.00000056
0.7065	0.00000051
0.7115	0.00000008
0.7164	-0.00000137
0.7215	-0.00000014
0.7265	-0.00000154
0.7314	-0.00000126
0.7361	-0.00000143
0.7411	-0.00000314
0.7461	-0.00000398
0.7511	-0.00000195
0.7561	-0.00000068
0.7610	-0.00000075
0.7662	-0.00000012
0.7710	0.00000186
0.7761	0.00000160
0.7812	0.00000266
0.7862	0.00000245
0.7911	0.00000274
0.7960	0.00000335
0.8011	0.00000112
0.8061	0.00000004
0.8111	-0.00000014
0.8161	0.00000075
0.8211	0.00000024
0.8261	0.00000157
0.8312	0.00000216
0.8356	0.00000248
0.8406	0.00000270
0.8456	0.00000362
0.8506	0.00000090
0.8556	-0.00000020
0.8606	0.00000012
0.8656	-0.00000064
0.8706	0.00000106
0.8756	0.00000050
0.8807	0.00000038
0.8856	-0.00000036
0.8906	-0.00000100
0.8956	0.00000088
0.9004	0.00000072
0.9051	0.00000123
0.9102	-0.00000046
0.9154	-0.00000037
0.9204	0.00000255
0.9254	0.00000199
0.9302	0.00000206
0.9350	0.00000232
0.9400	0.00000151
0.9449	0.00000115
0.9500	0.00000131
0.9550	0.00000144
0.9599	0.00000219
0.9649	0.00000281
0.9699	0.00000239
0.9750	0.00000226
0.9799	0.00000187
0.9850	0.00000164
0.9900	-0.00000028
0.9949	0.00000057
0.9999	-0.00000063
1.0050	-0.00000116
1.0099	-0.00000095
1.0144	-0.00000086
1.0194	0.00000071
1.0244	-0.00000071
1.0294	-0.00000095
1.0340	-0.00000158
1.0390	-0.00000128
1.0439	-0.00000217
1.0490	-0.00000243
1.0539	-0.00000151
1.0589	-0.00000158
1.0640	-0.00000145
1.0690	-0.00000191
1.0739	-0.00000178
1.0790	-0.00000100
1.0840	-0.00000023
1.0889	-0.00000006
1.0940	0.00000101
1.0991	-0.00000022
1.1035	-0.00000182
1.1082	-0.00000220
1.1125	-0.00000211
1.1175	-0.00000079
1.1223	0.00000014
1.1268	-0.00000051
1.1317	0.00000016
1.1364	-0.00000054
1.1415	0.00000182
1.1465	0.00000224
1.1515	0.00000251
1.1557	0.00000125
1.1606	0.00000091
1.1655	0.00000224
1.1698	0.00000249
1.1739	0.00000204
1.1790	0.00000179
1.1839	0.00000140
1.1889	0.00000069
1.1939	0.00000025
1.1990	0.00000247
1.2032	0.00000044
1.2074	-0.00000038
1.2120	-0.00000040
1.2170	0.00000134
1.2217	0.00000225
1.2264	0.00000170
1.2312	-0.00000061
1.2358	-0.00000122
1.2401	-0.00000035
1.2446	0.00000062
1.2495	0.00000066
1.2545	0.00000027
1.2596	0.00000079
1.2645	0.00000059
1.2699	0.00000102
1.2742	0.00000070
1.2793	0.00000047
1.2843	-0.00000020
1.2893	-0.00000069
1.2943	-0.00000186
1.2990	-0.00000058
1.3033	0.00000083
1.3077	0.00000171
1.3126	0.00000212
1.3173	0.00000254
1.3218	0.00000448
1.3261	0.00000261
1.3310	0.00000373
1.3352	0.00000199
1.3401	0.00000228
1.3452	0.00000027
1.3503	-0.00000257
1.3546	-0.00000117
1.3590	-0.00000108
1.3639	-0.00000183
1.3684	-0.00000100
1.3727	-0.00000243
1.3771	-0.00000133
1.3822	-0.00000158
1.3871	-0.00000159
1.3920	-0.00000051
1.3969	-0.00000100
1.4012	-0.00000156
1.4063	-0.00000137
1.4112	-0.00000160
1.4162	-0.00000194
1.4205	-0.00000051
1.4249	-0.00000277
1.4295	-0.00000235
1.4340	-0.00000052
1.4385	-0.00000112
1.4435	-0.00000107
1.4483	-0.00000153
1.4535	-0.00000154
1.4579	-0.00000196
1.4622	-0.00000399
1.4671	-0.00000470
1.4721	-0.00000439
1.4770	-0.00000332
1.4820	-0.00000193
1.4870	-0.00000143
1.4911	-0.00000176
1.4961	-0.00000091
1.5003	-0.00000066
1.5044	-0.00000204
1.5087	-0.00000073
1.5137	0.00000155
1.5184	0.00000041
1.5225	0.00000063
1.5269	0.00000095
1.5319	0.00000041
1.5368	-0.00000043
1.5417	-0.00000128
1.5459	-0.00000158
1.5511	-0.00000300
1.5560	-0.00000321
1.5610	-0.00000208
1.5661	-0.00000347
1.5710	-0.00000427
1.5760	-0.00000354
1.5808	-0.00000270
1.5854	-0.00000277
1.5902	-0.00000233
1.5951	-0.00000215
1.6002	-0.00000190
1.6050	-0.00000169
1.6094	-0.00000169
1.6144	-0.00000196
1.6194	-0.00000333
1.6247	-0.00000305
1.6295	-0.00000362
1.6346	-0.00000446
1.6390	-0.00000511
1.6440	-0.00000606
1.6491	-0.00000444
1.6539	-0.00000526
1.6589	-0.00000500
1.6634	-0.00000212
1.6682	-0.00000258
1.6732	-0.00000261
1.6782	-0.00000240
1.6832	-0.00000016
1.6874	-0.00000100
1.6924	-0.00000167
1.6967	-0.00000129
1.7017	-0.00000193
1.7068	-0.00000106
1.7118	0.00000005
1.7168	0.00000160
1.7213	0.00000132
1.7264	0.00000122
1.7312	0.00000264
1.7362	0.00000182
1.7414	0.00000147
1.7462	0.00000165
1.7512	0.00000138
1.7564	-0.00000006
1.7612	-0.00000013
1.7662	0.00000048
1.7714	-0.00000139
1.7762	-0.00000145
1.7813	0.00000004
1.7861	-0.00000014
1.7903	-0.00000105
1.7952	-0.00000171
1.8004	-0.00000115
1.8058	-0.00000009
1.8100	-0.00000047
1.8149	-0.00000183
1.8200	0.00000005
1.8241	-0.00000088
1.8284	-0.00000017
1.8334	0.00000085
1.8381	0.00000058
1.8422	0.00000106
1.8465	0.00000106
1.8515	0.00000210
1.8557	0.00000029
1.8608	-0.00000027
1.8656	0.00000165
1.8698	0.00000060
1.8740	0.00000093
1.8789	-0.00000025
1.8840	0.00000142
1.8894	0.00000175
1.8942	0.00000149
1.8992	0.00000060
1.9045	-0.00000032
1.9095	-0.00000105
1.9145	-0.00000107
1.9195	0.00000021
1.9245	0.00000206
1.9296	0.00000082
1.9338	0.00000066
1.9386	0.00000086
1.9434	0.00000100
1.9474	0.00000077
1.9525	-0.00000088
1.9574	-0.00000072
1.9624	-0.00000097
1.9675	-0.00000191
1.9722	0.00000025
1.9766	-0.00000011
1.9816	0.00000140
1.9866	0.00000053
1.9916	0.00000009
1.9969	0.00000138
2.0015	0.00000135
2.0065	0.00000085
2.0115	0.00000238
2.0165	0.00000133
2.0215	0.00000135
2.0267	0.00000189
2.0316	0.00000117
2.0362	0.00000149
2.0409	0.00000109
2.0452	0.00000127
2.0498	0.00000135
2.0549	0.00000140
2.0598	-0.00000094
2.0647	-0.00000054
2.0698	0.00000016
2.0750	-0.00000108
2.0798	-0.00000071
2.0849	-0.00000082
2.0899	0.00000020
2.0941	-0.00000167
2.0989	-0.00000074
2.1042	-0.00000047
2.1084	-0.00000147
2.1134	-0.00000126
2.1187	-0.00000173
2.1232	-0.00000158
2.1273	-0.00000167
2.1326	-0.00000219
2.1372	-0.00000315
2.1422	-0.00000113
2.1473	-0.00000156
2.1522	0.00000036
2.1572	-0.00000060
2.1621	-0.00000269
2.1672	-0.00000160
2.1721	-0.00000071
2.1771	-0.00000110
2.1821	-0.00000100
2.1863	-0.00000234
2.1905	-0.00000237
2.1956	-0.00000354
2.2005	-0.00000259
2.2050	-0.00000164
2.2101	0.00000043
2.2151	0.00000269
2.2203	0.00000460
2.2254	0.00000345
2.2304	0.00000119
2.2354	0.00000124
2.2402	0.00000165
2.2451	0.00000237
2.2500	0.00000198
2.2543	0.00000215
2.2584	0.00000223
2.2633	0.00000175
2.2687	0.00000102
2.2734	0.00000047
2.2780	0.00000131
2.2832	0.00000074
2.2876	-0.00000153
2.2924	0.00000047
2.2972	0.00000068
2.3022	0.00000151
2.3071	0.00000217
2.3122	0.00000224
2.3173	0.00000143
2.3224	0.00000195
2.3268	0.00000131
2.3318	0.00000026
2.3366	-0.00000049
2.3418	0.00000070
2.3459	0.00000043
2.3511	0.00000009
2.3554	-0.00000074
2.3600	0.00000043
2.3646	0.00000046
2.3690	-0.00000104
2.3739	-0.00000184
2.3791	0.00000012
2.3841	0.00000238
2.3891	0.00000087
2.3935	-0.00000099
2.3977	-0.00000038
2.4027	0.00000046
2.4078	-0.00000065
2.4127	0.00000024
2.4178	-0.00000032
2.4222	-0.00000125
2.4272	-0.00000191
2.4326	-0.00000134
2.4372	0.00000019
2.4424	0.00000071
2.4476	0.00000111
2.4520	0.00000168
2.4564	0.00000148
2.4617	0.00000137
2.4668	0.00000290
2.4719	0.00000279
2.4764	0.00000135
2.4813	0.00000097
2.4863	0.00000134
2.4906	0.00000060
2.4946	0.00000025
2.4997	-0.00000190
2.5045	-0.00000121
2.5088	-0.00000093
2.5139	0.00000057
2.5182	0.00000096
2.5234	-0.00000083
2.5282	-0.00000059
2.5334	-0.00000024
2.5375	-0.00000198
2.5428	-0.00000116
2.5476	-0.00000115
2.5520	0.00000006
2.5572	-0.00000078
2.5620	-0.00000128
2.5670	-0.00000290
2.5712	-0.00000206
2.5755	-0.00000127
2.5805	-0.00000170
2.5847	-0.00000107
2.5897	0.00000079
2.5947	0.00000094
2.5996	-0.00000005
2.6037	0.00000013
2.6081	-0.00000119
2.6134	-0.00000076
2.6183	-0.00000105
2.6232	-0.00000124
2.6275	-0.00000120
2.6326	-0.00000114
2.6368	-0.00000351
2.6414	-0.00000200
2.6463	-0.00000223
2.6514	-0.00000055
2.6565	-0.00000145
2.6615	-0.00000110
2.6668	-0.00000218
2.6721	-0.00000059
2.6763	0.00000054
2.6811	0.00000171
2.6862	0.00000032
2.6910	0.00000196
2.6960	0.00000261
2.7009	0.00000276
2.7060	0.00000300
2.7109	0.00000258
2.7159	0.00000092
2.7202	0.00000092
2.7252	0.00000001
2.7301	0.00000072
2.7351	0.00000164
2.7394	0.00000197
2.7441	-0.00000181
2.7491	-0.00000278
2.7541	-0.00000255
2.7591	-0.00000261
2.7641	-0.00000237
2.7684	-0.00000289
2.7728	-0.00000155
2.7777	-0.00000113
2.7825	-0.00000217
2.7874	-0.00000288
2.7925	-0.00000364
2.7974	-0.00000325
2.8024	-0.00000383
2.8078	-0.00000361
2.8120	-0.00000288
2.8173	-0.00000201
2.8218	-0.00000206
2.8259	-0.00000260
2.8309	-0.00000220
2.8359	0.00000043
2.8408	0.00000012
2.8457	-0.00000112
2.8508	-0.00000114
2.8552	0.00000008
2.8601	-0.00000051
2.8651	-0.00000056
2.8702	-0.00000022
2.8753	0.00000033
2.8802	-0.00000081
2.8852	-0.00000018
2.8903	0.00000088
2.8951	0.00000151
2.9000	0.00000244
2.9051	0.00000227
2.9102	0.00000112
2.9150	0.00000046
2.9192	0.00000024
2.9244	-0.00000170
2.9290	-0.00000220
2.9337	-0.00000165
2.9383	-0.00000096
2.9433	-0.00000215
2.9477	-0.00000113
2.9528	-0.00000067
2.9577	-0.00000035
2.9625	-0.00000045
2.9676	0.00000141
2.9718	0.00000040
2.9761	0.00000056
2.9810	-0.00000005
2.9861	0.00000194
2.9904	0.00000420
2.9954	0.00000384
3.0006	0.00000287
3.0056	0.00000136
3.0107	0.00000418
3.0155	0.00000437
3.0205	0.00000285
3.0249	0.00000132
3.0297	0.00000129
3.0347	0.00000055
3.0402	0.00000058
3.0445	-0.00000014
3.0496	0.00000052
3.0541	-0.00000090
3.0591	-0.00000124
3.0639	-0.00000155
3.0691	-0.00000218
3.0734	-0.00000185
3.0783	-0.00000050
3.0834	-0.00000121
3.0879	0.00000019
3.0931	0.00000029
3.0983	-0.00000013
3.1032	0.00000046
3.1082	-0.00000044
3.1132	-0.00000084
3.1182	0.00000019
3.1227	0.00000096
3.1274	0.00000097
3.1324	-0.00000026
3.1374	-0.00000014
3.1421	0.00000156
3.1471	0.00000023
3.1515	-0.00000142
3.1559	-0.00000063
3.1606	0.00000048
3.1654	-0.00000071
3.1698	0.00000041
3.1740	0.00000184
3.1789	0.00000130
3.1841	0.00000014
3.1885	-0.00000043
3.1935	0.00000072
3.1986	-0.00000005
3.2030	-0.00000010
3.2079	-0.00000107
3.2127	-0.00000076
3.2170	-0.00000216
3.2221	-0.00000160
3.2264	-0.00000040
3.2314	-0.00000166
3.2364	-0.00000310
3.2417	-0.00000407
3.2468	-0.00000408
3.2519	-0.00000252
3.2571	-0.00000284
3.2621	-0.00000165
3.2670	-0.00000047
3.2721	0.00000080
3.2771	0.00000058
3.2823	0.00000149
3.2870	0.00000199
3.2920	-0.00000009
3.2969	-0.00000074
3.3011	-0.00000112
3.3063	-0.00000083
3.3111	-0.00000157
3.3161	-0.00000240
3.3203	-0.00000191
3.3253	-0.00000152
3.3304	-0.00000206
3.3355	-0.00000068
3.3409	-0.00000113
3.3459	-0.00000090
3.3502	0.00000081
3.3553	0.00000106
3.3601	0.00000089
3.3650	-0.00000027
3.3703	-0.00000155
3.3752	-0.00000351
3.3799	-0.00000371
3.3851	-0.00000375
3.3902	-0.00000335
3.3950	-0.00000274
3.4003	-0.00000148
3.4046	-0.00000282
3.4091	-0.00000362
3.4142	-0.00000229
3.4191	-0.00000095
3.4242	-0.00000248
3.4288	-0.00000097
3.4339	-0.00000173
3.4385	-0.00000276
3.4435	-0.00000417
3.4485	-0.00000317
3.4536	-0.00000181
3.4578	-0.00000053
3.4626	-0.00000005
3.4677	-0.00000001
3.4721	-0.00000099
3.4771	-0.00000127
3.4821	-0.00000210
3.4863	-0.00000088
3.4913	-0.00000093
3.4962	0.00000051
3.5014	-0.00000017
3.5061	-0.00000149
3.5106	-0.00000307
3.5157	-0.00000155
3.5200	-0.00000182
3.5250	-0.00000097
3.5302	-0.00000017
3.5352	0.00000039
3.5396	-0.00000077
3.5439	0.00000020
3.5490	0.00000114
3.5540	0.00000066
3.5582	0.00000161
3.5632	0.00000125
3.5682	0.00000162
3.5732	0.00000150
3.5782	0.00000235
3.5833	0.00000154
3.5876	0.00000072
3.5920	0.00000107
3.5970	-0.00000017
3.6012	-0.00000171
3.6061	-0.00000230
3.6111	-0.00000144
3.6160	-0.00000216
3.6204	-0.00000315
3.6253	-0.00000163
3.6295	-0.00000211
3.6346	-0.00000097
3.6390	-0.00000274
3.6439	-0.00000379
3.6491	-0.00000493
3.6541	-0.00000619
3.6587	-0.00000450
3.6635	-0.00000175
3.6686	-0.00000128
3.6736	-0.00000118
3.6785	-0.00000015
3.6835	0.00000130
3.6886	0.00000304
3.6935	0.00000187
3.6986	0.00000142
3.7036	0.00000027
3.7086	-0.00000141
3.7136	0.00000067
3.7186	0.00000075
3.7236	0.00000075
3.7287	-0.00000004
3.7335	-0.00000074
3.7386	-0.00000160
3.7432	-0.00000223
3.7483	-0.00000107
3.7533	-0.00000281
3.7583	-0.00000179
3.7634	-0.00000215
3.7683	-0.00000224
3.7734	-0.00000123
3.7782	-0.00000162
3.7834	-0.00000174
3.7883	-0.00000067
3.7932	0.00000029
3.7982	0.00000093
3.8034	0.00000022
3.8084	-0.00000021
3.8133	0.00000017
3.8183	0.00000095
3.8234	0.00000129
3.8285	0.00000070
3.8335	0.00000116
3.8385	0.00000084
3.8431	0.00000193
3.8483	0.00000245
3.8533	-0.00000048
3.8582	-0.00000063
3.8630	-0.00000162
3.8673	-0.00000034
3.8722	-0.00000020
3.8771	-0.00000078
3.8821	-0.00000144
3.8872	-0.00000112
3.8921	-0.00000059
3.8972	-0.00000231
3.9022	-0.00000064
3.9072	-0.00000160
3.9121	-0.00000104
3.9173	-0.00000052
3.9223	-0.00000102
3.9272	-0.00000262
3.9322	-0.00000137
3.9374	-0.00000062
3.9425	-0.00000159
3.9472	-0.00000387
3.9521	-0.00000154
3.9572	-0.00000193
3.9621	-0.00000269
3.9672	-0.00000355
3.9722	-0.00000273
3.9771	-0.00000296
3.9820	-0.00000285
3.9872	-0.00000061
3.9922	0.00000051
3.9975	0.00000252
4.0022	0.00000166
4.0072	0.00000162
4.0121	0.00000191
4.0174	0.00000115
4.0222	0.00000238
4.0271	0.00000237
4.0320	0.00000332
4.0371	0.00000204
4.0429	0.00000382
4.0481	0.00000256
4.0528	0.00000168
4.0579	0.00000145
4.0631	0.00000081
4.0680	0.00000022
4.0728	0.00000000
4.0769	0.00000100
4.0819	-0.00000025
4.0871	-0.00000009
4.0920	-0.00000067
4.0964	-0.00000026
4.1015	0.00000166
4.1061	0.00000444
4.1106	0.00000536
4.1156	0.00000388
4.1206	0.00000376
4.1248	0.00000197
4.1290	0.00000125
4.1341	0.00000294
4.1390	0.00000245
4.1436	0.00000193
4.1482	0.00000178
4.1533	0.00000249
4.1584	0.00000003
4.1634	-0.00000022
4.1683	-0.00000108
4.1728	0.00000007
4.1771	-0.00000050
4.1817	-0.00000039
4.1861	-0.00000023
4.1904	0.00000022
4.1955	0.00000088
4.2003	0.00000113
4.2053	0.00000226
4.2105	0.00000210
4.2154	0.00000060
4.2196	0.00000102
4.2246	0.00000249
4.2296	0.00000331
4.2338	0.00000345
4.2387	0.00000236
4.2433	0.00000042
4.2475	-0.00000245
4.2516	-0.00000186
4.2559	-0.00000277
4.2603	-0.00000263
4.2652	-0.00000281
4.2694	-0.00000272
4.2745	-0.00000354
4.2790	-0.00000249
4.2841	-0.00000254
4.2890	-0.00000304
4.2940	-0.00000086
4.2988	-0.00000172
4.3032	-0.00000270
4.3085	-0.00000232
4.3134	-0.00000338
4.3183	-0.00000169
4.3234	-0.00000101
4.3283	-0.00000340
4.3333	-0.00000402
4.3382	-0.00000239
4.3425	-0.00000276
4.3468	-0.00000344
4.3512	-0.00000164
4.3555	-0.00000145
4.3606	-0.00000146
4.3652	-0.00000141
4.3703	-0.00000242
4.3751	-0.00000126
4.3794	-0.00000207
4.3835	-0.00000119
4.3880	-0.00000085
4.3927	-0.00000076
4.3979	-0.00000275
4.4029	-0.00000121
4.4071	-0.00000034
4.4121	0.00000059
4.4162	0.00000094
4.4207	0.00000083
4.4252	0.00000233
4.4306	0.00000142
4.4356	0.00000250
4.4400	0.00000170
4.4452	0.00000020
4.4504	0.00000082
4.4553	-0.00000051
4.4601	-0.00000049
4.4651	0.00000072
4.4692	0.00000019
4.4743	0.00000134
4.4791	0.00000283
4.4843	0.00000153
4.4889	0.00000113
4.4940	0.00000064
4.4989	0.00000053
4.5041	0.00000109
4.5093	-0.00000004
4.5143	0.00000035
4.5194	-0.00000008
4.5238	0.00000142
4.5288	0.00000230
4.5339	0.00000258
4.5380	0.00000319
4.5423	0.00000241
4.5469	0.00000236
4.5512	0.00000365
4.5571	0.00000329
4.5621	0.00000091
4.5670	0.00000116
4.5721	0.00000028
4.5770	-0.00000113
4.5820	0.00000006
4.5863	-0.00000139
4.5911	-0.00000250
4.5962	-0.00000136
4.6013	-0.00000093
4.6061	0.00000020
4.6111	-0.00000175
4.6161	-0.00000074
4.6205	-0.00000066
4.6251	-0.00000139
4.6300	0.00000000
4.6352	0.00000008
4.6396	0.00000104
4.6441	0.00000144
4.6491	0.00000296
4.6541	-0.00000000
4.6590	-0.00000051
4.6639	-0.00000063
4.6690	-0.00000074
4.6741	0.00000010
4.6791	0.00000139
4.6833	0.00000289
4.6875	0.00000281
4.6923	0.00000288
4.6973	0.00000253
4.7022	0.00000198
4.7066	0.00000190
4.7109	0.00000008
4.7157	0.00000031
4.7202	0.00000043
4.7244	0.00000098
4.7295	0.00000187
4.7346	0.00000099
4.7397	0.00000081
4.7445	0.00000254
4.7490	0.00000059
4.7538	0.00000045
4.7582	-0.00000016
4.7624	0.00000155
4.7665	0.00000156
4.7717	0.00000077
4.7765	-0.00000025
4.7810	-0.00000096
4.7858	-0.00000091
4.7910	0.00000040
4.7961	-0.00000029
4.8010	0.00000030
4.8060	0.00000015
4.8109	0.00000195
4.8159	0.00000259
4.8209	0.00000214
4.8258	0.00000012
4.8307	-0.00000019
4.8349	-0.00000054
4.8399	0.00000205
4.8450	0.00000146
4.8495	0.00000196
4.8545	0.00000024
4.8595	0.00000130
4.8645	0.00000053
4.8695	0.00000005
4.8742	-0.00000079
4.8787	-0.00000209
4.8829	-0.00000157
4.8874	-0.00000240
4.8923	-0.00000143
4.8973	-0.00000109
4.9023	-0.00000059
4.9066	-0.00000167
4.9109	-0.00000320
4.9158	-0.00000082
4.9202	-0.00000006
4.9247	0.00000062
4.9295	0.00000266
4.9340	0.00000239
4.9390	0.00000086
4.9438	0.00000045
4.9482	0.00000059
4.9524	0.00000122
4.9567	0.00000165
4.9617	0.00000077
4.9660	0.00000091
4.9710	0.00000081
4.9752	0.00000079
4.9805	0.00000127
4.9854	0.00000145
4.9898	0.00000145
4.9945	0.00000081
4.9999	0.00000020
5.0043	0.00000073
5.0090	0.00000133
5.0139	0.00000127
5.0191	0.00000166
5.0233	0.00000200
5.0282	0.00000290
5.0333	0.00000357
5.0374	0.00000375
5.0417	0.00000244
5.0465	0.00000205
5.0515	0.00000075
5.0564	-0.00000122
5.0615	-0.00000193
5.0657	-0.00000203
5.0703	0.00000036
5.0748	-0.00000003
5.0798	0.00000059
5.0848	-0.00000125
5.0902	-0.00000157
5.0950	-0.00000105
5.0999	-0.00000025
5.1041	-0.00000218
5.1093	-0.00000009
5.1143	-0.00000059
5.1193	0.00000056
5.1235	0.00000149
5.1284	0.00000182
5.1335	0.00000088
5.1385	0.00000027
5.1435	0.00000010
5.1488	-0.00000190
5.1530	-0.00000184
5.1572	-0.00000054
5.1621	-0.00000074
5.1663	-0.00000003
5.1706	-0.00000015
5.1754	0.00000160
5.1803	0.00000086
5.1854	-0.00000131
5.1903	-0.00000127
5.1947	-0.00000283
5.1998	-0.00000107
5.2048	-0.00000148
5.2099	-0.00000091
5.2159	0.00000083
5.2202	-0.00000052
5.2245	-0.00000113
5.2295	-0.00000287
5.2345	-0.00000285
5.2395	-0.00000340
5.2443	-0.00000355
5.2488	-0.00000217
5.2531	-0.00000029
5.2572	-0.00000112
5.2621	-0.00000141
5.2662	-0.00000202
5.2705	-0.00000317
5.2754	-0.00000282
5.2800	-0.00000154
5.2841	-0.00000327
5.2891	-0.00000523
5.2934	-0.00000396
5.2980	-0.00000280
5.3032	-0.00000484
5.3083	-0.00000119
5.3132	-0.00000131
5.3182	0.00000061
5.3232	-0.00000083
5.3281	-0.00000131
5.3323	-0.00000239
5.3373	-0.00000065
5.3422	0.00000297
5.3468	0.00000346
5.3518	0.00000239
5.3568	0.00000165
5.3616	0.00000309
5.3666	0.00000193
5.3716	0.00000005
5.3767	0.00000093
5.3817	-0.00000090
5.3867	-0.00000126
5.3910	-0.00000283
5.3960	-0.00000273
5.4010	-0.00000253
5.4052	-0.00000106
5.4103	0.00000058
5.4153	0.00000116
5.4195	0.00000068
5.4237	-0.00000025
5.4286	-0.00000092
5.4331	0.00000052
5.4383	0.00000154
5.4432	0.00000155
5.4477	-0.00000043
5.4527	-0.00000008
5.4579	-0.00000074
5.4627	-0.00000035
5.4680	-0.00000015
5.4724	-0.00000080
5.4774	-0.00000100
5.4818	-0.00000069
5.4868	-0.00000042
5.4917	-0.00000057
5.4972	-0.00000152
5.5019	-0.00000309
5.5063	-0.00000066
5.5110	-0.00000107
5.5159	-0.00000138
5.5201	-0.00000008
5.5249	0.00000017
5.5298	0.00000111
5.5348	-0.00000099
5.5398	0.00000005
5.5447	-0.00000025
5.5494	0.00000115
5.5540	-0.00000103
5.5583	-0.00000020
5.5627	0.00000070
5.5677	-0.00000108
5.5719	-0.00000263
5.5768	-0.00000253
5.5819	-0.00000159
5.5862	-0.00000216
5.5914	-0.00000241
5.5968	-0.00000148
5.6016	-0.00000202
5.6066	-0.00000097
5.6115	-0.00000156
5.6165	-0.00000019
5.6209	-0.00000091
5.6260	0.00000052
5.6309	0.00000036
5.6360	-0.00000237
5.6411	-0.00000170
5.6460	-0.00000058
5.6506	-0.00000094
5.6549	-0.00000079
5.6600	-0.00000013
5.6649	-0.00000072
5.6699	-0.00000168
5.6739	-0.00000081
5.6790	-0.00000030
5.6840	-0.00000077
5.6890	-0.00000187
5.6940	-0.00000130
5.6989	-0.00000136
5.7039	-0.00000135
5.7089	-0.00000074
5.7138	-0.00000137
5.7189	0.00000045
5.7232	0.00000040
5.7284	-0.00000039
5.7334	0.00000048
5.7383	0.00000169
5.7425	0.00000272
5.7470	0.00000093
5.7520	-0.00000005
5.7562	-0.00000028
5.7604	-0.00000038
5.7652	0.00000129
5.7702	0.00000135
5.7751	-0.00000003
5.7793	-0.00000136
5.7843	-0.00000036
5.7886	0.00000129
5.7938	-0.00000071
5.7980	-0.00000006
5.8031	0.00000150
5.8075	0.00000143
5.8125	-0.00000047
5.8176	-0.00000066
5.8219	0.00000007
5.8269	-0.00000006
5.8318	0.00000101
5.8369	-0.00000024
5.8417	0.00000118
5.8465	-0.00000025
5.8514	-0.00000094
5.8564	0.00000011
5.8615	-0.00000063
5.8664	-0.00000142
5.8707	-0.00000268
5.8750	-0.00000382
5.8799	-0.00000225
5.8851	-0.00000199
5.8896	0.00000023
5.8946	-0.00000019
5.8995	-0.00000230
5.9045	-0.00000333
5.9096	-0.00000284
5.9145	-0.00000500
5.9196	-0.00000252
5.9246	-0.00000073
5.9294	-0.00000187
5.9336	-0.00000230
5.9379	-0.00000272
5.9429	-0.00000205
5.9476	-0.00000202
5.9527	-0.00000214
5.9569	-0.00000232
5.9618	-0.00000156
5.9665	-0.00000196
5.9715	-0.00000041
5.9765	-0.00000106
5.9815	-0.00000183
5.9865	-0.00000222
5.9908	-0.00000207
5.9961	-0.00000305
6.0009	-0.00000459
6.0062	-0.00000342
6.0111	-0.00000402
6.0161	-0.00000520
6.0212	-0.00000510
6.0254	-0.00000227
6.0302	-0.00000161
6.0353	-0.00000111
6.0403	0.00000141
6.0453	-0.00000080
6.0500	-0.00000238
6.0543	-0.00000132
6.0594	-0.00000209
6.0645	-0.00000170
6.0694	0.00000044
6.0739	0.00000011
6.0788	-0.00000031
6.0838	-0.00000046
6.0888	-0.00000065
6.0938	-0.00000037
6.0988	-0.00000090
6.1038	-0.00000208
6.1088	-0.00000300
6.1139	-0.00000186
6.1189	0.00000088
6.1239	-0.00000014
6.1287	0.00000016
6.1329	0.00000138
6.1371	0.00000116
6.1421	0.00000113
6.1472	0.00000284
6.1515	0.00000191
6.1564	0.00000237
6.1611	0.00000206
6.1661	0.00000037
6.1711	0.00000012
6.1761	-0.00000028
6.1806	0.00000120
6.1847	0.00000332
6.1896	0.00000255
6.1940	0.00000309
6.1991	0.00000129
6.2041	0.00000194
6.2090	0.00000177
6.2140	0.00000073
6.2184	0.00000085
6.2228	0.00000117
6.2272	0.00000168
6.2323	0.00000176
6.2364	0.00000017
6.2408	-0.00000140
6.2457	-0.00000156
6.2505	-0.00000078
6.2550	0.00000077
6.2600	-0.00000004
6.2650	0.00000014
6.2700	-0.00000054
6.2749	-0.00000004
6.2798	0.00000026
6.2840	-0.00000002
6.2882	0.00000104
6.2927	0.00000224
6.2976	0.00000208
6.3026	0.00000066
6.3076	0.00000089
6.3125	0.00000049
6.3176	-0.00000048
6.3220	-0.00000106
6.3269	-0.00000213
6.3319	-0.00000110
6.3371	-0.00000140
6.3413	-0.00000212
6.3463	-0.00000074
6.3509	-0.00000014
6.3553	-0.00000155
6.3596	0.00000020
6.3648	-0.00000048
6.3697	-0.00000189
6.3747	-0.00000065
6.3789	0.00000230
6.3831	0.00000310
6.3873	0.00000274
6.3923	0.00000220
6.3972	0.00000206
6.4023	0.00000149
6.4073	0.00000287
6.4124	0.00000321
6.4173	0.00000220
6.4223	0.00000160
6.4273	0.00000057
6.4321	0.00000065
6.4364	0.00000055
6.4414	0.00000024
6.4461	-0.00000031
6.4510	0.00000042
6.4561	0.00000075
6.4611	0.00000072
6.4662	0.00000130
6.4714	0.00000153
6.4766	0.00000130
6.4813	0.00000229
6.4863	0.00000101
6.4911	0.00000168
6.4966	0.00000270
6.5010	0.00000079
6.5056	0.00000113
6.5098	-0.00000091
6.5146	-0.00000024
6.5197	-0.00000011
6.5246	-0.00000184
6.5290	-0.00000121
6.5339	0.00000013
6.5383	-0.00000245
6.5432	-0.00000107
6.5482	-0.00000175
6.5526	-0.00000194
6.5576	-0.00000135
6.5625	-0.00000171
6.5676	-0.00000343
6.5719	-0.00000277
6.5767	-0.00000277
6.5819	-0.00000353
6.5869	-0.00000203
6.5911	-0.00000176
6.5960	-0.00000246
6.6012	-0.00000329
6.6057	-0.00000125
6.6106	-0.00000071
6.6155	-0.00000121
6.6206	-0.00000231
6.6258	-0.00000146
6.6309	-0.00000224
6.6351	-0.00000440
6.6400	-0.00000262
6.6441	-0.00000339
6.6486	-0.00000218
6.6528	-0.00000301
6.6578	-0.00000158
6.6628	-0.00000104
6.6678	-0.00000176
6.6729	-0.00000189
6.6778	-0.00000195
6.6825	-0.00000276
6.6877	-0.00000132
6.6924	-0.00000110
6.6970	-0.00000040
6.7014	-0.00000196
6.7063	-0.00000074
6.7112	-0.00000124
6.7164	-0.00000027
6.7214	-0.00000074
6.7257	-0.00000045
6.7302	0.00000121
6.7353	0.00000094
6.7404	0.00000103
6.7453	0.00000078
6.7500	0.00000197
6.7544	0.00000125
6.7593	0.00000119
6.7638	0.00000056
6.7686	0.00000122
6.7737	0.00000175
6.7785	0.00000088
6.7836	0.00000090
6.7878	0.00000175
6.7927	0.00000187
6.7979	0.00000155
6.8023	0.00000144
6.8074	0.00000060
6.8123	-0.00000029
6.8166	-0.00000115
6.8207	-0.00000082
6.8254	-0.00000035
6.8304	0.00000022
6.8347	0.00000084
6.8398	0.00000231
6.8448	0.00000331
6.8492	0.00000185
6.8544	0.00000030
6.8593	-0.00000105
6.8635	0.00000010
6.8679	-0.00000105
6.8730	-0.00000262
6.8778	-0.00000159
6.8829	-0.00000127
6.8871	-0.00000183
6.8915	-0.00000059
6.8962	0.00000041
6.9005	0.00000068
6.9056	0.00000127
6.9105	0.00000079
6.9154	-0.00000051
6.9206	-0.00000066
6.9249	-0.00000001
6.9294	-0.00000007
6.9342	0.00000033
6.9383	0.00000022
6.9433	-0.00000085
6.9483	-0.00000043
6.9530	-0.00000139
6.9580	-0.00000253
6.9629	0.00000033
6.9680	-0.00000092
6.9723	0.00000041
6.9764	0.00000056
6.9809	-0.00000050
6.9857	-0.00000010
6.9908	-0.00000046
6.9957	-0.00000230
6.9999	-0.00000167
7.0041	-0.00000274
7.0083	-0.00000400
7.0129	-0.00000368
7.0179	-0.00000211
7.0231	0.00000028
7.0278	-0.00000035
7.0320	0.00000021
7.0371	0.00000106
7.0420	0.00000257
7.0469	0.00000230
7.0513	0.00000107
7.0559	0.00000164
7.0607	0.00000159
7.0649	0.00000371
7.0693	0.00000481
7.0743	0.00000339
7.0795	0.00000291
7.0845	0.00000198
7.0895	0.00000069
7.0944	0.00000222
7.0995	0.00000098
7.1044	0.00000158
7.1095	0.00000228
7.1145	0.00000197
7.1194	0.00000215
7.1243	0.00000171
7.1286	0.00000159
7.1338	0.00000095
7.1380	0.00000179
7.1430	0.00000087
7.1480	0.00000022
7.1525	-0.00000130
7.1568	-0.00000248
7.1618	-0.00000060
7.1660	-0.00000077
7.1710	0.00000057
7.1752	0.00000048
7.1797	-0.00000064
7.1839	0.00000063
7.1890	0.00000082
7.1939	-0.00000016
7.1990	0.00000073
7.2039	0.00000056
7.2088	-0.00000029
7.2138	-0.00000017
7.2183	-0.00000023
7.2225	0.00000023
7.2270	-0.00000080
7.2315	-0.00000067
7.2364	0.00000019
7.2414	0.00000127
7.2463	0.00000233
7.2505	0.00000262
7.2548	0.00000162
7.2593	-0.00000036
7.2637	-0.00000022
7.2683	-0.00000029
7.2734	-0.00000017
7.2784	0.00000094
7.2833	0.00000101
7.2882	0.00000099
7.2933	0.00000092
7.2977	0.00000291
7.3019	0.00000249
7.3067	0.00000240
7.3114	0.00000095
7.3163	0.00000106
7.3204	-0.00000008
7.3254	-0.00000056
7.3303	-0.00000148
7.3344	-0.00000237
7.3395	-0.00000144
7.3442	-0.00000048
7.3494	-0.00000093
7.3536	-0.00000084
7.3586	-0.00000086
7.3637	-0.00000057
7.3686	-0.00000060
7.3738	0.00000096
7.3789	-0.00000043
7.3833	-0.00000017
7.3883	0.00000011
7.3927	-0.00000212
7.3977	-0.00000223
7.4029	-0.00000107
7.4078	-0.00000100
7.4127	0.00000033
7.4170	-0.00000040
7.4222	0.00000081
7.4270	0.00000129
7.4322	0.00000151
7.4365	0.00000249
7.4416	0.00000448
7.4465	0.00000183
7.4509	0.00000217
7.4561	0.00000128
7.4609	0.00000152
7.4660	0.00000096
7.4710	0.00000176
7.4758	0.00000049
7.4809	-0.00000028
7.4859	0.00000125
7.4908	-0.00000040
7.4959	-0.00000217
7.5010	-0.00000106
7.5061	-0.00000012
7.5105	-0.00000100
7.5148	-0.00000061
7.5191	-0.00000278
7.5240	-0.00000167
7.5289	-0.00000125
7.5332	-0.00000013
7.5383	-0.00000143
7.5425	0.00000011
7.5476	-0.00000023
7.5520	0.00000012
7.5571	-0.00000191
7.5620	-0.00000306
7.5663	-0.00000142
7.5708	-0.00000078
7.5753	-0.00000014
7.5802	-0.00000035
7.5852	-0.00000148
7.5902	-0.00000030
7.5953	-0.00000090
7.5995	-0.00000202
7.6039	-0.00000253
7.6091	-0.00000227
7.6142	-0.00000067
7.6193	-0.00000143
7.6244	-0.00000082
7.6295	-0.00000002
7.6346	0.00000061
7.6387	0.00000057
7.6436	-0.00000057
7.6477	-0.00000093
7.6522	-0.00000033
7.6570	0.00000035
7.6619	-0.00000091
7.6669	-0.00000121
7.6719	-0.00000272
7.6772	-0.00000276
7.6824	-0.00000295
7.6867	-0.00000196
7.6917	-0.00000269
7.6966	-0.00000137
7.7009	0.00000006
7.7062	0.00000068
7.7111	-0.00000033
7.7162	-0.00000189
7.7212	-0.00000235
7.7262	-0.00000034
7.7312	-0.00000145
7.7358	0.00000078
7.7408	0.00000134
7.7460	0.00000012
7.7506	-0.00000046
7.7558	0.00000109
7.7609	-0.00000084
7.7659	-0.00000113
7.7710	-0.00000024
7.7760	0.00000089
7.7811	0.00000286
7.7861	0.00000227
7.7905	0.00000096
7.7954	0.00000037
7.7997	-0.00000061
7.8039	0.00000023
7.8085	-0.00000156
7.8135	-0.00000277
7.8180	-0.00000189
7.8230	-0.00000134
7.8280	-0.00000111
7.8330	-0.00000201
7.8379	-0.00000204
7.8430	-0.00000112
7.8480	-0.00000144
7.8523	-0.00000252
7.8572	-0.00000047
7.8625	0.00000044
7.8673	0.00000008
7.8724	0.00000032
7.8776	0.00000050
7.8827	-0.00000102
7.8876	-0.00000031
7.8925	-0.00000063
7.8976	-0.00000170
7.9026	-0.00000071
7.9077	-0.00000058
7.9125	-0.00000133
7.9168	-0.00000121
7.9220	0.00000032
7.9270	-0.00000037
7.9318	-0.00000075
7.9363	-0.00000141
7.9407	-0.00000062
7.9458	-0.00000190
7.9502	-0.00000255
7.9544	-0.00000228
7.9595	-0.00000181
7.9645	-0.00000219
7.9688	-0.00000237
7.9738	-0.00000283
7.9785	-0.00000134
7.9832	-0.00000100
7.9881	-0.00000126
7.9931	-0.00000116
7.9981	-0.00000135
8.0034	-0.00000159
8.0082	-0.00000154
8.0132	-0.00000173
8.0181	-0.00000242
8.0231	-0.00000468
8.0281	-0.00000324
8.0324	-0.00000316
8.0370	-0.00000270
8.0421	-0.00000160
8.0469	0.00000026
8.0517	-0.00000064
8.0567	-0.00000067
8.0610	0.00000108
8.0662	0.00000198
8.0707	0.00000290
8.0751	0.00000276
8.0800	0.00000210
8.0844	0.00000452
8.0894	0.00000376
8.0943	0.00000370
8.0995	0.00000229
8.1041	0.00000205
8.1091	0.00000330
8.1142	0.00000201
8.1193	0.00000029
8.1244	-0.00000088
8.1295	0.00000106
8.1344	0.00000041
8.1396	0.00000165
8.1447	0.00000165
8.1494	-0.00000021
8.1543	-0.00000063
8.1593	-0.00000093
8.1643	0.00000081
8.1692	-0.00000002
8.1734	-0.00000069
8.1785	-0.00000031
8.1835	-0.00000025
8.1882	-0.00000054
8.1930	0.00000161
8.1979	0.00000055
8.2027	0.00000105
8.2078	-0.00000067
8.2126	0.00000018
8.2171	-0.00000080
8.2212	-0.00000164
8.2265	-0.00000150
8.2316	-0.00000002
8.2359	0.00000062
8.2401	0.00000112
8.2450	0.00000026
8.2501	-0.00000074
8.2548	-0.00000054
8.2592	0.00000063
8.2644	0.00000015
8.2696	0.00000124
8.2747	0.00000085
8.2801	0.00000034
8.2849	0.00000026
8.2900	0.00000002
8.2949	-0.00000044
8.2993	0.00000034
8.3041	-0.00000005
8.3090	0.00000044
8.3136	0.00000065
8.3187	-0.00000145
8.3236	-0.00000018
8.3287	-0.00000256
8.3340	-0.00000080
8.3388	-0.00000049
8.3437	0.00000026
8.3480	0.00000164
8.3524	0.00000208
8.3573	0.00000240
8.3625	0.00000150
8.3674	0.00000093
8.3724	0.00000086
8.3768	0.00000202
8.3811	0.00000287
8.3856	0.00000220
8.3906	-0.00000020
8.3957	0.00000075
8.4002	0.00000169
8.4051	-0.00000037
8.4100	0.00000007
8.4151	0.00000018
8.4195	-0.00000048
8.4238	-0.00000073
8.4290	0.00000067
8.4339	-0.00000093
8.4390	-0.00000122
8.4439	-0.00000112
8.4490	-0.00000244
8.4536	-0.00000240
8.4579	-0.00000282
8.4623	-0.00000300
8.4670	-0.00000227
8.4720	-0.00000148
8.4770	-0.00000221
8.4822	-0.00000114
8.4871	0.00000083
8.4913	0.00000019
8.4965	-0.00000116
8.5015	-0.00000094
8.5065	0.00000069
8.5114	-0.00000055
8.5167	-0.00000057
8.5217	0.00000038
8.5267	0.00000050
8.5315	-0.00000029
8.5365	-0.00000040
8.5416	-0.00000054
8.5463	-0.00000034
8.5504	-0.00000110
8.5551	-0.00000135
8.5599	-0.00000173
8.5641	-0.00000217
8.5686	-0.00000149
8.5736	-0.00000040
8.5785	-0.00000119
8.5827	0.00000004
8.5873	-0.00000061
8.5920	-0.00000028
8.5963	-0.00000124
8.6007	-0.00000225
8.6058	-0.00000042
8.6105	-0.00000164
8.6157	-0.00000071
8.6200	-0.00000086
8.6247	-0.00000221
8.6289	-0.00000303
8.6331	-0.00000283
8.6376	-0.00000283
8.6424	-0.00000300
8.6477	-0.00000076
8.6523	-0.00000076
8.6573	-0.00000041
8.6616	-0.00000113
8.6661	0.00000108
8.6712	0.00000127
8.6763	-0.00000002
8.6815	-0.00000007
8.6865	0.00000094
8.6914	0.00000079
8.6964	-0.00000078
8.7005	0.00000142
8.7055	0.00000140
8.7103	0.00000252
8.7145	0.00000291
8.7188	0.00000243
8.7231	0.00000228
8.7283	0.00000084
8.7333	0.00000086
8.7384	-0.00000072
8.7427	0.00000022
8.7472	0.00000105
8.7515	0.00000062
8.7559	0.00000076
8.7601	-0.00000042
8.7652	0.00000015
8.7702	-0.00000029
8.7752	-0.00000142
8.7801	-0.00000067
8.7844	0.00000002
8.7894	0.00000089
8.7938	0.00000050
8.7980	0.00000085
8.8030	0.00000155
8.8080	0.00000180
8.8125	0.00000192
8.8173	0.00000121
8.8218	0.00000068
8.8269	-0.00000118
8.8319	-0.00000206
8.8368	-0.00000132
8.8414	0.00000023
8.8458	0.00000064
8.8500	0.00000102
8.8549	0.00000271
8.8597	0.00000097
8.8639	0.00000070
8.8689	-0.00000058
8.8739	0.00000013
8.8783	0.00000068
8.8836	0.00000099
8.8887	-0.00000016
8.8936	-0.00000021
8.8987	0.00000190
8.9037	0.00000128
8.9082	-0.00000049
8.9131	-0.00000057
8.9182	0.00000143
8.9232	0.00000225
8.9280	0.00000159
8.9325	-0.00000008
8.9369	-0.00000147
8.9414	-0.00000197
8.9465	-0.00000227
8.9515	-0.00000194
8.9562	-0.00000165
8.9612	-0.00000099
8.9662	-0.00000041
8.9713	-0.00000215
8.9762	-0.00000058
8.9812	0.00000045
8.9862	-0.00000151
8.9911	-0.00000190
8.9957	-0.00000063
8.9998	-0.00000146
9.0048	-0.00000199
9.0098	-0.00000062
9.0139	-0.00000125
9.0182	-0.00000027
9.0232	-0.00000002
9.0281	0.00000036
9.0332	0.00000143
9.0383	0.00000045
9.0433	0.00000098
9.0479	0.00000045
9.0522	0.00000040
9.0565	-0.00000075
9.0616	-0.00000001
9.0666	-0.00000011
9.0716	-0.00000014
9.0765	0.00000069
9.0806	0.00000189
9.0849	0.00000254
9.0901	0.00000193
9.0948	0.00000202
9.0996	0.00000238
9.1045	0.00000157
9.1096	0.00000194
9.1146	0.00000175
9.1189	0.00000118
9.1239	0.00000114
9.1282	-0.00000004
9.1326	-0.00000166
9.1375	-0.00000230
9.1426	-0.00000056
9.1477	-0.00000108
9.1521	-0.00000285
9.1567	-0.00000170
9.1616	-0.00000103
9.1669	-0.00000224
9.1718	-0.00000215
9.1768	-0.00000136
9.1820	-0.00000196
9.1861	-0.00000141
9.1910	-0.00000195
9.1961	-0.00000232
9.2013	-0.00000216
9.2061	-0.00000019
9.2113	0.00000023
9.2157	0.00000023
9.2203	-0.00000055
9.2252	-0.00000151
9.2303	-0.00000066
9.2353	-0.00000226
9.2404	-0.00000190
9.2454	-0.00000173
9.2502	-0.00000166
9.2549	-0.00000088
9.2599	-0.00000024
9.2650	-0.00000330
9.2691	-0.00000195
9.2741	-0.00000154
9.2791	-0.00000030
9.2833	-0.00000147
9.2881	-0.00000003
9.2931	-0.00000057
9.2975	-0.00000031
9.3026	0.00000001
9.3077	-0.00000012
9.3127	0.00000033
9.3170	0.00000038
9.3214	0.00000004
9.3258	-0.00000042
9.3300	-0.00000109
9.3349	-0.00000129
9.3400	-0.00000169
9.3451	-0.00000079
9.3501	-0.00000007
9.3550	-0.00000064
9.3601	-0.00000089
9.3653	-0.00000134
9.3701	-0.00000049
9.3752	-0.00000030
9.3802	-0.00000012
9.3854	-0.00000009
9.3904	-0.00000109
9.3946	-0.00000308
9.3990	-0.00000241
9.4036	-0.00000121
9.4085	-0.00000130
9.4136	-0.00000132
9.4185	-0.00000057
9.4236	-0.00000068
9.4281	-0.00000101
9.4328	-0.00000110
9.4378	-0.00000231
9.4428	-0.00000211
9.4480	-0.00000227
9.4529	-0.00000183
9.4576	-0.00000102
9.4620	0.00000134
9.4670	0.00000088
9.4720	0.00000030
9.4763	0.00000125
9.4805	-0.00000050
9.4850	-0.00000133
9.4892	-0.00000047
9.4941	0.00000054
9.4992	-0.00000133
9.5041	-0.00000076
9.5090	-0.00000057
9.5134	-0.00000106
9.5182	-0.00000028
9.5227	0.00000234
9.5276	0.00000069
9.5319	-0.00000025
9.5368	0.00000134
9.5420	0.00000095
9.5470	0.00000106
9.5519	0.00000106
9.5567	-0.00000064
9.5617	-0.00000036
9.5667	0.00000028
9.5718	0.00000036
9.5767	-0.00000073
9.5818	0.00000011
9.5861	-0.00000016
9.5911	-0.00000027
9.5961	-0.00000016
9.6004	-0.00000130
9.6046	-0.00000164
9.6096	-0.00000126
9.6146	-0.00000018
9.6190	-0.00000029
9.6241	0.00000101
9.6291	0.00000055
9.6341	0.00000160
9.6392	0.00000022
9.6442	0.00000152
9.6485	0.00000045
9.6531	0.00000023
9.6577	0.00000113
9.6627	-0.00000029
9.6678	0.00000122
9.6727	0.00000131
9.6778	0.00000019
9.6823	-0.00000081
9.6871	-0.00000024
9.6920	-0.00000067
9.6965	-0.00000112
9.7007	-0.00000099
9.7057	0.00000102
9.7105	0.00000007
9.7146	0.00000148
9.7197	0.00000086
9.7248	-0.00000022
9.7299	-0.00000130
9.7348	0.00000108
9.7399	0.00000330
9.7443	0.00000368
9.7494	0.00000220
9.7541	0.00000055
9.7590	0.00000012
9.7632	0.00000095
9.7681	0.00000114
9.7730	0.00000253
9.7773	0.00000206
9.7824	0.00000110
9.7873	0.00000005
9.7922	0.00000185
9.7974	0.00000273
9.8024	0.00000102
9.8075	0.00000097
9.8124	0.00000189
9.8174	0.00000218
9.8216	0.00000229
9.8267	0.00000083
9.8316	-0.00000059
9.8366	0.00000022
9.8417	0.00000015
9.8466	0.00000048
9.8507	0.00000140
9.8549	0.00000126
9.8599	0.00000014
9.8641	0.00000010
9.8684	-0.00000009
9.8733	0.00000060
9.8783	0.00000145
9.8827	0.00000180
9.8878	0.00000166
9.8929	-0.00000009
9.8979	-0.00000096
9.9028	0.00000040
9.9069	0.00000012
9.9119	-0.00000000
9.9168	0.00000086
9.9219	-0.00000090
9.9265	-0.00000286
9.9316	-0.00000385
9.9366	-0.00000363
9.9414	-0.00000363
9.9466	-0.00000450
9.9511	-0.00000476
9.9558	-0.00000181
9.9609	-0.00000188
9.9658	-0.00000018
9.9702	0.00000028
9.9752	0.00000148
9.9796	0.00000092
9.9839	0.00000113
9.9889	0.00000069
9.9937	0.00000042
9.9988	0.00000013
10.0034	0.00000030
10.0083	0.00000088
10.0134	0.00000073
10.0181	0.00000060
10.0231	0.00000125
10.0280	0.00000188
10.0324	0.00000149
10.0369	0.00000004
10.0420	0.00000053
10.0462	-0.00000052
10.0513	0.00000014
10.0559	0.00000049
10.0603	0.00000038
10.0644	-0.00000016
10.0696	0.00000015
10.0746	0.00000115
10.0796	0.00000002
10.0846	0.00000058
10.0896	0.00000119
10.0945	0.00000041
10.0987	-0.00000019
10.1035	0.00000142
10.1083	0.00000173
10.1135	0.00000036
10.1179	0.00000088
10.1224	-0.00000102
10.1273	-0.00000036
10.1324	-0.00000129
10.1374	0.00000013
10.1424	-0.00000117
10.1467	-0.00000069
10.1513	-0.00000106
10.1562	-0.00000000
10.1612	0.00000055
10.1661	0.00000132
10.1702	0.00000102
10.1752	0.00000024
10.1802	0.00000104
10.1852	0.00000160
10.1902	0.00000219
10.1951	0.00000144
10.2002	-0.00000058
10.2052	-0.00000129
10.2101	0.00000047
10.2142	0.00000136
10.2191	0.00000192
10.2233	0.00000233
10.2278	0.00000256
10.2327	0.00000243
10.2379	0.00000131
10.2429	0.00000034
10.2473	0.00000018
10.2515	-0.00000014
10.2557	0.00000176
10.2610	0.00000137
10.2655	0.00000178
10.2701	0.00000067
10.2752	-0.00000088
10.2803	0.00000225
10.2847	0.00000292
10.2896	0.00000105
10.2947	-0.00000077
10.2997	-0.00000151
10.3047	-0.00000216
10.3096	-0.00000153
10.3147	-0.00000052
10.3190	0.00000060
10.3241	0.00000004
10.3287	0.00000036
10.3332	-0.00000020
10.3381	0.00000071
10.3431	0.00000115
10.3483	0.00000106
10.3525	0.00000024
10.3574	0.00000025
10.3625	0.00000023
10.3668	0.00000109
10.3714	0.00000104
10.3764	0.00000171
10.3814	0.00000135
10.3863	-0.00000030
10.3914	-0.00000011
10.3964	-0.00000007
10.4014	0.00000030
10.4060	-0.00000122
10.4111	-0.00000064
10.4158	0.00000013
10.4202	-0.00000228
10.4252	-0.00000153
10.4296	-0.00000291
10.4346	-0.00000306
10.4397	-0.00000065
10.4447	0.00000158
10.4491	0.00000037
10.4538	0.00000175
10.4585	0.00000060
10.4636	-0.00000023
10.4677	0.00000034
10.4727	0.00000004
10.4776	0.00000174
10.4818	0.00000185
10.4860	0.00000005
10.4908	-0.00000011
10.4959	-0.00000062
10.5006	-0.00000011
10.5049	-0.00000102
10.5098	-0.00000072
10.5149	-0.00000178
10.5192	-0.00000234
10.5242	-0.00000140
10.5295	0.00000033
10.5343	0.00000014
10.5393	0.00000057
10.5442	0.00000125
10.5485	0.00000065
10.5530	-0.00000072
10.5577	-0.00000161
10.5628	-0.00000027
10.5677	-0.00000023
10.5727	0.00000104
10.5770	-0.00000046
10.5818	0.00000123
10.5866	0.00000077
10.5909	0.00000012
10.5958	-0.00000105
10.6008	-0.00000082
10.6058	-0.00000115
10.6111	-0.00000260
10.6159	-0.00000111
10.6206	-0.00000057
10.6250	-0.00000048
10.6300	-0.00000095
10.6352	-0.00000041
10.6401	-0.00000075
10.6453	0.00000105
10.6504	0.00000111
10.6560	0.00000344
10.6613	0.00000344
10.6662	0.00000420
10.6713	0.00000222
10.6763	0.00000174
10.6816	0.00000111
10.6863	0.00000059
10.6913	-0.00000029
10.6961	-0.00000039
10.7006	-0.00000018
10.7057	-0.00000079
10.7109	0.00000010
10.7159	-0.00000032
10.7202	0.00000274
10.7253	0.00000180
10.7296	0.00000000
10.7338	0.00000007
10.7390	0.00000011
10.7439	0.00000170
10.7483	0.00000320
10.7533	0.00000101
10.7582	-0.00000027
10.7626	-0.00000031
10.7671	-0.00000026
10.7721	0.00000093
10.7772	-0.00000009
10.7822	0.00000110
10.7871	0.00000173
10.7922	0.00000210
10.7965	0.00000128
10.8008	0.00000040
10.8059	0.00000115
10.8109	0.00000227
10.8151	0.00000090
10.8196	0.00000049
10.8249	0.00000179
10.8299	-0.00000042
10.8342	-0.00000124
10.8391	-0.00000012
10.8444	-0.00000201
10.8487	-0.00000077
10.8536	0.00000051
10.8584	0.00000095
10.8634	0.00000126
10.8685	0.00000093
10.8734	0.00000045
10.8784	0.00000165
10.8834	0.00000235
10.8884	0.00000125
10.8932	0.00000094
10.8984	0.00000077
10.9033	0.00000078
10.9083	0.00000078
10.9133	0.00000203
10.9185	0.00000238
10.9234	0.00000154
10.9283	0.00000260
10.9331	0.00000181
10.9384	0.00000096
10.9434	-0.00000012
10.9485	0.00000170
10.9536	0.00000178
10.9585	0.00000249
10.9634	0.00000145
10.9684	0.00000004
10.9736	-0.00000053
10.9784	-0.00000033
10.9834	0.00000096
10.9883	0.00000109
10.9933	0.00000084
10.9984	-0.00000036
11.0032	0.00000109
11.0083	0.00000105
11.0134	0.00000181
11.0184	0.00000083
11.0233	0.00000033
11.0283	0.00000201
11.0333	-0.00000051
11.0383	-0.00000103
11.0434	0.00000002
11.0485	0.00000105
11.0535	0.00000037
11.0582	0.00000046
11.0629	0.00000035
11.0670	-0.00000072
11.0720	0.00000028
11.0771	-0.00000133
11.0820	-0.00000007
11.0870	0.00000060
11.0921	0.00000091
11.1011	0.00000040
11.1061	0.00000162
11.1116	0.00000168
11.1160	0.00000133
11.1213	0.00000275
11.1263	0.00000088
11.1311	-0.00000215
11.1361	-0.00000319
11.1411	-0.00000086
11.1456	-0.00000090
11.1517	-0.00000090
11.1614	0.00000054
11.1682	0.00000028
11.1749	0.00000003
11.1812	0.00000027
11.1866	0.00000169
11.1952	0.00000347
11.2002	-0.00000015
11.2132	-0.00000051
11.2182	-0.00000029
11.2234	-0.00000026
11.2292	0.00000002
11.2370	-0.00000151
11.2432	-0.00000176
11.2487	-0.00000190
11.2533	-0.00000325
11.2578	-0.00000247
11.2629	-0.00000135
11.2675	-0.00000190
11.2730	-0.00000032
11.2810	-0.00000022
11.2866	-0.00000088
11.2930	-0.00000104
11.2972	0.00000104
11.3034	0.00000042
11.3152	0.00000044
11.3222	0.00000216
11.3300	0.00000094
11.3356	0.00000073
11.3412	0.00000121
11.3471	0.00000110
11.3538	-0.00000049
11.3600	0.00000000
11.3659	0.00000141
11.3709	0.00000085
11.3757	0.00000143
11.3807	-0.00000034
11.3860	0.00000088
11.3952	0.00000175
11.3996	0.00000088
11.4047	0.00000150
11.4097	0.00000095
11.4178	0.00000179
11.4226	0.00000112
11.4272	0.00000040
11.4316	0.00000034
11.4367	-0.00000113
11.4416	0.00000187
11.4535	0.00000061
11.4591	0.00000036
11.4649	-0.00000069
11.4695	-0.00000173
11.4749	-0.00000103
11.4807	-0.00000150
11.4852	-0.00000088
11.5023	-0.00000131
11.5121	-0.00000132
11.5201	-0.00000002
11.5261	0.00000017
11.5331	0.00000102
11.5383	0.00000226
11.5548	0.00000180
11.5597	0.00000147
11.5686	-0.00000098
11.5741	0.00000042
11.5795	0.00000025
11.5870	0.00000086
11.5937	0.00000082
11.6043	-0.00000068
11.6087	-0.00000049
11.6140	-0.00000053
11.6192	-0.00000072
11.6257	-0.00000074
11.6338	0.00000021
11.6539	-0.00000109
11.6609	-0.00000073
11.6658	-0.00000118
11.6703	-0.00000135
11.6784	-0.00000120
11.6841	-0.00000089
11.6913	0.00000025
11.6991	0.00000081
11.7040	0.00000083
11.7083	0.00000175
11.7135	0.00000189
11.7185	0.00000188
11.7252	0.00000314
11.7308	0.00000287
11.7371	0.00000311
11.7538	0.00000228
11.7602	0.00000180
11.7661	0.00000160
11.7712	0.00000243
11.7764	0.00000138
11.7811	0.00000117
11.7860	0.00000211
11.7911	-0.00000045
11.7964	-0.00000073
11.8008	-0.00000195
11.8209	-0.00000187
11.8362	-0.00000105
11.8416	-0.00000126
11.8518	-0.00000150
11.8668	-0.00000222
11.8782	-0.00000215
11.8825	-0.00000087
11.8878	-0.00000110
11.8927	-0.00000128
11.8979	0.00000013
11.9024	-0.00000166
11.9083	-0.00000015
11.9206	-0.00000091
11.9255	-0.00000009
11.9317	0.00000086
11.9368	0.00000010
11.9416	-0.00000169
11.9470	-0.00000078
11.9514	-0.00000028
11.9566	-0.00000299
11.9621	-0.00000208
11.9670	-0.00000213
11.9726	-0.00000113
11.9772	-0.00000160
11.9820	-0.00000143
11.9874	-0.00000125
11.9949	-0.00000083
12.0039	0.00000082
12.0132	0.00000024
12.0182	0.00000122
12.0230	0.00000168
12.0285	0.00000123
12.0329	0.00000038
12.0380	0.00000084
12.0432	0.00000074
12.0528	-0.00000018
12.0579	0.00000076
12.0653	0.00000133
12.0704	-0.00000097
12.0750	-0.00000127
12.0806	-0.00000064
12.0880	-0.00000044
12.0969	-0.00000058
12.1022	-0.00000288
12.1073	-0.00000145
12.1129	-0.00000152
12.1199	-0.00000149
12.1253	0.00000050
12.1320	-0.00000059
12.1369	-0.00000019
12.1422	-0.00000269
12.1470	-0.00000156
12.1523	-0.00000244
12.1570	-0.00000065
12.1624	-0.00000160
12.1675	-0.00000130
12.1726	-0.00000186
12.1779	-0.00000065
12.1827	0.00000133
12.1874	-0.00000190
12.1949	-0.00000155
12.1996	-0.00000128
12.2054	-0.00000150
12.2144	-0.00000170
12.2206	-0.00000133
12.2255	-0.00000211
12.2308	-0.00000025
12.2360	-0.00000051
12.2432	-0.00000054
12.2484	-0.00000021
12.2544	-0.00000056
12.2594	0.00000019
12.2664	0.00000110
12.2720	0.00000029
12.2780	-0.00000090
12.2840	0.00000018
12.2890	0.00000175
12.3039	-0.00000046
12.3140	-0.00000150
12.3205	-0.00000218
12.3272	-0.00000062
12.3370	-0.00000124
12.3421	-0.00000012
12.3471	0.00000026
12.3527	0.00000004
12.3575	0.00000013
12.3657	0.00000157
12.3710	0.00000004
12.3815	-0.00000020
12.3874	-0.00000119
12.4017	0.00000043
12.4145	0.00000154
12.4225	0.00000050
12.4347	-0.00000049
12.4415	-0.00000055
12.4468	-0.00000020
12.4540	0.00000135
12.4582	0.00000257
12.4641	0.00000195
12.4704	0.00000091
12.4752	0.00000012
12.4811	-0.00000178
12.4871	-0.00000031
12.4941	0.00000140
12.5040	0.00000113
12.5154	0.00000090
12.5206	0.00000030
12.5266	0.00000008
12.5366	0.00000108
12.5424	0.00000080
12.5467	0.00000047
12.5523	0.00000044
12.5636	0.00000133
12.5691	0.00000102
12.5838	0.00000121
12.6005	0.00000156
12.6061	0.00000072
12.6117	0.00000085
12.6206	0.00000216
12.6324	0.00000116
12.6373	0.00000157
12.6426	0.00000073
12.6472	-0.00000095
12.6515	-0.00000127
12.6566	-0.00000144
12.6611	-0.00000168
12.6661	-0.00000140
12.6710	-0.00000110
12.6760	-0.00000028
12.6810	0.00000164
12.6857	0.00000150
12.6901	-0.00000150
12.6944	-0.00000024
12.6992	0.00000134
12.7035	0.00000097
12.7084	0.00000070
12.7134	0.00000127
12.7185	0.00000074
12.7234	0.00000055
12.7284	-0.00000178
12.7326	-0.00000175
12.7377	-0.00000089
12.7430	-0.00000070
12.7474	0.00000083
12.7522	0.00000097
12.7572	-0.00000037
12.7619	-0.00000067
12.7664	-0.00000076
12.7711	-0.00000144
12.7762	-0.00000289
12.7805	-0.00000240
12.7856	-0.00000332
12.7908	-0.00000409
12.7958	-0.00000474
12.8008	-0.00000369
12.8059	-0.00000250
12.8109	-0.00000183
12.8158	-0.00000360
12.8203	-0.00000497
12.8255	-0.00000346
12.8307	-0.00000241
12.8351	-0.00000050
12.8399	-0.00000076
12.8453	-0.00000262
12.8503	-0.00000282
12.8551	-0.00000217
12.8600	-0.00000186
12.8650	-0.00000055
12.8699	-0.00000144
12.8748	-0.00000024
12.8799	0.00000005
12.8849	-0.00000052
12.8897	0.00000003
12.8944	-0.00000116
12.8997	0.00000113
12.9045	0.00000055
12.9095	-0.00000108
12.9146	0.00000015
12.9192	0.00000152
12.9237	0.00000226
12.9280	0.00000175
12.9331	0.00000107
12.9380	0.00000126
12.9431	-0.00000018
12.9483	-0.00000075
12.9532	-0.00000040
12.9582	-0.00000152
12.9630	-0.00000213
12.9678	-0.00000222
12.9728	-0.00000287
12.9778	-0.00000240
12.9829	-0.00000144
12.9880	-0.00000244
12.9930	-0.00000188
12.9972	-0.00000116
13.0024	-0.00000143
13.0073	0.00000037
13.0124	0.00000017
13.0174	-0.00000013
13.0223	0.00000052
13.0274	0.00000020
13.0325	-0.00000065
13.0372	0.00000023
13.0423	0.00000077
13.0475	0.00000252
13.0525	0.00000296
13.0575	-0.00000068
13.0625	-0.00000122
13.0676	-0.00000123
13.0729	-0.00000129
13.0777	-0.00000142
13.0827	-0.00000098
13.0875	-0.00000008
13.0927	-0.00000029
13.0977	-0.00000024
13.1026	-0.00000135
13.1077	0.00000028
13.1126	0.00000021
13.1176	-0.00000127
13.1226	-0.00000079
13.1276	0.00000072
13.1327	0.00000037
13.1378	0.00000121
13.1424	0.00000131
13.1473	0.00000278
13.1523	0.00000109
13.1574	0.00000116
13.1617	0.00000086
13.1668	-0.00000069
13.1720	-0.00000047
13.1769	0.00000021
13.1819	0.00000057
13.1869	0.00000023
13.1918	0.00000055
13.1968	0.00000186
13.2020	0.00000187
13.2063	0.00000153
13.2114	-0.00000184
13.2158	-0.00000130
13.2201	-0.00000016
13.2252	0.00000029
13.2295	0.00000120
13.2347	0.00000113
13.2396	0.00000047
13.2445	-0.00000003
13.2489	0.00000185
13.2533	-0.00000043
13.2576	-0.00000038
13.2619	-0.00000047
13.2670	-0.00000059
13.2718	-0.00000037
13.2759	0.00000170
13.2813	0.00000193
13.2865	0.00000155
13.2912	0.00000032
13.2955	-0.00000066
13.2999	0.00000028
13.3044	0.00000248
13.3093	0.00000137
13.3143	0.00000211
13.3192	0.00000146
13.3243	0.00000176
13.3292	-0.00000015
13.3343	-0.00000048
13.3396	0.00000001
13.3444	-0.00000052
13.3493	0.00000088
13.3544	0.00000030
13.3587	0.00000052
13.3629	0.00000019
13.3673	-0.00000046
13.3724	0.00000035
13.3775	-0.00000070
13.3818	-0.00000106
13.3862	-0.00000033
13.3913	-0.00000228
13.3961	-0.00000105
13.4006	-0.00000314
13.4058	-0.00000295
13.4109	-0.00000053
13.4158	-0.00000034
13.4211	0.00000099
13.4262	0.00000037
13.4304	-0.00000116
13.4354	0.00000074
13.4403	-0.00000000
13.4455	0.00000048
13.4502	0.00000158
13.4551	-0.00000089
13.4602	0.00000104
13.4644	0.00000191
13.4698	0.00000295
13.4746	0.00000188
13.4790	0.00000151
13.4837	-0.00000008
13.4891	0.00000012
13.4942	0.00000009
13.4992	0.00000180
13.5041	0.00000060
13.5090	-0.00000131
13.5142	-0.00000075
13.5190	-0.00000076
13.5234	-0.00000215
13.5276	0.00000020
13.5325	0.00000044
13.5379	-0.00000050
13.5426	0.00000120
13.5469	0.00000056
13.5519	-0.00000093
13.5563	-0.00000178
13.5617	-0.00000066
13.5671	-0.00000111
13.5720	-0.00000304
13.5770	-0.00000279
13.5821	-0.00000122
13.5869	-0.00000059
13.5920	-0.00000078
13.5970	-0.00000060
13.6021	-0.00000034
13.6071	0.00000066
13.6121	0.00000070
13.6168	-0.00000034
13.6221	-0.00000096
13.6266	-0.00000102
13.6319	-0.00000093
13.6366	-0.00000020
13.6410	-0.00000039
13.6461	-0.00000055
13.6510	-0.00000013
13.6562	-0.00000060
13.6610	-0.00000071
13.6654	-0.00000065
13.6702	-0.00000002
13.6754	-0.00000101
13.6799	-0.00000300
13.6849	-0.00000269
13.6900	-0.00000379
13.6949	-0.00000387
13.7000	-0.00000330
13.7049	-0.00000361
13.7099	-0.00000477
13.7149	-0.00000389
13.7199	-0.00000435
13.7250	-0.00000290
13.7296	-0.00000299
13.7339	-0.00000277
13.7390	-0.00000207
13.7439	-0.00000026
13.7491	0.00000004
13.7542	-0.00000127
13.7591	-0.00000075
13.7635	-0.00000075
13.7682	0.00000040
13.7733	0.00000079
13.7784	0.00000053
13.7833	-0.00000057
13.7883	-0.00000109
13.7933	-0.00000094
13.7988	-0.00000153
13.8032	-0.00000044
13.8077	0.00000037
13.8121	0.00000129
13.8171	0.00000146
13.8220	0.00000238
13.8270	0.00000058
13.8313	0.00000154
13.8364	0.00000192
13.8413	0.00000089
13.8462	0.00000149
13.8514	-0.00000007
13.8563	0.00000012
13.8618	-0.00000199
13.8670	-0.00000127
13.8721	-0.00000041
13.8770	0.00000055
13.8824	0.00000075
13.8874	-0.00000000
13.8922	-0.00000034
13.8967	0.00000000
13.9016	-0.00000057
13.9065	-0.00000084
13.9116	0.00000007
13.9165	0.00000067
13.9215	0.00000148
13.9265	0.00000175
13.9315	0.00000075
13.9365	0.00000274
13.9416	0.00000259
13.9465	0.00000301
13.9507	0.00000261
13.9557	0.00000223
13.9607	0.00000220
13.9656	0.00000040
13.9704	0.00000151
13.9757	0.00000223
13.9803	0.00000137
13.9855	0.00000035
13.9904	-0.00000023
13.9955	-0.00000056
14.0005	-0.00000000
14.0055	-0.00000054
14.0105	-0.00000050
14.0155	-0.00000043
14.0204	-0.00000104
14.0255	-0.00000069
14.0304	0.00000025
14.0355	-0.00000083
14.0405	0.00000014
14.0454	0.00000067
14.0497	-0.00000183
14.0546	-0.00000067
14.0596	-0.00000071
14.0644	-0.00000129
14.0694	-0.00000040
14.0744	-0.00000052
14.0793	-0.00000018
14.0843	0.00000041
14.0894	-0.00000292
14.0944	-0.00000240
14.0994	0.00000040
14.1043	-0.00000075
14.1093	0.00000044
14.1144	-0.00000012
14.1193	-0.00000023
14.1244	-0.00000050
14.1292	-0.00000082
14.1345	-0.00000002
14.1393	0.00000116
14.1445	-0.00000021
14.1495	-0.00000170
14.1546	-0.00000146
14.1594	-0.00000166
14.1642	-0.00000198
14.1693	-0.00000122
14.1742	-0.00000194
14.1792	-0.00000259
14.1843	-0.00000175
14.1892	-0.00000039
14.1943	-0.00000059
14.1992	-0.00000179
14.2042	-0.00000243
14.2093	-0.00000030
14.2142	0.00000079
14.2195	0.00000091
14.2241	-0.00000150
14.2291	-0.00000189
14.2341	-0.00000259
14.2392	-0.00000346
14.2442	-0.00000161
14.2492	-0.00000062
14.2543	-0.00000021
14.2594	0.00000143
14.2640	0.00000191
14.2690	0.00000310
14.2740	0.00000046
14.2790	0.00000222
14.2840	0.00000278
14.2891	0.00000089
14.2940	0.00000029
14.2990	0.00000016
14.3039	-0.00000084
14.3090	-0.00000141
14.3140	-0.00000164
14.3190	-0.00000024
14.3240	0.00000069
14.3290	-0.00000049
14.3340	0.00000022
14.3388	-0.00000241
14.3431	-0.00000208
14.3482	-0.00000087
14.3530	-0.00000089
14.3582	-0.00000299
14.3627	-0.00000206
14.3679	-0.00000249
14.3729	-0.00000245
14.3779	-0.00000391
14.3829	-0.00000421
14.3879	-0.00000447
14.3929	-0.00000410
14.3979	-0.00000229
14.4030	-0.00000097
14.4079	-0.00000053
14.4128	-0.00000094
14.4179	-0.00000168
14.4229	-0.00000171
14.4280	-0.00000163
14.4329	-0.00000136
14.4379	-0.00000168
14.4429	0.00000016
14.4479	-0.00000130
14.4529	-0.00000160
14.4580	-0.00000141
14.4629	-0.00000319
14.4677	-0.00000296
14.4727	-0.00000296
14.4777	-0.00000347
14.4827	-0.00000216
14.4878	-0.00000024
14.4927	-0.00000112
14.4977	-0.00000004
14.5027	0.00000080
14.5077	0.00000158
14.5127	0.00000207
14.5177	0.00000130
14.5227	0.00000056
14.5277	0.00000179
14.5327	0.00000002
14.5377	0.00000022
14.5427	0.00000012
14.5477	-0.00000076
14.5528	0.00000111
14.5579	0.00000123
14.5628	0.00000178
14.5676	0.00000218
14.5726	0.00000153
14.5776	0.00000141
14.5825	0.00000057
14.5877	0.00000119
14.5926	-0.00000059
14.5976	-0.00000077
14.6026	-0.00000107
14.6075	0.00000020
14.6126	0.00000008
14.6176	0.00000009
14.6226	0.00000087
14.6276	0.00000228
14.6326	0.00000282
14.6376	0.00000105
14.6426	0.00000155
14.6476	0.00000094
14.6527	0.00000127
14.6577	-0.00000045
14.6634	0.00000086
14.6685	-0.00000033
14.6736	-0.00000139
14.6785	0.00000030
14.6835	0.00000031
14.6885	0.00000147
14.6934	0.00000096
14.6985	0.00000104
14.7033	0.00000099
14.7084	0.00000009
14.7135	-0.00000053
14.7184	-0.00000170
14.7235	-0.00000117
14.7284	-0.00000000
14.7334	-0.00000073
14.7385	-0.00000001
14.7434	0.00000015
14.7486	-0.00000110
14.7534	-0.00000179
14.7587	-0.00000104
14.7635	-0.00000021
14.7684	-0.00000154
14.7733	-0.00000336
14.7783	-0.00000297
14.7833	-0.00000424
14.7883	-0.00000220
14.7933	-0.00000376
14.7982	-0.00000239
14.8032	-0.00000054
14.8082	0.00000084
14.8132	0.00000258
14.8184	0.00000080
14.8235	0.00000098
14.8285	0.00000071
14.8333	0.00000015
14.8382	-0.00000073
14.8433	-0.00000112
14.8483	0.00000044
14.8532	0.00000124
14.8574	0.00000257
14.8624	0.00000261
14.8671	0.00000219
14.8722	0.00000288
14.8772	0.00000134
14.8822	0.00000096
14.8872	0.00000049
14.8922	0.00000015
14.8972	0.00000005
14.9021	-0.00000036
14.9072	-0.00000117
14.9123	-0.00000186
14.9172	-0.00000129
14.9222	-0.00000044
14.9272	-0.00000222
14.9321	-0.00000038
14.9371	-0.00000037
14.9422	-0.00000110
14.9472	-0.00000068
14.9522	0.00000082
14.9572	0.00000231
14.9623	0.00000128
14.9670	0.00000100
14.9721	0.00000156
14.9770	-0.00000096
14.9821	-0.00000086
14.9868	-0.00000056
14.9920	0.00000031
14.9970	0.00000121
15.0020	0.00000053
15.0070	-0.00000037
15.0120	-0.00000041
15.0170	0.00000007
15.0219	0.00000107
15.0270	0.00000034
15.0320	-0.00000029
15.0371	0.00000044
15.0420	0.00000023
15.0471	0.00000111
15.0521	-0.00000039
15.0572	-0.00000242
15.0621	-0.00000297
15.0669	-0.00000223
15.0719	-0.00000118
15.0769	-0.00000109
15.0817	-0.00000157
15.0867	-0.00000024
15.0919	0.00000043
15.0969	-0.00000051
15.1020	0.00000167
15.1069	0.00000165
15.1119	0.00000160
15.1168	0.00000138
15.1219	0.00000121
15.1269	0.00000130
15.1319	0.00000293
15.1369	0.00000302
15.1419	0.00000286
15.1469	0.00000159
15.1520	0.00000082
15.1570	0.00000093
15.1620	0.00000130
15.1667	0.00000008
15.1718	0.00000061
15.1767	0.00000071
15.1818	0.00000038
15.1866	-0.00000056
15.1917	0.00000029
15.1966	-0.00000011
15.2017	-0.00000060
15.2067	-0.00000009
15.2117	0.00000031
15.2167	-0.00000076
15.2218	-0.00000101
15.2267	-0.00000142
15.2317	0.00000138
15.2366	0.00000074
15.2417	-0.00000096
15.2468	-0.00000122
15.2519	-0.00000138
15.2569	0.00000088
15.2619	-0.00000095
15.2666	-0.00000129
15.2716	-0.00000142
15.2766	-0.00000017
15.2816	-0.00000059
15.2865	-0.00000063
15.2917	0.00000038
15.2966	0.00000097
15.3016	0.00000150
15.3066	0.00000192
15.3115	0.00000197
15.3166	0.00000130
15.3216	0.00000035
15.3266	-0.00000024
15.3316	0.00000026
15.3364	0.00000077
15.3416	0.00000233
15.3465	0.00000361
15.3517	0.00000402
15.3566	0.00000150
15.3617	0.00000111
15.3663	-0.00000141
15.3715	-0.00000250
15.3765	-0.00000115
15.3815	-0.00000067
15.3864	-0.00000183
15.3915	-0.00000267
15.3965	-0.00000184
15.4015	-0.00000070
15.4064	-0.00000059
15.4115	0.00000051
15.4164	0.00000176
15.4210	0.00000117
15.4251	0.00000080
15.4301	0.00000029
15.4351	0.00000086
15.4401	0.00000147
15.4451	0.00000120
15.4501	0.00000059
15.4542	-0.00000030
15.4592	-0.00000031
15.4642	-0.00000199
15.4689	-0.00000178
15.4730	-0.00000139
15.4780	-0.00000035
15.4830	-0.00000030
15.4880	0.00000003
15.4929	0.00000029
15.4970	-0.00000031
15.5020	0.00000201
15.5070	0.00000303
15.5120	0.00000274
15.5170	0.00000233
15.5220	0.00000013
15.5270	0.00000086
15.5320	0.00000044
15.5370	0.00000024
15.5420	0.00000048
15.5470	0.00000081
15.5521	0.00000277
15.5571	0.00000240
15.5621	0.00000074
15.5667	0.00000096
15.5709	0.00000101
15.5758	0.00000146
15.5809	0.00000233
15.5859	0.00000203
15.5909	0.00000101
15.5958	-0.00000013
15.6009	-0.00000045
15.6058	0.00000045
15.6109	-0.00000053
15.6158	-0.00000158
15.6208	-0.00000153
15.6258	0.00000136
15.6308	0.00000245
15.6359	0.00000184
15.6408	0.00000272
15.6458	0.00000290
15.6509	-0.00000008
15.6550	0.00000018
15.6600	-0.00000067
15.6650	-0.00000148
15.6696	-0.00000284
15.6746	-0.00000120
15.6797	0.00000007
15.6847	-0.00000106
15.6897	-0.00000071
15.6947	-0.00000105
15.6997	-0.00000215
15.7047	-0.00000197
15.7097	-0.00000194
15.7147	-0.00000173
15.7197	-0.00000081
15.7246	0.00000054
15.7287	0.00000032
15.7337	0.00000058
15.7387	0.00000011
15.7438	0.00000004
15.7487	-0.00000017
15.7528	-0.00000077
15.7578	-0.00000151
15.7628	-0.00000058
15.7677	0.00000061
15.7724	0.00000239
15.7766	0.00000194
15.7816	0.00000121
15.7865	0.00000111
15.7914	0.00000171
15.7965	0.00000131
15.8015	0.00000061
15.8056	-0.00000134
15.8106	-0.00000045
15.8156	0.00000159
15.8206	0.00000118
15.8256	0.00000217
15.8306	0.00000245
15.8356	0.00000218
15.8406	0.00000150
15.8456	0.00000036
15.8506	0.00000030
15.8547	0.00000165
15.8597	0.00000099
15.8647	0.00000168
15.8694	0.00000160
15.8735	0.00000216
15.8785	0.00000344
15.8835	0.00000126
15.8885	0.00000229
15.8935	0.00000134
15.8985	0.00000233
15.9035	0.00000257
15.9084	0.00000318
15.9135	0.00000400
15.9184	0.00000215
15.9225	0.00000020
15.9275	-0.00000009
15.9326	-0.00000017
15.9376	0.00000079
15.9425	0.00000153
15.9475	-0.00000016
15.9516	0.00000191
15.9566	0.00000247
15.9617	0.00000148
15.9663	0.00000022
15.9704	-0.00000078
15.9754	-0.00000006
15.9804	0.00000040
15.9853	0.00000029
15.9894	0.00000142
15.9944	-0.00000061
15.9994	-0.00000002
16.0044	0.00000054
16.0094	0.00000027
16.0144	-0.00000015
16.0193	0.00000066
16.0244	0.00000108
16.0294	0.00000034
16.0344	0.00000217
16.0394	0.00000212
16.0444	0.00000202
16.0495	-0.00000011
16.0545	0.00000119
16.0595	0.00000106
16.0645	0.00000257
16.0691	0.00000149
16.0732	0.00000017
16.0782	-0.00000002
16.0832	-0.00000071
16.0882	-0.00000049
16.0932	0.00000009
16.0982	-0.00000070
16.1033	-0.00000027
16.1082	0.00000015
16.1132	-0.00000078
16.1182	-0.00000153
16.1232	-0.00000050
16.1282	0.00000104
16.1333	0.00000086
16.1383	0.00000236
16.1432	0.00000300
16.1482	0.00000277
16.1534	0.00000261
16.1583	0.00000161
16.1634	0.00000081
16.1680	0.00000096
16.1731	0.00000201
16.1781	0.00000240
16.1831	0.00000254
16.1880	0.00000141
16.1931	0.00000185
16.1980	0.00000188
16.2031	0.00000293
16.2081	0.00000263
16.2131	0.00000275
16.2181	0.00000132
16.2230	0.00000283
16.2281	0.00000335
16.2330	0.00000195
16.2381	0.00000343
16.2431	0.00000281
16.2481	0.00000120
16.2533	-0.00000035
16.2583	0.00000072
16.2632	0.00000002
16.2681	0.00000124
16.2729	0.00000176
16.2780	0.00000041
16.2829	0.00000089
16.2879	0.00000164
16.2930	0.00000180
16.2980	0.00000166
16.3028	0.00000232
16.3079	0.00000184
16.3129	0.00000110
16.3179	0.00000119
16.3229	0.00000118
16.3280	0.00000226
16.3329	0.00000371
16.3378	0.00000384
16.3429	0.00000267
16.3479	0.00000119
16.3521	0.00000104
16.3571	0.00000043
16.3621	0.00000100
16.3666	0.00000089
16.3717	-0.00000031
16.3767	-0.00000009
16.3818	0.00000075
16.3867	0.00000078
16.3910	0.00000012
16.3961	0.00000019
16.4010	-0.00000157
16.4062	-0.00000160
16.4110	-0.00000115
16.4160	-0.00000091
16.4211	-0.00000115
16.4259	-0.00000012
16.4311	-0.00000134
16.4360	0.00000015
16.4410	-0.00000142
16.4461	-0.00000086
16.4511	-0.00000119
16.4562	-0.00000133
16.4612	-0.00000200
16.4662	0.00000152
16.4710	0.00000429
16.4759	0.00000443
16.4810	0.00000453
16.4859	0.00000374
16.4909	0.00000252
16.4959	0.00000191
16.5009	0.00000024
16.5059	-0.00000145
16.5109	-0.00000256
16.5159	-0.00000168
16.5209	-0.00000262
16.5258	-0.00000457
16.5309	-0.00000168
16.5358	-0.00000271
16.5410	-0.00000208
16.5459	-0.00000152
16.5509	-0.00000171
16.5560	-0.00000099
16.5610	-0.00000147
16.5664	-0.00000177
16.5713	-0.00000295
16.5764	-0.00000322
16.5814	-0.00000220
16.5866	-0.00000173
16.5914	-0.00000062
16.5964	0.00000054
16.6013	0.00000127
16.6065	0.00000011
16.6115	0.00000209
16.6163	0.00000325
16.6214	0.00000367
16.6264	0.00000329
16.6317	0.00000030
16.6367	0.00000083
16.6416	0.00000067
16.6467	0.00000093
16.6516	0.00000113
16.6568	0.00000386
16.6617	0.00000261
16.6668	0.00000182
16.6719	-0.00000053
16.6773	-0.00000019
16.6820	0.00000139
16.6870	-0.00000005
16.6922	-0.00000083
16.6972	-0.00000152
16.7022	-0.00000276
16.7072	-0.00000218
16.7123	-0.00000038
16.7173	-0.00000051
16.7218	0.00000141
16.7267	0.00000188
16.7319	0.00000090
16.7367	-0.00000015
16.7418	-0.00000241
16.7467	-0.00000200
16.7513	-0.00000025
16.7564	-0.00000007
16.7614	-0.00000074
16.7659	-0.00000066
16.7704	0.00000022
16.7754	-0.00000067
16.7804	0.00000052
16.7854	0.00000058
16.7901	0.00000262
16.7950	0.00000451
16.8000	0.00000291
16.8052	0.00000134
16.8104	0.00000058
16.8154	0.00000072
16.8195	0.00000095
16.8245	0.00000099
16.8289	0.00000024
16.8339	0.00000043
16.8389	0.00000200
16.8430	0.00000111
16.8480	0.00000089
16.8531	-0.00000027
16.8581	-0.00000131
16.8627	-0.00000147
16.8679	-0.00000270
16.8724	-0.00000133
16.8773	-0.00000004
16.8824	-0.00000030
16.8868	-0.00000104
16.8918	-0.00000118
16.8969	-0.00000226
16.9019	-0.00000138
16.9069	-0.00000274
16.9120	0.00000020
16.9170	-0.00000156
16.9223	-0.00000178
16.9275	-0.00000189
16.9324	-0.00000025
16.9375	-0.00000229
16.9424	-0.00000271
16.9475	-0.00000381
16.9525	-0.00000280
16.9568	-0.00000268
16.9618	-0.00000300
16.9669	-0.00000274
16.9717	0.00000003
16.9767	-0.00000098
16.9820	-0.00000039
16.9868	-0.00000057
16.9917	-0.00000078
16.9968	-0.00000108
17.0020	-0.00000170
17.0067	0.00000151
17.0112	0.00000187
17.0162	0.00000191
17.0212	0.00000011
17.0263	-0.00000087
17.0314	0.00000046
17.0364	-0.00000168
17.0413	-0.00000211
17.0463	-0.00000191
17.0512	-0.00000059
17.0563	0.00000024
17.0613	0.00000179
17.0669	0.00000162
17.0719	0.00000130
17.0768	0.00000012
17.0818	0.00000135
17.0869	0.00000164
17.0919	0.00000018
17.0969	-0.00000077
17.1018	0.00000074
17.1070	0.00000007
17.1120	0.00000142
17.1169	0.00000198
17.1218	0.00000185
17.1269	0.00000182
17.1318	0.00000184
17.1368	0.00000102
17.1419	-0.00000036
17.1469	0.00000151
17.1519	-0.00000012
17.1570	-0.00000070
17.1620	-0.00000118
17.1669	-0.00000199
17.1714	-0.00000022
17.1764	0.00000080
17.1814	0.00000039
17.1863	0.00000052
17.1914	-0.00000049
17.1964	-0.00000241
17.2014	-0.00000309
17.2065	-0.00000301
17.2116	-0.00000090
17.2163	0.00000026
17.2214	0.00000153
17.2264	0.00000157
17.2314	0.00000225
17.2357	0.00000126
17.2409	0.00000088
17.2457	0.00000039
17.2508	-0.00000049
17.2557	-0.00000129
17.2609	-0.00000156
17.2659	-0.00000086
17.2705	-0.00000038
17.2757	-0.00000050
17.2805	-0.00000012
17.2857	-0.00000023
17.2905	-0.00000124
17.2950	-0.00000058
17.3001	-0.00000083
17.3051	-0.00000094
17.3100	-0.00000160
17.3146	-0.00000055
17.3197	-0.00000000
17.3246	-0.00000029
17.3296	-0.00000065
17.3345	-0.00000206
17.3394	-0.00000301
17.3445	-0.00000293
17.3496	-0.00000400
17.3546	-0.00000197
17.3596	-0.00000002
17.3646	-0.00000001
17.3692	-0.00000021
17.3742	0.00000115
17.3791	0.00000230
17.3841	0.00000133
17.3891	0.00000207
17.3941	0.00000073
17.3991	0.00000017
17.4041	0.00000049
17.4090	-0.00000006
17.4140	0.00000095
17.4191	0.00000130
17.4241	0.00000150
17.4292	0.00000043
17.4341	0.00000087
17.4386	-0.00000192
17.4441	-0.00000090
17.4492	-0.00000093
17.4542	-0.00000001
17.4593	-0.00000150
17.4643	-0.00000144
17.4689	-0.00000246
17.4740	-0.00000162
17.4786	-0.00000281
17.4830	-0.00000181
17.4872	-0.00000135
17.4922	-0.00000258
17.4972	-0.00000291
17.5022	-0.00000332
17.5072	-0.00000204
17.5123	-0.00000150
17.5173	0.00000066
17.5225	-0.00000052
17.5273	-0.00000070
17.5323	-0.00000004
17.5374	-0.00000047
17.5423	-0.00000046
17.5474	0.00000036
17.5528	-0.00000056
17.5580	-0.00000082
17.5625	0.00000076
17.5675	0.00000148
17.5722	0.00000066
17.5774	0.00000086
17.5817	-0.00000007
17.5861	0.00000141
17.5916	0.00000152
17.5958	0.00000114
17.6008	0.00000009
17.6058	-0.00000010
17.6108	0.00000115
17.6152	0.00000137
17.6196	0.00000101
17.6244	0.00000211
17.6297	0.00000193
17.6350	0.00000267
17.6392	0.00000163
17.6447	0.00000174
17.6489	0.00000006
17.6538	0.00000090
17.6587	0.00000236
17.6634	0.00000134
17.6676	0.00000215
17.6718	0.00000221
17.6772	-0.00000062
17.6822	-0.00000060
17.6875	0.00000008
17.6925	-0.00000054
17.6969	0.00000049
17.7019	0.00000262
17.7069	0.00000171
17.7119	0.00000158
17.7169	0.00000226
17.7219	0.00000107
17.7268	0.00000111
17.7319	0.00000214
17.7369	0.00000207
17.7419	0.00000097
17.7468	0.00000160
17.7519	0.00000034
17.7569	0.00000051
17.7619	-0.00000142
17.7676	-0.00000140
17.7725	-0.00000160
17.7775	-0.00000277
17.7824	-0.00000160
17.7876	-0.00000226
17.7925	-0.00000027
17.7969	-0.00000048
17.8013	-0.00000101
17.8064	-0.00000158
17.8114	-0.00000290
17.8163	-0.00000254
17.8213	-0.00000271
17.8257	-0.00000327
17.8307	-0.00000421
17.8359	-0.00000324
17.8408	-0.00000235
17.8458	-0.00000126
17.8508	-0.00000027
17.8559	0.00000019
17.8609	-0.00000158
17.8659	-0.00000128
17.8706	-0.00000158
17.8748	-0.00000220
17.8799	-0.00000008
17.8848	0.00000020
17.8898	0.00000108
17.8948	-0.00000055
17.8997	-0.00000163
17.9049	-0.00000194
17.9099	-0.00000044
17.9149	0.00000210
17.9199	0.00000347
17.9249	0.00000231
17.9300	0.00000138
17.9348	0.00000310
17.9399	0.00000247
17.9449	0.00000270
17.9498	0.00000237
17.9542	0.00000171
17.9590	0.00000052
17.9641	0.00000192
17.9688	0.00000104
17.9739	0.00000043
17.9789	0.00000211
17.9839	0.00000113
17.9887	0.00000069
17.9938	-0.00000049
17.9988	0.00000034
18.0039	0.00000008
18.0085	0.00000058
18.0137	0.00000075
18.0187	-0.00000112
18.0236	-0.00000078
18.0286	-0.00000014
18.0337	0.00000011
18.0387	0.00000002
18.0436	0.00000043
18.0487	0.00000024
18.0538	-0.00000084
18.0586	-0.00000109
18.0637	-0.00000173
18.0683	-0.00000117
18.0734	-0.00000097
18.0783	-0.00000249
18.0833	-0.00000214
18.0885	-0.00000359
18.0933	-0.00000281
18.0985	-0.00000245
18.1033	-0.00000124
18.1086	-0.00000147
18.1134	-0.00000055
18.1186	-0.00000213
18.1234	-0.00000100
18.1286	-0.00000256
18.1334	-0.00000253
18.1386	-0.00000089
18.1434	-0.00000048
18.1484	0.00000020
18.1535	0.00000181
18.1585	0.00000028
18.1645	-0.00000030
18.1693	-0.00000299
18.1740	-0.00000192
18.1791	-0.00000107
18.1848	-0.00000269
18.1941	-0.00000223
18.1991	-0.00000216
18.2041	-0.00000381
18.2082	-0.00000467
18.2133	-0.00000526
18.2183	-0.00000388
18.2228	-0.00000371
18.2281	-0.00000174
18.2328	-0.00000209
18.2380	-0.00000075
18.2430	-0.00000013
18.2479	0.00000091
18.2524	0.00000105
18.2576	0.00000075
18.2624	0.00000041
18.2681	0.00000077
18.2723	0.00000001
18.2774	-0.00000030
18.2830	-0.00000028
18.2873	-0.00000039
18.2924	-0.00000028
18.2969	-0.00000005
18.3017	-0.00000041
18.3068	-0.00000116
18.3118	-0.00000142
18.3170	-0.00000179
18.3218	0.00000035
18.3270	0.00000059
18.3320	-0.00000016
18.3368	0.00000040
18.3420	0.00000078
18.3469	-0.00000035
18.3514	0.00000133
18.3564	0.00000032
18.3619	-0.00000005
18.3668	0.00000092
18.3722	0.00000091
18.3769	-0.00000076
18.3821	0.00000037
18.3867	-0.00000054
18.3919	0.00000021
18.3969	-0.00000079
18.4022	0.00000072
18.4076	-0.00000097
18.4119	-0.00000052
18.4172	-0.00000227
18.4220	-0.00000222
18.4270	-0.00000240
18.4320	-0.00000083
18.4370	-0.00000180
18.4499	-0.00000244
18.4551	-0.00000034
18.4600	-0.00000043
18.4651	-0.00000029
18.4706	-0.00000152
18.4748	-0.00000074
18.4799	-0.00000024
18.4847	-0.00000177
18.4897	-0.00000148
18.4951	0.00000062
18.4996	0.00000107
18.5047	0.00000077
18.5099	0.00000149
18.5151	0.00000037
18.5201	0.00000083
18.5247	0.00000180
18.5299	0.00000057
18.5351	0.00000005
18.5400	0.00000126
18.5451	0.00000174
18.5501	0.00000113
18.5608	0.00000047
18.5651	0.00000005
18.5702	0.00000001
18.5748	-0.00000144
18.5799	0.00000014
18.5848	-0.00000089
18.5900	-0.00000283
18.5948	-0.00000257
18.5998	-0.00000362
18.6058	-0.00000242
18.6123	-0.00000237
18.6176	-0.00000221
18.6225	-0.00000189
18.6277	-0.00000276
18.6328	-0.00000239
18.6371	-0.00000242
18.6424	-0.00000359
18.6478	-0.00000320
18.6522	-0.00000345
18.6577	-0.00000213
18.6622	-0.00000178
18.6672	-0.00000214
18.6722	-0.00000147
18.6774	-0.00000008
18.6821	0.00000128
18.6873	0.00000168
18.6940	0.00000083
18.7001	-0.00000009
18.7119	0.00000018
18.7332	-0.00000131
18.7373	-0.00000091
18.7444	-0.00000124
18.7493	-0.00000046
18.7544	0.00000074
18.7618	0.00000073
18.7666	-0.00000028
18.7777	0.00000034
18.7839	0.00000171
18.7889	0.00000141
18.7953	0.00000108
18.8001	0.00000141
18.8110	-0.00000033
18.8152	-0.00000039
18.8202	-0.00000182
18.8252	-0.00000281
18.8305	-0.00000337
18.8403	-0.00000245
18.8510	-0.00000144
18.8576	-0.00000132
18.8625	-0.00000336
18.8675	-0.00000376
18.8733	-0.00000276
18.8788	-0.00000209
18.8937	-0.00000058
18.8986	0.00000077
18.9114	0.00000064
18.9190	0.00000139
18.9235	0.00000100
18.9284	0.00000222
18.9360	0.00000047
18.9432	0.00000119
18.9487	-0.00000030
18.9611	0.00000154
18.9776	0.00000165
18.9833	0.00000232
18.9911	0.00000140
18.9953	0.00000212
19.0004	0.00000075
19.0110	-0.00000174
19.0153	-0.00000173
19.0277	-0.00000077
19.0324	0.00000143
19.0369	0.00000143
19.0454	0.00000187
19.0501	0.00000100
19.0574	0.00000115
19.0664	0.00000024
19.0737	-0.00000054
19.0797	-0.00000080
19.0847	0.00000021
19.0904	-0.00000074
19.0948	-0.00000286
19.0997	-0.00000241
19.1053	-0.00000145
19.1139	-0.00000150
19.1295	-0.00000101
19.1468	0.00000066
19.1543	0.00000000
19.1660	0.00000102
19.1733	0.00000196
19.1943	0.00000182
19.1995	0.00000204
19.2037	-0.00000069
19.2116	-0.00000222
19.2166	-0.00000068
19.2248	0.00000025
19.2328	-0.00000082
19.2378	0.00000037
19.2456	-0.00000029
19.2500	-0.00000010
19.2610	-0.00000002
19.2777	-0.00000044
19.2832	-0.00000117
19.2948	0.00000031
19.2999	0.00000060
19.3162	0.00000128
19.3227	-0.00000001
19.3325	0.00000051
19.3379	-0.00000037
19.3426	0.00000143
19.3471	0.00000169
19.3526	0.00000129
19.3575	0.00000170
19.3621	0.00000148
19.3672	0.00000148
19.3723	0.00000078
19.3771	-0.00000108
19.3814	0.00000076
19.3860	0.00000066
19.3904	0.00000072
19.3960	0.00000070
19.4008	-0.00000037
19.4058	-0.00000186
19.4108	-0.00000123
19.4160	-0.00000023
19.4208	-0.00000027
19.4258	0.00000121
19.4312	0.00000066
19.4358	-0.00000055
19.4407	-0.00000022
19.4451	-0.00000068
19.4505	-0.00000182
19.4553	-0.00000029
19.4604	0.00000064
19.4654	-0.00000104
19.4710	-0.00000118
19.4761	-0.00000281
19.4809	-0.00000326
19.4862	-0.00000264
19.4911	-0.00000180
19.4961	-0.00000105
19.5012	-0.00000068
19.5058	-0.00000190
19.5100	-0.00000280
19.5159	-0.00000027
19.5278	-0.00000050
19.5329	-0.00000171
19.5401	-0.00000160
19.5468	-0.00000189
19.5529	-0.00000216
19.5580	-0.00000155
19.5633	-0.00000053
19.5685	-0.00000199
19.5762	-0.00000093
19.5822	-0.00000185
19.5962	-0.00000045
19.6033	-0.00000037
19.6084	0.00000019
19.6133	0.00000108
19.6189	0.00000053
19.6233	0.00000044
19.6282	-0.00000063
19.6334	-0.00000078
19.6385	-0.00000084
19.6434	-0.00000023
19.6487	0.00000011
19.6534	0.00000125
19.6576	0.00000136
19.6626	0.00000033
19.6680	0.00000088
19.6734	0.00000231
19.6782	0.00000275
19.6833	0.00000061
19.6882	-0.00000051
19.6936	-0.00000152
19.6982	-0.00000200
19.7112	-0.00000180
19.7162	0.00000073
19.7211	0.00000027
19.7281	0.00000176
19.7330	-0.00000012
19.7376	0.00000044
19.7424	-0.00000055
19.7480	-0.00000110
19.7525	-0.00000003
19.7582	-0.00000002
19.7627	-0.00000259
19.7680	-0.00000182
19.7736	-0.00000325
19.7783	-0.00000395
19.7831	-0.00000368
19.7893	-0.00000311
19.7945	-0.00000177
19.7997	-0.00000218
19.8043	-0.00000422
19.8093	-0.00000221
19.8143	-0.00000143
19.8196	-0.00000124
19.8245	-0.00000037
19.8295	-0.00000165
19.8346	-0.00000151
19.8400	-0.00000194
19.8452	-0.00000106
19.8494	0.00000038
19.8546	-0.00000004
19.8599	0.00000089
19.8645	0.00000114
19.8698	0.00000252
19.8745	0.00000386
19.8792	0.00000258
19.8841	0.00000351
19.8899	0.00000180
19.8942	0.00000124
19.8994	0.00000172
19.9040	0.00000228
19.9092	0.00000399
19.9140	0.00000262
19.9190	0.00000272
19.9242	0.00000170
19.9293	0.00000205
19.9342	0.00000156
19.9394	0.00000112
19.9440	0.00000018
19.9488	0.00000014
19.9532	-0.00000006
19.9583	-0.00000092
19.9631	0.00000033
19.9690	-0.00000005
19.9779	-0.00000093
19.9830	0.00000040
19.9880	0.00000044
19.9931	-0.00000068
19.9979	0.00000003
20.0101	0.00000024
20.0152	-0.00000190
20.0203	-0.00000178
20.0257	0.00000020
20.0304	0.00000103
20.0362	-0.00000016
20.0413	-0.00000141
20.0462	-0.00000058
20.0512	-0.00000213
20.0563	-0.00000319
20.0616	-0.00000266
20.0667	-0.00000185
20.0713	-0.00000115
20.0763	-0.00000185
20.0811	-0.00000162
20.0873	-0.00000218
20.0918	-0.00000233
20.0990	-0.00000143
20.1058	0.00000005
20.1118	0.00000000
20.1220	-0.00000196
20.1268	0.00000021
20.1318	0.00000097
20.1369	0.00000164
20.1418	0.00000151
20.1475	0.00000147
20.1521	0.00000059
20.1571	0.00000111
20.1621	-0.00000055
20.1671	-0.00000065
20.1718	0.00000038
20.1771	-0.00000018
20.1816	-0.00000084
20.1868	-0.00000214
20.1918	-0.00000095
20.1967	0.00000030
20.2021	-0.00000098
20.2067	-0.00000137
20.2138	-0.00000193
20.2323	-0.00000193
20.2381	-0.00000289
20.2448	-0.00000158
20.2498	-0.00000055
20.2547	-0.00000118
20.2599	0.00000047
20.2649	-0.00000017
20.2700	-0.00000109
20.2745	-0.00000109
20.2795	-0.00000087
20.2847	-0.00000096
20.2895	-0.00000267
20.2949	-0.00000099
20.3055	-0.00000128
20.3105	-0.00000094
20.3159	0.00000006
20.3206	0.00000010
20.3267	0.00000081
20.3323	0.00000035
20.3366	0.00000136
20.3413	0.00000072
20.3487	0.00000113
20.3532	0.00000216
20.3582	0.00000272
20.3633	0.00000470
20.3682	0.00000367
20.3730	0.00000293
20.3781	0.00000169
20.3828	0.00000128
20.3904	0.00000097
20.3957	0.00000155
20.4008	0.00000078
20.4057	0.00000105
20.4103	0.00000100
20.4153	0.00000063
20.4204	-0.00000192
20.4256	-0.00000175
20.4304	-0.00000137
20.4353	-0.00000215
20.4407	-0.00000276
20.4457	-0.00000129
20.4502	-0.00000106
20.4561	0.00000027
20.4604	-0.00000080
20.4654	0.00000041
20.4704	0.00000009
20.4751	-0.00000285
20.4801	-0.00000060
20.4854	-0.00000135
20.4901	-0.00000099
20.4960	-0.00000263
20.5081	-0.00000197
20.5140	-0.00000058
20.5201	0.00000045
20.5253	0.00000089
20.5295	0.00000122
20.5349	0.00000023
20.5395	0.00000259
20.5450	0.00000076
20.5495	0.00000117
20.5546	0.00000093
20.5599	0.00000057
20.5650	0.00000193
20.5722	0.00000126
20.5827	0.00000031
20.5873	0.00000153
20.5971	-0.00000051
20.6025	-0.00000160
20.6073	-0.00000116
20.6155	-0.00000168
20.6204	-0.00000168
20.6283	-0.00000034
20.6358	0.00000099
20.6414	0.00000011
20.6463	0.00000085
20.6554	0.00000059
20.6606	0.00000030
20.6660	0.00000203
20.6706	0.00000152
20.6759	0.00000416
20.6820	0.00000485
20.6883	0.00000464
20.6935	0.00000232
20.6983	0.00000320
20.7053	0.00000351
20.7101	0.00000436
20.7156	0.00000338
20.7201	0.00000237
20.7251	0.00000053
20.7303	0.00000053
20.7390	-0.00000004
20.7442	0.00000119
20.7492	0.00000082
20.7542	0.00000081
20.7593	0.00000079
20.7655	0.00000247
20.7804	0.00000066
20.7876	0.00000056
20.7919	0.00000081
20.7992	0.00000070
20.8042	0.00000007
20.8089	-0.00000152
20.8141	-0.00000105
20.8189	-0.00000113
20.8244	-0.00000130
20.8296	-0.00000057
20.8379	-0.00000152
20.8432	-0.00000081
20.8518	-0.00000184
20.8620	-0.00000308
20.8691	-0.00000272
20.8801	-0.00000143
20.8849	-0.00000153
20.8907	0.00000015
20.8985	0.00000132
20.9067	0.00000189
20.9121	0.00000025
20.9186	0.00000025
20.9294	0.00000068
20.9350	-0.00000020
20.9399	-0.00000077
20.9443	0.00000023
20.9495	-0.00000106
20.9620	-0.00000198
20.9665	-0.00000036
20.9760	-0.00000200
20.9808	-0.00000145
20.9855	-0.00000164
20.9938	-0.00000196
20.9994	-0.00000087
21.0039	0.00000181
21.0128	0.00000152
21.0185	0.00000199
21.0233	0.00000027
21.0281	0.00000076
21.0328	0.00000028
21.0395	-0.00000073
21.0439	0.00000106
21.0491	0.00000052
21.0540	0.00000102
21.0594	0.00000132
21.0641	0.00000141
21.0693	0.00000081
21.0786	0.00000030
21.0827	0.00000092
21.0877	0.00000133
21.0928	0.00000164
21.0985	0.00000128
21.1046	0.00000057
21.1091	0.00000051
21.1140	0.00000023
21.1194	0.00000088
21.1237	0.00000162
21.1289	0.00000024
21.1377	-0.00000070
21.1430	-0.00000084
21.1484	0.00000024
21.1528	0.00000002
21.1610	0.00000126
21.1663	0.00000114
21.1715	-0.00000008
21.1762	-0.00000082
21.1808	-0.00000040
21.1868	-0.00000272
21.1946	-0.00000141
21.1990	-0.00000326
21.2040	-0.00000263
21.2087	-0.00000274
21.2138	-0.00000268
21.2188	-0.00000496
21.2241	-0.00000404
21.2289	-0.00000465
21.2341	-0.00000418
21.2389	-0.00000215
21.2439	-0.00000183
21.2506	-0.00000103
21.2547	0.00000100
21.2633	0.00000140
21.2678	-0.00000041
21.2768	0.00000054
21.2815	0.00000003
21.2872	-0.00000078
21.2951	-0.00000206
21.3003	-0.00000083
21.3056	-0.00000127
21.3106	-0.00000155
21.3154	-0.00000163
21.3232	-0.00000260
21.3285	-0.00000348
21.3335	-0.00000146
21.3386	-0.00000215
21.3435	-0.00000197
21.3485	-0.00000284
21.3529	-0.00000248
21.3579	-0.00000306
21.3624	-0.00000134
21.3675	-0.00000093
21.3723	-0.00000103
21.3769	-0.00000216
21.3825	-0.00000410
21.3871	-0.00000332
21.3920	-0.00000236
21.3971	-0.00000311
21.4014	-0.00000444
21.4065	-0.00000288
21.4112	-0.00000223
21.4162	-0.00000199
21.4215	-0.00000313
21.4264	-0.00000137
21.4307	-0.00000100
21.4365	-0.00000158
21.4407	-0.00000320
21.4457	-0.00000083
21.4508	0.00000061
21.4554	-0.00000136
21.4602	-0.00000252
21.4653	-0.00000097
21.4704	0.00000046
21.4749	0.00000142
21.4794	0.00000288
21.4847	0.00000175
21.4895	0.00000359
21.4945	0.00000328
21.4998	0.00000226
21.5045	0.00000059
21.5095	-0.00000069
21.5147	0.00000013
21.5317	-0.00000092
21.5446	-0.00000175
21.5599	-0.00000172
21.5645	-0.00000232
21.5716	-0.00000239
21.5803	-0.00000285
21.5860	-0.00000130
21.5934	-0.00000168
21.6012	-0.00000134
21.6054	-0.00000211
21.6106	-0.00000165
21.6162	-0.00000182
21.6212	-0.00000263
21.6258	-0.00000219
21.6305	-0.00000064
21.6356	-0.00000199
21.6407	-0.00000328
21.6455	-0.00000323
21.6507	-0.00000147
0.0030	-0.00000154
0.0071	-0.00000238
0.0125	-0.00000120
0.0176	0.00000028
0.0226	0.00000080
0.0280	0.00000079
0.0328	-0.00000105
0.0371	-0.00000106
0.0422	-0.00000103
0.0471	-0.00000021
0.0520	-0.00000055
0.0571	0.00000028
0.0622	0.00000060
0.0666	0.00000041
0.0710	-0.00000081
0.0761	-0.00000137
0.0810	-0.00000077
0.0860	0.00000002
0.0903	0.00000222
0.0952	0.00000206
0.0997	0.00000047
0.1050	0.00000008
0.1096	-0.00000132
0.1144	-0.00000214
0.1194	-0.00000253
0.1241	-0.00000199
0.1291	-0.00000233
0.1341	-0.00000120
0.1390	-0.00000191
0.1434	-0.00000020
0.1488	0.00000109
0.1534	-0.00000044
0.1579	-0.00000012
0.1627	0.00000117
0.1670	0.00000075
0.1722	-0.00000000
0.1772	-0.00000175
0.1822	-0.00000156
0.1865	-0.00000324
0.1917	-0.00000281
0.1964	-0.00000267
0.2007	-0.00000144
0.2050	-0.00000018
0.2103	-0.00000022
0.2152	-0.00000009
0.2203	-0.00000047
0.2252	-0.00000132
0.2301	-0.00000220
0.2351	-0.00000354
0.2401	-0.00000346
0.2450	-0.00000153
0.2500	-0.00000295
0.2553	-0.00000228
0.2596	-0.00000047
0.2642	-0.00000011
0.2684	-0.00000024
0.2731	-0.00000085
0.2780	-0.00000144
0.2831	-0.00000150
0.2881	-0.00000013
0.2931	0.00000080
0.2981	-0.00000025
0.3031	0.00000062
0.3075	0.00000050
0.3120	0.00000070
0.3170	0.00000120
0.3221	0.00000001
0.3272	-0.00000071
0.3320	0.00000065
0.3371	0.00000031
0.3421	0.00000045
0.3473	0.00000068
0.3523	0.00000115
0.3569	0.00000048
0.3622	0.00000036
0.3673	0.00000108
0.3721	0.00000070
0.3771	-0.00000062
0.3821	0.00000008
0.3864	-0.00000079
0.3916	-0.00000275
0.3965	-0.00000222
0.4014	-0.00000138
0.4066	-0.00000173
0.4118	-0.00000006
0.4169	-0.00000041
0.4226	0.00000024
0.4275	0.00000146
0.4326	0.00000015
0.4375	0.00000066
0.4424	-0.00000086
0.4475	-0.00000043
0.4526	-0.00000075
0.4577	-0.00000017
0.4629	0.00000153
0.4680	0.00000091
0.4729	0.00000227
0.4777	0.00000308
0.4830	0.00000221
0.4878	0.00000150
0.4928	0.00000214
0.4978	0.00000223
0.5023	0.00000144
0.5067	0.00000044
0.5111	0.00000039
0.5161	-0.00000009
0.5204	-0.00000117
0.5258	-0.00000114
0.5310	0.00000060
0.5360	0.00000073
0.5411	-0.00000080
0.5455	-0.00000128
0.5509	-0.00000125
0.5556	-0.00000099
0.5605	-0.00000107
0.5656	-0.00000243
0.5700	-0.00000265
0.5746	-0.00000488
0.5793	-0.00000243
0.5845	-0.00000251
0.5895	-0.00000271
0.5944	-0.00000013
0.5988	0.00000044
0.6039	-0.00000026
0.6089	-0.00000125
0.6138	-0.00000141
0.6183	-0.00000168
0.6243	-0.00000229
0.6289	-0.00000067
0.6334	-0.00000060
0.6386	0.00000090
0.6432	0.00000143
0.6481	0.00000138
0.6528	-0.00000032
0.6575	-0.00000080
0.6623	-0.00000199
0.6667	-0.00000140
0.6714	-0.00000005
0.6763	-0.00000122
0.6813	-0.00000155
0.6861	0.00000063
0.6914	0.00000043
0.6958	0.00000016
0.7010	0.00000136
0.7052	0.00000139
0.7095	0.00000112
0.7146	-0.00000091
0.7197	-0.00000173
0.7243	-0.00000251
0.7294	-0.00000093
0.7338	-0.00000041
0.7380	-0.00000051
0.7430	0.00000051
0.7473	0.00000098
0.7523	0.00000161
0.7573	0.00000212
0.7622	0.00000174
0.7672	0.00000016
0.7722	0.00000111
0.7772	0.00000033
0.7823	0.00000005
0.7872	-0.00000082
0.7922	-0.00000048
0.7966	0.00000051
0.8009	-0.00000135
0.8061	-0.00000138
0.8111	-0.00000182
0.8162	-0.00000268
0.8211	-0.00000162
0.8259	0.00000049
0.8309	-0.00000039
0.8359	-0.00000110
0.8409	-0.00000087
0.8452	-0.00000127
0.8502	-0.00000243
0.8551	-0.00000185
0.8601	-0.00000221
0.8651	-0.00000070
0.8694	-0.00000138
0.8738	-0.00000032
0.8791	-0.00000076
0.8838	-0.00000008
0.8887	-0.00000037
0.8931	-0.00000048
0.8982	-0.00000070
0.9033	0.00000064
0.9080	0.00000093
0.9125	0.00000077
0.9177	0.00000067
0.9219	-0.00000208
0.9264	-0.00000012
0.9314	0.00000058
0.9362	0.00000143
0.9404	0.00000170
0.9448	0.00000206
0.9497	0.00000246
0.9540	0.00000278
0.9588	0.00000316
0.9637	0.00000319
0.9688	0.00000175
0.9731	0.00000300
0.9780	0.00000287
0.9830	0.00000170
0.9881	0.00000254
0.9925	0.00000202
0.9971	0.00000162
1.0025	0.00000163
1.0076	0.00000052
1.0126	0.00000037
1.0176	-0.00000060
1.0229	-0.00000160
1.0275	-0.00000062
1.0330	-0.00000031
1.0374	-0.00000105
1.0424	0.00000025
1.0474	-0.00000039
1.0520	-0.00000238
1.0572	-0.00000205
1.0620	-0.00000302
1.0672	-0.00000178
1.0715	-0.00000312
1.0765	-0.00000171
1.0819	0.00000122
1.0869	0.00000182
1.0912	0.00000161
1.0962	0.00000288
1.1013	0.00000218
1.1068	0.00000246
1.1118	0.00000115
1.1169	0.00000012
1.1219	0.00000041
1.1268	0.00000243
1.1317	0.00000317
1.1367	0.00000248
1.1412	0.00000216
1.1464	0.00000250
1.1514	0.00000330
1.1558	0.00000336
1.1606	0.00000284
1.1657	0.00000181
1.1707	0.00000119
1.1754	-0.00000094
1.1805	-0.00000296
1.1856	-0.00000304
1.1899	-0.00000406
1.1943	-0.00000263
1.1994	-0.00000243
1.2044	-0.00000032
1.2088	-0.00000002
1.2139	0.00000020
1.2190	-0.00000009
1.2239	-0.00000169
1.2284	-0.00000258
1.2327	-0.00000105
1.2371	-0.00000036
1.2422	-0.00000004
1.2472	0.00000091
1.2522	-0.00000084
1.2572	0.00000168
1.2620	0.00000110
1.2663	0.00000127
1.2706	0.00000177
1.2751	0.00000228
1.2801	-0.00000053
1.2853	-0.00000124
1.2904	0.00000031
1.2955	0.00000226
1.3003	0.00000198
1.3045	0.00000219
1.3088	0.00000083
1.3136	0.00000220
1.3188	0.00000239
1.3240	0.00000187
1.3286	0.00000160
1.3337	0.00000086
1.3387	0.00000359
1.3435	0.00000065
1.3486	0.00000006
1.3537	0.00000114
1.3580	0.00000132
1.3627	0.00000138
1.3678	0.00000003
1.3728	-0.00000004
1.3772	-0.00000039
1.3823	-0.00000101
1.3866	-0.00000236
1.3912	-0.00000175
1.3958	-0.00000226
1.4008	-0.00000169
1.4054	-0.00000111
1.4104	-0.00000075
1.4154	-0.00000013
1.4205	0.00000094
1.4263	0.00000196
1.4312	0.00000134
1.4362	0.00000129
1.4413	0.00000244
1.4461	0.00000283
1.4511	0.00000249
1.4560	0.00000385
1.4610	0.00000329
1.4663	0.00000357
1.4706	0.00000311
1.4751	0.00000243
1.4802	0.00000233
1.4852	0.00000277
1.4894	0.00000202
1.4943	0.00000327
1.4993	0.00000269
1.5037	0.00000158
1.5085	0.00000120
1.5137	0.00000078
1.5187	-0.00000005
1.5231	0.00000026
1.5274	0.00000043
1.5325	0.00000146
1.5367	0.00000263
1.5419	0.00000201
1.5469	0.00000192
1.5517	0.00000059
1.5561	0.00000067
1.5611	0.00000087
1.5662	-0.00000088
1.5714	-0.00000169
1.5758	-0.00000126
1.5805	-0.00000036
1.5856	-0.00000108
1.5906	-0.00000053
1.5953	-0.00000031
1.6005	-0.00000014
1.6055	0.00000052
1.6104	-0.00000041
1.6156	0.00000085
1.6210	-0.00000103
1.6258	0.00000037
1.6307	0.00000138
1.6350	0.00000087
1.6394	0.00000121
1.6448	0.00000162
1.6494	0.00000121
1.6538	-0.00000078
1.6582	-0.00000148
1.6628	-0.00000111
1.6679	-0.00000236
1.6731	-0.00000033
1.6779	-0.00000008
1.6830	-0.00000091
1.6879	-0.00000170
1.6928	-0.00000071
1.6978	-0.00000030
1.7020	0.00000053
1.7072	0.00000141
1.7121	0.00000079
1.7172	0.00000042
1.7215	0.00000029
1.7258	-0.00000172
1.7302	-0.00000228
1.7346	-0.00000211
1.7390	-0.00000317
1.7441	-0.00000402
1.7491	-0.00000315
1.7542	-0.00000398
1.7587	-0.00000254
1.7632	-0.00000352
1.7677	-0.00000341
1.7724	-0.00000084
1.7769	-0.00000087
1.7820	-0.00000083
1.7869	-0.00000234
1.7914	-0.00000161
1.7965	-0.00000151
1.8015	-0.00000188
1.8063	-0.00000189
1.8113	-0.00000196
1.8155	0.00000017
1.8201	-0.00000207
1.8250	-0.00000295
1.8298	-0.00000320
1.8347	-0.00000266
1.8398	-0.00000250
1.8451	-0.00000242
1.8499	-0.00000280
1.8548	-0.00000146
1.8598	-0.00000088
1.8649	-0.00000242
1.8692	-0.00000343
1.8743	-0.00000344
1.8792	-0.00000400
1.8837	-0.00000339
1.8878	-0.00000156
1.8928	-0.00000034
1.8980	0.00000091
1.9023	0.00000102
1.9066	0.00000178
1.9109	0.00000262
1.9159	0.00000195
1.9207	0.00000166
1.9251	0.00000293
1.9296	0.00000274
1.9346	0.00000446
1.9398	0.00000182
1.9448	0.00000215
1.9498	0.00000188
1.9549	0.00000171
1.9599	0.00000080
1.9648	0.00000168
1.9692	0.00000204
1.9736	0.00000303
1.9779	0.00000221
1.9830	0.00000141
1.9880	0.00000124
1.9931	-0.00000005
1.9982	-0.00000040
2.0031	-0.00000088
2.0083	0.00000057
2.0131	-0.00000025
2.0182	0.00000068
2.0235	0.00000083
2.0280	0.00000100
2.0330	0.00000214
2.0380	0.00000150
2.0430	0.00000065
2.0480	0.00000071
2.0530	0.00000105
2.0580	0.00000059
2.0630	-0.00000030
2.0679	0.00000003
2.0729	-0.00000009
2.0778	-0.00000203
2.0830	-0.00000041
2.0880	-0.00000058
2.0929	-0.00000157
2.0982	-0.00000103
2.1029	-0.00000170
2.1080	-0.00000183
2.1129	-0.00000102
2.1181	-0.00000011
2.1230	0.00000084
2.1280	0.00000031
2.1327	-0.00000142
2.1377	-0.00000267
2.1427	-0.00000324
2.1477	-0.00000213
2.1527	-0.00000060
2.1577	-0.00000085
2.1626	-0.00000087
2.1677	0.00000007
2.1727	-0.00000059
2.1776	-0.00000195
2.1827	-0.00000257
2.1877	0.00000035
2.1927	0.00000027
2.1976	0.00000096
2.2027	0.00000080
2.2077	-0.00000050
2.2126	-0.00000127
2.2177	-0.00000060
2.2228	-0.00000165
2.2276	-0.00000134
2.2324	-0.00000192
2.2374	-0.00000123
2.2423	-0.00000169
2.2475	-0.00000122
2.2524	-0.00000038
2.2576	-0.00000187
2.2624	-0.00000105
2.2674	-0.00000103
2.2723	-0.00000109
2.2774	0.00000040
2.2823	-0.00000098
2.2869	-0.00000168
2.2919	0.00000006
2.2968	0.00000108
2.3019	0.00000026
2.3069	-0.00000183
2.3119	-0.00000081
2.3170	0.00000072
2.3220	0.00000042
2.3270	-0.00000013
2.3319	0.00000049
2.3367	-0.00000010
2.3417	0.00000166
2.3467	-0.00000112
2.3517	-0.00000125
2.3566	-0.00000140
2.3616	-0.00000012
2.3666	0.00000099
2.3717	-0.00000028
2.3767	-0.00000028
2.3817	-0.00000220
2.3867	-0.00000165
2.3917	-0.00000007
2.3967	0.00000028
2.4016	0.00000005
2.4066	-0.00000059
2.4116	-0.00000259
2.4166	-0.00000190
2.4216	-0.00000295
2.4265	-0.00000236
2.4311	-0.00000241
2.4363	-0.00000209
2.4411	-0.00000069
2.4462	-0.00000165
2.4512	-0.00000171
2.4562	-0.00000074
2.4611	-0.00000270
2.4662	-0.00000317
2.4712	-0.00000086
2.4762	-0.00000061
2.4812	0.00000099
2.4863	0.00000077
2.4912	0.00000191
2.4962	-0.00000007
2.5013	-0.00000179
2.5062	-0.00000187
2.5111	-0.00000302
2.5162	-0.00000133
2.5207	-0.00000033
2.5259	-0.00000107
2.5304	-0.00000145
2.5356	-0.00000026
2.5405	-0.00000064
2.5457	-0.00000113
2.5508	-0.00000206
2.5553	-0.00000221
2.5602	0.00000062
2.5653	-0.00000066
2.5704	-0.00000015
2.5754	-0.00000035
2.5806	0.00000071
2.5856	0.00000029
2.5897	0.00000048
2.5946	0.00000086
2.5996	0.00000110
2.6047	0.00000235
2.6097	0.00000259
2.6138	0.00000141
2.6190	0.00000060
2.6239	0.00000218
2.6290	0.00000002
2.6338	-0.00000066
2.6387	-0.00000183
2.6432	-0.00000223
2.6482	-0.00000217
2.6529	0.00000003
2.6579	0.00000008
2.6628	-0.00000091
2.6678	-0.00000095
2.6729	-0.00000027
2.6778	0.00000063
2.6821	0.00000223
2.6870	0.00000245
2.6918	0.00000205
2.6960	0.00000171
2.7010	0.00000182
2.7059	0.00000120
2.7104	0.00000154
2.7155	0.00000226
2.7205	0.00000249
2.7255	0.00000060
2.7296	0.00000256
2.7344	0.00000293
2.7394	0.00000383
2.7444	0.00000297
2.7486	0.00000350
2.7536	0.00000356
2.7587	0.00000321
2.7640	0.00000212
2.7692	0.00000147
2.7741	0.00000111
2.7793	0.00000100
2.7841	0.00000218
2.7892	0.00000119
2.7942	0.00000313
2.7992	0.00000263
2.8042	0.00000230
2.8092	0.00000267
2.8142	0.00000198
2.8193	0.00000294
2.8244	0.00000269
2.8294	0.00000304
2.8341	0.00000274
2.8391	0.00000080
2.8434	0.00000158
2.8479	0.00000164
2.8531	0.00000059
2.8579	-0.00000015
2.8629	0.00000037
2.8678	0.00000122
2.8729	0.00000190
2.8776	0.00000138
2.8827	-0.00000100
2.8877	0.00000069
2.8926	0.00000128
2.8976	0.00000161
2.9026	0.00000162
2.9075	-0.00000024
2.9118	-0.00000248
2.9172	-0.00000142
2.9220	-0.00000104
2.9268	-0.00000152
2.9315	-0.00000152
2.9366	0.00000148
2.9408	0.00000168
2.9458	0.00000127
2.9507	0.00000168
2.9551	0.00000043
2.9602	0.00000100
2.9655	0.00000128
2.9705	0.00000117
2.9748	-0.00000015
2.9801	-0.00000023
2.9848	-0.00000020
2.9900	0.00000180
2.9949	-0.00000037
3.0000	0.00000021
3.0049	-0.00000049
3.0092	-0.00000128
3.0143	-0.00000105
3.0185	-0.00000193
3.0228	-0.00000173
3.0276	-0.00000199
3.0322	0.00000018
3.0367	0.00000094
3.0420	0.00000162
3.0468	0.00000344
3.0519	0.00000092
3.0567	0.00000191
3.0617	0.00000001
3.0669	0.00000104
3.0713	0.00000141
3.0764	0.00000209
3.0814	0.00000063
3.0864	0.00000086
3.0909	-0.00000039
3.0955	0.00000010
3.1001	0.00000081
3.1046	0.00000142
3.1096	0.00000127
3.1146	0.00000098
3.1199	-0.00000090
3.1249	0.00000038
3.1298	0.00000005
3.1342	0.00000053
3.1385	0.00000031
3.1428	0.00000289
3.1475	0.00000141
3.1524	0.00000089
3.1570	0.00000066
3.1618	-0.00000124
3.1670	-0.00000132
3.1719	-0.00000087
3.1760	0.00000012
3.1810	0.00000109
3.1860	0.00000048
3.1912	0.00000015
3.1963	0.00000065
3.2011	0.00000032
3.2059	0.00000089
3.2107	0.00000121
3.2159	-0.00000087
3.2208	-0.00000232
3.2253	-0.00000110
3.2299	-0.00000129
3.2347	-0.00000170
3.2392	-0.00000159
3.2440	-0.00000221
3.2491	-0.00000148
3.2542	-0.00000012
3.2587	0.00000097
3.2637	0.00000146
3.2689	0.00000154
3.2737	0.00000279
3.2786	0.00000047
3.2834	-0.00000020
3.2884	0.00000103
3.2933	-0.00000068
3.2984	-0.00000230
3.3035	-0.00000201
3.3085	-0.00000232
3.3135	-0.00000193
3.3185	-0.00000029
3.3230	-0.00000045
3.3281	0.00000107
3.3326	0.00000159
3.3378	0.00000133
3.3423	0.00000127
3.3475	0.00000130
3.3524	0.00000232
3.3574	0.00000292
3.3623	0.00000217
3.3675	0.00000143
3.3723	0.00000220
3.3775	0.00000180
3.3823	0.00000305
3.3874	0.00000239
3.3925	0.00000385
3.3968	0.00000190
3.4020	0.00000063
3.4069	0.00000137
3.4120	0.00000271
3.4169	0.00000331
3.4220	0.00000227
3.4269	0.00000286
3.4322	0.00000331
3.4374	0.00000447
3.4415	0.00000485
3.4458	0.00000403
3.4508	0.00000321
3.4557	0.00000288
3.4607	0.00000380
3.4658	0.00000308
3.4707	0.00000306
3.4757	0.00000267
3.4806	0.00000190
3.4858	0.00000215
3.4901	0.00000246
3.4948	0.00000272
3.4998	-0.00000024
3.5048	0.00000049
3.5098	0.00000054
3.5148	-0.00000109
3.5198	0.00000080
3.5248	-0.00000082
3.5292	0.00000045
3.5338	0.00000099
3.5381	0.00000149
3.5429	0.00000203
3.5473	0.00000094
3.5524	-0.00000026
3.5574	0.00000022
3.5624	-0.00000080
3.5674	-0.00000000
3.5718	-0.00000126
3.5768	-0.00000096
3.5817	-0.00000031
3.5867	-0.00000224
3.5911	-0.00000117
3.5954	-0.00000045
3.6000	-0.00000018
3.6050	-0.00000062
3.6099	0.00000151
3.6149	0.00000082
3.6201	0.00000088
3.6252	0.00000155
3.6302	0.00000261
3.6348	0.00000225
3.6399	0.00000165
3.6448	0.00000286
3.6498	0.00000049
3.6548	-0.00000095
3.6593	-0.00000234
3.6638	-0.00000187
3.6690	-0.00000124
3.6733	-0.00000060
3.6781	-0.00000161
3.6831	-0.00000089
3.6881	-0.00000124
3.6928	-0.00000052
3.6975	0.00000041
3.7025	0.00000278
3.7075	0.00000046
3.7126	0.00000018
3.7175	0.00000053
3.7220	0.00000026
3.7269	-0.00000033
3.7319	-0.00000028
3.7367	-0.00000073
3.7418	0.00000046
3.7468	0.00000063
3.7518	0.00000088
3.7568	0.00000032
3.7618	-0.00000107
3.7668	-0.00000190
3.7713	-0.00000338
3.7756	-0.00000335
3.7809	-0.00000364
3.7861	-0.00000406
3.7910	-0.00000124
3.7960	-0.00000121
3.8004	-0.00000149
3.8049	-0.00000015
3.8096	-0.00000104
3.8140	-0.00000178
3.8189	-0.00000173
3.8232	-0.00000144
3.8284	-0.00000070
3.8331	-0.00000026
3.8380	0.00000146
3.8429	0.00000267
3.8479	0.00000179
3.8529	0.00000128
3.8578	0.00000188
3.8628	0.00000126
3.8672	0.00000105
3.8722	0.00000129
3.8774	0.00000174
3.8816	-0.00000001
3.8866	0.00000046
3.8911	0.00000037
3.8962	0.00000134
3.9014	0.00000136
3.9065	0.00000007
3.9113	-0.00000097
3.9164	-0.00000082
3.9216	-0.00000048
3.9264	-0.00000057
3.9316	-0.00000008
3.9364	0.00000084
3.9414	0.00000137
3.9464	0.00000141
3.9514	-0.00000038
3.9564	-0.00000135
3.9614	-0.00000029
3.9663	-0.00000307
3.9713	-0.00000303
3.9762	-0.00000344
3.9814	-0.00000543
3.9863	-0.00000379
3.9913	-0.00000237
3.9964	-0.00000267
4.0014	-0.00000207
4.0062	-0.00000159
4.0113	-0.00000061
4.0163	0.00000091
4.0215	0.00000286
4.0263	0.00000150
4.0315	-0.00000084
4.0359	-0.00000110
4.0409	-0.00000245
4.0458	-0.00000118
4.0509	-0.00000086
4.0558	-0.00000196
4.0609	-0.00000160
4.0659	0.00000001
4.0709	0.00000079
4.0757	0.00000210
4.0809	0.00000287
4.0857	-0.00000005
4.0907	-0.00000227
4.0958	-0.00000247
4.1010	-0.00000215
4.1059	0.00000155
4.1106	0.00000065
4.1155	-0.00000131
4.1204	-0.00000143
4.1247	0.00000013
4.1298	0.00000089
4.1342	-0.00000021
4.1389	-0.00000024
4.1438	0.00000045
4.1488	0.00000208
4.1530	0.00000342
4.1571	0.00000159
4.1616	0.00000102
4.1665	0.00000071
4.1717	0.00000065
4.1766	0.00000226
4.1817	0.00000029
4.1871	0.00000026
4.1915	0.00000297
4.1956	0.00000341
4.1998	0.00000226
4.2048	-0.00000002
4.2097	-0.00000018
4.2146	-0.00000072
4.2193	-0.00000200
4.2238	-0.00000123
4.2288	-0.00000113
4.2337	-0.00000200
4.2387	-0.00000181
4.2429	0.00000084
4.2479	0.00000158
4.2530	0.00000152
4.2579	0.00000108
4.2622	-0.00000050
4.2664	-0.00000040
4.2717	0.00000060
4.2758	0.00000177
4.3143	0.00000316
4.3197	0.00000222
4.3242	0.00000043
4.3290	0.00000246
4.3339	0.00000144
4.3390	0.00000116
4.3439	0.00000321
4.3489	0.00000585
4.3540	0.00000467
4.3588	0.00000410
4.3636	0.00000407
4.3680	0.00000373
4.3730	0.00000228
4.3780	0.00000251
4.3829	0.00000245
4.3880	0.00000073
4.3929	-0.00000135
4.3984	-0.00000195
4.4030	-0.00000121
4.4079	-0.00000133
4.4131	-0.00000478
4.4181	-0.00000528
4.4231	-0.00000425
4.4280	-0.00000301
4.4331	-0.00000175
4.4379	-0.00000329
4.4429	-0.00000198
4.4479	-0.00000171
4.4530	-0.00000206
4.4579	-0.00000196
4.4641	-0.00000306
4.4689	-0.00000159
4.4740	-0.00000211
4.4789	-0.00000050
4.4839	-0.00000041
4.4889	0.00000019
4.4940	-0.00000109
4.4989	0.00000102
4.5038	0.00000012
4.5081	0.00000094
4.5127	0.00000183
4.5170	0.00000105
4.5221	0.00000104
4.5272	-0.00000016
4.5322	-0.00000001
4.5366	-0.00000042
4.5416	-0.00000122
4.5467	-0.00000139
4.5516	-0.00000200
4.5562	-0.00000036
4.5612	-0.00000119
4.5661	-0.00000173
4.5710	-0.00000201
4.5760	-0.00000082
4.5810	0.00000040
4.5861	-0.00000072
4.5909	-0.00000107
4.5967	0.00000082
4.6011	-0.00000088
4.6060	-0.00000030
4.6111	-0.00000029
4.6162	-0.00000196
4.6212	-0.00000018
4.6261	-0.00000028
4.6312	-0.00000105
4.6357	-0.00000183
4.6406	-0.00000009
4.6456	-0.00000125
4.6507	0.00000089
4.6558	-0.00000048
4.6608	-0.00000026
4.6660	0.00000065
4.6708	0.00000040
4.6755	0.00000124
4.6806	0.00000032
4.6855	0.00000185
4.6907	0.00000126
4.6958	0.00000067
4.7007	0.00000037
4.7057	0.00000122
4.7107	0.00000137
4.7155	-0.00000027
4.7207	-0.00000197
4.7256	-0.00000189
4.7307	-0.00000244
4.7353	-0.00000132
4.7398	-0.00000228
4.7442	-0.00000298
4.7494	-0.00000104
4.7538	0.00000004
4.7587	-0.00000028
4.7636	0.00000025
4.7680	-0.00000247
4.7728	-0.00000252
4.7777	-0.00000141
4.7827	0.00000140
4.7870	0.00000111
4.7912	0.00000078
4.7956	0.00000164
4.7999	0.00000176
4.8048	0.00000250
4.8096	0.00000254
4.8147	0.00000325
4.8197	0.00000296
4.8240	0.00000377
4.8291	0.00000407
4.8339	0.00000309
4.8382	0.00000207
4.8431	0.00000241
4.8482	0.00000334
4.8533	0.00000336
4.8583	0.00000269
4.8639	0.00000189
4.8683	0.00000192
4.8732	0.00000069
4.8781	0.00000204
4.8833	0.00000124
4.8878	0.00000402
4.8928	0.00000477
4.8980	0.00000297
4.9029	0.00000246
4.9075	0.00000098
4.9123	0.00000126
4.9174	0.00000205
4.9217	0.00000239
4.9268	0.00000073
4.9318	0.00000103
4.9366	0.00000032
4.9407	-0.00000092
4.9456	-0.00000113
4.9498	-0.00000168
4.9541	-0.00000194
4.9585	-0.00000094
4.9630	-0.00000144
4.9679	-0.00000009
4.9728	-0.00000036
4.9778	-0.00000002
4.9831	-0.00000217
4.9876	-0.00000238
4.9927	0.00000031
4.9979	-0.00000177
5.0029	-0.00000152
5.0078	-0.00000214
5.0127	-0.00000034
5.0182	-0.00000088
5.0227	0.00000004
5.0279	0.00000026
5.0324	0.00000044
5.0370	0.00000138
5.0419	0.00000077
5.0470	0.00000222
5.0521	-0.00000189
5.0573	-0.00000293
5.0619	0.00000072
5.0662	0.00000033
5.0705	-0.00000128
5.0749	-0.00000292
5.0801	0.00000215
5.0852	0.00000025
5.0897	0.00000105
5.0944	0.00000040
5.0995	-0.00000090
5.1048	-0.00000329
5.1095	0.00000046
5.1151	-0.00000148
5.1196	-0.00000000
5.1245	-0.00000107
5.1303	0.00000258
5.1347	-0.00000006
5.1392	-0.00000022
5.1441	-0.00000021
5.1491	-0.00000043
5.1541	-0.00000069
5.1589	-0.00000013
5.1632	-0.00000419
5.1684	-0.00000066
5.1734	0.00000136
5.1783	-0.00000286
5.1833	-0.00000330
5.1878	-0.00000088
5.1926	0.00000049
5.1978	-0.00000195
5.2027	-0.00000142
5.2071	-0.00000051
5.2136	-0.00000408
5.2182	-0.00000036
5.2224	0.00000147
5.2274	0.00000087
5.2323	-0.00000415
5.2376	-0.00000697
5.2422	-0.00000836
5.2473	-0.00000407
5.2525	-0.00000531
5.2574	-0.00000362
5.2621	-0.00000205
5.2667	-0.00000444
5.2711	-0.00000352
5.2754	-0.00000253
5.2806	-0.00000272
5.2856	-0.00000163
5.2900	-0.00000465
5.2944	-0.00000603
5.2996	-0.00000329
5.3048	-0.00000301
5.3091	-0.00000867
5.3141	-0.00000571
5.3193	-0.00000718
5.3238	-0.00000604
5.3284	-0.00000038
5.3335	0.00000113
5.3378	0.00000143
5.3425	-0.00000122
5.3479	-0.00000234
5.3529	-0.00000153
5.3580	-0.00000393
5.3630	-0.00000203
5.3679	-0.00000190
5.3726	-0.00000289
5.3776	-0.00000101
5.3830	-0.00000356
5.3876	0.00000039
5.3921	-0.00000291
5.3970	-0.00000152
5.4021	0.00000075
5.4064	-0.00000390
5.4116	-0.00000300
5.4166	-0.00000664
5.4216	-0.00000442
5.4261	-0.00000074
5.4311	-0.00000709
5.4363	-0.00000366
5.4409	-0.00000038
5.4450	-0.00000253
5.4502	-0.00000236
5.4545	-0.00000308
5.4595	-0.00000440
5.4652	0.00000005
5.4697	0.00000112
5.4741	0.00000058
5.4785	0.00000293
5.4835	-0.00000046
5.4886	0.00000016
5.4935	-0.00000017
5.4986	-0.00000059
5.5036	-0.00000198
5.5085	-0.00000482
5.5141	-0.00000521
5.5187	-0.00000565
5.5238	-0.00000443
5.5301	-0.00000465
5.5351	0.00000180
5.5395	-0.00000278
5.5441	-0.00000069
5.5483	0.00000190
5.5533	0.00000316
5.5582	-0.00000077
5.5629	0.00000321
5.5672	-0.00000142
5.5714	-0.00000104
5.5762	0.00000000
5.5813	-0.00000081
5.5864	0.00000030
5.5906	-0.00000175
5.5948	-0.00000193
5.5996	-0.00000325
5.6050	-0.00000086
5.6101	-0.00000257
5.6150	-0.00000092
5.6201	-0.00000385
5.6246	-0.00000389
5.6299	-0.00000119
5.6347	-0.00000015
5.6404	-0.00000169
5.6468	-0.00000365
5.6514	-0.00000578
5.6564	-0.00000303
5.6614	-0.00000600
5.6665	-0.00000382
5.6715	-0.00000237
5.6766	0.00000007
5.6814	-0.00000044
5.6863	-0.00000217
5.6916	0.00000176
5.6970	-0.00000166
5.7017	-0.00000180
5.7061	-0.00000159
5.7108	0.00000031
5.7162	-0.00000343
5.7210	-0.00000378
5.7259	-0.00000304
5.7306	0.00000143
5.7351	-0.00000099
5.7395	0.00000006
5.7438	-0.00000622
5.7487	-0.00000598
5.7529	-0.00000526
5.7577	-0.00000117
5.7633	-0.00000353
5.7676	-0.00000343
5.7722	-0.00000307
5.7771	0.00000070
5.7821	-0.00000259
5.7872	-0.00000232
5.7923	-0.00000246
5.7974	0.00000131
5.8023	-0.00000485
5.8064	-0.00000517
5.8114	-0.00000216
5.8163	-0.00000131
5.8205	0.00000122
5.8249	-0.00000167
5.8304	-0.00000188
5.8351	-0.00000240
5.8393	-0.00000257
5.8443	-0.00000467
5.8491	-0.00000259
5.8534	0.00000175
5.8583	0.00000051
5.8633	-0.00000100
5.8683	-0.00000078
5.8732	-0.00000589
5.8775	0.00000134
5.8827	-0.00000228
5.8876	-0.00000248
5.8927	-0.00000084
5.8978	-0.00000208
5.9028	-0.00000483
5.9072	-0.00000058
5.9131	-0.00000433
5.9183	-0.00000335
5.9233	-0.00000440
5.9275	-0.00000008
5.9325	-0.00000628
5.9377	-0.00000599
5.9426	-0.00000491
5.9476	-0.00000102
5.9525	-0.00000591
5.9567	-0.00000422
5.9615	-0.00000223
5.9665	-0.00000375
5.9707	0.00000112
5.9750	0.00000048
5.9798	-0.00000303
5.9849	0.00000117
5.9901	-0.00000454
5.9949	-0.00000281
6.0003	-0.00000640
6.0051	0.00000064
6.0104	-0.00000447
6.0152	-0.00000285
6.0203	-0.00000988
6.0253	-0.00000580
6.0306	-0.00000556
6.0353	-0.00000831
6.0405	-0.00000808
6.0450	-0.00000915
6.0491	-0.00000291
6.0541	-0.00000688
6.0589	-0.00000541
6.0645	-0.00000235
6.0689	-0.00000449
6.0736	-0.00000384
6.0781	-0.00000114
6.0833	-0.00000266
6.0883	-0.00000275
6.0933	-0.00000739
6.0982	-0.00000156
6.1026	-0.00000492
6.1070	-0.00000537
6.1121	-0.00000521
6.1170	-0.00000523
6.1221	-0.00000453
6.1270	-0.00000268
6.1322	0.00000007
6.1372	-0.00000444
6.1421	-0.00000040
6.1468	-0.00000479
6.1518	-0.00000430
6.1567	-0.00000072
6.1618	-0.00000569
6.1667	-0.00000720
6.1720	-0.00000457
6.1771	-0.00000324
6.1821	-0.00000523
6.1870	-0.00000434
6.1918	-0.00000380
6.1966	-0.00000478
6.2011	-0.00000427
6.2061	-0.00000511
6.2109	-0.00000765
6.2153	-0.00000685
6.2194	-0.00000491
6.2241	-0.00000583
6.2293	-0.00000245
6.2343	-0.00000103
6.2386	-0.00000512
6.2430	0.00000260
6.2481	-0.00000178
6.2532	-0.00000381
6.2583	-0.00000319
6.2632	-0.00000131
6.2678	-0.00000676
6.2728	-0.00000533
6.2771	-0.00000602
6.2821	-0.00000894
6.2862	-0.00000295
6.2908	-0.00000064
6.2972	0.00000104
6.3020	-0.00000656
6.3061	-0.00000140
6.3125	-0.00000312
6.3166	-0.00000562
6.3208	-0.00000503
6.3254	-0.00000444
6.3304	-0.00000617
6.3356	-0.00000287
6.3406	-0.00000294
6.3464	-0.00000279
6.3507	-0.00000357
6.3558	0.00000247
6.3603	-0.00000147
6.3656	-0.00000309
6.3706	-0.00000326
6.3753	-0.00000528
6.3795	-0.00000513
6.3845	-0.00000604
6.3888	-0.00000958
6.3936	-0.00000707
6.3988	-0.00001144
6.4033	-0.00000784
6.4083	-0.00000557
6.4134	-0.00000671
6.4184	-0.00001041
6.4228	-0.00000609
6.4279	-0.00000542
6.4332	-0.00000450
6.4375	-0.00001074
6.4417	-0.00000665
6.4466	-0.00000970
6.4516	-0.00000694
6.4568	-0.00000558
6.4624	-0.00001119
6.4668	-0.00001232
6.4720	-0.00000903
6.4769	-0.00000778
6.4819	-0.00000445
6.4870	-0.00000929
6.4913	-0.00000511
6.4964	-0.00000421
6.5014	-0.00000700
6.5064	-0.00000647
6.5113	-0.00000337
6.5164	-0.00000424
6.5216	-0.00000340
6.5267	-0.00000608
6.5319	-0.00000453
6.5371	-0.00000957
6.5418	-0.00000769
6.5467	-0.00000659
6.5517	-0.00000590
6.5565	-0.00000620
6.5615	-0.00000939
6.5657	-0.00001030
6.5698	-0.00000334
6.5751	-0.00000447
6.5801	-0.00000528
6.5851	-0.00000562
6.5901	-0.00000818
6.5942	-0.00000695
6.5996	-0.00000337
6.6038	-0.00000849
6.6083	-0.00000791
6.6134	-0.00000805
6.6182	-0.00001092
6.6224	-0.00000766
6.6274	-0.00001052
6.6317	-0.00000785
6.6368	-0.00000956
6.6420	-0.00001377
6.6463	-0.00000948
6.6510	-0.00001061
6.6559	-0.00001271
6.6604	-0.00001144
6.6656	-0.00001034
6.6707	-0.00000914
6.6755	-0.00000786
6.6802	-0.00001156
6.6849	-0.00000862
6.6900	-0.00000555
6.6956	-0.00000380
6.7001	-0.00000987
6.7046	-0.00000945
6.7099	-0.00000858
6.7148	-0.00000635
6.7194	-0.00000522
6.7238	-0.00000823
6.7294	-0.00000976
6.7340	-0.00001135
6.7391	-0.00000864
6.7439	-0.00001194
6.7492	-0.00000958
6.7538	-0.00000729
6.7580	-0.00001035
6.7631	-0.00000811
6.7673	-0.00001008
6.7715	-0.00001311
6.7763	-0.00000973
6.7814	-0.00001152
6.7864	-0.00000532
6.7914	-0.00001177
6.7964	-0.00001344
6.8007	-0.00001281
6.8049	-0.00001229
6.8097	-0.00001316
6.8148	-0.00001286
6.8197	-0.00001258
6.8268	-0.00001556
6.8321	-0.00000707
6.8370	-0.00001126
6.8413	-0.00000823
6.8460	-0.00001265
6.8512	-0.00001306
6.8562	-0.00001172
6.8609	-0.00001008
6.8657	-0.00001000
6.8699	-0.00001011
6.8747	-0.00001277
6.8789	-0.00000723
6.8839	-0.00000653
6.8888	-0.00001135
6.8937	-0.00001227
6.8978	-0.00001320
6.9029	-0.00001771
6.9078	-0.00001550
6.9128	-0.00000966
6.9179	-0.00000749
6.9228	-0.00001154
6.9292	-0.00001213
6.9335	-0.00001009
6.9382	-0.00001028
6.9437	-0.00001118
6.9489	-0.00001387
6.9538	-0.00000570
6.9587	-0.00001339
6.9639	-0.00001015
6.9688	-0.00000966
6.9732	-0.00000654
6.9775	-0.00000938
6.9828	-0.00001400
6.9876	-0.00000796
6.9927	-0.00000758
6.9969	-0.00000999
7.0020	-0.00001167
7.0063	-0.00001195
7.0107	-0.00001152
7.0158	-0.00000863
7.0206	-0.00001285
7.0256	-0.00000969
7.0299	-0.00001065
7.0353	-0.00000688
7.0398	-0.00000761
7.0441	-0.00001045
7.0484	-0.00001226
7.0533	-0.00001171
7.0581	-0.00001107
7.0639	-0.00000112
7.0682	-0.00000013
7.0735	-0.00000037
7.0784	-0.00000055
7.0834	0.00000038
7.0884	-0.00000070
7.0932	-0.00000072
7.0976	-0.00000155
7.1028	-0.00000124
7.1077	-0.00000203
7.1128	-0.00000258
7.1171	-0.00000252
7.1220	-0.00000320
7.1270	-0.00000315
7.1321	-0.00000350
7.1370	-0.00000163
7.1414	-0.00000142
7.1463	-0.00000075
7.1509	-0.00000109
7.1558	-0.00000084
7.1611	-0.00000081
7.1658	-0.00000107
7.1710	0.00000110
7.1760	-0.00000001
7.1810	-0.00000133
7.1860	-0.00000004
7.1915	-0.00000038
7.1959	-0.00000219
7.2010	-0.00000145
7.2061	-0.00000094
7.2110	-0.00000084
7.2159	-0.00000116
7.2211	-0.00000014
7.2254	0.00000045
7.2305	0.00000081
7.2355	-0.00000101
7.2403	-0.00000089
7.2445	-0.00000009
7.2493	-0.00000098
7.2537	-0.00000043
7.2587	-0.00000067
7.2630	-0.00000088
7.2676	-0.00000121
7.2726	-0.00000006
7.2776	0.00000114
7.2827	0.00000158
7.2876	0.00000134
7.2925	0.00000294
7.2975	0.00000123
7.3025	0.00000045
7.3074	0.00000091
7.3119	0.00000180
7.3168	0.00000039
7.3217	-0.00000098
7.3267	-0.00000015
7.3310	0.00000081
7.3353	0.00000121
7.3401	0.00000216
7.3451	0.00000208
7.3499	0.00000216
7.3548	0.00000205
7.3600	0.00000229
7.3651	0.00000268
7.3704	0.00000247
7.3752	0.00000102
7.3802	0.00000192
7.3853	0.00000224
7.3896	0.00000163
7.3941	0.00000117
7.3988	0.00000103
7.4037	0.00000148
7.4086	0.00000023
7.4138	0.00000055
7.4188	-0.00000004
7.4237	0.00000185
7.4288	0.00000239
7.4333	0.00000178
7.4377	0.00000068
7.4421	0.00000047
7.4467	0.00000025
7.4517	-0.00000087
7.4567	-0.00000114
7.4618	-0.00000168
7.4668	-0.00000107
7.4712	-0.00000157
7.4757	-0.00000194
7.4808	-0.00000205
7.4861	-0.00000171
7.4905	-0.00000223
7.4952	-0.00000238
7.5001	-0.00000100
7.5052	0.00000070
7.5104	-0.00000044
7.5154	-0.00000023
7.5204	0.00000051
7.5253	0.00000344
7.5303	0.00000284
7.5354	0.00000285
7.5405	0.00000398
7.5452	0.00000156
7.5496	0.00000189
7.5549	0.00000321
7.5599	0.00000374
7.5648	0.00000426
7.5692	0.00000401
7.5741	0.00000504
7.5793	0.00000421
7.5842	0.00000351
7.5890	0.00000209
7.5940	0.00000206
7.5991	0.00000019
7.6040	0.00000079
7.6092	0.00000072
7.6141	0.00000091
7.6190	0.00000025
7.6240	0.00000033
7.6290	0.00000216
7.6332	0.00000141
7.6382	0.00000163
7.6425	0.00000339
7.6467	0.00000417
7.6511	0.00000223
7.6564	0.00000171
7.6615	0.00000356
7.6665	0.00000358
7.6715	0.00000133
7.6766	0.00000076
7.6817	0.00000124
7.6867	0.00000203
7.6917	0.00000249
7.6970	0.00000208
7.7014	0.00000203
7.7063	0.00000069
7.7113	-0.00000031
7.7163	-0.00000104
7.7206	-0.00000124
7.7257	-0.00000056
7.7308	0.00000112
7.7359	0.00000187
7.7407	0.00000025
7.7461	-0.00000078
7.7505	-0.00000072
7.7558	-0.00000094
7.7609	-0.00000149
7.7655	-0.00000150
7.7704	-0.00000049
7.7757	-0.00000124
7.7808	0.00000047
7.7854	0.00000165
7.7904	0.00000177
7.7947	0.00000205
7.7998	0.00000192
7.8046	0.00000053
7.8097	0.00000108
7.8147	0.00000052
7.8196	0.00000035
7.8248	0.00000058
7.8300	0.00000186
7.8345	0.00000071
7.8396	0.00000053
7.8447	0.00000101
7.8497	-0.00000034
7.8547	0.00000021
7.8597	-0.00000038
7.8647	-0.00000205
7.8700	-0.00000180
7.8752	-0.00000067
7.8800	-0.00000151
7.8846	-0.00000102
7.8894	0.00000047
7.8939	-0.00000217
7.8982	-0.00000205
7.9030	-0.00000141
7.9079	-0.00000026
7.9131	0.00000011
7.9175	0.00000142
7.9225	0.00000141
7.9269	0.00000059
7.9312	0.00000107
7.9365	0.00000039
7.9414	0.00000026
7.9457	0.00000077
7.9507	0.00000126
7.9556	0.00000330
7.9606	0.00000173
7.9657	0.00000202
7.9708	0.00000226
7.9751	0.00000147
7.9803	0.00000055
7.9852	0.00000019
7.9900	0.00000097
7.9951	0.00000079
7.9995	0.00000154
8.0047	0.00000020
8.0095	0.00000052
8.0145	-0.00000033
8.0195	0.00000047
8.0245	0.00000175
8.0290	0.00000146
8.0338	0.00000088
8.0385	0.00000037
8.0429	0.00000109
8.0480	0.00000009
8.0526	0.00000024
8.0573	0.00000169
8.0626	0.00000101
8.0670	0.00000134
8.0719	0.00000120
8.0764	0.00000146
8.0814	0.00000293
8.0862	0.00000316
8.0914	0.00000307
8.0957	0.00000213
8.1005	0.00000227
8.1056	0.00000396
8.1105	0.00000309
8.1154	0.00000380
8.1196	0.00000450
8.1245	0.00000412
8.1295	0.00000463
8.1336	0.00000266
8.1386	0.00000380
8.1437	0.00000481
8.1482	0.00000301
8.1529	0.00000138
8.1577	0.00000106
8.1628	0.00000204
8.1678	0.00000171
8.1726	0.00000202
8.1777	0.00000060
8.1828	0.00000016
8.1876	-0.00000018
8.1919	-0.00000005
8.1963	0.00000038
8.2012	-0.00000064
8.2063	-0.00000012
8.2112	0.00000033
8.2163	0.00000022
8.2214	0.00000056
8.2264	-0.00000070
8.2319	-0.00000113
8.2364	-0.00000098
8.2413	-0.00000173
8.2458	-0.00000143
8.2511	-0.00000076
8.2564	0.00000028
8.2614	-0.00000052
8.2664	-0.00000194
8.2706	-0.00000282
8.2749	-0.00000329
8.2799	-0.00000217
8.2848	-0.00000250
8.2899	-0.00000225
8.2943	-0.00000332
8.2987	-0.00000196
8.3037	-0.00000128
8.3088	-0.00000220
8.3142	-0.00000113
8.3185	-0.00000058
8.3236	-0.00000188
8.3284	-0.00000014
8.3334	0.00000015
8.3385	0.00000113
8.3428	-0.00000014
8.3481	-0.00000078
8.3529	-0.00000190
8.3578	-0.00000035
8.3626	0.00000002
8.3675	0.00000103
8.3727	0.00000014
8.3775	0.00000126
8.3827	0.00000134
8.3877	0.00000059
8.3927	-0.00000053
8.3976	-0.00000052
8.4027	0.00000112
8.4071	-0.00000161
8.4112	-0.00000306
8.4160	-0.00000114
8.4211	-0.00000099
8.4260	-0.00000141
8.4311	0.00000008
8.4362	0.00000007
8.4413	-0.00000068
8.4455	0.00000009
8.4504	0.00000010
8.4554	-0.00000025
8.4604	-0.00000186
8.4648	-0.00000209
8.4698	-0.00000182
8.4750	-0.00000119
8.4795	-0.00000052
8.4847	-0.00000095
8.4891	-0.00000100
8.4940	-0.00000253
8.4991	-0.00000467
8.5041	-0.00000346
8.5091	-0.00000334
8.5142	-0.00000251
8.5186	-0.00000227
8.5234	-0.00000314
8.5280	-0.00000206
8.5329	-0.00000185
8.5379	-0.00000350
8.5430	-0.00000264
8.5479	-0.00000142
8.5526	0.00000000
8.5575	0.00000056
8.5628	0.00000005
8.5671	0.00000120
8.5713	0.00000177
8.5764	0.00000092
8.5806	0.00000033
8.5857	0.00000022
8.5905	0.00000050
8.5949	-0.00000092
8.5995	-0.00000222
8.6043	-0.00000043
8.6093	-0.00000127
8.6142	-0.00000173
8.6194	-0.00000018
8.6242	-0.00000123
8.6293	-0.00000087
8.6343	0.00000057
8.6393	0.00000010
8.6445	-0.00000025
8.6501	-0.00000070
8.6548	-0.00000074
8.6593	-0.00000153
8.6639	-0.00000039
8.6690	0.00000093
8.6739	-0.00000033
8.6782	0.00000192
8.6833	0.00000194
8.6880	0.00000212
8.6929	0.00000234
8.6971	0.00000270
8.7014	0.00000253
8.7055	0.00000251
8.7105	0.00000159
8.7156	0.00000040
8.7204	0.00000033
8.7255	0.00000190
8.7307	0.00000127
8.7354	0.00000264
8.7410	0.00000020
8.7455	0.00000126
8.7504	0.00000037
8.7552	0.00000058
8.7600	-0.00000009
8.7647	0.00000173
8.7697	0.00000135
8.7747	0.00000106
8.7795	0.00000080
8.7846	0.00000232
8.7895	0.00000115
8.7936	0.00000101
8.7988	0.00000149
8.8031	0.00000065
8.8083	0.00000026
8.8125	0.00000109
8.8168	0.00000187
8.8219	0.00000212
8.8263	0.00000076
8.8306	0.00000016
8.8348	0.00000050
8.8390	-0.00000037
8.8438	-0.00000012
8.8485	-0.00000052
8.8526	-0.00000040
8.8577	0.00000101
8.8621	0.00000067
8.8662	0.00000159
8.8712	-0.00000001
8.8761	-0.00000021
8.8813	0.00000004
8.8861	-0.00000062
8.8911	-0.00000151
8.8952	-0.00000222
8.9002	-0.00000236
8.9052	-0.00000178
8.9093	-0.00000217
8.9135	-0.00000052
8.9176	-0.00000185
8.9227	-0.00000189
8.9276	-0.00000104
8.9326	-0.00000007
8.9376	0.00000041
8.9417	-0.00000067
8.9469	0.00000049
8.9513	0.00000023
8.9555	-0.00000041
8.9605	-0.00000080
8.9655	-0.00000109
8.9705	-0.00000044
8.9755	0.00000226
8.9800	0.00000330
8.9852	0.00000512
8.9900	0.00000432
8.9953	0.00000385
9.0001	0.00000346
9.0050	0.00000222
9.0101	0.00000124
9.0151	0.00000257
9.0202	0.00000403
9.0252	0.00000352
9.0302	0.00000285
9.0352	0.00000092
9.0402	0.00000062
9.0453	0.00000096
9.0509	0.00000128
9.0558	0.00000207
9.0611	0.00000252
9.0661	0.00000088
9.0710	0.00000018
9.0760	0.00000154
9.0807	0.00000091
9.0849	0.00000070
9.0895	0.00000025
9.0945	-0.00000033
9.0995	0.00000006
9.1045	0.00000069
9.1094	0.00000006
9.1145	0.00000031
9.1188	-0.00000146
9.1239	-0.00000132
9.1289	-0.00000152
9.1339	0.00000005
9.1388	0.00000197
9.1436	0.00000210
9.1487	0.00000120
9.1535	0.00000090
9.1585	0.00000296
9.1635	0.00000195
9.1676	0.00000203
9.1719	0.00000130
9.1767	0.00000103
9.1811	0.00000061
9.1862	-0.00000017
9.1905	0.00000063
9.1957	0.00000029
9.2006	-0.00000120
9.2055	-0.00000030
9.2105	-0.00000071
9.2148	0.00000071
9.2193	0.00000255
9.2242	0.00000022
9.2293	0.00000219
9.2335	0.00000121
9.2377	0.00000133
9.2427	0.00000237
9.2478	0.00000330
9.2520	0.00000306
9.2570	0.00000302
9.2620	0.00000254
9.2664	0.00000241
9.2705	0.00000162
9.2754	0.00000160
9.2796	0.00000287
9.2845	0.00000051
9.2895	-0.00000162
9.2945	-0.00000145
9.2987	0.00000178
9.3030	0.00000019
9.3082	0.00000289
9.3124	0.00000310
9.3168	0.00000338
9.3216	0.00000228
9.3267	0.00000092
9.3313	-0.00000058
9.3354	-0.00000185
9.3395	-0.00000072
9.3449	-0.00000248
9.3495	-0.00000139
9.3536	-0.00000236
9.3586	-0.00000501
9.3637	-0.00000552
9.3688	-0.00000408
9.3732	-0.00000405
9.3782	-0.00000234
9.3834	-0.00000261
9.3884	-0.00000161
9.3933	-0.00000179
9.3979	-0.00000139
9.4022	-0.00000168
9.4067	-0.00000280
9.4117	-0.00000313
9.4162	0.00000001
9.4211	0.00000031
9.4260	-0.00000055
9.4311	-0.00000153
9.4354	-0.00000200
9.4403	-0.00000263
9.4453	-0.00000222
9.4504	-0.00000198
9.4548	-0.00000206
9.4597	-0.00000211
9.4640	0.00000001
9.4690	-0.00000087
9.4732	0.00000022
9.4783	0.00000048
9.4833	-0.00000090
9.4876	-0.00000100
9.4927	-0.00000005
9.4978	0.00000042
9.5029	-0.00000065
9.5079	0.00000027
9.5130	0.00000044
9.5174	-0.00000025
9.5216	0.00000072
9.5266	0.00000014
9.5316	-0.00000097
9.5369	-0.00000171
9.5420	-0.00000128
9.5471	-0.00000037
9.5519	0.00000036
9.5561	0.00000141
9.5610	0.00000046
9.5661	0.00000179
9.5709	0.00000060
9.5760	0.00000167
9.5808	0.00000313
9.5859	0.00000305
9.5909	0.00000271
9.5961	0.00000389
9.6011	0.00000202
9.6060	0.00000161
9.6110	0.00000186
9.6154	0.00000031
9.6196	0.00000031
9.6244	0.00000126
9.6291	0.00000192
9.6341	-0.00000100
9.6391	0.00000134
9.6434	0.00000030
9.6485	-0.00000085
9.6528	-0.00000019
9.6579	-0.00000083
9.6630	-0.00000064
9.6679	-0.00000125
9.6729	-0.00000116
9.6783	-0.00000052
9.6829	0.00000013
9.6879	0.00000070
9.6925	-0.00000059
9.6967	-0.00000065
9.7010	-0.00000006
9.7057	-0.00000066
9.7106	0.00000121
9.7156	0.00000026
9.7207	0.00000061
9.7256	0.00000130
9.7308	0.00000186
9.7353	0.00000036
9.7400	-0.00000103
9.7441	-0.00000066
9.7491	-0.00000019
9.7545	0.00000035
9.7595	-0.00000057
9.7640	-0.00000157
9.7690	-0.00000118
9.7734	-0.00000064
9.7784	-0.00000212
9.7832	-0.00000016
9.7884	-0.00000025
9.7934	-0.00000085
9.7984	-0.00000014
9.8034	-0.00000024
9.8084	-0.00000078
9.8129	-0.00000068
9.8179	-0.00000060
9.8230	0.00000020
9.8271	0.00000130
9.8321	0.00000139
9.8370	0.00000176
9.8411	0.00000199
9.8453	0.00000211
9.8503	0.00000142
9.8547	0.00000001
9.8597	0.00000005
9.8647	-0.00000139
9.8699	0.00000177
9.8749	0.00000141
9.8801	0.00000176
9.8850	0.00000278
9.8899	0.00000320
9.8945	0.00000351
9.8996	0.00000281
9.9050	0.00000204
9.9097	0.00000210
9.9150	-0.00000003
9.9204	0.00000155
9.9250	-0.00000033
9.9293	0.00000003
9.9340	0.00000050
9.9392	-0.00000002
9.9444	0.00000017
9.9493	0.00000063
9.9546	0.00000091
9.9597	0.00000005
9.9647	-0.00000025
9.9699	-0.00000115
9.9744	-0.00000043
9.9790	0.00000035
9.9843	0.00000028
9.9889	-0.00000056
9.9939	-0.00000064
9.9983	0.00000053
10.0028	-0.00000148
10.0078	0.00000041
10.0128	0.00000101
10.0178	0.00000044
10.0228	-0.00000016
10.0272	-0.00000154
10.0316	-0.00000245
10.0365	-0.00000174
10.0413	-0.00000163
10.0463	-0.00000152
10.0508	0.00000003
10.0558	-0.00000009
10.0609	0.00000122
10.0658	0.00000105
10.0709	-0.00000117
10.0753	-0.00000167
10.0799	-0.00000136
10.0851	-0.00000125
10.0901	-0.00000307
10.0949	-0.00000198
10.0991	-0.00000151
10.1040	-0.00000216
10.1090	-0.00000085
10.1132	-0.00000043
10.1183	-0.00000051
10.1229	0.00000110
10.1273	0.00000088
10.1319	0.00000039
10.1367	-0.00000101
10.1409	-0.00000038
10.1457	0.00000027
10.1509	0.00000011
10.1558	0.00000087
10.1603	0.00000127
10.1649	0.00000087
10.1694	0.00000068
10.1743	-0.00000044
10.1789	-0.00000055
10.1839	-0.00000054
10.1883	-0.00000034
10.1934	-0.00000028
10.1984	-0.00000050
10.2034	-0.00000050
10.2085	0.00000070
10.2134	0.00000113
10.2184	0.00000273
10.2234	0.00000183
10.2284	0.00000238
10.2334	0.00000140
10.2384	-0.00000007
10.2435	0.00000096
10.2485	0.00000201
10.2540	0.00000325
10.2591	0.00000091
10.2641	0.00000044
10.2691	0.00000154
10.2742	0.00000159
10.2791	0.00000003
10.2841	-0.00000226
10.2892	-0.00000213
10.2941	-0.00000139
10.2991	-0.00000019
10.3041	0.00000003
10.3091	0.00000009
10.3141	0.00000129
10.3185	-0.00000025
10.3235	-0.00000152
10.3289	-0.00000055
10.3332	0.00000018
10.3383	-0.00000037
10.3434	-0.00000162
10.3483	-0.00000203
10.3533	-0.00000265
10.3579	-0.00000255
10.3625	-0.00000268
10.3668	-0.00000043
10.3712	-0.00000045
10.3763	-0.00000002
10.3806	-0.00000018
10.3856	-0.00000005
10.3899	-0.00000076
10.3949	-0.00000181
10.4000	-0.00000178
10.4048	-0.00000351
10.4093	-0.00000186
10.4139	-0.00000196
10.4184	-0.00000248
10.4235	-0.00000171
10.4289	-0.00000279
10.4341	-0.00000279
10.4387	-0.00000294
10.4431	-0.00000324
10.4478	-0.00000245
10.4528	-0.00000069
10.4574	-0.00000054
10.4625	-0.00000090
10.4669	-0.00000031
10.4713	-0.00000232
10.4760	-0.00000442
10.4808	-0.00000443
10.4857	-0.00000390
10.4907	-0.00000222
10.4957	-0.00000069
10.5010	-0.00000161
10.5059	-0.00000210
10.5113	-0.00000057
10.5163	-0.00000016
10.5209	0.00000170
10.5258	0.00000262
10.5308	-0.00000122
10.5351	-0.00000168
10.5402	-0.00000189
10.5453	-0.00000271
10.5503	-0.00000476
10.5547	-0.00000390
10.5591	-0.00000329
10.5645	-0.00000245
10.5690	-0.00000328
10.5742	-0.00000376
10.5792	-0.00000153
10.5842	-0.00000209
10.5891	-0.00000162
10.5943	0.00000040
10.5992	0.00000249
10.6043	0.00000247
10.6094	0.00000199
10.6140	0.00000093
10.6187	0.00000137
10.6239	0.00000118
10.6290	0.00000025
10.6340	0.00000014
10.6392	-0.00000037
10.6436	0.00000064
10.6481	-0.00000138
10.6527	0.00000064
10.6572	0.00000060
10.6622	0.00000088
10.6671	0.00000111
10.6713	0.00000030
10.6764	-0.00000001
10.6809	-0.00000078
10.6858	-0.00000093
10.6909	0.00000165
10.6951	0.00000036
10.6996	-0.00000036
10.7045	0.00000111
10.7096	0.00000063
10.7147	0.00000011
10.7196	0.00000051
10.7246	-0.00000090
10.7290	-0.00000215
10.7339	-0.00000172
10.7388	-0.00000422
10.7430	-0.00000243
10.7480	-0.00000197
10.7530	-0.00000268
10.7577	-0.00000258
10.7627	-0.00000083
10.7676	-0.00000248
10.7726	-0.00000199
10.7768	-0.00000204
10.7818	-0.00000220
10.7868	0.00000012
10.7918	0.00000127
10.7968	0.00000062
10.8011	0.00000183
10.8055	0.00000169
10.8106	0.00000051
10.8155	0.00000059
10.8206	0.00000214
10.8253	0.00000176
10.8303	-0.00000005
10.8354	0.00000035
10.8407	0.00000214
10.8459	0.00000096
10.8511	-0.00000002
10.8557	-0.00000060
10.8609	-0.00000026
10.8660	0.00000071
10.8705	0.00000088
10.8756	0.00000079
10.8798	-0.00000057
10.8849	-0.00000178
10.8897	-0.00000314
10.8949	-0.00000218
10.8998	-0.00000138
10.9044	-0.00000122
10.9094	-0.00000171
10.9137	-0.00000187
10.9182	-0.00000132
10.9228	-0.00000033
10.9272	-0.00000020
10.9322	-0.00000034
10.9373	-0.00000042
10.9423	0.00000130
10.9465	-0.00000030
10.9515	0.00000054
10.9565	0.00000132
10.9611	0.00000023
10.9661	-0.00000142
10.9705	-0.00000292
10.9756	-0.00000192
10.9806	-0.00000252
10.9856	-0.00000139
10.9906	-0.00000171
10.9956	-0.00000024
11.0006	-0.00000181
11.0056	-0.00000234
11.0106	-0.00000187
11.0156	-0.00000095
11.0206	-0.00000048
11.0257	-0.00000056
11.0306	0.00000022
11.0356	0.00000067
11.0406	-0.00000040
11.0449	-0.00000016
11.0499	-0.00000060
11.0547	-0.00000063
11.0594	-0.00000017
11.0644	-0.00000137
11.0694	-0.00000119
11.0744	-0.00000109
11.0794	-0.00000004
11.0844	-0.00000259
11.0894	-0.00000195
11.0944	-0.00000072
11.0994	0.00000068
11.1043	-0.00000122
11.1084	-0.00000171
11.1134	-0.00000111
11.1184	-0.00000058
11.1234	-0.00000019
11.1285	-0.00000052
11.1334	0.00000069
11.1383	0.00000175
11.1425	0.00000213
11.1475	0.00000177
11.1526	-0.00000062
11.1578	0.00000052
11.1627	-0.00000115
11.1678	0.00000178
11.1726	0.00000213
11.1777	0.00000142
11.1827	-0.00000031
11.1868	0.00000051
11.1917	-0.00000029
11.1967	-0.00000045
11.2018	0.00000028
11.2070	0.00000037
11.2117	-0.00000088
11.2167	-0.00000157
11.2217	-0.00000229
11.2267	-0.00000216
11.2318	0.00000075
11.2367	0.00000084
11.2419	-0.00000026
11.2483	-0.00000087
11.2542	-0.00000075
11.2589	-0.00000092
11.2638	-0.00000071
11.2690	0.00000102
11.2740	0.00000100
11.2787	-0.00000003
11.2836	-0.00000085
11.2887	-0.00000194
11.2939	-0.00000296
11.2988	-0.00000428
11.3038	-0.00000306
11.3088	-0.00000392
11.3141	-0.00000188
11.3190	-0.00000233
11.3240	-0.00000202
11.3288	-0.00000262
11.3330	-0.00000179
11.3381	-0.00000092
11.3431	-0.00000063
11.3477	0.00000016
11.3523	-0.00000113
11.3570	-0.00000100
11.3625	-0.00000079
11.3673	0.00000069
11.3721	0.00000053
11.3772	0.00000053
11.3822	0.00000031
11.3871	0.00000069
11.3924	0.00000041
11.3967	0.00000107
11.4011	0.00000085
11.4056	0.00000181
11.4100	0.00000119
11.4152	0.00000210
11.4196	0.00000303
11.4247	0.00000320
11.4291	0.00000329
11.4338	0.00000205
11.4388	0.00000193
11.4433	0.00000079
11.4485	0.00000023
11.4527	-0.00000116
11.4573	-0.00000019
11.4623	-0.00000150
11.4666	-0.00000182
11.4717	-0.00000309
11.4767	-0.00000061
11.4812	-0.00000223
11.4863	-0.00000344
11.4913	-0.00000247
11.4962	-0.00000075
11.5013	-0.00000181
11.5062	-0.00000058
11.5113	-0.00000025
11.5163	0.00000038
11.5212	0.00000104
11.5263	0.00000092
11.5313	0.00000174
11.5364	0.00000034
11.5412	0.00000256
11.5464	0.00000122
11.5513	0.00000119
11.5565	-0.00000007
11.5612	0.00000062
11.5662	0.00000273
11.5715	0.00000090
11.5762	0.00000093
11.5815	-0.00000054
11.5863	0.00000029
11.5912	0.00000090
11.5963	-0.00000044
11.6012	-0.00000040
11.6062	0.00000023
11.6112	-0.00000054
11.6162	-0.00000211
11.6212	-0.00000233
11.6262	-0.00000339
11.6311	-0.00000191
11.6362	-0.00000234
11.6411	-0.00000369
11.6463	-0.00000191
11.6512	-0.00000085
11.6561	-0.00000050
11.6611	-0.00000113
11.6664	0.00000077
11.6710	0.00000257
11.6761	0.00000242
11.6809	0.00000206
11.6854	0.00000063
11.6903	-0.00000078
11.6953	-0.00000012
11.7002	0.00000073
11.7047	0.00000032
11.7097	0.00000087
11.7138	0.00000087
11.7188	-0.00000093
11.7237	-0.00000110
11.7288	-0.00000185
11.7338	-0.00000070
11.7388	-0.00000075
11.7438	-0.00000019
11.7487	0.00000093
11.7538	-0.00000054
11.7583	0.00000039
11.7624	-0.00000011
11.7665	0.00000094
11.7707	0.00000237
11.7759	0.00000335
11.7808	0.00000352
11.7858	0.00000025
11.7908	-0.00000060
11.7958	0.00000132
11.8008	0.00000361
11.8058	0.00000271
11.8109	0.00000281
11.8158	0.00000340
11.8204	0.00000322
11.8255	0.00000356
11.8304	0.00000251
11.8349	0.00000084
11.8396	0.00000120
11.8451	0.00000145
11.8498	-0.00000001
11.8547	0.00000059
11.8602	-0.00000011
11.8652	0.00000036
11.8702	0.00000066
11.8752	-0.00000006
11.8801	0.00000068
11.8851	0.00000083
11.8900	0.00000086
11.8942	0.00000170
11.8994	0.00000155
11.9041	0.00000147
11.9092	0.00000098
11.9138	0.00000122
11.9181	0.00000130
11.9224	0.00000104
11.9275	0.00000181
11.9326	0.00000050
11.9374	0.00000135
11.9419	0.00000302
11.9465	0.00000334
11.9515	0.00000178
11.9559	0.00000012
11.9605	0.00000068
11.9656	0.00000084
11.9705	0.00000165
11.9755	-0.00000040
11.9805	0.00000035
11.9853	0.00000154
11.9903	0.00000193
11.9953	0.00000073
11.9996	0.00000032
12.0042	0.00000007
12.0091	0.00000023
12.0141	-0.00000091
12.0191	-0.00000085
12.0241	0.00000028
12.0289	-0.00000057
12.0341	0.00000008
12.0392	0.00000163
12.0441	0.00000110
12.0484	0.00000190
12.0528	0.00000310
12.0580	0.00000173
12.0625	0.00000173
12.0669	0.00000094
12.0718	0.00000247
12.0769	0.00000253
12.0818	0.00000228
12.0870	0.00000164
12.0920	0.00000263
12.0970	0.00000333
12.1013	0.00000330
12.1057	0.00000268
12.1108	0.00000215
12.1152	0.00000187
12.1202	0.00000063
12.1247	0.00000108
12.1296	0.00000240
12.1341	0.00000184
12.1391	0.00000125
12.1441	0.00000205
12.1484	0.00000193
12.1533	0.00000357
12.1583	0.00000120
12.1626	0.00000265
12.1673	0.00000099
12.1721	0.00000093
12.1771	0.00000023
12.1822	-0.00000034
12.1863	0.00000090
12.1911	0.00000029
12.1964	-0.00000047
12.2016	-0.00000152
12.2065	-0.00000123
12.2116	-0.00000088
12.2166	-0.00000267
12.2208	-0.00000115
12.2258	-0.00000096
12.2302	-0.00000059
12.2347	-0.00000180
12.2398	-0.00000034
12.2451	0.00000043
12.2500	-0.00000048
12.2543	-0.00000039
12.2594	-0.00000281
12.2642	-0.00000159
12.2691	-0.00000084
12.2734	-0.00000124
12.2784	-0.00000067
12.2834	-0.00000102
12.2885	-0.00000092
12.2935	-0.00000013
12.2978	-0.00000157
12.3029	0.00000008
12.3079	0.00000018
12.3128	0.00000286
12.3179	0.00000115
12.3228	0.00000196
12.3279	0.00000128
12.3329	0.00000160
12.3378	0.00000363
12.3429	0.00000241
12.3473	0.00000228
12.3519	0.00000130
12.3569	0.00000023
12.3614	-0.00000041
12.3665	0.00000104
12.3709	0.00000103
12.3758	0.00000088
12.3808	-0.00000014
12.3856	-0.00000052
12.3908	0.00000006
12.3952	0.00000129
12.4002	0.00000014
12.4050	-0.00000069
12.4102	0.00000030
12.4153	0.00000041
12.4197	-0.00000033
12.4251	-0.00000087
12.4299	-0.00000202
12.4347	-0.00000278
12.4392	-0.00000206
12.4442	-0.00000140
12.4491	-0.00000249
12.4535	-0.00000254
12.4587	-0.00000289
12.4632	-0.00000343
12.4682	-0.00000438
12.4725	-0.00000268
12.4776	-0.00000099
12.4823	-0.00000156
12.4871	-0.00000273
12.4921	-0.00000063
12.4972	0.00000018
12.5022	-0.00000004
12.5071	0.00000120
12.5120	0.00000102
12.5171	-0.00000055
12.5218	-0.00000041
12.5270	0.00000100
12.5318	-0.00000052
12.5368	-0.00000016
12.5419	-0.00000047
12.5471	-0.00000145
12.5519	-0.00000011
12.5569	0.00000027
12.5616	0.00000062
12.5660	0.00000074
12.5711	0.00000222
12.5763	0.00000144
12.5814	0.00000133
12.5863	0.00000043
12.5913	0.00000121
12.5958	0.00000268
12.6005	0.00000140
12.6055	0.00000242
12.6097	0.00000253
12.6146	0.00000159
12.6197	0.00000099
12.6247	0.00000124
12.6297	0.00000183
12.6342	0.00000100
12.6389	0.00000042
12.6440	0.00000046
12.6492	-0.00000054
12.6546	0.00000145
12.6597	0.00000104
12.6648	0.00000061
12.6691	-0.00000026
12.6742	0.00000030
12.6792	-0.00000031
12.6841	0.00000188
12.6891	0.00000164
12.6943	0.00000007
12.6997	-0.00000041
12.7048	0.00000174
12.7096	0.00000076
12.7141	0.00000230
12.7190	0.00000253
12.7242	0.00000231
12.7294	0.00000162
12.7342	0.00000027
12.7393	-0.00000024
12.7442	0.00000048
12.7493	-0.00000014
12.7543	-0.00000154
12.7594	-0.00000107
12.7644	0.00000031
12.7688	0.00000008
12.7730	0.00000061
12.7780	0.00000077
12.7823	0.00000148
12.7873	0.00000067
12.7924	0.00000092
12.7974	0.00000292
12.8025	0.00000320
12.8073	0.00000232
12.8118	0.00000280
12.8168	0.00000183
12.8218	0.00000145
12.8268	0.00000006
12.8317	0.00000077
12.8367	0.00000140
12.8417	0.00000013
12.8462	-0.00000027
12.8516	-0.00000056
12.8563	-0.00000126
12.8613	-0.00000126
12.8656	0.00000075
12.8698	0.00000064
12.8746	0.00000022
12.8796	-0.00000036
12.8847	0.00000075
12.8897	0.00000135
12.8943	0.00000091
12.8987	0.00000023
12.9032	0.00000180
12.9083	0.00000131
12.9127	0.00000027
12.9179	0.00000253
12.9230	0.00000158
12.9282	0.00000089
12.9330	0.00000016
12.9380	0.00000047
12.9431	0.00000147
12.9483	0.00000105
12.9532	0.00000187
12.9582	0.00000201
12.9627	0.00000195
12.9677	0.00000134
12.9725	0.00000101
12.9779	0.00000021
12.9829	0.00000081
12.9879	0.00000036
12.9927	0.00000020
12.9978	0.00000104
13.0030	0.00000163
13.0081	0.00000151
13.0130	0.00000058
13.0181	0.00000211
13.0232	0.00000315
13.0281	0.00000436
13.0331	0.00000295
13.0381	0.00000120
13.0431	0.00000180
13.0481	0.00000078
13.0531	0.00000049
13.0582	0.00000063
13.0625	0.00000066
13.0667	0.00000025
13.0711	0.00000233
13.0759	0.00000313
13.0810	0.00000275
13.0857	0.00000232
13.0907	-0.00000038
13.0951	0.00000050
13.1003	0.00000007
13.1047	-0.00000098
13.1098	-0.00000047
13.1148	-0.00000151
13.1197	-0.00000224
13.1241	-0.00000068
13.1293	-0.00000207
13.1340	-0.00000177
13.1391	-0.00000119
13.1435	0.00000093
13.1490	0.00000232
13.1535	0.00000232
13.1580	0.00000333
13.1628	0.00000249
13.1681	0.00000263
13.1729	0.00000174
13.1778	0.00000160
13.1822	0.00000239
13.1875	0.00000331
13.1924	0.00000217
13.1970	0.00000184
13.2024	0.00000233
13.2072	0.00000060
13.2125	0.00000170
13.2173	0.00000177
13.2217	0.00000183
13.2272	0.00000298
13.2319	0.00000360
13.2368	0.00000190
13.2413	0.00000308
13.2465	0.00000332
13.2515	0.00000158
13.2565	0.00000229
13.2615	0.00000064
13.2664	0.00000040
13.2707	-0.00000110
13.2750	-0.00000029
13.2794	-0.00000109
13.2843	0.00000109
13.2895	0.00000081
13.2945	0.00000067
13.2996	0.00000033
13.3040	0.00000013
13.3091	-0.00000094
13.3136	-0.00000142
13.3187	-0.00000057
13.3232	-0.00000027
13.3282	-0.00000078
13.3330	-0.00000081
13.3373	-0.00000114
13.3423	-0.00000183
13.3473	-0.00000137
13.3524	-0.00000057
13.3573	0.00000126
13.3625	-0.00000004
13.3669	-0.00000095
13.3718	-0.00000402
13.3769	-0.00000299
13.3820	-0.00000095
13.3870	-0.00000028
13.3919	0.00000048
13.3968	-0.00000063
13.4011	0.00000008
13.4056	0.00000292
13.4107	0.00000225
13.4154	0.00000208
13.4206	0.00000273
13.4256	0.00000163
13.4306	0.00000075
13.4356	0.00000142
13.4409	0.00000227
13.4459	-0.00000018
13.4511	-0.00000108
13.4560	-0.00000100
13.4610	-0.00000042
13.4658	-0.00000024
13.4701	-0.00000077
13.4745	-0.00000246
13.4789	-0.00000343
13.4839	-0.00000234
13.4889	-0.00000242
13.4937	-0.00000345
13.4988	-0.00000162
13.5041	-0.00000080
13.5093	-0.00000016
13.5137	-0.00000029
13.5186	-0.00000050
13.5236	-0.00000141
13.5286	-0.00000057
13.5328	-0.00000096
13.5371	-0.00000017
13.5416	-0.00000079
13.5467	-0.00000079
13.5519	0.00000042
13.5569	0.00000079
13.5619	0.00000018
13.5671	0.00000114
13.5715	0.00000035
13.5761	0.00000172
13.5812	-0.00000011
13.5861	-0.00000037
13.5910	0.00000023
13.5954	0.00000036
13.5997	-0.00000056
13.6051	-0.00000111
13.6100	-0.00000225
13.6145	-0.00000296
13.6193	-0.00000021
13.6244	-0.00000108
13.6293	-0.00000149
13.6344	-0.00000300
13.6393	-0.00000175
13.6444	-0.00000117
13.6490	-0.00000075
13.6538	-0.00000045
13.6592	0.00000112
13.6641	0.00000058
13.6685	-0.00000071
13.6736	-0.00000077
13.6785	-0.00000207
13.6835	-0.00000193
13.6884	-0.00000118
13.6928	-0.00000187
13.6972	-0.00000118
13.7018	-0.00000169
13.7067	-0.00000287
13.7117	-0.00000102
13.7167	-0.00000017
13.7216	0.00000115
13.7265	-0.00000008
13.7317	0.00000086
13.7361	0.00000028
13.7411	-0.00000124
13.7462	-0.00000038
13.7505	-0.00000020
13.7554	-0.00000055
13.7596	-0.00000073
13.7640	-0.00000135
13.7687	-0.00000076
13.7731	-0.00000077
13.7780	0.00000070
13.7832	-0.00000045
13.7882	0.00000074
13.7930	0.00000106
13.7981	0.00000068
13.8031	0.00000033
13.8075	-0.00000094
13.8125	0.00000011
13.8175	-0.00000115
13.8224	0.00000056
13.8275	0.00000099
13.8324	0.00000217
13.8373	0.00000258
13.8425	-0.00000011
13.8475	-0.00000127
13.8520	-0.00000091
13.8568	-0.00000004
13.8618	0.00000220
13.8665	0.00000345
13.8715	0.00000370
13.8765	0.00000330
13.8814	0.00000270
13.8858	0.00000113
13.8910	0.00000111
13.8959	0.00000065
13.9004	-0.00000137
13.9052	-0.00000135
13.9102	-0.00000070
13.9144	-0.00000171
13.9186	-0.00000237
13.9230	-0.00000279
13.9282	-0.00000218
13.9331	-0.00000042
13.9381	0.00000052
13.9424	-0.00000086
13.9475	0.00000050
13.9526	0.00000021
13.9576	0.00000065
13.9625	0.00000125
13.9678	0.00000118
13.9727	0.00000049
13.9775	0.00000113
13.9827	0.00000097
13.9876	-0.00000090
13.9925	-0.00000041
13.9969	0.00000079
14.0017	-0.00000058
14.0061	-0.00000079
14.0108	-0.00000141
14.0158	0.00000059
14.0208	0.00000068
14.0258	0.00000075
14.0301	0.00000104
14.0346	0.00000134
14.0390	0.00000088
14.0433	0.00000056
14.0483	0.00000138
14.0530	-0.00000014
14.0578	0.00000030
14.0630	-0.00000030
14.0675	0.00000079
14.0726	0.00000029
14.0776	0.00000063
14.0826	0.00000141
14.0877	0.00000044
14.0928	0.00000093
14.0982	-0.00000015
14.1030	-0.00000047
14.1074	-0.00000246
14.1125	-0.00000205
14.1176	-0.00000295
14.1225	-0.00000361
14.1275	-0.00000379
14.1325	-0.00000245
14.1375	-0.00000171
14.1418	-0.00000114
14.1469	-0.00000020
14.1513	-0.00000131
14.1561	-0.00000126
14.1610	-0.00000071
14.1663	0.00000035
14.1705	0.00000022
14.1754	0.00000035
14.1803	0.00000128
14.1847	0.00000259
14.1890	0.00000288
14.1936	0.00000200
14.1987	0.00000213
14.2039	0.00000101
14.2089	0.00000120
14.2133	0.00000219
14.2178	0.00000089
14.2221	-0.00000017
14.2268	0.00000191
14.2318	0.00000129
14.2368	0.00000050
14.2418	-0.00000127
14.2467	-0.00000093
14.2518	-0.00000078
14.2568	-0.00000037
14.2617	-0.00000068
14.2669	-0.00000074
14.2713	0.00000045
14.2758	-0.00000035
14.2809	-0.00000049
14.2859	-0.00000124
14.2906	-0.00000052
14.2956	0.00000071
14.2999	0.00000154
14.3049	0.00000149
14.3103	0.00000193
14.3156	0.00000171
14.3203	0.00000223
14.3253	0.00000139
14.3296	0.00000241
14.3341	0.00000223
14.3387	0.00000213
14.3437	0.00000340
14.3487	0.00000271
14.3539	0.00000107
14.3590	-0.00000001
14.3639	-0.00000168
14.3687	-0.00000023
14.3731	0.00000098
14.3778	0.00000277
14.3826	0.00000371
14.3876	0.00000414
14.3926	0.00000473
14.3976	0.00000393
14.4028	0.00000320
14.4073	0.00000347
14.4124	0.00000333
14.4169	0.00000395
14.4214	0.00000236
14.4257	0.00000151
14.4310	0.00000305
14.4359	0.00000396
14.4409	0.00000286
14.4459	0.00000223
14.4503	0.00000001
14.4545	-0.00000010
14.4588	0.00000060
14.4638	0.00000081
14.4693	-0.00000084
14.4743	-0.00000032
14.4793	-0.00000039
14.4847	-0.00000120
14.4896	-0.00000172
14.4940	0.00000066
14.4990	0.00000252
14.5040	0.00000146
14.5090	0.00000071
14.5133	-0.00000216
14.5176	-0.00000032
14.5220	-0.00000089
14.5266	-0.00000211
14.5309	-0.00000214
14.5362	-0.00000189
14.5409	-0.00000053
14.5461	-0.00000072
14.5508	0.00000004
14.5561	0.00000114
14.5608	0.00000129
14.5652	0.00000089
14.5696	0.00000124
14.5748	0.00000153
14.5797	0.00000285
14.5847	0.00000210
14.5892	0.00000091
14.5942	0.00000101
14.5991	-0.00000007
14.6040	0.00000153
14.6092	0.00000073
14.6136	0.00000115
14.6187	-0.00000055
14.6240	-0.00000067
14.6289	-0.00000095
14.6342	-0.00000189
14.6391	-0.00000223
14.6444	-0.00000183
14.6493	-0.00000081
14.6543	-0.00000041
14.6593	-0.00000264
14.6647	-0.00000227
14.6698	-0.00000115
14.6745	0.00000038
14.6799	0.00000097
14.6842	0.00000110
14.6893	0.00000021
14.6943	-0.00000112
14.6994	-0.00000013
14.7044	0.00000020
14.7094	-0.00000009
14.7145	-0.00000054
14.7201	-0.00000167
14.7250	-0.00000091
14.7292	-0.00000105
14.7342	-0.00000098
14.7392	0.00000025
14.7441	-0.00000012
14.7492	-0.00000138
14.7535	0.00000041
14.7586	-0.00000017
14.7637	-0.00000180
14.7687	-0.00000158
14.7735	-0.00000150
14.7784	-0.00000309
14.7832	-0.00000471
14.7881	-0.00000348
14.7926	-0.00000164
14.7975	-0.00000052
14.8025	0.00000014
14.8074	0.00000105
14.8126	-0.00000011
14.8176	-0.00000012
14.8228	-0.00000006
14.8274	0.00000006
14.8321	0.00000232
14.8371	0.00000326
14.8421	0.00000209
14.8470	0.00000197
14.8513	0.00000265
14.8556	0.00000341
14.8606	0.00000204
14.8650	0.00000303
14.8697	0.00000318
14.8741	0.00000489
14.8786	0.00000322
14.8832	0.00000169
14.8880	0.00000001
14.8929	-0.00000122
14.8978	-0.00000182
14.9027	-0.00000173
14.9078	-0.00000105
14.9128	-0.00000072
14.9178	-0.00000043
14.9228	-0.00000190
14.9272	0.00000115
14.9323	-0.00000020
14.9367	-0.00000181
14.9416	-0.00000160
14.9468	-0.00000265
14.9517	-0.00000054
14.9570	-0.00000193
14.9619	-0.00000075
14.9670	-0.00000056
14.9714	-0.00000202
14.9764	-0.00000236
14.9812	-0.00000197
14.9863	-0.00000203
14.9911	-0.00000233
14.9960	-0.00000302
15.0010	-0.00000150
15.0063	-0.00000090
15.0113	-0.00000069
15.0162	-0.00000041
15.0212	-0.00000248
15.0262	-0.00000103
15.0312	-0.00000144
15.0360	-0.00000318
15.0412	-0.00000280
15.0462	0.00000085
15.0511	0.00000334
15.0563	0.00000444
15.0613	0.00000336
15.0663	0.00000317
15.0709	0.00000294
15.0761	0.00000460
15.0810	0.00000142
15.0860	0.00000316
15.0911	0.00000216
15.0961	0.00000262
15.1011	0.00000060
15.1061	0.00000155
15.1111	0.00000108
15.1161	0.00000145
15.1210	0.00000330
15.1261	0.00000301
15.1310	0.00000238
15.1358	0.00000014
15.1412	0.00000092
15.1461	0.00000045
15.1510	-0.00000105
15.1562	-0.00000114
15.1614	-0.00000143
15.1662	-0.00000063
15.1707	-0.00000136
15.1758	-0.00000036
15.1808	0.00000042
15.1857	-0.00000266
15.1907	-0.00000134
15.1958	-0.00000020
15.2008	0.00000025
15.2058	0.00000112
15.2108	0.00000266
15.2158	0.00000221
15.2208	0.00000241
15.2258	0.00000223
15.2308	0.00000218
15.2357	0.00000155
15.2408	0.00000075
15.2458	0.00000133
15.2508	0.00000126
15.2558	0.00000176
15.2610	0.00000214
15.2659	0.00000165
15.2709	0.00000340
15.2756	0.00000218
15.2808	0.00000153
15.2855	0.00000248
15.2906	0.00000116
15.2955	0.00000099
15.3007	0.00000121
15.3057	0.00000068
15.3107	0.00000104
15.3157	-0.00000099
15.3207	-0.00000071
15.3257	-0.00000011
15.3307	0.00000107
15.3356	0.00000148
15.3407	0.00000256
15.3457	0.00000148
15.3507	0.00000239
15.3557	0.00000090
15.3608	0.00000115
15.3658	0.00000008
15.3707	0.00000242
15.3755	0.00000170
15.3805	-0.00000018
15.3855	0.00000149
15.3904	0.00000202
15.3957	0.00000289
15.4006	0.00000049
15.4059	-0.00000023
15.4106	-0.00000099
15.4152	-0.00000218
15.4195	-0.00000173
15.4247	-0.00000132
15.4298	-0.00000184
15.4349	-0.00000169
15.4397	0.00000031
15.4446	0.00000036
15.4488	0.00000060
15.4538	0.00000139
15.4588	0.00000028
15.4637	0.00000022
15.4690	0.00000106
15.4733	0.00000187
15.4777	0.00000188
15.4829	0.00000232
15.4877	0.00000210
15.4927	0.00000113
15.4977	0.00000069
15.5025	0.00000154
15.5078	0.00000206
15.5127	0.00000195
15.5172	0.00000305
15.5216	0.00000006
15.5259	0.00000188
15.5311	0.00000204
15.5361	0.00000152
15.5404	-0.00000058
15.5455	-0.00000002
15.5505	0.00000014
15.5556	-0.00000029
15.5602	0.00000170
15.5653	0.00000146
15.5706	0.00000226
15.5751	0.00000243
15.5804	0.00000162
15.5853	0.00000108
15.5897	-0.00000073
15.5951	-0.00000026
15.5994	0.00000148
15.6046	0.00000115
15.6096	0.00000069
15.6147	-0.00000064
15.6191	-0.00000246
15.6234	-0.00000054
15.6284	-0.00000005
15.6328	-0.00000059
15.6380	-0.00000202
15.6427	-0.00000135
15.6478	0.00000103
15.6527	-0.00000088
15.6575	-0.00000112
15.6626	-0.00000229
15.6675	-0.00000189
15.6725	-0.00000015
15.6771	0.00000108
15.6816	0.00000000
15.6865	0.00000112
15.6917	0.00000011
15.6967	0.00000155
15.7009	0.00000002
15.7052	0.00000200
15.7094	0.00000184
15.7143	0.00000125
15.7193	0.00000281
15.7237	0.00000069
15.7289	0.00000124
15.7340	-0.00000001
15.7388	0.00000180
15.7439	0.00000373
15.7487	0.00000449
15.7538	0.00000434
15.7590	0.00000302
15.7640	0.00000244
15.7688	0.00000245
15.7741	0.00000045
15.7786	0.00000160
15.7836	0.00000049
15.7888	0.00000006
15.7938	0.00000036
15.7982	-0.00000065
15.8025	0.00000060
15.8075	-0.00000179
15.8126	-0.00000131
15.8175	-0.00000091
15.8219	-0.00000023
15.8267	0.00000175
15.8316	0.00000126
15.8365	0.00000174
15.8413	0.00000195
15.8462	0.00000072
15.8511	0.00000175
15.8561	0.00000204
15.8611	0.00000193
15.8653	0.00000366
15.8694	0.00000506
15.8745	0.00000416
15.8794	0.00000274
15.8839	0.00000369
15.8891	0.00000373
15.8938	0.00000428
15.8989	0.00000298
15.9042	0.00000452
15.9091	0.00000410
15.9139	0.00000295
15.9189	0.00000192
15.9241	0.00000112
15.9290	0.00000130
15.9340	0.00000133
15.9390	0.00000225
15.9439	0.00000289
15.9489	0.00000293
15.9540	0.00000390
15.9591	0.00000326
15.9640	0.00000205
15.9689	0.00000438
15.9739	0.00000475
15.9790	0.00000388
15.9840	0.00000284
15.9890	0.00000194
15.9939	0.00000146
15.9989	0.00000204
16.0039	0.00000133
16.0090	0.00000130
16.0140	0.00000147
16.0189	-0.00000004
16.0240	0.00000183
16.0289	0.00000069
16.0340	0.00000073
16.0389	-0.00000064
16.0439	-0.00000146
16.0490	0.00000030
16.0539	0.00000041
16.0591	0.00000177
16.0640	0.00000089
16.0690	0.00000152
16.0742	-0.00000021
16.0786	-0.00000065
16.0836	-0.00000119
16.0888	0.00000027
16.0935	-0.00000068
16.0993	-0.00000055
16.1036	-0.00000073
16.1084	-0.00000073
16.1136	0.00000095
16.1185	0.00000268
16.1230	0.00000291
16.1277	0.00000166
16.1327	0.00000065
16.1376	0.00000159
16.1420	0.00000088
16.1462	0.00000033
16.1503	-0.00000256
16.1561	-0.00000190
16.1610	-0.00000172
16.1652	0.00000046
16.1696	-0.00000103
16.1743	-0.00000208
16.1793	-0.00000178
16.1843	-0.00000005
16.1893	0.00000047
16.1939	0.00000101
16.1982	0.00000048
16.2033	0.00000120
16.2076	0.00000063
16.2126	0.00000125
16.2172	0.00000018
16.2229	0.00000023
16.2279	-0.00000034
16.2329	-0.00000012
16.2379	-0.00000051
16.2430	-0.00000034
16.2479	-0.00000125
16.2526	-0.00000225
16.2576	-0.00000277
16.2622	-0.00000103
16.2666	0.00000046
16.2709	0.00000041
16.2755	0.00000112
16.2799	0.00000139
16.2840	0.00000029
16.2895	-0.00000015
16.2940	-0.00000064
16.2982	0.00000016
16.3026	0.00000006
16.3077	0.00000114
16.3121	0.00000242
16.3170	-0.00000021
16.3234	0.00000051
16.3278	0.00000075
16.3329	0.00000101
16.3379	0.00000114
16.3429	0.00000080
16.3479	0.00000038
16.3525	0.00000021
16.3576	0.00000007
16.3617	0.00000045
16.3667	0.00000012
16.3731	0.00000047
16.3781	0.00000107
16.3831	0.00000033
16.3880	-0.00000118
16.3932	-0.00000069
16.3979	0.00000057
16.4021	-0.00000084
16.4069	-0.00000272
16.4113	-0.00000118
16.4164	-0.00000247
16.4206	0.00000058
16.4248	-0.00000015
16.4300	0.00000043
16.4347	-0.00000037
16.4389	-0.00000002
16.4434	0.00000121
16.4483	0.00000102
16.4533	0.00000193
16.4581	0.00000157
16.4623	0.00000252
16.4670	0.00000269
16.4718	0.00000083
16.4768	0.00000065
16.4817	0.00000030
16.4868	0.00000010
16.4917	0.00000107
16.4961	-0.00000110
16.5009	-0.00000242
16.5059	-0.00000194
16.5102	-0.00000308
16.5145	-0.00000242
16.5193	-0.00000257
16.5244	-0.00000285
16.5294	-0.00000309
16.5337	-0.00000313
16.5395	-0.00000256
16.5436	-0.00000129
16.5486	-0.00000177
16.5536	-0.00000041
16.5584	-0.00000169
16.5629	-0.00000219
16.5673	-0.00000276
16.5729	-0.00000223
16.5776	-0.00000171
16.5827	-0.00000091
16.5874	-0.00000142
16.5917	-0.00000183
16.5967	-0.00000066
16.6008	-0.00000029
16.6063	0.00000043
16.6109	-0.00000129
16.6151	-0.00000099
16.6193	-0.00000250
16.6244	-0.00000508
16.6296	-0.00000179
16.6343	-0.00000581
16.6397	-0.00000056
16.6449	-0.00000413
16.6490	-0.00000090
16.6540	-0.00000167
16.6594	-0.00000001
16.6638	0.00000450
16.6679	0.00000025
16.6729	0.00000204
16.6774	-0.00000331
16.6825	0.00000181
16.6875	-0.00000003
16.6927	-0.00000141
16.6974	-0.00000053
16.7018	-0.00000258
16.7068	-0.00000020
16.7109	-0.00000262
16.7160	-0.00000059
16.7206	-0.00000058
16.7249	-0.00000025
16.7300	-0.00000448
16.7347	0.00000082
16.7393	-0.00000047
16.7437	-0.00000100
16.7481	0.00000034
16.7530	-0.00000038
16.7578	0.00000075
16.7622	-0.00000038
16.7672	-0.00000210
16.7724	0.00000320
16.7769	0.00000504
16.7818	-0.00000045
16.7868	-0.00000321
16.7918	0.00000156
16.7963	-0.00000276
16.8007	-0.00000239
16.8063	-0.00000318
16.8111	-0.00000849
16.8160	0.00000040
16.8209	-0.00000456
16.8250	-0.00000372
16.8301	0.00000093
16.8353	-0.00000094
16.8399	-0.00000392
16.8449	-0.00000063
16.8499	-0.00000266
16.8560	-0.00000241
16.8607	0.00000113
16.8649	-0.00000317
16.8694	-0.00000048
16.8743	0.00000013
16.8791	-0.00000062
16.8839	-0.00000329
16.8889	0.00000103
16.8937	-0.00000152
16.8986	0.00000015
16.9035	0.00000145
16.9084	-0.00000171
16.9129	-0.00000209
16.9172	0.00000144
16.9220	-0.00000100
16.9265	-0.00000005
16.9316	0.00000254
16.9363	-0.00000110
16.9413	0.00000140
16.9463	-0.00000153
16.9514	-0.00000243
16.9563	-0.00000301
16.9613	-0.00000189
16.9663	0.00000040
16.9706	-0.00000040
16.9764	-0.00000182
16.9808	-0.00000055
16.9859	-0.00000100
16.9902	-0.00000067
16.9953	0.00000043
17.0002	-0.00000185
17.0054	0.00000267
17.0105	-0.00000509
17.0154	-0.00000131
17.0204	-0.00000207
17.0256	0.00000208
17.0307	-0.00000101
17.0354	-0.00000215
17.0404	-0.00000428
17.0455	-0.00000380
17.0503	-0.00000448
17.0556	0.00000097
17.0604	0.00000069
17.0655	-0.00000392
17.0702	-0.00000409
17.0755	-0.00000096
17.0799	0.00000080
17.0848	-0.00000776
17.0900	-0.00000183
17.0951	-0.00000275
17.1001	-0.00000624
17.1061	-0.00000344
17.1111	-0.00000653
17.1161	-0.00000551
17.1216	-0.00000949
17.1262	-0.00000312
17.1311	-0.00000378
17.1360	-0.00000408
17.1411	-0.00000211
17.1461	-0.00000352
17.1510	-0.00000135
17.1564	-0.00000170
17.1611	0.00000071
17.1654	0.00000170
17.1697	-0.00000222
17.1746	-0.00000304
17.1797	-0.00000021
17.1846	-0.00000240
17.1898	-0.00000270
17.1948	-0.00000074
17.1992	-0.00000204
17.2042	-0.00000275
17.2084	-0.00000089
17.2130	-0.00000571
17.2173	-0.00000401
17.2226	-0.00000091
17.2274	0.00000181
17.2324	0.00000284
17.2375	0.00000094
17.2425	0.00000020
17.2468	0.00000105
17.2518	0.00000135
17.2568	-0.00000192
17.2617	-0.00000280
17.2661	-0.00000168
17.2707	0.00000086
17.2758	-0.00000291
17.2801	-0.00000424
17.2851	-0.00000396
17.2903	-0.00000659
17.2945	-0.00000082
17.2995	-0.00000182
17.3059	-0.00000063
17.3105	-0.00000157
17.3155	-0.00000319
17.3202	-0.00000074
17.3252	-0.00000118
17.3301	-0.00000541
17.3352	0.00000202
17.3402	-0.00000020
17.3451	0.00000259
17.3495	-0.00000112
17.3540	-0.00000229
17.3590	-0.00000500
17.3633	-0.00000706
17.3676	-0.00000265
17.3722	-0.00000674
17.3768	-0.00000392
17.3809	-0.00000170
17.3859	-0.00000317
17.3908	-0.00000578
17.3960	-0.00000109
17.4010	-0.00000904
17.4059	0.00000042
17.4100	-0.00000828
17.4143	-0.00000294
17.4193	-0.00000818
17.4243	-0.00000311
17.4293	-0.00000320
17.4336	0.00000060
17.4385	-0.00000242
17.4428	-0.00000121
17.4477	-0.00000429
17.4527	-0.00000067
17.4575	-0.00000109
17.4617	-0.00000120
17.4659	-0.00000104
17.4718	-0.00000492
17.4769	-0.00000696
17.4814	-0.00000690
17.4865	-0.00000661
17.4918	-0.00000500
17.4969	-0.00000371
17.5018	-0.00000589
17.5069	-0.00000213
17.5119	-0.00000519
17.5168	-0.00000340
17.5219	-0.00000137
17.5270	-0.00000303
17.5320	-0.00000692
17.5361	-0.00000409
17.5412	-0.00000477
17.5458	-0.00000521
17.5504	-0.00000545
17.5556	-0.00000462
17.5608	0.00000041
17.5656	-0.00000426
17.5697	0.00000033
17.5741	-0.00000203
17.5789	-0.00000271
17.5838	-0.00000784
17.5888	-0.00000647
17.5930	-0.00000476
17.5982	-0.00000340
17.6032	-0.00000328
17.6083	-0.00000067
17.6127	-0.00000207
17.6176	-0.00000064
17.6226	-0.00000225
17.6277	-0.00000214
17.6324	-0.00000408
17.6378	-0.00000483
17.6426	-0.00000571
17.6475	-0.00000515
17.6523	-0.00000599
17.6570	-0.00000259
17.6614	-0.00000036
17.6659	-0.00000364
17.6708	-0.00000539
17.6759	-0.00000565
17.6807	-0.00000139
17.6854	-0.00000359
17.6907	-0.00000479
17.6957	-0.00000471
17.7006	-0.00000407
17.7056	-0.00000210
17.7106	-0.00000529
17.7157	-0.00000717
17.7210	-0.00000316
17.7258	-0.00000460
17.7307	-0.00000638
17.7360	-0.00000215
17.7408	-0.00000629
17.7460	-0.00000741
17.7511	-0.00000505
17.7561	-0.00000852
17.7606	-0.00000440
17.7657	-0.00000642
17.7722	-0.00000430
17.7767	-0.00000514
17.7810	-0.00000249
17.7861	-0.00000413
17.7912	-0.00000410
17.7955	-0.00000252
17.8002	-0.00000644
17.8058	-0.00000070
17.8105	-0.00000154
17.8150	-0.00000565
17.8200	-0.00000531
17.8251	-0.00000278
17.8293	-0.00000329
17.8343	-0.00000332
17.8394	-0.00000217
17.8445	-0.00000667
17.8491	-0.00000317
17.8555	-0.00000521
17.8601	-0.00000358
17.8653	-0.00000090
17.8703	-0.00000556
17.8754	-0.00000763
17.8800	-0.00000539
17.8852	-0.00000266
17.8901	-0.00000649
17.8950	-0.00000426
17.8999	-0.00000719
17.9052	-0.00000803
17.9102	-0.00000715
17.9146	-0.00000841
17.9193	-0.00000715
17.9243	-0.00000710
17.9286	-0.00000537
17.9334	-0.00000526
17.9385	-0.00000556
17.9427	-0.00000449
17.9476	-0.00000707
17.9526	-0.00000724
17.9577	-0.00000876
17.9624	-0.00000857
17.9666	-0.00000397
17.9715	-0.00000559
17.9757	-0.00000365
17.9800	-0.00000357
17.9850	-0.00000800
17.9902	-0.00000655
17.9946	-0.00000582
17.9998	-0.00000620
18.0050	-0.00000781
18.0093	-0.00000538
18.0135	-0.00000734
18.0187	-0.00000513
18.0234	-0.00000043
18.0277	-0.00000199
18.0320	-0.00000193
18.0368	-0.00000423
18.0419	-0.00000401
18.0468	-0.00000527
18.0520	-0.00001021
18.0568	-0.00000686
18.0618	-0.00000437
18.0663	-0.00000838
18.0714	-0.00000787
18.0765	-0.00001000
18.0807	-0.00000696
18.0858	-0.00000420
18.0908	-0.00000830
18.0953	-0.00000588
18.1002	-0.00000510
18.1054	-0.00000945
18.1105	-0.00000579
18.1153	-0.00000834
18.1218	-0.00000166
18.1263	-0.00000321
18.1312	-0.00000266
18.1362	-0.00000717
18.1412	-0.00000315
18.1463	-0.00000551
18.1511	-0.00000036
18.1559	-0.00000675
18.1609	-0.00000517
18.1651	-0.00000560
18.1706	-0.00000620
18.1750	-0.00000522
18.1798	-0.00000701
18.1848	-0.00000834
18.1897	-0.00001049
18.1944	-0.00000974
18.1995	-0.00001189
18.2049	-0.00001075
18.2095	-0.00000675
18.2140	-0.00001163
18.2190	-0.00000654
18.2245	-0.00000049
18.2287	-0.00000406
18.2335	-0.00000438
18.2381	-0.00000465
18.2424	-0.00000349
18.2473	-0.00000610
18.2525	-0.00000707
18.2577	-0.00000830
18.2620	-0.00000360
18.2668	-0.00000229
18.2716	-0.00000799
18.2761	-0.00000847
18.2807	-0.00000701
18.2858	-0.00000837
18.2909	-0.00000619
18.2952	-0.00000846
18.3001	-0.00001272
18.3054	-0.00000405
18.3102	-0.00000728
18.3144	-0.00000939
18.3194	-0.00000503
18.3245	-0.00000772
18.3296	-0.00000440
18.3344	-0.00001041
18.3396	-0.00000345
18.3438	-0.00000713
18.3485	-0.00000839
18.3526	-0.00001102
18.3568	-0.00000350
18.3619	-0.00001033
18.3661	-0.00001090
18.3710	-0.00000925
18.3763	-0.00000875
18.3809	-0.00000689
18.3859	-0.00000849
18.3911	-0.00000670
18.3954	-0.00001018
18.4005	-0.00000599
18.4053	-0.00001007
18.4096	-0.00000648
18.4146	-0.00000719
18.4195	-0.00001231
18.4239	-0.00000903
18.4281	-0.00001311
18.4329	-0.00001447
18.4372	-0.00001390
18.4422	-0.00000761
18.4466	-0.00000832
18.4517	-0.00001513
18.4563	-0.00001334
18.4613	-0.00000548
18.4664	-0.00000648
18.4716	-0.00001008
18.4768	-0.00001323
18.4814	-0.00001383
18.4862	-0.00001241
18.4912	-0.00001248
18.4955	-0.00001188
18.5003	-0.00001405
18.5053	-0.00001432
18.5104	-0.00000798
18.5153	-0.00001087
18.5213	-0.00000883
18.5265	-0.00000905
18.5314	-0.00000958
18.5363	-0.00000760
18.5416	-0.00001619
18.5459	-0.00001304
18.5510	-0.00001171
18.5563	-0.00001185
18.5611	-0.00001104
18.5662	-0.00000914
18.5715	-0.00000978
18.5762	-0.00001084
18.5805	-0.00001272
18.5849	-0.00001402
18.5896	-0.00001273
18.5947	-0.00001007
18.5995	-0.00000904
18.6053	0.00000103
18.6096	0.00000046
18.6148	0.00000069
18.6191	0.00000139
18.6234	-0.00000023
18.6283	-0.00000076
18.6332	-0.00000082
18.6383	-0.00000209
18.6426	-0.00000107
18.6475	-0.00000151
18.6526	-0.00000117
18.6568	-0.00000147
18.6620	-0.00000085
18.6669	0.00000032
18.6712	0.00000055
18.6757	-0.00000022
18.6813	-0.00000025
18.6858	-0.00000038
18.6910	-0.00000071
18.6958	0.00000008
18.7009	-0.00000022
18.7052	-0.00000094
18.7102	-0.00000020
18.7153	-0.00000021
18.7202	-0.00000059
18.7253	-0.00000058
18.7298	0.00000043
18.7348	-0.00000224
18.7392	-0.00000087
18.7444	-0.00000000
18.7490	0.00000047
18.7540	0.00000224
18.7590	0.00000221
18.7640	0.00000137
18.7691	-0.00000056
18.7734	0.00000110
18.7786	0.00000006
18.7832	0.00000094
18.7883	0.00000123
18.7929	0.00000223
18.7979	0.00000128
18.8029	0.00000142
18.8079	0.00000162
18.8123	0.00000084
18.8172	-0.00000016
18.8224	-0.00000060
18.8267	-0.00000023
18.8317	0.00000052
18.8367	0.00000094
18.8417	0.00000018
18.8459	-0.00000121
18.8510	0.00000026
18.8555	0.00000092
18.8608	0.00000007
18.8659	0.00000007
18.8715	-0.00000162
18.8762	-0.00000104
18.8811	0.00000135
18.8857	0.00000236
18.8901	0.00000246
18.8944	0.00000148
18.8990	0.00000029
18.9034	-0.00000065
18.9083	-0.00000153
18.9133	-0.00000092
18.9183	0.00000068
18.9233	0.00000016
18.9278	-0.00000053
18.9325	-0.00000013
18.9374	0.00000034
18.9417	-0.00000091
18.9464	0.00000195
18.9515	0.00000157
18.9565	0.00000127
18.9609	0.00000071
18.9659	0.00000064
18.9703	0.00000057
18.9753	0.00000048
18.9795	0.00000060
18.9843	0.00000125
18.9884	0.00000138
18.9934	0.00000095
18.9985	0.00000054
19.0028	0.00000051
19.0073	-0.00000008
19.0120	0.00000066
19.0169	0.00000124
19.0220	0.00000049
19.0270	0.00000200
19.0318	0.00000242
19.0370	0.00000179
19.0422	0.00000305
19.0472	0.00000333
19.0521	-0.00000046
19.0568	-0.00000046
19.0619	-0.00000040
19.0671	-0.00000004
19.0723	-0.00000126
19.0774	-0.00000078
19.0818	-0.00000154
19.0870	-0.00000119
19.0921	-0.00000206
19.0964	-0.00000210
19.1015	-0.00000188
19.1066	-0.00000195
19.1117	-0.00000223
19.1166	-0.00000225
19.1209	-0.00000383
19.1254	-0.00000314
19.1300	-0.00000243
19.1351	-0.00000287
19.1405	-0.00000111
19.1455	-0.00000021
19.1504	-0.00000030
19.1553	0.00000011
19.1605	0.00000040
19.1653	0.00000128
19.1706	0.00000032
19.1753	-0.00000037
19.1804	-0.00000130
19.1850	0.00000043
19.1900	0.00000025
19.1950	0.00000073
19.1997	0.00000234
19.2047	0.00000152
19.2089	0.00000111
19.2140	0.00000250
19.2191	0.00000107
19.2235	0.00000148
19.2285	-0.00000037
19.2333	-0.00000091
19.2378	0.00000001
19.2422	0.00000028
19.2473	-0.00000026
19.2523	0.00000196
19.2572	0.00000147
19.2625	0.00000279
19.2676	0.00000228
19.2728	0.00000230
19.2778	0.00000127
19.2825	-0.00000086
19.2876	-0.00000286
19.2918	-0.00000439
19.2972	-0.00000346
19.3018	-0.00000271
19.3062	-0.00000185
19.3106	-0.00000098
19.3155	0.00000024
19.3206	0.00000253
19.3256	0.00000339
19.3305	0.00000280
19.3355	0.00000261
19.3398	0.00000130
19.3448	0.00000189
19.3498	0.00000015
19.3542	0.00000048
19.3591	0.00000076
19.3636	0.00000018
19.3690	0.00000050
19.3738	0.00000060
19.3793	0.00000206
19.3837	0.00000142
19.3888	0.00000087
19.3933	0.00000158
19.3978	0.00000046
19.4028	0.00000042
19.4074	-0.00000063
19.4124	-0.00000048
19.4172	-0.00000097
19.4226	-0.00000117
19.4271	-0.00000044
19.4319	0.00000142
19.4367	0.00000062
19.4418	0.00000090
19.4466	0.00000148
19.4507	0.00000005
19.4560	-0.00000065
19.4609	0.00000173
19.4662	0.00000299
19.4709	0.00000277
19.4754	0.00000242
19.4804	0.00000136
19.4852	0.00000444
19.4904	0.00000362
19.4954	0.00000355
19.5003	0.00000315
19.5055	0.00000319
19.5104	0.00000341
19.5156	0.00000332
19.5200	0.00000148
19.5246	0.00000293
19.5295	0.00000283
19.5345	-0.00000040
19.5388	-0.00000018
19.5431	0.00000011
19.5478	0.00000049
19.5530	-0.00000011
19.5577	-0.00000026
19.5628	0.00000029
19.5678	0.00000180
19.5722	0.00000169
19.5764	0.00000230
19.5815	0.00000112
19.5859	0.00000151
19.5909	-0.00000093
19.5956	0.00000050
19.6006	0.00000028
19.6055	0.00000012
19.6105	-0.00000056
19.6157	0.00000021
19.6210	0.00000160
19.6260	0.00000238
19.6308	0.00000059
19.6359	0.00000088
19.6402	-0.00000136
19.6448	-0.00000166
19.6501	-0.00000176
19.6544	-0.00000058
19.6587	0.00000013
19.6629	-0.00000154
19.6679	0.00000004
19.6726	0.00000158
19.6775	0.00000173
19.6832	0.00000129
19.6883	-0.00000009
19.6933	-0.00000156
19.6977	-0.00000269
19.7020	-0.00000218
19.7074	-0.00000111
19.7127	-0.00000051
19.7176	-0.00000026
19.7226	0.00000071
19.7276	-0.00000005
19.7325	0.00000076
19.7375	0.00000079
19.7427	-0.00000006
19.7474	-0.00000102
19.7526	-0.00000022
19.7575	-0.00000101
19.7624	-0.00000020
19.7665	0.00000076
19.7706	-0.00000021
19.7747	-0.00000176
19.7798	-0.00000161
19.7844	-0.00000057
19.7892	-0.00000092
19.7944	0.00000037
19.7994	-0.00000075
19.8036	0.00000130
19.8082	0.00000087
19.8133	0.00000129
19.8182	0.00000051
19.8226	0.00000182
19.8274	0.00000151
19.8326	-0.00000036
19.8371	-0.00000012
19.8415	0.00000205
19.8467	0.00000192
19.8516	0.00000017
19.8567	-0.00000188
19.8619	-0.00000074
19.8668	0.00000088
19.8718	0.00000117
19.8770	0.00000089
19.8820	-0.00000014
19.8866	-0.00000049
19.8911	-0.00000185
19.8957	-0.00000034
19.9010	0.00000142
19.9061	0.00000212
19.9110	0.00000049
19.9161	0.00000047
19.9206	0.00000115
19.9259	0.00000179
19.9309	0.00000071
19.9360	0.00000190
19.9409	0.00000001
19.9457	-0.00000048
19.9506	-0.00000053
19.9550	-0.00000027
19.9602	-0.00000067
19.9654	-0.00000046
19.9706	-0.00000071
19.9757	-0.00000207
19.9805	-0.00000025
19.9852	0.00000062
19.9894	-0.00000139
19.9942	0.00000032
19.9992	0.00000078
20.0041	-0.00000140
20.0091	-0.00000346
20.0141	-0.00000249
20.0182	-0.00000154
20.0232	-0.00000311
20.0282	-0.00000545
20.0331	-0.00000515
20.0381	-0.00000396
20.0430	-0.00000425
20.0481	-0.00000414
20.0531	-0.00000432
20.0577	-0.00000336
20.0623	-0.00000294
20.0675	-0.00000218
20.0726	-0.00000270
20.0770	-0.00000251
20.0819	-0.00000205
20.0866	-0.00000115
20.0915	-0.00000200
20.0964	-0.00000194
20.1012	0.00000031
20.1064	-0.00000037
20.1115	-0.00000120
20.1164	-0.00000202
20.1214	-0.00000294
20.1264	-0.00000311
20.1313	-0.00000240
20.1364	-0.00000138
20.1410	-0.00000211
20.1460	-0.00000273
20.1509	-0.00000302
20.1554	-0.00000246
20.1604	-0.00000278
20.1651	-0.00000340
20.1703	-0.00000322
20.1753	-0.00000284
20.1803	0.00000080
20.1852	-0.00000114
20.1898	-0.00000016
20.1948	-0.00000171
20.1991	-0.00000013
20.2043	0.00000139
20.2092	0.00000074
20.2142	0.00000192
20.2192	0.00000005
20.2237	0.00000149
20.2285	0.00000024
20.2334	0.00000145
20.2386	0.00000201
20.2435	0.00000078
20.2484	0.00000218
20.2528	0.00000033
20.2577	0.00000003
20.2626	0.00000031
20.2671	0.00000112
20.2721	0.00000029
20.2772	0.00000035
20.2815	0.00000111
20.2863	-0.00000022
20.2915	-0.00000012
20.2967	0.00000088
20.3020	-0.00000047
20.3066	0.00000029
20.3117	-0.00000002
20.3165	-0.00000023
20.3210	-0.00000115
20.3260	0.00000043
20.3303	0.00000208
20.3353	0.00000083
20.3401	0.00000041
20.3454	0.00000205
20.3496	0.00000082
20.3541	0.00000084
20.3592	-0.00000060
20.3638	-0.00000096
20.3685	-0.00000043
20.3729	0.00000006
20.3779	-0.00000246
20.3828	-0.00000235
20.3875	-0.00000141
20.3920	-0.00000013
20.3972	0.00000017
20.4019	-0.00000117
20.4064	-0.00000160
20.4117	-0.00000211
20.4162	-0.00000231
20.4211	-0.00000267
20.4261	-0.00000186
20.4309	-0.00000075
20.4351	-0.00000077
20.4401	-0.00000165
20.4451	-0.00000181
20.4501	-0.00000104
20.4551	-0.00000205
20.4601	-0.00000205
20.4650	-0.00000211
20.4701	-0.00000197
20.4746	-0.00000093
20.4799	-0.00000096
20.4848	-0.00000036
20.4894	-0.00000052
20.4945	-0.00000169
20.4994	-0.00000138
20.5043	-0.00000391
20.5096	-0.00000262
20.5147	-0.00000188
20.5195	-0.00000223
20.5244	-0.00000152
20.5296	-0.00000135
20.5345	-0.00000089
20.5395	-0.00000139
20.5445	-0.00000148
20.5493	-0.00000233
20.5545	-0.00000330
20.5593	-0.00000315
20.5644	-0.00000203
20.5695	-0.00000158
20.5746	-0.00000013
20.5796	0.00000084
20.5845	0.00000150
20.5893	0.00000112
20.5943	0.00000047
20.5991	0.00000143
20.6041	0.00000016
20.6083	-0.00000056
20.6134	-0.00000115
20.6184	-0.00000132
20.6231	-0.00000214
20.6284	-0.00000061
20.6330	0.00000023
20.6372	-0.00000029
20.6421	0.00000057
20.6471	0.00000002
20.6520	-0.00000032
20.6562	0.00000034
20.6610	0.00000017
20.6657	-0.00000123
20.6709	-0.00000014
20.6755	0.00000032
20.6805	-0.00000138
20.6854	-0.00000092
20.6899	-0.00000141
20.6944	0.00000014
20.6991	0.00000059
20.7035	0.00000129
20.7076	0.00000022
20.7124	-0.00000049
20.7168	-0.00000155
20.7217	-0.00000228
20.7268	-0.00000013
20.7317	-0.00000004
20.7368	-0.00000029
20.7419	0.00000058
20.7470	0.00000069
20.7519	0.00000097
20.7570	0.00000118
20.7619	0.00000045
20.7667	-0.00000229
20.7720	-0.00000235
20.7769	-0.00000294
20.7818	-0.00000407
20.7865	-0.00000214
20.7916	-0.00000171
20.7967	-0.00000105
20.8010	-0.00000106
20.8053	0.00000014
20.8102	0.00000122
20.8152	0.00000185
20.8201	0.00000102
20.8246	0.00000161
20.8297	-0.00000036
20.8347	-0.00000052
20.8398	0.00000130
20.8446	0.00000098
20.8498	0.00000139
20.8549	0.00000084
20.8592	0.00000056
20.8639	0.00000217
20.8686	0.00000245
20.8729	0.00000217
20.8773	0.00000122
20.8821	0.00000199
20.8866	0.00000225
20.8917	0.00000009
20.8960	-0.00000040
20.9009	-0.00000089
20.9052	0.00000022
20.9098	-0.00000017
20.9145	-0.00000085
20.9195	-0.00000081
20.9237	-0.00000064
20.9282	0.00000000
20.9327	0.00000004
20.9378	-0.00000085
20.9427	-0.00000089
20.9470	-0.00000041
20.9519	-0.00000070
20.9570	0.00000013
20.9620	0.00000128
20.9666	0.00000116
20.9717	0.00000214
20.9769	0.00000265
20.9812	0.00000171
20.9869	0.00000033
20.9921	-0.00000041
20.9969	-0.00000152
21.0018	-0.00000083
21.0060	-0.00000243
21.0109	-0.00000173
21.0159	-0.00000178
21.0209	-0.00000007
21.0260	0.00000027
21.0303	0.00000006
21.0345	-0.00000004
21.0395	0.00000116
21.0436	-0.00000040
21.0486	-0.00000048
21.0535	-0.00000029
21.0578	-0.00000241
21.0630	-0.00000166
21.0679	-0.00000226
21.0731	-0.00000257
21.0776	-0.00000105
21.0827	-0.00000096
21.0871	0.00000115
21.0914	0.00000104
21.0965	0.00000133
21.1007	0.00000129
21.1057	0.00000051
21.1108	-0.00000140
21.1156	-0.00000159
21.1207	-0.00000249
21.1252	-0.00000154
21.1301	-0.00000176
21.1349	-0.00000162
21.1391	-0.00000203
21.1436	-0.00000207
21.1485	-0.00000053
21.1536	-0.00000009
21.1584	-0.00000000
21.1634	-0.00000044
21.1684	0.00000009
21.1735	-0.00000163
21.1777	-0.00000231
21.1828	-0.00000239
21.1885	-0.00000279
21.1930	-0.00000069
21.1978	0.00000049
21.2028	0.00000179
21.2078	0.00000122
21.2128	0.00000044
21.2178	-0.00000021
21.2228	-0.00000051
21.2278	0.00000169
21.2328	-0.00000036
21.2378	-0.00000218
21.2422	-0.00000107
21.2465	0.00000054
21.2516	0.00000099
21.2566	0.00000079
21.2617	0.00000092
21.2665	0.00000128
21.2709	0.00000022
21.2758	-0.00000003
21.2809	-0.00000241
21.2859	-0.00000084
21.2907	0.00000137
21.2950	0.00000138
21.3000	-0.00000033
21.3050	-0.00000057
21.3092	-0.00000032
21.3142	0.00000023
21.3191	0.00000075
21.3242	0.00000249
21.3285	0.00000067
21.3337	0.00000035
21.3381	0.00000322
21.3434	0.00000181
21.3479	-0.00000009
21.3530	0.00000054
21.3580	-0.00000176
21.3632	-0.00000150
21.3682	-0.00000132
21.3733	-0.00000169
21.3777	-0.00000173
21.3826	-0.00000019
21.3876	-0.00000008
21.3931	0.00000041
21.3980	-0.00000078
21.4031	-0.00000103
21.4083	-0.00000124
21.4125	0.00000021
21.4174	-0.00000004
21.4224	-0.00000114
21.4271	-0.00000210
21.4318	-0.00000066
21.4366	-0.00000125
21.4416	-0.00000069
21.4460	0.00000110
21.4509	0.00000024
21.4559	-0.00000045
21.4609	0.00000233
21.4657	0.00000036
21.4710	0.00000002
21.4762	-0.00000071
21.4812	-0.00000080
21.4862	-0.00000119
21.4912	-0.00000030
21.4955	-0.00000052
21.5000	-0.00000050
21.5049	-0.00000082
21.5094	-0.00000136
21.5141	-0.00000200
21.5193	-0.00000117
21.5236	-0.00000043
21.5290	0.00000002
21.5343	0.00000124
21.5392	0.00000173
21.5442	0.00000233
21.5492	0.00000324
21.5542	0.00000271
21.5584	0.00000251
21.5627	0.00000121
21.5676	0.00000241
21.5728	0.00000047
21.5780	-0.00000077
21.5830	-0.00000076
21.5881	-0.00000095
21.5929	-0.00000109
21.5978	-0.00000159
21.6028	-0.00000163
21.6078	-0.00000113
21.6128	-0.00000037
21.6178	-0.00000046
21.6231	-0.00000008
21.6275	-0.00000014
21.6328	-0.00000050
21.6383	0.00000030
21.6425	0.00000030
21.6476	0.00000003
21.6525	0.00000176
21.6576	0.00000247
21.6625	0.00000345
21.6674	0.00000370
21.6729	0.00000406
21.6780	0.00000332
21.6831	0.00000097
21.6884	0.00000148
21.6936	0.00000167
21.6984	0.00000062
21.7027	-0.00000088
21.7076	-0.00000096
21.7127	0.00000031
21.7176	0.00000005
21.7221	-0.00000196
21.7267	-0.00000103
21.7319	-0.00000077
21.7368	-0.00000050
21.7417	-0.00000114
21.7461	-0.00000091
21.7511	-0.00000054
21.7564	0.00000013
21.7613	0.00000217
21.7663	0.00000243
21.7714	0.00000076
21.7758	-0.00000061
21.7807	-0.00000077
21.7855	-0.00000083
21.7898	-0.00000360
21.7947	-0.00000378
21.8001	-0.00000080
21.8050	-0.00000088
21.8094	-0.00000078
21.8145	-0.00000104
21.8196	-0.00000118
21.8246	-0.00000046
21.8296	-0.00000071
21.8346	-0.00000057
21.8397	0.00000090
21.8451	0.00000078
21.8500	0.00000091
21.8545	0.00000142
21.8589	0.00000298
21.8640	0.00000203
21.8691	0.00000173
21.8734	0.00000187
21.8786	0.00000192
21.8838	0.00000043
21.8887	0.00000073
21.8937	-0.00000056
21.8987	-0.00000216
21.9037	-0.00000259
21.9082	-0.00000215
21.9132	-0.00000157
21.9182	-0.00000310
21.9232	-0.00000039
21.9287	0.00000057
21.9334	0.00000051
21.9379	0.00000024
21.9423	0.00000039
21.9474	0.00000128
21.9524	0.00000120
21.9575	-0.00000021
21.9625	-0.00000211
21.9674	-0.00000282
21.9724	-0.00000083
21.9775	-0.00000158
21.9825	-0.00000015
21.9868	0.00000190
21.9917	0.00000035
21.9966	0.00000028
22.0014	0.00000003
22.0058	0.00000152
22.0101	0.00000314
22.0151	0.00000168
22.0202	0.00000208
22.0252	0.00000033
22.0298	0.00000103
22.0348	0.00000104
22.0391	0.00000109
22.0439	0.00000194
22.0488	0.00000176
22.0539	0.00000131
22.0585	0.00000058
22.0636	-0.00000184
22.0685	-0.00000187
22.0730	-0.00000141
22.0782	-0.00000098
22.0828	-0.00000153
22.0882	-0.00000264
22.0929	-0.00000225
22.0972	-0.00000106
22.1022	0.00000132
22.1072	0.00000038
22.1122	0.00000038
22.1166	0.00000073
22.1218	0.00000063
22.1260	0.00000064
22.1306	-0.00000042
22.1353	0.00000002
22.1403	-0.00000024
22.1454	-0.00000085
22.1504	0.00000085
22.1554	0.00000040
22.1598	-0.00000027
22.1647	0.00000088
22.1699	-0.00000106
22.1748	0.00000078
22.1793	0.00000087
22.1843	0.00000071
22.1893	0.00000063
22.1944	0.00000216
22.1993	0.00000209
22.2044	0.00000160
22.2092	-0.00000010
22.2142	-0.00000096
22.2192	-0.00000165
22.2243	-0.00000240
22.2286	-0.00000241
22.2337	-0.00000156
22.2389	-0.00000079
22.2433	-0.00000149
22.2484	-0.00000010
22.2532	-0.00000065
22.2584	0.00000090
22.2627	0.00000275
22.2671	0.00000364
22.2714	0.00000203
22.2761	0.00000181
22.2812	0.00000055
22.2861	-0.00000110
22.2912	0.00000103
22.2957	0.00000091
22.3002	0.00000090
22.3052	0.00000011
22.3102	0.00000025
22.3149	0.00000150
22.3201	-0.00000060
22.3254	0.00000028
22.3309	0.00000100
22.3353	0.00000110
22.3399	0.00000164
22.3449	0.00000238
22.3494	0.00000302
22.3545	0.00000094
22.3589	0.00000041
22.3638	0.00000168
22.3688	-0.00000017
22.3740	-0.00000005
22.3792	-0.00000082
22.3841	0.00000192
22.3893	0.00000122
22.3938	0.00000088
22.3982	0.00000079
22.4034	0.00000148
22.4078	0.00000083
22.4128	-0.00000014
22.4179	-0.00000040
22.4220	0.00000058
22.4262	0.00000025
22.4307	0.00000077
22.4356	0.00000204
22.4408	0.00000184
22.4457	0.00000103
22.4506	-0.00000019
22.4556	-0.00000051
22.4609	-0.00000222
22.4656	-0.00000237
22.4706	-0.00000343
22.4749	-0.00000313
22.4802	-0.00000329
22.4853	-0.00000138
22.4903	-0.00000188
22.4952	-0.00000219
22.5001	-0.00000280
22.5052	-0.00000275
22.5104	-0.00000294
22.5156	-0.00000191
22.5206	-0.00000213
22.5257	-0.00000078
22.5304	0.00000030
22.5356	0.00000153
22.5406	0.00000108
22.5457	0.00000172
22.5508	0.00000145
22.5557	0.00000063
22.5606	0.00000182
22.5657	0.00000130
22.5707	-0.00000029
22.5757	0.00000058
22.5809	0.00000120
22.5858	0.00000007
22.5907	-0.00000162
22.5951	-0.00000130
22.5999	-0.00000049
22.6052	-0.00000152
22.6102	-0.00000252
22.6152	-0.00000105
22.6200	-0.00000195
22.6253	-0.00000260
22.6303	-0.00000184
22.6351	-0.00000144
22.6401	-0.00000019
22.6451	0.00000027
22.6499	0.00000025
22.6550	0.00000231
22.6602	0.00000122
22.6652	0.00000048
22.6702	0.00000207
22.6752	0.00000137
22.6803	0.00000125
22.6851	0.00000126
22.6912	-0.00000052
22.6960	-0.00000091
22.7012	-0.00000098
22.7059	0.00000011
22.7101	-0.00000088
22.7152	-0.00000062
22.7198	-0.00000196
22.7248	-0.00000291
22.7298	-0.00000297
22.7348	-0.00000390
22.7397	-0.00000352
22.7447	-0.00000403
22.7498	-0.00000090
22.7549	-0.00000173
22.7595	-0.00000209
22.7640	-0.00000212
22.7685	-0.00000290
22.7735	-0.00000026
22.7787	0.00000170
22.7837	0.00000044
22.7879	0.00000075
22.7932	-0.00000099
22.7981	-0.00000164
22.8033	-0.00000161
22.8078	-0.00000246
22.8130	-0.00000189
22.8176	-0.00000303
22.8226	-0.00000135
22.8276	-0.00000208
22.8326	-0.00000273
22.8376	-0.00000343
22.8418	-0.00000262
22.8462	-0.00000113
22.8513	-0.00000129
22.8558	-0.00000102
22.8606	-0.00000041
22.8658	-0.00000083
22.8708	-0.00000110
22.8759	-0.00000291
22.8804	-0.00000223
22.8854	-0.00000041
22.8907	-0.00000055
22.8958	0.00000132
22.9014	0.00000065
22.9063	0.00000133
22.9107	0.00000188
22.9159	0.00000151
22.9208	0.00000144
22.9258	0.00000230
22.9308	0.00000077
22.9358	0.00000074
22.9410	0.00000007
22.9455	-0.00000113
22.9499	-0.00000089
22.9550	-0.00000046
22.9599	0.00000044
22.9649	0.00000204
22.9699	0.00000205
22.9750	0.00000258
22.9794	0.00000286
22.9845	0.00000227
22.9895	0.00000251
22.9952	0.00000195
22.9997	0.00000086
23.0045	-0.00000002
23.0090	0.00000088
23.0142	0.00000070
23.0191	0.00000074
23.0241	0.00000074
23.0286	-0.00000106
23.0336	-0.00000155
23.0387	-0.00000111
23.0430	-0.00000089
23.0481	0.00000042
23.0525	-0.00000046
23.0579	-0.00000008
23.0632	0.00000042
23.0683	-0.00000003
23.0729	0.00000178
23.0781	0.00000011
23.0830	-0.00000118
23.0884	0.00000035
23.0930	0.00000093
23.0978	0.00000073
23.1027	0.00000039
23.1072	-0.00000075
23.1122	-0.00000080
23.1163	-0.00000039
23.1212	0.00000135
23.1254	-0.00000040
23.1304	-0.00000019
23.1354	0.00000045
23.1405	-0.00000047
23.1455	0.00000106
23.1503	0.00000055
23.1553	-0.00000173
23.1603	-0.00000125
23.1653	-0.00000081
23.1703	-0.00000037
23.1753	-0.00000149
23.1803	-0.00000109
23.1854	-0.00000192
23.1898	-0.00000187
23.1956	-0.00000195
23.2007	-0.00000245
23.2056	-0.00000017
23.2108	0.00000005
23.2155	-0.00000076
23.2201	-0.00000003
23.2250	-0.00000223
23.2300	-0.00000350
23.2348	-0.00000378
23.2398	-0.00000230
23.2448	-0.00000256
23.2498	0.00000064
23.2550	0.00000055
23.2597	0.00000088
23.2647	0.00000280
23.2698	0.00000309
23.2748	0.00000190
23.2798	0.00000200
23.2849	0.00000093
23.2900	-0.00000132
23.2949	-0.00000122
23.2997	0.00000048
23.3043	0.00000082
23.3091	0.00000056
23.3142	0.00000128
23.3192	0.00000210
23.3237	0.00000000
23.3289	0.00000009
23.3330	0.00000054
23.3379	0.00000162
23.3430	0.00000175
23.3478	0.00000111
23.3523	-0.00000019
23.3568	-0.00000049
23.3613	-0.00000152
23.3656	-0.00000016
23.3697	-0.00000180
23.3748	-0.00000024
23.3798	-0.00000222
23.3848	-0.00000136
23.3898	-0.00000063
23.3946	-0.00000051
23.3995	-0.00000079
23.4038	0.00000013
23.4089	0.00000036
23.4142	0.00000041
23.4194	0.00000025
23.4238	-0.00000041
23.4286	-0.00000013
23.4329	0.00000003
23.4379	-0.00000020
23.4430	0.00000106
23.4477	-0.00000093
23.4521	-0.00000048
23.4570	-0.00000218
23.4615	-0.00000194
23.4665	-0.00000095
23.4714	-0.00000192
23.4766	-0.00000123
23.4818	-0.00000199
23.4869	-0.00000168
23.4922	-0.00000228
23.4966	-0.00000174
23.5017	-0.00000200
23.5067	-0.00000172
23.5110	-0.00000013
23.5160	-0.00000144
23.5209	0.00000047
23.5259	0.00000114
23.5311	0.00000065
23.5362	0.00000168
23.5412	0.00000277
23.5463	0.00000534
23.5513	0.00000465
23.5557	0.00000317
23.5606	0.00000127
23.5650	0.00000030
23.5694	-0.00000089
23.5738	-0.00000212
23.5790	-0.00000253
23.5840	-0.00000221
23.5891	0.00000042
23.5933	-0.00000079
23.5981	-0.00000037
23.6031	-0.00000061
23.6081	-0.00000294
23.6126	-0.00000329
23.6174	-0.00000061
23.6225	-0.00000252
23.6276	-0.00000321
23.6329	-0.00000253
23.6376	-0.00000283
23.6431	-0.00000227
23.6479	-0.00000224
23.6529	-0.00000229
23.6579	-0.00000293
23.6624	-0.00000184
23.6669	-0.00000071
23.6719	0.00000009
23.6770	0.00000044
23.6817	0.00000121
23.6868	0.00000180
23.6917	-0.00000066
23.6959	0.00000032
23.7006	-0.00000017
23.7051	-0.00000268
23.7096	-0.00000375
23.7148	-0.00000209
23.7197	-0.00000182
23.7249	-0.00000138
23.7299	-0.00000134
23.7348	-0.00000314
23.7397	-0.00000255
23.7450	-0.00000146
23.7498	0.00000099
23.7548	0.00000127
23.7603	0.00000007
23.7652	0.00000146
23.7703	0.00000022
23.7749	0.00000235
23.7797	0.00000051
23.7849	0.00000123
23.7899	0.00000230
23.7949	0.00000150
23.7996	0.00000027
23.8042	0.00000150
23.8087	0.00000050
23.8137	-0.00000010
23.8187	-0.00000052
23.8237	-0.00000239
23.8287	-0.00000101
23.8336	-0.00000092
23.8386	-0.00000065
23.8431	-0.00000098
23.8483	-0.00000137
23.8534	-0.00000098
23.8586	-0.00000179
23.8636	-0.00000237
23.8687	-0.00000165
23.8730	0.00000043
23.8781	0.00000020
23.8833	0.00000051
23.8884	-0.00000056
23.8930	-0.00000191
23.8985	0.00000047
23.9031	-0.00000010
23.9081	0.00000093
23.9127	-0.00000116
23.9169	-0.00000094
23.9218	-0.00000162
23.9267	-0.00000216
23.9316	-0.00000196
23.9364	-0.00000278
23.9415	-0.00000162
23.9468	-0.00000077
23.9519	0.00000033
23.9570	0.00000043
23.9612	-0.00000012
23.9664	0.00000066
23.9715	0.00000074
23.9759	-0.00000090
23.9808	-0.00000011
23.9860	-0.00000119
23.9910	0.00000010
23.9954	-0.00000151
24.0002	-0.00000099
24.0054	-0.00000134
24.0106	-0.00000189
24.0154	-0.00000021
24.0204	-0.00000054
24.0254	-0.00000194
24.0300	-0.00000237
24.0343	-0.00000199
24.0395	-0.00000247
24.0444	-0.00000364
24.0495	-0.00000258
24.0544	-0.00000351
24.0593	-0.00000239
24.0643	-0.00000227
24.0688	-0.00000284
24.0738	-0.00000412
24.0784	-0.00000320
24.0833	-0.00000236
24.0882	-0.00000219
24.0930	-0.00000211
24.0987	-0.00000210
24.1039	-0.00000222
24.1090	-0.00000096
24.1134	0.00000120
24.1189	-0.00000008
24.1233	0.00000070
24.1277	0.00000095
24.1328	0.00000180
24.1379	0.00000219
24.1429	0.00000215
24.1479	-0.00000026
24.1529	-0.00000043
24.1575	-0.00000129
24.1618	-0.00000083
24.1665	-0.00000187
24.1714	-0.00000136
24.1767	-0.00000112
24.1818	-0.00000156
24.1870	-0.00000105
24.1922	-0.00000184
24.1972	-0.00000074
24.2015	-0.00000053
24.2065	-0.00000046
24.2108	0.00000099
24.2157	0.00000022
24.2207	0.00000029
24.2252	0.00000093
24.2298	0.00000125
24.2342	0.00000183
24.2386	0.00000096
24.2436	0.00000269
24.2488	0.00000213
24.2535	0.00000008
24.2587	0.00000139
24.2635	-0.00000087
24.2678	0.00000052
24.2720	0.00000065
24.2768	0.00000229
24.2818	0.00000226
24.2868	0.00000277
24.2918	0.00000174
24.2966	0.00000169
24.3014	0.00000152
24.3065	-0.00000037
24.3115	-0.00000105
24.3165	-0.00000138
24.3210	-0.00000141
24.3258	-0.00000093
24.3306	0.00000098
24.3359	0.00000125
24.3406	0.00000279
24.3448	0.00000324
24.3498	0.00000199
24.3548	0.00000217
24.3591	0.00000120
24.3634	-0.00000053
24.3683	0.00000058
24.3734	0.00000240
24.3784	0.00000051
24.3834	-0.00000046
24.3876	-0.00000056
24.3919	-0.00000027
24.3972	-0.00000159
24.4019	-0.00000029
24.4069	-0.00000042
24.4119	-0.00000058
24.4165	0.00000127
24.4215	-0.00000097
24.4260	0.00000000
24.4309	-0.00000036
24.4358	0.00000014
24.4411	0.00000035
24.4455	-0.00000041
24.4508	-0.00000025
24.4555	-0.00000129
24.4606	0.00000012
24.4655	0.00000034
24.4705	0.00000021
24.4750	-0.00000034
24.4799	-0.00000082
24.4850	-0.00000092
24.4902	-0.00000117
24.4952	-0.00000053
24.4995	0.00000108
24.5046	0.00000152
24.5095	0.00000181
24.5140	0.00000263
24.5188	0.00000292
24.5240	0.00000166
24.5291	0.00000075
24.5344	0.00000052
24.5391	-0.00000184
24.5442	-0.00000253
24.5491	-0.00000145
24.5541	-0.00000176
24.5593	-0.00000127
24.5637	-0.00000007
24.5688	-0.00000144
24.5739	-0.00000213
24.5790	-0.00000248
24.5839	-0.00000324
24.5889	-0.00000417
24.5935	-0.00000308
24.5978	-0.00000227
24.6023	-0.00000364
24.6076	-0.00000141
24.6125	-0.00000139
24.6169	-0.00000320
24.6216	-0.00000200
24.6260	-0.00000179
24.6311	-0.00000284
24.6354	-0.00000415
24.6405	-0.00000390
24.6456	-0.00000261
24.6505	-0.00000328
24.6554	-0.00000397
24.6606	-0.00000310
24.6654	-0.00000244
24.6701	-0.00000189
24.6744	-0.00000352
24.6797	-0.00000197
24.6844	-0.00000235
24.6893	-0.00000218
24.6935	-0.00000160
24.6978	0.00000087
24.7031	-0.00000026
24.7074	0.00000016
24.7122	0.00000016
24.7169	-0.00000129
24.7220	-0.00000027
24.7264	0.00000019
24.7313	0.00000026
24.7357	0.00000069
24.7407	0.00000076
24.7458	0.00000169
24.7508	0.00000162
24.7556	0.00000033
24.7610	-0.00000023
24.7653	0.00000030
24.7696	-0.00000032
24.7746	0.00000019
24.7796	-0.00000095
24.7847	0.00000110
24.7897	0.00000104
24.7941	-0.00000010
24.7985	-0.00000115
24.8033	-0.00000065
24.8084	0.00000037
24.8132	0.00000192
24.8183	0.00000023
24.8233	-0.00000049
24.8283	-0.00000156
24.8334	-0.00000135
24.8377	-0.00000033
24.8427	0.00000156
24.8475	0.00000220
24.8527	0.00000073
24.8577	-0.00000004
24.8628	0.00000061
24.8671	0.00000061
24.8717	0.00000129
24.8767	0.00000008
24.8818	-0.00000029
24.8867	-0.00000014
24.8918	0.00000045
24.8967	0.00000201
24.9014	0.00000165
24.9065	0.00000042
24.9112	-0.00000215
24.9162	-0.00000134
24.9206	-0.00000068
24.9256	-0.00000124
24.9309	-0.00000055
24.9359	0.00000104
24.9408	-0.00000155
24.9452	0.00000076
24.9503	0.00000223
24.9553	0.00000161
24.9603	-0.00000093
24.9653	0.00000174
24.9702	0.00000172
24.9752	0.00000067
24.9802	0.00000168
24.9846	-0.00000078
24.9891	-0.00000219
24.9936	-0.00000106
24.9987	-0.00000049
25.0033	0.00000041
25.0083	-0.00000077
25.0132	-0.00000037
25.0182	-0.00000038
25.0233	-0.00000024
25.0282	-0.00000025
25.0333	0.00000052
25.0379	0.00000024
25.0423	0.00000077
25.0470	-0.00000009
25.0513	0.00000086
25.0564	-0.00000076
25.0614	-0.00000183
25.0665	-0.00000022
25.0712	0.00000126
25.0757	0.00000262
25.0805	0.00000121
25.0849	0.00000265
25.0901	0.00000343
25.0944	0.00000292
25.0994	0.00000064
25.1042	0.00000110
25.1088	-0.00000024
25.1137	0.00000150
25.1180	0.00000233
25.1230	0.00000217
25.1273	0.00000194
25.1315	0.00000178
25.1365	0.00000106
25.1415	0.00000096
25.1459	0.00000257
25.1508	0.00000325
25.1557	0.00000295
25.1611	0.00000352
25.1656	0.00000517
25.1702	0.00000486
25.1752	0.00000295
25.1797	0.00000292
25.1851	0.00000279
25.1900	0.00000362
25.1949	0.00000211
25.1994	0.00000136
25.2037	0.00000191
25.2086	0.00000186
25.2137	0.00000119
25.2188	-0.00000117
25.2238	-0.00000294
25.2281	-0.00000395
25.2328	-0.00000349
25.2380	-0.00000202
25.2424	-0.00000004
25.2473	-0.00000166
25.2523	-0.00000130
25.2573	-0.00000188
25.2616	-0.00000137
25.2666	-0.00000148
25.2710	-0.00000087
25.2758	-0.00000126
25.2810	-0.00000248
25.2859	-0.00000307
25.2910	-0.00000301
25.2960	-0.00000133
25.3009	-0.00000163
25.3059	-0.00000219
25.3108	-0.00000132
25.3158	-0.00000018
25.3208	-0.00000158
25.3258	-0.00000258
25.3307	-0.00000174
25.3350	0.00000120
25.3399	0.00000036
25.3450	0.00000061
25.3499	0.00000151
25.3545	-0.00000006
25.3588	0.00000031
25.3638	0.00000091
25.3681	0.00000031
25.3729	0.00000013
25.3780	-0.00000056
25.3829	0.00000022
25.3879	-0.00000040
25.3923	-0.00000053
25.3973	0.00000050
25.4029	0.00000018
25.4079	-0.00000009
25.4128	-0.00000065
25.4179	-0.00000103
25.4230	-0.00000068
25.4280	-0.00000257
25.4330	-0.00000146
25.4381	-0.00000136
25.4431	-0.00000134
25.4473	-0.00000084
25.4524	0.00000022
25.4574	0.00000089
25.4616	-0.00000107
25.4659	-0.00000105
25.4710	0.00000238
25.4761	0.00000192
25.4810	0.00000275
25.4859	0.00000251
25.4901	0.00000130
25.4950	0.00000053
25.5002	0.00000078
25.5047	0.00000012
25.5099	-0.00000060
25.5148	-0.00000229
25.5192	-0.00000120
25.5244	-0.00000100
25.5288	-0.00000251
25.5339	0.00000318
25.5389	-0.00000251
25.5439	-0.00000027
25.5491	-0.00000674
25.5544	-0.00000543
25.5592	-0.00000528
25.5643	-0.00000182
25.5693	0.00000178
25.5746	-0.00000186
25.5792	-0.00000213
25.5843	0.00000089
25.5894	-0.00000230
25.5945	0.00000056
25.5995	0.00000005
25.6042	0.00000099
25.6093	0.00000011
25.6143	-0.00000445
25.6192	-0.00000397
25.6244	0.00000054
25.6291	-0.00000464
25.6343	-0.00000476
25.6392	-0.00000292
25.6443	-0.00000229
25.6493	-0.00000015
25.6543	-0.00000285
25.6591	-0.00000022
25.6642	-0.00000077
25.6693	-0.00000100
25.6744	-0.00000305
25.6790	-0.00000196
25.6842	0.00000028
25.6896	-0.00000061
25.6947	-0.00000020
25.6997	-0.00000191
25.7046	0.00000071
25.7092	-0.00000081
25.7144	0.00000268
25.7193	0.00000065
25.7243	-0.00000350
25.7291	-0.00000447
25.7344	-0.00000225
25.7394	-0.00000157
25.7443	-0.00000393
25.7493	-0.00000232
25.7541	-0.00000371
25.7594	-0.00000567
25.7643	-0.00000532
25.7693	0.00000038
25.7752	-0.00000229
25.7802	0.00000324
25.7845	0.00000025
25.7898	-0.00000092
25.7942	0.00000036
25.7985	-0.00000080
25.8037	-0.00000085
25.8084	-0.00000416
25.8132	-0.00000013
25.8183	-0.00000015
25.8235	-0.00000017
25.8283	-0.00000381
25.8335	-0.00000435
25.8386	-0.00000315
25.8431	-0.00000180
25.8482	-0.00000105
25.8524	-0.00000157
25.8574	-0.00000237
25.8624	-0.00000127
25.8674	-0.00000017
25.8724	-0.00000358
25.8767	-0.00000056
25.8810	-0.00000031
25.8862	-0.00000449
25.8914	-0.00000528
25.8962	-0.00000068
25.9013	-0.00000494
25.9060	-0.00000253
25.9112	-0.00000323
25.9175	-0.00000496
25.9224	-0.00000325
25.9267	-0.00000359
25.9317	-0.00000429
25.9370	-0.00000113
25.9420	0.00000420
25.9467	-0.00000235
25.9513	-0.00000067
25.9564	0.00000200
25.9610	-0.00000153
25.9662	0.00000162
25.9712	-0.00000054
25.9762	-0.00000238
25.9811	0.00000147
25.9860	0.00000311
25.9910	0.00000010
25.9954	0.00000430
26.0006	0.00000086
26.0051	0.00000225
26.0093	-0.00000214
26.0139	0.00000219
26.0188	-0.00000035
26.0244	-0.00000179
26.0291	-0.00000195
26.0340	-0.00000182
26.0393	-0.00000380
26.0441	-0.00000200
26.0498	0.00000379
26.0542	-0.00000055
26.0594	0.00000224
26.0644	0.00000352
26.0689	0.00000231
26.0735	-0.00000326
26.0783	-0.00000010
26.0832	0.00000461
26.0882	0.00000355
26.0925	0.00000045
26.0974	0.00000044
26.1022	-0.00000006
26.1071	0.00000151
26.1118	0.00000440
26.1169	0.00000424
26.1211	-0.00000006
26.1256	-0.00000007
26.1298	0.00000063
26.1346	-0.00000257
26.1388	-0.00000253
26.1438	-0.00000158
26.1503	-0.00000357
26.1546	0.00000037
26.1598	-0.00000060
26.1641	0.00000087
26.1693	0.00000218
26.1742	-0.00000079
26.1792	-0.00000086
26.1842	-0.00000296
26.1889	-0.00000876
26.1940	-0.00000647
26.1994	-0.00000313
26.2044	-0.00000069
26.2092	-0.00000218
26.2141	-0.00000523
26.2188	-0.00000010
26.2239	-0.00000321
26.2288	-0.00000055
26.2339	0.00000118
26.2390	-0.00000265
26.2438	0.00000101
26.2480	-0.00000276
26.2530	-0.00000646
26.2575	-0.00000316
26.2617	-0.00000011
26.2669	-0.00000315
26.2712	-0.00000252
26.2756	-0.00000368
26.2801	-0.00000467
26.2853	-0.00000509
26.2901	-0.00000357
26.2953	-0.00000256
26.3005	-0.00000387
26.3055	-0.00000735
26.3104	-0.00000646
26.3161	-0.00000325
26.3212	-0.00000070
26.3262	-0.00000456
26.3307	-0.00000157
26.3349	-0.00000374
26.3399	-0.00000061
26.3447	0.00000004
26.3498	-0.00000356
26.3539	-0.00000632
26.3589	-0.00000476
26.3639	-0.00000347
26.3689	0.00000086
26.3734	-0.00000448
26.3783	-0.00000160
26.3833	-0.00000639
26.3884	-0.00000103
26.3934	-0.00000041
26.3995	-0.00000305
26.4036	0.00000141
26.4085	0.00000392
26.4136	0.00000060
26.4183	0.00000035
26.4226	0.00000126
26.4271	0.00000246
26.4326	0.00000065
26.4372	-0.00000554
26.4422	0.00000295
26.4472	-0.00000105
26.4523	-0.00000304
26.4565	0.00000056
26.4614	-0.00000349
26.4676	0.00000253
26.4725	-0.00000226
26.4775	-0.00000162
26.4824	-0.00000487
26.4874	-0.00000057
26.4925	-0.00000684
26.4974	-0.00000490
26.5022	-0.00000314
26.5073	-0.00000131
26.5122	0.00000050
26.5167	-0.00000423
26.5218	-0.00000031
26.5267	-0.00000532
26.5327	-0.00000871
26.5370	-0.00000523
26.5420	-0.00000407
26.5470	-0.00000791
26.5521	-0.00000970
26.5572	-0.00000561
26.5620	-0.00000265
26.5666	-0.00000423
26.5717	-0.00000706
26.5766	-0.00000653
26.5830	-0.00000359
26.5876	-0.00000119
26.5930	-0.00000389
26.5978	-0.00000597
26.6031	-0.00000606
26.6077	-0.00000650
26.6125	-0.00000645
26.6184	-0.00000430
26.6235	-0.00000712
26.6286	-0.00000399
26.6350	-0.00000356
26.6396	-0.00000160
26.6446	-0.00000543
26.6530	-0.00000135
26.6579	-0.00000249
26.6627	0.00000103
26.6682	-0.00000352
26.6727	-0.00000231
26.6776	-0.00000085
26.6829	-0.00000320
26.6877	-0.00000580
26.6926	-0.00000478
26.6975	-0.00000500
26.7026	-0.00000327
26.7075	-0.00000483
26.7125	-0.00000190
26.7174	-0.00000755
26.7227	-0.00000144
26.7275	-0.00000533
26.7326	-0.00000271
26.7377	-0.00000472
26.7425	-0.00000378
26.7475	-0.00000257
26.7527	-0.00000405
26.7577	-0.00000126
26.7624	-0.00000216
26.7678	-0.00000322
26.7725	-0.00000219
26.7774	-0.00000548
26.7829	-0.00000636
26.7878	-0.00000303
26.7927	-0.00000229
26.7977	-0.00000429
26.8028	-0.00000545
26.8074	-0.00000582
26.8126	-0.00000895
26.8174	-0.00000937
26.8226	-0.00000826
26.8274	-0.00000708
26.8329	-0.00000867
26.8375	-0.00001047
26.8425	-0.00000683
26.8473	-0.00000433
26.8523	-0.00000671
26.8575	-0.00000279
26.8624	-0.00000537
26.8674	-0.00000654
26.8727	-0.00000933
26.8774	-0.00000607
26.8824	-0.00000553
26.8874	-0.00000499
26.8927	-0.00000916
26.8976	-0.00000707
26.9028	-0.00000595
26.9073	-0.00001142
26.9122	-0.00000562
26.9172	-0.00000691
26.9224	-0.00000979
26.9272	-0.00000802
26.9325	-0.00000724
26.9373	-0.00000535
26.9424	-0.00000791
26.9471	-0.00000343
26.9514	-0.00000491
26.9563	-0.00000926
26.9612	-0.00000452
26.9662	-0.00000471
26.9708	-0.00000243
26.9759	-0.00000356
26.9805	-0.00000471
26.9855	-0.00000476
26.9905	-0.00000189
26.9947	-0.00000598
26.9998	-0.00000591
27.0048	-0.00000420
27.0095	-0.00000623
27.0144	-0.00000711
27.0194	-0.00000764
27.0247	-0.00001099
27.0298	-0.00000921
27.0345	-0.00000934
27.0388	-0.00001105
27.0430	-0.00001294
27.0491	-0.00001030
27.0535	-0.00001035
27.0576	-0.00001210
27.0626	-0.00000864
27.0675	-0.00001201
27.0726	-0.00001245
27.0775	-0.00000930
27.0826	-0.00000699
27.0875	-0.00000569
27.0927	-0.00000350
27.0989	-0.00000380
27.1030	-0.00000721
27.1077	-0.00000215
27.1123	-0.00001091
27.1171	-0.00001174
27.1219	-0.00000896
27.1270	-0.00000842
27.1324	-0.00000896
27.1370	-0.00000722
27.1416	-0.00000838
27.1465	-0.00000631
27.1518	-0.00000498
27.1560	-0.00000535
27.1608	-0.00000696
27.1660	-0.00000860
27.1708	-0.00000360
27.1750	-0.00000704
27.1799	-0.00000633
27.1847	-0.00000483
27.1890	-0.00000242
27.1940	-0.00000645
27.1991	-0.00000820
27.2042	-0.00000810
27.2088	-0.00000819
27.2139	-0.00001320
27.2189	-0.00001013
27.2235	-0.00000992
27.2287	-0.00001259
27.2333	-0.00000984
27.2382	-0.00000752
27.2432	-0.00000769
27.2484	-0.00000711
27.2532	-0.00000535
27.2576	-0.00000949
27.2623	-0.00001095
27.2674	-0.00000510
27.2724	-0.00000450
27.2774	-0.00001034
27.2822	-0.00000682
27.2867	-0.00000828
27.2916	-0.00000795
27.2964	-0.00000725
27.3013	-0.00000838
27.3064	-0.00000333
27.3109	-0.00000521
27.3155	-0.00001051
27.3196	-0.00000840
27.3245	-0.00000976
27.3287	-0.00000935
27.3338	-0.00000931
27.3379	-0.00000803
27.3430	-0.00001147
27.3488	-0.00001317
27.3541	-0.00001154
27.3590	-0.00001180
27.3640	-0.00000977
27.3691	-0.00000970
27.3739	-0.00001418
27.3788	-0.00000850
27.3839	-0.00001064
27.3891	-0.00000943
27.3935	-0.00000750
27.3986	-0.00001063
27.4036	-0.00001566
27.4081	-0.00001124
27.4132	-0.00000976
27.4183	-0.00000796
27.4232	-0.00001291
27.4282	-0.00001380
27.4332	-0.00001115
27.4381	-0.00001242
27.4433	-0.00000928
27.4490	-0.00001260
27.4543	-0.00001275
27.4586	-0.00001071
27.4634	-0.00001397
27.4688	-0.00001090
27.4729	-0.00000773
27.4778	-0.00000945
27.4826	-0.00001494
27.4877	-0.00001341
27.4926	-0.00001593
27.4988	-0.00001286
27.5039	-0.00001496
27.5095	-0.00001550
27.5138	-0.00001529
27.5182	-0.00001164
27.5228	-0.00001081
27.5276	-0.00000856
27.5320	-0.00001023
27.5375	-0.00000272
27.5421	-0.00000265
27.5471	-0.00000342
27.5516	-0.00000181
27.5569	-0.00000105
27.5611	-0.00000053
27.5654	-0.00000107
27.5704	-0.00000171
27.5753	-0.00000106
27.5802	-0.00000044
27.5846	-0.00000160
27.5890	-0.00000089
27.5942	-0.00000074
27.5993	0.00000122
27.6043	0.00000064
27.6095	0.00000017
27.6140	-0.00000145
27.6190	-0.00000189
27.6239	-0.00000430
27.6289	-0.00000385
27.6331	-0.00000228
27.6380	-0.00000392
27.6431	-0.00000117
27.6480	0.00000028
27.6524	0.00000159
27.6573	0.00000017
27.6625	-0.00000186
27.6676	-0.00000215
27.6725	-0.00000111
27.6774	-0.00000169
27.6818	-0.00000040
27.6869	0.00000131
27.6918	0.00000056
27.6960	0.00000061
27.7005	0.00000013
27.7047	-0.00000057
27.7096	0.00000001
27.7145	-0.00000032
27.7194	0.00000022
27.7244	0.00000091
27.7285	0.00000114
27.7334	0.00000023
27.7384	0.00000138
27.7433	0.00000074
27.7485	-0.00000025
27.7534	-0.00000072
27.7585	-0.00000088
27.7634	0.00000018
27.7684	0.00000021
27.7734	0.00000126
27.7784	0.00000288
27.7836	0.00000359
27.7884	0.00000318
27.7938	0.00000281
27.7984	0.00000202
27.8034	0.00000373
27.8084	0.00000385
27.8132	0.00000190
27.8182	0.00000127
27.8232	-0.00000045
27.8282	0.00000063
27.8332	0.00000030
27.8382	0.00000110
27.8432	0.00000044
27.8481	0.00000078
27.8532	0.00000027
27.8582	0.00000066
27.8633	0.00000078
27.8682	-0.00000053
27.8732	-0.00000110
27.8781	-0.00000273
27.8832	-0.00000174
27.8882	-0.00000062
27.8932	0.00000070
27.8983	0.00000197
27.9033	0.00000177
27.9088	0.00000138
27.9139	0.00000155
27.9189	0.00000168
27.9239	0.00000175
27.9289	0.00000191
27.9339	0.00000253
27.9389	0.00000282
27.9439	0.00000293
27.9489	0.00000030
27.9539	-0.00000011
27.9589	-0.00000017
27.9639	0.00000083
27.9689	0.00000006
27.9739	0.00000058
27.9789	0.00000083
27.9839	0.00000138
27.9889	0.00000323
27.9939	0.00000320
27.9989	0.00000226
28.0039	0.00000210
28.0090	0.00000187
28.0137	0.00000237
28.0187	0.00000205
28.0237	0.00000023
28.0287	0.00000104
28.0337	0.00000088
28.0386	0.00000213
28.0437	0.00000118
28.0487	0.00000114
28.0537	-0.00000016
28.0587	-0.00000084
28.0637	-0.00000013
28.0687	-0.00000037
28.0737	0.00000009
28.0787	-0.00000005
28.0837	0.00000046
28.0885	0.00000017
28.0937	0.00000097
28.0987	0.00000070
28.1037	0.00000024
28.1093	0.00000080
28.1134	0.00000153
28.1184	0.00000045
28.1234	-0.00000129
28.1284	-0.00000110
28.1334	-0.00000200
28.1384	-0.00000164
28.1433	-0.00000054
28.1484	-0.00000077
28.1534	0.00000049
28.1584	0.00000087
28.1635	0.00000049
28.1685	0.00000087
28.1734	-0.00000070
28.1785	-0.00000188
28.1835	-0.00000327
28.1885	-0.00000349
28.1933	-0.00000420
28.1976	-0.00000340
28.2025	-0.00000035
28.2075	-0.00000020
28.2120	0.00000026
28.2170	0.00000129
28.2220	0.00000134
28.2266	-0.00000108
28.2316	-0.00000270
28.2365	-0.00000194
28.2416	-0.00000269
28.2466	-0.00000140
28.2516	-0.00000026
28.2567	0.00000027
28.2617	0.00000052
28.2662	0.00000074
28.2707	0.00000226
28.2755	0.00000188
28.2805	0.00000323
28.2857	0.00000166
28.2906	0.00000118
28.2957	-0.00000090
28.3008	-0.00000196
28.3058	-0.00000133
28.3103	-0.00000065
28.3155	0.00000118
28.3206	0.00000054
28.3255	-0.00000130
28.3305	-0.00000049
28.3355	-0.00000119
28.3405	-0.00000324
28.3455	-0.00000087
28.3505	-0.00000175
28.3555	-0.00000064
28.3605	-0.00000088
28.3655	-0.00000105
28.3704	-0.00000006
28.3756	0.00000046
28.3805	0.00000043
28.3856	-0.00000011
28.3905	-0.00000007
28.3954	-0.00000074
28.3996	-0.00000120
28.4044	-0.00000006
28.4103	0.00000068
28.4154	-0.00000018
28.4202	-0.00000059
28.4253	-0.00000189
28.4303	-0.00000042
28.4355	-0.00000004
28.4404	0.00000167
28.4453	0.00000141
28.4504	0.00000276
28.4553	0.00000232
28.4603	0.00000333
28.4653	-0.00000026
28.4704	-0.00000038
28.4754	-0.00000074
28.4803	-0.00000002
28.4854	0.00000015
28.4904	-0.00000013
28.4952	0.00000007
28.5004	0.00000060
28.5056	-0.00000045
28.5103	-0.00000003
28.5150	0.00000196
28.5201	0.00000087
28.5249	0.00000118
28.5299	0.00000065
28.5349	0.00000063
28.5399	0.00000200
28.5448	0.00000168
28.5499	0.00000218
28.5548	0.00000078
28.5598	-0.00000084
28.5649	-0.00000209
28.5699	-0.00000130
28.5749	-0.00000104
28.5799	-0.00000081
28.5848	0.00000004
28.5899	0.00000021
28.5949	-0.00000011
28.6000	-0.00000118
28.6048	-0.00000009
28.6090	0.00000185
28.6137	-0.00000005
28.6188	-0.00000042
28.6236	0.00000020
28.6288	0.00000121
28.6337	0.00000124
28.6387	0.00000183
28.6436	0.00000206
28.6487	0.00000180
28.6535	0.00000352
28.6587	0.00000164
28.6637	0.00000261
28.6687	0.00000146
28.6737	0.00000092
28.6786	0.00000151
28.6839	-0.00000019
28.6891	0.00000173
28.6936	0.00000060
28.6979	0.00000027
28.7027	0.00000034
28.7079	0.00000213
28.7129	0.00000276
28.7181	0.00000328
28.7234	0.00000190
28.7280	0.00000169
28.7330	0.00000330
28.7381	0.00000393
28.7430	0.00000265
28.7482	0.00000429
28.7531	0.00000363
28.7580	0.00000232
28.7630	0.00000162
28.7681	0.00000143
28.7730	0.00000235
28.7780	0.00000355
28.7831	0.00000490
28.7882	0.00000487
28.7930	0.00000271
28.7982	0.00000164
28.8032	0.00000146
28.8082	0.00000245
28.8130	0.00000120
28.8181	0.00000153
28.8229	0.00000135
28.8279	0.00000028
28.8330	0.00000110
28.8379	0.00000203
28.8429	0.00000219
28.8479	0.00000182
28.8528	0.00000200
28.8579	0.00000169
28.8629	0.00000030
28.8679	0.00000009
28.8728	-0.00000149
28.8779	-0.00000068
28.8829	-0.00000001
28.8881	-0.00000041
28.8928	-0.00000016
28.8971	0.00000065
28.9020	0.00000084
28.9070	-0.00000113
28.9116	-0.00000149
28.9167	-0.00000254
28.9217	-0.00000058
28.9266	-0.00000135
28.9318	-0.00000095
28.9367	0.00000021
28.9417	0.00000168
28.9466	0.00000114
28.9519	0.00000107
28.9568	0.00000045
28.9619	-0.00000048
28.9667	-0.00000049
28.9717	-0.00000002
28.9766	0.00000009
28.9816	-0.00000013
28.9865	0.00000091
28.9916	0.00000167
28.9965	-0.00000013
29.0007	0.00000166
29.0057	-0.00000012
29.0107	-0.00000104
29.0157	-0.00000133
29.0204	-0.00000037
29.0255	-0.00000135
29.0305	-0.00000160
29.0355	-0.00000017
29.0405	0.00000065
29.0455	0.00000017
29.0505	0.00000218
29.0553	0.00000134
29.0596	0.00000011
29.0645	0.00000063
29.0697	0.00000149
29.0745	0.00000255
29.0795	0.00000158
29.0845	0.00000136
29.0894	0.00000312
29.0945	0.00000534
29.0996	0.00000194
29.1046	0.00000151
29.1096	0.00000178
29.1144	0.00000026
29.1194	-0.00000121
29.1243	-0.00000074
29.1293	-0.00000201
29.1343	-0.00000088
29.1394	0.00000060
29.1443	0.00000186
29.1493	0.00000186
29.1544	0.00000195
29.1593	0.00000208
29.1644	0.00000254
29.1694	0.00000271
29.1743	0.00000132
29.1793	0.00000230
29.1843	0.00000210
29.1894	0.00000404
29.1944	0.00000421
29.1995	0.00000271
29.2045	0.00000240
29.2094	0.00000307
29.2141	0.00000350
29.2192	0.00000246
29.2240	0.00000223
29.2292	0.00000093
29.2342	0.00000063
29.2391	0.00000083
29.2442	0.00000105
29.2492	0.00000108
29.2542	0.00000032
29.2592	-0.00000007
29.2642	-0.00000148
29.2694	-0.00000106
29.2741	-0.00000084
29.2792	0.00000224
29.2842	0.00000250
29.2892	0.00000422
29.2942	0.00000439
29.2993	0.00000398
29.3043	0.00000498
29.3092	0.00000348
29.3141	0.00000228
29.3191	0.00000157
29.3240	0.00000053
29.3291	0.00000066
29.3341	0.00000103
29.3391	0.00000123
29.3441	0.00000124
29.3491	0.00000228
29.3541	0.00000088
29.3589	-0.00000084
29.3640	-0.00000173
29.3691	-0.00000096
29.3741	0.00000059
29.3791	0.00000038
29.3840	0.00000051
29.3891	0.00000011
29.3941	-0.00000005
29.3993	-0.00000099
29.4043	0.00000026
29.4093	-0.00000040
29.4139	-0.00000085
29.4188	-0.00000173
29.4240	-0.00000383
29.4291	-0.00000381
29.4340	-0.00000152
29.4390	-0.00000176
29.4440	-0.00000050
29.4490	0.00000079
29.4540	0.00000141
29.4590	0.00000046
29.4640	0.00000065
29.4691	0.00000120
29.4741	0.00000288
29.4792	0.00000236
29.4839	0.00000186
29.4890	0.00000123
29.4941	0.00000147
29.4992	0.00000210
29.5041	0.00000079
29.5092	0.00000108
29.5139	0.00000006
29.5189	-0.00000054
29.5239	-0.00000021
29.5288	-0.00000039
29.5338	-0.00000028
29.5389	0.00000058
29.5439	0.00000023
29.5488	-0.00000045
29.5539	-0.00000098
29.5589	0.00000077
29.5637	0.00000130
29.5689	0.00000048
29.5739	0.00000049
29.5788	-0.00000008
29.5838	0.00000091
29.5888	-0.00000016
29.5938	0.00000102
29.5989	0.00000049
29.6039	0.00000086
29.6089	0.00000191
29.6138	0.00000117
29.6183	-0.00000017
29.6232	0.00000067
29.6282	0.00000017
29.6333	0.00000247
29.6383	0.00000236
29.6431	0.00000254
29.6481	0.00000158
29.6532	0.00000176
29.6583	0.00000105
29.6631	0.00000093
29.6683	0.00000209
29.6733	0.00000237
29.6781	0.00000287
29.6833	0.00000163
29.6881	-0.00000045
29.6930	-0.00000152
29.6981	-0.00000185
29.7025	-0.00000164
29.7074	-0.00000038
29.7126	-0.00000167
29.7173	-0.00000049
29.7222	-0.00000014
29.7269	0.00000049
29.7321	-0.00000015
29.7370	0.00000030
29.7422	0.00000124
29.7470	0.00000132
29.7521	0.00000159
29.7571	0.00000152
29.7621	0.00000140
29.7672	0.00000065
29.7721	0.00000163
29.7770	0.00000102
29.7821	0.00000199
29.7871	0.00000108
29.7922	0.00000040
29.7970	0.00000132
29.8022	0.00000043
29.8071	0.00000031
29.8120	-0.00000065
29.8169	-0.00000045
29.8218	-0.00000025
29.8267	0.00000115
29.8318	0.00000152
29.8369	0.00000100
29.8418	0.00000153
29.8467	0.00000300
29.8518	0.00000179
29.8568	0.00000246
29.8619	0.00000069
29.8668	-0.00000038
29.8718	0.00000181
29.8768	0.00000096
29.8817	0.00000007
29.8869	-0.00000068
29.8918	-0.00000182
29.8967	0.00000005
29.9010	0.00000020
29.9059	0.00000126
29.9107	0.00000049
29.9156	0.00000104
29.9207	0.00000035
29.9256	0.00000183
29.9305	0.00000129
29.9357	0.00000230
29.9406	0.00000273
29.9456	0.00000323
29.9506	0.00000318
29.9556	0.00000294
29.9606	0.00000174
29.9656	-0.00000019
29.9707	0.00000042
29.9756	0.00000063
29.9805	0.00000195
29.9857	0.00000331
29.9906	0.00000198
29.9956	0.00000162
30.0009	0.00000187
30.0057	0.00000165
30.0107	0.00000268
30.0174	0.00000282
30.0222	0.00000168
30.0269	0.00000303
30.0320	0.00000330
30.0370	0.00000356
30.0421	0.00000225
30.0471	0.00000124
30.0520	0.00000149
30.0570	-0.00000051
30.0619	-0.00000105
30.0670	-0.00000283
30.0721	-0.00000229
30.0771	-0.00000096
30.0820	-0.00000035
30.0870	0.00000027
30.0921	-0.00000107
30.0971	-0.00000234
30.1022	-0.00000109
30.1071	-0.00000086
30.1122	0.00000048
30.1167	0.00000025
30.1219	0.00000128
30.1271	0.00000211
30.1319	0.00000182
30.1370	0.00000077
30.1420	0.00000276
30.1468	0.00000274
30.1519	0.00000414
30.1570	0.00000233
30.1620	0.00000237
30.1670	0.00000342
30.1719	0.00000302
30.1768	0.00000258
30.1819	0.00000307
30.1869	0.00000107
30.1923	0.00000094
30.1969	0.00000147
30.2017	0.00000031
30.2068	0.00000085
30.2119	0.00000092
30.2165	0.00000209
30.2217	0.00000102
30.2266	0.00000017
30.2315	0.00000026
30.2366	0.00000319
30.2417	0.00000483
30.2466	0.00000539
30.2517	0.00000505
30.2566	0.00000432
30.2617	0.00000322
30.2666	0.00000096
30.2717	-0.00000056
30.2768	-0.00000125
30.2818	-0.00000035
30.2868	-0.00000058
30.2917	-0.00000144
30.2967	-0.00000218
30.3018	-0.00000196
30.3068	-0.00000226
30.3118	-0.00000174
30.3164	-0.00000177
30.3215	-0.00000214
30.3265	-0.00000316
30.3315	-0.00000371
30.3365	-0.00000265
30.3415	-0.00000335
30.3465	-0.00000191
30.3515	-0.00000158
30.3565	-0.00000090
30.3615	0.00000060
30.3665	0.00000097
30.3716	0.00000198
30.3764	0.00000257
30.3815	0.00000236
30.3865	0.00000067
30.3915	0.00000141
30.3965	0.00000074
30.4015	0.00000025
30.4066	0.00000207
30.4116	0.00000030
30.4163	0.00000051
30.4214	-0.00000125
30.4263	-0.00000259
30.4313	-0.00000223
30.4364	-0.00000025
30.4414	-0.00000043
30.4464	-0.00000037
30.4514	-0.00000049
30.4563	0.00000070
30.4614	-0.00000013
30.4663	-0.00000047
30.4716	-0.00000216
30.4765	-0.00000246
30.4814	-0.00000250
30.4867	-0.00000418
30.4915	-0.00000341
30.4965	-0.00000218
30.5015	-0.00000089
30.5066	-0.00000003
30.5116	-0.00000104
30.5162	-0.00000072
30.5213	-0.00000113
30.5261	0.00000081
30.5313	0.00000047
30.5362	0.00000205
30.5413	0.00000056
30.5463	0.00000017
30.5514	-0.00000050
30.5562	-0.00000107
30.5613	0.00000017
30.5663	0.00000049
30.5713	-0.00000055
30.5762	-0.00000060
30.5813	-0.00000067
30.5863	-0.00000153
30.5912	-0.00000142
30.5963	-0.00000362
30.6013	-0.00000261
30.6064	-0.00000371
30.6114	-0.00000424
30.6163	-0.00000134
30.6211	0.00000018
30.6261	0.00000077
30.6310	-0.00000046
30.6360	0.00000034
30.6411	-0.00000118
30.6462	-0.00000202
30.6511	-0.00000193
30.6561	-0.00000090
30.6611	-0.00000014
30.6661	-0.00000128
30.6711	-0.00000203
30.6760	-0.00000269
30.6811	-0.00000262
30.6860	-0.00000069
30.6910	0.00000106
30.6961	0.00000063
30.7011	0.00000167
30.7061	0.00000085
30.7112	0.00000174
30.7162	0.00000036
30.7210	0.00000107
30.7258	0.00000215
30.7299	0.00000095
30.7350	0.00000002
30.7400	0.00000087
30.7450	0.00000306
30.7500	0.00000278
30.7550	0.00000242
30.7600	0.00000196
30.7650	0.00000067
30.7700	0.00000028
30.7751	0.00000195
30.7800	0.00000195
30.7851	0.00000191
30.7900	0.00000120
30.7950	0.00000137
30.7999	0.00000080
30.8050	0.00000174
30.8101	0.00000141
30.8151	0.00000206
30.8198	0.00000152
30.8248	0.00000156
30.8297	0.00000126
30.8348	0.00000035
30.8398	0.00000147
30.8448	0.00000081
30.8498	-0.00000002
30.8548	0.00000063
30.8598	0.00000103
30.8647	-0.00000005
30.8698	0.00000240
30.8748	0.00000144
30.8799	0.00000092
30.8848	0.00000051
30.8898	-0.00000009
30.8949	0.00000065
30.9001	-0.00000035
30.9050	-0.00000029
30.9101	-0.00000111
30.9150	0.00000123
30.9197	-0.00000015
30.9246	-0.00000103
30.9296	-0.00000093
30.9346	-0.00000100
30.9397	-0.00000185
30.9447	-0.00000058
30.9497	-0.00000086
30.9547	-0.00000106
30.9597	-0.00000079
30.9646	-0.00000038
30.9697	-0.00000146
30.9747	-0.00000171
30.9798	-0.00000158
30.9847	-0.00000146
30.9897	-0.00000168
30.9949	-0.00000137
30.9998	-0.00000256
31.0049	-0.00000429
31.0097	-0.00000252
31.0148	-0.00000199
31.0196	-0.00000371
31.0245	-0.00000262
31.0297	-0.00000342
31.0345	-0.00000287
31.0395	-0.00000267
31.0445	-0.00000019
31.0495	-0.00000062
31.0545	-0.00000054
31.0596	-0.00000145
31.0645	-0.00000184
31.0696	-0.00000102
31.0745	-0.00000110
31.0797	-0.00000071
31.0845	0.00000045
31.0895	-0.00000034
31.0945	0.00000008
31.0995	-0.00000091
31.1046	-0.00000006
31.1096	-0.00000134
31.1146	-0.00000220
31.1194	-0.00000220
31.1244	-0.00000202
31.1295	-0.00000181
31.1345	-0.00000348
31.1394	-0.00000238
31.1444	-0.00000279
31.1493	-0.00000195
31.1544	-0.00000156
31.1593	-0.00000186
31.1643	-0.00000218
31.1694	-0.00000197
31.1743	-0.00000109
31.1793	-0.00000276
31.1842	-0.00000103
31.1894	-0.00000074
31.1945	-0.00000066
31.1994	-0.00000049
31.2044	-0.00000130
31.2094	-0.00000013
31.2143	0.00000139
31.2192	-0.00000029
31.2242	-0.00000021
31.2292	0.00000078
31.2342	0.00000199
31.2391	-0.00000005
31.2442	-0.00000086
31.2492	-0.00000122
31.2542	-0.00000079
31.2591	-0.00000069
31.2642	0.00000047
31.2692	0.00000024
31.2742	-0.00000050
31.2792	-0.00000198
31.2842	-0.00000077
31.2891	-0.00000033
31.2942	-0.00000011
31.2993	0.00000104
31.3043	0.00000284
31.3093	0.00000157
31.3143	0.00000034
31.3191	0.00000141
31.3241	0.00000209
31.3290	0.00000210
31.3340	0.00000102
31.3391	0.00000356
31.3441	0.00000187
31.3491	0.00000119
31.3541	0.00000073
31.3589	-0.00000006
31.3641	0.00000088
31.3691	0.00000040
31.3741	0.00000079
31.3791	0.00000060
31.3842	0.00000027
31.3891	0.00000079
31.3941	0.00000179
31.3991	0.00000132
31.4042	0.00000055
31.4092	0.00000047
31.4142	-0.00000057
31.4188	-0.00000103
31.4239	-0.00000347
31.4290	-0.00000221
31.4340	-0.00000158
31.4389	-0.00000200
31.4439	-0.00000084
31.4490	-0.00000157
31.4539	-0.00000210
31.4588	-0.00000290
31.4640	-0.00000186
31.4690	0.00000034
31.4740	-0.00000022
31.4789	-0.00000012
31.4840	-0.00000183
31.4884	-0.00000083
31.4929	0.00000005
31.4979	0.00000121
31.5030	-0.00000010
31.5079	0.00000268
31.5130	0.00000058
31.5187	-0.00000156
31.5238	-0.00000068
31.5288	-0.00000015
31.5347	-0.00000015
31.5398	-0.00000155
31.5448	-0.00000026
31.5498	0.00000037
31.5547	0.00000067
31.5599	-0.00000059
31.5648	-0.00000121
31.5698	-0.00000127
31.5747	-0.00000006
31.5798	0.00000054
31.5848	-0.00000047
31.5898	-0.00000108
31.5948	-0.00000103
31.5998	-0.00000133
31.6049	-0.00000063
31.6100	-0.00000224
31.6150	-0.00000177
31.6196	-0.00000307
31.6246	-0.00000249
31.6297	-0.00000252
31.6348	-0.00000228
31.6397	-0.00000263
31.6447	-0.00000223
31.6497	-0.00000141
31.6548	-0.00000047
31.6597	-0.00000058
31.6646	0.00000027
31.6697	0.00000208
31.6746	0.00000023
31.6797	-0.00000080
31.6845	0.00000091
31.6896	-0.00000004
31.6946	-0.00000003
31.6997	-0.00000087
31.7051	-0.00000135
31.7098	0.00000026
31.7148	-0.00000171
31.7195	-0.00000032
31.7244	0.00000125
31.7296	0.00000070
31.7345	0.00000037
31.7395	0.00000055
31.7445	0.00000031
31.7493	-0.00000205
31.7545	-0.00000181
31.7594	-0.00000130
31.7646	-0.00000183
31.7695	-0.00000123
31.7745	-0.00000052
31.7796	0.00000005
31.7845	0.00000036
31.7896	0.00000012
31.7945	-0.00000038
31.7995	-0.00000040
31.8045	-0.00000113
31.8096	-0.00000143
31.8147	-0.00000107
31.8196	-0.00000159
31.8243	0.00000045
31.8294	0.00000113
31.8342	0.00000231
31.8395	0.00000041
31.8444	0.00000233
31.8494	0.00000221
31.8545	0.00000127
31.8594	0.00000192
31.8644	0.00000287
31.8694	0.00000177
31.8743	0.00000113
31.8793	-0.00000006
31.8843	-0.00000072
31.8894	0.00000058
31.8944	0.00000031
31.8993	-0.00000025
31.9044	0.00000112
31.9094	0.00000074
31.9146	0.00000063
31.9201	0.00000214
31.9251	0.00000052
31.9303	0.00000025
31.9352	-0.00000230
31.9403	-0.00000245
31.9453	-0.00000115
31.9503	-0.00000138
31.9551	-0.00000146
31.9604	-0.00000108
31.9651	-0.00000161
31.9704	-0.00000164
31.9750	-0.00000120
31.9793	-0.00000102
31.9843	-0.00000218
31.9893	-0.00000248
31.9943	-0.00000224
31.9992	-0.00000222
32.0041	-0.00000155
32.0093	-0.00000143
32.0143	-0.00000074
32.0193	-0.00000008
32.0241	0.00000085
32.0290	0.00000062
32.0340	-0.00000185
32.0389	-0.00000151
32.0440	-0.00000122
32.0490	-0.00000132
32.0540	-0.00000069
32.0589	0.00000008
32.0639	0.00000080
32.0690	0.00000041
32.0742	0.00000072
32.0791	0.00000016
32.0840	0.00000001
32.0890	0.00000082
32.0940	-0.00000066
32.0990	-0.00000262
32.1040	-0.00000163
32.1091	-0.00000184
32.1142	-0.00000199
32.1192	-0.00000298
32.1239	-0.00000113
32.1289	-0.00000121
32.1339	0.00000032
32.1390	0.00000084
32.1439	-0.00000140
32.1489	-0.00000051
32.1539	-0.00000167
32.1587	-0.00000029
32.1639	-0.00000002
32.1689	-0.00000061
32.1739	0.00000080
32.1789	0.00000046
32.1839	0.00000186
32.1890	0.00000219
32.1939	0.00000139
32.1984	0.00000112
32.2028	0.00000073
32.2069	0.00000097
32.2123	0.00000071
32.2172	0.00000033
32.2222	0.00000146
32.2272	0.00000073
32.2322	-0.00000032
32.2372	0.00000021
32.2419	0.00000179
32.2468	0.00000156
32.2511	0.00000317
32.2555	0.00000119
32.2607	-0.00000042
32.2658	-0.00000096
32.2707	-0.00000187
32.2756	0.00000033
32.2808	-0.00000070
32.2858	0.00000044
32.2910	0.00000007
32.2959	0.00000319
32.3005	0.00000320
32.3055	0.00000273
32.3106	0.00000163
32.3151	0.00000162
32.3196	0.00000158
32.3249	0.00000162
32.3299	0.00000185
32.3349	0.00000196
32.3399	0.00000104
32.3449	0.00000024
32.3500	0.00000027
32.3544	0.00000147
32.3594	0.00000131
32.3645	0.00000221
32.3688	0.00000259
32.3732	0.00000326
32.3784	0.00000231
32.3829	0.00000170
32.3882	0.00000085
32.3933	0.00000085
32.3984	0.00000229
32.4033	0.00000222
32.4084	0.00000282
32.4135	0.00000191
32.4179	0.00000301
32.4229	0.00000227
32.4276	0.00000299
32.4319	0.00000069
32.4366	0.00000056
32.4418	-0.00000092
32.4468	-0.00000161
32.4512	-0.00000137
32.4559	0.00000008
32.4608	-0.00000028
32.4658	0.00000010
32.4707	-0.00000033
32.4761	0.00000143
32.4810	0.00000082
32.4861	0.00000045
32.4910	-0.00000048
32.4960	0.00000049
32.5010	0.00000136
32.5055	-0.00000094
32.5107	-0.00000043
32.5150	-0.00000038
32.5195	-0.00000103
32.5244	-0.00000098
32.5294	-0.00000144
32.5344	-0.00000116
32.5388	-0.00000105
32.5438	-0.00000092
32.5486	-0.00000024
32.5537	0.00000098
32.5585	-0.00000003
32.5636	0.00000049
32.5689	0.00000083
32.5733	0.00000120
32.5784	0.00000005
32.5834	0.00000116
32.5880	-0.00000027
32.5929	0.00000084
32.5977	0.00000044
32.6029	0.00000126
32.6072	0.00000118
32.6120	-0.00000037
32.6170	-0.00000044
32.6214	-0.00000095
32.6264	-0.00000149
32.6315	0.00000032
32.6364	0.00000065
32.6413	-0.00000022
32.6464	-0.00000064
32.6507	0.00000128
32.6558	0.00000124
32.6608	0.00000298
32.6660	0.00000275
32.6708	0.00000236
32.6751	0.00000244
32.6801	0.00000131
32.6851	0.00000024
32.6900	0.00000071
32.6951	0.00000022
32.6997	-0.00000004
32.7050	-0.00000104
32.7100	-0.00000383
32.7151	-0.00000270
32.7197	-0.00000257
32.7245	-0.00000065
32.7293	-0.00000144
32.7343	-0.00000209
32.7393	-0.00000208
32.7443	-0.00000175
32.7493	-0.00000143
32.7535	-0.00000001
32.7586	0.00000070
32.7636	0.00000039
32.7687	-0.00000035
32.7735	0.00000076
32.7786	0.00000246
32.7835	0.00000142
32.7885	0.00000155
32.7935	0.00000039
32.7985	0.00000032
32.8035	0.00000036
32.8086	0.00000001
32.8137	-0.00000014
32.8187	0.00000006
32.8236	-0.00000058
32.8283	0.00000187
32.8333	0.00000178
32.8383	0.00000259
32.8433	0.00000359
32.8483	0.00000296
32.8533	0.00000223
32.8583	0.00000105
32.8633	0.00000112
32.8684	0.00000185
32.8734	0.00000220
32.8782	0.00000145
32.8834	0.00000206
32.8883	0.00000161
32.8932	0.00000070
32.8983	0.00000111
32.9033	0.00000088
32.9082	0.00000038
32.9135	0.00000087
32.9184	0.00000154
32.9234	0.00000046
32.9286	0.00000146
32.9336	0.00000131
32.9386	0.00000073
32.9435	0.00000029
32.9486	0.00000057
32.9536	0.00000084
32.9585	0.00000040
32.9636	-0.00000110
32.9685	-0.00000219
32.9735	-0.00000025
32.9788	-0.00000103
32.9836	0.00000151
32.9887	0.00000119
32.9936	0.00000060
32.9985	0.00000145
33.0035	0.00000077
33.0086	-0.00000081
33.0137	0.00000032
33.0187	-0.00000135
33.0236	-0.00000044
33.0283	-0.00000029
33.0333	-0.00000031
33.0383	-0.00000042
33.0433	0.00000077
33.0483	0.00000136
33.0533	0.00000062
33.0583	0.00000022
33.0633	-0.00000025
33.0683	0.00000009
33.0734	-0.00000214
33.0783	-0.00000179
33.0833	-0.00000161
33.0883	-0.00000196
33.0933	-0.00000048
33.0984	0.00000036
33.1034	0.00000061
33.1083	0.00000148
33.1136	0.00000204
33.1185	0.00000080
33.1236	0.00000082
33.1282	0.00000139
33.1332	0.00000030
33.1383	0.00000104
33.1433	0.00000107
33.1483	0.00000188
33.1533	0.00000041
33.1581	0.00000145
33.1633	0.00000051
33.1683	-0.00000041
33.1732	0.00000128
33.1784	0.00000073
33.1833	0.00000086
33.1882	0.00000082
33.1932	-0.00000018
33.1982	-0.00000100
33.2032	0.00000042
33.2082	0.00000139
33.2134	0.00000130
33.2183	0.00000159
33.2232	0.00000053
33.2281	-0.00000063
33.2331	0.00000005
33.2381	0.00000050
33.2433	0.00000054
33.2482	0.00000026
33.2531	-0.00000001
33.2580	0.00000170
33.2630	0.00000166
33.2681	0.00000223
33.2729	0.00000196
33.2780	-0.00000022
33.2830	0.00000026
33.2880	0.00000031
33.2931	-0.00000027
33.2981	-0.00000086
33.3033	-0.00000027
33.3081	0.00000079
33.3135	0.00000012
33.3183	0.00000029
33.3233	-0.00000024
33.3279	0.00000143
33.3329	0.00000172
33.3379	-0.00000036
33.3429	-0.00000170
33.3479	0.00000030
33.3529	0.00000043
33.3577	0.00000040
33.3629	0.00000160
33.3679	0.00000301
33.3729	0.00000135
33.3779	0.00000072
33.3829	0.00000180
33.3879	0.00000069
33.3929	0.00000309
33.3979	0.00000303
33.4029	0.00000416
33.4079	0.00000530
33.4130	0.00000409
33.4181	0.00000176
33.4229	0.00000069
33.4277	-0.00000066
33.4327	-0.00000164
33.4377	-0.00000077
33.4427	0.00000057
33.4477	0.00000219
33.4527	0.00000267
33.4575	0.00000223
33.4627	0.00000013
33.4678	-0.00000141
33.4727	-0.00000147
33.4776	0.00000009
33.4828	0.00000085
33.4875	0.00000135
33.4927	0.00000059
33.4977	0.00000213
33.5027	0.00000348
33.5076	0.00000434
33.5119	0.00000300
33.5169	0.00000183
33.5219	0.00000151
33.5264	0.00000216
33.5316	0.00000175
33.5366	0.00000110
33.5416	0.00000131
33.5465	0.00000018
33.5515	0.00000088
33.5565	0.00000002
33.5616	-0.00000013
33.5666	0.00000201
33.5715	-0.00000005
33.5766	0.00000142
33.5816	0.00000212
33.5866	0.00000050
33.5917	0.00000191
33.5967	0.00000141
33.6016	0.00000159
33.6068	-0.00000034
33.6116	-0.00000100
33.6168	0.00000025
33.6217	-0.00000015
33.6267	0.00000058
33.6314	-0.00000063
33.6365	-0.00000165
33.6415	-0.00000155
33.6465	-0.00000151
33.6515	0.00000088
33.6564	-0.00000104
33.6615	-0.00000171
33.6665	-0.00000255
33.6714	-0.00000225
33.6765	-0.00000090
33.6814	-0.00000018
33.6864	0.00000036
33.6915	-0.00000014
33.6965	-0.00000068
33.7015	-0.00000070
33.7064	-0.00000056
33.7115	0.00000010
33.7168	-0.00000012
33.7216	0.00000012
33.7266	0.00000068
33.7316	0.00000038
33.7364	-0.00000054
33.7415	-0.00000080
33.7464	0.00000088
33.7513	0.00000146
33.7564	0.00000095
33.7614	0.00000154
33.7663	0.00000060
33.7714	0.00000051
33.7764	-0.00000272
33.7814	-0.00000309
33.7864	-0.00000186
33.7914	-0.00000210
33.7964	-0.00000341
33.8014	-0.00000317
33.8063	-0.00000307
33.8114	-0.00000192
33.8165	-0.00000145
33.8214	0.00000039
33.8265	-0.00000030
33.8312	-0.00000012
33.8363	0.00000003
33.8413	0.00000126
33.8462	-0.00000055
33.8513	-0.00000013
33.8562	0.00000003
33.8613	0.00000103
33.8663	-0.00000079
33.8713	-0.00000046
33.8762	-0.00000077
33.8813	-0.00000014
33.8863	-0.00000056
33.8913	-0.00000112
33.8963	-0.00000039
33.9012	0.00000053
33.9063	0.00000081
33.9113	-0.00000044
33.9164	-0.00000007
33.9214	-0.00000060
33.9270	0.00000084
33.9321	0.00000183
33.9371	0.00000296
33.9421	0.00000234
33.9471	0.00000126
33.9523	-0.00000093
33.9571	-0.00000020
33.9621	0.00000073
33.9671	-0.00000078
33.9721	-0.00000031
33.9771	0.00000009
33.9821	0.00000011
33.9870	0.00000046
33.9921	-0.00000089
33.9969	-0.00000159
34.0021	0.00000012
34.0070	0.00000066
34.0121	0.00000142
34.0172	0.00000071
34.0222	-0.00000023
34.0272	0.00000002
34.0320	-0.00000011
34.0370	0.00000053
34.0420	0.00000098
34.0469	-0.00000051
34.0519	-0.00000186
34.0569	-0.00000248
34.0620	-0.00000232
34.0670	-0.00000265
34.0720	-0.00000047
34.0769	-0.00000034
34.0819	0.00000045
34.0869	0.00000123
34.0919	0.00000006
34.0968	-0.00000172
34.1019	-0.00000192
34.1068	-0.00000128
34.1118	-0.00000117
34.1168	0.00000018
34.1218	0.00000061
34.1273	0.00000147
34.1325	0.00000170
34.1373	0.00000206
34.1423	0.00000224
34.1475	0.00000174
34.1524	0.00000104
34.1574	0.00000220
34.1624	0.00000354
34.1675	0.00000327
34.1724	0.00000125
34.1775	0.00000024
34.1825	-0.00000004
34.1875	0.00000008
34.1927	0.00000278
34.1976	0.00000321
34.2024	0.00000287
34.2075	0.00000182
34.2125	0.00000176
34.2176	0.00000125
34.2226	0.00000250
34.2276	0.00000193
34.2324	0.00000335
34.2373	0.00000239
34.2424	0.00000183
34.2474	0.00000209
34.2523	0.00000088
34.2572	0.00000146
34.2623	0.00000188
34.2673	0.00000104
34.2725	-0.00000080
34.2773	-0.00000029
34.2822	-0.00000008
34.2873	-0.00000054
34.2922	-0.00000217
34.2972	-0.00000069
34.3022	0.00000043
34.3072	0.00000102
34.3122	-0.00000031
34.3173	0.00000053
34.3222	-0.00000002
34.3277	0.00000068
34.3327	-0.00000047
34.3380	-0.00000258
34.3428	-0.00000336
34.3481	-0.00000203
34.3534	-0.00000338
34.3584	-0.00000328
34.3632	-0.00000239
34.3684	-0.00000272
34.3730	-0.00000336
34.3785	-0.00000205
34.3832	0.00000005
34.3886	-0.00000018
34.3935	-0.00000059
34.3985	0.00000099
34.4034	0.00000081
34.4085	0.00000122
34.4129	0.00000031
34.4173	0.00000047
34.4221	-0.00000023
34.4268	0.00000082
34.4314	0.00000105
34.4365	0.00000313
34.4412	0.00000238
34.4456	0.00000082
34.4507	0.00000103
34.4552	0.00000181
34.4608	0.00000076
34.4652	-0.00000099
34.4696	-0.00000115
34.4746	0.00000010
34.4796	-0.00000106
34.4845	-0.00000092
34.4895	-0.00000077
34.4938	0.00000132
34.4989	0.00000211
34.5039	0.00000005
34.5089	-0.00000029
34.5142	0.00000073
34.5191	0.00000107
34.5240	0.00000019
34.5283	0.00000048
34.5330	-0.00000025
34.5380	0.00000085
34.5432	-0.00000076
34.5480	0.00000090
34.5531	0.00000114
34.5583	-0.00000027
34.5631	-0.00000427
34.5683	-0.00000406
34.5731	0.00000108
34.5782	0.00000071
34.5833	-0.00000071
34.5882	0.00000491
34.5932	0.00000310
34.5983	-0.00000412
34.6032	0.00000204
34.6084	-0.00000429
34.6133	-0.00000155
34.6183	-0.00000091
34.6233	-0.00000222
34.6282	-0.00000673
34.6331	-0.00000242
34.6380	-0.00000394
34.6429	-0.00000500
34.6479	-0.00000016
34.6530	-0.00000147
34.6581	-0.00000059
34.6629	-0.00000137
34.6683	-0.00000034
34.6730	0.00000243
34.6782	0.00000082
34.6832	-0.00000151
34.6880	0.00000057
34.6932	0.00000601
34.6982	-0.00000223
34.7032	0.00000085
34.7082	-0.00000242
34.7137	-0.00000166
34.7184	0.00000138
34.7237	-0.00000163
34.7284	0.00000345
34.7329	-0.00000083
34.7378	0.00000047
34.7428	0.00000004
34.7479	-0.00000193
34.7530	-0.00000074
34.7581	-0.00000190
34.7632	0.00000397
34.7677	-0.00000178
34.7729	0.00000388
34.7783	-0.00000076
34.7830	-0.00000160
34.7875	-0.00000222
34.7925	-0.00000297
34.7978	-0.00000294
34.8026	0.00000038
34.8073	-0.00000090
34.8124	0.00000336
34.8169	0.00000229
34.8212	-0.00000344
34.8255	-0.00000378
34.8305	-0.00000145
34.8347	0.00000021
34.8396	0.00000104
34.8446	-0.00000195
34.8492	-0.00000089
34.8541	-0.00000175
34.8589	-0.00000034
34.8631	0.00000022
34.8683	-0.00000773
34.8727	-0.00000469
34.8780	-0.00000720
34.8823	-0.00000704
34.8864	-0.00000628
34.8914	-0.00000163
34.8964	-0.00000285
34.9015	-0.00000381
34.9059	-0.00000498
34.9113	-0.00000226
34.9163	-0.00000311
34.9208	-0.00000106
34.9250	-0.00000281
34.9295	-0.00000469
34.9338	-0.00000344
34.9381	-0.00000612
34.9425	-0.00000550
34.9467	-0.00000023
34.9517	-0.00000307
34.9566	-0.00000098
34.9616	0.00000046
34.9667	-0.00000542
34.9711	0.00000012
34.9772	-0.00000355
34.9819	0.00000059
34.9862	0.00000011
34.9910	-0.00000633
34.9958	-0.00000320
35.0010	-0.00000226
35.0057	-0.00000179
35.0107	-0.00000296
35.0159	-0.00000223
35.0209	-0.00000331
35.0257	0.00000171
35.0304	-0.00000273
35.0347	-0.00000242
35.0390	-0.00000030
35.0444	-0.00000076
35.0487	-0.00000212
35.0537	-0.00000348
35.0585	-0.00000038
35.0628	-0.00000073
35.0671	-0.00000230
35.0716	-0.00000384
35.0767	0.00000130
35.0815	-0.00000153
35.0857	0.00000111
35.0905	-0.00000058
35.0956	-0.00000534
35.1007	-0.00000420
35.1049	-0.00000176
35.1104	0.00000186
35.1150	0.00000330
35.1199	-0.00000068
35.1248	-0.00000296
35.1294	-0.00000042
35.1336	0.00000035
35.1377	-0.00000205
35.1437	-0.00000090
35.1488	-0.00000435
35.1535	-0.00000360
35.1586	-0.00000012
35.1637	-0.00000000
35.1687	-0.00000094
35.1737	-0.00000239
35.1786	-0.00000198
35.1829	-0.00000492
35.1873	-0.00000129
35.1922	0.00000088
35.1968	0.00000231
35.2018	0.00000289
35.2067	-0.00000251
35.2110	-0.00000110
35.2154	-0.00000243
35.2204	0.00000052
35.2253	0.00000159
35.2298	-0.00000460
35.2341	-0.00000004
35.2383	-0.00000395
35.2428	-0.00000273
35.2479	-0.00000270
35.2526	-0.00000173
35.2577	-0.00000012
35.2627	-0.00000266
35.2678	0.00000016
35.2725	0.00000390
35.2772	-0.00000121
35.2818	-0.00000199
35.2869	-0.00000282
35.2917	-0.00000256
35.2962	-0.00000123
35.3013	-0.00000257
35.3055	-0.00000391
35.3109	-0.00000340
35.3158	-0.00000383
35.3201	-0.00000044
35.3250	-0.00000533
35.3299	-0.00000481
35.3347	-0.00000536
35.3388	-0.00000402
35.3438	-0.00000156
35.3485	0.00000058
35.3537	0.00000307
35.3585	-0.00000487
35.3637	-0.00000251
35.3687	0.00000038
35.3736	0.00000229
35.3787	-0.00000036
35.3838	0.00000139
35.3882	-0.00000207
35.3937	-0.00000162
35.3983	-0.00000359
35.4034	-0.00000138
35.4083	-0.00000735
35.4131	-0.00000561
35.4182	-0.00000396
35.4227	-0.00000584
35.4278	-0.00000179
35.4326	-0.00000521
35.4374	-0.00000402
35.4416	-0.00000420
35.4458	-0.00000221
35.4508	-0.00000104
35.4555	-0.00000400
35.4607	-0.00000454
35.4658	-0.00000028
35.4708	-0.00000395
35.4759	0.00000020
35.4808	-0.00000450
35.4858	-0.00000725
35.4909	-0.00000583
35.4958	-0.00000418
35.5009	-0.00000127
35.5057	-0.00000136
35.5109	-0.00000015
35.5160	-0.00000428
35.5210	-0.00000206
35.5275	-0.00000213
35.5318	-0.00000333
35.5367	-0.00000263
35.5415	-0.00000059
35.5467	-0.00000120
35.5517	-0.00000614
35.5567	-0.00000294
35.5613	-0.00000314
35.5664	-0.00000405
35.5713	-0.00000384
35.5769	-0.00000029
35.5812	-0.00000003
35.5862	-0.00000735
35.5903	-0.00000625
35.5954	0.00000084
35.6004	0.00000002
35.6051	-0.00000139
35.6100	-0.00000165
35.6142	0.00000107
35.6184	-0.00000058
35.6231	-0.00000395
35.6282	-0.00000053
35.6332	-0.00000307
35.6375	-0.00000394
35.6427	-0.00000050
35.6477	-0.00000621
35.6529	-0.00000966
35.6578	-0.00000672
35.6626	-0.00000231
35.6670	-0.00000290
35.6713	-0.00000491
35.6760	-0.00000196
35.6810	-0.00000085
35.6858	-0.00000549
35.6910	-0.00000877
35.6960	-0.00000578
35.7004	-0.00000417
35.7048	-0.00000462
35.7102	-0.00000632
35.7143	-0.00000388
35.7185	-0.00000459
35.7233	-0.00000455
35.7283	-0.00000523
35.7330	-0.00000663
35.7373	-0.00000266
35.7433	-0.00000343
35.7486	-0.00000701
35.7536	-0.00000724
35.7585	-0.00000910
35.7637	-0.00000828
35.7686	-0.00000689
35.7741	-0.00000465
35.7793	-0.00000080
35.7842	-0.00000136
35.7891	-0.00000259
35.7941	-0.00000646
35.7991	-0.00000348
35.8034	-0.00000637
35.8078	-0.00000608
35.8124	-0.00000501
35.8174	-0.00000745
35.8223	-0.00000437
35.8272	-0.00000883
35.8322	-0.00000549
35.8364	-0.00000575
35.8407	-0.00000253
35.8460	-0.00000852
35.8509	-0.00000549
35.8558	-0.00000282
35.8606	-0.00000177
35.8650	-0.00000245
35.8700	-0.00000475
35.8750	-0.00000272
35.8799	-0.00000491
35.8848	-0.00000785
35.8898	-0.00000637
35.8946	-0.00000456
35.8997	-0.00000971
35.9049	-0.00000989
35.9099	-0.00000857
35.9142	-0.00000685
35.9193	-0.00000581
35.9243	-0.00001061
35.9294	-0.00000413
35.9338	-0.00000518
35.9381	-0.00000289
35.9431	-0.00000424
35.9474	-0.00000484
35.9524	-0.00000557
35.9571	-0.00000794
35.9620	-0.00000333
35.9671	-0.00001133
35.9720	-0.00000504
35.9773	-0.00000332
35.9820	-0.00000234
35.9868	-0.00000488
35.9932	-0.00000596
35.9980	-0.00000538
36.0029	-0.00000562
36.0080	-0.00000523
36.0130	-0.00000541
36.0179	-0.00000323
36.0229	-0.00000103
36.0275	-0.00000133
36.0324	-0.00000744
36.0366	-0.00000222
36.0416	-0.00000260
36.0464	-0.00000598
36.0507	-0.00000448
36.0555	-0.00000700
36.0606	-0.00000702
36.0649	-0.00000854
36.0699	-0.00000663
36.0742	-0.00000642
36.0794	-0.00000816
36.0843	-0.00000816
36.0892	-0.00000871
36.0938	-0.00000439
36.0985	-0.00000378
36.1031	-0.00000329
36.1075	-0.00000735
36.1122	-0.00000833
36.1164	-0.00000753
36.1208	-0.00000873
36.1267	-0.00000734
36.1311	-0.00000915
36.1361	-0.00000995
36.1407	-0.00000866
36.1452	-0.00000804
36.1496	-0.00001036
36.1546	-0.00000883
36.1595	-0.00001129
36.1646	-0.00000812
36.1696	-0.00000853
36.1744	-0.00000673
36.1797	-0.00001084
36.1844	-0.00000635
36.1894	-0.00000726
36.1943	-0.00000904
36.1991	-0.00000802
36.2033	-0.00000479
36.2076	-0.00000876
36.2127	0.00000116
36.2178	-0.00000726
36.2225	-0.00000748
36.2270	-0.00000695
36.2312	-0.00000210
36.2359	-0.00000616
36.2409	-0.00000006
36.2461	-0.00000807
36.2509	-0.00000561
36.2556	-0.00000321
36.2609	-0.00000821
36.2662	-0.00000492
36.2712	-0.00001116
36.2763	-0.00000740
36.2808	-0.00000897
36.2856	-0.00000919
36.2908	-0.00001069
36.2957	-0.00000901
36.3007	-0.00000900
36.3057	-0.00000769
36.3110	-0.00000339
36.3158	-0.00000488
36.3209	-0.00001020
36.3264	-0.00001163
36.3320	-0.00000565
36.3361	-0.00000986
36.3411	-0.00001128
36.3459	-0.00000999
36.3509	-0.00001319
36.3558	-0.00000873
36.3604	-0.00001118
36.3653	-0.00000693
36.3703	-0.00000538
36.3747	-0.00000951
36.3798	-0.00000523
36.3842	-0.00001229
36.3886	-0.00001037
36.3937	-0.00000591
36.3986	-0.00000368
36.4028	-0.00000620
36.4077	-0.00000334
36.4119	-0.00000396
36.4169	-0.00001003
36.4210	-0.00001004
36.4263	-0.00001161
36.4311	-0.00000610
36.4359	-0.00000640
36.4402	-0.00000592
36.4445	-0.00001184
36.4487	-0.00001241
36.4537	-0.00001354
36.4603	-0.00001281
36.4647	-0.00001824
36.4697	-0.00001402
36.4753	-0.00001144
36.4797	-0.00001379
36.4849	-0.00001360
36.4892	-0.00000848
36.4935	-0.00000942
36.4983	-0.00000714
36.5034	-0.00001026
36.5082	-0.00000539
36.5123	-0.00001041
36.5175	-0.00001571
36.5216	-0.00000646
36.5264	-0.00000707
36.5312	-0.00000979
36.5360	-0.00000882
36.5409	-0.00000884
36.5453	-0.00001163
36.5495	-0.00000971
36.5539	-0.00001363
36.5596	-0.00001478
36.5641	-0.00000991
36.5690	-0.00001088
36.5740	-0.00001255
36.5799	0.00000092
36.5852	0.00000107
36.5901	-0.00000045
36.5952	0.00000081
36.6001	0.00000164
36.6046	0.00000211
36.6088	0.00000360
36.6130	0.00000192
36.6181	0.00000022
36.6224	-0.00000166
36.6266	-0.00000275
36.6310	-0.00000190
36.6359	-0.00000170
36.6410	-0.00000015
36.6461	0.00000024
36.6507	-0.00000116
36.6557	-0.00000052
36.6607	0.00000076
36.6657	0.00000147
36.6708	0.00000299
36.6756	0.00000164
36.6797	0.00000219
36.6847	0.00000160
36.6899	0.00000106
36.6948	0.00000194
36.6991	0.00000432
36.7034	0.00000433
36.7084	0.00000545
36.7129	0.00000640
36.7178	0.00000482
36.7229	0.00000338
36.7281	0.00000403
36.7329	0.00000218
36.7384	0.00000307
36.7433	0.00000368
36.7486	0.00000355
36.7532	0.00000408
36.7581	0.00000232
36.7631	0.00000253
36.7675	0.00000192
36.7724	0.00000323
36.7769	0.00000320
36.7820	0.00000310
36.7864	0.00000151
36.7905	0.00000186
36.7958	0.00000015
36.8005	-0.00000102
36.8056	-0.00000015
36.8105	0.00000126
36.8155	0.00000052
36.8208	-0.00000013
36.8258	0.00000083
36.8307	0.00000070
36.8355	0.00000207
36.8405	0.00000128
36.8455	0.00000219
36.8504	0.00000214
36.8554	0.00000173
36.8601	0.00000183
36.8648	0.00000039
36.8702	0.00000051
36.8753	0.00000123
36.8799	0.00000090
36.8848	0.00000063
36.8898	0.00000198
36.8943	-0.00000117
36.8993	0.00000135
36.9043	-0.00000028
36.9090	-0.00000085
36.9139	0.00000090
36.9189	0.00000006
36.9239	0.00000087
36.9281	-0.00000019
36.9327	-0.00000006
36.9386	0.00000130
36.9428	0.00000122
36.9470	0.00000002
36.9519	-0.00000187
36.9568	-0.00000336
36.9612	-0.00000463
36.9661	-0.00000469
36.9704	-0.00000397
36.9755	-0.00000281
36.9805	-0.00000277
36.9854	-0.00000129
36.9905	-0.00000131
36.9953	-0.00000026
37.0006	-0.00000118
37.0053	-0.00000082
37.0104	-0.00000043
37.0154	0.00000011
37.0205	-0.00000022
37.0256	-0.00000197
37.0306	-0.00000076
37.0354	-0.00000210
37.0407	-0.00000227
37.0450	-0.00000159
37.0492	-0.00000166
37.0543	-0.00000020
37.0588	-0.00000087
37.0638	-0.00000200
37.0687	-0.00000120
37.0737	-0.00000066
37.0781	-0.00000115
37.0833	-0.00000067
37.0883	-0.00000238
37.0931	-0.00000094
37.0981	-0.00000073
37.1027	-0.00000065
37.1078	0.00000012
37.1129	-0.00000144
37.1180	-0.00000038
37.1230	-0.00000081
37.1274	-0.00000048
37.1318	-0.00000116
37.1365	-0.00000070
37.1416	-0.00000175
37.1468	-0.00000156
37.1517	-0.00000018
37.1568	-0.00000083
37.1614	-0.00000120
37.1659	-0.00000164
37.1710	-0.00000095
37.1763	-0.00000093
37.1811	-0.00000275
37.1861	-0.00000217
37.1913	-0.00000274
37.1968	-0.00000151
37.2022	-0.00000118
37.2070	-0.00000080
37.2120	-0.00000076
37.2166	-0.00000129
37.2209	-0.00000304
37.2253	-0.00000213
37.2297	-0.00000245
37.2344	-0.00000243
37.2395	-0.00000196
37.2446	-0.00000129
37.2495	-0.00000145
37.2547	-0.00000396
37.2595	-0.00000230
37.2644	-0.00000288
37.2695	-0.00000341
37.2745	-0.00000454
37.2795	-0.00000269
37.2845	-0.00000309
37.2895	-0.00000174
37.2945	-0.00000261
37.2995	-0.00000201
37.3045	0.00000075
37.3095	-0.00000045
37.3144	-0.00000138
37.3196	-0.00000267
37.3247	-0.00000285
37.3296	-0.00000315
37.3342	-0.00000214
37.3394	-0.00000263
37.3447	-0.00000119
37.3497	-0.00000231
37.3546	-0.00000167
37.3597	-0.00000059
37.3646	0.00000116
37.3696	0.00000031
37.3748	-0.00000091
37.3796	-0.00000239
37.3842	-0.00000387
37.3885	-0.00000249
37.3927	-0.00000324
37.3978	-0.00000341
37.4028	-0.00000345
37.4079	-0.00000296
37.4130	-0.00000362
37.4175	-0.00000120
37.4228	-0.00000161
37.4282	0.00000057
37.4335	0.00000062
37.4384	-0.00000005
37.4436	0.00000024
37.4485	-0.00000044
37.4534	-0.00000064
37.4585	-0.00000167
37.4635	-0.00000135
37.4684	-0.00000094
37.4728	-0.00000068
37.4772	-0.00000121
37.4818	-0.00000140
37.4868	-0.00000162
37.4918	-0.00000165
37.4969	-0.00000132
37.5021	-0.00000320
37.5071	-0.00000317
37.5121	-0.00000215
37.5166	-0.00000132
37.5209	-0.00000063
37.5261	0.00000022
37.5309	0.00000046
37.5362	0.00000185
37.5414	0.00000229
37.5460	0.00000146
37.5510	0.00000154
37.5560	0.00000128
37.5609	0.00000023
37.5659	0.00000063
37.5709	0.00000118
37.5759	0.00000192
37.5809	0.00000222
37.5859	0.00000148
37.5909	0.00000203
37.5960	0.00000213
37.6003	0.00000127
37.6050	0.00000168
37.6099	0.00000154
37.6143	0.00000253
37.6196	0.00000202
37.6241	0.00000077
37.6285	0.00000189
37.6334	-0.00000005
37.6380	-0.00000066
37.6428	-0.00000058
37.6481	-0.00000168
37.6533	-0.00000351
37.6582	-0.00000473
37.6626	-0.00000284
37.6671	-0.00000276
37.6713	-0.00000246
37.6765	-0.00000149
37.6814	-0.00000086
37.6864	-0.00000083
37.6907	0.00000089
37.6950	0.00000228
37.6993	0.00000046
37.7035	0.00000234
37.7085	0.00000158
37.7134	0.00000169
37.7186	0.00000190
37.7234	0.00000275
37.7281	0.00000328
37.7325	0.00000258
37.7367	0.00000072
37.7416	0.00000030
37.7459	0.00000003
37.7505	-0.00000006
37.7555	-0.00000118
37.7603	-0.00000075
37.7654	-0.00000047
37.7705	0.00000003
37.7754	-0.00000070
37.7797	-0.00000207
37.7841	-0.00000147
37.7892	-0.00000294
37.7938	-0.00000081
37.7986	0.00000006
37.8038	0.00000120
37.8089	-0.00000103
37.8137	-0.00000088
37.8179	-0.00000030
37.8227	-0.00000034
37.8269	-0.00000139
37.8316	-0.00000051
37.8369	-0.00000127
37.8419	0.00000125
37.8461	0.00000153
37.8513	0.00000139
37.8565	0.00000088
37.8612	0.00000005
37.8659	0.00000097
37.8707	0.00000010
37.8758	0.00000077
37.8808	0.00000112
37.8858	-0.00000022
37.8908	-0.00000103
37.8959	-0.00000190
37.9000	-0.00000090
37.9045	-0.00000192
37.9097	-0.00000203
37.9141	-0.00000097
37.9192	-0.00000132
37.9242	-0.00000043
37.9285	0.00000064
37.9339	0.00000027
37.9388	-0.00000067
37.9433	0.00000079
37.9483	0.00000060
37.9533	0.00000132
37.9583	0.00000198
37.9633	0.00000229
37.9684	0.00000112
37.9735	-0.00000074
37.9777	-0.00000292
37.9828	-0.00000199
37.9880	-0.00000309
37.9929	-0.00000181
37.9981	-0.00000251
38.0029	-0.00000154
38.0080	-0.00000010
38.0128	0.00000026
38.0178	-0.00000178
38.0230	-0.00000233
38.0278	-0.00000346
38.0329	-0.00000336
38.0370	-0.00000453
38.0419	-0.00000387
38.0468	-0.00000344
38.0513	-0.00000118
38.0563	-0.00000101
38.0613	-0.00000259
38.0666	-0.00000085
38.0709	-0.00000012
38.0753	0.00000066
38.0803	-0.00000032
38.0859	-0.00000234
38.0910	-0.00000235
38.0960	-0.00000240
38.1009	-0.00000054
38.1060	0.00000016
38.1111	0.00000027
38.1163	0.00000003
38.1211	0.00000108
38.1263	0.00000229
38.1312	-0.00000011
38.1362	0.00000013
38.1409	-0.00000021
38.1459	-0.00000000
38.1509	-0.00000110
38.1559	-0.00000097
38.1609	-0.00000140
38.1660	-0.00000163
38.1709	-0.00000198
38.1759	-0.00000311
38.1809	-0.00000196
38.1859	-0.00000220
38.1909	-0.00000370
38.1959	-0.00000297
38.2009	-0.00000418
38.2060	-0.00000364
38.2109	-0.00000132
38.2160	-0.00000063
38.2208	-0.00000261
38.2259	-0.00000145
38.2309	-0.00000269
38.2364	-0.00000131
38.2415	-0.00000205
38.2464	-0.00000086
38.2516	0.00000014
38.2567	-0.00000067
38.2609	-0.00000158
38.2660	0.00000043
38.2708	0.00000053
38.2761	-0.00000043
38.2810	0.00000030
38.2851	-0.00000103
38.2895	-0.00000173
38.2939	-0.00000196
38.2992	-0.00000174
38.3041	-0.00000181
38.3090	-0.00000023
38.3140	-0.00000130
38.3191	-0.00000229
38.3240	-0.00000205
38.3291	-0.00000149
38.3343	-0.00000118
38.3390	-0.00000315
38.3441	-0.00000303
38.3484	-0.00000272
38.3530	-0.00000165
38.3579	-0.00000142
38.3628	-0.00000050
38.3671	0.00000108
38.3720	0.00000064
38.3772	0.00000104
38.3824	0.00000123
38.3871	0.00000155
38.3921	0.00000156
38.3971	0.00000012
38.4022	-0.00000037
38.4073	0.00000077
38.4122	0.00000023
38.4172	0.00000001
38.4222	0.00000102
38.4271	0.00000168
38.4314	0.00000284
38.4362	0.00000167
38.4407	0.00000027
38.4456	0.00000010
38.4506	-0.00000063
38.4557	-0.00000095
38.4607	-0.00000128
38.4656	0.00000061
38.4705	0.00000006
38.4757	-0.00000054
38.4807	0.00000040
38.4858	-0.00000054
38.4907	-0.00000098
38.4956	-0.00000157
38.5007	-0.00000017
38.5057	-0.00000293
38.5106	-0.00000289
38.5155	-0.00000214
38.5205	-0.00000191
38.5256	-0.00000081
38.5305	-0.00000150
38.5355	-0.00000092
38.5402	-0.00000257
38.5450	-0.00000256
38.5502	-0.00000239
38.5551	-0.00000247
38.5601	-0.00000336
38.5651	-0.00000288
38.5700	-0.00000275
38.5752	-0.00000288
38.5801	-0.00000265
38.5851	-0.00000230
38.5901	-0.00000151
38.5950	-0.00000138
38.6001	-0.00000312
38.6051	-0.00000344
38.6097	-0.00000264
38.6146	-0.00000247
38.6188	-0.00000145
38.6239	-0.00000100
38.6290	-0.00000196
38.6339	-0.00000189
38.6386	-0.00000203
38.6428	-0.00000052
38.6480	-0.00000007
38.6530	0.00000056
38.6571	0.00000059
38.6616	0.00000026
38.6670	0.00000088
38.6720	0.00000264
38.6768	0.00000357
38.6817	0.00000323
38.6866	0.00000203
38.6919	0.00000261
38.6969	0.00000245
38.7017	0.00000398
38.7068	0.00000240
38.7121	0.00000235
38.7170	0.00000152
38.7220	0.00000071
38.7266	-0.00000026
38.7316	-0.00000002
38.7366	0.00000042
38.7409	-0.00000037
38.7456	-0.00000026
38.7499	0.00000013
38.7551	0.00000007
38.7593	0.00000033
38.7644	0.00000116
38.7694	0.00000168
38.7739	0.00000217
38.7790	0.00000082
38.7840	0.00000171
38.7890	0.00000235
38.7940	0.00000247
38.7990	0.00000225
38.8039	0.00000319
38.8083	0.00000329
38.8135	0.00000382
38.8187	0.00000280
38.8230	0.00000295
38.8272	0.00000215
38.8322	0.00000082
38.8377	0.00000043
38.8422	-0.00000071
38.8473	-0.00000260
38.8522	-0.00000365
38.8571	-0.00000288
38.8616	-0.00000344
38.8659	-0.00000099
38.8709	0.00000051
38.8760	0.00000053
38.8810	0.00000001
38.8855	-0.00000099
38.8906	-0.00000245
38.8954	-0.00000225
38.9001	-0.00000272
38.9051	-0.00000351
38.9092	-0.00000141
38.9141	-0.00000085
38.9192	0.00000082
38.9243	-0.00000061
38.9288	-0.00000149
38.9338	-0.00000134
38.9383	-0.00000086
38.9434	-0.00000178
38.9478	-0.00000020
38.9527	-0.00000080
38.9570	-0.00000141
38.9616	-0.00000106
38.9659	0.00000005
38.9709	-0.00000020
38.9761	0.00000089
38.9808	0.00000043
38.9857	0.00000006
38.9900	-0.00000059
38.9945	0.00000025
38.9993	0.00000172
39.0044	0.00000220
39.0095	0.00000075
39.0144	0.00000066
39.0196	0.00000054
39.0250	0.00000093
39.0294	0.00000057
39.0344	0.00000144
39.0386	0.00000178
39.0429	0.00000103
39.0474	-0.00000029
39.0524	0.00000058
39.0568	-0.00000075
39.0612	0.00000237
39.0663	0.00000168
39.0714	0.00000124
39.0757	0.00000166
39.0807	0.00000098
39.0858	-0.00000040
39.0901	-0.00000264
39.0944	-0.00000148
39.0992	-0.00000098
39.1041	0.00000007
39.1092	0.00000046
39.1137	0.00000020
39.1184	-0.00000091
39.1230	-0.00000136
39.1272	0.00000033
39.1322	-0.00000079
39.1366	0.00000151
39.1412	0.00000244
39.1453	0.00000393
39.1504	0.00000262
39.1553	0.00000139
39.1605	0.00000252
39.1657	0.00000087
39.1711	-0.00000098
39.1758	-0.00000202
39.1808	-0.00000189
39.1858	-0.00000159
39.1901	-0.00000038
39.1946	0.00000056
39.1990	0.00000001
39.2039	0.00000177
39.2081	0.00000006
39.2132	-0.00000150
39.2174	-0.00000028
39.2226	0.00000021
39.2277	0.00000061
39.2322	0.00000090
39.2370	0.00000063
39.2414	0.00000136
39.2465	0.00000113
39.2514	0.00000134
39.2557	0.00000031
39.2608	0.00000040
39.2654	0.00000083
39.2704	-0.00000022
39.2754	0.00000108
39.2805	0.00000063
39.2853	0.00000169
39.2904	0.00000118
39.2952	0.00000207
39.3002	0.00000142
39.3052	0.00000114
39.3103	0.00000244
39.3156	0.00000182
39.3205	0.00000257
39.3249	0.00000165
39.3299	0.00000274
39.3349	0.00000472
39.3396	0.00000309
39.3443	0.00000262
39.3493	0.00000378
39.3541	0.00000326
39.3585	0.00000206
39.3628	0.00000008
39.3673	-0.00000129
39.3721	-0.00000013
39.3763	-0.00000113
39.3814	0.00000004
39.3865	0.00000060
39.3918	0.00000047
39.3969	-0.00000099
39.4015	0.00000068
39.4065	-0.00000032
39.4111	0.00000044
39.4162	0.00000181
39.4212	0.00000168
39.4264	0.00000211
39.4313	0.00000239
39.4362	0.00000384
39.4410	0.00000428
39.4461	0.00000326
39.4504	0.00000123
39.4549	-0.00000038
39.4600	-0.00000065
39.4651	-0.00000110
39.4700	-0.00000084
39.4743	0.00000034
39.4797	0.00000087
39.4842	-0.00000071
39.4891	-0.00000237
39.4935	-0.00000140
39.4988	-0.00000166
39.5038	-0.00000325
39.5086	-0.00000208
39.5137	0.00000004
39.5187	-0.00000033
39.5237	0.00000068
39.5282	-0.00000043
39.5331	0.00000016
39.5379	-0.00000115
39.5421	-0.00000067
39.5465	-0.00000054
39.5510	-0.00000082
39.5560	-0.00000054
39.5609	-0.00000086
39.5659	0.00000017
39.5706	0.00000012
39.5754	-0.00000001
39.5809	-0.00000061
39.5859	0.00000025
39.5903	0.00000043
39.5955	-0.00000032
39.6001	0.00000004
39.6051	0.00000070
39.6101	-0.00000025
39.6151	-0.00000205
39.6200	-0.00000090
39.6251	-0.00000005
39.6301	-0.00000093
39.6351	-0.00000117
39.6401	-0.00000106
39.6450	-0.00000117
39.6492	-0.00000136
39.6543	-0.00000129
39.6595	-0.00000134
39.6652	-0.00000193
39.6703	-0.00000189
39.6754	-0.00000121
39.6803	-0.00000145
39.6849	-0.00000198
39.6900	-0.00000180
39.6948	-0.00000181
39.6998	-0.00000362
39.7048	-0.00000421
39.7098	-0.00000262
39.7142	-0.00000182
39.7188	-0.00000149
39.7236	-0.00000221
39.7282	-0.00000300
39.7328	-0.00000261
39.7379	-0.00000314
39.7428	-0.00000333
39.7478	-0.00000229
39.7526	-0.00000249
39.7577	-0.00000155
39.7627	-0.00000211
39.7671	-0.00000121
39.7722	-0.00000032
39.7768	0.00000128
39.7814	0.00000050
39.7862	0.00000020
39.7907	-0.00000018
39.7951	-0.00000025
39.7995	-0.00000237
39.8047	-0.00000285
39.8089	-0.00000310
39.8137	-0.00000116
39.8188	-0.00000079
39.8232	0.00000055
39.8285	-0.00000101
39.8333	-0.00000226
39.8382	-0.00000087
39.8428	-0.00000099
39.8473	-0.00000284
39.8523	-0.00000181
39.8574	-0.00000245
39.8619	-0.00000391
39.8670	-0.00000374
39.8720	-0.00000298
39.8771	-0.00000327
39.8820	-0.00000251
39.8869	-0.00000215
39.8914	-0.00000265
39.8958	0.00000013
39.9008	0.00000004
39.9057	0.00000069
39.9103	0.00000098
39.9153	0.00000198
39.9201	0.00000206
39.9248	0.00000134
39.9291	0.00000108
39.9339	0.00000005
39.9390	0.00000012
39.9438	-0.00000106
39.9484	-0.00000254
39.9533	-0.00000362
39.9583	-0.00000174
39.9635	-0.00000048
39.9683	0.00000044
39.9734	-0.00000026
39.9785	-0.00000082
39.9828	-0.00000178
39.9876	-0.00000068
39.9929	-0.00000115
39.9978	-0.00000030
40.0026	-0.00000074
40.0077	-0.00000135
40.0127	-0.00000007
40.0178	-0.00000021
40.0227	-0.00000070
40.0270	0.00000061
40.0318	0.00000074
40.0369	0.00000077
40.0416	0.00000045
40.0466	0.00000025
40.0516	0.00000011
40.0566	0.00000218
40.0618	0.00000392
40.0667	0.00000211
40.0717	0.00000062
40.0766	0.00000222
40.0817	-0.00000007
40.0865	-0.00000145
40.0918	-0.00000183
40.0967	-0.00000263
40.1017	-0.00000036
40.1067	0.00000023
40.1118	0.00000058
40.1167	0.00000066
40.1217	-0.00000058
40.1267	0.00000043
40.1319	0.00000050
40.1369	0.00000070
40.1435	0.00000007
40.1482	-0.00000215
40.1530	-0.00000195
40.1578	-0.00000166
40.1627	-0.00000380
40.1671	-0.00000558
40.1720	-0.00000495
40.1764	-0.00000467
40.1813	-0.00000202
40.1863	-0.00000281
40.1914	-0.00000224
40.1957	-0.00000297
40.2006	-0.00000163
40.2056	-0.00000174
40.2110	-0.00000047
40.2156	-0.00000083
40.2206	0.00000068
40.2249	0.00000013
40.2293	0.00000095
40.2339	0.00000194
40.2389	0.00000102
40.2438	-0.00000041
40.2488	-0.00000004
40.2537	-0.00000067
40.2582	-0.00000197
40.2627	-0.00000008
40.2672	0.00000014
40.2723	-0.00000142
40.2772	-0.00000356
40.2823	-0.00000247
40.2873	-0.00000275
40.2915	-0.00000353
40.2961	-0.00000418
40.3009	-0.00000393
40.3060	-0.00000341
40.3110	-0.00000240
40.3160	-0.00000198
40.3210	0.00000053
40.3262	-0.00000052
40.3312	0.00000101
40.3356	0.00000122
40.3406	0.00000105
40.3449	-0.00000045
40.3494	-0.00000073
40.3538	-0.00000298
40.3596	-0.00000210
40.3643	-0.00000220
40.3692	-0.00000107
40.3741	0.00000056
40.3786	0.00000084
40.3838	0.00000200
40.3887	0.00000160
40.3931	0.00000212
40.3981	0.00000189
40.4030	0.00000233
40.4074	0.00000156
40.4124	0.00000126
40.4174	-0.00000031
40.4223	-0.00000023
40.4273	0.00000024
40.4325	0.00000131
40.4373	0.00000233
40.4424	0.00000237
40.4477	0.00000117
40.4531	0.00000194
40.4580	0.00000206
40.4633	0.00000110
40.4680	0.00000168
40.4730	-0.00000069
40.4780	0.00000026
40.4830	-0.00000048
40.4880	0.00000040
40.4930	-0.00000003
40.4980	0.00000003
40.5032	0.00000227
40.5081	0.00000135
40.5128	0.00000153
40.5173	0.00000325
40.5215	0.00000419
40.5265	0.00000516
40.5308	0.00000317
40.5351	0.00000379
40.5401	0.00000490
40.5443	0.00000252
40.5495	0.00000272
40.5545	0.00000149
40.5593	0.00000100
40.5637	0.00000248
40.5686	0.00000219
40.5736	0.00000205
40.5790	0.00000032
40.5840	-0.00000090
40.5890	-0.00000055
40.5934	-0.00000211
40.5978	-0.00000090
40.6028	-0.00000048
40.6079	-0.00000087
40.6134	0.00000093
40.6189	0.00000112
40.6239	0.00000063
40.6289	0.00000006
40.6340	-0.00000061
40.6390	-0.00000059
40.6446	0.00000025
40.6497	-0.00000023
40.6547	-0.00000184
40.6597	-0.00000073
40.6638	0.00000037
40.6689	0.00000120
40.6732	0.00000290
40.6783	0.00000105
40.6833	0.00000088
40.6882	0.00000022
40.6929	-0.00000061
40.6979	-0.00000185
40.7031	-0.00000197
40.7081	-0.00000145
40.7127	-0.00000176
40.7179	-0.00000082
40.7228	0.00000118
40.7278	0.00000042
40.7322	-0.00000134
40.7365	-0.00000177
40.7408	0.00000012
40.7463	-0.00000181
40.7511	-0.00000281
40.7563	-0.00000147
40.7615	-0.00000076
40.7665	0.00000003
40.7714	0.00000133
40.7758	0.00000095
40.7805	0.00000048
40.7848	0.00000056
40.7899	-0.00000032
40.7942	-0.00000000
40.7996	-0.00000033
40.8043	-0.00000012
40.8092	-0.00000298
40.8142	-0.00000309
40.8192	-0.00000350
40.8236	-0.00000167
40.8286	-0.00000175
40.8334	-0.00000121
40.8385	-0.00000199
40.8434	-0.00000083
40.8480	-0.00000057
40.8529	-0.00000031
40.8577	-0.00000090
40.8620	-0.00000116
40.8671	-0.00000063
40.8721	0.00000102
40.8772	0.00000047
40.8821	0.00000126
40.8871	-0.00000017
40.8916	0.00000041
40.8967	0.00000150
40.9018	0.00000120
40.9068	0.00000126
40.9111	0.00000132
40.9161	0.00000022
40.9211	-0.00000119
40.9261	-0.00000105
40.9304	-0.00000055
40.9356	-0.00000186
40.9406	-0.00000116
40.9465	-0.00000087
40.9516	-0.00000020
40.9565	0.00000107
40.9610	-0.00000020
40.9653	-0.00000069
40.9703	-0.00000154
40.9752	-0.00000076
40.9796	-0.00000010
40.9846	-0.00000018
40.9898	0.00000024
40.9946	-0.00000067
40.9995	-0.00000001
41.0046	0.00000010
41.0095	-0.00000131
41.0143	0.00000045
41.0196	-0.00000006
41.0250	-0.00000023
41.0301	-0.00000051
41.0350	0.00000010
41.0402	0.00000001
41.0453	0.00000041
41.0497	0.00000015
41.0547	-0.00000033
41.0598	0.00000105
41.0648	-0.00000025
41.0700	-0.00000135
41.0745	-0.00000137
41.0790	-0.00000053
41.0840	-0.00000051
41.0891	0.00000103
41.0942	-0.00000030
41.0991	0.00000005
41.1041	-0.00000065
41.1091	-0.00000090
41.1135	-0.00000189
41.1177	-0.00000202
41.1228	-0.00000112
41.1271	0.00000085
41.1323	-0.00000040
41.1374	-0.00000009
41.1419	0.00000130
41.1464	0.00000005
41.1515	-0.00000029
41.1565	-0.00000050
41.1612	-0.00000070
41.1663	-0.00000097
41.1712	-0.00000140
41.1761	-0.00000069
41.1807	0.00000032
41.1857	-0.00000068
41.1902	-0.00000191
41.1946	0.00000008
41.1992	0.00000060
41.2042	0.00000121
41.2092	0.00000037
41.2142	0.00000022
41.2194	-0.00000071
41.2243	-0.00000144
41.2288	-0.00000221
41.2331	-0.00000168
41.2377	-0.00000123
41.2421	-0.00000029
41.2473	0.00000126
41.2518	0.00000041
41.2569	0.00000035
41.2620	0.00000061
41.2670	0.00000045
41.2722	0.00000053
41.2766	0.00000219
41.2814	0.00000256
41.2859	0.00000220
41.2900	0.00000222
41.2951	0.00000125
41.3001	-0.00000056
41.3047	0.00000078
41.3094	0.00000075
41.3144	0.00000268
41.3193	0.00000188
41.3243	0.00000069
41.3293	-0.00000232
41.3346	-0.00000391
41.3395	-0.00000194
41.3446	-0.00000242
41.3495	-0.00000257
41.3544	-0.00000187
41.3595	-0.00000197
41.3649	-0.00000251
41.3694	-0.00000294
41.3744	-0.00000068
41.3790	0.00000104
41.3840	0.00000337
41.3889	0.00000363
41.3938	0.00000405
41.3982	0.00000221
41.4031	0.00000231
41.4078	0.00000298
41.4124	0.00000230
41.4169	0.00000230
41.4216	0.00000247
41.4260	0.00000060
41.4305	0.00000099
41.4356	0.00000066
41.4409	-0.00000030
41.4458	0.00000152
41.4506	0.00000123
41.4556	-0.00000035
41.4600	-0.00000023
41.4650	-0.00000102
41.4700	-0.00000072
41.4751	0.00000093
41.4795	0.00000056
41.4842	0.00000210
41.4889	0.00000086
41.4938	0.00000083
41.4986	-0.00000122
41.5032	-0.00000116
41.5079	-0.00000068
41.5129	-0.00000025
41.5179	-0.00000062
41.5229	0.00000204
41.5279	0.00000097
41.5330	-0.00000114
41.5380	-0.00000069
41.5428	0.00000022
41.5478	-0.00000047
41.5523	-0.00000059
41.5574	0.00000002
41.5619	0.00000010
41.5664	-0.00000185
41.5715	-0.00000074
41.5765	-0.00000038
41.5816	0.00000019
41.5864	0.00000033
41.5915	0.00000128
41.5958	0.00000266
41.6011	0.00000271
41.6060	0.00000086
41.6102	-0.00000032
41.6150	-0.00000054
41.6196	0.00000049
41.6247	0.00000057
41.6297	0.00000077
41.6348	0.00000047
41.6398	0.00000061
41.6450	-0.00000133
41.6495	-0.00000166
41.6546	-0.00000110
41.6600	-0.00000137
41.6645	-0.00000056
41.6695	-0.00000135
41.6745	-0.00000161
41.6796	-0.00000176
41.6844	-0.00000293
41.6896	-0.00000132
41.6947	-0.00000156
41.7000	-0.00000121
41.7051	-0.00000184
41.7102	-0.00000085
41.7152	-0.00000300
41.7201	-0.00000323
41.7248	-0.00000305
41.7293	-0.00000266
41.7346	-0.00000154
41.7396	-0.00000065
41.7446	-0.00000112
41.7495	-0.00000017
41.7546	0.00000070
41.7596	0.00000152
41.7645	-0.00000006
41.7696	-0.00000010
41.7748	0.00000009
41.7791	0.00000011
41.7840	0.00000095
41.7889	0.00000045
41.7941	-0.00000114
41.7986	-0.00000236
41.8035	-0.00000066
41.8085	-0.00000134
41.8135	-0.00000144
41.8179	-0.00000001
41.8231	-0.00000130
41.8277	-0.00000089
41.8329	-0.00000117
41.8379	-0.00000072
41.8422	-0.00000111
41.8473	-0.00000030
41.8519	0.00000197
41.8569	0.00000069
41.8613	-0.00000175
41.8661	-0.00000238
41.8711	-0.00000168
41.8762	-0.00000170
41.8811	-0.00000194
41.8859	0.00000029
41.8909	-0.00000006
41.8953	0.00000081
41.9002	0.00000005
41.9052	0.00000008
41.9101	0.00000110
41.9144	0.00000018
41.9195	0.00000100
41.9246	0.00000028
41.9296	-0.00000031
41.9345	0.00000044
41.9397	-0.00000005
41.9446	0.00000109
41.9489	0.00000245
41.9534	0.00000224
41.9584	0.00000140
41.9631	0.00000031
41.9674	0.00000169
41.9726	0.00000199
41.9771	0.00000337
41.9823	0.00000237
41.9865	0.00000135
41.9916	0.00000126
41.9961	0.00000111
42.0010	0.00000080
42.0060	-0.00000054
42.0114	0.00000091
42.0163	0.00000004
42.0212	-0.00000102
42.0257	-0.00000140
42.0301	-0.00000224
42.0354	-0.00000096
42.0402	-0.00000066
42.0452	0.00000025
42.0498	0.00000214
42.0540	0.00000185
42.0582	0.00000155
42.0630	0.00000002
42.0673	0.00000256
42.0723	0.00000305
42.0772	0.00000355
42.0824	0.00000151
42.0873	0.00000086
42.0917	0.00000164
42.0967	0.00000154
42.1011	0.00000128
42.1060	-0.00000053
42.1103	0.00000070
42.1147	0.00000071
42.1190	0.00000104
42.1241	0.00000038
42.1292	-0.00000374
42.1343	-0.00000293
42.1392	-0.00000202
42.1436	-0.00000185
42.1488	-0.00000185
42.1536	-0.00000204
42.1587	-0.00000139
42.1636	-0.00000131
42.1679	-0.00000150
42.1729	-0.00000189
42.1779	-0.00000143
42.1822	-0.00000229
42.1873	-0.00000197
42.1917	-0.00000209
42.1970	-0.00000346
42.2014	-0.00000310
42.2063	-0.00000212
42.2105	-0.00000252
42.2155	-0.00000125
42.2204	-0.00000070
42.2255	0.00000066
42.2307	-0.00000023
42.2356	-0.00000088
42.2397	-0.00000110
42.2450	0.00000030
42.2494	-0.00000003
42.2541	0.00000115
42.2591	0.00000058
42.2642	0.00000038
42.2688	-0.00000077
42.2739	0.00000176
42.2782	0.00000042
42.2834	0.00000249
42.2883	0.00000171
42.2931	0.00000003
42.2983	-0.00000017
42.3032	-0.00000045
42.3083	-0.00000133
42.3130	-0.00000114
42.3178	-0.00000009
42.3228	0.00000024
42.3272	0.00000003
42.3324	0.00000134
42.3374	-0.00000005
42.3424	0.00000127
42.3474	0.00000107
42.3519	-0.00000041
42.3567	0.00000112
42.3616	-0.00000061
42.3662	-0.00000034
42.3712	0.00000051
42.3755	0.00000128
42.3806	0.00000240
42.3855	0.00000208
42.3906	0.00000147
42.3951	0.00000192
42.3999	0.00000264
42.4050	0.00000140
42.4099	0.00000149
42.4148	0.00000182
42.4201	0.00000192
42.4252	0.00000081
42.4299	0.00000174
42.4353	0.00000000
42.4410	0.00000099
42.4456	0.00000178
42.4501	-0.00000007
42.4552	0.00000002
42.4597	0.00000110
42.4649	0.00000008
42.4698	0.00000223
42.4747	-0.00000087
42.4791	-0.00000138
42.4843	0.00000058
42.4888	0.00000003
42.4933	0.00000203
42.4984	0.00000269
42.5032	0.00000298
42.5083	0.00000238
42.5133	0.00000206
42.5175	0.00000210
42.5225	0.00000187
42.5268	0.00000145
42.5312	0.00000075
42.5362	0.00000057
42.5404	0.00000034
42.5454	-0.00000023
42.5505	-0.00000087
42.5550	-0.00000007
42.5599	0.00000005
42.5649	-0.00000050
42.5699	0.00000144
42.5749	0.00000206
42.5791	0.00000207
42.5839	0.00000202
42.5883	0.00000180
42.5932	0.00000210
42.5984	0.00000128
42.6033	0.00000150
42.6076	-0.00000129
42.6126	-0.00000177
42.6175	-0.00000165
42.6225	-0.00000043
42.6278	-0.00000217
42.6328	-0.00000087
42.6378	-0.00000012
42.6423	-0.00000073
42.6467	0.00000055
42.6521	0.00000041
42.6572	-0.00000078
42.6617	-0.00000140
42.6667	-0.00000249
42.6717	-0.00000413
42.6770	-0.00000311
42.6814	-0.00000170
42.6862	-0.00000038
42.6913	0.00000041
42.6963	0.00000128
42.7007	0.00000062
42.7057	0.00000075
42.7101	0.00000055
42.7147	-0.00000061
42.7196	-0.00000126
42.7245	-0.00000014
42.7290	-0.00000104
42.7334	0.00000020
42.7385	0.00000040
42.7429	0.00000011
42.7479	0.00000009
42.7526	-0.00000120
42.7577	-0.00000279
42.7621	-0.00000222
42.7664	-0.00000235
42.7716	0.00000005
42.7766	-0.00000083
42.7815	0.00000012
42.7864	-0.00000038
42.7914	-0.00000115
42.7960	-0.00000136
42.8005	0.00000025
42.8054	-0.00000081
42.8104	0.00000045
42.8152	0.00000044
42.8204	0.00000023
42.8253	0.00000106
42.8304	0.00000272
42.8353	0.00000249
42.8406	0.00000275
42.8456	0.00000213
42.8500	0.00000223
42.8547	0.00000086
42.8591	0.00000103
42.8635	0.00000086
42.8687	-0.00000008
42.8729	0.00000104
42.8780	0.00000063
42.8830	0.00000094
42.8879	-0.00000011
42.8925	0.00000067
42.8970	-0.00000017
42.9015	0.00000149
42.9059	0.00000261
42.9108	0.00000289
42.9153	0.00000255
42.9204	0.00000046
42.9254	0.00000139
42.9304	0.00000109
42.9352	0.00000074
42.9402	-0.00000090
42.9449	-0.00000065
42.9495	-0.00000054
42.9542	-0.00000252
42.9592	-0.00000035
42.9645	-0.00000008
42.9697	-0.00000165
42.9743	-0.00000318
42.9793	-0.00000182
42.9843	0.00000038
42.9888	-0.00000025
42.9938	-0.00000094
42.9982	-0.00000057
43.0028	0.00000051
43.0077	0.00000132
43.0120	-0.00000021
43.0169	-0.00000002
43.0220	-0.00000027
43.0271	-0.00000088
43.0314	-0.00000052
43.0365	0.00000047
43.0411	-0.00000098
43.0458	-0.00000118
43.0501	-0.00000171
43.0547	-0.00000060
43.0598	-0.00000094
43.0648	-0.00000109
43.0699	-0.00000006
43.0745	0.00000074
43.0794	0.00000157
43.0843	0.00000145
43.0894	0.00000051
43.0944	-0.00000003
43.0993	0.00000158
43.1049	0.00000211
43.1098	0.00000024
43.1143	-0.00000146
43.1193	0.00000066
43.1245	-0.00000059
43.1289	-0.00000053
43.1341	-0.00000128
43.1391	-0.00000300
43.1436	-0.00000156
43.1487	-0.00000090
43.1535	0.00000064
43.1584	-0.00000096
43.1629	0.00000054
43.1685	-0.00000074
43.1734	-0.00000192
43.1785	-0.00000138
43.1835	-0.00000091
43.1884	0.00000067
43.1934	-0.00000045
43.1977	-0.00000115
43.2030	-0.00000195
43.2079	-0.00000064
43.2130	-0.00000120
43.2177	-0.00000236
43.2226	-0.00000333
43.2269	-0.00000332
43.2321	-0.00000388
43.2369	-0.00000369
43.2421	-0.00000392
43.2470	-0.00000332
43.2515	-0.00000278
43.2562	-0.00000240
43.2610	-0.00000139
43.2655	-0.00000040
43.2706	0.00000106
43.2756	0.00000054
43.2806	-0.00000144
43.2857	-0.00000177
43.2907	-0.00000159
43.2951	-0.00000176
43.2995	-0.00000228
43.3046	-0.00000043
43.3096	-0.00000002
43.3142	-0.00000009
43.3194	-0.00000160
43.3242	-0.00000019
43.3292	0.00000092
43.3342	-0.00000089
43.3392	-0.00000088
43.3444	-0.00000195
43.3492	-0.00000165
43.3542	-0.00000175
43.3595	-0.00000171
43.3638	-0.00000077
43.3688	-0.00000107
43.3738	-0.00000236
43.3790	-0.00000108
43.3840	-0.00000229
43.3885	-0.00000033
43.3934	0.00000017
43.3978	-0.00000028
43.4024	-0.00000064
43.4074	0.00000023
43.4119	-0.00000060
43.4169	-0.00000026
43.4219	0.00000054
43.4268	-0.00000100
43.4312	-0.00000228
43.4361	-0.00000131
43.4412	-0.00000181
43.4458	-0.00000125
43.4502	0.00000220
43.4551	0.00000246
43.4601	0.00000262
43.4652	0.00000287
43.4696	0.00000242
43.4745	0.00000256
43.4791	0.00000154
43.4836	0.00000221
43.4884	0.00000038
43.4935	0.00000043
43.4979	0.00000090
43.5028	0.00000167
43.5079	0.00000315
43.5128	0.00000172
43.5184	0.00000261
43.5227	0.00000280
43.5270	0.00000065
43.5314	-0.00000129
43.5361	-0.00000005
43.5411	0.00000046
43.5461	-0.00000181
43.5511	-0.00000195
43.5557	-0.00000015
43.5608	0.00000019
43.5661	0.00000036
43.5713	0.00000080
43.5760	-0.00000125
43.5810	-0.00000051
43.5861	0.00000196
43.5907	0.00000266
43.5950	0.00000353
43.5995	0.00000302
43.6044	0.00000165
43.6094	0.00000034
43.6144	0.00000095
43.6194	0.00000021
43.6245	-0.00000079
43.6294	-0.00000155
43.6346	-0.00000245
43.6394	-0.00000134
43.6437	-0.00000127
43.6479	-0.00000200
43.6528	0.00000001
43.6579	-0.00000113
43.6630	-0.00000266
43.6679	-0.00000424
43.6722	-0.00000307
43.6774	-0.00000311
43.6819	-0.00000201
43.6868	-0.00000238
43.6917	-0.00000172
43.6967	-0.00000195
43.7016	-0.00000194
43.7069	-0.00000132
43.7116	-0.00000239
43.7166	-0.00000182
43.7216	0.00000034
43.7266	0.00000105
43.7316	-0.00000163
43.7366	-0.00000298
43.7409	-0.00000195
43.7454	-0.00000184
43.7496	-0.00000100
43.7539	-0.00000046
43.7587	0.00000004
43.7636	0.00000026
43.7688	-0.00000123
43.7739	-0.00000086
43.7789	-0.00000172
43.7833	-0.00000121
43.7878	-0.00000037
43.7928	-0.00000029
43.7981	0.00000095
43.8023	0.00000017
43.8072	0.00000005
43.8122	-0.00000136
43.8173	-0.00000159
43.8217	-0.00000275
43.8261	-0.00000318
43.8307	-0.00000142
43.8357	-0.00000204
43.8409	-0.00000182
43.8459	0.00000006
43.8509	-0.00000100
43.8557	-0.00000016
43.8608	-0.00000031
43.8658	-0.00000011
43.8708	-0.00000153
43.8760	-0.00000008
43.8809	0.00000258
43.8860	0.00000192
43.8909	0.00000176
43.8954	0.00000115
43.8998	0.00000248
43.9048	0.00000311
43.9091	0.00000179
43.9135	0.00000254
43.9184	0.00000281
43.9235	0.00000308
43.9285	0.00000341
43.9336	0.00000388
43.9385	0.00000244
43.9426	0.00000337
43.9470	0.00000467
43.9521	0.00000253
43.9568	0.00000158
43.9619	0.00000158
43.9664	0.00000221
43.9714	0.00000271
43.9764	0.00000259
43.9812	0.00000103
43.9854	0.00000249
43.9898	0.00000167
43.9949	-0.00000027
44.0000	-0.00000006
44.0050	-0.00000007
44.0101	-0.00000134
44.0151	-0.00000119
44.0200	-0.00000206
44.0251	-0.00000169
44.0296	-0.00000118
44.0347	-0.00000027
44.0400	-0.00000032
44.0451	-0.00000113
44.0501	-0.00000003
44.0550	0.00000169
44.0600	0.00000201
44.0649	0.00000160
44.0694	0.00000224
44.0744	-0.00000033
44.0790	0.00000007
44.0838	0.00000132
44.0888	0.00000132
44.0940	0.00000140
44.0989	0.00000094
44.1039	0.00000079
44.1089	-0.00000100
44.1140	0.00000082
44.1188	-0.00000030
44.1230	-0.00000011
44.1280	0.00000010
44.1331	0.00000051
44.1380	0.00000062
44.1422	0.00000316
44.1464	0.00000251
44.1512	0.00000250
44.1558	-0.00000017
44.1610	-0.00000034
44.1654	0.00000049
44.1706	0.00000113
44.1754	0.00000147
44.1798	0.00000183
44.1846	0.00000289
44.1890	0.00000536
44.1933	0.00000404
44.1980	0.00000520
44.2030	0.00000481
44.2078	0.00000242
44.2128	0.00000325
44.2177	0.00000401
44.2225	0.00000321
44.2270	0.00000256
44.2322	0.00000398
44.2371	0.00000415
44.2427	0.00000319
44.2472	0.00000134
44.2522	0.00000168
44.2567	0.00000122
44.2610	0.00000270
44.2661	0.00000451
44.2705	0.00000485
44.2746	0.00000424
44.2796	0.00000256
44.2840	0.00000129
44.2887	0.00000074
44.2940	0.00000027
44.2989	0.00000021
44.3041	0.00000056
44.3091	0.00000104
44.3134	-0.00000058
44.3183	-0.00000220
44.3229	-0.00000199
44.3280	-0.00000148
44.3330	-0.00000061
44.3379	-0.00000152
44.3420	0.00000038
44.3463	-0.00000005
44.3507	0.00000109
44.3551	0.00000092
44.3599	0.00000013
44.3649	-0.00000201
44.3700	-0.00000008
44.3749	-0.00000164
44.3800	-0.00000118
44.3850	0.00000074
44.3899	-0.00000063
44.3942	-0.00000015
44.3986	0.00000030
44.4032	-0.00000025
44.4080	-0.00000012
44.4132	-0.00000087
44.4180	-0.00000072
44.4224	-0.00000181
44.4274	-0.00000163
44.4324	-0.00000059
44.4374	-0.00000037
44.4426	-0.00000092
44.4470	-0.00000087
44.4518	-0.00000099
44.4568	-0.00000109
44.4615	-0.00000027
44.4662	0.00000078
44.4713	-0.00000080
44.4764	-0.00000304
44.4814	-0.00000104
44.4864	-0.00000000
44.4915	0.00000049
44.4963	-0.00000071
44.5013	0.00000236
44.5063	-0.00000026
44.5113	0.00000000
44.5160	-0.00000161
44.5210	-0.00000088
44.5255	-0.00000082
44.5303	-0.00000109
44.5353	0.00000030
44.5396	-0.00000037
44.5447	0.00000054
44.5496	-0.00000035
44.5547	0.00000015
44.5593	-0.00000110
44.5637	-0.00000062
44.5685	-0.00000121
44.5737	-0.00000104
44.5779	-0.00000009
44.5830	0.00000106
44.5881	0.00000064
44.5931	0.00000059
44.5975	0.00000030
44.6026	0.00000085
44.6069	-0.00000063
44.6120	-0.00000187
44.6169	0.00000008
44.6219	-0.00000039
44.6270	-0.00000054
44.6322	-0.00000083
44.6370	-0.00000005
44.6416	-0.00000163
44.6468	-0.00000122
44.6518	0.00000120
44.6568	0.00000113
44.6616	0.00000161
44.6659	0.00000051
44.6704	0.00000087
44.6754	-0.00000095
44.6806	-0.00000051
44.6854	-0.00000034
44.6904	-0.00000048
44.6957	-0.00000042
44.7010	-0.00000097
44.7060	-0.00000166
44.7110	-0.00000370
44.7161	-0.00000364
44.7208	-0.00000468
44.7267	-0.00000311
44.7319	-0.00000446
44.7368	-0.00000288
44.7418	-0.00000231
44.7469	-0.00000144
44.7520	-0.00000006
44.7565	0.00000008
44.7613	-0.00000018
44.7665	0.00000005
44.7710	0.00000026
44.7760	-0.00000052
44.7805	0.00000183
44.7857	0.00000009
44.7906	-0.00000108
44.7957	0.00000060
44.8006	0.00000017
44.8048	0.00000029
44.8095	0.00000010
44.8138	0.00000046
44.8181	-0.00000008
44.8231	0.00000159
44.8275	0.00000007
44.8327	0.00000048
44.8372	0.00000048
44.8421	-0.00000033
44.8469	-0.00000088
44.8519	-0.00000083
44.8569	-0.00000064
44.8613	-0.00000117
44.8664	-0.00000095
44.8708	-0.00000016
44.8758	0.00000023
44.8804	-0.00000050
44.8854	-0.00000113
44.8906	-0.00000021
44.8950	-0.00000059
44.8995	-0.00000017
44.9049	-0.00000099
44.9094	0.00000083
44.9143	-0.00000107
44.9186	0.00000068
44.9235	0.00000011
44.9286	0.00000040
44.9335	-0.00000041
44.9379	0.00000035
44.9426	0.00000155
44.9478	0.00000283
44.9525	0.00000316
44.9568	0.00000304
44.9616	0.00000381
44.9664	0.00000401
44.9713	0.00000344
44.9764	0.00000364
44.9813	0.00000071
44.9857	0.00000093
44.9909	0.00000227
44.9959	0.00000253
45.0010	0.00000077
45.0052	0.00000248
45.0102	0.00000059
45.0151	-0.00000047
45.0201	-0.00000138
45.0255	-0.00000215
45.0297	-0.00000172
45.0347	-0.00000159
45.0396	-0.00000083
45.0448	0.00000056
45.0497	-0.00000141
45.0540	-0.00000070
45.0589	0.00000033
45.0631	0.00000089
45.0674	0.00000087
45.0724	0.00000034
45.0775	0.00000167
45.0825	0.00000189
45.0870	0.00000181
45.0921	0.00000159
45.0973	0.00000210
45.1022	0.00000273
45.1065	0.00000365
45.1109	0.00000200
45.1159	0.00000203
45.1210	0.00000003
45.1260	0.00000033
45.1311	0.00000077
45.1360	-0.00000213
45.1410	-0.00000228
45.1453	-0.00000307
45.1502	-0.00000286
45.1552	-0.00000156
45.1605	0.00000043
45.1654	0.00000068
45.1704	0.00000124
45.1754	0.00000200
45.1804	0.00000041
45.1845	0.00000048
45.1894	0.00000084
45.1937	0.00000206
45.1989	0.00000200
45.2033	0.00000031
45.2085	-0.00000015
45.2132	0.00000129
45.2180	-0.00000003
45.2226	-0.00000074
45.2277	-0.00000269
45.2329	-0.00000213
45.2375	-0.00000079
45.2425	-0.00000071
45.2470	-0.00000015
45.2521	-0.00000016
45.2572	0.00000077
45.2618	0.00000054
45.2661	-0.00000067
45.2713	-0.00000019
45.2762	-0.00000053
45.2813	-0.00000075
45.2862	-0.00000167
45.2912	-0.00000250
45.2964	-0.00000215
45.3016	-0.00000217
45.3064	-0.00000125
45.3109	-0.00000038
45.3153	0.00000012
45.3196	-0.00000098
45.3242	-0.00000131
45.3293	-0.00000010
45.3342	-0.00000010
45.3386	-0.00000030
45.3437	0.00000151
45.3489	0.00000037
45.3533	0.00000002
45.3579	-0.00000077
45.3626	-0.00000144
45.3675	-0.00000035
45.3724	-0.00000156
45.3775	-0.00000265
45.3820	-0.00000265
45.3870	-0.00000189
45.3917	-0.00000109
45.3969	-0.00000173
45.4019	-0.00000078
45.4062	0.00000019
45.4113	0.00000196
45.4161	0.00000092
45.4212	0.00000053
45.4259	-0.00000052
45.4310	-0.00000121
45.4355	-0.00000187
45.4408	-0.00000199
45.4462	-0.00000118
45.4510	-0.00000234
45.4561	-0.00000241
45.4615	-0.00000296
45.4663	-0.00000187
45.4706	-0.00000216
45.4757	-0.00000153
45.4803	-0.00000331
45.4850	-0.00000319
45.4900	-0.00000110
45.4950	-0.00000103
45.5000	-0.00000261
45.5053	-0.00000300
45.5104	-0.00000234
45.5153	-0.00000049
45.5200	0.00000073
45.5248	0.00000130
45.5300	0.00000082
45.5349	-0.00000066
45.5398	-0.00000172
45.5450	-0.00000223
45.5498	-0.00000252
45.5550	-0.00000340
45.5601	-0.00000230
45.5647	-0.00000171
45.5698	-0.00000113
45.5748	-0.00000242
45.5797	-0.00000185
45.5847	-0.00000095
45.5895	-0.00000057
45.5948	-0.00000182
45.5995	-0.00000272
45.6047	-0.00000253
45.6097	-0.00000296
45.6148	-0.00000382
45.6198	-0.00000315
45.6247	-0.00000335
45.6295	-0.00000335
45.6337	-0.00000354
45.6388	-0.00000393
45.6437	-0.00000197
45.6489	-0.00000212
45.6539	-0.00000287
45.6589	-0.00000032
45.6635	0.00000088
45.6685	0.00000116
45.6734	0.00000169
45.6786	0.00000076
45.6838	-0.00000088
45.6882	-0.00000055
45.6924	0.00000002
45.6974	-0.00000117
45.7026	-0.00000069
45.7080	-0.00000297
45.7124	-0.00000191
45.7172	-0.00000127
45.7216	0.00000031
45.7258	-0.00000085
45.7308	-0.00000156
45.7369	-0.00000218
45.7418	-0.00000175
45.7469	-0.00000062
45.7520	0.00000054
45.7569	-0.00000094
45.7617	-0.00000188
45.7666	-0.00000219
45.7718	-0.00000236
45.7768	-0.00000276
45.7816	-0.00000152
45.7869	-0.00000192
45.7916	-0.00000082
45.7961	-0.00000099
45.8003	-0.00000115
45.8044	-0.00000163
45.8097	-0.00000124
45.8146	-0.00000230
45.8211	-0.00000038
45.8256	-0.00000085
45.8301	-0.00000097
45.8348	0.00000002
45.8396	0.00000062
45.8449	0.00000028
45.8495	-0.00000040
45.8540	-0.00000110
45.8588	-0.00000244
45.8632	-0.00000414
45.8680	-0.00000252
45.8729	-0.00000441
45.8772	-0.00000374
45.8816	-0.00000348
45.8863	-0.00000222
45.8916	-0.00000090
45.8969	-0.00000288
45.9014	-0.00000243
45.9060	-0.00000068
45.9103	-0.00000116
45.9153	-0.00000117
45.9201	-0.00000060
45.9247	0.00000069
45.9297	-0.00000000
45.9345	-0.00000193
45.9394	-0.00000076
45.9438	-0.00000218
45.9489	-0.00000221
45.9539	-0.00000087
45.9590	0.00000004
45.9634	0.00000088
45.9677	-0.00000035
45.9729	-0.00000125
45.9776	-0.00000116
45.9827	-0.00000093
45.9877	-0.00000029
45.9922	-0.00000026
45.9967	-0.00000043
46.0014	-0.00000090
46.0066	-0.00000167
46.0114	-0.00000235
46.0163	-0.00000138
46.0221	0.00000139
46.0265	0.00000270
46.0309	0.00000251
46.0361	0.00000250
46.0410	0.00000238
46.0460	0.00000199
46.0507	0.00000050
46.0555	-0.00000088
46.0599	-0.00000207
46.0646	-0.00000302
46.0699	-0.00000282
46.0746	-0.00000267
46.0789	-0.00000356
46.0837	-0.00000473
46.0884	-0.00000326
46.0931	-0.00000030
46.0979	-0.00000041
46.1047	0.00000135
46.1090	0.00000111
46.1140	0.00000076
46.1186	-0.00000057
46.1237	-0.00000042
46.1287	-0.00000003
46.1337	-0.00000049
46.1385	0.00000067
46.1427	0.00000195
46.1480	0.00000309
46.1534	0.00000193
46.1579	0.00000158
46.1623	0.00000257
46.1675	-0.00000053
46.1727	0.00000092
46.1775	0.00000181
46.1824	0.00000075
46.1875	0.00000043
46.1927	0.00000105
46.1969	0.00000087
46.2015	-0.00000034
46.2065	0.00000058
46.2107	0.00000200
46.2156	0.00000106
46.2206	0.00000259
46.2257	0.00000261
46.2301	0.00000334
46.2351	0.00000372
46.2398	0.00000320
46.2449	0.00000180
46.2492	0.00000245
46.2542	0.00000240
46.2593	0.00000275
46.2637	0.00000191
46.2686	0.00000007
46.2739	0.00000186
46.2787	0.00000055
46.2836	0.00000056
46.2881	-0.00000015
46.2926	-0.00000074
46.2975	0.00000010
46.3035	-0.00000079
46.3086	-0.00000177
46.3137	-0.00000076
46.3185	0.00000104
46.3234	-0.00000001
46.3278	-0.00000105
46.3319	-0.00000016
46.3375	0.00000076
46.3422	0.00000096
46.3469	0.00000107
46.3512	0.00000056
46.3554	0.00000143
46.3605	0.00000058
46.3651	0.00000079
46.3700	-0.00000044
46.3745	0.00000096
46.3796	0.00000062
46.3845	-0.00000068
46.3895	0.00000018
46.3944	0.00000108
46.3992	0.00000289
46.4036	0.00000193
46.4088	0.00000229
46.4137	-0.00000088
46.4198	-0.00000105
46.4250	-0.00000204
46.4300	-0.00000246
46.4347	-0.00000146
46.4399	-0.00000335
46.4449	-0.00000175
46.4496	-0.00000258
46.4546	-0.00000214
46.4597	-0.00000214
46.4648	-0.00000278
46.4697	-0.00000436
46.4746	-0.00000387
46.4795	-0.00000155
46.4840	-0.00000073
46.4894	-0.00000040
46.4940	-0.00000081
46.4990	-0.00000224
46.5038	-0.00000233
46.5089	-0.00000229
46.5138	-0.00000087
46.5197	-0.00000045
46.5246	0.00000135
46.5296	0.00000102
46.5337	0.00000203
46.5385	0.00000331
46.5428	0.00000210
46.5470	0.00000291
46.5531	0.00000468
46.5580	0.00000426
46.5632	0.00000263
46.5674	0.00000214
46.5723	0.00000024
46.5769	0.00000012
46.5812	-0.00000086
46.5867	0.00000018
46.5912	0.00000218
46.5961	0.00000409
46.6010	0.00000189
46.6062	0.00000042
46.6112	-0.00000100
46.6159	-0.00000232
46.6204	-0.00000244
46.6254	-0.00000148
46.6299	-0.00000095
46.6350	-0.00000181
46.6400	-0.00000262
46.6451	-0.00000210
46.6504	-0.00000125
46.6552	-0.00000315
46.6603	-0.00000084
46.6645	-0.00000032
46.6696	-0.00000032
46.6748	0.00000087
46.6798	0.00000025
46.6847	0.00000038
46.6899	-0.00000099
46.6948	-0.00000140
46.6999	-0.00000146
46.7045	-0.00000044
46.7096	0.00000029
46.7139	0.00000066
46.7199	-0.00000033
46.7244	-0.00000166
46.7294	-0.00000019
46.7343	0.00000118
46.7394	0.00000225
46.7444	0.00000178
46.7494	-0.00000010
46.7540	-0.00000108
46.7587	0.00000016
46.7640	-0.00000132
46.7684	-0.00000106
46.7735	-0.00000062
46.7784	-0.00000113
46.7834	-0.00000136
46.7879	-0.00000006
46.7927	0.00000015
46.7977	0.00000049
46.8033	0.00000090
46.8076	0.00000161
46.8127	-0.00000012
46.8176	-0.00000066
46.8225	-0.00000154
46.8273	-0.00000008
46.8317	-0.00000002
46.8367	-0.00000032
46.8420	0.00000032
46.8464	0.00000004
46.8507	-0.00000046
46.8557	0.00000064
46.8606	0.00000086
46.8653	-0.00000041
46.8703	-0.00000181
46.8754	-0.00000201
46.8798	-0.00000159
46.8848	-0.00000078
46.8900	0.00000010
46.8949	0.00000185
46.8994	0.00000319
46.9036	0.00000267
46.9077	0.00000143
46.9128	0.00000001
46.9177	0.00000012
46.9229	0.00000057
46.9277	0.00000036
46.9321	0.00000097
46.9371	0.00000178
46.9415	0.00000153
46.9465	0.00000080
46.9515	0.00000172
46.9565	0.00000337
46.9615	0.00000272
46.9659	0.00000128
46.9710	-0.00000062
46.9761	0.00000075
46.9811	0.00000103
46.9864	0.00000100
46.9918	0.00000022
46.9970	-0.00000009
47.0027	0.00000106
47.0069	0.00000079
47.0118	0.00000197
47.0170	0.00000137
47.0220	-0.00000077
47.0270	-0.00000004
47.0313	0.00000009
47.0366	-0.00000036
47.0416	-0.00000166
47.0465	-0.00000170
47.0528	-0.00000012
47.0574	0.00000066
47.0625	0.00000121
47.0673	0.00000017
47.0724	-0.00000005
47.0777	0.00000117
47.0825	0.00000112
47.0875	0.00000168
47.0923	0.00000302
47.0975	0.00000250
47.1026	0.00000250
47.1073	0.00000174
47.1123	0.00000046
47.1166	0.00000114
47.1213	0.00000014
47.1264	-0.00000028
47.1306	-0.00000078
47.1364	0.00000065
47.1407	-0.00000118
47.1458	-0.00000186
47.1508	-0.00000177
47.1559	-0.00000105
47.1606	-0.00000007
47.1654	-0.00000101
47.1706	-0.00000258
47.1756	-0.00000287
47.1807	-0.00000162
47.1862	-0.00000113
47.1906	-0.00000062
47.1957	-0.00000126
47.2007	0.00000012
47.2058	-0.00000048
47.2107	-0.00000252
47.2159	-0.00000165
47.2204	-0.00000179
47.2248	-0.00000323
47.2298	-0.00000487
47.2361	-0.00000435
47.2409	-0.00000364
47.2458	-0.00000257
47.2507	-0.00000202
47.2549	-0.00000212
47.2599	-0.00000093
47.2654	-0.00000091
47.2705	-0.00000192
47.2754	-0.00000145
47.2802	-0.00000164
47.2860	-0.00000155
47.2912	-0.00000207
47.2962	-0.00000003
47.3012	-0.00000116
47.3053	-0.00000137
47.3102	-0.00000073
47.3151	-0.00000106
47.3201	0.00000047
47.3248	0.00000257
47.3298	0.00000174
47.3358	0.00000275
47.3402	0.00000245
47.3451	0.00000231
47.3501	0.00000157
47.3553	-0.00000031
47.3597	0.00000059
47.3638	0.00000093
47.3694	0.00000238
47.3742	0.00000281
47.3785	0.00000369
47.3835	0.00000312
47.3882	0.00000396
47.3930	0.00000367
47.3974	0.00000199
47.4030	0.00000125
47.4076	0.00000229
47.4125	0.00000333
47.4175	0.00000311
47.4225	0.00000202
47.4272	0.00000262
47.4315	0.00000135
47.4362	0.00000075
47.4405	0.00000041
47.4451	0.00000121
47.4501	0.00000009
47.4552	-0.00000016
47.4598	0.00000014
47.4646	-0.00000008
47.4691	-0.00000122
47.4744	-0.00000162
47.4790	0.00000011
47.4833	0.00000073
47.4880	0.00000211
47.4930	0.00000142
47.4979	0.00000100
47.5025	0.00000119
47.5068	0.00000053
47.5119	0.00000013
47.5169	-0.00000114
47.5219	-0.00000110
47.5269	0.00000109
47.5318	0.00000046
47.5368	0.00000076
47.5419	0.00000089
47.5463	0.00000070
47.5525	-0.00000063
47.5571	0.00000178
47.5618	0.00000178
47.5667	-0.00000035
47.5717	-0.00000226
47.5767	-0.00000098
47.5815	-0.00000072
47.5865	-0.00000520
47.5910	-0.00000164
47.5962	-0.00000004
47.6016	0.00000465
47.6065	0.00000263
47.6113	-0.00000134
47.6165	0.00000105
47.6215	0.00000208
47.6265	0.00000330
47.6314	0.00000196
47.6362	0.00000251
47.6410	-0.00000059
47.6457	-0.00000032
47.6502	-0.00000036
47.6548	0.00000004
47.6597	0.00000346
47.6646	0.00000373
47.6698	0.00000064
47.6741	0.00000257
47.6786	0.00000153
47.6837	-0.00000243
47.6886	-0.00000420
47.6934	-0.00000064
47.6983	0.00000215
47.7029	-0.00000306
47.7081	-0.00000089
47.7130	-0.00000584
47.7192	-0.00000245
47.7235	-0.00000125
47.7280	0.00000221
47.7332	-0.00000594
47.7381	-0.00000212
47.7431	-0.00000455
47.7484	-0.00000500
47.7537	-0.00000382
47.7580	-0.00000179
47.7628	-0.00000372
47.7674	-0.00000789
47.7723	-0.00000218
47.7773	-0.00000452
47.7821	-0.00000204
47.7872	-0.00000243
47.7923	-0.00000407
47.7973	-0.00000447
47.8024	-0.00000728
47.8073	-0.00000408
47.8123	-0.00000237
47.8169	-0.00000132
47.8213	-0.00000129
47.8263	-0.00000037
47.8312	-0.00000188
47.8362	0.00000034
47.8408	-0.00000038
47.8459	-0.00000357
47.8503	-0.00000345
47.8556	0.00000140
47.8605	-0.00000082
47.8654	-0.00000080
47.8698	-0.00000350
47.8742	-0.00000293
47.8791	-0.00000446
47.8840	-0.00000248
47.8893	-0.00000172
47.8941	-0.00000197
47.8993	0.00000026
47.9046	-0.00000499
47.9096	-0.00000548
47.9144	-0.00000324
47.9194	-0.00000533
47.9237	-0.00000466
47.9288	-0.00000107
47.9332	-0.00000244
47.9380	0.00000012
47.9432	-0.00000116
47.9483	-0.00000375
47.9527	-0.00000552
47.9578	0.00000107
47.9623	-0.00000461
47.9683	-0.00000731
47.9731	-0.00000246
47.9780	0.00000146
47.9831	-0.00000316
47.9881	0.00000063
47.9928	0.00000199
47.9971	-0.00000186
48.0021	0.00000082
48.0063	0.00000016
48.0107	0.00000068
48.0157	0.00000156
48.0207	0.00000039
48.0250	-0.00000366
48.0294	0.00000147
48.0355	-0.00000471
48.0406	-0.00000574
48.0455	-0.00000365
48.0504	-0.00000339
48.0553	-0.00000336
48.0599	-0.00000254
48.0647	-0.00000735
48.0693	-0.00000558
48.0743	-0.00001187
48.0793	-0.00000120
48.0843	0.00000145
48.0895	0.00000139
48.0941	0.00000018
48.0991	0.00000464
48.1040	0.00000052
48.1083	0.00000281
48.1125	-0.00000272
48.1174	-0.00000300
48.1215	-0.00000101
48.1263	-0.00000321
48.1306	-0.00000425
48.1354	-0.00000257
48.1407	-0.00000388
48.1449	0.00000091
48.1499	0.00000134
48.1547	-0.00000253
48.1599	-0.00000577
48.1649	-0.00000022
48.1696	-0.00000014
48.1745	-0.00000754
48.1787	-0.00000096
48.1834	-0.00000064
48.1875	-0.00000025
48.1917	-0.00000056
48.1970	0.00000151
48.2017	0.00000177
48.2069	0.00000093
48.2119	-0.00000330
48.2167	0.00000078
48.2216	-0.00000008
48.2263	-0.00000166
48.2312	-0.00000594
48.2358	-0.00000159
48.2411	0.00000139
48.2458	-0.00000028
48.2520	-0.00000053
48.2567	-0.00000137
48.2608	-0.00000246
48.2659	-0.00000524
48.2707	-0.00000177
48.2758	-0.00000436
48.2805	0.00000304
48.2856	-0.00000771
48.2907	-0.00000511
48.2956	0.00000186
48.3021	0.00000388
48.3067	-0.00000390
48.3110	-0.00000147
48.3161	-0.00000118
48.3210	0.00000168
48.3264	-0.00000108
48.3312	-0.00000075
48.3355	-0.00000361
48.3405	-0.00000220
48.3446	-0.00000147
48.3497	-0.00000201
48.3548	-0.00000325
48.3591	0.00000197
48.3633	-0.00000194
48.3679	-0.00000430
48.3729	-0.00000136
48.3778	0.00000020
48.3822	-0.00000175
48.3872	-0.00000286
48.3924	-0.00000306
48.3972	-0.00000106
48.4024	-0.00000501
48.4067	-0.00000337
48.4111	-0.00000070
48.4154	-0.00000527
48.4203	-0.00000399
48.4247	-0.00000063
48.4296	-0.00000092
48.4354	-0.00000279
48.4398	-0.00000082
48.4444	0.00000060
48.4486	0.00000090
48.4527	-0.00000270
48.4570	0.00000079
48.4620	-0.00000170
48.4667	-0.00000809
48.4718	0.00000271
48.4767	-0.00000199
48.4815	-0.00000085
48.4856	-0.00000242
48.4900	-0.00000077
48.4948	-0.00000072
48.4998	-0.00000086
48.5041	-0.00000311
48.5094	0.00000156
48.5142	-0.00000347
48.5184	-0.00000683
48.5227	-0.00000270
48.5276	0.00000025
48.5326	-0.00000643
48.5380	-0.00000491
48.5429	-0.00000318
48.5477	-0.00000640
48.5527	-0.00000839
48.5579	-0.00000317
48.5629	-0.00000104
48.5685	-0.00000204
48.5729	-0.00000371
48.5778	-0.00000113
48.5827	-0.00000830
48.5876	-0.00000309
48.5919	-0.00000347
48.5969	-0.00000600
48.6025	-0.00000394
48.6068	-0.00000498
48.6112	-0.00000354
48.6162	-0.00000219
48.6213	-0.00000069
48.6262	-0.00000237
48.6311	-0.00000169
48.6355	-0.00000304
48.6401	-0.00000103
48.6449	-0.00000440
48.6501	-0.00000280
48.6550	-0.00000213
48.6601	0.00000044
48.6651	-0.00000159
48.6700	-0.00000412
48.6753	-0.00000091
48.6802	-0.00000152
48.6855	0.00000111
48.6897	-0.00000012
48.6949	-0.00000384
48.6999	-0.00000746
48.7045	-0.00000459
48.7095	-0.00000282
48.7145	0.00000501
48.7191	0.00000207
48.7235	-0.00000099
48.7287	0.00000035
48.7336	-0.00000388
48.7384	-0.00000630
48.7433	-0.00000408
48.7481	-0.00000298
48.7531	-0.00000499
48.7579	-0.00000217
48.7629	-0.00000340
48.7684	-0.00000310
48.7732	-0.00000212
48.7782	-0.00000824
48.7830	-0.00000342
48.7880	-0.00000217
48.7924	-0.00000286
48.7968	-0.00000316
48.8020	-0.00000326
48.8073	-0.00000350
48.8122	-0.00000428
48.8171	-0.00000203
48.8223	-0.00000248
48.8272	-0.00000030
48.8320	-0.00000454
48.8367	-0.00000583
48.8411	-0.00000259
48.8458	-0.00000521
48.8519	-0.00000367
48.8561	-0.00000641
48.8610	-0.00000449
48.8661	-0.00000653
48.8712	-0.00000426
48.8755	-0.00000078
48.8805	-0.00000791
48.8855	-0.00000550
48.8901	-0.00000755
48.8942	-0.00000879
48.8993	-0.00000684
48.9040	-0.00000886
48.9088	-0.00001080
48.9133	-0.00001230
48.9190	-0.00000801
48.9233	-0.00000719
48.9274	-0.00000645
48.9326	-0.00000491
48.9377	-0.00000668
48.9426	-0.00001047
48.9468	-0.00000995
48.9517	-0.00000666
48.9570	-0.00000757
48.9615	-0.00000610
48.9663	-0.00000725
48.9708	-0.00000982
48.9759	-0.00000992
48.9807	-0.00000758
48.9857	-0.00000674
48.9901	-0.00000934
48.9947	-0.00000514
48.9996	-0.00000625
49.0044	-0.00000864
49.0092	-0.00000442
49.0140	-0.00000882
49.0191	-0.00000968
49.0235	-0.00000742
49.0285	-0.00000397
49.0336	-0.00000291
49.0385	-0.00000408
49.0434	-0.00000117
49.0484	-0.00000431
49.0536	-0.00000409
49.0580	-0.00000217
49.0627	-0.00000497
49.0684	-0.00000139
49.0728	-0.00000400
49.0770	-0.00000452
49.0820	-0.00000450
49.0869	-0.00000715
49.0922	-0.00000696
49.0967	-0.00000304
49.1016	-0.00000564
49.1059	-0.00000670
49.1108	-0.00000329
49.1159	-0.00000689
49.1209	-0.00000628
49.1254	-0.00000463
49.1296	-0.00000813
49.1351	-0.00000766
49.1397	-0.00000571
49.1448	-0.00000690
49.1496	-0.00000493
49.1541	-0.00000574
49.1583	-0.00000498
49.1632	-0.00000565
49.1685	-0.00000391
49.1729	-0.00000806
49.1781	-0.00000659
49.1834	-0.00000860
49.1883	-0.00000888
49.1931	-0.00000827
49.1973	-0.00000493
49.2023	-0.00000720
49.2070	-0.00001146
49.2115	-0.00001205
49.2166	-0.00000971
49.2207	-0.00000844
49.2251	-0.00000700
49.2293	-0.00000944
49.2349	-0.00000724
49.2394	-0.00000879
49.2443	-0.00000798
49.2492	-0.00000463
49.2540	-0.00000234
49.2589	-0.00000785
49.2637	-0.00000499
49.2685	-0.00000949
49.2735	-0.00001203
49.2787	-0.00001285
49.2847	-0.00000861
49.2891	-0.00000969
49.2935	-0.00000698
49.2985	-0.00000957
49.3038	-0.00001034
49.3089	-0.00000561
49.3140	-0.00000583
49.3191	-0.00000826
49.3234	-0.00001069
49.3282	-0.00001085
49.3332	-0.00001256
49.3383	-0.00001451
49.3430	-0.00001370
49.3481	-0.00001162
49.3527	-0.00000786
49.3572	-0.00001053
49.3614	-0.00000909
49.3664	-0.00000963
49.3720	-0.00000883
49.3768	-0.00000667
49.3817	-0.00000377
49.3869	-0.00000927
49.3920	-0.00000777
49.3964	-0.00000857
49.4012	-0.00000917
49.4056	-0.00000492
49.4107	-0.00000938
49.4156	-0.00001148
49.4207	-0.00001235
49.4258	-0.00001288
49.4305	-0.00001024
49.4355	-0.00001600
49.4405	-0.00001064
49.4452	-0.00001319
49.4511	-0.00001447
49.4557	-0.00001279
49.4599	-0.00001558
49.4647	-0.00001735
49.4706	-0.00001973
49.4752	-0.00001326
49.4798	-0.00001074
49.4849	-0.00001223
49.4893	-0.00001185
49.4933	-0.00001473
49.4984	-0.00001430
49.5034	-0.00001093
49.5078	-0.00001948
49.5123	-0.00001638
49.5181	-0.00001227
49.5233	-0.00001571
49.5284	-0.00001313
49.5347	-0.00001215
49.5391	-0.00001337
49.5434	-0.00001177
49.5486	-0.00001140
49.5530	-0.00001180
49.5574	-0.00000796
49.5623	-0.00000792
49.5691	0.00000014
49.5738	-0.00000019
49.5789	0.00000102
49.5841	0.00000110
49.5885	0.00000032
49.5932	0.00000180
49.5984	0.00000329
49.6037	0.00000104
49.6079	0.00000079
49.6128	0.00000163
49.6179	0.00000170
49.6229	0.00000137
49.6279	0.00000127
49.6328	0.00000014
49.6378	-0.00000049
49.6421	0.00000134
49.6468	0.00000160
49.6521	0.00000035
49.6571	-0.00000068
49.6623	-0.00000049
49.6668	-0.00000042
49.6711	-0.00000260
49.6763	-0.00000295
49.6810	-0.00000316
49.6861	-0.00000213
49.6902	-0.00000234
49.6952	-0.00000181
49.7004	-0.00000068
49.7053	0.00000006
49.7096	0.00000019
49.7147	0.00000110
49.7197	0.00000219
49.7247	0.00000260
49.7298	0.00000110
49.7349	0.00000101
49.7394	-0.00000057
49.7447	-0.00000209
49.7496	-0.00000169
49.7548	-0.00000010
49.7594	-0.00000161
49.7643	-0.00000157
49.7693	-0.00000139
49.7737	-0.00000049
49.7786	-0.00000091
49.7834	-0.00000143
49.7879	-0.00000316
49.7928	-0.00000271
49.7977	-0.00000235
49.8027	-0.00000242
49.8078	0.00000039
49.8127	-0.00000069
49.8177	-0.00000254
49.8227	-0.00000137
49.8277	-0.00000180
49.8327	0.00000009
49.8378	-0.00000057
49.8427	0.00000035
49.8477	0.00000370
49.8527	0.00000352
49.8578	0.00000157
49.8628	0.00000201
49.8679	0.00000154
49.8726	0.00000205
49.8776	0.00000330
49.8826	0.00000414
49.8876	0.00000237
49.8926	0.00000205
49.8976	0.00000079
49.9026	0.00000028
49.9076	-0.00000032
49.9126	0.00000042
49.9176	-0.00000118
49.9226	-0.00000096
49.9276	-0.00000060
49.9326	0.00000036
49.9376	-0.00000045
49.9426	0.00000055
49.9476	0.00000051
49.9526	0.00000038
49.9577	-0.00000090
49.9626	0.00000096
49.9677	-0.00000011
49.9723	-0.00000048
49.9764	-0.00000028
49.9814	0.00000119
49.9864	0.00000138
49.9914	0.00000163
49.9965	0.00000066
50.0014	0.00000058
50.0064	0.00000061
50.0114	0.00000065
50.0164	0.00000142
50.0214	0.00000173
50.0264	0.00000193
50.0315	0.00000254
50.0364	0.00000071
50.0414	-0.00000160
50.0464	-0.00000141
50.0514	-0.00000042
50.0564	-0.00000036
50.0616	-0.00000064
50.0666	-0.00000060
50.0715	-0.00000074
50.0761	-0.00000148
50.0811	-0.00000203
50.0861	-0.00000003
50.0911	0.00000011
50.0960	-0.00000031
50.1001	0.00000268
50.1051	0.00000293
50.1101	0.00000117
50.1151	-0.00000048
50.1201	-0.00000136
50.1251	0.00000052
50.1300	0.00000006
50.1351	-0.00000132
50.1401	-0.00000191
50.1450	-0.00000181
50.1501	-0.00000247
50.1551	-0.00000319
50.1601	-0.00000233
50.1651	-0.00000177
50.1701	-0.00000246
50.1748	-0.00000120
50.1799	-0.00000054
50.1848	0.00000014
50.1898	-0.00000059
50.1947	-0.00000168
50.1999	0.00000028
50.2048	0.00000218
50.2098	0.00000280
50.2149	0.00000378
50.2198	0.00000372
50.2249	0.00000273
50.2299	0.00000378
50.2349	0.00000324
50.2399	0.00000410
50.2449	0.00000210
50.2499	0.00000219
50.2549	0.00000108
50.2600	-0.00000027
50.2650	0.00000052
50.2700	0.00000096
50.2748	0.00000061
50.2799	0.00000090
50.2848	-0.00000005
50.2890	0.00000008
50.2934	0.00000168
50.2984	0.00000127
50.3034	-0.00000016
50.3083	0.00000105
50.3135	-0.00000012
50.3183	-0.00000050
50.3229	-0.00000154
50.3276	-0.00000189
50.3326	-0.00000146
50.3369	-0.00000071
50.3412	-0.00000067
50.3464	-0.00000220
50.3507	-0.00000040
50.3558	-0.00000101
50.3610	-0.00000289
50.3659	-0.00000101
50.3708	0.00000041
50.3755	0.00000019
50.3805	0.00000061
50.3855	-0.00000117
50.3905	0.00000066
50.3950	0.00000155
50.3994	0.00000203
50.4038	0.00000256
50.4089	0.00000184
50.4137	0.00000256
50.4192	0.00000150
50.4243	0.00000195
50.4290	0.00000111
50.4342	0.00000129
50.4391	0.00000119
50.4441	0.00000310
50.4491	0.00000348
50.4535	0.00000411
50.4579	0.00000453
50.4630	0.00000430
50.4681	0.00000361
50.4728	0.00000210
50.4771	0.00000203
50.4822	0.00000290
50.4872	0.00000267
50.4921	0.00000104
50.4971	0.00000232
50.5022	-0.00000002
50.5071	0.00000068
50.5121	0.00000004
50.5168	-0.00000096
50.5217	0.00000056
50.5267	0.00000035
50.5318	0.00000170
50.5368	0.00000192
50.5417	0.00000149
50.5465	0.00000097
50.5521	0.00000275
50.5569	0.00000306
50.5617	0.00000115
50.5667	0.00000139
50.5712	-0.00000027
50.5758	-0.00000063
50.5809	0.00000146
50.5860	0.00000133
50.5910	0.00000001
50.5960	-0.00000030
50.6010	-0.00000052
50.6060	-0.00000031
50.6112	0.00000056
50.6163	-0.00000021
50.6210	-0.00000084
50.6263	-0.00000171
50.6313	-0.00000260
50.6364	-0.00000120
50.6409	-0.00000171
50.6457	-0.00000192
50.6502	-0.00000275
50.6554	-0.00000121
50.6606	-0.00000148
50.6656	-0.00000240
50.6699	-0.00000182
50.6749	-0.00000148
50.6800	-0.00000219
50.6852	-0.00000168
50.6903	-0.00000053
50.6953	0.00000020
50.6996	-0.00000041
50.7048	0.00000018
50.7097	-0.00000031
50.7146	-0.00000068
50.7197	-0.00000267
50.7248	-0.00000225
50.7296	-0.00000045
50.7339	-0.00000148
50.7390	-0.00000009
50.7434	-0.00000097
50.7485	-0.00000086
50.7529	-0.00000092
50.7580	-0.00000002
50.7630	0.00000046
50.7678	0.00000102
50.7728	-0.00000007
50.7773	0.00000133
50.7822	0.00000152
50.7872	0.00000069
50.7923	-0.00000161
50.7972	-0.00000205
50.8023	-0.00000263
50.8070	-0.00000218
50.8116	-0.00000150
50.8167	-0.00000204
50.8216	-0.00000058
50.8260	-0.00000127
50.8310	-0.00000274
50.8360	-0.00000324
50.8410	-0.00000274
50.8457	-0.00000223
50.8500	-0.00000271
50.8554	-0.00000164
50.8597	-0.00000014
50.8650	-0.00000046
50.8696	-0.00000064
50.8744	-0.00000165
50.8793	0.00000031
50.8842	-0.00000074
50.8891	0.00000036
50.8942	0.00000038
50.8992	0.00000077
50.9042	0.00000023
50.9092	-0.00000032
50.9141	-0.00000105
50.9185	-0.00000040
50.9231	0.00000085
50.9280	0.00000193
50.9330	0.00000166
50.9379	0.00000282
50.9422	0.00000269
50.9472	0.00000216
50.9517	0.00000179
50.9568	0.00000173
50.9611	0.00000238
50.9654	0.00000095
50.9704	0.00000211
50.9748	0.00000244
50.9799	0.00000236
50.9848	0.00000123
50.9896	0.00000122
50.9946	0.00000159
50.9996	0.00000332
51.0047	0.00000174
51.0098	0.00000210
51.0147	0.00000076
51.0197	0.00000307
51.0247	0.00000110
51.0290	0.00000081
51.0342	0.00000027
51.0388	0.00000002
51.0431	0.00000222
51.0477	0.00000103
51.0527	0.00000094
51.0578	0.00000109
51.0626	-0.00000003
51.0670	-0.00000012
51.0713	-0.00000031
51.0757	-0.00000176
51.0801	-0.00000132
51.0849	-0.00000212
51.0891	-0.00000099
51.0942	-0.00000118
51.0988	0.00000077
51.1031	0.00000051
51.1082	0.00000100
51.1129	0.00000189
51.1181	0.00000224
51.1231	0.00000176
51.1275	0.00000091
51.1326	0.00000080
51.1375	0.00000021
51.1424	-0.00000078
51.1475	-0.00000125
51.1524	-0.00000136
51.1576	-0.00000027
51.1623	-0.00000038
51.1674	-0.00000063
51.1728	-0.00000069
51.1771	-0.00000035
51.1821	0.00000168
51.1863	0.00000118
51.1912	0.00000010
51.1960	0.00000060
51.2014	0.00000181
51.2060	0.00000196
51.2111	0.00000290
51.2161	0.00000146
51.2212	0.00000193
51.2262	-0.00000031
51.2311	-0.00000002
51.2362	-0.00000001
51.2410	-0.00000100
51.2461	-0.00000048
51.2502	-0.00000111
51.2546	-0.00000024
51.2598	-0.00000094
51.2647	-0.00000145
51.2691	-0.00000045
51.2733	-0.00000015
51.2785	-0.00000014
51.2833	-0.00000001
51.2885	0.00000043
51.2933	-0.00000026
51.2982	0.00000044
51.3032	-0.00000073
51.3076	-0.00000171
51.3124	-0.00000172
51.3175	-0.00000325
51.3225	-0.00000354
51.3269	-0.00000326
51.3321	-0.00000201
51.3365	-0.00000104
51.3416	-0.00000272
51.3465	-0.00000141
51.3509	-0.00000149
51.3553	-0.00000153
51.3603	-0.00000025
51.3656	-0.00000032
51.3706	-0.00000001
51.3750	-0.00000117
51.3800	-0.00000205
51.3849	-0.00000122
51.3898	-0.00000059
51.3949	-0.00000132
51.3998	-0.00000166
51.4049	0.00000016
51.4098	-0.00000053
51.4148	0.00000003
51.4198	-0.00000026
51.4248	-0.00000030
51.4298	-0.00000112
51.4347	-0.00000127
51.4391	-0.00000056
51.4443	-0.00000282
51.4492	-0.00000273
51.4540	-0.00000268
51.4593	-0.00000062
51.4643	-0.00000179
51.4695	-0.00000267
51.4745	-0.00000126
51.4793	0.00000015
51.4842	0.00000080
51.4892	0.00000165
51.4942	0.00000144
51.4990	-0.00000025
51.5043	0.00000116
51.5091	0.00000238
51.5141	0.00000264
51.5191	0.00000268
51.5241	0.00000201
51.5290	0.00000205
51.5341	0.00000187
51.5391	0.00000057
51.5442	-0.00000109
51.5491	-0.00000218
51.5542	-0.00000146
51.5590	-0.00000127
51.5642	-0.00000130
51.5692	-0.00000093
51.5742	-0.00000111
51.5787	0.00000098
51.5837	0.00000007
51.5880	-0.00000029
51.5931	0.00000162
51.5976	0.00000036
51.6029	0.00000027
51.6078	0.00000126
51.6127	0.00000132
51.6179	0.00000267
51.6223	0.00000199
51.6265	0.00000119
51.6307	0.00000015
51.6361	0.00000170
51.6414	0.00000162
51.6465	0.00000152
51.6514	0.00000045
51.6556	-0.00000038
51.6606	0.00000199
51.6658	-0.00000142
51.6709	0.00000003
51.6753	-0.00000087
51.6799	-0.00000023
51.6850	-0.00000185
51.6895	-0.00000140
51.6939	-0.00000153
51.6986	-0.00000076
51.7030	-0.00000119
51.7078	-0.00000196
51.7127	-0.00000103
51.7169	0.00000016
51.7221	0.00000102
51.7265	0.00000092
51.7314	0.00000081
51.7357	0.00000101
51.7408	-0.00000096
51.7451	0.00000084
51.7501	-0.00000047
51.7552	-0.00000116
51.7602	0.00000057
51.7646	0.00000102
51.7697	0.00000118
51.7740	-0.00000000
51.7782	-0.00000017
51.7827	-0.00000100
51.7876	-0.00000145
51.7928	-0.00000291
51.7977	-0.00000256
51.8028	-0.00000142
51.8077	0.00000033
51.8127	0.00000056
51.8177	-0.00000081
51.8228	-0.00000042
51.8271	0.00000038
51.8328	0.00000183
51.8372	0.00000215
51.8415	0.00000091
51.8466	0.00000020
51.8515	0.00000061
51.8557	0.00000127
51.8607	0.00000185
51.8657	0.00000118
51.8700	0.00000106
51.8742	0.00000059
51.8787	-0.00000117
51.8837	0.00000015
51.8886	-0.00000051
51.8936	-0.00000064
51.8986	-0.00000015
51.9036	-0.00000095
51.9087	0.00000066
51.9138	0.00000023
51.9186	0.00000071
51.9238	0.00000138
51.9282	0.00000031
51.9334	0.00000039
51.9384	0.00000001
51.9435	0.00000074
51.9484	-0.00000072
51.9535	0.00000054
51.9584	0.00000152
51.9633	0.00000133
51.9678	0.00000046
51.9729	0.00000043
51.9779	0.00000024
51.9826	0.00000024
51.9876	-0.00000184
51.9928	-0.00000156
51.9979	-0.00000028
52.0030	0.00000044
52.0081	-0.00000123
52.0133	-0.00000199
52.0182	-0.00000047
52.0225	-0.00000007
52.0279	-0.00000035
52.0325	0.00000018
52.0376	-0.00000220
52.0425	-0.00000301
52.0476	-0.00000414
52.0525	-0.00000316
52.0576	-0.00000207
52.0624	-0.00000226
52.0676	-0.00000180
52.0726	-0.00000119
52.0776	-0.00000143
52.0824	-0.00000163
52.0874	-0.00000231
52.0924	-0.00000164
52.0974	-0.00000184
52.1024	-0.00000211
52.1074	-0.00000086
52.1124	-0.00000178
52.1174	-0.00000081
52.1224	0.00000028
52.1274	-0.00000140
52.1323	-0.00000048
52.1374	0.00000122
52.1423	0.00000118
52.1473	0.00000014
52.1523	0.00000167
52.1573	-0.00000310
52.1621	-0.00000182
52.1664	-0.00000322
52.1714	-0.00000318
52.1766	-0.00000278
52.1811	-0.00000323
52.1862	-0.00000144
52.1911	-0.00000098
52.1961	0.00000040
52.2011	0.00000077
52.2061	0.00000100
52.2111	0.00000087
52.2162	-0.00000018
52.2211	0.00000117
52.2262	0.00000091
52.2311	-0.00000019
52.2361	-0.00000056
52.2412	0.00000102
52.2461	0.00000245
52.2514	0.00000084
52.2562	-0.00000188
52.2612	-0.00000164
52.2663	-0.00000316
52.2712	-0.00000065
52.2761	-0.00000085
52.2808	0.00000052
52.2858	0.00000246
52.2908	0.00000092
52.2958	-0.00000004
52.3008	0.00000132
52.3058	0.00000133
52.3108	0.00000246
52.3158	0.00000153
52.3208	0.00000153
52.3258	0.00000130
52.3308	0.00000198
52.3359	0.00000195
52.3408	0.00000133
52.3458	0.00000061
52.3508	-0.00000071
52.3559	-0.00000005
52.3608	-0.00000067
52.3661	-0.00000042
52.3710	-0.00000097
52.3760	0.00000046
52.3806	0.00000086
52.3858	-0.00000029
52.3908	-0.00000053
52.3956	-0.00000154
52.4007	-0.00000172
52.4057	-0.00000087
52.4111	-0.00000033
52.4162	-0.00000108
52.4213	-0.00000193
52.4257	-0.00000211
52.4306	-0.00000166
52.4349	-0.00000104
52.4394	-0.00000070
52.4444	-0.00000023
52.4493	-0.00000059
52.4535	0.00000025
52.4586	0.00000079
52.4635	-0.00000034
52.4677	0.00000079
52.4727	0.00000002
52.4779	-0.00000086
52.4827	-0.00000081
52.4871	-0.00000199
52.4920	-0.00000126
52.4969	-0.00000266
52.5020	-0.00000256
52.5063	-0.00000190
52.5113	-0.00000167
52.5162	-0.00000167
52.5208	-0.00000028
52.5255	-0.00000028
52.5306	0.00000078
52.5350	0.00000156
52.5392	0.00000138
52.5441	-0.00000141
52.5491	-0.00000008
52.5533	0.00000098
52.5575	0.00000167
52.5627	0.00000031
52.5669	-0.00000136
52.5712	0.00000040
52.5754	0.00000078
52.5798	-0.00000043
52.5845	-0.00000172
52.5896	-0.00000164
52.5946	-0.00000215
52.5996	-0.00000178
52.6042	-0.00000212
52.6092	-0.00000152
52.6141	-0.00000122
52.6184	-0.00000180
52.6235	0.00000057
52.6284	0.00000025
52.6336	-0.00000014
52.6386	-0.00000243
52.6430	-0.00000301
52.6474	-0.00000193
52.6519	0.00000007
52.6571	0.00000047
52.6620	-0.00000054
52.6670	0.00000076
52.6715	0.00000133
52.6766	0.00000027
52.6813	-0.00000099
52.6864	-0.00000031
52.6914	-0.00000043
52.6963	0.00000008
52.7005	0.00000143
52.7048	0.00000108
52.7093	0.00000128
52.7144	0.00000013
52.7193	-0.00000041
52.7244	-0.00000130
52.7288	-0.00000266
52.7341	-0.00000231
52.7390	-0.00000360
52.7440	-0.00000258
52.7489	-0.00000219
52.7539	-0.00000065
52.7583	-0.00000195
52.7636	-0.00000106
52.7688	-0.00000099
52.7731	-0.00000119
52.7783	-0.00000188
52.7830	-0.00000157
52.7880	-0.00000147
52.7926	-0.00000034
52.7973	0.00000032
52.8024	-0.00000077
52.8074	-0.00000090
52.8117	-0.00000005
52.8167	-0.00000053
52.8212	0.00000048
52.8254	-0.00000057
52.8303	-0.00000150
52.8352	-0.00000160
52.8402	-0.00000270
52.8451	0.00000033
52.8498	0.00000064
52.8543	0.00000125
52.8593	0.00000106
52.8642	0.00000220
52.8684	0.00000157
52.8728	0.00000186
52.8780	0.00000232
52.8825	0.00000016
52.8872	0.00000108
52.8921	-0.00000034
52.8970	-0.00000050
52.9021	-0.00000079
52.9068	-0.00000149
52.9112	-0.00000135
52.9163	-0.00000154
52.9213	-0.00000045
52.9263	-0.00000136
52.9314	-0.00000258
52.9359	-0.00000043
52.9409	-0.00000061
52.9453	0.00000050
52.9506	0.00000083
52.9555	0.00000099
52.9605	-0.00000110
52.9655	0.00000092
52.9700	0.00000042
52.9750	-0.00000008
52.9799	-0.00000177
52.9849	-0.00000046
52.9899	-0.00000195
52.9949	-0.00000034
52.9999	0.00000116
53.0043	0.00000099
53.0088	0.00000102
53.0138	0.00000113
53.0187	0.00000182
53.0238	0.00000127
53.0285	0.00000276
53.0334	0.00000110
53.0386	0.00000212
53.0430	0.00000209
53.0479	0.00000031
53.0530	0.00000008
53.0579	-0.00000027
53.0625	-0.00000005
53.0676	-0.00000105
53.0720	0.00000024
53.0774	0.00000025
53.0824	0.00000142
53.0874	0.00000186
53.0921	0.00000312
53.0970	0.00000069
53.1021	-0.00000118
53.1073	-0.00000046
53.1124	-0.00000010
53.1176	-0.00000019
53.1219	0.00000075
53.1263	-0.00000035
53.1306	0.00000058
53.1350	-0.00000024
53.1402	0.00000003
53.1448	0.00000091
53.1502	-0.00000035
53.1551	0.00000002
53.1601	-0.00000079
53.1650	-0.00000012
53.1701	-0.00000092
53.1749	-0.00000009
53.1799	0.00000107
53.1847	-0.00000064
53.1897	-0.00000085
53.1946	-0.00000200
53.1996	-0.00000085
53.2047	0.00000060
53.2097	0.00000102
53.2147	0.00000139
53.2197	-0.00000030
53.2248	-0.00000147
53.2298	-0.00000028
53.2347	-0.00000096
53.2396	0.00000000
53.2445	0.00000035
53.2498	0.00000059
53.2547	-0.00000109
53.2597	-0.00000090
53.2647	0.00000068
53.2698	-0.00000044
53.2749	0.00000038
53.2800	-0.00000059
53.2848	0.00000073
53.2895	0.00000158
53.2944	0.00000050
53.2994	0.00000046
53.3045	0.00000175
53.3095	-0.00000159
53.3145	-0.00000035
53.3196	0.00000011
53.3245	0.00000054
53.3296	0.00000007
53.3346	0.00000005
53.3395	0.00000153
53.3444	0.00000188
53.3508	0.00000232
53.3559	0.00000185
53.3607	-0.00000068
53.3650	-0.00000020
53.3693	0.00000132
53.3738	0.00000185
53.3781	-0.00000124
53.3831	-0.00000171
53.3881	-0.00000117
53.3926	-0.00000174
53.3974	-0.00000087
53.4026	-0.00000179
53.4077	-0.00000119
53.4127	-0.00000172
53.4175	-0.00000213
53.4219	-0.00000239
53.4267	0.00000084
53.4319	0.00000207
53.4369	0.00000305
53.4421	0.00000414
53.4470	0.00000347
53.4511	0.00000214
53.4565	0.00000257
53.4614	0.00000234
53.4659	0.00000109
53.4703	0.00000059
53.4749	0.00000044
53.4794	-0.00000039
53.4839	-0.00000086
53.4890	-0.00000139
53.4940	0.00000022
53.4990	-0.00000161
53.5041	-0.00000026
53.5090	0.00000029
53.5140	-0.00000126
53.5184	-0.00000211
53.5236	-0.00000070
53.5287	-0.00000072
53.5339	-0.00000313
53.5384	-0.00000137
53.5428	-0.00000190
53.5480	-0.00000029
53.5531	-0.00000145
53.5573	-0.00000220
53.5616	-0.00000215
53.5668	-0.00000063
53.5711	-0.00000104
53.5755	-0.00000046
53.5805	-0.00000174
53.5854	-0.00000055
53.5897	-0.00000019
53.5941	0.00000017
53.5991	-0.00000073
53.6043	-0.00000158
53.6091	-0.00000020
53.6138	-0.00000039
53.6188	0.00000015
53.6238	0.00000025
53.6289	-0.00000119
53.6338	-0.00000134
53.6389	-0.00000107
53.6438	-0.00000076
53.6488	-0.00000010
53.6542	-0.00000100
53.6586	-0.00000043
53.6638	-0.00000163
53.6688	0.00000004
53.6731	-0.00000008
53.6785	-0.00000001
53.6840	-0.00000129
53.6890	-0.00000048
53.6934	0.00000175
53.6977	0.00000118
53.7021	0.00000110
53.7071	-0.00000001
53.7123	0.00000252
53.7172	0.00000190
53.7215	0.00000002
53.7265	0.00000039
53.7320	-0.00000245
53.7368	-0.00000183
53.7420	-0.00000241
53.7470	-0.00000253
53.7521	-0.00000189
53.7565	-0.00000239
53.7614	-0.00000280
53.7664	-0.00000292
53.7708	-0.00000351
53.7760	-0.00000181
53.7811	-0.00000159
53.7857	-0.00000139
53.7907	-0.00000078
53.7953	0.00000016
53.8005	-0.00000032
53.8050	-0.00000132
53.8102	0.00000046
53.8150	0.00000080
53.8200	0.00000297
53.8248	0.00000261
53.8298	0.00000365
53.8348	0.00000269
53.8391	0.00000174
53.8442	0.00000114
53.8493	0.00000133
53.8543	0.00000161
53.8593	0.00000153
53.8644	0.00000043
53.8698	0.00000022
53.8748	-0.00000086
53.8792	-0.00000244
53.8842	-0.00000285
53.8886	-0.00000213
53.8935	-0.00000248
53.8985	-0.00000303
53.9039	-0.00000252
53.9089	-0.00000101
53.9139	0.00000137
53.9189	0.00000145
53.9238	0.00000190
53.9288	0.00000169
53.9338	0.00000116
53.9388	0.00000341
53.9437	0.00000153
53.9488	0.00000107
53.9539	0.00000043
53.9587	0.00000079
53.9638	-0.00000117
53.9689	-0.00000243
53.9745	-0.00000036
53.9789	0.00000030
53.9845	0.00000047
53.9897	-0.00000117
53.9940	0.00000155
53.9991	0.00000017
54.0043	0.00000133
54.0093	0.00000326
54.0143	0.00000318
54.0194	0.00000283
54.0244	0.00000251
54.0294	0.00000242
54.0344	0.00000128
54.0394	0.00000067
54.0443	0.00000090
54.0494	0.00000264
54.0543	0.00000179
54.0594	0.00000237
54.0643	0.00000198
54.0694	0.00000036
54.0744	0.00000185
54.0794	0.00000236
54.0851	0.00000100
54.0902	-0.00000016
54.0952	0.00000059
54.1003	0.00000149
54.1052	0.00000289
54.1101	0.00000314
54.1152	0.00000234
54.1203	0.00000037
54.1252	0.00000013
54.1302	-0.00000033
54.1352	-0.00000030
54.1400	-0.00000190
54.1441	-0.00000121
54.1492	-0.00000174
54.1542	-0.00000248
54.1592	-0.00000149
54.1642	-0.00000259
54.1692	-0.00000175
54.1743	-0.00000148
54.1793	0.00000045
54.1841	0.00000052
54.1891	-0.00000059
54.1940	-0.00000092
54.1991	-0.00000111
54.2042	0.00000065
54.2090	-0.00000109
54.2141	-0.00000175
54.2191	-0.00000148
54.2241	-0.00000189
54.2291	-0.00000045
54.2341	-0.00000059
54.2391	0.00000072
54.2440	0.00000009
54.2492	0.00000111
54.2542	0.00000033
54.2591	-0.00000048
54.2641	-0.00000019
54.2692	0.00000089
54.2743	-0.00000137
54.2793	-0.00000084
54.2843	-0.00000023
54.2891	-0.00000084
54.2933	-0.00000205
54.2975	-0.00000098
54.3024	0.00000095
54.3074	0.00000230
54.3124	0.00000152
54.3167	0.00000062
54.3218	-0.00000082
54.3261	0.00000008
54.3311	-0.00000137
54.3361	-0.00000024
54.3411	-0.00000098
54.3457	-0.00000110
54.3502	-0.00000054
54.3546	-0.00000152
54.3596	-0.00000075
54.3645	-0.00000204
54.3696	-0.00000258
54.3740	-0.00000241
54.3788	-0.00000120
54.3841	-0.00000037
54.3891	-0.00000057
54.3942	-0.00000028
54.3993	-0.00000108
54.4044	0.00000009
54.4094	0.00000049
54.4145	0.00000046
54.4190	0.00000036
54.4241	-0.00000003
54.4293	-0.00000087
54.4344	0.00000155
54.4388	0.00000080
54.4433	0.00000032
54.4480	0.00000079
54.4531	0.00000034
54.4582	0.00000112
54.4631	0.00000159
54.4681	0.00000094
54.4728	0.00000239
54.4774	0.00000201
54.4827	0.00000231
54.4872	0.00000383
54.4923	0.00000546
54.4971	0.00000532
54.5017	0.00000391
54.5068	0.00000440
54.5118	0.00000253
54.5168	0.00000060
54.5219	-0.00000008
54.5263	-0.00000018
54.5314	-0.00000156
54.5364	-0.00000084
54.5414	0.00000105
54.5464	-0.00000009
54.5514	-0.00000060
54.5564	0.00000123
54.5614	-0.00000026
54.5657	0.00000025
54.5701	0.00000031
54.5754	-0.00000111
54.5806	-0.00000110
54.5857	-0.00000045
54.5900	-0.00000016
54.5949	0.00000054
54.5995	-0.00000047
54.6044	-0.00000092
54.6091	0.00000056
54.6138	0.00000108
54.6188	0.00000174
54.6239	0.00000022
54.6287	-0.00000046
54.6343	-0.00000068
54.6388	-0.00000044
54.6432	-0.00000077
54.6485	-0.00000208
54.6534	0.00000001
54.6584	0.00000111
54.6634	0.00000094
54.6684	0.00000103
54.6728	0.00000146
54.6778	0.00000222
54.6831	0.00000088
54.6875	0.00000029
54.6917	0.00000034
54.6962	0.00000068
54.7011	0.00000017
54.7066	0.00000055
54.7111	0.00000070
54.7162	0.00000122
54.7210	0.00000020
54.7256	-0.00000011
54.7306	0.00000137
54.7355	0.00000053
54.7406	0.00000098
54.7455	0.00000206
54.7497	0.00000230
54.7543	0.00000410
54.7599	0.00000184
54.7646	0.00000155
54.7694	0.00000236
54.7737	0.00000170
54.7789	0.00000083
54.7838	-0.00000089
54.7883	-0.00000122
54.7932	0.00000048
54.7976	-0.00000072
54.8027	-0.00000247
54.8075	-0.00000106
54.8128	-0.00000115
54.8175	-0.00000086
54.8224	-0.00000015
54.8277	-0.00000049
54.8327	-0.00000141
54.8376	-0.00000283
54.8426	-0.00000302
54.8470	-0.00000201
54.8516	-0.00000214
54.8557	-0.00000072
54.8608	-0.00000239
54.8657	-0.00000320
54.8700	-0.00000202
54.8745	-0.00000207
54.8794	-0.00000079
54.8837	-0.00000109
54.8885	-0.00000479
54.8929	-0.00000606
54.8981	-0.00000547
54.9028	-0.00000333
54.9080	-0.00000377
54.9128	-0.00000278
54.9178	-0.00000156
54.9222	0.00000077
54.9275	0.00000195
54.9330	0.00000166
54.9373	0.00000037
54.9423	-0.00000153
54.9473	-0.00000289
54.9522	-0.00000186
54.9566	-0.00000061
54.9612	0.00000064
54.9658	0.00000127
54.9709	0.00000200
54.9754	0.00000335
54.9809	0.00000276
54.9860	0.00000158
54.9909	0.00000134
54.9958	0.00000277
55.0008	0.00000311
55.0058	0.00000219
55.0103	0.00000076
55.0152	0.00000104
55.0201	0.00000045
55.0253	0.00000029
55.0303	-0.00000011
55.0352	0.00000016
55.0396	-0.00000176
55.0447	-0.00000197
55.0498	-0.00000242
55.0549	-0.00000218
55.0598	-0.00000286
55.0647	-0.00000157
55.0697	-0.00000080
55.0748	-0.00000251
55.0799	-0.00000190
55.0849	-0.00000224
55.0894	-0.00000110
55.0943	-0.00000127
55.0995	-0.00000148
55.1038	-0.00000067
55.1087	-0.00000231
55.1141	-0.00000235
55.1190	-0.00000102
55.1241	-0.00000004
55.1291	0.00000235
55.1340	0.00000119
55.1391	0.00000086
55.1434	0.00000222
55.1486	0.00000108
55.1535	0.00000220
55.1584	0.00000197
55.1635	0.00000231
55.1685	0.00000297
55.1728	0.00000405
55.1777	0.00000389
55.1825	0.00000310
55.1868	0.00000377
55.1912	0.00000435
55.1957	0.00000190
55.2007	0.00000062
55.2051	0.00000082
55.2101	-0.00000048
55.2153	0.00000033
55.2204	0.00000078
55.2257	0.00000054
55.2300	0.00000069
55.2342	0.00000086
55.2394	0.00000011
55.2444	0.00000043
55.2493	0.00000136
55.2544	0.00000070
55.2596	0.00000088
55.2647	-0.00000016
55.2697	-0.00000130
55.2748	-0.00000206
55.2797	-0.00000162
55.2847	-0.00000144
55.2895	-0.00000143
55.2947	-0.00000057
55.2993	-0.00000014
55.3044	-0.00000135
55.3086	-0.00000004
55.3136	-0.00000232
55.3186	-0.00000197
55.3236	-0.00000166
55.3281	-0.00000030
55.3325	0.00000070
55.3376	-0.00000065
55.3418	-0.00000234
55.3461	-0.00000305
55.3511	-0.00000390
55.3560	-0.00000364
55.3611	-0.00000189
55.3658	-0.00000068
55.3710	-0.00000046
55.3751	-0.00000039
55.3804	0.00000163
55.3848	0.00000078
55.3895	0.00000069
55.3942	0.00000115
55.3984	0.00000155
55.4034	0.00000071
55.4086	-0.00000014
55.4134	-0.00000056
55.4185	0.00000104
55.4235	0.00000065
55.4290	0.00000047
55.4338	0.00000100
55.4382	0.00000103
55.4432	0.00000135
55.4478	0.00000066
55.4528	-0.00000090
55.4573	-0.00000034
55.4623	0.00000073
55.4673	-0.00000006
55.4724	0.00000140
55.4768	0.00000172
55.4818	-0.00000009
55.4867	-0.00000005
55.4915	0.00000241
55.4965	0.00000175
55.5014	0.00000095
55.5064	-0.00000027
55.5114	-0.00000004
55.5164	-0.00000180
55.5214	-0.00000095
55.5264	-0.00000135
55.5314	-0.00000238
55.5368	-0.00000105
55.5414	-0.00000029
55.5465	0.00000158
55.5514	0.00000035
55.5569	0.00000005
55.5615	-0.00000029
55.5665	-0.00000005
55.5715	-0.00000030
55.5765	-0.00000063
55.5815	-0.00000293
55.5865	-0.00000342
55.5910	-0.00000193
55.5961	-0.00000344
55.6010	-0.00000284
55.6060	-0.00000242
55.6111	-0.00000223
55.6162	-0.00000253
55.6211	-0.00000121
55.6260	-0.00000190
55.6310	-0.00000171
55.6360	-0.00000090
55.6410	-0.00000074
55.6455	-0.00000136
55.6501	-0.00000070
55.6544	-0.00000015
55.6586	0.00000008
55.6638	0.00000108
55.6690	-0.00000181
55.6739	-0.00000026
55.6791	0.00000057
55.6839	0.00000173
55.6881	0.00000239
55.6923	0.00000020
55.6973	-0.00000121
55.7023	0.00000098
55.7073	-0.00000077
55.7123	-0.00000066
55.7167	-0.00000068
55.7218	-0.00000219
55.7261	-0.00000025
55.7314	0.00000281
55.7360	0.00000161
55.7401	0.00000103
55.7452	0.00000201
55.7501	0.00000172
55.7551	0.00000088
55.7594	0.00000149
55.7643	0.00000097
55.7694	0.00000135
55.7745	0.00000064
55.7796	0.00000025
55.7847	0.00000110
55.7900	0.00000287
55.7951	0.00000375
55.7997	0.00000267
55.8051	0.00000151
55.8098	0.00000235
55.8142	0.00000163
55.8194	0.00000183
55.8238	0.00000357
55.8287	0.00000294
55.8330	0.00000285
55.8381	0.00000480
55.8429	0.00000339
55.8481	0.00000360
55.8533	0.00000157
55.8579	0.00000061
55.8623	-0.00000010
55.8678	-0.00000068
55.8723	-0.00000099
55.8779	0.00000023
55.8824	-0.00000108
55.8875	-0.00000172
55.8919	-0.00000120
55.8972	0.00000054
55.9017	0.00000046
55.9064	-0.00000156
55.9114	-0.00000061
55.9157	-0.00000274
55.9208	-0.00000126
55.9252	-0.00000115
55.9303	-0.00000200
55.9352	-0.00000322
55.9403	-0.00000321
55.9454	-0.00000108
55.9509	-0.00000152
55.9556	-0.00000194
55.9607	-0.00000203
55.9655	-0.00000059
55.9706	-0.00000169
55.9755	-0.00000045
55.9806	0.00000187
55.9855	0.00000083
55.9905	0.00000043
55.9952	0.00000191
56.0002	0.00000222
56.0052	0.00000148
56.0102	0.00000128
56.0152	0.00000071
56.0202	0.00000074
56.0252	0.00000278
56.0302	0.00000207
56.0352	0.00000209
56.0401	0.00000199
56.0444	0.00000004
56.0493	0.00000141
56.0546	0.00000197
56.0588	-0.00000024
56.0638	-0.00000018
56.0688	-0.00000103
56.0740	-0.00000078
56.0791	0.00000014
56.0840	-0.00000170
56.0890	-0.00000152
56.0936	-0.00000043
56.0988	-0.00000139
56.1042	-0.00000012
56.1092	-0.00000023
56.1141	0.00000133
56.1191	0.00000034
56.1241	-0.00000072
56.1291	-0.00000149
56.1341	0.00000045
56.1394	-0.00000003
56.1442	-0.00000134
56.1491	-0.00000111
56.1542	0.00000075
56.1592	0.00000001
56.1642	0.00000153
56.1687	0.00000124
56.1732	0.00000323
56.1780	0.00000353
56.1831	0.00000249
56.1882	0.00000146
56.1930	0.00000139
56.1983	-0.00000112
56.2030	-0.00000024
56.2081	-0.00000078
56.2131	0.00000050
56.2183	0.00000045
56.2234	-0.00000016
56.2286	-0.00000051
56.2329	0.00000078
56.2379	-0.00000088
56.2434	0.00000069
56.2489	0.00000047
56.2536	0.00000164
56.2586	0.00000100
56.2638	0.00000062
56.2689	0.00000113
56.2739	-0.00000062
56.2791	-0.00000120
56.2844	-0.00000126
56.2893	-0.00000194
56.2939	-0.00000170
56.2983	-0.00000068
56.3034	-0.00000016
56.3084	-0.00000035
56.3134	-0.00000045
56.3184	0.00000031
56.3234	-0.00000037
56.3284	-0.00000056
56.3335	-0.00000042
56.3377	0.00000019
56.3430	-0.00000121
56.3480	-0.00000102
56.3533	-0.00000130
56.3584	0.00000046
56.3633	-0.00000058
56.3686	0.00000025
56.3736	0.00000049
56.3786	-0.00000215
56.3831	-0.00000032
56.3880	-0.00000379
56.3926	-0.00000364
56.3970	-0.00000239
56.4014	-0.00000248
56.4064	-0.00000285
56.4114	-0.00000065
56.4158	-0.00000013
56.4205	-0.00000073
56.4247	-0.00000248
56.4297	-0.00000175
56.4346	-0.00000252
56.4392	-0.00000201
56.4441	-0.00000075
56.4488	-0.00000010
56.4538	-0.00000233
56.4590	-0.00000119
56.4639	-0.00000093
56.4689	-0.00000343
56.4733	-0.00000290
56.4778	-0.00000011
56.4829	-0.00000064
56.4879	-0.00000029
56.4929	-0.00000123
56.4973	-0.00000142
56.5022	-0.00000047
56.5073	0.00000096
56.5121	0.00000124
56.5168	0.00000078
56.5220	0.00000049
56.5262	-0.00000130
56.5306	-0.00000086
56.5357	-0.00000164
56.5409	-0.00000045
56.5458	-0.00000120
56.5508	-0.00000146
56.5558	-0.00000088
56.5609	0.00000101
56.5658	0.00000083
56.5706	-0.00000079
56.5763	-0.00000084
56.5813	-0.00000188
56.5862	-0.00000237
56.5909	-0.00000019
56.5965	0.00000098
56.6016	0.00000012
56.6068	0.00000095
56.6117	0.00000113
56.6167	0.00000062
56.6219	0.00000092
56.6273	0.00000014
56.6321	0.00000010
56.6371	0.00000085
56.6420	0.00000031
56.6471	0.00000166
56.6521	0.00000190
56.6571	0.00000185
56.6621	0.00000214
56.6667	0.00000133
56.6718	0.00000116
56.6768	0.00000265
56.6819	0.00000214
56.6870	0.00000304
56.6919	0.00000205
56.6966	0.00000158
56.7018	0.00000256
56.7066	0.00000155
56.7116	0.00000099
56.7164	0.00000175
56.7213	0.00000146
56.7262	0.00000250
56.7314	0.00000356
56.7364	0.00000342
56.7413	0.00000288
56.7458	0.00000351
56.7501	0.00000392
56.7551	0.00000349
56.7603	0.00000361
56.7647	0.00000335
56.7697	0.00000264
56.7740	0.00000165
56.7784	-0.00000000
56.7833	0.00000130
56.7883	-0.00000046
56.7929	-0.00000094
56.7985	-0.00000135
56.8033	-0.00000200
56.8078	-0.00000124
56.8128	-0.00000096
56.8178	0.00000060
56.8228	-0.00000002
56.8277	-0.00000008
56.8329	-0.00000095
56.8379	0.00000088
56.8425	0.00000007
56.8469	0.00000049
56.8520	-0.00000017
56.8570	-0.00000021
56.8614	0.00000004
56.8658	0.00000078
56.8708	0.00000047
56.8751	0.00000023
56.8796	0.00000018
56.8847	-0.00000021
56.8902	-0.00000030
56.8948	-0.00000068
56.8999	-0.00000045
56.9049	0.00000137
56.9097	-0.00000056
56.9141	-0.00000071
56.9191	0.00000236
56.9234	0.00000325
56.9285	0.00000265
56.9334	0.00000196
56.9385	0.00000103
56.9428	0.00000204
56.9479	0.00000225
56.9529	0.00000142
56.9579	0.00000015
56.9635	0.00000136
56.9682	0.00000018
56.9735	-0.00000101
56.9778	0.00000021
56.9830	0.00000088
56.9879	-0.00000005
56.9927	0.00000055
56.9970	0.00000009
57.0013	-0.00000015
57.0063	0.00000145
57.0113	0.00000043
57.0163	0.00000124
57.0213	0.00000040
57.0262	-0.00000083
57.0304	-0.00000113
57.0353	-0.00000133
57.0403	-0.00000159
57.0452	-0.00000195
57.0503	-0.00000210
57.0553	-0.00000209
57.0602	0.00000007
57.0651	0.00000060
57.0696	0.00000151
57.0739	-0.00000027
57.0781	-0.00000073
57.0824	-0.00000141
57.0869	-0.00000137
57.0919	0.00000019
57.0971	0.00000172
57.1021	-0.00000011
57.1074	-0.00000088
57.1124	0.00000001
57.1167	-0.00000111
57.1220	-0.00000023
57.1272	-0.00000010
57.1324	-0.00000083
57.1371	-0.00000076
57.1415	-0.00000187
57.1468	-0.00000285
57.1513	-0.00000286
57.1563	-0.00000223
57.1613	-0.00000126
57.1663	-0.00000121
57.1712	-0.00000224
57.1763	-0.00000216
57.1814	-0.00000207
57.1866	-0.00000042
57.1910	-0.00000001
57.1958	0.00000174
57.2004	0.00000050
57.2055	0.00000027
57.2104	0.00000069
57.2155	0.00000124
57.2207	0.00000043
57.2252	-0.00000006
57.2304	-0.00000085
57.2353	0.00000036
57.2405	-0.00000138
57.2453	-0.00000101
57.2506	0.00000007
57.2556	-0.00000103
57.2602	0.00000019
57.2650	0.00000175
57.2699	0.00000330
57.2742	0.00000326
57.2793	0.00000343
57.2845	0.00000252
57.2894	0.00000304
57.2937	0.00000038
57.2994	-0.00000047
57.3044	-0.00000145
57.3094	-0.00000266
57.3144	-0.00000280
57.3192	-0.00000284
57.3236	-0.00000282
57.3288	-0.00000317
57.3330	-0.00000144
57.3380	-0.00000173
57.3422	-0.00000097
57.3468	-0.00000047
57.3518	-0.00000064
57.3568	0.00000013
57.3618	-0.00000082
57.3663	-0.00000095
57.3714	-0.00000125
57.3758	0.00000019
57.3809	0.00000160
57.3860	0.00000230
57.3905	0.00000142
57.3946	0.00000191
57.3997	0.00000004
57.4041	0.00000070
57.4090	-0.00000228
57.4140	-0.00000092
57.4190	-0.00000317
57.4234	-0.00000338
57.4287	-0.00000116
57.4332	-0.00000007
57.4378	0.00000062
57.4425	0.00000026
57.4472	0.00000076
57.4521	0.00000048
57.4571	0.00000003
57.4621	-0.00000081
57.4673	-0.00000120
57.4715	-0.00000087
57.4765	-0.00000145
57.4809	-0.00000204
57.4859	-0.00000151
57.4902	-0.00000078
57.4944	0.00000048
57.5002	0.00000077
57.5051	0.00000190
57.5103	0.00000044
57.5147	-0.00000006
57.5193	-0.00000032
57.5237	0.00000093
57.5291	0.00000061
57.5337	0.00000094
57.5385	0.00000149
57.5436	0.00000108
57.5488	0.00000054
57.5540	0.00000015
57.5583	-0.00000107
57.5626	-0.00000145
57.5671	-0.00000130
57.5721	-0.00000300
57.5773	-0.00000160
57.5823	-0.00000077
57.5874	-0.00000095
57.5922	0.00000070
57.5970	0.00000118
57.6025	0.00000221
57.6074	0.00000369
57.6126	0.00000358
57.6169	0.00000394
57.6212	0.00000327
57.6262	0.00000347
57.6313	0.00000317
57.6362	-0.00000038
57.6411	0.00000005
57.6456	0.00000167
57.6506	0.00000148
57.6556	0.00000156
57.6600	0.00000006
57.6653	0.00000093
57.6700	0.00000277
57.6748	0.00000193
57.6799	0.00000169
57.6847	0.00000228
57.6899	0.00000187
57.6949	0.00000091
57.7000	0.00000053
57.7047	-0.00000007
57.7097	-0.00000211
57.7147	-0.00000337
57.7198	-0.00000472
57.7249	-0.00000460
57.7300	-0.00000386
57.7349	-0.00000334
57.7399	-0.00000269
57.7441	-0.00000068
57.7494	0.00000091
57.7543	0.00000045
57.7593	0.00000161
57.7643	0.00000136
57.7693	0.00000091
57.7743	0.00000149
57.7788	0.00000096
57.7840	0.00000059
57.7894	0.00000090
57.7942	-0.00000000
57.7993	-0.00000023
57.8036	-0.00000063
57.8089	-0.00000198
57.8139	-0.00000085
57.8188	-0.00000030
57.8239	-0.00000233
57.8281	-0.00000041
57.8333	-0.00000042
57.8381	0.00000060
57.8430	-0.00000059
57.8475	-0.00000166
57.8519	-0.00000211
57.8569	-0.00000114
57.8618	-0.00000174
57.8666	-0.00000104
57.8707	-0.00000111
57.8753	-0.00000139
57.8795	-0.00000232
57.8838	-0.00000049
57.8888	-0.00000003
57.8940	-0.00000019
57.8990	0.00000074
57.9040	0.00000093
57.9083	0.00000115
57.9133	0.00000054
57.9185	0.00000026
57.9236	-0.00000067
57.9284	-0.00000193
57.9335	-0.00000235
57.9379	-0.00000004
57.9431	-0.00000039
57.9481	-0.00000158
57.9526	-0.00000260
57.9576	-0.00000170
57.9620	-0.00000172
57.9664	0.00000078
57.9714	0.00000011
57.9763	0.00000038
57.9813	-0.00000016
57.9864	-0.00000144
57.9915	-0.00000136
57.9967	-0.00000166
58.0016	-0.00000049
58.0064	0.00000046
58.0114	0.00000098
58.0163	0.00000117
58.0216	0.00000121
58.0264	0.00000233
58.0314	0.00000058
58.0362	0.00000213
58.0413	0.00000127
58.0463	0.00000133
58.0513	0.00000043
58.0563	0.00000201
58.0616	0.00000304
58.0660	0.00000404
58.0707	0.00000442
58.0755	0.00000225
58.0806	0.00000339
58.0856	0.00000212
58.0908	0.00000169
58.0952	0.00000135
58.0997	0.00000087
58.1046	0.00000031
58.1096	-0.00000087
58.1145	-0.00000073
58.1195	0.00000048
58.1245	-0.00000138
58.1295	-0.00000165
58.1345	-0.00000136
58.1395	-0.00000058
58.1445	0.00000037
58.1495	0.00000144
58.1545	0.00000195
58.1595	0.00000250
58.1645	0.00000290
58.1695	0.00000180
58.1745	0.00000371
58.1795	0.00000304
58.1845	0.00000312
58.1896	0.00000212
58.1946	0.00000064
58.1996	0.00000112
58.2043	-0.00000063
58.2094	-0.00000114
58.2144	-0.00000167
58.2194	0.00000048
58.2244	-0.00000124
58.2294	0.00000012
58.2344	-0.00000045
58.2394	-0.00000094
58.2444	-0.00000093
58.2494	-0.00000090
58.2544	0.00000069
58.2594	0.00000028
58.2644	0.00000051
58.2694	0.00000095
58.2739	-0.00000083
58.2794	0.00000092
58.2843	0.00000063
58.2893	0.00000013
58.2944	0.00000111
58.2994	-0.00000006
58.3040	0.00000033
58.3083	-0.00000166
58.3127	-0.00000102
58.3178	0.00000021
58.3228	0.00000081
58.3279	0.00000037
58.3322	-0.00000051
58.3372	-0.00000027
58.3424	-0.00000132
58.3468	-0.00000190
58.3513	-0.00000232
58.3564	-0.00000128
58.3609	-0.00000066
58.3656	-0.00000064
58.3707	0.00000029
58.3757	-0.00000014
58.3807	0.00000049
58.3857	-0.00000005
58.3907	-0.00000079
58.3951	0.00000006
58.4000	-0.00000013
58.4046	0.00000020
58.4097	0.00000044
58.4147	0.00000119
58.4191	0.00000215
58.4241	0.00000270
58.4284	0.00000190
58.4335	0.00000083
58.4384	0.00000208
58.4432	0.00000241
58.4484	0.00000250
58.4534	0.00000217
58.4582	0.00000142
58.4633	0.00000043
58.4683	-0.00000001
58.4734	-0.00000029
58.4782	-0.00000020
58.4830	-0.00000049
58.4877	-0.00000034
58.4929	-0.00000224
58.4973	-0.00000256
58.5018	-0.00000280
58.5067	-0.00000019
58.5115	0.00000153
58.5166	-0.00000025
58.5217	0.00000014
58.5268	0.00000073
58.5320	0.00000154
58.5370	-0.00000025
58.5423	0.00000123
58.5474	0.00000120
58.5523	0.00000093
58.5574	0.00000080
58.5627	-0.00000126
58.5671	-0.00000276
58.5722	-0.00000221
58.5773	-0.00000196
58.5822	-0.00000100
58.5872	-0.00000132
58.5926	0.00000002
58.5968	-0.00000008
58.6016	0.00000058
58.6065	-0.00000095
58.6119	-0.00000272
58.6171	-0.00000156
58.6219	-0.00000331
58.6268	-0.00000315
58.6318	-0.00000194
58.6367	-0.00000145
58.6416	-0.00000158
58.6468	-0.00000127
58.6518	-0.00000029
58.6568	-0.00000139
58.6618	0.00000034
58.6668	0.00000085
58.6717	0.00000098
58.6768	0.00000110
58.6817	0.00000085
58.6867	-0.00000134
58.6915	-0.00000123
58.6958	-0.00000108
58.7009	-0.00000163
58.7058	-0.00000167
58.7103	-0.00000285
58.7153	-0.00000068
58.7203	-0.00000071
58.7253	-0.00000022
58.7303	0.00000065
58.7354	0.00000067
58.7404	-0.00000063
58.7453	-0.00000011
58.7504	-0.00000031
58.7554	-0.00000086
58.7604	0.00000073
58.7653	-0.00000002
58.7704	-0.00000167
58.7754	-0.00000115
58.7804	-0.00000078
58.7853	-0.00000082
58.7904	0.00000076
58.7956	0.00000044
58.8003	0.00000028
