0.1421,164630
0.1422,164630
0.1433,38505
0.1438,38860
0.1443,39906
0.1444,40103
0.1446,39759
0.1452,41143
0.1454,41782
0.1457,41979
0.1458,42352
0.1460,43191
0.1462,43240
0.1464,43539
0.1465,43870
0.1466,44772
0.1467,45470
0.1468,45696
0.1470,46535
0.1471,46956
0.1475,47366
0.1475,47575
0.1476,48140
0.1478,49306
0.1479,49520
0.1480,49878
0.1481,50139
0.1484,50918
0.1485,51279
0.1487,52114
0.1488,52099
0.1491,52415
0.1495,53194
0.1496,53786
0.1501,54192
0.1506,54036
0.1508,55098
0.1509,55228
0.1510,55600
0.1523,56155
0.1525,55917
0.1536,57221
0.1537,57894
0.1537,57966
0.1538,58731
0.1538,59183
0.1541,58818
0.1542,59821
0.1542,60317
0.1547,61059
0.1548,61006
0.1549,61032
0.1550,61889
0.1553,62442
0.1556,63088
0.1558,63732
0.1560,63797
0.1562,64061
0.1564,64627
0.1565,65012
0.1566,64752
0.1570,66091
0.1573,66177
0.1575,66476
0.1577,66766
0.1578,67185
0.1581,67668
0.1583,68190
0.1584,68709
0.1585,68912
0.1588,69635
0.1589,69953
0.1589,70041
0.1591,70217
0.1592,71208
0.1595,71563
0.1596,71784
0.1601,71603
0.1603,72085
0.1604,72511
0.1605,73184
0.1607,73143
0.1609,73784
0.1610,74712
0.1612,74299
0.1612,75181
0.1613,75535
0.1615,76357
0.1622,76181
0.1630,76221
0.1645,66361
0.1646,61765
0.1647,61896
0.1648,62661
0.1649,63386
0.1650,63314
0.1654,62481
0.1655,63771
0.1656,64826
0.1658,65123
0.1660,65431
0.1661,64581
0.1662,66093
0.1663,66540
0.1665,67201
0.1666,66856
0.1666,66487
0.1667,67880
0.1672,67861
0.1673,68497
0.1674,68672
0.1678,67879
0.1679,70077
0.1683,69425
0.1685,70053
0.1687,70549
0.1689,70134
0.1689,72353
0.1690,71912
0.1691,72214
0.1694,72403
0.1696,72012
0.1701,73815
0.1702,72732
0.1704,73597
0.1709,74452
0.1712,73758
0.1714,75756
0.1717,74534
0.1718,74968
0.1722,75587
0.1727,75123
0.1737,77233
0.1738,75889
0.1738,77089
0.1741,77419
0.1742,77624
0.1743,78993
0.1744,78100
0.1744,78849
0.1745,79735
0.1745,78960
0.1746,80144
0.1747,79571
0.1747,80762
0.1748,81604
0.1749,80888
0.1749,81870
0.1750,80847
0.1750,82723
0.1751,82534
0.1751,82525
0.1752,83409
0.1752,82643
0.1753,84282
0.1754,84432
0.1754,83971
0.1755,85854
0.1755,84972
0.1756,86152
0.1756,85700
0.1757,85794
0.1757,87017
0.1758,86325
0.1760,87461
0.1761,88039
0.1762,87654
0.1763,87839
0.1764,87641
0.1766,89157
0.1767,89215
0.1772,89330
0.1775,82884
0.1777,70505
0.1779,74924
0.1780,80349
0.1781,83664
0.1785,85853
0.1791,87562
0.1793,89620
0.1794,93407
0.1794,97353
0.1796,93777
0.1798,92337
0.1800,94683
0.1802,94504
0.1802,94332
0.1803,94906
0.1804,94617
0.1806,95543
0.1808,95869
0.1810,96290
0.1811,95474
0.1813,95273
0.1814,96898
0.1816,97540
0.1817,97252
0.1818,96899
0.1821,97086
0.1826,98650
0.1827,98318
0.1828,98542
0.1839,98120
0.1842,98590
0.1844,98834
0.1845,99283
0.1846,99290
0.1847,99116
0.1848,81217
0.1862,86071
0.1863,90877
0.1864,94763
0.1865,96237
0.1869,98507
0.1873,100586
0.1875,103563
0.1881,113308
0.1882,119888
0.1884,119513
0.1885,120282
0.1886,120183
0.1886,120038
0.1890,120879
0.1891,120757
0.1892,121322
0.1893,121530
0.1894,121418
0.1895,121229
0.1897,121760
0.1898,121619
0.1899,122089
0.1899,121956
0.1901,122370
0.1903,122065
0.1904,122427
0.1905,122933
0.1908,122916
0.1909,123359
0.1918,123591
0.1919,123495
0.1921,123746
0.1923,123794
0.1924,124306
0.1925,124353
0.1926,124293
0.1927,125056
0.1928,124561
0.1928,125487
0.1932,125350
0.1933,110036
0.1934,110329
0.1935,110423
0.1937,109128
0.1939,111037
0.1941,109990
0.1942,110764
0.1944,110316
0.1946,109883
0.1955,111620
0.1966,110735
0.1968,111868
0.1970,111484
0.1971,111296
0.1972,112621
0.1975,112050
0.1978,112546
0.1980,112435
0.1980,111555
0.1984,113672
0.1985,112302
0.1992,112801
0.1996,113654
0.1997,113276
0.1999,113891
0.2000,113432
0.2002,114364
0.2004,114800
0.2005,114051
0.2007,115388
0.2007,113389
0.2011,115390
0.2023,115521
0.2028,114849
0.2029,116568
0.2029,115491
0.2032,116517
0.2034,117053
0.2035,116086
0.2037,117090
0.2039,116056
0.2041,117666
0.2043,117526
0.2044,117535
0.2048,118913
0.2053,117050
0.2057,118606
0.2058,118429
0.2063,118271
0.2064,118888
0.2064,118345
0.2065,119201
0.2066,119152
0.2066,119121
0.2067,119328
0.2068,118832
0.2068,120191
0.2069,120182
0.2069,120434
0.2070,113563
0.2071,101418
0.2071,105784
0.2072,110321
0.2073,113823
0.2073,115967
0.2074,116992
0.2075,119827
0.2075,123606
0.2076,126267
0.2076,123072
0.2077,122245
0.2078,123424
0.2078,123448
0.2089,123684
0.2131,123343
0.2171,123088
0.2212,123933
0.2253,123790
0.2294,124581
0.2336,124401
0.2377,123620
0.2417,124842
0.2458,124396
0.2500,125543
0.2541,123855
0.2582,124569
0.2622,125670
0.2665,125743
0.2707,125752
0.2748,125072
0.2750,124678
0.2785,126890
0.2828,127496
0.2868,126697
0.2910,125812
0.2949,126721
0.2993,127290
0.3031,126991
0.3072,127349
0.3113,125894
0.3161,127083
0.3195,127653
0.3236,128450
0.3277,128140
0.3325,127430
0.3360,107511
0.3402,111572
0.3442,116760
0.3483,120394
0.3523,122687
0.3564,124429
0.3605,125859
0.3651,129458
0.3687,133816
0.3727,134037
0.3768,131321
0.3815,130426
0.3852,131223
0.3893,130982
0.3934,129790
0.3974,131650
0.4015,131007
0.4016,131724
0.4056,131301
0.4096,130227
0.4137,132242
0.4179,131367
0.4219,131799
0.4260,131748
0.4302,131382
0.4342,132230
0.4383,132307
0.4424,132798
0.4467,132638
0.4509,131643
0.4547,133134
0.4588,132673
0.4629,133205
0.4670,133562
0.4711,132554
0.4752,133718
0.4793,133029
0.4835,133244
0.4875,133566
0.4916,133304
0.4956,134517
0.4998,133533
0.5038,134656
0.5079,134377
0.5120,133760
0.5162,135012
0.5203,134104
0.5244,135028
0.5284,135070
0.5284,134021
0.5325,135519
0.5366,134565
0.5407,135996
0.5448,135714
0.5492,134903
0.5530,135950
0.5571,134800
0.5612,136449
0.5660,136717
0.5693,135728
0.5734,136817
0.5775,135992
0.5824,136956
0.5858,136879
0.5898,136102
0.5939,127048
0.5988,115895
0.6022,120350
0.6062,124720
0.6103,128264
0.6151,130240
0.6186,131348
0.6227,133087
0.6267,136798
0.6308,138869
0.6350,140621
0.6390,141348
0.6431,139242
0.6474,139547
0.6516,139425
0.6554,139609
0.6555,138725
0.6596,140053
0.6636,139434
0.6678,139309
0.6718,139890
0.6759,138947
0.6800,140158
0.6841,140413
0.6881,139633
0.6922,140045
0.6963,139224
0.7004,140190
0.7045,140676
0.7086,140420
0.7127,140478
0.7168,139645
0.7209,140459
0.7250,140912
0.7291,140918
0.7332,140777
0.7373,140453
0.7414,141189
0.7455,141769
0.7497,141338
0.7537,141039
0.7578,140347
0.7619,141378
0.7662,142375
0.7702,141938
0.7745,140938
0.7784,141431
0.7827,142216
0.7829,142285
0.7865,142401
0.7906,141455
0.7946,142072
0.7990,142925
0.8028,142770
0.8069,143170
0.8110,141520
0.8163,142401
0.8192,143379
0.8233,143177
0.8274,143440
0.8319,141613
0.8357,142785
0.8397,143314
0.8439,143628
0.8481,143400
0.8521,142350
0.8561,143222
0.8602,144020
0.8646,143849
0.8685,144117
0.8725,142565
0.8766,144129
0.8809,144182
0.8847,144501
0.8888,144575
0.8929,142993
0.8973,144917
0.9015,144292
0.9057,145126
0.9097,144934
0.9098,143560
0.9134,145424
0.9175,144850
0.9216,145065
0.9257,145578
0.9299,144014
0.9346,145378
0.9380,145652
0.9421,145348
0.9463,145411
0.9503,144169
0.9544,145716
0.9585,145008
0.9628,146402
0.9667,145854
0.9708,145271
0.9749,146341
0.9790,145820
0.9830,146069
0.9871,146608
0.9913,145840
0.9953,146303
0.9997,145835
1.0039,146893
1.0077,146957
1.0117,146124
1.0159,147154
1.0200,146031
1.0241,147013
1.0281,147832
1.0325,147038
1.0366,147568
1.0367,146148
1.0405,147549
1.0445,147795
1.0488,146931
1.0527,147659
1.0569,147220
1.0610,148076
1.0651,147729
1.0691,147084
1.0732,147930
1.0772,146905
1.0817,147870
1.0854,148387
1.0895,147399
1.0937,148661
1.0981,147482
1.1018,149298
1.1059,148918
1.1101,148145
1.1148,148804
1.1182,147672
1.1223,149026
1.1265,148807
1.1310,149023
1.1346,149016
1.1387,148195
1.1428,149297
1.1469,149481
1.1510,148793
1.1551,149103
1.1594,148335
1.1637,149834
1.1638,149687
1.1673,149222
1.1714,149486
1.1755,148745
1.1797,149584
1.1837,150146
1.1879,150029
1.1920,149650
1.1961,148820
1.2001,150718
1.2042,150355
1.2083,150614
1.2125,150018
1.2165,149290
1.2206,150423
1.2247,150966
1.2288,150502
1.2330,150187
1.2371,149481
1.2411,150351
1.2456,150847
1.2495,150855
1.2536,150157
1.2577,149677
1.2617,151672
1.2657,151085
1.2698,151284
1.2740,150554
1.2779,149934
1.2828,151272
1.2863,152175
1.2902,151394
1.2903,150774
1.2943,150789
1.2988,151993
1.3025,151726
1.3066,151684
1.3107,151121
1.3158,150863
1.3190,152317
1.3232,152196
1.3271,151806
1.3318,151300
1.3353,152040
1.3394,152679
1.3435,152563
1.3486,152364
1.3517,151438
1.3558,151614
1.3599,152226
1.3648,153363
1.3680,152387
1.3721,151443
1.3762,151893
1.3809,152604
1.3845,152989
1.3885,152576
1.3927,151983
1.3970,152571
1.4009,153095
1.4049,153247
1.4091,153607
1.4137,151736
1.4176,152742
1.4177,153449
1.4214,153645
1.4254,153598
1.4296,152148
1.4337,153637
1.4377,153045
1.4418,153621
1.4460,154330
1.4503,152463
1.4541,153890
1.4581,153240
1.4623,153948
1.4665,154040
1.4705,152595
1.4746,153718
1.4787,153216
1.4830,154794
1.4868,154719
1.4909,153422
1.4951,154882
1.4991,153080
1.5033,154395
1.5074,154156
1.5114,153591
1.5155,154423
1.5196,154098
1.5237,155298
1.5278,154775
1.5321,153831
1.5360,154667
1.5405,154205
1.5443,154736
1.5444,154964
1.5485,154085
1.5526,155324
1.5565,154042
1.5607,154834
1.5651,155217
1.5689,154354
1.5729,155679
1.5771,154031
1.5814,155534
1.5851,155029
1.5892,154555
1.5933,155467
1.5981,154050
1.6015,155848
1.6056,155244
1.6097,155316
1.6146,155606
1.6180,153890
1.6221,156052
1.6262,155815
1.6304,155293
1.6343,155958
1.6384,155089
1.6425,155976
1.6467,155675
1.6507,155838
1.6548,155986
1.6589,154792
1.6630,156449
1.6674,155644
1.6714,155496
1.6715,156179
1.6754,154857
1.6794,157020
1.6837,156465
1.6875,156900
1.6916,156510
1.6958,155275
1.7000,156505
1.7039,156057
1.7080,156328
1.7121,156361
1.7162,155403
1.7203,156718
1.7244,156936
1.7285,156666
1.7330,156155
1.7368,155384
1.7409,156915
1.7449,156826
1.7493,156833
1.7532,156490
1.7572,155752
1.7613,156907
1.7654,157079
1.7694,156764
1.7735,156775
1.7776,155985
1.7818,157945
1.7859,157455
1.7900,157335
1.7942,156598
1.7985,156025
1.7986,157318
1.8023,158126
1.8063,157331
1.8105,156537
1.8150,156370
1.8186,157281
1.8228,157443
1.8268,157685
1.8310,156938
1.8350,156613
1.8391,157627
1.8433,157806
1.8481,157266
1.8515,156705
1.8556,157323
1.8596,157795
1.8644,158005
1.8678,157956
1.8719,156816
1.8760,157743
1.8801,157667
1.8842,158663
1.8883,158448
1.8924,156947
1.8968,158086
1.9005,158327
1.9046,158766
1.9087,158022
1.9129,156840
1.9170,158267
1.9212,158095
1.9252,158623
1.9253,158816
1.9292,157384
1.9336,158212
1.9374,157784
1.9415,158519
1.9457,158228
1.9497,157746
1.9538,158605
1.9579,158729
1.9620,158415
1.9663,158961
1.9702,158098
1.9743,158518
1.9784,158495
1.9827,158704
1.9865,158933
1.9906,157464
1.9947,159228
1.9988,158146
2.0030,159246
2.0071,159018
2.0111,157493
2.0152,159204
2.0193,158583
2.0234,159478
2.0275,159219
2.0318,157487
2.0359,159317
2.0400,158224
2.0439,159427
2.0482,159425
2.0526,158403
2.0527,159627
2.0562,158776
2.0604,159787
2.0647,159456
2.0685,158755
2.0726,159671
2.0767,157950
2.0808,159527
2.0849,159948
2.0889,158824
2.0931,159714
2.0977,158189
2.1012,159694
2.1053,159700
2.1094,159290
2.1140,159779
2.1176,158124
2.1217,160020
2.1258,159564
2.1308,159443
2.1340,160267
2.1380,158687
2.1422,160257
2.1466,159570
2.1504,159732
2.1544,159902
2.1585,159022
2.1627,160177
2.1672,160104
2.1708,159466
2.1751,159724
2.1791,159276
2.1832,159885
2.1833,159895
2.1872,159564
2.1913,160207
2.1955,159072
2.1996,160422
2.2037,160242
2.2077,159981
2.2118,160372
2.2162,159183
2.2200,160650
2.2241,160567
2.2282,160486
2.2323,160220
2.2364,159381
2.2405,160482
2.2446,161079
2.2488,160436
2.2528,160743
2.2569,159439
2.2609,160711
2.2653,160665
2.2692,160765
2.2732,160190
2.2773,159712
2.2820,160911
2.2855,160588
2.2897,160375
2.2937,160141
2.2979,159519
2.3020,161091
2.3061,160801
2.3101,161240
2.3102,160677
2.3144,160151
2.3183,161174
2.3224,161554
2.3265,161242
2.3312,160853
2.3347,159576
2.3387,161070
2.3428,161079
2.3470,161536
2.3513,160312
2.3552,160305
2.3592,161318
2.3640,160993
2.3676,161408
2.3716,160277
2.3756,160273
2.3800,161186
2.3839,161191
2.3879,161499
2.3920,160180
2.3966,161516
2.4005,161354
2.4044,161283
2.4084,161069
2.4125,160194
2.4166,160965
2.4207,160867
2.4248,161417
2.4293,161758
2.4334,160085
2.4373,161753
2.4374,161438
2.4412,161702
2.4453,161418
2.4494,160165
2.4534,161441
2.4576,161448
2.4617,161894
2.4658,161771
2.4698,160540
2.4740,161253
2.4782,161275
2.4821,161705
2.4862,161835
2.4903,160930
2.4944,162019
2.4987,161864
2.5026,161416
2.5067,161490
2.5108,161329
2.5149,162440
2.5190,161472
2.5231,161838
2.5272,162232
2.5314,160831
2.5354,161865
2.5395,161638
2.5436,162320
2.5480,162918
2.5518,161335
2.5559,162033
2.5601,160960
2.5641,161996
2.5642,162449
2.5682,160752
2.5724,162359
2.5764,161568
2.5805,162623
2.5845,161894
2.5886,161294
2.5927,162544
2.5968,160735
2.6009,162371
2.6050,161984
2.6091,161491
2.6136,162582
2.6174,161010
2.6214,162050
2.6255,162506
2.6298,161390
2.6337,162463
2.6377,160637
2.6418,162847
2.6460,162980
2.6500,162101
2.6542,162156
2.6583,160507
2.6624,162795
2.6668,162653
2.6705,161922
2.6746,162675
2.6788,161011
2.6832,162268
2.6871,162717
2.6911,161878
2.6912,162184
2.6952,161331
2.6993,162693
2.7033,162587
2.7074,162498
2.7115,162066
2.7159,161622
2.7197,162452
2.7238,162492
2.7279,161772
2.7322,162375
2.7361,161251
2.7402,162886
2.7444,162839
2.7486,163120
2.7525,162240
2.7566,161613
2.7607,162793
2.7648,163090
2.7688,162382
2.7729,162446
2.7770,162068
2.7814,162985
2.7852,162675
2.7894,162887
2.7934,162329
2.7979,162013
2.8017,162627
2.8057,162750
2.8100,162615
2.8143,162423
2.8181,161677
2.8182,163018
2.8221,163098
2.8262,163129
2.8312,162488
2.8344,161830
2.8385,162981
2.8426,162657
2.8474,162830
2.8508,162362
2.8548,162253
2.8589,163235
2.8631,162849
2.8675,163173
2.8714,162261
2.8753,162370
2.8797,162953
2.8839,162720
2.8876,163125
2.8917,162246
2.8958,162732
2.9001,163101
2.9041,163193
2.9082,162866
2.9123,162271
2.9167,162553
2.9206,163145
2.9245,163685
2.9286,163358
2.9328,162047
2.9369,162970
2.9410,162863
2.9450,163193
2.9451,163225
2.9491,161705
2.9531,163191
2.9572,163427
2.9614,162805
2.9654,163354
2.9695,162359
2.9736,163212
2.9777,164084
2.9819,163321
2.9860,163609
2.9901,162672
2.9942,163467
2.9982,163135
3.0023,163752
3.0064,163275
3.0105,161888
3.0146,163533
3.0187,163150
3.0228,163328
3.0269,163418
3.0310,162177
3.0351,163753
3.0392,162946
3.0432,163469
3.0479,163103
3.0514,162207
3.0555,163662
3.0597,162994
3.0646,163534
3.0680,163393
3.0720,162243
3.0721,163701
3.0761,162406
3.0807,162957
3.0843,163577
3.0884,162852
3.0924,163655
3.0966,162563
3.1006,163642
3.1047,163754
3.1088,162799
3.1138,163787
3.1170,162557
3.1211,163269
3.1252,163502
3.1293,162453
3.1335,163669
3.1376,163006
3.1416,163744
3.1457,163041
3.1498,162322
3.1539,164026
3.1580,162262
3.1621,163485
3.1661,163834
3.1702,162834
3.1743,163982
3.1785,162518
3.1827,163676
3.1866,163707
3.1907,163080
3.1953,163740
3.1993,162653
3.1994,163777
3.2031,164304
3.2072,163185
3.2112,163794
3.2154,162510
3.2194,163557
3.2235,163910
3.2278,163630
3.2317,163283
3.2357,163003
3.2398,163381
3.2441,164182
3.2481,163081
3.2521,163770
3.2562,162601
3.2603,164396
3.2645,163708
3.2685,163487
3.2726,163699
3.2767,162739
3.2810,163798
3.2849,163741
3.2890,164152
3.2931,163573
3.2973,162607
3.3013,163880
3.3054,164237
3.3095,163969
3.3137,162944
3.3177,162453
3.3221,164030
3.3262,163971
3.3263,163637
3.3305,163388
3.3341,162536
3.3382,163989
3.3423,163703
3.3464,163983
3.3505,163431
3.3546,163055
3.3586,164178
3.3631,164002
3.3669,163809
3.3709,162783
3.3750,162967
3.3796,163972
3.3833,164091
3.3873,164047
3.3914,163065
3.3955,162929
3.3996,164345
3.4037,164327
3.4078,163990
3.4119,162864
3.4160,162774
3.4201,164057
3.4241,164295
3.4283,164060
3.4324,163107
3.4365,163557
3.4406,164306
3.4447,164424
3.4490,164044
3.4529,163340
3.4529,163811
3.4570,164282
3.4611,164636
3.4651,164177
3.4692,163305
3.4733,163859
3.4774,163781
3.4815,164351
3.4856,164019
3.4897,162983
3.4938,164178
3.4979,164123
3.5020,164167
3.5061,164411
3.5102,162818
3.5145,164309
3.5185,164505
3.5227,164571
3.5266,164025
3.5311,163075
3.5348,164481
3.5389,163894
3.5429,164439
3.5474,164389
3.5513,163491
3.5553,164346
3.5593,163748
3.5638,165090
3.5676,164104
3.5717,163123
3.5759,164163
3.5799,163856
3.5842,164539
3.5843,164446
3.5881,163744
3.5921,164393
3.5970,163617
3.6003,164505
3.6044,164770
3.6085,163042
3.6138,164815
3.6167,163557
3.6208,164677
3.6249,164809
3.6292,163562
3.6331,164498
3.6371,163621
3.6412,164279
3.6455,164888
3.6495,163513
3.6536,164722
3.6576,163198
3.6618,164527
3.6662,165117
3.6700,164002
3.6740,164639
3.6781,162748
3.6825,164338
3.6864,164820
3.6904,164374
3.6946,164441
3.6993,163379
3.7031,164922
3.7070,164561
3.7111,163603
3.7112,164498
3.7151,163171
3.7191,164724
3.7232,164134
3.7276,163541
3.7315,165019
3.7355,163262
3.7397,164775
3.7438,164539
3.7478,164140
3.7518,164899
3.7559,163427
3.7600,164861
3.7643,164631
3.7683,164464
3.7723,164502
3.7764,163086
3.7805,164845
3.7846,165130
3.7887,164775
3.7928,164733
3.7969,163269
3.8010,164546
3.8051,164862
3.8092,165066
3.8138,164717
3.8175,163412
3.8216,165100
3.8257,164574
3.8309,164936
3.8341,164928
3.8381,163609
3.8382,165102
3.8421,165255
3.8466,165045
3.8501,164030
3.8542,163606
3.8583,164871
3.8630,164611
3.8667,164737
3.8707,164589
3.8747,163474
3.8789,164698
3.8829,164867
3.8870,164940
3.8911,163997
3.8953,164239
3.8996,165078
3.9035,164888
3.9075,165376
3.9116,163723
3.9159,164219
3.9200,165060
3.9240,165185
3.9280,164594
3.9321,164125
3.9361,163937
3.9402,165394
3.9444,165050
3.9484,164556
3.9526,164323
3.9570,163787
3.9611,165428
3.9652,165123
3.9653,165140
3.9690,163801
3.9731,164463
3.9771,165080
3.9812,164736
3.9853,165191
3.9894,164094
3.9937,164730
3.9977,164646
4.0018,164910
4.0058,164992
4.0099,163857
4.0140,165190
4.0181,164985
4.0222,165099
4.0262,165505
4.0307,164287
4.0344,165114
4.0386,164560
4.0426,165531
4.0469,165377
4.0509,164271
4.0550,165122
4.0591,164644
4.0636,164654
4.0672,165093
4.0713,164324
4.0754,165146
4.0800,164409
4.0838,164762
4.0880,165081
4.0921,164327
4.0922,165772
4.0960,164368
4.1001,165634
4.1041,165490
4.1082,164152
4.1126,165419
4.1168,164375
4.1205,165174
4.1246,165645
4.1287,163661
4.1328,165684
4.1368,164520
4.1409,165245
4.1457,165022
4.1492,164399
4.1532,165445
4.1573,164561
4.1614,165419
4.1655,165753
4.1696,164005
4.1737,164962
4.1778,164051
4.1826,165816
4.1860,165873
4.1901,164018
4.1944,165257
4.1984,164312
4.2024,165105
4.2065,165471
4.2109,164442
4.2149,165421
4.2189,163959
4.2190,165129
4.2228,165241
4.2272,164495
4.2312,165401
4.2352,163878
4.2393,165268
4.2434,165358
4.2480,164627
4.2516,165409
4.2556,164180
4.2597,165192
4.2644,165221
4.2679,164768
4.2720,165383
4.2761,164485
4.2804,165401
4.2843,165617
4.2884,165320
4.2925,165319
4.2967,164258
4.3007,165460
4.3048,165524
4.3089,165524
4.3137,164937
4.3172,164094
4.3213,165194
4.3253,165531
4.3298,165551
4.3335,165095
4.3378,164683
4.3418,165905
4.3458,165310
4.3459,165607
4.3498,164452
4.3539,164443
4.3580,165569
4.3624,165615
4.3663,165190
4.3704,164771
4.3744,164370
4.3789,165671
4.3828,165804
4.3868,165634
4.3908,164859
4.3949,164040
4.3990,165517
4.4031,165486
4.4072,165432
4.4114,164288
4.4157,164280
4.4195,165453
4.4236,166105
4.4277,165636
4.4318,164588
4.4359,164811
4.4399,165586
4.4441,165259
4.4482,165757
4.4522,164684
4.4563,164812
4.4605,165776
4.4646,165649
4.4688,165108
4.4730,164566
4.4731,164792
4.4769,166022
4.4810,166010
4.4851,166027
4.4892,164797
4.4933,164949
4.4974,165707
4.5014,165890
4.5055,165458
4.5096,164692
4.5138,165247
4.5179,165428
4.5219,165034
4.5260,165975
4.5302,164492
4.5343,165726
4.5383,165970
4.5424,165903
4.5470,165660
4.5505,164076
4.5546,165714
4.5587,166003
4.5629,165584
4.5670,166207
4.5710,164380
4.5751,165797
4.5792,165780
4.5833,166036
4.5874,165666
4.5915,164721
4.5958,166086
4.5999,165406
4.5999,165652
4.6038,165542
4.6079,164512
4.6122,165947
4.6163,164687
4.6202,165879
4.6243,165929
4.6291,164684
4.6326,166211
4.6366,164919
4.6407,165956
4.6448,165574
4.6489,164288
4.6530,165928
4.6570,164985
4.6611,165871
4.6654,165794
4.6694,165212
4.6734,166198
4.6776,165182
4.6818,166092
4.6858,166093
4.6899,165007
4.6942,165625
4.6981,164748
4.7021,166070
4.7061,165664
4.7104,165083
4.7146,166391
4.7185,164191
4.7229,165676
4.7267,165857
4.7268,165375
4.7308,166098
4.7348,164389
4.7389,165871
4.7431,166332
4.7471,165296
4.7512,165411
4.7553,164471
4.7596,165893
4.7635,165829
4.7676,165413
4.7717,165646
4.7758,164915
4.7801,165398
4.7840,165722
4.7881,165469
4.7922,165557
4.7965,164862
4.8006,165623
4.8046,165800
4.8086,165690
4.8132,165432
4.8168,165125
4.8210,166032
4.8251,165916
4.8293,165685
4.8332,164971
4.8372,164668
4.8413,166143
4.8463,165977
4.8496,165744
4.8538,165548
4.8538,164522
4.8577,165564
4.8624,166400
4.8660,165986
4.8701,165195
4.8741,164476
4.8785,165512
4.8823,165928
4.8864,165964
4.8905,165057
4.8948,164761
4.8988,165391
4.9028,165909
4.9069,165533
4.9111,164652
4.9153,164571
4.9192,165963
4.9232,165930
4.9274,166190
4.9319,165506
4.9356,164881
4.9397,166039
4.9438,165885
4.9478,165343
4.9519,164536
4.9560,165068
4.9603,166627
4.9643,165881
4.9684,165404
4.9725,164298
4.9767,165380
4.9809,165730
4.9849,166412
4.9850,165703
4.9888,164893
4.9930,165265
4.9974,165805
5.0011,165928
5.0052,165828
5.0093,165109
5.0135,165556
5.0175,166083
5.0216,166224
5.0256,166002
5.0298,164488
5.0338,166121
5.0379,165965
5.0420,165692
5.0463,166095
5.0509,165022
5.0544,165607
5.0585,165682
5.0629,166074
5.0666,166271
5.0707,164397
5.0748,165843
5.0797,166603
5.0830,165741
5.0871,166177
5.0912,164624
5.0962,165988
5.0995,165940
5.1038,166046
5.1079,166387
5.1118,165577
5.1127,166497
5.1158,165419
5.1199,166346
5.1240,165969
5.1287,165259
5.1323,166131
5.1362,165506
5.1403,166182
5.1445,165978
5.1487,165292
5.1526,145203
5.1567,142550
5.1608,147255
5.1651,151657
5.1691,153699
5.1731,155639
5.1773,157323
5.1816,159760
5.1854,162772
5.1895,164767
5.1937,164782
5.1977,166279
5.2018,168321
5.2059,167208
5.2101,166329
5.2143,167815
5.2183,166139
5.2223,167076
5.2264,167040
5.2312,166473
5.2347,167564
5.2388,165744
5.2388,166931
5.2428,166832
5.2472,165913
5.2510,166590
5.2550,165528
5.2591,166645
5.2633,167025
5.2673,166062
5.2714,166802
5.2755,166133
5.2798,167169
5.2837,166797
5.2878,165772
5.2919,166949
5.2960,165924
5.3001,167035
5.3042,166512
5.3083,166486
5.3124,166512
5.3164,165291
5.3206,166024
5.3247,166382
5.3296,166200
5.3330,165696
5.3370,165323
5.3411,166291
5.3459,166562
5.3493,166381
5.3533,158591
5.3574,144882
5.3616,149387
5.3658,153164
5.3658,157658
5.3697,158561
5.3738,160081
5.3783,161733
5.3820,164812
5.3861,167524
5.3902,168569
5.3945,168792
5.3984,173652
5.4025,167707
5.4066,167507
5.4108,167581
5.4149,166450
5.4189,167833
5.4230,167551
5.4272,167374
5.4315,166513
5.4353,166416
5.4393,167540
5.4435,167181
5.4477,166545
5.4516,166165
5.4557,165949
5.4598,167072
5.4640,167335
5.4680,167266
5.4721,165867
5.4766,165628
5.4804,166960
5.4844,166905
5.4886,167013
5.4928,165648
5.4930,165419
5.4970,166962
5.5008,166957
5.5049,166894
5.5090,166022
5.5136,165746
5.5172,166701
5.5213,167069
5.5254,166651
5.5301,165498
5.5336,165814
5.5376,167052
5.5418,166803
5.5463,167081
5.5500,166004
5.5541,144300
5.5581,148965
5.5628,152938
5.5663,156797
5.5704,159041
5.5745,160773
5.5794,162327
5.5827,164715
5.5868,167398
5.5909,169434
5.5956,170136
5.5991,174765
5.6032,174087
5.6073,167933
5.6121,166401
5.6157,167941
5.6197,167252
5.6198,167390
5.6237,167647
5.6280,166859
5.6319,168130
5.6359,166925
5.6400,167750
5.6441,167329
5.6483,166521
5.6524,167581
5.6564,166454
5.6605,166993
5.6648,167089
5.6688,166093
5.6728,167906
5.6769,166870
5.6814,167307
5.6851,167206
5.6892,166132
5.6933,167424
5.6975,166431
5.7015,167161
5.7056,167332
5.7099,165895
5.7139,167040
5.7180,166055
5.7220,166988
5.7261,167066
5.7305,166133
5.7342,167203
5.7383,166415
5.7430,167078
5.7469,167408
5.7470,165589
5.7507,154458
5.7548,147525
5.7589,151921
5.7630,155918
5.7670,158762
5.7711,159891
5.7752,161843
5.7795,164384
5.7834,167112
5.7876,167440
5.7916,168604
5.7958,167360
5.7998,168084
5.8039,167113
5.8080,167419
5.8121,167771
5.8162,166578
5.8203,167252
5.8244,167390
5.8287,167498
5.8325,167837
5.8366,166565
5.8407,167871
5.8453,167368
5.8490,166969
5.8530,166953
5.8571,166530
5.8623,168182
5.8654,167526
5.8695,167242
5.8735,167195
5.8781,166305
5.8783,167477
5.8818,167432
5.8858,167370
5.8899,167077
5.8945,166007
5.8981,167492
5.9022,166897
5.9062,167189
5.9104,166903
5.9145,166609
5.9186,167430
5.9226,167248
5.9269,167208
5.9310,166426
5.9350,166388
5.9391,167577
5.9432,167360
5.9473,167150
5.9513,166517
5.9554,165986
5.9597,167476
5.9640,167149
5.9677,167070
5.9718,166470
5.9761,144576
5.9807,149196
5.9851,153102
5.9882,157074
5.9925,158984
5.9966,159933
6.0005,162544
6.0046,165080
6.0047,167659
6.0087,169184
6.0136,169790
6.0169,173601
6.0210,168236
6.0250,167741
6.0292,166996
6.0333,167450
6.0373,168204
6.0415,167983
6.0465,168124
6.0496,166207
6.0537,167887
6.0578,167960
6.0620,167487
6.0660,167267
6.0701,166733
6.0742,167196
6.0785,167594
6.0824,168194
6.0865,167786
6.0906,166468
6.0953,167741
6.0988,168117
6.1029,167510
6.1069,167682
6.1115,166309
6.1152,167517
6.1193,167107
6.1237,167019
6.1276,167810
6.1318,166521
6.1319,167525
6.1356,166750
6.1398,166931
6.1442,166925
6.1484,166177
6.1521,149664
6.1561,149788
6.1607,153744
6.1646,157320
6.1684,159824
6.1725,161472
6.1768,162862
6.1807,165448
6.1848,168268
6.1889,167549
6.1930,168898
6.1972,167601
6.2013,168702
6.2053,168004
6.2095,166897
6.2140,168264
6.2176,166519
6.2216,167804
6.2259,168065
6.2299,167480
6.2339,168581
6.2380,167281
6.2422,167665
6.2463,167936
6.2505,166821
6.2548,167565
6.2586,167104
6.2588,167651
6.2635,167534
6.2667,166690
6.2708,167225
6.2749,166534
6.2791,167742
6.2831,167621
6.2872,167096
6.2913,167507
6.2961,166649
6.2996,167187
6.3036,167307
6.3077,166825
6.3120,156252
6.3159,148219
6.3200,152702
6.3241,156282
6.3288,159894
6.3322,161319
6.3363,163345
6.3404,165262
6.3454,168004
6.3486,170964
6.3527,171176
6.3569,167826
6.3613,168892
6.3650,168061
6.3691,167804
6.3732,168470
6.3783,167236
6.3815,168333
6.3857,167627
6.3858,167671
6.3896,168217
6.3937,166829
6.3979,168231
6.4020,168254
6.4060,167750
6.4101,167385
6.4142,166934
6.4182,167957
6.4223,168195
6.4265,167568
6.4306,166953
6.4346,166946
6.4387,168114
6.4429,167918
6.4469,167441
6.4510,164549
6.4551,149015
6.4593,152685
6.4635,157043
6.4675,160552
6.4717,162223
6.4759,163418
6.4798,165531
6.4838,168465
6.4879,168860
6.4926,167872
6.4964,167612
6.5002,168201
6.5044,168432
6.5086,168120
6.5126,167138
6.5127,167506
6.5166,167859
6.5206,168027
6.5247,167906
6.5293,166848
6.5330,167058
6.5371,168177
6.5411,168065
6.5452,167872
6.5494,167078
6.5534,167075
6.5575,168043
6.5623,168160
6.5658,167672
6.5699,166976
6.5739,167410
6.5782,168295
6.5821,167607
6.5862,168187
6.5903,166163
6.5951,147272
6.5985,151408
6.6026,155920
6.6066,159286
6.6110,162059
6.6150,162901
6.6190,164859
6.6230,167504
6.6277,171896
6.6313,167361
6.6355,168716
6.6397,168346
6.6398,168225
6.6436,168942
6.6477,166547
6.6517,168554
6.6558,167890
6.6600,168056
6.6640,168353
6.6681,166803
6.6722,168530
6.6764,167544
6.6805,168413
6.6846,168013
6.6887,167526
6.6928,168193
6.6969,168054
6.7009,167828
6.7050,168461
6.7091,167338
6.7133,168254
6.7173,167426
6.7213,168188
6.7255,167952
6.7298,167099
6.7336,168107
6.7377,167361
6.7419,168349
6.7461,167754
6.7501,166853
6.7541,167273
6.7583,167331
6.7625,167974
6.7666,168079
6.7667,166980
6.7705,154517
6.7746,148809
6.7788,153017
6.7828,157443
6.7869,160684
6.7910,161872
6.7959,163491
6.7992,165811
6.8033,168881
6.8073,172225
6.8120,173301
6.8156,176744
6.8196,169246
6.8238,168898
6.8279,168307
6.8319,168939
6.8361,167673
6.8401,168522
6.8448,168062
6.8484,168148
6.8524,168577
6.8565,166934
6.8609,168272
6.8648,168033
6.8688,167693
6.8729,168533
6.8774,166723
6.8811,168095
6.8852,168211
6.8896,167457
6.8939,167810
6.8942,166457
6.8975,168076
6.9016,167697
6.9057,167463
6.9098,168047
6.9140,166920
6.9180,167478
6.9221,168327
6.9262,168163
6.9303,167498
6.9343,166922
6.9384,168229
6.9426,167842
6.9466,167690
6.9507,167207
6.9548,165938
6.9591,167724
6.9633,167756
6.9672,167967
6.9712,165774
6.9753,146508
6.9795,151894
6.9835,155381
6.9876,158657
6.9917,160905
6.9960,162681
6.9999,164228
7.0040,167135
7.0082,170093
7.0128,171794
7.0164,173497
7.0204,170856
7.0205,169132
7.0244,168871
7.0291,167989
7.0326,168036
7.0367,168187
7.0408,168212
7.0457,168118
7.0490,167795
7.0531,168114
7.0572,168561
7.0617,167792
7.0654,168178
7.0695,166672
7.0736,167501
7.0786,167347
7.0820,168567
7.0859,168303
7.0900,166913
7.0945,167600
7.0981,168110
7.1022,168218
7.1063,168415
7.1108,166978
7.1146,167798
7.1186,167689
7.1227,167920
7.1273,168706
7.1311,167444
7.1351,168273
7.1391,168598
7.1436,168843
7.1477,168645
7.1478,166750
7.1515,168763
7.1555,168041
7.1597,169078
7.1637,168258
7.1678,167115
7.1719,168441
7.1765,167625
7.1802,168323
7.1842,168560
7.1883,166719
7.1926,167909
7.1965,167006
7.2006,167914
7.2046,167804
7.2088,166598
7.2132,167884
7.2171,167115
7.2211,167919
7.2252,167184
7.2293,166178
7.2333,149073
7.2374,147742
7.2416,152273
7.2456,156180
7.2497,158945
7.2538,160380
7.2579,161775
7.2623,164590
7.2661,167583
7.2703,169595
7.2744,170414
7.2745,172954
7.2789,168508
7.2825,168527
7.2866,167690
7.2907,168760
7.2949,167363
7.2988,169244
7.3029,168129
7.3070,166690
7.3115,168411
7.3152,167008
7.3193,167583
7.3234,167643
7.3278,167636
7.3316,168579
7.3357,166814
7.3398,168271
7.3445,168103
7.3480,167318
7.3521,167906
7.3562,166539
7.3610,167965
7.3644,167728
7.3685,167645
7.3726,167886
7.3775,166887
7.3811,167497
7.3849,167744
7.3890,167546
7.3936,167728
7.3972,166801
7.4012,167714
7.4013,168591
7.4053,167443
7.4095,167191
7.4136,166442
7.4176,167655
7.4217,167691
7.4259,167001
7.4300,167338
7.4341,166569
7.4381,167626
7.4423,167910
7.4465,167194
7.4504,167413
7.4545,166258
7.4587,167412
7.4628,167876
7.4670,167558
7.4709,167267
7.4750,166582
7.4791,168048
7.4832,167526
7.4873,167551
7.4914,167009
7.4959,166470
7.4996,168243
7.5036,167399
7.5078,167847
7.5121,166799
7.5160,166551
7.5201,167692
7.5242,167547
7.5283,167969
7.5284,167404
7.5323,166840
7.5364,168040
7.5405,168039
7.5452,167647
7.5487,166947
7.5528,166829
7.5569,167430
7.5615,167559
7.5651,167549
7.5692,166700
7.5733,166731
7.5775,168040
7.5815,167581
7.5856,167713
7.5896,165950
7.5945,166934
7.5979,167880
7.6019,167763
7.6060,167501
7.6105,166708
7.6147,143608
7.6186,147527
7.6225,152523
7.6267,155841
7.6309,157999
7.6347,159725
7.6388,161414
7.6442,163962
7.6471,166726
7.6514,168532
7.6554,168517
7.6595,170448
7.6596,180219
7.6634,184636
7.6675,167654
7.6716,168515
7.6757,167865
7.6799,168855
7.6839,168348
7.6880,167279
7.6922,168777
7.6963,168079
7.7003,167549
7.7043,168377
7.7087,167033
7.7130,168297
7.7167,167448
7.7207,168292
7.7250,167671
7.7295,167394
7.7330,168336
7.7371,167230
7.7416,167531
7.7461,167657
7.7494,166144
7.7535,168463
7.7576,167410
7.7618,167773
7.7658,167995
7.7699,167166
7.7740,167510
7.7783,167098
7.7823,167132
7.7865,168137
7.7866,166817
7.7904,168180
7.7948,166442
7.7986,167304
7.8026,168223
7.8068,166470
7.8112,167802
7.8152,166605
7.8190,168119
7.8231,168103
7.8273,166595
7.8313,167260
7.8354,166089
7.8395,167554
7.8444,168145
7.8477,166997
7.8518,167669
7.8559,167024
7.8600,167816
7.8643,167265
7.8682,166696
7.8723,168061
7.8764,166362
7.8806,167142
7.8851,167613
7.8887,166602
7.8929,167430
7.8973,166124
7.9010,167687
7.9051,167064
7.9093,167245
7.9133,167483
7.9133,165929
7.9173,167778
7.9214,167563
7.9255,167212
7.9302,167171
7.9337,166061
7.9378,167243
7.9422,167582
7.9465,166987
7.9501,166923
7.9543,165971
7.9585,167805
7.9633,167428
7.9668,167167
7.9706,166334
7.9747,166269
7.9792,167397
7.9829,167627
7.9870,167328
7.9911,167184
7.9952,166498
7.9992,166963
8.0033,167416
8.0075,167522
8.0116,166268
8.0156,166471
8.0197,167192
8.0238,167770
8.0280,167627
8.0322,166418
8.0362,166350
8.0403,167467
8.0404,167349
8.0445,167001
8.0484,166148
8.0525,166402
8.0566,167409
8.0612,167365
8.0649,167266
8.0690,165860
8.0730,166063
8.0772,167741
8.0812,167411
8.0854,166879
8.0894,166024
8.0941,166301
8.0976,167494
8.1016,167341
8.1058,166942
8.1100,166108
8.1140,166566
8.1180,167278
8.1221,167433
8.1264,167304
8.1303,165577
8.1344,166647
8.1386,166975
8.1426,166888
8.1468,166907
8.1508,165521
8.1549,167184
8.1592,167038
8.1632,167067
8.1673,166795
8.1673,165786
8.1713,167031
8.1754,166845
8.1795,167512
8.1836,166843
8.1877,165928
8.1919,166724
8.1961,167024
8.2000,166323
8.2040,167207
8.2083,166081
8.2123,167565
8.2164,166698
8.2204,166679
8.2246,166969
8.2286,166085
8.2327,167167
8.2368,166309
8.2415,167114
8.2453,166551
8.2491,166320
8.2532,167336
8.2575,166669
8.2614,166780
8.2655,167324
8.2696,166010
8.2737,167552
8.2786,166463
8.2819,167124
8.2863,166968
8.2902,165936
8.2942,166890
8.2943,166276
8.2982,167611
8.3023,167240
8.3064,166074
8.3107,167575
8.3147,165961
8.3188,167379
8.3228,167186
8.3276,166136
8.3311,167251
8.3352,165892
8.3392,166779
8.3435,167030
8.3476,166238
8.3515,167387
8.3556,166271
8.3597,167508
8.3640,166660
8.3681,166365
8.3721,166533
8.3766,165642
8.3802,167211
8.3843,167294
8.3883,166461
8.3925,167301
8.3967,165502
8.4006,166813
8.4047,167023
8.4090,166509
8.4131,166762
8.4172,166016
8.4213,167395
8.4214,166502
8.4253,166486
8.4293,167003
8.4334,165567
8.4375,167516
8.4416,166803
8.4460,167090
8.4498,166913
8.4539,165894
8.4582,167020
8.4625,166889
8.4662,166694
8.4703,166975
8.4745,165954
8.4786,167262
8.4826,167158
8.4867,167423
8.4908,166751
8.4949,165946
8.4989,166597
8.5030,166833
8.5072,166939
8.5116,166654
8.5153,165045
8.5194,166684
8.5236,166495
8.5278,166967
8.5317,166640
8.5358,166301
8.5399,166928
8.5441,167113
8.5484,166739
8.5484,166504
8.5522,165406
8.5563,166764
8.5606,166905
8.5646,167049
8.5686,165972
8.5727,165808
8.5769,166633
8.5809,166773
8.5850,166575
8.5890,165990
8.5933,166084
8.5975,167335
8.6013,166626
8.6054,166921
8.6102,165885
8.6138,165788
8.6177,167093
8.6218,167232
8.6259,166996
8.6300,165657
8.6341,166702
8.6382,167026
8.6432,166524
8.6464,167017
8.6505,165708
8.6546,166395
8.6587,167188
8.6628,166341
8.6669,167059
8.6710,165818
8.6753,166807
8.6753,167325
8.6792,166878
8.6833,166734
8.6874,165736
8.6915,167203
8.6982,166002
8.6996,167035
8.7064,166773
8.7082,165606
8.7120,167241
8.7160,165973
8.7201,166639
8.7243,166397
8.7292,165568
8.7324,167119
8.7365,165845
8.7406,167462
8.7448,166672
8.7488,165297
8.7529,166544
8.7573,166070
8.7612,166492
8.7653,166659
8.7694,165788
8.7734,167312
8.7778,165892
8.7816,166232
8.7857,166889
8.7898,166095
8.7940,167212
8.7981,165498
8.8021,166747
8.8022,166583
8.8061,166158
8.8107,166881
8.8144,166353
8.8184,166688
8.8225,166674
8.8268,166096
8.8307,166995
8.8348,166240
8.8389,166745
8.8435,166340
8.8471,165704
8.8512,166721
8.8553,165277
8.8595,166820
8.8635,166675
8.8676,165966
8.8717,166587
8.8764,166018
8.8799,166469
8.8841,167091
8.8881,166095
8.8933,167214
8.8963,165931
8.9003,166476
8.9044,166656
8.9087,166055
8.9128,166753
8.9167,165506
8.9209,166410
8.9253,166366
8.9293,166754
8.9294,167455
8.9332,165090
8.9372,166726
8.9413,167156
8.9454,166010
8.9495,166606
8.9536,165804
8.9579,167061
8.9619,166832
8.9660,166621
8.9701,166528
8.9741,165148
8.9782,167022
8.9823,166419
8.9863,166433
8.9904,166329
8.9946,165532
8.9991,166396
9.0060,166810
9.0091,166998
9.0111,166632
9.0153,165097
9.0194,166973
9.0232,166373
9.0278,167020
9.0317,166716
9.0357,165265
9.0396,166983
9.0439,166614
9.0478,166890
9.0519,166469
9.0562,165805
9.0563,166492
9.0605,166782
9.0642,166976
9.0682,166233
9.0723,165833
9.0771,166815
9.0806,166999
9.0846,166886
9.0887,165820
9.0933,166073
9.0970,167474
9.1010,167238
9.1051,167134
9.1097,166049
9.1133,166019
9.1174,166301
9.1215,167304
9.1258,166788
9.1298,166260
9.1339,165989
9.1380,167491
9.1424,166907
9.1461,166637
9.1502,165652
9.1543,165837
9.1585,166901
9.1625,166885
9.1666,166521
9.1707,165471
9.1748,166095
9.1790,166712
9.1832,166964
9.1833,166949
9.1871,166040
9.1912,166163
9.1953,166699
9.1994,167191
9.2034,166815
9.2077,165643
9.2117,167019
9.2157,166711
9.2198,166923
9.2239,166777
9.2280,165533
9.2321,167065
9.2362,166715
9.2404,166805
9.2445,166802
9.2486,166393
9.2527,166668
9.2567,165949
9.2608,167218
9.2649,166606
9.2690,165541
9.2731,166697
9.2774,166328
9.2816,167083
9.2854,166719
9.2894,165713
9.2941,166972
9.2976,165844
9.3018,166899
9.3059,166618
9.3100,165741
9.3100,167261
9.3140,165780
9.3181,167071
9.3222,166895
9.3266,165701
9.3304,167174
9.3345,165548
9.3386,166682
9.3428,166283
9.3468,166052
9.3509,166936
9.3550,166137
9.3592,166906
9.3632,166836
9.3673,166169
9.3714,166717
9.3759,165547
9.3797,166865
9.3837,166933
9.3877,166537
9.3920,167138
9.3959,165276
9.4000,167199
9.4041,167256
9.4083,166372
9.4127,167384
9.4164,165452
9.4205,167151
9.4246,166897
9.4287,166139
9.4329,166776
9.4372,165961
9.4414,166544
9.4415,167300
9.4453,166723
9.4493,166775
9.4534,165394
9.4575,166753
9.4615,166574
9.4657,166135
9.4697,166566
9.4738,165159
9.4779,166538
9.4819,166656
9.4860,166860
9.4901,165883
9.4944,165579
9.4984,167067
9.5024,166842
9.5066,166410
9.5110,166411
9.5147,165029
9.5188,166786
9.5229,166592
9.5275,166360
9.5312,166372
9.5352,165686
9.5393,166406
9.5435,166447
9.5477,166990
9.5517,166664
9.5557,165525
9.5600,166893
9.5643,166428
9.5683,167195
9.5684,166422
9.5722,165832
9.5764,166926
9.5804,166732
9.5843,166800
9.5884,166276
9.5928,165727
9.5966,167202
9.6007,166794
9.6048,166710
9.6100,165837
9.6130,165767
9.6171,166609
9.6212,166615
9.6261,166406
9.6294,166182
9.6335,165864
9.6376,165720
9.6417,166352
9.6458,167532
9.6499,165614
9.6540,165809
9.6581,166989
9.6623,166390
9.6664,166638
9.6705,165385
9.6745,166382
9.6786,166660
9.6826,167214
9.6872,166652
9.6914,165503
9.6952,166150
9.6953,166934
9.6991,167091
9.7032,166988
9.7074,165783
9.7114,166755
9.7155,166502
9.7195,166618
9.7237,166748
9.7278,165793
9.7319,166636
9.7360,167059
9.7400,167392
9.7441,166888
9.7482,166291
9.7523,166462
9.7564,166372
9.7605,166454
9.7646,166841
9.7686,165787
9.7728,167210
9.7769,166424
9.7810,166247
9.7851,166529
9.7893,165935
9.7939,167287
9.7974,165696
9.8014,166564
9.8056,166559
9.8104,165896
9.8139,166997
9.8181,166074
9.8224,167012
9.8225,167593
9.8262,165723
9.8301,166820
9.8342,165431
9.8383,166815
9.8426,167141
9.8466,166021
9.8506,167226
9.8548,165936
9.8589,167062
9.8629,167014
9.8670,166541
9.8712,166878
9.8763,165285
9.8793,167534
9.8833,166530
9.8874,166187
9.8927,166586
9.8956,165534
9.8997,166811
9.9038,166870
9.9080,165867
9.9121,166323
9.9161,165020
9.9202,167397
9.9243,166577
9.9284,166070
9.9325,166771
9.9366,165814
9.9408,167086
9.9451,166781
9.9492,166197
9.9493,166867
9.9531,165345
9.9572,166728
9.9612,166569
9.9653,166351
9.9693,166647
9.9735,165274
9.9780,166746
9.9817,166975
9.9858,166349
9.9899,166927
9.9941,165249
9.9981,166866
10.0022,166771
10.0065,166597
10.0104,166094
10.0144,165571
10.0185,166702
10.0226,166803
10.0267,166816
10.0308,166495
10.0349,165883
10.0390,167008
10.0433,166477
10.0472,166868
10.0513,165887
10.0554,165757
10.0599,167083
10.0637,166806
10.0677,166777
10.0723,166146
10.0759,165414
10.0768,166471
10.0802,166771
10.0842,166941
10.0882,165851
10.0933,164988
10.0964,166883
10.1004,166306
10.1046,166733
10.1089,165932
10.1127,165640
10.1168,166545
10.1209,166646
10.1257,166808
10.1292,166125
10.1333,166151
10.1374,166804
10.1419,166448
10.1456,166303
10.1497,165882
10.1538,166106
10.1578,167147
10.1619,166763
10.1659,166845
10.1700,165318
10.1742,166257
10.1784,167198
10.1824,166879
10.1865,166641
10.1907,166045
10.1947,166524
10.1989,166958
10.2029,166369
10.2029,166437
10.2070,165279
10.2110,166048
10.2151,166168
10.2192,167146
10.2233,166657
10.2276,165969
10.2316,166880
10.2358,166835
10.2397,166522
10.2440,166645
10.2479,165912
10.2520,167382
10.2562,166749
10.2602,166391
10.2643,166650
10.2684,165841
10.2725,166876
10.2766,166231
10.2806,167125
10.2847,166759
10.2889,165460
10.2933,167445
10.2970,165944
10.3011,166292
10.3052,166741
10.3095,165326
10.3134,166681
10.3175,165790
10.3218,166527
10.3260,166402
10.3301,165186
10.3302,166806
10.3340,166271
10.3381,166838
10.3423,166664
10.3462,165613
10.3503,167262
10.3544,166202
10.3587,166933
10.3632,166847
10.3667,165532
10.3708,166816
10.3753,166043
10.3790,166609
10.3831,166248
10.3872,166154
10.3913,167199
10.3954,165602
10.3994,166910
10.4036,166973
10.4077,166719
10.4117,167205
10.4158,166266
10.4199,167044
10.4240,166415
10.4282,166112
10.4323,167484
10.4364,165292
10.4404,166982
10.4445,167154
10.4486,166092
10.4530,166259
10.4570,165719
10.4609,167070
10.4610,166681
10.4651,166626
10.4692,166172
10.4732,165165
10.4780,166859
10.4814,166755
10.4855,165960
10.4896,166761
10.4938,165408
10.4978,166697
10.5019,167191
10.5061,166206
10.5102,166575
10.5142,165788
10.5183,166265
10.5223,167129
10.5269,166442
10.5306,166878
10.5347,165748
10.5387,167306
10.5429,166706
10.5471,166848
10.5512,166379
10.5551,165511
10.5593,166751
10.5633,166574
10.5674,166985
10.5716,165866
10.5756,165379
10.5801,167036
10.5841,166173
10.5883,166259
10.5884,166546
10.5921,165475
10.5960,167170
10.6001,166289
10.6042,166543
10.6086,166299
10.6129,165560
10.6166,166886
10.6206,166474
10.6248,166901
10.6293,166235
10.6329,166154
10.6370,166681
10.6414,166634
10.6452,166841
10.6493,165995
10.6535,166635
10.6575,167415
10.6617,167145
10.6658,166780
10.6698,165557
10.6739,166858
10.6780,166897
10.6821,167215
10.6861,166744
10.6905,165773
10.6944,166137
10.6984,166671
10.7026,166448
10.7071,166959
10.7111,165383
10.7152,166579
10.7153,167117
10.7190,166970
10.7231,166258
10.7271,165923
10.7312,166480
10.7353,166522
10.7394,166953
10.7435,166758
10.7476,165680
10.7517,167167
10.7558,166704
10.7600,166737
10.7641,166505
10.7681,165863
10.7721,166773
10.7765,166225
10.7803,167001
10.7844,166825
10.7886,165455
10.7934,167115
10.7967,166668
10.8008,166815
10.8049,166792
10.8090,166548
10.8131,166806
10.8172,166446
10.8213,166949
10.8255,166345
10.8295,165863
10.8339,167086
10.8380,165873
10.8419,166713
10.8420,166519
10.8459,165616
10.8500,167214
10.8541,165879
10.8583,166933
10.8623,166628
10.8664,165990
10.8704,166915
10.8751,165600
10.8787,166971
10.8828,166474
10.8868,166001
10.8914,167057
10.8950,165889
10.8991,167019
10.9032,167249
10.9074,166719
10.9114,167200
10.9155,165621
10.9196,167186
10.9237,167019
10.9279,166086
10.9319,167618
10.9360,166194
10.9402,166940
10.9442,166547
10.9483,166259
10.9524,166958
10.9565,165334
10.9609,166630
10.9650,166710
10.9690,166258
10.9691,167131
10.9731,165777
10.9770,166808
10.9811,166219
10.9851,166658
10.9894,166587
10.9935,165343
10.9975,166980
11.0017,166518
11.0068,166580
11.0105,166883
11.0163,165463
11.0183,167146
11.0224,166952
11.0264,166558
11.0303,166583
11.0344,165433
11.0384,166551
11.0430,166721
11.0468,166283
11.0509,166971
11.0548,166011
11.0591,166757
11.0631,166942
11.0671,166815
11.0713,166214
11.0756,165841
11.0794,166802
11.0835,167005
11.0876,167532
11.0923,166839
11.0960,165812
11.0961,166592
11.0999,166688
11.1040,167021
11.1082,166435
11.1121,166239
11.1162,166641
11.1203,167138
11.1249,166744
11.1286,165721
11.1326,166124
11.1368,166224
11.1409,166976
11.1449,166936
11.1491,165903
11.1532,165857
11.1572,167290
11.1613,166737
11.1654,166706
11.1695,165970
11.1736,166396
11.1777,167333
11.1818,167037
11.1859,167083
11.1900,165850
11.1941,165788
11.1982,167421
11.2023,167111
11.2064,166651
11.2104,165793
11.2147,166213
11.2189,167322
11.2228,166573
11.2229,166697
11.2268,166192
11.2314,167053
11.2351,166988
11.2391,166968
11.2432,166950
11.2473,165787
11.2513,166999
11.2554,166945
11.2596,166987
11.2636,167166
11.2677,165684
11.2718,167045
11.2759,166622
11.2800,166878
11.2842,166983
11.2882,165671
11.2923,167146
11.2964,166677
11.3005,166927
11.3046,166854
11.3087,165578
11.3128,166952
11.3169,166484
11.3210,167385
11.3251,167504
11.3292,166443
11.3332,167690
11.3373,166411
11.3415,167170
11.3459,167249
11.3500,166175
11.3500,167581
11.3538,165776
11.3579,167269
11.3620,167048
11.3661,165935
11.3702,167457
11.3743,166211
11.3783,166721
11.3824,167262
11.3867,165853
11.3907,167188
11.3948,165467
11.3989,167488
11.4030,167195
11.4071,166364
11.4112,166812
11.4153,165901
11.4194,166938
11.4235,167211
11.4277,166669
11.4317,167150
11.4358,165772
11.4399,167015
11.4440,167345
11.4481,166289
11.4521,167012
11.4562,165933
11.4603,167651
11.4645,166482
11.4686,166310
11.4728,167256
11.4766,165516
11.4767,167234
11.4808,167276
11.4848,167126
11.4890,166556
11.4931,166016
11.4972,167528
11.5013,167264
11.5054,166886
11.5096,167338
11.5136,166076
11.5176,166762
11.5219,167476
11.5259,166753
11.5299,166807
11.5340,165351
11.5381,167120
11.5423,167233
11.5464,166884
11.5504,167506
11.5544,166099
11.5588,166614
11.5628,166940
11.5669,167226
11.5709,166718
11.5750,166097
11.5790,167286
11.5832,167047
11.5872,167334
11.5913,166871
11.5955,165970
11.5998,166823
11.6038,167625
11.6039,166971
11.6079,166568
11.6119,166411
11.6159,166604
11.6201,166639
11.6242,167018
11.6282,166120
11.6324,165875
11.6364,166944
11.6405,167692
11.6447,167322
11.6488,166775
11.6529,165659
11.6569,167269
11.6610,167440
11.6652,166849
11.6694,166293
11.6738,166081
11.6773,167082
11.6819,167146
11.6857,167367
11.6908,165551
11.6941,166201
11.6979,166829
11.7020,166986
11.7141,166741
11.7220,166310
11.7221,166690
11.7223,167234
11.7234,167078
11.7366,167203
11.7367,166182
11.7369,166621
11.7370,167568
11.7401,167315
11.7438,166872
11.7478,166122
11.7623,166890
11.7624,167186
11.7625,167300
11.7633,167107
11.7752,166675
11.7794,167396
11.7794,167442
11.7798,167069
11.7984,166932
11.7984,165362
11.8013,167523
11.8048,167128
11.8123,167336
11.8189,167167
11.8189,166109
11.8369,166996
11.8389,166888
11.8429,167897
11.8429,166970
11.8431,166893
11.8431,167939
11.8489,166766
11.8686,166953
11.8707,167111
11.8708,166078
11.8789,167367
11.8791,166297
11.8828,166915
11.8858,166848
11.8886,166295
11.8906,167117
11.8930,166585
11.8960,167085
11.8995,167382
11.8996,166615
11.8998,167512
11.8999,166355
11.9068,167401
11.9089,167539
11.9089,166325
11.9179,167796
11.9215,165954
11.9237,167167
11.9240,167035
11.9280,166135
11.9314,167270
11.9356,165922
11.9404,166635
11.9441,166643
11.9483,166206
11.9522,167259
11.9558,165832
11.9601,167353
11.9649,166511
11.9688,166292
11.9883,167471
11.9885,166404
11.9894,167006
11.9924,167502
11.9925,166507
11.9944,167336
11.9984,166204
12.0022,167440
12.0034,166994
12.0054,166977
12.0100,167407
12.0190,165996
12.0220,167157
12.0240,167157
12.0279,166644
12.0339,167293
12.0372,165928
12.0389,166952
12.0419,167143
12.0460,166590
12.0506,166972
12.0562,166119
12.0601,166754
12.0671,166910
12.0672,166659
12.0860,167275
12.0863,165951
12.0890,167116
12.0899,167526
12.0949,167326
12.1009,166876
12.1040,166162
12.1119,166639
12.1139,167328
12.1140,167011
12.1140,167058
12.1157,166513
12.1166,166975
12.1213,167208
12.1279,167047
12.1294,166277
12.1320,165872
12.1361,167085
12.1442,167008
12.1454,167411
12.1606,166357
12.1724,166248
12.1824,167199
12.1864,167137
12.1875,166885
12.1879,166478
12.2032,166467
12.2042,167825
12.2084,166939
12.2135,167613
12.2219,166613
12.2229,166415
12.2374,167315
12.2410,167355
12.2539,167725
12.2550,166392
12.2550,167021
12.2599,167270
12.2659,166685
12.2660,167542
12.2661,165904
12.2662,167354
12.2679,167354
12.2699,166819
12.2719,167031
12.2720,166323
12.2721,166947
12.2739,166827
12.2809,166959
12.2890,167500
12.3016,166343
12.3040,167175
12.3049,166769
12.3050,167320
12.3055,166834
12.3057,166339
12.3057,166974
12.3062,166819
12.3064,167530
12.3064,166617
12.3081,166003
12.3126,167248
12.3166,166928
12.3295,167479
12.3354,167120
12.3514,165994
12.3537,167550
12.3540,166701
12.3562,167121
12.3594,167655
12.3595,165627
12.3596,167690
12.3597,166086
12.3660,167134
12.3754,166581
12.3755,165979
12.3756,167049
12.3864,166090
12.3944,167321
12.3975,167064
12.3975,165546
12.3976,167655
12.4044,165782
12.4066,166673
12.4084,167180
12.4085,166311
12.4240,167353
12.4395,166279
12.4434,167400
12.4435,167157
12.4441,166527
12.4447,167426
12.4458,165598
12.4464,167352
12.4473,167162
12.4480,166236
12.4521,167398
12.4556,165736
12.4601,167425
12.4643,167572
12.4684,166219
12.4727,167584
12.4768,165232
12.4808,167093
12.4850,167011
12.4889,166699
12.4927,166691
12.4966,165818
12.4967,167060
12.5119,167682
12.5215,166682
12.5360,167381
12.5388,165613
12.5444,167360
12.5485,167032
12.5495,166726
12.5514,167241
12.5556,166118
12.5567,167128
12.5576,167333
12.5587,166604
12.5593,166814
12.5605,165680
12.5684,167097
12.5725,166611
12.5725,167107
12.5727,166866
12.5815,166116
12.5855,166867
12.5870,167329
12.5880,166908
12.5912,166918
12.5957,165669
12.5993,167165
12.6031,167366
12.6083,167489
12.6113,166678
12.6165,165901
12.6221,167131
12.6261,167234
12.6280,167130
12.6283,166905
12.6359,166293
12.6362,166994
12.6405,166595
12.6439,166642
12.6527,166181
12.6529,166150
12.6581,166605
12.6641,166994
12.6701,166928
12.6702,165943
12.6784,166483
12.6785,167322
12.6814,166802
12.6913,167048
12.6914,166291
12.6970,166380
12.7074,167470
12.7136,166991
12.7140,167196
12.7195,166337
12.7256,166582
12.7256,167485
12.7336,167712
12.7415,167105
12.7416,166346
12.7417,166290
12.7505,167552
12.7645,167215
12.7685,167200
12.7686,166333
12.7687,167186
12.7695,167319
12.7696,167197
12.7733,166994
12.7766,165757
12.7871,166959
12.7902,166851
12.7935,166993
12.7995,167332
12.7996,166153
12.7997,166945
12.7997,166698
12.7998,167330
12.8055,166966
12.8095,165920
12.8208,167127
12.8209,166845
12.8210,167284
12.8242,166517
12.8283,166362
12.8324,167274
12.8365,166782
12.8406,167319
12.8446,167434
12.8488,165791
12.8529,167381
12.8570,165814
12.8611,166743
12.8652,166992
12.8694,165925
12.8736,167375
12.8776,166110
12.8777,167152
12.8816,166620
12.8856,165686
12.8897,167331
12.8938,165972
12.8979,167071
12.9020,166735
12.9061,166666
12.9102,167359
12.9143,166148
12.9184,167134
12.9224,166942
12.9266,166156
12.9307,167788
12.9347,166188
12.9390,166879
12.9431,166693
12.9473,165963
12.9513,167360
12.9553,166171
12.9594,166884
12.9635,166990
12.9677,166171
12.9717,167672
12.9758,165954
12.9799,167327
12.9840,166990
12.9881,166173
12.9922,166880
12.9963,165785
13.0006,167176
13.0046,166881
13.0047,166428
13.0086,167550
13.0126,165341
13.0168,167373
13.0209,167048
13.0250,166689
13.0291,166895
13.0332,165571
13.0372,167350
13.0413,166977
13.0454,167104
13.0495,167832
13.0535,165923
13.0577,167631
13.0618,166610
13.0659,167136
13.0700,167135
13.0741,165718
13.0782,167214
13.0823,167030
13.0864,167230
13.0905,166850
13.0946,165982
13.0987,167288
13.1028,166966
13.1069,167160
13.1110,166994
13.1151,166031
13.1192,167330
13.1232,167231
13.1274,167212
13.1315,166673
13.1316,166055
13.1356,167486
13.1396,167206
13.1437,167073
13.1478,167031
13.1519,165776
13.1562,166870
13.1602,167027
13.1643,166981
13.1684,166938
13.1724,166051
13.1764,166788
13.1807,167067
13.1847,166632
13.1887,165957
13.1928,166239
13.1969,167787
13.2011,166966
13.2052,166812
13.2092,166248
13.2133,166379
13.2174,167280
13.2215,166999
13.2256,166807
13.2298,166265
13.2339,166513
13.2380,166800
13.2421,167176
13.2463,167145
13.2502,165639
13.2545,166477
13.2585,167674
13.2586,166960
13.2624,166830
13.2666,165851
13.2706,166702
13.2749,167137
13.2790,167115
13.2830,167066
13.2871,165909
13.2911,166605
13.2953,166894
13.2995,167315
13.3034,167212
13.3076,165421
13.3117,167150
13.3160,167276
13.3201,166560
13.3280,166859
13.3281,165746
13.3322,167508
13.3363,166920
13.3416,167008
13.3476,166762
13.3497,166197
13.3529,167344
13.3567,166342
13.3609,166764
13.3650,166850
13.3693,165924
13.3744,167316
13.3776,166156
13.3884,167552
13.3952,167270
13.3976,166059
13.4018,167519
13.4119,166017
13.4127,167435
13.4396,167107
13.4411,166137
13.4413,166730
13.4416,165881
13.4540,166611
13.4561,166784
13.4713,166533
13.4723,167709
13.4727,166119
13.4749,167094
13.4764,166991
13.4772,165907
13.4795,167779
13.4807,165893
13.4821,166663
13.4836,166757
13.4886,166151
13.4973,167721
13.4995,164913
13.5017,167374
13.5037,167331
13.5066,166007
13.5098,167246
13.5126,166078
13.5142,167318
13.5172,166507
13.5240,166602
13.5261,167027
13.5291,165741
13.5332,166829
13.5352,167859
13.5376,167364
13.5381,168024
13.5392,165964
13.5393,167396
13.5460,167077
13.5460,166793
13.5560,167503
13.5568,165915
13.5618,166784
13.5656,167019
13.5698,167117
13.5711,167384
13.5787,165909
13.5885,167123
13.5894,166884
13.5965,167139
13.6011,167151
13.6014,165743
13.6036,166721
13.6039,166978
13.6311,166887
13.6312,166527
13.6458,166288
13.6865,167165
13.7014,167140
13.7042,167114
13.7091,166512
13.7203,165657
13.7540,167005
13.7562,166795
13.7653,166865
13.7834,166558
13.7848,166186
13.7852,167265
13.7947,167256
13.8033,167453
13.8073,166436
13.8085,165934
13.8106,166806
13.8223,166962
13.8264,167394
13.8313,166732
13.8372,166736
13.8379,166847
13.8382,167145
13.8412,167187
13.8541,166387
13.8555,166073
13.8613,167343
13.8645,167228
13.8701,167035
13.8827,165814
13.8886,166458
13.8989,166858
13.9101,167584
13.9137,166814
13.9219,165972
13.9318,166599
13.9329,166981
13.9465,167140
13.9520,167819
13.9700,166495
13.9833,166943
14.0160,166831
14.0549,167207
14.0770,167111
14.0793,166361
14.0834,167120
14.0853,167094
14.0871,166976
14.0872,166935
14.0873,165901
14.0946,167300
14.0960,166731
14.0961,166677
14.0962,167153
14.0981,165643
14.1001,167198
14.1291,166239
14.1366,166734
14.1572,167797
14.1691,165731
14.1921,166996
14.2046,166684
14.2151,167069
14.2386,166652
14.2438,166236
14.2862,167476
14.3001,166484
14.3108,167291
14.3372,167400
14.3511,166299
14.3683,167345
14.3693,166058
14.3862,167052
14.4001,166959
14.4291,166082
14.4504,167157
14.4684,166114
14.4748,167102
14.4864,166682
14.4905,166228
14.4915,167105
14.4920,165985
14.4927,167115
14.4934,167016
14.4939,166883
14.4940,167352
14.4953,165684
14.4960,166786
14.4961,166410
14.4984,166160
14.4993,167284
14.5030,165838
14.5200,166790
14.5281,167626
14.5526,165943
14.5786,167099
14.5977,165558
14.6264,166928
14.6525,166392
14.6528,166309
14.6548,167701
14.6568,165893
14.6696,167066
14.6741,166668
14.6821,166246
14.6834,166959
14.6899,165641
14.6936,166824
14.6995,166811
14.7036,166082
14.7210,166867
14.7235,166282
14.7293,166887
14.7305,167324
14.7364,166843
14.7525,167113
14.7581,166103
14.7806,167133
14.7922,166914
14.8189,166837
14.8196,166981
14.8225,165919
14.8261,167062
14.8262,167278
14.8320,166738
14.8362,166685
14.8413,165807
14.8431,167407
14.8473,166886
14.8498,167265
14.8513,166692
14.8693,165522
14.8828,167588
14.8832,166896
14.8840,167223
14.8878,166530
14.8982,166312
14.9236,166512
14.9338,167355
14.9374,166898
14.9377,166013
14.9692,166618
14.9805,167198
14.9854,167037
14.9945,167139
15.0179,166059
15.0191,166294
15.0360,167774
15.0383,167322
15.0608,166898
15.0611,166711
15.0614,166562
15.0669,167300
15.0751,167341
15.0841,167169
15.0898,166543
15.1025,166113
15.1081,167383
15.1194,167609
15.1523,167298
15.1526,166215
15.1615,166788
15.1857,167393
15.2189,167252
15.2594,166593
15.2810,166313
15.2852,166200
15.2871,166931
15.2906,167070
15.2934,167073
15.3100,166316
15.3101,167514
15.3161,167232
15.3178,167882
15.3194,167346
15.3208,166252
15.3271,166483
15.3351,166572
15.3352,167417
15.3366,167007
15.3385,166293
15.3532,167047
15.3706,166743
15.3965,166664
15.4086,167215
15.4258,165667
15.4274,167483
15.4355,166450
15.4369,166969
15.4408,167595
15.4524,165709
15.4581,167198
15.4752,166231
15.5022,166745
15.5195,167211
15.5275,165891
15.5409,167095
15.5463,166113
15.5725,167009
15.5849,167150
15.5850,166033
15.5867,167650
15.5877,165913
15.5885,166907
15.5897,167051
15.5906,166080
15.5910,167131
15.5912,166434
15.5914,167479
15.5929,167137
15.6040,166359
15.6071,167664
15.6154,166113
15.6189,167306
15.6192,166801
15.6196,166314
15.6273,167276
15.6276,165869
15.6279,167948
15.6299,166827
15.6374,166556
15.6377,167470
15.6388,166195
15.6390,167223
15.6525,167459
15.6696,166587
15.6739,167750
15.6848,165919
15.6988,166960
15.7047,167762
15.7077,166847
15.7093,167283
15.7188,166098
15.7304,166831
15.7305,167496
15.7360,167097
15.7689,166783
15.7888,165887
15.8329,167361
15.8366,167473
15.8537,167063
15.9183,166754
15.9859,166260
16.0014,167385
16.0244,166428
16.0687,166843
16.0837,166699
16.0838,165952
16.0866,166818
16.0872,167180
16.1018,166903
16.1057,166680
16.1111,165915
16.1174,167702
16.1182,166995
16.1183,167214
16.1220,166848
16.1236,166405
16.1246,167429
16.1263,167679
16.1288,167030
16.1304,166223
16.1319,166565
16.1338,167197
16.1363,166868
16.1381,167014
16.1404,166686
16.1406,166061
16.1407,167269
16.1408,167282
16.1424,167073
16.1445,166545
16.1451,166494
16.1462,167482
16.1486,167233
16.1505,167232
16.1512,166354
16.1538,166910
16.1553,167432
16.1569,166797
16.1589,167148
16.1602,165997
16.1611,166754
16.1638,167026
16.1669,166797
16.1682,167834
16.1746,166134
16.1869,166805
16.2012,166658
16.2018,167048
16.2019,166817
16.2020,166189
16.2022,166704
16.2023,167029
16.2182,167019
16.2206,167221
16.2256,166032
16.2272,167023
16.2293,167404
16.2320,167775
16.2333,166789
16.2334,165797
16.2354,167282
16.2362,167375
16.2377,167212
16.2398,167126
16.2399,166272
16.2410,167375
16.2412,166770
16.2413,167201
16.2425,167024
16.2427,166172
16.2444,167362
16.2448,166686
16.2450,167297
16.2465,167441
16.2500,166057
16.2531,167109
16.2554,166383
16.2555,167085
16.2555,167629
16.2577,166257
16.2585,167370
16.2604,166341
16.2608,166522
16.2634,167144
16.2651,166215
16.2705,167184
16.2728,166734
16.2772,167279
16.2795,167212
16.2815,166275
16.2841,167788
16.2846,166429
16.2894,167123
16.2910,167163
16.2919,166183
16.2932,167693
16.2933,166156
16.2949,167110
16.2950,166942
16.2972,166460
16.2993,167043
16.3098,165485
16.3266,167707
16.3513,166859
16.3695,166134
16.3709,167831
16.3752,166327
16.3795,167198
16.3868,167259
16.3891,167579
16.3915,167221
16.3942,166257
16.3965,167349
16.3989,167243
16.4031,166124
16.4071,167195
16.4094,165767
16.4135,167573
16.4186,167260
16.4189,167148
16.4216,166209
16.4242,166282
16.4261,166643
16.4285,167161
16.4309,166877
16.4332,167035
16.4357,165872
16.4381,166959
16.4413,166832
16.4436,166517
16.4478,167427
16.4520,165883
16.4560,167149
16.4600,166819
16.4631,167418
16.4651,166924
16.4665,165517
16.4700,166899
16.4719,167270
16.4733,166969
16.4734,166599
16.4817,166184
16.4958,167034
16.5015,167256
16.5052,167142
16.5070,166631
16.5145,165903
16.5224,167191
16.5262,167120
16.5328,167605
16.5337,166426
16.5356,166179
16.5370,167039
16.5421,166884
16.5443,167349
16.5464,166683
16.5533,166239
16.5562,167408
16.5584,166682
16.5605,166971
16.5640,166647
16.5661,166212
16.5687,166917
16.5697,166955
16.5723,166843
16.5735,166335
16.5748,166564
16.5778,166908
16.5787,167108
16.5803,167175
16.5814,166044
16.5826,166750
16.5827,167355
16.5842,166806
16.5844,167030
16.5888,166044
16.6004,166947
16.6024,166966
16.6077,167283
16.6099,166776
16.6117,166323
16.6118,167007
16.6129,166671
16.6159,167545
16.6193,167280
16.6211,165606
16.6246,166829
16.6290,167677
16.6318,167043
16.6356,167327
16.6390,165712
16.6432,167518
16.6447,166205
16.6483,166560
16.6544,166716
16.6588,165724
16.6637,167043
16.6640,166645
16.6642,167648
16.6673,167380
16.6675,165920
16.6718,167495
16.6771,166523
16.6810,166810
16.6827,166583
16.6866,166081
16.6905,167434
16.6937,165873
16.6994,166692
16.7035,166451
16.7037,166179
16.7154,167565
16.7170,166027
16.7349,167175
16.7372,167346
16.7440,166418
16.7652,167344
16.7773,166166
16.7848,166732
16.7851,166850
16.8006,166246
16.8175,167526
16.8218,165598
16.8219,167360
16.8220,167299
16.8258,166577
16.8260,167957
16.8289,165493
16.8314,167183
16.8320,167241
16.8348,166358
16.8465,167642
16.8466,165847
16.8467,166709
16.8493,166850
16.8494,166242
16.8520,166842
16.8543,165773
16.8560,166994
16.8597,166284
16.8616,166475
16.8666,166921
16.8705,165522
16.8706,167435
16.8717,166936
16.8717,166367
16.8732,167066
16.8769,165770
16.8819,167326
16.8838,166929
16.8864,166442
16.8892,166780
16.8893,165774
16.8899,167283
16.8903,166900
16.9008,166481
16.9009,166835
16.9010,165984
16.9011,166179
16.9114,166892
16.9116,166873
0.0002,166705
0.0008,165812
0.0009,166855
0.0010,167577
0.0012,166842
0.0016,166783
0.0017,165638
0.0018,167049
0.0019,167007
0.0020,167213
0.0022,166851
0.0022,165644
0.0023,167021
0.0024,166961
0.0026,167072
0.0028,166519
0.0038,166164
0.0041,166924
0.0043,166988
0.0044,167038
0.0047,165993
0.0048,166073
0.0049,166862
0.0051,166628
0.0056,166644
0.0057,166696
0.0064,166537
0.0065,167112
0.0067,167303
0.0068,167091
0.0073,165850
0.0077,165975
0.0078,166925
0.0080,167199
0.0083,167023
0.0088,166531
0.0098,166440
0.0100,166905
0.0102,166959
0.0103,167174
0.0104,166327
0.0105,166735
0.0106,166938
0.0107,166746
0.0108,166992
0.0110,165647
0.0110,166907
0.0115,167096
0.0116,166767
0.0118,167492
0.0119,166299
0.0121,167021
0.0123,166376
0.0124,167226
0.0125,167335
0.0128,165829
0.0130,166801
0.0135,166468
0.0137,166886
0.0139,166914
0.0141,165590
0.0143,167437
0.0147,166842
0.0149,167152
0.0152,166912
0.0153,166391
0.0158,166852
0.0162,165818
0.0164,166636
0.0166,166947
0.0184,165773
0.0187,167777
0.0189,165871
0.0190,166841
0.0191,167248
0.0193,165846
0.0195,167279
0.0196,165784
0.0196,167036
0.0197,166719
0.0199,166204
0.0200,167090
0.0200,165995
0.0201,167082
0.0202,166518
0.0202,166014
0.0203,167128
0.0204,166095
0.0205,166684
0.0206,166784
0.0206,165954
0.0207,167378
0.0238,165897
0.0238,166714
0.0239,166928
0.0240,165936
0.0241,167422
0.0242,165657
0.0243,166976
0.0244,166904
0.0244,166644
0.0245,167412
0.0246,165386
0.0247,167236
0.0248,167031
0.0248,166423
0.0249,167148
0.0250,166141
0.0250,166964
0.0251,166631
0.0251,167282
0.0252,167121
0.0253,165782
0.0253,167543
0.0254,167434
0.0255,166726
0.0255,166954
0.0256,165882
0.0257,167102
0.0257,166970
0.0258,166900
0.0259,166941
0.0259,165715
0.0260,166627
0.0261,166988
0.0261,166652
0.0262,166589
0.0262,165686
0.0263,167232
0.0264,167521
0.0264,166398
0.0265,167090
0.0266,165943
0.0266,166653
0.0267,166816
0.0268,167004
0.0268,166490
0.0269,165977
0.0270,166988
0.0270,167487
0.0271,167223
0.0271,166777
0.0272,165691
0.0273,167122
0.0273,166905
0.0274,167288
0.0275,166489
0.0275,166097
0.0276,166984
0.0277,167056
0.0277,166546
0.0278,166661
0.0279,165930
0.0279,167149
0.0280,166760
0.0281,167098
0.0281,166145
0.0282,165835
0.0282,166774
0.0283,166941
0.0284,166926
0.0284,166244
0.0285,167168
0.0286,166630
0.0286,166620
0.0287,167025
0.0288,166023
0.0288,166866
0.0289,167253
0.0290,167109
0.0290,166747
0.0291,166034
0.0292,166965
0.0292,167222
0.0293,167399
0.0294,167198
0.0294,165749
0.0295,167219
0.0296,166672
0.0296,167336
0.0297,167093
0.0298,165958
0.0298,167453
0.0299,166727
0.0300,166994
0.0300,167216
0.0301,165916
0.0301,167453
0.0302,166290
0.0303,166627
0.0303,167292
0.0304,166118
0.0305,167711
0.0305,166521
0.0306,166859
0.0307,167362
0.0307,165875
0.0308,167385
0.0308,166384
0.0309,167108
0.0310,167143
0.0310,165973
0.0311,167084
0.0312,166143
0.0312,166972
0.0313,166932
0.0314,166044
0.0314,167434
0.0315,165658
0.0316,167270
0.0316,166857
0.0317,165720
0.0318,167476
0.0318,165747
0.0319,167571
0.0319,166866
0.0320,166172
0.0321,167450
0.0321,166349
0.0322,167188
0.0323,167020
0.0323,166412
0.0324,167398
0.0325,166148
0.0325,167154
0.0326,167497
0.0326,166601
0.0327,167412
0.0328,166481
0.0328,167372
0.0329,167377
0.0330,166656
0.0331,167260
0.0331,166364
0.0332,166963
0.0333,167257
0.0334,166964
0.0337,167495
0.0339,166070
0.0340,167302
0.0342,167109
0.0343,167007
0.0344,167046
0.0344,166445
0.0345,167378
0.0346,166900
0.0346,166960
0.0347,167285
0.0348,165904
0.0348,167086
0.0349,167296
0.0349,167322
0.0350,166893
0.0351,165828
0.0351,166942
0.0352,167152
0.0353,167211
0.0353,166713
0.0354,166025
0.0355,166772
0.0355,167306
0.0356,167151
0.0357,166650
0.0357,166234
0.0358,166719
0.0359,167740
0.0359,167010
0.0360,166406
0.0361,166117
0.0361,167237
0.0362,167102
0.0363,166590
0.0363,166252
0.0364,166601
0.0364,167747
0.0365,167396
0.0366,167367
0.0366,166790
0.0367,166670
0.0368,167497
0.0368,166406
0.0369,166539
0.0370,166003
0.0370,166287
0.0371,167249
0.0372,167433
0.0372,167618
0.0373,166134
0.0374,166363
0.0374,167406
0.0375,167001
0.0376,167418
0.0376,165995
0.0377,166698
0.0377,167322
0.0378,166911
0.0379,166790
0.0379,165479
0.0380,167306
0.0381,167304
0.0381,166615
0.0382,167468
0.0383,165778
0.0383,167339
0.0384,167309
0.0385,166929
0.0385,166897
0.0386,166112
0.0386,167504
0.0387,167117
0.0388,166292
0.0388,166952
0.0389,166030
0.0390,166873
0.0390,166866
0.0391,167148
0.0392,167063
0.0392,165788
0.0393,167430
0.0393,166640
0.0394,167229
0.0395,167096
0.0395,165877
0.0396,167023
0.0397,167031
0.0397,167261
0.0398,167054
0.0399,166382
0.0399,167740
0.0400,166290
0.0401,167549
0.0401,167035
0.0402,165647
0.0403,167066
0.0404,165909
0.0404,167043
0.0405,166986
0.0405,166352
0.0406,167717
0.0411,165874
0.0452,166640
0.0493,167116
0.0534,166127
0.0575,167447
0.0616,166036
0.0657,166815
0.0698,166655
0.0739,166723
0.0780,166918
0.0821,166170
0.0864,167328
0.0903,167453
0.0944,166601
0.0985,167200
0.1026,165667
0.1067,167038
0.1108,167318
0.1149,166108
0.1190,166982
0.1230,165863
0.1272,167038
0.1312,166679
0.1353,166605
0.1394,166941
0.1435,165497
0.1476,166985
0.1517,166717
0.1558,166856
0.1602,166732
0.1641,165871
0.1642,166956
0.1680,167179
0.1722,166246
0.1763,166723
0.1804,165963
0.1845,167149
0.1886,167334
0.1927,166925
0.1968,167177
0.2009,166056
0.2050,167259
0.2091,167289
0.2132,167030
0.2173,167156
0.2214,165989
0.2254,166977
0.2296,167115
0.2337,167374
0.2377,166887
0.2419,165791
0.2459,167359
0.2500,166761
0.2541,167079
0.2582,166763
0.2623,165806
0.2664,167558
0.2705,167321
0.2746,166950
0.2787,166143
0.2829,165921
0.2869,167114
0.2909,167181
0.2910,167224
0.2950,166489
0.2992,166064
0.3033,166783
0.3073,167102
0.3115,167188
0.3156,165952
0.3197,166509
0.3238,167567
0.3279,167151
0.3319,166831
0.3360,166021
0.3401,166296
0.3442,166758
0.3483,167057
0.3524,167176
0.3565,165790
0.3606,166737
0.3647,166903
0.3688,166946
0.3728,167372
0.3770,166156
0.3811,166931
0.3852,166889
0.3892,167324
0.3934,166756
0.3975,165749
0.4016,167058
0.4056,167220
0.4098,167197
0.4140,167129
0.4181,165913
0.4181,167275
0.4221,166981
0.4262,166755
0.4302,167070
0.4345,165568
0.4384,167160
0.4425,166571
0.4466,167217
0.4507,167263
0.4549,166162
0.4589,167492
0.4630,166540
0.4673,167186
0.4713,167406
0.4753,166095
0.4794,167216
0.4835,166814
0.4875,166926
0.4917,166508
0.4958,166360
0.4999,167269
0.5040,166272
0.5081,167566
0.5122,166896
0.5163,166169
0.5204,166864
0.5245,166227
0.5286,166916
0.5326,167417
0.5368,166547
0.5410,167365
0.5451,165841
0.5491,167334
0.5492,166900
0.5531,166461
0.5573,167385
0.5613,166098
0.5654,167242
0.5695,167508
0.5736,166053
0.5777,152381
0.5819,145730
0.5859,149846
0.5900,154621
0.5941,157452
0.5982,159235
0.6023,160277
0.6063,163229
0.6105,165748
0.6146,167072
0.6187,167947
0.6227,169809
0.6269,174086
0.6309,185089
0.6350,168847
0.6390,168891
0.6432,167341
0.6473,168451
0.6513,168486
0.6556,167774
0.6596,168245
0.6636,166614
0.6680,167919
0.6721,167973
0.6761,168215
0.6761,168112
0.6801,166607
0.6842,168010
0.6883,167807
0.6924,167495
0.6965,168080
0.7006,166603
0.7047,168065
0.7089,167748
0.7128,167543
0.7170,167418
0.7211,167205
0.7252,167548
0.7293,167502
0.7333,167649
0.7374,167510
0.7415,166744
0.7456,167414
0.7497,167893
0.7538,167480
0.7579,167305
0.7620,166415
0.7661,167571
0.7702,167613
0.7742,167955
0.7784,167493
0.7824,166289
0.7865,167924
0.7907,168228
0.7950,167755
0.7989,166945
0.8029,166508
0.8030,168371
0.8070,167656
0.8111,167242
0.8152,166510
0.8193,167095
0.8234,167035
0.8275,166936
0.8316,167288
0.8357,166635
0.8398,167136
0.8439,167996
0.8479,167681
0.8521,167357
0.8562,166846
0.8602,167011
0.8643,167369
0.8684,167318
0.8726,167338
0.8766,166561
0.8807,167491
0.8849,167641
0.8889,167087
0.8931,167612
0.8971,165637
0.9012,167057
0.9053,167494
0.9094,167534
0.9135,167802
0.9176,166377
0.9218,167552
0.9259,167317
0.9301,167913
0.9302,167532
0.9340,166590
0.9381,167750
0.9422,166973
0.9463,167179
0.9504,167810
0.9544,165704
0.9586,167819
0.9627,166984
0.9668,167554
0.9709,167260
0.9750,166290
0.9791,167761
0.9832,166891
0.9873,167305
0.9913,167806
0.9954,166742
0.9996,167512
1.0037,167303
1.0078,167192
1.0119,167270
1.0160,166679
1.0201,167932
1.0241,166589
1.0283,167464
1.0324,167316
1.0364,166469
1.0405,167960
1.0446,166731
1.0488,167544
1.0530,167502
1.0571,166187
1.0571,167626
1.0610,166547
1.0651,167560
1.0692,167967
1.0734,166779
1.0776,167825
1.0815,166155
1.0856,167301
1.0897,167695
1.0938,166725
1.0979,167233
1.1020,166850
1.1060,167685
1.1102,167338
1.1143,166722
1.1184,167392
1.1224,166259
1.1265,167578
1.1306,167524
1.1347,167187
1.1388,167096
1.1429,165822
1.1470,167423
1.1511,167979
1.1551,167086
1.1593,167870
1.1634,166163
1.1675,167566
1.1716,167302
1.1758,167160
1.1799,166960
1.1841,166265
1.1841,167746
1.1880,167643
1.1920,167111
1.1961,167769
1.2002,166342
1.2043,167699
1.2084,167553
1.2125,166996
1.2167,167293
1.2208,166408
1.2249,167128
1.2289,167361
1.2330,167201
1.2371,167524
1.2412,166726
1.2454,167819
1.2494,167571
1.2535,166963
1.2576,166820
1.2617,165891
1.2658,167585
1.2699,167188
1.2739,167930
1.2781,167228
1.2822,166690
1.2863,167781
1.2904,166869
1.2945,167318
1.2986,167229
1.3027,166548
1.3067,167513
1.3110,167467
1.3111,167153
1.3150,167383
1.3191,166148
1.3232,167245
1.3274,167611
1.3314,167467
1.3354,167136
1.3395,166686
1.3435,167552
1.3476,167711
1.3519,167869
1.3559,166392
1.3600,166186
1.3641,167380
1.3682,167353
1.3722,167250
1.3764,166431
1.3804,166934
1.3846,167662
1.3886,167237
1.3928,167943
1.3969,166568
1.4010,167040
1.4050,167578
1.4091,167745
1.4133,167739
1.4173,165939
1.4215,167523
1.4255,167464
1.4296,167674
1.4339,167162
1.4380,166187
1.4381,167506
1.4421,168119
1.4461,167615
1.4501,168112
1.4543,166333
1.4583,167753
1.4624,167322
1.4665,167260
1.4706,167328
1.4747,166336
1.4788,167707
1.4829,167669
1.4870,167761
1.4911,167379
1.4952,166318
1.4993,167990
1.5034,166605
1.5075,167122
1.5115,167520
1.5157,166279
1.5198,167467
1.5239,167043
1.5281,167565
1.5320,167410
1.5361,166551
1.5403,167696
1.5443,166478
1.5483,167644
1.5525,167166
1.5567,166701
1.5609,167403
1.5649,166785
1.5690,167437
1.5690,167306
1.5730,166324
1.5771,167357
1.5811,166856
1.5852,167829
1.5893,167987
1.5934,166160
1.5975,167298
1.6016,166398
1.6059,167898
1.6098,167330
1.6140,166428
1.6181,153206
1.6220,145757
1.6263,150926
1.6303,155222
1.6345,157684
1.6384,159631
1.6426,160609
1.6467,163083
1.6508,165825
1.6548,168147
1.6590,168432
1.6630,170185
1.6672,168663
1.6714,168241
1.6755,167844
1.6794,168763
1.6835,167790
1.6879,168204
1.6920,168316
1.6959,167392
1.6960,167785
1.6999,167287
1.7040,168288
1.7081,168105
1.7122,167858
1.7163,168305
1.7204,167101
1.7245,168432
1.7285,168123
1.7327,167791
1.7368,167961
1.7409,166718
1.7450,167900
1.7491,167509
1.7533,167827
1.7572,167573
1.7614,166802
1.7654,167959
1.7696,168092
1.7736,167535
1.7777,167175
1.7818,167186
1.7859,168095
1.7900,167535
1.7941,167460
1.7982,167481
1.8023,166981
1.8064,167804
1.8105,167774
1.8149,167654
1.8189,167230
1.8230,166986
1.8231,167647
1.8269,167745
1.8309,167575
1.8351,166685
1.8392,167435
1.8435,168076
1.8474,168234
1.8515,167487
1.8556,166934
1.8597,166962
1.8638,167279
1.8679,167724
1.8719,167704
1.8761,167268
1.8802,167139
1.8843,167581
1.8883,168231
1.8925,167218
1.8965,166729
1.9006,167027
1.9047,167465
1.9089,167396
1.9130,167811
1.9171,166350
1.9212,167660
1.9252,168215
1.9293,167730
1.9334,167469
1.9375,166434
1.9418,167767
1.9458,167140
1.9498,167856
1.9499,167280
1.9539,166039
1.9579,167892
1.9621,167000
1.9662,167747
1.9702,167531
1.9743,166780
1.9785,167702
1.9825,166984
1.9867,167758
1.9908,167701
1.9949,166063
1.9990,168548
2.0032,167131
2.0072,167768
2.0113,167991
2.0153,165999
2.0194,168136
2.0236,167142
2.0276,167058
2.0317,167895
2.0358,166687
2.0399,168165
2.0441,166622
2.0481,168331
2.0522,167348
2.0563,166573
2.0604,167759
2.0645,166879
2.0688,167374
2.0729,167490
2.0769,166645
2.0770,167809
2.0809,166364
2.0850,167379
2.0892,168252
2.0931,166341
2.0972,168287
2.1013,166134
2.1054,168008
2.1096,167958
2.1137,166559
2.1178,167873
2.1218,166148
2.1259,167841
2.1300,167202
2.1341,167135
2.1381,167815
2.1423,166133
2.1464,167780
2.1505,167647
2.1545,167150
2.1589,167178
2.1628,166417
2.1669,167148
2.1709,168014
2.1751,167047
2.1792,167482
2.1833,166433
2.1874,167504
2.1915,167652
2.1957,166869
2.1998,167679
2.2039,166130
2.2040,167232
2.2079,167433
2.2119,167582
2.2161,167164
2.2201,166396
2.2241,167578
2.2283,167695
2.2323,167256
2.2365,167264
2.2406,165994
2.2447,167553
2.2489,167364
2.2529,167785
2.2569,167091
2.2610,166582
2.2651,168170
2.2692,167203
2.2733,167362
2.2774,167140
2.2815,166492
2.2856,167934
2.2897,167654
2.2938,167900
2.2979,166946
2.3019,166768
2.3061,167693
2.3102,167800
2.3142,167667
2.3185,166565
2.3225,166732
2.3269,167616
2.3309,167148
2.3309,167647
2.3348,166747
2.3388,166285
2.3429,167734
2.3470,167901
2.3511,167274
2.3552,166608
2.3594,166856
2.3635,167429
2.3676,167659
2.3717,167665
2.3758,166236
2.3799,166953
2.3840,167646
2.3881,167794
2.3922,167030
2.3963,166565
2.4003,166737
2.4044,167556
2.4086,167671
2.4127,167610
2.4168,165867
2.4208,166737
2.4250,167364
2.4291,167702
2.4331,167946
2.4372,166216
2.4413,167332
2.4453,167952
2.4495,167665
2.4537,167623
2.4578,165906
2.4579,166735
2.4618,166744
2.4659,167670
2.4699,166921
2.4744,166273
2.4781,167130
2.4823,167238
2.4864,167797
2.4904,167636
2.4945,166298
2.4986,167447
2.5027,166857
2.5068,167373
2.5109,166750
2.5150,166065
2.5191,167750
2.5231,167314
2.5274,167453
2.5313,167535
2.5355,166161
2.5396,167343
2.5437,166482
2.5478,167434
2.5519,167439
2.5560,166616
2.5601,167588
2.5642,167571
2.5684,167837
2.5723,167641
2.5765,166941
2.5808,167706
2.5848,166730
2.5849,167563
2.5887,167073
2.5928,166705
2.5968,167719
2.6010,165894
2.6051,167114
2.6092,167634
2.6133,167051
2.6175,167489
2.6216,166811
2.6257,166903
2.6297,167380
2.6339,166503
2.6378,167557
2.6420,166090
2.6461,167316
2.6502,167391
2.6542,167099
2.6584,167025
2.6625,166723
2.6666,167770
2.6707,167064
2.6748,167061
2.6789,167447
2.6830,166199
2.6872,166867
2.6911,167714
2.6952,166573
2.6993,167282
2.7034,165940
2.7078,166982
2.7118,167185
2.7158,166747
2.7160,167495
2.7199,165923
2.7240,167505
2.7280,167569
2.7322,166780
2.7363,167492
2.7403,166175
2.7444,167626
2.7485,167678
2.7526,166724
2.7567,166924
2.7608,166290
2.7649,167540
2.7690,167647
2.7731,167073
2.7772,167278
2.7813,166311
2.7854,167362
2.7895,167988
2.7936,167233
2.7977,167196
2.8018,166753
2.8059,167323
2.8100,167529
2.8140,167149
2.8183,166979
2.8223,166085
2.8263,167599
2.8305,167551
2.8345,167309
2.8389,166350
2.8428,166457
2.8429,167542
2.8468,166667
2.8509,167726
2.8549,166380
2.8590,166518
2.8632,167635
2.8674,167044
2.8713,167064
2.8755,166663
2.8795,166684
2.8836,166904
2.8877,167575
2.8919,167176
2.8960,166733
2.9000,166854
2.9041,167126
2.9084,167516
2.9123,167589
2.9164,166149
2.9204,166749
2.9246,167262
2.9287,166888
2.9330,167284
2.9369,166339
2.9409,167013
2.9450,167235
2.9491,167411
2.9532,167015
2.9574,165908
2.9615,167576
2.9655,167103
2.9697,167478
2.9697,167758
2.9737,166166
2.9779,167611
2.9820,167370
2.9861,167680
2.9902,167350
2.9943,166200
2.9983,167713
3.0024,166985
3.0065,167329
3.0106,167531
3.0146,166310
3.0188,167305
3.0229,166990
3.0270,167872
3.0311,167584
3.0352,166124
3.0393,167939
3.0433,166553
3.0487,167855
3.0526,167934
3.0558,166544
3.0608,167987
3.0644,167035
3.0679,167381
3.0728,167559
3.0762,166732
3.0808,167930
3.0847,166406
3.0885,167521
3.0929,167453
3.0967,166402
3.0968,167278
3.1007,166148
3.1048,167510
3.1093,166728
3.1133,166215
3.1171,167586
3.1211,166104
3.1257,167093
3.1300,167100
3.1334,166356
3.1375,167148
3.1417,166170
3.1458,167725
3.1499,166948
3.1539,166401
3.1582,167648
3.1621,166198
3.1662,167865
3.1703,167471
3.1759,166873
3.1785,167418
3.1826,166196
3.1866,167012
3.1918,167544
3.1954,166620
3.1990,167547
3.2031,166819
3.2088,167925
3.2116,167209
3.2154,166924
3.2196,167217
3.2248,166142
3.2253,167629
3.2277,167155
3.2325,167034
3.2359,167118
3.2417,166586
3.2445,167837
3.2482,167678
3.2522,167322
3.2564,167856
3.2610,166308
3.2652,167610
3.2687,167622
3.2727,167164
3.2775,166916
3.2809,166507
3.2850,167659
3.2891,166785
3.2941,167466
3.2975,167090
3.3014,166114
3.3055,167835
3.3100,167480
3.3145,167496
3.3178,166914
3.3219,166851
3.3264,167358
3.3300,168055
3.3341,167668
3.3382,167159
3.3428,166059
3.3466,167447
3.3505,167735
3.3506,167676
3.3547,166521
3.3590,166574
3.3628,166885
3.3669,167087
3.3710,167866
3.3756,166847
3.3792,166102
3.3833,167708
3.3874,167403
3.3920,167504
3.3956,166657
3.3997,167245
3.4038,168411
3.4082,168013
3.4119,167798
3.4160,167337
3.4201,167656
3.4256,167633
3.4284,167265
3.4324,167414
3.4365,166220
3.4429,167047
3.4452,167584
3.4489,167417
3.4529,167696
3.4590,165882
3.4612,167243
3.4653,167222
3.4694,168013
3.4736,167278
3.4776,166126
3.4777,167386
3.4816,167459
3.4857,167551
3.4898,167520
3.4942,166073
3.4980,167384
3.5020,167260
3.5062,167100
3.5107,167458
3.5143,166381
3.5184,167316
3.5226,167027
3.5270,167283
3.5308,167599
3.5348,166186
3.5390,167473
3.5436,167026
3.5472,167535
3.5513,167715
3.5554,166604
3.5598,167907
3.5635,167196
3.5676,167628
3.5717,167626
3.5762,166171
3.5802,168241
3.5841,166545
3.5882,167859
3.5926,166954
3.5968,167117
3.6006,167911
3.6046,166118
3.6048,167260
3.6097,167233
3.6131,166469
3.6169,167702
3.6208,166494
3.6562,167524
3.6572,167725
3.6574,166663
3.6576,167609
3.6582,166129
3.6586,167418
3.6587,167293
3.6588,166470
3.6589,167559
3.6626,166151
3.6662,167723
3.6706,167435
3.6760,166688
3.6791,167162
3.6826,165897
3.6864,167806
3.6914,167490
3.6948,167061
3.6991,167713
3.7028,166814
3.7085,167275
3.7116,167324
3.7152,167134
3.7192,167596
3.7254,166373
3.7275,166765
3.7316,167701
3.7316,167184
3.7355,167667
3.7401,165854
3.7442,167358
3.7478,167774
3.7519,167351
3.7561,167634
3.7604,166094
3.7642,167539
3.7683,167552
3.7725,167490
3.7772,167144
3.7806,166242
3.7847,167580
3.7888,167573
3.7930,167652
3.7973,166995
3.8011,166544
3.8052,167276
3.8097,167802
3.8142,167237
3.8177,166816
3.8216,166380
3.8259,167324
3.8303,167318
3.8348,167236
3.8381,166937
3.8427,166367
3.8466,167667
3.8505,167370
3.8544,167201
3.8585,166774
3.8625,166465
3.8626,166797
3.8666,167472
3.8707,167223
3.8754,166690
3.8792,166483
3.8830,167603
3.8871,167359
3.8915,167478
3.8962,166896
3.8996,167499
3.9036,167520
3.9094,167443
3.9124,167378
3.9160,166504
3.9199,166468
3.9253,166883
3.9281,167326
3.9327,167388
3.9363,166926
3.9415,167030
3.9445,167268
3.9487,167561
3.9526,167024
3.9574,166364
3.9610,167435
3.9652,167449
3.9691,167507
3.9732,167602
3.9776,165925
3.9814,167272
3.9855,167208
3.9895,167595
3.9916,167288
3.9941,165938
3.9979,167190
4.0018,167235
4.0060,166987
4.0103,167507
4.0141,166243
4.0182,167662
4.0223,167054
4.0267,167322
4.0307,167569
4.0345,166131
4.0387,167443
4.0433,166978
4.0469,167718
4.0512,167743
4.0551,166628
4.0597,167854
4.0639,166917
4.0674,167191
4.0715,167635
4.0764,166306
4.0797,167908
4.0842,166961
4.0879,167263
4.0921,167402
4.0966,166552
4.1007,167696
4.1042,166592
4.1087,167360
4.1125,167553
4.1164,166471
4.1165,167367
4.1206,166013
4.1252,167635
4.1288,167481
4.1328,166614
4.1369,167525
4.1419,166557
4.1454,167763
4.1492,167234
4.1533,166788
4.1578,167413
4.1619,166288
4.1656,168332
4.1697,167270
4.1758,166366
4.1787,168127
4.1823,166371
4.1861,167091
4.1914,167513
4.1957,167220
4.1985,167539
4.2026,166108
4.2078,167512
4.2109,167668
4.2153,167056
4.2189,167319
4.2234,166376
4.2277,166877
4.2317,167847
4.2354,167208
4.2396,167232
4.2435,166401
4.2436,167569
4.2481,167064
4.2516,167797
4.2559,167067
4.2600,166309
4.2642,167050
4.2684,167457
4.2721,167690
4.2770,167360
4.2806,165986
4.2847,166913
4.2885,167349
4.2932,167692
4.2972,167705
4.3014,166622
4.3049,168040
4.3095,167856
4.3135,167614
4.3177,166873
4.3215,166970
4.3254,167891
4.3304,167867
4.3339,167420
4.3376,166688
4.3429,166816
4.3463,168140
4.3504,167484
4.3540,167327
4.3587,166984
4.3623,166613
4.3664,167218
4.3706,168076
4.3708,167758
4.3753,167030
4.3789,167022
4.3834,168074
4.3869,167475
4.3918,167217
4.3958,166474
4.3991,166640
4.4040,167574
4.4085,167547
4.4116,167217
4.4156,166507
4.4196,166956
4.4259,167601
4.4279,167170
4.4322,167199
4.4365,166094
4.4412,167236
4.4443,167966
4.4486,167732
4.4525,167744
4.4576,166821
4.4610,167186
4.4650,167707
4.4694,167673
4.4742,167158
4.4771,166137
4.4813,167537
4.4853,167348
4.4911,167640
4.4933,167667
4.4974,166027
4.4974,167817
4.5015,167805
4.5064,167430
4.5103,167543
4.5143,166199
4.5179,167935
4.5220,167279
4.5263,167925
4.5307,167876
4.5351,166530
4.5383,168007
4.5429,167250
4.5471,167629
4.5506,167634
4.5547,166160
4.5593,167897
4.5634,167254
4.5679,167315
4.5711,167916
4.5759,166413
4.5800,167719
4.5837,166828
4.5875,167669
4.5920,167383
4.5961,166714
4.6003,167998
4.6040,166631
4.6088,167639
4.6127,167509
4.6162,167149
4.6206,167951
4.6249,166807
4.6262,167770
4.6284,167537
4.6325,167143
4.6366,168232
4.6419,166183
4.6452,167391
4.6495,167424
4.6531,166801
4.6573,168047
4.6618,166072
4.6656,167822
4.6694,167690
4.6745,166859
4.6790,168007
4.6816,166566
4.6858,167427
4.6918,167363
4.6945,166768
4.6983,167306
4.7022,166401
4.7077,167780
4.7110,167692
4.7145,166458
4.7186,167392
4.7253,165926
4.7273,167894
4.7308,167236
4.7349,166933
4.7409,167404
4.7438,166278
4.7474,167447
4.7514,167161
4.7515,167160
4.7555,167469
4.7605,166353
4.7636,167815
4.7677,167363
4.7718,167175
4.7766,167276
4.7804,166446
4.7846,167237
4.7883,167720
4.7930,167268
4.7971,166875
4.8008,166191
4.8046,167786
4.8091,167682
4.8138,167299
4.8173,167040
4.8210,166465
4.8253,167579
4.8295,167040
4.8341,167329
4.8373,166900
4.8425,165994
4.8464,167706
4.8496,167752
4.8537,167658
4.8587,166567
4.8626,166974
4.8661,167681
4.8702,167380
4.8747,167504
4.8784,166748
4.8785,166665
4.8824,167828
4.8865,167612
4.8918,167533
4.8952,166644
4.8993,167255
4.9029,167487
4.9079,167847
4.9110,167206
4.9161,166549
4.9192,166955
4.9243,167323
4.9275,167293
4.9318,167167
4.9371,166466
4.9416,167376
4.9441,167299
4.9481,167206
4.9521,167084
4.9578,166160
4.9604,167135
4.9652,166863
4.9686,167546
4.9725,167500
4.9766,166383
4.9808,167582
4.9849,167153
4.9890,167522
4.9940,167409
4.9972,166377
5.0013,167768
5.0055,167037
5.0061,166953
5.0097,167141
5.0136,165652
5.0175,167428
5.0217,166858
5.0264,167642
5.0302,167244
5.0339,166873
5.0381,167623
5.0423,167348
5.0464,167409
5.0503,166857
5.0544,165887
5.0594,168045
5.0633,167144
5.0668,167270
5.0708,167443
5.0755,166028
5.0791,167470
5.0831,166515
5.0872,167138
5.0915,167570
5.0954,166030
5.0994,167457
5.1036,166358
5.1086,167741
5.1118,167414
5.1158,166247
5.1199,167376
5.1242,166366
5.1285,167359
5.1325,167250
5.1326,166352
5.1363,167299
5.1415,166169
5.1446,166826
5.1486,167242
5.1527,166307
5.1583,167140
5.1610,166294
5.1651,166991
5.1692,167512
5.1741,166583
5.1781,167595
5.1816,166226
5.1854,166842
5.1906,167458
5.1941,166208
5.1979,167568
5.2019,166052
5.2071,167234
5.2102,167896
5.2147,166683
5.2185,167200
5.2241,165647
5.2269,167032
5.2313,167107
5.2346,167015
5.2403,156882
5.2431,146010
5.2472,150478
5.2513,154716
5.2567,158216
5.2592,159540
5.2593,160773
5.2633,162935
5.2674,165406
5.2716,168507
5.2770,169704
5.2798,168393
5.2839,168208
5.2879,168053
5.2925,167738
5.2962,168144
5.3002,166925
5.3043,168646
5.3089,168103
5.3132,167959
5.3166,168067
5.3207,166820
5.3254,167941
5.3296,167935
5.3334,168053
5.3371,167724
5.3424,167236
5.3453,167655
5.3493,167921
5.3535,167655
5.3580,167518
5.3623,166616
5.3657,167298
5.3698,167320
5.3752,167672
5.3790,167507
5.3822,166940
5.3862,167542
5.3862,167460
5.3915,167594
5.3947,167058
5.3984,167256
5.4025,167909
5.4079,167584
5.4112,167590
5.4148,166265
5.4189,166762
5.4237,167956
5.4278,167847
5.4312,167627
5.4353,166696
5.4417,167105
5.4440,167894
5.4477,167754
5.4518,167787
5.4574,166403
5.4607,167499
5.4640,167590
5.4681,168207
5.4723,167975
5.4769,167033
5.4804,166975
5.4844,167438
5.4901,167134
5.4933,167499
5.4968,166013
5.5008,167081
5.5050,167521
5.5093,167500
5.5135,167080
5.5136,166344
5.5173,167823
5.5213,167313
5.5260,167788
5.5295,167556
5.5336,166179
5.5378,168191
5.5423,167190
5.5459,167759
5.5500,167219
5.5541,166273
5.5598,167806
5.5624,167222
5.5665,167597
5.5707,167386
5.5753,166504
5.5787,148440
5.5828,149247
5.5874,153335
5.5913,156815
5.5956,160217
5.5993,161300
5.6033,162686
5.6082,165226
5.6120,168351
5.6162,171414
5.6196,171963
5.6243,177889
5.6284,168888
5.6323,168330
5.6361,168030
5.6402,169034
5.6403,167775
5.6449,168495
5.6483,168151
5.6524,167151
5.6578,169036
5.6608,167012
5.6648,167836
5.6689,167877
5.6737,167493
5.6773,168459
5.6811,166761
5.6852,167894
5.6907,167803
5.6938,167373
5.6974,167819
5.7015,166692
5.7078,167996
5.7104,167772
5.7139,167319
5.7180,167785
5.7241,166097
5.7262,167527
5.7302,167871
5.7343,167142
5.7399,167701
5.7426,166810
5.7466,168308
5.7507,168033
5.7576,167543
5.7595,167398
5.7632,166703
5.7671,167697
5.7712,167176
5.7714,167267
5.7759,167781
5.7795,166540
5.7835,167734
5.7876,167955
5.7924,167730
5.7961,167695
5.7999,167131
5.8040,167545
5.8082,167585
5.8126,167068
5.8163,167429
5.8204,166689
5.8254,167709
5.8285,168110
5.8326,167539
5.8367,166906
5.8409,166882
5.8456,167592
5.8491,167465
5.8532,167608
5.8577,166582
5.8615,166507
5.8654,167160
5.8695,167012
5.8747,167294
5.8777,167016
5.8818,166568
5.8859,167753
5.8910,167466
5.8942,167170
5.8982,166387
5.8983,167226
5.9022,167613
5.9088,167842
5.9105,167916
5.9145,166873
5.9187,166362
5.9235,167295
5.9269,167572
5.9310,167698
5.9351,166734
5.9402,167004
5.9439,167582
5.9473,167620
5.9514,167582
5.9565,166212
5.9598,167475
5.9641,167452
5.9679,167769
5.9732,167632
5.9759,166322
5.9801,145353
5.9842,149203
5.9883,153636
5.9929,157256
5.9966,160113
6.0006,161353
6.0047,163278
6.0091,165602
6.0130,169269
6.0171,170730
6.0212,172321
6.0251,179307
6.0252,184922
6.0292,184959
6.0333,184438
6.0376,184120
6.0419,184233
6.0457,169963
6.0498,168286
6.0539,167343
6.0582,169119
6.0621,167341
6.0662,168193
6.0702,168292
6.0743,167286
6.0783,168636
6.0824,167058
6.0866,167796
6.0908,168056
6.0948,166756
6.0988,168167
6.1030,167289
6.1080,167953
6.1118,167753
6.1152,166825
6.1193,168234
6.1238,166927
6.1275,167767
6.1316,167464
6.1357,166716
6.1400,168084
6.1441,166256
6.1481,167730
6.1520,166907
6.1521,166830
6.1576,167795
6.1603,165856
6.1644,167595
6.1685,167458
6.1738,166473
6.1766,167685
6.1808,166440
6.1848,167250
6.1913,166899
6.1931,166891
6.1972,167191
6.2013,166127
6.2071,167172
6.2096,167237
6.2137,166657
6.2177,167183
6.2228,165866
6.2264,167004
6.2299,167543
6.2340,166903
6.2383,167553
6.2429,166097
6.2464,167379
6.2505,167869
6.2547,166744
6.2586,167213
6.2627,165967
6.2668,166869
6.2711,167503
6.2752,167740
6.2794,167511
6.2795,165789
6.2832,167360
6.2874,167375
6.2919,167279
6.2956,167328
6.2997,166261
6.3037,167340
6.3081,167205
6.3118,167509
6.3159,163764
6.3200,147366
6.3246,151772
6.3284,155743
6.3323,159479
6.3364,161251
6.3408,162791
6.3447,164614
6.3487,167347
6.3528,172444
6.3575,175526
6.3616,173035
6.3652,168153
6.3691,168519
6.3746,167960
6.3780,167908
6.3815,167022
6.3855,167654
6.3899,168106
6.3941,168205
6.3980,167171
6.4019,167331
6.4063,167522
6.4064,167830
6.4107,167662
6.4144,166852
6.4185,167011
6.4229,167656
6.4269,167095
6.4306,167806
6.4347,166582
6.4400,167215
6.4430,167992
6.4471,167843
6.4512,167334
6.4572,166411
6.4601,167244
6.4634,167620
6.4675,167743
6.4717,167477
6.4764,166625
6.4802,166988
6.4838,167716
6.4880,167822
6.4925,167908
6.4962,166412
6.5002,167648
6.5047,167561
6.5084,167227
6.5126,167620
6.5166,166132
6.5208,167470
6.5264,167037
6.5291,167898
6.5333,166840
6.5334,166348
6.5371,167926
6.5416,167501
6.5454,167930
6.5494,167506
6.5537,166132
6.5582,167284
6.5617,166635
6.5658,167572
6.5699,167558
6.5749,166237
6.5783,167623
6.5823,166849
6.5863,167250
6.5908,167037
6.5944,166236
6.5985,167816
6.6027,166949
6.6068,167453
6.6108,167943
6.6149,166816
6.6190,168483
6.6235,166885
6.6272,166968
6.6313,167483
6.6354,166387
6.6400,167183
6.6436,166194
6.6477,167547
6.6518,167599
6.6562,166482
6.6601,167515
6.6602,166736
6.6641,167205
6.6681,167113
6.6740,166105
6.6766,167856
6.6804,166396
6.6846,168144
6.6895,167431
6.6935,166526
6.6969,155441
6.7010,147983
6.7074,152640
6.7097,156497
6.7132,159478
6.7173,160926
6.7232,161997
6.7260,165058
6.7296,168339
6.7337,171567
6.7394,172905
6.7428,178863
6.7460,175131
6.7501,168213
6.7558,168568
6.7589,168725
6.7624,167213
6.7664,168411
6.7706,168108
6.7750,167566
6.7788,168207
6.7829,167067
6.7871,167722
6.7872,168574
6.7917,167883
6.7952,168002
6.7993,167075
6.8034,167480
6.8082,167885
6.8115,167553
6.8156,167859
6.8198,166805
6.8243,168166
6.8279,167838
6.8320,167719
6.8362,167662
6.8411,166604
6.8446,167568
6.8484,167345
6.8525,167493
6.8571,167113
6.8610,166986
6.8648,167558
6.8688,167583
6.8735,168100
6.8778,167093
6.8812,167055
6.8852,167727
6.8895,167984
6.8939,168034
6.8975,166982
6.9016,167298
6.9058,168080
6.9102,167653
6.9142,168330
6.9143,166856
6.9180,166995
6.9242,167425
6.9266,167522
6.9303,167619
6.9344,166721
6.9394,167023
6.9437,168020
6.9467,168004
6.9507,167920
6.9562,166859
6.9597,167597
6.9630,168044
6.9672,167447
6.9725,167411
6.9762,166625
6.9795,166919
6.9836,167710
6.9900,168112
6.9919,167366
6.9959,165866
6.9999,167354
7.0042,168004
7.0089,167694
7.0122,167798
7.0163,166705
7.0204,167731
7.0253,167334
7.0286,168426
7.0328,167413
7.0369,166047
7.0410,167402
7.0416,167474
7.0451,167781
7.0491,167096
7.0532,166371
7.0583,168111
7.0614,167443
7.0654,167472
7.0696,167398
7.0741,166530
7.0780,167337
7.0818,166434
7.0860,167430
7.0906,167668
7.0944,166823
7.0983,167823
7.1024,167250
7.1076,167249
7.1107,167426
7.1146,166360
7.1187,150528
7.1228,148702
7.1278,153457
7.1310,156989
7.1351,159195
7.1400,161664
7.1440,162346
7.1474,165220
7.1515,168518
7.1562,172350
7.1599,173186
7.1638,172185
7.1680,169088
7.1681,168537
7.1731,167628
7.1765,168960
7.1801,167341
7.1842,167927
7.1905,168193
7.1927,167438
7.1966,168624
7.2007,167335
7.2062,167959
7.2094,168699
7.2129,167583
7.2170,168282
7.2226,167190
7.2252,168382
7.2293,168340
7.2334,167446
7.2401,168207
7.2417,167303
7.2457,167702
7.2498,167882
7.2539,167688
7.2588,167474
7.2621,167113
7.2662,168156
7.2703,167737
7.2745,167574
7.2785,167651
7.2825,166566
7.2867,167781
7.2908,167379
7.2949,167311
7.2950,167538
7.2989,166189
7.3030,167818
7.3080,168072
7.3112,167624
7.3153,167705
7.3196,167284
7.3243,167946
7.3278,167855
7.3317,167500
7.3358,167012
7.3402,166583
7.3440,167981
7.3481,167396
7.3522,167968
7.3564,167495
7.3604,167178
7.3645,168104
7.3686,167434
7.3730,167938
7.3768,167147
7.3808,166551
7.3849,167403
7.3895,167745
7.3932,168014
7.3972,167112
7.4013,166913
7.4068,167862
7.4096,167464
7.4137,167639
7.4179,166719
7.4227,167004
7.4259,168220
7.4260,167719
7.4300,167728
7.4341,166564
7.4409,166633
7.4429,168083
7.4464,167749
7.4505,166978
7.4563,166486
7.4596,167361
7.4629,166826
7.4669,167674
7.4725,168120
7.4757,167029
7.4792,167508
7.4833,167856
7.4889,167297
7.4924,167436
7.4955,166576
7.4996,167559
7.5038,167814
7.5090,167378
7.5119,167861
7.5160,166758
7.5201,167764
7.5249,167525
7.5283,167408
7.5324,167195
7.5366,166167
7.5417,145865
7.5448,149215
7.5488,153648
7.5530,157941
7.5531,159838
7.5572,161605
7.5611,163183
7.5652,166008
7.5693,168422
7.5739,172494
7.5774,173995
7.5815,176011
7.5856,168696
7.5904,168326
7.5939,167759
7.5979,169006
7.6020,167945
7.6072,168554
7.6108,168022
7.6144,166801
7.6186,169293
7.6228,167877
7.6273,168195
7.6307,168514
7.6348,167314
7.6392,169064
7.6434,167453
7.6471,167497
7.6511,168266
7.6554,167001
7.6604,168322
7.6635,167014
7.6676,167719
7.6718,168451
7.6758,166942
7.6801,168362
7.6802,166785
7.6840,167920
7.6900,168206
7.6928,167244
7.6962,168159
7.7003,166431
7.7059,168452
7.7090,167856
7.7130,167575
7.7168,167847
7.7226,167041
7.7252,167844
7.7290,168118
7.7331,167062
7.7387,167856
7.7416,166443
7.7454,168378
7.7494,167922
7.7552,167474
7.7585,167857
7.7618,166755
7.7658,167507
7.7700,167661
7.7745,167627
7.7782,167232
7.7823,166739
7.7864,167514
7.7904,167686
7.7946,167421
7.7986,167521
7.8030,166898
7.8069,167378
7.8071,167752
7.8111,167517
7.8150,167503
7.8191,166302
7.8237,167667
7.8273,168162
7.8314,167345
7.8355,167500
7.8397,166515
7.8442,167735
7.8478,167937
7.8520,167992
7.8564,167165
7.8601,166566
7.8641,167520
7.8683,168172
7.8732,167977
7.8775,166043
7.8805,146930
7.8846,151515
7.8897,155661
7.8933,159681
7.8970,161249
7.9010,163077
7.9059,164824
7.9097,167413
7.9133,172008
7.9174,174847
7.9230,177711
7.9257,168884
7.9299,168667
7.9338,168590
7.9339,167810
7.9387,168030
7.9421,168099
7.9462,168673
7.9502,168184
7.9551,167532
7.9594,167671
7.9624,168364
7.9665,168398
7.9727,168700
7.9749,167103
7.9788,167597
7.9829,168423
7.9873,167776
7.9918,167693
7.9952,166717
7.9993,167839
8.0035,168442
8.0079,168331
8.0117,168201
8.0158,166945
8.0199,167685
8.0248,167768
8.0281,167715
8.0321,167234
8.0362,167174
8.0404,168671
8.0447,167866
8.0486,167580
8.0528,168139
8.0569,167016
8.0608,168338
8.0609,167989
8.0648,168415
8.0690,167732
8.0738,166492
8.0775,168219
8.0813,167426
8.0854,168193
8.0901,167763
8.0941,166662
8.0976,168643
8.1018,167153
8.1059,167375
8.1101,167512
8.1141,166921
8.1181,168634
8.1227,167515
8.1264,167314
8.1304,167955
8.1345,167403
8.1391,152322
8.1429,150242
8.1468,154647
8.1508,158201
8.1556,161497
8.1593,162907
8.1633,164254
8.1674,166561
8.1720,170851
8.1760,178213
8.1797,172768
8.1836,168193
8.1883,168481
8.1884,168175
8.1925,167900
8.1959,169097
8.2000,167127
8.2053,168618
8.2083,168985
8.2126,167420
8.2164,168726
8.2224,167373
8.2249,168394
8.2290,168487
8.2329,167440
8.2386,168463
8.2416,166982
8.2451,168307
8.2492,168666
8.2550,167707
8.2574,168246
8.2618,166923
8.2657,167736
8.2697,167620
8.2747,167263
8.2778,168670
8.2819,166882
8.2860,168175
8.2912,167916
8.2943,167735
8.2984,167984
8.3025,167116
8.3069,168454
8.3108,167642
8.3149,167813
8.3149,167563
8.3188,166613
8.3234,168175
8.3270,167561
8.3311,168149
8.3352,167941
8.3400,167204
8.3434,168167
8.3474,167907
8.3516,167967
8.3562,167424
8.3598,166428
8.3638,167908
8.3679,168210
8.3724,167878
8.3763,167541
8.3803,166840
8.3843,167500
8.3893,168076
8.3926,167594
8.3966,166972
8.4007,167055
8.4058,167946
8.4089,167792
8.4130,167963
8.4171,167004
8.4219,167021
8.4254,167880
8.4295,167969
8.4335,167820
8.4388,166897
8.4417,166415
8.4418,167780
8.4457,168069
8.4498,167734
8.4556,166470
8.4586,167532
8.4621,167644
8.4662,167846
8.4722,167852
8.4745,166131
8.4785,146524
8.4826,151144
8.4871,155774
8.4910,158690
8.4950,161119
8.4991,162678
8.5031,165014
8.5081,167491
8.5113,171679
8.5154,175530
8.5195,179103
8.5243,170723
8.5277,168313
8.5318,168472
8.5359,166535
8.5408,168656
8.5441,169116
8.5482,168513
8.5524,168063
8.5571,167840
8.5606,168854
8.5646,168052
8.5688,168685
8.5689,167960
8.5734,166846
8.5768,168675
8.5809,167947
8.5850,167986
8.5900,168295
8.5932,166871
8.5973,168941
8.6014,167982
8.6062,168183
8.6096,168103
8.6137,166809
8.6178,168415
8.6226,167527
8.6260,168263
8.6301,167421
8.6342,167050
8.6392,168653
8.6424,167610
8.6465,168338
8.6506,168083
8.6553,167071
8.6588,168450
8.6628,166707
8.6669,168126
8.6717,168163
8.6751,166851
8.6792,168057
8.6833,166596
8.6886,167722
8.6917,167659
8.6957,166933
8.6958,168279
8.6998,167372
8.7058,167846
8.7080,167614
8.7123,166600
8.7161,168107
8.7213,166899
8.7246,167825
8.7287,167705
8.7325,167114
8.7386,168372
8.7414,166706
8.7454,167639
8.7489,167902
8.7530,167039
8.7581,167742
8.7612,166764
8.7652,168165
8.7693,168011
8.7737,167423
8.7775,167671
8.7817,166309
8.7858,167797
8.7908,167698
8.7940,167363
8.7980,167846
8.8022,166878
8.8069,167824
8.8104,168554
8.8145,167279
8.8187,167698
8.8227,166825
8.8231,168132
8.8268,168185
8.8308,167559
8.8350,167640
8.8394,166554
8.8431,167828
8.8472,167873
8.8513,167927
8.8560,167656
8.8597,166857
8.8636,168159
8.8676,167755
8.8724,168021
8.8767,166970
8.8803,166481
8.8840,167757
8.8890,168047
8.8929,167696
8.8963,165998
8.9004,146899
8.9053,151769
8.9088,156083
8.9128,159161
8.9169,160733
8.9215,162488
8.9254,164160
8.9291,167382
8.9332,171034
8.9389,173805
8.9417,176966
8.9456,177956
8.9497,168753
8.9541,168831
8.9550,167575
8.9583,168003
8.9618,168426
8.9659,168628
8.9714,168417
8.9750,166925
8.9782,167871
8.9823,168172
8.9880,168135
8.9910,167977
8.9949,166870
8.9988,167645
9.0029,168049
9.0073,168227
9.0111,168157
9.0151,167214
9.0192,168424
9.0237,167979
9.0275,168062
9.0316,167504
9.0356,166408
9.0400,168452
9.0438,167512
9.0479,168097
9.0520,167800
9.0568,166369
9.0601,167977
9.0642,167965
9.0684,167904
9.0725,168035
9.0768,166754
9.0809,168425
9.0810,167348
9.0848,167655
9.0894,167871
9.0933,166440
9.0970,168532
9.1012,167171
9.1058,168190
9.1101,167939
9.1135,166878
9.1175,167931
9.1223,167456
9.1259,167526
9.1299,168342
9.1340,166100
9.1381,168294
9.1425,166593
9.1463,167699
9.1503,167881
9.1557,166940
9.1595,168163
9.1625,166573
9.1666,167540
9.1718,167710
9.1751,166444
9.1792,168280
9.1831,166999
9.1882,167828
9.1915,167837
9.1953,167255
9.1996,154687
9.2042,148915
9.2077,154070
9.2078,157984
9.2117,160214
9.2158,162067
9.2200,163267
9.2242,166067
9.2282,169855
9.2323,176305
9.2385,179849
9.2407,184018
9.2445,168715
9.2486,168460
9.2543,168137
9.2572,169037
9.2614,167388
9.2649,168188
9.2691,168529
9.2744,168175
9.2773,168040
9.2813,167292
9.2854,168090
9.2897,167987
9.2940,167732
9.2978,168578
9.3018,166914
9.3064,168024
9.3100,167734
9.3141,167670
9.3182,167952
9.3225,167643
9.3266,168298
9.3306,167797
9.3346,167876
9.3347,167840
9.3393,167790
9.3429,168119
9.3470,168229
9.3510,167996
9.3552,167836
9.3596,167070
9.3635,167942
9.3673,168284
9.3718,167858
9.3758,167911
9.3796,167063
9.3838,167802
9.3884,167654
9.3924,167728
9.3961,167715
9.4002,167123
9.4043,168039
9.4089,167671
9.4125,167831
9.4165,166509
9.4219,167119
9.4254,167957
9.4288,168068
9.4329,168521
9.4377,167179
9.4413,148181
9.4452,152774
9.4493,156652
9.4546,160624
9.4576,162543
9.4617,164103
9.4617,166274
9.4656,168717
9.4708,171058
9.4742,167744
9.4779,168338
9.4820,168739
9.4878,168490
9.4910,168550
9.4943,167322
9.4984,168317
9.5029,168825
9.5067,168509
9.5107,168225
9.5148,167137
9.5189,168341
9.5238,168668
9.5271,168899
9.5312,168438
9.5353,166831
9.5394,167615
9.5436,167794
9.5476,168455
9.5517,167836
9.5564,167042
9.5598,168363
9.5639,167840
9.5681,168104
9.5730,168242
9.5764,166714
9.5804,168599
9.5845,167731
9.5887,167945
9.5891,168394
9.5926,167009
9.5967,168604
9.6009,167741
9.6051,167949
9.6091,167948
9.6131,167193
9.6172,168473
9.6225,167425
9.6255,168291
9.6294,168020
9.6336,167139
9.6378,168427
9.6418,167751
9.6460,167549
9.6499,168079
9.6546,166805
9.6593,168391
9.6622,167463
9.6663,168030
9.6709,168561
9.6750,166863
9.6791,168715
9.6828,166925
9.6873,168428
9.6913,167872
9.6959,167683
9.6991,154526
9.7055,150411
9.7083,155010
9.7116,158770
9.7156,161683
9.7157,163417
9.7212,164679
9.7242,167499
9.7280,171305
9.7319,180444
9.7376,169587
9.7402,168201
9.7442,168829
9.7482,168981
9.7524,167786
9.7566,169030
9.7608,167274
9.7647,168126
9.7688,168118
9.7730,168134
9.7778,168942
9.7810,167749
9.7851,168341
9.7898,168169
9.7938,168379
9.7974,168438
9.8015,167682
9.8064,168627
9.8103,168405
9.8138,168419
9.8180,168220
9.8228,167373
9.8265,168303
9.8302,168237
9.8343,167919
9.8389,168066
9.8426,166968
9.8426,167781
9.8466,167942
9.8509,167982
9.8555,167588
9.8588,167320
9.8629,167857
9.8670,168240
9.8716,168666
9.8757,167825
9.8793,167155
9.8834,167822
9.8881,167725
9.8926,167941
9.8957,167482
9.8998,167047
9.9046,167995
9.9085,167714
9.9121,167974
9.9163,166087
9.9211,149034
9.9244,153766
9.9286,157026
9.9327,161140
9.9381,163094
9.9412,164077
9.9452,166656
9.9490,170129
9.9543,178438
9.9577,167996
9.9616,168555
9.9655,169080
9.9704,168859
9.9710,168643
9.9738,167778
9.9778,168207
9.9818,168824
9.9859,168564
9.9900,168314
9.9940,167508
9.9981,168195
10.0023,168133
10.0067,168278
10.0104,168668
10.0145,167644
10.0186,168252
10.0231,168549
10.0268,168847
10.0310,168510
10.0350,166801
10.0393,168191
10.0442,168270
10.0477,168164
10.0514,168436
10.0559,166905
10.0601,168197
10.0636,168054
10.0678,168119
10.0719,168734
10.0766,166578
10.0800,168264
10.0841,167876
10.0886,167759
10.0925,167971
10.0964,167243
10.0965,168953
10.1005,167525
10.1062,167995
10.1087,168236
10.1128,166679
10.1169,168310
10.1227,167496
10.1252,168323
10.1292,167591
10.1332,166845
10.1377,169067
10.1416,167287
10.1457,167863
10.1497,168138
10.1544,167717
10.1579,168802
10.1619,167287
10.1660,167948
10.1703,168316
10.1742,166880
10.1783,168425
10.1824,167586
10.1869,168345
10.1906,168081
10.1947,167194
10.1988,168083
10.2043,166596
10.2070,168219
10.2111,168192
10.2152,167204
10.2204,167928
10.2235,166984
10.2236,168280
10.2274,168060
10.2315,167076
10.2370,157582
10.2404,149293
10.2438,153588
10.2479,157904
10.2536,160637
10.2566,162958
10.2602,164155
10.2643,167029
10.2685,170065
10.2731,176350
10.2773,172705
10.2808,167748
10.2848,169207
10.2897,168310
10.2939,168391
10.2971,168670
10.3012,167356
10.3058,168239
10.3095,168295
10.3135,167986
10.3177,168484
10.3218,167228
10.3260,168711
10.3299,168301
10.3340,167890
10.3385,168122
10.3425,167463
10.3464,168445
10.3503,167865
10.3504,168109
10.3550,167754
10.3590,166961
10.3626,167971
10.3668,167846
10.3709,167919
10.3752,167611
10.3790,167260
10.3831,168495
10.3879,168106
10.3914,167642
10.3954,167171
10.3995,166666
10.4040,168308
10.4083,167657
10.4118,167978
10.4159,167224
10.4213,166843
10.4245,167983
10.4282,168294
10.4323,168170
10.4369,166829
10.4410,166967
10.4447,168542
10.4487,168228
10.4539,167689
10.4568,167004
10.4613,166576
10.4651,168025
10.4706,167788
10.4733,167996
10.4776,167132
10.4814,167411
10.4815,168196
10.4857,168385
10.4901,167906
10.4938,166718
10.4978,167062
10.5019,168353
10.5066,167726
10.5101,168031
10.5142,166882
10.5183,147142
10.5228,151893
10.5266,155813
10.5306,160064
10.5347,162595
10.5391,163011
10.5429,164968
10.5469,167542
10.5511,173882
10.5552,167748
10.5600,168949
10.5634,168260
10.5675,168511
10.5723,168808
10.5756,167110
10.5798,169338
10.5838,168426
10.5884,168420
10.5927,168513
10.5962,167346
10.6004,168861
10.6045,167930
10.6084,168325
10.6085,168756
10.6125,166975
10.6166,168359
10.6219,168105
10.6248,167844
10.6288,167829
10.6329,167049
10.6379,168666
10.6414,167459
10.6453,168028
10.6493,168460
10.6541,166964
10.6579,168102
10.6617,167198
10.6657,168140
10.6715,168031
10.6740,167333
10.6781,168366
10.6822,167222
10.6875,167814
10.6904,167886
10.6944,167254
10.6985,155520
10.7050,151099
10.7071,156378
10.7108,160171
10.7149,162748
10.7202,164672
10.7232,166170
10.7274,168373
10.7314,173161
10.7354,168221
10.7355,169150
10.7399,168243
10.7435,168485
10.7476,168879
10.7520,168098
10.7562,168755
10.7600,167720
10.7641,168677
10.7682,169001
10.7731,168065
10.7763,168833
10.7804,167687
10.7845,168110
10.7890,168308
10.7927,167698
10.7968,168712
10.8009,167017
10.8054,169027
10.8091,168061
10.8132,168057
10.8173,168590
10.8214,167245
10.8255,168070
10.8296,168170
10.8337,168083
10.8384,168398
10.8420,166852
10.8460,168427
10.8501,167856
10.8545,168316
10.8584,167658
10.8626,167356
10.8627,168773
10.8665,167947
10.8710,168452
10.8750,165176
10.8789,150398
10.8829,154816
10.8878,159415
10.8914,162407
10.8951,164664
10.8992,165537
10.9036,167248
10.9076,171755
10.9115,169534
10.9155,168337
10.9205,168006
10.9237,169268
10.9278,169215
10.9319,168705
10.9373,168158
10.9406,167815
10.9444,168607
10.9484,168544
10.9538,168563
10.9570,167722
10.9606,167880
10.9648,168537
10.9706,168259
10.9733,168605
10.9771,167269
10.9811,167460
10.9853,168446
10.9893,168217
10.9894,168707
10.9934,167354
10.9975,168073
11.0016,168439
11.0060,167829
11.0098,168041
11.0139,167113
11.0181,167665
11.0228,168295
11.0263,168267
11.0303,168184
11.0344,166782
11.0392,167710
11.0432,167370
11.0466,167959
11.0508,168196
11.0551,166350
11.0594,148941
11.0632,152684
11.0672,157271
11.0722,161336
11.0754,163339
11.0794,164866
11.0835,166497
11.0882,169570
11.0918,180966
11.0958,168074
11.1001,169507
11.1050,169150
11.1083,168563
11.1124,168815
11.1166,168099
11.1167,169311
11.1207,168199
11.1244,168467
11.1285,169082
11.1326,168147
11.1376,168868
11.1410,167806
11.1449,168731
11.1490,168519
11.1541,167073
11.1572,169307
11.1615,167301
11.1655,168105
11.1708,168765
11.1736,167810
11.1778,168479
11.1819,167254
11.1873,168321
11.1905,168322
11.1941,167793
11.1982,168859
11.2041,167700
11.2064,167971
11.2109,168243
11.2145,167246
11.2206,158224
11.2233,153091
11.2270,156915
11.2311,161381
11.2368,163901
11.2393,165272
11.2434,165989
11.2435,169867
11.2475,176512
11.2515,168803
11.2560,170223
11.2598,167800
11.2638,169125
11.2679,168837
11.2727,168382
11.2765,169033
11.2801,167576
11.2842,168993
11.2889,168587
11.2924,168710
11.2965,168549
11.3006,167507
11.3056,168488
11.3089,168714
11.3130,168064
11.3171,168404
11.3222,167500
11.3252,168680
11.3293,168671
11.3337,168731
11.3376,168414
11.3416,167080
11.3457,168367
11.3499,168452
11.3540,168112
11.3580,168795
11.3623,167376
11.3664,168502
11.3704,168395
11.3705,168022
11.3743,167987
11.3786,167637
11.3825,168402
11.3866,168742
11.3907,167742
11.3948,167548
11.3989,167700
11.4030,168605
11.4071,167638
11.4112,168185
11.4153,166863
11.4194,149977
11.4235,154106
11.4275,158581
11.4317,162018
11.4357,163616
11.4398,165252
11.4439,167012
11.4480,171577
11.4521,172162
11.4562,168370
11.4603,168279
11.4644,168902
11.4685,169150
11.4726,168346
11.4767,167883
11.4808,167864
11.4849,168270
11.4890,169241
11.4933,168140
11.4975,166988
11.4976,167776
11.5013,168169
11.5054,168231
11.5095,168131
11.5136,167399
11.5177,168366
11.5218,168467
11.5259,168315
11.5300,168288
11.5341,167670
11.5382,168675
11.5423,168594
11.5463,168318
11.5504,168380
11.5545,167082
11.5586,150766
11.5628,154876
11.5669,159014
11.5710,162496
11.5751,165132
11.5792,166080
11.5833,167985
11.5874,172716
11.5915,183570
11.5956,168096
11.5997,169834
11.6038,168674
11.6079,169044
11.6119,169074
11.6160,168043
11.6204,169418
11.6244,168539
11.6244,169106
11.6283,168524
11.6324,167601
11.6365,169067
11.6406,168335
11.6447,168807
11.6487,168157
11.6528,167976
11.6570,169159
11.6611,167633
11.6651,168410
11.6693,168230
11.6734,167909
11.6775,168745
11.6816,167761
11.6857,168325
11.6898,168602
11.6939,167625
11.6980,168864
11.7020,167279
11.7062,167911
11.7103,169100
11.7143,167488
11.7184,168714
11.7225,167268
11.7267,168422
11.7307,168346
11.7348,167931
11.7389,168577
11.7430,167676
11.7471,168176
11.7514,167910
11.7515,168243
11.7553,158872
11.7594,151562
11.7635,155166
11.7676,160521
11.7716,163385
11.7758,164993
11.7799,165982
11.7839,168961
11.7881,175875
11.7922,169144
11.7963,170094
11.8004,168113
11.8044,168771
11.8085,168555
11.8126,168092
11.8167,168806
11.8208,167795
11.8249,168634
11.8290,168988
11.8331,168313
11.8372,168426
11.8413,167531
11.8453,168877
11.8494,168896
11.8536,168812
11.8577,168229
11.8618,167955
11.8658,168456
11.8700,169046
11.8743,168418
11.8783,168103
11.8826,167743
11.8826,168676
11.8864,168560
11.8905,168158
11.8945,167215
11.8986,151668
11.9027,155874
11.9068,160382
11.9109,164206
11.9150,165222
11.9191,167122
11.9232,169096
11.9273,176765
11.9314,169528
11.9355,168567
11.9396,167996
11.9437,169080
11.9480,169146
11.9518,169193
11.9559,167891
11.9600,167969
11.9641,168672
11.9682,169180
11.9723,168460
11.9764,167206
11.9805,168505
11.9846,168823
11.9887,168759
11.9928,168900
11.9969,167635
12.0014,168194
12.0054,168761
12.0095,168436
12.0096,168791
12.0132,167600
12.0173,168287
12.0214,168450
12.0255,168545
12.0296,168124
12.0338,167226
12.0378,151399
12.0419,155180
12.0460,159759
12.0501,163495
12.0542,164673
12.0583,166829
12.0624,169207
12.0665,175162
12.0706,185781
12.0747,184908
12.0788,185293
12.0829,185523
12.0870,172896
12.0911,169423
12.0951,167325
12.0992,169531
12.1033,168391
12.1074,169200
12.1115,168819
12.1156,167705
12.1197,168811
12.1238,168026
12.1283,169310
12.1321,169007
12.1362,167535
12.1363,169702
12.1403,168406
12.1443,168434
12.1484,168655
12.1525,167216
12.1566,168937
12.1608,168068
12.1648,168624
12.1690,168238
12.1731,167042
12.1772,168969
12.1813,167261
12.1854,168401
12.1895,168439
12.1936,167366
12.1977,168118
12.2018,167531
12.2059,168199
12.2100,167939
12.2141,167362
12.2181,158157
12.2222,153335
12.2263,157759
12.2304,161912
12.2345,164804
12.2387,166662
12.2426,167196
12.2468,171878
12.2509,171648
12.2552,169175
12.2592,169188
12.2633,167439
12.2634,168587
12.2673,168983
12.2714,167817
12.2755,168570
12.2795,167708
12.2836,168344
12.2877,168207
12.2919,168229
12.2960,168313
12.3001,167440
12.3042,168619
12.3082,168220
12.3123,168518
12.3164,168359
12.3205,167372
12.3246,168531
12.3287,168083
12.3328,168556
12.3369,168505
12.3410,167563
12.3451,168684
12.3492,168300
12.3533,168212
12.3573,167987
12.3614,167360
12.3656,168294
12.3697,168102
12.3738,168219
12.3779,167616
12.3820,167426
12.3861,168152
12.3903,168591
12.3904,168236
12.3943,166834
12.3984,150734
12.4024,154964
12.4064,159911
12.4106,162964
12.4146,164383
12.4188,165664
12.4229,168424
12.4270,174638
12.4311,169173
12.4352,168469
12.4393,167564
12.4433,168844
12.4475,169252
12.4516,169035
12.4557,167447
12.4598,167590
12.4639,168620
12.4680,168832
12.4721,168963
12.4762,167659
12.4802,168135
12.4843,168536
12.4884,168598
12.4926,168671
12.4967,167981
12.5008,168323
12.5049,168345
12.5090,168727
12.5134,169017
12.5173,167162
12.5174,152621
12.5212,156290
12.5253,160800
12.5294,164556
12.5335,166213
12.5376,167465
12.5417,169748
12.5458,174162
12.5499,169493
12.5540,167973
12.5581,169590
12.5622,168674
12.5663,168532
12.5704,168364
12.5745,167880
12.5786,169373
12.5827,168714
12.5868,168783
12.5909,168602
12.5950,167760
12.5990,169124
12.6031,167557
12.6072,168705
12.6113,168848
12.6153,167652
12.6195,156565
12.6236,157538
12.6277,161698
12.6318,165788
12.6359,167838
12.6402,169392
12.6442,172303
12.6443,183172
12.6481,185374
12.6523,168332
12.6564,170164
12.6604,168167
12.6645,169388
12.6686,169256
12.6728,168301
12.6769,169687
12.6810,167944
12.6851,168773
12.6892,168497
12.6933,167578
12.6974,169065
12.7014,167433
12.7055,168853
12.7096,168358
12.7136,168028
12.7178,168535
12.7219,167096
12.7260,168009
12.7301,168601
12.7342,167851
12.7383,168338
12.7423,167382
12.7465,168357
12.7506,168431
12.7547,167693
12.7588,161059
12.7629,154002
12.7672,158568
12.7712,162626
12.7713,166296
12.7752,167140
12.7796,169312
12.7833,172562
12.7874,185131
12.7915,185080
12.7956,185271
12.7997,184887
12.8037,185222
12.8079,171027
12.8119,168426
12.8161,169704
12.8201,167701
12.8242,168848
12.8283,168677
12.8324,168922
12.8365,169026
12.8406,167309
12.8447,168653
12.8488,168031
12.8529,168534
12.8570,168639
12.8611,167249
12.8652,167852
12.8693,168584
12.8734,168504
12.8775,168345
12.8816,167314
12.8857,167974
12.8898,168334
12.8941,168302
12.8981,167622
12.8982,167123
12.9021,167468
12.9061,168201
12.9103,167866
12.9143,167483
12.9185,167350
12.9226,167798
12.9266,168339
12.9308,167807
12.9348,167136
12.9390,151865
12.9431,156329
12.9472,160616
12.9513,163622
12.9554,165639
12.9594,167271
12.9635,170233
12.9678,171629
12.9718,168675
12.9759,167542
12.9799,168622
12.9841,168535
12.9882,168657
12.9923,168960
12.9964,167156
13.0005,168560
13.0045,168386
13.0087,168386
13.0127,168207
13.0169,167588
13.0211,167692
13.0252,168455
13.0253,168654
13.0292,167918
13.0332,167243
13.0373,155059
13.0413,158124
13.0455,161612
13.0496,165328
13.0537,168470
13.0579,169541
13.0619,173590
13.0659,171588
13.0701,169229
13.0741,167733
13.0782,169481
13.0824,168464
13.0865,168350
13.0906,168562
13.0947,167363
13.0988,168696
13.1028,168066
13.1069,168770
13.1109,168098
13.1150,167448
13.1191,168741
13.1232,167961
13.1273,167928
13.1314,168279
13.1355,167333
13.1396,168463
13.1437,167788
13.1479,167768
13.1522,168071
13.1523,166897
13.1561,156935
13.1602,155627
13.1644,159571
13.1684,163951
13.1725,166580
13.1766,167851
13.1810,170427
13.1848,171408
13.1888,169302
13.1929,167928
13.1970,169638
13.2011,167425
13.2052,168022
13.2092,168409
13.2133,167747
13.2175,169011
13.2218,167846
13.2258,168421
13.2298,168664
13.2339,167834
13.2381,168499
13.2421,167016
13.2462,168604
13.2503,168705
13.2545,167602
13.2585,168621
13.2626,167970
13.2667,168144
13.2708,168374
13.2752,168037
13.2791,168727
13.2833,167150
13.2834,167788
13.2872,168211
13.2913,167797
13.2954,168069
13.2994,167141
13.3035,168281
13.3076,168336
13.3118,168393
13.3158,161722
13.3199,152774
13.3240,156747
13.3281,160479
13.3323,163778
13.3363,165960
13.3404,167174
13.3445,170249
13.3486,181073
13.3527,170203
13.3568,169609
13.3609,167934
13.3650,168186
13.3690,168769
13.3733,167875
13.3778,168848
13.3813,167426
13.3863,168433
13.3895,169122
13.3935,168502
13.3977,167999
13.4018,167734
13.4061,168250
13.4102,168240
13.4103,167891
13.4140,168046
13.4186,167866
13.4226,168054
13.4263,167844
13.4304,167971
13.4351,167833
13.4387,167161
13.4427,168531
13.4468,168674
13.4511,168164
13.4556,167411
13.4592,167600
13.4632,168463
13.4679,168520
13.4721,167900
13.4756,166888
13.4796,167323
13.4840,168219
13.4890,168060
13.4919,168298
13.4960,166848
13.5001,167126
13.5046,168446
13.5082,167942
13.5123,168307
13.5165,167394
13.5211,167912
13.5247,167669
13.5289,167911
13.5330,167835
13.5372,167014
13.5373,168059
13.5410,168193
13.5451,168084
13.5493,168578
13.5538,166425
13.5574,149365
13.5615,153207
13.5656,157004
13.5698,161049
13.5738,164260
13.5779,165033
13.5821,167266
13.5869,170186
13.5903,173227
13.5943,168303
13.5984,169285
13.6028,168728
13.6065,168566
13.6106,168309
13.6148,167997
13.6190,168866
13.6229,168172
13.6270,168416
13.6311,168312
13.6355,167566
13.6393,168600
13.6434,167569
13.6475,168585
13.6522,168187
13.6557,167249
13.6598,168580
13.6639,167568
13.6639,168666
13.6689,168226
13.6722,167348
13.6762,168695
13.6803,167738
13.6845,168160
13.6885,168227
13.6925,167934
13.6967,169077
13.7008,167723
13.7049,167765
13.7089,168192
13.7130,167328
13.7174,168240
13.7215,167091
13.7253,167826
13.7294,168262
13.7341,167900
13.7376,167810
13.7417,166928
13.7458,168025
13.7503,167789
13.7540,167415
13.7581,168599
13.7622,166818
13.7663,168262
13.7705,168309
13.7746,167302
13.7786,168394
13.7828,166272
13.7869,168355
13.7910,167845
13.7910,168004
13.7950,168340
13.7992,166715
13.8035,168037
13.8073,168027
13.8113,167891
13.8155,168544
13.8203,167175
13.8236,167368
13.8277,168116
13.8320,167763
13.8362,167631
13.8400,167241
13.8441,168521
13.8482,168154
13.8527,167985
13.8568,167935
13.8605,167450
13.8646,168460
13.8688,167789
13.8729,167980
13.8770,167947
13.8810,167421
13.8858,168113
13.8892,167925
13.8933,168366
13.8974,168396
13.9019,167410
13.9057,168687
13.9097,168176
13.9137,167961
13.9187,168148
13.9193,167320
13.9219,168597
13.9260,167862
13.9301,168162
13.9360,167263
13.9383,167351
13.9424,168044
13.9465,167833
13.9514,167997
13.9549,167578
13.9589,167927
13.9629,168644
13.9676,168979
13.9711,167822
13.9752,167399
13.9793,167933
13.9838,168443
13.9875,168108
13.9916,168492
13.9957,167208
13.9998,167667
14.0044,168165
14.0079,167884
14.0120,167923
14.0162,166928
14.0203,167913
14.0243,167904
14.0284,168032
14.0326,168130
14.0373,167727
14.0408,168106
14.0449,167955
14.0450,168112
14.0491,167948
14.0534,167020
14.0571,168371
14.0612,168128
14.0654,168420
14.0699,168225
14.0735,166826
14.0776,167894
14.0817,167693
14.0860,168251
14.0899,167928
14.0940,167328
14.0981,168363
14.1030,167849
14.1062,168432
14.1103,168314
14.1144,167059
14.1195,168691
14.1228,167604
14.1268,168170
14.1310,167948
14.1354,167235
14.1394,168263
14.1431,167068
14.1472,168326
14.1524,167710
14.1555,166948
14.1595,168583
14.1636,167119
14.1680,168576
14.1719,168068
14.1720,167272
14.1759,168631
14.1799,167150
14.1846,168072
14.1886,167972
14.1923,166846
14.1963,167963
14.2010,167254
14.2052,168105
14.2088,167928
14.2127,167136
14.2176,168646
14.2210,167113
14.2250,168150
14.2291,168123
14.2348,167848
14.2373,168074
14.2414,167361
14.2455,168079
14.2505,168114
14.2543,167861
14.2579,168616
14.2620,167306
14.2660,168185
14.2703,168223
14.2746,167990
14.2783,168341
14.2824,166464
14.2871,168239
14.2907,167627
14.2949,168052
14.2988,168746
14.2989,166758
14.3035,168459
14.3075,167951
14.3111,167878
14.3152,167972
14.3196,166396
14.3233,167970
14.3274,168249
14.3316,167742
14.3363,168004
14.3398,167034
14.3438,168028
14.3479,168154
14.3530,167929
14.3561,167877
14.3602,166646
14.3643,167754
14.3691,167799
14.3725,168382
14.3766,168129
14.3807,166674
14.3854,168280
14.3890,168276
14.3930,168282
14.3970,167840
14.4020,166963
14.4053,167750
14.4094,168431
14.4135,168505
14.4180,167854
14.4218,167699
14.4259,168318
14.4259,167676
14.4298,167611
14.4344,167943
14.4383,167406
14.4421,168073
14.4462,168099
14.4505,167823
14.4546,167237
14.4585,167744
14.4626,168323
14.4683,168473
14.4708,167655
14.4749,167330
14.4790,167417
14.4834,168195
14.4877,168043
14.4913,167906
14.4953,167289
14.4997,167440
14.5041,167992
14.5076,168430
14.5117,167421
14.5158,167447
14.5199,167598
14.5240,168339
14.5281,168234
14.5324,167836
14.5363,167162
14.5404,167713
14.5445,167947
14.5491,168080
14.5529,167706
14.5530,166560
14.5568,168448
14.5609,168084
14.5651,168399
14.5702,167910
14.5733,167560
14.5773,167793
14.5814,167873
14.5863,168273
14.5895,167804
14.5937,167237
14.5978,168201
14.6022,167679
14.6061,168181
14.6100,167990
14.6142,167061
14.6193,168661
14.6223,167470
14.6264,167784
14.6305,168183
14.6354,167212
14.6388,168247
14.6428,167181
14.6469,167919
14.6520,168227
14.6553,166982
14.6592,168251
14.6633,167464
14.6683,167829
14.6715,168144
14.6757,167005
14.6799,168486
14.6839,166793
14.6841,168251
14.6884,167892
14.6921,166995
14.6961,168669
14.7005,167084
14.7043,167728
14.7084,168188
14.7125,167024
14.7168,168262
14.7214,166625
14.7250,167680
14.7288,167861
14.7331,166989
14.7370,168408
14.7416,166249
14.7456,167952
14.7495,167897
14.7541,167460
14.7577,167865
14.7617,166086
14.7669,167758
14.7706,168132
14.7739,167406
14.7780,168554
14.7821,166805
14.7871,168043
14.7905,167937
14.7945,167197
14.7986,168296
14.8027,166937
14.8067,167779
14.8108,167779
14.8109,167859
14.8149,167766
14.8202,166872
14.8230,167516
14.8271,167909
14.8313,167896
14.8353,167490
14.8397,166569
14.8435,167680
14.8476,167600
14.8519,167801
14.8563,167399
14.8599,166152
14.8640,167410
14.8682,168059
14.8723,167642
14.8764,168070
14.8804,166793
14.8850,167822
14.8887,167712
14.8928,167238
14.8968,167817
14.9022,166570
14.9050,167817
14.9090,167850
14.9131,167594
14.9177,167323
14.9214,166576
14.9254,167935
14.9297,167678
14.9341,168405
14.9378,167452
14.9379,166546
14.9418,167635
14.9460,167518
14.9505,168229
14.9541,166883
14.9582,167171
14.9623,167861
14.9666,167735
14.9709,167469
14.9751,167217
14.9788,167643
14.9838,167365
14.9870,168046
14.9910,168174
14.9951,167389
15.0000,167269
15.0040,167423
15.0074,167447
15.0114,167330
15.0156,166435
15.0203,167452
15.0238,168025
15.0278,167715
15.0319,167444
15.0362,166798
15.0409,167491
15.0442,167809
15.0484,168070
15.0526,167891
15.0566,166587
15.0606,167662
15.0649,167140
15.0650,168172
15.0693,167666
15.0730,166763
15.0770,167461
15.0811,167706
15.0856,167840
15.0893,167895
15.0934,166840
15.0976,167306
15.1021,167201
15.1059,167126
15.1097,167480
15.1138,166158
15.1185,168172
15.1221,167586
15.1261,167492
15.1302,167590
15.1344,166900
15.1386,168286
15.1425,166918
15.1466,167429
15.1517,167429
15.1551,166856
15.1589,168114
15.1630,166739
15.1679,167640
15.1712,167769
15.1752,166686
15.1793,169131
15.1840,166771
15.1877,167676
15.1916,167339
15.1917,166710
15.1958,167895
15.2007,166914
15.2039,167203
15.2080,167462
15.2121,166758
15.2165,167989
15.2214,166930
15.2245,167583
15.2285,167608
15.2332,166752
15.2367,168474
15.2408,166963
15.2449,167223
15.2496,167302
15.2533,166689
15.2572,168388
15.2613,166822
15.2655,167465
15.2697,167069
15.2736,166428
15.2777,167890
15.2818,166221
15.2863,167556
15.2899,167227
15.2940,167107
15.2981,167972
15.3027,166237
15.3070,167694
15.3105,167303
15.3146,167135
15.3186,168003
15.3187,166295
15.3227,167535
15.3268,167576
15.3311,166725
15.3359,167572
15.3391,166466
15.3432,167574
15.3473,167107
15.3520,167524
15.3560,167728
15.3596,166652
15.3639,168093
15.3687,168008
15.3720,167753
15.3760,167395
15.3800,166623
15.3847,167629
15.3883,167931
15.3926,167397
15.3964,166886
15.4005,166857
15.4046,167839
15.4097,167328
15.4128,167877
15.4172,167919
15.4211,167375
15.4251,167718
15.4292,167569
15.4335,167517
15.4382,167302
15.4417,166520
15.4457,168093
15.4458,167821
15.4503,168044
15.4541,166809
15.4579,167460
15.4620,167460
15.4661,167724
15.4701,167993
15.4743,167079
15.4783,167408
15.4825,167940
15.4866,167584
15.4906,167571
15.4947,166837
15.4989,167267
15.5037,168114
15.5072,167850
15.5112,167278
15.5154,166574
15.5195,167577
15.5235,168176
15.5275,167423
15.5317,168093
15.5361,166044
15.5408,167017
15.5439,167944
15.5480,167883
15.5524,167520
15.5577,166727
15.5603,167722
15.5645,166869
15.5686,167198
15.5727,168306
15.5727,166699
15.5767,167632
15.5808,167829
15.5849,167808
15.5894,167483
15.5931,166407
15.5972,168084
15.6020,167221
15.6057,167822
15.6094,167516
15.6135,166546
15.6182,168404
15.6217,167311
15.6258,168009
15.6299,167566
15.6341,166666
15.6387,168181
15.6422,167078
15.6463,167719
15.6512,167647
15.6545,166624
15.6586,167596
15.6627,166792
15.6669,167523
15.6716,167300
15.6755,166225
15.6791,168666
15.6838,166494
15.6872,167423
15.6914,167758
15.6956,167120
15.6997,168056
15.7004,166302
15.7037,167752
15.7078,167407
15.7118,166840
15.7162,167717
15.7201,166716
15.7242,167420
15.7282,167754
15.7323,166854
15.7364,168162
15.7411,166339
15.7454,167750
15.7488,168116
15.7534,166658
15.7569,167739
15.7610,166820
15.7652,168004
15.7695,167860
15.7733,167051
15.7773,168233
15.7816,166481
15.7855,167816
15.7902,167544
15.7938,167226
15.7978,168336
15.8027,166230
15.8060,167221
15.8101,167722
15.8143,166854
15.8188,167295
15.8226,166392
15.8267,167497
15.8268,167995
15.8306,167201
15.8347,167737
15.8395,166539
15.8429,167423
15.8470,167808
15.8511,167578
15.8552,167516
15.8593,166348
15.8634,167471
15.8685,167349
15.8716,167392
15.8756,167771
15.8798,166363
15.8843,167853
15.8888,167724
15.8920,167148
15.8962,167450
15.9004,167512
15.9044,167695
15.9084,168318
15.9125,168160
15.9174,167927
15.9207,166483
15.9248,167290
15.9289,167922
15.9332,167684
15.9376,167345
15.9413,167160
15.9453,167902
15.9501,167921
15.9536,167757
15.9537,166990
15.9576,167265
15.9617,167543
15.9658,167642
15.9705,167074
15.9740,167062
15.9780,166776
15.9824,167305
15.9864,167656
15.9904,167488
15.9945,166604
15.9986,167178
16.0032,167261
16.0067,167898
16.0108,167309
16.0150,166689
16.0190,167409
16.0239,167968
16.0272,167605
16.0314,167675
16.0363,166714
16.0395,167599
16.0437,166881
16.0477,167502
16.0518,167430
16.0559,166124
16.0600,167415
16.0641,168030
16.0690,167326
16.0723,167364
16.0764,166091
16.0806,167434
16.0807,167131
16.0849,167121
16.0895,167388
16.0927,166882
16.0969,167860
16.1020,167679
16.1050,167985
16.1092,167569
16.1132,166983
16.1174,167943
16.1215,167397
16.1255,167310
16.1296,167113
16.1342,167058
16.1378,167858
16.1419,166936
16.1460,167417
16.1507,167315
16.1542,166805
16.1584,168119
16.1624,166545
16.1666,167228
16.1707,167673
16.1747,167070
16.1787,168210
16.1836,167329
16.1870,167513
16.1911,167769
16.1951,166735
16.1996,168230
16.2035,166567
16.2076,167548
16.2116,167707
16.2117,167109
16.2165,168031
16.2198,166621
16.2238,167633
16.2279,167754
16.2322,166936
16.2361,168492
16.2402,166017
16.2443,167524
16.2489,167383
16.2525,166741
16.2566,168052
16.2607,166054
16.2648,167724
16.2692,167830
16.2731,167079
16.2771,168218
16.2812,166741
16.2853,167940
16.2894,167240
16.2934,166904
16.2976,167686
16.3027,166310
16.3058,167284
16.3099,167659
16.3140,166748
16.3187,167722
16.3222,166872
16.3262,167441
16.3305,167896
16.3345,167101
16.3388,167364
16.3388,166767
16.3426,167512
16.3467,167046
16.3513,166955
16.3553,167269
16.3590,166673
16.3632,167401
16.3672,167271
16.3717,167369
16.3754,167768
16.3795,166366
16.3844,167848
16.3880,167473
16.3918,167469
16.3959,167116
16.4009,166273
16.4041,167776
16.4082,167993
16.4123,168231
16.4170,167584
16.4204,166946
16.4245,167350
16.4286,167970
16.4331,167315
16.4368,167102
16.4409,166959
16.4450,167660
16.4495,168022
16.4532,167583
16.4575,166367
16.4615,166420
16.4655,167706
16.4657,167265
16.4695,167890
16.4736,167181
16.4777,166556
16.4828,167289
16.4869,167146
16.4900,167423
16.4941,166445
16.4986,166513
16.5029,167618
16.5064,167504
16.5105,167805
16.5153,166972
16.5196,166909
16.5228,167314
16.5269,168148
16.5311,167341
16.5351,166131
16.5392,167436
16.5433,167178
16.5474,167587
16.5517,167319
16.5556,166682
16.5597,167924
16.5639,167528
16.5682,167524
16.5727,167566
16.5761,166987
16.5802,167008
16.5851,167513
16.5885,167844
16.5924,167845
16.5925,166055
16.5965,167720
16.6014,167837
16.6047,167410
16.6088,167522
16.6129,166372
16.6177,168108
16.6211,167480
16.6252,167892
16.6293,167632
16.6340,166605
16.6376,168013
16.6416,166834
16.6457,167691
16.6506,167515
16.6539,166464
16.6580,168091
16.6621,167131
16.6662,167350
16.6703,167220
16.6743,167109
16.6785,167935
16.6830,167109
16.6866,167864
16.6907,167841
16.6948,166296
16.6997,168381
16.7031,166736
16.7071,167530
16.7112,168010
16.7162,166276
16.7196,168302
16.7196,166764
16.7235,167502
16.7276,167873
16.7317,166573
16.7358,168825
16.7399,166276
16.7440,167397
16.7481,167564
16.7523,166814
16.7562,168114
16.7603,166610
16.7645,168420
16.7686,168035
16.7727,167209
16.7768,168227
16.7809,166346
16.7850,167813
16.7891,168031
16.7934,167277
16.7973,167768
16.8014,166400
16.8055,168036
16.8096,167922
16.8136,167388
16.8178,168330
16.8219,166305
16.8260,167572
16.8302,167561
16.8342,167433
16.8382,167818
16.8424,166402
16.8466,167958
16.8467,167628
16.8506,167668
16.8546,167961
16.8588,166552
16.8629,167914
16.8669,168493
16.8710,167201
16.8751,167488
16.8791,167187
16.8833,167581
16.8874,167862
16.8915,167658
16.8955,167942
16.8997,166613
16.9038,168052
16.9080,167932
16.9120,168062
16.9161,167401
16.9202,166328
16.9243,167636
16.9284,168164
16.9325,168331
16.9366,168058
16.9407,167080
16.9448,167543
16.9489,168097
16.9529,167639
16.9570,167670
16.9611,166912
16.9653,167842
16.9694,167837
16.9735,167246
16.9735,167263
16.9774,167172
16.9815,167852
16.9856,167754
16.9897,167157
16.9938,166726
16.9979,167385
17.0021,167768
17.0062,167284
17.0103,167534
17.0144,166547
17.0185,167636
17.0226,168274
17.0267,167715
17.0308,168023
17.0349,166455
17.0389,167479
17.0430,167834
17.0472,167615
17.0513,167303
17.0553,167014
17.0594,167754
17.0635,167634
17.0676,167823
17.0717,167401
17.0758,166883
17.0799,167866
17.0839,167842
17.0881,167714
17.0922,167647
17.0964,166151
17.1004,168276
17.1005,167668
17.1045,167859
17.1086,167127
17.1126,166964
17.1167,167943
17.1209,167553
17.1250,167770
17.1291,168432
17.1332,166903
17.1373,168165
17.1414,167466
17.1454,168141
17.1495,168564
17.1536,167105
17.1577,168307
17.1617,167526
17.1659,168006
17.1700,167562
17.1741,166689
17.1783,168228
17.1823,166632
17.1863,168176
17.1905,168128
17.1945,167388
17.1986,168038
17.2028,167178
17.2069,168159
17.2110,168385
17.2151,166590
17.2192,168920
17.2235,166672
17.2275,167616
17.2276,167943
17.2315,167540
17.2356,168258
17.2396,166942
17.2437,167820
17.2478,168123
17.2519,166581
17.2560,167953
17.2600,167065
17.2641,167845
17.2683,167280
17.2723,167130
17.2764,168087
17.2805,166168
17.2846,167412
17.2889,167746
17.2928,167234
17.2969,168352
17.3010,166569
17.3051,167657
17.3092,168195
17.3133,167106
17.3174,168057
17.3215,166423
17.3256,168129
17.3297,168245
17.3338,167410
17.3379,168060
17.3420,166680
17.3461,168108
17.3506,167648
17.3546,167418
17.3589,167874
17.3590,166138
17.3625,168238
17.3666,168062
17.3708,168138
17.3749,167860
17.3789,167195
17.3829,167576
17.3871,167749
17.3911,167852
17.3953,167573
17.3994,166575
17.4035,167614
17.4076,167422
17.4116,167642
17.4158,167496
17.4199,167005
17.4240,167868
17.4281,167967
17.4322,167282
17.4363,167204
17.4404,166772
17.4445,167623
17.4486,167843
17.4526,167724
17.4567,167900
17.4608,166946
17.4649,167845
17.4690,168191
17.4731,168306
17.4773,167104
17.4814,167499
17.4855,167718
17.4856,167678
17.4895,168139
17.4936,166804
17.4977,167805
17.5018,167557
17.5059,168026
17.5100,168093
17.5141,166978
17.5183,167137
17.5223,167996
17.5264,167918
17.5305,168145
17.5346,167119
17.5386,167227
17.5428,167645
17.5469,167535
17.5510,167784
17.5551,167184
17.5591,167795
17.5633,167605
17.5673,168143
17.5715,167323
17.5755,166693
17.5796,167671
17.5837,167892
17.5878,167658
17.5920,168031
17.5960,166795
17.6001,167886
17.6044,167444
17.6084,168049
17.6125,167530
17.6126,166985
17.6165,168038
17.6206,167441
17.6247,167660
17.6287,167747
17.6329,166475
17.6370,168545
17.6411,167213
17.6451,168052
17.6492,167873
17.6534,166586
17.6574,168233
17.6614,167189
17.6656,167396
17.6698,167076
17.6738,166522
17.6780,168434
17.6820,167393
17.6860,167869
17.6902,167555
17.6943,167062
17.6984,168439
17.7024,166369
17.7066,167570
17.7107,167364
17.7148,166797
17.7189,168510
17.7230,166725
17.7271,168211
17.7314,167624
17.7353,166754
17.7393,167987
17.7395,166412
17.7435,167659
17.7476,167449
17.7516,167221
17.7557,168161
17.7598,166673
17.7639,167912
17.7680,167821
17.7721,167264
17.7762,167767
17.7803,166218
17.7844,167931
17.7885,167814
17.7925,167173
17.7967,167926
17.8008,166537
17.8049,167715
17.8090,167830
17.8131,166888
17.8172,167822
17.8213,166821
17.8254,168097
17.8295,167520
17.8336,167533
17.8376,168119
17.8418,166705
17.8459,167495
17.8500,167085
17.8540,167785
17.8583,167738
17.8624,166959
17.8665,168048
17.8667,168318
17.8703,167530
17.8744,167747
17.8785,166171
17.8826,167604
17.8867,168022
17.8908,167995
17.8949,167736
17.8990,166600
17.9032,167778
17.9073,167974
17.9113,168189
17.9155,167419
17.9196,167049
17.9237,167619
17.9278,167474
17.9319,167709
17.9360,167993
17.9401,167193
17.9442,167799
17.9483,168110
17.9523,167795
17.9564,167922
17.9605,167334
17.9646,168498
17.9686,168125
17.9727,168108
17.9769,167720
17.9810,167099
17.9851,168059
17.9894,168104
17.9935,167896
17.9935,167258
17.9974,167813
18.0015,167846
18.0056,168268
18.0097,167954
18.0138,167430
18.0179,167213
18.0220,167854
18.0261,168376
18.0302,168662
18.0343,166893
18.0384,167802
18.0425,167886
18.0466,168112
18.0507,167776
18.0547,167211
18.0588,168411
18.0629,168035
18.0670,167804
18.0712,167436
18.0753,166366
18.0793,167268
18.0834,167744
18.0876,168228
18.0916,167892
18.0956,166421
18.0998,167929
18.1038,168085
18.1080,168526
18.1121,167744
18.1163,167109
18.1204,168083
18.1205,167840
18.1243,168144
18.1284,167837
18.1326,167264
18.1367,168382
18.1408,167769
18.1448,167945
18.1489,168324
18.1530,166951
18.1570,168598
18.1612,167719
18.1654,168156
18.1694,168072
18.1735,167171
18.1776,168431
18.1817,167780
18.1858,168408
18.1899,167928
18.1940,166913
18.1982,168762
18.2023,167486
18.2063,167916
18.2103,168465
18.2145,167572
18.2185,168253
18.2227,166841
18.2268,168012
18.2308,167626
18.2350,167309
18.2391,168424
18.2433,167195
18.2474,167671
18.2475,168309
18.2514,167606
18.2554,168673
18.2595,166556
18.2636,167680
18.2677,167966
18.2718,167835
18.2759,168827
18.2800,167019
18.2841,168298
18.2882,168020
18.2923,167689
18.2964,168464
18.3005,166657
18.3046,168419
18.3087,168186
18.3128,167234
18.3169,168240
18.3210,167059
18.3251,167893
18.3292,168068
18.3333,167403
18.3374,168434
18.3415,167145
18.3455,168206
18.3496,168044
18.3537,168228
18.3578,168344
18.3619,167592
18.3661,168206
18.3703,168170
18.3745,167702
18.3783,167993
18.3784,167214
18.3824,167907
18.3865,168643
18.3906,167974
18.3946,167971
18.3988,167615
18.4028,167687
18.4070,168725
18.4110,168284
18.4152,168584
18.4193,167311
18.4234,168692
18.4275,168704
18.4316,167828
18.4357,167613
18.4398,167518
18.4438,168721
18.4479,168319
18.4520,168100
18.4561,167587
18.4602,167440
18.4643,168414
18.4684,167743
18.4725,167777
18.4765,168097
18.4806,167442
18.4847,167942
18.4889,168117
18.4930,168370
18.4971,167871
18.5013,167964
18.5054,167926
18.5055,167948
18.5094,167985
18.5134,167017
18.5176,168046
18.5216,168023
18.5258,168248
18.5299,168301
18.5340,167347
18.5381,167540
18.5422,168005
18.5462,168620
18.5502,168087
18.5543,167318
18.5585,168419
18.5626,168418
18.5667,167869
18.5708,168440
18.5749,167519
18.5790,168394
18.5831,167929
18.5872,168101
18.5913,168600
18.5953,166419
18.5994,168232
18.6035,168060
18.6077,168761
18.6118,168313
18.6159,166878
18.6200,168613
18.6242,168499
18.6282,167672
18.6324,167603
18.6325,166720
18.6364,168893
18.6405,168191
18.6444,168481
18.6486,168411
18.6527,167103
18.6567,168543
18.6608,168012
18.6650,168127
18.6691,168061
18.6732,166886
18.6773,168643
18.6814,167317
18.6855,168261
18.6896,168066
18.6938,167378
18.6977,169075
18.7018,167210
18.7059,168474
18.7100,168280
18.7141,167179
18.7182,168777
18.7223,167012
18.7264,168266
18.7305,167973
18.7347,167630
18.7387,168510
18.7428,167047
18.7470,168254
18.7514,168028
18.7553,167538
18.7595,168315
18.7596,166870
18.7633,167942
18.7674,168424
18.7715,167118
18.7755,168334
18.7797,167154
18.7838,167799
18.7879,167838
18.7920,167696
18.7961,168409
18.8002,167363
18.8043,167944
18.8084,168600
18.8125,167386
18.8166,168149
18.8207,166825
18.8248,168228
18.8289,168197
18.8329,167608
18.8370,168460
18.8411,167238
18.8452,168248
18.8493,167906
18.8534,167753
18.8575,167955
18.8616,167080
18.8657,168353
18.8698,167707
18.8739,167853
18.8781,168530
18.8823,167118
18.8862,167868
18.8863,168257
18.8902,167632
18.8943,167465
18.8985,167297
18.9026,168120
18.9067,167850
18.9107,167695
18.9149,168302
18.9190,167609
18.9231,168579
18.9272,168377
18.9313,168002
18.9353,167902
18.9394,167123
18.9435,168573
18.9477,168482
18.9517,167811
18.9558,167910
18.9599,167725
18.9640,168621
18.9681,168200
18.9722,168192
18.9762,167938
18.9803,167680
18.9844,167955
18.9885,168214
18.9926,168482
18.9967,167778
19.0009,167570
19.0052,168320
19.0092,167817
19.0133,168362
19.0136,167547
19.0173,167214
19.0214,168529
19.0255,168400
19.0295,168342
19.0336,167106
19.0379,167968
19.0419,168289
19.0459,168193
19.0500,168063
19.0540,167049
19.0582,167548
19.0622,168289
19.0663,167980
19.0704,168024
19.0745,166947
19.0786,168250
19.0827,168108
19.0868,167992
19.0909,168582
19.0950,167859
19.0991,168335
19.1032,167859
19.1073,168009
19.1114,168325
19.1155,167017
19.1196,169177
19.1237,167750
19.1279,167994
19.1322,167568
19.1366,166602
19.1406,168146
19.1407,167858
19.1442,167996
19.1483,167915
19.1524,166780
19.1565,168361
19.1606,167408
19.1647,168328
19.1688,168279
19.1729,167525
19.1770,169125
19.1811,167575
19.1852,168221
19.1893,168159
19.1934,167252
19.1974,168902
19.2015,167333
19.2057,168734
19.2098,167974
19.2139,167272
19.2180,168755
19.2221,166875
19.2262,168348
19.2302,168029
19.2343,167453
19.2385,168726
19.2425,166987
19.2466,167987
19.2507,167804
19.2549,167833
19.2591,168925
19.2632,166922
19.2672,168592
19.2673,168229
19.2712,167686
19.2753,168546
19.2794,167190
19.2835,168082
19.2876,168153
19.2916,167470
19.2957,168177
19.2999,166990
19.3040,168233
19.3081,167976
19.3122,167921
19.3163,167970
19.3204,167319
19.3244,168100
19.3285,168197
19.3326,168241
19.3367,168458
19.3408,167311
19.3450,167826
19.3490,168599
19.3531,167778
19.3573,168390
19.3613,166837
19.3654,168190
19.3694,167705
19.3735,167691
19.3776,168326
19.3818,167169
19.3861,168291
19.3901,168175
19.3940,168346
19.3940,167881
19.3982,166905
19.4023,168267
19.4064,167692
19.4104,168070
19.4145,167425
19.4187,167407
19.4227,168457
19.4268,168218
19.4309,167943
19.4350,168116
19.4390,167354
19.4431,168416
19.4474,167850
19.4514,168347
19.4555,167706
19.4595,167290
19.4637,168349
19.4678,168621
19.4719,168239
19.4760,167510
19.4801,167001
19.4842,168520
19.4883,167894
19.4924,168037
19.4965,167141
19.5005,168004
19.5046,168101
19.5088,167814
19.5131,168211
19.5170,167290
19.5211,167622
19.5212,168457
19.5251,167516
19.5294,168495
19.5333,167205
19.5374,168029
19.5415,168740
19.5456,167850
19.5497,168205
19.5538,166841
19.5579,168076
19.5619,168219
19.5661,168043
19.5702,168101
19.5743,167671
19.5784,167898
19.5824,167901
19.5865,167916
19.5906,168473
19.5948,167007
19.5988,168537
19.6029,167946
19.6070,168175
19.6111,168350
19.6152,166988
19.6193,168419
19.6234,167992
19.6275,168256
19.6316,168623
19.6357,167187
19.6398,168594
19.6442,167570
19.6480,167875
19.6481,167992
19.6520,167127
19.6562,168421
19.6603,168159
19.6643,168171
19.6685,168286
19.6725,167529
19.6769,168865
19.6808,167433
19.6848,167973
19.6889,167794
19.6930,167165
19.6971,168876
19.7012,167868
19.7053,168694
19.7094,168298
19.7135,167433
19.7176,169164
19.7217,167225
19.7258,168046
19.7301,168106
19.7340,168076
19.7380,168426
19.7423,167011
19.7463,168240
19.7504,168793
19.7544,167683
19.7585,168653
19.7627,167534
19.7667,168321
19.7711,168197
19.7750,167349
19.7751,168688
19.7790,167133
19.7831,168136
19.7872,168410
19.7913,167347
19.7954,168802
19.7995,166828
19.8036,168270
19.8077,168396
19.8118,167640
19.8158,168179
19.8199,167587
19.8241,168444
19.8282,167994
19.8323,167883
19.8364,169059
19.8404,167013
19.8446,168756
19.8486,168479
19.8527,167871
19.8569,167988
19.8610,167291
19.8650,168408
19.8691,168380
19.8732,168182
19.8773,168829
19.8814,167158
19.8856,167988
19.8896,168463
19.8937,167697
19.8981,168214
19.9021,167460
19.9022,167918
19.9062,168414
19.9101,168200
19.9142,167909
19.9184,166978
19.9224,168279
19.9265,168021
19.9306,168657
19.9347,168381
19.9390,167017
19.9429,168400
19.9470,168100
19.9511,168308
19.9553,167824
19.9593,166933
19.9634,168082
19.9675,168096
19.9715,167881
19.9756,167503
19.9797,167749
19.9838,167967
19.9879,168378
19.9920,167895
19.9961,167693
20.0002,168028
20.0043,168130
20.0084,168536
20.0128,167789
20.0166,168132
20.0207,167691
20.0256,167921
20.0290,168078
20.0291,167939
20.0331,167398
20.0371,168105
20.0412,167687
20.0453,168126
20.0494,168143
20.0536,167064
20.0576,167745
20.0616,167993
20.0658,168333
20.0698,167931
20.0740,167660
20.0781,168116
20.0822,168112
20.0863,168286
20.0904,167784
20.0945,166799
20.0985,168245
20.1026,168328
20.1067,168819
20.1108,168250
20.1149,168157
20.1190,168533
20.1231,167931
20.1272,167797
20.1313,168120
20.1353,167189
20.1395,168548
20.1435,167473
20.1477,168379
20.1518,168047
20.1559,167187
20.1599,168818
20.1600,167632
20.1640,168509
20.1681,167877
20.1722,167027
20.1764,168762
20.1805,167506
20.1846,168571
20.1887,167502
20.1927,167076
20.1968,168820
20.2009,167254
20.2050,167833
20.2091,168262
20.2133,167188
20.2173,168706
20.2214,166678
20.2255,168754
20.2296,168312
20.2337,167391
20.2378,169194
20.2419,166872
20.2460,168871
20.2501,168527
20.2542,167533
20.2583,168757
20.2624,166976
20.2665,168440
20.2705,167639
20.2746,167101
20.2788,168311
20.2830,167035
20.2871,168079
20.2872,168196
20.2911,167104
20.2952,169041
20.2993,166548
20.3034,168403
20.3076,168039
20.3115,167743
20.3156,168406
20.3197,167178
20.3239,167951
20.3279,168229
20.3320,168166
20.3361,168576
20.3402,167024
20.3443,168234
20.3485,168374
20.3525,167410
20.3565,168013
20.3607,167349
20.3648,168693
20.3689,168094
20.3730,167656
20.3770,168341
20.3812,167134
20.3853,168244
20.3893,167865
20.3934,168443
20.3975,168443
20.4016,167517
20.4058,168458
20.4098,168491
20.4141,168545
20.4142,167770
20.4181,167749
20.4221,168787
20.4262,168340
20.4303,168136
20.4344,167935
20.4385,167786
20.4426,168180
20.4467,168528
20.4508,168262
20.4550,168319
20.4590,167023
20.4631,167954
20.4671,168203
20.4712,168404
20.4754,168409
20.4795,167455
20.4836,167820
20.4877,168248
20.4918,168517
20.4959,168184
20.4999,167205
20.5040,168507
20.5081,168103
20.5122,168009
20.5164,167838
20.5204,167698
20.5245,168531
20.5287,168405
20.5330,167938
20.5369,167512
20.5408,168358
20.5409,167908
20.5450,168532
20.5491,167973
20.5532,167212
20.5573,167884
20.5614,168270
20.5655,168397
20.5696,167698
20.5737,167394
20.5777,167776
20.5818,168647
20.5859,168728
20.5901,168099
20.5942,166993
20.5983,167739
20.6024,167912
20.6065,168383
20.6106,168054
20.6147,167595
20.6187,167820
20.6228,167914
20.6269,168431
20.6310,168204
20.6351,167438
20.6392,169113
20.6433,167951
20.6474,167981
20.6515,168287
20.6555,167231
20.6597,169138
20.6640,167787
20.6680,168354
20.6681,167944
20.6720,167343
20.6761,168603
20.6802,167743
20.6843,167838
20.6884,168343
20.6925,167527
20.6966,168651
20.7007,167831
20.7047,168475
20.7089,168076
20.7129,167638
20.7170,168511
20.7212,166992
20.7253,168267
20.7294,167837
20.7334,167628
20.7377,168751
20.7416,167396
20.7458,168317
20.7499,168230
20.7539,167169
20.7580,168580
20.7621,167166
20.7662,168377
20.7703,167895
20.7744,167258
20.7785,168654
20.7826,167535
20.7867,168069
20.7908,168642
20.7950,167678
20.7950,169531
20.7989,167739
20.8030,168616
20.8072,168665
20.8112,167967
20.8154,169091
20.8195,167227
20.8236,168048
20.8277,167876
20.8318,167245
20.8358,168635
20.8399,166921
20.8439,168200
20.8480,168316
20.8521,167944
20.8562,168572
20.8603,167227
20.8644,168719
20.8685,168461
20.8726,167996
20.8767,168461
20.8808,167782
20.8849,168644
20.8890,168155
20.8931,168033
20.8972,168321
20.9013,167388
20.9054,168030
20.9095,168439
20.9136,168482
20.9181,168593
20.9221,167214
20.9222,168095
20.9260,168263
20.9300,168582
20.9342,168218
20.9382,167354
20.9423,168383
20.9464,168282
20.9505,168198
20.9546,167802
20.9587,166974
20.9628,168424
20.9669,167807
20.9710,168355
20.9750,167727
20.9791,167664
20.9832,168041
20.9874,168349
20.9915,167824
20.9956,167613
20.9997,167511
21.0038,168494
21.0078,168010
21.0120,168047
21.0159,168001
21.0202,167602
21.0243,168217
21.0283,168025
21.0324,168634
21.0366,167613
21.0407,168153
21.0449,167720
21.0489,168157
21.0490,168158
21.0529,167439
21.0569,167825
21.0612,168585
21.0652,168457
21.0692,167816
21.0734,167803
21.0774,168467
21.0815,167909
21.0857,168021
21.0898,168388
21.0939,167227
21.0980,168809
21.1021,168228
21.1062,167973
21.1102,168358
21.1144,167447
21.1184,168459
21.1225,168114
21.1266,168498
21.1308,168930
21.1348,166901
21.1389,168764
21.1430,168534
21.1471,168432
21.1512,168161
21.1555,167270
21.1593,168278
21.1635,167682
21.1675,167793
21.1717,167511
21.1758,167358
21.1759,169033
21.1798,167262
21.1840,167992
21.1881,168004
21.1922,167201
21.1963,168460
21.2004,167323
21.2045,168233
21.2086,168048
21.2126,167443
21.2167,168766
21.2208,167293
21.2249,168351
21.2290,168223
21.2331,167125
21.2372,169080
21.2413,166947
21.2454,168302
21.2495,168108
21.2536,167144
21.2577,168974
21.2618,167059
21.2659,168037
21.2700,168523
21.2741,167570
21.2789,169155
21.2823,167337
21.2863,167973
21.2904,168257
21.2945,168100
21.2987,168594
21.3029,166726
21.3069,168320
21.3070,168217
21.3110,168140
21.3150,167461
21.3191,166886
21.3232,168777
21.3273,168647
21.3313,168049
21.3355,168142
21.3396,166980
21.3437,167932
21.3478,168070
21.3519,167948
21.3560,168442
21.3601,167299
21.3641,168117
21.3682,167958
21.3723,167810
21.3764,168197
21.3806,166945
21.3847,168631
21.3888,168165
21.3928,168372
21.3970,168376
21.4011,167261
21.4051,168552
21.4091,168070
21.4133,167710
21.4174,168335
21.4215,167717
21.4258,168250
21.4300,168451
21.4339,168208
21.4340,167852
21.4379,167127
21.4420,167927
21.4461,168083
21.4502,167942
21.4543,168004
21.4584,167546
21.4625,168336
21.4666,168242
21.4707,168386
21.4748,167591
21.4790,167597
21.4831,167658
21.4872,168052
21.4912,168022
21.4953,167507
21.4994,168106
21.5034,168444
21.5075,167852
21.5117,168714
21.5158,167672
21.5199,167745
21.5239,168551
21.5280,168082
21.5321,168363
21.5362,167368
21.5403,167905
21.5444,168606
21.5485,168587
21.5528,168508
21.5567,167176
21.5609,168228
21.5610,168348
21.5649,167674
21.5690,168345
21.5731,167061
21.5772,168782
21.5813,168124
21.5853,168022
21.5895,168108
21.5936,167299
21.5977,168924
21.6017,167794
21.6058,167625
21.6100,168028
21.6140,167266
21.6180,168586
21.6222,167964
21.6263,168337
21.6304,167524
21.6345,167392
21.6386,168545
21.6426,167888
21.6468,168130
21.6508,167964
21.6549,167463
21.6590,168795
21.6631,167771
21.6672,168598
21.6713,168158
21.6754,167542
21.6796,168553
21.6838,167266
21.6879,168140
21.6880,168383
21.6919,167355
21.6960,168843
21.7000,167372
21.7041,167967
21.7082,167510
21.7123,167442
21.7164,168219
21.7205,167115
21.7246,168316
21.7288,168219
21.7328,167390
21.7369,168712
21.7410,167636
21.7451,168288
21.7492,168308
21.7533,167886
21.7574,168530
21.7615,167170
21.7656,167738
21.7696,168101
21.7738,167490
21.7779,168903
21.7820,167153
21.7861,168487
21.7902,168037
21.7943,167636
21.7984,168188
21.8025,166948
21.8067,168100
21.8108,168653
21.8149,167833
21.8150,168585
21.8189,166783
21.8229,168170
21.8270,168351
21.8311,168064
21.8351,168595
21.8393,167258
21.8434,168243
21.8475,167791
21.8516,168246
21.8557,168154
21.8598,166731
21.8639,168259
21.8679,167922
21.8720,167883
21.8761,168267
21.8802,167706
21.8844,168096
21.8885,167887
21.8925,168162
21.8967,168317
21.9008,167110
21.9048,167995
21.9088,168275
21.9130,168610
21.9171,168108
21.9212,166800
21.9252,168025
21.9293,167710
21.9335,167912
21.9378,168434
21.9419,167353
21.9419,168461
21.9458,168219
21.9499,168462
21.9539,167539
21.9580,167578
21.9621,167909
21.9663,168552
21.9704,168373
21.9745,167943
21.9785,167663
21.9826,167572
21.9867,168295
21.9908,168154
21.9950,167351
21.9991,167491
22.0032,168385
22.0072,168565
22.0113,167964
22.0156,167136
22.0195,167929
22.0236,168333
22.0277,168352
22.0318,168146
22.0359,167210
22.0400,168461
22.0441,168120
22.0482,168132
22.0523,168121
22.0564,167191
22.0605,168348
22.0648,168197
22.0686,168643
22.0687,168252
22.0728,166756
22.0769,167908
22.0810,168408
22.0851,167895
22.0892,167634
22.0932,167026
22.0973,168195
22.1013,168453
22.1055,167679
22.1096,167796
22.1138,167137
22.1178,168663
22.1219,168115
22.1260,167784
22.1301,168023
22.1342,167310
22.1383,168291
22.1424,167439
22.1464,167774
22.1506,167842
22.1546,166996
22.1587,168420
22.1629,167560
22.1670,168305
22.1712,168193
22.1751,166957
22.1792,168947
22.1833,167627
22.1875,168624
22.1917,168123
22.1958,167213
22.1959,168930
22.1997,167007
22.2038,168056
22.2079,168178
22.2120,167431
22.2161,168265
22.2202,167403
22.2243,167676
22.2284,168200
22.2325,167762
22.2366,168739
22.2407,166573
22.2449,168144
22.2489,168239
22.2530,167862
22.2571,168413
22.2612,166858
22.2653,167969
22.2694,168652
22.2735,167300
22.2776,168470
22.2816,167179
22.2858,168140
22.2899,168096
22.2940,167772
22.2980,168955
22.3021,167080
22.3062,167885
22.3103,168816
22.3145,167328
22.3187,168123
22.3228,167558
22.3228,168297
22.3268,167954
22.3308,168358
22.3349,167814
22.3391,167186
22.3431,167897
22.3472,168184
22.3513,167613
22.3554,167870
22.3595,167734
22.3636,168290
22.3677,168140
22.3718,168048
22.3759,168203
22.3800,166938
22.3840,168058
22.3882,167860
22.3922,168131
22.3964,167798
22.4004,166966
22.4045,167599
22.4086,167895
22.4128,168367
22.4168,168001
22.4209,166925
22.4251,167677
22.4290,167541
22.4331,168187
22.4373,167740
22.4414,167330
22.4457,167798
22.4497,168252
22.4498,168017
22.4537,167529
22.4577,167428
22.4619,167636
22.4660,167591
22.4700,167879
22.4741,166943
22.4782,167090
22.4823,168018
22.4865,167793
22.4906,168056
22.4947,167354
22.4988,167689
22.5028,168271
22.5070,168022
22.5110,168089
22.5151,167302
22.5194,167489
22.5234,167624
22.5273,167961
22.5314,167985
22.5355,167180
22.5396,167570
22.5437,167919
22.5478,168277
22.5519,168057
22.5560,167318
22.5601,168146
22.5642,168052
22.5683,167896
22.5728,167977
22.5768,167071
22.5769,168338
22.5807,167974
22.5848,167803
22.5889,167764
22.5930,167009
22.5971,168758
22.6010,167687
22.6053,168391
22.6093,167966
22.6134,167148
22.6175,168987
22.6216,167066
22.6256,167343
22.6297,168100
22.6338,167103
22.6379,168726
22.6420,167537
22.6461,167596
22.6502,168168
22.6543,167088
22.6584,168609
22.6625,167337
22.6666,168076
22.6707,167523
22.6748,167034
22.6789,169202
22.6829,166795
22.6871,168050
22.6913,167835
22.6954,167372
22.6998,168259
22.7036,167253
22.7079,168139
22.7080,167612
22.7118,167287
22.7159,168481
22.7198,166676
22.7240,167842
22.7280,167617
22.7321,167153
22.7362,168301
22.7404,166464
22.7445,167604
22.7486,167850
22.7527,167260
22.7568,168559
22.7609,166831
22.7650,168185
22.7691,168258
22.7732,167236
22.7773,168312
22.7813,166219
22.7855,168021
22.7895,168205
22.7936,167766
22.7978,168442
22.8018,166783
22.8059,167676
22.8100,167899
22.8142,167364
22.8182,167997
22.8223,166887
22.8264,167603
22.8305,168362
22.8306,167960
22.8346,168587
22.8386,167283
22.8427,168595
22.8468,168646
22.8509,167699
22.8551,168473
22.8591,166817
22.8633,168161
22.8674,167923
22.8716,167981
22.8757,167818
22.8797,166850
22.8838,167684
22.8878,167823
22.8919,168315
22.8961,167775
22.9001,167478
22.9043,168129
22.9082,167776
22.9124,168101
22.9167,168019
22.9207,167238
22.9250,168082
22.9288,167915
22.9329,167840
22.9369,167906
22.9410,167388
22.9451,167692
22.9492,168187
22.9536,168102
22.9577,167525
22.9616,167469
22.9617,167829
22.9657,167894
22.9697,168024
22.9738,167400
22.9779,167675
22.9820,168148
22.9862,168097
22.9905,167968
22.9953,167607
22.9988,168132
23.0029,168280
23.0065,167913
23.0123,167623
23.0151,167402
23.0196,168374
23.0229,168266
23.0271,167852
23.0316,168103
23.0352,167259
23.0393,167833
23.0434,167857
23.0481,167900
23.0524,167670
23.0557,167226
23.0599,168051
23.0639,167808
23.0680,167635
23.0725,167857
23.0768,167195
23.0807,168274
23.0844,167664
23.0884,167702
23.0885,168147
23.0926,166373
23.0971,168246
23.1013,167488
23.1050,167633
23.1091,167929
23.1137,166559
23.1171,168622
23.1212,167693
23.1253,168156
23.1294,168422
23.1342,167127
23.1378,168653
23.1419,167087
23.1465,168070
23.1500,167960
23.1540,167310
23.1581,168397
23.1626,167393
23.1670,167639
23.1704,167704
23.1745,167106
23.1791,168973
23.1827,166449
23.1868,168451
23.1909,167854
23.1953,167184
23.1991,168716
23.2032,167133
23.2074,168269
23.2120,167863
23.2155,167246
23.2156,168359
23.2196,166518
23.2236,167922
23.2292,168265
23.2326,167034
23.2359,168522
23.2400,166994
23.2458,167723
23.2482,167794
23.2529,167534
23.2564,168619
23.2623,167262
23.2651,168031
23.2688,167081
23.2729,167235
23.2769,168076
23.2816,167146
23.2851,168180
23.2892,168243
23.2933,167829
23.2986,168025
23.3021,166570
23.3055,167608
23.3097,168219
23.3140,167597
23.3179,168036
23.3220,167059
23.3261,168671
23.3306,167900
23.3344,167494
23.3385,168563
23.3424,167170
23.3425,168093
23.3467,167907
23.3507,168028
23.3547,168129
23.3590,167086
23.3639,168282
23.3677,168079
23.3711,167963
23.3752,167507
23.3801,166622
23.3840,168311
23.3877,167558
23.3917,167995
23.3965,167794
23.4006,167249
23.4038,167707
23.4079,167876
23.4123,168079
23.4168,167556
23.4203,167743
23.4244,168171
23.4290,168349
23.4335,167986
23.4369,168023
23.4408,167146
23.4460,168503
23.4496,168128
23.4532,167481
23.4571,167513
23.4620,167229
23.4654,168023
23.4697,168001
23.4698,168221
23.4735,167803
23.4800,167635
23.4817,167856
23.4861,168336
23.4899,167840
23.4943,167013
23.4981,167492
23.5022,167899
23.5062,167668
23.5119,168149
23.5150,167115
23.5189,167843
23.5226,168303
23.5268,167329
23.5309,168100
23.5360,166784
23.5391,168105
23.5431,167917
23.5484,168139
23.5517,167730
23.5554,166702
23.5595,168324
23.5638,167882
23.5685,167858
23.5719,167886
23.5760,167105
23.5804,168103
23.5844,166808
23.5883,168009
23.5925,167872
23.5965,166493
23.5972,168692
23.6012,167004
23.6048,167824
23.6087,167884
23.6134,167228
23.6176,168450
23.6210,167553
23.6251,168212
23.6292,167765
23.6339,167107
23.6373,168653
23.6414,167670
23.6458,167816
23.6502,167766
23.6537,167199
23.6578,167943
23.6623,167222
23.6665,168325
23.6701,168100
23.6742,166921
23.6792,168738
23.6831,167208
23.6869,168096
23.6906,168253
23.6957,167096
23.6987,168432
23.7028,166553
23.7069,168327
23.7120,167643
23.7154,167489
23.7194,168499
23.7234,166615
23.7235,168664
23.7297,168016
23.7321,167599
23.7356,168557
23.7397,167195
23.7459,168257
23.7479,167559
23.7520,167590
23.7561,168562
23.7620,166864
23.7644,168031
23.7684,167426
23.7725,167747
23.7766,168179
23.7815,166986
23.7848,167790
23.7888,168248
23.7930,167904
23.7978,168659
23.8012,167052
23.8053,168838
23.8094,168570
23.8141,167817
23.8178,168111
23.8216,167314
23.8258,168256
23.8305,168140
23.8339,167738
23.8386,168150
23.8422,166988
23.8465,167553
23.8503,168357
23.8504,168246
23.8544,168530
23.8585,167506
23.8634,168303
23.8667,168950
23.8707,168200
23.8749,168266
23.8795,167100
23.8831,168242
23.8872,167765
23.8913,168140
23.8956,168683
23.9000,167107
23.9037,168039
23.9078,168206
23.9126,168434
23.9161,167874
23.9200,167661
23.9240,168084
23.9291,168584
23.9326,168183
23.9363,167745
23.9404,167237
23.9453,168508
23.9499,168588
23.9527,168171
23.9568,167494
23.9617,167810
23.9658,168293
23.9691,168258
23.9734,168670
23.9784,167262
23.9790,168128
23.9818,168479
23.9855,168180
23.9896,168137
23.9953,167505
23.9985,168209
24.0018,167807
24.0060,168325
24.0101,168403
24.0146,167932
24.0183,168051
24.0223,168386
24.0264,168639
24.0307,168348
24.0346,167502
24.0387,168548
24.0428,167769
24.0475,168299
24.0510,168265
24.0551,166892
24.0592,168498
24.0639,167731
24.0675,168859
24.0716,168271
24.0757,167586
24.0797,168841
24.0846,167725
24.0879,168495
24.0920,168156
24.0961,167062
24.1003,168934
24.1043,167729
24.1044,168260
24.1084,168432
24.1129,167032
24.1168,169136
24.1207,167632
24.1247,168354
24.1293,168303
24.1330,167930
24.1382,169000
24.1411,167269
24.1464,168158
24.1493,167906
24.1534,167260
24.1575,169213
24.1624,167154
24.1658,168497
24.1698,168628
24.1739,167188
24.1785,168939
24.1821,167269
24.1862,168437
24.1903,168374
24.1958,167685
24.1988,168653
24.2026,166950
24.2067,168262
24.2125,168387
24.2158,167328
24.2190,168824
24.2231,167050
24.2284,167802
24.2315,168338
24.2317,167538
24.2353,168489
24.2394,167209
24.2436,168026
24.2476,168175
24.2517,167929
24.2558,168454
24.2600,167385
24.2641,167635
24.2681,168220
24.2722,167654
24.2763,168072
24.2805,167646
24.2844,168071
24.2885,168205
24.2927,168081
24.2975,168367
24.3009,167442
24.3049,168208
24.3090,168185
24.3135,168026
24.3172,167833
24.3213,167109
24.3254,168792
24.3299,168346
24.3336,167734
24.3377,168356
24.3418,167254
24.3461,168373
24.3500,168386
24.3543,168308
24.3582,168775
24.3583,167627
24.3628,168376
24.3664,167956
24.3705,167810
24.3746,168399
24.3788,167333
24.3836,168515
24.3869,168000
24.3909,168350
24.3967,167987
24.3997,168059
24.4032,168319
24.4073,168701
24.4122,168615
24.4159,168041
24.4198,167798
24.4238,168559
24.4280,168228
24.4327,167941
24.4360,167349
24.4401,167987
24.4446,168361
24.4492,168709
24.4527,168482
24.4565,168110
24.4624,167879
24.4654,168480
24.4688,168053
24.4729,168096
24.4784,167593
24.4813,167474
24.4853,169018
24.4893,168285
24.4894,167852
24.4951,167332
24.4978,168201
24.5016,168534
24.5057,168150
24.5098,168549
24.5148,167416
24.5179,168495
24.5220,167948
24.5262,168351
24.5309,168240
24.5344,167408
24.5384,168522
24.5425,168320
24.5478,168238
24.5510,168132
24.5548,167116
24.5589,168393
24.5639,168179
24.5678,167985
24.5712,168312
24.5753,167168
24.5810,168566
24.5837,167315
24.5885,167892
24.5918,168062
24.5963,167632
24.6001,168616
24.6039,167492
24.6081,168169
24.6126,168136
24.6163,167408
24.6163,168450
24.6203,167131
24.6245,168315
24.6295,168014
24.6333,167372
24.6367,168757
24.6408,167057
24.6453,168132
24.6493,167521
24.6531,167640
24.6572,169049
24.6614,166990
24.6654,168784
24.6695,168541
24.6736,167139
24.6788,168403
24.6822,167274
24.6860,167960
24.6900,167753
24.6947,167810
24.6988,168750
24.7022,167153
24.7063,168512
24.7114,168146
24.7153,167588
24.7186,168675
24.7227,167000
24.7281,167876
24.7312,168361
24.7352,167524
24.7393,168889
24.7433,167237
24.7456,168218
24.7481,167944
24.7515,167914
24.7556,168628
24.7613,167582
24.7637,168079
24.7678,168334
24.7719,167658
24.7760,168253
24.7806,166964
24.7847,167476
24.7883,167831
24.7924,168164
24.7969,168404
24.8007,167693
24.8047,168144
24.8088,168003
24.8130,168316
24.8174,168238
24.8210,167293
24.8253,168912
24.8298,168256
24.8337,167771
24.8374,168413
24.8415,167316
24.8464,167722
24.8497,168016
24.8538,168004
24.8580,167605
24.8623,166977
24.8664,168050
24.8704,168197
24.8705,168519
24.8743,167770
24.8790,167425
24.8825,168084
24.8865,168167
24.8907,168144
24.8957,167521
24.8990,167669
24.9030,168408
24.9070,168350
24.9113,167873
24.9157,167776
24.9193,167518
24.9234,168236
24.9290,168556
24.9319,168530
24.9357,167909
24.9398,168180
24.9444,168688
24.9481,168753
24.9522,167927
24.9562,168014
24.9620,167564
24.9650,168291
24.9685,168160
24.9725,168095
24.9785,167385
24.9813,168390
24.9849,168516
24.9890,168173
24.9946,167985
24.9971,166935
24.9973,167879
25.0012,168449
25.0053,168978
25.0094,168459
25.0139,167387
25.0176,167994
25.0217,167772
25.0259,167972
25.0300,167828
25.0343,167414
25.0381,168615
25.0422,167491
25.0464,168510
25.0514,167968
25.0545,166959
25.0587,168083
25.0633,167852
25.0670,167823
25.0710,168695
25.0751,167371
25.0799,168654
25.0832,167352
25.0872,168058
25.0914,168042
25.0962,167478
25.1004,168877
25.1036,166893
25.1078,167994
25.1121,168321
25.1161,166999
25.1202,168656
25.1241,167223
25.1242,168638
25.1294,167999
25.1323,167280
25.1364,169047
25.1405,166863
25.1458,168432
25.1487,168338
25.1528,167294
25.1569,168570
25.1615,167631
25.1657,168118
25.1692,167663
25.1733,167460
25.1792,168760
25.1820,167136
25.1856,168051
25.1897,168065
25.1941,167276
25.1979,168582
25.2020,167414
25.2061,168258
25.2112,168137
25.2144,167686
25.2183,168554
25.2224,167233
25.2266,168200
25.2312,168313
25.2347,167782
25.2388,168913
25.2445,167173
25.2474,167775
25.2512,168147
25.2513,168243
25.2552,168217
25.2595,167210
25.2637,167918
25.2675,168623
25.2715,167715
25.2757,168334
25.2801,166999
25.2839,168717
25.2880,168271
25.2921,167939
25.2968,168076
25.3004,167358
25.3047,168089
25.3086,167911
25.3127,168027
25.3170,168082
25.3207,166812
25.3249,168059
25.3294,168300
25.3335,167812
25.3371,168303
25.3414,167895
25.3459,167697
25.3505,168309
25.3536,168526
25.3578,168160
25.3632,167350
25.3659,168247
25.3699,168353
25.3741,168323
25.3782,167841
25.3786,167513
25.3828,168721
25.3863,167380
25.3903,168538
25.3950,167758
25.3992,167511
25.4028,168109
25.4068,168047
25.4124,168101
25.4149,168036
25.4191,167869
25.4232,168070
25.4283,168278
25.4319,168182
25.4355,167086
25.4396,167802
25.4441,168152
25.4483,168158
25.4519,167947
25.4559,167462
25.4610,167835
25.4646,167798
25.4682,168423
25.4722,167699
25.4781,166525
25.4813,167847
25.4845,167964
25.4887,167925
25.4941,168205
25.4974,166686
25.5011,168279
25.5052,168022
25.5052,167932
25.5107,168374
25.5139,166940
25.5176,168361
25.5214,167665
25.5258,168066
25.5298,168125
25.5345,167419
25.5379,168903
25.5420,167920
25.5467,167622
25.5501,168228
25.5542,167493
25.5584,168424
25.5625,167861
25.5669,168565
25.5705,167931
25.5748,166930
25.5793,168440
25.5828,167472
25.5869,168259
25.5911,168059
25.5951,167288
25.5997,168496
25.6033,167411
25.6075,168072
25.6122,168031
25.6166,167311
25.6198,168629
25.6239,167503
25.6285,167885
25.6320,168515
25.6321,166980
25.6361,168591
25.6402,166764
25.6448,168344
25.6484,168130
25.6525,167420
25.6566,168671
25.6613,166886
25.6648,168741
25.6690,168134
25.6730,167865
25.6785,168904
25.6811,167053
25.6852,168134
25.6893,167807
25.6944,167458
25.6975,168623
25.7017,166926
25.7057,168246
25.7114,167940
25.7142,167508
25.7181,168561
25.7221,167468
25.7274,168226
25.7313,167849
25.7345,167876
25.7386,168567
25.7426,167139
25.7480,168593
25.7508,167936
25.7551,168016
25.7605,168119
25.7631,167559
25.7640,168480
25.7672,167906
25.7712,168235
25.7754,167888
25.7801,167505
25.7836,168510
25.7877,168285
25.7918,168376
25.7964,167938
25.8005,167554
25.8040,168166
25.8081,167894
25.8129,168498
25.8163,168368
25.8204,167542
25.8246,168718
25.8287,167883
25.8328,168453
25.8368,167867
25.8409,167849
25.8457,168175
25.8491,168423
25.8532,168274
25.8574,167924
25.8617,167951
25.8655,168242
25.8696,168323
25.8737,168328
25.8781,167711
25.8820,167749
25.8862,168573
25.8863,168022
25.8900,168388
25.8950,167647
25.8982,167646
25.9023,168154
25.9064,168084
25.9106,168283
25.9147,167161
25.9187,168025
25.9228,167802
25.9273,168018
25.9310,168394
25.9351,167686
25.9392,167872
25.9439,167580
25.9474,167857
25.9514,168190
25.9555,167216
25.9606,167779
25.9638,168113
25.9679,167814
25.9720,168201
25.9778,167178
25.9803,168249
25.9842,168159
25.9883,168083
25.9957,168385
25.9965,166551
26.0006,169029
26.0047,168522
26.0094,168508
26.0129,167571
26.0171,167297
26.0172,168749
26.0211,167972
26.0256,168139
26.0295,168025
26.0335,167324
26.0375,168695
26.0417,167489
26.0460,168130
26.0498,168323
26.0539,166883
26.0580,168736
26.0625,167599
26.0665,168145
26.0703,168228
26.0744,167373
26.0786,168719
26.0832,167078
26.0867,168017
26.0908,168149
26.0952,166975
26.0989,168525
26.1030,167256
26.1072,168037
26.1117,168083
26.1153,167492
26.1194,168398
26.1235,167477
26.1282,168280
26.1318,167702
26.1360,167293
26.1399,168416
26.1440,167212
26.1444,168197
26.1485,168201
26.1522,166949
26.1562,168995
26.1610,167179
26.1645,167798
26.1685,167917
26.1727,168169
26.1775,168527
26.1808,167386
26.1849,167776
26.1890,167909
26.1939,167747
26.1972,168611
26.2013,167510
26.2054,168063
26.2120,168245
26.2136,168124
26.2177,169119
26.2218,166442
26.2288,168323
26.2300,168227
26.2341,167745
26.2382,168704
26.2425,167244
26.2468,168373
26.2505,168023
26.2545,167822
26.2587,168302
26.2631,167241
26.2672,168219
26.2712,168515
26.2713,167921
26.2761,168759
26.2797,167060
26.2833,167986
26.2873,168306
26.2914,168653
26.2960,168038
26.2997,167209
26.3037,168566
26.3078,167770
26.3127,168244
26.3160,168165
26.3201,167389
26.3242,167708
26.3294,167831
26.3324,168427
26.3365,168236
26.3406,167457
26.3455,168242
26.3488,168293
26.3528,168311
26.3572,167525
26.3612,168052
26.3652,168287
26.3692,168169
26.3733,168144
26.3775,167809
26.3816,167814
26.3858,168275
26.3898,168236
26.3944,168134
26.3980,167312
26.3981,168027
26.4020,168199
26.4061,167777
26.4120,168410
26.4149,167467
26.4184,167982
26.4225,168054
26.4274,168344
26.4312,167914
26.4348,167650
26.4389,168209
26.4439,168126
26.4472,168058
26.4511,167949
26.4552,167486
26.4602,167991
26.4636,168360
26.4676,168609
26.4717,168295
26.4772,167648
26.4799,168647
26.4840,168163
26.4880,168361
26.4922,168463
26.4964,167141
26.5003,169048
26.5044,168383
26.5086,168229
26.5130,168179
26.5167,167136
26.5210,168763
26.5250,167675
26.5251,168223
26.5297,168368
26.5331,167229
26.5372,168969
26.5413,167668
26.5458,168100
26.5499,168583
26.5537,167086
26.5578,168594
26.5622,167489
26.5659,168291
26.5699,168317
26.5742,166867
26.5785,168703
26.5826,166902
26.5864,167794
26.5905,168059
26.5958,167637
26.5988,168774
26.6028,167219
26.6069,168464
26.6117,168042
26.6155,166967
26.6191,168741
26.6233,166989
26.6277,167922
26.6321,168715
26.6355,166742
26.6396,168824
26.6437,167130
26.6479,167957
26.6520,167950
26.6521,167472
26.6560,168915
26.6626,166881
26.6649,168206
26.6683,167907
26.6723,167174
26.6771,168826
26.6810,167688
26.6849,168102
26.6888,168044
26.6936,167435
26.6974,169000
26.7010,166881
26.7051,168512
26.7104,168279
26.7133,167596
26.7174,168035
26.7215,167209
26.7285,168392
26.7306,168273
26.7338,167204
26.7379,167947
26.7434,167657
26.7465,167823
26.7502,167899
26.7542,168200
26.7605,168405
26.7626,166838
26.7666,167714
26.7707,168350
26.7765,168055
26.7793,168560
26.7794,167434
26.7829,167784
26.7870,168274
26.7911,167863
26.7955,167908
26.7993,167147
26.8034,168267
26.8076,167983
26.8119,167278
26.8157,167973
26.8198,167323
26.8239,168051
26.8294,168225
26.8321,168009
26.8362,168103
26.8403,167189
26.8444,167619
26.8485,168478
26.8526,168134
26.8567,168112
26.8608,167701
26.8653,168594
26.8690,168084
26.8731,168776
26.8774,167504
26.8814,167409
26.8853,168037
26.8894,168315
26.8941,168601
26.8981,167570
26.9019,168075
26.9060,168073
26.9105,168497
26.9113,168444
26.9142,167113
26.9181,167747
26.9222,168094
26.9283,168147
26.9315,167547
26.9345,167145
26.9386,167879
26.9446,167949
26.9476,167836
26.9508,168277
26.9549,167062
26.9600,168742
26.9635,167699
26.9675,168377
26.9713,168668
26.9770,166942
26.9798,168179
26.9837,167727
26.9878,167832
26.9935,168063
26.9961,167045
27.0000,168623
27.0041,167531
27.0098,168230
27.0124,167719
27.0169,167833
27.0205,169207
27.0246,167973
27.0288,168330
27.0329,168313
27.0371,167337
27.0372,168745
27.0410,167349
27.0459,167903
27.0492,167886
27.0532,167351
27.0574,168871
27.0616,167460
27.0655,167929
27.0697,168332
27.0738,167317
27.0787,168941
27.0820,167615
27.0862,168011
27.0902,167942
27.0948,167351
27.0986,168751
27.1024,167047
27.1065,168232
27.1117,167842
27.1148,167227
27.1188,168750
27.1229,166762
27.1275,167760
27.1319,168259
27.1352,167963
27.1393,168565
27.1441,167396
27.1482,167662
27.1517,168203
27.1558,167476
27.1605,168892
27.1639,167630
27.1640,167505
27.1680,167892
27.1720,167354
27.1770,168577
27.1807,166982
27.1843,168277
27.1884,167864
27.1933,167512
27.1973,168427
27.2008,167071
27.2049,167519
27.2106,168367
27.2134,168027
27.2171,168259
27.2216,166834
27.2274,168099
27.2295,167665
27.2340,167849
27.2376,167829
27.2435,167251
27.2464,168209
27.2501,167901
27.2539,167835
27.2600,168589
27.2622,167143
27.2666,168499
27.2711,167714
27.2766,168290
27.2790,168047
27.2828,167449
27.2868,168272
27.2909,167941
27.2910,167859
27.2953,167858
27.2994,167310
27.3031,168179
27.3073,168206
27.3122,168215
27.3157,167113
27.3199,167421
27.3236,168234
27.3281,167842
27.3318,167861
27.3360,168136
27.3400,167056
27.3443,167874
27.3487,168099
27.3525,168299
27.3565,167554
27.3608,167700
27.3653,167972
27.3690,168097
27.3728,168261
27.3778,167246
27.3817,167837
27.3850,167836
27.3891,167937
27.3936,168332
27.3978,167171
27.4014,167977
27.4055,168153
27.4100,168182
27.4138,167867
27.4179,167101
27.4180,167672
27.4219,168344
27.4280,167661
27.4301,167882
27.4342,167190
27.4383,168132
27.4440,167797
27.4467,168378
27.4506,167907
27.4547,167445
27.4596,168751
27.4630,168402
27.4669,168129
27.4710,167905
27.4767,167309
27.4793,168219
27.4833,167680
27.4874,167964
27.4940,167591
27.4959,167030
27.4997,168914
27.5038,167772
27.5085,167868
27.5124,168098
27.5161,167257
27.5202,168249
27.5247,167429
27.5289,168012
27.5326,168103
27.5367,167598
27.5409,168953
27.5451,167470
27.5455,168367
27.5489,168066
27.5529,167320
27.5572,168575
27.5619,166986
27.5654,167645
27.5694,168088
27.5735,167367
27.5778,168758
27.5817,167045
27.5857,168292
27.5898,167998
27.5945,167382
27.5981,168805
27.6021,167499
27.6063,167817
27.6110,168261
27.6144,167423
27.6185,168817
27.6226,167048
27.6267,168036
27.6308,167761
27.6349,167934
27.6389,168338
27.6432,167265
27.6472,167849
27.6512,168497
27.6553,167337
27.6603,169101
27.6637,167112
27.6678,168556
27.6717,168163
27.6718,167458
27.6762,168722
27.6803,167041
27.6840,168216
27.6881,168360
27.6937,167908
27.6970,167888
27.7004,167167
27.7045,168175
27.7100,168220
27.7129,168214
27.7168,168930
27.7209,167304
27.7263,167730
27.7291,168261
27.7335,167939
27.7373,168631
27.7430,167584
27.7460,167717
27.7495,168290
27.7537,168141
27.7599,167783
27.7623,167391
27.7663,168423
27.7701,167977
27.7742,167782
27.7786,168258
27.7824,167018
27.7865,168489
27.7906,168202
27.7954,168150
27.7988,168512
27.7989,167440
27.8028,168427
27.8069,168330
27.8120,167789
27.8151,168165
27.8192,167716
27.8233,167727
27.8278,168320
27.8315,168075
27.8356,167029
27.8397,167950
27.8440,167783
27.8480,167949
27.8520,168072
27.8562,167855
27.8607,168154
27.8642,168140
27.8683,167559
27.8724,167557
27.8767,166444
27.8807,168094
27.8847,168302
27.8888,167655
27.8939,168198
27.8971,167559
27.9012,168203
27.9052,168065
27.9095,168360
27.9142,167763
27.9175,167537
27.9217,168381
27.9258,168403
27.9267,167898
27.9306,167360
27.9339,167181
27.9379,168991
27.9426,168162
27.9468,168091
27.9508,168166
27.9544,167794
27.9599,168313
27.9629,167852
27.9667,168309
27.9707,168345
27.9770,166819
27.9796,168651
27.9831,167868
27.9871,168095
27.9931,168230
27.9956,166865
28.0001,168736
28.0035,167661
28.0076,168374
28.0124,168118
28.0165,166994
28.0199,168623
28.0240,167637
28.0286,168201
28.0325,168150
28.0363,167351
28.0404,168758
28.0450,167409
28.0486,168140
28.0527,167710
28.0527,167354
28.0568,168818
28.0612,167230
28.0649,167909
28.0691,168060
28.0732,167620
28.0783,168681
28.0813,167653
28.0854,168085
28.0896,168061
28.0943,168022
28.0977,168355
28.1018,166950
28.1060,168104
28.1106,168178
28.1146,166996
28.1187,168884
28.1223,167127
28.1264,168584
28.1307,167896
28.1349,167593
28.1387,168724
28.1429,167319
28.1470,168213
28.1519,167796
28.1550,168230
28.1604,168467
28.1639,167068
28.1674,168246
28.1715,167960
28.1760,167986
28.1798,168227
28.1799,167466
28.1837,168406
28.1878,168465
28.1933,167807
28.1962,168764
28.2007,167108
28.2042,168114
28.2100,168070
28.2133,168222
28.2173,168197
28.2206,167116
28.2262,168261
28.2293,168087
28.2336,168217
28.2370,168333
28.2427,167938
28.2457,167956
28.2498,168074
28.2534,168218
28.2590,167957
28.2617,167327
28.2658,168050
28.2701,168448
28.2738,168287
28.2780,168363
28.2830,167386
28.2864,168170
28.2903,168602
28.2952,168524
28.2990,168277
28.3026,167645
28.3067,168426
28.3108,167908
28.3109,168062
28.3148,167831
28.3188,167539
28.3230,169010
28.3273,168222
28.3315,168368
28.3354,167571
28.3394,167669
28.3444,168619
28.3478,168131
28.3517,168191
28.3558,167704
28.3602,167779
28.3649,168722
28.3681,168308
28.3722,168471
28.3764,167355
28.3809,168547
28.3850,168148
28.3885,168615
28.3931,167968
28.3973,167500
28.4012,168614
28.4049,168610
28.4100,167937
28.4133,168253
28.4175,166907
28.4213,168399
28.4259,168006
28.4295,168193
28.4337,168061
28.4376,167342
28.4377,168425
28.4422,168204
28.4469,168581
28.4499,168250
28.4540,167010
28.4597,168601
28.4627,167755
28.4663,168130
28.4704,168641
28.4760,167556
28.4792,169123
28.4831,168597
28.4868,168317
28.4924,168592
28.4956,167520
28.4992,168863
28.5032,167399
28.5073,168557
28.5121,168233
28.5159,168249
28.5196,169056
28.5237,167973
28.5286,168024
28.5319,168239
28.5360,167369
28.5401,168855
28.5446,167763
28.5489,168296
28.5523,168635
28.5566,167771
28.5606,168647
28.5646,166876
28.5648,168576
28.5687,168649
28.5729,167886
28.5774,168834
28.5816,167554
28.5852,168394
28.5894,168654
28.5940,167491
28.5975,168720
28.6016,167356
28.6056,168038
28.6104,168321
28.6144,167744
28.6179,168217
28.6220,167926
28.6269,168549
28.6307,167819
28.6344,167516
28.6385,169198
28.6429,167446
28.6476,168801
28.6507,167843
28.6547,167859
28.6588,168678
28.6636,167660
28.6675,168525
28.6712,168753
28.6758,168123
28.6800,168397
28.6834,167547
28.6878,167741
28.6919,168778
28.6926,168473
28.6962,168424
28.7004,167617
28.7039,168245
28.7101,168900
28.7125,168480
28.7165,168499
28.7203,167162
28.7259,168540
28.7289,168525
28.7330,168606
28.7368,168463
28.7413,167363
28.7451,168667
28.7493,168472
28.7530,168435
28.7571,168065
28.7623,167949
28.7654,168356
28.7694,168268
28.7739,168285
28.7779,168315
28.7818,167466
28.7858,168168
28.7900,168147
28.7949,168173
28.7988,168183
28.8022,167882
28.8064,168699
28.8105,168062
28.8147,168197
28.8186,168286
28.8186,168233
28.8227,168393
28.8276,168070
28.8313,168202
28.8350,168287
28.8391,168517
28.8442,168735
28.8476,168560
28.8514,167799
28.8555,167556
28.8606,168215
28.8638,168185
28.8678,168517
28.8719,168361
28.8766,167734
28.8804,168661
28.8841,168437
28.8882,168332
28.8926,168563
28.8969,167095
28.9005,168553
28.9046,167975
28.9093,168698
28.9136,168213
28.9169,167923
28.9210,168725
28.9256,168294
28.9296,168118
28.9333,168429
28.9374,167055
28.9425,168694
28.9456,168201
28.9457,168254
28.9496,167928
28.9538,167385
28.9586,168104
28.9623,168241
28.9661,168205
28.9702,168627
28.9752,167224
28.9790,168929
28.9824,168386
28.9865,168425
28.9907,168135
28.9955,167289
28.9988,169005
29.0029,167460
29.0070,168300
29.0123,168200
29.0153,167031
29.0194,168732
29.0234,167502
29.0283,168104
29.0316,168399
29.0357,167614
29.0398,168635
29.0443,167321
29.0490,168452
29.0520,168498
29.0561,167291
29.0610,168790
29.0645,167769
29.0685,168502
29.0727,168759
29.0767,167529
29.0771,169055
29.0808,167426
29.0848,168410
29.0889,168319
29.0937,167568
29.0973,169150
29.1012,167307
29.1054,168756
29.1098,168837
29.1144,167986
29.1177,169047
29.1218,167234
29.1260,168098
29.1305,168540
29.1339,167325
29.1380,168590
29.1427,167541
29.1472,168196
29.1503,168434
29.1544,168104
29.1588,168748
29.1628,166952
29.1667,168572
29.1708,168226
29.1754,168214
29.1791,168772
29.1832,167129
29.1872,168096
29.1934,168426
29.1955,168071
29.1996,168583
29.2036,167250
29.2037,168193
29.2103,168387
29.2121,167717
29.2161,168321
29.2200,167025
29.2244,168351
29.2288,168244
29.2323,168965
29.2364,168228
29.2427,167302
29.2447,168317
29.2488,168030
29.2529,168895
29.2569,167833
29.2610,167332
29.2650,168192
29.2691,168412
29.2732,168409
29.2777,167952
29.2815,166999
29.2858,167790
29.2897,168065
29.2944,168742
29.2978,167998
29.3019,168006
29.3060,168716
29.3109,168658
29.3142,168030
29.3183,168063
29.3226,167803
29.3265,168555
29.3305,168639
29.3306,168412
29.3346,167812
29.3388,167996
29.3431,168334
29.3472,168591
29.3510,168801
29.3551,167558
29.3603,168043
29.3633,168523
29.3674,167883
29.3715,168199
29.3758,167534
29.3797,168768
29.3838,168288
29.3879,168375
29.3924,168499
29.3961,167781
29.4002,168351
29.4043,168566
29.4090,168389
29.4127,168665
29.4168,167480
29.4207,169320
29.4250,168339
29.4296,168235
29.4329,167909
29.4371,167425
29.4421,168746
29.4463,168255
29.4495,168571
29.4536,167932
29.4584,167588
29.4590,169069
29.4624,168032
29.4665,168428
29.4698,168664
29.4752,167402
29.4787,169150
29.4826,167637
29.4864,168033
29.4921,168462
29.4944,167451
29.4996,169388
29.5027,167799
29.5085,168990
29.5112,168448
29.5151,167961
29.5198,169301
29.5248,167235
29.5280,168527
29.5312,168359
29.5354,167240
29.5395,169034
29.5442,167301
29.5483,168668
29.5517,168263
29.5558,167508
29.5604,168793
29.5644,167345
29.5683,168285
29.5723,168510
29.5768,167675
29.5805,168506
29.5846,167545
29.5847,168403
29.5887,168645
29.5933,167721
29.5970,169189
29.6009,166831
29.6050,168074
29.6091,168445
29.6138,168341
29.6173,168925
29.6215,167085
29.6262,168698
29.6300,168499
29.6341,168043
29.6378,168521
29.6428,167594
29.6462,167882
29.6509,168774
29.6542,167981
29.6587,168644
29.6629,167328
29.6668,168667
29.6708,168420
29.6763,167715
29.6796,168698
29.6831,167546
29.6872,168273
29.6920,168334
29.6961,168631
29.6995,168251
29.7033,167690
29.7085,168147
29.7116,168865
29.7117,168055
29.7155,168893
29.7196,167672
29.7241,168817
29.7282,168684
29.7323,168422
29.7361,169005
29.7424,167621
29.7443,168339
29.7484,168624
29.7525,168256
29.7580,168832
29.7610,167698
29.7647,168757
29.7688,168532
29.7749,168356
29.7775,168030
29.7811,167841
29.7852,168888
29.7893,168464
29.7943,168418
29.7975,168247
29.8016,167664
29.8057,167816
29.8100,168507
29.8139,168526
29.8180,167688
29.8221,167847
29.8269,168747
29.8303,168852
29.8345,168456
29.8385,167887
29.8385,168188
29.8431,168018
29.8467,168770
29.8508,168310
29.8549,168147
29.8589,168436
29.8630,168548
29.8671,168270
29.8713,168333
29.8763,167446
29.8794,168404
29.8835,168603
29.8876,167879
29.8918,168364
29.8958,167246
29.8999,168299
29.9040,168628
29.9091,168760
29.9122,168309
29.9163,167180
29.9204,168802
29.9246,168418
29.9286,168485
29.9326,168404
29.9368,167388
29.9411,168680
29.9449,168907
29.9490,168547
29.9531,168452
29.9589,168072
29.9614,169198
29.9656,168037
29.9656,168623
29.9695,168093
29.9747,167669
29.9785,169084
29.9821,167584
29.9860,168325
29.9914,168219
29.9946,167461
29.9986,168975
30.0025,167698
30.0065,168830
30.0109,167997
30.0146,167778
30.0187,169337
30.0228,167477
30.0272,168339
30.0309,168550
30.0350,167683
30.0392,168780
30.0437,167616
30.0473,168333
30.0514,168370
30.0556,167589
30.0599,168632
30.0637,167568
30.0678,168578
30.0719,167864
30.0762,167781
30.0801,168953
30.0842,166865
30.0886,168845
30.0926,168405
30.0967,167823
30.0968,168853
30.1007,167273
30.1048,168504
30.1093,168496
30.1129,167775
30.1169,168972
30.1213,166955
30.1260,168388
30.1293,168371
30.1333,168107
30.1374,168771
30.1448,166754
30.1466,169005
30.1497,168514
30.1538,168079
30.1579,168416
30.1620,167425
30.1661,168098
30.1702,168373
30.1744,168236
30.1785,168752
30.1826,167113
30.1869,168497
30.1908,168022
30.1949,168566
30.1990,168354
30.2031,167224
30.2072,168386
30.2113,168268
30.2155,168467
30.2196,168347
30.2237,167205
30.2238,168449
30.2277,167838
30.2318,168445
30.2358,168040
30.2399,167751
30.2440,168578
30.2481,168357
30.2522,168437
30.2563,168307
30.2605,168157
30.2646,168696
30.2686,167929
30.2728,168454
30.2768,167846
30.2808,168136
30.2850,168708
30.2891,168950
30.2932,168337
30.2972,167986
30.3013,168014
30.3056,168317
30.3096,168031
30.3137,168144
30.3179,168080
30.3217,167743
30.3259,168787
30.3299,168508
30.3340,168491
30.3383,167222
30.3425,167801
30.3466,168119
30.3506,168118
30.3507,168777
30.3546,167142
30.3587,168402
30.3628,168230
30.3669,167845
30.3711,168345
30.3751,167435
30.3792,168242
30.3832,168401
30.3873,168455
30.3914,168288
30.3956,167311
30.3997,167907
30.4036,168112
30.4078,168198
30.4120,168104
30.4160,167444
30.4200,168601
30.4242,168197
30.4282,167975
30.4323,167889
30.4365,167301
30.4406,168676
30.4447,167981
30.4488,168400
30.4530,168460
30.4570,166916
30.4611,169304
30.4652,168085
30.4694,167896
30.4733,168469
30.4776,167742
30.4777,169248
30.4816,168499
30.4857,168445
30.4898,168110
30.4939,167430
30.4980,168942
30.5021,167530
30.5061,168428
30.5102,168431
30.5143,167467
30.5185,169039
30.5225,167080
30.5266,168234
30.5308,168391
30.5348,167469
30.5389,169334
30.5430,167381
30.5470,168234
30.5512,168637
30.5553,167375
30.5594,169768
30.5635,166506
30.5676,167963
30.5717,168316
30.5758,167872
30.5799,169303
30.5840,167274
30.5881,168523
30.5922,168729
30.5964,167930
30.6005,168981
30.6044,167467
30.6045,168268
30.6085,168299
30.6126,168200
30.6168,168315
30.6208,167393
30.6249,168534
30.6290,167983
30.6331,168111
30.6373,168702
30.6413,167262
30.6454,168551
30.6494,168169
30.6535,167557
30.6577,168281
30.6618,167685
30.6659,168123
30.6699,168505
30.6740,168353
30.6781,168542
30.6823,167190
30.6865,168257
30.6904,168106
30.6945,167866
30.6986,168626
30.7026,167665
30.7068,168793
30.7108,168109
30.7150,169038
30.7191,168007
30.7235,167136
30.7275,168887
30.7315,168027
30.7316,168699
30.7355,168356
30.7396,167836
30.7438,168401
30.7478,168390
30.7519,168700
30.7561,168065
30.7601,167697
30.7642,168838
30.7683,168411
30.7724,168274
30.7765,167837
30.7806,167694
30.7847,168159
30.7888,168926
30.7929,168702
30.7970,168184
30.8011,168373
30.8051,168139
30.8092,168644
30.8132,168548
30.8175,167577
30.8215,168425
30.8256,168165
30.8297,168286
30.8338,167868
30.8379,167795
30.8420,168568
30.8461,168263
30.8502,168578
30.8544,168399
30.8585,167525
30.8586,168577
30.8625,168413
30.8666,167986
30.8708,168631
30.8747,167221
30.8789,168802
30.8830,168490
30.8871,167998
30.8912,168417
30.8953,167127
30.8993,169162
30.9033,168192
30.9075,168830
30.9116,168579
30.9157,167302
30.9198,168588
30.9239,167655
30.9280,168472
30.9321,168246
30.9362,167815
30.9403,169486
30.9444,168060
30.9485,168232
30.9526,167791
30.9567,167941
30.9607,168885
30.9649,167752
30.9691,168478
30.9731,168213
30.9771,167564
30.9812,169168
30.9855,167520
30.9856,168484
30.9895,168127
30.9934,167434
30.9975,169272
31.0016,167280
31.0057,167943
31.0099,168315
31.0140,167728
31.0180,168968
31.0222,167829
31.0263,167881
31.0304,168706
31.0345,167458
31.0385,169468
31.0427,167673
31.0467,168628
31.0509,168302
31.0549,167529
31.0591,168600
31.0632,167414
31.0673,168308
31.0713,168679
31.0754,168141
31.0795,168891
31.0836,167386
31.0878,168131
31.0918,168117
31.0960,167320
31.1001,168583
31.1042,166969
31.1085,168218
31.1125,168417
31.1126,168241
31.1163,167940
31.1206,167558
31.1246,168283
31.1287,168519
31.1328,167984
31.1369,168775
31.1410,167712
31.1451,168229
31.1492,168012
31.1532,168482
31.1574,168704
31.1615,167669
31.1656,168117
31.1696,168468
31.1738,168641
31.1778,168530
31.1820,167127
31.1861,168317
31.1902,169264
31.1943,168195
31.1983,168202
31.2024,167845
31.2065,168237
31.2106,168006
31.2147,168274
31.2188,168536
31.2230,167837
31.2270,169070
31.2311,168533
31.2354,168548
31.2395,168170
31.2395,168079
31.2434,168352
31.2475,168372
31.2516,168529
31.2557,167380
31.2598,168061
31.2639,168290
31.2680,168329
31.2721,168534
31.2762,167639
31.2803,167433
31.2844,168551
31.2885,168570
31.2926,168258
31.2967,167365
31.3008,168052
31.3049,168815
31.3089,168262
31.3130,168614
31.3173,167207
31.3212,167925
31.3253,168805
31.3294,168107
31.3335,168485
31.3376,167235
31.3417,168553
31.3457,168693
31.3499,168141
31.3540,168763
31.3581,167415
31.3624,168713
31.3663,168209
31.3664,168535
31.3704,168934
31.3745,167110
31.3786,169027
31.3827,168205
31.3867,168789
31.3909,168630
31.3949,167410
31.3990,168916
31.4031,168206
31.4072,168860
31.4114,168318
31.4154,167175
31.4194,168528
31.4235,168057
31.4278,168892
31.4318,168496
31.4359,168011
31.4399,169104
31.4441,168031
31.4482,168278
31.4523,168532
31.4564,167533
31.4605,169285
31.4646,167351
31.4687,168285
31.4728,168664
31.4769,167643
31.4810,168794
31.4851,167020
31.4893,168691
31.4934,168206
31.4935,167510
31.4973,168666
31.5014,167492
31.5055,168326
31.5096,168253
31.5137,167606
31.5178,169009
31.5219,167118
31.5260,168711
31.5301,167854
31.5342,167750
31.5384,169100
31.5425,167447
31.5465,168382
31.5505,168651
31.5547,167261
31.5588,168987
31.5628,167383
31.5670,168585
31.5711,168726
31.5752,167759
31.5792,168453
31.5833,167608
31.5875,168497
31.5915,168322
31.5955,168058
31.5997,168625
31.6037,167600
31.6079,168478
31.6119,168458
31.6163,167850
31.6204,168405
31.6244,167867
31.6245,168078
31.6284,168033
31.6325,168055
31.6366,168266
31.6408,167704
31.6448,169127
31.6489,168205
31.6530,168359
31.6571,168801
31.6612,167965
31.6653,168822
31.6693,168402
31.6735,168746
31.6775,168619
31.6816,167951
31.6858,168179
31.6899,168514
31.6940,168736
31.6980,168284
31.7020,167979
31.7063,168635
31.7103,169142
31.7144,168505
31.7185,168372
31.7226,167752
31.7267,168806
31.7308,168685
31.7349,168416
31.7390,167793
31.7433,168324
31.7474,168680
31.7514,168600
31.7515,167820
31.7554,167670
31.7595,167392
31.7636,168777
31.7677,168494
31.7718,168771
31.7758,167377
31.7800,168052
31.7841,167849
31.7882,168378
31.7923,168060
31.7963,167924
31.8004,167975
31.8045,168623
31.8087,168728
31.8129,168642
31.8168,167315
31.8209,168124
31.8250,168620
31.8290,168579
31.8331,168495
31.8373,167276
31.8413,168342
31.8454,168377
31.8495,168881
31.8536,168097
31.8578,166944
31.8619,168587
31.8660,168389
31.8702,168211
31.8743,167750
31.8786,167428
31.8787,168957
31.8823,167904
31.8864,168364
31.8906,168311
31.8946,167410
31.8987,168676
31.9027,167983
31.9069,168315
31.9110,168357
31.9150,167552
31.9191,169098
31.9234,167711
31.9274,168795
31.9314,168692
31.9355,167622
31.9396,168332
31.9437,167686
31.9478,168756
31.9519,168575
31.9561,167557
31.9602,169074
31.9642,167348
31.9683,168550
31.9724,168176
31.9765,167470
31.9807,168791
31.9847,167231
31.9888,168219
31.9929,168167
31.9970,167571
32.0010,168898
32.0053,167288
32.0053,169206
32.0093,168245
32.0134,167230
32.0174,168528
32.0215,167248
32.0257,168447
32.0298,168759
32.0339,167926
32.0379,168724
32.0420,166984
32.0461,168812
32.0502,167926
32.0543,167770
32.0584,168553
32.0625,167455
32.0667,168320
32.0707,167889
32.0748,168198
32.0789,168514
32.0830,167097
32.0870,168246
32.0912,168702
32.0953,167367
32.0994,168595
32.1035,166894
32.1077,168617
32.1117,168298
32.1158,168009
32.1199,167784
32.1242,167105
32.1283,168387
32.1322,167968
32.1323,168173
32.1362,168501
32.1404,167513
32.1444,168396
32.1485,168605
32.1527,168151
32.1567,168069
32.1608,167648
32.1650,168071
32.1690,168269
32.1738,168231
32.1772,168218
32.1813,167459
32.1853,168689
32.1896,168386
32.1936,168017
32.1976,167956
32.2017,167836
32.2059,168396
32.2100,167769
32.2140,167957
32.2181,168061
32.2223,166964
32.2267,168431
32.2305,168181
32.2345,168511
32.2387,167668
32.2429,167693
32.2468,168364
32.2509,168088
32.2552,168159
32.2591,168011
32.2592,167979
32.2632,168676
32.2673,168341
32.2715,168071
32.2758,167578
32.2796,168012
32.2837,168561
32.2878,168841
32.2921,167795
32.2961,167327
32.3001,168665
32.3042,167913
32.3089,168781
32.3123,168179
32.3164,166880
32.3207,168351
32.3252,168150
32.3287,168179
32.3328,167978
32.3370,167001
32.3412,168562
32.3451,168182
32.3492,168156
32.3534,168678
32.3574,167052
32.3615,168289
32.3656,168039
32.3699,168071
32.3740,168328
32.3779,167288
32.3822,168817
32.3862,167996
32.3865,168350
32.3909,168154
32.3944,167391
32.3983,169113
32.4024,167731
32.4077,168005
32.4107,168268
32.4147,167355
32.4188,168797
32.4242,167403
32.4271,168808
32.4311,168861
32.4352,167559
32.4398,169080
32.4434,167059
32.4475,168402
32.4516,168063
32.4561,167388
32.4598,168572
32.4639,167008
32.4679,167827
32.4737,168309
32.4762,167349
32.4803,169020
32.4844,166868
32.4886,168232
32.4926,168256
32.4966,168060
32.5008,168468
32.5051,167231
32.5091,168376
32.5132,167844
32.5133,167212
32.5171,168726
32.5213,166858
32.5254,168401
32.5295,167961
32.5335,167209
32.5378,169193
32.5423,167273
32.5458,168108
32.5499,168092
32.5541,167412
32.5582,168318
32.5622,167368
32.5663,167936
32.5705,168055
32.5751,168021
32.5786,168338
32.5827,167381
32.5868,168106
32.5910,167933
32.5950,168152
32.5991,168586
32.6035,167028
32.6075,168596
32.6113,167838
32.6154,168335
32.6196,168199
32.6238,167077
32.6278,168295
32.6319,168372
32.6361,167900
32.6400,168093
32.6401,167047
32.6441,168403
32.6482,167890
32.6523,167828
32.6570,168223
32.6605,167027
32.6647,167920
32.6687,167952
32.6731,168124
32.6769,167798
32.6810,167764
32.6850,168343
32.6895,168055
32.6934,168232
32.6974,167195
32.7015,167308
32.7059,168020
32.7110,168032
32.7137,168247
32.7178,166980
32.7223,167653
32.7264,167719
32.7301,168226
32.7342,167266
32.7387,167436
32.7431,167568
32.7465,168231
32.7506,167903
32.7551,167646
32.7594,167521
32.7630,167720
32.7671,168440
32.7672,167798
32.7711,167917
32.7757,166857
32.7793,167889
32.7834,168310
32.7875,168658
32.7921,168430
32.7957,167305
32.7997,167576
32.8039,168389
32.8086,167785
32.8121,168184
32.8161,167412
32.8202,168421
32.8251,168397
32.8285,168213
32.8326,167700
32.8367,167468
32.8410,168288
32.8448,167637
32.8489,167695
32.8530,167920
32.8577,166982
32.8612,168516
32.8653,167969
32.8695,168286
32.8743,168137
32.8776,167330
32.8817,168508
32.8858,167727
32.8899,168218
32.8940,167659
32.8981,167170
32.8982,168582
32.9021,167251
32.9069,168052
32.9104,168147
32.9144,167427
32.9185,168710
32.9234,167467
32.9267,168370
32.9308,167658
32.9349,167238
32.9394,168445
32.9434,167159
32.9472,168047
32.9513,168027
32.9560,167950
32.9603,168772
32.9636,167535
32.9677,168248
32.9722,167907
32.9764,167414
32.9800,168816
32.9840,166897
32.9889,168142
32.9924,167763
32.9964,167220
33.0005,168166
33.0046,166917
33.0090,168183
33.0128,168203
33.0170,167786
33.0214,168732
33.0250,166778
33.0251,168229
33.0291,167821
33.0332,167287
33.0374,168271
33.0417,167566
33.0455,167874
33.0497,168261
33.0537,167614
33.0578,168347
33.0619,167303
33.0660,167991
33.0702,167855
33.0742,167541
33.0783,167905
33.0823,167035
33.0866,168198
33.0906,167922
33.0947,167887
33.0991,168143
33.1030,167205
33.1073,168063
33.1111,168395
33.1158,167787
33.1194,168067
33.1233,167561
33.1274,168429
33.1315,167863
33.1357,167992
33.1399,167635
33.1442,167285
33.1480,168323
33.1519,167856
33.1520,168324
33.1561,167703
33.1602,167193
33.1643,168126
33.1684,168450
33.1725,168246
33.1766,167821
33.1807,167219
33.1848,167396
33.1889,167637
33.1930,168171
33.1971,167481
33.2012,167000
33.2053,167924
33.2094,167952
33.2134,167753
33.2176,167592
33.2217,167563
33.2258,168017
33.2298,168104
33.2339,168120
33.2381,167114
33.2422,167272
33.2463,167932
33.2504,168017
33.2545,168575
33.2586,166806
33.2627,167909
33.2668,168302
33.2712,167983
33.2754,168120
33.2793,167298
33.2794,168112
33.2832,167996
33.2873,167720
33.2914,168127
33.2955,167513
33.2996,168562
33.3037,167282
33.3078,168176
33.3118,168579
33.3159,167039
33.3200,168802
33.3241,167679
33.3283,168390
33.3322,167861
33.3363,167246
33.3404,168185
33.3446,167885
33.3488,168030
33.3528,168104
33.3569,167446
33.3610,168642
33.3651,167634
33.3692,167759
33.3732,168384
33.3773,167462
33.3815,169079
33.3855,167227
33.3896,168117
33.3938,168003
33.3979,167250
33.4021,168862
33.4062,167976
33.4062,168102
33.4101,168244
33.4142,167078
33.4182,168918
33.4224,167474
33.4265,167792
33.4305,168169
33.4347,166829
33.4388,168795
33.4429,167196
33.4470,167916
33.4511,167977
33.4552,167533
33.4593,168817
33.4633,166940
33.4674,168131
33.4715,167970
33.4757,167950
33.4798,168493
33.4838,166816
33.4880,168539
33.4921,168023
33.4960,167624
33.5002,168575
33.5043,167371
33.5083,168442
33.5125,167502
33.5166,167664
33.5207,168421
33.5249,167191
33.5291,168148
33.5332,167868
33.5332,167776
33.5371,167864
33.5412,166816
33.5452,168447
33.5493,168358
33.5534,167746
33.5576,168605
33.5617,167196
33.5658,168902
33.5699,168029
33.5740,167906
33.5781,168281
33.5821,167250
33.5862,168305
33.5903,168440
33.5944,167946
33.5985,168309
33.6027,167167
33.6067,168337
33.6108,168768
33.6149,168529
33.6190,168191
33.6230,167106
33.6271,168434
33.6313,168273
33.6353,168133
33.6395,167982
33.6436,167255
33.6477,168802
33.6517,168517
33.6561,168400
33.6601,167580
33.6602,167522
33.6640,168169
33.6681,168463
33.6723,167784
33.6764,168191
33.6805,167024
33.6847,167726
33.6887,168494
33.6927,168089
33.6969,167591
33.7009,167123
33.7050,168176
33.7091,168337
33.7132,168131
33.7173,167620
33.7214,167355
33.7255,168739
33.7296,168677
33.7337,168314
33.7377,167696
33.7419,167964
33.7462,168217
33.7501,168060
33.7542,167881
33.7583,166977
33.7624,168358
33.7665,168308
33.7706,167610
33.7747,168604
33.7788,167052
33.7830,167729
33.7871,168145
33.7872,168107
33.7911,168017
33.7951,167696
33.7993,168211
33.8034,167779
33.8074,168588
33.8115,168080
33.8156,166511
33.8198,168829
33.8238,167880
33.8279,168126
33.8320,167983
33.8361,166984
33.8401,168780
33.8443,167880
33.8484,168152
33.8525,168012
33.8566,166823
33.8607,168863
33.8648,168282
33.8689,168127
33.8730,168078
33.8771,167727
33.8812,169017
33.8852,167964
33.8894,167961
33.8935,168377
33.8976,167035
33.9016,168721
33.9058,167592
33.9099,168464
33.9141,168205
33.9142,167654
33.9179,168963
33.9221,167407
33.9262,168057
33.9303,168213
33.9343,167545
33.9385,168695
33.9426,167104
33.9468,167816
33.9508,167735
33.9549,167424
33.9590,168787
33.9631,167216
33.9672,167900
33.9713,167351
33.9754,166690
33.9795,168614
33.9836,166597
33.9877,168130
33.9918,168468
33.9957,167100
33.9999,168528
34.0040,166956
34.0081,167971
34.0122,168169
34.0163,167523
34.0204,168747
34.0245,167192
34.0286,168289
34.0327,167702
34.0370,167322
34.0410,168389
34.0451,167078
34.0452,167944
34.0491,167431
34.0531,167764
34.0573,168280
34.0614,166503
34.0656,167642
34.0696,167680
34.0736,167714
34.0778,168036
34.0818,166955
34.0859,167611
34.0900,167801
34.0942,167996
34.0982,167256
34.1023,167253
34.1064,167653
34.1105,167736
34.1146,167967
34.1186,167763
34.1228,167267
34.1269,168017
34.1310,167651
34.1351,167533
34.1392,167421
34.1433,167065
34.1473,167989
34.1514,168029
34.1556,168136
34.1597,167714
34.1639,167076
34.1679,168260
34.1721,167647
34.1722,167584
34.1761,167324
34.1802,166746
34.1842,168021
34.1884,168072
34.1924,167773
34.1964,167443
34.2005,167677
34.2046,168141
34.2087,167695
34.2128,167874
34.2169,167461
34.2210,167806
34.2251,168507
34.2292,168294
34.2333,167686
34.2374,167280
34.2415,167881
34.2456,168087
34.2497,167642
34.2538,167975
34.2578,167016
34.2619,168133
34.2661,168595
34.2701,167693
34.2742,167892
34.2783,167124
34.2824,167999
34.2866,168054
34.2910,167699
34.2950,168303
34.2991,166841
34.2992,167794
34.3029,167841
34.3070,168311
34.3111,167935
34.3152,167158
34.3193,168425
34.3234,167450
34.3275,167958
34.3317,168122
34.3357,166587
34.3398,168986
34.3439,167385
34.3481,168163
34.3520,168031
34.3561,166835
34.3603,168602
34.3644,167241
34.3685,168469
34.3726,168013
34.3768,167501
34.3808,168489
34.3849,167107
34.3890,168477
34.3931,168168
34.3972,167494
34.4013,168860
34.4054,167673
34.4095,168573
34.4136,168039
34.4177,166837
34.4218,168853
34.4261,167156
34.4262,167390
34.4300,167811
34.4340,167398
34.4382,168458
34.4423,166978
34.4464,168332
34.4505,168113
34.4546,167645
34.4587,168750
34.4627,166708
34.4668,168226
34.4710,168271
34.4750,168104
34.4791,168846
34.4832,166829
34.4873,168447
34.4914,168516
34.4954,167668
34.4996,167857
34.5037,166448
34.5078,168325
34.5119,168307
34.5160,167687
34.5201,169103
34.5242,167375
34.5283,168136
34.5324,168056
34.5364,167821
34.5406,168231
34.5449,167016
34.5489,168195
34.5530,167921
34.5531,168664
34.5571,168104
34.5610,167436
34.5651,168469
34.5693,168236
34.5733,168394
34.5773,168448
34.5815,166946
34.5856,168273
34.5897,168134
34.5938,168277
34.5978,168372
34.6019,166516
34.6060,167859
34.6102,168798
34.6143,168218
34.6186,168711
34.6228,167252
34.6267,168575
34.6306,168107
34.6347,168185
34.6388,168054
34.6429,166959
34.6471,168431
34.6511,168307
34.6553,168012
34.6594,167873
34.6635,167316
34.6674,168059
34.6719,168758
34.6759,168263
34.6799,168030
34.6800,167410
34.6838,168672
34.6879,168075
34.6921,167912
34.6961,168393
34.7002,167914
34.7043,168626
34.7084,168403
34.7125,168192
34.7166,167980
34.7207,168289
34.7248,168404
34.7289,168144
34.7330,168365
34.7371,167344
34.7412,168281
34.7453,168411
34.7494,168390
34.7535,167735
34.7575,167303
34.7616,168405
34.7659,168872
34.7699,168110
34.7740,168139
34.7781,167578
34.7822,168538
34.7863,168152
34.7904,168426
34.7945,168430
34.7987,166916
34.8029,168553
34.8071,168112
34.8072,168266
34.8109,168199
34.8150,167416
34.8191,169300
34.8232,167897
34.8273,168328
34.8314,168184
34.8357,167440
34.8396,169382
34.8437,167801
34.8478,168597
34.8519,168091
34.8560,167233
34.8601,169043
34.8642,167820
34.8683,167842
34.8724,168641
34.8764,167287
34.8805,168859
34.8846,167586
34.8887,168557
34.8928,168348
34.8971,167289
34.9010,169145
34.9050,168070
34.9092,168364
34.9133,168436
34.9173,167605
34.9215,168980
34.9256,167531
34.9299,168213
34.9338,168506
34.9339,167809
34.9379,169282
34.9420,167038
34.9461,168573
34.9501,168373
34.9541,167441
34.9583,168247
34.9624,167607
34.9665,168435
34.9706,168494
34.9747,167993
34.9789,168765
34.9829,167243
34.9870,168469
34.9911,168562
34.9952,167864
34.9993,168730
35.0033,167592
35.0074,168363
35.0115,168306
35.0156,168295
35.0197,169309
35.0238,166972
35.0279,168665
35.0320,168233
35.0361,168260
35.0402,168509
35.0443,167497
35.0484,168407
35.0525,168706
35.0568,168878
35.0609,168447
35.0609,167646
35.0649,168403
35.0689,168218
35.0730,168074
35.0771,168705
35.0812,168128
35.0854,168406
35.0894,168291
35.0935,168329
35.0976,168562
35.1017,167615
35.1058,167723
35.1099,168605
35.1140,168562
35.1180,168292
35.1221,167635
35.1263,168463
35.1304,168225
35.1345,168809
35.1386,168079
35.1428,167933
35.1469,168517
35.1507,168587
35.1549,168236
35.1590,167847
35.1631,168545
35.1672,168600
35.1713,168346
35.1754,168688
35.1796,167689
35.1837,167793
35.1877,168804
35.1877,168571
35.1918,168316
35.1959,167867
35.2000,168656
35.2041,168664
35.2082,168464
35.2122,168626
35.2163,167896
35.2204,168474
35.2245,168168
35.2286,168248
35.2327,168812
35.2368,167596
35.2409,168514
35.2450,168275
35.2491,168857
35.2532,168701
35.2573,167417
35.2614,168648
35.2654,168645
35.2696,168286
35.2737,167866
35.2777,167467
35.2818,168735
35.2859,168600
35.2900,168640
35.2941,168768
35.2982,167704
35.3023,168539
35.3064,167936
35.3108,168680
35.3149,168429
35.3150,168049
35.3187,168669
35.3228,168351
35.3269,168366
35.3310,168240
35.3351,167357
35.3392,169211
35.3433,168170
35.3474,168732
35.3515,167990
35.3556,167174
35.3597,169437
35.3638,167911
35.3679,168607
35.3719,168318
35.3760,167709
35.3801,169476
35.3842,167922
35.3883,168214
35.3924,168649
35.3965,167696
35.4007,169627
35.4048,167313
35.4089,168526
35.4129,169220
35.4170,167534
35.4211,169109
35.4252,167929
35.4293,168527
35.4334,168278
35.4378,167466
35.4418,169428
35.4459,167227
35.4460,168449
35.4498,168654
35.4539,167957
35.4580,168982
35.4621,167051
35.4662,168344
35.4703,168677
35.4744,168013
35.4785,169256
35.4826,166723
35.4867,168624
35.4908,168601
35.4949,167488
35.4990,168717
35.5031,167399
35.5072,168663
35.5113,168678
35.5154,167966
35.5195,168670
35.5235,167589
35.5276,168445
35.5317,168441
35.5358,167817
35.5399,168531
35.5440,167295
35.5480,168334
35.5522,168669
35.5563,167817
35.5604,168592
35.5648,167739
35.5688,168786
35.5728,168151
35.5729,168365
35.5768,168352
35.5809,167151
35.5850,167535
35.5891,168541
35.5932,168503
35.5972,168196
35.6013,167763
35.6054,168534
35.6096,168578
35.6137,168253
35.6178,168537
35.6219,167710
35.6260,168828
35.6301,168325
35.6341,168930
35.6382,168417
35.6423,167938
35.6464,168690
35.6505,168723
35.6546,168685
35.6588,167831
35.6628,167908
35.6668,168542
35.6710,168625
35.6751,168464
35.6792,167986
35.6832,168066
35.6874,168443
35.6917,168247
35.6958,168457
35.6997,167485
35.6998,168220
35.7037,167984
35.7079,168383
35.7120,168545
35.7161,167936
35.7202,168156
35.7243,168670
35.7284,168167
35.7325,168327
35.7366,167123
35.7407,168417
35.7448,168832
35.7494,168530
35.7530,168456
35.7571,168299
35.7612,168837
35.7652,168921
35.7693,168533
35.7734,168593
35.7775,167402
35.7816,169017
35.7857,167884
35.7898,168367
35.7939,168556
35.7980,167195
35.8021,169038
35.8062,168325
35.8103,168460
35.8144,168315
35.8187,167491
35.8226,168974
35.8268,168130
35.8269,168918
35.8308,168504
35.8349,168220
35.8389,168950
35.8430,167648
35.8471,168707
35.8513,168576
35.8553,167543
35.8594,169277
35.8635,167943
35.8675,169085
35.8717,168329
35.8757,167377
35.8798,169065
35.8839,167557
35.8880,168205
35.8921,168590
35.8962,168142
35.9003,169101
35.9044,167662
35.9085,168684
35.9126,169307
35.9167,168131
35.9208,169361
35.9249,167488
35.9290,169159
35.9331,168503
35.9371,168075
35.9413,169565
35.9458,166768
35.9498,167921
35.9539,168415
35.9540,167446
35.9577,168883
35.9619,167118
35.9658,168935
35.9700,168540
35.9741,168473
35.9782,169058
35.9823,167051
35.9864,168718
35.9905,168617
35.9946,167987
35.9987,169000
36.0027,167370
36.0068,168574
36.0110,168320
36.0151,168016
36.0192,168910
36.0233,167622
36.0274,168765
36.0315,168680
36.0356,168698
36.0397,168578
36.0437,167811
36.0479,168548
36.0519,168619
36.0560,168059
36.0601,168835
36.0643,167553
36.0684,169049
36.0728,168775
36.0768,168163
36.0808,168331
36.0809,167859
36.0847,168951
36.0888,168912
36.0929,168623
36.0970,168639
36.1011,168171
36.1052,168956
36.1092,168674
36.1134,168569
36.1175,168607
36.1216,168080
36.1257,168627
36.1298,168541
36.1339,168469
36.1380,168108
36.1421,168226
36.1461,168539
36.1502,168170
36.1544,168653
36.1585,167837
36.1625,168457
36.1665,168740
36.1707,168102
36.1748,168566
36.1789,168035
36.1830,168299
36.1871,168737
36.1912,169003
36.1953,168787
36.1994,167780
36.2037,167997
36.2077,168737
36.2078,168884
36.2116,168490
36.2157,167692
36.2199,168905
36.2240,168470
36.2281,168492
36.2322,168061
36.2363,167621
36.2404,168894
36.2444,168416
36.2486,168495
36.2527,168717
36.2567,167736
36.2608,169575
36.2649,168549
36.2691,168870
36.2731,168909
36.2772,167930
36.2813,169102
36.2854,168341
36.2895,168262
36.2936,168882
36.2977,167517
36.3018,169035
36.3059,168329
36.3100,168546
36.3141,168619
36.3182,167266
36.3223,169304
36.3264,167802
36.3307,168876
36.3346,168747
36.3347,168141
36.3387,169259
36.3427,167934
36.3468,168404
36.3510,168310
36.3551,167307
36.3591,169203
36.3632,167444
36.3673,168710
36.3714,168582
36.3755,168008
36.3796,169023
36.3837,167719
36.3878,168759
36.3919,168893
36.3960,167785
36.4000,169697
36.4042,167751
36.4083,168304
36.4124,169055
36.4164,167914
36.4206,169118
36.4247,167216
36.4288,168884
36.4328,168715
36.4370,168089
36.4411,168640
36.4452,167770
36.4492,168672
36.4534,168419
36.4577,167999
36.4617,168975
36.4617,167810
36.4656,168850
36.4697,168772
36.4738,168619
36.4779,168771
36.4820,167742
36.4861,168913
36.4902,168632
36.4943,168250
36.4984,169359
36.5025,167717
36.5066,168987
36.5107,168655
36.5148,168464
36.5189,168622
36.5230,167824
36.5271,168395
36.5311,168920
36.5353,168274
36.5393,168759
36.5434,167610
36.5475,168808
36.5516,168372
36.5557,168467
36.5598,168400
36.5639,167938
36.5680,169065
36.5722,168671
36.5762,168938
36.5803,168906
36.5846,168293
36.5886,168878
36.5887,168862
36.5926,168929
36.5967,168526
36.6008,168199
36.6049,168833
36.6089,168641
36.6131,168359
36.6172,168620
36.6213,168052
36.6254,168844
36.6295,168883
36.6335,168678
36.6378,168359
36.6417,168028
36.6458,168431
36.6499,168543
36.6540,168176
36.6581,167782
36.6622,168008
36.6663,168798
36.6704,168752
36.6745,168902
36.6786,168420
36.6826,168594
36.6868,168708
36.6910,168448
36.6950,168120
36.6991,168381
36.7031,168489
36.7072,168261
36.7114,168756
36.7156,168406
36.7157,167776
36.7196,168706
36.7236,168626
36.7277,168825
36.7318,168020
36.7359,167893
36.7401,169612
36.7441,168585
36.7482,168494
36.7524,168600
36.7564,167847
36.7605,169492
36.7646,168689
36.7687,168627
36.7728,168632
36.7769,167723
36.7810,169305
36.7851,168291
36.7892,168287
36.7932,168764
36.7974,167959
36.8015,169193
36.8056,167694
36.8097,169129
36.8138,169211
36.8179,167519
36.8220,169846
36.8261,168188
36.8301,168700
36.8342,168847
36.8385,167793
36.8426,169333
36.8467,167565
36.8469,168948
36.8506,168983
36.8546,168112
36.8587,169496
36.8628,167326
36.8669,168347
36.8710,169254
36.8751,167891
36.8792,168961
36.8833,167455
36.8874,169315
36.8915,168409
36.8956,167927
36.8998,169319
36.9039,167919
36.9080,168301
36.9121,168652
36.9161,167984
36.9203,168934
36.9244,167672
36.9284,168500
36.9325,168652
36.9366,168618
36.9408,169093
36.9448,167752
36.9489,168708
36.9531,168849
36.9571,167910
36.9613,168927
36.9657,167873
36.9697,169040
36.9736,169044
36.9737,167570
36.9776,169017
36.9818,167608
36.9857,168786
36.9898,168686
36.9939,168278
36.9980,169201
37.0021,167942
37.0062,168614
37.0103,168890
37.0144,168299
37.0185,169148
37.0226,167599
37.0267,168776
37.0308,168717
37.0350,168129
37.0390,168122
37.0432,168018
37.0472,168138
37.0513,169328
37.0554,168141
37.0595,168650
37.0636,167998
37.0677,168239
37.0718,168579
37.0759,168576
37.0800,168790
37.0841,167943
37.0881,168667
37.0923,168456
37.0965,168916
37.1006,168773
37.1007,167879
37.1046,168964
37.1087,169148
37.1128,168495
37.1170,168542
37.1210,168101
37.1251,168417
37.1292,168786
37.1333,168861
37.1373,168097
37.1414,168258
37.1455,168330
37.1496,168566
37.1538,168662
37.1579,168177
37.1619,168764
37.1659,168441
37.1703,168299
37.1742,168730
37.1783,168262
37.1823,168005
37.1865,168976
37.1906,168436
37.1947,168373
37.1988,167795
37.2031,168943
37.2071,168439
37.2112,168689
37.2151,168174
37.2192,167987
37.2235,168877
37.2276,169574
37.2277,168369
37.2316,168173
37.2356,167383
37.2397,169023
37.2438,168925
37.2479,168693
37.2521,168770
37.2561,167906
37.2603,169487
37.2643,168063
37.2684,168712
37.2725,168979
37.2766,167754
37.2807,169196
37.2848,168612
37.2889,169098
37.2930,168887
37.2970,168248
37.3011,169647
37.3052,168053
37.3093,168727
37.3134,168967
37.3175,167776
37.3216,169720
37.3257,167443
37.3298,168239
37.3339,169136
37.3379,167645
37.3421,169668
37.3462,167930
37.3506,168292
37.3546,168789
37.3547,167766
37.3584,169682
37.3625,167706
37.3666,167936
37.3707,168620
37.3748,167820
37.3789,169622
37.3830,168416
37.3871,168709
37.3912,168481
37.3953,168017
37.3994,169193
37.4035,167834
37.4076,168657
37.4117,168190
37.4158,168223
37.4199,169094
37.4240,167058
37.4280,168654
37.4322,169018
37.4362,167746
37.4403,169355
37.4445,168227
37.4486,168433
37.4527,168926
37.4568,167673
37.4608,169323
37.4650,167856
37.4690,168389
37.4732,168605
37.4775,168206
37.4816,169078
37.4816,167815
37.4854,169014
37.4895,169005
37.4937,168175
37.4980,168755
37.5019,167443
37.5060,168940
37.5101,168892
37.5142,168736
37.5183,169185
37.5224,167586
37.5265,169087
37.5306,168647
37.5347,168701
37.5388,168537
37.5429,167946
37.5470,168750
37.5511,168425
37.5552,168861
37.5593,168727
37.5633,167419
37.5674,168682
37.5715,168260
37.5756,168851
37.5797,168040
37.5838,167733
37.5879,168309
37.5919,169262
37.5961,168365
37.6001,168714
37.6045,168231
37.6086,168720
37.6087,169304
37.6125,168722
37.6166,168230
37.6207,168037
37.6248,168897
37.6289,168277
37.6329,168917
37.6371,168347
37.6412,168610
37.6453,168823
37.6493,168715
37.6535,168625
37.6576,167968
37.6616,168532
37.6656,168948
37.6698,168630
37.6739,168267
37.6780,167586
37.6820,168554
37.6862,168855
37.6903,168597
37.6944,168857
37.6986,167407
37.7025,168862
37.7067,168434
37.7108,168616
37.7148,168126
37.7190,167630
37.7231,168723
37.7271,168434
37.7315,168477
37.7355,168515
37.7356,167257
37.7395,169192
37.7436,168496
37.7477,168545
37.7518,168646
37.7559,166975
37.7600,169119
37.7640,168171
37.7681,168779
37.7722,168856
37.7763,167269
37.7803,168892
37.7845,168347
37.7886,168503
37.7927,168534
37.7968,167883
37.8008,169710
37.8050,168350
37.8091,168561
37.8132,168462
37.8173,167829
37.8214,169190
37.8255,168317
37.8296,168435
37.8337,168672
37.8378,168058
37.8419,169259
37.8460,168084
37.8500,169653
37.8541,168485
37.8584,168042
37.8625,169292
37.8626,167843
37.8663,169033
37.8704,168797
37.8745,167996
37.8786,169100
37.8827,167551
37.8868,168530
37.8909,168872
37.8950,167851
37.8991,169212
37.9032,167292
37.9073,168518
37.9114,168468
37.9155,167966
37.9196,169522
37.9237,167811
37.9277,168461
37.9319,168597
37.9359,167909
37.9401,169196
37.9441,167657
37.9482,168481
37.9524,168682
37.9564,167968
37.9605,169320
37.9646,167531
37.9687,168817
37.9729,168833
37.9769,167850
37.9810,168363
37.9854,168267
37.9895,168673
37.9935,168162
37.9936,167873
37.9974,169004
38.0015,168037
38.0057,168252
38.0097,168496
38.0138,168536
38.0179,169250
38.0220,167684
38.0261,168856
38.0302,168997
38.0343,167857
38.0385,168708
38.0425,167421
38.0467,168372
38.0507,168665
38.0548,168464
38.0589,169082
38.0630,167720
38.0671,169147
38.0712,168441
38.0753,169207
38.0794,168626
38.0834,167714
38.0876,168539
38.0917,168303
38.0958,168749
38.0999,168689
38.1040,167475
38.1081,168483
38.1123,168612
38.1164,168779
38.1205,168411
38.1206,168031
38.1245,168728
38.1285,168372
38.1325,168521
38.1367,167920
38.1409,168362
38.1449,169217
38.1490,168322
38.1531,168199
38.1572,168132
38.1613,168117
38.1653,168197
38.1695,168790
38.1736,168526
38.1777,167763
38.1817,168345
38.1859,168254
38.1900,168990
38.1941,169107
38.1982,167672
38.2023,169195
38.2064,168485
38.2105,168314
38.2146,168494
38.2187,167835
38.2228,168728
38.2268,168665
38.2309,168310
38.2351,168635
38.2393,167788
38.2434,168624
38.2474,168809
38.2475,168655
38.2515,168939
38.2556,167308
38.2596,168833
38.2637,168640
38.2678,168569
38.2719,168747
38.2760,168154
38.2801,169181
38.2842,168431
38.2883,169115
38.2924,168533
38.2965,167506
38.3006,169458
38.3047,168057
38.3088,168684
38.3129,168940
38.3170,168136
38.3211,169475
38.3251,167493
38.3292,168840
38.3334,168339
38.3375,167598
38.3415,169529
38.3456,167771
38.3497,168837
38.3538,168574
38.3579,167777
38.3620,170131
38.3661,167837
38.3704,168895
38.3744,168766
38.3745,167275
38.3784,169040
38.3825,167723
38.3866,167872
38.3907,168775
38.3948,168086
38.3988,168740
38.4030,167381
38.4071,168274
38.4112,168604
38.4152,167995
38.4193,169271
38.4234,167672
38.4275,169087
38.4315,168338
38.4357,167784
38.4398,169031
38.4439,167781
38.4480,168616
38.4521,168359
38.4562,168079
38.4603,169165
38.4643,167413
38.4685,168233
38.4725,168184
38.4767,168166
38.4808,168744
38.4849,167235
38.4890,168815
38.4933,168163
38.4973,168329
38.5014,169074
38.5014,167535
38.5054,168550
38.5095,168832
38.5136,168728
38.5177,168913
38.5217,167645
38.5258,168407
38.5299,168996
38.5340,168487
38.5381,168663
38.5422,167619
38.5463,168577
38.5504,169051
38.5545,168893
38.5586,168463
38.5626,168143
38.5667,167904
38.5708,168694
38.5749,168603
38.5791,168544
38.5832,167675
38.5873,168842
38.5914,168482
38.5954,168436
38.5996,167902
38.6036,167862
38.6077,169121
38.6119,168296
38.6160,168843
38.6202,167816
38.6243,167658
38.6284,168611
38.6285,168555
38.6323,168410
38.6364,168289
38.6405,167852
38.6446,168304
38.6487,168547
38.6528,168404
38.6569,168595
38.6610,168075
38.6651,168263
38.6692,168346
38.6732,168482
38.6774,168016
38.6814,168174
38.6856,168805
38.6897,168591
38.6938,168492
38.6979,167363
38.7019,168470
38.7061,168806
38.7102,168088
38.7143,168785
38.7184,168096
38.7225,169395
38.7266,168877
38.7307,168632
38.7346,168687
38.7389,167916
38.7430,169100
38.7476,168696
38.7514,168583
38.7554,168327
38.7554,167287
38.7593,168407
38.7634,168105
38.7675,168352
38.7716,168541
38.7757,167569
38.7798,169015
38.7838,168065
38.7880,168469
38.7921,168887
38.7962,167850
38.8003,169482
38.8044,167791
38.8085,168850
38.8126,168168
38.8167,167267
38.8208,169079
38.8249,167976
38.8289,168632
38.8331,168734
38.8372,167809
38.8413,169627
38.8453,167792
38.8497,168741
38.8535,168458
38.8576,167605
38.8617,168900
38.8658,167488
38.8699,168533
38.8742,168835
38.8783,167513
38.8822,169271
38.8824,167652
38.8862,168708
38.8904,168317
38.8944,168381
38.8985,169244
38.9026,167179
38.9068,168506
38.9109,168721
38.9149,167536
38.9191,168889
38.9232,167663
38.9272,168637
38.9312,168745
38.9354,167767
38.9395,169096
38.9436,166917
38.9478,168917
38.9518,168646
38.9559,168185
38.9600,168867
38.9642,168056
38.9683,168813
38.9723,168911
38.9765,167983
38.9804,168971
38.9845,167337
38.9887,168436
38.9928,168684
38.9969,168470
39.0012,168679
39.0052,167922
39.0092,168718
39.0092,168297
39.0131,168036
39.0173,168777
39.0214,167524
39.0255,168605
39.0296,168699
39.0337,168162
39.0378,168214
39.0419,167557
39.0459,168091
39.0502,168988
39.0541,168538
39.0582,168052
39.0623,168125
39.0664,168684
39.0706,168735
39.0747,168346
39.0788,167916
39.0829,168004
39.0870,168640
39.0910,168079
39.0951,168990
39.0992,168548
39.1033,167103
39.1074,169093
39.1115,168439
39.1156,168357
39.1197,168219
39.1238,167886
39.1279,168563
39.1321,168647
39.1362,168565
39.1363,168315
39.1402,167925
39.1444,168661
39.1484,168833
39.1525,169138
39.1567,167562
39.1606,168283
39.1647,168283
39.1688,168240
39.1732,169211
39.1770,167426
39.1812,168723
39.1853,168056
39.1894,168656
39.1935,168315
39.1976,167605
39.2018,168634
39.2057,168853
39.2098,168351
39.2140,168739
39.2181,167602
39.2221,168333
39.2262,168706
39.2303,168891
39.2344,168843
39.2385,167407
39.2425,169289
39.2466,168166
39.2507,168372
39.2549,168461
39.2589,167155
39.2630,168789
39.2631,168521
39.2671,168089
39.2712,168081
39.2753,167052
39.2794,169373
39.2836,168128
39.2876,168929
39.2918,168392
39.2958,167886
39.2999,169329
39.3040,168232
39.3081,168914
39.3122,168501
39.3162,167564
39.3203,169090
39.3245,167761
39.3286,168113
39.3333,168515
39.3369,167231
39.3412,169054
39.3449,167881
39.3491,168727
39.3535,168346
39.3572,167368
39.3613,169220
39.3654,167330
39.3702,168279
39.3736,168443
39.3777,166817
39.3818,168899
39.3865,167181
39.3901,168160
39.3902,167862
39.3941,167655
39.3982,168863
39.4033,167683
39.4064,168099
39.4105,168445
39.4146,168446
39.4198,168604
39.4232,166990
39.4268,168586
39.4309,169024
39.4351,167699
39.4392,168824
39.4433,167281
39.4474,168299
39.4521,168005
39.4557,167899
39.4597,169056
39.4638,167456
39.4701,168440
39.4719,168417
39.4760,168216
39.4801,168930
39.4869,167352
39.4885,168368
39.4924,168004
39.4966,168132
39.5027,168251
39.5052,167486
39.5088,168729
39.5130,168663
39.5179,168267
39.5189,168377
39.5213,167576
39.5252,168096
39.5293,168537
39.5334,168358
39.5378,168615
39.5415,167600
39.5456,168384
39.5498,168570
39.5540,168470
39.5579,168419
39.5620,167857
39.5661,169070
39.5710,168060
39.5743,168678
39.5784,168129
39.5825,167955
39.5867,168619
39.5907,168337
39.5948,168592
39.5989,168225
39.6033,168027
39.6071,168804
39.6112,168426
39.6154,167888
39.6202,167972
39.6235,167726
39.6276,169056
39.6317,168378
39.6359,168270
39.6402,167429
39.6443,167635
39.6443,167975
39.6480,168469
39.6528,168077
39.6563,167562
39.6604,168095
39.6645,168404
39.6702,168537
39.6731,168216
39.6767,167261
39.6808,169068
39.6860,168473
39.6893,168712
39.6933,168730
39.6972,167505
39.7033,168595
39.7055,168595
39.7096,168282
39.7137,168423
39.7192,167892
39.7218,168617
39.7258,168387
39.7299,168114
39.7358,167923
39.7384,166912
39.7422,169169
39.7463,168398
39.7518,168714
39.7549,168448
39.7586,167359
39.7627,168640
39.7670,168213
39.7709,168221
39.7710,168509
39.7750,167036
39.7791,168953
39.7833,168178
39.7877,168480
39.7914,168052
39.7955,167847
39.7996,169080
39.8040,167908
39.8083,168075
39.8119,168551
39.8161,167257
39.8204,169272
39.8242,168449
39.8284,168335
39.8325,168155
39.8368,167832
39.8406,168735
39.8447,167427
39.8487,168203
39.8534,168677
39.8571,168054
39.8611,169734
39.8652,167909
39.8699,168639
39.8736,168459
39.8774,167685
39.8816,168983
39.8865,167737
39.8904,168836
39.8940,168579
39.8979,167608
39.9020,169269
39.9036,166967
39.9064,168942
39.9102,168583
39.9142,168176
39.9187,168390
39.9226,167893
39.9265,168965
39.9306,168876
39.9360,167862
39.9389,168780
39.9430,167121
39.9470,168638
39.9526,168638
39.9552,167336
39.9593,168510
39.9634,167187
39.9687,167931
39.9720,168670
39.9758,167467
39.9798,168881
39.9874,166482
39.9880,168844
39.9921,168693
39.9962,167539
40.0004,168675
40.0053,167265
40.0086,168359
40.0126,168385
40.0171,168326
40.0209,168716
40.0252,167944
40.0292,168813
40.0293,168148
40.0348,168323
40.0373,168775
40.0412,167890
40.0453,168672
40.0494,168473
40.0539,168702
40.0576,168467
40.0617,167601
40.0659,168250
40.0704,168209
40.0741,168807
40.0781,168282
40.0822,167829
40.0866,168444
40.0905,168830
40.0945,168648
40.0986,168098
40.1027,167811
40.1069,168124
40.1109,168210
40.1150,168360
40.1196,168738
40.1237,168074
40.1272,168839
40.1313,168474
40.1357,168245
40.1396,167862
40.1436,167863
40.1481,168523
40.1522,168037
40.1559,168491
40.1560,167892
40.1600,168378
40.1641,168389
40.1684,168755
40.1728,168207
40.1767,167606
40.1805,168231
40.1850,168745
40.1891,168349
40.1928,168326
40.1969,167007
40.2020,167994
40.2057,168469
40.2092,168985
40.2132,168336
40.2186,167028
40.2221,168836
40.2257,168375
40.2297,168974
40.2356,168508
40.2381,167767
40.2420,169236
40.2460,167611
40.2514,168189
40.2554,168423
40.2583,167902
40.2624,169302
40.2683,168744
40.2709,168908
40.2749,168632
40.2789,167613
40.2831,169246
40.2850,167887
40.2875,168779
40.2914,167977
40.2952,167267
40.2993,169294
40.3037,167987
40.3079,168286
40.3117,168149
40.3157,167547
40.3211,168929
40.3239,167955
40.3279,167934
40.3321,169217
40.3366,167897
40.3411,169136
40.3443,167811
40.3485,168632
40.3530,168254
40.3573,167608
40.3607,169628
40.3649,167542
40.3696,168656
40.3735,168577
40.3771,168106
40.3813,169331
40.3854,167584
40.3902,168350
40.3935,168044
40.3976,168237
40.4022,169220
40.4058,167376
40.4099,168884
40.4100,168652
40.4139,167503
40.4185,169115
40.4222,167550
40.4262,168803
40.4303,168603
40.4350,168104
40.4385,168926
40.4426,167136
40.4467,168548
40.4523,168874
40.4550,167948
40.4590,168758
40.4631,167288
40.4686,168745
40.4713,168511
40.4755,167772
40.4796,168684
40.4859,167826
40.4877,168678
40.4918,168789
40.4959,168176
40.5001,168111
40.5047,167822
40.5083,168354
40.5123,169028
40.5166,168647
40.5208,168596
40.5245,167860
40.5287,168810
40.5329,168298
40.5369,168451
40.5370,168466
40.5409,167451
40.5450,168886
40.5492,168255
40.5535,168252
40.5573,168270
40.5614,168173
40.5655,168652
40.5702,168595
40.5737,168539
40.5778,168375
40.5819,167559
40.5862,168481
40.5901,168820
40.5942,168845
40.5983,168207
40.6026,167664
40.6065,168657
40.6105,168544
40.6147,168670
40.6188,168059
40.6230,167733
40.6270,168582
40.6310,167986
40.6359,168064
40.6392,167436
40.6433,167809
40.6474,168253
40.6526,168610
40.6556,168484
40.6599,167922
40.6638,167967
40.6639,168778
40.6681,168914
40.6721,168623
40.6761,167234
40.6802,168254
40.6850,168509
40.6885,168675
40.6925,168446
40.6966,167712
40.7021,168753
40.7051,168511
40.7091,168996
40.7130,168666
40.7181,168191
40.7215,168965
40.7253,168692
40.7293,168909
40.7346,168655
40.7385,167744
40.7416,169098
40.7457,167847
40.7521,168858
40.7550,168616
40.7580,167104
40.7621,168848
40.7663,167704
40.7704,168096
40.7745,168576
40.7785,167626
40.7840,169210
40.7869,168337
40.7908,168889
40.7908,168579
40.7949,167536
40.7990,169066
40.8035,167950
40.8072,168539
40.8113,168855
40.8154,167736
40.8197,169534
40.8237,167838
40.8276,168776
40.8318,168970
40.8362,167684
40.8405,169343
40.8440,168154
40.8482,168798
40.8524,168533
40.8567,167875
40.8606,169018
40.8645,167456
40.8688,169137
40.8732,168879
40.8768,167268
40.8809,168960
40.8853,168070
40.8892,168367
40.8932,168842
40.8972,167908
40.9016,169095
40.9060,167074
40.9096,168738
40.9136,168696
40.9180,167869
40.9181,168652
40.9228,167629
40.9260,168783
40.9301,169221
40.9343,167954
40.9390,168876
40.9423,166878
40.9464,168781
40.9507,168657
40.9556,167992
40.9587,168616
40.9628,167810
40.9688,169072
40.9715,168596
40.9751,168348
40.9792,169078
40.9847,167807
40.9883,168754
40.9916,168341
40.9956,168478
41.0003,168840
41.0046,167298
41.0079,168507
41.0120,169017
41.0169,168921
41.0204,168894
41.0246,167428
41.0283,169212
41.0325,168527
41.0369,168228
41.0407,168111
41.0449,167707
41.0449,168892
41.0489,168864
41.0535,168490
41.0575,168287
41.0611,168168
41.0652,168917
41.0700,168993
41.0739,168649
41.0775,168188
41.0816,168153
41.0864,168208
41.0903,168615
41.0940,168986
41.0980,168914
41.1026,168425
41.1063,168695
41.1103,168647
41.1146,168666
41.1191,168184
41.1226,168231
41.1266,168090
41.1308,168605
41.1353,168670
41.1390,167752
41.1431,168651
41.1471,168484
41.1520,168611
41.1562,168950
41.1594,167408
41.1635,168432
41.1679,168357
41.1718,168972
41.1760,169294
41.1761,167880
41.1799,168602
41.1861,168572
41.1886,169197
41.1922,168554
41.1963,167389
41.2019,169459
41.2052,168385
41.2085,168522
41.2126,168534
41.2179,167052
41.2220,168609
41.2251,168137
41.2291,168602
41.2350,168628
41.2380,167807
41.2414,169061
41.2454,168285
41.2509,168715
41.2543,169002
41.2577,167504
41.2618,169101
41.2659,168439
41.2705,168671
41.2741,168668
41.2782,167658
41.2839,169448
41.2873,167944
41.2905,168685
41.2948,168391
41.2987,167615
41.3027,169102
41.3028,168127
41.3069,168624
41.3109,168670
41.3150,167901
41.3193,169350
41.3233,167633
41.3273,168435
41.3315,168757
41.3359,167920
41.3397,168811
41.3438,167777
41.3479,168671
41.3520,168670
41.3567,167488
41.3601,169579
41.3642,167925
41.3691,168816
41.3729,168787
41.3766,168335
41.3806,169413
41.3857,167246
41.3891,168835
41.3929,169103
41.3970,168237
41.4016,168976
41.4058,167524
41.4094,168989
41.4133,168978
41.4189,168167
41.4217,168844
41.4258,167697
41.4297,168119
41.4298,168868
41.4355,168355
41.4384,168854
41.4420,167558
41.4461,168610
41.4510,168697
41.4554,167955
41.4584,168742
41.4625,167846
41.4691,169159
41.4710,168493
41.4748,168328
41.4788,168885
41.4856,167702
41.4873,168949
41.4912,168973
41.4953,168225
41.5011,168730
41.5040,167919
41.5077,168667
41.5117,168319
41.5172,168544
41.5200,168554
41.5239,167878
41.5280,168559
41.5322,169047
41.5368,168952
41.5404,168404
41.5446,167855
41.5487,168355
41.5526,168716
41.5570,169225
41.5570,167976
41.5608,168021
41.5649,169205
41.5697,169277
41.5732,168544
41.5772,168460
41.5813,168474
41.5855,169165
41.5898,168739
41.5937,168277
41.5977,167827
41.6023,168522
41.6064,168733
41.6099,168684
41.6140,169263
41.6187,168544
41.6230,168356
41.6264,169052
41.6304,169185
41.6355,168821
41.6388,168217
41.6427,168879
41.6468,168895
41.6512,168661
41.6556,168996
41.6591,167763
41.6632,169042
41.6686,169487
41.6720,168610
41.6757,168705
41.6796,167716
41.6839,169057
41.6846,168642
41.6878,168851
41.6919,167914
41.6960,167851
41.7009,168758
41.7043,168692
41.7083,168613
41.7123,168931
41.7177,168063
41.7209,168834
41.7248,168616
41.7288,169051
41.7342,168526
41.7379,167583
41.7410,169568
41.7451,168409
41.7509,168684
41.7533,168905
41.7575,167305
41.7616,169186
41.7676,168440
41.7707,169371
41.7739,168707
41.7779,167105
41.7835,169842
41.7870,168252
41.7902,168680
41.7943,168194
41.7984,167233
41.8025,169333
41.8067,167930
41.8107,168667
41.8108,168745
41.8148,168273
41.8195,169425
41.8229,167900
41.8270,169010
41.8311,169067
41.8357,167574
41.8393,169128
41.8434,167302
41.8476,168293
41.8524,168905
41.8557,168313
41.8598,169350
41.8639,167706
41.8692,169474
41.8722,168701
41.8762,168497
41.8803,169254
41.8851,167437
41.8885,168768
41.8926,169011
41.8967,168018
41.9014,169284
41.9048,167570
41.9089,169299
41.9130,168828
41.9177,168330
41.9212,169293
41.9253,167211
41.9294,168864
41.9346,168913
41.9377,168545
41.9377,169257
41.9417,167312
41.9458,168603
41.9508,168826
41.9540,168661
41.9581,169454
41.9622,168000
41.9678,168928
41.9709,169155
41.9745,168768
41.9786,169130
41.9852,168031
41.9868,168694
41.9908,168818
41.9949,168363
41.9992,168747
42.0036,167714
42.0072,168921
42.0114,168895
42.0155,168688
42.0200,168255
42.0237,167387
42.0278,168710
42.0322,168957
42.0365,167902
42.0400,168588
42.0441,168245
42.0482,169251
42.0527,168710
42.0564,168761
42.0606,168866
42.0647,167891
42.0647,168708
42.0692,168721
42.0728,168731
42.0768,168034
42.0810,167822
42.0859,168970
42.0899,169086
42.0933,168975
42.0974,167848
42.1022,168108
42.1059,168749
42.1096,167971
42.1137,168698
42.1185,167770
42.1222,168309
42.1262,168440
42.1301,168430
42.1348,168164
42.1383,167767
42.1424,168265
42.1465,168604
42.1509,168611
42.1554,168595
42.1588,168117
42.1629,168303
42.1681,168433
42.1719,168519
42.1752,169037
42.1793,167340
42.1846,168424
42.1877,168552
42.1920,168561
42.1920,168155
42.1957,167814
42.2012,168820
42.2041,168380
42.2079,168699
42.2120,168553
42.2185,167627
42.2203,169015
42.2243,168631
42.2286,169163
42.2336,169044
42.2372,167732
42.2407,169337
42.2448,167929
42.2489,169356
42.2538,168450
42.2574,167280
42.2612,170018
42.2655,168434
42.2701,168630
42.2736,168265
42.2776,167548
42.2819,169287
42.2862,167737
42.2902,168995
42.2940,168466
42.2981,167915
42.3030,169157
42.3068,167879
42.3104,169016
42.3146,168239
42.3185,168022
42.3186,169420
42.3226,167983
42.3267,168605
42.3309,168621
42.3351,167919
42.3390,169636
42.3431,167929
42.3474,168247
42.3521,169119
42.3559,168258
42.3596,169102
42.3636,167837
42.3687,168845
42.3717,168515
42.3759,167765
42.3800,169538
42.3841,167090
42.3883,168946
42.3923,168555
42.3963,168201
42.4014,169091
42.4053,167906
42.4086,168090
42.4127,168576
42.4169,167696
42.4216,169285
42.4250,167546
42.4291,168713
42.4335,168748
42.4377,168934
42.4415,168895
42.4457,167577
42.4497,168858
42.4509,168446
42.4537,168148
42.4578,169060
42.4619,167508
42.4671,168767
42.4701,168871
42.4742,168609
42.4783,168935
42.4833,167523
42.4865,168757
42.4906,168517
42.4947,168748
42.5005,168722
42.5031,167951
42.5069,168339
42.5110,168846
42.5166,168830
42.5192,167893
42.5233,167773
42.5274,168437
42.5317,168687
42.5361,168544
42.5397,168526
42.5438,168366
42.5479,168924
42.5526,168490
42.5561,168292
42.5602,168271
42.5643,167632
42.5686,168497
42.5726,168891
42.5766,168749
42.5767,167956
42.5807,167884
42.5855,168704
42.5889,168597
42.5929,168711
42.5971,168070
42.6018,168336
42.6052,168750
42.6093,168352
42.6135,168761
42.6179,167320
42.6216,168420
42.6257,169168
42.6299,168416
42.6353,168495
42.6380,167570
42.6421,168268
42.6462,169297
42.6509,168407
42.6544,168403
42.6585,167365
42.6626,168698
42.6674,168923
42.6708,168902
42.6749,168451
42.6789,168201
42.6833,168844
42.6877,168371
42.6914,168850
42.6956,168763
42.7003,167432
42.7036,168813
42.7037,168208
42.7077,168780
42.7117,168992
42.7173,168120
42.7206,168641
42.7240,168236
42.7281,168464
42.7338,168483
42.7370,167714
42.7408,169279
42.7445,168287
42.7504,168593
42.7537,169119
42.7570,167769
42.7609,168962
42.7652,168277
42.7696,169031
42.7733,168566
42.7774,167827
42.7839,169532
42.7864,168061
42.7896,168551
42.7937,168756
42.7977,167714
42.8027,168686
42.8060,167688
42.8100,168456
42.8142,168412
42.8187,167543
42.8223,168794
42.8266,167776
42.8308,168555
42.8309,169348
42.8348,167759
42.8387,169887
42.8428,167618
42.8469,168343
42.8526,168519
42.8551,167716
42.8592,169061
42.8634,167366
42.8687,168619
42.8716,168749
42.8757,167610
42.8797,168699
42.8845,167667
42.8879,168394
42.8919,168430
42.8960,168583
42.9014,168821
42.9042,167396
42.9083,168690
42.9124,168465
42.9182,167690
42.9206,168855
42.9247,167885
42.9288,169474
42.9337,168349
42.9370,168150
42.9411,169278
42.9452,167754
42.9504,168599
42.9537,168339
42.9576,168729
42.9577,168827
42.9616,167896
42.9672,168663
42.9703,168481
42.9739,168034
42.9780,168191
42.9838,167489
42.9862,168867
42.9903,168603
42.9944,168479
43.0001,168676
43.0029,167736
43.0066,168677
43.0107,168890
43.0174,169295
43.0196,168858
43.0230,168224
43.0271,168536
43.0312,168662
43.0358,168942
43.0396,168723
43.0436,167575
43.0477,168540
43.0527,168497
43.0559,168821
43.0600,168698
43.0640,168057
43.0685,169066
43.0722,168583
43.0763,168366
43.0805,168464
43.0846,168230
43.0851,168289
43.0887,168489
43.0927,168703
43.0968,167971
43.1018,167983
43.1050,168568
43.1094,168787
43.1132,168580
43.1176,168305
43.1217,168394
43.1254,168795
43.1297,168617
43.1344,168521
43.1378,167533
43.1419,168610
43.1459,169273
43.1502,168143
43.1544,169168
43.1583,167976
43.1624,168499
43.1674,168541
43.1705,168672
43.1746,168894
43.1787,167739
43.1831,168743
43.1869,168564
43.1909,168406
43.1950,168299
43.2008,167558
43.2033,168596
43.2075,168895
43.2116,168699
43.2116,168382
43.2159,167433
43.2198,168751
43.2242,168572
43.2283,168899
43.2339,168828
43.2368,167772
43.2405,169255
43.2443,168233
43.2503,168719
43.2531,168704
43.2573,167559
43.2606,169093
43.2648,168080
43.2693,169205
43.2728,168583
43.2769,168345
43.2811,169959
43.2854,167774
43.2894,169039
43.2934,168618
43.2975,167849
43.3018,169581
43.3057,167972
43.3097,168678
43.3139,168667
43.3184,168033
43.3220,169734
43.3261,167551
43.3303,168720
43.3344,168414
43.3385,168104
43.3386,169270
43.3425,168006
43.3467,168831
43.3512,168321
43.3548,167687
43.3589,169329
43.3630,167856
43.3676,168893
43.3712,168350
43.3752,167951
43.3795,169373
43.3850,167910
43.3876,169004
43.3916,168271
43.3957,168295
43.4004,168757
43.4040,167811
43.4080,168720
43.4121,169051
43.4166,168480
43.4203,168457
43.4244,167783
43.4285,168714
43.4331,168289
43.4367,168480
43.4408,168978
43.4449,167556
43.4495,168718
43.4531,168394
43.4572,168469
43.4614,168818
43.4665,167902
43.4669,168449
43.4696,168697
43.4737,169100
43.4778,168693
43.4828,167589
43.4863,168998
43.4901,168628
43.4941,168521
43.4991,169135
43.5025,167650
43.5064,168554
43.5105,168879
43.5159,168451
43.5190,168358
43.5231,168224
43.5269,168207
43.5330,168475
43.5359,169011
43.5391,168598
43.5432,168036
43.5473,168871
43.5515,168488
43.5559,168143
43.5596,168306
43.5637,168206
43.5682,168835
43.5718,168686
43.5759,169143
43.5801,168417
43.5851,168006
43.5885,168912
43.5925,168540
43.5966,168486
43.5968,168192
43.6010,167865
43.6049,168689
43.6088,168575
43.6129,168750
43.6170,168091
43.6216,168206
43.6251,168621
43.6294,169044
43.6334,168745
43.6374,167874
43.6415,168393
43.6456,168730
43.6500,168392
43.6544,168436
43.6579,167393
43.6620,169294
43.6666,169193
43.6702,168467
43.6743,168950
43.6784,167457
43.6828,168786
43.6867,168465
43.6907,168105
43.6947,168798
43.7001,167777
43.7041,169026
43.7071,168364
43.7111,169150
43.7162,168751
43.7195,167604
43.7235,169343
43.7236,168752
43.7275,169011
43.7326,168533
43.7359,168048
43.7398,168916
43.7439,168489
43.7498,168724
43.7529,168879
43.7567,168047
43.7603,169100
43.7660,167292
43.7692,168567
43.7726,168099
43.7766,167963
43.7823,169498
43.7856,167599
43.7893,168966
43.7930,168636
43.7971,168189
43.8020,169664
43.8054,167699
43.8094,168868
43.8136,168720
43.8181,168088
43.8222,169531
43.8259,167304
43.8300,168651
43.8345,168457
43.8384,167836
43.8424,169249
43.8463,167902
43.8504,168936
43.8507,168468
43.8545,168346
43.8586,169471
43.8627,167498
43.8671,168339
43.8713,168033
43.8750,168143
43.8791,169200
43.8836,167688
43.8883,168729
43.8913,168593
43.8955,167864
43.8997,168356
43.9037,167685
43.9077,168970
43.9118,168867
43.9166,168024
43.9207,169528
43.9241,167943
43.9282,168957
43.9324,169180
43.9364,168099
43.9405,168821
43.9446,167736
43.9501,168921
43.9533,168538
43.9569,168426
43.9610,168707
43.9658,167359
43.9695,168666
43.9736,168367
43.9777,168739
43.9777,168716
43.9815,167705
43.9856,168887
43.9897,168619
43.9937,168643
43.9978,169066
44.0019,168277
44.0060,168653
44.0101,168644
44.0143,168690
44.0184,168502
44.0225,167555
44.0266,168626
44.0307,168468
44.0348,168734
44.0389,168271
44.0430,167672
44.0470,168231
44.0512,168154
44.0553,168698
44.0594,168774
44.0635,167881
44.0676,168360
44.0717,168625
44.0757,168781
44.0798,168238
44.0838,167979
44.0879,168650
44.0921,169022
44.0961,168360
44.1005,168180
44.1045,167867
44.1045,168879
44.1085,168450
44.1125,168489
44.1168,168093
44.1207,168449
44.1249,168966
44.1290,168580
44.1331,168894
44.1372,167784
44.1413,168274
44.1454,168950
44.1495,168388
44.1535,168095
44.1576,167359
44.1617,168594
44.1658,168995
44.1699,168556
44.1741,168392
44.1780,167365
44.1822,168425
44.1863,168161
44.1905,168489
44.1944,168880
44.1985,167504
44.2027,168660
44.2068,168819
44.2109,168909
44.2150,168391
44.2191,166915
44.2232,168826
44.2274,168458
44.2314,168412
44.2315,168610
44.2355,167504
44.2396,169222
44.2438,168519
44.2478,168162
44.2519,168371
44.2559,167417
44.2600,169315
44.2642,167958
44.2683,168746
44.2723,168544
44.2764,168053
44.2805,169623
44.2847,167675
44.2886,168536
44.2927,168507
44.2968,167322
44.3009,169016
44.3051,167728
44.3092,168622
44.3133,168331
44.3174,168044
44.3214,168681
44.3255,168055
44.3296,167611
44.3337,168050
44.3378,167789
44.3419,168897
44.3460,167330
44.3501,168470
44.3544,168681
44.3585,167591
44.3626,169029
44.3627,167483
44.3666,168788
44.3707,168894
44.3747,168275
44.3789,168821
44.3829,167810
44.3870,168748
44.3911,168807
44.3952,167731
44.3993,168711
44.4034,167286
44.4075,168564
44.4115,168708
44.4157,168171
44.4198,169142
44.4239,167473
44.4279,168317
44.4321,168474
44.4362,167881
44.4403,169068
44.4443,167390
44.4485,168605
44.4526,169033
44.4567,168767
44.4608,169053
44.4648,168050
44.4688,169127
44.4730,169224
44.4772,169267
44.4814,169489
44.4854,167788
44.4896,169281
44.4896,168568
44.4934,168671
44.4976,168513
44.5017,167348
44.5058,168556
44.5099,168498
44.5140,168396
44.5180,168330
44.5222,167702
44.5263,169115
44.5304,168742
44.5345,168645
44.5387,168600
44.5426,167672
44.5468,168343
44.5509,168887
44.5549,168619
44.5591,168411
44.5632,167679
44.5672,168841
44.5713,168927
44.5754,168404
44.5795,168143
44.5836,168025
44.5877,168820
44.5919,168809
44.5959,168802
44.6000,168182
44.6041,168136
44.6084,169051
44.6122,168408
44.6165,169067
44.6165,167726
44.6205,168565
44.6245,168709
44.6286,168748
44.6327,168290
44.6369,167424
44.6410,167894
44.6451,169132
44.6492,168579
44.6533,168622
44.6574,167489
44.6614,168464
44.6655,168492
44.6696,168661
44.6737,168872
44.6777,167786
44.6819,168797
44.6860,169072
44.6901,168269
44.6942,168698
44.6982,167543
44.7023,168986
44.7065,168317
44.7106,168872
44.7147,168477
44.7188,167867
44.7229,169349
44.7270,169151
44.7311,168543
44.7353,168913
44.7395,168312
44.7434,169671
44.7436,168924
44.7474,168971
44.7515,168389
44.7557,167592
44.7598,168979
44.7639,167908
44.7680,168777
44.7721,168861
44.7761,167147
44.7803,169020
44.7844,167860
44.7885,168475
44.7926,168589
44.7966,167758
44.8007,169528
44.8048,167516
44.8089,168641
44.8130,168398
44.8171,167786
44.8212,169246
44.8253,167325
44.8294,168183
44.8335,168596
44.8376,167620
44.8417,169105
44.8458,168099
44.8499,168651
44.8540,169201
44.8581,166825
44.8623,169473
44.8664,167525
44.8705,169025
44.8706,168235
44.8744,167766
44.8785,169354
44.8826,167575
44.8866,168630
44.8907,168768
44.8949,168119
44.8990,168849
44.9030,167497
44.9071,168335
44.9112,168223
44.9154,167762
44.9195,168925
44.9236,167070
44.9276,168757
44.9318,167635
44.9359,168171
44.9400,168656
44.9440,167097
44.9481,168911
44.9522,167989
44.9563,167845
44.9604,168362
44.9645,167439
44.9687,168693
44.9727,168825
44.9768,167906
44.9809,168296
44.9850,167816
44.9894,168348
44.9934,168390
44.9974,167937
44.9975,168838
45.0014,167532
45.0055,168510
45.0096,168207
45.0136,168434
45.0177,168215
45.0219,167644
45.0259,168477
45.0301,168382
45.0342,168183
45.0383,168385
45.0424,167551
45.0465,168438
45.0506,168667
45.0547,168535
45.0587,168065
45.0629,167902
45.0670,168570
45.0710,167781
45.0751,168209
45.0792,167792
45.0834,167737
45.0876,168193
45.0915,168275
45.0956,168152
45.0997,167751
45.1038,167682
45.1079,168293
45.1120,168350
45.1161,168343
45.1204,168024
45.1244,168350
45.1245,168335
45.1284,168611
45.1324,167985
45.1366,167619
45.1407,168102
45.1447,168184
45.1489,168609
45.1530,168331
45.1571,167485
45.1611,168912
45.1652,168046
45.1693,168564
45.1734,168597
45.1774,167749
45.1818,168384
45.1857,168430
45.1898,168564
45.1939,168569
45.1980,167860
45.2021,168836
45.2062,168540
45.2103,168417
45.2144,168582
45.2185,167687
45.2226,168740
45.2267,168576
45.2308,168557
45.2349,168221
45.2390,167629
45.2431,168661
45.2473,167680
45.2513,168562
45.2514,168411
45.2553,167703
45.2594,168804
45.2634,167851
45.2676,168705
45.2717,168499
45.2759,168222
45.2799,169491
45.2840,168206
45.2881,168861
45.2922,168270
45.2962,167588
45.3004,169447
45.3045,167847
45.3086,168635
45.3127,168975
45.3168,167766
45.3209,169647
45.3250,167314
45.3290,168700
45.3331,168390
45.3372,167653
45.3413,169333
45.3454,167769
45.3496,168974
45.3537,168407
45.3577,168106
45.3619,168970
45.3659,167255
45.3700,168828
45.3744,168347
45.3784,167882
45.3785,168711
45.3823,167755
45.3864,168442
45.3904,168769
45.3946,167905
45.3987,168860
45.4028,167768
45.4069,168593
45.4109,168681
45.4151,168552
45.4191,168922
45.4232,166604
45.4274,168450
45.4314,168679
45.4355,168317
45.4396,169501
45.4436,167460
45.4478,169182
45.4519,168623
45.4560,168178
45.4601,168913
45.4641,167015
45.4682,168276
45.4723,168561
45.4764,168189
45.4806,168872
45.4846,167896
45.4888,168560
45.4929,168327
45.4969,168077
45.5013,168431
45.5056,168165
45.5057,169081
45.5093,169033
45.5134,168090
45.5175,168203
45.5216,167584
45.5257,168775
45.5298,168563
45.5339,168496
45.5379,168473
45.5420,167765
45.5461,168649
45.5503,168463
45.5543,168257
45.5584,168325
45.5625,168162
45.5667,168532
45.5707,168654
45.5750,168764
45.5788,168384
45.5830,167746
45.5871,168887
45.5912,168791
45.5953,169092
45.5994,167908
45.6035,168551
45.6076,168826
45.6117,168748
45.6159,168469
45.6199,168337
45.6240,168291
45.6282,168659
45.6321,168781
45.6322,168970
45.6362,167763
45.6404,168191
45.6445,169084
45.6486,168483
45.6527,168661
45.6567,167591
45.6608,167999
45.6649,168657
45.6690,168627
45.6732,168943
45.6772,167805
45.6813,169000
45.6854,168822
45.6895,168127
45.6936,168230
45.6977,168083
45.7018,169022
45.7059,168681
45.7099,168835
45.7141,168572
45.7182,167960
45.7223,169084
45.7264,168880
45.7305,168213
45.7346,168908
45.7387,168156
45.7428,169036
45.7468,168752
45.7510,168860
45.7552,168080
45.7593,168232
45.7634,169110
45.7634,168350
45.7673,168493
45.7714,168282
45.7754,168302
45.7797,169561
45.7838,167952
45.7877,168645
45.7919,168566
45.7960,167736
45.8000,169775
45.8041,167509
45.8082,169063
45.8123,168549
45.8164,167915
45.8205,169796
45.8246,167852
45.8287,168856
45.8328,168957
45.8370,168053
45.8410,169059
45.8451,168442
45.8492,168967
45.8533,168940
45.8574,168035
45.8616,169326
45.8656,168171
45.8696,168659
45.8738,168945
45.8779,168367
45.8825,169723
45.8863,167970
45.8903,169042
45.8904,168462
45.8945,168130
45.8984,169804
45.9025,167180
45.9067,168973
45.9107,168996
45.9148,168374
45.9189,169030
45.9230,167612
45.9271,169042
45.9312,168853
45.9353,168377
45.9394,169056
45.9434,168221
45.9476,168412
45.9517,168884
45.9557,168346
45.9597,169054
45.9640,167265
45.9680,168704
45.9721,168711
45.9762,168243
45.9803,168601
45.9846,167436
45.9884,168592
45.9925,168344
45.9972,168020
46.0013,168785
46.0048,167643
46.0091,168855
46.0130,168544
46.0172,169037
46.0173,168645
46.0212,167846
46.0253,168892
46.0300,168797
46.0336,168724
46.0377,168124
46.0418,167991
46.0458,168818
46.0502,168660
46.0541,168697
46.0581,168940
46.0622,167749
46.0667,168850
46.0703,169303
46.0744,168810
46.0786,168697
46.0828,168154
46.0867,168955
46.0908,168126
46.0950,169224
46.0997,168270
46.1032,168879
46.1073,168868
46.1114,168708
46.1161,168704
46.1195,168240
46.1236,168643
46.1277,168684
46.1321,168861
46.1360,169036
46.1401,168311
46.1441,168373
46.1442,168761
46.1486,168809
46.1523,168930
46.1563,167757
46.1604,168361
46.1651,169243
46.1688,168840
46.1728,168730
46.1769,168094
46.1810,168825
46.1850,168711
46.1897,169069
46.1932,168257
46.1976,167816
46.2014,169150
46.2055,168567
46.2096,169012
46.2140,168913
46.2178,167754
46.2219,168595
46.2260,168291
46.2313,168684
46.2342,168280
46.2383,167724
46.2423,168759
46.2468,168526
46.2507,168813
46.2546,168594
46.2588,167584
46.2631,168871
46.2671,167998
46.2711,168506
46.2712,168150
46.2751,167732
46.2797,168928
46.2833,168604
46.2874,168604
46.2915,168535
46.2956,167688
46.3005,169081
46.3038,167536
46.3079,168405
46.3120,168760
46.3161,167838
46.3202,169211
46.3243,167823
46.3284,168394
46.3328,168074
46.3366,167564
46.3407,169491
46.3448,167461
46.3493,168470
46.3535,168959
46.3570,167859
46.3612,169518
46.3652,167325
46.3706,168572
46.3734,168157
46.3776,167767
46.3824,169323
46.3857,167157
46.3898,168570
46.3939,168176
46.3980,168025
46.3981,168594
46.4021,167502
46.4062,168706
46.4104,168310
46.4146,168180
46.4185,168993
46.4226,167525
46.4266,168167
46.4309,167938
46.4353,167949
46.4394,168432
46.4431,167530
46.4472,168935
46.4522,168008
46.4558,167539
46.4594,168580
46.4644,167427
46.4677,168370
46.4717,168443
46.4758,168188
46.4806,168701
46.4844,167372
46.4887,168446
46.4922,168514
46.4969,168191
46.5004,168680
46.5045,167763
46.5086,168333
46.5130,168542
46.5174,168351
46.5209,168358
46.5251,167011
46.5252,168362
46.5291,167859
46.5332,168201
46.5373,168545
46.5413,168052
46.5455,168237
46.5502,168512
46.5537,168082
46.5577,168463
46.5619,167831
46.5665,168758
46.5707,168501
46.5741,168407
46.5783,168286
46.5827,167631
46.5865,168541
46.5906,168476
46.5947,168165
46.5988,167913
46.6034,167663
46.6071,168217
46.6112,168689
46.6158,168765
46.6194,168408
46.6233,167762
46.6274,168724
46.6315,168154
46.6361,168824
46.6397,167618
46.6438,168280
46.6479,168510
46.6521,168096
46.6521,168778
46.6560,167963
46.6601,168474
46.6650,169012
46.6690,168554
46.6724,168631
46.6765,167888
46.6813,168458
46.6850,168604
46.6889,168626
46.6929,168310
46.6972,167847
46.7021,168498
46.7052,168410
46.7093,168623
46.7143,168450
46.7175,167719
46.7216,168954
46.7256,168342
46.7298,168493
46.7339,168926
46.7380,167941
46.7421,169000
46.7462,168113
46.7504,168411
46.7548,168619
46.7584,167486
46.7634,169012
46.7667,168099
46.7708,168599
46.7750,168397
46.7790,167955
46.7791,168921
46.7839,167945
46.7872,168650
46.7912,168176
46.7953,167268
46.7994,169231
46.8035,167518
46.8076,168684
46.8117,168684
46.8159,167494
46.8200,168842
46.8247,168010
46.8281,168178
46.8329,168408
46.8368,168009
46.8404,168935
46.8445,167784
46.8497,168711
46.8528,168993
46.8568,167896
46.8609,169311
46.8651,167246
46.8695,168899
46.8734,168744
46.8774,168205
46.8814,168860
46.8857,167540
46.8895,168074
46.8937,168704
46.8981,167957
46.9019,169266
46.9060,167307
46.9061,168574
46.9100,168715
46.9147,167799
46.9181,169016
46.9223,167488
46.9264,168387
46.9311,168552
46.9346,167570
46.9386,169006
46.9428,167169
46.9479,168877
46.9510,168876
46.9550,168328
46.9591,169417
46.9638,167409
46.9677,168431
46.9715,169077
46.9755,168652
46.9804,168640
46.9840,167463
46.9879,168700
46.9919,168777
46.9960,169018
47.0011,169014
47.0045,168569
47.0083,168637
47.0124,169182
47.0165,168729
47.0206,169101
47.0247,168171
47.0291,169500
47.0332,168790
47.0333,168107
47.0370,168341
47.0411,167847
47.0452,168554
47.0493,168598
47.0534,168789
47.0575,168144
47.0617,168070
47.0657,168591
47.0698,169089
47.0739,168807
47.0780,168760
47.0820,168246
47.0862,168077
47.0903,168546
47.0944,168860
47.0984,168226
47.1026,168691
47.1067,168423
47.1108,168991
47.1149,168418
47.1189,167934
47.1230,168702
47.1272,168235
47.1312,168547
47.1353,168370
47.1395,168162
47.1435,168460
47.1477,168671
47.1517,168600
47.1559,168542
47.1600,168153
47.1641,168436
47.1642,168313
47.1681,168690
47.1722,168219
47.1762,167333
47.1804,168905
47.1845,169098
47.1886,168502
47.1926,168874
47.1968,167501
47.2008,169061
47.2049,168568
47.2090,168441
47.2133,168346
47.2171,167742
47.2212,169017
47.2254,168202
47.2294,169030
47.2336,168267
47.2378,167282
47.2418,169083
47.2460,168621
47.2500,168653
47.2541,168753
47.2582,167387
47.2623,169241
47.2664,167925
47.2705,168525
47.2746,168797
47.2786,168029
47.2829,169000
47.2870,167684
47.2910,168617
47.2911,168776
47.2951,167965
47.2991,169273
47.3033,168008
47.3074,168503
47.3115,169248
47.3156,168053
47.3197,168955
47.3237,167902
47.3278,168446
47.3320,168998
47.3361,167844
47.3401,168955
47.3443,168163
47.3484,169049
47.3524,168853
47.3565,168279
47.3608,169249
47.3647,168037
47.3688,168518
47.3729,168987
47.3770,168021
47.3811,169101
47.3852,168318
47.3893,168399
47.3934,168970
47.3975,167742
47.4016,168929
47.4057,167491
47.4100,168784
47.4140,168834
47.4181,168213
47.4181,169502
47.4220,167351
47.4261,168886
47.4302,168879
47.4343,168388
47.4384,168824
47.4424,167757
47.4467,168615
47.4507,168547
47.4548,168476
47.4589,168615
47.4630,167610
47.4671,168956
47.4712,168811
47.4752,168932
47.4794,168875
47.4835,168059
47.4876,168984
47.4917,169058
47.4958,168701
47.4998,168898
47.5039,167377
47.5080,169122
47.5121,168723
47.5163,168972
47.5204,168810
47.5244,167812
47.5285,168838
47.5327,168580
47.5369,168832
47.5410,168809
47.5450,168148
47.5451,168872
47.5490,169124
47.5531,168675
47.5572,168346
47.5613,167852
47.5654,168372
47.5695,168653
47.5736,168644
47.5777,168433
47.5818,168206
47.5859,169170
47.5900,169193
47.5941,169017
47.5982,169034
47.6023,168023
47.6064,168905
47.6105,168719
47.6146,168945
47.6187,168723
47.6228,168302
47.6268,168969
47.6309,168758
47.6350,169576
47.6391,168346
47.6432,168929
47.6473,168781
47.6514,168815
47.6555,168168
47.6596,167556
47.6639,168869
47.6679,168930
47.6720,168338
47.6721,168820
47.6760,167979
47.6800,168701
47.6841,169071
47.6882,168770
47.6923,168770
47.6965,167762
47.7006,168768
47.7047,168999
47.7088,168702
47.7129,168463
47.7169,168138
47.7210,169295
47.7252,168326
47.7292,169116
47.7333,169474
47.7376,168133
47.7415,169650
47.7457,168583
47.7497,168464
47.7538,169074
47.7579,168314
47.7620,169401
47.7661,168439
47.7702,168527
47.7743,168317
47.7784,168059
47.7825,170052
47.7866,168645
47.7909,168563
47.7948,168886
47.7989,167829
47.7990,169909
47.8030,167940
47.8071,169055
47.8112,168696
47.8152,167706
47.8193,169740
47.8233,167930
47.8275,168983
47.8316,168994
47.8357,167930
47.8399,169518
47.8439,167890
47.8480,168813
47.8521,168464
47.8562,168478
47.8603,169730
47.8644,167569
47.8684,169006
47.8725,168786
47.8767,167849
47.8808,169202
47.8849,168557
47.8890,169066
47.8931,169200
47.8972,168093
47.9012,169466
47.9053,168022
47.9094,168579
47.9136,168995
47.9176,168168
47.9218,169114
47.9259,167829
47.9261,168560
47.9299,169079
47.9339,167886
47.9380,169309
47.9422,167539
47.9462,167884
47.9503,168892
47.9544,168485
47.9586,168596
47.9626,167748
47.9667,169299
47.9708,168377
47.9749,168483
47.9790,168879
47.9831,167966
47.9872,168515
47.9913,168797
47.9954,169038
47.9995,168428
48.0036,168102
48.0077,168997
48.0118,168577
48.0159,169009
48.0200,168889
48.0241,167444
48.0282,168202
48.0323,168457
48.0364,168809
48.0405,169061
48.0446,167946
48.0489,168697
48.0530,169253
48.0531,168583
48.0568,168768
48.0610,167822
48.0650,168868
48.0691,169025
48.0732,168873
48.0773,168144
48.0814,167950
48.0855,168759
48.0897,168497
48.0938,169202
48.0979,168061
48.1020,167735
48.1060,168396
48.1102,169132
48.1143,168619
48.1184,168337
48.1224,168382
48.1266,169067
48.1307,168691
48.1347,168242
48.1388,168334
48.1429,168452
48.1470,168833
48.1511,168865
48.1552,169109
48.1593,167819
48.1634,168400
48.1675,168386
48.1717,168232
48.1757,168057
48.1799,167963
48.1800,168434
48.1839,169092
48.1880,169184
48.1920,168704
48.1962,167179
48.2003,168965
48.2044,169024
48.2085,168326
48.2125,169334
48.2167,167840
48.2207,169057
48.2248,168513
48.2289,168456
48.2330,168769
48.2371,167793
48.2412,169281
48.2453,168455
48.2494,168811
48.2535,168493
48.2577,167674
48.2617,169067
48.2658,167680
48.2699,168946
48.2740,169037
48.2781,167704
48.2822,169383
48.2863,168777
48.2904,169195
48.2946,169257
48.2986,167708
48.3028,169059
48.3069,167845
48.3070,168364
48.3109,168672
48.3150,168050
48.3191,169214
48.3232,168129
48.3273,169198
48.3313,168386
48.3353,167757
48.3395,169315
48.3437,167876
48.3477,168722
48.3518,168778
48.3559,167877
48.3600,169520
48.3641,167735
48.3683,169061
48.3723,168739
48.3764,167733
48.3805,168339
48.3846,167022
48.3887,169180
48.3928,168767
48.3969,167749
48.4010,169262
48.4052,167624
48.4092,168734
48.4132,168912
48.4173,168072
48.4214,169112
48.4255,167773
48.4298,168773
48.4339,169385
48.4340,168474
48.4378,169264
48.4418,168092
48.4461,169152
48.4502,168920
48.4543,168362
48.4582,169062
48.4623,167863
48.4664,169267
48.4705,169276
48.4746,168560
48.4787,168754
48.4828,167637
48.4869,169166
48.4910,169068
48.4951,167780
48.4992,169167
48.5034,168159
48.5075,169414
48.5116,169366
48.5158,168897
48.5198,169210
48.5238,168251
48.5279,168797
48.5320,168696
48.5360,168849
48.5402,168754
48.5443,167809
48.5484,168916
48.5525,168537
48.5568,168901
48.5608,169008
48.5608,168093
48.5648,168674
48.5689,168231
48.5730,169014
48.5771,168469
48.5812,168102
48.5853,169014
48.5894,169084
48.5935,169094
48.5976,168514
48.6017,168648
48.6058,168852
48.6099,168639
48.6140,168867
48.6180,168045
48.6221,168347
48.6263,169246
48.6303,169144
48.6344,169165
48.6385,168252
48.6427,168823
48.6467,168991
48.6508,168876
48.6549,169307
48.6590,167699
48.6631,168901
48.6672,168784
48.6713,169235
48.6753,169094
48.6795,168578
48.6838,169177
48.6878,169299
48.6879,168970
48.6917,168693
48.6959,167756
48.7000,168965
48.7040,168638
48.7082,168942
48.7123,168884
48.7163,167823
48.7204,168973
48.7245,168647
48.7287,169099
48.7327,168438
48.7368,167608
48.7409,169473
48.7450,167819
48.7491,169333
48.7532,168544
48.7572,167688
48.7615,169650
48.7654,168561
48.7695,169192
48.7736,168508
48.7777,167765
48.7818,169387
48.7859,168391
48.7900,169034
48.7942,168662
48.7983,168082
48.8024,169549
48.8065,168674
48.8108,168713
48.8148,168580
48.8149,167917
48.8187,169252
48.8229,168392
48.8269,168854
48.8310,168768
48.8351,168000
48.8391,169025
48.8433,168273
48.8474,169379
48.8515,169047
48.8557,168433
48.8597,169501
48.8639,168183
48.8678,168713
48.8719,169411
48.8760,168642
48.8801,169481
48.8842,167626
48.8883,168616
48.8924,168482
48.8965,168488
48.9006,169704
48.9047,167607
48.9088,168196
48.9128,168346
48.9169,168302
48.9211,169003
48.9251,167932
48.9293,169265
48.9334,169190
48.9375,167974
48.9417,169123
48.9459,168030
48.9460,168648
48.9498,168813
48.9539,168433
48.9581,169147
48.9622,167641
48.9662,169247
48.9704,169231
48.9744,168721
48.9784,169182
48.9826,168153
48.9866,169297
48.9907,169218
48.9949,168659
48.9990,169083
49.0031,168350
49.0071,168948
49.0112,168684
49.0153,168800
49.0194,169318
49.0235,167871
49.0276,169146
49.0317,169205
49.0358,168812
49.0399,168467
49.0440,168000
49.0481,169121
49.0522,169402
49.0563,169311
49.0604,168942
49.0647,168247
49.0688,169046
49.0726,168415
49.0726,168826
49.0767,168966
49.0808,168494
49.0850,169154
49.0891,168921
49.0932,168929
49.0973,168328
49.1014,169230
49.1054,169238
49.1095,169347
49.1137,169083
49.1177,168025
49.1218,169135
49.1259,169134
49.1300,169090
49.1341,169202
49.1382,167965
49.1422,168606
49.1463,168796
49.1505,168744
49.1546,168798
49.1587,168027
49.1628,168377
49.1669,169009
49.1710,169174
49.1751,168657
49.1792,167751
49.1833,169278
49.1875,168534
49.1915,168788
49.1957,168866
49.1998,168055
49.1998,169100
49.2038,168518
49.2079,168505
49.2120,169234
49.2160,167948
49.2201,169243
49.2242,169010
49.2284,169033
49.2324,168766
49.2365,167676
49.2407,169126
49.2447,168435
49.2488,168545
49.2529,168813
49.2570,167996
49.2611,169247
49.2652,168030
49.2693,168455
49.2734,169155
49.2775,167902
49.2816,170057
49.2857,168213
49.2898,169272
49.2939,169218
49.2980,167700
49.3020,169207
49.3062,167862
49.3102,168466
49.3144,168793
49.3186,167356
49.3227,169971
49.3268,167993
49.3269,168342
49.3307,169252
49.3348,168322
49.3389,169825
49.3430,168048
49.3471,168904
49.3512,168738
49.3552,167945
49.3594,169088
49.3635,168336
49.3676,168705
49.3717,169271
49.3758,168365
49.3799,168999
49.3840,167746
49.3881,168947
49.3922,168913
49.3963,168346
49.4003,169139
49.4044,167429
49.4085,168860
49.4127,169292
49.4167,168483
49.4208,169038
49.4249,168103
49.4291,168609
49.4331,169211
49.4372,168906
49.4412,168823
49.4454,168055
49.4498,168530
49.4537,168275
49.4537,168559
49.4577,169568
49.4618,167744
49.4659,169142
49.4700,168850
49.4741,168593
49.4782,169030
49.4823,168099
49.4864,169026
49.4905,168764
49.4946,168491
49.4987,169242
49.5027,168254
49.5069,169547
49.5109,168699
49.5150,168871
49.5191,169113
49.5232,168283
49.5273,169347
49.5314,168653
49.5355,168210
49.5397,168737
49.5437,167578
49.5478,168905
49.5519,168960
49.5560,168725
49.5601,168774
49.5642,168185
49.5683,168773
49.5724,169117
49.5766,169129
49.5807,168310
49.5808,168361
49.5847,169196
49.5888,169247
49.5929,168562
49.5969,168980
49.6010,168382
49.6051,169341
49.6092,168931
49.6133,168992
49.6175,168780
49.6215,168259
49.6256,168807
49.6297,169245
49.6338,169427
49.6379,168385
49.6420,168424
49.6461,168478
49.6502,168478
49.6543,168804
49.6583,167905
49.6625,168780
49.6666,169195
49.6707,168870
49.6747,168786
49.6788,167805
49.6829,169047
49.6871,168847
49.6911,168553
49.6953,169072
49.6994,168178
49.7034,168605
49.7077,168996
49.7078,168760
49.7116,169058
49.7156,167725
49.7197,169394
49.7239,168797
49.7280,168773
49.7321,169186
49.7362,168022
49.7403,169067
49.7444,169003
49.7485,168994
49.7526,168968
49.7567,167341
49.7607,169480
49.7648,168460
49.7689,168575
49.7730,168994
49.7772,168308
49.7813,169251
49.7854,168441
49.7895,169089
49.7936,168781
49.7976,168796
49.8017,169714
49.8059,167930
49.8099,169000
49.8140,169445
49.8181,167858
49.8222,169968
49.8264,168570
49.8305,169003
49.8347,168771
49.8347,168777
49.8387,169631
49.8427,168243
49.8469,169255
49.8509,169440
49.8550,168242
49.8591,170440
49.8632,167602
49.8673,168890
49.8714,169370
49.8755,168079
49.8796,169219
49.8836,168166
49.8878,168814
49.8919,169075
49.8960,168439
49.9000,168810
49.9042,167759
49.9082,168375
49.9123,168978
49.9164,168518
49.9205,169268
49.9246,167607
49.9287,169424
49.9328,168996
49.9369,168386
49.9409,169604
49.9451,168374
49.9492,169161
49.9533,169220
49.9576,168787
49.9617,169035
49.9618,168307
49.9656,169029
49.9697,168659
49.9737,168761
49.9779,169440
49.9819,168109
49.9860,169114
49.9901,168853
49.9943,168940
49.9984,169114
50.0025,168102
50.0066,168832
50.0106,168736
50.0147,168580
50.0188,168923
50.0229,168829
50.0270,169188
50.0311,168851
50.0351,168758
50.0392,168604
50.0433,168306
50.0475,168805
50.0516,168784
50.0556,168632
50.0597,168484
50.0638,168329
50.0680,168968
50.0721,168664
50.0762,168423
50.0803,168214
50.0845,168401
50.0886,169073
50.0927,169042
50.0928,169195
50.0967,168561
50.1007,168208
50.1048,168813
50.1090,168886
50.1130,168814
50.1171,168545
50.1212,168631
50.1253,168980
50.1294,169270
50.1335,168902
50.1377,168478
50.1418,168290
50.1458,169165
50.1499,169618
50.1540,169139
50.1580,168443
50.1622,168490
50.1663,168676
50.1704,168424
50.1744,168629
50.1786,168123
50.1827,168706
50.1868,168722
50.1908,168731
50.1950,168858
50.1991,167939
50.2032,169449
50.2073,169198
50.2115,169032
50.2156,168318
50.2196,167449
50.2197,169037
50.2236,168956
50.2277,168792
50.2318,168443
50.2359,167954
50.2400,169101
50.2443,168344
50.2482,168738
50.2522,168618
50.2564,167720
50.2605,169959
50.2646,168814
50.2687,168989
50.2728,168970
50.2769,167675
50.2810,169744
50.2851,168339
50.2892,168864
50.2933,168971
50.2974,168404
50.3015,169738
50.3055,168310
50.3097,168758
50.3137,169061
50.3178,168028
50.3219,169843
50.3260,168175
50.3302,168688
50.3343,169532
50.3384,168138
50.3426,169333
50.3466,168155
50.3467,169346
50.3505,169012
50.3546,168389
50.3588,169615
50.3628,168105
50.3669,168879
50.3711,168964
50.3752,168416
50.3793,170173
50.3834,167580
50.3875,169106
50.3916,168732
50.3957,168468
50.3997,169516
50.4038,167928
50.4079,168808
50.4120,169162
50.4161,168043
50.4202,169339
50.4242,168160
50.4284,168683
50.4325,169205
50.4366,169007
50.4406,169174
50.4447,168021
50.4488,169156
50.4530,169043
50.4571,168817
50.4612,169308
50.4654,168190
50.4695,169014
50.4736,169640
50.4737,168876
50.4776,168659
50.4816,168023
50.4857,169061
50.4898,168890
50.4939,169077
50.4980,169319
50.5021,167991
50.5062,169372
50.5103,169021
50.5143,168983
50.5185,169019
50.5226,168476
50.5267,168206
50.5308,168355
50.5349,168820
50.5390,168631
50.5431,168711
50.5472,169109
50.5513,169080
50.5553,168992
50.5595,168821
50.5635,168429
50.5676,169092
50.5718,169391
50.5759,169416
50.5799,168276
50.5841,168598
50.5882,168838
50.5925,168380
50.5966,168945
50.6006,168683
50.6007,168367
50.6046,169157
50.6087,169082
50.6127,169087
50.6168,167832
50.6209,168407
50.6251,168758
50.6291,169056
50.6332,168958
50.6374,167816
50.6415,168723
50.6455,168967
50.6496,169220
50.6537,168991
50.6577,167687
50.6619,169096
50.6660,169182
50.6701,168708
50.6741,168774
50.6783,167283
50.6824,169238
50.6865,169091
50.6905,168663
50.6947,168948
50.6987,167968
50.7027,169292
50.7070,168436
50.7110,169501
50.7152,168504
50.7194,167956
50.7235,170064
50.7276,168557
50.7277,169379
50.7315,169299
50.7357,167886
50.7397,169294
50.7438,168536
50.7479,169096
50.7520,169032
50.7561,168404
50.7601,169467
50.7643,168011
50.7684,169577
50.7726,169053
50.7766,168006
50.7807,170200
50.7848,168075
50.7889,169282
50.7930,169184
50.7971,167767
50.8012,170072
50.8052,167885
50.8093,169057
50.8134,168678
50.8175,167773
50.8217,169870
50.8257,167667
50.8298,168707
50.8339,168743
50.8380,167859
50.8421,169479
50.8464,167748
50.8505,168172
50.8545,168636
50.8546,168087
50.8584,169415
50.8626,167465
50.8667,169001
50.8708,168948
50.8749,168398
50.8790,169463
50.8831,167367
50.8872,168906
50.8912,169291
50.8952,168295
50.8993,169766
50.9034,167709
50.9076,168611
50.9116,168865
50.9157,168644
50.9198,169528
50.9240,167907
50.9280,169173
50.9321,168749
50.9362,167964
50.9403,168921
50.9444,167774
50.9485,168970
50.9526,168824
50.9567,168597
50.9608,168560
50.9649,168271
50.9690,168751
50.9735,169084
50.9776,169120
50.9816,168899
50.9817,167907
50.9855,169016
50.9896,169311
50.9937,169374
50.9977,168748
51.0018,167954
51.0060,168916
51.0100,168738
51.0141,169226
51.0182,169001
51.0222,168267
51.0263,168727
51.0304,169000
51.0347,168768
51.0387,168806
51.0428,167247
51.0469,169109
51.0510,169409
51.0551,168969
51.0592,168565
51.0633,168299
51.0673,168734
51.0715,169272
51.0756,168912
51.0797,168949
51.0838,168407
51.0879,169150
51.0920,168840
51.0961,168952
51.1002,168587
51.1044,168419
51.1085,169053
51.1085,169012
51.1124,168489
51.1164,168006
51.1206,168771
51.1246,168713
51.1288,168973
51.1329,169211
51.1370,167712
51.1411,168220
51.1452,168530
51.1493,168772
51.1534,168547
51.1574,167762
51.1616,169447
51.1656,169090
51.1698,168563
51.1738,168812
51.1779,167508
51.1821,169512
51.1862,168415
51.1902,168892
51.1943,168815
51.1984,167973
51.2025,169146
51.2067,168680
51.2107,168569
51.2148,168661
51.2189,167871
51.2230,169883
51.2271,168899
51.2314,169051
51.2354,168583
51.2355,167986
51.2394,169595
51.2435,168568
51.2476,169045
51.2517,169210
51.2557,168425
51.2599,169989
51.2640,168133
51.2681,168786
51.2722,169089
51.2763,167568
51.2804,169513
51.2845,168040
51.2886,169316
51.2927,168728
51.2967,168048
51.3008,169429
51.3049,167835
51.3090,168437
51.3131,168903
51.3172,167788
51.3213,170017
51.3254,167431
51.3295,168390
51.3337,168664
51.3377,168330
51.3417,169543
51.3459,168025
51.3500,168991
51.3541,169111
51.3583,168529
51.3624,169044
51.3625,168512
51.3664,168647
51.3705,168830
51.3746,168096
51.3787,168995
51.3828,167920
51.3869,168874
51.3910,169134
51.3951,167973
51.3992,169781
51.4032,167585
51.4073,169132
51.4114,169135
51.4155,168564
51.4197,169359
51.4237,168068
51.4278,168592
51.4319,168942
51.4360,168618
51.4400,169375
51.4442,168020
51.4483,168398
51.4524,168796
51.4565,168313
51.4606,169308
51.4647,167617
51.4688,168835
51.4728,168422
51.4770,168693
51.4811,169138
51.4853,167885
51.4894,168953
51.4895,168749
51.4933,168872
51.4974,168954
51.5015,168310
51.5057,168459
51.5097,168757
51.5138,168835
51.5179,168513
51.5220,167632
51.5261,168574
51.5302,169097
51.5343,169130
51.5384,168732
51.5425,168777
51.5467,168947
51.5507,168872
51.5548,168849
51.5589,168671
51.5629,168149
51.5671,169348
51.5712,168885
51.5753,169064
51.5793,168553
51.5835,168111
51.5875,168487
51.5916,168859
51.5957,168993
51.5998,168279
51.6039,168669
51.6081,168871
51.6122,168983
51.6164,168811
51.6165,167985
51.6203,168619
51.6244,169009
51.6285,169102
51.6328,168561
51.6367,168632
51.6408,168660
51.6449,169056
51.6490,169587
51.6531,168804
51.6571,167675
51.6613,169113
51.6654,168841
51.6695,168944
51.6735,168857
51.6777,168081
51.6818,168835
51.6858,169219
51.6899,168580
51.6940,168782
51.6981,168021
51.7023,169439
51.7063,168439
51.7105,169013
51.7145,168972
51.7187,168040
51.7227,169506
51.7268,168245
51.7310,169014
51.7351,168693
51.7392,167953
51.7433,169490
51.7434,168120
51.7472,169106
51.7513,168818
51.7554,168218
51.7595,169758
51.7636,168270
51.7677,168799
51.7718,168820
51.7759,167934
51.7799,169649
51.7842,168490
51.7881,168712
51.7923,168680
51.7965,168018
51.8005,169403
51.8046,167860
51.8087,169511
51.8128,169064
51.8168,168156
51.8210,169503
51.8251,168227
51.8292,169131
51.8332,169409
51.8374,168398
51.8415,169805
51.8456,168442
51.8497,168880
51.8539,169290
51.8578,168600
51.8619,169550
51.8664,168153
51.8704,168892
51.8743,169033
51.8744,168687
51.8784,169695
51.8825,167703
51.8866,169017
51.8907,169237
51.8947,169093
51.8988,169497
51.9029,167960
51.9070,168858
51.9111,168821
51.9152,168109
51.9195,169347
51.9233,167669
51.9274,168572
51.9316,168744
51.9356,169076
51.9397,168946
51.9438,168754
51.9479,168873
51.9520,169045
51.9561,168742
51.9602,169175
51.9643,168399
51.9684,169430
51.9725,169144
51.9766,168778
51.9808,169118
51.9849,167975
51.9890,169102
51.9932,168989
51.9973,168354
52.0015,168792
52.0016,168528
52.0053,168893
52.0094,169391
52.0135,169348
52.0176,168386
52.0217,167831
52.0257,169394
52.0298,169519
52.0339,168859
52.0380,168800
52.0421,168338
52.0462,168790
52.0503,169371
52.0544,168705
52.0586,168335
52.0629,168405
52.0668,169122
52.0709,169294
52.0749,168081
52.0790,168482
52.0831,168395
52.0872,168740
52.0912,168946
52.0954,168550
52.0995,169071
52.1036,168010
52.1078,169179
52.1118,169213
52.1161,168595
52.1204,168361
52.1244,168754
52.1285,168975
52.1286,169276
52.1323,168670
52.1364,168114
52.1404,169152
52.1445,169292
52.1486,169378
52.1527,168901
52.1568,167918
52.1610,169377
52.1651,168290
52.1691,168651
52.1732,169072
52.1774,167927
52.1814,168857
52.1855,168969
52.1897,168816
52.1937,168975
52.1978,167847
52.2019,168956
52.2061,168515
52.2101,168930
52.2142,168622
52.2182,167859
52.2224,169233
52.2264,168029
52.2306,168436
52.2347,168076
52.2388,167754
52.2430,169706
52.2471,168453
52.2512,168734
52.2553,168654
52.2554,168098
52.2593,169593
52.2634,168341
52.2675,169060
52.2716,168940
52.2757,167811
52.2798,169388
52.2839,168230
52.2879,169541
52.2920,169003
52.2961,167906
52.3002,169337
52.3043,168104
52.3084,169263
52.3125,169198
52.3167,168314
52.3207,169600
52.3248,167700
52.3289,168453
52.3330,168816
52.3371,168588
52.3412,169929
52.3453,167959
52.3494,168783
52.3535,169285
52.3576,168428
52.3617,169121
52.3658,168406
52.3699,168524
52.3740,168968
52.3782,168527
52.3822,168997
52.3822,167517
52.3863,169271
52.3903,168809
52.3944,168438
52.3985,169025
52.4026,168179
52.4067,168729
52.4108,168948
52.4149,168535
52.4190,169062
52.4230,167797
52.4272,168622
52.4313,168594
52.4354,168647
52.4394,169043
52.4436,167980
52.4477,168402
52.4517,168891
52.4559,168971
52.4600,169172
52.4641,168613
52.4682,169391
52.4723,168811
52.4763,168614
52.4805,168138
52.4846,168330
52.4886,169210
52.4927,168962
52.4968,168549
52.5010,168948
52.5052,168012
52.5093,169092
52.5093,168911
52.5132,168854
52.5173,169001
52.5214,168154
52.5255,169127
52.5296,169231
52.5337,169225
52.5378,168647
52.5418,167864
52.5459,169582
52.5500,168993
52.5542,168537
52.5582,168416
52.5624,168319
52.5665,168677
52.5706,169441
52.5746,168326
52.5787,167997
52.5828,168095
52.5870,169314
52.5910,169617
52.5950,168374
52.5992,167883
52.6033,168974
52.6074,168929
52.6115,168465
52.6156,168845
52.6197,167918
52.6237,168915
52.6279,168896
52.6323,169008
52.6363,168916
52.6364,167782
52.6401,168509
52.6443,169133
52.6484,168653
52.6525,168646
52.6565,167877
52.6606,169491
52.6647,168744
52.6688,168410
52.6729,168722
52.6770,168144
52.6811,168979
52.6852,168778
52.6892,168716
52.6934,168312
52.6975,168141
52.7017,169099
52.7058,169026
52.7097,169181
52.7139,168525
52.7180,167910
52.7221,169075
52.7262,168474
52.7303,168610
52.7344,168645
52.7385,167992
52.7426,168955
52.7467,168245
52.7508,169388
52.7548,168701
52.7592,168211
52.7631,169373
52.7632,168193
52.7672,168852
52.7712,169459
52.7753,167804
52.7795,170026
52.7835,168350
52.7876,168549
52.7917,168848
52.7957,168609
52.7998,170016
52.8040,168141
52.8081,168964
52.8121,169165
52.8163,167868
52.8205,169671
52.8245,167635
52.8286,168555
52.8326,168841
52.8369,168394
52.8410,169807
52.8450,168161
52.8490,168963
52.8531,168658
52.8573,168173
52.8614,169070
52.8655,167276
52.8696,168935
52.8739,168671
52.8779,168066
52.8819,169365
52.8859,167540
52.8901,168788
52.8902,168746
52.8940,168874
52.8982,169283
52.9023,167434
52.9064,169046
52.9105,168639
52.9146,168618
52.9187,169603
52.9227,167880
52.9269,168309
52.9310,168985
52.9350,168876
52.9391,169307
52.9433,167855
52.9474,169031
52.9514,168595
52.9555,168945
52.9596,168991
52.9637,167648
52.9678,168606
52.9720,168609
52.9760,167966
52.9807,168578
52.9845,167722
52.9883,168418
52.9934,168930
52.9967,168542
53.0011,169353
53.0048,167681
53.0107,169164
53.0131,168729
53.0171,169133
53.0172,168849
53.0210,168185
53.0279,168856
53.0294,168875
53.0337,168573
53.0377,168472
53.0416,168207
53.0463,168597
53.0500,168554
53.0538,168868
53.0579,168071
53.0626,168973
53.0665,168513
53.0702,168524
53.0743,168703
53.0785,168116
53.0826,168083
53.0871,169249
53.0907,168846
53.0955,168606
53.0988,168178
53.1029,168328
53.1071,168406
53.1117,168421
53.1154,168524
53.1193,168280
53.1235,168111
53.1282,168386
53.1317,168668
53.1358,168849
53.1399,167397
53.1443,168633
53.1447,168663
53.1483,168376
53.1521,168281
53.1562,167702
53.1609,168852
53.1644,168405
53.1684,168600
53.1726,167962
53.1780,167902
53.1808,169150
53.1849,168430
53.1889,168236
53.1946,168201
53.1976,167515
53.2014,169013
53.2054,168245
53.2108,168309
53.2139,168426
53.2180,167716
53.2217,168997
53.2274,167978
53.2307,168766
53.2341,168699
53.2382,167818
53.2437,169676
53.2471,167665
53.2507,168850
53.2546,168563
53.2598,167407
53.2638,169323
53.2669,168361
53.2710,168206
53.2710,168612
53.2763,167998
53.2796,169624
53.2836,168106
53.2872,169018
53.2917,168512
53.2957,168077
53.3002,169557
53.3037,167852
53.3078,168171
53.3123,169042
53.3164,167667
53.3200,169383
53.3241,168079
53.3288,168435
53.3327,168681
53.3364,167818
53.3405,169516
53.3450,167622
53.3488,168353
53.3528,168317
53.3570,167254
53.3612,169435
53.3652,167629
53.3692,168134
53.3733,168514
53.3782,168209
53.3820,169249
53.3856,167505
53.3897,169138
53.3948,168985
53.3979,168163
53.3980,169078
53.4019,167615
53.4060,168304
53.4106,168394
53.4149,167876
53.4183,169377
53.4224,168070
53.4276,168976
53.4310,168911
53.4348,168210
53.4388,169246
53.4436,167645
53.4474,168973
53.4511,169089
53.4552,168644
53.4603,168621
53.4640,167806
53.4679,168526
53.4715,168947
53.4766,168196
53.4802,168473
53.4846,167757
53.4879,168831
53.4943,168636
53.4966,168442
53.5005,169122
53.5043,167646
53.5097,169015
53.5130,168855
53.5170,168282
53.5209,168609
53.5251,167634
53.5289,168645
53.5289,168851
53.5330,168629
53.5371,168714
53.5412,167656
53.5462,168792
53.5495,168033
53.5535,168701
53.5576,168210
53.5627,167690
53.5657,168502
53.5699,168514
53.5740,168610
53.5789,168149
53.5830,167964
53.5863,168278
53.5904,168609
53.5954,168645
53.5995,168079
53.6026,168012
53.6068,168418
53.6109,169000
53.6149,168430
53.6191,167708
53.6232,168727
53.6275,168661
53.6322,168658
53.6355,168211
53.6397,167893
53.6442,168251
53.6478,168739
53.6519,168252
53.6559,168605
53.6561,168248
53.6606,168639
53.6644,168630
53.6683,168434
53.6723,168159
53.6769,167113
53.6815,168609
53.6846,168558
53.6887,169039
53.6938,168249
53.6979,168066
53.7012,169759
53.7052,168555
53.7092,168695
53.7141,168585
53.7175,167841
53.7214,169196
53.7262,168052
53.7301,168720
53.7337,168706
53.7378,167544
53.7429,168996
53.7466,168003
53.7501,169062
53.7542,168874
53.7598,167479
53.7632,169032
53.7665,167983
53.7705,168498
53.7765,167868
53.7790,167731
53.7829,169505
53.7830,167883
53.7870,168123
53.7915,168493
53.7956,167786
53.7995,169591
53.8033,167646
53.8074,168664
53.8118,168553
53.8162,167300
53.8202,169287
53.8239,167606
53.8284,168585
53.8331,168626
53.8364,167945
53.8402,169846
53.8450,167372
53.8484,168921
53.8525,168921
53.8567,167852
53.8608,169411
53.8654,167160
53.8689,168447
53.8731,168403
53.8777,168125
53.8811,169459
53.8852,167390
53.8895,168675
53.8943,168316
53.8976,168097
53.9018,169289
53.9058,167164
53.9098,168644
53.9104,168947
53.9141,167977
53.9180,169031
53.9221,167356
53.9274,168439
53.9303,168809
53.9344,168564
53.9385,168987
53.9436,168140
53.9471,168621
53.9508,168431
53.9549,168335
53.9600,169357
53.9634,167761
53.9672,168618
53.9713,168446
53.9769,168541
53.9796,169070
53.9835,167651
53.9876,168491
53.9928,168404
53.9962,168513
53.9999,168759
54.0040,168208
54.0089,168143
54.0127,168697
54.0168,168097
54.0204,169083
54.0259,168082
54.0288,168756
54.0328,168779
54.0368,168731
54.0369,168191
54.0410,168161
54.0455,168964
54.0491,168958
54.0532,168457
54.0573,168704
54.0619,167991
54.0655,168934
54.0696,168955
54.0737,168618
54.0782,168156
54.0819,168098
54.0859,168890
54.0901,168845
54.0946,168488
54.0982,168239
54.1023,168076
54.1065,168913
54.1114,169132
54.1147,168203
54.1188,168067
54.1229,167824
54.1276,168563
54.1310,168897
54.1351,168348
54.1392,168255
54.1441,168586
54.1474,169055
54.1515,168462
54.1558,168805
54.1598,167682
54.1638,168571
54.1638,169067
54.1679,168660
54.1720,169086
54.1767,167558
54.1803,168603
54.1843,168841
54.1883,169018
54.1931,168953
54.1966,167312
54.2006,169472
54.2048,168372
54.2094,168125
54.2130,168544
54.2170,167725
54.2211,168930
54.2262,168092
54.2293,168276
54.2334,168619
54.2375,167552
54.2417,169411
54.2461,168023
54.2498,168760
54.2539,168654
54.2602,167642
54.2629,169764
54.2662,168400
54.2702,168543
54.2759,168553
54.2790,167618
54.2826,169527
54.2868,168326
54.2908,168720
54.2929,168786
54.2950,167633
54.2989,169485
54.3030,167495
54.3071,169141
54.3116,169181
54.3153,167735
54.3194,169049
54.3235,167411
54.3280,168655
54.3318,168673
54.3358,167528
54.3399,169344
54.3447,167732
54.3481,168636
54.3521,168717
54.3564,167740
54.3610,169250
54.3650,167799
54.3687,168934
54.3728,168365
54.3772,168100
54.3812,169870
54.3849,167251
54.3892,169045
54.3933,168426
54.3977,168195
54.4013,169068
54.4054,167905
54.4104,168942
54.4138,168389
54.4178,168309
54.4178,168980
54.4218,167703
54.4265,169192
54.4305,168904
54.4341,167616
54.4382,169115
54.4429,167169
54.4470,168388
54.4512,168920
54.4546,168490
54.4604,168714
54.4642,167464
54.4671,168578
54.4709,168687
54.4761,168131
54.4800,168544
54.4838,167798
54.4874,168872
54.4928,168312
54.4965,168557
54.4997,168676
54.5037,167794
54.5090,168712
54.5121,168684
54.5164,168590
54.5201,168938
54.5256,167735
54.5287,168510
54.5329,168595
54.5366,168455
54.5410,168766
54.5447,167772
54.5447,168787
54.5488,169026
54.5529,168425
54.5570,169003
54.5615,168344
54.5652,169044
54.5693,169521
54.5733,168930
54.5781,168845
54.5821,167981
54.5857,168084
54.5899,168390
54.5943,168821
54.5987,167858
54.6020,168219
54.6062,168184
54.6105,168899
54.6148,168844
54.6184,167889
54.6227,168146
54.6280,168680
54.6307,168657
54.6350,168489
54.6390,167899
54.6434,167916
54.6477,168686
54.6512,168758
54.6554,168712
54.6594,167437
54.6639,168758
54.6677,168616
54.6717,168696
54.6718,168281
54.6777,168004
54.6807,168517
54.6839,167960
54.6880,168525
54.6922,168608
54.6969,167782
54.7003,168871
54.7047,168576
54.7087,169122
54.7133,169341
54.7167,168135
54.7208,170150
54.7269,168422
54.7293,168616
54.7331,169258
54.7372,168115
54.7426,168947
54.7458,167570
54.7495,168691
54.7535,168412
54.7590,168176
54.7625,169541
54.7659,168119
54.7699,168723
54.7768,168607
54.7790,167230
54.7822,170276
54.7863,168570
54.7920,169211
54.7946,168661
54.7988,168043
54.7989,169547
54.8028,168390
54.8068,168524
54.8112,168748
54.8151,167990
54.8192,169194
54.8232,168120
54.8281,169157
54.8314,168441
54.8355,167925
54.8397,169421
54.8439,167533
54.8481,168699
54.8520,168724
54.8560,167439
54.8605,169451
54.8643,167853
54.8683,168888
54.8724,168526
54.8773,168272
54.8806,169329
54.8846,167702
54.8888,168774
54.8934,168646
54.8971,167834
54.9010,169298
54.9051,167350
54.9096,169027
54.9136,168743
54.9174,167820
54.9218,168540
54.9261,168008
54.9296,168866
54.9297,168095
54.9338,167810
54.9379,169202
54.9421,167303
54.9466,168583
54.9502,168787
54.9543,168115
54.9590,168757
54.9627,167815
54.9666,168943
54.9706,168703
54.9757,168736
54.9790,168367
54.9829,167824
54.9870,168636
54.9923,168532
54.9956,168675
54.9997,168448
55.0034,168136
55.0077,168590
55.0120,168736
55.0166,168889
55.0199,168858
55.0239,167866
55.0287,168962
55.0328,168355
55.0363,168681
55.0404,168497
55.0453,167859
55.0486,168618
55.0527,168610
55.0567,168701
55.0568,168592
55.0616,168157
55.0652,168741
55.0689,168948
55.0731,169079
55.0775,168770
55.0819,167789
55.0855,168171
55.0896,168404
55.0947,168691
55.0979,168510
55.1018,168640
55.1059,168737
55.1105,169227
55.1145,168950
55.1182,168535
55.1223,168903
55.1265,168923
55.1309,169114
55.1345,169683
55.1387,168310
55.1437,168897
55.1476,169414
55.1509,169253
55.1550,168979
55.1598,168354
55.1639,169196
55.1672,169483
55.1714,169050
55.1759,169168
55.1797,168178
55.1838,169167
55.1839,168982
55.1877,169321
55.1928,169026
55.1960,167749
55.2001,169044
55.2042,168748
55.2093,169033
55.2130,169095
55.2168,167789
55.2205,169760
55.2263,168422
55.2294,169152
55.2329,168721
55.2369,168073
55.2428,169224
55.2452,168996
55.2498,169082
55.2532,169698
55.2586,168124
55.2616,169733
55.2665,168591
55.2696,168622
55.2763,169341
55.2783,167722
55.2822,169673
55.2861,168621
55.2924,169059
55.2955,169354
55.2984,168427
55.3026,170180
55.3068,167628
55.3107,168780
55.3115,169022
55.3148,168525
55.3188,169431
55.3229,167974
55.3277,169051
55.3316,168978
55.3353,168056
55.3394,169711
55.3440,168893
55.3479,169227
55.3516,169218
55.3557,169064
55.3602,169831
55.3644,168112
55.3680,169460
55.3721,168895
55.3762,168626
55.3812,169715
55.3843,167985
55.3885,168673
55.3935,168869
55.3969,168195
55.4012,170074
55.4052,167265
55.4100,169104
55.4142,169009
55.4171,168409
55.4212,168952
55.4265,168057
55.4298,168887
55.4337,168919
55.4376,168577
55.4377,169041
55.4417,167278
55.4464,169286
55.4502,168795
55.4540,168676
55.4584,169225
55.4631,168320
55.4663,169226
55.4703,169455
55.4761,168177
55.4785,169882
55.4829,168954
55.4878,169143
55.4931,168649
55.4952,168782
55.4991,169068
55.5032,169005
55.5092,169500
55.5123,168689
55.5161,168665
55.5199,169290
55.5237,167980
55.5287,168632
55.5322,168866
55.5359,168952
55.5400,168861
55.5446,168339
55.5491,168770
55.5523,168969
55.5564,169349
55.5608,168928
55.5647,168186
55.5648,169369
55.5686,168774
55.5728,168961
55.5777,168441
55.5811,168525
55.5851,169215
55.5891,168609
55.5939,168723
55.5976,168446
55.6014,168485
55.6057,169084
55.6098,168585
55.6140,168909
55.6179,168582
55.6219,168552
55.6269,169378
55.6301,168465
55.6346,168565
55.6384,168014
55.6437,168756
55.6472,168983
55.6512,168929
55.6547,168937
55.6597,168088
55.6634,168985
55.6674,168972
55.6712,168781
55.6754,169141
55.6797,168350
55.6839,168944
55.6875,168943
55.6925,168978
55.6926,168967
55.6963,167748
55.6997,169400
55.7038,168522
55.7105,168485
55.7130,168851
55.7162,168505
55.7203,169170
55.7252,168430
55.7289,168762
55.7326,168742
55.7367,168029
55.7417,169668
55.7458,168590
55.7489,168523
55.7529,168620
55.7590,167656
55.7620,169660
55.7652,168183
55.7693,169075
55.7749,168924
55.7781,167765
55.7820,169922
55.7857,168361
55.7916,168566
55.7948,168583
55.7982,167979
55.8021,169783
55.8063,168660
55.8106,168874
55.8146,169187
55.8186,167829
55.8227,169693
55.8228,167999
55.8275,169051
55.8308,169092
55.8349,168465
55.8390,169495
55.8440,167870
55.8472,168968
55.8512,168911
55.8554,167437
55.8608,169620
55.8642,167697
55.8678,168702
55.8718,169430
55.8768,168579
55.8809,169079
55.8841,167365
55.8882,168986
55.8933,168852
55.8967,168486
55.9004,168903
55.9046,168140
55.9094,169046
55.9136,169077
55.9168,168420
55.9209,168981
55.9252,168527
55.9299,168890
55.9334,168572
55.9373,168281
55.9417,168798
55.9455,167740
55.9496,168368
55.9497,169110
55.9537,168683
55.9595,168709
55.9625,168093
55.9660,168737
55.9700,168940
55.9767,168016
55.9785,169108
55.9825,168474
55.9865,169179
55.9922,168727
55.9950,168276
55.9992,169352
56.0028,167996
56.0086,168877
56.0117,169040
56.0152,168955
56.0192,169043
56.0233,167867
56.0279,168669
56.0321,169237
56.0356,168838
56.0405,168689
56.0440,168396
56.0486,169086
56.0526,169056
56.0561,168943
56.0610,168878
56.0643,168228
56.0685,169017
56.0725,168513
56.0765,168734
56.0767,168302
56.0806,168245
56.0847,168990
56.0891,168829
56.0943,168865
56.0972,168640
56.1011,168195
56.1052,168845
56.1100,168774
56.1134,168775
56.1175,167893
56.1216,168710
56.1257,169096
56.1309,168912
56.1339,168737
56.1380,168322
56.1426,169321
56.1466,169125
56.1504,168796
56.1544,168675
56.1586,168048
56.1632,168489
56.1673,168936
56.1708,168309
56.1754,168903
56.1796,167957
56.1831,168804
56.1871,168746
56.1926,168733
56.1957,168767
56.1996,167150
56.2036,169254
56.2036,168743
56.2087,168948
56.2119,168737
56.2159,168114
56.2199,169051
56.2248,169175
56.2284,168845
56.2324,168401
56.2363,167409
56.2418,169651
56.2446,168710
56.2493,168971
56.2530,168434
56.2587,167621
56.2612,170037
56.2652,168443
56.2690,169287
56.2749,168686
56.2774,168391
56.2813,169295
56.2854,167732
56.2914,169150
56.2942,169015
56.2977,167720
56.3018,170011
56.3059,168367
56.3108,169274
56.3141,168971
56.3182,168213
56.3226,169692
56.3272,167855
56.3307,168977
56.3308,168447
56.3347,167753
56.3387,169723
56.3436,167716
56.3474,169559
56.3510,169591
56.3552,168698
56.3597,169863
56.3636,167341
56.3673,168860
56.3714,168990
56.3758,168179
56.3803,169491
56.3837,168012
56.3878,168823
56.3929,169154
56.3969,168557
56.4001,169289
56.4043,168049
56.4097,169042
56.4125,168849
56.4174,168466
56.4207,169386
56.4247,167730
56.4300,168736
56.4329,168847
56.4370,168312
56.4412,169918
56.4455,168392
56.4496,168999
56.4535,168782
56.4588,168709
56.4593,168955
56.4623,168408
56.4663,168546
56.4697,168707
56.4750,168494
56.4783,169164
56.4820,168260
56.4861,169024
56.4918,169043
56.4954,168768
56.4984,168785
56.5025,168335
56.5071,168953
56.5113,169587
56.5154,169135
56.5189,168276
56.5249,168501
56.5275,168780
56.5319,169408
56.5354,168909
56.5418,168839
56.5444,168398
56.5475,168589
56.5517,168893
56.5559,169119
56.5606,168744
56.5641,168391
56.5681,169311
56.5722,168496
56.5767,168817
56.5805,168574
56.5846,168083
56.5847,169364
56.5887,168735
56.5929,168971
56.5972,168383
56.6008,168212
56.6050,168727
56.6090,168906
56.6134,169405
56.6172,168864
56.6213,168994
56.6262,168904
56.6295,169391
56.6335,169155
56.6376,168123
56.6421,168967
56.6464,168962
56.6504,168959
56.6541,169556
56.6591,168843
56.6624,168931
56.6664,169291
56.6704,169283
56.6751,168878
56.6791,167978
56.6827,169446
56.6868,168697
56.6911,168686
56.6951,168756
56.6991,168052
56.7043,169469
56.7074,169140
56.7117,169287
56.7118,169426
56.7155,167651
56.7196,169657
56.7245,168775
56.7281,168565
56.7320,169385
56.7360,168376
56.7412,169812
56.7447,168012
56.7482,168890
56.7523,168814
56.7581,167998
56.7610,169016
56.7647,168741
56.7688,169298
56.7749,168897
56.7770,167948
56.7816,169815
56.7851,168766
56.7893,169224
56.7939,169184
56.7978,168392
56.8020,169968
56.8056,168308
56.8107,169327
56.8141,169201
56.8186,168171
56.8220,169901
56.8266,168314
56.8302,168717
56.8344,169400
56.8385,168575
56.8386,169448
56.8426,168026
56.8473,168941
56.8507,169246
56.8548,168509
56.8594,169710
56.8629,168116
56.8677,168770
56.8712,168717
56.8762,168701
56.8800,169391
56.8839,168057
56.8877,168673
56.8926,169695
56.8960,168657
56.8999,169248
56.9042,168404
56.9095,168870
56.9129,168922
56.9162,168052
56.9203,169572
56.9254,167640
56.9290,169159
56.9327,168834
56.9367,169210
56.9409,169313
56.9451,168582
56.9498,168846
56.9530,168701
56.9586,168936
56.9614,169437
56.9654,168407
56.9655,168992
56.9694,168938
56.9737,168219
56.9779,169392
56.9824,168308
56.9859,168940
56.9909,169168
56.9948,169040
56.9984,169102
57.0022,168312
57.0077,169138
57.0113,169169
57.0146,169145
57.0187,169154
57.0244,168275
57.0275,168943
57.0310,168908
57.0350,168701
57.0391,168755
57.0432,167974
57.0474,168836
57.0514,169005
57.0556,168823
57.0600,168641
57.0643,168342
57.0679,168500
57.0718,169097
57.0764,168870
57.0805,168806
57.0846,168568
57.0884,168684
57.0924,169238
57.0925,168900
57.0964,167875
57.1006,168072
57.1047,169252
57.1089,168676
57.1129,169146
57.1169,168253
57.1212,168459
57.1256,169083
57.1293,168985
57.1332,168842
57.1375,168144
57.1419,169218
57.1460,168930
57.1498,169224
57.1539,168907
57.1591,168183
57.1631,168902
57.1664,168670
57.1702,168374
57.1748,168838
57.1786,167604
57.1833,168727
57.1866,169049
57.1912,168452
57.1955,169049
57.1988,168017
57.2029,169869
57.2079,169484
57.2118,168662
57.2158,169113
57.2194,167938
57.2194,169557
57.2242,168795
57.2276,168873
57.2324,168568
57.2358,168057
57.2411,169155
57.2444,168269
57.2481,169051
57.2522,168908
57.2590,168170
57.2603,169731
57.2644,168770
57.2684,169062
57.2747,168864
57.2774,168530
57.2809,169823
57.2848,168410
57.2905,168802
57.2932,168942
57.2973,167454
57.3018,169287
57.3053,168149
57.3103,168944
57.3136,169172
57.3176,168250
57.3218,169638
57.3264,167735
57.3302,169100
57.3345,168715
57.3382,168320
57.3422,169219
57.3464,167641
57.3504,169091
57.3505,169196
57.3546,168167
57.3588,169696
57.3626,167877
57.3667,168925
57.3709,168992
57.3761,168368
57.3790,169593
57.3831,167908
57.3873,169284
57.3929,168913
57.3961,168268
57.3995,169935
57.4036,168437
57.4089,169357
57.4122,169418
57.4159,168958
57.4200,169251
57.4244,168131
57.4288,168927
57.4323,168662
57.4364,168624
57.4409,169282
57.4451,168377
57.4487,168757
57.4527,169232
57.4582,168825
57.4616,169131
57.4651,168159
57.4693,169031
57.4744,169112
57.4774,168833
57.4775,169457
57.4814,168273
57.4856,169260
57.4907,169836
57.4946,169098
57.4979,169018
57.5019,168296
57.5073,169008
57.5106,169103
57.5143,169061
57.5183,169692
57.5225,168397
57.5272,168947
57.5313,168700
57.5347,169288
57.5388,169064
57.5449,168286
57.5472,169286
57.5510,168722
57.5552,169403
57.5600,168664
57.5640,168808
57.5677,169416
57.5716,169258
57.5765,169066
57.5797,168753
57.5838,168599
57.5880,169415
57.5930,168971
57.5962,169066
57.6003,168741
57.6044,168398
57.6046,169036
57.6089,168998
57.6133,169124
57.6166,168780
57.6207,169240
57.6255,169771
57.6294,168862
57.6330,169061
57.6372,168433
57.6425,169514
57.6462,169076
57.6499,168685
57.6534,169517
57.6582,167830
57.6628,169810
57.6658,168932
57.6699,169101
57.6763,168973
57.6784,168351
57.6823,169591
57.6862,168783
57.6905,168811
57.6948,169545
57.6990,168169
57.7027,169607
57.7094,169591
57.7112,168952
57.7152,169093
57.7197,168227
57.7234,169736
57.7282,168481
57.7314,169049
57.7319,168522
57.7354,168709
57.7416,169614
57.7446,168188
57.7477,168734
57.7518,168833
57.7578,167853
57.7603,170017
57.7647,168657
57.7682,169390
57.7722,169317
57.7770,167980
57.7809,170067
57.7846,168029
57.7887,169367
57.7930,168925
57.7968,168114
57.8009,169892
57.8050,168401
57.8095,169311
57.8135,168644
57.8173,168480
57.8214,169912
57.8258,167863
57.8302,168785
57.8338,169230
57.8379,167751
57.8425,170166
57.8459,167439
57.8502,168964
57.8544,169506
57.8585,168537
57.8591,169838
57.8623,167643
57.8664,169508
57.8706,168840
57.8753,168111
57.8787,170370
57.8828,168679
57.8869,169238
57.8919,168963
57.8961,168923
57.8992,169591
57.9033,167645
57.9076,169655
57.9115,168636
57.9156,168417
57.9197,170274
57.9240,168017
57.9279,169555
57.9320,168992
57.9360,168278
57.9404,169314
57.9448,168240
57.9484,168724
57.9524,169104
57.9571,168888
57.9607,169549
57.9647,168710
57.9689,169297
57.9734,168858
57.9772,168930
57.9812,169437
57.9852,168550
57.9853,169018
57.9912,168857
57.9934,169031
57.9975,169384
58.0016,167566
58.0067,169023
58.0102,168994
58.0140,168984
58.0180,169462
58.0234,168132
58.0267,169157
58.0304,168863
58.0344,169092
58.0399,169187
58.0425,168117
58.0472,168953
58.0508,168836
58.0565,169527
58.0595,169198
58.0630,169016
58.0671,168816
58.0712,168864
58.0758,169066
58.0796,168288
58.0836,168512
58.0877,169331
58.0919,169411
58.0964,168934
58.0999,168811
58.1040,168411
58.1089,169035
58.1123,169422
58.1124,168293
58.1163,168401
58.1204,169199
58.1248,169033
58.1289,169012
58.1326,169072
58.1367,167480
58.1413,168588
58.1455,168875
58.1491,168613
58.1532,168335
58.1587,168099
58.1613,169270
58.1654,169210
58.1695,168629
58.1741,168991
58.1777,167890
58.1818,169246
58.1859,169157
58.1902,168557
58.1943,168805
58.1987,167504
58.2023,169447
58.2072,169182
58.2110,168522
58.2146,169034
58.2187,168130
58.2233,169729
58.2275,168591
58.2310,168892
58.2352,168961
58.2405,168320
58.2414,169862
58.2436,168585
58.2474,168327
58.2515,168839
58.2567,168353
58.2603,169987
58.2637,168386
58.2678,168826
58.2732,169169
58.2764,167709
58.2801,169860
58.2842,168193
58.2903,169056
58.2933,168610
58.2967,168094
58.3006,169794
58.3047,168064
58.3093,168988
58.3136,169054
58.3174,168574
58.3212,170153
58.3260,167676
58.3299,168942
58.3333,168878
58.3375,168234
58.3418,169705
58.3464,168107
58.3497,169169
58.3539,168906
58.3584,168444
58.3621,169754
58.3661,167840
58.3702,169088
58.3704,168438
58.3750,168301
58.3784,169167
58.3826,167530
58.3866,169058
58.3909,168811
58.3949,168756
58.3989,169457
58.4030,168046
58.4073,167959
58.4112,168812
58.4153,168014
58.4193,169356
58.4237,167702
58.4281,168816
58.4316,168656
58.4357,168095
58.4412,169292
58.4446,167745
58.4480,169146
58.4521,168701
58.4565,168340
58.4607,169808
58.4644,168039
58.4685,168631
58.4736,168208
58.4770,168500
58.4808,168590
58.4849,167973
58.4911,168881
58.4933,168836
58.4972,169019
58.4973,168754
58.5013,167969
58.5079,168603
58.5095,168816
58.5135,168786
58.5176,169145
58.5234,168155
58.5261,168478
58.5300,168932
58.5340,168958
58.5385,168794
58.5427,168976
58.5464,168656
58.5504,168284
58.5545,169002
58.5599,168604
58.5627,168536
58.5668,168276
58.5710,169161
58.5750,168643
58.5794,168423
58.5832,168371
58.5873,169169
58.5918,169235
58.5958,168530
58.5996,168728
58.6038,168399
58.6084,168860
58.6121,168723
58.6161,168607
58.6202,168813
58.6242,168316
58.6243,169165
58.6283,168772
58.6323,169064
58.6365,167777
58.6407,168672
58.6446,168176
58.6488,168741
58.6529,168403
58.6572,168385
58.6611,168698
58.6652,168391
58.6693,168879
58.6736,168902
58.6782,167418
58.6815,169014
58.6856,168677
58.6898,169366
58.6945,168262
58.6979,167808
58.7020,169269
58.7061,168397
58.7110,168119
58.7147,168609
58.7183,167870
58.7236,169182
58.7275,167988
58.7310,168545
58.7348,168952
58.7395,167661
58.7431,169737
58.7472,168396
58.7511,168764
58.7512,168447
58.7554,167665
58.7602,169347
58.7634,168494
58.7675,168134
58.7732,168320
58.7758,168170
58.7806,169386
58.7840,168339
58.7882,168354
58.7925,168552
58.7962,167674
58.8003,169666
58.8061,167929
58.8089,168519
58.8136,168557
58.8167,167986
58.8208,169540
58.8255,167691
58.8292,168535
58.8331,168549
58.8372,168286
58.8414,169336
58.8461,167580
58.8494,168880
58.8536,169185
58.8577,168167
58.8622,169553
58.8660,167177
58.8700,168687
58.8743,168673
58.8782,168226
58.8783,169474
58.8822,167459
58.8863,168422
58.8908,168479
58.8951,167779
58.8986,169506
58.9027,167306
58.9082,168456
58.9116,168920
58.9149,168564
58.9190,169657
58.9236,167757
58.9274,168643
58.9314,168229
58.9354,168337
58.9411,169090
58.9439,167375
58.9483,168765
58.9518,168976
58.9563,168342
58.9604,169201
58.9642,167877
58.9682,168888
58.9729,168707
58.9772,168748
58.9806,169577
58.9846,167591
58.9904,167982
58.9935,168924
58.9970,168571
59.0010,169482
59.0062,167625
59.0074,168692
59.0098,168898
59.0133,168594
59.0174,169141
59.0228,167936
59.0263,168522
59.0300,169043
59.0338,168852
59.0379,169205
59.0423,168140
59.0466,169229
59.0501,168768
59.0542,168823
59.0594,168689
59.0624,168215
59.0665,169011
59.0706,168693
59.0754,168584
59.0793,168639
59.0829,168450
59.0870,169197
59.0912,169135
59.0958,168660
59.0997,168487
59.1034,168563
59.1083,169006
59.1123,169079
59.1158,168964
59.1198,168043
59.1244,168628
59.1281,169191
59.1322,168721
59.1322,168594
59.1362,168535
59.1405,169041
59.1447,169105
59.1484,168701
59.1526,168701
59.1581,167740
59.1607,168911
59.1650,168697
59.1692,168885
59.1731,169022
59.1777,168281
59.1822,169169
59.1853,169014
59.1905,169093
59.1941,168543
59.1983,168376
59.2019,169361
59.2067,168499
59.2107,168745
59.2142,168397
59.2184,167696
59.2230,169258
59.2265,168059
59.2308,168586
59.2344,168850
59.2404,167927
59.2435,169302
59.2467,168678
59.2508,168905
59.2565,169082
59.2591,168327
59.2592,169563
59.2631,168162
59.2672,168708
59.2731,169341
59.2755,167988
59.2799,169888
59.2837,167933
59.2878,168921
59.2926,169197
59.2959,168273
59.2999,170154
59.3044,168063
59.3083,168777
59.3131,168962
59.3163,168446
59.3205,170347
59.3254,168180
59.3287,168944
59.3327,169410
59.3368,168231
59.3412,169420
59.3450,168163
59.3491,168738
59.3533,169095
59.3579,168018
59.3616,169703
59.3658,167531
59.3696,169090
59.3746,168748
59.3779,167642
59.3819,169555
59.3860,168502
59.3903,168992
59.3905,168307
59.3942,168770
59.3983,169610
59.4025,167553
59.4069,169084
59.4113,168757
59.4146,168315
59.4187,169525
59.4242,167967
59.4270,168503
59.4310,168769
59.4351,168319
59.4400,168835
59.4434,167968
59.4474,168886
59.4515,168960
59.4568,168566
59.4601,169228
59.4638,167743
59.4679,168540
59.4726,168998
59.4762,168867
59.4802,169193
59.4843,168251
59.4913,169194
59.4930,168696
59.4967,168596
59.5007,168887
59.5048,168134
59.5090,168946
59.5131,168859
59.5172,168351
59.5173,169424
59.5212,168189
59.5253,169154
59.5294,169444
59.5335,168712
59.5376,168717
59.5417,168271
59.5458,168685
59.5498,168371
59.5539,168993
59.5580,168757
59.5622,168132
59.5663,169035
59.5704,169376
59.5745,168732
59.5786,169084
59.5827,168176
59.5867,169452
59.5909,169149
59.5949,169013
59.5990,168959
59.6031,168729
59.6072,169815
59.6113,168307
59.6154,169211
59.6195,168358
59.6236,168910
59.6277,168846
59.6318,168772
59.6360,168727
59.6400,168268
59.6440,168617
59.6441,168234
59.6482,168857
59.6522,169263
59.6564,168435
59.6605,168961
59.6646,168672
59.6686,168826
59.6729,168512
59.6769,167987
59.6810,168816
59.6851,168509
59.6892,168911
59.6932,168834
59.6973,167576
59.7013,168939
59.7056,168450
59.7096,168753
59.7137,168619
59.7178,167526
59.7219,169043
59.7260,168898
59.7301,168618
59.7342,168976
59.7383,167614
59.7427,169746
59.7465,168198
59.7506,168841
59.7547,168630
59.7588,167191
59.7630,169448
59.7671,168933
59.7712,168760
59.7713,168931
59.7752,168047
59.7793,169486
59.7834,168242
59.7875,168573
59.7916,169137
59.7956,167723
59.7997,169554
59.8038,167731
59.8079,168708
59.8120,168779
59.8161,167793
59.8202,169369
59.8242,168185
59.8284,168559
59.8325,168673
59.8366,168387
59.8407,169791
59.8448,168297
59.8489,168921
59.8530,168559
59.8571,168153
59.8612,169540
59.8652,168258
59.8693,168885
59.8734,168391
59.8776,167767
59.8817,169537
59.8858,168136
59.8899,168503
59.8941,168639
59.8982,167855
59.8982,169584
59.9020,167930
59.9062,168621
59.9103,168249
59.9144,167871
59.9185,169179
59.9226,167478
59.9267,168420
59.9308,168434
59.9349,168070
59.9390,168779
59.9431,168246
59.9471,168569
59.9512,169116
59.9554,168398
59.9595,168895
59.9636,167647
59.9677,169044
59.9718,168802
59.9759,168343
59.9800,169341
59.9841,167443
59.9881,168555
59.9922,168710
59.9963,168629
60.0004,168967
60.0045,167728
60.0086,168825
60.0127,168681
60.0170,169138
60.0211,168454
60.0252,167614
60.0252,168879
60.0291,168352
60.0331,168779
60.0372,169324
60.0413,168134
60.0455,168737
60.0496,168741
60.0536,169220
60.0577,168875
60.0619,167642
60.0660,169069
60.0701,168802
60.0742,168881
60.0783,168303
60.0824,167328
60.0865,168988
60.0906,169306
60.0946,168515
60.0987,168235
60.1028,168429
60.1069,168575
60.1110,168600
60.1151,168476
60.1193,168039
60.1232,168267
60.1273,168711
60.1314,168347
60.1356,168636
60.1397,167771
60.1438,168724
60.1479,169140
60.1520,168576
60.1521,168494
60.1560,167917
60.1602,168615
60.1643,168449
60.1683,168124
60.1725,168959
60.1766,168022
60.1807,168887
60.1847,168833
60.1888,168451
60.1929,168848
60.1970,167818
60.2010,168888
60.2052,169202
60.2093,168741
60.2133,168570
60.2175,167915
60.2216,168670
60.2257,168888
60.2297,168531
60.2338,168701
60.2380,167412
60.2421,169912
60.2462,168986
60.2503,169059
60.2544,168427
60.2585,168113
60.2626,169197
60.2667,167813
60.2707,169108
60.2751,168420
60.2791,168068
60.2832,169521
60.2832,168156
60.2872,168904
60.2913,168564
60.2953,167591
60.2994,169489
60.3035,167950
60.3076,168689
60.3116,168655
60.3157,167726
60.3199,169300
60.3240,167466
60.3281,168646
60.3321,168581
60.3363,168322
60.3404,169299
60.3445,167704
60.3486,168971
60.3527,168630
60.3568,168120
60.3609,168535
60.3650,167854
60.3690,168973
60.3731,168441
60.3772,168149
60.3813,169281
60.3854,167442
60.3895,168676
60.3936,168475
60.3978,167771
60.4019,169274
60.4061,167554
60.4101,169047
60.4101,168523
60.4141,168205
60.4181,169021
60.4223,167182
60.4264,168601
60.4305,168830
60.4345,168229
60.4387,168759
60.4429,167683
60.4469,169250
60.4509,168816
60.4551,168186
60.4591,168768
60.4633,167709
60.4673,168641
60.4714,168787
60.4755,168377
60.4796,168918
60.4837,168028
60.4878,168808
60.4919,168701
60.4960,168811
60.5000,169022
60.5041,167878
60.5083,168613
60.5123,169032
60.5164,169391
60.5205,168956
60.5246,167768
60.5290,168974
60.5331,168506
60.5372,168942
60.5373,168507
60.5410,168185
60.5451,168457
60.5493,168322
60.5534,169297
60.5575,168883
60.5617,168391
60.5657,169738
60.5697,169143
60.5739,169648
60.5780,168442
60.5821,167580
60.5862,168370
60.5903,168376
60.5943,168493
60.5984,167743
60.6026,167929
60.6066,168646
60.6107,169069
60.6149,168887
60.6190,168186
60.6230,168770
60.6271,168949
60.6312,169267
60.6353,169350
60.6394,168036
60.6435,169120
60.6476,168763
60.6517,169065
60.6560,168721
60.6600,168057
60.6641,168897
60.6642,169152
60.6680,168751
60.6721,168517
60.6763,167581
60.6804,168580
60.6844,169334
60.6885,169059
60.6926,168794
60.6967,167550
60.7007,168841
60.7049,168900
60.7091,169065
60.7131,169108
60.7173,168159
60.7213,168841
60.7254,169189
60.7295,168794
60.7336,169290
60.7377,167836
60.7418,169252
60.7459,169004
60.7500,169510
60.7541,169576
60.7581,168260
60.7623,168983
60.7664,168344
60.7705,169364
60.7746,169186
60.7787,167802
60.7830,169395
60.7870,168169
60.7911,168925
60.7912,168429
60.7950,168509
60.7991,169548
60.8032,168043
60.8073,169090
60.8114,169003
60.8155,167801
60.8196,169759
60.8237,168057
60.8278,169197
60.8319,169438
60.8360,168109
60.8401,169419
60.8442,168065
60.8483,168667
60.8524,169120
60.8564,168008
60.8605,169286
60.8646,167913
60.8688,169366
60.8729,169344
60.8770,168134
60.8811,168709
60.8852,167689
60.8892,168494
60.8933,168982
60.8974,168988
60.9015,169405
60.9056,168668
60.9098,169367
60.9140,169116
60.9181,168315
60.9182,168891
60.9219,167767
60.9260,169205
60.9302,169721
60.9342,168302
60.9384,168989
60.9425,167944
60.9466,168884
60.9507,169333
60.9547,168355
60.9588,169194
60.9629,168104
60.9670,168567
60.9711,168720
60.9752,168373
60.9793,169567
60.9833,168147
60.9874,169458
60.9915,168683
60.9956,168545
60.9997,168791
61.0038,167588
61.0079,169074
61.0120,169075
61.0161,168953
61.0202,168965
61.0244,168106
61.0284,169649
61.0326,168558
61.0366,169239
61.0409,169051
61.0451,168606
61.0452,169083
61.0489,169258
61.0530,169141
61.0570,168643
61.0611,168413
61.0653,169240
61.0694,168715
61.0735,168961
61.0775,168224
61.0816,168802
61.0857,168954
61.0898,169170
61.0939,168967
61.0980,167843
61.1021,168111
61.1062,169750
61.1103,168901
61.1144,168830
61.1185,168214
61.1226,168706
61.1267,168977
61.1308,168579
61.1349,169163
61.1390,167760
61.1431,168737
61.1472,169755
61.1513,169017
61.1554,168832
61.1596,167862
61.1639,168637
61.1680,168941
61.1721,168731
61.1722,168872
61.1760,168299
61.1801,169147
61.1841,168851
61.1882,169197
61.1923,168889
61.1964,168381
61.2004,168488
61.2046,168890
61.2087,169639
61.2128,168951
61.2169,168160
61.2210,169410
61.2251,168710
61.2292,169202
61.2333,169177
61.2374,167787
61.2415,169316
61.2456,168807
61.2497,168948
61.2538,168928
61.2579,167755
61.2620,169693
61.2661,168596
61.2702,168949
61.2743,168986
61.2784,167925
61.2825,170047
61.2866,168791
61.2907,169241
61.2949,169149
61.2990,167764
61.2990,169797
61.3029,167962
61.3072,168977
61.3111,168420
61.3152,167992
61.3192,169449
61.3235,168012
61.3274,169165
61.3315,169487
61.3356,167529
61.3399,169420
61.3438,168296
61.3480,169215
61.3520,168474
61.3561,168340
61.3602,169129
61.3643,167443
61.3684,169181
61.3725,169237
61.3766,167803
61.3807,169605
61.3849,168275
61.3889,168912
61.3929,169527
61.3971,168582
61.4012,169558
61.4053,168233
61.4094,168593
61.4135,169466
61.4176,168645
61.4222,169215
61.4259,168290
61.4260,168822
61.4299,169136
61.4339,168275
61.4382,169187
61.4423,168381
61.4463,168902
61.4509,168987
61.4544,168526
61.4585,169306
61.4626,168477
61.4669,168990
61.4709,169142
61.4750,168651
61.4791,169478
61.4831,168159
61.4872,169434
61.4913,169392
61.4954,169267
61.4994,169321
61.5036,167697
61.5077,169293
61.5118,169110
61.5165,169246
61.5204,169121
61.5241,167844
61.5282,169243
61.5322,169370
61.5365,169493
61.5404,169007
61.5450,168465
61.5488,169118
61.5529,169346
61.5530,169394
61.5568,167977
61.5609,168097
61.5650,169403
61.5691,168889
61.5743,169289
61.5772,168376
61.5814,167622
61.5855,169129
61.5899,169268
61.5936,168858
61.5977,167872
61.6020,168242
61.6065,168951
61.6101,169110
61.6141,169872
61.6182,167646
61.6230,168563
61.6264,169440
61.6305,169255
61.6347,169008
61.6399,167710
61.6428,168279
61.6469,168950
61.6510,168931
61.6557,168948
61.6592,167141
61.6632,168882
61.6674,168895
61.6724,168777
61.6758,168807
61.6798,168631
61.6798,168810
61.6837,168460
61.6888,168817
61.6920,168480
61.6961,167733
61.7001,169031
61.7051,168390
61.7083,168139
61.7124,168488
61.7165,167995
61.7210,169432
61.7247,168534
61.7288,168698
61.7329,168428
61.7372,167755
61.7411,169361
61.7452,168417
61.7493,168953
61.7544,168554
61.7575,167681
61.7616,169401
61.7656,168083
61.7706,168863
61.7740,168671
61.7781,167723
61.7821,169280
61.7862,167800
61.7904,168706
61.7951,169286
61.7985,168082
61.8027,169317
61.8068,168163
61.8069,168710
61.8107,168806
61.8148,167794
61.8189,169122
61.8231,168485
61.8271,168756
61.8312,168374
61.8353,168022
61.8395,169334
61.8436,168250
61.8477,168919
61.8518,169049
61.8561,168270
61.8600,168839
61.8640,167648
61.8681,169334
61.8729,168792
61.8763,168296
61.8803,168539
61.8844,167311
61.8891,168730
61.8926,168956
61.8967,167957
61.9009,168926
61.9054,167704
61.9090,168586
61.9131,168715
61.9172,168241
61.9215,168900
61.9254,168465
61.9297,169008
61.9338,168850
61.9379,168112
61.9384,168675
61.9418,167847
61.9459,168755
61.9500,168614
61.9546,168544
61.9582,169339
61.9623,167466
61.9664,168376
61.9710,168408
61.9746,169112
61.9786,168317
61.9827,168028
61.9873,168495
61.9910,168186
61.9951,168563
61.9992,168542
62.0037,168119
62.0073,168571
62.0114,168978
62.0155,169341
62.0202,168327
62.0244,168100
62.0278,169425
62.0319,168826
62.0362,168732
62.0409,167879
62.0442,167579
62.0483,168648
62.0527,168598
62.0565,169067
62.0607,167597
62.0650,168053
62.0651,167729
62.0688,168995
62.0729,168381
62.0770,168063
62.0810,167938
62.0852,168712
62.0895,168950
62.0933,168772
62.0974,167832
62.1016,168250
62.1057,168944
62.1097,168909
62.1138,168417
62.1179,167285
62.1223,168581
62.1261,168822
62.1302,168711
62.1343,168364
62.1387,167521
62.1425,168871
62.1466,169042
62.1507,168623
62.1552,169182
62.1589,167798
62.1629,168657
62.1671,168804
62.1713,168809
62.1754,169083
62.1794,166930
62.1835,168649
62.1877,168578
62.1917,168835
62.1918,168647
62.1958,167790
62.1998,168867
62.2044,168685
62.2080,168190
62.2121,168833
62.2162,167594
62.2210,169038
62.2245,168224
62.2286,168537
62.2327,168752
62.2369,167320
62.2408,169211
62.2449,168334
62.2489,168975
62.2532,168876
62.2572,167721
62.2613,169089
62.2653,168104
62.2700,168826
62.2736,168616
62.2776,167945
62.2817,169595
62.2860,167845
62.2899,168518
62.2940,168746
62.2981,167087
62.3022,169440
62.3065,167780
62.3104,169167
62.3147,168544
62.3186,168038
62.3187,169223
62.3228,167755
62.3268,168368
62.3309,168431
62.3350,167663
62.3394,169237
62.3433,167490
62.3474,169056
62.3514,169128
62.3558,168411
62.3596,169017
62.3637,167350
62.3678,169237
62.3723,168934
62.3761,167646
62.3801,169128
62.3842,167607
62.3888,168879
62.3923,168655
62.3965,168621
62.4005,168766
62.4055,167785
62.4090,168898
62.4129,168682
62.4170,168252
62.4215,168260
62.4255,166933
62.4292,168877
62.4333,168572
62.4376,168391
62.4415,168855
62.4456,167866
62.4456,168626
62.4497,169174
62.4540,167985
62.4581,168492
62.4621,167627
62.4662,168873
62.4705,168811
62.4751,168360
62.4784,168851
62.4824,167715
62.4872,168594
62.4910,168553
62.4947,168277
62.4988,168941
62.5030,167395
62.5070,168935
62.5111,169157
62.5152,169182
62.5210,168753
62.5234,167478
62.5275,168979
62.5316,168762
62.5360,168158
62.5398,168012
62.5439,167393
62.5479,168380
62.5521,168854
62.5562,168894
62.5603,168343
62.5645,168212
62.5687,168781
62.5726,168922
62.5726,168438
62.5767,167781
62.5808,168719
62.5849,168567
62.5891,168466
62.5931,168188
62.5972,167934
62.6014,168051
62.6055,168494
62.6094,169025
62.6135,168437
62.6178,167257
62.6218,167863
62.6258,168511
62.6299,168939
62.6340,169407
62.6382,168231
62.6422,168354
62.6463,168553
62.6505,168384
62.6548,168689
62.6586,168053
62.6627,168679
62.6668,168622
62.6716,168266
62.6750,168186
62.6790,167597
62.6831,169011
62.6878,168591
62.6915,168822
62.6956,168844
62.6996,167692
62.6997,169243
62.7051,168435
62.7077,168719
62.7118,169325
62.7159,167702
62.7208,169132
62.7241,168290
62.7282,168264
62.7323,168721
62.7364,167718
62.7407,168768
62.7447,168650
62.7487,168750
62.7560,168593
62.7569,167354
62.7609,169545
62.7650,168374
62.7692,168803
62.7732,168707
62.7773,167859
62.7815,169290
62.7856,168044
62.7897,168912
62.7938,169338
62.7980,168244
62.8021,169022
62.8061,167354
62.8102,169232
62.8143,168337
62.8188,167692
62.8228,168706
62.8269,167671
62.8270,168632
62.8307,168586
62.8348,167669
62.8389,168956
62.8430,167565
62.8471,168616
62.8512,168772
62.8552,168309
62.8594,168920
62.8635,167923
62.8676,168541
62.8716,168829
62.8757,168448
62.8798,168801
62.8839,167353
62.8880,168814
62.8921,169032
62.8962,168509
62.9003,169014
62.9043,167363
62.9085,168624
62.9126,168346
62.9166,168604
62.9208,169351
62.9248,167297
62.9290,169329
62.9330,168435
62.9372,168768
62.9413,169109
62.9454,167647
62.9494,168974
62.9537,168632
62.9538,168314
62.9576,168676
62.9617,167585
62.9659,168597
62.9699,168915
62.9740,168446
62.9781,168828
62.9822,167754
62.9863,168892
62.9906,169172
62.9944,168757
62.9986,168702
63.0027,167922
63.0068,168849
63.0109,168863
63.0150,168407
63.0191,168102
63.0232,167457
63.0273,168752
63.0314,169082
63.0354,168936
63.0395,168111
63.0436,167979
63.0477,168813
63.0519,168464
63.0559,168896
63.0599,167631
63.0642,167793
63.0682,168911
63.0722,168754
63.0766,168332
63.0806,167714
63.0807,167802
63.0847,168660
63.0887,168904
63.0927,168624
63.0969,167189
63.1009,167892
63.1051,168478
63.1092,168346
63.1133,168579
63.1174,167607
63.1215,168194
63.1256,168866
63.1296,168405
63.1337,168675
63.1378,167550
63.1420,168576
63.1461,168821
63.1502,168662
63.1542,168346
63.1584,167813
63.1625,168377
63.1667,168468
63.1706,168654
63.1746,168605
63.1788,168070
63.1829,168493
63.1870,168608
63.1911,168206
63.1952,168719
63.1994,167602
63.2035,169177
63.2076,168258
63.2077,168609
63.2115,169022
63.2156,167915
63.2197,168959
63.2238,168443
63.2279,168454
63.2320,168737
63.2361,167883
63.2403,169093
63.2443,168054
63.2485,169083
63.2526,169017
63.2566,167674
63.2608,168944
63.2648,168785
63.2689,168317
63.2730,168495
63.2771,167621
63.2814,169603
63.2853,168021
63.2894,168586
63.2935,168991
63.2976,167921
63.3017,169384
63.3058,167551
63.3099,168901
63.3140,168295
63.3181,167638
63.3222,169323
63.3263,167754
63.3305,168472
63.3344,168670
63.3345,167476
63.3385,168445
63.3428,167099
63.3467,168261
63.3508,168494
63.3549,167944
63.3589,168582
63.3630,167972
63.3671,168240
63.3712,168472
63.3753,168012
63.3794,168979
63.3835,167120
63.3877,168717
63.3918,168574
63.3959,168078
63.4000,168360
63.4041,167646
63.4082,168867
63.4123,168444
63.4163,168546
63.4205,168528
63.4246,167535
63.4286,169063
63.4327,168568
63.4369,168851
63.4410,168863
63.4450,168118
63.4491,168515
63.4532,168907
63.4577,168031
63.4616,168489
63.4657,167326
63.4658,168870
63.4697,169225
63.4737,168753
63.4778,168666
63.4819,167648
63.4860,168922
63.4901,168793
63.4942,168532
63.4983,167715
63.5024,167508
63.5065,168741
63.5106,168514
63.5147,168738
63.5187,168163
63.5228,167050
63.5270,168577
63.5311,168387
63.5352,168090
63.5393,167745
63.5434,168032
63.5475,168448
63.5516,169043
63.5556,168375
63.5597,167321
63.5638,168386
63.5679,168706
63.5720,169023
63.5761,168687
63.5802,167082
63.5845,167699
63.5886,168710
63.5925,168711
63.5925,168679
63.5965,167594
63.6007,167800
63.6048,168982
63.6089,168784
63.6130,169104
63.6171,167303
63.6212,167673
63.6253,168689
63.6293,168565
63.6334,168302
63.6376,167595
63.6417,168334
63.6458,168560
63.6499,168463
63.6539,168220
63.6580,167611
63.6622,168459
63.6662,169067
63.6703,168277
63.6744,168383
63.6785,167178
63.6825,168795
63.6867,168943
63.6908,168907
63.6949,168118
63.6989,167471
63.7030,168978
63.7072,168280
63.7113,168705
63.7156,168502
63.7196,167967
63.7197,168837
63.7235,168242
63.7277,168364
63.7318,168886
63.7359,168232
63.7400,168792
63.7441,168010
63.7482,168750
63.7523,168924
63.7564,167949
63.7604,169128
63.7645,168007
63.7686,168896
63.7727,168761
63.7768,167946
63.7809,169289
63.7850,167852
63.7891,169012
63.7932,168855
63.7973,168191
63.8014,168971
63.8054,167524
63.8096,168792
63.8136,168872
63.8178,167701
63.8219,168702
63.8260,168176
63.8300,168737
63.8341,168890
63.8385,168775
63.8425,169306
63.8466,168654
63.8466,168122
63.8506,169268
63.8546,168118
63.8587,168892
63.8628,167955
63.8670,168729
63.8710,169284
63.8751,168230
63.8792,169119
63.8833,167514
63.8874,168413
63.8915,168411
63.8956,168598
63.8997,168991
63.9038,168315
63.9079,168478
63.9120,168517
63.9160,168140
63.9201,169128
63.9243,168221
63.9284,168582
63.9324,168286
63.9366,168355
63.9406,168485
63.9447,167656
63.9487,168948
63.9529,168764
63.9570,168534
63.9611,168498
63.9654,168055
63.9695,168715
63.9736,168337
63.9736,168027
63.9775,168673
63.9817,168200
63.9857,169450
63.9898,168296
63.9938,168817
63.9980,168320
64.0021,167619
64.0062,168882
64.0103,169024
64.0144,168780
64.0185,168449
64.0226,167640
64.0267,169303
64.0307,168592
64.0348,169217
64.0389,167877
64.0430,168244
64.0471,168311
64.0512,168440
64.0553,168925
64.0593,168623
64.0634,168192
64.0675,168606
64.0716,169166
64.0757,168557
64.0798,168230
64.0839,168215
64.0880,168600
64.0923,168868
64.0964,168933
64.1005,167852
64.1006,168125
64.1044,169749
64.1086,168575
64.1127,169023
64.1167,167753
64.1208,167985
64.1249,168774
64.1290,168973
64.1331,169571
64.1372,167832
64.1413,168689
64.1454,169101
64.1495,168775
64.1538,168953
64.1577,167802
64.1617,168419
64.1658,169159
64.1700,169230
64.1741,168743
64.1782,167962
64.1823,169077
64.1864,168594
64.1905,168694
64.1948,168815
64.1986,167471
64.2027,168845
64.2068,168782
64.2109,169491
64.2151,168561
64.2192,168280
64.2233,169310
64.2275,168748
64.2276,169311
64.2315,168779
64.2355,168179
64.2396,169115
64.2437,167822
64.2478,168844
64.2519,169274
64.2560,167991
64.2601,169439
64.2642,168462
64.2684,169078
64.2730,168847
64.2764,168093
64.2805,169546
64.2846,168033
64.2887,169044
64.2928,169023
64.2969,168261
64.3010,169186
64.3051,167747
64.3092,168885
64.3133,169357
64.3175,168091
64.3215,169929
64.3256,167915
64.3297,169005
64.3338,168876
64.3380,168645
64.3420,169508
64.3461,168069
64.3504,169350
64.3544,169027
64.3544,168675
64.3584,169141
64.3625,168298
64.3666,169217
64.3707,168989
64.3748,168614
64.3789,169216
64.3831,167748
64.3871,168561
64.3912,169210
64.3953,169017
64.3994,169030
64.4035,168167
64.4076,169144
64.4117,168859
64.4158,168798
64.4199,169386
64.4240,168119
64.4281,169242
64.4321,168979
64.4363,168585
64.4403,169233
64.4444,167894
64.4485,169230
64.4526,168647
64.4567,168845
64.4608,169235
64.4648,167663
64.4690,168689
64.4731,168611
64.4774,170030
64.4814,168674
64.4815,168404
64.4854,169123
64.4895,169120
64.4937,168358
64.4977,168551
64.5017,168076
64.5059,169347
64.5100,168710
64.5141,169125
64.5182,168473
64.5223,168438
64.5264,169579
64.5305,168804
64.5346,169260
64.5386,168106
64.5427,168111
64.5469,168751
64.5510,169265
64.5551,169147
64.5591,168059
64.5632,168236
64.5675,168915
64.5715,168977
64.5755,169349
64.5796,168305
64.5837,168486
64.5878,169467
64.5919,168702
64.5960,169354
64.6001,168461
64.6043,168311
64.6083,169034
64.6084,169228
64.6123,169092
64.6165,167906
64.6206,168368
64.6247,169364
64.6287,168989
64.6328,169109
64.6370,168221
64.6410,168810
64.6451,168872
64.6492,168962
64.6533,168983
64.6574,167751
64.6615,169296
64.6656,169148
64.6697,168845
64.6738,168423
64.6779,168019
64.6819,169199
64.6861,168558
64.6902,168973
64.6943,169335
64.6983,168355
64.7024,169689
64.7067,168743
64.7108,168958
64.7148,168637
64.7189,168125
64.7230,169772
64.7271,168916
64.7312,168446
64.7355,169047
64.7355,168112
64.7394,169555
64.7435,169309
64.7476,169197
64.7517,168999
64.7558,168480
64.7598,169522
64.7639,168705
64.7680,169106
64.7721,169341
64.7762,168125
64.7803,169688
64.7844,168234
64.7885,169044
64.7926,168783
64.7967,168145
64.8008,168952
64.8049,168223
64.8090,168637
64.8130,168857
64.8172,168530
64.8213,169551
64.8254,168549
64.8295,169241
64.8336,168540
64.8377,168335
64.8418,169892
64.8459,168747
64.8500,169180
64.8541,169162
64.8583,168048
64.8624,169015
64.8625,168009
64.8663,169307
64.8704,168859
64.8745,168632
64.8786,169277
64.8827,168079
64.8868,169040
64.8909,169499
64.8950,168432
64.8990,168739
64.9032,168435
64.9073,168541
64.9114,169872
64.9154,168601
64.9196,169304
64.9237,167998
64.9278,169106
64.9318,168734
64.9360,168321
64.9400,168767
64.9442,167917
64.9481,169349
64.9524,168886
64.9565,168307
64.9607,168776
64.9647,167501
64.9686,168507
64.9728,168982
64.9769,168590
64.9811,168939
64.9852,168091
64.9893,169016
64.9934,169274
64.9935,168528
64.9974,168598
65.0015,167999
65.0056,169196
65.0097,169106
65.0138,168838
65.0179,168921
65.0220,167951
65.0260,169259
65.0302,168919
65.0343,168608
65.0384,168026
65.0423,168171
65.0465,168632
65.0506,168669
65.0547,168894
65.0588,168002
65.0629,168317
65.0670,168865
65.0711,169231
65.0752,168869
65.0793,167096
65.0834,167977
65.0875,168732
65.0916,168990
65.0957,168702
65.0998,167925
65.1039,167945
65.1080,169033
65.1122,169475
65.1163,169060
65.1204,167506
65.1205,167922
65.1244,169028
65.1285,168701
65.1325,168739
65.1366,167726
65.1407,168622
65.1448,168750
65.1489,168654
65.1530,168629
65.1571,167873
65.1612,169299
65.1652,169496
65.1694,168868
65.1735,168768
65.1776,167953
65.1816,169296
65.1858,168698
65.1899,168486
65.1940,169779
65.1980,168420
65.2021,169337
65.2063,168622
65.2103,168829
65.2144,169058
65.2185,167603
65.2226,169038
65.2267,168641
65.2308,168718
65.2350,169087
65.2392,168730
65.2431,169276
65.2471,168298
65.2472,169183
65.2513,169057
65.2554,168100
65.2596,169416
65.2636,168417
65.2677,169329
65.2718,168810
65.2759,168543
65.2800,169552
65.2841,168778
65.2882,169454
65.2922,169067
65.2963,168352
65.3005,169960
65.3046,168400
65.3087,168966
65.3128,168731
65.3169,168198
65.3210,169256
65.3251,168157
65.3292,168994
65.3333,169263
65.3373,168337
65.3414,169163
65.3455,168014
65.3496,168790
65.3536,169024
65.3579,168552
65.3619,169142
65.3662,167693
65.3703,169363
65.3743,168999
65.3744,168399
65.3783,168937
65.3824,168324
65.3865,168966
65.3906,169307
65.3947,168679
65.3987,168694
65.4028,167902
65.4069,168998
65.4110,168930
65.4151,168646
65.4193,169559
65.4234,168330
65.4275,169484
65.4315,169241
65.4356,168252
65.4398,169330
65.4438,168318
65.4478,168780
65.4520,168959
65.4561,169088
65.4602,169434
65.4643,167843
65.4684,168352
65.4725,169170
65.4766,168909
65.4807,168998
65.4848,168634
65.4889,168538
65.4930,168827
65.4973,168456
65.5013,168416
65.5015,167740
65.5053,169102
65.5094,168978
65.5135,168706
65.5175,168752
65.5217,167951
65.5257,168941
65.5298,168886
65.5339,168904
65.5380,168469
65.5421,168148
65.5462,168956
65.5502,168730
65.5543,169372
65.5584,168142
65.5626,167733
65.5667,168892
65.5708,168522
65.5749,169174
65.5790,168013
65.5831,168240
65.5871,169072
65.5912,169108
65.5953,168856
65.5995,168392
65.6036,168197
65.6077,169194
65.6118,168896
65.6159,168331
65.6200,167928
65.6242,168688
65.6281,169128
65.6282,169139
65.6322,168832
65.6363,167595
65.6404,168421
65.6446,169041
65.6486,168405
65.6527,168771
65.6568,167942
65.6609,168765
65.6650,168920
65.6690,169083
65.6731,168496
65.6772,168120
65.6814,168526
65.6855,168936
65.6896,168683
65.6937,168646
65.6977,167607
65.7019,168469
65.7060,168465
65.7100,168852
65.7142,169037
65.7182,167750
65.7223,169412
65.7264,168407
65.7305,168807
65.7346,168988
65.7387,167876
65.7428,168947
65.7469,168523
65.7512,168719
65.7553,168988
65.7553,167991
65.7592,169075
65.7633,168051
65.7674,169208
65.7714,168973
65.7756,168256
65.7797,169414
65.7838,168272
65.7879,168653
65.7920,169065
65.7961,168066
65.8002,169091
65.8043,167702
65.8084,168833
65.8124,168464
65.8165,168210
65.8206,169277
65.8247,168207
65.8289,168408
65.8329,168822
65.8370,168274
65.8411,169620
65.8452,167880
65.8493,168762
65.8534,168335
65.8575,167944
65.8616,169452
65.8657,168352
65.8698,169193
65.8739,168878
65.8781,168605
65.8823,169436
65.8823,167776
65.8862,168509
65.8903,168479
65.8944,168303
65.8985,169219
65.9026,167981
65.9067,168898
65.9108,168975
65.9149,168474
65.9190,169013
65.9231,167939
65.9271,168778
65.9312,168850
65.9353,168045
65.9394,168781
65.9436,167920
65.9475,168624
65.9517,168957
65.9558,169624
65.9599,169468
65.9640,167650
65.9681,168998
65.9722,169209
65.9763,168263
65.9803,168991
65.9845,168409
65.9886,168918
65.9927,168419
65.9968,168818
66.0010,168510
66.0052,168583
66.0092,168483
66.0093,169300
66.0132,168482
66.0173,168932
66.0214,167926
66.0254,168948
66.0296,168680
66.0337,169053
66.0377,168453
66.0418,167460
66.0458,169042
66.0500,169128
66.0541,168835
66.0581,168489
66.0622,167948
66.0663,168480
66.0704,168807
66.0746,168757
66.0787,168042
66.0827,167668
66.0869,168685
66.0909,168697
66.0950,168797
66.0992,167778
66.1032,167764
66.1073,168635
66.1114,168887
66.1156,168435
66.1196,167807
66.1238,168008
66.1279,168577
66.1322,168547
66.1362,169012
66.1402,167703
66.1403,168432
66.1442,168649
66.1483,169018
66.1524,168781
66.1565,167351
66.1606,168534
66.1647,169087
66.1688,168815
66.1729,168717
66.1769,167872
66.1810,168332
66.1852,168378
66.1893,169150
66.1934,168648
66.1974,168139
66.2016,169354
66.2057,168174
66.2098,168620
66.2139,168496
66.2180,168181
66.2221,168993
66.2262,169096
66.2303,168944
66.2343,168866
66.2384,168098
66.2426,169162
66.2466,168309
66.2507,169085
66.2548,168819
66.2591,167415
66.2632,169320
66.2672,168232
66.2673,168793
66.2712,168488
66.2752,167983
66.2794,169390
66.2834,168170
66.2875,168767
66.2917,168691
66.2958,168341
66.2999,169913
66.3040,168758
66.3081,168679
66.3122,168764
66.3162,167954
66.3203,169014
66.3243,168275
66.3285,168408
66.3326,168768
66.3367,168346
66.3408,169373
66.3449,168492
66.3491,168565
66.3531,168928
66.3572,167949
66.3612,169314
66.3653,168434
66.3695,168986
66.3736,168875
66.3777,168401
66.3818,169221
66.3861,167675
66.3901,168778
66.3942,169061
66.3943,167771
66.3982,168860
66.4022,168191
66.4063,168954
66.4104,168905
66.4145,168869
66.4186,169051
66.4226,168039
66.4268,168406
66.4309,169570
66.4349,168336
66.4390,169079
66.4431,168002
66.4472,169105
66.4513,169434
66.4555,169072
66.4596,168817
66.4637,168327
66.4677,169209
66.4718,168824
66.4759,169019
66.4800,168663
66.4842,167880
66.4883,168791
66.4924,168976
66.4965,168468
66.5006,168724
66.5047,168021
66.5088,168910
66.5130,168591
66.5171,168939
66.5212,168803
66.5213,167691
66.5251,168650
66.5292,169143
66.5334,168667
66.5374,168377
66.5416,167471
66.5456,169026
66.5497,169165
66.5538,168881
66.5578,168782
66.5620,168352
66.5661,169614
66.5702,169140
66.5743,168836
66.5784,168429
66.5824,167941
66.5866,169277
66.5907,168802
66.5948,169035
66.5989,167690
66.6030,168056
66.6071,168859
66.6112,169270
66.6153,168925
66.6194,168092
66.6235,168404
66.6276,169627
66.6316,169308
66.6358,168934
66.6400,168347
66.6441,168288
66.6481,169350
66.6482,169193
66.6520,169007
66.6561,167971
66.6602,169050
66.6644,168825
66.6685,168899
66.6726,169332
66.6767,168419
66.6807,169173
66.6849,168738
66.6890,169151
66.6930,169041
66.6971,167440
66.7012,169133
66.7053,168969
66.7095,168482
66.7136,168831
66.7177,168379
66.7218,168987
66.7259,168604
66.7299,168408
66.7341,169066
66.7381,167690
66.7422,169223
66.7463,168539
66.7504,168879
66.7545,169085
66.7587,168277
66.7627,169157
66.7668,168509
66.7712,169229
66.7751,169184
66.7752,168203
66.7791,169683
66.7832,168947
66.7873,169037
66.7914,168219
66.7955,168264
66.7995,169427
66.8036,168126
66.8076,168647
66.8118,169054
66.8159,168282
66.8200,169616
66.8241,168101
66.8282,169025
66.8323,168813
66.8364,168200
66.8406,169538
66.8446,168203
66.8487,169475
66.8528,168929
66.8570,168505
66.8610,168863
66.8651,168079
66.8692,169232
66.8732,168420
66.8773,168574
66.8815,168777
66.8856,167948
66.8897,169537
66.8938,169329
66.8978,168651
66.9021,169444
66.9021,168129
66.9061,169046
66.9102,168766
66.9143,168336
66.9183,168991
66.9224,168339
66.9266,169351
66.9306,168879
66.9347,168540
66.9388,169025
66.9429,168119
66.9470,168728
66.9511,168881
66.9552,168573
66.9593,168735
66.9634,168341
66.9675,168922
66.9717,168896
66.9757,168731
66.9798,169063
66.9839,167917
66.9880,168947
66.9921,168791
66.9962,168635
67.0003,168623
67.0043,168129
67.0084,168829
67.0126,168912
67.0166,169233
67.0207,168909
67.0250,168621
67.0289,168930
67.0289,169223
67.0330,168828
67.0371,168618
67.0412,167881
67.0453,169364
67.0493,168751
67.0534,169282
67.0575,168741
67.0616,168368
67.0657,168642
67.0698,168725
67.0739,169055
67.0781,168365
67.0822,167903
67.0863,168908
67.0904,169164
67.0945,168936
67.0986,168325
67.1027,168260
67.1067,168838
67.1108,169205
67.1149,168836
67.1190,167513
67.1231,168794
67.1272,169061
67.1313,169038
67.1354,169267
67.1395,168018
67.1435,168800
67.1477,168838
67.1520,169359
67.1560,169281
67.1561,167914
67.1600,169052
67.1641,169314
67.1682,168830
67.1722,168790
67.1764,168176
67.1804,168821
67.1846,168654
67.1887,168617
67.1928,168715
67.1968,167849
67.2010,169188
67.2051,169135
67.2091,168620
67.2132,169303
67.2174,167599
67.2215,169143
67.2256,169278
67.2296,169336
67.2337,168958
67.2378,167859
67.2419,169838
67.2460,169248
67.2501,169125
67.2541,168828
67.2583,167933
67.2624,168764
67.2665,168542
67.2706,168573
67.2747,168812
67.2788,167867
67.2830,169426
67.2831,168358
67.2870,168925
67.2911,169003
67.2951,168201
67.2993,169263
67.3033,168684
67.3075,168575
67.3115,168322
67.3156,167956
67.3197,169832
67.3238,167939
67.3279,169311
67.3320,168716
67.3361,168229
67.3402,169174
67.3443,167955
67.3484,169110
67.3525,168981
67.3566,168209
67.3607,169685
67.3648,168010
67.3689,169070
67.3730,168978
67.3771,168297
67.3811,169336
67.3852,167965
67.3894,168933
67.3934,168534
67.3975,168485
67.4016,169193
67.4059,168389
67.4100,169190
67.4140,168590
67.4141,168843
67.4180,168962
67.4221,167939
67.4261,168693
67.4303,168758
67.4344,168582
67.4386,168922
67.4426,167823
67.4466,169026
67.4508,168769
67.4548,168632
67.4589,168938
67.4630,167723
67.4671,168404
67.4713,169322
67.4754,168731
67.4795,169327
67.4836,167762
67.4877,168870
67.4918,168875
67.4958,168936
67.4999,169110
67.5040,168147
67.5081,168943
67.5123,168885
67.5164,168722
67.5205,168642
67.5246,168859
67.5287,169369
67.5328,169170
67.5369,168953
67.5370,169167
67.5409,168495
67.5450,169202
67.5491,168876
67.5532,169041
67.5573,168638
67.5614,167819
67.5655,168845
67.5696,168649
67.5737,168640
67.5778,168492
67.5819,167957
67.5860,168458
67.5901,168974
67.5942,168267
67.5982,168341
67.6024,168098
67.6065,168999
67.6106,168847
67.6147,168563
67.6187,168211
67.6228,167492
67.6269,168727
67.6310,168796
67.6351,168717
67.6392,167558
67.6433,168284
67.6474,168793
67.6515,168838
67.6556,168731
67.6599,167655
67.6640,168722
67.6680,168633
67.6681,168493
67.6720,168532
67.6761,167973
67.6801,169113
67.6843,168700
67.6884,169021
67.6925,169256
67.6966,168472
67.7007,169005
67.7050,168710
67.7090,168757
67.7129,168484
67.7171,167582
67.7212,168918
67.7252,168395
67.7293,168769
67.7334,168895
67.7376,167846
67.7416,169138
67.7457,168246
67.7498,168787
67.7539,168832
67.7580,167997
67.7621,169213
67.7662,168158
67.7703,168825
67.7744,168887
67.7786,167760
67.7826,169329
67.7869,168699
67.7909,168827
67.7950,168838
67.7951,168084
67.7990,169268
67.8030,168615
67.8072,168532
67.8113,169349
67.8153,167698
67.8194,169613
67.8235,167540
67.8276,168828
67.8317,168634
67.8358,168357
67.8399,169104
67.8441,168127
67.8480,169364
67.8521,168874
67.8562,168353
67.8603,169598
67.8644,168267
67.8685,168632
67.8726,169140
67.8767,168362
67.8808,169079
67.8849,167990
67.8890,168892
67.8930,169319
67.8972,168596
67.9013,169290
67.9054,167725
67.9095,168854
67.9138,169360
67.9179,167887
67.9218,169314
67.9219,168023
67.9258,168873
67.9299,169429
67.9340,168857
67.9381,169041
67.9422,168250
67.9463,169071
67.9504,169129
67.9545,168651
67.9586,168952
67.9627,168067
67.9669,169093
67.9710,169082
67.9751,169210
67.9791,169064
67.9832,168088
67.9873,168794
67.9914,168835
67.9955,168703
67.9996,169029
68.0037,168445
68.0079,169388
68.0119,168955
68.0159,168851
68.0201,168937
68.0242,167963
68.0283,169415
68.0324,169310
68.0366,168685
68.0410,168174
68.0447,168299
68.0487,169132
68.0488,169282
68.0528,168476
68.0569,168423
68.0610,168383
68.0651,168384
68.0692,168801
68.0734,168852
68.0774,167763
68.0816,167912
68.0857,169699
68.0898,169006
68.0939,169020
68.0980,168385
68.1021,167884
68.1061,168627
68.1103,169059
68.1144,168823
68.1184,168141
68.1226,168207
68.1266,169157
68.1307,168932
68.1348,169248
68.1389,168088
68.1430,168451
68.1471,168935
68.1512,168661
68.1554,168854
68.1594,168324
68.1635,168592
68.1678,169473
68.1718,169186
68.1758,169441
68.1759,167388
68.1798,169220
68.1840,169063
68.1881,168869
68.1922,168589
68.1963,167712
68.2004,169193
68.2044,169232
68.2086,168980
68.2126,168915
68.2169,168470
68.2208,169402
68.2249,168974
68.2290,169271
68.2331,169122
68.2372,167628
68.2413,169175
68.2454,169048
68.2495,169170
68.2535,168837
68.2577,167952
68.2618,169324
68.2658,168576
68.2699,169136
68.2741,169277
68.2782,168077
68.2823,169867
68.2864,168568
68.2905,169024
68.2947,168892
68.2988,168338
68.3027,169879
68.3027,168427
68.3068,169068
68.3109,169164
68.3150,168590
68.3191,169670
68.3232,168429
68.3273,168903
68.3314,169278
68.3356,168453
68.3396,169728
68.3437,168016
68.3478,169430
68.3518,168959
68.3559,168297
68.3600,169116
68.3641,168456
68.3683,169276
68.3724,168532
68.3765,168442
68.3806,168962
68.3848,168137
68.3887,168758
68.3928,169029
68.3969,168668
68.4010,169437
68.4050,168246
68.4092,168588
68.4133,169224
68.4174,168776
68.4216,169993
68.4258,168078
68.4296,169251
68.4297,169552
68.4337,168792
68.4378,168673
68.4419,168440
68.4460,168984
68.4502,169348
68.4542,168784
68.4583,169592
68.4624,167882
68.4666,169921
68.4707,169251
68.4748,169151
68.4789,168974
68.4830,168001
68.4872,169345
68.4913,169203
68.4952,169787
68.4993,169003
68.5034,168648
68.5076,169411
68.5116,169295
68.5158,169595
68.5198,168762
68.5239,168444
68.5280,168884
68.5323,169350
68.5361,169210
68.5404,168816
68.5445,168583
68.5485,169380
68.5526,169105
68.5567,168760
68.5567,168407
68.5608,168888
68.5649,169079
68.5690,168991
68.5731,169312
68.5772,168457
68.5813,168380
68.5854,169074
68.5895,169138
68.5935,169261
68.5976,168351
68.6017,168889
68.6058,168984
68.6099,169207
68.6140,169941
68.6195,168124
68.6230,168560
68.6266,169470
68.6309,168798
68.6351,169178
68.6386,168344
68.6426,168493
68.6467,168801
68.6508,169742
68.6549,169341
68.6590,167723
68.6631,168974
68.6672,169316
68.6713,169466
68.6754,169251
68.6795,167959
68.6838,168723
68.6839,168668
68.6878,169172
68.6919,169432
68.6958,167842
68.7000,169056
68.7041,169198
68.7083,168588
68.7126,168627
68.7165,168101
68.7206,169188
68.7246,168896
68.7287,169531
68.7328,169613
68.7369,167834
68.7410,169337
68.7451,169285
68.7492,169405
68.7533,169528
68.7574,168380
68.7615,169292
68.7655,168662
68.7697,168983
68.7738,168985
68.7779,168232
68.7820,169785
68.7862,168408
68.7902,168972
68.7942,169228
68.7983,167932
68.8025,169644
68.8067,168461
68.8108,169403
68.8108,169322
68.8147,168267
68.8190,169616
68.8229,168654
68.8270,169328
68.8312,168939
68.8352,168439
68.8393,169522
68.8434,168578
68.8475,169114
68.8516,169350
68.8557,168954
68.8598,169148
68.8639,167895
68.8680,169321
68.8721,169127
68.8762,167730
68.8803,169509
68.8843,168317
68.8884,169470
68.8926,169034
68.8967,168880
68.9007,169368
68.9048,168346
68.9089,168929
68.9131,168728
68.9171,168477
68.9212,169486
68.9253,168392
68.9294,169238
68.9336,169064
68.9378,168507
68.9378,169394
68.9416,168399
68.9457,169524
68.9498,169220
68.9541,169227
68.9580,169035
68.9621,168372
68.9662,168978
68.9703,168908
68.9744,168818
68.9785,169642
68.9825,168262
68.9867,169049
68.9907,169364
68.9948,168939
68.9990,169377
69.0031,168852
69.0072,169059
69.0113,169423
69.0154,168674
69.0196,169579
69.0236,168382
69.0277,168882
69.0318,169675
69.0359,169154
69.0400,169110
69.0441,168877
69.0482,169228
69.0522,169376
69.0563,169314
69.0607,168807
69.0649,168478
69.0689,169270
69.0690,169102
69.0728,169031
69.0769,168612
69.0810,168565
69.0851,169189
69.0892,169341
69.0932,169655
69.0973,168420
69.1015,168350
69.1056,168817
69.1096,169026
69.1137,169494
69.1178,168523
69.1219,168625
69.1260,169325
69.1301,169677
69.1342,169214
69.1383,168068
69.1424,169024
69.1466,169244
69.1506,168875
69.1547,168941
69.1588,168395
69.1629,169350
69.1670,169503
69.1710,168995
69.1752,169537
69.1792,168349
69.1834,169101
69.1876,169761
69.1916,168765
69.1955,169486
69.1956,168188
69.1997,169572
69.2038,169121
69.2079,169113
69.2120,169442
69.2161,168042
69.2201,169746
69.2242,168996
69.2283,169791
69.2325,169244
69.2365,167677
69.2406,169516
69.2447,168800
69.2488,169315
69.2529,169087
69.2571,167640
69.2611,170199
69.2652,169200
69.2694,169526
69.2735,169198
69.2776,168445
69.2816,170255
69.2857,169381
69.2898,169111
69.2940,169224
69.2980,168175
69.3022,170442
69.3062,168697
69.3102,169536
69.3146,168932
69.3188,168313
69.3227,170095
69.3228,168297
69.3267,169093
69.3308,168679
69.3349,168986
69.3390,170337
69.3431,167952
69.3472,169225
69.3513,169437
69.3554,168196
69.3595,169730
69.3636,167869
69.3677,169467
69.3718,169316
69.3759,168955
69.3800,169182
69.3841,167458
69.3882,168866
69.3922,169127
69.3964,168666
69.4004,169999
69.4046,168415
69.4086,168901
69.4127,169086
69.4168,168811
69.4211,169818
69.4250,167889
69.4290,169008
69.4331,169011
69.4373,168459
69.4416,169329
69.4456,168090
69.4497,169185
69.4498,169047
69.4537,168452
69.4578,169577
69.4618,168392
69.4660,168949
69.4701,169525
69.4742,168578
69.4783,169076
69.4824,168252
69.4864,168866
69.4906,169412
69.4946,168998
69.4987,168978
69.5028,167988
69.5069,169300
69.5110,168976
69.5151,168738
69.5192,169429
69.5233,167839
69.5275,169374
69.5316,168453
69.5356,168894
69.5397,168674
69.5438,168041
69.5479,169495
69.5520,169242
69.5561,169035
69.5602,168242
69.5643,168638
69.5686,169242
69.5726,169129
69.5767,168595
69.5767,168986
69.5806,168463
69.5847,169305
69.5888,169518
69.5930,169234
69.5970,168609
69.6011,168164
69.6053,168781
69.6094,169146
69.6134,169551
69.6176,168035
69.6216,168488
69.6257,168672
69.6298,168704
69.6339,169166
69.6380,167995
69.6421,168521
69.6462,169459
69.6503,169134
69.6544,168645
69.6585,167930
69.6626,168504
69.6667,169135
69.6708,169214
69.6749,168676
69.6789,167976
69.6831,168939
69.6871,168895
69.6913,168779
69.6953,168836
69.6996,168166
69.7035,169160
69.7036,169232
69.7076,169189
69.7116,169117
69.7158,168015
69.7199,168973
69.7240,168990
69.7281,169511
69.7322,169001
69.7363,167981
69.7404,168857
69.7445,168692
69.7486,169331
69.7527,169719
69.7568,168097
69.7609,169807
69.7650,168348
69.7691,169125
69.7732,169087
69.7773,168405
69.7814,170015
69.7854,168520
69.7896,168814
69.7936,169154
69.7976,167881
69.8018,169430
69.8059,168604
69.8100,169355
69.8141,169009
69.8182,168567
69.8223,169417
69.8266,167934
69.8305,169008
69.8305,169167
69.8346,167795
69.8387,169521
69.8428,168257
69.8469,169297
69.8510,168744
69.8551,168184
69.8592,169623
69.8633,167939
69.8674,169067
69.8715,168377
69.8756,168008
69.8796,169204
69.8837,168030
69.8878,168788
69.8919,169003
69.8960,168530
69.9001,169793
69.9042,168322
69.9083,168842
69.9124,169046
69.9166,168767
69.9206,169526
69.9247,168215
69.9287,169328
69.9329,169082
69.9370,168611
69.9411,169614
69.9452,168343
69.9493,169278
69.9535,169243
69.9576,168527
69.9577,169298
69.9615,168504
69.9656,169298
69.9697,169077
69.9738,168365
69.9779,169149
69.9820,168452
69.9861,169616
69.9902,169264
69.9943,168774
69.9984,169362
70.0025,168308
70.0065,169053
70.0107,169015
70.0148,169154
70.0189,169403
70.0230,168014
70.0271,169509
70.0312,168637
70.0353,169175
70.0394,168845
70.0435,168334
70.0475,169210
70.0516,168856
70.0557,169290
70.0598,168592
70.0639,168153
70.0680,169030
70.0721,168905
70.0762,169143
70.0804,168278
70.0845,168331
70.0845,169338
70.0885,168701
70.0928,168937
70.0967,168683
70.1008,167978
70.1048,168893
70.1089,168964
70.1130,169339
70.1171,168141
70.1212,168540
70.1253,169037
70.1294,169275
70.1335,168609
70.1376,168157
70.1417,167921
70.1458,168623
70.1499,168895
70.1540,168831
70.1581,167518
70.1622,168728
70.1663,168913
70.1704,168814
70.1746,168728
70.1785,168126
70.1827,168959
70.1868,169313
70.1909,168692
70.1949,169225
70.1991,167891
70.2032,169100
70.2076,169079
70.2115,169005
70.2116,169039
70.2155,167990
70.2195,169325
70.2236,168668
70.2277,168788
70.2318,169348
70.2359,167814
70.2400,169330
70.2441,168511
70.2483,169098
70.2524,168961
70.2565,168157
70.2606,169538
70.2647,168446
70.2688,168518
70.2728,169266
70.2770,167670
70.2811,169692
70.2851,168025
70.2892,168807
70.2933,169066
70.2974,167934
70.3016,169029
70.3056,168065
70.3097,169209
70.3138,169166
70.3180,167925
70.3220,169469
70.3261,168485
70.3302,168956
70.3345,168688
70.3384,167789
70.3385,169483
70.3424,167751
70.3465,169253
70.3507,168261
70.3548,167864
70.3589,169068
70.3630,168032
70.3671,169085
70.3712,168758
70.3752,168209
70.3793,169044
70.3834,167524
70.3875,168737
70.3916,169039
70.3958,168111
70.3998,169387
70.4039,167593
70.4080,168777
70.4122,168943
70.4162,168624
70.4203,169097
70.4244,168180
70.4285,168837
70.4326,169092
70.4366,168038
70.4407,169097
70.4448,167843
70.4489,168744
70.4530,169287
70.4571,168708
70.4612,168499
70.4654,167906
70.4696,168956
70.4696,168743
70.4735,168474
70.4776,169909
70.4817,168084
70.4858,169116
70.4899,168917
70.4940,168792
70.4981,168718
70.5022,168329
70.5063,168781
70.5104,168675
70.5146,168462
70.5186,169451
70.5227,168062
70.5270,169224
70.5310,169078
70.5351,169105
70.5391,169143
70.5431,168063
70.5472,168854
70.5513,169214
70.5554,168614
70.5596,168410
70.5636,168251
70.5677,169031
70.5718,168842
70.5761,168603
70.5802,168366
70.5842,167771
70.5883,168873
70.5923,168895
70.5964,168824
70.5965,168770
70.6006,168559
70.6046,169416
70.6087,169574
70.6129,168853
70.6170,168249
70.6211,168262
70.6251,168776
70.6291,168649
70.6332,168892
70.6373,168161
70.6420,168557
70.6455,169078
70.6498,168866
70.6537,168810
70.6578,168512
70.6619,168730
70.6668,168823
70.6701,169452
70.6741,168935
70.6782,167995
70.6836,169181
70.6866,169394
70.6907,168375
70.6947,168695
70.6994,167934
70.7028,169013
70.7069,168565
70.7110,168658
70.7152,168852
70.7194,167924
70.7234,169188
70.7235,168780
70.7274,169046
70.7323,168872
70.7356,168412
70.7397,169627
70.7438,168961
70.7488,168928
70.7520,168924
70.7561,168303
70.7602,169760
70.7653,168383
70.7684,168622
70.7725,168809
70.7765,167890
70.7818,170030
70.7848,168341
70.7888,169241
70.7929,168790
70.7971,168356
70.8012,169833
70.8052,168793
70.8093,169476
70.8135,168853
70.8176,168328
70.8217,169108
70.8258,167903
70.8299,169029
70.8340,169148
70.8381,167931
70.8423,169271
70.8463,168208
70.8504,169223
70.8505,168557
70.8544,168130
70.8585,169571
70.8627,168332
70.8668,168648
70.8708,168924
70.8748,168310
70.8790,169368
70.8834,168204
70.8872,169222
70.8913,169303
70.8955,169097
70.9002,168934
70.9035,168314
70.9076,169082
70.9118,169215
70.9164,168386
70.9199,169577
70.9240,168018
70.9281,169511
70.9327,169488
70.9363,168569
70.9404,169200
70.9445,167952
70.9489,169002
70.9527,169212
70.9568,169135
70.9609,169286
70.9658,168473
70.9693,168989
70.9733,169028
70.9774,168857
70.9775,169171
70.9826,168097
70.9856,168756
70.9897,169377
70.9938,169100
70.9985,169418
71.0018,168481
71.0059,168803
71.0100,168805
71.0142,168957
71.0182,168585
71.0223,168024
71.0265,168967
71.0310,169013
71.0347,169125
71.0387,169053
71.0428,168384
71.0469,168986
71.0514,168676
71.0551,168907
71.0592,168639
71.0633,168263
71.0678,169295
71.0716,169037
71.0756,169416
71.0798,168444
71.0843,168275
71.0886,169360
71.0921,169271
71.0962,168779
71.1003,168694
71.1043,168032
71.1044,169109
71.1083,169277
71.1125,169340
71.1170,167882
71.1211,168232
71.1248,168839
71.1288,169080
71.1333,169245
71.1372,168051
71.1411,169053
71.1452,169075
71.1497,168628
71.1534,168714
71.1575,167732
71.1616,168678
71.1663,168956
71.1703,168385
71.1739,168618
71.1780,167661
71.1823,168835
71.1868,168961
71.1903,168760
71.1943,168850
71.1992,167912
71.2026,169173
71.2066,168518
71.2107,168968
71.2158,168820
71.2192,167894
71.2230,169150
71.2274,169185
71.2317,169371
71.2318,169009
71.2353,168169
71.2394,169032
71.2435,168994
71.2486,168829
71.2518,169145
71.2559,168179
71.2600,169847
71.2647,168293
71.2683,169255
71.2722,168800
71.2763,168036
71.2805,169826
71.2847,168202
71.2886,169572
71.2927,169281
71.2968,167820
71.3012,169649
71.3049,168100
71.3090,168973
71.3132,169135
71.3172,168263
71.3213,168912
71.3254,168185
71.3295,169199
71.3336,168766
71.3377,167808
71.3418,169433
71.3459,168215
71.3505,168973
71.3543,169544
71.3583,168298
71.3583,168939
71.3623,167724
71.3664,168702
71.3705,168831
71.3745,168035
71.3787,169298
71.3835,168603
71.3868,168508
71.3909,168998
71.3951,167713
71.3999,169194
71.4032,167781
71.4073,169086
71.4118,168544
71.4163,168450
71.4196,169151
71.4237,167849
71.4278,168889
71.4326,168986
71.4360,168561
71.4401,169136
71.4442,168300
71.4493,169039
71.4524,168920
71.4565,168629
71.4606,169139
71.4647,168328
71.4692,169037
71.4729,169499
71.4770,168451
71.4816,168903
71.4853,168415
71.4854,169327
71.4892,168930
71.4933,168658
71.4980,169154
71.5018,168477
71.5062,169191
71.5097,169028
71.5149,168908
71.5180,168978
71.5220,167760
71.5261,168791
71.5308,168914
71.5349,169213
71.5385,168970
71.5425,168415
71.5471,169164
71.5512,169317
71.5549,168639
71.5589,169030
71.5630,168221
71.5680,168883
71.5713,169156
71.5753,168831
71.5794,168364
71.5844,167958
71.5876,169138
71.5917,169033
71.5958,169122
71.6000,168427
71.6045,168106
71.6082,168806
71.6124,169060
71.6124,169125
71.6169,168036
71.6203,168324
71.6244,169198
71.6286,168712
71.6328,169143
71.6369,167980
71.6409,168245
71.6449,168821
71.6495,168432
71.6531,168836
71.6572,168233
71.6614,168256
71.6658,169315
71.6695,168522
71.6735,168277
71.6777,167890
71.6822,168195
71.6858,168153
71.6899,168624
71.6940,168590
71.6985,167595
71.7023,168960
71.7066,168894
71.7105,169271
71.7158,168798
71.7186,167980
71.7227,168810
71.7268,169007
71.7310,168906
71.7353,168382
71.7394,167995
71.7395,169151
71.7432,168010
71.7479,169450
71.7520,168827
71.7555,167991
71.7596,169234
71.7638,168244
71.7678,169005
71.7718,168798
71.7759,167401
71.7802,168973
71.7843,168226
71.7883,169534
71.7924,168542
71.7966,167587
71.8005,169371
71.8046,167937
71.8087,168964
71.8128,168977
71.8171,167509
71.8212,169834
71.8251,167888
71.8293,168889
71.8339,168956
71.8375,167378
71.8415,169069
71.8456,167980
71.8497,168554
71.8544,168683
71.8579,167884
71.8621,169313
71.8661,167976
71.8661,169266
71.8701,168955
71.8742,168350
71.8784,169394
71.8831,167897
71.8865,168894
71.8906,168506
71.8948,169159
71.8995,169122
71.9029,167980
71.9070,168438
71.9112,168970
71.9153,168477
71.9193,168959
71.9234,167982
71.9275,168779
71.9322,168949
71.9358,168197
71.9398,168929
71.9439,167744
71.9486,168794
71.9526,168886
71.9562,168483
71.9603,168352
71.9651,167682
71.9685,168941
71.9725,169222
71.9766,168123
71.9808,168819
71.9851,167750
71.9891,168574
71.9931,168819
71.9932,168995
71.9971,168529
72.0015,167877
72.0053,169002
72.0095,168620
72.0146,168451
72.0179,168469
72.0217,168128
72.0258,168896
72.0301,168675
72.0341,168262
72.0381,168749
72.0422,167944
72.0464,169029
72.0509,168218
72.0545,168752
72.0586,168611
72.0627,168561
72.0672,168736
72.0708,168771
72.0749,168558
72.0790,167921
72.0839,168156
72.0872,168800
72.0913,168952
72.0955,168416
72.1000,167702
72.1036,167729
72.1077,168628
72.1119,168166
72.1161,168044
72.1200,167568
72.1201,168260
72.1241,168627
72.1282,168496
72.1328,168671
72.1365,167464
72.1406,168548
72.1446,168751
72.1494,168885
72.1529,168249
72.1569,167720
72.1610,168815
72.1659,168729
72.1692,168445
72.1732,168586
72.1773,167991
72.1821,168525
72.1857,168538
72.1896,168804
72.1937,169173
72.1985,167440
72.2024,169618
72.2061,168906
72.2102,168862
72.2147,168608
72.2185,168166
72.2225,168911
72.2266,168834
72.2309,168955
72.2349,168904
72.2389,168018
72.2430,169213
72.2473,168458
72.2511,168643
72.2512,169006
72.2552,167839
72.2593,169702
72.2643,167892
72.2676,168650
72.2717,168646
72.2757,167517
72.2801,169182
72.2846,168229
72.2879,168490
72.2920,168690
72.2963,168049
72.3010,169190
72.3043,168533
72.3085,169089
72.3130,168841
72.3167,168125
72.3208,169753
72.3251,168182
72.3290,168723
72.3334,168586
72.3371,168319
72.3412,169466
72.3454,168084
72.3502,168693
72.3535,169232
72.3576,168135
72.3617,168819
72.3660,167868
72.3700,168632
72.3741,169096
72.3782,168707
72.3783,168971
72.3826,167553
72.3862,168808
72.3904,168778
72.3945,168144
72.3992,169133
72.4026,168100
72.4067,168958
72.4109,169215
72.4153,167932
72.4190,168755
72.4231,168087
72.4272,168853
72.4321,169074
72.4354,168706
72.4395,169733
72.4436,168090
72.4482,169481
72.4519,168369
72.4560,167851
72.4600,168672
72.4647,167987
72.4687,168078
72.4722,168348
72.4763,168403
72.4811,168597
72.4848,167994
72.4886,168814
72.4927,168725
72.4970,168558
72.5012,169246
72.5053,167893
72.5054,168840
72.5091,168831
72.5139,168419
72.5175,168501
72.5214,167884
72.5255,168844
72.5301,168647
72.5337,169068
72.5378,168771
72.5419,168078
72.5461,168504
72.5503,169179
72.5541,169023
72.5583,168772
72.5624,167599
72.5665,169123
72.5705,169048
72.5746,168844
72.5788,168498
72.5829,168175
72.5869,169092
72.5910,168876
72.5952,168657
72.5993,167840
72.6033,167860
72.6075,168975
72.6117,169084
72.6160,168588
72.6197,167856
72.6240,168318
72.6281,169296
72.6320,168507
72.6321,168741
72.6361,168005
72.6402,168753
72.6443,168845
72.6489,169020
72.6525,168095
72.6566,167925
72.6607,168436
72.6655,168662
72.6689,168482
72.6729,168681
72.6770,168134
72.6818,168475
72.6852,168975
72.6893,168992
72.6935,168928
72.6980,167593
72.7025,168921
72.7058,168797
72.7098,168843
72.7148,169031
72.7182,167921
72.7221,169696
72.7262,168368
72.7313,168982
72.7348,169157
72.7386,167636
72.7427,169762
72.7473,168965
72.7512,168832
72.7551,169122
72.7591,168027
72.7592,169422
72.7640,168135
72.7676,168991
72.7712,168640
72.7753,168201
72.7796,169416
72.7837,168118
72.7876,168894
72.7917,168901
72.7960,168197
72.8001,169259
72.8042,168092
72.8083,168637
72.8122,169102
72.8163,167989
72.8204,169436
72.8245,168145
72.8286,168865
72.8333,169140
72.8368,168054
72.8409,168968
72.8451,168805
72.8498,168494
72.8535,168304
72.8573,168003
72.8614,168917
72.8660,168039
72.8698,168984
72.8736,168448
72.8779,168044
72.8822,168743
72.8861,167517
72.8862,169088
72.8901,168866
72.8942,168644
72.8987,168781
72.9024,167918
72.9065,168927
72.9105,168270
72.9152,168182
72.9187,168877
72.9228,167123
72.9269,168325
72.9318,168524
72.9358,168495
72.9394,168583
72.9433,167974
72.9474,168762
72.9515,168707
72.9555,168047
72.9596,169195
72.9637,167694
72.9678,168780
72.9719,168537
72.9762,168259
72.9801,168360
72.9842,168465
72.9885,168961
72.9926,168882
72.9966,168584
73.0007,168925
73.0048,167608
73.0092,168545
73.0133,168480
73.0133,168929
73.0171,169030
73.0212,168673
73.0253,168608
73.0294,168617
73.0335,168646
73.0378,168482
73.0417,168360
73.0457,168706
73.0499,168678
73.0540,168987
73.0580,168043
73.0621,167876
73.0661,168501
73.0704,168971
73.0743,168827
73.0785,168264
73.0826,167119
73.0867,168694
73.0907,168881
73.0949,168894
73.0990,168021
73.1031,167604
73.1072,168596
73.1113,168898
73.1154,168616
73.1195,167820
73.1236,167897
73.1277,168458
73.1317,168572
73.1359,168899
73.1401,167426
73.1402,167810
73.1441,168792
73.1482,168741
73.1523,168165
73.1564,167506
73.1604,168175
73.1646,168201
73.1686,168664
73.1728,167776
73.1768,168049
73.1809,167923
73.1850,168613
73.1891,168444
73.1932,169188
73.1973,167390
73.2014,168271
73.2055,169043
73.2095,168777
73.2137,168695
73.2178,167947
73.2219,168800
73.2260,168271
73.2301,168514
73.2342,168004
73.2383,167554
73.2424,168654
73.2464,168169
73.2506,169043
73.2546,168179
73.2588,167785
73.2630,168942
73.2671,167820
73.2672,168641
73.2710,167985
73.2751,167697
73.2792,169528
73.2833,167984
73.2873,168848
73.2915,168943
73.2956,167696
73.2997,168525
73.3038,168313
73.3079,168502
73.3120,168961
73.3161,167642
73.3201,168570
73.3242,167951
73.3284,168404
73.3325,168379
73.3366,167853
73.3407,168733
73.3447,168318
73.3488,168744
73.3529,168856
73.3570,168181
73.3611,168815
73.3652,167689
73.3693,168524
73.3734,168768
73.3776,167921
73.3816,169242
73.3857,167865
73.3899,168991
73.3940,168652
73.3940,168310
73.3979,168976
73.4021,167892
73.4062,168744
73.4103,168562
73.4144,168129
73.4185,169113
73.4226,167775
73.4266,168807
73.4308,168377
73.4349,168351
73.4389,168677
73.4430,167986
73.4472,168856
73.4513,169299
73.4553,168242
73.4593,169112
73.4636,167322
73.4676,168878
73.4717,168676
73.4759,168480
73.4799,168880
73.4840,167477
73.4881,168374
73.4922,168496
73.4963,168972
73.5004,169022
73.5046,168010
73.5086,168820
73.5127,169210
73.5168,169103
73.5209,168449
73.5251,168066
73.5251,168929
73.5291,169126
73.5332,168292
73.5373,168270
73.5414,167770
73.5455,168830
73.5494,168671
73.5536,169139
73.5577,167799
73.5618,167917
73.5659,168717
73.5700,169062
73.5741,168870
73.5782,168211
73.5823,168186
73.5864,168761
73.5904,168614
73.5946,168546
73.5987,167672
73.6028,168068
73.6069,168906
73.6110,168730
73.6151,168709
73.6192,167846
73.6233,168387
73.6274,168338
73.6314,168718
73.6355,168736
73.6397,167717
73.6438,167923
73.6479,169001
73.6521,168633
73.6521,169181
73.6560,168046
73.6601,168462
73.6641,168509
73.6682,169029
73.6723,168890
73.6765,168015
73.6805,168579
73.6846,168854
73.6887,168850
73.6928,169226
73.6969,167549
73.7010,169157
73.7051,168942
73.7092,168765
73.7134,169268
73.7175,167850
73.7218,169263
73.7257,168820
73.7297,169259
73.7339,169045
73.7379,168111
73.7421,169178
73.7461,168546
73.7503,168921
73.7543,168252
73.7584,168373
73.7624,168867
73.7667,168358
73.7710,169433
73.7750,168741
73.7789,168217
73.7790,169364
73.7830,168881
73.7871,168995
73.7912,168932
73.7953,167785
73.7994,169726
73.8035,168775
73.8076,169207
73.8117,168727
73.8158,168044
73.8199,169245
73.8240,169035
73.8281,168812
73.8321,169226
73.8362,168421
73.8404,169439
73.8445,168733
73.8486,168829
73.8526,168558
73.8567,168082
73.8608,169303
73.8649,167981
73.8690,169218
73.8731,168958
73.8772,168300
73.8813,169565
73.8854,168246
73.8895,168756
73.8936,168796
73.8979,167992
73.9020,169377
73.9060,168295
73.9061,168689
73.9100,169118
73.9141,168741
73.9182,168966
73.9223,168376
73.9263,169332
73.9305,168397
73.9346,168809
73.9386,169012
73.9427,168095
73.9468,168974
73.9510,168775
73.9550,169136
73.9590,169280
73.9632,168022
73.9673,169281
73.9714,169120
73.9756,168588
73.9796,168878
73.9837,168005
73.9879,169476
73.9919,168798
73.9960,169352
74.0001,169318
74.0041,167843
74.0083,169158
74.0124,168999
74.0165,168783
74.0206,168934
74.0247,168193
74.0288,169335
74.0330,168499
74.0331,168925
74.0370,168606
74.0410,167919
74.0451,168922
74.0492,168642
74.0534,169076
74.0575,168769
74.0615,167883
74.0655,169076
74.0697,168991
74.0738,169162
74.0779,168320
74.0820,168017
74.0861,169277
74.0902,169261
74.0943,168814
74.0984,168254
74.1025,168551
74.1066,168846
74.1107,168718
74.1148,169280
74.1189,168098
74.1230,168229
74.1271,169177
74.1312,168849
74.1352,168721
74.1393,167529
74.1435,168478
74.1476,169080
74.1519,169118
74.1559,169171
74.1600,167609
74.1600,168466
74.1639,168988
74.1680,169273
74.1722,169200
74.1761,167798
74.1803,168306
74.1844,168699
74.1885,169379
74.1926,169015
74.1967,167930
74.2008,168966
74.2048,168208
74.2089,168786
74.2130,168676
74.2171,167564
74.2212,168813
74.2253,168504
74.2294,168750
74.2335,169213
74.2376,167896
74.2416,169292
74.2457,168349
74.2499,168893
74.2539,168799
74.2580,167510
74.2621,169088
74.2663,168234
74.2704,168480
74.2746,168663
74.2786,167860
74.2827,168890
74.2871,168610
74.2872,168345
74.2909,168624
74.2950,167439
74.2991,169210
74.3032,168295
74.3073,168657
74.3114,169093
74.3156,167821
74.3196,169255
74.3236,168443
74.3277,168787
74.3318,168797
74.3359,168015
74.3400,169292
74.3441,168079
74.3482,169331
74.3523,169046
74.3564,167688
74.3605,169743
74.3646,168113
74.3687,169042
74.3728,168980
74.3769,168224
74.3810,168784
74.3851,167749
74.3891,168948
74.3932,168561
74.3973,168178
74.4015,169207
74.4055,168161
74.4098,169032
74.4138,168570
74.4139,169001
74.4179,169483
74.4220,168281
74.4260,169073
74.4301,169112
74.4345,168705
74.4384,169042
74.4424,167810
74.4466,168782
74.4513,168839
74.4547,168529
74.4587,168771
74.4629,167728
74.4670,169019
74.4711,168864
74.4753,168846
74.4793,169494
74.4833,168236
74.4875,168636
74.4916,168793
74.4957,169013
74.4998,168416
74.5039,168358
74.5080,169060
74.5121,168636
74.5162,168631
74.5203,168534
74.5244,167952
74.5285,168981
74.5326,168812
74.5367,168605
74.5406,168360
74.5407,167610
74.5448,168320
74.5489,168895
74.5530,168761
74.5571,167680
74.5612,167754
74.5653,168714
74.5694,168566
74.5735,168803
74.5776,168442
74.5817,167884
74.5858,169167
74.5899,168526
74.5940,168895
74.5981,167871
74.6022,168091
74.6063,169060
74.6104,169351
74.6145,168648
74.6186,167855
74.6227,167832
74.6268,169201
74.6309,168804
74.6350,168756
74.6390,167747
74.6432,168342
74.6472,168912
74.6513,168953
74.6554,169107
74.6596,167381
74.6637,168370
74.6679,169196
74.6680,168655
74.6718,168925
74.6759,167343
74.6800,168364
74.6841,169350
74.6882,169162
74.6922,168690
74.6964,168003
74.7005,168607
74.7046,168587
74.7086,169313
74.7127,169104
74.7169,167968
74.7210,168939
74.7251,169037
74.7292,169073
74.7333,168990
74.7373,167898
74.7413,168907
74.7455,169005
74.7495,168544
74.7536,168588
74.7577,167599
74.7618,169600
74.7659,168405
74.7700,169122
74.7741,168588
74.7782,167754
74.7823,169520
74.7865,168060
74.7908,168953
74.7948,169161
74.7949,167966
74.7988,169377
74.8029,168178
74.8069,169004
74.8111,169249
74.8152,167702
74.8193,169374
74.8234,168244
74.8275,169048
74.8316,169320
74.8357,168063
74.8398,169452
74.8438,168897
74.8479,169183
74.8520,168960
74.8561,168214
74.8602,169103
74.8643,168685
74.8684,169059
74.8725,169313
74.8766,168237
74.8806,169306
74.8848,167749
74.8889,169069
74.8930,168878
74.8971,168295
74.9012,169202
74.9053,168038
74.9094,168520
74.9135,169017
74.9177,168908
74.9217,168988
74.9257,168299
74.9258,168766
74.9298,168963
74.9339,168837
74.9381,169460
74.9420,168127
74.9462,168672
74.9504,168986
74.9544,168708
74.9584,169488
74.9626,168361
74.9667,168552
74.9708,168929
74.9749,169091
74.9790,169061
74.9831,168025
74.9872,169084
74.9913,168503
74.9954,169382
74.9995,169246
75.0036,168403
75.0077,168447
75.0118,169371
75.0159,168976
75.0200,168629
75.0240,168076
75.0281,169166
75.0322,169072
75.0363,169258
75.0404,168643
75.0447,168302
75.0488,169464
75.0527,168963
75.0528,169314
75.0569,168154
75.0609,168118
75.0649,169037
75.0691,169062
75.0731,170017
75.0772,168351
75.0814,168542
75.0855,169156
75.0896,169311
75.0936,168766
75.0977,168640
75.1019,168303
75.1060,168978
75.1101,169223
75.1142,169171
75.1184,168351
75.1224,167906
75.1265,169418
75.1305,168891
75.1347,169194
75.1387,168517
75.1429,168551
75.1469,168711
75.1510,169028
75.1551,169077
75.1592,168032
75.1633,168876
75.1674,169174
75.1718,169313
75.1756,169261
75.1798,168053
75.1799,168939
75.1838,168736
75.1879,169195
75.1919,169169
75.1961,168088
75.2002,168966
75.2043,168987
75.2083,168951
75.2125,169367
75.2166,167741
75.2207,169378
75.2248,169410
75.2288,168984
75.2328,168997
75.2370,168195
75.2411,169273
75.2451,169084
75.2493,168786
75.2533,168827
75.2575,168261
75.2615,169812
75.2656,168755
75.2697,168726
75.2738,169327
75.2779,168019
75.2820,170211
75.2861,168854
75.2902,169332
75.2943,169169
75.2988,168198
75.3029,169404
75.3069,169060
75.3070,169474
75.3108,169053
75.3149,168346
75.3190,169563
75.3231,168523
75.3271,168901
75.3312,169471
75.3353,168697
75.3394,169463
75.3436,168195
75.3476,169602
75.3517,169261
75.3558,168677
75.3599,169423
75.3640,168359
75.3681,169039
75.3722,168720
75.3763,169330
75.3804,169787
75.3846,168442
75.3886,169433
75.3928,169778
75.3969,169427
75.4010,169411
75.4049,167578
75.4090,169509
75.4131,169378
75.4172,168968
75.4213,169950
75.4256,168532
75.4297,169197
75.4338,169183
75.4338,168740
75.4377,169425
75.4417,169062
75.4459,168789
75.4500,169180
75.4541,169090
75.4581,169483
75.4623,168395
75.4664,169538
75.4705,169475
75.4746,169416
75.4787,169347
75.4828,168549
75.4869,169357
75.4910,169278
75.4951,168609
75.4992,169713
75.5033,168296
75.5074,169929
75.5115,169373
75.5155,168965
75.5197,168943
75.5238,167923
75.5278,169553
75.5320,170102
75.5360,169136
75.5401,169128
75.5442,168622
75.5483,169424
75.5524,169443
75.5568,169493
75.5608,168115
75.5608,167722
75.5647,169783
75.5688,169207
75.5728,169414
75.5769,168509
75.5810,168666
75.5853,169228
75.5892,169551
75.5933,169423
75.5975,168404
75.6015,167789
75.6056,169407
75.6097,169025
75.6138,168688
75.6179,168657
75.6219,168089
75.6262,169121
75.6302,169552
75.6343,168984
75.6384,167779
75.6426,168382
75.6466,168896
75.6507,169310
75.6547,169593
75.6589,167842
75.6630,169358
75.6671,169522
75.6712,169406
75.6752,169556
75.6794,167913
75.6837,169254
75.6878,168991
75.6878,169344
75.6916,169598
75.6958,168626
75.6999,169298
75.7039,169204
75.7080,169134
75.7122,168938
75.7163,168264
75.7204,169147
75.7245,169227
75.7285,169429
75.7326,169197
75.7367,167895
75.7408,169389
75.7449,168884
75.7490,169092
75.7531,169351
75.7572,168664
75.7613,169727
75.7654,168548
75.7695,169420
75.7736,169690
75.7777,168631
75.7818,169687
75.7859,168765
75.7900,169096
75.7941,169188
75.7982,168740
75.8023,170627
75.8064,168575
75.8105,169582
75.8147,169351
75.8148,168704
75.8186,169940
75.8228,169316
75.8268,169374
75.8309,169598
75.8350,168107
75.8391,170241
75.8432,168205
75.8473,169070
75.8514,169462
75.8555,168640
75.8596,169857
75.8637,168487
75.8678,169405
75.8719,169496
75.8760,168831
75.8801,169647
75.8842,168338
75.8883,169682
75.8924,169438
75.8965,168780
75.9005,169805
75.9047,167921
75.9088,169219
75.9129,169002
75.9170,168569
75.9210,170050
75.9251,168571
75.9293,169201
75.9334,169839
75.9376,168780
75.9414,169906
75.9456,168458
75.9457,169163
75.9497,169226
75.9538,169053
75.9578,169697
75.9620,168864
75.9661,168965
75.9702,168921
75.9744,169136
75.9784,169651
75.9825,168519
75.9865,169006
75.9907,169662
75.9948,169058
75.9989,169384
76.0034,168199
76.0071,169451
76.0111,169120
76.0153,168821
76.0193,169469
76.0234,168828
76.0275,169592
76.0317,169671
76.0357,169284
76.0398,168832
76.0439,168650
76.0480,169729
76.0521,169436
76.0562,169197
76.0603,168789
76.0646,168457
76.0686,169242
76.0726,169521
76.0727,169226
76.0766,168575
76.0807,168358
76.0848,169466
76.0889,169485
76.0930,169076
76.0971,168474
76.1012,169134
76.1053,169232
76.1094,169098
76.1135,169508
76.1176,168332
76.1217,168942
76.1257,169070
76.1298,168967
76.1339,169317
76.1380,168482
76.1422,168811
76.1463,169563
76.1503,169267
76.1546,169586
76.1585,168565
76.1626,169125
76.1667,169057
76.1708,169882
76.1749,169273
76.1790,168105
76.1831,169740
76.1872,169084
76.1913,169469
76.1957,169463
76.1995,168351
76.1996,169665
76.2037,169487
76.2077,169706
76.2119,169441
76.2160,168316
76.2200,169608
76.2241,169640
76.2282,169786
76.2323,169234
76.2364,168297
76.2405,169814
76.2446,169256
76.2487,169265
76.2528,168619
76.2568,168269
76.2610,169991
76.2650,168906
76.2691,169006
76.2733,169878
76.2774,168317
76.2815,170019
76.2856,169643
76.2897,169522
76.2938,169545
76.2979,168489
76.3019,170397
76.3060,168692
76.3101,169386
76.3143,169635
76.3185,168600
76.3227,170020
76.3266,168752
76.3267,169640
76.3306,169426
76.3347,168754
76.3388,169587
76.3429,168319
76.3470,169186
76.3511,169901
76.3552,168210
76.3592,169326
76.3633,168683
76.3675,169760
76.3716,169207
76.3757,168652
76.3798,169818
76.3839,168421
76.3880,169917
76.3921,169605
76.3962,168731
76.4002,169683
76.4043,168445
76.4085,169466
76.4125,169026
76.4166,169131
76.4208,169654
76.4248,168813
76.4289,169483
76.4330,169011
76.4371,168530
76.4411,169453
76.4453,168111
76.4496,169745
76.4537,169357
76.4537,168974
76.4575,169972
76.4617,168048
76.4658,169413
76.4699,169626
76.4740,169347
76.4780,169377
76.4821,168155
76.4862,169124
76.4903,169343
76.4945,169121
76.4986,169649
76.5026,168543
76.5067,169244
76.5109,168896
76.5150,169265
76.5190,168744
76.5231,168524
76.5272,169279
76.5313,169498
76.5354,169351
76.5395,169598
76.5436,168651
76.5477,169291
76.5518,168898
76.5559,169446
76.5600,168648
76.5640,168676
76.5681,169537
76.5725,169788
76.5763,169854
76.5805,168920
76.5806,169360
76.5845,169031
76.5886,169324
76.5927,169409
76.5968,168784
76.6009,169206
76.6050,169164
76.6090,169570
76.6131,169337
76.6173,168148
76.6214,168740
76.6255,169213
76.6296,169329
76.6337,169716
76.6378,168564
76.6419,168876
76.6460,168844
76.6501,169314
76.6541,168788
76.6583,168549
76.6623,169463
76.6665,169544
76.6706,169401
76.6747,169221
76.6787,168014
76.6829,169073
76.6870,169204
76.6910,169048
76.6951,168661
76.6995,167850
76.7033,169157
76.7074,169253
76.7076,168894
76.7115,169199
76.7155,168340
76.7197,169705
76.7238,169045
76.7278,168680
76.7320,168969
76.7360,168117
76.7401,170188
76.7442,169355
76.7483,169373
76.7525,169536
76.7565,168150
76.7606,170478
76.7647,168762
76.7688,169282
76.7729,169526
76.7770,168017
76.7811,170176
76.7852,168754
76.7893,169427
76.7935,169213
76.7975,168752
76.8016,170333
76.8057,168359
76.8099,168874
76.8140,169463
76.8180,168459
76.8222,169638
76.8266,168423
76.8307,169487
76.8347,168731
76.8348,168358
76.8390,169347
76.8426,168600
76.8467,169808
76.8508,169777
76.8548,168816
76.8589,170036
76.8631,168227
76.8672,169373
76.8713,169753
76.8755,168698
76.8796,169502
76.8836,168313
76.8877,169374
76.8918,169058
76.8959,168867
76.9000,169898
76.9041,168568
76.9082,169285
76.9122,169600
76.9164,168166
76.9204,169534
76.9246,167999
76.9286,169529
76.9327,169115
76.9369,168928
76.9408,169260
76.9450,168920
76.9491,169807
76.9534,169629
76.9572,169688
76.9616,169132
76.9616,168153
76.9655,169338
76.9696,168783
76.9737,169126
76.9778,169653
76.9819,168811
76.9859,169537
76.9900,169647
76.9942,169382
76.9983,169759
77.0023,169053
77.0064,169360
77.0105,169072
77.0146,169396
77.0188,168920
77.0228,168692
77.0269,169298
77.0310,169432
77.0351,169185
77.0392,168949
77.0433,168622
77.0474,169718
77.0515,169138
77.0556,168685
77.0596,168654
77.0637,168510
77.0678,169705
77.0719,169067
77.0760,169228
77.0801,168734
77.0843,168790
77.0883,169561
77.0884,169497
77.0924,169639
77.0965,169019
77.1006,168885
77.1047,169016
77.1089,169123
77.1130,169437
77.1170,168809
77.1210,169503
77.1251,169410
77.1293,169780
77.1333,168719
77.1375,168195
77.1415,168611
77.1456,169391
77.1497,168831
77.1538,168984
77.1579,168067
77.1620,169141
77.1661,169154
77.1702,169899
77.1743,168768
77.1784,168239
77.1825,170145
77.1865,169207
77.1907,169152
77.1948,169147
77.1989,168397
77.2030,169512
77.2071,169762
77.2114,169591
77.2156,168941
77.2156,167913
77.2194,169253
77.2235,169345
77.2276,168668
77.2316,169250
77.2357,168484
77.2398,169782
77.2439,168282
77.2480,169338
77.2521,169090
77.2563,167884
77.2603,170452
77.2645,168032
77.2685,169628
77.2726,169278
77.2768,168343
77.2809,169949
77.2850,168361
77.2891,169535
77.2932,169289
77.2973,168096
77.3014,169997
77.3054,168339
77.3095,169235
77.3136,169201
77.3177,168291
77.3218,169179
77.3259,168675
77.3300,169381
77.3342,169048
77.3384,168764
77.3424,170155
77.3425,168470
77.3464,168883
77.3505,169369
77.3546,168631
77.3586,169618
77.3628,168170
77.3669,169407
77.3710,168929
77.3751,168500
77.3793,169297
77.3833,168354
77.3874,169167
77.3914,169039
77.3955,168880
77.3996,169777
77.4037,168201
77.4078,169438
77.4119,169640
77.4159,168812
77.4200,169694
77.4242,168315
77.4282,168833
77.4324,169070
77.4365,169098
77.4405,169457
77.4447,168747
77.4488,169916
77.4529,168866
77.4569,168881
77.4611,169682
77.4654,168328
77.4696,169246
77.4697,168902
77.4734,169085
77.4776,168943
77.4816,168289
77.4856,169609
77.4898,169443
77.4938,169429
77.4980,169098
77.5020,168305
77.5062,169385
77.5102,169196
77.5143,169210
77.5184,168654
77.5225,168855
77.5266,169075
77.5307,169401
77.5348,169497
77.5388,168488
77.5429,168613
77.5470,169631
77.5511,169362
77.5552,169227
77.5593,168779
77.5634,168477
77.5675,169243
77.5716,169459
77.5757,169632
77.5798,168106
77.5839,169014
77.5880,169330
77.5923,169141
77.5965,169466
77.5966,168324
77.6004,169022
77.6044,169252
77.6085,169446
77.6126,169456
77.6167,168176
77.6208,168517
77.6250,169224
77.6290,169023
77.6331,169051
77.6372,167985
77.6413,169505
77.6454,169487
77.6495,169536
77.6537,169161
77.6577,167833
77.6618,169611
77.6658,169375
77.6700,169493
77.6740,169051
77.6783,167784
77.6823,169616
77.6864,168747
77.6904,169367
77.6946,169047
77.6987,167959
77.7026,169363
77.7068,168886
77.7109,168734
77.7152,169307
77.7193,168179
77.7233,169702
77.7234,168832
77.7273,169892
77.7313,169698
77.7355,168197
77.7395,169964
77.7436,168976
77.7478,169450
77.7519,169246
77.7560,168348
77.7601,169906
77.7641,168816
77.7682,169307
77.7723,169468
77.7765,167963
77.7806,169795
77.7847,168627
77.7888,169433
77.7929,169082
77.7970,168113
77.8011,169909
77.8051,168467
77.8091,169807
77.8133,169515
77.8174,168614
77.8214,169855
77.8256,168243
77.8296,168794
77.8337,169576
77.8378,168824
77.8420,169360
77.8460,168297
77.8503,169079
77.8503,168864
77.8542,168654
77.8583,169626
77.8624,168484
77.8665,169191
77.8706,168976
77.8747,168628
77.8788,169933
77.8828,168055
77.8870,169348
77.8911,169189
77.8952,168837
77.8993,169971
77.9033,168277
77.9074,169619
77.9115,168859
77.9157,169440
77.9197,169076
77.9239,168022
77.9279,169221
77.9320,169251
77.9361,168562
77.9403,169735
77.9444,168096
77.9485,169870
77.9525,169378
77.9566,169080
77.9608,169131
77.9649,168383
77.9690,169392
77.9732,169151
77.9773,169118
77.9814,169084
77.9815,168176
77.9853,169045
77.9894,169077
77.9935,169205
77.9976,169190
78.0016,168310
78.0057,169551
78.0100,168667
78.0140,169149
78.0181,168833
78.0222,168396
78.0263,169548
78.0304,169629
78.0345,169018
78.0386,168894
78.0426,168489
78.0467,169145
78.0508,169475
78.0550,168946
78.0591,168739
78.0632,168594
78.0672,169175
78.0713,169347
78.0755,169335
78.0795,168378
78.0836,168150
78.0877,169577
78.0918,169530
78.0959,169658
78.1001,168714
78.1042,168907
78.1083,169079
78.1083,169378
78.1122,169449
78.1163,168274
78.1205,169030
78.1246,169249
78.1287,168964
78.1328,169019
78.1369,168271
78.1410,168940
78.1451,169191
78.1492,168998
78.1532,169233
78.1573,167892
78.1615,169080
78.1655,169089
78.1696,169500
78.1737,169019
78.1778,167919
78.1819,169204
78.1860,169121
78.1901,169014
78.1942,169296
78.1982,168245
78.2023,169600
78.2065,168475
78.2105,169192
78.2147,168671
78.2188,168296
78.2229,170126
78.2274,168647
78.2315,168973
78.2355,169136
78.2356,168132
78.2393,169845
78.2434,168651
78.2475,169522
78.2516,169142
78.2557,167713
78.2598,169468
78.2638,168518
78.2680,169295
78.2721,169361
78.2762,168149
78.2803,169803
78.2844,168598
78.2885,168999
78.2926,169426
78.2967,168425
78.3007,169887
78.3048,168431
78.3089,169136
78.3130,169038
78.3171,168740
78.3212,169587
78.3253,168524
78.3294,169640
78.3335,169152
78.3376,169124
78.3417,169794
78.3458,168235
78.3499,168951
78.3540,169030
78.3581,168487
78.3623,169308
78.3624,168184
78.3663,169529
78.3705,169405
78.3745,168942
78.3785,170309
78.3826,168514
78.3867,169439
78.3908,169688
78.3949,169117
78.3990,169528
78.4031,168588
78.4071,169860
78.4113,169838
78.4153,169162
78.4194,170607
78.4235,169286
78.4276,169394
78.4317,170020
78.4358,169689
78.4399,169370
78.4440,168941
78.4481,169569
78.4522,169802
78.4563,169457
78.4604,169435
78.4645,168472
78.4686,169769
78.4727,169689
78.4768,169734
78.4812,169673
78.4853,168564
78.4893,169458
78.4894,169554
78.4932,169339
78.4973,169515
78.5013,168313
78.5054,169795
78.5095,169472
78.5136,169345
78.5178,169334
78.5219,169420
78.5260,169563
78.5301,169345
78.5342,169560
78.5383,169395
78.5424,168927
78.5465,169265
78.5506,169348
78.5547,169703
78.5588,169365
78.5629,169583
78.5670,170109
78.5711,169982
78.5751,169479
78.5793,168821
78.5833,169582
78.5875,169848
78.5915,169876
78.5957,169392
78.5998,168603
78.6038,169090
78.6080,169181
78.6120,169904
78.6162,169739
78.6163,168045
78.6202,169367
78.6243,170076
78.6284,169170
78.6325,169509
78.6366,168511
78.6407,169635
78.6448,169535
78.6489,169187
78.6530,169386
78.6571,168306
78.6612,169449
78.6653,169128
78.6694,170101
78.6734,169641
78.6776,168676
78.6817,170265
78.6858,169708
78.6898,169079
78.6940,168844
78.6980,168331
78.7020,170150
78.7061,169355
78.7103,169756
78.7144,169553
78.7185,168435
78.7226,170176
78.7267,168416
78.7308,169669
78.7349,169597
78.7392,168319
78.7432,170228
78.7433,168531
78.7471,169485
78.7513,169306
78.7554,168486
78.7595,170200
78.7635,168896
78.7676,169559
78.7718,169463
78.7758,168902
78.7799,170572
78.7840,169008
78.7881,169497
78.7922,169901
78.7964,168797
78.8004,170451
78.8045,168717
78.8086,169521
78.8127,169635
78.8168,168636
78.8209,170391
78.8250,168965
78.8290,169953
78.8331,169060
78.8372,168823
78.8413,169984
78.8454,168460
78.8495,169006
78.8536,169529
78.8577,168493
78.8618,169618
78.8660,168047
78.8700,169683
78.8742,169280
78.8743,168934
78.8783,170093
78.8824,168259
78.8864,168396
78.8906,169288
78.8947,169005
78.8987,169655
78.9028,168395
78.9069,169373
78.9110,169068
78.9151,168733
78.9191,169238
78.9233,168732
78.9274,169658
78.9315,169018
78.9356,168683
78.9397,169438
78.9438,168538
78.9479,169395
78.9520,169371
78.9560,168915
78.9602,169608
78.9643,168873
78.9684,169750
78.9724,169176
78.9766,169289
78.9807,169003
78.9848,168609
78.9889,169488
78.9931,169784
78.9972,169633
79.0012,169648
79.0013,168700
79.0052,169175
79.0093,169241
79.0134,169420
79.0175,169368
79.0215,168644
79.0256,169212
79.0297,169486
79.0339,169221
79.0379,169541
79.0421,168871
79.0462,169700
79.0503,169478
79.0544,169486
79.0585,168914
79.0625,168958
79.0666,169653
79.0707,169018
79.0748,169576
79.0789,169444
79.0830,169337
79.0872,169378
79.0912,169958
79.0952,169326
79.0993,168785
79.1034,168695
79.1075,169876
79.1116,169479
79.1157,169248
79.1200,168620
79.1241,169205
79.1281,169175
79.1282,169720
79.1321,169092
79.1362,168289
79.1403,169252
79.1444,169749
79.1485,168937
79.1526,169458
79.1567,168742
79.1608,169731
79.1649,169465
79.1690,169251
79.1731,169267
79.1772,168116
79.1813,169754
79.1854,169421
79.1896,169101
79.1935,169256
79.1976,167925
79.2017,169542
79.2058,168819
79.2099,168996
79.2140,169110
79.2181,167991
79.2222,170092
79.2264,169105
79.2305,169476
79.2345,169028
79.2386,168151
79.2427,169823
79.2471,168945
79.2512,169586
79.2552,169201
79.2553,168440
79.2591,170025
79.2632,168278
79.2673,169135
79.2714,169177
79.2755,168284
79.2796,169793
79.2837,168526
79.2879,169008
79.2920,169256
79.2962,168466
79.3001,169808
79.3042,168297
79.3083,169478
79.3124,169447
79.3165,168511
79.3206,170101
79.3247,168617
79.3288,168965
79.3329,169191
79.3370,168257
79.3411,170097
79.3451,168325
79.3492,169343
79.3533,170061
79.3574,168237
79.3615,169694
79.3656,167903
79.3697,169180
79.3738,169405
79.3780,168702
79.3822,169983
79.3823,167920
79.3861,169481
79.3903,169051
79.3943,169004
79.3984,169807
79.4025,168429
79.4066,169166
79.4107,169161
79.4148,168394
79.4189,169793
79.4230,167934
79.4271,169363
79.4312,169076
79.4353,169108
79.4393,169068
79.4435,167904
79.4476,169466
79.4517,169508
79.4557,168671
79.4599,169410
79.4639,168114
79.4681,169283
79.4721,169118
79.4762,168852
79.4803,169248
79.4844,168376
79.4885,169050
79.4926,169565
79.4968,169411
79.5009,169903
79.5051,169000
79.5092,169012
79.5093,169014
79.5131,169124
79.5172,169400
79.5213,168913
79.5254,169133
79.5295,169145
79.5336,169513
79.5376,169333
79.5418,168477
79.5459,169526
79.5499,169268
79.5541,168970
79.5582,169123
79.5623,169008
79.5663,168904
79.5705,169141
79.5746,169422
79.5785,169049
79.5827,168664
79.5868,169097
79.5909,169573
79.5950,169180
79.5991,168826
79.6032,168495
79.6073,169508
79.6114,168610
79.6155,169084
79.6196,168819
79.6237,168475
79.6278,169117
79.6321,169217
79.6362,169259
79.6362,168210
79.6401,168587
79.6442,169285
79.6483,169560
79.6524,169255
79.6565,168315
79.6605,169697
79.6647,169360
79.6688,169169
79.6729,169222
79.6769,168974
79.6810,169501
79.6851,169245
79.6892,168854
79.6934,168584
79.6974,168418
79.7015,169482
79.7055,169332
79.7097,169013
79.7138,168781
79.7178,168399
79.7220,169339
79.7261,169167
79.7302,168999
79.7343,169707
79.7384,168273
79.7425,169497
79.7466,168929
79.7507,168917
79.7548,169478
79.7590,168592
79.7631,169802
79.7632,168816
79.7671,169177
79.7711,169578
79.7752,168481
79.7793,169794
79.7834,168941
79.7875,169396
79.7916,169203
79.7957,168203
79.7998,169937
79.8039,168411
79.8080,169363
79.8121,169158
79.8161,168460
79.8203,170449
79.8243,168071
79.8284,169314
79.8325,169522
79.8366,168530
79.8409,170058
79.8449,168727
79.8490,169354
79.8531,169245
79.8571,168803
79.8612,170290
79.8653,168342
79.8695,168699
79.8737,169054
79.8778,168358
79.8818,169573
79.8860,168056
79.8901,169565
79.8940,169244
79.8941,168811
79.8982,169681
79.9022,168140
79.9062,169176
79.9104,169650
79.9145,168986
79.9185,169668
79.9228,168342
79.9268,169075
79.9309,169771
79.9350,168806
79.9390,169306
79.9432,168329
79.9473,168944
79.9514,169066
79.9554,168536
79.9596,169602
79.9637,168033
79.9677,169461
79.9718,169466
79.9759,168962
79.9800,169757
79.9841,168336
79.9883,169499
79.9923,168806
79.9964,168832
80.0006,169586
80.0046,168296
80.0099,169714
80.0138,168819
80.0170,169198
80.0210,169459
80.0211,168863
80.0260,169342
80.0296,169307
80.0332,169184
80.0373,169284
80.0431,168093
80.0458,169372
80.0496,169476
80.0537,169324
80.0578,169403
80.0623,168533
80.0665,169168
80.0700,169172
80.0742,168736
80.0791,169097
80.0828,168505
80.0865,168798
80.0906,169019
80.0952,169230
80.0987,168925
80.1028,168964
80.1070,168969
80.1115,169259
80.1151,168658
80.1192,169416
80.1234,168261
80.1275,169491
80.1315,168817
80.1356,168775
80.1399,168487
80.1439,168891
80.1482,169636
80.1483,169039
80.1521,169201
80.1565,168512
80.1605,169138
80.1643,169096
80.1684,169533
80.1725,169518
80.1768,168870
80.1814,169419
80.1847,169100
80.1889,169184
80.1937,169239
80.1973,168384
80.2012,169171
80.2052,169637
80.2107,169089
80.2138,169687
80.2175,168373
80.2216,170108
80.2274,169337
80.2304,169322
80.2339,168754
80.2380,168056
80.2430,169589
80.2467,168971
80.2503,169102
80.2544,169111
80.2602,168229
80.2634,170309
80.2669,169288
80.2709,169613
80.2759,168810
80.2766,168419
80.2796,170314
80.2831,168668
80.2872,169025
80.2924,168838
80.2957,168513
80.2994,169687
80.3035,168593
80.3077,169219
80.3125,169183
80.3159,168402
80.3199,170232
80.3240,168222
80.3291,169441
80.3325,169450
80.3364,168493
80.3405,170301
80.3452,168101
80.3492,169587
80.3527,169416
80.3568,168802
80.3622,169845
80.3654,168331
80.3691,168967
80.3732,169224
80.3778,168739
80.3815,169912
80.3855,168743
80.3896,168917
80.3938,168872
80.3979,168851
80.4021,169852
80.4022,168126
80.4060,168954
80.4102,169136
80.4146,169200
80.4183,170174
80.4223,168179
80.4273,169567
80.4308,168944
80.4346,168552
80.4387,169431
80.4432,169029
80.4476,169262
80.4511,169476
80.4551,168883
80.4594,169569
80.4636,167995
80.4675,169633
80.4715,168982
80.4759,169469
80.4800,169096
80.4838,168306
80.4878,169582
80.4930,169252
80.4965,169226
80.5002,169478
80.5042,168672
80.5093,169520
80.5128,169192
80.5171,169459
80.5209,169501
80.5256,169014
80.5289,169086
80.5291,169269
80.5329,169543
80.5370,169332
80.5428,168397
80.5454,169695
80.5496,169515
80.5535,169052
80.5577,169536
80.5618,168294
80.5658,169262
80.5697,169090
80.5739,169178
80.5785,168828
80.5822,168399
80.5862,169180
80.5903,169210
80.5946,169453
80.5984,169091
80.6025,168975
80.6067,169136
80.6122,169362
80.6148,169479
80.6189,168952
80.6230,168813
80.6277,168861
80.6315,169859
80.6353,169255
80.6395,168585
80.6444,168418
80.6476,169206
80.6519,169168
80.6558,169093
80.6558,168582
80.6599,169034
80.6645,169864
80.6682,169203
80.6725,169586
80.6767,168822
80.6806,168870
80.6845,169689
80.6885,169731
80.6931,169584
80.6971,168390
80.7008,169484
80.7050,169380
80.7097,169352
80.7134,169285
80.7176,168513
80.7213,169574
80.7260,168942
80.7299,169598
80.7339,169613
80.7377,168140
80.7423,169348
80.7465,168986
80.7500,169642
80.7541,170023
80.7598,168067
80.7626,169519
80.7664,169434
80.7704,169581
80.7762,168997
80.7787,168394
80.7829,169691
80.7829,168940
80.7869,169683
80.7910,169559
80.7955,168655
80.7992,170598
80.8034,169254
80.8088,169675
80.8120,169138
80.8155,168342
80.8196,169953
80.8237,168483
80.8285,169199
80.8319,169095
80.8360,168853
80.8401,170336
80.8443,168697
80.8484,169310
80.8525,169374
80.8566,168514
80.8610,169889
80.8648,168446
80.8688,169300
80.8729,169139
80.8776,168338
80.8816,169766
80.8851,168301
80.8894,169346
80.8937,169639
80.8978,168571
80.9016,170307
80.9057,168267
80.9100,169595
80.9102,168972
80.9139,169094
80.9180,169967
80.9222,168108
80.9266,168991
80.9303,169137
80.9344,168510
80.9384,169784
80.9434,168552
80.9469,169087
80.9507,169668
80.9548,169043
80.9591,170153
80.9634,168523
80.9671,169189
80.9711,169029
80.9769,169105
80.9795,169749
80.9835,167836
80.9875,169075
80.9916,169370
80.9961,169211
81.0004,169370
81.0040,168314
81.0096,169351
81.0127,169340
81.0168,168950
81.0203,169601
81.0257,168330
81.0289,169241
81.0326,169680
81.0367,169433
81.0368,169488
81.0421,168787
81.0451,169606
81.0494,169681
81.0531,169211
81.0574,169466
81.0618,168499
81.0655,169499
81.0695,169194
81.0736,168916
81.0781,168926
81.0817,169215
81.0858,169067
81.0900,169264
81.0948,169165
81.0981,169328
81.1022,168796
81.1064,169287
81.1112,169003
81.1148,169537
81.1187,168957
81.1228,169057
81.1273,169537
81.1311,169279
81.1350,168947
81.1391,168234
81.1434,168946
81.1477,169158
81.1515,169300
81.1555,169527
81.1603,168385
81.1637,168784
81.1637,168467
81.1678,169199
81.1721,169305
81.1761,167849
81.1805,169022
81.1841,168774
81.1882,169090
81.1926,169383
81.1968,168197
81.2009,168829
81.2047,169078
81.2089,169285
81.2134,169181
81.2169,167905
81.2210,169602
81.2254,169324
81.2301,169302
81.2333,169126
81.2374,168249
81.2431,169794
81.2457,169049
81.2497,169556
81.2538,169570
81.2595,168382
81.2627,169695
81.2661,168851
81.2701,169096
81.2759,169172
81.2788,167975
81.2825,170445
81.2867,168892
81.2907,169066
81.2921,169237
81.2956,168450
81.2989,170181
81.3029,169172
81.3078,169009
81.3117,168959
81.3161,168462
81.3194,169861
81.3237,168562
81.3281,169112
81.3316,169456
81.3357,167820
81.3398,169675
81.3446,168316
81.3481,169685
81.3521,169372
81.3562,168953
81.3605,170006
81.3648,167891
81.3685,169637
81.3726,169276
81.3770,168085
81.3818,169829
81.3848,167670
81.3890,169416
81.3937,168885
81.3979,168490
81.4013,169965
81.4054,168123
81.4100,169553
81.4136,169478
81.4177,169069
81.4178,169695
81.4217,168347
81.4259,168978
81.4303,168894
81.4341,168543
81.4381,169747
81.4431,167763
81.4464,168898
81.4504,169253
81.4545,168886
81.4602,169861
81.4630,167820
81.4668,168718
81.4708,169507
81.4755,168234
81.4796,169765
81.4834,168255
81.4873,169080
81.4922,169075
81.4963,168201
81.4995,168861
81.5036,168218
81.5084,169128
81.5122,168868
81.5160,168996
81.5201,169435
81.5258,168597
81.5285,169278
81.5323,169382
81.5364,168836
81.5405,168871
81.5446,167756
81.5447,169092
81.5487,169188
81.5528,168529
81.5589,169129
81.5614,168238
81.5651,169086
81.5691,169259
81.5733,169751
81.5778,169315
81.5818,169163
81.5856,168794
81.5897,169751
81.5941,169231
81.5982,169136
81.6021,167993
81.6061,168814
81.6107,169463
81.6142,168969
81.6183,168315
81.6225,168722
81.6272,168943
81.6313,169426
81.6351,169759
81.6389,168638
81.6437,168351
81.6471,169335
81.6513,169207
81.6552,168608
81.6598,167934
81.6640,169184
81.6676,169215
81.6716,169314
81.6716,169253
81.6764,168063
81.6801,169023
81.6839,169112
81.6879,169472
81.6927,169120
81.6966,168392
81.7003,168886
81.7043,169098
81.7096,168854
81.7133,168953
81.7166,168073
81.7207,169819
81.7261,168987
81.7289,169234
81.7330,169111
81.7371,168212
81.7420,169616
81.7456,168995
81.7494,169271
81.7534,169033
81.7588,167873
81.7623,169596
81.7657,168637
81.7698,169524
81.7750,169291
81.7789,168404
81.7822,169653
81.7862,168795
81.7918,169345
81.7946,168777
81.7986,168021
81.8027,169430
81.8028,168219
81.8071,169387
81.8109,169098
81.8150,168493
81.8190,170015
81.8231,168205
81.8274,169455
81.8314,169057
81.8355,168335
81.8395,170048
81.8441,168514
81.8479,169163
81.8518,169400
81.8559,168437
81.8600,170048
81.8641,168042
81.8682,169313
81.8724,169025
81.8773,168451
81.8804,170254
81.8845,168175
81.8888,169157
81.8938,169202
81.8969,168309
81.9010,169879
81.9051,168227
81.9094,169310
81.9137,169218
81.9173,168276
81.9215,169644
81.9259,168166
81.9296,169337
81.9297,169375
81.9337,169373
81.9378,169688
81.9426,168105
81.9460,169428
81.9501,168791
81.9542,169158
81.9589,169792
81.9628,167537
81.9664,169165
81.9706,168860
81.9758,169515
81.9788,169906
81.9828,167718
81.9869,169735
81.9927,169389
81.9952,169131
81.9993,168711
82.0033,168237
82.0094,169406
82.0115,169641
82.0156,169136
82.0197,169806
82.0240,168861
82.0285,169373
82.0320,169671
82.0361,169084
82.0417,169257
82.0446,169035
82.0486,169116
82.0525,169171
82.0567,169410
82.0569,168880
82.0611,168104
82.0648,169257
82.0688,169410
82.0731,169026
82.0776,168991
82.0813,168460
82.0853,169282
82.0893,169144
82.0939,168787
82.0976,168466
82.1016,168683
82.1057,169317
82.1101,169144
82.1139,168769
82.1180,168667
82.1221,168798
82.1266,169438
82.1303,169407
82.1344,168940
82.1385,168791
82.1432,169279
82.1468,169159
82.1509,169172
82.1549,168945
82.1594,167847
82.1631,168890
82.1671,169360
82.1713,168790
82.1760,168367
82.1796,167941
82.1836,169650
82.1837,168969
82.1876,169393
82.1932,169590
82.1961,168462
82.2000,169289
82.2040,169539
82.2091,168872
82.2128,169149
82.2163,168193
82.2204,169612
82.2257,169027
82.2288,169242
82.2327,169535
82.2368,168478
82.2422,169670
82.2456,169339
82.2491,169233
82.2532,169108
82.2585,168056
82.2615,169862
82.2660,169080
82.2695,169570
82.2747,169293
82.2781,168142
82.2822,169566
82.2859,168993
82.2901,169512
82.2951,169414
82.2982,168385
82.3025,169670
82.3066,168390
82.3107,169186
82.3108,169315
82.3146,168374
82.3187,169871
82.3230,168232
82.3276,169567
82.3311,169204
82.3352,168428
82.3393,169761
82.3441,168313
82.3474,169186
82.3515,169226
82.3556,168234
82.3597,169294
82.3637,168220
82.3678,169443
82.3720,169374
82.3766,168420
82.3801,170328
82.3842,168033
82.3883,169555
82.3928,169497
82.3966,167983
82.4007,169748
82.4050,168517
82.4089,169619
82.4129,169452
82.4170,169076
82.4212,169702
82.4256,168376
82.4293,168961
82.4336,169336
82.4375,168948
82.4376,170171
82.4417,168736
82.4460,169374
82.4501,169385
82.4539,168824
82.4589,170077
82.4621,168573
82.4663,169451
82.4703,170002
82.4751,168899
82.4790,169718
82.4825,168509
82.4866,169571
82.4913,169351
82.4949,168824
82.4990,169575
82.5030,168275
82.5080,169844
82.5116,168797
82.5153,168938
82.5194,169264
82.5246,168375
82.5283,168839
82.5317,168935
82.5358,169001
82.5399,169327
82.5444,168626
82.5481,169053
82.5522,169277
82.5563,168388
82.5605,168750
82.5646,168378
82.5647,169220
82.5686,169838
82.5727,168911
82.5774,168981
82.5808,168643
82.5849,168858
82.5890,169395
82.5934,169579
82.5972,169118
82.6013,168724
82.6055,168997
82.6102,169396
82.6137,168783
82.6177,168983
82.6219,169058
82.6268,168973
82.6300,169255
82.6340,169199
82.6382,168179
82.6429,169124
82.6465,169189
82.6506,169256
82.6546,168810
82.6594,168283
82.6628,169127
82.6669,169112
82.6709,169652
82.6762,169160
82.6793,168038
82.6833,169554
82.6874,169898
82.6920,169068
82.6926,168977
82.6957,168060
82.6996,169443
82.7037,169309
82.7083,169298
82.7119,169246
82.7160,168705
82.7201,169486
82.7245,169234
82.7283,169526
82.7324,169064
82.7365,168004
82.7411,169415
82.7447,169191
82.7488,169407
82.7529,169656
82.7583,168158
82.7612,170022
82.7651,168977
82.7692,169184
82.7747,168986
82.7776,168566
82.7815,169954
82.7856,168598
82.7898,169206
82.7941,168937
82.7979,168200
82.8020,170011
82.8094,168856
82.8102,169423
82.8145,169584
82.8185,168345
82.8186,170181
82.8225,168288
82.8275,169475
82.8308,169295
82.8349,168405
82.8389,170075
82.8434,168331
82.8471,168922
82.8512,169162
82.8553,168725
82.8601,169985
82.8647,168345
82.8675,169056
82.8717,169272
82.8759,168383
82.8798,170166
82.8839,168235
82.8881,169086
82.8923,169354
82.8965,169070
82.9003,169955
82.9045,168448
82.9095,169280
82.9132,169229
82.9167,168328
82.9210,169920
82.9256,168394
82.9292,169537
82.9332,169746
82.9372,168127
82.9416,169749
82.9455,168213
82.9495,168792
82.9496,169025
82.9536,168892
82.9579,169395
82.9618,168047
82.9658,168988
82.9699,169627
82.9747,168592
82.9787,169874
82.9824,168458
82.9863,169665
82.9914,169458
82.9951,168928
82.9986,170216
83.0027,168279
83.0085,169000
83.0115,169206
83.0158,168965
83.0192,169535
83.0245,168680
83.0278,168984
83.0323,169310
83.0357,168959
83.0417,169751
83.0439,168388
83.0481,168903
83.0518,169449
83.0583,169659
83.0603,169523
83.0647,169201
83.0684,169118
83.0729,168950
83.0764,168975
83.0766,168776
83.0806,169035
83.0846,169254
83.0888,168978
83.0936,168903
83.0971,168567
83.1010,168815
83.1052,169449
83.1108,169078
83.1139,169058
83.1176,168755
83.1216,168578
83.1265,169813
83.1304,169147
83.1338,169367
83.1380,168599
83.1424,168971
83.1464,169558
83.1501,168952
83.1543,169045
83.1585,168014
83.1630,168982
83.1671,168947
83.1707,168947
83.1753,168964
83.1789,168563
83.1835,169083
83.1872,169268
83.1920,169141
83.1954,168860
83.1994,168193
83.2034,169328
83.2035,169135
83.2094,169059
83.2123,169209
83.2157,167804
83.2198,169464
83.2251,169170
83.2286,169285
83.2323,168892
83.2362,168628
83.2407,169490
83.2446,169318
83.2494,168565
83.2527,168966
83.2579,168227
83.2610,169527
83.2655,168348
83.2695,169114
83.2733,168965
83.2773,168610
83.2818,169421
83.2865,168550
83.2912,169337
83.2939,169058
83.2981,168250
83.3017,169556
83.3059,169015
83.3103,168991
83.3142,168785
83.3183,168178
83.3222,170018
83.3264,168633
83.3304,169376
83.3305,169083
83.3344,168247
83.3386,169788
83.3431,168407
83.3469,169355
83.3509,169039
83.3550,168393
83.3595,169950
83.3632,168015
83.3672,168949
83.3714,168621
83.3761,168178
83.3800,169762
83.3836,168010
83.3879,169052
83.3924,169003
83.3964,168251
83.4001,169677
83.4041,167864
83.4090,168870
83.4125,169220
83.4164,169013
83.4205,169798
83.4251,168007
83.4291,169581
83.4328,169877
83.4369,169153
83.4420,169620
83.4458,168058
83.4493,169206
83.4533,168703
83.4578,169003
83.4584,170040
83.4623,168136
83.4655,168932
83.4697,168685
83.4752,168839
83.4786,169804
83.4825,168223
83.4860,169022
83.4923,169117
83.4947,169413
83.4984,169132
83.5024,168171
83.5080,169598
83.5109,169144
83.5154,169131
83.5188,169723
83.5240,168151
83.5276,169281
83.5317,169268
83.5352,169505
83.5410,169324
83.5434,167953
83.5479,168956
83.5521,168907
83.5572,169530
83.5604,168837
83.5643,168125
83.5685,169055
83.5721,169083
83.5767,168579
83.5804,168974
83.5844,168511
83.5845,169459
83.5885,169198
83.5932,169246
83.5967,169021
83.6012,168570
83.6049,169856
83.6095,169536
83.6134,169187
83.6171,168434
83.6213,169102
83.6257,169192
83.6296,168992
83.6335,168889
83.6376,168525
83.6419,168897
83.6458,169191
83.6506,168957
83.6540,169194
83.6587,168534
83.6626,169097
83.6663,168357
83.6706,168883
83.6745,168816
83.6791,167973
83.6828,169444
83.6871,168708
83.6919,169041
83.6959,169355
83.6994,168103
83.7034,169323
83.7085,169145
83.7115,169233
83.7121,169263
83.7155,168169
83.7195,169722
83.7248,168842
83.7281,168855
83.7320,168824
83.7367,168210
83.7421,169120
83.7445,168817
83.7490,168775
83.7523,168523
83.7585,168177
83.7613,169997
83.7650,169163
83.7690,168889
83.7736,169233
83.7773,167764
83.7810,169568
83.7851,168707
83.7903,169179
83.7935,169216
83.7980,167964
83.8014,170169
83.8068,168671
83.8098,168731
83.8142,168869
83.8178,168329
83.8220,169687
83.8262,168267
83.8307,169193
83.8343,169337
83.8383,168358
83.8384,170028
83.8430,168357
83.8465,169007
83.8505,168850
83.8547,168097
83.8592,170066
83.8629,168481
83.8669,169173
83.8712,168894
83.8754,168361
83.8792,169808
83.8833,168076
83.8875,169125
83.8916,169302
83.8956,168190
83.8997,169847
83.9038,167948
83.9087,169342
83.9120,169591
83.9161,168558
83.9202,169877
83.9253,168146
83.9284,169132
83.9325,169301
83.9366,168996
83.9412,169542
83.9448,168377
83.9489,168884
83.9529,169034
83.9578,168737
83.9615,169597
83.9654,168317
83.9655,168842
83.9693,169185
83.9759,168818
83.9775,169323
83.9816,168524
83.9857,169238
83.9916,169361
83.9940,169455
83.9980,169053
84.0021,168417
84.0080,168897
84.0109,169577
84.0144,169038
84.0184,169889
84.0246,167837
84.0268,169277
84.0310,169441
84.0349,169043
84.0402,169173
84.0435,168502
84.0472,169087
84.0512,168672
84.0572,169279
84.0600,168674
84.0643,168239
84.0676,168933
84.0734,168451
84.0764,169213
84.0800,169222
84.0841,168250
84.0882,169416
84.0922,168525
84.0923,168557
84.0963,168870
84.1004,168355
84.1045,168790
84.1087,169008
84.1127,169261
84.1168,168535
84.1210,168418
84.1257,169329
84.1291,169149
84.1332,168738
84.1373,168737
84.1421,168572
84.1454,168949
84.1495,169182
84.1538,168810
84.1581,168418
84.1625,168678
84.1659,168930
84.1700,169414
84.1760,169387
84.1786,168057
84.1823,168914
84.1864,169745
84.1905,168867
84.1952,169154
84.1988,168128
84.2028,168921
84.2073,168866
84.2114,168693
84.2153,168570
84.2191,168356
84.2233,169370
84.2241,169018
84.2275,168380
84.2315,169016
84.2356,168447
84.2404,169312
84.2439,168933
84.2479,168451
84.2520,168874
84.2568,168402
84.2601,169769
84.2642,168692
84.2683,168936
84.2743,168852
84.2765,167909
84.2806,169711
84.2847,168163
84.2888,169146
84.2935,169016
84.2970,168183
84.3011,169579
84.3053,168628
84.3096,169100
84.3135,168693
84.3176,167950
84.3217,170065
84.3265,168212
84.3298,168874
84.3338,168932
84.3380,168170
84.3422,169600
84.3464,167898
84.3505,169094
84.3506,168839
84.3544,168090
84.3590,169787
84.3625,168190
84.3666,168870
84.3709,168745
84.3756,168322
84.3791,169506
84.3830,168556
84.3872,169044
84.3919,169141
84.3956,168706
84.3994,169218
84.4035,168044
84.4081,169091
84.4117,168725
84.4158,168407
84.4199,169588
84.4241,167822
84.4287,169107
84.4322,169307
84.4363,168707
84.4409,169215
84.4445,167886
84.4486,169359
84.4527,169266
84.4573,168366
84.4610,169266
84.4650,168249
84.4691,168966
84.4732,169497
84.4774,169333
84.4775,169198
84.4814,167710
84.4855,169160
84.4908,168824
84.4940,168499
84.4977,169539
84.5018,168762
84.5072,169133
84.5106,169315
84.5142,169006
84.5183,169048
84.5239,167995
84.5266,169072
84.5305,169228
84.5345,169098
84.5390,169475
84.5429,167972
84.5470,169684
84.5511,168750
84.5551,168854
84.5595,168958
84.5635,168183
84.5673,168890
84.5717,169393
84.5757,168853
84.5802,169057
84.5837,168234
84.5879,169075
84.5924,169050
84.5966,169111
84.6002,168944
84.6042,168307
84.6043,168957
84.6085,169309
84.6125,169297
84.6165,168458
84.6206,168383
84.6248,168902
84.6289,168276
84.6329,169276
84.6370,167958
84.6415,168597
84.6455,169408
84.6492,168685
84.6534,169178
84.6580,168439
84.6620,168733
84.6656,168402
84.6697,168982
84.6741,168947
84.6781,168112
84.6820,169011
84.6861,168577
84.6904,169099
84.6945,168874
84.6988,168035
84.7025,168822
84.7068,168329
84.7118,168697
84.7149,169388
84.7190,168184
84.7234,169485
84.7273,169355
84.7314,169667
84.7314,168945
84.7353,168081
84.7413,169499
84.7440,168731
84.7478,169077
84.7516,169012
84.7574,168331
84.7606,169457
84.7642,168597
84.7681,169301
84.7721,169610
84.7772,168384
84.7811,169972
84.7845,168908
84.7903,169354
84.7934,168909
84.7969,168494
84.8008,169772
84.8064,168492
84.8097,168750
84.8131,168726
84.8176,168758
84.8215,169952
84.8257,168184
84.8307,169159
84.8336,169292
84.8377,168221
84.8421,169571
84.8469,167526
84.8501,169154
84.8541,169136
84.8584,167923
84.8590,169675
84.8625,168328
84.8663,168771
84.8705,168927
84.8750,168751
84.8793,169174
84.8829,168234
84.8869,169185
84.8913,168858
84.8958,168639
84.8999,169515
84.9032,167988
84.9076,169200
84.9122,169173
84.9156,168302
84.9197,169579
84.9250,167698
84.9283,169036
84.9319,169350
84.9360,168848
84.9405,169640
84.9441,168155
84.9482,169162
84.9523,168768
84.9572,168868
84.9609,169442
84.9646,168016
84.9687,169341
84.9741,168541
84.9770,168878
84.9813,169416
84.9854,168028
84.9855,169641
84.9915,168565
84.9934,169240
84.9974,169040
85.0015,168141
85.0067,168972
85.0098,169236
85.0139,168873
85.0180,169479
85.0242,167931
85.0261,169435
85.0303,169313
85.0343,168892
85.0397,168649
85.0432,168521
85.0465,169196
85.0506,168653
85.0548,168759
85.0590,168825
85.0629,168673
85.0670,169108
85.0711,168898
85.0761,168815
85.0794,169072
85.0834,168283
85.0876,168433
85.0924,169014
85.0961,169192
85.0998,168961
85.1039,168252
85.1081,168816
85.1122,169359
85.1123,169566
85.1162,169034
85.1203,168478
85.1249,169256
85.1289,169243
85.1325,169423
85.1367,168495
85.1411,168792
85.1450,169291
85.1490,168648
85.1532,169028
85.1578,168516
85.1616,169359
85.1654,169022
85.1697,169706
85.1737,168976
85.1781,168630
85.1817,169154
85.1858,169309
85.1904,168861
85.1940,169159
85.1981,168261
85.2023,168965
85.2064,169013
85.2104,168816
85.2150,169108
85.2185,168164
85.2234,169219
85.2275,168841
85.2309,169088
85.2352,169455
85.2400,167696
85.2405,169389
85.2435,168351
85.2473,169192
85.2514,168923
85.2563,168133
85.2596,169564
85.2637,168839
85.2684,169077
85.2738,169434
85.2761,168072
85.2808,169688
85.2842,168519
85.2898,169325
85.2929,168961
85.2972,168567
85.3008,169973
85.3050,168468
85.3093,169414
85.3136,168925
85.3171,168085
85.3210,169844
85.3257,168302
85.3299,169649
85.3337,169001
85.3374,168931
85.3423,170045
85.3461,168859
85.3499,168892
85.3538,168776
85.3583,168495
85.3621,169859
85.3662,168235
85.3662,168882
85.3702,168868
85.3744,168269
85.3787,169768
85.3829,167919
85.3865,168645
85.3910,168922
85.3948,168197
85.3996,169977
85.4030,167651
85.4071,168903
85.4120,169306
85.4160,168280
85.4194,169556
85.4243,168078
85.4281,168491
85.4324,169014
85.4357,168444
85.4401,169907
85.4447,168411
85.4480,169287
85.4521,169364
85.4570,168754
85.4615,169389
85.4644,168304
85.4684,169542
85.4730,169101
85.4773,169521
85.4810,170004
85.4848,168569
85.4901,169208
85.4932,169456
85.4932,169303
85.4971,170127
85.5012,168336
85.5073,169217
85.5102,169853
85.5135,168979
85.5176,169455
85.5236,168245
85.5264,168840
85.5305,168899
85.5342,169340
85.5393,169363
85.5428,168597
85.5464,169056
85.5506,169125
85.5545,168770
85.5593,169192
85.5627,168380
85.5667,169361
85.5725,169009
85.5758,168759
85.5795,168871
85.5833,168704
85.5872,169135
85.5913,169052
85.5955,169047
85.6001,169151
85.6036,168321
85.6083,168963
85.6122,169035
85.6159,168937
85.6201,169325
85.6202,168359
85.6246,169357
85.6285,169200
85.6325,169442
85.6364,168570
85.6414,168993
85.6446,168795
85.6487,169427
85.6528,168640
85.6574,168709
85.6614,168743
85.6651,168636
85.6692,169415
85.6734,169318
85.6777,168315
85.6814,168991
85.6855,169245
85.6907,168913
85.6937,168873
85.6978,168545
85.7019,169574
85.7081,168909
85.7105,169465
85.7144,169363
85.7182,168082
85.7235,169038
85.7267,169327
85.7306,169492
85.7346,168953
85.7398,168715
85.7430,170237
85.7470,168599
85.7512,168967
85.7513,169167
85.7561,168421
85.7594,169612
85.7638,168797
85.7675,169161
85.7730,168806
85.7757,168632
85.7800,170133
85.7839,168269
85.7901,169398
85.7926,168860
85.7961,168253
85.8002,170267
85.8058,168614
85.8095,169106
85.8132,169223
85.8166,168390
85.8222,170224
85.8254,168125
85.8290,168868
85.8330,169736
85.8371,168429
85.8418,170192
85.8452,167962
85.8493,168877
85.8535,169821
85.8580,168688
85.8616,170158
85.8657,167873
85.8700,169055
85.8742,168747
85.8781,168321
85.8781,170568
85.8821,168134
85.8863,169125
85.8906,169043
85.8954,168057
85.8985,169816
85.9026,168026
85.9070,169329
85.9109,169107
85.9150,168545
85.9190,170286
85.9232,168053
85.9281,169310
85.9313,168979
85.9353,168488
85.9400,169900
85.9437,168235
85.9477,169654
85.9517,169056
85.9574,168887
85.9599,169733
85.9640,168114
85.9681,169331
85.9732,169081
85.9770,168697
85.9804,169548
85.9845,168189
85.9890,169191
85.9929,168916
85.9969,168665
86.0010,169455
86.0053,168353
86.0059,169033
86.0094,169250
86.0132,168938
86.0173,169482
86.0236,168429
86.0257,169368
86.0296,169316
86.0336,169272
86.0379,169426
86.0423,168442
86.0460,168990
86.0500,168858
86.0569,168967
86.0588,169290
86.0623,168652
86.0664,169245
86.0706,169169
86.0746,169174
86.0787,168981
86.0829,168384
86.0869,169144
86.0916,169164
86.0951,168566
86.0992,169277
86.1034,168968
86.1080,169055
86.1115,168965
86.1155,168930
86.1197,168810
86.1241,168340
86.1280,169819
86.1321,169487
86.1321,168745
86.1362,168684
86.1404,169200
86.1446,169116
86.1484,168960
86.1524,169487
86.1575,168712
86.1609,169234
86.1648,169236
86.1689,168691
86.1734,169106
86.1771,168377
86.1812,169731
86.1853,169579
86.1896,168797
86.1937,169138
86.1983,168450
86.2016,169241
86.2061,168876
86.2106,168740
86.2138,168938
86.2179,168336
86.2229,169513
86.2268,168708
86.2307,169006
86.2344,169525
86.2393,168439
86.2430,169724
86.2466,168814
86.2507,168482
86.2558,168887
86.2591,167696
86.2591,169724
86.2630,168561
86.2671,168549
86.2735,169737
86.2758,168187
86.2794,170125
86.2835,168856
86.2876,169417
86.2920,168911
86.2958,168420
86.2998,169685
86.3043,167765
86.3085,169123
86.3123,169007
86.3162,168467
86.3221,170243
86.3251,168347
86.3285,169096
86.3326,168740
86.3367,168733
86.3411,169802
86.3449,167919
86.3490,169490
86.3532,169162
86.3574,168179
86.3613,169499
86.3654,167764
86.3696,168595
86.3740,169178
86.3777,167697
86.3820,169566
86.3862,168458
86.3864,169120
86.3907,169009
86.3941,168706
86.3982,169384
86.4024,167856
86.4066,169008
86.4105,168663
86.4145,168487
86.4187,169512
86.4233,167916
86.4268,169019
86.4309,168464
86.4350,168724
86.4393,169369
86.4434,167585
86.4474,168813
86.4514,168811
86.4561,168473
86.4597,169673
86.4638,168092
86.4679,168984
86.4726,168582
86.4760,168970
86.4801,169355
86.4842,167475
86.4889,168749
86.4924,168781
86.4965,169080
86.5006,169398
86.5054,167912
86.5089,168650
86.5130,169105
86.5131,168778
86.5169,169422
86.5227,168504
86.5256,168821
86.5292,169223
86.5333,168959
86.5388,169465
86.5420,168123
86.5456,168880
86.5497,169059
86.5554,168733
86.5584,169277
86.5620,168420
86.5661,169148
86.5702,168932
86.5749,168473
86.5785,169487
86.5825,167905
86.5867,169316
86.5913,168728
86.5948,168430
86.5988,168933
86.6031,167934
86.6074,168909
86.6112,169710
86.6153,169333
86.6195,168309
86.6238,168717
86.6276,168652
86.6316,168499
86.6360,169108
86.6399,168269
86.6403,169027
86.6442,169031
86.6480,169215
86.6521,169091
86.6563,168059
86.6606,169294
86.6649,169388
86.6685,169109
86.6731,168832
86.6767,168328
86.6808,169037
86.6849,168816
86.6900,168969
86.6933,168920
86.6972,168065
86.7013,169225
86.7063,168520
86.7100,169036
86.7136,169211
86.7176,168397
86.7225,169262
86.7259,168956
86.7300,168859
86.7342,168949
86.7391,168066
86.7434,169817
86.7463,168682
86.7504,168321
86.7554,169096
86.7601,168367
86.7633,169705
86.7670,168733
86.7709,168839
86.7710,169256
86.7750,167958
86.7792,170027
86.7833,168661
86.7874,168934
86.7914,168843
86.7956,168733
86.7996,169436
86.8038,167918
86.8078,169334
86.8119,169056
86.8160,167866
86.8202,169946
86.8242,168622
86.8283,169362
86.8324,169169
86.8365,168500
86.8406,169760
86.8447,167736
86.8488,169156
86.8529,168859
86.8570,168137
86.8611,169999
86.8652,167996
86.8692,168936
86.8734,169332
86.8775,168569
86.8816,169821
86.8859,168212
86.8898,169284
86.8938,169529
86.8981,168642
86.8982,169767
86.9021,168079
86.9061,169155
86.9102,168507
86.9143,168894
86.9186,169476
86.9225,167963
86.9266,168939
86.9307,169100
86.9347,168210
86.9389,169720
86.9430,168180
86.9471,169198
86.9512,169062
86.9553,169065
86.9594,170461
86.9635,167891
86.9675,169257
86.9717,168441
86.9758,168391
86.9799,169954
86.9839,168267
86.9881,168956
86.9922,169216
86.9963,169153
87.0004,169577
87.0044,168081
87.0084,169006
87.0125,168525
87.0167,169131
87.0209,169032
87.0251,168150
87.0251,168789
87.0290,168556
87.0331,169007
87.0372,169167
87.0413,168330
87.0454,168770
87.0494,168690
87.0535,169012
87.0576,168998
87.0617,168229
87.0659,168503
87.0700,169001
87.0741,168543
87.0782,168925
87.0822,168467
87.0863,169239
87.0904,169623
87.0945,169390
87.0986,169014
87.1027,168493
87.1068,168944
87.1109,169453
87.1150,169447
87.1191,168884
87.1232,168626
87.1273,169399
87.1313,169056
87.1355,169113
87.1396,169181
87.1437,168501
87.1480,169339
87.1519,169301
87.1520,168763
87.1559,168502
87.1600,169036
87.1641,169333
87.1683,169331
87.1724,168826
87.1765,168543
87.1805,169049
87.1846,169095
87.1887,168784
87.1928,168454
87.1970,167959
87.2009,169599
87.2051,168641
87.2092,169139
87.2133,168952
87.2174,168110
87.2216,168966
87.2256,169045
87.2297,168482
87.2338,168953
87.2379,167588
87.2420,169276
87.2461,169331
87.2502,169137
87.2543,169088
87.2584,167915
87.2625,169423
87.2666,168680
87.2706,168763
87.2749,168970
87.2789,167858
87.2789,169599
87.2830,168565
87.2870,169308
87.2911,169231
87.2953,168442
87.2993,169907
87.3035,168270
87.3075,169147
87.3117,168829
87.3157,168173
87.3198,169791
87.3239,168040
87.3280,168719
87.3320,168730
87.3362,167863
87.3403,169600
87.3444,168281
87.3485,169022
87.3526,168576
87.3567,167876
87.3608,169980
87.3649,167699
87.3689,168616
87.3731,168582
87.3772,168561
87.3813,169855
87.3854,167644
87.3895,168913
87.3936,169165
87.3977,168175
87.4017,169562
87.4060,167765
87.4061,168916
87.4099,169021
87.4140,168319
87.4181,169434
87.4222,168062
87.4263,168683
87.4304,169104
87.4345,168153
87.4386,169795
87.4427,167661
87.4468,169291
87.4508,169062
87.4550,169161
87.4591,170239
87.4632,167689
87.4672,168781
87.4714,168781
87.4755,168660
87.4796,169278
87.4837,167891
87.4878,168640
87.4919,168596
87.4959,168511
87.5000,169313
87.5041,167936
87.5082,168593
87.5122,168728
87.5165,168944
87.5205,169413
87.5246,168162
87.5287,169540
87.5330,168895
87.5330,169438
87.5369,169223
87.5410,168114
87.5451,168450
87.5492,168774
87.5533,168883
87.5574,169367
87.5615,168755
87.5656,168823
87.5697,169177
87.5738,168564
87.5779,169010
87.5820,167850
87.5861,168622
87.5902,168859
87.5943,168819
87.5983,168729
87.6025,168010
87.6065,169102
87.6106,169099
87.6147,168759
87.6188,168880
87.6228,168711
87.6270,169195
87.6311,168824
87.6352,169149
87.6393,168627
87.6435,168418
87.6475,169120
87.6516,168686
87.6559,168739
87.6599,168001
87.6639,168306
87.6640,168333
87.6680,169023
87.6721,168630
87.6762,168631
87.6803,168916
87.6843,169115
87.6885,169038
87.6926,168363
87.6967,168971
87.7007,168744
87.7048,169228
87.7089,168636
87.7130,168676
87.7170,168141
87.7212,169066
87.7253,168750
87.7295,168730
87.7336,168597
87.7376,168645
87.7417,169927
87.7458,168959
87.7500,169397
87.7539,169040
87.7580,168433
87.7621,170719
87.7662,168747
87.7703,168950
87.7744,169185
87.7785,168707
87.7828,169790
87.7869,168627
87.7910,169147
87.7911,168361
87.7950,168294
87.7990,170091
87.8031,168477
87.8072,168801
87.8114,168555
87.8155,168615
87.8196,170255
87.8236,167927
87.8276,168719
87.8318,168523
87.8359,168873
87.8400,170030
87.8441,168180
87.8482,168853
87.8523,168690
87.8564,168275
87.8605,170079
87.8646,168070
87.8687,169089
87.8727,169070
87.8769,168961
87.8810,170288
87.8851,167862
87.8892,169083
87.8932,168842
87.8973,168654
87.9015,170341
87.9056,167846
87.9098,169101
87.9139,169069
87.9179,168511
87.9180,169930
87.9219,168303
87.9260,169162
87.9301,168945
87.9341,168746
87.9382,169903
87.9423,167692
87.9465,169521
87.9505,168937
87.9547,168037
87.9588,169868
87.9629,168127
87.9669,169271
87.9711,168946
87.9752,168806
87.9793,169376
87.9834,167983
87.9875,168745
87.9915,169295
87.9956,168933
87.9997,169762
88.0039,168710
88.0079,168826
88.0120,168601
88.0161,169160
88.0203,169748
88.0243,168226
88.0284,169097
88.0325,169284
88.0368,169506
88.0408,169691
88.0449,168363
88.0450,169452
88.0488,168959
88.0529,169008
88.0570,169165
88.0611,168005
88.0652,168873
88.0693,169044
88.0734,169172
88.0774,169284
88.0816,168784
88.0857,169227
88.0898,169185
88.0939,169275
88.0980,169147
88.1021,168337
88.1062,168741
88.1104,169175
88.1144,168888
88.1185,169185
88.1226,168596
88.1266,169097
88.1307,169117
88.1349,169106
88.1390,168373
88.1431,168654
88.1472,169182
88.1513,168766
88.1554,169253
88.1595,168602
88.1639,168742
88.1677,169472
88.1717,168845
88.1718,169083
88.1759,168669
88.1800,169041
88.1840,168953
88.1882,168452
88.1922,169660
88.1963,168354
88.2004,169764
88.2045,169138
88.2086,168828
88.2128,169003
88.2167,167911
88.2209,169670
88.2250,169010
88.2291,169157
88.2334,168812
88.2373,168178
88.2413,169628
88.2455,168929
88.2496,169420
88.2537,168719
88.2578,168574
88.2619,169945
88.2660,168333
88.2701,168742
88.2742,169073
88.2783,168456
88.2824,169943
88.2865,168523
88.2908,169087
88.2947,168619
88.2987,168335
88.2988,170371
88.3028,168639
88.3069,168602
88.3110,168856
88.3151,168310
88.3192,169856
88.3233,168598
88.3274,168932
88.3315,169260
88.3356,168659
88.3396,169777
88.3437,167688
88.3478,169302
88.3520,169312
88.3561,168397
88.3602,169771
88.3643,167857
88.3683,168653
88.3725,169263
88.3765,168806
88.3806,170189
88.3848,167976
88.3889,169384
88.3930,168464
88.3970,168718
88.4011,169919
88.4052,167735
88.4093,168978
88.4134,169349
88.4176,168290
88.4217,169640
88.4258,168078
88.4259,168671
88.4298,169448
88.4339,168373
88.4380,169940
88.4420,168013
88.4461,169192
88.4502,169464
88.4544,168803
88.4585,169330
88.4626,167985
88.4666,169221
88.4708,168869
88.4749,168925
88.4789,169519
88.4830,167445
88.4871,169018
88.4912,169393
88.4953,168819
88.4994,169310
88.5035,167867
88.5077,168894
88.5117,169342
88.5157,168900
88.5198,169090
88.5239,168127
88.5281,169494
88.5322,169402
88.5363,168837
88.5404,169283
88.5445,168127
88.5488,168280
88.5527,169094
88.5528,168704
88.5568,169169
88.5609,167844
88.5649,169005
88.5690,169373
88.5732,168635
88.5773,169255
88.5813,168999
88.5854,169211
88.5895,168916
88.5936,169177
88.5981,168867
88.6018,168543
88.6058,169364
88.6099,168460
88.6141,168891
88.6182,168201
88.6223,168582
88.6264,169058
88.6305,169338
88.6347,168880
88.6386,168228
88.6428,169040
88.6468,168972
88.6510,169032
88.6550,169004
88.6591,168351
88.6632,168781
88.6674,169218
88.6716,168438
88.6755,168990
88.6796,168429
88.6796,168997
88.6837,169481
88.6878,169225
88.6919,169222
88.6960,168465
88.7000,169440
88.7041,169117
88.7082,169350
88.7124,168607
88.7164,168040
88.7205,169076
88.7246,169118
88.7287,168850
88.7328,168940
88.7369,168000
88.7410,169448
88.7451,168453
88.7493,169145
88.7533,169447
88.7574,167925
88.7615,169306
88.7656,168645
88.7697,169108
88.7740,169079
88.7783,167986
88.7820,169519
88.7867,168833
88.7902,169181
88.7942,169107
88.7984,168635
88.8029,169845
88.8067,168128
88.8067,169439
88.8106,168774
88.8147,168064
88.8189,169508
88.8229,167614
88.8270,169582
88.8311,168310
88.8352,168755
88.8394,169612
88.8435,167917
88.8476,169476
88.8516,168969
88.8561,168331
88.8598,169874
88.8639,168051
88.8680,169257
88.8723,169046
88.8762,168539
88.8802,169511
88.8844,168148
88.8889,169068
88.8927,169268
88.8967,168576
88.9008,169368
88.9054,168493
88.9090,169569
88.9131,169083
88.9171,168673
88.9218,169290
88.9255,167787
88.9295,169142
88.9337,169285
88.9377,168803
88.9386,169570
88.9418,167612
88.9458,169056
88.9499,168998
88.9550,168826
88.9581,169200
88.9622,168080
88.9663,169055
88.9714,169130
88.9745,168822
88.9786,169509
88.9827,167967
88.9880,169248
88.9908,169128
88.9949,169280
88.9990,169149
89.0032,168694
89.0073,169057
89.0113,169269
89.0154,168753
89.0201,169735
89.0237,168325
89.0277,169360
89.0318,169414
89.0365,169303
89.0401,168645
89.0441,168344
89.0482,169360
89.0526,169059
89.0565,169128
89.0605,168580
89.0649,168459
89.0650,169009
89.0687,168741
89.0733,169166
89.0769,169567
89.0809,168311
89.0852,169426
89.0895,169154
89.0933,169425
89.0974,168621
89.1015,168231
89.1062,168676
89.1096,169016
89.1137,168900
89.1179,168588
89.1230,168609
89.1260,169270
89.1301,169637
89.1342,169041
89.1385,169008
89.1424,168635
89.1465,168727
89.1506,169310
89.1550,169116
89.1588,168159
89.1629,168997
89.1671,168997
89.1719,169249
89.1753,169266
89.1794,168148
89.1838,169119
89.1875,168652
89.1918,169108
89.1918,169577
89.1956,168227
89.1997,169668
89.2042,168798
89.2082,169486
89.2121,169628
89.2162,168146
89.2211,169360
89.2244,169087
89.2284,169286
89.2325,169506
89.2368,169305
89.2408,170151
89.2449,168786
89.2490,169294
89.2537,169143
89.2575,168596
89.2613,170605
89.2654,168645
89.2704,169061
89.2738,168741
89.2776,168447
89.2816,169241
89.2865,168581
89.2906,169475
89.2940,169210
89.2981,168316
89.3027,169948
89.3063,168815
89.3106,169095
89.3146,168819
89.3187,168236
89.3188,170352
89.3229,168551
89.3267,169079
89.3308,169408
89.3353,168400
89.3390,169722
89.3431,167995
89.3472,169066
89.3513,168814
89.3564,168495
89.3595,169620
89.3636,168029
89.3677,169105
89.3718,169471
89.3760,168762
89.3800,169473
89.3841,167746
89.3888,169331
89.3927,169346
89.3964,168497
89.4005,169688
89.4054,168303
89.4086,169331
89.4127,169232
89.4168,168761
89.4216,169898
89.4250,167728
89.4291,169081
89.4333,169346
89.4374,168722
89.4416,169342
89.4456,168076
89.4457,169331
89.4496,169171
89.4542,169153
89.4586,169370
89.4619,168091
89.4660,168877
89.4707,169544
89.4745,169094
89.4783,168685
89.4824,168753
89.4873,169602
89.4910,168645
89.4947,169184
89.4988,169623
89.5029,168467
89.5070,169074
89.5110,169173
89.5151,168851
89.5206,169367
89.5233,168028
89.5274,169118
89.5315,169452
89.5363,169359
89.5397,168810
89.5438,168357
89.5479,169764
89.5523,169721
89.5562,168630
89.5602,168898
89.5643,168665
89.5685,169093
89.5726,168948
89.5727,168938
89.5766,168593
89.5807,169256
89.5848,169570
89.5895,169154
89.5929,169677
89.5970,169024
89.6012,168934
89.6061,169547
89.6094,169623
89.6134,169145
89.6176,168574
89.6223,168533
89.6257,169421
89.6298,169118
89.6340,168817
89.6381,168552
89.6421,169048
89.6462,169147
89.6503,169081
89.6545,169203
89.6584,168441
89.6626,169002
89.6668,169434
89.6715,169142
89.6749,168947
89.6790,167822
89.6830,169835
89.6878,169289
89.6913,169213
89.6955,169024
89.6996,168719
89.7035,169190
89.7036,168992
89.7076,169405
89.7117,169276
89.7158,168268
89.7201,169540
89.7240,168887
89.7281,169843
89.7322,169331
89.7369,168876
89.7404,169671
89.7445,168996
89.7486,168747
89.7534,169148
89.7568,168514
89.7609,169709
89.7649,168267
89.7703,168824
89.7732,169021
89.7772,167737
89.7814,170303
89.7855,168279
89.7898,169105
89.7938,169350
89.7977,168331
89.8020,169846
89.8061,168220
89.8105,168905
89.8141,168779
89.8184,168307
89.8226,169789
89.8265,168389
89.8266,169596
89.8305,168815
89.8346,168562
89.8395,169689
89.8429,168212
89.8469,169443
89.8510,169357
89.8553,168273
89.8592,170014
89.8632,168751
89.8674,168916
89.8720,169391
89.8756,168881
89.8797,169521
89.8838,168163
89.8885,169087
89.8920,169159
89.8961,168517
89.9002,169245
89.9050,167965
89.9083,168849
89.9124,169373
89.9166,168998
89.9206,169680
89.9248,167927
89.9289,169004
89.9329,169115
89.9371,168638
89.9411,169394
89.9452,167932
89.9494,168971
89.9534,169259
89.9577,169046
89.9578,169007
89.9616,167939
89.9656,168838
89.9700,168972
89.9739,168721
89.9779,169728
89.9821,168262
89.9876,169080
89.9902,168836
89.9944,168728
89.9984,169218
90.0039,167602
90.0066,168660
90.0107,168879
90.0148,168896
90.0191,169200
90.0230,168455
90.0271,168588
90.0312,168826
90.0356,169113
90.0395,168801
90.0436,168674
90.0476,169214
90.0529,169124
90.0558,169342
90.0599,168549
90.0639,167992
90.0681,169353
90.0723,169542
90.0764,169311
90.0807,168361
90.0846,168845
90.0847,169173
90.0886,169228
90.0926,169271
90.0967,169163
90.1008,169064
90.1050,169000
90.1090,169622
90.1131,169012
90.1172,168599
90.1214,169108
90.1254,169614
90.1295,169442
90.1336,168478
90.1378,168698
90.1419,169272
90.1459,169241
90.1500,169786
90.1544,169114
90.1582,167973
90.1622,169027
90.1665,169168
90.1711,169299
90.1746,169366
90.1786,168007
90.1828,169114
90.1884,169261
90.1910,169261
90.1950,169326
90.1991,168292
90.2035,169118
90.2074,169361
90.2115,169124
90.2116,169417
90.2155,168434
90.2196,169621
90.2237,169175
90.2278,169733
90.2319,169450
90.2360,168443
90.2401,170494
90.2442,168468
90.2483,169530
90.2524,169238
90.2565,168298
90.2606,170010
90.2647,168429
90.2688,169151
90.2729,169603
90.2770,168328
90.2811,170176
90.2852,168633
90.2892,169316
90.2934,168684
90.2974,168787
90.3015,169653
90.3056,168288
90.3097,169203
90.3138,169361
90.3179,168578
90.3220,170032
90.3261,168200
90.3306,169455
90.3346,169195
90.3386,168750
90.3387,169646
90.3425,168368
90.3466,169518
90.3507,169289
90.3548,168929
90.3589,169912
90.3630,168708
90.3671,169345
90.3712,169870
90.3753,168725
90.3794,170487
90.3835,168248
90.3876,169970
90.3917,169585
90.3958,169461
90.3999,169889
90.4041,168737
90.4081,169055
90.4122,169282
90.4162,168694
90.4203,169633
90.4245,168292
90.4286,169386
90.4327,169743
90.4368,169057
90.4409,170221
90.4450,167910
90.4490,169185
90.4532,169001
90.4574,169691
90.4616,169534
90.4654,168234
90.4655,169012
90.4695,168931
90.4735,169719
90.4777,169244
90.4817,168485
90.4858,169030
90.4899,169676
90.4940,169435
90.4981,169318
90.5022,168806
90.5063,169542
90.5104,169504
90.5145,168918
90.5187,169375
90.5228,168829
90.5271,169815
90.5310,169336
90.5351,169206
90.5392,168841
90.5433,168551
90.5474,169425
90.5515,169433
90.5555,169492
90.5597,169049
90.5637,168800
90.5678,169208
90.5720,169268
90.5760,169422
90.5801,168405
90.5844,168397
90.5884,169663
90.5926,168919
90.5927,168904
90.5965,168927
90.6006,169121
90.6047,168969
90.6088,169120
90.6129,168931
90.6170,168469
90.6211,169431
90.6251,169241
90.6292,169214
90.6333,169007
90.6374,168388
90.6415,169409
90.6456,169694
90.6497,169760
90.6538,169388
90.6579,168037
90.6620,169494
90.6660,169161
90.6701,169454
90.6742,169340
90.6785,168513
90.6825,169944
90.6866,168825
90.6907,169520
90.6947,169013
90.6988,168382
90.7029,169976
90.7071,168920
90.7112,168793
90.7153,169658
90.7195,168920
90.7196,170636
90.7235,169414
90.7278,169281
90.7317,169283
90.7358,168113
90.7399,170254
90.7440,168685
90.7481,169501
90.7521,169569
90.7562,168882
90.7603,170098
90.7645,168869
90.7686,169885
90.7727,169506
90.7768,168474
90.7808,169977
90.7849,168441
90.7890,169346
90.7931,169821
90.7972,168791
90.8013,170571
90.8054,168531
90.8095,168894
90.8136,169234
90.8177,168390
90.8218,169769
90.8259,168175
90.8300,169116
90.8341,168912
90.8382,168327
90.8424,169923
90.8463,167938
90.8463,169560
90.8505,169687
90.8546,169114
90.8586,169986
90.8627,168577
90.8668,169216
90.8709,169088
90.8750,168958
90.8791,169936
90.8832,168240
90.8873,169598
90.8914,169272
90.8955,169442
90.8996,169912
90.9037,168844
90.9078,169479
90.9119,169469
90.9160,169250
90.9201,169806
90.9242,168480
90.9283,169001
90.9324,169222
90.9365,169231
90.9406,169714
90.9446,168499
90.9487,169252
90.9529,169327
90.9569,169809
90.9610,169293
90.9651,168540
90.9694,169190
90.9732,169173
90.9733,169285
90.9775,169393
90.9815,168379
90.9856,169478
90.9897,169170
90.9938,169298
90.9979,169138
91.0019,167890
91.0061,169401
91.0102,169019
91.0143,169013
91.0184,169350
91.0225,168802
91.0266,168900
91.0307,169420
91.0347,169168
91.0389,168534
91.0429,168599
91.0470,169152
91.0512,169240
91.0553,169186
91.0593,168706
91.0635,168650
91.0675,169528
91.0716,169547
91.0757,168767
91.0798,168749
91.0839,169109
91.0880,169130
91.0921,169071
91.0963,169390
91.1003,168873
91.1003,169280
91.1043,169575
91.1085,169223
91.1126,169392
91.1167,168341
91.1208,169183
91.1249,169833
91.1290,169125
91.1331,169258
91.1372,168612
91.1413,169439
91.1454,169229
91.1495,168811
91.1535,169036
91.1577,168815
91.1618,169905
91.1659,169164
91.1699,169306
91.1740,169329
91.1781,167946
91.1822,169651
91.1863,169330
91.1905,168752
91.1945,168891
91.1985,168432
91.2027,170179
91.2067,168136
91.2109,169661
91.2150,169284
91.2191,168480
91.2232,169903
91.2274,169048
91.2275,169385
91.2313,169096
91.2355,168342
91.2396,169966
91.2437,168589
91.2478,169519
91.2519,169659
91.2559,168781
91.2601,170000
91.2641,168366
91.2682,169021
91.2723,169612
91.2765,168219
91.2805,170284
91.2846,168086
91.2888,169632
91.2928,169230
91.2968,168251
91.3010,170054
91.3051,167969
91.3092,169117
91.3133,169181
91.3174,168642
91.3215,169630
91.3256,168587
91.3297,169732
91.3338,169205
91.3379,168299
91.3420,169810
91.3461,167883
91.3501,169807
91.3544,169045
91.3584,169066
91.3585,169436
91.3625,168397
91.3665,169391
91.3706,169096
91.3747,168760
91.3788,170192
91.3829,168626
91.3870,169303
91.3911,169583
91.3952,168239
91.3993,169711
91.4033,168625
91.4074,169043
91.4115,169190
91.4157,168812
91.4198,169385
91.4239,168298
91.4280,169520
91.4320,169041
91.4362,169279
91.4403,169569
91.4443,168176
91.4484,169042
91.4525,169029
91.4566,169141
91.4608,169774
91.4648,168652
91.4689,169286
91.4730,169522
91.4773,168859
91.4813,169046
91.4854,168642
91.4855,169048
91.4894,169352
91.4935,169437
91.4976,169199
91.5017,168236
91.5057,168999
91.5098,169167
91.5139,168527
91.5180,168791
91.5221,168361
91.5262,169772
91.5304,168922
91.5344,169091
91.5385,168893
91.5426,168901
91.5468,169121
91.5509,169320
91.5551,169132
91.5590,168500
91.5632,168978
91.5674,169009
91.5714,169008
91.5754,168938
91.5794,168079
91.5836,168708
91.5877,169044
91.5918,169302
91.5960,168979
91.6000,168096
91.6045,168775
91.6085,169534
91.6125,169514
91.6126,168943
91.6163,168119
91.6204,169597
91.6246,169039
91.6287,168710
91.6328,169155
91.6369,168251
91.6410,169715
91.6450,169005
91.6492,168591
91.6532,169110
91.6574,168928
91.6614,169593
91.6655,169119
91.6696,169342
91.6737,169467
91.6778,168490
91.6820,169745
91.6859,168451
91.6901,169413
91.6941,169281
91.6983,168087
91.7057,170023
91.7064,168741
91.7105,169626
91.7146,169412
91.7187,168143
91.7228,169578
91.7269,168485
91.7312,169223
91.7354,168745
91.7394,168271
91.7398,169830
91.7434,168560
91.7475,169037
91.7515,169260
91.7556,168340
91.7598,169616
91.7638,168240
91.7679,169413
91.7720,169170
91.7761,168377
91.7802,169687
91.7843,168286
91.7885,168662
91.7925,169301
91.7966,168660
91.8007,169762
91.8048,168597
91.8089,169358
91.8130,169444
91.8171,168550
91.8212,169531
91.8253,168294
91.8294,169553
91.8335,169140
91.8376,168989
91.8416,170189
91.8458,168014
91.8498,169296
91.8540,169272
91.8585,168534
91.8623,169615
91.8663,168391
91.8664,169349
91.8703,169372
91.8745,169039
91.8785,169356
91.8826,167919
91.8867,168547
91.8907,169376
91.8949,169184
91.8990,169693
91.9030,168315
91.9072,169422
91.9113,169562
91.9154,168769
91.9195,169576
91.9236,168980
91.9277,169461
91.9318,169479
91.9359,169388
91.9400,169509
91.9440,168685
91.9481,168959
91.9522,168600
91.9563,169507
91.9605,169149
91.9645,168758
91.9686,169231
91.9727,169156
91.9768,169003
91.9808,169613
91.9850,168446
91.9893,169238
91.9933,169101
91.9934,169331
91.9973,168689
92.0014,169368
92.0055,169204
92.0095,169087
92.0136,168329
92.0178,168834
92.0219,169095
92.0260,169467
92.0301,169360
92.0342,168957
92.0382,169170
92.0424,168836
92.0464,169622
92.0505,169418
92.0546,169451
92.0588,168318
92.0628,168708
92.0669,168890
92.0710,169555
92.0751,169014
92.0792,168362
92.0833,169337
92.0875,169298
92.0914,169407
92.0955,169724
92.0996,168140
92.1037,169373
92.1078,169311
92.1119,169217
92.1161,169419
92.1203,168761
92.1205,169448
92.1242,169182
92.1283,169621
92.1324,169297
92.1365,168484
92.1406,169590
92.1447,169765
92.1489,169068
92.1529,169018
92.1570,168748
92.1610,169777
92.1652,169073
92.1693,169518
92.1734,169224
92.1775,168771
92.1816,170587
92.1857,169005
92.1898,169352
92.1939,169043
92.1979,168083
92.2021,169455
92.2062,168537
92.2103,169393
92.2143,169043
92.2184,168592
92.2225,169739
92.2267,168827
92.2307,168780
92.2349,169932
92.2390,168422
92.2434,170289
92.2473,168612
92.2474,169665
92.2511,169637
92.2553,168521
92.2594,170027
92.2634,168416
92.2675,168920
92.2716,169302
92.2757,168081
92.2798,169854
92.2839,168538
92.2880,169496
92.2921,169113
92.2962,167882
92.3003,169868
92.3044,168518
92.3085,169280
92.3125,169286
92.3167,168552
92.3207,169831
92.3249,167964
92.3290,169180
92.3330,169301
92.3372,168798
92.3412,169675
92.3454,168241
92.3494,169026
92.3535,169518
92.3576,168549
92.3617,169522
92.3658,168521
92.3703,169113
92.3744,169670
92.3784,168898
92.3785,169404
92.3822,168330
92.3863,169418
92.3905,168660
92.3945,169079
92.3986,169662
92.4027,168334
92.4068,169261
92.4109,169139
92.4150,168970
92.4191,169183
92.4232,168250
92.4273,169698
92.4314,169393
92.4355,169262
92.4396,169873
92.4437,168146
92.4479,169045
92.4520,169215
92.4560,169130
92.4601,169753
92.4642,168369
92.4683,169041
92.4725,169002
92.4765,169348
92.4805,169115
92.4847,168618
92.4888,168783
92.4929,169058
92.4972,168918
92.5013,169166
92.5055,168473
92.5057,169426
92.5092,168872
92.5133,169267
92.5174,169042
92.5215,168787
92.5257,169366
92.5298,169062
92.5339,169772
92.5380,169245
92.5420,168678
92.5461,169605
92.5502,168989
92.5543,169535
92.5584,168993
92.5625,168169
92.5666,169456
92.5707,169282
92.5748,169389
92.5790,168665
92.5830,169263
92.5871,169798
92.5911,169560
92.5952,169262
92.5993,168852
92.6035,169430
92.6076,169274
92.6117,169292
92.6158,169014
92.6199,168396
92.6241,169316
92.6284,169174
92.6323,169420
92.6323,169460
92.6362,168540
92.6403,169969
92.6445,169497
92.6486,169544
92.6526,169845
92.6567,168331
92.6608,170011
92.6648,168946
92.6690,168987
92.6731,169685
92.6772,167829
92.6813,170076
92.6854,169216
92.6895,169351
92.6936,169254
92.6976,168483
92.7018,170034
92.7059,169012
92.7100,169139
92.7141,168908
92.7182,168750
92.7223,170210
92.7264,168646
92.7304,169304
92.7345,169619
92.7387,168460
92.7428,169964
92.7469,168718
92.7512,169404
92.7552,169342
92.7593,168923
92.7593,170088
92.7632,168346
92.7673,169439
92.7715,168953
92.7755,168401
92.7796,170074
92.7837,168413
92.7877,169395
92.7918,169341
92.7959,168749
92.8001,170362
92.8041,167966
92.8083,168781
92.8124,168948
92.8165,168636
92.8206,169800
92.8247,168261
92.8288,169364
92.8329,169751
92.8370,168298
92.8411,169388
92.8451,168400
92.8493,169784
92.8534,168793
92.8575,169209
92.8615,169754
92.8656,168359
92.8697,169566
92.8738,169578
92.8781,169051
92.8822,169847
92.8863,168430
92.8864,169578
92.8902,169397
92.8942,168948
92.8983,169937
92.9024,168501
92.9066,169144
92.9106,169579
92.9148,169303
92.9189,169956
92.9230,168851
92.9271,169188
92.9312,168930
92.9352,169066
92.9393,169834
92.9434,168415
92.9475,169711
92.9516,168815
92.9557,169234
92.9598,168788
92.9639,168831
92.9680,168806
92.9721,169319
92.9762,169201
92.9802,169831
92.9844,168913
92.9885,168769
92.9926,169177
92.9967,169507
93.0008,169514
93.0049,168651
93.0091,169193
93.0132,168630
93.0132,169208
93.0172,168986
93.0213,168598
93.0254,169052
93.0295,169027
93.0335,169390
93.0377,168728
93.0417,169193
93.0458,169246
93.0500,169464
93.0541,169106
93.0581,168590
93.0622,168842
93.0662,169327
93.0705,168978
93.0745,168839
93.0786,168969
93.0826,169656
93.0869,169117
93.0908,169357
93.0949,168676
93.0991,168002
93.1032,169433
93.1073,169521
93.1114,168789
93.1155,169029
93.1196,168179
93.1237,169401
93.1278,169240
93.1319,168875
93.1361,169051
93.1401,168199
93.1403,169823
93.1441,168907
93.1482,169269
93.1524,169153
93.1564,168623
93.1604,170198
93.1647,169022
93.1687,169034
93.1728,168861
93.1769,167733
93.1810,169686
93.1851,168681
93.1892,168899
93.1933,169160
93.1973,168219
93.2015,169810
93.2056,169139
93.2097,169005
93.2137,169095
93.2179,168003
93.2220,170069
93.2261,168249
93.2301,169151
93.2342,168727
93.2384,168320
93.2425,170139
93.2466,168034
93.2507,169236
93.2548,169282
93.2589,168534
93.2631,170064
93.2672,168369
93.2673,169436
93.2711,169131
93.2752,168367
93.2793,169495
93.2834,167745
93.2874,169223
93.2916,169211
93.2957,168092
93.2998,169658
93.3039,168083
93.3080,168992
93.3121,169555
93.3162,167881
93.3203,169838
93.3244,168070
93.3285,169170
93.3326,169121
93.3367,168271
93.3408,169609
93.3448,168540
93.3490,169001
93.3531,168839
93.3572,168556
93.3611,169738
93.3653,168067
93.3695,168752
93.3735,168950
93.3776,168363
93.3817,169856
93.3858,168133
93.3900,169160
93.3942,169035
93.3942,168655
93.3981,168997
93.4022,168338
93.4063,169113
93.4104,169213
93.4144,169686
93.4186,169303
93.4227,168546
93.4268,168849
93.4308,168949
93.4349,169072
93.4391,169534
93.4431,168503
93.4472,169608
93.4514,169083
93.4555,169081
93.4595,169084
93.4635,168202
93.4677,169412
93.4718,168454
93.4759,169703
93.4799,169209
93.4841,168092
93.4884,169118
93.4924,168301
93.4964,168931
93.5005,168751
93.5046,168725
93.5087,169144
93.5128,168886
93.5170,168919
93.5211,168693
93.5212,169239
93.5251,168653
93.5292,169334
93.5333,168774
93.5374,168602
93.5415,168431
93.5456,169216
93.5497,169094
93.5537,168899
93.5579,168246
93.5619,168676
93.5660,168939
93.5701,168912
93.5742,168537
93.5783,167746
93.5825,169111
93.5865,169229
93.5906,168677
93.5946,169140
93.5988,168346
93.6029,169376
93.6070,168699
93.6110,168461
93.6152,169444
93.6193,168439
93.6234,169289
93.6275,168609
93.6316,168818
93.6357,169003
93.6398,167933
93.6441,169644
93.6481,168568
93.6521,168857
93.6522,168871
93.6562,168016
93.6602,169854
93.6643,168179
93.6684,168980
93.6725,168931
93.6766,168092
93.6806,170272
93.6848,168341
93.6889,168379
93.6930,169256
93.6970,168004
93.7011,170164
93.7053,168612
93.7093,169007
93.7134,169044
93.7176,168012
93.7217,169905
93.7258,168139
93.7299,169071
93.7340,168790
93.7382,168577
93.7421,169738
93.7462,168543
93.7503,169670
93.7544,168791
93.7586,168448
93.7626,169807
93.7667,168256
93.7710,168963
93.7751,168926
93.7792,168796
93.7793,169795
93.7831,167724
93.7873,168727
93.7912,168960
93.7953,168252
93.7994,169799
93.8036,167908
93.8077,169084
93.8119,168659
93.8159,168735
93.8200,169483
93.8241,168085
93.8282,168710
93.8323,169159
93.8363,168870
93.8405,169859
93.8447,168026
93.8487,169045
93.8528,168845
93.8570,168568
93.8610,169151
93.8650,167880
93.8692,168528
93.8732,169329
93.8773,168582
93.8814,169413
93.8856,168136
93.8896,169248
93.8937,168923
93.8978,168736
93.9021,169220
93.9061,168096
93.9062,168833
93.9101,169523
93.9142,168997
93.9183,169253
93.9224,168307
93.9265,168957
93.9306,169300
93.9346,169583
93.9387,169406
93.9428,169032
93.9469,169241
93.9511,169111
93.9551,169251
93.9592,169482
93.9632,168132
93.9674,169131
93.9715,169439
93.9756,169338
93.9796,169070
93.9838,168585
93.9879,169287
93.9920,169307
93.9961,168938
94.0002,168881
94.0043,168594
94.0084,169309
94.0125,169123
94.0166,169029
94.0207,168916
94.0248,168996
94.0290,169759
94.0330,168788
94.0331,169126
94.0370,168567
94.0411,168816
94.0452,169306
94.0493,169191
94.0535,168760
94.0575,167937
94.0616,169071
94.0657,169248
94.0698,169124
94.0739,168717
94.0780,168686
94.0821,169172
94.0861,169144
94.0903,169291
94.0943,169602
94.0984,168549
94.1025,169040
94.1066,168948
94.1107,169392
94.1148,168959
94.1188,168353
94.1229,169173
94.1271,168929
94.1312,169769
94.1353,169101
94.1395,168295
94.1435,170084
94.1475,168902
94.1518,169340
94.1560,168815
94.1601,168339
94.1601,169920
94.1640,168765
94.1681,169070
94.1722,168895
94.1763,168302
94.1804,169593
94.1844,168602
94.1886,169056
94.1928,169402
94.1967,168753
94.2008,170068
94.2049,168518
94.2090,169670
94.2131,169374
94.2172,168651
94.2213,170176
94.2254,168715
94.2294,168623
94.2337,169642
94.2377,168122
94.2418,170678
94.2459,168251
94.2500,169037
94.2541,169313
94.2582,168762
94.2623,169974
94.2664,168572
94.2705,168843
94.2746,169277
94.2787,168015
94.2830,169526
94.2870,168310
94.2871,169316
94.2910,169539
94.2950,168722
94.2991,169982
94.3032,168655
94.3073,169052
94.3114,169032
94.3155,168987
94.3197,170001
94.3238,167963
94.3279,169285
94.3319,169384
94.3360,169221
94.3400,169603
94.3442,168246
94.3483,169421
94.3524,169109
94.3565,168888
94.3606,169732
94.3647,168180
94.3688,169693
94.3729,169271
94.3770,169103
94.3811,169157
94.3852,168478
94.3892,168963
94.3934,169188
94.3975,169027
94.4015,169025
94.4056,168499
94.4098,169226
94.4140,169022
94.4141,169598
94.4180,169500
94.4221,168110
94.4261,169173
94.4303,169396
94.4343,169513
94.4385,169117
94.4425,167893
94.4466,169726
94.4507,168846
94.4548,168996
94.4589,169155
94.4630,168814
94.4671,168856
94.4712,169446
94.4753,169087
94.4794,169335
94.4835,168745
94.4876,169459
94.4917,169163
94.4958,169613
94.4999,169143
94.5040,169029
94.5081,169572
94.5122,169595
94.5162,169606
94.5204,168691
94.5245,169190
94.5285,169352
94.5327,169284
94.5371,169103
94.5410,168341
94.5450,169557
94.5451,169267
94.5490,169237
94.5531,169413
94.5572,168724
94.5613,169575
94.5654,169446
94.5695,169552
94.5736,169356
94.5777,168725
94.5818,169302
94.5859,169096
94.5900,168766
94.5941,169197
94.5982,168572
94.6023,169850
94.6064,168920
94.6105,169597
94.6146,168901
94.6187,168461
94.6227,169753
94.6269,168691
94.6309,169089
94.6350,169329
94.6391,168500
94.6432,169568
94.6473,168698
94.6515,169282
94.6555,168963
94.6596,168223
94.6639,169458
94.6679,169405
94.6720,169292
94.6721,169110
94.6760,168383
94.6801,169981
94.6842,168879
94.6883,169528
94.6924,169452
94.6965,168709
94.7006,169937
94.7046,168359
94.7087,168936
94.7128,168987
94.7170,168322
94.7211,169992
94.7251,168794
94.7292,169397
94.7334,169032
94.7375,168550
94.7415,170439
94.7457,168232
94.7498,169046
94.7538,168933
94.7580,168493
94.7620,170155
94.7661,168338
94.7703,169398
94.7743,169554
94.7785,169075
94.7825,170115
94.7865,168333
94.7909,169400
94.7949,169470
94.7990,168991
94.7991,170477
94.8030,168245
94.8071,169585
94.8112,169343
94.8152,169000
94.8193,170263
94.8234,168447
94.8275,169737
94.8316,169667
94.8357,168749
94.8398,169945
94.8441,168550
94.8480,169095
94.8520,169497
94.8562,169194
94.8603,170044
94.8644,168187
94.8685,169008
94.8726,169136
94.8767,168993
94.8808,169655
94.8849,168474
94.8889,169201
94.8930,169509
94.8971,169174
94.9012,169609
94.9052,168008
94.9094,168802
94.9135,169167
94.9179,169536
94.9219,169242
94.9260,168184
94.9261,169157
94.9299,169524
94.9340,169104
94.9381,169224
94.9422,168651
94.9463,168947
94.9505,168862
94.9545,169477
94.9585,169326
94.9626,168781
94.9667,168877
94.9709,169251
94.9750,168857
94.9790,168751
94.9832,168566
94.9873,169158
94.9913,169026
94.9955,169101
94.9995,168669
95.0036,168633
95.0077,168772
95.0118,169677
95.0160,169014
95.0201,169093
95.0241,168947
95.0283,168676
95.0323,169164
95.0363,169075
95.0405,168299
95.0448,169031
95.0488,169190
95.0529,169210
95.0530,168427
95.0569,168956
95.0610,169382
95.0651,169115
95.0692,169586
95.0732,168711
95.0775,167912
95.0815,169484
95.0856,169132
95.0897,169557
95.0938,169138
95.0978,168832
95.1019,169457
95.1059,168805
95.1102,169166
95.1143,168481
95.1184,168528
95.1225,169815
95.1265,169047
95.1307,169645
95.1347,169575
95.1388,168292
95.1429,170155
95.1470,168732
95.1511,169754
95.1551,169252
95.1593,168530
95.1635,169409
95.1675,168968
95.1716,169356
95.1759,169454
95.1799,168705
95.1800,169872
95.1839,169092
95.1880,169294
95.1921,169015
95.1961,168398
95.2003,169981
95.2043,168544
95.2085,168992
95.2125,169642
95.2167,168807
95.2208,170144
95.2249,168674
95.2288,168993
95.2330,169327
95.2371,169022
95.2412,170213
95.2453,168857
95.2495,169373
95.2535,169182
95.2576,168587
95.2617,169628
95.2658,168503
95.2699,169509
95.2739,169717
95.2781,168653
95.2822,169844
95.2863,167771
95.2905,169517
95.2945,169153
95.2986,168859
95.3028,170005
95.3069,168522
95.3070,169507
95.3108,168990
95.3150,168675
95.3191,169789
95.3231,168264
95.3272,168956
95.3313,168661
95.3355,168832
95.3395,169366
95.3436,168376
95.3477,168939
95.3518,169330
95.3559,169022
95.3600,169611
95.3641,168159
95.3682,168880
95.3723,169030
95.3765,169341
95.3804,169921
95.3846,168366
95.3887,169566
95.3928,169320
95.3969,168907
95.4010,169984
95.4051,168769
95.4091,169032
95.4133,169604
95.4173,168967
95.4214,169348
95.4256,168860
95.4297,169276
95.4339,168892
95.4340,168796
95.4378,169446
95.4419,168499
95.4460,169464
95.4500,169266
95.4542,169008
95.4583,169329
95.4624,168224
95.4665,169386
95.4706,169226
95.4747,169500
95.4787,169074
95.4829,168855
95.4869,169668
95.4911,169197
95.4952,169220
95.4993,169470
95.5033,168937
95.5074,169399
95.5115,168982
95.5156,169114
95.5197,169062
95.5238,169106
95.5279,168886
95.5320,169177
95.5361,168772
95.5402,168114
95.5443,168996
95.5484,169320
95.5525,169470
95.5568,169564
95.5609,168923
95.5609,169224
95.5648,169294
95.5689,169473
95.5730,168846
95.5771,168915
95.5812,169324
95.5853,169309
95.5894,169113
95.5935,169024
95.5976,168399
95.6017,169736
95.6058,169577
95.6098,168968
95.6139,169345
95.6180,168596
95.6221,169919
95.6262,168921
95.6303,168839
95.6345,169148
95.6385,168244
95.6426,169795
95.6467,168953
95.6508,168872
95.6548,169183
95.6590,168143
95.6631,170188
95.6672,168848
95.6713,169461
95.6754,169434
95.6795,168200
95.6838,170462
95.6878,168017
95.6919,169333
95.6920,169128
95.6958,168790
95.7000,170171
95.7040,168483
95.7081,169478
95.7122,169425
95.7164,168873
95.7204,169831
95.7245,168821
95.7285,169164
95.7327,169274
95.7368,168400
95.7408,169782
95.7451,168373
95.7491,169493
95.7532,169574
95.7573,168919
95.7614,170012
95.7655,168454
95.7696,169338
95.7737,168971
95.7778,168877
95.7819,170094
95.7860,168532
95.7901,169222
95.7942,168827
95.7983,168581
95.8024,170286
95.8065,168127
95.8107,169264
95.8148,169462
95.8188,168978
95.8189,169696
95.8228,167607
95.8269,169362
95.8310,169799
95.8351,168683
95.8392,169720
95.8433,168479
95.8475,169345
95.8515,169623
95.8557,169235
95.8596,170005
95.8637,168458
95.8678,169180
95.8719,169469
95.8760,168490
95.8802,169413
95.8843,168671
95.8884,169246
95.8925,169652
95.8965,169363
95.9007,169923
95.9047,168821
95.9089,169541
95.9130,169456
95.9170,169090
95.9210,169714
95.9252,168589
95.9292,169707
95.9333,169362
95.9375,169534
95.9416,169324
95.9458,168604
95.9458,169006
95.9498,169186
95.9539,169779
95.9580,169671
95.9621,168591
95.9663,169178
95.9704,169644
95.9744,168825
95.9784,169506
95.9825,168697
95.9866,169855
95.9907,169650
95.9948,169607
95.9990,168976
96.0032,168946
96.0072,169923
96.0112,169211
96.0153,169463
96.0195,168649
96.0235,169119
96.0276,169256
96.0319,169319
96.0373,169526
96.0398,168697
96.0442,168412
96.0496,169444
96.0525,169540
96.0562,169715
96.0604,168201
96.0665,168800
96.0685,169700
96.0727,168957
96.0727,169175
96.0767,168798
96.0812,169239
96.0850,168538
96.0890,168841
96.0930,169384
96.0972,168551
96.1017,169783
96.1054,169078
96.1095,169591
96.1136,169333
96.1180,168115
96.1219,169929
96.1259,169154
96.1301,169961
96.1346,169526
96.1381,168461
96.1422,169324
96.1464,169053
96.1510,169338
96.1545,169049
96.1586,168333
96.1630,169956
96.1674,168963
96.1709,169570
96.1750,169089
96.1791,168708
96.1838,169826
96.1873,168704
96.1914,169171
96.1956,169669
96.1997,168814
96.1998,170016
96.2037,168688
96.2078,169592
96.2119,169416
96.2163,167872
96.2202,170135
96.2242,168798
96.2282,169417
96.2325,169500
96.2366,168950
96.2405,170023
96.2446,168275
96.2498,168985
96.2530,169429
96.2570,168955
96.2610,170018
96.2659,168272
96.2692,169701
96.2733,169175
96.2774,168855
96.2829,170180
96.2856,168265
96.2897,169775
96.2937,169594
96.2992,168701
96.3025,170001
96.3061,168630
96.3102,169690
96.3156,169622
96.3185,169217
96.3226,170189
96.3267,168171
96.3267,169177
96.3315,169317
96.3354,168888
96.3388,170240
96.3429,168276
96.3470,169362
96.3515,169409
96.3552,169121
96.3594,169936
96.3636,168674
96.3681,169467
96.3716,169328
96.3757,168753
96.3798,169165
96.3846,168379
96.3881,169345
96.3921,169337
96.3962,168998
96.4008,169701
96.4048,168457
96.4084,169075
96.4126,169779
96.4172,169491
96.4208,169506
96.4248,169059
96.4290,169931
96.4336,169320
96.4372,169490
96.4412,168910
96.4453,168390
96.4500,170068
96.4537,169510
96.4538,169339
96.4576,169149
96.4618,168423
96.4683,169246
96.4703,169117
96.4740,169235
96.4789,169358
96.4843,169022
96.4863,169240
96.4904,170120
96.4944,169481
96.5007,169071
96.5028,169076
96.5069,169848
96.5109,169145
96.5159,169147
96.5194,168758
96.5231,169174
96.5272,169615
96.5323,169782
96.5354,169722
96.5395,169041
96.5436,169091
96.5477,169299
96.5520,169001
96.5560,169484
96.5601,168618
96.5644,169128
96.5691,169351
96.5724,169004
96.5764,169807
96.5813,168781
96.5848,169114
96.5855,169334
96.5888,168858
96.5928,169166
96.5969,168442
96.6018,169392
96.6052,169352
96.6093,169628
96.6134,169142
96.6180,168234
96.6214,169756
96.6259,168782
96.6297,169734
96.6346,169312
96.6382,168419
96.6419,169770
96.6460,168765
96.6511,169948
96.6542,169254
96.6584,168576
96.6625,170003
96.6674,168860
96.6707,169991
96.6748,168706
96.6791,167944
96.6830,169982
96.6879,168572
96.6911,169428
96.6951,168836
96.7006,168631
96.7034,170179
96.7076,168375
96.7115,169513
96.7116,169253
96.7159,168211
96.7201,169918
96.7247,168409
96.7281,169237
96.7321,169375
96.7368,168347
96.7410,170133
96.7444,168680
96.7499,169705
96.7526,169079
96.7572,168800
96.7607,169580
96.7656,168603
96.7689,169244
96.7735,168845
96.7771,168563
96.7828,170217
96.7856,168185
96.7899,169450
96.7934,169526
96.7988,169485
96.8024,170258
96.8065,167942
96.8100,169904
96.8163,169456
96.8181,168937
96.8227,169675
96.8262,168461
96.8305,169614
96.8345,169459
96.8386,168985
96.8387,169808
96.8427,168485
96.8467,169483
96.8517,169073
96.8552,168702
96.8593,170044
96.8631,168102
96.8677,169375
96.8715,169329
96.8754,168798
96.8796,169818
96.8844,168131
96.8881,168984
96.8923,169781
96.8960,169416
96.9012,169856
96.9048,168897
96.9082,169417
96.9123,169324
96.9169,169369
96.9214,169619
96.9252,169238
96.9287,169203
96.9337,169291
96.9369,169511
96.9409,169596
96.9450,168604
96.9496,169858
96.9539,169191
96.9574,169486
96.9615,169741
96.9660,168457
96.9661,169686
96.9705,169751
96.9740,169546
96.9779,169422
96.9821,168424
96.9863,169124
96.9908,169781
96.9942,169219
96.9993,168907
97.0033,169042
97.0065,169772
97.0105,169735
97.0155,169821
97.0195,168760
97.0232,169360
97.0270,169316
97.0324,169276
97.0361,169302
97.0392,168403
97.0433,169072
97.0487,169015
97.0520,169217
97.0559,169109
97.0598,168112
97.0657,169482
97.0684,169258
97.0725,169801
97.0762,169105
97.0802,168515
97.0846,169384
97.0885,169893
97.0925,169399
97.0925,169567
97.0967,169356
97.1018,170246
97.1049,169403
97.1089,168993
97.1130,169886
97.1172,168353
97.1215,169425
97.1252,169136
97.1295,169202
97.1340,168947
97.1376,168101
97.1416,169344
97.1457,168947
97.1500,169230
97.1545,169220
97.1580,168228
97.1621,169792
97.1667,168762
97.1710,169793
97.1744,169100
97.1785,168185
97.1836,170440
97.1874,168674
97.1908,169159
97.1949,169225
97.2001,168541
97.2038,170358
97.2072,168692
97.2112,169263
97.2158,168696
97.2196,168775
97.2197,170275
97.2235,168458
97.2276,168911
97.2324,169342
97.2365,168435
97.2399,169614
97.2440,168526
97.2493,169477
97.2526,169564
97.2565,168429
97.2605,170455
97.2651,168308
97.2690,169187
97.2730,169475
97.2769,168825
97.2825,169546
97.2857,168288
97.2891,169466
97.2932,169599
97.2993,168708
97.3017,169726
97.3055,168485
97.3095,169690
97.3154,169371
97.3179,168347
97.3221,169549
97.3259,168504
97.3302,169097
97.3345,169287
97.3385,169151
97.3426,170040
97.3466,168109
97.3483,169558
97.3509,169228
97.3551,169638
97.3587,169823
97.3628,168704
97.3673,169253
97.3715,169731
97.3751,169191
97.3793,169606
97.3835,168440
97.3875,169050
97.3915,169450
97.3956,168862
97.4001,169525
97.4041,168576
97.4079,169082
97.4120,169800
97.4173,169373
97.4202,169048
97.4242,168519
97.4285,168940
97.4331,169204
97.4374,169682
97.4406,169531
97.4447,168295
97.4493,169930
97.4535,169077
97.4571,169317
97.4611,168975
97.4657,168656
97.4695,169111
97.4735,169096
97.4736,169161
97.4775,168727
97.4824,168773
97.4857,169454
97.4897,169385
97.4939,169377
97.4991,169423
97.5020,169072
97.5062,169713
97.5102,169565
97.5150,169163
97.5184,169031
97.5225,169053
97.5266,169082
97.5320,168965
97.5348,169125
97.5389,168477
97.5430,169027
97.5471,169233
97.5512,169262
97.5553,169374
97.5594,168305
97.5638,169037
97.5681,169486
97.5717,169259
97.5758,169486
97.5799,167965
97.5840,169388
97.5881,168743
97.5922,169066
97.5965,168909
97.6006,168229
97.6047,169573
97.6048,169007
97.6086,169413
97.6126,169614
97.6167,168606
97.6215,169599
97.6250,168974
97.6291,169108
97.6339,169571
97.6376,168351
97.6414,169724
97.6455,168954
97.6503,169229
97.6545,168950
97.6577,168136
97.6618,169790
97.6664,169105
97.6704,168661
97.6745,169577
97.6783,168498
97.6824,170120
97.6874,168837
97.6905,168889
97.6945,168689
97.6992,168812
97.7032,170002
97.7070,168987
97.7110,169558
97.7159,169004
97.7192,168498
97.7234,170405
97.7273,168373
97.7320,169490
97.7338,169642
97.7358,168839
97.7397,169816
97.7437,168064
97.7492,168995
97.7527,169418
97.7560,169186
97.7601,169885
97.7661,167736
97.7689,169086
97.7725,169192
97.7766,168796
97.7815,170333
97.7858,168685
97.7887,169381
97.7928,169353
97.7984,168497
97.8018,169614
97.8051,167965
97.8092,168977
97.8136,168990
97.8178,168643
97.8218,170196
97.8258,168013
97.8297,169328
97.8339,169188
97.8384,168651
97.8420,169318
97.8462,167875
97.8503,169303
97.8545,169527
97.8585,169127
97.8585,170229
97.8625,168474
97.8668,169530
97.8707,169169
97.8748,168828
97.8789,169606
97.8834,168425
97.8871,169489
97.8911,168919
97.8953,168991
97.8999,169806
97.9036,169151
97.9076,169581
97.9119,169427
97.9159,169629
97.9201,169229
97.9239,169013
97.9281,169320
97.9323,169068
97.9366,169202
97.9406,169220
97.9444,168375
97.9489,169482
97.9529,169232
97.9568,169377
97.9608,169559
97.9661,168295
97.9695,169154
97.9731,169489
97.9772,169007
97.9824,169752
97.9854,168736
97.9855,168956
97.9895,169377
97.9937,169581
97.9990,168995
98.0018,168581
98.0058,169579
98.0099,169315
98.0156,168715
98.0183,168758
98.0222,169110
98.0263,169193
98.0321,169001
98.0345,169769
98.0386,168567
98.0427,168632
98.0471,168903
98.0510,169310
98.0550,169460
98.0591,168456
98.0632,169452
98.0678,169810
98.0715,169632
98.0755,168738
98.0796,167975
98.0837,169271
98.0878,169270
98.0918,169137
98.0960,168610
98.1003,168503
98.1043,169146
98.1085,168757
98.1125,169131
98.1125,169194
98.1169,168203
98.1205,169307
98.1246,169141
98.1288,169287
98.1334,168717
98.1369,168438
98.1410,169517
98.1451,169048
98.1500,169559
98.1539,169008
98.1576,168391
98.1615,169738
98.1668,168787
98.1698,168517
98.1739,169356
98.1779,168178
98.1829,170254
98.1862,168745
98.1902,169092
98.1942,169041
98.1990,168776
98.2029,169961
98.2065,168550
98.2106,169490
98.2153,168933
98.2195,168519
98.2229,169979
98.2271,168228
98.2320,169442
98.2354,169310
98.2395,168453
98.2395,169911
98.2434,168269
98.2489,169506
98.2518,169381
98.2557,168815
98.2598,169824
98.2653,167908
98.2685,169036
98.2721,169262
98.2763,168508
98.2814,170098
98.2847,168346
98.2886,169148
98.2926,169150
98.2983,168547
98.3008,170083
98.3049,168064
98.3089,169348
98.3130,169003
98.3171,168235
98.3216,169788
98.3254,167736
98.3298,169427
98.3340,169166
98.3377,168791
98.3417,169844
98.3459,168533
98.3506,169509
98.3542,168775
98.3582,169238
98.3622,169721
98.3664,168363
98.3665,168981
98.3704,169455
98.3745,168901
98.3786,169789
98.3835,168430
98.3867,169292
98.3908,169134
98.3951,168927
98.3997,169681
98.4031,168337
98.4072,169118
98.4114,169146
98.4159,169457
98.4196,169722
98.4237,168694
98.4277,169349
98.4321,169425
98.4359,168763
98.4400,169324
98.4441,168524
98.4486,168611
98.4523,169202
98.4564,169426
98.4605,169535
98.4653,168424
98.4687,169050
98.4728,168838
98.4768,169436
98.4814,169241
98.4853,168283
98.4893,169215
98.4932,168978
98.4981,169316
98.4989,169326
98.5015,168722
98.5055,169296
98.5096,169203
98.5145,168788
98.5182,169619
98.5219,169216
98.5260,169186
98.5312,169318
98.5345,168973
98.5383,168330
98.5424,169226
98.5489,168616
98.5508,168934
98.5547,168975
98.5588,168376
98.5629,169423
98.5675,169441
98.5712,169771
98.5752,169007
98.5793,168777
98.5840,169200
98.5874,168958
98.5915,168882
98.5957,168482
98.6000,168867
98.6039,170076
98.6079,169616
98.6121,169324
98.6165,169137
98.6204,168692
98.6244,169572
98.6246,169068
98.6284,169514
98.6328,169317
98.6369,168357
98.6407,169580
98.6448,169080
98.6491,169412
98.6530,168577
98.6572,168429
98.6612,170220
98.6656,168556
98.6702,169605
98.6735,169662
98.6776,168492
98.6820,169924
98.6860,168503
98.6898,169597
98.6939,169162
98.6990,168537
98.7026,169892
98.7064,168613
98.7104,169532
98.7148,169432
98.7186,168367
98.7228,169375
98.7268,168387
98.7316,169374
98.7351,169749
98.7394,168307
98.7433,169947
98.7481,168327
98.7514,169669
98.7515,169310
98.7554,168225
98.7595,170147
98.7650,168471
98.7677,169266
98.7718,169380
98.7758,168385
98.7810,170294
98.7843,167857
98.7882,169319
98.7923,169292
98.7983,168462
98.8012,170036
98.8046,168393
98.8087,168793
98.8142,169178
98.8172,168673
98.8209,169909
98.8250,168332
98.8294,169599
98.8339,168735
98.8373,168554
98.8414,170062
98.8456,169188
98.8503,169628
98.8537,169246
98.8578,169551
98.8619,169890
98.8661,168496
98.8703,169884
98.8743,168866
98.8786,169299
98.8787,169632
98.8831,168622
98.8874,169488
98.8905,169166
98.8947,169147
98.8994,169552
98.9036,168358
98.9069,169450
98.9110,169538
98.9162,169162
98.9194,169733
98.9233,168618
98.9274,169039
98.9329,169088
98.9363,169385
98.9398,169783
98.9438,168524
98.9482,168852
98.9529,169606
98.9561,169359
98.9602,169355
98.9647,168846
98.9695,169779
98.9725,169291
98.9766,169299
98.9824,169057
98.9857,168402
98.9895,169178
98.9930,168872
98.9978,169162
99.0013,168864
99.0053,168711
99.0054,168849
99.0093,169607
99.0143,168905
99.0179,168861
99.0216,169060
99.0257,168620
99.0312,169551
99.0341,169084
99.0381,168946
99.0422,168675
99.0475,169373
99.0509,169449
99.0552,169000
99.0585,168571
99.0626,169522
99.0675,169255
99.0708,169253
99.0749,169394
99.0791,168569
99.0832,169146
99.0878,169550
99.0913,169679
99.0953,169390
99.0996,168372
99.1036,169812
99.1077,168907
99.1117,168699
99.1167,169517
99.1199,168477
99.1240,169863
99.1284,169283
99.1322,169481
99.1323,168967
99.1363,168380
99.1404,170426
99.1445,169308
99.1488,169083
99.1528,169431
99.1569,168133
99.1609,170166
99.1659,168851
99.1692,169226
99.1732,169024
99.1774,168502
99.1820,169608
99.1855,168110
99.1895,169625
99.1936,169562
99.1983,168413
99.2020,170538
99.2060,168853
99.2100,169158
99.2143,169601
99.2188,168536
99.2224,170204
99.2264,168292
99.2306,169352
99.2347,169255
99.2387,168957
99.2428,170422
99.2477,168970
99.2512,169367
99.2552,169939
99.2593,168248
99.2593,169753
99.2650,168974
99.2679,168924
99.2715,169563
99.2755,168177
99.2807,169648
99.2844,168123
99.2881,169331
99.2920,169348
99.2973,168581
99.3006,170275
99.3042,168233
99.3083,169312
99.3124,169291
99.3173,168604
99.3206,170071
99.3247,168159
99.3306,169306
99.3336,169304
99.3370,169109
99.3411,169901
99.3452,168434
99.3500,168713
99.3535,169244
99.3576,169219
99.3616,169689
99.3664,168540
99.3697,169788
99.3738,169251
99.3781,168789
99.3822,169647
99.3865,168679
99.3865,169435
99.3903,169302
99.3945,169509
99.3999,169758
99.4025,168939
99.4066,169459
99.4107,168529
99.4156,169290
99.4189,169173
99.4230,168483
99.4271,169280
99.4325,169492
99.4355,169296
99.4395,169552
99.4436,168746
99.4482,169493
99.4518,169507
99.4559,169148
99.4599,169384
99.4640,168779
99.4680,169289
99.4722,168845
99.4762,169120
99.4811,169156
99.4845,168587
99.4886,169775
99.4928,169396
99.4982,169117
99.5008,168913
99.5049,168477
99.5092,168917
99.5141,169404
99.5173,169029
99.5174,169171
99.5214,169308
99.5254,169619
99.5299,169338
99.5337,169569
99.5377,168607
99.5418,169135
99.5472,169122
99.5506,169311
99.5542,169778
99.5583,168653
99.5640,169335
99.5667,169204
99.5705,169115
99.5746,169447
99.5787,168489
99.5831,169116
99.5870,169383
99.5910,168978
99.5951,169323
99.5993,168684
99.6032,169302
99.6073,169272
99.6114,169672
99.6161,169698
99.6196,168444
99.6237,169511
99.6278,169362
99.6328,169207
99.6361,169183
99.6403,168134
99.6443,169605
99.6444,168789
99.6490,169059
99.6524,169302
99.6565,168338
99.6606,169553
99.6652,169334
99.6688,169137
99.6729,168874
99.6769,168300
99.6816,170368
99.6853,169200
99.6893,169505
99.6933,169191
99.6975,168784
99.7015,169900
99.7056,168992
99.7097,169109
99.7158,168995
99.7179,168227
99.7220,170127
99.7261,168558
99.7308,168986
99.7344,169291
99.7384,168301
99.7425,170298
99.7469,168481
99.7507,169561
99.7548,169441
99.7589,168484
99.7639,170040
99.7672,168508
99.7713,169537
99.7713,169179
99.7752,168884
99.7817,170463
99.7837,168589
99.7876,169213
99.7916,169354
99.7973,168636
99.7999,170277
99.8042,168104
99.8080,169309
99.8121,169196
99.8168,168785
99.8204,170467
99.8244,168439
99.8286,169159
99.8327,169876
99.8372,168526
99.8408,170049
99.8449,168659
99.8490,169359
99.8539,169636
99.8572,168861
99.8613,170035
99.8658,168501
99.8699,169999
99.8736,169598
99.8778,169105
99.8820,170033
99.8870,168644
99.8901,169536
99.8942,169675
99.8982,169173
99.8982,170076
99.9022,168809
99.9063,168881
99.9104,169115
99.9159,169417
99.9195,169523
99.9227,169012
99.9268,169792
99.9318,169666
99.9352,169292
99.9391,169936
99.9432,168929
99.9475,169222
99.9516,169431
99.9559,169075
99.9597,169077
99.9644,168666
99.9686,168910
99.9718,168928
99.9759,169449
99.9810,169514
99.9844,168666
99.9887,169538
99.9924,169152
99.9977,169328
100.0014,169228
100.0046,168949
100.0087,169629
100.0140,169689
100.0170,169738
100.0211,169052
100.0252,169466
100.0253,169778
100.0305,169576
100.0338,169581
100.0375,168779
100.0416,169138
100.0472,169528
100.0503,169247
100.0538,169422
100.0579,168740
100.0636,168968
100.0671,169623
100.0701,169478
100.0742,169578
100.0784,168590
100.0832,168903
100.0866,169670
100.0907,169471
100.0948,168823
100.0995,168093
100.1033,169412
100.1071,169564
100.1112,169678
100.1162,169403
100.1193,167791
100.1234,169993
100.1275,169274
100.1327,169299
100.1358,169176
100.1399,168655
100.1439,169579
100.1482,169002
100.1524,169329
100.1525,169636
100.1562,168707
100.1603,169636
100.1648,169686
100.1687,169388
100.1725,169570
100.1767,168441
100.1811,170398
100.1856,169726
100.1889,169411
100.1930,169542
100.1979,168957
100.2014,170083
100.2053,168785
100.2094,169456
100.2143,169077
100.2177,168597
100.2218,170580
100.2258,168767
100.2315,169380
100.2341,169473
100.2382,168832
100.2423,170360
100.2484,168132
100.2504,169591
100.2545,169899
100.2586,168257
100.2642,170243
100.2670,169025
100.2709,169144
100.2750,169405
100.2804,168730
100.2808,170365
100.2838,168374
100.2872,169842
100.2913,169224
100.2958,168698
100.3000,170086
100.3037,168336
100.3077,169380
100.3143,169738
100.3165,168935
100.3201,170077
100.3241,168389
100.3282,169767
100.3328,169855
100.3365,169343
100.3405,169609
100.3447,168477
100.3491,169131
100.3528,169298
100.3577,168968
100.3610,169527
100.3658,168356
100.3693,168957
100.3741,169269
100.3774,169255
100.3819,169783
100.3860,168670
100.3899,169800
100.3938,169200
100.3980,168591
100.4021,169879
100.4062,168447
100.4062,169410
100.4101,169488
100.4149,169294
100.4193,169778
100.4224,168612
100.4265,169510
100.4314,169998
100.4350,169071
100.4389,169658
100.4431,168025
100.4481,169105
100.4520,168575
100.4552,168985
100.4593,169555
100.4640,168674
100.4677,169656
100.4719,169212
100.4756,169106
100.4807,168996
100.4840,168956
100.4886,169839
100.4920,168935
100.4971,169203
100.5006,169104
100.5043,168326
100.5084,169322
100.5137,169458
100.5167,169019
100.5207,169101
100.5248,168973
100.5298,169132
100.5331,169468
100.5332,169382
100.5371,169103
100.5412,169002
100.5453,169321
100.5498,169217
100.5536,169105
100.5577,169017
100.5636,168619
100.5663,169218
100.5700,169605
100.5739,168934
100.5781,168779
100.5827,169123
100.5866,169248
100.5903,169316
100.5944,169276
100.5995,168144
100.6026,169324
100.6067,168810
100.6108,169459
100.6152,169205
100.6190,168017
100.6231,169045
100.6273,169704
100.6317,169508
100.6365,169562
100.6395,168011
100.6436,169533
100.6483,169014
100.6519,169158
100.6561,169342
100.6601,168843
100.6601,170152
100.6645,168898
100.6681,168684
100.6722,169228
100.6768,168739
100.6808,170029
100.6847,169294
100.6886,169573
100.6927,169502
100.6969,168339
100.7019,170397
100.7050,168826
100.7091,168816
100.7141,169273
100.7176,168745
100.7214,169865
100.7255,168902
100.7302,168951
100.7349,169410
100.7378,168143
100.7419,169807
100.7470,168446
100.7506,169275
100.7542,168792
100.7583,168352
100.7625,169705
100.7670,168596
100.7709,169265
100.7747,169563
100.7800,168416
100.7830,169510
100.7871,168579
100.7910,169201
100.7912,168759
100.7967,168619
100.7998,169978
100.8033,168168
100.8074,169414
100.8117,169282
100.8163,169043
100.8198,170051
100.8239,168288
100.8280,169131
100.8323,169577
100.8363,168990
100.8401,169480
100.8444,168152
100.8491,169329
100.8525,168798
100.8566,168614
100.8607,170078
100.8656,168161
100.8694,168783
100.8729,169146
100.8771,168395
100.8818,169537
100.8858,168522
100.8893,169089
100.8935,168624
100.8982,169637
100.9018,169857
100.9057,168544
100.9100,169380
100.9147,168986
100.9181,168764
100.9182,169540
100.9221,168633
100.9262,169321
100.9306,169097
100.9347,169089
100.9386,169257
100.9427,168004
100.9476,169369
100.9512,169593
100.9549,169443
100.9590,169316
100.9641,168232
100.9680,169206
100.9713,168973
100.9754,169494
100.9805,169196
100.9837,168110
100.9876,168959
100.9918,169365
100.9975,169082
101.0003,168864
101.0041,168342
101.0082,169489
101.0131,169399
101.0172,168691
101.0204,168642
101.0245,169066
101.0294,168910
101.0336,169720
101.0370,168812
101.0410,168846
101.0462,168937
101.0467,168871
101.0496,169721
101.0534,169500
101.0574,168517
101.0616,169012
101.0659,168826
101.0696,169019
101.0736,169408
101.0781,168500
101.0830,169316
101.0859,169080
101.0900,168894
101.0941,169809
101.0990,169041
101.1023,168929
101.1064,169189
101.1105,169147
101.1149,168856
101.1192,168707
101.1228,169285
101.1269,169133
101.1320,169468
101.1357,169176
101.1392,168573
101.1433,169735
101.1483,168978
101.1522,169697
101.1557,168976
101.1597,168297
101.1640,169761
101.1679,168735
101.1722,169254
101.1723,169229
101.1762,168513
101.1805,169914
101.1842,168788
101.1883,169145
101.1924,169188
101.1967,168521
101.2011,169925
101.2048,168834
101.2088,169088
101.2130,168976
101.2178,168105
101.2211,170246
101.2252,168794
101.2293,169263
101.2339,169375
101.2375,168126
101.2416,170320
101.2470,168608
101.2499,169055
101.2544,169002
101.2579,168324
101.2638,169745
101.2666,168219
101.2702,169709
101.2743,169501
101.2795,168588
101.2829,170059
101.2870,168009
101.2907,169266
101.2963,169073
101.2989,169110
101.2990,169997
101.3030,167926
101.3071,169653
101.3133,169824
101.3163,168723
101.3194,170490
101.3235,167819
101.3292,169252
101.3322,169032
101.3358,168542
101.3399,169812
101.3440,167938
101.3486,169448
101.3522,169313
101.3563,169030
101.3604,170299
101.3652,168547
101.3689,168799
101.3729,169321
101.3768,168913
101.3817,169813
101.3856,167906
101.3890,169313
101.3931,169075
101.3981,169612
101.4014,169472
101.4055,168497
101.4096,169363
101.4142,169032
101.4182,168740
101.4219,169436
101.4259,168690
101.4260,169138
101.4303,169082
101.4349,169033
101.4382,169602
101.4424,168585
101.4469,169354
101.4510,169026
101.4546,169021
101.4587,169371
101.4630,168423
101.4681,169386
101.4709,169104
101.4750,169360
101.4793,169063
101.4840,168233
101.4874,169296
101.4914,169322
101.4968,169787
101.5008,169742
101.5038,168834
101.5078,169570
101.5124,169464
101.5167,169443
101.5201,168654
101.5242,168726
101.5307,169260
101.5326,169342
101.5365,169497
101.5406,168764
101.5450,169149
101.5489,168824
101.5531,169005
101.5532,169534
101.5570,168885
101.5632,169231
101.5661,169509
101.5693,169162
101.5734,169445
101.5777,168721
101.5827,168845
101.5856,169423
101.5897,169387
101.5938,169639
101.5982,168707
101.6024,169532
101.6061,169281
101.6102,169109
101.6147,169405
101.6184,168384
101.6225,170256
101.6267,168828
101.6315,168997
101.6351,169728
101.6389,168163
101.6430,170282
101.6485,169428
101.6514,169022
101.6552,169309
101.6594,168179
101.6642,170282
101.6676,169254
101.6718,169478
101.6758,169550
101.6799,168320
101.6804,170404
101.6840,169365
101.6880,169132
101.6921,169426
101.6966,168644
101.7008,170391
101.7044,169362
101.7085,169270
101.7131,169670
101.7170,168646
101.7209,170689
101.7249,168697
101.7309,169685
101.7336,169548
101.7372,168886
101.7413,170139
101.7460,168466
101.7502,169676
101.7536,169377
101.7576,169136
101.7631,170645
101.7665,168632
101.7699,169974
101.7740,169157
101.7793,169075
101.7832,170463
101.7863,168505
101.7904,169623
101.7958,170016
101.7991,168512
101.8029,170511
101.8069,168566
101.8070,169453
101.8111,169274
101.8157,168954
101.8191,170869
101.8232,168799
101.8274,169570
101.8317,169570
101.8355,169178
101.8395,170386
101.8437,168491
101.8489,168935
101.8520,169542
101.8560,169022
101.8601,170097
101.8642,168027
101.8684,169405
101.8723,169251
101.8765,169137
101.8806,170541
101.8852,168424
101.8887,169307
101.8928,169512
101.8976,169201
101.9011,170208
101.9052,169082
101.9094,169610
101.9136,169118
101.9181,169011
101.9215,169974
101.9256,168181
101.9305,169475
101.9339,169489
101.9340,169126
101.9378,170027
101.9420,168793
101.9464,169744
101.9503,169184
101.9543,169279
101.9583,169605
101.9625,168553
101.9673,169700
101.9707,169032
101.9747,169575
101.9794,170054
101.9836,169154
101.9870,169209
101.9911,169502
101.9960,169763
101.9998,169390
102.0037,169085
102.0075,169326
102.0132,169438
102.0164,168728
102.0199,169680
102.0240,168675
102.0281,169536
102.0329,169383
102.0369,169369
102.0403,168939
102.0455,168760
102.0489,169374
102.0526,169625
102.0567,169460
102.0626,169458
102.0648,168824
102.0649,169328
102.0689,169462
102.0730,169499
102.0775,168924
102.0819,169611
102.0855,169599
102.0894,169740
102.0935,169332
102.0982,169092
102.1022,169521
102.1059,169694
102.1099,169152
102.1143,169312
102.1181,169133
102.1222,169633
102.1264,169278
102.1304,169405
102.1345,169343
102.1385,168591
102.1427,169578
102.1469,169912
102.1510,169305
102.1550,169873
102.1592,169048
102.1636,169913
102.1672,169604
102.1713,169257
102.1755,169384
102.1795,168244
102.1839,170631
102.1880,168860
102.1920,169662
102.1923,168997
102.1964,168233
102.2000,170302
102.2041,168916
102.2082,169504
102.2144,169317
102.2166,168836
102.2205,169903
102.2246,168605
102.2308,169022
102.2331,169160
102.2368,169020
102.2409,170488
102.2454,168569
102.2494,169348
102.2532,168621
102.2573,168354
102.2630,170414
102.2659,168778
102.2696,169229
102.2737,168999
102.2801,168624
102.2821,170517
102.2861,168030
102.2902,169688
102.2960,169596
102.2987,169157
102.3024,170054
102.3065,168282
102.3108,169308
102.3150,169474
102.3191,168735
102.3191,170017
102.3229,168416
102.3273,169613
102.3312,169680
102.3353,168605
102.3394,170162
102.3437,168633
102.3479,168846
102.3516,169284
102.3557,168813
102.3597,170268
102.3645,168253
102.3684,169310
102.3720,169904
102.3762,168894
102.3812,170316
102.3845,168304
102.3885,169579
102.3926,169542
102.3973,168932
102.4008,169951
102.4048,168821
102.4089,169692
102.4135,169554
102.4176,169130
102.4212,169644
102.4253,168756
102.4298,169478
102.4338,169955
102.4376,169360
102.4419,170110
102.4458,168573
102.4464,169566
102.4500,169169
102.4539,169516
102.4580,169796
102.4624,169089
102.4671,169393
102.4705,169679
102.4744,169554
102.4800,169490
102.4829,169538
102.4868,169615
102.4909,169118
102.4962,169365
102.4990,169182
102.5034,169206
102.5072,169363
102.5124,169214
102.5155,169727
102.5198,169777
102.5236,169430
102.5291,169897
102.5328,169672
102.5359,169364
102.5399,169605
102.5453,169098
102.5488,169093
102.5526,169480
102.5563,168866
102.5617,169419
102.5647,169859
102.5687,169642
102.5727,169372
102.5728,169159
102.5784,169111
102.5811,169887
102.5857,169843
102.5891,169384
102.5932,169423
102.5981,168604
102.6015,169957
102.6061,169519
102.6096,169417
102.6138,169835
102.6178,169059
102.6219,170023
102.6260,169473
102.6302,170133
102.6347,169278
102.6387,168735
102.6424,169998
102.6465,169028
102.6507,169665
102.6547,169566
102.6589,168968
102.6638,170379
102.6672,169293
102.6710,169414
102.6752,169204
102.6792,169413
102.6840,170680
102.6875,168913
102.6915,169432
102.6962,169191
102.6998,168384
102.6999,170843
102.7038,169051
102.7079,169800
102.7123,169641
102.7162,168923
102.7202,171042
102.7243,168902
102.7294,169292
102.7325,170038
102.7365,169051
102.7407,170574
102.7469,168976
102.7488,169093
102.7530,169384
102.7570,169044
102.7621,170407
102.7661,168796
102.7694,169614
102.7734,169407
102.7793,168834
102.7818,170457
102.7860,168518
102.7898,169633
102.7972,170009
102.7981,168491
102.8022,169944
102.8062,168627
102.8144,169869
102.8145,169607
102.8185,168702
102.8229,170381
102.8274,168885
102.8306,169965
102.8308,169496
102.8350,168764
102.8390,170356
102.8432,168842
102.8474,170115
102.8512,169575
102.8553,169225
102.8594,170585
102.8643,168757
102.8678,169772
102.8719,169538
102.8760,169373
102.8801,170297
102.8841,168334
102.8882,169758
102.8922,169629
102.8976,169775
102.9004,169775
102.9045,168465
102.9087,169630
102.9137,169563
102.9169,169291
102.9209,170591
102.9250,168447
102.9303,169391
102.9332,169705
102.9373,169411
102.9414,169704
102.9465,168940
102.9497,169456
102.9536,169593
102.9537,169795
102.9577,170202
102.9623,168965
102.9659,169130
102.9700,169562
102.9741,169378
102.9790,170249
102.9824,169047
102.9864,169335
102.9905,169203
102.9948,169163
102.9988,169458
103.0028,168749
103.0069,169501
103.0110,169620
103.0151,169100
103.0192,169315
103.0233,169272
103.0275,169035
103.0316,169170
103.0356,169575
103.0397,168878
103.0438,168857
103.0479,169588
103.0519,169708
103.0560,169912
103.0602,168996
103.0643,169081
103.0684,169562
103.0725,169596
103.0768,169314
103.0809,168983
103.0848,169833
103.0848,169747
103.0889,170065
103.0930,169303
103.0971,168783
103.1011,170381
103.1053,169785
103.1094,168789
103.1135,169535
103.1176,168681
103.1216,169581
103.1257,169553
103.1299,169380
103.1342,169002
103.1380,168929
103.1420,170125
103.1462,169296
103.1503,169404
103.1544,169041
103.1585,168475
103.1626,170073
103.1667,169056
103.1708,169304
103.1749,169106
103.1790,168803
103.1830,170223
103.1871,169609
103.1912,169077
103.1953,170210
103.1995,169289
103.2038,170646
103.2076,169241
103.2119,169861
103.2119,169160
103.2159,168341
103.2199,170393
103.2240,168634
103.2282,169509
103.2322,169448
103.2363,168572
103.2404,170561
103.2445,168738
103.2486,169088
103.2527,169550
103.2568,168900
103.2609,170113
103.2650,168346
103.2691,169314
103.2732,168683
103.2773,168856
103.2814,170416
103.2855,168301
103.2896,168899
103.2937,170030
103.2978,168917
103.3019,170273
103.3060,167981
103.3101,169311
103.3142,169167
103.3183,168671
103.3224,170633
103.3265,168371
103.3306,169095
103.3348,169660
103.3389,169008
103.3389,170528
103.3428,168198
103.3469,169283
103.3510,168987
103.3554,168846
103.3591,169991
103.3632,168084
103.3673,169988
103.3714,169190
103.3755,168910
103.3796,170232
103.3837,168742
103.3878,169500
103.3919,168979
103.3960,168579
103.4001,169451
103.4042,168319
103.4083,168654
103.4124,169465
103.4165,169092
103.4205,169769
103.4246,168181
103.4287,169264
103.4328,169307
103.4369,169425
103.4410,169626
103.4451,169016
103.4492,168987
103.4533,169221
103.4574,169327
103.4619,169038
103.4659,168142
103.4660,169416
103.4697,169390
103.4738,169444
103.4779,169577
103.4820,168863
103.4861,169123
103.4902,169037
103.4944,169070
103.4984,169259
103.5025,168276
103.5067,169416
103.5108,169149
103.5149,169225
103.5190,169535
103.5230,168824
103.5272,169169
103.5312,169146
103.5354,168896
103.5394,169194
103.5437,168919
103.5476,169162
103.5517,169543
103.5558,168981
103.5599,168806
103.5640,169118
103.5681,169009
103.5722,169661
103.5763,169231
103.5804,168799
103.5845,169163
103.5886,169457
103.5928,169440
103.5929,169167
103.5968,168536
103.6009,169487
103.6049,169393
103.6090,169003
103.6132,169023
103.6173,168871
103.6214,170071
103.6254,169623
103.6295,169077
103.6336,169208
103.6377,168742
103.6418,169605
103.6458,168950
103.6499,169125
103.6541,169025
103.6582,168404
103.6623,169851
103.6664,169376
103.6705,169020
103.6746,169064
103.6787,168079
103.6827,170062
103.6868,169055
103.6909,168868
103.6950,168904
103.6991,168147
103.7032,170905
103.7073,168831
103.7114,169161
103.7156,168469
103.7198,168415
103.7198,170082
103.7237,168185
103.7278,169744
103.7320,169335
103.7361,168341
103.7401,170250
103.7442,168377
103.7482,169398
103.7523,168961
103.7565,168997
103.7605,170721
103.7646,168117
103.7687,168952
103.7728,168908
103.7769,168315
103.7810,170039
103.7851,168402
103.7892,169525
103.7933,169247
103.7974,168706
103.8015,170296
103.8056,168245
103.8097,169356
103.8138,169089
103.8179,168833
103.8220,169705
103.8260,168098
103.8301,169292
103.8343,169174
103.8384,169003
103.8429,169633
103.8470,168081
103.8470,169426
103.8507,168971
103.8548,168780
103.8589,169468
103.8630,167904
103.8671,168959
103.8712,169659
103.8753,169005
103.8794,170376
103.8835,168364
103.8876,169094
103.8916,169092
103.8958,169259
103.8998,169728
103.9040,168523
103.9081,169226
103.9122,169502
103.9162,169529
103.9204,169275
103.9245,168192
103.9285,169249
103.9326,169412
103.9367,169150
103.9408,169623
103.9449,168699
103.9490,168689
103.9531,169741
103.9572,169374
103.9613,169677
103.9654,168350
103.9697,169379
103.9735,169288
103.9736,168916
103.9777,169461
103.9818,168378
103.9859,169427
103.9900,169683
103.9941,169309
103.9982,169397
104.0023,169182
104.0064,168946
104.0105,169080
104.0146,169006
104.0187,168977
104.0228,168553
104.0268,169402
104.0309,169459
104.0350,169346
104.0391,169110
104.0432,168984
104.0473,169695
104.0514,169600
104.0555,168689
104.0596,168690
104.0637,169260
104.0678,169342
104.0719,169225
104.0760,169179
104.0801,168646
104.0841,169048
104.0883,169294
104.0924,169091
104.0966,168611
104.1006,169078
104.1046,169742
104.1048,169321
104.1087,169255
104.1128,168918
104.1168,168566
104.1210,169275
104.1251,169274
104.1292,169636
104.1333,169000
104.1374,168535
104.1415,169655
104.1456,169295
104.1496,169325
104.1537,169365
104.1578,168621
104.1619,169491
104.1660,168721
104.1701,168907
104.1742,168828
104.1783,168401
104.1824,169517
104.1865,169032
104.1906,169468
104.1947,169503
104.1988,168471
104.2029,170419
104.2073,168655
104.2111,169651
104.2153,168916
104.2194,168254
104.2235,170176
104.2275,169214
104.2318,169288
104.2319,168622
104.2357,168867
104.2397,170041
104.2439,168480
104.2480,169643
104.2521,169073
104.2562,168645
104.2602,170025
104.2644,168647
104.2685,169603
104.2726,169135
104.2767,168543
104.2808,169961
104.2849,168447
104.2890,169314
104.2931,169569
104.2972,168457
104.3012,169871
104.3054,169020
104.3095,169187
104.3136,169374
104.3177,169308
104.3218,169935
104.3259,168161
104.3300,169810
104.3340,169539
104.3381,169121
104.3421,169618
104.3464,168373
104.3505,168850
104.3547,168879
104.3587,169093
104.3588,170270
104.3627,168174
104.3668,169491
104.3709,169621
104.3750,169363
104.3791,169561
104.3832,168377
104.3873,168642
104.3914,169400
104.3955,168807
104.3995,169903
104.4036,168374
104.4078,169580
104.4119,169108
104.4160,169729
104.4200,169844
104.4241,168521
104.4282,169409
104.4323,169192
104.4363,169209
104.4405,169594
104.4446,168180
104.4486,168968
104.4527,169285
104.4568,169609
104.4609,169270
104.4650,168080
104.4691,168808
104.4733,169231
104.4774,169220
104.4816,169833
104.4855,168317
104.4856,169120
104.4896,169680
104.4937,169526
104.4978,169472
104.5019,168649
104.5061,169613
104.5102,169620
104.5143,169851
104.5184,169181
104.5224,169063
104.5265,169434
104.5306,169761
104.5347,169216
104.5388,169035
104.5429,168687
104.5470,169501
104.5511,169806
104.5552,169829
104.5593,169365
104.5634,168754
104.5674,169037
104.5715,169501
104.5757,169288
104.5798,168022
104.5839,169452
104.5880,169572
104.5921,169527
104.5962,169224
104.6003,168978
104.6046,169257
104.6084,169471
104.6125,169695
104.6126,169606
104.6166,168566
104.6206,169557
104.6247,169494
104.6289,169427
104.6329,169330
104.6370,168737
104.6411,169649
104.6452,169352
104.6493,169657
104.6534,169710
104.6576,168707
104.6617,169921
104.6657,169264
104.6699,169210
104.6740,169413
104.6781,168874
104.6822,170723
104.6863,169188
104.6904,169506
104.6945,169601
104.6986,168292
104.7026,170202
104.7067,169650
104.7109,169465
104.7150,169471
104.7191,168882
104.7230,170354
104.7271,169325
104.7314,169955
104.7355,169442
104.7396,168750
104.7396,170376
104.7435,168507
104.7476,169601
104.7517,169313
104.7558,168794
104.7600,170339
104.7641,168402
104.7682,169372
104.7723,169449
104.7764,168442
104.7804,169795
104.7846,168834
104.7887,169545
104.7928,169260
104.7969,168793
104.8010,169983
104.8051,168051
104.8091,169719
104.8132,169595
104.8174,169277
104.8215,170701
104.8256,168666
104.8298,169632
104.8338,169548
104.8379,169140
104.8418,169875
104.8460,168312
104.8502,169262
104.8543,169824
104.8584,169486
104.8625,170545
104.8666,168578
104.8666,169231
104.8706,169319
104.8746,169000
104.8787,169838
104.8828,168360
104.8869,169581
104.8910,169208
104.8952,169269
104.8995,169420
104.9034,168170
104.9075,169754
104.9116,169298
104.9158,169372
104.9198,169535
104.9239,168902
104.9280,169665
104.9320,169079
104.9361,169257
104.9401,169365
104.9442,168399
104.9483,169510
104.9524,169923
104.9565,169224
104.9607,169315
104.9647,168664
104.9688,169582
104.9729,169486
104.9770,169906
104.9811,169515
104.9853,169061
104.9893,169131
104.9936,169979
104.9936,169250
104.9975,169265
105.0016,168871
105.0057,169984
105.0098,169250
105.0147,169884
105.0185,169451
105.0234,169580
105.0266,169825
105.0307,169289
105.0343,169123
105.0384,169101
105.0425,168704
105.0476,169534
105.0507,169092
105.0548,169575
105.0595,169012
105.0634,169341
105.0671,169632
105.0712,169341
105.0754,169672
105.0794,168691
105.0844,168782
105.0879,169055
105.0918,169518
105.0960,169626
105.1000,168542
105.1040,169208
105.1081,168956
105.1131,169583
105.1164,169619
105.1204,168658
105.1205,169683
105.1245,169517
105.1286,170125
105.1327,169567
105.1367,168606
105.1410,169926
105.1456,169469
105.1492,169462
105.1531,169954
105.1574,168617
105.1616,169860
105.1657,169338
105.1695,169888
105.1736,169260
105.1778,169043
105.1829,170342
105.1859,169574
105.1900,169494
105.1944,169452
105.1984,168495
105.2024,170281
105.2064,169711
105.2114,169459
105.2146,170051
105.2187,168507
105.2227,170447
105.2279,168585
105.2316,169561
105.2352,169832
105.2392,168598
105.2438,170196
105.2475,168798
105.2476,169366
105.2514,169731
105.2555,168697
105.2597,170468
105.2642,168487
105.2683,169327
105.2725,170127
105.2760,168175
105.2801,170387
105.2845,168655
105.2884,169641
105.2924,169213
105.2969,169214
105.3010,169976
105.3048,168756
105.3090,169415
105.3130,169495
105.3176,168805
105.3213,169841
105.3252,167962
105.3296,169719
105.3345,169629
105.3374,168982
105.3415,169934
105.3459,168249
105.3508,169465
105.3538,168759
105.3580,168870
105.3627,169674
105.3668,168164
105.3704,169414
105.3744,168953
105.3784,168242
105.3785,169797
105.3825,167819
105.3866,169677
105.3908,169148
105.3952,169334
105.3991,170020
105.4030,168593
105.4072,169647
105.4126,169210
105.4153,169012
105.4193,169917
105.4235,168525
105.4285,169492
105.4316,169927
105.4357,169544
105.4399,169733
105.4454,168356
105.4480,169424
105.4521,169579
105.4562,169752
105.4607,169119
105.4644,168891
105.4685,169196
105.4726,169297
105.4768,169545
105.4809,169651
105.4849,168623
105.4890,169361
105.4940,169147
105.4972,169648
105.5014,169351
105.5055,168673
105.5057,169562
105.5095,169694
105.5139,169139
105.5177,169308
105.5218,168971
105.5265,168842
105.5300,169516
105.5341,169354
105.5381,168933
105.5426,168824
105.5473,169834
105.5506,169415
105.5545,169404
105.5590,168401
105.5634,169168
105.5672,169091
105.5710,169249
105.5751,169531
105.5797,168921
105.5832,168700
105.5873,169693
105.5914,169951
105.5959,169577
105.5997,168737
105.6038,169483
105.6078,169290
105.6128,168877
105.6160,168881
105.6201,168636
105.6244,169045
105.6283,169294
105.6324,169158
105.6325,169873
105.6364,168993
105.6406,169077
105.6452,169524
105.6488,169365
105.6528,168958
105.6571,168662
105.6610,170033
105.6651,169367
105.6692,169383
105.6738,169441
105.6780,168726
105.6815,169626
105.6856,168708
105.6897,169590
105.6946,169593
105.6981,168463
105.7021,169473
105.7061,168633
105.7109,168860
105.7143,169530
105.7184,168523
105.7224,169961
105.7269,169737
105.7307,169331
105.7348,169398
105.7388,168127
105.7436,170106
105.7471,168420
105.7512,168956
105.7554,169298
105.7594,168378
105.7598,170406
105.7634,168752
105.7675,169649
105.7716,169118
105.7762,168814
105.7799,170172
105.7839,168420
105.7880,169007
105.7928,169558
105.7962,168805
105.8003,169365
105.8044,168044
105.8092,169601
105.8126,169469
105.8166,168826
105.8208,169866
105.8249,167730
105.8296,169627
105.8330,168919
105.8371,168270
105.8412,169735
105.8453,168481
105.8494,169618
105.8535,169873
105.8577,169132
105.8618,170245
105.8658,168235
105.8699,169811
105.8740,169296
105.8784,168374
105.8823,169874
105.8865,168571
105.8866,169026
105.8904,169236
105.8945,168995
105.8985,169894
105.9027,168305
105.9068,168609
105.9109,169454
105.9151,168923
105.9190,170132
105.9232,168263
105.9273,169192
105.9314,169420
105.9355,169276
105.9396,169981
105.9437,168563
105.9478,169423
105.9519,169812
105.9559,169310
105.9600,169396
105.9642,169091
105.9682,169122
105.9724,169491
105.9765,168888
105.9806,169111
105.9847,168853
105.9886,169583
105.9929,169269
105.9969,168747
106.0011,168849
106.0052,168440
106.0093,169255
106.0135,169543
106.0136,169514
106.0175,169204
106.0215,168384
106.0257,168920
106.0297,168674
106.0338,169289
106.0379,168852
106.0419,168993
106.0460,169592
106.0502,169575
106.0543,169302
106.0584,168942
106.0624,168850
106.0665,168975
106.0706,169684
106.0748,169777
106.0788,168905
106.0829,169315
106.0871,168816
106.0911,169198
106.0953,169863
106.0995,168024
106.1035,169078
106.1074,169424
106.1117,169859
106.1156,169083
106.1198,168824
106.1239,169489
106.1280,169227
106.1321,169894
106.1364,169211
106.1406,168765
106.1407,169677
106.1444,169048
106.1485,169300
106.1526,169307
106.1567,168342
106.1607,169224
106.1649,169649
106.1689,168976
106.1731,168993
106.1772,168306
106.1813,169990
106.1854,168747
106.1894,169523
106.1936,169381
106.1977,167952
106.2017,170807
106.2058,169323
106.2099,169113
106.2140,169302
106.2181,168569
106.2222,170204
106.2263,169132
106.2305,169273
106.2345,169527
106.2385,168432
106.2427,170287
106.2467,168971
106.2509,169404
106.2549,169321
106.2591,168399
106.2632,170427
106.2672,168414
106.2673,169176
106.2713,169383
106.2754,168987
106.2796,170316
106.2837,168431
106.2878,169293
106.2918,169403
106.2965,168805
106.3001,170639
106.3042,169124
106.3083,169478
106.3123,169534
106.3165,168650
106.3205,170125
106.3246,168237
106.3287,169764
106.3329,169093
106.3369,168698
106.3410,169967
106.3450,167983
106.3492,169971
106.3533,169150
106.3574,169010
106.3615,170109
106.3656,168661
106.3697,169827
106.3737,169430
106.3777,169098
106.3819,169881
106.3860,168310
106.3903,169417
106.3944,169627
106.3945,168782
106.3984,170006
106.4024,168486
106.4065,169276
106.4106,169311
106.4147,168714
106.4188,169711
106.4230,167979
106.4269,168948
106.4310,169054
106.4351,168899
106.4392,169472
106.4433,168207
106.4474,169365
106.4515,169250
106.4557,169381
106.4597,169769
106.4638,168570
106.4679,169457
106.4720,169295
106.4761,169689
106.4802,169475
106.4843,168640
106.4884,169511
106.4926,169961
106.4968,169499
106.5007,169420
106.5048,169182
106.5089,169521
106.5131,169310
106.5171,169583
106.5212,169431
106.5212,168719
106.5253,169184
106.5294,169559
106.5334,169164
106.5375,169570
106.5417,168954
106.5457,169299
106.5499,169777
106.5540,169387
106.5581,169206
106.5622,168782
106.5663,169285
106.5705,168763
106.5744,169854
106.5785,169122
106.5826,168599
106.5866,169267
106.5907,168920
106.5949,169454
106.5990,168541
106.6030,169372
106.6071,169153
106.6112,169421
106.6153,168903
106.6194,168346
106.6235,169446
106.6276,168784
106.6317,168824
106.6358,169348
106.6399,168337
106.6445,169536
106.6485,169046
106.6486,169408
106.6523,169320
106.6564,168104
106.6605,169461
106.6647,169283
106.6687,169250
106.6728,169080
106.6769,168682
106.6809,169796
106.6850,169272
106.6892,169250
106.6932,169575
106.6974,168051
106.7015,170190
106.7054,168759
106.7097,169319
106.7137,169216
106.7178,168066
106.7218,170156
106.7260,168675
106.7301,169303
106.7342,169325
106.7382,168591
106.7424,170009
106.7464,168977
106.7506,169501
106.7547,169426
106.7588,168340
106.7629,170421
106.7670,168851
106.7713,169100
106.7751,169380
106.7752,168386
106.7793,170626
106.7834,168314
106.7874,169424
106.7916,168860
106.7956,168634
106.7997,170129
106.8038,168306
106.8079,169293
106.8120,169061
106.8161,168826
106.8202,170364
106.8243,167840
106.8284,169260
106.8325,169498
106.8366,168630
106.8407,169890
106.8448,168630
106.8489,169358
106.8530,168868
106.8571,168805
106.8612,169635
106.8653,167963
106.8694,169411
106.8735,169575
106.8776,168451
106.8816,169728
106.8857,168047
106.8898,169052
106.8939,168982
106.8982,169342
106.9023,170108
106.9063,168287
106.9064,169660
106.9103,168975
106.9144,169573
106.9185,169524
106.9226,168165
106.9267,169040
106.9308,169004
106.9349,168767
106.9390,169245
106.9431,168600
106.9471,169245
106.9512,169506
106.9553,168800
106.9594,169627
106.9635,168149
106.9677,169452
106.9717,169085
106.9758,169556
106.9798,169351
106.9840,168613
106.9881,168864
106.9923,169321
106.9963,168924
107.0003,169941
107.0045,168326
107.0085,169487
107.0126,169240
107.0167,168981
107.0208,169967
107.0252,168392
107.0293,169320
107.0334,169255
107.0335,169015
107.0372,169404
107.0413,168656
107.0454,169469
107.0495,168998
107.0536,169574
107.0577,168314
107.0618,169188
107.0659,169446
107.0700,169021
107.0741,169650
107.0781,169011
107.0823,168947
107.0864,169567
107.0904,169757
107.0945,169449
107.0986,168800
107.1027,169018
107.1068,169330
107.1110,169577
107.1150,168746
107.1192,168770
107.1232,169378
107.1273,169349
107.1314,169087
107.1355,168869
107.1396,168735
107.1437,169415
107.1478,169970
107.1522,169204
107.1563,169022
107.1604,168626
107.1605,169737
107.1642,169693
107.1685,169485
107.1724,169562
107.1765,168346
107.1807,169541
107.1848,169236
107.1888,169508
107.1930,168899
107.1971,168329
107.2012,169950
107.2052,169427
107.2093,169298
107.2134,169676
107.2175,168600
107.2216,170195
107.2259,168850
107.2297,169346
107.2338,169828
107.2381,168431
107.2421,169940
107.2463,168527
107.2502,169558
107.2543,169523
107.2584,168963
107.2625,170148
107.2666,168534
107.2708,169965
107.2749,169718
107.2790,168893
107.2831,170068
107.2872,168789
107.2873,169715
107.2912,169244
107.2954,168600
107.2994,170177
107.3036,168458
107.3077,169188
107.3117,169321
107.3158,168267
107.3198,169808
107.3240,168539
107.3280,169323
107.3321,170118
107.3363,168815
107.3403,169878
107.3469,168945
107.3485,169250
107.3526,169254
107.3567,168936
107.3608,169631
107.3649,168464
107.3690,169478
107.3731,169099
107.3772,168548
107.3813,169928
107.3854,168520
107.3895,169748
107.3935,169985
107.3976,168848
107.4017,170006
107.4058,168882
107.4103,168860
107.4144,168967
107.4145,169276
107.4182,169281
107.4223,168290
107.4264,169529
107.4307,170000
107.4346,170126
107.4387,169864
107.4428,169023
107.4469,169772
107.4510,170054
107.4550,169511
107.4592,169773
107.4633,169208
107.4673,169363
107.4714,169451
107.4756,169104
107.4796,169755
107.4838,168708
107.4877,169588
107.4919,169169
107.4960,169643
107.5001,169238
107.5042,168959
107.5083,169425
107.5124,169390
107.5165,169637
107.5206,169292
107.5247,168498
107.5287,169399
107.5329,169231
107.5372,169361
107.5412,169217
107.5413,168524
107.5452,169637
107.5492,169975
107.5533,168881
107.5574,168700
107.5616,169457
107.5657,169246
107.5697,169476
107.5738,169156
107.5779,168929
107.5820,168987
107.5861,169525
107.5902,169196
107.5943,169511
107.5983,168510
107.6025,168756
107.6066,169455
107.6107,169390
107.6148,168892
107.6190,168381
107.6230,169483
107.6271,169435
107.6312,169068
107.6353,169273
107.6394,168276
107.6435,169452
107.6475,169430
107.6517,170044
107.6558,169219
107.6599,168489
107.6640,169845
107.6681,169606
107.6681,169518
107.6722,169530
107.6763,168684
107.6804,170084
107.6845,168911
107.6884,169720
107.6926,169724
107.6967,168971
107.7008,170680
107.7049,169015
107.7090,169373
107.7131,169267
107.7172,168506
107.7213,170476
107.7254,169187
107.7294,169521
107.7336,169894
107.7376,168092
107.7417,169964
107.7459,169106
107.7500,169351
107.7541,169523
107.7582,169245
107.7623,170651
107.7664,168512
107.7705,169270
107.7746,169376
107.7787,168752
107.7828,170215
107.7869,168682
107.7912,169133
107.7950,169728
107.7951,168554
107.7991,170559
107.8032,168567
107.8073,169302
107.8114,169013
107.8155,168966
107.8196,170166
107.8237,168219
107.8277,169422
107.8318,169057
107.8360,168787
107.8401,170048
107.8442,167824
107.8484,168934
107.8524,169738
107.8565,168810
107.8606,170197
107.8647,168442
107.8687,169318
107.8728,169662
107.8769,169235
107.8810,170318
107.8851,168399
107.8892,169473
107.8934,169457
107.8974,169652
107.9015,169498
107.9057,168426
107.9097,169640
107.9138,169816
107.9181,169189
107.9221,169758
107.9222,168581
107.9261,169569
107.9302,170030
107.9343,168999
107.9384,169576
107.9425,168721
107.9466,169791
107.9507,169289
107.9547,169618
107.9589,169509
107.9630,168314
107.9671,169060
107.9711,169389
107.9753,169661
107.9794,170189
107.9835,168372
107.9874,169830
107.9916,169178
107.9956,169124
107.9998,169491
108.0040,168920
108.0080,169158
108.0121,169565
108.0162,169171
108.0203,169385
108.0244,168913
108.0285,169445
108.0326,169341
108.0367,169564
108.0409,169449
108.0450,168978
108.0491,169193
108.0492,169491
108.0531,169757
108.0572,169450
108.0613,169676
108.0654,169781
108.0695,169483
108.0735,169289
108.0777,169083
108.0817,168907
108.0858,169996
108.0899,169113
108.0940,169359
108.0981,168653
108.1022,169590
108.1063,169322
108.1105,169502
108.1145,169807
108.1185,168369
108.1226,169661
108.1267,169516
108.1308,169527
108.1350,169141
108.1391,168815
108.1432,169368
108.1473,169850
108.1514,168751
108.1555,169240
108.1596,168561
108.1636,169976
108.1678,169560
108.1721,169646
108.1761,169117
108.1762,168621
108.1801,169858
108.1844,168823
108.1882,169350
108.1923,169565
108.1963,168732
108.2004,169883
108.2045,169147
108.2087,169514
108.2128,169605
108.2169,168356
108.2209,170424
108.2251,168870
108.2292,169349
108.2333,169435
108.2373,168125
108.2415,170277
108.2456,168609
108.2497,169243
108.2538,169598
108.2579,168520
108.2620,170353
108.2660,168681
108.2702,169404
108.2742,168825
108.2784,168813
108.2825,170231
108.2865,168701
108.2906,169856
108.2947,169290
108.2990,168666
108.3031,170374
108.3031,168271
108.3071,169024
108.3111,169299
108.3152,168622
108.3193,170104
108.3234,168461
108.3275,169699
108.3316,169665
108.3357,169063
108.3398,170742
108.3438,168346
108.3479,169373
108.3520,169262
108.3561,168929
108.3602,169710
108.3644,168644
108.3684,169474
108.3726,169371
108.3766,169307
108.3808,170187
108.3848,168193
108.3889,169005
108.3930,169656
108.3971,168956
108.4012,169768
108.4053,168565
108.4094,169461
108.4135,169749
108.4176,169023
108.4216,169504
108.4260,168750
108.4300,169660
108.4341,169709
108.4342,168990
108.4381,169586
108.4421,169042
108.4462,169295
108.4503,169477
108.4545,169193
108.4585,170081
108.4627,168597
108.4668,169355
108.4707,169409
108.4749,169103
108.4791,169383
108.4831,168488
108.4871,169475
108.4913,169453
108.4954,169375
108.4995,170252
108.5036,168814
108.5077,169726
108.5118,169282
108.5159,169419
108.5200,169316
108.5241,168786
108.5282,169477
108.5322,169810
108.5364,169245
108.5405,169020
108.5446,169011
108.5487,169228
108.5529,169602
108.5570,169550
108.5610,169720
108.5611,169051
108.5651,169291
108.5692,169374
108.5733,169260
108.5774,169091
108.5817,169694
108.5856,169469
108.5896,169476
108.5937,169552
108.5977,168678
108.6018,169350
108.6059,169659
108.6100,168873
108.6141,169197
108.6182,168901
108.6223,169579
108.6264,168732
108.6305,169207
108.6346,169066
108.6387,168100
108.6428,169322
108.6469,170298
108.6510,169302
108.6551,168940
108.6593,168404
108.6633,169510
108.6675,169259
108.6716,169508
108.6757,169257
108.6798,168616
108.6841,170285
108.6881,168922
108.6882,169659
108.6920,168969
108.6961,168497
108.7002,170190
108.7042,168970
108.7085,168929
108.7125,169639
108.7166,168684
108.7207,170357
108.7248,169041
108.7289,169471
108.7330,169175
108.7370,168685
108.7412,169964
108.7452,168663
108.7494,169553
108.7536,169144
108.7576,168325
108.7617,170400
108.7658,169197
108.7698,169756
108.7740,169361
108.7781,168284
108.7821,170378
108.7862,168684
108.7903,169073
108.7943,169191
108.7985,168721
108.8026,170275
108.8067,168408
108.8107,169585
108.8149,169136
108.8149,168584
108.8189,170847
108.8231,168273
108.8272,169533
108.8313,169379
108.8354,168263
108.8395,169990
108.8436,168167
108.8478,169752
108.8517,169358
108.8558,168787
108.8599,169950
108.8640,168810
108.8681,169402
108.8722,169306
108.8764,168872
108.8804,169762
108.8845,167791
108.8886,169274
108.8928,169045
108.8967,169173
108.9008,169941
108.9050,168719
108.9090,168965
108.9131,169110
108.9172,168921
108.9213,169614
108.9254,168475
108.9295,169303
108.9336,169483
108.9380,169361
108.9420,169600
108.9421,168754
108.9460,168863
108.9501,169447
108.9541,169372
108.9583,169625
108.9624,168324
108.9664,169924
108.9705,168852
108.9746,169023
108.9787,169518
108.9828,168605
108.9868,169487
108.9910,169497
108.9951,168824
108.9992,169390
109.0033,168299
109.0074,169397
109.0115,169510
109.0155,169708
109.0196,169637
109.0238,168283
109.0279,169437
109.0320,169478
109.0361,169273
109.0401,169304
109.0443,168743
109.0484,169181
109.0525,169271
109.0566,169591
109.0607,169305
109.0649,169265
109.0687,169148
109.0688,169433
109.0729,168826
109.0770,169211
109.0811,169284
109.0852,169300
109.0894,169343
109.0934,169601
109.0976,168920
109.1016,169029
109.1059,169779
109.1099,169614
109.1140,169040
109.1180,168570
109.1220,169609
109.1261,169245
109.1303,169382
109.1344,169409
109.1385,168556
109.1426,169181
109.1467,169908
109.1508,169320
109.1549,169028
109.1589,168602
109.1630,169645
109.1671,169069
109.1712,169535
109.1753,168926
109.1795,168562
109.1836,169884
109.1877,169551
109.1919,169153
109.1960,169430
109.1960,168557
109.1999,170374
109.2040,169495
109.2081,169692
109.2121,169897
109.2163,168501
109.2203,170554
109.2245,168720
109.2286,169843
109.2326,169403
109.2367,168207
109.2409,170012
109.2450,169151
109.2491,169877
109.2532,169456
109.2573,168640
109.2614,170601
109.2654,169175
109.2695,169682
109.2736,169840
109.2777,168617
109.2818,170635
109.2859,168346
109.2900,169116
109.2941,169323
109.2982,169189
109.3023,170438
109.3064,168237
109.3105,169638
109.3145,169509
109.3189,168327
109.3229,170159
109.3230,168209
109.3269,169944
109.3310,169025
109.3351,168710
109.3392,170385
109.3433,168759
109.3473,169440
109.3514,169464
109.3555,169241
109.3596,170186
109.3638,168318
109.3678,169391
109.3719,169507
109.3760,168903
109.3801,170231
109.3842,168637
109.3884,169233
109.3924,169071
109.3965,169203
109.4005,170402
109.4047,168780
109.4088,169567
109.4129,169107
109.4170,169215
109.4210,169989
109.4251,168559
109.4292,169552
109.4334,169137
109.4375,169038
109.4416,169933
109.4459,168341
109.4499,169916
109.4500,169421
109.4539,169986
109.4581,169307
109.4620,169132
109.4660,169583
109.4702,169516
109.4743,169470
109.4783,169186
109.4824,168675
109.4865,169347
109.4907,169290
109.4948,169290
109.4989,169444
109.5031,168727
109.5071,168675
109.5112,169350
109.5154,169432
109.5194,169598
109.5235,168839
109.5276,169407
109.5317,169793
109.5357,169980
109.5399,169926
109.5439,169237
109.5481,169541
109.5522,169612
109.5563,169176
109.5604,168903
109.5645,169307
109.5686,169579
109.5729,169450
109.5769,169655
109.5770,168466
109.5808,169393
109.5849,169590
109.5890,169427
109.5931,169107
109.5972,168882
109.6013,168750
109.6054,169980
109.6095,169518
109.6136,169149
109.6177,169064
109.6218,169692
109.6259,168986
109.6300,169831
109.6341,169635
109.6382,168675
109.6423,170114
109.6463,169889
109.6504,169573
109.6545,169695
109.6586,168698
109.6627,169859
109.6668,169570
109.6709,169494
109.6750,169680
109.6791,169090
109.6832,170032
109.6874,169509
109.6913,169818
109.6955,169681
109.6998,168917
109.7037,170130
109.7079,169674
109.7080,169968
109.7119,169567
109.7160,168583
109.7201,170172
109.7242,169748
109.7283,169702
109.7324,169308
109.7365,168843
109.7406,170046
109.7447,169107
109.7488,169407
109.7529,169622
109.7569,168551
109.7610,170353
109.7651,168956
109.7692,169841
109.7734,169525
109.7774,168399
109.7815,170082
109.7856,168636
109.7897,169518
109.7937,169873
109.7979,168503
109.8020,170237
109.8061,168597
109.8102,169547
109.8143,169813
109.8184,169022
109.8225,169706
109.8266,168746
109.8309,169631
109.8349,169606
109.8350,168733
109.8389,170133
109.8429,168391
109.8470,170047
109.8511,169684
109.8552,169122
109.8594,169975
109.8634,168904
109.8675,169653
109.8716,169439
109.8758,169260
109.8798,170758
109.8839,168947
109.8880,169092
109.8920,169816
109.8962,168650
109.9003,169981
109.9044,168481
109.9085,169841
109.9126,170269
109.9167,169366
109.9207,169889
109.9248,168850
109.9289,169827
109.9331,170331
109.9372,169375
109.9413,169969
109.9454,168460
109.9495,169712
109.9537,169826
109.9578,169219
109.9616,169743
109.9617,168797
109.9657,169916
109.9698,169571
109.9740,169853
109.9780,170126
109.9821,169257
109.9862,169692
109.9903,169755
109.9944,170019
109.9985,169968
110.0026,169289
110.0067,169464
110.0108,169515
110.0149,169206
110.0190,169690
110.0231,168915
110.0272,169327
110.0313,169156
110.0355,169565
110.0396,169812
110.0436,168820
110.0478,169999
110.0519,169568
110.0559,169224
110.0600,169737
110.0641,168958
110.0683,169601
110.0724,169605
110.0766,169355
110.0805,169295
110.0848,169167
110.0888,169778
110.0889,169301
110.0928,169555
110.0969,168978
110.1010,168992
110.1051,169223
110.1092,169435
110.1133,170126
110.1174,169254
110.1214,169552
110.1255,169751
110.1296,169433
110.1338,169645
110.1379,168548
110.1420,169184
110.1461,169409
110.1502,169614
110.1542,168896
110.1584,168821
110.1624,170180
110.1665,169086
110.1706,169477
110.1747,168941
110.1788,168677
110.1830,170074
110.1870,169554
110.1912,168838
110.1952,168586
110.1993,168524
110.2033,170336
110.2077,169040
110.2116,169299
110.2158,169048
110.2159,168707
110.2197,170436
110.2239,168602
110.2280,169357
110.2321,169255
110.2361,169354
110.2403,170508
110.2444,169712
110.2485,169270
110.2526,169798
110.2567,168996
110.2607,170351
110.2648,169070
110.2689,169578
110.2730,169135
110.2771,169125
110.2812,170392
110.2853,169299
110.2894,169677
110.2935,169493
110.2976,168648
110.3017,170412
110.3058,168778
110.3099,169770
110.3140,169594
110.3182,168835
110.3222,170721
110.3263,168331
110.3304,169778
110.3346,169569
110.3386,168986
110.3427,170195
110.3428,168790
110.3468,169339
110.3509,169555
110.3549,168688
110.3590,169771
110.3631,168405
110.3672,169522
110.3713,169471
110.3754,169056
110.3795,170311
110.3836,168642
110.3877,169723
110.3918,169781
110.3959,169168
110.4000,170401
110.4041,168894
110.4081,169595
110.4122,169901
110.4164,169865
110.4205,169940
110.4246,168425
110.4287,169503
110.4327,169497
110.4368,169098
110.4409,169651
110.4450,168599
110.4491,169632
110.4532,169278
110.4573,169341
110.4615,169749
110.4656,168943
110.4696,169716
110.4696,169451
110.4737,168854
110.4778,169742
110.4819,168933
110.4859,169598
110.4901,169287
110.4942,169148
110.4983,169399
110.5024,168978
110.5065,169308
110.5106,169242
110.5147,169619
110.5187,169913
110.5228,168525
110.5270,169650
110.5311,169460
110.5351,169321
110.5392,168989
110.5434,168918
110.5474,169270
110.5515,169408
110.5556,169479
110.5597,169218
110.5638,169641
110.5679,168978
110.5720,169242
110.5761,169145
110.5802,168926
110.5843,169421
110.5884,169826
110.5925,169330
110.5967,169921
110.5968,169167
110.6007,169972
110.6049,169727
110.6089,169448
110.6130,169487
110.6170,169191
110.6212,169154
110.6253,169186
110.6294,170095
110.6335,169327
110.6376,169203
110.6416,169853
110.6457,169518
110.6499,169637
110.6539,169796
110.6580,168311
110.6621,169615
110.6662,169089
110.6704,169197
110.6744,169259
110.6784,168510
110.6826,169841
110.6867,169323
110.6907,169539
110.6948,169529
110.6989,168885
110.7030,169948
110.7072,169534
110.7112,169610
110.7153,169554
110.7195,168637
110.7237,170083
110.7238,169110
110.7277,169522
110.7318,168988
110.7358,168476
110.7399,170342
110.7440,169391
110.7482,169513
110.7523,169578
110.7564,169270
110.7604,170095
110.7645,169564
110.7687,169345
110.7727,168985
110.7767,168993
110.7809,170754
110.7849,168833
110.7890,169694
110.7931,169790
110.7972,168927
110.8013,169961
110.8054,168718
110.8095,169489
110.8136,169447
110.8177,168811
110.8218,170149
110.8259,168248
110.8300,169460
110.8341,169540
110.8383,169064
110.8423,170566
110.8467,168255
110.8506,169051
110.8548,169255
110.8549,168948
110.8587,170400
110.8628,168625
110.8669,169509
110.8710,169370
110.8751,168651
110.8791,169830
110.8833,168792
110.8873,169943
110.8915,169348
110.8956,169343
110.8997,169547
110.9038,168236
110.9079,169465
110.9120,169636
110.9161,168324
110.9202,170472
110.9243,168206
110.9284,169644
110.9325,169465
110.9366,168891
110.9407,169719
110.9447,168063
110.9489,169365
110.9530,170147
110.9570,168977
110.9611,169389
110.9652,168646
110.9693,168827
110.9735,169581
110.9776,169826
110.9817,170429
110.9818,168493
110.9856,169687
110.9898,168792
110.9939,169142
110.9981,169232
111.0020,168536
111.0061,169098
111.0102,169181
111.0143,169092
111.0185,169397
111.0226,169078
111.0266,169439
111.0308,170119
111.0348,169427
111.0389,169563
111.0430,169094
111.0471,169923
111.0513,169759
111.0554,169207
111.0594,168863
111.0635,168444
111.0676,169863
111.0717,169906
111.0758,169581
111.0799,169417
111.0839,168753
111.0880,169889
111.0922,169680
111.0963,169644
111.1005,168740
111.1046,169120
111.1087,169713
111.1087,169695
111.1127,168886
111.1168,168619
111.1209,169103
111.1249,169332
111.1289,169571
111.1330,169466
111.1372,168642
111.1413,169416
111.1455,169587
111.1495,169487
111.1536,169583
111.1577,169161
111.1618,169647
111.1658,169357
111.1700,169384
111.1741,169374
111.1782,168843
111.1823,170017
111.1864,169127
111.1905,169434
111.1946,169052
111.1987,168240
111.2028,169859
111.2069,169382
111.2109,169162
111.2150,169463
111.2191,169164
111.2233,170238
111.2275,169306
111.2316,169530
111.2355,169578
111.2355,168640
111.2397,170137
111.2438,168441
111.2478,169528
111.2520,169870
111.2560,168265
111.2601,170420
111.2642,168979
111.2684,169332
111.2724,169468
111.2765,168314
111.2806,170344
111.2847,168893
111.2888,169681
111.2929,169808
111.2970,168856
111.3011,169793
111.3051,169062
111.3093,169125
111.3133,169323
111.3174,168671
111.3216,169637
111.3256,168367
111.3297,169235
111.3338,169213
111.3380,168779
111.3420,170074
111.3461,168239
111.3503,169450
111.3544,169018
111.3586,168806
111.3625,170273
111.3626,168861
111.3666,168831
111.3706,169467
111.3747,168488
111.3788,170087
111.3829,168020
111.3870,168848
111.3911,169438
111.3952,169092
111.3994,169657
111.4035,168460
111.4076,169787
111.4117,169265
111.4158,168997
111.4199,169763
111.4240,168155
111.4281,169324
111.4322,169288
111.4363,169576
111.4404,169991
111.4444,168488
111.4486,169433
111.4526,169194
111.4567,169299
111.4608,169424
111.4649,168606
111.4689,169425
111.4731,169547
111.4772,169033
111.4813,169932
111.4856,168758
111.4897,170046
111.4897,169919
111.4935,169335
111.4976,169766
111.5017,168864
111.5058,169691
111.5099,169206
111.5141,168974
111.5182,170019
111.5223,168439
111.5263,169165
111.5304,169578
111.5347,169162
111.5387,169895
111.5426,168667
111.5468,169200
111.5509,169313
111.5550,169411
111.5591,168949
111.5632,168949
111.5674,169260
111.5714,169598
111.5755,169369
111.5796,169627
111.5837,169017
111.5878,169675
111.5919,169561
111.5960,169796
111.6001,168927
111.6042,169305
111.6083,170053
111.6126,168667
111.6166,169804
111.6166,169094
111.6206,169424
111.6247,170072
111.6288,169795
111.6329,169541
111.6370,169117
111.6411,169844
111.6452,169503
111.6492,168849
111.6534,169429
111.6574,168926
111.6615,169416
111.6656,169666
111.6697,169280
111.6738,169693
111.6779,168607
111.6820,169798
111.6860,169447
111.6902,169301
111.6943,170413
111.6984,168739
111.7024,170013
111.7066,169169
111.7107,169840
111.7148,170136
111.7188,168849
111.7231,169971
111.7271,169294
111.7311,169833
111.7352,169176
111.7395,168985
111.7436,170130
111.7437,168990
111.7475,169259
111.7517,169655
111.7557,168740
111.7598,170158
111.7639,168775
111.7680,169440
111.7721,169729
111.7762,168919
111.7803,170363
111.7844,168781
111.7884,170128
111.7925,169688
111.7966,169030
111.8007,170473
111.8048,169015
111.8089,169537
111.8130,169464
111.8171,168627
111.8212,170382
111.8253,169174
111.8294,169568
111.8335,169701
111.8376,168887
111.8416,170048
111.8457,168465
111.8499,170039
111.8539,169894
111.8580,169065
111.8622,170167
111.8665,168218
111.8706,169177
111.8707,169762
111.8744,169076
111.8785,170078
111.8826,168747
111.8867,169244
111.8908,169540
111.8949,168960
111.8990,170188
111.9031,168828
111.9072,169402
111.9113,169812
111.9154,169276
111.9195,170100
111.9237,168845
111.9277,169388
111.9318,169450
111.9360,169692
111.9400,169504
111.9441,168720
111.9482,169567
111.9524,169450
111.9565,169693
111.9606,169978
111.9646,168685
111.9686,169982
111.9727,169426
111.9768,169831
111.9809,170107
111.9852,168581
111.9892,169448
111.9934,169515
111.9975,169492
111.9976,169639
112.0015,169030
112.0056,169522
112.0097,169722
112.0138,169487
112.0178,169750
112.0220,168916
112.0261,169137
112.0301,169105
112.0342,169331
112.0384,169677
112.0424,168697
112.0466,169026
112.0506,169284
112.0547,169315
112.0588,169108
112.0629,168758
112.0670,169320
112.0711,169966
112.0752,169531
112.0793,168924
112.0834,169392
112.0874,169009
112.0916,169781
112.0957,169711
112.0997,169060
112.1039,169240
112.1080,169280
112.1121,169781
112.1162,169887
112.1203,169073
112.1243,169307
112.1284,169900
112.1285,169864
112.1325,169048
112.1367,168559
112.1408,169847
112.1448,169500
112.1490,169053
112.1530,169262
112.1571,169139
112.1612,169401
112.1654,169754
112.1694,169632
112.1736,169539
112.1776,168788
112.1817,169454
112.1858,169823
112.1899,169603
112.1939,169569
112.1981,168556
112.2021,169959
112.2063,169202
112.2104,169231
112.2145,169736
112.2186,168708
112.2226,170309
112.2268,168964
112.2308,169881
112.2349,169038
112.2390,168547
112.2431,169707
112.2474,168942
112.2517,169248
112.2557,169514
112.2558,169027
112.2595,170447
112.2636,169029
112.2676,169259
112.2717,169692
112.2758,169113
112.2799,170516
112.2840,168702
112.2881,168966
112.2922,170133
112.2963,168670
112.3004,169897
112.3046,168453
112.3087,169841
112.3128,169553
112.3170,168586
112.3209,170426
112.3250,168512
112.3291,169251
112.3331,169768
112.3374,169118
112.3413,170240
112.3454,168358
112.3496,169685
112.3536,169929
112.3578,169073
112.3619,170350
112.3660,168729
112.3701,169464
112.3745,169525
112.3785,169110
112.3825,170204
112.3826,168505
112.3864,169279
112.3905,169059
112.3946,168719
112.3987,170215
112.4029,168290
112.4070,169519
112.4111,169979
112.4152,169107
112.4195,170296
112.4234,168960
112.4275,169384
112.4315,169208
112.4357,169496
112.4424,169571
112.4438,168880
112.4484,169746
112.4520,169677
112.4566,168929
112.4601,169391
112.4642,168937
112.4683,169530
112.4744,169335
112.4767,169540
112.4806,169749
112.4847,168950
112.4891,169229
112.4929,169639
112.4970,169577
112.5013,169696
112.5059,168960
112.5093,169812
112.5094,169578
112.5134,169916
112.5175,169937
112.5234,168603
112.5258,169459
112.5297,169561
112.5338,169342
112.5391,169362
112.5420,169071
112.5461,169519
112.5503,169939
112.5557,169393
112.5586,169117
112.5625,168521
112.5666,170052
112.5722,169545
112.5749,170396
112.5792,169307
112.5831,169223
112.5874,169749
112.5915,169776
112.5953,169542
112.5994,168807
112.6035,169118
112.6084,170004
112.6117,169484
112.6158,169652
112.6199,168854
112.6243,169395
112.6282,169611
112.6323,169684
112.6365,169879
112.6365,168987
112.6408,169753
112.6450,169630
112.6485,169646
112.6527,169726
112.6570,168726
112.6608,170252
112.6649,169654
112.6690,169324
112.6738,169099
112.6778,168465
112.6813,169829
112.6856,169267
112.6900,168973
112.6942,169310
112.6977,168750
112.7018,169568
112.7064,169416
112.7100,169242
112.7141,169377
112.7182,168675
112.7228,170105
112.7265,168919
112.7305,169227
112.7346,169384
112.7388,168537
112.7427,170214
112.7468,168761
112.7509,169735
112.7560,169433
112.7593,168298
112.7634,170342
112.7635,169020
112.7673,169746
112.7728,169619
112.7756,168814
112.7796,170938
112.7837,168579
112.7896,169786
112.7922,169627
112.7960,168572
112.8001,170500
112.8057,168566
112.8087,169688
112.8123,169217
112.8165,169114
112.8228,170595
112.8253,168577
112.8288,169749
112.8328,169539
112.8370,168953
112.8411,170600
112.8460,168314
112.8494,169392
112.8534,169803
112.8579,168915
112.8616,170222
112.8656,168446
112.8697,169674
112.8742,169501
112.8780,168987
112.8821,170179
112.8865,168415
112.8905,169684
112.8915,169445
112.8944,169123
112.8984,169764
112.9026,168680
112.9070,169105
112.9107,169105
112.9148,168513
112.9189,170048
112.9231,168817
112.9272,169961
112.9313,169526
112.9353,169152
112.9401,170506
112.9435,168938
112.9475,169512
112.9516,169632
112.9568,169510
112.9598,169798
112.9639,168105
112.9681,169209
112.9725,170059
112.9762,169882
112.9803,169721
112.9844,168840
112.9899,169704
112.9927,169815
112.9968,169756
113.0008,169806
113.0059,168901
113.0090,169559
113.0133,169546
113.0175,169403
113.0224,169608
113.0237,168722
113.0257,169773
113.0296,169307
113.0337,170067
113.0393,169438
113.0424,168767
113.0458,169814
113.0499,170337
113.0560,169903
113.0586,169419
113.0626,169454
113.0663,169601
113.0718,169628
113.0751,169779
113.0786,169548
113.0827,169395
113.0890,169658
113.0910,169398
113.0953,169806
113.0992,169152
113.1033,169415
113.1080,169536
113.1117,169484
113.1156,169435
113.1196,169220
113.1238,169466
113.1279,169710
113.1318,169110
113.1360,169213
113.1402,169189
113.1443,169863
113.1483,169466
113.1484,169657
113.1524,169660
113.1575,168493
113.1606,169815
113.1646,169190
113.1687,169744
113.1733,169082
113.1778,168586
113.1810,169553
113.1851,169628
113.1894,170366
113.1937,169790
113.1974,169150
113.2015,169470
113.2062,169663
113.2099,169869
113.2138,169504
113.2180,168657
113.2236,170410
113.2271,169314
113.2302,169902
113.2343,169309
113.2391,168321
113.2424,170544
113.2465,169225
113.2506,169508
113.2555,169719
113.2589,168704
113.2629,170316
113.2671,169009
113.2714,169430
113.2754,169026
113.2755,168870
113.2793,170201
113.2834,168907
113.2884,168962
113.2919,169603
113.2957,169032
113.2998,170466
113.3051,168604
113.3082,169799
113.3121,168931
113.3161,168574
113.3216,170351
113.3246,168691
113.3286,169062
113.3326,169338
113.3383,168692
113.3408,170596
113.3448,168537
113.3489,169379
113.3531,169948
113.3574,168533
113.3613,169943
113.3653,168575
113.3694,169233
113.3740,169251
113.3776,169108
113.3817,170075
113.3858,168822
113.3899,169643
113.3942,169490
113.3981,168956
113.4023,170180
113.4024,168660
113.4068,169838
113.4104,169487
113.4144,168963
113.4186,170120
113.4229,168866
113.4268,169776
113.4309,169748
113.4350,169525
113.4392,170298
113.4431,168717
113.4473,169767
113.4513,169223
113.4559,169087
113.4597,169719
113.4637,168284
113.4677,169626
113.4720,169834
113.4759,169667
113.4800,170166
113.4841,168779
113.4897,169298
113.4928,169669
113.4965,169263
113.5006,169757
113.5048,168145
113.5087,169421
113.5127,169883
113.5169,169719
113.5228,169469
113.5252,168500
113.5292,169557
113.5293,169487
113.5333,169761
113.5393,169622
113.5418,168854
113.5455,169420
113.5496,169434
113.5555,169874
113.5579,169620
113.5619,168953
113.5660,169755
113.5720,169678
113.5752,169697
113.5783,169983
113.5824,169055
113.5873,169648
113.5911,169068
113.5948,169751
113.5989,168701
113.6029,168789
113.6074,169666
113.6112,169102
113.6152,169534
113.6193,168687
113.6238,169456
113.6275,169632
113.6315,169347
113.6357,169407
113.6403,168859
113.6438,169504
113.6480,169571
113.6522,169308
113.6562,169599
113.6567,168310
113.6604,169346
113.6644,169436
113.6685,169696
113.6730,169422
113.6766,168720
113.6807,169906
113.6849,169248
113.6894,169484
113.6930,168774
113.6971,168601
113.7012,170111
113.7069,169541
113.7095,169347
113.7134,169257
113.7175,168347
113.7226,169932
113.7262,169170
113.7299,169278
113.7339,169282
113.7387,168717
113.7424,169482
113.7464,169031
113.7503,169946
113.7547,169169
113.7586,169109
113.7626,170271
113.7667,168821
113.7737,169435
113.7750,169272
113.7791,168808
113.7834,169933
113.7835,168737
113.7885,169266
113.7915,169763
113.7954,168771
113.7995,169834
113.8056,168591
113.8085,169957
113.8118,169470
113.8158,168640
113.8201,170428
113.8241,168800
113.8281,169352
113.8323,168790
113.8363,168568
113.8410,170092
113.8446,168349
113.8487,169389
113.8528,169306
113.8571,168703
113.8609,170569
113.8650,168554
113.8691,168971
113.8738,169588
113.8773,169108
113.8814,170155
113.8855,168371
113.8901,169829
113.8937,169126
113.8978,168755
113.9019,169800
113.9064,168504
113.9102,170257
113.9103,168775
113.9142,169158
113.9183,169422
113.9226,168646
113.9273,169461
113.9306,169961
113.9347,169000
113.9390,170057
113.9432,168628
113.9469,169725
113.9511,169542
113.9557,169185
113.9601,169662
113.9633,168809
113.9674,169188
113.9718,169185
113.9758,169169
113.9798,169679
113.9838,168236
113.9879,169256
113.9929,169510
113.9962,169357
114.0002,169531
114.0052,167794
114.0084,169286
114.0124,169334
114.0165,169851
114.0222,169426
114.0260,168572
114.0289,169613
114.0331,169548
114.0375,169236
114.0385,169746
114.0414,168729
114.0454,169417
114.0494,169747
114.0552,169536
114.0583,169480
114.0617,168981
114.0657,169852
114.0699,169551
114.0744,169490
114.0780,169316
114.0821,168934
114.0864,169073
114.0910,170226
114.0944,169925
114.0985,168888
114.1026,169237
114.1070,169824
114.1108,169793
114.1148,169000
114.1191,168662
114.1236,169596
114.1272,169087
114.1314,169693
114.1354,169693
114.1401,168517
114.1435,169512
114.1476,169464
114.1518,169825
114.1559,169330
114.1602,168746
114.1643,169744
114.1644,169533
114.1681,169895
114.1726,169722
114.1764,168401
114.1805,168929
114.1846,169479
114.1888,169103
114.1932,169650
114.1969,168498
114.2010,169545
114.2058,168922
114.2097,169743
114.2136,169540
114.2173,168581
114.2225,169911
114.2261,169716
114.2295,169690
114.2336,169597
114.2385,168494
114.2424,169647
114.2464,169038
114.2501,169129
114.2554,169640
114.2587,168398
114.2630,170736
114.2664,169077
114.2717,169343
114.2750,169805
114.2787,168700
114.2828,170086
114.2887,168309
114.2911,169106
114.2912,169734
114.2951,168177
114.2992,169489
114.3046,168763
114.3075,169149
114.3115,169106
114.3156,168617
114.3210,170532
114.3243,167888
114.3281,169605
114.3319,169316
114.3361,168546
114.3417,170465
114.3444,168234
114.3483,169368
114.3525,169267
114.3570,168317
114.3610,170193
114.3647,168686
114.3688,169523
114.3735,169378
114.3772,169072
114.3811,169990
114.3852,168300
114.3906,169541
114.3935,168854
114.3975,169517
114.4016,169928
114.4064,168275
114.4098,170145
114.4140,169320
114.4182,168728
114.4221,169971
114.4229,168595
114.4266,168878
114.4303,169150
114.4343,168938
114.4389,169193
114.4425,168073
114.4466,169128
114.4507,169590
114.4554,169323
114.4590,169608
114.4635,168494
114.4671,169619
114.4716,169086
114.4762,168566
114.4795,169423
114.4836,168108
114.4880,169027
114.4920,169382
114.4958,168907
114.4999,169423
114.5044,168526
114.5081,169405
114.5128,169812
114.5164,169021
114.5217,168810
114.5254,168651
114.5287,168715
114.5326,169065
114.5388,169697
114.5409,169214
114.5451,168255
114.5491,169786
114.5492,169476
114.5543,169215
114.5581,169123
114.5617,168780
114.5654,169155
114.5711,168887
114.5739,169188
114.5777,168621
114.5818,168526
114.5878,169086
114.5904,169407
114.5941,169127
114.5982,168778
114.6023,168819
114.6067,169173
114.6105,169174
114.6147,169324
114.6187,169052
114.6235,168855
114.6279,169337
114.6309,169500
114.6351,169444
114.6404,168332
114.6438,169154
114.6473,169404
114.6514,169590
114.6563,169521
114.6599,168651
114.6637,170063
114.6680,169522
114.6721,168671
114.6761,169286
114.6762,168776
114.6801,169175
114.6844,169022
114.6889,169589
114.6926,169165
114.6965,168587
114.7006,169593
114.7059,169482
114.7088,169235
114.7129,169305
114.7169,168579
114.7215,169959
114.7254,169438
114.7293,168818
114.7333,169258
114.7381,168491
114.7420,169852
114.7457,169024
114.7497,169065
114.7544,169256
114.7585,168582
114.7620,170076
114.7661,169169
114.7710,169175
114.7756,169509
114.7785,168531
114.7826,170034
114.7867,168767
114.7920,169111
114.7950,169505
114.7990,168876
114.8041,170161
114.8052,168816
114.8079,169632
114.8111,169114
114.8153,168569
114.8196,170608
114.8238,168067
114.8275,169692
114.8316,169389
114.8361,168909
114.8404,169705
114.8439,168134
114.8480,169196
114.8522,169882
114.8569,169008
114.8603,169820
114.8644,168067
114.8685,169447
114.8732,169388
114.8767,168507
114.8808,169875
114.8849,168331
114.8899,169175
114.8931,169412
114.8972,168222
114.9013,170168
114.9058,168566
114.9095,169476
114.9135,168632
114.9178,169038
114.9223,169971
114.9260,167969
114.9300,169728
114.9301,169476
114.9341,169257
114.9396,170214
114.9427,168579
114.9464,169608
114.9504,169255
114.9554,169363
114.9589,170075
114.9627,168798
114.9668,168873
114.9716,169257
114.9756,169439
114.9795,169963
114.9832,168192
114.9886,169145
114.9922,169102
114.9962,169443
114.9997,169424
115.0047,168614
115.0088,169708
115.0122,169491
115.0159,169210
115.0220,169131
115.0252,168543
115.0283,169471
115.0323,169947
115.0381,169164
115.0415,170008
115.0453,168891
115.0489,169368
115.0545,169818
115.0570,169266
115.0570,169454
115.0610,168789
115.0651,169597
115.0693,169096
115.0739,169521
115.0778,169229
115.0815,168412
115.0856,169736
115.0898,169169
115.0945,169295
115.0978,169006
115.1020,168864
115.1067,169637
115.1105,169292
115.1143,168636
115.1184,168733
115.1232,168975
115.1266,169550
115.1308,169460
115.1348,169250
115.1396,169168
115.1431,169108
115.1470,169585
115.1512,169542
115.1557,169208
115.1599,168568
115.1636,169751
115.1675,169237
115.1726,169521
115.1760,169068
115.1799,168347
115.1839,169536
115.1840,168918
115.1882,169375
115.1924,168298
115.1966,168039
115.2003,169292
115.2053,169775
115.2087,169523
115.2127,169414
115.2166,168299
115.2208,169644
115.2253,169532
115.2297,168968
115.2330,168991
115.2384,168166
115.2422,169977
115.2456,168902
115.2494,169579
115.2545,169431
115.2580,168634
115.2620,170277
115.2659,169281
115.2714,169412
115.2747,169451
115.2784,168431
115.2822,170058
115.2883,168927
115.2911,169249
115.2945,169527
115.2986,168908
115.3043,170493
115.3071,168557
115.3110,169142
115.3110,169575
115.3150,168174
115.3191,170518
115.3238,168601
115.3274,168742
115.3314,169074
115.3372,168262
115.3403,170032
115.3436,168182
115.3477,169469
115.3519,169583
115.3566,168010
115.3603,170226
115.3642,168546
115.3682,169064
115.3727,169216
115.3768,168113
115.3806,170618
115.3847,168349
115.3892,169583
115.3929,169290
115.3970,168894
115.4010,170002
115.4058,167990
115.4092,169283
115.4133,168926
115.4175,169156
115.4222,170044
115.4256,168364
115.4296,169589
115.4340,168996
115.4383,168495
115.4387,169847
115.4422,167619
115.4461,169485
115.4501,169138
115.4547,168690
115.4590,169793
115.4624,168404
115.4665,169606
115.4708,169229
115.4759,169452
115.4788,169565
115.4829,168631
115.4873,169142
115.4915,169016
115.4952,169383
115.4993,169841
115.5038,168794
115.5087,169275
115.5118,169457
115.5156,169446
115.5209,169916
115.5244,168251
115.5281,168811
115.5320,169346
115.5374,169245
115.5412,169679
115.5443,168619
115.5484,169424
115.5526,169323
115.5572,169797
115.5609,169607
115.5648,168193
115.5649,169370
115.5709,169842
115.5734,168987
115.5771,169371
115.5812,168414
115.5853,169604
115.5898,169007
115.5937,169541
115.5977,169133
115.6017,169100
115.6060,169537
115.6099,169292
115.6140,169313
115.6181,168694
115.6225,169123
115.6263,169502
115.6303,169239
115.6344,169637
115.6394,169113
115.6426,169235
115.6467,169751
115.6508,169599
115.6552,169371
115.6594,168779
115.6632,169091
115.6672,169619
115.6718,169683
115.6754,169022
115.6795,168465
115.6837,169378
115.6885,169050
115.6919,169556
115.6920,169189
115.6959,168417
115.6999,169146
115.7049,169163
115.7084,170243
115.7123,169449
115.7163,168392
115.7212,169814
115.7253,169350
115.7286,169044
115.7327,169693
115.7379,168725
115.7415,169689
115.7450,169412
115.7491,169510
115.7535,169694
115.7582,168412
115.7614,170016
115.7655,169410
115.7710,169510
115.7743,169207
115.7781,168531
115.7820,169679
115.7878,169067
115.7901,169599
115.7945,169229
115.7983,168986
115.8037,170800
115.8066,169193
115.8109,169483
115.8148,169432
115.8200,168824
115.8229,170340
115.8234,168780
115.8270,169464
115.8310,169214
115.8352,168538
115.8395,170601
115.8440,168674
115.8474,169587
115.8515,169108
115.8558,168484
115.8597,170521
115.8638,168264
115.8679,169561
115.8729,170022
115.8762,169035
115.8802,170829
115.8843,168294
115.8884,169561
115.8931,170057
115.8966,169325
115.9007,170626
115.9052,168644
115.9094,169831
115.9133,169766
115.9171,169115
115.9220,170642
115.9258,168838
115.9294,169516
115.9334,170088
115.9379,169178
115.9418,169487
115.9458,168602
115.9498,169363
115.9500,169654
115.9551,169191
115.9580,170305
115.9621,168309
115.9662,169591
115.9709,169270
115.9749,169134
115.9786,170206
115.9826,168467
115.9870,169913
115.9914,169434
115.9950,169083
115.9990,169899
116.0044,168400
116.0075,169494
116.0113,169451
116.0153,169082
116.0210,169973
116.0245,168672
116.0276,169426
116.0317,170010
116.0371,169222
116.0404,169409
116.0440,168775
116.0481,169269
116.0529,169442
116.0566,169193
116.0605,169570
116.0646,168413
116.0699,169564
116.0727,169695
116.0769,169122
116.0770,169604
116.0809,168458
116.0850,169151
116.0891,169470
116.0931,169100
116.0972,169185
116.1014,169009
116.1059,169285
116.1095,169820
116.1137,169401
116.1177,169307
116.1223,168574
116.1262,169802
116.1301,169447
116.1341,169023
116.1388,168801
116.1423,169125
116.1464,169103
116.1506,169250
116.1554,169192
116.1587,169291
116.1628,169076
116.1669,169101
116.1717,169189
116.1751,169511
116.1792,168905
116.1833,169382
116.1878,169674
116.1923,169916
116.1958,169402
116.1997,168495
116.2042,169435
116.2051,169294
116.2087,169395
116.2121,169565
116.2161,168522
116.2208,170052
116.2249,169752
116.2283,169203
116.2324,169483
116.2380,168597
116.2406,169641
116.2447,169600
116.2488,169790
116.2541,169268
116.2571,168564
116.2611,169941
116.2652,169031
116.2716,169268
116.2734,169408
116.2775,168679
116.2816,169963
116.2873,169371
116.2904,169483
116.2945,169627
116.2980,168457
116.3032,169942
116.3065,168845
116.3108,169812
116.3143,169794
116.3200,168592
116.3229,170929
116.3268,169118
116.3308,169877
116.3309,169838
116.3364,168390
116.3404,170505
116.3432,168526
116.3471,169474
116.3512,169433
116.3565,169448
116.3597,170378
116.3635,168761
116.3677,169608
116.3721,169650
116.3761,168684
116.3799,170572
116.3840,168864
116.3883,169121
116.3927,169653
116.3963,168997
116.4004,170173
116.4051,168924
116.4086,169628
116.4127,169761
116.4168,168205
116.4213,170506
116.4260,168305
116.4290,169658
116.4332,169725
116.4374,168475
116.4423,169767
116.4454,168635
116.4495,169261
116.4542,169194
116.4578,169107
116.4579,169453
116.4618,168388
116.4659,169763
116.4702,169243
116.4742,169141
116.4782,169864
116.4823,168179
116.4871,169570
116.4910,169553
116.4945,169332
116.4986,169668
116.5034,168257
116.5072,169758
116.5109,169002
116.5150,169043
116.5202,169756
116.5241,168866
116.5275,169347
116.5314,169853
116.5373,168993
116.5403,169980
116.5437,168308
116.5478,169321
116.5538,169372
116.5573,169422
116.5601,169209
116.5642,168886
116.5700,169059
116.5730,169828
116.5772,169270
116.5808,169027
116.5855,168842
116.5868,169214
116.5892,169124
116.5929,169664
116.5969,169261
116.6011,169458
116.6054,169636
116.6095,169430
116.6135,169672
116.6175,169822
116.6222,168385
116.6259,169358
116.6297,169471
116.6338,169070
116.6389,168883
116.6421,169284
116.6462,169577
116.6503,169634
116.6549,169171
116.6585,169021
116.6625,169289
116.6666,169700
116.6711,169824
116.6754,169063
116.6789,168752
116.6830,169136
116.6874,169435
116.6920,169554
116.6954,169540
116.6994,168701
116.7051,169522
116.7078,169448
116.7118,169531
116.7119,168884
116.7157,168899
116.7201,169398
116.7248,169321
116.7280,169456
116.7321,169743
116.7368,168994
116.7412,169799
116.7446,169684
116.7485,169373
116.7532,169605
116.7570,168783
116.7608,170399
116.7649,168956
116.7703,169564
116.7733,169688
116.7781,168781
116.7813,170278
116.7872,169282
116.7901,169689
116.7942,169979
116.7976,168588
116.8039,170219
116.8066,169131
116.8099,170086
116.8140,169291
116.8203,168467
116.8223,170266
116.8265,169230
116.8306,169353
116.8354,169745
116.8387,168213
116.8399,170511
116.8427,168616
116.8468,169719
116.8509,169541
116.8552,169254
116.8594,170548
116.8634,168458
116.8673,169730
116.8721,169635
116.8760,168579
116.8799,170039
116.8837,168652
116.8888,169864
116.8924,169626
116.8959,168638
116.9001,169473
116.9046,168606
116.9088,169208
116.9126,169404
116.9165,168998
116.9211,169859
116.9255,168345
116.9294,169441
116.9329,169695
116.9374,169452
116.9414,170222
116.9456,168570
116.9493,169592
116.9543,169771
116.9577,168750
116.9615,170918
116.9658,168887
116.9659,169426
116.9700,169712
116.9749,168904
116.9779,169904
116.9820,168662
116.9887,169153
116.9902,169507
116.9946,169103
116.9986,169984
117.0033,168994
117.0069,169897
117.0117,169902
117.0147,169144
117.0200,170337
117.0235,168997
117.0276,168982
117.0313,169080
117.0369,169255
117.0400,169785
117.0435,168406
117.0475,169345
117.0528,169469
117.0569,169369
117.0601,170064
117.0640,169388
117.0692,169202
117.0723,169662
117.0769,169817
117.0803,169368
117.0858,168662
117.0886,169262
117.0926,169433
117.0927,169743
117.0967,169632
117.1013,169649
117.1053,169499
117.1091,170090
117.1131,169960
117.1172,170316
117.1213,168951
117.1257,169865
117.1296,169274
117.1336,168925
117.1383,169358
117.1424,169045
117.1460,168981
117.1500,169488
117.1546,169607
117.1582,169380
117.1623,169080
117.1664,169442
117.1709,169205
117.1751,169580
117.1792,169173
117.1827,169049
117.1875,169478
117.1914,169346
117.1949,169396
117.1990,168588
117.2038,168964
117.2076,169170
117.2113,169479
117.2157,169931
117.2203,168694
117.2236,169445
117.2237,169587
117.2277,169759
117.2318,169296
117.2370,168847
117.2408,169391
117.2441,169594
117.2482,168881
117.2531,169529
117.2568,169227
117.2605,169766
117.2646,169021
117.2693,169290
117.2739,169182
117.2769,168829
117.2810,170152
117.2857,168964
117.2894,169833
117.2939,169671
117.2973,168441
117.3024,169993
117.3058,169408
117.3102,169917
117.3141,169722
117.3193,168575
117.3227,170296
117.3264,169218
117.3301,169669
117.3356,169556
117.3383,168681
117.3426,170561
117.3465,169608
117.3506,169811
117.3526,169422
117.3554,168702
117.3589,170321
117.3630,169293
117.3670,169692
117.3718,169594
117.3752,169046
117.3793,170386
117.3834,168642
117.3880,169444
117.3917,169798
117.3956,168621
117.3998,170557
117.4046,169149
117.4080,169471
117.4120,169490
117.4161,168614
117.4209,170286
117.4249,168511
117.4284,169619
117.4325,169469
117.4372,168534
117.4411,170123
117.4448,168526
117.4489,169306
117.4533,169938
117.4576,168928
117.4612,170057
117.4653,168600
117.4697,169707
117.4736,169252
117.4777,168496
117.4778,170104
117.4817,168830
117.4863,170154
117.4905,169932
117.4945,168979
117.4980,170009
117.5030,168705
117.5065,169598
117.5105,169786
117.5144,168768
117.5201,170045
117.5231,168125
117.5267,169860
117.5308,169540
117.5363,169140
117.5395,170211
117.5433,169393
117.5472,169142
117.5523,169312
117.5565,169792
117.5594,169840
117.5635,168957
117.5677,169541
117.5719,169344
117.5765,169784
117.5801,169495
117.5853,168419
117.5883,169659
117.5929,169193
117.5965,170013
117.6005,169030
117.6046,168842
117.6049,169461
117.6087,169039
117.6127,169464
117.6168,169868
117.6218,168716
117.6255,169540
117.6291,169270
117.6332,169364
117.6375,169369
117.6425,168436
117.6458,169722
117.6497,169788
117.6543,169490
117.6583,169728
117.6622,169224
117.6660,169529
117.6704,169462
117.6748,169343
117.6783,169590
117.6824,168849
117.6868,169478
117.6910,169316
117.6946,169506
117.6987,168899
117.7048,169145
117.7069,169908
117.7110,169339
117.7151,169812
117.7197,168916
117.7235,169002
117.7276,169752
117.7316,169371
117.7318,168784
117.7356,168224
117.7398,169342
117.7439,169408
117.7479,169666
117.7529,169822
117.7561,168430
117.7602,169942
117.7643,169723
117.7691,169363
117.7725,169853
117.7767,168436
117.7807,169863
117.7858,169053
117.7892,169404
117.7930,169833
117.7970,168581
117.8032,169887
117.8055,169409
117.8093,169370
117.8134,169642
117.8176,168784
117.8220,169798
117.8258,168858
117.8298,169016
117.8353,169186
117.8384,168336
117.8421,170201
117.8462,168629
117.8506,169492
117.8545,168960
117.8586,168588
117.8587,170025
117.8626,169058
117.8667,169371
117.8711,169110
117.8750,168855
117.8790,169818
117.8831,168993
117.8879,168970
117.8913,169270
117.8953,168225
117.8996,170311
117.9039,168119
117.9076,169401
117.9117,169563
117.9158,168306
117.9207,170300
117.9240,168681
117.9281,168755
117.9323,169848
117.9368,168522
117.9404,169761
117.9445,167883
117.9487,168988
117.9530,169260
117.9568,168800
117.9609,169866
117.9650,168628
117.9699,169088
117.9732,169232
117.9774,168719
117.9814,170014
117.9855,168660
117.9868,169389
117.9899,169733
117.9937,169392
117.9977,170066
118.0033,168980
118.0062,169542
118.0100,169443
118.0141,169707
118.0189,169557
118.0230,168740
118.0272,169775
118.0306,169010
118.0360,169302
118.0391,170065
118.0428,168485
118.0469,169703
118.0522,169292
118.0561,169224
118.0593,169635
118.0634,168029
118.0685,169128
118.0721,169391
118.0756,169163
118.0797,169535
118.0851,168238
118.0885,169604
118.0919,169368
118.0960,169242
118.1002,169626
118.1044,168161
118.1086,169759
118.1126,169764
118.1127,169124
118.1166,169611
118.1214,168633
118.1248,170063
118.1288,169145
118.1329,169292
118.1371,169408
118.1412,168618
118.1461,169207
118.1495,169983
118.1544,169713
118.1582,169348
118.1616,168705
118.1657,169854
118.1704,169550
118.1743,169666
118.1780,169079
118.1820,168741
118.1864,168979
118.1911,169807
118.1943,169366
118.1984,168531
118.2036,168661
118.2070,170025
118.2107,169030
118.2148,169468
118.2191,168877
118.2236,169229
118.2272,169436
118.2313,169773
118.2353,170102
118.2395,168669
118.2396,169285
118.2435,169727
118.2476,169605
118.2523,169286
118.2563,168621
118.2599,169389
118.2639,169374
118.2688,169628
118.2732,168964
118.2764,168960
118.2808,169638
118.2860,169750
118.2892,169446
118.2932,169151
118.2967,168279
118.3021,169570
118.3053,169468
118.3095,169662
118.3131,169464
118.3185,168826
118.3215,169720
118.3254,169417
118.3295,169840
118.3338,169941
118.3383,169379
118.3425,170168
118.3460,169572
118.3501,169641
118.3546,169949
118.3585,168698
118.3624,170295
118.3664,169210
118.3665,169803
118.3710,169885
118.3748,169232
118.3786,170262
118.3828,169138
118.3872,169312
118.3910,169922
118.3950,168488
118.3992,170828
118.4035,168555
118.4073,169514
118.4114,169231
118.4156,168982
118.4200,171223
118.4237,168772
118.4278,169298
118.4319,169700
118.4366,168765
118.4401,170260
118.4442,168810
118.4483,169599
118.4533,169612
118.4565,169190
118.4606,170433
118.4647,168089
118.4688,169550
118.4738,169782
118.4770,169161
118.4811,170793
118.4864,168552
118.4894,169900
118.4935,170090
118.4935,169168
118.4974,170412
118.5036,168715
118.5056,169451
118.5099,170142
118.5139,168928
118.5183,170053
118.5224,168536
118.5268,169829
118.5304,169682
118.5357,169403
118.5388,170223
118.5427,168303
118.5466,168879
118.5507,169392
118.5554,169441
118.5590,170057
118.5630,168720
118.5689,169207
118.5717,169764
118.5753,168813
118.5794,169950
118.5857,168097
118.5884,170055
118.5916,168874
118.5957,169876
118.5998,169883
118.6044,168411
118.6089,169760
118.6122,169685
118.6181,169554
118.6204,169593
118.6207,168857
118.6244,169723
118.6285,169602
118.6326,169734
118.6368,169914
118.6409,168633
118.6449,169685
118.6490,169429
118.6532,169364
118.6576,169706
118.6620,168968
118.6654,169237
118.6697,169550
118.6737,169133
118.6778,169751
118.6818,168855
118.6859,170017
118.6910,169533
118.6940,170140
118.6982,169561
118.7037,168756
118.7064,169494
118.7105,169363
118.7145,169290
118.7187,169507
118.7231,168927
118.7268,169467
118.7309,170079
118.7358,169487
118.7392,168792
118.7435,169665
118.7473,169642
118.7474,169591
118.7534,169026
118.7562,168777
118.7596,169741
118.7638,169837
118.7692,170077
118.7727,169537
118.7766,168787
118.7802,169525
118.7852,169362
118.7890,169454
118.7927,169399
118.7965,168545
118.8017,170460
118.8051,169573
118.8094,169666
118.8128,169636
118.8184,168840
118.8212,169968
118.8251,169659
118.8294,169669
118.8347,169272
118.8379,169237
118.8418,170014
118.8459,169630
118.8497,169558
118.8544,169563
118.8580,168869
118.8620,170476
118.8662,169492
118.8704,169654
118.8745,169685
118.8746,169337
118.8784,170704
118.8825,169183
118.8869,169728
118.8907,169936
118.8947,168728
118.8990,170780
118.9034,169176
118.9071,169594
118.9114,169643
118.9153,168787
118.9196,170385
118.9238,168882
118.9275,169229
118.9316,169535
118.9360,169112
118.9405,170317
118.9439,168660
118.9480,169248
118.9525,170034
118.9564,168647
118.9603,170849
118.9644,168573
118.9688,168954
118.9730,169303
118.9771,168367
118.9807,169896
118.9854,168038
118.9897,169460
118.9930,169416
118.9971,168908
119.0013,170002
119.0054,168237
119.0055,169646
119.0094,169730
119.0135,169312
119.0177,169811
119.0221,168352
119.0258,169506
119.0299,169420
119.0350,168919
119.0391,170421
119.0422,168743
119.0463,169281
119.0514,169027
119.0548,169451
119.0588,170158
119.0626,168288
119.0683,169794
119.0711,169667
119.0752,169038
119.0790,170284
119.0832,168396
119.0877,169260
119.0914,169273
119.0954,169239
119.0996,170077
119.1038,169045
119.1085,169901
119.1118,169981
119.1159,169467
119.1205,169582
119.1243,168621
119.1284,169799
119.1323,170100
119.1324,169244
119.1372,170123
119.1406,168847
119.1446,169316
119.1487,169305
119.1531,169466
119.1571,170000
119.1609,168939
119.1651,169244
119.1696,169372
119.1733,170065
119.1774,169693
119.1816,168585
119.1860,169423
119.1898,169722
119.1937,169575
119.1978,169855
119.2025,168883
119.2063,169503
119.2101,169620
119.2143,169272
119.2191,169405
119.2231,169397
119.2265,169005
119.2306,169208
119.2351,169509
119.2391,169353
119.2430,169857
119.2471,169487
119.2518,169521
119.2553,169207
119.2594,169242
119.2594,169275
119.2633,169408
119.2678,169926
119.2720,169294
119.2758,168609
119.2798,169246
119.2852,169300
119.2885,169731
119.2920,169441
119.2961,168799
119.3016,169442
119.3054,169532
119.3084,169681
119.3125,169872
119.3180,168373
119.3214,169766
119.3248,168978
119.3289,169417
119.3331,169366
119.3381,169414
119.3412,170293
119.3453,169137
119.3497,169448
119.3542,169395
119.3576,168385
119.3616,170215
119.3658,169359
119.3706,169361
119.3741,168825
119.3782,168912
119.3822,170321
119.3862,169518
119.3863,169543
119.3903,168761
119.3944,168289
119.3986,170826
119.4032,168570
119.4069,169217
119.4109,169578
119.4150,168304
119.4194,170472
119.4237,168619
119.4273,168870
119.4313,168921
119.4359,168616
119.4402,170011
119.4437,168099
119.4477,169040
119.4520,169261
119.4562,169063
119.4601,169864
119.4641,167658
119.4684,168981
119.4724,169567
119.4764,168295
119.4804,169970
119.4853,167650
119.4886,169275
119.4927,169233
119.4968,168523
119.5029,170609
119.5052,168062
119.5092,168933
119.5135,169052
119.5136,168245
119.5184,169758
119.5218,167575
119.5255,169180
119.5296,169264
119.5351,168840
119.5382,169924
119.5424,168145
119.5460,168684
119.5516,169361
119.5544,168879
119.5582,170050
119.5623,168287
119.5684,169014
119.5710,169236
119.5748,168549
119.5788,169859
119.5846,168280
119.5876,169418
119.5911,169096
119.5952,168723
119.5994,170429
119.6037,168651
119.6074,169353
119.6115,169055
119.6156,168799
119.6207,169649
119.6238,168519
119.6279,168563
119.6324,169308
119.6365,168795
119.6405,170146
119.6406,168607
119.6444,168521
119.6485,169283
119.6531,168423
119.6571,169779
119.6606,167997
119.6648,169280
119.6692,169175
119.6732,169168
119.6770,169426
119.6813,168605
119.6861,169654
119.6900,168557
119.6937,168838
119.6976,168880
119.7020,168727
119.7058,169101
119.7099,169182
119.7140,168454
119.7191,169203
119.7221,168505
119.7262,168874
119.7303,169115
119.7357,169066
119.7387,168790
119.7426,168384
119.7467,168949
119.7518,169152
119.7555,169322
119.7590,168591
119.7631,169496
119.7681,169342
119.7689,169450
119.7714,168983
119.7755,168475
119.7796,169245
119.7867,168865
119.7876,169198
119.7917,169079
119.7958,168584
119.7999,169487
119.8040,169235
119.8081,168740
119.8123,169427
119.8181,168671
119.8205,169682
119.8245,168693
119.8286,169475
119.8327,169464
119.8368,168688
119.8412,169390
119.8450,168950
119.8508,169698
119.8532,168491
119.8572,168284
119.8614,170230
119.8655,168741
119.8699,169191
119.8736,168964
119.8777,168101
119.8819,170032
119.8865,168557
119.8902,168882
119.8942,169632
119.8943,168398
119.8983,170114
119.9029,168314
119.9064,169125
119.9105,169391
119.9146,168469
119.9195,170023
119.9237,168424
119.9269,168926
119.9311,168640
119.9359,168686
119.9392,170277
119.9433,168230
119.9474,169164
119.9520,168731
119.9556,168965
119.9596,170177
119.9638,167902
119.9684,169144
119.9719,169450
119.9760,168444
119.9801,169967
119.9850,168480
119.9883,169223
119.9924,169005
119.9965,168486
120.0014,170140
120.0047,167967
120.0088,168956
120.0130,169187
120.0176,168662
120.0211,170051
120.0212,167839
120.0252,169238
120.0293,169113
120.0352,168403
120.0376,169774
120.0416,168127
120.0457,168911
120.0509,169629
120.0549,168643
120.0579,170044
120.0620,167795
120.0669,169150
120.0709,169162
120.0745,168759
120.0785,169772
120.0840,168194
120.0869,169129
120.0907,169090
120.0948,168895
120.0990,170240
120.1034,168393
120.1075,169166
120.1113,168993
120.1153,169024
120.1203,170010
120.1237,168504
120.1276,169099
120.1317,169565
120.1363,168296
120.1403,170066
120.1441,168509
120.1482,169298
120.1483,169451
120.1528,169395
120.1563,170021
120.1603,168912
120.1645,169151
120.1690,169193
120.1732,169327
120.1770,170169
120.1808,168775
120.1852,169470
120.1892,169098
120.1931,169123
120.1974,169843
120.2018,169022
120.2064,169526
120.2095,169384
120.2136,169566
120.2192,169262
120.2221,168812
120.2259,169144
120.2300,169247
120.2347,169013
120.2385,169215
120.2423,169427
120.2464,169505
120.2511,168996
120.2553,169186
120.2586,168913
120.2628,168956
120.2681,169064
120.2711,169435
120.2752,168807
120.2752,168786
120.2791,169425
120.2852,169037
120.2876,168947
120.2914,168795
120.2955,168433
120.3010,168899
120.3047,169526
120.3079,168865
120.3120,168864
120.3181,168469
120.3202,169395
120.3242,169051
120.3283,168984
120.3324,169048
120.3365,168856
120.3409,169111
120.3447,169725
120.3490,169171
120.3539,169603
120.3570,168387
120.3611,169486
120.3653,169398
120.3700,169530
120.3734,168880
120.3775,168559
120.3815,169513
120.3858,169375
120.3901,168902
120.3939,168774
120.3981,168235
120.4024,169982
120.4031,169236
120.4061,169280
120.4103,169235
120.4143,168703
120.4188,170343
120.4226,167984
120.4267,169030
120.4308,169766
120.4350,168057
120.4389,170535
120.4429,168649
120.4471,169512
120.4512,169202
120.4553,168368
120.4593,170312
120.4635,168720
120.4689,169123
120.4716,170135
120.4757,168886
120.4798,170222
120.4853,168547
120.4881,169721
120.4921,169605
120.4963,168042
120.5005,170120
120.5044,168075
120.5085,169150
120.5126,169272
120.5177,168838
120.5211,169900
120.5251,168241
120.5291,169215
120.5292,169669
120.5347,168378
120.5378,170210
120.5415,168319
120.5455,169132
120.5514,169242
120.5536,168570
120.5576,170258
120.5617,168306
120.5659,169463
120.5701,169241
120.5747,169130
120.5781,170545
120.5823,168326
120.5867,168563
120.5904,168737
120.5946,169007
120.5989,170269
120.6030,168227
120.6078,169358
120.6110,169408
120.6151,168705
120.6196,170264
120.6237,168330
120.6275,168989
120.6314,168941
120.6359,169158
120.6397,169733
120.6437,168255
120.6478,169442
120.6528,170008
120.6561,168815
120.6562,169872
120.6601,168451
120.6642,169174
120.6683,169272
120.6724,169125
120.6765,170045
120.6806,168488
120.6856,169084
120.6888,169203
120.6929,169140
120.6971,169772
120.7015,168671
120.7052,169118
120.7094,169144
120.7133,169140
120.7185,169734
120.7215,168384
120.7256,169204
120.7297,168706
120.7348,168997
120.7384,169733
120.7421,169196
120.7461,169356
120.7513,169252
120.7543,168869
120.7583,169157
120.7625,168516
120.7694,169523
120.7707,169252
120.7748,168871
120.7790,168918
120.7842,168241
120.7843,169225
120.7870,168869
120.7911,169201
120.7953,168581
120.8007,168998
120.8034,169019
120.8075,169108
120.8116,169519
120.8171,168135
120.8200,168948
120.8239,169228
120.8280,168933
120.8321,169715
120.8370,169043
120.8403,169259
120.8444,168686
120.8487,169038
120.8530,169087
120.8567,168454
120.8608,169158
120.8650,168703
120.8700,169397
120.8738,169082
120.8772,168495
120.8813,170230
120.8853,169288
120.8894,169502
120.8935,168875
120.8978,168334
120.9017,169738
120.9060,168630
120.9101,168769
120.9142,169252
120.9143,168253
120.9182,169255
120.9223,168387
120.9263,169193
120.9305,169338
120.9345,168374
120.9386,169886
120.9427,168470
120.9468,169267
120.9509,168693
120.9550,168258
120.9591,170119
120.9632,168778
120.9674,168959
120.9714,169029
120.9756,167950
120.9795,170540
120.9836,168200
120.9877,169203
120.9918,169570
120.9959,168268
121.0000,169884
121.0041,168175
121.0082,169378
121.0123,168917
121.0164,168546
121.0205,169677
121.0245,168353
121.0287,169144
121.0331,169545
121.0371,168077
121.0412,169835
121.0412,167922
121.0451,169199
121.0492,168806
121.0533,168552
121.0574,169613
121.0615,167868
121.0656,169236
121.0697,169013
121.0738,168784
121.0779,169639
121.0820,168265
121.0861,169067
121.0902,169074
121.0943,169009
121.0984,169931
121.1025,168201
121.1066,169371
121.1107,169086
121.1148,168392
121.1189,169462
121.1229,168074
121.1271,168900
121.1312,168932
121.1352,168850
121.1393,169710
121.1434,168125
121.1475,169512
121.1516,169375
121.1558,169172
121.1599,169464
121.1641,168325
121.1681,169232
121.1682,169101
121.1721,169050
121.1762,169753
121.1803,168272
121.1844,168953
121.1885,169116
121.1926,168973
121.1967,169601
121.2008,168034
121.2049,169075
121.2090,168750
121.2131,168899
121.2172,169285
121.2213,168212
121.2254,168970
121.2294,169088
121.2336,168999
121.2376,169539
121.2416,168238
121.2457,169262
121.2499,168830
121.2539,169357
121.2581,169194
121.2622,168441
121.2662,169573
121.2703,169510
121.2744,169176
121.2785,168926
121.2826,168267
121.2869,169215
121.2912,169248
121.2951,168857
121.2952,168964
121.2992,168931
121.3031,169336
121.3073,169504
121.3113,169319
121.3154,168918
121.3195,168972
121.3236,169226
121.3277,169325
121.3319,168916
121.3360,169225
121.3400,169070
121.3441,169013
121.3482,168961
121.3523,168964
121.3564,168543
121.3606,169002
121.3646,169042
121.3687,169044
121.3728,169294
121.3769,168639
121.3810,169526
121.3851,169266
121.3892,169084
121.3933,169450
121.3974,168310
121.4015,169820
121.4056,169019
121.4097,169307
121.4139,169084
121.4180,168374
121.4222,169613
121.4223,169285
121.4261,169356
121.4302,169170
121.4342,169081
121.4383,170357
121.4424,168632
121.4465,168965
121.4506,169388
121.4547,168522
121.4587,169840
121.4628,169668
121.4669,169689
121.4710,169258
121.4751,168234
121.4792,170512
121.4833,168812
121.4874,169255
121.4915,169570
121.4956,168978
121.4997,170563
121.5038,168755
121.5080,169124
121.5121,169408
121.5162,168457
121.5202,170511
121.5242,168351
121.5285,169549
121.5326,169345
121.5366,168500
121.5408,170484
121.5452,168058
121.5490,168991
121.5490,169588
121.5530,169097
121.5571,170677
121.5612,167908
121.5653,169421
121.5694,168913
121.5736,168921
121.5777,169952
121.5816,167880
121.5857,169105
121.5898,169632
121.5939,168561
121.5980,170313
121.6021,168302
121.6063,169220
121.6103,169390
121.6144,169235
121.6185,170445
121.6225,168624
121.6267,169381
121.6307,169245
121.6350,169088
121.6389,170094
121.6430,168065
121.6471,169483
121.6512,169293
121.6553,168718
121.6594,169937
121.6635,168481
121.6676,169158
121.6721,170025
121.6762,169478
121.6762,169711
121.6800,168693
121.6841,169692
121.6881,169535
121.6923,169132
121.6963,170344
121.7004,169046
121.7045,169895
121.7086,169384
121.7127,169240
121.7168,169967
121.7209,168326
121.7250,169215
121.7291,169447
121.7331,169535
121.7373,169929
121.7415,168752
121.7454,169988
121.7497,169615
121.7537,169356
121.7578,169616
121.7620,168358
121.7660,169624
121.7701,169127
121.7742,169739
121.7783,169867
121.7824,169171
121.7865,169144
121.7906,169475
121.7947,169562
121.7990,169471
121.8030,168928
121.8031,169119
121.8070,169401
121.8111,169215
121.8152,169384
121.8193,168589
121.8234,169680
121.8274,169236
121.8315,169730
121.8356,169054
121.8397,169514
121.8438,169490
121.8479,169195
121.8520,169324
121.8561,168738
121.8601,169652
121.8643,169301
121.8683,169306
121.8725,168976
121.8766,168712
121.8807,169896
121.8848,169710
121.8889,169465
121.8930,169528
121.8971,168878
121.9011,170050
121.9053,169358
121.9093,169582
121.9134,169461
121.9175,168462
121.9217,169676
121.9259,169267
121.9300,169329
121.9301,169271
121.9339,168707
121.9381,169904
121.9421,168970
121.9461,169287
121.9503,169349
121.9544,168977
121.9584,170365
121.9626,169840
121.9667,169295
121.9708,169157
121.9749,168878
121.9789,170531
121.9831,168969
121.9871,168976
121.9913,169214
121.9953,168658
121.9994,170293
122.0035,169362
122.0076,169433
122.0117,169949
122.0158,168901
122.0199,170824
122.0240,168998
122.0281,169364
122.0322,169344
122.0363,169093
122.0404,170192
122.0444,168955
122.0486,169671
122.0529,169009
122.0570,168680
122.0570,170115
122.0609,168110
122.0650,168999
122.0691,169317
122.0732,168866
122.0773,170591
122.0814,168590
122.0855,169761
122.0896,169687
122.0937,168765
122.0978,170674
122.1019,168163
122.1060,168940
122.1101,169615
122.1142,168815
122.1183,170662
122.1224,168155
122.1265,169260
122.1306,169135
122.1347,169061
122.1387,169892
122.1428,168635
122.1469,169247
122.1510,169245
122.1551,169329
122.1592,169934
122.1633,168030
122.1674,169412
122.1715,169232
122.1756,168791
122.1798,170849
122.1839,168091
122.1880,169045
122.1881,169209
122.1920,168928
122.1961,170105
122.2002,168547
122.2043,169169
122.2084,169000
122.2124,169488
122.2166,169383
122.2207,168613
122.2248,169511
122.2288,169788
122.2330,169243
122.2370,170438
122.2411,168698
122.2451,169943
122.2493,169903
122.2534,169693
122.2575,169913
122.2616,168836
122.2657,169489
122.2698,169662
122.2739,169549
122.2780,169830
122.2821,168971
122.2862,169442
122.2903,169393
122.2943,169515
122.2985,169482
122.3026,169102
122.3069,169172
122.3109,169500
122.3151,169930
122.3152,169690
122.3190,168990
122.3231,169821
122.3272,169468
122.3312,169759
122.3353,169724
122.3394,169320
122.3435,169703
122.3476,169109
122.3516,169860
122.3557,168919
122.3598,169591
122.3639,169708
122.3680,169434
122.3721,169166
122.3762,169452
122.3803,169253
122.3844,169714
122.3885,169398
122.3926,169403
122.3967,168816
122.4009,169366
122.4050,169591
122.4091,169604
122.4132,169346
122.4173,168978
122.4214,169495
122.4255,169351
122.4295,169681
122.4339,169240
122.4380,168450
122.4421,169484
122.4422,169344
122.4459,169820
122.4500,169523
122.4541,168408
122.4582,169925
122.4622,169492
122.4664,169636
122.4705,169742
122.4745,168853
122.4786,169938
122.4827,169193
122.4869,169341
122.4910,169561
122.4950,168888
122.4992,169921
122.5033,169354
122.5073,169463
122.5115,170058
122.5155,168731
122.5196,170098
122.5237,169180
122.5278,169616
122.5319,170207
122.5360,168811
122.5401,170422
122.5442,168664
122.5483,169863
122.5524,170077
122.5565,168699
122.5606,170496
122.5649,169002
122.5689,169724
122.5690,169684
122.5729,168509
122.5770,170716
122.5811,168648
122.5851,169763
122.5893,169224
122.5934,168413
122.5975,170441
122.6016,168342
122.6058,169257
122.6098,169206
122.6139,169368
122.6180,169976
122.6220,168526
122.6261,169478
122.6302,169709
122.6343,168890
122.6384,169882
122.6425,168424
122.6466,169615
122.6507,169453
122.6548,169003
122.6589,169929
122.6630,168768
122.6671,169768
122.6712,169314
122.6753,169230
122.6794,170152
122.6835,168993
122.6875,169544
122.6917,169658
122.6958,168666
122.6959,169828
122.6998,168425
122.7039,169659
122.7081,169605
122.7123,169166
122.7163,170307
122.7204,168697
122.7244,169407
122.7285,169587
122.7326,169355
122.7366,169679
122.7409,168404
122.7449,169603
122.7490,169118
122.7531,168746
122.7572,169832
122.7614,168919
122.7654,169320
122.7695,169078
122.7736,169263
122.7778,169908
122.7819,168609
122.7858,169302
122.7899,169801
122.7940,169291
122.7981,169215
122.8022,168877
122.8064,169543
122.8105,169654
122.8146,169337
122.8190,170018
122.8228,168974
122.8229,169777
122.8269,168735
122.8309,169227
122.8350,169425
122.8391,168693
122.8433,169573
122.8473,169389
122.8514,169632
122.8556,169674
122.8595,169006
122.8637,169593
122.8678,169634
122.8719,169575
122.8760,169082
122.8801,168900
122.8845,169378
122.8883,169569
122.8923,169355
122.8964,169139
122.9009,169719
122.9046,169331
122.9086,168974
122.9128,169308
122.9174,168286
122.9210,168918
122.9250,169576
122.9292,169722
122.9336,169578
122.9373,168848
122.9415,169166
122.9456,169676
122.9498,170154
122.9498,169790
122.9538,168523
122.9579,169638
122.9619,169472
122.9664,170045
122.9701,169856
122.9742,168262
122.9783,170181
122.9832,169766
122.9865,169500
122.9906,169743
122.9947,168226
122.9994,169973
123.0029,169215
123.0070,169362
123.0111,169218
123.0152,168175
123.0193,170092
123.0234,169480
123.0274,169841
123.0323,170028
123.0357,168793
123.0398,170397
123.0438,169644
123.0484,169276
123.0520,169200
123.0561,168387
123.0602,170412
123.0655,168740
123.0685,169646
123.0727,169448
123.0766,168710
123.0766,170343
123.0809,168501
123.0849,169591
123.0890,168769
123.0931,169000
123.0971,171177
123.1017,168791
123.1054,169134
123.1095,169804
123.1135,168795
123.1180,170666
123.1217,168624
123.1257,170064
123.1300,169197
123.1347,168896
123.1383,170320
123.1423,169014
123.1464,169271
123.1508,169741
123.1551,168863
123.1585,170103
123.1627,168447
123.1671,169391
123.1709,169337
123.1749,169029
123.1790,170432
123.1835,169078
123.1877,169878
123.1914,169901
123.1954,168934
123.1997,170274
123.2037,168600
123.2038,169053
123.2077,169734
123.2118,168649
123.2162,170750
123.2200,168460
123.2240,169387
123.2281,169879
123.2327,169118
123.2367,169855
123.2405,168743
123.2445,169729
123.2494,169777
123.2527,169437
123.2568,170153
123.2609,168831
123.2652,169606
123.2695,169514
123.2732,169052
123.2773,169224
123.2817,168729
123.2856,169270
123.2896,169910
123.2937,169516
123.2988,170026
123.3019,168507
123.3060,169883
123.3100,168953
123.3143,169283
123.3186,169502
123.3224,168431
123.3265,169674
123.3311,169396
123.3318,169564
123.3346,169504
123.3387,168481
123.3428,168947
123.3474,169681
123.3511,169134
123.3552,169357
123.3593,168741
123.3633,169696
123.3681,169507
123.3720,169540
123.3757,169704
123.3797,168854
123.3843,169522
123.3879,169320
123.3920,169106
123.3961,169008
123.4002,169522
123.4047,169554
123.4084,169795
123.4125,168922
123.4170,168759
123.4210,168686
123.4248,169587
123.4289,169786
123.4335,169049
123.4370,169079
123.4411,169246
123.4453,169280
123.4504,169695
123.4536,168814
123.4575,168886
123.4617,169694
123.4619,169286
123.4667,169235
123.4698,169489
123.4739,168418
123.4780,169218
123.4823,169558
123.4863,169074
123.4903,169381
123.4944,168544
123.4990,169508
123.5026,169348
123.5066,169919
123.5108,169460
123.5155,168663
123.5191,170167
123.5231,170041
123.5271,169673
123.5329,169613
123.5354,168864
123.5394,169638
123.5435,169188
123.5477,169468
123.5518,169754
123.5558,168502
123.5599,170121
123.5640,169366
123.5683,169644
123.5722,169451
123.5763,168895
123.5805,170320
123.5845,168991
123.5886,169309
123.5887,169605
123.5927,168667
123.5968,170622
123.6010,168908
123.6050,169580
123.6090,169930
123.6132,169092
123.6178,170362
123.6220,169043
123.6255,169957
123.6295,169786
123.6338,168535
123.6380,170606
123.6419,168732
123.6459,169805
123.6507,169665
123.6545,168809
123.6582,170262
123.6623,168472
123.6667,169537
123.6713,169610
123.6753,168742
123.6787,170306
123.6831,168704
123.6872,169656
123.6911,169751
123.6952,169121
123.6995,169844
123.7033,168954
123.7075,169773
123.7115,169231
123.7156,168725
123.7157,170277
123.7197,168325
123.7238,169396
123.7279,169252
123.7329,168695
123.7362,169531
123.7402,168627
123.7442,169009
123.7492,169644
123.7524,168805
123.7565,170025
123.7606,168496
123.7653,169700
123.7690,169829
123.7733,168689
123.7770,169848
123.7818,168267
123.7859,169214
123.7893,169490
123.7934,169201
123.7975,169739
123.8017,168288
123.8060,169200
123.8100,169596
123.8139,169067
123.8191,169453
123.8220,168473
123.8261,169519
123.8303,169553
123.8345,169976
123.8385,169400
123.8425,168576
123.8426,169141
123.8467,169525
123.8507,169883
123.8549,169955
123.8589,168501
123.8631,169937
123.8672,169492
123.8713,169727
123.8753,169719
123.8796,168743
123.8839,169840
123.8879,169554
123.8920,168870
123.8958,169952
123.9002,168500
123.9047,169332
123.9081,169838
123.9122,169578
123.9169,169130
123.9208,168854
123.9244,169424
123.9286,169518
123.9329,169118
123.9368,169203
123.9408,169084
123.9452,169517
123.9493,169601
123.9539,169524
123.9572,168345
123.9614,168742
123.9655,169783
123.9696,169445
123.9697,169172
123.9736,168600
123.9777,168789
123.9822,169423
123.9859,169566
123.9900,169942
123.9941,168618
123.9988,168679
124.0023,169547
124.0063,169553
124.0105,169228
124.0149,168737
124.0187,169211
124.0227,169434
124.0268,169450
124.0309,169284
124.0350,168801
124.0391,169553
124.0432,168822
124.0478,169979
124.0514,169585
124.0555,168236
124.0596,169984
124.0638,169523
124.0678,169293
124.0719,169471
124.0760,168369
124.0801,169668
124.0843,169802
124.0883,168951
124.0924,169325
124.0967,168584
124.0968,170343
124.1017,169187
124.1048,168810
124.1089,169020
124.1129,167679
124.1170,169928
124.1210,169192
124.1251,169144
124.1293,169297
124.1333,168699
124.1374,170423
124.1415,168549
124.1457,168891
124.1497,169445
124.1538,168916
124.1579,170058
124.1622,168418
124.1662,169345
124.1702,169658
124.1743,168200
124.1787,169903
124.1845,168578
124.1866,169098
124.1908,168963
124.1948,167948
124.1989,170703
124.2030,168555
124.2071,169591
124.2111,169382
124.2153,168661
124.2197,169919
124.2236,168537
124.2237,169020
124.2276,168998
124.2317,168314
124.2358,169785
124.2399,167928
124.2439,169119
124.2483,169297
124.2522,168551
124.2563,169821
124.2604,168278
124.2645,169426
124.2686,168988
124.2727,168904
124.2768,169301
124.2809,168171
124.2850,169317
124.2891,168737
124.2931,168692
124.2972,169087
124.3014,167995
124.3054,169203
124.3096,169311
124.3136,169069
124.3177,169650
124.3218,168455
124.3259,169040
124.3299,169304
124.3341,168895
124.3382,169194
124.3423,168078
124.3466,169253
124.3506,169083
124.3507,168440
124.3546,169851
124.3587,168211
124.3628,168928
124.3669,169140
124.3710,169793
124.3751,169503
124.3792,168928
124.3833,169053
124.3874,169077
124.3915,169141
124.3955,168693
124.3997,168207
124.4037,169507
124.4079,169624
124.4120,168929
124.4160,169233
124.4201,168404
124.4241,169456
124.4282,169000
124.4324,169041
124.4365,168900
124.4406,168618
124.4447,169412
124.4488,168680
124.4529,168709
124.4570,168800
124.4611,168479
124.4652,169063
124.4693,168886
124.4735,169584
124.4774,168312
124.4774,169050
124.4816,169115
124.4857,169103
124.4898,169078
124.4938,168002
124.4980,169121
124.5020,168661
124.5061,169254
124.5102,169616
124.5143,168830
124.5183,169222
124.5224,169041
124.5265,169908
124.5306,169266
124.5349,168245
124.5389,168779
124.5429,169514
124.5472,169420
124.5512,169244
124.5553,167853
124.5594,169504
124.5635,169318
124.5676,169566
124.5717,169446
124.5758,168445
124.5799,169368
124.5840,169091
124.5881,169380
124.5921,169265
124.5963,168246
124.6006,169583
124.6046,169187
124.6047,169330
124.6086,169285
124.6126,168548
124.6167,169424
124.6208,168835
124.6249,169234
124.6290,169373
124.6331,168246
124.6372,169917
124.6413,169082
124.6454,169984
124.6494,169664
124.6536,168609
124.6577,170445
124.6618,169017
124.6659,169058
124.6700,169268
124.6740,168618
124.6782,170311
124.6823,169084
124.6864,169737
124.6904,168838
124.6946,168772
124.6986,170622
124.7027,169090
124.7067,169337
124.7108,169534
124.7150,168876
124.7190,170049
124.7231,168498
124.7274,169517
124.7315,169413
124.7356,168478
124.7357,169765
124.7396,167999
124.7436,169512
124.7478,169367
124.7519,168232
124.7560,170292
124.7601,167997
124.7642,169201
124.7683,169023
124.7724,168361
124.7765,170194
124.7806,168841
124.7847,168919
124.7888,169203
124.7929,168991
124.7969,170224
124.8010,168884
124.8051,169238
124.8093,169686
124.8133,169290
124.8174,169912
124.8215,168242
124.8256,169371
124.8297,169046
124.8338,169264
124.8379,169474
124.8420,168681
124.8461,169567
124.8502,169378
124.8545,169211
124.8585,169926
124.8626,168311
124.8627,169444
124.8666,170022
124.8707,169261
124.8747,169953
124.8788,168657
124.8829,169781
124.8870,169052
124.8911,169521
124.8952,169793
124.8992,168742
124.9034,169052
124.9074,169925
124.9115,169472
124.9156,170082
124.9197,168609
124.9238,169686
124.9279,169020
124.9320,169254
124.9361,169568
124.9402,168944
124.9443,169924
124.9484,169482
124.9525,169807
124.9566,169729
124.9607,168889
124.9648,169445
124.9689,169247
124.9730,169841
124.9771,169400
124.9816,168885
124.9854,169482
124.9896,169562
124.9897,169946
124.9935,169884
124.9976,169229
125.0017,169936
125.0058,169555
125.0098,169575
125.0139,169621
125.0181,169225
125.0221,169670
125.0262,169810
125.0304,169368
125.0344,169001
125.0386,169107
125.0427,169923
125.0468,169761
125.0509,169575
125.0550,169012
125.0591,169262
125.0632,169811
125.0673,169866
125.0714,169523
125.0755,169101
125.0796,169720
125.0837,170314
125.0877,169607
125.0919,169349
125.0959,169159
125.1000,169859
125.1042,169259
125.1084,169368
125.1124,169852
125.1165,169001
125.1165,169623
125.1205,169552
125.1246,169407
125.1287,169523
125.1328,168789
125.1369,170407
125.1410,169822
125.1450,169504
125.1491,170165
125.1533,168911
125.1574,170146
125.1615,169293
125.1656,169700
125.1697,169151
125.1737,168447
125.1779,170179
125.1819,169036
125.1861,169541
125.1902,169227
125.1944,169011
125.1985,170459
125.2025,169588
125.2065,169431
125.2106,169836
125.2147,168930
125.2188,169910
125.2229,169670
125.2269,170067
125.2311,169748
125.2354,169472
125.2395,170475
125.2434,169400
125.2435,170435
125.2474,169722
125.2515,168780
125.2556,170403
125.2598,168857
125.2638,169907
125.2679,169810
125.2720,168983
125.2761,170750
125.2802,168794
125.2843,169629
125.2884,169855
125.2925,169174
125.2965,170557
125.3006,168869
125.3048,169553
125.3089,170010
125.3129,169020
125.3170,170751
125.3211,169208
125.3252,169684
125.3293,169550
125.3334,169506
125.3375,170546
125.3416,168582
125.3457,169939
125.3498,169980
125.3539,169304
125.3580,170246
125.3624,168764
125.3665,170094
125.3705,169524
125.3706,169382
125.3744,170339
125.3785,168429
125.3826,170250
125.3867,169521
125.3908,170022
125.3949,170260
125.3990,169515
125.4031,169643
125.4072,170150
125.4113,168914
125.4154,169865
125.4195,169124
125.4236,170083
125.4277,169964
125.4318,169292
125.4359,170068
125.4400,169324
125.4440,169665
125.4482,169760
125.4523,169419
125.4564,170242
125.4605,168481
125.4646,169522
125.4686,169507
125.4728,169478
125.4768,170027
125.4810,168926
125.4850,169727
125.4891,169626
125.4933,169578
125.4973,169626
125.4974,169053
125.5014,169829
125.5055,169719
125.5096,169208
125.5138,169579
125.5178,169024
125.5218,169759
125.5259,169732
125.5300,169722
125.5343,169386
125.5382,169744
125.5424,169344
125.5465,170014
125.5507,169602
125.5547,169369
125.5590,169111
125.5628,169405
125.5669,169689
125.5710,170135
125.5751,169422
125.5793,169253
125.5834,169425
125.5875,169157
125.5916,169612
125.5956,169219
125.5999,169409
125.6038,169932
125.6080,169566
125.6120,169557
125.6162,168585
125.6202,169132
125.6245,169741
125.6245,169935
125.6284,169907
125.6325,168922
125.6366,169461
125.6407,169469
125.6447,169509
125.6488,169875
125.6529,168891
125.6571,170242
125.6612,169578
125.6653,170145
125.6694,169572
125.6735,168800
125.6776,170015
125.6817,169925
125.6857,169997
125.6898,170014
125.6940,169046
125.6989,170003
125.7023,169384
125.7063,169248
125.7104,169548
125.7144,168737
125.7185,170766
125.7227,169125
125.7266,170064
125.7307,169490
125.7348,168735
125.7389,170860
125.7430,169301
125.7473,169970
125.7514,169383
125.7515,169177
125.7554,170366
125.7594,169084
125.7635,169628
125.7677,169742
125.7718,168566
125.7759,170288
125.7800,168573
125.7841,169522
125.7882,169795
125.7922,168884
125.7963,170128
125.8004,168482
125.8045,170029
125.8087,169920
125.8127,168664
125.8168,170398
125.8209,168520
125.8250,169573
125.8291,169729
125.8332,168837
125.8373,170313
125.8414,169121
125.8454,169182
125.8496,169375
125.8537,169234
125.8578,170198
125.8619,168622
125.8660,169539
125.8701,169735
125.8744,169419
125.8784,169829
125.8785,168866
125.8824,169562
125.8865,169116
125.8906,169187
125.8946,169954
125.8987,168013
125.9028,169187
125.9069,169503
125.9110,169215
125.9151,170148
125.9192,169155
125.9233,169538
125.9274,169632
125.9315,169320
125.9356,169887
125.9397,168591
125.9438,169996
125.9479,168978
125.9519,169697
125.9561,169727
125.9602,169078
125.9643,169445
125.9684,169489
125.9725,169296
125.9765,169724
125.9807,168800
125.9848,169683
125.9889,169663
125.9930,169043
125.9971,169871
126.0013,169320
126.0054,169434
126.0054,169916
126.0093,169501
126.0134,169073
126.0175,168479
126.0216,169439
126.0256,169700
126.0297,169514
126.0338,169460
126.0380,168470
126.0422,169349
126.0462,169109
126.0503,168998
126.0544,169348
126.0585,168467
126.0626,169242
126.0667,169835
126.0708,168926
126.0749,169141
126.0790,168900
126.0830,169350
126.0871,169199
126.0912,169037
126.0954,169101
126.0994,169174
126.1035,169353
126.1076,169071
126.1117,169435
126.1158,168761
126.1199,168863
126.1240,169782
126.1282,169298
126.1322,169069
126.1323,168544
126.1363,169122
126.1404,169611
126.1444,169378
126.1485,169134
126.1528,168292
126.1568,169751
126.1609,169012
126.1650,169135
126.1691,169124
126.1732,168235
126.1773,169316
126.1814,169889
126.1855,169569
126.1895,169153
126.1936,168337
126.1977,169399
126.2018,169200
126.2060,169420
126.2100,169289
126.2141,168540
126.2182,169842
126.2223,169641
126.2264,169079
126.2305,169528
126.2347,168597
126.2386,170630
126.2427,168911
126.2468,169382
126.2509,169570
126.2553,168691
126.2592,170383
126.2593,169470
126.2632,169339
126.2673,169859
126.2714,168859
126.2755,170173
126.2796,169262
126.2836,169776
126.2877,169538
126.2919,168771
126.2959,169752
126.3000,168726
126.3041,169708
126.3082,169893
126.3124,169041
126.3164,170503
126.3205,168614
126.3246,169530
126.3287,169454
126.3328,169046
126.3369,170671
126.3410,168580
126.3451,169844
126.3492,170183
126.3533,168890
126.3574,170427
126.3615,168706
126.3656,169090
126.3697,169421
126.3738,168911
126.3779,170294
126.3823,168373
126.3864,170129
126.3904,169048
126.3905,168835
126.3944,169948
126.3985,169047
126.4025,169965
126.4066,169674
126.4108,168796
126.4148,170575
126.4189,168345
126.4230,169470
126.4271,169601
126.4312,169366
126.4353,170205
126.4394,168404
126.4435,169310
126.4476,169503
126.4517,169984
126.4558,169803
126.4599,168736
126.4640,169712
126.4681,170088
126.4722,169193
126.4762,170042
126.4804,168583
126.4844,169140
126.4885,169602
126.4926,169110
126.4967,170257
126.5008,168622
126.5049,169551
126.5091,169465
126.5132,169567
126.5173,170100
126.5174,168503
126.5213,169378
126.5254,169678
126.5295,169784
126.5336,169949
126.5377,168318
126.5418,169460
126.5459,169220
126.5500,169618
126.5541,169899
126.5582,168691
126.5623,169934
126.5663,168983
126.5704,169917
126.5747,169838
126.5787,168981
126.5827,169553
126.5868,169883
126.5909,169567
126.5950,169678
126.5991,168916
126.6033,169760
126.6073,169447
126.6114,168932
126.6155,169230
126.6196,169198
126.6237,169850
126.6278,169193
126.6319,169555
126.6360,169266
126.6402,169105
126.6443,169605
126.6444,169800
126.6482,169633
126.6524,168894
126.6565,169463
126.6606,169704
126.6647,169167
126.6688,169997
126.6729,168615
126.6770,169583
126.6811,169412
126.6851,169307
126.6892,168921
126.6933,168437
126.6974,169709
126.7015,169642
126.7056,169918
126.7097,169460
126.7138,168729
126.7179,169764
126.7220,169553
126.7260,169721
126.7302,169225
126.7343,168596
126.7384,169334
126.7424,169246
126.7465,169959
126.7507,169440
126.7548,168616
126.7588,170681
126.7632,169462
126.7671,169339
126.7713,169055
126.7714,169087
126.7753,169767
126.7794,168688
126.7834,169670
126.7876,169993
126.7917,168627
126.7957,170429
126.7998,169165
126.8039,169366
126.8080,170058
126.8121,169355
126.8162,170507
126.8203,168888
126.8244,169146
126.8285,168880
126.8326,168276
126.8367,170536
126.8408,168799
126.8449,169448
126.8490,169350
126.8531,169167
126.8572,170163
126.8613,168398
126.8654,169465
126.8695,169684
126.8736,168431
126.8777,170413
126.8817,168960
126.8859,169564
126.8899,169759
126.8942,168717
126.8983,170300
126.8983,168583
126.9022,169572
126.9063,169786
126.9104,169002
126.9144,170234
126.9185,168587
126.9227,169606
126.9268,169154
126.9309,169098
126.9350,170549
126.9391,168596
126.9432,169462
126.9472,169646
126.9513,169443
126.9554,169522
126.9595,169077
126.9636,169322
126.9677,169744
126.9718,169021
126.9759,170146
126.9800,168788
126.9841,169728
126.9882,169070
126.9923,169303
126.9965,170040
127.0005,169133
127.0046,169510
127.0086,169424
127.0128,169529
127.0172,169429
127.0211,168744
127.0253,169510
127.0254,169657
127.0292,169321
127.0333,170092
127.0375,168889
127.0414,169641
127.0455,169697
127.0497,169575
127.0538,169876
127.0579,168740
127.0620,169423
127.0661,169328
127.0701,169452
127.0742,169963
127.0783,168623
127.0824,169518
127.0865,169924
127.0906,169666
127.0947,169377
127.0988,168545
127.1029,169704
127.1070,169192
127.1112,170286
127.1151,169542
127.1192,168919
127.1233,170189
127.1275,169345
127.1316,169060
127.1357,169353
127.1398,169283
127.1439,169148
127.1481,169695
127.1521,169600
127.1522,168797
127.1561,169144
127.1602,169688
127.1643,169705
127.1684,169950
127.1726,168558
127.1767,169593
127.1807,169366
127.1848,169197
127.1889,169547
127.1930,169180
127.1971,169285
127.2012,169463
127.2053,169135
127.2094,169442
127.2135,168374
127.2176,169817
127.2217,169631
127.2257,169521
127.2299,169714
127.2340,168489
127.2381,169619
127.2421,169552
127.2462,168881
127.2504,169319
127.2545,168841
127.2585,169569
127.2626,169329
127.2668,169034
127.2709,169662
127.2752,168221
127.2793,170089
127.2833,168934
127.2834,168743
127.2872,169642
127.2913,168791
127.2954,170620
127.2995,168907
127.3036,169505
127.3077,169280
127.3118,168219
127.3159,170048
127.3200,169102
127.3241,169265
127.3281,169396
127.3322,168649
127.3363,170496
127.3404,169206
127.3445,169215
127.3487,169296
127.3528,168950
127.3569,170261
127.3610,168809
127.3650,169053
127.3691,169884
127.3732,168515
127.3774,170696
127.3814,168525
127.3855,169799
127.3896,169130
127.3937,168849
127.3978,170701
127.4020,168390
127.4061,169234
127.4101,169136
127.4102,169228
127.4141,170242
127.4182,168150
127.4224,169245
127.4265,169263
127.4306,168867
127.4347,171014
127.4388,168806
127.4429,170234
127.4471,170075
127.4511,168561
127.4552,170399
127.4593,168658
127.4634,169199
127.4674,169357
127.4715,168729
127.4756,170372
127.4798,168618
127.4838,169951
127.4879,169627
127.4920,169049
127.4961,169815
127.5002,168487
127.5043,169210
127.5083,169586
127.5125,168798
127.5166,170230
127.5207,168980
127.5247,169949
127.5289,169832
127.5331,169790
127.5372,169808
127.5373,168775
127.5412,169301
127.5452,169155
127.5493,169257
127.5535,169953
127.5576,168387
127.5617,169120
127.5658,169435
127.5699,169742
127.5740,169725
127.5779,169192
127.5821,169449
127.5862,169587
127.5903,169210
127.5944,169566
127.5985,168676
127.6026,169257
127.6067,169217
127.6108,169401
127.6149,169482
127.6189,169219
127.6231,169429
127.6271,169777
127.6313,169457
127.6353,169071
127.6394,169016
127.6436,169816
127.6477,169615
127.6517,169355
127.6560,169674
127.6601,169146
127.6642,169726
127.6643,169547
127.6682,169354
127.6722,169238
127.6763,169112
127.6804,169790
127.6845,169663
127.6886,169717
127.6928,168985
127.6968,169861
127.7009,169509
127.7050,169714
127.7091,169740
127.7132,168846
127.7173,169064
127.7214,169728
127.7255,170107
127.7296,169411
127.7337,168832
127.7378,169301
127.7418,169812
127.7460,169553
127.7501,169204
127.7542,168853
127.7582,170147
127.7624,169517
127.7665,169401
127.7706,169868
127.7746,168612
127.7787,169980
127.7829,170303
127.7871,169289
127.7911,170124
127.7912,168938
127.7951,170122
127.7992,169542
127.8033,169484
127.8073,169231
127.8115,168154
127.8156,170333
127.8197,169615
127.8238,169356
127.8279,169746
127.8320,168627
127.8361,170163
127.8403,169280
127.8443,169349
127.8483,169981
127.8525,168544
127.8565,170435
127.8606,169556
127.8647,169741
127.8688,169741
127.8729,168800
127.8770,170489
127.8811,168464
127.8852,169881
127.8893,169219
127.8934,168668
127.8975,170219
127.9015,168147
127.9056,169559
127.9098,169477
127.9141,168881
127.9181,170146
127.9182,168469
127.9221,169298
127.9262,169155
127.9303,168997
127.9344,169993
127.9385,168802
127.9426,169336
127.9466,169279
127.9508,168998
127.9548,170243
127.9590,168410
127.9631,169618
127.9672,169134
127.9713,168667
127.9753,170773
127.9794,168691
127.9835,170068
127.9876,169655
127.9917,169142
127.9958,169767
127.9999,168589
128.0040,169528
128.0080,169327
128.0122,169222
128.0163,170492
128.0204,169032
128.0245,169518
128.0285,169766
128.0326,169023
128.0367,170128
128.0411,167908
128.0451,169570
128.0452,169527
128.0491,168995
128.0532,169806
128.0573,169295
128.0614,169848
128.0654,169238
128.0695,169328
128.0736,169639
128.0777,168581
128.0818,169807
128.0859,169940
128.0900,169056
128.0941,170029
128.0982,168808
128.1023,169484
128.1064,169235
128.1105,169600
128.1146,169704
128.1187,169247
128.1228,169815
128.1269,169475
128.1310,168832
128.1351,169735
128.1392,168934
128.1433,169669
128.1473,169637
128.1514,169641
128.1555,170159
128.1597,168334
128.1638,169539
128.1680,169671
128.1720,169784
128.1761,169475
128.1762,168799
128.1801,169543
128.1842,169107
128.1883,169390
128.1924,169294
128.1964,169232
128.2006,169771
128.2046,169386
128.2088,169719
128.2129,169383
128.2170,168864
128.2211,169312
128.2251,169619
128.2293,169257
128.2334,168995
128.2375,169204
128.2415,169328
128.2456,169464
128.2498,168867
128.2538,168653
128.2579,169619
128.2620,169267
128.2662,169477
128.2702,169534
128.2744,169143
128.2783,169588
128.2824,169709
128.2866,169762
128.2907,169613
128.2950,168543
128.2990,170086
128.2991,169782
128.3030,169714
128.3071,169362
128.3112,168104
128.3154,169547
128.3194,169109
128.3234,169753
128.3275,169927
128.3317,168548
128.3358,170135
128.3399,169321
128.3440,169239
128.3481,169471
128.3521,168578
128.3563,170510
128.3603,168860
128.3644,169925
128.3685,169969
128.3726,168650
128.3766,170663
128.3808,169128
128.3848,169180
128.3889,169578
128.3930,168703
128.3971,170688
128.4012,168929
128.4053,169517
128.4094,169233
128.4136,169103
128.4177,170167
128.4221,168963
128.4261,169780
128.4262,169471
128.4300,168444
128.4341,170252
128.4382,169325
128.4423,169983
128.4463,169890
128.4504,169196
128.4546,170453
128.4586,168309
128.4627,169263
128.4668,170138
128.4709,168915
128.4750,170479
128.4791,168825
128.4832,169191
128.4873,169247
128.4914,168629
128.4955,169941
128.4996,168581
128.5037,169058
128.5077,170000
128.5119,168704
128.5160,170313
128.5201,168228
128.5242,169402
128.5283,169689
128.5324,169276
128.5365,169775
128.5406,168800
128.5447,169611
128.5489,169730
128.5529,168852
128.5571,170182
128.5572,168107
128.5610,169796
128.5652,169592
128.5693,169000
128.5733,170798
128.5774,168835
128.5815,169652
128.5856,169523
128.5897,169407
128.5938,170020
128.5979,168627
128.6020,169169
128.6061,169367
128.6103,169496
128.6142,169953
128.6183,169124
128.6224,169276
128.6266,169637
128.6307,169470
128.6348,169622
128.6389,168615
128.6429,169636
128.6470,169698
128.6511,169830
128.6553,169694
128.6593,168748
128.6634,169900
128.6675,169453
128.6716,169329
128.6758,170008
128.6800,168731
128.6841,169752
128.6842,169603
128.6880,169813
128.6921,169981
128.6962,168644
128.7003,169339
128.7043,169643
128.7085,169251
128.7126,169430
128.7167,168839
128.7208,169948
128.7248,169523
128.7290,169574
128.7331,169301
128.7372,169000
128.7412,169590
128.7454,169828
128.7495,169407
128.7535,169651
128.7575,168916
128.7618,169917
128.7659,169980
128.7700,169656
128.7740,169215
128.7781,169404
128.7822,169292
128.7863,169612
128.7904,169601
128.7945,169108
128.7987,169564
128.8029,169296
128.8068,169930
128.8110,169677
128.8111,169144
128.8150,169555
128.8190,169450
128.8232,169814
128.8273,169771
128.8314,168697
128.8355,170030
128.8396,169511
128.8437,169245
128.8477,169796
128.8518,168878
128.8559,169726
128.8601,168906
128.8642,169411
128.8683,169561
128.8723,168402
128.8764,170066
128.8805,169395
128.8846,169717
128.8886,169716
128.8928,168555
128.8969,169817
128.9010,169523
128.9051,169501
128.9092,169279
128.9133,168505
128.9174,170290
128.9215,168954
128.9256,169420
128.9297,169754
128.9339,168538
128.9381,170517
128.9381,169147
128.9420,169231
128.9460,169823
128.9501,168717
128.9542,170654
128.9583,168878
128.9624,169662
128.9665,169962
128.9706,168916
128.9746,170493
128.9788,168913
128.9829,169657
128.9870,169284
128.9910,168663
128.9952,170536
128.9993,168647
129.0033,170222
129.0074,169477
129.0116,169186
129.0157,170282
129.0198,168643
129.0239,169368
129.0280,169717
129.0321,168890
129.0361,170374
129.0403,168289
129.0443,169997
129.0484,169625
129.0525,168837
129.0567,169938
129.0607,168186
129.0649,169755
129.0649,169372
129.0689,169256
129.0730,170393
129.0771,168591
129.0812,169667
129.0853,169479
129.0893,169355
129.0935,170264
129.0975,168710
129.1016,169188
129.1058,169635
129.1099,169399
129.1140,169962
129.1181,168440
129.1222,169872
129.1263,170031
129.1304,169206
129.1345,169832
129.1385,168872
129.1426,169633
129.1467,169434
129.1508,169037
129.1549,169352
129.1590,168929
129.1631,169645
129.1672,169454
129.1712,169451
129.1754,169745
129.1794,168498
129.1835,169917
129.1877,169567
129.1919,169227
129.1920,169660
129.1959,168988
129.2000,168939
129.2041,169863
129.2082,169717
129.2123,169380
129.2164,169025
129.2205,169240
129.2245,169417
129.2286,169572
129.2328,169660
129.2369,169453
129.2409,169708
129.2450,169676
129.2491,169675
129.2533,169479
129.2572,169438
129.2614,169593
129.2655,169775
129.2696,170024
129.2738,169040
129.2778,168972
129.2819,169682
129.2860,169313
129.2902,168991
129.2942,169216
129.2983,169207
129.3024,169661
129.3065,169457
129.3105,170276
129.3148,168932
129.3189,169136
129.3190,169297
129.3229,169431
129.3270,169878
129.3311,168496
129.3352,169498
129.3393,169354
129.3433,169746
129.3475,169760
129.3516,168790
129.3556,170117
129.3598,170050
129.3638,169684
129.3679,169257
129.3720,167986
129.3762,169628
129.3802,169771
129.3843,170195
129.3884,169859
129.3925,168736
129.3966,170300
129.4007,169321
129.4048,169350
129.4089,169359
129.4130,168795
129.4171,169955
129.4212,169143
129.4253,169618
129.4293,169377
129.4335,168445
129.4376,169981
129.4418,169028
129.4458,169378
129.4500,169265
129.4501,169143
129.4539,170570
129.4581,169165
129.4621,169451
129.4663,169351
129.4703,167909
129.4744,170261
129.4785,168785
129.4826,169947
129.4867,169588
129.4908,168635
129.4949,170660
129.4990,168928
129.5031,169497
129.5071,169369
129.5113,168823
129.5153,169937
129.5195,168255
129.5236,169501
129.5276,169496
129.5318,169014
129.5359,170099
129.5400,168443
129.5441,169585
129.5481,169765
129.5523,169221
129.5563,170119
129.5604,168405
129.5646,169736
129.5687,169763
129.5729,169241
129.5770,170426
129.5771,168579
129.5809,169592
129.5850,169376
129.5890,168653
129.5932,170221
129.5973,168700
129.6014,169725
129.6055,168914
129.6096,169170
129.6137,170347
129.6178,168433
129.6219,169661
129.6261,169572
129.6301,169438
129.6341,170203
129.6382,169048
129.6423,169829
129.6464,169562
129.6505,169351
129.6546,169547
129.6588,168715
129.6629,169886
129.6668,170100
129.6709,169242
129.6751,169786
129.6792,168837
129.6833,169449
129.6874,169184
129.6915,169079
129.6961,169597
129.7001,168109
129.7038,169244
129.7039,169574
129.7079,169288
129.7120,169877
129.7160,168328
129.7201,169308
129.7242,169561
129.7284,169512
129.7325,169761
129.7365,168857
129.7406,169768
129.7447,169533
129.7489,169184
129.7529,169771
129.7569,168714
129.7611,169811
129.7653,169697
129.7693,169683
129.7735,169466
129.7777,169228
129.7820,169702
129.7857,169491
129.7897,169069
129.7953,169643
129.7979,169504
129.8020,170232
129.8061,168837
129.8113,169270
129.8144,169180
129.8184,168968
129.8227,169173
129.8266,169461
129.8308,169217
129.8309,168573
129.8348,170028
129.8389,169996
129.8433,169660
129.8474,169891
129.8512,168650
129.8552,169877
129.8594,169027
129.8644,169461
129.8675,170069
129.8716,168790
129.8758,169526
129.8805,169598
129.8839,169647
129.8880,169357
129.8921,168768
129.8970,170317
129.9003,169695
129.9044,169659
129.9085,169471
129.9134,168286
129.9168,170267
129.9209,169084
129.9249,170006
129.9296,168973
129.9332,169128
129.9372,170238
129.9413,169407
129.9454,170006
129.9496,169642
129.9536,168634
129.9576,170179
129.9577,169044
129.9625,169711
129.9659,170183
129.9699,168420
129.9740,170717
129.9789,169185
129.9822,169413
129.9863,169468
129.9904,169227
129.9959,170514
129.9987,169445
130.0028,169388
130.0068,169502
130.0110,168682
130.0155,170629
130.0191,168582
130.0232,169323
130.0281,169626
130.0314,168751
130.0355,170251
130.0396,168891
130.0444,169407
130.0480,169589
130.0518,169004
130.0560,170413
130.0624,168602
130.0647,169720
130.0683,170072
130.0724,169021
130.0781,170713
130.0806,169033
130.0846,169348
130.0847,169386
130.0887,168849
130.0932,170356
130.0976,168710
130.1010,169329
130.1051,169244
130.1092,169265
130.1133,170045
130.1174,168341
130.1215,169494
130.1256,169067
130.1305,169307
130.1338,170554
130.1378,168403
130.1420,169362
130.1468,169440
130.1502,169114
130.1543,170651
130.1584,168836
130.1631,169757
130.1665,169660
130.1706,169816
130.1749,170519
130.1793,168517
130.1829,169918
130.1870,169694
130.1911,169746
130.1958,169702
130.1994,168413
130.2035,169838
130.2075,170162
130.2121,169878
130.2130,170154
130.2157,168709
130.2198,169589
130.2239,169956
130.2286,169775
130.2321,170235
130.2363,168978
130.2403,169884
130.2444,169706
130.2485,169592
130.2525,169965
130.2566,168989
130.2617,169307
130.2653,169840
130.2689,169432
130.2730,169637
130.2785,168772
130.2817,169635
130.2855,169463
130.2895,169575
130.2948,169038
130.2979,169087
130.3017,169850
130.3058,169747
130.3112,169392
130.3149,169953
130.3182,169245
130.3222,169799
130.3285,169689
130.3308,169869
130.3346,169131
130.3387,169553
130.3388,169025
130.3427,169456
130.3471,169016
130.3508,168299
130.3550,169392
130.3592,169753
130.3635,169614
130.3672,169415
130.3713,169396
130.3754,169956
130.3799,169534
130.3836,169772
130.3877,169544
130.3919,168741
130.3960,169924
130.4000,169965
130.4041,169988
130.4083,169472
130.4123,168683
130.4164,169574
130.4205,169342
130.4246,169350
130.4291,169937
130.4328,168771
130.4369,170489
130.4410,170263
130.4462,169448
130.4492,169883
130.4532,168945
130.4576,171184
130.4623,169768
130.4656,169852
130.4657,170404
130.4696,168838
130.4737,170465
130.4784,169670
130.4819,169926
130.4860,169822
130.4901,168989
130.4948,170708
130.4984,169092
130.5025,169880
130.5066,169936
130.5111,168535
130.5147,170262
130.5188,169677
130.5229,169361
130.5275,170030
130.5311,168869
130.5352,170520
130.5393,169314
130.5454,170270
130.5478,169796
130.5515,169155
130.5556,170842
130.5610,168878
130.5642,169411
130.5679,170145
130.5720,168954
130.5776,170740
130.5805,168808
130.5843,169894
130.5886,169797
130.5927,168320
130.5942,169981
130.5972,168736
130.6007,169513
130.6048,169462
130.6089,168660
130.6136,171383
130.6171,168900
130.6212,169990
130.6253,169924
130.6298,168613
130.6339,170628
130.6376,168991
130.6417,169557
130.6463,170014
130.6503,169799
130.6542,170291
130.6581,168800
130.6630,169955
130.6669,170062
130.6704,169091
130.6746,170551
130.6789,168706
130.6829,169941
130.6871,169739
130.6908,169176
130.6957,170068
130.6994,168912
130.7032,169915
130.7073,169524
130.7140,169409
130.7154,170453
130.7195,169053
130.7238,170123
130.7241,169844
130.7284,169325
130.7318,170201
130.7359,168890
130.7399,170099
130.7449,170357
130.7485,169680
130.7528,169911
130.7563,169166
130.7607,169887
130.7649,169587
130.7686,169500
130.7727,170028
130.7782,168683
130.7819,169458
130.7850,169861
130.7891,169873
130.7943,169887
130.7981,169034
130.8016,169381
130.8055,169708
130.8115,169830
130.8145,169902
130.8178,169173
130.8219,170102
130.8293,169775
130.8302,170269
130.8342,169437
130.8383,169259
130.8427,169509
130.8467,169712
130.8508,169875
130.8509,169274
130.8547,169276
130.8588,169792
130.8629,169872
130.8671,169559
130.8711,169190
130.8752,169926
130.8796,169902
130.8842,169833
130.8874,169424
130.8916,168569
130.8964,169661
130.8997,169677
130.9038,169348
130.9080,169522
130.9127,168847
130.9161,169324
130.9202,169899
130.9243,170309
130.9285,169563
130.9328,168820
130.9365,169674
130.9407,169723
130.9448,169993
130.9494,169432
130.9529,169090
130.9571,169927
130.9617,169816
130.9659,169422
130.9694,169465
130.9738,168523
130.9777,170303
130.9779,169640
130.9821,169065
130.9857,169803
130.9898,168971
130.9948,170000
130.9989,169142
131.0022,169756
131.0062,169597
131.0116,168639
131.0150,170680
131.0185,169743
131.0226,170046
131.0278,169426
131.0312,168802
131.0353,170873
131.0389,169048
131.0439,169533
131.0477,169849
131.0518,169088
131.0555,171234
131.0605,169403
131.0637,169798
131.0677,169389
131.0720,168954
131.0759,170755
131.0805,168634
131.0842,169763
131.0881,169479
131.0942,168976
131.0965,171298
131.1005,169029
131.1045,170127
131.1045,169768
131.1087,169278
131.1131,170751
131.1174,169032
131.1210,169884
131.1251,170171
131.1291,169439
131.1341,170365
131.1377,168667
131.1414,169689
131.1459,169655
131.1498,169242
131.1537,170347
131.1579,168731
131.1627,169893
131.1665,169636
131.1705,169219
131.1742,170504
131.1787,168896
131.1830,169990
131.1869,169922
131.1905,169415
131.1946,169623
131.1995,168991
131.2028,169290
131.2070,169426
131.2129,169324
131.2151,170464
131.2192,168864
131.2237,170198
131.2291,170093
131.2316,169046
131.2316,170058
131.2355,168908
131.2396,169650
131.2452,169704
131.2480,169870
131.2520,170634
131.2561,168842
131.2611,169970
131.2651,169592
131.2683,169146
131.2724,170351
131.2773,169287
131.2814,169986
131.2847,170151
131.2888,169508
131.2947,170611
131.2974,168418
131.3011,169813
131.3052,169746
131.3124,169679
131.3136,169629
131.3175,169235
131.3216,169869
131.3260,169675
131.3304,169635
131.3338,169845
131.3380,168803
131.3441,170163
131.3465,169303
131.3513,169242
131.3545,169543
131.3587,169156
131.3601,169524
131.3630,170073
131.3667,169407
131.3707,169514
131.3748,169749
131.3793,169533
131.3837,169685
131.3871,169710
131.3913,168744
131.3955,169396
131.3995,170044
131.4036,170026
131.4077,170065
131.4120,169021
131.4164,169437
131.4199,169736
131.4240,169805
131.4287,169596
131.4323,168887
131.4362,169678
131.4404,169677
131.4449,170102
131.4489,169658
131.4528,168922
131.4569,169998
131.4611,169750
131.4653,169473
131.4690,169370
131.4731,168747
131.4780,170216
131.4814,169760
131.4855,169242
131.4856,170202
131.4895,168595
131.4944,169739
131.4981,169108
131.5018,169920
131.5059,169560
131.5110,168810
131.5148,170250
131.5183,169619
131.5224,170055
131.5272,169659
131.5311,169227
131.5346,170376
131.5386,169455
131.5436,169711
131.5473,169462
131.5509,168478
131.5550,171185
131.5604,168437
131.5637,169508
131.5674,170034
131.5714,168757
131.5770,170652
131.5797,168917
131.5838,169810
131.5878,169216
131.5950,168703
131.5962,170507
131.6003,168909
131.6042,169863
131.6087,169458
131.6124,169406
131.6124,170685
131.6165,168849
131.6206,170528
131.6247,169687
131.6297,169655
131.6330,170636
131.6370,168530
131.6413,169749
131.6481,169863
131.6501,169132
131.6535,170287
131.6576,168458
131.6619,169661
131.6662,169434
131.6699,169017
131.6739,170243
131.6783,169244
131.6829,169518
131.6861,170527
131.6903,168820
131.6948,170653
131.6986,168565
131.7025,169517
131.7067,169789
131.7114,169013
131.7153,170548
131.7190,169473
131.7230,169534
131.7272,169571
131.7316,169272
131.7354,170245
131.7394,168988
131.7394,169534
131.7441,169656
131.7488,169509
131.7516,170645
131.7557,168935
131.7599,169559
131.7643,169993
131.7689,169448
131.7721,169962
131.7774,169249
131.7817,169935
131.7845,169611
131.7886,169202
131.7946,169840
131.7977,168596
131.8008,170320
131.8049,169683
131.8104,169552
131.8138,169647
131.8173,168820
131.8213,169609
131.8274,169740
131.8304,169749
131.8335,169796
131.8376,169028
131.8436,169750
131.8472,169749
131.8499,169660
131.8540,170032
131.8587,169395
131.8624,169676
131.8665,169467
131.8665,170291
131.8704,169679
131.8745,169099
131.8786,169882
131.8830,169578
131.8868,169602
131.8909,169543
131.8954,168941
131.8994,169690
131.9032,169541
131.9073,169518
131.9117,169660
131.9157,169409
131.9198,170399
131.9238,169780
131.9283,169943
131.9322,168931
131.9360,169364
131.9402,169840
131.9448,169807
131.9483,169522
131.9523,168987
131.9565,170122
131.9610,170362
131.9655,170048
131.9687,169874
131.9728,168136
131.9774,169533
131.9811,169727
131.9855,169813
131.9893,169834
131.9939,169019
131.9940,169660
131.9975,170175
132.0016,169570
132.0056,169536
132.0112,169187
132.0140,170175
132.0183,170114
132.0220,169851
132.0274,169817
132.0304,169055
132.0344,170111
132.0384,169208
132.0440,169345
132.0474,169586
132.0516,168692
132.0547,170832
132.0606,169760
132.0637,169395
132.0670,169825
132.0711,168519
132.0766,170154
132.0800,170305
132.0837,170116
132.0876,170243
132.0934,168997
132.0970,170417
132.0998,169228
132.1039,169917
132.1080,170091
132.1123,169250
132.1162,170290
132.1202,169133
132.1203,169507
132.1244,169744
132.1292,168865
132.1327,170868
132.1367,168905
132.1408,169937
132.1453,169683
132.1492,169023
132.1530,170351
132.1572,168611
132.1618,170007
132.1656,169772
132.1694,169205
132.1736,171004
132.1780,168645
132.1823,169552
132.1863,169830
132.1901,169022
132.1942,170782
132.1987,168648
132.2023,169339
132.2063,170250
132.2108,169393
132.2149,170328
132.2186,168799
132.2227,169898
132.2278,169825
132.2315,169424
132.2351,170150
132.2391,169452
132.2442,169717
132.2474,169791
132.2475,168872
132.2513,170410
132.2554,169083
132.2613,170233
132.2641,169851
132.2678,169845
132.2719,170449
132.2773,168758
132.2816,169977
132.2842,169792
132.2882,169703
132.2944,169802
132.2968,169402
132.3005,169789
132.3046,170018
132.3100,169540
132.3136,170012
132.3169,168901
132.3210,169906
132.3267,170208
132.3295,169820
132.3336,169716
132.3378,169445
132.3419,169986
132.3458,169603
132.3500,169408
132.3538,169493
132.3579,168928
132.3623,169799
132.3668,169905
132.3703,169827
132.3743,169742
132.3744,168698
132.3789,170254
132.3827,169517
132.3865,170022
132.3906,169766
132.3961,169225
132.3988,169652
132.4029,169800
132.4080,169827
132.4122,169425
132.4153,169498
132.4193,170152
132.4235,169767
132.4281,169925
132.4316,169035
132.4357,168595
132.4399,169729
132.4442,169815
132.4487,169535
132.4520,169191
132.4561,169002
132.4608,170048
132.4648,169424
132.4685,169729
132.4725,168701
132.4773,169334
132.4814,169990
132.4849,169786
132.4889,170052
132.4932,168935
132.4972,169794
132.5013,169782
132.5053,169488
132.5054,169610
132.5101,168790
132.5139,170154
132.5176,170369
132.5217,169502
132.5264,170092
132.5302,169334
132.5345,170031
132.5381,169890
132.5435,170076
132.5469,169706
132.5505,168779
132.5545,170270
132.5594,169252
132.5630,169513
132.5675,170050
132.5709,168899
132.5771,170243
132.5793,169512
132.5836,169332
132.5872,169369
132.5927,168662
132.5954,170248
132.6002,169404
132.6036,169249
132.6080,169492
132.6124,168937
132.6159,170495
132.6200,169682
132.6242,169298
132.6282,169284
132.6323,168357
132.6324,170123
132.6363,169079
132.6406,169231
132.6453,169123
132.6488,168842
132.6527,170271
132.6569,168921
132.6616,169440
132.6652,169932
132.6691,169028
132.6732,170334
132.6777,169031
132.6822,169800
132.6855,169674
132.6896,169049
132.6946,170520
132.6978,168829
132.7019,169497
132.7060,169626
132.7110,168411
132.7142,169935
132.7183,168762
132.7224,169548
132.7267,169682
132.7308,168847
132.7354,170283
132.7388,168736
132.7433,169510
132.7476,169403
132.7512,169165
132.7552,169845
132.7593,168905
132.7598,169184
132.7635,169205
132.7674,169326
132.7715,169583
132.7763,168358
132.7803,169773
132.7838,170045
132.7879,169218
132.7930,170058
132.7963,168635
132.8002,169592
132.8043,169821
132.8096,169312
132.8129,170317
132.8166,168739
132.8207,169769
132.8261,169470
132.8299,169439
132.8329,169880
132.8370,168719
132.8426,170053
132.8453,169368
132.8499,169128
132.8534,169463
132.8575,169140
132.8627,169816
132.8658,169366
132.8699,169250
132.8740,169979
132.8785,169228
132.8821,169186
132.8862,169178
132.8863,169261
132.8903,169615
132.8949,168596
132.8993,169765
132.9027,168915
132.9067,169358
132.9114,169140
132.9155,169536
132.9190,169500
132.9232,169198
132.9278,169178
132.9316,169499
132.9353,169162
132.9395,169681
132.9438,169386
132.9482,169531
132.9517,169277
132.9558,169017
132.9605,169634
132.9647,169540
132.9685,169005
132.9722,168516
132.9765,169662
132.9807,169424
132.9846,169368
132.9886,169449
132.9931,168863
132.9973,169204
133.0010,169475
133.0050,169092
133.0097,169090
133.0133,168448
133.0134,169838
133.0173,169761
133.0213,169656
133.0267,169617
133.0303,168694
133.0336,169426
133.0378,169143
133.0428,169410
133.0462,169272
133.0500,168492
133.0541,169224
133.0602,169299
133.0632,169476
133.0664,168829
133.0705,168583
133.0778,170162
133.0788,169431
133.0828,169904
133.0869,169660
133.0932,168660
133.0954,169649
133.0995,169026
133.1033,169107
133.1077,169196
133.1124,168189
133.1156,169942
133.1197,168955
133.1238,169437
133.1283,169378
133.1326,168282
133.1362,170220
133.1402,168619
133.1403,169426
133.1447,169524
133.1491,168916
133.1525,170360
133.1566,169169
133.1609,170148
133.1648,169224
133.1688,168677
133.1730,170575
133.1776,168770
133.1811,168921
133.1852,168997
133.1895,168683
133.1939,169940
133.1976,169332
133.2016,169469
133.2058,169776
133.2099,168025
133.2143,170113
133.2179,168712
133.2220,169657
133.2271,169760
133.2309,169251
133.2344,170567
133.2384,168673
133.2434,169261
133.2476,169238
133.2508,168686
133.2549,170316
133.2593,168139
133.2633,169311
133.2673,169615
133.2675,168990
133.2712,170472
133.2763,168186
133.2800,169665
133.2835,169817
133.2876,169381
133.2931,169975
133.2970,168998
133.2999,169018
133.3040,169706
133.3097,169241
133.3124,170061
133.3165,168413
133.3204,169416
133.3258,169594
133.3295,168615
133.3328,169649
133.3368,168396
133.3441,169968
133.3449,169456
133.3490,169185
133.3531,170036
133.3572,168796
133.3620,169257
133.3657,169810
133.3695,169344
133.3736,169617
133.3782,168701
133.3818,169191
133.3859,169022
133.3901,168864
133.3941,169410
133.3982,168874
133.3983,169049
133.4023,169784
133.4064,168964
133.4108,169560
133.4146,167731
133.4186,168903
133.4228,169459
133.4274,169491
133.4311,169190
133.4350,168887
133.4391,169594
133.4441,168735
133.4478,168572
133.4514,169470
133.4557,168191
133.4615,169414
133.4639,169239
133.4678,168950
133.4719,169136
133.4765,168518
133.4807,169614
133.4844,169364
133.4883,169153
133.4931,168847
133.4973,169151
133.5007,169464
133.5048,169290
133.5092,169185
133.5133,168789
133.5171,168700
133.5212,169162
133.5258,169171
133.5265,168927
133.5294,168873
133.5337,168782
133.5374,169347
133.5427,169382
133.5460,169235
133.5502,168765
133.5538,168815
133.5580,169315
133.5628,169026
133.5662,168993
133.5702,168748
133.5773,169292
133.5788,169346
133.5826,169028
133.5866,169166
133.5936,168664
133.5954,169559
133.5989,169684
133.6030,169377
133.6071,169553
133.6117,168785
133.6159,169843
133.6193,168859
133.6235,168707
133.6286,169348
133.6319,168507
133.6358,170166
133.6399,169117
133.6440,169172
133.6481,169293
133.6522,167731
133.6523,169774
133.6563,168978
133.6619,169582
133.6654,170099
133.6693,168482
133.6736,170282
133.6789,168952
133.6813,169679
133.6853,169656
133.6891,168793
133.6934,170286
133.6980,168987
133.7013,169295
133.7055,169293
133.7128,168525
133.7139,170072
133.7182,168592
133.7218,169135
133.7262,169426
133.7304,168585
133.7341,170272
133.7382,168707
133.7435,169301
133.7470,168811
133.7504,168662
133.7545,170350
133.7591,168551
133.7635,169001
133.7668,169715
133.7712,168377
133.7753,169811
133.7791,168365
133.7792,169127
133.7832,169049
133.7872,168660
133.7926,169944
133.7960,168271
133.7997,169070
133.8037,168782
133.8094,169201
133.8124,169645
133.8159,168369
133.8200,169273
133.8265,168627
133.8287,168426
133.8324,169474
133.8364,168507
133.8412,169734
133.8451,169501
133.8487,168632
133.8528,169898
133.8586,168356
133.8613,169172
133.8651,169285
133.8692,169338
133.8734,169592
133.8783,168660
133.8818,169470
133.8856,169296
133.8897,169211
133.8947,169659
133.8980,168110
133.9021,169371
133.9062,169499
133.9063,169188
133.9110,168892
133.9148,167728
133.9183,169247
133.9226,168642
133.9268,169380
133.9311,169432
133.9347,168309
133.9389,169373
133.9437,169061
133.9477,169175
133.9511,169702
133.9554,168549
133.9598,168866
133.9640,169239
133.9675,169376
133.9716,169268
133.9763,168518
133.9801,169085
133.9839,168992
133.9880,169225
133.9928,169194
133.9968,168523
134.0003,169202
134.0044,169612
134.0095,169423
134.0131,169180
134.0168,169021
134.0208,169601
134.0262,170051
134.0291,169841
134.0331,168880
134.0332,168963
134.0372,168903
134.0428,169064
134.0465,169272
134.0494,169141
134.0535,169425
134.0588,169276
134.0624,169939
134.0664,169053
134.0699,168742
134.0766,169568
134.0785,169622
134.0831,169188
134.0868,169470
134.0926,168407
134.0952,169210
134.0986,169553
134.1027,169496
134.1071,169312
134.1120,168832
134.1150,169835
134.1190,170002
134.1232,169645
134.1281,169590
134.1317,168510
134.1355,170203
134.1396,169392
134.1444,169288
134.1484,169495
134.1518,168725
134.1561,169885
134.1600,169224
134.1601,168907
134.1641,169894
134.1682,168308
134.1723,169664
134.1769,169441
134.1808,169157
134.1847,169731
134.1889,168531
134.1933,170341
134.1973,168788
134.2013,169627
134.2052,169192
134.2100,168806
134.2138,170085
134.2173,168787
134.2214,169765
134.2259,170062
134.2300,169271
134.2343,170048
134.2378,168675
134.2424,169966
134.2464,168950
134.2501,168667
134.2542,170426
134.2586,168592
134.2624,170223
134.2665,169226
134.2706,168752
134.2761,170482
134.2794,169259
134.2830,170318
134.2871,169249
134.2871,168994
134.2925,170618
134.2960,168509
134.2993,170028
134.3034,169870
134.3085,169341
134.3121,169793
134.3156,168052
134.3197,169441
134.3257,169802
134.3286,169146
134.3320,170442
134.3362,168626
134.3423,169298
134.3452,169863
134.3484,168827
134.3525,170726
134.3582,168911
134.3611,169072
134.3651,169832
134.3690,168679
134.3730,170547
134.3782,168454
134.3812,169991
134.3853,169852
134.3894,169664
134.3944,169586
134.3976,168756
134.4017,169863
134.4058,169218
134.4105,169442
134.4141,169993
134.4142,168834
134.4180,169641
134.4225,169399
134.4279,170028
134.4312,169730
134.4349,168855
134.4389,169270
134.4436,169240
134.4472,169483
134.4508,170079
134.4550,168369
134.4593,169784
134.4638,169103
134.4675,169472
134.4713,169828
134.4762,168986
134.4800,170023
134.4836,169358
134.4877,169702
134.4921,169975
134.4966,169123
134.5000,169819
134.5041,169708
134.5094,169588
134.5126,169387
134.5164,168733
134.5205,169618
134.5253,169750
134.5292,169581
134.5328,169362
134.5369,169386
134.5427,170065
134.5448,169962
134.5460,169760
134.5493,169247
134.5532,169168
134.5587,169742
134.5617,169470
134.5655,169715
134.5696,169447
134.5753,169326
134.5785,169670
134.5819,169286
134.5860,169428
134.5917,169122
134.5949,169385
134.5988,169639
134.6025,169877
134.6071,169687
134.6111,168531
134.6153,169582
134.6188,169203
134.6229,169438
134.6276,169691
134.6312,168729
134.6352,169236
134.6392,169047
134.6439,169292
134.6475,169479
134.6515,168757
134.6557,170025
134.6603,169301
134.6639,169445
134.6679,169846
134.6680,168429
134.6724,170284
134.6763,168768
134.6805,169771
134.6843,169886
134.6885,168507
134.6931,169611
134.6968,169306
134.7009,169399
134.7048,169797
134.7095,168574
134.7138,170117
134.7179,168776
134.7212,170053
134.7257,169222
134.7297,168525
134.7341,170038
134.7375,168926
134.7420,169425
134.7462,169474
134.7500,168685
134.7540,170241
134.7591,168771
134.7628,169525
134.7662,169865
134.7704,168864
134.7760,169723
134.7792,169365
134.7832,169184
134.7868,169123
134.7917,169029
134.7949,170698
134.7990,168581
134.7991,169259
134.8031,169780
134.8090,168365
134.8122,170466
134.8157,168263
134.8195,169158
134.8250,169802
134.8283,168497
134.8319,170372
134.8358,168248
134.8415,169786
134.8448,169953
134.8481,168972
134.8522,170018
134.8564,168430
134.8613,169440
134.8645,169458
134.8686,169493
134.8729,170401
134.8774,168762
134.8811,169852
134.8850,170155
134.8892,169447
134.8936,170009
134.8981,168959
134.9014,169627
134.9056,169562
134.9103,169247
134.9138,169622
134.9179,169075
134.9221,169515
134.9260,170125
134.9267,169570
134.9307,170136
134.9342,169081
134.9383,169086
134.9424,169128
134.9467,169487
134.9505,170248
134.9547,168845
134.9604,169435
134.9634,169274
134.9669,169428
134.9710,169606
134.9753,168970
134.9798,169996
134.9843,169655
134.9874,169574
134.9928,170089
134.9957,169021
135.0001,169707
135.0039,169523
135.0093,169386
135.0123,170237
135.0165,169269
135.0203,169954
135.0260,169770
135.0287,169750
135.0327,169787
135.0365,169503
135.0419,169731
135.0451,169617
135.0489,169674
135.0529,169774
135.0530,169361
135.0591,169540
135.0621,169542
135.0654,169123
135.0697,169092
135.0736,169052
135.0780,169592
135.0818,169774
135.0865,169389
135.0920,169493
135.0941,169118
135.0985,169769
135.1021,169834
135.1062,169663
135.1108,168602
135.1151,169470
135.1190,169785
135.1226,169890
135.1271,170162
135.1314,169254
135.1352,169215
135.1389,169867
135.1433,169587
135.1471,169337
135.1516,168487
135.1554,169714
135.1596,169639
135.1645,169318
135.1676,169356
135.1718,168877
135.1761,169699
135.1799,169512
135.1800,169847
135.1839,170098
135.1882,168338
135.1924,170066
135.1967,169751
135.2003,169409
135.2045,169637
135.2086,168185
135.2132,169835
135.2175,169684
135.2208,169587
135.2254,169376
135.2297,168425
135.2332,170687
135.2373,169189
135.2416,169201
135.2457,169860
135.2501,168763
135.2536,170790
135.2578,169187
135.2622,169270
135.2662,169797
135.2700,168388
135.2751,169868
135.2788,168849
135.2823,169186
135.2864,169734
135.2913,168702
135.2953,170479
135.2992,168796
135.3029,170079
135.3079,169659
135.3086,169013
135.3115,170470
135.3150,168662
135.3192,169501
135.3249,169513
135.3275,168376
135.3321,170630
135.3355,168525
135.3413,169171
135.3439,169552
135.3481,168990
135.3520,170105
135.3561,169147
135.3602,169558
135.3652,169786
135.3683,168948
135.3728,170675
135.3774,168820
135.3810,169375
135.3848,169720
135.3888,169567
135.3935,170282
135.3977,168794
135.4011,169443
135.4052,169473
135.4099,169038
135.4136,170309
135.4177,168479
135.4216,169662
135.4263,169824
135.4299,169006
135.4339,169772
135.4340,168521
135.4381,169755
135.4426,169768
135.4469,169567
135.4502,170089
135.4544,168844
135.4596,169535
135.4632,169570
135.4669,170372
135.4707,170304
135.4748,168940
135.4794,170225
135.4832,169457
135.4871,169736
135.4913,169557
135.4963,168278
135.4993,169621
135.5035,170433
135.5081,169195
135.5116,170000
135.5160,168877
135.5199,169692
135.5245,169359
135.5282,169606
135.5321,169483
135.5362,169082
135.5412,169057
135.5446,169735
135.5485,169771
135.5526,170014
135.5575,168776
135.5610,169571
135.5610,169918
135.5650,169580
135.5691,169709
135.5731,169184
135.5776,169449
135.5815,169721
135.5854,169763
135.5916,169691
135.5940,168922
135.5982,169123
135.6021,169868
135.6077,169587
135.6103,169580
135.6141,169418
135.6186,169739
135.6223,169810
135.6269,169825
135.6310,169431
135.6345,169331
135.6387,170186
135.6438,169567
135.6475,169836
135.6509,169038
135.6550,169655
135.6596,169461
135.6639,169447
135.6673,169749
135.6715,168841
135.6756,169446
135.6796,169818
135.6839,169466
135.6878,169320
135.6879,168727
135.6919,169399
135.6962,169303
135.7004,168951
135.7043,169462
135.7105,168613
135.7130,169849
135.7168,169801
135.7206,169383
135.7257,169725
135.7289,168490
135.7329,169659
135.7370,169396
135.7411,169643
135.7457,170273
135.7492,168497
135.7533,170049
135.7579,169565
135.7615,169427
135.7656,169384
135.7697,168614
135.7753,170224
135.7784,169529
135.7820,169016
135.7860,169459
135.7919,168910
135.7944,170242
135.7984,169436
135.8025,169294
135.8075,169795
135.8107,168882
135.8148,170220
135.8189,168773
135.8190,169009
135.8241,169251
135.8275,168693
135.8316,170464
135.8352,168585
135.8411,169528
135.8438,169476
135.8481,168587
135.8517,170443
135.8573,168469
135.8608,169369
135.8639,169264
135.8680,169046
135.8723,170769
135.8771,168744
135.8806,169748
135.8844,169822
135.8886,168625
135.8927,170087
135.8969,168056
135.9008,169677
135.9049,169425
135.9092,169140
135.9131,169977
135.9172,169176
135.9214,169493
135.9262,169056
135.9302,169195
135.9336,169945
135.9379,168721
135.9423,169508
135.9459,169015
135.9460,169273
135.9499,170112
135.9543,168837
135.9589,169384
135.9626,169185
135.9667,169412
135.9704,169643
135.9750,168669
135.9786,169263
135.9829,169756
135.9868,169191
135.9920,169988
135.9957,169006
135.9991,169508
136.0032,169727
136.0082,169018
136.0122,169994
136.0156,169454
136.0196,169615
136.0246,169730
136.0280,169361
136.0318,169736
136.0359,168798
136.0414,170047
136.0446,169695
136.0483,169655
136.0524,169198
136.0577,168994
136.0611,169238
136.0646,169240
136.0687,168755
136.0742,169333
136.0749,168458
136.0770,169146
136.0811,169521
136.0851,169818
136.0910,169521
136.0937,168956
136.0974,169491
136.1014,169569
136.1056,169341
136.1101,169520
136.1138,169102
136.1178,169276
136.1220,169382
136.1268,169869
136.1301,169011
136.1347,169252
136.1385,169694
136.1430,169851
136.1471,169273
136.1506,168639
136.1547,168776
136.1592,169532
136.1634,169674
136.1676,169171
136.1712,168799
136.1756,169369
136.1799,169844
136.1838,168942
136.1883,169474
136.1918,168794
136.1959,169872
136.1998,169734
136.1999,169407
136.2039,169232
136.2087,168390
136.2123,169462
136.2162,169417
136.2205,169753
136.2251,169399
136.2289,168618
136.2334,169782
136.2368,169388
136.2414,169855
136.2454,169561
136.2495,168488
136.2531,169636
136.2572,169760
136.2619,169520
136.2653,169569
136.2694,168414
136.2739,169628
136.2775,169066
136.2821,169513
136.2860,169560
136.2907,169025
136.2941,170278
136.2984,169401
136.3022,169018
136.3082,169289
136.3108,168820
136.3144,170456
136.3187,168747
136.3247,169261
136.3267,169283
136.3268,168359
136.3308,170406
136.3349,168659
136.3391,169590
136.3434,169627
136.3476,168480
136.3513,170223
136.3574,169494
136.3601,169618
136.3637,170028
136.3677,168900
136.3718,169805
136.3763,168619
136.3800,170064
136.3842,169506
136.3882,168968
136.3930,169874
136.3964,168873
136.4004,169531
136.4046,169575
136.4092,168635
136.4131,170052
136.4169,168520
136.4210,169369
136.4260,169781
136.4296,169121
136.4333,170247
136.4374,168722
136.4419,169662
136.4459,169603
136.4497,168698
136.4537,170187
136.4538,168829
136.4578,169691
136.4623,169098
136.4662,168697
136.4701,169778
136.4747,168183
136.4789,169356
136.4828,170004
136.4865,169107
136.4916,169593
136.4952,169184
136.4994,169491
136.5029,169388
136.5073,168685
136.5116,170168
136.5152,168642
136.5192,169216
136.5238,169760
136.5282,169379
136.5316,169761
136.5356,168613
136.5414,169748
136.5443,169372
136.5487,169506
136.5520,170264
136.5576,168658
136.5611,169442
136.5645,169681
136.5684,169422
136.5737,169643
136.5770,169011
136.5808,169714
136.5809,169662
136.5848,169349
136.5894,169619
136.5931,168750
136.5970,169239
136.6012,169517
136.6053,169069
136.6099,169397
136.6135,169026
136.6175,169664
136.6216,169321
136.6266,169395
136.6300,169855
136.6339,169197
136.6380,169572
136.6424,169804
136.6463,169358
136.6503,169456
136.6544,169046
136.6596,170028
136.6626,169802
136.6671,169378
136.6709,168704
136.6753,168803
136.6793,169500
136.6832,169543
136.6873,169535
136.6920,169088
136.6958,169242
136.6997,169723
136.7039,169772
136.7119,169491
136.7129,168911
136.7134,169150
136.7164,169596
136.7205,169741
136.7254,169299
136.7282,168939
136.7328,169369
136.7366,169350
136.7405,169451
136.7454,169428
136.7492,168417
136.7527,169667
136.7583,169261
136.7613,169326
136.7657,169442
136.7691,168325
136.7739,169900
136.7775,169502
136.7817,169319
136.7860,169683
136.7896,168667
136.7944,170016
136.7978,169350
136.8027,169680
136.8060,169228
136.8101,168641
136.8150,170344
136.8183,168753
136.8247,169526
136.8268,169178
136.8307,168608
136.8347,170290
136.8348,169487
136.8403,169098
136.8430,169875
136.8469,168564
136.8517,170664
136.8575,169032
136.8599,169954
136.8635,169631
136.8676,168716
136.8732,170135
136.8760,168684
136.8805,169399
136.8838,169473
136.8879,168507
136.8931,170493
136.8963,168085
136.9003,169379
136.9044,169730
136.9086,168042
136.9132,170632
136.9165,168318
136.9208,168922
136.9253,169649
136.9297,169449
136.9330,170237
136.9371,168292
136.9414,169808
136.9460,169534
136.9493,168506
136.9534,170281
136.9579,168904
136.9619,169967
136.9658,169348
136.9659,169006
136.9698,170510
136.9761,168957
136.9780,169057
136.9821,169734
136.9862,168708
136.9909,170041
136.9944,168662
136.9985,169384
137.0025,169412
137.0072,168953
137.0115,169926
137.0153,168694
137.0190,169387
137.0239,169710
137.0273,169456
137.0317,169637
137.0353,168653
137.0406,170074
137.0441,169230
137.0482,169246
137.0517,170372
137.0567,168631
137.0604,169346
137.0641,169544
137.0681,168969
137.0736,169676
137.0770,169019
137.0805,169799
137.0845,169271
137.0900,168819
137.0926,169774
137.0927,168672
137.0967,169576
137.1008,169211
137.1050,169102
137.1100,169341
137.1132,168575
137.1172,169376
137.1213,169740
137.1260,169270
137.1295,169575
137.1336,168750
137.1377,169178
137.1425,169097
137.1463,169102
137.1500,168963
137.1542,168991
137.1587,169108
137.1623,169429
137.1668,169606
137.1705,169532
137.1749,168788
137.1790,169553
137.1827,169601
137.1869,169321
137.1914,169287
137.1958,169255
137.1992,169377
137.2032,168989
137.2077,169436
137.2116,168917
137.2156,169177
137.2196,169663
137.2197,169280
137.2241,169572
137.2279,168663
137.2324,169570
137.2360,169695
137.2407,169569
137.2442,169267
137.2483,168960
137.2526,169638
137.2572,169867
137.2615,169607
137.2650,169340
137.2687,168533
137.2731,170196
137.2780,169526
137.2816,169110
137.2852,169458
137.2898,168655
137.2940,169514
137.2984,169156
137.3018,169909
137.3070,169797
137.3104,168437
137.3142,170048
137.3179,169047
137.3229,169468
137.3261,170101
137.3307,168826
137.3348,170017
137.3401,169337
137.3425,169211
137.3466,169380
137.3467,168083
137.3506,169953
137.3548,168944
137.3597,169224
137.3632,169228
137.3671,168243
137.3712,170370
137.3756,168680
137.3800,169194
137.3837,169316
137.3877,168758
137.3923,170138
137.3960,168558
137.3999,169179
137.4039,169448
137.4088,168985
137.4122,170277
137.4162,168346
137.4204,169312
137.4248,169756
137.4286,168657
137.4326,170658
137.4368,168943
137.4411,169640
137.4450,169002
137.4490,168171
137.4531,170437
137.4576,168304
137.4615,169257
137.4660,169599
137.4696,168674
137.4736,170210
137.4746,168261
137.4779,169189
137.4817,169920
137.4859,168960
137.4902,170283
137.4948,168422
137.4982,169340
137.5022,169108
137.5077,168633
137.5111,170538
137.5149,168342
137.5186,169156
137.5244,169966
137.5281,168664
137.5309,170209
137.5350,168796
137.5397,169293
137.5435,169249
137.5474,168603
137.5514,169964
137.5563,168711
137.5597,169201
137.5641,169442
137.5678,169364
137.5721,170282
137.5761,168970
137.5808,169706
137.5842,169443
137.5899,169426
137.5930,170102
137.5965,168474
137.6006,169249
137.6007,168980
137.6068,169052
137.6093,169686
137.6128,168484
137.6169,169692
137.6211,168895
137.6255,168920
137.6297,169688
137.6337,168961
137.6374,169517
137.6424,169395
137.6456,169264
137.6497,169432
137.6538,168671
137.6582,169635
137.6620,168836
137.6665,169286
137.6708,169112
137.6753,168697
137.6784,169053
137.6830,169087
137.6866,169300
137.6914,169094
137.6950,169017
137.6988,169341
137.7031,169122
137.7079,169297
137.7117,169327
137.7156,169039
137.7194,169735
137.7247,169021
137.7277,168978
137.7277,169136
137.7316,169167
137.7357,169653
137.7401,169167
137.7447,169031
137.7480,168742
137.7521,169717
137.7566,169499
137.7609,168827
137.7644,169051
137.7685,168780
137.7738,169160
137.7771,168803
137.7810,168818
137.7851,168618
137.7896,168365
137.7930,169566
137.7971,169228
137.8012,168799
137.8062,169297
137.8098,167962
137.8138,169677
137.8176,168823
137.8227,169175
137.8260,169194
137.8299,168387
137.8340,169594
137.8393,168752
137.8428,168860
137.8470,169164
137.8506,168163
137.8545,170030
137.8559,169120
137.8590,169546
137.8627,169257
137.8668,168127
137.8709,169905
137.8752,169153
137.8791,169567
137.8832,168813
137.8873,168426
137.8917,170668
137.8954,168485
137.8995,169110
137.9036,169331
137.9083,168970
137.9128,170294
137.9159,168701
137.9200,169621
137.9246,169629
137.9282,168986
137.9323,170696
137.9366,169023
137.9411,169388
137.9450,169612
137.9487,169258
137.9528,170216
137.9573,168572
137.9610,169120
137.9651,169565
137.9692,169340
137.9742,170575
137.9775,167977
137.9816,169189
137.9855,168736
137.9856,168519
137.9899,169920
137.9942,168133
137.9979,169394
138.0019,169417
138.0066,168355
138.0107,170312
138.0142,168418
138.0183,169310
138.0232,169469
138.0268,168964
138.0306,169986
138.0347,168658
138.0391,169033
138.0431,169341
138.0470,168814
138.0511,169552
138.0566,168344
138.0594,169066
138.0634,169006
138.0675,168903
138.0731,169961
138.0756,168856
138.0804,169380
138.0839,169312
138.0880,168858
138.0926,170173
138.0961,168706
138.1003,169387
138.1044,168913
138.1085,169583
138.1126,169686
138.1127,168380
138.1166,169060
138.1208,169755
138.1250,169571
138.1289,169757
138.1330,168634
138.1371,169349
138.1417,169209
138.1453,169633
138.1493,169797
138.1536,168972
138.1583,169484
138.1618,169076
138.1658,169001
138.1699,169794
138.1747,168356
138.1783,169542
138.1822,169622
138.1866,169203
138.1912,169976
138.1944,169181
138.1991,169219
138.2027,169376
138.2076,168937
138.2108,169552
138.2149,168170
138.2190,169332
138.2239,169191
138.2274,168954
138.2315,169136
138.2357,169004
138.2396,169206
138.2402,169631
138.2436,169671
138.2477,169122
138.2518,169192
138.2562,169266
138.2601,168775
138.2641,169414
138.2681,168710
138.2737,169312
138.2763,169328
138.2813,169227
138.2845,169382
138.2891,168534
138.2929,169832
138.2969,169594
138.3009,169461
138.3071,169159
138.3098,168750
138.3132,169844
138.3173,168859
138.3228,169478
138.3263,168570
138.3296,168073
138.3337,169742
138.3378,169269
138.3419,169263
138.3460,169324
138.3500,168884
138.3542,170006
138.3586,168367
138.3624,168905
138.3666,169117
138.3667,168259
138.3707,170320
138.3751,169209
138.3788,168987
138.3828,169266
138.3870,169026
138.3919,169794
138.3956,168466
138.3992,169350
138.4033,168778
138.4083,168405
138.4117,170181
138.4156,168530
138.4197,169100
138.4243,169505
138.4279,167997
138.4320,170440
138.4362,168296
138.4409,168882
138.4443,168706
138.4483,168531
138.4526,170076
138.4566,168563
138.4611,168701
138.4651,169499
138.4689,168456
138.4733,170202
138.4775,168072
138.4815,168901
138.4852,169193
138.4895,167966
138.4936,169835
138.4936,167905
138.4975,168893
138.5016,169008
138.5063,168569
138.5099,170494
138.5139,168053
138.5180,169148
138.5231,169254
138.5266,168786
138.5303,170479
138.5344,167867
138.5397,169196
138.5433,168910
138.5467,168496
138.5508,169786
138.5567,168187
138.5592,169633
138.5631,169062
138.5672,168636
138.5713,170364
138.5759,168274
138.5795,168468
138.5835,169853
138.5892,168217
138.5924,169960
138.5958,168685
138.5999,169524
138.6041,169235
138.6083,168703
138.6126,169700
138.6164,168615
138.6213,169394
138.6221,169200
138.6247,168929
138.6286,169871
138.6326,168464
138.6369,169059
138.6420,169292
138.6450,169515
138.6490,170080
138.6532,168860
138.6583,168841
138.6617,169431
138.6655,169148
138.6698,169912
138.6737,168516
138.6785,169944
138.6819,169268
138.6860,169180
138.6906,169837
138.6950,169042
138.6982,169274
138.7024,168970
138.7071,169286
138.7105,170008
138.7146,168719
138.7187,169571
138.7238,169049
138.7269,169090
138.7310,169796
138.7351,169174
138.7396,169675
138.7434,169365
138.7474,169144
138.7474,169087
138.7514,169102
138.7559,169767
138.7598,169493
138.7637,168844
138.7679,169140
138.7729,169359
138.7762,169581
138.7802,169030
138.7842,169204
138.7894,168753
138.7926,169053
138.7966,169643
138.8006,169204
138.8066,169730
138.8100,168938
138.8130,169531
138.8170,169893
138.8222,169219
138.8258,169778
138.8293,168843
138.8334,169887
138.8375,169406
138.8423,168793
138.8461,169578
138.8498,169040
138.8541,169595
138.8581,169249
138.8621,168994
138.8661,169680
138.8704,168830
138.8744,170279
138.8744,169249
138.8784,169351
138.8825,169236
138.8866,168911
138.8913,169811
138.8949,169308
138.8990,169517
138.9031,169434
138.9079,168369
138.9112,170468
138.9153,169088
138.9194,169302
138.9246,169397
138.9276,168738
138.9317,170433
138.9358,169061
138.9407,169549
138.9441,169565
138.9481,168470
138.9522,170593
138.9576,168776
138.9603,169654
138.9644,169696
138.9686,168431
138.9730,170311
138.9768,168627
138.9808,169376
138.9849,169384
138.9904,168273
138.9932,170520
138.9974,168336
139.0013,169895
139.0014,169497
139.0057,168565
139.0096,170217
139.0136,168470
139.0177,170080
139.0224,169166
139.0267,168759
139.0300,169898
139.0340,168545
139.0395,169711
139.0430,169370
139.0464,168997
139.0505,170598
139.0553,168578
139.0588,169912
139.0631,169550
139.0669,169594
139.0723,170451
139.0754,168494
139.0792,169940
139.0832,169475
139.0888,169258
139.0919,169867
139.0957,168922
139.0996,169266
139.1038,169833
139.1084,168771
139.1119,169839
139.1160,168422
139.1220,169733
139.1244,169434
139.1284,168872
139.1285,170123
139.1324,169050
139.1365,169755
139.1413,169563
139.1448,169162
139.1488,170212
139.1529,169627
139.1573,169545
139.1610,169411
139.1651,169897
139.1693,169768
139.1742,169101
139.1781,169252
139.1815,169613
139.1856,169179
139.1901,169955
139.1943,169055
139.1979,169461
139.2021,169478
139.2065,169071
139.2107,170448
139.2143,169469
139.2185,169551
139.2228,169508
139.2269,169794
139.2307,169673
139.2348,168671
139.2393,169242
139.2434,169239
139.2475,169417
139.2512,169717
139.2558,169692
139.2594,169554
139.2595,169687
139.2635,169172
139.2675,169447
139.2718,169698
139.2766,169933
139.2798,170097
139.2839,169198
139.2889,169479
139.2934,169536
139.2963,169553
139.3004,169394
139.3063,169012
139.3089,169154
139.3129,169629
139.3168,169383
139.3224,169528
139.3259,169548
139.3290,169341
139.3330,169820
139.3386,169704
139.3421,169452
139.3463,169181
139.3495,168495
139.3536,169870
139.3576,169513
139.3617,169081
139.3659,169389
139.3700,168388
139.3741,169687
139.3785,169791
139.3825,169587
139.3866,169459
139.3867,168600
139.3904,170025
139.3945,168972
139.3986,169454
139.4027,169849
139.4068,168750
139.4109,170082
139.4150,169574
139.4192,170659
139.4233,169471
139.4273,169185
139.4315,170929
139.4356,169331
139.4397,169260
139.4437,169724
139.4479,169296
139.4519,170744
139.4561,169248
139.4601,169679
139.4642,169615
139.4683,169163
139.4724,170637
139.4765,168803
139.4805,169226
139.4846,169105
139.4888,169276
139.4929,170696
139.4970,168608
139.5011,169395
139.5054,169695
139.5095,169156
139.5134,171185
139.5135,168775
139.5174,169364
139.5216,169753
139.5257,169193
139.5297,170456
139.5337,168282
139.5379,169875
139.5420,169795
139.5461,168904
139.5502,170316
139.5544,168652
139.5583,170261
139.5625,169528
139.5666,168683
139.5707,170329
139.5748,168448
139.5789,169240
139.5830,169217
139.5871,169468
139.5912,170451
139.5953,168917
139.5994,169276
139.6035,169677
139.6075,169175
139.6117,170813
139.6159,168743
139.6199,169891
139.6240,169399
139.6281,169143
139.6323,170136
139.6363,168274
139.6405,169059
139.6405,169750
139.6444,169272
139.6486,170425
139.6526,168624
139.6567,169570
139.6607,169463
139.6648,169078
139.6691,169702
139.6731,168808
139.6772,169925
139.6813,169063
139.6854,169341
139.6895,169969
139.6936,168970
139.6977,169597
139.7017,169371
139.7059,169102
139.7100,170161
139.7141,168889
139.7182,169835
139.7223,169281
139.7264,169564
139.7305,170144
139.7345,169199
139.7386,169732
139.7427,169208
139.7468,169646
139.7509,169627
139.7551,169153
139.7593,169526
139.7634,169501
139.7673,169224
139.7674,169878
139.7713,168881
139.7754,169593
139.7795,169416
139.7836,169786
139.7877,169262
139.7918,168950
139.7959,169814
139.8000,169916
139.8041,169899
139.8082,169559
139.8123,169413
139.8164,169618
139.8205,169750
139.8246,169397
139.8287,169424
139.8327,169161
139.8369,169938
139.8409,169305
139.8450,169506
139.8491,169315
139.8532,169805
139.8573,169515
139.8614,169954
139.8656,170282
139.8697,169076
139.8738,170252
139.8778,169427
139.8819,169361
139.8864,169370
139.8905,169101
139.8946,169834
139.8947,169859
139.8983,169698
139.9024,169523
139.9065,168658
139.9106,170430
139.9147,169229
139.9188,169491
139.9229,169524
139.9271,168591
139.9311,170304
139.9353,169339
139.9394,169887
139.9434,169455
139.9475,168617
139.9516,170550
139.9557,168982
139.9598,169743
139.9639,169022
139.9680,168300
139.9721,170871
139.9762,168619
139.9802,169495
139.9843,169222
139.9885,168088
139.9926,170605
139.9967,169328
140.0007,169863
140.0049,169587
140.0090,169370
140.0131,170239
140.0172,168845
140.0214,169604
140.0215,169524
140.0254,168641
140.0298,170240
140.0336,168581
140.0375,169544
140.0419,169002
140.0458,168676
140.0498,170019
140.0541,168202
140.0581,169464
140.0622,169582
140.0663,168700
140.0704,170144
140.0745,168581
140.0787,168882
140.0827,169935
140.0867,169244
140.0908,169886
140.0949,168121
140.0990,168854
140.1031,168964
140.1072,168724
140.1113,169524
140.1154,168311
140.1196,169155
140.1236,169680
140.1277,169013
140.1318,170215
140.1359,168777
140.1401,169194
140.1443,169319
140.1484,168827
140.1485,170016
140.1524,168147
140.1564,169489
140.1605,168909
140.1646,169479
140.1687,169947
140.1727,168717
140.1768,169360
140.1809,169272
140.1850,169258
140.1892,169496
140.1932,168545
140.1973,169067
140.2014,169002
140.2055,169021
140.2096,169872
140.2137,168257
140.2178,169304
140.2219,169411
140.2260,169751
140.2300,169746
140.2342,168270
140.2383,168934
140.2423,169228
140.2464,169689
140.2505,169575
140.2546,168661
140.2587,169804
140.2628,169210
140.2669,168920
140.2715,169697
140.2755,168809
140.2755,169522
140.2792,169039
140.2834,169566
140.2874,169352
140.2915,168914
140.2956,169111
140.2997,169465
140.3038,168920
140.3079,169993
140.3120,168918
140.3161,169353
140.3202,169293
140.3243,169234
140.3283,168725
140.3324,169280
140.3366,169643
140.3407,169684
140.3448,169306
140.3489,168970
140.3530,169699
140.3571,169557
140.3612,169604
140.3652,168851
140.3693,168492
140.3734,169202
140.3775,169432
140.3816,169914
140.3858,169123
140.3899,168848
140.3940,169416
140.3984,169153
140.4025,169419
140.4026,169186
140.4063,168730
140.4104,170042
140.4145,169602
140.4186,169373
140.4227,169073
140.4267,168952
140.4308,170137
140.4350,169350
140.4390,169455
140.4431,169546
140.4473,168502
140.4514,170237
140.4554,169454
140.4595,169288
140.4637,169140
140.4677,168300
140.4718,169903
140.4759,168805
140.4800,169276
140.4840,169168
140.4882,168155
140.4922,170706
140.4964,168997
140.5005,168750
140.5045,169240
140.5087,168642
140.5128,170431
140.5168,169152
140.5210,169539
140.5252,169542
140.5293,168973
140.5294,170422
140.5333,168399
140.5373,169602
140.5413,169413
140.5455,168622
140.5496,170257
140.5536,168482
140.5578,168729
140.5619,169630
140.5660,168221
140.5701,170375
140.5742,168333
140.5783,168986
140.5824,169609
140.5865,168853
140.5906,170218
140.5947,168359
140.5988,169767
140.6028,169068
140.6070,168330
140.6111,170271
140.6152,168395
140.6193,169018
140.6233,169625
140.6274,168518
140.6316,169749
140.6356,167685
140.6398,169877
140.6438,169373
140.6479,169183
140.6521,170568
140.6563,167963
140.6603,169135
140.6604,169731
140.6643,168881
140.6685,170522
140.6725,168701
140.6766,169567
140.6807,169377
140.6848,169061
140.6889,169836
140.6930,168548
140.6971,169895
140.7012,169296
140.7053,169397
140.7094,169731
140.7135,168727
140.7176,169352
140.7216,170175
140.7257,169123
140.7298,169629
140.7339,168224
140.7380,169237
140.7421,169418
140.7462,168760
140.7503,169692
140.7544,168687
140.7585,169286
140.7626,169510
140.7666,169827
140.7708,170082
140.7749,168800
140.7791,169672
140.7833,169655
140.7872,169317
140.7873,169422
140.7913,168876
140.7953,169325
140.7995,169561
140.8036,169368
140.8077,169474
140.8117,169009
140.8158,169335
140.8199,169669
140.8240,169128
140.8281,169316
140.8321,169148
140.8363,169015
140.8404,169576
140.8444,168837
140.8485,169147
140.8526,168964
140.8567,169578
140.8608,169469
140.8649,169278
140.8690,168943
140.8732,169052
140.8772,169277
140.8813,169699
140.8854,169071
140.8895,169025
140.8936,169259
140.8977,169431
140.9018,169332
140.9061,169424
140.9100,168927
140.9140,169594
140.9141,169153
140.9182,169848
140.9223,168744
140.9265,168278
140.9305,169640
140.9346,169450
140.9387,169197
140.9427,169242
140.9469,168258
140.9511,169756
140.9551,168889
140.9591,169048
140.9632,169394
140.9674,168356
140.9714,170087
140.9755,169427
140.9796,169145
140.9837,169890
140.9878,168622
140.9921,170260
140.9960,169215
141.0001,169136
141.0042,169260
141.0083,168371
141.0124,169904
141.0165,168821
141.0206,169345
141.0247,169319
141.0288,168639
141.0330,170291
141.0370,168545
141.0411,169238
141.0412,169514
141.0452,168899
141.0493,170924
141.0534,168709
141.0575,169384
141.0616,169391
141.0656,168531
141.0698,170801
141.0738,168372
141.0779,169697
141.0820,169577
141.0861,169115
141.0902,170833
141.0943,168295
141.0984,169175
141.1026,169354
141.1066,168968
141.1107,170034
141.1148,168319
141.1189,169595
141.1230,169319
141.1271,168864
141.1312,170017
141.1353,168263
141.1394,169553
141.1436,169267
141.1475,168765
141.1516,170348
141.1557,167832
141.1598,169435
141.1639,169549
141.1681,168849
141.1682,170719
141.1723,168615
141.1762,168843
141.1803,169074
141.1844,168973
141.1886,169827
141.1927,168239
141.1967,169202
141.2009,169171
141.2050,169246
141.2090,170006
141.2131,169025
141.2172,169408
141.2213,169260
141.2253,169400
141.2295,169878
141.2336,168522
141.2378,169358
141.2417,168979
141.2458,169030
141.2499,170190
141.2541,167873
141.2581,169808
141.2623,169168
141.2663,169101
141.2704,169670
141.2745,168319
141.2786,169554
141.2827,168933
141.2869,169168
141.2909,169351
141.2950,168837
141.2950,169200
141.2992,169502
141.3032,169484
141.3073,169454
141.3113,168654
141.3155,169256
141.3195,170055
141.3236,169471
141.3277,170031
141.3318,169043
141.3359,169566
141.3400,169800
141.3441,169312
141.3482,169599
141.3523,168967
141.3566,169574
141.3607,169528
141.3648,169667
141.3690,169449
141.3736,169305
141.3769,169113
141.3810,169427
141.3852,169766
141.3892,168618
141.3933,169326
141.3974,169242
141.4015,169348
141.4067,169814
141.4097,168790
141.4138,169522
141.4180,169663
141.4221,169448
141.4222,169745
141.4260,168320
141.4301,169582
141.4343,169241
141.4393,169521
141.4425,169380
141.4465,168380
141.4507,169849
141.4550,169640
141.4596,169400
141.4630,169274
141.4670,168802
141.4713,170418
141.4752,169293
141.4793,169732
141.4834,169335
141.4889,168303
141.4916,169929
141.4957,169001
141.4998,169582
141.5043,169610
141.5081,168663
141.5121,170496
141.5162,169604
141.5203,169284
141.5248,169381
141.5285,168689
141.5326,171172
141.5372,169343
141.5413,169309
141.5449,169641
141.5491,168921
141.5531,170765
141.5539,169038
141.5573,169533
141.5613,169328
141.5653,168521
141.5702,170090
141.5737,168704
141.5777,169176
141.5818,169290
141.5860,168578
141.5899,170532
141.5940,168881
141.5981,169320
141.6030,168991
141.6065,168796
141.6104,170053
141.6145,168749
141.6192,169022
141.6229,169613
141.6267,168659
141.6308,170210
141.6350,168393
141.6391,169784
141.6437,169266
141.6473,169071
141.6514,169950
141.6557,168954
141.6600,169717
141.6636,168888
141.6678,168952
141.6720,170226
141.6759,168581
141.6801,169393
141.6802,169796
141.6842,168952
141.6891,170084
141.6923,168419
141.6964,169280
141.7005,169452
141.7051,169060
141.7088,170170
141.7128,168689
141.7169,169519
141.7219,169403
141.7256,169605
141.7292,169820
141.7333,168847
141.7380,169605
141.7414,169914
141.7455,169517
141.7496,169803
141.7544,168790
141.7587,169377
141.7619,169741
141.7660,169360
141.7703,169731
141.7750,168719
141.7790,170056
141.7824,169557
141.7868,169546
141.7910,170337
141.7947,168623
141.7989,169142
141.8031,169407
141.8071,170125
141.8071,169840
141.8111,168641
141.8152,169233
141.8194,170041
141.8238,169447
141.8275,169599
141.8316,168740
141.8361,169683
141.8400,169894
141.8440,169290
141.8480,169342
141.8523,168871
141.8564,169520
141.8606,169444
141.8643,169520
141.8684,169187
141.8727,168968
141.8767,169273
141.8807,169559
141.8848,169812
141.8892,169203
141.8930,169179
141.8971,169726
141.9014,169690
141.9064,169747
141.9099,169087
141.9139,169878
141.9176,169798
141.9217,169723
141.9259,169775
141.9301,168728
141.9343,169387
141.9345,169196
141.9381,169393
141.9422,169438
141.9462,168335
141.9504,169485
141.9545,169888
141.9585,170082
141.9627,169282
141.9667,168468
141.9709,170159
141.9750,168968
141.9791,169404
141.9832,169560
141.9873,169143
141.9914,170365
141.9955,169306
141.9995,169376
142.0036,169556
142.0078,168837
142.0119,170415
142.0159,169312
142.0200,169718
142.0241,170147
142.0283,168480
142.0324,170583
142.0364,169409
142.0405,169345
142.0446,169305
142.0487,169234
142.0532,170632
142.0571,169001
142.0611,169017
142.0612,169536
142.0651,169010
142.0692,170814
142.0733,168938
142.0773,169206
142.0814,169389
142.0855,168692
142.0896,170581
142.0937,168410
142.0978,169458
142.1019,169582
142.1060,168626
142.1101,170366
142.1141,168418
142.1182,169957
142.1223,169649
142.1264,168742
142.1305,170545
142.1346,168315
142.1387,169407
142.1429,170233
142.1470,168336
142.1511,170420
142.1553,168382
142.1593,169743
142.1633,169089
142.1674,168759
142.1715,170484
142.1757,168817
142.1802,170086
142.1842,169462
142.1883,168908
142.1884,169663
142.1921,168651
142.1962,169375
142.2003,169303
142.2044,168950
142.2085,170253
142.2126,168642
142.2167,169555
142.2207,169594
142.2248,169145
142.2289,169992
142.2329,169388
142.2371,169541
142.2412,169391
142.2453,168942
142.2495,170339
142.2535,168757
142.2576,169260
142.2617,169417
142.2657,169575
142.2699,170307
142.2740,168555
142.2781,169483
142.2823,169289
142.2863,169461
142.2904,169920
142.2945,168710
142.2986,169690
142.3027,169793
142.3068,169077
142.3110,170024
142.3151,168757
142.3152,169287
142.3191,169712
142.3231,169962
142.3272,169508
142.3313,168771
142.3354,169148
142.3395,168861
142.3436,169579
142.3477,169671
142.3518,168596
142.3559,169326
142.3600,169328
142.3642,169237
142.3682,169365
142.3723,168823
142.3764,169133
142.3805,169168
142.3846,169406
142.3887,169030
142.3928,169164
142.3969,169801
142.4009,169709
142.4050,169278
142.4091,168963
142.4132,169162
142.4173,169269
142.4214,169850
142.4255,169224
142.4296,168676
142.4338,169325
142.4379,169866
142.4421,169362
142.4421,169447
142.4460,168758
142.4501,169675
142.4542,169893
142.4583,169518
142.4623,169742
142.4664,169168
142.4706,169661
142.4746,169540
142.4788,169263
142.4828,170157
142.4869,168227
142.4911,169861
142.4952,169659
142.4994,169154
142.5034,169981
142.5074,168807
142.5116,169917
142.5156,169349
142.5196,168580
142.5238,169332
142.5279,168386
142.5321,170090
142.5360,168856
142.5401,169601
142.5442,169228
142.5483,169168
142.5524,170022
142.5565,169169
142.5606,169641
142.5648,169297
142.5690,168429
142.5691,170746
142.5729,169122
142.5770,169395
142.5812,169220
142.5852,168851
142.5894,170626
142.5935,168843
142.5976,169904
142.6017,169823
142.6058,169232
142.6099,170536
142.6139,168839
142.6181,170455
142.6221,168974
142.6262,168891
142.6303,170331
142.6344,168195
142.6385,169104
142.6426,168834
142.6467,168364
142.6508,169889
142.6549,168432
142.6590,169237
142.6631,169461
142.6672,168482
142.6712,169913
142.6754,168193
142.6795,169862
142.6836,169376
142.6877,168649
142.6919,170414
142.6961,168467
142.6961,169056
142.7000,169087
142.7040,168625
142.7082,170241
142.7123,168551
142.7164,169458
142.7204,169639
142.7245,168965
142.7286,170163
142.7326,168434
142.7368,169301
142.7409,169387
142.7450,168586
142.7490,170103
142.7532,168747
142.7573,169282
142.7614,169028
142.7654,169060
142.7696,169804
142.7737,168817
142.7778,169605
142.7819,169087
142.7860,169371
142.7901,169912
142.7942,168517
142.7983,169455
142.8023,169324
142.8065,169582
142.8106,169728
142.8147,168562
142.8189,169215
142.8230,169447
142.8231,169108
142.8269,169676
142.8310,168088
142.8351,169453
142.8392,169139
142.8432,169408
142.8474,169155
142.8515,168672
142.8556,169471
142.8597,169531
142.8638,169267
142.8679,169138
142.8719,168784
142.8760,169652
142.8802,169566
142.8843,169526
142.8884,169128
142.8925,168814
142.8965,169586
142.9006,169285
142.9048,169614
142.9087,169212
142.9128,168754
142.9169,169313
142.9210,169763
142.9252,168946
142.9293,168368
142.9334,168999
142.9375,169014
142.9416,169725
142.9458,169434
142.9500,168814
142.9500,168610
142.9539,169546
142.9579,169295
142.9621,169108
142.9663,168283
142.9703,169624
142.9744,170076
142.9784,169125
142.9825,169603
142.9866,168592
142.9907,169498
142.9949,169500
142.9989,169675
143.0031,169467
143.0072,168171
143.0113,169858
143.0152,169240
143.0194,169593
143.0235,169493
143.0276,168435
143.0317,170135
143.0358,169716
143.0399,169707
143.0440,169835
143.0481,168574
143.0522,170546
143.0562,169462
143.0604,169746
143.0645,169454
143.0686,168654
143.0727,170632
143.0770,169264
143.0771,169181
143.0808,169708
143.0849,168395
143.0890,170396
143.0931,169020
143.0972,169179
143.1013,169466
143.1054,168978
143.1095,170277
143.1136,168745
143.1177,169601
143.1218,169697
143.1260,168854
143.1299,170324
143.1340,168495
143.1381,169487
143.1422,169296
143.1463,168934
143.1505,169944
143.1545,168698
143.1586,169426
143.1627,169950
143.1668,169475
143.1709,170439
143.1750,168532
143.1791,169510
143.1832,169745
143.1873,168756
143.1914,170286
143.1955,168738
143.1998,169684
143.2038,169791
143.2039,169077
143.2077,169875
143.2119,168384
143.2160,169475
143.2201,169564
143.2242,169181
143.2282,170268
143.2323,169061
143.2365,169931
143.2405,169639
143.2446,169315
143.2487,169777
143.2528,168272
143.2569,169399
143.2611,170176
143.2652,169334
143.2692,169846
143.2733,168646
143.2774,169617
143.2815,169705
143.2856,169775
143.2897,169992
143.2938,168342
143.2979,169791
143.3020,169776
143.3061,168992
143.3101,169648
143.3142,168861
143.3185,169369
143.3225,169946
143.3267,169541
143.3309,169819
143.3310,168740
143.3348,169763
143.3388,169378
143.3429,169270
143.3471,169661
143.3511,168879
143.3552,169486
143.3594,169382
143.3634,169623
143.3676,169461
143.3718,168526
143.3758,170005
143.3798,169680
143.3839,169508
143.3880,169177
143.3922,169364
143.3963,170243
143.4004,169655
143.4045,169801
143.4086,169639
143.4127,169519
143.4168,169836
143.4212,169480
143.4265,169517
143.4290,169582
143.4331,169383
143.4372,169476
143.4412,169357
143.4453,169440
143.4494,168305
143.4537,168869
143.4577,169391
143.4617,169469
143.4618,169618
143.4658,168724
143.4699,169865
143.4740,169728
143.4781,169428
143.4822,169690
143.4863,168500
143.4904,169594
143.4944,169693
143.4986,169677
143.5027,169315
143.5068,168504
143.5109,170635
143.5149,169457
143.5191,169376
143.5232,169696
143.5273,168376
143.5313,170012
143.5354,169686
143.5395,169288
143.5437,169852
143.5478,168715
143.5519,170827
143.5560,169376
143.5601,169331
143.5642,169775
143.5683,168347
143.5724,170383
143.5765,169058
143.5806,169038
143.5848,169686
143.5888,169026
143.5889,170425
143.5929,169192
143.5969,169733
143.6011,170123
143.6052,168823
143.6092,170821
143.6133,168821
143.6174,169778
143.6215,169597
143.6255,168245
143.6297,170325
143.6338,168952
143.6379,169362
143.6420,169453
143.6461,169174
143.6502,170971
143.6543,169141
143.6584,169786
143.6625,169459
143.6666,169126
143.6707,170371
143.6748,168416
143.6789,169653
143.6829,169725
143.6870,169690
143.6912,170347
143.6953,168907
143.6994,169526
143.7037,169602
143.7077,168630
143.7117,170256
143.7158,168785
143.7160,170060
143.7198,169650
143.7239,169588
143.7280,170365
143.7320,169004
143.7362,169260
143.7403,169774
143.7444,169091
143.7484,170146
143.7526,169109
143.7567,169823
143.7608,169424
143.7648,168926
143.7690,169572
143.7731,168833
143.7772,169747
143.7813,169787
143.7854,169900
143.7895,169884
143.7936,169258
143.7977,170407
143.8017,169615
143.8057,169420
143.8098,170022
143.8139,169053
143.8180,170239
143.8222,169828
143.8262,169766
143.8303,169934
143.8347,169502
143.8387,170183
143.8429,169424
143.8430,169677
143.8467,169893
143.8510,169760
143.8550,169860
143.8590,169776
143.8632,169522
143.8672,170282
143.8713,169003
143.8754,169657
143.8795,169896
143.8836,169967
143.8877,169674
143.8918,169247
143.8960,170130
143.9000,170267
143.9043,169997
143.9082,169741
143.9124,169717
143.9164,169933
143.9205,170022
143.9246,169659
143.9287,169117
143.9327,169767
143.9370,169618
143.9411,169896
143.9452,170270
143.9492,169439
143.9532,169802
143.9574,169549
143.9615,170514
143.9657,169563
143.9697,168402
143.9698,169213
143.9737,169452
143.9778,169707
143.9819,169695
143.9860,168548
143.9901,170088
143.9942,169445
143.9983,169943
144.0024,169611
144.0065,168846
144.0107,170211
144.0146,169859
144.0188,169548
144.0230,169649
144.0270,168857
144.0311,170509
144.0351,169491
144.0392,170220
144.0433,169660
144.0474,168268
144.0515,170272
144.0556,169824
144.0597,169926
144.0638,169621
144.0679,169234
144.0720,170465
144.0761,169800
144.0801,169298
144.0843,170113
144.0884,168228
144.0928,170544
144.0967,169216
144.0968,169473
144.1007,169536
144.1048,168796
144.1089,170696
144.1130,168832
144.1170,169484
144.1212,170214
144.1253,169269
144.1294,171208
144.1334,169056
144.1375,169398
144.1416,169823
144.1457,168700
144.1498,170599
144.1540,169057
144.1581,169623
144.1622,169573
144.1663,168633
144.1703,170754
144.1744,168665
144.1785,169970
144.1827,170235
144.1868,169256
144.1909,170160
144.1950,168872
144.1990,169961
144.2031,169895
144.2072,168700
144.2113,169874
144.2155,168995
144.2197,170179
144.2238,170038
144.2238,169005
144.2277,170606
144.2317,168835
144.2359,169750
144.2400,169512
144.2441,169137
144.2481,170356
144.2523,168524
144.2564,169590
144.2604,169408
144.2645,169420
144.2687,170447
144.2728,168935
144.2769,169759
144.2810,169963
144.2850,169649
144.2891,170230
144.2933,168510
144.2973,170204
144.3014,169302
144.3055,169202
144.3096,169633
144.3137,168102
144.3178,169384
144.3219,169785
144.3260,169996
144.3301,170014
144.3342,168883
144.3383,169285
144.3424,169578
144.3467,169500
144.3507,170219
144.3508,168716
144.3547,169272
144.3588,169833
144.3629,169967
144.3670,169716
144.3710,168544
144.3752,169767
144.3793,169508
144.3833,169729
144.3875,169159
144.3916,168717
144.3957,169569
144.3998,169753
144.4039,169758
144.4079,169687
144.4120,168981
144.4161,170075
144.4202,169758
144.4243,169170
144.4284,168820
144.4325,169102
144.4366,169594
144.4407,169649
144.4448,169214
144.4489,169322
144.4530,169163
144.4570,169700
144.4612,169473
144.4653,169504
144.4694,169015
144.4736,168904
144.4777,169899
144.4779,169450
144.4816,169829
144.4858,168669
144.4899,169850
144.4938,169407
144.4979,169968
144.5023,169663
144.5062,168713
144.5103,169916
144.5144,169733
144.5185,169872
144.5226,169983
144.5267,168894
144.5312,169823
144.5349,169875
144.5390,169802
144.5431,169843
144.5472,168895
144.5512,170352
144.5553,170383
144.5595,169631
144.5636,169304
144.5677,168679
144.5717,170436
144.5759,169001
144.5803,169502
144.5840,169671
144.5882,168762
144.5922,170829
144.5964,168978
144.6005,169742
144.6045,169239
144.6046,169104
144.6086,170754
144.6127,169223
144.6168,170036
144.6209,169869
144.6250,168780
144.6291,170246
144.6332,169355
144.6373,169328
144.6414,169142
144.6454,168949
144.6495,170523
144.6537,168902
144.6578,169324
144.6619,169665
144.6660,168662
144.6701,170163
144.6741,168806
144.6782,169998
144.6823,170149
144.6863,169022
144.6904,170266
144.6946,168572
144.6987,168897
144.7029,169194
144.7068,168807
144.7109,170168
144.7150,168256
144.7191,169666
144.7232,169575
144.7276,168522
144.7316,170003
144.7317,168661
144.7356,169845
144.7397,169741
144.7437,168680
144.7478,170477
144.7520,168999
144.7561,169430
144.7602,168837
144.7642,169219
144.7684,170325
144.7724,168547
144.7766,169756
144.7807,169785
144.7847,169234
144.7889,169452
144.7929,168495
144.7971,169460
144.8011,169273
144.8052,169312
144.8093,169102
144.8134,168789
144.8177,169830
144.8216,169461
144.8257,169597
144.8297,169891
144.8338,169107
144.8379,169727
144.8420,169373
144.8461,169743
144.8502,169621
144.8546,168825
144.8586,169313
144.8587,169264
144.8626,169398
144.8667,169958
144.8708,169150
144.8749,169047
144.8790,169311
144.8831,168959
144.8871,169221
144.8912,168898
144.8954,169221
144.8994,169744
144.9035,169318
144.9075,169184
144.9117,168961
144.9158,169339
144.9199,169385
144.9240,169408
144.9281,169219
144.9322,168787
144.9363,168806
144.9404,169546
144.9444,169897
144.9485,168716
144.9526,169199
144.9568,169937
144.9609,169866
144.9650,169965
144.9691,168687
144.9732,169688
144.9772,169088
144.9813,169664
144.9856,169397
144.9896,168290
144.9897,169453
144.9937,169397
144.9976,169764
145.0018,170054
145.0059,168741
145.0100,169658
145.0140,169048
145.0182,169603
145.0222,169715
145.0264,168584
145.0306,169675
145.0346,169919
145.0387,169010
145.0428,169626
145.0469,169227
145.0510,170337
145.0551,169364
145.0592,169443
145.0633,169780
145.0674,168528
145.0715,169682
145.0756,169454
145.0796,169336
145.0837,169470
145.0879,168359
145.0919,169978
145.0961,169304
145.1001,169839
145.1043,169408
145.1084,168591
145.1125,170456
145.1166,169224
145.1167,169488
145.1206,169368
145.1247,169068
145.1288,170602
145.1328,169457
145.1370,169549
145.1411,169604
145.1452,168346
145.1494,170597
145.1533,169565
145.1575,169399
145.1616,169670
145.1657,168984
145.1697,170421
145.1738,168831
145.1779,169762
145.1821,169720
145.1861,168774
145.1903,170705
145.1944,168402
145.1985,169462
145.2024,169645
145.2066,168340
145.2107,170482
145.2148,168672
145.2189,169648
145.2230,169634
145.2270,168763
145.2311,170336
145.2355,168438
145.2396,169083
145.2437,169462
145.2438,169271
145.2475,169935
145.2516,168828
145.2557,169587
145.2598,169615
145.2640,169023
145.2679,170160
145.2720,169034
145.2762,169192
145.2803,169332
145.2843,169034
145.2884,170232
145.2925,169107
145.2967,169525
145.3007,169343
145.3048,169534
145.3089,170420
145.3130,169288
145.3171,169455
145.3212,169531
145.3253,169079
145.3294,170435
145.3335,168808
145.3377,169343
145.3418,169452
145.3459,169203
145.3500,170155
145.3541,168825
145.3582,169926
145.3625,169398
145.3666,169526
145.3706,169943
145.3707,168765
145.3745,169424
145.3786,169552
145.3827,169496
145.3868,169819
145.3909,168683
145.3949,169637
145.3990,169747
145.4031,169608
145.4072,169116
145.4114,168884
145.4155,169215
145.4196,169745
145.4237,169656
145.4278,169063
145.4319,169442
145.4360,169263
145.4401,169894
145.4442,169076
145.4482,169357
145.4523,169339
145.4564,170053
145.4606,169333
145.4647,169262
145.4688,169061
145.4728,169248
145.4769,169463
145.4810,169185
145.4851,168926
145.4894,169141
145.4935,169320
145.4973,169891
145.4974,169938
145.5016,169141
145.5058,168601
145.5097,169744
145.5137,169515
145.5179,169703
145.5220,169531
145.5261,168722
145.5303,169541
145.5343,169494
145.5384,169431
145.5425,169657
145.5467,168787
145.5507,170074
145.5548,169389
145.5589,170050
145.5630,169124
145.5671,169145
145.5711,170315
145.5752,169586
145.5794,169350
145.5835,169813
145.5876,168948
145.5916,169976
145.5957,169251
145.5998,169456
145.6039,169163
145.6080,168917
145.6121,170184
145.6164,169438
145.6209,169574
145.6243,169812
145.6244,168000
145.6284,170470
145.6325,169009
145.6366,169719
145.6408,169293
145.6449,168736
145.6489,170296
145.6531,168562
145.6572,169350
145.6613,169176
145.6653,168571
145.6694,170320
145.6735,168752
145.6776,169103
145.6816,169434
145.6858,168799
145.6899,170547
145.6940,169130
145.6981,169869
145.7023,169371
145.7063,168995
145.7104,170314
145.7144,168933
145.7185,169490
145.7226,169884
145.7268,169316
145.7309,170378
145.7350,169009
145.7391,170315
145.7433,169264
145.7472,168806
145.7515,170529
145.7516,168621
145.7555,169680
145.7596,169277
145.7636,168972
145.7677,169899
145.7718,168455
145.7759,169706
145.7801,169369
145.7841,169531
145.7882,170058
145.7923,168803
145.7963,170014
145.8005,169689
145.8046,169271
145.8087,169596
145.8128,169043
145.8169,169626
145.8210,169603
145.8250,169587
145.8292,170037
145.8332,168983
145.8374,169221
145.8414,169525
145.8455,169767
145.8496,170050
145.8537,168556
145.8578,169436
145.8619,169621
145.8660,169790
145.8702,169876
145.8743,168871
145.8786,170003
145.8787,169588
145.8824,169725
145.8864,169874
145.8906,169687
145.8946,169649
145.8987,169727
145.9028,169283
145.9069,169824
145.9110,169285
145.9151,169172
145.9192,169942
145.9233,169616
145.9274,169210
145.9315,169520
145.9356,169689
145.9397,169064
145.9438,169825
145.9479,169636
145.9520,169673
145.9561,169706
145.9602,169664
145.9643,169659
145.9683,169333
145.9724,169297
145.9765,169362
145.9806,169407
145.9847,169785
145.9888,169341
145.9929,169623
145.9970,170170
146.0012,170018
146.0055,169506
146.0056,168960
146.0093,169521
146.0134,169528
146.0175,169641
146.0216,170330
146.0257,169136
146.0298,170146
146.0339,169442
146.0380,169650
146.0421,169459
146.0463,168734
146.0503,169836
146.0544,169730
146.0585,169858
146.0626,169216
146.0667,168892
146.0708,170097
146.0749,169500
146.0791,169214
146.0831,169471
146.0872,168840
146.0914,170366
146.0954,169233
146.0995,168955
146.1036,169356
146.1077,168615
146.1118,170166
146.1159,169303
146.1201,169655
146.1241,169375
146.1284,168595
146.1326,170367
146.1326,169300
146.1364,169484
146.1405,169500
146.1446,168723
146.1487,170629
146.1528,169152
146.1569,169693
146.1610,169402
146.1650,168609
146.1691,170651
146.1732,169195
146.1772,169555
146.1814,169469
146.1855,168437
146.1896,170438
146.1937,168515
146.1978,169552
146.2019,169626
146.2060,168841
146.2101,170146
146.2142,169574
146.2183,169643
146.2224,169645
146.2265,168346
146.2306,170404
146.2348,169043
146.2388,169810
146.2429,169736
146.2469,169395
146.2511,170023
146.2553,168889
146.2594,169864
146.2634,170053
146.2636,169116
146.2674,170926
146.2714,169038
146.2756,169415
146.2796,169553
146.2837,169145
146.2879,170068
146.2919,169706
146.2960,170322
146.3002,169694
146.3043,168950
146.3084,170495
146.3125,168526
146.3166,170286
146.3207,170265
146.3248,169079
146.3289,169888
146.3330,169026
146.3371,169744
146.3412,170177
146.3453,169069
146.3494,170857
146.3535,169250
146.3576,169819
146.3617,169834
146.3657,169817
146.3698,170268
146.3739,169205
146.3781,169868
146.3824,170117
146.3863,169675
146.3904,170005
146.3905,168632
146.3944,169728
146.3985,169646
146.4026,169433
146.4067,169652
146.4108,168661
146.4149,170170
146.4190,169558
146.4231,168782
146.4272,169619
146.4312,168899
146.4354,169500
146.4395,169983
146.4435,169437
146.4477,169526
146.4518,168877
146.4559,169254
146.4599,169559
146.4640,169276
146.4681,169041
146.4722,169158
146.4763,169317
146.4804,169752
146.4845,169728
146.4886,169669
146.4927,168928
146.4968,168755
146.5009,169912
146.5050,169312
146.5092,168981
146.5132,169115
146.5172,169429
146.5173,169559
146.5214,169401
146.5255,168763
146.5296,169582
146.5337,169774
146.5378,169572
146.5419,169108
146.5460,168943
146.5501,169933
146.5542,169143
146.5582,169996
146.5623,168860
146.5664,168429
146.5705,169112
146.5746,169843
146.5787,169300
146.5828,169394
146.5869,168901
146.5910,169790
146.5950,169768
146.5991,169241
146.6032,169642
146.6073,168571
146.6114,170009
146.6157,169239
146.6197,169167
146.6237,169869
146.6278,168968
146.6320,170158
146.6364,170195
146.6403,169406
146.6443,169409
146.6444,167916
146.6483,170226
146.6524,169318
146.6565,169674
146.6606,169901
146.6647,169202
146.6688,170687
146.6729,169291
146.6770,169627
146.6811,169727
146.6852,168910
146.6892,170198
146.6935,168950
146.6976,169761
146.7016,169148
146.7056,168821
146.7098,170687
146.7138,168499
146.7179,169976
146.7223,169640
146.7261,169094
146.7302,170710
146.7343,169277
146.7385,169512
146.7426,170125
146.7467,168709
146.7507,170607
146.7548,168391
146.7589,169146
146.7656,169733
146.7671,168864
146.7711,169942
146.7712,168822
146.7753,169272
146.7794,169743
146.7845,168982
146.7878,170378
146.7917,168266
146.7958,170018
146.8009,169598
146.8040,168741
146.8080,169579
146.8125,168391
146.8163,169402
146.8211,169124
146.8249,168561
146.8285,170424
146.8346,168145
146.8369,170003
146.8417,169007
146.8449,168792
146.8511,170318
146.8540,168789
146.8573,169399
146.8613,169069
146.8654,169126
146.8699,169838
146.8738,169536
146.8778,169462
146.8818,169948
146.8864,169068
146.8903,170018
146.8942,168498
146.8982,170237
146.8983,169502
146.9028,169327
146.9070,169580
146.9104,169222
146.9145,169824
146.9190,169575
146.9231,169566
146.9268,170144
146.9310,168828
146.9350,169626
146.9396,169178
146.9433,169492
146.9473,169477
146.9515,169315
146.9557,169477
146.9599,169867
146.9637,169585
146.9689,169467
146.9722,168489
146.9761,169512
146.9801,169541
146.9859,169509
146.9883,169286
146.9928,168886
146.9964,169298
147.0011,169199
147.0052,169092
147.0093,169229
147.0129,169127
147.0171,169429
147.0210,168908
147.0252,169162
147.0253,169181
147.0293,169453
147.0351,169722
147.0377,169198
147.0415,168891
147.0456,168242
147.0497,169472
147.0542,169618
147.0579,169366
147.0620,169716
147.0681,168321
147.0709,168937
147.0743,169465
147.0784,169391
147.0844,169556
147.0873,168608
147.0906,169452
147.0947,169711
147.1011,169327
147.1034,169456
147.1073,167981
147.1112,169451
147.1153,169509
147.1198,169324
147.1234,169725
147.1279,168311
147.1316,170195
147.1365,169299
147.1400,168772
147.1440,169566
147.1480,168789
147.1522,169951
147.1522,168685
147.1562,169431
147.1603,169018
147.1644,168708
147.1685,170031
147.1729,169119
147.1769,169024
147.1808,169847
147.1855,168448
147.1894,169804
147.1934,169234
147.1972,169508
147.2027,169690
147.2059,168399
147.2101,170244
147.2135,168925
147.2185,169393
147.2222,169317
147.2258,168708
147.2299,170251
147.2349,168369
147.2383,169999
147.2424,169329
147.2463,168710
147.2512,170476
147.2548,168644
147.2592,169632
147.2627,169307
147.2672,168570
147.2714,170354
147.2750,168365
147.2791,169386
147.2792,168813
147.2839,168481
147.2880,170474
147.2913,168674
147.2954,169136
147.3009,169762
147.3045,169267
147.3077,169864
147.3118,168634
147.3174,170020
147.3203,169227
147.3241,168480
147.3282,170190
147.3340,168756
147.3371,169181
147.3406,169514
147.3446,168770
147.3514,170521
147.3531,168055
147.3570,169688
147.3610,169258
147.3651,168892
147.3696,169631
147.3735,168899
147.3774,169646
147.3816,168729
147.3859,168760
147.3897,170324
147.3937,168237
147.3979,169375
147.4027,169004
147.4062,168636
147.4063,169633
147.4102,168842
147.4143,169083
147.4200,169244
147.4224,168905
147.4265,169283
147.4307,168765
147.4349,168912
147.4395,168991
147.4429,168840
147.4471,169969
147.4515,168825
147.4555,169078
147.4592,169541
147.4635,169558
147.4680,169559
147.4722,168634
147.4756,169616
147.4797,169267
147.4848,169550
147.4886,169330
147.4920,168087
147.4961,168911
147.5004,168816
147.5045,168816
147.5091,168713
147.5125,168648
147.5178,169824
147.5216,169478
147.5249,169102
147.5290,168871
147.5333,168615
147.5341,169265
147.5379,168991
147.5412,169622
147.5453,168791
147.5508,168816
147.5535,168915
147.5575,169550
147.5616,169412
147.5673,168317
147.5701,168997
147.5744,169480
147.5780,169116
147.5836,169214
147.5869,168529
147.5905,169363
147.5944,169633
147.5994,169486
147.6030,169089
147.6067,168572
147.6108,169724
147.6165,168962
147.6199,169400
147.6233,169433
147.6272,168129
147.6313,169460
147.6362,169618
147.6402,169329
147.6436,168661
147.6477,168680
147.6522,170260
147.6559,169415
147.6601,169000
147.6602,169091
147.6641,168863
147.6688,170021
147.6730,169067
147.6765,169300
147.6805,169135
147.6849,168463
147.6893,170864
147.6928,169503
147.6969,169620
147.7013,168977
147.7051,168781
147.7092,169765
147.7132,168943
147.7183,169644
147.7220,169448
147.7257,168364
147.7296,170719
147.7340,169039
147.7387,169369
147.7419,169381
147.7460,168877
147.7508,170513
147.7546,168865
147.7586,169309
147.7623,169574
147.7666,168710
147.7711,170469
147.7754,168610
147.7788,169909
147.7836,169544
147.7871,169385
147.7910,170553
147.7911,169060
147.7951,169511
147.8002,169692
147.8037,168948
147.8077,170129
147.8116,168733
147.8171,170110
147.8201,169515
147.8238,169112
147.8279,169861
147.8320,168684
147.8365,169544
147.8407,169700
147.8444,169061
147.8498,170427
147.8529,168772
147.8574,168963
147.8606,169321
147.8664,168823
147.8689,170017
147.8734,168737
147.8772,169216
147.8812,169447
147.8860,169489
147.8893,169662
147.8934,168682
147.8976,169657
147.9020,169365
147.9061,169502
147.9100,169851
147.9141,168342
147.9181,169749
147.9186,169459
147.9224,169455
147.9262,169872
147.9304,169081
147.9349,169811
147.9387,169662
147.9427,169608
147.9468,169543
147.9511,169208
147.9552,169488
147.9590,169265
147.9634,169388
147.9678,169722
147.9715,168903
147.9755,169694
147.9796,169705
147.9836,170010
147.9885,169818
147.9917,169563
147.9958,169476
148.0014,169700
148.0041,169633
148.0083,169506
148.0122,169100
148.0169,169282
148.0214,169990
148.0245,169195
148.0286,169178
148.0335,169567
148.0368,169299
148.0412,170056
148.0452,169801
148.0452,169107
148.0502,168982
148.0532,169691
148.0573,169455
148.0613,169720
148.0668,168779
148.0695,168812
148.0736,169246
148.0777,170118
148.0819,169576
148.0863,168527
148.0900,169534
148.0941,169562
148.0995,169156
148.1028,169608
148.1064,168875
148.1105,169404
148.1146,169826
148.1190,169532
148.1229,169662
148.1270,169247
148.1310,169212
148.1358,169609
148.1392,169480
148.1433,170006
148.1474,169069
148.1523,170141
148.1556,169351
148.1597,169778
148.1638,169335
148.1680,168354
148.1720,169786
148.1721,170020
148.1761,168895
148.1802,169209
148.1844,169050
148.1884,170035
148.1931,168994
148.1966,169445
148.2008,170098
148.2049,168892
148.2088,170357
148.2130,168547
148.2172,169344
148.2219,169530
148.2252,168475
148.2293,170316
148.2344,168989
148.2381,169583
148.2416,169591
148.2457,169182
148.2507,170771
148.2543,168762
148.2584,169757
148.2621,169568
148.2675,168652
148.2706,170535
148.2746,168982
148.2785,169708
148.2839,169184
148.2874,168824
148.2908,170425
148.2949,169073
148.2998,169783
148.3003,170065
148.3039,168937
148.3071,170802
148.3112,168715
148.3163,170027
148.3197,169745
148.3238,169275
148.3276,170061
148.3331,168734
148.3363,169619
148.3399,169395
148.3440,169242
148.3501,170364
148.3526,168525
148.3570,169447
148.3603,169347
148.3645,169590
148.3692,169975
148.3730,169359
148.3768,169715
148.3808,169801
148.3853,169802
148.3894,169923
148.3931,168698
148.3972,169811
148.4016,170110
148.4056,169082
148.4096,169911
148.4137,168830
148.4188,169689
148.4220,169793
148.4260,169635
148.4261,169789
148.4300,168517
148.4348,169517
148.4386,169834
148.4423,169601
148.4464,169772
148.4515,168876
148.4548,169988
148.4587,169828
148.4629,169020
148.4678,170079
148.4713,169059
148.4750,169861
148.4791,169548
148.4838,169698
148.4877,169993
148.4914,168913
148.4955,169737
148.5000,169688
148.5042,169563
148.5078,169984
148.5119,169408
148.5167,169368
148.5206,169446
148.5246,169545
148.5283,169815
148.5329,168860
148.5372,169801
148.5406,169817
148.5447,169250
148.5494,168861
148.5530,169380
148.5531,169768
148.5570,169598
148.5611,169503
148.5668,169448
148.5700,169100
148.5734,169850
148.5774,169870
148.5830,169473
148.5861,169601
148.5898,169240
148.5938,170025
148.5995,169990
148.6023,169882
148.6067,168739
148.6102,169811
148.6158,169701
148.6188,169640
148.6229,169974
148.6266,168743
148.6307,169583
148.6354,169732
148.6392,169738
148.6430,169577
148.6471,168862
148.6515,169841
148.6557,169772
148.6594,169640
148.6635,169600
148.6679,168998
148.6717,169632
148.6759,169411
148.6800,169798
148.6801,169775
148.6842,168765
148.6880,169952
148.6921,169227
148.6962,169630
148.7007,169622
148.7045,169137
148.7086,170552
148.7126,169390
148.7179,169229
148.7212,169416
148.7249,168595
148.7290,169611
148.7335,169083
148.7381,169478
148.7414,169767
148.7454,168641
148.7499,170346
148.7545,168571
148.7576,169051
148.7617,169239
148.7664,168869
148.7706,170173
148.7740,168669
148.7781,169766
148.7844,169841
148.7870,169291
148.7904,169991
148.7945,168640
148.7999,169833
148.8027,169634
148.8069,168995
148.8071,170263
148.8110,168552
148.8159,169863
148.8195,169533
148.8232,168870
148.8273,169962
148.8334,168654
148.8357,169319
148.8399,169580
148.8438,168372
148.8500,170643
148.8524,168430
148.8562,169614
148.8601,169390
148.8643,168580
148.8692,170154
148.8723,169038
148.8764,169426
148.8806,169175
148.8857,169261
148.8890,169691
148.8928,168823
148.8971,169111
148.9019,169291
148.9052,168758
148.9092,169843
148.9134,168319
148.9182,169651
148.9216,169357
148.9257,169452
148.9298,169710
148.9340,168729
148.9343,169760
148.9379,169257
148.9420,169265
148.9461,169501
148.9506,168998
148.9546,169170
148.9583,169489
148.9626,169413
148.9671,169860
148.9707,169107
148.9748,169024
148.9788,169705
148.9831,169721
148.9877,169711
148.9912,169339
148.9952,169544
148.9997,169767
149.0038,169125
149.0075,170078
149.0116,168830
149.0166,169588
149.0199,169187
149.0242,169894
149.0280,169806
149.0327,169441
149.0364,169442
149.0403,169622
149.0444,169537
149.0491,169957
149.0529,168707
149.0567,169663
149.0609,169209
149.0609,169466
149.0658,168862
149.0692,169232
149.0734,169812
149.0772,169559
149.0825,169594
149.0853,169226
149.0896,168622
149.0935,169198
149.0995,169622
149.1019,169244
149.1062,168777
149.1100,169471
149.1142,169779
149.1184,169961
149.1228,169372
149.1263,169083
149.1304,169426
149.1352,169526
149.1386,169229
149.1426,169117
149.1468,168587
149.1517,169794
149.1549,169601
149.1590,169539
149.1632,169574
149.1677,168244
149.1719,169932
149.1754,169711
149.1796,169681
149.1837,169190
149.1878,168768
149.1919,170207
149.1920,169552
149.1960,169425
149.2005,170169
149.2050,169165
149.2082,170307
149.2123,169147
149.2170,169571
149.2205,169695
149.2246,168499
149.2287,169776
149.2330,169297
149.2370,169627
149.2410,169491
149.2451,168752
149.2494,170770
149.2539,169346
149.2577,169573
149.2615,169223
149.2656,168777
149.2701,170226
149.2737,168944
149.2778,169444
149.2829,169453
149.2865,168982
149.2901,170064
149.2942,168565
149.2997,169734
149.3025,169225
149.3072,168525
149.3108,170317
149.3164,168642
149.3187,168910
149.3188,169401
149.3229,168886
149.3269,169948
149.3316,168480
149.3361,169480
149.3394,168959
149.3434,169050
149.3475,169819
149.3522,168736
149.3556,169584
149.3598,169514
149.3638,169051
149.3687,169692
149.3721,168697
149.3761,169079
149.3802,169467
149.3851,169042
149.3885,169852
149.3926,168291
149.3967,169861
149.4014,169150
149.4048,168711
149.4089,170003
149.4130,168536
149.4179,169382
149.4219,169391
149.4253,168826
149.4294,169566
149.4339,168582
149.4377,169324
149.4419,169466
149.4458,168888
149.4459,169530
149.4499,168847
149.4541,169564
149.4581,169540
149.4621,169027
149.4665,169755
149.4704,168605
149.4745,169276
149.4785,169391
149.4827,169070
149.4867,169635
149.4908,168562
149.4949,169246
149.5000,169227
149.5035,168906
149.5072,169270
149.5113,168712
149.5163,169128
149.5195,169171
149.5235,169294
149.5277,169604
149.5326,168874
149.5364,169252
149.5401,169262
149.5441,169314
149.5495,169190
149.5528,168550
149.5564,168897
149.5605,169087
149.5649,169565
149.5688,169420
149.5728,169072
149.5729,169399
149.5768,169587
149.5822,169176
149.5854,169214
149.5892,169711
149.5932,169471
149.5998,169131
149.6022,168925
149.6056,169352
149.6097,169350
149.6152,169860
149.6179,169591
149.6224,169214
149.6260,169160
149.6305,168852
149.6353,169220
149.6383,169626
149.6425,169343
149.6465,169214
149.6514,169735
149.6546,169423
149.6587,169291
149.6629,169458
149.6683,168666
149.6712,169539
149.6752,168724
149.6793,169566
149.6840,169653
149.6875,168397
149.6917,169345
149.6959,169726
149.7001,169272
149.7004,169248
149.7038,168577
149.7083,169815
149.7121,168675
149.7161,169214
149.7205,169212
149.7243,168037
149.7284,170307
149.7340,168812
149.7374,169340
149.7407,169394
149.7448,168596
149.7499,169900
149.7534,168839
149.7571,168772
149.7611,168898
149.7652,168508
149.7693,170543
149.7734,168852
149.7775,169190
149.7822,169757
149.7857,168680
149.7900,170574
149.7939,169259
149.8001,169259
149.8022,169142
149.8063,168780
149.8104,170434
149.8156,168199
149.8190,169882
149.8227,169515
149.8268,168197
149.8269,170013
149.8308,168454
149.8354,169632
149.8390,169570
149.8431,168615
149.8485,170607
149.8519,167896
149.8554,169297
149.8594,169370
149.8653,168209
149.8680,170115
149.8718,168228
149.8759,168829
149.8800,169424
149.8845,168487
149.8884,170117
149.8922,168242
149.8963,168959
149.9004,168942
149.9047,169237
149.9086,169996
149.9127,167933
149.9178,169177
149.9209,169326
149.9250,168749
149.9292,169448
149.9332,168165
149.9376,168612
149.9414,169387
149.9455,168623
149.9498,170024
149.9537,168451
149.9537,169093
149.9578,169276
149.9620,169100
149.9661,169485
149.9701,168485
149.9742,169069
149.9783,169393
149.9832,169249
149.9864,169624
149.9905,168148
149.9946,169365
150.0002,169829
150.0030,168753
150.0071,169637
150.0110,169232
150.0154,169081
150.0196,169254
150.0233,168457
150.0274,169541
150.0317,168621
150.0356,169044
150.0398,169162
150.0438,169022
150.0494,169132
150.0520,168508
150.0573,168950
150.0603,168986
150.0657,169068
150.0691,169764
150.0724,168651
150.0766,169032
150.0817,169285
150.0826,169392
150.0852,168911
150.0888,168676
150.0929,169100
150.0985,169073
150.1017,169490
150.1052,169069
150.1093,168669
150.1134,168707
150.1176,169258
150.1215,168819
150.1256,168300
150.1298,168550
150.1343,169710
150.1381,169150
150.1420,169641
150.1462,168230
150.1509,168899
150.1543,169073
150.1584,169014
150.1625,168909
150.1676,168046
150.1708,169259
150.1749,168998
150.1790,169235
150.1832,168724
150.1872,168438
150.1912,169334
150.1954,169404
150.2005,168958
150.2037,169047
150.2077,168227
150.2078,169673
150.2119,169101
150.2164,169286
150.2206,169458
150.2240,167773
150.2281,169776
150.2332,168740
150.2367,169216
150.2404,168962
150.2444,168410
150.2489,170232
150.2528,169006
150.2567,169684
150.2608,168736
150.2656,168269
150.2699,169618
150.2731,168792
150.2772,169032
150.2825,169398
150.2858,168324
150.2901,169995
150.2936,168589
150.2985,169104
150.3027,168951
150.3060,168217
150.3101,170158
150.3156,168872
150.3185,168733
150.3223,169037
150.3264,168409
150.3310,170185
150.3354,167972
150.3357,169141
150.3387,169124
150.3427,168634
150.3470,170279
150.3514,168570
150.3550,169461
150.3591,169933
150.3638,168772
150.3679,170309
150.3714,168271
150.3755,169406
150.3796,169186
150.3840,168372
150.3878,169725
150.3919,168458
150.3960,169385
150.4006,169607
150.4042,168613
150.4083,170312
150.4125,168357
150.4169,169669
150.4210,168814
150.4247,168506
150.4288,170259
150.4332,168530
150.4376,169779
150.4411,169818
150.4452,168806
150.4498,169716
150.4537,168723
150.4576,169378
150.4615,169300
150.4656,168855
150.4663,170381
150.4697,168136
150.4738,169559
150.4779,169075
150.4828,169064
150.4866,169861
150.4902,168662
150.4943,169681
150.4990,170317
150.5026,169580
150.5067,170066
150.5107,169054
150.5154,170920
150.5192,170188
150.5234,169857
150.5271,170128
150.5317,168715
150.5362,169775
150.5398,169450
150.5435,169393
150.5485,169902
150.5523,169063
150.5563,169302
150.5598,169199
150.5650,169678
150.5684,169618
150.5725,169081
150.5763,169513
150.5806,169623
150.5846,169359
150.5886,169843
150.5929,168964
150.5930,169433
150.5981,169393
150.6012,169504
150.6050,169595
150.6092,169029
150.6144,169711
150.6184,169583
150.6214,169604
150.6254,169501
150.6298,169115
150.6345,169527
150.6381,169502
150.6417,170278
150.6458,169428
150.6503,169615
150.6542,169245
150.6581,169281
150.6622,169333
150.6672,168790
150.6704,169481
150.6745,168961
150.6788,169568
150.6831,169806
150.6868,168854
150.6909,169352
150.6951,169764
150.6995,169313
150.7033,169476
150.7073,168494
150.7115,169504
150.7159,168978
150.7197,169297
150.7198,169552
150.7237,168509
150.7278,169963
150.7323,169674
150.7360,169200
150.7401,169697
150.7441,168439
150.7499,170131
150.7523,169219
150.7564,169868
150.7605,169724
150.7652,168512
150.7688,170005
150.7729,169272
150.7770,169615
150.7821,169268
150.7852,168772
150.7892,170584
150.7933,169194
150.7985,169290
150.8020,170054
150.8056,168746
150.8097,170728
150.8155,168751
150.8182,169152
150.8220,169105
150.8261,168675
150.8333,170342
150.8343,169076
150.8383,169747
150.8427,169225
150.8468,168298
150.8469,170613
150.8514,169001
150.8547,169506
150.8588,169751
150.8631,169050
150.8671,170422
150.8711,168808
150.8752,169377
150.8793,169875
150.8834,168855
150.8876,171058
150.8917,168644
150.8957,169382
150.9008,170036
150.9039,168869
150.9080,169784
150.9121,168520
150.9167,169544
150.9207,169262
150.9244,168881
150.9285,170283
150.9331,168720
150.9371,169145
150.9408,169407
150.9449,169419
150.9494,169597
150.9533,168553
150.9571,169284
150.9613,169811
150.9657,169160
150.9696,170300
150.9736,168255
150.9736,169501
150.9776,168943
150.9823,169369
150.9863,170352
150.9899,168888
150.9940,169372
150.9989,169792
151.0032,169513
151.0063,170002
151.0103,168858
151.0150,169662
151.0187,169444
151.0227,170302
151.0267,170214
151.0320,169287
151.0358,170003
151.0391,169568
151.0431,169159
151.0482,169987
151.0520,168484
151.0554,169722
151.0595,169993
151.0649,169774
151.0683,169697
151.0718,168903
151.0759,170134
151.0813,169734
151.0846,169541
151.0886,169532
151.0923,168863
151.0965,169535
151.1005,169757
151.1006,170141
151.1046,169181
151.1087,169049
151.1128,169060
151.1175,169213
151.1217,169621
151.1251,169610
151.1293,169079
151.1338,169109
151.1374,169302
151.1414,169624
151.1456,169195
151.1502,169123
151.1539,169512
151.1579,169295
151.1620,169461
151.1665,168707
151.1702,169109
151.1743,169460
151.1784,169346
151.1824,169268
151.1871,169237
151.1911,169803
151.1947,169385
151.1992,169776
151.2029,168965
151.2069,168727
151.2111,169166
151.2160,168960
151.2193,169414
151.2236,169745
151.2274,168420
151.2275,169383
151.2319,169856
151.2356,168793
151.2397,169651
151.2438,168568
151.2485,170578
151.2521,169346
151.2561,169722
151.2602,169344
151.2650,168538
151.2687,170378
151.2725,169386
151.2766,169793
151.2813,169698
151.2854,168277
151.2889,170345
151.2930,169334
151.2984,169659
151.3015,169346
151.3055,168688
151.3094,170945
151.3148,168878
151.3181,169708
151.3217,169007
151.3258,168548
151.3311,170616
151.3342,168645
151.3382,169143
151.3422,170173
151.3464,168982
151.3505,170920
151.3546,168686
151.3585,169564
151.3586,169430
151.3627,168693
151.3670,170488
151.3711,168835
151.3750,169952
151.3791,169758
151.3832,169051
151.3872,170417
151.3913,168696
151.3954,169526
151.3995,169417
151.4036,168731
151.4076,170387
151.4118,168555
151.4168,169369
151.4200,169391
151.4248,169052
151.4282,170523
151.4325,168513
151.4363,169731
151.4404,170051
151.4446,169382
151.4497,170065
151.4527,168553
151.4568,169395
151.4609,169483
151.4661,169201
151.4694,170019
151.4733,168316
151.4774,170075
151.4817,169618
151.4856,168921
151.4857,170148
151.4896,168745
151.4937,169908
151.4981,169689
151.5019,169312
151.5060,170746
151.5101,168902
151.5144,169899
151.5183,169595
151.5224,169373
151.5264,170354
151.5316,168716
151.5346,169410
151.5387,169707
151.5428,169647
151.5492,169667
151.5515,169089
151.5551,169707
151.5592,169397
151.5646,169019
151.5680,170439
151.5715,168936
151.5756,169925
151.5809,169548
151.5843,169005
151.5879,169783
151.5920,169283
151.5962,169869
151.6006,169340
151.6045,169226
151.6085,169332
151.6126,169289
151.6141,169736
151.6172,169374
151.6207,169625
151.6247,169705
151.6288,168962
151.6332,169880
151.6371,169240
151.6411,169536
151.6452,169273
151.6499,168826
151.6534,169675
151.6575,170103
151.6616,169789
151.6661,169129
151.6700,168977
151.6739,169977
151.6781,170004
151.6830,169599
151.6862,168613
151.6903,168944
151.6944,169832
151.6994,169141
151.7026,169754
151.7066,168575
151.7108,169040
151.7150,170096
151.7190,169125
151.7231,169505
151.7273,168894
151.7316,169482
151.7355,169843
151.7395,169303
151.7395,169063
151.7435,168630
151.7485,169260
151.7517,169759
151.7558,169209
151.7599,169902
151.7648,168166
151.7682,170060
151.7722,169497
151.7763,169523
151.7807,170067
151.7845,168529
151.7886,170370
151.7927,169538
151.7981,169778
151.8011,169314
151.8050,168749
151.8091,170277
151.8144,169241
151.8174,169502
151.8215,169470
151.8255,169118
151.8311,170022
151.8336,169869
151.8377,169436
151.8418,169568
151.8483,168854
151.8500,170629
151.8542,169213
151.8583,169581
151.8630,169483
151.8664,168813
151.8665,170245
151.8705,169182
151.8746,169442
151.8787,169380
151.8833,168647
151.8869,170320
151.8910,168658
151.8951,169881
151.8996,169543
151.9033,168847
151.9073,170822
151.9116,169060
151.9164,169426
151.9196,169737
151.9237,169345
151.9281,170417
151.9329,168916
151.9360,170194
151.9401,169325
151.9443,168905
151.9488,170044
151.9526,168758
151.9565,169685
151.9607,169064
151.9651,169141
151.9688,170182
151.9729,168907
151.9770,169407
151.9814,169825
151.9854,168435
151.9895,170065
151.9934,168468
151.9935,169434
151.9990,169458
152.0016,168964
152.0056,170113
152.0098,168568
152.0139,169539
152.0179,169355
152.0221,169807
152.0261,169940
152.0308,168524
152.0345,169307
152.0384,168770
152.0425,169492
152.0477,169623
152.0508,168475
152.0548,169623
152.0589,169300
152.0641,169126
152.0674,169975
152.0712,168773
152.0753,169045
152.0807,169394
152.0837,169261
152.0876,169835
152.0917,169482
152.0965,169247
152.1007,169303
152.1040,169234
152.1081,169531
152.1122,168838
152.1165,168915
152.1204,169399
152.1205,169728
152.1244,169139
152.1300,168522
152.1332,169366
152.1367,169738
152.1408,169148
152.1449,169102
152.1496,168695
152.1531,169609
152.1572,169782
152.1614,169942
152.1663,169487
152.1695,169581
152.1736,169500
152.1778,169837
152.1821,169886
152.1859,168906
152.1900,169426
152.1941,169441
152.1988,169394
152.2023,169404
152.2064,168718
152.2105,169110
152.2150,169300
152.2188,169474
152.2228,169735
152.2272,168944
152.2315,169675
152.2351,169662
152.2392,169428
152.2433,169711
152.2476,168986
152.2483,169295
152.2522,169322
152.2556,169109
152.2596,169848
152.2646,168587
152.2686,169944
152.2719,169727
152.2760,169474
152.2816,170084
152.2847,168693
152.2883,169816
152.2924,169358
152.2978,169529
152.3014,169610
152.3051,169037
152.3088,169870
152.3144,169629
152.3180,169509
152.3212,169444
152.3252,169187
152.3305,170127
152.3338,169796
152.3380,169700
152.3421,170125
152.3472,168334
152.3498,169781
152.3543,169788
152.3579,169376
152.3623,169674
152.3663,169066
152.3704,170368
152.3744,169447
152.3786,169351
152.3787,169509
152.3826,169289
152.3872,171117
152.3907,168997
152.3948,169478
152.3991,169263
152.4034,168542
152.4071,170786
152.4112,168834
152.4156,169274
152.4201,169640
152.4234,168845
152.4276,170726
152.4326,168975
152.4358,169738
152.4398,169868
152.4440,169072
152.4484,170200
152.4522,168597
152.4563,169569
152.4603,169525
152.4648,169480
152.4685,170777
152.4726,168803
152.4767,169742
152.4816,168877
152.4850,169074
152.4890,170136
152.4931,168941
152.4977,169886
152.5014,169273
152.5054,168940
152.5055,170277
152.5094,169043
152.5142,169439
152.5177,169555
152.5217,168757
152.5258,170007
152.5317,168412
152.5341,169430
152.5381,169353
152.5422,169181
152.5472,170039
152.5506,168619
152.5545,169363
152.5586,169530
152.5636,169234
152.5668,170401
152.5709,168536
152.5750,169833
152.5803,168767
152.5840,169314
152.5873,170402
152.5914,169017
152.5959,169215
152.5998,169059
152.6036,169163
152.6077,170346
152.6136,168319
152.6167,169307
152.6201,169411
152.6242,169482
152.6284,170186
152.6323,169453
152.6325,169561
152.6365,169312
152.6405,169492
152.6447,169413
152.6493,169341
152.6528,169705
152.6569,168999
152.6610,168811
152.6657,169516
152.6692,169227
152.6733,169766
152.6774,169705
152.6819,168868
152.6857,169590
152.6897,169153
152.6938,169290
152.6982,169682
152.7026,169268
152.7061,169299
152.7103,169070
152.7145,168900
152.7185,170179
152.7225,169464
152.7266,169137
152.7309,168900
152.7347,169493
152.7388,169539
152.7429,169498
152.7479,169107
152.7513,169611
152.7553,169553
152.7593,169504
152.7594,169077
152.7649,168980
152.7675,169668
152.7716,169643
152.7757,169887
152.7807,169552
152.7839,168407
152.7880,169629
152.7921,169609
152.7969,169481
152.8004,170211
152.8045,168577
152.8085,169825
152.8146,169092
152.8167,169170
152.8209,169203
152.8248,168304
152.8310,170132
152.8331,169602
152.8371,170139
152.8412,169566
152.8454,168684
152.8494,170198
152.8536,169055
152.8576,169430
152.8617,169294
152.8665,168340
152.8699,170175
152.8740,169167
152.8782,169154
152.8824,169531
152.8866,168613
152.8866,170122
152.8904,169273
152.8945,169487
152.8987,169464
152.9031,168774
152.9068,170422
152.9109,168323
152.9158,169172
152.9192,169471
152.9231,169042
152.9273,170304
152.9316,169021
152.9355,168905
152.9395,169328
152.9437,168578
152.9483,170939
152.9522,168661
152.9559,169436
152.9600,169657
152.9647,169254
152.9686,170186
152.9724,169173
152.9767,169626
152.9810,169474
152.9846,168910
152.9888,170285
152.9928,169148
152.9979,169165
153.0011,169601
153.0052,168838
153.0092,170149
153.0138,168717
153.0139,169188
153.0177,169730
153.0214,169154
153.0255,170127
153.0307,168804
153.0338,169523
153.0379,169404
153.0420,169090
153.0477,170127
153.0506,168674
153.0542,169162
153.0583,169262
153.0635,169573
153.0666,169380
153.0709,168555
153.0747,168998
153.0805,169315
153.0829,169277
153.0873,169987
153.0911,168579
153.0952,169558
153.0998,169349
153.1041,169351
153.1076,170073
153.1116,168678
153.1169,169265
153.1197,169700
153.1240,168987
153.1279,170246
153.1323,168773
153.1363,169768
153.1403,169533
153.1404,169069
153.1443,169969
153.1486,169338
153.1529,169472
153.1568,169625
153.1607,169514
153.1649,169756
153.1690,168617
153.1730,170071
153.1772,169650
153.1814,169702
153.1858,169790
153.1894,168845
153.1936,169605
153.1982,169825
153.2017,169695
153.2058,169594
153.2099,168554
153.2149,169286
153.2181,169332
153.2221,169786
153.2262,169439
153.2313,169311
153.2344,169172
153.2385,169372
153.2426,169586
153.2473,169610
153.2508,168824
153.2549,169640
153.2590,169615
153.2633,169233
153.2673,168939
153.2674,169183
153.2713,169238
153.2754,169608
153.2816,169591
153.2836,168434
153.2877,169085
153.2918,169821
153.2963,169430
153.3000,168856
153.3041,168620
153.3081,169023
153.3131,169310
153.3164,169398
153.3204,169188
153.3245,168781
153.3318,169171
153.3327,169549
153.3368,169448
153.3409,168940
153.3452,168372
153.3493,169353
153.3533,169033
153.3574,169433
153.3631,169392
153.3661,167880
153.3696,170084
153.3737,168645
153.3778,169068
153.3824,168965
153.3860,167943
153.3903,169713
153.3942,169012
153.3943,169140
153.3984,169244
153.4031,168329
153.4065,170016
153.4106,168654
153.4150,169505
153.4202,169430
153.4229,168506
153.4270,169347
153.4310,168925
153.4354,169844
153.4392,168745
153.4434,168614
153.4481,170000
153.4527,168712
153.4557,169150
153.4598,169980
153.4644,168574
153.4685,169654
153.4723,168241
153.4762,169298
153.4811,169280
153.4846,168422
153.4884,170215
153.4924,168623
153.4974,169337
153.5007,168776
153.5055,168580
153.5088,169751
153.5132,168413
153.5173,168859
153.5213,169096
153.5252,168532
153.5253,169530
153.5302,168360
153.5337,169457
153.5376,169649
153.5417,168594
153.5469,170348
153.5508,168081
153.5541,169446
153.5580,169705
153.5630,169121
153.5670,170355
153.5703,168515
153.5744,168981
153.5800,169317
153.5829,168473
153.5875,169963
153.5912,168185
153.5970,169356
153.5995,169448
153.6036,168662
153.6073,170084
153.6114,168612
153.6164,169702
153.6200,169899
153.6236,169391
153.6277,169683
153.6320,168691
153.6363,169162
153.6399,169369
153.6441,169386
153.6481,169397
153.6523,168302
153.6524,169400
153.6563,169471
153.6604,169138
153.6648,170009
153.6686,168761
153.6727,169523
153.6768,168591
153.6812,169514
153.6850,169747
153.6891,169015
153.6932,169419
153.6979,169289
153.7014,169101
153.7054,169495
153.7096,168583
153.7145,169298
153.7177,169044
153.7218,168998
153.7260,169082
153.7300,168954
153.7342,169428
153.7383,169209
153.7423,169029
153.7464,169225
153.7505,169073
153.7546,169451
153.7587,169183
153.7628,169645
153.7669,169079
153.7712,169101
153.7751,169313
153.7792,169854
153.7795,169017
153.7834,169022
153.7874,170168
153.7914,169012
153.7967,169443
153.7996,169805
153.8038,168623
153.8079,168739
153.8124,169225
153.8163,169307
153.8201,169418
153.8242,167626
153.8296,169802
153.8332,169081
153.8366,169402
153.8406,169349
153.8461,168514
153.8497,169143
153.8530,169337
153.8571,169478
153.8624,169550
153.8653,168492
153.8695,170169
153.8734,169210
153.8778,169523
153.8816,169522
153.8859,168796
153.8898,170292
153.8940,168763
153.8980,169174
153.9022,170238
153.9064,168779
153.9065,169928
153.9103,168665
153.9149,168681
153.9184,169542
153.9225,168388
153.9267,170566
153.9309,168918
153.9348,169151
153.9389,169985
153.9430,169146
153.9478,169908
153.9513,168288
153.9553,169700
153.9594,168650
153.9641,168720
153.9676,170700
153.9717,169173
153.9760,168879
153.9804,168983
153.9841,168712
153.9881,170299
153.9921,168462
153.9969,169412
154.0004,169184
154.0045,169105
154.0085,170343
154.0139,168188
154.0169,169782
154.0209,169662
154.0250,168850
154.0299,170204
154.0332,168312
154.0332,169537
154.0372,169448
154.0413,169022
154.0466,170501
154.0495,169019
154.0536,169174
154.0577,169549
154.0629,169294
154.0660,170171
154.0700,168938
154.0742,169403
154.0802,169035
154.0823,169156
154.0864,169709
154.0905,168733
154.0970,169479
154.0986,169553
154.1027,169106
154.1068,170047
154.1126,168702
154.1155,169237
154.1191,169130
154.1232,169444
154.1273,170139
154.1328,168621
154.1355,170067
154.1396,169735
154.1438,169395
154.1485,170020
154.1520,168664
154.1560,169466
154.1601,169445
154.1602,168806
154.1650,170572
154.1683,168537
154.1724,169555
154.1765,169067
154.1807,169423
154.1848,169807
154.1888,168770
154.1929,169243
154.1974,169167
154.2011,169208
154.2051,170237
154.2093,168943
154.2136,169594
154.2175,169019
154.2215,169854
154.2256,170220
154.2302,168567
154.2338,169122
154.2379,169597
154.2420,169264
154.2463,169413
154.2502,168599
154.2543,169607
154.2584,169116
154.2628,169817
154.2666,168745
154.2706,168849
154.2748,169721
154.2800,169849
154.2831,169986
154.2872,169136
154.2873,168614
154.2912,169927
154.2958,169743
154.2998,169747
154.3035,168451
154.3075,168933
154.3127,169301
154.3162,168856
154.3199,169172
154.3242,169251
154.3291,169287
154.3322,169158
154.3367,168871
154.3406,169485
154.3462,168708
154.3496,169696
154.3526,169179
154.3567,169368
154.3612,169192
154.3654,168597
154.3690,169765
154.3733,169142
154.3776,168557
154.3813,168829
154.3858,168245
154.3898,169564
154.3936,168951
154.3981,169358
154.4018,168732
154.4059,168515
154.4102,169822
154.4141,168873
154.4141,169583
154.4181,169290
154.4222,168338
154.4263,170512
154.4306,168928
154.4349,169572
154.4388,169574
154.4427,168531
154.4471,170727
154.4519,169556
154.4551,169292
154.4591,169683
154.4632,168499
154.4682,170575
154.4717,168421
154.4756,169487
154.4800,169550
154.4843,168886
154.4879,170444
154.4919,168841
154.4965,169412
154.5010,169795
154.5041,168487
154.5082,169982
154.5130,167863
154.5165,168697
154.5208,169297
154.5246,168842
154.5288,170060
154.5336,168289
154.5371,168698
154.5412,169404
154.5412,168692
154.5460,169777
154.5496,168357
154.5534,169047
154.5574,168809
154.5623,168573
154.5657,170028
154.5697,168355
154.5738,169380
154.5809,169376
154.5822,169009
154.5861,170234
154.5901,168581
154.5962,168835
154.5993,169286
154.6025,168796
154.6065,169921
154.6117,168190
154.6151,169008
154.6188,169312
154.6229,168678
154.6293,169233
154.6318,167875
154.6353,169220
154.6393,169142
154.6434,168561
154.6482,169545
154.6516,168434
154.6557,169161
154.6598,168697
154.6639,168663
154.6681,169743
154.6682,168397
154.6721,169439
154.6763,168307
154.6809,168815
154.6844,169995
154.6885,168174
154.6926,169590
154.6970,168930
154.7009,168820
154.7049,169049
154.7090,168215
154.7131,168860
154.7171,168788
154.7212,169164
154.7254,169079
154.7300,168295
154.7335,169019
154.7376,168970
154.7417,168535
154.7468,169163
154.7499,168614
154.7540,169214
154.7581,169614
154.7629,169108
154.7664,169138
154.7704,167983
154.7744,168991
154.7787,168838
154.7827,169458
154.7868,168479
154.7909,168228
154.7960,169092
154.7996,169112
154.7997,168462
154.8032,168481
154.8072,168248
154.8123,169075
154.8157,169719
154.8196,169140
154.8236,168136
154.8290,169273
154.8323,169070
154.8359,169439
154.8400,169293
154.8441,168587
154.8483,169507
154.8523,168818
154.8565,169172
154.8605,169103
154.8649,168149
154.8687,169037
154.8728,168639
154.8769,169014
154.8811,169115
154.8857,167946
154.8891,169360
154.8933,169147
154.8980,168632
154.9014,169145
154.9055,168410
154.9097,169293
154.9149,169153
154.9180,169405
154.9221,168745
154.9262,168311
154.9263,169816
154.9312,168954
154.9342,169193
154.9383,169403
154.9425,168221
154.9472,170493
154.9506,168681
154.9547,169274
154.9588,168615
154.9639,168372
154.9670,169727
154.9711,169052
154.9753,168643
154.9797,168911
154.9834,168116
154.9875,170281
154.9915,168002
154.9961,169477
154.9997,169230
155.0038,168414
155.0079,170457
155.0131,168274
155.0161,168868
155.0202,169070
155.0243,168650
155.0292,170338
155.0326,167784
155.0366,168705
155.0408,168600
155.0457,168734
155.0491,169872
155.0531,168411
155.0532,168905
155.0571,168788
155.0621,168777
155.0654,169959
155.0695,168169
155.0735,169406
155.0795,168800
155.0818,168247
155.0858,169945
155.0898,168955
155.0951,169306
155.0984,168751
155.1022,168641
155.1063,170115
155.1118,168464
155.1152,169017
155.1186,169535
155.1227,168917
155.1267,170024
155.1313,168703
155.1349,168842
155.1390,169028
155.1432,168889
155.1481,169865
155.1513,168333
155.1554,168775
155.1595,169452
155.1641,169583
155.1677,170581
155.1718,169205
155.1760,169513
155.1802,169866
155.1808,169309
155.1841,169993
155.1881,168594
155.1923,169506
155.1964,169802
155.2009,169221
155.2045,169901
155.2087,168605
155.2137,168776
155.2170,169786
155.2216,169767
155.2251,169959
155.2292,168888
155.2332,168982
155.2373,169421
155.2415,169336
155.2456,169261
155.2497,168761
155.2538,169627
155.2577,169163
155.2620,169324
155.2660,169752
155.2701,168621
155.2741,168807
155.2783,168986
155.2824,169770
155.2865,169420
155.2907,168601
155.2947,168776
155.2988,169188
155.3032,169483
155.3071,169023
155.3072,168559
155.3112,169624
155.3152,169839
155.3193,169603
155.3234,168850
155.3275,168925
155.3315,169604
155.3356,169512
155.3397,169606
155.3439,169074
155.3480,169175
155.3521,169302
155.3562,169337
155.3602,168980
155.3643,168566
155.3685,169342
155.3725,169504
155.3766,169597
155.3807,169738
155.3848,168852
155.3889,169493
155.3930,169939
155.3972,169562
155.4012,169722
155.4054,168495
155.4094,169623
155.4134,169302
155.4175,169745
155.4217,169285
155.4258,168714
155.4300,170246
155.4340,169155
155.4341,169895
155.4381,169509
155.4422,168671
155.4462,170106
155.4503,169478
155.4545,169569
155.4586,169675
155.4626,168430
155.4667,170384
155.4709,169137
155.4750,170112
155.4790,169355
155.4831,169135
155.4872,170821
155.4914,169552
155.4954,169823
155.4995,169547
155.5036,168918
155.5077,170290
155.5117,168819
155.5158,169996
155.5199,169070
155.5240,168877
155.5282,170422
155.5323,168405
155.5364,169846
155.5405,169271
155.5446,169071
155.5487,170381
155.5528,168855
155.5570,169456
155.5611,169628
155.5612,169275
155.5651,170452
155.5691,169052
155.5732,169870
155.5773,169711
155.5814,168714
155.5855,170451
155.5896,168651
155.5937,169690
155.5978,169390
155.6019,169285
155.6060,170530
155.6102,168568
155.6142,169821
155.6183,169883
155.6224,168843
155.6265,170397
155.6305,168801
155.6346,169145
155.6387,169436
155.6428,169206
155.6470,170426
155.6511,168359
155.6552,169461
155.6592,169917
155.6633,169086
155.6674,170394
155.6715,168866
155.6755,169380
155.6798,169207
155.6840,168881
155.6881,170167
155.6881,168718
155.6920,169526
155.6962,169908
155.7002,169320
155.7042,169325
155.7084,168714
155.7125,169144
155.7166,169223
155.7207,168899
155.7248,169465
155.7289,168759
155.7331,168904
155.7371,169151
155.7411,169663
155.7453,169724
155.7494,168636
155.7535,169822
155.7575,169523
155.7617,169236
155.7657,169991
155.7698,168750
155.7738,169474
155.7780,169329
155.7822,169572
155.7862,169202
155.7904,168401
155.7944,169729
155.7985,169790
155.8026,168840
155.8067,168244
155.8110,169004
155.8151,169877
155.8151,169768
155.8190,169126
155.8231,168740
155.8272,169305
155.8312,170017
155.8353,169927
155.8394,169066
155.8436,169059
155.8477,168768
155.8518,169855
155.8558,169885
155.8600,169607
155.8641,168870
155.8682,169412
155.8722,169525
155.8762,169401
155.8804,169614
155.8844,168429
155.8885,169462
155.8926,169526
155.8967,169241
155.9008,169868
155.9049,168706
155.9091,169975
155.9131,169545
155.9172,169431
155.9213,169368
155.9254,169095
155.9295,170518
155.9336,169383
155.9378,169585
155.9419,169719
155.9420,168755
155.9460,170488
155.9501,169170
155.9542,169842
155.9583,169835
155.9623,168877
155.9664,170202
155.9705,169152
155.9747,169524
155.9787,169168
155.9828,168958
155.9869,170626
155.9910,169492
155.9952,169634
155.9992,169875
156.0033,168822
156.0074,170923
156.0115,169360
156.0156,169920
156.0197,169680
156.0237,168876
156.0279,170314
156.0320,168699
156.0361,169381
156.0402,169383
156.0443,168601
156.0484,170152
156.0525,168812
156.0566,169817
156.0607,169317
156.0650,168644
156.0689,170228
156.0731,168499
156.0731,170186
156.0771,169323
156.0812,169957
156.0852,170699
156.0893,168814
156.0934,169786
156.0975,169828
156.1016,168895
156.1057,170174
156.1098,168897
156.1139,169643
156.1180,169469
156.1222,169141
156.1262,170552
156.1303,168711
156.1344,169361
156.1385,169660
156.1426,169241
156.1467,170153
156.1508,167873
156.1549,169750
156.1589,169157
156.1630,168948
156.1672,170062
156.1712,168325
156.1753,169393
156.1793,169953
156.1834,169024
156.1876,170140
156.1920,168720
156.1960,168878
156.1999,169453
156.2000,169291
156.2040,170237
156.2081,169002
156.2122,169286
156.2163,169418
156.2204,169465
156.2244,169803
156.2286,168680
156.2327,169722
156.2368,169308
156.2409,169242
156.2450,169485
156.2490,169344
156.2532,169731
156.2571,169885
156.2614,169048
156.2654,169161
156.2696,168365
156.2735,169216
156.2777,169020
156.2818,169599
156.2859,169069
156.2901,168612
156.2942,168995
156.2982,169295
156.3023,169373
156.3064,169863
156.3104,168544
156.3146,169380
156.3189,169189
156.3229,169612
156.3270,168850
156.3271,168980
156.3310,169424
156.3351,169320
156.3392,169422
156.3433,168811
156.3474,169114
156.3515,169711
156.3555,168916
156.3596,169742
156.3637,168487
156.3678,168802
156.3719,169873
156.3760,169465
156.3802,169281
156.3842,168757
156.3883,170026
156.3923,169838
156.3965,169012
156.4006,169736
156.4047,168785
156.4088,169718
156.4129,169643
156.4170,169421
156.4211,169125
156.4252,168713
156.4292,169924
156.4333,169295
156.4374,169168
156.4416,169289
156.4458,168163
156.4499,170412
156.4538,169399
156.4539,169755
156.4579,169191
156.4621,168294
156.4662,170550
156.4702,169055
156.4743,169036
156.4784,169288
156.4825,168803
156.4866,170091
156.4906,169093
156.4948,169319
156.4989,169726
156.5030,168811
156.5070,170635
156.5112,169117
156.5153,169456
156.5193,169556
156.5234,169098
156.5275,170195
156.5316,169087
156.5358,169609
156.5399,169244
156.5440,169157
156.5480,170324
156.5522,169097
156.5563,169373
156.5604,169532
156.5644,168943
156.5685,170302
156.5727,168815
156.5769,169828
156.5810,169822
156.5810,169486
156.5848,170385
156.5890,168492
156.5931,169022
156.5971,169310
156.6012,169037
156.6053,170176
156.6094,169012
156.6135,170083
156.6176,169413
156.6217,169165
156.6258,169971
156.6299,168453
156.6340,169779
156.6381,169623
156.6422,169320
156.6463,170061
156.6504,168670
156.6545,169419
156.6586,169555
156.6626,168924
156.6668,169874
156.6708,168156
156.6749,169474
156.6791,169324
156.6831,169302
156.6872,169734
156.6913,168703
156.6954,169247
156.6999,169395
156.7039,169407
156.7080,170086
156.7081,168800
156.7118,169565
156.7159,170099
156.7200,169256
156.7241,169916
156.7282,168601
156.7323,169429
156.7364,169812
156.7405,169704
156.7446,169597
156.7487,168655
156.7529,169973
156.7568,169365
156.7611,169846
156.7652,170071
156.7692,168835
156.7732,169583
156.7774,170245
156.7815,169396
156.7856,169465
156.7898,169135
156.7938,169898
156.7979,169817
156.8020,169155
156.8061,168997
156.8102,168951
156.8143,170332
156.8184,169295
156.8225,169593
156.8266,168834
156.8307,168930
156.8348,169676
156.8349,169468
156.8389,170054
156.8430,168704
156.8471,168867
156.8512,169782
156.8552,169448
156.8594,170023
156.8634,168399
156.8676,169132
156.8717,169441
156.8758,169623
156.8798,170071
156.8839,168508
156.8880,169492
156.8922,169963
156.8962,169611
156.9003,169814
156.9044,168501
156.9085,169691
156.9126,170168
156.9167,170085
156.9208,169330
156.9249,168461
156.9290,170628
156.9331,169992
156.9372,169671
156.9413,169786
156.9453,168920
156.9495,170271
156.9536,170006
156.9578,169519
156.9618,170447
156.9619,168383
156.9658,170089
156.9699,169337
156.9741,169527
156.9782,170087
156.9822,168910
156.9863,170697
156.9904,170218
156.9945,169795
156.9986,170081
157.0027,168794
157.0067,170470
157.0109,169164
157.0149,169521
157.0191,170334
157.0231,169050
157.0273,170737
157.0314,169086
157.0354,169816
157.0396,169558
157.0437,168706
157.0478,170797
157.0519,168754
157.0560,169936
157.0600,169900
157.0641,168846
157.0682,170744
157.0723,169106
157.0764,169606
157.0805,170071
157.0848,169097
157.0890,170676
157.0892,168972
157.0929,169445
157.0969,169833
157.1009,169355
157.1051,170887
157.1092,168029
157.1133,169807
157.1175,169969
157.1215,169547
157.1256,170485
157.1297,169229
157.1337,170000
157.1378,170145
157.1419,169852
157.1460,170171
157.1501,168849
157.1542,169856
157.1583,170558
157.1624,169194
157.1665,169767
157.1706,168965
157.1747,169061
157.1787,169514
157.1828,169291
157.1869,170034
157.1911,169178
157.1951,169766
157.1993,170142
157.2033,169373
157.2076,169811
157.2120,168761
157.2160,169617
157.2160,170105
157.2198,169415
157.2241,169924
157.2285,168979
157.2322,170142
157.2361,170002
157.2404,169709
157.2444,169998
157.2485,169433
157.2525,169995
157.2566,169769
157.2608,170046
157.2655,170093
157.2690,168797
157.2730,170062
157.2776,169878
157.2818,170359
157.2852,169787
157.2893,169227
157.2940,169779
157.2975,169905
157.3016,169699
157.3057,169624
157.3101,168894
157.3141,169820
157.3180,170251
157.3221,169980
157.3267,169239
157.3305,168929
157.3344,169401
157.3386,169768
157.3430,170329
157.3467,169586
157.3468,169557
157.3508,169778
157.3549,169727
157.3592,170137
157.3634,168974
157.3672,169462
157.3713,170143
157.3753,170156
157.3806,169879
157.3842,169003
157.3876,169481
157.3917,169951
157.3969,169715
157.3999,169713
157.4040,168796
157.4081,169559
157.4126,169990
157.4172,169854
157.4205,169890
157.4246,168608
157.4289,169974
157.4327,169610
157.4373,170754
157.4410,170246
157.4456,168912
157.4492,170523
157.4532,169601
157.4573,169860
157.4619,169703
157.4655,169000
157.4697,170398
157.4736,169331
157.4737,170027
157.4784,170285
157.4818,169241
157.4860,170484
157.4901,169091
157.4946,169620
157.4982,169843
157.5023,168769
157.5064,170406
157.5108,169358
157.5151,169688
157.5187,169155
157.5228,169469
157.5277,171383
157.5310,169336
157.5351,169709
157.5392,169760
157.5433,169272
157.5480,170878
157.5515,169316
157.5555,170051
157.5602,169481
157.5646,168918
157.5680,170267
157.5719,168354
157.5761,169313
157.5808,169452
157.5842,168456
157.5883,170560
157.5926,169436
157.5965,169262
157.6006,169726
157.6007,168746
157.6047,169974
157.6092,168443
157.6132,169307
157.6173,170146
157.6211,169058
157.6252,170500
157.6299,169193
157.6339,169319
157.6375,169611
157.6416,168698
157.6458,170485
157.6506,168368
157.6539,169940
157.6580,169846
157.6626,169186
157.6666,170138
157.6703,169186
157.6745,169825
157.6791,169990
157.6826,169304
157.6866,169821
157.6908,168886
157.6956,169480
157.6989,169103
157.7030,169521
157.7072,169304
157.7117,168958
157.7156,169479
157.7194,169539
157.7237,169101
157.7275,170200
157.7276,169135
157.7317,169527
157.7358,169155
157.7399,169404
157.7446,169847
157.7482,169020
157.7522,169597
157.7563,169971
157.7606,169381
157.7650,169576
157.7685,169141
157.7726,169595
157.7772,169728
157.7812,169763
157.7849,169672
157.7890,168874
157.7936,170097
157.7977,169953
157.8013,169426
157.8054,169364
157.8102,169235
157.8139,169766
157.8178,169276
157.8223,169908
157.8261,168952
157.8304,169355
157.8343,170152
157.8383,169848
157.8423,170105
157.8464,169050
157.8506,169054
157.8546,169428
157.8547,169898
157.8587,169249
157.8629,168979
157.8668,169210
157.8710,169896
157.8752,169397
157.8794,169867
157.8832,168531
157.8873,169293
157.8914,169611
157.8959,169984
157.8996,169690
157.9037,168416
157.9078,169635
157.9125,169701
157.9160,170169
157.9201,169412
157.9243,168654
157.9291,170007
157.9324,169658
157.9365,170075
157.9406,169864
157.9453,168991
157.9487,169771
157.9528,169618
157.9570,169779
157.9617,169691
157.9651,168444
157.9692,169836
157.9735,169286
157.9777,169640
157.9817,169692
157.9818,168813
157.9857,170479
157.9897,169275
157.9941,168958
157.9979,169649
158.0020,168414
158.0061,170397
158.0103,169018
158.0144,169433
158.0184,169298
158.0225,168645
158.0270,170477
158.0311,168562
158.0348,169305
158.0389,169355
158.0438,168308
158.0471,170467
158.0511,169395
158.0552,169413
158.0599,169351
158.0634,169079
158.0675,170316
158.0716,168744
158.0765,169173
158.0798,169314
158.0839,169275
158.0881,170331
158.0927,168149
158.0962,169430
158.1005,169420
158.1045,168641
158.1087,170356
158.1088,168360
158.1134,169510
158.1168,169801
158.1208,169584
158.1255,170250
158.1297,167637
158.1331,169446
158.1372,169092
158.1413,168999
158.1458,169884
158.1495,168146
158.1536,169400
158.1577,168646
158.1618,169042
158.1658,170364
158.1700,167909
158.1742,169665
158.1782,169399
158.1823,168505
158.1864,169752
158.1905,168122
158.1946,169129
158.1986,169634
158.2027,168418
158.2069,169598
158.2111,168200
158.2151,168795
158.2192,169000
158.2233,169609
158.2274,169752
158.2315,168269
158.2355,169076
158.2356,168871
158.2397,169325
158.2437,169841
158.2478,168888
158.2519,169550
158.2560,169299
158.2602,169082
158.2642,169535
158.2683,168617
158.2723,169510
158.2766,169450
158.2807,169801
158.2847,169151
158.2887,169021
158.2929,169333
158.2970,169476
158.3011,169296
158.3052,169278
158.3093,168801
158.3134,169048
158.3174,169424
158.3216,169459
158.3257,169050
158.3298,169004
158.3339,169610
158.3380,168550
158.3420,169440
158.3462,169148
158.3502,169397
158.3544,169805
158.3586,169474
158.3625,169467
158.3625,168675
158.3666,168993
158.3706,169746
158.3747,169589
158.3788,169512
158.3829,168129
158.3871,169210
158.3911,169813
158.3952,169957
158.3993,169257
158.4034,168444
158.4075,170243
158.4116,169445
158.4157,169885
158.4198,169549
158.4239,168911
158.4280,169461
158.4321,168730
158.4362,169581
158.4403,169141
158.4444,168104
158.4485,169315
158.4526,169196
158.4567,169620
158.4608,169907
158.4649,168851
158.4690,170260
158.4731,169543
158.4771,169985
158.4813,169469
158.4856,168569
158.4896,170299
158.4897,169469
158.4935,169267
158.4977,169362
158.5018,168804
158.5058,170482
158.5100,169046
158.5141,169433
158.5182,169159
158.5222,168495
158.5264,170202
158.5305,168701
158.5346,169623
158.5386,169450
158.5427,168760
158.5468,170220
158.5509,169122
158.5551,169371
158.5592,169294
158.5632,168483
158.5673,170729
158.5714,168931
158.5755,169271
158.5796,169171
158.5837,168748
158.5878,170936
158.5919,168982
158.5960,169862
158.6001,169573
158.6042,168659
158.6082,170460
158.6126,168938
158.6166,169933
158.6167,169349
158.6206,169211
158.6246,170198
158.6287,169130
158.6328,169903
158.6369,169848
158.6410,168522
158.6452,170636
158.6493,168401
158.6533,169753
158.6574,169463
158.6615,169148
158.6656,169802
158.6696,168934
158.6737,170052
158.6778,169777
158.6820,168807
158.6862,170033
158.6903,168403
158.6943,169585
158.6984,169166
158.7024,169027
158.7065,170030
158.7106,168611
158.7147,169647
158.7189,169856
158.7230,169470
158.7271,170073
158.7312,168651
158.7353,170056
158.7394,169866
158.7436,169398
158.7476,170006
158.7477,168559
158.7516,170110
158.7557,169636
158.7598,169478
158.7639,169777
158.7680,168875
158.7725,169554
158.7762,169776
158.7803,169542
158.7844,169322
158.7885,167997
158.7926,169664
158.7967,169697
158.8008,169762
158.8049,169681
158.8089,168843
158.8131,169340
158.8172,169879
158.8213,169439
158.8254,169713
158.8295,169333
158.8336,170018
158.8377,169449
158.8417,169954
158.8458,169133
158.8499,168971
158.8540,170025
158.8582,169519
158.8622,169346
158.8665,169522
158.8706,169528
158.8706,170204
158.8745,170368
158.8786,169957
158.8826,169037
158.8867,169757
158.8909,169720
158.8949,169940
158.8991,169484
158.9032,169010
158.9073,169336
158.9114,169400
158.9155,169680
158.9195,169852
158.9236,168399
158.9277,169864
158.9319,169349
158.9360,169433
158.9400,169462
158.9441,168687
158.9482,170257
158.9523,169723
158.9564,169424
158.9605,169938
158.9646,168712
158.9686,170375
158.9728,169857
158.9769,169475
158.9810,169654
158.9852,168936
158.9892,170383
158.9935,169240
158.9975,169427
158.9976,169935
159.0015,168920
159.0055,170638
159.0097,169327
159.0138,169918
159.0179,169569
159.0219,169196
159.0261,170642
159.0302,168781
159.0343,170230
159.0383,169674
159.0424,169029
159.0465,170645
159.0506,169039
159.0547,170255
159.0588,170177
159.0629,169025
159.0670,170374
159.0712,168250
159.0752,169739
159.0793,169719
159.0834,169216
159.0875,170458
159.0916,169127
159.0957,169956
159.0998,170166
159.1039,169043
159.1080,170155
159.1121,168733
159.1162,169931
159.1204,169444
159.1243,169155
159.1285,170383
159.1286,168609
159.1326,170368
159.1367,170048
159.1407,169321
159.1448,170587
159.1489,168684
159.1530,169863
159.1572,169239
159.1612,169107
159.1653,170389
159.1694,168675
159.1736,169745
159.1777,170013
159.1817,169228
159.1858,169979
159.1899,168972
159.1939,169394
159.1980,169542
159.2021,169225
159.2063,170168
159.2104,169301
159.2145,169729
159.2186,169892
159.2227,169715
159.2268,170228
159.2308,168772
159.2350,169418
159.2391,169484
159.2432,169134
159.2474,169799
159.2516,168966
159.2553,169354
159.2554,169506
159.2595,170278
159.2636,170561
159.2677,168869
159.2717,169958
159.2759,169868
159.2799,169807
159.2841,170101
159.2881,168578
159.2923,169781
159.2963,170263
159.3005,169408
159.3046,169786
159.3087,168657
159.3129,169460
159.3168,169740
159.3209,169979
159.3250,169557
159.3291,169072
159.3332,169655
159.3373,169594
159.3414,169190
159.3455,168653
159.3496,168541
159.3537,170265
159.3578,169919
159.3619,169426
159.3661,169254
159.3702,169229
159.3745,169524
159.3786,169718
159.3825,169603
159.3826,168556
159.3865,169902
159.3906,169748
159.3947,170027
159.3987,169647
159.4028,168316
159.4069,169364
159.4110,169900
159.4151,169579
159.4194,169367
159.4233,168774
159.4274,169542
159.4314,169299
159.4355,169276
159.4398,169632
159.4438,168409
159.4479,170049
159.4520,169614
159.4562,169896
159.4603,169134
159.4643,168991
159.4684,170994
159.4725,169518
159.4765,169604
159.4807,169005
159.4849,168650
159.4888,170181
159.4929,169807
159.4971,169432
159.5012,169793
159.5053,167686
159.5094,170411
159.5096,169219
159.5135,169701
159.5175,169783
159.5216,168942
159.5257,170469
159.5298,169134
159.5339,170087
159.5379,169898
159.5422,169459
159.5462,170623
159.5503,169211
159.5544,169844
159.5585,169902
159.5626,169336
159.5667,170560
159.5708,169069
159.5748,169441
159.5789,170014
159.5831,168993
159.5871,170541
159.5912,168955
159.5953,170071
159.5994,170042
159.6035,168690
159.6075,170117
159.6117,169201
159.6158,169532
159.6199,169775
159.6240,169418
159.6282,170260
159.6322,169210
159.6363,169960
159.6364,169062
159.6404,169443
159.6444,170494
159.6487,168623
159.6526,169672
159.6567,169683
159.6623,168841
159.6650,170563
159.6691,169032
159.6732,170245
159.6772,169529
159.6813,169452
159.6855,170363
159.6895,168901
159.6936,170261
159.6977,169561
159.7018,169165
159.7059,170174
159.7100,168759
159.7140,170039
159.7182,169873
159.7222,169528
159.7264,170303
159.7305,168903
159.7345,170073
159.7386,169720
159.7427,170147
159.7468,169871
159.7510,168808
159.7551,169676
159.7595,169656
159.7635,169239
159.7636,170304
159.7673,168521
159.7714,170234
159.7755,169121
159.7796,169492
159.7837,169553
159.7878,169144
159.7919,169849
159.7960,169388
159.8001,169799
159.8043,169897
159.8084,169080
159.8125,169527
159.8166,169984
159.8207,169509
159.8248,169601
159.8289,169143
159.8330,170505
159.8370,170125
159.8412,169790
159.8453,169311
159.8493,168820
159.8534,169892
159.8575,169867
159.8616,169453
159.8657,169053
159.8698,169526
159.8739,169751
159.8780,169789
159.8822,170119
159.8863,169150
159.8904,169201
159.8904,169278
159.8944,169731
159.8984,169556
159.9025,168436
159.9067,169484
159.9108,169576
159.9148,169337
159.9189,169809
159.9231,168778
159.9272,169794
159.9312,169751
159.9353,169500
159.9394,169570
159.9435,168469
159.9476,169449
159.9517,170074
159.9558,169524
159.9599,169569
159.9640,168461
159.9682,170221
159.9722,169424
159.9763,169817
159.9804,169423
159.9844,168601
159.9885,169783
159.9926,168897
159.9968,169983
160.0009,169988
160.0049,168313
160.0090,170035
160.0133,169381
160.0174,169720
160.0175,169605
160.0213,168514
160.0255,169929
160.0295,168936
160.0336,169651
160.0376,169695
160.0418,168603
160.0459,170494
160.0500,168804
160.0541,169837
160.0582,169870
160.0623,168755
160.0664,170921
160.0705,168575
160.0745,169738
160.0786,169906
160.0827,169012
160.0868,170008
160.0909,168722
160.0951,170117
160.0992,169600
160.1034,168949
160.1073,170639
160.1114,168594
160.1155,169597
160.1196,169478
160.1237,168508
160.1277,170417
160.1318,169219
160.1360,169398
160.1404,169311
160.1444,168956
160.1445,169616
160.1484,168232
160.1524,169612
160.1567,169392
160.1607,168850
160.1647,169918
160.1687,168712
160.1728,169830
160.1769,169381
160.1810,168530
160.1851,169975
160.1892,168393
160.1933,169213
160.1974,169638
160.2015,169105
160.2056,170149
160.2097,168644
160.2138,169592
160.2179,169629
160.2220,168973
160.2261,169819
160.2302,168675
160.2342,169648
160.2384,169021
160.2425,169114
160.2465,169118
160.2507,168640
160.2547,169723
160.2588,168998
160.2630,168623
160.2674,169829
160.2711,168561
160.2712,169909
160.2752,169519
160.2794,169662
160.2835,169055
160.2875,168770
160.2917,169184
160.2958,169526
160.2998,169367
160.3039,169512
160.3080,168951
160.3121,169796
160.3163,168632
160.3203,169812
160.3244,169820
160.3285,168827
160.3327,169096
160.3367,169601
160.3407,169550
160.3449,169468
160.3490,169351
160.3531,169739
160.3572,169698
160.3613,169323
160.3654,168762
160.3695,169469
160.3736,169786
160.3777,169743
160.3818,169275
160.3859,169184
160.3900,169100
160.3943,169591
160.3983,169478
160.3984,169199
160.4022,168579
160.4063,169044
160.4104,169667
160.4146,169535
160.4187,169165
160.4227,168776
160.4269,169494
160.4309,169765
160.4350,169784
160.4391,169635
160.4432,168551
160.4473,169839
160.4514,169674
160.4556,169576
160.4596,169434
160.4637,168582
160.4678,169522
160.4719,169133
160.4760,169585
160.4801,169347
160.4841,169020
160.4883,169889
160.4924,169068
160.4965,169562
160.5005,168996
160.5046,168677
160.5087,169779
160.5128,169454
160.5170,169498
160.5210,169536
160.5254,168477
160.5255,170216
160.5292,168748
160.5333,169728
160.5374,169072
160.5415,168222
160.5457,170635
160.5497,169266
160.5538,169652
160.5579,169811
160.5620,168857
160.5661,170298
160.5702,169086
160.5743,169509
160.5784,169539
160.5825,168404
160.5866,170322
160.5907,168934
160.5948,169062
160.5989,169535
160.6029,169005
160.6070,170119
160.6111,168926
160.6152,169896
160.6194,168824
160.6235,168395
160.6276,170545
160.6316,168331
160.6357,169558
160.6398,169060
160.6439,169270
160.6483,170356
160.6523,168925
160.6524,169419
160.6562,169759
160.6604,169053
160.6644,169807
160.6685,169232
160.6726,169001
160.6767,169670
160.6808,169067
160.6849,170107
160.6890,168829
160.6932,169933
160.6973,169574
160.7013,168985
160.7053,170348
160.7095,168213
160.7136,169723
160.7177,169701
160.7217,169430
160.7259,170131
160.7299,168769
160.7340,170057
160.7382,169407
160.7422,169479
160.7463,169598
160.7504,169193
160.7545,170112
160.7586,169233
160.7627,168890
160.7668,170247
160.7709,168418
160.7752,170072
160.7793,170101
160.7833,169651
160.7833,170000
160.7872,169245
160.7914,169397
160.7955,169183
160.7996,169659
160.8037,169575
160.8078,168486
160.8119,170058
160.8159,168694
160.8200,169268
160.8241,169190
160.8282,168977
160.8323,169362
160.8364,169496
160.8405,169233
160.8446,169384
160.8487,168695
160.8528,169745
160.8569,169753
160.8610,169953
160.8651,169409
160.8691,169323
160.8733,169398
160.8774,169492
160.8815,169809
160.8855,168868
160.8896,169257
160.8938,168823
160.8979,169784
160.9021,169914
160.9062,169080
160.9102,169140
160.9103,169840
160.9143,169111
160.9184,170029
160.9224,168386
160.9265,169326
160.9306,169228
160.9347,170243
160.9388,169001
160.9429,168590
160.9470,169620
160.9511,169687
160.9552,169488
160.9593,169203
160.9634,168700
160.9675,169762
160.9716,169801
160.9756,169287
160.9797,169299
160.9839,168623
160.9880,169744
160.9921,170257
160.9962,169244
161.0002,169439
161.0043,169014
161.0084,170598
161.0125,169329
161.0166,169586
161.0207,169258
161.0249,168488
161.0290,170436
161.0332,169595
161.0373,169267
161.0374,169231
161.0412,168691
161.0453,170503
161.0493,169341
161.0534,169562
161.0575,169484
161.0616,168555
161.0657,170420
161.0698,168704
161.0739,169776
161.0780,169817
161.0822,168748
161.0862,170442
161.0903,168858
161.0944,169594
161.0985,169614
161.1027,169010
161.1067,170432
161.1108,168466
161.1150,169391
161.1190,169444
161.1231,168878
161.1272,170599
161.1313,168797
161.1354,169437
161.1395,169803
161.1436,169218
161.1477,170435
161.1518,168303
161.1563,169534
161.1602,170044
161.1643,169025
161.1644,170587
161.1682,168844
161.1723,169491
161.1764,169472
161.1805,169440
161.1846,170775
161.1887,168576
161.1927,169388
161.1968,168923
161.2009,169424
161.2050,170072
161.2092,168614
161.2133,170052
161.2173,169613
161.2215,169469
161.2256,170012
161.2296,169073
161.2337,169819
161.2378,169780
161.2419,169622
161.2460,169980
161.2501,168452
161.2541,169505
161.2582,169400
161.2623,168917
161.2665,169758
161.2707,168377
161.2746,169685
161.2787,169135
161.2831,169181
161.2870,170137
161.2913,168552
161.2914,169956
161.2952,169516
161.2993,169529
161.3033,169513
161.3074,168912
161.3115,169178
161.3156,169747
161.3197,170004
161.3238,169143
161.3279,168545
161.3320,169927
161.3361,169451
161.3402,169875
161.3443,169780
161.3483,169110
161.3524,169517
161.3566,169381
161.3607,169485
161.3648,168913
161.3689,169216
161.3730,169644
161.3771,169454
161.3812,169396
161.3852,168688
161.3893,168925
161.3934,169693
161.3975,169132
161.4016,169360
161.4058,168267
161.4100,169077
161.4141,169547
161.4182,169106
161.4183,169104
161.4222,168402
161.4262,168998
161.4304,169547
161.4344,169084
161.4385,169238
161.4426,168192
161.4467,169227
161.4508,169336
161.4550,169787
161.4590,169297
161.4632,168820
161.4672,169005
161.4713,169582
161.4754,169636
161.4795,169271
161.4836,168859
161.4876,169566
161.4918,169502
161.4959,169205
161.4999,168988
161.5040,168430
161.5082,169531
161.5122,169212
161.5163,168892
161.5204,169464
161.5245,168328
161.5286,170067
161.5327,169348
161.5367,169204
161.5412,168954
161.5452,168684
161.5453,170536
161.5491,168668
161.5531,169567
161.5572,169111
161.5613,168806
161.5654,170567
161.5696,168847
161.5737,169658
161.5778,169342
161.5819,168249
161.5859,170419
161.5900,169160
161.5941,169845
161.5982,169678
161.6023,169320
161.6064,170374
161.6105,169389
161.6146,169815
161.6187,169446
161.6228,168759
161.6269,170094
161.6310,168840
161.6351,169619
161.6392,169236
161.6433,169147
161.6474,170234
161.6514,168628
161.6555,169372
161.6596,168873
161.6638,169197
161.6678,169763
161.6720,168816
161.6721,169575
161.6761,169480
161.6802,168956
161.6842,169844
161.6883,168770
161.6924,169642
161.6965,169515
161.7006,168639
161.7047,169824
161.7089,168641
161.7128,169128
161.7170,169250
161.7212,169035
161.7252,170132
161.7294,168807
161.7336,169515
161.7375,168884
161.7416,168689
161.7457,170184
161.7498,168488
161.7538,169611
161.7580,169539
161.7622,169168
161.7662,169854
161.7702,168945
161.7744,169799
161.7785,169500
161.7826,169320
161.7866,169959
161.7908,168230
161.7951,169019
161.7991,169387
161.7992,169387
161.8030,169592
161.8071,168528
161.8112,169045
161.8153,168951
161.8195,169640
161.8235,169284
161.8276,168410
161.8317,169296
161.8358,169304
161.8399,169455
161.8440,169412
161.8481,168778
161.8522,169477
161.8562,169754
161.8603,168759
161.8645,169057
161.8686,167986
161.8727,169615
161.8768,169149
161.8809,169851
161.8850,168888
161.8890,168337
161.8932,168724
161.8972,169073
161.9013,169702
161.9055,168770
161.9096,169251
161.9136,169996
161.9178,169594
161.9220,169627
161.9260,168487
161.9261,168571
161.9300,169473
161.9341,169484
161.9382,168779
161.9422,168914
161.9464,169052
161.9505,169368
161.9546,169059
161.9587,169249
161.9628,168289
161.9669,169676
161.9710,169411
161.9750,169388
161.9791,169739
161.9832,168780
161.9874,169706
161.9915,169099
161.9956,169864
161.9997,169874
162.0037,168333
162.0078,169850
162.0119,169394
162.0160,169902
162.0201,169489
162.0242,168423
162.0283,169761
162.0324,169477
162.0364,169829
162.0406,169420
162.0447,168481
162.0489,170102
162.0531,169516
162.0571,169402
162.0572,169028
162.0611,168423
162.0651,170438
162.0692,168796
162.0733,169083
162.0775,169873
162.0816,168745
162.0857,170109
162.0898,169255
162.0938,169254
162.0980,169501
162.1020,168750
162.1061,169708
162.1102,168746
162.1143,169623
162.1184,169374
162.1225,168614
162.1266,170235
162.1307,168753
162.1348,169460
162.1390,169596
162.1429,168412
162.1471,170236
162.1511,167928
162.1552,169598
162.1593,168918
162.1634,168935
162.1675,169939
162.1716,168775
162.1759,169652
162.1799,169537
162.1839,168800
162.1840,169744
162.1881,168576
162.1921,169238
162.1962,169349
162.2002,168992
162.2044,170203
162.2085,168430
162.2126,169290
162.2166,169426
162.2208,168856
162.2249,170370
162.2290,168734
162.2331,169095
162.2372,169746
162.2413,169104
162.2454,169667
162.2495,168388
162.2536,168902
162.2576,169203
162.2617,169007
162.2658,169923
162.2699,168278
162.2740,169404
162.2781,169807
162.2822,169031
162.2863,169418
162.2904,168362
162.2945,169563
162.2986,169734
162.3029,168991
162.3069,169588
162.3109,168757
162.3109,169527
162.3149,169302
162.3190,168932
162.3231,169474
162.3272,169040
162.3313,170299
162.3354,169391
162.3395,169459
162.3436,169727
162.3477,168525
162.3518,169587
162.3560,169509
162.3601,169395
162.3642,169080
162.3683,168529
162.3724,169645
162.3765,169536
162.3806,169497
162.3847,168952
162.3888,168386
162.3928,169223
162.3970,169669
162.4010,169210
162.4051,168985
162.4092,169485
162.4133,170220
162.4174,169569
162.4215,169380
162.4256,168678
162.4299,169115
162.4340,169888
162.4380,169517
162.4381,169605
162.4420,168706
162.4461,169250
162.4502,169267
162.4543,169366
162.4583,169974
162.4624,168606
162.4665,169498
162.4707,169192
162.4748,169305
162.4790,169393
162.4830,168673
162.4871,169365
162.4912,169900
162.4952,169853
162.4993,169350
162.5034,168673
162.5075,170070
162.5115,169674
162.5157,169635
162.5197,169271
162.5239,168961
162.5280,169741
162.5321,169655
162.5362,169624
162.5403,169346
162.5444,168113
162.5485,169773
162.5526,168828
162.5569,169381
162.5610,169179
162.5650,169409
162.5651,170290
162.5690,169330
162.5730,169753
162.5771,169661
162.5812,168407
162.5854,170347
162.5894,169281
162.5935,169603
162.5976,169651
162.6017,168256
162.6058,170186
162.6099,169035
162.6140,169455
162.6181,169763
162.6222,168797
162.6263,170382
162.6304,168659
162.6345,169386
162.6385,169743
162.6428,168653
162.6467,169847
162.6508,168875
162.6549,169685
162.6590,169665
162.6631,168714
162.6672,169831
162.6713,168318
162.6754,168744
162.6795,169824
162.6840,168377
162.6879,170099
162.6919,168478
162.6920,169023
162.6959,169339
162.7000,168622
162.7041,169988
162.7083,167759
162.7123,169920
162.7163,170164
162.7205,168989
162.7246,170052
162.7287,169035
162.7328,169378
162.7369,169688
162.7410,169197
162.7452,169666
162.7491,168796
162.7532,169165
162.7574,169776
162.7614,169300
162.7655,170047
162.7696,168555
162.7738,169464
162.7779,168763
162.7820,168824
162.7860,170132
162.7902,168699
162.7942,169230
162.7983,169144
162.8023,169091
162.8065,170107
162.8107,168754
162.8148,169488
162.8190,169275
162.8190,170129
162.8229,170747
162.8270,169085
162.8311,169932
162.8352,169772
162.8393,169403
162.8434,169778
162.8475,168995
162.8516,169232
162.8557,169466
162.8598,169161
162.8639,169508
162.8680,168877
162.8721,169509
162.8762,169630
162.8803,169361
162.8844,169143
162.8884,169129
162.8925,169245
162.8966,169770
162.9007,169377
162.9048,168356
162.9089,168643
162.9130,169216
162.9171,170035
162.9212,169281
162.9253,168237
162.9294,168777
162.9335,169828
162.9376,169531
162.9418,169489
162.9459,168715
162.9460,169315
162.9499,169737
162.9540,169363
162.9581,169639
162.9621,168933
162.9662,169177
162.9704,169541
162.9745,169416
162.9786,169423
162.9827,168111
162.9867,168931
162.9908,169080
162.9949,169144
162.9990,169244
163.0031,168298
163.0072,169737
163.0113,169627
163.0153,169493
163.0194,169857
163.0235,168052
163.0277,169429
163.0318,169616
163.0358,169670
163.0401,169320
163.0441,168377
163.0481,170141
163.0522,169196
163.0563,169239
163.0604,169028
163.0645,168985
163.0687,170293
163.0729,168916
163.0730,169442
163.0768,169195
163.0809,168277
163.0850,170463
163.0892,169326
163.0932,169318
163.0973,169307
163.1014,168639
163.1057,170697
163.1097,169134
163.1138,169865
163.1178,169883
163.1219,168926
163.1260,170632
163.1301,168982
163.1342,169608
163.1383,169560
163.1424,168807
163.1466,170471
163.1506,168618
163.1547,169402
163.1587,169818
163.1628,168944
163.1669,170169
163.1711,168604
163.1752,169662
163.1793,170264
163.1834,168637
163.1874,169940
163.1915,168428
163.1958,170114
163.1999,169887
163.2000,169339
163.2037,170576
163.2080,168899
163.2131,169783
163.2161,170164
163.2204,168938
163.2245,170289
163.2284,168895
163.2325,170108
163.2365,169583
163.2421,168896
163.2457,170408
163.2488,168640
163.2529,170078
163.2571,169780
163.2619,169012
163.2653,169922
163.2694,168980
163.2743,169153
163.2786,169332
163.2816,170212
163.2857,170195
163.2903,168885
163.2950,169348
163.2981,169565
163.3022,169557
163.3073,169780
163.3113,168847
163.3143,169860
163.3184,169393
163.3245,169297
163.3267,169662
163.3270,168775
163.3307,169929
163.3348,170001
163.3404,170241
163.3431,170113
163.3472,168934
163.3513,169741
163.3554,169469
163.3596,169447
163.3636,169455
163.3676,169135
163.3735,169732
163.3768,169722
163.3799,169285
163.3840,169586
163.3881,169197
163.3934,169243
163.3963,169598
163.4009,169005
163.4048,169359
163.4101,168751
163.4127,169336
163.4174,170122
163.4213,169982
163.4252,169250
163.4302,169131
163.4338,169385
163.4373,169575
163.4415,169783
163.4455,169378
163.4497,169549
163.4538,169409
163.4577,169899
163.4578,169481
163.4618,168972
163.4659,169485
163.4702,169654
163.4745,169277
163.4783,169209
163.4824,168760
163.4865,169496
163.4922,170031
163.4945,169732
163.4986,170191
163.5027,168394
163.5074,169695
163.5109,170099
163.5150,169399
163.5191,169770
163.5253,168029
163.5273,169877
163.5314,169383
163.5355,170209
163.5410,169709
163.5438,168713
163.5478,170356
163.5520,170040
163.5576,169836
163.5602,169800
163.5643,168810
163.5684,170022
163.5744,169551
163.5765,170116
163.5806,169639
163.5847,169006
163.5848,170303
163.5900,169667
163.5936,169643
163.5969,169789
163.6010,168804
163.6053,170496
163.6097,169174
163.6133,169482
163.6174,169693
163.6218,169207
163.6260,170371
163.6305,169691
163.6338,169763
163.6396,169917
163.6426,168994
163.6461,171059
163.6502,168869
163.6543,169515
163.6590,169479
163.6627,168746
163.6666,170524
163.6707,169083
163.6753,169920
163.6795,169169
163.6830,168855
163.6872,170401
163.6915,168615
163.6954,169497
163.6995,169723
163.7036,169670
163.7078,170733
163.7116,169070
163.7117,169626
163.7157,169973
163.7200,168857
163.7244,170738
163.7288,168951
163.7322,169687
163.7362,169359
163.7411,169572
163.7444,169864
163.7486,168516
163.7527,169398
163.7569,169683
163.7612,169108
163.7660,170223
163.7690,169246
163.7737,169899
163.7775,169268
163.7813,169574
163.7854,170351
163.7913,168978
163.7942,169877
163.7982,169847
163.8017,168950
163.8069,170247
163.8101,168929
163.8141,169579
163.8191,169682
163.8245,169989
163.8270,169929
163.8306,169013
163.8347,169907
163.8391,169333
163.8401,169485
163.8431,169958
163.8477,168928
163.8512,169452
163.8559,169869
163.8602,169701
163.8632,170121
163.8673,169565
163.8728,169798
163.8762,169643
163.8799,169374
163.8837,169307
163.8878,169174
163.8923,169555
163.8969,169797
163.9001,169648
163.9042,169888
163.9088,168905
163.9124,169769
163.9165,169777
163.9206,169496
163.9250,169268
163.9288,169186
163.9328,169492
163.9370,169617
163.9421,169804
163.9451,169031
163.9492,168953
163.9534,170105
163.9579,169872
163.9615,169882
163.9657,169297
163.9658,169088
163.9697,169810
163.9743,169307
163.9779,169732
163.9819,169158
163.9860,170071
163.9906,169669
163.9943,169615
163.9983,169746
164.0024,168832
164.0072,170077
164.0107,169589
164.0147,169900
164.0188,169933
164.0235,168879
164.0270,170461
164.0311,169468
164.0352,169948
164.0402,169475
164.0434,168207
164.0475,169798
164.0516,169838
164.0570,169326
164.0598,169223
164.0639,168863
164.0680,169819
164.0729,169512
164.0765,170079
164.0803,169794
164.0844,169058
164.0897,170443
164.0927,169385
164.0927,169889
164.0967,169773
164.1007,168688
164.1061,170231
164.1092,168746
164.1130,169282
164.1171,169776
164.1235,168399
164.1254,171422
164.1294,169307
164.1335,169829
164.1376,169799
164.1419,168728
164.1458,170878
164.1499,168659
164.1541,169814
164.1584,169570
164.1622,168926
164.1663,170757
164.1705,169357
164.1746,169368
164.1786,169547
164.1826,168701
164.1868,170587
164.1913,168874
164.1950,169406
164.1991,169680
164.2032,169305
164.2074,170342
164.2114,168983
164.2157,169488
164.2196,169505
164.2198,169167
164.2239,170100
164.2277,168888
164.2318,169483
164.2360,169326
164.2409,168916
164.2442,170928
164.2482,168928
164.2523,169786
164.2571,169823
164.2606,169082
164.2646,170062
164.2687,168703
164.2735,169648
164.2770,169787
164.2811,169214
164.2851,170160
164.2910,169092
164.2932,169567
164.2973,169699
164.3014,169782
164.3066,169749
164.3097,168687
164.3137,169133
164.3178,169971
164.3226,169428
164.3266,170000
164.3301,168603
164.3342,170207
164.3397,169941
164.3425,169533
164.3465,169492
164.3508,169189
164.3509,169915
164.3550,170101
164.3588,169632
164.3630,169656
164.3669,169066
164.3713,169611
164.3759,168929
164.3793,169480
164.3834,169875
164.3875,169266
164.3919,169940
164.3956,169531
164.3999,169574
164.4039,169762
164.4088,168986
164.4121,169688
164.4161,169683
164.4203,169761
164.4249,169158
164.4284,168715
164.4325,169832
164.4367,169256
164.4420,170008
164.4448,169208
164.4489,169348
164.4531,169588
164.4581,169698
164.4612,169480
164.4653,168480
164.4694,168680
164.4742,169656
164.4776,169334
164.4776,169755
164.4817,169159
164.4858,169279
164.4902,169453
164.4940,169478
164.4981,169438
164.5021,168439
164.5069,169193
164.5103,169592
164.5144,169686
164.5185,169505
164.5228,168393
164.5267,169794
164.5308,169685
164.5349,169491
164.5396,169051
164.5431,168409
164.5472,169910
164.5513,169437
164.5579,169177
164.5595,169178
164.5636,168416
164.5677,170316
164.5741,169522
164.5759,169478
164.5800,169521
164.5841,168063
164.5887,170781
164.5928,169395
164.5964,169734
164.6006,169225
164.6046,168540
164.6059,170639
164.6094,169014
164.6127,169619
164.6169,169400
164.6242,168410
164.6253,170344
164.6291,168761
164.6332,169668
164.6377,169340
164.6426,168625
164.6456,170638
164.6496,169172
164.6537,169984
164.6588,169269
164.6625,168659
164.6660,170700
164.6701,168950
164.6753,169377
164.6785,169887
164.6824,168886
164.6866,169915
164.6917,168862
164.6947,169501
164.6987,169345
164.7031,168718
164.7079,170408
164.7111,168691
164.7151,169606
164.7192,169651
164.7242,168859
164.7276,170744
164.7316,168553
164.7316,169697
164.7359,169241
164.7405,169000
164.7448,170359
164.7479,168817
164.7520,169436
164.7564,168957
164.7606,168950
164.7646,169898
164.7684,168820
164.7738,169683
164.7771,169723
164.7810,169357
164.7847,169641
164.7905,168600
164.7935,169255
164.7971,169817
164.8011,169386
164.8066,169605
164.8099,168535
164.8134,168924
164.8175,170212
164.8227,169197
164.8270,170176
164.8302,168435
164.8339,169494
164.8402,169468
164.8427,169025
164.8462,170276
164.8505,168650
164.8544,170428
164.8585,169976
164.8592,169337
164.8626,169714
164.8667,168883
164.8710,169540
164.8754,169779
164.8789,169644
164.8830,170186
164.8872,169004
164.8919,169620
164.8953,169490
164.8994,169277
164.9035,170038
164.9084,169011
164.9117,169698
164.9158,169491
164.9199,169432
164.9249,170039
164.9281,169396
164.9322,170002
164.9364,169849
164.9413,169560
164.9445,169313
164.9486,169437
164.9528,169626
164.9575,169615
164.9609,169677
164.9650,169468
164.9691,168992
164.9736,169347
164.9773,169705
164.9815,169695
164.9854,169037
164.9859,169760
164.9899,169496
164.9943,169824
164.9977,169846
165.0019,168842
165.0069,170237
165.0110,169759
165.0141,169395
165.0182,169642
165.0232,168870
165.0272,169785
165.0306,170174
165.0347,169615
165.0389,169870
165.0429,169146
165.0475,169579
165.0522,169824
165.0571,168853
165.0596,169838
165.0640,168810
165.0675,169895
165.0727,169812
165.0756,169149
165.0803,169788
165.0837,168336
165.0889,169561
165.0925,169414
165.0961,169551
165.1001,169860
165.1043,168601
165.1085,169671
165.1127,169431
165.1128,170189
165.1165,169670
165.1207,169084
165.1254,170228
165.1289,169026
165.1330,169782
165.1371,169618
165.1422,168445
165.1453,170520
165.1494,169194
165.1534,169663
165.1576,169891
165.1618,169215
165.1658,170960
165.1698,169048
165.1747,169528
165.1779,169588
165.1820,169089
165.1862,170799
165.1915,168912
165.1943,169689
165.1984,169353
165.2025,169129
165.2074,170445
165.2107,168763
165.2148,169993
165.2190,169744
165.2235,169027
165.2272,170588
165.2313,167922
165.2354,169388
165.2396,169743
165.2400,168586
165.2435,170354
165.2476,167820
165.2517,169650
165.2558,169667
165.2605,169449
165.2640,170443
165.2681,168777
165.2730,170111
165.2767,170037
165.2804,169228
165.2844,169972
165.2886,168503
165.2937,170178
165.2969,169744
165.3009,168954
165.3052,170277
165.3099,168736
165.3138,168766
165.3172,169636
165.3223,169232
165.3264,170165
165.3295,169024
165.3336,170202
165.3396,169360
165.3432,169560
165.3460,170041
165.3501,168878
165.3551,169318
165.3588,169578
165.3623,169535
165.3665,170126
165.3666,168202
165.3723,170006
165.3754,169990
165.3795,169064
165.3827,169838
165.3869,169014
165.3919,169759
165.3954,169548
165.3992,169168
165.4032,170012
165.4077,169054
165.4116,169265
165.4161,169561
165.4196,169645
165.4248,169227
165.4280,168737
165.4319,169776
165.4362,169919
165.4409,169704
165.4447,169351
165.4483,168780
165.4524,169490
165.4572,169279
165.4606,169730
165.4647,169456
165.4687,169240
165.4738,169433
165.4770,169850
165.4810,169394
165.4852,168714
165.4894,169045
165.4937,169415
165.4937,169515
165.4974,169588
165.5015,169255
165.5061,169580
165.5103,169405
165.5141,168991
165.5180,169648
165.5225,169174
165.5264,169595
165.5306,169004
165.5343,169532
165.5404,169348
165.5426,168790
165.5466,169610
165.5507,169209
165.5560,169550
165.5600,169593
165.5630,168637
165.5671,170112
165.5721,170165
165.5764,169378
165.5796,169429
165.5834,168621
165.5889,170148
165.5928,169335
165.5963,169603
165.5998,169497
165.6059,168283
165.6089,170091
165.6122,169695
165.6163,169918
165.6218,169598
165.6243,168664
165.6249,170472
165.6285,169175
165.6326,169619
165.6387,169490
165.6409,168469
165.6450,170579
165.6491,169037
165.6531,169452
165.6583,169544
165.6618,168872
165.6654,170705
165.6695,169281
165.6741,169356
165.6781,169357
165.6821,168867
165.6859,170562
165.6906,168616
165.6945,169198
165.6982,169229
165.7023,168735
165.7069,170510
165.7107,169214
165.7146,169444
165.7187,170272
165.7232,169351
165.7269,170641
165.7312,168478
165.7353,169292
165.7397,169693
165.7434,169576
165.7474,170403
165.7513,168544
165.7514,169819
165.7566,169607
165.7598,168946
165.7637,170371
165.7678,168827
165.7725,169914
165.7770,170382
165.7801,169060
165.7842,170313
165.7884,169220
165.7929,169891
165.7972,169596
165.8006,169404
165.8059,170238
165.8090,168789
165.8132,169538
165.8169,169554
165.8221,169131
165.8253,170037
165.8299,169153
165.8333,169328
165.8387,169721
165.8425,169019
165.8456,169461
165.8497,169319
165.8554,169471
165.8584,169577
165.8624,169585
165.8662,170049
165.8717,168380
165.8743,169638
165.8784,170224
165.8784,169492
165.8825,170029
165.8866,168960
165.8911,169402
165.8947,169240
165.8988,169056
165.9029,170242
165.9073,169013
165.9111,169208
165.9152,169699
165.9193,169563
165.9245,170110
165.9275,169095
165.9316,169461
165.9358,169515
165.9405,169446
165.9439,169341
165.9480,169188
165.9521,168732
165.9564,169462
165.9603,169570
165.9643,169155
165.9685,169535
165.9732,169698
165.9766,169739
165.9807,169978
165.9848,169559
165.9896,169445
165.9931,169495
165.9972,169861
166.0014,169277
166.0055,168694
166.0062,169495
166.0094,169916
166.0135,168833
166.0176,169570
166.0217,168769
166.0258,169404
166.0299,169997
166.0341,169945
166.0385,169930
166.0422,168798
166.0463,169987
166.0504,169834
166.0564,170007
166.0587,169812
166.0628,167874
166.0668,169654
166.0713,169320
166.0751,169714
166.0791,169162
166.0832,169428
166.0887,169942
166.0913,169956
166.0954,169251
166.0995,169347
166.1056,168975
166.1087,170360
166.1118,169343
166.1159,169405
166.1203,169451
166.1244,168794
166.1284,170023
166.1324,168912
166.1325,169391
166.1384,169305
166.1405,168884
166.1456,170454
166.1487,169001
166.1528,169398
166.1575,169738
166.1610,168652
166.1651,170495
166.1692,169187
166.1735,169511
166.1775,169194
166.1816,168887
166.1856,170828
166.1902,169390
166.1941,169556
166.1978,169458
166.2020,169261
166.2062,170538
166.2102,168639
166.2142,169447
166.2183,169785
166.2232,168984
166.2274,170184
166.2306,168973
166.2347,169473
166.2395,170133
166.2436,169227
166.2476,170547
166.2511,168667
166.2559,169981
166.2593,169204
166.2594,169122
166.2633,170323
166.2674,168714
166.2734,169291
166.2758,169335
166.2799,169217
166.2839,170283
166.2888,168943
166.2930,169614
166.2961,169172
166.3002,168981
166.3046,169987
166.3086,168452
166.3130,169135
166.3166,169311
166.3218,169651
166.3254,170297
166.3292,168958
166.3331,169369
166.3390,170000
166.3412,168863
166.3453,170350
166.3493,168720
166.3548,169685
166.3580,168853
166.3618,169411
166.3658,170071
166.3714,169025
166.3748,169465
166.3781,169809
166.3822,168889
166.3864,169814
166.3870,169070
166.3911,169897
166.3944,169219
166.3985,169492
166.4027,170122
166.4075,168810
166.4108,169145
166.4149,169265
166.4190,169585
166.4240,169670
166.4273,169119
166.4313,169963
166.4355,169708
166.4400,169276
166.4436,169275
166.4476,168889
166.4518,169842
166.4565,169365
166.4601,170127
166.4641,169737
166.4682,169343
166.4723,168882
166.4764,169895
166.4804,169617
166.4845,169286
166.4895,169467
166.4927,169672
166.4968,169854
166.5009,169677
166.5060,168764
166.5093,169419
166.5135,169769
166.5174,169578
166.5175,169574
166.5219,168484
166.5255,169662
166.5296,169693
166.5337,169701
166.5391,169607
166.5422,168451
166.5460,169631
166.5501,169845
166.5565,169953
166.5587,169779
166.5625,168916
166.5665,170267
166.5721,169865
166.5750,169263
166.5793,169400
166.5828,168438
166.5883,170096
166.5917,169005
166.5951,170288
166.5992,169281
166.6051,169121
166.6078,170153
166.6119,169352
166.6156,169697
166.6211,169627
166.6239,168930
166.6286,170218
166.6321,169140
166.6363,169444
166.6403,169526
166.6443,168994
166.6444,170403
166.6483,169759
166.6525,169109
166.6566,169536
166.6607,168343
166.6649,170534
166.6689,169294
166.6739,169749
166.6775,169480
166.6813,169194
166.6853,170378
166.6898,169088
166.6941,169723
166.6975,169191
166.7018,169019
166.7070,170162
166.7098,168779
166.7139,169008
166.7181,169312
166.7226,169016
166.7267,170423
166.7303,168569
166.7344,169786
166.7393,169625
166.7431,168554
166.7467,169764
166.7508,168143
166.7554,169534
166.7591,169233
166.7633,168563
166.7671,170125
166.7717,168422
166.7723,169113
166.7757,169815
166.7798,168817
166.7839,170214
166.7885,168684
166.7922,169148
166.7958,169487
166.7999,168535
166.8047,170295
166.8082,168619
166.8127,169572
166.8164,169439
166.8217,169129
166.8246,170149
166.8293,168732
166.8338,169415
166.8385,169050
166.8417,168991
166.8456,170165
166.8492,168922
166.8551,169500
166.8576,170004
166.8619,169198
166.8654,170103
166.8712,168955
166.8737,169068
166.8785,169513
166.8821,169302
166.8861,169639
166.8903,168868
166.8943,169368
166.8985,169582
166.8986,169556
166.9023,170545
166.9069,168509
166.9105,169921
166.9146,169520
166.9188,169361
166.9235,169580
166.9275,169384
166.9310,169360
166.9351,169201
166.9394,169040
166.9440,169984
166.9473,168829
166.9515,169724
166.9565,169814
166.9598,169367
166.9638,169481
166.9679,169298
166.9724,169392
166.9766,169676
166.9801,169384
166.9842,169432
166.9887,169195
166.9928,169273
166.9965,169156
167.0006,169765
167.0050,169597
167.0093,169082
167.0129,169263
167.0171,168654
167.0217,169605
167.0253,169145
167.0254,169237
167.0293,168926
167.0334,169718
167.0386,169357
167.0420,168734
167.0458,169544
167.0499,169756
167.0552,169668
167.0589,169086
167.0622,169196
167.0662,169089
167.0722,170044
167.0751,169526
167.0786,169323
167.0825,169115
167.0878,169737
167.0914,169664
167.0949,169615
167.0994,169181
167.1032,169374
167.1077,169893
167.1118,169780
167.1153,169900
167.1216,169228
167.1243,168780
167.1278,169885
167.1317,169710
167.1375,169561
167.1407,169377
167.1444,168719
167.1482,170214
167.1522,169607
167.1523,169804
167.1573,169686
167.1612,168777
167.1644,170551
167.1685,168721
167.1734,169389
167.1773,169562
167.1810,168380
167.1849,170690
167.1899,169444
167.1934,169396
167.1978,169484
167.2013,168921
167.2058,170668
167.2103,168788
167.2139,169934
167.2178,169623
167.2221,169420
167.2259,170483
167.2305,169099
167.2345,169175
167.2382,169191
167.2427,168803
167.2466,169861
167.2506,169008
167.2552,169551
167.2593,169416
167.2627,169158
167.2669,170311
167.2717,168645
167.2752,169370
167.2793,169429
167.2793,169157
167.2832,170230
167.2888,168510
167.2915,169811
167.2958,169650
167.2996,168852
167.3040,170255
167.3090,168743
167.3120,169897
167.3161,169286
167.3217,168910
167.3248,170704
167.3288,168449
167.3324,169777
167.3374,169898
167.3414,169619
167.3448,169782
167.3487,168889
167.3548,170073
167.3576,169813
167.3614,169207
167.3653,169845
167.3715,169051
167.3734,169604
167.3783,169397
167.3815,169266
167.3872,170065
167.3906,168869
167.3945,169552
167.3979,169569
167.4022,169403
167.4061,170240
167.4062,169071
167.4102,169717
167.4144,170066
167.4185,169116
167.4229,169564
167.4266,169047
167.4307,169857
167.4350,169689
167.4398,169368
167.4429,169885
167.4470,168891
167.4512,169226
167.4555,169452
167.4596,169811
167.4636,169564
167.4675,169163
167.4726,169767
167.4763,169138
167.4798,169237
167.4839,170246
167.4884,169077
167.4927,169385
167.4968,170259
167.5004,169715
167.5047,169460
167.5089,169228
167.5133,169827
167.5167,169408
167.5215,169268
167.5250,169149
167.5292,169113
167.5331,169513
167.5331,169361
167.5379,169640
167.5413,169303
167.5453,169945
167.5495,169811
167.5545,169517
167.5577,169139
167.5618,169322
167.5659,170142
167.5710,169832
167.5740,169578
167.5781,169749
167.5822,168911
167.5884,169772
167.5912,170106
167.5945,169501
167.5986,169496
167.6046,168741
167.6075,170078
167.6109,169514
167.6150,169613
167.6210,170020
167.6235,168512
167.6274,170010
167.6314,169470
167.6371,169610
167.6401,170003
167.6438,169313
167.6479,169891
167.6519,169731
167.6561,169054
167.6602,169609
167.6643,169199
167.6644,170224
167.6683,169535
167.6724,169930
167.6766,169275
167.6807,168443
167.6847,170477
167.6888,169197
167.6932,169642
167.6974,169684
167.7011,168177
167.7058,170605
167.7095,168768
167.7133,169197
167.7174,169856
167.7230,168367
167.7256,170640
167.7299,169453
167.7338,169446
167.7383,169567
167.7443,168659
167.7464,170162
167.7513,168640
167.7556,169792
167.7586,169453
167.7624,168691
167.7665,170247
167.7717,169197
167.7752,169681
167.7789,169838
167.7829,169449
167.7881,170507
167.7911,168395
167.7912,169351
167.7952,168990
167.7993,168769
167.8049,170381
167.8079,168370
167.8120,169594
167.8158,169642
167.8211,169360
167.8240,170224
167.8280,168788
167.8321,169767
167.8378,169677
167.8410,169131
167.8444,169924
167.8484,168715
167.8544,169467
167.8569,169734
167.8607,169227
167.8648,170655
167.8702,168137
167.8737,169297
167.8772,169550
167.8812,169825
167.8854,170099
167.8899,168834
167.8936,169806
167.8977,169487
167.9017,169142
167.9059,169656
167.9101,168450
167.9141,169690
167.9181,169458
167.9182,169606
167.9226,170054
167.9263,168799
167.9304,169616
167.9346,169622
167.9389,169441
167.9427,169978
167.9467,168702
167.9509,169543
167.9551,170413
167.9598,169512
167.9632,169869
167.9674,168975
167.9715,169494
167.9757,169544
167.9795,169853
167.9836,169752
167.9881,168963
167.9918,169842
167.9961,169587
168.0000,169339
168.0050,169492
168.0083,169277
168.0123,169675
168.0164,169514
168.0212,169773
168.0247,169552
168.0288,169407
168.0328,169817
168.0370,169298
168.0411,169532
168.0451,168909
168.0452,169057
168.0493,169873
168.0549,169830
168.0576,169034
168.0615,168798
168.0656,169163
168.0714,169469
168.0738,169302
168.0784,169725
168.0819,169465
168.0874,169329
168.0908,169487
168.0950,170106
168.0984,169535
168.1035,168799
168.1068,170023
168.1106,169345
168.1152,169658
168.1192,169461
168.1235,169232
168.1274,170063
168.1314,169882
168.1353,169088
168.1396,169692
168.1437,169134
168.1480,170265
168.1516,169695
168.1562,169702
168.1598,169115
168.1639,168954
168.1680,170629
168.1721,169013
168.1723,169456
168.1761,170063
168.1802,168854
168.1845,169926
168.1887,169420
168.1925,169754
168.1966,170122
168.2008,169220
168.2054,170721
168.2089,169470
168.2130,169864
168.2171,169629
168.2221,169069
168.2253,170325
168.2293,168804
168.2335,169665
168.2384,169402
168.2417,168869
168.2457,170454
168.2499,169184
168.2543,170088
168.2581,169278
168.2621,168794
168.2662,170690
168.2707,168703
168.2744,169956
168.2785,169269
168.2826,169075
168.2869,170153
168.2910,168461
168.2950,170021
168.2991,169659
168.2992,169110
168.3040,170758
168.3075,168736
168.3113,169171
168.3154,169509
168.3207,169276
168.3239,170079
168.3277,169575
168.3317,169543
168.3363,169824
168.3404,169771
168.3441,170138
168.3481,169126
168.3534,169376
168.3569,169716
168.3604,169091
168.3645,169911
168.3710,168695
168.3733,169739
168.3768,169484
168.3809,169003
168.3854,169899
168.3896,168399
168.3933,169449
168.3973,169602
168.4014,169741
168.4065,170386
168.4099,169177
168.4137,169240
168.4178,169763
168.4224,169290
168.4261,170278
168.4262,168608
168.4301,169974
168.4342,170197
168.4389,170050
168.4425,170079
168.4465,169024
168.4506,169479
168.4547,169501
168.4587,169180
168.4628,169958
168.4670,168577
168.4716,169887
168.4752,169957
168.4793,169677
168.4834,169429
168.4881,169164
168.4915,169962
168.4956,169339
168.4997,170412
168.5053,169602
168.5082,169487
168.5120,169950
168.5162,169392
168.5212,170140
168.5243,169685
168.5284,168829
168.5324,169657
168.5380,169225
168.5413,169632
168.5452,169224
168.5490,169681
168.5538,169847
168.5542,169502
168.5573,169679
168.5622,169245
168.5655,169673
168.5702,169497
168.5741,169549
168.5776,169913
168.5820,168936
168.5864,169669
168.5908,169785
168.5939,169754
168.5980,169521
168.6032,169017
168.6062,170182
168.6107,169909
168.6152,169155
168.6199,169435
168.6240,169151
168.6268,169843
168.6308,169423
168.6349,169659
168.6396,169800
168.6437,168633
168.6472,170193
168.6514,169648
168.6554,169814
168.6594,169486
168.6641,168939
168.6678,170281
168.6718,168904
168.6760,169667
168.6800,169525
168.6801,168804
168.6841,170167
168.6885,169400
168.6928,170078
168.6968,170097
168.7005,168918
168.7052,170672
168.7087,169105
168.7127,169807
168.7169,169494
168.7212,169168
168.7250,170253
168.7297,169167
168.7332,169719
168.7382,169917
168.7414,168850
168.7454,170624
168.7496,168862
168.7541,169109
168.7586,170044
168.7618,169422
168.7659,170869
168.7720,168649
168.7745,169719
168.7783,169914
168.7823,169104
168.7867,170334
168.7906,168933
168.7946,169715
168.7987,170016
168.8035,169000
168.8069,170392
168.8070,168779
168.8111,169456
168.8152,169619
168.8215,169583
168.8237,170213
168.8276,168730
168.8314,169915
168.8366,169696
168.8400,168980
168.8437,170194
168.8486,168709
168.8520,169141
168.8564,169485
168.8604,169308
168.8648,170508
168.8699,168323
168.8733,169444
168.8765,169955
168.8806,169292
168.8862,170839
168.8894,169089
168.8929,169196
168.8970,169596
168.9011,169337
168.9059,170026
168.9093,168776
168.9134,170176
168.9176,169873
168.9221,169584
168.9257,169745
168.9299,168942
168.9343,169824
168.9381,169940
168.9382,169486
168.9420,170079
168.9467,168820
168.9503,169617
168.9556,169303
168.9587,169513
168.9626,169372
168.9667,169479
168.9711,170134
168.9748,169408
168.9789,169962
168.9831,169738
168.9876,169329
168.9917,169830
168.9955,170300
168.9995,169668
169.0044,169339
169.0080,168861
169.0117,169632
169.0158,170030
169.0204,169881
169.0240,169306
169.0280,169244
169.0321,169565
169.0379,169908
169.0404,169891
169.0446,169483
169.0486,169367
169.0539,169239
169.0568,169445
169.0611,170033
169.0652,169286
169.0653,168718
169.0706,169670
169.0736,169793
169.0773,169732
169.0814,169287
169.0859,169257
169.0902,169189
169.0939,169643
169.0977,169981
169.1035,169047
169.1062,168999
169.1101,169941
169.1144,169503
169.1204,169822
169.1226,168873
169.1264,169242
169.1309,169287
169.1346,169179
169.1387,169376
169.1431,168841
169.1475,169742
169.1510,169681
169.1551,169445
169.1597,169853
169.1632,168729
169.1673,170026
169.1716,170141
169.1763,169245
169.1796,169846
169.1839,168273
169.1880,170266
169.1920,169680
169.1921,169942
169.1960,169341
169.2002,168932
169.2052,170532
169.2084,169290
169.2124,169161
169.2165,169299
169.2216,168920
169.2247,170509
169.2292,169657
169.2330,169557
169.2370,169474
169.2413,168786
169.2452,171005
169.2492,169026
169.2536,169535
169.2575,169851
169.2616,168856
169.2656,170945
169.2705,168969
169.2741,169919
169.2783,169784
169.2820,168683
169.2863,170228
169.2902,168711
169.2943,169618
169.2984,169568
169.3034,168588
169.3067,170564
169.3109,168776
169.3149,169772
169.3196,169896
169.3198,169033
169.3231,170210
169.3274,169024
169.3312,169785
169.3366,169917
169.3403,168902
169.3434,170466
169.3476,168184
169.3530,169864
169.3565,170151
169.3608,169387
169.3639,170355
169.3699,168797
169.3728,169413
169.3767,169649
169.3803,169119
169.3845,170382
169.3887,168864
169.3933,169883
169.3967,170053
169.4009,169109
169.4055,170531
169.4094,169022
169.4131,169708
169.4172,169481
169.4214,169759
169.4261,170573
169.4296,168239
169.4336,169621
169.4377,169713
169.4419,170112
169.4460,170350
169.4460,168980
169.4501,169485
169.4546,169824
169.4581,169424
169.4622,170545
169.4664,168980
169.4711,169376
169.4745,169987
169.4786,169633
169.4828,169948
169.4871,169291
169.4910,169622
169.4950,169622
169.4991,169643
169.5038,170167
169.5074,168720
169.5114,169726
169.5155,169978
169.5204,170049
169.5239,170164
169.5277,169063
169.5318,169363
169.5366,169842
169.5400,169422
169.5441,169696
169.5483,169957
169.5526,169234
169.5569,169697
169.5605,169666
169.5647,170195
169.5693,169259
169.5728,170161
169.5729,169557
169.5769,169995
169.5810,169283
169.5874,169569
169.5892,169949
169.5933,170114
169.5974,169615
169.6015,169901
169.6056,169862
169.6097,169802
169.6138,169421
169.6203,170055
169.6220,169370
169.6260,169364
169.6301,169356
169.6346,169552
169.6385,169831
169.6424,169232
169.6465,169659
169.6507,169284
169.6552,169369
169.6589,169491
169.6630,168988
169.6671,170120
169.6717,169518
169.6752,170034
169.6793,169817
169.6834,169128
169.6883,170365
169.6918,169834
169.6958,169951
169.6999,170171
169.7000,168871
169.7052,170455
169.7081,169443
169.7122,169995
169.7164,169664
169.7215,169000
169.7245,170478
169.7285,169594
169.7327,169406
169.7369,169344
169.7408,168889
169.7448,170138
169.7489,169238
169.7540,169893
169.7581,169759
169.7612,169085
169.7653,170916
169.7699,168675
169.7741,169185
169.7776,169922
169.7817,169212
169.7863,171032
169.7901,169298
169.7940,170001
169.7981,169737
169.8032,168670
169.8063,171481
169.8104,168773
169.8145,169561
169.8197,169766
169.8228,169198
169.8269,170878
169.8269,168832
169.8309,169393
169.8369,169741
169.8393,169220
169.8432,171019
169.8472,168718
169.8529,169275
169.8559,170268
169.8595,169091
169.8636,170924
169.8694,168463
169.8720,169778
169.8759,169719
169.8800,169144
169.8845,171036
169.8889,169171
169.8930,169961
169.8966,169623
169.9005,169626
169.9051,170226
169.9092,168927
169.9129,169569
169.9176,169734
169.9216,169489
169.9255,170930
169.9293,169104
169.9333,169615
169.9382,169823
169.9414,169562
169.9461,170758
169.9498,168753
169.9537,169767
169.9538,169781
169.9578,169907
169.9620,170592
169.9660,169233
169.9707,170592
169.9751,169820
169.9783,169819
169.9824,170317
169.9871,168803
169.9906,169158
169.9947,169866
169.9988,169665
170.0040,170216
170.0072,169231
170.0111,169794
170.0152,169641
170.0202,169819
170.0233,170317
170.0274,169078
170.0315,170196
170.0381,169986
170.0406,169181
170.0439,170004
170.0479,168972
170.0528,169346
170.0561,169295
170.0602,169686
170.0643,170177
170.0692,169636
170.0728,169562
170.0767,169364
170.0807,169529
170.0808,169733
170.0871,169336
170.0889,169693
170.0930,169720
170.0971,169435
170.1032,169589
170.1057,169439
170.1094,169676
170.1135,169714
170.1189,169467
170.1228,169116
170.1258,169894
170.1298,169984
170.1340,170232
170.1384,169730
170.1424,168853
170.1463,169945
170.1504,169696
170.1551,169779
170.1585,169038
170.1626,168688
170.1668,170162
170.1713,170015
170.1749,169582
170.1790,168940
170.1831,169125
170.1875,170189
170.1913,169754
170.1954,169631
170.1996,169563
170.2036,169338
170.2078,170285
170.2079,170005
170.2118,169744
170.2159,169537
170.2206,169101
170.2242,170788
170.2283,169488
170.2324,169810
170.2373,169635
170.2405,169027
170.2445,170563
170.2487,169068
170.2535,169800
170.2574,169026
170.2609,169034
170.2650,171059
170.2696,169075
170.2739,169429
170.2773,169264
170.2814,169048
170.2861,170565
170.2896,168829
170.2937,169535
170.2978,169314
170.3025,168978
170.3066,171026
170.3102,169267
170.3142,169428
170.3194,169778
170.3223,168741
170.3267,170740
170.3307,168929
170.3358,169284
170.3359,169947
170.3391,168803
170.3430,170699
170.3470,169068
170.3521,169253
170.3555,169606
170.3598,168639
170.3633,170781
170.3687,168757
170.3719,169056
170.3756,169395
170.3797,168937
170.3840,170893
170.3880,168919
170.3920,169078
170.3961,169157
170.4006,168601
170.4050,170715
170.4084,168633
170.4130,170103
170.4166,169842
170.4212,168908
170.4247,170403
170.4288,168501
170.4330,169101
170.4374,169253
170.4412,169255
170.4452,170078
170.4494,168386
170.4541,169240
170.4576,169772
170.4617,169404
170.4618,169925
170.4658,168819
170.4704,169696
170.4739,169785
170.4780,169585
170.4823,170050
170.4868,168628
170.4903,169414
170.4944,169704
170.4985,169085
170.5041,170393
170.5067,168786
170.5108,169510
170.5148,169246
170.5204,169484
170.5235,170170
170.5272,168753
170.5312,170068
170.5354,169686
170.5399,169754
170.5435,169720
170.5476,169448
170.5521,169319
170.5565,169373
170.5599,170005
170.5640,169715
170.5691,169067
170.5722,169264
170.5764,169190
170.5811,169701
170.5858,169702
170.5887,169109
170.5888,169094
170.5927,169504
170.5967,169767
170.6021,169247
170.6055,169790
170.6092,169796
170.6132,169395
170.6173,169336
170.6222,169949
170.6255,168984
170.6296,169734
170.6337,169318
170.6384,169415
170.6418,169386
170.6459,169415
170.6501,169592
170.6548,170145
170.6582,169496
170.6631,169225
170.6665,169702
170.6711,169416
170.6746,169021
170.6787,169014
170.6828,169035
170.6869,169996
170.6917,169643
170.6952,169865
170.6992,169121
170.7048,168807
170.7074,170177
170.7116,169415
170.7156,169035
170.7203,169150
170.7206,168831
170.7239,170265
170.7279,168980
170.7320,169051
170.7363,169390
170.7402,168283
170.7442,170067
170.7483,169642
170.7529,169286
170.7570,169915
170.7606,168858
170.7647,170564
170.7699,168949
170.7732,169917
170.7779,169860
170.7811,168844
170.7860,169980
170.7893,169427
170.7940,169679
170.7980,169560
170.8029,168560
170.8059,170448
170.8098,169487
170.8139,169452
170.8190,170172
170.8222,169210
170.8262,170532
170.8302,168983
170.8364,169822
170.8386,169456
170.8425,169102
170.8467,170760
170.8468,168754
170.8520,169758
170.8558,169074
170.8593,168684
170.8631,170620
170.8671,168472
170.8719,169535
170.8760,169606
170.8794,168434
170.8851,170653
170.8883,168692
170.8924,169661
170.8958,169705
170.8999,168793
170.9048,170213
170.9088,168618
170.9122,169540
170.9163,169281
170.9230,169465
170.9247,170540
170.9285,168710
170.9327,169659
170.9367,169951
170.9408,169341
170.9449,170351
170.9491,168599
170.9531,169789
170.9572,170015
170.9613,168695
170.9656,170160
170.9696,168566
170.9739,170419
170.9740,169652
170.9778,169223
170.9819,169943
170.9860,168595
170.9901,170029
170.9942,169582
170.9983,169300
171.0024,170245
171.0065,168710
171.0106,169395
171.0146,169822
171.0187,168896
171.0228,169972
171.0269,168622
171.0309,169287
171.0351,169413
171.0392,169610
171.0433,170073
171.0474,169278
171.0515,170183
171.0556,169770
171.0597,169635
171.0639,170078
171.0679,168794
171.0720,169725
171.0761,169622
171.0802,169750
171.0842,169859
171.0883,168956
171.0927,169930
171.0967,169485
171.1008,169866
171.1009,169794
171.1047,168718
171.1088,169980
171.1128,169332
171.1169,169975
171.1210,169586
171.1252,168863
171.1292,169953
171.1333,169697
171.1374,168823
171.1415,169499
171.1456,168860
171.1497,169132
171.1538,169461
171.1579,169588
171.1620,169103
171.1661,169526
171.1703,170000
171.1744,169679
171.1785,169179
171.1826,168618
171.1867,169122
171.1908,169558
171.1949,169462
171.1989,169337
171.2030,169239
171.2071,169640
171.2112,169876
171.2153,169152
171.2194,169503
171.2236,168870
171.2276,170097
171.2277,169274
171.2317,169853
171.2358,169662
171.2399,168355
171.2440,170455
171.2481,169458
171.2522,169038
171.2563,169643
171.2604,168764
171.2644,170275
171.2686,169345
171.2727,169582
171.2768,169615
171.2809,169032
171.2850,170640
171.2891,169188
171.2932,168941
171.2972,169328
171.3014,168446
171.3055,170086
171.3095,169395
171.3136,169745
171.3177,169350
171.3218,168631
171.3259,170283
171.3300,168564
171.3341,169656
171.3382,169287
171.3423,168803
171.3464,170514
171.3507,168754
171.3547,168642
171.3548,169303
171.3586,168622
171.3627,171240
171.3669,167946
171.3709,169145
171.3751,169493
171.3792,169056
171.3833,169968
171.3874,168634
171.3914,169957
171.3955,169724
171.3996,169079
171.4037,170699
171.4079,168267
171.4119,169623
171.4160,169314
171.4201,168806
171.4242,170986
171.4283,168683
171.4324,169522
171.4365,169571
171.4406,169186
171.4446,170495
171.4487,167981
171.4529,169152
171.4570,169553
171.4611,168876
171.4652,170734
171.4693,168892
171.4734,170109
171.4776,169480
171.4817,168877
171.4818,170578
171.4856,168220
171.4897,169460
171.4939,169837
171.4980,169129
171.5021,170109
171.5061,168812
171.5102,169283
171.5143,169396
171.5184,169268
171.5227,170193
171.5266,168615
171.5306,169238
171.5348,169635
171.5389,168743
171.5429,170114
171.5471,168754
171.5512,169902
171.5553,169225
171.5594,169777
171.5635,170287
171.5676,168643
171.5717,169535
171.5758,170059
171.5799,169417
171.5840,169965
171.5881,168993
171.5922,169399
171.5964,169220
171.6004,169171
171.6046,169506
171.6086,168319
171.6087,169358
171.6127,169523
171.6167,169704
171.6208,169975
171.6249,168845
171.6290,169396
171.6331,170357
171.6372,169774
171.6413,169304
171.6454,168975
171.6495,169873
171.6536,169967
171.6577,169713
171.6618,169461
171.6659,169145
171.6700,169579
171.6741,169686
171.6782,169689
171.6823,168939
171.6864,169403
171.6905,169738
171.6946,169587
171.6987,169541
171.7027,168884
171.7069,169298
171.7109,169299
171.7150,169630
171.7191,169462
171.7232,168927
171.7274,169874
171.7316,169641
171.7356,169371
171.7357,168588
171.7396,168384
171.7437,169837
171.7477,169644
171.7518,169305
171.7560,169430
171.7601,169078
171.7641,169904
171.7683,169943
171.7724,169100
171.7764,169201
171.7805,168540
171.7847,169851
171.7887,169745
171.7928,169596
171.7969,168820
171.8011,168565
171.8051,170356
171.8092,169593
171.8133,169323
171.8174,169776
171.8215,168846
171.8256,170275
171.8297,169429
171.8338,169762
171.8379,169796
171.8420,168442
171.8462,170211
171.8502,169076
171.8543,169455
171.8586,169632
171.8626,168749
171.8667,171014
171.8668,168898
171.8707,169502
171.8748,169326
171.8789,168881
171.8830,170192
171.8871,168773
171.8911,169207
171.8953,170055
171.8994,169465
171.9034,170623
171.9075,168400
171.9116,169637
171.9156,169476
171.9198,168761
171.9239,170381
171.9280,168787
171.9321,169862
171.9362,169498
171.9403,168330
171.9444,170144
171.9485,168197
171.9526,170098
171.9567,169606
171.9608,168717
171.9649,170420
171.9690,168886
171.9731,169526
171.9772,169427
171.9813,168903
171.9854,169949
171.9896,168815
171.9936,169338
171.9937,170025
171.9976,168777
172.0016,170553
172.0058,168290
172.0099,169542
172.0140,169144
172.0181,168882
172.0222,170596
172.0264,168523
172.0304,169730
172.0345,169416
172.0385,169149
172.0427,170659
172.0467,168056
172.0509,169846
172.0550,169380
172.0591,169531
172.0632,169940
172.0673,168934
172.0713,169578
172.0754,169450
172.0795,169748
172.0836,170033
172.0877,168246
172.0918,168865
172.0959,169119
172.1001,169556
172.1041,169606
172.1083,168050
172.1126,169420
172.1165,169466
172.1206,169339
172.1207,169634
172.1247,168895
172.1287,170192
172.1328,170196
172.1369,169726
172.1410,169702
172.1453,169619
172.1492,170085
172.1533,169898
172.1574,169699
172.1615,168722
172.1656,168816
172.1697,169750
172.1737,169193
172.1779,169275
172.1819,168716
172.1861,168697
172.1901,169175
172.1942,169660
172.1984,170004
172.2024,168689
172.2066,169337
172.2107,169473
172.2147,169297
172.2188,169785
172.2229,168719
172.2270,169208
172.2311,169842
172.2352,169097
172.2395,169655
172.2436,168694
172.2476,169435
172.2477,169869
172.2516,169435
172.2557,168965
172.2598,168737
172.2638,170130
172.2679,169682
172.2721,169347
172.2762,169825
172.2802,168508
172.2844,169982
172.2885,169841
172.2925,168735
172.2966,169549
172.3008,168192
172.3049,169849
172.3089,169691
172.3130,169334
172.3171,169568
172.3212,168279
172.3253,170478
172.3295,169618
172.3335,169134
172.3376,169392
172.3417,168725
172.3458,170202
172.3499,168699
172.3540,169642
172.3581,169629
172.3622,168783
172.3665,169984
172.3705,168976
172.3746,169451
172.3747,169409
172.3786,168734
172.3826,170161
172.3867,168551
172.3908,169381
172.3949,169653
172.3991,168833
172.4031,170688
172.4072,168928
172.4113,169880
172.4154,169567
172.4195,168862
172.4235,170411
172.4277,168825
172.4317,169131
172.4359,169887
172.4400,169112
172.4441,170873
172.4482,168908
172.4523,170097
172.4564,169663
172.4605,169110
172.4645,170085
172.4686,168391
172.4727,169393
172.4768,169494
172.4810,168890
172.4851,170339
172.4891,168835
172.4934,169490
172.4975,169117
172.5016,169034
172.5017,170171
172.5055,168500
172.5096,169720
172.5137,169724
172.5178,169482
172.5219,170717
172.5260,168714
172.5300,169587
172.5342,169843
172.5383,169262
172.5424,170297
172.5464,168692
172.5506,169927
172.5547,169929
172.5588,169920
172.5630,170179
172.5670,169354
172.5711,169461
172.5752,169821
172.5793,169816
172.5834,170015
172.5874,168840
172.5915,169764
172.5957,169506
172.5998,169740
172.6038,169598
172.6079,169349
172.6120,169544
172.6161,170248
172.6204,169690
172.6244,170128
172.6285,169305
172.6286,170171
172.6325,170029
172.6366,169798
172.6407,169579
172.6447,169095
172.6489,169739
172.6530,170052
172.6571,169882
172.6612,170164
172.6652,168920
172.6694,170286
172.6735,169477
172.6776,170156
172.6817,169550
172.6857,169304
172.6899,170017
172.6939,169591
172.6981,170012
172.7022,169596
172.7063,168889
172.7103,169573
172.7144,169582
172.7185,169798
172.7226,169136
172.7267,169929
172.7308,170168
172.7351,169698
172.7390,169917
172.7431,169312
172.7472,169060
172.7514,169867
172.7554,169764
172.7555,169391
172.7595,168725
172.7635,169223
172.7677,169940
172.7718,169744
172.7759,169824
172.7799,168664
172.7841,169895
172.7882,169756
172.7922,170133
172.7963,169625
172.8004,168601
172.8045,170009
172.8086,169664
172.8130,169886
172.8168,170306
172.8209,168566
172.8249,170190
172.8290,169570
172.8331,169569
172.8372,169932
172.8414,168820
172.8456,169974
172.8496,169620
172.8537,169220
172.8577,169908
172.8618,168530
172.8660,170101
172.8701,169195
172.8743,169606
172.8784,170195
172.8823,168461
172.8824,170637
172.8865,169648
172.8905,169004
172.8945,169557
172.8987,168776
172.9030,170840
172.9069,169348
172.9110,169701
172.9151,169784
172.9192,168905
172.9233,170661
172.9274,168899
172.9314,169922
172.9356,169572
172.9397,169268
172.9441,170605
172.9485,168442
172.9523,170571
172.9561,169862
172.9607,169057
172.9644,170088
172.9688,168322
172.9727,169978
172.9771,170011
172.9807,169199
172.9847,170980
172.9896,168926
172.9929,169486
172.9971,169583
173.0017,168941
173.0054,170488
173.0093,169005
173.0094,169622
173.0133,169508
173.0177,169090
173.0220,170373
173.0257,168670
173.0297,169651
173.0341,169609
173.0383,169088
173.0420,170073
173.0461,168635
173.0507,169916
173.0547,169634
173.0584,169396
173.0625,170291
173.0671,168783
173.0707,169993
173.0748,169976
173.0789,169532
173.0836,170574
173.0876,168939
173.0912,170122
173.0952,169437
173.0994,169502
173.1035,170378
173.1075,168738
173.1116,170125
173.1158,169632
173.1201,169713
173.1239,170179
173.1280,169196
173.1323,170409
173.1364,170206
173.1364,170084
173.1403,169868
173.1444,169156
173.1489,169480
173.1533,169939
173.1567,169616
173.1608,170201
173.1649,169223
173.1690,169620
173.1731,169794
173.1772,169720
173.1814,169934
173.1859,169211
173.1896,169846
173.1936,169819
173.1977,169673
173.2018,170004
173.2064,168890
173.2100,169685
173.2141,169882
173.2183,170137
173.2224,169482
173.2264,169152
173.2304,169401
173.2345,169408
173.2386,170016
173.2427,169150
173.2469,169425
173.2515,169908
173.2551,170175
173.2591,170466
173.2632,168922
173.2633,169343
173.2675,169615
173.2719,169644
173.2755,169976
173.2796,168884
173.2840,169359
173.2883,170119
173.2922,169406
173.2960,169681
173.3003,168644
173.3042,169475
173.3085,169681
173.3124,169969
173.3169,170688
173.3208,168638
173.3251,170137
173.3289,169724
173.3331,169518
173.3369,169441
173.3415,168649
173.3455,169605
173.3499,169646
173.3540,169615
173.3574,169734
173.3615,168926
173.3656,169938
173.3703,169118
173.3742,169699
173.3784,169719
173.3820,168580
173.3862,170421
173.3903,169400
173.3904,169281
173.3942,169677
173.3988,168880
173.4032,170177
173.4066,169737
173.4106,169368
173.4148,170058
173.4193,169032
173.4229,170694
173.4270,169412
173.4312,169659
173.4353,169850
173.4393,168561
173.4434,170499
173.4475,168828
173.4524,169485
173.4557,169565
173.4598,169124
173.4639,170385
173.4690,168232
173.4721,169766
173.4762,169253
173.4803,168724
173.4848,170752
173.4885,169263
173.4925,169978
173.4967,169485
173.5009,169252
173.5052,170292
173.5091,168911
173.5134,169688
173.5173,169889
173.5213,168871
173.5214,170299
173.5253,168405
173.5294,169394
173.5342,169913
173.5376,168786
173.5417,169970
173.5458,168106
173.5500,169356
173.5547,169733
173.5581,168862
173.5622,170056
173.5677,168347
173.5704,169470
173.5744,169195
173.5786,169544
173.5833,170093
173.5872,168137
173.5908,169423
173.5950,169483
173.5991,168945
173.6042,169912
173.6073,168469
173.6113,170005
173.6161,169358
173.6204,169301
173.6236,170167
173.6277,168471
173.6319,170064
173.6362,169542
173.6401,169563
173.6442,169683
173.6484,168780
173.6486,169247
173.6526,169370
173.6564,169789
173.6605,169899
173.6646,168830
173.6687,169489
173.6729,169572
173.6769,169051
173.6810,170171
173.6851,168575
173.6899,168903
173.6932,169947
173.6974,169215
173.7017,169353
173.7055,169171
173.7096,169518
173.7137,169468
173.7189,169338
173.7224,169107
173.7260,168726
173.7302,169050
173.7348,170091
173.7384,169394
173.7424,169169
173.7465,168764
173.7507,169581
173.7549,169878
173.7589,169614
173.7630,168845
173.7671,168746
173.7711,169234
173.7754,169586
173.7755,169712
173.7792,169033
173.7836,169105
173.7875,169686
173.7915,169189
173.7956,169153
173.8002,168284
173.8040,169949
173.8079,169654
173.8120,169497
173.8168,169154
173.8202,168428
173.8243,169314
173.8284,169373
173.8328,169397
173.8372,169788
173.8407,168514
173.8448,169513
173.8493,169232
173.8534,169797
173.8572,169389
173.8612,168616
173.8662,169309
173.8701,169306
173.8734,169543
173.8775,169641
173.8817,168819
173.8862,169961
173.8899,169511
173.8940,169837
173.8983,169310
173.9023,168219
173.9023,170569
173.9062,169093
173.9103,169510
173.9145,169649
173.9189,168959
173.9232,169568
173.9269,168715
173.9309,169370
173.9349,169196
173.9390,168631
173.9431,170194
173.9472,168577
173.9513,169310
173.9554,169381
173.9595,168334
173.9636,170088
173.9677,169087
173.9718,169872
173.9759,169103
173.9800,169111
173.9841,169987
173.9882,168368
173.9922,169671
173.9964,169369
174.0005,168815
174.0046,170000
174.0087,168322
174.0128,169090
174.0169,169638
174.0213,169039
174.0253,170502
174.0292,168177
174.0293,169466
174.0332,169546
174.0373,169288
174.0414,170343
174.0455,168281
174.0496,169823
174.0537,169358
174.0578,169019
174.0619,170271
174.0660,168303
174.0701,169848
174.0741,169056
174.0782,168557
174.0823,169923
174.0864,168837
174.0906,169727
174.0946,169773
174.0987,168872
174.1028,170131
174.1069,168908
174.1111,169279
174.1152,169464
174.1193,169318
174.1234,170390
174.1275,168426
174.1315,169658
174.1356,169943
174.1398,169287
174.1439,169782
174.1480,168905
174.1523,169582
174.1565,169666
174.1566,169180
174.1603,170187
174.1644,168734
174.1685,169922
174.1726,169946
174.1766,169618
174.1807,169993
174.1849,168826
174.1889,169504
174.1930,169516
174.1971,169750
174.2012,169132
174.2053,168997
174.2094,169856
174.2137,169603
174.2176,169647
174.2216,169627
174.2257,168215
174.2299,168994
174.2340,169403
174.2381,169470
174.2422,169529
174.2462,168903
174.2503,169605
174.2544,169552
174.2585,169278
174.2626,169374
174.2667,168921
174.2708,168992
174.2749,168970
174.2792,169790
174.2833,169357
174.2834,169025
174.2872,169293
174.2913,169229
174.2953,169431
174.2995,169149
174.3036,168902
174.3079,168876
174.3118,169683
174.3158,169089
174.3199,169511
174.3241,169277
174.3282,169284
174.3323,169733
174.3364,169860
174.3405,168227
174.3445,169608
174.3486,169700
174.3527,169631
174.3569,169791
174.3610,168587
174.3651,169341
174.3691,170162
174.3732,169178
174.3773,169942
174.3814,168905
174.3855,169981
174.3896,169602
174.3937,169467
174.3978,169937
174.4019,169076
174.4062,169625
174.4103,170044
174.4104,169801
174.4142,169831
174.4183,168539
174.4224,170103
174.4265,169298
174.4306,169649
174.4347,168991
174.4388,168946
174.4429,170224
174.4471,169605
174.4510,169814
174.4551,169742
174.4592,168684
174.4633,170673
174.4675,169008
174.4715,169464
174.4756,170376
174.4797,169055
174.4838,169970
174.4879,169348
174.4920,169292
174.4960,169549
174.5001,169022
174.5042,169906
174.5083,169014
174.5124,169596
174.5166,170105
174.5207,168759
174.5248,170450
174.5289,168578
174.5331,169743
174.5372,169629
174.5373,168675
174.5412,170198
174.5452,168249
174.5494,169366
174.5535,169918
174.5575,169215
174.5616,170585
174.5657,168904
174.5698,169622
174.5739,169573
174.5781,168631
174.5821,170333
174.5862,168969
174.5903,168962
174.5945,169699
174.5985,169174
174.6025,170736
174.6066,169137
174.6107,169136
174.6148,169960
174.6190,169457
174.6231,170462
174.6272,169097
174.6313,169889
174.6353,169237
174.6395,169831
174.6435,170318
174.6476,168336
174.6518,169584
174.6559,170070
174.6601,169209
174.6641,169847
174.6681,168693
174.6682,169837
174.6722,170120
174.6763,169754
174.6804,170234
174.6844,169226
174.6885,169663
174.6926,169805
174.6967,170007
174.7008,169841
174.7049,168738
174.7090,170104
174.7131,169571
174.7172,169795
174.7213,170176
174.7254,169125
174.7295,170170
174.7336,170280
174.7377,170209
174.7418,169440
174.7459,169405
174.7500,170323
174.7542,170242
174.7583,169772
174.7623,169460
174.7664,169011
174.7706,170218
174.7746,169976
174.7786,170415
174.7828,169551
174.7873,169081
174.7913,169809
174.7951,170189
174.7952,170020
174.7991,169474
174.8032,169320
174.8073,169874
174.8114,169823
174.8155,169773
174.8196,169224
174.8237,169743
174.8278,169730
174.8319,170100
174.8360,169734
174.8401,169258
174.8442,169384
174.8483,169630
174.8524,169303
174.8565,170329
174.8607,169182
174.8648,169844
174.8688,169821
174.8729,170464
174.8771,170056
174.8811,168820
174.8852,170207
174.8893,169503
174.8934,170373
174.8975,170040
174.9015,168466
174.9056,169689
174.9097,170213
174.9143,169904
174.9182,169831
174.9221,169079
174.9221,170178
174.9261,170248
174.9302,169670
174.9343,169808
174.9384,168885
174.9425,170382
174.9465,169648
174.9507,169567
174.9548,169742
174.9588,168931
174.9630,170695
174.9670,169686
174.9711,169715
174.9752,170065
174.9793,169265
174.9834,170387
174.9875,168960
174.9916,169937
174.9957,169340
174.9998,169093
175.0039,170669
175.0080,169270
175.0121,169905
175.0162,169913
175.0203,169243
175.0244,170938
175.0285,168819
175.0328,169830
175.0367,170159
175.0408,168912
175.0449,170354
175.0493,168799
175.0494,169952
175.0531,170096
175.0572,168828
175.0613,170862
175.0654,168949
175.0695,169282
175.0736,169527
175.0777,169382
175.0818,170162
175.0859,168753
175.0900,169960
175.0941,170045
175.0982,169139
175.1023,169821
175.1065,168856
175.1105,169702
175.1146,170011
175.1187,169684
175.1228,170192
175.1270,168779
175.1310,169611
175.1351,169446
175.1392,169393
175.1433,170018
175.1474,168456
175.1515,169558
175.1556,169668
175.1597,169658
175.1638,170072
175.1679,168484
175.1721,169758
175.1763,169562
175.1763,169486
175.1801,169489
175.1842,168948
175.1883,169680
175.1924,169574
175.1965,169521
175.2005,170148
175.2047,168908
175.2088,170148
175.2129,169447
175.2170,169469
175.2210,170148
175.2251,168786
175.2293,169242
175.2334,169569
175.2374,170030
175.2417,169578
175.2456,168776
175.2497,170045
175.2538,169717
175.2579,170015
175.2620,170162
175.2661,169086
175.2703,169654
175.2743,169768
175.2785,169728
175.2825,169742
175.2866,168694
175.2907,169925
175.2947,170027
175.2993,169763
175.3035,169733
175.3036,168911
175.3071,170197
175.3112,169678
175.3153,170358
175.3195,169520
175.3235,168810
175.3276,169753
175.3317,169842
175.3358,169944
175.3399,169117
175.3440,168967
175.3481,170291
175.3522,170170
175.3562,169472
175.3603,169631
175.3644,168745
175.3685,170115
175.3726,169391
175.3767,169651
175.3808,169227
175.3850,169500
175.3891,169704
175.3931,169716
175.3971,169950
175.4012,169299
175.4053,170247
175.4094,170111
175.4135,170152
175.4176,169822
175.4217,169576
175.4260,169491
175.4301,169885
175.4301,170170
175.4343,169617
175.4381,168955
175.4422,170321
175.4463,169513
175.4504,170119
175.4545,169503
175.4585,168974
175.4627,169659
175.4667,169358
175.4708,169578
175.4750,169951
175.4790,169156
175.4831,169828
175.4872,169443
175.4913,169416
175.4954,169697
175.4995,168620
175.5037,170485
175.5078,169794
175.5118,170137
175.5159,169993
175.5201,169067
175.5242,170155
175.5282,169524
175.5324,169159
175.5365,169974
175.5406,169255
175.5446,170939
175.5488,169855
175.5532,169520
175.5573,169729
175.5613,168701
175.5614,170226
175.5650,169018
175.5691,170245
175.5732,169776
175.5773,169804
175.5814,170832
175.5856,169605
175.5896,170197
175.5937,169377
175.5978,169455
175.6019,170251
175.6061,168562
175.6101,169640
175.6142,169472
175.6183,169195
175.6225,170230
175.6266,168710
175.6307,169793
175.6348,170135
175.6389,169602
175.6430,170719
175.6471,169069
175.6512,170432
175.6553,170592
175.6594,169319
175.6634,170484
175.6675,169344
175.6716,170484
175.6757,169492
175.6800,169556
175.6840,170270
175.6884,168771
175.6884,169943
175.6921,170064
175.6962,169456
175.7003,170775
175.7044,168801
175.7085,169640
175.7126,169954
175.7167,169473
175.7208,170922
175.7249,169202
175.7290,170072
175.7331,170468
175.7372,169799
175.7413,170159
175.7454,169000
175.7494,169974
175.7536,170105
175.7576,170099
175.7617,170279
175.7658,169016
175.7700,169979
175.7741,169956
175.7780,170121
175.7822,169930
175.7862,168897
175.7904,169876
175.7944,169670
175.7986,170235
175.8027,169753
175.8070,168374
175.8111,170007
175.8151,169647
175.8152,169919
175.8191,169981
175.8233,168714
175.8273,169853
175.8314,169528
175.8355,170254
175.8396,169440
175.8437,169077
175.8478,169402
175.8519,169704
175.8560,170068
175.8601,169280
175.8641,169374
175.8682,169448
175.8723,169930
175.8765,169320
175.8805,169287
175.8846,169093
175.8887,169682
175.8928,169866
175.8968,169268
175.9010,168954
175.9051,169397
175.9094,169700
175.9133,170189
175.9174,170064
175.9215,168971
175.9256,169923
175.9297,169956
175.9339,169935
175.9379,169869
175.9421,168891
175.9422,169861
175.9461,170241
175.9502,169667
175.9543,170291
175.9583,168942
175.9624,169943
175.9665,170091
175.9706,169488
175.9747,170331
175.9788,169188
175.9829,170062
175.9870,169356
175.9911,169912
175.9953,169665
175.9993,168714
176.0034,170470
176.0075,169477
176.0115,169460
176.0157,169463
176.0198,168947
176.0239,170571
176.0279,169252
176.0321,169491
176.0362,170207
176.0403,168873
176.0442,170701
176.0485,168891
176.0526,169840
176.0567,170229
176.0608,169022
176.0651,170455
176.0691,168993
176.0692,169643
176.0731,169875
176.0772,169071
176.0812,170663
176.0853,169002
176.0894,169930
176.0935,169913
176.0976,168931
176.1017,170245
176.1058,168660
176.1099,169471
176.1140,169994
176.1181,168880
176.1222,170387
176.1263,169163
176.1304,169708
176.1345,170037
176.1386,169250
176.1427,170960
176.1468,169087
176.1509,170206
176.1550,169924
176.1591,169074
176.1631,170432
176.1672,168844
176.1713,169657
176.1754,170023
176.1795,169495
176.1836,170173
176.1878,168827
176.1920,169676
176.1960,170037
176.1961,169292
176.2000,170730
176.2041,168509
176.2082,169877
176.2123,169816
176.2164,169554
176.2205,170348
176.2245,168741
176.2286,170151
176.2328,170394
176.2369,168865
176.2410,169923
176.2450,169245
176.2492,169935
176.2532,170163
176.2574,169935
176.2614,170383
176.2655,168923
176.2696,169441
176.2737,170094
176.2778,169690
176.2818,170363
176.2859,169029
176.2900,170056
176.2941,170199
176.2983,169541
176.3024,170012
176.3065,168543
176.3106,170106
176.3147,170206
176.3189,169781
176.3230,170102
176.3231,169439
176.3270,169676
176.3311,169635
176.3351,170113
176.3393,169902
176.3434,168543
176.3475,169984
176.3516,169702
176.3557,169965
176.3597,170036
176.3638,169060
176.3679,169701
176.3721,169960
176.3761,169958
176.3802,169823
176.3843,169243
176.3884,169899
176.3925,169634
176.3966,169911
176.4007,170128
176.4048,169616
176.4090,170329
176.4130,169759
176.4171,169916
176.4212,168788
176.4253,169408
176.4294,169612
176.4335,169678
176.4376,169941
176.4417,169080
176.4459,169197
176.4500,169864
176.4501,169693
176.4539,170061
176.4581,169056
176.4621,170037
176.4662,169794
176.4703,170096
176.4744,170035
176.4785,168930
176.4826,170303
176.4867,169914
176.4908,170229
176.4949,169900
176.4990,169090
176.5030,169944
176.5072,170097
176.5112,170218
176.5154,170415
176.5195,169396
176.5236,170181
176.5276,169879
176.5318,170353
176.5359,169777
176.5400,169041
176.5442,170567
176.5482,169516
176.5523,170165
176.5564,170277
176.5605,169448
176.5645,170875
176.5687,170062
176.5729,170052
176.5769,170138
176.5770,169532
176.5809,170654
176.5850,169119
176.5891,170210
176.5932,169661
176.5973,169157
176.6013,171110
176.6055,169424
176.6095,170190
176.6136,170023
176.6177,169384
176.6219,170677
176.6260,169094
176.6301,169598
176.6342,170145
176.6382,169426
176.6423,171307
176.6464,169020
176.6506,169735
176.6547,169908
176.6588,169396
176.6628,171062
176.6669,169208
176.6711,170246
176.6751,169665
176.6792,169282
176.6833,170813
176.6873,168505
176.6914,169982
176.6956,169991
176.6997,169731
176.7039,171000
176.7040,168729
176.7078,170103
176.7119,169920
176.7160,169157
176.7202,170505
176.7243,168623
176.7284,170248
176.7325,169983
176.7366,169156
176.7406,170803
176.7448,169382
176.7489,169931
176.7529,169944
176.7571,169394
176.7611,170690
176.7652,168728
176.7693,170151
176.7734,169862
176.7774,169830
176.7816,170591
176.7857,169071
176.7898,169938
176.7938,169851
176.7980,170494
176.8021,170212
176.8062,169203
176.8103,170383
176.8144,170009
176.8185,169534
176.8227,170234
176.8268,169351
176.8309,170110
176.8350,169484
176.8350,169692
176.8389,170085
176.8431,169075
176.8472,170053
176.8512,169908
176.8553,169427
176.8594,169747
176.8635,169016
176.8676,170247
176.8717,169915
176.8758,170672
176.8799,170290
176.8840,169474
176.8880,170301
176.8922,169707
176.8963,170243
176.9004,170132
176.9045,169445
176.9085,169794
176.9126,169838
176.9167,169656
176.9210,169658
176.9250,169643
176.9292,169583
176.9331,169392
176.9372,169598
176.9413,169746
176.9455,170029
176.9495,170106
176.9538,170267
176.9579,170404
176.9617,169503
176.9618,169932
176.9659,169881
176.9701,169988
176.9741,170125
176.9782,169437
176.9823,169943
176.9864,169585
176.9904,169934
176.9946,169625
176.9986,168997
177.0028,170813
177.0070,170373
177.0109,169675
177.0151,169932
177.0192,168881
177.0233,170052
177.0273,169654
177.0315,170217
177.0355,170004
177.0396,169701
177.0436,170187
177.0478,169987
177.0520,169751
177.0560,170316
177.0601,169341
177.0642,170639
177.0683,170142
177.0724,169818
177.0767,169529
177.0807,169460
177.0847,170897
177.0889,169245
177.0890,169758
177.0929,169682
177.0971,169224
177.1010,170920
177.1051,169262
177.1094,170177
177.1134,169767
177.1175,168951
177.1216,170694
177.1256,169461
177.1298,169412
177.1339,170388
177.1379,169038
177.1421,171006
177.1462,169574
177.1503,169565
177.1543,169725
177.1584,169667
177.1626,171325
177.1667,168937
177.1707,170057
177.1752,170018
177.1789,169479
177.1830,171082
177.1871,169327
177.1911,170017
177.1953,169477
177.1994,169062
177.2035,170876
177.2078,169196
177.2118,170126
177.2159,169407
177.2160,169754
177.2199,171209
177.2239,168310
177.2280,170167
177.2321,169972
177.2363,169331
177.2404,170764
177.2445,169225
177.2485,170094
177.2526,169701
177.2567,169483
177.2608,170526
177.2649,169445
177.2691,169686
177.2731,170118
177.2771,169477
177.2813,170611
177.2854,169259
177.2895,169693
177.2935,170041
177.2977,169473
177.3018,170655
177.3059,169270
177.3100,170085
177.3141,170014
177.3182,169915
177.3222,170663
177.3264,169457
177.3305,169960
177.3347,169548
177.3388,169589
177.3428,170310
177.3429,169147
177.3469,169953
177.3509,169500
177.3551,169609
177.3591,170881
177.3632,169049
177.3673,170398
177.3714,169715
177.3755,169690
177.3796,170514
177.3836,169326
177.3877,169653
177.3919,170545
177.3960,169466
177.4001,169843
177.4042,169428
177.4083,169713
177.4124,169939
177.4165,169912
177.4206,170283
177.4246,168985
177.4288,170279
177.4328,169660
177.4368,169933
177.4410,170129
177.4451,169626
177.4491,169832
177.4533,170030
177.4573,169926
177.4618,170066
177.4658,169520
177.4698,169460
177.4699,169809
177.4738,170058
177.4780,168950
177.4820,169270
177.4861,169571
177.4902,169766
177.4943,169574
177.4984,169315
177.5025,169966
177.5066,170154
177.5106,169503
177.5148,169669
177.5189,169625
177.5230,169814
177.5270,169466
177.5311,169429
177.5352,169631
177.5393,169634
177.5433,170192
177.5476,169855
177.5516,170241
177.5557,170225
177.5599,169270
177.5639,170223
177.5681,169603
177.5721,170149
177.5762,169545
177.5803,169062
177.5844,170414
177.5886,169751
177.5927,169954
177.5968,169853
177.5969,169005
177.6008,171365
177.6049,169680
177.6090,169784
177.6131,170023
177.6172,169311
177.6213,170683
177.6254,170009
177.6295,169783
177.6334,170147
177.6376,168922
177.6417,170737
177.6458,169222
177.6499,169883
177.6541,169725
177.6581,168689
177.6622,171249
177.6664,169381
177.6704,169772
177.6745,169350
177.6786,169140
177.6827,170720
177.6868,169329
177.6909,169778
177.6950,170399
177.6991,169489
177.7031,171450
177.7073,169099
177.7114,169555
177.7155,170275
177.7197,169241
177.7238,171062
177.7239,169002
177.7277,169495
177.7318,169933
177.7359,168829
177.7402,171057
177.7441,168699
177.7482,169774
177.7523,169994
177.7564,169338
177.7605,170876
177.7646,169041
177.7687,169369
177.7728,169658
177.7768,169290
177.7810,171215
177.7851,169027
177.7892,169843
177.7932,169834
177.7974,169538
177.8015,171065
177.8056,169325
177.8097,169563
177.8138,169280
177.8179,169861
177.8220,170686
177.8261,169602
177.8301,169988
177.8342,169849
177.8383,169245
177.8425,171366
177.8466,169415
177.8508,170273
177.8508,169940
177.8547,169383
177.8588,170923
177.8629,169370
177.8670,170363
177.8711,169949
177.8752,169809
177.8793,170817
177.8834,169558
177.8875,169610
177.8916,169885
177.8957,169510
177.8998,170404
177.9038,169464
177.9081,170049
177.9120,170064
177.9161,169847
177.9202,170070
177.9243,169286
177.9285,169778
177.9326,169402
177.9366,169619
177.9407,170318
177.9448,168965
177.9489,169438
177.9531,169659
177.9571,169889
177.9612,170851
177.9653,168838
177.9694,169640
177.9737,169827
177.9775,169711
177.9776,169997
177.9816,169398
177.9858,169908
177.9899,169747
177.9940,169289
177.9981,169939
178.0022,169970
178.0063,169302
178.0104,169811
178.0145,169598
178.0185,169597
178.0229,169675
178.0267,169826
178.0308,170012
178.0349,169541
178.0391,169500
178.0430,169872
178.0472,170229
178.0513,170009
178.0554,169474
178.0595,169416
178.0636,170037
178.0677,169747
178.0718,169894
178.0759,169958
178.0800,169036
178.0841,170642
178.0882,170032
178.0923,169737
178.0964,170076
178.1005,169449
178.1046,170584
178.1046,169910
178.1086,170411
178.1127,170092
178.1168,169410
178.1209,171108
178.1251,169657
178.1292,170615
178.1332,170059
178.1372,169440
178.1414,170954
178.1455,169834
178.1496,170025
178.1537,170006
178.1578,168615
178.1619,171712
178.1661,169555
178.1701,169796
178.1742,170063
178.1782,168999
178.1823,171366
178.1864,168969
178.1905,170404
178.1947,170031
178.1988,168953
178.2029,171093
178.2070,169383
178.2111,170240
178.2152,170090
178.2193,169115
178.2234,170790
178.2276,168840
178.2316,169663
178.2317,170007
178.2356,169209
178.2397,171470
178.2439,169027
178.2479,169992
178.2521,169461
178.2561,169081
178.2603,170747
178.2643,168996
178.2684,169677
178.2725,169454
178.2765,169260
178.2807,171614
178.2848,169384
178.2889,170133
178.2929,169955
178.2970,169276
178.3012,171373
178.3053,168752
178.3094,169574
178.3135,170107
178.3176,169571
178.3217,170818
178.3257,168631
178.3298,169563
178.3339,169959
178.3381,169521
178.3421,171022
178.3462,168582
178.3504,169272
178.3546,169846
178.3587,169148
178.3627,170707
178.3628,168653
178.3667,169671
178.3708,169530
178.3749,169711
178.3790,171160
178.3831,169412
178.3872,170126
178.3912,169714
178.3954,169640
178.3995,170783
178.4036,169952
178.4077,169807
178.4119,169610
178.4159,169203
178.4199,170641
178.4241,169213
178.4282,169908
178.4322,170120
178.4363,169606
178.4404,170231
178.4445,169411
178.4488,169588
178.4527,169918
178.4569,169754
178.4609,169724
178.4650,169733
178.4691,169703
178.4732,170311
178.4773,169415
178.4816,170413
178.4858,169423
178.4897,169680
178.4898,170382
178.4937,169651
178.4977,169424
178.5019,169299
178.5059,169894
178.5100,169874
178.5142,170375
178.5183,169538
178.5223,170023
178.5263,170205
178.5305,169859
178.5346,169904
178.5387,170202
178.5427,169719
178.5469,169294
178.5511,169772
178.5551,170047
178.5592,169835
178.5633,170057
178.5674,170196
178.5716,170019
178.5756,169725
178.5797,169591
178.5837,170256
178.5878,170176
178.5920,170062
178.5960,169231
178.6001,169559
178.6043,170471
178.6085,169626
178.6127,169909
178.6167,169876
178.6167,168972
178.6207,170670
178.6247,169733
178.6288,170067
178.6329,169680
178.6370,169468
178.6410,170668
178.6452,169812
178.6492,170145
178.6533,169789
178.6574,169338
178.6615,171202
178.6656,169522
178.6697,170263
178.6738,169857
178.6779,168793
178.6820,170716
178.6861,169167
178.6902,169525
178.6943,170501
178.6984,169428
178.7025,170983
178.7066,169368
178.7107,169610
178.7147,169475
178.7188,169530
178.7230,170948
178.7270,168894
178.7311,169855
178.7354,169994
178.7396,169151
178.7436,170800
178.7437,168902
178.7476,169850
178.7516,169693
178.7557,168992
178.7599,170855
178.7640,169500
178.7681,169773
178.7721,169716
178.7764,169179
178.7804,171185
178.7845,168407
178.7888,170532
178.7926,169794
178.7968,168800
178.8009,171097
178.8050,169062
178.8091,169839
178.8132,169414
178.8172,169341
178.8213,171255
178.8254,169299
178.8295,170104
178.8337,169855
178.8377,169359
178.8418,171018
178.8459,168937
178.8502,169883
178.8541,170023
178.8582,169034
178.8623,170771
178.8666,168849
178.8706,169828
178.8707,169841
178.8746,169606
178.8787,170545
178.8828,168826
178.8869,170065
178.8910,170014
178.8951,169794
178.8992,171028
178.9033,169203
178.9074,170419
178.9115,170401
178.9155,169748
178.9196,170690
178.9237,169357
178.9278,169490
178.9319,170091
178.9361,169744
178.9401,170403
178.9443,169131
178.9484,169526
178.9524,169712
178.9564,169667
178.9606,170222
178.9647,169276
178.9688,169442
178.9729,169463
178.9770,169997
178.9811,169676
178.9853,169484
178.9894,169213
178.9935,169046
178.9975,169446
178.9975,170176
179.0016,169113
179.0056,170212
179.0097,169436
179.0138,169956
179.0179,170092
179.0221,169755
179.0261,170007
179.0302,169865
179.0343,169906
179.0384,169989
179.0424,169690
179.0467,169618
179.0508,169520
179.0547,170039
179.0589,169430
179.0631,169905
179.0671,170411
179.0712,169943
179.0753,170065
179.0794,169243
179.0835,169617
179.0876,169982
179.0917,169997
179.0958,170023
179.0999,169724
179.1039,170030
179.1080,169610
179.1122,169455
179.1162,169343
179.1205,168935
179.1247,170413
179.1249,169871
179.1285,169913
179.1326,170218
179.1367,168949
179.1407,170601
179.1448,169337
179.1490,169684
179.1530,169781
179.1571,169563
179.1614,170616
179.1655,168903
179.1702,169755
179.1741,170271
179.1786,169026
179.1824,170770
179.1858,169193
179.1899,169655
179.1941,170064
