0.0800,8388607
0.0802,8388607
0.0807,8190955
0.0810,8388607
0.0811,-1554223
0.0813,-8388608
0.0814,-6633084
0.0816,7749816
0.0819,8388607
0.0821,-655557
0.0824,-8388608
0.0829,-6953989
0.0831,7257141
0.0834,8388607
0.0838,404428
0.0839,-8388608
0.0842,-7242695
0.0848,6647233
0.0850,8388607
0.0853,1611859
0.0857,-8388608
0.0860,-7559918
0.0863,5939940
0.0868,8388607
0.0870,2765684
0.0872,-8388608
0.0875,-7824001
0.0880,5163352
0.0904,8388607
0.0905,4058516
0.0908,-8388608
0.0909,-8156279
0.0911,4411676
0.0913,8388607
0.0913,5211150
0.0915,-8388608
0.0918,-8388608
0.0919,3707875
0.0920,8388607
0.0922,6660511
0.0924,-8388608
0.0926,-8388608
0.0929,3013983
0.0931,8388607
0.0933,7708879
0.0936,-8388608
0.0938,-8388608
0.0940,2355485
0.0944,8388607
0.0947,8388607
0.0950,-8388608
0.0953,-8388608
0.0955,1749016
0.0958,8388607
0.0960,8388607
0.0962,-8388608
0.0965,-8388608
0.0967,1097647
0.0970,8388607
0.0972,8388607
0.0974,-8388608
0.0977,-8388608
0.0979,371391
0.0982,8388607
0.0985,8388607
0.0989,-8388608
0.0992,-8388608
0.0995,-306865
0.0999,8388607
0.1002,8388607
0.1004,-8388608
0.1017,-8388608
0.1018,-1089975
0.1021,8388607
0.1023,8388607
0.1025,-8388608
0.1032,-8388608
0.1034,-1819069
0.1036,8388607
0.1038,8388607
0.1039,-8388608
0.1041,-8388608
0.1042,-2561300
0.1045,8388607
0.1051,8388607
0.1054,-8388608
0.1059,-8388608
0.1061,-3152326
0.1063,8388607
0.1068,8388607
0.1081,-8388608
0.1088,-8388608
0.1090,-3737436
0.1093,8388607
0.1102,8388607
0.1103,-7839364
0.1105,-8388608
0.1107,-4261760
0.1109,8388607
0.1111,8388607
0.1112,-6809804
0.1115,-8388608
0.1116,-4724430
0.1116,8388607
0.1117,8388607
0.1121,-5706704
0.1123,-8388608
0.1129,-5204748
0.1132,8388607
0.1136,8388607
0.1137,-4853640
0.1141,-8388608
0.1143,-5520209
0.1145,8388607
0.1148,8388607
0.1151,-3691708
0.1154,-8388608
0.1156,-5834922
0.1159,8388607
0.1162,8388607
0.1163,-2682746
0.1167,-8388608
0.1170,-6084252
0.1172,8388607
0.1173,8388607
0.1177,-1604461
0.1178,-8388608
0.1196,-6427288
0.1197,8067996
0.1197,8388607
0.1201,-890053
0.1203,-8388608
0.1210,-6714036
0.1211,7633998
0.1222,8388607
0.1226,238463
0.1227,-8388608
0.1228,-7027574
0.1237,6991440
0.1238,8388607
0.1242,1354076
0.1244,-8388608
0.1246,-7309152
0.1247,6391334
0.1250,8388607
0.1261,2720313
0.1268,-8388608
0.1270,-7613302
0.1272,5559510
0.1273,8388607
0.1275,3868133
0.1277,-8388608
0.1279,-7901718
0.1280,4835131
0.1281,8388607
0.1284,5149052
0.1294,-8388608
0.1302,-8189969
0.1310,4129120
0.1316,8388607
0.1316,6311942
0.1321,-8388608
0.1321,-8388608
0.1322,3428642
0.1324,8388607
0.1327,7504327
0.1331,-8388608
0.1333,-8388608
0.1335,2737001
0.1340,8388607
0.1341,8388607
0.1344,-8388608
0.1349,-8388608
0.1352,2072862
0.1355,8388607
0.1357,8388607
0.1361,-8388608
0.1364,-8388608
0.1377,1480802
0.1381,8388607
0.1383,8388607
0.1385,-8388608
0.1388,-8388608
0.1389,889358
0.1390,8388607
0.1391,8388607
0.1392,-8388608
0.1393,-8388608
0.1394,226450
0.1395,8388607
0.1401,8388607
0.1405,-8388608
0.1409,-8388608
0.1412,-486973
0.1415,8388607
0.1416,8388607
0.1417,-8388608
0.1418,-8388608
0.1419,-1229802
0.1420,8388607
0.1420,8388607
0.1421,-8388608
0.1422,-8388608
0.1423,-1934735
0.1423,8388607
0.1424,8388607
0.1425,-8388608
0.1425,-8388608
0.1426,-2554881
0.1427,8388607
0.1428,8388607
0.1428,-8388608
0.1429,-8388608
0.1430,-3059056
0.1431,8388607
0.1431,8388607
0.1432,-8339436
0.1433,-8388608
0.1434,-3553542
0.1434,8388607
0.1435,8388607
0.1436,-7398124
0.1437,-8388608
0.1438,-4085331
0.1438,8388607
0.1439,8388607
0.1440,-6339148
0.1441,-8388608
0.1441,-4512378
0.1442,8388607
0.1443,8388607
0.1444,-5324296
0.1444,-8388608
0.1445,-4878271
0.1446,8388607
0.1447,8388607
0.1447,-4250612
0.1448,-8388608
0.1449,-5183376
0.1450,8388607
0.1450,8388607
0.1451,-3196108
0.1452,-8388608
0.1453,-5462828
0.1454,8388607
0.1455,8388607
0.1455,-2213473
0.1456,-8388608
0.1457,-5742634
0.1458,8352121
0.1459,8388607
0.1460,-1420131
0.1460,-8388608
0.1461,-5992144
0.1462,7952609
0.1463,8388607
0.1464,-378510
0.1465,-8388608
0.1466,-6258763
0.1467,7469080
0.1469,8388607
0.1471,655160
0.1472,-8388608
0.1473,-6515405
0.1474,6827747
0.1474,8388607
0.1475,1878841
0.1476,-8388608
0.1476,-6791946
0.1477,6075751
0.1478,8388607
0.1479,3211262
0.1480,-8388608
0.1481,-7094309
0.1482,5354635
0.1486,8388607
0.1489,4383184
0.1493,-8388608
0.1496,-7350198
0.1498,4660107
0.1503,8388607
0.1503,5475508
0.1504,-8388608
0.1505,-7650109
0.1506,3952998
0.1507,8388607
0.1508,6686363
0.1508,-8388608
0.1509,-7925684
0.1510,3335363
0.1511,8388607
0.1512,7776954
0.1512,-8388608
0.1513,-8227103
0.1514,2712184
0.1519,8388607
0.1560,8388607
0.1601,-8388608
0.1643,-8388608
0.1684,2125096
0.1725,8388607
0.1765,8388607
0.1807,-8388608
0.1850,-8388608
0.1888,1531011
0.1929,8388607
0.1972,8388607
0.2011,-8388608
0.2052,-8388608
0.2093,960839
0.2134,8388607
0.2177,8388607
0.2216,-8388608
0.2259,-8388608
0.2298,231823
0.2339,8388607
0.2384,8388607
0.2425,-8388608
0.2426,-8388608
0.2461,-524751
0.2507,8388607
0.2543,8388607
0.2585,-8388608
0.2625,-8388608
0.2672,-1217665
0.2709,8388607
0.2749,8388607
0.2789,-8388608
0.2835,-8388608
0.2871,-1902751
0.2912,8388607
0.2953,8388607
0.3005,-8388608
0.3035,-8388608
0.3076,-2543768
0.3117,8388607
0.3163,8388607
0.3199,-8388608
0.3240,-8388608
0.3282,-3063160
0.3332,8388607
0.3363,8388607
0.3403,-7780532
0.3445,-8388608
0.3486,-3654936
0.3527,8388607
0.3568,8388607
0.3613,-6692140
0.3652,-8388608
0.3691,-4109852
0.3732,8388607
0.3733,8388607
0.3772,-5706704
0.3814,-8388608
0.3854,-4513821
0.3895,8388607
0.3936,8388607
0.3977,-4721268
0.4020,-8388608
0.4060,-4807863
0.4101,8388607
0.4141,8388607
0.4182,-3647584
0.4223,-8388608
0.4264,-5124599
0.4306,8388607
0.4345,8388607
0.4387,-2626158
0.4428,-8388608
0.4469,-5365011
0.4514,8388607
0.4550,8388607
0.4591,-1795002
0.4633,-8388608
0.4675,-5682449
0.4715,8095114
0.4755,8388607
0.4797,-804414
0.4840,-8388608
0.4883,-5968511
0.4920,7665221
0.4960,8388607
0.4961,166747
0.5003,-8388608
0.5042,-6259988
0.5083,7090750
0.5124,8388607
0.5167,1393083
0.5206,-8388608
0.5247,-6498322
0.5287,6450708
0.5329,8388607
0.5370,2549156
0.5411,-8388608
0.5451,-6785268
0.5498,5650484
0.5533,8388607
0.5575,3811023
0.5615,-8388608
0.5662,-7072670
0.5697,4964779
0.5738,8388607
0.5779,5110867
0.5827,-8388608
0.5861,-7381744
0.5902,4249214
0.5943,8388607
0.5990,6333070
0.6025,-8388608
0.6066,-7649310
0.6107,3608026
0.6156,8388607
0.6191,7505939
0.6233,-8388608
0.6273,-8005512
0.6274,2996375
0.6313,8388607
0.6352,8347835
0.6394,-8388608
0.6436,-8292177
0.6476,2297068
0.6516,8388607
0.6557,8388607
0.6598,-8388608
0.6639,-8388608
0.6680,1708277
0.6722,8388607
0.6762,8388607
0.6803,-8388608
0.6845,-8388608
0.6885,1064539
0.6926,8388607
0.6967,8388607
0.7008,-8388608
0.7049,-8388608
0.7090,416064
0.7131,8388607
0.7172,8388607
0.7213,-8388608
0.7254,-8388608
0.7296,-310990
0.7336,8388607
0.7376,8388607
0.7421,-8388608
0.7463,-8388608
0.7503,-1010604
0.7544,8388607
0.7545,8388607
0.7582,-8388608
0.7622,-8388608
0.7663,-1708020
0.7705,8388607
0.7745,8388607
0.7786,-8388608
0.7830,-8388608
0.7868,-2355048
0.7909,8388607
0.7950,8388607
0.7992,-8388608
0.8032,-8388608
0.8073,-2893663
0.8114,8388607
0.8157,8388607
0.8196,-7927612
0.8237,-8388608
0.8277,-3439246
0.8319,8388607
0.8360,8388607
0.8401,-7059840
0.8442,-8388608
0.8485,-3955576
0.8524,8388607
0.8565,8388607
0.8606,-5956740
0.8649,-8388608
0.8688,-4373195
0.8729,8388607
0.8770,8388607
0.8811,-5000720
0.8814,-8388608
0.8853,-4692521
0.8892,8388607
0.8933,8388607
0.8978,-3838788
0.9016,-8388608
0.9056,-5012482
0.9097,8388607
0.9138,8388607
0.9180,-2812294
0.9224,-8388608
0.9260,-5266895
0.9302,8388607
0.9345,8388607
0.9384,-1895787
0.9425,-8388608
0.9468,-5549907
0.9507,8259528
0.9548,8388607
0.9588,-1070370
0.9633,-8388608
0.9681,-5832077
0.9712,7837612
0.9753,8388607
0.9794,-88085
0.9834,-8388608
0.9875,-6123171
0.9916,7347250
0.9957,8388607
1.0001,1091379
1.0041,-8388608
1.0082,-6385656
1.0083,6647723
1.0121,8388607
1.0162,2325388
1.0203,-8388608
1.0244,-6663255
1.0285,5995712
1.0326,8388607
1.0367,3542973
1.0408,-8388608
1.0449,-6958209
1.0493,5274885
1.0531,8388607
1.0571,4740328
1.0612,-8388608
1.0661,-7292811
1.0695,4551427
1.0735,8388607
1.0776,5868513
1.0823,-8388608
1.0859,-7598743
1.0899,3978967
1.0940,8388607
1.0989,7164517
1.1022,-8388608
1.1063,-7908744
1.1104,3394245
1.1155,8388607
1.1191,7983963
1.1228,-8388608
1.1268,-8231490
1.1311,2802047
1.1351,8388607
1.1351,8388607
1.1390,-8388608
1.1431,-8388608
1.1473,2179574
1.1516,8388607
1.1555,8388607
1.1595,-8388608
1.1637,-8388608
1.1677,1630679
1.1718,8388607
1.1759,8388607
1.1800,-8388608
1.1841,-8388608
1.1882,1023221
1.1923,8388607
1.1967,8388607
1.2005,-8388608
1.2046,-8388608
1.2086,308877
1.2129,8388607
1.2169,8388607
1.2210,-8388608
1.2251,-8388608
1.2293,-393889
1.2333,8388607
1.2373,8388607
1.2415,-8388608
1.2456,-8388608
1.2499,-1134009
1.2538,8388607
1.2582,8388607
1.2620,-8388608
1.2662,-8388608
1.2663,-1776513
1.2701,8388607
1.2742,8388607
1.2783,-8388608
1.2825,-8388608
1.2865,-2364169
1.2906,8388607
1.2947,8388607
1.2993,-8388608
1.3029,-8388608
1.3070,-2988177
1.3111,8388607
1.3152,8388607
1.3193,-7795240
1.3234,-8388608
1.3275,-3509432
1.3322,8388607
1.3357,8388607
1.3398,-6692140
1.3438,-8388608
1.3485,-4044026
1.3520,8388607
1.3561,8388607
1.3602,-5794952
1.3645,-8388608
1.3685,-4542840
1.3725,8388607
1.3766,8388607
1.3814,-4794808
1.3851,-8388608
1.3891,-4827524
1.3931,8388607
1.3932,8388607
1.3973,-3677000
1.4015,-8388608
1.4053,-5099406
1.4094,8388607
1.4135,8388607
1.4176,-2636943
1.4217,-8388608
1.4257,-5352012
1.4299,8388607
1.4340,8388607
1.4380,-1718217
1.4421,-8388608
1.4463,-5657673
1.4505,8388607
1.4547,8388607
1.4587,-980207
1.4627,-8388608
1.4667,-5937163
1.4708,8271568
1.4749,8388607
1.4790,121307
1.4832,-8388608
1.4874,-6259277
1.4914,7746197
1.4956,8388607
1.5000,1242158
1.5038,-8388608
1.5078,-6633822
1.5122,7134454
1.5159,8388607
1.5201,2464743
1.5202,-8388608
1.5241,-7066770
1.5281,6415821
1.5325,8388607
1.5364,3780564
1.5405,-8388608
1.5445,-7463829
1.5488,5720730
1.5529,8388607
1.5568,4977955
1.5609,-8388608
1.5652,-7880513
1.5691,5023413
1.5732,8388607
1.5773,6229472
1.5823,-8388608
1.5856,-8292296
1.5897,4349976
1.5938,8388607
1.5980,7420767
1.6020,-8388608
1.6060,-8388608
1.6101,3623842
1.6142,8388607
1.6183,8388607
1.6224,-8388608
1.6265,-8388608
1.6309,2928515
1.6347,8388607
1.6388,8388607
1.6429,-8388608
1.6472,-8388608
1.6479,2301795
1.6512,8388607
1.6552,8388607
1.6592,-8388608
1.6635,-8388608
1.6675,1573291
1.6715,8388607
1.6756,8388607
1.6798,-8388608
1.6839,-8388608
1.6879,841111
1.6920,8388607
1.6961,8388607
1.7002,-8388608
1.7043,-8388608
1.7084,-24152
1.7125,8388607
1.7166,8388607
1.7207,-8388608
1.7247,-8388608
1.7289,-834849
1.7330,8388607
1.7370,8388607
1.7411,-8388608
1.7453,-8388608
1.7494,-1668306
1.7535,8388607
1.7575,8388607
1.7620,-8388608
1.7661,-8388608
1.7700,-2330865
1.7742,8388607
1.7743,8388607
1.7780,-8388608
1.7827,-8388608
1.7862,-2992108
1.7904,8388607
1.7944,8388607
1.7988,-8388608
1.8027,-8388608
1.8068,-3674222
1.8108,8388607
1.8151,8388607
1.8190,-7339292
1.8231,-8388608
1.8272,-4221479
1.8320,8388607
1.8355,8388607
1.8396,-6383272
1.8437,-8388608
1.8484,-4806893
1.8519,8388607
1.8559,8388607
1.8600,-5177216
1.8647,-8388608
1.8681,-5232922
1.8722,8388607
1.8763,8388607
1.8811,-4103532
1.8846,-8388608
1.8889,-5591313
1.8929,8388607
1.8971,8388607
1.9010,-2966167
1.9011,-8388608
1.9050,-5878750
1.9091,8388607
1.9132,8388607
1.9173,-1949134
1.9214,-8388608
1.9255,-6219194
1.9296,8388607
1.9337,8388607
1.9378,-1131432
1.9418,-8388608
1.9460,-6551409
1.9500,8388607
1.9541,8388607
1.9582,-150505
1.9625,-8388608
1.9666,-6889551
1.9705,7952943
1.9746,8388607
1.9787,980162
1.9829,-8388608
1.9869,-7210915
1.9910,7432101
1.9953,8388607
1.9993,2089494
2.0033,-8388608
2.0074,-7491163
2.0115,6753160
2.0156,8388607
2.0197,3280884
2.0241,-8388608
2.0280,-7811812
2.0281,6024849
2.0321,8388607
2.0360,4526110
2.0402,-8388608
2.0442,-8154304
2.0488,5290444
2.0525,8388607
2.0565,5746516
2.0606,-8388608
2.0652,-8388608
2.0689,4507677
2.0729,8388607
2.0770,6804737
2.0812,-8388608
2.0856,-8388608
2.0893,3838989
2.0934,8388607
2.0979,8086889
2.1017,-8388608
2.1057,-8388608
2.1098,3126814
2.1140,8388607
2.1182,8388607
2.1221,-8388608
2.1262,-8388608
2.1310,2441301
2.1344,8388607
2.1385,8388607
2.1426,-8388608
2.1468,-8388608
2.1509,1759071
2.1548,8388607
2.1549,8388607
2.1590,-8388608
2.1630,-8388608
2.1671,1082393
2.1712,8388607
2.1753,8388607
2.1795,-8388608
2.1837,-8388608
2.1877,415966
2.1917,8388607
2.1958,8388607
2.2000,-8388608
2.2040,-8388608
2.2081,-411878
2.2122,8388607
2.2163,8388607
2.2204,-8388608
2.2245,-8388608
2.2286,-1103733
2.2329,8388607
2.2368,8388607
2.2409,-8388608
2.2451,-8388608
2.2492,-1867911
2.2532,8388607
2.2573,8388607
2.2613,-8388608
2.2659,-8388608
2.2696,-2602620
2.2736,8388607
2.2778,8388607
2.2822,-8388608
2.2860,-8388608
2.2861,-3190301
2.2900,8388607
2.2941,8388607
2.2985,-8388608
2.3023,-8388608
2.3064,-3794914
2.3105,8388607
2.3148,8388607
2.3187,-7295168
2.3227,-8388608
2.3268,-4347170
2.3313,8388607
2.3350,8388607
2.3392,-6295024
2.3432,-8388608
2.3477,-4849790
2.3515,8388607
2.3555,8388607
2.3596,-5147800
2.3651,-8388608
2.3679,-5289953
2.3719,8388607
2.3761,8388607
2.3802,-4147656
2.3842,-8388608
2.3883,-5622929
2.3923,8388607
2.3965,8388607
2.4007,-2971016
2.4049,-8388608
2.4089,-5925247
2.4129,8388607
2.4131,8388607
2.4170,-1932206
2.4211,-8388608
2.4251,-6186683
2.4293,8388607
2.4334,8388607
2.4375,-1003386
2.4417,-8388608
2.4457,-6511480
2.4497,8325468
2.4538,8388607
2.4579,-149578
2.4620,-8388608
2.4663,-6837891
2.4702,7881610
2.4743,8388607
2.4785,1077489
2.4825,-8388608
2.4866,-7138382
2.4907,7326619
2.4948,8388607
2.4990,2079769
2.5031,-8388608
2.5071,-7436652
2.5113,6676638
2.5155,8388607
2.5194,3328529
2.5239,-8388608
2.5278,-7764498
2.5320,5986613
2.5361,8388607
2.5402,4526996
2.5403,-8388608
2.5439,-8093434
2.5481,5253287
2.5523,8388607
2.5563,5627733
2.5603,-8388608
2.5656,-8388608
2.5685,4559300
2.5726,8388607
2.5767,6769148
2.5816,-8388608
2.5849,-8388608
2.5890,3781380
2.5931,8388607
2.5978,8086378
2.6013,-8388608
2.6055,-8388608
2.6096,3126418
2.6137,8388607
2.6178,8388607
2.6219,-8388608
2.6259,-8388608
2.6300,2452366
2.6340,8388607
2.6381,8388607
2.6422,-8388608
2.6464,-8388608
2.6506,1736923
2.6547,8388607
2.6590,8388607
2.6634,-8388608
2.6672,-8388608
2.6673,1035159
2.6709,8388607
2.6751,8388607
2.6792,-8388608
2.6832,-8388608
2.6873,320825
2.6914,8388607
2.6955,8388607
2.6996,-8388608
2.7037,-8388608
2.7078,-398516
2.7119,8388607
2.7161,8388607
2.7202,-8388608
2.7244,-8388608
2.7285,-1225493
2.7324,8388607
2.7365,8388607
2.7406,-8388608
2.7452,-8388608
2.7488,-1962277
2.7530,8388607
2.7569,8388607
2.7610,-8388608
2.7652,-8388608
2.7692,-2608985
2.7733,8388607
2.7774,8388607
2.7821,-8388608
2.7859,-8388608
2.7900,-3186088
2.7939,8388607
2.7940,8388607
2.7981,-8368852
2.8023,-8388608
2.8061,-3760430
2.8101,8388607
2.8147,8388607
2.8186,-7368708
2.8225,-8388608
2.8266,-4354326
2.8308,8388607
2.8351,8388607
2.8389,-6368564
2.8430,-8388608
2.8472,-4811919
2.8515,8388607
2.8553,8388607
2.8593,-5250756
2.8638,-8388608
2.8676,-5248467
2.8716,8388607
2.8757,8388607
2.8805,-4250612
2.8839,-8388608
2.8880,-5622322
2.8921,8388607
2.8969,8388607
2.9003,-3088680
2.9046,-8388608
2.9088,-5874547
2.9127,8388607
2.9170,8388607
2.9211,-1967071
2.9212,-8388608
2.9249,-6169004
2.9290,8388607
2.9330,8388607
2.9371,-1165957
2.9412,-8388608
2.9454,-6497165
2.9499,8388607
2.9535,8388607
2.9576,-217279
2.9618,-8388608
2.9661,-6817958
2.9699,8031973
2.9740,8388607
2.9781,783852
2.9824,-8388608
2.9865,-7136538
2.9905,7457187
2.9947,8388607
2.9986,1985978
3.0026,-8388608
3.0068,-7423132
3.0109,6839773
3.0151,8388607
3.0191,3133180
3.0232,-8388608
3.0272,-7760587
3.0317,6110678
3.0355,8388607
3.0396,4283954
3.0437,-8388608
3.0479,-8083924
3.0480,5414793
3.0518,8388607
3.0559,5446584
3.0600,-8388608
3.0642,-8387210
3.0683,4647038
3.0723,8388607
3.0764,6561844
3.0812,-8388608
3.0846,-8388608
3.0887,3905057
3.0928,8388607
3.0977,7725184
3.1011,-8388608
3.1051,-8388608
3.1092,3263812
3.1139,8388607
3.1173,8388607
3.1215,-8388608
3.1256,-8388608
3.1299,2530553
3.1339,8388607
3.1378,8388607
3.1420,-8388608
3.1467,-8388608
3.1501,1817400
3.1542,8388607
3.1583,8388607
3.1625,-8388608
3.1666,-8388608
3.1707,1125077
3.1748,8388607
3.1789,8388607
3.1790,-8388608
3.1830,-8388608
3.1871,446867
3.1911,8388607
3.1952,8388607
3.1996,-8388608
3.2035,-8388608
3.2075,-306924
3.2116,8388607
3.2158,8388607
3.2199,-8388608
3.2239,-8388608
3.2280,-1037023
3.2324,8388607
3.2362,8388607
3.2403,-8388608
3.2444,-8388608
3.2485,-1745789
3.2526,8388607
3.2566,8388607
3.2607,-8388608
3.2649,-8388608
3.2689,-2409195
3.2730,8388607
3.2771,8388607
3.2814,-8388608
3.2854,-8388608
3.2897,-3027304
3.2935,8388607
3.2977,8388607
3.3018,-8388608
3.3059,-8388608
3.3060,-3649748
3.3098,8388607
3.3143,8388607
3.3181,-7618744
3.3222,-8388608
3.3263,-4159894
3.3306,8388607
3.3345,8388607
3.3385,-6559768
3.3426,-8388608
3.3477,-4720856
3.3508,8388607
3.3549,8388607
3.3590,-5486084
3.3633,-8388608
3.3674,-5157925
3.3713,8388607
3.3754,8388607
3.3801,-4368276
3.3839,-8388608
3.3877,-5549781
3.3917,8388607
3.3959,8388607
3.4002,-3294592
3.4041,-8388608
3.4082,-5879518
3.4123,8388607
3.4170,8388607
3.4207,-2110272
3.4246,-8388608
3.4287,-6151941
3.4327,8388607
3.4328,8388607
3.4369,-1286047
3.4410,-8388608
3.4450,-6463059
3.4495,8388607
3.4532,8388607
3.4573,-395975
3.4616,-8388608
3.4655,-6781510
3.4696,8048230
3.4737,8388607
3.4781,602927
3.4824,-8388608
3.4863,-7064953
3.4901,7553537
3.4942,8388607
3.4987,1782083
3.5024,-8388608
3.5065,-7299070
3.5106,6925807
3.5151,8388607
3.5188,2931428
3.5229,-8388608
3.5269,-7580865
3.5312,6275864
3.5351,8388607
3.5393,4055351
3.5435,-8388608
3.5485,-7857056
3.5519,5622327
3.5558,8388607
3.5600,5177080
3.5602,-8388608
3.5645,-8178737
3.5679,4844192
3.5721,8388607
3.5762,6393601
3.5812,-8388608
3.5844,-8388608
3.5885,4111253
3.5925,8388607
3.5971,7553531
3.6007,-8388608
3.6048,-8388608
3.6088,3423351
3.6131,8388607
3.6170,8388607
3.6211,-8388608
3.6252,-8388608
3.6300,2724947
3.6338,8388607
3.6376,8388607
3.6417,-8388608
3.6458,-8388608
3.6498,2032587
3.6539,8388607
3.6580,8388607
3.6622,-8388608
3.6664,-8388608
3.6723,1352712
3.6745,8388607
3.6787,8388607
3.6830,-8388608
3.6867,-8388608
3.6868,666611
3.6908,8388607
3.6950,8388607
3.6992,-8388608
3.7031,-8388608
3.7071,-65922
3.7113,8388607
3.7153,8388607
3.7195,-8388608
3.7235,-8388608
3.7277,-851836
3.7317,8388607
3.7358,8388607
3.7399,-8388608
3.7442,-8388608
3.7483,-1510971
3.7526,8388607
3.7564,8388607
3.7607,-8388608
3.7651,-8388608
3.7686,-2162039
3.7727,8388607
3.7768,8388607
3.7811,-8388608
3.7850,-8388608
3.7891,-2781976
3.7931,8388607
3.7979,8388607
3.8016,-8388608
3.8055,-8388608
3.8096,-3340385
3.8137,8388607
3.8138,8388607
3.8178,-7942320
3.8219,-8388608
3.8260,-3938578
3.8304,8388607
3.8341,8388607
3.8383,-6927468
3.8423,-8388608
3.8469,-4485129
3.8505,8388607
3.8546,8388607
3.8587,-5839076
3.8633,-8388608
3.8669,-4948349
3.8710,8388607
3.8751,8388607
3.8792,-4838932
3.8833,-8388608
3.8874,-5325184
3.8915,8388607
3.8961,8388607
3.8997,-3677000
3.9038,-8388608
3.9079,-5665727
3.9120,8388607
3.9161,8388607
3.9202,-2625829
3.9244,-8388608
3.9284,-5972698
3.9325,8388607
3.9367,8388607
3.9406,-1560332
3.9407,-8388608
3.9448,-6293648
3.9490,8388607
3.9529,8388607
3.9570,-625729
3.9612,-8388608
3.9656,-6678914
3.9693,8174083
3.9734,8388607
3.9775,364956
3.9818,-8388608
3.9857,-6995772
3.9897,7691048
3.9940,8388607
3.9983,1519152
4.0021,-8388608
4.0062,-7270396
4.0103,7078036
4.0150,8388607
4.0185,2778774
4.0225,-8388608
4.0266,-7605231
4.0314,6334331
4.0349,8388607
4.0389,3950459
4.0430,-8388608
4.0473,-7953999
4.0512,5650491
4.0553,8388607
4.0595,5027640
4.0638,-8388608
4.0678,-8266350
4.0679,4893477
4.0718,8388607
4.0758,6431047
4.0803,-8388608
4.0840,-8388608
4.0880,4121953
4.0921,8388607
4.0965,7427539
4.1004,-8388608
4.1045,-8388608
4.1086,3407261
4.1128,8388607
4.1168,8388607
4.1208,-8388608
4.1249,-8388608
4.1294,2717652
4.1331,8388607
4.1372,8388607
4.1413,-8388608
4.1464,-8388608
4.1496,1959402
4.1536,8388607
4.1577,8388607
4.1618,-8388608
4.1659,-8388608
4.1700,1348509
4.1741,8388607
4.1783,8388607
4.1824,-8388608
4.1866,-8388608
4.1905,633388
4.1948,8388607
4.1987,8388607
4.1988,-8388608
4.2027,-8388608
4.2069,-37904
4.2110,8388607
4.2152,8388607
4.2191,-8388608
4.2232,-8388608
4.2274,-750308
4.2315,8388607
4.2355,8388607
4.2396,-8388608
4.2438,-8388608
4.2483,-1529464
4.2520,8388607
4.2561,8388607
4.2601,-8388608
4.2643,-8388608
4.2683,-2204267
4.2725,8388607
4.2765,8388607
4.2806,-8388608
4.2847,-8388608
4.2888,-2841071
4.2929,8388607
4.2971,8388607
4.3012,-8388608
4.3053,-8388608
4.3095,-3408783
4.3134,8388607
4.3177,8388607
4.3216,-7795240
4.3257,-8388608
4.3258,-3982580
4.3303,8388607
4.3338,8388607
4.3379,-6706848
4.3420,-8388608
4.3467,-4579090
4.3502,8388607
4.3543,8388607
4.3584,-5721412
4.3630,-8388608
4.3666,-5083047
4.3707,8388607
4.3748,8388607
4.3791,-4530064
4.3830,-8388608
4.3871,-5479623
4.3911,8388607
4.3961,8388607
4.3994,-3515212
4.4035,-8388608
4.4075,-5837889
4.4117,8388607
4.4158,8388607
4.4200,-2384020
4.4240,-8388608
4.4281,-6102389
4.4322,8388607
4.4362,8388607
4.4405,-1492910
4.4448,-8388608
4.4488,-6397248
4.4526,8388607
4.4527,8388607
4.4567,-702026
4.4609,-8388608
4.4650,-6700492
4.4690,8388607
4.4731,8388607
4.4772,268896
4.4814,-8388608
4.4854,-6996274
4.4895,7993744
4.4937,8388607
4.4977,1467511
4.5018,-8388608
4.5060,-7279418
4.5099,7427352
4.5146,8388607
4.5183,2571430
4.5225,-8388608
4.5263,-7583631
4.5306,6811536
4.5346,8388607
4.5387,3784566
4.5427,-8388608
4.5469,-7889924
4.5509,6113094
4.5551,8388607
4.5591,4915073
4.5635,-8388608
4.5678,-8242241
4.5719,5477215
4.5756,8388607
4.5798,5978823
4.5799,-8388608
4.5837,-8388608
4.5878,4815895
4.5919,8388607
4.5962,7163826
4.6001,-8388608
4.6041,-8388608
4.6082,4150334
4.6133,8388607
4.6165,8219390
4.6205,-8388608
4.6246,-8388608
4.6291,3407759
4.6330,8388607
4.6371,8388607
4.6410,-8388608
4.6451,-8388608
4.6492,2637234
4.6533,8388607
4.6575,8388607
4.6617,-8388608
4.6656,-8388608
4.6697,1959024
4.6738,8388607
4.6779,8388607
4.6821,-8388608
4.6861,-8388608
4.6903,1217990
4.6944,8388607
4.6987,8388607
4.7028,-8388608
4.7067,-8388608
4.7068,489025
4.7108,8388607
4.7147,8388607
4.7188,-8388608
4.7229,-8388608
4.7270,-277457
4.7311,8388607
4.7352,8388607
4.7393,-8388608
4.7436,-8388608
4.7475,-1023314
4.7516,8388607
4.7557,8388607
4.7599,-8388608
4.7639,-8388608
4.7680,-1829867
4.7721,8388607
4.7762,8388607
4.7803,-8388608
4.7844,-8388608
4.7885,-2447745
4.7926,8388607
4.7967,8388607
4.8008,-8388608
4.8049,-8388608
4.8090,-3071454
4.8137,8388607
4.8173,8388607
4.8214,-7986444
4.8254,-8388608
4.8296,-3717201
4.8338,8388607
4.8339,8388607
4.8377,-6912760
4.8417,-8388608
4.8463,-4392504
4.8499,8388607
4.8540,8388607
4.8581,-5839076
4.8624,-8388608
4.8663,-4940979
4.8704,8388607
4.8745,8388607
4.8795,-4721268
4.8827,-8388608
4.8868,-5342591
4.8909,8388607
4.8950,8388607
4.8991,-3485796
4.9032,-8388608
4.9073,-5732458
4.9114,8388607
4.9155,8388607
4.9195,-2489214
4.9237,-8388608
4.9278,-6017670
4.9319,8388607
4.9359,8388607
4.9401,-1577865
4.9446,-8388608
4.9486,-6366014
4.9526,8388607
4.9565,8388607
4.9605,-746488
4.9606,-8388608
4.9646,-6698088
4.9687,8388607
4.9728,8388607
4.9770,333204
4.9810,-8388608
4.9851,-6992219
4.9891,8199605
4.9933,8388607
4.9975,1471380
5.0015,-8388608
5.0056,-7265091
5.0097,7649595
5.0138,8388607
5.0179,2605162
5.0219,-8388608
5.0260,-7568100
5.0304,6963533
5.0343,8388607
5.0384,3846769
5.0425,-8388608
5.0466,-7934187
5.0506,6265481
5.0547,8388607
5.0588,5017580
5.0630,-8388608
5.0670,-8256148
5.0711,5549465
5.0752,8388607
5.0798,6168921
5.0836,-8388608
5.0876,-8388608
5.0877,4785833
5.0916,8388607
5.0957,7402053
5.0998,-8388608
5.1039,-8388608
5.1080,4056668
5.1125,8388607
5.1161,8388607
5.1203,-8388608
5.1244,-8388608
5.1291,3349749
5.1325,8388607
5.1366,8388607
5.1407,-8388608
5.1450,-8388608
5.1489,2612202
5.1530,8388607
5.1571,8388607
5.1613,-8388608
5.1653,-8388608
5.1694,1894259
5.1735,8388607
5.1776,8388607
5.1817,-8388608
5.1858,-8388608
5.1899,1232163
5.1940,8388607
5.1981,8388607
5.2023,-8388608
5.2064,-8388608
5.2107,517477
5.2147,8388607
5.2188,8388607
5.2189,-8388608
5.2226,-8388608
5.2267,-269269
5.2309,8388607
5.2349,8388607
5.2391,-8388608
5.2431,-8388608
5.2472,-970752
5.2513,8388607
5.2554,8388607
5.2596,-8388608
5.2637,-8388608
5.2677,-1739377
5.2718,8388607
5.2759,8388607
5.2802,-8388608
5.2841,-8388608
5.2882,-2368072
5.2922,8388607
5.2968,8388607
5.3005,-8388608
5.3046,-8388608
5.3087,-3013676
5.3130,8388607
5.3170,8388607
5.3211,-8015860
5.3251,-8388608
5.3294,-3662944
5.3332,8388607
5.3377,8388607
5.3415,-6912760
5.3455,-8388608
5.3460,-4272914
5.3496,8388607
5.3537,8388607
5.3578,-5794952
5.3619,-8388608
5.3661,-4783012
5.3702,8388607
5.3743,8388607
5.3793,-4765392
5.3826,-8388608
5.3866,-5222584
5.3907,8388607
5.3956,8388607
5.3989,-3647584
5.4030,-8388608
5.4071,-5592304
5.4111,8388607
5.4154,8388607
5.4192,-2602510
5.4233,-8388608
5.4275,-5884147
5.4315,8388607
5.4356,8388607
5.4397,-1595902
5.4439,-8388608
5.4479,-6186708
5.4520,8388607
5.4561,8388607
5.4607,-797263
5.4647,-8388608
5.4688,-6511130
5.4729,8388607
5.4730,8388607
5.4766,114632
5.4807,-8388608
5.4848,-6804214
5.4888,8337905
5.4930,8388607
5.4973,1354870
5.5013,-8388608
5.5054,-7119892
5.5093,7817362
5.5135,8388607
5.5175,2469295
5.5216,-8388608
5.5257,-7420549
5.5299,7161027
5.5339,8388607
5.5380,3606311
5.5421,-8388608
5.5462,-7770244
5.5503,6485132
5.5544,8388607
5.5585,4799758
5.5626,-8388608
5.5668,-8072460
5.5709,5785769
5.5750,8388607
5.5793,5954808
5.5831,-8388608
5.5873,-8388608
5.5914,5103681
5.5957,8388607
5.5995,7122301
5.5996,-8388608
5.6036,-8388608
5.6076,4318057
5.6124,8388607
5.6158,8255164
5.6199,-8388608
5.6240,-8388608
5.6289,3580505
5.6322,8388607
5.6363,8388607
5.6405,-8388608
5.6447,-8388608
5.6486,2875264
5.6527,8388607
5.6568,8388607
5.6609,-8388608
5.6650,-8388608
5.6691,2158279
5.6732,8388607
5.6773,8388607
5.6815,-8388608
5.6856,-8388608
5.6895,1495632
5.6938,8388607
5.6980,8388607
5.7019,-8388608
5.7059,-8388608
5.7102,735109
5.7142,8388607
5.7184,8388607
5.7225,-8388608
5.7265,-8388608
5.7266,-25627
5.7315,8388607
5.7346,8388607
5.7387,-8388608
5.7428,-8388608
5.7469,-810504
5.7510,8388607
5.7551,8388607
5.7594,-8388608
5.7634,-8388608
5.7674,-1523155
5.7715,8388607
5.7756,8388607
5.7799,-8388608
5.7840,-8388608
5.7880,-2273634
5.7920,8388607
5.7963,8388607
5.8002,-8388608
5.8043,-8388608
5.8083,-2939798
5.8127,8388607
5.8166,8388607
5.8206,-8030568
5.8248,-8388608
5.8289,-3539274
5.8329,8388607
5.8370,8388607
5.8414,-7030424
5.8458,-8388608
5.8495,-4140985
5.8537,8388607
5.8538,8388607
5.8575,-5942032
5.8620,-8388608
5.8657,-4651456
5.8698,8388607
5.8739,8388607
5.8782,-4941888
5.8821,-8388608
5.8861,-5096656
5.8902,8388607
5.8955,8388607
5.8985,-3897620
5.9026,-8388608
5.9067,-5370921
5.9108,8388607
5.9149,8388607
5.9189,-2710948
5.9230,-8388608
5.9272,-5693208
5.9312,8388607
5.9353,8388607
5.9395,-1726738
5.9436,-8388608
5.9476,-6019992
5.9517,8388607
5.9558,8388607
5.9605,-848416
5.9640,-8388608
5.9681,-6343501
5.9722,8388607
5.9765,8388607
5.9765,77545
5.9806,-8388608
5.9845,-6715233
5.9885,8388607
5.9928,8388607
5.9968,1197102
6.0009,-8388608
6.0049,-6994411
6.0090,7887064
6.0134,8388607
6.0172,2312402
6.0214,-8388608
6.0256,-7340729
6.0295,7305087
6.0336,8388607
6.0377,3540591
6.0418,-8388608
6.0460,-7679160
6.0500,6608010
6.0541,8388607
6.0582,4743102
6.0625,-8388608
6.0665,-8028586
6.0705,5887287
6.0747,8388607
6.0788,5845310
6.0828,-8388608
6.0868,-8324292
6.0909,5209791
6.0952,8388607
6.0992,7035159
6.1037,-8388608
6.1075,-8388608
6.1076,4476720
6.1116,8388607
6.1156,8146270
6.1196,-8388608
6.1239,-8388608
6.1291,3829730
6.1319,8388607
6.1360,8388607
6.1401,-8388608
6.1447,-8388608
6.1483,3127400
6.1525,8388607
6.1565,8388607
6.1607,-8388608
6.1648,-8388608
6.1689,2516083
6.1730,8388607
6.1771,8388607
6.1814,-8388608
6.1852,-8388608
6.1893,1989847
6.1934,8388607
6.1974,8388607
6.2016,-8388608
6.2058,-8388608
6.2098,1337362
6.2139,8388607
6.2180,8388607
6.2222,-8388608
6.2263,-8388608
6.2304,530320
6.2347,8388607
6.2388,8388607
6.2390,-8388608
6.2427,-8388608
6.2466,-345295
6.2507,8388607
6.2548,8388607
6.2589,-8388608
6.2630,-8388608
6.2671,-1081620
6.2711,8388607
6.2753,8388607
6.2797,-8388608
6.2836,-8388608
6.2876,-1766295
6.2916,8388607
6.2958,8388607
6.2999,-8388608
6.3039,-8388608
6.3081,-2403993
6.3122,8388607
6.3162,8388607
6.3203,-8339436
6.3245,-8388608
6.3286,-3090665
6.3326,8388607
6.3367,8388607
6.3408,-7295168
6.3456,-8388608
6.3491,-3660099
6.3531,8388607
6.3573,8388607
6.3615,-6250900
6.3654,-8388608
6.3655,-4219798
6.3695,8388607
6.3736,8388607
6.3790,-5221340
6.3818,-8388608
6.3859,-4658623
6.3899,8388607
6.3946,8388607
6.3982,-4221196
6.4023,-8388608
6.4063,-5007612
6.4105,8388607
6.4147,8388607
6.4186,-3103388
6.4227,-8388608
6.4269,-5350035
6.4309,8388607
6.4350,8388607
6.4391,-2067988
6.4433,-8388608
6.4473,-5657093
6.4515,8388607
6.4555,8388607
6.4596,-1265221
6.4637,-8388608
6.4678,-6008281
6.4719,8388607
6.4760,8388607
6.4804,-406639
6.4845,-8388608
6.4886,-6339031
6.4924,8388607
6.4926,8388607
6.4965,732970
6.5005,-8388608
6.5047,-6684158
6.5087,8289489
6.5129,8388607
6.5169,1946859
6.5210,-8388608
6.5251,-7066649
6.5295,7692175
6.5333,8388607
6.5374,3095390
6.5415,-8388608
6.5457,-7455496
6.5497,7046136
6.5538,8388607
6.5579,4265117
6.5621,-8388608
6.5661,-7825253
6.5702,6323928
6.5743,8388607
6.5792,5422597
6.5825,-8388608
6.5866,-8138400
6.5906,5642540
6.5953,8388607
6.5989,6550830
6.6033,-8388608
6.6072,-8388608
6.6112,4960315
6.6154,8388607
6.6194,7729901
6.6194,-8388608
6.6235,-8388608
6.6277,4268604
6.6316,8388607
6.6357,8388607
6.6398,-8388608
6.6440,-8388608
6.6480,3499285
6.6521,8388607
6.6562,8388607
6.6603,-8388608
6.6646,-8388608
6.6686,2897561
6.6726,8388607
6.6767,8388607
6.6809,-8388608
6.6850,-8388608
6.6890,2240414
6.6931,8388607
6.6971,8388607
6.7013,-8388608
6.7053,-8388608
6.7095,1522909
6.7135,8388607
6.7176,8388607
6.7217,-8388608
6.7259,-8388608
6.7299,784706
6.7340,8388607
6.7384,8388607
6.7423,-8388608
6.7465,-8388608
6.7466,-95995
6.7505,8388607
6.7546,8388607
6.7586,-8388608
6.7627,-8388608
6.7668,-792491
6.7709,8388607
6.7750,8388607
6.7793,-8388608
6.7832,-8388608
6.7873,-1471886
6.7913,8388607
6.7957,8388607
6.7996,-8388608
6.8037,-8388608
6.8077,-2168040
6.8119,8388607
6.8160,8388607
6.8201,-8388608
6.8241,-8388608
6.8286,-2754964
6.8324,8388607
6.8365,8388607
6.8405,-7677576
6.8452,-8388608
6.8487,-3356223
6.8528,8388607
6.8569,8388607
6.8618,-6721556
6.8652,-8388608
6.8693,-3852142
6.8736,8388607
6.8737,8388607
6.8778,-5765536
6.8817,-8388608
6.8856,-4338000
6.8897,8388607
6.8939,8388607
6.8985,-4780100
6.9020,-8388608
6.9061,-4739230
6.9103,8388607
6.9149,8388607
6.9183,-3662292
6.9224,-8388608
6.9265,-5093318
6.9308,8388607
6.9348,8388607
6.9389,-2567649
6.9431,-8388608
6.9473,-5416327
6.9511,8388607
6.9552,8388607
6.9593,-1655322
6.9642,-8388608
6.9675,-5792144
6.9716,8388607
6.9757,8388607
6.9798,-850943
6.9839,-8388608
6.9882,-6157223
6.9922,8388607
6.9963,8388607
7.0004,237058
7.0005,-8388608
7.0044,-6487989
7.0084,8388607
7.0127,8388607
7.0166,1375172
7.0208,-8388608
7.0248,-6882634
7.0289,8030567
7.0330,8388607
7.0371,2567267
7.0412,-8388608
7.0455,-7245753
7.0494,7309555
7.0535,8388607
7.0576,3860098
7.0619,-8388608
7.0658,-7595987
7.0699,6588977
7.0741,8388607
7.0782,5080701
7.0822,-8388608
7.0863,-7967943
7.0904,5750022
7.0951,8388607
7.0985,6302356
7.1027,-8388608
7.1067,-8241659
7.1109,5013338
7.1151,8388607
7.1191,7435195
7.1233,-8388608
7.1275,-8388608
7.1314,4209026
7.1315,8388607
7.1355,8388607
7.1395,-8388608
7.1441,-8388608
7.1479,3564105
7.1519,8388607
7.1560,8388607
7.1602,-8388608
7.1642,-8388608
7.1682,2844606
7.1723,8388607
7.1765,8388607
7.1805,-8388608
7.1846,-8388608
7.1887,2146747
7.1929,8388607
7.1969,8388607
7.2009,-8388608
7.2051,-8388608
7.2092,1484939
7.2133,8388607
7.2173,8388607
7.2215,-8388608
7.2255,-8388608
7.2296,660161
7.2338,8388607
7.2379,8388607
7.2419,-8388608
7.2462,-8388608
7.2502,-226966
7.2543,8388607
7.2583,8388607
7.2587,-8388608
7.2628,-8388608
7.2665,-953112
7.2706,8388607
7.2747,8388607
7.2795,-8388608
7.2829,-8388608
7.2870,-1623608
7.2910,8388607
7.2955,8388607
7.2993,-8388608
7.3034,-8388608
7.3075,-2280079
7.3119,8388607
7.3156,8388607
7.3197,-8388608
7.3238,-8388608
7.3283,-2886811
7.3321,8388607
7.3362,8388607
7.3402,-7765824
7.3451,-8388608
7.3486,-3412569
7.3526,8388607
7.3567,8388607
7.3611,-6809804
7.3648,-8388608
7.3689,-3977864
7.3731,8388607
7.3775,8388607
7.3815,-5750828
7.3856,-8388608
7.3857,-4432592
7.3894,8388607
7.3935,8388607
7.3977,-4677144
7.4017,-8388608
7.4058,-4818453
7.4100,8388607
7.4140,8388607
7.4181,-3691708
7.4222,-8388608
7.4264,-5178464
7.4306,8388607
7.4344,8388607
7.4385,-2549846
7.4428,-8388608
7.4469,-5478003
7.4509,8388607
7.4550,8388607
7.4591,-1536385
7.4631,-8388608
7.4672,-5834615
7.4714,8388607
7.4754,8388607
7.4795,-590831
7.4836,-8388608
7.4877,-6197001
7.4918,8388607
7.4959,8388607
7.5000,380983
7.5042,-8388608
7.5082,-6524679
7.5124,8145706
7.5124,8388607
7.5164,1453980
7.5205,-8388608
7.5245,-6838335
7.5286,7527626
7.5327,8388607
7.5368,2685232
7.5409,-8388608
7.5456,-7169624
7.5491,6872485
7.5532,8388607
7.5573,3877707
7.5616,-8388608
7.5655,-7495629
7.5696,6164465
7.5737,8388607
7.5778,5028400
7.5819,-8388608
7.5859,-7840953
7.5900,5455464
7.5943,8388607
7.5983,6207118
7.6024,-8388608
7.6065,-8169587
7.6107,4665003
7.6146,8388607
7.6187,7339291
7.6232,-8388608
7.6272,-8388608
7.6314,3962264
7.6354,8388607
7.6392,8388607
7.6393,-8388608
7.6439,-8388608
7.6475,3318391
7.6515,8388607
7.6555,8388607
7.6597,-8388608
7.6638,-8388608
7.6679,2624465
7.6720,8388607
7.6763,8388607
7.6802,-8388608
7.6842,-8388608
7.6883,1989081
7.6926,8388607
7.6966,8388607
7.7006,-8388608
7.7047,-8388608
7.7089,1307119
7.7129,8388607
7.7170,8388607
7.7211,-8388608
7.7253,-8388608
7.7296,613650
7.7335,8388607
7.7375,8388607
7.7416,-8388608
7.7457,-8388608
7.7499,-150046
7.7539,8388607
7.7581,8388607
7.7623,-8388608
7.7662,-8388608
7.7662,-873657
7.7702,8388607
7.7743,8388607
7.7785,-8388608
7.7825,-8388608
7.7866,-1614241
7.7908,8388607
7.7954,8388607
7.7990,-8388608
7.8031,-8388608
7.8071,-2272207
7.8112,8388607
7.8153,8388607
7.8195,-8388608
7.8235,-8388608
7.8279,-2877789
7.8317,8388607
7.8358,8388607
7.8399,-8368852
7.8448,-8388608
7.8481,-3433742
7.8522,8388607
7.8563,8388607
7.8606,-7324584
7.8645,-8388608
7.8686,-3983390
7.8727,8388607
7.8768,8388607
7.8812,-6368564
7.8852,-8388608
7.8894,-4453507
7.8933,8388607
7.8975,8388607
7.8976,-5324296
7.9014,-8388608
7.9054,-4893970
7.9096,8388607
7.9136,8388607
7.9177,-4250612
7.9218,-8388608
7.9260,-5309986
7.9300,8388607
7.9342,8388607
7.9383,-3147512
7.9424,-8388608
7.9465,-5614793
7.9505,8388607
7.9547,8388607
7.9588,-2039794
7.9632,-8388608
7.9672,-5924913
7.9711,8388607
7.9752,8388607
7.9792,-1177948
7.9832,-8388608
7.9873,-6183040
7.9914,8388607
7.9956,8388607
7.9996,-199240
8.0037,-8388608
8.0080,-6542105
8.0121,8277628
8.0162,8388607
8.0202,826966
8.0242,-8388608
8.0243,-6828146
8.0284,7741183
8.0325,8388607
8.0365,1802208
8.0406,-8388608
8.0447,-7152209
8.0488,7100754
8.0529,8388607
8.0570,2934687
8.0619,-8388608
8.0660,-7472618
8.0693,6501469
8.0734,8388607
8.0776,4306357
8.0815,-8388608
8.0856,-7789025
8.0898,5773462
8.0941,8388607
8.0980,5345289
8.1021,-8388608
8.1061,-8090343
8.1110,5069421
8.1143,8388607
8.1185,6546337
8.1225,-8388608
8.1266,-8333385
8.1307,4441952
8.1348,8388607
8.1389,7486657
8.1435,-8388608
8.1472,-8388608
8.1513,3721976
8.1513,8388607
8.1552,8388607
8.1596,-8388608
8.1635,-8388608
8.1676,3045226
8.1717,8388607
8.1759,8388607
8.1799,-8388608
8.1839,-8388608
8.1880,2379152
8.1922,8388607
8.1963,8388607
8.2004,-8388608
8.2044,-8388608
8.2086,1664130
8.2127,8388607
8.2169,8388607
8.2209,-8388608
8.2250,-8388608
8.2293,1004710
8.2331,8388607
8.2372,8388607
8.2414,-8388608
8.2458,-8388608
8.2495,273958
8.2536,8388607
8.2577,8388607
8.2619,-8388608
8.2662,-8388608
8.2702,-514699
8.2741,8388607
8.2782,8388607
8.2784,-8388608
8.2823,-8388608
8.2864,-1151068
8.2904,8388607
8.2947,8388607
8.2987,-8388608
8.3028,-8388608
8.3068,-1678887
8.3114,8388607
8.3150,8388607
8.3191,-8388608
8.3232,-8388608
8.3279,-2246039
8.3315,8388607
8.3356,8388607
8.3397,-8388608
8.3445,-8388608
8.3480,-2895944
8.3520,8388607
8.3561,8388607
8.3604,-8015860
8.3643,-8388608
8.3684,-3361583
8.3725,8388607
8.3769,8388607
8.3806,-7089256
8.3847,-8388608
8.3890,-3948241
8.3940,8388607
8.3971,8388607
8.4015,-6059696
8.4054,-8388608
8.4055,-4413520
8.4093,8388607
8.4136,8388607
8.4177,-5000720
8.4217,-8388608
8.4257,-4843546
8.4297,8388607
8.4338,8388607
8.4379,-3971160
8.4420,-8388608
8.4461,-5194410
8.4502,8388607
8.4543,8388607
8.4586,-2926892
8.4628,-8388608
8.4666,-5504349
8.4707,8388607
8.4748,8388607
8.4789,-1873607
8.4829,-8388608
8.4870,-5839538
8.4912,8388607
8.4953,8388607
8.4993,-981284
8.5034,-8388608
8.5077,-6219452
8.5116,8388607
8.5157,8388607
8.5200,-95073
8.5241,-8388608
8.5283,-6586745
8.5324,8366324
8.5325,8388607
8.5363,1050531
8.5403,-8388608
8.5450,-6853333
8.5485,7759083
8.5526,8388607
8.5567,2257632
8.5608,-8388608
8.5649,-7228167
8.5689,7092962
8.5731,8388607
8.5772,3470916
8.5812,-8388608
8.5853,-7605708
8.5894,6351486
8.5936,8388607
8.5977,4676755
8.6017,-8388608
8.6058,-7965877
8.6100,5654539
8.6141,8388607
8.6182,5757845
8.6223,-8388608
8.6264,-8236721
8.6305,4956349
8.6346,8388607
8.6387,6916075
8.6428,-8388608
8.6472,-8388608
8.6510,4288879
8.6554,8388607
8.6595,7973580
8.6595,-8388608
8.6633,-8388608
8.6674,3627134
8.6715,8388607
8.6754,8388607
8.6795,-8388608
8.6837,-8388608
8.6878,2894896
8.6918,8388607
8.6960,8388607
8.7002,-8388608
8.7042,-8388608
8.7083,2257605
8.7124,8388607
8.7165,8388607
8.7206,-8388608
8.7247,-8388608
8.7288,1605088
8.7329,8388607
8.7370,8388607
8.7411,-8388608
8.7453,-8388608
8.7493,832726
8.7533,8388607
8.7575,8388607
8.7616,-8388608
8.7657,-8388608
8.7697,125046
8.7739,8388607
8.7781,8388607
8.7822,-8388608
8.7862,-8388608
8.7863,-748592
8.7902,8388607
8.7943,8388607
8.7983,-8388608
8.8025,-8388608
8.8065,-1446445
8.8107,8388607
8.8148,8388607
8.8189,-8388608
8.8230,-8388608
8.8271,-2164374
8.8312,8388607
8.8353,8388607
8.8394,-8388608
8.8436,-8388608
8.8476,-2785451
8.8517,8388607
8.8558,8388607
8.8599,-8388608
8.8640,-8388608
8.8681,-3361614
8.8721,8388607
8.8762,8388607
8.8803,-7412832
8.8844,-8388608
8.8885,-3918564
8.8927,8388607
8.8967,8388607
8.9009,-6456812
8.9049,-8388608
8.9089,-4452734
8.9131,8388607
8.9132,8388607
8.9171,-5427252
8.9212,-8388608
8.9254,-4898184
8.9297,8388607
8.9335,8388607
8.9376,-4338860
8.9418,-8388608
8.9459,-5242953
8.9500,8388607
8.9542,8388607
8.9582,-3279884
8.9622,-8388608
8.9663,-5538907
8.9705,8388607
8.9745,8388607
8.9786,-2298859
8.9828,-8388608
8.9870,-5853440
8.9909,8388607
8.9950,8388607
8.9992,-1369778
9.0032,-8388608
9.0072,-6179097
9.0114,8388607
9.0155,8388607
9.0196,-515854
9.0239,-8388608
9.0279,-6515975
9.0318,8388607
9.0360,8388607
9.0400,465919
9.0401,-8388608
9.0441,-6819343
9.0482,8308490
9.0523,8388607
9.0565,1639664
9.0605,-8388608
9.0646,-7159409
9.0686,7791973
9.0727,8388607
9.0768,2700215
9.0810,-8388608
9.0852,-7475522
9.0891,7112499
9.0935,8388607
9.0975,3868757
9.1016,-8388608
9.1069,-7808386
9.1121,6413029
9.1142,8388607
9.1243,5032934
9.1255,-8388608
9.1270,-8115035
9.1320,5721635
9.1349,8388607
9.1390,6220131
9.1487,-8388608
9.1488,-8388608
9.1543,5008222
9.1550,8388607
9.1636,7352542
9.1637,-8388608
9.1680,-8388608
9.1843,4293207
9.1903,8388607
9.1978,8388607
9.1988,-8388608
9.1994,-8388608
9.2035,3608412
9.2054,8388607
9.2083,8388607
9.2097,-8388608
9.2098,-8388608
9.2137,2902729
9.2181,8388607
9.2185,8388607
9.2331,-8388608
9.2369,-8388608
9.2418,2224532
9.2421,8388607
9.2424,8388607
9.2447,-8388608
9.2678,-8388608
9.2737,1548649
9.2761,8388607
9.2811,8388607
9.2892,-8388608
9.2894,-8388608
9.2895,772434
9.2923,8388607
9.2926,8388607
9.2934,-8388608
9.2954,-8388608
9.3098,-80187
9.3206,8388607
9.3220,8388607
9.3245,-8388608
9.3255,-8388608
9.3262,-799130
9.3362,8388607
9.3374,8388607
9.3389,-8388608
9.3429,-8388608
9.3476,-1544637
9.3519,8388607
9.3551,8388607
9.3581,-8388608
9.3603,-8388608
9.3634,-2127846
9.3680,8388607
9.3730,8388607
9.3734,-8388608
9.3757,-8388608
9.3830,-2859867
9.3869,8388607
9.3901,8388607
9.3956,-8045276
9.3994,-8388608
9.4025,-3434309
9.4137,8388607
9.4141,8388607
9.4144,-6927468
9.4179,-8388608
9.4215,-4001521
9.4250,8388607
9.4303,8388607
9.4306,-5942032
9.4310,-8388608
9.4337,-4429519
9.4429,8388607
9.4494,8388607
9.4498,-4956596
9.4525,-8388608
9.4598,-4857355
9.4662,8388607
9.4765,8388607
9.4857,-3897620
9.4859,-8388608
9.4862,-5244094
9.4895,8388607
9.4896,8388607
9.4897,-2791092
9.4939,-8388608
9.4940,-5530840
9.4988,8388607
9.5092,8388607
9.5125,-1764783
9.5126,-8388608
9.5171,-5860752
9.5220,8388607
9.5260,8388607
9.5281,-1007898
9.5306,-8388608
9.5373,-6186465
9.5430,8388607
9.5488,8388607
9.5525,-78789
9.5590,-8388608
9.5633,-6569520
9.5668,8388607
9.5697,8388607
9.5769,1143712
9.5806,-8388608
9.5826,-6914398
9.5826,8092331
9.5853,8388607
9.5882,2193336
9.5914,-8388608
9.6006,-7250816
9.6041,7468672
9.6060,8388607
9.6107,3427668
9.6172,-8388608
9.6201,-7587766
9.6224,6894208
9.6249,8388607
9.6268,4400124
9.6321,-8388608
9.6354,-7896447
9.6387,6266056
9.6396,8388607
9.6436,5560498
9.6462,-8388608
9.6516,-8224649
9.6557,5575813
9.6613,8388607
9.6686,6656811
9.6734,-8388608
9.6810,-8388608
9.6854,4904099
9.6919,8388607
9.6966,7839097
9.7025,-8388608
9.7039,-8388608
9.7090,4268776
9.7124,8388607
9.7131,8388607
9.7208,-8388608
9.7223,-8388608
9.7224,3574687
9.7250,8388607
9.7269,8388607
9.7281,-8388608
9.7350,-8388608
9.7416,2866873
9.7455,8388607
9.7521,8388607
9.7583,-8388608
9.7606,-8388608
9.7665,2285326
9.7698,8388607
9.7724,8388607
9.7755,-8388608
9.7805,-8388608
9.7834,1519562
9.7876,8388607
9.7951,8388607
9.7997,-8388608
9.8048,-8388608
9.8111,765221
9.8150,8388607
9.8175,8388607
9.8225,-8388608
9.8310,-8388608
9.8358,91633
9.8407,8388607
9.8460,8388607
9.8505,-8388608
9.8539,-8388608
9.8603,-682474
9.8644,8388607
9.8705,8388607
9.8721,-8388608
9.8722,-8388608
9.8741,-1365641
9.8795,8388607
9.8843,8388607
9.8908,-8388608
9.8966,-8388608
9.9024,-2043861
9.9062,8388607
9.9135,8388607
9.9179,-8388608
9.9219,-8388608
9.9274,-2627000
9.9349,8388607
9.9398,8388607
9.9470,-7824656
9.9513,-8388608
9.9558,-3247885
9.9598,8388607
9.9688,8388607
9.9738,-6839220
9.9794,-8388608
9.9800,-3790873
9.9815,8388607
9.9816,8388607
9.9866,-5765536
9.9935,-8388608
9.9969,-4308821
10.0035,8388607
10.0101,8388607
10.0186,-4765392
10.0231,-8388608
10.0271,-4710120
10.0330,8388607
10.0366,8388607
10.0437,-3691708
10.0462,-8388608
10.0490,-5054591
10.0593,8388607
10.0594,8388607
10.0648,-2589283
10.0842,-8388608
10.1050,-5352375
10.1101,8388607
10.1131,8388607
10.1377,-1751326
10.1428,-8388608
10.1459,-5675129
10.1459,8388607
10.1485,8388607
10.1526,-993304
10.1601,-8388608
10.1658,-6055397
10.1724,8388607
10.1801,8388607
10.1848,-84273
10.1874,-8388608
10.1874,-6457742
10.1891,8388607
10.1909,8388607
10.1959,1093337
10.2008,-8388608
10.2104,-6775251
10.2104,8388607
10.2112,8388607
10.2138,2282432
10.2207,-8388608
10.2252,-7135353
10.2283,8001151
10.2299,8388607
10.2300,3309259
10.2356,-8388608
10.2391,-7518264
10.2401,7398123
10.2402,8388607
10.2464,4546528
10.2540,-8388608
10.2563,-7856496
10.2623,6728077
10.2668,8388607
10.2728,5645574
10.2793,-8388608
10.2857,-8169178
10.2908,6052128
10.2954,8388607
10.3023,6789720
10.3085,-8388608
10.3116,-8388608
10.3156,5353261
10.3205,8388607
10.3258,7967344
10.3300,-8388608
10.3423,-8388608
10.3443,4650028
10.3470,8388607
10.3552,8388607
10.3588,-8388608
10.3670,-8388608
10.3713,3910731
10.3758,8388607
10.3821,8388607
10.3859,-8388608
10.3914,-8388608
10.3987,3179817
10.4070,8388607
10.4103,8388607
10.4139,-8388608
10.4183,-8388608
10.4219,2443457
10.4220,8388607
10.4290,8388607
10.4385,-8388608
10.4449,-8388608
10.4531,1661436
10.4624,8388607
10.4691,8388607
10.4718,-8388608
10.4719,-8388608
10.4761,952375
10.4816,8388607
10.4841,8388607
10.4880,-8388608
10.4896,-8388608
10.4898,107657
10.4900,8388607
10.4902,8388607
10.4902,-8388608
10.4903,-8388608
10.4904,-741866
10.4905,8388607
10.4905,8388607
10.4906,-8388608
10.4907,-8388608
10.4908,-1508067
10.4909,8388607
10.4910,8388607
10.4910,-8388608
10.4911,-8388608
10.4912,-2126043
10.4913,8388607
10.4913,8388607
10.4914,-8388608
10.4915,-8388608
10.4916,-2754236
10.4917,8388607
10.4917,8388607
10.4918,-7442248
10.4919,-8388608
10.4920,-3364838
10.4920,8388607
10.4921,8388607
10.4922,-6427396
10.4923,-8388608
10.4924,-3919158
10.4924,8388607
10.4925,8388607
10.4926,-5412544
10.4927,-8388608
10.4928,-4360237
10.4928,8388607
10.4929,8388607
10.4930,-4382984
10.4931,-8388608
10.4932,-4753624
10.4932,8388607
10.4940,8388607
10.4981,-3338716
10.5022,-8388608
10.5063,-5050055
10.5104,8388607
10.5145,8388607
10.5186,-2175703
10.5227,-8388608
10.5268,-5366927
10.5309,8388607
10.5350,8388607
10.5391,-1428185
10.5432,-8388608
10.5473,-5735942
10.5514,8388607
10.5555,8388607
10.5599,-498396
10.5638,-8388608
10.5681,-6107167
10.5718,8388607
10.5719,8388607
10.5759,534873
10.5800,-8388608
10.5841,-6483517
10.5884,8388607
10.5924,8388607
10.5965,1659478
10.6006,-8388608
10.6047,-6837880
10.6087,8207063
10.6128,8388607
10.6169,2900696
10.6210,-8388608
10.6251,-7238497
10.6292,7574619
10.6333,8388607
10.6374,4098413
10.6415,-8388608
10.6456,-7602321
10.6496,6881080
10.6537,8388607
10.6578,5245347
10.6620,-8388608
10.6660,-7941681
10.6701,6142366
10.6742,8388607
10.6783,6468204
10.6826,-8388608
10.6867,-8245828
10.6908,5453720
10.6949,8388607
10.6990,7604035
10.6991,-8388608
10.7029,-8388608
10.7070,4782284
10.7112,8388607
10.7152,8388607
10.7193,-8388608
10.7235,-8388608
10.7275,4051430
10.7317,8388607
10.7358,8388607
10.7399,-8388608
10.7439,-8388608
10.7480,3375722
10.7523,8388607
10.7562,8388607
10.7604,-8388608
10.7646,-8388608
10.7685,2590240
10.7726,8388607
10.7768,8388607
10.7808,-8388608
10.7849,-8388608
10.7890,1834100
10.7931,8388607
10.7971,8388607
10.8013,-8388608
10.8053,-8388608
10.8095,1106859
10.8135,8388607
10.8177,8388607
10.8217,-8388608
10.8259,-8388608
10.8260,316642
10.8300,8388607
10.8341,8388607
10.8382,-8388608
10.8424,-8388608
10.8463,-503733
10.8505,8388607
10.8544,8388607
10.8586,-8388608
10.8628,-8388608
10.8669,-1240729
10.8709,8388607
10.8750,8388607
10.8791,-8388608
10.8832,-8388608
10.8874,-1919886
10.8914,8388607
10.8955,8388607
10.8997,-8388608
10.9036,-8388608
10.9077,-2492146
10.9118,8388607
10.9159,8388607
10.9200,-7898196
10.9241,-8388608
10.9282,-3065194
10.9325,8388607
10.9365,8388607
10.9407,-6853928
10.9448,-8388608
10.9490,-3629199
10.9531,8388607
10.9569,8388607
10.9571,-5956740
10.9610,-8388608
10.9651,-4127592
10.9692,8388607
10.9734,8388607
10.9774,-4883056
10.9815,-8388608
10.9856,-4547031
10.9897,8388607
10.9937,8388607
10.9981,-3750540
11.0022,-8388608
11.0061,-4905070
11.0144,8388607
11.0163,8388607
11.0185,-2622128
11.0224,-8388608
11.0268,-5217542
11.0308,8388607
11.0348,8388607
11.0396,-1698019
11.0441,-8388608
11.0470,-5565793
11.0574,8388607
11.0575,8388607
11.0612,-834376
11.0681,-8388608
11.0683,-5940406
11.0757,8388607
11.0824,8388607
11.0873,177439
11.0879,-8388608
11.0880,-6333923
11.0881,8388607
11.0927,8388607
11.1014,1247605
11.1056,-8388608
11.1056,-6674382
11.1130,8388607
11.1152,8388607
11.1182,2348588
11.1261,-8388608
11.1284,-7021508
11.1310,7751115
11.1361,8388607
11.1410,3529234
11.1455,-8388608
11.1491,-7398764
11.1518,7147499
11.1568,8388607
11.1615,4618106
11.1616,-8388608
11.1700,-7742187
11.1785,6439657
11.1789,8388607
11.1816,5879713
11.1895,-8388608
11.1954,-8079442
11.2020,5743965
11.2045,8388607
11.2070,6938090
11.2102,-8388608
11.2148,-8361203
11.2149,5063825
11.2164,8388607
11.2199,8124464
11.2272,-8388608
11.2305,-8388608
11.2341,4408039
11.2343,8388607
11.2380,8388607
11.2437,-8388608
11.2438,-8388608
11.2494,3694740
11.2588,8388607
11.2589,8388607
11.2674,-8388608
11.2675,-8388608
11.2694,2970382
11.2928,8388607
11.3018,8388607
11.3060,-8388608
11.3060,-8388608
11.3061,2233340
11.3065,8388607
11.3201,8388607
11.3218,-8388608
11.3220,-8388608
11.3262,1529842
11.3423,8388607
11.3472,8388607
11.3623,-8388608
11.3713,-8388608
11.3714,731539
11.3715,8388607
11.3732,8388607
11.3750,-8388608
11.3761,-8388608
11.3764,-54217
11.3767,8388607
11.3781,8388607
11.3788,-8388608
11.3791,-8388608
11.3830,-812259
11.3835,8388607
11.3838,8388607
11.3842,-8388608
11.3844,-8388608
11.3907,-1492546
11.3985,8388607
11.4016,8388607
11.4053,-8388608
11.4091,-8388608
11.4092,-2076402
11.4167,8388607
11.4207,8388607
11.4207,-8388608
11.4277,-8388608
11.4322,-2688104
11.4376,8388607
11.4376,8388607
11.4414,-7618744
11.4450,-8388608
11.4502,-3232775
11.4561,8388607
11.4592,8388607
11.4631,-6559768
11.4650,-8388608
11.4701,-3802725
11.4716,8388607
11.4786,8388607
11.4798,-5603748
11.4842,-8388608
11.4890,-4289947
11.4996,8388607
11.5027,8388607
11.5053,-4456524
11.5092,-8388608
11.5112,-4684316
11.5130,8388607
11.5188,8388607
11.5235,-3412256
11.5254,-8388608
11.5288,-4990371
11.5317,8388607
11.5388,8388607
11.5430,-2291089
11.5459,-8388608
11.5501,-5312375
11.5556,8388607
11.5605,8388607
11.5658,-1447226
11.5701,-8388608
11.5758,-5659576
11.5783,8388607
11.5819,8388607
11.5856,-547118
11.5897,-8388608
11.5925,-6047539
11.5987,8388607
11.6053,8388607
11.6101,415455
11.6126,-8388608
11.6149,-6375962
11.6168,8388607
11.6193,8388607
11.6212,1614968
11.6251,-8388608
11.6297,-6738806
11.6326,8207063
11.6351,8388607
11.6420,2719859
11.6454,-8388608
11.6492,-7076257
11.6519,7589327
11.6556,8388607
11.6642,3914682
11.6690,-8388608
11.6736,-7476637
11.6792,6932443
11.6793,8388607
11.6794,5024044
11.6859,-8388608
11.6906,-7790917
11.6957,6246362
11.6977,8388607
11.7029,6226419
11.7053,-8388608
11.7126,-8156537
11.7145,5555350
11.7177,8388607
11.7210,7339291
11.7231,-8388608
11.7283,-8388608
11.7302,4856099
11.7321,8388607
11.7381,8388607
11.7423,-8388608
11.7469,-8388608
11.7492,4134297
11.7544,8388607
11.7593,8388607
11.7687,-8388608
11.7696,-8388608
11.7710,3458872
11.7808,8388607
11.7867,8388607
11.7945,-8388608
11.7978,-8388608
11.8017,2746025
11.8050,8388607
11.8092,8388607
11.8135,-8388608
11.8165,-8388608
11.8202,2043565
11.8232,8388607
11.8279,8388607
11.8316,-8388608
11.8437,-8388608
11.8661,1258463
11.8703,8388607
11.8772,8388607
11.8968,-8388608
11.8974,-8388608
11.8980,371140
11.9106,8388607
11.9108,8388607
11.9400,-8388608
11.9468,-8388608
11.9487,-384432
11.9510,8388607
11.9514,8388607
11.9518,-8388608
11.9533,-8388608
11.9564,-1077583
11.9580,8388607
11.9606,8388607
11.9637,-8388608
11.9673,-8388608
11.9720,-1762640
11.9744,8388607
11.9766,8388607
11.9785,-8388608
11.9840,-8388608
11.9861,-2382952
11.9888,8388607
11.9906,8388607
11.9924,-8074692
11.9938,-8388608
11.9961,-2997696
11.9998,8388607
12.0030,8388607
12.0053,-7236336
12.0061,-8388608
12.0090,-3521901
12.0104,8388607
12.0107,8388607
12.0108,-6030280
12.0128,-8388608
12.0156,-4139736
12.0173,8388607
12.0190,8388607
12.0219,-4927180
12.0240,-8388608
12.0275,-4565302
12.0294,8388607
12.0325,8388607
12.0349,-3941744
12.0362,-8388608
12.0385,-4723524
12.0411,8388607
12.0419,8388607
12.0421,-2926892
12.0439,-8388608
12.0485,-5007800
12.0541,8388607
12.0597,8388607
12.0650,-1745473
12.0733,-8388608
12.0778,-5295003
12.0809,8388607
12.0843,8388607
12.0906,-813064
12.0934,-8388608
12.0968,-5630556
12.1004,8388607
12.1021,8388607
12.1053,177599
12.1084,-8388608
12.1123,-5922189
12.1147,8032502
12.1174,8388607
12.1206,1382732
12.1252,-8388608
12.1298,-6181561
12.1324,7220079
12.1353,8388607
12.1396,2506384
12.1436,-8388608
12.1474,-6381415
12.1530,6380322
12.1549,8388607
12.1605,3955701
12.1633,-8388608
12.1692,-6574162
12.1734,5308669
12.1735,8388607
12.1795,5034712
12.1847,-8388608
12.1894,-6883261
12.1920,4491203
12.1953,8388607
12.2013,6213740
12.2043,-8388608
12.2073,-7161848
12.2108,3849272
12.2165,8388607
12.2219,7234193
12.2259,-8388608
12.2308,-7405821
12.2343,3263547
12.2389,8388607
12.2416,8388607
12.2446,-8388608
12.2479,-7684907
12.2507,2687467
12.2535,8388607
12.2583,8388607
12.2626,-8388608
12.2672,-8019270
12.2724,2099265
12.2742,8388607
12.2782,8388607
12.2835,-8388608
12.2882,-8323212
12.2903,1487199
12.2940,8388607
12.2988,8388607
12.3021,-8388608
12.3105,-8388608
12.3114,872927
12.3160,8388607
12.3197,8388607
12.3250,-8388608
12.3304,-8388608
12.3339,265868
12.3356,8388607
12.3494,8388607
12.3558,-8388608
12.3590,-8388608
12.3608,-494392
12.3629,8388607
12.3662,8388607
12.3711,-8388608
12.3735,-8388608
12.3756,-1191046
12.3790,8388607
12.3831,8388607
12.3882,-8388608
12.3907,-8388608
12.3932,-1896882
12.3958,8388607
12.3994,8388607
12.4031,-8388608
12.4060,-8388608
12.4120,-2450055
12.4169,8388607
12.4206,8388607
12.4239,-8388608
12.4372,-8388608
12.4373,-3036396
12.4374,8388607
12.4384,8388607
12.4436,-8148232
12.4475,-8388608
12.4516,-3475947
12.4580,8388607
12.4611,8388607
12.4638,-7089256
12.4671,-8388608
12.4734,-3947923
12.4767,8388607
12.4820,8388607
12.4850,-6089112
12.4897,-8388608
12.4967,-4432903
12.5020,8388607
12.5047,8388607
12.5052,-5030136
12.5082,-8388608
12.5096,-4744123
12.5124,8388607
12.5152,8388607
12.5229,-4044700
12.5276,-8388608
12.5308,-5047231
12.5348,8388607
12.5374,8388607
12.5394,-2783391
12.5442,-8388608
12.5498,-5281115
12.5523,8388607
12.5568,8388607
12.5637,-1910806
12.5670,-8388608
12.5715,-5500880
12.5753,8388607
12.5761,8388607
12.5806,-1134339
12.5846,-8388608
12.5932,-5761349
12.5938,8181940
12.6004,8388607
12.6044,-348579
12.6094,-8388608
12.6155,-5933666
12.6184,7840499
12.6219,8388607
12.6253,655661
12.6296,-8388608
12.6323,-6172847
12.6349,7288545
12.6379,8388607
12.6386,1713039
12.6433,-8388608
12.6472,-6411544
12.6521,6617063
12.6562,8388607
12.6608,2895226
12.6663,-8388608
12.6694,-6697217
12.6712,5950338
12.6775,8388607
12.6802,3951125
12.6840,-8388608
12.6917,-6972843
12.6952,5234366
12.7008,8388607
12.7031,5126898
12.7044,-8388608
12.7084,-7274475
12.7138,4605291
12.7149,8388607
12.7223,6246195
12.7237,-8388608
12.7299,-7544733
12.7341,3909627
12.7349,8388607
12.7390,7286173
12.7426,-8388608
12.7458,-7836324
12.7527,3372075
12.7537,8388607
12.7561,8312010
12.7675,-8388608
12.7755,-8122980
12.7834,2753937
12.7853,8388607
12.7856,8388607
12.7899,-8388608
12.7927,-8388608
12.7961,2160027
12.7987,8388607
12.8030,8388607
12.8055,-8388608
12.8077,-8388608
12.8108,1548737
12.8177,8388607
12.8203,8388607
12.8257,-8388608
12.8344,-8388608
12.8369,921144
12.8370,8388607
12.8381,8388607
12.8441,-8388608
12.8500,-8388608
12.8516,182533
12.8576,8388607
12.8632,8388607
12.8689,-8388608
12.8778,-8388608
12.8799,-636143
12.8844,8388607
12.8869,8388607
12.8870,-8388608
12.8871,-8388608
12.8872,-1304073
12.8922,8388607
12.8971,8388607
12.9009,-8388608
12.9055,-8388608
12.9104,-1991852
12.9129,8388607
12.9180,8388607
12.9206,-8388608
12.9241,-8388608
12.9307,-2672483
12.9367,8388607
12.9367,8388607
12.9416,-8388608
12.9450,-8388608
12.9537,-3164007
12.9596,8388607
12.9640,8388607
12.9696,-7898196
12.9745,-8388608
12.9779,-3712295
12.9800,8388607
12.9881,8388607
12.9913,-6956884
12.9949,-8388608
12.9950,-4135003
12.9951,8388607
12.9967,8388607
13.0010,-5942032
13.0035,-8388608
13.0092,-4547092
13.0128,8388607
13.0168,8388607
13.0202,-4941888
13.0242,-8388608
13.0283,-4904064
13.0344,8388607
13.0456,8388607
13.0654,-3853496
13.0684,-8388608
13.0789,-5200678
13.0792,8388607
13.0852,8388607
13.1135,-2760805
13.1206,-8388608
13.1334,-5444441
13.1523,8388607
13.1645,8388607
13.1661,-1812128
13.1708,-8388608
13.1711,-5692709
13.1715,8199141
13.1718,8388607
13.1720,-992202
13.1723,-8388608
13.1781,-5930451
13.1846,7786378
13.1909,8388607
13.2073,-98842
13.2119,-8388608
13.2289,-6190971
13.2374,7165203
13.2515,8388607
13.2653,955099
13.2822,-8388608
13.2910,-6415090
13.2917,6517643
13.2920,8388607
13.2951,2133059
13.3070,-8388608
13.3233,-6654957
13.3365,5705111
13.3665,8388607
13.3700,3344961
13.3859,-8388608
13.3902,-6854350
13.4038,4857950
13.4300,8388607
13.4430,4432847
13.4639,-8388608
13.4714,-7062055
13.4800,4087961
13.4844,8388607
13.4871,5645095
13.4931,-8388608
13.5007,-7248336
13.5008,3368880
13.5203,8388607
13.5415,6828971
13.5537,-8388608
13.5798,-7420386
13.5811,2786662
13.5858,8388607
13.6009,7811643
13.6156,-8388608
13.6163,-7665621
13.6198,2320768
13.6200,8388607
13.6478,8388607
13.6650,-8388608
13.6684,-8003309
13.6698,1885252
13.6811,8388607
13.6891,8388607
13.7249,-8388608
13.7337,-8388608
13.7493,1495467
13.7587,8388607
13.7975,8388607
13.8321,-8388608
13.8657,-8388608
13.8832,1150145
13.8951,8388607
13.9005,8388607
13.9301,-8388608
13.9376,-8388608
13.9418,848654
13.9423,8388607
13.9484,8388607
13.9516,-8388608
13.9551,-8388608
13.9784,987827
13.9785,8388607
13.9866,8388607
13.9992,-8388608
14.0130,-8388608
14.0238,439198
14.0412,8388607
14.0618,8388607
14.1149,-8388608
14.1594,-8388608
14.1881,-220323
14.2139,8388607
14.2337,8388607
14.2436,-8388608
14.2531,-8388608
14.2673,-1023294
14.3073,8388607
14.3074,8388607
14.3325,-8388608
14.3528,-8388608
14.3787,-2475817
14.4216,8388607
14.4503,8388607
14.4531,-8388608
14.4698,-8388608
14.4876,-3036430
14.5031,8388607
14.5033,8388607
14.5363,-8388608
14.5597,-8388608
14.5695,-3787133
14.5727,8388607
14.5777,8388607
14.5812,-7589328
14.5847,-8388608
14.5876,-4564708
14.5895,8388607
14.5915,8388607
14.5924,-6603892
14.5926,-8388608
14.5948,-5462251
14.5980,8388607
14.6030,8388607
14.6252,-5353712
14.6255,-8388608
14.6360,-5833335
14.6383,8388607
14.6405,8388607
14.6408,-4280028
14.6411,-8388608
14.6413,-6660959
14.6415,8388607
14.6416,8388607
14.6417,-3015140
14.6421,-8388608
14.6423,-6961590
14.6425,8388607
14.6427,8388607
14.6430,-1679462
14.6440,-8388608
14.6444,-7547488
14.6446,8388607
14.6448,8388607
14.6452,-1198690
14.6454,-8388608
14.6459,-7730972
14.6476,8388607
14.6478,8388607
14.6479,-353575
14.6484,-8388608
14.6488,-7011050
14.6513,7778393
14.6519,8388607
14.6522,4668589
14.6523,348414
14.6559,-4832440
14.6623,-3057560
14.6675,263296
14.6746,7431899
14.6749,8388607
14.6768,-1361383
14.6775,-7135764
14.6789,-8388608
14.6793,8388607
14.6798,8388607
14.6804,-6366772
14.6816,-1495745
14.6822,6008171
14.6899,7078024
14.6923,-5175427
14.6950,-6205344
14.6991,2579495
14.7059,8388607
14.7086,3258724
14.7090,-7308999
14.7093,-2775282
14.7097,3196040
14.7112,8046373
14.7151,3331233
14.7169,-6832115
14.7177,-7510933
14.7206,1677590
14.7245,-8388608
14.7357,-6497800
14.7358,8388607
14.7480,-1476427
14.7714,-6658851
14.7715,-8388608
14.7719,3112563
14.7722,3219695
14.7725,-2892283
14.7727,400858
14.7730,6618437
14.7731,3581809
14.7732,-8388608
14.7754,-4668143
14.7757,2770606
14.7760,6134392
14.7762,5026205
14.7765,-5409021
14.7767,-2383109
14.7774,1756644
14.7777,5676715
14.7779,6541426
14.7782,-3854183
14.7785,-2621702
14.7787,2425377
14.7789,7378667
14.7791,6593220
14.7793,-3905866
14.7795,-1527522
14.7796,632894
14.7798,5057125
14.7799,6525744
14.7800,-4496446
14.7804,-4267465
14.7807,-269641
14.7810,5355026
14.7816,8388607
14.7819,-5592775
14.7847,-8388608
14.7850,-4869961
14.7852,1600743
14.7854,6462116
14.7863,-866634
14.7866,-2990429
14.7867,84287
14.7869,-8388608
14.7872,-8388608
14.7874,8388607
14.7877,8388607
14.7878,4500705
14.7880,-8388608
14.7883,-8388608
14.7886,8388607
14.7890,8388607
14.7892,2949781
14.7895,-8388608
14.7903,-8388608
14.7904,8388607
14.7908,8388607
14.7911,2970578
14.7916,-8388608
14.7917,-8388608
14.7918,6015571
14.7925,8388607
14.7926,2162795
14.7930,-4900917
14.7931,5321618
14.7932,5696752
14.7941,-5606980
14.7944,-6417213
14.7945,1223370
14.7951,8388607
14.7954,2259648
14.7955,-8388608
14.7959,-5694803
14.7960,1725852
14.7962,8388607
14.7963,1293479
14.7967,-5869943
14.7972,-4265672
14.7973,1817595
14.7975,7190096
14.7979,3057175
14.7980,-3526567
14.7983,-3532962
14.7989,1728774
14.8019,5405981
14.8021,6197187
14.8024,-683031
14.8032,-4051380
14.8034,-556822
14.8035,2806146
14.8038,5777882
14.8040,1203960
14.8042,-3640865
14.8046,-544309
14.8048,1928105
14.8048,880703
14.8049,2293048
14.8052,641124
14.8054,5522244
14.8057,8003318
14.8058,-3767243
14.8061,-8388608
14.8072,-1206943
14.8073,8388607
14.8079,8388607
14.8081,-3119818
14.8084,-8388608
14.8086,-3255597
14.8095,8388607
14.8100,8388607
14.8102,4382983
14.8103,-8388608
14.8105,-8388608
14.8106,7809947
14.8112,8388607
14.8114,4132947
14.8117,-8388608
14.8118,-8388608
14.8124,6515643
14.8125,8388607
14.8130,7015715
14.8133,-8388608
14.8137,-8388608
14.8138,4446575
14.8138,8388607
14.8178,7957027
14.8180,-8388608
14.8180,-8388608
14.8274,3888455
14.8362,8388607
14.8368,8388607
14.8377,-8388608
14.8382,-8388608
14.8387,3350670
14.8392,8388607
14.8399,8388607
14.8404,-8388608
14.8408,-8388608
14.8412,3539004
14.8416,8388607
14.8420,8388607
14.8425,-8388608
14.8430,-8388608
14.8435,-1805415
14.8440,8388607
14.8444,8388607
14.8450,-8388608
14.8461,-8388608
14.8464,-1641046
14.8466,8388607
14.8468,8388607
14.8470,-8388608
14.8473,-8388608
14.8475,-1182295
14.8478,8388607
14.8484,8388607
14.8492,-8388608
14.8518,-8388608
14.8522,-1880590
14.8531,8388607
14.8534,8388607
14.8537,-8388608
14.8540,-8388608
14.8546,-2057797
14.8548,8388607
14.8550,8388607
14.8553,-8388608
14.8557,-8388608
14.8559,-3301454
14.8563,4436611
14.8564,3904002
14.8566,8388607
14.8568,564322
14.8571,-3346027
14.8573,-8388608
14.8573,-4623519
14.8576,8388607
14.8577,8388607
14.8578,-613069
14.8581,-8388608
14.8582,-8388608
14.8591,8388607
14.8595,8388607
14.8596,2100771
14.8598,-8388608
14.8599,-8388608
14.8601,8388607
14.8604,8388607
14.8606,5442534
14.8610,-8388608
14.8611,-8388608
14.8615,8388607
14.8616,8388607
14.8620,4250206
14.8622,-8388608
14.8626,-8388608
14.8629,8324727
14.8630,8388607
14.8633,3034166
14.8634,-8388608
14.8636,-8388608
14.8639,6133235
14.8641,8388607
14.8643,7360122
14.8646,-8388608
14.8648,-8388608
14.8650,3147511
14.8652,8388607
14.8661,8388607
14.8684,-3029848
14.8688,-8388608
14.8690,710031
14.8699,8388607
14.8702,8388607
14.8722,-8388608
14.8737,-8388608
14.8776,-279453
14.8790,8388607
14.8863,8388607
14.8891,-8388608
14.8897,-8388608
14.8906,-132373
14.8910,8388607
14.8922,8388607
14.8943,-8388608
14.8972,-8388608
14.8973,-397117
14.9008,8388607
14.9045,8388607
14.9084,-8388608
14.9139,-8388608
14.9176,-1000145
14.9199,8388607
14.9220,8388607
14.9250,-3956452
14.9298,-8388608
14.9310,1348185
14.9364,8388607
14.9407,8388607
14.9438,-8388608
14.9444,-8388608
14.9477,-1787838
14.9495,8388607
14.9521,8388607
14.9563,-6793764
14.9602,-8388608
14.9635,-4235905
14.9686,8388607
14.9715,8388607
14.9738,-7368708
14.9786,-8388608
14.9814,-6265609
14.9855,8388607
14.9856,8388607
14.9857,-6540254
14.9941,-8388608
14.9954,-6427397
14.9960,8388607
14.9974,8388607
14.9975,-5725566
15.0011,-8388608
15.0079,-7589329
15.0125,8388607
15.0184,8388607
15.0237,-4716299
15.0292,-8388608
15.0561,-8388608
15.0563,8388607
15.0566,8388607
15.0621,-3139342
15.0622,-8388608
15.0627,-8388608
15.0632,8388607
15.0633,8388607
15.0634,2416892
15.0654,-8388608
15.0663,-8388608
15.0695,8388607
15.0700,8388607
15.0702,1370267
15.0705,-8388608
15.0707,-8388608
15.0709,8388607
15.0714,8388607
15.0715,2487652
15.0719,-8388608
15.0720,-8388608
15.0740,8388607
15.0742,8388607
15.0744,3221051
15.0747,-8388608
15.0750,-8388608
15.0753,8388607
15.0754,8388607
15.0755,6060104
15.0759,-8388608
15.0761,-8388608
15.0764,8388607
15.0767,8388607
15.0769,7474325
15.0772,-8388608
15.0774,-8388608
15.0777,8388607
15.0778,8388607
15.0782,6932688
15.0785,-8388608
15.0786,-8388608
15.0786,8388607
15.0799,8388607
15.0800,8185569
15.0801,-8388608
15.0810,-8388608
15.0813,7353999
15.0818,8388607
15.0820,8388607
15.0823,-8388608
15.0859,-8388608
15.0861,4618311
15.0864,8388607
15.0866,8388607
15.0868,-8388608
15.0869,-8388608
15.0873,4500647
15.0875,8388607
15.0879,8388607
15.0880,-8388608
15.0881,-8388608
15.0883,2882767
15.0886,8388607
15.0887,8388607
15.0900,-8388608
15.0946,-8388608
15.0980,2809227
15.1032,8388607
15.1071,8388607
15.1109,-8388608
15.1145,-8388608
15.1205,1970871
15.1234,8388607
15.1267,8388607
15.1309,4927179
15.1361,-8388608
15.1393,-5956741
15.1434,8388607
15.1473,8388607
15.1514,-8388608
15.1555,-8388608
15.1594,79147
15.1634,8388607
15.1637,8388607
15.1693,-8388608
15.1718,-8388608
15.1760,3474848
15.1799,8388607
15.1851,8388607
15.1879,2868059
15.1931,-8388608
15.1966,-1750253
15.2010,8388607
15.2174,8388607
15.2176,-8388608
15.2181,-8388608
15.2184,-2765105
15.2213,8388607
15.2251,8388607
15.2292,-8388608
15.2345,-8388608
15.2383,-3691709
15.2414,8388607
15.2464,8388607
15.2508,-8388608
15.2545,-8388608
15.2576,-4691853
15.2622,8388607
15.2662,8388607
15.2702,-8388608
15.2812,-8388608
15.2860,-5544917
15.2863,8388607
15.2866,8388607
15.2905,-8236480
15.2945,-8388608
15.2949,-6603893
15.2995,8388607
15.3045,8388607
15.3084,-7251044
15.3127,-8388608
15.3155,-7677577
15.3194,8388607
15.3234,8388607
15.3363,-6206776
15.3366,-8388608
15.3370,-8388608
15.3398,8388607
15.3439,8388607
15.3583,-5044844
15.3686,-8388608
15.3695,-8388608
15.3699,8388607
15.3700,8388607
15.3700,-4015284
15.3724,-8388608
15.3766,-8388608
15.3805,8388607
15.3862,8388607
15.3898,-2691564
15.3930,-8388608
15.3971,-8388608
15.4090,8388607
15.4093,8388607
15.4098,-1603172
15.4138,-8388608
15.4190,-8388608
15.4214,8388607
15.4218,8388607
15.4277,-395099
15.4298,-8388608
15.4359,-8388608
15.4381,8388607
15.4431,8388607
15.4484,88247
15.4541,-8388608
15.4547,-8388608
15.4588,8388607
15.4663,8388607
15.4690,867771
15.4711,-8388608
15.4753,-8388608
15.4788,8388607
15.4861,8388607
15.4875,2162075
15.4914,-8388608
15.5027,-8388608
15.5117,8388607
15.5205,8388607
15.5220,3500503
15.5323,-8388608
15.5374,-8388608
15.5437,8388607
15.5488,8388607
15.5527,4633019
15.5533,-8388608
15.5539,-8388608
15.5551,8368851
15.5558,8388607
15.5566,5809659
15.5571,-8388608
15.5578,-8388608
15.5583,7148087
15.5607,8388607
15.5651,7001007
15.5694,-8388608
15.5734,-8388608
15.5774,5956739
15.5815,8388607
15.5877,8148231
15.5899,-8388608
15.5939,-8388608
15.5982,4897763
15.6019,8388607
0.0035,8388607
0.0074,-8388608
0.0121,-8388608
0.0159,3662291
0.0206,8388607
0.0237,8388607
0.0278,-8388608
0.0319,-8388608
0.0359,2603315
0.0400,8388607
0.0441,8388607
0.0482,-8388608
0.0523,-8388608
0.0564,1264887
0.0605,8388607
0.0648,8388607
0.0690,-8388608
0.0731,-8388608
0.0731,247872
0.0769,8388607
0.0810,8388607
0.0851,-8388608
0.0892,-8388608
0.0933,-205913
0.0975,8388607
0.1015,8388607
0.1056,-8388608
0.1098,-8388608
0.1138,-1191349
0.1179,8388607
0.1221,8388607
0.1262,-8388608
0.1302,-8388608
0.1343,-2220909
0.1386,8388607
0.1425,8388607
0.1466,-8388608
0.1507,-8388608
0.1548,-3618169
0.1589,8388607
0.1630,8388607
0.1671,2748684
0.1712,2988468
0.1753,-8388608
0.1794,-8388608
0.1834,8388607
0.1876,8388607
0.1920,8388607
0.1961,-8388608
0.1998,-8388608
0.1999,8388607
0.2039,8388607
0.2079,-3839084
0.2121,-8388608
0.2162,-5707965
0.2202,8388607
0.2243,8388607
0.2284,-6751193
0.2326,-8388608
0.2366,2432025
0.2407,8388607
0.2448,8388607
0.2489,-8388608
0.2530,-8388608
0.2571,1816893
0.2612,8388607
0.2653,8388607
0.2694,-8089400
0.2735,-8388608
0.2776,-3198240
0.2817,8388607
0.2858,8388607
0.2899,-4175536
0.2940,-8388608
0.2981,-3941745
0.3021,8388607
0.3064,8388607
0.3104,-1435936
0.3145,-8388608
0.3188,-5204730
0.3229,8388607
0.3270,8388607
0.3271,4265750
0.3308,-8388608
0.3349,-4518480
0.3390,8388607
0.3431,8388607
0.3473,-466618
0.3514,-8388608
0.3554,-4221197
0.3595,8388607
0.3636,8388607
0.3677,-649475
0.3719,-8388608
0.3759,-4927181
0.3800,8388607
0.3841,8388607
0.3882,-4530064
0.3923,-8388608
0.3964,2036871
0.4006,8388607
0.4046,8388607
0.4088,-4277580
0.4129,-8388608
0.4169,-1157532
0.4209,8388607
0.4250,8388607
0.4292,-5040490
0.4333,-8388608
0.4374,-754358
0.4414,8388607
0.4456,8388607
0.4496,-3046297
0.4539,-8388608
0.4578,-5021185
0.4578,8388607
0.4619,4549290
0.4660,8388607
0.4701,3941743
0.4743,-8388608
0.4784,8388607
0.4825,8388607
0.4865,6103819
0.4907,-8388608
0.4947,-8388608
0.4988,8388607
0.5030,8388607
0.5070,7809947
0.5111,-8388608
0.5152,-8388608
0.5193,8388607
0.5233,8388607
0.5275,8388607
0.5315,7412831
0.5357,-8388608
0.5397,-8388608
0.5439,-2195854
0.5479,8388607
0.5520,8388607
0.5561,-1338428
0.5602,-8388608
0.5643,-8388608
0.5684,8388607
0.5725,8388607
0.5767,-133680
0.5809,-8388608
0.5848,-8388608
0.5849,8388607
0.5889,8388607
0.5930,264743
0.5972,-8388608
0.6013,-6320661
0.6053,8388607
0.6095,8388607
0.6135,-7342444
0.6177,-8388608
0.6217,5026103
0.6258,8388607
0.6299,8388607
0.6340,-4796060
0.6381,-8388608
0.6422,783984
0.6462,8388607
0.6503,8388607
0.6544,-7742050
0.6585,-8388608
0.6626,-839447
0.6667,8388607
0.6708,8388607
0.6749,-7189187
0.6790,-8388608
0.6831,-6938979
0.6872,8388607
0.6913,8388607
0.6957,-7464993
0.6996,-8388608
0.7038,1374167
0.7080,3928304
0.7120,-8388608
0.7121,-8388608
0.7159,8388607
0.7200,8388607
0.7241,5449485
0.7282,5200310
0.7324,-8388608
0.7364,7118925
0.7405,8388607
0.7446,7819032
0.7487,-7821382
0.7528,-8388608
0.7568,8388607
0.7610,8388607
0.7651,8202864
0.7692,-8388608
0.7733,-8388608
0.7775,8388607
0.7815,8388607
0.7856,7772586
0.7897,-8388608
0.7938,-8388608
0.7977,8388607
0.8020,8388607
0.8060,4959530
0.8102,-8388608
0.8142,-8388608
0.8183,8388607
0.8224,8388607
0.8266,5730513
0.8306,-8388608
0.8349,-8388608
0.8389,8388607
0.8390,8388607
0.8429,7029993
0.8470,-8388608
0.8511,-8388608
0.8552,8388607
0.8593,8388607
0.8634,8388607
0.8675,-8388608
0.8717,-8388608
0.8757,8388607
0.8798,8388607
0.8839,6119626
0.8880,-8388608
0.8921,-7905644
0.8962,8388607
0.9002,5676309
0.9044,3545728
0.9084,1833215
0.9125,-297655
0.9167,-6806110
0.9207,-4603351
0.9248,4297406
0.9289,8388607
0.9330,5275793
0.9371,-8388608
0.9412,-8388608
0.9454,5386451
0.9493,8388607
0.9535,6114226
0.9578,-8388608
0.9618,-8388608
0.9657,5576097
0.9658,8388607
0.9698,6452992
0.9739,-8388608
0.9780,-7517877
0.9821,6172133
0.9862,8388607
0.9904,4437502
0.9945,-8388608
0.9986,-6235593
1.0026,6636376
1.0067,8388607
1.0108,1920817
1.0150,-8388608
1.0191,-5182417
1.0231,6944246
1.0272,8388607
1.0313,2519554
1.0354,-8388608
1.0395,-5705791
1.0436,6085034
1.0479,8388607
1.0518,4232207
1.0559,-6975719
1.0599,2893977
1.0640,8388607
1.0681,-3858961
1.0722,-8388608
1.0765,-1426677
1.0804,8388607
1.0846,8388607
1.0888,-4165083
1.0930,-8388608
1.0931,-2529777
1.0968,8388607
1.1011,8388607
1.1051,-3511604
1.1091,-8388608
1.1132,-3162221
1.1173,8388607
1.1213,8388607
1.1255,-2651471
1.1295,-8388608
1.1337,-5839077
1.1377,8388607
1.1419,8388607
1.1459,-491130
1.1500,-8388608
1.1541,-5294881
1.1582,8388607
1.1623,8388607
1.1664,-2492895
1.1705,-8388608
1.1746,-5603749
1.1787,8388607
1.1828,8388607
1.1869,-1912305
1.1910,-8388608
1.1951,-6589185
1.1991,8388607
1.2032,8388607
1.2074,-1333637
1.2116,-8388608
1.2156,-7780533
1.2197,8388607
1.2198,8388607
1.2238,922264
1.2280,-8388608
1.2321,-8388608
1.2361,8388607
1.2402,8388607
1.2443,3557887
1.2484,-8388608
1.2525,-8388608
1.2566,8388607
1.2607,8388607
1.2648,3305223
1.2688,-8388608
1.2730,-8388608
1.2771,8388607
1.2812,8388607
1.2853,8388607
1.2894,-8388608
1.2935,-8388608
1.2976,8388607
1.3016,8388607
1.3057,8388607
1.3099,-8388608
1.3139,-8388608
1.3179,8388607
1.3220,8388607
1.3263,8388607
1.3304,-8388608
1.3346,-8388608
1.3385,5059245
1.3427,8388607
1.3468,8388607
1.3509,-2521577
1.3510,-8388608
1.3548,-3286665
1.3590,8388607
1.3630,8388607
1.3672,-260820
1.3713,-8388608
1.3754,-3216078
1.3795,8388607
1.3836,8388607
1.3877,1299210
1.3918,-8388608
1.3959,-4670950
1.4001,8388607
1.4040,8388607
1.4081,3828557
1.4122,-8388608
1.4164,-7311137
1.4204,8388607
1.4245,8388607
1.4286,5492723
1.4327,-8388608
1.4368,-8085503
1.4409,8388607
1.4450,8388607
1.4491,6443541
1.4532,-8388608
1.4573,-8388608
1.4614,8388607
1.4654,8388607
1.4698,7621798
1.4739,-8388608
1.4779,-8388608
1.4779,8388607
1.4819,8388607
1.4860,8388607
1.4901,-8388608
1.4942,-8388608
1.4982,7715875
1.5023,8388607
1.5064,8388607
1.5106,-6442104
1.5146,-8388608
1.5187,4580831
1.5229,8388607
1.5269,8388607
1.5311,-7971736
1.5351,-8388608
1.5392,8388607
1.5433,8388607
1.5474,5383846
1.5515,-8388608
1.5556,-7136164
1.5597,8388607
1.5638,8388607
1.5679,3988681
1.5720,-8388608
1.5760,-7509597
1.5802,8388607
1.5843,8388607
1.5884,5091634
1.5926,-8388608
1.5968,-6648017
1.6009,-8388608
1.6010,-711607
1.6047,8388607
1.6088,8388607
1.6130,-8388608
1.6171,-8388608
1.6211,2878442
1.6252,8388607
1.6292,8388607
1.6333,-8388608
1.6376,-8388608
1.6416,6526453
1.6457,8388607
1.6498,8107831
1.6539,-8388608
1.6580,-8388608
1.6621,7685126
1.6662,8388607
1.6703,8211269
1.6744,-8388608
1.6785,-8388608
1.6827,7388601
1.6867,8388607
1.6908,8388607
1.6949,-8388608
1.6989,-8388608
1.7029,2831793
1.7070,8388607
1.7112,8388607
1.7153,-8388608
1.7197,-8388608
1.7237,-3955787
1.7278,8388607
1.7318,8388607
1.7320,-4041910
1.7358,-8388608
1.7400,-5448702
1.7440,8388607
1.7481,8388607
1.7522,-7089256
1.7563,-8388608
1.7604,-1142346
1.7645,8388607
1.7686,8388607
1.7727,-7074548
1.7768,-8388608
1.7809,-500910
1.7850,8388607
1.7891,8388607
1.7932,-6309732
1.7973,-8388608
1.8014,1210254
1.8055,8388607
1.8095,8388607
1.8137,-5839076
1.8178,-8388608
1.8218,-4512009
1.8260,8388607
1.8300,8388607
1.8341,-920946
1.8382,-8388608
1.8425,-6923206
1.8464,8388607
1.8507,8388607
1.8547,3469795
1.8588,-8388608
1.8588,-7293302
1.8628,8388607
1.8669,319594
1.8710,-8388608
1.8751,-4858294
1.8792,8388607
1.8833,8388607
1.8873,2171201
1.8915,-8388608
1.8956,-8388608
1.8996,-2995772
1.9037,8388607
1.9079,8388607
1.9120,-1875452
1.9161,-8388608
1.9201,-1610624
1.9242,8388607
1.9283,8388607
1.9324,-4029481
1.9365,-8388608
1.9406,1997445
1.9447,8388607
1.9487,8388607
1.9529,-4677144
1.9570,-8388608
1.9611,-8388608
1.9651,8388607
1.9693,8388607
1.9734,4397691
1.9776,-8388608
1.9817,-8388608
1.9857,8388607
1.9899,8388607
1.9900,6912759
1.9939,-8388608
1.9980,-1244696
2.0020,8388607
2.0061,8388607
2.0102,4793156
2.0143,-8388608
2.0185,-8388608
2.0224,7323904
2.0267,8388607
2.0307,5956739
2.0348,-8388608
2.0389,1917600
2.0430,8388607
2.0471,8388607
2.0512,-8388608
2.0553,-8388608
2.0594,8388607
2.0635,8388607
2.0675,5821751
2.0717,-8388608
2.0758,-8388608
2.0799,8388607
2.0840,8388607
2.0880,8388607
2.0922,-8388608
2.0962,-8388608
2.1003,8388607
2.1045,8388607
2.1087,8388607
2.1128,-8388608
2.1167,-8388608
2.1169,8388607
2.1208,8388607
2.1249,8388607
2.1290,-8388608
2.1331,-8388608
2.1372,8388607
2.1413,8388607
2.1454,8388607
2.1495,-8388608
2.1536,-8388608
2.1577,8388607
2.1618,8388607
2.1659,8388607
2.1700,-8388608
2.1741,-8388608
2.1782,8388607
2.1822,8388607
2.1864,8388607
2.1905,-8388608
2.1946,-8388608
2.1986,8388607
2.2028,8388607
2.2068,8388607
2.2111,-8388608
2.2150,-8388608
2.2191,8388607
2.2232,8388607
2.2273,8388607
2.2317,-8388608
2.2357,-8388608
2.2397,8388607
2.2437,8388607
2.2438,7165531
2.2478,-8388608
2.2519,-8388608
2.2560,8388607
2.2601,8388607
2.2642,7770763
2.2683,-8388608
2.2724,-8388608
2.2765,8388607
2.2806,8388607
2.2846,8388607
2.2888,-8388608
2.2929,-8388608
2.2970,8388607
2.3010,8388607
2.3051,8388607
2.3092,-8388608
2.3132,-8388608
2.3173,8388607
2.3214,8388607
2.3256,8388607
2.3297,-8388608
2.3337,-8388608
2.3379,8388607
2.3419,8388607
2.3460,8388607
2.3501,-8388608
2.3545,-8388608
2.3584,8388607
2.3627,8388607
2.3666,8388607
2.3708,-8388608
2.3709,-8388608
2.3748,8388607
2.3789,8388607
2.3830,8388607
2.3871,-8388608
2.3912,-8388608
2.3952,8388607
2.3993,8388607
2.4035,8388607
2.4076,-8388608
2.4116,-8388608
2.4158,7883487
2.4197,8388607
2.4240,8388607
2.4280,-8388608
2.4321,-8388608
2.4362,7206919
2.4403,8388607
2.4444,8388607
2.4484,-8388608
2.4526,-8388608
2.4567,6177359
2.4608,8388607
2.4648,8388607
2.4690,-8388608
2.4731,-8388608
2.4772,4780099
2.4813,8388607
2.4854,8388607
2.4896,-7780532
2.4937,-8388608
2.4978,1807202
2.4979,8388607
2.5017,8388607
2.5058,-5118384
2.5100,-8388608
2.5140,30762
2.5181,8388607
2.5222,8388607
2.5263,-3261740
2.5304,-8388608
2.5345,-1897333
2.5386,8388607
2.5427,8388607
2.5468,-1831495
2.5509,-8388608
2.5550,-2485653
2.5591,8388607
2.5632,8388607
2.5673,-943897
2.5714,-8388608
2.5755,-4177073
2.5796,8388607
2.5837,8388607
2.5877,183832
2.5919,-8388608
2.5960,-4986013
2.6002,8388607
2.6041,8388607
2.6082,811395
2.6125,-8388608
2.6165,-5883201
2.6208,8388607
2.6246,8388607
2.6247,917369
2.6287,-8388608
2.6327,-4309445
2.6369,8388607
2.6410,8388607
2.6451,478834
2.6492,-8388608
2.6533,-4809517
2.6574,8388607
2.6615,8388607
2.6656,2073827
2.6697,-8388608
2.6737,-5824369
2.6779,8388607
2.6820,8388607
2.6860,2956307
2.6902,-8388608
2.6944,-7177505
2.6983,8388607
2.7024,8388607
2.7065,3927035
2.7106,-8388608
2.7146,-8388608
2.7188,8388607
2.7229,8388607
2.7270,5383127
2.7310,-8388608
2.7352,-8388608
2.7393,8388607
2.7435,8388607
2.7476,7001007
2.7518,-8388608
2.7519,-8388608
2.7557,8388607
2.7598,8388607
2.7639,8388607
2.7679,-8388608
2.7721,-8388608
2.7762,8388607
2.7803,8388607
2.7844,8388607
2.7885,-8388608
2.7926,-8388608
2.7966,8388607
2.8007,8388607
2.8048,8388607
2.8089,-8388608
2.8131,-8388608
2.8171,8388607
2.8212,8388607
2.8254,8388607
2.8294,-8388608
2.8335,-8388608
2.8376,8207063
2.8417,8388607
2.8458,8388607
2.8499,-8388608
2.8540,-8388608
2.8581,3750243
2.8622,8388607
2.8663,8388607
2.8708,-6662724
2.8746,-8388608
2.8785,-851844
2.8786,8388607
2.8826,8388607
2.8867,-3750540
2.8909,-8388608
2.8950,-3927037
2.8990,8388607
2.9032,8388607
2.9072,-3332416
2.9115,-8388608
2.9154,-3809373
2.9195,8388607
2.9236,8388607
2.9279,-4838932
2.9317,-8388608
2.9359,-5941719
2.9400,8388607
2.9440,8388607
2.9481,-2522584
2.9522,-8388608
2.9563,-6937468
2.9604,8388607
2.9645,8388607
2.9687,-2190244
2.9727,-8388608
2.9768,-8388608
2.9809,8388607
2.9851,8388607
2.9891,-697380
2.9933,-8388608
2.9975,-8388608
3.0015,8388607
3.0056,8388607
3.0057,2323863
3.0098,-8388608
3.0138,-7022523
3.0178,8388607
3.0219,8388607
3.0262,-1348107
3.0301,-8388608
3.0343,-3279885
3.0384,8388607
3.0424,8388607
3.0465,-1891262
3.0506,-8388608
3.0546,-1323721
3.0588,8388607
3.0629,8388607
3.0669,-2283876
3.0713,-8388608
3.0767,-1529633
3.0799,8388607
3.0842,8388607
3.0880,-1918099
3.0915,-8388608
3.0956,-3294593
3.0997,8388607
3.1042,8388607
3.1079,322377
3.1119,-8388608
3.1160,-5383129
3.1209,8388607
3.1247,8388607
3.1285,1588463
3.1326,-8388608
3.1367,-7015717
3.1372,8388607
3.1406,8388607
3.1447,3000431
3.1488,-8388608
3.1540,-8388608
3.1570,8388607
3.1611,8388607
3.1652,4118239
3.1700,-8388608
3.1737,-8388608
3.1782,8388607
3.1816,8388607
3.1863,5412543
3.1898,-8388608
3.1939,-8388608
3.1979,8388607
3.2024,8388607
3.2062,6368563
3.2103,-8388608
3.2143,-8388608
3.2195,8388607
3.2230,8388607
3.2266,7780531
3.2307,-8388608
3.2373,-8388608
3.2389,8388607
3.2430,8388607
3.2471,8388607
3.2525,-8388608
3.2556,-8388608
3.2595,8388607
3.2636,8388607
3.2636,7970603
3.2686,-8388608
3.2720,8388607
3.2758,-8388608
3.2799,-8388608
3.2858,7236335
3.2882,8388607
3.2928,7383415
3.2963,-8388608
3.3008,-8388608
3.3049,7383415
3.3085,8388607
3.3126,8310019
3.3168,-8388608
3.3217,-8388608
3.3249,6221483
3.3290,8388607
3.3331,8388607
3.3374,-8388608
3.3413,-8388608
3.3454,2073827
3.3495,-8388608
3.3538,-8388608
3.3578,-5397837
3.3619,8388607
3.3660,8388607
3.3710,-8388608
3.3743,-8388608
3.3783,-622268
3.3824,8388607
3.3869,5574331
3.3906,-8388608
3.3907,-8388608
3.3946,8388607
3.3986,8388607
3.4038,6853927
3.4069,-8388608
3.4110,-8388608
3.4150,8388607
3.4194,8388607
3.4234,8388607
3.4274,-8388608
3.4314,-8388608
3.4355,8388607
3.4400,8388607
3.4437,8388607
3.4478,-8388608
3.4537,-8388608
3.4564,8104107
3.4602,8388607
3.4642,8388607
3.4690,-8388608
3.4732,-8388608
3.4766,6750971
3.4807,8388607
3.4854,8388607
3.4893,-8388608
3.4929,-8388608
3.4970,5750827
3.5028,8388607
3.5055,8388607
3.5094,-8388608
3.5135,-8388608
3.5187,4618311
3.5192,8388607
3.5226,8388607
3.5257,-8388608
3.5298,-8388608
3.5353,3588751
3.5387,8388607
3.5426,8388607
3.5461,-8388608
3.5520,-8388608
3.5552,2588607
3.5584,8388607
3.5625,8388607
3.5668,-8388608
3.5716,-8388608
3.5750,1294303
3.5790,8388607
3.5830,8388607
3.5872,-8118816
3.5923,-8388608
3.5952,172475
3.5994,8388607
3.6045,8388607
3.6077,-6412688
3.6117,-8388608
3.6157,-117665
3.6204,8388607
3.6250,8388607
3.6283,911895
3.6323,-8388608
3.6363,-7148089
3.6404,8388607
3.6445,8388607
3.6446,-2838644
3.6485,-8388608
3.6528,-1941457
3.6572,8388607
3.6610,8388607
3.6651,-2182374
3.6691,-8388608
3.6736,-3044557
3.6774,8388607
3.6815,8388607
3.6872,4118239
3.6904,-8388608
3.6936,-8388608
3.6976,8388607
3.7023,8388607
3.7061,1617879
3.7106,-8388608
3.7140,-4588897
3.7189,8388607
3.7225,8388607
3.7265,1430965
3.7305,-8388608
3.7360,-6603893
3.7386,8388607
3.7427,8388607
3.7468,4603603
3.7524,-8388608
3.7557,-7751117
3.7592,8388607
3.7634,8388607
3.7692,5883199
3.7714,-8388608
3.7755,-8388608
3.7756,8388607
3.7796,8388607
3.7851,8030567
3.7879,-8388608
3.7924,-8388608
3.7960,8388607
3.8000,8388607
3.8324,8388607
3.8325,-8388608
3.8340,-8388608
3.8342,8388607
3.8344,8388607
3.8346,8388607
3.8348,-8388608
3.8349,-8388608
3.8369,6795095
3.8413,8388607
3.8457,8388607
3.8493,-8388608
3.8539,-8388608
3.8574,1702049
3.8615,8388607
3.8656,8388607
3.8702,-7339292
3.8738,-8388608
3.8779,-1938487
3.8821,8388607
3.8864,8388607
3.8904,-4353568
3.8944,-8388608
3.8984,-4765393
3.9026,8388607
3.9037,8388607
3.9066,-2747870
3.9107,-8388608
3.9147,-6044989
3.9198,8388607
3.9230,8388607
3.9270,-958251
3.9311,-8388608
3.9374,-7598736
3.9394,8388607
3.9435,8388607
3.9475,592232
3.9527,-8388608
3.9564,-7747488
3.9598,8388607
3.9639,8388607
3.9686,4633019
3.9725,-8388608
3.9762,-7920253
3.9805,8388607
3.9867,8388607
3.9889,4765391
3.9932,-8388608
3.9968,-8388608
4.0017,8388607
4.0054,8388607
4.0096,6666006
4.0132,-8388608
4.0185,-8388608
4.0213,4250611
4.0254,8388607
4.0295,8388607
4.0296,-8388608
4.0336,-8388608
4.0377,1931227
4.0417,8388607
4.0458,8388607
4.0517,-7971736
4.0547,-8388608
4.0581,1028250
4.0622,8388607
4.0663,8388607
4.0711,-7074548
4.0748,-8388608
4.0786,683407
4.0827,8388607
4.0882,8388607
4.0909,-5633164
4.0950,-8388608
4.0992,-1779669
4.1034,8388607
4.1072,8388607
4.1113,-3324008
4.1155,-8388608
4.1212,-1823793
4.1236,8388607
4.1277,8388607
4.1319,-5868492
4.1372,-8388608
4.1400,548409
4.1441,8388607
4.1483,8388607
4.1532,-6515644
4.1565,-8388608
4.1566,569246
4.1605,8388607
4.1646,8388607
4.1694,-7589328
4.1728,-8388608
4.1770,723967
4.1811,8388607
4.1855,8388607
4.1894,-7692284
4.1933,-8388608
4.1973,398881
4.2015,8388607
4.2057,8388607
4.2097,-8383560
4.2138,-8388608
4.2183,808086
4.2224,8388607
4.2260,8388607
4.2301,-8388608
4.2357,-8388608
4.2395,1874013
4.2429,8388607
4.2466,8388607
4.2515,-8388608
4.2554,-8388608
4.2588,4574187
4.2629,8388607
4.2692,8388607
4.2711,-8388608
4.2753,-8388608
4.2794,8388607
4.2834,8388607
4.2835,8388607
4.2878,-8388608
4.2916,-8388608
4.2957,8388607
4.3014,8388607
4.3042,8388607
4.3081,-8388608
4.3120,-8388608
4.3166,8388607
4.3206,8388607
4.3243,8388607
4.3284,-8388608
4.3325,-8388608
4.3370,7486371
4.3408,8388607
4.3448,8388607
4.3489,-8388608
4.3543,-8388608
4.3572,8388607
4.3612,8388607
4.3653,8388607
4.3701,-8388608
4.3738,-8388608
4.3777,8388607
4.3817,8388607
4.3859,8388607
4.3900,-8388608
4.3940,-8388608
4.3981,8388607
4.4033,8388607
4.4064,8388607
4.4105,-8388608
4.4106,-8388608
4.4144,8388607
4.4208,8388607
4.4230,8388607
4.4274,-8388608
4.4309,-8388608
4.4359,8388607
4.4395,8388607
4.4432,8388607
4.4472,-8388608
4.4524,-8388608
4.4557,8388607
4.4599,8388607
4.4640,8388607
4.4679,-8388608
4.4729,-8388608
4.4759,8388607
4.4799,8388607
4.4851,8388607
4.4883,-8388608
4.4927,-8388608
4.4965,8388607
4.5017,8388607
4.5053,8388607
4.5086,-8388608
4.5128,-8388608
4.5185,7501079
4.5212,8388607
4.5252,8388607
4.5293,-8388608
4.5355,-8388608
4.5374,6030279
4.5374,8388607
4.5414,8388607
4.5455,-8388608
4.5502,-8388608
4.5541,3412255
4.5579,8388607
4.5619,8388607
4.5660,-5706704
4.5705,-8388608
4.5743,33815
4.5783,8388607
4.5824,8388607
4.5871,-2735688
4.5906,-8388608
4.5947,-4044701
4.5988,8388607
4.6033,8388607
4.6070,573611
4.6111,-8388608
4.6152,-8089401
4.6198,8388607
4.6236,8388607
4.6275,6044987
4.6316,-8388608
4.6357,-8388608
4.6400,8388607
4.6438,8388607
4.6480,5706703
4.6526,-8388608
4.6562,-8388608
4.6604,8388607
4.6644,8388607
4.6686,4309443
4.6690,-8388608
4.6727,-8388608
4.6769,8388607
4.6807,8388607
4.6856,5691995
4.6892,-8388608
4.6930,-8388608
4.6970,8388607
4.7021,8388607
4.7055,6353855
4.7094,-8388608
4.7134,-8388608
4.7187,8388607
4.7222,8388607
4.7257,6412687
4.7299,-8388608
4.7350,-8388608
4.7383,8388607
4.7421,8388607
4.7462,6986299
4.7509,-8388608
4.7546,-8388608
4.7586,8388607
4.7626,8388607
4.7680,7824655
4.7715,-8388608
4.7749,-8388608
4.7790,8388607
4.7851,8388607
4.7873,8118815
4.7913,-8388608
4.7954,-8388608
4.7955,-3868204
4.8017,-8388608
4.8038,8388607
4.8077,8388607
4.8117,4294735
4.8159,-8388608
4.8203,-8388608
4.8240,8388607
4.8281,8388607
4.8323,5530207
4.8369,-8388608
4.8410,-8388608
4.8445,8388607
4.8486,8388607
4.8530,6795095
4.8571,-8388608
4.8609,-8388608
4.8650,8265895
4.8694,8388607
4.8737,7854071
4.8773,-8388608
4.8815,-8388608
4.8867,6780387
4.8897,8388607
4.8936,8388607
4.8978,-8388608
4.9032,-8388608
4.9067,5765535
4.9100,8388607
4.9142,8388607
4.9190,-8388608
4.9224,-8388608
4.9225,4618311
4.9264,8388607
4.9305,8388607
4.9368,-8388608
4.9387,-8388608
4.9428,3250467
4.9469,8388607
4.9516,8388607
4.9554,-8388608
4.9593,-8388608
4.9633,2206199
4.9690,8388607
4.9715,8388607
4.9756,-8388608
4.9797,-8388608
4.9856,1279595
4.9879,8388607
4.9919,8388607
4.9960,-8388608
5.0012,-8388608
5.0043,348947
5.0084,8388607
5.0124,8388607
5.0180,-8388608
5.0213,-8388608
5.0248,-220621
5.0289,8388607
5.0343,8388607
5.0371,-8388608
5.0413,-8388608
5.0455,-823649
5.0495,8388607
5.0496,8388607
5.0535,-8388608
5.0576,-8388608
5.0616,-2559193
5.0673,8388607
5.0702,8388607
5.0742,4588895
5.0780,8388607
5.0821,-4441817
5.0866,8388607
5.0903,-8388608
5.0944,-4574189
5.0986,8388607
5.1031,8388607
5.1070,8388607
5.1107,-8388608
5.1149,-8388608
5.1204,8388607
5.1230,8388607
5.1271,8388607
5.1313,-8388608
5.1359,-8388608
5.1398,8388607
5.1435,8388607
5.1476,8388607
5.1521,-8388608
5.1566,-8388608
5.1599,8388607
5.1640,8388607
5.1691,6206775
5.1724,-8388608
5.1762,-8388608
5.1763,8388607
5.1804,8388607
5.1847,5633163
5.1887,-8388608
5.1927,-8388608
5.1967,8388607
5.2015,8388607
5.2052,7221627
5.2091,-8388608
5.2131,-8388608
5.2182,8388607
5.2216,8388607
5.2254,8388607
5.2295,-8388608
5.2342,-8388608
5.2383,6559767
5.2418,8388607
5.2459,8388607
5.2509,-8388608
5.2549,-8388608
5.2582,5883199
5.2623,8388607
5.2681,8388607
5.2708,-8388608
5.2749,-8388608
5.2787,7089255
5.2851,8388607
5.2877,8388607
5.2911,-8388608
5.2950,-8388608
5.2992,6177359
5.3032,8388607
5.3033,8388607
5.3073,-8388608
5.3114,-8388608
5.3155,4912471
5.3204,8388607
5.3240,8388607
5.3279,-8388608
5.3319,-8388608
5.3361,3206343
5.3405,8388607
5.3443,8388607
5.3483,-8388608
5.3524,-8388608
5.3569,889689
5.3607,-2117952
5.3647,6015571
5.3695,8388607
5.3733,6942175
5.3770,-8388608
5.3811,-8388608
5.3857,8089399
5.3898,8388607
5.3934,7868779
5.3975,-8388608
5.4017,-8388608
5.4060,7162795
5.4097,8388607
5.4139,8388607
5.4184,-8388608
5.4222,-8388608
5.4264,5559623
5.4303,8388607
5.4304,8388607
5.4352,-8388608
5.4386,-8388608
5.4425,4824223
5.4466,8388607
5.4519,8388607
5.4548,-8388608
5.4597,-8388608
5.4630,3456379
5.4672,8388607
5.4713,8388607
5.4760,-8388608
5.4796,-8388608
5.4840,2235615
5.4881,8388607
5.4919,8388607
5.4957,-8388608
5.5011,-8388608
5.5049,1132515
5.5080,8388607
5.5121,8388607
5.5187,-8388608
5.5207,-8388608
5.5246,113906
5.5285,8388607
5.5331,8388607
5.5373,-8388608
5.5410,-8388608
5.5449,-88249
5.5506,8388607
5.5531,8388607
5.5572,-8388608
5.5613,-8388608
5.5614,-823649
5.5655,8388607
5.5697,8388607
5.5737,-8388608
5.5777,-8388608
5.5818,-1691421
5.5862,8388607
5.5899,8388607
5.5941,-8388608
5.5982,-8388608
5.6029,-3265177
5.6063,8388607
5.6104,8388607
5.6146,-8388608
5.6187,-8388608
5.6232,-4397693
5.6268,8388607
5.6309,8388607
5.6352,-7545204
5.6396,-8388608
5.6432,-6265609
5.6473,8388607
5.6516,8388607
5.6559,-6162652
5.6597,-8388608
5.6638,-7236337
5.6685,8388607
5.6725,8388607
5.6762,-5074260
5.6801,-8388608
5.6847,-8236481
5.6883,8388607
5.6884,8388607
5.6924,-3765248
5.6964,-8388608
5.7008,-8388608
5.7048,8388607
5.7088,8388607
5.7128,-2823936
5.7178,-8388608
5.7210,-5824369
5.7251,8388607
5.7292,8388607
5.7340,-8388608
5.7376,-8388608
5.7415,8388607
5.7456,5868491
5.7511,8388607
5.7538,-8388608
5.7579,-8388608
5.7619,8383559
5.7671,4603603
5.7708,8388607
5.7743,-8388608
5.7784,-8388608
5.7858,8388607
5.7865,294159
5.7907,8388607
5.7948,-8388608
5.7991,-8388608
5.8036,8388607
5.8071,-220621
5.8112,8388607
5.8156,-8388608
5.8171,-8388608
5.8200,8388607
5.8235,287863
5.8275,8388607
5.8316,-8388608
5.8358,-8388608
5.8403,8388607
5.8439,573611
5.8480,8388607
5.8526,-8388608
5.8569,-8388608
5.8604,8388607
5.8645,-279453
5.8694,8388607
5.8726,-8388608
5.8767,-8388608
5.8808,8388607
5.8856,191203
5.8894,8388607
5.8930,-8388608
5.8971,-8388608
5.9017,8388607
5.9058,3809371
5.9097,8388607
5.9136,-7898196
5.9186,-8388608
5.9217,8388607
5.9259,2765103
5.9299,8388607
5.9341,-6750972
5.9385,-8388608
5.9426,7589327
5.9427,3882911
5.9463,8388607
5.9511,-5397836
5.9545,-8388608
5.9586,6662723
5.9627,8388607
5.9675,8388607
5.9709,-4515356
5.9750,-8388608
5.9791,5559623
5.9846,8324727
5.9872,8015859
5.9913,-3588752
5.9954,-8388608
6.0017,4765391
6.0037,8388607
6.0077,6442103
6.0119,-2544484
6.0176,-8388608
6.0204,3838787
6.0241,8388607
6.0282,4618311
6.0340,-1735544
6.0368,-8388608
6.0405,3059263
6.0446,8388607
6.0491,3221051
6.0528,-845228
6.0570,-8388608
6.0612,3147511
6.0653,8388607
6.0693,2044411
6.0693,58831
6.0733,-8388608
6.0774,2014995
6.0815,8388607
6.0858,797817
6.0897,588319
6.0937,-8388608
6.0979,889984
6.1028,8388607
6.1060,3391
6.1101,1809083
6.1143,-8388608
6.1186,69179
6.1225,8388607
6.1266,-441241
6.1306,2985723
6.1352,-8388608
6.1394,-441241
6.1429,8388607
6.1470,-1662005
6.1515,4000575
6.1556,-8388608
6.1594,-1588465
6.1635,8388607
6.1680,-3044557
6.1725,5177215
6.1758,-8388608
6.1801,-2573901
6.1847,8388607
6.1880,-588321
6.1921,6353855
6.1963,-8388608
6.1965,-3662293
6.2006,8388607
6.2050,-1750253
6.2084,7412831
6.2125,-8388608
6.2175,-4706561
6.2210,8388607
6.2248,102955
6.2289,8388607
6.2341,-8388608
6.2378,-5956741
6.2412,8388607
6.2453,-1720837
6.2502,8388607
6.2541,-8388608
6.2577,-7148089
6.2618,8388607
6.2677,1040040
6.2701,8388607
6.2740,-8388608
6.2781,-8236481
6.2836,8388607
6.2866,-5321740
6.2905,8388607
6.2945,-8388608
6.3003,-8388608
6.3037,8388607
6.3069,-5294880
6.3109,8388607
6.3168,-8388608
6.3190,-8388608
6.3232,8388607
6.3232,-45935
6.3272,8388607
6.3315,-8388608
6.3356,-8388608
6.3395,8388607
6.3436,-244622
6.3477,8388607
6.3521,-8388608
6.3559,-8388608
6.3600,8388607
6.3641,926603
6.3684,8388607
6.3723,-8388608
6.3764,-8388608
6.3804,8388607
6.3851,808939
6.3886,8388607
6.3928,-8388608
6.3969,-8388608
6.4013,8388607
6.4050,2470943
6.4091,8388607
6.4133,-8388608
6.4181,-8388608
6.4216,8388607
6.4255,2456235
6.4296,8388607
6.4346,-8388608
6.4379,-8388608
6.4419,8388607
6.4461,6265607
6.4502,8388607
6.4541,-7398124
6.4543,-8388608
6.4583,8388607
6.4623,3882911
6.4665,8388607
6.4710,-5912616
6.4747,-8388608
6.4787,8388607
6.4832,4206487
6.4869,8339435
6.4910,-4530064
6.4951,-8388608
6.5001,6147943
6.5038,8388607
6.5074,7854071
6.5115,-2971016
6.5173,-8388608
6.5198,1715905
6.5240,6221483
6.5279,8388607
6.5331,-323238
6.5366,-8388608
6.5402,-8388608
6.5443,6324439
6.5500,8388607
6.5529,8388607
6.5566,-8388608
6.5607,-8388608
6.5671,-1882625
6.5693,8388607
6.5731,8388607
6.5772,-8388608
6.5812,-5412545
6.5813,8388607
6.5861,-8388608
6.5893,-8388608
6.5935,-8388608
6.5975,8388607
6.6027,8388607
6.6058,-1735544
6.6099,-8388608
6.6141,-8388608
6.6182,8388607
6.6222,8388607
6.6264,1014851
6.6304,-8388608
6.6344,-8388608
6.6387,8388607
6.6426,8388607
6.6468,3221051
6.6517,-8388608
6.6551,-8388608
6.6590,8388607
6.6632,8388607
6.6679,4324151
6.6717,-8388608
6.6754,-8388608
6.6794,8388607
6.6842,8388607
6.6879,5412543
6.6919,-8388608
6.6959,-8388608
6.7002,8388607
6.7041,8388607
6.7081,6589183
6.7082,-8388608
6.7122,2540200
6.7166,8388607
6.7205,6782090
6.7248,-7631313
6.7286,-8388608
6.7339,3421154
6.7370,8388607
6.7412,8388607
6.7451,-6060271
6.7501,-8388608
6.7533,3867224
6.7576,8388607
6.7615,6867511
6.7676,-6518639
6.7702,-8388608
6.7737,2202087
6.7777,8388607
6.7837,6101638
6.7864,-7411218
6.7900,-8388608
6.7941,745899
6.8003,8388607
6.8036,7280693
6.8064,-7356171
6.8105,-8388608
6.8163,-1263232
6.8193,8388607
6.8229,7452580
6.8269,-7194125
6.8311,-8388608
6.8351,-2189207
6.8352,8388607
6.8392,7944305
6.8433,-6286014
6.8474,-8388608
6.8516,-2859538
6.8559,8388607
6.8597,8282511
6.8638,-5742418
6.8684,-8388608
6.8726,-3988750
6.8761,8388607
6.8802,8388607
6.8845,-5003179
6.8883,-8388608
6.8925,-4639620
6.8966,8388607
6.9011,8388607
6.9052,-1970003
6.9088,-8388608
6.9130,-4338278
6.9173,8388607
6.9217,8388607
6.9254,-1928309
6.9293,-8388608
6.9339,-5644548
6.9383,8388607
6.9417,8388607
6.9457,-2908574
6.9503,-8388608
6.9540,-6861637
6.9581,8388607
6.9621,8388607
6.9622,-2533980
6.9683,-8388608
6.9714,-7566348
6.9744,8388607
6.9784,8388607
6.9831,-2148118
6.9874,-8388608
6.9908,-8350736
6.9949,8388607
7.0003,8388607
7.0035,1323719
7.0073,-8388608
7.0112,-8388608
7.0170,-6839221
7.0198,8388607
7.0237,8388607
7.0277,-8388608
7.0330,-8388608
7.0366,-3250469
7.0399,8388607
7.0440,1323719
7.0501,8388607
7.0528,8388607
7.0563,-8388608
7.0604,-8388608
7.0669,546295
7.0690,8388607
7.0727,8388607
7.0769,-8388608
7.0810,-8388608
7.0850,-264745
7.0894,8388607
7.0934,8388607
7.0935,-8388608
7.0973,-8388608
7.1023,-2367989
7.1054,8388607
7.1095,8388607
7.1138,-8388608
7.1180,-8388608
7.1224,-3338717
7.1259,8388607
7.1300,8388607
7.1358,-8388608
7.1383,-8388608
7.1423,-4809517
7.1465,8388607
7.1506,8388607
7.1551,-8148232
7.1587,-8388608
7.1628,-5103677
7.1669,8388607
7.1713,8388607
7.1754,-6324206
7.1792,-8388608
7.1838,-7324585
7.1876,8388607
7.1915,8388607
7.1955,-3205171
7.2004,-8388608
7.2039,-8388608
7.2079,8388607
7.2119,8388607
7.2162,-4238830
7.2203,-8388608
7.2204,-8388608
7.2242,8388607
7.2283,8388607
7.2340,-3853496
7.2374,-8388608
7.2406,-8388608
7.2447,8388607
7.2507,8388607
7.2536,-2676856
7.2570,-8388608
7.2611,-8388608
7.2667,8388607
7.2696,8388607
7.2738,-1573756
7.2775,-8388608
7.2834,-8388608
7.2859,8388607
7.2897,8388607
7.2939,-539369
7.2994,-8388608
7.3024,-8388608
7.3061,8388607
7.3102,8388607
7.3143,73539
7.3190,-8388608
7.3226,-8388608
7.3266,8388607
7.3307,8388607
7.3355,1044267
7.3390,-8388608
7.3430,-8388608
7.3471,8388607
7.3472,8388607
7.3514,4399936
7.3555,-8388608
7.3594,-8388608
7.3636,8388607
7.3679,8388607
7.3723,7229966
7.3758,-5891562
7.3799,-8388608
7.3844,8368851
7.3883,8388607
7.3921,8357786
7.3963,-4556986
7.4017,-8388608
7.4045,6574475
7.4086,8388607
7.4128,8388607
7.4171,-4589645
7.4212,-8388608
7.4249,4783228
7.4290,8388607
7.4335,5559623
7.4374,-8388608
7.4413,795451
7.4454,5745035
7.4497,8388607
7.4544,-7486372
7.4579,-8388608
7.4618,8388607
7.4661,6927467
7.4701,8388607
7.4742,-7515788
7.4743,-8388608
7.4781,8388607
7.4837,1956163
7.4865,8388607
7.4906,-7354000
7.4947,-8383560
7.4998,8388607
7.5031,6927467
7.5069,5059551
7.5109,-7133380
7.5162,-5015428
7.5200,8388607
7.5232,5339003
7.5273,2353279
7.5333,-6147944
7.5360,-3544628
7.5399,8388607
7.5437,8388607
7.5495,1073683
7.5527,-5662580
7.5560,-3147512
7.5601,7751115
7.5659,8388607
7.5685,1279595
7.5724,-3162220
7.5764,-7051462
7.5806,4721267
7.5858,8388607
7.5888,1073683
7.5930,-415046
7.5970,-8388608
7.6010,1479630
7.6011,7619043
7.6051,1418225
7.6092,4584775
7.6133,2416167
7.6184,1979198
7.6215,5650666
7.6256,1155657
7.6297,7343695
7.6345,-847098
7.6379,-650035
7.6420,4418433
7.6462,-3162343
7.6505,3921882
7.6548,8388607
7.6583,238683
7.6626,601766
7.6673,-8388608
7.6708,-5167234
7.6748,8388607
7.6789,8388607
7.6835,-2533894
7.6875,-8388608
7.6912,-8388608
7.6952,8388607
7.7002,8388607
7.7038,-931483
7.7076,-8388608
7.7116,-8388608
7.7162,8388607
7.7200,7235956
7.7241,5721411
7.7280,-8388608
7.7281,-8388608
7.7329,5082610
7.7365,8388607
7.7403,7765823
7.7444,-8388608
7.7494,-8388608
7.7533,3828770
7.7568,8388607
7.7609,8388607
7.7658,-8388608
7.7690,-8388608
7.7731,2534775
7.7771,8388607
7.7826,8388607
7.7859,-8388608
7.7899,-8388608
7.7935,1783060
7.7993,8388607
7.8022,8388607
7.8059,-8388608
7.8099,-8388608
7.8158,889532
7.8193,8388607
7.8223,8388607
7.8263,-8388608
7.8304,-8388608
7.8351,-47137
7.8387,8388607
7.8427,8388607
7.8469,-8388608
7.8512,-8388608
7.8549,-352993
7.8550,8388607
7.8591,8388607
7.8632,-8388608
7.8680,-8388608
7.8719,-1559049
7.8755,8388607
7.8800,8388607
7.8844,-8388608
7.8881,-8388608
7.8919,-2691565
7.8960,8388607
7.9006,8388607
7.9043,-8388608
7.9083,-8388608
7.9126,-3750541
7.9166,8388607
7.9209,8388607
7.9246,-8388608
7.9287,-8388608
7.9340,-4853641
7.9369,8388607
7.9410,8388607
7.9451,-8388608
7.9509,-8388608
7.9533,-5971449
7.9573,8388607
7.9614,8388607
7.9666,-7706992
7.9698,-8388608
7.9737,2323863
7.9779,8388607
7.9829,6750971
7.9861,-7677576
7.9862,-8388608
7.9901,3676999
7.9942,8388607
7.9991,-3912328
8.0026,-5647872
8.0068,-8388608
8.0106,3574043
8.0162,8388607
8.0190,-6442104
8.0230,-4561602
8.0270,-8388608
8.0324,2750395
8.0357,8388607
8.0393,-6147944
8.0434,-4563847
8.0498,-8388608
8.0518,1485507
8.0558,8388607
8.0597,-5074260
8.0655,-8112436
8.0684,-8388608
8.0721,420739
8.0761,8388607
8.0805,-3779956
8.0845,-5677289
8.0884,-8388608
8.0925,-204960
8.0966,8388607
8.1011,-1294304
8.1051,-7309877
8.1090,-8388608
8.1133,-1823793
8.1134,8388607
8.1178,6780387
8.1218,-8388608
8.1255,-8388608
8.1294,-4559481
8.1339,8388607
8.1381,8388607
8.1417,-8388608
8.1458,-8388608
8.1505,-7854073
8.1548,8388607
8.1582,8388607
8.1622,-6427396
8.1667,-8388608
8.1709,-8388608
8.1745,8388607
8.1785,8388607
8.1831,1441383
8.1868,-8388608
8.1909,-8388608
8.1949,8388607
8.1993,8388607
8.2039,5133091
8.2072,-8388608
8.2113,-8388608
8.2154,7574619
8.2199,8388607
8.2236,6339147
8.2277,-8388608
8.2321,-8388608
8.2359,6383271
8.2400,8388607
8.2401,7530495
8.2441,-8388608
8.2499,-8388608
8.2524,5206631
8.2564,8388607
8.2604,8388607
8.2660,-8388608
8.2691,-8388608
8.2728,3941743
8.2769,8388607
8.2814,8388607
8.2853,-8388608
8.2892,-8388608
8.2932,2823935
8.2987,8388607
8.3018,8388607
8.3055,-8388608
8.3096,-8388608
8.3154,1691419
8.3182,8388607
8.3219,8388607
8.3260,-8388608
8.3301,-8388608
8.3345,435228
8.3389,8388607
8.3424,8388607
8.3465,-8388608
8.3507,-8388608
8.3548,-73541
8.3592,8388607
8.3633,8388607
8.3673,-8388608
8.3674,-8388608
8.3711,-1058977
8.3751,8388607
8.3792,8388607
8.3839,-8388608
8.3880,-8388608
8.3916,-2132661
8.3956,8388607
8.4003,8388607
8.4040,-8388608
8.4079,-8388608
8.4121,-3206345
8.4164,8388607
8.4204,8388607
8.4256,-8388608
8.4285,-8388608
8.4331,-4427109
8.4366,8388607
8.4407,8388607
8.4448,-8388608
8.4489,-8388608
8.4529,-5662581
8.4570,8388607
8.4611,8388607
8.4652,-8221772
8.4694,-8388608
8.4734,-6986301
8.4775,8388607
8.4816,8388607
8.4862,-7045132
8.4900,-8388608
8.4941,-7957029
8.4941,8388607
8.4980,8388607
8.5021,-5853784
8.5062,-8388608
8.5104,-8388608
8.5144,8388607
8.5186,8388607
8.5227,-4691852
8.5268,-8388608
8.5309,-8388608
8.5350,8388607
8.5390,8388607
8.5432,-3588752
8.5473,-8388608
8.5513,-8388608
8.5555,8388607
8.5596,8388607
8.5637,-2309156
8.5677,-8388608
8.5719,-8388608
8.5760,8388607
8.5800,8388607
8.5841,-1250180
8.5883,-8388608
8.5923,-8388608
8.5964,8388607
8.6005,8388607
8.6050,-166717
8.6090,-8388608
8.6131,-8388608
8.6172,8388607
8.6210,8388607
8.6211,176495
8.6253,-8388608
8.6292,-8388608
8.6333,8388607
8.6374,8388607
8.6415,1309011
8.6456,-8388608
8.6497,-8388608
8.6537,8388607
8.6578,8388607
8.6620,2765103
8.6660,-8388608
8.6701,-8388608
8.6742,8388607
8.6783,8388607
8.6824,4485939
8.6865,-8388608
8.6906,-8388608
8.6946,7206919
8.6989,8388607
8.7029,7589327
8.7070,-8388608
8.7110,-8388608
8.7151,5883199
8.7194,8388607
8.7234,8388607
8.7274,-8388608
8.7315,-8388608
8.7357,4838931
8.7397,8388607
8.7441,8388607
8.7480,-8388608
8.7481,-8388608
8.7520,756927
8.7561,-3853496
8.7602,-8388608
8.7643,8388607
8.7684,8388607
8.7725,-3912328
8.7766,-8388608
8.7807,-8388608
8.7848,8388607
8.7890,8388607
8.7930,-2809228
8.7971,-8388608
8.8012,-8388608
8.8052,8388607
8.8094,8388607
8.8135,-1706128
8.8175,-8388608
8.8217,-8388608
8.8257,8388607
8.8298,8388607
8.8340,-552209
8.8380,-8388608
8.8421,-8388608
8.8462,8388607
8.8502,8388607
8.8543,132371
8.8585,-8388608
8.8627,-8388608
8.8667,8388607
8.8710,8388607
8.8751,867771
8.8791,-8388608
8.8792,-8388608
8.8831,8388607
8.8872,8388607
8.8913,2000287
8.8954,-8388608
8.8995,-8388608
8.9036,8388607
8.9076,8388607
8.9118,3015139
8.9160,-8388608
8.9200,-8388608
8.9241,8388607
8.9281,8388607
8.9323,4132947
8.9364,-8388608
8.9405,-8388608
8.9445,8388607
8.9486,8388607
8.9527,5206631
8.9569,-8388608
8.9609,-8388608
8.9650,8388607
8.9692,8388607
8.9732,6545059
8.9772,-8388608
8.9814,-8388608
8.9855,7839363
8.9896,8388607
8.9938,7574619
8.9980,-8388608
9.0021,-8388608
9.0059,6677431
9.0060,8388607
9.0101,8388607
9.0142,-8388608
9.0183,-8388608
9.0223,5427251
9.0266,8388607
9.0306,8388607
9.0347,-8388608
9.0388,493658
9.0429,8388607
9.0470,-8388608
9.0511,-8388608
9.0551,8388607
9.0592,8388607
9.0634,-2382696
9.0675,-8388608
9.0716,-8388608
9.0756,8388607
9.0798,8388607
9.0838,-1058976
9.0880,-8388608
9.0920,-8388608
9.0961,8388607
9.1002,8388607
9.1043,-124195
9.1084,-8388608
9.1125,-8388608
9.1166,8388607
9.1207,8388607
9.1250,308867
9.1290,-8388608
9.1331,-8388608
9.1331,8388607
9.1370,8388607
9.1412,1500215
9.1452,-8388608
9.1493,-8388608
9.1533,8388607
9.1575,8388607
9.1615,2765103
9.1657,-8388608
9.1698,-8388608
9.1739,8388607
9.1779,8388607
9.1820,8388607
9.1861,1809083
9.1902,-8388608
9.1943,3662291
9.1984,8388607
9.2025,8388607
9.2066,544195
9.2107,-8388608
9.2148,470301
9.2189,8388607
9.2230,8388607
9.2271,-117475
9.2312,-8388608
9.2353,-882481
9.2394,8388607
9.2435,8388607
9.2477,-401767
9.2519,-8388608
9.2559,-2309157
9.2598,8388607
9.2599,8388607
9.2639,-87000
9.2680,-8388608
9.2722,-2853353
9.2762,8388607
9.2803,8388607
9.2844,176495
9.2885,-8388608
9.2926,-4353569
9.2967,8388607
9.3008,8388607
9.3049,632443
9.3090,-8388608
9.3131,-6000865
9.3172,8388607
9.3213,8388607
9.3254,2618023
9.3295,-8388608
9.3336,-8207065
9.3377,8388607
9.3418,8388607
9.3459,3956451
9.3500,-8388608
9.3541,-8388608
9.3581,8388607
9.3623,8388607
9.3663,6162651
9.3705,-8388608
9.3747,-8388608
9.3789,8388607
9.3829,8388607
9.3870,7736407
9.3871,-8388608
9.3911,-8388608
9.3951,8388607
9.3991,8388607
9.4032,8388607
9.4073,-8388608
9.4114,-8388608
9.4155,8388607
9.4196,8388607
9.4237,8388607
9.4278,-8388608
9.4320,-8388608
9.4361,8388607
9.4401,8388607
9.4442,8388607
9.4484,-8388608
9.4525,-8388608
9.4565,8388607
9.4607,8388607
9.4648,8388607
9.4688,-8388608
9.4730,-8388608
9.4770,8388607
9.4811,8388607
9.4852,8388607
9.4893,-8388608
9.4934,-8388608
9.4975,8388607
9.5016,8388607
9.5059,8388607
9.5099,-8388608
9.5141,-8388608
9.5142,7942319
9.5179,8388607
9.5220,8388607
9.5263,-8388608
9.5302,-8388608
9.5344,7398123
9.5384,8388607
9.5426,8388607
9.5466,-8388608
9.5507,-8388608
9.5547,6089111
9.5589,8388607
9.5629,8388607
9.5671,-8388608
9.5711,-8388608
9.5752,4427107
9.5793,8388607
9.5834,8388607
9.5875,-3956452
9.5916,-8388608
9.5957,2470943
9.5998,8388607
9.6039,8388607
9.6080,-7780532
9.6121,-8388608
9.6162,2544483
9.6202,8388607
9.6244,8388607
9.6287,-7148088
9.6327,-8388608
9.6367,1470799
9.6408,8388607
9.6409,8388607
9.6449,-6044988
9.6490,-8388608
9.6531,380918
9.6572,8388607
9.6613,8388607
9.6654,-5206632
9.6695,-8388608
9.6736,-44125
9.6777,8388607
9.6818,8388607
9.6860,-4132948
9.6900,-8388608
9.6941,-808941
9.6982,8388607
9.7023,8388607
9.7064,-2088536
9.7104,-8388608
9.7146,-2868061
9.7187,8388607
9.7228,8388607
9.7268,-610637
9.7309,-8388608
9.7351,-4088825
9.7392,8388607
9.7433,8388607
9.7473,152582
9.7515,-8388608
9.7557,-4927181
9.7598,8388607
9.7637,8388607
9.7638,-8990
9.7678,-8388608
9.7719,-6265609
9.7760,8388607
9.7800,8388607
9.7841,1838499
9.7882,-8388608
9.7923,-7354001
9.7964,8388607
9.8005,8388607
9.8046,3059263
9.8087,-8388608
9.8128,-8388608
9.8169,8388607
9.8210,8388607
9.8251,3779955
9.8292,-8388608
9.8333,-8388608
9.8374,8388607
9.8415,8388607
9.8456,4221195
9.8496,-8388608
9.8538,-8388608
9.8579,8388607
9.8620,8388607
9.8661,5177215
9.8702,-8388608
9.8742,-8388608
9.8784,8388607
9.8824,8388607
9.8865,5942031
9.8907,-8388608
9.8948,-8388608
9.8988,8388607
9.8988,8388607
9.9030,6971591
9.9070,-8388608
9.9112,-8388608
9.9153,8388607
9.9195,8388607
9.9235,8295311
9.9276,-8388608
9.9317,-8388608
9.9358,8388607
9.9399,8388607
9.9439,8388607
9.9480,-8388608
9.9522,-8388608
9.9563,8388607
9.9603,8388607
9.9645,8388607
9.9685,-8388608
9.9726,-8388608
9.9766,8388607
9.9808,8388607
9.9850,8388607
9.9890,-8388608
9.9931,-8388608
9.9972,8388607
10.0013,8388607
10.0054,8388607
10.0097,-8388608
10.0137,-8388608
10.0176,7795239
10.0219,8388607
10.0261,8388607
10.0262,-8388608
10.0300,-8388608
10.0341,7251043
10.0381,8388607
10.0423,8388607
10.0464,-8388608
10.0504,-8388608
10.0545,6353855
10.0586,8388607
10.0627,8388607
10.0668,-8388608
10.0710,-8388608
10.0749,5059551
10.0791,8388607
10.0831,8388607
10.0873,-8388608
10.0913,-8388608
10.0954,3868203
10.0995,8388607
10.1036,8388607
10.1077,-8388608
10.1119,-8388608
10.1159,2426819
10.1200,8388607
10.1240,8388607
10.1282,-6986300
10.1323,-8388608
10.1364,1219452
10.1405,8388607
10.1447,8388607
10.1488,-5471376
10.1527,-8388608
10.1528,80885
10.1569,8388607
10.1610,8388607
10.1651,-4309444
10.1693,-8388608
10.1733,-661861
10.1774,8388607
10.1815,8388607
10.1856,-2897476
10.1897,-8388608
10.1938,-1720837
10.1980,8388607
10.2019,8388607
10.2061,-2103244
10.2102,-8388608
10.2143,-2529777
10.2184,8388607
10.2225,8388607
10.2265,-1081263
10.2307,-8388608
10.2348,-3632877
10.2389,8388607
10.2430,8388607
10.2472,-14851
10.2512,-8388608
10.2552,-4927181
10.2593,8388607
10.2634,8388607
10.2676,779523
10.2719,-8388608
10.2757,-6059697
10.2797,8388607
10.2798,8388607
10.2839,1514923
10.2879,-8388608
10.2920,-7339293
10.2962,8388607
10.3003,8388607
10.3044,2985723
10.3086,-8388608
10.3127,-8388608
10.3166,8388607
10.3208,8388607
10.3248,4544771
10.3289,-8388608
10.3330,-8388608
10.3370,8388607
10.3413,8388607
10.3453,6015571
10.3494,-8388608
10.3536,-8388608
10.3577,8388607
10.3617,8388607
10.3658,7471663
10.3701,-8388608
10.3739,-8388608
10.3781,8388607
10.3822,8388607
10.3863,8388607
10.3908,-8388608
10.3945,-8388608
10.3987,8388607
10.4027,8388607
10.4070,8388607
10.4075,-8388608
10.4108,-8388608
10.4149,8388607
10.4191,8388607
10.4233,8388607
10.4272,-8388608
10.4313,-8388608
10.4354,8388607
10.4401,8388607
10.4445,8388607
10.4476,-8388608
10.4518,-8388608
10.4564,8388607
10.4601,8388607
10.4645,8388607
10.4687,-8388608
10.4722,-8388608
10.4763,8388607
10.4810,8388607
10.4849,8388607
10.4888,-8388608
10.4927,-8388608
10.4977,8388607
10.5009,8388607
10.5050,8388607
10.5091,-8388608
10.5139,-8388608
10.5178,8001151
10.5214,8388607
10.5256,8388607
10.5300,-8388608
10.5338,-8388608
10.5339,6618599
10.5378,8388607
10.5419,8388607
10.5469,-8388608
10.5501,-8388608
10.5542,5280171
10.5582,8388607
10.5636,8388607
10.5674,-8388608
10.5707,-8388608
10.5746,3956451
10.5789,8388607
10.5834,8388607
10.5878,-8295312
10.5914,-8388608
10.5951,2765103
10.5992,8388607
10.6041,8388607
10.6074,-7030424
10.6115,-8388608
10.6156,1573755
10.6203,8388607
10.6243,8388607
10.6279,-6074404
10.6326,-8388608
10.6360,591909
10.6402,8388607
10.6444,8388607
10.6484,-4883056
10.6526,-8388608
10.6566,-88249
10.6607,8388607
10.6609,8388607
10.6654,-3603460
10.6695,-8388608
10.6730,-691277
10.6770,8388607
10.6812,8388607
10.6857,-2735688
10.6894,-8388608
10.6935,-2014997
10.6976,8388607
10.7021,8388607
10.7058,-1588464
10.7099,-8388608
10.7154,-3029849
10.7186,8388607
10.7221,8388607
10.7264,-803238
10.7311,-8388608
10.7346,-4074117
10.7388,8388607
10.7425,8388607
10.7477,-183786
10.7508,-8388608
10.7549,-5191925
10.7589,8388607
10.7636,8388607
10.7676,691275
10.7715,-8388608
10.7754,-6486229
10.7800,8388607
10.7837,8388607
10.7877,1603171
10.7878,-8388608
10.7917,-7662869
10.7965,8388607
10.8002,8388607
10.8046,3176927
10.8081,-8388608
10.8123,-8388608
10.8167,8388607
10.8205,8388607
10.8245,4456523
10.8286,-8388608
10.8335,-8388608
10.8368,8388607
10.8409,8388607
10.8450,5677287
10.8499,-8388608
10.8532,-8388608
10.8573,8388607
10.8613,8388607
10.8659,6868635
10.8700,-8388608
10.8736,-8388608
10.8778,8388607
10.8822,8388607
10.8860,7677575
10.8901,-8388608
10.8942,-8388608
10.8986,8388607
10.9028,8388607
10.9064,8388607
10.9107,-8388608
10.9147,-8388608
10.9186,8388607
10.9187,8388607
10.9228,8388607
10.9269,-8388608
10.9314,-8388608
10.9351,8388607
10.9394,8388607
10.9433,8388607
10.9477,-8388608
10.9517,-8388608
10.9559,8388607
10.9598,8388607
10.9640,8388607
10.9683,-8388608
10.9719,-8388608
10.9760,8388607
10.9807,8388607
10.9846,8388607
10.9887,-8388608
10.9925,-8388608
10.9975,8388607
11.0009,8388607
11.0048,8388607
11.0088,-8388608
11.0131,-8388608
11.0174,8388607
11.0220,8388607
11.0252,8388607
11.0296,-8388608
11.0334,-8388608
11.0376,7309875
11.0415,8388607
11.0457,8388607
11.0465,-8388608
11.0503,-8388608
11.0540,5942031
11.0579,8388607
11.0624,8388607
11.0663,-8388608
11.0702,-8388608
11.0743,4647727
11.0785,8388607
11.0825,8388607
11.0866,-8388608
11.0907,-8388608
11.0948,3250467
11.0995,8388607
11.1033,8388607
11.1071,-7839364
11.1112,-8388608
11.1158,2044411
11.1201,8388607
11.1236,8388607
11.1277,-6883344
11.1321,-8388608
11.1358,1036996
11.1399,8388607
11.1440,8388607
11.1487,-6059696
11.1530,-8388608
11.1562,276702
11.1604,8388607
11.1648,8388607
11.1689,-4941888
11.1728,-8388608
11.1729,-220621
11.1767,8388607
11.1813,8388607
11.1850,-3941744
11.1890,-8388608
11.1931,-1206057
11.1974,8388607
11.2020,8388607
11.2054,-2765104
11.2095,-8388608
11.2139,-2353281
11.2179,8388607
11.2218,8388607
11.2259,-1603172
11.2300,-8388608
11.2346,-3618169
11.2382,8388607
11.2423,8388607
11.2464,-485187
11.2514,-8388608
11.2553,-4853641
11.2586,8388607
11.2630,8388607
11.2670,275970
11.2723,-8388608
11.2750,-5883201
11.2791,8388607
11.2839,8388607
11.2880,897187
11.2916,-8388608
11.2955,-6942177
11.2997,8388607
11.2998,8388607
11.3036,2235615
11.3079,-8388608
11.3123,-8236481
11.3163,8388607
11.3201,8388607
11.3242,3250467
11.3284,-8388608
11.3336,-8388608
11.3365,8388607
11.3405,8388607
11.3447,4559479
11.3488,-8388608
11.3532,-8388608
11.3570,8388607
11.3612,8388607
11.3656,5589039
11.3701,-8388608
11.3733,-8388608
11.3775,8388607
11.3818,8388607
11.3863,6795095
11.3900,-8388608
11.3940,-8388608
11.3980,8388607
11.4024,8388607
11.4061,7957027
11.4103,-8388608
11.4143,-8388608
11.4185,8388607
11.4226,8388607
11.4268,8388607
11.4269,-8388608
11.4311,-8388608
11.4348,8388607
11.4395,8388607
11.4430,8388607
11.4479,-8388608
11.4512,-8388608
11.4554,8388607
11.4593,8388607
11.4641,8388607
11.4684,-8388608
11.4718,-8388608
11.4757,8388607
11.4799,8388607
11.4843,8388607
11.4887,-8388608
11.4922,-8388608
11.4964,8388607
11.5010,8388607
11.5044,8388607
11.5085,-8388608
11.5127,-8388608
11.5172,8192355
11.5220,8388607
11.5249,8388607
11.5290,-8388608
11.5337,-8388608
11.5377,7280459
11.5413,8388607
11.5455,8388607
11.5496,-8388608
11.5537,-8388608
11.5538,6044987
11.5576,8388607
11.5618,8388607
11.5659,-8388608
11.5703,-8388608
11.5741,4941887
11.5783,8388607
11.5823,8388607
11.5871,-8388608
11.5904,-8388608
11.5945,4235903
11.5994,8388607
11.6030,8388607
11.6070,-8388608
11.6109,-8388608
11.6155,3147511
11.6195,8388607
11.6232,8388607
11.6273,-8030568
11.6315,-8388608
11.6366,1750251
11.6400,8388607
11.6437,8388607
11.6486,-6750972
11.6528,-8388608
11.6559,685574
11.6601,8388607
11.6650,8388607
11.6684,-5736120
11.6725,-8388608
11.6764,41843
11.6807,8388607
11.6807,8388607
11.6846,-4500648
11.6887,-8388608
11.6928,-647153
11.6972,8388607
11.7015,8388607
11.7051,-3309300
11.7092,-8388608
11.7141,-1750253
11.7180,8388607
11.7215,8388607
11.7256,-2176784
11.7311,-8388608
11.7338,-2985725
11.7379,8388607
11.7419,8388607
11.7466,-983479
11.7509,-8388608
11.7543,-4221197
11.7583,8388607
11.7625,8388607
11.7677,-217365
11.7707,-8388608
11.7747,-5309589
11.7789,8388607
11.7832,8388607
11.7873,485363
11.7912,-8388608
11.7955,-6383273
11.7993,8388607
11.8034,8388607
11.8075,1485507
11.8116,-8388608
11.8119,-7574621
11.8160,8388607
11.8198,8388607
11.8246,2647439
11.8280,-8388608
11.8333,-8388608
11.8362,8388607
11.8402,8388607
11.8445,4029991
11.8487,-8388608
11.8533,-8388608
11.8572,8388607
11.8608,8388607
11.8649,5103675
11.8698,-8388608
11.8731,-8388608
11.8772,8388607
11.8817,8388607
11.8861,6442103
11.8894,-8388608
11.8935,-8388608
11.8977,8388607
11.9017,8388607
11.9059,7633451
11.9100,-8388608
11.9143,-8388608
11.9184,8388607
11.9224,8388607
11.9264,8388607
11.9307,-8388608
11.9345,-8388608
11.9386,8388607
11.9386,8388607
11.9427,8388607
11.9470,-8388608
11.9512,-8388608
11.9553,8388607
11.9593,8388607
11.9634,8388607
11.9676,-8388608
11.9719,-8388608
11.9756,8388607
11.9798,8388607
11.9841,8388607
11.9883,-8388608
11.9919,-8388608
11.9961,8388607
12.0004,8388607
12.0042,8388607
12.0083,-8388608
12.0127,-8388608
12.0166,8388607
12.0207,8388607
12.0249,8388607
12.0288,-8388608
12.0333,-8388608
12.0370,8089399
12.0414,8388607
12.0451,8388607
12.0493,-8388608
12.0534,-8388608
12.0575,6839219
12.0617,8388607
12.0657,8388607
12.0658,-8388608
12.0696,-8388608
12.0737,5824367
12.0779,8388607
12.0827,8388607
12.0860,-8388608
12.0901,-8388608
12.0942,4618311
12.0991,8388607
12.1031,8388607
12.1066,-8388608
12.1106,-8388608
12.1152,3441671
12.1194,8388607
12.1233,8388607
12.1271,-8388608
12.1319,-8388608
12.1352,2117951
12.1397,8388607
12.1434,8388607
12.1482,-7118672
12.1525,-8388608
12.1556,1022321
12.1598,8388607
12.1646,8388607
12.1683,-5986156
12.1720,-8388608
12.1761,94052
12.1811,8388607
12.1845,8388607
12.1885,-4809516
12.1925,-8388608
12.1926,-470657
12.1966,8388607
12.2015,8388607
12.2048,-3603460
12.2089,-8388608
12.2135,-1588465
12.2180,8388607
12.2212,8388607
12.2253,-2367988
12.2299,-8388608
12.2341,-2720981
12.2382,8388607
12.2417,8388607
12.2462,-1103205
12.2502,-8388608
12.2547,-3971161
12.2586,8388607
12.2626,8388607
12.2666,-287276
12.2703,-8388608
12.2744,-5221341
12.2793,8388607
12.2832,8388607
12.2867,441239
12.2908,-8388608
12.2950,-6442105
12.2993,8388607
12.3034,8388607
12.3076,1411967
12.3114,-8388608
12.3155,-7662869
12.3196,8388607
12.3197,8388607
12.3235,2809227
12.3277,-8388608
12.3318,-8388608
12.3358,8388607
12.3399,8388607
12.3441,4074115
12.3486,-8388608
12.3530,-8388608
12.3564,8388607
12.3604,8388607
12.3657,5265463
12.3686,-8388608
12.3727,-8388608
12.3770,8388607
12.3816,8388607
12.3856,6397979
12.3892,-8388608
12.3932,-8388608
12.3973,8388607
12.4017,8388607
12.4056,7456955
12.4097,-8388608
12.4140,-8388608
12.4186,8388607
12.4219,8388607
12.4260,8388607
12.4301,-8388608
12.4343,-8388608
12.4384,8388607
12.4424,8388607
12.4469,8388607
12.4473,-8388608
12.4510,-8388608
12.4547,8388607
12.4588,8388607
12.4629,8388607
12.4670,-8388608
12.4712,-8388608
12.4758,8388607
12.4799,8388607
12.4835,8388607
12.4874,-8388608
12.4915,-8388608
12.4965,8388607
12.4998,8388607
12.5042,8388607
12.5079,-8388608
12.5124,-8388608
12.5172,8388607
12.5207,8388607
12.5243,8388607
12.5290,-8388608
12.5329,-8388608
12.5366,8324727
12.5406,8388607
12.5448,8388607
12.5489,-8388608
12.5536,-8388608
12.5573,7045131
12.5619,8388607
12.5654,8388607
12.5693,-8388608
12.5734,-8388608
12.5735,5897907
12.5776,8388607
12.5822,8388607
12.5857,-8388608
12.5899,-8388608
12.5939,4706559
12.5982,8388607
12.6023,8388607
12.6062,-8388608
12.6103,-8388608
12.6148,3441671
12.6185,8388607
12.6226,8388607
12.6269,-8388608
12.6311,-8388608
12.6357,2397403
12.6391,8388607
12.6431,8388607
12.6475,-7177504
12.6518,-8388608
12.6554,967234
12.6596,8388607
12.6640,8388607
12.6677,-6000864
12.6723,-8388608
12.6760,140251
12.6802,8388607
12.6845,8388607
12.6883,-4750684
12.6923,-8388608
12.6965,-382409
12.7005,8388607
12.7006,8388607
12.7045,-3677000
12.7086,-8388608
12.7140,-1514925
12.7171,8388607
12.7209,8388607
12.7250,-2485652
12.7298,-8388608
12.7337,-2662149
12.7373,8388607
12.7413,8388607
12.7461,-1215519
12.7507,-8388608
12.7536,-4044701
12.7577,8388607
12.7626,8388607
12.7665,-337667
12.7700,-8388608
12.7741,-5280173
12.7782,8388607
12.7824,8388607
12.7867,470655
12.7909,-8388608
12.7949,-6397981
12.7993,8388607
12.8033,8388607
12.8069,1514923
12.8116,-8388608
12.8152,-7839365
12.8192,8388607
12.8234,8388607
12.8274,2720979
12.8275,-8388608
12.8316,-8388608
12.8360,8388607
12.8399,8388607
12.8438,3897619
12.8479,-8388608
12.8527,-8388608
12.8562,8388607
12.8602,8388607
12.8647,5088967
12.8687,-8388608
12.8725,-8388608
12.8765,8388607
12.8815,8388607
12.8850,6177359
12.8888,-8388608
12.8929,-8388608
12.8975,8388607
12.9011,8388607
12.9053,7353999
12.9093,-8388608
12.9141,-8388608
12.9178,8388607
12.9216,8388607
12.9257,8388607
12.9303,-8388608
12.9346,-8388608
12.9379,8388607
12.9420,8388607
12.9462,8388607
12.9504,-8388608
12.9544,-8388608
12.9584,8388607
12.9586,8388607
12.9625,8388607
12.9666,-8388608
12.9707,-8388608
12.9748,8388607
12.9790,8388607
12.9831,8388607
12.9872,-8388608
12.9913,-8388608
12.9953,8388607
12.9994,8388607
13.0036,8388607
13.0077,-8388608
13.0118,-8388608
13.0159,8388607
13.0199,8388607
13.0239,8388607
13.0281,-8388608
13.0322,-8388608
13.0362,8177647
13.0403,8388607
13.0444,8388607
13.0486,-8388608
13.0526,-8388608
13.0567,6927467
13.0609,8388607
13.0649,8388607
13.0693,-8388608
13.0735,-8388608
13.0776,5794951
13.0814,8388607
13.0854,8388607
13.0855,-8388608
13.0895,-8388608
13.0936,4721267
13.0977,8388607
13.1019,8388607
13.1059,-8388608
13.1100,-8388608
13.1142,3529919
13.1182,8388607
13.1223,8388607
13.1264,-8388608
13.1304,-8388608
13.1345,2397403
13.1386,8388607
13.1427,8388607
13.1468,-7162796
13.1509,-8388608
13.1551,1034809
13.1591,8388607
13.1632,8388607
13.1673,-6015572
13.1714,-8388608
13.1755,113937
13.1796,8388607
13.1837,8388607
13.1879,-4735976
13.1919,-8388608
13.1960,-352993
13.2001,8388607
13.2043,8388607
13.2084,-3603460
13.2126,-8388608
13.2127,-1485509
13.2166,8388607
13.2206,8388607
13.2246,-2441528
13.2289,-8388608
13.2330,-2603317
13.2370,8388607
13.2411,8388607
13.2453,-1203743
13.2494,-8388608
13.2534,-3897621
13.2575,8388607
13.2616,8388607
13.2657,-325722
13.2698,-8388608
13.2740,-5133093
13.2780,8388607
13.2821,8388607
13.2862,485363
13.2903,-8388608
13.2944,-6236193
13.2985,8388607
13.3026,8388607
13.3067,1367843
13.3107,-8388608
13.3149,-7456957
13.3189,8388607
13.3230,8388607
13.3271,2618023
13.3313,-8388608
13.3353,-8388608
13.3395,8388607
13.3396,8388607
13.3436,3809371
13.3476,-8388608
13.3517,-8388608
13.3558,8388607
13.3599,8388607
13.3639,5015427
13.3681,-8388608
13.3722,-8388608
13.3763,8388607
13.3804,8388607
13.3845,6133235
13.3886,-8388608
13.3927,-8388608
13.3968,8388607
13.4009,8388607
13.4049,7545203
13.4091,-8388608
13.4132,-8388608
13.4173,8388607
13.4214,8388607
13.4254,8388607
13.4296,-8388608
13.4337,-8388608
13.4377,8388607
13.4418,8388607
13.4459,8388607
13.4502,-8388608
13.4543,-8388608
13.4582,8388607
13.4625,8388607
13.4665,8388607
13.4666,-8388608
13.4705,-8388608
13.4745,8388607
13.4787,8388607
13.4828,8388607
13.4869,-8388608
13.4910,-8388608
13.4951,8388607
13.4991,8388607
13.5033,8388607
13.5074,-8388608
13.5115,-8388608
13.5155,8388607
13.5196,8388607
13.5238,8388607
13.5279,-8388608
13.5320,-8388608
13.5360,7515787
13.5401,8388607
13.5442,8388607
13.5483,-8388608
13.5524,-8388608
13.5565,6353855
13.5606,8388607
13.5647,8388607
13.5688,-8388608
13.5730,-8388608
13.5770,5030135
13.5811,8388607
13.5853,8388607
13.5892,-8388608
13.5938,-8388608
13.5939,3882911
13.5976,8388607
13.6017,8388607
13.6057,-8388608
13.6098,-8388608
13.6137,2588607
13.6179,8388607
13.6220,8388607
13.6262,-7339292
13.6303,-8388608
13.6344,1529631
13.6385,8388607
13.6425,8388607
13.6466,-6103820
13.6507,-8388608
13.6548,286736
13.6589,8388607
13.6630,8388607
13.6671,-4838932
13.6711,-8388608
13.6753,-161789
13.6794,8388607
13.6835,8388607
13.6876,-3691708
13.6917,-8388608
13.6958,-1220765
13.7000,8388607
13.7040,8388607
13.7083,-2573900
13.7124,-8388608
13.7164,-2220909
13.7205,8388607
13.7245,8388607
13.7247,-1338428
13.7286,-8388608
13.7327,-3691709
13.7367,8388607
13.7408,8388607
13.7450,-319612
13.7490,-8388608
13.7532,-4647729
13.7572,8388607
13.7613,8388607
13.7654,260941
13.7695,-8388608
13.7736,-5912617
13.7777,8388607
13.7819,8388607
13.7859,1235471
13.7900,-8388608
13.7940,-7030425
13.7982,8388607
13.8023,8388607
13.8064,2353279
13.8105,-8388608
13.8146,-8324729
13.8186,8388607
13.8227,8388607
13.8269,3632875
13.8310,-8388608
13.8350,-8388608
13.8392,8388607
13.8432,8388607
13.8474,4897763
13.8513,-8388608
13.8514,-8388608
13.8555,8388607
13.8595,8388607
13.8636,6059695
13.8677,-8388608
13.8719,-8388608
13.8759,8388607
13.8800,8388607
13.8841,7309875
13.8882,-8388608
13.8923,-8388608
13.8964,8388607
13.9005,8388607
13.9046,8388607
13.9087,-8388608
13.9128,-8388608
13.9169,8388607
13.9209,8388607
13.9251,8388607
13.9292,-8388608
13.9332,-8388608
13.9373,8388607
13.9414,8388607
13.9455,8388607
13.9496,-8388608
13.9537,-8388608
13.9579,8388607
13.9619,8388607
13.9660,8388607
13.9701,-8388608
13.9742,-8388608
13.9783,8388607
13.9784,8388607
13.9824,8388607
13.9865,-8388608
13.9906,-8388608
13.9947,8388607
13.9988,8388607
14.0029,8388607
14.0070,-8388608
14.0111,-8388608
14.0152,7148087
14.0192,8388607
14.0234,8388607
14.0276,-8388608
14.0317,-8388608
14.0356,5706703
14.0397,8388607
14.0439,8388607
14.0481,-8388608
14.0520,-8388608
14.0562,4574187
14.0603,8388607
14.0643,8388607
14.0684,-8388608
14.0725,-8388608
14.0766,2588607
14.0807,8388607
14.0850,8388607
14.0890,-7412832
14.0931,-8388608
14.0972,1235314
14.1013,8388607
14.1054,8388607
14.1055,-6192068
14.1093,-8388608
14.1135,118432
14.1177,8388607
14.1217,8388607
14.1259,-4794808
14.1300,-8388608
14.1340,-823649
14.1381,8388607
14.1422,8388607
14.1463,-3397548
14.1504,-8388608
14.1545,-2397405
14.1585,8388607
14.1627,8388607
14.1667,-1853208
14.1709,-8388608
14.1749,-4838933
14.1790,8388607
14.1831,8388607
14.1872,-211953
14.1914,-8388608
14.1956,-6353857
14.1996,8388607
14.2037,8388607
14.2077,73539
14.2120,-8388608
14.2162,-6853929
14.2199,8388607
14.2242,8388607
14.2283,735399
14.2324,-8388608
14.2325,-7854073
14.2364,8388607
14.2405,8388607
14.2446,2235615
14.2487,-8388608
14.2528,-8388608
14.2569,8388607
14.2611,8388607
14.2653,3265175
14.2691,-8388608
14.2734,-8388608
14.2773,8388607
14.2814,8388607
14.2855,4456523
14.2896,-8388608
14.2937,-8388608
14.2979,8388607
14.3020,8388607
14.3060,5780243
14.3101,-8388608
14.3142,-8388608
14.3185,8388607
14.3225,8388607
14.3266,6898051
14.3307,-8388608
14.3347,-8388608
14.3388,8388607
14.3429,8388607
14.3470,8059983
14.3513,-8388608
14.3555,-8388608
14.3594,8388607
14.3595,8388607
14.3634,8388607
14.3675,-8388608
14.3716,-8388608
14.3757,8388607
14.3799,8388607
14.3839,8388607
14.3880,-8388608
14.3920,-8388608
14.3962,8388607
14.4003,8388607
14.4044,8388607
14.4085,-8388608
14.4126,-8388608
14.4166,8388607
14.4207,8388607
14.4249,8388607
14.4290,-8388608
14.4330,-8388608
14.4370,8388607
14.4411,8388607
14.4452,8388607
14.4501,-8388608
14.4534,-8388608
14.4575,6736263
14.4616,8388607
14.4657,8388607
14.4701,-8388608
14.4741,-8388608
14.4784,127391
14.4824,8388607
14.4866,8388607
14.4867,8388607
14.4903,5544915
14.4945,-8388608
14.4986,-8388608
14.5027,8221771
14.5068,8388607
14.5109,6809803
14.5149,-8388608
14.5191,-8388608
14.5232,7015715
14.5273,8388607
14.5313,7912903
14.5354,-8388608
14.5395,-8388608
14.5436,6059695
14.5477,8388607
14.5518,8388607
14.5560,-8388608
14.5600,-8388608
14.5641,4794807
14.5682,8388607
14.5723,8388607
14.5765,-8388608
14.5805,-8388608
14.5846,3382839
14.5887,8388607
14.5927,8388607
14.5972,-8388608
14.6011,-8388608
14.6051,2353279
14.6093,8388607
14.6134,8388607
14.6135,-8388608
14.6173,-8388608
14.6213,976280
14.6255,8388607
14.6295,8388607
14.6337,-8388608
14.6379,-8388608
14.6418,110440
14.6459,8388607
14.6500,8388607
14.6541,-8388608
14.6582,-8388608
14.6625,-470657
14.6664,8388607
14.6705,8388607
14.6746,-8388608
14.6787,-8388608
14.6828,-1720837
14.6869,8388607
14.6910,8388607
14.6951,-8388608
14.6992,-8388608
14.7033,-2853353
14.7073,8388607
14.7114,8388607
14.7156,-8388608
14.7196,-8388608
14.7237,-4162365
14.7279,8388607
14.7320,8388607
14.7361,-8388608
14.7402,-8388608
14.7443,-5397837
14.7444,8388607
14.7484,8388607
14.7525,-7501080
14.7566,-8388608
14.7607,-6839221
14.7648,8388607
14.7690,8388607
14.7730,-6133236
14.7771,-8388608
14.7812,-7912905
14.7853,8388607
14.7894,8388607
14.7935,-4883056
14.7976,-8388608
14.8017,-8388608
14.8057,8388607
14.8099,8388607
14.8140,-3735832
14.8181,-8388608
14.8221,-8388608
14.8262,8388607
14.8303,8388607
14.8344,-2603316
14.8385,-8388608
14.8426,-8388608
14.8467,8388607
14.8508,8388607
14.8551,-1603172
14.8593,-8388608
14.8632,-8388608
14.8672,8388607
14.8713,8388607
14.8714,-468584
14.8753,-8388608
14.8795,-8388608
14.8835,8388607
14.8877,8388607
14.8917,161787
14.8959,-8388608
14.8999,-8388608
14.9040,8388607
14.9081,8388607
14.9123,1088391
14.9163,-8388608
14.9204,-8388608
14.9245,8388607
14.9286,8388607
14.9327,2323863
14.9368,-8388608
14.9409,-8388608
14.9451,8388607
14.9490,8388607
14.9532,3691707
14.9572,-8388608
14.9614,-8388608
14.9654,8388607
14.9696,8388607
14.9737,4912471
14.9778,-8388608
14.9820,-8388608
14.9860,8388607
14.9902,8388607
14.9943,6162651
14.9984,-8388608
14.9985,-8388608
15.0023,7883487
15.0065,8388607
15.0105,7177503
15.0146,-8388608
15.0188,-8388608
15.0228,6648015
15.0269,8388607
15.0310,8221771
15.0351,-8388608
15.0394,-8388608
15.0433,5618455
15.0475,8388607
15.0515,8388607
15.0556,-8388608
15.0597,-8388608
15.0638,4559479
15.0679,8388607
15.0720,8388607
15.0761,-8388608
15.0802,-8388608
15.0843,2853351
15.0884,8388607
15.0925,8388607
15.0966,-8388608
15.1007,-8388608
15.1047,1867915
15.1089,8388607
15.1129,8388607
15.1173,-8388608
15.1212,-8388608
15.1212,615373
15.1252,8388607
15.1293,8388607
15.1334,-8388608
15.1375,-8388608
15.1417,-44125
15.1457,8388607
15.1498,8388607
15.1539,-8388608
15.1580,-8388608
15.1621,-853065
15.1662,8388607
15.1702,8388607
15.1744,-8388608
15.1784,-8388608
15.1826,-2088537
15.1867,8388607
15.1907,8388607
15.1949,-8388608
15.1990,-8388608
15.2030,-3574045
15.2071,8388607
15.2112,8388607
15.2152,-8388608
15.2194,-8388608
15.2234,-5015429
15.2275,8388607
15.2316,8388607
15.2359,-7692284
15.2399,-8388608
15.2442,-6530353
15.2482,8388607
15.2523,8388607
15.2524,-6412688
15.2563,-8388608
15.2604,-7839365
15.2645,8388607
15.2685,8388607
15.2727,-5059552
15.2768,-8388608
15.2810,-8388608
15.2850,8388607
15.2891,8388607
15.2931,-3559336
15.2973,-8388608
15.3014,-8388608
15.3055,8388607
15.3095,8388607
15.3136,-2441528
15.3177,-8388608
15.3218,-8388608
15.3259,8388607
15.3300,8388607
15.3340,-1014852
15.3382,-8388608
15.3423,-8388608
15.3464,8388607
15.3505,-3824080
15.3546,-117665
15.3587,8388607
15.3628,8388607
15.3671,-8388608
15.3711,-8388608
15.3752,-970729
15.3791,8388607
15.3792,8388607
15.3832,6868635
15.3874,-8388608
15.3915,-8388608
15.3956,8388607
15.3996,8388607
15.4037,8388607
15.4079,-8388608
15.4119,-8388608
15.4160,8388607
15.4201,8388607
15.4243,8388607
15.4292,-8388608
15.4334,-8388608
15.4365,7883487
15.4413,8388607
15.4447,8388607
15.4488,-8388608
15.4529,-8388608
15.4569,7001007
15.4611,8388607
15.4652,8388607
15.4693,-8388608
15.4733,-8388608
15.4775,8388607
15.4816,8388607
15.4857,8388607
15.4899,-8388608
15.4940,-8388608
15.4980,8388607
15.5023,8388607
15.5063,8388607
15.5104,-8388608
15.5105,-8388608
15.5143,7706991
15.5183,8388607
15.5226,8388607
15.5266,-8388608
15.5308,-8388608
15.5348,7280459
15.5389,8388607
15.5430,8388607
15.5471,-8388608
15.5512,-8388608
15.5553,1720835
15.5594,8388607
15.5635,8388607
15.5676,-7427540
15.5717,-8388608
15.5758,1279595
15.5800,8388607
15.5840,8388607
15.5881,-5603748
15.5922,-8388608
15.5961,-9358
15.6003,8388607
15.6044,8388607
15.6086,-4280028
15.6126,-8388608
15.6168,-1117809
15.6208,8388607
15.6250,8388607
15.6292,-498100
15.6333,-8388608
15.6371,-8388608
15.6372,8388607
15.6412,8388607
15.6454,558903
15.6494,-8388608
15.6535,-8388608
15.6576,8388607
15.6617,8388607
15.6658,2294447
15.6699,-8388608
15.6740,-8388608
15.6781,8388607
15.6822,8388607
15.6863,3426963
15.6904,-8388608
15.6945,-8388608
15.6986,8388607
15.7026,8388607
15.7067,5736119
15.7109,-8388608
15.7149,-8388608
15.7190,8388607
15.7231,8388607
15.7272,8388607
15.7313,-8388608
15.7354,-8388608
15.7395,8388607
15.7436,8388607
15.7477,8388607
15.7520,-8388608
15.7559,-8388608
15.7603,8388607
15.7642,8388607
15.7643,8388607
15.7682,-8388608
15.7723,-8388608
15.7764,8388607
15.7805,8388607
15.7847,8388607
15.7888,-8388608
15.7928,2605330
15.7970,8388607
15.8011,4929245
15.8051,-5201728
15.8092,-8388608
15.8134,-310203
15.8174,8388607
15.8215,1935111
15.8256,-5237015
15.8296,-8388608
15.8337,397345
15.8378,8388607
15.8419,757544
15.8461,-6381382
15.8502,-8388608
15.8543,359410
15.8584,8388607
15.8625,3524770
15.8666,-2834894
15.8707,-8388608
15.8748,147016
15.8790,8388607
15.8831,1545260
15.8872,-3176210
15.8914,-8388608
15.8915,-826288
15.8953,8388607
15.8994,-198920
15.9035,-2196422
15.9075,-8388608
15.9116,-562321
15.9157,8388607
15.9198,-713248
15.9240,-3171677
15.9280,-8388608
15.9321,-615975
15.9362,8319903
15.9403,-747782
15.9444,-2758761
15.9485,-8388608
15.9526,-671329
15.9566,7468159
15.9608,-886248
15.9650,-3657772
15.9690,-8388608
15.9730,-1160034
15.9772,7348560
15.9813,-508609
15.9854,-3982789
15.9894,-8388608
15.9936,-1330168
15.9977,7306145
16.0017,902245
16.0061,-4307677
16.0102,-8388608
16.0140,-2621017
16.0182,8388607
16.0183,4147361
16.0222,-3299698
16.0263,-8388608
16.0304,-7347647
16.0345,8388607
16.0386,8388607
16.0427,8388607
16.0468,-8388608
16.0512,-8388608
16.0550,-8388608
16.0591,8388607
16.0631,8388607
16.0673,-2235616
16.0714,-8388608
16.0755,-8177649
16.0796,8388607
16.0837,8388607
16.0878,-384528
16.0919,-8388608
16.0961,-8030569
16.1000,8388607
16.1041,8388607
16.1082,132371
16.1124,-8388608
16.1164,-8388608
16.1205,8388607
16.1246,8388607
16.1287,1191347
16.1330,-8388608
16.1371,-8388608
16.1412,8388607
16.1452,8388607
16.1453,1823791
16.1492,-8388608
16.1533,-8388608
16.1574,8388607
16.1615,8388607
16.1656,2632731
16.1698,-8388608
16.1738,-8388608
16.1779,8388607
16.1820,8388607
16.1861,3397547
16.1902,-8388608
16.1943,-8388608
16.1984,8388607
16.2025,8388607
16.2065,4633019
16.2106,-8388608
16.2147,-8388608
16.2188,8388607
16.2229,8388607
16.2269,5647871
16.2311,-8388608
16.2352,-8388608
16.2392,8388607
16.2434,8388607
16.2475,7456955
16.2516,-8388608
16.2559,-8388608
16.2597,8388607
16.2638,8388607
16.2682,8388607
16.2722,-8388608
16.2723,-8388608
16.2762,8388607
16.2802,8388607
16.2844,8388607
16.2884,-8388608
16.2926,-8388608
16.2966,8388607
16.3007,8388607
16.3048,8388607
16.3089,-8388608
16.3131,-8388608
16.3171,8221771
16.3212,8388607
16.3252,8388607
16.3293,-8388608
16.3334,-8388608
16.3375,7398123
16.3416,8388607
16.3457,8388607
16.3499,-8388608
16.3539,-8388608
16.3580,5912615
16.3621,8388607
16.3662,8388607
16.3703,-8388608
16.3744,-8388608
16.3785,4912471
16.3826,8388607
16.3867,8388607
16.3913,-8388608
16.3952,-8388608
16.3991,3618167
16.3992,8388607
16.4032,8388607
16.4072,-8388608
16.4114,-8388608
16.4154,1882623
16.4195,8388607
16.4235,8388607
16.4277,-8388608
16.4319,-8388608
16.4359,661203
16.4399,8388607
16.4441,8388607
16.4482,-7898196
16.4524,-8388608
16.4563,65868
16.4605,8388607
16.4646,8388607
16.4687,-6603892
16.4727,-8388608
16.4769,-1309013
16.4810,8388607
16.4851,8388607
16.4891,-4132948
16.4933,-8388608
16.4973,8388607
16.5014,8388607
16.5056,8388607
16.5096,-6927468
16.5138,-8388608
16.5181,-8388608
16.5221,8388607
16.5261,8388607
16.5300,-2853352
16.5301,-8388608
16.5341,-8388608
16.5382,8388607
16.5423,8388607
16.5464,-1338428
16.5505,-8388608
16.5546,-8388608
16.5587,8388607
16.5629,8388607
16.5669,-62187
16.5710,-8388608
16.5751,-8388608
16.5792,8388607
16.5832,8388607
16.5874,411823
16.5915,-8388608
16.5956,-8388608
16.5997,8388607
16.6037,8388607
16.6079,2735687
16.6119,-8388608
16.6161,-8388608
16.6201,8388607
16.6242,8388607
16.6283,4059407
16.6325,-8388608
16.6365,-8388608
16.6406,8388607
16.6447,8388607
16.6490,5721411
16.6530,-8388608
16.6570,-8388608
16.6571,8388607
16.6613,8388607
16.6654,4471231
16.6695,-8388608
16.6735,-8388608
16.6782,8388607
16.6818,8388607
16.6858,5662579
16.6900,-8388608
16.6940,-8388608
16.6980,8388607
16.7021,8388607
16.7062,7486371
16.7103,-8388608
16.7145,-8388608
16.7185,8388607
16.7226,8388607
16.7267,8192355
16.7307,-8388608
16.7349,-8388608
16.7389,8388607
16.7430,8388607
16.7471,8388607
16.7513,-8388608
16.7553,-8388608
16.7595,8388607
16.7636,8388607
16.7677,8388607
16.7720,-8388608
16.7761,-8388608
16.7801,8388607
16.7842,8388607
16.7843,8388607
16.7882,-8388608
16.7923,-8388608
16.7964,8388607
16.8004,8388607
16.8045,8388607
16.8086,-8388608
16.8127,-8388608
16.8168,8388607
16.8209,8388607
16.8250,8388607
16.8291,-8388608
16.8332,-8388608
16.8373,8388607
16.8414,8388607
16.8455,8388607
16.8496,-8388608
16.8537,-8388608
16.8578,8388607
16.8619,8388607
16.8660,8388607
16.8700,-8388608
16.8742,-8388608
16.8783,7545203
16.8824,8388607
16.8865,8388607
16.8906,-8388608
16.8948,-8388608
16.8988,5000719
16.9029,8388607
16.9071,8388607
16.9111,-8388608
16.9112,-8388608
16.9151,3353423
16.9192,8388607
16.9232,8388607
16.9273,-8388608
16.9314,-8388608
16.9355,2338571
16.9396,8388607
16.9437,8388607
16.9478,-8388608
16.9519,-8388608
16.9560,1456091
16.9601,8388607
16.9642,8388607
16.9683,-8388608
16.9724,-8388608
16.9765,263882
16.9805,8388607
16.9846,8388607
16.9888,-7662868
16.9929,-8388608
16.9969,135693
17.0010,8388607
17.0051,8388607
17.0094,-6589184
17.0134,-8388608
17.0175,-411825
17.0216,8388607
17.0257,8388607
17.0301,-5309588
17.0340,-8388608
17.0382,-2059121
17.0383,8388607
17.0420,8388607
17.0462,-3118096
17.0503,-8388608
17.0544,-4735977
17.0586,8388607
17.0625,8388607
17.0666,-1264888
17.0707,-8388608
17.0749,-6471521
17.0789,8388607
17.0831,8388607
17.0871,-89484
17.0913,-8388608
17.0954,-7868781
17.0994,8388607
17.1035,8388607
17.1076,441239
17.1117,-8388608
17.1158,-8388608
17.1198,8388607
17.1240,8388607
17.1281,1529631
17.1322,-8388608
17.1363,-8388608
17.1404,8388607
17.1445,8388607
17.1486,2691563
17.1529,-8388608
17.1568,-8388608
17.1611,8388607
17.1650,8388607
17.1651,3956451
17.1691,-8388608
17.1732,-8388608
17.1773,8388607
17.1814,8388607
17.1855,5412543
17.1895,-8388608
17.1937,-8388608
17.1977,8388607
17.2018,8388607
17.2059,7280459
17.2100,-8388608
17.2141,-8388608
17.2182,8388607
17.2223,8388607
17.2264,8388607
17.2305,-8388608
17.2346,-8388608
17.2386,8388607
17.2428,8388607
17.2470,8388607
17.2510,-8388608
17.2551,-8388608
17.2592,8388607
17.2633,8388607
17.2673,8388607
17.2715,-8388608
17.2755,-8388608
17.2797,7515787
17.2838,8388607
17.2880,8388607
17.2921,-8388608
17.2961,-8388608
17.2963,7206919
17.3001,8388607
17.3042,8388607
17.3083,-8388608
17.3124,-8388608
17.3165,5324295
17.3206,8388607
17.3247,8388607
17.3287,-8388608
17.3328,-8388608
17.3369,4471231
17.3410,8388607
17.3451,8388607
17.3492,-8388608
17.3533,-8388608
17.3574,3574043
17.3616,8388607
17.3656,8388607
17.3697,-8388608
17.3739,-8388608
17.3779,2117951
17.3819,8388607
17.3861,8388607
17.3901,-8388608
17.3943,-8388608
17.3983,1094895
17.4024,8388607
17.4065,8388607
17.4108,-8388608
17.4148,-8388608
17.4191,310474
17.4231,8388607
17.4232,8388607
17.4271,-8059984
17.4312,-8388608
17.4352,-250037
17.4393,8388607
17.4435,8388607
17.4476,-7251044
17.4517,-8388608
17.4557,-911897
17.4599,8388607
17.4640,8388607
17.4681,-6177360
17.4722,-8388608
17.4763,-1764961
17.4804,8388607
17.4845,8388607
17.4885,-4941888
17.4927,-8388608
17.4967,-3000433
17.5008,8388607
17.5050,8388607
17.5090,-3750540
17.5132,-8388608
17.5172,-4250613
17.5213,8388607
17.5254,8388607
17.5295,-2544484
17.5338,-8388608
17.5377,-5471377
17.5418,8388607
17.5458,8388607
17.5499,-1206056
17.5500,-8388608
17.5540,-6898053
17.5581,8388607
17.5622,8388607
17.5662,2
17.5704,-8388608
17.5745,-8388608
17.5786,8388607
17.5826,8388607
17.5868,823647
17.5909,-8388608
17.5950,-8388608
17.5990,8388607
17.6031,8388607
17.6073,2220907
17.6113,-8388608
17.6155,-8388608
17.6195,8388607
17.6236,8388607
17.6277,3529919
17.6319,-8388608
17.6360,-8388608
17.6400,8388607
17.6441,8388607
17.6482,4838931
17.6523,-8388608
17.6564,-8388608
17.6605,8388607
17.6646,8388607
17.6689,5250755
17.6730,-8388608
17.6769,-8388608
17.6770,8388607
17.6810,8388607
17.6851,6397979
17.6892,-8388608
17.6933,-8388608
17.6973,8388607
17.7014,8388607
17.7055,7618743
17.7097,-8388608
17.7137,2814620
17.7178,7173543
17.7219,-4535173
17.7260,-4833126
17.7301,-8388608
17.7342,4431877
17.7383,7380766
17.7424,-4374341
17.7465,-4154922
17.7506,-8388608
17.7547,4730533
17.7589,7825953
17.7629,-4048418
17.7670,-3585051
17.7711,-8388608
17.7752,4173574
17.7792,7684266
17.7834,-4315665
17.7876,-3806561
17.7916,-8388608
17.7958,5134578
17.7999,8388607
17.8038,-4168429
17.8039,-4050005
17.8079,-8388608
17.8120,-848598
17.8161,8388607
17.8202,244801
17.8243,-6344930
17.8284,-8388608
17.8325,3213566
17.8368,4972121
17.8407,-4034467
17.8450,-498809
17.8489,-8388608
17.8531,5650822
17.8572,8388607
17.8613,-1550493
17.8654,-797981
17.8695,-7366195
17.8736,6554213
17.8777,8388607
17.8817,-2281262
17.8859,-3028108
17.8900,-8388608
17.8940,4393796
17.8981,8187827
17.9022,-3198421
17.9063,-5315213
17.9104,-8388608
17.9145,3687057
17.9186,8388607
17.9228,-1925973
17.9269,-3457573
17.9309,-8340444
17.9310,2828801
17.9350,8056147
17.9391,-2802108
17.9431,-7592437
17.9472,-8388608
17.9513,1417443
17.9554,8388607
17.9596,-661585
17.9636,-5759307
17.9677,-7973876
17.9719,2772730
17.9758,8388607
17.9799,732281
17.9841,-5117433
17.9882,-6561021
17.9923,1102314
17.9963,7550590
18.0004,-188906
18.0046,-6927496
18.0087,-6772582
18.0128,58812
18.0169,7029218
18.0210,184671
18.0251,-7692686
18.0292,-6478000
18.0335,-1900118
18.0374,5741224
18.0415,186424
18.0459,-7753596
18.0499,-5381192
18.0541,-1844107
18.0580,6208395
18.0622,1815132
18.0623,-7363830
18.0661,-4348451
18.0702,-1984966
18.0743,6766768
18.0783,2726145
18.0825,-7262964
18.0865,-3340196
18.0906,-2496591
18.0946,6338976
18.0988,2955450
18.1028,-8118355
18.1071,-2966377
18.1110,-2604081
18.1151,6614469
18.1193,4052666
18.1234,-6678149
18.1275,-1999032
18.1315,-2794892
18.1356,6253942
18.1397,4438501
18.1438,-6794048
18.1479,-1106764
18.1520,-4075238
18.1561,5592193
18.1602,4383153
18.1643,-8076952
18.1684,-1991762
18.1727,-4835729
18.1766,5813026
18.1809,4938959
18.1851,-7841388
18.1890,-1482235
18.1891,-5724940
18.1930,5733068
18.1971,5421965
18.2011,-7616514
18.2052,-816591
18.2094,-6095498
18.2135,6121958
18.2175,6302650
18.2217,-6907917
18.2257,-297450
18.2298,-6488504
18.2339,5902482
18.2380,6366455
18.2422,-6966825
18.2462,-273272
18.2503,-6982283
18.2544,5894640
18.2585,6869668
18.2626,-6287583
18.2667,188618
18.2708,-6897919
18.2749,6017786
18.2789,7072456
18.2831,-6187867
18.2871,-147541
18.2913,-7148259
18.2953,6241661
18.2994,6972156
18.3037,-6351929
18.3076,-742322
18.3118,-7288440
18.3159,6182453
18.3160,7187365
18.3200,-5905425
18.3241,-963493
18.3282,-6936100
18.3323,6683270
18.3365,7628934
18.3404,-5274760
18.3445,-1247261
18.3486,-6600247
18.3527,7139882
18.3569,7624176
18.3610,-5138788
18.3651,-2218513
18.3692,-6751964
18.3733,7088582
18.3773,7598515
18.3815,-4827095
18.3856,-3334040
18.3897,-6822552
18.3937,6750831
18.3978,7588367
18.4021,-4554093
18.4061,-4558089
18.4101,-7044820
18.4142,6284795
18.4183,7551510
18.4224,-3791037
18.4267,-5067204
18.4306,-6771901
18.4349,5511469
18.4390,7201817
18.4429,-3242234
18.4430,-5677810
18.4469,-6395259
18.4510,4835589
18.4551,6881172
18.4592,-2870005
18.4633,-6185750
18.4674,-5900396
18.4715,3966641
18.4756,6391769
18.4797,-2334780
18.4839,-6758491
18.4879,-5108156
18.4919,3178687
18.4960,5880578
18.5001,-1435682
18.5043,-7046743
18.5083,-4631575
18.5124,2037739
18.5165,5422858
18.5206,-732473
18.5247,-7410520
18.5288,-3843209
18.5329,1302666
18.5370,4969333
18.5411,-16783
18.5452,-7622738
18.5493,-2995583
18.5534,584275
18.5575,4437798
18.5619,359239
18.5658,-8218450
18.5701,-2359557
18.5702,764213
18.5739,4368531
18.5780,1749289
18.5820,-7991784
18.5862,-2366016
18.5903,-1871947
18.5944,5372358
18.5984,2464308
18.6025,-8317374
18.6067,-2345152
18.6108,-2821356
18.6148,6738576
18.6189,4182827
18.6230,-7482581
18.6271,-1247287
18.6312,-3035079
18.6353,7917501
18.6395,5341372
18.6436,-6697508
18.6477,-1641086
18.6518,-4284789
18.6559,8388607
18.6600,6177827
18.6641,-6486147
18.6681,-538974
18.6723,-4557380
18.6764,8235709
18.6805,6163880
18.6847,-7120649
18.6887,-1764642
18.6929,-6248972
18.6969,7525414
18.6969,6625855
18.7008,-6735155
18.7050,-1938110
18.7090,-6964789
18.7131,8025938
18.7172,7117268
18.7213,-6678631
18.7254,-1851748
18.7295,-7091113
18.7336,8166990
18.7377,7205855
18.7418,-7330257
18.7459,-1785341
18.7500,-7107504
18.7541,8387564
18.7583,7465909
18.7623,-7019448
18.7664,-1629233
18.7705,-7116317
18.7745,8388607
18.7787,7834350
18.7828,-6599342
18.7869,-1585666
18.7909,-6768874
18.7950,8388607
18.7992,7999369
18.8033,-6689121
18.8074,-1942752
18.8116,-6762643
18.8156,8388607
18.8198,7971826
18.8238,-6699699
18.8280,-2945473
18.8283,-6933715
18.8319,8388607
18.8360,8002030
18.8401,-6328729
18.8442,-3851060
18.8483,-7027252
18.8524,8388607
18.8565,8147423
18.8606,-5710563
18.8647,-4882557
18.8688,-7292871
18.8729,7628299
18.8771,8275106
18.8812,-5031643
18.8852,-5519689
18.8894,-6709479
18.8934,7770668
18.8975,8388607
18.9016,-4076449
18.9057,-5736285
18.9098,-6286122
18.9139,7106773
18.9180,8157116
18.9221,-3647318
18.9262,-6878583
18.9303,-6450327
18.9344,5488180
18.9385,7907238
18.9428,-3535990
18.9470,-7850565
18.9511,-6406240
18.9550,4449289
18.9551,8063560
18.9590,-2477176
18.9631,-8388608
18.9672,-8388608
18.9712,-8388608
18.9753,8388607
18.9795,8388607
18.9835,6633307
18.9876,-8388608
18.9918,-8388608
18.9958,8388607
19.0005,8388607
19.0040,5456667
19.0081,-8388608
19.0122,-8388608
19.0163,8388607
19.0204,8388607
19.0245,7103963
19.0286,-8388608
19.0327,-8388608
19.0368,8388607
19.0409,8388607
19.0450,8388607
19.0491,-8388608
19.0532,-8388608
19.0573,8280603
19.0614,8388607
19.0655,8388607
19.0698,-8388608
19.0738,-8388608
19.0779,6898051
19.0820,8388607
19.0821,8388607
19.0860,-8388608
19.0900,-8388608
19.0941,5765535
19.0983,8388607
19.1023,8388607
19.1064,-8388608
19.1105,-8388608
19.1146,4382983
19.1187,8388607
19.1228,8388607
19.1269,-7633452
19.1310,-8388608
19.1351,3265175
19.1392,8388607
19.1433,8388607
19.1474,-5515500
19.1515,-8388608
19.1555,1853207
19.1597,8388607
19.1637,8388607
19.1679,-7324584
19.1720,-8388608
19.1760,1897331
19.1801,8388607
19.1842,8388607
19.1883,-8388608
19.1926,-8388608
19.1965,706883
19.2007,8388607
19.2050,8388607
19.2088,-8388608
19.2089,-8388608
19.2128,-176497
19.2169,8388607
19.2210,8388607
19.2251,-8388608
19.2292,-8388608
19.2333,-1235473
19.2374,8388607
19.2415,8388607
19.2456,-2926892
19.2497,-8388608
19.2538,-2618025
19.2579,8388607
19.2620,8388607
19.2661,-8388608
19.2703,-8388608
19.2743,-4074117
19.2784,8388607
19.2826,8388607
19.2867,-8388608
19.2908,-8388608
19.2948,-5662581
19.2989,8388607
19.3030,8388607
19.3071,2441527
19.3113,-8388608
19.3153,-6898053
19.3194,8388607
19.3236,8388607
19.3278,2750395
19.3318,-8388608
19.3359,-7942321
19.3360,8388607
19.3399,8388607
19.3439,-3824080
19.3480,-8388608
19.3521,-8388608
19.3562,8388607
19.3603,8388607
19.3644,5118383
19.3685,-8388608
19.3726,-8388608
19.3766,8388607
19.3808,8388607
19.3848,6044987
19.3890,-8388608
19.3930,-8388608
19.3971,8388607
19.4012,8388607
19.4053,2456235
19.4094,-8388608
19.4135,-8388608
19.4176,8388607
19.4217,8388607
19.4258,2117951
19.4299,-8388608
19.4340,-8388608
19.4381,8388607
19.4422,8388607
19.4464,-29417
19.4505,-8388608
19.4549,-8388608
19.4588,8388607
19.4627,8388607
19.4628,-6032432
19.4669,-8388608
19.4709,-1014729
19.4751,8388607
19.4791,387836
19.4832,-8388608
19.4872,-8388608
19.4915,-2647125
19.4955,8388607
19.4996,193918
19.5037,-7246787
19.5078,-8388608
19.5120,-6584749
19.5160,8388607
19.5202,5932502
19.5242,-5018170
19.5283,-8388608
19.5326,-6666372
19.5366,8388607
19.5406,6558582
19.5447,-5696518
19.5487,-8388608
19.5529,-5199265
19.5570,8388607
19.5611,5607647
19.5652,-7827376
19.5693,-5348100
19.5734,-3312371
19.5775,8388607
19.5816,4808451
19.5858,-8167075
19.5899,-5819894
19.5900,-6077543
19.5938,8388607
19.5979,4860421
19.6019,-5747159
19.6061,-6315962
19.6102,-6021768
19.6142,8388607
19.6184,6425578
19.6224,-7328807
19.6266,-5580379
19.6306,-7518273
19.6348,8388607
19.6389,5960227
19.6429,-8388608
19.6471,-6849295
19.6511,-8018031
19.6553,8388607
19.6593,6508513
19.6635,-8388608
19.6675,-6642081
19.6717,-8388608
19.6757,8388607
19.6799,7598238
19.6839,-7883502
19.6880,-6106539
19.6921,-8388608
19.6961,8388607
19.7003,8318130
19.7045,-7047950
19.7084,-6264821
19.7127,-8388608
19.7166,8388607
19.7207,8388607
19.7208,-5301550
19.7248,-6423437
19.7290,-8388608
19.7330,8388607
19.7371,8388607
19.7412,-2406148
19.7453,-6209718
19.7494,-8388608
19.7535,2941422
19.7576,8388607
19.7617,7110309
19.7658,-7108943
19.7698,-8388608
19.7740,1177247
19.7781,8388607
19.7822,5761215
19.7863,-6846437
19.7903,-8388608
19.7944,-211204
19.7985,8388607
19.8027,-4737916
19.8067,-8388608
19.8108,-8388608
19.8149,6248194
19.8190,8388607
19.8232,-3935906
19.8272,-7366937
19.8315,-8388608
19.8354,6625582
19.8396,8388607
19.8437,-3539958
19.8477,-7388656
19.8478,-8388608
19.8518,6213970
19.8559,8388607
19.8600,-3002380
19.8641,-7936397
19.8682,-8388608
19.8723,5126286
19.8763,8388607
19.8805,-2139370
19.8845,-8340783
19.8887,-8388608
19.8927,4041886
19.8968,8388607
19.9009,-1489280
19.9051,-8388608
19.9092,-8388608
19.9132,3056786
19.9173,8388607
19.9214,-890527
19.9255,-8388608
19.9296,-8388608
19.9337,2076665
19.9378,8388607
19.9419,-422759
19.9460,-8388608
19.9501,-7792775
19.9542,1441173
19.9583,8388607
19.9624,568134
19.9666,-8388608
19.9705,-7198914
19.9706,384761
19.9747,8388607
19.9788,2027374
19.9830,-7826267
19.9870,-2793797
19.9911,2527891
19.9952,8388607
19.9993,3112628
20.0035,-8092486
20.0075,-5522844
20.0116,-1362965
20.0157,8388607
20.0198,1803519
20.0239,-8388608
20.0280,-2856192
20.0321,688692
20.0362,8388607
20.0403,1394835
20.0443,-8388608
20.0485,-3594427
20.0526,-1031628
20.0567,8388607
20.0608,1977243
20.0650,-8388608
20.0690,-3452245
20.0731,-2956134
20.0772,8388607
20.0813,2410968
20.0856,-8388608
20.0896,-4299717
20.0937,-3351566
20.0978,8388607
20.1017,3856804
20.1018,-8388608
20.1058,-2629611
20.1099,-4076973
20.1139,8388607
20.1180,4886656
20.1221,-8388608
20.1262,-2346248
20.1303,-5019727
20.1345,8388607
20.1386,5457053
20.1428,-8388608
20.1467,-2275994
20.1508,-5793677
20.1549,8388607
20.1590,6202668
20.1631,-8388608
20.1672,-2582787
20.1713,-6862702
20.1754,8388607
20.1795,5088967
20.1837,-8388608
20.1877,8388607
20.1918,5309587
20.1958,1970871
20.2000,-8388608
20.2041,-8388608
20.2081,8388607
20.2123,5736119
20.2164,3338715
20.2208,-8388608
20.2247,-8388608
20.2288,8388607
20.2288,5839075
20.2329,4677143
20.2368,-8388608
20.2409,-8388608
20.2451,8388607
20.2491,6313330
20.2534,6000863
20.2573,-8388608
20.2614,-8388608
20.2657,8388607
20.2696,7015715
20.2738,7221627
20.2780,-8388608
20.2820,-8388608
20.2861,8388607
20.2901,7368707
20.2943,8388607
20.2983,-8388608
20.3024,-8388608
20.3065,8388607
20.3107,7079130
20.3147,8388607
20.3188,-8388608
20.3229,-8388608
20.3270,7339291
20.3313,6306252
20.3353,8388607
20.3396,-8388608
20.3440,-8388608
20.3476,-3513534
20.3515,-8388608
20.3556,7976626
20.3557,8388607
20.3601,-6669109
20.3644,-6945793
20.3681,-8377415
20.3720,7343567
20.3764,8388607
20.3802,-5745944
20.3844,-7575118
20.3888,-8059870
20.3927,6558608
20.3974,8388607
20.4008,-4944552
20.4048,-8296787
20.4091,-7467374
20.4137,5659845
20.4175,8388607
20.4212,-4036602
20.4256,-8388608
20.4303,-6769062
20.4334,4795049
20.4375,8388607
20.4418,-3141336
20.4462,-8388608
20.4505,-6021982
20.4539,3947347
20.4582,8388607
20.4632,-2091644
20.4662,-8388608
20.4703,-5277138
20.4753,3001346
20.4786,-8388608
20.4827,-8388608
20.4866,-1647297
20.4867,8388607
20.4919,8388607
20.4958,-8388608
20.4989,-8388608
20.5031,-2750397
20.5082,8388607
20.5115,8388607
20.5160,-7662868
20.5194,-8388608
20.5244,-3838789
20.5279,8388607
20.5323,8388607
20.5361,-6118528
20.5415,-8388608
20.5443,-4706561
20.5486,8388607
20.5524,8388607
20.5578,-4780100
20.5609,-8388608
20.5645,-6383273
20.5688,8388607
20.5727,8388607
20.5774,-3721124
20.5816,-8388608
20.5856,-7339293
20.5891,8388607
20.5937,8388607
20.5974,-2412112
20.6014,-8388608
20.6055,-8388608
20.6095,8388607
20.6139,7971735
20.6140,-1187661
20.6178,-8388608
20.6220,-8388608
20.6272,8388607
20.6300,6868635
20.6341,-244260
20.6383,-8388608
20.6426,-8388608
20.6465,8388607
20.6513,5736119
20.6547,308867
20.6594,-8388608
20.6632,-8388608
20.6672,8388607
20.6711,5736119
20.6757,1529631
20.6794,-8388608
20.6836,-8388608
20.6874,8388607
20.6920,5750827
20.6958,2691563
20.6999,-8388608
20.7040,-8388608
20.7091,8388607
20.7126,6206775
20.7170,4103531
20.7201,-8388608
20.7251,-8388608
20.7283,8388607
20.7326,5879335
20.7365,5309587
20.7406,-8388608
20.7415,-8388608
20.7450,8388607
20.7491,6736263
20.7529,6559767
20.7581,-8388608
20.7616,-8388608
20.7652,8388607
20.7694,7089255
20.7747,7736407
20.7779,-8388608
20.7819,-8388608
20.7857,8388607
20.7912,7401380
20.7941,8388607
20.7982,-8388608
20.8027,-324947
20.8082,-8388608
20.8108,-8388608
20.8144,-8388608
20.8187,8388607
20.8242,5746187
20.8270,-8388608
20.8313,-8388608
20.8348,-8388608
20.8389,8388607
20.8435,5122986
20.8477,-8388608
20.8512,-8388608
20.8554,-8388608
20.8595,8388607
20.8636,6522913
20.8679,-8388608
20.8680,-8388608
20.8718,-8388608
20.8759,8388607
20.8802,7258223
20.8840,-8388608
20.8881,-8388608
20.8926,-8388608
20.8965,8177647
20.9009,7620228
20.9045,-8388608
20.9086,-8388608
20.9131,-8388608
20.9167,6942175
20.9209,8018724
20.9260,-8388608
20.9295,-8388608
20.9333,-8388608
20.9372,5498236
20.9421,8388607
20.9465,-8388608
20.9496,-8388608
20.9537,-8388608
20.9585,8388607
20.9622,8388607
20.9660,-4808991
20.9701,-8388608
20.9743,-8388608
20.9790,8045275
20.9824,8388607
20.9864,-3865441
20.9910,-8388608
20.9946,-8388608
20.9946,6442103
20.9986,8388607
21.0029,-2545777
21.0086,-8388608
21.0114,-8388608
21.0152,6795095
21.0191,8388607
21.0247,8388607
21.0276,-8388608
21.0323,-8388608
21.0355,4162363
21.0413,8388607
21.0438,-239621
21.0479,-8388608
21.0524,-8388608
21.0574,2948037
21.0607,8388607
21.0644,8388607
21.0683,-8388608
21.0740,-8388608
21.0772,1630761
21.0807,8388607
21.0846,2101756
21.0888,-8388608
21.0938,-8388608
21.0974,573778
21.1015,8388607
21.1051,8388607
21.1093,-8388608
21.1134,-8388608
21.1175,-556628
21.1215,8388607
21.1216,4201440
21.1269,-8388608
21.1297,-8388608
21.1338,-1262159
21.1379,8388607
21.1424,5369076
21.1461,-8388608
21.1502,-8388608
21.1544,-3103389
21.1588,8388607
21.1626,5809450
21.1667,-8388608
21.1708,-8388608
21.1758,-4088825
21.1792,8388607
21.1830,6723839
21.1871,-8388608
21.1913,-8388608
21.1955,-4765393
21.1993,8388607
21.2034,7282668
21.2086,-8388608
21.2125,-8388608
21.2159,-7079990
21.2198,8388607
21.2251,7309388
21.2281,-8388608
21.2321,-8388608
21.2362,-8388608
21.2409,8388607
21.2446,-8388608
21.2486,8388607
21.2486,8388607
21.2526,7824655
21.2582,-8388608
21.2609,-8388608
21.2650,8388607
21.2690,8201220
21.2742,8388607
21.2776,-8388608
21.2820,-8388608
21.2853,7942319
21.2906,7809947
21.2938,8388607
21.2983,-8388608
21.3018,-8388608
21.3074,7515787
21.3103,7751115
21.3147,8388607
21.3181,-8388608
21.3243,-8388608
21.3266,5589039
21.3314,7280459
21.3345,8388607
21.3386,-8388608
21.3441,-8388608
21.3469,4897763
21.3509,6927467
21.3550,8388607
21.3591,-8388608
21.3633,-8388608
21.3673,3441671
21.3715,6677431
21.3756,8388607
21.3757,-6192069
21.3795,-1289189
21.3836,-7614003
21.3879,-6953993
21.3929,4172460
21.3963,8388607
21.4000,692188
21.4041,-7667539
21.4083,-5969079
21.4128,3114456
21.4169,8388607
21.4206,1926948
21.4248,-7747441
21.4289,-5632325
21.4329,1679566
21.4369,8388607
21.4415,2205660
21.4457,-8335277
21.4493,-5373047
21.4532,460006
21.4579,8388607
21.4618,3569444
21.4657,-7691960
21.4698,-4372937
21.4750,-46676
21.4783,8388607
21.4822,4920575
21.4861,-6518497
21.4913,-2408516
21.4951,2276641
21.4984,8388607
21.5025,5767311
21.5071,-6328686
21.5074,-4473972
21.5108,-5558118
21.5148,8388607
21.5188,6509555
21.5239,-620232
21.5278,-8388608
21.5317,-8388608
21.5356,8388607
21.5408,8388607
21.5451,5586233
21.5475,-8388608
21.5516,-8388608
21.5568,8388607
21.5599,7521251
21.5640,-4720901
21.5681,-3564059
21.5735,-4757542
21.5768,8388607
21.5806,8388607
21.5844,-3942180
21.5902,-2413246
21.5935,-4285221
21.5970,8388607
21.6007,8388607
21.6054,-3739687
21.6092,-1819884
21.6140,-6111595
21.6175,8388607
21.6236,7270944
21.6254,-8058227
21.6295,-5244182
21.6334,-8388608
21.6335,8388607
21.6377,5437103
21.6421,-7701665
21.6459,-4708206
21.6499,-8216853
21.6540,8388607
21.6582,8388607
21.6625,1154678
21.6666,6016921
21.6705,-4457352
21.6750,8388607
21.6798,8388607
21.6828,812007
21.6868,-3492995
21.6919,-8388608
21.6952,-8388608
21.6990,8388607
21.7031,8388607
21.7077,8388607
21.7119,-8388608
21.7157,-8388608
21.7196,8388607
21.7248,8388607
21.7282,8388607
21.7318,-8388608
21.7359,-8388608
21.7404,7412831
21.7445,8388607
21.7483,8388607
21.7524,8388607
21.7568,1485507
21.7606,-8388608
21.7607,-8388608
21.7645,8388607
21.7686,8388607
21.7740,2838643
21.7771,-8388608
21.7815,-8388608
21.7851,8388607
21.7910,8388607
21.7939,4088823
21.7975,-8388608
21.8015,-8388608
21.8068,8388607
21.8102,8388607
21.8142,5221339
21.8178,-8388608
21.8240,-8388608
21.8270,8388607
21.8307,-5147800
21.8343,-8388608
21.8386,4956595
21.8433,8388607
21.8473,8388607
21.8507,-8236480
21.8547,-8388608
21.8593,1132515
21.8638,8388607
21.8670,8388607
21.8711,-5456668
21.8752,-8388608
21.8793,-603029
21.8835,8388607
21.8877,8388607
21.8878,-5942032
21.8921,-8388608
21.8957,-603029
21.9004,8388607
21.9040,8388607
21.9088,-3059264
21.9125,-8388608
21.9170,-3588753
21.9202,8388607
21.9245,8388607
21.9294,-1970872
21.9328,-8388608
21.9366,-4603605
21.9415,8388607
21.9451,8388607
21.9495,-1161932
21.9530,-8388608
21.9575,-5515501
21.9612,8388607
21.9654,8388607
21.9695,191203
21.9751,-8388608
21.9778,-7795241
21.9818,8388607
21.9857,8388607
21.9903,617735
21.9946,-8388608
21.9981,-7633453
22.0021,8388607
22.0067,8388607
22.0104,1338427
22.0147,-8388608
22.0148,-8388608
22.0185,8388607
22.0242,8388607
22.0268,1176639
22.0312,-8388608
22.0349,-8388608
22.0390,8388607
22.0434,8388607
22.0472,2676855
22.0518,-8388608
22.0555,-8388608
22.0595,8388607
22.0637,8388607
22.0676,4235903
22.0720,-8388608
22.0762,-8388608
22.0799,8388607
22.0840,8388607
22.0882,5853783
22.0931,-8388608
22.0963,-8388608
22.1004,1485507
22.1046,-7412833
22.1088,8388607
22.1128,8388607
22.1169,-6000864
22.1210,-8388608
22.1253,-7383417
22.1292,8388607
22.1336,8388607
22.1373,-4941888
22.1414,-8388608
22.1415,-8388608
22.1456,8388607
22.1496,8388607
22.1537,-3691708
22.1583,-8388608
22.1628,-8388608
22.1660,8388607
22.1701,8388607
22.1748,-2588608
22.1791,-8388608
22.1829,-8388608
22.1864,8388607
22.1916,8388607
22.1955,-1219449
22.1987,-8388608
22.2028,-8388608
22.2071,8388607
22.2113,8388607
22.2151,-174744
22.2192,-8388608
22.2236,-8388608
22.2276,8388607
22.2320,8388607
22.2356,323575
22.2406,-8388608
22.2439,-8388608
22.2480,8388607
22.2520,8388607
22.2567,1353135
22.2602,-8388608
22.2644,-8388608
22.2688,8388607
22.2688,8388607
22.2743,2662147
22.2776,-8388608
22.2806,-250037
22.2847,2176783
22.2889,8388607
22.2934,-8388608
22.2970,5074259
22.3011,8388607
22.3056,7942319
22.3097,-4485940
22.3134,-8388608
22.3175,8388607
22.3217,8388607
22.3257,8388607
22.3303,-8251188
22.3339,-8388608
22.3380,8388607
22.3425,8388607
22.3468,8388607
22.3503,-8388608
22.3544,-8388608
22.3587,8388607
22.3626,8388607
22.3667,8388607
22.3708,-8388608
22.3749,-8388608
22.3791,8388607
22.3832,8388607
22.3872,8388607
22.3915,-8388608
22.3955,-8388608
22.3955,8388607
22.3994,8388607
22.4037,8221771
22.4078,-5721413
22.4119,-8388608
22.4158,-8388608
22.4199,7530495
22.4246,8388607
22.4285,8388607
22.4322,8388607
22.4364,-8388608
22.4413,-8388608
22.4445,2206199
22.4486,8388607
22.4527,5559623
22.4574,-4471233
22.4612,8388607
22.4649,8388607
22.4690,-8388608
22.4740,-8388608
22.4773,6074403
22.4815,8388607
22.4854,8388607
22.4909,-8388608
22.4940,-8388608
22.4978,6456811
22.5018,8388607
22.5073,8388607
22.5101,-8368852
22.5143,-8388608
22.5183,5015427
22.5227,8388607
22.5238,8388607
22.5269,-8388608
22.5307,-8388608
22.5346,3809371
22.5411,8388607
22.5432,8388607
22.5469,-6103820
22.5510,-8388608
22.5565,1779667
22.5594,8388607
22.5633,8388607
22.5674,-6956884
22.5738,-8388608
22.5758,1353135
22.5803,8388607
22.5842,8388607
22.5879,-6853928
22.5926,-8388608
22.5966,249900
22.6004,8388607
22.6043,8388607
22.6086,-8388608
22.6129,-8388608
22.6174,-161789
22.6207,8388607
22.6250,8388607
22.6288,-8388608
22.6336,-8388608
22.6372,-2147369
22.6416,8388607
22.6453,8388607
22.6494,-8388608
22.6535,-8388608
22.6536,-2647441
22.6580,8388607
22.6621,8388607
22.6660,-8388608
22.6700,-8388608
22.6743,-3677001
22.6787,8388607
22.6827,8388607
22.6861,-5294880
22.6908,-8388608
22.6951,-4927181
22.6986,8388607
22.7026,8388607
22.7078,-6750972
22.7115,-8388608
22.7152,-6795097
22.7190,8388607
22.7233,8388607
22.7283,-8074692
22.7312,-8388608
22.7353,-7780533
22.7398,8388607
22.7436,-1646688
22.7476,-6524618
22.7517,-8388608
22.7565,6050349
22.7601,8388607
22.7641,-2128878
22.7682,-6760453
22.7729,-8388608
22.7764,5213184
22.7804,8388607
22.7805,-601315
22.7844,-6848154
22.7899,-8388608
22.7931,3890760
22.7971,8388607
22.8013,2006938
22.8050,-8294394
22.8091,-8388608
22.8139,681023
22.8179,8388607
22.8228,4032083
22.8257,-8388608
22.8296,-8388608
22.8339,-1266480
22.8378,8388607
22.8427,5355031
22.8466,-8388608
22.8500,-8388608
22.8541,-3598573
22.8581,8388607
22.8630,6740068
22.8665,-8388608
22.8705,-8388608
22.8748,-4512301
22.8787,8388607
22.8828,7531500
22.8869,-8268440
22.8910,-8388608
22.8953,-5433143
22.8996,8388607
22.9032,8035738
22.9081,-8105600
22.9083,-8388608
22.9114,-6357807
22.9156,8388607
22.9198,8388607
22.9241,-7718152
22.9283,-8388608
22.9319,-7315599
22.9360,8388607
22.9407,8388607
22.9443,-7264252
22.9483,-8388608
22.9528,-7808586
22.9573,8388607
22.9608,8388607
22.9649,-6546892
22.9689,-8388608
22.9730,-8388608
22.9770,7427539
22.9810,8388607
22.9851,8388607
22.9899,-8388608
22.9939,-8388608
22.9975,5589039
23.0015,8388607
23.0066,8388607
23.0104,-8388608
23.0138,-8388608
23.0179,4294735
23.0237,8388607
23.0263,8388607
23.0303,-7001008
23.0346,-8388608
23.0346,3103387
23.0404,8388607
23.0430,8388607
23.0467,-8388608
23.0507,-8388608
23.0569,1853207
23.0594,8388607
23.0629,8388607
23.0670,-5221340
23.0730,-8388608
23.0758,720742
23.0793,8388607
23.0834,8388607
23.0876,-3853496
23.0921,-8388608
23.0957,-73541
23.0998,8388607
23.1039,8388607
23.1089,-2941600
23.1121,-8388608
23.1162,-1000145
23.1203,8388607
23.1246,8388607
23.1285,-538824
23.1326,-8388608
23.1367,-2809229
23.1413,8388607
23.1449,8388607
23.1489,44123
23.1532,-8388608
23.1574,-3353425
23.1614,8388607
23.1614,8388607
23.1653,102955
23.1697,-8388608
23.1744,-4500649
23.1780,8388607
23.1819,8388607
23.1859,1794375
23.1902,-8388608
23.1946,-5765537
23.1981,8388607
23.2022,8388607
23.2073,2191491
23.2113,-5633165
23.2147,-8388608
23.2186,-468786
23.2230,-8388608
23.2276,8388607
23.2309,8388607
23.2350,1941455
23.2399,-8388608
23.2439,-8388608
23.2473,8388607
23.2514,8388607
23.2561,3338715
23.2603,-8388608
23.2636,-8388608
23.2678,8388607
23.2732,8388607
23.2767,4382983
23.2803,-8388608
23.2842,-8388608
23.2892,8388607
23.2898,8388607
23.2927,5765535
23.2965,-8388608
23.3005,-8388608
23.3065,8388607
23.3095,8388607
23.3129,6809803
23.3169,-8388608
23.3230,-8388608
23.3259,7795239
23.3292,8388607
23.3333,8133523
23.3374,-8388608
23.3419,-8388608
23.3459,6412687
23.3500,8388607
23.3539,8388607
23.3585,-8388608
23.3625,-8388608
23.3661,5383127
23.3701,8388607
23.3750,8388607
23.3786,-8388608
23.3824,-8388608
23.3866,3897619
23.3911,8388607
23.3951,8388607
23.3989,-8388608
23.4030,-8388608
23.4074,2823935
23.4112,8388607
23.4152,8388607
23.4192,-8388608
23.4193,-8388608
23.4238,1912039
23.4280,8388607
23.4316,8388607
23.4357,-8388608
23.4401,-8388608
23.4447,334758
23.4480,8388607
23.4520,8388607
23.4562,-8388608
23.4604,-8388608
23.4643,-8099
23.4684,8388607
23.4731,8388607
23.4768,-8388608
23.4808,-8388608
23.4848,-1161933
23.4893,8388607
23.4932,8388607
23.4976,-8388608
23.5012,-8388608
23.5070,6850916
23.5104,7030423
23.5135,2662147
23.5176,-8388608
23.5223,293882
23.5262,8388607
23.5299,-1142121
23.5340,1073683
23.5401,-8388608
23.5402,-88249
23.5464,8388607
23.5465,-1485509
23.5503,1823791
23.5565,-8388608
23.5591,-720693
23.5630,8388607
23.5668,-3397549
23.5729,2735687
23.5749,-8388608
23.5802,-1926749
23.5831,8388607
23.5873,58831
23.5915,3132803
23.5955,-8388608
23.6002,-1882625
23.6037,8388607
23.6081,-1470801
23.6126,4088823
23.6159,-8388608
23.6201,-2265033
23.6242,8388607
23.6282,-2735689
23.6326,5824367
23.6364,-8388608
23.6406,-2367989
23.6446,8388607
23.6486,390019
23.6529,7265751
23.6576,-8388608
23.6611,-4633021
23.6651,8388607
23.6692,-2760330
23.6733,8388607
23.6744,-8388608
23.6775,-8388608
23.6815,8388607
23.6855,308867
23.6901,8388607
23.6940,-8388608
23.6979,-8388608
23.7021,8388607
23.7068,44123
23.7103,8388607
23.7144,-8388608
23.7183,-8388608
23.7225,8388607
23.7269,1809083
23.7307,8388607
23.7347,-8388608
23.7392,-8388608
23.7435,8388607
23.7479,-1420092
23.7511,8388607
23.7565,-8388608
23.7598,-8388608
23.7640,8388607
23.7675,2794519
23.7731,8388607
23.7756,-8388608
23.7803,-8388608
23.7840,8388607
23.7880,5205154
23.7923,8388607
23.7963,-7662868
23.8002,-8388608
23.8003,-8388608
23.8057,8118815
23.8086,8388607
23.8132,7648159
23.8166,-8388608
23.8210,-8388608
23.8255,6839219
23.8293,8388607
23.8332,8388607
23.8371,-8388608
23.8416,-8388608
23.8457,5486083
23.8494,8388607
23.8535,8388607
23.8582,-8388608
23.8623,-8388608
23.8663,4309443
23.8699,8388607
23.8741,8388607
23.8787,-8388608
23.8825,-8388608
23.8863,3103387
23.8909,8388607
23.8948,8388607
23.8985,-8388608
23.9026,-8388608
23.9070,2073827
23.9114,8388607
23.9150,8388607
23.9191,-8388608
23.9235,-8388608
23.9239,821218
23.9272,8388607
23.9313,8388607
23.9354,-8388608
23.9400,-8388608
23.9438,6496
23.9476,8388607
23.9518,8388607
23.9567,-8388608
23.9604,-8388608
23.9640,-838357
23.9681,8388607
23.9729,8388607
23.9767,-8388608
23.9811,-8388608
23.9845,-2000289
23.9890,8388607
23.9937,8388607
23.9970,-8388608
24.0009,-8388608
24.0060,-3279885
24.0101,8388607
24.0134,8388607
24.0173,-8388608
24.0226,-8388608
24.0260,-4471233
24.0297,8388607
24.0338,8388607
24.0395,-7501080
24.0420,-8388608
24.0461,-5971449
24.0502,8388607
24.0548,8388607
24.0569,-6368564
24.0584,-8388608
24.0624,-7309877
24.0665,8388607
24.0707,8388607
24.0750,-4868348
24.0789,-8388608
24.0829,-8388608
24.0869,8388607
24.0915,8388607
24.0952,-3882912
24.0992,-8388608
24.1033,-8388608
24.1078,8388607
24.1122,8388607
24.1156,-2456236
24.1198,-8388608
24.1241,-8388608
24.1283,8388607
24.1320,8388607
24.1361,-1220764
24.1404,-8388608
24.1443,-8388608
24.1485,8388607
24.1525,8388607
24.1569,-58059
24.1607,-8388608
24.1649,-8388608
24.1689,8388607
24.1740,8388607
24.1772,485363
24.1812,-8388608
24.1813,-8388608
24.1852,8388607
24.1894,8388607
24.1941,1720835
24.1975,-8388608
24.2016,-8388608
24.2060,8388607
24.2100,8388607
24.2139,3000431
24.2183,-8388608
24.2225,-8388608
24.2266,8388607
24.2306,8388607
24.2345,4412399
24.2408,-8388608
24.2432,-8388608
24.2467,8388607
24.2507,8388607
24.2558,5647871
24.2596,-8388608
24.2639,-8388608
24.2673,6280315
24.2726,8388607
24.2758,8388607
24.2795,-8388608
24.2835,-8388608
24.2887,3000431
24.2923,8388607
24.2962,8388607
24.3001,-8388608
24.3051,-8388608
24.3083,1117807
24.3083,8388607
24.3122,8388607
24.3163,-8388608
24.3233,-8388608
24.3247,-926605
24.3288,8388607
24.3329,8388607
24.3368,-8388608
24.3412,-8388608
24.3456,-2191493
24.3491,8388607
24.3531,8388607
24.3576,-8388608
24.3618,-8388608
24.3663,-2912185
24.3696,8388607
24.3739,8388607
24.3783,-8388608
24.3824,-8388608
24.3860,-2456237
24.3905,8388607
24.3945,8388607
24.3983,-8388608
24.4023,-8388608
24.4072,-3441673
24.4106,8388607
24.4151,8388607
24.4187,-8388608
24.4236,-8388608
24.4270,-4338861
24.4310,8388607
24.4351,8388607
24.4392,-8388608
24.4397,-8388608
24.4437,-5794953
24.4474,8388607
24.4514,8388607
24.4566,-7677576
24.4602,-8388608
24.4641,-7383417
24.4678,8388607
24.4728,603027
24.4764,1117807
24.4802,-463837
24.4842,-8388608
24.4884,8388607
24.4924,8388607
24.4973,-5486084
24.5013,-8388608
24.5060,-8388608
24.5098,8388607
24.5132,-4441816
24.5177,-3662293
24.5230,8388607
24.5255,8388607
24.5296,3147511
24.5336,-8388608
24.5399,-8388608
24.5422,8388607
24.5457,8388607
24.5505,3426963
24.5552,-8388608
24.5583,-8388608
24.5622,8388607
24.5661,8388607
24.5662,4780099
24.5718,-8388608
24.5751,-8388608
24.5785,8388607
24.5827,8388607
24.5870,6147943
24.5913,-8388608
24.5957,-8388608
24.5990,8388607
24.6030,8388607
24.6073,7442247
24.6112,-8388608
24.6153,-8388608
24.6194,8388607
24.6244,8388607
24.6277,8388607
24.6317,-8388608
24.6359,-8388608
24.6400,8388607
24.6440,8388607
24.6481,8388607
24.6522,-8388608
24.6565,-8388608
24.6604,8388607
24.6645,8388607
24.6687,8388607
24.6732,-8388608
24.6769,-8388608
24.6809,8388607
24.6850,8388607
24.6895,8388607
24.6931,-8388608
24.6932,-8388608
24.6972,8388607
24.7013,8388607
24.7060,8388607
24.7099,-8388608
24.7136,-8388608
24.7177,7559911
24.7224,8388607
24.7265,8388607
24.7307,-8388608
24.7341,-8388608
24.7389,6236191
24.7428,8388607
24.7470,8388607
24.7505,-8388608
24.7559,-8388608
24.7594,5000719
24.7627,8388607
24.7669,8388607
24.7719,-8388608
24.7757,-8388608
24.7796,3676999
24.7832,8388607
24.7884,8388607
24.7918,-8388608
24.7955,-8388608
24.7996,2441527
24.8045,8388607
24.8080,8388607
24.8119,-8388608
24.8161,-8388608
24.8203,1161931
24.8217,8388607
24.8247,8388607
24.8284,-7412832
24.8325,-8388608
24.8367,123537
24.8413,8388607
24.8447,8388607
24.8488,-6074404
24.8529,-8388608
24.8574,-441241
24.8611,8388607
24.8651,8388607
24.8693,-4735976
24.8737,-8388608
24.8775,-1720837
24.8816,8388607
24.8857,8388607
24.8903,-3529920
24.8938,-8388608
24.8979,-3088681
24.9020,8388607
24.9062,8388607
24.9102,-2206200
24.9143,-8388608
24.9184,-4338861
24.9228,8388607
24.9270,8388607
24.9308,-906884
24.9348,-8388608
24.9392,-5662581
24.9430,8388607
24.9472,8388607
24.9472,14707
24.9512,-8388608
24.9558,-6912761
24.9594,8388607
24.9634,8388607
24.9675,558903
24.9724,-8388608
24.9758,-8162941
24.9798,8388607
24.9839,8388607
24.9882,1867915
24.9925,-8388608
24.9963,-8388608
25.0003,8388607
25.0049,8388607
25.0086,3015139
25.0127,-8388608
25.0167,-8388608
25.0220,8388607
25.0250,8388607
25.0291,4265319
25.0332,-8388608
25.0377,-8388608
25.0417,8388607
25.0454,8388607
25.0494,5486083
25.0558,-8388608
25.0583,-8388608
25.0618,8388607
25.0659,8388607
25.0716,6750971
25.0743,-8388608
25.0781,-8388608
25.0782,8388607
25.0822,8388607
25.0864,8030567
25.0909,-8388608
25.0946,-8388608
25.0986,8388607
25.1028,8388607
25.1075,8388607
25.1112,-8388608
25.1155,-8388608
25.1191,8388607
25.1239,8388607
25.1278,8388607
25.1319,-8388608
25.1356,-8388608
25.1403,8388607
25.1438,8388607
25.1478,8388607
25.1519,-8388608
25.1563,-8388608
25.1602,8388607
25.1643,8388607
25.1683,8388607
25.1731,-8388608
25.1771,-8388608
25.1807,8015859
25.1847,8388607
25.1895,8388607
25.1929,-8388608
25.1970,-8388608
25.2014,6898051
25.2052,8388607
25.2070,8388607
25.2092,-8388608
25.2133,-8388608
25.2174,5736119
25.2228,8388607
25.2260,8388607
25.2297,-8388608
25.2338,-8388608
25.2394,4544771
25.2422,8388607
25.2461,8388607
25.2501,-8388608
25.2547,-8388608
25.2585,3206343
25.2628,8388607
25.2671,8388607
25.2711,-8388608
25.2749,-8388608
25.2790,2059119
25.2829,8388607
25.2889,8388607
25.2912,-8310020
25.2958,-8388608
25.2993,829526
25.3055,8388607
25.3076,8388607
25.3122,-7177504
25.3158,-8388608
25.3199,214432
25.3241,8388607
25.3281,8388607
25.3321,-6265608
25.3321,-8388608
25.3366,-323577
25.3408,8388607
25.3445,8388607
25.3485,-5015428
25.3526,-8388608
25.3572,-1529633
25.3607,8388607
25.3648,8388607
25.3690,-3779956
25.3736,-8388608
25.3773,-2735689
25.3812,8388607
25.3854,8388607
25.3900,-2515068
25.3938,-8388608
25.3979,-3956453
25.4018,8388607
25.4067,8388607
25.4101,-925077
25.4141,-8388608
25.4182,-5647873
25.4222,8388607
25.4271,8388607
25.4303,-17081
25.4345,-8388608
25.4391,-6912761
25.4430,8388607
25.4468,8388607
25.4510,573611
25.4560,-8388608
25.4590,-8089401
25.4591,8388607
25.4632,8388607
25.4672,1867915
25.4714,-8388608
25.4757,-8388608
25.4795,8388607
25.4836,8388607
25.4882,3059263
25.4926,-8388608
25.4959,-8388608
25.5000,8388607
25.5041,8388607
25.5082,4353567
25.5126,-8388608
25.5168,-8388608
25.5220,8388607
25.5251,8388607
25.5291,5486083
25.5328,-8388608
25.5385,-8388608
25.5416,8388607
25.5451,8388607
25.5491,6633307
25.5550,-8388608
25.5581,-8388608
25.5616,8388607
25.5656,8388607
25.5711,7912903
25.5745,-8388608
25.5779,-8388608
25.5821,8388607
25.5865,8388607
25.5879,8388607
25.5904,-8388608
25.5943,-8388608
25.5985,8388607
25.6024,8388607
25.6069,8388607
25.6117,-8388608
25.6147,-8388608
25.6188,8388607
25.6229,8388607
25.6274,8388607
25.6311,-8388608
25.6353,-8388608
25.6393,8388607
25.6436,8388607
25.6478,8388607
25.6516,-8388608
25.6560,-8388608
25.6598,8388607
25.6638,8388607
25.6679,8388607
25.6723,-8388608
25.6763,-8388608
25.6803,7442247
25.6846,8388607
25.6885,8388607
25.6925,-8388608
25.6967,-8388608
25.7007,6309731
25.7057,8388607
25.7089,8388607
25.7131,-8388608
25.7132,-8388608
25.7171,5044843
25.7213,8388607
25.7259,8388607
25.7294,-8388608
25.7335,-8388608
25.7379,3824079
25.7421,8388607
25.7458,8388607
25.7498,-8388608
25.7544,-8388608
25.7589,2676855
25.7621,8388607
25.7662,8388607
25.7715,-8388608
25.7754,-8388608
25.7786,1309011
25.7826,8388607
25.7878,8388607
25.7916,-7692284
25.7949,-8388608
25.7990,300776
25.8034,8388607
25.8076,8388607
25.8119,-6500936
25.8154,-8388608
25.8195,-205913
25.8242,8388607
25.8284,8388607
25.8320,-5309588
25.8363,-8388608
25.8401,-1323721
25.8441,8388607
25.8442,8388607
25.8482,-4059408
25.8523,-8388608
25.8572,-2500361
25.8604,8388607
25.8645,8388607
25.8687,-2882768
25.8734,-8388608
25.8768,-3735833
25.8809,8388607
25.8851,8388607
25.8897,-1720836
25.8935,-8388608
25.8974,-4897765
25.9015,8388607
25.9061,8388607
25.9103,-458829
25.9137,-8388608
25.9178,-6192069
25.9225,8388607
25.9262,8388607
25.9301,73539
25.9342,-8388608
25.9385,-7398125
25.9424,8388607
25.9464,8388607
25.9505,1044267
25.9556,-8388608
25.9590,-8388608
25.9629,8388607
25.9669,8388607
25.9712,2191491
25.9717,-8388608
25.9751,-8388608
25.9792,8388607
25.9833,8388607
25.9883,3544627
25.9918,-8388608
25.9956,-8388608
25.9997,8388607
26.0050,8388607
26.0087,4765391
26.0121,-8388608
26.0162,-8388608
26.0219,8388607
26.0247,8388607
26.0284,5956739
26.0325,-8388608
26.0376,-8388608
26.0412,8388607
26.0448,8388607
26.0488,7206919
26.0548,-8388608
26.0572,-8388608
26.0617,8388607
26.0652,8388607
26.0694,8388607
26.0740,-8388608
26.0785,-8388608
26.0816,8388607
26.0858,8388607
26.0899,8388607
26.0942,-8388608
26.0983,-8388608
26.0984,8388607
26.1021,8388607
26.1072,8388607
26.1103,-8388608
26.1144,-8388608
26.1185,8388607
26.1229,8388607
26.1274,8388607
26.1308,-8388608
26.1349,-8388608
26.1398,8388607
26.1439,8388607
26.1471,8388607
26.1513,-8388608
26.1563,-8388608
26.1597,8059983
26.1636,8388607
26.1676,8388607
26.1725,-8388608
26.1758,-8388608
26.1799,6809803
26.1840,8388607
26.1884,8388607
26.1923,-8388608
26.1963,-8388608
26.2004,5515499
26.2045,8388607
26.2092,8388607
26.2128,-8388608
26.2168,-8388608
26.2211,4382983
26.2251,8388607
26.2252,8388607
26.2291,-8388608
26.2331,-8388608
26.2383,3176927
26.2416,8388607
26.2454,8388607
26.2495,-8388608
26.2540,-8388608
26.2581,2044411
26.2618,8388607
26.2659,8388607
26.2721,-8324728
26.2748,-8388608
26.2787,628468
26.2823,8388607
26.2868,8388607
26.2914,-7118672
26.2947,-8388608
26.2987,-44125
26.3042,8388607
26.3072,8388607
26.3117,-5853784
26.3152,-8388608
26.3206,-764817
26.3233,8388607
26.3275,8388607
26.3317,-4706560
26.3360,-8388608
26.3398,-2044413
26.3440,8388607
26.3480,8388607
26.3519,-3426964
26.3525,-8388608
26.3566,-3250469
26.3606,8388607
26.3643,8388607
26.3684,-2176784
26.3731,-8388608
26.3766,-4485941
26.3814,8388607
26.3848,8388607
26.3894,-920543
26.3930,-8388608
26.3970,-5750829
26.4011,8388607
26.4057,8388607
26.4098,-33763
26.4134,-8388608
26.4176,-6986301
26.4220,8388607
26.4259,8388607
26.4302,455947
26.4340,-8388608
26.4390,-8133525
26.4423,8388607
26.4461,8388607
26.4502,1764959
26.4552,-8388608
26.4592,-8388608
26.4625,8388607
26.4666,8388607
26.4709,2926891
26.4750,-8388608
26.4791,-8388608
26.4792,8388607
26.4830,8388607
26.4881,4191779
26.4917,-8388608
26.4954,-8388608
26.4994,8388607
26.5044,8388607
26.5076,5427251
26.5118,-8388608
26.5158,-8388608
26.5216,8388607
26.5243,8388607
26.5283,6662723
26.5322,-8388608
26.5371,-8388608
26.5409,8388607
26.5444,8388607
26.5485,7868779
26.5550,-8388608
26.5576,-8388608
26.5608,8388607
26.5649,8388607
26.5690,8388607
26.5736,-8388608
26.5774,-8388608
26.5813,8388607
26.5855,8388607
26.5907,8388607
26.5938,-8388608
26.5979,-8388608
26.6019,8388607
26.6060,8388607
26.6061,8388607
26.6100,-8388608
26.6142,-8388608
26.6183,8388607
26.6236,8388607
26.6265,8388607
26.6306,-8388608
26.6346,-8388608
26.6388,8388607
26.6427,8388607
26.6468,8388607
26.6510,-8388608
26.6552,-8388608
26.6591,7295167
26.6632,8388607
26.6673,8388607
26.6719,-8388608
26.6762,-8388608
26.6796,5986155
26.6838,8388607
26.6883,8388607
26.6923,-8388608
26.6960,-8388608
26.7001,4662435
26.7047,8388607
26.7087,8388607
26.7124,-8388608
26.7165,-8388608
26.7217,3426963
26.7247,8388607
26.7289,8388607
26.7330,-8388608
26.7370,-8388608
26.7379,2265031
26.7411,8388607
26.7451,8388607
26.7492,-8388608
26.7537,-8388608
26.7578,1038211
26.7616,8388607
26.7657,8388607
26.7717,-7574620
26.7746,-8388608
26.7779,57756
26.7820,8388607
26.7880,8388607
26.7911,-6309732
26.7943,-8388608
26.7984,-455949
26.8044,8388607
26.8071,8388607
26.8107,-5162508
26.8148,-8388608
26.8204,-1691421
26.8236,8388607
26.8271,8388607
26.8312,-3941744
26.8371,-8388608
26.8399,-2853353
26.8435,8388607
26.8476,8388607
26.8538,-2691564
26.8561,-8388608
26.8599,-4088825
26.8640,8388607
26.8641,8388607
26.8680,-1500216
26.8722,-8388608
26.8768,-5309589
26.8803,8388607
26.8845,8388607
26.8892,-292444
26.8932,-8388608
26.8968,-6500937
26.9012,8388607
26.9056,8388607
26.9091,132371
26.9131,-8388608
26.9172,-7736409
26.9214,8388607
26.9256,8388607
26.9295,1088391
26.9336,-8388608
26.9383,-8388608
26.9419,8388607
26.9459,8388607
26.9499,2470943
26.9542,-8388608
26.9586,-8388608
26.9623,8388607
26.9663,8388607
26.9711,3618167
26.9746,-8388608
26.9788,-8388608
26.9827,8388607
26.9875,8388607
26.9910,4868347
26.9911,-8388608
26.9950,-8388608
26.9991,8388607
27.0036,8388607
27.0075,6030279
27.0114,-8388608
27.0155,-8388608
27.0204,8388607
27.0246,8388607
27.0278,7280459
27.0319,-8388608
27.0375,-8388608
27.0406,8388607
27.0441,8388607
27.0482,8388607
27.0536,-8388608
27.0569,-8388608
27.0605,8388607
27.0646,8388607
27.0702,8388607
27.0731,-8388608
27.0769,-8388608
27.0810,8388607
27.0860,8388607
27.0896,8388607
27.0933,-8388608
27.0974,-8388608
27.1016,8388607
27.1062,8388607
27.1099,8388607
27.1139,-8388608
27.1179,-8388608
27.1180,8388607
27.1221,8388607
27.1261,8388607
27.1302,-8388608
27.1343,-8388608
27.1391,7780531
27.1426,8388607
27.1465,8388607
27.1507,-8388608
27.1558,-8388608
27.1590,6427395
27.1629,8388607
27.1671,8388607
27.1724,-8388608
27.1753,-8388608
27.1793,5280171
27.1835,8388607
27.1881,8388607
27.1924,-8388608
27.1957,-8388608
27.1998,3941743
27.2046,8388607
27.2083,8388607
27.2121,-8388608
27.2162,-8388608
27.2205,2735687
27.2247,8388607
27.2285,8388607
27.2325,-8388608
27.2374,-8388608
27.2408,1456091
27.2449,8388607
27.2451,8388607
27.2489,-8074692
27.2540,-8388608
27.2572,279502
27.2612,8388607
27.2653,8388607
27.2702,-7206920
27.2737,-8388608
27.2777,-1647297
27.2817,8388607
27.2858,8388607
27.2899,-4162364
27.2940,-8388608
27.2981,-3029849
27.3022,8388607
27.3063,8388607
27.3104,-4485940
27.3145,-8388608
27.3186,-2662149
27.3227,8388607
27.3268,8388607
27.3309,-3265176
27.3350,-8388608
27.3391,-3588753
27.3431,8388607
27.3474,8388607
27.3514,-2279740
27.3558,-8388608
27.3597,-4235905
27.3638,8388607
27.3679,8388607
27.3720,-1485508
27.3721,-8388608
27.3759,-5324297
27.3800,8388607
27.3841,8388607
27.3882,-343697
27.3923,-8388608
27.3964,-6397981
27.4005,8388607
27.4046,8388607
27.4087,117663
27.4128,-8388608
27.4169,-7721701
27.4211,8388607
27.4251,8388607
27.4292,1117807
27.4333,-8388608
27.4374,-8388608
27.4414,8388607
27.4455,8388607
27.4496,2412111
27.4538,-8388608
27.4578,-8388608
27.4619,8388607
27.4660,8388607
27.4701,3824079
27.4742,-8388608
27.4783,-8388608
27.4824,8388607
27.4865,8388607
27.4908,5265463
27.4949,-8388608
27.4988,-8388608
27.4988,8388607
27.5029,8388607
27.5070,6765679
27.5111,-8388608
27.5153,-8388608
27.5192,8388607
27.5233,8388607
27.5275,6530351
27.5316,-8388608
27.5356,-8388608
27.5398,8388607
27.5438,8388607
27.5479,7868779
27.5520,-8388608
27.5561,-8388608
27.5603,8388607
27.5644,8388607
27.5685,8388607
27.5726,-8388608
27.5767,-8388608
27.5808,8388607
27.5849,8388607
27.5890,8388607
27.5931,-8388608
27.5972,-8388608
27.6014,8388607
27.6055,8388607
27.6095,8388607
27.6137,-8388608
27.6178,-8388608
27.6218,7736407
27.6259,8388607
27.6260,8388607
27.6300,-8388608
27.6341,-8388608
27.6381,6765679
27.6422,8388607
27.6462,8388607
27.6504,-8388608
27.6545,-8388608
27.6586,6192067
27.6627,8388607
27.6668,8388607
27.6709,-8388608
27.6750,-8388608
27.6791,5118383
27.6832,8388607
27.6873,8388607
27.6913,-8388608
27.6955,-8388608
27.6996,3735831
27.7036,8388607
27.7077,8388607
27.7119,-8388608
27.7159,-8388608
27.7200,1132223
27.7241,8388607
27.7282,8388607
27.7322,-8388608
27.7366,-8388608
27.7405,-2619
27.7446,8388607
27.7488,8388607
27.7531,-6721556
27.7569,-8388608
27.7570,-1117809
27.7610,8388607
27.7651,8388607
27.7692,-5309588
27.7733,-8388608
27.7774,-2338573
27.7815,8388607
27.7856,8388607
27.7897,-4118240
27.7938,-8388608
27.7979,-3971161
27.8020,8388607
27.8061,8388607
27.8102,-2470944
27.8143,-8388608
27.8183,-5397837
27.8224,8388607
27.8265,8388607
27.8306,-1073684
27.8347,-8388608
27.8389,-6750973
27.8429,8388607
27.8470,8388607
27.8511,-62986
27.8552,-8388608
27.8593,-8001153
27.8635,8388607
27.8675,8388607
27.8718,441239
27.8757,-8388608
27.8800,-8388608
27.8838,8388607
27.8838,8388607
27.8879,1720835
27.8920,-8388608
27.8961,-8388608
27.9002,8388607
27.9043,8388607
27.9084,2912183
27.9125,-8388608
27.9166,-8388608
27.9206,8388607
27.9248,8388607
27.9288,4088823
27.9330,-8388608
27.9370,-8388608
27.9411,8388607
27.9452,8388607
27.9493,4162363
27.9535,-8388608
27.9575,-8388608
27.9616,8388607
27.9657,8388607
27.9698,5015427
27.9739,-8388608
27.9780,-8388608
27.9821,8388607
27.9862,8388607
27.9903,6280315
27.9945,-8388608
27.9985,-8388608
28.0028,8388607
28.0069,8388607
28.0110,7471663
28.0111,-8388608
28.0150,-8388608
28.0190,8388607
28.0231,8388607
28.0273,7398123
28.0314,-8388608
28.0355,-8388608
28.0395,8388607
28.0436,8388607
28.0477,7971735
28.0519,-8388608
28.0559,-8388608
28.0600,8388607
28.0641,8388607
28.0682,4603603
28.0723,-8388608
28.0764,-8388608
28.0805,8388607
28.0846,8388607
28.0888,4780099
28.0928,-8388608
28.0969,-8388608
28.1010,8388607
28.1051,8388607
28.1092,6486227
28.1133,-8388608
28.1173,-8388608
28.1214,8388607
28.1255,8388607
28.1298,8388607
28.1339,-8388608
28.1380,-8388608
28.1381,7074547
28.1419,8388607
28.1460,8388607
28.1501,-8388608
28.1542,-8388608
28.1583,8388607
28.1624,8388607
28.1665,8388607
28.1706,-8388608
28.1746,-6662725
28.1788,7412831
28.1829,8388607
28.1870,8388607
28.1911,-8388608
28.1952,-8388608
28.1993,5044843
28.2034,8388607
28.2075,8388607
28.2116,-8388608
28.2157,-8388608
28.2197,4103531
28.2239,8388607
28.2280,8388607
28.2320,-8388608
28.2361,-8388608
28.2401,2706271
28.2442,8388607
28.2483,8388607
28.2527,-8388608
28.2566,-8388608
28.2609,1426675
28.2649,8388607
28.2651,8388607
28.2688,-7795240
28.2729,-8388608
28.2770,152026
28.2811,8388607
28.2852,8388607
28.2893,-6500936
28.2934,-8388608
28.2975,-264745
28.3016,8388607
28.3056,8388607
28.3098,-5030136
28.3138,-8388608
28.3179,-1485509
28.3220,8388607
28.3261,8388607
28.3302,-3927036
28.3343,-8388608
28.3384,-3015141
28.3425,8388607
28.3466,8388607
28.3508,-1853208
28.3549,-8388608
28.3589,-4971305
28.3630,8388607
28.3671,8388607
28.3712,-578721
28.3754,-8388608
28.3797,-6295025
28.3838,8388607
28.3879,8388607
28.3879,58831
28.3917,-8388608
28.3958,-7427541
28.3999,8388607
28.4041,8388607
28.4081,676567
28.4123,-8388608
28.4164,-8388608
28.4204,8388607
28.4246,8388607
28.4286,1956163
28.4328,-8388608
28.4370,-8388608
28.4409,8388607
28.4450,8388607
28.4490,3176927
28.4531,-8388608
28.4573,-8388608
28.4614,8388607
28.4654,8388607
28.4696,4618311
28.4737,-8388608
28.4778,-8388608
28.4818,8388607
28.4860,8388607
28.4901,5809659
28.4942,-8388608
28.4982,-8388608
28.5024,8388607
28.5065,8388607
28.5106,7045131
28.5149,-8388608
28.5189,-8388608
28.5189,8388607
28.5229,8388607
28.5269,8221771
28.5311,-8388608
28.5351,-8388608
28.5392,8388607
28.5433,8388607
28.5474,8388607
28.5515,-8388608
28.5556,-8388608
28.5596,8388607
28.5638,8388607
28.5679,8388607
28.5720,-8388608
28.5761,-8388608
28.5801,8388607
28.5843,8388607
28.5884,8388607
28.5925,-8388608
28.5966,-8388608
28.6007,8388607
28.6048,8388607
28.6089,8388607
28.6130,-8388608
28.6170,-8388608
28.6211,7515787
28.6252,8388607
28.6293,8388607
28.6336,-8388608
28.6377,-8388608
28.6418,6339147
28.6459,8388607
28.6499,8388607
28.6500,-8388608
28.6539,-8388608
28.6580,4956595
28.6621,8388607
28.6662,8388607
28.6703,-8388608
28.6743,-8388608
28.6785,245205
28.6826,8388607
28.6867,8388607
28.6908,-7706992
28.6949,-8388608
28.6990,-147081
28.7031,8388607
28.7072,8388607
28.7112,-6824512
28.7153,-8388608
28.7194,-808941
28.7235,8388607
28.7276,8388607
28.7317,-5883200
28.7359,-8388608
28.7399,-1764961
28.7439,8388607
28.7481,8388607
28.7521,-4956596
28.7562,-8388608
28.7605,-2647441
28.7645,8388607
28.7686,8388607
28.7729,-4029992
28.7768,-8388608
28.7769,-3662293
28.7809,8388607
28.7850,8388607
28.7892,-8388608
28.7932,-8388608
28.7973,8388607
28.8014,8388607
28.8055,3118095
28.8096,-8388608
28.8137,-8388608
28.8177,8388607
28.8219,8388607
28.8259,2147367
28.8300,-8388608
28.8342,-8388608
28.8382,8388607
28.8423,8388607
28.8464,3309299
28.8505,-8388608
28.8546,-8388608
28.8587,8388607
28.8627,8388607
28.8669,4500647
28.8710,-8388608
28.8751,-8388608
28.8792,8265895
28.8833,8388607
28.8874,5794951
28.8916,-8388608
28.8958,-8388608
28.8997,6956883
28.9039,8388607
28.9040,7074547
28.9078,-8388608
28.9119,-8388608
28.9159,5706703
28.9200,8388607
28.9241,8388607
28.9283,-8388608
28.9323,-8388608
28.9364,4324151
28.9405,8388607
28.9446,8388607
28.9487,-8388608
28.9528,-8388608
28.9569,3073971
28.9610,8388607
28.9651,8388607
28.9692,-8388608
28.9733,-8388608
28.9775,1779667
28.9815,8388607
28.9856,8388607
28.9897,-8388608
28.9938,-8388608
28.9978,567310
29.0020,8388607
29.0060,8388607
29.0103,-8388608
29.0146,-8388608
29.0187,-88249
29.0229,8388607
29.0267,8388607
29.0309,-8388608
29.0310,-8388608
29.0348,-1014853
29.0388,8388607
29.0430,8388607
29.0470,-8388608
29.0512,-8388608
29.0552,-2515069
29.0593,8388607
29.0634,8388607
29.0675,-8388608
29.0717,-8388608
29.0757,-3824081
29.0798,8388607
29.0839,8388607
29.0882,-8388608
29.0921,-8388608
29.0962,-5044845
29.1003,8388607
29.1044,8388607
29.1085,-7957028
29.1126,-8388608
29.1168,-6295025
29.1209,8388607
29.1250,8388607
29.1291,-5794952
29.1333,-8388608
29.1372,-7677577
29.1413,8388607
29.1453,8388607
29.1496,-4633020
29.1536,-8388608
29.1578,-8388608
29.1578,8388607
29.1617,8388607
29.1659,-3500504
29.1700,-8388608
29.1740,-8388608
29.1782,8388607
29.1823,8388607
29.1864,-2294448
29.1904,-8388608
29.1946,-8388608
29.1987,8388607
29.2028,8388607
29.2068,-933311
29.2110,-8388608
29.2151,-8388608
29.2192,8388607
29.2232,8388607
29.2273,-71285
29.2314,-8388608
29.2355,-8388608
29.2395,8388607
29.2436,8388607
29.2478,470655
29.2518,-8388608
29.2560,-8388608
29.2600,8388607
29.2641,8388607
29.2682,1603171
29.2725,-8388608
29.2765,-8388608
29.2806,8388607
29.2846,8388607
29.2847,2838643
29.2887,-8388608
29.2935,-8388608
29.2969,8388607
29.3014,8388607
29.3057,4000575
29.3093,-8388608
29.3133,-8388608
29.3174,8388607
29.3218,8388607
29.3258,5324295
29.3298,-8388608
29.3339,-8388608
29.3389,8388607
29.3425,8388607
29.3461,6574475
29.3503,-8388608
29.3542,-8388608
29.3583,7751115
29.3631,8388607
29.3665,7839363
29.3712,-8388608
29.3754,-8388608
29.3788,6559767
29.3829,8388607
29.3872,8388607
29.3911,-8388608
29.3954,-8388608
29.3993,5309587
29.4041,8388607
29.4076,8388607
29.4117,-8388608
29.4156,-8388608
29.4158,-8388608
29.4201,8388607
29.4239,8388607
29.4280,1720835
29.4321,-8388608
29.4368,-8388608
29.4408,8388607
29.4444,8388607
29.4485,3868203
29.4537,-8388608
29.4574,-8388608
29.4607,8388607
29.4648,8388607
29.4695,5339003
29.4734,-8388608
29.4771,-8388608
29.4812,8388607
29.4856,8388607
29.4895,6839219
29.4935,-8388608
29.4976,-8388608
29.5021,8388607
29.5059,8388607
29.5101,8104107
29.5140,-8388608
29.5185,-8388608
29.5223,8388607
29.5263,8388607
29.5304,8388607
29.5351,-8388608
29.5386,-8388608
29.5427,8388607
29.5428,8388607
29.5467,8388607
29.5512,-8388608
29.5550,-8388608
29.5590,8388607
29.5631,8388607
29.5674,8388607
29.5715,-8388608
29.5754,-8388608
29.5795,8045275
29.5836,8388607
29.5882,8388607
29.5918,-8388608
29.5959,-8388608
29.6000,6662723
29.6046,8388607
29.6088,8388607
29.6123,-8388608
29.6164,-8388608
29.6212,5383127
29.6247,8388607
29.6286,8388607
29.6328,-8388608
29.6373,-8388608
29.6409,4147655
29.6450,8388607
29.6492,8388607
29.6533,-8388608
29.6574,-8388608
29.6615,2838643
29.6656,8388607
29.6698,8388607
29.6704,-8388608
29.6737,-8388608
29.6778,1573755
29.6822,8388607
29.6867,8388607
29.6901,-8388608
29.6942,-8388608
29.6983,298230
29.7031,8388607
29.7067,8388607
29.7106,-7574620
29.7146,-8388608
29.7189,-205913
29.7232,8388607
29.7269,8388607
29.7310,-6353856
29.7352,-8388608
29.7404,-1294305
29.7433,8388607
29.7474,8388607
29.7521,-5059552
29.7562,-8388608
29.7598,-2588609
29.7638,8388607
29.7680,8388607
29.7725,-3765248
29.7761,-8388608
29.7803,-3809373
29.7846,8388607
29.7886,8388607
29.7926,-2529776
29.7966,-8388608
29.7966,-5177217
29.8010,8388607
29.8053,8388607
29.8089,-1294304
29.8129,-8388608
29.8172,-6383273
29.8216,8388607
29.8252,8388607
29.8294,-138251
29.8336,-8388608
29.8380,-7662869
29.8416,8388607
29.8458,8388607
29.8498,338283
29.8540,-8388608
29.8580,-8388608
29.8621,8388607
29.8662,8388607
29.8712,1573755
29.8744,-8388608
29.8785,-8388608
29.8826,8388607
29.8867,8388607
29.8908,2750395
29.8949,-8388608
29.8990,-8388608
29.9040,8388607
29.9083,8388607
29.9113,3941743
29.9155,-8388608
29.9199,-8388608
29.9235,8388607
29.9236,8388607
29.9276,5206631
29.9319,-8388608
29.9369,-8388608
29.9399,8388607
29.9440,8388607
29.9481,6456811
29.9522,-8388608
29.9564,-8388608
29.9604,8388607
29.9645,8388607
29.9688,7648159
29.9730,-8388608
29.9768,-8388608
29.9809,8388607
29.9853,8388607
29.9893,8388607
29.9938,-8388608
29.9973,-8388608
30.0017,8388607
30.0056,8388607
30.0101,8388607
30.0137,-8388608
30.0181,-8388608
30.0226,8388607
30.0269,8388607
30.0300,8388607
30.0345,-8388608
30.0384,-8388608
30.0424,8388607
30.0465,8388607
30.0518,8388607
30.0546,-8388608
30.0547,-8388608
30.0587,7795239
30.0628,8388607
30.0670,8388607
30.0715,-8388608
30.0751,-8388608
30.0792,6530351
30.0833,8388607
30.0874,8388607
30.0915,-8388608
30.0956,-8388608
30.0997,5280171
30.1046,8388607
30.1079,8388607
30.1121,-8388608
30.1161,-8388608
30.1203,3985867
30.1245,8388607
30.1286,8388607
30.1324,-8388608
30.1369,-8388608
30.1415,2779811
30.1447,8388607
30.1488,8388607
30.1536,-8388608
30.1579,-8388608
30.1611,1559047
30.1652,8388607
30.1699,8388607
30.1735,-8388608
30.1777,-8388608
30.1777,367470
30.1816,8388607
30.1861,8388607
30.1900,-7706992
30.1945,-8388608
30.1980,-132373
30.2027,8388607
30.2063,8388607
30.2102,-6500936
30.2143,-8388608
30.2191,-1117809
30.2228,8388607
30.2267,8388607
30.2308,-5250756
30.2350,-8388608
30.2391,-2397405
30.2435,8388607
30.2471,8388607
30.2523,-4044700
30.2561,-8388608
30.2594,-3588753
30.2635,8388607
30.2679,8388607
30.2725,-2794520
30.2762,-8388608
30.2799,-4780101
30.2844,8388607
30.2885,8388607
30.2923,-1662004
30.2964,-8388608
30.3007,-6015573
30.3046,8388607
30.3085,8388607
30.3086,-408647
30.3127,-8388608
30.3168,-7265753
30.3215,8388607
30.3249,8388607
30.3290,117663
30.3332,-8388608
30.3377,-8388608
30.3418,8388607
30.3454,8388607
30.3496,1058975
30.3537,-8388608
30.3578,-8388608
30.3618,8388607
30.3659,8388607
30.3700,2294447
30.3741,-8388608
30.3782,-8388608
30.3823,8388607
30.3869,8388607
30.3904,3588751
30.3946,-8388608
30.3987,-8388608
30.4032,8388607
30.4069,8388607
30.4110,4780099
30.4151,-8388608
30.4192,-8388608
30.4233,8388607
30.4274,8388607
30.4315,6000863
30.4355,-8388608
30.4356,-8388608
30.4396,8388607
30.4438,8388607
30.4478,7236335
30.4527,-8388608
30.4564,-8388608
30.4602,8388607
30.4643,8388607
30.4688,8388607
30.4728,-8388608
30.4765,-8388608
30.4806,8388607
30.4849,8388607
30.4888,8388607
30.4929,-8388608
30.4970,-8388608
30.5014,8388607
30.5052,8388607
30.5092,8388607
30.5134,-8388608
30.5177,-8388608
30.5216,8388607
30.5256,8388607
30.5298,8388607
30.5339,-8388608
30.5386,-8388608
30.5420,8265895
30.5461,8388607
30.5507,8388607
30.5545,-8388608
30.5584,-8388608
30.5625,7133379
30.5626,8388607
30.5671,8388607
30.5710,-8388608
30.5751,-8388608
30.5789,5897907
30.5833,8388607
30.5874,8388607
30.5912,-8388608
30.5957,-8388608
30.5994,4603603
30.6042,8388607
30.6075,8388607
30.6117,-8388608
30.6158,-8388608
30.6202,3353423
30.6246,8388607
30.6281,8388607
30.6322,-8388608
30.6374,-8388608
30.6408,2191491
30.6444,8388607
30.6485,8388607
30.6533,-8388608
30.6570,-8388608
30.6610,939539
30.6649,8388607
30.6694,8388607
30.6733,-8354144
30.6774,-8388608
30.6813,43804
30.6856,8388607
30.6897,8388607
30.6898,-7148088
30.6935,-8388608
30.6977,-470657
30.7020,8388607
30.7059,8388607
30.7099,-5897908
30.7140,-8388608
30.7185,-1676713
30.7224,8388607
30.7265,8388607
30.7304,-4750684
30.7351,-8388608
30.7386,-2882769
30.7427,8388607
30.7468,8388607
30.7518,-3544628
30.7550,-8388608
30.7591,-4059409
30.7632,8388607
30.7681,8388607
30.7714,-2309156
30.7755,-8388608
30.7796,-5397837
30.7851,8388607
30.7878,8388607
30.7919,-1073684
30.7960,-8388608
30.8007,-6603893
30.8043,8388607
30.8083,8388607
30.8124,-67484
30.8165,-8388608
30.8206,-7824657
30.8207,8388607
30.8246,8388607
30.8287,470655
30.8329,-8388608
30.8372,-8388608
30.8416,8388607
30.8451,8388607
30.8492,1706127
30.8542,-8388608
30.8574,-8388608
30.8615,8388607
30.8656,8388607
30.8697,2956307
30.8742,-8388608
30.8781,-8388608
30.8820,8388607
30.8863,8388607
30.8902,4088823
30.8946,-8388608
30.8984,-8388608
30.9027,8388607
30.9066,8388607
30.9110,5397835
30.9149,-8388608
30.9191,-8388608
30.9230,8388607
30.9272,8388607
30.9313,6574475
30.9354,-8388608
30.9394,-8388608
30.9435,8388607
30.9474,8388607
30.9475,7839363
30.9517,-8388608
30.9559,-8388608
30.9599,8388607
30.9640,8388607
30.9681,8388607
30.9722,-8388608
30.9763,-8388608
30.9803,8388607
30.9845,8388607
30.9886,8388607
30.9927,-8388608
30.9968,-8388608
31.0008,8388607
31.0049,8388607
31.0090,8388607
31.0131,-8388608
31.0174,-8388608
31.0213,8388607
31.0255,8388607
31.0295,8388607
31.0336,-8388608
31.0377,-8388608
31.0419,7677575
31.0459,8388607
31.0500,8388607
31.0541,-8388608
31.0584,-8388608
31.0623,6500935
31.0664,8388607
31.0706,8388607
31.0746,-8388608
31.0747,-8388608
31.0786,5294879
31.0828,8388607
31.0869,8388607
31.0910,-8388608
31.0951,-8388608
31.0992,4044699
31.1032,8388607
31.1073,8388607
31.1114,-8388608
31.1155,-8388608
31.1196,2823935
31.1237,8388607
31.1280,8388607
31.1319,-8388608
31.1360,-8388608
31.1400,1588463
31.1442,8388607
31.1482,8388607
31.1524,-8388608
31.1564,-8388608
31.1606,372312
31.1647,8388607
31.1688,8388607
31.1729,-7736408
31.1770,-8388608
31.1811,-117665
31.1852,8388607
31.1893,8388607
31.1936,-6456812
31.1978,-8388608
31.2015,-1147225
31.2016,8388607
31.2056,8388607
31.2097,-5309588
31.2139,-8388608
31.2179,-2382697
31.2220,8388607
31.2262,8388607
31.2301,-4074116
31.2343,-8388608
31.2384,-3544629
31.2425,8388607
31.2465,8388607
31.2507,-2794520
31.2548,-8388608
31.2588,-4765393
31.2630,8388607
31.2670,8388607
31.2712,-1691420
31.2753,-8388608
31.2794,-6044989
31.2835,8388607
31.2876,8388607
31.2917,-433397
31.2958,-8388608
31.2999,-7206921
31.3039,8388607
31.3080,8388607
31.3122,88247
31.3165,-8388608
31.3205,-8388608
31.3243,8388607
31.3284,8388607
31.3285,956019
31.3326,-8388608
31.3366,-8388608
31.3407,8388607
31.3448,8388607
31.3489,2265031
31.3530,-8388608
31.3571,-8388608
31.3612,8388607
31.3653,8388607
31.3694,3500503
31.3735,-8388608
31.3776,-8388608
31.3816,8388607
31.3858,8388607
31.3898,4691851
31.3940,-8388608
31.3981,-8388608
31.4022,8388607
31.4062,8388607
31.4104,5942031
31.4144,-8388608
31.4186,-8388608
31.4227,8388607
31.4268,8388607
31.4310,7089255
31.4350,-8388608
31.4391,-8388608
31.4431,8388607
31.4476,8388607
31.4515,8339435
31.4554,-8388608
31.4555,-8388608
31.4596,8388607
31.4637,8388607
31.4677,8388607
31.4719,-8388608
31.4760,-8388608
31.4800,8388607
31.4842,8388607
31.4882,8388607
31.4924,-8388608
31.4964,-8388608
31.5006,8388607
31.5045,8388607
31.5087,8388607
31.5129,-8388608
31.5169,-8388608
31.5210,8388607
31.5251,8388607
31.5292,8388607
31.5333,-8388608
31.5374,-8388608
31.5415,7192211
31.5456,8388607
31.5497,8388607
31.5539,-8388608
31.5578,-8388608
31.5619,5868491
31.5661,8388607
31.5702,8388607
31.5745,-8388608
31.5786,-8388608
31.5826,4735975
31.5827,8388607
31.5865,8388607
31.5907,-8388608
31.5948,-8388608
31.5989,3456379
31.6029,8388607
31.6071,8388607
31.6111,-8388608
31.6152,-8388608
31.6193,2191491
31.6234,8388607
31.6275,8388607
31.6316,-8388608
31.6357,-8388608
31.6399,1011930
31.6439,8388607
31.6480,8388607
31.6520,-8388608
31.6562,-8388608
31.6602,42445
31.6644,8388607
31.6685,8388607
31.6725,-7074548
31.6767,-8388608
31.6807,-455949
31.6849,8388607
31.6890,8388607
31.6930,-6015572
31.6975,-8388608
31.7015,-1676713
31.7055,8388607
31.7096,8388607
31.7096,-4691852
31.7135,-8388608
31.7177,-2882769
31.7216,8388607
31.7259,8388607
31.7298,-3574044
31.7340,-8388608
31.7381,-4103533
31.7422,8388607
31.7462,8388607
31.7504,-2265032
31.7545,-8388608
31.7586,-5353713
31.7627,8388607
31.7668,8388607
31.7709,-1058976
31.7750,-8388608
31.7791,-6574477
31.7832,8388607
31.7872,8388607
31.7913,-81408
31.7954,-8388608
31.7996,-7795241
31.8036,8388607
31.8076,8388607
31.8119,426531
31.8159,-8388608
31.8200,-8388608
31.8242,8388607
31.8282,8388607
31.8325,1603171
31.8366,-8388608
31.8366,-8388608
31.8405,8388607
31.8446,8388607
31.8487,2823935
31.8528,-8388608
31.8569,-8388608
31.8610,8388607
31.8651,8388607
31.8692,4044699
31.8733,-8388608
31.8774,-8388608
31.8815,8388607
31.8856,8388607
31.8897,5236047
31.8938,-8388608
31.8979,-8388608
31.9019,8388607
31.9060,8388607
31.9101,6471519
31.9142,-8388608
31.9183,-8388608
31.9224,8388607
31.9265,8388607
31.9306,7721699
31.9347,-8388608
31.9388,-8388608
31.9429,8388607
31.9470,8388607
31.9511,8388607
31.9553,-8388608
31.9594,-8388608
31.9635,8388607
31.9676,8388607
31.9677,8388607
31.9716,-8388608
31.9757,-8388608
31.9797,8388607
31.9839,8388607
31.9880,8388607
31.9921,-8388608
31.9962,-8388608
32.0002,8388607
32.0043,8388607
32.0084,8388607
32.0126,-8388608
32.0166,-8388608
32.0207,7721699
32.0249,8388607
32.0288,8388607
32.0330,-8388608
32.0371,-8388608
32.0412,6559767
32.0453,8388607
32.0494,8388607
32.0535,-8388608
32.0576,-8388608
32.0617,5441959
32.0658,8388607
32.0699,8388607
32.0740,-8388608
32.0782,-8388608
32.0822,5559623
32.0864,8388607
32.0904,8388607
32.0946,-8388608
32.0947,-8388608
32.0986,4103531
32.1026,8388607
32.1067,8388607
32.1108,-8388608
32.1149,-8388608
32.1190,1985579
32.1231,8388607
32.1271,8388607
32.1313,-8388608
32.1354,-8388608
32.1395,217084
32.1436,8388607
32.1476,8388607
32.1519,-7677576
32.1559,-8388608
32.1600,-250037
32.1640,8388607
32.1682,8388607
32.1723,-6412688
32.1763,-8388608
32.1805,-1411969
32.1845,8388607
32.1886,8388607
32.1927,-5147800
32.1969,-8388608
32.2010,-2632733
32.2050,8388607
32.2092,8388607
32.2132,-3897620
32.2175,-8388608
32.2215,-3853497
32.2216,8388607
32.2255,8388607
32.2295,-2676856
32.2337,-8388608
32.2379,-5000721
32.2418,8388607
32.2459,8388607
32.2500,-1603172
32.2541,-8388608
32.2582,-6309733
32.2623,8388607
32.2668,8388607
32.2705,-322916
32.2746,-8388608
32.2787,-7486373
32.2829,8388607
32.2869,8388607
32.2910,132371
32.2953,-8388608
32.2992,-8388608
32.3033,8388607
32.3074,8388607
32.3115,1279595
32.3156,-8388608
32.3197,-8388608
32.3239,8388607
32.3279,8388607
32.3319,2529775
32.3363,-8388608
32.3404,-8388608
32.3444,8388607
32.3484,8388607
32.3485,3662291
32.3526,-8388608
32.3565,-8388608
32.3606,8388607
32.3648,8388607
32.3688,4809515
32.3730,-8388608
32.3770,-8388608
32.3811,8388607
32.3852,8388607
32.3894,4794807
32.3935,-8388608
32.3976,-8388608
32.4016,8388607
32.4057,8388607
32.4099,6074403
32.4140,-8388608
32.4181,-8388608
32.4221,8388607
32.4261,8388607
32.4304,7133379
32.4349,-8388608
32.4385,-8388608
32.4426,8388607
32.4466,8388607
32.4507,8324727
32.4549,-8388608
32.4590,-8388608
32.4630,8388607
32.4674,8388607
32.4713,8388607
32.4754,-8388608
32.4755,-8388608
32.4793,8388607
32.4836,8388607
32.4877,8388607
32.4919,-8388608
32.4958,-8388608
32.4999,8388607
32.5040,8388607
32.5080,8388607
32.5122,-8388608
32.5163,-8388608
32.5204,8001151
32.5245,8388607
32.5286,8388607
32.5327,-8388608
32.5368,-8388608
32.5409,6500935
32.5450,8388607
32.5491,8388607
32.5532,-8388608
32.5573,-8388608
32.5614,4485939
32.5654,8388607
32.5696,8388607
32.5737,-8388608
32.5778,-8388608
32.5819,2441527
32.5860,8388607
32.5900,8388607
32.5943,-8388608
32.5982,-8388608
32.5983,-14709
32.6023,8388607
32.6064,8388607
32.6105,-7030424
32.6146,-8388608
32.6187,-1779669
32.6229,8388607
32.6269,8388607
32.6310,-4706560
32.6351,-8388608
32.6392,-3103389
32.6433,8388607
32.6474,8388607
32.6515,-3559336
32.6556,-8388608
32.6597,-4368277
32.6638,8388607
32.6679,8388607
32.6720,-6736264
32.6761,-8388608
32.6801,-338285
32.6842,8388607
32.6883,8388607
32.6925,-6280316
32.6965,-8388608
32.7008,-1191349
32.7047,8388607
32.7089,8388607
32.7129,-5427252
32.7172,-8388608
32.7213,-2147369
32.7254,8388607
32.7293,8388607
32.7333,-4294736
32.7334,-8388608
32.7375,-3221053
32.7416,8388607
32.7456,8388607
32.7498,-2956308
32.7539,-8388608
32.7580,-4147657
32.7620,8388607
32.7663,8388607
32.7703,-1794376
32.7743,-8388608
32.7785,-5662581
32.7825,8388607
32.7866,8388607
32.7907,264743
32.7948,-8388608
32.7990,-8388608
32.8030,8388607
32.8071,8388607
32.8112,779523
32.8153,-8388608
32.8193,-8388608
32.8235,8388607
32.8275,8388607
32.8317,2691563
32.8358,-8388608
32.8398,-4824225
32.8439,8388607
32.8481,8388607
32.8523,-3779957
32.8563,-8388608
32.8604,-8388608
32.8605,8388607
32.8644,8388607
32.8685,6574475
32.8726,-8388608
32.8767,-8388608
32.8808,8388607
32.8848,8388607
32.8890,3662291
32.8930,-8388608
32.8972,-8388608
32.9012,8388607
32.9053,8388607
32.9094,8388607
32.9136,-8388608
32.9176,-8388608
32.9218,8388607
32.9258,8388607
32.9299,8388607
32.9340,-8388608
32.9381,-8388608
32.9422,8388607
32.9463,8388607
32.9504,8388607
32.9545,-8388608
32.9586,-8388608
32.9627,8388607
32.9668,8388607
32.9709,8388607
32.9750,-8388608
32.9791,-8388608
32.9832,8388607
32.9872,8388607
32.9873,8388607
32.9914,-8388608
32.9954,-8388608
32.9995,8388607
33.0036,8388607
33.0078,8388607
33.0118,-8388608
33.0159,-8388608
33.0200,8388607
33.0241,8388607
33.0282,8388607
33.0323,-8388608
33.0364,-3221053
33.0405,8388607
33.0446,2214559
33.0487,-8388608
33.0528,-8388608
33.0569,-2430506
33.0611,8388607
33.0652,4565280
33.0693,-8388608
33.0734,-8388608
33.0775,-1543979
33.0816,8388607
33.0856,3728696
33.0898,-8388608
33.0939,-8388608
33.0980,-558829
33.1021,8388607
33.1063,6915370
33.1104,-4428821
33.1143,-8388608
33.1144,3731958
33.1184,8388607
33.1225,5771842
33.1266,-8311433
33.1307,-8388608
33.1348,1391638
33.1389,8388607
33.1430,3907476
33.1471,7736407
33.1512,-7024548
33.1553,2019159
33.1594,8388607
33.1634,3082787
33.1676,-8388608
33.1716,-8388608
33.1757,-828323
33.1799,8388607
33.1840,6674252
33.1881,-8388608
33.1922,-8388608
33.1963,-3968836
33.2003,8388607
33.2044,1173804
33.2085,-8388608
33.2127,-7850254
33.2167,-2680135
33.2209,8388607
33.2249,1287657
33.2290,-8388608
33.2331,-7474314
33.2372,-4315547
33.2415,8388607
33.2416,6548426
33.2453,-8388608
33.2495,-7515788
33.2536,-6126017
33.2577,8388607
33.2618,7537861
33.2660,-8388608
33.2700,-8388608
33.2741,-6629378
33.2782,8388607
33.2823,8388607
33.2864,-8091134
33.2905,-7236336
33.2946,-8388608
33.2986,8388607
33.3027,8388607
33.3069,-8388608
33.3109,-8388608
33.3150,-8388608
33.3191,8388607
33.3232,8388607
33.3273,-7167136
33.3313,-8388608
33.3354,-8388608
33.3395,8388607
33.3436,8388607
33.3478,-7408235
33.3521,-6982434
33.3561,-8388608
33.3600,8388607
33.3642,8388607
33.3683,-8388608
33.3684,-8388608
33.3723,-8388608
33.3764,8388607
33.3805,8388607
33.3847,-1075523
33.3887,-7350722
33.3929,-8388608
33.3968,6912759
33.4010,8388607
33.4051,-1810799
33.4092,-8388608
33.4133,-8388608
33.4174,8236479
33.4215,8388607
33.4256,-7735804
33.4297,-6724788
33.4339,-8388608
33.4379,8388607
33.4420,8388607
33.4461,-8388608
33.4502,-8388608
33.4542,-8388608
33.4584,8388607
33.4625,8388607
33.4666,-1753777
33.4707,-3758446
33.4748,-8388608
33.4788,8388607
33.4828,8388607
33.4870,-6810195
33.4913,-5806796
33.4952,-8388608
33.4953,8388607
33.4994,8388607
33.5034,-5971893
33.5075,-4100546
33.5116,-8388608
33.5157,7938184
33.5198,8388607
33.5239,-3558950
33.5279,-6209404
33.5321,-8388608
33.5362,7810010
33.5403,8388607
33.5443,-2204612
33.5484,-7126860
33.5526,-7730036
33.5566,7144470
33.5608,8388607
33.5648,-3835141
33.5690,-7646080
33.5730,-7141939
33.5771,3518087
33.5812,8388607
33.5853,8388607
33.5894,-6736264
33.5935,-8388608
33.5976,-4162365
33.6017,8388607
33.6059,-6390726
33.6101,-8388608
33.6141,-8388608
33.6182,-2654853
33.6223,8388607
33.6263,4665999
33.6264,-8388608
33.6303,-8388608
33.6344,-8056005
33.6385,8388607
33.6426,6255419
33.6467,-7419132
33.6508,-8388608
33.6549,-2779813
33.6590,8388607
33.6631,8388607
33.6672,-8388608
33.6712,-8388608
33.6754,-8388608
33.6795,8388607
33.6835,8388607
33.6877,-7532572
33.6918,-8388608
33.6959,-8388608
33.6999,8388607
33.7040,8388607
33.7081,-5372650
33.7122,-8388608
33.7163,-8388608
33.7204,8388607
33.7245,8388607
33.7286,-5983080
33.7328,-8388608
33.7368,-8388608
33.7409,8388607
33.7451,8388607
33.7492,-3926428
33.7534,-8388608
33.7535,-8388608
33.7573,8388607
33.7614,8388607
33.7656,-5193105
33.7697,-8388608
33.7737,-8388608
33.7779,5912615
33.7819,8388607
33.7859,8388607
33.7902,4029991
33.7943,-8388608
33.7984,-7545205
33.8024,8388607
33.8065,8388607
33.8106,2000287
33.8148,-8388608
33.8189,-8388608
33.8229,8388607
33.8270,8388607
33.8311,2470943
33.8352,-8388608
33.8393,-8388608
33.8434,8388607
33.8474,8388607
33.8516,3221051
33.8557,-8388608
33.8598,-8388608
33.8639,8388607
33.8680,8388607
33.8723,-8388608
33.8761,-8388608
33.8803,2206199
33.8804,8388607
33.8844,8388607
33.8885,-8388608
33.8926,-8388608
33.8966,1058975
33.9007,8388607
33.9049,8388607
33.9089,-8388608
33.9130,-8388608
33.9171,130172
33.9212,8388607
33.9252,8388607
33.9294,-8388608
33.9335,-8388608
33.9376,-235329
33.9417,8388607
33.9458,8388607
33.9499,-8388608
33.9540,-8388608
33.9581,-1353137
33.9622,8388607
33.9663,8388607
33.9704,-8388608
33.9745,-8388608
33.9786,-2573901
33.9825,8388607
33.9867,8388607
33.9911,-8388608
33.9950,-8388608
33.9991,-3941745
34.0033,8388607
34.0073,8388607
34.0074,-8388608
34.0113,-8388608
34.0155,-5206633
34.0194,8388607
34.0236,8388607
34.0277,-8388608
34.0319,-8388608
34.0359,-6368565
34.0400,8388607
34.0441,8388607
34.0482,-7339292
34.0522,-8388608
34.0564,-7736409
34.0605,8388607
34.0646,8388607
34.0687,-6074404
34.0728,-8388608
34.0768,-8388608
34.0809,8388607
34.0851,8388607
34.0891,-4971304
34.0933,-8388608
34.0974,-8388608
34.1014,8388607
34.1055,8388607
34.1096,-3721124
34.1136,-8388608
34.1180,-8388608
34.1219,8388607
34.1261,8388607
34.1304,-2338572
34.1341,-8388608
34.1342,-8388608
34.1383,8388607
34.1424,8388607
34.1464,-1161932
34.1505,-8388608
34.1546,-8388608
34.1587,8388607
34.1628,8388607
34.1669,-140085
34.1710,-8388608
34.1751,-8388608
34.1792,8388607
34.1832,8388607
34.1873,294159
34.1914,-8388608
34.1955,-8388608
34.1996,8388607
34.2038,8388607
34.2080,1426675
34.2120,-8388608
34.2161,-8388608
34.2202,8388607
34.2243,8388607
34.2284,2765103
34.2324,-8388608
34.2366,-8388608
34.2407,8388607
34.2447,8388607
34.2489,3897619
34.2533,-8388608
34.2572,-8388608
34.2612,8388607
34.2613,8388607
34.2652,5206631
34.2693,-8388608
34.2733,-8388608
34.2775,7883487
34.2815,8388607
34.2856,8388607
34.2898,-8388608
34.2938,-8388608
34.2979,-8388608
34.3020,8388607
34.3061,8388607
34.3102,1161931
34.3143,-8388608
34.3184,-8388608
34.3225,8388607
34.3267,-814110
34.3308,8388607
34.3349,8388607
34.3390,-3265176
34.3431,-8388608
34.3472,-8388608
34.3513,8388607
34.3554,8388607
34.3594,-3162220
34.3635,-8388608
34.3676,-8388608
34.3717,8388607
34.3759,8388607
34.3803,-2367988
34.3842,-8388608
34.3883,-8388608
34.3884,8388607
34.3922,8388607
34.3963,-1235472
34.4004,-8388608
34.4045,-8388608
34.4086,8388607
34.4127,8388607
34.4169,-176428
34.4209,-8388608
34.4250,-8388608
34.4291,8388607
34.4332,8388607
34.4373,338283
34.4414,-8388608
34.4455,-8388608
34.4496,8388607
34.4537,8388607
34.4578,1603171
34.4619,-8388608
34.4660,-8388608
34.4700,8388607
34.4741,8388607
34.4781,2765103
34.4824,-8388608
34.4864,-8388608
34.4905,8388607
34.4945,8388607
34.4987,3971159
34.5029,-8388608
34.5071,-8388608
34.5111,8388607
34.5151,8388607
34.5193,5103675
34.5194,-8388608
34.5232,-8388608
34.5274,8388607
34.5314,8388607
34.5356,6339147
34.5396,-8388608
34.5439,-8388608
34.5479,7868779
34.5520,8388607
34.5561,7574619
34.5601,-8388608
34.5643,-8388608
34.5683,5883199
34.5724,8388607
34.5765,8388607
34.5806,-8388608
34.5847,-8388608
34.5889,-3603461
34.5929,-8388608
34.5970,-8388608
34.6011,-14709
34.6052,8388607
34.6093,8388607
34.6134,-8388608
34.6175,-8388608
34.6216,516864
34.6257,8388607
34.6299,8388607
34.6340,-7942320
34.6383,-8388608
34.6421,-102957
34.6462,8388607
34.6462,8388607
34.6503,-6515644
34.6544,-8388608
34.6585,-1382553
34.6626,8388607
34.6667,8388607
34.6707,-5147800
34.6749,-8388608
34.6789,-2470945
34.6830,8388607
34.6871,8388607
34.6913,-3882912
34.6953,-8388608
34.6994,-3971161
34.7034,8388607
34.7076,8388607
34.7117,-2456236
34.7159,-8388608
34.7199,-5412545
34.7240,8388607
34.7280,8388607
34.7322,-1029560
34.7363,-8388608
34.7404,-6853929
34.7444,8388607
34.7486,8388607
34.7526,14707
34.7570,-8388608
34.7610,-8059985
34.7650,8388607
34.7691,8388607
34.7692,426531
34.7732,-8388608
34.7772,-8388608
34.7813,8388607
34.7855,8388607
34.7895,1397259
34.7938,-8388608
34.7977,-8388608
34.8019,8388607
34.8059,8388607
34.8100,2059119
34.8141,-8388608
34.8182,-8388608
34.8223,8388607
34.8264,8388607
34.8305,3000431
34.8346,-8388608
34.8387,-8388608
34.8428,8388607
34.8469,8388607
34.8510,4118239
34.8551,-8388608
34.8592,-8388608
34.8633,8388607
34.8673,8388607
34.8715,5236047
34.8755,-8388608
34.8796,-8388608
34.8837,7868779
34.8880,-8388608
34.8921,8388607
34.8962,8388607
34.9001,-369356
34.9002,-8388608
34.9042,-8388608
34.9083,8388607
34.9124,8388607
34.9165,29415
34.9206,-8388608
34.9247,-8388608
34.9288,8388607
34.9329,8388607
34.9370,264743
34.9411,-8388608
34.9452,-8388608
34.9493,8388607
34.9534,8388607
34.9575,1411967
34.9616,-8388608
34.9657,-8388608
34.9697,8388607
34.9739,8388607
34.9779,2588607
34.9820,-8388608
34.9862,-8388608
34.9902,8388607
34.9942,8388607
34.9984,4482267
35.0025,-6869162
35.0066,-8388608
35.0106,8388607
35.0149,8388607
35.0190,5282403
35.0230,-6513633
35.0272,-8388608
35.0273,7721699
35.0311,8388607
35.0352,6265607
35.0393,-6919904
35.0434,-8388608
35.0475,6809803
35.0516,8388607
35.0558,7442247
35.0598,-8388608
35.0639,-8388608
35.0680,6103819
35.0720,8388607
35.0761,8388607
35.0803,-8388608
35.0843,-8388608
35.0884,5706703
35.0925,8388607
35.0966,8388607
35.1008,-8388608
35.1048,-8388608
35.1089,4515355
35.1130,8388607
35.1171,8388607
35.1214,-8388608
35.1254,-8388608
35.1294,3324007
35.1335,8388607
35.1376,8388607
35.1419,-8388608
35.1461,-8388608
35.1499,2132659
35.1543,8388607
35.1544,8388607
35.1581,-8388608
35.1622,-8388608
35.1663,924369
35.1703,8388607
35.1745,8388607
35.1785,-8388608
35.1828,-8388608
35.1868,74181
35.1911,8388607
35.1950,8388607
35.1991,-8388608
35.2033,-8388608
35.2073,-441241
35.2114,8388607
35.2155,8388607
35.2196,-8388608
35.2237,-8388608
35.2278,-1662005
35.2318,8388607
35.2360,8388607
35.2401,-8388608
35.2441,-8388608
35.2483,-2926893
35.2524,8388607
35.2565,8388607
35.2605,-8388608
35.2646,-8388608
35.2689,-4074117
35.2728,8388607
35.2771,8388607
35.2812,-8383560
35.2852,-8388608
35.2853,-5339005
35.2892,8388607
35.2933,8388607
35.2974,-7118672
35.3015,-8388608
35.3056,-6706849
35.3097,8388607
35.3139,8388607
35.3179,-5780244
35.3220,-8388608
35.3261,-8388608
35.3303,8388607
35.3344,8388607
35.3383,-4191780
35.3424,-8388608
35.3465,-8388608
35.3506,8388607
35.3547,8388607
35.3589,-1838500
35.3629,-8388608
35.3670,-647153
35.3712,-8388608
35.3752,-8388608
35.3793,-8388608
35.3834,8388607
35.3875,8388607
35.3916,1867915
35.3957,-8388608
35.3999,-8388608
35.4041,8388607
35.4083,8388607
35.4121,-8388608
35.4122,-8388608
35.4162,136870
35.4203,8388607
35.4244,8388607
35.4285,-8388608
35.4326,-8388608
35.4367,-264745
35.4407,8388607
35.4449,8388607
35.4489,-8388608
35.4531,-8388608
35.4572,-1397261
35.4613,8388607
35.4653,8388607
35.4695,-8388608
35.4735,-8388608
35.4776,-2618025
35.4817,8388607
35.4858,8388607
35.4900,-8388608
35.4939,-8388608
35.4981,-3779957
35.5022,8388607
35.5063,8388607
35.5103,-8388608
35.5145,-8388608
35.5185,-4912473
35.5227,8388607
35.5269,8388607
35.5310,-8388608
35.5351,-8388608
35.5392,-6133237
35.5393,8388607
35.5431,8388607
35.5473,-7912904
35.5514,-8388608
35.5555,-7251045
35.5596,8388607
35.5636,8388607
35.5677,-6692140
35.5718,-8388608
35.5759,-8388608
35.5800,8388607
35.5841,8388607
35.5882,-5559624
35.5923,-8388608
35.5964,-8388608
35.6004,8388607
35.6046,8388607
35.6087,-4294736
35.6129,-8388608
35.6168,-8388608
35.6210,8388607
35.6250,8388607
35.6292,-3132804
35.6333,-8388608
35.6373,-8388608
35.6414,8388607
35.6455,8388607
35.6496,-1882624
35.6538,-8388608
35.6578,-8388608
35.6619,8388607
35.6660,8388607
35.6660,-629012
35.6700,-8388608
35.6742,-8388608
35.6782,8388607
35.6823,8388607
35.6865,29415
35.6906,-8388608
35.6946,-8388608
35.6988,8388607
35.7028,8388607
35.7069,735399
35.7110,-8388608
35.7151,-8388608
35.7192,8388607
35.7233,8388607
35.7274,1985579
35.7315,-8388608
35.7356,-8388608
35.7397,8388607
35.7437,8388607
35.7479,3132803
35.7520,-8388608
35.7561,-8388608
35.7603,8388607
35.7643,8388607
35.7683,4412399
35.7725,-8388608
35.7767,-8388608
35.7807,8388607
35.7849,8388607
35.7891,5691995
35.7931,-8388608
35.7932,-8388608
35.7971,7295167
35.8012,8388607
35.8053,6912759
35.8093,-8388608
35.8135,-8388608
35.8175,6089111
35.8216,8388607
35.8258,8104107
35.8298,-8388608
35.8339,-8388608
35.8380,4883055
35.8421,8388607
35.8461,8388607
35.8503,-8388608
35.8544,-8388608
35.8585,3647583
35.8625,8388607
35.8667,8388607
35.8708,-8388608
35.8749,-8388608
35.8789,2485651
35.8831,8388607
35.8872,8388607
35.8913,-8388608
35.8953,-8388608
35.8994,1323719
35.9035,8388607
35.9077,8388607
35.9118,-8388608
35.9159,-8388608
35.9199,201834
35.9201,8388607
35.9241,8388607
35.9282,-8388608
35.9323,-8388608
35.9364,-220621
35.9405,8388607
35.9446,8388607
35.9487,-8388608
35.9528,-8388608
35.9569,-1323721
35.9610,8388607
35.9650,8388607
35.9691,-8388608
35.9732,-8388608
35.9773,-2632733
35.9814,8388607
35.9855,8388607
35.9896,-8388608
35.9937,-8388608
35.9979,-3809373
36.0019,8388607
36.0060,8388607
36.0100,-8388608
36.0142,-8388608
36.0183,-4927181
36.0224,8388607
36.0265,8388607
36.0306,-8388608
36.0348,-8388608
36.0389,-6192069
36.0429,8388607
36.0472,8388607
36.0510,-7751116
36.0511,-8388608
36.0551,-7339293
36.0593,8388607
36.0633,8388607
36.0674,-6545060
36.0715,-8388608
36.0756,-8388608
36.0797,8388607
36.0839,8388607
36.0880,-5456668
36.0920,-8388608
36.0961,-8388608
36.1002,8388607
36.1043,8388607
36.1084,-4118240
36.1125,-8388608
36.1165,-8388608
36.1207,8388607
36.1248,8388607
36.1289,-3073972
36.1329,-8388608
36.1371,-8388608
36.1412,8388607
36.1453,8388607
36.1494,-1706128
36.1535,-8388608
36.1576,-8388608
36.1617,8388607
36.1658,8388607
36.1701,-612531
36.1741,-8388608
36.1781,-8388608
36.1782,8388607
36.1821,8388607
36.1862,58831
36.1904,-8388608
36.1944,-8388608
36.1984,8388607
36.2026,8388607
36.2067,911895
36.2109,-8388608
36.2149,-8388608
36.2190,8388607
36.2231,8388607
36.2271,2176783
36.2313,-8388608
36.2354,-8388608
36.2394,8388607
36.2435,8388607
36.2477,3603459
36.2518,-8388608
36.2559,-8388608
36.2599,8388607
36.2640,8388607
36.2681,4735975
36.2722,-8388608
36.2763,-8388608
36.2804,8192355
36.2845,8388607
36.2886,6147943
36.2929,-8388608
36.2969,-8388608
36.3009,6809803
36.3051,8388607
36.3052,7486371
36.3090,-8388608
36.3131,-8388608
36.3172,-8388608
36.3213,8388607
36.3254,8388607
36.3295,2088535
36.3336,-8388608
36.3378,-8388608
36.3418,8388607
36.3459,8388607
36.3500,3500503
36.3541,-8388608
36.3582,-8388608
36.3622,8388607
36.3664,8388607
36.3705,4677143
36.3746,-8388608
36.3788,-8388608
36.3829,8388607
36.3869,8388607
36.3910,5868491
36.3951,-8388608
36.3993,-8388608
36.4033,8388607
36.4075,8388607
36.4114,7206919
36.4159,-8388608
36.4201,-8388608
36.4240,8388607
36.4281,8388607
36.4321,8388607
36.4323,-8388608
36.4361,-8388608
36.4402,8388607
36.4443,8388607
36.4484,8388607
36.4525,-8388608
36.4566,-8388608
36.4607,8388607
36.4647,8388607
36.4689,8388607
36.4729,-8388608
36.4770,-8388608
36.4811,8388607
36.4852,8388607
36.4893,8388607
36.4933,-8388608
36.4975,-8388608
36.5016,8265895
36.5056,8388607
36.5097,8388607
36.5139,-8388608
36.5180,-8388608
36.5221,7118671
36.5262,8388607
36.5303,8388607
36.5344,-8388608
36.5385,-8388608
36.5424,5927323
36.5467,8388607
36.5507,8388607
36.5550,-8388608
36.5591,-8388608
36.5591,4735975
36.5631,8388607
36.5671,8388607
36.5713,-8388608
36.5753,-8388608
36.5794,2941599
36.5835,8388607
36.5876,8388607
36.5917,-8388608
36.5959,-8388608
36.5999,1426675
36.6040,8388607
36.6081,-4838933
36.6122,-8388608
36.6163,8388607
36.6204,-633708
36.6245,-8388608
36.6286,-7123932
36.6327,-5125132
36.6368,8388607
36.6408,-2416490
36.6450,-8388608
36.6491,-6960045
36.6532,-1873741
36.6573,8388607
36.6614,-7427540
36.6655,-7515788
36.6695,-7158713
36.6736,1786650
36.6778,7662867
36.6820,-6500936
36.6861,-8388608
36.6901,-7909812
36.6902,7604035
36.6941,7148087
36.6982,-5750828
36.7023,-8388608
36.7064,-6447355
36.7105,8388607
36.7146,6192067
36.7187,-4235904
36.7228,-8388608
36.7268,-6253442
36.7309,8388607
36.7352,5206631
36.7397,-3162220
36.7432,-8388608
36.7474,-6133237
36.7515,8388607
36.7556,3956451
36.7596,-1794376
36.7637,-8388608
36.7679,-8388608
36.7719,8388607
36.7760,2720979
36.7801,-686517
36.7842,-8388608
36.7883,-8388608
36.7924,8388607
36.7965,1588463
36.8006,73539
36.8049,-8388608
36.8090,-8388608
36.8130,8388607
36.8131,401508
36.8169,823647
36.8210,-8388608
36.8252,-8388608
36.8293,8388607
36.8333,-73541
36.8374,2206199
36.8415,-8388608
36.8456,-8388608
36.8496,8388607
36.8538,-1191349
36.8579,3324007
36.8620,-8388608
36.8660,-8388608
36.8701,8388607
36.8743,-2162077
36.8783,4588895
36.8825,-8388608
36.8865,-8388608
36.8906,8354143
36.8948,-2338573
36.8988,5633163
36.9029,-8388608
36.9070,-8388608
36.9111,8388607
36.9152,-2470945
36.9193,7118671
36.9234,-8388608
36.9279,-8388608
36.9317,6545059
36.9361,-2765105
36.9400,8280603
36.9440,-8388608
36.9441,-8388608
36.9480,6074403
36.9521,-3147513
36.9562,8388607
36.9603,-8388608
36.9644,-8388608
36.9684,4044699
36.9726,-3088681
36.9767,8388607
36.9808,-8388608
36.9848,-8388608
36.9889,3853495
36.9930,-2964731
36.9971,8388607
37.0012,-8388608
37.0053,-8388608
37.0094,1913662
37.0136,-1676712
37.0177,8388607
37.0219,-8388608
37.0259,-8388608
37.0300,1552468
37.0340,-479110
37.0382,8388607
37.0423,-8388608
37.0464,-8388608
37.0504,679225
37.0545,191203
37.0587,8388607
37.0629,-8388608
37.0670,-8388608
37.0709,-1078340
37.0710,1161931
37.0750,8388607
37.0791,-8388608
37.0832,-8388608
37.0873,-1720837
37.0914,2588607
37.0955,8388607
37.0996,-8388608
37.1037,-8388608
37.1079,-4721269
37.1119,3750539
37.1160,8388607
37.1201,-8388608
37.1242,-8388608
37.1283,-3541400
37.1324,5177215
37.1365,8388607
37.1405,-8388608
37.1447,-8388608
37.1488,-5801077
37.1528,6530351
37.1570,8388607
37.1611,-7162796
37.1651,-8388608
37.1692,-2103245
37.1733,7648159
37.1773,8074691
37.1817,-5897908
37.1856,-8388608
37.1899,-3985869
37.1940,8388607
37.1980,6765679
37.1981,-4706560
37.2020,-8388608
37.2062,-8388608
37.2102,8388607
37.2143,5294879
37.2184,-3235760
37.2225,-8388608
37.2265,-8388608
37.2307,8388607
37.2348,3809371
37.2389,-2029704
37.2430,-8388608
37.2471,-7706993
37.2512,8388607
37.2552,2382695
37.2592,-757572
37.2634,-8388608
37.2675,-8388608
37.2716,8388607
37.2757,1323719
37.2798,44123
37.2840,-8388608
37.2880,-8388608
37.2921,8388607
37.2962,325919
37.3002,603027
37.3044,-8388608
37.3087,-8388608
37.3126,8388607
37.3169,-129051
37.3209,1823791
37.3250,-8388608
37.3251,-8388608
37.3290,8388607
37.3330,-1000145
37.3372,3088679
37.3413,-8388608
37.3454,-8388608
37.3494,8388607
37.3536,-1882625
37.3577,4294735
37.3618,-8388608
37.3658,-8388608
37.3698,8388607
37.3740,-2397405
37.3781,5574331
37.3822,-8388608
37.3862,-8388608
37.3903,8388607
37.3944,-3191637
37.3985,7089255
37.4026,-7530496
37.4068,-8388608
37.4109,7001007
37.4149,-4750685
37.4190,8221771
37.4231,-2500360
37.4272,-8388608
37.4313,-5031952
37.4354,-8388608
37.4395,8388607
37.4438,8388607
37.4478,-8388608
37.4518,-8388608
37.4519,-8388608
37.4559,4735975
37.4600,8388607
37.4641,2279739
37.4682,-8388608
37.4723,-8388608
37.4764,2964440
37.4805,8388607
37.4846,3206343
37.4886,-8388608
37.4928,-8388608
37.4970,8388607
37.5009,8388607
37.5050,-8388608
37.5091,-5035630
37.5134,-8388608
37.5173,8388607
37.5215,8388607
37.5259,-8388608
37.5297,-2882853
37.5339,-8388608
37.5378,8388607
37.5421,8388607
37.5461,-8388608
37.5502,-1669696
37.5543,-8388608
37.5584,8388607
37.5628,-5309589
37.5671,-8388608
37.5714,-1809085
37.5748,-7883488
37.5791,8388607
37.5801,-7519732
37.5834,-8388608
37.5870,-2177578
37.5910,-6000864
37.5952,8388607
37.5997,-8388608
37.6041,-8388608
37.6074,-3331139
37.6116,-2900183
37.6158,8388607
37.6200,-8339436
37.6238,-8388608
37.6279,-5774402
37.6328,3706415
37.6365,8388607
37.6402,-7221628
37.6444,-8192356
37.6489,-6002667
37.6529,6383271
37.6566,7868779
37.6607,-6074404
37.6659,-8388608
37.6689,-6280317
37.6730,8388607
37.6771,7148087
37.6820,-4897764
37.6853,-8388608
37.6895,-7494165
37.6935,8388607
37.6980,5809659
37.7017,-3662292
37.7058,-8388608
37.7059,-4897765
37.7098,8388607
37.7141,4691851
37.7180,-2382696
37.7221,-8388608
37.7262,-8388608
37.7326,8388607
37.7344,3544627
37.7385,-1270922
37.7426,-8388608
37.7487,-7912905
37.7514,8388607
37.7549,2323863
37.7590,-202898
37.7641,-8388608
37.7674,-8378254
37.7712,8388607
37.7753,1147223
37.7806,264743
37.7845,-8388608
37.7876,-8388608
37.7918,8388607
37.7969,117400
37.8011,1603171
37.8040,-8388608
37.8081,-8388608
37.8136,8388607
37.8174,-397117
37.8204,2662147
37.8247,-8388608
37.8286,-8388608
37.8328,8388607
37.8367,-1426677
37.8368,3912327
37.8409,-8388608
37.8450,-8388608
37.8493,8388607
37.8533,-1573757
37.8574,5118383
37.8614,-8388608
37.8659,-8388608
37.8697,8388607
37.8737,-1411969
37.8778,6442103
37.8832,-8388608
37.8860,-8388608
37.8900,7957027
37.8943,-1691421
37.8984,7677575
37.9024,-8388608
37.9064,-8388608
37.9105,6500935
37.9156,-1559049
37.9187,8388607
37.9228,-8388608
37.9270,-8388608
37.9324,5177215
37.9352,-1573757
37.9392,8388607
37.9435,-8388608
37.9481,-8388608
37.9515,5383127
37.9558,-1588465
37.9597,8388607
37.9641,-8388608
37.9642,-8388608
37.9680,6868635
37.9719,-1464441
37.9760,8388607
37.9813,-8388608
37.9854,-8388608
37.9883,2860409
37.9924,-678140
37.9970,8388607
38.0014,-8388608
38.0048,-8388608
38.0088,1058975
38.0139,102955
38.0174,8388607
38.0213,-8388608
38.0252,-8388608
38.0311,2491128
38.0343,764815
38.0375,8388607
38.0416,-8388608
38.0472,-8388608
38.0500,14707
38.0539,2073827
38.0580,8388607
38.0635,-8388608
38.0663,-8388608
38.0702,690386
38.0744,3250467
38.0799,8388607
38.0828,-8388608
38.0867,-8388608
38.0908,-2034628
38.0910,4456523
38.0953,8388607
38.0996,-8388608
38.1030,-8388608
38.1071,-526274
38.1112,5706703
38.1157,8388607
38.1198,-7692284
38.1235,-8388608
38.1276,-3966542
38.1320,6677431
38.1359,8388607
38.1399,-8388608
38.1441,-8388608
38.1486,-4993939
38.1523,7898195
38.1563,7368707
38.1604,-8388608
38.1647,-8388608
38.1691,-4117744
38.1726,8388607
38.1768,6089111
38.1809,-7515788
38.1852,-8388608
38.1890,-5966978
38.1931,8388607
38.1984,4971303
38.2015,-2853352
38.2055,-8388608
38.2095,-8160043
38.2143,3868203
38.2179,-5368421
38.2179,8388607
38.2218,8388607
38.2259,-8388608
38.2306,-4295606
38.2347,-7776840
38.2383,8388607
38.2424,8388607
38.2475,-7418086
38.2513,-6107936
38.2546,-8388608
38.2586,8388607
38.2640,8388607
38.2680,-3977774
38.2709,-8388608
38.2750,-8388608
38.2800,8388607
38.2835,8388607
38.2875,-3097338
38.2915,-8388608
38.2965,-8388608
38.3008,8388607
38.3038,8388607
38.3078,-2798840
38.3131,-8201910
38.3162,-8388608
38.3205,8388607
38.3243,8388607
38.3295,-3273725
38.3326,-8334320
38.3365,-8388608
38.3409,7339291
38.3447,-8388608
38.3452,-8388608
38.3497,8388607
38.3529,-2573901
38.3569,5956739
38.3610,-8388608
38.3666,-8388608
38.3697,7456955
38.3734,-2382697
38.3775,7089255
38.3827,-8388608
38.3856,-8388608
38.3898,8388607
38.3939,-2250325
38.3986,8388607
38.4022,-8388608
38.4061,-8388608
38.4102,5897907
38.4148,-2426821
38.4189,8388607
38.4226,-8388608
38.4266,-8388608
38.4315,5000719
38.4359,-2603317
38.4390,8388607
38.4430,-8388608
38.4474,-8388608
38.4518,4647727
38.4554,-2524092
38.4594,8388607
38.4636,-8388608
38.4677,-8388608
38.4719,3397547
38.4720,-1750252
38.4758,8388607
38.4802,-8388608
38.4843,-8388608
38.4882,3039503
38.4921,-540335
38.4967,8388607
38.5010,-8388608
38.5046,-8388608
38.5085,1359531
38.5137,117663
38.5176,8388607
38.5209,-8388608
38.5250,-8388608
38.5305,900002
38.5337,1176639
38.5373,8388607
38.5414,-8388608
38.5474,-8388608
38.5500,14707
38.5535,2206199
38.5576,8388607
38.5640,-8388608
38.5669,-8388608
38.5700,-2958177
38.5740,3500503
38.5796,8388607
38.5828,-8388608
38.5865,-8388608
38.5908,-2026543
38.5947,4633019
38.5988,8388607
38.6030,-8388608
38.6031,-8388608
38.6069,-3307988
38.6110,5839075
38.6150,8388607
38.6194,-7427540
38.6232,-8388608
38.6273,-3132805
38.6321,7118671
38.6358,7971735
38.6396,-6236192
38.6438,-8388608
38.6482,-4791708
38.6519,8059983
38.6560,6633307
38.6601,-5309588
38.6646,-8388608
38.6687,-6677433
38.6725,8388607
38.6765,5353711
38.6816,-4044700
38.6848,-8388608
38.6888,-7589329
38.6928,8388607
38.6974,3912327
38.7011,-2853352
38.7052,-8089400
38.7092,-8388608
38.7143,8388607
38.7179,2618023
38.7217,-1573756
38.7256,-7927612
38.7299,-8388608
38.7323,8388607
38.7339,1426675
38.7379,-186736
38.7420,-8388608
38.7464,-8388608
38.7503,8388607
38.7543,307814
38.7583,176495
38.7630,-8388608
38.7668,-8388608
38.7706,8388607
38.7748,-117665
38.7796,632443
38.7837,-8388608
38.7870,-8388608
38.7911,8388607
38.7969,-1000145
38.7994,2059119
38.8035,-8388608
38.8076,-8388608
38.8133,8388607
38.8163,-2117953
38.8200,3485795
38.8239,-8388608
38.8283,-8388608
38.8321,8388607
38.8362,-2706273
38.8403,4721267
38.8447,-8388608
38.8486,-8388608
38.8526,8388607
38.8566,-2868061
38.8567,6044987
38.8608,-8388608
38.8655,-8388608
38.8690,7648159
38.8731,-2529777
38.8772,7162795
38.8817,-8388608
38.8853,-8388608
38.8894,7383415
38.8936,-2765105
38.8984,8104107
38.9022,-8388608
38.9058,-8388608
38.9099,7045131
38.9143,-2632733
38.9181,8388607
38.9222,-8388608
38.9263,-8388608
38.9308,5750827
38.9351,-2559193
38.9386,8388607
38.9428,-8388608
38.9468,-8388608
38.9512,4456523
38.9550,-2351851
38.9590,8388607
38.9638,-8388608
38.9674,-8388608
38.9714,3238069
38.9755,-1047702
38.9801,8388607
38.9837,-8388608
38.9839,-8388608
38.9878,2560320
38.9918,-44226
38.9972,8388607
39.0008,-8388608
39.0041,-8388608
39.0082,836123
39.0132,647151
39.0172,8388607
39.0211,-8388608
39.0246,-8388608
39.0300,1646779
39.0332,1676711
39.0373,8388607
39.0411,-8388608
39.0459,-8388608
39.0493,-14709
39.0536,2985723
39.0574,8388607
39.0627,-8388608
39.0656,-8388608
39.0700,-1397261
39.0738,4324151
39.0794,8388607
39.0825,-8388608
39.0861,-6842717
39.0901,-8388608
39.0945,-8388608
39.0984,-8388608
39.1026,6515643
39.1065,8388607
39.1107,-8388608
39.1108,-8388608
39.1147,-8388608
39.1188,6471519
39.1229,8388607
39.1271,-8192356
39.1314,-8388608
39.1357,-8388608
39.1393,5500791
39.1434,8388607
39.1483,-6875433
39.1521,-8388608
39.1557,-8388608
39.1598,3441832
39.1639,8388607
39.1682,-8388608
39.1720,-8388608
39.1762,-8388608
39.1809,-8388608
39.1843,-4224178
39.1884,-8388608
39.1925,125161
39.1973,-1561900
39.2012,-8388608
39.2048,-8388608
39.2089,-8388608
39.2137,6346009
39.2172,660763
39.2213,-8388608
39.2253,-8388608
39.2304,-8388608
39.2335,7279936
39.2336,590672
39.2376,-8388608
39.2417,-7377324
39.2478,-8388608
39.2501,6261155
39.2541,246166
39.2580,-4618312
39.2625,-8330648
39.2669,-8372863
39.2710,6696676
39.2744,-147081
39.2794,-3221052
39.2836,-8252304
39.2876,-8388608
39.2908,6150986
39.2967,-1161933
39.2992,-1809084
39.3036,-8388608
39.3072,-8388608
39.3131,6431713
39.3156,-2265033
39.3202,-619418
39.3236,-8388608
39.3292,-8388608
39.3322,6389519
39.3364,-2706273
39.3399,123058
39.3456,-8388608
39.3482,-8388608
39.3523,6750971
39.3567,-1794377
39.3606,6780387
39.3647,-8388608
39.3648,-8388608
39.3686,7809947
39.3728,-1779669
39.3768,7883487
39.3811,-8388608
39.3853,-8388608
39.3891,7883487
39.3934,-1853209
39.3978,8388607
39.4018,-8388608
39.4056,-8388608
39.4096,6574475
39.4146,-1867917
39.4179,8388607
39.4219,-8388608
39.4260,-8388608
39.4307,4765391
39.4343,-2162077
39.4383,8388607
39.4424,-8388608
39.4467,-8388608
39.4505,2561237
39.4551,-8388608
39.4589,8388607
39.4633,8388607
39.4677,8388607
39.4712,-8236480
39.4752,-8388608
39.4797,-6192069
39.4833,8388607
39.4875,8388607
39.4915,-7089256
39.4916,-8388608
39.4958,-7398125
39.4998,8388607
39.5038,8388607
39.5079,-5706704
39.5128,-8388608
39.5161,-8388608
39.5202,8388607
39.5243,8388607
39.5300,-4603604
39.5328,-8388608
39.5369,-8388608
39.5408,8388607
39.5462,8388607
39.5494,-3338716
39.5530,-8388608
39.5570,-8388608
39.5625,8388607
39.5659,8388607
39.5696,-2206200
39.5735,-8388608
39.5777,-8388608
39.5823,8388607
39.5858,8388607
39.5898,-985218
39.5941,-8388608
39.5989,-8388608
39.6021,8388607
39.6063,-5603748
39.6108,-6006823
39.6147,-3853496
39.6185,7368707
39.6186,-587896
39.6226,-5691996
39.6268,-6170774
39.6315,4857547
39.6348,6545059
39.6390,-4986012
39.6432,-4824224
39.6478,-7636157
39.6513,8265895
39.6553,5691995
39.6594,-4029992
39.6643,-4883056
39.6677,-8067676
39.6718,8388607
39.6758,4382983
39.6808,-2720980
39.6846,-4647728
39.6882,-8388608
39.6923,8388607
39.6969,3191635
39.7007,-1465831
39.7045,-4332915
39.7086,-8388608
39.7134,8388607
39.7173,1941455
39.7217,-329238
39.7251,-6021722
39.7309,-2330908
39.7334,-5133231
39.7373,-8388608
39.7414,8388607
39.7466,8388607
39.7495,-4453869
39.7496,-4768624
39.7536,-8388608
39.7577,8388607
39.7624,8388607
39.7670,-2651478
39.7701,-4222088
39.7741,-8388608
39.7798,8388607
39.7827,8388607
39.7865,-2587865
39.7905,-4702198
39.7963,-8388608
39.7992,8388607
39.8032,8388607
39.8069,-1309620
39.8123,-3989826
39.8158,-8388608
39.8195,8388607
39.8233,8388607
39.8277,-1065959
39.8319,-3468421
39.8366,-8388608
39.8396,8388607
39.8440,8388607
39.8485,-290262
39.8525,-2930496
39.8560,-8388608
39.8618,8388607
39.8647,8388607
39.8685,740002
39.8726,-2699413
39.8766,-8388608
39.8768,8388607
39.8813,8388607
39.8853,1490317
39.8889,-2534271
39.8930,-8388608
39.8972,8280603
39.9012,8388607
39.9052,2093594
39.9093,-2919405
39.9136,-8388608
39.9180,7589327
39.9217,8388607
39.9259,2688208
39.9308,-3022858
39.9345,-8388608
39.9383,6801906
39.9422,8388607
39.9469,3484581
39.9507,-3349955
39.9548,-8388608
39.9584,5763865
39.9630,8388607
39.9669,4193522
39.9710,-3772219
39.9748,-8388608
39.9797,4385792
39.9837,8388607
39.9875,5009009
39.9913,-4273612
39.9960,-8388608
39.9996,3367259
40.0035,8388607
40.0035,5923475
40.0076,-4963880
40.0135,-8388608
40.0159,2193563
40.0199,8388607
40.0240,6484955
40.0292,-5823911
40.0324,-8388608
40.0366,856413
40.0404,8388607
40.0461,6756909
40.0492,-6401320
40.0528,-8388608
40.0568,-178624
40.0618,8388607
40.0657,7324545
40.0697,-7025986
40.0731,-8388608
40.0788,-1208213
40.0817,8388607
40.0860,7951029
40.0895,-6845278
40.0954,-8388608
40.0986,-2184121
40.1018,8388607
40.1059,8388607
40.1114,-6897652
40.1146,-7894556
40.1183,-2905726
40.1224,8388607
40.1280,8388607
40.1307,-6699463
40.1315,-7305190
40.1346,-3965205
40.1386,8388607
40.1433,8388607
40.1469,-7399878
40.1513,-6657739
40.1551,-5253978
40.1592,8388607
40.1636,8388607
40.1678,-7092490
40.1720,-5872792
40.1756,-6220241
40.1806,8388607
40.1843,8388607
40.1880,-6876285
40.1920,-5534850
40.1964,-7333289
40.2006,8388607
40.2044,8388607
40.2084,-6829930
40.2129,-5105571
40.2167,-8210676
40.2207,8388607
40.2247,8388607
40.2308,-6537789
40.2335,-4394824
40.2370,-8388608
40.2411,8388607
40.2464,8388607
40.2494,-6092474
40.2534,-3942791
40.2574,-8388608
40.2575,8388607
40.2624,8388607
40.2661,-5785109
40.2698,-3807215
40.2738,-8388608
40.2779,8388607
40.2822,8388607
40.2864,-5231534
40.2902,-3772733
40.2956,-8388608
40.2990,8388607
40.3029,8388607
40.3066,-4899881
40.3124,-3666809
40.3148,-8388608
40.3195,8388607
40.3230,8388607
40.3277,-4146269
40.3315,-3340842
40.3353,-8388608
40.3394,8388607
40.3435,8388607
40.3486,-2967016
40.3521,-3228698
40.3558,-8388608
40.3599,8388607
40.3645,8388607
40.3680,-1862330
40.3723,-3196345
40.3763,-8388608
40.3804,8388607
40.3844,8388607
40.3845,-813951
40.3886,-2831864
40.3927,-8388608
40.3969,8324727
40.4008,8388607
40.4049,471447
40.4090,-3154455
40.4137,-8388608
40.4173,7392632
40.4217,8388607
40.4254,1487405
40.4310,-3294024
40.4337,-8388608
40.4377,6360599
40.4418,8388607
40.4459,2318195
40.4500,-3860481
40.4540,-8388608
40.4581,5252658
40.4627,8388607
40.4670,3178788
40.4705,-4597097
40.4745,-8388608
40.4789,4006323
40.4828,8388607
40.4869,3998977
40.4910,-5527325
40.4962,-8388608
40.4991,2597788
40.5032,8388607
40.5073,5642959
40.5119,-6182796
40.5131,-8388608
40.5156,714805
40.5198,8388607
40.5237,7634936
40.5289,-8388608
40.5319,-8388608
40.5361,-8388608
40.5402,3235759
40.5453,8388607
40.5486,8388607
40.5524,-8388608
40.5564,-8388608
40.5623,3015139
40.5651,8388607
40.5688,8388607
40.5728,-8388608
40.5785,-8388608
40.5811,1750251
40.5851,8388607
40.5892,8388607
40.5955,-8388608
40.5981,-8388608
40.6015,423678
40.6056,8388607
40.6098,8388607
40.6145,-7765824
40.6179,-8388608
40.6220,-161789
40.6261,8388607
40.6307,8388607
40.6344,-6736264
40.6383,-8388608
40.6384,8388607
40.6425,8388607
40.6471,-8388608
40.6507,-8388608
40.6554,-7596040
40.6589,8388607
40.6638,8388607
40.6672,-8388608
40.6713,-7520066
40.6754,-7816852
40.6798,8388607
40.6843,8388607
40.6877,-8388608
40.6917,-6522944
40.6960,-8388608
40.7000,8388607
40.7042,8388607
40.7080,-8388608
40.7124,-5677669
40.7163,-8388608
40.7211,8388607
40.7247,8388607
40.7314,-8388608
40.7326,-5116087
40.7367,-8388608
40.7407,8388607
40.7461,8388607
40.7493,-8253984
40.7532,-4543095
40.7572,-8388608
40.7617,8388607
40.7654,8388607
40.7695,-7715961
40.7696,-4276451
40.7735,-8388608
40.7797,8388607
40.7820,8388607
40.7858,-7216792
40.7899,-4259574
40.7949,-8388608
40.7993,8388607
40.8023,8388607
40.8063,-6637981
40.8118,-4207208
40.8152,-8388608
40.8188,8388607
40.8227,8388607
40.8288,-5880172
40.8309,-4019339
40.8351,-8388608
40.8390,8388607
40.8431,8388607
40.8476,-5041262
40.8520,-3837009
40.8554,-8388608
40.8596,8388607
40.8642,8388607
40.8681,-4151653
40.8719,-3956412
40.8759,-8388608
40.8802,8388607
40.8845,8388607
40.8883,-3252844
40.8924,-4138609
40.8963,-8388608
40.8964,8388607
40.9005,8388607
40.9046,-2170803
40.9088,-4306269
40.9130,-8388608
40.9171,7486371
40.9210,8388607
40.9251,-1044344
40.9302,-4776179
40.9339,-8388608
40.9376,6432158
40.9415,8388607
40.9463,249451
40.9499,-5018399
40.9538,-8388608
40.9578,5396908
40.9624,8388607
40.9661,1481928
40.9707,-5687517
40.9743,-8388608
40.9794,4023678
40.9831,8388607
40.9865,2727761
40.9906,-6125915
40.9953,-8388608
40.9989,2823196
41.0032,8388607
41.0071,3762268
41.0121,-6883785
41.0154,-8388608
41.0193,1714863
41.0234,8388607
41.0235,4610493
41.0292,-7571411
41.0322,-8388608
41.0359,778725
41.0399,8388607
41.0452,5293316
41.0482,-8388608
41.0531,-8388608
41.0567,-606959
41.0616,8388607
41.0648,6054401
41.0696,-8388608
41.0725,-8388608
41.0792,-1582890
41.0813,8388607
41.0854,6733705
41.0889,-8388608
41.0953,-8388608
41.0976,-2726670
41.1016,8388607
41.1053,7342017
41.1094,-8388608
41.1143,-8001152
41.1184,-3719954
41.1217,8388607
41.1258,7951117
41.1299,-8388608
41.1341,-7314206
41.1381,-4663997
41.1423,8388607
41.1462,8388607
41.1506,-8388608
41.1507,-6503186
41.1545,-5560164
41.1586,8388607
41.1630,8388607
41.1672,-8388608
41.1709,-5663214
41.1750,-6523614
41.1797,8388607
41.1835,8388607
41.1876,-8388608
41.1914,-4923736
41.1960,-7348904
41.2002,8388607
41.2040,8388607
41.2078,-8388608
41.2120,-4086335
41.2159,-8135441
41.2201,8388607
41.2241,8388607
41.2283,-8388608
41.2325,-3649753
41.2365,-8388608
41.2405,8388607
41.2461,8388607
41.2487,-8388608
41.2529,-3569465
41.2576,-8388608
41.2618,8388607
41.2657,8388607
41.2693,-8388608
41.2734,-2905293
41.2780,-8388608
41.2786,8388607
41.2821,8388607
41.2861,-8388608
41.2896,8388607
41.2955,-3103389
41.2988,3500503
41.3019,-6402283
41.3060,-8388608
41.3113,4977821
41.3146,-4338861
41.3187,4735975
41.3224,-2873653
41.3287,-8388608
41.3308,5570345
41.3351,-4971305
41.3388,5839075
41.3448,-5691996
41.3472,-8388608
41.3516,6452694
41.3557,-4368277
41.3592,6956883
41.3636,-6839220
41.3675,-8388608
41.3722,4150087
41.3756,-3735833
41.3806,8030567
41.3843,-8059984
41.3885,-8388608
41.3920,8388607
41.3962,-3544629
41.4002,8388607
41.4043,-8207064
41.4085,-8388608
41.4086,3132803
41.4133,-3469545
41.4166,8388607
41.4207,-8388608
41.4248,-8388608
41.4293,1398881
41.4329,-2588608
41.4370,8388607
41.4415,-8388608
41.4453,-8388608
41.4495,-151729
41.4537,-7624013
41.4575,8388607
41.4620,8388607
41.4659,-3709621
41.4700,-3247631
41.4740,-7319718
41.4790,7574619
41.4822,8388607
41.4862,-4073987
41.4903,-4814722
41.4948,-7586602
41.4985,5683587
41.5029,8388607
41.5068,-4503923
41.5117,-6797641
41.5149,-6660849
41.5197,5006072
41.5231,8388607
41.5285,-1246682
41.5313,-6258261
41.5353,-3799288
41.5354,5857103
41.5394,8388607
41.5464,1841893
41.5477,-4945013
41.5517,-942294
41.5558,5941297
41.5619,8388607
41.5645,3485368
41.5682,-3736231
41.5723,-1451196
41.5764,4226479
41.5806,8388607
41.5849,1969745
41.5887,-8287091
41.5945,-1166165
41.5969,2356066
41.6013,8388607
41.6050,2551175
41.6091,-8388608
41.6138,-1015011
41.6181,910935
41.6213,8388607
41.6255,3074162
41.6300,-8388608
41.6343,213121
41.6377,696809
41.6419,8388607
41.6469,3616116
41.6501,-8388608
41.6543,1674340
41.6584,-79339
41.6623,8388607
41.6624,4259736
41.6664,-8388608
41.6705,1739927
41.6747,-1699485
41.6792,8388607
41.6831,4546657
41.6871,-8388608
41.6910,1788508
41.6954,-2481779
41.6995,8388607
41.7035,6006529
41.7076,-8388608
41.7120,3450904
41.7161,-3545745
41.7200,8388607
41.7239,7051927
41.7283,-8388608
41.7322,2778292
41.7362,-5423111
41.7403,8388607
41.7449,8388607
41.7486,-8388608
41.7530,2393463
41.7570,-7184404
41.7613,8388607
41.7649,8388607
41.7692,-8308357
41.7730,2220255
41.7779,-8388608
41.7813,8388607
41.7853,8388607
41.7893,-5673103
41.7894,2014425
41.7955,-8388608
41.7976,8388607
41.8021,8388607
41.8059,-7210188
41.8108,-1485633
41.8145,-8388608
41.8181,8388607
41.8225,8388607
41.8285,-6606989
41.8304,-3637995
41.8348,-8388608
41.8386,8388607
41.8445,8388607
41.8471,-3045863
41.8512,-6861637
41.8557,-8388608
41.8590,8388607
41.8635,8388607
41.8674,2016866
41.8712,-8388608
41.8754,-8388608
41.8797,-8388608
41.8837,8388607
41.8877,8388607
41.8919,6898051
41.8961,-8388608
41.9005,-8388608
41.9044,8388607
41.9083,8388607
41.9128,7868779
41.9164,-8388608
41.9165,-8388608
41.9204,8388607
41.9245,8388607
41.9290,8388607
41.9333,-8388608
41.9368,-8388608
41.9409,8388607
41.9452,8388607
41.9491,8388607
41.9537,-8388608
41.9573,-8388608
41.9614,8388607
41.9659,5950372
41.9698,-4540651
41.9737,-8388608
41.9792,8030567
41.9818,8388607
41.9860,4154853
41.9903,-3323250
41.9943,-6198786
41.9988,7780531
42.0028,8388607
42.0066,3572753
42.0108,-4671379
42.0150,-5427072
42.0190,6780387
42.0236,8388607
42.0270,3948524
42.0314,-5965714
42.0353,-5047096
42.0391,5544915
42.0446,8388607
42.0447,4458912
42.0479,-7108999
42.0516,-3843089
42.0559,4499177
42.0610,8388607
42.0641,4946131
42.0683,-8115347
42.0720,-3922225
42.0761,3024052
42.0809,8388607
42.0846,5520015
42.0889,-8388608
42.0939,-3643337
42.0967,1429477
42.1008,8388607
42.1051,6420981
42.1089,-8388608
42.1133,-3458835
42.1172,-30076
42.1212,8388607
42.1253,7292994
42.1308,-8388608
42.1340,-2544801
42.1382,-995655
42.1416,8388607
42.1461,7488959
42.1499,-8388608
42.1543,-1341788
42.1581,-1822448
42.1630,8388607
42.1662,7624989
42.1702,-8388608
42.1702,481370
42.1744,-2636325
42.1789,8388607
42.1827,8080148
42.1867,-8388608
42.1908,823447
42.1961,-3741640
42.1992,8388607
42.2031,8343943
42.2071,-8388608
42.2118,2054605
42.2156,-4853641
42.2201,8388607
42.2237,8388607
42.2283,-8388608
42.2321,2601032
42.2363,-5804133
42.2400,8388607
42.2442,8388607
42.2487,-8388608
42.2526,2938416
42.2562,-7119225
42.2607,8388607
42.2649,8388607
42.2688,-8388608
42.2732,2946236
42.2783,-7556881
42.2813,8388607
42.2849,8388607
42.2891,-8388608
42.2937,2619164
42.2973,-8388608
42.2974,8388607
42.3013,8388607
42.3054,-8161895
42.3115,1529338
42.3136,-8388608
42.3177,8388607
42.3217,8388607
42.3277,-8388608
42.3307,1596435
42.3340,-8388608
42.3381,8388607
42.3423,8388607
42.3471,-6411621
42.3504,-549721
42.3545,-8388608
42.3590,8388607
42.3633,8388607
42.3668,-5558001
42.3709,-1185561
42.3750,-8388608
42.3798,8388607
42.3832,8388607
42.3873,-5136668
42.3914,-1115320
42.3962,-8388608
42.3996,8388607
42.4037,8388607
42.4078,-6352823
42.4122,-1261818
42.4161,-8388608
42.4201,8388607
42.4243,8388607
42.4284,-5762228
42.4297,-1851763
42.4327,-8388608
42.4364,8388607
42.4407,8388607
42.4451,-5358739
42.4491,-2385174
42.4530,-7444783
42.4573,8388607
42.4620,8388607
42.4654,-4873755
42.4697,-3471089
42.4738,-6858276
42.4791,8045275
42.4817,8388607
42.4857,-4652321
42.4900,-4412401
42.4940,-6040490
42.4982,7339291
42.5022,8388607
42.5069,-4199061
42.5104,-5660484
42.5144,-5437605
42.5192,6574475
42.5233,8388607
42.5272,-3068099
42.5308,-6812169
42.5356,-4118665
42.5388,5750827
42.5436,8388607
42.5477,-2762991
42.5512,-7750362
42.5553,-3307642
42.5554,5397835
42.5607,8388607
42.5641,-2770696
42.5677,-8016065
42.5716,-38015
42.5758,4838931
42.5804,8388607
42.5844,-2377392
42.5881,-8388608
42.5921,1228231
42.5963,3853275
42.6009,8388607
42.6047,-1613679
42.6085,-6731427
42.6134,4897763
42.6171,5912615
42.6215,-6471520
42.6249,-4941888
42.6301,-8388608
42.6333,6250899
42.6371,5118383
42.6414,-5236048
42.6458,-4221196
42.6498,-8388608
42.6536,6545059
42.6584,3912327
42.6620,-4162364
42.6661,-4294736
42.6700,-8388608
42.6742,7742200
42.6783,2676855
42.6822,-2971016
42.6823,-4735976
42.6863,-8388608
42.6905,8388607
42.6959,1426675
42.6988,-1588464
42.7027,-4678163
42.7068,-8388608
42.7121,8388607
42.7154,231897
42.7195,-588455
42.7232,-6103821
42.7292,-8388608
42.7314,8388607
42.7355,-250037
42.7395,58831
42.7447,-6706849
42.7482,-8388608
42.7519,8295311
42.7561,-1279597
42.7606,1103099
42.7647,-7934471
42.7687,-8388608
42.7732,5441959
42.7766,-2735689
42.7809,2912183
42.7846,-7339292
42.7893,-8388608
42.7929,8388607
42.7970,-4015285
42.8010,3221051
42.8051,-6471520
42.8092,-8388608
42.8093,8388607
42.8133,-4706561
42.8177,5324295
42.8215,-4780100
42.8277,-8388608
42.8297,8388607
42.8343,-6015573
42.8383,5515499
42.8420,-5603748
42.8465,-8388608
42.8508,8388607
42.8548,-6118529
42.8583,7251043
42.8632,-6780388
42.8671,-8388608
42.8709,7059839
42.8748,-7059841
42.8794,8221771
42.8834,-6041657
42.8870,-8388608
42.8911,5603747
42.8953,-5293605
42.8999,8388607
42.9034,-7640205
42.9075,-8388608
42.9116,4221195
42.9161,-3324008
42.9198,8388607
42.9240,-8388608
42.9286,-8388608
42.9321,2673659
42.9362,-2941600
42.9363,8388607
42.9404,-8388608
42.9449,-8388608
42.9492,912104
42.9527,-1143857
42.9566,8388607
42.9611,-8388608
42.9651,-8388608
42.9690,995833
42.9733,14707
42.9776,8388607
42.9815,-8388608
42.9859,-8388608
42.9894,2379720
42.9937,661859
42.9981,8388607
43.0018,-8388608
43.0058,-8388608
43.0115,-1453908
43.0140,2088535
43.0185,8388607
43.0223,-8388608
43.0263,-8388608
43.0309,-1764961
43.0347,3294591
43.0385,8388607
43.0449,-8388608
43.0469,-8388608
43.0510,-2603317
43.0551,4412399
43.0601,8388607
43.0634,-8388608
43.0637,-8388608
43.0672,-4116365
43.0713,5603747
43.0768,8354143
43.0797,-8388608
43.0837,-8045276
43.0879,-5441961
43.0934,6750971
43.0965,6986299
43.1005,-8295312
43.1041,-8001152
43.1082,-7662869
43.1129,7839363
43.1167,5750827
43.1208,-7089256
43.1246,-7751116
43.1290,-8388608
43.1331,8388607
43.1374,4235903
43.1410,-5927324
43.1456,-7339292
43.1492,-8388608
43.1536,8388607
43.1574,3029847
43.1624,-5000720
43.1659,-7604036
43.1697,-8339436
43.1738,8388607
43.1786,2588607
43.1821,-2912184
43.1862,-8388608
43.1901,-8388608
43.1902,8388607
43.1948,1279595
43.1984,-2367988
43.2025,-8388608
43.2066,-8388608
43.2111,8388607
43.2148,192551
43.2188,-781058
43.2229,-8388608
43.2275,-8388608
43.2315,8388607
43.2357,-397117
43.2392,88247
43.2436,-8388608
43.2481,-8388608
43.2515,8388607
43.2556,-1514925
43.2603,617735
43.2644,-8388608
43.2680,-8388608
43.2720,8388607
43.2769,-2750397
43.2809,2235615
43.2843,-7486372
43.2884,-8388608
43.2932,8388607
43.2970,-3838789
43.3007,3765247
43.3049,-7118672
43.3090,-8388608
43.3130,7677575
43.3173,-4103533
43.3213,4927179
43.3214,-6824512
43.3258,-8388608
43.3299,6324439
43.3336,-3515213
43.3375,6412687
43.3425,-7545204
43.3462,-8388608
43.3502,5618455
43.3542,-3529921
43.3594,7604035
43.3629,-7662868
43.3663,-8388608
43.3703,5339003
43.3763,-3574045
43.3786,8388607
43.3829,-7333659
43.3869,-8388608
43.3908,3922495
43.3954,-3491959
43.3994,8388607
43.4034,-8388608
43.4072,-8388608
43.4117,3043460
43.4163,-2485652
43.4194,8388607
43.4236,-8388608
43.4282,-8388608
43.4320,2216035
43.4359,-998947
43.4400,8388607
43.4445,-8388608
43.4481,-8388608
43.4482,1223332
43.4522,-206210
43.4566,8388607
43.4611,-8388608
43.4645,-8388608
43.4686,29861
43.4727,279451
43.4774,8388607
43.4811,-8388608
43.4850,-8388608
43.4891,-1901274
43.4941,1544339
43.4974,8388607
43.5014,-8388608
43.5055,-8388608
43.5101,-3072716
43.5138,2809227
43.5178,8388607
43.5219,-8388608
43.5274,-8388608
43.5306,-4181856
43.5342,3985867
43.5382,8388607
43.5433,-8388608
43.5475,-8388608
43.5507,-4330316
43.5546,5074259
43.5600,8388607
43.5630,-8388608
43.5670,-8388608
43.5710,-5232230
43.5752,6471519
43.5776,8030567
43.5797,-7721700
43.5833,-7736408
43.5874,-7892307
43.5931,7721699
43.5957,6853927
43.6001,-6383272
43.6039,-8059984
43.6080,-7069231
43.6125,8388607
43.6165,5633163
43.6205,-5353712
43.6243,-8089400
43.6285,-8192356
43.6329,8388607
43.6365,4456523
43.6407,-4103532
43.6451,-8236480
43.6495,-8320359
43.6529,8388607
43.6571,3309299
43.6619,-2971016
43.6655,-8388608
43.6693,-8388608
43.6734,8388607
43.6782,2103243
43.6821,-1853208
43.6859,-8388608
43.6898,-8388608
43.6944,8388607
43.6981,872606
43.6983,-725037
43.7021,-8388608
43.7062,-8388608
43.7111,8388607
43.7144,115307
43.7184,73539
43.7225,-8388608
43.7270,-8388608
43.7307,8388607
43.7351,-617737
43.7389,647151
43.7440,-8388608
43.7486,-8388608
43.7513,8388607
43.7553,-1750253
43.7601,1706127
43.7640,-8388608
43.7676,-8388608
43.7717,8388607
43.7768,-2441529
43.7800,2838643
43.7840,-8388608
43.7881,-8388608
43.7931,8388607
43.7968,-2515069
43.8004,4015283
43.8046,-8388608
43.8096,-8388608
43.8131,8388607
43.8169,-2426821
43.8210,5088967
43.8264,-8388608
43.8291,-8388608
43.8292,8388607
43.8332,-2250325
43.8373,6089111
43.8430,-8388608
43.8458,-8388608
43.8502,8074691
43.8536,-2367989
43.8578,7295167
43.8622,-8388608
43.8664,-8388608
43.8700,6618599
43.8741,-2162077
43.8788,8388607
43.8826,-8388608
43.8864,-8388608
43.8907,8324727
43.8951,-2241132
43.8987,8388607
43.9028,-8388608
43.9070,-8388608
43.9111,6240086
43.9151,-1318339
43.9200,8388607
43.9233,-8388608
43.9279,-8388608
43.9318,5441959
43.9364,-337484
43.9399,8388607
43.9439,-8388608
43.9480,-8388608
43.9521,4324151
43.9561,205911
43.9562,8388607
43.9609,-8388608
43.9642,-8388608
43.9684,2500359
43.9724,1441383
43.9784,8388607
43.9806,-8388608
43.9849,-8388608
43.9895,1371503
43.9942,2529775
43.9972,8388607
44.0011,-8388608
44.0052,-8388608
44.0093,-990668
44.0141,3956451
44.0180,8388607
44.0216,-8388608
44.0257,-8388608
44.0300,-39972
44.0346,4941887
44.0385,8388607
44.0422,-8388608
44.0463,-8388608
44.0502,-1279597
44.0560,6236191
44.0600,8388607
44.0632,-8388608
44.0667,-8388608
44.0709,-2882769
44.0766,7530495
44.0791,7942319
44.0831,-8354144
44.0832,-8388608
44.0871,-3949641
44.0927,8388607
44.0955,6706847
44.0996,-6912760
44.1035,-8388608
44.1092,-7195055
44.1122,8388607
44.1167,5441959
44.1200,-5574332
44.1241,-8388608
44.1284,-8388608
44.1322,8388607
44.1362,4221195
44.1405,-4309444
44.1446,-8388608
44.1488,-7309877
44.1526,8388607
44.1568,2897475
44.1617,-2779812
44.1650,-8388608
44.1695,-8388608
44.1734,8388607
44.1776,1662003
44.1815,-1500216
44.1860,-8388608
44.1895,-8388608
44.1939,8388607
44.1985,324628
44.2019,-204617
44.2059,-8388608
44.2106,-8388608
44.2114,8388607
44.2143,-191205
44.2185,367699
44.2222,-8388608
44.2270,-8388608
44.2315,8388607
44.2345,-1176641
44.2386,1573755
44.2437,-8295312
44.2469,-8388608
44.2518,8388607
44.2550,-2235617
44.2599,2971015
44.2642,-8388608
44.2679,-8388608
44.2714,8388607
44.2766,-2426821
44.2804,4088823
44.2837,-8295312
44.2878,-8388608
44.2931,7353999
44.2962,-2544485
44.3002,5368419
44.3042,-8265896
44.3100,-8388608
44.3130,6853927
44.3172,-2485653
44.3205,6692139
44.3262,-8388608
44.3288,-8388608
44.3330,7103963
44.3370,-2662149
44.3412,7854071
44.3436,-8074692
44.3455,-8388608
44.3498,5774219
44.3533,-2412113
44.3578,8388607
44.3616,-8160281
44.3656,-8388608
44.3697,4731662
44.3738,-2602585
44.3785,8388607
44.3827,-8388608
44.3862,-8388608
44.3903,3735297
44.3950,-1912040
44.3984,8388607
44.4025,-8388608
44.4067,-8388608
44.4109,3382132
44.4149,-738949
44.4191,8388607
44.4231,-8388608
44.4272,-8388608
44.4315,1195065
44.4354,88247
44.4397,8388607
44.4436,-8388608
44.4484,-8388608
44.4521,2955291
44.4558,720691
44.4601,8388607
44.4639,-8388608
44.4680,-8388608
44.4682,-1191087
44.4721,1912039
44.4764,8388607
44.4806,-8388608
44.4848,-8388608
44.4890,-2397895
44.4930,3471087
44.4973,8388607
44.5012,-8388608
44.5052,-8388608
44.5090,-3597327
44.5138,4735975
44.5176,8388607
44.5214,-8388608
44.5263,-8388608
44.5299,-4000577
44.5338,5824367
44.5383,8388607
44.5418,-8388608
44.5467,-8030568
44.5506,-6250901
44.5545,7133379
44.5601,8133523
44.5626,-7854072
44.5668,-8388608
44.5707,-5104795
44.5768,8388607
44.5793,7015715
44.5828,-6750972
44.5869,-8388608
44.5909,-4853641
44.5950,8388607
44.5951,5706703
44.5991,-5559624
44.6032,-8221772
44.6073,-6151219
44.6119,8388607
44.6154,4530063
44.6195,-4382984
44.6238,-8388608
44.6279,-7200678
44.6328,8388607
44.6361,3397547
44.6401,-3324008
44.6449,-8388608
44.6482,-8133525
44.6523,8388607
44.6564,2367987
44.6615,-2279740
44.6646,-8388608
44.6687,-8388608
44.6728,8388607
44.6773,1191347
44.6812,-1126482
44.6851,-8388608
44.6893,-8388608
44.6938,8388607
44.6974,148599
44.7019,-151504
44.7057,-8388608
44.7100,-8388608
44.7139,8388607
44.7178,-338285
44.7179,279451
44.7219,-8388608
44.7263,-8388608
44.7313,8388607
44.7343,-1382553
44.7383,1426675
44.7427,-8388608
44.7469,-8388608
44.7508,8388607
44.7547,-1926749
44.7592,2588607
44.7632,-8388608
44.7675,-8388608
44.7714,8388607
44.7760,-1750253
44.7795,3706415
44.7840,-8388608
44.7875,-8388608
44.7925,8388607
44.7959,-1779669
44.8004,5015427
44.8041,-8388608
44.8093,-8388608
44.8122,8388607
44.8165,-1750253
44.8204,6103819
44.8246,-8388608
44.8293,-8388608
44.8330,8388607
44.8368,-1720837
44.8408,7162795
44.8450,-8388608
44.8490,-8388608
44.8490,8192355
44.8530,-1882625
44.8598,8388607
44.8618,-8388608
44.8653,-8388608
44.8694,7648159
44.8736,-1692702
44.8783,8388607
44.8818,-8388608
44.8860,-8388608
44.8899,5815217
44.8941,-1037368
44.8982,8388607
44.9026,-8388608
44.9063,-8388608
44.9110,4706559
44.9149,-14902
44.9191,8388607
44.9227,-8388608
44.9269,-8388608
44.9313,3750539
44.9350,500071
44.9390,8388607
44.9441,-8388608
44.9479,-8388608
44.9521,2132659
44.9554,1647295
44.9601,8388607
44.9638,-8388608
44.9679,-8388608
44.9718,930997
44.9761,3073971
44.9768,8388607
44.9800,-8388608
44.9841,-8388608
44.9882,-69656
44.9924,4191779
44.9966,8388607
45.0015,-8388608
45.0046,-8388608
45.0105,-1026934
45.0133,5280171
45.0175,8388607
45.0209,-8388608
45.0265,-8388608
45.0306,-2692872
45.0332,6648015
45.0373,8388607
45.0430,-8388608
45.0460,-8148232
45.0496,-3788288
45.0538,7589327
45.0595,7633451
45.0624,-7280460
45.0660,-7942320
45.0701,-4971620
45.0760,8388607
45.0788,6427395
45.0832,-6044988
45.0867,-7927612
45.0907,-6033426
45.0947,8388607
45.0990,5177215
45.1029,-4868348
45.1029,-7780532
45.1072,-7045133
45.1114,8388607
45.1154,3897619
45.1192,-3544628
45.1234,-7251044
45.1275,-8135793
45.1318,8388607
45.1356,2720979
45.1397,-2279740
45.1438,-7517275
45.1486,-8388608
45.1526,8388607
45.1563,1529631
45.1606,-1054321
45.1645,-7782506
45.1691,-8388608
45.1725,8388607
45.1774,343487
45.1811,-137722
45.1848,-8388608
45.1889,-8388608
45.1936,8388607
45.1979,-117665
45.2013,411823
45.2053,-7993757
45.2094,-8388608
45.2142,8388607
45.2177,-1191349
45.2217,1691419
45.2263,-7167855
45.2298,-8388608
45.2299,8388607
45.2339,-2191493
45.2380,2971015
45.2426,-7091436
45.2469,-8388608
45.2504,8388607
45.2548,-2588609
45.2590,4132947
45.2634,-7133380
45.2675,-8388608
45.2708,8388607
45.2755,-2397405
45.2794,5236047
45.2836,-7133380
45.2872,-8388608
45.2918,8388607
45.2961,-2603317
45.2997,6559767
45.3036,-7280460
45.3089,-8388608
45.3120,8388607
45.3161,-2265033
45.3199,7648159
45.3260,-7072937
45.3285,-8388608
45.3322,7925202
45.3364,-2456237
45.3419,8388607
45.3448,-8091723
45.3488,-8388608
45.3529,6346832
45.3569,-2120735
45.3609,8388607
45.3615,-8388608
45.3650,-8388608
45.3691,4594237
45.3733,-1793933
45.3774,8388607
45.3816,-8388608
45.3857,-8388608
45.3896,3462625
45.3940,-561729
45.3982,8388607
45.4026,-8388608
45.4061,-8388608
45.4107,3218982
45.4146,176495
45.4184,8388607
45.4224,-8388608
45.4270,-8388608
45.4315,1323719
45.4346,1191347
45.4389,8388607
45.4433,-8388608
45.4474,-8388608
45.4515,741216
45.4552,2412111
45.4602,8388607
45.4638,-8388608
45.4676,-8388608
45.4715,-175497
45.4772,3676999
45.4798,8388607
45.4839,-8388608
45.4879,-8388608
45.4880,-1022833
45.4926,4956595
45.4967,8388607
45.5003,-8388608
45.5043,-8388608
45.5090,-911897
45.5130,6192067
45.5167,8388607
45.5206,-8388608
45.5254,-8388608
45.5297,-2162077
45.5333,7339291
45.5371,8354143
45.5418,-8295312
45.5457,-8388608
45.5493,-3515213
45.5534,8388607
45.5590,7221627
45.5626,-7251044
45.5657,-8388608
45.5698,-5214451
45.5752,8388607
45.5784,6030279
45.5825,-6015572
45.5862,-8388608
45.5919,-5662581
45.5953,8388607
45.5985,4780099
45.6027,-4824224
45.6069,-8388608
45.6107,-7103965
45.6150,8388607
45.6151,3603459
45.6189,-3574044
45.6231,-8388608
45.6275,-8388608
45.6313,8388607
45.6359,2412111
45.6395,-2470944
45.6441,-8388608
45.6482,-8388608
45.6517,8388607
45.6558,1132515
45.6606,-1169500
45.6640,-8388608
45.6682,-8388608
45.6722,8388607
45.6769,153913
45.6811,-222919
45.6845,-8388608
45.6886,-8388608
45.6930,8388607
45.6971,-294161
45.7009,294159
45.7051,-8388608
45.7099,-8388608
45.7137,8388607
45.7175,-1264889
45.7213,1397259
45.7260,-8388608
45.7296,-8388608
45.7338,8388607
45.7377,-1309013
45.7420,2691563
45.7421,-8388608
45.7464,-8388608
45.7500,8388607
45.7541,-1294305
45.7586,4029991
45.7624,-8388608
45.7664,-8388608
45.7705,8388607
45.7759,-1294305
45.7790,5309587
45.7828,-8388608
45.7869,-8388608
45.7921,8388607
45.7957,-1014853
45.7991,6545059
45.8033,-8388608
45.8085,-8388608
45.8124,8388607
45.8156,-1176641
45.8196,7839363
45.8250,-8388608
45.8283,-8388608
45.8321,7795239
45.8361,-1058977
45.8421,8388607
45.8449,-8388608
45.8483,-8388608
45.8524,6486227
45.8587,-1262504
45.8613,8388607
45.8649,-8388608
45.8689,-8388608
45.8690,5162507
45.8731,-457494
45.8785,8388607
45.8811,-8388608
45.8852,-8388608
45.8893,4044699
45.8939,191203
45.8975,8388607
45.9017,-8388608
45.9058,-8388608
45.9098,2882767
45.9142,985435
45.9186,8388607
45.9224,-8388608
45.9271,-8388608
45.9303,1456091
45.9343,2367987
45.9384,8388607
45.9432,-8388608
45.9474,-8388608
45.9511,661892
45.9549,3618167
45.9596,8388607
45.9636,-8388608
45.9678,-8388608
45.9712,-331336
45.9759,4883055
45.9799,8388607
45.9835,-8388608
45.9877,-8388608
45.9922,-4206489
45.9958,8388607
45.9958,8388607
45.9999,-5340956
46.0040,-8388608
46.0087,-5927325
46.0124,8388607
46.0169,8388607
46.0204,-4521430
46.0254,-8295312
46.0293,-7104865
46.0327,8388607
46.0367,8388607
46.0424,-3502184
46.0449,-7721700
46.0490,-8061887
46.0531,8388607
46.0590,8388607
46.0622,-2276373
46.0654,-7074548
46.0695,-8388608
46.0736,8388607
46.0780,8388607
46.0818,-1207566
46.0859,-6517254
46.0921,-8388608
46.0940,8388607
46.0981,8388607
46.1022,-575505
46.1064,-6077953
46.1105,-8388608
46.1146,8388607
46.1189,8388607
46.1229,179236
46.1269,-5937018
46.1271,-8388608
46.1310,8388607
46.1351,8388607
46.1391,691062
46.1438,-6012701
46.1473,-8388608
46.1514,8388607
46.1555,8388607
46.1599,1140454
46.1637,-6174772
46.1678,-8388608
46.1719,8388607
46.1760,8388607
46.1802,1316629
46.1843,-6524963
46.1884,-8388608
46.1934,8388607
46.1964,8388607
46.2005,1492839
46.2048,-6819838
46.2096,-8388608
46.2128,8388607
46.2169,8388607
46.2210,2224472
46.2258,-7284821
46.2293,-8388608
46.2333,8388607
46.2374,8388607
46.2420,3324007
46.2458,-8065203
46.2498,-8388608
46.2537,8388607
46.2538,8388607
46.2582,4441815
46.2621,-8388608
46.2661,-8388608
46.2702,8074691
46.2748,8388607
46.2785,5441959
46.2825,-8388608
46.2865,-8388608
46.2922,7001007
46.2949,8388607
46.2989,6589183
46.3030,-8388608
46.3081,-8388608
46.3118,6000863
46.3153,8388607
46.3193,7795239
46.3257,-8388608
46.3276,-8388608
46.3316,4897763
46.3357,8388607
46.3399,8388607
46.3443,-8388608
46.3480,-8388608
46.3521,3809371
46.3563,8388607
46.3605,8388607
46.3646,-8388608
46.3687,-8388608
46.3728,2659253
46.3768,8388607
46.3808,8388607
46.3810,-8388608
46.3849,-8388608
46.3891,1722081
46.3939,8388607
46.3972,8388607
46.4013,-8388608
46.4055,-8388608
46.4098,798280
46.4137,8388607
46.4177,8388607
46.4218,-8388608
46.4263,-8388608
46.4299,-290156
46.4340,8388607
46.4381,8388607
46.4425,-8388608
46.4463,-8388608
46.4504,-1331327
46.4545,8388607
46.4592,8388607
46.4627,-8388608
46.4668,-8388608
46.4709,-2309157
46.4759,8388607
46.4791,8388607
46.4832,-8388608
46.4873,-8388608
46.4921,-3368133
46.4955,8388607
46.4996,8388607
46.5037,-8388608
46.5083,-8388608
46.5094,-4618313
46.5120,8388607
46.5159,8388607
46.5200,-8388608
46.5257,-8388608
46.5287,-5883201
46.5323,8388607
46.5364,8388607
46.5437,-8354144
46.5449,-8388608
46.5488,-7263101
46.5528,8388607
46.5583,8388607
46.5615,-7059840
46.5656,-8388608
46.5692,-8268461
46.5733,8388607
46.5780,8388607
46.5822,-5765536
46.5855,-8388608
46.5912,-8388608
46.5944,8388607
46.5982,8388607
46.6020,-4603604
46.6074,-8388608
46.6105,-8388608
46.6144,8388607
46.6183,8388607
46.6239,-3338716
46.6268,-8388608
46.6308,-8388608
46.6347,8388607
46.6348,8388607
46.6390,-1956164
46.6432,-8388608
46.6472,-8388608
46.6511,8388607
46.6570,8388607
46.6597,-669840
46.6634,-8236228
46.6675,-8388608
46.6716,8388607
46.6760,8388607
46.6804,301708
46.6839,-7308110
46.6880,-8388608
46.6930,8388607
46.6971,8388607
46.7003,1687051
46.7044,-6208088
46.7095,-8388608
46.7128,8388607
46.7167,8388607
46.7207,3467806
46.7251,-5082989
46.7294,-8388608
46.7337,8388607
46.7371,8335037
46.7419,4878754
46.7455,-4176171
46.7495,-8388608
46.7535,8104107
46.7584,7996395
46.7618,6313547
46.7619,-3576210
46.7658,-8388608
46.7699,6956883
46.7751,7812459
46.7784,7200216
46.7826,-3442524
46.7863,-8388608
46.7910,5633163
46.7947,7821852
46.7994,8245178
46.8027,-3399744
46.8099,-8388608
46.8113,4633019
46.8149,7822487
46.8190,8388607
46.8248,-3682748
46.8275,-8388608
46.8319,3307199
46.8354,7855373
46.8411,8388607
46.8441,-4053090
46.8479,-8388608
46.8519,2271040
46.8581,7863799
46.8609,8388607
46.8641,-4583883
46.8682,-8388608
46.8724,1315247
46.8771,8059677
46.8808,8388607
46.8847,-5157311
46.8887,-8388608
46.8888,267149
46.8937,8388607
46.8974,8388607
46.9010,-5729034
46.9051,-8388608
46.9098,-770531
46.9137,8388607
46.9174,8388607
46.9215,-6426390
46.9262,-8388608
46.9300,-1928594
46.9338,8388607
46.9378,8388607
46.9428,-7184685
46.9461,-8388608
46.9501,-2853353
46.9542,8388607
46.9591,8388607
46.9631,-7883837
46.9666,-8388608
46.9709,-3897621
46.9748,8388607
46.9789,8388607
46.9831,-8388608
46.9869,-8388608
46.9913,-5206633
46.9960,8388607
46.9993,8388607
47.0034,-8388608
47.0082,-8388608
47.0116,-6280317
47.0159,8388607
47.0159,8388607
47.0197,-7892818
47.0248,-8388608
47.0286,-7344305
47.0322,8388607
47.0361,8388607
47.0415,-7297682
47.0449,-8388608
47.0484,-8254873
47.0525,8388607
47.0579,8388607
47.0616,-6265608
47.0648,-8388608
47.0689,-8388608
47.0747,8388607
47.0775,8388607
47.0819,-5133092
47.0853,-8388608
47.0909,-8388608
47.0942,8388607
47.0979,8388607
47.1017,-3971160
47.1066,-8388608
47.1108,-8388608
47.1144,8388607
47.1182,8388607
47.1221,-2941600
47.1274,-8388608
47.1305,-8388608
47.1344,8388607
47.1386,8388607
47.1427,-1823792
47.1467,-8388608
47.1468,-8388608
47.1508,8388607
47.1549,8388607
47.1593,-638921
47.1634,-8388608
47.1672,-8388608
47.1715,8388607
47.1769,8388607
47.1796,51336
47.1836,-8388608
47.1880,-8388608
47.1920,8388607
47.1965,8388607
47.2000,661859
47.2044,-8388608
47.2092,-8388608
47.2128,8388607
47.2167,8388607
47.2205,1794375
47.2252,-8388608
47.2292,-8388608
47.2328,8388607
47.2368,8388607
47.2412,2971015
47.2452,-8388608
47.2492,-8388608
47.2532,8388607
47.2595,8388607
47.2616,4132947
47.2657,-8388608
47.2698,-8388608
47.2742,8015859
47.2743,8388607
47.2784,5397835
47.2819,-8388608
47.2860,-8388608
47.2924,6942175
47.2947,8388607
47.2986,6471519
47.3024,-8388608
47.3078,-8388608
47.3108,5515499
47.3151,8388607
47.3187,7795239
47.3250,-8388608
47.3270,-8388608
47.3314,4265319
47.3351,8388607
47.3408,8388607
47.3441,-8388608
47.3475,-8388608
47.3515,2918893
47.3556,8388607
47.3601,8388607
47.3638,-8388608
47.3679,-8388608
47.3720,1969692
47.3763,8388607
47.3802,8388607
47.3844,-8388608
47.3885,-8388608
47.3926,923866
47.3967,8388607
47.4010,8388607
47.4011,-8388608
47.4049,-8388608
47.4090,-266360
47.4130,8388607
47.4171,8388607
47.4212,-8388608
47.4253,-8388608
47.4296,-1380479
47.4334,8388607
47.4376,8388607
47.4421,-8388608
47.4463,-8388608
47.4498,-2515069
47.4539,8388607
47.4584,8388607
47.4627,-8388608
47.4662,-8388608
47.4703,-3809373
47.4757,8388607
47.4790,8388607
47.4830,-8388608
47.4868,-8388608
47.4912,-5221341
47.4952,8388607
47.4990,8388607
47.5031,-8161047
47.5074,-8388608
47.5113,-6605565
47.5154,8388607
47.5195,8388607
47.5247,-5988735
47.5277,-8133524
47.5278,-7841489
47.5317,8388607
47.5358,8388607
47.5409,-3249998
47.5444,-7412832
47.5481,-8388608
47.5522,8388607
47.5574,8388607
47.5607,-3612917
47.5645,-7289004
47.5686,-8388608
47.5738,8388607
47.5771,8388607
47.5810,-332281
47.5851,-5920936
47.5908,-8388608
47.5935,8388607
47.5973,7780531
47.6013,-191397
47.6071,-5960810
47.6097,-8388608
47.6139,8388607
47.6178,7824655
47.6220,-232394
47.6268,-6521795
47.6300,-8388608
47.6341,8388607
47.6382,8177647
47.6424,-711257
47.6466,-7425609
47.6509,-8388608
47.6550,8388607
47.6551,8388607
47.6598,1103959
47.6628,-6832542
47.6669,-8388608
47.6711,8388607
47.6752,8312046
47.6792,509074
47.6833,-8138007
47.6874,-8388608
47.6931,8388607
47.6958,8388607
47.7001,1867915
47.7038,-8287801
47.7079,-8388608
47.7119,8388607
47.7161,8388607
47.7201,2676855
47.7243,-8388608
47.7284,-8388608
47.7325,8388607
47.7365,8388607
47.7407,3750539
47.7448,-8388608
47.7489,-8388608
47.7529,8015859
47.7571,8388607
47.7611,4765391
47.7653,-8388608
47.7695,-8388608
47.7735,7059839
47.7775,8388607
47.7819,6221483
47.7859,-8388608
47.7860,-8388608
47.7897,5412543
47.7938,8388607
47.7979,7265751
47.8022,-8388608
47.8062,-8388608
47.8103,4809515
47.8144,8388607
47.8185,8388607
47.8226,-8388608
47.8267,-8388608
47.8308,3583869
47.8349,8388607
47.8390,8388607
47.8431,-8388608
47.8472,-8388608
47.8513,2028766
47.8554,8388607
47.8595,8388607
47.8637,-8388608
47.8677,-8388608
47.8718,1281835
47.8758,8388607
47.8799,8388607
47.8840,-8388608
47.8881,-8388608
47.8922,144025
47.8963,8388607
47.9005,8388607
47.9047,-8388608
47.9089,-8388608
47.9127,-1327158
47.9128,8388607
47.9168,8388607
47.9209,-8388608
47.9250,-8388608
47.9291,-2103245
47.9332,8388607
47.9372,8388607
47.9414,-8388608
47.9455,-8388608
47.9496,-3162221
47.9537,8388607
47.9578,8388607
47.9619,-8388608
47.9660,-8388608
47.9701,-4691853
47.9742,8388607
47.9782,8388607
47.9823,-8388608
47.9864,-8388608
47.9905,-5500793
47.9947,8388607
47.9987,8388607
48.0028,-8388608
48.0069,-8388608
48.0110,-6991142
48.0151,8388607
48.0191,8388607
48.0235,-8388608
48.0276,-8388608
48.0317,-8105068
48.0358,8388607
48.0398,8388607
48.0399,-7236336
48.0438,-8388608
48.0479,-8388608
48.0520,8388607
48.0561,8388607
48.0602,-6162652
48.0644,-8388608
48.0685,-8388608
48.0725,8388607
48.0766,8388607
48.0807,-4838932
48.0848,-8388608
48.0889,-8388608
48.0929,8388607
48.0970,8388607
48.1012,-3500504
48.1052,-8388608
48.1093,-8388608
48.1134,8388607
48.1174,8388607
48.1215,-2132660
48.1256,-8388608
48.1297,-8388608
48.1338,8388607
48.1379,8388607
48.1420,-1055871
48.1461,-8388608
48.1505,-8388608
48.1544,8388607
48.1586,8388607
48.1626,-48198
48.1669,-8292270
48.1670,-8388608
48.1707,8388607
48.1747,8388607
48.1788,735399
48.1829,-7713120
48.1870,-8388608
48.1912,8388607
48.1952,8388607
48.1993,1961347
48.2034,-6809323
48.2075,-8388608
48.2116,8388607
48.2157,8247098
48.2199,3871842
48.2240,-6288034
48.2281,-8388608
48.2322,7692283
48.2362,8263262
48.2406,5031548
48.2444,-5988443
48.2485,-8388608
48.2526,6236191
48.2567,7578062
48.2608,5864757
48.2649,-6240768
48.2690,-8388608
48.2731,5088967
48.2772,7679807
48.2813,7487680
48.2857,-5064565
48.2896,-8388608
48.2936,3925655
48.2937,7310187
48.2977,8388607
48.3019,-4594764
48.3059,-8388608
48.3100,2404290
48.3141,6517873
48.3182,8388607
48.3223,-4034458
48.3264,-8388608
48.3305,1420505
48.3346,6606777
48.3386,8388607
48.3428,-4070809
48.3469,-8388608
48.3509,106930
48.3551,6625490
48.3592,8388607
48.3633,-4280153
48.3674,-8388608
48.3715,-789186
48.3756,6949157
48.3795,8388607
48.3837,-4727243
48.3878,-8388608
48.3919,-1623115
48.3961,7512598
48.4001,8388607
48.4045,-5622048
48.4085,-8388608
48.4124,-2426821
48.4165,8103721
48.4207,8388607
48.4208,-6045786
48.4246,-8388608
48.4288,-3324009
48.4329,8388607
48.4369,8388607
48.4411,-6355033
48.4451,-8388608
48.4493,-4574189
48.4533,8388607
48.4575,8388607
48.4615,-7053150
48.4657,-8388608
48.4698,-5691997
48.4738,8388607
48.4779,8388607
48.4820,-7339091
48.4861,-8388608
48.4902,-6776480
48.4943,8388607
48.4983,8388607
48.5024,-7206589
48.5065,-8388608
48.5106,-7850591
48.5147,8388607
48.5188,8388607
48.5229,-6884086
48.5270,-8388608
48.5312,-8388608
48.5352,8388607
48.5394,8388607
48.5434,-6109602
48.5475,-8388608
48.5476,-8388608
48.5516,8388607
48.5557,8388607
48.5598,-5426604
48.5639,-8388608
48.5680,-8388608
48.5721,8388607
48.5762,8388607
48.5802,-4294736
48.5844,-8388608
48.5885,-8388608
48.5926,8388607
48.5967,8388607
48.6009,-3279884
48.6049,-8388608
48.6090,-8388608
48.6131,8388607
48.6172,8388607
48.6213,-2044412
48.6254,-8388608
48.6295,-8388608
48.6336,8388607
48.6377,8388607
48.6418,-1067888
48.6459,-8388608
48.6500,-8388608
48.6541,8388607
48.6582,8388607
48.6622,-143800
48.6665,-8388608
48.6706,-8388608
48.6747,8388607
48.6788,8388607
48.6788,470655
48.6828,-8388608
48.6869,-8388608
48.6909,8388607
48.6950,8388607
48.6991,1588463
48.7033,-8388608
48.7073,-8388608
48.7114,8388607
48.7155,8388607
48.7196,2809227
48.7237,-8388608
48.7278,-8388608
48.7318,8388607
48.7359,8388607
48.7401,4000575
48.7442,-8388608
48.7483,-8388608
48.7523,7353999
48.7565,8388607
48.7606,5059551
48.7647,-8388608
48.7687,-8388608
48.7728,6221483
48.7769,8388607
48.7810,6353855
48.7851,-8388608
48.7894,-8388608
48.7933,5118383
48.7977,8388607
48.8015,7574619
48.8056,-8388608
48.8057,-8388608
48.8096,3927035
48.8138,8388607
48.8179,8388607
48.8220,-8388608
48.8261,-8388608
48.8302,2703879
48.8343,8388607
48.8384,8388607
48.8425,-8388608
48.8465,-8388608
48.8507,1714059
48.8548,8388607
48.8589,8388607
48.8630,-8388608
48.8671,-8388608
48.8711,676354
48.8752,8388607
48.8794,8388607
48.8835,-8388608
48.8875,-8388608
48.8916,-319354
48.8958,8388607
48.8999,8388607
48.9040,-8388608
48.9080,-8388608
48.9121,-1443789
48.9163,8388607
48.9203,8388607
48.9246,-8388608
48.9286,-8388608
48.9327,-2456237
48.9328,8388607
48.9367,8388607
48.9408,-8388608
48.9449,-8388608
48.9490,-3559337
48.9531,8388607
48.9572,8388607
48.9612,-8388608
48.9654,-8388608
48.9695,-4691853
48.9735,8388607
48.9775,8388607
48.9818,-8388608
48.9858,-8388608
48.9899,-6103821
48.9940,8388607
48.9981,8388607
49.0022,-8388608
49.0063,-8388608
49.0104,-7409160
49.0145,8388607
49.0185,8388607
49.0227,-6836045
49.0268,-8388608
49.0308,-8388608
49.0349,8388607
49.0391,8388607
49.0431,-5246259
49.0475,-8030568
49.0514,-8388608
49.0555,8388607
49.0595,8388607
49.0596,-3372020
49.0636,-7422318
49.0678,-8388608
49.0718,8388607
49.0758,8388607
49.0800,-1724482
49.0841,-6668813
49.0882,-8388608
49.0923,8388607
49.0963,7618743
49.1004,-274127
49.1045,-6056157
49.1086,-8388608
49.1127,8388607
49.1168,6780387
49.1209,1057239
49.1250,-5598274
49.1291,-8388608
49.1332,8388607
49.1373,5834404
49.1414,2113526
49.1455,-5019798
49.1496,-8388608
49.1537,8388607
49.1578,5872286
49.1618,2259158
49.1660,-5149592
49.1701,-8388608
49.1742,8388607
49.1784,5856021
49.1824,2998479
49.1865,-4199353
49.1866,-8388608
49.1905,8388607
49.1947,5568855
49.1987,3552378
49.2028,-4653886
49.2069,-8388608
49.2110,8388607
49.2152,6646982
49.2192,4170774
49.2233,-5246036
49.2275,-8388608
49.2315,7912903
49.2356,7285812
49.2397,4887615
49.2438,-6029900
49.2479,-8388608
49.2520,6942175
49.2562,7946379
49.2603,5785366
49.2644,-6559634
49.2684,-8388608
49.2725,5706703
49.2771,8143808
49.2807,6809803
49.2848,-6947906
49.2888,-8388608
49.2930,4603603
49.2970,8330523
49.3011,8001151
49.3055,-7240099
49.3096,-8388608
49.3136,3511788
49.3137,8388607
49.3176,8388607
49.3217,-7579866
49.3257,-8388608
49.3298,2405308
49.3339,8388607
49.3380,8388607
49.3421,-8311006
49.3462,-8388608
49.3503,1490819
49.3544,8388607
49.3585,8388607
49.3626,-8388608
49.3667,-8388608
49.3707,568498
49.3748,8388607
49.3790,8388607
49.3830,-8388608
49.3871,-8388608
49.3913,-454652
49.3953,8388607
49.3995,8388607
49.4036,-8388608
49.4077,-8388608
49.4118,-1481357
49.4159,8388607
49.4202,8388607
49.4241,-8388608
49.4285,-8388608
49.4326,-2382697
49.4366,8388607
49.4409,8388607
49.4410,-8388608
49.4445,-8388608
49.4486,-3574045
49.4527,8388607
49.4567,8388607
49.4609,-8388608
49.4650,-8388608
49.4691,-4706561
49.4731,8388607
49.4773,8388607
49.4813,-8388608
49.4855,-8388608
49.4896,-5824369
49.4937,8388607
49.4978,8388607
49.5019,-8388608
49.5060,-8388608
49.5100,-7024577
49.5141,8388607
49.5182,8388607
49.5224,-8339436
49.5265,-8388608
49.5306,-8147650
49.5346,8388607
49.5387,8388607
49.5428,-7206920
49.5469,-8388608
49.5510,-8388608
49.5551,8388607
49.5592,8388607
49.5633,-5809660
49.5675,-8388608
49.5716,-8388608
49.5717,8388607
49.5756,8388607
49.5797,-4662436
49.5838,-8388608
49.5879,-8388608
49.5920,8388607
49.5960,8388607
49.6003,-3382840
49.6043,-8388608
49.6083,-8388608
49.6125,8388607
49.6167,8388607
49.6206,-2191492
49.6248,-8388608
49.6289,-8388608
49.6331,8388607
49.6370,8388607
49.6413,-1090142
49.6453,-8388608
49.6494,-8388608
49.6534,8388607
49.6576,8388607
49.6617,-120936
49.6657,-8388608
49.6700,-8388608
49.6739,8388607
49.6779,8388607
49.6821,573611
49.6866,-8388608
49.6906,-8388608
49.6944,8388607
49.6986,8388607
49.6988,1838499
49.7026,-8388608
49.7067,-8388608
49.7115,8388607
49.7152,8388607
49.7192,2956307
49.7239,-8149894
49.7278,-8388608
49.7313,8310019
49.7353,8388607
49.7402,4294735
49.7440,-7729616
49.7476,-8388608
49.7517,7236335
49.7564,8388607
49.7601,5486083
49.7640,-7259937
49.7681,-8388608
49.7724,6059695
49.7764,8074807
49.7803,6750971
49.7845,-6710362
49.7900,-8388608
49.7927,4706559
49.7967,7715628
49.8008,8108039
49.8059,-6332341
49.8092,-8388608
49.8131,3388961
49.8175,7250970
49.8213,8388607
49.8255,-6010300
49.8256,-8388608
49.8295,2282951
49.8336,6896770
49.8379,8388607
49.8421,-5854763
49.8459,-8388608
49.8500,1251979
49.8541,6667422
49.8586,8388607
49.8623,-5773759
49.8664,-8388608
49.8705,207368
49.8751,6517661
49.8786,8388607
49.8828,-5525342
49.8869,-8388608
49.8914,-929568
49.8952,6483432
49.8991,8388607
49.9032,-5249447
49.9079,-8388608
49.9115,-1872093
49.9155,6603528
49.9196,8388607
49.9245,-4948966
49.9278,-8388608
49.9319,-3029849
49.9360,6979320
49.9404,8388607
49.9443,-4881061
49.9484,-8388608
49.9524,-4280029
49.9524,7836282
49.9569,8388607
49.9606,-5285302
49.9647,-8388608
49.9688,-5368421
49.9734,8388607
49.9770,8388607
49.9810,-5482677
49.9851,-8388608
49.9897,-6685127
49.9934,8388607
49.9974,8388607
50.0015,-5216072
50.0063,-8089400
50.0097,-7799168
50.0138,8388607
50.0179,8388607
50.0228,-4768773
50.0261,-7780532
50.0302,-8388608
50.0343,8388607
50.0395,8388607
50.0426,-3931111
50.0466,-7471664
50.0507,-8388608
50.0548,8388607
50.0588,8388607
50.0633,-3373591
50.0675,-7222764
50.0713,-8388608
50.0754,8388607
50.0797,8280603
50.0798,-2669355
50.0835,-7115783
50.0876,-8388608
50.0917,8388607
50.0958,8015859
50.0999,-2025085
50.1040,-7140263
50.1080,-8388608
50.1121,8388607
50.1162,7839363
50.1205,-1218069
50.1245,-7365243
50.1285,-8388608
50.1326,8388607
50.1367,7761669
50.1409,-491122
50.1450,-7589202
50.1491,-8388608
50.1532,8388607
50.1573,7842438
50.1613,157186
50.1655,-7799140
50.1696,-8388608
50.1736,8388607
50.1778,8116639
50.1818,676567
50.1859,-7983600
50.1901,-8388608
50.1941,8388607
50.1983,8388607
50.2025,1867915
50.2065,-8207667
50.2106,-8388608
50.2107,8388607
50.2146,8388607
50.2187,3000431
50.2228,-8388608
50.2269,-8388608
50.2310,8265895
50.2350,8388607
50.2392,4162363
50.2434,-8388608
50.2473,-8388608
50.2514,7353999
50.2556,8388607
50.2597,5118383
50.2638,-8388608
50.2678,-8388608
50.2719,5956739
50.2760,8388607
50.2801,6545059
50.2843,-8388608
50.2883,-8388608
50.2924,4838931
50.2965,8388607
50.3006,7486371
50.3047,-8388608
50.3088,-8388608
50.3129,3699579
50.3170,8388607
50.3210,8388607
50.3253,-8388608
50.3292,-8388608
50.3335,2568434
50.3374,8388607
50.3375,8388607
50.3415,-8388608
50.3456,-8388608
50.3497,1563644
50.3538,8388607
50.3579,8388607
50.3620,-8388608
50.3662,-8388608
50.3702,591104
50.3743,8388607
50.3784,8388607
50.3825,-8388608
50.3866,-8388608
50.3907,-425159
50.3947,8388607
50.3989,8388607
50.4030,-8388608
50.4071,-8388608
50.4112,-1381156
50.4153,8388607
50.4194,8388607
50.4235,-8388608
50.4276,-8388608
50.4316,-2367989
50.4358,8388607
50.4399,8388607
50.4440,-8388608
50.4482,-8388608
50.4524,-3500505
50.4564,8388607
50.4605,8388607
50.4644,-8388608
50.4645,-8388608
50.4685,-4941889
50.4726,8388607
50.4767,8388607
50.4808,-8388608
50.4849,-8388608
50.4890,-5883201
50.4930,8388607
50.4971,8388607
50.5012,-8388608
50.5053,-8388608
50.5094,-7214645
50.5135,8388607
50.5176,8388607
50.5217,-7335082
50.5258,-8388608
50.5299,-8368029
50.5340,8388607
50.5381,8388607
50.5422,-6408887
50.5463,-8388608
50.5504,-8388608
50.5544,8388607
50.5586,8388607
50.5627,-5563055
50.5668,-8388608
50.5709,-8388608
50.5749,8388607
50.5791,8388607
50.5833,-4283430
50.5875,-8088256
50.5917,-8388608
50.5918,8388607
50.5955,7309875
50.5996,-941878
50.6037,-5203997
50.6078,-8388608
50.6119,8388607
50.6159,-1566180
50.6201,8388607
50.6242,6724794
50.6283,-8388608
50.6324,-2798582
50.6365,-8388608
50.6406,8388607
50.6447,8388607
50.6488,8388607
50.6529,-7309876
50.6570,-8388608
50.6611,-3397549
50.6652,8388607
50.6692,8388607
50.6733,-2882768
50.6774,-8388608
50.6816,-4412401
50.6856,8388607
50.6898,8388607
50.6939,-1603172
50.6980,-8388608
50.7023,-5691997
50.7061,8388607
50.7104,8388607
50.7144,-441683
50.7184,-8388608
50.7185,-6898053
50.7225,8388607
50.7266,8388607
50.7306,102955
50.7348,-8388608
50.7389,-8192357
50.7430,8388607
50.7471,8388607
50.7511,1191347
50.7552,-8388608
50.7594,-8388608
50.7635,8388607
50.7675,8388607
50.7716,2529775
50.7758,-8388608
50.7798,-3985869
50.7840,8388607
50.7880,8388607
50.7920,-8388608
50.7962,-8388608
50.8003,-3971161
50.8044,8388607
50.8085,8388607
50.8126,-8388608
50.8166,-8388608
50.8208,-5074261
50.8249,8388607
50.8290,8388607
50.8333,-8388608
50.8373,-8388608
50.8414,-6074405
50.8455,8388607
50.8456,8388607
50.8495,-7604036
50.8535,-8388608
50.8577,-7309877
50.8618,8388607
50.8659,8388607
50.8699,-6456812
50.8740,-8388608
50.8781,-8339437
50.8822,8388607
50.8863,8388607
50.8904,-5427252
50.8945,-8388608
50.8986,-8388608
50.9027,8388607
50.9068,8388607
50.9109,-4177072
50.9150,-8388608
50.9191,-8388608
50.9232,8388607
50.9273,8388607
50.9314,-2971016
50.9355,-8388608
50.9396,-8388608
50.9436,8388607
50.9478,8388607
50.9519,-1794376
50.9560,-8388608
50.9602,-8388608
50.9643,8388607
50.9685,8388607
50.9724,-647765
50.9766,-8388608
50.9767,-8388608
50.9805,8388607
50.9846,8388607
50.9886,58831
50.9927,-8388608
50.9969,-8388608
51.0009,8388607
51.0052,8388607
51.0091,735399
51.0133,-8388608
51.0173,-8388608
51.0214,8388607
51.0256,8388607
51.0296,1956163
51.0338,-8388608
51.0379,-8388608
51.0419,8388607
51.0460,8388607
51.0501,3059263
51.0543,-8388608
51.0588,-8388608
51.0624,8388607
51.0665,8388607
51.0706,4294735
51.0746,-8388608
51.0788,-8388608
51.0829,8388607
51.0870,8388607
51.0911,5486083
51.0953,-8388608
51.0992,-8388608
51.1035,7706991
51.1036,8388607
51.1075,6736263
51.1116,-8388608
51.1157,-8388608
51.1198,6486227
51.1239,8388607
51.1280,7942319
51.1321,-8388608
51.1362,-8388608
51.1403,5339003
51.1443,8388607
51.1485,8388607
51.1525,-8388608
51.1567,-8388608
51.1608,4015283
51.1648,8388607
51.1689,8388607
51.1730,-8388608
51.1771,-8388608
51.1812,2809227
51.1853,8388607
51.1893,8388607
51.1934,-8388608
51.1975,-8388608
51.2016,1559047
51.2057,8388607
51.2098,8388607
51.2142,-8388608
51.2183,-8388608
51.2223,455238
51.2264,8388607
51.2305,8388607
51.2306,-8388608
51.2344,-8388608
51.2386,-102957
51.2427,8388607
51.2469,8388607
51.2508,-8388608
51.2550,-8388608
51.2591,-1029561
51.2631,8388607
51.2672,8388607
51.2713,-8388608
51.2754,-8388608
51.2795,-2206201
51.2837,8388607
51.2878,8388607
51.2918,-8388608
51.2959,-8388608
51.3000,-3426965
51.3041,8388607
51.3082,8388607
51.3123,-8388608
51.3164,-8388608
51.3205,-4574189
51.3246,8388607
51.3287,8388607
51.3329,-8388608
51.3369,-8388608
51.3411,-5736121
51.3451,8388607
51.3493,8388607
51.3533,-7824656
51.3574,-8388608
51.3575,-6927469
51.3614,8388607
51.3655,8388607
51.3697,-6589184
51.3738,-8388608
51.3778,-8192357
51.3819,8388607
51.3860,8388607
51.3901,-5383128
51.3943,-8388608
51.3982,-8388608
51.4023,8388607
51.4064,8388607
51.4109,-4221196
51.4146,-8388608
51.4187,-8388608
51.4228,8388607
51.4271,8388607
51.4310,-3044556
51.4351,-8388608
51.4392,-8388608
51.4433,8388607
51.4474,8388607
51.4515,-1779668
51.4556,-8388608
51.4597,-8388608
51.4638,8388607
51.4678,8388607
51.4721,-667292
51.4762,-8388608
51.4803,-8388608
51.4842,8388607
51.4843,8388607
51.4883,88247
51.4926,-8388608
51.4965,-8388608
51.5012,8388607
51.5047,8388607
51.5088,926603
51.5129,-8388608
51.5172,-8388608
51.5215,8388607
51.5252,8388607
51.5293,2162075
51.5334,-8388608
51.5375,-8388608
51.5416,8388607
51.5457,8388607
51.5498,3544627
51.5539,-8388608
51.5587,-8388608
51.5621,8388607
51.5662,8388607
51.5705,4647727
51.5744,-8388608
51.5785,-8388608
51.5826,8388607
51.5867,8388607
51.5908,5883199
51.5952,-8388608
51.5991,-8388608
51.6035,7148087
51.6073,8388607
51.6116,7089255
51.6117,-8388608
51.6154,-8388608
51.6195,6089111
51.6235,8388607
51.6277,8295311
51.6317,-8388608
51.6359,-8388608
51.6399,4765391
51.6441,8388607
51.6481,8388607
51.6522,-8388608
51.6562,-8388608
51.6604,3529919
51.6644,8388607
51.6685,8388607
51.6726,-8388608
51.6767,-8388608
51.6808,2279739
51.6849,8388607
51.6891,8388607
51.6931,-8388608
51.6972,-8388608
51.7013,1147223
51.7054,8388607
51.7095,8388607
51.7136,-8388608
51.7178,-8388608
51.7218,87496
51.7259,8388607
51.7301,8388607
51.7341,-8388608
51.7381,-8388608
51.7382,-470657
51.7423,8388607
51.7463,8388607
51.7504,-8388608
51.7545,-8388608
51.7587,-1720837
51.7627,8388607
51.7668,8388607
51.7709,-8388608
51.7750,-8388608
51.7791,6295023
51.7832,8388607
51.7874,-4294736
51.7915,-7158167
51.7955,-8388608
51.7996,8388607
51.8037,8388607
51.8078,-5798625
51.8119,1877134
51.8160,-8118816
51.8201,8388607
51.8242,7955612
51.8283,-7225226
51.8324,1718534
51.8365,-5133660
51.8406,8388607
51.8447,3300066
51.8488,-8324728
51.8528,806088
51.8571,-1538675
51.8612,8388607
51.8651,722367
51.8693,-8388608
51.8694,-184563
51.8733,2833101
51.8776,8388607
51.8816,-3966668
51.8857,-8388608
51.8898,-1041186
51.8939,5171366
51.8980,8388607
51.9021,-5093902
51.9062,-8388608
51.9103,-2058382
51.9144,6776374
51.9185,8388607
51.9226,-6676340
51.9267,-8388608
51.9308,-3015141
51.9348,8158776
51.9390,8388607
51.9431,-7934420
51.9472,-8388608
51.9513,-4162365
51.9554,8388607
51.9594,8388607
51.9636,-8388608
51.9677,-8388608
51.9718,-5339005
51.9758,8388607
51.9799,8388607
51.9841,-8388608
51.9883,-8388608
51.9924,-6499802
51.9964,8388607
51.9965,8388607
52.0004,-7904514
52.0045,-8388608
52.0086,-7560848
52.0128,8388607
52.0170,8388607
52.0209,-6688862
52.0250,-7986444
52.0290,-8388608
52.0332,8388607
52.0373,8388607
52.0414,-4096546
52.0455,-6282250
52.0496,-8388608
52.0537,8388607
52.0578,8192355
52.0619,-3686055
52.0660,-6434964
52.0700,-8388608
52.0741,8388607
52.0782,6137155
52.0823,-1610047
52.0864,-4289005
52.0905,-8388608
52.0946,8388607
52.0987,3721625
52.1028,1688262
52.1070,-1125372
52.1111,-8388608
52.1151,8300557
52.1194,1070694
52.1234,3052615
52.1235,565649
52.1275,-8388608
52.1316,8182524
52.1355,-787425
52.1396,3980830
52.1438,1733770
52.1479,-8388608
52.1520,7891627
52.1562,-2158988
52.1602,4246936
52.1643,2759593
52.1684,-8388608
52.1724,7918506
52.1765,-2748436
52.1806,4499675
52.1847,2115230
52.1888,-8388608
52.1929,7866478
52.1970,-264666
52.2010,4380830
52.2051,56854
52.2093,-8388608
52.2134,8262951
52.2175,1899182
52.2216,4276625
52.2257,-1012682
52.2298,-8388608
52.2339,7309875
52.2380,2703674
52.2421,5223291
52.2463,-1453755
52.2504,-8388608
52.2506,6103819
52.2543,3951623
52.2583,6194482
52.2625,-2286206
52.2666,-8388608
52.2706,5015427
52.2747,4296819
52.2788,7622935
52.2830,-1745751
52.2871,-8388608
52.2911,3784775
52.2952,3482954
52.2993,8388607
52.3034,-517214
52.3075,-8388608
52.3116,2626583
52.3157,3243145
52.3198,8388607
52.3239,-564137
52.3281,-8388608
52.3322,1407910
52.3362,2974968
52.3403,8388607
52.3445,-627087
52.3486,-8388608
52.3526,212039
52.3568,2937508
52.3608,8388607
52.3653,-1502721
52.3692,-8388608
52.3732,-844611
52.3773,3770626
52.3774,8388607
52.3813,-2442633
52.3854,-8388608
52.3895,-2010615
52.3935,4913895
52.3977,8388607
52.4017,-3491715
52.4058,-8388608
52.4099,-3059265
52.4140,6286415
52.4181,8388607
52.4222,-4713362
52.4263,-8388608
52.4304,-4132949
52.4345,7109225
52.4386,8388607
52.4428,-6091889
52.4468,-8388608
52.4510,-5265465
52.4550,8124368
52.4591,8388607
52.4632,-6511601
52.4674,-8388608
52.4713,-6436752
52.4755,8388607
52.4795,8388607
52.4840,-6033103
52.4879,-7746893
52.4919,-7481936
52.4960,8388607
52.5001,8388607
52.5042,-5238986
52.5084,-7206612
52.5085,-8332843
52.5124,8388607
52.5164,8388607
52.5206,-4120351
52.5247,-6398523
52.5288,-8388608
52.5328,8388607
52.5370,8247437
52.5411,-3206365
52.5452,-5805768
52.5493,-8388608
52.5534,8388607
52.5574,7589327
52.5616,-2374756
52.5657,-5392970
52.5698,-8388608
52.5738,8388607
52.5778,7236335
52.5820,-1850444
52.5861,-5397839
52.5902,-8388608
52.5943,8388607
52.5984,7020501
52.6025,-1101199
52.6065,-5713495
52.6107,-8388608
52.6148,8388607
52.6189,7066975
52.6232,-495451
52.6272,-6031932
52.6311,-8388608
52.6354,8388607
52.6355,7312812
52.6393,63469
52.6434,-6387429
52.6476,-8388608
52.6516,8388607
52.6557,7503917
52.6597,497147
52.6640,-6507894
52.6680,-8388608
52.6721,8388607
52.6762,7651427
52.6803,1647295
52.6845,-6763159
52.6885,-8388608
52.6927,8388607
52.6967,7599229
52.7008,2853351
52.7049,-6835975
52.7090,-8388608
52.7131,8192355
52.7172,7631518
52.7213,3912327
52.7254,-7036039
52.7295,-8388608
52.7336,7192211
52.7377,7825018
52.7418,5236047
52.7461,-7001925
52.7501,-8388608
52.7541,5986155
52.7583,8124730
52.7623,6559767
52.7624,-7030251
52.7663,-8388608
52.7704,4677143
52.7745,8388607
52.7786,7471663
52.7827,-7695594
52.7870,-8388608
52.7909,3713892
52.7949,8388607
52.7991,8388607
52.8032,-8388608
52.8073,-8388608
52.8114,2474183
52.8155,8388607
52.8195,8388607
52.8236,-8388608
52.8278,-8388608
52.8319,1492774
52.8360,8388607
52.8400,8388607
52.8442,-8388608
52.8483,-8388608
52.8523,417057
52.8565,8388607
52.8605,8388607
52.8647,-8388608
52.8688,-8388608
52.8730,-639793
52.8769,8388607
52.8811,8388607
52.8853,-8388608
52.8893,-8388608
52.8893,-1822800
52.8933,8388607
52.8974,8388607
52.9015,-8388608
52.9056,-8388608
52.9097,-2765105
52.9137,8388607
52.9178,8388607
52.9219,-8388608
52.9260,-8388608
52.9301,-3882913
52.9342,8388607
52.9383,8388607
52.9425,-8388608
52.9465,-8388608
52.9507,-5118385
52.9547,8388607
52.9588,8388607
52.9629,-8388608
52.9670,-8388608
52.9710,-6387761
52.9752,8388607
52.9793,8388607
52.9835,-8388608
52.9875,-8388608
52.9916,-7495886
52.9957,8388607
52.9997,8388607
53.0040,-7283295
53.0079,-8388608
53.0120,-8388608
53.0161,8388607
53.0161,8388607
53.0202,-6032633
53.0243,-8192356
53.0285,-8388608
53.0325,8388607
53.0366,8388607
53.0407,-4921014
53.0448,-7727522
53.0488,-8388608
53.0530,8388607
53.0570,8388607
53.0613,-3621000
53.0653,-7308646
53.0694,-8388608
53.0734,8388607
53.0775,7854071
53.0817,-2396988
53.0857,-6793778
53.0898,-8388608
53.0939,8388607
53.0980,7002365
53.1021,-862637
53.1062,-6109305
53.1103,-8388608
53.1144,8388607
53.1185,6122900
53.1226,153717
53.1269,-5202449
53.1309,-8388608
53.1350,8388607
53.1391,4739312
53.1432,1112620
53.1433,-4008720
53.1473,-8388608
53.1513,8388607
53.1555,3342805
53.1595,1990258
53.1636,-2431937
53.1678,-8388608
53.1718,8388607
53.1759,742490
53.1800,3583684
53.1841,-505869
53.1882,-8388608
53.1923,7980233
53.1964,-1023674
53.2004,4808350
53.2045,1486381
53.2086,-8388608
53.2127,6581248
53.2168,-3266009
53.2209,6290649
53.2250,4172314
53.2291,-8388608
53.2332,5574331
53.2373,-3113252
53.2414,7237280
53.2454,4801266
53.2496,-8388608
53.2538,4394226
53.2579,-3230571
53.2620,8335283
53.2660,5090236
53.2704,-8388608
53.2705,3338337
53.2741,-4234629
53.2782,8388607
53.2823,4754247
53.2864,-8388608
53.2905,2122087
53.2946,-4576058
53.2987,8388607
53.3028,4506028
53.3069,-8388608
53.3109,583101
53.3151,-4456379
53.3192,8388607
53.3233,4549786
53.3274,-8388608
53.3314,284089
53.3356,-1828345
53.3397,8388607
53.3437,3214664
53.3479,-8388608
53.3520,-1053490
53.3561,-1363463
53.3602,8388607
53.3642,2775642
53.3684,-7819893
53.3724,-2097562
53.3765,-654782
53.3807,8388607
53.3848,2071316
53.3891,-7413859
53.3931,-3265177
53.3970,-409332
53.3971,8324727
53.4011,1265902
53.4052,-6841267
53.4093,-4691853
53.4133,1736079
53.4175,8295311
53.4216,1001930
53.4257,-5605080
53.4299,-4868349
53.4340,4127422
53.4380,8221771
53.4421,-50257
53.4462,-4499118
53.4503,-5721413
53.4544,7043682
53.4585,8388607
53.4626,1194786
53.4667,-5027733
53.4708,-7665222
53.4749,6792531
53.4790,7463129
53.4831,-2024757
53.4872,-5199629
53.4913,-8388608
53.4954,7754358
53.4994,6883042
53.5036,-545895
53.5077,-3786710
53.5119,-8388608
53.5158,8388607
53.5201,6613497
53.5242,-235202
53.5283,-3184023
53.5283,-8388608
53.5323,8388607
53.5364,5376837
53.5404,251048
53.5446,-2537597
53.5486,-8388608
53.5528,8388607
53.5569,5431808
53.5609,846932
53.5650,-2304130
53.5691,-8388608
53.5732,8388607
53.5773,4996201
53.5813,404363
53.5855,-2838626
53.5896,-8388608
53.5937,8388607
53.5977,2798697
53.6019,725644
53.6060,-1834413
53.6101,-8388608
53.6142,8237692
53.6183,1573747
53.6224,2275781
53.6265,460518
53.6305,-8388608
53.6347,7805930
53.6388,285855
53.6429,2807974
53.6470,1673309
53.6510,-8388608
53.6551,8388607
53.6552,2259773
53.6592,2898681
53.6633,746486
53.6675,-8388608
53.6715,8388607
53.6756,3495875
53.6798,1935764
53.6838,-2829597
53.6879,-8388608
53.6920,7886860
53.6961,4683048
53.7001,3103387
53.7043,-3053080
53.7084,-8388608
53.7126,7188429
53.7166,4488030
53.7207,4074115
53.7248,-2963790
53.7289,-8388608
53.7330,6324439
53.7371,4222912
53.7411,5383127
53.7453,-2471156
53.7493,-8388608
53.7534,4714778
53.7575,3738617
53.7617,6736263
53.7658,-2263013
53.7701,-8388608
53.7739,3833942
53.7780,4837698
53.7822,7824655
53.7823,-2809778
53.7861,-8388608
53.7902,2859340
53.7943,5820516
53.7984,8388607
53.8025,-4195739
53.8067,-8388608
53.8108,1564153
53.8149,5554556
53.8190,8388607
53.8231,-3701299
53.8272,-8388608
53.8312,650407
53.8353,7076566
53.8395,8388607
53.8436,-4472507
53.8477,-8388608
53.8518,-68367
53.8559,6946078
53.8599,8388607
53.8641,-6434648
53.8681,-8388608
53.8722,-2543260
53.8763,5324200
53.8805,8388607
53.8845,-6998989
53.8886,-8388608
53.8929,-3103389
53.8968,6651491
53.9009,8388607
53.9051,-6520078
53.9092,-8388608
53.9093,-3426965
53.9132,8388607
53.9173,8388607
53.9213,-4442384
53.9255,-7154102
53.9296,-4720997
53.9336,8163112
53.9378,8388607
53.9418,-7374340
53.9459,-8388608
53.9500,-5936740
53.9541,8388607
53.9582,8388607
53.9624,-6316991
53.9665,-7905373
53.9705,-7182010
53.9746,8388607
53.9787,8388607
53.9828,-6087800
53.9869,-8078537
53.9910,-8388608
53.9951,8388607
53.9991,8388607
54.0033,-6362529
54.0073,-8388608
54.0115,-8388608
54.0155,8388607
54.0196,8144979
54.0240,-2964848
54.0281,-3343031
54.0319,-8388608
54.0359,8388607
54.0360,7434953
54.0401,-1356836
54.0443,-2531197
54.0485,-8388608
54.0524,8388607
54.0565,7071232
54.0612,-524838
54.0647,-3671157
54.0688,-8388608
54.0729,8388607
54.0770,6927306
54.0811,-384001
54.0852,-4125214
54.0893,-8388608
54.0934,8388607
54.0975,5784877
54.1016,303232
54.1057,-4500104
54.1098,-8388608
54.1138,8291114
54.1180,5021802
54.1220,1123065
54.1262,-2972032
54.1303,-8388608
54.1343,7923968
54.1384,4244104
54.1425,2350324
54.1466,-319361
54.1509,-8388608
54.1549,5431762
54.1589,2091125
54.1629,3354172
54.1671,-2629609
54.1672,-8388608
54.1711,5028919
54.1752,2232152
54.1793,4549840
54.1834,541521
54.1875,-8388608
54.1916,6309246
54.1957,2730607
54.1998,6215745
54.2039,1991526
54.2080,-8355956
54.2121,5029728
54.2162,-166831
54.2203,7177204
54.2244,3902076
54.2285,-7298213
54.2326,4442429
54.2368,-1820034
54.2408,7650450
54.2448,6507044
54.2489,-6252725
54.2530,886347
54.2572,-7728487
54.2612,7345369
54.2653,8388607
54.2694,-3543169
54.2735,2812594
54.2779,-6249912
54.2817,8388607
54.2860,8388607
54.2902,-3134317
54.2941,-1779725
54.2943,-8388608
54.2982,5863681
54.3023,8388607
54.3064,-866729
54.3104,-3792134
54.3146,-8388608
54.3187,730290
54.3228,8388607
54.3268,165776
54.3309,266402
54.3350,-8388608
54.3391,5021517
54.3432,8388607
54.3473,-179299
54.3515,-3019061
54.3556,-8388608
54.3596,-758751
54.3639,8388607
54.3677,-1146401
54.3719,-6210830
54.3760,-8388608
54.3801,-1452736
54.3842,8388607
54.3883,1196454
54.3923,-6830354
54.3964,-8388608
54.4006,651867
54.4047,8388607
54.4088,3839885
54.4131,-5061816
54.4171,-8388608
54.4172,968941
54.4211,8388607
54.4252,6783670
54.4295,-5792776
54.4334,-6805548
54.4374,804625
54.4416,8388607
54.4456,6313115
54.4498,-5336561
54.4539,-6895347
54.4579,-1327149
54.4620,8388607
54.4661,6154788
54.4702,-5325364
54.4743,-7067190
54.4784,-2407278
54.4825,8388607
54.4866,6568671
54.4907,-6594610
54.4948,-5242099
54.4988,-4337719
54.5030,8388607
54.5071,5594651
54.5112,-8388608
54.5152,-6842918
54.5194,-6262020
54.5235,8388607
54.5276,7398859
54.5318,-7749946
54.5359,-6157403
54.5399,-7195933
54.5441,8388607
54.5480,7255014
54.5481,-8324887
54.5522,-6589516
54.5562,-7963679
54.5603,8388607
54.5644,7643315
54.5685,-8388608
54.5727,-5350069
54.5767,-7935467
54.5808,8388607
54.5848,8233610
54.5890,-6727245
54.5931,-3294016
54.5972,-7578082
54.6013,8388607
54.6054,8388607
54.6095,-6154269
54.6136,-4517310
54.6177,-8388608
54.6218,8388607
54.6259,8388607
54.6300,-6637719
54.6340,-3351411
54.6382,-8388608
54.6422,8388607
54.6463,8388607
54.6504,-6055043
54.6545,-2896969
54.6587,-8388608
54.6628,8388607
54.6670,8388607
54.6711,-5683082
54.6750,-3016883
54.6751,-8388608
54.6791,8388607
54.6832,8388607
54.6873,-5252647
54.6914,-2809751
54.6955,-8388608
54.6995,8388607
54.7037,8388607
54.7078,-3891506
54.7119,-1958386
54.7160,-8388608
54.7201,8388607
54.7242,8388607
54.7283,-1817079
54.7323,-1036466
54.7365,-8388608
54.7405,8388607
54.7446,8388607
54.7487,1384005
54.7528,2160354
54.7569,-8388608
54.7610,8388607
54.7650,8388607
54.7692,-3364143
54.7733,-3130652
54.7774,-8388608
54.7815,6972666
54.7856,8388607
54.7900,-2805948
54.7940,-4033047
54.7979,-8388608
54.8020,6281489
54.8021,8388607
54.8061,-2461237
54.8102,-4938102
54.8142,-8388608
54.8183,4977270
54.8225,8388607
54.8266,-1444830
54.8307,-5498105
54.8348,-8388608
54.8388,4137047
54.8429,8388607
54.8470,-317650
54.8511,-8212432
54.8552,-8388608
54.8593,1594822
54.8634,8388607
54.8675,57076
54.8716,-7096650
54.8758,-8388608
54.8798,1616196
54.8839,8388607
54.8880,1555622
54.8921,-6916989
54.8962,-8042590
54.9003,990793
54.9044,8388607
54.9085,2589617
54.9127,-6831913
54.9168,-7412606
54.9209,141319
54.9249,8388607
54.9291,3789338
54.9293,-6942692
54.9330,-6749288
54.9371,-1266378
54.9411,8388607
54.9453,5383324
54.9493,-6449506
54.9535,-6062727
54.9575,-2029406
54.9617,8388607
54.9657,5680515
54.9698,-7597555
54.9739,-6594037
54.9780,-3797257
54.9822,8388607
54.9862,6612594
54.9903,-7403948
54.9944,-6136354
54.9985,-4856622
55.0026,8388607
55.0067,6812974
55.0108,-7399565
55.0149,-4981704
55.0190,-5490493
55.0231,8388607
55.0272,7127870
55.0313,-7426544
55.0354,-4674973
55.0395,-6802511
55.0435,8388607
55.0477,7550422
55.0518,-7027008
55.0559,-4913291
55.0600,-7930579
55.0601,8388607
55.0641,8312193
55.0682,-6895962
55.0723,-4522935
55.0764,-8387618
55.0805,8388607
55.0846,8388607
55.0887,-6533063
55.0928,-4651688
55.0969,-8388608
55.1010,8388607
55.1051,8388607
55.1092,-6002567
55.1133,-5345422
55.1174,-8388608
55.1215,8388607
55.1256,8388607
55.1300,-6062572
55.1338,-5575922
55.1379,-8388608
55.1419,8388607
55.1461,8388607
55.1501,-886403
55.1543,-7481639
55.1583,-7850769
55.1624,-1132517
55.1664,8388607
55.1706,8388607
55.1750,-8059984
55.1790,-926605
55.1831,-2515069
55.1871,8388607
55.1872,8388607
55.1910,-7648160
55.1951,-7378727
55.1992,7868424
55.2034,8388607
55.2074,-4230411
55.2116,-3571781
55.2156,-8388608
55.2198,8388607
55.2240,8388607
55.2279,-2648457
55.2321,-1712900
55.2360,-8388608
55.2402,8388607
55.2442,8388607
55.2484,-2102167
55.2524,-3327422
55.2566,-8388608
55.2606,7478454
55.2647,8388607
55.2688,-1457103
55.2729,-4590797
55.2771,-8388608
55.2811,6710234
55.2852,8388607
55.2893,-1621292
55.2934,-5728480
55.2976,-8388608
55.3016,5331714
55.3059,8388607
55.3098,-792402
55.3139,-7721700
55.3140,-4416639
55.3182,-8388608
55.3222,8388607
55.3263,8388607
55.3303,3735831
55.3344,-2735689
55.3387,-8388608
55.3426,8388607
55.3468,8388607
55.3508,5942031
55.3550,-3618169
55.3590,-8388608
55.3631,8388607
55.3671,8388607
55.3713,5456667
55.3754,-4897765
55.3795,-8388608
55.3836,8388607
55.3877,8388607
55.3917,8388607
55.3958,-6059697
55.4000,-8388608
55.4041,8388607
55.4082,8388607
55.4122,8388607
55.4164,-7339293
55.4205,-8388608
55.4246,8388607
55.4287,8388607
55.4328,8388607
55.4370,-8388608
55.4410,-8388608
55.4410,8388607
55.4450,8388607
55.4491,8388607
55.4533,-8388608
55.4573,-8388608
55.4614,8388607
55.4655,8388607
55.4696,8388607
55.4738,-8388608
55.4778,-8045276
55.4819,7368707
55.4860,8388607
55.4901,8388607
55.4942,-8388608
55.4982,-6868636
55.5023,5868491
55.5065,8388607
55.5106,8388607
55.5146,-8388608
55.5188,-5574332
55.5229,4147655
55.5270,8388607
55.5310,8388607
55.5352,-8388608
55.5393,-4294736
55.5433,3426963
55.5474,8388607
55.5516,8388607
55.5559,-6456812
55.5599,-3265176
55.5639,1662003
55.5680,8388607
55.5681,8388607
55.5720,-5486084
55.5761,-2059120
55.5801,1279595
55.5843,8388607
55.5884,8388607
55.5924,-3191636
55.5966,-1012327
55.6006,97553
55.6048,8388607
55.6089,8388607
55.6130,-3103388
55.6171,-1132517
55.6211,-1161933
55.6253,8388607
55.6293,8388607
55.6334,-2014996
55.6375,-1882625
55.6417,-1411969
55.6458,8388607
55.6498,8388607
55.6539,-1000144
55.6580,-1809085
55.6621,-2765105
55.6662,8388607
55.6703,8388607
55.6744,-141849
55.6787,-1779669
55.6827,-4059409
55.6867,8388607
55.6909,8388607
55.6950,323575
55.6951,-1676713
55.6990,-5206633
55.7031,8388607
55.7072,8388607
55.7113,2014995
55.7153,-1970873
55.7195,-6442105
55.7236,8388607
55.7277,8388607
55.7318,-5603748
55.7358,-1485509
55.7399,-7839365
55.7441,8388607
55.7481,8388607
55.7522,4735975
55.7563,-2084504
55.7604,-8388608
55.7644,8388607
55.7686,8388607
55.7727,5397835
55.7768,-1279596
55.7809,-8388608
55.7850,8388607
55.7891,8388607
55.7932,3809371
55.7973,-984204
55.8014,-8388608
55.8055,8388607
55.8096,8388607
55.8139,8368851
55.8180,-2206201
55.8221,-8388608
55.8222,8388607
55.8260,8388607
55.8300,8388607
55.8341,-3235761
55.8382,-8388608
55.8423,8388607
55.8464,8388607
55.8505,8388607
55.8546,-4559481
55.8587,-8388608
55.8628,8388607
55.8669,8388607
55.8710,8388607
55.8751,-5721413
55.8792,-8388608
55.8833,8388607
55.8874,8388607
55.8915,8388607
55.8955,-6971593
55.8997,-8388608
55.9038,8388607
55.9079,8388607
55.9120,8388607
55.9164,-8148233
55.9203,-8388608
55.9244,8388607
55.9283,8388607
55.9324,8388607
55.9367,-8388608
55.9407,-8388608
55.9448,8388607
55.9489,8388607
55.9490,8388607
55.9529,-8388608
55.9570,-8388608
55.9610,7971735
55.9651,8388607
55.9693,8388607
55.9735,-8388608
55.9775,-7854072
55.9815,6162651
55.9856,8388607
55.9897,8388607
55.9938,-8388608
55.9979,-6589184
56.0020,5603747
56.0060,8388607
56.0102,8388607
56.0143,-8388608
56.0184,-5412544
56.0225,4103531
56.0266,8388607
56.0307,8388607
56.0348,-8118816
56.0389,-4250612
56.0430,3426963
56.0470,8388607
56.0512,8388607
56.0552,-8388608
56.0593,-3103388
56.0634,2059119
56.0676,8388607
56.0718,8388607
56.0758,-4735976
56.0798,-1823792
56.0799,877716
56.0840,8388607
56.0881,8388607
56.0922,-6780388
56.0963,-1066310
56.1003,56974
56.1045,8388607
56.1086,8388607
56.1127,-8388608
56.1168,-1397261
56.1209,-897189
56.1249,8388607
56.1290,8388607
56.1331,-813046
56.1373,-2147369
56.1413,-1956165
56.1454,8388607
56.1495,8388607
56.1536,-8388608
56.1578,-1985581
56.1618,-3147513
56.1659,8388607
56.1700,8388607
56.1741,441239
56.1782,-2191493
56.1823,-4633021
56.1863,8388607
56.1905,8388607
56.1946,808939
56.1987,-2265033
56.2029,-6221485
56.2069,8388607
56.2070,8388607
56.2110,1956163
56.2151,-2029705
56.2192,-6839221
56.2233,8388607
56.2274,8388607
56.2315,3353423
56.2355,-2353281
56.2396,-8388608
56.2438,8388607
56.2478,8388607
56.2519,4574187
56.2560,-2004878
56.2601,-8388608
56.2641,8388607
56.2683,8388607
56.2724,5368419
56.2765,-1161932
56.2805,-8388608
56.2846,8388607
56.2887,8388607
56.2928,7398123
56.2970,-1311991
56.3011,-8388608
56.3052,8388607
56.3093,8388607
56.3134,4206487
56.3177,-2162077
56.3217,-8388608
56.3258,8388607
56.3298,8388607
56.3337,8388607
56.3338,-3529921
56.3379,-8388608
56.3420,8388607
56.3461,8388607
56.3503,8388607
56.3543,-4559481
56.3584,-8388608
56.3625,8388607
56.3666,8388607
56.3709,8388607
56.3747,-5647873
56.3788,-8388608
56.3829,8388607
56.3870,8388607
56.3911,8388607
56.3952,-6648017
56.3993,-8388608
56.4034,8388607
56.4075,8388607
56.4116,8388607
56.4157,-7265753
56.4198,-8388608
56.4239,8388607
56.4279,8388607
56.4321,8388607
56.4362,-8339437
56.4403,-8388608
56.4444,8388607
56.4485,8388607
56.4531,8388607
56.4569,-8388608
56.4611,-8074692
56.4612,7398123
56.4650,8388607
56.4690,8388607
56.4731,-8388608
56.4772,-6868636
56.4813,6162651
56.4854,8388607
56.4895,8388607
56.4935,-8388608
56.4977,-5662580
56.5018,5030135
56.5058,8388607
56.5099,8388607
56.5140,-8388608
56.5182,-4324152
56.5223,3353423
56.5263,8388607
56.5317,8388607
56.5346,-6912760
56.5388,-3250468
56.5431,2853351
56.5473,8388607
56.5525,8388607
56.5555,-6545060
56.5594,-2000288
56.5632,1603171
56.5686,8388607
56.5715,8388607
56.5756,-5191924
56.5796,-815488
56.5850,685382
56.5879,8388607
56.5885,8388607
56.5918,-2853352
56.5959,-44125
56.6001,-603029
56.6042,8388607
56.6082,8388607
56.6123,-5486084
56.6164,-58833
56.6214,-1264889
56.6245,8388607
56.6287,8388607
56.6328,-3221052
56.6378,-382409
56.6410,-2397405
56.6450,8388607
56.6492,8388607
56.6537,-432071
56.6573,-558905
56.6614,-3632877
56.6656,8388607
56.6701,8388607
56.6739,-1
56.6778,-529489
56.6819,-4853641
56.6861,8388607
56.6908,8388607
56.6942,1426675
56.6984,-720693
56.7031,-6000865
56.7066,8388607
56.7107,8388607
56.7147,2529775
56.7148,-838357
56.7194,-7206921
56.7231,8388607
56.7270,8388607
56.7310,3294591
56.7354,-1147225
56.7395,-8388608
56.7433,8388607
56.7474,8388607
56.7521,4132947
56.7562,-860501
56.7597,-8388608
56.7638,8388607
56.7680,8388607
56.7724,3206343
56.7762,-728440
56.7803,-8388608
56.7856,8388607
56.7887,8388607
56.7925,7574619
56.7966,-588321
56.8027,-8388608
56.8053,8388607
56.8090,8388607
56.8130,6574475
56.8189,-1882625
56.8215,-8388608
56.8253,8388607
56.8295,8388607
56.8355,8388607
56.8376,-3059265
56.8418,-8388608
56.8458,8388607
56.8459,8388607
56.8516,8388607
56.8545,-4324153
56.8588,-8388608
56.8621,8388607
56.8679,8388607
56.8707,8295311
56.8744,-5324297
56.8786,-8388608
56.8826,8388607
56.8868,8388607
56.8913,8388607
56.8949,-6633309
56.8990,-8388608
56.9034,8388607
56.9075,8388607
56.9113,8388607
56.9154,-7559913
56.9195,-8388608
56.9243,8388607
56.9277,8388607
56.9318,8388607
56.9367,-8388608
56.9401,-8388608
56.9441,8388607
56.9482,8388607
56.9526,8388607
56.9564,-8388608
56.9605,-8310020
56.9648,6677431
56.9688,8388607
56.9728,8388607
56.9729,-8388608
56.9768,-7045132
56.9809,6309731
56.9854,8388607
56.9895,8388607
56.9932,-8388608
56.9973,-5721412
57.0019,5236047
57.0062,8388607
57.0096,8388607
57.0137,-8388608
57.0179,-4294736
57.0219,3647583
57.0259,8388607
57.0300,8388607
57.0351,-8388608
57.0383,-3221052
57.0424,2441527
57.0465,8388607
57.0512,8388607
57.0546,-6824512
57.0587,-2044412
57.0628,1147223
57.0682,8388607
57.0712,8388607
57.0751,-7765824
57.0792,-911896
57.0853,221326
57.0875,8388607
57.0917,8388607
57.0957,-3456380
57.0958,-86398
57.0997,-220621
57.1045,8388607
57.1080,8388607
57.1121,-3235760
57.1161,-132373
57.1209,-1500217
57.1243,8388607
57.1283,8388607
57.1326,-1809084
57.1372,-352993
57.1407,-2868061
57.1447,8388607
57.1488,8388607
57.1530,-568604
57.1572,-147081
57.1611,-3971161
57.1653,8388607
57.1693,8388607
57.1741,176495
57.1775,-338285
57.1818,-5294881
57.1869,8388607
57.1900,8388607
57.1938,73539
57.1980,-426533
57.2029,-6236193
57.2062,8388607
57.2103,8388607
57.2144,1912039
57.2186,-544197
57.2227,-7206921
57.2270,8388607
57.2270,8388607
57.2307,3059263
57.2354,-691277
57.2392,-8388608
57.2431,8388607
57.2471,8388607
57.2517,5015427
57.2558,-628524
57.2595,-8388608
57.2635,8388607
57.2681,8388607
57.2724,4838931
57.2758,-404031
57.2799,-8388608
57.2860,8388607
57.2884,8388607
57.2922,7236335
57.2963,-853065
57.3013,-8388608
57.3052,8388607
57.3086,8388607
57.3127,5574331
57.3181,-2162077
57.3212,-8388608
57.3252,8388607
57.3290,8388607
57.3356,8388607
57.3374,-3927037
57.3415,-8388608
57.3456,8388607
57.3517,8388607
57.3537,8388607
57.3538,-4824225
57.3577,-8388608
57.3618,8388607
57.3659,8388607
57.3706,8388607
57.3742,-6471521
57.3782,-8388608
57.3823,8388607
57.3868,8388607
57.3905,8388607
57.3946,-7427541
57.3987,-8388608
57.4029,8388607
57.4075,8388607
57.4110,8388607
57.4151,-8388608
57.4196,-8388608
57.4233,8388607
57.4274,8388607
57.4315,8388607
57.4362,-8388608
57.4400,-8388608
57.4437,8030567
57.4478,8388607
57.4526,8388607
57.4568,-8388608
57.4601,-7986444
57.4642,6795095
57.4686,8388607
57.4725,8388607
57.4765,-8388608
57.4806,-6633308
57.4809,5589039
57.4863,8388607
57.4889,8388607
57.4929,-8388608
57.4970,-5353712
57.5011,4221195
57.5053,8388607
57.5092,8388607
57.5134,-8388608
57.5187,-4029992
57.5219,3132803
57.5257,8388607
57.5297,8388607
57.5351,-6044988
57.5387,-2750396
57.5420,2103243
57.5461,8388607
57.5511,8388607
57.5549,-8388608
57.5585,-1603172
57.5626,1285635
57.5686,8388607
57.5710,8388607
57.5749,-4912472
57.5789,-237791
57.5834,-2968
57.5872,8388607
57.5912,8388607
57.5955,-5706704
57.6006,-73541
57.6036,-573613
57.6075,8388607
57.6076,8388607
57.6117,-2500360
57.6161,308867
57.6205,-1706129
57.6239,8388607
57.6280,8388607
57.6322,-2412112
57.6364,250035
57.6403,-2618025
57.6444,8388607
57.6486,8388607
57.6529,-663196
57.6567,308867
57.6608,-4059409
57.6650,8388607
57.6694,8388607
57.6731,58831
57.6772,338283
57.6814,-5221341
57.6860,8388607
57.6895,8388607
57.6936,-1426676
57.6977,470655
57.7032,-6456813
57.7059,8388607
57.7099,8388607
57.7141,2691563
57.7183,411823
57.7223,-7677577
57.7265,8388607
57.7308,8388607
57.7346,147079
57.7357,397115
57.7387,-8388608
57.7427,8388607
57.7468,8388607
57.7515,3235759
57.7553,485553
57.7591,-8388608
57.7632,8388607
57.7681,8388607
57.7718,6280315
57.7755,96877
57.7796,-8388608
57.7845,8388607
57.7884,8388607
57.7919,4382983
57.7960,-514781
57.8027,-8388608
57.8046,8388607
57.8083,8388607
57.8124,8388607
57.8181,-1853209
57.8209,-8388608
57.8247,8388607
57.8287,8388607
57.8343,8388607
57.8373,-2868061
57.8412,-8388608
57.8452,8388607
57.8506,8388607
57.8535,8388607
57.8576,-4177073
57.8616,-8388608
57.8617,8388607
57.8658,8388607
57.8699,8388607
57.8738,-5427253
57.8779,-8388608
57.8820,8388607
57.8866,8388607
57.8903,8388607
57.8944,-6692141
57.8984,-8388608
57.9035,8388607
57.9069,8388607
57.9107,6956883
57.9149,-8388608
57.9198,-1362263
57.9231,-4190516
57.9270,-7986444
57.9312,-8388608
57.9366,-5431368
57.9399,-1413044
57.9438,-5127148
57.9477,-6942176
57.9524,-8388608
57.9561,-972069
57.9598,1035620
57.9640,-2725734
57.9685,-5956740
57.9721,-8388608
57.9762,654156
57.9804,-11455
57.9845,-2020735
57.9886,-4555809
57.9928,-8388608
57.9929,1430216
57.9967,-1936155
58.0011,-2084866
58.0051,-4480155
58.0090,-8388608
58.0130,2711166
58.0178,-3045050
58.0213,2712324
58.0254,-1203778
58.0294,-8388608
58.0340,3502800
58.0383,-3334202
58.0417,1800786
58.0458,-3765532
58.0506,-8388608
58.0550,-1930797
58.0581,-5673668
58.0622,2105198
58.0672,-3743553
58.0714,-8388608
58.0745,2628423
58.0786,-7689825
58.0846,2919916
58.0876,-8388608
58.0909,-8388608
58.0950,6520761
58.0992,-2725976
58.1034,-1191830
58.1074,-4375925
58.1114,-8388608
58.1157,3687900
58.1196,-3237254
58.1197,2997756
58.1237,-3294311
58.1278,-8388608
58.1318,1851249
58.1365,-5702390
58.1402,4853530
58.1442,-2295552
58.1483,-8388608
58.1527,-183111
58.1565,-4411708
58.1605,5558151
58.1648,-4646484
58.1692,-8388608
58.1731,-793827
58.1769,-2890033
58.1811,6220106
58.1853,-4199878
58.1894,-8388608
58.1933,-2057043
58.1974,-2778398
58.2019,6169800
58.2056,-2367385
58.2097,-8388608
58.2138,-1843688
58.2184,-3881141
58.2228,8095892
58.2261,-2811452
58.2305,-8388608
58.2351,-3486787
58.2384,-3600246
58.2425,8388607
58.2465,-2644604
58.2466,-8388608
58.2512,-3525674
58.2551,-2922862
58.2588,8388607
58.2629,-3046386
58.2684,-8388608
58.2712,-4806840
58.2752,-3534057
58.2793,8134693
58.2851,-3239070
58.2877,-8388608
58.2916,-5574242
58.2957,-1599510
58.3005,8388607
58.3043,-1903587
58.3080,-8388608
58.3121,-6299051
58.3171,-1981290
58.3203,7175179
58.3244,-2365245
58.3284,-8388608
58.3345,-7678641
58.3369,-1585721
58.3412,6722366
58.3448,-957001
58.3504,-8280964
58.3541,-8251707
58.3573,-1377815
58.3612,5794624
58.3655,-1888241
58.3695,-8388608
58.3735,-8388608
58.3736,-1964458
58.3776,3799132
58.3817,7912903
58.3870,8388607
58.3899,8388607
58.3940,-6721557
58.3981,-8388608
58.4026,8388607
58.4063,8388607
58.4103,8388607
58.4145,-7236337
58.4199,-8388608
58.4227,8388607
58.4267,8388607
58.4309,8388607
58.4352,-8339437
58.4392,-7912904
58.4431,8388607
58.4472,8388607
58.4516,8388607
58.4563,-8388608
58.4595,-6883344
58.4638,6147943
58.4681,7795239
58.4718,8388607
58.4759,-8388608
58.4800,-5662580
58.4847,6397979
58.4882,8388607
58.4925,8388607
58.4964,-8388608
58.5011,-4530064
58.5017,5162507
58.5046,8388607
58.5087,8388607
58.5127,-8388608
58.5185,-3426964
58.5209,4191779
58.5250,8388607
58.5291,8388607
58.5343,-2896486
58.5377,-3743083
58.5414,3133877
58.5455,-3488836
58.5507,-8388608
58.5539,1335491
58.5578,-4447499
58.5619,2711555
58.5669,-3574758
58.5709,-8388608
58.5742,2066839
58.5783,-2414686
58.5854,2925566
58.5871,-3288708
58.5906,-8388608
58.5947,2039788
58.5990,-4130260
58.6032,3451697
58.6070,-3206209
58.6112,-8388608
58.6153,589827
58.6195,-6325338
58.6234,6735643
58.6275,6759151
58.6276,8388607
58.6316,-8388608
58.6357,-8388608
58.6399,-8388608
58.6438,8388607
58.6479,8388607
58.6529,794231
58.6561,-8388608
58.6602,-8388608
58.6644,8388607
58.6688,8388607
58.6729,1926747
58.6766,-8388608
58.6807,-8388608
58.6852,8388607
58.6893,8388607
58.6930,3132803
58.6971,-8388608
58.7017,-8388608
58.7056,8388607
58.7094,8388607
58.7135,4338859
58.7180,-8388608
58.7222,-8388608
58.7257,8388607
58.7298,8388607
58.7343,5456667
58.7381,-8388608
58.7423,-8388608
58.7462,8388607
58.7508,8388607
58.7548,7015715
58.7549,-8388608
58.7586,-8388608
58.7626,8388607
58.7675,8388607
58.7712,8388607
58.7749,-8388608
58.7790,-8388608
58.7850,8388607
58.7872,8388607
58.7912,8388607
58.7954,-6442105
58.8002,8207063
58.8037,-8388608
58.8077,-8388608
58.8118,6250899
58.8171,8388607
58.8204,8388607
58.8242,-8388608
58.8282,-8388608
58.8342,5221339
58.8367,8388607
58.8404,8388607
58.8445,-8388608
58.8500,-8388608
58.8536,3985867
58.8568,8388607
58.8609,8388607
58.8673,-8388608
58.8693,-8388608
58.8732,2897475
58.8774,8388607
58.8814,8388607
58.8854,-8388608
58.8855,-8388608
58.8896,1764959
58.8937,8388607
58.8978,8388607
58.9023,-8388608
58.9063,-8388608
58.9100,505815
58.9142,8388607
58.9189,8388607
58.9225,-8388608
58.9265,-8388608
58.9306,-88249
58.9354,8388607
58.9387,8388607
58.9428,-8388608
58.9470,-8388608
58.9517,-808941
58.9551,8388607
58.9592,8388607
58.9634,-8388608
58.9678,-8388608
58.9716,-2412113
58.9756,8388607
58.9797,8388607
58.9849,-8388608
58.9879,-8388608
58.9920,-3794665
58.9960,8388607
59.0003,8388607
59.0043,-8388608
59.0084,-8331627
59.0124,8388607
59.0125,6927467
59.0176,-8388608
59.0209,-8388608
59.0248,2632731
59.0288,8388607
59.0332,474917
59.0380,-8388608
59.0411,-8388608
59.0452,8388607
59.0506,8388607
59.0539,1632587
59.0575,-8388608
59.0617,-8388608
59.0679,8388607
59.0699,8388607
59.0743,1514923
59.0780,-8388608
59.0826,-8388608
59.0862,8388607
59.0908,8388607
59.0943,-2619
59.0987,-8388608
59.1027,-6177361
59.1072,8388607
59.1108,8388607
59.1165,367699
59.1194,-8388608
59.1231,-7118673
59.1271,8388607
59.1314,8388607
59.1363,1926747
59.1394,-8388608
59.1395,-4250613
59.1435,8388607
59.1478,8388607
59.1521,-1993601
59.1558,-8388608
59.1599,-5138475
59.1640,8388607
59.1687,8388607
59.1727,5177215
59.1763,-8388608
59.1804,-8388608
59.1849,8388607
59.1894,8388607
59.1927,8388607
59.1968,-8388608
59.2013,-8388608
59.2052,8388607
59.2091,8388607
59.2132,8388607
59.2177,-8388608
59.2213,-8388608
59.2254,8388607
59.2295,8388607
59.2341,8388607
59.2387,-8388608
59.2419,-8388608
59.2459,8388607
59.2505,8388607
59.2544,8388607
59.2584,-8388608
59.2624,3265175
59.2667,-8388608
59.2669,-8388608
59.2706,5883199
59.2746,8388607
59.2787,-2706272
59.2838,-6494239
59.2879,-8388608
59.2911,-8388608
59.2951,-8388608
59.3009,-3456380
59.3036,-5653530
59.3077,-8388608
59.3122,-8388608
59.3169,-8388608
59.3205,-1714505
59.3239,-4785090
59.3279,-8388608
59.3340,-8388608
59.3362,-8388608
59.3402,-1004603
59.3442,-4232260
59.3496,-8388608
59.3528,-8388608
59.3571,-8388608
59.3606,-745644
59.3649,-3677782
59.3695,-8388608
59.3730,-8388608
59.3772,-8388608
59.3834,-29417
59.3859,-3329918
59.3894,-8388608
59.3934,-8388608
59.3935,-8388608
59.3975,411823
59.4020,-3078073
59.4064,-8388608
59.4097,-8388608
59.4140,-8388608
59.4180,603027
59.4224,-3076288
59.4261,-8388608
59.4303,-8388608
59.4351,-8388608
59.4387,790998
59.4425,-3290234
59.4467,-8388608
59.4507,-8388608
59.4553,-8388608
59.4589,1180581
59.4631,-3523692
59.4680,-7912904
59.4715,-8388608
59.4753,-8388608
59.4794,1583967
59.4844,-3764956
59.4876,-7368708
59.4917,-8388608
59.4958,-8388608
59.5001,1601100
59.5041,-4079928
59.5081,-6839220
59.5124,-8388608
59.5163,-8388608
59.5206,1264073
59.5207,-4339876
59.5244,-6258552
59.5285,-8388608
59.5339,-8388608
59.5372,-8388608
59.5409,6868635
59.5449,8388607
59.5499,7589327
59.5542,-8388608
59.5572,-8388608
59.5613,5574331
59.5665,8388607
59.5699,8388607
59.5736,-2779812
59.5777,-8388608
59.5837,-6030281
59.5863,8388607
59.5900,8388607
59.5941,-338040
59.5996,-8388608
59.6026,-7751117
59.6065,8388607
59.6105,8388607
59.6146,1000143
59.6194,-8388608
59.6231,-8118817
59.6268,8388607
59.6310,8388607
59.6353,8388607
59.6396,8388607
59.6433,-3678416
59.6473,-5196200
59.6474,-8388608
59.6518,-8388608
59.6561,-3898415
59.6597,-5062232
59.6638,-3399358
59.6689,-8388608
59.6722,-8388608
59.6760,-5873586
59.6803,-4742705
59.6844,-2155938
59.6889,-8388608
59.6924,-8388608
59.6965,-7485399
59.7011,-4051142
59.7049,-1287253
59.7088,-8388608
59.7129,-8388608
59.7174,-8172437
59.7215,-2976694
59.7254,-703023
59.7292,-8388608
59.7339,-8388608
59.7375,-8216218
59.7415,-2170314
59.7457,-412748
59.7506,-8388608
59.7549,-8388608
59.7579,-8021497
59.7620,-1482602
59.7667,-254316
59.7704,-8388608
59.7743,-8388608
59.7744,-7407103
59.7784,-839893
59.7840,222831
59.7870,-8388608
59.7908,-8388608
59.7949,-7863639
59.7997,-6856297
59.8035,8388607
59.8072,8388607
59.8111,-5500792
59.8167,-8388608
59.8197,-8388608
59.8235,8388607
59.8275,8388607
59.8342,-4324152
59.8364,-8388608
59.8398,-8388608
59.8439,8388607
59.8498,8388607
59.8532,8388607
59.8564,-8388608
59.8604,-8388608
59.8661,2735687
59.8686,8388607
59.8726,8388607
59.8767,-8388608
59.8808,-8388608
59.8851,1676711
59.8890,8388607
59.8931,8388607
59.8972,-8388608
59.9014,-8388608
59.9014,558352
59.9054,8388607
59.9094,8388607
59.9136,-5868492
59.9183,-8388608
59.9219,-1912041
59.9260,8388607
59.9301,8388607
59.9343,-5471376
59.9385,-8388608
59.9422,-705985
59.9463,8388607
59.9507,4412399
59.9545,-8388608
59.9586,-8388608
59.9628,8388607
59.9677,-5853784
59.9709,-8388608
59.9750,8388607
59.9792,8388607
59.9832,-5542952
59.9873,-8030568
59.9914,-8388608
59.9955,8388607
60.0004,8388607
60.0037,-5171166
60.0078,-7383416
60.0119,-8388608
60.0163,8388607
60.0203,8388607
60.0243,-5392565
60.0282,-7046902
60.0331,-8388608
60.0333,8388607
60.0372,8388607
60.0408,-5295187
60.0447,-6576481
60.0500,-8388608
60.0533,8388607
60.0578,8388607
60.0610,-4838796
60.0661,-5869055
60.0698,-8388608
60.0734,8388607
60.0774,8388607
60.0834,-3925568
60.0860,-5519826
60.0897,-8388608
60.0937,7530495
60.1000,8388607
60.1024,-2666801
60.1066,-5036853
60.1103,-8388608
60.1160,6486227
60.1190,8388607
60.1226,-2390697
60.1266,-4105427
60.1307,-8388608
60.1349,3411088
60.1395,8388607
60.1430,-1784530
60.1471,-3970455
60.1515,-8388608
60.1552,3603459
60.1594,8388607
60.1595,-827444
60.1635,-3704568
60.1677,-8388608
60.1720,3162219
60.1757,8388607
60.1798,318225
60.1848,-3528186
60.1885,-8388608
60.1921,934060
60.1962,8388607
60.2007,604417
60.2044,-1984003
60.2085,-8388608
60.2126,-1764125
60.2168,8388607
60.2210,831858
60.2248,-1777053
60.2289,-8388608
60.2336,-2515069
60.2372,8388607
60.2412,1485347
60.2454,-1971050
60.2501,-8388608
60.2543,-3132805
60.2577,8388607
60.2617,2438778
60.2659,-1858734
60.2699,-8388608
60.2740,-7759193
60.2782,8388607
60.2835,1809083
60.2838,-158558
60.2865,-8388608
60.2904,-8388608
60.2944,732646
60.2998,2000287
60.3034,168771
60.3068,-8388608
60.3109,-8388608
60.3170,-83070
60.3196,3691707
60.3231,226454
60.3273,-8388608
60.3330,-8388608
60.3360,2624129
60.3395,5456667
60.3437,441590
60.3492,-8388608
60.3518,-8388608
60.3565,3513716
60.3602,6887935
60.3644,654011
60.3685,-8388608
60.3728,-8388608
60.3764,5034400
60.3805,8042229
60.3849,606234
60.3891,-8388608
60.3928,-8388608
60.3969,4518219
60.4015,8388607
60.4052,650814
60.4092,-8162940
60.4133,-8388608
60.4134,3595099
60.4181,8208337
60.4217,540643
60.4256,-7398124
60.4297,-8388608
60.4348,3494322
60.4380,8149481
60.4419,86382
60.4460,-6706848
60.4511,-8388608
60.4547,3153613
60.4584,7706991
60.4625,-398499
60.4667,-5897908
60.4708,-8388608
60.4747,3587644
60.4788,7559911
60.4832,-991219
60.4878,-5212998
60.4911,-8388608
60.4951,2818176
60.5001,7133379
60.5044,-1358430
60.5076,-4616810
60.5116,-8388608
60.5163,3456859
60.5202,7398976
60.5239,-1545992
60.5279,-4098069
60.5327,-8388608
60.5363,2134415
60.5405,7004991
60.5406,-1124450
60.5444,-3375444
60.5490,-8388608
60.5531,1692085
60.5567,6770710
60.5607,-26599
60.5649,-2394494
60.5698,-8388608
60.5730,1096632
60.5771,6418271
60.5823,731982
60.5855,-1643086
60.5894,-8388608
60.5935,334571
60.5990,6398612
60.6025,1655613
60.6058,-756066
60.6099,-8388608
60.6161,-335668
60.6187,6095977
60.6223,2416002
60.6262,-28482
60.6304,-8388608
60.6349,-753198
60.6387,6199666
60.6426,2927090
60.6467,694222
60.6515,-8388608
60.6550,-1611284
60.6590,6144167
60.6634,3008466
60.6677,1636817
60.6714,-8388608
60.6715,-2180217
60.6754,6783778
60.6795,3397375
60.6839,2234876
60.6882,-8388608
60.6918,-2852821
60.6959,7023340
60.7004,3701841
60.7043,2582338
60.7082,-8388608
60.7123,-3474915
60.7165,7678730
60.7209,3962873
60.7246,2655976
60.7287,-8388608
60.7333,-4605477
60.7374,7686100
60.7411,4341603
60.7450,2711638
60.7494,-8388608
60.7539,-5589491
60.7573,8275522
60.7614,5170578
60.7658,2764827
60.7701,-8388608
60.7737,-6531487
60.7778,8388607
60.7825,5942480
60.7863,2725880
60.7903,-8388608
60.7943,-7672398
60.7986,8388607
60.7992,7089255
60.8027,2828265
60.8069,-8388608
60.8105,-8388608
60.8153,8388607
60.8192,8285125
60.8229,2811548
60.8270,-8388608
60.8324,-8388608
60.8355,8388607
60.8398,8388607
60.8433,2943530
60.8488,-8388608
60.8518,-8388608
60.8562,8388607
60.8597,8388607
60.8662,2909184
60.8687,-8388608
60.8726,-8388608
60.8761,8388607
60.8802,8388607
60.8845,2766910
60.8885,-8045276
60.8925,-8388608
60.8966,8388607
60.9011,8388607
60.9049,2579769
60.9090,-7309876
60.9132,-8388608
60.9173,8388607
60.9212,8388607
60.9253,2326098
60.9254,-6530352
60.9294,-8388608
60.9343,8388607
60.9375,8388607
60.9417,1438774
60.9457,-5794952
60.9503,-8388608
60.9542,8388607
60.9583,8388607
60.9621,834685
60.9664,-5029584
60.9712,-8388608
60.9744,8388607
60.9785,8388607
60.9830,571522
60.9874,-4272031
60.9908,-8388608
60.9949,8388607
60.9995,8388607
61.0037,329660
61.0075,-3791786
61.0113,-8388608
61.0160,8388607
61.0200,8388607
61.0237,924521
61.0277,-3266771
61.0321,-8388608
61.0366,7559911
61.0399,8388607
61.0443,1615918
61.0484,-2568174
61.0523,-8388608
61.0524,6545059
61.0563,8388607
61.0604,2165146
61.0647,-1909261
61.0695,-8388608
61.0727,5265463
61.0768,8388607
61.0834,2747757
61.0856,-1018913
61.0892,-8388608
61.0932,3963790
61.0994,8388607
61.1020,3357993
61.1061,-184615
61.1096,-8388608
61.1137,2803263
61.1186,8388607
61.1219,3978200
61.1259,511280
61.1301,-8388608
61.1354,1708977
61.1387,8388607
61.1423,3973125
61.1464,1332116
61.1513,-8388608
61.1552,655894
61.1587,8388607
61.1628,4181868
61.1676,2103957
61.1710,-8388608
61.1752,-717574
61.1793,8388607
61.1794,4206280
61.1839,2703259
61.1877,-8388608
61.1914,-1775501
61.1956,8388607
61.2007,4581740
61.2041,2885936
61.2086,-8388608
61.2120,-3000433
61.2161,8388607
61.2201,4675229
61.2248,3105792
61.2286,-8388608
61.2327,-6628194
61.2372,3995384
61.2410,4443685
61.2447,3128748
61.2500,-8388608
61.2537,-8388608
61.2574,-5727753
61.2611,-7251045
61.2664,8388607
61.2695,8388607
61.2740,-8388608
61.2775,-8388608
61.2819,-8388608
61.2861,8388607
61.2900,8388607
61.2940,-4500648
61.2991,-8388608
61.3022,-8388608
61.3062,8388607
61.3062,8388607
61.3103,-3235760
61.3153,-6829598
61.3188,-8388608
61.3226,5833787
61.3267,-8388608
61.3322,-8388608
61.3355,-6001028
61.3390,-1400710
61.3430,5574509
61.3471,-8388608
61.3515,-8388608
61.3556,-5984250
61.3595,3226753
61.3636,5650652
61.3679,-7971736
61.3722,-8388608
61.3761,-5968556
61.3799,4676569
61.3845,5679138
61.3885,-7089256
61.3922,-8388608
61.3963,-6114041
61.4007,3820905
61.4052,5955914
61.4085,-6133236
61.4127,-8388608
61.4176,-6299084
61.4211,3571591
61.4249,6328097
61.4293,-5324296
61.4331,-8388608
61.4371,-6521504
61.4372,3516833
61.4413,5318465
61.4455,-4227943
61.4503,-8388608
61.4542,-6691490
61.4577,2263908
61.4619,4915588
61.4659,-3312892
61.4701,-8388608
61.4741,-6821220
61.4782,1748030
61.4829,4987589
61.4868,-2594750
61.4905,-8388608
61.4945,-7169872
61.4989,746105
61.5031,5860823
61.5069,-1807824
61.5109,-8388608
61.5159,-7491502
61.5200,-357523
61.5238,6170357
61.5273,-1020658
61.5315,-8388608
61.5362,1753004
61.5397,5692277
61.5437,4733529
61.5479,-305300
61.5519,-8388608
61.5562,1769681
61.5603,4748567
61.5642,5922047
61.5649,835049
61.5694,-8388608
61.5724,-8156723
61.5765,-2416682
61.5811,6045056
61.5854,1931677
61.5889,-8388608
61.5929,-8369838
61.5984,-2998244
61.6013,6976171
61.6052,2994520
61.6092,-8388608
61.6144,-8388608
61.6180,-3819157
61.6215,4812082
61.6257,4418856
61.6320,-8388608
61.6348,-8388608
61.6386,-4274312
61.6420,-1166423
61.6461,7779445
61.6510,-8388608
61.6553,-8388608
61.6584,-8388608
61.6625,7957027
61.6667,8388607
61.6712,-8388608
61.6751,5177215
61.6791,-8388608
61.6831,8388607
61.6872,8388607
61.6912,-8388608
61.6913,5912615
61.6953,-8388608
61.7001,8388607
61.7034,8388607
61.7076,-8388608
61.7119,5059551
61.7160,-8388608
61.7202,8388607
61.7241,8388607
61.7280,-8388608
61.7328,3397547
61.7366,-8388608
61.7403,8118815
61.7444,8388607
61.7492,-8388608
61.7531,3338715
61.7567,-8388608
61.7608,7045131
61.7655,8388607
61.7696,-8388608
61.7731,647151
61.7772,-8388608
61.7823,5927323
61.7858,8388607
61.7895,-8388608
61.7936,-45469
61.7984,-8388608
61.8023,4603603
61.8059,8388607
61.8101,-8192356
61.8142,254728
61.8182,-8089400
61.8183,3250467
61.8222,8388607
61.8264,-7148088
61.8311,-1000145
61.8350,-6912760
61.8387,2162075
61.8427,8388607
61.8472,-5809660
61.8517,-3394903
61.8555,-5912616
61.8592,882479
61.8642,8388607
61.8682,-4633020
61.8722,-4250613
61.8755,-4765392
61.8796,67800
61.8841,8388607
61.8878,-3426964
61.8918,-6059697
61.8960,-4235904
61.9010,-853065
61.9045,8388607
61.9082,-2132660
61.9124,-6530353
61.9169,-3353424
61.9206,-2987682
61.9247,-3014510
61.9288,-2971016
61.9334,-8388608
61.9371,-8388608
61.9410,-8388608
61.9452,-6173623
61.9453,-2250324
61.9499,-8388608
61.9535,-8388608
61.9574,-8388608
61.9615,-8044743
61.9661,-1923819
61.9701,-8388608
61.9738,-8388608
61.9779,-8388608
61.9826,-8388608
61.9864,-2886315
61.9909,-8388608
61.9943,-8388608
61.9989,-8388608
62.0028,-8388608
62.0066,-6406293
62.0107,-8388608
62.0154,-8388608
62.0195,-8388608
62.0230,-8388608
62.0270,-8363690
62.0319,-8388608
62.0353,-8388608
62.0394,-8388608
62.0434,-8388608
62.0491,-8388608
62.0523,-8388608
62.0559,-8388608
62.0599,-8388608
62.0644,-8388608
62.0680,-8388608
62.0724,-8388608
62.0762,-8388608
62.0763,-8388608
62.0827,-8388608
62.0848,-8388608
62.0888,-8388608
62.0925,-8388608
62.0981,-8388608
62.1019,-8388608
62.1049,-8388608
62.1090,-8388608
62.1150,-8388608
62.1181,-8045728
62.1212,-8388608
62.1254,-8388608
62.1295,-8388608
62.1340,-8388608
62.1377,-4515812
62.1417,-8388608
62.1458,-8388608
62.1504,-8388608
62.1542,-8388608
62.1581,848677
62.1622,-8388608
62.1663,-8388608
62.1712,-8388608
62.1745,-8388608
62.1786,2341816
62.1828,-8388608
62.1869,-8388608
62.1909,-8388608
62.1952,-8388608
62.1991,-1313058
62.2034,-8388608
62.2036,-8388608
62.2073,-8388608
62.2115,-8388608
62.2161,3242606
62.2197,-7589328
62.2237,-8388608
62.2279,-8388608
62.2319,-8388608
62.2360,8388607
62.2407,1521845
62.2444,-1715625
62.2500,-8388608
62.2525,1534259
62.2565,8388607
62.2605,8388607
62.2657,3768470
62.2691,-8388608
62.2733,700160
62.2769,8388607
62.2819,8388607
62.2851,3507048
62.2896,-8388608
62.2935,-31197
62.2984,8388607
62.3022,8388607
62.3057,3197260
62.3097,-8388608
62.3141,-779525
62.3181,8388607
62.3221,8388607
62.3260,2977034
62.3311,-8388608
62.3315,-1794377
62.3345,8388607
62.3386,4515355
62.3425,-8388608
62.3486,-8388608
62.3511,-8388608
62.3547,-6736265
62.3588,-5956740
62.3644,-8388608
62.3682,-8388608
62.3711,-8388608
62.3752,-8388608
62.3793,-6206776
62.3839,-8388608
62.3874,-8388608
62.3916,-8388608
62.3957,-8388608
62.4009,-5618456
62.4045,-8388608
62.4080,-8388608
62.4121,-8388608
62.4170,-8388608
62.4208,-4500648
62.4243,-8388608
62.4285,-8388608
62.4326,-8388608
62.4368,-8388608
62.4408,-3235760
62.4449,-8388608
62.4498,-8388608
62.4530,-8388608
62.4572,-8388608
62.4573,-2137514
62.4612,-8388608
62.4661,-8388608
62.4695,-8388608
62.4736,-8388608
62.4776,-592573
62.4823,-8388608
62.4869,-8388608
62.4899,-8388608
62.4940,-8388608
62.4988,189742
62.5021,-8388608
62.5062,-8388608
62.5104,-8388608
62.5152,-8388608
62.5186,808939
62.5228,-8388608
62.5267,-8388608
62.5310,-8388608
62.5352,-8388608
62.5392,1573755
62.5432,-8388608
62.5479,-8388608
62.5514,-8388608
62.5555,-8388608
62.5595,1794375
62.5645,-8388608
62.5677,-8388608
62.5719,-8388608
62.5760,-8388608
62.5810,1897331
62.5842,-8388608
62.5843,-8388608
62.5882,-8388608
62.5923,-8388608
62.5966,1823791
62.6010,-8388608
62.6047,-8388608
62.6088,-8388608
62.6129,-8388608
62.6176,1676711
62.6210,-8388608
62.6250,-7772109
62.6293,-8388608
62.6335,-8388608
62.6381,1936940
62.6416,-8388608
62.6456,-7546140
62.6502,-8100931
62.6537,-8388608
62.6584,1978426
62.6619,-8388608
62.6663,-7180380
62.6701,-7456033
62.6743,-8388608
62.6785,1802502
62.6844,-8388608
62.6865,-6367929
62.6907,-6900646
62.6949,-8388608
62.6992,1131519
62.7030,-8388608
62.7071,-6846754
62.7112,-6530595
62.7115,-8388608
62.7154,311388
62.7193,-8388608
62.7233,-6195485
62.7274,-5887200
62.7319,-8388608
62.7359,-531491
62.7399,-8388608
62.7440,-7108695
62.7484,-5656616
62.7523,-8388608
62.7566,-1323721
62.7602,-8388608
62.7651,-4883693
62.7684,-5059874
62.7725,-8388608
62.7766,-2456237
62.7819,-8388608
62.7849,-6202235
62.7889,-5057197
62.7930,-8388608
62.7984,-3529921
62.8012,-8388608
62.8052,-6432689
62.8093,-5098191
62.8143,-8388608
62.8184,-4897765
62.8217,-8388608
62.8258,-4467151
62.8313,-5097441
62.8342,-8388608
62.8381,-6015573
62.8422,-8388608
62.8423,-5153147
62.8475,-5230800
62.8507,-8388608
62.8544,-7089257
62.8585,-7456956
62.8647,-6078264
62.8679,-5757693
62.8709,-8388608
62.8750,-8192357
62.8793,-6236192
62.8832,-5780574
62.8872,-5695549
62.8912,-8388608
62.8954,-8388608
62.9000,-5133092
62.9039,-5522827
62.9077,-6177197
62.9118,-8388608
62.9168,-8388608
62.9210,-3987056
62.9242,-6421903
62.9282,-6473735
62.9325,-8388608
62.9371,-8388608
62.9404,-2790516
62.9445,-6831213
62.9496,-6725464
62.9529,-8388608
62.9570,-8388608
62.9610,-1602847
62.9655,-7235320
62.9690,-7246745
62.9691,-8388608
62.9731,-8388608
62.9775,-495376
62.9826,-7797246
62.9855,-7598038
62.9895,-8388608
62.9937,-8388608
62.9983,447226
63.0030,-8388608
63.0059,-7960753
63.0100,-8388608
63.0155,-8388608
63.0193,1103099
63.0224,-8388608
63.0264,-7768183
63.0310,-8388608
63.0357,-8388608
63.0387,2309155
63.0428,-8388608
63.0483,-7807806
63.0513,-8287890
63.0551,-8388608
63.0592,3176927
63.0651,-8388608
63.0677,-8005611
63.0715,-7897313
63.0756,-8388608
63.0811,3559335
63.0838,-8388608
63.0879,-8052339
63.0921,-7621161
63.0964,-8388608
63.0965,3485795
63.1003,-8388608
63.1044,-8071268
63.1084,-7391209
63.1125,-8388608
63.1167,3467417
63.1211,-8388608
63.1249,-7306687
63.1299,-6795777
63.1338,-8388608
63.1370,3209269
63.1411,-8388608
63.1452,-7700174
63.1502,-6395467
63.1537,-8388608
63.1575,3221638
63.1616,-8388608
63.1666,-6971959
63.1701,-6050259
63.1740,-8388608
63.1780,2698244
63.1830,-8388608
63.1862,-6776736
63.1902,-5375997
63.1945,-8388608
63.1985,1794375
63.2032,-8388608
63.2069,-6335581
63.2108,-5230192
63.2159,-8388608
63.2191,674821
63.2230,-8388608
63.2231,-6011779
63.2271,-5101237
63.2313,-8388608
63.2361,-171958
63.2394,-8388608
63.2435,-5690339
63.2492,-4727265
63.2525,-8388608
63.2565,-882481
63.2600,-8388608
63.2650,-6596502
63.2691,-4873997
63.2722,-8388608
63.2763,-2014997
63.2815,-8388608
63.2852,-4853183
63.2887,-4387931
63.2927,-8388608
63.2979,-3324009
63.3011,-8388608
63.3051,-4812014
63.3091,-4466828
63.3145,-8388608
63.3172,-4368277
63.3218,-8388608
63.3254,-4635318
63.3309,-4789389
63.3340,-8388608
63.3379,-5559625
63.3420,-8388608
63.3474,-4485851
63.3504,-4302019
63.3507,-8388608
63.3542,-6500937
63.3583,-7427540
63.3641,-4243622
63.3671,-3465882
63.3705,-6390967
63.3745,-6927469
63.3787,-5500792
63.3832,77850
63.3871,2618448
63.3910,-4597796
63.3951,-7839365
63.4001,-4132862
63.4035,450039
63.4073,2069758
63.4114,-4083140
63.4164,-8388608
63.4201,-3060563
63.4239,-932725
63.4279,663511
63.4325,-3864459
63.4371,-8388608
63.4402,-2007790
63.4442,-2286789
63.4484,-108355
63.4527,-3062864
63.4570,-8388608
63.4606,-775953
63.4648,-4099469
63.4690,-594667
63.4729,-3012927
63.4771,-8388608
63.4773,169441
63.4826,-3305991
63.4855,-1341716
63.4893,-1883738
63.4934,-8388608
63.4983,823647
63.5017,-4724928
63.5062,-1372714
63.5099,-1536589
63.5148,-8388608
63.5188,1867915
63.5227,-5730216
63.5261,-1647297
63.5318,-879485
63.5346,-8388608
63.5394,3426963
63.5427,-6462355
63.5480,-3092143
63.5517,-775894
63.5553,-8388608
63.5589,7501389
63.5651,-8388608
63.5675,-8388608
63.5713,-1682783
63.5754,-8388608
63.5811,8388607
63.5845,-8388608
63.5876,-8388608
63.5918,-1024689
63.5972,-8388608
63.6004,8388607
63.6039,-8388608
63.6081,-8388608
63.6082,-1101796
63.6121,-8388608
63.6164,8388607
63.6203,-8388608
63.6244,-8388608
63.6286,-350645
63.6330,-8388608
63.6367,8388607
63.6408,-8388608
63.6451,-8388608
63.6490,-423472
63.6531,-8388608
63.6572,8388607
63.6613,-8388608
63.6654,-8388608
63.6695,-228568
63.6736,-8388608
63.6777,8388607
63.6818,-8388608
63.6859,-8388608
63.6899,281246
63.6941,-8388608
63.6983,7412831
63.7023,-8388608
63.7064,-8388608
63.7104,152834
63.7146,-8388608
63.7188,5059551
63.7230,-8388608
63.7272,-8388608
63.7311,2207730
63.7352,-8388608
63.7353,1058975
63.7391,-8388608
63.7432,-4123579
63.7473,3364117
63.7515,-8388608
63.7556,51946
63.7596,-8388608
63.7638,-2573467
63.7679,4231900
63.7720,-8388608
63.7759,-632445
63.7802,-8388608
63.7842,-1409805
63.7883,4432926
63.7924,-8388608
63.7965,-1750253
63.8005,-8388608
63.8047,-1042948
63.8087,4007337
63.8128,-8269957
63.8169,-3044557
63.8210,-8388608
63.8252,-1361811
63.8293,3506652
63.8334,-7837830
63.8375,-4177073
63.8416,-7971736
63.8460,-438058
63.8498,2388492
63.8542,-7456828
63.8582,-5353713
63.8622,-6692140
63.8623,-426
63.8662,2126832
63.8703,-7202009
63.8744,-6471521
63.8785,-5574332
63.8825,-771575
63.8866,1071647
63.8908,-6692424
63.8948,-7618745
63.8989,-4306812
63.9031,-1513411
63.9071,186672
63.9112,-6253888
63.9153,-8388608
63.9194,-3257642
63.9235,-2373714
63.9275,-669041
63.9318,-5809693
63.9358,-8388608
63.9399,-2225949
63.9439,-3529397
63.9481,-1750173
63.9522,-5401372
63.9563,-8388608
63.9604,-1080273
63.9644,-3598806
63.9686,-2130569
63.9727,-4804793
63.9770,-8388608
63.9808,221678
63.9850,-5835704
63.9892,-3544925
63.9892,-4497538
63.9930,-8388608
63.9972,941311
64.0013,-5310099
64.0054,-2988303
64.0094,-2529386
64.0135,-8388608
64.0178,2029703
64.0217,-6024013
64.0259,-3432737
64.0300,-1708900
64.0340,-8388608
64.0382,3412255
64.0422,-6362781
64.0464,-4376382
64.0505,-1618896
64.0545,-8388608
64.0586,4456523
64.0627,-6826373
64.0668,-4836827
64.0709,-1489145
64.0750,-8388608
64.0790,5592370
64.0832,-7578967
64.0874,-5758102
64.0914,-223970
64.0955,-8388608
64.0995,6070702
64.1037,-7799244
64.1079,-5801397
64.1119,64524
64.1159,-8388608
64.1160,6154987
64.1200,-8388608
64.1242,-7094350
64.1283,1038547
64.1324,-8388608
64.1365,6376446
64.1406,-8388608
64.1447,-8388608
64.1488,1012720
64.1529,-8388608
64.1570,6132882
64.1610,-8388608
64.1652,-8388608
64.1692,1354254
64.1734,-8388608
64.1774,6221483
64.1815,-8388608
64.1856,-8388608
64.1897,1463207
64.1938,-8388608
64.1980,5103675
64.2020,-8388608
64.2062,-8388608
64.2102,1918622
64.2143,-8388608
64.2184,3632875
64.2225,-8388608
64.2268,-8388608
64.2307,1730742
64.2350,-8388608
64.2390,2632731
64.2430,-8388608
64.2431,-8388608
64.2470,2013692
64.2511,-8388608
64.2552,905663
64.2592,-8388608
64.2634,-8388608
64.2674,2059496
64.2716,-8388608
64.2756,-35173
64.2798,-8388608
64.2839,-8388608
64.2879,711635
64.2920,-8388608
64.2961,-764817
64.3002,-7927612
64.3043,-8388608
64.3084,1051228
64.3125,-8388608
64.3167,-1779669
64.3207,-6824512
64.3248,-8388608
64.3289,-826399
64.3330,-8388608
64.3372,-2164283
64.3412,-4177072
64.3454,-8388608
64.3495,-3402389
64.3537,-8388608
64.3577,213254
64.3618,-2439788
64.3660,-8388608
64.3699,-3863961
64.3700,-8388608
64.3740,-899678
64.3781,-1076118
64.3822,-8388608
64.3863,-4767109
64.3904,-8269688
64.3944,-1273313
64.3985,-179034
64.4027,-8388608
64.4067,-5131784
64.4109,-8021685
64.4149,-1591714
64.4190,647151
64.4233,-8388608
64.4272,-5988428
64.4313,-7570703
64.4355,-613746
64.4396,2147367
64.4438,-8388608
64.4478,-7663449
64.4518,-7525214
64.4559,-321556
64.4601,3676999
64.4642,-8388608
64.4683,-8242041
64.4724,-7132126
64.4764,-656645
64.4805,5441959
64.4848,-8388608
64.4888,-8388608
64.4929,-7719407
64.4971,1169039
64.5011,8311516
64.5012,-8388608
64.5051,-8388608
64.5091,-8388608
64.5133,4647727
64.5174,8388607
64.5215,-8388608
64.5255,-8388608
64.5298,-8388608
64.5338,7883487
64.5378,8388607
64.5420,-4303192
64.5461,-8227616
64.5502,-8388608
64.5542,8388607
64.5583,8388607
64.5625,3422160
64.5665,-5510790
64.5707,-8388608
64.5747,8388607
64.5788,8388607
64.5829,4011340
64.5870,-5203759
64.5911,-8388608
64.5953,8388607
64.5993,8388607
64.6034,4659808
64.6075,-4933428
64.6116,-8388608
64.6157,8388607
64.6198,8388607
64.6239,4913425
64.6279,-4542788
64.6280,-8388608
64.6320,8388607
64.6362,8388607
64.6403,5475966
64.6444,-4241829
64.6485,-8388608
64.6526,8388607
64.6566,8388607
64.6607,6141998
64.6649,-4150306
64.6690,-8388608
64.6730,8388607
64.6771,8388607
64.6813,6630333
64.6853,-3879248
64.6894,-8388608
64.6936,8388607
64.6976,8388607
64.7017,7257139
64.7058,-3893586
64.7099,-8388608
64.7140,8162939
64.7181,8388607
64.7222,7623022
64.7263,-6319623
64.7303,-8388608
64.7345,7118671
64.7386,8388607
64.7428,8388607
64.7469,-6479797
64.7509,-8388608
64.7549,6044987
64.7550,8388607
64.7590,8388607
64.7631,-6607212
64.7674,-8388608
64.7713,4927179
64.7753,8388607
64.7795,8388607
64.7836,-6657790
64.7878,-8388608
64.7918,3721123
64.7959,8388607
64.8000,8388607
64.8041,-6721976
64.8081,-8388608
64.8123,2323863
64.8164,8388607
64.8205,8388607
64.8246,-6743229
64.8288,-8388608
64.8328,1220763
64.8369,8388607
64.8410,8388607
64.8450,-6687092
64.8491,-8388608
64.8532,97487
64.8574,8388607
64.8615,8388607
64.8656,-6682331
64.8699,-8388608
64.8739,-308869
64.8780,8388607
64.8820,8388607
64.8821,-6572546
64.8861,-8388608
64.8901,-1500217
64.8942,8388607
64.8983,8388607
64.9024,-6557962
64.9065,-8388608
64.9105,-2794521
64.9147,8388607
64.9187,8388607
64.9228,-6265718
64.9269,-8388608
64.9311,-3897621
64.9351,8388607
64.9392,8388607
64.9434,-5939124
64.9474,-8388608
64.9516,-5177217
64.9557,8388607
64.9598,8388607
64.9639,-4813563
64.9680,-8388608
64.9720,-6353857
64.9762,8388607
64.9802,8388607
64.9843,-3912593
64.9884,-8388608
64.9926,-7692285
64.9966,8388607
65.0008,8388607
65.0048,-3081588
65.0088,-8388608
65.0089,-8388608
65.0129,8388607
65.0170,8388607
65.0212,-1953787
65.0252,-8388608
65.0294,-8388608
65.0335,8388607
65.0376,8388607
65.0417,-1087384
65.0458,-8388608
65.0499,-8388608
65.0540,8388607
65.0580,8388607
65.0622,-168740
65.0663,-8388608
65.0704,-8388608
65.0744,8388607
65.0784,8388607
65.0825,547462
65.0867,-8388608
65.0907,-8388608
65.0950,8388607
65.0989,8388607
65.1030,1521222
65.1071,-8388608
65.1112,-8388608
65.1154,8388607
65.1195,8388607
65.1236,2092410
65.1279,-8388608
65.1317,-8388608
65.1359,8388607
65.1360,8388607
65.1399,2816316
65.1440,-8388608
65.1481,-8388608
65.1522,8388607
65.1563,8388607
65.1603,3749782
65.1645,-8388608
65.1685,-8388608
65.1727,8388607
65.1767,8388607
65.1808,4775240
65.1849,-8388608
65.1890,-8388608
65.1931,8388607
65.1972,8388607
65.2013,5718045
65.2056,-8388608
65.2095,-8388608
65.2137,8388607
65.2177,8388607
65.2218,6610445
65.2259,-8388608
65.2301,-8388608
65.2342,7398123
65.2383,8388607
65.2423,7449603
65.2465,-8388608
65.2507,-8388608
65.2547,6221483
65.2587,8388607
65.2629,8388607
65.2671,-8388608
65.2672,-8388608
65.2711,5294879
65.2750,8388607
65.2792,8388607
65.2833,-8388608
65.2874,-8388608
65.2915,4118239
65.2956,8388607
65.2997,8388607
65.3037,-8388608
65.3078,-8388608
65.3119,3015139
65.3160,8388607
65.3201,8388607
65.3242,-8388608
65.3283,-8388608
65.3324,1750251
65.3365,8388607
65.3406,8388607
65.3447,-8388608
65.3488,-8388608
65.3528,489792
65.3570,8388607
65.3610,8388607
65.3652,-8388608
65.3692,-8388608
65.3733,31055
65.3774,8388607
65.3815,8388607
65.3861,-8388608
65.3901,-8388608
65.3902,-441241
65.3939,8388607
65.3980,8388607
65.4021,-8388608
65.4062,-8388608
65.4102,-1603173
65.4143,8388607
65.4184,8388607
65.4226,-8388608
65.4269,-8388608
65.4308,-2897477
65.4349,8388607
65.4389,8388607
65.4431,-8388608
65.4472,-8388608
65.4512,-4059409
65.4554,8388607
65.4595,8388607
65.4636,-8388608
65.4676,-8388608
65.4718,-5250757
65.4760,8388607
65.4800,8388607
65.4841,-7912904
65.4881,-8388608
65.4922,-6412689
65.4963,8388607
65.5004,8388607
65.5045,-6706848
65.5085,-8388608
65.5128,-7677577
65.5171,8388607
65.5210,8388607
65.5211,-5530208
65.5249,-8388608
65.5290,-8388608
65.5332,8388607
65.5372,8388607
65.5413,-4265320
65.5454,-8388608
65.5495,-8388608
65.5537,8388607
65.5576,8388607
65.5618,-3147512
65.5659,-8388608
65.5704,-8388608
65.5741,8388607
65.5781,8388607
65.5823,-1899107
65.5863,-8388608
65.5904,-8388608
65.5945,8388607
65.5988,8388607
65.6028,-853935
65.6069,-8388608
65.6109,-8388608
65.6153,8388607
65.6192,8388607
65.6232,39072
65.6275,-8388608
65.6318,-8388608
65.6358,8388607
65.6398,8388607
65.6437,603027
65.6480,-8388608
65.6481,-8388608
65.6525,8388607
65.6560,8388607
65.6601,1823791
65.6642,-8388608
65.6683,-8388608
65.6724,8388607
65.6765,8388607
65.6806,2853351
65.6847,-8388608
65.6888,-8388608
65.6930,8388607
65.6970,8388607
65.7011,3941743
65.7052,-8388608
65.7093,-8388608
65.7135,8388607
65.7175,8388607
65.7216,5177215
65.7258,-8388608
65.7297,-8388608
65.7339,8354143
65.7379,8388607
65.7420,6383271
65.7462,-8388608
65.7504,-8388608
65.7543,7206919
65.7585,8388607
65.7625,7486371
65.7671,-8388608
65.7709,-8388608
65.7748,5868491
65.7748,8388607
65.7788,8388607
65.7829,-8388608
65.7870,-8388608
65.7911,4838931
65.7952,8388607
65.7993,8388607
65.8034,-8388608
65.8075,-8388608
65.8117,3588751
65.8157,8388607
65.8198,8388607
65.8239,-8388608
65.8280,-8388608
65.8321,2382695
65.8362,8388607
65.8403,8388607
65.8444,-8388608
65.8485,-8388608
65.8525,1117807
65.8566,8388607
65.8607,8388607
65.8648,-8388608
65.8689,-8388608
65.8730,134760
65.8771,8388607
65.8812,8388607
65.8857,-8388608
65.8896,-8388608
65.8938,-264745
65.8978,8388607
65.9020,8388607
65.9022,-8388608
65.9058,-8388608
65.9099,-1411969
65.9141,8388607
65.9181,8388607
65.9222,-8388608
65.9264,-8388608
65.9305,-2544485
65.9346,8388607
65.9387,8388607
65.9428,-8388608
65.9469,-8388608
65.9510,-3765249
65.9550,8388607
65.9592,8388607
65.9633,-8388608
65.9674,-8388608
65.9715,-4941889
65.9755,8388607
65.9796,8388607
65.9838,-8388608
65.9878,-8388608
65.9919,-6133237
65.9959,8388607
66.0002,8388607
66.0041,-7206920
66.0082,-8388608
66.0128,-7295169
66.0164,8388607
66.0206,8388607
66.0247,-6059696
66.0291,-8388608
66.0292,-8388608
66.0328,8388607
66.0370,8388607
66.0410,-4750684
66.0452,-8388608
66.0493,-8388608
66.0534,8388607
66.0575,8388607
66.0616,-3574044
66.0657,-8388608
66.0697,-8388608
66.0738,8388607
66.0779,8388607
66.0820,-2456236
66.0861,-8388608
66.0902,-8388608
66.0943,8388607
66.0984,8388607
66.1025,-1243941
66.1066,-8388608
66.1107,-8388608
66.1148,8388607
66.1189,8388607
66.1230,-286334
66.1270,-8388608
66.1311,-7501254
66.1352,-4721269
66.1393,8388607
66.1436,-8388608
66.1477,-8388608
66.1519,2522818
66.1558,-8388608
66.1559,8388607
66.1599,-8388608
66.1640,-8388608
66.1680,4089063
66.1722,-8388608
66.1762,8388607
66.1803,-8388608
66.1844,-8388608
66.1885,4736789
66.1926,-8388608
66.1967,5264424
66.2008,-8388608
66.2049,-8388608
66.2091,5770144
66.2130,-8388608
66.2172,3750539
66.2213,-8388608
66.2254,-7295259
66.2294,7163085
66.2335,-8388608
66.2377,2412111
66.2418,-8388608
66.2459,-5536395
66.2499,6616544
66.2541,-5481097
66.2581,1970871
66.2623,-8388608
66.2663,6648015
66.2705,8388607
66.2745,8192355
66.2788,1235471
66.2828,-8388608
66.2868,8388607
66.2869,8388607
66.2908,8388607
66.2950,233022
66.2991,-8388608
66.3031,8388607
66.3073,8388607
66.3114,8388607
66.3155,-779525
66.3196,-8388608
66.3239,8388607
66.3278,8388607
66.3319,8388607
66.3360,-2367989
66.3401,-8388608
66.3442,5824367
66.3482,8388607
66.3524,8388607
66.3565,-3632877
66.3606,-8388608
66.3647,5292517
66.3687,8388607
66.3729,8388607
66.3769,-4912473
66.3811,-8368852
66.3852,6163602
66.3892,8056900
66.3933,519209
66.3976,-7428168
66.4016,-6217123
66.4056,8388607
66.4098,8388607
66.4098,-63812
66.4137,-6029973
66.4178,-6009799
66.4219,8388607
66.4260,8388607
66.4300,799199
66.4342,-4413273
66.4383,-4378482
66.4424,8388607
66.4465,8388607
66.4506,-4111500
66.4547,-1795474
66.4588,-2849242
66.4629,8388607
66.4670,5589831
66.4710,-8388608
66.4751,-547127
66.4792,-3966197
66.4833,8388607
66.4874,5918407
66.4915,-8388608
66.4957,-1001123
66.4997,-6099498
66.5038,8388607
66.5079,7300982
66.5120,-8388608
66.5161,125357
66.5202,-6309196
66.5243,8388607
66.5284,8388607
66.5326,3698525
66.5368,-3415069
66.5407,-8388608
66.5408,6283223
66.5448,8388607
66.5488,2484113
66.5529,-3527667
66.5571,-8388608
66.5611,7005718
66.5653,8388607
66.5693,6667548
66.5734,-895082
66.5777,-7457845
66.5817,4683916
66.5858,8388607
66.5898,7159481
66.5940,-2330080
66.5981,-8388608
66.6022,2330404
66.6063,8388607
66.6104,2119742
66.6145,-3218649
66.6186,-8388608
66.6227,6753239
66.6268,8388607
66.6309,505292
66.6350,-2763705
66.6391,-8388608
66.6432,8388607
66.6473,8388607
66.6515,-8388608
66.6555,-1622248
66.6596,-8388608
66.6637,8388607
66.6678,8388607
66.6679,-8388608
66.6719,-1305533
66.6759,-7846229
66.6801,8388607
66.6841,8388607
66.6882,-8388608
66.6923,-608788
66.6964,-7215357
66.7005,8388607
66.7046,-1170031
66.7087,-8388608
66.7128,5030135
66.7169,-6808349
66.7210,8388607
66.7251,-6677433
66.7292,-8388608
66.7333,5177215
66.7373,-8388608
66.7415,8388607
66.7456,-7221629
66.7497,-8388608
66.7538,-8388608
66.7578,-8388608
66.7620,-8388608
66.7661,-8388608
66.7701,-8388608
66.7742,-8388608
66.7785,-1544341
66.7826,-8388608
66.7867,-8388608
66.7907,-8388608
66.7949,-8388608
66.7949,-2029705
66.7989,-8388608
66.8029,-8388608
66.8070,-8388608
66.8111,-8388608
66.8152,-2412113
66.8193,-6765680
66.8234,-8388608
66.8275,-8388608
66.8316,-8388608
66.8356,-3147513
66.8397,-4647728
66.8439,-8388608
66.8480,-8388608
66.8521,-8388608
66.8562,-4750685
66.8603,-4015284
66.8644,-8388608
66.8686,-8388608
66.8726,-8388608
66.8766,-6853929
66.8807,-4221196
66.8849,-8388608
66.8890,-8388608
66.8930,-8388608
66.8971,-8388608
66.9012,-4662436
66.9053,-8388608
66.9096,-8388608
66.9137,-8388608
66.9177,-8388608
66.9219,-4485940
66.9220,-8388608
66.9258,-8388608
66.9299,-8388608
66.9340,-8388608
66.9381,-4456524
66.9422,-8388608
66.9463,-8388608
66.9504,-8388608
66.9544,-8388608
66.9585,-3838788
66.9625,-8388608
66.9668,-8388608
66.9709,-8388608
66.9749,-8388608
66.9791,-3279884
66.9831,-8388608
66.9872,-8388608
66.9913,-8388608
66.9955,-8388608
66.9995,-2806792
67.0036,-8388608
67.0077,-8388608
67.0118,-8388608
67.0159,-8388608
67.0200,-3409176
67.0240,-8388608
67.0282,-8388608
67.0323,-8388608
67.0364,-8388608
67.0406,-3669125
67.0448,-8388608
67.0486,-8388608
67.0487,-8388608
67.0527,-8388608
67.0568,-4667906
67.0609,-8388608
67.0650,-8388608
67.0691,-8388608
67.0732,-8388608
67.0773,-5017165
67.0814,-8388608
67.0855,-8388608
67.0896,-8388608
67.0937,-8388608
67.0981,-5589223
67.1019,-8388608
67.1060,-8388608
67.1100,-8388608
67.1142,-8388608
67.1183,-5704917
67.1224,-8388608
67.1264,-8388608
67.1305,-8388608
67.1347,-8388608
67.1387,-5796745
67.1430,-8388608
67.1470,-8388608
67.1511,-8388608
67.1551,-8388608
67.1594,-3280903
67.1649,-8388608
67.1676,-8388608
67.1717,-8388608
67.1758,-8388608
67.1759,-1678879
67.1797,-8388608
67.1837,-8388608
67.1879,-8388608
67.1919,-8388608
67.1960,-743326
67.2001,-8388608
67.2042,-8388608
67.2083,-8388608
67.2125,-8388608
67.2166,-898560
67.2208,-8388608
67.2248,-8388608
67.2289,-8388608
67.2330,-8388608
67.2371,-1279996
67.2412,-8388608
67.2453,-8388608
67.2493,-8388608
67.2535,-8388608
67.2575,-1676713
67.2616,-8388608
67.2657,-8388608
67.2698,-8388608
67.2738,-8388608
67.2779,-2588609
67.2820,-8388608
67.2864,-8388608
67.2904,-8388608
67.2946,-8388608
67.2986,-3250469
67.3026,-8388608
67.3027,-8388608
67.3068,-8388608
67.3108,-8388608
67.3149,-3985869
67.3190,-8388608
67.3231,-8388608
67.3272,-8388608
67.3313,-8388608
67.3354,-2431105
67.3395,-4059408
67.3436,-8388608
67.3476,-8388608
67.3517,-8388608
67.3559,-175442
67.3600,-1390271
67.3640,-8388608
67.3682,-8388608
67.3721,-8388608
67.3763,6339147
67.3804,5471596
67.3846,-8388608
67.3886,-8388608
67.3927,-5088969
67.3968,8388607
67.4009,8388607
67.4050,5668173
67.4090,-7883488
67.4131,-7162797
67.4172,8388607
67.4214,8388607
67.4256,5676904
67.4297,-7133380
67.4337,-8280605
67.4338,8388607
67.4378,8388607
67.4418,5656035
67.4459,-6412688
67.4499,-8388608
67.4541,8388607
67.4582,8388607
67.4622,5868238
67.4664,-5677288
67.4705,-8388608
67.4745,8388607
67.4787,8388607
67.4827,6047429
67.4868,-4960284
67.4909,-8388608
67.4950,8388607
67.4991,8388607
67.5032,6190465
67.5073,-4375219
67.5114,-8388608
67.5155,8388607
67.5197,8388607
67.5237,6488179
67.5278,-3863543
67.5319,-8388608
67.5359,8388607
67.5401,8388607
67.5442,6691567
67.5483,-3478581
67.5525,-8388608
67.5565,8388607
67.5606,8388607
67.5607,7050418
67.5647,-2999187
67.5689,-8388608
67.5729,8388607
67.5770,8388607
67.5811,7301610
67.5852,-2306275
67.5893,-8388608
67.5934,8388607
67.5975,8388607
67.6016,7612543
67.6057,-1786554
67.6098,-8388608
67.6139,8388607
67.6180,8388607
67.6221,7898667
67.6261,-1136530
67.6303,-8388608
67.6344,6662723
67.6385,8388607
67.6426,4351445
67.6467,-8388608
67.6507,-8388608
67.6549,-8388608
67.6589,-1507664
67.6630,-8388608
67.6672,-5637118
67.6714,-8388608
67.6754,-8388608
67.6797,-8388608
67.6834,-8388608
67.6876,-4902931
67.6877,-8388608
67.6916,-8388608
67.6957,-8388608
67.6998,-8388608
67.7039,-5122506
67.7080,-8388608
67.7121,-8388608
67.7162,-8388608
67.7203,-8388608
67.7244,-5122435
67.7285,-8228557
67.7326,-8388608
67.7367,-8388608
67.7408,-8388608
67.7449,-5586346
67.7490,-7978975
67.7530,-8388608
67.7572,-8388608
67.7613,-8388608
67.7653,-6008846
67.7695,-7171724
67.7735,-8388608
67.7777,-8388608
67.7817,-8388608
67.7858,-6327078
67.7899,-6698098
67.7940,-8388608
67.7982,-8388608
67.8024,-8388608
67.8064,-6778378
67.8108,-6303453
67.8145,-8388608
67.8146,-8388608
67.8187,-8388608
67.8228,-7158341
67.8269,-5771316
67.8309,-8388608
67.8351,-8388608
67.8392,-8388608
67.8433,-7564161
67.8473,-5095075
67.8514,-8388608
67.8555,-8388608
67.8596,-8388608
67.8637,-8013183
67.8678,-4623512
67.8718,-8388608
67.8760,-8388608
67.8801,-8388608
67.8842,-7981671
67.8883,-3901148
67.8924,-8388608
67.8965,-8388608
67.9006,-8388608
67.9047,-8388608
67.9090,-3670109
67.9129,-8388608
67.9170,-8388608
67.9211,-8388608
67.9254,-8388608
67.9294,-3133139
67.9336,-8388608
67.9376,-8388608
67.9417,-8388608
67.9418,-8388608
67.9456,-2194041
67.9497,-8388608
67.9539,-8388608
67.9579,-8388608
67.9620,-8388608
67.9661,-1686999
67.9702,-8388608
67.9743,-8388608
67.9784,-8388608
67.9824,-8388608
67.9866,-1593790
67.9907,-8388608
67.9948,-8388608
67.9989,-8388608
68.0030,-8388608
68.0070,-1297730
68.0112,-8388608
68.0153,-8388608
68.0194,-8388608
68.0234,-8388608
68.0276,-1036828
68.0318,-8388608
68.0358,-8388608
68.0398,-8388608
68.0440,-8388608
68.0480,-790200
68.0522,-8388608
68.0562,-8388608
68.0603,-8388608
68.0643,-8388608
68.0685,-404843
68.0686,-8388608
68.0725,-8388608
68.0767,-8388608
68.0807,-8388608
68.0850,-220329
68.0890,-8388608
68.0930,-8388608
68.0971,-8388608
68.1013,-8388608
68.1054,324004
68.1095,-7877916
68.1136,-8388608
68.1177,-8388608
68.1218,-8388608
68.1259,486130
68.1300,-7334460
68.1341,-8388608
68.1382,-8388608
68.1423,-8388608
68.1463,332366
68.1505,-6821969
68.1546,-8388608
68.1587,-8388608
68.1626,-8388608
68.1668,795739
68.1709,-5374004
68.1750,-8388608
68.1793,-8388608
68.1832,-8388608
68.1875,-256889
68.1916,-5829689
68.1956,-8388608
68.1957,-8388608
68.1996,-8388608
68.2038,-370970
68.2078,-5173392
68.2118,-8388608
68.2159,-8388608
68.2201,-8388608
68.2242,-671102
68.2283,-4413429
68.2324,-8388608
68.2364,-8388608
68.2405,-8388608
68.2446,-931253
68.2488,-3835571
68.2528,-8388608
68.2568,-8388608
68.2611,-8388608
68.2651,-1584047
68.2693,-3262464
68.2732,-8388608
68.2774,-8388608
68.2815,-8388608
68.2856,-1777842
68.2896,-2526192
68.2938,-8388608
68.2979,-8388608
68.3020,-8388608
68.3061,-2259716
68.3103,-1899697
68.3144,-8388608
68.3184,-8388608
68.3226,-8388608
68.3267,-2702785
68.3268,-1234431
68.3307,-8388608
68.3348,-8388608
68.3389,-8388608
68.3430,-2947087
68.3470,-511488
68.3512,-8388608
68.3552,-8388608
68.3593,-8388608
68.3634,-3858590
68.3675,87231
68.3716,-8388608
68.3757,-8388608
68.3798,-8388608
68.3839,-3994825
68.3880,825379
68.3921,-8283853
68.3962,-8374258
68.4003,-8343248
68.4044,-4500089
68.4085,1377908
68.4125,-8098119
68.4167,-8277542
68.4207,-8246788
68.4249,-4740273
68.4290,1739692
68.4331,-7886674
68.4373,-8183405
68.4414,-8151526
68.4455,-5309434
68.4495,2155625
68.4536,-7646579
68.4537,-8089823
68.4576,-8058196
68.4617,-5321411
68.4658,2550479
68.4700,-7328620
68.4740,-7999928
68.4781,-7967502
68.4822,-5736818
68.4863,2855253
68.4904,-6997292
68.4945,-7911544
68.4986,-7877893
68.5028,-5938748
68.5069,3123136
68.5109,-6651541
68.5150,-7825141
68.5191,-7790538
68.5231,-6032305
68.5272,3407066
68.5314,-6255291
68.5355,-7740824
68.5395,-7705539
68.5437,-6613830
68.5477,3349799
68.5519,-5888127
68.5560,-7656581
68.5600,-7620474
68.5642,-6656874
68.5682,3452907
68.5725,-5545736
68.5765,-7574416
68.5806,-7535412
68.5807,-6822116
68.5846,3600988
68.5887,-5043031
68.5928,-7493786
68.5969,-7455980
68.6010,-6723246
68.6051,3819782
68.6092,-4549681
68.6133,-7418302
68.6174,-7378056
68.6215,-6839339
68.6256,3802955
68.6297,-4145572
68.6338,-7342506
68.6379,-7302476
68.6420,-6859628
68.6460,3927005
68.6501,-3294182
68.6542,-7270696
68.6584,-7229122
68.6624,-6992368
68.6666,3795227
68.6706,-2518495
68.6748,-7201037
68.6788,-7159358
68.6829,-7042711
68.6870,3801308
68.6913,-1787450
68.6953,-7133590
68.6994,-7091562
68.7035,-7003902
68.7075,3491147
68.7077,-1269093
68.7116,-7068436
68.7158,-7025000
68.7197,-6982279
68.7238,3133511
68.7279,-760735
68.7321,-7002476
68.7362,-6960090
68.7402,-6936235
68.7443,2643453
68.7483,31053
68.7526,-6937414
68.7565,-6898790
68.7607,-6873487
68.7648,4073330
68.7691,2683596
68.7729,-6478993
68.7771,-6856517
68.7812,-6828194
68.7853,3562570
68.7893,2567373
68.7935,-6524339
68.7976,-6808109
68.8017,-6781232
68.8057,2518054
68.8099,2463663
68.8140,-6604130
68.8182,-6756620
68.8223,-6729862
68.8264,1332839
68.8305,2386644
68.8345,-6545640
68.8346,-6700901
68.8386,-6673395
68.8426,842148
68.8467,2757736
68.8508,-6433476
68.8549,-6644752
68.8589,-6617803
68.8632,489229
68.8671,3804303
68.8712,-6125881
68.8754,-6592365
68.8794,-6565847
68.8835,-267777
68.8877,4350226
68.8917,-5870448
68.8959,-6540236
68.9000,-6514610
68.9041,-1008560
68.9082,4757023
68.9123,-5731734
68.9164,-6487851
68.9205,-6462701
68.9246,-1340672
68.9287,5217497
68.9328,-5478491
68.9369,-6437946
68.9410,-6412681
68.9452,-1766411
68.9491,5647646
68.9533,-5196286
68.9574,-6388537
68.9615,-6364495
68.9616,-2562660
68.9656,5885811
68.9696,-4927610
68.9737,-6338955
68.9778,-6314944
68.9819,-2969082
68.9860,6151442
68.9901,-4723172
68.9942,-6290372
68.9983,-6265156
69.0024,-3126132
69.0064,6492067
69.0106,-4195832
69.0147,-6244736
69.0188,-6219443
69.0228,-3438519
69.0270,6808519
69.0310,-3675589
69.0352,-6201551
69.0392,-6175173
69.0433,-3829673
69.0474,6758739
69.0515,-3340486
69.0557,-6158459
69.0597,-6131250
69.0638,-4162734
69.0679,6937708
69.0722,-2865495
69.0763,-6115923
69.0804,-6086902
69.0843,-4460078
69.0885,7092735
69.0886,-2327966
69.0925,-6075780
69.0966,-6044125
69.1007,-4838756
69.1048,7002681
69.1089,-1870792
69.1130,-6034963
69.1171,-6002996
69.1212,-4864648
69.1252,7084529
69.1294,-1339104
69.1335,-5996598
69.1375,-5964340
69.1416,-5184757
69.1457,6902302
69.1499,-888630
69.1539,-5958066
69.1581,-5923809
69.1621,-5404164
69.1662,6654881
69.1703,-308129
69.1744,-5919928
69.1785,-5886554
69.1826,-5651200
69.1867,6244344
69.1908,163007
69.1949,-5880733
69.1992,-5848347
69.2032,-5734283
69.2072,5839481
69.2113,720418
69.2155,-5839543
69.2156,-5809162
69.2194,-5704513
69.2236,5502911
69.2278,1268252
69.2318,-5796770
69.2359,-5773612
69.2399,-5745537
69.2440,4980356
69.2481,1815242
69.2522,-5742511
69.2563,-5735749
69.2604,-5711642
69.2645,4593933
69.2686,2382298
69.2726,-5681783
69.2768,-5702761
69.2809,-5677940
69.2850,4042165
69.2890,2958918
69.2932,-5570872
69.2973,-5667839
69.3014,-5642798
69.3055,3581420
69.3096,3594121
69.3137,-5438133
69.3178,-5635039
69.3219,-5610549
69.3260,3024994
69.3301,4143298
69.3343,-5304991
69.3387,-5602316
69.3424,-5578552
69.3425,2506409
69.3464,4744409
69.3506,-5114392
69.3546,-5570926
69.3587,-5547884
69.3628,1840430
69.3669,5382087
69.3710,-4932514
69.3751,-5540030
69.3792,-5517222
69.3833,1452639
69.3874,5898810
69.3915,-4709591
69.3955,-5509812
69.3997,-5487520
69.4037,711984
69.4078,6455359
69.4119,-4471981
69.4161,-5481330
69.4201,-5458580
69.4242,247116
69.4283,6923605
69.4324,-4189615
69.4365,-5452663
69.4407,-5431107
69.4447,303496
69.4488,7466044
69.4530,-3882278
69.4572,-5429120
69.4613,-5405825
69.4653,-1028168
69.4694,7646550
69.4736,-3595777
69.4738,-5403028
69.4775,-5379418
69.4816,-922035
69.4857,8068982
69.4898,-3141473
69.4939,-5379721
69.4980,-5354675
69.5021,-1591026
69.5062,8195819
69.5103,-2797405
69.5143,-5355932
69.5185,-5330178
69.5225,-1904858
69.5266,8373640
69.5308,-2398497
69.5349,-5334436
69.5389,-5307346
69.5431,-2671549
69.5471,8388607
69.5512,-1953813
69.5554,-5311353
69.5594,-5283825
69.5635,-2567199
69.5677,8388607
69.5717,-1285627
69.5758,-5291918
69.5798,-5263882
69.5842,-3163305
69.5881,8388607
69.5924,-1065538
69.5963,-5270704
69.6004,-5240019
69.6005,-3544367
69.6045,8388607
69.6086,-565712
69.6127,-5249248
69.6168,-5222465
69.6209,-4172980
69.6250,8106037
69.6291,-110854
69.6331,-5226046
69.6373,-5200363
69.6413,-4301893
69.6454,8092150
69.6495,472957
69.6536,-5203976
69.6577,-5177784
69.6618,-4455995
69.6658,7824172
69.6700,887728
69.6741,-5182269
69.6782,-5156536
69.6823,-4686997
69.6864,7458891
69.6905,1448254
69.6946,-5157217
69.6987,-5134666
69.7028,-4861451
69.7069,6993003
69.7110,1899683
69.7152,-5128281
69.7193,-4953505
69.7234,-5095931
69.7274,3823809
69.7275,1585497
69.7314,-5087982
69.7356,-2869845
69.7397,-5063393
69.7437,2808415
69.7478,1277351
69.7519,-5036616
69.7560,950068
69.7601,-5033886
69.7642,-728663
69.7683,-386938
69.7723,-5005528
69.7765,1322132
69.7806,-4956589
69.7849,-858125
69.7887,-232789
69.7929,-4940612
69.7970,-691013
69.8011,-4930613
69.8052,455472
69.8093,730988
69.8134,-4820849
69.8175,-1586344
69.8216,-4859591
69.8257,684860
69.8298,1448927
69.8338,-4670464
69.8381,-2835461
69.8422,-4763715
69.8463,337018
69.8502,1727643
69.8544,-4539410
69.8545,-3845363
69.8586,-4638444
69.8625,-19666
69.8666,2600711
69.8708,-4335720
69.8748,-4561331
69.8789,-4437883
69.8829,-570210
69.8871,2999377
69.8912,-4185973
69.8952,-4812608
69.8994,-4225130
69.9035,-1258054
69.9076,3509053
69.9117,-3978680
69.9158,-4795217
69.9199,-3785917
69.9240,-1849516
69.9281,3855539
69.9322,-3723386
69.9363,-4766586
69.9404,-2984360
69.9444,-2211967
69.9486,3571061
69.9528,-3651715
69.9567,-4736890
69.9608,-2066867
69.9651,-2687908
69.9690,3826618
69.9733,-3489697
69.9773,-4708539
69.9814,-1575754
69.9815,-3099099
69.9854,4097850
69.9895,-3176838
69.9936,-4679798
69.9977,-1329955
70.0018,-3494088
70.0059,4155030
70.0100,-2934878
70.0141,-4650579
70.0182,-1175340
70.0222,-3759040
70.0263,4854303
70.0305,-2599703
70.0346,-4623071
70.0386,-1243866
70.0427,-3985668
70.0468,4811930
70.0510,-2398854
70.0551,-4595702
70.0591,-1653414
70.0632,-4196177
70.0673,5041628
70.0714,-2024796
70.0755,-4567127
70.0796,-1608651
70.0837,-4349397
70.0877,4749283
70.0920,-1727394
70.0961,-4538910
70.1003,-1606828
70.1044,-4468724
70.1083,4533574
70.1084,-1368262
70.1124,-4510597
70.1165,-1680063
70.1205,-4479873
70.1247,4256850
70.1288,-1029281
70.1329,-4482479
70.1369,-1741151
70.1410,-4454968
70.1451,3884965
70.1492,-809304
70.1533,-4452183
70.1574,-1259424
70.1615,-4423305
70.1656,3388042
70.1697,-571106
70.1738,-4422063
70.1779,-846576
70.1820,-4391435
70.1861,2641374
70.1902,-619744
70.1943,-4389733
70.1984,-552068
70.2025,-4357209
70.2066,1800032
70.2107,-701324
70.2148,-4354332
70.2190,-917244
70.2231,-4318256
70.2271,1171690
70.2313,-416886
70.2354,-4317272
70.2355,-2049850
70.2394,-4277629
70.2434,148110
70.2475,268724
70.2516,-4271872
70.2557,-2850199
70.2598,-4240670
70.2639,33210
70.2680,31711
70.2720,4463961
70.2762,972929
70.2803,8388607
70.2844,-2884787
70.2885,-3994285
70.2926,6196873
70.2967,-15107
70.3008,8388607
70.3049,2464543
70.3090,-6784501
70.3131,3500503
70.3171,-6157810
70.3212,8388607
70.3253,2294843
70.3294,-8388608
70.3335,661666
70.3377,-7442248
70.3417,7353999
70.3458,6648559
70.3502,-8388608
70.3541,-68320
70.3582,-8388608
70.3622,4765391
70.3665,8388607
70.3666,-6927468
70.3704,-823649
70.3744,-8388608
70.3785,2279739
70.3826,8388607
70.3867,-1199379
70.3908,-5346583
70.3949,-8388608
70.3990,-897189
70.4032,8388607
70.4072,8388607
70.4112,214897
70.4154,-8388608
70.4195,-8388608
70.4237,8388607
70.4278,8388607
70.4317,985435
70.4360,-8388608
70.4400,-8388608
70.4441,8388607
70.4482,8388607
70.4523,2176783
70.4564,-8388608
70.4605,-8388608
70.4645,8388607
70.4687,8388607
70.4728,3309299
70.4769,-8388608
70.4811,-8388608
70.4853,8388607
70.4893,8388607
70.4934,4544771
70.4936,-8388608
70.4975,-8388608
70.5014,8388607
70.5055,8388607
70.5096,5839075
70.5137,-8388608
70.5178,-8388608
70.5219,8388607
70.5260,8388607
70.5302,6942175
70.5343,-8388608
70.5383,-8388608
70.5424,7383415
70.5465,8388607
70.5505,8045275
70.5547,-8388608
70.5588,-8388608
70.5629,6044987
70.5670,8388607
70.5711,8388607
70.5752,-8388608
70.5793,-8388608
70.5834,4971303
70.5874,8388607
70.5918,8388607
70.5956,-8388608
70.5998,-8388608
70.6039,3500503
70.6080,8388607
70.6121,8388607
70.6163,-8388608
70.6203,-8388608
70.6204,2456235
70.6244,8388607
70.6284,8388607
70.6326,-8388608
70.6367,-8388608
70.6407,1117807
70.6448,8388607
70.6489,8388607
70.6530,-8388608
70.6572,-8388608
70.6612,68535
70.6652,8388607
70.6694,8388607
70.6735,-8388608
70.6776,-8388608
70.6817,-323577
70.6858,8388607
70.6899,8388607
70.6940,-8388608
70.6981,-8388608
70.7022,-1573757
70.7063,8388607
70.7104,8388607
70.7145,-8388608
70.7188,-8388608
70.7226,-2897477
70.7266,8388607
70.7308,8388607
70.7350,-8388608
70.7392,-8388608
70.7433,5559623
70.7473,8388607
70.7474,3670217
70.7514,-8388608
70.7554,-8388608
70.7597,6250899
70.7636,8388607
70.7678,-2647440
70.7717,-4852638
70.7759,-8388608
70.7800,5824367
70.7841,8388607
70.7881,-8388608
70.7923,732539
70.7964,-8388608
70.8005,6824511
70.8047,8388607
70.8088,-8388608
70.8127,1205570
70.8168,-8133524
70.8209,8265895
70.8250,-8388608
70.8291,-8388608
70.8332,-8388608
70.8372,-8388608
70.8413,-8388608
70.8455,-8388608
70.8495,-8388608
70.8536,-8388608
70.8580,-8388608
70.8620,-8388608
70.8660,-8388608
70.8702,-8388608
70.8743,-8388608
70.8744,-8388608
70.8783,-8388608
70.8824,-8388608
70.8864,-8388608
70.8905,-8388608
70.8947,-8388608
70.8987,-8388608
70.9029,-8388608
70.9070,-8388608
70.9111,-8388608
70.9152,-8388608
70.9193,-8388608
70.9234,-8388608
70.9274,-8388608
70.9316,-8388608
70.9357,-8388608
70.9397,-8388608
70.9438,-8388608
70.9479,-8388608
70.9520,-8388608
70.9562,-8388608
70.9603,-8388608
70.9643,-8388608
70.9684,-7872784
70.9725,-8388608
70.9766,-8388608
70.9807,-8388608
70.9849,-8388608
70.9891,-7285850
70.9931,-8388608
70.9971,-8388608
71.0012,-8388608
71.0013,-8388608
71.0052,-6672973
71.0094,-8388608
71.0134,-8388608
71.0177,-8388608
71.0216,-8388608
71.0258,-6618006
71.0299,-8388608
71.0339,-8388608
71.0382,-8388608
71.0421,-8388608
71.0462,-5760891
71.0503,-8388608
71.0544,-8388608
71.0585,-8388608
71.0625,-8388608
71.0667,-5638293
71.0707,-8388608
71.0748,-8388608
71.0790,-8388608
71.0830,-8388608
71.0871,-5705710
71.0912,-8388608
71.0954,-8388608
71.0994,-8388608
71.1035,-8388608
71.1077,-6607826
71.1120,-8388608
71.1160,-8388608
71.1202,-8388608
71.1242,-8388608
71.1284,-7091837
71.1285,-8388608
71.1323,-8388608
71.1363,-8388608
71.1404,-8388608
71.1445,-7016623
71.1486,-8388608
71.1527,-8388608
71.1567,-8388608
71.1608,-8388608
71.1650,-7218120
71.1693,-8388608
71.1732,-8388608
71.1773,-8388608
71.1813,-8388608
71.1855,-6787963
71.1909,-8388608
71.1943,-8388608
71.1977,-8388608
71.2018,-8388608
71.2060,-6644407
71.2109,-8388608
71.2144,-8388608
71.2186,-8388608
71.2224,-8388608
71.2278,-6863165
71.2312,-8388608
71.2356,-8388608
71.2389,-8388608
71.2431,-8388608
71.2474,-5973529
71.2516,-8388608
71.2552,-8388608
71.2555,-8388608
71.2593,-8388608
71.2645,-5807890
71.2681,-8209097
71.2723,-8388608
71.2759,-8388608
71.2809,-8388608
71.2846,-5904080
71.2881,-7653627
71.2919,-8388608
71.2967,-8388608
71.3002,-8388608
71.3042,-5945123
71.3084,-7138045
71.3128,-8388608
71.3165,-8388608
71.3206,-8388608
71.3247,-6564265
71.3295,-6609233
71.3329,-8388608
71.3370,-8388608
71.3411,-8388608
71.3455,-6751534
71.3493,-6292091
71.3534,-8388608
71.3592,-8388608
71.3616,-8388608
71.3657,-7026847
71.3699,-5637993
71.3741,-8388608
71.3780,-8388608
71.3820,-8388608
71.3861,-7108945
71.3863,-4819502
71.3903,-8388608
71.3949,-8388608
71.3984,-8388608
71.4025,-7057236
71.4068,-4136217
71.4109,-8388608
71.4150,-8388608
71.4189,-8303700
71.4232,-6978316
71.4279,-3537730
71.4322,-8388608
71.4363,-8388608
71.4394,-7225185
71.4455,-6820387
71.4479,-2737399
71.4518,-8388608
71.4559,-8388608
71.4611,-5813320
71.4640,-7428749
71.4680,-2196764
71.4722,-8388608
71.4781,-8388608
71.4804,-4874958
71.4848,-7247105
71.4886,-1828105
71.4955,-8388608
71.4972,-8388608
71.5010,-4489766
71.5050,-7378153
71.5097,-1394960
71.5131,-8314086
71.5134,-8388608
71.5172,-3963137
71.5213,-7772535
71.5264,-966239
71.5303,-7923598
71.5341,-8388608
71.5377,-3804686
71.5430,-8388608
71.5459,-1006673
71.5503,-7626415
71.5542,-8388608
71.5582,-3474591
71.5630,-8388608
71.5665,-972268
71.5705,-7236169
71.5751,-8388608
71.5799,-3297221
71.5834,-8388608
71.5868,-770257
71.5912,-6817954
71.5968,-8388608
71.5998,-3043944
71.6035,-8388608
71.6074,-1875998
71.6121,-6683975
71.6160,-8388608
71.6200,-2613231
71.6239,-8388608
71.6280,-1388219
71.6319,-6214843
71.6360,-8388608
71.6401,-2645592
71.6402,-8388608
71.6456,-2136725
71.6489,-6025991
71.6525,-8388608
71.6567,-2779296
71.6641,-8388608
71.6655,-494738
71.6698,-5114294
71.6736,-8388608
71.6809,-2833742
71.6820,-8388608
71.6857,285304
71.6896,-4484917
71.6954,-8388608
71.6982,-3473006
71.7021,-8331576
71.7057,673299
71.7125,-3889087
71.7139,-8306116
71.7185,-3599429
71.7220,-8236046
71.7269,240764
71.7310,-3532457
71.7343,-8212943
71.7384,-3886211
71.7454,-8140904
71.7470,-212647
71.7507,-3036285
71.7548,-8119698
71.7594,-4458777
71.7631,-8042684
71.7631,-521612
71.7671,-2719735
71.7711,-8027655
71.7772,-5112019
71.7799,-7943493
71.7834,-1113925
71.7875,-2319477
71.7922,-7936359
71.7957,-5880592
71.7998,-7833349
71.8039,-1893754
71.8088,-2232980
71.8121,-7843913
71.8171,-6541973
71.8203,-7699015
71.8255,-2630570
71.8294,-2049947
71.8326,-7749438
71.8366,-6993619
71.8422,-7506767
71.8450,-2719414
71.8490,-1611834
71.8530,-7652256
71.8594,-7392201
71.8617,-7171301
71.8653,-2951141
71.8694,-1537873
71.8753,-7544450
71.8777,-7498282
71.8818,-6646725
71.8859,-3712453
71.8900,-1333597
71.8942,-7413446
71.8943,-7447840
71.8981,-5733528
71.9022,-4054569
71.9064,-1206995
71.9108,-7261524
71.9146,-7363961
71.9186,-4496099
71.9227,-4672620
71.9270,-787242
71.9309,-7069022
71.9349,-7283214
71.9391,-3634077
71.9441,-5059237
71.9477,-596050
71.9514,-6908223
71.9555,-7201398
71.9601,-2568833
71.9638,-4847473
71.9677,-411470
71.9720,-6665388
71.9770,-7125071
71.9804,-2057647
71.9841,-5695680
71.9882,541574
71.9929,-6248831
71.9968,-7049938
72.0009,-1526611
72.0046,-5952368
72.0093,200964
72.0129,-6170694
72.0169,-6973861
72.0210,-1681192
72.0211,-6221314
72.0267,322974
72.0294,-5920437
72.0333,-6898680
72.0373,-1486870
72.0418,-6166619
72.0462,735934
72.0496,-5640238
72.0538,-6825430
72.0605,-1536936
72.0619,-6416310
72.0660,889276
72.0701,-5234782
72.0755,-6755363
72.0787,-1615844
72.0825,-6555569
72.0865,793812
72.0916,-4988574
72.0953,-6684393
72.0993,-1521682
72.1029,-6484334
72.1085,1004453
72.1115,-4600160
72.1156,-6615410
72.1193,-1556312
72.1255,-6499676
72.1274,589212
72.1318,-4371152
72.1357,-6546512
72.1399,-1253567
72.1442,-6506115
72.1480,652881
72.1481,-3969221
72.1520,-6478422
72.1561,-916502
72.1610,-6433782
72.1647,912154
72.1686,-3519608
72.1726,-6413014
72.1779,-842191
72.1813,-6366864
72.1848,689862
72.1891,-3109528
72.1933,-6347752
72.1972,-487060
72.2012,-6297689
72.2053,559223
72.2098,-2852161
72.2139,-6282583
72.2177,-867627
72.2217,-6228834
72.2263,513185
72.2305,-2483207
72.2340,-6217916
72.2381,-1052312
72.2424,-6160296
72.2467,576936
72.2503,-1924078
72.2545,-6155864
72.2592,-1923665
72.2628,-6091260
72.2668,508679
72.2710,-1539530
72.2766,-6095385
72.2790,-2687059
72.2793,-6019327
72.2831,12903
72.2872,-1391720
72.2917,-6035494
72.2957,-3601715
72.2995,-5929873
72.3036,-640994
72.3081,-1474388
72.3123,-5973841
72.3159,-4299139
72.3200,-5778593
72.3254,-1834738
72.3292,-1722437
72.3323,-5910703
72.3364,-4899066
72.3425,-5516803
72.3450,-2351209
72.3486,-1610312
72.3528,-5846783
72.3583,-5373881
72.3614,-5009363
72.3650,-3315852
72.3691,-1863837
72.3765,-5776497
72.3775,-5602380
72.3814,-3998882
72.3856,-3621982
72.3916,-1869831
72.3939,-5681833
72.3980,-5675778
72.4022,-3064792
72.4064,-3961241
72.4065,-2022378
72.4107,-5591219
72.4142,-5627634
72.4183,-2021201
72.4225,-4384617
72.4269,-1819183
72.4313,-5474792
72.4346,-5568253
72.4389,-1108034
72.4434,-4660449
72.4472,-1645214
72.4513,-5386264
72.4553,-5509203
72.4598,-224425
72.4637,-4878013
72.4675,-1304253
72.4716,-5249842
72.4760,-5452403
72.4800,550347
72.4838,-5034875
72.4880,-1156919
72.4950,-5059929
72.4976,-5395160
72.5007,1065927
72.5045,-4750795
72.5116,-479150
72.5141,-4782068
72.5169,-5343952
72.5209,1234873
72.5255,-5266682
72.5292,-458741
72.5332,-4642167
72.5333,-5289112
72.5370,1102091
72.5420,-5240653
72.5455,-290148
72.5500,-4420668
72.5535,-5237182
72.5586,906109
72.5619,-5222648
72.5660,-259888
72.5699,-4181380
72.5742,-5185887
72.5786,838880
72.5830,-5085579
72.5862,358516
72.5917,-3740450
72.5953,-5139320
72.5987,1145668
72.6026,-5119183
72.6082,-303397
72.6118,-3604797
72.6152,-5089314
72.6190,1113744
72.6247,-5065889
72.6278,-467696
72.6313,-3363291
72.6353,-5040819
72.6396,1104763
72.6436,-5014565
72.6479,-506850
72.6520,-3032773
72.6560,-4991849
72.6600,1331676
72.6601,-4963402
72.6640,-376313
72.6681,-2651260
72.6723,-4945532
72.6764,1580378
72.6813,-4913894
72.6846,-411490
72.6888,-2332749
72.6932,-4900307
72.6974,1490329
72.7009,-4865239
72.7051,-748645
72.7099,-2083795
72.7136,-4854814
72.7173,1280227
72.7215,-4815814
72.7262,-371934
72.7297,-1638368
72.7336,-4811429
72.7377,510836
72.7424,-4767187
72.7462,-442628
72.7500,-1450271
72.7541,-4767745
72.7590,-290139
72.7623,-4713159
72.7664,-523903
72.7706,-1058299
72.7752,-4725974
72.7789,-989891
72.7831,-4649772
72.7868,-829462
72.7869,-936580
72.7923,-4684818
72.7957,-1881619
72.7993,-4555019
72.8033,-1139979
72.8080,-1067299
72.8122,-4643565
72.8157,-2700090
72.8196,-4368868
72.8256,-1535170
72.8285,-1443388
72.8321,-4601438
72.8360,-3176541
72.8413,-3940253
72.8447,-1969237
72.8484,-1845245
72.8524,-4562089
72.8579,-3849789
72.8610,-3037894
72.8650,-2108138
72.8688,-1831023
72.8746,-4521361
72.8778,-4277533
72.8811,-2111215
72.8852,-2528128
72.8895,-1812931
72.8939,-4473125
72.8976,-4425322
72.9018,-1310369
72.9060,-2881610
72.9100,-1756608
72.9141,-4413793
72.9142,-4415014
72.9180,-396176
72.9222,-3110926
72.9272,-1580110
72.9307,-4321676
72.9344,-4380138
72.9385,470074
72.9431,-3453878
72.9473,-1546820
72.9508,-4218624
72.9551,-4346520
72.9593,1341646
72.9635,-3633044
72.9675,-1405307
72.9718,-4084017
72.9755,-4312561
72.9798,2219227
72.9846,-3876418
72.9878,-1259375
72.9921,-3950495
72.9959,-4281302
73.0000,2795328
73.0047,-3917769
73.0082,-880652
73.0126,-3751160
73.0167,-4250992
73.0217,3014408
73.0249,-4152767
73.0287,-959334
73.0328,-3626971
73.0368,-4220554
73.0415,2914025
73.0451,-4166994
73.0453,-706345
73.0491,-3422046
73.0532,-4189946
73.0585,3108195
73.0617,-4189047
73.0654,-460010
73.0696,-3220533
73.0746,-4162204
73.0786,3194608
73.0824,-4160132
73.0859,-518079
73.0920,-3036973
73.0948,-4133538
73.0986,3144696
73.1023,-4127997
73.1065,-585469
73.1106,-2799780
73.1148,-4105144
73.1192,3103562
73.1236,-4097018
73.1272,-469612
73.1317,-2532037
73.1354,-4076662
73.1392,3145113
73.1441,-4065509
73.1485,-510079
73.1516,-2332096
73.1556,-4049090
73.1599,3012464
73.1639,-4034788
73.1679,-198130
73.1722,-1983338
73.1723,-4023458
73.1770,3169407
73.1806,-4005937
73.1843,-63491
73.1885,-1680643
73.1930,-3998472
73.1965,2903194
73.2011,-3976803
73.2050,-249850
73.2096,-1496140
73.2133,-3973245
73.2169,2326020
73.2212,-3944443
73.2257,-50854
73.2293,-1209837
73.2333,-3947876
73.2375,1616552
73.2423,-3909391
73.2457,-98781
73.2497,-1075734
73.2538,-3922586
73.2580,850301
73.2629,-3865684
73.2660,45815
73.2702,-702075
73.2752,-3900722
73.2785,81805
73.2826,-3803788
73.2869,-341191
73.2920,-691612
73.2955,-3877515
73.2957,-846750
73.2989,-3692122
73.3030,-371301
73.3092,-564724
73.3123,-3853747
73.3153,-1600586
73.3194,-3498961
73.3235,-826589
73.3278,-618299
73.3317,-3829055
73.3358,-2486319
73.3418,-3066300
73.3448,-898771
73.3481,-485924
73.3521,-3802047
73.3567,-3133091
73.3611,-2216044
73.3644,-1172762
73.3685,-563473
73.3727,-3770960
73.3770,-3561407
73.3814,-1401347
73.3849,-1646592
73.3890,-502340
73.3934,-3717513
73.3981,-3715806
73.4013,-595729
73.4054,-1833737
73.4096,-457668
73.4138,-3639420
73.4178,-3709977
73.4219,181920
73.4260,-2180397
73.4266,121924
73.4301,-3521940
73.4342,-3690847
73.4382,891785
73.4428,-2378362
73.4470,358491
73.4506,-3369893
73.4546,-3673883
73.4594,1701519
73.4628,-2716583
73.4670,1031138
73.4709,-3156542
73.4752,-3658011
73.4797,2336323
73.4832,-2885035
73.4873,1635683
73.4924,-2917768
73.4963,-3642537
73.4996,2611333
73.5037,-3160233
73.5079,1813301
73.5132,-2747729
73.5161,-3626183
73.5201,2753506
73.5250,-3352214
73.5289,2230326
73.5326,-2516288
73.5364,-3611461
73.5411,2306493
73.5448,-3509681
73.5488,2543460
73.5529,-2274937
73.5530,-3596593
73.5582,2255465
73.5613,-3547683
73.5651,3120137
73.5692,-1911037
73.5747,-3584372
73.5776,2123308
73.5815,-3577542
73.5856,3053918
73.5915,-1663033
73.5949,-3571320
73.5981,1811676
73.6021,-3560116
73.6077,3533521
73.6113,-1169333
73.6144,-3558547
73.6184,1722353
73.6253,-3543989
73.6271,3346469
73.6306,-889005
73.6347,-3545563
73.6389,1782159
73.6430,-3508399
73.6476,4838603
73.6513,-101551
73.6554,-3542084
73.6600,1729540
73.6635,-3519632
73.6676,3636632
73.6718,28740
73.6764,-3530629
73.6799,1637466
73.6800,-3503028
73.6839,5153951
73.6881,912196
73.6931,-3526503
73.6962,1714902
73.7003,-3495260
73.7044,5817131
73.7085,1429324
73.7126,-3526024
73.7167,1207135
73.7209,-3491108
73.7253,5393285
73.7295,1780007
73.7330,-3523109
73.7371,714002
73.7416,-3483193
73.7453,5511415
73.7494,2226066
73.7535,-3520796
73.7580,23824
73.7622,-3475070
73.7658,5439450
73.7699,2804694
73.7763,-3519019
73.7783,-975555
73.7822,-3463964
73.7863,5281431
73.7904,3388698
73.7948,-3512289
73.7987,-1665831
73.8027,-3442302
73.8076,4642849
73.8086,3537905
73.8113,-3501156
73.8150,-2571780
73.8190,-3395002
73.8252,3815487
73.8278,3962883
73.8314,-3457000
73.8355,-3037705
73.8417,-3262470
73.8438,3280211
73.8481,4276295
73.8518,-3385605
73.8579,-3354322
73.8602,-3037974
73.8646,2533341
73.8682,4536168
73.8745,-3292599
73.8770,-3492860
73.8807,-2402111
73.8846,2210996
73.8890,4920396
73.8932,-3149365
73.8972,-3497847
73.9010,-1507418
73.9052,2046885
73.9098,5450508
73.9135,-2919768
73.9175,-3504844
73.9217,-740700
73.9260,1354265
73.9297,5649058
73.9338,-2701868
73.9339,-3511025
73.9379,3595
73.9422,556577
73.9461,6116522
73.9501,-2509134
73.9543,-3517180
73.9590,737344
73.9631,-91008
73.9665,6167548
73.9707,-2316087
73.9749,-3522474
73.9791,1331581
73.9829,-603130
73.9871,6864629
73.9915,-2003708
73.9955,-3529294
73.9993,1523536
74.0034,-1101499
74.0078,6541199
74.0122,-1817330
74.0164,-3534503
74.0197,1587242
74.0251,-1439443
74.0280,6883213
74.0321,-1518936
74.0370,-3540287
74.0413,1610745
74.0443,-3150633
74.0493,5848100
74.0526,-1492116
74.0571,-3535186
74.0607,1219030
74.0608,-3296454
74.0648,5884662
74.0689,-1153139
74.0747,-3531433
74.0772,1121047
74.0813,-2788299
74.0855,6963314
74.0912,-457928
74.0937,-3536516
74.0982,1466652
74.1019,-2959487
74.1072,7042364
74.1098,-26713
74.1146,-3543314
74.1184,1455463
74.1237,-3170025
74.1265,6801585
74.1306,313847
74.1345,-3549087
74.1386,1507008
74.1435,-3423772
74.1478,6914593
74.1509,787914
74.1550,-3554679
74.1591,1661543
74.1634,-3516556
74.1677,6673566
74.1716,1192350
74.1755,-3558901
74.1795,1923215
74.1838,-3530675
74.1879,6880849
74.1918,1710541
74.1924,-3565621
74.1959,1968988
74.2001,-3536750
74.2041,6702565
74.2083,2065229
74.2127,-3571170
74.2166,1724339
74.2206,-3538299
74.2248,6489541
74.2287,2378103
74.2329,-3575808
74.2373,1099611
74.2410,-3540536
74.2458,4214019
74.2495,2443470
74.2535,-3570580
74.2574,87906
74.2618,-3524294
74.2659,6246991
74.2697,3343630
74.2760,-3569137
74.2780,-562454
74.2823,-3517254
74.2860,5877476
74.2903,3778733
74.2943,-3558813
74.2984,-1448010
74.3026,-3494826
74.3073,5178801
74.3108,3879574
74.3147,-3535209
74.3188,-2301702
74.3189,-3446693
74.3230,2128436
74.3287,3726962
74.3320,-3513451
74.3360,-2892076
74.3395,-3276828
74.3439,4081313
74.3486,4388840
74.3523,-3386927
74.3573,-3367357
74.3600,-2966539
74.3652,3223576
74.3681,4846645
74.3728,-3240732
74.3766,-3528935
74.3813,-2222357
74.3845,2854092
74.3885,5031873
74.3934,-3112572
74.3973,-3567649
74.4007,-1439468
74.4050,1848565
74.4102,5305288
74.4137,-2955390
74.4177,-3572781
74.4213,-650746
74.4290,1335381
74.4300,5573373
74.4336,-2739977
74.4380,-3579872
74.4418,126666
74.4458,-1186041
74.4462,5495210
74.4499,-2628990
74.4540,-3577383
74.4600,800496
74.4626,166699
74.4665,6428023
74.4704,-2219511
74.4776,-3584754
74.4796,1393191
74.4831,-11293
74.4868,7241203
74.4935,-1827800
74.4956,-3595457
74.4992,1647182
74.5031,-579690
74.5083,7315788
74.5120,-1525565
74.5159,-3606056
74.5195,1542940
74.5237,-947665
74.5283,7687580
74.5324,-1200947
74.5359,-3616282
74.5416,1434672
74.5444,-1581591
74.5483,7565856
74.5524,-863059
74.5569,-3625941
74.5611,1154144
74.5646,-1901073
74.5686,7968839
74.5688,-492433
74.5738,-3636667
74.5777,978327
74.5809,-2609234
74.5850,7629124
74.5895,-35307
74.5940,-3645181
74.5977,854473
74.6014,-2736880
74.6076,7546864
74.6101,325526
74.6144,-3652099
74.6178,1482597
74.6240,-3186709
74.6261,7605867
74.6301,784698
74.6343,-3661413
74.6402,1073391
74.6429,-3254019
74.6466,7482608
74.6505,1243993
74.6546,-3668343
74.6590,1528726
74.6635,-3645246
74.6670,6056228
74.6711,1369447
74.6783,-3667436
74.6799,1451436
74.6834,-3578749
74.6875,7520429
74.6916,2263950
74.6959,-3674715
74.6999,1570434
74.7000,-3645308
74.7038,5514183
74.7089,2227230
74.7120,-3672576
74.7163,1264693
74.7201,-3636785
74.7247,7159710
74.7288,2953939
74.7325,-3675194
74.7365,636923
74.7415,-3637870
74.7450,7166924
74.7489,3565040
74.7529,-3676223
74.7572,-175162
74.7617,-3642963
74.7657,4509249
74.7694,3499826
74.7739,-3672551
74.7777,-1086740
74.7817,-3625518
74.7858,5688919
74.7906,3950784
74.7939,-3642196
74.7981,-2065232
74.8022,-3594048
74.8062,6095693
74.8111,4489525
74.8145,-3584496
74.8186,-2694382
74.8238,-3538825
74.8270,4379254
74.8271,4680677
74.8307,-3511752
74.8348,-3256653
74.8407,-3409924
74.8435,3995331
74.8471,4929949
74.8512,-3409256
74.8556,-3564726
74.8598,-3088825
74.8635,2257421
74.8676,4472720
74.8718,-3487280
74.8761,-3669575
74.8799,-2581426
74.8839,1757146
74.8881,4337963
74.8932,-3389381
74.8964,-3664236
74.9003,-1832384
74.9045,882963
74.9098,4424978
74.9130,-3320615
74.9167,-3657393
74.9209,-1160113
74.9255,528777
74.9292,4958590
74.9332,-3127837
74.9373,-3650835
74.9417,-476416
74.9458,-1936742
74.9497,4568679
74.9537,-3090750
74.9577,-3634239
74.9579,252417
74.9618,-2283626
74.9659,4810212
74.9700,-2876467
74.9742,-3617977
74.9782,341653
74.9823,-871595
74.9864,5800293
74.9913,-2397046
74.9952,-3614501
74.9987,966449
75.0027,-1126926
75.0075,6790506
75.0110,-1822956
75.0151,-3616023
75.0191,953363
75.0239,-1459243
75.0279,6652682
75.0316,-1727736
75.0355,-3618112
75.0407,1336052
75.0438,2785497
75.0484,-3247395
75.0519,-7135935
75.0568,8388607
75.0602,-2155884
75.0642,4592374
75.0683,1264887
75.0736,-8388608
75.0765,7452290
75.0806,-5427253
75.0846,8388607
75.0847,6089111
75.0916,-8388608
75.0929,7365877
75.0970,-6574978
75.1010,8177647
75.1053,7426401
75.1097,-8388608
75.1134,8388607
75.1175,-5763883
75.1216,8388607
75.1264,8388607
75.1297,-6678527
75.1338,2653110
75.1382,-6707577
75.1425,8388607
75.1461,8388607
75.1502,5210757
75.1543,5031073
75.1592,-1881542
75.1626,8388607
75.1667,8388607
75.1707,8388607
75.1750,7225031
75.1790,-887519
75.1831,5271924
75.1871,8388607
75.1913,8388607
75.1954,8388607
75.1994,3623163
75.2037,-8388608
75.2080,7721699
75.2116,8388607
75.2117,8388607
75.2158,2853351
75.2200,-8388608
75.2244,2441527
75.2284,8388607
75.2321,8388607
75.2362,1353135
75.2407,-8388608
75.2448,-1132517
75.2489,8388607
75.2526,8388607
75.2572,3529919
75.2620,-8388608
75.2649,-5000721
75.2690,8388607
75.2743,8388607
75.2782,8388607
75.2814,-8388608
75.2854,-8388608
75.2902,8388607
75.2940,8388607
75.2976,8388607
75.3017,-8388608
75.3073,-8388608
75.3102,8388607
75.3141,8388607
75.3181,8388607
75.3244,-8388608
75.3264,-8388608
75.3305,8388607
75.3346,8388607
75.3386,8388607
75.3387,-8388608
75.3431,-8388608
75.3468,8388607
75.3513,8388607
75.3570,8388607
75.3597,-8388608
75.3637,-8388608
75.3673,8368851
75.3732,8388607
75.3758,8388607
75.3800,-8388608
75.3841,-8388608
75.3879,6236191
75.3919,8388607
75.3966,8388607
75.4003,-8388608
75.4042,-8388608
75.4084,4118239
75.4130,8388607
75.4169,8388607
75.4206,-6206776
75.4264,-8388608
75.4288,2000287
75.4329,8388607
75.4374,8388607
75.4434,-3677000
75.4454,-8388608
75.4492,105841
75.4534,8388607
75.4582,8388607
75.4619,-1613672
75.4658,-8388608
75.4659,-1617881
75.4698,8388607
75.4745,8388607
75.4782,735349
75.4820,-8388608
75.4861,-4177073
75.4903,8388607
75.4947,8388607
75.4984,4559479
75.5024,-8388608
75.5068,-7023166
75.5116,8388607
75.5149,8388607
75.5191,7339291
75.5230,-8388608
75.5280,-8388608
75.5317,8388607
75.5352,8388607
75.5406,8388607
75.5438,-8388608
75.5476,-8388608
75.5521,8388607
75.5569,8388607
75.5604,8388607
75.5640,-8388608
75.5681,-8388608
75.5740,8388607
75.5762,8388607
75.5807,8388607
75.5845,-8388608
75.5895,-8388608
75.5928,8388607
75.5928,8388607
75.5966,8388607
75.6008,-8388608
75.6083,-8388608
75.6094,8388607
75.6131,8388607
75.6172,8388607
75.6229,-8388608
75.6257,-8388608
75.6294,8388607
75.6335,8388607
75.6379,8388607
75.6424,-6102690
75.6460,-8388608
75.6499,-1573757
75.6540,8388607
75.6582,8388607
75.6632,-3405934
75.6663,-8388608
75.6704,-2724607
75.6750,8388607
75.6787,8388607
75.6828,-8388608
75.6868,-4500649
75.6915,8388607
75.6950,8388607
75.6991,-8388608
75.7033,-8388608
75.7078,7103963
75.7114,8388607
75.7156,8388607
75.7196,-8388608
75.7197,-8388608
75.7243,8388607
75.7279,8388607
75.7323,8388607
75.7361,-8388608
75.7408,-8388608
75.7442,8388607
75.7482,8388607
75.7523,8388607
75.7572,-8388608
75.7606,-8388608
75.7649,7736407
75.7687,8388607
75.7729,8388607
75.7774,-8388608
75.7815,-8388608
75.7851,6206775
75.7899,8388607
75.7935,8388607
75.7978,-8388608
75.8018,-8388608
75.8069,5294879
75.8102,8388607
75.8141,8388607
75.8185,-8388608
75.8233,-8388608
75.8262,3897619
75.8303,8388607
75.8347,8388607
75.8404,-8388608
75.8425,-8388608
75.8466,2750395
75.8467,8388607
75.8506,8388607
75.8562,-8388608
75.8597,-8388608
75.8630,1426675
75.8670,8388607
75.8731,8388607
75.8752,-8074692
75.8794,-8388608
75.8840,313060
75.8875,8388607
75.8921,8388607
75.8964,-6839220
75.8997,-8388608
75.9039,-235329
75.9088,8388607
75.9122,8388607
75.9162,-5206632
75.9203,-8388608
75.9244,-2014997
75.9284,8388607
75.9325,8388607
75.9367,-2985724
75.9413,-8388608
75.9454,-4691853
75.9489,8388607
75.9530,8388607
75.9573,-183435
75.9614,-8388608
75.9653,-6824513
75.9694,8388607
75.9740,8388607
75.9743,235327
75.9777,-8388608
75.9817,-7765825
75.9859,8388607
75.9905,8388607
75.9942,544195
75.9984,-8388608
76.0022,-8388608
76.0070,8388607
76.0103,8388607
76.0144,1809083
76.0185,-8388608
76.0237,-8388608
76.0270,8388607
76.0308,8388607
76.0349,3279883
76.0402,-8388608
76.0433,-8388608
76.0472,8388607
76.0513,8388607
76.0565,4530063
76.0598,-8388608
76.0636,-8388608
76.0677,8388607
76.0735,8388607
76.0762,5780243
76.0801,-8388608
76.0841,-8388608
76.0900,8388607
76.0925,8388607
76.0966,6780387
76.1006,-8388608
76.1047,-8388608
76.1057,8388607
76.1089,8388607
76.1133,8295311
76.1168,-8388608
76.1230,-8388608
76.1251,8388607
76.1299,8388607
76.1333,8388607
76.1374,-8388608
76.1420,-8388608
76.1457,8388607
76.1497,8388607
76.1537,8388607
76.1584,-8388608
76.1627,-8388608
76.1660,8388607
76.1702,8388607
76.1750,8388607
76.1789,-8388608
76.1824,-8388608
76.1865,8265895
76.1911,8388607
76.1952,8388607
76.1990,-8388608
76.2029,-8388608
76.2077,7103963
76.2114,8388607
76.2152,8388607
76.2194,-8388608
76.2237,-8388608
76.2276,7398123
76.2315,8388607
76.2316,8388607
76.2356,-8388608
76.2420,-8388608
76.2438,6530351
76.2479,8388607
76.2520,8388607
76.2563,-8388608
76.2602,-8388608
76.2643,5662579
76.2684,8388607
76.2733,8388607
76.2767,-8388608
76.2807,-8388608
76.2847,4471231
76.2899,8388607
76.2935,8388607
76.2972,-8388608
76.3011,-8388608
76.3071,3235759
76.3095,8388607
76.3136,8388607
76.3177,-8388608
76.3227,-8388608
76.3260,1691419
76.3299,8388607
76.3339,8388607
76.3391,-8354144
76.3424,-8388608
76.3462,375709
76.3505,8388607
76.3555,8388607
76.3588,-7074548
76.3589,-8388608
76.3626,-102957
76.3667,8388607
76.3708,8388607
76.3753,-5912616
76.3792,-8388608
76.3836,-1206057
76.3888,8388607
76.3918,8388607
76.3957,-4853640
76.3994,-8388608
76.4036,-2103245
76.4079,8388607
76.4123,8388607
76.4160,-3882912
76.4200,-8388608
76.4248,-3103389
76.4282,8388607
76.4323,8388607
76.4364,-2500360
76.4410,-8388608
76.4449,-4912473
76.4489,8388607
76.4528,8388607
76.4578,-1250180
76.4613,-8388608
76.4651,-5971449
76.4692,8388607
76.4736,8388607
76.4774,-68703
76.4815,-8388608
76.4854,-7412833
76.4856,8388607
76.4900,8388607
76.4943,691275
76.4979,-8388608
76.5019,-8388608
76.5067,8388607
76.5101,8388607
76.5141,2132659
76.5182,-8388608
76.5224,-7604036
76.5269,-8388608
76.5305,-8388608
76.5346,8388607
76.5397,8388607
76.5435,-3515212
76.5470,-8388608
76.5510,-8388608
76.5559,8388607
76.5592,8388607
76.5634,-2367988
76.5674,-8388608
76.5716,-8388608
76.5761,8388607
76.5797,8388607
76.5838,-1323720
76.5898,-8388608
76.5923,-8388608
76.5964,8388607
76.6002,8388607
76.6054,-180401
76.6084,-8388608
76.6124,-8388608
76.6125,8388607
76.6165,8388607
76.6209,191203
76.6248,-8388608
76.6291,-8388608
76.6329,8388607
76.6371,8388607
76.6416,1338427
76.6457,-8388608
76.6497,-8388608
76.6534,8388607
76.6577,8388607
76.6616,2441527
76.6658,-8388608
76.6699,-8388608
76.6744,8388607
76.6788,8388607
76.6822,3706415
76.6862,-8388608
76.6912,-8388608
76.6946,8388607
76.6990,8388607
76.7026,4912471
76.7077,-8388608
76.7107,-8388608
76.7150,8388607
76.7190,8388607
76.7237,5971447
76.7272,-8388608
76.7313,-8388608
76.7357,8388607
76.7402,8388607
76.7435,7177503
76.7436,-8388608
76.7476,-8388608
76.7517,7192211
76.7564,8388607
76.7599,8388607
76.7640,-8388608
76.7681,-8388608
76.7724,5912615
76.7768,8388607
76.7803,8388607
76.7845,-8388608
76.7899,-8388608
76.7929,4780099
76.7968,8388607
76.8008,8388607
76.8060,-8388608
76.8097,-8388608
76.8133,3588751
76.8173,8388607
76.8225,8388607
76.8258,-8388608
76.8295,-8388608
76.8336,2309155
76.8390,8388607
76.8425,8388607
76.8459,-8388608
76.8500,-8388608
76.8553,1191347
76.8587,8388607
76.8629,8388607
76.8665,-8388608
76.8706,-8388608
76.8720,83265
76.8749,8388607
76.8790,8388607
76.8829,-8388608
76.8869,-8388608
76.8913,-367701
76.8954,8388607
76.8996,8388607
76.9034,-8388608
76.9077,-8388608
76.9122,-1603173
76.9155,8388607
76.9197,8388607
76.9243,-8388608
76.9279,-8388608
76.9321,-2926893
76.9360,8388607
76.9401,8388607
76.9446,-8388608
76.9483,-8388608
76.9524,-4059409
76.9573,8388607
76.9612,8388607
76.9647,-8236480
76.9688,-8388608
76.9745,-5294881
76.9771,8388607
76.9811,8388607
76.9852,-7177504
76.9895,-8388608
76.9934,-6456813
76.9976,8388607
76.9976,8388607
77.0016,-6206776
77.0075,-8388608
77.0098,-7515789
77.0139,8388607
77.0179,8388607
77.0231,-4809516
77.0264,-8388608
77.0302,-8388608
77.0343,8388607
77.0392,8388607
77.0429,-3559336
77.0466,-8388608
77.0507,-8388608
77.0561,8388607
77.0592,8388607
77.0630,-2250324
77.0671,-8388608
77.0731,-8388608
77.0754,8388607
77.0798,8388607
77.0840,-1171404
77.0886,-8388608
77.0921,-8388608
77.0957,8388607
77.0998,8388607
77.1054,-136486
77.1084,-8388608
77.1123,-8388608
77.1164,8388607
77.1204,8388607
77.1205,205911
77.1250,-8388608
77.1287,-8388608
77.1328,8388607
77.1367,8388607
77.1415,1514923
77.1453,-8388608
77.1490,-8388608
77.1531,8388607
77.1576,8388607
77.1613,2662147
77.1655,-8388608
77.1695,-8388608
77.1745,8388607
77.1784,8388607
77.1817,3941743
77.1859,-8388608
77.1902,-8388608
77.1945,8388607
77.1981,8388607
77.2023,5103675
77.2064,-8388608
77.2111,-8388608
77.2147,8388607
77.2186,8388607
77.2228,6295023
77.2268,-8388608
77.2309,-8388608
77.2350,8074691
77.2397,8388607
77.2433,7398123
77.2474,-8388608
77.2519,-8388608
77.2525,7045131
77.2559,8388607
77.2596,8388607
77.2637,-8388608
77.2678,-8388608
77.2724,5750827
77.2760,8388607
77.2800,8388607
77.2842,-8388608
77.2888,-8388608
77.2925,4588895
77.2965,8388607
77.3006,8388607
77.3052,-8388608
77.3087,-8388608
77.3128,3309299
77.3169,8388607
77.3218,8388607
77.3252,-8388608
77.3292,-8388608
77.3333,2117951
77.3385,8388607
77.3419,8388607
77.3456,-8388608
77.3497,-8388608
77.3551,985435
77.3583,8388607
77.3621,8388607
77.3663,-8388608
77.3702,-8388608
77.3716,2888
77.3784,8388607
77.3785,8388607
77.3825,-8388608
77.3870,-8388608
77.3910,-397117
77.3948,8388607
77.3989,8388607
77.4030,-8388608
77.4079,-8388608
77.4112,-1867917
77.4157,8388607
77.4193,8388607
77.4244,-8388608
77.4276,-8388608
77.4321,-2941601
77.4359,8388607
77.4399,8388607
77.4445,-8388608
77.4480,-8388608
77.4521,-4294737
77.4563,8388607
77.4605,8388607
77.4647,-8133524
77.4686,-8388608
77.4732,-5515501
77.4768,8388607
77.4808,8388607
77.4849,-6956884
77.4894,-8388608
77.4933,-6618601
77.4972,8388607
77.5013,8388607
77.5059,-5853784
77.5096,-8388608
77.5098,-7765825
77.5135,8388607
77.5176,8388607
77.5223,-4633020
77.5258,-8388608
77.5299,-8388608
77.5340,8388607
77.5398,8388607
77.5423,-3471088
77.5466,-8388608
77.5504,-8388608
77.5557,8388607
77.5593,8388607
77.5627,-2353280
77.5668,-8388608
77.5721,-8388608
77.5758,8388607
77.5793,8388607
77.5832,-1113582
77.5887,-8388608
77.5929,-8388608
77.5956,8388607
77.5996,8388607
77.6053,-116734
77.6079,-8388608
77.6126,-8388608
77.6159,8388607
77.6215,8388607
77.6242,397115
77.6283,-8388608
77.6326,-8388608
77.6370,8388607
77.6371,8388607
77.6407,1514923
77.6448,-8388608
77.6488,-8388608
77.6528,8388607
77.6576,8388607
77.6613,2912183
77.6651,-8388608
77.6692,-8388608
77.6740,8388607
77.6776,8388607
77.6815,3956451
77.6856,-8388608
77.6899,-8388608
77.6942,8388607
77.6979,8388607
77.7020,5206631
77.7063,-8388608
77.7105,-8388608
77.7142,8388607
77.7185,8388607
77.7232,6368563
77.7270,-8388608
77.7306,-8388608
77.7347,7809947
77.7395,8388607
77.7432,7618743
77.7471,-8388608
77.7512,-8388608
77.7554,6736263
77.7593,8388607
77.7634,8388607
77.7635,-8388608
77.7675,-8388608
77.7731,5471375
77.7762,8388607
77.7799,8388607
77.7839,-8388608
77.7889,-8388608
77.7922,4471231
77.7963,8388607
77.8002,8388607
77.8048,-8388608
77.8088,-8388608
77.8126,3176927
77.8169,8388607
77.8218,8388607
77.8250,-8388608
77.8290,-8388608
77.8331,1985579
77.8389,8388607
77.8418,8388607
77.8454,-8388608
77.8494,-8388608
77.8549,850206
77.8580,8388607
77.8620,8388607
77.8659,-8388608
77.8714,-8388608
77.8739,-14709
77.8781,8388607
77.8823,8388607
77.8867,-8388608
77.8907,-8388608
77.8907,-676569
77.8945,8388607
77.8985,8388607
77.9028,-8388608
77.9073,-8388608
77.9108,-1867917
77.9149,8388607
77.9190,8388607
77.9237,-8388608
77.9278,-8388608
77.9313,-2941601
77.9354,8388607
77.9398,8388607
77.9442,-8388608
77.9478,-8388608
77.9518,-4191781
77.9564,8388607
77.9602,8388607
77.9641,-8265896
77.9682,-8388608
77.9725,-5368421
77.9769,8388607
77.9805,8388607
77.9847,-6956884
77.9892,-8388608
77.9929,-6633309
77.9969,8388607
78.0009,8388607
78.0054,-5809660
78.0092,-8388608
78.0134,-7839365
78.0173,8388607
78.0174,8388607
78.0223,-4794808
78.0259,-8388608
78.0297,-8388608
78.0337,8388607
78.0394,8388607
78.0425,-3515212
78.0460,-8388608
78.0501,-8388608
78.0556,8388607
78.0585,8388607
78.0624,-2294448
78.0664,-8388608
78.0712,-8388608
78.0752,8388607
78.0791,8388607
78.0829,-1220764
78.0884,-8388608
78.0920,-8388608
78.0953,8388607
78.0993,8388607
78.1053,-122429
78.1083,-8388608
78.1117,-8388608
78.1156,8388607
78.1198,8388607
78.1244,323575
78.1280,-8388608
78.1322,-8388608
78.1380,8388607
78.1403,8388607
78.1443,1382551
78.1444,-8388608
78.1484,-8388608
78.1525,8388607
78.1571,8388607
78.1608,2735687
78.1648,-8388608
78.1689,-8388608
78.1735,8388607
78.1775,8388607
78.1812,3941743
78.1853,-8388608
78.1898,-8388608
78.1943,8388607
78.1976,8388607
78.2017,5059551
78.2064,-8388608
78.2101,-8388608
78.2140,8388607
78.2180,8388607
78.2224,6412687
78.2268,-8388608
78.2303,-8388608
78.2345,7868779
78.2385,8388607
78.2429,7456955
78.2467,-8388608
78.2508,-8388608
78.2553,6839219
78.2596,8388607
78.2631,8388607
78.2672,-8388608
78.2714,-8388608
78.2753,5530207
78.2754,8388607
78.2794,8388607
78.2836,-8388608
78.2879,-8388608
78.2917,4544771
78.2958,8388607
78.2999,8388607
78.3046,-8388608
78.3082,-8388608
78.3122,3073971
78.3163,8388607
78.3220,8388607
78.3245,-8388608
78.3286,-8388608
78.3327,1985579
78.3380,8388607
78.3410,8388607
78.3451,-8388608
78.3492,-8388608
78.3545,837020
78.3578,8388607
78.3614,8388607
78.3655,-8388608
78.3729,-8388608
78.3736,-1
78.3777,8388607
78.3818,8388607
78.3868,-8388608
78.3902,-8388608
78.3942,-588321
78.3985,8388607
78.4025,8388607
78.4026,-8388608
78.4073,-8388608
78.4107,-1853209
78.4146,8388607
78.4187,8388607
78.4229,-8388608
78.4269,-8388608
78.4310,-3176929
78.4352,8388607
78.4400,8388607
78.4433,-8388608
78.4474,-8388608
78.4516,-4294737
78.4557,8388607
78.4598,8388607
78.4638,-8207064
78.4679,-8388608
78.4738,-5339005
78.4765,8388607
78.4811,8388607
78.4843,-6942176
78.4884,-8388608
78.4924,-6780389
78.4965,8388607
78.5006,8388607
78.5048,-5647872
78.5088,-8388608
78.5132,-7898197
78.5171,8388607
78.5214,8388607
78.5253,-4721268
78.5296,-8388608
78.5297,-8388608
78.5334,8388607
78.5376,8388607
78.5417,-3426964
78.5458,-8388608
78.5498,-8388608
78.5540,8388607
78.5581,8388607
78.5622,-2309156
78.5662,-8388608
78.5704,-8388608
78.5744,8388607
78.5785,8388607
78.5827,-1161932
78.5868,-8388608
78.5907,-8388608
78.5949,8388607
78.5990,8388607
78.6031,-128761
78.6072,-8388608
78.6113,-8388608
78.6154,8388607
78.6195,8388607
78.6235,264743
78.6277,-8388608
78.6318,-8388608
78.6359,8388607
78.6400,8388607
78.6441,1500215
78.6484,-8388608
78.6524,-8388608
78.6565,8388607
78.6566,8388607
78.6604,2632731
78.6645,-8388608
78.6686,-8388608
78.6727,8388607
78.6769,8388607
78.6809,4059407
78.6850,-8388608
78.6891,-8388608
78.6931,8388607
78.6973,8388607
78.7014,5250755
78.7055,-8388608
78.7096,-8388608
78.7137,8388607
78.7177,8388607
78.7218,6397979
78.7259,-8388608
78.7300,-8388608
78.7342,7957027
78.7382,8388607
78.7423,7662867
78.7464,-8388608
78.7505,-8388608
78.7546,6750971
78.7586,8388607
78.7628,8388607
78.7669,-8388608
78.7709,-8388608
78.7752,5618455
78.7795,8388607
78.7832,8388607
78.7833,-8388608
78.7874,-8388608
78.7915,4353567
78.7957,8388607
78.7996,8388607
78.8038,-8388608
78.8079,-8388608
78.8120,3073971
78.8161,8388607
78.8202,8388607
78.8243,-8388608
78.8284,-8388608
78.8326,1985579
78.8366,8388607
78.8407,8388607
78.8448,-8388608
78.8489,-8388608
78.8530,965701
78.8571,8388607
78.8612,8388607
78.8652,-8388608
78.8694,-8388608
78.8734,38971
78.8775,8388607
78.8817,8388607
78.8858,-8388608
78.8898,-8388608
78.8941,-367701
78.8981,8388607
78.9022,8388607
78.9063,-8388608
78.9103,-8388608
78.9104,-1750253
78.9144,8388607
78.9185,8388607
78.9226,-8388608
78.9268,-8388608
78.9308,-2868061
78.9349,8388607
78.9390,8388607
78.9431,-8388608
78.9472,-8388608
78.9513,-3956453
78.9553,8388607
78.9595,8388607
78.9635,-8236480
78.9677,-8388608
78.9718,-5103677
78.9758,8388607
78.9799,8388607
78.9841,-7118672
78.9881,-8388608
78.9922,-6427397
78.9963,8388607
79.0004,8388607
79.0045,-5853784
79.0086,-8388608
79.0127,-7677577
79.0167,8388607
79.0209,8388607
79.0252,-4735976
79.0293,-8388608
79.0331,-8388608
79.0374,8388607
79.0375,8388607
79.0414,-3588752
79.0455,-8388608
79.0495,-8388608
79.0537,8388607
79.0577,8388607
79.0619,-2353280
79.0660,-8388608
79.0701,-8388608
79.0741,8388607
79.0782,8388607
79.0823,-905803
79.0865,-8388608
79.0905,-8388608
79.0946,8388607
79.0987,8388607
79.1028,-68531
79.1069,-8388608
79.1109,-8388608
79.1151,8388607
79.1192,8388607
79.1233,382407
79.1274,-8388608
79.1315,-8388608
79.1356,8388607
79.1397,8388607
79.1438,1588463
79.1480,-8388608
79.1522,-8388608
79.1560,8388607
79.1602,8388607
79.1643,2794519
79.1644,-8388608
79.1684,-8388608
79.1725,8388607
79.1765,8388607
79.1807,4177071
79.1848,-8388608
79.1888,-8388608
79.1930,8388607
79.1970,8388607
79.2011,5177215
79.2052,-8388608
79.2093,-8388608
79.2134,8388607
79.2175,8388607
79.2216,6383271
79.2257,-8388608
79.2297,-8388608
79.2339,7868779
79.2380,8388607
79.2420,7545203
79.2462,-8388608
79.2503,-8388608
79.2544,6853927
79.2584,8388607
79.2625,8388607
79.2666,-8388608
79.2708,-8388608
79.2748,5912615
79.2789,8388607
79.2830,8388607
79.2872,-8388608
79.2913,-8388608
79.2914,4324151
79.2952,8388607
79.2993,8388607
79.3034,-8388608
79.3077,-8388608
79.3117,3382839
79.3157,8388607
79.3199,8388607
79.3239,-8388608
79.3281,-8388608
79.3321,2250323
79.3363,8388607
79.3403,8388607
79.3445,-8388608
79.3485,-8388608
79.3526,1000143
79.3566,8388607
79.3608,8388607
79.3649,-8388608
79.3690,-8388608
79.3730,136059
79.3771,8388607
79.3813,8388607
79.3854,-8388608
79.3894,-8388608
79.3936,-470657
79.3976,8388607
79.4017,8388607
79.4060,-8388608
79.4100,-8388608
79.4142,-1926749
79.4181,8388607
79.4223,8388607
79.4224,-8388608
79.4263,-8388608
79.4304,-2603317
79.4345,8388607
79.4386,8388607
79.4427,-8388608
79.4468,-8388608
79.4509,-4250613
79.4550,8388607
79.4591,8388607
79.4631,-7809948
79.4673,-8388608
79.4713,-5103677
79.4755,8388607
79.4796,8388607
79.4836,-6750972
79.4877,-8388608
79.4919,-6383273
79.4959,8388607
79.5000,8388607
79.5041,-5633164
79.5082,-8388608
79.5123,-7177505
79.5165,8388607
79.5205,8388607
79.5246,-4368276
79.5287,-8388608
79.5328,-8388608
79.5369,8388607
79.5411,8388607
79.5451,-2897476
79.5491,-8388608
79.5492,-8388608
79.5533,8388607
79.5574,8388607
79.5614,-1500216
79.5656,-8388608
79.5696,-8388608
79.5737,8388607
79.5779,8388607
79.5819,-303281
79.5860,-8388608
79.5901,-8388608
79.5942,8388607
79.5983,8388607
79.6024,191203
79.6065,-8388608
79.6107,-8388608
79.6148,8388607
79.6189,8388607
79.6229,1426675
79.6271,-8388608
79.6312,-8388608
79.6353,8388607
79.6393,8388607
79.6435,2544483
79.6475,-8388608
79.6517,-8388608
79.6557,8388607
79.6599,8388607
79.6640,3882911
79.6682,-8388608
79.6723,-8388608
79.6763,8388607
79.6764,8388607
79.6803,5000719
79.6844,-8388608
79.6884,-8388608
79.6927,8388607
79.6966,8388607
79.7007,6147943
79.7048,-8388608
79.7089,-8388608
79.7130,8192355
79.7171,8388607
79.7212,7398123
79.7253,-8388608
79.7294,-8388608
79.7335,6868635
79.7376,8388607
79.7416,8388607
79.7458,-8388608
79.7499,-8388608
79.7540,5647871
79.7581,8388607
79.7622,8388607
79.7663,-8388608
79.7703,-8388608
79.7744,4574187
79.7786,8388607
79.7826,8388607
79.7868,-8388608
79.7909,-8388608
79.7950,3382839
79.7992,8388607
79.8032,8388607
79.8033,-8388608
79.8073,-8388608
79.8114,2206199
79.8154,8388607
79.8196,8388607
79.8236,-8388608
79.8278,-8388608
79.8318,823647
79.8360,8388607
79.8400,8388607
79.8441,-8388608
79.8483,-8388608
79.8522,10689
79.8564,8388607
79.8604,8388607
79.8646,-8388608
79.8686,-8388608
79.8728,-455949
79.8768,8388607
79.8810,8388607
79.8850,-8388608
79.8891,-8388608
79.8932,-1676713
79.8973,8388607
79.9015,8388607
79.9056,-8388608
79.9096,-8388608
79.9139,-3000433
79.9178,8388607
79.9219,8388607
79.9261,-8388608
79.9302,-8388608
79.9303,-4221197
79.9342,8388607
79.9383,8388607
79.9424,-8388608
79.9465,-8388608
79.9506,-5441961
79.9547,8388607
79.9588,8388607
79.9629,-7206920
79.9671,-8388608
79.9711,-6589185
79.9752,8388607
79.9794,8388607
79.9835,-6059696
79.9875,-8388608
79.9917,-7706993
79.9957,8388607
79.9998,8388607
80.0039,-4794808
80.0081,-8388608
80.0121,-8388608
80.0161,8388607
80.0202,8388607
80.0244,-3779956
80.0285,-8388608
80.0326,-8388608
80.0367,8388607
80.0408,8388607
80.0450,-2470944
80.0489,-8388608
80.0530,-8388608
80.0572,8388607
80.0573,8388607
80.0613,-1191348
80.0653,-8388608
80.0693,-8388608
80.0736,8388607
80.0777,8388607
80.0816,-210453
80.0858,-8388608
80.0899,-8388608
80.0940,8388607
80.0982,8388607
80.1022,323575
80.1063,-8388608
80.1104,-8388608
80.1144,8388607
80.1186,8388607
80.1227,1367843
80.1267,-8388608
80.1308,-8388608
80.1349,8388607
80.1390,8388607
80.1431,2603315
80.1473,-8388608
80.1514,-8388608
80.1554,8388607
80.1596,8388607
80.1637,3750539
80.1677,-8388608
80.1718,-8388608
80.1759,8388607
80.1802,8388607
80.1842,4927179
80.1883,-8388608
80.1884,-8388608
80.1923,8388607
80.1964,8388607
80.2005,6162651
80.2046,-8388608
80.2087,-8388608
80.2128,8015859
80.2169,8388607
80.2210,7383415
80.2252,-8388608
80.2292,-8388608
80.2333,6883343
80.2374,8388607
80.2415,8388607
80.2456,-8388608
80.2497,-8388608
80.2537,5691995
80.2578,8388607
80.2620,8388607
80.2660,-8388608
80.2701,-8388608
80.2742,4500647
80.2783,8388607
80.2823,8388607
80.2866,-8388608
80.2906,-8388608
80.2949,3250467
80.2987,8388607
80.3029,8388607
80.3071,-8388608
80.3111,-8388608
80.3153,2073827
80.3154,8388607
80.3193,8388607
80.3234,-8388608
80.3274,-8388608
80.3315,905834
80.3357,8388607
80.3398,8388607
80.3438,-8388608
80.3479,-8388608
80.3521,46496
80.3563,8388607
80.3602,8388607
80.3644,-8388608
80.3683,-8388608
80.3724,-573613
80.3766,8388607
80.3806,8388607
80.3847,-8388608
80.3888,-8388608
80.3929,-1720837
80.3970,8388607
80.4011,8388607
80.4052,-8388608
80.4093,-8388608
80.4134,-2926893
80.4175,8388607
80.4216,8388607
80.4259,-8388608
80.4300,-8388608
80.4340,-4265321
80.4380,8388607
80.4422,8388607
80.4423,-8368852
80.4464,-8388608
80.4504,-5353713
80.4545,8388607
80.4585,8388607
80.4627,-7251044
80.4668,-8388608
80.4708,-6530353
80.4750,8388607
80.4790,8388607
80.4832,-5927324
80.4873,-8388608
80.4913,-7751117
80.4953,8388607
80.5000,8388607
80.5036,-4809516
80.5076,-8388608
80.5117,-8388608
80.5158,8388607
80.5199,8388607
80.5241,-3721124
80.5283,-8388608
80.5322,-8388608
80.5364,8388607
80.5405,8388607
80.5446,-2515068
80.5486,-8388608
80.5529,-8388608
80.5569,8388607
80.5611,8388607
80.5652,-1338428
80.5692,-8388608
80.5693,-8388608
80.5732,8388607
80.5772,8388607
80.5813,-185573
80.5854,-8388608
80.5896,-8388608
80.5936,8388607
80.5977,8388607
80.6018,205911
80.6059,-8388608
80.6100,-8388608
80.6141,8388607
80.6182,8388607
80.6223,1323719
80.6264,-8388608
80.6305,-8388608
80.6346,8388607
80.6386,8388607
80.6428,2588607
80.6469,-8388608
80.6510,-8388608
80.6550,8388607
80.6591,8388607
80.6633,3794663
80.6673,-8388608
80.6715,-8388608
80.6756,8388607
80.6796,8388607
80.6838,4941887
80.6880,-8388608
80.6923,-8388608
80.6962,8388607
80.6963,8388607
80.7002,5986155
80.7043,-8388608
80.7083,-8388608
80.7125,8045275
80.7165,8388607
80.7206,7236335
80.7247,-8388608
80.7288,-8388608
80.7329,6986299
80.7370,8388607
80.7410,8388607
80.7452,-8388608
80.7493,-8388608
80.7534,5780243
80.7575,8388607
80.7616,8388607
80.7657,-8388608
80.7697,-8388608
80.7739,4691851
80.7779,8388607
80.7820,8388607
80.7861,-8388608
80.7902,-8388608
80.7943,3456379
80.7984,8388607
80.8025,8388607
80.8066,-8388608
80.8107,-8388608
80.8149,2279739
80.8191,8388607
80.8232,8388607
80.8233,-8388608
80.8273,-8388608
80.8313,1042967
80.8354,8388607
80.8395,8388607
80.8436,-8388608
80.8477,-8388608
80.8517,69281
80.8558,8388607
80.8599,8388607
80.8641,-8388608
80.8682,-8388608
80.8723,-441241
80.8763,8388607
80.8803,8388607
80.8845,-8388608
80.8886,-8388608
80.8927,-1632589
80.8968,8388607
80.9008,8388607
80.9050,-8388608
80.9091,-8388608
80.9132,-2809229
80.9173,8388607
80.9214,8388607
80.9255,-8388608
80.9296,-8388608
80.9337,-3985869
80.9378,8388607
80.9419,8388607
80.9461,-8388608
80.9502,-8388608
80.9541,-5236049
80.9542,8388607
80.9582,8388607
80.9623,-7412832
80.9664,-8388608
80.9705,-6280317
80.9746,8388607
80.9787,8388607
80.9827,-6162652
80.9869,-8388608
80.9910,-7706993
80.9950,8388607
80.9992,8388607
81.0033,-4971304
81.0074,-8388608
81.0115,-8388608
81.0155,8388607
81.0197,8388607
81.0238,-3750540
81.0278,-8388608
81.0319,-8388608
81.0361,8388607
81.0402,8388607
81.0443,-2647440
81.0483,-8388608
81.0525,-8388608
81.0565,8388607
81.0607,8388607
81.0649,-1411968
81.0688,-8388608
81.0730,-8388608
81.0772,8388607
81.0812,8388607
81.0813,-337486
81.0852,-8388608
81.0893,-8388608
81.0934,8388607
81.0975,8388607
81.1016,147079
81.1057,-8388608
81.1098,-8388608
81.1139,8388607
81.1180,8388607
81.1221,1103099
81.1262,-8388608
81.1303,-8388608
81.1344,8388607
81.1385,8388607
81.1426,2367987
81.1467,-8388608
81.1508,-8388608
81.1549,8388607
81.1589,8388607
81.1631,3500503
81.1672,-8388608
81.1712,-8388608
81.1753,8388607
81.1794,8388607
81.1835,4706559
81.1877,-8388608
81.1919,-8388608
81.1958,8388607
81.2001,8388607
81.2041,5942031
81.2082,-8388608
81.2083,-8388608
81.2121,8324727
81.2163,8388607
81.2204,6883343
81.2245,-8388608
81.2285,-8388608
81.2327,7383415
81.2368,8388607
81.2409,8207063
81.2449,-8388608
81.2491,-8388608
81.2531,6162651
81.2572,8388607
81.2613,8388607
81.2654,-8388608
81.2695,-8388608
81.2737,5015427
81.2777,8388607
81.2817,8388607
81.2859,-8388608
81.2900,-8388608
81.2941,3794663
81.2981,8388607
81.3023,8388607
81.3064,-8388608
81.3105,-8388608
81.3146,2956307
81.3187,8388607
81.3228,8388607
81.3270,-8388608
81.3311,-8388608
81.3349,1779667
81.3350,8388607
81.3391,8388607
81.3432,-8388608
81.3473,-8388608
81.3513,1147223
81.3555,8388607
81.3596,8388607
81.3636,-8388608
81.3677,-8388608
81.3718,277968
81.3759,8388607
81.3800,8388607
81.3841,-8388608
81.3882,-8388608
81.3923,-147081
81.3964,8388607
81.4005,8388607
81.4046,-8388608
81.4087,-8388608
81.4128,-1044269
81.4169,8388607
81.4210,8388607
81.4251,-8388608
81.4292,-8388608
81.4333,-2353281
81.4374,8388607
81.4415,8388607
81.4457,-8388608
81.4498,-8388608
81.4539,-3779957
81.4581,8388607
81.4622,8388607
81.4623,-8280604
81.4661,-8388608
81.4702,-5103677
81.4743,8388607
81.4784,8388607
81.4825,-7001008
81.4865,-8388608
81.4906,-6236193
81.4947,8388607
81.4989,8388607
81.5030,-5633164
81.5070,-8388608
81.5112,-7456957
81.5152,8388607
81.5194,8388607
81.5235,-4721268
81.5276,-8388608
81.5316,-8388608
81.5358,8388607
81.5399,8388607
81.5440,-3471088
81.5480,-8388608
81.5522,-8388608
81.5562,8388607
81.5603,8388607
81.5645,-2235616
81.5685,-8388608
81.5729,-8388608
81.5767,8388607
81.5810,8388607
81.5850,-1073684
81.5892,-8388608
81.5892,-8388608
81.5932,8388607
81.5972,8388607
81.6013,-149023
81.6054,-8388608
81.6095,-8388608
81.6136,8388607
81.6177,8388607
81.6217,308867
81.6258,-8388608
81.6300,-8388608
81.6341,8388607
81.6382,8388607
81.6423,1485507
81.6464,-8388608
81.6505,-8388608
81.6545,8388607
81.6587,8388607
81.6627,2720979
81.6668,-8388608
81.6709,-8388608
81.6750,8388607
81.6790,8388607
81.6832,3735831
81.6873,-8388608
81.6914,-8388608
81.6955,8388607
81.6997,8388607
81.7037,5044843
81.7080,-8388608
81.7119,-8388608
81.7162,8388607
81.7163,8388607
81.7201,5986155
81.7242,-8388608
81.7283,-8388608
81.7323,8221771
81.7364,8388607
81.7405,7545203
81.7446,-8388608
81.7487,-8388608
81.7527,7324583
81.7568,8388607
81.7609,8388607
81.7650,-8388608
81.7691,-8388608
81.7732,6044987
81.7773,8388607
81.7814,8388607
81.7856,-8388608
81.7896,-8388608
81.7937,4633019
81.7978,8388607
81.8019,8388607
81.8060,-8388608
81.8101,-8388608
81.8143,3574043
81.8183,8388607
81.8225,8388607
81.8269,-8388608
81.8309,-8388608
81.8347,2500359
81.8389,8388607
81.8429,8388607
81.8470,-8388608
81.8471,-8388608
81.8511,1176639
81.8551,8388607
81.8595,8388607
81.8635,-8388608
81.8676,-8388608
81.8717,177633
81.8758,8388607
81.8802,8388607
81.8839,-8388608
81.8882,-8388608
81.8921,-235329
81.8962,8388607
81.9003,2735687
81.9044,6971591
81.9085,8388607
81.9126,8388607
81.9167,-2691564
81.9208,-8388608
81.9249,-2912185
81.9290,8388607
81.9332,8388607
81.9372,-3132804
81.9413,-8388608
81.9453,-4574189
81.9494,8388607
81.9535,8388607
81.9579,-1662004
81.9619,-8388608
81.9660,-6103821
81.9699,8388607
81.9741,8388607
81.9742,-308899
81.9782,-8388608
81.9822,-7574621
81.9863,8388607
81.9904,8388607
81.9944,279451
81.9986,-8388608
82.0027,-8388608
82.0085,8388607
82.0108,8388607
82.0149,1647295
82.0190,-8388608
82.0231,-8388608
82.0271,8388607
82.0314,8388607
82.0355,3044555
82.0395,-8388608
82.0437,-8388608
82.0477,-4412400
82.0519,-8388608
82.0559,8388607
82.0600,8388607
82.0642,-2529776
82.0682,-8388608
82.0723,-8388608
82.0764,8388607
82.0805,8388607
82.0849,-1426676
82.0887,-8388608
82.0928,-8388608
82.0970,8388607
82.1009,8388607
82.1011,-202533
82.1051,-8388608
82.1092,-8388608
82.1133,8388607
82.1173,8388607
82.1214,117663
82.1256,-8388608
82.1297,-8388608
82.1337,8388607
82.1378,8388607
82.1420,1250179
82.1460,-8388608
82.1501,-8388608
82.1541,8388607
82.1583,8388607
82.1623,2500359
82.1665,-8388608
82.1706,-8388608
82.1746,8388607
82.1787,8388607
82.1828,3544627
82.1869,-8388608
82.1910,-8388608
82.1951,8388607
82.1992,8388607
82.2033,4750683
82.2074,-8388608
82.2116,-8388608
82.2156,8388607
82.2197,8388607
82.2240,5897907
82.2281,-8388608
82.2282,-8388608
82.2320,8388607
82.2362,8388607
82.2401,7148087
82.2444,-8388608
82.2484,-8388608
82.2527,7559911
82.2567,8388607
82.2608,8354143
82.2648,-8388608
82.2688,-8388608
82.2729,6074403
82.2770,8388607
82.2811,8388607
82.2852,-8388608
82.2893,-8388608
82.2934,4809515
82.2976,8388607
82.3016,8388607
82.3058,-8388608
82.3099,-8388608
82.3139,3765247
82.3181,8388607
82.3221,8388607
82.3264,-8388608
82.3304,-8388608
82.3344,2515067
82.3386,8388607
82.3426,8388607
82.3469,-8388608
82.3510,-8388608
82.3549,1382551
82.3550,8388607
82.3590,8388607
82.3630,-8388608
82.3672,-8388608
82.3713,343648
82.3754,8388607
82.3795,8388607
82.3837,-8388608
82.3877,-8388608
82.3918,-132373
82.3958,8388607
82.4000,8388607
82.4041,-8388608
82.4082,-8388608
82.4123,-911897
82.4164,8388607
82.4205,8388607
82.4246,-8388608
82.4286,-8388608
82.4327,-2014997
82.4368,8388607
82.4410,8388607
82.4451,-8388608
82.4492,-8388608
82.4532,-3294593
82.4573,8388607
82.4614,8388607
82.4657,-8388608
82.4698,-8388608
82.4739,-4456525
82.4778,8388607
82.4820,8388607
82.4821,-7795240
82.4859,-8388608
82.4900,-5839077
82.4942,8388607
82.4982,8388607
82.5024,-6471520
82.5064,-8388608
82.5106,-6853929
82.5146,8388607
82.5188,8388607
82.5229,-5500792
82.5270,-8388608
82.5310,-8148233
82.5351,8388607
82.5392,8388607
82.5433,-4324152
82.5474,-8388608
82.5515,-8388608
82.5556,8388607
82.5596,8388607
82.5638,-3015140
82.5678,-8388608
82.5720,-8388608
82.5760,8388607
82.5801,8388607
82.5842,-1764960
82.5883,-8388608
82.5924,-8388608
82.5965,8388607
82.6007,8388607
82.6048,-553931
82.6088,-8388608
82.6088,-8388608
82.6129,8388607
82.6170,8388607
82.6211,7055
82.6253,-8388608
82.6293,-8388608
82.6335,8388607
82.6375,8388607
82.6417,573611
82.6458,-8388608
82.6499,-8388608
82.6539,8388607
82.6580,8388607
82.6621,1882623
82.6662,-8388608
82.6703,-8388608
82.6743,8388607
82.6784,8388607
82.6825,3176927
82.6866,-8388608
82.6908,-8388608
82.6949,8388607
82.6990,8388607
82.7031,4015283
82.7072,-8388608
82.7113,-8388608
82.7154,8388607
82.7195,8388607
82.7236,5191923
82.7278,-8388608
82.7317,-8388608
82.7360,8388607
82.7400,8388607
82.7401,6324439
82.7441,-8388608
82.7482,-8388608
82.7522,7839363
82.7563,8388607
82.7604,7795239
82.7646,-8388608
82.7687,-8388608
82.7727,6589183
82.7768,8388607
82.7808,8388607
82.7849,-8388608
82.7891,-8388608
82.7932,5456667
82.7972,8388607
82.8014,8388607
82.8055,-8388608
82.8096,-8388608
82.8137,4309443
82.8178,8388607
82.8219,8388607
82.8260,-8388608
82.8301,-8388608
82.8342,3118095
82.8383,8388607
82.8423,8388607
82.8465,-8388608
82.8508,-8388608
82.8546,1882623
82.8589,8388607
82.8628,8388607
82.8671,-8388608
82.8672,-8388608
82.8710,-8388608
82.8751,-8388608
82.8792,-8388608
82.8833,-4824225
82.8874,8388607
82.8915,8388607
82.8957,-5221340
82.8998,-8388608
82.9038,-3677001
82.9079,8388607
82.9120,8388607
82.9161,-3206344
82.9202,-8388608
82.9243,-4809517
82.9284,8388607
82.9325,8388607
82.9366,-1853208
82.9407,-8388608
82.9448,-6147945
82.9488,8388607
82.9530,8388607
82.9570,-43669
82.9611,-8388608
82.9652,-8388608
82.9693,8388607
82.9733,8388607
82.9775,1882623
82.9818,-8388608
82.9859,-8388608
82.9900,8388607
82.9942,8388607
82.9942,5559623
82.9979,-8388608
83.0020,-8388608
83.0061,8388607
83.0102,8388607
83.0143,8388607
83.0184,-8310020
83.0225,-8388608
83.0266,869067
83.0307,8388607
83.0347,8388607
83.0389,-8388608
83.0429,-8388608
83.0471,2515067
83.0511,8388607
83.0552,8388607
83.0594,-8388608
83.0634,-8388608
83.0677,1853207
83.0716,8388607
83.0757,8388607
83.0798,-8388608
83.0839,-8388608
83.0880,4868347
83.0921,8388607
83.0962,8388607
83.1003,-8388608
83.1048,-8388608
83.1086,3279883
83.1131,8388607
83.1170,8388607
83.1210,-8388608
83.1211,-8388608
83.1249,8388607
83.1291,8388607
83.1332,8388607
83.1373,-8388608
83.1413,-8388608
83.1454,8388607
83.1495,8388607
83.1537,8388607
83.1577,-8388608
83.1618,-8388608
83.1659,8388607
83.1700,8388607
83.1740,8388607
83.1781,-8221772
83.1822,-8388608
83.1863,-661861
83.1904,8388607
83.1946,8388607
83.1987,-1809084
83.2028,-8388608
83.2069,-7162797
83.2109,8388607
83.2151,8388607
83.2192,2515067
83.2233,-8388608
83.2273,-8388608
83.2314,8388607
83.2355,8388607
83.2398,2823935
83.2439,-8388608
83.2479,-8388608
83.2480,8388607
83.2519,8388607
83.2560,3132803
83.2601,-8388608
83.2642,-8388608
83.2683,8388607
83.2724,8388607
83.2765,2926891
83.2806,-8388608
83.2847,-8388608
83.2888,8388607
83.2929,8388607
83.2969,3221051
83.3011,-8388608
83.3052,-2985725
83.3093,8388607
83.3133,5589039
83.3175,2382695
83.3216,-8388608
83.3257,-8388608
83.3298,8388607
83.3338,8388607
83.3380,3691707
83.3421,-8388608
83.3462,-8388608
83.3501,8388607
83.3543,8388607
83.3584,6030279
83.3625,-8388608
83.3669,-8388608
83.3710,8388607
83.3750,8388607
83.3791,8388607
83.3792,-8388608
83.3830,-8388608
83.3871,8388607
83.3911,8388607
83.3953,8388607
83.3994,-8388608
83.4035,-8388608
83.4075,8388607
83.4117,8388607
83.4158,8388607
83.4199,-8388608
83.4240,-8388608
83.4280,7501079
83.4321,8388607
83.4362,8388607
83.4404,-8388608
83.4445,-8388608
83.4485,4956595
83.4527,8388607
83.4567,8388607
83.4608,-6530352
83.4649,-8388608
83.4690,342428
83.4731,8388607
83.4772,8388607
83.4813,-2735688
83.4854,-8388608
83.4897,-4941889
83.4937,8388607
83.4978,8388607
83.5020,-226039
83.5060,-8388608
83.5061,-4265321
83.5100,8388607
83.5140,8388607
83.5182,-295999
83.5223,-8388608
83.5264,-3603461
83.5304,8388607
83.5345,8388607
83.5387,382407
83.5428,-8388608
83.5468,-6103821
83.5509,8388607
83.5550,8388607
83.5591,1750251
83.5632,-8388608
83.5673,-7471665
83.5714,8388607
83.5755,8388607
83.5797,3088679
83.5837,-8388608
83.5878,-8388608
83.5919,8388607
83.5959,8388607
83.6001,4382983
83.6042,-8388608
83.6083,-8388608
83.6125,8388607
83.6165,8388607
83.6206,5677287
83.6249,-8388608
83.6289,-8388608
83.6330,8388607
83.6331,8388607
83.6369,7001007
83.6411,-8388608
83.6452,-8388608
83.6492,8388607
83.6533,8388607
83.6575,8015859
83.6615,-8388608
83.6657,-8388608
83.6697,7427539
83.6738,8388607
83.6779,8388607
83.6820,-8388608
83.6861,-8388608
83.6902,4243963
83.6943,8388607
83.6984,8388607
83.7025,-8388608
83.7067,-8388608
83.7107,8388607
83.7148,8388607
83.7189,8388607
83.7230,-8388608
83.7271,-8388608
83.7311,8388607
83.7352,8388607
83.7393,8388607
83.7434,-8388608
83.7475,-8388608
83.7517,8388607
83.7558,8388607
83.7597,8388607
83.7598,-8388608
83.7639,-8388608
83.7680,8388607
83.7721,8388607
83.7762,8388607
83.7802,-8388608
83.7844,-8388608
83.7885,3825833
83.7926,8388607
83.7966,8388607
83.8008,-8388608
83.8049,-8388608
83.8090,6530351
83.8131,8388607
83.8172,8388607
83.8212,-8388608
83.8254,-8388608
83.8294,4616425
83.8335,8388607
83.8377,8388607
83.8418,-7354000
83.8459,-8388608
83.8499,1400422
83.8540,8388607
83.8581,8388607
83.8622,-6530352
83.8663,-8388608
83.8705,-1699171
83.8745,8388607
83.8789,8388607
83.8828,-1613204
83.8869,-8388608
83.8870,-2450301
83.8908,8388607
83.8949,8388607
83.8991,-3117995
83.9032,-8388608
83.9073,-2819960
83.9113,8388607
83.9154,8388607
83.9195,-2094505
83.9237,-8388608
83.9278,-5447514
83.9317,8388607
83.9360,8388607
83.9399,306200
83.9441,-8388608
83.9481,-8388608
83.9522,8388607
83.9563,8388607
83.9604,5603747
83.9646,-8388608
83.9686,-8388608
83.9727,8388607
83.9768,8388607
83.9809,4356732
83.9850,-8388608
83.9891,-8388608
83.9932,8388607
83.9973,8388607
84.0014,3323454
84.0057,-8388608
84.0097,-7985144
84.0138,8388607
84.0140,8388607
84.0178,3441671
84.0219,-8388608
84.0260,-7113142
84.0301,8388607
84.0341,8388607
84.0382,3603459
84.0424,-8388608
84.0464,-7322229
84.0506,8388607
84.0546,8388607
84.0587,4059407
84.0629,-8388608
84.0669,-8060917
84.0710,8388607
84.0751,8388607
84.0792,5992056
84.0833,-8388608
84.0874,-8388608
84.0916,8388607
84.0956,8388607
84.0997,7155084
84.1038,-8388608
84.1079,-8388608
84.1120,8388607
84.1161,8388607
84.1202,7507550
84.1245,-8388608
84.1288,-8388608
84.1328,8388607
84.1369,8388607
84.1409,7571486
84.1410,-8388608
84.1448,-8388608
84.1489,8388607
84.1529,8388607
84.1571,8388607
84.1611,-8388608
84.1653,-8388608
84.1693,8388607
84.1734,8388607
84.1776,6118527
84.1816,-8388608
84.1857,-8388608
84.1899,8388607
84.1940,8388607
84.1981,6715815
84.2022,-8388608
84.2063,-8388608
84.2104,8388607
84.2145,8388607
84.2186,8388607
84.2227,-8388608
84.2267,-8122716
84.2308,8388607
84.2349,8388607
84.2391,-3092149
84.2432,-8388608
84.2472,-711283
84.2514,8388607
84.2554,8388607
84.2599,-5544916
84.2637,-6868637
84.2680,8388607
84.2681,-2440290
84.2718,-8388608
84.2759,-8388608
84.2799,2865523
84.2841,8388607
84.2882,8388607
84.2923,7137266
84.2963,-8388608
84.3005,-8388608
84.3046,8388607
84.3087,8015859
84.3128,3773922
84.3169,-8388608
84.3210,8388607
84.3251,8388607
84.3292,-8388608
84.3332,-8388608
84.3374,-8388608
84.3414,8388607
84.3455,8388607
84.3497,-8388608
84.3537,-8388608
84.3578,-8388608
84.3619,7791291
84.3660,8388607
84.3701,8388607
84.3742,8388607
84.3783,-8388608
84.3824,1161931
84.3867,-8388608
84.3906,807678
84.3948,8388607
84.3949,-126412
84.3987,-8388608
84.4029,-1974991
84.4069,8388607
84.4111,8388607
84.4151,-8324728
84.4193,-8388608
84.4232,5540959
84.4274,8388607
84.4314,8388607
84.4356,-1708346
84.4397,-8388608
84.4437,-84073
84.4478,8388607
84.4519,8388607
84.4561,7341164
84.4601,-8388608
84.4642,-8388608
84.4683,8388607
84.4724,8388607
84.4765,-3559336
84.4806,-8388608
84.4847,-8198019
84.4888,8388607
84.4929,8388607
84.4970,2823935
84.5011,-8388608
84.5052,-8388608
84.5093,8388607
84.5134,8388607
84.5177,8388607
84.5216,-8388608
84.5257,-8388608
84.5257,8388607
84.5298,8388607
84.5340,8388607
84.5380,-8388608
84.5422,-8388608
84.5461,5074259
84.5503,8388607
84.5544,8388607
84.5585,-8388608
84.5626,-8388608
84.5667,-95319
84.5708,8388607
84.5749,8388607
84.5790,-6545060
84.5831,-8388608
84.5872,-968635
84.5913,8388607
84.5954,8388607
84.5995,-8388608
84.6036,-8388608
84.6077,3485795
84.6118,8388607
84.6158,8388607
84.6200,-8388608
84.6241,-8388608
84.6282,3338715
84.6322,8388607
84.6363,8388607
84.6407,-8388608
84.6447,-8388608
84.6487,358724
84.6530,8388607
84.6531,8388607
84.6568,-1012108
84.6609,-8388608
84.6650,-3574045
84.6691,8388607
84.6732,8388607
84.6773,-8089400
84.6814,-8388608
84.6855,-4015085
84.6897,8388607
84.6936,8388607
84.6978,6177359
84.7018,-8388608
84.7060,-5118385
84.7101,8388607
84.7142,8388607
84.7183,-8388608
84.7224,-8388608
84.7264,8388607
84.7304,8388607
84.7347,8388607
84.7387,-8388608
84.7429,-8388608
84.7469,8388607
84.7510,8388607
84.7551,8388607
84.7592,-8388608
84.7635,-8388608
84.7674,8388607
84.7717,8388607
84.7758,-3853496
84.7796,-8388608
84.7797,-8388608
84.7838,8388607
84.7879,8388607
84.7920,-5265464
84.7960,-8388608
84.8002,-8388608
84.8042,8388607
84.8084,8388607
84.8124,-4427108
84.8166,-8388608
84.8207,-8388608
84.8247,8388607
84.8288,8388607
84.8329,-3294592
84.8371,-8388608
84.8411,-8388608
84.8452,8388607
84.8493,8388607
84.8534,-2147368
84.8575,-8388608
84.8617,-8388608
84.8657,8388607
84.8698,8388607
84.8739,-756645
84.8779,-8388608
84.8821,-8388608
84.8862,8388607
84.8902,8388607
84.8945,-72324
84.8984,-8388608
84.9026,-8388608
84.9068,8388607
84.9069,8388607
84.9108,338283
84.9148,-8388608
84.9190,-8388608
84.9230,8388607
84.9272,8388607
84.9312,1294303
84.9354,-8388608
84.9395,-8388608
84.9435,8388607
84.9477,8388607
84.9517,2426819
84.9558,-8388608
84.9599,-8388608
84.9640,8388607
84.9681,8388607
84.9722,3927035
84.9763,-8388608
84.9804,-8388608
84.9845,8388607
84.9886,8388607
84.9927,4765391
84.9968,-8388608
85.0009,-8388608
85.0050,7751115
85.0091,8388607
85.0131,6074403
85.0173,-8388608
85.0214,-8388608
85.0255,6618599
85.0298,8388607
85.0339,7353999
85.0340,-8388608
85.0377,-8388608
85.0418,5559623
85.0458,8388607
85.0500,8388607
85.0541,-8388608
85.0582,-8388608
85.0623,4177071
85.0664,8388607
85.0705,8388607
85.0745,-8388608
85.0787,-8388608
85.0827,2971015
85.0868,8388607
85.0909,8388607
85.0950,-8388608
85.0991,-8388608
85.1032,1706127
85.1073,8388607
85.1114,8388607
85.1155,-8388608
85.1196,-8388608
85.1236,519555
85.1278,8388607
85.1318,8388607
85.1360,-8388608
85.1400,-8388608
85.1441,-88249
85.1482,8388607
85.1524,8388607
85.1566,-8388608
85.1607,-8388608
85.1608,-985437
85.1646,8388607
85.1688,8388607
85.1729,-8388608
85.1770,-8388608
85.1810,-2250325
85.1851,8388607
85.1892,8388607
85.1933,-8388608
85.1974,-8388608
85.2015,-3471089
85.2056,8388607
85.2097,8388607
85.2138,-8388608
85.2179,-8388608
85.2220,-4338861
85.2260,8388607
85.2302,8388607
85.2342,-8388608
85.2384,-8388608
85.2424,-7140219
85.2466,2674846
85.2506,8388607
85.2548,-8388608
85.2588,-8388608
85.2629,-8037717
85.2670,902500
85.2711,-3857500
85.2753,-8388608
85.2794,-8388608
85.2835,-1862807
85.2835,91544
85.2918,-8388608
85.2919,-8388608
85.2957,-4858436
85.2999,8208062
85.3040,-264736
85.3081,-8388608
85.3121,-4536019
85.3163,8388607
85.3203,8388607
85.3244,-637500
85.3285,-8388608
85.3327,-2338573
85.3367,8388607
85.3408,8388607
85.3449,-889504
85.3491,-8388608
85.3532,-1941457
85.3572,8388607
85.3613,8388607
85.3654,-1251081
85.3695,-8388608
85.3737,-5324297
85.3777,8388607
85.3818,8388607
85.3859,-1095866
85.3900,-8388608
85.3941,-7710442
85.3982,8388607
85.4023,8388607
85.4065,-1100168
85.4106,-8388608
85.4147,-8388608
85.4188,8388607
85.4189,8388607
85.4228,-1032275
85.4268,-7927612
85.4310,-8388608
85.4350,8388607
85.4391,8388607
85.4433,-1250444
85.4473,-7339292
85.4514,-8388608
85.4555,8388607
85.4596,8388607
85.4637,-843162
85.4678,-6809804
85.4719,-8388608
85.4760,8388607
85.4801,8388607
85.4842,-132351
85.4883,-6206776
85.4924,-8388608
85.4965,8388607
85.5006,8388607
85.5047,629567
85.5088,-5597686
85.5129,-8388608
85.5170,8388607
85.5210,8388607
85.5251,1409089
85.5292,-5318166
85.5334,-8388608
85.5376,8388607
85.5417,8388607
85.5456,2144247
85.5457,-4831496
85.5496,-8388608
85.5537,8030567
85.5578,8388607
85.5619,2819496
85.5660,-4261885
85.5701,-8388608
85.5742,7133379
85.5783,8388607
85.5825,3489388
85.5866,-3547619
85.5907,-8388608
85.5948,6050587
85.5988,8388607
85.6030,4275017
85.6071,-2977314
85.6112,-8388608
85.6151,5316056
85.6193,8388607
85.6235,4829292
85.6276,-2377674
85.6318,-8388608
85.6357,4524373
85.6397,8388607
85.6439,5201162
85.6480,-1710671
85.6521,-8388608
85.6562,1791770
85.6603,8053401
85.6645,6143778
85.6686,-764828
85.6726,-8388608
85.6727,-8388608
85.6767,-8388608
85.6808,-1039652
85.6848,4075270
85.6890,8388607
85.6931,-8388608
85.6972,-8388608
85.7013,-3265177
85.7054,8388607
85.7094,8388607
85.7135,-8388608
85.7177,-8388608
85.7217,-4706561
85.7258,8388607
85.7298,8388607
85.7341,-8388608
85.7381,-8388608
85.7422,-5633165
85.7463,8388607
85.7504,8388607
85.7545,-8368852
85.7588,-8388608
85.7627,-6956885
85.7669,8388607
85.7709,8388607
85.7750,-7368708
85.7790,-8388608
85.7833,-8221773
85.7873,8388607
85.7916,8388607
85.7954,-6339148
85.7997,-8388608
85.7998,-8388608
85.8037,8388607
85.8078,8388607
85.8118,-4941888
85.8159,-8388608
85.8200,-8388608
85.8241,8388607
85.8282,8388607
85.8324,-3618168
85.8365,-8388608
85.8405,-8388608
85.8447,8388607
85.8487,8388607
85.8528,-2382696
85.8569,-8388608
85.8610,-8388608
85.8651,8388607
85.8692,8388607
85.8733,-1338428
85.8774,-8388608
85.8815,-8388608
85.8857,8388607
85.8897,8388607
85.8938,-225720
85.8979,-8388608
85.9020,-8388608
85.9061,8388607
85.9102,8388607
85.9143,397115
85.9185,-8388608
85.9226,-8388608
85.9267,8388607
85.9268,8388607
85.9307,1338427
85.9347,-8388608
85.9389,-8388608
85.9429,8388607
85.9470,8388607
85.9511,2441527
85.9553,-8388608
85.9593,-8388608
85.9634,8388607
85.9675,8388607
85.9717,3927035
85.9757,-8388608
85.9798,-8388608
85.9839,8388607
85.9880,8388607
85.9921,5133091
85.9962,-8388608
86.0003,-8388608
86.0044,7854071
86.0085,8388607
86.0126,6236191
86.0167,-8388608
86.0208,-8388608
86.0248,6442103
86.0289,8388607
86.0331,7398123
86.0371,-8388608
86.0414,-8388608
86.0452,5294879
86.0496,8388607
86.0537,8354143
86.0578,-8388608
86.0579,-8388608
86.0616,4221195
86.0657,8388607
86.0699,8388607
86.0740,-8388608
86.0781,-8388608
86.0822,2323863
86.0862,8388607
86.0904,8388607
86.0944,-8388608
86.0986,-8388608
86.1026,830389
86.1068,8388607
86.1108,8388607
86.1149,-8388608
86.1189,-8388608
86.1231,-996214
86.1271,8388607
86.1313,8388607
86.1354,-8388608
86.1395,-8388608
86.1437,-1550143
86.1476,8388607
86.1517,8388607
86.1558,-8388608
86.1599,-8388608
86.1640,-2915132
86.1681,8388607
86.1722,8388607
86.1765,-8388608
86.1806,-8388608
86.1846,-3761806
86.1847,8388607
86.1886,8388607
86.1927,-8388608
86.1969,-8388608
86.2010,-4895460
86.2051,8388607
86.2092,8388607
86.2133,-8388608
86.2173,-8388608
86.2214,-6065918
86.2255,8388607
86.2297,8388607
86.2338,-7295168
86.2378,-8388608
86.2419,-7144428
86.2461,8388607
86.2501,8388607
86.2542,-6059696
86.2583,-8388608
86.2625,-8278817
86.2665,8388607
86.2706,8388607
86.2747,-4912472
86.2787,-8388608
86.2828,-8388608
86.2870,8388607
86.2910,8388607
86.2952,-3765248
86.2993,-8388608
86.3035,-8388608
86.3076,8388607
86.3116,8388607
86.3117,-2426820
86.3156,-8388608
86.3196,-8388608
86.3238,8388607
86.3278,8388607
86.3319,-1235472
86.3361,-8388608
86.3401,-8388608
86.3442,8388607
86.3483,8388607
86.3524,-134646
86.3567,-8388608
86.3607,-8388608
86.3648,8388607
86.3689,8388607
86.3730,323575
86.3771,-8388608
86.3812,-8388608
86.3853,8388607
86.3894,8388607
86.3935,1441383
86.3976,-8388608
86.4017,-8388608
86.4058,8388607
86.4099,8388607
86.4139,2529775
86.4181,-8388608
86.4223,-8388608
86.4263,8388607
86.4305,8388607
86.4343,3529919
86.4385,-8388608
86.4386,-8388608
86.4426,8355339
86.4467,8388607
86.4508,4662435
86.4549,-8388608
86.4590,-8388608
86.4630,7230053
86.4672,8388607
86.4713,5721411
86.4754,-8388608
86.4794,-8388608
86.4837,6368675
86.4877,8388607
86.4918,6721555
86.4959,-8388608
86.4999,-8388608
86.5040,5704924
86.5082,8388607
86.5122,7839363
86.5164,-8388608
86.5204,-8388608
86.5245,5210544
86.5286,8388607
86.5327,8388607
86.5368,-8388608
86.5409,-8388608
86.5450,4412399
86.5491,8388607
86.5532,8388607
86.5575,-8388608
86.5615,-8388608
86.5656,3382839
86.5657,8388607
86.5696,8388607
86.5737,-8388608
86.5777,-8388608
86.5819,2573899
86.5860,8388607
86.5900,8388607
86.5943,-8388608
86.5982,-8388608
86.6023,1676711
86.6065,8388607
86.6105,8388607
86.6147,-8388608
86.6186,-8388608
86.6228,1103099
86.6269,8388607
86.6310,8388607
86.6351,-8388608
86.6392,-8388608
86.6433,115504
86.6473,8388607
86.6514,8388607
86.6556,-8388608
86.6596,-8388608
86.6637,-352993
86.6678,8388607
86.6719,8388607
86.6761,-8388608
86.6803,-8388608
86.6843,-1323721
86.6883,8388607
86.6924,8388607
86.6925,-8388608
86.6965,-8388608
86.7006,-2618025
86.7046,8388607
86.7088,8388607
86.7129,-8388608
86.7170,-8388608
86.7210,-3824081
86.7252,8388607
86.7292,8388607
86.7333,-8388608
86.7374,-8388608
86.7416,-4941889
86.7456,8388607
86.7497,8388607
86.7538,-8388608
86.7579,-8388608
86.7620,-6147945
86.7661,8388607
86.7702,8388607
86.7743,-7868780
86.7784,-8388608
86.7825,-7324585
86.7866,8388607
86.7907,8388607
86.7948,-6677432
86.7989,-8388608
86.8031,-8388608
86.8071,8388607
86.8112,8388607
86.8154,-5383128
86.8196,-8388608
86.8197,-8388608
86.8236,8388607
86.8277,8388607
86.8317,-3912328
86.8359,-8388608
86.8399,-8388608
86.8440,8388607
86.8481,8388607
86.8522,-64491
86.8563,-8388608
86.8604,-8388608
86.8645,8388607
86.8686,8388607
86.8727,3647583
86.8768,-8388608
86.8809,-8388608
86.8850,-8388608
86.8891,-8388608
86.8931,943725
86.8973,8388607
86.9014,8388607
86.9055,-8388608
86.9096,-8388608
86.9136,687218
86.9178,8388607
86.9218,8388607
86.9260,-8388608
86.9303,-8388608
86.9343,-1055229
86.9384,8388607
86.9423,8388607
86.9464,-8388608
86.9465,-8388608
86.9505,-3765249
86.9547,8388607
86.9587,8388607
86.9628,-8388608
86.9668,-8388608
86.9710,-4603605
86.9751,8388607
86.9792,8388607
86.9832,-8388608
86.9874,-8388608
86.9915,-5706705
86.9956,8388607
86.9997,8388607
87.0038,-7927612
87.0079,-8388608
87.0120,-6721557
87.0160,8388607
87.0201,8388607
87.0243,-6912760
87.0283,-8388608
87.0324,-6397981
87.0365,8388607
87.0407,8388607
87.0446,-5956740
87.0488,-8388608
87.0529,-7957029
87.0570,8388607
87.0610,8388607
87.0654,-5015428
87.0695,-8388608
87.0733,-6959289
87.0734,8388607
87.0775,8388607
87.0816,-4029992
87.0857,-8388608
87.0898,-8388608
87.0939,8388607
87.0979,8388607
87.1022,-3691708
87.1061,-8388608
87.1103,-8388608
87.1143,8388607
87.1185,8388607
87.1225,-1882624
87.1266,-8388608
87.1307,-8388608
87.1348,8388607
87.1388,8388607
87.1430,-522296
87.1472,-8388608
87.1512,-8388608
87.1554,8388607
87.1594,8388607
87.1636,247683
87.1676,-8388608
87.1716,-8388608
87.1757,8388607
87.1798,8388607
87.1839,1411967
87.1882,-8388608
87.1922,-8388608
87.1963,8388607
87.2004,8388607
87.2005,2618023
87.2046,-8388608
87.2085,-8388608
87.2127,8388607
87.2167,8388607
87.2208,3868203
87.2249,-8388608
87.2290,-8388608
87.2331,8388607
87.2373,8388607
87.2413,5103675
87.2455,-8388608
87.2494,-8388608
87.2536,8388607
87.2577,8388607
87.2617,6442103
87.2659,-8388608
87.2700,-8388608
87.2740,7339291
87.2781,8388607
87.2823,7589327
87.2868,-8388608
87.2912,-8388608
87.2945,6015571
87.2986,8388607
87.3037,8388607
87.3068,-8388608
87.3108,-8388608
87.3154,4677143
87.3193,8388607
87.3232,8388607
87.3273,-8388608
87.3315,-8388608
87.3321,3647583
87.3360,8388607
87.3397,8388607
87.3436,-8388608
87.3494,-8388608
87.3520,1985579
87.3562,8388607
87.3605,8388607
87.3641,-8388608
87.3689,-8388608
87.3731,1897331
87.3764,8388607
87.3818,8388607
87.3847,-8388608
87.3887,-8388608
87.3928,1779880
87.3969,8388607
87.4012,8388607
87.4058,-8388608
87.4092,-8388608
87.4133,190571
87.4178,8388607
87.4214,8388607
87.4256,-8388608
87.4297,-8388608
87.4348,-1035848
87.4378,8388607
87.4419,8388607
87.4463,-8388608
87.4506,-8388608
87.4542,-2191493
87.4584,8388607
87.4585,8388607
87.4625,-8388608
87.4667,-8388608
87.4710,-3441673
87.4747,8388607
87.4788,8388607
87.4836,-8388608
87.4870,-8388608
87.4911,-4971305
87.4953,8388607
87.4998,8388607
87.5038,-8388608
87.5075,-8388608
87.5116,-5721413
87.5165,8388607
87.5202,8388607
87.5238,-7456956
87.5279,-8388608
87.5325,-6677433
87.5365,8388607
87.5402,8388607
87.5443,-6221484
87.5504,-8388608
87.5526,-7809949
87.5566,8388607
87.5607,8388607
87.5657,-5074260
87.5690,-8388608
87.5731,-8388608
87.5773,8388607
87.5823,8388607
87.5856,-3868204
87.5857,-8388608
87.5895,-8388608
87.5936,8388607
87.5992,8388607
87.6026,-2706272
87.6058,-8388608
87.6099,-8388608
87.6151,8388607
87.6186,8388607
87.6223,-1662004
87.6264,-8388608
87.6326,-8388608
87.6347,8388607
87.6387,8388607
87.6427,-508658
87.6468,-8388608
87.6508,-8388608
87.6560,8388607
87.6590,8388607
87.6631,147079
87.6682,-8388608
87.6713,-8388608
87.6754,8388607
87.6796,8388607
87.6844,897187
87.6878,-8388608
87.6918,-8388608
87.6959,8388607
87.7000,8388607
87.7042,2132659
87.7083,-8388608
87.7125,-8388608
87.7126,8388607
87.7172,8388607
87.7206,3265175
87.7246,-8388608
87.7286,-8388608
87.7338,8388607
87.7373,8388607
87.7412,4485939
87.7451,-8388608
87.7495,-8388608
87.7538,8388607
87.7575,8388607
87.7614,5544915
87.7662,-8388608
87.7702,-8388608
87.7737,8388607
87.7778,8388607
87.7834,6721555
87.7861,-8388608
87.7901,-8388608
87.7942,7280459
87.7992,8388607
87.8028,7765823
87.8066,-8388608
87.8106,-8388608
87.8155,6397979
87.8189,8388607
87.8233,8388607
87.8271,-8388608
87.8314,-8388608
87.8352,5280171
87.8394,8388607
87.8394,8388607
87.8433,-8388608
87.8487,-8388608
87.8522,3412255
87.8556,8388607
87.8597,8388607
87.8646,-8388608
87.8687,-8388608
87.8726,1544339
87.8761,8388607
87.8815,8388607
87.8852,-8388608
87.8885,-8388608
87.8926,255475
87.8983,8388607
87.9014,8388607
87.9048,-8388608
87.9089,-8388608
87.9130,-147081
87.9181,8388607
87.9216,8388607
87.9252,-8388608
87.9294,-8388608
87.9343,-1191349
87.9377,8388607
87.9417,8388607
87.9457,-8388608
87.9504,-8388608
87.9543,-2853353
87.9583,8388607
87.9623,8388607
87.9671,-8388608
87.9673,-8388608
87.9704,-3632877
87.9744,8388607
87.9785,8388607
87.9836,-8388608
87.9869,-8388608
87.9908,-4750685
87.9949,8388607
88.0006,8388607
88.0035,-8089400
88.0073,-8388608
88.0113,-6339149
88.0162,8388607
88.0195,8388607
88.0236,-6809804
88.0276,-8388608
88.0325,-8388608
88.0358,8388607
88.0400,8388607
88.0440,-4794808
88.0492,-8388608
88.0526,-8388608
88.0563,8388607
88.0604,8388607
88.0661,6103819
88.0695,-8388608
88.0727,-8388608
88.0768,8388607
88.0820,8388607
88.0853,8388607
88.0892,-8388608
88.0933,-8388608
88.0934,1663217
88.0984,8388607
88.1021,8388607
88.1055,-8388608
88.1096,-8388608
88.1150,-8388608
88.1181,-50383
88.1218,8388607
88.1259,8388607
88.1320,8388607
88.1344,-8388608
88.1386,-8388608
88.1423,445167
88.1490,8388607
88.1509,8388607
88.1547,-8388608
88.1587,-8388608
88.1628,115044
88.1676,8388607
88.1712,8388607
88.1752,-8388608
88.1792,-8388608
88.1835,-188325
88.1879,8388607
88.1915,8388607
88.1958,-8388608
88.2001,-8388608
88.2038,-1264889
88.2078,8388607
88.2120,8388607
88.2165,-8388608
88.2203,-8388608
88.2243,1427101
88.2243,8388607
88.2284,8388607
88.2334,-8388608
88.2366,-8388608
88.2406,-3868205
88.2447,8388607
88.2489,8388607
88.2529,-8388608
88.2570,-8388608
88.2611,-4824225
88.2656,8388607
88.2695,8388607
88.2734,-5848027
88.2776,-8388608
88.2824,-6236193
88.2857,8388607
88.2898,8388607
88.2939,-7456956
88.2982,-8388608
88.3030,-7045133
88.3061,8388607
88.3102,8388607
88.3146,-6471520
88.3190,-8388608
88.3231,-8221773
88.3268,8388607
88.3321,8388607
88.3349,-4059408
88.3390,-8388608
88.3430,-8388608
88.3484,8388607
88.3513,8388607
88.3518,-3574044
88.3553,-8388608
88.3594,-8388608
88.3638,8388607
88.3678,8388607
88.3717,-3191636
88.3758,-8388608
88.3821,-8388608
88.3848,8388607
88.3881,8388607
88.3922,-158096
88.3964,-8388608
88.4006,-8388608
88.4045,8388607
88.4086,8388607
88.4127,-228780
88.4175,-8388608
88.4209,-8388608
88.4249,8388607
88.4290,8388607
88.4337,533744
88.4374,-8388608
88.4414,-8388608
88.4456,8388607
88.4504,8388607
88.4536,1941455
88.4577,-8388608
88.4619,-8388608
88.4664,8388607
88.4702,8388607
88.4742,340846
88.4785,-8388608
88.4786,-8388608
88.4825,8388607
88.4869,8388607
88.4906,2667667
88.4946,-8388608
88.4991,-8388608
88.5031,8388607
88.5073,8388607
88.5111,4574187
88.5154,-8388608
88.5196,-8388608
88.5232,8388607
88.5273,8388607
88.5329,8388607
88.5362,-8388608
88.5396,-4530065
88.5437,8388607
88.5485,8388607
88.5527,7604035
88.5561,-8388608
88.5601,-8388608
88.5650,7706991
88.5691,8388607
88.5725,7615569
88.5766,-8388608
88.5811,-8388608
88.5855,6648015
88.5888,8388607
88.5929,6825626
88.5984,-8388608
88.6012,-8388608
88.6054,5000719
88.6055,8388607
88.6092,8252666
88.6136,-8388608
88.6177,-8388608
88.6216,5559623
88.6256,8388607
88.6299,8388607
88.6343,-8388608
88.6381,-8388608
88.6420,3044555
88.6462,8388607
88.6510,8388607
88.6544,-8388608
88.6585,-8388608
88.6626,2067324
88.6674,8388607
88.6707,8388607
88.6748,-8388608
88.6789,-8388608
88.6836,909015
88.6873,8388607
88.6912,8388607
88.6953,-8388608
88.7003,-8388608
88.7039,63423
88.7075,8388607
88.7117,8388607
88.7159,-8388608
88.7200,-8388608
88.7240,-804903
88.7283,8388607
88.7322,8388607
88.7323,-8388608
88.7363,-8388608
88.7403,-2176785
88.7445,8388607
88.7489,8388607
88.7530,-8388608
88.7568,-8388608
88.7608,-3647585
88.7656,8388607
88.7693,8388607
88.7732,-8388608
88.7772,-8388608
88.7830,-4633021
88.7861,8388607
88.7895,8388607
88.7936,-8118816
88.7984,-8388608
88.8025,-4691853
88.8062,8388607
88.8101,8388607
88.8149,-6353856
88.8189,-8388608
88.8223,-5662581
88.8263,8388607
88.8316,8388607
88.8349,-5647872
88.8387,-8388608
88.8429,-7221629
88.8485,8388607
88.8517,8388607
88.8552,-5500792
88.8592,-8388608
88.8635,-8388608
88.8647,8388607
88.8677,8388607
88.8719,-4530064
88.8756,-8388608
88.8811,-8388608
88.8844,8388607
88.8878,8388607
88.8919,-3941744
88.8976,-8388608
88.9004,-8388608
88.9045,8388607
88.9082,8388607
88.9124,-2875196
88.9169,-8388608
88.9209,-8388608
88.9246,8388607
88.9288,8388607
88.9332,-2767679
88.9376,-8388608
88.9410,-8388608
88.9452,8388607
88.9498,8388607
88.9542,-272967
88.9576,-8388608
88.9616,-8388608
88.9663,8388607
88.9700,8388607
88.9739,-586390
88.9780,-8388608
88.9821,-8388608
88.9861,8388607
88.9901,8388607
88.9902,2343437
88.9943,-8388608
88.9996,-8388608
89.0028,8388607
89.0066,8388607
89.0106,4471231
89.0165,-8388608
89.0189,-8388608
89.0230,8388607
89.0270,8388607
89.0318,4853639
89.0362,-8388608
89.0393,-8388608
89.0434,8388607
89.0487,8388607
89.0520,5574331
89.0558,-8388608
89.0598,-8388608
89.0642,8133523
89.0684,8388607
89.0722,8388607
89.0762,-8388608
89.0818,-8388608
89.0852,8388607
89.0886,8388607
89.0927,8388607
89.0978,-8388608
89.1008,-8388608
89.1049,5824367
89.1091,8388607
89.1134,8388607
89.1174,-8388608
89.1181,-8388608
89.1214,3971159
89.1254,8388607
89.1294,8388607
89.1342,-8388608
89.1376,-8388608
89.1417,2456235
89.1462,8388607
89.1504,8388607
89.1540,-8388608
89.1581,-8388608
89.1623,1970871
89.1669,8388607
89.1704,8388607
89.1745,-8388608
89.1786,-8388608
89.1830,453045
89.1869,8388607
89.1909,8388607
89.1951,-8388608
89.1992,-8388608
89.2036,-234621
89.2073,8388607
89.2114,8388607
89.2156,-8388608
89.2197,-8388608
89.2236,-1323721
89.2278,8388607
89.2321,8388607
89.2360,-8388608
89.2402,-8388608
89.2441,-2323865
89.2442,8388607
89.2487,8388607
89.2524,-8388608
89.2564,-8388608
89.2605,-3338717
89.2657,8388607
89.2688,8388607
89.2729,-8265896
89.2769,-8388608
89.2818,-4956597
89.2851,8388607
89.2892,8388607
89.2933,-7236336
89.2981,-8388608
89.3016,-6236193
89.3056,8388607
89.3096,8388607
89.3140,-6177360
89.3178,-8388608
89.3219,-7604037
89.3261,8388607
89.3312,8388607
89.3342,-5427252
89.3383,-8388608
89.3424,-8388608
89.3484,8388607
89.3507,8388607
89.3549,-4235904
89.3590,-8388608
89.3644,-8388608
89.3672,8388607
89.3711,8388607
89.3712,-4412400
89.3752,-8388608
89.3796,-8388608
89.3841,8388607
89.3875,8388607
89.3916,-5956740
89.3957,-8388608
89.4005,-8388608
89.4039,8388607
89.4080,8388607
89.4121,-4191780
89.4171,-8388608
89.4202,-8388608
89.4243,8388607
89.4284,8388607
89.4336,-1605414
89.4367,-8388608
89.4407,-8388608
89.4449,8388607
89.4491,8388607
89.4533,-585858
89.4577,-8388608
89.4613,-8388608
89.4659,8388607
89.4699,8388607
89.4735,949574
89.4776,-8388608
89.4822,-8388608
89.4858,8388607
89.4900,8388607
89.4942,771485
89.4986,-8388608
89.4991,-8388608
89.5023,8388607
89.5063,8388607
89.5103,2027537
89.5159,-8388608
89.5192,-8388608
89.5226,8388607
89.5267,8388607
89.5315,3294591
89.5353,-8388608
89.5390,-8388608
89.5431,8388607
89.5475,8388607
89.5514,4986011
89.5555,-8388608
89.5596,-8388608
89.5641,8388607
89.5683,8388607
89.5719,6162651
89.5760,-8388608
89.5813,-8388608
89.5842,7780531
89.5884,8388607
89.5922,7059839
89.5972,-8388608
89.6012,-8388608
89.6052,6574475
89.6088,8388607
89.6144,8199068
89.6169,-8388608
89.6210,-8388608
89.6251,5133091
89.6252,8388607
89.6291,7754001
89.6335,-8388608
89.6377,-8388608
89.6414,3912327
89.6474,8388607
89.6503,8388607
89.6540,-8388608
89.6578,-8388608
89.6620,3706415
89.6668,8388607
89.6705,8388607
89.6743,-8388608
89.6784,-8388608
89.6831,2470943
89.6870,8388607
89.6906,8388607
89.6947,-8388608
89.6995,-8388608
89.7032,1797505
89.7071,8388607
89.7111,8388607
89.7159,-8388608
89.7200,-8388608
89.7233,1023991
89.7274,8388607
89.7327,8388607
89.7358,-8388608
89.7398,-8388608
89.7439,-121733
89.7484,8388607
89.7522,8388607
89.7561,-8388608
89.7562,-8388608
89.7603,-388120
89.7648,8388607
89.7686,8388607
89.7725,-8388608
89.7766,-8388608
89.7816,-813204
89.7856,8388607
89.7889,8388607
89.7930,-8388608
89.7977,-8388608
89.8021,-3279885
89.8054,8388607
89.8094,8388607
89.8151,-8388608
89.8185,-8388608
89.8216,-4309445
89.8258,8388607
89.8318,8388607
89.8348,-8045276
89.8380,-8388608
89.8421,-5441961
89.8481,8388607
89.8507,8388607
89.8545,-7059840
89.8587,-8388608
89.8638,-6853929
89.8675,8388607
89.8708,8388607
89.8750,-5927324
89.8807,-8388608
89.8830,-8388608
89.8832,8388607
89.8872,8388607
89.8912,-4794808
89.8954,-8388608
89.8995,-8388608
89.9040,8388607
89.9076,8388607
89.9119,-5044844
89.9161,-8388608
89.9208,-8388608
89.9241,8388607
89.9281,8388607
89.9332,-2554448
89.9365,-8388608
89.9404,-8388608
89.9447,8388607
89.9491,8388607
89.9537,-1407340
89.9568,-8388608
89.9609,-8388608
89.9657,8388607
89.9697,8388607
89.9732,-457874
89.9773,-8388608
89.9818,-8388608
89.9858,8388607
89.9896,8388607
89.9936,1007888
89.9987,-8388608
90.0019,-8388608
90.0059,8388607
90.0102,8388607
90.0104,2275914
90.0146,-8388608
90.0183,-8388608
90.0223,8388607
90.0264,8388607
90.0316,3750539
90.0351,-8388608
90.0387,-8388608
90.0429,8388607
90.0480,8388607
90.0513,5427251
90.0551,-8388608
90.0592,-8388608
90.0641,8388607
90.0677,8388607
90.0717,7398123
90.0757,-8388608
90.0818,-8388608
90.0844,6795095
90.0879,8388607
90.0919,8265895
90.0977,-8388608
90.1004,-8388608
90.1044,5530207
90.1085,8388607
90.1142,8388607
90.1167,-8388608
90.1207,-8388608
90.1247,3956451
90.1289,8388607
90.1331,8388607
90.1371,-8388608
90.1373,-8388608
90.1411,2912183
90.1453,8388607
90.1495,8388607
90.1535,-8388608
90.1577,-8388608
90.1617,1750251
90.1663,8388607
90.1702,8388607
90.1740,-8388608
90.1780,-8388608
90.1826,537784
90.1863,8388607
90.1903,8388607
90.1945,-8388608
90.1986,-8388608
90.2029,-58833
90.2070,8388607
90.2108,8388607
90.2154,-8388608
90.2191,-8388608
90.2233,-750109
90.2271,8388607
90.2322,8388607
90.2356,-8388608
90.2396,-8388608
90.2436,-2059121
90.2479,8388607
90.2518,8388607
90.2560,-8388608
90.2601,-8388608
90.2641,-3338717
90.2649,8388607
90.2688,8388607
90.2722,-8388608
90.2763,-8388608
90.2824,-4500649
90.2849,8388607
90.2887,8388607
90.2927,-8192356
90.2969,-8388608
90.3019,-5265465
90.3050,8388607
90.3091,8388607
90.3143,-7545204
90.3173,-8388608
90.3223,-6471521
90.3255,8388607
90.3309,8388607
90.3342,-8045276
90.3382,-8388608
90.3418,-5486085
90.3472,8388607
90.3508,8388607
90.3542,-7324584
90.3583,-8388608
90.3642,-7501081
90.3674,8388607
90.3705,8388607
90.3746,-5883200
90.3787,-8388608
90.3831,-8388608
90.3869,8388607
90.3912,8388607
90.3913,-4530064
90.3954,-8388608
90.3992,-8388608
90.4037,8388607
90.4074,8388607
90.4115,-3235760
90.4162,-8388608
90.4201,-8388608
90.4238,8388607
90.4278,8388607
90.4320,-2191492
90.4361,-8388608
90.4402,-8388608
90.4443,8388607
90.4493,8388607
90.4532,-1061734
90.4565,-8388608
90.4606,-8388608
90.4649,8388607
90.4688,8388607
90.4729,-440659
90.4770,-8388608
90.4815,-8388608
90.4856,8388607
90.4893,8388607
90.4934,323534
90.4984,-8388608
90.5016,-8388608
90.5057,8388607
90.5098,8388607
90.5142,1735282
90.5181,-8388608
90.5182,-8388608
90.5220,8388607
90.5261,8388607
90.5303,2322451
90.5348,-8388608
90.5384,-8388608
90.5426,8388607
90.5484,8388607
90.5513,3632875
90.5548,-8388608
90.5589,-8388608
90.5644,8388607
90.5682,8388607
90.5712,5574331
90.5753,-8388608
90.5804,-8388608
90.5836,8388607
90.5883,8388607
90.5916,6706847
90.5967,-8388608
90.6002,-8388608
90.6039,6883343
90.6080,8388607
90.6141,7957027
90.6163,-8388608
90.6204,-8388608
90.6244,5633163
90.6304,8388607
90.6327,8388607
90.6369,-8388608
90.6409,-8388608
90.6453,4515355
90.6454,8388607
90.6498,8388607
90.6531,-8388608
90.6572,-8388608
90.6614,3515211
90.6663,8388607
90.6697,8388607
90.6736,-8388608
90.6777,-8388608
90.6823,2338571
90.6859,8388607
90.6899,8388607
90.6941,-8388608
90.6986,-8388608
90.7030,922437
90.7063,8388607
90.7105,8388607
90.7159,-8388608
90.7189,-8388608
90.7227,357763
90.7268,8388607
90.7319,8388607
90.7355,-8388608
90.7391,-8388608
90.7433,-654776
90.7486,8388607
90.7521,8388607
90.7556,-8388608
90.7598,-8388608
90.7641,-1706129
90.7679,8388607
90.7719,8388607
90.7759,-8388608
90.7760,-8388608
90.7806,-2691565
90.7844,8388607
90.7883,8388607
90.7923,-8388608
90.7978,-8388608
90.8008,-4147657
90.8046,8388607
90.8087,8388607
90.8138,-8388608
90.8177,-8388608
90.8218,-5324297
90.8251,8388607
90.8313,8388607
90.8338,-8015860
90.8380,-8388608
90.8417,-5971449
90.8463,8388607
90.8500,8388607
90.8544,-6044988
90.8579,-8388608
90.8633,-7339293
90.8663,8388607
90.8704,8388607
90.8743,-5603748
90.8807,-8388608
90.8827,-8388608
90.8868,8388607
90.8909,8388607
90.8964,-4530064
90.8992,-8388608
90.9029,-8388608
90.9030,8388607
90.9071,8388607
90.9112,-3162220
90.9158,-8388608
90.9193,-8388608
90.9234,8388607
90.9276,8388607
90.9323,-2305877
90.9365,-8388608
90.9398,-8388608
90.9439,8388607
90.9480,8388607
90.9528,-1282951
90.9563,-8388608
90.9604,-8388608
90.9653,8388607
90.9694,8388607
90.9726,-637625
90.9769,-8388608
90.9815,-8388608
90.9858,8388607
90.9890,8388607
90.9933,438323
90.9979,-8388608
91.0024,-8388608
91.0053,8388607
91.0094,8388607
91.0144,1805363
91.0178,-8388608
91.0218,-8388608
91.0258,8388607
91.0301,8388607
91.0302,3088679
91.0347,-8388608
91.0381,-8388608
91.0422,8388607
91.0481,8388607
91.0508,3411073
91.0545,-8388608
91.0586,-8388608
91.0638,8388607
91.0668,8388607
91.0709,5191923
91.0750,-8388608
91.0796,-8388608
91.0841,8388607
91.0874,8388607
91.0915,6633307
91.0966,-8388608
91.0996,-8388608
91.1036,7736407
91.1077,8388607
91.1129,8119447
91.1160,-8388608
91.1200,-8388608
91.1241,6618599
91.1303,8388607
91.1324,8388607
91.1365,-8388608
91.1406,-8388608
91.1467,5265463
91.1494,8388607
91.1530,8388607
91.1570,-8388608
91.1571,-8388608
91.1610,4206487
91.1655,8388607
91.1695,8388607
91.1734,-8388608
91.1774,-8388608
91.1822,3397547
91.1856,8388607
91.1898,8388607
91.1938,-8388608
91.1986,-8388608
91.2020,1810707
91.2061,8388607
91.2102,8388607
91.2144,-8388608
91.2189,-8388608
91.2224,1149845
91.2266,8388607
91.2312,8388607
91.2347,-8388608
91.2388,-8388608
91.2429,692208
91.2476,8388607
91.2517,8388607
91.2552,-8388608
91.2593,-8388608
91.2642,-1322263
91.2676,8388607
91.2716,8388607
91.2761,-8388608
91.2803,-8388608
91.2839,-1703151
91.2840,8388607
91.2879,8388607
91.2921,-8388608
91.2966,-8388608
91.3008,-3632877
91.3048,8388607
91.3084,8388607
91.3132,-8388608
91.3166,-8388608
91.3207,-4221197
91.3248,8388607
91.3289,8388607
91.3330,-7265752
91.3371,-8388608
91.3412,-5809661
91.3463,8388607
91.3494,8388607
91.3536,-5956740
91.3576,-8388608
91.3620,-5897909
91.3658,8388607
91.3699,8388607
91.3740,-5500792
91.3810,-8388608
91.3822,-7280461
91.3862,8388607
91.3903,8388607
91.3945,-3338716
91.3989,-8388608
91.4027,-7486686
91.4068,8388607
91.4110,8388607
91.4150,-2191492
91.4151,-8388608
91.4191,-8388608
91.4231,8388607
91.4272,8388607
91.4317,-1760295
91.4359,-8388608
91.4396,-8388608
91.4436,8388607
91.4479,8388607
91.4519,-1388907
91.4560,-8388608
91.4600,-8388608
91.4645,8388607
91.4686,8388607
91.4724,-853359
91.4764,-8388608
91.4805,-8388608
91.4852,8388607
91.4889,8388607
91.4928,-1052046
91.4975,-8388608
91.5014,-8388608
91.5052,8388607
91.5091,8388607
91.5138,963395
91.5178,-8388608
91.5220,-8388608
91.5256,8388607
91.5299,8388607
91.5338,3632875
91.5379,-8388608
91.5419,-8388608
91.5420,8388607
91.5463,8388607
91.5503,3312022
91.5542,-8388608
91.5583,-8388608
91.5629,8388607
91.5669,8388607
91.5706,4429893
91.5747,-8388608
91.5797,-8388608
91.5838,8388607
91.5869,8388607
91.5910,6383271
91.5969,-8388608
91.5995,-8388608
91.6033,8388607
91.6074,8388607
91.6129,7368707
91.6160,-8388608
91.6198,-8388608
91.6238,5736119
91.6279,8388607
91.6324,8388607
91.6361,-8388608
91.6402,-8388608
91.6444,5294879
91.6489,8388607
91.6526,8388607
91.6567,-8388608
91.6628,-8388608
91.6648,4221195
91.6690,8388607
91.6691,8388607
91.6730,-8388608
91.6771,-8388608
91.6814,3588751
91.6853,8388607
91.6894,8388607
91.6935,-8388608
91.6985,-8388608
91.7016,1897331
91.7057,8388607
91.7098,8388607
91.7152,-8388608
91.7180,-8388608
91.7221,879263
91.7262,8388607
91.7318,8388607
91.7346,-8388608
91.7388,-8388608
91.7426,228640
91.7467,8388607
91.7509,8388607
91.7550,-8388608
91.7590,-8388608
91.7637,-751831
91.7672,8388607
91.7712,8388607
91.7754,-8388608
91.7798,-8388608
91.7838,-1631601
91.7878,8388607
91.7918,8388607
91.7964,-8388608
91.7971,-8388608
91.8001,-2676857
91.8042,8388607
91.8081,8388607
91.8132,-8388608
91.8170,-8388608
91.8205,-4221197
91.8246,8388607
91.8313,8388607
91.8329,-8388608
91.8368,-8388608
91.8410,-5368421
91.8474,8388607
91.8499,8388607
91.8533,-7412832
91.8574,-8388608
91.8617,-6118529
91.8658,8388607
91.8706,8388607
91.8737,-6412688
91.8791,-8388608
91.8820,-7295169
91.8866,8388607
91.8901,8388607
91.8942,-5088968
91.8987,-8388608
91.9025,-8388608
91.9070,8388607
91.9122,8388607
91.9149,-3956452
91.9189,-8388608
91.9228,-8388608
91.9229,8388607
91.9270,8388607
91.9310,-2690352
91.9351,-8388608
91.9398,-8388608
91.9433,8388607
91.9478,8388607
91.9524,-1974420
91.9563,-8388608
91.9597,-8388608
91.9641,8388607
91.9681,8388607
91.9726,-1083646
91.9762,-8388608
91.9805,-8388608
91.9851,8388607
91.9887,8388607
91.9926,-163321
91.9975,-8388608
92.0011,-8388608
92.0047,8388607
92.0088,8388607
92.0136,876957
92.0174,-8388608
92.0212,-8388608
92.0252,8388607
92.0299,8388607
92.0341,2715756
92.0377,-8388608
92.0417,-8388608
92.0461,8388607
92.0499,8388607
92.0500,3447164
92.0539,-8388608
92.0580,-8388608
92.0633,8388607
92.0666,8388607
92.0703,5309587
92.0745,-8388608
92.0790,-8388608
92.0831,8388607
92.0868,8388607
92.0908,5677287
92.0968,-8388608
92.0997,-8388608
92.1034,8207063
92.1071,8388607
92.1125,6618599
92.1155,-8388608
92.1195,-8388608
92.1239,6942175
92.1296,8388607
92.1327,8193725
92.1360,-8388608
92.1401,-8388608
92.1457,6044987
92.1487,8388607
92.1530,8388607
92.1563,-8388608
92.1606,-8388608
92.1652,4986011
92.1687,8388607
92.1728,8388607
92.1768,-8388608
92.1769,-8388608
92.1814,3897619
92.1850,8388607
92.1891,8388607
92.1932,-8388608
92.1980,-8388608
92.2013,2823935
92.2054,8388607
92.2096,8388607
92.2140,-8388608
92.2180,-8388608
92.2222,1700256
92.2259,8388607
92.2309,8388607
92.2347,-8388608
92.2383,-8388608
92.2424,1082439
92.2470,8388607
92.2513,8388607
92.2546,-8388608
92.2588,-8388608
92.2629,23107
92.2669,8388607
92.2713,8388607
92.2751,-8388608
92.2798,-8388608
92.2833,-1201408
92.2873,8388607
92.2915,8388607
92.2964,-8388608
92.2998,-8388608
92.3037,-2438254
92.3038,8388607
92.3078,8388607
92.3125,-8388608
92.3166,-8388608
92.3205,-3294593
92.3242,8388607
92.3294,8388607
92.3331,-8388608
92.3370,-8388608
92.3406,-4780101
92.3465,8388607
92.3489,8388607
92.3533,-7383416
92.3575,-8388608
92.3629,-5750829
92.3662,8388607
92.3692,8388607
92.3734,-6427396
92.3789,-8388608
92.3822,-7192213
92.3862,8388607
92.3897,8388607
92.3939,-5324296
92.3992,-8388608
92.4020,-8050616
92.4061,8388607
92.4102,8388607
92.4144,-2647440
92.4184,-8388608
92.4226,-8388608
92.4267,8388607
92.4309,8388607
92.4350,-3114044
92.4352,-8388608
92.4389,-8388608
92.4430,8388607
92.4472,8388607
92.4512,-1716058
92.4553,-8388608
92.4594,-8388608
92.4640,8388607
92.4677,8388607
92.4717,-1171269
92.4758,-8388608
92.4803,-8388608
92.4841,8388607
92.4882,8388607
92.4921,333411
92.4968,-8388608
92.5009,-8388608
92.5044,8388607
92.5086,8388607
92.5132,955354
92.5170,-8388608
92.5210,-8388608
92.5249,8388607
92.5296,8388607
92.5337,2241772
92.5372,-8388608
92.5413,-8388608
92.5456,8388607
92.5498,8388607
92.5537,3294062
92.5577,-8388608
92.5618,-8388608
92.5620,8388607
92.5664,8388607
92.5700,4500647
92.5741,-8388608
92.5798,-8388608
92.5824,8388607
92.5870,8388607
92.5906,5441959
92.5954,-8388608
92.5998,-8388608
92.6032,8388607
92.6068,8388607
92.6123,6486227
92.6153,-8388608
92.6191,-8388608
92.6232,7986443
92.6287,8388607
92.6318,8388607
92.6356,-8388608
92.6396,-8388608
92.6444,6515643
92.6487,8388607
92.6522,8388607
92.6560,-8388608
92.6601,-8388608
92.6644,5633163
92.6684,8388607
92.6724,8388607
92.6766,-8388608
92.6806,-8388608
92.6848,4515355
92.6888,8388607
92.6889,8388607
92.6929,-8388608
92.6975,-8388608
92.7011,3647583
92.7051,8388607
92.7093,8388607
92.7135,-8388608
92.7182,-8388608
92.7219,2213410
92.7256,8388607
92.7321,8388607
92.7338,-8388608
92.7379,-8388608
92.7421,1572893
92.7473,8388607
92.7502,8388607
92.7543,-8388608
92.7584,-8388608
92.7628,892825
92.7666,8388607
92.7707,8388607
92.7748,-8388608
92.7800,-8388608
92.7832,-330441
92.7871,8388607
92.7911,8388607
92.7958,-8388608
92.7995,-8388608
92.8035,-1121022
92.8075,8388607
92.8119,8388607
92.8159,-8388608
92.8160,-8388608
92.8198,-2399975
92.8241,8388607
92.8295,8388607
92.8327,-7854072
92.8362,-8388608
92.8403,-3923885
92.8451,8388607
92.8492,8388607
92.8526,-7986444
92.8567,-8388608
92.8635,-6853929
92.8658,8388607
92.8689,8388607
92.8730,-6853928
92.8792,-8388608
92.8818,-5780245
92.8853,8388607
92.8894,8388607
92.8963,-5677288
92.8977,-8388608
92.9018,-8162941
92.9058,8388607
92.9100,8388607
92.9147,-4706560
92.9184,-8388608
92.9222,-6643514
92.9263,8388607
92.9309,8388607
92.9347,-896242
92.9387,-8388608
92.9428,-8388608
92.9429,8388607
92.9475,8388607
92.9509,-2974382
92.9550,-8388608
92.9591,-8388608
92.9634,8388607
92.9674,8388607
92.9714,191203
92.9755,-8388608
92.9796,-8388608
92.9842,8388607
92.9878,8388607
92.9919,-769702
92.9961,-8388608
93.0008,-8388608
93.0046,8388607
93.0082,8388607
93.0131,-875487
93.0166,-8388608
93.0213,-8388608
93.0246,8388607
93.0296,8388607
93.0337,1782254
93.0376,-8388608
93.0410,-8388608
93.0463,8388607
93.0497,8388607
93.0533,2018050
93.0576,-8388608
93.0619,-8388608
93.0656,8388607
93.0698,8388607
93.0699,2909575
93.0738,-8388608
93.0795,-8388608
93.0820,8388607
93.0860,8388607
93.0901,4986011
93.0955,-8388608
93.0989,-8388608
93.1024,8388607
93.1066,8388607
93.1118,5971447
93.1150,-8388608
93.1193,-8388608
93.1229,7927611
93.1289,8388607
93.1314,7221627
93.1353,-8388608
93.1393,-8388608
93.1450,7309875
93.1480,8388607
93.1518,8388607
93.1557,-8388608
93.1598,-8388608
93.1650,6295023
93.1680,8388607
93.1721,8388607
93.1762,-8388608
93.1815,-8388608
93.1845,4088823
93.1886,8388607
93.1926,8388607
93.1970,-8388608
93.2007,-8388608
93.2008,3294591
93.2048,8388607
93.2090,8343778
93.2130,-8388608
93.2171,-8388608
93.2212,4280027
93.2253,8388607
93.2294,8388607
93.2336,-8388608
93.2376,-8388608
93.2417,568580
93.2468,8388607
93.2500,8388607
93.2541,-8388608
93.2581,-8388608
93.2635,100284
93.2663,8388607
93.2704,8388607
93.2744,-8388608
93.2787,-8388608
93.2827,-1478895
93.2868,8388607
93.2908,8388607
93.2958,-8388608
93.2992,-8388608
93.3033,-2049548
93.3072,8388607
93.3124,8388607
93.3156,-8388608
93.3197,-8388608
93.3236,-2349549
93.3279,8388607
93.3289,8388607
93.3325,-8388608
93.3361,-8388608
93.3400,-4059409
93.3452,8388607
93.3482,8388607
93.3523,-7898196
93.3564,-8388608
93.3634,-5397837
93.3649,8388607
93.3688,8388607
93.3729,-7074548
93.3769,-8388608
93.3813,-6500937
93.3851,8388607
93.3893,8388607
93.3949,-5839076
93.3973,-8388608
93.4024,-7515789
93.4055,8388607
93.4097,8388607
93.4138,-5309588
93.4185,-8388608
93.4219,-8110522
93.4260,8388607
93.4307,8388607
93.4342,-5191924
93.4384,-8388608
93.4425,-8388608
93.4466,8388607
93.4509,8388607
93.4547,-1483637
93.4548,-8388608
93.4588,-8388608
93.4637,8388607
93.4672,8388607
93.4713,-4195142
93.4753,-8388608
93.4794,-8388608
93.4837,8388607
93.4874,8388607
93.4916,-80163
93.4959,-8388608
93.4998,-8388608
93.5039,8388607
93.5080,8388607
93.5130,78771
93.5165,-8388608
93.5202,-8388608
93.5243,8388607
93.5292,8388607
93.5326,1854475
93.5366,-8388608
93.5407,-8388608
93.5454,8388607
93.5492,8388607
93.5534,-1192151
93.5571,-8388608
93.5615,-8388608
93.5660,8388607
93.5699,8388607
93.5735,6806145
93.5780,-8388608
93.5818,-8388608
93.5819,8388607
93.5857,8388607
93.5899,3750350
93.5961,-8388608
93.5981,-8388608
93.6024,8388607
93.6062,8388607
93.6120,6531512
93.6150,-8388608
93.6187,-8388608
93.6227,8177647
93.6280,8388607
93.6316,7675400
93.6350,-8388608
93.6390,-8388608
93.6431,5647871
93.6476,8388607
93.6515,7333949
93.6554,-8388608
93.6596,-8388608
93.6638,5662579
93.6681,8388607
93.6719,8388607
93.6759,-8388608
93.6805,-8388608
93.6841,4177071
93.6883,8388607
93.6923,8388607
93.6964,-8388608
93.7006,-8388608
93.7046,3044555
93.7087,8388607
93.7088,8388607
93.7127,-8388608
93.7171,-8388608
93.7209,2235615
93.7251,8388607
93.7291,8388607
93.7334,-8388608
93.7374,-8388608
93.7414,1187550
93.7469,8388607
93.7496,8388607
93.7537,-8388608
93.7581,-8388608
93.7621,-588321
93.7661,8388607
93.7701,8388607
93.7742,-8388608
93.7799,-8388608
93.7824,-1662005
93.7865,8388607
93.7905,8388607
93.7960,-8388608
93.7995,-8388608
93.8033,-2926893
93.8070,8388607
93.8112,8388607
93.8157,-8388608
93.8193,-8388608
93.8234,-4015285
93.8284,8388607
93.8317,8388607
93.8357,-8388608
93.8358,-8388608
93.8397,-5780245
93.8461,8388607
93.8481,8388607
93.8527,-7456956
93.8561,-8388608
93.8606,-5691997
93.8649,8388607
93.8691,8388607
93.8730,-7103964
93.8782,-8388608
93.8813,-8177649
93.8857,8388607
93.8889,8388607
93.8947,-8265896
93.8973,-8388608
93.9015,-7883489
93.9052,8388607
93.9112,8388607
93.9139,-6059696
93.9176,-8388608
93.9217,-8388608
93.9258,8388607
93.9301,8388607
93.9340,-4927180
93.9382,-8388608
93.9422,-8388608
93.9469,8388607
93.9506,8388607
93.9546,-3382840
93.9586,-8388608
93.9629,-8388608
93.9630,8388607
93.9666,8388607
93.9707,-1929130
93.9749,-8388608
93.9792,-8388608
93.9838,8388607
93.9877,8388607
93.9913,-1281890
93.9969,-8388608
93.9997,-8388608
94.0038,8388607
94.0076,8388607
94.0127,-400080
94.0166,-8388608
94.0204,-8388608
94.0241,8388607
94.0290,8388607
94.0326,667226
94.0366,-8388608
94.0405,-8388608
94.0445,8388607
94.0489,8388607
94.0530,2941599
94.0568,-8388608
94.0618,-8388608
94.0654,8388607
94.0691,8388607
94.0732,1088783
94.0793,-8388608
94.0816,-8388608
94.0856,8388607
94.0896,8388607
94.0940,4471231
94.0942,-8388608
94.0989,-8388608
94.1024,8388607
94.1059,8388607
94.1113,5324295
94.1149,-8388608
94.1187,-8388608
94.1223,8388607
94.1265,8388607
94.1308,5848325
94.1347,-8388608
94.1393,-8388608
94.1445,6912759
94.1477,8388607
94.1512,6299283
94.1552,-8388608
94.1592,-8388608
94.1636,6059695
94.1674,8388607
94.1715,7770990
94.1756,-8388608
94.1804,-8388608
94.1841,8388607
94.1878,8388607
94.1919,7897172
94.1968,-8388608
94.2009,-8388608
94.2042,6471519
94.2084,8388607
94.2127,7782346
94.2171,-8388608
94.2206,-8388608
94.2207,5839075
94.2249,8388607
94.2292,8180748
94.2332,-8388608
94.2372,-8388608
94.2413,4521575
94.2457,8388607
94.2494,7641561
94.2534,-8388608
94.2576,-8388608
94.2626,3649549
94.2657,8388607
94.2698,7979640
94.2738,-8388608
94.2781,-8388608
94.2825,2195319
94.2864,8388607
94.2902,8388607
94.2948,-8388608
94.2985,-8388608
94.3029,2068040
94.3066,8388607
94.3111,8363835
94.3150,-8355390
94.3189,-8388608
94.3230,-3673645
94.3282,8388607
94.3320,8388607
94.3355,-8059984
94.3396,-8388608
94.3440,-4853641
94.3476,8388607
94.3478,8388607
94.3517,-8388608
94.3558,-8388608
94.3610,-5339005
94.3644,8388607
94.3685,8388607
94.3721,-7751116
94.3777,-8388608
94.3813,-4205225
94.3844,8388607
94.3885,8388607
94.3944,-5795563
94.3975,-8388608
94.4013,-6108226
94.4049,8388607
94.4091,8388607
94.4140,-6853928
94.4172,-8388608
94.4213,-4680591
94.4254,8388607
94.4299,8388607
94.4344,-1838979
94.4377,-8388608
94.4419,-8388608
94.4467,8388607
94.4504,8388607
94.4541,-1455955
94.4583,-8388608
94.4623,-7457431
94.4664,8388607
94.4706,8388607
94.4746,4688333
94.4747,-8388608
94.4791,-8388608
94.4831,8388607
94.4869,8388607
94.4910,-1051331
94.4960,-8388608
94.4999,-8388608
94.5032,8388607
94.5073,8388607
94.5120,3190614
94.5158,-8388608
94.5196,-8388608
94.5237,8388607
94.5283,8388607
94.5323,-2982403
94.5361,-8388608
94.5401,-8388608
94.5448,8388607
94.5493,8388607
94.5524,3615366
94.5565,-8388608
94.5618,-8388608
94.5647,8388607
94.5688,8388607
94.5728,-48772
94.5782,-8388608
94.5817,-8388608
94.5851,8388607
94.5892,8388607
94.5940,1511840
94.5976,-8388608
94.6017,-8388608
94.6018,8388607
94.6056,8388607
94.6109,4034769
94.6145,-8388608
94.6184,-8388608
94.6220,8074691
94.6280,8388607
94.6313,4233990
94.6343,-8388608
94.6384,-8388608
94.6445,6765679
94.6466,8388607
94.6506,8235687
94.6547,-8388608
94.6589,-8388608
94.6635,7427539
94.6671,8388607
94.6711,8388607
94.6752,-8388608
94.6795,-8388608
94.6835,5986155
94.6875,8388607
94.6916,8388607
94.6960,-8388608
94.7007,-8388608
94.7039,4721267
94.7080,8388607
94.7125,8388607
94.7164,-8388608
94.7205,-8388608
94.7247,3456379
94.7287,8388607
94.7291,8388607
94.7326,-8388608
94.7367,-8388608
94.7408,1001862
94.7449,8388607
94.7490,8388607
94.7531,-8388608
94.7575,-8388608
94.7615,243967
94.7656,8388607
94.7695,8388607
94.7735,-8388608
94.7779,-8388608
94.7823,-732605
94.7860,8388607
94.7899,8388607
94.7940,-8388608
94.7986,-8388608
94.8022,-1408501
94.8063,8388607
94.8109,8388607
94.8146,-8388608
94.8186,-8388608
94.8227,-2052681
94.8275,8388607
94.8309,8388607
94.8350,-8388608
94.8391,-8388608
94.8435,-3706417
94.8475,8388607
94.8516,8388607
94.8555,-8388608
94.8556,-8388608
94.8605,-4588897
94.8644,8388607
94.8680,8388607
94.8718,-7957028
94.8776,-8388608
94.8805,-4147657
94.8845,8388607
94.8882,8388607
94.8943,-6942176
94.8967,-8388608
94.9014,-7398125
94.9046,8388607
94.9111,8388607
94.9136,-6677432
94.9169,-8388608
94.9210,-8388608
94.9251,8388607
94.9300,8388607
94.9338,-4382984
94.9375,-8388608
94.9416,-7368116
94.9464,8388607
94.9504,8388607
94.9538,-2985724
94.9579,-8388608
94.9629,-8388608
94.9669,8388607
94.9702,8388607
94.9744,-2205498
94.9787,-8388608
94.9826,-8388608
94.9866,8388607
94.9867,8388607
94.9906,-3185289
94.9949,-8388608
94.9992,-8388608
95.0031,8388607
95.0070,8388607
95.0125,-117404
95.0156,-8388608
95.0193,-8388608
95.0234,8388607
95.0280,8388607
95.0327,581401
95.0357,-8388608
95.0398,-8388608
95.0441,8388607
95.0482,8388607
95.0521,1788678
95.0562,-8388608
95.0616,-8388608
95.0648,8388607
95.0685,8388607
95.0725,3338715
95.0773,-8388608
95.0819,-8388608
95.0852,8388607
95.0889,8388607
95.0943,2781864
95.0971,-8388608
95.1014,-8388608
95.1055,8388607
95.1109,8388607
95.1140,5883199
95.1141,-8388608
95.1177,-8388608
95.1218,8388607
95.1280,8388607
95.1302,4161009
95.1340,-8388608
95.1381,-8388608
95.1426,7839363
95.1466,8388607
95.1504,6795095
95.1545,-8388608
95.1589,-8388608
95.1632,6648015
95.1668,8388607
95.1709,7786857
95.1751,-8388608
95.1800,-8388608
95.1832,8388607
95.1872,8388607
95.1913,8388607
95.1960,-8388608
95.2006,-8388608
95.2036,4382983
95.2078,8388607
95.2121,8388607
95.2166,-8388608
95.2206,-8388608
95.2241,2470943
95.2287,8388607
95.2324,8388607
95.2365,-8388608
95.2405,-8388608
95.2406,2485651
95.2454,8388607
95.2489,8388607
95.2529,-8388608
95.2569,-8388608
95.2620,1467052
95.2657,8388607
95.2691,8388607
95.2732,-8388608
95.2780,-8388608
95.2815,658052
95.2856,8388607
95.2896,8388607
95.2948,-8388608
95.2986,-8388608
95.3021,-1470801
95.3061,8388607
95.3108,8388607
95.3150,-8388608
95.3185,-8388608
95.3224,77425
95.3271,8388607
95.3307,8388607
95.3355,-8388608
95.3388,-8388608
95.3442,-3515213
95.3475,8388607
95.3512,8388607
95.3552,-8388608
95.3602,-8388608
95.3634,-3088681
95.3674,8388607
95.3675,8388607
95.3716,-8388608
95.3791,-8388608
95.3801,-3779957
95.3839,8388607
95.3879,8388607
95.3938,-7971736
95.3972,-8388608
95.4002,-6236193
95.4043,8388607
95.4084,8388607
95.4135,-7412832
95.4166,-8388608
95.4207,-6133237
95.4248,8388607
95.4292,8388607
95.4330,-6265608
95.4371,-8388608
95.4412,-8388608
95.4461,8388607
95.4496,8388607
95.4537,-6559768
95.4576,-8388608
95.4620,-8388608
95.4659,8388607
95.4700,8388607
95.4741,-3265176
95.4786,-8388608
95.4823,-8388608
95.4863,8388607
95.4903,8388607
95.4945,-1762016
95.4947,-8388608
95.4985,-8388608
95.5026,8388607
95.5067,8388607
95.5111,-1120372
95.5152,-8388608
95.5190,-8388608
95.5231,8388607
95.5280,8388607
95.5313,-266867
95.5363,-8388608
95.5395,-8388608
95.5439,8388607
95.5481,8388607
95.5522,646014
95.5559,-8388608
95.5609,-8388608
95.5651,8388607
95.5684,8388607
95.5722,1633962
95.5778,-8388608
95.5807,-8388608
95.5847,8388607
95.5886,8388607
95.5939,2920221
95.5977,-8388608
95.6011,-8388608
95.6050,8388607
95.6107,8388607
95.6141,4294735
95.6175,-8388608
95.6215,-8388608
95.6258,8388607
95.6269,8388607
95.6302,5897907
95.6338,-8388608
95.6378,-8388608
95.6435,8324727
95.6460,8388607
95.6508,6750971
95.6546,-8388608
95.6583,-8388608
95.6629,7148087
95.6671,8388607
95.6705,8001151
95.6747,-8388608
95.6794,-8388608
95.6834,6545059
95.6869,8388607
95.6911,8388607
95.6954,-8388608
95.7002,-8388608
95.7033,5280171
95.7074,8388607
95.7126,8388607
95.7161,-8388608
95.7197,-8388608
95.7238,4132947
95.7284,8388607
95.7326,8388607
95.7363,-8388608
95.7402,-8388608
95.7451,2559191
95.7485,8388607
95.7525,8388607
95.7526,-8388608
95.7566,-8388608
95.7611,1279218
95.7657,8388607
95.7688,8388607
95.7729,-8388608
95.7779,-8388608
95.7815,630531
95.7853,8388607
95.7893,8388607
95.7935,-8388608
95.7980,-8388608
95.8022,956734
95.8057,8388607
95.8104,8388607
95.8139,-8388608
95.8189,-8388608
95.8222,-2147369
95.8269,8388607
95.8307,8388607
95.8344,-8388608
95.8385,-8388608
95.8435,-2470945
95.8470,8388607
95.8508,8388607
95.8549,-8388608
95.8609,-8388608
95.8631,-3779957
95.8672,8388607
95.8716,8388607
95.8754,-8388608
95.8798,-8388608
95.8799,338733
95.8836,8388607
95.8877,8388607
95.8920,-7662868
95.8963,-8388608
95.8999,-1989378
95.9040,8388607
95.9097,8388607
95.9125,-5531905
95.9163,-8388608
95.9204,-706294
95.9246,8388607
95.9292,8388607
95.9332,-6152199
95.9368,-8388608
95.9409,-3049417
95.9455,8388607
95.9498,8388607
95.9539,-6204084
95.9573,-8388608
95.9618,-3606784
95.9656,8388607
95.9698,8388607
95.9737,-5636848
95.9787,-8388608
95.9818,-4170918
95.9860,8388607
95.9902,8388607
95.9945,-4890226
95.9984,-8388608
96.0025,-4057230
96.0064,8388607
96.0067,8388607
96.0110,-5149189
96.0152,-8388608
96.0191,-5679028
96.0229,8388607
96.0277,-1725695
96.0311,-8388608
96.0353,-8388608
96.0393,-4490290
96.0435,8388607
96.0482,2150960
96.0515,-3679926
96.0556,-8388608
96.0600,-8388608
96.0641,7333648
96.0678,4245565
96.0719,-5800669
96.0773,-6378793
96.0805,5471935
96.0846,8388607
96.0883,8388607
96.0935,6177106
96.0972,8388607
96.1011,8388607
96.1047,8388607
96.1102,2965812
96.1133,3360276
96.1172,8388607
96.1213,8388607
96.1271,-6206776
96.1293,-5916573
96.1333,-447672
96.1334,8388607
96.1376,8388607
96.1430,-8388608
96.1460,-8388608
96.1502,-3698948
96.1538,8388607
96.1580,8388607
96.1621,-8388608
96.1661,-8388608
96.1702,8388607
96.1743,8388607
96.1789,7752730
96.1829,-8388608
96.1868,-4029993
96.1908,7579489
96.1954,7046622
96.1993,-4459342
96.2031,-8388608
96.2072,-7151776
96.2114,8388607
96.2153,8388607
96.2194,4067372
96.2236,-2155404
96.2282,6917589
96.2320,4468585
96.2359,-488522
96.2399,-3929505
96.2442,8388607
96.2482,6729107
96.2522,8388607
96.2564,4378910
96.2606,-2186262
96.2616,-1503039
96.2644,6307330
96.2685,4610495
96.2726,-1008103
96.2777,-7303164
96.2813,-7878706
96.2850,4668423
96.2891,5136303
96.2933,8388607
96.2975,5258258
96.3013,-8388608
96.3054,-1593780
96.3108,4229150
96.3139,5606639
96.3177,1777515
96.3218,-8388608
96.3268,-3744787
96.3302,8388607
96.3341,8388607
96.3382,6450661
96.3436,-8388608
96.3472,-7216076
96.3504,8388607
96.3545,8388607
96.3601,7221219
96.3632,-8388608
96.3669,-6565323
96.3710,8388607
96.3765,8388607
96.3796,8388607
96.3834,-8388608
96.3874,-7083514
96.3914,8388607
96.3921,8388607
96.3962,8388607
96.3999,-8388608
96.4037,-6716028
96.4078,8388607
96.4125,8388607
96.4167,8388607
96.4201,-8388608
96.4243,-8388608
96.4290,8388607
96.4324,8388607
96.4364,8388607
96.4406,-6868636
96.4447,-7985079
96.4495,8388607
96.4528,8388607
96.4570,8388607
96.4624,-7280460
96.4651,-8388608
96.4692,5796633
96.4733,8388607
96.4782,8388607
96.4822,-7177504
96.4856,-7824656
96.4898,8388607
96.4955,8388607
96.4985,8388607
96.5020,-6824512
96.5065,-8388608
96.5104,8388607
96.5144,7961882
96.5185,7489045
96.5186,-8104108
96.5225,-8388608
96.5275,8388607
96.5308,8388607
96.5348,8388607
96.5389,-6179615
96.5438,-8388608
96.5480,7398123
96.5511,8388607
96.5553,8388607
96.5606,-3292553
96.5638,-8388608
96.5675,4765391
96.5716,8388607
96.5771,8388607
96.5805,1456091
96.5841,-8388608
96.5881,-1594463
96.5940,8388607
96.5962,8388607
96.6004,2250323
96.6045,-8388608
96.6097,-2334621
96.6128,6073667
96.6170,8388607
96.6208,4706559
96.6265,-8388608
96.6290,-8388608
96.6331,-3842550
96.6373,8388607
96.6417,8388607
96.6453,-8388608
96.6454,-8388608
96.6496,-2484908
96.6536,8388607
96.6577,8388607
96.6621,-8148232
96.6659,-8388608
96.6699,-3488113
96.6741,8388607
96.6786,8388607
96.6823,-6589184
96.6863,-8388608
96.6904,-6003005
96.6956,8388607
96.6987,8388607
96.7028,-5133092
96.7069,-8388608
96.7117,-4560504
96.7150,8388607
96.7191,8388607
96.7232,-4309444
96.7288,-8388608
96.7316,-3390741
96.7355,8388607
96.7396,8388607
96.7441,-2470944
96.7478,-8388608
96.7518,-7290095
96.7559,8388607
96.7607,8388607
96.7642,-881392
96.7684,-8388608
96.7726,-8388608
96.7729,8388607
96.7774,8388607
96.7815,-508987
96.7847,-8388608
96.7887,-8385495
96.7935,8388607
96.7970,8388607
96.8010,-463295
96.8051,-8388608
96.8107,-7913864
96.8136,8388607
96.8174,8388607
96.8215,-3037793
96.8264,-8388608
96.8298,-8388608
96.8338,8388607
96.8379,8388607
96.8433,2017824
96.8471,-8388608
96.8503,-8388608
96.8544,8388607
96.8599,8388607
96.8632,2618022
96.8665,-8388608
96.8706,-8388608
96.8766,8388607
96.8791,8388607
96.8831,-6434664
96.8871,-8388608
96.8913,-2475158
96.8954,2630166
96.8996,5414434
96.8996,-8388608
96.9034,-8388608
96.9077,-2759720
96.9118,2602441
96.9165,8388607
96.9198,-6794183
96.9239,-8388608
96.9285,184050
96.9323,5130396
96.9367,8327820
96.9403,-5546847
96.9445,-8388608
96.9491,2293053
96.9529,8388607
96.9567,8388607
96.9609,-5682916
96.9654,-7915045
96.9694,7137500
96.9732,8388607
96.9775,5146556
96.9814,-2503929
96.9853,4601900
96.9895,6902865
96.9949,1517451
96.9978,-5463339
97.0017,-2008830
97.0059,8388607
97.0099,6044453
97.0141,-234334
97.0183,-7358515
97.0222,-620648
97.0267,8388607
97.0269,4486914
97.0304,-2327899
97.0345,-8388608
97.0385,-1459186
97.0438,8388607
97.0468,2896798
97.0508,-2593999
97.0550,-7925246
97.0594,233049
97.0635,8388607
97.0672,4783154
97.0713,-394195
97.0776,-6460237
97.0795,-3091603
97.0836,8388607
97.0877,2886031
97.0926,-683030
97.0964,-832499
97.1000,3923483
97.1041,-8388608
97.1104,-1223025
97.1129,6572847
97.1164,8388607
97.1205,2502626
97.1269,-8388608
97.1296,-5082940
97.1328,4449210
97.1368,8388607
97.1427,670369
97.1452,-8388608
97.1493,-1131839
97.1535,8388607
97.1536,8388607
97.1578,6589183
97.1620,-8388608
97.1655,332246
97.1696,8388607
97.1738,5287326
97.1779,-2099081
97.1819,8059983
97.1860,8388607
97.1901,-1072792
97.1949,-8388608
97.1984,-1412733
97.2024,8388607
97.2066,8388607
97.2109,484497
97.2150,-8388608
97.2188,-3028688
97.2229,4922693
97.2277,6283181
97.2312,1287709
97.2352,-2642250
97.2395,-2244086
97.2438,-2462975
97.2478,-803158
97.2515,2172141
97.2557,3456867
97.2605,536473
97.2640,-8388608
97.2681,-6936814
97.2722,858305
97.2768,3412961
97.2804,1670810
97.2805,-5237427
97.2843,5274754
97.2884,8388607
97.2930,8388607
97.2971,8388607
97.3007,8388607
97.3048,6912591
97.3095,8388607
97.3130,8388607
97.3171,6587293
97.3212,-8388608
97.3287,-8388608
97.3295,6596155
97.3335,8388607
97.3375,8388607
97.3441,-8388608
97.3461,-8388608
97.3499,6824845
97.3539,8388607
97.3599,8388607
97.3626,-8388608
97.3662,-8388608
97.3703,8388607
97.3756,8388607
97.3789,8388607
97.3826,-8388608
97.3868,-8388608
97.3924,8388607
97.3953,8388607
97.3991,8388607
97.4032,-8388608
97.4076,-8388608
97.4115,8388607
97.4126,8388607
97.4156,8388607
97.4199,-7530496
97.4237,-8388608
97.4277,8388607
97.4319,8388607
97.4359,8388607
97.4401,-6456812
97.4448,-8388608
97.4487,8388607
97.4522,8388607
97.4565,8388607
97.4605,-4765392
97.4647,-8388608
97.4686,6242907
97.4728,8388607
97.4774,8388607
97.4816,-1686215
97.4851,-8388608
97.4892,-8388608
97.4932,8388607
97.4975,8388607
97.5016,8388607
97.5056,-8388608
97.5099,-8388608
97.5141,23002
97.5178,8388607
97.5219,8388607
97.5265,-8388608
97.5303,-8388608
97.5343,630514
97.5382,8388607
97.5383,8388607
97.5438,-8388608
97.5467,-8388608
97.5506,-1294374
97.5546,8388607
97.5606,8388607
97.5637,-8388608
97.5671,-8388608
97.5711,-3618169
97.5764,8388607
97.5801,8388607
97.5834,-8388608
97.5874,-8388608
97.5928,-4147657
97.5966,8388607
97.6001,8388607
97.6039,-8388608
97.6095,-8388608
97.6123,-6353857
97.6162,8388607
97.6203,8388607
97.6262,-8162940
97.6290,-8388608
97.6326,-6986301
97.6366,8388607
97.6425,8388607
97.6455,-6706848
97.6490,-8388608
97.6531,-7251045
97.6574,8388607
97.6612,8388607
97.6653,-5706704
97.6654,-8388608
97.6694,-8388608
97.6735,8388607
97.6779,8388607
97.6816,-4412400
97.6857,-8388608
97.6898,-8388608
97.6941,8388607
97.6980,8388607
97.7021,-3073972
97.7063,-8388608
97.7104,-8388608
97.7144,8388607
97.7185,8388607
97.7226,-1691420
97.7268,-8388608
97.7309,-8388608
97.7349,8388607
97.7390,8388607
97.7437,279451
97.7478,-8388608
97.7513,-8388608
97.7554,8388607
97.7599,8388607
97.7644,-30473
97.7676,-8388608
97.7717,-8388608
97.7768,8388607
97.7809,8388607
97.7842,735399
97.7881,-8388608
97.7925,-8388608
97.7935,8388607
97.7964,8388607
97.8004,2103243
97.8045,-8388608
97.8092,-8388608
97.8134,8388607
97.8168,8388607
97.8209,4221195
97.8259,-8388608
97.8297,-8388608
97.8332,6220261
97.8373,8388607
97.8429,2060038
97.8456,-8388608
97.8496,-8388608
97.8536,2475289
97.8595,8388607
97.8621,5221339
97.8661,-8388608
97.8700,-8388608
97.8763,4357710
97.8787,8388607
97.8824,7471663
97.8864,-8388608
97.8921,-8388608
97.8948,8388607
97.8987,8388607
97.9028,8388607
97.9090,-8388608
97.9111,-8388608
97.9152,782173
97.9193,6963892
97.9194,-7966643
97.9233,-8388608
97.9285,-8388608
97.9317,-8388608
97.9357,8025897
97.9397,8388607
97.9446,-8388608
97.9479,-8388608
97.9520,1194457
97.9561,8388607
97.9604,8388607
97.9642,-8388608
97.9683,-8388608
97.9725,2712775
97.9775,8388607
97.9808,8388607
97.9847,7835727
97.9888,-622471
97.9931,2307238
97.9979,-8388608
98.0011,-1873388
98.0052,8388607
98.0099,8388607
98.0138,-4476230
98.0176,-8388608
98.0216,-3191637
98.0267,8388607
98.0301,8388607
98.0341,-8388608
98.0380,-8388608
98.0434,-1264889
98.0462,8388607
98.0463,6232126
98.0505,-8388608
98.0543,-8388608
98.0591,8039021
98.0631,7861213
98.0667,-6025431
98.0707,-8388608
98.0767,-8388608
98.0791,8388607
98.0830,3998522
98.0871,-8388608
98.0920,-8388608
98.0960,-947816
98.0994,8388607
98.1035,-4217014
98.1078,-8388608
98.1119,-3745107
98.1158,8388607
98.1199,8388607
98.1254,2155195
98.1281,-8388608
98.1321,-8388608
98.1363,8388607
98.1419,8388607
98.1451,215108
98.1491,-8388608
98.1527,-8240365
98.1575,7775449
98.1615,8388607
98.1651,5235817
98.1691,-8388608
98.1736,-8388608
98.1736,6530707
98.1780,8388607
98.1814,5205864
98.1854,-8388608
98.1895,-8388608
98.1943,2361705
98.1977,8388607
98.2018,6452480
98.2059,-8388608
98.2110,-8388608
98.2141,-2043195
98.2182,8388607
98.2223,7569735
98.2270,-8388608
98.2309,-8388608
98.2347,-6367565
98.2387,8388607
98.2432,8388607
98.2473,-8388608
98.2509,-8388608
98.2552,-7675720
98.2594,8388607
98.2633,8388607
98.2675,-8388608
98.2715,-8388608
98.2760,-5302880
98.2805,8388607
98.2837,8388607
98.2878,-8388608
98.2926,-8388608
98.2961,-5855875
98.3002,8388607
98.3003,8388607
98.3042,-8388608
98.3101,-8388608
98.3124,-6405090
98.3165,8388607
98.3206,8388607
98.3253,-8388608
98.3295,-8388608
98.3328,-7847320
98.3369,8388607
98.3415,8388607
98.3453,-8388608
98.3493,-8388608
98.3533,-8388608
98.3580,8388607
98.3621,8388607
98.3657,-8388608
98.3697,-8388608
98.3750,-8388608
98.3782,8388607
98.3822,8388607
98.3861,-8388608
98.3902,-8388608
98.3948,-8388608
98.3988,8388607
98.4026,8388607
98.4083,-7633452
98.4108,-8388608
98.4149,-8388608
98.4189,8388607
98.4232,8388607
98.4275,-5868492
98.4313,-8388608
98.4314,-8388608
98.4353,8388607
98.4394,8388607
98.4442,-4348563
98.4476,-8388608
98.4517,-8388608
98.4558,8388607
98.4604,8388607
98.4642,-3391749
98.4680,-8388608
98.4722,-8388608
98.4772,8388607
98.4807,8388607
98.4844,-3307750
98.4885,-8388608
98.4932,-8388608
98.4972,8388607
98.5008,8388607
98.5050,-2635622
98.5094,-8388608
98.5132,-8388608
98.5172,8388607
98.5213,8388607
98.5260,-1935969
98.5303,-8388608
98.5336,-8388608
98.5376,8001151
98.5418,8388607
98.5459,-427098
98.5501,-8388608
98.5541,-8388608
98.5586,7056762
98.5595,8388607
98.5623,491377
98.5663,-8388608
98.5704,-8388608
98.5761,5964999
98.5787,8388607
98.5827,1213411
98.5868,-8388608
98.5933,-8388608
98.5957,5062901
98.5991,8388607
98.6032,2353279
98.6088,-8388608
98.6121,-8388608
98.6155,4223408
98.6196,8388607
98.6250,3559335
98.6285,-8388608
98.6318,-8388608
98.6359,3350935
98.6416,8388607
98.6451,4588895
98.6483,-8388608
98.6524,-8388608
98.6585,3074741
98.6611,8388607
98.6646,5177215
98.6689,-8388608
98.6730,-8388608
98.6773,2355272
98.6813,8388607
98.6854,5280171
98.6855,-8388608
98.6892,-8388608
98.6940,1421788
98.6974,8388607
98.7015,6162651
98.7057,-8388608
98.7100,-8388608
98.7138,1675245
98.7179,8388607
98.7220,6935631
98.7266,-8388608
98.7303,-8388608
98.7343,1403905
98.7384,8388607
98.7435,6795095
98.7469,-8388608
98.7513,-8388608
98.7549,1201805
98.7589,8388607
98.7629,6368563
98.7671,-8388608
98.7711,-8388608
98.7753,3910017
98.7794,8388607
98.7835,4177071
98.7875,-8388608
98.7917,-8388608
98.7958,7559911
98.7999,8388607
98.8040,3691707
98.8083,-8388608
98.8121,-8388608
98.8122,8388607
98.8162,8388607
98.8203,5015427
98.8244,-8388608
98.8285,-8388608
98.8325,6824511
98.8367,8388607
98.8408,5736119
98.8449,-8388608
98.8490,-8388608
98.8530,5839075
98.8571,8388607
98.8613,6559767
98.8653,-8388608
98.8694,-8388608
98.8735,5559623
98.8776,8388607
98.8817,7971735
98.8858,-8388608
98.8899,-8388608
98.8940,5059551
98.8981,8388607
98.9022,8388607
98.9063,-8388608
98.9104,-8388608
98.9145,3397547
98.9186,8388607
98.9227,8388607
98.9269,-8388608
98.9310,-8388608
98.9350,2191491
98.9391,8388607
98.9392,8388607
98.9433,-8388608
98.9474,-8388608
98.9514,1588463
98.9555,8388607
98.9596,8388607
98.9637,-8388608
98.9678,-8388608
98.9719,998
98.9760,8388607
98.9801,8388607
98.9842,-8388608
98.9883,-8388608
98.9924,3794663
98.9965,8388607
99.0006,8388607
99.0047,-8388608
99.0088,-8388608
99.0129,-529489
99.0170,8388607
99.0211,8388607
99.0252,-8388608
99.0293,-8388608
99.0334,-1500217
99.0374,8388607
99.0416,8388607
99.0456,-8388608
99.0501,-8388608
99.0538,-4000577
99.0580,8388607
99.0622,8388607
99.0662,-8388608
99.0662,-8388608
99.0703,-4633021
99.0742,8388607
99.0783,8388607
99.0824,-8388608
99.0866,-8388608
99.0906,-5206633
99.0947,8388607
99.0988,8388607
99.1029,-7839364
99.1070,-8388608
99.1111,-4456525
99.1152,8388607
99.1192,8388607
99.1234,-6706848
99.1275,-8388608
99.1315,-7824657
99.1356,8388607
99.1397,8388607
99.1440,-5912616
99.1480,-8388608
99.1521,-8388608
99.1562,8388607
99.1602,8388607
99.1643,-4530064
99.1685,-8388608
99.1725,-8388608
99.1766,8388607
99.1807,8388607
99.1851,-3485796
99.1892,-8388608
99.1931,-8388608
99.1971,8388607
99.1972,8388607
99.2012,-2794520
99.2053,-8388608
99.2094,-8388608
99.2135,8388607
99.2177,8388607
99.2218,-1411968
99.2259,-8388608
99.2299,-8388608
99.2340,8388607
99.2382,8388607
99.2423,-119464
99.2462,-8388608
99.2505,-8388608
99.2545,8388607
99.2586,8388607
99.2626,411823
99.2668,-8388608
99.2709,-8388608
99.2750,8388607
99.2791,8388607
99.2832,1514923
99.2872,-8388608
99.2914,-8388608
99.2955,8388607
99.2995,8388607
99.3036,2662147
99.3079,-8388608
99.3121,-8388608
99.3161,8388607
99.3200,8388607
99.3242,3824079
99.3243,-8388608
99.3282,-8388608
99.3323,8388607
99.3365,8388607
99.3405,5059551
99.3446,-8388608
99.3487,-8388608
99.3527,8133523
99.3569,8388607
99.3610,6515643
99.3653,-8388608
99.3693,-8388608
99.3733,8388607
99.3774,8388607
99.3815,7677575
99.3856,-8388608
99.3897,-8388608
99.3938,5897907
99.3979,8388607
99.4020,8388607
99.4061,-8388608
99.4102,-8388608
99.4142,4735975
99.4184,8388607
99.4225,8388607
99.4266,-8388608
99.4307,-8388608
99.4347,3397547
99.4389,8388607
99.4431,8388607
99.4471,-8388608
99.4510,-8388608
99.4511,3088679
99.4551,8388607
99.4593,8388607
99.4634,-8388608
99.4675,-8388608
99.4716,3647583
99.4757,8388607
99.4798,8388607
99.4839,-8388608
99.4879,-8388608
99.4921,-189680
99.4961,8388607
99.5003,8388607
99.5044,-8388608
99.5085,-8388608
99.5126,-455949
99.5167,8388607
99.5208,8388607
99.5249,-8388608
99.5289,-8388608
99.5331,-1441385
99.5371,8388607
99.5412,8388607
99.5453,-8388608
99.5495,-8388608
99.5535,-3279885
99.5576,8388607
99.5617,8388607
99.5660,-8388608
99.5699,-8388608
99.5742,-4397693
99.5780,8388607
99.5781,8388607
99.5823,-8388608
99.5862,-8388608
99.5904,-5530209
99.5944,8388607
99.5986,8388607
99.6026,-7795240
99.6068,-8388608
99.6109,-6500937
99.6149,8388607
99.6191,8388607
99.6231,-6648016
99.6271,-8388608
99.6313,-8030569
99.6353,8388607
99.6395,8388607
99.6435,-5294880
99.6477,-8388608
99.6517,-8388608
99.6558,8388607
99.6599,8388607
99.6640,-3838788
99.6681,-8388608
99.6722,-8388608
99.6763,8388607
99.6804,8388607
99.6845,-2588608
99.6890,-8388608
99.6930,-8388608
99.6971,8388607
99.7013,8388607
99.7054,-1529632
99.7055,-8388608
99.7091,-8388608
99.7132,8388607
99.7175,8388607
99.7215,-425306
99.7257,-8388608
99.7296,-8388608
99.7337,8388607
99.7379,8388607
99.7419,102955
99.7460,-8388608
99.7501,-8388608
99.7542,8388607
99.7583,8388607
99.7624,1191347
99.7665,-8388608
99.7706,-8388608
99.7747,8388607
99.7788,8388607
99.7829,2147367
99.7869,-8388608
99.7911,-8388608
99.7952,8388607
99.7993,8388607
99.8033,3338715
99.8075,-8388608
99.8116,-8388608
99.8157,8388607
99.8197,8388607
99.8241,4471231
99.8281,-8388608
99.8321,-8388608
99.8322,8388607
99.8361,8388607
99.8402,5780243
99.8443,-8388608
99.8484,-8388608
99.8524,7721699
99.8566,8388607
99.8606,6912759
99.8648,-8388608
99.8689,-8388608
99.8730,6456811
99.8770,8388607
99.8812,8221771
99.8854,-8388608
99.8894,-8388608
99.8935,5294879
99.8975,8388607
99.9016,8388607
99.9057,-8388608
99.9098,-8388608
99.9138,3927035
99.9180,8388607
99.9220,8388607
99.9261,-8388608
99.9303,-8388608
99.9343,2853351
99.9385,8388607
99.9425,8388607
99.9467,-8388608
99.9509,-8388608
99.9549,1720835
99.9591,8388607
99.9592,8388607
99.9631,-8388608
99.9672,-8388608
99.9713,682320
99.9754,8388607
99.9795,8388607
99.9836,-8388608
99.9877,-8388608
99.9918,-217754
99.9959,8388607
99.9999,8388607
100.0041,-8388608
100.0082,-8388608
100.0123,-897189
100.0164,8388607
100.0205,8388607
100.0246,-8388608
100.0286,-8388608
100.0327,-2191493
100.0368,8388607
100.0409,8388607
100.0450,-8388608
100.0491,-8388608
100.0531,-3338717
100.0573,8388607
100.0614,8388607
100.0655,-8388608
100.0697,-8388608
100.0739,-4574189
100.0780,8388607
100.0821,8388607
100.0862,-8388608
100.0863,-8388608
100.0900,-5780245
100.0941,8388607
100.0982,8388607
100.1023,-7559912
100.1064,-8388608
100.1106,-6795097
100.1148,8388607
100.1188,8388607
100.1229,-6309732
100.1269,-8388608
100.1310,-8104109
100.1351,8388607
100.1392,8388607
100.1433,-5206632
100.1474,-8388608
100.1515,-8388608
100.1555,8388607
100.1597,8388607
100.1638,-3912328
100.1679,-8388608
100.1720,-8388608
100.1760,8388607
100.1801,8388607
100.1842,-2706272
100.1883,-8388608
100.1924,-8388608
100.1965,8388607
100.2006,8388607
100.2049,-1544340
100.2090,-8388608
100.2129,-8388608
100.2130,8388607
100.2171,8388607
100.2211,-394371
100.2252,-8388608
100.2293,-8388608
100.2334,8388607
100.2376,8388607
100.2416,102955
100.2457,-8388608
100.2498,-8388608
100.2539,8388607
100.2580,8388607
100.2621,1103099
100.2662,-8388608
100.2703,-8388608
100.2744,8388607
100.2785,8388607
100.2826,2206199
100.2866,-8388608
100.2908,-8388608
100.2949,8388607
100.2990,8388607
100.3030,3412255
100.3072,-8388608
100.3113,-8388608
100.3154,8388607
100.3193,8388607
100.3236,4530063
100.3278,-8388608
100.3318,-8388608
100.3361,8388607
100.3401,8388607
100.3442,5750827
100.3443,-8388608
100.3481,-8388608
100.3521,7854071
100.3562,8388607
100.3603,6927467
100.3644,-8388608
100.3685,-8388608
100.3726,6633307
100.3767,8388607
100.3808,8207063
100.3849,-8388608
100.3890,-8388608
100.3931,5456667
100.3973,8388607
100.4014,8388607
100.4054,-8388608
100.4096,-8388608
100.4137,4059407
100.4178,8388607
100.4219,8388607
100.4259,-8388608
100.4300,-8388608
100.4340,2868059
100.4382,8388607
100.4423,8388607
100.4464,-8388608
100.4504,-8388608
100.4546,1691419
100.4587,8388607
100.4628,8388607
100.4671,-8388608
100.4708,-8388608
100.4709,603639
100.4750,8388607
100.4791,8388607
100.4832,-8388608
100.4873,-8388608
100.4913,-48741
100.4955,8388607
100.4995,8388607
100.5037,-8388608
100.5078,-8388608
100.5119,-853065
100.5160,8388607
100.5202,8388607
100.5242,-8388608
100.5282,-8388608
100.5324,-2000289
100.5367,8388607
100.5405,8388607
100.5446,-8388608
100.5488,-8388608
100.5529,-3309301
100.5570,8388607
100.5610,8388607
100.5652,-8388608
100.5692,-8388608
100.5734,-4368277
100.5775,8388607
100.5815,8388607
100.5858,-8388608
100.5902,-8388608
100.5941,-5559625
100.5980,8388607
100.5981,8388607
100.6020,-7545204
100.6063,-8388608
100.6103,-6765681
100.6143,8388607
100.6184,8388607
100.6226,-6368564
100.6265,-8388608
100.6307,-8001153
100.6349,8388607
100.6388,8388607
100.6430,-5280172
100.6471,-8388608
100.6511,-8388608
100.6554,8388607
100.6593,8388607
100.6636,-3956452
100.6676,-8388608
100.6717,-8388608
100.6757,8388607
100.6798,8388607
100.6840,-2765104
100.6881,-8388608
100.6922,-8388608
100.6962,8388607
100.7003,8388607
100.7044,-1588464
100.7087,-8388608
100.7130,-8388608
100.7168,8388607
100.7207,8388607
100.7208,-438805
100.7249,-8388608
100.7289,-8388608
100.7331,8388607
100.7372,8388607
100.7412,102955
100.7454,-8388608
100.7494,-8388608
100.7536,8388607
100.7582,8388607
100.7618,1103099
100.7661,-8388608
100.7699,-8388608
100.7751,8388607
100.7783,8388607
100.7822,2279739
100.7863,-8388608
100.7905,-8388608
100.7950,8388607
100.7988,8388607
100.8027,3529919
100.8071,-8388608
100.8115,-8388608
100.8150,8388607
100.8190,8388607
100.8234,4633019
100.8280,-8388608
100.8316,-8388608
100.8356,8388607
100.8399,8388607
100.8438,5942031
100.8478,-8388608
100.8518,-8388608
100.8519,7751115
100.8563,8388607
100.8605,7133379
100.8645,-8388608
100.8684,-8388608
100.8723,6574475
100.8764,8388607
100.8805,8339435
100.8846,-8388608
100.8888,-8388608
100.8929,5324295
100.8970,8388607
100.9011,8388607
100.9052,-8388608
100.9093,-8388608
100.9133,4221195
100.9174,8388607
100.9216,8388607
100.9257,-8388608
100.9297,-8388608
100.9338,3073971
100.9379,8388607
100.9420,8388607
100.9461,-8388608
100.9502,-8388608
100.9543,1897331
100.9583,8388607
100.9624,8388607
100.9666,-8388608
100.9708,-8388608
100.9747,724203
100.9788,8388607
100.9789,8388607
100.9829,-8388608
100.9870,-8388608
100.9911,19539
100.9952,8388607
100.9993,8388607
101.0034,-8388608
101.0075,-8388608
101.0116,-779525
101.0157,8388607
101.0197,8388607
101.0238,-8388608
101.0279,-8388608
101.0321,-1926749
101.0361,8388607
101.0402,8388607
101.0443,-8388608
101.0484,-8388608
101.0527,-3059265
101.0567,8388607
101.0607,8388607
101.0650,-8388608
101.0689,-8388608
101.0731,-4309445
101.0772,8388607
101.0813,8388607
101.0854,-8388608
101.0896,-8388608
101.0938,-5618457
101.0977,8388607
101.1017,8388607
101.1060,-7501080
101.1061,-8388608
101.1100,-6853929
101.1140,8388607
101.1181,8388607
101.1222,-6221484
101.1263,-8388608
101.1304,-8015861
101.1345,8388607
101.1386,8388607
101.1427,-4986012
101.1468,-8388608
101.1509,-8388608
101.1550,8388607
101.1591,8388607
101.1632,-3794664
101.1673,-8388608
101.1714,-8388608
101.1755,8388607
101.1796,8388607
101.1837,-2588608
101.1878,-8388608
101.1919,-8388608
101.1959,8388607
101.2001,8388607
101.2042,-1426676
101.2083,-8388608
101.2124,-8388608
101.2165,8388607
101.2206,8388607
101.2248,-231610
101.2289,-8388608
101.2330,-8388608
101.2331,8388607
101.2369,8388607
101.2410,205911
101.2451,-8388608
101.2492,-8388608
101.2533,8388607
101.2574,8388607
101.2615,1367843
101.2656,-8388608
101.2697,-8388608
101.2738,8388607
101.2779,8388607
101.2820,2618023
101.2860,-8388608
101.2901,-8388608
101.2943,8388607
101.2984,8388607
101.3024,3868203
101.3066,-8388608
101.3107,-8388608
101.3148,8388607
101.3187,8388607
101.3229,5000719
101.3270,-8388608
101.3312,-8388608
101.3353,8251187
101.3393,8388607
101.3434,6162651
101.3477,-8388608
101.3518,-8388608
101.3559,7059839
101.3599,8388607
101.3639,7530495
101.3640,-8388608
101.3679,-8388608
101.3720,6221483
101.3761,8388607
101.3802,8388607
101.3843,-8388608
101.3885,-8388608
101.3925,6368563
101.3966,8388607
101.4007,8388607
101.4048,-8388608
101.4088,-8388608
101.4130,2250323
101.4170,8388607
101.4211,8388607
101.4252,-8388608
101.4293,-8388608
101.4335,2250323
101.4375,8388607
101.4416,8388607
101.4457,-8388608
101.4498,-8388608
101.4539,539517
101.4580,8388607
101.4621,8388607
101.4663,-8388608
101.4704,-8388608
101.4744,244091
101.4786,8388607
101.4827,8388607
101.4870,-8388608
101.4911,-8388608
101.4912,-118983
101.4950,8388607
101.4991,8388607
101.5032,-8388608
101.5072,-8388608
101.5113,-558905
101.5155,8388607
101.5196,8388607
101.5236,-8388608
101.5277,-8388608
101.5318,-1970873
101.5359,8388607
101.5401,8388607
101.5441,-8388608
101.5482,-8388608
101.5523,-4280029
101.5564,8388607
101.5605,8388607
101.5646,-8388608
101.5686,-8388608
101.5728,-5809661
101.5769,8388607
101.5810,8388607
101.5851,-8388608
101.5892,-8388608
101.5933,-6059697
101.5973,8388607
101.6015,8388607
101.6059,-7442248
101.6098,-8388608
101.6138,-7192213
101.6179,8388607
101.6180,8388607
101.6219,-5971448
101.6260,-8388608
101.6301,-7295169
101.6342,8388607
101.6383,8388607
101.6424,-4574188
101.6465,-8388608
101.6506,-8388608
101.6547,8388607
101.6588,8388607
101.6629,-3706416
101.6670,-8388608
101.6710,-8388608
101.6752,8388607
101.6793,8388607
101.6834,-2882768
101.6875,-8388608
101.6916,-8388608
101.6957,8388607
101.6997,8388607
101.7038,-1603172
101.7080,-8388608
101.7121,-8388608
101.7162,8388607
101.7203,8388607
101.7243,-195597
101.7286,-8388608
101.7326,-8388608
101.7367,8388607
101.7408,8388607
101.7409,220619
101.7447,-8388608
101.7489,-8388608
101.7529,8388607
101.7571,8388607
101.7611,1382551
101.7652,-8388608
101.7693,-8388608
101.7734,8388607
101.7775,8388607
101.7816,2500359
101.7857,-8388608
101.7898,-8388608
101.7939,8388607
101.7979,8388607
101.8020,3706415
101.8061,-8388608
101.8103,-8388608
101.8143,8388607
101.8184,8388607
101.8225,4382983
101.8267,-8388608
101.8308,-8388608
101.8348,8388607
101.8389,8388607
101.8430,5471375
101.8471,-8388608
101.8512,-8388608
101.8553,8388607
101.8595,8388607
101.8637,7001007
101.8678,-8388608
101.8718,-8388608
101.8718,7809947
101.8758,8388607
101.8800,8280603
101.8840,-8388608
101.8881,-8388608
101.8921,6898051
101.8963,8388607
101.9003,8388607
101.9045,-8388608
101.9086,-8388608
101.9127,5236047
101.9168,8388607
101.9209,8388607
101.9250,-8388608
101.9291,-8388608
101.9333,3868203
101.9372,8388607
101.9414,8388607
101.9454,-8388608
101.9495,-8388608
101.9538,2573899
101.9577,8388607
101.9618,8388607
101.9659,-8388608
101.9700,-8388608
101.9741,976739
101.9782,8388607
101.9823,8388607
101.9866,-8388608
101.9909,-8388608
101.9949,204337
101.9989,8388607
101.9989,8388607
102.0029,-8388608
102.0070,-8388608
102.0111,-762686
102.0150,8388607
102.0192,8388607
102.0233,-8388608
102.0274,-8388608
102.0316,-1555265
102.0356,8388607
102.0397,8388607
102.0438,-8388608
102.0479,-8388608
102.0519,-3073973
102.0560,8388607
102.0602,8388607
102.0643,-8388608
102.0683,-8388608
102.0724,-4235905
102.0766,8388607
102.0807,8388607
102.0848,-8388608
102.0890,-8388608
102.0930,-5515501
102.0970,8388607
102.1012,8388607
102.1053,-7354000
102.1095,-8388608
102.1136,-6839221
102.1176,8388607
102.1217,8388607
102.1258,-6192068
102.1259,-8388608
102.1297,-8221773
102.1339,8388607
102.1380,8388607
102.1420,-5162508
102.1461,-8388608
102.1502,-8388608
102.1543,8388607
102.1584,8388607
102.1626,-3941744
102.1666,-8388608
102.1707,-8388608
102.1748,8388607
102.1789,8388607
102.1830,-2750396
102.1871,-8388608
102.1912,-8388608
102.1952,8388607
102.1994,8388607
102.2035,-1485508
102.2076,-8388608
102.2117,-8388608
102.2158,8388607
102.2199,8388607
102.2239,-448854
102.2280,-8388608
102.2321,-8388608
102.2362,8388607
102.2404,8388607
102.2446,58831
102.2486,-8388608
102.2528,-8388608
102.2569,8388607
102.2570,8388607
102.2609,941311
102.2649,-8388608
102.2691,-8388608
102.2732,8388607
102.2772,8388607
102.2814,2235615
102.2854,-8388608
102.2895,-8388608
102.2936,8388607
102.2977,8388607
102.3018,3382839
102.3060,-8388608
102.3100,-8388608
102.3141,8388607
102.3181,8388607
102.3223,4677143
102.3264,-8388608
102.3305,-8388608
102.3346,8388607
102.3387,8388607
102.3428,5736119
102.3468,-8388608
102.3510,-8388608
102.3550,7368707
102.3592,8388607
102.3633,6883343
102.3674,-8388608
102.3717,-8388608
102.3758,5853783
102.3797,8388607
102.3836,8221771
102.3837,-8388608
102.3878,-8388608
102.3919,4677143
102.3959,8388607
102.4001,8388607
102.4042,-8388608
102.4083,-8388608
102.4123,3529919
102.4164,8388607
102.4206,8388607
102.4246,-8388608
102.4287,-8388608
102.4328,2456235
102.4369,8388607
102.4410,8388607
102.4451,-8388608
102.4492,-8388608
102.4533,1512246
102.4574,8388607
102.4615,8388607
102.4656,-8388608
102.4697,-8388608
102.4738,525237
102.4779,8388607
102.4820,8388607
102.4861,-8388608
102.4902,-8388608
102.4944,-278430
102.4984,8388607
102.5025,8388607
102.5066,-8388608
102.5107,-8388608
102.5109,-1353137
102.5148,8388607
102.5189,8388607
102.5231,-8388608
102.5271,-8388608
102.5311,-2750397
102.5354,8388607
102.5394,8388607
102.5435,-8388608
102.5476,-8388608
102.5516,-4015285
102.5558,8388607
102.5599,8388607
102.5640,-8388608
102.5680,-8388608
102.5722,-5074261
102.5762,8388607
102.5804,8388607
102.5845,-8388608
102.5886,-8388608
102.5927,-6309733
102.5968,8388607
102.6008,8388607
102.6050,-7354000
102.6091,-8388608
102.6132,-7368709
102.6172,8388607
102.6213,8388607
102.6256,-6192068
102.6298,-8388608
102.6337,-8388608
102.6379,8388607
102.6380,8388607
102.6418,-5000720
102.6459,-8388608
102.6500,-8388608
102.6541,8388607
102.6582,8388607
102.6623,-3868204
102.6664,-8388608
102.6705,-8388608
102.6746,8388607
102.6787,8388607
102.6827,-2632732
102.6869,-8388608
102.6910,-8388608
102.6951,8388607
102.6991,8388607
102.7033,-1485508
102.7074,-8388608
102.7115,-8388608
102.7156,8388607
102.7196,8388607
102.7237,-382605
102.7279,-8388608
102.7318,-8388608
102.7359,8388607
102.7401,8388607
102.7442,102955
102.7485,-8388608
102.7526,-8388608
102.7566,8388607
102.7608,8388607
102.7648,1073683
102.7649,-8388608
102.7688,-8388608
102.7729,8388607
102.7769,8388607
102.7811,2323863
102.7851,-8388608
102.7893,-8388608
102.7934,8388607
102.7975,8388607
102.8016,3397547
102.8057,-8388608
102.8097,-8388608
102.8138,8388607
102.8178,8388607
102.8220,4544771
102.8261,-8388608
102.8302,-8388608
102.8344,8388607
102.8383,8388607
102.8425,5794951
102.8466,-8388608
102.8507,-8388608
102.8548,7736407
102.8588,8388607
102.8630,6868635
102.8671,-8388608
102.8712,-8388608
102.8753,6633307
102.8794,8388607
102.8837,8118815
102.8878,-8388608
102.8916,-8388608
102.8917,5412543
102.8957,8388607
102.8997,8388607
102.9040,-8388608
102.9080,-8388608
102.9121,4015283
102.9162,8388607
102.9202,8388607
102.9244,-8388608
102.9285,-8388608
102.9326,2868059
102.9366,8388607
102.9407,8388607
102.9449,-8388608
102.9490,-8388608
102.9531,1691419
102.9571,8388607
102.9613,8388607
102.9653,-8388608
102.9694,-8388608
102.9735,450198
102.9776,8388607
102.9817,8388607
102.9858,-8388608
102.9899,-8388608
102.9940,-220621
102.9981,8388607
103.0022,8388607
103.0063,-8388608
103.0105,-8388608
103.0146,-985437
103.0187,8388607
103.0187,8388607
103.0226,-8388608
103.0268,-8388608
103.0308,-2367989
103.0349,8388607
103.0390,8388607
103.0431,-8388608
103.0472,-8388608
103.0513,-3677001
103.0554,8388607
103.0595,8388607
103.0636,-8388608
103.0677,-8388608
103.0718,-4883057
103.0759,8388607
103.0800,8388607
103.0841,-8388608
103.0882,-8388608
103.0924,-6059697
103.0964,8388607
103.1006,8388607
103.1046,-7339292
103.1087,-8388608
103.1129,-7162797
103.1168,8388607
103.1212,8388607
103.1251,-6221484
103.1294,-8388608
103.1335,-8324729
103.1375,8388607
103.1419,8388607
103.1460,-5000720
103.1498,-8388608
103.1499,-8388608
103.1538,8388607
103.1579,8388607
103.1620,-3779956
103.1660,-8388608
103.1702,-8388608
103.1743,8388607
103.1784,8388607
103.1825,-2647440
103.1866,-8388608
103.1907,-8388608
103.1947,8388607
103.1989,8388607
103.2030,-1441384
103.2071,-8388608
103.2111,-8388608
103.2155,8388607
103.2193,8388607
103.2234,-355164
103.2276,-8388608
103.2316,-8388608
103.2357,8388607
103.2398,8388607
103.2439,191203
103.2480,-8388608
103.2521,-8388608
103.2562,8388607
103.2603,8388607
103.2644,1279595
103.2687,-8388608
103.2727,-8388608
103.2768,8388607
103.2769,8388607
103.2808,2529775
103.2848,-8388608
103.2890,-8388608
103.2931,8388607
103.2971,8388607
103.3012,3735831
103.3054,-8388608
103.3095,-8388608
103.3136,8388607
103.3175,8388607
103.3217,4956595
103.3258,-8388608
103.3299,-8388608
103.3341,8388607
103.3380,8388607
103.3421,6192067
103.3462,-8388608
103.3508,-8388608
103.3544,7192211
103.3585,8388607
103.3626,7442247
103.3667,-8388608
103.3708,-8388608
103.3749,6030279
103.3790,8388607
103.3831,8388607
103.3874,-8388608
103.3915,-8388608
103.3955,4706559
103.3996,8388607
103.4036,8388607
103.4038,-8388608
103.4078,-8388608
103.4118,3618167
103.4159,8388607
103.4200,8388607
103.4241,-8388608
103.4282,-8388608
103.4324,2367987
103.4363,8388607
103.4404,8388607
103.4445,-8388608
103.4486,-8388608
103.4527,1271380
103.4568,8388607
103.4609,8388607
103.4650,-8388608
103.4691,-8388608
103.4732,290905
103.4773,8388607
103.4814,8388607
103.4855,-8388608
103.4896,-8388608
103.4936,-352993
103.4979,8388607
103.5020,8388607
103.5060,-8388608
103.5102,-8388608
103.5146,-1117809
103.5183,8388607
103.5228,8388607
103.5269,-8388608
103.5308,-8388608
103.5309,-2573901
103.5347,8388607
103.5388,8388607
103.5429,-8388608
103.5470,-8388608
103.5511,-3765249
103.5552,8388607
103.5593,8388607
103.5634,-8388608
103.5674,-8388608
103.5718,-4956597
103.5757,8388607
103.5798,8388607
103.5839,-8388608
103.5880,-8388608
103.5921,-6103821
103.5961,8388607
103.6002,8388607
103.6044,-7295168
103.6084,-8388608
103.6126,-7265753
103.6166,8388607
103.6207,8388607
103.6248,-6089112
103.6289,-8388608
103.6330,-8388608
103.6371,8388607
103.6412,8388607
103.6455,-4912472
103.6495,-8388608
103.6537,-8388608
103.6576,8388607
103.6577,8388607
103.6617,-3603460
103.6658,-8388608
103.6699,-8388608
103.6740,8388607
103.6781,8388607
103.6822,-2441528
103.6863,-8388608
103.6904,-8388608
103.6944,8388607
103.6986,8388607
103.7027,-1204539
103.7068,-8388608
103.7109,-8388608
103.7149,8388607
103.7190,8388607
103.7231,-177783
103.7272,-8388608
103.7312,-8388608
103.7354,8388607
103.7395,8388607
103.7436,279451
103.7477,-8388608
103.7518,-8388608
103.7559,8388607
103.7600,8388607
103.7641,1500215
103.7682,-8388608
103.7724,-8388608
103.7766,8388607
103.7806,8388607
103.7846,2720979
103.7847,-8388608
103.7886,-8388608
103.7928,8388607
103.7968,8388607
103.8009,3868203
103.8051,-8388608
103.8091,-8388608
103.8132,8388607
103.8172,8388607
103.8214,5103675
103.8256,-8388608
103.8296,-8388608
103.8336,8324727
103.8378,8388607
103.8419,6265607
103.8460,-8388608
103.8501,-8388608
103.8542,7133379
103.8583,8388607
103.8624,7501079
103.8665,-8388608
103.8706,-8388608
103.8747,5868491
103.8788,8388607
103.8828,8388607
103.8870,-8388608
103.8911,-8388608
103.8951,4574187
103.8993,8388607
103.9035,8388607
103.9075,-8388608
103.9117,-8388608
103.9118,3529919
103.9156,8388607
103.9197,8388607
103.9238,-8388608
103.9279,-8388608
103.9320,2294447
103.9361,8388607
103.9402,8388607
103.9443,-8388608
103.9483,-8388608
103.9525,1022466
103.9566,8388607
103.9607,8388607
103.9648,-8388608
103.9689,-8388608
103.9730,125810
103.9771,8388607
103.9811,8388607
103.9853,-8388608
103.9894,-8388608
103.9934,-514781
103.9976,8388607
104.0017,8388607
104.0058,-8388608
104.0098,-8388608
104.0140,-1676713
104.0180,8388607
104.0221,8388607
104.0264,-8388608
104.0305,-8388608
104.0344,-2853353
104.0385,8388607
104.0386,8388607
104.0426,-8388608
104.0467,-8388608
104.0507,-4074117
104.0549,8388607
104.0590,8388607
104.0631,-8388608
104.0671,-8388608
104.0713,-5294881
104.0754,8388607
104.0794,8388607
104.0835,-8221772
104.0876,-8388608
104.0918,-6589185
104.0958,8388607
104.0999,8388607
104.1040,-7118672
104.1082,-8388608
104.1122,-7706993
104.1163,8388607
104.1205,8388607
104.1245,-5853784
104.1286,-8388608
104.1327,-8388608
104.1368,8388607
104.1409,8388607
104.1450,-4735976
104.1491,-8388608
104.1533,-8388608
104.1573,8388607
104.1616,8388607
104.1656,-3500504
104.1697,-8388608
104.1699,-8388608
104.1737,8388607
104.1778,8388607
104.1819,-2353280
104.1860,-8388608
104.1901,-8388608
104.1940,8388607
104.1982,8388607
104.2024,-1117808
104.2065,-8388608
104.2106,-8388608
104.2146,8388607
104.2187,8388607
104.2228,-98889
104.2269,-8388608
104.2310,-8388608
104.2351,8388607
104.2392,8388607
104.2433,235327
104.2474,-8388608
104.2516,-8388608
104.2556,8388607
104.2597,8388607
104.2638,1514923
104.2679,-8388608
104.2720,-8388608
104.2761,8388607
104.2802,8388607
104.2842,2750395
104.2886,-8388608
104.2926,-8388608
104.2967,8388607
104.2968,8388607
104.3006,3971159
104.3047,-8388608
104.3088,-8388608
104.3129,8388607
104.3169,8388607
104.3211,5103675
104.3253,-8388608
104.3293,-8388608
104.3334,8015859
104.3375,8388607
104.3416,6339147
104.3457,-8388608
104.3498,-8388608
104.3538,6942175
104.3580,8388607
104.3621,7559911
104.3662,-8388608
104.3703,-8388608
104.3744,5647871
104.3785,8388607
104.3826,8388607
104.3866,-8388608
104.3908,-8388608
104.3948,4397691
104.3990,8388607
104.4031,8388607
104.4070,-8388608
104.4113,-8388608
104.4155,3235759
104.4196,8388607
104.4235,8388607
104.4236,-8388608
104.4276,-8388608
104.4317,1882623
104.4358,8388607
104.4398,8388607
104.4440,-8388608
104.4480,-8388608
104.4522,818661
104.4562,8388607
104.4603,8388607
104.4644,-8388608
104.4686,-8388608
104.4727,52203
104.4768,8388607
104.4809,8388607
104.4850,-8388608
104.4891,-8388608
104.4931,-514781
104.4973,8388607
104.5014,8388607
104.5055,-8388608
104.5096,-8388608
104.5136,-1750253
104.5176,8388607
104.5218,8388607
104.5259,-8388608
104.5300,-8388608
104.5342,-2779813
104.5381,8388607
104.5425,8388607
104.5466,-8388608
104.5504,-8388608
104.5505,-4044701
104.5546,8388607
104.5586,8388607
104.5628,-8388608
104.5668,-8388608
104.5710,-5280173
104.5751,8388607
104.5792,8388607
104.5832,-8192356
104.5874,-8388608
104.5914,-6427397
104.5956,8388607
104.5996,8388607
104.6036,-7074548
104.6078,-8388608
104.6118,-7677577
104.6159,8388607
104.6200,8388607
104.6241,-5824368
104.6282,-8388608
104.6324,-8388608
104.6364,8388607
104.6405,8388607
104.6446,-4735976
104.6487,-8388608
104.6528,-8388608
104.6569,8388607
104.6610,8388607
104.6651,-3515212
104.6693,-8388608
104.6733,-8388608
104.6775,8388607
104.6776,8388607
104.6815,-2397404
104.6856,-8388608
104.6896,-8388608
104.6938,8388607
104.6978,8388607
104.7020,-1154733
104.7061,-8388608
104.7102,-8388608
104.7142,8388607
104.7183,8388607
104.7224,-76023
104.7265,-8388608
104.7306,-8388608
104.7347,8388607
104.7388,8388607
104.7429,455947
104.7470,-8388608
104.7511,-8388608
104.7552,8388607
104.7593,8388607
104.7633,1676711
104.7675,-8388608
104.7716,-8388608
104.7757,8388607
104.7798,8388607
104.7839,2941599
104.7884,-8388608
104.7923,-8388608
104.7966,8388607
104.8004,8388607
104.8047,4162363
104.8048,-8388608
104.8086,-8388608
104.8125,8388607
104.8167,8388607
104.8208,5368419
104.8249,-8388608
104.8291,-8388608
104.8330,7927611
104.8371,8388607
104.8413,6589183
104.8454,-8388608
104.8495,-8388608
104.8536,6721555
104.8577,8388607
104.8617,7809947
104.8659,-8388608
104.8700,-8388608
104.8741,5721411
104.8782,8388607
104.8823,8388607
104.8864,-8388608
104.8905,-8388608
104.8945,4883055
104.8986,8388607
104.9027,8388607
104.9068,-8388608
104.9109,-8388608
104.9150,2853351
104.9191,8388607
104.9232,8388607
104.9275,-8388608
104.9316,-8388608
104.9355,1823791
104.9356,8388607
104.9396,8388607
104.9437,-8388608
104.9478,-8388608
104.9519,819459
104.9560,8388607
104.9601,8388607
104.9642,-8388608
104.9682,-8388608
104.9724,-21329
104.9765,8388607
104.9806,8388607
104.9847,-8388608
104.9888,-8388608
104.9928,-691277
104.9969,8388607
105.0010,8388607
105.0051,-8388608
105.0093,-8388608
105.0133,-2000289
105.0175,8388607
105.0216,8388607
105.0257,-8388608
105.0297,-8388608
105.0338,-3147513
105.0379,8388607
105.0420,8388607
105.0463,-8388608
105.0502,-8388608
105.0543,-4530065
105.0584,8388607
105.0625,8388607
105.0626,-8388608
105.0666,-8388608
105.0707,-5515501
105.0748,8388607
105.0789,8388607
105.0829,-7927612
105.0870,-8388608
105.0911,-6500937
105.0952,8388607
105.0993,8388607
105.1035,-6809804
105.1076,-8388608
105.1116,-7971737
105.1157,8388607
105.1198,8388607
105.1239,-5559624
105.1280,-8388608
105.1321,-8388608
105.1362,8388607
105.1403,8388607
105.1444,-4309444
105.1485,-8388608
105.1526,-8388608
105.1567,8388607
105.1608,8388607
105.1649,-3088680
105.1690,-8388608
105.1732,-8388608
105.1772,8388607
105.1815,8388607
105.1854,-1912040
105.1896,-8388608
105.1897,-8388608
105.1936,8388607
105.1976,8388607
105.2018,-646607
105.2058,-8388608
105.2099,-8388608
105.2140,8388607
105.2181,8388607
105.2222,6494
105.2263,-8388608
105.2304,-8388608
105.2344,8388607
105.2385,8388607
105.2426,676567
105.2467,-8388608
105.2508,-8388608
105.2549,8388607
105.2590,8388607
105.2631,2029703
105.2672,-8388608
105.2713,-8388608
105.2754,8388607
105.2795,8388607
105.2835,3088679
105.2876,-8388608
105.2918,-8388608
105.2958,8388607
105.2999,8388607
105.3040,4103531
105.3086,-8388608
105.3126,-8388608
105.3164,8388607
105.3165,8388607
105.3205,5294879
105.3245,-8388608
105.3287,-8388608
105.3327,8383559
105.3368,8388607
105.3409,6559767
105.3450,-8388608
105.3491,-8388608
105.3532,7133379
105.3573,8388607
105.3614,7765823
105.3656,-8388608
105.3696,-8388608
105.3737,6074403
105.3778,8388607
105.3819,8388607
105.3861,-8388608
105.3902,-8388608
105.3943,4706559
105.3984,8388607
105.4025,8388607
105.4066,-8388608
105.4107,-8388608
105.4147,3456379
105.4188,8388607
105.4229,8388607
105.4271,-8388608
105.4312,-8388608
105.4353,2147367
105.4393,8388607
105.4434,8388607
105.4435,-8388608
105.4475,-8388608
105.4516,775014
105.4557,8388607
105.4598,8388607
105.4638,-8388608
105.4679,-8388608
105.4719,18460
105.4761,8388607
105.4802,8388607
105.4843,-8388608
105.4884,-8388608
105.4925,-941313
105.4965,8388607
105.5007,8388607
105.5047,-8388608
105.5088,-8388608
105.5130,-2250325
105.5171,8388607
105.5212,8388607
105.5253,-8388608
105.5294,-8388608
105.5336,-3721125
105.5376,8388607
105.5417,8388607
105.5458,-8388608
105.5499,-8388608
105.5542,-5044845
105.5580,8388607
105.5624,8388607
105.5663,-8388608
105.5705,-8388608
105.5706,-6456813
105.5745,8388607
105.5786,8388607
105.5826,-7471664
105.5868,-8388608
105.5909,-7545205
105.5949,8388607
105.5990,8388607
105.6031,-6295024
105.6072,-8388608
105.6113,-8388608
105.6154,8388607
105.6196,8388607
105.6237,-5103676
105.6277,-8388608
105.6318,-8388608
105.6359,8388607
105.6400,8388607
105.6441,-4000576
105.6482,-8388608
105.6522,-8388608
105.6564,8388607
105.6605,8388607
105.6646,-2735688
105.6687,-8388608
105.6728,-8388608
105.6769,8388607
105.6810,8388607
105.6852,-1514924
105.6891,-8388608
105.6934,-8388608
105.6974,8388607
105.7014,8388607
105.7015,-372530
105.7056,-8388608
105.7096,-8388608
105.7136,8388607
105.7178,8388607
105.7219,73539
105.7260,-8388608
105.7300,-8388608
105.7342,8388607
105.7383,8388607
105.7424,808939
105.7465,-8388608
105.7506,-8388608
105.7547,8388607
105.7588,8388607
105.7629,1882623
105.7670,-8388608
105.7711,-8388608
105.7752,8388607
105.7792,8388607
105.7833,3176927
105.7875,-8388608
105.7915,-8388608
105.7957,8388607
105.7996,8388607
105.8039,5103675
105.8079,-8388608
105.8123,-8388608
105.8160,8001151
105.8203,8388607
105.8245,5515499
105.8286,-8388608
105.8287,-8388608
105.8324,6545059
105.8366,8388607
105.8407,6927467
105.8448,-8388608
105.8489,-8388608
105.8530,6427395
105.8571,8388607
105.8612,8118815
105.8653,-8388608
105.8694,-8388608
105.8734,5147799
105.8776,8388607
105.8815,8388607
105.8857,-8388608
105.8898,-8388608
105.8939,3588751
105.8980,8388607
105.9021,8388607
105.9062,-8388608
105.9103,-8388608
105.9144,2765103
105.9185,8388607
105.9226,8388607
105.9267,-8388608
105.9308,-8388608
105.9349,1397259
105.9390,8388607
105.9431,8388607
105.9473,-8388608
105.9513,-8388608
105.9514,81171
105.9553,8388607
105.9595,8388607
105.9635,-8388608
105.9677,-8388608
105.9717,-338285
105.9758,8388607
105.9800,8388607
105.9840,-8388608
105.9881,-8388608
105.9922,-1220765
105.9963,8388607
106.0005,8388607
106.0046,-8388608
106.0086,-8388608
106.0127,-1662005
106.0168,8388607
106.0208,8388607
106.0250,-8388608
106.0291,-8388608
106.0332,2272776
106.0373,8388607
106.0414,8388607
106.0455,-8388608
106.0495,-8388608
106.0537,299354
106.0578,8388607
106.0619,8388607
106.0660,-8388608
106.0702,-8388608
106.0742,-912799
106.0783,8388607
106.0824,8388607
106.0825,-8388608
106.0864,-8388608
106.0905,-2482286
106.0946,8388607
106.0988,8388607
106.1028,-8388608
106.1070,-8388608
106.1110,-3384524
106.1151,8388607
106.1192,8388607
106.1233,-7177504
106.1273,-8388608
106.1316,-4886919
106.1356,8388607
106.1397,8388607
106.1438,-6015572
106.1479,-8388608
106.1520,-6211405
106.1561,8388607
106.1602,8388607
106.1643,-4838932
106.1684,-8388608
106.1725,-7108836
106.1765,8388607
106.1806,8388607
106.1847,-3544628
106.1888,-8388608
106.1931,-7748660
106.1970,8388607
106.2012,8388607
106.2053,-2353280
106.2095,-8388608
106.2096,-8388608
106.2134,8388607
106.2176,8388607
106.2216,-1051952
106.2257,-8388608
106.2298,-8388608
106.2339,8388607
106.2380,8388607
106.2421,-271208
106.2462,-8388608
106.2503,-8388608
106.2544,8388607
106.2585,8388607
106.2626,653928
106.2667,-8388608
106.2708,-8388608
106.2749,8388607
106.2790,8388607
106.2831,1617879
106.2872,-8388608
106.2913,-8388608
106.2954,8388607
106.2993,8388607
106.3036,2765103
106.3076,-8388608
106.3117,-8388608
106.3157,8388607
106.3199,8388607
106.3240,4029991
106.3283,-8388608
106.3322,-8388608
106.3363,8388607
106.3405,8388607
106.3406,5206631
106.3445,-8388608
106.3486,-8388608
106.3527,8388607
106.3568,8388607
106.3609,7001007
106.3650,-8388608
106.3691,-8388608
106.3731,8001151
106.3773,8388607
106.3814,8192355
106.3855,-8388608
106.3896,-8388608
106.3937,7059839
106.3977,8388607
106.4018,8388607
106.4059,-8388608
106.4100,-8388608
106.4141,5897907
106.4182,8388607
106.4223,8388607
106.4264,-8388608
106.4305,-8388608
106.4346,4838931
106.4387,8388607
106.4428,8388607
106.4469,-8388608
106.4511,-8388608
106.4551,3765247
106.4591,8388607
106.4632,8388607
106.4673,-8388608
106.4674,-8388608
106.4713,2730115
106.4755,8388607
106.4795,8388607
106.4837,-8388608
106.4877,-8388608
106.4919,1898922
106.4959,8388607
106.5001,8388607
106.5041,-8388608
106.5082,-8388608
106.5124,764879
106.5164,8388607
106.5205,8388607
106.5246,-8388608
106.5287,-8388608
106.5328,-760209
106.5369,8388607
106.5410,8388607
106.5451,-8388608
106.5492,-8388608
106.5533,-1956235
106.5574,8388607
106.5615,8388607
106.5656,-8388608
106.5697,-8388608
106.5738,-3112106
106.5778,8388607
106.5819,8388607
106.5862,-8388608
106.5903,-8388608
106.5945,-4412401
106.5946,8388607
106.5984,8388607
106.6026,-7251044
106.6067,-8388608
106.6107,-5368421
106.6148,8388607
106.6191,8388607
106.6231,-5986156
106.6272,-8388608
106.6311,-6648017
106.6352,8388607
106.6393,8388607
106.6434,-4853640
106.6475,-8388608
106.6516,-7711083
106.6557,8388607
106.6598,8388607
106.6639,-3677000
106.6680,-8388608
106.6721,-8388608
106.6761,8388607
106.6802,8388607
106.6843,-2441528
106.6885,-8388608
106.6925,-8388608
106.6966,8388607
106.7007,8388607
106.7051,-1207788
106.7092,-8388608
106.7134,-8388608
106.7174,8388607
106.7213,8388607
106.7214,-275909
106.7253,-8388608
106.7295,-8388608
106.7335,8388607
106.7376,8388607
106.7417,467915
106.7458,-8388608
106.7499,-8388608
106.7540,8388607
106.7580,8388607
106.7622,1529631
106.7663,-8388608
106.7704,-8388608
106.7746,8388607
106.7786,8388607
106.7827,2647439
106.7868,-8388608
106.7909,-8388608
106.7950,8388607
106.7990,8388607
106.8032,3897619
106.8073,-8388608
106.8114,-8388608
106.8155,8388607
106.8196,8388607
106.8237,5250755
106.8278,-8388608
106.8320,-8388608
106.8359,8388607
106.8403,8388607
106.8442,6353855
106.8484,-8388608
106.8485,-8388608
106.8524,8383559
106.8565,8388607
106.8606,7662867
106.8647,-8388608
106.8688,-8388608
106.8729,7515787
106.8769,8388607
106.8810,8388607
106.8852,-8388608
106.8892,-8388608
106.8933,6427395
106.8974,8388607
106.9015,8388607
106.9056,-8388608
106.9097,-8388608
106.9138,5133091
106.9179,8388607
106.9220,8388607
106.9261,-8388608
106.9302,-8388608
106.9343,3809371
106.9384,8388607
106.9425,8388607
106.9466,-8388608
106.9507,-8388608
106.9547,2415724
106.9591,8388607
106.9630,8388607
106.9671,-8388608
106.9711,-8388608
106.9754,1692944
106.9755,8388607
106.9793,8388607
106.9834,-8388608
106.9875,-8388608
106.9916,456277
106.9957,8388607
106.9998,8388607
107.0038,-8388608
107.0079,-8388608
107.0120,-674776
107.0161,8388607
107.0202,8388607
107.0243,-8388608
107.0284,-8388608
107.0325,-1692400
107.0366,8388607
107.0407,8388607
107.0448,-8388608
107.0489,-8388608
107.0530,-2787426
107.0571,8388607
107.0613,8388607
107.0653,-8388608
107.0694,-8388608
107.0736,-3750541
107.0776,8388607
107.0817,8388607
107.0860,-7971736
107.0900,-8388608
107.0942,-4883057
107.0983,8388607
107.1022,8388607
107.1023,-6765680
107.1063,-8388608
107.1104,-6015573
107.1145,8388607
107.1185,8388607
107.1228,-5544916
107.1267,-8388608
107.1308,-7284485
107.1351,8388607
107.1390,8388607
107.1431,-4382984
107.1472,-8388608
107.1513,-8388608
107.1554,8388607
107.1595,8388607
107.1636,-3162220
107.1677,-8388608
107.1718,-8388608
107.1759,8388607
107.1800,8388607
107.1841,-1941456
107.1883,-8388608
107.1923,-8388608
107.1964,8388607
107.2007,8388607
107.2046,-623818
107.2088,-8388608
107.2128,-8388608
107.2171,8388607
107.2211,8388607
107.2253,-23488
107.2293,-8388608
107.2332,-8388608
107.2334,8388607
107.2373,8388607
107.2414,853063
107.2455,-8388608
107.2496,-8388608
107.2540,8388607
107.2586,8388607
107.2621,1867915
107.2660,-8388608
107.2702,-8388608
107.2745,8388607
107.2783,8388607
107.2823,3103387
107.2871,-8388608
107.2907,-8388608
107.2947,8388607
107.2987,8388607
107.3035,4324151
107.3069,-8388608
107.3110,-8388608
107.3151,8388607
107.3194,8388607
107.3238,5456667
107.3275,-8388608
107.3315,-8388608
107.3366,8388607
107.3406,8388607
107.3439,6692139
107.3480,-8388608
107.3523,-8388608
107.3562,8059983
107.3604,8388607
107.3605,7957027
107.3643,-8388608
107.3710,-8388608
107.3726,7045131
107.3765,8388607
107.3806,8388607
107.3868,-8388608
107.3893,-8388608
107.3931,6015571
107.3971,8388607
107.4013,8388607
107.4054,-8388608
107.4093,-8388608
107.4135,4691851
107.4175,8388607
107.4221,8388607
107.4258,-8388608
107.4299,-8388608
107.4339,3441671
107.4387,8388607
107.4424,8388607
107.4463,-8388608
107.4503,-8388608
107.4550,2156232
107.4592,8388607
107.4626,8388607
107.4668,-8388608
107.4711,-8388608
107.4750,1377324
107.4791,8388607
107.4833,8388607
107.4873,-8388608
107.4877,-8388608
107.4913,401697
107.4955,8388607
107.4995,8388607
107.5037,-8388608
107.5077,-8388608
107.5117,-777179
107.5158,8388607
107.5207,8388607
107.5240,-8388608
107.5281,-8388608
107.5322,-1769622
107.5373,8388607
107.5405,8388607
107.5445,-8388608
107.5486,-8388608
107.5529,-2908293
107.5570,8388607
107.5610,8388607
107.5651,-8388608
107.5702,-8388608
107.5739,-4014755
107.5772,8388607
107.5813,8388607
107.5858,-7942320
107.5902,-8388608
107.5936,-5015429
107.5977,8388607
107.6027,8388607
107.6060,-6750972
107.6101,-8388608
107.6142,-6192069
107.6143,8388607
107.6202,8388607
107.6226,-5544916
107.6265,-8388608
107.6305,-7561868
107.6366,8388607
107.6389,8388607
107.6429,-4294736
107.6469,-8388608
107.6546,-8388608
107.6555,8388607
107.6592,8388607
107.6633,-3088680
107.6674,-8388608
107.6720,-8388608
107.6756,8388607
107.6796,8388607
107.6838,-1853208
107.6880,-8388608
107.6921,-8388608
107.6963,8388607
107.7001,8388607
107.7047,-617730
107.7085,-8388608
107.7124,-8388608
107.7167,8388607
107.7210,8388607
107.7249,25745
107.7289,-8388608
107.7330,-8388608
107.7372,8388607
107.7412,8388607
107.7413,853063
107.7452,-8388608
107.7493,-8388608
107.7535,8388607
107.7576,8388607
107.7617,1970871
107.7660,-8388608
107.7701,-8388608
107.7739,8388607
107.7779,8388607
107.7820,3265175
107.7864,-8388608
107.7902,-8388608
107.7943,8388607
107.7985,8388607
107.8031,4456523
107.8072,-8388608
107.8107,-8388608
107.8148,8388607
107.8189,8388607
107.8235,5647871
107.8271,-8388608
107.8313,-8388608
107.8362,8388607
107.8399,8388607
107.8435,6780387
107.8476,-8388608
107.8521,-8388608
107.8558,7618743
107.8599,8388607
107.8640,7898195
107.8685,-8388608
107.8700,-8388608
107.8728,6648015
107.8762,8388607
107.8803,8388607
107.8880,-8388608
107.8886,-8388608
107.8926,5721411
107.8967,8388607
107.9028,8388607
107.9053,-8388608
107.9092,-8388608
107.9131,4912471
107.9175,8388607
107.9219,8388607
107.9255,-8388608
107.9295,-8388608
107.9336,3971159
107.9382,8388607
107.9418,8388607
107.9459,-8388608
107.9500,-8388608
107.9545,2593032
107.9585,8388607
107.9623,8388607
107.9665,-8388608
107.9708,-8388608
107.9747,1622704
107.9787,8388607
107.9828,8388607
107.9872,-8388608
107.9910,-8388608
107.9950,474702
107.9951,8388607
107.9992,8388607
108.0037,-8388608
108.0073,-8388608
108.0115,-548856
108.0156,8388607
108.0202,8388607
108.0237,-8388608
108.0278,-8388608
108.0319,-1667634
108.0368,8388607
108.0401,8388607
108.0442,-8388608
108.0483,-8388608
108.0525,-2866395
108.0567,8388607
108.0606,8388607
108.0647,-8388608
108.0696,-8388608
108.0735,-4054976
108.0770,8388607
108.0810,8388607
108.0855,-7677576
108.0896,-8388608
108.0935,-5118385
108.0976,8388607
108.1023,8388607
108.1060,-6545060
108.1099,-8388608
108.1140,-6427397
108.1189,8388607
108.1221,8388607
108.1262,-5368420
108.1263,-8388608
108.1302,-7586172
108.1371,8388607
108.1385,8388607
108.1425,-4147656
108.1466,-8388608
108.1529,-8388608
108.1549,8388607
108.1589,8388607
108.1630,-2926892
108.1696,-8388608
108.1716,-8388608
108.1754,8388607
108.1795,8388607
108.1835,-1691420
108.1879,-8388608
108.1918,-8388608
108.1958,8388607
108.1998,8388607
108.2044,-645999
108.2080,-8388608
108.2121,-8388608
108.2163,8388607
108.2208,8388607
108.2248,111281
108.2285,-8388608
108.2326,-8388608
108.2376,8388607
108.2410,8388607
108.2450,970727
108.2490,-8388608
108.2533,-8388608
108.2540,8388607
108.2572,8388607
108.2613,2191491
108.2658,-8388608
108.2711,-8388608
108.2735,8388607
108.2776,8388607
108.2817,3441671
108.2862,-8388608
108.2901,-8388608
108.2941,8388607
108.2981,8388607
108.3032,4647727
108.3066,-8388608
108.3104,-8388608
108.3145,8388607
108.3186,8388607
108.3228,5765535
108.3269,-8388608
108.3310,-8388608
108.3356,8388607
108.3392,8388607
108.3432,7103963
108.3473,-8388608
108.3524,-8388608
108.3557,7486371
108.3596,8388607
108.3637,8265895
108.3694,-8388608
108.3720,-8388608
108.3761,6471519
108.3802,8388607
108.3803,8388607
108.3868,-8388608
108.3883,-8388608
108.3923,5427251
108.3964,8388607
108.4024,8388607
108.4054,-8388608
108.4088,-8388608
108.4128,4177071
108.4169,8388607
108.4217,8388607
108.4253,-8388608
108.4293,-8388608
108.4334,3073971
108.4378,8388607
108.4417,8388607
108.4456,-8388608
108.4497,-8388608
108.4543,1979304
108.4579,8388607
108.4620,8388607
108.4661,-8388608
108.4703,-8388608
108.4747,991657
108.4783,8388607
108.4825,8388607
108.4868,-8388608
108.4908,-8388608
108.4948,-171566
108.4989,8388607
108.5030,8388607
108.5071,-8388608
108.5072,-8388608
108.5111,-1190121
108.5152,8388607
108.5194,8388607
108.5238,-8388608
108.5275,-8388608
108.5316,-2216663
108.5372,8388607
108.5398,8388607
108.5439,-8388608
108.5480,-8388608
108.5527,-3403550
108.5563,8388607
108.5605,8388607
108.5645,-8388608
108.5695,-8388608
108.5733,-4809517
108.5766,8388607
108.5807,8388607
108.5856,-7339292
108.5894,-8388608
108.5932,-5883201
108.5972,8388607
108.6021,8388607
108.6055,-6118528
108.6096,-8388608
108.6136,-6912761
108.6190,8388607
108.6223,8388607
108.6258,-4912472
108.6300,-8388608
108.6344,-7718350
108.6355,8388607
108.6382,8388607
108.6422,-3647584
108.6463,-8388608
108.6521,-8388608
108.6546,8388607
108.6586,8388607
108.6627,-2515068
108.6670,-8388608
108.6717,-8388608
108.6751,8388607
108.6790,8388607
108.6832,-1247181
108.6877,-8388608
108.6915,-8388608
108.6956,8388607
108.6995,8388607
108.7043,-349561
108.7077,-8388608
108.7118,-8388608
108.7160,8388607
108.7201,8388607
108.7243,281543
108.7283,-8388608
108.7324,-8388608
108.7369,8388607
108.7406,8388607
108.7446,1250179
108.7488,-8388608
108.7533,-8388608
108.7569,8388607
108.7611,8388607
108.7611,2456235
108.7652,-8388608
108.7700,-8388608
108.7733,8388607
108.7775,8388607
108.7815,3691707
108.7861,-8388608
108.7898,-8388608
108.7937,8388607
108.7978,8388607
108.8020,4912471
108.8062,-8388608
108.8103,-8388608
108.8143,8388607
108.8183,8388607
108.8234,6118527
108.8265,-8388608
108.8306,-8388608
108.8355,8265895
108.8391,8388607
108.8429,7412831
108.8470,-8388608
108.8521,-8388608
108.8553,7324583
108.8600,8388607
108.8634,8388607
108.8686,-8388608
108.8716,-8388608
108.8756,6339147
108.8799,8388607
108.8839,8388607
108.8881,-8388608
108.8887,-8388608
108.8920,5088967
108.8961,8388607
108.9003,8388607
108.9048,-8388608
108.9084,-8388608
108.9125,3118095
108.9168,8388607
108.9212,8388607
108.9248,-8388608
108.9289,-8388608
108.9330,2804169
108.9377,8388607
108.9413,8388607
108.9454,-8388608
108.9494,-8388608
108.9536,1799554
108.9578,8388607
108.9617,8388607
108.9659,-8388608
108.9700,-8388608
108.9739,990715
108.9780,8388607
108.9821,8388607
108.9863,-8388608
108.9904,-8388608
108.9944,-211728
108.9985,8388607
109.0033,8388607
109.0069,-8388608
109.0110,-8388608
109.0149,-1417032
109.0151,8388607
109.0191,8388607
109.0234,-8388608
109.0272,-8388608
109.0313,-2506715
109.0365,8388607
109.0402,8388607
109.0436,-8388608
109.0477,-8388608
109.0518,-3662293
109.0569,8388607
109.0600,8388607
109.0641,-8251188
109.0686,-8388608
109.0727,-4721269
109.0765,8388607
109.0806,8388607
109.0858,-7089256
109.0889,-8388608
109.0933,-6044989
109.0974,8388607
109.1022,8388607
109.1060,-5927324
109.1091,-8388608
109.1132,-7133381
109.1185,8388607
109.1219,8388607
109.1258,-4735976
109.1298,-8388608
109.1354,-8257061
109.1379,8388607
109.1420,8388607
109.1460,-3574044
109.1461,-8388608
109.1516,-8388608
109.1545,8388607
109.1587,8388607
109.1625,-2294448
109.1681,-8388608
109.1713,-8388608
109.1746,8388607
109.1787,8388607
109.1829,-1105667
109.1874,-8388608
109.1915,-8388608
109.1952,8388607
109.1992,8388607
109.2040,-237154
109.2078,-8388608
109.2121,-8388608
109.2157,8388607
109.2197,8388607
109.2242,455947
109.2282,-8388608
109.2320,-8388608
109.2365,8388607
109.2405,8388607
109.2444,1470799
109.2485,-8388608
109.2535,-8388608
109.2572,8388607
109.2607,8388607
109.2648,2720979
109.2690,-8388608
109.2729,-8388608
109.2730,8388607
109.2770,8388607
109.2811,3853495
109.2865,-8388608
109.2894,-8388608
109.2936,8388607
109.2976,8388607
109.3017,5000719
109.3061,-8388608
109.3098,-8388608
109.3139,8388607
109.3187,8388607
109.3229,6309731
109.3262,-8388608
109.3303,-8388608
109.3351,8251187
109.3388,8388607
109.3427,7501079
109.3468,-8388608
109.3514,-8388608
109.3550,7427539
109.3590,8388607
109.3630,8388607
109.3682,-8388608
109.3715,-8388608
109.3753,6648015
109.3795,8388607
109.3849,8388607
109.3878,-8388608
109.3919,-8388608
109.3961,5618455
109.3999,8388607
109.4002,8388607
109.4046,-8388608
109.4081,-8388608
109.4122,4206487
109.4164,8388607
109.4212,8388607
109.4245,-8388608
109.4286,-8388608
109.4327,2905403
109.4374,8388607
109.4409,8388607
109.4450,-8388608
109.4491,-8388608
109.4533,1989153
109.4573,8388607
109.4613,8388607
109.4656,-8388608
109.4708,-8388608
109.4741,926434
109.4779,8388607
109.4819,8388607
109.4861,-8388608
109.4900,-8388608
109.4941,-68441
109.4982,8388607
109.5026,8388607
109.5064,-8388608
109.5107,-8388608
109.5146,-1300692
109.5192,8388607
109.5228,8388607
109.5271,-8388608
109.5271,-8388608
109.5310,-2465360
109.5356,8388607
109.5392,8388607
109.5433,-8388608
109.5474,-8388608
109.5519,-3632877
109.5558,8388607
109.5597,8388607
109.5638,-8388608
109.5688,-8388608
109.5728,-4633021
109.5760,8388607
109.5801,8388607
109.5850,-7177504
109.5891,-8388608
109.5925,-5956741
109.5965,8388607
109.6011,8388607
109.6058,-6015572
109.6088,-8388608
109.6129,-7574621
109.6183,8388607
109.6216,8388607
109.6254,-5353712
109.6294,-8388608
109.6345,-8384239
109.6383,8388607
109.6416,8388607
109.6459,-3603460
109.6515,-8388608
109.6539,-8388608
109.6539,8388607
109.6580,8388607
109.6620,-2323864
109.6665,-8388608
109.6706,-8388608
109.6743,8388607
109.6785,8388607
109.6826,-1116641
109.6870,-8388608
109.6913,-8388608
109.6948,8388607
109.6989,8388607
109.7034,-215255
109.7075,-8388608
109.7112,-8388608
109.7180,8388607
109.7200,8388607
109.7235,441993
109.7276,-8388608
109.7319,-8388608
109.7364,8388607
109.7399,8388607
109.7439,1441383
109.7484,-8388608
109.7526,-8388608
109.7563,8388607
109.7603,8388607
109.7645,2691563
109.7686,-8388608
109.7730,-8388608
109.7770,8388607
109.7808,8388607
109.7809,3882911
109.7855,-8388608
109.7892,-8388608
109.7931,8388607
109.7972,8388607
109.8017,5030135
109.8059,-8388608
109.8095,-8388608
109.8136,8388607
109.8179,8388607
109.8229,6250899
109.8260,-8388608
109.8301,-8388608
109.8345,8265895
109.8391,8388607
109.8423,7456955
109.8464,-8388608
109.8518,-8388608
109.8553,7280459
109.8587,8388607
109.8627,8388607
109.8688,-8388608
109.8714,-8388608
109.8754,6280315
109.8791,8388607
109.8845,8388607
109.8874,-8388608
109.8916,-8388608
109.8955,5191923
109.8997,8388607
109.9037,8388607
109.9078,-8388608
109.9079,-8388608
109.9119,3956451
109.9165,8388607
109.9205,8388607
109.9242,-8388608
109.9283,-8388608
109.9324,2708919
109.9370,8388607
109.9407,8388607
109.9448,-8388608
109.9488,-8388608
109.9538,1760934
109.9571,8388607
109.9611,8388607
109.9652,-8388608
109.9695,-8388608
109.9740,702667
109.9776,8388607
109.9816,8388607
109.9860,-8388608
109.9899,-8388608
109.9938,-285277
109.9979,8388607
110.0024,8388607
110.0068,-8388608
110.0102,-8388608
110.0144,-1542987
110.0184,8388607
110.0226,8388607
110.0268,-8388608
110.0310,-8388608
110.0352,-2608198
110.0360,8388607
110.0390,8388607
110.0430,-8388608
110.0471,-8388608
110.0516,-3588753
110.0554,8388607
110.0601,8388607
110.0636,-8162940
110.0687,-8388608
110.0717,-4662437
110.0761,8388607
110.0798,8388607
110.0843,-6853928
110.0881,-8388608
110.0927,-5544917
110.0962,8388607
110.1017,8388607
110.1051,-5691996
110.1087,-8388608
110.1127,-6692141
110.1182,8388607
110.1211,8388607
110.1252,-4500648
110.1290,-8388608
110.1351,-8153669
110.1375,8388607
110.1417,8388607
110.1455,-3426964
110.1520,-8388608
110.1536,-8388608
110.1577,8388607
110.1618,8388607
110.1659,-2206200
110.1660,-8388608
110.1700,-8388608
110.1743,8388607
110.1781,8388607
110.1823,-1003241
110.1863,-8388608
110.1911,-8388608
110.1946,8388607
110.1986,8388607
110.2032,-202229
110.2074,-8388608
110.2109,-8388608
110.2150,8388607
110.2195,8388607
110.2237,573611
110.2274,-8388608
110.2314,-8388608
110.2367,8388607
110.2400,8388607
110.2437,1544339
110.2478,-8388608
110.2525,-8388608
110.2562,8388607
110.2604,8388607
110.2642,2853351
110.2687,-8388608
110.2726,-8388608
110.2766,8388607
110.2806,8388607
110.2851,4015283
110.2889,-8388608
110.2928,-8388608
110.2929,8388607
110.2969,8388607
110.3013,5059551
110.3056,-8388608
110.3096,-8388608
110.3133,8388607
110.3183,8388607
110.3215,6368563
110.3256,-8388608
110.3297,-8388608
110.3342,7986443
110.3382,8388607
110.3425,7604035
110.3461,-8388608
110.3511,-8388608
110.3547,7148087
110.3590,8388607
110.3625,8388607
110.3680,-8388608
110.3709,-8388608
110.3755,6044987
110.3788,8388607
110.3848,8388607
110.3879,-8388608
110.3914,-8388608
110.3952,4853639
110.4007,8388607
110.4041,8388607
110.4076,-8388608
110.4118,-8388608
110.4174,3618167
110.4198,8388607
110.4202,8388607
110.4240,-8388608
110.4280,-8388608
110.4321,2476478
110.4367,8388607
110.4409,8388607
110.4444,-8388608
110.4485,-8388608
110.4527,1520774
110.4568,8388607
110.4609,8388607
110.4650,-8388608
110.4698,-8388608
110.4734,473688
110.4776,8388607
110.4812,8388607
110.4855,-8388608
110.4898,-8388608
110.4939,-602181
110.4976,8388607
110.5025,8388607
110.5065,-8388608
110.5099,-8388608
110.5142,-1711282
110.5189,8388607
110.5228,8388607
110.5264,-8388608
110.5306,-8388608
110.5351,-2998395
110.5386,8388607
110.5427,8388607
110.5468,-8388608
110.5469,-8388608
110.5525,-4015285
110.5550,8388607
110.5595,8388607
110.5632,-7942320
110.5681,-8388608
110.5716,-5162509
110.5760,8388607
110.5795,8388607
110.5848,-6662724
110.5887,-8388608
110.5919,-6368565
110.5960,8388607
110.6004,8388607
110.6047,-5397836
110.6083,-8388608
110.6124,-7570431
110.6177,8388607
110.6208,8388607
110.6248,-4250612
110.6287,-8388608
110.6353,-8388608
110.6374,8388607
110.6414,8388607
110.6451,-3118096
110.6510,-8388608
110.6538,-8388608
110.6580,8388607
110.6615,8388607
110.6673,-1912040
110.6700,-8388608
110.6737,-8388608
110.6738,8388607
110.6778,8388607
110.6820,-733705
110.6870,-8388608
110.6901,-8388608
110.6942,8388607
110.6983,8388607
110.7026,-29243
110.7067,-8388608
110.7106,-8388608
110.7147,8388607
110.7194,8388607
110.7229,794231
110.7270,-8388608
110.7312,-8388608
110.7358,8388607
110.7395,8388607
110.7433,1882623
110.7475,-8388608
110.7525,-8388608
110.7563,8388607
110.7598,8388607
110.7639,3191635
110.7680,-8388608
110.7729,-8388608
110.7761,8388607
110.7802,8388607
110.7849,4397691
110.7886,-8388608
110.7927,-8388608
110.7970,8388607
110.8007,8388607
110.8018,5662579
110.8048,-8388608
110.8089,-8388608
110.8130,8388607
110.8174,8388607
110.8215,6912759
110.8253,-8388608
110.8294,-8388608
110.8340,8001151
110.8380,8388607
110.8417,8280603
110.8458,-8388608
110.8507,-8388608
110.8539,7103963
110.8581,8388607
110.8622,8388607
110.8679,-8388608
110.8705,-8388608
110.8745,5794951
110.8785,8388607
110.8844,8388607
110.8873,-8388608
110.8910,-8388608
110.8949,4397691
110.8990,8388607
110.9032,8388607
110.9074,-8388608
110.9115,-8388608
110.9178,3176927
110.9195,8388607
110.9237,8388607
110.9277,-8388608
110.9278,-8388608
110.9319,1984906
110.9361,8388607
110.9400,8388607
110.9440,-8388608
110.9482,-8388608
110.9531,1052336
110.9563,8388607
110.9605,8388607
110.9646,-8388608
110.9696,-8388608
110.9731,-171532
110.9771,8388607
110.9810,8388607
110.9851,-8388608
110.9891,-8388608
110.9932,-1162186
110.9973,8388607
111.0015,8388607
111.0055,-8388608
111.0096,-8388608
111.0138,-2223391
111.0179,8388607
111.0220,8388607
111.0261,-8388608
111.0302,-8388608
111.0343,-3368133
111.0383,8388607
111.0425,8388607
111.0466,-8388608
111.0507,-8388608
111.0547,-4427109
111.0548,8388607
111.0589,8388607
111.0629,-7501080
111.0670,-8388608
111.0711,-5662581
111.0752,8388607
111.0792,8388607
111.0834,-6295024
111.0876,-8388608
111.0916,-6868637
111.0957,8388607
111.0998,8388607
111.1039,-5059552
111.1080,-8388608
111.1123,-8028521
111.1162,8388607
111.1203,8388607
111.1243,-3794664
111.1285,-8388608
111.1325,-8388608
111.1366,8388607
111.1407,8388607
111.1448,-2706272
111.1488,-8388608
111.1530,-8388608
111.1571,8388607
111.1612,8388607
111.1655,-1426676
111.1696,-8388608
111.1737,-8388608
111.1778,8388607
111.1818,8388607
111.1819,-371515
111.1858,-8388608
111.1899,-8388608
111.1940,8388607
111.1981,8388607
111.2022,263956
111.2063,-8388608
111.2104,-8388608
111.2145,8388607
111.2186,8388607
111.2227,1294303
111.2270,-8388608
111.2309,-8388608
111.2350,8388607
111.2390,8388607
111.2432,2353279
111.2473,-8388608
111.2514,-8388608
111.2554,8388607
111.2595,8388607
111.2636,3662291
111.2679,-8388608
111.2718,-8388608
111.2759,8388607
111.2800,8388607
111.2841,4897763
111.2882,-8388608
111.2923,-8388608
111.2963,8388607
111.3006,8388607
111.3048,6074403
111.3087,-8388608
111.3127,-8388608
111.3127,8339435
111.3169,8388607
111.3209,7295167
111.3251,-8388608
111.3291,-8388608
111.3333,7412831
111.3373,8388607
111.3413,8388607
111.3456,-8388608
111.3496,-8388608
111.3537,6353855
111.3578,8388607
111.3620,8388607
111.3660,-8388608
111.3701,-8388608
111.3741,5147799
111.3783,8388607
111.3824,8388607
111.3866,-8388608
111.3905,-8388608
111.3947,3897619
111.3988,8388607
111.4029,8388607
111.4069,-8388608
111.4110,-8388608
111.4153,2676541
111.4194,8388607
111.4234,8388607
111.4277,-8388608
111.4317,-8388608
111.4357,1700320
111.4397,8388607
111.4398,8388607
111.4437,-8388608
111.4479,-8388608
111.4519,822437
111.4561,8388607
111.4602,8388607
111.4642,-8388608
111.4684,-8388608
111.4725,-254142
111.4765,8388607
111.4806,8388607
111.4848,-8388608
111.4888,-8388608
111.4929,-1268799
111.4971,8388607
111.5011,8388607
111.5052,-8388608
111.5093,-8388608
111.5135,-2429244
111.5175,8388607
111.5216,8388607
111.5257,-8388608
111.5298,-8388608
111.5339,-3324009
111.5380,8388607
111.5421,8388607
111.5462,-8236480
111.5504,-8388608
111.5545,-4441817
111.5585,8388607
111.5625,8388607
111.5668,-7045132
111.5668,-8388608
111.5708,-5691997
111.5748,8388607
111.5789,8388607
111.5831,-5794952
111.5872,-8388608
111.5913,-6986301
111.5954,8388607
111.5996,8388607
111.6036,-4647728
111.6077,-8388608
111.6118,-8297376
111.6158,8388607
111.6199,8388607
111.6240,-3515212
111.6281,-8388608
111.6322,-8388608
111.6363,8388607
111.6403,8388607
111.6446,-2367988
111.6486,-8388608
111.6528,-8388608
111.6568,8388607
111.6609,8388607
111.6651,-1014688
111.6691,-8388608
111.6732,-8388608
111.6773,8388607
111.6815,8388607
111.6855,-195994
111.6897,-8388608
111.6938,-8388608
111.6939,8388607
111.6978,8388607
111.7019,529487
111.7061,-8388608
111.7101,-8388608
111.7142,8388607
111.7183,8388607
111.7224,1617879
111.7265,-8388608
111.7305,-8388608
111.7346,8388607
111.7387,8388607
111.7429,2868059
111.7470,-8388608
111.7510,-8388608
111.7551,8388607
111.7593,8388607
111.7633,4103531
111.7674,-8388608
111.7716,-8388608
111.7756,8388607
111.7797,8388607
111.7838,5353711
111.7879,-8388608
111.7921,-8388608
111.7960,8388607
111.8002,8388607
111.8043,6574475
111.8084,-8388608
111.8126,-8388608
111.8167,7957027
111.8208,8388607
111.8209,7736407
111.8247,-8388608
111.8288,-8388608
111.8330,7030423
111.8370,8388607
111.8411,8388607
111.8452,-8388608
111.8494,-8388608
111.8534,5956739
111.8576,8388607
111.8615,8388607
111.8657,-8388608
111.8697,-8388608
111.8738,4780099
111.8779,8388607
111.8821,8388607
111.8862,-8388608
111.8903,-8388608
111.8944,3456379
111.8985,8388607
111.9026,8388607
111.9068,-8388608
111.9108,-8388608
111.9148,2364676
111.9190,8388607
111.9230,8388607
111.9272,-8388608
111.9313,-8388608
111.9353,1443042
111.9394,8388607
111.9436,8388607
111.9477,-8388608
111.9478,-8388608
111.9516,562466
111.9557,8388607
111.9599,8388607
111.9639,-8388608
111.9680,-8388608
111.9721,-504656
111.9763,8388607
111.9803,8388607
111.9845,-8388608
111.9885,-8388608
111.9926,-1529015
111.9968,8388607
112.0009,8388607
112.0050,-8388608
112.0091,-8388608
112.0132,-2804024
112.0173,8388607
112.0214,8388607
112.0254,-8388608
112.0295,-8388608
112.0337,-3838789
112.0376,8388607
112.0418,8388607
112.0459,-7957028
112.0501,-8388608
112.0542,-4927181
112.0582,8388607
112.0623,8388607
112.0665,-6736264
112.0707,-8388608
112.0747,-6147945
112.0748,8388607
112.0786,8388607
112.0828,-5559624
112.0869,-8388608
112.0910,-7402067
112.0951,8388607
112.0992,8388607
112.1032,-4456524
112.1073,-8388608
112.1115,-8388608
112.1156,8388607
112.1196,8388607
112.1238,-3235760
112.1278,-8388608
112.1319,-8388608
112.1361,8388607
112.1401,8388607
112.1442,-1956164
112.1484,-8388608
112.1524,-8388608
112.1565,8388607
112.1606,8388607
112.1647,-671125
112.1688,-8388608
112.1729,-8388608
112.1770,8388607
112.1811,8388607
112.1852,-4028
112.1894,-8388608
112.1934,-8388608
112.1976,8388607
112.2015,8388607
112.2016,838355
112.2056,-8388608
112.2097,-8388608
112.2138,8388607
112.2179,8388607
112.2220,2059119
112.2261,-8388608
112.2302,-8388608
112.2343,8388607
112.2384,8388607
112.2425,3250467
112.2466,-8388608
112.2506,-8388608
112.2548,8388607
112.2588,8388607
112.2629,4530063
112.2671,-8388608
112.2712,-8388608
112.2755,8388607
112.2793,8388607
112.2835,5736119
112.2875,-8388608
112.2916,-8388608
112.2957,8388607
112.2998,8388607
112.3039,6912759
112.3080,-8388608
112.3121,-8388608
112.3162,8045275
112.3203,8388607
112.3245,8045275
112.3285,-8388608
112.3328,-8388608
112.3329,7015715
112.3366,8388607
112.3408,8388607
112.3449,-8388608
112.3491,-8388608
112.3531,5824367
112.3573,8388607
112.3613,8388607
112.3656,-8388608
112.3697,-8388608
112.3737,4662435
112.3776,8388607
112.3817,8388607
112.3858,-8388608
112.3899,-8388608
112.3940,3529919
112.3982,8388607
112.4023,8388607
112.4064,-8388608
112.4104,-8388608
112.4146,2350024
112.4187,8388607
112.4228,8388607
112.4269,-8388608
112.4309,-8388608
112.4350,1523301
112.4391,8388607
112.4433,8388607
112.4474,-8388608
112.4516,-8388608
112.4557,447512
112.4596,8388607
112.4597,8388607
112.4636,-8388608
112.4677,-8388608
112.4718,-660004
112.4759,8388607
112.4800,8388607
112.4841,-8388608
112.4882,-8388608
112.4923,-1756548
112.4964,8388607
112.5005,8388607
112.5046,-8388608
112.5087,-8388608
112.5128,-2959903
112.5169,8388607
112.5209,8388607
112.5251,-8388608
112.5292,-8388608
112.5333,-3927037
112.5375,8388607
112.5415,8388607
112.5457,-7883488
112.5497,-8388608
112.5537,-5059553
112.5578,8388607
112.5619,8388607
112.5660,-6618600
112.5704,-8388608
112.5745,-6427397
112.5783,8388607
112.5828,8388607
112.5868,-5441960
112.5869,-8388608
112.5906,-7548415
112.5947,8388607
112.5989,8388607
112.6029,-4162364
112.6070,-8388608
112.6111,-8388608
112.6152,8388607
112.6194,8388607
112.6235,-2971016
112.6276,-8388608
112.6316,-8388608
112.6356,8388607
112.6397,8388607
112.6438,-1706128
112.6479,-8388608
112.6522,-8388608
112.6562,8388607
112.6602,8388607
112.6644,-523234
112.6686,-8388608
112.6726,-8388608
112.6767,8388607
112.6807,8388607
112.6849,150284
112.6890,-8388608
112.6934,-8388608
112.6972,8388607
112.7013,8388607
112.7057,1014851
112.7096,-8388608
112.7136,-8388608
112.7137,8388607
112.7176,8388607
112.7216,2132659
112.7258,-8388608
112.7299,-8388608
112.7340,8388607
112.7381,8388607
112.7422,3412255
112.7464,-8388608
112.7504,-8388608
112.7546,8388607
112.7586,8388607
112.7626,4662435
112.7668,-8388608
112.7709,-8388608
112.7750,8388607
112.7791,8388607
112.7831,5824367
112.7873,-8388608
112.7914,-8388608
112.7955,8388607
112.7995,8388607
112.8038,7030423
112.8078,-8388608
112.8118,-8388608
112.8159,7692283
112.8201,8388607
112.8242,8207063
112.8283,-8388608
112.8326,-8388608
112.8368,6706847
112.8406,8388607
112.8407,8388607
112.8446,-8388608
112.8487,-8388608
112.8528,5589039
112.8569,8388607
112.8609,8388607
112.8650,-8388608
112.8691,-8388608
112.8732,4397691
112.8774,8388607
112.8815,8388607
112.8855,-8388608
112.8896,-8388608
112.8937,3162219
112.8978,8388607
112.9019,8388607
112.9060,-8388608
112.9101,-8388608
112.9142,2117494
112.9183,8388607
112.9225,8388607
112.9265,-8388608
112.9307,-8388608
112.9347,1202909
112.9388,8388607
112.9430,8388607
112.9471,-8388608
112.9513,-8388608
112.9552,129139
112.9593,8388607
112.9635,8388607
112.9676,-8388608
112.9717,-8388608
112.9718,-896358
112.9757,8388607
112.9798,8388607
112.9850,-8388608
112.9881,-8388608
112.9921,-1917273
112.9964,8388607
113.0008,8388607
113.0046,-8388608
113.0084,-8388608
113.0126,-3061609
113.0166,8388607
113.0207,8388607
113.0248,-8388608
113.0289,-8388608
113.0331,-4162365
113.0377,8388607
113.0417,8388607
113.0453,-7545204
113.0498,-8388608
113.0535,-5236049
113.0575,8388607
113.0616,8388607
113.0666,-6324440
113.0699,-8388608
113.0739,-6589185
113.0780,8388607
113.0832,8388607
113.0864,-5133092
113.0905,-8388608
113.0947,-7915284
113.0986,8388607
113.0996,8388607
113.1026,-3912328
113.1067,-8388608
113.1108,-8388608
113.1150,8388607
113.1198,8388607
113.1232,-2706272
113.1272,-8388608
113.1317,-8388608
113.1354,8388607
113.1395,8388607
113.1435,-1559048
113.1483,-8388608
113.1518,-8388608
113.1558,8388607
113.1599,8388607
113.1644,-473141
113.1683,-8388608
113.1722,-8388608
113.1763,8388607
113.1808,8388607
113.1851,165294
113.1886,-8388608
113.1927,-8388608
113.1970,8388607
113.2009,8388607
113.2050,1073683
113.2092,-8388608
113.2136,-8388608
113.2174,8388607
113.2215,8388607
113.2256,2250323
113.2257,-8388608
113.2297,-8388608
113.2342,8388607
113.2378,8388607
113.2418,3412255
113.2461,-8388608
113.2507,-8388608
113.2548,8388607
113.2582,8388607
113.2626,4735975
113.2671,-8388608
113.2707,-8388608
113.2750,8388607
113.2788,8388607
113.2831,5853783
113.2869,-8388608
113.2910,-8388608
113.2951,8388607
113.2996,8388607
113.3033,7030423
113.3075,-8388608
113.3115,-8388608
113.3167,7604035
113.3203,8388607
113.3238,8221771
113.3279,-8388608
113.3324,-8388608
113.3361,6574475
113.3402,8388607
113.3443,8388607
113.3487,-8388608
113.3526,-8388608
113.3527,5574331
113.3566,8388607
113.3606,8388607
113.3657,-8388608
113.3689,-8388608
113.3731,4412399
113.3770,8388607
113.3811,8388607
113.3852,-8388608
113.3893,-8388608
113.3935,3206343
113.3975,8388607
113.4016,8388607
113.4057,-8388608
113.4098,-8388608
113.4139,2104297
113.4180,8388607
113.4221,8388607
113.4262,-8388608
113.4303,-8388608
113.4344,1213972
113.4385,8388607
113.4426,8388607
113.4467,-8388608
113.4508,-8388608
113.4550,190316
113.4590,8388607
113.4631,8388607
113.4671,-8388608
113.4712,-8388608
113.4754,-780261
113.4796,8388607
113.4797,8388607
113.4835,-8388608
113.4877,-8388608
113.4918,-2043468
113.4959,8388607
113.5000,8388607
113.5041,-8388608
113.5082,-8388608
113.5123,-3196396
113.5164,8388607
113.5204,8388607
113.5246,-8388608
113.5287,-8388608
113.5328,-4273224
113.5368,8388607
113.5409,8388607
113.5450,-7368708
113.5491,-8388608
113.5533,-5500793
113.5573,8388607
113.5613,8388607
113.5656,-6103820
113.5696,-8388608
113.5737,-6692141
113.5777,8388607
113.5819,8388607
113.5860,-5000720
113.5901,-8388608
113.5943,-7922072
113.5982,8388607
113.6026,8388607
113.6065,-3838788
113.6106,-8388608
113.6107,-8388608
113.6147,8388607
113.6188,8388607
113.6229,-2544484
113.6269,-8388608
113.6311,-8388608
113.6351,8388607
113.6393,8388607
113.6434,-1346536
113.6475,-8388608
113.6515,-8388608
113.6556,8388607
113.6597,8388607
113.6638,-366244
113.6679,-8388608
113.6720,-8388608
113.6761,8388607
113.6802,8388607
113.6843,334718
113.6883,-8388608
113.6925,-8388608
113.6966,8388607
113.7007,8388607
113.7048,1309011
113.7089,-8388608
113.7130,-8388608
113.7171,8388607
113.7211,8388607
113.7253,2456235
113.7296,-8388608
113.7336,-8388608
113.7375,8388607
113.7376,8388607
113.7416,3691707
113.7457,-8388608
113.7498,-8388608
113.7539,8388607
113.7580,8388607
113.7621,4912471
113.7662,-8388608
113.7703,-8388608
113.7744,8388607
113.7786,8388607
113.7825,6044987
113.7866,-8388608
113.7908,-8388608
113.7948,8354143
113.7989,8388607
113.8030,7280459
113.8071,-8388608
113.8112,-8388608
113.8153,7398123
113.8193,8388607
113.8235,8388607
113.8276,-8388608
113.8316,-8388608
113.8357,6353855
113.8398,8388607
113.8439,8388607
113.8483,-8388608
113.8524,-8388608
113.8565,5309587
113.8606,8388607
113.8645,8388607
113.8646,-8388608
113.8685,-8388608
113.8726,4177071
113.8767,8388607
113.8808,8388607
113.8849,-8388608
113.8890,-8388608
113.8931,2999836
113.8972,8388607
113.9013,8388607
113.9054,-8388608
113.9095,-8388608
113.9136,1978581
113.9176,8388607
113.9218,8388607
113.9258,-8388608
113.9300,-8388608
113.9340,983499
113.9382,8388607
113.9422,8388607
113.9464,-8388608
113.9505,-8388608
113.9545,-62512
113.9587,8388607
113.9627,8388607
113.9668,-8388608
113.9709,-8388608
113.9750,-1210841
113.9791,8388607
113.9832,8388607
113.9873,-8388608
113.9916,-8388608
113.9916,-2466168
113.9955,8388607
113.9996,8388607
114.0037,-8388608
114.0078,-8388608
114.0119,-3641944
114.0160,8388607
114.0201,8388607
114.0242,-8388608
114.0283,-8388608
114.0324,-4794809
114.0365,8388607
114.0405,8388607
114.0447,-7089256
114.0487,-8388608
114.0528,-5912617
114.0570,8388607
114.0611,8388607
114.0652,-5927324
114.0692,-8388608
114.0734,-7074549
114.0775,8388607
114.0815,8388607
114.0857,-4662436
114.0897,-8388608
114.0938,-8245603
114.0979,8388607
114.1021,8388607
114.1062,-3500504
114.1105,-8388608
114.1144,-8388608
114.1186,8388607
114.1187,8388607
114.1226,-2397404
114.1267,-8388608
114.1308,-8388608
114.1348,8388607
114.1390,8388607
114.1431,-1110446
114.1471,-8388608
114.1511,-8388608
114.1553,8388607
114.1594,8388607
114.1635,-229538
114.1676,-8388608
114.1717,-8388608
114.1758,8388607
114.1799,8388607
114.1839,544195
114.1881,-8388608
114.1923,-8388608
114.1963,8388607
114.2004,8388607
114.2045,1544339
114.2086,-8388608
114.2127,-8388608
114.2168,8388607
114.2209,8388607
114.2250,2794519
114.2293,-8388608
114.2333,-8388608
114.2374,8388607
114.2415,8388607
114.2456,3971159
114.2457,-8388608
114.2496,-8388608
114.2535,8388607
114.2577,8388607
114.2618,5133091
114.2659,-8388608
114.2700,-8388608
114.2741,8388607
114.2782,8388607
114.2823,6383271
114.2864,-8388608
114.2905,-8388608
114.2946,8295311
114.2987,8388607
114.3028,7559911
114.3069,-8388608
114.3109,-8388608
114.3151,7295167
114.3191,8388607
114.3233,8388607
114.3273,-8388608
114.3315,-8388608
114.3356,6295023
114.3396,8388607
114.3437,8388607
114.3478,-8388608
114.3519,-8388608
114.3560,5221339
114.3601,8388607
114.3642,8388607
114.3685,-8388608
114.3725,-8388608
114.3726,4015283
114.3765,8388607
114.3806,8388607
114.3847,-8388608
114.3888,-8388608
114.3929,2712204
114.3970,8388607
114.4012,8388607
114.4051,-8388608
114.4093,-8388608
114.4134,1770599
114.4175,8388607
114.4215,8388607
114.4257,-8388608
114.4298,-8388608
114.4338,720779
114.4380,8388607
114.4420,8388607
114.4461,-8388608
114.4502,-8388608
114.4543,-430840
114.4584,8388607
114.4626,8388607
114.4666,-8388608
114.4707,-8388608
114.4747,-1541359
114.4788,8388607
114.4829,8388607
114.4871,-8388608
114.4913,-8388608
114.4954,-2732332
114.4995,8388607
114.4995,8388607
114.5035,-8388608
114.5076,-8388608
114.5116,-3897621
114.5157,8388607
114.5198,8388607
114.5240,-8030568
114.5280,-8388608
114.5321,-4956597
114.5362,8388607
114.5402,8388607
114.5443,-6780388
114.5485,-8388608
114.5525,-6147945
114.5566,8388607
114.5607,8388607
114.5648,-5559624
114.5689,-8388608
114.5730,-7355932
114.5771,8388607
114.5812,8388607
114.5853,-4280028
114.5895,-8388608
114.5935,-8379013
114.5976,8388607
114.6017,8388607
114.6058,-3132804
114.6099,-8388608
114.6141,-8388608
114.6181,8388607
114.6223,8388607
114.6263,-1941456
114.6304,-8388608
114.6305,-8388608
114.6344,8388607
114.6386,8388607
114.6426,-697093
114.6468,-8388608
114.6508,-8388608
114.6549,8388607
114.6590,8388607
114.6631,-29649
114.6672,-8388608
114.6713,-8388608
114.6755,8388607
114.6795,8388607
114.6836,867771
114.6877,-8388608
114.6918,-8388608
114.6959,8388607
114.7000,8388607
114.7041,1926747
114.7081,-8388608
114.7124,-8388608
114.7163,8388607
114.7206,8388607
114.7245,3162219
114.7287,-8388608
114.7327,-8388608
114.7368,8388607
114.7409,8388607
114.7451,4382983
114.7492,-8388608
114.7533,-8388608
114.7574,8388607
114.7575,8388607
114.7614,5691995
114.7655,-8388608
114.7696,-8388608
114.7737,8388607
114.7778,8388607
114.7819,6853927
114.7860,-8388608
114.7901,-8388608
114.7942,7927611
114.7983,8388607
114.8024,8001151
114.8065,-8388608
114.8105,-8388608
114.8147,7045131
114.8187,8388607
114.8229,8388607
114.8270,-8388608
114.8311,-8388608
114.8351,6000863
114.8392,8388607
114.8433,8388607
114.8475,-8388608
114.8516,-8388608
114.8556,4824223
114.8597,8388607
114.8638,8388607
114.8680,-8388608
114.8721,-8388608
114.8762,3559335
114.8804,8388607
114.8849,8388607
114.8850,-8388608
114.8884,-8388608
114.8925,2397586
114.8966,8388607
114.9007,8388607
114.9048,-8388608
114.9089,-8388608
114.9131,1543148
114.9171,8388607
114.9212,8388607
114.9254,-8388608
114.9295,-8388608
114.9337,413158
114.9377,8388607
114.9418,8388607
114.9459,-8388608
114.9499,-8388608
114.9540,-839397
114.9581,8388607
114.9622,8388607
114.9662,-8388608
114.9703,-8388608
114.9746,-1758010
114.9785,8388607
114.9826,8388607
114.9867,-8388608
114.9908,-8388608
114.9949,-2909820
114.9990,8388607
115.0032,8388607
115.0074,-8388608
115.0113,-8388608
115.0113,-3897621
115.0154,8388607
115.0195,8388607
115.0237,-7809948
115.0278,-8388608
115.0318,-5074261
115.0359,8388607
115.0400,8388607
115.0441,-6603892
115.0482,-8388608
115.0523,-6206777
115.0564,8388607
115.0606,8388607
115.0646,-5368420
115.0687,-8388608
115.0728,-7503265
115.0768,8388607
115.0810,8388607
115.0851,-4132948
115.0892,-8388608
115.0932,-8388608
115.0974,8388607
115.1016,8388607
115.1056,-3000432
115.1096,-8388608
115.1138,-8388608
115.1178,8388607
115.1220,8388607
115.1262,-1794376
115.1303,-8388608
115.1344,-8388608
115.1385,8388607
115.1385,8388607
115.1423,-578566
115.1466,-8388608
115.1506,-8388608
115.1547,8388607
115.1588,8388607
115.1628,147079
115.1670,-8388608
115.1711,-8388608
115.1752,8388607
115.1793,8388607
115.1834,1411967
115.1876,-8388608
115.1916,-8388608
115.1957,8388607
115.1997,8388607
115.2038,2588607
115.2080,-8388608
115.2121,-8388608
115.2162,8388607
115.2202,8388607
115.2243,3809371
115.2284,-8388608
115.2326,-8388608
115.2366,8388607
115.2407,8388607
115.2448,5324295
115.2490,-8388608
115.2532,-8388608
115.2571,8280603
115.2613,8388607
115.2653,6633307
115.2694,-8388608
115.2695,-8388608
115.2735,6824511
115.2776,8388607
115.2817,7868779
115.2858,-8388608
115.2899,-8388608
115.2940,5530207
115.2981,8388607
115.3021,8388607
115.3063,-8388608
115.3103,-8388608
115.3144,4456523
115.3185,8388607
115.3226,8388607
115.3267,-8388608
115.3308,-8388608
115.3349,3324007
115.3390,8388607
115.3431,8388607
115.3472,-8388608
115.3513,-8388608
115.3554,2000287
115.3595,8388607
115.3636,8388607
115.3677,-8388608
115.3718,-8388608
115.3759,927272
115.3800,8388607
115.3841,8388607
115.3883,-8388608
115.3923,-8388608
115.3924,109617
115.3965,8388607
115.4005,8388607
115.4045,-8388608
115.4087,-8388608
115.4128,-529489
115.4169,8388607
115.4210,8388607
115.4251,-8388608
115.4292,-8388608
115.4332,-1647297
115.4373,8388607
115.4414,8388607
115.4455,-8388608
115.4496,-8388608
115.4537,-2956309
115.4578,8388607
115.4618,8388607
115.4660,-8388608
115.4700,-8388608
115.4741,-4074117
115.4782,8388607
115.4823,8388607
115.4864,-8388608
115.4906,-8388608
115.4947,-5339005
115.4987,8388607
115.5029,8388607
115.5070,-7898196
115.5112,-8388608
115.5152,-6559769
115.5193,8388607
115.5233,8388607
115.5234,-6706848
115.5275,-8388608
115.5315,-7795241
115.5356,8388607
115.5397,8388607
115.5439,-5441960
115.5479,-8388608
115.5520,-8388608
115.5560,8388607
115.5601,8388607
115.5643,-4206488
115.5684,-8388608
115.5726,-8388608
115.5765,8388607
115.5807,8388607
115.5849,-3015140
115.5889,-8388608
115.5930,-8388608
115.5971,8388607
115.6012,8388607
115.6053,-1809084
115.6094,-8388608
115.6135,-8388608
115.6175,8388607
115.6216,8388607
115.6257,-638634
115.6299,-8388608
115.6340,-8388608
115.6381,8388607
115.6423,8388607
115.6462,58831
115.6504,-8388608
115.6505,-8388608
115.6544,8388607
115.6585,8388607
115.6626,897187
115.6668,-8388608
115.6708,-8388608
115.6749,8388607
115.6789,8388607
115.6831,2117951
115.6872,-8388608
115.6913,-8388608
115.6954,8388607
115.6995,8388607
115.7036,3294591
115.7077,-8388608
115.7118,-8388608
115.7159,8388607
115.7200,8388607
115.7241,4471231
115.7282,-8388608
115.7322,-8388608
115.7363,8388607
115.7404,8388607
115.7445,5691995
115.7486,-8388608
115.7527,-8388608
115.7568,7706991
115.7610,8388607
115.7650,6942175
115.7693,-8388608
115.7731,-8388608
115.7774,6412687
115.7775,8388607
115.7814,8162939
115.7856,-8388608
115.7896,-8388608
115.7936,5191923
115.7978,8388607
115.8019,8388607
115.8060,-8388608
115.8100,-8388608
115.8141,3941743
115.8182,8388607
115.8223,8388607
115.8264,-8388608
115.8306,-8388608
115.8346,2765103
115.8387,8388607
115.8428,8388607
115.8469,-8388608
115.8510,-8388608
115.8551,1544339
115.8592,8388607
115.8633,8388607
115.8674,-8388608
115.8716,-8388608
115.8756,388127
115.8797,8388607
115.8838,8388607
115.8881,-8388608
115.8922,-8388608
115.8964,-161789
115.9003,8388607
115.9043,8388607
115.9044,-8388608
115.9084,-8388608
115.9124,-1058977
115.9165,8388607
115.9206,8388607
115.9248,-8388608
115.9289,-8388608
115.9329,-2294449
115.9370,8388607
115.9411,8388607
115.9452,-8388608
115.9493,-8388608
115.9534,-3588753
115.9575,8388607
115.9616,8388607
115.9657,-8388608
115.9698,-8388608
115.9739,-4765393
115.9780,8388607
115.9821,8388607
115.9862,-8388608
115.9902,-8388608
115.9944,-5927325
115.9984,8388607
116.0026,8388607
116.0067,-7574620
116.0108,-8388608
116.0148,-7118673
116.0189,8388607
116.0232,8388607
116.0272,-6383272
116.0313,-8388608
116.0314,-8280605
116.0353,8388607
116.0394,8388607
116.0435,-4883056
116.0477,-8388608
116.0517,-8388608
116.0558,8388607
116.0598,8388607
116.0640,-3941744
116.0681,-8388608
116.0722,-8388608
116.0762,8388607
116.0803,8388607
116.0845,-2750396
116.0886,-8388608
116.0926,-8388608
116.0968,8388607
116.1008,8388607
116.1050,-1573756
116.1090,-8388608
116.1132,-8388608
116.1172,8388607
116.1213,8388607
116.1254,-391214
116.1296,-8388608
116.1336,-8388608
116.1377,8388607
116.1418,8388607
116.1458,117663
116.1502,-8388608
116.1543,-8388608
116.1583,8388607
116.1584,8388607
116.1623,1147223
116.1664,-8388608
116.1706,-8388608
116.1746,8388607
116.1787,8388607
116.1828,2412111
116.1869,-8388608
116.1910,-8388608
116.1951,8388607
116.1992,8388607
116.2032,3588751
116.2074,-8388608
116.2115,-8388608
116.2155,8388607
116.2196,8388607
116.2237,4765391
116.2278,-8388608
116.2319,-8388608
116.2360,8388607
116.2401,8388607
116.2442,6044987
116.2482,-8388608
116.2523,-8388608
116.2565,7427539
116.2605,8388607
116.2646,7265751
116.2687,-8388608
116.2731,-8388608
116.2769,6089111
116.2812,8388607
116.2853,8388607
116.2894,-8388608
116.2895,-8388608
116.2934,5015427
116.2976,8388607
116.3015,8388607
116.3056,-8388608
116.3097,-8388608
116.3138,3691707
116.3180,8388607
116.3220,8388607
116.3260,-8388608
116.3302,-8388608
116.3343,2529775
116.3384,8388607
116.3425,8388607
116.3466,-8388608
116.3507,-8388608
116.3548,1353135
116.3589,8388607
116.3629,8388607
116.3671,-8388608
116.3712,-8388608
116.3753,273157
116.3794,8388607
116.3835,8388607
116.3876,-8388608
116.3917,-8388608
116.3957,-338285
116.3998,8388607
116.4040,8388607
116.4082,-8388608
116.4123,-8388608
116.4163,-1456093
116.4164,8388607
116.4204,8388607
116.4245,-8388608
116.4285,-8388608
116.4326,-2632733
116.4367,8388607
116.4408,8388607
116.4449,-8388608
116.4490,-8388608
116.4531,-3824081
116.4572,8388607
116.4613,8388607
116.4654,-8388608
116.4696,-8388608
116.4735,-5088969
116.4776,8388607
116.4817,8388607
116.4858,-8388608
116.4900,-8388608
116.4942,-6339149
116.4982,8388607
116.5022,8388607
116.5064,-7206920
116.5105,-8388608
116.5145,-7442249
116.5186,8388607
116.5228,8388607
116.5271,-5691996
116.5310,-8388608
116.5351,-8388608
116.5392,8388607
116.5433,8388607
116.5434,-4838932
116.5474,-8388608
116.5514,-8388608
116.5555,8388607
116.5595,8388607
116.5637,-3618168
116.5677,-8388608
116.5719,-8388608
116.5760,8388607
116.5801,8388607
116.5842,-2338572
116.5882,-8388608
116.5923,-8388608
116.5964,8388607
116.6005,8388607
116.6046,-1191348
116.6088,-8388608
116.6129,-8388608
116.6170,8388607
116.6210,8388607
116.6251,-116588
116.6293,-8388608
116.6333,-8388608
116.6374,8388607
116.6415,8388607
116.6456,352991
116.6497,-8388608
116.6539,-8388608
116.6579,8388607
116.6622,8388607
116.6660,1588463
116.6703,-8388608
116.6704,-8388608
116.6743,8388607
116.6783,8388607
116.6825,2765103
116.6865,-8388608
116.6907,-8388608
116.6947,8388607
116.6988,8388607
116.7029,3897619
116.7071,-8388608
116.7110,-8388608
116.7152,8388607
116.7193,8388607
116.7234,5044843
116.7275,-8388608
116.7315,-8388608
116.7357,8104107
116.7398,8388607
116.7438,6236191
116.7479,-8388608
116.7520,-8388608
116.7561,6986299
116.7602,8388607
116.7643,7427539
116.7685,-8388608
116.7725,-8388608
116.7766,5677287
116.7807,8388607
116.7848,8388607
116.7891,-8388608
116.7930,-8388608
116.7971,4485939
116.7972,8388607
116.8012,8388607
116.8054,-8388608
116.8094,-8388608
116.8136,3118095
116.8176,8388607
116.8217,8388607
116.8258,-8388608
116.8299,-8388608
116.8340,2265031
116.8381,8388607
116.8421,8388607
116.8462,-8388608
116.8503,-8388608
116.8544,761052
116.8585,8388607
116.8626,8388607
116.8667,-8388608
116.8708,-8388608
116.8749,-10023
116.8790,8388607
116.8831,8388607
116.8872,-8388608
116.8913,-8388608
116.8953,-705985
116.8994,8388607
116.9036,8388607
116.9081,-8388608
116.9121,-8388608
116.9163,-1823793
116.9203,8388607
116.9242,8388607
116.9243,-8388608
116.9282,-8388608
116.9324,-3147513
116.9364,8388607
116.9404,8388607
116.9446,-8388608
116.9486,-8388608
116.9527,-4368277
116.9568,8388607
116.9609,8388607
116.9651,-8388608
116.9692,-8388608
116.9733,-5633165
116.9774,8388607
116.9815,8388607
116.9855,-8162940
116.9897,-8388608
116.9938,-6809805
116.9979,8388607
117.0019,8388607
117.0061,-6912760
117.0101,-8388608
117.0142,-7927613
117.0184,8388607
117.0224,8388607
117.0266,-5794952
117.0307,-8388608
117.0350,-8388608
117.0388,8388607
117.0430,8388607
117.0471,-4588896
117.0512,-8388608
117.0513,-8388608
117.0551,8388607
117.0592,8388607
117.0634,-3368132
117.0676,-8388608
117.0716,-8388608
117.0756,8388607
117.0797,8388607
117.0838,-2117952
117.0879,-8388608
117.0920,-8388608
117.0962,8388607
117.1002,8388607
117.1044,-947402
117.1084,-8388608
117.1126,-8388608
117.1166,8388607
117.1208,8388607
117.1249,-66223
117.1289,-8388608
117.1330,-8388608
117.1371,8388607
117.1412,8388607
117.1453,441239
117.1494,-8388608
117.1536,-8388608
117.1576,8388607
117.1617,8388607
117.1658,1676711
117.1700,-8388608
117.1739,-8388608
117.1782,8388607
117.1783,8388607
117.1822,2882767
117.1863,-8388608
117.1904,-8388608
117.1945,8388607
117.1986,8388607
117.2026,4000575
117.2068,-8388608
117.2109,-8388608
117.2150,8388607
117.2190,8388607
117.2231,5088967
117.2272,-8388608
117.2313,-8388608
117.2354,7927611
117.2395,8388607
117.2436,6383271
117.2476,-8388608
117.2518,-8388608
117.2559,6868635
117.2600,8388607
117.2641,7559911
117.2682,-8388608
117.2723,-8388608
117.2764,5647871
117.2804,8388607
117.2846,8388607
117.2887,-8388608
117.2930,-8388608
117.2969,4559479
117.3011,8388607
117.3050,8388607
117.3090,-8388608
117.3091,-8388608
117.3133,3250467
117.3173,8388607
117.3213,8388607
117.3254,-8388608
117.3295,-8388608
117.3336,2103243
117.3377,8388607
117.3418,8388607
117.3459,-8388608
117.3500,-8388608
117.3541,823267
117.3582,8388607
117.3623,8388607
117.3664,-8388608
117.3705,-8388608
117.3746,55644
117.3787,8388607
117.3828,8388607
117.3869,-8388608
117.3910,-8388608
117.3951,-558905
117.3991,8388607
117.4033,8388607
117.4073,-8388608
117.4114,-8388608
117.4155,-1794377
117.4197,8388607
117.4238,8388607
117.4280,-8388608
117.4321,-8388608
117.4361,-2971017
117.4362,8388607
117.4402,8388607
117.4443,-8388608
117.4485,-8388608
117.4525,-4177073
117.4567,8388607
117.4607,8388607
117.4648,-8388608
117.4689,-8388608
117.4730,-5383129
117.4770,8388607
117.4811,8388607
117.4852,-8118816
117.4894,-8388608
117.4935,-6677433
117.4976,8388607
117.5017,8388607
117.5058,-6868636
117.5099,-8388608
117.5139,-7809949
117.5181,8388607
117.5222,8388607
117.5263,-5662580
117.5303,-8388608
117.5344,-8388608
117.5385,8388607
117.5426,8388607
117.5469,-4574188
117.5509,-8388608
117.5551,-8388608
117.5590,8388607
117.5630,8388607
117.5631,-3324008
117.5672,-8388608
117.5713,-8388608
117.5753,8388607
117.5795,8388607
117.5836,-2029704
117.5876,-8388608
117.5917,-8388608
117.5958,8388607
117.5999,8388607
117.6040,-873265
117.6081,-8388608
117.6122,-8388608
117.6163,8388607
117.6204,8388607
117.6244,1866
117.6286,-8388608
117.6327,-8388608
117.6368,8388607
117.6409,8388607
117.6449,455947
117.6490,-8388608
117.6531,-8388608
117.6572,8388607
117.6613,8388607
117.6655,1764959
117.6695,-8388608
117.6737,-8388608
117.6777,8388607
117.6819,8388607
117.6859,2897475
117.6901,-8388608
117.6902,-8388608
117.6941,8388607
117.6982,8388607
117.7023,4059407
117.7065,-8388608
117.7106,-8388608
117.7147,8388607
117.7187,8388607
117.7228,5147799
117.7269,-8388608
117.7309,-8388608
117.7351,8192355
117.7392,8388607
117.7433,6412687
117.7474,-8388608
117.7516,-8388608
117.7556,6956883
117.7597,8388607
117.7638,7662867
117.7679,-8388608
117.7720,-8388608
117.7761,5780243
117.7802,8388607
117.7843,8388607
117.7884,-8388608
117.7925,-8388608
117.7965,4559479
117.8006,8388607
117.8048,8388607
117.8088,-8388608
117.8129,-8388608
117.8171,3456379
117.8172,8388607
117.8210,8388607
117.8251,-8388608
117.8292,-8388608
117.8333,2206199
117.8374,8388607
117.8415,8388607
117.8456,-8388608
117.8497,-8388608
117.8538,1064441
117.8579,8388607
117.8620,8388607
117.8661,-8388608
117.8702,-8388608
117.8742,58868
117.8784,8388607
117.8825,8388607
117.8866,-8388608
117.8907,-8388608
117.8947,-705985
117.8989,8388607
117.9030,8388607
117.9070,-8388608
117.9112,-8388608
117.9152,-1941457
117.9193,8388607
117.9234,8388607
117.9277,-8388608
117.9317,-8388608
117.9358,-3176929
117.9400,8388607
117.9439,8388607
117.9440,-8388608
117.9480,-8388608
117.9521,-4368277
117.9562,8388607
117.9603,8388607
117.9644,-8388608
117.9685,-8388608
117.9726,-5559625
117.9767,8388607
117.9808,8388607
117.9849,-7868780
117.9890,-8388608
117.9931,-6809805
117.9972,8388607
118.0012,8388607
118.0054,-6692140
118.0094,-8388608
118.0136,-8059985
118.0176,8388607
118.0217,8388607
118.0258,-5456668
118.0299,-8388608
118.0340,-8388608
118.0381,8388607
118.0422,8388607
118.0463,-4235904
118.0505,-8388608
118.0547,-8388608
118.0587,8388607
118.0628,8388607
118.0670,-3088680
118.0711,-8388608
118.0712,-8388608
118.0750,8388607
118.0791,8388607
118.0833,-1838500
118.0873,-8388608
118.0914,-8388608
118.0955,8388607
118.0996,8388607
118.1037,-629963
118.1079,-8388608
118.1119,-8388608
118.1160,8388607
118.1201,8388607
118.1242,29415
118.1283,-8388608
118.1324,-8388608
118.1365,8388607
118.1405,8388607
118.1446,735399
118.1487,-8388608
118.1528,-8388608
118.1569,8388607
118.1610,8388607
118.1651,1941455
118.1692,-8388608
118.1733,-8388608
118.1774,8388607
118.1815,8388607
118.1856,3073971
118.1899,-8388608
118.1939,-8388608
118.1979,8388607
118.2020,8388607
118.2021,4221195
118.2060,-8388608
118.2102,-8388608
118.2142,8388607
118.2183,8388607
118.2224,5486083
118.2265,-8388608
118.2306,-8388608
118.2347,8001151
118.2388,8388607
118.2429,6736263
118.2470,-8388608
118.2511,-8388608
118.2552,6750971
118.2593,8388607
118.2635,7957027
118.2675,-8388608
118.2716,-8388608
118.2757,5471375
118.2797,8388607
118.2839,8388607
118.2880,-8388608
118.2921,-8388608
118.2961,4221195
118.3003,8388607
118.3044,8388607
118.3085,-8388608
118.3127,-8388608
118.3167,3103387
118.3209,8388607
118.3248,8388607
118.3290,-8388608
118.3291,-8388608
118.3331,1838499
118.3372,8388607
118.3412,8388607
118.3454,-8388608
118.3496,-8388608
118.3536,632300
118.3577,8388607
118.3618,8388607
118.3658,-8388608
118.3700,-8388608
118.3741,-117665
118.3782,8388607
118.3823,8388607
118.3864,-8388608
118.3905,-8388608
118.3945,-676569
118.3987,8388607
118.4027,8388607
118.4069,-8388608
118.4110,-8388608
118.4150,-1912041
118.4191,8388607
118.4232,8388607
118.4273,-8388608
118.4315,-8388608
118.4355,-3118097
118.4396,8388607
118.4437,8388607
118.4480,-8388608
118.4521,-8388608
118.4561,-4441817
118.4562,8388607
118.4600,8388607
118.4642,-8388608
118.4683,-8388608
118.4724,-5765537
118.4765,8388607
118.4805,8388607
118.4846,-7692284
118.4888,-8388608
118.4929,-7206921
118.4970,8388607
118.5010,8388607
118.5052,-6500936
118.5092,-8388608
118.5133,-8251189
118.5174,8388607
118.5216,8388607
118.5256,-5353712
118.5297,-8388608
118.5338,-8388608
118.5379,8388607
118.5420,8388607
118.5461,-4103532
118.5502,-8388608
118.5543,-8388608
118.5583,8388607
118.5625,8388607
118.5668,-2956308
118.5709,-8388608
118.5749,-8388608
118.5790,8388607
118.5832,8388607
118.5833,-1720836
118.5871,-8388608
118.5911,-8388608
118.5952,8388607
118.5994,8388607
118.6035,-554067
118.6077,-8388608
118.6117,-8388608
118.6157,8388607
118.6198,8388607
118.6239,88247
118.6280,-8388608
118.6321,-8388608
118.6362,8388607
118.6403,8388607
118.6444,867771
118.6485,-8388608
118.6526,-8388608
118.6567,8388607
118.6608,8388607
118.6649,2220907
118.6690,-8388608
118.6731,-8388608
118.6772,8388607
118.6812,8388607
118.6854,3397547
118.6895,-8388608
118.6938,-8388608
118.6976,8388607
118.7017,8388607
118.7059,4633019
118.7098,-8388608
118.7099,-8388608
118.7139,8388607
118.7180,8388607
118.7221,5897907
118.7262,-8388608
118.7303,-8388608
118.7344,7736407
118.7385,8388607
118.7426,6986299
118.7467,-8388608
118.7508,-8388608
118.7549,6500935
118.7590,8388607
118.7630,8207063
118.7672,-8388608
118.7713,-8388608
118.7755,5324295
118.7795,8388607
118.7835,8388607
118.7877,-8388608
118.7918,-8388608
118.7959,4103531
118.8000,8388607
118.8040,8388607
118.8082,-8388608
118.8122,-8388608
118.8163,2956307
118.8204,8388607
118.8245,8388607
118.8288,-8388608
118.8328,-8388608
118.8368,1838499
118.8369,8388607
118.8409,8388607
118.8451,-8388608
118.8492,-8388608
118.8533,535926
118.8574,8388607
118.8615,8388607
118.8655,-8388608
118.8697,-8388608
118.8738,-58833
118.8778,8388607
118.8819,8388607
118.8861,-8388608
118.8902,-8388608
118.8942,-838357
118.8983,8388607
118.9024,8388607
118.9065,-8388608
118.9106,-8388608
118.9147,-2132661
118.9188,8388607
118.9229,8388607
118.9270,-8388608
118.9310,-8388608
118.9352,-3279885
118.9393,8388607
118.9434,8388607
118.9476,-8388608
118.9518,-8388608
118.9559,-4515357
118.9598,8388607
118.9640,8388607
118.9681,-8388608
118.9682,-8388608
118.9721,-5765537
118.9762,8388607
118.9803,8388607
118.9847,-7456956
118.9885,-8388608
118.9925,-6986301
118.9968,8388607
119.0008,8388607
119.0048,-6221484
119.0089,-8388608
119.0130,-8162941
119.0172,8388607
119.0212,8388607
119.0254,-5074260
119.0294,-8388608
119.0335,-8388608
119.0376,8388607
119.0417,8388607
119.0458,-3853496
119.0499,-8388608
119.0540,-8388608
119.0580,8388607
119.0622,8388607
119.0663,-2573900
119.0704,-8388608
119.0744,-8388608
119.0785,8388607
119.0827,8388607
119.0869,-1309012
119.0909,-8388608
119.0950,-8388608
119.0951,8388607
119.0990,8388607
119.1031,-307254
119.1072,-8388608
119.1114,-8388608
119.1154,8388607
119.1195,8388607
119.1236,176495
119.1277,-8388608
119.1318,-8388608
119.1359,8388607
119.1400,8388607
119.1441,1206055
119.1482,-8388608
119.1523,-8388608
119.1564,8388607
119.1605,8388607
119.1646,2367987
119.1687,-8388608
119.1727,-8388608
119.1769,8388607
119.1810,8388607
119.1851,3721123
119.1892,-8388608
119.1932,-8388608
119.1973,8388607
119.2014,8388607
119.2055,4912471
119.2098,-8388608
119.2139,-8388608
119.2179,8388607
119.2218,8388607
119.2219,6177359
119.2259,-8388608
119.2300,-8388608
119.2341,7515787
119.2382,8388607
119.2423,7339291
119.2464,-8388608
119.2505,-8388608
119.2546,6236191
119.2587,8388607
119.2628,8388607
119.2669,-8388608
119.2710,-8388608
119.2751,5074259
119.2792,8388607
119.2833,8388607
119.2875,-8388608
119.2915,-8388608
119.2955,3765247
119.2997,8388607
119.3037,8388607
119.3079,-8388608
119.3119,-8388608
119.3160,2529775
119.3201,8388607
119.3242,8388607
119.3283,-8388608
119.3325,-8388608
119.3366,1235471
119.3406,8388607
119.3447,8388607
119.3489,-8388608
119.3490,-8388608
119.3528,130829
119.3570,8388607
119.3611,8388607
119.3652,-8388608
119.3693,-8388608
119.3735,-323577
119.3775,8388607
119.3816,8388607
119.3857,-8388608
119.3898,-8388608
119.3939,-1397261
119.3979,8388607
119.4021,8388607
119.4061,-8388608
119.4103,-8388608
119.4143,-2662149
119.4184,8388607
119.4225,8388607
119.4266,-8388608
119.4307,-8388608
119.4348,-3927037
119.4390,8388607
119.4430,8388607
119.4471,-8388608
119.4512,-8388608
119.4554,-5147801
119.4595,8388607
119.4636,8388607
119.4679,-8162940
119.4719,-8388608
119.4759,-6324441
119.4760,8388607
119.4799,8388607
119.4840,-6927468
119.4882,-8388608
119.4922,-7633453
119.4963,8388607
119.5004,8388607
119.5045,-5647872
119.5086,-8388608
119.5127,-8388608
119.5168,8388607
119.5209,8388607
119.5250,-4412400
119.5291,-8388608
119.5333,-8388608
119.5373,8388607
119.5413,8388607
119.5455,-3176928
119.5495,-8388608
119.5537,-8388608
119.5577,8388607
119.5619,8388607
119.5659,-1867916
119.5701,-8388608
119.5742,-8388608
119.5783,8388607
119.5824,8388607
119.5866,-685084
119.5906,-8388608
119.5948,-8388608
119.5989,8388607
119.6029,8388607
119.6030,44123
119.6070,-8388608
119.6110,-8388608
119.6151,8388607
119.6192,8388607
119.6233,705983
119.6274,-8388608
119.6315,-8388608
119.6356,8388607
119.6397,8388607
119.6438,2103243
119.6479,-8388608
119.6520,-8388608
119.6561,8388607
119.6602,8388607
119.6643,3309299
119.6684,-8388608
119.6725,-8388608
119.6765,8388607
119.6807,8388607
119.6848,4559479
119.6889,-8388608
119.6930,-8388608
119.6971,8388607
119.7011,8388607
119.7053,5750827
119.7093,-8388608
119.7136,-8388608
119.7175,7471663
119.7218,8388607
119.7259,7045131
119.7299,-8388608
119.7300,-8388608
119.7339,6324439
119.7381,8388607
119.7420,8251187
119.7462,-8388608
119.7502,-8388608
119.7544,5103675
119.7585,8388607
119.7626,8388607
119.7666,-8388608
119.7708,-8388608
119.7748,3750539
119.7789,8388607
119.7829,8388607
119.7871,-8388608
119.7912,-8388608
119.7952,2500359
119.7993,8388607
119.8035,8388607
119.8075,-8388608
119.8117,-8388608
119.8157,1264887
119.8198,8388607
119.8239,8388607
119.8280,-8388608
119.8321,-8388608
119.8362,278456
119.8403,8388607
119.8445,8388607
119.8487,-8388608
119.8526,-8388608
119.8566,-220621
119.8567,8388607
119.8608,8388607
119.8649,-8388608
119.8690,-8388608
119.8731,-1426677
119.8772,8388607
119.8813,8388607
119.8855,-8388608
119.8895,-8388608
119.8935,-2529777
119.8977,8388607
119.9017,8388607
119.9059,-8388608
119.9099,-8388608
119.9141,-3691709
119.9181,8388607
119.9222,8388607
119.9263,-8388608
119.9305,-8388608
119.9345,-4897765
119.9386,8388607
119.9428,8388607
119.9468,-8388608
119.9509,-8388608
119.9550,-6265609
119.9591,8388607
119.9631,8388607
119.9673,-7354000
119.9716,-8388608
119.9755,-7442249
119.9797,8388607
119.9837,8388607
119.9879,-6133236
119.9880,-8388608
119.9920,-8388608
119.9960,8388607
120.0001,8388607
120.0042,-4868348
120.0083,-8388608
120.0125,-8388608
120.0164,8388607
120.0208,8388607
120.0246,-3647584
120.0287,-8388608
120.0330,-8388608
120.0370,8388607
120.0410,8388607
120.0452,-2456236
120.0492,-8388608
120.0536,-8388608
120.0575,8388607
120.0616,8388607
120.0656,-1264888
120.0698,-8388608
120.0738,-8388608
120.0781,8388607
120.0821,8388607
120.0862,-192339
120.0902,-8388608
120.0943,-8388608
120.0984,8388607
120.1026,8388607
120.1068,279451
120.1108,-8388608
120.1149,-8388608
120.1150,8388607
120.1189,8388607
120.1230,1456091
120.1270,-8388608
120.1312,-8388608
120.1359,8388607
120.1394,8388607
120.1439,2603315
120.1477,-8388608
120.1520,-8388608
120.1557,8388607
120.1599,8388607
120.1642,3765247
120.1683,-8388608
120.1724,-8388608
120.1764,8388607
120.1810,8388607
120.1847,4853639
120.1885,-8388608
120.1927,-8388608
120.1969,8388607
120.2015,8388607
120.2048,6147943
120.2089,-8388608
120.2134,-8388608
120.2175,7442247
120.2214,8388607
120.2254,7295167
120.2295,-8388608
120.2336,-8388608
120.2378,6192067
120.2419,8388607
120.2420,8388607
120.2460,-8388608
120.2500,-8388608
120.2540,4868347
120.2581,8388607
120.2622,8388607
120.2664,-8388608
120.2705,-8388608
120.2746,3441671
120.2795,8388607
120.2827,8388607
120.2868,-8388608
120.2908,-8388608
120.2956,2059119
120.2993,8388607
120.3032,8388607
120.3072,-8388608
120.3121,-8388608
120.3154,730673
120.3195,8388607
120.3236,8388607
120.3280,-8388608
120.3319,-8388608
120.3359,-44125
120.3400,8388607
120.3449,8388607
120.3493,-8388608
120.3524,-8388608
120.3565,-794233
120.3626,8388607
120.3646,8388607
120.3687,-8388608
120.3688,-8388608
120.3728,-2323865
120.3786,8388607
120.3810,8388607
120.3851,-8388608
120.3891,-8388608
120.3945,-3485797
120.3976,8388607
120.4021,8388607
120.4055,-8388608
120.4098,-8388608
120.4142,-4662437
120.4184,8388607
120.4222,8388607
120.4262,-8388608
120.4302,-8388608
120.4346,-5853785
120.4387,8388607
120.4425,8388607
120.4466,-7971736
120.4507,-8388608
120.4555,-6898053
120.4588,8388607
120.4629,8388607
120.4672,-6750972
120.4712,-8388608
120.4752,-8295313
120.4801,8388607
120.4840,8388607
120.4877,-5559624
120.4917,-8388608
120.4959,-8388608
120.4961,8388607
120.4998,8388607
120.5038,-4368276
120.5080,-8388608
120.5123,-8388608
120.5165,8388607
120.5203,8388607
120.5245,-3162220
120.5295,-8388608
120.5325,-8388608
120.5366,8388607
120.5407,8388607
120.5451,-1970872
120.5498,-8388608
120.5531,-8388608
120.5572,8388607
120.5620,8388607
120.5660,-749148
120.5695,-8388608
120.5735,-8388608
120.5785,8388607
120.5825,8388607
120.5858,29415
120.5898,-8388608
120.5951,-8388608
120.5981,8388607
120.6021,8388607
120.6062,558903
120.6113,-8388608
120.6145,-8388608
120.6186,8388607
120.6230,8388607
120.6280,1853207
120.6281,-8388608
120.6309,-8388608
120.6351,8388607
120.6390,8388607
120.6439,3118095
120.6480,-8388608
120.6514,-8388608
120.6554,8388607
120.6611,8388607
120.6641,4368275
120.6682,-8388608
120.6718,-8388608
120.6759,8388607
120.6808,8388607
120.6845,5559623
120.6882,-8388608
120.6923,-8388608
120.6972,7765823
120.7008,8388607
120.7045,6736263
120.7087,-8388608
120.7133,-8388608
120.7170,6044987
120.7209,8388607
120.7251,8030567
120.7293,-8388608
120.7333,-8388608
120.7373,4780099
120.7415,8388607
120.7466,8388607
120.7496,-8388608
120.7538,-8388608
120.7539,3382839
120.7579,8388607
120.7621,8388607
120.7665,-8388608
120.7702,-8388608
120.7742,2588607
120.7789,8388607
120.7824,8388607
120.7865,-8388608
120.7905,-8388608
120.7955,1573755
120.7995,8388607
120.8029,8388607
120.8070,-8388608
120.8120,-8388608
120.8151,420702
120.8192,8388607
120.8233,8388607
120.8281,-8388608
120.8315,-8388608
120.8356,-29417
120.8397,8388607
120.8440,8388607
120.8480,-8388608
120.8520,-8388608
120.8561,-485365
120.8611,8388607
120.8649,8388607
120.8685,-8388608
120.8726,-8388608
120.8778,-1632589
120.8808,8388607
120.8809,8388607
120.8848,-8388608
120.8889,-8388608
120.8960,-2823937
120.8974,8388607
120.9011,8388607
120.9052,-8388608
120.9115,-8388608
120.9139,-4132949
120.9175,8388607
120.9216,8388607
120.9260,-8388608
120.9304,-8388608
120.9339,-5000721
120.9380,8388607
120.9421,8388607
120.9475,-7751116
120.9510,-8388608
120.9545,-7354001
120.9604,8388607
120.9630,8388607
120.9667,-6383272
120.9707,-8388608
120.9770,-8388608
120.9801,8388607
120.9831,8388607
120.9872,-5191924
120.9915,-8388608
120.9954,-8388608
120.9995,8388607
121.0038,8388607
121.0077,-4324152
121.0078,-8388608
121.0127,-8388608
121.0159,8388607
121.0200,8388607
121.0243,-2750396
121.0287,-8388608
121.0326,-8388608
121.0363,8388607
121.0404,8388607
121.0448,-1573756
121.0486,-8388608
121.0527,-8388608
121.0568,8388607
121.0614,8388607
121.0651,-458942
121.0691,-8388608
121.0732,-8388608
121.0793,8388607
121.0821,8388607
121.0854,235327
121.0895,-8388608
121.0952,-8388608
121.0978,8388607
121.1019,8388607
121.1060,1382551
121.1106,-8388608
121.1142,-8388608
121.1182,8388607
121.1223,8388607
121.1272,2765103
121.1307,-8388608
121.1346,-8388608
121.1347,8388607
121.1387,8388607
121.1441,4000575
121.1475,-8388608
121.1511,-8388608
121.1552,8388607
121.1600,8388607
121.1638,5191923
121.1675,-8388608
121.1716,-8388608
121.1765,8388607
121.1800,8388607
121.1838,6206775
121.1879,-8388608
121.1920,-8388608
121.1964,6912759
121.2001,8388607
121.2042,7501079
121.2084,-8388608
121.2132,-8388608
121.2168,5765535
121.2209,8388607
121.2247,8388607
121.2293,-8388608
121.2329,-8388608
121.2370,4647727
121.2412,8388607
121.2465,8388607
121.2495,-8388608
121.2535,-8388608
121.2576,3206343
121.2618,8388607
121.2623,8388607
121.2657,-8388608
121.2698,-8388608
121.2742,1152998
121.2786,8388607
121.2822,8388607
121.2862,-8388608
121.2902,-8388608
121.2949,-1040120
121.2986,-702169
121.3029,-8388608
121.3066,8388607
121.3113,8388607
121.3149,-1154151
121.3199,-8388608
121.3233,-8388608
121.3271,8388607
121.3317,8388607
121.3353,-485459
121.3394,-8388608
121.3447,-8388608
121.3482,8388607
121.3518,8388607
121.3558,29415
121.3607,-8388608
121.3647,-8388608
121.3681,8388607
121.3721,8388607
121.3772,558903
121.3806,-8388608
121.3846,-8388608
121.3887,8388607
121.3888,8388607
121.3931,1617879
121.3969,-8388608
121.4009,-8388608
121.4049,8388607
121.4090,8388607
121.4141,2529775
121.4174,-8388608
121.4213,-8388608
121.4271,8388607
121.4298,8388607
121.4341,4088823
121.4377,-8388608
121.4418,-8388608
121.4470,8388607
121.4500,8388607
121.4541,4794807
121.4582,-8388608
121.4628,-8388608
121.4664,7398123
121.4705,8388607
121.4746,6221483
121.4788,-8388608
121.4830,-8388608
121.4869,6309731
121.4911,8388607
121.4955,7677575
121.5001,-8388608
121.5034,-8388608
121.5074,5000719
121.5123,8388607
121.5157,8388607
121.5196,-8388608
121.5197,-8388608
121.5239,3853495
121.5281,8388607
121.5322,8388607
121.5360,-8388608
121.5401,-8388608
121.5447,2588607
121.5491,8388607
121.5526,8388607
121.5566,-8388608
121.5607,-8388608
121.5653,1323719
121.5688,8388607
121.5729,8388607
121.5771,-8388608
121.5820,-8388608
121.5851,331736
121.5892,8388607
121.5938,8388607
121.5983,-8388608
121.6021,-8388608
121.6057,-191205
121.6104,8388607
121.6143,8388607
121.6187,-8388608
121.6221,-8388608
121.6280,-1397261
121.6314,8388607
121.6343,8388607
121.6385,-8388608
121.6436,-8388608
121.6466,-2588609
121.6473,8388607
121.6508,8388607
121.6549,-8388608
121.6589,-8388608
121.6636,-3588753
121.6671,8388607
121.6712,8388607
121.6774,-8388608
121.6796,-8388608
121.6840,-4927181
121.6876,8388607
121.6932,8388607
121.6963,-8388608
121.7000,-8388608
121.7040,-6177361
121.7080,8388607
121.7124,8388607
121.7175,-8310020
121.7205,-8388608
121.7245,-7354001
121.7289,8388607
121.7327,8388607
121.7368,-6809804
121.7409,-8388608
121.7456,-8388608
121.7493,8388607
121.7531,8388607
121.7573,-4691852
121.7617,-8388608
121.7656,-8388608
121.7695,8388607
121.7735,8388607
121.7736,-1985580
121.7782,-8388608
121.7828,6118527
121.7859,-8388608
121.7899,-8388608
121.7950,-985437
121.7987,8388607
121.8027,8388607
121.8065,-8388608
121.8105,-8388608
121.8150,-1353137
121.8194,8388607
121.8227,8388607
121.8280,-8388608
121.8312,-8388608
121.8353,-647153
121.8391,8388607
121.8440,8388607
121.8473,-8388608
121.8522,-8388608
121.8555,-570264
121.8614,8388607
121.8637,8388607
121.8678,-8388608
121.8719,-8388608
121.8772,-4250613
121.8809,8388607
121.8843,8388607
121.8884,-8388608
121.8937,-8388608
121.8967,-5589041
121.9006,8388607
121.9007,8388607
121.9047,-8388608
121.9117,-8388608
121.9132,-7001009
121.9169,8388607
121.9210,8388607
121.9252,-7545204
121.9301,-8388608
121.9333,-8388608
121.9374,8388607
121.9415,8388607
121.9456,-6250900
121.9498,-8388608
121.9538,-8388608
121.9579,8388607
121.9627,8388607
121.9662,-5206632
121.9702,-8388608
121.9744,-8388608
121.9791,8388607
121.9828,8388607
121.9868,-4044700
121.9907,-8388608
121.9957,-8388608
121.9994,8388607
122.0030,8388607
122.0071,-4427108
122.0112,-8388608
122.0154,-8388608
122.0193,8388607
122.0234,8388607
122.0275,-1632588
122.0278,-8388608
122.0316,-8388608
122.0357,8388607
122.0398,8388607
122.0446,-885809
122.0480,-8388608
122.0521,-8388608
122.0561,8388607
122.0604,8388607
122.0649,161787
122.0685,-8388608
122.0726,-8388608
122.0772,8388607
122.0808,8388607
122.0848,1367843
122.0889,-8388608
122.0944,-8388608
122.0976,8388607
122.1012,8388607
122.1053,2456235
122.1106,-8388608
122.1145,-8388608
122.1176,8388607
122.1217,8388607
122.1270,3735831
122.1308,-8388608
122.1341,-8388608
122.1381,8388607
122.1442,8388607
122.1468,4927179
122.1504,-8388608
122.1546,-8388608
122.1547,7662867
122.1586,8388607
122.1629,6162651
122.1668,-8388608
122.1709,-8388608
122.1766,6486227
122.1795,8388607
122.1831,7309875
122.1872,-8388608
122.1915,-8388608
122.1954,5074259
122.1996,8388607
122.2037,8388607
122.2078,-8388608
122.2123,-8388608
122.2159,3927035
122.2200,8388607
122.2242,8388607
122.2291,-8388608
122.2323,-8388608
122.2365,2701382
122.2405,8388607
122.2457,8388607
122.2487,-8388608
122.2528,-8388608
122.2569,1709516
122.2622,8388607
122.2651,8388607
122.2693,-8388608
122.2733,-8388608
122.2780,562741
122.2816,8388607
122.2817,8388607
122.2856,-8388608
122.2898,-8388608
122.2942,-168937
122.2983,8388607
122.3019,8388607
122.3060,-8388608
122.3108,-8388608
122.3144,-1176641
122.3183,8388607
122.3224,8388607
122.3273,-8388608
122.3313,-8388608
122.3348,-2632733
122.3388,8388607
122.3438,8388607
122.3471,-8388608
122.3511,-8388608
122.3553,-3706417
122.3597,8388607
122.3637,8388607
122.3677,-8388608
122.3716,-8388608
122.3771,-4574189
122.3799,8388607
122.3846,8388607
122.3881,-8388608
122.3935,-8388608
122.3962,-5280173
122.4002,8388607
122.4046,8388607
122.4098,-8388608
122.4126,-8388608
122.4127,-7295169
122.4166,8388607
122.4208,8388607
122.4273,-7339292
122.4297,-8388608
122.4332,-7883489
122.4371,8388607
122.4412,8388607
122.4455,-6000864
122.4497,-8388608
122.4549,-8388608
122.4578,8388607
122.4631,8388607
122.4659,-4941888
122.4703,-8388608
122.4741,-8388608
122.4793,8388607
122.4831,8388607
122.4866,-3735832
122.4905,-8388608
122.4949,-8388608
122.4995,8388607
122.5030,8388607
122.5069,-2059120
122.5113,-8388608
122.5154,-8388608
122.5191,8388607
122.5231,8388607
122.5278,-1262537
122.5314,-8388608
122.5356,-8388608
122.5395,8388607
122.5397,8388607
122.5442,-255661
122.5480,-8388608
122.5519,-8388608
122.5559,8388607
122.5612,8388607
122.5643,191203
122.5682,-8388608
122.5723,-8388608
122.5766,8388607
122.5807,8388607
122.5849,1588463
122.5887,-8388608
122.5936,-8388608
122.5969,8388607
122.6010,8388607
122.6050,2500359
122.6104,-8388608
122.6139,-8388608
122.6178,8388607
122.6214,8388607
122.6269,4162363
122.6301,-8388608
122.6343,-8388608
122.6378,7971735
122.6434,8388607
122.6469,5103675
122.6503,-8388608
122.6543,-8388608
122.6600,6736263
122.6626,8388607
122.6666,6648015
122.6667,-8388608
122.6706,-8388608
122.6766,6265607
122.6794,8388607
122.6829,8030567
122.6870,-8388608
122.6911,-8388608
122.6957,4280027
122.6994,8388607
122.7033,8388607
122.7074,-8388608
122.7122,-8388608
122.7161,2419615
122.7205,8388607
122.7239,8388607
122.7283,-8388608
122.7320,-8388608
122.7361,2041995
122.7402,8388607
122.7446,8388607
122.7487,-8388608
122.7526,-8388608
122.7566,-338463
122.7613,8388607
122.7656,8388607
122.7689,-8388608
122.7730,-8388608
122.7777,-2279741
122.7812,8388607
122.7854,8388607
122.7895,-8388608
122.7935,-8388608
122.7945,-3426965
122.7975,8388607
122.8017,8388607
122.8057,-8388608
122.8104,-8388608
122.8140,-4382985
122.8184,8388607
122.8221,8388607
122.8270,-8388608
122.8305,-8388608
122.8356,-6044989
122.8385,8388607
122.8440,8388607
122.8471,-8388608
122.8509,-8388608
122.8549,-6795097
122.8599,8388607
122.8635,8388607
122.8680,-8388608
122.8713,-8388608
122.8768,-8388608
122.8802,8388607
122.8836,8388607
122.8876,-7986444
122.8934,-8388608
122.8965,-8388608
122.9009,8388607
122.9040,8388607
122.9088,-7001008
122.9123,-8388608
122.9165,-8388608
122.9204,8388607
122.9205,8388607
122.9247,-5677288
122.9303,-8388608
122.9330,-8388608
122.9369,8388607
122.9411,8388607
122.9463,-4794808
122.9496,-8388608
122.9533,-8388608
122.9573,8388607
122.9621,8388607
122.9661,-3559336
122.9696,-8388608
122.9737,-8388608
122.9780,8388607
122.9819,8388607
122.9860,-2323864
122.9901,-8388608
122.9946,-8388608
122.9984,8388607
123.0032,8388607
123.0065,-1176640
123.0117,-8388608
123.0155,-8388608
123.0187,8388607
123.0229,8388607
123.0275,-128606
123.0311,-8388608
123.0351,-8388608
123.0393,8388607
123.0434,8388607
123.0476,338283
123.0477,-8388608
123.0515,-8388608
123.0555,8388607
123.0604,8388607
123.0642,1573755
123.0679,-8388608
123.0720,-8388608
123.0763,8388607
123.0806,8388607
123.0842,2868059
123.0883,-8388608
123.0924,-8388608
123.0974,8388607
123.1013,8388607
123.1048,4088823
123.1094,-8388608
123.1136,-8388608
123.1177,7795239
123.1211,8388607
123.1270,5309587
123.1293,-8388608
123.1339,-8388608
123.1375,6250899
123.1432,8388607
123.1458,6692139
123.1501,-8388608
123.1540,-8388608
123.1600,4971303
123.1628,8388607
123.1665,8001151
123.1703,-8388608
123.1745,-8388608
123.1786,3912327
123.1788,8388607
123.1826,8388607
123.1867,-8388608
123.1911,-8388608
123.1955,2897475
123.1996,8388607
123.2031,8388607
123.2071,-8388608
123.2122,-8388608
123.2158,1895002
123.2196,8388607
123.2235,8388607
123.2286,-8388608
123.2327,-8388608
123.2358,857046
123.2399,8388607
123.2441,8388607
123.2490,-8388608
123.2522,-8388608
123.2563,47116
123.2606,8388607
123.2652,8388607
123.2690,-8388608
123.2727,-8388608
123.2769,-911897
123.2815,8388607
123.2850,8388607
123.2893,-8388608
123.2935,-8388608
123.2973,1053918
123.3013,8388607
123.3056,8388607
123.3060,-8388608
123.3101,-8388608
123.3148,-3824081
123.3177,8388607
123.3218,8388607
123.3260,-8388608
123.3312,-8388608
123.3346,-4662437
123.3382,8388607
123.3427,8388607
123.3464,-8388608
123.3505,-8388608
123.3546,-6765681
123.3595,8388607
123.3634,8388607
123.3672,-8236480
123.3710,-8388608
123.3763,-8076301
123.3797,8388607
123.3837,8388607
123.3873,-7074548
123.3930,-8388608
123.3968,-8388608
123.3998,8388607
123.4037,8388607
123.4095,-6015572
123.4121,-8388608
123.4162,-8388608
123.4201,8388607
123.4257,8388607
123.4285,-4735976
123.4326,-8388608
123.4327,-8388608
123.4365,8388607
123.4407,8388607
123.4452,-3485796
123.4492,-8388608
123.4529,-8388608
123.4570,8388607
123.4619,8388607
123.4652,-8388608
123.4697,-8388608
123.4735,-5806010
123.4783,8388607
123.4817,8388607
123.4860,-3912328
123.4899,-8388608
123.4946,-5350085
123.4985,8388607
123.5024,8388607
123.5062,-3941744
123.5108,-8388608
123.5144,-2258965
123.5193,8388607
123.5225,8388607
123.5270,-1126687
123.5317,-8388608
123.5348,-8388608
123.5390,8388607
123.5437,8388607
123.5479,926603
123.5514,-8388608
123.5554,-8388608
123.5595,8388607
123.5600,8388607
123.5639,1956163
123.5679,-8388608
123.5718,-8388608
123.5763,8388607
123.5802,8388607
123.5841,3176927
123.5881,-8388608
123.5932,-8388608
123.5964,8388607
123.6003,8388607
123.6044,4294735
123.6099,-8388608
123.6131,-8388608
123.6174,8388607
123.6209,8388607
123.6262,5486083
123.6296,-8388608
123.6341,-8388608
123.6372,8324727
123.6431,8388607
123.6458,6795095
123.6500,-8388608
123.6536,-8388608
123.6593,7162795
123.6621,8388607
123.6663,8388607
123.6700,-8388608
123.6764,-8388608
123.6783,2559191
123.6824,8388607
123.6864,8388607
123.6865,-8388608
123.6905,-8388608
123.6953,1461160
123.6988,8388607
123.7027,8388607
123.7069,-8388608
123.7111,-8388608
123.7153,738948
123.7191,8388607
123.7234,8388607
123.7275,-8388608
123.7316,-8388608
123.7355,-1117809
123.7396,8388607
123.7438,8388607
123.7481,-8388608
123.7521,-8388608
123.7560,-1411969
123.7603,8388607
123.7649,8388607
123.7684,-8388608
123.7724,-8388608
123.7770,-2588609
123.7807,8388607
123.7852,8388607
123.7889,-8388608
123.7936,-8388608
123.7970,-3985869
123.8010,8388607
123.8055,8388607
123.8095,-8388608
123.8134,-8388608
123.8135,-5074261
123.8174,8388607
123.8215,8388607
123.8261,-8388608
123.8299,-8388608
123.8339,-6618601
123.8380,8388607
123.8442,8388607
123.8462,-8045276
123.8508,-8388608
123.8544,-7775875
123.8595,8388607
123.8629,8388607
123.8674,-6736264
123.8707,-8388608
123.8764,-8388608
123.8790,8388607
123.8835,8388607
123.8873,-5500792
123.8931,-8388608
123.8956,-2942649
123.8997,8388607
123.9035,8388607
123.9076,-5044844
123.9117,-8388608
123.9168,-8126809
123.9203,8388607
123.9254,8388607
123.9281,-4221196
123.9322,-8388608
123.9365,-8388608
123.9404,8388607
123.9405,8388607
123.9446,-2235616
123.9490,-8388608
123.9526,-8388608
123.9566,8388607
123.9611,8388607
123.9650,-573747
123.9697,-8388608
123.9734,-8388608
123.9773,8388607
123.9819,8388607
123.9853,48115
123.9895,-8388608
123.9936,-8388608
123.9985,8388607
124.0020,8388607
124.0058,661859
124.0106,-8388608
124.0146,-8388608
124.0181,8388607
124.0223,8388607
124.0265,2000287
124.0305,-8388608
124.0347,-8388608
124.0387,8388607
124.0429,8388607
124.0473,3147511
124.0510,-8388608
124.0550,-8388608
124.0610,8388607
124.0633,8388607
124.0674,4588895
124.0675,-8388608
124.0713,-8388608
124.0759,8388607
124.0803,6986299
124.0839,-4265321
124.0877,8388607
124.0933,8388607
124.0967,-8388608
124.1006,-8388608
124.1041,-4485941
124.1096,8388607
124.1128,8388607
124.1176,-8388608
124.1210,-8388608
124.1265,-5662581
124.1289,8388607
124.1329,8388607
124.1374,-8388608
124.1433,-8388608
124.1452,-6912761
124.1496,8388607
124.1533,8388607
124.1595,-7383416
124.1618,-8388608
124.1657,-8265897
124.1697,8388607
124.1738,8388607
124.1787,-6118528
124.1821,-8388608
124.1862,-8388608
124.1904,8388607
124.1943,8388607
124.1944,-4883056
124.1983,-8388608
124.2024,-8388608
124.2065,8388607
124.2108,8388607
124.2152,-3603460
124.2188,-8388608
124.2230,-8388608
124.2272,8388607
124.2316,8388607
124.2358,-2220908
124.2395,-8388608
124.2441,-8388608
124.2477,8388607
124.2520,8388607
124.2557,-1063567
124.2603,-8388608
124.2639,-8388608
124.2687,8388607
124.2721,8388607
124.2763,-110982
124.2807,-8388608
124.2844,-8388608
124.2891,8388607
124.2930,8388607
124.2970,397115
124.3018,-8388608
124.3053,-8388608
124.3097,8388607
124.3138,8388607
124.3173,1338427
124.3213,-8388608
124.3253,-8388608
124.3260,8388607
124.3301,8388607
124.3342,2809227
124.3376,-8388608
124.3420,-8388608
124.3458,8388607
124.3499,8388607
124.3540,3529919
124.3587,-8388608
124.3625,-8388608
124.3672,8388607
124.3703,8388607
124.3746,5147799
124.3786,-8388608
124.3836,-8388608
124.3867,7236335
124.3923,8388607
124.3959,6147943
124.3991,-8388608
124.4031,-8388608
124.4072,5794951
124.4124,8388607
124.4160,7471663
124.4195,-8388608
124.4237,-8388608
124.4282,4647727
124.4323,8388607
124.4365,8388607
124.4410,-8388608
124.4445,-8388608
124.4483,3456379
124.4523,8388607
124.4524,8388607
124.4564,-8388608
124.4614,-8388608
124.4646,2279739
124.4687,8388607
124.4729,8388607
124.4777,-8388608
124.4817,-8388608
124.4852,1058975
124.4892,8388607
124.4940,8388607
124.4979,-8388608
124.5017,-8388608
124.5056,76033
124.5108,8388607
124.5140,8388607
124.5182,-8388608
124.5221,-8388608
124.5267,-382409
124.5305,8388607
124.5347,8388607
124.5390,-8388608
124.5428,-8388608
124.5467,-1706129
124.5508,8388607
124.5547,8388607
124.5598,-8388608
124.5629,-8388608
124.5671,-3000433
124.5711,8388607
124.5753,8388607
124.5792,-8388608
124.5792,-8388608
124.5833,-4280029
124.5874,8388607
124.5917,8388607
124.5962,-8388608
124.5998,-8388608
124.6038,-5427253
124.6080,8388607
124.6121,8388607
124.6161,-8388608
124.6204,-8388608
124.6253,-6648017
124.6288,8388607
124.6325,8388607
124.6369,-7618744
124.6421,-8388608
124.6448,-8148233
124.6495,8388607
124.6529,8388607
124.6584,-6677432
124.6619,-8388608
124.6654,-8388608
124.6698,8388607
124.6754,8388607
124.6783,-6103820
124.6821,-8388608
124.6858,-8388608
124.6902,8388607
124.6945,8388607
124.6982,-4353568
124.7023,-8388608
124.7062,-8388608
124.7063,8388607
124.7109,8388607
124.7144,-2412112
124.7185,-8388608
124.7228,-8388608
124.7273,8388607
124.7308,8388607
124.7349,-1214159
124.7391,-8388608
124.7435,-8388608
124.7474,8388607
124.7513,8388607
124.7555,-385804
124.7595,-8388608
124.7643,-8388608
124.7683,8388607
124.7718,8388607
124.7761,191203
124.7806,-8388608
124.7842,-8388608
124.7882,8388607
124.7926,8388607
124.7963,956019
124.8004,-8388608
124.8046,-8388608
124.8095,8388607
124.8127,8388607
124.8168,2397403
124.8210,-8388608
124.8251,-8388608
124.8293,8388607
124.8332,8388607
124.8333,3397547
124.8373,-8388608
124.8430,-8388608
124.8456,8388607
124.8496,8388607
124.8536,5015427
124.8584,-8388608
124.8627,-8388608
124.8660,7324583
124.8700,8388607
124.8757,5942031
124.8788,-8388608
124.8830,-8388608
124.8866,6000863
124.8919,8388607
124.8953,7206919
124.8992,-8388608
124.9028,-8388608
124.9083,4956595
124.9113,8388607
124.9151,8388607
124.9192,-8388608
124.9236,-8388608
124.9287,3721123
124.9316,8388607
124.9356,8388607
124.9397,-8388608
124.9438,-8388608
124.9479,2485651
124.9523,8388607
124.9562,8388607
124.9602,-8388608
124.9603,-8388608
124.9642,1161931
124.9683,8388607
124.9725,8388607
124.9770,-8388608
124.9816,-8388608
124.9847,186485
124.9889,8388607
124.9935,8388607
124.9979,-8388608
125.0011,-8388608
125.0052,-397117
125.0097,8388607
125.0143,8388607
125.0180,-8388608
125.0217,-8388608
125.0261,-1456093
125.0302,8388607
125.0339,8388607
125.0380,-8388608
125.0428,-8388608
125.0470,-2779813
125.0507,8388607
125.0543,8388607
125.0593,-8388608
125.0630,-8388608
125.0669,-3971161
125.0708,8388607
125.0757,8388607
125.0791,-8388608
125.0830,-8388608
125.0871,-5133093
125.0872,8388607
125.0925,8388607
125.0960,-8388608
125.1000,-8388608
125.1036,-6383273
125.1086,8388607
125.1124,8388607
125.1158,-8133524
125.1199,-8388608
125.1255,-7692285
125.1285,8388607
125.1327,8388607
125.1363,-6648016
125.1425,-8388608
125.1454,-8388608
125.1493,8388607
125.1526,8388607
125.1585,-5721412
125.1614,-8388608
125.1655,-8388608
125.1697,8388607
125.1751,8388607
125.1774,-4324152
125.1818,-8388608
125.1860,-8388608
125.1896,8388607
125.1944,8388607
125.1978,-3544628
125.2018,-8388608
125.2060,-8388608
125.2100,8388607
125.2142,8388607
125.2143,-2147368
125.2183,-8388608
125.2223,-8388608
125.2269,8388607
125.2314,8388607
125.2346,-1001027
125.2387,-8388608
125.2430,-8388608
125.2469,8388607
125.2515,8388607
125.2551,-14990
125.2606,-8388608
125.2633,-8388608
125.2674,8388607
125.2715,8388607
125.2756,661859
125.2804,-8388608
125.2838,-8388608
125.2878,8388607
125.2922,8388607
125.2960,2044411
125.3003,-8388608
125.3043,-8388608
125.3090,8388607
125.3128,8388607
125.3165,3015139
125.3206,-8388608
125.3258,-8388608
125.3295,8388607
125.3329,8388607
125.3370,4471231
125.3412,-8388608
125.3420,-8388608
125.3455,8148231
125.3492,8388607
125.3534,5647871
125.3592,-8388608
125.3620,-8388608
125.3657,6868635
125.3700,8388607
125.3750,6750971
125.3781,-8388608
125.3820,-8388608
125.3867,5574331
125.3919,8388607
125.3949,7839363
125.3984,-8388608
125.4025,-8388608
125.4080,4324151
125.4113,8388607
125.4151,8388607
125.4192,-8388608
125.4248,-8388608
125.4271,3088679
125.4323,8388607
125.4353,8388607
125.4395,-8388608
125.4442,-8388608
125.4479,1838499
125.4521,8388607
125.4559,8388607
125.4601,-8388608
125.4641,-8388608
125.4682,682037
125.4722,8388607
125.4723,8388607
125.4770,-8388608
125.4808,-8388608
125.4844,-44125
125.4886,8388607
125.4934,8388607
125.4972,-8388608
125.5014,-8388608
125.5050,-897189
125.5090,8388607
125.5132,8388607
125.5177,-8388608
125.5215,-8388608
125.5262,-2147369
125.5296,8388607
125.5340,8388607
125.5387,-8388608
125.5423,-8388608
125.5461,-3338717
125.5508,8388607
125.5541,8388607
125.5587,-8388608
125.5628,-8388608
125.5669,-4544773
125.5705,8388607
125.5748,8388607
125.5786,-8388608
125.5828,-8388608
125.5869,-5706705
125.5922,8388607
125.5953,8388607
125.5994,-8388608
125.5995,-8388608
125.6033,-6765681
125.6087,8388607
125.6119,8388607
125.6155,-7486372
125.6196,-8388608
125.6254,-8118817
125.6283,8388607
125.6319,8388607
125.6360,-6280316
125.6416,-8388608
125.6443,-8388608
125.6483,8388607
125.6523,8388607
125.6584,-5265464
125.6607,-8388608
125.6651,-8388608
125.6693,8388607
125.6746,8388607
125.6772,-4177072
125.6820,-8388608
125.6851,-8388608
125.6893,8388607
125.6937,8388607
125.6983,-2750396
125.7020,-8388608
125.7057,-8388608
125.7105,8388607
125.7144,8388607
125.7181,-1720836
125.7222,-8388608
125.7263,-8388608
125.7265,8388607
125.7302,8388607
125.7344,-571707
125.7385,-8388608
125.7433,-8388608
125.7465,8388607
125.7507,8388607
125.7548,44123
125.7595,-8388608
125.7631,-8388608
125.7674,8388607
125.7712,8388607
125.7760,1029559
125.7807,-8388608
125.7836,-8388608
125.7876,8388607
125.7923,8388607
125.7965,2132659
125.8006,-8388608
125.8041,-8388608
125.8089,8388607
125.8127,8388607
125.8168,3676999
125.8204,-8388608
125.8249,-8388608
125.8291,8388607
125.8326,8388607
125.8368,4691851
125.8415,-8388608
125.8451,-8388608
125.8491,7692283
125.8531,8388607
125.8532,6044987
125.8587,-8388608
125.8617,-8388608
125.8658,6353855
125.8695,8388607
125.8750,7398123
125.8784,-8388608
125.8825,-8388608
125.8858,5059551
125.8910,8388607
125.8940,8388607
125.8988,-8388608
125.9027,-8388608
125.9081,3897619
125.9105,8388607
125.9154,8388607
125.9186,-8388608
125.9227,-8388608
125.9272,2544483
125.9309,8388607
125.9350,8388607
125.9391,-8388608
125.9438,-8388608
125.9473,1353135
125.9520,8388607
125.9555,8388607
125.9605,-8388608
125.9637,-8388608
125.9678,168556
125.9720,8388607
125.9760,8388607
125.9802,-8388608
125.9802,-8388608
125.9842,-220621
125.9883,8388607
125.9932,8388607
125.9964,-8388608
126.0005,-8388608
126.0046,-1529633
126.0092,8388607
126.0130,8388607
126.0169,-8388608
126.0210,-8388608
126.0262,-2720981
126.0299,8388607
126.0333,8388607
126.0375,-8388608
126.0416,-8388608
126.0458,-3941745
126.0496,8388607
126.0539,-3515212
126.0580,-926605
126.0625,-8388608
126.0660,7545203
126.0701,8388607
126.0749,-8388608
126.0787,872019
126.0824,-8388608
126.0865,7412831
126.0915,8388607
126.0948,-8388608
126.0990,397115
126.1030,-8388608
126.1078,6603891
126.1084,8388607
126.1116,-8388608
126.1152,519739
126.1193,-8388608
126.1245,5662579
126.1278,8388607
126.1316,-8388608
126.1357,-573613
126.1414,-8104108
126.1443,4883055
126.1479,8388607
126.1520,-8388608
126.1577,-1441385
126.1603,-6750972
126.1643,3735831
126.1684,8388607
126.1742,-7545204
126.1767,-2618025
126.1815,-4765392
126.1848,2750395
126.1890,8388607
126.1934,-6353856
126.1971,-3971161
126.2012,-3235760
126.2053,1956163
126.2102,8388607
126.2136,-5250756
126.2178,-5483300
126.2217,-1161932
126.2262,1023032
126.2301,8388607
126.2340,-4074116
126.2341,-6692141
126.2381,-1025582
126.2421,529487
126.2471,7823789
126.2504,-2779812
126.2545,-7559913
126.2592,1746311
126.2628,-720693
126.2668,7721873
126.2710,-1603172
126.2755,-8388608
126.2798,823647
126.2831,-2157609
126.2872,7773296
126.2920,-501334
126.2959,-8388608
126.2995,2939645
126.3036,-3362278
126.3081,6009254
126.3121,73539
126.3159,-8388608
126.3200,3841447
126.3255,-3279885
126.3291,5513838
126.3322,705983
126.3364,-8388608
126.3415,4844121
126.3448,-4044701
126.3487,4986011
126.3527,2029703
126.3581,-8388608
126.3611,5662579
126.3651,-4941889
126.3652,5015427
126.3691,2618023
126.3743,-8388608
126.3776,7103963
126.3814,-5736121
126.3855,4559479
126.3914,2044411
126.3944,-8388608
126.3978,8310019
126.4019,-6589185
126.4076,4838931
126.4107,1941455
126.4143,-8388608
126.4184,8388607
126.4244,-5691583
126.4269,6015571
126.4308,1603171
126.4347,-8388608
126.4388,8388607
126.4435,-5645697
126.4475,7251043
126.4510,1956163
126.4552,-8388608
126.4595,8388607
126.4636,-4407339
126.4676,8388607
126.4717,1603171
126.4757,-8388608
126.4798,7986443
126.4839,-4456525
126.4883,8388607
126.4921,2215494
126.4929,-8388608
126.4962,6074403
126.5002,-4231300
126.5043,8388607
126.5088,2492885
126.5127,-8388608
126.5166,5486083
126.5208,-3603460
126.5253,8388607
126.5292,2176783
126.5330,-8388608
126.5371,3794663
126.5420,-3559336
126.5460,8388607
126.5499,352991
126.5535,-8388608
126.5579,2985723
126.5621,-3374914
126.5659,8388607
126.5699,-911897
126.5749,-8388608
126.5780,2025382
126.5821,-3000433
126.5862,8388607
126.5911,-2809229
126.5945,-8388608
126.5989,1063938
126.6026,-2367989
126.6074,8388607
126.6109,-3779957
126.6150,-8388608
126.6151,323259
126.6190,-867773
126.6242,8388607
126.6274,-5030137
126.6314,-8388608
126.6354,-426533
126.6406,117663
126.6437,8388607
126.6477,-6371680
126.6517,-8388608
126.6573,-1647297
126.6608,1441383
126.6640,8324727
126.6681,-6942177
126.6723,-7456956
126.6769,-2882769
126.6805,3542952
126.6845,7515787
126.6886,-6761868
126.6936,-6368564
126.6968,-4060542
126.7009,5177216
126.7050,5986155
126.7100,-5897908
126.7132,-5118384
126.7173,-5726800
126.7214,6522614
126.7259,4809515
126.7297,-4074116
126.7338,-3927036
126.7381,-6589185
126.7421,7088746
126.7460,3735214
126.7461,-3073972
126.7501,-2750396
126.7542,-7765825
126.7588,7839363
126.7625,2573899
126.7666,-2000288
126.7706,-1529632
126.7751,-8388608
126.7788,7398123
126.7828,720691
126.7870,-1066637
126.7910,-299111
126.7951,-8388608
126.7992,7824655
126.8033,-205556
126.8092,844092
126.8115,176495
126.8156,-8388608
126.8197,7648159
126.8242,-470657
126.8279,1031457
126.8319,897187
126.8361,-8388608
126.8408,8310019
126.8443,-2000289
126.8483,1882623
126.8524,985435
126.8574,-8388608
126.8608,7775583
126.8649,-2426821
126.8688,2912183
126.8689,538548
126.8745,-8388608
126.8777,8388607
126.8811,-3574045
126.8852,4074115
126.8909,573611
126.8937,-8388608
126.8975,8388607
126.9016,-3456381
126.9072,5383127
126.9107,411823
126.9139,-8388608
126.9180,8388607
126.9221,-3485797
126.9266,6559767
126.9303,544195
126.9345,-8388608
126.9388,8388607
126.9432,-3529921
126.9467,6839219
126.9507,558903
126.9549,-8388608
126.9591,8388607
126.9632,-3265177
126.9672,8388607
126.9712,-2782212
126.9760,-8388608
126.9794,6721555
126.9837,-3165955
126.9877,8388607
126.9918,-3118097
126.9961,-8388608
127.0002,5589039
127.0003,-2720980
127.0040,8388607
127.0083,-3985869
127.0124,-8388608
127.0163,4177071
127.0205,-1500216
127.0248,8388607
127.0297,-6652953
127.0328,-8388608
127.0368,3618167
127.0416,-372823
127.0459,8388607
127.0490,-7589328
127.0531,-8388608
127.0578,3176927
127.0616,191203
127.0654,8388607
127.0695,-7442248
127.0737,-8388608
127.0782,1544339
127.0818,1235471
127.0859,8388607
127.0908,-8236480
127.0941,-8388608
127.0983,704325
127.1023,2618023
127.1069,8388607
127.1107,-7762447
127.1147,-8388608
127.1190,205911
127.1246,3603459
127.1269,8388607
127.1270,-8374184
127.1310,-8388608
127.1351,-470657
127.1394,5147799
127.1436,8388607
127.1474,-8380796
127.1515,-8388608
127.1574,-2162077
127.1599,6162651
127.1642,8388607
127.1678,-7633452
127.1722,-7706992
127.1765,-3485797
127.1801,7604035
127.1842,7236335
127.1883,-6427396
127.1925,-7957028
127.1970,-5065605
127.2006,8388607
127.2047,6044987
127.2096,-5368420
127.2134,-7971736
127.2171,-7339293
127.2211,8388607
127.2255,4735975
127.2298,-3853496
127.2334,-7692284
127.2375,-7354001
127.2417,8388607
127.2457,3529919
127.2499,-2735688
127.2539,-7662868
127.2580,-8388608
127.2584,8388607
127.2631,2250323
127.2661,-1544340
127.2702,-6349258
127.2747,-8388608
127.2788,8388607
127.2828,985183
127.2866,-180419
127.2911,-5075517
127.2952,-8295312
127.2989,8388607
127.3029,70614
127.3077,279451
127.3117,-5309589
127.3153,-8388608
127.3194,8388607
127.3252,-500073
127.3277,1353135
127.3317,-5373376
127.3358,-8388608
127.3400,8388607
127.3447,-1764961
127.3481,2573899
127.3521,-4971304
127.3571,-8388608
127.3610,8388607
127.3644,-2853353
127.3685,3809371
127.3738,-4824224
127.3769,-8388608
127.3810,8388607
127.3850,-3118097
127.3851,5059551
127.3899,-5059552
127.3937,-8388608
127.3972,8388607
127.4013,-3206345
127.4069,6339147
127.4101,-4676105
127.4136,-8388608
127.4177,8388607
127.4219,-3044557
127.4265,7574619
127.4305,-5636596
127.4341,-8388608
127.4400,8388607
127.4426,-3147513
127.4463,8388607
127.4504,-5944864
127.4546,-8388608
127.4590,7295167
127.4627,-3118097
127.4668,8388607
127.4709,-5860602
127.4756,-8388608
127.4798,5530207
127.4832,-2950560
127.4874,8388607
127.4922,-6706849
127.4957,-8388608
127.4996,4883055
127.5041,-1926748
127.5080,8388607
127.5121,-6692141
127.5122,-8388608
127.5160,4382983
127.5202,-645743
127.5243,8388607
127.5283,-7971736
127.5324,-8388608
127.5365,3397547
127.5409,44123
127.5453,8388607
127.5487,-7721700
127.5528,-8388608
127.5574,1638125
127.5612,911895
127.5651,8388607
127.5692,-7056599
127.5734,-8388608
127.5776,533962
127.5815,2059119
127.5856,8388607
127.5907,-7318902
127.5938,-8388608
127.5979,147079
127.6020,2971015
127.6091,8388607
127.6105,-7427541
127.6144,-8388608
127.6184,-661861
127.6240,3985867
127.6272,8388607
127.6309,-7589329
127.6348,-8388608
127.6403,-1970873
127.6410,5000719
127.6434,8388607
127.6473,-7538953
127.6512,-7280460
127.6573,-3029849
127.6595,6142399
127.6634,7265751
127.6675,-8388608
127.6731,-5912616
127.6765,-4482694
127.6798,7266233
127.6839,5883199
127.6899,-8177648
127.6926,-4721268
127.6965,-6353857
127.7003,8388607
127.7044,4618311
127.7090,-4294736
127.7126,-3485796
127.7167,-7015717
127.7209,7283285
127.7251,3397547
127.7290,-3044556
127.7331,-2279740
127.7372,-8295313
127.7416,7339291
127.7455,1544339
127.7496,-1559048
127.7538,-1033641
127.7583,-8388608
127.7618,7030423
127.7659,-165765
127.7660,-474784
127.7700,-80540
127.7754,-8388608
127.7786,6927467
127.7822,-739805
127.7863,117663
127.7911,367699
127.7945,-8388608
127.7986,6853927
127.8027,-1073685
127.8071,1029559
127.8110,544195
127.8151,-8388608
127.8191,6873345
127.8240,-2220909
127.8276,2265031
127.8315,441239
127.8356,-8388608
127.8397,7912903
127.8438,-3647585
127.8479,3544627
127.8519,514779
127.8567,-8388608
127.8604,8388607
127.8641,-3897621
127.8682,4824223
127.8732,323575
127.8766,-8388608
127.8805,8388607
127.8848,-3750541
127.8890,5956739
127.8929,397115
127.8931,-8388608
127.8969,8388607
127.9010,-3762119
127.9059,7177503
127.9092,588319
127.9133,-8388608
127.9174,8388607
127.9221,-3500505
127.9260,8388607
127.9298,514779
127.9339,-8388608
127.9401,7809947
127.9422,-3471089
127.9463,8388607
127.9502,350574
127.9563,-8388608
127.9589,6706847
127.9624,-3836101
127.9665,8388607
127.9724,-88249
127.9757,-8388608
127.9788,5530207
127.9829,-4059408
127.9872,8388607
127.9919,-1117809
127.9952,-8388608
127.9993,4177071
128.0037,-4014136
128.0077,8388607
128.0119,-2265033
128.0160,-8388608
128.0199,3088679
128.0200,-3921757
128.0247,8388607
128.0280,-3515213
128.0321,-8388608
128.0363,2132659
128.0406,-3368133
128.0443,8388607
128.0484,-4809517
128.0525,-8388608
128.0579,866928
128.0607,-2088537
128.0648,8388607
128.0689,-6059697
128.0738,-8388608
128.0774,132371
128.0812,-514781
128.0853,8388607
128.0896,-7236337
128.0940,-8388608
128.0976,-617737
128.1017,1058975
128.1071,8388607
128.1105,-7515789
128.1141,-8388608
128.1181,-2088537
128.1231,2121395
128.1266,7824655
128.1306,-7563720
128.1346,-7471664
128.1395,-3206345
128.1427,3632876
128.1468,5971447
128.1468,-6942176
128.1509,-6236192
128.1565,-4290167
128.1593,4682194
128.1633,4471231
128.1673,-5618456
128.1730,-4941888
128.1761,-5838294
128.1795,5611598
128.1836,3127531
128.1879,-4382984
128.1918,-3691708
128.1959,-6839221
128.2000,5959580
128.2041,2370970
128.2091,-3162220
128.2123,-2397404
128.2164,-8015861
128.2205,5883199
128.2248,1401194
128.2287,-1970872
128.2328,-1245169
128.2370,-8388608
128.2415,6015571
128.2450,-838357
128.2491,-674704
128.2532,-131440
128.2582,-8388608
128.2614,6000863
128.2658,-1000434
128.2697,44123
128.2738,117663
128.2779,-8388608
128.2780,7045131
128.2819,-779525
128.2860,823647
128.2906,-1073685
128.2945,-8388608
128.2983,7356843
128.3024,-1456093
128.3069,-914927
128.3105,-29417
128.3147,-8388608
128.3188,8295311
128.3232,-2676857
128.3272,3368131
128.3311,-445288
128.3352,-8388608
128.3394,8388607
128.3438,-2838645
128.3475,4500647
128.3515,-1647297
128.3564,-8388608
128.3606,8388607
128.3638,-2971017
128.3679,5706703
128.3738,-2132661
128.3769,-8388608
128.3802,8388607
128.3843,-2833627
128.3898,7015715
128.3926,-2456237
128.3967,-8388608
128.4008,8388607
128.4050,-2779813
128.4051,8251187
128.4096,-1176641
128.4131,-8388608
128.4171,8074691
128.4230,-2412113
128.4257,8388607
128.4297,-1173199
128.4335,-8388608
128.4376,7177503
128.4420,-3436862
128.4458,8388607
128.4498,-102957
128.4539,-8388608
128.4581,5736119
128.4622,-4338860
128.4662,8388607
128.4703,-985437
128.4754,-8388608
128.4785,4338859
128.4826,-4674338
128.4868,8388607
128.4913,-2294449
128.4950,-8388608
128.4990,3559335
128.5031,-3949486
128.5081,8388607
128.5117,-3544629
128.5156,-8388608
128.5195,2309155
128.5241,-3471089
128.5278,8388607
128.5317,-4721269
128.5318,-8388608
128.5360,950214
128.5402,-2162077
128.5440,8192355
128.5481,-6015573
128.5522,-8388608
128.5564,279451
128.5610,-1000145
128.5646,8089399
128.5688,-7177505
128.5732,-8388608
128.5771,-1279597
128.5809,-180092
128.5850,7736407
128.5899,-7721701
128.5935,-8388608
128.5973,-2014997
128.6014,1750252
128.6058,6662723
128.6105,-7648482
128.6137,-7824656
128.6178,-3456381
128.6230,3441672
128.6261,5133091
128.6301,-7295168
128.6341,-6221484
128.6398,-5313792
128.6427,4530064
128.6466,4132947
128.6507,-6059696
128.6559,-5618456
128.6587,-6030281
128.6588,5389155
128.6628,2677229
128.6669,-4750684
128.6712,-4280028
128.6754,-6736265
128.6793,4926401
128.6834,2191491
128.6876,-3603460
128.6918,-3294592
128.6956,-8388608
128.6997,5721411
128.7038,1203232
128.7085,-2250324
128.7120,-1853208
128.7161,-8388608
128.7202,5339003
128.7250,-485365
128.7284,-1032268
128.7325,-230862
128.7366,-8388608
128.7411,5618455
128.7447,-2856808
128.7488,12615
128.7529,132371
128.7573,-8388608
128.7612,5127185
128.7653,-3206345
128.7694,558903
128.7739,323575
128.7777,-8388608
128.7817,6383271
128.7857,-4515357
128.7858,1794375
128.7898,14707
128.7945,-8388608
128.7980,7486371
128.8021,-5000721
128.8067,2956307
128.8108,338283
128.8146,-8388608
128.8185,8388607
128.8235,-6339149
128.8272,4338859
128.8308,-14709
128.8349,-8388608
128.8391,8388607
128.8435,-6032144
128.8473,5412543
128.8512,205911
128.8564,-8388608
128.8598,8388607
128.8640,-5868492
128.8676,6618599
128.8726,455947
128.8767,-8388608
128.8799,8388607
128.8840,-3893982
128.8894,7942319
128.8928,-147081
128.8964,-8388608
128.9004,8388607
128.9045,-3024665
128.9086,8388607
128.9128,221899
128.9168,-8388608
128.9169,7368707
128.9208,-3441673
128.9250,8388607
128.9291,-452216
128.9331,-8388608
128.9372,6118527
128.9414,-3419848
128.9454,8388607
128.9496,-1588465
128.9536,-8388608
128.9578,4691851
128.9618,-2982186
128.9659,8388607
128.9700,-3076895
128.9741,-8388608
128.9782,3853495
128.9823,-2853764
128.9864,8388607
128.9905,-3773250
128.9946,-8388608
128.9988,2735687
129.0029,-2720981
129.0070,8388607
129.0111,-4427109
129.0152,-8388608
129.0193,1514101
129.0233,-1750253
129.0275,8388607
129.0319,-5530209
129.0358,-8388608
129.0400,447832
129.0401,-926605
129.0438,8388607
129.0479,-6648017
129.0519,-8388608
129.0561,-29417
129.0602,1191347
129.0643,8388607
129.0683,-7633453
129.0725,-8388608
129.0766,-1382553
129.0807,1234786
129.0847,8388607
129.0889,-7633453
129.0929,-8059984
129.0970,-2500361
129.1011,3588752
129.1053,5883199
129.1094,-7360155
129.1136,-6795096
129.1176,-4401975
129.1216,4280028
129.1257,5633163
129.1299,-6250900
129.1340,-5515500
129.1381,-5090682
129.1421,5581455
129.1462,3318431
129.1503,-4956596
129.1546,-4221196
129.1587,-6456813
129.1628,6284537
129.1669,2701310
129.1709,-3779956
129.1710,-3044556
129.1749,-7545205
129.1790,6206775
129.1831,1986180
129.1871,-2426820
129.1913,-1779668
129.1954,-8388608
129.1995,6295023
129.2035,161787
129.2078,-1202750
129.2117,-519161
129.2159,-8388608
129.2200,6295023
129.2241,-1758788
129.2281,-182246
129.2322,88247
129.2363,-8388608
129.2406,6309731
129.2446,-2456237
129.2486,352991
129.2527,338283
129.2568,-8388608
129.2609,6351712
129.2650,-3368133
129.2691,1529631
129.2732,323575
129.2773,-8388608
129.2813,7412831
129.2857,-4559481
129.2896,2779811
129.2936,338283
129.2979,-8388608
129.2980,8388607
129.3018,-6015573
129.3059,3882911
129.3100,514779
129.3140,-8388608
129.3182,8388607
129.3222,-7000801
129.3264,5221339
129.3304,603027
129.3345,-8388608
129.3386,8388607
129.3427,-6008642
129.3468,6280315
129.3509,397115
129.3551,-8388608
129.3591,8388607
129.3632,-4721268
129.3673,7486371
129.3714,147079
129.3755,-8388608
129.3796,8388607
129.3837,-2804994
129.3878,8388607
129.3919,-1985581
129.3960,-8388608
129.4001,7133379
129.4042,-2294449
129.4084,8388607
129.4124,-3706416
129.4166,-8388608
129.4206,5971447
129.4246,-1730649
129.4247,8388607
129.4289,-4500648
129.4329,-8388608
129.4370,4868347
129.4411,-1138837
129.4452,8388607
129.4494,-5206632
129.4535,-8388608
129.4575,4250611
129.4616,88247
129.4657,8388607
129.4698,-5353712
129.4739,-8388608
129.4780,2956307
129.4821,1014851
129.4862,8388607
129.4903,-5882996
129.4943,-8388608
129.4984,1867402
129.5025,2338571
129.5066,8388607
129.5107,-6486229
129.5149,-8388608
129.5189,516101
129.5230,3441671
129.5271,8388607
129.5312,-7765825
129.5355,-8388608
129.5396,-352993
129.5436,4588895
129.5477,8388607
129.5519,-8388608
129.5520,-8388608
129.5558,-1823793
129.5599,5736119
129.5641,8388607
129.5680,-8388608
129.5722,-8388608
129.5763,-2014997
129.5804,7118671
129.5844,8388607
129.5886,-7912904
129.5926,-8388608
129.5967,-2836869
129.6008,8139706
129.6050,8388607
129.6091,-6618600
129.6131,-8388608
129.6172,-5546741
129.6213,8388607
129.6255,8118815
129.6296,-5691996
129.6336,-8388608
129.6378,-6574477
129.6418,8388607
129.6459,6471519
129.6500,-4471232
129.6541,-8388608
129.6583,-6182761
129.6623,8388607
129.6664,5178391
129.6707,-3103388
129.6748,-7059840
129.6787,-8388608
129.6787,8089399
129.6828,3985867
129.6869,-1809084
129.6910,-5589040
129.6951,-8388608
129.6992,8221771
129.7033,2750395
129.7073,-605313
129.7115,-4235904
129.7156,-8388608
129.7196,7868779
129.7237,838355
129.7278,88247
129.7320,-3897620
129.7361,-8388608
129.7401,7794846
129.7442,-567307
129.7483,867771
129.7524,-3853496
129.7565,-8388608
129.7606,7760012
129.7647,-764817
129.7688,1956163
129.7729,-4168209
129.7770,-8388608
129.7810,8388607
129.7852,-2397405
129.7893,3162219
129.7933,-4353569
129.7977,-8388608
129.8018,8388607
129.8058,-1559049
129.8097,4633019
129.8098,-4485941
129.8138,-8388608
129.8179,8388607
129.8220,-1500217
129.8261,6000863
129.8303,-4250613
129.8343,-8388608
129.8384,8388607
129.8425,-1644978
129.8466,7339291
129.8506,-3941745
129.8548,-8388608
129.8589,8089399
129.8630,-659191
129.8671,8388607
129.8712,-3971161
129.8754,-8388608
129.8794,5265463
129.8835,-941313
129.8876,8388607
129.8917,-3257202
129.8958,-8388608
129.9000,5750827
129.9039,-2735689
129.9080,8388607
129.9122,-2029704
129.9162,-8388608
129.9203,4750683
129.9247,-4207746
129.9287,8388607
129.9326,-2127411
129.9369,-8388608
129.9370,4029991
129.9408,-4153795
129.9449,8388607
129.9490,-3044557
129.9531,-8388608
129.9572,1662003
129.9613,-5088969
129.9654,8388607
129.9695,-4162365
129.9736,-8388608
129.9777,1549058
129.9818,-3853497
129.9859,8388607
129.9900,-5397837
129.9941,-8388608
129.9982,663504
130.0023,-2794521
130.0064,7883487
130.0105,-6721557
130.0146,-8388608
130.0186,-588321
130.0228,-1408791
130.0268,7383415
130.0310,-7604037
130.0350,-8388608
130.0391,-1132517
130.0431,294160
130.0473,7148087
130.0517,-7780533
130.0556,-8388608
130.0598,-3088681
130.0638,1103100
130.0639,6736263
130.0677,-8064259
130.0719,-8388608
130.0760,-5736121
130.0801,2265032
130.0841,4853639
130.0883,-6912760
130.0924,-8104108
130.0965,-5375633
130.1005,3427841
130.1047,3222492
130.1088,-5574332
130.1129,-5721412
130.1170,-6074405
130.1211,4403436
130.1252,2560701
130.1292,-4265320
130.1334,-4794808
130.1375,-7103965
130.1416,4770365
130.1456,1617879
130.1497,-3235760
130.1538,-3574044
130.1579,-8388608
130.1619,4750683
130.1661,736638
130.1702,-2000288
130.1744,-2500360
130.1786,-8388608
130.1827,4971303
130.1867,-140175
130.1868,-763165
130.1907,-1853208
130.1947,-8388608
130.1989,5417498
130.2030,-1603173
130.2070,102955
130.2111,-662812
130.2153,-8388608
130.2193,6421459
130.2235,-2148141
130.2276,1264887
130.2316,-1485509
130.2357,-8388608
130.2398,7677575
130.2439,-3426965
130.2480,1985579
130.2521,-1676713
130.2563,-8388608
130.2603,8388607
130.2644,-4088825
130.2685,3235759
130.2726,-1573757
130.2766,-8388608
130.2808,8388607
130.2849,-4773585
130.2890,4382983
130.2930,-1500217
130.2972,-8388608
130.3013,8388607
130.3055,-4405559
130.3095,5603747
130.3137,-1147225
130.3176,-8388608
130.3177,8388607
130.3218,-3353424
130.3258,6824511
130.3300,-1338429
130.3340,-8388608
130.3381,8388607
130.3423,-2359303
130.3463,8074691
130.3503,-1206057
130.3545,-8388608
130.3585,7854071
130.3626,-2793958
130.3667,8388607
130.3708,-1311034
130.3749,-8388608
130.3790,6427395
130.3831,-3426965
130.3872,8388607
130.3913,-420520
130.3954,-8388608
130.3995,5206631
130.4036,-4809517
130.4076,8388607
130.4117,-1411969
130.4158,-8388608
130.4199,5147799
130.4241,-5334088
130.4281,8388607
130.4327,-2544485
130.4368,-8388608
130.4409,3015139
130.4447,-4706561
130.4448,8388607
130.4487,-3735833
130.4528,-8388608
130.4569,2529775
130.4610,-4280029
130.4651,8388607
130.4692,-4956597
130.4733,-8388608
130.4774,1287541
130.4815,-2632733
130.4856,7412831
130.4897,-6177361
130.4937,-8388608
130.4978,814512
130.5019,-1417002
130.5060,6721555
130.5102,-7486373
130.5142,-8388608
130.5183,-14709
130.5224,506331
130.5266,6839219
130.5306,-8162941
130.5347,-8388608
130.5389,-1191349
130.5429,2265032
130.5470,6942175
130.5511,-8134958
130.5554,-8388608
130.5594,-2706273
130.5635,3426964
130.5674,6397979
130.5715,-7383416
130.5715,-8383560
130.5756,-3097148
130.5797,4569499
130.5838,5206631
130.5879,-6030280
130.5920,-7001008
130.5961,-5569595
130.6002,5450192
130.6043,4006444
130.6084,-4897764
130.6125,-5809660
130.6166,-6206777
130.6207,6246662
130.6248,3764753
130.6288,-3735832
130.6330,-4853640
130.6370,-7339293
130.6411,6442103
130.6452,2880036
130.6494,-2470944
130.6534,-3471088
130.6575,-8388608
130.6616,6089111
130.6657,1538234
130.6698,-1185678
130.6739,-2706272
130.6780,-8388608
130.6821,6500935
130.6863,-603029
130.6905,-197185
130.6945,-1478893
130.6986,-8388608
130.6987,6408996
130.7027,-1779669
130.7067,323575
130.7109,-1426381
130.7149,-8388608
130.7192,7228037
130.7233,-3129373
130.7272,1514923
130.7329,-1779669
130.7359,-8388608
130.7395,8354143
130.7436,-3706417
130.7476,2676855
130.7517,-2073829
130.7558,-8388608
130.7599,8388607
130.7641,-4265321
130.7681,3838787
130.7722,-2014997
130.7763,-8388608
130.7805,8388607
130.7846,-4360086
130.7887,5103675
130.7927,-2176785
130.7968,-8388608
130.8009,8388607
130.8050,-4038825
130.8092,6265607
130.8135,-2014997
130.8174,-8388608
130.8216,8388607
130.8257,-2779812
130.8297,7456955
130.8300,-1882625
130.8337,-8388608
130.8379,8207063
130.8419,-1694094
130.8459,8388607
130.8501,-2086552
130.8541,-8388608
130.8582,7706991
130.8625,-1897333
130.8664,8388607
130.8705,-1983229
130.8746,-8388608
130.8787,6589183
130.8828,-3029849
130.8869,8388607
130.8910,-1340452
130.8951,-8388608
130.8994,5383127
130.9034,-3476021
130.9081,8388607
130.9118,-1809085
130.9160,-8388608
130.9199,4368275
130.9238,-2954484
130.9284,8388607
130.9320,-2941601
130.9370,-8388608
130.9408,3118095
130.9443,-2794521
130.9485,8388607
130.9526,-4206489
130.9565,-8388608
130.9566,2220907
130.9606,-1603173
130.9647,8388607
130.9688,-5574333
130.9733,-8388608
130.9776,2441622
130.9811,-794233
130.9853,8192355
130.9899,-6662725
130.9937,-8388608
130.9976,588319
131.0016,1088391
131.0059,8388607
131.0109,-7839365
131.0139,-8388608
131.0181,-235329
131.0227,2320161
131.0264,8104107
131.0303,-7942321
131.0345,-8388608
131.0385,-1485509
131.0425,4108256
131.0470,7721699
131.0507,-8034177
131.0557,-8388608
131.0597,-2588609
131.0630,5574332
131.0671,6692139
131.0713,-7001008
131.0755,-8089400
131.0795,-3936276
131.0835,6777961
131.0837,5515499
131.0885,-5736120
131.0921,-7442248
131.0959,-5809661
131.0999,7464095
131.1040,4264582
131.1082,-4471232
131.1127,-5574332
131.1162,-6603893
131.1206,7854071
131.1250,3568139
131.1288,-3338716
131.1327,-4530064
131.1371,-6236192
131.1414,8015859
131.1449,2873241
131.1490,-2176784
131.1531,-4000576
131.1580,-8388608
131.1615,7883487
131.1654,941311
131.1697,-892912
131.1736,-2353280
131.1777,-8388608
131.1818,8148231
131.1864,-352993
131.1904,-21414
131.1941,-1995954
131.1984,-7514816
131.2025,8388607
131.2066,-1045936
131.2066,588319
131.2105,-1383873
131.2146,-8366500
131.2187,8201510
131.2231,-1764961
131.2277,1764959
131.2310,-2376752
131.2350,-8388608
131.2394,8388607
131.2435,-2779813
131.2474,3044555
131.2514,-2529777
131.2555,-8388608
131.2598,8388607
131.2637,-2750397
131.2678,4265319
131.2722,-3250469
131.2767,-8388608
131.2801,8388607
131.2842,-2956309
131.2886,5441959
131.2930,-3912329
131.2969,-8388608
131.3006,8388607
131.3050,-2886648
131.3094,6633307
131.3129,-2750397
131.3171,-8388608
131.3211,8388607
131.3252,-2445834
131.3293,7751115
131.3334,-3632877
131.3374,-8388608
131.3375,8388607
131.3415,-2088537
131.3457,8388607
131.3497,-3198174
131.3539,-8388608
131.3584,6883343
131.3626,-2235617
131.3661,8388607
131.3712,-2466937
131.3747,-8388608
131.3785,5662579
131.3825,-1974460
131.3870,8388607
131.3907,-2640560
131.3950,-8388608
131.3989,5324295
131.4033,-1155891
131.4077,8388607
131.4117,-3297028
131.4154,-8388608
131.4201,4177071
131.4235,-805899
131.4282,8388607
131.4319,-3927574
131.4362,-8388608
131.4403,3176927
131.4440,14707
131.4480,8388607
131.4524,-4614437
131.4564,-8388608
131.4604,1985579
131.4645,1147223
131.4646,8388607
131.4685,-5559625
131.4728,-8388608
131.4767,1323719
131.4808,2515067
131.4849,8388607
131.4893,-6648017
131.4935,-8388608
131.4972,367699
131.5013,3897619
131.5061,8388607
131.5101,-7795241
131.5136,-8388608
131.5177,-588321
131.5219,4838931
131.5266,8388607
131.5300,-8388608
131.5342,-8388608
131.5386,-1882625
131.5431,6265607
131.5465,8388607
131.5504,-7749177
131.5556,-7942320
131.5593,-3144689
131.5628,7456955
131.5668,7383415
131.5716,-6662724
131.5750,-7265752
131.5792,-4111449
131.5832,8388607
131.5873,5897907
131.5915,-8388608
131.5955,-6706848
131.5955,-5283399
131.5996,8388607
131.6043,4721267
131.6078,-8383560
131.6119,-5353712
131.6160,-6780389
131.6209,8388607
131.6242,3588751
131.6282,-3059264
131.6323,-4485940
131.6376,-7412833
131.6407,8388607
131.6446,2382695
131.6487,-1764960
131.6530,-3735832
131.6569,-8388608
131.6610,8388607
131.6651,1132515
131.6701,-892858
131.6733,-2375293
131.6774,-8388608
131.6815,8388607
131.6859,44579
131.6897,58831
131.6938,-2154655
131.6979,-8388608
131.7020,8388607
131.7061,-352993
131.7103,88247
131.7145,-2515069
131.7190,-8388608
131.7225,8388607
131.7226,-1470801
131.7266,2103243
131.7306,-2068377
131.7367,-8388608
131.7388,8388607
131.7429,-2676857
131.7470,3147511
131.7512,-1877800
131.7554,-8388608
131.7594,8388607
131.7635,-3088681
131.7675,4544771
131.7721,-1633174
131.7757,-8388608
131.7798,8388607
131.7840,-3206345
131.7883,5809659
131.7921,-2853353
131.7962,-8388608
131.8003,8388607
131.8054,-3235761
131.8084,7118671
131.8125,-2220909
131.8167,-8388608
131.8211,8388607
131.8250,-3368133
131.8291,8388607
131.8331,-2735689
131.8375,-8388608
131.8414,8388607
131.8455,-3147513
131.8495,8388607
131.8496,-2445109
131.8537,-8388608
131.8579,8030567
131.8618,-3372390
131.8659,8388607
131.8699,-3848452
131.8751,-8388608
131.8781,5868491
131.8822,-2397404
131.8865,8388607
131.8905,-4015285
131.8947,-8388608
131.8986,5500791
131.9035,-1250180
131.9075,8388607
131.9108,-5965150
131.9150,-8388608
131.9197,3779955
131.9236,-240210
131.9276,8388607
131.9314,-5662580
131.9354,-8388608
131.9403,3441671
131.9436,411823
131.9477,8388607
131.9519,-6116381
131.9565,-8388608
131.9607,2250323
131.9641,1382551
131.9683,8388607
131.9723,-6774643
131.9764,-8388608
131.9765,1418587
131.9804,2588607
131.9847,8388607
131.9896,-7436055
131.9932,-8388608
131.9969,367699
132.0010,3824079
132.0056,8388607
132.0092,-8192357
132.0133,-8388608
132.0174,-529489
132.0215,4956595
132.0256,8388607
132.0297,-8340741
132.0338,-8388608
132.0384,-1897333
132.0426,6236191
132.0461,8030567
132.0501,-7725245
132.0547,-7501080
132.0585,-2603317
132.0624,7324583
132.0665,6824511
132.0708,-6589184
132.0755,-7030424
132.0789,-4134066
132.0830,8388607
132.0872,5530207
132.0912,-5353712
132.0952,-7206920
132.0993,-5349495
132.1036,8388607
132.1040,4368275
132.1081,-4132948
132.1117,-7192212
132.1158,-6780389
132.1198,8388607
132.1241,3162219
132.1280,-2897476
132.1320,-6515644
132.1369,-7751117
132.1406,8388607
132.1444,1985579
132.1484,-1706128
132.1531,-5677288
132.1579,-7243368
132.1607,8388607
132.1648,805858
132.1692,-568073
132.1731,-4814203
132.1778,-8388608
132.1813,8388607
132.1857,-1
132.1896,88247
132.1943,-4971305
132.1977,-8388608
132.2017,8388607
132.2059,-558905
132.2099,941311
132.2143,-5614606
132.2185,-8388608
132.2224,8388607
132.2265,-1912041
132.2308,2265031
132.2309,-5937429
132.2345,-8388608
132.2396,8388607
132.2426,-2897477
132.2467,3426963
132.2509,-5133092
132.2555,-8388608
132.2592,8388607
132.2636,-3471089
132.2672,4633019
132.2717,-4897764
132.2763,-8388608
132.2799,8388607
132.2837,-3368133
132.2881,5839075
132.2926,-4618638
132.2959,-8388608
132.3000,8388607
132.3051,-3485797
132.3086,6898051
132.3122,-4885642
132.3164,-8388608
132.3210,8388607
132.3253,-3324009
132.3286,8280603
132.3327,-4853641
132.3375,-8388608
132.3411,8388607
132.3452,-3426965
132.3491,8388607
132.3537,-5079908
132.3575,-8388608
132.3575,7986443
132.3614,-3253194
132.3655,8388607
132.3706,-4809517
132.3744,-8388608
132.3778,6780387
132.3818,-2294448
132.3864,8388607
132.3901,-6545061
132.3948,-8388608
132.3983,4721267
132.4031,-1125424
132.4067,8388607
132.4106,-6978254
132.4147,-8388608
132.4189,4162363
132.4230,-173871
132.4271,8388607
132.4310,-8162940
132.4351,-8388608
132.4399,3294591
132.4434,323575
132.4474,8388607
132.4515,-8388608
132.4565,-8388608
132.4600,2029703
132.4638,1470799
132.4680,8388607
132.4721,-7648160
132.4763,-8388608
132.4802,833491
132.4845,2691563
132.4886,8388607
132.4888,-8170946
132.4925,-8388608
132.4967,205911
132.5007,3824079
132.5048,8388607
132.5089,-8280605
132.5130,-8388608
132.5171,-897189
132.5212,5118383
132.5253,8388607
132.5295,-8179210
132.5335,-8280604
132.5376,-2220909
132.5417,6162651
132.5458,7971735
132.5499,-7618744
132.5540,-7148088
132.5581,-3265177
132.5622,7545203
132.5662,6677431
132.5704,-6339148
132.5745,-6912760
132.5786,-4649045
132.5826,8388607
132.5868,5456667
132.5908,-5191924
132.5949,-6824512
132.5990,-6221485
132.6032,8388607
132.6074,4338859
132.6114,-3927036
132.6153,-6942176
132.6155,-6780389
132.6195,8388607
132.6237,3132803
132.6277,-2691564
132.6317,-6795096
132.6358,-8118817
132.6399,8388607
132.6440,2073827
132.6481,-1588464
132.6522,-6281817
132.6563,-8388608
132.6604,8388607
132.6645,766742
132.6686,-385302
132.6727,-5424677
132.6768,-8388608
132.6810,8388607
132.6849,-1
132.6891,176495
132.6932,-7265753
132.6974,-8388608
132.7015,8388607
132.7055,-676569
132.7096,1206055
132.7137,-7533237
132.7178,-8388608
132.7219,8388607
132.7261,-1941457
132.7300,2441527
132.7344,-7062462
132.7383,-8388608
132.7424,8388607
132.7425,-2956309
132.7465,3618167
132.7506,-6530352
132.7547,-8388608
132.7587,8388607
132.7629,-3529921
132.7670,4721267
132.7711,-6618600
132.7752,-8388608
132.7792,8388607
132.7834,-3618169
132.7875,5897907
132.7916,-6545060
132.7957,-8388608
132.7997,8388607
132.8038,-3662293
132.8079,7103963
132.8120,-6574476
132.8161,-8388608
132.8202,8388607
132.8243,-3529921
132.8284,8388607
132.8325,-5773775
132.8366,-8388608
132.8407,8265895
132.8448,-3544629
132.8488,8388607
132.8529,-6047853
132.8573,-8388608
132.8614,6765679
132.8654,-3509884
132.8695,8388607
132.8696,-6456813
132.8735,-8388608
132.8776,5912615
132.8816,-2573900
132.8858,8388607
132.8899,-8207065
132.8940,-8388608
132.8981,4059407
132.9022,-1293275
132.9062,8388607
132.9103,-8388608
132.9145,-8388608
132.9185,3956451
132.9227,-314487
132.9266,8388607
132.9308,-8388608
132.9349,-8388608
132.9390,2014995
132.9431,235327
132.9472,8388607
132.9513,-8388608
132.9554,-8388608
132.9595,1316721
132.9636,1088391
132.9677,8388607
132.9718,-6368564
132.9759,-8388608
132.9800,472939
132.9841,2309155
132.9882,8388607
132.9924,-5705620
132.9964,-8388608
132.9964,117663
133.0004,3515211
133.0045,8388607
133.0086,-4802848
133.0126,-8388608
133.0168,-1470801
133.0209,4471231
133.0250,8388607
133.0291,-3103389
133.0332,-7751116
133.0373,-3103389
133.0416,5441959
133.0455,7589327
133.0496,-2897477
133.0537,-6662724
133.0578,-3814280
133.0619,6118527
133.0660,6162651
133.0701,-1854010
133.0742,-5191924
133.0783,-5538144
133.0824,6079355
133.0865,3676999
133.0906,2162075
133.0946,-3956452
133.0987,-6236193
133.1028,4324360
133.1069,1760240
133.1110,2928755
133.1152,-2706272
133.1194,-7295169
133.1234,4559479
133.1235,215324
133.1275,7082377
133.1315,-1470800
133.1356,-8388608
133.1397,1970871
133.1438,-2418904
133.1479,7436254
133.1520,-293840
133.1561,-8388608
133.1602,2206199
133.1643,-3750541
133.1684,8087758
133.1725,191203
133.1766,-8388608
133.1807,3382839
133.1848,-4912473
133.1889,8388607
133.1930,1353135
133.1971,-8388608
133.2012,4807709
133.2052,-6118529
133.2093,8388607
133.2135,2485651
133.2175,-8388608
133.2216,5225343
133.2257,-7515789
133.2298,8388607
133.2339,3735831
133.2381,-8388608
133.2422,6412687
133.2463,-8388608
133.2503,8388607
133.2504,4941887
133.2544,-8388608
133.2584,7324583
133.2626,-8388608
133.2666,8388607
133.2708,5986155
133.2748,-8388608
133.2789,8388607
133.2830,-8388608
133.2871,8388607
133.2912,4485939
133.2953,-8388608
133.2994,7295167
133.3034,-7682855
133.3075,8255919
133.3116,3118095
133.3158,-8388608
133.3198,8388607
133.3240,-5368421
133.3280,8388607
133.3321,-2500361
133.3362,-8388608
133.3403,8118815
133.3444,-4725955
133.3485,8388607
133.3526,-4730709
133.3567,-8388608
133.3608,6427395
133.3650,-4088824
133.3690,8388607
133.3733,-7339293
133.3772,-8388608
133.3812,4677143
133.3813,-2691564
133.3855,8388607
133.3896,-8388608
133.3937,-8388608
133.3978,3824079
133.4018,-1573756
133.4059,8388607
133.4100,-8388608
133.4142,-8388608
133.4182,3221051
133.4223,-126354
133.4264,8388607
133.4305,-8388608
133.4347,-8388608
133.4387,2059119
133.4428,397115
133.4469,8388607
133.4510,-8388608
133.4551,-8388608
133.4592,791123
133.4632,1794375
133.4674,8388607
133.4715,-8388608
133.4756,-8388608
133.4797,441239
133.4838,3029847
133.4878,8388607
133.4921,-8388608
133.4962,-8388608
133.5003,-661861
133.5042,4324151
133.5082,8388607
133.5083,-8388608
133.5127,-8388608
133.5164,-1926749
133.5205,5589039
133.5246,8388607
133.5287,-8388608
133.5328,-8388608
133.5369,-2779813
133.5410,6898051
133.5451,7986443
133.5492,-8388608
133.5533,-8388608
133.5574,-4068318
133.5615,8089399
133.5656,7001007
133.5697,-6133236
133.5738,-8388608
133.5779,-5468865
133.5819,8388607
133.5861,5824367
133.5902,-4765392
133.5943,-8388608
133.5984,-6442105
133.6024,8388607
133.6066,4809515
133.6107,-3618168
133.6148,-8388608
133.6190,-7883489
133.6230,8388607
133.6273,3574043
133.6312,-2367988
133.6354,-8388608
133.6355,-8388608
133.6394,8388607
133.6435,2338571
133.6475,-1220764
133.6516,-8388608
133.6557,-8388608
133.6599,8388607
133.6639,1470799
133.6680,-288663
133.6721,-8388608
133.6762,-8388608
133.6803,8388607
133.6844,253680
133.6884,264743
133.6926,-8388608
133.6966,-8388608
133.7007,8388607
133.7048,-238618
133.7090,1397259
133.7130,-8388608
133.7172,-8388608
133.7212,8388607
133.7254,-1573757
133.7294,2706271
133.7335,-8388608
133.7376,-8388608
133.7417,8388607
133.7460,-2588609
133.7499,2647439
133.7540,-8388608
133.7582,-8388608
133.7624,8388607
133.7625,-2823937
133.7664,5133091
133.7705,-8388608
133.7745,-8388608
133.7786,8388607
133.7828,-2897477
133.7869,6192067
133.7909,-8388608
133.7951,-8388608
133.7991,8388607
133.8032,-3279885
133.8073,7515787
133.8115,-8388608
133.8155,-8388608
133.8196,8388607
133.8238,-3250469
133.8278,8388607
133.8319,-7574620
133.8361,-8388608
133.8400,7618743
133.8443,-3706417
133.8482,8388607
133.8524,-6349677
133.8565,-8388608
133.8606,6427395
133.8647,-3774577
133.8688,8388607
133.8730,-3809373
133.8771,-8388608
133.8811,4971303
133.8855,-2956308
133.8892,8388607
133.8893,-1720837
133.8933,-8388608
133.8974,4265319
133.9015,-1764960
133.9055,8388607
133.9096,2971015
133.9137,-8388608
133.9179,3000431
133.9220,-3070060
133.9260,8388607
133.9301,3735831
133.9343,-8388608
133.9383,1794375
133.9424,-5438872
133.9465,8388607
133.9506,5942031
133.9547,-8388608
133.9588,653393
133.9629,-7809948
133.9670,6736263
133.9711,8388607
133.9752,-8388608
133.9794,44123
133.9835,-8388608
133.9896,4603603
133.9916,8388607
133.9957,-6721556
133.9998,-4550947
134.0040,-8388608
134.0081,-5339005
134.0124,8388607
134.0163,8388607
134.0164,-2323864
134.0203,-8388608
134.0244,-8388608
134.0285,8388607
134.0326,8388607
134.0366,-1278165
134.0408,-8388608
134.0448,-8388608
134.0490,8388607
134.0530,8388607
134.0571,-107199
134.0612,-8388608
134.0653,-8388608
134.0694,8388607
134.0735,8388607
134.0776,323575
134.0817,-8388608
134.0859,-8388608
134.0899,8388607
134.0940,8388607
134.0980,1250179
134.1022,-8388608
134.1062,-8388608
134.1104,8388607
134.1144,8388607
134.1185,2823935
134.1227,-8388608
134.1267,-8388608
134.1308,8388607
134.1349,8388607
134.1391,3882911
134.1431,-8388608
134.1472,-8388608
134.1473,8388607
134.1513,8388607
134.1554,5191923
134.1595,-8388608
134.1636,-8388608
134.1677,7721699
134.1717,8388607
134.1759,6236191
134.1799,-8388608
134.1841,-8388608
134.1881,6530351
134.1923,8388607
134.1964,7486371
134.2005,-8388608
134.2046,-8388608
134.2086,5339003
134.2127,8388607
134.2169,8388607
134.2209,-8388608
134.2250,-8388608
134.2291,4118239
134.2332,8388607
134.2374,8388607
134.2414,-8388608
134.2455,-8388608
134.2496,2912183
134.2537,8388607
134.2578,8388607
134.2621,-8388608
134.2662,-8388608
134.2702,1897331
134.2743,8388607
134.2744,8388607
134.2784,-8388608
134.2826,-8388608
134.2865,594855
134.2906,8388607
134.2947,8388607
134.2988,-8388608
134.3030,-8388608
134.3070,-44125
134.3111,8388607
134.3151,8388607
134.3193,-8388608
134.3235,-8388608
134.3275,-853065
134.3315,8388607
134.3356,8388607
134.3398,-8388608
134.3439,-8388608
134.3479,-2162077
134.3521,8388607
134.3562,8388607
134.3603,-8388608
134.3643,-8388608
134.3685,-3382841
134.3725,8388607
134.3766,8388607
134.3807,-8388608
134.3850,-8388608
134.3890,-4559481
134.3931,8388607
134.3972,8388607
134.4013,-8388608
134.4014,-8388608
134.4053,-5633165
134.4095,8388607
134.4135,8388607
134.4176,-8192356
134.4218,-8388608
134.4258,-6780389
134.4299,8388607
134.4340,8388607
134.4381,-6942176
134.4422,-8388608
134.4463,-8015861
134.4504,8388607
134.4545,8388607
134.4586,-5794952
134.4627,-8388608
134.4668,-8388608
134.4709,8388607
134.4750,8388607
134.4791,-4456524
134.4832,-8388608
134.4873,-8388608
134.4913,8388607
134.4955,8388607
134.4996,-3118096
134.5036,-8388608
134.5077,-8388608
134.5118,8388607
134.5160,8388607
134.5201,-2367988
134.5243,-8388608
134.5281,-8388608
134.5282,8388607
134.5323,8388607
134.5364,-917034
134.5404,-8388608
134.5445,-8388608
134.5486,8388607
134.5527,8388607
134.5568,-90841
134.5609,-8388608
134.5650,-8388608
134.5691,8388607
134.5731,8388607
134.5774,323575
134.5814,-8388608
134.5855,-8388608
134.5895,8388607
134.5936,8388607
134.5978,1691419
134.6019,-8388608
134.6059,-8388608
134.6100,8388607
134.6141,8388607
134.6183,2956307
134.6224,-8388608
134.6264,-8388608
134.6305,8388607
134.6346,8388607
134.6387,4368275
134.6430,-8388608
134.6471,-8388608
134.6511,8388607
134.6553,8388607
134.6554,5530207
134.6593,-8388608
134.6634,-8388608
134.6674,7706991
134.6715,8388607
134.6757,6633307
134.6798,-8388608
134.6839,-8388608
134.6879,6500935
134.6921,8388607
134.6961,7898195
134.7002,-8388608
134.7043,-8388608
134.7085,5250755
134.7125,8388607
134.7166,8388607
134.7208,-8388608
134.7248,-8388608
134.7289,4235903
134.7330,8388607
134.7371,8388607
134.7412,-8388608
134.7453,-8388608
134.7494,2912183
134.7535,8388607
134.7576,8388607
134.7617,-8388608
134.7657,-8388608
134.7699,1632587
134.7740,8388607
134.7783,8388607
134.7821,-8388608
134.7862,-8388608
134.7863,516757
134.7902,8388607
134.7944,8388607
134.7985,-8388608
134.8025,-8388608
134.8066,-73541
134.8108,8388607
134.8148,8388607
134.8190,-8388608
134.8230,-8388608
134.8271,-1029561
134.8312,8388607
134.8354,8388607
134.8394,-8388608
134.8435,-8388608
134.8476,-2191493
134.8517,8388607
134.8558,8388607
134.8599,-8388608
134.8640,-8388608
134.8681,-3485797
134.8723,8388607
134.8763,8388607
134.8805,-8388608
134.8845,-8388608
134.8886,-4647729
134.8927,8388607
134.8969,8388607
134.9011,-8388608
134.9053,-8388608
134.9094,-5942033
134.9133,8388607
134.9134,8388607
134.9173,-8388608
134.9215,-8388608
134.9255,-7001009
134.9296,8388607
134.9336,8388607
134.9378,-6750972
134.9419,-8388608
134.9460,-8354145
134.9501,8388607
134.9542,8388607
134.9583,-5441960
134.9624,-8388608
134.9665,-8388608
134.9705,8388607
134.9747,8388607
134.9787,-4353568
134.9829,-8388608
134.9870,-8388608
134.9910,8388607
134.9952,8388607
134.9993,-3059264
135.0033,-8388608
135.0075,-8388608
135.0115,8388607
135.0157,8388607
135.0197,-1867916
135.0240,-8388608
135.0281,-8388608
135.0320,8388607
135.0362,8388607
135.0363,-689559
135.0402,-8388608
135.0443,-8388608
135.0484,8388607
135.0525,8388607
135.0565,44123
135.0607,-8388608
135.0647,-8388608
135.0688,8388607
135.0729,8388607
135.0770,926603
135.0811,-8388608
135.0853,-8388608
135.0893,8388607
135.0935,8388607
135.0974,2014995
135.1016,-8388608
135.1057,-8388608
135.1099,8388607
135.1139,8388607
135.1180,3353423
135.1221,-8388608
135.1262,-8388608
135.1303,8388607
135.1344,8388607
135.1385,4324151
135.1426,-8388608
135.1467,-8388608
135.1508,8388607
135.1549,8388607
135.1591,5618455
135.1631,-8388608
135.1672,-8388608
135.1673,7515787
135.1712,8388607
135.1754,6706847
135.1795,-8388608
135.1835,-8388608
135.1876,6192067
135.1917,8388607
135.1958,8104107
135.1999,-8388608
135.2040,-8388608
135.2081,5000719
135.2122,8388607
135.2163,8388607
135.2205,-8388608
135.2245,-8388608
135.2287,3794663
135.2326,8388607
135.2367,8388607
135.2408,-8388608
135.2449,-8388608
135.2490,2500359
135.2531,8388607
135.2572,8388607
135.2613,-8388608
135.2654,-8388608
135.2694,1161931
135.2735,8388607
135.2778,8388607
135.2820,-8388608
135.2862,-8388608
135.2902,195246
135.2944,8388607
135.2945,8388607
135.2984,-8388608
135.3023,-8388608
135.3065,-205913
135.3105,8388607
135.3146,8388607
135.3187,-8388608
135.3228,-8388608
135.3269,-1426677
135.3309,8388607
135.3351,8388607
135.3392,-8388608
135.3433,-8388608
135.3473,-2632733
135.3515,8388607
135.3556,8388607
135.3597,-8388608
135.3638,-8388608
135.3679,-3897621
135.3721,8388607
135.3760,8388607
135.3801,-8388608
135.3843,-8388608
135.3884,-5133093
135.3925,8388607
135.3965,8388607
135.4006,-8388608
135.4050,-8388608
135.4091,-6295025
135.4131,8388607
135.4171,8388607
135.4210,-7809948
135.4211,-8388608
135.4254,-7383417
135.4292,8388607
135.4337,8388607
135.4385,-6633308
135.4425,-8388608
135.4457,-8388608
135.4497,8388607
135.4539,8388607
135.4579,-5368420
135.4621,-8388608
135.4661,-8388608
135.4702,8388607
135.4742,8388607
135.4784,-4147656
135.4824,-8388608
135.4866,-8388608
135.4906,8388607
135.4947,8388607
135.4989,-2941600
135.5029,-8388608
135.5071,-8388608
135.5111,8388607
135.5152,8388607
135.5194,-1897332
135.5234,-8388608
135.5275,-8388608
135.5316,8388607
135.5357,8388607
135.5398,-711534
135.5440,-8388608
135.5482,-8388608
135.5483,8388607
135.5522,8388607
135.5563,102955
135.5604,-8388608
135.5644,-8388608
135.5685,8388607
135.5726,8388607
135.5767,705983
135.5808,-8388608
135.5849,-8388608
135.5891,8388607
135.5931,8388607
135.5971,2265031
135.6013,-8388608
135.6055,-8388608
135.6095,8388607
135.6136,8388607
135.6177,3485795
135.6218,-8388608
135.6259,-8388608
135.6301,8388607
135.6341,8388607
135.6382,4735975
135.6423,-8388608
135.6464,-8388608
135.6505,7854071
135.6546,8388607
135.6587,5839075
135.6628,-8388608
135.6671,-8388608
135.6711,6662723
135.6752,8388607
135.6791,7265751
135.6792,-8388608
135.6831,-8388608
135.6872,5486083
135.6914,8388607
135.6954,8310019
135.6995,-8388608
135.7037,-8388608
135.7078,4000575
135.7119,8388607
135.7160,8388607
135.7201,-8388608
135.7242,-8388608
135.7283,2809227
135.7324,8388607
135.7365,8388607
135.7406,-8388608
135.7448,-8388608
135.7487,1544339
135.7529,8388607
135.7570,8388607
135.7611,-8388608
135.7652,-8388608
135.7692,388454
135.7733,8388607
135.7775,8388607
135.7816,-8388608
135.7856,-8388608
135.7897,-88249
135.7938,8388607
135.7981,8388607
135.8021,-8388608
135.8060,-8388608
135.8061,-1088393
135.8102,8388607
135.8143,8388607
135.8184,-8388608
135.8225,-8388608
135.8266,-2279741
135.8307,8388607
135.8348,8388607
135.8389,-8388608
135.8430,-8388608
135.8470,-3412257
135.8512,8388607
135.8553,8388607
135.8594,-8388608
135.8635,-8388608
135.8676,-4765393
135.8716,8388607
135.8758,8388607
135.8799,-8388608
135.8840,-8388608
135.8881,-6000865
135.8920,8388607
135.8961,8388607
135.9002,-8133524
135.9044,-8388608
135.9084,-7118673
135.9125,8388607
135.9166,8388607
135.9210,-6780388
135.9251,-8388608
135.9291,-8207065
135.9331,8388607
135.9332,8388607
135.9372,-5691996
135.9413,-8388608
135.9454,-8388608
135.9495,8388607
135.9537,8388607
135.9577,-4338860
135.9618,-8388608
135.9658,-8388608
135.9699,8388607
135.9741,8388607
135.9782,-3162220
135.9823,-8388608
135.9864,-8388608
135.9905,8388607
135.9945,8388607
135.9986,-2059120
136.0027,-8388608
136.0068,-8388608
136.0109,8388607
136.0149,8388607
136.0191,-722801
136.0232,-8388608
136.0272,-8388608
136.0315,8388607
136.0355,8388607
136.0396,29415
136.0437,-8388608
136.0477,-8388608
136.0521,8388607
136.0559,8388607
136.0560,647151
136.0601,-8388608
136.0641,-8388608
136.0682,8388607
136.0722,8388607
136.0764,1809083
136.0804,-8388608
136.0846,-8388608
136.0886,8388607
136.0927,8388607
136.0968,3162219
136.1009,-8388608
136.1050,-8388608
136.1091,8388607
136.1132,8388607
136.1174,4412399
136.1214,-8388608
136.1255,-8388608
136.1296,8368851
136.1338,8388607
136.1378,5647871
136.1419,-8388608
136.1461,-8388608
136.1501,6971591
136.1542,8388607
136.1583,6883343
136.1624,-8388608
136.1665,-8388608
136.1705,5927323
136.1747,8388607
136.1790,8074691
136.1829,-8388608
136.1869,-8388608
136.1870,4853639
136.1910,8388607
136.1951,8388607
136.1992,-8388608
136.2034,-8388608
136.2074,3529919
136.2115,8388607
136.2156,8388607
136.2197,-8388608
136.2238,-8388608
136.2279,2500359
136.2320,8388607
136.2361,8388607
136.2402,-8388608
136.2443,-8388608
136.2485,1220763
136.2525,8388607
136.2566,8388607
136.2607,-8388608
136.2648,-8388608
136.2688,14486
136.2730,8388607
136.2770,8388607
136.2812,-8388608
136.2852,-8388608
136.2894,-426533
136.2934,8388607
136.2975,8388607
136.3016,-8388608
136.3058,-8388608
136.3100,-1514925
136.3141,8388607
136.3141,8388607
136.3181,-8388608
136.3221,-8388608
136.3263,-2779813
136.3303,8388607
136.3345,8388607
136.3386,-8388608
136.3427,-8388608
136.3467,-3765249
136.3509,8388607
136.3550,8388607
136.3597,-8388608
136.3650,-8388608
136.3672,-5088969
136.3712,8388607
136.3754,8388607
136.3794,-8388608
136.3836,-8388608
136.3877,-6309733
136.3917,8388607
136.3958,8388607
136.3999,-7618744
136.4040,-8388608
136.4081,-7589329
136.4122,8388607
136.4163,8388607
136.4204,-6309732
136.4248,-8388608
136.4289,-8388608
136.4328,8388607
136.4370,8388607
136.4410,-5206632
136.4410,-8388608
136.4450,-8388608
136.4491,8388607
136.4532,8388607
136.4573,-4015284
136.4615,-8388608
136.4656,-8388608
136.4697,8388607
136.4737,8388607
136.4778,-2676856
136.4819,-8388608
136.4859,-8388608
136.4900,8388607
136.4941,8388607
136.4982,-1573756
136.5025,-8388608
136.5065,-8388608
136.5105,8388607
136.5146,8388607
136.5187,-316200
136.5228,-8388608
136.5269,-8388608
136.5310,8388607
136.5351,8388607
136.5392,161787
136.5433,-8388608
136.5474,-8388608
136.5515,8388607
136.5556,8388607
136.5597,1103099
136.5639,-8388608
136.5678,-8388608
136.5679,8388607
136.5720,8388607
136.5760,2470943
136.5802,-8388608
136.5842,-8388608
136.5884,8388607
136.5924,8388607
136.5965,3824079
136.6006,-8388608
136.6047,-8388608
136.6088,8388607
136.6129,8388607
136.6170,4897763
136.6211,-8388608
136.6252,-8388608
136.6295,8030567
136.6334,8388607
136.6375,6147943
136.6416,-8388608
136.6457,-8388608
136.6498,6898051
136.6539,8388607
136.6581,7368707
136.6621,-8388608
136.6662,-8388608
136.6703,5589039
136.6744,8388607
136.6784,8388607
136.6828,-8388608
136.6870,-8388608
136.6909,4500647
136.6950,8388607
136.6990,8388607
136.6991,-8388608
136.7032,-8388608
136.7072,3235759
136.7113,8388607
136.7155,8388607
136.7195,-8388608
136.7236,-8388608
136.7277,2059119
136.7318,8388607
136.7359,8388607
136.7400,-8388608
136.7442,-8388608
136.7482,774499
136.7522,8388607
136.7564,8388607
136.7605,-8388608
136.7646,-8388608
136.7686,-58833
136.7727,8388607
136.7768,8388607
136.7809,-8388608
136.7851,-8388608
136.7891,-720693
136.7933,8388607
136.7973,8388607
136.8015,-8388608
136.8055,-8388608
136.8098,-1941457
136.8137,8388607
136.8179,8388607
136.8221,-8388608
136.8261,-8388608
136.8262,-3103389
136.8300,8388607
136.8342,8388607
136.8382,-8388608
136.8424,-8388608
136.8465,-4309445
136.8506,8388607
136.8546,8388607
136.8588,-8388608
136.8628,-8388608
136.8670,-5544917
136.8710,8388607
136.8751,8388607
136.8792,-8251188
136.8833,-8388608
136.8875,-6868637
136.8914,8388607
136.8956,8388607
136.8997,-7030424
136.9038,-8388608
136.9079,-7986445
136.9120,8388607
136.9161,8388607
136.9201,-5794952
136.9243,-8388608
136.9284,-8388608
136.9325,8388607
136.9365,8388607
136.9409,-4662436
136.9449,-8388608
136.9490,-8388608
136.9531,8388607
136.9532,8388607
136.9571,-3382840
136.9612,-8388608
136.9652,-8388608
136.9693,8388607
136.9735,8388607
136.9775,-2000288
136.9816,-8388608
136.9858,-8388608
136.9898,8388607
136.9939,8388607
136.9980,-995051
137.0021,-8388608
137.0062,-8388608
137.0103,8388607
137.0143,8388607
137.0185,-27770
137.0226,-8388608
137.0267,-8388608
137.0308,8388607
137.0348,8388607
137.0390,514779
137.0431,-8388608
137.0471,-8388608
137.0513,8388607
137.0554,8388607
137.0595,1764959
137.0636,-8388608
137.0678,-8388608
137.0718,8388607
137.0759,8388607
137.0799,2956307
137.0800,-8388608
137.0841,-8388608
137.0881,8388607
137.0922,8388607
137.0962,4147655
137.1005,-8388608
137.1045,-8388608
137.1086,8388607
137.1126,8388607
137.1167,5441959
137.1209,-8388608
137.1250,-8388608
137.1291,7604035
137.1332,8388607
137.1373,6692139
137.1413,-8388608
137.1454,-8388608
137.1495,6397979
137.1537,8388607
137.1578,7883487
137.1619,-8388608
137.1659,-8388608
137.1701,5118383
137.1741,8388607
137.1782,8388607
137.1823,-8388608
137.1865,-8388608
137.1905,3750539
137.1947,8388607
137.1988,8388607
137.2027,-8388608
137.2068,-8388608
137.2069,2779811
137.2109,8388607
137.2150,8388607
137.2191,-8388608
137.2233,-8388608
137.2276,1514923
137.2316,8388607
137.2355,8388607
137.2396,-8388608
137.2437,-8388608
137.2478,410974
137.2520,8388607
137.2560,8388607
137.2601,-8388608
137.2643,-8388608
137.2682,-58833
137.2724,8388607
137.2764,8388607
137.2808,-8388608
137.2847,-8388608
137.2888,-1235473
137.2931,8388607
137.2970,8388607
137.3011,-8388608
137.3052,-8388608
137.3095,-2250325
137.3135,8388607
137.3175,8388607
137.3219,-8388608
137.3273,-8388608
137.3297,-3441673
137.3339,8388607
137.3340,8388607
137.3389,-8388608
137.3420,-8388608
137.3461,-4780101
137.3514,8388607
137.3545,8388607
137.3584,-8388608
137.3625,-8388608
137.3667,-5942033
137.3711,8388607
137.3749,8388607
137.3789,-8015860
137.3842,-8388608
137.3876,-7030425
137.3912,8388607
137.3955,8388607
137.4008,-6706848
137.4036,-8388608
137.4077,-8236481
137.4117,8388607
137.4171,8388607
137.4203,-5574332
137.4240,-8388608
137.4281,-8388608
137.4322,8388607
137.4367,8388607
137.4403,-4250612
137.4445,-8388608
137.4500,-8388608
137.4530,8388607
137.4568,8388607
137.4609,-3118096
137.4610,-8388608
137.4650,-8388608
137.4694,8388607
137.4730,8388607
137.4771,-1867916
137.4814,-8388608
137.4862,-8388608
137.4901,8388607
137.4937,8388607
137.4977,-682136
137.5021,-8388608
137.5066,-8388608
137.5099,8388607
137.5140,8388607
137.5183,58831
137.5228,-8388608
137.5263,-8388608
137.5304,8388607
137.5353,8388607
137.5390,764815
137.5427,-8388608
137.5468,-8388608
137.5516,8388607
137.5555,8388607
137.5591,2073827
137.5631,-8388608
137.5680,-8388608
137.5718,8388607
137.5754,8388607
137.5796,3250467
137.5844,-8388608
137.5879,-8388608
137.5919,8388607
137.5920,8388607
137.5959,4544771
137.6010,-8388608
137.6043,-8388608
137.6084,8388607
137.6124,8388607
137.6173,5677287
137.6217,-8388608
137.6247,-8388608
137.6288,7412831
137.6335,8388607
137.6370,6898051
137.6410,-8388608
137.6451,-8388608
137.6502,6059695
137.6538,8388607
137.6574,8104107
137.6615,-8388608
137.6675,-8388608
137.6703,4824223
137.6737,8388607
137.6778,8388607
137.6823,-8388608
137.6865,-8388608
137.6901,3559335
137.6942,8388607
137.6985,8388607
137.7032,-8388608
137.7067,-8388608
137.7107,2515067
137.7148,8388607
137.7189,8388607
137.7190,-8388608
137.7229,-8388608
137.7270,1470799
137.7311,8388607
137.7358,8388607
137.7394,-8388608
137.7434,-8388608
137.7475,215838
137.7521,8388607
137.7558,8388607
137.7598,-8388608
137.7639,-8388608
137.7686,-176497
137.7723,8388607
137.7766,8388607
137.7803,-8388608
137.7859,-8388608
137.7885,-1235473
137.7925,8388607
137.7969,8388607
137.8012,-8388608
137.8048,-8388608
137.8090,-2397405
137.8130,8388607
137.8177,8388607
137.8214,-8388608
137.8255,-8388608
137.8295,-3515213
137.8345,8388607
137.8380,8388607
137.8417,-8388608
137.8459,-8388608
137.8460,-5059553
137.8512,8388607
137.8541,8388607
137.8581,-8388608
137.8622,-8388608
137.8677,-6486229
137.8708,8388607
137.8746,8388607
137.8785,-7427540
137.8827,-8388608
137.8870,-7383417
137.8911,8388607
137.8949,8388607
137.9006,-6059696
137.9035,-8388608
137.9072,-8388608
137.9114,8388607
137.9171,8388607
137.9206,-4912472
137.9237,-8388608
137.9277,-8388608
137.9342,8388607
137.9362,8388607
137.9400,-3677000
137.9441,-8388608
137.9482,-8388608
137.9528,8388607
137.9570,8388607
137.9606,-2456236
137.9648,-8388608
137.9687,-8388608
137.9728,8388607
137.9729,8388607
137.9769,-1382552
137.9810,-8388608
137.9857,-8388608
137.9893,8388607
137.9933,8388607
137.9974,-218180
138.0020,-8388608
138.0055,-8388608
138.0096,8388607
138.0138,8388607
138.0196,220619
138.0219,-8388608
138.0260,-8388608
138.0302,8388607
138.0353,8388607
138.0385,1367843
138.0425,-8388608
138.0465,-8388608
138.0507,8388607
138.0549,8388607
138.0588,2720979
138.0629,-8388608
138.0675,-8388608
138.0713,8388607
138.0753,8388607
138.0793,3868203
138.0841,-8388608
138.0876,-8388608
138.0917,8388607
138.0957,8388607
138.1005,4868347
138.1011,-8388608
138.1042,-8388608
138.1079,8324727
138.1120,8388607
138.1176,6265607
138.1206,-8388608
138.1243,-8388608
138.1284,7103963
138.1343,8388607
138.1369,7530495
138.1407,-8388608
138.1448,-8388608
138.1500,5897907
138.1538,8388607
138.1571,8388607
138.1612,-8388608
138.1673,-8388608
138.1698,4735975
138.1735,8388607
138.1776,8388607
138.1837,-8388608
138.1861,-8388608
138.1899,3588751
138.1939,8388607
138.1981,8388607
138.2031,-8388608
138.2065,-8388608
138.2103,2353279
138.2145,8388607
138.2186,8388607
138.2229,-8388608
138.2270,-8388608
138.2271,1220763
138.2309,8388607
138.2349,8388607
138.2393,-8388608
138.2435,-8388608
138.2473,145954
138.2523,8388607
138.2559,8388607
138.2595,-8388608
138.2636,-8388608
138.2679,-279453
138.2718,8388607
138.2758,8388607
138.2800,-8388608
138.2847,-8388608
138.2882,-1441385
138.2922,8388607
138.2964,8388607
138.3025,-8388608
138.3048,-8388608
138.3087,-2809229
138.3127,8388607
138.3171,8388607
138.3210,3515211
138.3250,8388607
138.3291,3809371
138.3334,-8388608
138.3374,-8388608
138.3418,8388607
138.3455,8388607
138.3501,4868347
138.3537,-8388608
138.3578,-8388608
138.3579,7530495
138.3618,8388607
138.3666,5706703
138.3705,-8388608
138.3743,-8388608
138.3782,6250899
138.3838,8388607
138.3872,6971591
138.3905,-8388608
138.3946,-8388608
138.3998,4971303
138.4030,8388607
138.4069,8295311
138.4111,-8388608
138.4168,-8388608
138.4197,3941743
138.4234,8388607
138.4276,8388607
138.4335,-8388608
138.4362,-8388608
138.4398,3000431
138.4438,8388607
138.4495,8388607
138.4527,-8388608
138.4572,-8388608
138.4603,1927071
138.4644,8388607
138.4689,8388607
138.4727,-8388608
138.4767,-8388608
138.4807,1030877
138.4847,8388607
138.4848,8388607
138.4888,-8388608
138.4930,-8388608
138.4971,164698
138.5015,8388607
138.5058,8388607
138.5094,-8388608
138.5135,-8388608
138.5179,-750997
138.5216,8388607
138.5257,8388607
138.5299,-8388608
138.5339,-8388608
138.5386,-1489403
138.5420,8388607
138.5462,8388607
138.5509,-8388608
138.5547,-8388608
138.5585,-2577074
138.5625,8388607
138.5667,8388607
138.5710,-8388608
138.5749,-8388608
138.5789,-3865970
138.5838,8388607
138.5873,8388607
138.5913,-8388608
138.5954,-8388608
138.6001,-4883057
138.6036,8388607
138.6077,8388607
138.6117,-8310020
138.6118,-8388608
138.6173,-6089113
138.6199,8388607
138.6240,8388607
138.6281,-6898052
138.6345,-8388608
138.6363,-7001009
138.6405,8388607
138.6445,8388607
138.6486,-5765536
138.6530,-8388608
138.6568,-8388608
138.6608,8388607
138.6669,8388607
138.6696,-4485940
138.6732,-8388608
138.6772,-8388608
138.6831,8388607
138.6862,8388607
138.6895,-3162220
138.6936,-8388608
138.6994,-8388608
138.7027,8388607
138.7059,8388607
138.7100,-1897332
138.7141,-8388608
138.7187,-8388608
138.7223,8388607
138.7264,8388607
138.7306,-764679
138.7349,-8388608
138.7388,-8388608
138.7389,8388607
138.7432,8388607
138.7470,20996
138.7512,-8388608
138.7552,-8388608
138.7592,8388607
138.7634,8388607
138.7686,853063
138.7715,-8388608
138.7755,-8388608
138.7797,8388607
138.7849,8388607
138.7878,2014995
138.7919,-8388608
138.7961,-8388608
138.8004,8388607
138.8044,8388607
138.8083,3309299
138.8124,-8388608
138.8171,-8388608
138.8210,8388607
138.8247,8388607
138.8288,4397691
138.8329,-8388608
138.8377,-8388608
138.8411,8388607
138.8452,8388607
138.8502,5750827
138.8536,-8388608
138.8576,-8388608
138.8617,7795239
138.8663,8388607
138.8668,6956883
138.8701,-8388608
138.8739,-8388608
138.8779,6633307
138.8837,8388607
138.8870,8133523
138.8903,-8388608
138.8945,-8388608
138.9006,5530207
138.9029,8388607
138.9067,8388607
138.9108,-8388608
138.9164,-8388608
138.9201,4280027
138.9233,8388607
138.9271,8388607
138.9317,-8388608
138.9363,-8388608
138.9399,3059263
138.9436,8388607
138.9478,8388607
138.9531,-8388608
138.9558,-8388608
138.9598,1946745
138.9641,8388607
138.9688,8388607
138.9723,-8388608
138.9764,-8388608
138.9804,901748
138.9846,8388607
138.9887,8388607
138.9927,-8388608
138.9928,-8388608
138.9967,81259
139.0021,8388607
139.0054,8388607
139.0091,-8388608
139.0131,-8388608
139.0172,-1222644
139.0220,8388607
139.0254,8388607
139.0295,-8388608
139.0336,-8388608
139.0378,-2303532
139.0418,8388607
139.0459,8388607
139.0507,-8388608
139.0547,-8388608
139.0582,-3426965
139.0622,8388607
139.0665,8388607
139.0708,-8388608
139.0745,-8388608
139.0786,-4633021
139.0832,8388607
139.0868,8388607
139.0909,-8388608
139.0950,-8388608
139.0999,-5927325
139.1036,8388607
139.1074,8388607
139.1115,-7354000
139.1159,-8388608
139.1197,-7030425
139.1198,8388607
139.1237,8388607
139.1278,-6206776
139.1334,-8388608
139.1363,-8266257
139.1401,8388607
139.1442,8388607
139.1496,-4941888
139.1531,-8388608
139.1565,-8388608
139.1606,8388607
139.1660,8388607
139.1691,-3779956
139.1729,-8388608
139.1769,-8388608
139.1810,8388607
139.1856,8388607
139.1892,-2500360
139.1934,-8388608
139.1976,-8388608
139.2023,8388607
139.2057,8388607
139.2098,-1276225
139.2138,-8388608
139.2187,-8388608
139.2221,8388607
139.2261,8388607
139.2302,-270999
139.2345,-8388608
139.2385,-8388608
139.2425,8388607
139.2469,8388607
139.2470,250035
139.2514,-8388608
139.2548,-8388608
139.2588,8388607
139.2631,8388607
139.2671,1323719
139.2722,-8388608
139.2753,-8388608
139.2794,8388607
139.2837,8388607
139.2876,2559191
139.2916,-8388608
139.2958,-8388608
139.3011,8388607
139.3042,8388607
139.3080,3691707
139.3121,-8388608
139.3172,-8388608
139.3210,8388607
139.3244,8388607
139.3285,4824223
139.3340,-8388608
139.3374,-8388608
139.3409,8388607
139.3449,8388607
139.3497,6015571
139.3531,-8388608
139.3571,-8388608
139.3612,7398123
139.3659,8388607
139.3695,7236335
139.3737,-8388608
139.3776,-8388608
139.3777,6912759
139.3835,8388607
139.3861,8388607
139.3899,-8388608
139.3940,-8388608
139.4015,5956739
139.4022,8388607
139.4063,8388607
139.4104,-8388608
139.4168,-8388608
139.4191,4912471
139.4227,8388607
139.4268,8388607
139.4331,-8388608
139.4353,-8388608
139.4391,3824079
139.4432,8388607
139.4484,8388607
139.4521,-8388608
139.4555,-8388608
139.4595,2729950
139.4649,8388607
139.4683,8388607
139.4719,-8388608
139.4759,-8388608
139.4820,1341715
139.4844,8388607
139.4882,8388607
139.4925,-8388608
139.4967,-8388608
139.5006,463664
139.5046,8388607
139.5047,8388607
139.5087,-8388608
139.5129,-8388608
139.5171,-621566
139.5210,8388607
139.5251,8388607
139.5292,-8388608
139.5342,-8388608
139.5375,-1456185
139.5415,8388607
139.5456,8388607
139.5501,-8388608
139.5540,-8388608
139.5579,-2626482
139.5619,8388607
139.5673,8388607
139.5707,-8388608
139.5744,-8388608
139.5785,-3608377
139.5844,8388607
139.5867,8388607
139.5909,-8388608
139.5947,-8388608
139.5998,-4664281
139.6038,8388607
139.6071,8388607
139.6111,-7618744
139.6161,-8388608
139.6194,-5618457
139.6235,8388607
139.6278,8388607
139.6327,-6397980
139.6331,-8388608
139.6368,-6723379
139.6398,8388607
139.6439,8388607
139.6493,-5589040
139.6526,-8388608
139.6562,-6644011
139.6603,8388607
139.6657,8388607
139.6686,-4250612
139.6726,-8388608
139.6766,-8101701
139.6824,8388607
139.6856,8388607
139.6889,-3353424
139.6930,-8388608
139.6972,-8277984
139.7016,8388607
139.7054,8388607
139.7094,-2029704
139.7136,-8388608
139.7180,-8388608
139.7217,8388607
139.7258,8388607
139.7299,-1425728
139.7354,-8388608
139.7381,-7782793
139.7422,8388607
139.7463,8388607
139.7504,-790251
139.7548,-8388608
139.7589,-8388608
139.7589,8388607
139.7627,8388607
139.7676,11197
139.7710,-8388608
139.7749,-8388608
139.7791,8388607
139.7836,8388607
139.7881,1080922
139.7914,-8388608
139.7956,-8388608
139.8006,8388607
139.8043,8388607
139.8077,2099279
139.8118,-8388608
139.8166,-8388608
139.8200,8388607
139.8241,8388607
139.8282,2838643
139.8329,-8388608
139.8364,-8388608
139.8405,8388607
139.8446,8388607
139.8490,4338859
139.8530,-8388608
139.8569,-8388608
139.8609,8388607
139.8659,8388607
139.8697,5559623
139.8734,-8388608
139.8775,-8388608
139.8829,8388607
139.8856,8388607
139.8857,5839075
139.8896,-8388608
139.8937,-8388608
139.8979,8388607
139.9021,8388607
139.9060,7221627
139.9101,-8388608
139.9160,-8388608
139.9188,8089399
139.9224,8388607
139.9265,8383664
139.9321,-8388608
139.9352,-8388608
139.9388,7633451
139.9429,8388607
139.9490,8388607
139.9514,-8388608
139.9554,-8388608
139.9593,5927323
139.9634,8388607
139.9680,8388607
139.9716,-8388608
139.9756,-8388608
139.9797,4588196
139.9841,8388607
139.9880,8388607
139.9921,-8388608
139.9963,-8388608
140.0004,4076769
140.0045,8388607
140.0086,8388607
140.0125,-8388608
140.0166,-8388608
140.0169,2590040
140.0207,8388607
140.0248,8388607
140.0289,-8388608
140.0331,-8388608
140.0371,1716739
140.0412,8388607
140.0454,8388607
140.0510,-8388608
140.0535,-8388608
140.0575,88105
140.0616,8388607
140.0662,8388607
140.0698,-8388608
140.0740,-8388608
140.0780,522118
140.0826,8388607
140.0867,8388607
140.0905,-8388608
140.0945,-8388608
140.0991,-117147
140.1032,8388607
140.1068,8388607
140.1108,-8388608
140.1157,-8388608
140.1193,-947943
140.1231,8388607
140.1272,8388607
140.1321,-8388608
140.1355,-8388608
140.1396,-1893523
140.1437,8388607
140.1438,8388607
140.1503,-8162940
140.1521,-8388608
140.1559,-2940296
140.1599,8388607
140.1652,8388607
140.1683,-7221628
140.1722,-8388608
140.1764,-3783495
140.1818,8388607
140.1848,8388607
140.1889,-6147944
140.1929,-8388608
140.1992,-4477749
140.2012,8388607
140.2055,8388607
140.2091,-5309588
140.2132,-8388608
140.2175,-3950753
140.2214,8388607
140.2255,8388607
140.2296,-4206488
140.2349,-8388608
140.2378,-4740956
140.2419,8388607
140.2460,8388607
140.2507,-3155817
140.2542,-8388608
140.2583,-5430037
140.2626,8388607
140.2666,8388607
140.2705,-2227191
140.2706,-8388608
140.2747,-6357811
140.2787,8388607
140.2838,8388607
140.2869,-1231451
140.2910,-8388608
140.2951,-7171575
140.3001,8388607
140.3039,8388607
140.3074,-116734
140.3115,-8388608
140.3159,-7884545
140.3204,8388607
140.3238,8388607
140.3278,823912
140.3325,-8388608
140.3372,-8388608
140.3402,8388607
140.3442,8388607
140.3485,1866442
140.3527,-8388608
140.3567,-8388608
140.3606,8388607
140.3658,8388607
140.3696,2736324
140.3730,-8388608
140.3770,-8388608
140.3832,8388607
140.3855,8388607
140.3895,3765247
140.3936,-8388608
140.3981,-8388608
140.3982,8388607
140.4024,8388607
140.4057,4853639
140.4098,-8388608
140.4158,-8388608
140.4185,8388607
140.4221,8388607
140.4262,6110439
140.4304,-8388608
140.4352,-8388608
140.4385,8388607
140.4426,8388607
140.4489,7198260
140.4510,-8388608
140.4549,-8388608
140.4589,8388607
140.4649,8388607
140.4680,8026680
140.4713,-8388608
140.4754,-8388608
140.4794,8339435
140.4847,8388607
140.4877,8388607
140.4917,-8388608
140.4959,-8388608
140.5006,7777513
140.5050,8388607
140.5081,8388607
140.5124,-8388608
140.5166,-8388608
140.5205,7259957
140.5245,8388607
140.5246,8388607
140.5286,-8388608
140.5328,-8388608
140.5370,6218251
140.5409,8388607
140.5452,8388607
140.5493,-8388608
140.5543,-8388608
140.5572,5432567
140.5614,8388607
140.5662,8388607
140.5699,-8388608
140.5737,-8388608
140.5777,4326741
140.5827,8388607
140.5859,8388607
140.5900,-8388608
140.5941,-8388608
140.5991,3224022
140.6025,8388607
140.6066,8388607
140.6105,-8388608
140.6151,-8388608
140.6196,2266871
140.6228,8388607
140.6269,8388607
140.6328,-8388608
140.6353,-8388608
140.6395,1224082
140.6434,8388607
140.6480,8388607
140.6516,-8388608
140.6556,-8388608
140.6557,210489
140.6597,8388607
140.6651,8388607
140.6684,-8339436
140.6720,-8388608
140.6761,-1073894
140.6815,8388607
140.6847,8388607
140.6884,-7501080
140.6924,-8388608
140.6968,-1967298
140.7012,8388607
140.7051,8388607
140.7088,-6515644
140.7129,-8388608
140.7175,-2932135
140.7212,8388607
140.7252,8388607
140.7293,-5427252
140.7340,-8388608
140.7375,-3790252
140.7416,8388607
140.7457,8388607
140.7507,-4371694
140.7544,-8388608
140.7579,-4623578
140.7621,8388607
140.7667,8388607
140.7704,-3342798
140.7744,-8388608
140.7785,-5496388
140.7827,8388607
140.7834,8388607
140.7866,-2409618
140.7907,-8388608
140.7949,-6438711
140.7990,8388607
140.8032,8388607
140.8071,-1424028
140.8113,-8388608
140.8158,-7273125
140.8197,8388607
140.8235,8388607
140.8276,-524278
140.8322,-8388608
140.8367,-8049966
140.8399,8388607
140.8440,8388607
140.8481,485049
140.8527,-8388608
140.8562,-8388608
140.8604,8388607
140.8659,8388607
140.8689,1432538
140.8728,-8388608
140.8768,-8388608
140.8814,8388607
140.8862,8388607
140.8891,2294447
140.8933,-8388608
140.8983,-8388608
140.9014,8388607
140.9057,8388607
140.9096,3191635
140.9097,-8388608
140.9158,-8388608
140.9185,8388607
140.9218,8388607
140.9259,4338859
140.9315,-8388608
140.9345,-8388608
140.9383,8388607
140.9423,8388607
140.9489,5475687
140.9508,-8388608
140.9546,-8388608
140.9586,8388607
140.9631,8388607
140.9673,6631016
140.9720,-8388608
140.9751,-8388608
140.9791,8388607
140.9837,8388607
140.9877,7565772
140.9914,-8388608
140.9956,-8388608
141.0002,8388607
141.0038,8388607
141.0079,8388607
141.0120,-8388608
141.0164,-8388608
141.0205,8388607
141.0242,8388607
141.0285,8388607
141.0330,-8388608
141.0366,-8388608
141.0367,8162939
141.0406,8388607
141.0448,8388607
141.0496,-8388608
141.0530,-8388608
141.0570,7486371
141.0610,8388607
141.0656,8388607
141.0698,-8388608
141.0734,-8388608
141.0774,6580335
141.0819,8388607
141.0860,8388607
141.0899,-8388608
141.0939,-8388608
141.0995,5433299
141.1026,8388607
141.1061,8388607
141.1102,-8388608
141.1152,-8388608
141.1184,4435788
141.1225,8388607
141.1266,8388607
141.1317,-8388608
141.1348,-8388608
141.1389,3286921
141.1430,8388607
141.1481,8388607
141.1513,-8388608
141.1553,-8388608
141.1595,2369211
141.1643,8388607
141.1652,8388607
141.1675,-8388608
141.1716,-8388608
141.1757,1191983
141.1812,8388607
141.1842,8388607
141.1880,-8388608
141.1921,-8388608
141.1986,190365
141.2007,8388607
141.2044,8388607
141.2085,-8388608
141.2127,-8388608
141.2175,-956060
141.2208,8388607
141.2249,8388607
141.2290,-7501080
141.2334,-8388608
141.2372,-1909320
141.2413,8388607
141.2454,8388607
141.2499,-6280316
141.2536,-8388608
141.2576,-3005478
141.2618,8388607
141.2666,8388607
141.2701,-5147800
141.2742,-8388608
141.2782,-4284177
141.2827,8388607
141.2865,8388607
141.2905,-3816531
141.2906,-8388608
141.2948,-5178409
141.2997,8388607
141.3030,8388607
141.3068,-2739772
141.3109,-8388608
141.3157,-6248859
141.3190,8388607
141.3232,8388607
141.3274,-1670255
141.3327,-8388608
141.3362,-7214441
141.3396,8388607
141.3437,8388607
141.3487,-658631
141.3526,-8388608
141.3559,-8117347
141.3600,8388607
141.3651,8388607
141.3691,382837
141.3725,-8388608
141.3766,-8388608
141.3806,8388607
141.3857,8388607
141.3888,1478625
141.3929,-8388608
141.3986,-8388608
141.4018,8388607
141.4051,8388607
141.4092,2456235
141.4154,-8388608
141.4178,-8388608
141.4215,8388607
141.4216,8388607
141.4256,3500503
141.4327,-8388608
141.4339,-8388608
141.4379,8388607
141.4420,8388607
141.4469,4750683
141.4503,-8388608
141.4547,-8388608
141.4584,8388607
141.4625,8388607
141.4668,5833278
141.4712,-8388608
141.4748,-8388608
141.4788,8388607
141.4839,8388607
141.4872,7006741
141.4911,-8388608
141.4953,-8388608
141.4995,8388607
141.5035,8388607
141.5075,8093261
141.5116,-8388608
141.5163,-8388608
141.5199,8388607
141.5240,8388607
141.5280,8388607
141.5322,-8388608
141.5363,-8388608
141.5406,8388607
141.5445,8388607
141.5484,8388607
141.5487,-8388608
141.5529,-8388608
141.5566,7736407
141.5607,8388607
141.5654,8388607
141.5690,-8388608
141.5731,-8388608
141.5771,6450674
141.5821,8388607
141.5854,8388607
141.5894,-8388608
141.5935,-8388608
141.5990,5265284
141.6023,8388607
141.6058,8388607
141.6099,-8388608
141.6151,-8388608
141.6189,3983900
141.6225,8388607
141.6263,8388607
141.6315,-8388608
141.6352,-8388608
141.6385,3126433
141.6427,8388607
141.6475,8388607
141.6515,-8388608
141.6550,-8388608
141.6590,2034601
141.6650,8388607
141.6675,8388607
141.6715,-8388608
141.6754,-8388608
141.6755,640836
141.6795,8388607
141.6846,8388607
141.6878,-8388608
141.6919,-8388608
141.6981,-694744
141.7001,8388607
141.7043,8388607
141.7082,-7942320
141.7126,-8388608
141.7177,-1930119
141.7205,8388607
141.7245,8388607
141.7287,-6956884
141.7332,-8388608
141.7369,-2947976
141.7410,8388607
141.7451,8388607
141.7498,-5721412
141.7532,-8388608
141.7574,-3992547
141.7615,8388607
141.7656,8388607
141.7706,-4411510
141.7737,-8388608
141.7781,-5232633
141.7823,8388607
141.7863,8388607
141.7903,-2898555
141.7943,-8388608
141.7987,-6283770
141.8024,8388607
141.8025,8388607
141.8065,-1802342
141.8106,-8388608
141.8157,-7346606
141.8196,8388607
141.8229,8388607
141.8270,-508380
141.8315,-8388608
141.8357,-8180575
141.8393,8388607
141.8433,8388607
141.8477,613493
141.8532,-8388608
141.8556,-8388608
141.8597,8388607
141.8645,8388607
141.8691,1754708
141.8721,-8388608
141.8763,-8388608
141.8807,8388607
141.8847,8388607
141.8886,2941599
141.8925,-8388608
141.8985,-8388608
141.9010,8388607
141.9048,8388607
141.9089,4206487
141.9143,-8388608
141.9177,-8388608
141.9214,8388607
141.9255,8388607
141.9295,5481193
141.9310,-8388608
141.9341,-8388608
141.9377,8388607
141.9417,8388607
141.9475,6712640
141.9500,-8388608
141.9543,-8388608
141.9580,8388607
141.9622,8388607
141.9670,7764660
141.9713,-8388608
141.9746,-8388608
141.9785,8310019
141.9828,8388607
141.9868,8388607
141.9908,-8388608
141.9949,-8388608
142.0004,7623074
142.0038,8388607
142.0072,8388607
142.0114,-8388608
142.0165,-8388608
142.0200,6944259
142.0237,8388607
142.0277,8388607
142.0322,-8388608
142.0364,-8388608
142.0401,6077105
142.0441,8388607
142.0489,8388607
142.0523,-8388608
142.0564,-8388608
142.0565,5018864
142.0604,8388607
142.0652,8388607
142.0689,-8388608
142.0732,-8388608
142.0768,3724996
142.0828,8388607
142.0858,8388607
142.0893,-8388608
142.0933,-8388608
142.0975,2422676
142.1018,8388607
142.1055,8388607
142.1096,-8388608
142.1150,-8388608
142.1181,1117158
142.1219,8388607
142.1260,8388607
142.1319,-8388608
142.1344,-8388608
142.1383,-263654
142.1423,8388607
142.1480,8388607
142.1517,-8388608
142.1549,-8388608
142.1587,-1533387
142.1656,8388607
142.1670,8388607
142.1712,-7530496
142.1753,-8388608
142.1806,-2663618
142.1834,8388607
142.1834,8388607
142.1874,-6427396
142.1915,-8388608
142.1971,-3977935
142.1999,8388607
142.2038,8388607
142.2079,-5133092
142.2123,-8388608
142.2162,-4983491
142.2202,8388607
142.2242,8388607
142.2284,-3739767
142.2335,-8388608
142.2371,-5830489
142.2407,8388607
142.2448,8388607
142.2496,-2642947
142.2534,-8388608
142.2571,-7000164
142.2612,8388607
142.2657,8388607
142.2694,-816555
142.2735,-8388608
142.2776,-8388608
142.2826,8388607
142.2860,8388607
142.2899,584866
142.2939,-8388608
142.2985,-8388608
142.3025,8388607
142.3063,8388607
142.3103,3162219
142.3145,-8388608
142.3148,-8388608
142.3198,8388607
142.3227,8388607
142.3267,4500647
142.3319,-8388608
142.3350,-8388608
142.3397,8388607
142.3430,8388607
142.3477,5750827
142.3516,-8388608
142.3554,-8388608
142.3594,7986443
142.3638,8388607
142.3687,6942175
142.3718,-8388608
142.3758,-8388608
142.3805,7221627
142.3846,8388607
142.3881,8162939
142.3922,-8388608
142.3972,-8388608
142.4007,6265607
142.4045,8388607
142.4086,8388607
142.4143,-8388608
142.4172,-8388608
142.4209,5103675
142.4250,8388607
142.4325,8388607
142.4332,-8388608
142.4374,-8388608
142.4415,4020699
142.4416,8388607
142.4471,8388607
142.4499,-8388608
142.4537,-8388608
142.4577,2938810
142.4619,8388607
142.4660,8388607
142.4706,-8388608
142.4744,-8388608
142.4782,2079720
142.4824,8388607
142.4869,8388607
142.4905,-8388608
142.4946,-8388608
142.4987,1155524
142.5029,8388607
142.5069,8388607
142.5111,-8388608
142.5158,-8388608
142.5192,178854
142.5233,8388607
142.5274,8388607
142.5325,-8388608
142.5362,-8388608
142.5397,-812721
142.5438,8388607
142.5482,8388607
142.5521,-8388608
142.5561,-8388608
142.5604,-1804981
142.5647,8388607
142.5685,8388607
142.5686,-8388608
142.5724,-8388608
142.5765,-2964205
142.5818,8388607
142.5847,8388607
142.5888,-8388608
142.5929,-8388608
142.5972,-4117813
142.6017,8388607
142.6052,8388607
142.6094,-7721700
142.6143,-8388608
142.6179,-5191997
142.6216,8388607
142.6256,8388607
142.6312,-6559768
142.6350,-8388608
142.6381,-6148058
142.6421,8388607
142.6471,8388607
142.6511,-5412544
142.6544,-8388608
142.6584,-7047057
142.6639,8388607
142.6672,8388607
142.6708,-4147656
142.6749,-8388608
142.6790,-7852040
142.6838,8388607
142.6872,8388607
142.6913,-3221052
142.6973,-8388608
142.6979,-8147555
142.6997,8388607
142.7036,8388607
142.7076,-1573756
142.7118,-8388608
142.7160,-8388608
142.7199,8388607
142.7240,8388607
142.7281,-734929
142.7323,-8388608
142.7368,-8388608
142.7404,8388607
142.7445,8388607
142.7491,-619514
142.7528,-8388608
142.7567,-8388608
142.7609,8388607
142.7661,8388607
142.7694,366562
142.7731,-8388608
142.7773,-8388608
142.7819,8388607
142.7858,8388607
142.7895,1398912
142.7939,-8388608
142.7983,-8388608
142.8022,8388607
142.8060,8388607
142.8100,3162219
142.8153,-8388608
142.8184,-8388608
142.8224,8388607
142.8225,8388607
142.8263,3603459
142.8309,-8388608
142.8347,-8388608
142.8388,8388607
142.8428,8388607
142.8481,5633163
142.8510,-8388608
142.8557,-8388608
142.8591,8388607
142.8644,8388607
142.8676,6853927
142.8718,-8388608
142.8757,-8388608
142.8804,8162939
142.8842,8388607
142.8884,7912903
142.8919,-8388608
142.8972,-8388608
142.9005,7530495
142.9047,8388607
142.9083,8388607
142.9143,-8388608
142.9169,-8388608
142.9211,6736263
142.9247,8388607
142.9308,8388607
142.9339,-8388608
142.9371,-8388608
142.9411,5691995
142.9453,8388607
142.9492,8388607
142.9534,-8388608
142.9535,-8388608
142.9574,4317596
142.9616,8388607
142.9660,8388607
142.9697,-8388608
142.9738,-8388608
142.9779,3288960
142.9826,8388607
142.9864,8388607
142.9903,-8388608
142.9944,-8388608
142.9985,2471280
143.0025,8388607
143.0066,8388607
143.0107,-8388608
143.0160,-8388608
143.0190,1159750
143.0229,8388607
143.0271,8388607
143.0333,-8388608
143.0354,-8388608
143.0393,236523
143.0435,8388607
143.0483,8388607
143.0526,-8388608
143.0557,-8388608
143.0599,-1163990
143.0644,8388607
143.0680,8388607
143.0723,-8388608
143.0764,-8388608
143.0806,-2385315
143.0813,8388607
143.0847,8388607
143.0885,-8324728
143.0926,-8388608
143.0977,-3645492
143.1012,8388607
143.1054,8388607
143.1090,-7736408
143.1147,-8388608
143.1180,-4854180
143.1215,8388607
143.1254,8388607
143.1310,-5794952
143.1336,-8388608
143.1377,-5981530
143.1418,8388607
143.1462,8388607
143.1507,-4971304
143.1544,-8388608
143.1581,-8181730
143.1631,8388607
143.1672,8388607
143.1710,-2838644
143.1745,-8388608
143.1802,-8388608
143.1835,8388607
143.1870,8388607
143.1910,-1496099
143.1967,-8388608
143.1992,-8388608
143.2033,8388607
143.2074,8388607
143.2075,-404820
143.2129,-8388608
143.2165,-8388608
143.2200,8388607
143.2237,8388607
143.2295,750107
143.2319,-8388608
143.2366,-8388608
143.2403,8388607
143.2441,8388607
143.2487,1647295
143.2524,-8388608
143.2569,-8388608
143.2606,8388607
143.2655,8388607
143.2696,3191635
143.2731,-8388608
143.2770,-8388608
143.2812,8388607
143.2860,8388607
143.2897,4427107
143.2934,-8388608
143.2980,-8388608
143.3021,7971735
143.3057,8388607
143.3097,5721411
143.3148,-8388608
143.3180,-8388608
143.3220,6809803
143.3262,8388607
143.3304,6868635
143.3342,-8388608
143.3343,-8388608
143.3384,5397835
143.3424,8388607
143.3469,8236479
143.3506,-8388608
143.3547,-8388608
143.3588,4235903
143.3645,8388607
143.3670,8388607
143.3711,-8388608
143.3752,-8388608
143.3804,2822662
143.3834,8388607
143.3877,8388607
143.3916,-8388608
143.3957,-8388608
143.4002,2091099
143.4039,8388607
143.4080,8388607
143.4138,-8388608
143.4162,-8388608
143.4208,1108937
143.4244,8388607
143.4305,8388607
143.4327,-8388608
143.4367,-8388608
143.4407,-47870
143.4451,8388607
143.4495,8388607
143.4532,-8388608
143.4572,-8388608
143.4612,-1000145
143.4616,8388607
143.4658,8388607
143.4697,-8388608
143.4736,-8388608
143.4776,-2059121
143.4828,8388607
143.4859,8388607
143.4901,-8388608
143.4940,-8388608
143.4986,-2985725
143.5027,8388607
143.5064,8388607
143.5104,-8388608
143.5149,-8388608
143.5188,-3985869
143.5232,8388607
143.5268,8388607
143.5318,-8388608
143.5358,-8388608
143.5392,-4883057
143.5432,8388607
143.5478,8388607
143.5513,-8388608
143.5562,-8388608
143.5598,-6368565
143.5642,8388607
143.5683,8388607
143.5720,-7339292
143.5760,-8388608
143.5803,-7456957
143.5842,8388607
143.5885,8388607
143.5886,-6074404
143.5923,-8388608
143.5978,-8388608
143.6005,8388607
143.6055,8388607
143.6088,-4721268
143.6133,-8388608
143.6170,-8388608
143.6209,8388607
143.6253,8388607
143.6300,-3235760
143.6338,-8388608
143.6383,-8388608
143.6415,8388607
143.6468,8388607
143.6502,-1809084
143.6546,-8388608
143.6578,-8388608
143.6636,8388607
143.6660,8388607
143.6707,-210312
143.6745,-8388608
143.6804,-8388608
143.6826,8388607
143.6865,8388607
143.6906,485363
143.6962,-8388608
143.6990,-8388608
143.7033,8388607
143.7071,8388607
143.7113,2323863
143.7152,-8388608
143.7153,-8388608
143.7192,8251187
143.7233,8388607
143.7275,4515355
143.7319,-8388608
143.7358,-8388608
143.7398,6648015
143.7438,8388607
143.7482,8133523
143.7524,-8388608
143.7562,-5059553
143.7602,-8388608
143.7648,-8388608
143.7686,-3279885
143.7725,8388607
143.7766,8388607
143.7816,-8388608
143.7851,-8388608
143.7889,-4485941
143.7930,8388607
143.7981,8388607
143.8013,-8388608
143.8054,-8388608
143.8094,-5721413
143.8142,8388607
143.8176,8388607
143.8217,-8236480
143.8258,-8388608
143.8300,-6912761
143.8346,8388607
143.8381,8388607
143.8421,-6912760
143.8467,-8388608
143.8477,-8074693
143.8505,8388607
143.8550,8388607
143.8585,7280459
143.8632,8388607
143.8675,8388607
143.8713,-8388608
143.8749,-8388608
143.8807,1475176
143.8835,8388607
143.8883,8388607
143.8915,-8388608
143.8967,-8388608
143.8998,142158
143.9037,8388607
143.9081,8388607
143.9142,-8388608
143.9169,-8388608
143.9201,-924831
143.9241,8388607
143.9293,8388607
143.9326,-8388608
143.9368,-8388608
143.9404,-1764961
143.9468,8388607
143.9488,8388607
143.9527,-8388608
143.9570,-8388608
143.9612,-3338717
143.9651,8388607
143.9692,8388607
143.9735,-8388608
143.9736,-8388608
143.9774,-4868349
143.9819,8388607
143.9859,8388607
143.9896,-8388608
143.9937,-8388608
143.9986,-6078757
144.0024,8388607
144.0060,8388607
144.0102,-8388608
144.0149,-8388608
144.0184,-7291687
144.0223,8388607
144.0265,8388607
144.0312,-7780532
144.0346,-8388608
144.0397,-8367083
144.0430,8388607
144.0473,8388607
144.0513,-6515644
144.0560,-8388608
144.0593,-8388608
144.0641,8388607
144.0676,8388607
144.0718,-4824224
144.0756,-8388608
144.0800,-8388608
144.0844,8388607
144.0885,8388607
144.0921,-4088824
144.0967,-8388608
144.1001,-8388608
144.1002,8388607
144.1043,8388607
144.1084,-6309732
144.1129,-8388608
144.1168,-2326102
144.1208,8388607
144.1249,8388607
144.1301,-5471376
144.1332,-8388608
144.1378,-4126816
144.1411,8388607
144.1467,8388607
144.1496,-4868348
144.1542,-8388608
144.1575,-5324559
144.1634,8388607
144.1658,8388607
144.1703,-3809372
144.1743,-8388608
144.1796,-5412920
144.1822,8388607
144.1863,8388607
144.1908,-2185347
144.1968,-8388608
144.1985,-6039458
144.2027,8388607
144.2067,8388607
144.2125,-989852
144.2149,-8388608
144.2191,-6195342
144.2230,8388607
144.2271,8388607
144.2272,289977
144.2314,-8388608
144.2354,-6706631
144.2400,8388607
144.2436,8388607
144.2481,765049
144.2517,-8388608
144.2561,-6481732
144.2600,8388607
144.2647,8388607
144.2686,2356053
144.2727,-8388608
144.2764,-7158762
144.2814,8388607
144.2849,8388607
144.2886,3113207
144.2929,-8388608
144.2971,-7434044
144.3009,8388607
144.3053,8388607
144.3095,4979519
144.3132,-8388608
144.3182,-8032023
144.3221,7795239
144.3255,8388607
144.3296,5883199
144.3339,-8388608
144.3378,-8388608
144.3418,6824972
144.3463,8388607
144.3502,7368707
144.3541,-8388608
144.3542,-8388608
144.3582,6230193
144.3632,8388607
144.3669,8388607
144.3705,-8388608
144.3746,-8388608
144.3796,5650218
144.3832,8388607
144.3871,8388607
144.3910,-8388608
144.3965,-8388608
144.4000,4816781
144.4033,8388607
144.4073,8388607
144.4132,-8388608
144.4160,-8388608
144.4199,3927594
144.4237,8388607
144.4281,8388607
144.4327,-8388608
144.4360,-8388608
144.4401,3102349
144.4457,8388607
144.4489,8388607
144.4525,-8388608
144.4565,-8388608
144.4607,2475229
144.4651,8388607
144.4688,8388607
144.4731,-8388608
144.4771,-8388608
144.4812,1780870
144.4813,8388607
144.4852,8388607
144.4894,-8388608
144.4934,-8388608
144.4976,691870
144.5018,8388607
144.5057,8388607
144.5098,-8388608
144.5140,-8388608
144.5183,-145423
144.5221,8388607
144.5264,8388607
144.5310,-8388608
144.5346,-8388608
144.5387,-793927
144.5426,8388607
144.5470,8388607
144.5509,-8388608
144.5555,-8388608
144.5589,-1746677
144.5632,8388607
144.5674,8388607
144.5720,-8074692
144.5754,-8388608
144.5808,-3012515
144.5839,8388607
144.5879,8388607
144.5918,-7148088
144.5966,-8388608
144.6000,-3642874
144.6041,8388607
144.6081,8388607
144.6082,-6044988
144.6137,-8388608
144.6166,-4408742
144.6205,8388607
144.6244,8388607
144.6301,-4868348
144.6330,-8388608
144.6369,-4717263
144.6414,8388607
144.6467,8388607
144.6490,-3677000
144.6531,-8388608
144.6573,-6145171
144.6626,8388607
144.6656,8388607
144.6695,-2456236
144.6738,-8388608
144.6778,-6725302
144.6823,8388607
144.6867,8388607
144.6900,-1505874
144.6942,-8388608
144.6986,-7048694
144.7026,8388607
144.7064,8388607
144.7107,-725868
144.7153,-8388608
144.7188,-7027450
144.7228,8388607
144.7271,8388607
144.7310,426582
144.7353,-8388608
144.7353,-7520972
144.7392,8388607
144.7435,8388607
144.7477,1474672
144.7518,-8388608
144.7555,-7612149
144.7596,8388607
144.7639,8388607
144.7680,2814219
144.7719,-8388608
144.7761,-7982978
144.7802,8388607
144.7847,8388607
144.7892,3822038
144.7924,-8388608
144.7973,-8388608
144.8008,8265895
144.8048,8388607
144.8091,4824223
144.8142,-8388608
144.8172,-8388608
144.8219,7618743
144.8252,8388607
144.8305,5927323
144.8338,-8388608
144.8377,-8388608
144.8416,6983423
144.8464,8388607
144.8498,7192211
144.8540,-8388608
144.8579,-8388608
144.8622,6331980
144.8623,8388607
144.8666,8388607
144.8711,-8388608
144.8743,-8388608
144.8801,5737774
144.8830,8388607
144.8872,8388607
144.8912,-8388608
144.8961,-8388608
144.8996,4924963
144.9037,8388607
144.9071,8388607
144.9129,-8388608
144.9155,-8388608
144.9193,4249788
144.9238,8388607
144.9278,8388607
144.9319,-8388608
144.9364,-8388608
144.9399,3334521
144.9440,8388607
144.9486,8388607
144.9521,-8388608
144.9568,-8388608
144.9604,2709546
144.9650,8388607
144.9693,8388607
144.9726,-8388608
144.9768,-8388608
144.9808,1908758
144.9850,8388607
144.9891,8388607
144.9934,-8388608
144.9935,-8388608
144.9975,1133676
145.0018,8388607
145.0054,8388607
145.0095,-8388608
145.0136,-8388608
145.0176,131715
145.0217,8388607
145.0259,8388607
145.0307,-8388608
145.0342,-8388608
145.0381,-912398
145.0423,8388607
145.0465,8388607
145.0508,-8388608
145.0547,-8388608
145.0586,-1817119
145.0635,8388607
145.0668,8388607
145.0709,-8251188
145.0750,-8388608
145.0793,-2606800
145.0838,8388607
145.0873,8388607
145.0914,-7221628
145.0969,-8388608
145.1001,-3472449
145.1037,8388607
145.1078,8388607
145.1128,-6295024
145.1161,-8388608
145.1200,-4208749
145.1201,8388607
145.1241,8388607
145.1292,-5221340
145.1330,-8388608
145.1365,-4953519
145.1405,8388607
145.1470,8388607
145.1491,-4088824
145.1528,-8388608
145.1569,-5529408
145.1625,8388607
145.1656,8388607
145.1692,-2720980
145.1734,-8388608
145.1793,-5980602
145.1816,8388607
145.1857,8388607
145.1897,-1567274
145.1942,-8388608
145.1990,-6433476
145.2025,8388607
145.2061,8388607
145.2103,-739526
145.2148,-8388608
145.2188,-6794445
145.2230,8388607
145.2266,8388607
145.2308,-77015
145.2349,-8388608
145.2390,-7557172
145.2431,8388607
145.2472,8388607
145.2476,1061790
145.2511,-8388608
145.2552,-7800338
145.2594,8388607
145.2634,8388607
145.2676,2490919
145.2716,-8388608
145.2758,-8068875
145.2798,8388607
145.2840,8388607
145.2880,3760607
145.2922,-8388608
145.2962,-8143527
145.3003,8388607
145.3044,8388607
145.3085,5000719
145.3127,-8388608
145.3167,-8388608
145.3208,7868779
145.3249,8388607
145.3290,5897907
145.3330,-8388608
145.3372,-8388608
145.3412,6705871
145.3454,8388607
145.3494,6883343
145.3536,-8388608
145.3576,-8388608
145.3617,6197161
145.3661,8388607
145.3702,8246544
145.3742,-8388608
145.3743,-8388608
145.3782,5599897
145.3823,8388607
145.3863,8388607
145.3904,-8388608
145.3946,-8388608
145.3987,5242042
145.4028,8388607
145.4069,8388607
145.4110,-8388608
145.4150,-8388608
145.4191,4094149
145.4232,8388607
145.4272,8388607
145.4314,-8388608
145.4355,-8388608
145.4396,3435485
145.4437,8388607
145.4478,8388607
145.4519,-8388608
145.4560,-8388608
145.4601,2671378
145.4642,8388607
145.4683,8388607
145.4724,-8388608
145.4765,-8388608
145.4806,2058857
145.4847,8388607
145.4888,8388607
145.4930,-8388608
145.4971,-8388608
145.4971,960124
145.5010,8388607
145.5052,8388607
145.5093,-8388608
145.5134,-8388608
145.5174,283136
145.5215,8388607
145.5256,8388607
145.5297,-8388608
145.5338,-8388608
145.5379,-455699
145.5419,8388607
145.5461,8388607
145.5502,-8388608
145.5543,-8388608
145.5585,-1702150
145.5625,8388607
145.5666,8388607
145.5706,-8339436
145.5748,-8388608
145.5789,-2753936
145.5830,8388607
145.5871,8388607
145.5911,-7398124
145.5953,-8388608
145.5994,-3612964
145.6035,8388607
145.6074,8388607
145.6118,-6368564
145.6160,-8388608
145.6200,-4387663
145.6240,8388607
145.6282,8388607
145.6283,-5456668
145.6321,-8388608
145.6362,-4935197
145.6403,8388607
145.6444,8388607
145.6485,-4382984
145.6526,-8388608
145.6567,-5219213
145.6608,8388607
145.6649,8388607
145.6690,-3147512
145.6731,-8388608
145.6772,-5692433
145.6813,8388607
145.6854,8388607
145.6894,-1797536
145.6936,-8388608
145.6977,-6234501
145.7018,8388607
145.7058,8388607
145.7101,-1032701
145.7140,-8388608
145.7180,-6842167
145.7222,8388607
145.7262,8388607
145.7303,-189556
145.7345,-8388608
145.7388,-7111720
145.7426,8388607
145.7468,8388607
145.7511,1017593
145.7550,-8388608
145.7551,-7542971
145.7591,8388607
145.7632,8388607
145.7672,2282802
145.7713,-8388608
145.7754,-8130516
145.7796,8388607
145.7837,8388607
145.7878,3353930
145.7919,-8388608
145.7960,-8388608
145.8001,8388607
145.8041,8388607
145.8083,4363377
145.8124,-8388608
145.8164,-8388608
145.8205,7736407
145.8247,8388607
145.8287,5500791
145.8328,-8388608
145.8369,-8388608
145.8410,7034819
145.8450,8388607
145.8492,6721555
145.8533,-8388608
145.8574,-8388608
145.8615,6393273
145.8657,8388607
145.8697,7978113
145.8739,-8388608
145.8780,-8388608
145.8821,5691620
145.8822,8388607
145.8861,8388607
145.8902,-8388608
145.8943,-8388608
145.8983,5007204
145.9025,8388607
145.9066,8388607
145.9107,-8388608
145.9148,-8388608
145.9188,4277002
145.9229,8388607
145.9270,8388607
145.9311,-8388608
145.9352,-8388608
145.9393,3600323
145.9434,8388607
145.9474,8388607
145.9516,-8388608
145.9557,-8388608
145.9598,2821380
145.9639,8388607
145.9679,8388607
145.9721,-8388608
145.9762,-8388608
145.9803,2008401
145.9844,8388607
145.9884,8388607
145.9925,-8388608
145.9968,-8388608
146.0007,1267144
146.0049,8388607
146.0089,8388607
146.0131,-8388608
146.0132,-8388608
146.0170,200236
146.0211,8388607
146.0253,8388607
146.0294,-8388608
146.0335,-8388608
146.0375,-599814
146.0417,8388607
146.0458,8388607
146.0499,-8388608
146.0539,-8388608
146.0580,-1517658
146.0621,8388607
146.0662,8388607
146.0704,-8388608
146.0745,-8388608
146.0786,-2385906
146.0826,8388607
146.0867,8388607
146.0908,-7501080
146.0950,-8388608
146.0991,-3194511
146.1032,8388607
146.1072,8388607
146.1114,-6456812
146.1155,-8388608
146.1195,-4003452
146.1236,8388607
146.1277,8388607
146.1319,-5456668
146.1360,-8388608
146.1401,-4791494
146.1402,8388607
146.1440,8388607
146.1481,-4441816
146.1522,-8388608
146.1564,-5308114
146.1604,8388607
146.1645,8388607
146.1686,-3235760
146.1727,-8388608
146.1768,-5707319
146.1809,8388607
146.1850,8388607
146.1891,-2001614
146.1932,-8388608
146.1973,-6302235
146.2014,8388607
146.2054,8388607
146.2096,-1220020
146.2137,-8388608
146.2178,-6792613
146.2218,8388607
146.2259,8388607
146.2300,-382117
146.2341,-8388608
146.2383,-7173144
146.2423,8388607
146.2464,8388607
146.2505,866483
146.2548,-8388608
146.2589,-7560541
146.2631,8388607
146.2671,8388607
146.2672,2060071
146.2711,-8388608
146.2752,-8015876
146.2793,8388607
146.2834,8388607
146.2875,3118667
146.2916,-8388608
146.2957,-8377405
146.2997,8388607
146.3038,8388607
146.3079,4342547
146.3120,-8388608
146.3160,-8388608
146.3202,7868779
146.3243,8388607
146.3284,5456667
146.3325,-8388608
146.3366,-8388608
146.3406,7123232
146.3448,8388607
146.3489,6574475
146.3530,-8388608
146.3570,-8388608
146.3612,6364416
146.3654,8388607
146.3694,7882436
146.3734,-8388608
146.3775,-8388608
146.3816,5720557
146.3858,8388607
146.3899,8388607
146.3939,-8388608
146.3940,-8388608
146.3980,4984396
146.4022,8388607
146.4063,8388607
146.4104,-8388608
146.4144,-8388608
146.4185,4232416
146.4226,8388607
146.4267,8388607
146.4308,-8388608
146.4350,-8388608
146.4390,3564954
146.4430,8388607
146.4472,8388607
146.4514,-8388608
146.4554,-8388608
146.4595,2831989
146.4636,8388607
146.4677,8388607
146.4718,-8388608
146.4759,-8388608
146.4800,2127187
146.4840,8388607
146.4881,8388607
146.4923,-8388608
146.4964,-8388608
146.5004,1258177
146.5046,8388607
146.5087,8388607
146.5129,-8388608
146.5170,-8388608
146.5171,292770
146.5209,8388607
146.5249,8388607
146.5291,-8388608
146.5332,-8388608
146.5373,-626068
146.5414,8388607
146.5454,8388607
146.5496,-8388608
146.5537,-8388608
146.5578,-1468771
146.5619,8388607
146.5660,8388607
146.5701,-8388608
146.5742,-8388608
146.5783,-2392119
146.5824,8388607
146.5864,8388607
146.5905,-7618744
146.5947,-8388608
146.5987,-3314802
146.6029,8388607
146.6068,8388607
146.6110,-6633308
146.6151,-8388608
146.6192,-4036359
146.6233,8388607
146.6274,8388607
146.6316,-5559624
146.6358,-8388608
146.6399,-4692220
146.6439,8388607
146.6479,8388607
146.6480,-4515356
146.6520,-8388608
146.6561,-5377596
146.6602,8388607
146.6643,8388607
146.6684,-3250468
146.6725,-8388608
146.6765,-5940440
146.6807,8388607
146.6847,8388607
146.6889,-2147980
146.6929,-8388608
146.6971,-6401971
146.7012,8388607
146.7053,8388607
146.7094,-1227353
146.7134,-8388608
146.7177,-6882946
146.7216,8388607
146.7257,8388607
146.7298,-432211
146.7339,-8388608
146.7380,-7283270
146.7421,8388607
146.7462,8388607
146.7503,828690
146.7544,-8388608
146.7586,-7675503
146.7625,8388607
146.7667,8388607
146.7709,1830166
146.7749,-8388608
146.7750,-8070844
146.7789,8388607
146.7831,8388607
146.7871,3128511
146.7913,-8388608
146.7954,-8388608
146.7995,8388607
146.8036,8388607
146.8077,4302151
146.8118,-8388608
146.8158,-8388608
146.8199,7706991
146.8241,8388607
146.8281,5441959
146.8322,-8388608
146.8363,-8388608
146.8404,7089087
146.8445,8388607
146.8486,6515643
146.8527,-8388608
146.8567,-8388608
146.8608,6367382
146.8650,8388607
146.8691,7795239
146.8732,-8388608
146.8773,-8388608
146.8813,5726750
146.8855,8388607
146.8896,8388607
146.8938,-8388608
146.8979,-8388608
146.9019,4946503
146.9020,8388607
146.9059,8388607
146.9100,-8388608
146.9141,-8388608
146.9182,4276657
146.9222,8388607
146.9265,8388607
146.9305,-8388608
146.9346,-8388608
146.9387,3482230
146.9427,8388607
146.9468,8388607
146.9509,-8388608
146.9550,-8388608
146.9593,2805239
146.9633,8388607
146.9674,8388607
146.9714,-8388608
146.9756,-8388608
146.9797,1924980
146.9838,8388607
146.9879,8388607
146.9920,-8388608
146.9961,-8388608
147.0001,1169423
147.0043,8388607
147.0083,8388607
147.0125,-8388608
147.0167,-8388608
147.0208,105120
147.0247,8388607
147.0291,8388607
147.0328,-8388608
147.0329,-8388608
147.0369,-1028417
147.0411,8388607
147.0452,8388607
147.0493,-8388608
147.0534,-8388608
147.0575,-1929166
147.0616,8388607
147.0657,8388607
147.0697,-8388608
147.0740,-8388608
147.0779,-2705069
147.0820,8388607
147.0861,8388607
147.0902,-7456956
147.0943,-8388608
147.0984,-3685171
147.1025,8388607
147.1065,8388607
147.1106,-6530352
147.1147,-8388608
147.1188,-4390733
147.1229,8388607
147.1271,8388607
147.1312,-5427252
147.1352,-8388608
147.1394,-5084186
147.1434,8388607
147.1476,8388607
147.1518,-4338860
147.1557,-8388608
147.1600,-5746014
147.1601,8388607
147.1640,8388607
147.1681,-3103388
147.1722,-8388608
147.1762,-6290161
147.1805,8388607
147.1844,8388607
147.1886,-1929161
147.1926,-8388608
147.1967,-6701705
147.2009,8388607
147.2049,8388607
147.2091,-1109936
147.2131,-8388608
147.2173,-7235175
147.2213,8388607
147.2254,8388607
147.2302,-270127
147.2339,-8388608
147.2378,-7592691
147.2418,8388607
147.2459,8388607
147.2500,862422
147.2544,-8388608
147.2583,-7828602
147.2622,8388607
147.2663,8388607
147.2704,2096759
147.2746,-8388608
147.2789,-8269675
147.2829,8388607
147.2870,8388607
147.2871,3274830
147.2909,-8388608
147.2950,-8388608
147.2990,8388607
147.3032,8388607
147.3072,4402164
147.3113,-8388608
147.3155,-8388608
147.3195,7677575
147.3237,8388607
147.3277,5515499
147.3318,-8388608
147.3359,-8388608
147.3400,6995508
147.3441,8388607
147.3482,6648015
147.3523,-8388608
147.3564,-8388608
147.3605,6271732
147.3646,8388607
147.3687,7824655
147.3728,-8388608
147.3769,-8388608
147.3809,5631114
147.3851,8388607
147.3891,8388607
147.3933,-8388608
147.3974,-8388608
147.4015,4901616
147.4057,8388607
147.4099,8388607
147.4140,-8388608
147.4141,-8388608
147.4179,4124326
147.4220,8388607
147.4261,8388607
147.4302,-8388608
147.4342,-8388608
147.4384,3530008
147.4424,8388607
147.4466,8388607
147.4506,-8388608
147.4548,-8388608
147.4589,2715217
147.4630,8388607
147.4671,8388607
147.4712,-8388608
147.4753,-8388608
147.4794,1819700
147.4834,8388607
147.4875,8388607
147.4917,-8388608
147.4958,-8388608
147.4998,1259213
147.5039,8388607
147.5080,8388607
147.5122,-8388608
147.5162,-8388608
147.5203,216304
147.5244,8388607
147.5285,8388607
147.5328,-8388608
147.5368,-8388608
147.5409,-819357
147.5410,8388607
147.5449,8388607
147.5490,-8388608
147.5531,-8388608
147.5573,-1761437
147.5613,8388607
147.5654,8388607
147.5695,-8388608
147.5736,-8388608
147.5777,-2598897
147.5817,8388607
147.5859,8388607
147.5899,-7604036
147.5940,-8388608
147.5981,-3525926
147.6022,8388607
147.6063,8388607
147.6104,-6633308
147.6145,-8388608
147.6186,-4270918
147.6226,8388607
147.6268,8388607
147.6310,-5647872
147.6349,-8388608
147.6391,-5025860
147.6432,8388607
147.6473,8388607
147.6516,-4559480
147.6557,-8388608
147.6598,-5684161
147.6638,8388607
147.6678,8388607
147.6679,-3338716
147.6719,-8388608
147.6760,-6153666
147.6800,8388607
147.6840,8388607
147.6882,-2115065
147.6923,-8388608
147.6964,-6621181
147.7005,8388607
147.7045,8388607
147.7086,-1205180
147.7127,-8388608
147.7168,-7018458
147.7210,8388607
147.7250,8388607
147.7291,-411735
147.7332,-8388608
147.7373,-7399676
147.7414,8388607
147.7455,8388607
147.7496,601400
147.7538,-8388608
147.7579,-7753643
147.7620,8388607
147.7661,8388607
147.7702,1751561
147.7743,-8388608
147.7784,-8101523
147.7824,8388607
147.7866,8388607
147.7911,2856426
147.7948,-8388608
147.7991,-8388608
147.7992,8388607
147.8029,8388607
147.8070,3975655
147.8111,-8388608
147.8153,-8388608
147.8193,7912903
147.8234,8388607
147.8275,5118383
147.8316,-8388608
147.8357,-8388608
147.8397,7221627
147.8439,8388607
147.8480,6192067
147.8521,-8388608
147.8561,-8388608
147.8603,6628628
147.8644,8388607
147.8685,7383415
147.8725,-8388608
147.8767,-8388608
147.8808,5867950
147.8849,8388607
147.8889,8388607
147.8931,-8388608
147.8972,-8388608
147.9012,5092173
147.9053,8388607
147.9094,8388607
147.9137,-8388608
147.9177,-8388608
147.9219,4438479
147.9260,8388607
147.9260,8388607
147.9299,-8388608
147.9340,-8388608
147.9381,3729078
147.9422,8388607
147.9463,8388607
147.9504,-8388608
147.9545,-8388608
147.9586,3041083
147.9627,8388607
147.9668,8388607
147.9709,-8388608
147.9750,-8388608
147.9790,2214305
147.9831,8388607
147.9872,8388607
147.9914,-8388608
147.9955,-8388608
147.9995,1402027
148.0037,8388607
148.0076,8388607
148.0118,-8388608
148.0159,-8388608
148.0200,504271
148.0240,8388607
148.0282,8388607
148.0323,-8388608
148.0366,-8388608
148.0407,-345191
148.0446,8388607
148.0487,8388607
148.0529,-8388608
148.0530,-8388608
148.0569,-1546778
148.0609,8388607
148.0651,8388607
148.0691,-8388608
148.0733,-8388608
148.0774,-2266629
148.0814,8388607
148.0855,8388607
148.0896,-8059984
148.0937,-8388608
148.0979,-3174087
148.1019,8388607
148.1059,8388607
148.1101,-7045132
148.1141,-8388608
148.1183,-4018666
148.1223,8388607
148.1265,8388607
148.1306,-6015572
148.1346,-8388608
148.1388,-4771534
148.1429,8388607
148.1469,8388607
148.1511,-5030136
148.1551,-8388608
148.1593,-5368980
148.1634,8388607
148.1674,8388607
148.1717,-3868204
148.1758,-8388608
148.1799,-6013428
148.1799,8388607
148.1838,8388607
148.1879,-2809228
148.1920,-8388608
148.1960,-6404013
148.2002,8388607
148.2042,8388607
148.2084,-1652174
148.2124,-8388608
148.2166,-6778034
148.2206,8388607
148.2247,8388607
148.2288,-894484
148.2329,-8388608
148.2370,-7228539
148.2411,8388607
148.2452,8388607
148.2493,9434
148.2534,-8388608
148.2575,-7559729
148.2616,8388607
148.2657,8388607
148.2698,1081744
148.2739,-8388608
148.2780,-7963277
148.2821,8388607
148.2862,8388607
148.2903,2363935
148.2944,-8388608
148.2987,-8317336
148.3026,8388607
148.3068,8388607
148.3068,3454330
148.3107,-8388608
148.3149,-8388608
148.3189,8177647
148.3230,8388607
148.3271,4603397
148.3312,-8388608
148.3354,-8388608
148.3394,7618743
148.3435,8388607
148.3476,5677287
148.3517,-8388608
148.3558,-8388608
148.3599,6856095
148.3640,8388607
148.3681,6795095
148.3722,-8388608
148.3764,-8388608
148.3804,6184728
148.3844,8388607
148.3886,7959113
148.3926,-8388608
148.3968,-8388608
148.4008,5478174
148.4049,8388607
148.4090,8388607
148.4131,-8388608
148.4174,-8388608
148.4213,4726988
148.4257,8388607
148.4297,8388607
148.4337,-8388608
148.4338,-8388608
148.4378,4042796
148.4419,8388607
148.4460,8388607
148.4501,-8388608
148.4542,-8388608
148.4582,3298231
148.4625,8388607
148.4665,8388607
148.4706,-8388608
148.4746,-8388608
148.4788,2528105
148.4828,8388607
148.4870,8388607
148.4910,-8388608
148.4953,-8388608
148.4992,1711981
148.5033,8388607
148.5074,8388607
148.5115,-8388608
148.5156,-8388608
148.5197,746203
148.5238,8388607
148.5279,8388607
148.5320,-8388608
148.5361,-8388608
148.5402,-80737
148.5443,8388607
148.5484,8388607
148.5526,-8388608
148.5567,-8388608
148.5606,-1049940
148.5648,8388607
148.5649,8388607
148.5689,-8388608
148.5730,-8388608
148.5770,-1963692
148.5811,8388607
148.5852,8388607
148.5894,-8388608
148.5934,-8388608
148.5976,-2930161
148.6016,8388607
148.6057,8388607
148.6099,-7559912
148.6139,-8388608
148.6180,-3718027
148.6220,8388607
148.6263,8388607
148.6303,-6545060
148.6344,-8388608
148.6384,-4479391
148.6426,8388607
148.6467,8388607
148.6508,-5544916
148.6548,-8388608
148.6590,-5071038
148.6631,8388607
148.6672,8388607
148.6712,-4412400
148.6754,-8388608
148.6796,-5648117
148.6836,8388607
148.6878,8388607
148.6917,-3265176
148.6918,-8388608
148.6959,-6125710
148.6998,8388607
148.7040,8388607
148.7081,-2055154
148.7122,-8388608
148.7164,-6681289
148.7204,8388607
148.7245,8388607
148.7286,-1138730
148.7328,-8388608
148.7367,-7082257
148.7409,8388607
148.7450,8388607
148.7490,-242601
148.7532,-8388608
148.7572,-7438870
148.7644,8388607
148.7654,8388607
148.7695,846904
148.7737,-8388608
148.7778,-7811289
148.7818,8388607
148.7860,8388607
148.7900,1956784
148.7941,-8388608
148.7982,-8252203
148.8023,8388607
148.8064,8388607
148.8106,3090960
148.8148,-8388608
148.8186,-8388608
148.8189,8383559
148.8227,8388607
148.8268,4195596
148.8309,-8388608
148.8350,-8388608
148.8391,7765823
148.8433,8388607
148.8474,5250755
148.8514,-8388608
148.8555,-8388608
148.8596,7061960
148.8638,8388607
148.8678,6456811
148.8719,-8388608
148.8761,-8388608
148.8801,6327306
148.8843,8388607
148.8884,7648159
148.8924,-8388608
148.8965,-8388608
148.9006,5676791
148.9047,8388607
148.9088,8388607
148.9131,-8388608
148.9170,-8388608
148.9211,4937148
148.9252,8388607
148.9293,8388607
148.9335,-8388608
148.9377,-8388608
148.9418,4253784
148.9458,8388607
148.9459,8388607
148.9498,-8388608
148.9539,-8388608
148.9580,3428906
148.9620,8388607
148.9662,8388607
148.9703,-8388608
148.9744,-8388608
148.9785,2703512
148.9825,8388607
148.9866,8388607
148.9907,-8388608
148.9948,-8388608
148.9989,1940315
149.0030,8388607
149.0072,8388607
149.0112,-8388608
149.0153,-8388608
149.0194,1075415
149.0235,8388607
149.0276,8388607
149.0317,-8388608
149.0358,-8388608
149.0399,150610
149.0440,8388607
149.0481,8388607
149.0522,-8388608
149.0563,-8388608
149.0605,-703588
149.0645,8388607
149.0686,8388607
149.0727,-8388608
149.0728,-8388608
149.0768,-1709799
149.0808,8388607
149.0849,8388607
149.0890,-8388608
149.0931,-8388608
149.0972,-2503001
149.1014,8388607
149.1054,8388607
149.1095,-7854072
149.1136,-8388608
149.1177,-3475214
149.1217,8388607
149.1259,8388607
149.1300,-6868636
149.1341,-8388608
149.1382,-4233843
149.1423,8388607
149.1464,8388607
149.1505,-5853784
149.1546,-8388608
149.1587,-4911760
149.1628,8388607
149.1669,8388607
149.1710,-4735976
149.1751,-8388608
149.1792,-5511979
149.1832,8388607
149.1874,8388607
149.1916,-3662292
149.1958,-8388608
149.1998,-6067869
149.1998,8388607
149.2037,8388607
149.2077,-2456236
149.2119,-8388608
149.2160,-6505556
149.2200,8388607
149.2241,8388607
149.2282,-1387529
149.2323,-8388608
149.2364,-7022383
149.2405,8388607
149.2446,8388607
149.2487,-626780
149.2528,-8388608
149.2569,-7407842
149.2610,8388607
149.2651,8388607
149.2691,487503
149.2733,-8388608
149.2774,-7762627
149.2815,8388607
149.2856,8388607
149.2896,1614010
149.2937,-8388608
149.2979,-8088954
149.3019,8388607
149.3060,8388607
149.3102,2698030
149.3144,-8388608
149.3184,-8388608
149.3227,8388607
149.3267,8388607
149.3268,3797303
149.3307,-8388608
149.3348,-8388608
149.3388,7942319
149.3430,8388607
149.3470,4941887
149.3512,-8388608
149.3552,-8388608
149.3594,7383415
149.3635,8388607
149.3676,6089111
149.3716,-8388608
149.3758,-8388608
149.3798,6615406
149.3839,8388607
149.3880,7221627
149.3921,-8388608
149.3963,-8388608
149.4003,5887559
149.4044,8388607
149.4085,8388607
149.4126,-8388608
149.4167,-8388608
149.4208,5185393
149.4249,8388607
149.4290,8388607
149.4330,-8388608
149.4374,-8388608
149.4413,4461098
149.4454,8388607
149.4497,8388607
149.4537,-8388608
149.4577,-8388608
149.4578,3674273
149.4617,8388607
149.4659,8388607
149.4700,-8388608
149.4741,-8388608
149.4781,3025651
149.4822,8388607
149.4864,8388607
149.4904,-8388608
149.4945,-8388608
149.4986,2135240
149.5027,8388607
149.5068,8388607
149.5109,-8388608
149.5150,-8388608
149.5191,1348890
149.5232,8388607
149.5273,8388607
149.5314,-8388608
149.5354,-8388608
149.5396,522802
149.5437,8388607
149.5477,8388607
149.5519,-8388608
149.5560,-8388608
149.5601,-378753
149.5642,8388607
149.5683,8388607
149.5724,-8388608
149.5766,-8388608
149.5806,-1367647
149.5845,8388607
149.5846,8388607
149.5887,-8388608
149.5927,-8388608
149.5969,-2272356
149.6009,8388607
149.6050,8388607
149.6091,-8324728
149.6132,-8388608
149.6173,-3098654
149.6214,8388607
149.6255,8388607
149.6296,-7309876
149.6337,-8388608
149.6378,-3982925
149.6419,8388607
149.6460,8388607
149.6501,-6324440
149.6542,-8388608
149.6583,-4697020
149.6624,8388607
149.6665,8388607
149.6706,-5191924
149.6747,-8388608
149.6787,-5358377
149.6829,8388607
149.6869,8388607
149.6911,-4029992
149.6953,-8388608
149.6995,-5934890
149.7034,8388607
149.7077,8388607
149.7116,-2868060
149.7117,-8388608
149.7157,-6398292
149.7198,8388607
149.7239,8388607
149.7280,-1631634
149.7321,-8388608
149.7362,-6881761
149.7404,8388607
149.7444,8388607
149.7485,-894517
149.7526,-8388608
149.7567,-7259428
149.7608,8388607
149.7649,8388607
149.7689,36354
149.7731,-8388608
149.7772,-7613783
149.7812,8388607
149.7854,8388607
149.7894,1150820
149.7935,-8388608
149.7977,-8052307
149.8017,8388607
149.8058,8388607
149.8098,2330789
149.8140,-8388608
149.8181,-8388608
149.8222,8388607
149.8263,8388607
149.8304,3541953
149.8347,-8388608
149.8385,-8388608
149.8386,8074691
149.8426,8388607
149.8468,4640630
149.8509,-8388608
149.8549,-8388608
149.8591,7398123
149.8631,8388607
149.8673,5809659
149.8713,-8388608
149.8754,-8388608
149.8794,6656539
149.8836,8388607
149.8878,6986299
149.8918,-8388608
149.8959,-8388608
149.9000,5993526
149.9041,8388607
149.9082,8184999
149.9123,-8388608
149.9164,-8388608
149.9205,5211261
149.9245,8388607
149.9286,8388607
149.9327,-8388608
149.9368,-8388608
149.9409,4465464
149.9455,8388607
149.9491,8388607
149.9533,-8388608
149.9575,-8388608
149.9615,3758395
149.9655,8388607
149.9656,8388607
149.9697,-8388608
149.9738,-8388608
149.9778,3024404
149.9819,8388607
149.9860,8388607
149.9901,-8388608
149.9942,-8388608
149.9983,2296822
150.0024,8388607
150.0065,8388607
150.0106,-8388608
150.0147,-8388608
150.0188,1474475
150.0229,8388607
150.0270,8388607
150.0311,-8388608
150.0352,-8388608
150.0393,656398
150.0435,8388607
150.0475,8388607
150.0516,-8388608
150.0557,-8388608
150.0598,-218798
150.0639,8388607
150.0680,8388607
150.0721,-8388608
150.0763,-8388608
150.0804,-1183704
150.0846,8388607
150.0884,8388607
150.0926,-8388608
150.0927,-8388608
150.0967,-2241132
150.1006,8388607
150.1048,8388607
150.1089,-8388608
150.1130,-8388608
150.1171,-3269514
150.1211,8388607
150.1253,8388607
150.1293,-7398124
150.1334,-8388608
150.1375,-3978972
150.1416,8388607
150.1457,8388607
150.1498,-6383272
150.1539,-8388608
150.1581,-4760218
150.1622,8388607
150.1663,8388607
150.1704,-5294880
150.1745,-8388608
150.1785,-5357297
150.1827,8388607
150.1867,8388607
150.1908,-4206488
150.1948,-8388608
150.1990,-6032103
150.2030,8388607
150.2071,8388607
150.2116,-3103388
150.2157,-8388608
150.2195,-6512602
150.2196,8388607
150.2236,8388607
150.2277,-1749021
150.2317,-8388608
150.2358,-6945981
150.2400,8388607
150.2440,8388607
150.2482,-931563
150.2523,-8388608
150.2563,-7291974
150.2605,8388607
150.2645,8388607
150.2686,88559
150.2727,-8388608
150.2768,-7668938
150.2809,8388607
150.2850,8388607
150.2891,1120006
150.2932,-8388608
150.2974,-8104317
150.3013,8388607
150.3055,8388607
150.3095,2284787
150.3136,-8388608
150.3177,-8388608
150.3218,8388607
150.3259,8388607
150.3300,3350376
150.3344,-8388608
150.3383,-8388608
150.3425,8177647
150.3468,8388607
150.3469,4471231
150.3506,-8388608
150.3546,-8388608
150.3588,7530495
150.3629,8388607
150.3670,5544915
150.3710,-8388608
150.3752,-8388608
150.3792,6770496
150.3834,8388607
150.3875,6677431
150.3915,-8388608
150.3958,-8388608
150.3996,6081679
150.4037,8388607
150.4078,7971735
150.4119,-8388608
150.4160,-8388608
150.4201,5380017
150.4242,8388607
150.4283,8388607
150.4324,-8388608
150.4365,-8388608
150.4407,4565935
150.4448,8388607
150.4489,8388607
150.4530,-8388608
150.4574,-8388608
150.4611,3861174
150.4653,8388607
150.4694,8388607
150.4735,-8388608
150.4736,-8388608
150.4774,3117288
150.4817,8388607
150.4857,8388607
150.4898,-8388608
150.4939,-8388608
150.4980,2431892
150.5021,8388607
150.5062,8388607
150.5103,-8388608
150.5145,-8388608
150.5184,1624682
150.5226,8388607
150.5267,8388607
150.5307,-8388608
150.5348,-8388608
150.5389,721804
150.5430,8388607
150.5471,8388607
150.5512,-8388608
150.5554,-8388608
150.5595,-259736
150.5635,8388607
150.5676,8388607
150.5718,-8388608
150.5759,-8388608
150.5799,-1225094
150.5841,8388607
150.5880,8388607
150.5925,-8388608
150.5965,-8388608
150.6005,-2229006
150.6006,8388607
150.6044,8388607
150.6086,-8388608
150.6127,-8388608
150.6168,-3241901
150.6208,8388607
150.6250,8388607
150.6291,-7633452
150.6332,-8388608
150.6372,-4001268
150.6414,8388607
150.6455,8388607
150.6496,-6662724
150.6537,-8388608
150.6577,-4760357
150.6619,8388607
150.6659,8388607
150.6701,-5633164
150.6741,-8388608
150.6782,-5378856
150.6823,8388607
150.6864,8388607
150.6906,-4412400
150.6946,-8388608
150.6988,-5969052
150.7028,8388607
150.7069,8388607
150.7110,-3250468
150.7152,-8388608
150.7193,-6520851
150.7233,8388607
150.7274,8388607
150.7314,-2036188
150.7315,-8388608
150.7356,-6980080
150.7396,8388607
150.7438,8388607
150.7479,-1120593
150.7519,-8388608
150.7561,-7356039
150.7601,8388607
150.7642,8388607
150.7683,-256491
150.7724,-8388608
150.7765,-7719772
150.7805,8388607
150.7847,8388607
150.7887,724103
150.7928,-8388608
150.7970,-8054774
150.8010,8388607
150.8051,8388607
150.8092,1799619
150.8133,-8388608
150.8175,-8388608
150.8216,8388607
150.8257,8388607
150.8298,3049641
150.8339,-8388608
150.8380,-8388608
150.8426,8251187
150.8462,8388607
150.8505,4143681
150.8543,-8388608
150.8586,-8388608
150.8587,7574619
150.8626,8388607
150.8667,5265463
150.8707,-8388608
150.8749,-8388608
150.8789,6841060
150.8830,8388607
150.8871,6471519
150.8912,-8388608
150.8954,-8388608
150.8994,6098049
150.9035,8388607
150.9076,7633451
150.9118,-8388608
150.9159,-8388608
150.9198,5463873
150.9240,8388607
150.9281,8388607
150.9322,-8388608
150.9363,-8388608
150.9404,4763640
150.9445,8388607
150.9486,8388607
150.9526,-8388608
150.9568,-8388608
150.9609,4089905
150.9650,8388607
150.9691,8388607
150.9733,-8388608
150.9774,-8388608
150.9814,3350877
150.9855,8388607
150.9856,8388607
150.9896,-8388608
150.9936,-8388608
150.9977,2601061
151.0018,8388607
151.0059,8388607
151.0100,-8388608
151.0141,-8388608
151.0182,1758192
151.0223,8388607
151.0264,8388607
151.0305,-8388608
151.0345,-8388608
151.0387,925698
151.0428,8388607
151.0469,8388607
151.0510,-8388608
151.0551,-8388608
151.0591,-6274
151.0633,8388607
151.0674,8388607
151.0715,-8388608
151.0755,-8388608
151.0797,-917671
151.0837,8388607
151.0877,8388607
151.0920,-8388608
151.0962,-8388608
151.1003,-1956688
151.1042,8388607
151.1082,8388607
151.1125,-8388608
151.1126,-8388608
151.1164,-2934162
151.1205,8388607
151.1247,8388607
151.1288,-7854072
151.1329,-8388608
151.1370,-3826797
151.1411,8388607
151.1452,8388607
151.1493,-6853928
151.1534,-8388608
151.1575,-4532537
151.1616,8388607
151.1657,8388607
151.1698,-5647872
151.1739,-8388608
151.1779,-5205757
151.1820,8388607
151.1861,8388607
151.1902,-4471232
151.1943,-8388608
151.1985,-5922818
151.2026,8388607
151.2066,8388607
151.2107,-3324008
151.2147,-8388608
151.2188,-6392516
151.2231,8388607
151.2271,8388607
151.2313,-2054357
151.2354,-8388608
151.2395,-6886176
151.2396,8388607
151.2435,8388607
151.2475,-1103728
151.2516,-8388608
151.2558,-7234019
151.2599,8388607
151.2640,8388607
151.2681,-266179
151.2722,-8388608
151.2763,-7591950
151.2803,8388607
151.2844,8388607
151.2885,783557
151.2926,-8388608
151.2966,-7939020
151.3008,8388607
151.3049,8388607
151.3090,1880417
151.3131,-8388608
151.3172,-8387516
151.3213,8388607
151.3254,8388607
151.3295,3118524
151.3336,-8388608
151.3377,-8388608
151.3418,8207063
151.3459,8388607
151.3500,4214963
151.3541,-8388608
151.3584,-8388608
151.3623,7515787
151.3666,8388607
151.3667,5280171
151.3704,-8388608
151.3745,-8388608
151.3786,6848686
151.3827,8388607
151.3869,6574475
151.3909,-8388608
151.3950,-8388608
151.3991,6142138
151.4033,8388607
151.4073,7780531
151.4114,-8388608
151.4155,-8388608
151.4196,5404595
151.4237,8388607
151.4278,8388607
151.4319,-8388608
151.4360,-8388608
151.4401,4630769
151.4442,8388607
151.4483,8388607
151.4524,-8388608
151.4565,-8388608
151.4606,3965219
151.4647,8388607
151.4689,8388607
151.4728,-8388608
151.4769,-8388608
151.4810,3272070
151.4851,8388607
151.4894,8388607
151.4935,-8388608
151.4976,-8388608
151.4977,2615109
151.5015,8388607
151.5056,8388607
151.5097,-8388608
151.5138,-8388608
151.5178,1857375
151.5220,8388607
151.5261,8388607
151.5302,-8388608
151.5342,-8388608
151.5383,888391
151.5424,8388607
151.5466,8388607
151.5507,-8388608
151.5548,-8388608
151.5588,-83024
151.5629,8388607
151.5670,8388607
151.5711,-8388608
151.5753,-8388608
151.5794,-1107777
151.5834,8388607
151.5875,8388607
151.5916,-8388608
151.5957,-8388608
151.5998,-1981443
151.6039,8388607
151.6080,8388607
151.6122,-8388608
151.6163,-8388608
151.6203,-3069316
151.6245,8388607
151.6246,8388607
151.6285,-7574620
151.6326,-8388608
151.6367,-4059804
151.6408,8388607
151.6449,8388607
151.6490,-6589184
151.6531,-8388608
151.6571,-4786254
151.6613,8388607
151.6654,8388607
151.6695,-5383128
151.6735,-8388608
151.6776,-5461998
151.6817,8388607
151.6858,8388607
151.6899,-4294736
151.6940,-8388608
151.6981,-6165273
151.7022,8388607
151.7063,8388607
151.7104,-3265176
151.7145,-8388608
151.7186,-7335003
151.7227,8388607
151.7268,8388607
151.7308,-1814556
151.7352,-8388608
151.7392,-6853631
151.7434,8388607
151.7473,8388607
151.7474,-938094
151.7514,-8388608
151.7554,-6958616
151.7596,8388607
151.7637,8388607
151.7677,-20237
151.7718,-8388608
151.7759,-7485314
151.7800,8388607
151.7841,8388607
151.7882,952068
151.7924,-8388608
151.7964,-7746084
151.8005,8388607
151.8046,8388607
151.8087,2070290
151.8128,-8388608
151.8169,-8010265
151.8210,8388607
151.8251,8388607
151.8292,3250581
151.8333,-8388608
151.8374,-8300188
151.8414,8383559
151.8455,8388607
151.8496,4372390
151.8537,-8388608
151.8578,-8388608
151.8619,7706991
151.8660,8388607
151.8702,5486083
151.8744,-8388608
151.8785,-8388608
151.8786,6938833
151.8825,8388607
151.8866,6648015
151.8906,-8388608
151.8948,-8388608
151.8988,6285878
151.9029,8388607
151.9070,7736407
151.9111,-8388608
151.9152,-8388608
151.9192,5608259
151.9234,8388607
151.9275,8388607
151.9315,-8388608
151.9357,-8388608
151.9398,4984289
151.9438,8388607
151.9479,8388607
151.9521,-8388608
151.9561,-8388608
151.9603,4443581
151.9644,8388607
151.9684,8388607
151.9726,-8388608
151.9766,-8388608
151.9807,3441169
151.9848,8388607
151.9889,8388607
151.9932,-8388608
151.9973,-8388608
152.0014,2580246
152.0053,8388607
152.0054,8388607
152.0094,-8388608
152.0135,-8388608
152.0176,1841380
152.0217,8388607
152.0257,8388607
152.0299,-8388608
152.0340,-8388608
152.0381,1068818
152.0422,8388607
152.0462,8388607
152.0505,-8388608
152.0545,-8388608
152.0585,-109895
152.0627,8388607
152.0668,8388607
152.0708,-8388608
152.0749,-8388608
152.0790,-1034477
152.0832,8388607
152.0871,8388607
152.0914,-8388608
152.0954,-8388608
152.0994,-1832256
152.1035,8388607
152.1076,8388607
152.1117,-8388608
152.1160,-8388608
152.1199,-2869509
152.1243,8388607
152.1282,8388607
152.1323,-7515788
152.1324,-8388608
152.1365,-3671192
152.1405,8388607
152.1446,8388607
152.1486,-6456812
152.1528,-8388608
152.1569,-4540524
152.1609,8388607
152.1650,8388607
152.1692,-5265464
152.1733,-8388608
152.1774,-5312321
152.1814,8388607
152.1855,8388607
152.1896,-4147656
152.1938,-8388608
152.1978,-5920733
152.2019,8388607
152.2060,8388607
152.2101,-2985724
152.2142,-8388608
152.2183,-6584228
152.2224,8388607
152.2265,8388607
152.2306,-1843821
152.2347,-8388608
152.2387,-6880353
152.2429,8388607
152.2470,8388607
152.2511,-944621
152.2552,-8388608
152.2594,-7179512
152.2594,8388607
152.2634,8388607
152.2674,-38038
152.2715,-8388608
152.2757,-7609850
152.2797,8388607
152.2839,8388607
152.2879,1041995
152.2921,-8388608
152.2961,-7969320
152.3002,8388607
152.3042,8388607
152.3084,2053880
152.3125,-8388608
152.3166,-8388608
152.3207,8388607
152.3248,8388607
152.3289,3395787
152.3330,-8388608
152.3371,-8388608
152.3411,8295311
152.3453,8388607
152.3494,4559479
152.3534,-8388608
152.3576,-8388608
152.3616,7633451
152.3658,8388607
152.3697,5765535
152.3741,-8388608
152.3782,-8388608
152.3821,6830409
152.3864,8388607
152.3904,6942175
152.3905,-8388608
152.3944,-8388608
152.3984,6077184
152.4026,8388607
152.4066,8089399
152.4108,-8388608
152.4149,-8388608
152.4189,5222622
152.4230,8388607
152.4271,8388607
152.4312,-8388608
152.4354,-8388608
152.4394,4576045
152.4435,8388607
152.4476,8388607
152.4517,-8388608
152.4559,-8388608
152.4599,3740838
152.4640,8388607
152.4681,8388607
152.4722,-8388608
152.4763,-8388608
152.4804,2999549
152.4845,8388607
152.4886,8388607
152.4927,-8388608
152.4968,-8388608
152.5008,2215067
152.5050,8388607
152.5091,8388607
152.5133,-8388608
152.5174,-8388608
152.5175,1326508
152.5214,8388607
152.5255,8388607
152.5296,-8388608
152.5337,-8388608
152.5377,435161
152.5418,8388607
152.5459,8388607
152.5501,-8388608
152.5542,-8388608
152.5583,-504119
152.5624,8388607
152.5664,8388607
152.5705,-8388608
152.5746,-8388608
152.5787,-1608229
152.5832,8388607
152.5868,8388607
152.5909,-8388608
152.5950,-8388608
152.5991,-2588191
152.6032,8388607
152.6073,8388607
152.6114,-8388608
152.6155,-8388608
152.6196,-3357097
152.6237,8388607
152.6278,8388607
152.6322,-7677576
152.6362,-8388608
152.6403,-4272719
152.6444,8388607
152.6444,8388607
152.6484,-6677432
152.6525,-8388608
152.6566,-5085861
152.6606,8388607
152.6648,8388607
152.6688,-5530208
152.6729,-8388608
152.6771,-5623100
152.6811,8388607
152.6852,8388607
152.6894,-4382984
152.6935,-8388608
152.6975,-6282577
152.7016,8388607
152.7057,8388607
152.7098,-3206344
152.7139,-8388608
152.7180,-6843602
152.7221,8388607
152.7262,8388607
152.7304,-2073828
152.7344,-8388608
152.7385,-7294170
152.7426,8388607
152.7467,8388607
152.7507,-1084615
152.7550,-8388608
152.7591,-7562451
152.7630,8388607
152.7672,8388607
152.7711,-230746
152.7712,-8388608
152.7753,-7926118
152.7793,8388607
152.7834,8388607
152.7875,793869
152.7916,-8388608
152.7957,-8297330
152.7998,8388607
152.8039,8388607
152.8080,1963346
152.8121,-8388608
152.8162,-8388608
152.8203,8388607
152.8244,8388607
152.8285,3166646
152.8326,-8388608
152.8367,-8388608
152.8407,8383559
152.8449,8388607
152.8490,4265319
152.8531,-8388608
152.8572,-8388608
152.8613,7765823
152.8653,8388607
152.8694,5441959
152.8735,-8388608
152.8776,-8388608
152.8817,6986299
152.8858,8388607
152.8900,6662723
152.8942,-8388608
152.8982,-8388608
152.9023,6201458
152.9024,8388607
152.9063,7883487
152.9104,-8388608
152.9145,-8388608
152.9186,5523845
152.9228,8388607
152.9269,8388607
152.9310,-8388608
152.9351,-8388608
152.9392,4803112
152.9433,8388607
152.9474,8388607
152.9515,-8388608
152.9556,-8388608
152.9597,4072665
152.9638,8388607
152.9678,8388607
152.9720,-8388608
152.9760,-8388608
152.9803,3316089
152.9842,8388607
152.9883,8388607
152.9924,-8388608
152.9965,-8388608
153.0006,2405194
153.0047,8388607
153.0088,8388607
153.0129,-8388608
153.0171,-8388608
153.0214,1626661
153.0257,8388607
153.0295,8388607
153.0296,-8388608
153.0334,-8388608
153.0374,765236
153.0415,8388607
153.0456,8388607
153.0498,-8388608
153.0538,-8388608
153.0580,-195410
153.0620,8388607
153.0660,8388607
153.0701,-8388608
153.0743,-8388608
153.0783,-1253040
153.0825,8388607
153.0866,8388607
153.0906,-8388608
153.0947,-8388608
153.0989,-2232502
153.1030,8388607
153.1071,8388607
153.1112,-8388608
153.1153,-8388608
153.1193,-2930756
153.1235,8388607
153.1276,8388607
153.1316,-7839364
153.1357,-8388608
153.1399,-3959352
153.1439,8388607
153.1481,8388607
153.1521,-6809804
153.1563,-8388608
153.1564,-4986296
153.1604,8388607
153.1644,8388607
153.1685,-5603748
153.1726,-8388608
153.1767,-5736149
153.1808,8388607
153.1849,8388607
153.1890,-4471232
153.1931,-8388608
153.1973,-6329428
153.2012,8388607
153.2054,8388607
153.2095,-3221052
153.2136,-8388608
153.2176,-6719668
153.2218,8388607
153.2259,8388607
153.2300,-2067817
153.2341,-8388608
153.2382,-7201841
153.2422,8388607
153.2464,8388607
153.2505,-1069777
153.2546,-8388608
153.2587,-7467235
153.2627,8388607
153.2669,8388607
153.2711,-233001
153.2754,-8388608
153.2790,-7980937
153.2832,8388607
153.2832,8388607
153.2872,574193
153.2913,-8388608
153.2954,-8219715
153.2995,8388607
153.3036,8388607
153.3077,1848001
153.3118,-8388608
153.3160,-8388608
153.3200,8388607
153.3241,8388607
153.3282,3004330
153.3323,-8388608
153.3364,-8388608
153.3405,8388607
153.3445,8388607
153.3486,4132947
153.3528,-8388608
153.3569,-8388608
153.3610,8162939
153.3651,8388607
153.3691,5515499
153.3733,-8388608
153.3773,-8388608
153.3814,7353999
153.3855,8388607
153.3896,6383271
153.3939,-8388608
153.3980,-8388608
153.4023,6176368
153.4063,8388607
153.4103,7633451
153.4103,-8388608
153.4143,-8388608
153.4184,5611611
153.4225,8388607
153.4266,8388607
153.4307,-8388608
153.4348,-8388608
153.4389,4869878
153.4430,8388607
153.4470,8388607
153.4512,-8388608
153.4553,-8388608
153.4594,4184110
153.4634,8388607
153.4675,8388607
153.4716,-8388608
153.4757,-8388608
153.4797,3392389
153.4839,8388607
153.4880,8388607
153.4921,-8388608
153.4962,-8388608
153.5003,2672055
153.5044,8388607
153.5085,8388607
153.5126,-8388608
153.5166,-8388608
153.5208,1850893
153.5249,8388607
153.5291,8388607
153.5332,-8388608
153.5370,-8388608
153.5371,737915
153.5411,8388607
153.5453,8388607
153.5495,-8388608
153.5536,-8388608
153.5577,-275193
153.5617,8388607
153.5658,8388607
153.5700,-8388608
153.5740,-8388608
153.5781,-1473979
153.5822,8388607
153.5863,8388607
153.5904,-8388608
153.5945,-8388608
153.5986,-2617377
153.6027,8388607
153.6068,8388607
153.6109,-8388608
153.6150,-8388608
153.6190,-2875885
153.6232,8388607
153.6272,8388607
153.6314,-8001152
153.6354,-8388608
153.6396,-4035522
153.6437,8388607
153.6478,8388607
153.6520,-7001008
153.6561,-8388608
153.6601,-4866080
153.6643,8388607
153.6643,8388607
153.6682,-5956740
153.6723,-8388608
153.6764,-5693665
153.6805,8388607
153.6846,8388607
153.6887,-4750684
153.6929,-8388608
153.6969,-6897902
153.7010,8388607
153.7051,8388607
153.7092,-3456380
153.7133,-8388608
153.7174,-6873517
153.7215,8388607
153.7256,8388607
153.7297,-2206200
153.7338,-8388608
153.7379,-7105902
153.7419,8388607
153.7461,8388607
153.7501,-901007
153.7543,-8388608
153.7584,-7437360
153.7624,8388607
153.7665,8388607
153.7706,-155996
153.7747,-8388608
153.7790,-8127521
153.7829,8388607
153.7870,8388607
153.7910,563115
153.7911,-8388608
153.7951,-8388608
153.7992,8388607
153.8033,8388607
153.8075,1714251
153.8115,-8388608
153.8156,-8388608
153.8197,8388607
153.8238,8388607
153.8279,2998218
153.8320,-8388608
153.8361,-8388608
153.8402,8388607
153.8443,8388607
153.8483,4221195
153.8525,-8388608
153.8566,-8388608
153.8608,7942319
153.8647,8388607
153.8688,5456667
153.8730,-8388608
153.8770,-8388608
153.8811,7133379
153.8853,8388607
153.8893,6618599
153.8934,-8388608
153.8975,-8388608
153.9016,6308510
153.9057,8388607
153.9098,7751115
153.9144,-8388608
153.9182,-8388608
153.9224,5529569
153.9225,8388607
153.9263,8388607
153.9304,-8388608
153.9344,-8388608
153.9385,4807193
153.9426,8388607
153.9468,8388607
153.9509,-8388608
153.9550,-8388608
153.9590,4088203
153.9631,8388607
153.9672,8388607
153.9714,-8388608
153.9754,-8388608
153.9795,3279308
153.9836,8388607
153.9877,8388607
153.9918,-8388608
153.9959,-8388608
154.0000,2531941
154.0041,8388607
154.0082,8388607
154.0123,-8388608
154.0164,-8388608
154.0205,1739195
154.0246,8388607
154.0288,8388607
154.0329,-8388608
154.0371,-8388608
154.0409,1076569
154.0450,8388607
154.0490,8388607
154.0491,-8388608
154.0533,-8388608
154.0573,155589
154.0614,8388607
154.0655,8388607
154.0696,-8388608
154.0737,-8388608
154.0777,-894701
154.0818,8388607
154.0860,8388607
154.0900,-8388608
154.0941,-8388608
154.0982,-1912062
154.1023,8388607
154.1064,8388607
154.1105,-8388608
154.1146,-8388608
154.1187,-2618256
154.1228,8388607
154.1269,8388607
154.1311,-7986444
154.1351,-8388608
154.1392,-3481890
154.1433,8388607
154.1473,8388607
154.1515,-6898052
154.1556,-8388608
154.1597,-4072518
154.1637,8388607
154.1679,8388607
154.1721,-5809660
154.1761,-8388608
154.1762,-4755172
154.1801,8388607
154.1843,8388607
154.1883,-4618312
154.1925,-8388608
154.1965,-5739704
154.2006,8388607
154.2047,8388607
154.2088,-3485796
154.2129,-8388608
154.2170,-6345367
154.2211,8388607
154.2252,8388607
154.2293,-1985580
154.2334,-8388608
154.2375,-6273704
154.2415,8388607
154.2457,8388607
154.2498,-955679
154.2539,-8388608
154.2579,-7050133
154.2621,8388607
154.2661,8388607
154.2702,-374849
154.2743,-8388608
154.2784,-7912297
154.2825,8388607
154.2866,8388607
154.2907,555174
154.2950,-8388608
154.2989,-8141368
154.3031,8388607
154.3032,8388607
154.3072,1697547
154.3113,-8388608
154.3153,-8388608
154.3195,8388607
154.3235,8388607
154.3277,2671360
154.3317,-8388608
154.3360,-8388608
