0.0789,170802
0.0795,170388
0.0796,170968
0.0798,170105
0.0800,170815
0.0802,170846
0.0803,170584
0.0804,171249
0.0805,170649
0.0806,170210
0.0806,170396
0.0807,170286
0.0808,171171
0.0810,171373
0.0812,169935
0.0815,170746
0.0817,170802
0.0817,170388
0.0819,170968
0.0821,170105
0.0822,170815
0.0823,170846
0.0824,170584
0.0826,171249
0.0826,170649
0.0828,170210
0.0828,170396
0.0830,170286
0.0831,171171
0.0832,170569
0.0834,170569
0.0835,30318
0.0836,31445
0.0837,32098
0.0837,32115
0.0842,33550
0.0843,33533
0.0847,34386
0.0850,35177
0.0852,35630
0.0853,36812
0.0854,36675
0.0856,37417
0.0857,38173
0.0859,38290
0.0859,39053
0.0860,39020
0.0861,39735
0.0862,40332
0.0864,41195
0.0865,42104
0.0866,41648
0.0868,42526
0.0872,43764
0.0875,43630
0.0877,44480
0.0880,44398
0.0881,45372
0.0887,46019
0.0889,46547
0.0890,46999
0.0896,47552
0.0898,48064
0.0899,48940
0.0923,49117
0.0924,49342
0.0927,50330
0.0928,50458
0.0928,51312
0.0929,51520
0.0931,51350
0.0931,51646
0.0933,52701
0.0935,53234
0.0937,53538
0.0937,53827
0.0938,54687
0.0940,55438
0.0949,55891
0.0950,56275
0.0952,56376
0.0954,57820
0.0956,57571
0.0958,58254
0.0959,58657
0.0962,58947
0.0964,60171
0.0966,60252
0.0971,60645
0.0972,60917
0.0972,60764
0.0977,62524
0.0978,62270
0.0979,62875
0.0981,63032
0.0983,62706
0.0986,64754
0.0988,64328
0.0989,65360
0.0992,65279
0.0995,64864
0.0997,67306
0.0999,67001
0.1002,67276
0.1005,67508
0.1009,67202
0.1012,69023
0.1013,68590
0.1014,69466
0.1016,69632
0.1032,69257
0.1037,71798
0.1046,70373
0.1048,71400
0.1049,72153
0.1050,71248
0.1052,73881
0.1053,72645
0.1053,73760
0.1054,73794
0.1055,74241
0.1057,75905
0.1059,74956
0.1061,75783
0.1068,76128
0.1080,75878
0.1085,77620
0.1090,76771
0.1105,77498
0.1114,77456
0.1119,77914
0.1121,79204
0.1123,78244
0.1147,79682
0.1148,79574
0.1153,79858
0.1159,81389
0.1164,80652
0.1168,81151
0.1170,81712
0.1171,81772
0.1174,83187
0.1175,82265
0.1176,83128
0.1177,83373
0.1179,83455
0.1182,85057
0.1182,84285
0.1183,84762
0.1185,85290
0.1187,85628
0.1189,86700
0.1190,86365
0.1193,86614
0.1195,87590
0.1196,87417
0.1196,88547
0.1200,87897
0.1202,87969
0.1204,88751
0.1207,89380
0.1210,89850
0.1212,89258
0.1216,89931
0.1221,90637
0.1233,90494
0.1238,91684
0.1254,91460
0.1258,91404
0.1260,92066
0.1260,92121
0.1261,92896
0.1266,92685
0.1271,93385
0.1273,93985
0.1275,94322
0.1280,94291
0.1283,94770
0.1284,94925
0.1285,95500
0.1287,95402
0.1288,95774
0.1290,96143
0.1292,96543
0.1294,96878
0.1297,96821
0.1298,97300
0.1299,97526
0.1300,97771
0.1307,98545
0.1308,98239
0.1309,98697
0.1311,99242
0.1313,98824
0.1313,99475
0.1315,100022
0.1316,100089
0.1320,100525
0.1321,100450
0.1322,101106
0.1323,101588
0.1325,101746
0.1326,101929
0.1328,102687
0.1330,102136
0.1332,103110
0.1333,102734
0.1335,103584
0.1338,103683
0.1340,104196
0.1343,104157
0.1346,103844
0.1347,105276
0.1349,104819
0.1364,105708
0.1367,105368
0.1370,105302
0.1371,106556
0.1372,106649
0.1373,106762
0.1379,107082
0.1381,106750
0.1382,107805
0.1384,107936
0.1385,107854
0.1388,108256
0.1389,107660
0.1391,109442
0.1396,108727
0.1401,109245
0.1408,109581
0.1409,109102
0.1413,110547
0.1417,110278
0.1418,110436
0.1419,110828
0.1420,111077
0.1422,112002
0.1422,111413
0.1423,111409
0.1424,111477
0.1424,111335
0.1425,113584
0.1426,112378
0.1426,112538
0.1428,113129
0.1428,112759
0.1432,114483
0.1441,113209
0.1442,113636
0.1442,114304
0.1443,114249
0.1444,115786
0.1445,114728
0.1446,115119
0.1447,115516
0.1447,115224
0.1448,116890
0.1449,115712
0.1449,116250
0.1450,116438
0.1451,116487
0.1452,118346
0.1455,116747
0.1457,117404
0.1458,117188
0.1458,117191
0.1459,118855
0.1460,117552
0.1461,118268
0.1461,118855
0.1462,118160
0.1463,119660
0.1464,118871
0.1465,120446
0.1465,119827
0.1466,119322
0.1467,120865
0.1468,120318
0.1472,120439
0.1475,120800
0.1480,120944
0.1487,122049
0.1490,121199
0.1490,121426
0.1491,122177
0.1492,121497
0.1492,122762
0.1493,122252
0.1494,122438
0.1495,123314
0.1495,122818
0.1496,123873
0.1497,123519
0.1497,123253
0.1498,124004
0.1499,123416
0.1500,124171
0.1500,123996
0.1501,124609
0.1502,124740
0.1502,124794
0.1503,125627
0.1504,124877
0.1504,126052
0.1505,125545
0.1506,125900
0.1507,126460
0.1507,126420
0.1508,126855
0.1509,126710
0.1509,126687
0.1510,126741
0.1511,127057
0.1511,127034
0.1512,127327
0.1513,127435
0.1513,127483
0.1514,127858
0.1515,127921
0.1515,128134
0.1516,128466
0.1517,128015
0.1517,128940
0.1518,128832
0.1519,128866
0.1520,129186
0.1520,129516
0.1521,129510
0.1522,129362
0.1522,129828
0.1523,130369
0.1524,130085
0.1524,130792
0.1525,130832
0.1558,130886
0.1599,131334
0.1645,130353
0.1681,131029
0.1722,131255
0.1762,131279
0.1816,131815
0.1845,131436
0.1885,131805
0.1926,132313
0.1968,132492
0.2009,132676
0.2049,132734
0.2090,133574
0.2132,133156
0.2172,133306
0.2213,133043
0.2254,132427
0.2296,134407
0.2338,133488
0.2378,133686
0.2419,134132
0.2460,133528
0.2500,134872
0.2541,133966
0.2582,134745
0.2624,134992
0.2665,134686
0.2706,135531
0.2747,135479
0.2748,135071
0.2790,135958
0.2831,134587
0.2870,136576
0.2911,135327
0.2951,135818
0.2995,135892
0.3034,135463
0.3074,137332
0.3115,136317
0.3157,136798
0.3197,136867
0.3237,136796
0.3278,138043
0.3319,136759
0.3360,137572
0.3401,137594
0.3442,137299
0.3485,138889
0.3525,138143
0.3566,137895
0.3607,138552
0.3650,137572
0.3689,138908
0.3730,138148
0.3770,138359
0.3814,138662
0.3852,138376
0.3893,140028
0.3933,138980
0.3981,139592
0.4016,140063
0.4057,139394
0.4058,140554
0.4097,139031
0.4141,140501
0.4180,140435
0.4220,139655
0.4261,141168
0.4302,140205
0.4345,141188
0.4385,140754
0.4425,140436
0.4467,142506
0.4508,140932
0.4548,141561
0.4589,140988
0.4630,141567
0.4671,142720
0.4711,141569
0.4752,141471
0.4794,142057
0.4835,142109
0.4875,142893
0.4916,141638
0.4958,142501
0.4998,142290
0.5039,142645
0.5080,143156
0.5123,142319
0.5162,143504
0.5203,142797
0.5247,143278
0.5287,143725
0.5328,143332
0.5329,143041
0.5367,143950
0.5408,143702
0.5450,143799
0.5492,143833
0.5532,144400
0.5572,144270
0.5613,144113
0.5657,145382
0.5695,144211
0.5735,144488
0.5776,144540
0.5818,144559
0.5859,145134
0.5899,144692
0.5940,145220
0.5987,144892
0.6022,145101
0.6063,145640
0.6105,145307
0.6148,145619
0.6186,146001
0.6227,146099
0.6268,145734
0.6312,146482
0.6351,146034
0.6392,146288
0.6433,146397
0.6480,146264
0.6516,146855
0.6556,146652
0.6597,146597
0.6599,146500
0.6639,146743
0.6678,147488
0.6718,146984
0.6759,147162
0.6812,146573
0.6843,147137
0.6884,147965
0.6924,147621
0.6966,147713
0.7006,147759
0.7046,147438
0.7087,148257
0.7129,147879
0.7170,147875
0.7210,148100
0.7251,147839
0.7292,148979
0.7333,148582
0.7374,148433
0.7415,148954
0.7458,148124
0.7498,149264
0.7538,148691
0.7579,148962
0.7620,149035
0.7662,148241
0.7702,150646
0.7743,149452
0.7784,149516
0.7826,149849
0.7868,149342
0.7868,150167
0.7907,149512
0.7947,149454
0.7990,150215
0.8031,149125
0.8072,150915
0.8112,149600
0.8155,150100
0.8195,150681
0.8236,150020
0.8276,151715
0.8318,150712
0.8358,151161
0.8399,150861
0.8439,150557
0.8483,151867
0.8521,151420
0.8563,151199
0.8604,151684
0.8647,150650
0.8685,152298
0.8726,150793
0.8767,151312
0.8811,152085
0.8849,151258
0.8889,152425
0.8930,151409
0.8974,151870
0.9013,151902
0.9056,151883
0.9096,152781
0.9138,151469
0.9145,152736
0.9176,152609
0.9217,152524
0.9258,153183
0.9308,152142
0.9340,152397
0.9382,152941
0.9423,152715
0.9463,153274
0.9505,151934
0.9546,153122
0.9586,153072
0.9627,152767
0.9669,153776
0.9710,152935
0.9751,153332
0.9791,153960
0.9835,152850
0.9874,154404
0.9915,153283
0.9956,153759
0.9998,154247
1.0037,153421
1.0077,154571
1.0119,153603
1.0165,154348
1.0202,153641
1.0242,154194
1.0283,155042
1.0323,154470
1.0365,154467
1.0406,154578
1.0407,155060
1.0446,155208
1.0487,154909
1.0528,154722
1.0569,154908
1.0610,155004
1.0653,154747
1.0693,155345
1.0735,154975
1.0774,155363
1.0817,155033
1.0858,155483
1.0898,154561
1.0937,155016
1.0980,156115
1.1020,155451
1.1061,156001
1.1103,155941
1.1146,155509
1.1184,155786
1.1224,156174
1.1265,156034
1.1310,156051
1.1347,156148
1.1388,155632
1.1429,155700
1.1473,155696
1.1512,156232
1.1552,156049
1.1593,156376
1.1636,156162
1.1677,156333
1.1678,156444
1.1716,156481
1.1757,156438
1.1810,156920
1.1839,156135
1.1879,156931
1.1920,157004
1.1963,156750
1.2002,157046
1.2043,156129
1.2084,156965
1.2126,156650
1.2166,156835
1.2207,156831
1.2248,156438
1.2290,157806
1.2334,156808
1.2371,157474
1.2412,157081
1.2454,157101
1.2494,157058
1.2535,157224
1.2576,157684
1.2617,157722
1.2658,156865
1.2699,158074
1.2740,158008
1.2781,157840
1.2822,157429
1.2863,156974
1.2905,158398
1.2947,157937
1.2948,157962
1.2988,158391
1.3026,157792
1.3067,158701
1.3108,157873
1.3150,158552
1.3190,158356
1.3231,157788
1.3272,159224
1.3315,157691
1.3356,158166
1.3396,158324
1.3436,157659
1.3485,159860
1.3519,158179
1.3560,158566
1.3601,158719
1.3645,158188
1.3683,159426
1.3724,158037
1.3765,159091
1.3806,159140
1.3846,158154
1.3886,159890
1.3927,158453
1.3969,158959
1.4010,158630
1.4050,158675
1.4091,160291
1.4135,159424
1.4177,159671
1.4218,159026
1.4258,159187
1.4259,160176
1.4298,159107
1.4337,159256
1.4378,160177
1.4419,158924
1.4460,160641
1.4501,159420
1.4542,160189
1.4583,160099
1.4624,159870
1.4665,160609
1.4705,159791
1.4746,159731
1.4788,160374
1.4830,159912
1.4871,160664
1.4912,159830
1.4953,159800
1.4995,160659
1.5033,160359
1.5074,160684
1.5115,160215
1.5161,160683
1.5198,160020
1.5238,159694
1.5280,161490
1.5331,160009
1.5361,160738
1.5402,160819
1.5443,160734
1.5487,161685
1.5525,160716
1.5526,160944
1.5567,160680
1.5606,160519
1.5652,161411
1.5690,160687
1.5730,160743
1.5770,161198
1.5812,160984
1.5853,161599
1.5893,160692
1.5934,161316
1.5984,161470
1.6017,161251
1.6058,161416
1.6100,161617
1.6140,161359
1.6180,161588
1.6221,161935
1.6262,161087
1.6304,161721
1.6346,161432
1.6386,161561
1.6427,161862
1.6471,161085
1.6508,161676
1.6549,161558
1.6590,162255
1.6641,162261
1.6672,161299
1.6713,161153
1.6755,162072
1.6799,161627
1.6804,161703
1.6836,162012
1.6876,162300
1.6917,162337
1.6959,161813
1.7001,162214
1.7041,162444
1.7082,162190
1.7124,161792
1.7163,162770
1.7204,162462
1.7245,161847
1.7286,162910
1.7328,162574
1.7368,162131
1.7409,162921
1.7451,162020
1.7494,162441
1.7532,162391
1.7573,162312
1.7614,162593
1.7660,161881
1.7697,162957
1.7737,162377
1.7779,162469
1.7819,162761
1.7859,161947
1.7900,163463
1.7942,162895
1.7988,162695
1.8024,163081
1.8066,162054
1.8067,163816
1.8105,163368
1.8146,162919
1.8187,163115
1.8228,162502
1.8269,164271
1.8314,163136
1.8352,163244
1.8392,162958
1.8433,162247
1.8478,163879
1.8515,163219
1.8556,163645
1.8597,163371
1.8641,162366
1.8682,164404
1.8720,163252
1.8761,163555
1.8805,163797
1.8844,163085
1.8885,164276
1.8925,163200
1.8966,163718
1.9008,163461
1.9048,162931
1.9088,164995
1.9137,163330
1.9170,162697
1.9211,164130
1.9252,163462
1.9296,164956
1.9337,163190
1.9338,164411
1.9376,163782
1.9416,163616
1.9457,165605
1.9498,163310
1.9539,164331
1.9580,164011
1.9622,163626
1.9661,164385
1.9702,163415
1.9743,164181
1.9785,164142
1.9826,163638
1.9866,165256
1.9907,164007
1.9949,164330
1.9989,164674
2.0030,163815
2.0071,165081
2.0112,163568
2.0154,164193
2.0195,164511
2.0235,164148
2.0277,164979
2.0319,163389
2.0360,164256
2.0401,164385
2.0441,164309
2.0484,165374
2.0522,164029
2.0564,164915
2.0604,164884
2.0605,164657
2.0647,165108
2.0688,164888
2.0728,164580
2.0768,165186
2.0813,164285
2.0850,165130
2.0890,164533
2.0931,164548
2.0975,164957
2.1015,164531
2.1057,165284
2.1097,165124
2.1137,164927
2.1177,165228
2.1218,164821
2.1259,165558
2.1306,165275
2.1341,165351
2.1382,165231
2.1423,165320
2.1467,165722
2.1505,165298
2.1546,165091
2.1587,165026
2.1632,165288
2.1669,165327
2.1709,165461
2.1750,165224
2.1792,165562
2.1836,164944
2.1875,165993
2.1876,166015
2.1915,165352
2.1955,165580
2.1996,165336
2.2037,165285
2.2078,165726
2.2119,165386
2.2161,165481
2.2201,165572
2.2242,165135
2.2283,166260
2.2326,165761
2.2366,165807
2.2406,165529
2.2447,165436
2.2495,165362
2.2529,165541
2.2570,165827
2.2611,165614
2.2653,164935
2.2694,166007
2.2733,165850
2.2776,165176
2.2817,165612
2.2859,165148
2.2898,166031
2.2940,165814
2.2983,165385
2.3020,166054
2.3061,165198
2.3106,166248
2.3144,165680
2.3185,165902
2.3186,165686
2.3225,165256
2.3266,165916
2.3308,165720
2.3348,165866
2.3389,166216
2.3430,165206
2.3476,166662
2.3512,166293
2.3553,166171
2.3594,166233
2.3638,164678
2.3675,166856
2.3716,166339
2.3757,166600
2.3806,166046
2.3841,165685
2.3882,167084
2.3921,165962
2.3966,166083
2.4004,166241
2.4047,165199
2.4085,166871
2.4131,166241
2.4168,166702
2.4208,166382
2.4249,165636
2.4296,167448
2.4332,166477
2.4375,166525
2.4416,166630
2.4455,165969
2.4457,167572
2.4497,166346
2.4538,166386
2.4577,166178
2.4618,166292
2.4659,167815
2.4699,166320
2.4740,166912
2.4782,166722
2.4829,166301
2.4868,167386
2.4905,166963
2.4946,166781
2.4989,167311
2.5027,166239
2.5068,166992
2.5109,166266
2.5150,167049
2.5191,167073
2.5232,166687
2.5277,168091
2.5315,166288
2.5355,167329
2.5396,167052
2.5438,167035
2.5484,167031
2.5520,166058
2.5560,166615
2.5601,166913
2.5642,166872
2.5685,167216
2.5725,166184
2.5727,166793
2.5765,166751
2.5809,167208
2.5847,167972
2.5887,166969
2.5928,166994
2.5976,166518
2.6010,166553
2.6051,167342
2.6092,167318
2.6136,166859
2.6175,167487
2.6215,166749
2.6256,167489
2.6306,166838
2.6338,167306
2.6379,167135
2.6420,167582
2.6466,166955
2.6502,167270
2.6543,167303
2.6584,167753
2.6625,167263
2.6665,167719
2.6706,167392
2.6747,167152
2.6792,167037
2.6829,167206
2.6871,167545
2.6911,167083
2.6954,167356
2.6995,167476
2.6996,167323
2.7035,167305
2.7075,167632
2.7117,167418
2.7157,167730
2.7198,167668
2.7239,167393
2.7281,167497
2.7323,167340
2.7364,167835
2.7405,167389
2.7445,167614
2.7486,167492
2.7526,167440
2.7567,167887
2.7608,167683
2.7654,167014
2.7692,167641
2.7731,167890
2.7772,167166
2.7815,167800
2.7853,166848
2.7894,167587
2.7937,167093
2.7977,167715
2.8018,167618
2.8058,167166
2.8099,168018
2.8141,167367
2.8182,167665
2.8224,167337
2.8265,166799
2.8266,167987
2.8312,167286
2.8345,167837
2.8386,167361
2.8427,167159
2.8475,168185
2.8510,167880
2.8552,167875
2.8591,167293
2.8640,167137
2.8675,168812
2.8713,167583
2.8754,167477
2.8797,168003
2.8838,167907
2.8878,168758
2.8920,167824
2.8960,168035
2.9000,167457
2.9041,167372
2.9082,168606
2.9128,168171
2.9174,168070
2.9207,167933
2.9246,167636
2.9291,169021
2.9329,167413
2.9369,168042
2.9410,168056
2.9456,167564
2.9496,169055
2.9537,167883
2.9538,167795
2.9575,168239
2.9616,167267
2.9660,168981
2.9698,167716
2.9739,168069
2.9779,168781
2.9819,167479
2.9860,168205
2.9901,167560
2.9944,168114
2.9983,168166
3.0024,167458
3.0065,169488
3.0107,167732
3.0147,167887
3.0188,168548
3.0229,168334
3.0271,169001
3.0311,167682
3.0352,167507
3.0392,168248
3.0435,168294
3.0478,169146
3.0516,168250
3.0557,168369
3.0597,168850
3.0641,168379
3.0679,169118
3.0720,168218
3.0763,168749
3.0803,168637
3.0804,167888
3.0843,169819
3.0884,168609
3.0925,169318
3.0973,168587
3.1008,168702
3.1048,169700
3.1089,168539
3.1132,168609
3.1172,168183
3.1212,167986
3.1253,169085
3.1300,168260
3.1335,168544
3.1376,168649
3.1417,168365
3.1459,168721
3.1499,168513
3.1540,167995
3.1580,168274
3.1629,167956
3.1665,168815
3.1705,168463
3.1745,168234
3.1789,168437
3.1826,168008
3.1867,168827
3.1908,168087
3.1950,168008
3.1990,168896
3.2034,168352
3.2073,168901
3.2074,168328
3.2113,168240
3.2156,168294
3.2195,168840
3.2236,168843
3.2277,168303
3.2318,168515
3.2359,168845
3.2400,168822
3.2441,168778
3.2483,168190
3.2523,168875
3.2564,168772
3.2605,168889
3.2646,168693
3.2686,168908
3.2727,168968
3.2769,168075
3.2810,168586
3.2850,168620
3.2891,169183
3.2934,168702
3.2978,169047
3.3015,168924
3.3055,168852
3.3096,168994
3.3140,168208
3.3178,168678
3.3219,168522
3.3260,168000
3.3302,168402
3.3345,169120
3.3385,168929
3.3386,168096
3.3423,168518
3.3470,168876
3.3505,168528
3.3546,168858
3.3588,168549
3.3630,168679
3.3669,168947
3.3710,168857
3.3751,168404
3.3796,169531
3.3833,168001
3.3874,169546
3.3915,168734
3.3966,168685
3.3997,169065
3.4038,168367
3.4079,169741
3.4122,168687
3.4162,168895
3.4202,168668
3.4243,168174
3.4287,169537
3.4332,169111
3.4367,168997
3.4410,169302
3.4449,168292
3.4493,169751
3.4530,168411
3.4572,168946
3.4617,169340
3.4654,168423
3.4655,169783
3.4693,168926
3.4734,169292
3.4776,169112
3.4816,168188
3.4857,169386
3.4898,168327
3.4941,168935
3.4981,169028
3.5021,168275
3.5062,170065
3.5104,168556
3.5144,168578
3.5185,169228
3.5226,168469
3.5267,169576
3.5308,168696
3.5349,169092
3.5390,168829
3.5431,168738
3.5472,169625
3.5512,168698
3.5553,169009
3.5595,169151
3.5637,168553
3.5677,169519
3.5718,168179
3.5758,168972
3.5799,169391
3.5842,168832
3.5883,169603
3.5922,168524
3.5923,168699
3.5965,169235
3.6005,168762
3.6045,169496
3.6086,169275
3.6130,169150
3.6169,168954
3.6210,168867
3.6251,169907
3.6297,168654
3.6332,169224
3.6372,169103
3.6413,168656
3.6455,169685
3.6496,168531
3.6536,169303
3.6577,169431
3.6621,169246
3.6659,169979
3.6700,168961
3.6741,169124
3.6794,168932
3.6823,168988
3.6864,169530
3.6905,168687
3.6947,169011
3.6987,169545
3.7029,169292
3.7070,169156
3.7110,168776
3.7155,169026
3.7192,169177
3.7193,169317
3.7233,169077
3.7275,169023
3.7315,169586
3.7355,169074
3.7396,169179
3.7438,169240
3.7480,169598
3.7521,168860
3.7562,169352
3.7602,169378
3.7642,169506
3.7683,169317
3.7724,169267
3.7766,169285
3.7807,169329
3.7847,169636
3.7888,168897
3.7931,169371
3.7970,169181
3.8011,168889
3.8052,168790
3.8093,169444
3.8135,169051
3.8175,169193
3.8216,169415
3.8257,168542
3.8302,169837
3.8340,169428
3.8382,169777
3.8422,169183
3.8463,168729
3.8464,169521
3.8503,168829
3.8543,169554
3.8585,169699
3.8626,168961
3.8666,169686
3.8707,168984
3.8748,169389
3.8794,169517
3.8833,169096
3.8873,168988
3.8913,169297
3.8960,169243
3.8996,169370
3.9037,168848
3.9076,169806
3.9121,168904
3.9158,169446
3.9199,169213
3.9240,168864
3.9291,170026
3.9322,169219
3.9363,169465
3.9403,169577
3.9445,168530
3.9486,170483
3.9526,168902
3.9567,169624
3.9608,169354
3.9650,169059
3.9691,170383
3.9732,169865
3.9733,169927
3.9772,168747
3.9814,168916
3.9854,170460
3.9895,169133
3.9937,168959
3.9977,169404
4.0018,169079
4.0059,170267
4.0100,168998
4.0142,169636
4.0182,168849
4.0223,169655
4.0264,170364
4.0305,169167
4.0346,169442
4.0386,169925
4.0428,169299
4.0470,170640
4.0510,169506
4.0551,170088
4.0591,169403
4.0633,169171
4.0673,170149
4.0714,169285
4.0755,169197
4.0801,169605
4.0838,169084
4.0880,170341
4.0919,169232
4.0963,169462
4.1004,169574
4.1005,169566
4.1043,170079
4.1084,168610
4.1134,169580
4.1166,169776
4.1207,169490
4.1248,170343
4.1288,169464
4.1328,169486
4.1370,169671
4.1410,169339
4.1453,170013
4.1493,168810
4.1533,169651
4.1574,169663
4.1617,169463
4.1656,170300
4.1697,169359
4.1738,169236
4.1780,169435
4.1823,169351
4.1862,170140
4.1903,169344
4.1949,169319
4.1987,169712
4.2025,169135
4.2066,170134
4.2107,169282
4.2149,169569
4.2191,169426
4.2232,169492
4.2275,170185
4.2312,169562
4.2314,169765
4.2354,169709
4.2394,169360
4.2435,170220
4.2478,169515
4.2517,169924
4.2557,169901
4.2599,170206
4.2641,169808
4.2682,169293
4.2722,169667
4.2763,170004
4.2803,169850
4.2844,169123
4.2885,169208
4.2928,169509
4.2967,169914
4.3008,169622
4.3049,169411
4.3090,169506
4.3134,169868
4.3173,169785
4.3214,169703
4.3254,169687
4.3301,170138
4.3337,169173
4.3378,169782
4.3417,169249
4.3465,169787
4.3503,169825
4.3543,169777
4.3583,169495
4.3585,169983
4.3627,169480
4.3665,170219
4.3706,169764
4.3747,169375
4.3790,169338
4.3831,168877
4.3873,169856
4.3913,169638
4.3952,169265
4.3991,169423
4.4032,169220
4.4073,169917
4.4118,169713
4.4157,169786
4.4197,170363
4.4237,169054
4.4282,170173
4.4320,170157
4.4361,170162
4.4402,169803
4.4443,168996
4.4485,170285
4.4525,169753
4.4566,170075
4.4607,169973
4.4646,169389
4.4688,170701
4.4729,169288
4.4774,170088
4.4814,169534
4.4854,168727
4.4855,170421
4.4893,169909
4.4934,169550
4.4976,169947
4.5015,169156
4.5056,170390
4.5097,170085
4.5138,169616
4.5179,169610
4.5220,168841
4.5263,170798
4.5302,169154
4.5342,169068
4.5383,169866
4.5427,169378
4.5467,171244
4.5508,169132
4.5548,169978
4.5588,170383
4.5633,169460
4.5670,170654
4.5711,169762
4.5752,169674
4.5796,169526
4.5834,169810
4.5875,170893
4.5916,169636
4.5957,169756
4.5998,169901
4.6044,168694
4.6083,170828
4.6122,169365
4.6124,169417
4.6166,170128
4.6203,169526
4.6244,171134
4.6292,169647
4.6325,169677
4.6366,169672
4.6408,169769
4.6458,170992
4.6489,169766
4.6530,170176
4.6571,170370
4.6616,169443
4.6653,170459
4.6694,169364
4.6735,169759
4.6777,169998
4.6817,169042
4.6858,170627
4.6899,169303
4.6940,170031
4.6982,170003
4.7023,169343
4.7064,170254
4.7112,169633
4.7147,169887
4.7187,169474
4.7227,169839
4.7268,170461
4.7309,169689
4.7352,170085
4.7394,169643
4.7395,169453
4.7432,169951
4.7473,169589
4.7513,169943
4.7554,169778
4.7597,169821
4.7637,170438
4.7677,169591
4.7718,170253
4.7760,169963
4.7801,169599
4.7841,169961
4.7882,170122
4.7923,169546
4.7964,169900
4.8005,169948
4.8046,170137
4.8087,169779
4.8128,169794
4.8169,169697
4.8210,169702
4.8251,170228
4.8292,169366
4.8332,169633
4.8373,169670
4.8415,170283
4.8455,169712
4.8496,169979
4.8538,169755
4.8578,170324
4.8620,169516
4.8663,169864
4.8664,170193
4.8701,170259
4.8743,170511
4.8783,169718
4.8825,169532
4.8866,169961
4.8907,170026
4.8948,170259
4.8989,169953
4.9030,169964
4.9071,170413
4.9111,170197
4.9152,169575
4.9193,170595
4.9234,169000
4.9275,170061
4.9315,169819
4.9359,169840
4.9400,169253
4.9440,169404
4.9481,169962
4.9521,169751
4.9563,170138
4.9603,169941
4.9644,168982
4.9686,170468
4.9726,169912
4.9767,169962
4.9808,170219
4.9849,169166
4.9892,170268
4.9932,169817
4.9933,169940
4.9973,170118
5.0012,169152
5.0053,170835
5.0094,169745
5.0135,169874
5.0177,170414
5.0218,169098
5.0259,170662
5.0299,169663
5.0340,169908
5.0381,169960
5.0422,169011
5.0463,170959
5.0504,169621
5.0545,170422
5.0586,170110
5.0627,169344
5.0668,171051
5.0708,169386
5.0750,169838
5.0790,170321
5.0832,168869
5.0873,171105
5.0913,169996
5.0955,169828
5.0996,169621
5.1037,169345
5.1077,171066
5.1119,169411
5.1164,170017
5.1202,169715
5.1204,169630
5.1242,170869
5.1283,169713
5.1323,169965
5.1364,169974
5.1407,169551
5.1448,170590
5.1488,169946
5.1528,169490
5.1569,169570
5.1610,169598
5.1651,170770
5.1692,169105
5.1733,169491
5.1774,169740
5.1816,169422
5.1857,170657
5.1897,169291
5.1937,169877
5.1978,170074
5.2020,169967
5.2060,170405
5.2102,169539
5.2143,170431
5.2184,170221
5.2225,170307
5.2266,170135
5.2306,169052
5.2348,169614
5.2389,170188
5.2430,169922
5.2470,170289
5.2471,170085
5.2512,170349
5.2552,170686
5.2593,169798
5.2633,170713
5.2674,169992
5.2715,170468
5.2756,170232
5.2797,170025
5.2838,170355
5.2879,169557
5.2920,170010
5.2962,170360
5.3003,169993
5.3044,170395
5.3085,169444
5.3127,169852
5.3170,169775
5.3208,169725
5.3251,170150
5.3298,169945
5.3335,170114
5.3534,170307
5.3575,170196
5.3746,170027
5.3947,169855
5.3948,170291
5.3948,170392
5.4026,170188
5.4394,169758
5.4643,170279
5.4886,170045
5.4887,169735
5.5009,170036
5.5134,170016
5.5135,169828
5.5172,170100
5.5173,170278
5.5337,170356
5.5443,170256
5.5477,170482
5.5478,170378
5.5482,170287
5.5487,170601
5.5488,170364
5.5492,169854
5.5495,170297
5.5499,170034
5.5500,170725
5.5501,170218
5.5505,170870
5.5506,170088
5.5509,169458
5.5513,170447
5.5517,169513
5.5521,171018
5.5526,169908
5.5528,170754
5.5531,170325
5.5535,169819
5.5539,171065
5.5542,170091
5.5543,169970
5.5565,170133
5.5591,169772
5.5592,171127
5.5642,170112
5.5648,170627
5.5653,170614
5.5657,169717
5.5658,170929
5.5662,170471
5.5663,170434
5.5665,171065
5.5666,169458
5.5670,171163
5.5671,170009
5.5675,170369
5.5678,170625
5.5681,169779
5.5682,171251
5.5709,169615
5.5776,170456
5.5787,170522
5.5867,169550
5.5887,170917
5.5923,170423
5.5961,170289
5.5997,170472
5.6052,169347
5.6082,170680
5.6147,169781
5.6171,170297
5.6214,170555
5.6240,170551
5.6280,170766
5.6320,169844
5.6323,170172
5.6384,169960
5.6424,170063
5.6464,171258
5.6491,170026
5.6525,169891
5.6612,170751
5.6638,170175
5.6666,171337
5.6691,169437
5.6752,170668
5.6820,170610
5.6834,170061
5.6866,171004
5.6948,170111
5.6948,169912
5.6975,170379
5.7020,170385
5.7063,170874
5.7105,170953
5.7144,170732
5.7182,170231
5.7226,170016
5.7269,171352
5.7448,169939
5.7449,170267
5.7584,170307
5.7585,169959
5.7585,170540
5.7688,170043
5.7689,170199
5.7692,170101
5.7700,170276
5.7706,170961
5.7711,170342
5.7718,170442
5.7757,170584
5.7797,169904
5.7837,170614
5.7881,170518
5.8128,170489
5.8129,170531
5.8129,170208
5.8328,169970
5.8329,170708
5.8404,170817
5.8427,170482
5.8427,170044
5.8432,170851
5.8434,170439
5.8439,170061
5.8445,170447
5.8452,170470
5.8458,170485
5.8496,170443
5.8537,170293
5.8633,170588
5.8634,170118
5.8661,170315
5.8696,169970
5.8737,170267
5.9143,170456
5.9164,169635
5.9171,170390
5.9179,170645
5.9186,169995
5.9192,169957
5.9200,170536
5.9206,170438
5.9217,170571
5.9223,169942
5.9230,169855
5.9240,170268
5.9243,170037
5.9274,170156
5.9316,170413
5.9356,170268
5.9397,170375
5.9438,170259
5.9480,170403
5.9515,170923
5.9563,169995
6.0025,170262
6.0040,169961
6.0041,170535
6.0052,171112
6.0058,170474
6.0067,170548
6.0073,170002
6.0085,170904
6.0094,170040
6.0100,170411
6.0108,170720
6.0116,170032
6.0121,171053
6.0156,170826
6.0159,170390
6.0415,170331
6.0416,169909
6.0418,170894
6.0420,170622
6.0501,170283
6.0502,170400
6.0598,170173
6.0929,171660
6.1105,170189
6.1125,170541
6.1132,169401
6.1133,169537
6.1134,170857
6.1138,170235
6.1191,170320
6.1195,170209
6.1196,169298
6.1315,171077
6.1370,169976
6.1540,170415
6.1676,170983
6.1688,170119
6.1823,171491
6.2176,170395
6.2285,170414
6.2285,170145
6.2439,169865
6.2504,171515
6.2902,170030
6.2908,170570
6.2995,170321
6.3371,169954
6.3413,171438
6.3414,169713
6.3554,169994
6.3593,170209
6.3607,169962
6.3623,171580
6.3641,170458
6.3654,171200
6.3665,170635
6.3788,170040
6.4067,171339
6.4075,169800
6.4104,169738
6.4105,170712
6.4134,170316
6.4135,171530
6.4135,170001
6.4138,170554
6.4230,170230
6.4298,170738
6.4374,171060
6.4450,169993
6.4568,170610
6.4625,170647
6.4683,169803
6.4724,171302
6.4800,169506
6.4801,170876
6.4803,170525
6.4805,170415
6.4806,170836
6.4807,169995
6.4807,170165
6.4808,170783
6.4809,169863
6.4809,171265
6.4810,169869
6.4811,170376
6.4811,170336
6.4812,169814
6.4813,170850
6.4813,170336
6.4814,170478
6.4815,170444
6.4815,169870
6.4816,170390
6.4817,169954
6.4817,170021
6.4818,170106
6.4819,170140
6.4819,170887
6.4820,169768
6.4820,169944
6.4821,170275
6.4822,170652
6.4822,170731
6.4823,170703
6.4824,170167
6.4824,170016
6.4825,170519
6.4826,170576
6.4826,170126
6.4827,169933
6.4828,170225
6.4828,170571
6.4829,170665
6.4830,170341
6.4830,169951
6.4831,170499
6.4832,170152
6.4832,170521
6.4833,169599
6.4833,169896
6.4834,170033
6.4835,170113
6.4835,170003
6.4836,170698
6.4837,170128
6.4838,170275
6.4838,169597
6.4839,169545
6.4840,169929
6.4840,170242
6.4841,170672
6.4842,170544
6.4842,169812
6.4880,170562
6.4921,170266
6.4962,170084
6.5003,170602
6.5045,170567
6.5085,170314
6.5127,170417
6.5169,169911
6.5210,171024
6.5251,169756
6.5253,170445
6.5291,170360
6.5332,170684
6.5373,170356
6.5414,169686
6.5455,170479
6.5495,170173
6.5536,170434
6.5577,170467
6.5618,169728
6.5659,170998
6.5701,169959
6.5740,170158
6.5782,170148
6.5823,169251
6.5864,171009
6.5904,170117
6.5946,170473
6.5987,170372
6.6028,169070
6.6068,170956
6.6110,170741
6.6151,170271
6.6192,170377
6.6232,169225
6.6273,171286
6.6314,169822
6.6355,169885
6.6397,169876
6.6440,169819
6.6480,171564
6.6520,169547
6.6521,170269
6.6560,170182
6.6601,169448
6.6642,171117
6.6682,169532
6.6723,170569
6.6765,170320
6.6806,169825
6.6847,171092
6.6888,170122
6.6932,169947
6.6969,170624
6.7010,170083
6.7051,170996
6.7092,169581
6.7133,169982
6.7174,169969
6.7215,169603
6.7256,170988
6.7296,169608
6.7337,170286
6.7378,170366
6.7420,169668
6.7461,171418
6.7501,169454
6.7542,170408
6.7583,170247
6.7624,169806
6.7665,171246
6.7706,170023
6.7749,170481
6.7789,170393
6.7790,169902
6.7830,170807
6.7871,170392
6.7912,170245
6.7953,170358
6.7994,170149
6.8035,170944
6.8075,169846
6.8116,169558
6.8157,169873
6.8198,170017
6.8240,170299
6.8280,170242
6.8321,170080
6.8362,170386
6.8403,170158
6.8444,170845
6.8485,170028
6.8526,170385
6.8566,170639
6.8608,170284
6.8650,170118
6.8690,169972
6.8731,170400
6.8771,170019
6.8813,170334
6.8854,170207
6.8896,170501
6.8936,170668
6.8977,169939
6.9021,170180
6.9060,170682
6.9061,170110
6.9100,170583
6.9141,170133
6.9181,169885
6.9222,170611
6.9263,170082
6.9304,170023
6.9345,169948
6.9386,170365
6.9427,170168
6.9468,170091
6.9509,170428
6.9550,170748
6.9591,170733
6.9633,170423
6.9672,170148
6.9713,170147
6.9754,170488
6.9795,170736
6.9838,169829
6.9880,170741
6.9919,170020
6.9973,170272
7.0065,169976
7.0083,169764
7.0083,170839
7.0125,169853
7.0165,170189
7.0207,170358
7.0248,169789
7.0295,171016
7.0334,169906
7.0335,169960
7.0372,169533
7.0516,169836
7.0580,170095
7.0593,169930
7.0597,170315
7.0598,170207
7.0637,170207
7.0672,170564
7.0700,170288
7.0818,170370
7.0885,170434
7.0946,169808
7.0948,170779
7.1014,170789
7.1016,170023
7.1025,170633
7.1063,169737
7.1077,171268
7.1174,170590
7.1251,170345
7.1310,170648
7.1404,170222
7.1536,171238
7.1593,169735
7.1610,170020
7.1645,170452
7.1663,169954
7.1664,171616
7.1732,170126
7.1833,170371
7.1900,170330
7.2068,169671
7.2131,171609
7.2173,170551
7.2230,170314
7.2323,171179
7.2387,169505
7.2397,171178
7.2412,170585
7.2464,170341
7.2505,170699
7.2535,169654
7.2539,171019
7.2577,169919
7.2595,170264
7.2595,170720
7.2620,169878
7.2621,170980
7.2666,170011
7.2695,170034
7.2892,170157
7.2910,170020
7.2930,171212
7.2933,170200
7.2951,170156
7.3015,171116
7.3016,170373
7.3017,171350
7.3074,170065
7.3400,170375
7.3441,170129
7.3443,169974
7.3499,170941
7.3500,169607
7.3563,170796
7.3657,170311
7.3689,170071
7.3690,170891
7.3712,169898
7.3716,170435
7.3723,170646
7.3727,170621
7.3734,170953
7.3788,170091
7.3852,170542
7.3852,169970
7.3973,169931
7.4097,170936
7.4228,169863
7.4296,170824
7.4413,171022
7.4725,170714
7.4734,171630
7.4735,169821
7.4752,170455
7.4753,170574
7.4798,170794
7.4954,171025
7.4957,169877
7.4957,170790
7.5069,170503
7.5404,170207
7.5467,170674
7.5487,170363
7.5531,170760
7.5614,170516
7.5727,170650
7.5728,171048
7.5729,169973
7.5752,170726
7.5752,170543
7.5753,170166
7.5903,170643
7.6020,170410
7.6028,170579
7.6029,170575
7.6048,170146
7.6264,170583
7.6398,170699
7.6553,170035
7.6596,170802
7.6645,170234
7.6671,169901
7.6671,169943
7.6727,170611
7.6737,170124
7.6752,170508
7.6762,170299
7.6762,170443
7.6763,170225
7.6764,170671
7.6790,170002
7.6805,169920
7.6810,170183
7.6820,170441
7.6836,170347
7.6837,170696
7.6838,170034
7.6879,171029
7.6900,170597
7.6952,169982
7.6953,170316
7.6991,170022
7.6992,171225
7.6993,170180
7.7121,170343
7.7286,170608
7.7319,169422
7.7337,170664
7.7365,170637
7.7421,170081
7.7428,170503
7.7444,169960
7.7492,170914
7.7614,170557
7.7776,170606
7.7777,169776
7.7784,169557
7.7787,170996
7.7792,169860
7.7793,170456
7.7812,170127
7.7832,169455
7.7835,171400
7.7837,170388
7.7837,170267
7.7838,170904
7.7858,169412
7.7860,171252
7.7861,170482
7.7881,170544
7.7883,170974
7.7884,169877
7.7906,171660
7.7908,169911
7.7914,170987
7.7914,171026
7.7915,170036
7.7933,171740
7.7938,170012
7.7940,170622
7.7960,170469
7.7961,170119
7.7963,171244
7.7963,169772
7.7964,170096
7.7972,170449
7.7980,169566
7.7991,171003
7.7994,169593
7.7997,170299
7.7999,170429
7.8002,169818
7.8008,171800
7.8009,170021
7.8009,171043
7.8012,170818
7.8025,170027
7.8059,171430
7.8072,169921
7.8075,170967
7.8078,170399
7.8082,170456
7.8100,170712
7.8144,169761
7.8192,170450
7.8233,170608
7.8236,169851
7.8295,170948
7.8296,170233
7.8375,170733
7.8377,170440
7.8565,170432
7.8568,170922
7.8570,170207
7.8573,170106
7.8642,169805
7.8643,170244
7.8646,171090
7.8730,169767
7.8889,170292
7.8929,170757
7.9170,170404
7.9216,170839
7.9254,170079
7.9316,170078
7.9461,170473
7.9803,170373
7.9840,170101
7.9893,169977
7.9961,170654
8.0057,170549
8.0128,170382
8.0129,170774
8.0225,170201
8.0391,170666
8.0410,170066
8.0449,171008
8.0449,170500
8.0584,169909
8.0585,170542
8.0874,169738
8.0967,170581
8.0971,170664
8.0985,170120
8.1110,170372
8.1117,170233
8.1232,170807
8.1286,170120
8.1304,170352
8.1329,170412
8.1391,170703
8.1407,170755
8.1447,170192
8.1498,169977
8.1499,170584
8.1597,170234
8.1631,170597
8.1673,170328
8.1684,170007
8.1684,170274
8.1686,170654
8.1688,170496
8.1689,170311
0.0001,170218
0.0007,170766
0.0008,170499
0.0008,170539
0.0010,169904
0.0011,170644
0.0015,170184
0.0019,169948
0.0020,170483
0.0021,170570
0.0024,170389
0.0026,170545
0.0029,170989
0.0031,170572
0.0033,170165
0.0035,170498
0.0036,170937
0.0039,170696
0.0043,170505
0.0045,170085
0.0049,170534
0.0050,171002
0.0052,170589
0.0055,170037
0.0057,169825
0.0060,171112
0.0066,170353
0.0069,170219
0.0071,170646
0.0073,169696
0.0074,171066
0.0076,170194
0.0077,170204
0.0106,170965
0.0109,169814
0.0150,171317
0.0189,170137
0.0244,170496
0.0272,170206
0.0311,170521
0.0352,171289
0.0393,170274
0.0435,170305
0.0475,170393
0.0515,170109
0.0556,171715
0.0597,170310
0.0638,170320
0.0679,170989
0.0720,170111
0.0761,171276
0.0803,170026
0.0843,170014
0.0884,170499
0.0925,169838
0.0966,171090
0.1007,169431
0.1048,169866
0.1090,170755
0.1131,170245
0.1172,171503
0.1213,169843
0.1254,170513
0.1295,170572
0.1337,170117
0.1377,170629
0.1378,169855
0.1418,169972
0.1459,170685
0.1499,169800
0.1540,171564
0.1581,169712
0.1622,170334
0.1663,170495
0.1704,169775
0.1745,170823
0.1786,170148
0.1827,170436
0.1867,170289
0.1909,170280
0.1949,170717
0.1991,170222
0.2032,170139
0.2073,170412
0.2114,169991
0.2155,170437
0.2195,169977
0.2237,170481
0.2278,170321
0.2318,170679
0.2359,170952
0.2400,170437
0.2441,170668
0.2483,170136
0.2523,169951
0.2565,171217
0.2606,170175
0.2647,170952
0.2648,170571
0.2687,170318
0.2728,171365
0.2768,169991
0.2809,170173
0.2850,170157
0.2891,170514
0.2932,170835
0.2973,169694
0.3014,171119
0.3055,171102
0.3096,170549
0.3137,171049
0.3178,170459
0.3219,169990
0.3260,171066
0.3300,170650
0.3343,170057
0.3382,170733
0.3424,170182
0.3465,170431
0.3505,169767
0.3546,170689
0.3587,169999
0.3628,169961
0.3669,170379
0.3710,170782
0.3751,170336
0.3792,170242
0.3833,170475
0.3876,170486
0.3918,170545
0.3919,170078
0.3956,170326
0.3997,170469
0.4038,170755
0.4079,170192
0.4120,170443
0.4161,170371
0.4202,170536
0.4243,170613
0.4285,170446
0.4326,169695
0.4365,170520
0.4408,170354
0.4449,169774
0.4489,170489
0.4531,169977
0.4571,170442
0.4612,170113
0.4653,170471
0.4694,170570
0.4735,169319
0.4776,170845
0.4817,170396
0.4857,170452
0.4899,170571
0.4940,169745
0.4981,171066
0.5022,170065
0.5062,170571
0.5104,170595
0.5148,170167
0.5186,170576
0.5227,171234
0.5228,170632
0.5268,171129
0.5309,169569
0.5350,171155
0.5391,170737
0.5431,169902
0.5472,170467
0.5514,170002
0.5555,170983
0.5595,170649
0.5636,170412
0.5677,170645
0.5718,169732
0.5759,171263
0.5800,169954
0.5841,170825
0.5882,170716
0.5923,170002
0.5964,171754
0.6005,169950
0.6046,170396
0.6087,170487
0.6128,170437
0.6169,171389
0.6210,169626
0.6251,170208
0.6291,170625
0.6333,169599
0.6374,171729
0.6415,169963
0.6457,170477
0.6496,170644
0.6497,170111
0.6537,171710
0.6577,170002
0.6620,170713
0.6660,170399
0.6700,170129
0.6742,171724
0.6783,170092
0.6824,170718
0.6864,171019
0.6906,170769
0.6947,171102
0.6988,170170
0.7029,170369
0.7070,170682
0.7111,169891
0.7152,171029
0.7198,169808
0.7234,170838
0.7275,170558
0.7315,170284
0.7356,171211
0.7398,169944
0.7438,170396
0.7480,170369
0.7520,169738
0.7562,171218
0.7602,170062
0.7644,170647
0.7686,170745
0.7727,170096
0.7767,170987
0.7768,169856
0.7808,170455
0.7848,170352
0.7889,169988
0.7930,170960
0.7971,170528
0.8012,170445
0.8053,169930
0.8094,170606
0.8135,170619
0.8176,169723
0.8217,170517
0.8257,170579
0.8301,170380
0.8339,170756
0.8380,170113
0.8423,170311
0.8463,170654
0.8504,170604
0.8544,171185
0.8585,170087
0.8625,170349
0.8666,170060
0.8707,170223
0.8749,170116
0.8789,170338
0.8830,170283
0.8871,169974
0.8912,169663
0.8956,170601
0.8996,169789
0.9036,170743
0.9037,170142
0.9077,170202
0.9118,170692
0.9158,170386
0.9199,170553
0.9240,170231
0.9282,170248
0.9322,169825
0.9362,169908
0.9405,170191
0.9446,170277
0.9487,170401
0.9528,170169
0.9568,170245
0.9610,170581
0.9650,170077
0.9691,169935
0.9732,169547
0.9772,170592
0.9813,170021
0.9854,170616
0.9895,170615
0.9937,169943
0.9978,170492
1.0018,170482
1.0060,170006
1.0100,170295
1.0141,169719
1.0183,170855
1.0226,170308
1.0266,169966
1.0307,170566
1.0308,169447
1.0347,170586
1.0388,169874
1.0429,170563
1.0470,170313
1.0510,169585
1.0551,171059
1.0592,170548
1.0633,170084
1.0674,170475
1.0715,169786
1.0756,171342
1.0797,169981
1.0837,169921
1.0879,169952
1.0920,169586
1.0961,171438
1.1002,170344
1.1042,170319
1.1084,170223
1.1125,170352
1.1166,171617
1.1207,170280
1.1248,170150
1.1288,170275
1.1330,169436
1.1371,171244
1.1412,169954
1.1453,170352
1.1494,170302
1.1535,169596
1.1576,171541
1.1576,169803
1.1616,169367
1.1657,170623
1.1697,170168
1.1739,171714
1.1780,169622
1.1821,170576
1.1861,170833
1.1903,169954
1.1944,171036
1.1985,169575
1.2026,170065
1.2067,170269
1.2108,170068
1.2149,171414
1.2190,169932
1.2230,169892
1.2272,170060
1.2312,169778
1.2353,170801
1.2395,168978
1.2436,170415
1.2477,170407
1.2517,170272
1.2558,170677
1.2598,170408
1.2641,170579
1.2681,170339
1.2722,170042
1.2763,170517
1.2806,169813
1.2846,170188
1.2847,170087
1.2885,170601
1.2927,170727
1.2968,169304
1.3009,170507
1.3050,170326
1.3090,169878
1.3132,170466
1.3173,170009
1.3214,169887
1.3255,169943
1.3295,170298
1.3337,170923
1.3378,169637
1.3418,170115
1.3459,170190
1.3500,170221
1.3541,170696
1.3582,169867
1.3623,170357
1.3664,170904
1.3705,170070
1.3746,170727
1.3787,170182
1.3828,170409
1.3869,170565
1.3910,170248
1.3951,169811
1.3992,169884
1.4032,170543
1.4075,170699
1.4116,170359
1.4117,170095
1.4156,169892
1.4196,170400
1.4238,169835
1.4279,170120
1.4319,170510
1.4359,170195
1.4402,170594
1.4442,170201
1.4483,170512
1.4525,169998
1.4564,170293
1.4606,170141
1.4647,170330
1.4688,170260
1.4729,169487
1.4770,169684
1.4811,170229
1.4852,170001
1.4893,170271
1.4934,169243
1.4975,170175
1.5016,169946
1.5057,169605
1.5098,169884
1.5138,169202
1.5180,170782
1.5221,170001
1.5262,170339
1.5303,170395
1.5346,169506
1.5386,170565
1.5425,170000
1.5426,170493
1.5466,170722
1.5508,169943
1.5548,170631
1.5589,170552
1.5630,170244
1.5671,170132
1.5712,170118
1.5753,170644
1.5794,169863
1.5835,170018
1.5875,170367
1.5917,169808
1.5958,170436
1.5999,170098
1.6040,170535
1.6081,169921
1.6122,169924
1.6162,171029
1.6203,170585
1.6245,170737
1.6285,169843
1.6326,169392
1.6367,171100
1.6408,169683
1.6449,170136
1.6490,170922
1.6530,169531
1.6572,171311
1.6615,170280
1.6657,170680
1.6695,170567
1.6696,169315
1.6735,171249
1.6776,169478
1.6817,169371
1.6858,170970
1.6899,169646
1.6940,170733
1.6981,169282
1.7022,170113
1.7063,170530
1.7104,169925
1.7145,170821
1.7186,169318
1.7226,170323
1.7268,170778
1.7308,170046
1.7350,170969
1.7390,169919
1.7431,170580
1.7474,169882
1.7514,170372
1.7555,171101
1.7595,168987
1.7637,170184
1.7678,170000
1.7719,169736
1.7761,170981
1.7801,169648
1.7842,170446
1.7886,170142
1.7926,169464
1.7965,171043
1.7967,170185
1.8006,170337
1.8047,170358
1.8088,169863
1.8129,170779
1.8170,169667
1.8210,170602
1.8251,170206
1.8292,170347
1.8332,171125
1.8374,170193
1.8415,170487
1.8455,170393
1.8497,170150
1.8537,170817
1.8578,169345
1.8619,170291
1.8660,170367
1.8701,170233
1.8742,170918
1.8783,169962
1.8824,170399
1.8865,170447
1.8906,169746
1.8948,170696
1.8988,169458
1.9030,170250
1.9071,170426
1.9111,170446
1.9153,170360
1.9195,169944
1.9239,169900
1.9240,169983
1.9275,170580
1.9316,171009
1.9357,170312
1.9398,170057
1.9439,170964
1.9480,170461
1.9521,170374
1.9562,170584
1.9603,170474
1.9644,170381
1.9685,169991
1.9726,170726
1.9767,170078
1.9808,169748
1.9848,170367
1.9890,170352
1.9931,169627
1.9972,170052
2.0013,169883
2.0054,170715
2.0095,170429
2.0136,169591
2.0177,170676
2.0217,170082
2.0258,170602
2.0300,170180
2.0340,169753
2.0381,170418
2.0423,170104
2.0466,170335
2.0506,170308
2.0506,169687
2.0545,170874
2.0586,170321
2.0627,170195
2.0668,170258
2.0709,169421
2.0750,170379
2.0791,170548
2.0832,170285
2.0873,170047
2.0914,169591
2.0955,170799
2.0996,170338
2.1037,170128
2.1078,170252
2.1119,169851
2.1160,170381
2.1200,170057
2.1241,170040
2.1281,170329
2.1323,169300
2.1365,171386
2.1404,170304
2.1448,170440
2.1488,170627
2.1528,169533
2.1569,171594
2.1610,169808
2.1651,170574
2.1692,170382
2.1734,169829
2.1774,171137
2.1775,170114
2.1815,170379
2.1855,170626
2.1897,170237
2.1938,171677
2.1979,169660
2.2020,169904
2.2061,170193
2.2102,169566
2.2143,171658
2.2183,169607
2.2225,170751
2.2265,170593
2.2306,170254
2.2348,171575
2.2388,169852
2.2429,170578
2.2470,170834
2.2511,170205
2.2552,171417
2.2593,169751
2.2634,170380
2.2675,170380
2.2716,170321
2.2757,170593
2.2798,169870
2.2839,170345
2.2880,170193
2.2921,170262
2.2962,170605
2.3003,169487
2.3045,170671
2.3045,170606
2.3085,170483
2.3126,171181
2.3167,170291
2.3208,170329
2.3248,170322
2.3289,170905
2.3331,170846
2.3371,170271
2.3413,170436
2.3453,170878
2.3494,170528
2.3535,170968
2.3576,170456
2.3617,170075
2.3658,170432
2.3699,171043
2.3739,170796
2.3781,170232
2.3822,170772
2.3863,170712
2.3904,170363
2.3945,170945
2.3986,169820
2.4026,170381
2.4068,170165
2.4109,169904
2.4150,170495
2.4190,170691
2.4232,170430
2.4274,170347
2.4315,170244
2.4315,170639
2.4354,170503
2.4395,170006
2.4436,170132
2.4477,170435
2.4518,170488
2.4559,170288
2.4600,170356
2.4641,170850
2.4682,170159
2.4723,170442
2.4764,170102
2.4805,170206
2.4846,170447
2.4887,170122
2.4927,170728
2.4969,169622
2.5010,170899
2.5051,170750
2.5092,169838
2.5133,170076
2.5174,170896
2.5215,171062
2.5255,170887
2.5297,170709
2.5337,169790
2.5379,170665
2.5418,170570
2.5460,170345
2.5501,170647
2.5544,169738
2.5584,170188
2.5585,170131
2.5624,170276
2.5665,170278
2.5706,170150
2.5747,170259
2.5788,170577
2.5828,170363
2.5870,170114
2.5911,170159
2.5952,170378
2.5993,170955
2.6035,170413
2.6075,170544
2.6116,170451
2.6156,171383
2.6198,170482
2.6239,170789
2.6280,170664
2.6320,169879
2.6361,170917
2.6402,170549
2.6443,170522
2.6485,170141
2.6525,169893
2.6566,171207
2.6606,170161
2.6648,170633
2.6688,170374
2.6730,169665
2.6771,171239
2.6813,169952
2.6854,170027
2.6894,170491
2.6895,169794
2.6935,171939
2.6976,169643
2.7017,170363
2.7058,170558
2.7099,170041
2.7140,171497
2.7180,170006
2.7222,170101
2.7263,170661
2.7303,170048
2.7345,171853
2.7385,170163
2.7426,170179
2.7467,170875
2.7508,169905
2.7549,171415
2.7589,169575
2.7630,170657
2.7671,170315
2.7712,169940
2.7754,171457
2.7795,169768
2.7836,170177
2.7877,171132
2.7918,170496
2.7959,171040
2.8000,169635
2.8041,170703
2.8082,170419
2.8123,170071
2.8163,171079
2.8164,169630
2.8204,170895
2.8245,170941
2.8285,170578
2.8326,170919
2.8368,170257
2.8408,170815
2.8450,170791
2.8490,170152
2.8531,170795
2.8572,169695
2.8613,171149
2.8654,171100
2.8695,170713
2.8736,170600
2.8777,170401
2.8818,169626
2.8859,170634
2.8900,170529
2.8941,170722
2.8982,170599
2.9022,170663
2.9064,170315
2.9105,170814
2.9145,170588
2.9187,170486
2.9229,170237
2.9270,170660
2.9311,170574
2.9352,170343
2.9395,169959
2.9432,170643
2.9433,170976
2.9474,170677
2.9515,170588
2.9555,170530
2.9596,170442
2.9637,170776
2.9678,171027
2.9719,170190
2.9760,170764
2.9801,170069
2.9842,170920
2.9883,170612
2.9924,170203
2.9966,170444
3.0006,170758
3.0047,170231
3.0088,170348
3.0130,170519
3.0170,171060
3.0211,170571
3.0252,170295
3.0293,170780
3.0334,170514
3.0375,170693
3.0415,170945
3.0457,170718
3.0497,169884
3.0538,170250
3.0579,170353
3.0621,170455
3.0662,170470
3.0703,171146
3.0704,169807
3.0743,171037
3.0784,170279
3.0825,170424
3.0867,170563
3.0907,170078
3.0948,170633
3.0989,170195
3.1030,170219
3.1072,170072
3.1113,169501
3.1153,170980
3.1195,169910
3.1234,170461
3.1276,170549
3.1317,169668
3.1358,170868
3.1399,170495
3.1439,170584
3.1481,170641
3.1521,169676
3.1562,170892
3.1604,170447
3.1644,170619
3.1686,170523
3.1726,169930
3.1767,171546
3.1808,170047
3.1849,169927
3.1890,170431
3.1934,170250
3.1975,171241
3.1976,170103
3.2014,170669
3.2055,170710
3.2095,170294
3.2137,171454
3.2178,170043
3.2219,170558
3.2259,170608
3.2300,170008
3.2341,171591
3.2383,169904
3.2427,169643
3.2463,170261
3.2504,170519
3.2558,171691
3.2586,170167
3.2628,170679
3.2669,170290
3.2709,170039
3.2750,171312
3.2791,170006
3.2832,170710
3.2873,170465
3.2914,169700
3.2956,171381
3.2997,169992
3.3038,170057
3.3079,170548
3.3120,170467
3.3161,171561
3.3203,169242
3.3244,170660
3.3244,170932
3.3282,170315
3.3325,171535
3.3367,170221
3.3406,170533
3.3447,170763
3.3488,170025
3.3529,171485
3.3570,170029
3.3611,170596
3.3652,170413
3.3692,170041
3.3733,170597
3.3774,170118
3.3815,170276
3.3856,170959
3.3897,170786
3.3938,170740
3.3979,170068
3.4020,170798
3.4062,170406
3.4103,169870
3.4144,171015
3.4184,170057
3.4225,170474
3.4267,170664
3.4307,170415
3.4347,170665
3.4390,170297
3.4431,170652
3.4473,170872
3.4513,170141
3.4514,170996
3.4552,170752
3.4593,170695
3.4636,170659
3.4675,170200
3.4716,170408
3.4757,170291
3.4798,170690
3.4839,170245
3.4880,170245
3.4921,170776
3.4962,170432
3.5002,170384
3.5044,170356
3.5085,170677
3.5126,170390
3.5167,170234
3.5208,170850
3.5248,170677
3.5290,170355
3.5331,170369
3.5374,170721
3.5413,170553
3.5454,170326
3.5494,170567
3.5535,171124
3.5576,171008
3.5617,170279
3.5658,170486
3.5700,170385
3.5741,170583
3.5781,170526
3.5782,170967
3.5823,171137
3.5863,170909
3.5905,170194
3.5946,170382
3.5987,170859
3.6028,170819
3.6069,170626
3.6111,170391
3.6151,170614
3.6192,170182
3.6232,170288
3.6273,170378
3.6315,169888
3.6355,171120
3.6396,169610
3.6437,170411
3.6478,170790
3.6518,169686
3.6560,170788
3.6601,170363
3.6642,170399
3.6683,170252
3.6724,169928
3.6765,171258
3.6806,170353
3.6846,170473
3.6888,170414
3.6929,169903
3.6969,170453
3.7012,170123
3.7053,170616
3.7054,170479
3.7093,169707
3.7134,171210
3.7175,170645
3.7216,170396
3.7256,170444
3.7297,169859
3.7338,171045
3.7380,169550
3.7420,170755
3.7461,170284
3.7502,169839
3.7543,171470
3.7584,170494
3.7626,170304
3.7666,170334
3.7707,169779
3.7748,171310
3.7789,170351
3.7829,170448
3.7871,170466
3.7912,169731
3.7953,171359
3.7994,169743
3.8034,170079
3.8075,170653
3.8117,169685
3.8156,171378
3.8197,170200
3.8239,170343
3.8282,170388
3.8322,170184
3.8323,171158
3.8363,169835
3.8403,170094
3.8444,170414
3.8485,169810
3.8526,171088
3.8567,170006
3.8608,170631
3.8649,170745
3.8690,169426
3.8731,171001
3.8772,169924
3.8813,170279
3.8854,169870
3.8895,170138
3.8936,170991
3.8977,169982
3.9017,170585
3.9059,170674
3.9100,169908
3.9141,170898
3.9181,169831
3.9222,170089
3.9262,170395
3.9305,170160
3.9345,171006
3.9386,170114
3.9427,170754
3.9468,170418
3.9509,169953
3.9552,171128
3.9592,170188
3.9593,170225
3.9632,170059
3.9673,169935
3.9713,170522
3.9755,169730
3.9795,170254
3.9836,170461
3.9878,170166
3.9919,170700
3.9959,169823
4.0001,170661
4.0042,169999
4.0084,170201
4.0123,170661
4.0165,170511
4.0205,170167
4.0246,170658
4.0288,170350
4.0328,170320
4.0369,170128
4.0410,170748
4.0450,170732
4.0492,169968
4.0532,169967
4.0575,169883
4.0615,170270
4.0656,170169
4.0697,170351
4.0738,170139
4.0779,170734
4.0823,170871
4.0862,170478
4.0902,170438
4.0903,170488
4.0942,170368
4.0983,170328
4.1024,170637
4.1067,169873
4.1106,170242
4.1148,170296
4.1189,170140
4.1230,170897
4.1270,170720
4.1312,169988
4.1352,170690
4.1393,170636
4.1435,170773
4.1476,170860
4.1516,169438
4.1557,170850
4.1598,170691
4.1638,171153
4.1679,170699
4.1721,169885
4.1763,170807
4.1802,170380
4.1853,170470
4.1885,170913
4.1966,169643
4.1976,170237
4.2087,170360
4.2091,169957
4.2104,170123
4.2133,169683
4.2171,171284
4.2174,170601
4.2212,169885
4.2263,170637
4.2299,169725
4.2334,171336
4.2390,170618
4.2422,170036
4.2457,170266
4.2499,169949
4.2540,171266
4.2581,170061
4.2622,170537
4.2662,170381
4.2704,169460
4.2745,171818
4.2793,169568
4.2826,170377
4.2867,170220
4.2918,169544
4.2952,171578
4.2990,170078
4.3031,170450
4.3081,170074
4.3112,170595
4.3154,171520
4.3195,170187
4.3248,170826
4.3278,170213
4.3318,169732
4.3361,170674
4.3403,170074
4.3442,170323
4.3443,170674
4.3482,169832
4.3523,171281
4.3566,169888
4.3609,170327
4.3646,170378
4.3686,170477
4.3734,171505
4.3774,169488
4.3809,170349
4.3851,170236
4.3896,170026
4.3935,170787
4.3974,169759
4.4014,170136
4.4066,170517
4.4097,170111
4.4139,170895
4.4178,169786
4.4225,170657
4.4260,170452
4.4304,170489
4.4343,170987
4.4391,169589
4.4428,170030
4.4465,170533
4.4505,170127
4.4557,171020
4.4593,170008
4.4629,170243
4.4671,170333
4.4715,170615
4.4721,170861
4.4755,169977
4.4797,170246
4.4833,170696
4.4886,170226
4.4920,170820
4.4958,169958
4.4997,170338
4.5053,170404
4.5087,170289
4.5121,170344
4.5160,169982
4.5214,170602
4.5243,170519
4.5285,170531
4.5325,170950
4.5365,170240
4.5413,170343
4.5447,170950
4.5488,170333
4.5530,170721
4.5576,170417
4.5613,170639
4.5652,170759
4.5693,170537
4.5735,170384
4.5775,170227
4.5816,170642
4.5857,170334
4.5906,170787
4.5939,170575
4.5981,170496
4.5981,170416
4.6022,170537
4.6069,170409
4.6103,170206
4.6144,170194
4.6185,170659
4.6231,170543
4.6267,170295
4.6309,169983
4.6349,170525
4.6392,170483
4.6431,170716
4.6471,170497
4.6512,170341
4.6562,169952
4.6598,170337
4.6635,170561
4.6676,170695
4.6722,169482
4.6762,170781
4.6800,169905
4.6840,170728
4.6888,170847
4.6923,170034
4.6964,170323
4.7005,170038
4.7055,170120
4.7091,170273
4.7131,170217
4.7168,170966
4.7214,170313
4.7250,170603
4.7251,170548
4.7291,169357
4.7332,171301
4.7387,170238
4.7420,170592
4.7455,170486
4.7495,169750
4.7561,171064
4.7581,170323
4.7618,170958
4.7659,170381
4.7704,169871
4.7742,171508
4.7784,170555
4.7823,170213
4.7864,170284
4.7906,170012
4.7946,171933
4.7987,170031
4.8028,170759
4.8070,170356
4.8112,170234
4.8151,171178
4.8192,170214
4.8239,170273
4.8276,170655
4.8316,170289
4.8355,171992
4.8399,170159
4.8441,170886
4.8480,170827
4.8521,170132
4.8562,171622
4.8564,170155
4.8602,170028
4.8643,170684
4.8684,170517
4.8731,171212
4.8771,170769
4.8806,170939
4.8847,170622
4.8889,170286
4.8933,171248
4.8970,169783
4.9011,170746
4.9060,170280
4.9098,169947
4.9135,171246
4.9175,170206
4.9216,170629
4.9262,170443
4.9299,170347
4.9338,171230
4.9388,169654
4.9421,170211
4.9461,170320
4.9502,170535
4.9860,171166
4.9860,169822
4.9866,170599
4.9868,170149
4.9872,170132
4.9878,171295
4.9881,169727
4.9883,171011
4.9884,170697
4.9885,170111
4.9913,170736
4.9958,170133
4.9996,170229
5.0048,170803
5.0080,170579
5.0117,171063
5.0157,170053
5.0230,170061
5.0246,170266
5.0281,170432
5.0321,170988
5.0363,170334
5.0408,170613
5.0452,170293
5.0493,170698
5.0534,170567
5.0572,170847
5.0620,170772
5.0652,170450
5.0690,171076
5.0737,170404
5.0776,170419
5.0813,170353
5.0855,170626
5.0902,170566
5.0938,171056
5.0983,170450
5.1021,170210
5.1060,170615
5.1100,170381
5.1101,170682
5.1141,170702
5.1181,170535
5.1232,170653
5.1264,170465
5.1304,169961
5.1348,170359
5.1387,170573
5.1431,170297
5.1469,170269
5.1510,170618
5.1566,170575
5.1595,170011
5.1632,170953
5.1673,170276
5.1720,170095
5.1763,170545
5.1796,170004
5.1837,170320
5.1886,170091
5.1919,170039
5.1961,170282
5.2002,170858
5.2044,170743
5.2084,170590
5.2130,169983
5.2164,170538
5.2218,170487
5.2254,170052
5.2290,170170
5.2330,170171
5.2378,170615
5.2384,170605
5.2413,170446
5.2453,170352
5.2493,169303
5.2549,170921
5.2586,170664
5.2617,170739
5.2656,170537
5.2718,169391
5.2741,171357
5.2782,170452
5.2820,170602
5.2862,170026
5.2909,169881
5.2943,170970
5.2984,170360
5.3025,170291
5.3071,170798
5.3107,169933
5.3147,171557
5.3189,170127
5.3236,170545
5.3271,170643
5.3311,169936
5.3353,171062
5.3403,170209
5.3442,170594
5.3475,170311
5.3517,169725
5.3562,171149
5.3600,169867
5.3640,170338
5.3640,170263
5.3683,169802
5.3727,170996
5.3769,170326
5.3809,170256
5.3847,170178
5.3885,170375
5.3930,171107
5.3969,170400
5.4011,170870
5.4056,170637
5.4091,170362
5.4136,171360
5.4173,169662
5.4216,170814
5.4259,170678
5.4299,170325
5.4337,171471
5.4385,170317
5.4421,170600
5.4466,170784
5.4499,170019
5.4543,171212
5.4584,169709
5.4626,170557
5.4665,170588
5.4713,170307
5.4751,171273
5.4793,169873
5.4827,170940
5.4879,170514
5.4910,170242
5.4951,171357
5.4951,170513
5.4991,170434
5.5057,170814
5.5078,170154
5.5117,171131
5.5154,169259
5.5203,169948
5.5243,170093
5.5277,170446
5.5320,170951
5.5360,169545
5.5406,170308
5.5452,170783
5.5483,170595
5.5524,171400
5.5572,169608
5.5615,170391
5.5646,170897
5.5687,170336
5.5733,170971
5.5770,169833
5.5814,170651
5.5852,169809
5.5899,170660
5.5935,170944
5.5984,170287
5.6015,170789
5.6064,171131
5.6104,170086
5.6139,170633
5.6179,170477
5.6221,170667
5.6227,170699
5.6260,170237
5.6301,170173
5.6342,170487
5.6393,170431
5.6430,170622
5.6465,170344
5.6506,170451
5.6555,170202
5.6590,170750
5.6635,170330
5.6671,170215
5.6713,170272
5.6754,171154
5.6796,170539
5.6841,170389
5.6876,170613
5.6923,170274
5.6965,170299
5.6998,170220
5.7046,170224
5.7084,170408
5.7121,170221
5.7161,170637
5.7216,170242
5.7250,170113
5.7294,170400
5.7326,169866
5.7381,170312
5.7408,169962
5.7450,170259
5.7490,169875
5.7491,170182
5.7554,170607
5.7571,170141
5.7612,170840
5.7653,170395
5.7719,170155
5.7736,170676
5.7777,170712
5.7817,170686
5.7858,170132
5.7899,170219
5.7942,170464
5.7985,170533
5.8022,170286
5.8070,170615
5.8104,169781
5.8146,170976
5.8186,169909
5.8230,170314
5.8273,170346
5.8310,170104
5.8349,171316
5.8393,170364
5.8433,170863
5.8476,170640
5.8514,170001
5.8556,171491
5.8596,170111
5.8649,170449
5.8678,170712
5.8721,170439
5.8759,171604
5.8760,170880
5.8800,170114
5.8842,170257
5.8892,169913
5.8928,171080
5.8965,170477
5.9005,170289
5.9047,169995
5.9090,169656
5.9128,171263
5.9168,169980
5.9214,170534
5.9256,170466
5.9300,169522
5.9332,171465
5.9383,169979
5.9419,170089
5.9467,170364
5.9497,170075
5.9539,171114
5.9580,170073
5.9622,170379
5.9660,170716
5.9710,170322
5.9743,170915
5.9787,169789
5.9825,170508
5.9880,170970
5.9914,170252
5.9947,171162
5.9988,169760
6.0033,170943
6.0043,170865
6.0075,170528
6.0111,170537
6.0151,169979
6.0210,170850
6.0239,170524
6.0284,170538
6.0319,171315
6.0363,169841
6.0406,170602
6.0447,170752
6.0479,170268
6.0536,171108
6.0564,170007
6.0604,170115
6.0647,170495
6.0685,171059
6.0728,171200
6.0776,170375
6.0818,170363
6.0850,170161
6.0895,170289
6.0930,170851
6.0972,169893
6.1013,170833
6.1056,170615
6.1102,170994
6.1134,170522
6.1178,170118
6.1220,170172
6.1258,170399
6.1299,170467
6.1300,170361
6.1340,170333
6.1383,170604
6.1427,170155
6.1466,170547
6.1504,170996
6.1556,170113
6.1586,170271
6.1627,170472
6.1667,170365
6.1716,170417
6.1757,170008
6.1793,170187
6.1831,170709
6.1879,169924
6.1916,170233
6.1957,169789
6.2012,170351
6.2085,170729
6.2087,170256
6.2135,170580
6.2163,170326
6.2203,170662
6.2241,170441
6.2286,169924
6.2325,170012
6.2369,170299
6.2413,170364
6.2450,170466
6.2490,170582
6.2541,170045
6.2569,170044
6.2570,170360
6.2609,170126
6.2650,170687
6.2706,169717
6.2736,169967
6.2773,170469
6.2814,170282
6.2864,171044
6.2898,169749
6.2940,171362
6.2980,170493
6.3019,170866
6.3067,170543
6.3108,170278
6.3144,170490
6.3184,170202
6.3233,170685
6.3265,169908
6.3306,170026
6.3348,170445
6.3390,170374
6.3431,170277
6.3469,170973
6.3514,169436
6.3554,171014
6.3595,170294
6.3633,170127
6.3674,170007
6.3721,169678
6.3759,170773
6.3798,170498
6.3838,170624
6.3840,170578
6.3884,169534
6.3920,170966
6.3961,170250
6.4002,170497
6.4044,170068
6.4088,169575
6.4129,171110
6.4166,169823
6.4214,170321
6.4248,170378
6.4291,170132
6.4329,170931
6.4380,169890
6.4414,170412
6.4453,169768
6.4499,170243
6.4545,170992
6.4577,169516
6.4616,170741
6.4657,170329
6.4703,170479
6.4746,171391
6.4782,170059
6.4821,170472
6.4877,170416
6.4903,170028
6.4944,171173
6.4984,169693
6.5040,170414
6.5068,170293
6.5107,169873
6.5108,171261
6.5148,169654
6.5190,170181
6.5231,170343
6.5271,170273
6.5312,170753
6.5384,169339
6.5395,170108
6.5435,170566
6.5476,169887
6.5519,170757
6.5558,169611
6.5600,169972
6.5640,170417
6.5681,169924
6.5729,171079
6.5766,169807
6.5804,171046
6.5845,170650
6.5888,170070
6.5931,171027
6.5968,170110
6.6010,170714
6.6052,170697
6.6092,169628
6.6132,170866
6.6173,169992
6.6216,170359
6.6255,170578
6.6296,170514
6.6337,170597
6.6379,169802
6.6417,170007
6.6418,169840
6.6459,170214
6.6500,170923
6.6546,169993
6.6586,170296
6.6630,170468
6.6664,170074
6.6709,170613
6.6749,170431
6.6787,170192
6.6828,169635
6.6881,170509
6.6910,170653
6.6958,170235
6.6991,169654
6.7045,170581
6.7077,170490
6.7114,170777
6.7155,170193
6.7207,170586
6.7247,170168
6.7278,169932
6.7319,170450
6.7373,170360
6.7410,170505
6.7448,170655
6.7483,170940
6.7534,170433
6.7573,169702
6.7608,170586
6.7648,170127
6.7700,170380
6.7710,170897
6.7732,170466
6.7770,169889
6.7811,170895
6.7865,170258
6.7896,170330
6.7935,170694
6.7975,170207
6.8016,170775
6.8063,170858
6.8098,169986
6.8138,170840
6.8179,170379
6.8225,170408
6.8262,170497
6.8307,169975
6.8343,170270
6.8388,170275
6.8428,169790
6.8467,170748
6.8508,170205
6.8557,170568
6.8590,170735
6.8630,170545
6.8673,170408
6.8722,169724
6.8754,171089
6.8795,170193
6.8836,170843
6.8878,170285
6.8919,169635
6.8958,171088
6.8959,170227
6.8998,169969
6.9041,170515
6.9086,169299
6.9121,171114
6.9162,170631
6.9209,170616
6.9248,170210
6.9285,169588
6.9326,171538
6.9376,169858
6.9416,170142
6.9450,170696
6.9490,169956
6.9540,170821
6.9578,169803
6.9614,170275
6.9654,170762
6.9700,169776
6.9736,171093
6.9777,170185
6.9818,170169
6.9871,170463
6.9909,169093
6.9940,171217
6.9981,170348
7.0037,170424
7.0069,170404
7.0105,170117
7.0145,170853
7.0201,169723
7.0228,170246
7.0233,170341
7.0270,170006
7.0310,171499
7.0351,169337
7.0395,170457
7.0435,170087
7.0473,170291
7.0515,171464
7.0563,169640
7.0597,171084
7.0639,170976
7.0678,169966
7.0727,170904
7.0764,169611
7.0801,170278
7.0842,170487
7.0885,169892
7.0932,171193
7.0964,169382
7.1006,170338
7.1054,170546
7.1089,170140
7.1128,171633
7.1174,169894
7.1214,169976
7.1253,170435
7.1292,170173
7.1334,171294
7.1378,169987
7.1419,170134
7.1458,170576
7.1497,170091
7.1498,170994
7.1539,169679
7.1579,171050
7.1621,170294
7.1662,170291
7.1704,171104
7.1753,169663
7.1784,170156
7.1824,170144
7.1867,169869
7.1912,170895
7.1949,170257
7.1989,170641
7.2046,170193
7.2071,170197
7.2118,171169
7.2152,170225
7.2202,170197
7.2242,170676
7.2277,170154
7.2317,170595
7.2371,169605
7.2407,170840
7.2439,170400
7.2480,170523
7.2535,170781
7.2564,170159
7.2611,170500
7.2644,170422
7.2699,170446
7.2726,170550
7.2768,170497
7.2769,170923
7.2808,170525
7.2849,170404
7.2890,170702
7.2932,170123
7.2971,170657
7.3013,170447
7.3060,170300
7.3095,170545
7.3136,170140
7.3177,170037
7.3218,170394
7.3268,170521
7.3299,170046
7.3340,170781
7.3383,170740
7.3424,170202
7.3463,170152
7.3505,169624
7.3557,170440
7.3587,170729
7.3627,170376
7.3668,170592
7.3714,169438
7.3755,170482
7.3791,170473
7.3832,170147
7.3876,169978
7.3918,169686
7.3956,170764
7.3996,170022
7.4038,170395
7.4079,170436
7.4079,169648
7.4118,170449
7.4159,170512
7.4205,170592
7.4241,170577
7.4284,169988
7.4324,170887
7.4370,171078
7.4414,170260
7.4446,170064
7.4487,169310
7.4539,171193
7.4570,170131
7.4622,169960
7.4652,170317
7.4698,169713
7.4734,170871
7.4774,170079
7.4815,170251
7.4861,170277
7.4900,170123
7.4939,170722
7.4978,170100
7.5032,169933
7.5066,170350
7.5101,169888
7.5142,171506
7.5201,170163
7.5224,170478
7.5266,170512
7.5307,169837
7.5347,170944
7.5370,170164
7.5396,170374
7.5430,170088
7.5470,170571
7.5512,170827
7.5552,170096
7.5598,170625
7.5634,171088
7.5675,170075
7.5723,171241
7.5763,170223
7.5798,170166
7.5839,170282
7.5885,169936
7.5932,171258
7.5963,169673
7.6003,170196
7.6044,170433
7.6084,170087
7.6132,171145
7.6167,170171
7.6220,170199
7.6248,170180
7.6289,170265
7.6330,170804
7.6377,169978
7.6418,170286
7.6456,170031
7.6494,170761
7.6541,170878
7.6577,170109
7.6617,170215
7.6618,170513
7.6658,169980
7.6717,170924
7.6740,170142
7.6780,170451
7.6821,170480
7.6871,170339
7.6906,170905
7.6951,170099
7.6986,170414
7.7030,170676
7.7075,169815
7.7109,170735
7.7150,170329
7.7208,170772
7.7242,170752
7.7273,170612
7.7315,170614
7.7377,169500
7.7399,170408
7.7437,170272
7.7477,170343
7.7529,170689
7.7567,169929
7.7602,169905
7.7641,169961
7.7696,170165
7.7723,170855
7.7769,170286
7.7806,169896
7.7847,170328
7.7887,170163
7.7890,170866
7.7928,170428
7.7968,170350
7.8010,170928
7.8053,170347
7.8098,170359
7.8133,170121
7.8174,170708
7.8218,170081
7.8260,170193
7.8296,170592
7.8337,169703
7.8378,170680
7.8421,170507
7.8460,170335
7.8502,170265
7.8545,170586
7.8585,170474
7.8624,170727
7.8665,170913
7.8706,170028
7.8751,170219
7.8788,170104
7.8829,170463
7.8873,170353
7.8915,170070
7.8951,170976
7.8994,170283
7.9044,170353
7.9075,170571
7.9117,169268
7.9156,170453
7.9157,170386
7.9200,170097
7.9247,170283
7.9281,169691
7.9321,170213
7.9370,170463
7.9404,170259
7.9443,169932
7.9484,169738
7.9534,170518
7.9568,169916
7.9612,170154
7.9650,170529
7.9702,169969
7.9732,171086
7.9771,170037
7.9819,170236
7.9867,171017
7.9904,170089
7.9934,171136
7.9975,170758
8.0028,170889
8.0067,170811
8.0107,169756
8.0140,171042
8.0193,170085
8.0225,170051
8.0264,170203
8.0304,169457
8.0359,171093
8.0388,170323
8.0426,169928
8.0427,169823
8.0467,169859
8.0508,171438
8.0553,170270
8.0594,170213
8.0632,170486
8.0674,170754
8.0716,171336
8.0756,170139
8.0801,170974
8.0838,170912
8.0880,169929
8.0924,170907
8.0958,170051
8.1000,170506
8.1042,169991
8.1082,170439
8.1126,171421
8.1164,170170
8.1211,170763
8.1248,170386
8.1286,169985
8.1327,171337
8.1369,169726
8.1410,170195
8.1450,170524
8.1491,170147
8.1536,171641
8.1573,170122
8.1614,170471
8.1656,170310
8.1698,170211
8.1708,170948
8.1737,169332
8.1778,170794
8.1818,170284
8.1863,170541
8.1903,170957
8.1944,170311
8.1982,170283
8.2025,170321
8.2067,170170
8.2108,171294
8.2148,170128
8.2201,170317
8.2238,170674
8.2276,170299
8.2310,171110
8.2362,169794
8.2402,170092
8.2440,170386
8.2474,170629
8.2529,170743
8.2557,170065
8.2597,170342
8.2638,170238
8.2707,170260
8.2722,171061
8.2760,170382
8.2802,170446
8.2859,170628
8.2887,170058
8.2926,170881
8.2967,170455
8.2967,170400
8.3008,170363
8.3051,170360
8.3089,170622
8.3130,169801
8.3171,170324
8.3213,170173
8.3255,170181
8.3295,170762
8.3334,169912
8.3381,170059
8.3420,170220
8.3459,170137
8.3499,170141
8.3544,169810
8.3580,170287
8.3621,170522
8.3662,170748
8.3704,169883
8.3746,169945
8.3785,170235
8.3825,170810
8.3871,170073
8.3909,170375
8.3949,170181
8.3990,170079
8.4032,170527
8.4072,170108
8.4116,170023
8.4154,170245
8.4195,170737
8.4237,170246
8.4237,170432
8.4276,170144
8.4317,170535
8.4367,170472
8.4400,170140
8.4440,170448
8.4481,169238
8.4531,170090
8.4567,170223
8.4604,170125
8.4645,170877
8.4703,169517
8.4729,169698
8.4772,170192
8.4808,170869
8.4850,170686
8.4894,169548
8.4933,170932
8.4972,170108
8.5032,170254
8.5057,170204
8.5106,169790
8.5136,170705
8.5194,170218
8.5229,170253
8.5265,170254
8.5300,169709
8.5354,170482
8.5387,170335
8.5426,170056
8.5465,170590
8.5507,169357
8.5546,171378
8.5548,169931
8.5587,170277
8.5628,170340
8.5669,169929
8.5712,171572
8.5752,170176
8.5792,170414
8.5832,170377
8.5879,170071
8.5921,171417
8.5959,170532
8.5998,169872
8.6041,170541
8.6078,169680
8.6124,171083
8.6160,170102
8.6211,170453
8.6249,170360
8.6283,169764
8.6325,171449
8.6372,169524
8.6406,170107
8.6447,170399
8.6488,169385
8.6537,170870
8.6572,169988
8.6620,170709
8.6653,170282
8.6697,170199
8.6736,171031
8.6776,170767
8.6815,170296
8.6816,170345
8.6860,170502
8.6902,171137
8.6939,169740
8.6979,170533
8.7023,169862
8.7066,169816
8.7102,170509
8.7144,170131
8.7189,170604
8.7232,169954
8.7267,170281
8.7308,170545
8.7363,170122
8.7391,170303
8.7439,170446
8.7471,170423
8.7525,171177
8.7553,170073
8.7601,170640
8.7635,170863
8.7691,170572
8.7725,170991
8.7759,170302
8.7799,169748
8.7861,170278
8.7881,170050
8.7928,171190
8.7969,170103
8.8006,170014
8.8046,170260
8.8086,170112
8.8087,170887
8.8126,170347
8.8168,170267
8.8211,170143
8.8250,170375
8.8291,171218
8.8331,170269
8.8375,170742
8.8414,170548
8.8454,170112
8.8495,170802
8.8541,169742
8.8577,170407
8.8618,170210
8.8660,171042
8.8701,171006
8.8741,170637
8.8781,170397
8.8824,170903
8.8865,170553
8.8905,170623
8.8945,170193
8.8986,170463
8.9035,170410
8.9068,170451
8.9109,169739
8.9150,170251
8.9196,170036
8.9232,170694
8.9276,170505
8.9314,170358
8.9355,170394
8.9356,170047
8.9397,169971
8.9437,170206
8.9478,170286
8.9523,170329
8.9567,170456
8.9601,170252
8.9642,170481
8.9683,170485
8.9726,170566
8.9764,169867
8.9805,169719
8.9854,170234
8.9894,169422
8.9930,170639
8.9969,170389
9.0012,170773
9.0052,170497
9.0102,169633
9.0140,170722
9.0175,170009
9.0215,170319
9.0256,170322
9.0297,169680
9.0338,170999
9.0379,169986
9.0420,170271
9.0461,170654
9.0502,170121
9.0545,171304
9.0587,171012
9.0625,170422
9.0626,170020
9.0666,169794
9.0706,170678
9.0749,170134
9.0789,170273
9.0832,170441
9.0871,169839
9.0912,170748
9.0954,170658
9.0995,170529
9.1035,170222
9.1076,170002
9.1117,171055
9.1158,170141
9.1198,170310
9.1239,170156
9.1280,169994
9.1321,171504
9.1362,170104
9.1403,170596
9.1444,170453
9.1484,169797
9.1526,170542
9.1566,169764
9.1608,169734
9.1648,170474
9.1689,170183
9.1731,171139
9.1771,169984
9.1815,170115
9.1858,170506
9.1898,169814
9.1899,171019
9.1936,169803
9.1976,170353
9.2017,169746
9.2058,169886
9.2100,171085
9.2142,169687
9.2182,170391
9.2223,171155
9.2264,170273
9.2305,170675
9.2346,170164
9.2387,169998
9.2428,170545
9.2469,170172
9.2510,171644
9.2551,169955
9.2592,170022
9.2633,170026
9.2674,170065
9.2714,171379
9.2755,170013
9.2796,170230
9.2837,170434
9.2879,170297
9.2919,170747
9.2961,170268
9.3001,170852
9.3042,170280
9.3084,170411
9.3127,170880
9.3165,170414
9.3166,170017
9.3206,170427
9.3246,170122
9.3287,170331
9.3328,169331
9.3369,170067
9.3411,170653
9.3452,170000
9.3492,170783
9.3534,170232
9.3575,170693
9.3616,170749
9.3657,169845
9.3698,171199
9.3738,170278
9.3779,170345
9.3820,169823
9.3860,169921
9.3901,170785
9.3943,170544
9.3985,170539
9.4025,170721
9.4066,170847
9.4107,170568
9.4147,170371
9.4189,170034
9.4231,170442
9.4270,170330
9.4312,170301
9.4353,169789
9.4396,170486
9.4436,170043
9.4437,170273
9.4475,170162
9.4516,170244
9.4558,170771
9.4598,170342
9.4639,170101
9.4680,170134
9.4721,170694
9.4762,170132
9.4803,170620
9.4844,170220
9.4885,169903
9.4926,170558
9.4966,170692
9.5008,170293
9.5049,170694
9.5090,169891
9.5131,170808
9.5172,170473
9.5213,169892
9.5254,169962
9.5294,169358
9.5335,170520
9.5376,171175
9.5417,170874
9.5459,170757
9.5500,169688
9.5541,170880
9.5582,170161
9.5623,170112
9.5666,170338
9.5706,169341
9.5707,170857
9.5745,170364
9.5786,170518
9.5827,169939
9.5867,169342
9.5908,171078
9.5949,169966
9.5990,169955
9.6031,170518
9.6072,169536
9.6114,171344
9.6154,170077
9.6195,170548
9.6237,170513
9.6277,169922
9.6318,171512
9.6359,170158
9.6400,170348
9.6441,170538
9.6482,170220
9.6523,171152
9.6565,170133
9.6606,170614
9.6646,170374
9.6687,169861
9.6728,171176
9.6769,170297
9.6810,170451
9.6851,170517
9.6893,169693
9.6936,171065
9.6975,170027
9.7018,170742
9.7019,170530
9.7056,169755
9.7097,171373
9.7138,170179
9.7179,170639
9.7220,170642
9.7261,169841
9.7302,171246
9.7343,169050
9.7384,170565
9.7425,170298
9.7466,170171
9.7507,170542
9.7547,170093
9.7588,170394
9.7630,169972
9.7670,169362
9.7711,170457
9.7751,170073
9.7792,170586
9.7834,170817
9.7874,170152
9.7916,170887
9.7956,169768
9.7997,170097
9.8038,170330
9.8079,169880
9.8120,171170
9.8161,170267
9.8204,170249
9.8246,170414
9.8286,169873
9.8287,171133
9.8326,169857
9.8366,170328
9.8407,170468
9.8448,170287
9.8489,170904
9.8531,169822
9.8571,170678
9.8613,170907
9.8654,170057
9.8695,170265
9.8735,169930
9.8776,170711
9.8817,169982
9.8858,170196
9.8899,170530
9.8940,169987
9.8981,170446
9.9022,170318
9.9063,170549
9.9104,170974
9.9144,170071
9.9185,170417
9.9226,170443
9.9268,170466
9.9308,170037
9.9350,169751
9.9391,170244
9.9431,170307
9.9473,170008
9.9517,170927
9.9556,169824
9.9557,170486
9.9595,170425
9.9637,170115
9.9678,170373
9.9719,169891
9.9759,170355
9.9800,170515
9.9841,170278
9.9882,170315
9.9923,170395
9.9965,170122
10.0005,170373
10.0046,170249
10.0087,170009
10.0128,170479
10.0169,170595
10.0210,170236
10.0251,170041
10.0292,169999
10.0332,170790
10.0374,170448
10.0415,170085
10.0456,170409
10.0497,169849
10.0538,170238
10.0579,170781
10.0620,170692
10.0660,170172
10.0701,169893
10.0743,170823
10.0785,169983
10.0825,169879
10.0826,170442
10.0865,170022
10.0906,170914
10.0947,169969
10.0988,170373
10.1028,169464
10.1069,169741
10.1110,170975
10.1151,169579
10.1192,170418
10.1233,170003
10.1274,169425
10.1315,170689
10.1356,170236
10.1397,170459
10.1438,170248
10.1479,169816
10.1520,170861
10.1560,169837
10.1602,170263
10.1643,170532
10.1683,169520
10.1726,170759
10.1766,169972
10.1806,170293
10.1848,169877
10.1889,169266
10.1930,171532
10.1970,170367
10.2012,170757
10.2054,170063
10.2098,170252
10.2098,170567
10.2138,170288
10.2176,170181
10.2217,170350
10.2258,169316
10.2299,171949
10.2340,169564
10.2381,170094
10.2422,171058
10.2463,169909
10.2504,171506
10.2545,170296
10.2586,170036
10.2627,170617
10.2667,169646
10.2709,171123
10.2750,169399
10.2790,170864
10.2831,170594
10.2872,169752
10.2913,171504
10.2955,169504
10.2995,170424
10.3036,170391
10.3077,170317
10.3118,170999
10.3159,170395
10.3200,169946
10.3241,170185
10.3282,169891
10.3325,170732
10.3366,169465
10.3366,170031
10.3404,170081
10.3445,169757
10.3487,171220
10.3528,169949
10.3567,170624
10.3609,170248
10.3650,170050
10.3691,171318
10.3731,170033
10.3773,170716
10.3815,170067
10.3855,170570
10.3896,170628
10.3937,169769
10.3978,170261
10.4019,170099
10.4059,170929
10.4100,170639
10.4141,170002
10.4183,170211
10.4225,170300
10.4264,170380
10.4305,170880
10.4346,170313
10.4387,170260
10.4428,170356
10.4469,170120
10.4510,170531
10.4551,170249
10.4592,170254
10.4633,170219
10.4633,170176
10.4675,170508
10.4714,169725
10.4755,169936
10.4797,170105
10.4838,170415
10.4878,169940
10.4919,170373
10.4960,171056
10.5001,170001
10.5042,170136
10.5084,170100
10.5124,169867
10.5165,170269
10.5206,170482
10.5247,170473
10.5288,169645
10.5330,170389
10.5370,170279
10.5411,170103
10.5452,170572
10.5493,170075
10.5534,169969
10.5575,170206
10.5616,170434
10.5657,170263
10.5698,170202
10.5739,170447
10.5779,170596
10.5821,170855
10.5862,170405
10.5903,169616
10.5943,169768
10.5944,169931
10.5984,169852
10.6025,169824
10.6066,169650
10.6107,170304
10.6148,169735
10.6189,170312
10.6232,170057
10.6271,169012
10.6312,170602
10.6353,169682
10.6394,170586
10.6436,170522
10.6476,170119
10.6517,170598
10.6557,170487
10.6599,170119
10.6640,170356
10.6681,169406
10.6721,171028
10.6763,170178
10.6804,170385
10.6846,170431
10.6886,169276
10.6927,170954
10.6967,170207
10.7008,170421
10.7049,170146
10.7091,169165
10.7134,171055
10.7174,170309
10.7215,169936
10.7215,169895
10.7253,169497
10.7295,171115
10.7336,169617
10.7377,170454
10.7419,170202
10.7460,169805
10.7500,171203
10.7542,169558
10.7582,170332
10.7623,169807
10.7664,170141
10.7705,170559
10.7745,169563
10.7787,169844
10.7828,170561
10.7869,169555
10.7910,171163
10.7951,170009
10.7993,169887
10.8033,170376
10.8076,169803
10.8116,171371
10.8156,169880
10.8196,169673
10.8237,170000
10.8278,170307
10.8319,170597
10.8360,169844
10.8402,170064
10.8443,170740
10.8484,170266
10.8485,170658
10.8523,169949
10.8565,170607
10.8606,169887
10.8647,170052
10.8690,171330
10.8729,170135
10.8769,170511
10.8811,170332
10.8852,170100
10.8894,170916
10.8934,169877
10.8975,170300
10.9015,170532
10.9056,169764
10.9097,171016
10.9139,169698
10.9180,170330
10.9222,170315
10.9261,170407
10.9302,170988
10.9344,169893
10.9384,170124
10.9425,170857
10.9466,170212
10.9508,170510
10.9548,169838
10.9589,170324
10.9631,170535
10.9676,170368
10.9715,170509
10.9756,169926
10.9757,170330
10.9796,170441
10.9835,170241
10.9876,170280
10.9917,169980
10.9957,170427
10.9999,170589
11.0039,169977
11.0081,170906
11.0122,169478
11.0164,170343
11.0215,170137
11.0245,170172
11.0285,170739
11.0327,170057
11.0373,170248
11.0408,170534
11.0448,170271
11.0490,170719
11.0531,170089
11.0572,170766
11.0612,170007
11.0654,170605
11.0694,170304
11.0737,170448
11.0777,170180
11.0818,170121
11.0862,169972
11.0899,170143
11.0940,170444
11.0983,170268
11.1024,170163
11.1024,170505
11.1064,170134
11.1105,170623
11.1145,170249
11.1186,170310
11.1231,170412
11.1268,170012
11.1309,170567
11.1354,170713
11.1395,170241
11.1432,170467
11.1473,170272
11.1519,170581
11.1559,170734
11.1596,169835
11.1637,170414
11.1685,169859
11.1722,170836
11.1760,169934
11.1800,170015
11.1846,169914
11.1886,169722
11.1925,170700
11.1965,170106
11.2005,170723
11.2047,170125
11.2087,170058
11.2129,171183
11.2170,169822
11.2216,170325
11.2253,170348
11.2293,169184
11.2294,171032
11.2337,170307
11.2374,170255
11.2415,169819
11.2455,169664
11.2501,171351
11.2538,169754
11.2578,170146
11.2619,170628
11.2663,170234
11.2701,171123
11.2742,170104
11.2784,170434
11.2836,170502
11.2865,169659
11.2906,171316
11.2947,169539
11.2988,169939
11.3029,170236
11.3070,169991
11.3111,171520
11.3152,170372
11.3196,170003
11.3234,170258
11.3275,170065
11.3316,171414
11.3359,169463
11.3398,170286
11.3439,170127
11.3480,169923
11.3522,171374
11.3565,169447
11.3565,170610
11.3603,170481
11.3644,169812
11.3699,171147
11.3727,169631
11.3767,170593
11.3809,170166
11.3854,170075
11.3892,171051
11.3930,169822
11.3971,170329
11.4015,170186
11.4054,169998
11.4094,170514
11.4135,169266
11.4182,170089
11.4217,170114
11.4258,170137
11.4299,170905
11.4342,169543
11.4382,170418
11.4422,170112
11.4463,170567
11.4511,170682
11.4546,170096
11.4586,170530
11.4627,170503
11.4673,169913
11.4716,170581
11.4750,170397
11.4792,170042
11.4838,170307
11.4872,170714
11.4873,170950
11.4914,170160
11.4954,170405
11.4999,169909
11.5036,170119
11.5077,170579
11.5118,170229
11.5161,170024
11.5200,170413
11.5241,170111
11.5282,170262
11.5325,170095
11.5365,170301
11.5405,170526
11.5446,170245
11.5487,170427
11.5528,170696
11.5568,169915
11.5610,170180
11.5651,170392
11.5693,169988
11.5732,169734
11.5774,170159
11.5815,170540
11.5855,170092
11.5896,170475
11.5937,170325
11.5979,170370
11.6020,170265
11.6062,170341
11.6102,169928
11.6143,170125
11.6144,169665
11.6188,169841
11.6224,170238
11.6265,169792
11.6307,170336
11.6353,170606
11.6387,170730
11.6429,169954
11.6469,169795
11.6512,170292
11.6552,169947
11.6592,170223
11.6634,170363
11.6679,169873
11.6715,170457
11.6756,170049
11.6797,170124
11.6847,170809
11.6880,169765
11.6920,170426
11.6961,170207
11.7007,170378
11.7045,170363
11.7085,169705
11.7125,170809
11.7172,170120
11.7207,169890
11.7248,169787
11.7289,169149
11.7338,170072
11.7372,170088
11.7413,169781
11.7413,170070
11.7453,169588
11.7501,170511
11.7536,170153
11.7576,170307
11.7617,170323
11.7658,169734
11.7698,170350
11.7740,169881
11.7784,170003
11.7824,170133
11.7870,169265
11.7905,170781
11.7944,170132
11.7986,170291
11.8030,170595
11.8072,169388
11.8109,171132
11.8150,170064
11.8191,170583
11.8240,169901
11.8272,169620
11.8314,170800
11.8354,169985
11.8396,170602
11.8438,170317
11.8478,169450
11.8519,170687
11.8563,170264
11.8600,170545
11.8642,170457
11.8682,169919
11.8683,170908
11.8722,169606
11.8763,170120
11.8805,170363
11.8850,170026
11.8887,171094
11.8927,169810
11.8968,170327
11.9012,170457
11.9054,169309
11.9095,171231
11.9132,170025
11.9181,170398
11.9215,170229
11.9255,169934
11.9296,171036
11.9337,169435
11.9386,169773
11.9419,170017
11.9460,170004
11.9501,171215
11.9542,169801
11.9583,170057
11.9624,170060
11.9665,170008
11.9706,171104
11.9747,169406
11.9788,170255
11.9829,169414
11.9870,169673
11.9912,171521
11.9954,169611
11.9954,170139
11.9996,169931
12.0034,169824
12.0075,170431
12.0116,169384
12.0156,170223
12.0197,170495
12.0239,169840
12.0280,170790
12.0321,170148
12.0362,170274
12.0402,170399
12.0444,170013
12.0484,170936
12.0525,169963
12.0566,170209
12.0607,169906
12.0648,170119
12.0689,170297
12.0730,170324
12.0771,170631
12.0811,170579
12.0853,170523
12.0894,170178
12.0935,169667
12.0976,169965
12.1017,169844
12.1058,169784
12.1099,170180
12.1141,170214
12.1183,170095
12.1223,169891
12.1224,170263
12.1263,170665
12.1303,170501
12.1344,170354
12.1385,170277
12.1426,169822
12.1467,170253
12.1508,170277
12.1549,170407
12.1590,170856
12.1630,170465
12.1672,170028
12.1712,170158
12.1753,170119
12.1794,170671
12.1835,170349
12.1876,169894
12.1917,170212
12.1958,170272
12.1999,169888
12.2040,170219
12.2081,170124
12.2122,170216
12.2164,170323
12.2204,170375
12.2245,170228
12.2286,169603
12.2327,170569
12.2368,169969
12.2409,170320
12.2452,170252
12.2493,169851
12.2494,170241
12.2532,170046
12.2573,170259
12.2615,170652
12.2654,169271
12.2696,170661
12.2737,170320
12.2778,170012
12.2818,169987
12.2860,169642
12.2900,170828
12.2941,170246
12.2982,169638
12.3024,170172
12.3065,169356
12.3106,170881
12.3147,169479
12.3188,170210
12.3229,170089
12.3270,169726
12.3311,170871
12.3351,170223
12.3392,170166
12.3435,169693
12.3475,169268
12.3516,170985
12.3556,170122
12.3597,170206
12.3639,170443
12.3679,169772
12.3722,171152
12.3763,169525
12.3803,170439
12.3804,170397
12.3843,169884
12.3884,171805
12.3925,170313
12.3965,170264
12.4006,170909
12.4047,170520
12.4088,171014
12.4129,169952
12.4170,170221
12.4211,170265
12.4252,169505
12.4293,171259
12.4334,169736
12.4375,170383
12.4416,170452
12.4456,169735
12.4498,171716
12.4539,170037
12.4580,170582
12.4621,169990
12.4662,170013
12.4703,171152
12.4744,170026
12.4785,170442
12.4826,170214
12.4867,170107
12.4909,171160
12.4949,169966
12.4991,169759
12.5034,169935
12.5074,169851
12.5075,170469
12.5113,170234
12.5155,170223
12.5195,170313
12.5236,170480
12.5277,170895
12.5317,169251
12.5358,170142
12.5398,170730
12.5440,169922
12.5481,170694
12.5523,169829
12.5563,169654
12.5604,170314
12.5645,170110
12.5686,170573
12.5727,169754
12.5768,170015
12.5808,170357
12.5850,169985
12.5891,170821
12.5932,170194
12.5973,169539
12.6016,170065
12.6056,169905
12.6095,170332
12.6136,169919
12.6177,170057
12.6218,170347
12.6262,170106
12.6302,170347
12.6343,170260
12.6344,169950
12.6382,170217
12.6422,170330
12.6463,170596
12.6506,169697
12.6546,170105
12.6587,170133
12.6628,171138
12.6669,170875
12.6710,169941
12.6751,169816
12.6791,170687
12.6833,169772
12.6874,170303
12.6914,170285
12.6955,170370
12.6997,169920
12.7038,169900
12.7079,170261
12.7120,170178
12.7161,170260
12.7202,170487
12.7243,170567
12.7284,169923
12.7325,170456
12.7365,170237
12.7406,170657
12.7447,169655
12.7489,169869
12.7531,170222
12.7572,170323
12.7612,169754
12.7613,170167
12.7652,169645
12.7692,170430
12.7734,169752
12.7774,170192
12.7815,169820
12.7856,170093
12.7897,170685
12.7940,170219
12.7979,170013
12.8020,170404
12.8061,169524
12.8102,170630
12.8143,170282
12.8184,170283
12.8225,170241
12.8266,169158
12.8307,170129
12.8348,169886
12.8389,170594
12.8429,170514
12.8470,169531
12.8511,170746
12.8553,170354
12.8594,170233
12.8635,170400
12.8675,169884
12.8716,171111
12.8757,169644
12.8799,170594
12.8840,170133
12.8881,169584
12.8882,171147
12.8921,170487
12.8962,169696
12.9003,170087
12.9044,169587
12.9085,171323
12.9126,170105
12.9167,170159
12.9208,170461
12.9249,169509
12.9290,171310
12.9331,170047
12.9371,170198
12.9412,170320
12.9453,169178
12.9495,171015
12.9536,169914
12.9577,170216
12.9619,170158
12.9659,169855
12.9700,171074
12.9741,169711
12.9782,169664
12.9824,170498
12.9864,169628
12.9905,171131
12.9946,169561
12.9987,170522
13.0028,170800
13.0069,169891
13.0111,170950
13.0152,169797
13.0153,170404
13.0192,170359
13.0232,169476
13.0273,170931
13.0314,169991
13.0355,170479
13.0396,170599
13.0437,169435
13.0479,170719
13.0519,169763
13.0560,170418
13.0601,169858
13.0642,170279
13.0683,170571
13.0724,169882
13.0765,170521
13.0805,169931
13.0847,169991
13.0887,171392
13.0929,169799
13.0970,170354
13.1011,170619
13.1052,170168
13.1093,170414
13.1134,170286
13.1174,170240
13.1215,170390
13.1256,170622
13.1297,170531
13.1339,170209
13.1382,170719
13.1422,170500
13.1423,169900
13.1461,170537
13.1502,170556
13.1543,170039
13.1585,170474
13.1625,170062
13.1666,170613
13.1707,169975
13.1747,170324
13.1788,170024
13.1829,170322
13.1870,170613
13.1911,170073
13.1952,170108
13.1993,170325
13.2034,170096
13.2075,170775
13.2116,170688
13.2157,170343
13.2198,170613
13.2239,170353
13.2280,170382
13.2321,170972
13.2361,170009
13.2402,170371
13.2443,170566
13.2485,170285
13.2526,170299
13.2568,170269
13.2608,170459
13.2653,170257
13.2692,170998
13.2731,170101
13.2732,170213
13.2772,170212
13.2813,170633
13.2854,170326
13.2895,170636
13.2936,170638
13.2977,170233
13.3018,169800
13.3059,169630
13.3100,170786
13.3141,170356
13.3182,170325
13.3223,170071
13.3263,169704
13.3305,170313
13.3346,170046
13.3387,170727
13.3427,170087
13.3469,170193
13.3509,170543
13.3552,170590
13.3593,170391
13.3633,170193
13.3672,170317
13.3714,170922
13.3755,170599
13.3795,170155
13.3837,170076
13.3878,170037
13.3919,170906
13.3959,170515
13.4001,170355
13.4002,170616
13.4042,169869
13.4082,171153
13.4124,170219
13.4164,170835
13.4205,170718
13.4246,169732
13.4287,171194
13.4329,170143
13.4369,170161
13.4410,169875
13.4450,169711
13.4498,171021
13.4533,170413
13.4573,170368
13.4614,170566
13.4656,169631
13.4696,171312
13.4739,169853
13.4778,170040
13.4819,170354
13.4860,169679
13.4901,171531
13.4942,169880
13.4983,170491
13.5024,170442
13.5065,170001
13.5106,171356
13.5147,169645
13.5188,170169
13.5232,170185
13.5270,170062
13.5271,171209
13.5311,170035
13.5352,170403
13.5393,170776
13.5434,170238
13.5474,171088
13.5515,169687
13.5557,170247
13.5597,169753
13.5638,170196
13.5679,170661
13.5720,169380
13.5762,170851
13.5803,170211
13.5844,169983
13.5885,170825
13.5926,170014
13.5967,169829
13.6007,169843
13.6048,170050
13.6089,170981
13.6131,169939
13.6172,170433
13.6213,170950
13.6254,169725
13.6295,170612
13.6335,169974
13.6376,170053
13.6417,170039
13.6458,169861
13.6501,170360
13.6542,170027
13.6543,170120
13.6581,170149
13.6622,170004
13.6663,170802
13.6704,169470
13.6745,170063
13.6785,170446
13.6827,169977
13.6868,170790
13.6909,169870
13.6949,170177
13.6991,169784
13.7032,170539
13.7073,169778
13.7114,170456
13.7155,170253
13.7196,169731
13.7236,170066
13.7278,171117
13.7319,170430
13.7360,170263
13.7401,170466
13.7441,170227
13.7482,170149
13.7524,170026
13.7564,169808
13.7605,169977
13.7646,169872
13.7687,170730
13.7728,170554
13.7768,170183
13.7811,170448
13.7812,170668
13.7850,170238
13.7891,170332
13.7932,170483
13.7974,169996
13.8015,170322
13.8056,170076
13.8097,170072
13.8138,170114
13.8179,170031
13.8219,170036
13.8260,170024
13.8301,170403
13.8342,170780
13.8384,170494
13.8424,170372
13.8464,169528
13.8505,170470
13.8547,170060
13.8587,170567
13.8630,170533
13.8669,170408
13.8711,170500
13.8752,169801
13.8793,170882
13.8834,170302
13.8875,170198
13.8916,170759
13.8957,170367
13.8998,170139
13.9042,170076
13.9080,169406
13.9080,170409
13.9120,169871
13.9161,170275
13.9203,170438
13.9244,169333
13.9284,170498
13.9326,170308
13.9366,170443
13.9408,169551
13.9447,169839
13.9488,171272
13.9530,169889
13.9572,169744
13.9613,169502
13.9653,169642
13.9694,171241
13.9735,170372
13.9776,169902
13.9816,170595
13.9858,170068
13.9899,170886
13.9940,170259
13.9981,170298
14.0022,170319
14.0063,169425
14.0104,171229
14.0144,169719
14.0186,170173
14.0227,169823
14.0268,169572
14.0308,171654
14.0351,170186
14.0351,170013
14.0390,170316
14.0431,169625
14.0472,171559
14.0514,169573
14.0554,170131
14.0595,170777
14.0636,169825
14.0677,171493
14.0718,169904
14.0759,170171
14.0800,170054
14.0841,169729
14.0882,170875
14.0922,169810
14.0964,170374
14.1005,170761
14.1046,170575
14.1087,170505
14.1127,169764
14.1169,170124
14.1210,170295
14.1251,169789
14.1292,170913
14.1333,169370
14.1374,170063
14.1414,170046
14.1455,169767
14.1496,170451
14.1538,169446
14.1580,170194
14.1619,170403
14.1620,169899
14.1660,171231
14.1701,169718
14.1742,170572
14.1782,170608
14.1824,169568
14.1865,170563
14.1906,169610
14.1946,170181
14.1987,170600
14.2029,169628
14.2070,170585
14.2111,169562
14.2152,170281
14.2193,170780
14.2234,171037
14.2275,170353
14.2316,170259
14.2356,170381
14.2397,170242
14.2438,171188
14.2479,170241
14.2520,170101
14.2561,170038
14.2602,170189
14.2643,170965
14.2684,171127
14.2725,170527
14.2766,170455
14.2807,170298
14.2850,170106
14.2890,170202
14.2891,170206
14.2930,170138
14.2971,170196
14.3012,170669
14.3053,170381
14.3094,170013
14.3135,170608
14.3176,170537
14.3217,170137
14.3258,169352
14.3299,170298
14.3340,170265
14.3380,170375
14.3421,170358
14.3462,170236
14.3503,170115
14.3544,170474
14.3585,170418
14.3626,171084
14.3667,169957
14.3708,170524
14.3749,170571
14.3790,170263
14.3831,170796
14.3872,169700
14.3913,170726
14.3954,169951
14.3994,170339
14.4036,170397
14.4077,169840
14.4119,170834
14.4159,170418
14.4199,170391
14.4200,170026
14.4241,169610
14.4281,170946
14.4322,170031
14.4363,170228
14.4404,170826
14.4444,169956
14.4487,171297
14.4527,169902
14.4568,170780
14.4609,170380
14.4650,169321
14.4691,170898
14.4733,169781
14.4774,170795
14.4814,170423
14.4855,169919
14.4896,171076
14.4936,169894
14.4978,170711
14.5019,170235
14.5060,169718
14.5101,171077
14.5142,169554
14.5183,170410
14.5224,170589
14.5265,169282
14.5306,171225
14.5347,170686
14.5388,170603
14.5430,170973
14.5469,169838
14.5470,171617
14.5510,170294
14.5551,170483
14.5592,170462
14.5633,170197
14.5674,171627
14.5715,169891
14.5756,170293
14.5797,170597
14.5838,170043
14.5878,171573
14.5919,170553
14.5961,170772
14.6002,170957
14.6043,170032
14.6084,171167
14.6125,169885
14.6166,170656
14.6207,170664
14.6247,170243
14.6288,171388
14.6330,170313
14.6371,170331
14.6410,170416
14.6451,170084
14.6492,171296
14.6534,169955
14.6574,170251
14.6617,170498
14.6659,169991
14.6700,171275
14.6740,170048
14.6741,169939
14.6779,170207
14.6821,170069
14.6862,170810
14.6903,170067
14.6944,170070
14.6985,170342
14.7026,170223
14.7067,170940
14.7108,170452
14.7149,170040
14.7190,170249
14.7231,170314
14.7272,171037
14.7313,169553
14.7354,170229
14.7394,170271
14.7435,170571
14.7476,171091
14.7517,170231
14.7558,170217
14.7599,170441
14.7640,170336
14.7681,170668
14.7721,169755
14.7762,170237
14.7805,170619
14.7845,170603
14.7886,170594
14.7929,170871
14.7969,170182
14.8010,170706
14.8011,170306
14.8050,170619
14.8092,170422
14.8131,169926
14.8172,170487
14.8213,170444
14.8254,170452
14.8295,170504
14.8337,170099
14.8377,170216
14.8418,170454
14.8459,170752
14.8500,170482
14.8541,170444
14.8582,170377
14.8623,170025
14.8664,169876
14.8705,170270
14.8746,170495
14.8787,170281
14.8827,170489
14.8869,169850
14.8909,171102
14.8950,170365
14.8991,170669
14.9033,170291
14.9074,170169
14.9115,170387
14.9156,170272
14.9199,170424
14.9239,170592
14.9278,169370
14.9279,170299
14.9320,170558
14.9360,170289
14.9401,170259
14.9441,169522
14.9483,170917
14.9524,170355
14.9565,170210
14.9606,170407
14.9647,169993
14.9688,170360
14.9729,170706
14.9770,170209
14.9811,170238
14.9852,169545
14.9892,171163
14.9934,170270
14.9975,169640
15.0016,171006
15.0057,169866
15.0099,171536
15.0138,170110
15.0180,170192
15.0221,170097
15.0261,169875
15.0302,171134
15.0343,169887
15.0384,170457
15.0426,170119
15.0468,170044
15.0510,171453
15.0549,170408
15.0549,170266
15.0589,170645
15.0631,170045
15.0671,171591
15.0711,170895
15.0752,170174
15.0794,170325
15.0835,169930
15.0876,171458
15.0917,169747
15.0958,170253
15.0999,170407
15.1039,169574
15.1081,170888
15.1122,170093
15.1163,170451
15.1204,170053
15.1245,169996
15.1286,170981
15.1327,169540
15.1367,170536
15.1408,169876
15.1449,169991
15.1490,170850
15.1531,169538
15.1572,170552
15.1613,169878
15.1654,169419
15.1695,171090
15.1736,169964
15.1778,170536
15.1819,169965
15.1820,170241
15.1859,171292
15.1900,169376
15.1940,170537
15.1981,170499
15.2023,170691
15.2064,170784
15.2104,170517
15.2146,170385
15.2187,170049
15.2228,170748
15.2269,171431
15.2310,169879
15.2351,169976
15.2391,170612
15.2432,169891
15.2473,170356
15.2514,170072
15.2555,170711
15.2596,170580
15.2637,170467
15.2678,171317
15.2719,170628
15.2760,169872
15.2801,170137
15.2842,170695
15.2882,170781
15.2924,170400
15.2965,170225
15.3006,170365
15.3049,169889
15.3089,170432
15.3090,170887
15.3129,170285
15.3170,169905
15.3211,170817
15.3252,170881
15.3292,170507
15.3334,170672
15.3373,170789
15.3415,170149
15.3456,170654
15.3497,170749
15.3538,170782
15.3579,170737
15.3620,170210
15.3661,170363
15.3702,170200
15.3743,170413
15.3784,171159
15.3825,170259
15.3866,170462
15.3907,170527
15.3948,170097
15.3989,170194
15.4030,170743
15.4071,169857
15.4111,170981
15.4152,170505
15.4193,170330
15.4234,170833
15.4275,170403
15.4318,171083
15.4357,170223
15.4358,170334
15.4398,170283
15.4438,170339
15.4480,170591
15.4521,170280
15.4562,170383
15.4603,170217
15.4644,170163
15.4685,170378
15.4726,170252
15.4767,170509
15.4808,171226
15.4848,170204
15.4890,170936
15.4931,169949
15.4972,170630
15.5013,170329
15.5054,169933
15.5095,170754
15.5136,169827
15.5176,170863
15.5217,170062
15.5258,170273
15.5299,171216
15.5340,170751
15.5381,170234
15.5422,170455
15.5463,169461
15.5505,170973
15.5545,170500
15.5587,170152
15.5628,170920
15.5628,169632
15.5667,170969
15.5709,170238
15.5750,170720
15.5790,170696
15.5832,170483
15.5873,171266
15.5914,170119
15.5955,170802
15.5996,170385
15.6036,169553
15.6077,171292
15.6118,169785
15.6159,170205
15.6200,170712
15.6242,169588
15.6282,171162
15.6323,169857
15.6364,170414
15.6405,170589
15.6447,169893
15.6487,170725
15.6528,169829
15.6568,170775
15.6610,169924
15.6651,170244
15.6692,171343
15.6733,169824
15.6774,170411
15.6814,170667
15.6858,169957
15.6897,171382
15.6898,169979
15.6937,170575
15.6979,170542
15.7020,170484
15.7061,170970
15.7101,170250
15.7143,170478
15.7184,170397
15.7225,170650
15.7265,171549
15.7306,170592
15.7347,170771
15.7388,170768
15.7429,170662
15.7470,171245
15.7511,170492
15.7552,170273
15.7593,170383
15.7634,170242
15.7675,170701
15.7716,169774
15.7756,170409
15.7797,170448
15.7839,170625
15.7880,170443
15.7921,170264
15.7962,170487
15.8003,170710
15.8044,170300
15.8085,171433
15.8128,170200
15.8168,170520
15.8169,170755
15.8207,170460
15.8249,170906
15.8290,170341
15.8331,170008
15.8371,170391
15.8412,170539
15.8453,170933
15.8494,170682
15.8535,171038
15.8576,170473
15.8617,170386
15.8658,171370
15.8699,169860
15.8740,170642
15.8781,171002
15.8822,170912
15.8863,170152
15.8904,170295
15.8945,170474
15.8986,170958
15.9027,170676
15.9068,170280
15.9108,170587
15.9150,170931
15.9190,170655
15.9232,170567
15.9272,169668
15.9313,170265
15.9355,170733
15.9397,170507
15.9436,170685
15.9477,170069
15.9478,170254
15.9518,170276
15.9559,170600
15.9600,170518
15.9641,170430
15.9682,170814
15.9723,170104
15.9764,170502
15.9805,170478
15.9846,169777
15.9887,170725
15.9928,170004
15.9969,170511
16.0010,170119
16.0051,169703
16.0092,170886
16.0132,170866
16.0174,170524
16.0214,170214
16.0255,169551
16.0296,171315
16.0337,170567
16.0378,170458
16.0419,171037
16.0460,169707
16.0501,171425
16.0542,169966
16.0583,170567
16.0624,170915
16.0667,170167
16.0708,171055
16.0748,170623
16.0749,170249
16.0788,170800
16.0829,169473
16.0871,171206
16.0910,169996
16.0952,170605
16.0993,170206
16.1034,170029
16.1074,171025
16.1116,170219
16.1157,170225
16.1198,170695
16.1238,170014
16.1279,171754
16.1320,169909
16.1361,170167
16.1402,170424
16.1443,170190
16.1484,171436
16.1525,170427
16.1566,170139
16.1607,170841
16.1647,169794
16.1689,171337
16.1729,169778
16.1770,170341
16.1812,170786
16.1853,170210
16.1894,170921
16.1935,170221
16.1977,170435
16.1978,170641
16.2016,169309
16.2058,171429
16.2098,169945
16.2139,170530
16.2180,170448
16.2222,170161
16.2262,170859
16.2303,169873
16.2344,170312
16.2385,170288
16.2426,170404
16.2466,170644
16.2507,170286
16.2549,170251
16.2589,171041
16.2631,170066
16.2672,171254
16.2713,169550
16.2754,170608
16.2795,170709
16.2836,170372
16.2877,171193
16.2918,170039
16.2959,170470
16.3000,171142
16.3040,170503
16.3082,170829
16.3122,170110
16.3164,170489
16.3204,170148
16.3247,170413
16.3287,171199
16.3288,170686
16.3327,170362
16.3367,170394
16.3409,170588
16.3450,170915
16.3491,169808
16.3532,170275
16.3573,170535
16.3614,170372
16.3655,171102
16.3696,170156
16.3737,170218
16.3778,170484
16.3818,170623
16.3859,170969
16.3900,170120
16.3941,171184
16.3982,170778
16.4024,170475
16.4064,170629
16.4105,170363
16.4146,170482
16.4187,170773
16.4228,170147
16.4269,170400
16.4310,170151
16.4352,170360
16.4391,170328
16.4432,170528
16.4477,171078
16.4517,170409
16.4557,170532
16.4558,170333
16.4597,170386
16.4637,170396
16.4678,170512
16.4719,170629
16.4760,170623
16.4801,170157
16.4843,170706
16.4885,170889
16.4925,170327
16.4966,170223
16.5006,170292
16.5047,170102
16.5088,170576
16.5129,170456
16.5170,170396
16.5211,170682
16.5253,169779
16.5293,170984
16.5334,170103
16.5375,169906
16.5416,170856
16.5457,170232
16.5498,170486
16.5538,170409
16.5580,170254
16.5621,170710
16.5662,170128
16.5702,170541
16.5744,170765
16.5786,170506
16.5827,170398
16.5828,169427
16.5867,171086
16.5907,170147
16.5948,170204
16.5990,171005
16.6030,170441
16.6071,171488
16.6112,170318
16.6153,170423
16.6195,170103
16.6235,169715
16.6275,171203
16.6317,170241
16.6358,170588
16.6399,170999
16.6440,169593
16.6481,171422
16.6522,169688
16.6563,170459
16.6604,170886
16.6645,170912
16.6685,170931
16.6726,170300
16.6767,170281
16.6808,170058
16.6849,169968
16.6891,171476
16.6931,170269
16.6973,170661
16.7016,170860
16.7058,170277
16.7097,171420
16.7099,169666
16.7136,170762
16.7177,170780
16.7217,170104
16.7258,171593
16.7301,169788
16.7341,170531
16.7382,170878
16.7423,170180
16.7464,171409
16.7505,169812
16.7545,170258
16.7586,170355
16.7627,170186
16.7669,171197
16.7710,169966
16.7751,170532
16.7791,171073
16.7832,169899
16.7873,171176
16.7914,169691
16.7955,170662
16.7996,171094
16.8037,169834
16.8077,171107
16.8119,170715
16.8160,170386
16.8201,170417
16.8241,170427
16.8282,170865
16.8324,170057
16.8366,170341
16.8366,170522
16.8406,170574
16.8448,171132
16.8488,170172
16.8528,170694
16.8570,170539
16.8611,170628
16.8652,170611
16.8693,170106
16.8734,170465
16.8775,170594
16.8816,170639
16.8857,171137
16.8897,169885
16.8939,170934
16.8979,171247
16.9020,170622
16.9061,170673
16.9102,170336
16.9143,170695
16.9184,170316
16.9225,170033
16.9266,170940
16.9307,170469
16.9348,170496
16.9389,170703
16.9430,170535
16.9472,171208
16.9512,170239
16.9553,170164
16.9595,170785
16.9636,170569
16.9637,170413
16.9676,170084
16.9717,170534
16.9758,171033
16.9798,170204
16.9839,170638
16.9880,170562
16.9922,170663
16.9963,170806
17.0004,170920
17.0045,170655
17.0085,171020
17.0126,170565
17.0167,170381
17.0208,170452
17.0249,170062
17.0290,170936
17.0331,170611
17.0372,171355
17.0413,170679
17.0454,170609
17.0494,170420
17.0536,170658
17.0576,170590
17.0617,171044
17.0658,170495
17.0699,171114
17.0740,171105
17.0781,170795
17.0822,170539
17.0866,170127
17.0906,171075
17.0906,170736
17.0945,170258
17.0987,170896
17.1027,169916
17.1068,171011
17.1110,170560
17.1150,170198
17.1190,170947
17.1232,170111
17.1273,171404
17.1314,170776
17.1355,170408
17.1396,170780
17.1437,169835
17.1478,171199
17.1519,170185
17.1560,170410
17.1600,171177
17.1641,169705
17.1682,171391
17.1723,170549
17.1764,170663
17.1805,170757
17.1846,169180
17.1887,171780
17.1928,170318
17.1969,170110
17.2010,170574
17.2050,170448
17.2092,171124
17.2136,170764
17.2176,171052
17.2177,170535
17.2215,170087
17.2256,171306
17.2297,170636
17.2338,170896
17.2378,171212
17.2420,170739
17.2461,171541
17.2502,170069
17.2543,171122
17.2584,171069
17.2625,169960
17.2666,171135
17.2706,170085
17.2747,170710
17.2788,170641
17.2829,170456
17.2871,171283
17.2916,170645
17.2953,170531
17.2993,170812
17.3034,170576
17.3074,171325
17.3116,170406
17.3157,170769
17.3198,170877
17.3239,170345
17.3280,171121
17.3321,170270
17.3362,169995
17.3405,170561
17.3446,170393
17.3446,171272
17.3485,169981
17.3526,170696
17.3567,170977
17.3607,170199
17.3648,171059
17.3690,170144
17.3731,169908
17.3772,170478
17.3813,170326
17.3854,171229
17.3895,169920
17.3935,170809
17.3976,171044
17.4017,170364
17.4058,170843
17.4100,170589
17.4140,170753
17.4181,170807
17.4222,170296
17.4263,170803
17.4304,170183
17.4345,170839
17.4386,170950
17.4426,170896
17.4468,170625
17.4509,170206
17.4550,170539
17.4590,170539
17.4632,170623
17.4675,170871
17.4714,170632
17.4756,170642
17.4757,171168
17.4795,170637
17.4836,170483
17.4877,170527
17.4918,170739
17.4959,170841
17.4999,170942
17.5041,170446
17.5081,170926
17.5122,170395
17.5164,170851
17.5204,170297
17.5246,170098
17.5286,170773
17.5327,170243
17.5368,170811
17.5409,170544
17.5450,171021
17.5491,170319
17.5532,170755
17.5573,170243
17.5614,170634
17.5655,170449
17.5696,170348
17.5737,170777
17.5778,170551
17.5819,170896
17.5860,170048
17.5901,170360
17.5945,170642
17.5984,170054
17.6026,170465
17.6027,170249
17.6066,170986
17.6105,170542
17.6146,170020
17.6188,170703
17.6229,170026
17.6270,171190
17.6312,170028
17.6352,170948
17.6393,170824
17.6434,169844
17.6475,170954
17.6515,170798
17.6556,170330
17.6598,170614
17.6639,170268
17.6680,171663
17.6721,170433
17.6761,170247
17.6803,170653
17.6844,170014
17.6885,170997
17.6925,170283
17.6966,170381
17.7007,170298
17.7048,170052
17.7089,171685
17.7130,170367
17.7171,170299
17.7214,170373
17.7255,169695
17.7295,171534
17.7296,170153
17.7335,170823
17.7376,170791
17.7417,169835
17.7458,171811
17.7499,170312
17.7540,170823
17.7581,171154
17.7622,170173
17.7663,171225
17.7704,170168
17.7745,170796
17.7786,170828
17.7826,170172
17.7868,171116
17.7909,170278
17.7949,170501
17.7991,171219
17.8031,170785
17.8072,171011
17.8114,169946
17.8154,170605
17.8195,171053
17.8236,170667
17.8277,171560
17.8318,170421
17.8359,170613
17.8400,170537
17.8441,170228
17.8484,171328
17.8524,170208
17.8565,170656
17.8566,171037
17.8605,170248
17.8646,171311
17.8687,170480
17.8728,170399
17.8769,170670
17.8810,170220
17.8851,171321
17.8892,170872
17.8932,171023
17.8974,170375
17.9014,170299
17.9055,171242
17.9096,169767
17.9138,170646
17.9178,170259
17.9219,170571
17.9259,171360
17.9301,170490
17.9342,170071
17.9383,171120
17.9424,170922
17.9465,171156
17.9506,170508
17.9547,170550
17.9587,170693
17.9629,170535
17.9670,171355
17.9711,170790
17.9752,171216
17.9795,170940
17.9835,170782
17.9836,171255
17.9875,170520
17.9915,170457
17.9957,170825
17.9998,171014
18.0038,171184
18.0079,170439
18.0120,170682
18.0161,170724
18.0202,170377
18.0243,170875
18.0284,170444
18.0325,170630
18.0366,170483
18.0407,170755
18.0448,170920
18.0489,170605
18.0530,170656
18.0571,171022
18.0613,170694
18.0653,170564
18.0694,170829
18.0735,170235
18.0776,170922
18.0816,170517
18.0858,170342
18.0899,170254
18.0940,170475
18.0980,170298
18.1021,170335
18.1064,170262
18.1105,170590
18.1106,170643
18.1144,170769
18.1185,170991
18.1226,170293
18.1267,170888
18.1307,170741
18.1349,170435
18.1390,169951
18.1431,170008
18.1472,170268
18.1513,170734
18.1554,170316
18.1595,171186
18.1636,170246
18.1677,170882
18.1717,169976
18.1758,170199
18.1799,170954
18.1840,170457
18.1881,171019
18.1922,170244
18.1963,170442
18.2004,170398
18.2045,170220
18.2085,171251
18.2127,170251
18.2168,170439
18.2209,170430
18.2250,170530
18.2291,170776
18.2334,170874
18.2375,170368
18.2375,170162
18.2415,169604
18.2455,171401
18.2496,169982
18.2537,170885
18.2578,170220
18.2619,170432
18.2660,171652
18.2701,170799
18.2742,171014
18.2783,170626
18.2824,169672
18.2865,171766
18.2906,169852
18.2946,170748
18.2987,170775
18.3028,169981
18.3069,171204
18.3110,170027
18.3152,170557
18.3192,170462
18.3233,170236
18.3274,171259
18.3315,169991
18.3356,170791
18.3397,170623
18.3438,170513
18.3479,171171
18.3520,170042
18.3561,170879
18.3603,171005
18.3644,170693
18.3685,171427
18.3686,170160
18.3725,170646
18.3766,170588
18.3807,170397
18.3848,170896
18.3889,170383
18.3930,170423
18.3970,170850
18.4012,170390
18.4052,171615
18.4094,170579
18.4134,170499
18.4175,170834
18.4216,170357
18.4256,171042
18.4297,169842
18.4338,170173
18.4379,170611
18.4420,170324
18.4461,171318
18.4502,170270
18.4543,170623
18.4584,170788
18.4625,170382
18.4666,170276
18.4707,170161
18.4748,170294
18.4789,170382
18.4830,170026
18.4874,170743
18.4914,170340
18.4956,170538
18.4957,170953
18.4995,170387
18.5036,170591
18.5076,169960
18.5118,170144
18.5158,170522
18.5199,170727
18.5240,170508
18.5281,170908
18.5322,170505
18.5364,170798
18.5404,170395
18.5445,170956
18.5486,170388
18.5527,170568
18.5568,170878
18.5609,170385
18.5650,170774
18.5691,170707
18.5732,170498
18.5772,170682
18.5814,170942
18.5855,170519
18.5896,170534
18.5937,170732
18.5977,170550
18.6018,170158
18.6059,170245
18.6100,170729
18.6143,170304
18.6184,170965
18.6223,170191
18.6224,169879
18.6264,170778
18.6305,170269
18.6346,170059
18.6387,170549
18.6428,170318
18.6469,170655
18.6510,170378
18.6551,170661
18.6592,171208
18.6633,170234
18.6674,170582
18.6714,170184
18.6756,170940
18.6796,170644
18.6836,169655
18.6878,171235
18.6920,170472
18.6961,170773
18.7001,171199
18.7042,169740
18.7083,170429
18.7124,170707
18.7164,170751
18.7206,170785
18.7247,169739
18.7288,171321
18.7329,170756
18.7370,170763
18.7413,170806
18.7454,170244
18.7494,171315
18.7495,171034
18.7534,170791
18.7575,170204
18.7616,170172
18.7657,170951
18.7698,170651
18.7740,170677
18.7780,170713
18.7820,169924
18.7861,171492
18.7903,170791
18.7944,170933
18.7984,170518
18.8027,170196
18.8067,171242
18.8107,170495
18.8148,170461
18.8189,170824
18.8230,170604
18.8271,171439
18.8312,169792
18.8353,170281
18.8393,170460
18.8435,170391
18.8476,171392
18.8517,170241
18.8558,170365
18.8599,170552
18.8640,170200
18.8682,171550
18.8723,170438
18.8764,170648
18.8765,170830
18.8804,170456
18.8845,171824
18.8886,170661
18.8927,170496
18.8967,170740
18.9008,170395
18.9049,171465
18.9090,170339
18.9131,170757
18.9172,170971
18.9213,170189
18.9253,171436
18.9295,169892
18.9336,170319
18.9377,170199
18.9418,170304
18.9459,170934
18.9500,170095
18.9541,170562
18.9581,170463
18.9623,170635
18.9664,171055
18.9705,170114
18.9746,170324
18.9787,170342
18.9828,170299
18.9869,170965
18.9910,170079
18.9951,170338
18.9993,171114
19.0034,170649
19.0034,171328
19.0073,169926
19.0114,170768
19.0155,170120
19.0196,170476
19.0236,170904
19.0278,170306
19.0318,171185
19.0359,170879
19.0400,170631
19.0441,170094
19.0482,170065
19.0524,170226
19.0564,170748
19.0605,171024
19.0646,170519
19.0687,170615
19.0728,170941
19.0769,170677
19.0810,170590
19.0851,170825
19.0892,170856
19.0933,169992
19.0974,170386
19.1015,170597
19.1057,171055
19.1097,170796
19.1138,170127
19.1179,170584
19.1220,170413
19.1261,170576
19.1304,169927
19.1304,170348
19.1342,170584
19.1383,170205
19.1425,170554
19.1466,170150
19.1507,170888
19.1548,170359
19.1589,170656
19.1630,170136
19.1671,170729
19.1712,170220
19.1752,170335
19.1793,170442
19.1834,169984
19.1875,170948
19.1916,171308
19.1959,170570
19.1998,170469
19.2039,169763
19.2080,170884
19.2121,170432
19.2162,170403
19.2203,170925
19.2244,170089
19.2285,171219
19.2326,170794
19.2367,170588
19.2407,171458
19.2448,170401
19.2489,171241
19.2533,171458
19.2573,170659
19.2574,170183
19.2613,169942
19.2655,171240
19.2694,170242
19.2735,170403
19.2776,170585
19.2818,170184
19.2859,171331
19.2899,170140
19.2940,169946
19.2982,170497
19.3022,169705
19.3063,171391
19.3104,170734
19.3145,170176
19.3185,170812
19.3229,169760
19.3268,171413
19.3309,170555
19.3350,170863
19.3390,170296
19.3432,170203
19.3473,171938
19.3514,170309
19.3555,170879
19.3596,170636
19.3637,170290
19.3677,171203
19.3718,170361
19.3784,170313
19.3800,170842
19.3840,169917
19.3841,171370
19.3881,169941
19.3922,170468
19.3975,170834
19.4005,170553
19.4045,171733
19.4088,169822
19.4130,170722
19.4169,170575
19.4209,170555
19.4250,171103
19.4295,169683
19.4332,169775
19.4373,171307
19.4414,170509
19.4459,171265
19.4496,169918
19.4537,170185
19.4578,170832
19.4621,169872
19.4662,171047
19.4701,169933
19.4742,170216
19.4786,170759
19.4824,170025
19.4865,171215
19.4906,169695
19.4961,170478
19.4988,170334
19.5029,170366
19.5070,171438
19.5124,170716
19.5152,170558
19.5153,170547
19.5193,170527
19.5233,170925
19.5291,170544
19.5321,170243
19.5356,170705
19.5397,170522
19.5438,171021
19.5482,169784
19.5521,170369
19.5562,170873
19.5620,170423
19.5646,170472
19.5684,170702
19.5725,170401
19.5766,170932
19.5808,170336
19.5850,170903
19.5888,170033
19.5930,170255
19.5977,170238
19.6012,170655
19.6053,170860
19.6094,170463
19.6140,170181
19.6175,170942
19.6216,170692
19.6257,170488
19.6303,169942
19.6341,170867
19.6384,170248
19.6422,169674
19.6425,170547
19.6471,170364
19.6505,170799
19.6544,170749
19.6585,170341
19.6648,170395
19.6667,170631
19.6708,170591
19.6749,170211
19.6794,170396
19.6831,169790
19.6872,170839
19.6913,170529
19.6958,170224
19.6996,170354
19.7036,169886
19.7076,170563
19.7122,170699
19.7158,170466
19.7199,170366
19.7240,169935
19.7291,170631
19.7323,170284
19.7363,170597
19.7404,170597
19.7447,170311
19.7490,170878
19.7527,170543
19.7568,170056
19.7627,169977
19.7654,170180
19.7692,170551
19.7693,170113
19.7733,170369
19.7789,170506
19.7817,169818
19.7855,171015
19.7895,170485
19.7958,170176
19.7982,170680
19.8018,170544
19.8059,171456
19.8101,170210
19.8144,170565
19.8183,170013
19.8223,170028
19.8264,171652
19.8313,169854
19.8346,170588
19.8387,170542
19.8429,170755
19.8475,171443
19.8510,169668
19.8551,170560
19.8593,170570
19.8642,170269
19.8674,172097
19.8715,169901
19.8756,170418
19.8801,170783
19.8838,169817
19.8879,171105
19.8922,170309
19.8962,170141
19.8967,170681
19.9001,169744
19.9042,171499
19.9084,170304
19.9127,170744
19.9166,170265
19.9207,170197
19.9248,171461
19.9290,170020
19.9329,170528
19.9371,170185
19.9412,169980
19.9455,171254
19.9494,169935
19.9538,170606
19.9577,170057
19.9619,170370
19.9662,171321
19.9709,169740
19.9739,170342
19.9801,170183
19.9824,170222
19.9864,170933
19.9903,169618
19.9955,170054
19.9986,170180
20.0026,169796
20.0067,171238
20.0133,170247
20.0156,170722
20.0191,170078
20.0231,170365
20.0232,170968
20.0288,169998
20.0317,170975
20.0353,170532
20.0394,170321
20.0450,170953
20.0483,170570
20.0517,170179
20.0558,170773
20.0600,171188
20.0648,170792
20.0681,170657
20.0722,170014
20.0763,171136
20.0805,170379
20.0845,171303
20.0886,170579
20.0927,170069
20.0974,170620
20.1012,170559
20.1050,170669
20.1091,170216
20.1131,170444
20.1172,169741
20.1213,170524
20.1254,170453
20.1300,170375
20.1338,170535
20.1378,170521
20.1420,170192
20.1464,170541
20.1501,170204
20.1502,170549
20.1541,170787
20.1583,170281
20.1631,170439
20.1665,170491
20.1705,170549
20.1747,171183
20.1796,170249
20.1832,170427
20.1868,171040
20.1909,170115
20.1956,170623
20.2000,170021
20.2039,170192
20.2074,170482
20.2117,169779
20.2155,170343
20.2196,169874
20.2237,170192
20.2289,170418
20.2320,169964
20.2360,170703
20.2401,170466
20.2448,170202
20.2490,170566
20.2524,170395
20.2565,170601
20.2615,170418
20.2651,170259
20.2688,170850
20.2730,170041
20.2784,170137
20.2788,170095
20.2815,170129
20.2851,170861
20.2893,170112
20.2934,170187
20.2977,170428
20.3016,169729
20.3056,171100
20.3098,170761
20.3142,170262
20.3179,170483
20.3220,169723
20.3262,171144
20.3309,170629
20.3343,170805
20.3384,170415
20.3426,169490
20.3468,171337
20.3508,170090
20.3549,170358
20.3590,170308
20.3631,170077
20.3671,171600
20.3712,170096
20.3754,170241
20.3802,170512
20.3835,169939
20.3875,171250
20.3916,170216
20.3966,170429
20.4000,170646
20.4040,169962
20.4041,170865
20.4080,170072
20.4130,170886
20.4163,170940
20.4203,170159
20.4244,171541
20.4286,170180
20.4326,170711
20.4367,170173
20.4408,170652
20.4449,171471
20.4490,169972
20.4531,170280
20.4572,170638
20.4617,169643
20.4654,171467
20.4695,170120
20.4736,170566
20.4786,170904
20.4818,170526
20.4859,170961
20.4900,169728
20.4953,170040
20.4981,170225
20.5023,170061
20.5064,171326
20.5114,169818
20.5147,170574
20.5186,170830
20.5227,170170
20.5285,171232
20.5311,170027
20.5311,170281
20.5351,170217
20.5391,170396
20.5447,170942
20.5479,170533
20.5515,169963
20.5556,170442
20.5596,170317
20.5642,170587
20.5681,169981
20.5727,170115
20.5760,170728
20.5801,170096
20.5848,171100
20.5889,170308
20.5924,170654
20.5965,170457
20.6007,170402
20.6047,171377
20.6089,169819
20.6129,169901
20.6172,170351
20.6210,170274
20.6252,171114
20.6295,170505
20.6335,170934
20.6374,171289
20.6416,170771
20.6461,170707
20.6497,170356
20.6540,170659
20.6581,170346
20.6582,171316
20.6620,170859
20.6662,170323
20.6702,170708
20.6743,170552
20.6794,170224
20.6825,170219
20.6866,170355
20.6906,170072
20.6955,170441
20.6991,170334
20.7035,170884
20.7070,170468
20.7122,169959
20.7158,170201
20.7194,170497
20.7234,170351
20.7283,170567
20.7317,170030
20.7360,170561
20.7398,170514
20.7450,170955
20.7481,170442
20.7521,170297
20.7564,170651
20.7617,170846
20.7646,170356
20.7685,170828
20.7731,170590
20.7784,170080
20.7808,170274
20.7849,169910
20.7850,170548
20.7890,170540
20.7946,170390
20.7973,170406
20.8013,170160
20.8060,171209
20.8108,170462
20.8139,170462
20.8176,170388
20.8217,169810
20.8259,170971
20.8305,170206
20.8340,170202
20.8381,170686
20.8422,169976
20.8470,171516
20.8504,169953
20.8545,169959
20.8587,170150
20.8628,169592
20.8668,171191
20.8709,170478
20.8750,170962
20.8801,170384
20.8831,169765
20.8873,171422
20.8915,170833
20.8956,170303
20.8996,170949
20.9036,169870
20.9079,170997
20.9127,170169
20.9161,169954
20.9162,170426
20.9201,169743
20.9241,171140
20.9291,170398
20.9323,170729
20.9364,170105
20.9405,170519
20.9455,172125
20.9493,169860
20.9529,171009
20.9569,170944
20.9610,170292
20.9652,171509
20.9692,170498
20.9733,170512
20.9783,170924
20.9815,170446
20.9858,171779
20.9896,170567
20.9941,170476
20.9979,170414
21.0020,170475
21.0061,171160
21.0117,170089
21.0147,170347
21.0184,170684
21.0224,170149
21.0286,171338
21.0308,170639
21.0349,170575
21.0389,170385
21.0429,170396
21.0430,171510
21.0475,169981
21.0511,170281
21.0552,170570
21.0594,170645
21.0636,170877
21.0676,170141
21.0717,170521
21.0757,170318
21.0798,170119
21.0841,171286
21.0879,170540
21.0920,170317
21.0969,170626
21.1005,170785
21.1043,170881
21.1085,170517
21.1138,170728
21.1170,170854
21.1207,170738
21.1249,171021
21.1299,170597
21.1330,170530
21.1371,170591
21.1412,170882
21.1462,170841
21.1494,170710
21.1535,170328
21.1576,170835
21.1618,170573
21.1661,170513
21.1702,170353
21.1703,171109
21.1740,170662
21.1784,170356
21.1823,170828
21.1865,170698
21.1903,170484
21.1954,170374
21.1987,169959
21.2033,170430
21.2067,170742
21.2123,170356
21.2155,169986
21.2198,170684
21.2232,170581
21.2278,169966
21.2316,170651
21.2354,170659
21.2395,170457
21.2444,170886
21.2477,170532
21.2520,170331
21.2559,170635
21.2612,170026
21.2644,170790
21.2686,170479
21.2723,170957
21.2780,170512
21.2815,170575
21.2846,170630
21.2888,170062
21.2949,170418
21.2969,170235
21.2972,170764
21.3010,170350
21.3050,170781
21.3092,170278
21.3138,170287
21.3173,170665
21.3214,169697
21.3255,170710
21.3298,170429
21.3337,169935
21.3378,170559
21.3420,170082
21.3466,170949
21.3502,170325
21.3542,170892
21.3584,170467
21.3626,169915
21.3665,170725
21.3706,170384
21.3748,170399
21.3792,170772
21.3829,170120
21.3870,171341
21.3911,170369
21.3956,170546
21.3993,170431
21.4035,169729
21.4074,171515
21.4117,170507
21.4158,170468
21.4199,170348
21.4240,169780
21.4241,171271
21.4290,170763
21.4326,170262
21.4364,170864
21.4403,170259
21.4456,171838
21.4484,170479
21.4528,170405
21.4566,170685
21.4610,169891
21.4649,171272
21.4689,170273
21.4731,170749
21.4787,170528
21.4812,169943
21.4853,171701
21.4895,169664
21.4947,170293
21.4976,170705
21.5016,169749
21.5057,171073
21.5111,169894
21.5145,170258
21.5187,170681
21.5221,170717
21.5273,171789
21.5304,170170
21.5346,170727
21.5386,170476
21.5449,170103
21.5471,171651
21.5509,169624
21.5510,170161
21.5549,170624
21.5590,170048
21.5634,170777
21.5673,169758
21.5713,170372
21.5754,169672
21.5798,170043
21.5839,171298
21.5877,169934
21.5917,170370
21.5963,170290
21.6006,170242
21.6040,171018
21.6083,169848
21.6126,170448
21.6165,170590
21.6204,170187
21.6246,170499
21.6293,170181
21.6328,170773
21.6369,170656
21.6409,170590
21.6457,170934
21.6491,170146
21.6532,170772
21.6574,170496
21.6621,170509
21.6655,171026
21.6696,170484
21.6740,170130
21.6782,170656
21.6788,170803
21.6820,170814
21.6861,170525
21.6901,170906
21.6946,170649
21.6988,170482
21.7024,171001
21.7064,170481
21.7106,170700
21.7146,170676
21.7187,170335
21.7228,170661
21.7275,170543
21.7310,170874
21.7351,169936
21.7392,170000
21.7448,170943
21.7479,170450
21.7515,170512
21.7556,170312
21.7609,170501
21.7637,170691
21.7679,170136
21.7720,170387
21.7778,170772
21.7806,170545
21.7843,170580
21.7883,170053
21.7941,170668
21.7968,169709
21.8008,170339
21.8048,170124
21.8089,170085
21.8090,170655
21.8132,170957
21.8172,170733
21.8211,170133
21.8252,171090
21.8296,170493
21.8338,170966
21.8376,170808
21.8417,169918
21.8466,171157
21.8498,170843
21.8539,170359
21.8581,170485
21.8631,169619
21.8663,171013
21.8703,170590
21.8744,170236
21.8791,171150
21.8833,170515
21.8866,171021
21.8908,170418
21.8949,170466
21.8992,170806
21.9030,169865
21.9074,170934
21.9114,170487
21.9159,169930
21.9197,170510
21.9238,169994
21.9292,170838
21.9319,169968
21.9358,170930
21.9359,170388
21.9399,169582
21.9442,171559
21.9484,170317
21.9524,170509
21.9563,170446
21.9613,170305
21.9651,171408
21.9694,170252
21.9727,170485
21.9788,170191
21.9813,169401
21.9851,171500
21.9891,170458
21.9941,170782
21.9977,170223
22.0014,169809
22.0054,171322
22.0112,169763
22.0137,170354
22.0177,170031
22.0218,170201
22.0263,171048
22.0307,170558
22.0341,170921
22.0382,170708
22.0424,169629
22.0471,171139
22.0505,169830
22.0547,169896
22.0588,170781
22.0629,170438
22.0630,170844
22.0669,170484
22.0710,170804
22.0751,171253
22.0799,169637
22.0834,171104
22.0874,170400
22.0915,171292
22.0962,170496
22.0996,169974
22.1037,171729
22.1079,170189
22.1121,170029
22.1160,170569
22.1201,170070
22.1243,171403
22.1286,169978
22.1325,170882
22.1365,170520
22.1406,170293
22.1452,171076
22.1488,169702
22.1529,170956
22.1570,170265
22.1613,170447
22.1652,171427
22.1693,170239
22.1734,171023
22.1778,170913
22.1821,170210
22.1858,171005
22.1897,170120
22.1898,170537
22.1941,170311
22.1982,170485
22.2021,170719
22.2061,170245
22.2111,170390
22.2146,170255
22.2188,170437
22.2230,170850
22.2270,170502
22.2310,170186
22.2353,171130
22.2389,170421
22.2442,170876
22.2477,170233
22.2515,170487
22.2553,170483
22.2605,170577
22.2646,170542
22.2679,170107
22.2717,170949
22.2774,170474
22.2806,170501
22.2840,170889
22.2882,170376
22.2922,170474
22.2963,170750
22.3003,170533
22.3044,170115
22.3086,169730
22.3128,169787
22.3170,170181
22.3171,170252
22.3208,170161
22.3249,170819
22.3290,170648
22.3331,170991
22.3372,170453
22.3413,170228
22.3457,170557
22.3498,170324
22.3537,170947
22.3577,170162
22.3618,170031
22.3665,170769
22.3710,170106
22.3741,170119
22.3788,170866
22.3825,169913
22.3867,170521
22.3905,170409
22.3947,170141
22.3988,170788
22.4027,169850
22.4070,170534
22.4115,170339
22.4151,170727
22.4191,170494
22.4232,169667
22.4277,170251
22.4316,170107
22.4356,170586
22.4397,170747
22.4438,170187
22.4441,171087
22.4483,170882
22.4526,170895
22.4560,171009
22.4604,169446
22.4642,171222
22.4688,170249
22.4727,170238
22.4773,170261
22.4807,169523
22.4848,170977
22.4888,170622
22.4945,170666
22.4970,170546
22.5018,169776
22.5051,171064
22.5106,170055
22.5144,170173
22.5178,170417
22.5216,170137
22.5269,171269
22.5305,170737
22.5343,170433
22.5379,170299
22.5438,169777
22.5466,171489
22.5508,170571
22.5543,170327
22.5604,170308
22.5636,170090
22.5667,170967
22.5708,169964
22.5747,170251
22.5749,170609
22.5801,169327
22.5837,170839
22.5871,169270
22.5912,170606
22.5956,169929
22.5993,170222
22.6034,171082
22.6076,169720
22.6122,170312
22.6158,170679
22.6198,169888
22.6240,170903
22.6290,170237
22.6325,170153
22.6362,170289
22.6403,170782
22.6450,171525
22.6490,170457
22.6526,170630
22.6567,170704
22.6609,169859
22.6649,170797
22.6690,169918
22.6730,170015
22.6782,170208
22.6816,169851
22.6860,170940
22.6895,170088
22.6945,170342
22.6978,170405
22.7018,169899
22.7019,170457
22.7058,169627
22.7103,170273
22.7145,170427
22.7181,170119
22.7222,170791
22.7278,170305
22.7308,170435
22.7345,170246
22.7386,169943
22.7438,170412
22.7469,170182
22.7510,170307
22.7550,170008
22.7603,170683
22.7635,170353
22.7678,170374
22.7721,170051
22.7766,170272
22.7802,170302
22.7837,170209
22.7878,170167
22.7938,170275
22.7968,170321
22.8003,170563
22.8041,170556
22.8083,170234
22.8127,169907
22.8169,170451
22.8207,170553
22.8247,170215
22.8287,170197
22.8288,170400
22.8328,170281
22.8369,170432
22.8410,170178
22.8461,170027
22.8493,170029
22.8534,171242
22.8574,170521
22.8618,170723
22.8657,170268
22.8698,170443
22.8738,170268
22.8790,170547
22.8820,170344
22.8860,170588
22.8903,170324
22.8943,169774
22.8983,169971
22.9024,170547
22.9066,170154
22.9114,170971
22.9147,170738
22.9188,170595
22.9229,169850
22.9277,170732
22.9312,170749
22.9352,170602
22.9393,170497
22.9438,169889
22.9477,170773
22.9517,170305
22.9556,170030
22.9557,170388
22.9606,169708
22.9639,171307
22.9682,169944
22.9721,170766
22.9768,170583
22.9808,169175
22.9849,170954
22.9884,170205
22.9949,170647
22.9972,170452
23.0007,169645
23.0048,170785
23.0096,170085
23.0134,170402
23.0173,170340
23.0214,170556
23.0264,170970
23.0294,170075
23.0344,170742
23.0379,169966
23.0430,170011
23.0459,170730
23.0507,169943
23.0544,170780
23.0599,170238
23.0624,170001
23.0664,171497
23.0705,170602
23.0746,170221
23.0786,170447
23.0827,169947
23.0828,171193
23.0867,170153
23.0908,170406
23.0951,170563
23.0991,170107
23.1031,171070
23.1073,169748
23.1119,170273
23.1161,170706
23.1195,169433
23.1238,171017
23.1278,170335
23.1323,170189
23.1364,170816
23.1400,169998
23.1449,170828
23.1490,169759
23.1523,169761
23.1564,170992
23.1611,169936
23.1646,170755
23.1687,169869
23.1728,169864
23.1774,169984
23.1811,170155
23.1852,171004
23.1891,169537
23.1945,170157
23.1974,170497
23.2016,170130
23.2058,171365
23.2111,169539
23.2125,170389
23.2137,170449
23.2178,169341
23.2219,171065
23.2277,170413
23.2303,170274
23.2343,170235
23.2383,170606
23.2441,170507
23.2469,170264
23.2505,170124
23.2546,170702
23.2590,170084
23.2631,170152
23.2669,170187
23.2710,170760
23.2774,170495
23.2796,170383
23.2833,170365
23.2874,170361
23.2915,170419
23.2958,170241
23.2998,170405
23.3038,170531
23.3100,170465
23.3123,170444
23.3161,170215
23.3202,169783
23.3243,170212
23.3295,169648
23.3327,169956
23.3367,170163
23.3368,169698
23.3407,169839
23.3451,170372
23.3489,170437
23.3530,170334
23.3571,170007
23.3613,169964
23.3653,170792
23.3694,170875
23.3735,170546
23.3776,170160
23.3817,169791
23.3857,170524
23.3899,170384
23.3946,170203
23.3986,169707
23.4021,169660
23.4062,169840
23.4110,170036
23.4148,170382
23.4185,170165
23.4226,170035
23.4269,170470
23.4308,170227
23.4349,170183
23.4390,170102
23.4442,169549
23.4472,170162
23.4514,169718
23.4554,170271
23.4599,170315
23.4637,169929
23.4638,170652
23.4676,170431
23.4717,170865
23.4774,170356
23.4799,169438
23.4845,170675
23.4881,170768
23.4933,169992
23.4965,170422
23.5005,169736
23.5046,170763
23.5098,170529
23.5132,170069
23.5168,170418
23.5209,169541
23.5251,171122
23.5297,169903
23.5332,170129
23.5373,170209
23.5431,169629
23.5455,170936
23.5496,170097
23.5536,169893
23.5597,170709
23.5619,169323
23.5663,171270
23.5701,170013
23.5742,170164
23.5788,170266
23.5826,170088
23.5866,170938
23.5908,169895
23.5946,170462
23.5947,170105
23.5987,169579
23.6028,170983
23.6070,170005
23.6119,170326
23.6151,170470
23.6192,169798
23.6233,171202
23.6278,170200
23.6325,170393
23.6357,170390
23.6398,169887
23.6445,171136
23.6479,169705
23.6520,170528
23.6560,170744
23.6611,169892
23.6643,170672
23.6683,169817
23.6724,170836
23.6779,170467
23.6810,170026
23.6848,171003
23.6888,170318
23.6933,170524
23.6970,170297
23.7011,170382
23.7052,170532
23.7102,170515
23.7136,170742
23.7177,170476
23.7217,169759
23.7218,170082
23.7264,169880
23.7309,170256
23.7339,170447
23.7380,169837
23.7433,170847
23.7472,170124
23.7504,170621
23.7544,170570
23.7597,170639
23.7625,170510
23.7667,170603
23.7707,170574
23.7775,170798
23.7793,170246
23.7830,170916
23.7871,170168
23.7927,170522
23.7959,170428
23.7995,170289
23.8035,170075
23.8076,170106
23.8118,170122
23.8158,170781
23.8199,170707
23.8240,170652
23.8288,170077
23.8323,170375
23.8364,170074
23.8404,170203
23.8446,170720
23.8486,170307
23.8487,170328
23.8526,170234
23.8570,169900
23.8611,170544
23.8651,170765
23.8691,170517
23.8732,170413
23.8773,169628
23.8817,170312
23.8854,169623
23.8895,170004
23.8937,170460
23.8982,170380
23.9021,169592
23.9060,170156
23.9100,169803
23.9150,170382
23.9183,170443
23.9223,170365
23.9264,170369
23.9309,170277
23.9346,170422
23.9387,170421
23.9433,169883
23.9468,170707
23.9510,170656
23.9550,170595
23.9593,170219
23.9634,169677
23.9675,170443
23.9716,169660
23.9762,170247
23.9768,170303
23.9798,170172
23.9838,170773
23.9879,170476
23.9930,170804
23.9960,170004
24.0001,169641
24.0042,171014
24.0107,170524
24.0125,170457
24.0165,170548
24.0206,169682
24.0254,171534
24.0290,170149
24.0331,170746
24.0371,170809
24.0425,169719
24.0459,171075
24.0493,170487
24.0533,170266
24.0575,170070
24.0617,169752
24.0657,171355
24.0697,170353
24.0739,170536
24.0788,170256
24.0821,170184
24.0861,171501
24.0903,170663
24.0944,170333
24.0985,170436
24.1025,169509
24.1026,170975
24.1067,170378
24.1108,170582
24.1148,170389
24.1189,170026
24.1230,171402
24.1279,169756
24.1312,170664
24.1353,170044
24.1395,169844
24.1440,171257
24.1476,169540
24.1517,170426
24.1558,170358
24.1606,169615
24.1640,171399
24.1681,169562
24.1721,170245
24.1766,170172
24.1804,170179
24.1844,170830
24.1885,170318
24.1927,170155
24.1967,170584
24.2008,169941
24.2049,170898
24.2095,169529
24.2132,170184
24.2172,170006
24.2213,170261
24.2263,170846
24.2295,169970
24.2296,170274
24.2336,170652
24.2377,169771
24.2424,170514
24.2462,169837
24.2500,169756
24.2540,170361
24.2599,170585
24.2624,170455
24.2664,170142
24.2705,170540
24.2756,170250
24.2793,170456
24.2828,171050
24.2869,170333
24.2922,170240
24.2956,170082
24.2991,170000
24.3032,170801
24.3074,170294
24.3116,170028
24.3156,170470
24.3197,170602
24.3238,170903
24.3280,170001
24.3319,170149
24.3360,170666
24.3401,170510
24.3448,170008
24.3484,170175
24.3525,170428
24.3566,170383
24.3605,170590
24.3606,170365
24.3646,170068
24.3688,170145
24.3728,170265
24.3773,170077
24.3810,170852
24.3851,170057
24.3893,170654
24.3938,170952
24.3974,169544
24.4015,170147
24.4056,170550
24.4102,170185
24.4138,170641
24.4179,170366
24.4220,170307
24.4266,170329
24.4302,170381
24.4343,170464
24.4384,170715
24.4429,169999
24.4467,170109
24.4507,170513
24.4548,170684
24.4592,170287
24.4630,169760
24.4670,170425
24.4711,170373
24.4760,170119
24.4794,170270
24.4836,169326
24.4876,170355
24.4877,170670
24.4922,170090
24.4967,170869
24.4998,169793
24.5039,170926
24.5094,170294
24.5121,170140
24.5162,170233
24.5203,169773
24.5245,170469
24.5287,170280
24.5327,170498
24.5368,169921
24.5421,169340
24.5453,170565
24.5490,170160
24.5531,169816
24.5572,170524
24.5613,169733
24.5657,171355
24.5694,169873
24.5736,170026
24.5782,170929
24.5818,169848
24.5858,171080
24.5899,170263
24.5949,170061
24.5982,170211
24.6027,169587
24.6066,171113
24.6106,169794
24.6146,170042
24.6147,170292
24.6187,169287
24.6231,170828
24.6277,169837
24.6309,170854
24.6350,170359
24.6391,170009
24.6441,171437
24.6473,170550
24.6513,170147
24.6555,169896
24.6610,170048
24.6636,171350
24.6677,169684
24.6718,170181
24.6759,170414
24.6800,169839
24.6841,171114
24.6882,169966
24.6932,170446
24.6964,170169
24.7005,169800
24.7046,170708
24.7106,169589
24.7128,170610
24.7169,170815
24.7210,169720
24.7271,170565
24.7293,169405
24.7333,170796
24.7375,170018
24.7426,170056
24.7431,170817
24.7457,169636
24.7497,169884
24.7537,170504
24.7596,170510
24.7621,170368
24.7661,169888
24.7701,169836
24.7758,170514
24.7790,169710
24.7835,170600
24.7866,169647
24.7925,170148
24.7951,170684
24.7991,170783
24.8029,170466
24.8070,169763
24.8121,170291
24.8152,170500
24.8193,170471
24.8234,170413
24.8276,170356
24.8316,170431
24.8357,170271
24.8398,170557
24.8446,170396
24.8480,169483
24.8520,169619
24.8562,170433
24.8609,169863
24.8645,170583
24.8686,169915
24.8687,170001
24.8726,170504
24.8773,170135
24.8807,170201
24.8848,170278
24.8890,170348
24.8933,170813
24.8972,170335
24.9012,169892
24.9054,170031
24.9098,170564
24.9135,170212
24.9176,169781
24.9217,170132
24.9262,170203
24.9300,169973
24.9341,170093
24.9382,169819
24.9425,169559
24.9463,170249
24.9503,170243
24.9544,170423
24.9593,170820
24.9627,170031
24.9668,170727
24.9709,170060
24.9752,169983
24.9794,170056
24.9831,169784
24.9873,170512
24.9921,169769
24.9954,170493
24.9955,170513
24.9995,169235
25.0036,170391
25.0084,170117
25.0121,170115
25.0159,170565
25.0200,169606
25.0253,170194
25.0285,170419
25.0324,170148
25.0364,170403
25.0417,170100
25.0452,170817
25.0487,169983
25.0528,170003
25.0584,170348
25.0616,168746
25.0651,170377
25.0692,169652
25.0733,169965
25.0776,170243
25.0814,169711
25.0855,170823
25.0897,170077
25.0943,170445
25.0978,170640
25.1019,169590
25.1061,171216
25.1106,170342
25.1142,169909
25.1184,170138
25.1225,169699
25.1226,171178
25.1273,169971
25.1306,169987
25.1347,170624
25.1388,169526
25.1434,171433
25.1475,169687
25.1510,170096
25.1552,170864
25.1605,169681
25.1636,171211
25.1674,170316
25.1715,170604
25.1774,170472
25.1798,170036
25.1839,171307
25.1879,170216
25.1931,170188
25.1963,170219
25.2002,170134
25.2043,170690
25.2091,170213
25.2127,170163
25.2166,170719
25.2207,169885
25.2261,170897
25.2295,169727
25.2330,170578
25.2371,169858
25.2421,169610
25.2453,171418
25.2495,169805
25.2535,170172
25.2537,169609
25.2603,169606
25.2616,170916
25.2657,170032
25.2698,169662
25.2754,170288
25.2780,169612
25.2821,170583
25.2862,169889
25.2927,170660
25.2950,170049
25.2986,169997
25.3027,170706
25.3068,169469
25.3113,170545
25.3149,170144
25.3190,169847
25.3231,170461
25.3277,169734
25.3313,169967
25.3354,170425
25.3395,170119
25.3441,170595
25.3476,170064
25.3517,169672
25.3559,169966
25.3615,170311
25.3648,170509
25.3682,169935
25.3725,170337
25.3764,170034
25.3805,170119
25.3806,170250
25.3847,169604
25.3887,170473
25.3927,170500
25.3968,170224
25.4009,170267
25.4050,170167
25.4091,169973
25.4132,170464
25.4173,170028
25.4214,170436
25.4255,170020
25.4296,170395
25.4337,170381
25.4378,170437
25.4418,170241
25.4459,170194
25.4502,170430
25.4541,170388
25.4583,170054
25.4624,169911
25.4665,169865
25.4706,170121
25.4747,170235
25.4788,170258
25.4829,170061
25.4871,170228
25.4911,170068
25.4952,169574
25.4995,170003
25.5035,169719
25.5076,170267
25.5077,170119
25.5115,170488
25.5156,170366
25.5197,169847
25.5238,170556
25.5279,169910
25.5320,170604
25.5361,170202
25.5402,169623
25.5443,170425
25.5483,170196
25.5524,170760
25.5565,170573
25.5606,169625
25.5647,170638
25.5689,171010
25.5730,170094
25.5771,170563
25.5812,170480
25.5853,170749
25.5894,170431
25.5934,169862
25.5975,170228
25.6016,169848
25.6057,170959
25.6098,170590
25.6139,169597
25.6180,170721
25.6221,169794
25.6262,170767
25.6304,169777
25.6344,170546
25.6345,170108
25.6384,169871
25.6425,171521
25.6466,169440
25.6507,170207
25.6549,169852
25.6589,169567
25.6631,170920
25.6671,169856
25.6712,170114
25.6753,170392
25.6794,169616
25.6837,171234
25.6876,170440
25.6918,170741
25.6959,170516
25.7000,169545
25.7040,171100
25.7082,170144
25.7123,170109
25.7164,170741
25.7204,169710
25.7246,171364
25.7287,170257
25.7328,169972
25.7369,169993
25.7410,170438
25.7450,170867
25.7491,169624
25.7532,170348
25.7574,170565
25.7615,169904
25.7616,170855
25.7655,169988
25.7696,170473
25.7736,170552
25.7778,169417
25.7818,170796
25.7859,169899
25.7900,169521
25.7941,170568
25.7982,170306
25.8023,171179
25.8064,169743
25.8105,170188
25.8145,170572
25.8187,169615
25.8228,170465
25.8269,170605
25.8310,170457
25.8351,170184
25.8392,169904
25.8433,170640
25.8473,169784
25.8515,170589
25.8556,170162
25.8597,170172
25.8638,170572
25.8679,169871
25.8720,170530
25.8761,169988
25.8802,170590
25.8847,171069
25.8886,169680
25.8887,169886
25.8926,170339
25.8966,170176
25.9007,170511
25.9048,170052
25.9089,170158
25.9130,170204
25.9171,170419
25.9212,170502
25.9253,170901
25.9294,170437
25.9335,170371
25.9375,170315
25.9416,169997
25.9457,170194
25.9498,170042
25.9538,170388
25.9581,169814
25.9621,170395
25.9662,170238
25.9703,170028
25.9744,170480
25.9785,170059
25.9826,170247
25.9867,170398
25.9907,170445
25.9948,170139
25.9989,170300
26.0030,169663
26.0071,170249
26.0115,169749
26.0155,170456
26.0156,170573
26.0195,170057
26.0235,170207
26.0276,170268
26.0318,170854
26.0359,170521
26.0399,169438
26.0440,170409
26.0481,170474
26.0522,170806
26.0564,170455
26.0604,170203
26.0645,170659
26.0686,170536
26.0727,170332
26.0768,169927
26.0808,169456
26.0850,170882
26.0891,169883
26.0931,170036
26.0973,170973
26.1014,169309
26.1055,170924
26.1096,169872
26.1137,169680
26.1178,170147
26.1219,169829
26.1259,171062
26.1300,170458
26.1342,170460
26.1383,170479
26.1424,169449
26.1425,171262
26.1465,169655
26.1505,170447
26.1547,170128
26.1587,169570
26.1628,171127
26.1669,169780
26.1710,170270
26.1751,170368
26.1792,170325
26.1833,171409
26.1874,170398
26.1915,169838
26.1956,170450
26.1997,169935
26.2037,171561
26.2079,169852
26.2120,169991
26.2160,170305
26.2201,169595
26.2242,171283
26.2284,169870
26.2325,169957
26.2365,170417
26.2406,169612
26.2447,171348
26.2488,169699
26.2529,170692
26.2570,170383
26.2611,170115
26.2654,171558
26.2695,169700
26.2735,170207
26.2736,170622
26.2775,169529
26.2816,171343
26.2857,170005
26.2898,170426
26.2939,170445
26.2980,170792
26.3021,171159
26.3062,169716
26.3103,170560
26.3144,170079
26.3185,170549
26.3226,170456
26.3267,170103
26.3308,170114
26.3349,169399
26.3390,170041
26.3431,171263
26.3471,169792
26.3512,170017
26.3554,170022
26.3594,170616
26.3635,170816
26.3676,169874
26.3716,170362
26.3758,170176
26.3799,170696
26.3840,171081
26.3881,170275
26.3924,170491
26.3964,170249
26.4005,169960
26.4006,170251
26.4044,170300
26.4085,170160
26.4127,170554
26.4168,170215
26.4208,170441
26.4248,169686
26.4290,170386
26.4331,170199
26.4371,170052
26.4414,170507
26.4453,170074
26.4494,170568
26.4535,170736
26.4576,170536
26.4617,170500
26.4659,170107
26.4700,170117
26.4741,170343
26.4781,170509
26.4822,170399
26.4863,170607
26.4904,170303
26.4946,170290
26.4987,170324
26.5028,170558
26.5069,169854
26.5109,170350
26.5150,170700
26.5193,170300
26.5235,169715
26.5275,170055
26.5276,170149
26.5314,170365
26.5356,170083
26.5396,169741
26.5437,170059
26.5478,170517
26.5519,170471
26.5560,169947
26.5601,169624
26.5642,170164
26.5683,170743
26.5724,170430
26.5765,169801
26.5805,169833
26.5846,170644
26.5887,170309
26.5928,170310
26.5969,170137
26.6011,169586
26.6052,170060
26.6092,170551
26.6134,169982
26.6175,170158
26.6215,169540
26.6256,170733
26.6297,170086
26.6338,170468
26.6380,170968
26.6420,169839
26.6462,171169
26.6503,170255
26.6543,170155
26.6544,170340
26.6583,169360
26.6625,171286
26.6666,170100
26.6707,170206
26.6748,170310
26.6789,169574
26.6830,171010
26.6870,170190
26.6912,169768
26.6953,170273
26.6994,169485
26.7035,171740
26.7075,170017
26.7117,170275
26.7158,170162
26.7198,169526
26.7239,171223
26.7281,169757
26.7321,170527
26.7362,170256
26.7404,169811
26.7444,171252
26.7485,169855
26.7525,170793
26.7567,170267
26.7607,169832
26.7648,171358
26.7689,169987
26.7730,170234
26.7774,170454
26.7813,170318
26.7814,171706
26.7854,169880
26.7894,169964
26.7935,171181
26.7976,170181
26.8017,171289
26.8058,169911
26.8099,170882
26.8140,170311
26.8181,170079
26.8222,170944
26.8263,169393
26.8305,170223
26.8345,170573
26.8386,169891
26.8426,171137
26.8468,169482
26.8508,170165
26.8550,169867
26.8590,170191
26.8632,171142
26.8673,169570
26.8713,169824
26.8754,170632
26.8795,169948
26.8836,170868
26.8877,169742
26.8918,169728
26.8959,170173
26.9000,170222
26.9041,170974
26.9082,169784
26.9082,170778
26.9123,169948
26.9164,169876
26.9205,171137
26.9246,170016
26.9286,170079
26.9328,170352
26.9368,170256
26.9409,170715
26.9450,169640
26.9492,170244
26.9533,170545
26.9573,170071
26.9615,171071
26.9656,169740
26.9696,169716
26.9738,170686
26.9778,169981
26.9819,170211
26.9860,169955
26.9901,170115
26.9942,169874
26.9983,170082
27.0024,170716
27.0065,170338
27.0106,170089
27.0147,170372
27.0188,170662
27.0229,170101
27.0270,169999
27.0312,170170
27.0353,170605
27.0355,170273
27.0394,170302
27.0433,169742
27.0476,170011
27.0515,170733
27.0557,170494
27.0599,169614
27.0639,170024
27.0679,170417
27.0721,169713
27.0762,170782
27.0804,169985
27.0845,170194
27.0885,170177
27.0925,170617
27.0966,170412
27.1007,169821
27.1048,170751
27.1089,170457
27.1130,170194
27.1172,170719
27.1213,169279
27.1255,170600
27.1295,170134
27.1335,170151
27.1376,170564
27.1417,169791
27.1458,170834
27.1499,170119
27.1540,169793
27.1581,170031
27.1621,169654
27.1662,170396
27.1663,170014
27.1703,169904
27.1744,169988
27.1785,169220
27.1826,170780
27.1867,170103
27.1908,169774
27.1949,169609
27.1990,169569
27.2031,171051
27.2072,170133
27.2113,170471
27.2154,170409
27.2194,169742
27.2236,170913
27.2279,170132
27.2319,169953
27.2358,169938
27.2399,169532
27.2441,170843
27.2482,169682
27.2524,170570
27.2564,170057
27.2605,169499
27.2646,171293
27.2687,169094
27.2728,170001
27.2769,170592
27.2810,169888
27.2850,170891
27.2892,170367
27.2932,169711
27.2933,170356
27.2973,169978
27.3014,171229
27.3055,169458
27.3096,170172
27.3137,170552
27.3178,169654
27.3220,170658
27.3261,170353
27.3301,170233
27.3342,170251
27.3384,169293
27.3423,170933
27.3464,168941
27.3505,170228
27.3547,170281
27.3588,170488
27.3629,170813
27.3669,169909
27.3711,169791
27.3754,169907
27.3793,169622
27.3835,171089
27.3875,169313
27.3920,170101
27.3956,170180
27.3997,170450
27.4039,171042
27.4083,169077
27.4122,170331
27.4163,170130
27.4201,169286
27.4202,170687
27.4249,170281
27.4283,170249
27.4325,170317
27.4366,170429
27.4412,171073
27.4447,169720
27.4488,170122
27.4529,170318
27.4578,170308
27.4611,170536
27.4653,169687
27.4693,170128
27.4738,170132
27.4776,169417
27.4816,170457
27.4857,170084
27.4902,170317
27.4939,170617
27.4980,170547
27.5021,170415
27.5070,169888
27.5103,170356
27.5144,170361
27.5185,169351
27.5232,170218
27.5267,169668
27.5308,170071
27.5349,170254
27.5391,170297
27.5433,170612
27.5474,169378
27.5475,170728
27.5514,170226
27.5558,169979
27.5595,170066
27.5635,170041
27.5676,170268
27.5718,170265
27.5760,169945
27.5799,170053
27.5840,169974
27.5882,169609
27.5922,170110
27.5963,169928
27.6004,170053
27.6045,170332
27.6088,169844
27.6128,170082
27.6169,170553
27.6212,169654
27.6252,170053
27.6291,170665
27.6331,170188
27.6376,170594
27.6422,170238
27.6454,170328
27.6495,169920
27.6537,170049
27.6583,170331
27.6618,169763
27.6659,170569
27.6707,170613
27.6744,169991
27.6750,170408
27.6783,169589
27.6823,170016
27.6865,169916
27.6909,170275
27.6955,170332
27.6994,169160
27.7030,170877
27.7069,169801
27.7110,170317
27.7150,170635
27.7192,169813
27.7233,170602
27.7274,169983
27.7315,170191
27.7355,170491
27.7396,169706
27.7437,171291
27.7479,169999
27.7519,169789
27.7560,170345
27.7601,169219
27.7643,171251
27.7683,170040
27.7724,169895
27.7765,170343
27.7806,169693
27.7847,171193
27.7888,170092
27.7929,170841
27.7972,170609
27.8012,169954
27.8013,171327
27.8053,169890
27.8094,170189
27.8135,170516
27.8176,169062
27.8217,171201
27.8257,169138
27.8299,170263
27.8340,170354
27.8380,169480
27.8421,171541
27.8462,169770
27.8504,170723
27.8544,170519
27.8585,170037
27.8626,170431
27.8667,169354
27.8708,170191
27.8749,170097
27.8790,169666
27.8831,170876
27.8872,169521
27.8913,170633
27.8954,170453
27.8995,170319
27.9036,171093
27.9077,170218
27.9118,170318
27.9158,170615
27.9199,169651
27.9242,171501
27.9284,169615
27.9286,170509
27.9322,170719
27.9363,170576
27.9404,170905
27.9445,170285
27.9486,170495
27.9526,170111
27.9568,170148
27.9610,170442
27.9650,169886
27.9690,170720
27.9732,170368
27.9774,170498
27.9814,170712
27.9855,169895
27.9896,170111
27.9937,169932
27.9977,170287
28.0019,170733
28.0060,169937
28.0101,170334
28.0141,170129
28.0182,170494
28.0224,170046
28.0265,169642
28.0305,170497
28.0346,170049
28.0387,170144
28.0428,170991
28.0470,170222
28.0512,170280
28.0551,170146
28.0593,170434
28.0594,170646
28.0634,170152
28.0674,170375
28.0715,170724
28.0757,170479
28.0796,170150
28.0838,170017
28.0879,170334
28.0920,170461
28.0960,170457
28.1001,170478
28.1042,170653
28.1083,170011
28.1123,170195
28.1164,170053
28.1206,170267
28.1246,169908
28.1288,170042
28.1328,170197
28.1369,170584
28.1410,170557
28.1451,170159
28.1493,170454
28.1533,169958
28.1574,170440
28.1616,170039
28.1657,170302
28.1697,170099
28.1739,170235
28.1784,170236
28.1823,169538
28.1863,170235
28.1865,170659
28.1903,169704
28.1944,170110
28.1985,169640
28.2026,170493
28.2066,169837
28.2108,170632
28.2149,169988
28.2189,169271
28.2230,170655
28.2271,170407
28.2312,170681
28.2354,170802
28.2394,169788
28.2435,171140
28.2476,170087
28.2517,169987
28.2558,170656
28.2599,169144
28.2640,170785
28.2681,169908
28.2721,170476
28.2763,169836
28.2804,169861
28.2845,171462
28.2885,170115
28.2926,170751
28.2967,170144
28.3008,169277
28.3052,171316
28.3092,170068
28.3133,170479
28.3134,170643
28.3172,169284
28.3213,171744
28.3253,169937
28.3295,170395
28.3335,170002
28.3377,169542
28.3417,171221
28.3458,169506
28.3499,170476
28.3540,169780
28.3581,170296
28.3622,171480
28.3663,169727
28.3704,170388
28.3745,170271
28.3786,169952
28.3827,171228
28.3868,168840
28.3911,169851
28.3950,170605
28.3991,169794
28.4033,170881
28.4074,169290
28.4114,170798
28.4155,170615
28.4196,170249
28.4236,170543
28.4278,170093
28.4319,170681
28.4360,170553
28.4401,170409
28.4402,171238
28.4442,169392
28.4483,170387
28.4523,170704
28.4564,170192
28.4605,170854
28.4648,170032
28.4687,170392
28.4729,170215
28.4770,170369
28.4811,171041
28.4851,169749
28.4893,170503
28.4934,170377
28.4975,170265
28.5016,171196
28.5057,170176
28.5098,170095
28.5138,170706
28.5180,170526
28.5220,171055
28.5261,169632
28.5302,170006
28.5344,170344
28.5384,170448
28.5425,170398
28.5466,169607
28.5507,169931
28.5548,170256
28.5590,170245
28.5632,170726
28.5672,169794
28.5673,170891
28.5712,170345
28.5753,170059
28.5794,170525
28.5835,169835
28.5875,170481
28.5916,170351
28.5958,170102
28.5999,170687
28.6040,169967
28.6081,169829
28.6121,170357
28.6162,170121
28.6203,170465
28.6244,170263
28.6285,170411
28.6326,170473
28.6368,169872
28.6408,169418
28.6449,170484
28.6490,170745
28.6532,170243
28.6572,170239
28.6612,170797
28.6654,170064
28.6695,170344
28.6736,170542
28.6777,169531
28.6818,170061
28.6860,170111
28.6902,170524
28.6942,170616
28.6943,170271
28.6982,169770
28.7022,170007
28.7064,170125
28.7104,170247
28.7145,169937
28.7185,169920
28.7227,170740
28.7268,170674
28.7309,170114
28.7350,170898
28.7391,169780
28.7432,170792
28.7474,170164
28.7514,170439
28.7555,170031
28.7595,170122
28.7637,170370
28.7678,169657
28.7719,170536
28.7760,169776
28.7801,169767
28.7842,170927
28.7883,169881
28.7923,170316
28.7964,170264
28.8005,169771
28.8046,171186
28.8087,170253
28.8128,170364
28.8171,169937
28.8212,169791
28.8213,171089
28.8251,169951
28.8292,169796
28.8333,170283
28.8374,169762
28.8415,171387
28.8456,169883
28.8497,170558
28.8538,170364
28.8579,169885
28.8620,171210
28.8662,169696
28.8701,170894
28.8742,170304
28.8783,169755
28.8825,171782
28.8866,169850
28.8907,170538
28.8948,170395
28.8989,170117
28.9030,171389
28.9071,170024
28.9111,170531
28.9152,170044
28.9194,169914
28.9234,171316
28.9275,169976
28.9316,170559
28.9357,170079
28.9398,170489
28.9440,171407
28.9481,170145
28.9482,170720
28.9521,170330
28.9562,170108
28.9603,170989
28.9644,169851
28.9684,170811
28.9726,170960
28.9767,170321
28.9807,171284
28.9848,169663
28.9889,170488
28.9930,170239
28.9972,170239
29.0013,171094
29.0053,170029
29.0094,170575
29.0135,170654
29.0177,170422
29.0217,171029
29.0258,169217
29.0299,170148
29.0339,170251
29.0380,170595
29.0421,170667
29.0463,169632
29.0503,170196
29.0544,170158
29.0585,169927
29.0626,171284
29.0667,170009
29.0710,170279
29.0750,170752
29.0751,170698
29.0790,170939
29.0831,170401
29.0872,170609
29.0913,170637
29.0954,170371
29.0995,170940
29.1036,170348
29.1077,170554
29.1118,170563
29.1159,170677
29.1201,170372
29.1242,169918
29.1282,170603
29.1323,170233
29.1364,170177
29.1405,170369
29.1445,170387
29.1487,170213
29.1527,170492
29.1569,170350
29.1610,169775
29.1651,170427
29.1692,171096
29.1733,171028
29.1775,170836
29.1815,170200
29.1857,170165
29.1896,170047
29.1937,170553
29.1981,170263
29.2021,169875
29.2022,170363
29.2060,170376
29.2106,170034
29.2142,170212
29.2183,169267
29.2224,170823
29.2265,170230
29.2306,170850
29.2347,170355
29.2388,169536
29.2429,171050
29.2470,170664
29.2511,170843
29.2552,170674
29.2594,170314
29.2634,171074
29.2675,170151
29.2716,170425
29.2756,170337
29.2798,169810
29.2839,171190
29.2880,170418
29.2921,170257
29.2962,170514
29.3003,169955
29.3044,171931
29.3084,170036
29.3126,170266
29.3166,170307
29.3208,169889
29.3249,171490
29.3291,170001
29.3331,170741
29.3332,170287
29.3371,169996
29.3412,171291
29.3453,170475
29.3494,170600
29.3534,170280
29.3575,170315
29.3616,171704
29.3657,170183
29.3698,169699
29.3739,170906
29.3780,169928
29.3821,171365
29.3862,170139
29.3903,169964
29.3944,170639
29.3985,170192
29.4026,171922
29.4067,169745
29.4107,170646
29.4148,170636
29.4189,170088
29.4230,171426
29.4272,169753
29.4313,170363
29.4353,170375
29.4394,169938
29.4436,171614
29.4476,169694
29.4518,170355
29.4560,170698
29.4600,170060
29.4601,171227
29.4641,169429
29.4681,170145
29.4723,170774
29.4764,170512
29.4805,171492
29.4845,170205
29.4887,170643
29.4928,170601
29.4969,170189
29.5009,171277
29.5051,169918
29.5092,170644
29.5132,170629
29.5174,170170
29.5214,170801
29.5255,169852
29.5296,170403
29.5337,170347
29.5378,170193
29.5419,171001
29.5460,170355
29.5501,170297
29.5542,171111
29.5583,169982
29.5624,170814
29.5665,170375
29.5706,170805
29.5747,170400
29.5790,170542
29.5830,171286
29.5871,170030
29.5872,170670
29.5911,170399
29.5952,170001
29.5993,170872
29.6034,170226
29.6075,170755
29.6115,169870
29.6156,170175
29.6197,170787
29.6238,170796
29.6279,171020
29.6320,170390
29.6361,170574
29.6402,170442
29.6444,169904
29.6484,170198
29.6525,170595
29.6565,170555
29.6607,170589
29.6648,170589
29.6689,169955
29.6730,170588
29.6771,170546
29.6812,170104
29.6852,169604
29.6894,170828
29.6935,170380
29.6976,170292
29.7016,169926
29.7061,169972
29.7100,170135
29.7139,170414
29.7140,170600
29.7180,169731
29.7222,170248
29.7262,170586
29.7304,170384
29.7343,170843
29.7385,169979
29.7426,170847
29.7466,170732
29.7508,169792
29.7548,170466
29.7589,169388
29.7630,170347
29.7672,170519
29.7713,170363
29.7753,170294
29.7794,169864
29.7835,170554
29.7876,170321
29.7917,170298
29.7958,170376
29.8000,169800
29.8040,170727
29.8081,170321
29.8122,170694
29.8163,170768
29.8203,169446
29.8245,170806
29.8287,170168
29.8331,170628
29.8372,169979
29.8411,169306
29.8412,171212
29.8450,170809
29.8491,170106
29.8532,170278
29.8573,169439
29.8614,171619
29.8654,170517
29.8695,170794
29.8737,169727
29.8777,169788
29.8818,171532
29.8860,170457
29.8901,170348
29.8941,170374
29.8983,169572
29.9024,171573
29.9064,169554
29.9105,170617
29.9146,171071
29.9187,169416
29.9228,171344
29.9269,170191
29.9310,169868
29.9351,170605
29.9392,170490
29.9434,171036
29.9474,169466
29.9514,170577
29.9555,170989
29.9597,169278
29.9639,171507
29.9679,169883
29.9680,170273
29.9719,170161
29.9760,169999
29.9801,170914
29.9842,169978
29.9883,170244
29.9924,170095
29.9965,170024
30.0006,171747
30.0047,169870
30.0090,170553
30.0129,170030
30.0169,170075
30.0211,170915
30.0251,169544
30.0293,170082
30.0334,170927
30.0374,170470
30.0415,170909
30.0456,170053
30.0497,170724
30.0538,170510
30.0579,169461
30.0620,170914
30.0661,169585
30.0702,170695
30.0743,170461
30.0784,170209
30.0825,170763
30.0866,169575
30.0911,170396
30.0950,170294
30.0951,170369
30.0989,170464
30.1030,169647
30.1070,170206
30.1111,170953
30.1153,170182
30.1193,170833
30.1234,170062
30.1275,170529
30.1316,170427
30.1358,170175
30.1398,170529
30.1439,169713
30.1480,170644
30.1521,170117
30.1563,170170
30.1603,170672
30.1644,170192
30.1685,170263
30.1726,170298
30.1767,169752
30.1808,170777
30.1849,170131
30.1890,170323
30.1931,170418
30.1974,169704
30.2013,170601
30.2053,169956
30.2095,170390
30.2137,170298
30.2178,170349
30.2221,169943
30.2222,170182
30.2260,170275
30.2300,170787
30.2342,170513
30.2382,170386
30.2424,170184
30.2464,170372
30.2505,170380
30.2546,170332
30.2587,169428
30.2628,170326
30.2669,170276
30.2710,170228
30.2751,170236
30.2792,169747
30.2833,170768
30.2874,169746
30.2914,170368
30.2956,170413
30.2997,169802
30.3038,170970
30.3078,170141
30.3119,169906
30.3159,170107
30.3201,169678
30.3242,170695
30.3283,170147
30.3323,170654
30.3364,170497
30.3405,170037
30.3449,170601
30.3490,170514
30.3490,170399
30.3531,170601
30.3571,170184
30.3611,171253
30.3652,170241
30.3693,170068
30.3734,170510
30.3775,169582
30.3816,171392
30.3857,169556
30.3898,170277
30.3939,170730
30.3980,169461
30.4020,170997
30.4061,170509
30.4102,170002
30.4143,170289
30.4184,169329
30.4225,171547
30.4266,169771
30.4309,170284
30.4348,170131
30.4390,169613
30.4429,171558
30.4470,169660
30.4511,170655
30.4552,170887
30.4593,170301
30.4634,171553
30.4675,170176
30.4718,170302
30.4757,170062
30.4799,170071
30.4800,171268
30.4839,169664
30.4880,170274
30.4922,170377
30.4962,169909
30.5004,170319
30.5045,169820
30.5086,170357
30.5128,170351
30.5168,170600
30.5209,170827
30.5250,170202
30.5290,170223
30.5333,170343
30.5372,170019
30.5413,171421
30.5453,169641
30.5494,170137
30.5535,170409
30.5576,169493
30.5619,170746
30.5658,170051
30.5700,170800
30.5741,170317
30.5782,170154
30.5823,170984
30.5864,169957
30.5905,170433
30.5945,170760
30.5989,169685
30.6029,171007
30.6070,169826
30.6071,170730
30.6108,170384
30.6150,170742
30.6191,170792
30.6231,170217
30.6273,170362
30.6313,170583
30.6354,170233
30.6395,170603
30.6437,169890
30.6478,170733
30.6518,169654
30.6559,170652
30.6600,170733
30.6642,169553
30.6683,170484
30.6724,170180
30.6765,170366
30.6806,170274
30.6846,170295
30.6888,170128
30.6928,170398
30.6969,170667
30.7010,170386
30.7051,170551
30.7092,170131
30.7134,170502
30.7173,170053
30.7215,170199
30.7256,170001
30.7297,170105
30.7340,170713
30.7341,171028
30.7378,169677
30.7419,170567
30.7460,170107
30.7501,170500
30.7542,170238
30.7583,170074
30.7624,170627
30.7665,170240
30.7706,170124
30.7747,170043
30.7788,169907
30.7829,170053
30.7869,169951
30.7910,170519
30.7952,170130
30.7992,169524
30.8035,170505
30.8075,170485
30.8115,169983
30.8157,170390
30.8198,169637
30.8239,170944
30.8280,170233
30.8321,170548
30.8362,170328
30.8403,169421
30.8443,170596
30.8484,170085
30.8526,169923
30.8569,169993
30.8609,169513
30.8610,171005
30.8648,170313
30.8689,170333
30.8730,170118
30.8771,169811
30.8811,170638
30.8853,170204
30.8895,170253
30.8936,170509
30.8976,169350
30.9017,171329
30.9058,170620
30.9099,169852
30.9140,170095
30.9181,169327
30.9222,170977
30.9264,169691
30.9304,170410
30.9344,170706
30.9386,170217
30.9427,171269
30.9468,170346
30.9508,170944
30.9549,170338
30.9590,169673
30.9631,171517
30.9672,169688
30.9713,170147
30.9754,170524
30.9796,170084
30.9841,171060
30.9878,169931
30.9879,170550
30.9919,170184
30.9960,169997
31.0001,171332
31.0041,169354
31.0082,170713
31.0124,170584
31.0164,170140
31.0205,171359
31.0246,169814
31.0287,170334
31.0327,171176
31.0369,170475
31.0410,171099
31.0451,170005
31.0492,170297
31.0533,170906
31.0574,170432
31.0615,170799
31.0656,169639
31.0697,169916
31.0738,170461
31.0779,170179
31.0819,171174
31.0861,169431
31.0902,170071
31.0943,170484
31.0984,170002
31.1025,170908
31.1066,170075
31.1107,170500
31.1149,170608
31.1149,170389
31.1188,170841
31.1229,170214
31.1271,170399
31.1311,170867
31.1352,170260
31.1394,170767
31.1434,169774
31.1475,170058
31.1517,170770
31.1557,170370
31.1597,170895
31.1638,169786
31.1679,170469
31.1720,170490
31.1761,170713
31.1802,170716
31.1843,169731
31.1884,170550
31.1925,170442
31.1965,171004
31.2006,170634
31.2048,170010
31.2089,170097
31.2130,171225
31.2170,170280
31.2212,170649
31.2254,169786
31.2294,170168
31.2336,170276
31.2379,170522
31.2417,170629
31.2417,170704
31.2457,170065
31.2498,170609
31.2539,170192
31.2580,170254
31.2621,170031
31.2662,170552
31.2703,170236
31.2744,169967
31.2785,170347
31.2825,170672
31.2866,169917
31.2907,170505
31.2948,170642
31.2990,169950
31.3031,170639
31.3071,170307
31.3113,170225
31.3153,170291
31.3194,169545
31.3235,170248
31.3276,170384
31.3317,170899
31.3358,170209
31.3399,169693
31.3440,170259
31.3481,170530
31.3523,170343
31.3563,170628
31.3605,169680
31.3648,170515
31.3686,170218
31.3729,170002
31.3730,170374
31.3769,170105
31.3810,170578
31.3850,170534
31.3891,170137
31.3932,170849
31.3974,169341
31.4015,171277
31.4055,170262
31.4096,170593
31.4137,170772
31.4178,169885
31.4219,171385
31.4260,170163
31.4301,170453
31.4341,170454
31.4384,169654
31.4425,171536
31.4465,170491
31.4505,170155
31.4548,170397
31.4588,170322
31.4628,171800
31.4669,169846
31.4711,170664
31.4752,170847
31.4793,169802
31.4834,171425
31.4875,170013
31.4917,170100
31.4958,170834
31.4999,170274
31.4999,171416
31.5038,169971
31.5079,170419
31.5120,170473
31.5161,169757
31.5203,171449
31.5243,170616
31.5284,170663
31.5325,170957
31.5366,170443
31.5407,171194
31.5447,169840
31.5488,170517
31.5529,171013
31.5570,170071
31.5612,171049
31.5653,169843
31.5694,170612
31.5735,170399
31.5776,170076
31.5817,171400
31.5857,169711
31.5899,170459
31.5939,170944
31.5980,170421
31.6021,171057
31.6062,169926
31.6103,170867
31.6144,170674
31.6185,170283
31.6228,171248
31.6268,170112
31.6269,170434
31.6309,170580
31.6349,170243
31.6389,171055
31.6430,169816
31.6471,170283
31.6512,170678
31.6553,170668
31.6594,170832
31.6635,169869
31.6676,170615
31.6717,170566
31.6758,170731
31.6799,170942
31.6840,170010
31.6881,170960
31.6922,171129
31.6963,170436
31.7003,170755
31.7045,170253
31.7085,170382
31.7127,170139
31.7167,170081
31.7208,170983
31.7249,170422
31.7290,170664
31.7331,170897
31.7373,170519
31.7413,170699
31.7458,170341
31.7499,170392
31.7539,170474
31.7540,170091
31.7577,170657
31.7619,170279
31.7659,170558
31.7700,169926
31.7741,170491
31.7782,170758
31.7823,170467
31.7865,170716
31.7905,170590
31.7946,170627
31.7987,169867
31.8027,170137
31.8069,169900
31.8110,170703
31.8151,170829
31.8192,170442
31.8233,170604
31.8274,170759
31.8315,171038
31.8355,170481
31.8396,170215
31.8438,170894
31.8479,170316
31.8520,170487
31.8561,170437
31.8602,169366
31.8643,171146
31.8684,170947
31.8725,170459
31.8767,170713
31.8808,169974
31.8808,170922
31.8848,170641
31.8888,170906
31.8929,170718
31.8970,169746
31.9011,170581
31.9053,170194
31.9094,170690
31.9134,170847
31.9175,169988
31.9216,170764
31.9257,170032
31.9297,170395
31.9338,170335
31.9380,169559
31.9421,171492
31.9462,170235
31.9502,170699
31.9544,170689
31.9585,169488
31.9626,171740
31.9666,169900
31.9707,170519
31.9748,171004
31.9790,169834
31.9831,171506
31.9871,170323
31.9913,170139
31.9953,170432
31.9995,169770
32.0037,171158
32.0076,170339
32.0077,170475
32.0117,171075
32.0158,169843
32.0199,171870
32.0240,169387
32.0280,170339
32.0322,171003
32.0363,170311
32.0403,171405
32.0445,169810
32.0486,170370
32.0527,170472
32.0568,170303
32.0609,171173
32.0650,169766
32.0690,170943
32.0731,170817
32.0772,170373
32.0813,171255
32.0855,169911
32.0896,170276
32.0936,171191
32.0977,170545
32.1018,170870
32.1059,169712
32.1100,170517
32.1141,170195
32.1182,170930
32.1223,171497
32.1264,169681
32.1306,170360
32.1345,170649
32.1346,169927
32.1387,171109
32.1428,169805
32.1469,170181
32.1510,170265
32.1551,170063
32.1592,171229
32.1633,169956
32.1675,170376
32.1713,170050
32.1755,170469
32.1796,170626
32.1837,169939
32.1878,170417
32.1920,170134
32.1960,170450
32.2000,170923
32.2042,170139
32.2084,170045
32.2123,170395
32.2165,170489
32.2206,170948
32.2247,169654
32.2288,170482
32.2329,170617
32.2370,170165
32.2412,171013
32.2451,170031
32.2493,170651
32.2533,170340
32.2575,170579
32.2615,171079
32.2616,169860
32.2657,170489
32.2698,170521
32.2738,170073
32.2779,170682
32.2821,170255
32.2862,170580
32.2903,170711
32.2944,170241
32.2985,170571
32.3025,170552
32.3066,170237
32.3107,170391
32.3148,170233
32.3189,169937
32.3230,169984
32.3271,170416
32.3311,170235
32.3354,170271
32.3394,169779
32.3435,170176
32.3476,170534
32.3517,169823
32.3557,169763
32.3599,169889
32.3640,170085
32.3681,169817
32.3721,170143
32.3762,170257
32.3804,170137
32.3846,170156
32.3886,170254
32.3887,170508
32.3925,170360
32.3966,169966
32.4007,170845
32.4048,170311
32.4090,170595
32.4131,170601
32.4172,169885
32.4214,170180
32.4254,170838
32.4295,170301
32.4336,170509
32.4377,169957
32.4418,170526
32.4459,170201
32.4499,170233
32.4541,170357
32.4582,169366
32.4622,171095
32.4663,170308
32.4705,169944
32.4745,170714
32.4786,169768
32.4828,171503
32.4868,170620
32.4909,170595
32.4950,171091
32.4991,169338
32.5031,171007
32.5074,170202
32.5116,170290
32.5156,170172
32.5197,170509
32.5198,171211
32.5237,169808
32.5278,170777
32.5319,170661
32.5360,169899
32.5401,171592
32.5442,170875
32.5483,170447
32.5524,171270
32.5565,169483
32.5605,171145
32.5647,170035
32.5688,170999
32.5729,170858
32.5770,170061
32.5811,171658
32.5852,170291
32.5893,170262
32.5933,170479
32.5974,170514
32.6015,171238
32.6056,170083
32.6097,170594
32.6138,170552
32.6179,170006
32.6220,171278
32.6260,169874
32.6302,170663
32.6344,170804
32.6386,169768
32.6426,171197
32.6467,169232
32.6468,170521
32.6507,170815
32.6547,170743
32.6588,170719
32.6629,169542
32.6671,170454
32.6712,170769
32.6752,170320
32.6793,171601
32.6834,169724
32.6875,170402
32.6917,170550
32.6958,170478
32.6998,171456
32.7039,170213
32.7080,170374
32.7121,170940
32.7161,170673
32.7203,170855
32.7244,169781
32.7285,170728
32.7326,170799
32.7367,170241
32.7407,171280
32.7448,170082
32.7489,170213
32.7531,170737
32.7572,170534
32.7613,170796
32.7655,170226
32.7696,170361
32.7737,170369
32.7738,170528
32.7777,171366
32.7817,169907
32.7859,171029
32.7899,170773
32.7940,170537
32.7981,171109
32.8022,170162
32.8062,170667
32.8104,170579
32.8145,170481
32.8186,170338
32.8227,169875
32.8268,171116
32.8309,170856
32.8350,170725
32.8391,169700
32.8433,170319
32.8473,170760
32.8513,170263
32.8555,170489
32.8596,169957
32.8636,169756
32.8678,170035
32.8719,170105
32.8760,170518
32.8801,170424
32.8843,170207
32.8882,170146
32.8924,170894
32.8966,171001
32.9007,169766
32.9007,170384
32.9046,170454
32.9087,170412
32.9128,170286
32.9168,170215
32.9209,170441
32.9251,170558
32.9291,170452
32.9332,170333
32.9373,170143
32.9414,170772
32.9455,170026
32.9496,170488
32.9537,170847
32.9579,169240
32.9620,171081
32.9660,170670
32.9701,170495
32.9741,170279
32.9783,169736
32.9824,170637
32.9865,170629
32.9907,170514
32.9947,170417
32.9988,169819
33.0029,171234
33.0070,170383
33.0111,170265
33.0152,170218
33.0194,169486
33.0236,171782
33.0276,170773
33.0277,171206
33.0316,170032
33.0357,169974
33.0397,171393
33.0438,169724
33.0479,170510
33.0521,170355
33.0562,169757
33.0603,171276
33.0643,170110
33.0684,170479
33.0725,170779
33.0766,170053
33.0808,171741
33.0850,170267
33.0889,171024
33.0930,170392
33.0971,169810
33.1012,171567
33.1053,169986
33.1094,170278
33.1134,170670
33.1175,169794
33.1216,171733
33.1258,170622
33.1299,170644
33.1340,170698
33.1381,170237
33.1422,171035
33.1463,169729
33.1505,170317
33.1546,170449
33.1547,170324
33.1587,171579
33.1626,169599
33.1667,170618
33.1714,170779
33.1749,170577
33.1790,171288
33.1831,170080
33.1872,170746
33.1913,170277
33.1954,170293
33.1995,171299
33.2036,170044
33.2077,170543
33.2117,170546
33.2158,170152
33.2200,170975
33.2241,169518
33.2282,170176
33.2324,170411
33.2364,170308
33.2404,171309
33.2445,170374
33.2486,170627
33.2527,170354
33.2569,170549
33.2610,170843
33.2650,169993
33.2691,170870
33.2733,170502
33.2775,170610
33.2816,170768
33.2816,169631
33.2855,170371
33.2896,170512
33.2937,170276
33.2978,170637
33.3019,170072
33.3060,169988
33.3101,170737
33.3142,170415
33.3184,171099
33.3224,169964
33.3266,169923
33.3306,170677
33.3347,170499
33.3388,170242
33.3429,170133
33.3469,170727
33.3511,170662
33.3552,169971
33.3593,170160
33.3634,170544
33.3674,170560
33.3716,170627
33.3756,170441
33.3799,170232
33.3839,170387
33.3879,170056
33.3920,170138
33.3961,170514
33.4002,170223
33.4045,170447
33.4086,170343
33.4086,170169
33.4125,170569
33.4166,170749
33.4206,170155
33.4248,170456
33.4289,170058
33.4329,170957
33.4371,169728
33.4412,171067
33.4453,170421
33.4493,170455
33.4534,170467
33.4575,170031
33.4616,170540
33.4657,170325
33.4698,171088
33.4739,171100
33.4781,169847
33.4822,170845
33.4863,170560
33.4903,170689
33.4943,170517
33.4985,169919
33.5026,171058
33.5067,170453
33.5108,170440
33.5149,170171
33.5190,169761
33.5231,171178
33.5272,170404
33.5315,170223
33.5356,170843
33.5357,169402
33.5395,171095
33.5436,169829
33.5477,170587
33.5518,170829
33.5559,169715
33.5600,171229
33.5640,170191
33.5681,170707
33.5722,170794
33.5763,170187
33.5804,171918
33.5845,170255
33.5886,170652
33.5927,170942
33.5968,170422
33.6009,171562
33.6050,170120
33.6090,170258
33.6132,171044
33.6174,170606
33.6214,171342
33.6255,170386
33.6296,170827
33.6336,171723
33.6378,170251
33.6419,171409
33.6460,169514
33.6501,170428
33.6542,170794
33.6585,170114
33.6625,171277
33.6666,170007
33.6667,170473
33.6705,170702
33.6746,170762
33.6787,171246
33.6828,169830
33.6869,170880
33.6910,170864
33.6951,170462
33.6991,170785
33.7033,170714
33.7074,170740
33.7115,171009
33.7155,170577
33.7197,171030
33.7238,170204
33.7279,170640
33.7320,170848
33.7361,170104
33.7402,171306
33.7443,170439
33.7484,170582
33.7525,170729
33.7566,170150
33.7607,171075
33.7646,169912
33.7689,170796
33.7729,170863
33.7770,170381
33.7812,170674
33.7855,170043
33.7895,170314
33.7935,170452
33.7936,170825
33.7975,171181
33.8016,170178
33.8057,170349
33.8097,170336
33.8139,170359
33.8180,171053
33.8221,170655
33.8262,170484
33.8303,170790
33.8344,170447
33.8385,170617
33.8425,169827
33.8467,170711
33.8508,171178
33.8549,170444
33.8590,171049
33.8630,170332
33.8672,170452
33.8713,170593
33.8753,170507
33.8794,170547
33.8835,170543
33.8876,170538
33.8917,170487
33.8958,170575
33.8999,169906
33.9040,169951
33.9081,171026
33.9124,170924
33.9165,170357
33.9205,170216
33.9206,170151
33.9245,170865
33.9285,170869
33.9326,170843
33.9369,169686
33.9410,170377
33.9451,170772
33.9490,170715
33.9531,170033
33.9572,170141
33.9613,170945
33.9653,170852
33.9695,170678
33.9735,171182
33.9778,170145
33.9818,170956
33.9858,170705
33.9899,169842
33.9940,170555
33.9981,169962
34.0023,170883
34.0063,170645
34.0104,170290
34.0145,171426
34.0186,170240
34.0227,171156
34.0268,170600
34.0309,170883
34.0350,170517
34.0391,169965
34.0436,171626
34.0476,170921
34.0477,171092
34.0515,170747
34.0556,169452
34.0597,171499
34.0638,170133
34.0678,170319
34.0719,170680
34.0761,170005
34.0800,171453
34.0842,170203
34.0883,170177
34.0924,170167
34.0965,169950
34.1006,171306
34.1047,170305
34.1088,170500
34.1129,170883
34.1170,169945
34.1211,171827
34.1252,169772
34.1293,171003
34.1334,170284
34.1375,169995
34.1416,171339
34.1456,169713
34.1498,170496
34.1539,170929
34.1580,169692
34.1621,171383
34.1661,170565
34.1704,170497
34.1743,170664
34.1744,170241
34.1784,171263
34.1824,169938
34.1865,170568
34.1907,170702
34.1947,170231
34.1988,170670
34.2029,169961
34.2070,170707
34.2111,170658
34.2152,169798
34.2193,171545
34.2234,169991
34.2275,170490
34.2317,170515
34.2357,170015
34.2399,171215
34.2439,170224
34.2480,170309
34.2521,171095
34.2563,170420
34.2604,171543
34.2644,170053
34.2685,170441
34.2727,170542
34.2767,170677
34.2809,170962
34.2850,169852
34.2890,170310
34.2932,170437
34.2976,170442
34.3015,171377
34.3016,169558
34.3053,171006
34.3094,171275
34.3135,170090
34.3176,170651
34.3218,169983
34.3259,169931
34.3300,170624
34.3341,170417
34.3382,170742
34.3423,169947
34.3464,170386
34.3505,170441
34.3545,170526
34.3587,170755
34.3628,170548
34.3669,170100
34.3709,170731
34.3750,170264
34.3791,170975
34.3832,170093
34.3873,170616
34.3914,170622
34.3955,169853
34.3996,170435
34.4037,170133
34.4078,170303
34.4119,170610
34.4160,171117
34.4201,169954
34.4244,170256
34.4285,170261
34.4285,170253
34.4324,170711
34.4365,170097
34.4405,170233
34.4446,170600
34.4487,170600
34.4528,170558
34.4570,169588
34.4611,170372
34.4650,170222
34.4692,170280
34.4733,170283
34.4774,169903
34.4815,170578
34.4856,170966
34.4897,170271
34.4938,171361
34.4979,170022
34.5020,171061
34.5061,170440
34.5102,170722
34.5143,170864
34.5184,169840
34.5225,171172
34.5265,170489
34.5306,170488
34.5348,170517
34.5389,169607
34.5430,171290
34.5471,170187
34.5513,170350
34.5555,170966
34.5595,170059
34.5596,171339
34.5635,170439
34.5675,170162
34.5716,170372
34.5757,170062
34.5798,171303
34.5839,170150
34.5880,170562
34.5921,170357
34.5962,169941
34.6003,171485
34.6044,170080
34.6085,170494
34.6126,170510
34.6167,169987
34.6207,171684
34.6249,169820
34.6290,170182
34.6330,171105
34.6371,169845
34.6412,171680
34.6454,170638
34.6494,170459
34.6536,170514
34.6577,169864
34.6618,171513
34.6658,169667
34.6698,170213
34.6740,170192
34.6782,170439
34.6822,171148
34.6864,169902
34.6865,170302
34.6904,170148
34.6945,169874
34.6985,170810
34.7026,169419
34.7067,169979
34.7109,170282
34.7149,169925
34.7190,170723
34.7232,169737
34.7273,170238
34.7314,170346
34.7355,169981
34.7396,170908
34.7438,169585
34.7477,169706
34.7518,170169
34.7559,170097
34.7599,170593
34.7640,170049
34.7682,170226
34.7722,170235
34.7764,169991
34.7804,170835
34.7845,169491
34.7886,170055
34.7927,169837
34.7968,170010
34.8009,170727
34.8055,169291
34.8092,169538
34.8134,170183
34.8135,170749
34.8173,170565
34.8215,170228
34.8256,170446
34.8297,170490
34.8338,170220
34.8379,170532
34.8420,169636
34.8461,170105
34.8502,169816
34.8543,170339
34.8584,170921
34.8625,170498
34.8664,170512
34.8706,170807
34.8747,170977
34.8788,170468
34.8829,170183
34.8870,170473
34.8911,170501
34.8952,170551
34.8993,170607
34.9034,170541
34.9075,170792
34.9116,170985
34.9157,171035
34.9197,170268
34.9238,170809
34.9279,171089
34.9321,170794
34.9362,170652
34.9404,170473
34.9405,170118
34.9444,170168
34.9484,170975
34.9526,170578
34.9567,169784
34.9608,170233
34.9647,170669
34.9689,171144
34.9730,170758
34.9771,169995
34.9812,170912
34.9852,170394
34.9895,171005
34.9935,170463
34.9976,169994
35.0016,171001
35.0058,170409
35.0098,170818
35.0140,170290
35.0180,169886
35.0222,171223
35.0263,170294
35.0304,170371
35.0345,170329
35.0386,169555
35.0427,171066
35.0468,170780
35.0508,170444
35.0549,170301
35.0590,170052
35.0633,171443
35.0672,170702
35.0673,170782
35.0714,170545
35.0755,169849
35.0795,171876
35.0836,170451
35.0877,170965
35.0917,170758
35.0959,170033
35.1000,171578
35.1041,169889
35.1082,170219
35.1123,170821
35.1164,169975
35.1205,170894
35.1247,170222
35.1287,170896
35.1328,170235
35.1369,169950
35.1410,171218
35.1451,170332
35.1493,170934
35.1533,170527
35.1573,169598
35.1614,171670
35.1655,169870
35.1696,170660
35.1736,170290
35.1778,170176
35.1819,171493
35.1860,169464
35.1901,170114
35.1941,170161
35.1942,170826
35.1983,171481
35.2035,169572
35.2064,170760
35.2105,170529
35.2146,169952
35.2191,171650
35.2230,169802
35.2269,170302
35.2310,170580
35.2359,170171
35.2393,171633
35.2434,170165
35.2474,170807
35.2524,170283
35.2556,170180
35.2597,170480
35.2637,170009
35.2691,170507
35.2720,170286
35.2760,170262
35.2801,171138
35.2857,170218
35.2883,170805
35.2924,170480
35.2965,170452
35.3023,171093
35.3054,169786
35.3088,170063
35.3129,169950
35.3191,170940
35.3211,170858
35.3212,170043
35.3253,170311
35.3293,170583
35.3334,170418
35.3378,171032
35.3416,170160
35.3456,170564
35.3498,170324
35.3546,170563
35.3581,171290
35.3621,170299
35.3662,170881
35.3705,169984
35.3744,170692
35.3784,170485
35.3826,169800
35.3871,170380
35.3908,170940
35.3949,170501
35.3991,170387
35.4033,169784
35.4072,170018
35.4113,170299
35.4153,170162
35.4199,170907
35.4235,170200
35.4276,170252
35.4317,170246
35.4361,170796
35.4400,170253
35.4442,169778
35.4481,170605
35.4482,170714
35.4522,170276
35.4563,170039
35.4609,169955
35.4651,170508
35.4686,170630
35.4735,169974
35.4768,169809
35.4808,170137
35.4858,170495
35.4898,170757
35.4932,170628
35.4972,170342
35.5047,170948
35.5055,170216
35.5102,170249
35.5136,170455
35.5186,169271
35.5222,170175
35.5259,170520
35.5300,170168
35.5367,170871
35.5382,169490
35.5423,171065
35.5464,170349
35.5535,170496
35.5546,170255
35.5586,169835
35.5627,171190
35.5669,170981
35.5710,170785
35.5752,170467
35.5752,169232
35.5792,171389
35.5833,170674
35.5879,170437
35.5915,170467
35.5955,170017
35.5996,171166
35.6048,170560
35.6078,170528
35.6119,170111
35.6160,169634
35.6201,171489
35.6243,169674
35.6283,170320
35.6324,170694
35.6367,169631
35.6406,172196
35.6447,169776
35.6488,170530
35.6530,170280
35.6571,170046
35.6611,171540
35.6652,170590
35.6698,170695
35.6734,170689
35.6774,170046
35.6815,171428
35.6862,170054
35.6897,170869
35.6939,170285
35.6980,169452
35.7024,171004
35.7028,169930
35.7062,170472
35.7103,170830
35.7143,169805
35.7190,170849
35.7225,169763
35.7266,170705
35.7307,170336
35.7367,170287
35.7389,171347
35.7430,169587
35.7471,170242
35.7540,170535
35.7553,170160
35.7593,170971
35.7634,169947
35.7686,170646
35.7717,170484
35.7757,170221
35.7798,171058
35.7851,169894
35.7881,170311
35.7921,170369
35.7962,170693
35.8020,171093
35.8053,169770
35.8085,170211
35.8126,170497
35.8168,170416
35.8213,171142
35.8251,169886
35.8293,170370
35.8332,169962
35.8333,170215
35.8379,171330
35.8413,170080
35.8454,170284
35.8495,170909
35.8541,170358
35.8578,171193
35.8618,170280
35.8660,170749
35.8708,170772
35.8741,170482
35.8781,171499
35.8823,169654
35.8864,170279
35.8906,170644
35.8945,170183
35.8987,170552
35.9028,170339
35.9072,170715
35.9111,170163
35.9152,170315
35.9193,171114
35.9233,169990
35.9273,170355
35.9314,170230
35.9357,170024
35.9397,170614
35.9438,170278
35.9478,170595
35.9523,170718
35.9560,170049
35.9601,170043
35.9602,170608
35.9641,170221
35.9700,170201
35.9723,170522
35.9764,169835
35.9805,170060
35.9858,170563
35.9888,169973
35.9928,170411
35.9969,169450
36.0014,170468
36.0051,170236
36.0092,170446
36.0133,170580
36.0185,169638
36.0215,170239
36.0256,170820
36.0297,171003
36.0352,170763
36.0383,169565
36.0420,170380
36.0461,170163
36.0502,170359
36.0547,170597
36.0585,169959
36.0625,171120
36.0681,170477
36.0710,170634
36.0749,170477
36.0790,169908
36.0831,171156
36.0871,170548
36.0872,170434
36.0911,170549
36.0953,169868
36.0994,171090
36.1044,170249
36.1075,170356
36.1116,170518
36.1157,169434
36.1203,171317
36.1240,170156
36.1280,171015
36.1321,170225
36.1367,169550
36.1404,171253
36.1444,170386
36.1485,170955
36.1528,170483
36.1568,169444
36.1607,171514
36.1648,170362
36.1698,170821
36.1730,170869
36.1771,169566
36.1812,171213
36.1855,170238
36.1896,170427
36.1935,170178
36.1976,169400
36.2029,171371
36.2058,170201
36.2101,170929
36.2140,170463
36.2140,170176
36.2187,170991
36.2230,170022
36.2265,170316
36.2304,170712
36.2361,170404
36.2387,171286
36.2434,170140
36.2468,170578
36.2512,170593
36.2557,169701
36.2590,171511
36.2631,169816
36.2691,170179
36.2715,170553
36.2754,169923
36.2795,170795
36.2853,169561
36.2880,170383
36.2918,170595
36.2959,170235
36.3022,171149
36.3044,169656
36.3083,169889
36.3123,170781
36.3166,170067
36.3206,170825
36.3246,169674
36.3287,170419
36.3329,169895
36.3373,170065
36.3410,171093
36.3411,169868
36.3451,170445
36.3492,170307
36.3539,170349
36.3574,171167
36.3614,169872
36.3658,170359
36.3698,170307
36.3737,170728
36.3778,170974
36.3820,169581
36.3863,170392
36.3903,170249
36.3943,170117
36.3984,170762
36.4034,169504
36.4065,170539
36.4106,170406
36.4147,170000
36.4189,170479
36.4232,169800
36.4270,170257
36.4311,170874
36.4359,170132
36.4394,170282
36.4435,169876
36.4475,170248
36.4542,170144
36.4557,170360
36.4602,170584
36.4639,169824
36.4683,170562
36.4690,170451
36.4722,169764
36.4762,170012
36.4803,169666
36.4854,170272
36.4885,170596
36.4926,169885
36.4967,169843
36.5014,170377
36.5052,170859
36.5099,170766
36.5130,171068
36.5180,169824
36.5217,170517
36.5255,170943
36.5296,170450
36.5341,170620
36.5380,169933
36.5417,170422
36.5458,170120
36.5518,170452
36.5546,170677
36.5585,169568
36.5621,170150
36.5663,169932
36.5709,170236
36.5745,170462
36.5787,170231
36.5827,171057
36.5873,170226
36.5909,170356
36.5951,170058
36.5992,169549
36.5993,170045
36.6040,170438
36.6072,170490
36.6113,169767
36.6154,169202
36.6209,171072
36.6236,169955
36.6277,170316
36.6318,170580
36.6360,170166
36.6400,171385
36.6441,170122
36.6482,170342
36.6525,170417
36.6569,169801
36.6604,171879
36.6646,169942
36.6691,170833
36.6732,171181
36.6769,169952
36.6809,171599
36.6857,169974
36.6893,169935
36.6936,169941
36.6973,169841
36.7020,171801
36.7058,169907
36.7096,170223
36.7137,170430
36.7185,169976
36.7221,171257
36.7261,170071
36.7262,170021
36.7301,170051
36.7347,170246
36.7385,171257
36.7426,170159
36.7466,170144
36.7516,170187
36.7553,170204
36.7589,171168
36.7629,169921
36.7683,170699
36.7713,171106
36.7752,169813
36.7793,171840
36.7844,169579
36.7875,170170
36.7916,170408
36.7959,170263
36.8016,171377
36.8039,169800
36.8079,169983
36.8120,170178
36.8177,170494
36.8207,171282
36.8243,170281
36.8284,170892
36.8325,170531
36.8367,170226
36.8407,171288
36.8449,169484
36.8490,170724
36.8530,170313
36.8531,170084
36.8571,171149
36.8612,169426
36.8653,170751
36.8705,169778
36.8734,170071
36.8775,171281
36.8817,169471
36.8870,170183
36.8898,170370
36.8939,170229
36.8982,171447
36.9035,169865
36.9062,170152
36.9103,170476
36.9144,170431
36.9198,171145
36.9226,169801
36.9268,170220
36.9308,170217
36.9355,170351
36.9400,170350
36.9432,169587
36.9472,170476
36.9513,170664
36.9560,170414
36.9600,170859
36.9635,170138
36.9677,170047
36.9722,170369
36.9759,170455
36.9799,170518
36.9800,169821
36.9844,170731
36.9895,170329
36.9923,170552
36.9963,170270
37.0011,169552
37.0051,170447
37.0086,169795
37.0127,170594
37.0179,169632
37.0209,170707
37.0253,169921
37.0291,170444
37.0333,170509
37.0378,169720
37.0420,170217
37.0455,170268
37.0496,170192
37.0545,170372
37.0589,169918
37.0619,170257
37.0660,170271
37.0704,170509
37.0747,170784
37.0783,169689
37.0825,170361
37.0866,170274
37.0906,170128
37.0947,169895
37.0988,170244
37.1030,170610
37.1070,170297
37.1071,170471
37.1110,170517
37.1152,170165
37.1193,170845
37.1233,170153
37.1276,170393
37.1316,170534
37.1356,170057
37.1398,171150
37.1439,170127
37.1480,170484
37.1521,170646
37.1562,169665
37.1602,170461
37.1642,170203
37.1694,169996
37.1726,170866
37.1765,170008
37.1806,171782
37.1854,170865
37.1889,170667
37.1930,170167
37.1970,170112
37.2011,171134
37.2053,170687
37.2093,170586
37.2134,170859
37.2183,170427
37.2216,171692
37.2257,170508
37.2299,170834
37.2348,170642
37.2351,169641
37.2383,171287
37.2421,170060
37.2461,170742
37.2511,170489
37.2547,169793
37.2584,171932
37.2625,170381
37.2681,170859
37.2712,170236
37.2748,169895
37.2789,171449
37.2845,169811
37.2878,170574
37.2912,170099
37.2953,170091
37.3017,171700
37.3042,170481
37.3076,170592
37.3117,170335
37.3158,170275
37.3201,171083
37.3241,169928
37.3281,170250
37.3322,170874
37.3366,170416
37.3405,171033
37.3446,170007
37.3486,170525
37.3528,170196
37.3568,170788
37.3609,171159
37.3609,170362
37.3651,170245
37.3699,170734
37.3731,170441
37.3773,171083
37.3815,169745
37.3854,170514
37.3900,170624
37.3936,170214
37.3979,171357
37.4020,170146
37.4068,170186
37.4100,171242
37.4142,170004
37.4191,170951
37.4225,169988
37.4264,170363
37.4305,170369
37.4354,170289
37.4388,171090
37.4428,169918
37.4469,170616
37.4519,170382
37.4554,170387
37.4591,171251
37.4632,169832
37.4679,170436
37.4718,170554
37.4761,170496
37.4797,170487
37.4842,170476
37.4880,171022
37.4918,170361
37.4919,170426
37.4960,171058
37.5011,169909
37.5043,170323
37.5084,171135
37.5124,170583
37.5185,170059
37.5211,170114
37.5247,170365
37.5287,170771
37.5354,170451
37.5374,170370
37.5412,169706
37.5452,170436
37.5493,170478
37.5537,170171
37.5582,170090
37.5616,170326
37.5671,170569
37.5699,170252
37.5743,170669
37.5779,169924
37.5820,170681
37.5861,170788
37.5903,170583
37.5943,170593
37.5985,169624
37.6028,170340
37.6066,170950
37.6107,170543
37.6149,170787
37.6189,169467
37.6190,170350
37.6230,170574
37.6271,170773
37.6314,170349
37.6362,169923
37.6394,170001
37.6435,170533
37.6476,170627
37.6526,170699
37.6557,169533
37.6598,170798
37.6639,170699
37.6696,170147
37.6726,170669
37.6764,170028
37.6803,170685
37.6848,170238
37.6885,170804
37.6929,170353
37.6968,169638
37.7008,171129
37.7056,170259
37.7092,170585
37.7131,170781
37.7178,169154
37.7218,171504
37.7255,170616
37.7295,170376
37.7345,170271
37.7379,169013
37.7419,171632
37.7461,170000
37.7462,170267
37.7507,170626
37.7542,169967
37.7582,171469
37.7622,169637
37.7683,170249
37.7705,169621
37.7749,169344
37.7786,171101
37.7852,170040
37.7873,170400
37.7909,170821
37.7950,170044
37.8018,171023
37.8036,169554
37.8074,170091
37.8115,170122
37.8177,169263
37.8196,171177
37.8238,169591
37.8278,170560
37.8335,170776
37.8364,169934
37.8404,170893
37.8442,169555
37.8483,170269
37.8529,171117
37.8571,169972
37.8606,171654
37.8648,170248
37.8688,170531
37.8729,170632
37.8730,170118
37.8769,171130
37.8811,169661
37.8858,170780
37.8892,170389
37.8933,170290
37.8974,171025
37.9023,169668
37.9056,170253
37.9097,170878
37.9139,170172
37.9192,170915
37.9223,169505
37.9261,170368
37.9307,170806
37.9350,170775
37.9384,171034
37.9425,169708
37.9466,170741
37.9511,170530
37.9554,170122
37.9589,170636
37.9630,169701
37.9684,170256
37.9715,170061
37.9753,170483
37.9793,170710
37.9837,169789
37.9875,170710
37.9916,170464
37.9958,171012
38.0004,171012
38.0006,170145
38.0046,170301
38.0084,170780
38.0122,170451
38.0168,171021
38.0209,169657
38.0244,170273
38.0285,170870
38.0339,170873
38.0371,170620
38.0409,170256
38.0449,170223
38.0505,170462
38.0533,170266
38.0571,170223
38.0612,170258
38.0669,170465
38.0700,170403
38.0737,170249
38.0776,170725
38.0817,170203
38.0862,170419
38.0904,170575
38.0941,170811
38.0981,169902
38.1023,169877
38.1063,170532
38.1107,170704
38.1145,170551
38.1197,169488
38.1227,170505
38.1269,169811
38.1270,170982
38.1310,170302
38.1355,170106
38.1400,170777
38.1432,170684
38.1473,170201
38.1520,170634
38.1559,169010
38.1595,170281
38.1637,170159
38.1679,170089
38.1725,170281
38.1759,169617
38.1801,170462
38.1845,170780
38.1883,169896
38.1923,170181
38.1965,169738
38.2010,170912
38.2058,169836
38.2088,170563
38.2129,170111
38.2183,169554
38.2216,170845
38.2251,170226
38.2291,170733
38.2342,170172
38.2379,169768
38.2415,171325
38.2456,170724
38.2500,170500
38.2539,170880
38.2540,169826
38.2578,171559
38.2619,169755
38.2682,170102
38.2701,170671
38.2746,170134
38.2783,171450
38.2843,170797
38.2869,170537
38.2909,170788
38.2947,169453
38.3004,171483
38.3038,170203
38.3078,170323
38.3111,170665
38.3171,170289
38.3194,171514
38.3234,169902
38.3277,170290
38.3316,170867
38.3359,169896
38.3399,171265
38.3439,169625
38.3480,170894
38.3533,170207
38.3564,169654
38.3603,170942
38.3644,169914
38.3689,169981
38.3725,170514
38.3768,169344
38.3809,171009
38.3810,169543
38.3851,170787
38.3889,170479
38.3934,169957
38.3971,171002
38.4012,169973
38.4060,170166
38.4094,170599
38.4135,169905
38.4177,171338
38.4224,170284
38.4258,170456
38.4299,170138
38.4345,170209
38.4385,171262
38.4422,170049
38.4463,170680
38.4508,170425
38.4555,169956
38.4585,170798
38.4627,169739
38.4708,170247
38.4719,170480
38.4750,170292
38.4791,170879
38.4843,170139
38.4879,170712
38.4914,170518
38.4954,170113
38.5010,171049
38.5038,170146
38.5078,170316
38.5118,170181
38.5119,169977
38.5170,170948
38.5202,169921
38.5247,170697
38.5282,169862
38.5340,170025
38.5368,170338
38.5405,169635
38.5445,170532
38.5499,170636
38.5533,169792
38.5573,170957
38.5609,170163
38.5658,170809
38.5699,170220
38.5733,171067
38.5773,170180
38.5815,170118
38.5861,170370
38.5908,170650
38.5937,170123
38.5978,170338
38.6022,170203
38.6066,170917
38.6103,170682
38.6143,169997
38.6183,170640
38.6229,170150
38.6266,169883
38.6307,170893
38.6348,170041
38.6388,170392
38.6389,170437
38.6428,170089
38.6470,170245
38.6521,169853
38.6552,170111
38.6592,170456
38.6635,169840
38.6677,170593
38.6722,170461
38.6756,169615
38.6798,170347
38.6845,170245
38.6881,170771
38.6930,169894
38.6961,169953
38.7008,169967
38.7052,170338
38.7086,170089
38.7126,170618
38.7166,169817
38.7216,170649
38.7255,170331
38.7290,170445
38.7338,170675
38.7381,169535
38.7413,171092
38.7453,171016
38.7505,170352
38.7540,170641
38.7577,169685
38.7617,170957
38.7664,170530
38.7665,170365
38.7707,170654
38.7742,169951
38.7781,171396
38.7831,170375
38.7863,170321
38.7908,170633
38.7944,168957
38.8006,170858
38.8035,170177
38.8070,170268
38.8109,170532
38.8149,169433
38.8192,171520
38.8237,169898
38.8272,170262
38.8314,170499
38.8361,169389
38.8400,171086
38.8436,170230
38.8477,170130
38.8520,170274
38.8559,169973
38.8603,171789
38.8641,170160
38.8686,170990
38.8727,170485
38.8770,169923
38.8805,171837
38.8856,169829
38.8887,170622
38.8928,170248
38.8928,169645
38.8969,171284
38.9009,169861
38.9053,170624
38.9097,170035
38.9133,170149
38.9179,171553
38.9214,169882
38.9262,169992
38.9297,170130
38.9344,169955
38.9380,170506
38.9426,169683
38.9460,170400
38.9510,170659
38.9550,170000
38.9583,171170
38.9623,169822
38.9667,170329
38.9710,170198
38.9750,170712
38.9789,171019
38.9831,169767
38.9879,170952
38.9917,170288
38.9957,170627
38.9993,171251
39.0042,169355
39.0077,170481
39.0116,170163
39.0167,169805
39.0198,170614
39.0199,169911
39.0238,170135
39.0279,170358
39.0341,170290
39.0366,170739
39.0402,169473
39.0443,170093
39.0509,170023
39.0524,170640
39.0572,170912
39.0607,170274
39.0647,170502
39.0694,169995
39.0730,170402
39.0772,170803
39.0812,170021
39.0860,170356
39.0896,170566
39.0934,170014
39.0975,170850
39.1020,169678
39.1061,170261
39.1098,169894
39.1139,170486
39.1183,170389
39.1225,169847
39.1263,169971
39.1303,170073
39.1354,170587
39.1386,170365
39.1427,169730
39.1468,170620
39.1469,170705
39.1511,170040
39.1551,169591
39.1589,169672
39.1631,170164
39.1682,171023
39.1713,170850
39.1753,169771
39.1795,169500
39.1843,170208
39.1885,170456
39.1918,170702
39.1961,169256
39.2005,170032
39.2048,170206
39.2087,169776
39.2123,170368
39.2168,169614
39.2212,170475
39.2246,170435
39.2286,170150
39.2338,170623
39.2372,169661
39.2411,170026
39.2451,169942
39.2509,170778
39.2537,170339
39.2575,169337
39.2615,170053
39.2672,169886
39.2696,170720
39.2737,170304
39.2738,169690
39.2777,170462
39.2829,169977
39.2862,170199
39.2905,170259
39.2942,169477
39.3001,171173
39.3026,169883
39.3071,170257
39.3106,170530
39.3147,169209
39.3190,170865
39.3230,170279
39.3272,170322
39.3310,170145
39.3353,169242
39.3397,171252
39.3434,169831
39.3474,170511
39.3517,169542
39.3564,169605
39.3596,171330
39.3638,169591
39.3684,169968
39.3723,170383
39.3770,169880
39.3802,171099
39.3854,169607
39.3883,170516
39.3924,170135
39.3966,169709
39.4007,170808
39.4049,169729
39.4050,171095
39.4088,170312
39.4132,169948
39.4175,171226
39.4215,169527
39.4253,170175
39.4294,169993
39.4338,169900
39.4383,171025
39.4417,169585
39.4457,169911
39.4502,170421
39.4539,169674
39.4579,171395
39.4620,169525
39.4666,170161
39.4705,170146
39.4743,170212
39.4787,170362
39.4826,169272
39.4868,170141
39.4907,170337
39.4950,170005
39.4999,170941
39.5030,169752
39.5071,170146
39.5122,170382
39.5167,170387
39.5197,171003
39.5235,169648
39.5277,170107
39.5326,170476
39.5328,170290
39.5358,170949
39.5406,169294
39.5444,170790
39.5490,170046
39.5526,170341
39.5568,170977
39.5608,169391
39.5645,169944
39.5693,170947
39.5727,170342
39.5768,170904
39.5810,169972
39.5849,170823
39.5891,170774
39.5938,170597
39.5973,170524
39.6020,170152
39.6060,170292
39.6099,170650
39.6136,170887
39.6178,170548
39.6218,169743
39.6264,170353
39.6303,170333
39.6341,170270
39.6391,170271
39.6426,169831
39.6464,169876
39.6507,170124
39.6546,170295
39.6587,171049
39.6587,170303
39.6629,170852
39.6675,170575
39.6709,170387
39.6751,170440
39.6796,170139
39.6834,170338
39.6877,170375
39.6914,169603
39.6955,169291
39.7001,169961
39.7042,170252
39.7078,170232
39.7121,170571
39.7176,170035
39.7205,169789
39.7244,170140
39.7287,170736
39.7324,170178
39.7373,169514
39.7410,170075
39.7446,170769
39.7496,170222
39.7533,170245
39.7569,170173
39.7610,170574
39.7662,171036
39.7693,170369
39.7733,170345
39.7776,169619
39.7827,170324
39.7857,170205
39.7859,170258
39.7897,170653
39.7938,169812
39.7993,170355
39.8022,170186
39.8061,170559
39.8106,170802
39.8161,169750
39.8184,170904
39.8234,169764
39.8266,170353
39.8307,170283
39.8350,169720
39.8393,171205
39.8429,170173
39.8470,170708
39.8519,170401
39.8553,169488
39.8594,171542
39.8634,169936
39.8681,170428
39.8716,170735
39.8757,169871
39.8798,171165
39.8842,170557
39.8880,170222
39.8921,170774
39.8962,169736
39.9005,171087
39.9054,169922
39.9086,170627
39.9125,170594
39.9126,170348
39.9170,171758
39.9214,169300
39.9248,170865
39.9291,170040
39.9331,170138
39.9377,171402
39.9422,169687
39.9453,170429
39.9503,169944
39.9541,170181
39.9582,171612
39.9618,169784
39.9663,170635
39.9709,170898
39.9740,170014
39.9781,171222
39.9833,169403
39.9871,170511
39.9908,170635
39.9946,169916
40.0002,170908
40.0027,170297
40.0070,170301
40.0112,170674
40.0164,169763
40.0192,171487
40.0238,169926
40.0278,170191
40.0326,170603
40.0356,169998
40.0397,170873
40.0398,170215
40.0436,171108
40.0490,170602
40.0523,170173
40.0562,170991
40.0601,170199
40.0642,170267
40.0686,171014
40.0725,170290
40.0767,171016
40.0809,169820
40.0861,170593
40.0888,170599
40.0929,170623
40.0969,171020
40.1010,169787
40.1055,170511
40.1099,170632
40.1133,170254
40.1176,170865
40.1216,170416
40.1258,170577
40.1298,170506
40.1346,170608
40.1386,171099
40.1420,170015
40.1461,171154
40.1506,170926
40.1543,171031
40.1584,171089
40.1625,170039
40.1667,170444
40.1674,170268
40.1706,170279
40.1747,170812
40.1790,170268
40.1830,170580
40.1878,170902
40.1911,170073
40.1952,170136
40.2010,169336
40.2034,170635
40.2075,170784
40.2115,170879
40.2171,169940
40.2198,169860
40.2239,170380
40.2280,170644
40.2340,170380
40.2361,170132
40.2402,169746
40.2443,170483
40.2488,170827
40.2526,170266
40.2567,169859
40.2608,169968
40.2658,170570
40.2692,170946
40.2731,170368
40.2771,169682
40.2823,169867
40.2861,170222
40.2896,170550
40.2936,170044
40.2937,169742
40.2993,170462
40.3017,170959
40.3059,170627
40.3100,170390
40.3142,169624
40.3184,170006
40.3226,170472
40.3265,170209
40.3304,170567
40.3348,169689
40.3391,170427
40.3433,170608
40.3469,170548
40.3512,170390
40.3555,169886
40.3590,170301
40.3646,170843
40.3681,170327
40.3721,170461
40.3754,169526
40.3795,171034
40.3850,170017
40.3878,170394
40.3919,170256
40.3959,170038
40.4000,170786
40.4044,170057
40.4086,170604
40.4123,170613
40.4166,169517
40.4206,171223
40.4248,169641
40.4249,170634
40.4286,170392
40.4338,169937
40.4374,171286
40.4410,170147
40.4452,171183
40.4504,170750
40.4539,169838
40.4576,171317
40.4615,170043
40.4655,170459
40.4700,170381
40.4743,169029
40.4779,171554
40.4829,170080
40.4862,170368
40.4908,170356
40.4943,169697
40.4992,170771
40.5029,169603
40.5074,171010
40.5107,170856
40.5166,169904
40.5188,171017
40.5233,169283
40.5274,170455
40.5325,170849
40.5358,169877
40.5397,170897
40.5437,170061
40.5489,170584
40.5516,170853
40.5517,170267
40.5556,170926
40.5597,169593
40.5639,170407
40.5679,170622
40.5721,169961
40.5762,170899
40.5803,169879
40.5850,170325
40.5885,170651
40.5926,170701
40.5966,170864
40.6007,170023
40.6050,170012
40.6090,170643
40.6130,170131
40.6173,171128
40.6213,169597
40.6253,170110
40.6294,170811
40.6344,170388
40.6377,170795
40.6417,169861
40.6458,170462
40.6504,170766
40.6546,170603
40.6580,171310
40.6622,169916
40.6667,170805
40.6705,170761
40.6745,170828
40.6785,170827
40.6786,170465
40.6832,171123
40.6870,170724
40.6908,170725
40.6949,171495
40.6995,170506
40.7041,170800
40.7074,170769
40.7114,170592
40.7160,170474
40.7197,170076
40.7243,171090
40.7276,170882
40.7333,170250
40.7366,170769
40.7403,169623
40.7441,170246
40.7500,170167
40.7523,170355
40.7569,170070
40.7604,169861
40.7661,170313
40.7692,170198
40.7727,170495
40.7771,170146
40.7819,169762
40.7851,170547
40.7892,170811
40.7932,170120
40.7988,170624
40.8015,169974
40.8056,170624
40.8056,170453
40.8097,170435
40.8137,169815
40.8181,170190
40.8219,170754
40.8265,170643
40.8322,171031
40.8345,169569
40.8389,170834
40.8430,170086
40.8465,170459
40.8508,170598
40.8548,169506
40.8590,170284
40.8633,170863
40.8670,170302
40.8716,170700
40.8753,169098
40.8793,170805
40.8839,170602
40.8881,170584
40.8919,171098
40.8956,169958
40.8998,171306
40.9043,170596
40.9080,170483
40.9120,170615
40.9163,169892
40.9209,171457
40.9244,170448
40.9284,170072
40.9326,170591
40.9337,169457
40.9367,171544
40.9406,169771
40.9447,170673
40.9494,171317
40.9530,169801
40.9571,171193
40.9612,170074
40.9661,170528
40.9695,170663
40.9742,169922
40.9775,171429
40.9825,170166
40.9863,170526
40.9898,170426
40.9939,170270
40.9991,171573
41.0023,169968
41.0071,170929
41.0103,170109
41.0157,170052
41.0191,170754
41.0225,169833
41.0267,170190
41.0316,170607
41.0359,169934
41.0392,170717
41.0430,169898
41.0489,170912
41.0517,170001
41.0555,170034
41.0595,171712
41.0641,169530
41.0651,170455
41.0680,170828
41.0721,169707
41.0758,171394
41.0801,170307
41.0848,170783
41.0881,170373
41.0922,171134
41.0963,170979
41.1011,170103
41.1045,170358
41.1086,170823
41.1127,170136
41.1170,170881
41.1217,169207
41.1250,170165
41.1291,170602
41.1335,170526
41.1372,170875
41.1415,169703
41.1457,169891
41.1499,170341
41.1541,169959
41.1579,171251
41.1618,169650
41.1659,170042
41.1702,170198
41.1742,170268
41.1782,171390
41.1827,169703
41.1867,170330
41.1905,170993
41.1906,170605
41.1946,171250
41.1989,170264
41.2029,170664
41.2069,170548
41.2109,170019
41.2155,170859
41.2197,169622
41.2233,170525
41.2273,170381
41.2324,170437
41.2355,170569
41.2396,170173
41.2437,170263
41.2498,170460
41.2525,170005
41.2561,170967
41.2601,169474
41.2658,170576
41.2699,170377
41.2724,170526
41.2766,170488
41.2818,170031
41.2847,170684
41.2888,170446
41.2929,170561
41.2985,170179
41.3011,170537
41.3053,170439
41.3094,170268
41.3134,170496
41.3174,169925
41.3175,170012
41.3216,170361
41.3257,170464
41.3299,170664
41.3346,170123
41.3380,170736
41.3422,170419
41.3462,170783
41.3503,170477
41.3544,170093
41.3585,170282
41.3626,170411
41.3673,170427
41.3707,170332
41.3748,169734
41.3789,170957
41.3838,170525
41.3871,170115
41.3912,170509
41.3953,169666
41.4006,170440
41.4035,170617
41.4076,170259
41.4119,170982
41.4165,170129
41.4198,170607
41.4239,170447
41.4282,170148
41.4335,170419
41.4364,169814
41.4403,170761
41.4444,169990
41.4445,170550
41.4503,170631
41.4526,169678
41.4567,170769
41.4608,169442
41.4653,170316
41.4690,170821
41.4731,169829
41.4772,171183
41.4822,170074
41.4855,170736
41.4895,170661
41.4936,169480
41.4988,170992
41.5018,170105
41.5058,170309
41.5099,170470
41.5146,170137
41.5183,171749
41.5223,170188
41.5264,171284
41.5318,170628
41.5345,170008
41.5386,170079
41.5427,169184
41.5483,170652
41.5515,170127
41.5550,169737
41.5591,171283
41.5634,169868
41.5676,170525
41.5717,170487
41.5718,170142
41.5755,171253
41.5811,169880
41.5841,170773
41.5878,170406
41.5919,170164
41.5960,171298
41.6008,169600
41.6042,170570
41.6082,170539
41.6124,170136
41.6173,171442
41.6205,170038
41.6246,170677
41.6289,170411
41.6333,170387
41.6371,171248
41.6410,169828
41.6452,170425
41.6502,170871
41.6533,170256
41.6574,171244
41.6615,169698
41.6657,170242
41.6697,170245
41.6738,170002
41.6781,170838
41.6824,169700
41.6861,170472
41.6902,170609
41.6947,170260
41.6985,171051
41.6989,169368
41.7026,170614
41.7067,170216
41.7107,170336
41.7162,170725
41.7192,169740
41.7233,170501
41.7270,170234
41.7312,170900
41.7352,170672
41.7393,170105
41.7434,170288
41.7480,170622
41.7516,170367
41.7557,170575
41.7598,170013
41.7650,170602
41.7686,170474
41.7721,170443
41.7762,170274
41.7814,170310
41.7844,170070
41.7885,170424
41.7926,170707
41.7982,170399
41.8010,170154
41.8049,170343
41.8089,170730
41.8146,169965
41.8179,170762
41.8214,170351
41.8254,170796
41.8255,170376
41.8295,170831
41.8338,170437
41.8377,170712
41.8418,170368
41.8459,170199
41.8504,169756
41.8540,170226
41.8581,170216
41.8622,170054
41.8669,170784
41.8704,170673
41.8745,170380
41.8786,170250
41.8830,170600
41.8869,170470
41.8909,170560
41.8950,170029
41.9000,170218
41.9032,170247
41.9073,170450
41.9115,170753
41.9162,170015
41.9197,169896
41.9236,170478
41.9277,170265
41.9327,170862
41.9359,169175
41.9400,170631
41.9441,170367
41.9490,170795
41.9525,170310
41.9526,169593
41.9564,170996
41.9605,169996
41.9653,170627
41.9688,170416
41.9728,169725
41.9769,171053
41.9818,170094
41.9853,170123
41.9895,170277
41.9933,169796
41.9985,171091
42.0019,170159
42.0056,170569
42.0096,170896
42.0146,169931
42.0185,171166
42.0220,170979
42.0260,170294
42.0314,170338
42.0346,170225
42.0384,171252
42.0424,170519
42.0465,170998
42.0515,170375
42.0547,170046
42.0588,171817
42.0629,170031
42.0671,170500
42.0711,170771
42.0755,170209
42.0793,171383
42.0794,170328
42.0836,170511
42.0876,170506
42.0917,170734
42.0957,171236
42.1002,170526
42.1040,170954
42.1080,170826
42.1121,170102
42.1165,171641
42.1203,170515
42.1243,170994
42.1285,170236
42.1333,170607
42.1366,171375
42.1407,170602
42.1450,170592
42.1500,170572
42.1533,170678
42.1577,171293
42.1613,169805
42.1663,170331
42.1695,170423
42.1735,169838
42.1776,171353
42.1820,169934
42.1865,170314
42.1902,170500
42.1941,170319
42.1987,171123
42.2024,170113
42.2064,171059
42.2065,170758
42.2103,170728
42.2148,171630
42.2189,169941
42.2227,170493
42.2267,170562
42.2309,170409
42.2349,171176
42.2390,170596
42.2431,170898
42.2472,170611
42.2513,170442
42.2554,170793
42.2595,169983
42.2636,171079
42.2677,170686
42.2718,170432
42.2758,170515
42.2800,170618
42.2841,170331
42.2882,170975
42.2924,170758
42.2964,170965
42.3005,170876
42.3046,170668
42.3086,170302
42.3128,170701
42.3169,170741
42.3209,170347
42.3252,170364
42.3295,170727
42.3335,170606
42.3376,170599
42.3377,170618
42.3414,170623
42.3455,170051
42.3496,170635
42.3537,170838
42.3578,171125
42.3619,170599
42.3660,170582
42.3701,170928
42.3742,170290
42.3784,170132
42.3825,170606
42.3866,170586
42.3907,170566
42.3948,170192
42.3989,170125
42.4030,170782
42.4070,170549
42.4111,171024
42.4152,170422
42.4193,170689
42.4234,170877
42.4276,170447
42.4317,170319
42.4357,169991
42.4398,170823
42.4439,170750
42.4480,170553
42.4521,170531
42.4564,169909
42.4603,170524
42.4645,170679
42.4646,170433
42.4685,170183
42.4725,170140
42.4766,170757
42.4807,170943
42.4848,170095
42.4889,170706
42.4931,169777
42.4972,170961
42.5013,170655
42.5054,170589
42.5094,170448
42.5135,170008
42.5176,170429
42.5216,170365
42.5257,170577
42.5299,170765
42.5339,169899
42.5381,170943
42.5422,170339
42.5463,170612
42.5504,170316
42.5545,170205
42.5585,171268
42.5626,170427
42.5668,170313
42.5709,170453
42.5750,170036
42.5791,171378
42.5833,169949
42.5877,170136
42.5915,170398
42.5915,170159
42.5955,171390
42.5995,170396
42.6035,170513
42.6077,170483
42.6118,169714
42.6159,171580
42.6200,169681
42.6241,170512
42.6282,170367
42.6323,169806
42.6363,171644
42.6405,170190
42.6445,170870
42.6487,170281
42.6528,169609
42.6569,171187
42.6610,169945
42.6651,170900
42.6691,170768
42.6733,169755
42.6773,171484
42.6814,170342
42.6855,170994
42.6896,170272
42.6937,170415
42.6978,171330
42.7019,169575
42.7060,170536
42.7101,170679
42.7143,170243
42.7184,170927
42.7184,169790
42.7223,170529
42.7264,170293
42.7305,170721
42.7346,171084
42.7387,169614
42.7428,170522
42.7469,170250
42.7510,170242
42.7551,171041
42.7592,170010
42.7633,170283
42.7674,170970
42.7715,170217
42.7755,170772
42.7797,170623
42.7837,170443
42.7880,171086
42.7919,170057
42.7960,170799
42.8003,170740
42.8044,170742
42.8084,170623
42.8125,170947
42.8166,170478
42.8206,169579
42.8247,170387
42.8288,170285
42.8329,170538
42.8370,170912
42.8413,170373
42.8456,170469
42.8456,171003
42.8494,170702
42.8535,170700
42.8576,170040
42.8617,170307
42.8658,171066
42.8699,170508
42.8740,170386
42.8781,170143
42.8821,170429
42.8863,170582
42.8903,170396
42.8945,170285
42.8985,169796
42.9027,170314
42.9067,170266
42.9108,170870
42.9149,170539
42.9190,170638
42.9230,170455
42.9272,170466
42.9313,170233
42.9354,170264
42.9395,170091
42.9437,170597
42.9477,170877
42.9518,170523
42.9559,169610
42.9600,170215
42.9640,170583
42.9684,170886
42.9723,170513
42.9724,169733
42.9763,170580
42.9804,170565
42.9846,170620
42.9886,170420
42.9928,170361
42.9968,170826
43.0009,170730
43.0049,170826
43.0090,170462
43.0131,169764
43.0173,171277
43.0214,170326
43.0255,170151
43.0295,170695
43.0336,170031
43.0377,171459
43.0418,170643
43.0459,170682
43.0500,170354
43.0541,169930
43.0582,172042
43.0624,170159
43.0664,170653
43.0705,171107
43.0747,169876
43.0787,171578
43.0828,171196
43.0869,170727
43.0910,170960
43.0953,169596
43.0993,171874
43.0994,170764
43.1032,170179
43.1074,170480
43.1115,170118
43.1155,171243
43.1196,169967
43.1237,171237
43.1278,170731
43.1319,169983
43.1362,171569
43.1401,170425
43.1442,170446
43.1483,171161
43.1524,170310
43.1565,171637
43.1607,170263
43.1647,170555
43.1688,170811
43.1729,170134
43.1770,171617
43.1811,169861
43.1852,170537
43.1892,170755
43.1933,169916
43.1974,170891
43.2016,170746
43.2057,170581
43.2097,170658
43.2138,169963
43.2180,171289
43.2222,169903
43.2261,170465
43.2302,170285
43.2303,169558
43.2344,171545
43.2384,169801
43.2425,170282
43.2466,170958
43.2507,169751
43.2548,170841
43.2589,170041
43.2630,170399
43.2671,170786
43.2712,170925
43.2752,171886
43.2795,170285
43.2835,170163
43.2876,170263
43.2917,170638
43.2957,171934
43.2999,170294
43.3040,170152
43.3080,170869
43.3121,170302
43.3162,171409
43.3204,170454
43.3244,170402
43.3285,170509
43.3327,170218
43.3368,170977
43.3409,170055
43.3449,170198
43.3494,170810
43.3533,170406
43.3577,171003
43.3578,169912
43.3614,170372
43.3655,170652
43.3696,170125
43.3736,170381
43.3777,169997
43.3817,170390
43.3859,170769
43.3899,170566
43.3940,170473
43.3981,170655
43.4022,170590
43.4063,170657
43.4104,170436
43.4145,170663
43.4188,170211
43.4227,170682
43.4271,170871
43.4310,170440
43.4351,169745
43.4392,170424
43.4433,170436
43.4474,170639
43.4515,170398
43.4556,170150
43.4596,170266
43.4637,170292
43.4678,170640
43.4719,170084
43.4762,170190
43.4803,170676
43.4846,170107
43.4846,170147
43.4883,170425
43.4925,170395
43.4965,170309
43.5007,170830
43.5047,170646
43.5088,170973
43.5128,169893
43.5170,170715
43.5211,170166
43.5252,170372
43.5292,170801
43.5334,170338
43.5375,170896
43.5415,170354
43.5457,170230
43.5497,170278
43.5538,170600
43.5580,170441
43.5621,170324
43.5661,170838
43.5702,170452
43.5743,169845
43.5784,171105
43.5825,171192
43.5866,170760
43.5906,170391
43.5948,169641
43.5989,171439
43.6030,170188
43.6072,170213
43.6114,170696
43.6115,169728
43.6153,171488
43.6194,170180
43.6235,170709
43.6277,170805
43.6317,169925
43.6358,171345
43.6399,170089
43.6439,170227
43.6480,170736
43.6521,170094
43.6562,171501
43.6604,169822
43.6645,170088
43.6686,170904
43.6727,170493
43.6767,171366
43.6808,170034
43.6848,170171
43.6890,170956
43.6931,169462
43.6972,171658
43.7013,170185
43.7054,170706
43.7094,170801
43.7136,170139
43.7177,171334
43.7219,170504
43.7258,170638
43.7299,170622
43.7340,169905
43.7382,172062
43.7382,170366
43.7423,170894
43.7464,170781
43.7505,170454
43.7545,171370
43.7587,169797
43.7628,170633
43.7669,170659
43.7709,169877
43.7750,171164
43.7791,169809
43.7832,170488
43.7873,170996
43.7914,170121
43.7955,171149
43.7996,169733
43.8037,170605
43.8078,170099
43.8119,170478
43.8160,171151
43.8200,170487
43.8241,170676
43.8282,170469
43.8323,170344
43.8364,171463
43.8405,170591
43.8446,170215
43.8487,171141
43.8528,169939
43.8569,170821
43.8612,169619
43.8652,170574
43.8653,170202
43.8692,170608
43.8734,171026
43.8775,170480
43.8816,170522
43.8856,170849
43.8897,170498
43.8939,170505
43.8979,170516
43.9021,170388
43.9061,170467
43.9102,170443
43.9143,170632
43.9184,170464
43.9226,170558
43.9266,171172
43.9307,170321
43.9348,170458
43.9389,170185
43.9430,170491
43.9471,170857
43.9512,170610
43.9553,170242
43.9593,170109
43.9635,170669
43.9676,170390
43.9716,170752
43.9758,170395
43.9798,170734
43.9839,170270
43.9882,170492
43.9923,170690
43.9924,170095
43.9964,169929
44.0002,170470
44.0043,170714
44.0085,170324
44.0125,170917
44.0166,170450
44.0207,170847
44.0248,170624
44.0289,170661
44.0330,170042
44.0372,170521
44.0412,170474
44.0453,170542
44.0494,170759
44.0535,169455
44.0577,170360
44.0618,170559
44.0659,170660
44.0701,170496
44.0741,169585
44.0782,171051
44.0823,170472
44.0863,170606
44.0904,170194
44.0946,169913
44.0988,170971
44.1027,170359
44.1071,170815
44.1112,170482
44.1152,169904
44.1192,171219
44.1233,170132
44.1234,170566
44.1273,170946
44.1313,170009
44.1356,170808
44.1395,169817
44.1436,170096
44.1477,170373
44.1518,169888
44.1559,171923
44.1602,170141
44.1641,170683
44.1683,170536
44.1724,169559
44.1765,172066
44.1806,170597
44.1848,170325
44.1890,170406
44.1930,170234
44.1969,171478
44.2010,169548
44.2051,170714
44.2092,170881
44.2132,170575
44.2175,171713
44.2214,169895
44.2255,170955
44.2297,170359
44.2338,169884
44.2381,171366
44.2420,169910
44.2462,170444
44.2501,170575
44.2502,170138
44.2542,171014
44.2583,169720
44.2632,170448
44.2668,170719
44.2706,170185
44.2747,171733
44.2790,169787
44.2835,170456
44.2872,170423
44.2911,170127
44.2953,171416
44.2995,169622
44.3034,170719
44.3080,170179
44.3116,170274
44.3156,171476
44.3197,169894
44.3238,171106
44.3279,170850
44.3320,170461
44.3361,170920
44.3402,170241
44.3443,170674
44.3485,170405
44.3525,170277
44.3566,171115
44.3608,169576
44.3648,170382
44.3691,170834
44.3731,170198
44.3771,171244
44.3772,169653
44.3812,170377
44.3853,170221
44.3893,170817
44.3935,171669
44.3978,169962
44.4016,170526
44.4057,170851
44.4098,170095
44.4146,171373
44.4180,170380
44.4221,170756
44.4263,171000
44.4304,170987
44.4344,170879
44.4385,170431
44.4426,170836
44.4470,170848
44.4509,170409
44.4549,170510
44.4590,170237
44.4639,171017
44.4672,170373
44.4712,170416
44.4754,170894
44.4797,170243
44.4837,170978
44.4878,170916
44.4918,170401
44.4961,170742
44.5001,170345
44.5041,170745
44.5042,171003
44.5081,170905
44.5125,170322
44.5164,170510
44.5204,170796
44.5245,170726
44.5300,170942
44.5327,170619
44.5368,170646
44.5409,170841
44.5453,170417
44.5495,170221
44.5533,169820
44.5573,170237
44.5618,170833
44.5656,170167
44.5696,170813
44.5736,170154
44.5779,170696
44.5819,170569
44.5859,170630
44.5900,170419
44.5942,169786
44.5982,170788
44.6023,170309
44.6064,170347
44.6105,170585
44.6146,169560
44.6187,170962
44.6228,170450
44.6270,170203
44.6313,170528
44.6314,169821
44.6353,171276
44.6392,170644
44.6433,170032
44.6474,170377
44.6515,169876
44.6557,171334
44.6598,170110
44.6639,170120
44.6680,170854
44.6721,169796
44.6761,171182
44.6803,170616
44.6843,170917
44.6884,170672
44.6925,169713
44.6966,171753
44.7007,170690
44.7048,170683
44.7089,170616
44.7130,169900
44.7171,171949
44.7212,169974
44.7252,170682
44.7293,170610
44.7335,170140
44.7376,172074
44.7417,169961
44.7458,170829
44.7500,170251
44.7541,170345
44.7582,172094
44.7583,169817
44.7622,170630
44.7663,170920
44.7703,169865
44.7744,171953
44.7785,170007
44.7826,170519
44.7867,170813
44.7908,169862
44.7949,171087
44.7990,170067
44.8031,171226
44.8072,170639
44.8113,170125
44.8154,171037
44.8195,170148
44.8236,169980
44.8276,170917
44.8317,169737
44.8359,171213
44.8400,170143
44.8441,170799
44.8481,170451
44.8522,170341
44.8564,171288
44.8604,169989
44.8645,170323
44.8686,170738
44.8727,170381
44.8768,171195
44.8810,170032
44.8852,170703
44.8853,170992
44.8891,170609
44.8932,171542
44.8972,169882
44.9014,170953
44.9055,170273
44.9096,170081
44.9139,171263
44.9178,169754
44.9219,170785
44.9260,170848
44.9301,170682
44.9342,170888
44.9383,170232
44.9423,171045
44.9465,170775
44.9506,170474
44.9547,170987
44.9587,170166
44.9628,170681
44.9669,170688
44.9709,169920
44.9750,170675
44.9792,170259
44.9832,170369
44.9875,170613
44.9915,170588
44.9955,171190
44.9997,170769
45.0038,170212
45.0081,170203
45.0122,170190
45.0123,170340
45.0161,169384
45.0202,170628
45.0242,170250
45.0283,171030
45.0324,169996
45.0365,170314
45.0406,170235
45.0447,171086
45.0488,170448
45.0529,170057
45.0570,170127
45.0611,170444
45.0652,170356
45.0692,170190
45.0733,169978
45.0774,170400
45.0816,170384
45.0856,170921
45.0897,170471
45.0938,169838
45.0979,170391
45.1020,170451
45.1061,170251
45.1102,170315
45.1143,169551
45.1184,170460
45.1225,170682
45.1266,170701
45.1307,170082
45.1351,169681
45.1390,170458
45.1432,170238
45.1433,170661
45.1471,170770
45.1512,169810
45.1553,170886
45.1595,170848
45.1636,170280
45.1677,170914
45.1718,169770
45.1757,171432
45.1800,170619
45.1840,171084
45.1881,170380
45.1922,169740
45.1963,171098
45.2006,170085
45.2045,170646
45.2086,170717
45.2127,169901
45.2168,171298
45.2209,170433
45.2249,170154
45.2291,170575
45.2331,170401
45.2372,171654
45.2413,170154
45.2454,170817
45.2495,170833
45.2536,169892
45.2578,172066
45.2622,169578
45.2663,170580
45.2703,170800
45.2704,170104
45.2741,171965
45.2783,169524
45.2823,170118
45.2864,170381
45.2905,169789
45.2946,171666
45.2987,170250
45.3028,170215
45.3069,170594
45.3110,169509
45.3151,171921
45.3192,170315
45.3233,170494
45.3274,171013
45.3315,170093
45.3356,171561
45.3396,170044
45.3438,170320
45.3480,170389
45.3520,170104
45.3561,171818
45.3602,170052
45.3643,170174
45.3683,170376
45.3724,170308
45.3765,171603
45.3806,170439
45.3847,170729
45.3890,170562
45.3931,169948
45.3971,170844
45.3972,169650
45.4010,170382
45.4052,170348
45.4093,169763
45.4133,170790
45.4174,169742
45.4215,170089
45.4256,170714
45.4298,170204
45.4339,171159
45.4380,170230
45.4421,170813
45.4461,170867
45.4502,170716
45.4544,170800
45.4584,169871
45.4625,170821
45.4667,170285
45.4708,170231
45.4747,171109
45.4789,170126
45.4830,170077
45.4873,170900
45.4912,170514
45.4953,171519
45.4993,170096
45.5035,170353
45.5076,170599
45.5117,170744
45.5160,170303
45.5201,170408
45.5241,170117
45.5242,170436
45.5281,170553
45.5322,170542
45.5362,169828
45.5404,170262
45.5445,170177
45.5486,170012
45.5526,170491
45.5567,170307
45.5608,170203
45.5648,170242
45.5689,170637
45.5731,170347
45.5772,169895
45.5815,170581
45.5854,170677
45.5895,170723
45.5936,170010
45.5977,169746
45.6018,170610
45.6059,170522
45.6100,170196
45.6141,170044
45.6182,170014
45.6223,170141
45.6264,169886
45.6305,170856
45.6346,169772
45.6387,170368
45.6430,170194
45.6470,170806
45.6511,170614
45.6512,169825
45.6550,170833
45.6591,170798
45.6632,170570
45.6673,170354
45.6713,170014
45.6755,170862
45.6795,170692
45.6836,170279
45.6878,171177
45.6918,169927
45.6959,171277
45.7000,170416
45.7041,170810
45.7082,170536
45.7123,169749
45.7164,171575
45.7205,171090
45.7249,170437
45.7287,171128
45.7328,169303
45.7369,171444
45.7410,170360
45.7452,170516
45.7492,170062
45.7532,169463
45.7574,171808
45.7615,170078
45.7656,170205
45.7697,170529
45.7742,169618
45.7783,171803
45.7783,170187
45.7820,170168
45.7861,170778
45.7902,169852
45.7942,171871
45.7984,170173
45.8024,170501
45.8065,171079
45.8106,169789
45.8147,171558
45.8188,169753
45.8229,171068
45.8270,170696
45.8311,169800
45.8352,172149
45.8394,170279
45.8435,171110
45.8476,171003
45.8517,170044
45.8558,171590
45.8599,169720
45.8640,170339
45.8681,170127
45.8722,169490
45.8763,171370
45.8804,170481
45.8844,170194
45.8885,170702
45.8926,170465
45.8967,171001
45.9011,169434
45.9051,170640
45.9051,170443
45.9090,169967
45.9131,171507
45.9172,170217
45.9214,170695
45.9254,170746
45.9295,170290
45.9336,171009
45.9376,169820
45.9417,170625
45.9459,170714
45.9500,170873
45.9540,170942
45.9581,169848
45.9623,170722
45.9663,170589
45.9704,170757
45.9744,171533
45.9786,170203
45.9827,170465
45.9868,170711
45.9911,170606
45.9950,171575
45.9990,170057
46.0031,170866
46.0073,170414
46.0113,170482
46.0154,171088
46.0195,169775
46.0236,170637
46.0280,170646
46.0321,170376
46.0361,171232
46.0361,170259
46.0401,170973
46.0441,170772
46.0482,170409
46.0523,170887
46.0564,170109
46.0607,170677
46.0646,170308
46.0689,170788
46.0728,170750
46.0769,169969
46.0810,170724
46.0851,170946
46.0893,170181
46.0933,170673
46.0974,169937
46.1015,170540
46.1056,170786
46.1097,171020
46.1138,170161
46.1179,169846
46.1219,170450
46.1261,171196
46.1302,170610
46.1342,169976
46.1384,170426
46.1425,170624
46.1478,170870
46.1506,170804
46.1549,170191
46.1591,169965
46.1631,170461
46.1631,170518
46.1671,169951
46.1711,169910
46.1753,170129
46.1793,170560
46.1833,170690
46.1875,171100
46.1916,170317
46.1957,171107
46.1998,170908
46.2041,170642
46.2080,170612
46.2120,170136
46.2161,170528
46.2202,170801
46.2243,170072
46.2284,171009
46.2325,170207
46.2368,170728
46.2408,170305
46.2449,170328
46.2490,170459
46.2530,170065
46.2572,170761
46.2613,170677
46.2654,170588
46.2695,170472
46.2735,170143
46.2777,172064
46.2819,170346
46.2860,170763
46.2900,169973
46.2901,169886
46.2941,171525
46.2981,170971
46.3022,170510
46.3064,170426
46.3104,169815
46.3144,171827
46.3186,170484
46.3226,171008
46.3267,170664
46.3308,170548
46.3349,171935
46.3390,170432
46.3430,170335
46.3472,170685
46.3514,169736
46.3555,171593
46.3595,170656
46.3637,170887
46.3677,170470
46.3718,169963
46.3759,171773
46.3801,170009
46.3841,170548
46.3883,170891
46.3923,169792
46.3964,171801
46.4005,170542
46.4046,171178
46.4088,170601
46.4128,169954
46.4170,171426
46.4171,170169
46.4210,170553
46.4251,170404
46.4292,170049
46.4333,171178
46.4374,169773
46.4414,170048
46.4455,170874
46.4497,170540
46.4537,171444
46.4578,169978
46.4619,170503
46.4660,171142
46.4701,170294
46.4742,171358
46.4783,169877
46.4824,170034
46.4864,170030
46.4906,170390
46.4947,171048
46.4988,170084
46.5029,170852
46.5070,170679
46.5111,170898
46.5152,171295
46.5193,169918
46.5234,170597
46.5275,170366
46.5316,170465
46.5357,171451
46.5399,170541
46.5440,170538
46.5441,170613
46.5480,170542
46.5521,171538
46.5561,170092
46.5602,170310
46.5643,170803
46.5684,170505
46.5725,171017
46.5766,170139
46.5807,171225
46.5848,170515
46.5889,170599
46.5930,170677
46.5970,170250
46.6013,170730
46.6052,170618
46.6094,171021
46.6135,171358
46.6176,170309
46.6217,170144
46.6258,170760
46.6299,170787
46.6340,170907
46.6380,170595
46.6422,170455
46.6462,170576
46.6504,170540
46.6545,170377
46.6586,170694
46.6627,170794
46.6669,170801
46.6710,170636
46.6711,170442
46.6751,170349
46.6791,170587
46.6831,170531
46.6873,170350
46.6912,170230
46.6954,170427
46.6994,170335
46.7035,170877
46.7077,170975
46.7118,169845
46.7159,170348
46.7200,170343
46.7240,170848
46.7282,170350
46.7323,169796
46.7364,170168
46.7404,170720
46.7446,170653
46.7486,170967
46.7528,170529
46.7569,170754
46.7609,170437
46.7651,170841
46.7691,171025
46.7732,170026
46.7772,171156
46.7814,170671
46.7855,170825
46.7896,170360
46.7939,170008
46.7980,171241
46.7981,170527
46.8019,170624
46.8060,170878
46.8100,169806
46.8142,171380
46.8183,170516
46.8224,170721
46.8264,170716
46.8305,170485
46.8346,170866
46.8387,170915
46.8428,170581
46.8470,171051
46.8511,169748
46.8552,172002
46.8593,170199
46.8633,170667
46.8674,170979
46.8715,169543
46.8756,171779
46.8797,170550
46.8838,170301
46.8879,170564
46.8920,170244
46.8961,171373
46.9002,170437
46.9043,170373
46.9083,170446
46.9125,169636
46.9166,171341
46.9209,169616
46.9249,170570
46.9250,170665
46.9289,169776
46.9329,171455
46.9370,169692
46.9411,170650
46.9453,170818
46.9494,170315
46.9534,171823
46.9575,170337
46.9616,171047
46.9656,170620
46.9698,170549
46.9738,171279
46.9780,169887
46.9821,170716
46.9862,170458
46.9903,170752
46.9944,171720
46.9985,169797
47.0026,170966
47.0066,170688
47.0108,170482
47.0148,171313
47.0189,170493
47.0231,170017
47.0272,170815
47.0313,170115
47.0354,171345
47.0395,170197
47.0435,170695
47.0478,170764
47.0519,170605
47.0560,170661
47.0560,170377
47.0600,170464
47.0640,171132
47.0681,169822
47.0722,171522
47.0763,169847
47.0804,170434
47.0845,170621
47.0886,170545
47.0927,170683
47.0968,170319
47.1009,171001
47.1050,170360
47.1091,170962
47.1131,171014
47.1172,170206
47.1214,170930
47.1255,170517
47.1296,170646
47.1337,170976
47.1378,170615
47.1419,170788
47.1459,170679
47.1500,170733
47.1541,171021
47.1583,170524
47.1623,170437
47.1664,171167
47.1706,170808
47.1747,170760
47.1789,170221
47.1830,170943
47.1830,170491
47.1869,170413
47.1910,170806
47.1951,170282
47.1991,170703
47.2033,170479
47.2073,170846
47.2115,170405
47.2156,170671
47.2197,170389
47.2237,171133
47.2279,170778
47.2320,170601
47.2360,170699
47.2401,170484
47.2443,170506
47.2484,170697
47.2524,170289
47.2565,170934
47.2607,170780
47.2647,170693
47.2687,170629
47.2729,170392
47.2770,171153
47.2811,170959
47.2853,170972
47.2893,170365
47.2934,170508
47.2975,170622
47.3016,170590
47.3059,170573
47.3099,170523
47.3100,169777
47.3139,171050
47.3180,170444
47.3221,170631
47.3262,170249
47.3303,169794
47.3343,171270
47.3385,170307
47.3426,170570
47.3466,170890
47.3508,170040
47.3549,171112
47.3590,170379
47.3631,170358
47.3671,170589
47.3713,169807
47.3752,170968
47.3793,169559
47.3834,170381
47.3875,170220
47.3916,169574
47.3957,171178
47.3998,170178
47.4039,170702
47.4080,170242
47.4121,169795
47.4162,171793
47.4203,169881
47.4244,170805
47.4285,170170
47.4329,169465
47.4369,171133
47.4370,169830
47.4409,170618
47.4449,170485
47.4491,169653
47.4531,171314
47.4572,170479
47.4613,170202
47.4654,170461
47.4695,169557
47.4735,171753
47.4777,170079
47.4818,170627
47.4858,170399
47.4900,169897
47.4941,171858
47.4981,169849
47.5023,170967
47.5064,170580
47.5105,170017
47.5146,171329
47.5187,169888
47.5228,170646
47.5269,170899
47.5310,170118
47.5351,171221
47.5392,170451
47.5433,170720
47.5474,170888
47.5515,170570
47.5556,171501
47.5599,170461
47.5639,170431
47.5640,170772
47.5678,170255
47.5718,171103
47.5760,169756
47.5801,170675
47.5842,170718
47.5883,170345
47.5924,171289
47.5965,169815
47.6005,170133
47.6047,170656
47.6088,170309
47.6130,171221
47.6169,169649
47.6210,170718
47.6251,170334
47.6292,170494
47.6333,170689
47.6375,170096
47.6416,170467
47.6457,170648
47.6497,170292
47.6538,170790
47.6579,170253
47.6620,170456
47.6661,170634
47.6703,170207
47.6743,170964
47.6784,170258
47.6825,170805
47.6868,170853
47.6909,170599
47.6909,170929
47.6948,170623
47.6989,170283
47.7030,170628
47.7070,170215
47.7112,170617
47.7153,170931
47.7194,170400
47.7234,170358
47.7276,170544
47.7317,170756
47.7357,170503
47.7398,170044
47.7440,170597
47.7481,170406
47.7521,170311
47.7563,170446
47.7604,170370
47.7643,170660
47.7685,170144
47.7726,170673
47.7767,170644
47.7808,170191
47.7849,170288
47.7890,170730
47.7932,169845
47.7972,170959
47.8013,170782
47.8054,170637
47.8095,170913
47.8136,170045
47.8178,170996
47.8219,170624
47.8220,170592
47.8259,170485
47.8299,169721
47.8340,171017
47.8381,170745
47.8423,170343
47.8464,169904
47.8505,169843
47.8546,170939
47.8587,169559
47.8627,170649
47.8668,170644
47.8709,169709
47.8750,170765
47.8791,170530
47.8832,170521
47.8873,170935
47.8914,169623
47.8955,171022
47.8996,170488
47.9036,170810
47.9078,170472
47.9119,169755
47.9160,171188
47.9201,169897
47.9242,170891
47.9283,170760
47.9324,169791
47.9365,171215
47.9408,169967
47.9447,171004
47.9489,170746
47.9490,169702
47.9529,170897
47.9569,170292
47.9610,170718
47.9651,170532
47.9693,169625
47.9733,171576
47.9774,170219
47.9815,170449
47.9856,170880
47.9897,169916
47.9938,171908
47.9979,170453
48.0019,170852
48.0060,170557
48.0101,169595
48.0142,171381
48.0184,170127
48.0225,170574
48.0266,170465
48.0307,170001
48.0347,171340
48.0388,170178
48.0430,170487
48.0470,170603
48.0512,169981
48.0553,171203
48.0593,170298
48.0634,170208
48.0677,170785
48.0718,169974
48.0757,171484
48.0757,170374
48.0798,170571
48.0839,170680
48.0880,170330
48.0921,171220
48.0963,170139
48.1003,170377
48.1044,170706
48.1085,170593
48.1125,170990
48.1166,170245
48.1208,170515
48.1249,170209
48.1290,170324
48.1330,170509
48.1372,170366
48.1413,170555
48.1453,170570
48.1494,169854
48.1535,170806
48.1577,170688
48.1616,170865
48.1658,170468
48.1699,170311
48.1740,171102
48.1781,170162
48.1821,170747
48.1862,171139
48.1903,170652
48.1945,170635
48.1987,170176
48.2028,170499
48.2029,170613
48.2067,170135
48.2109,170619
48.2150,170281
48.2191,171172
48.2231,170230
48.2273,170731
48.2314,171031
48.2354,169886
48.2396,170431
48.2437,170518
48.2478,170591
48.2519,170837
48.2559,170639
48.2601,170788
48.2642,170488
48.2683,170309
48.2723,170206
48.2764,170146
48.2805,170619
48.2846,171036
48.2887,170144
48.2928,170741
48.2969,170283
48.3010,170326
48.3052,171028
48.3092,170742
48.3133,170640
48.3174,170486
48.3215,170353
48.3258,170633
48.3298,170638
48.3299,169954
48.3338,170719
48.3379,170439
48.3420,170448
48.3461,170589
48.3502,170115
48.3543,170959
48.3583,170463
48.3624,170268
48.3665,170368
48.3706,170096
48.3747,170567
48.3788,170295
48.3829,170470
48.3870,170495
48.3911,170119
48.3952,170723
48.3993,170604
48.4034,170519
48.4076,170338
48.4116,170080
48.4157,170869
48.4198,170181
48.4239,170571
48.4279,169887
48.4320,169217
48.4362,171381
48.4403,170187
48.4444,170114
48.4485,170603
48.4527,170254
48.4566,171402
48.4567,169945
48.4607,171011
48.4648,170992
48.4689,169396
48.4730,171289
48.4770,170216
48.4811,170559
48.4852,170487
48.4893,170101
48.4934,171393
48.4975,170185
48.5016,170060
48.5057,170735
48.5098,169885
48.5139,171133
48.5181,170078
48.5221,171037
48.5263,170903
48.5303,170562
48.5344,171609
48.5385,169921
48.5426,170724
48.5468,170565
48.5509,170329
48.5551,171020
48.5590,170156
48.5631,170322
48.5673,170478
48.5713,170388
48.5755,171404
48.5798,169585
48.5838,170871
48.5838,170224
48.5877,170156
48.5918,170895
48.5959,170255
48.5999,170161
48.6040,170412
48.6082,170741
48.6123,171066
48.6164,169641
48.6205,170657
48.6246,170784
48.6287,170506
48.6328,171351
48.6369,169661
48.6410,170374
48.6450,170287
48.6492,170081
48.6533,170975
48.6574,170315
48.6614,170263
48.6655,170750
48.6696,170364
48.6736,171189
48.6778,170224
48.6819,170617
48.6860,170358
48.6901,170027
48.6942,171260
48.6983,170164
48.7024,170731
48.7067,170515
48.7108,170600
48.7148,170798
48.7149,170218
48.7188,170595
48.7229,170734
48.7269,170384
48.7310,170895
48.7351,169738
48.7392,170442
48.7433,170231
48.7474,169962
48.7515,171145
48.7556,170645
48.7597,170782
48.7638,170036
48.7679,170342
48.7720,170891
48.7761,170638
48.7803,170526
48.7843,170209
48.7884,170347
48.7925,170572
48.7966,170023
48.8006,169930
48.8047,170110
48.8088,170473
48.8129,170544
48.8171,170646
48.8211,170505
48.8253,170186
48.8294,170588
48.8336,170443
48.8376,170356
48.8416,170065
48.8417,170724
48.8457,170218
48.8499,170406
48.8540,170970
48.8580,169961
48.8621,170677
48.8663,170143
48.8703,169876
48.8744,170397
48.8785,170737
48.8826,170465
48.8867,170539
48.8908,169961
48.8949,170742
48.8990,169987
48.9031,170526
48.9072,170877
48.9113,170186
48.9154,170479
48.9195,170562
48.9236,170335
48.9277,170531
48.9317,170268
48.9359,171152
48.9400,170007
48.9441,169921
48.9482,170445
48.9523,169153
48.9563,171242
48.9607,170609
48.9647,170291
48.9687,169797
48.9688,169523
48.9726,171569
48.9768,170447
48.9809,170541
48.9850,170265
48.9890,169936
48.9932,170988
48.9973,170235
49.0014,170482
49.0055,170738
49.0096,170237
49.0137,171056
49.0178,170448
49.0219,170603
49.0260,170325
49.0301,170315
49.0341,171549
49.0383,170665
49.0423,170054
49.0464,170009
49.0506,169898
49.0547,171938
49.0587,170884
49.0628,171382
49.0669,170535
49.0710,169715
49.0750,171383
49.0791,170225
49.0832,170869
49.0873,170276
49.0917,169755
49.0957,171302
49.0958,169655
49.0997,170598
49.1039,170714
49.1079,170374
49.1120,171446
49.1161,169387
49.1202,170960
49.1243,170275
49.1284,169614
49.1324,171200
49.1366,169521
49.1406,170562
49.1448,170700
49.1488,170307
49.1529,170758
49.1571,169633
49.1611,170322
49.1653,170657
49.1693,169903
49.1734,171259
49.1775,169857
49.1816,170427
49.1856,169996
49.1898,170627
49.1939,171377
49.1980,169496
49.2021,170219
49.2061,170543
49.2103,169850
49.2144,171462
49.2186,169522
49.2225,170525
49.2226,170338
49.2266,170661
49.2307,171432
49.2348,170062
49.2388,170520
49.2431,170297
49.2472,170340
49.2513,170476
49.2553,170063
49.2594,170549
49.2635,169960
49.2676,170354
49.2717,170818
49.2758,169930
49.2799,170281
49.2840,170514
49.2881,170115
49.2922,170483
49.2963,170190
49.3003,170424
49.3044,170189
49.3085,170004
49.3126,170153
49.3167,169820
49.3208,170200
49.3249,170395
49.3290,170300
49.3332,170727
49.3373,170031
49.3413,170530
49.3455,170692
49.3495,170022
49.3496,170826
49.3537,170523
49.3576,170457
49.3617,170456
49.3658,170675
49.3699,169795
49.3740,170534
49.3782,170399
49.3822,170553
49.3863,170616
49.3904,170523
49.3945,169767
49.3987,170174
49.4027,170984
49.4069,170211
49.4110,170389
49.4151,170377
49.4191,170133
49.4233,170356
49.4273,170278
49.4314,169610
49.4355,170375
49.4396,170522
49.4437,170041
49.4479,170644
49.4519,169753
49.4560,170473
49.4601,170237
49.4643,170509
49.4683,170246
49.4724,170400
49.4766,171016
49.4807,170079
49.4808,170302
49.4846,170624
49.4887,170028
49.4928,170662
49.4970,170448
49.5011,170287
49.5054,170885
49.5093,170066
49.5134,170659
49.5175,170395
49.5215,170576
49.5256,170519
49.5297,169923
49.5338,170910
49.5379,170444
49.5420,170656
49.5461,170472
49.5503,169516
49.5543,170908
49.5584,170393
49.5624,170615
49.5666,169883
49.5707,169672
49.5748,171280
49.5789,169688
49.5830,170059
49.5871,170873
49.5912,169850
49.5954,171318
49.5995,170159
49.6036,170411
49.6077,170743
49.6078,169873
49.6117,171215
49.6158,169806
49.6199,170458
49.6239,170557
49.6280,170462
49.6321,171735
49.6363,170102
49.6404,170902
49.6445,170884
49.6485,169878
49.6526,171412
49.6567,169876
49.6608,170010
49.6649,170285
49.6690,170533
49.6731,170871
49.6772,169933
49.6813,170318
49.6853,170266
49.6895,169653
49.6936,171218
49.6977,169872
49.7018,170616
49.7058,170334
49.7100,169298
49.7141,171059
49.7182,169736
49.7222,170482
49.7265,169906
49.7305,170159
49.7346,170824
49.7346,169747
49.7385,170198
49.7427,170505
49.7468,170135
49.7509,171082
49.7550,169889
49.7591,170274
49.7633,170207
49.7673,170291
49.7714,170804
49.7754,170216
49.7795,170349
49.7836,170444
49.7878,170367
49.7919,170711
49.7960,170167
49.8001,169939
49.8042,169947
49.8082,170257
49.8123,170929
49.8164,170167
49.8205,170518
49.8246,169768
49.8287,169883
49.8328,170320
49.8369,170593
49.8410,170432
49.8451,170195
49.8492,170326
49.8533,170786
49.8574,170004
49.8615,170246
49.8616,170503
49.8655,170356
49.8696,170116
49.8737,170798
49.8778,170326
49.8819,170317
49.8860,170000
49.8901,170088
49.8942,169987
49.8983,170227
49.9024,170698
49.9065,169653
49.9106,170202
49.9147,170667
49.9188,170556
49.9230,170399
49.9270,169997
49.9310,170182
49.9352,169949
49.9393,170504
49.9434,169782
49.9475,170303
49.9515,170163
49.9556,170597
49.9597,170384
49.9638,170085
49.9679,170052
49.9720,169873
49.9762,170632
49.9802,170520
49.9845,170178
49.9884,170721
49.9885,170417
49.9925,170465
49.9966,170256
50.0009,170398
50.0048,169864
50.0095,170196
50.0149,170376
50.0178,169965
50.0214,170367
50.0262,170447
50.0294,169797
50.0335,171208
50.0375,169816
50.0432,170074
50.0458,170415
50.0499,169709
50.0539,170924
50.0594,169982
50.0631,170172
50.0662,170349
50.0703,169859
50.0763,171014
50.0788,170182
50.0826,169883
50.0867,170017
50.0909,169669
50.0953,171093
50.0990,170338
50.1031,169982
50.1073,170148
50.1117,170279
50.1156,171303
50.1157,170280
50.1196,170568
50.1237,170291
50.1278,169599
50.1317,170974
50.1358,170329
50.1400,170248
50.1445,170191
50.1482,169968
50.1522,170981
50.1563,169679
50.1608,170301
50.1645,170227
50.1686,170123
50.1728,170971
50.1775,169818
50.1810,170413
50.1850,170325
50.1891,170360
50.1933,171570
50.1973,170592
50.2014,169997
50.2055,170344
50.2098,170186
50.2137,171480
50.2178,169933
50.2219,170992
50.2266,170138
50.2301,170198
50.2342,171396
50.2383,170147
50.2425,170371
50.2466,170712
50.2466,169996
50.2505,171234
50.2546,170102
50.2591,170942
50.2635,170729
50.2670,170389
50.2710,171193
50.2757,170004
50.2801,170846
50.2837,170737
50.2875,169929
50.2924,171218
50.2964,169911
50.2998,170281
50.3038,171009
50.3092,170391
50.3123,171230
50.3161,170248
50.3202,170080
50.3243,171070
50.3285,170995
50.3325,170839
50.3366,170221
50.3407,170305
50.3454,170369
50.3488,170375
50.3529,170800
50.3570,170298
50.3616,170480
50.3654,170851
50.3695,170526
50.3737,170517
50.3738,170439
50.3780,170784
50.3816,170623
50.3857,170130
50.3899,170395
50.3944,170240
50.3980,170238
50.4021,169997
50.4063,170314
50.4108,170593
50.4146,170733
50.4187,170467
50.4230,170801
50.4276,169782
50.4310,170031
50.4350,170496
50.4390,170211
50.4431,170142
50.4474,170509
50.4513,170220
50.4553,170808
50.4597,170605
50.4647,170360
50.4676,170448
50.4717,169974
50.4771,170132
50.4800,170267
50.4842,170847
50.4882,170416
50.4923,169997
50.4965,170397
50.5005,170388
50.5006,170631
50.5045,170146
50.5087,169634
50.5135,170536
50.5168,170107
50.5209,170144
50.5256,170219
50.5305,169899
50.5333,170849
50.5373,170305
50.5424,170495
50.5457,170799
50.5497,169905
50.5537,171189
50.5588,170010
50.5626,170324
50.5660,170561
50.5700,170039
50.5741,171154
50.5786,170405
50.5823,170920
50.5864,170457
50.5905,169656
50.5949,170783
50.5987,170346
50.6028,170582
50.6069,170339
50.6116,169979
50.6152,171084
50.6192,170251
50.6234,170858
50.6274,170334
50.6274,170324
50.6314,171141
50.6356,170666
50.6397,170970
50.6445,170702
50.6478,170255
50.6519,171008
50.6560,170181
50.6605,169888
50.6648,170565
50.6683,169972
50.6729,171720
50.6770,169998
50.6810,170551
50.6847,170488
50.6889,169618
50.6935,171237
50.6970,170007
50.7011,169741
50.7052,170630
50.7098,169978
50.7134,171463
50.7175,170106
50.7216,170529
50.7270,170596
50.7298,170186
50.7338,171225
50.7379,169782
50.7425,170654
50.7466,170595
50.7503,169745
50.7543,170609
50.7544,169880
50.7588,170526
50.7626,170548
50.7666,169726
50.7707,171598
50.7753,169719
50.7791,170844
50.7831,170427
50.7872,170069
50.7922,171640
50.7956,169947
50.7994,170379
50.8035,170484
50.8103,170372
50.8119,171267
50.8158,170137
50.8199,170174
50.8259,170459
50.8281,170475
50.8322,171232
50.8362,170813
50.8419,170403
50.8449,170630
50.8486,170839
50.8526,171403
50.8567,170121
50.8614,170255
50.8649,170479
50.8690,170768
50.8732,171083
50.8773,170667
50.8816,170374
50.8816,170772
50.8855,170103
50.8895,170915
50.8942,170431
50.8978,170190
50.9018,170750
50.9059,170360
50.9102,170994
50.9141,170757
50.9182,170611
50.9222,170572
50.9269,170659
50.9304,170474
50.9347,170172
50.9387,170527
50.9435,170926
50.9472,170184
50.9510,170707
50.9550,170400
50.9597,170559
50.9638,170395
50.9674,170269
50.9714,170498
50.9761,169970
50.9801,170492
50.9838,170642
50.9878,170633
50.9922,169953
50.9971,170239
51.0002,170209
51.0043,170154
51.0086,170796
51.0090,169868
51.0124,170375
51.0164,170363
51.0205,170028
51.0260,170233
51.0288,170022
51.0328,171171
51.0369,169982
51.0420,170536
51.0461,170539
51.0498,170016
51.0533,170573
51.0575,170382
51.0621,170744
51.0656,170750
51.0697,169890
51.0738,171104
51.0782,170274
51.0820,170287
51.0861,170558
51.0905,170209
51.0945,170853
51.0984,170694
51.1025,170531
51.1066,170676
51.1116,170000
51.1149,170925
51.1190,170495
51.1230,170835
51.1277,170494
51.1313,170037
51.1354,171456
51.1355,170081
51.1395,170606
51.1436,170647
51.1476,169641
51.1516,171619
51.1558,169854
51.1605,170785
51.1642,171062
51.1681,170257
51.1722,171458
51.1766,169955
51.1811,170220
51.1844,170605
51.1887,169917
51.1928,171764
51.1968,170111
51.2008,170786
51.2049,170424
51.2094,170283
51.2131,171126
51.2177,170736
51.2213,170800
51.2259,170603
51.2295,170296
51.2335,171535
51.2377,170409
51.2418,170241
51.2462,170292
51.2504,170456
51.2541,171657
51.2595,170140
51.2623,170676
51.2624,170196
51.2663,170280
51.2704,171226
51.2763,170300
51.2786,170839
51.2827,170437
51.2868,170392
51.2914,171249
51.2952,170238
51.2992,170602
51.3032,170083
51.3091,170493
51.3118,171174
51.3158,170586
51.3196,170423
51.3259,170195
51.3278,170229
51.3318,171641
51.3360,169956
51.3401,171131
51.3443,170116
51.3487,170360
51.3523,171129
51.3565,170239
51.3607,170871
51.3647,170584
51.3687,170789
51.3728,171133
51.3774,169728
51.3810,170570
51.3853,170314
51.3897,170158
51.3897,170740
51.3945,169761
51.3974,170805
51.4015,171140
51.4057,170455
51.4102,171060
51.4138,170064
51.4179,170697
51.4220,170996
51.4263,170230
51.4305,170858
51.4342,170393
51.4384,170369
51.4427,170963
51.4467,170660
51.4509,171020
51.4547,170553
51.4596,170322
51.4637,170248
51.4671,170576
51.4711,170915
51.4758,170382
51.4794,170798
51.4834,170574
51.4875,170517
51.4931,170549
51.4958,170145
51.4998,169897
51.5039,170383
51.5086,170832
51.5122,170228
51.5165,171049
51.5203,170280
51.5204,170290
51.5253,170028
51.5286,170462
51.5327,170879
51.5367,170510
51.5417,170243
51.5449,170424
51.5490,170748
51.5531,170648
51.5590,170817
51.5615,170360
51.5653,170672
51.5694,170013
51.5750,170844
51.5781,170265
51.5817,171078
51.5858,170654
51.5899,170599
51.5945,171078
51.5981,170626
51.6022,170226
51.6063,170359
51.6110,170225
51.6145,170888
51.6186,170308
51.6227,170700
51.6276,171206
51.6309,170368
51.6350,171224
51.6393,170890
51.6432,171232
51.6473,170702
51.6474,169957
51.6513,171260
51.6554,170127
51.6596,170301
51.6641,170536
51.6677,170001
51.6719,171288
51.6766,170287
51.6806,170433
51.6841,171229
51.6882,170292
51.6926,171435
51.6964,170510
51.7004,170289
51.7046,170920
51.7089,170015
51.7129,171597
51.7169,169941
51.7209,170319
51.7256,170739
51.7297,169812
51.7332,171848
51.7373,170435
51.7425,170635
51.7459,170642
51.7497,170144
51.7537,171615
51.7591,169854
51.7625,170420
51.7662,170730
51.7702,170225
51.7748,171245
51.7755,169842
51.7783,170837
51.7825,170800
51.7866,170648
51.7921,171497
51.7953,170384
51.7988,170242
51.8029,170388
51.8091,170826
51.8112,171558
51.8154,170106
51.8193,170101
51.8234,170548
51.8277,170087
51.8316,170835
51.8356,170153
51.8397,170781
51.8442,170803
51.8490,170000
51.8520,171506
51.8562,170057
51.8605,170881
51.8651,170786
51.8684,170788
51.8725,171652
51.8770,170245
51.8815,169985
51.8849,170577
51.8889,170566
51.8930,171587
51.8974,169939
51.9015,170127
51.9016,170569
51.9053,170450
51.9099,171503
51.9134,169853
51.9175,170308
51.9219,171005
51.9265,170330
51.9299,171053
51.9339,170276
51.9381,170697
51.9424,170814
51.9462,170292
51.9503,170563
51.9544,170623
51.9593,170534
51.9626,170110
51.9667,170805
51.9708,170879
51.9755,170285
51.9791,170704
51.9832,170667
51.9873,170206
51.9918,170655
51.9954,171018
51.9995,170839
52.0036,170671
52.0092,170537
52.0120,170469
52.0159,170762
52.0200,170953
52.0252,170958
52.0282,170887
52.0282,170105
52.0322,170727
52.0363,170420
52.0422,170596
52.0449,170151
52.0488,170493
52.0527,170614
52.0571,170522
52.0614,170468
52.0650,170434
52.0691,171009
52.0753,170450
52.0779,170502
52.0814,171061
52.0855,170036
52.0916,170434
52.0946,170712
52.0978,171254
52.1019,170564
52.1060,170623
52.1110,169996
52.1143,170900
52.1183,170400
52.1225,170938
52.1266,170389
52.1311,169561
52.1347,170386
52.1389,170948
52.1436,170238
52.1469,170381
52.1512,170366
52.1553,170436
52.1554,170269
52.1602,170606
52.1637,170997
52.1674,170104
52.1716,170961
52.1766,170052
52.1807,170437
52.1838,170134
52.1879,169788
52.1925,171352
52.1961,169943
52.2002,170452
52.2043,170307
52.2093,169625
52.2133,171525
52.2167,170459
52.2207,170676
52.2253,170926
52.2289,170214
52.2329,172024
52.2370,170528
52.2418,170473
52.2458,170607
52.2493,169763
52.2534,171371
52.2578,170675
52.2624,170639
52.2658,170797
52.2698,169983
52.2751,171571
52.2783,170082
52.2823,170484
52.2823,170605
52.2862,169427
52.2918,171263
52.2950,170059
52.2985,170361
52.3026,170445
52.3078,169952
52.3108,171461
52.3148,169899
52.3189,170707
52.3248,169960
52.3275,169739
52.3313,171593
52.3354,170077
52.3395,170474
52.3435,170559
52.3476,170559
52.3517,171742
52.3559,169939
52.3604,170643
52.3640,170581
52.3682,170430
52.3722,171363
52.3769,170048
52.3804,170937
52.3845,170489
52.3886,169554
52.3932,171299
52.3968,170321
52.4009,170354
52.4051,170497
52.4093,170776
52.4093,171351
52.4132,170365
52.4172,170505
52.4213,170317
52.4258,170514
52.4297,171022
52.4337,169842
52.4377,170470
52.4420,170544
52.4459,170784
52.4500,171430
52.4542,170579
52.4586,170401
52.4623,170605
52.4664,170419
52.4705,171552
52.4750,170173
52.4788,170880
52.4828,170783
52.4869,170454
52.4915,171316
52.4951,170213
52.4992,170641
52.5033,171088
52.5084,170227
52.5117,170769
52.5156,170410
52.5196,170298
52.5254,170896
52.5279,170544
52.5321,170836
52.5362,170526
52.5362,170432
52.5413,170359
52.5454,171036
52.5483,170468
52.5524,170639
52.5583,171088
52.5610,170188
52.5648,170253
52.5688,170932
52.5746,170621
52.5779,170572
52.5813,170639
52.5853,170664
52.5908,170372
52.5940,170648
52.5976,169994
52.6016,170385
52.6057,170513
52.6101,170513
52.6141,170621
52.6179,170568
52.6221,170127
52.6265,170466
52.6309,170694
52.6343,170833
52.6384,170517
52.6428,170188
52.6468,170727
52.6507,170125
52.6549,170205
52.6590,170524
52.6631,170644
52.6632,170581
52.6671,169990
52.6713,170755
52.6759,170584
52.6795,171067
52.6836,170982
52.6876,170230
52.6924,170917
52.6958,170448
52.6999,170517
52.7040,170927
52.7084,169661
52.7122,171378
52.7162,170587
52.7203,170707
52.7261,170824
52.7286,170090
52.7326,171026
52.7367,170389
52.7429,170396
52.7451,170934
52.7490,170048
52.7532,171655
52.7594,170005
52.7620,170217
52.7654,170614
52.7695,169646
52.7758,171831
52.7781,170478
52.7818,170436
52.7860,170445
52.7910,169917
52.7942,171267
52.7943,170030
52.7982,170519
52.8023,170081
52.8083,170253
52.8109,171593
52.8147,170084
52.8187,170656
52.8253,170510
52.8270,170100
52.8310,172095
52.8350,169733
52.8392,170418
52.8434,170570
52.8474,170166
52.8514,171211
52.8556,169887
52.8598,170087
52.8637,170563
52.8678,170091
52.8719,171656
52.8762,169788
52.8801,170748
52.8842,170459
52.8884,170597
52.8925,170890
52.8966,170031
52.9007,170407
52.9047,170670
52.9092,170355
52.9130,171179
52.9171,170697
52.9210,170403
52.9211,170768
52.9261,170745
52.9293,170793
52.9334,170537
52.9374,170000
52.9420,170526
52.9456,170030
52.9497,171063
52.9538,169767
52.9585,170941
52.9622,170538
52.9661,170141
52.9702,171142
52.9744,169941
52.9788,170027
52.9825,170675
52.9866,170200
52.9926,171289
52.9953,169881
52.9990,171049
53.0030,170777
53.0079,170153
53.0117,170791
53.0152,170489
53.0193,170270
53.0251,171108
53.0283,170653
53.0316,170737
53.0357,170109
53.0415,170841
53.0442,170693
53.0482,170706
53.0483,171309
53.0522,171008
53.0582,170765
53.0609,170379
53.0644,170648
53.0685,170520
53.0727,170192
53.0769,170329
53.0808,170249
53.0849,170605
53.0917,170424
53.0935,170613
53.0972,170372
53.1012,170417
53.1054,170386
53.1098,170653
53.1135,170504
53.1176,170168
53.1218,171033
53.1260,170345
53.1300,170203
53.1340,170377
53.1383,170220
53.1429,170470
53.1463,170915
53.1504,170516
53.1546,170764
53.1597,171119
53.1631,170396
53.1669,170434
53.1709,170426
53.1753,170385
53.1760,170887
53.1791,170808
53.1832,170304
53.1874,170106
53.1919,170716
53.1956,170141
53.1996,170387
53.2037,170382
53.2083,170361
53.2119,171293
53.2159,170785
53.2200,170114
53.2247,170283
53.2282,169720
53.2323,170903
53.2364,169743
53.2415,169819
53.2446,170754
53.2487,169557
53.2529,170926
53.2577,170438
53.2610,170193
53.2651,170257
53.2692,169525
53.2748,171352
53.2778,170645
53.2817,171225
53.2856,170421
53.2919,169862
53.2939,171634
53.2981,170636
53.3022,170431
53.3023,170418
53.3080,169995
53.3104,171110
53.3142,170547
53.3183,170246
53.3225,170281
53.3266,169989
53.3310,170746
53.3347,169991
53.3404,170056
53.3434,170655
53.3472,169634
53.3513,171761
53.3552,170229
53.3595,169643
53.3634,170209
53.3675,169291
53.3716,171407
53.3760,170009
53.3799,170584
53.3839,170553
53.3880,169760
53.3927,171420
53.3968,170158
53.4003,170537
53.4044,170446
53.4090,170026
53.4132,171548
53.4167,169631
53.4208,170305
53.4250,170470
53.4293,170291
53.4293,171743
53.4331,170047
53.4372,170548
53.4420,170812
53.4453,170071
53.4494,171039
53.4535,170133
53.4577,170077
53.4618,170126
53.4659,170311
53.4700,170997
53.4754,169926
53.4782,170183
53.4822,170215
53.4862,170298
53.4913,171010
53.4945,170362
53.4986,170764
53.5027,170177
53.5090,170048
53.5115,170875
53.5149,169915
53.5190,170504
53.5256,170184
53.5276,170570
53.5315,170731
53.5355,170423
53.5415,170352
53.5440,170353
53.5481,170175
53.5519,170716
53.5565,170453
53.5575,170070
53.5606,170311
53.5642,170296
53.5684,170507
53.5723,170397
53.5769,170407
53.5810,170262
53.5846,170487
53.5902,170765
53.5931,170446
53.5970,170549
53.6011,170242
53.6051,170625
53.6093,170844
53.6136,170212
53.6173,170344
53.6216,171068
53.6258,170132
53.6300,170540
53.6339,170764
53.6380,170464
53.6422,170585
53.6464,170000
53.6502,170462
53.6542,170144
53.6584,170361
53.6624,170668
53.6665,170525
53.6707,170526
53.6755,170881
53.6790,170140
53.6830,171036
53.6831,170226
53.6870,169922
53.6916,170320
53.6958,170486
53.6994,170549
53.7034,170181
53.7076,170067
53.7116,170675
53.7156,170861
53.7197,170499
53.7242,169710
53.7279,170187
53.7326,170367
53.7363,170122
53.7417,170155
53.7443,169958
53.7484,169761
53.7525,170677
53.7575,170472
53.7608,171056
53.7648,170065
53.7689,169737
53.7735,170719
53.7775,170456
53.7813,170155
53.7853,170362
53.7905,169248
53.7941,171404
53.7980,170285
53.8016,170881
53.8069,170360
53.8100,170375
53.8101,170696
53.8139,170310
53.8180,170385
53.8245,170795
53.8266,169398
53.8303,171826
53.8344,170019
53.8386,170350
53.8427,170318
53.8472,170054
53.8509,171154
53.8551,170247
53.8592,170862
53.8639,170499
53.8673,169910
53.8714,171612
53.8759,170105
53.8795,170388
53.8836,170449
53.8877,169738
53.8925,171448
53.8967,170424
53.9001,170022
53.9041,170194
53.9085,169423
53.9123,170931
53.9164,170073
53.9205,170394
53.9251,170245
53.9286,169708
53.9329,171470
53.9369,169771
53.9409,170506
53.9416,169942
53.9450,169817
53.9492,171165
53.9532,169790
53.9576,170153
53.9617,170395
53.9659,170254
53.9696,171092
53.9741,169793
53.9779,170528
53.9819,170747
53.9860,170253
53.9909,171408
53.9944,169543
53.9992,170505
54.0024,170961
54.0066,169793
54.0106,171062
54.0146,170418
54.0187,170653
54.0253,170594
54.0270,170287
54.0310,170533
54.0352,170005
54.0401,170290
54.0442,170288
54.0474,170284
54.0515,171116
54.0558,169934
54.0603,170096
54.0639,170538
54.0680,170028
54.0681,170895
54.0737,170744
54.0769,170397
54.0803,170160
54.0843,170338
54.0884,170378
54.0929,170562
54.0966,170517
54.1007,170404
54.1047,169822
54.1096,170606
54.1129,169896
54.1170,170006
54.1213,170564
54.1258,170373
54.1293,170767
54.1334,170138
54.1375,170239
54.1424,170642
54.1457,170496
54.1498,170380
54.1540,170591
54.1582,170155
54.1621,170491
54.1662,170472
54.1703,170819
54.1752,170160
54.1786,170159
54.1826,170739
54.1867,170550
54.1909,170566
54.1949,170034
54.1950,170842
54.1990,170361
54.2031,169993
54.2078,170594
54.2120,170820
54.2155,170350
54.2194,170364
54.2240,170622
54.2277,170411
54.2318,170537
54.2358,170531
54.2405,170262
54.2441,170480
54.2489,170165
54.2525,170490
54.2568,169973
54.2604,171031
54.2645,170437
54.2686,170443
54.2739,171056
54.2773,170777
54.2812,170668
54.2850,170335
54.2900,169750
54.2938,171264
54.2973,170970
54.3014,170001
54.3065,170415
54.3100,170177
54.3138,171203
54.3179,170808
54.3236,170885
54.3241,170795
54.3261,170447
54.3300,171871
54.3342,170992
54.3383,170536
54.3425,170208
54.3464,170407
54.3505,171384
54.3547,170559
54.3588,170274
54.3629,170309
54.3670,169983
54.3710,171264
54.3761,170808
54.3792,170960
54.3833,171142
54.3874,169705
54.3919,171210
54.3956,170021
54.3997,170197
54.4038,170717
54.4082,169709
54.4121,171086
54.4164,169676
54.4202,170486
54.4252,170614
54.4285,169704
54.4324,171672
54.4366,170323
54.4414,170249
54.4449,170562
54.4489,169725
54.4490,171223
54.4529,170213
54.4581,170614
54.4614,170646
54.4653,170386
54.4693,171129
54.4742,169780
54.4778,170277
54.4816,170442
54.4857,169751
54.4902,171588
54.4939,169889
54.4980,169952
54.5022,170516
54.5065,169553
54.5107,171018
54.5145,169864
54.5184,170870
54.5239,170866
54.5278,169663
54.5307,171101
54.5348,169527
54.5412,170316
54.5440,169833
54.5472,170374
54.5512,170996
54.5582,169812
54.5600,170325
54.5641,170162
54.5676,170446
54.5733,171032
54.5761,170233
54.5765,170183
54.5799,170046
54.5839,170152
54.5881,171129
54.5924,169917
54.5963,170600
54.6003,170244
54.6044,169492
54.6091,170351
54.6128,170331
54.6168,170473
54.6208,170534
54.6251,169851
54.6292,170368
54.6332,170229
54.6373,170100
54.6414,170028
54.6456,169834
54.6498,170161
54.6537,170271
54.6582,169862
54.6621,170424
54.6659,170100
54.6700,170934
54.6742,170498
54.6790,170507
54.6823,170155
54.6864,170503
54.6909,170700
54.6948,169856
54.6989,170039
54.7030,170301
54.7030,170086
54.7072,169913
54.7112,170646
54.7154,170094
54.7192,170772
54.7245,170396
54.7277,169920
54.7316,170497
54.7357,169841
54.7402,170431
54.7442,170224
54.7479,169733
54.7519,170424
54.7566,170246
54.7601,170262
54.7642,170537
54.7683,170308
54.7734,170358
54.7767,170497
54.7807,170796
54.7847,170494
54.7910,170107
54.7929,170677
54.7970,170004
54.8010,170659
54.8076,169855
54.8095,169550
54.8133,170387
54.8174,170329
54.8236,170428
54.8261,170655
54.8299,169416
54.8339,170845
54.8340,170662
54.8389,170446
54.8423,170418
54.8462,169776
54.8502,170644
54.8544,170298
54.8585,170898
54.8626,170372
54.8666,169275
54.8708,170675
54.8757,170468
54.8791,170155
54.8831,169501
54.8872,169588
54.8914,171014
54.8957,170572
54.8994,170654
54.9035,170690
54.9076,169404
54.9117,170765
54.9157,169631
54.9199,170598
54.9241,170566
54.9281,169803
54.9321,170928
54.9364,169595
54.9409,169880
54.9444,170876
54.9485,169751
54.9527,170957
54.9571,169668
54.9609,170441
54.9610,170171
54.9649,170255
54.9690,171256
54.9744,169671
54.9773,171058
54.9813,170633
54.9854,169742
54.9909,170649
54.9937,169885
54.9976,170177
55.0018,170540
55.0068,169961
55.0100,170821
55.0140,169527
55.0182,170683
55.0235,170558
55.0264,170047
55.0304,171492
55.0345,169801
55.0395,170882
55.0429,170326
55.0468,170466
55.0509,170757
55.0565,169799
55.0593,170144
55.0632,170740
55.0673,169854
55.0726,171124
55.0756,170146
55.0797,170391
55.0837,169795
55.0878,170034
55.0879,170943
55.0925,169974
55.0960,170350
55.1000,170015
55.1058,169905
55.1085,171303
55.1123,169789
55.1164,170390
55.1206,170994
55.1253,170562
55.1287,170906
55.1328,169779
55.1370,170556
55.1412,170235
55.1452,170361
55.1492,170680
55.1534,170486
55.1580,170759
55.1615,170413
55.1656,170738
55.1697,170869
55.1740,170557
55.1779,170269
55.1820,170455
55.1861,170883
55.1908,171099
55.1943,170266
55.1983,170533
55.2025,170284
55.2070,170025
55.2108,170719
55.2147,170563
55.2148,170136
55.2188,170841
55.2236,170408
55.2271,170421
55.2312,170556
55.2352,170404
55.2397,170373
55.2443,170510
55.2479,170131
55.2517,170087
55.2572,170495
55.2604,170620
55.2639,170067
55.2680,170016
55.2737,170684
55.2762,170781
55.2802,170604
55.2843,170938
55.2899,170715
55.2929,170509
55.2968,170044
55.3008,170584
55.3067,170601
55.3091,170147
55.3130,170695
55.3172,170444
55.3226,170851
55.3260,170965
55.3295,170678
55.3337,170721
55.3377,170790
55.3418,170582
55.3419,170458
55.3458,169192
55.3499,170543
55.3540,170356
55.3586,170664
55.3622,170007
55.3663,169693
55.3705,171493
55.3751,170455
55.3786,170241
55.3827,170694
55.3868,170274
55.3911,171322
55.3950,170443
55.3990,170895
55.4032,170883
55.4075,170044
55.4113,171065
55.4154,170696
55.4196,170212
55.4239,170432
55.4277,169846
55.4318,171445
55.4359,170869
55.4405,170446
55.4442,170023
55.4482,170158
55.4523,171544
55.4570,170315
55.4605,170565
55.4648,170482
55.4687,169859
55.4687,171793
55.4734,170598
55.4769,170927
55.4810,170372
55.4850,169788
55.4905,171403
55.4932,170417
55.4973,170452
55.5014,170816
55.5067,170293
55.5096,170972
55.5137,169916
55.5178,170496
55.5232,170841
55.5263,169571
55.5302,171768
55.5342,169644
55.5391,170188
55.5431,171258
55.5465,170499
55.5506,171230
55.5558,169761
55.5596,170204
55.5630,170956
55.5671,170395
55.5728,171174
55.5754,170154
55.5792,170286
55.5834,171122
55.5875,170050
55.5918,171733
55.5958,170481
55.5958,170773
55.5997,170167
55.6038,169743
55.6084,171538
55.6126,170524
55.6162,170565
55.6202,170584
55.6249,170424
55.6289,171006
55.6325,170113
55.6366,170587
55.6414,170578
55.6453,170199
55.6490,170998
55.6530,170293
55.6577,171022
55.6616,170889
55.6657,169839
55.6694,170682
55.6739,170238
55.6776,170774
55.6816,170799
55.6858,170497
55.6914,170596
55.6940,170211
55.6980,170258
55.7022,170619
55.7065,170492
55.7103,170810
55.7144,170312
55.7186,170317
55.7231,170557
55.7246,170962
55.7268,170595
55.7308,170503
55.7349,170328
55.7400,170626
55.7432,170421
55.7472,170696
55.7513,170606
55.7561,170686
55.7595,171033
55.7636,170390
55.7677,170397
55.7723,170247
55.7759,170306
55.7799,170793
55.7840,169990
55.7897,170045
55.7924,170244
55.7963,170124
55.8004,170611
55.8056,170295
55.8087,170240
55.8128,170353
55.8168,170710
55.8230,170408
55.8253,170022
55.8292,170662
55.8332,170792
55.8391,170182
55.8420,170464
55.8457,170098
55.8497,169818
55.8537,170278
55.8538,170890
55.8585,170294
55.8619,170238
55.8660,169744
55.8701,170237
55.8749,170453
55.8783,170226
55.8824,170372
55.8865,170513
55.8909,170637
55.8948,170565
55.8988,170739
55.9029,170889
55.9071,170119
55.9110,170744
55.9152,171140
55.9192,170687
55.9241,170933
55.9276,169894
55.9315,171252
55.9357,170774
55.9397,170992
55.9447,171570
55.9479,170111
55.9520,171145
55.9564,170466
55.9609,170332
55.9646,170224
55.9684,169935
55.9728,171018
55.9767,170152
55.9813,170710
55.9813,170538
55.9848,169658
55.9896,171187
55.9935,170435
55.9974,170667
56.0012,171073
56.0062,170048
56.0093,171103
56.0135,169907
56.0177,170486
56.0224,170381
56.0257,169394
56.0298,171195
56.0340,170244
56.0393,170332
56.0426,170214
56.0462,170036
56.0503,171126
56.0563,169914
56.0587,170547
56.0635,170255
56.0667,169922
56.0727,171281
56.0754,170812
56.0789,170651
56.0831,170595
56.0872,170015
56.0917,171703
56.0955,170136
56.0996,170542
56.1036,170296
56.1076,170108
56.1077,170932
56.1117,169818
56.1158,170645
56.1199,170652
56.1247,170137
56.1282,170956
56.1322,170101
56.1363,170417
56.1411,170545
56.1445,170009
56.1486,171222
56.1527,169846
56.1574,170534
56.1609,170741
56.1650,170133
56.1691,170981
56.1733,170099
56.1773,170378
56.1814,170444
56.1855,170257
56.1901,171224
56.1936,170375
56.1977,170268
56.2018,170339
56.2060,170932
56.2100,170693
56.2142,170573
56.2182,170717
56.2229,170834
56.2265,170738
56.2307,170702
56.2346,170329
56.2347,170537
56.2387,170864
56.2429,170666
56.2470,171039
56.2510,170534
56.2555,170296
56.2594,170714
56.2633,170308
56.2674,170291
56.2726,170244
56.2762,170895
56.2798,170740
56.2838,170245
56.2890,170771
56.2921,170905
56.2960,170474
56.3002,170401
56.3060,170319
56.3088,170099
56.3125,170847
56.3166,170417
56.3227,170669
56.3252,171079
56.3289,170681
56.3330,170686
56.3370,170268
56.3418,170997
56.3453,170904
56.3493,170660
56.3550,170408
56.3575,170425
56.3617,170380
56.3618,170667
56.3657,170323
56.3698,170880
56.3740,170628
56.3785,170805
56.3822,170399
56.3862,169947
56.3910,171155
56.3943,170468
56.3984,171139
56.4026,170671
56.4075,170252
56.4111,171184
56.4148,170556
56.4190,170538
56.4233,170275
56.4272,170273
56.4312,171188
56.4353,170454
56.4401,170503
56.4435,170232
56.4476,169980
56.4517,171234
56.4564,170126
56.4600,170422
56.4640,171011
56.4681,169813
56.4735,171455
56.4763,170824
56.4804,170282
56.4845,170209
56.4887,170091
56.4888,171194
56.4927,170439
56.4967,170066
56.5008,170444
56.5068,170175
56.5090,171527
56.5131,170680
56.5172,170604
56.5238,170944
56.5256,169948
56.5295,171872
56.5336,170135
56.5383,170766
56.5421,171035
56.5459,169830
56.5500,172515
56.5557,171214
56.5586,171023
56.5623,170247
56.5664,170188
56.5705,171328
56.5747,170295
56.5787,170726
56.5828,170187
56.5869,170639
56.5910,171878
56.5951,170125
56.5991,170871
56.6033,170639
56.6075,169882
56.6116,171990
56.6156,170150
56.6157,170666
56.6197,170424
56.6248,169970
56.6278,171593
56.6319,170162
56.6361,170838
56.6402,170462
56.6442,169779
56.6483,171421
56.6524,169634
56.6568,170731
56.6606,170636
56.6647,170690
56.6688,170816
56.6730,169977
56.6769,170987
56.6811,170735
56.6852,170641
56.6901,171318
56.6934,170362
56.6975,170823
56.7015,170126
56.7058,170618
56.7098,170822
56.7138,169822
56.7179,170722
56.7227,170963
56.7262,170387
56.7302,170803
56.7343,170265
56.7390,170735
56.7426,170678
56.7427,170353
56.7466,170925
56.7507,170233
56.7554,170586
56.7589,170630
56.7630,170712
56.7670,171423
56.7724,170286
56.7753,170379
56.7795,170667
56.7835,170650
56.7890,171073
56.7920,170640
56.7958,170579
56.7999,170307
56.8039,170774
56.8083,170549
56.8122,170786
56.8162,170590
56.8217,170119
56.8252,170255
56.8285,170695
56.8326,169998
56.8368,170529
56.8414,170437
56.8449,170495
56.8490,170326
56.8531,170652
56.8577,170516
56.8613,170348
56.8655,170365
56.8695,169983
56.8735,170102
56.8736,170132
56.8777,170199
56.8818,170478
56.8859,170461
56.8905,170422
56.8942,170384
56.8982,170813
56.9023,170512
56.9070,170926
56.9104,170291
56.9145,170046
56.9186,170487
56.9233,170254
56.9268,169997
56.9309,170260
56.9350,170335
56.9393,170530
56.9433,170553
56.9473,169822
56.9514,170551
56.9555,170653
56.9597,170058
56.9637,170292
56.9677,169919
56.9727,170703
56.9761,170702
56.9801,170377
56.9841,170473
56.9889,169527
56.9924,170743
56.9966,170494
57.0006,170444
57.0007,170441
57.0053,169668
57.0091,171058
57.0128,170208
57.0169,171022
57.0228,170495
57.0255,169764
57.0292,171482
57.0333,170488
57.0393,170730
57.0416,170638
57.0456,169525
57.0497,170313
57.0552,169735
57.0582,170547
57.0620,170245
57.0661,169844
57.0717,170867
57.0746,169964
57.0783,170624
57.0825,171043
57.0867,169749
57.0909,171167
57.0947,170405
57.0988,170528
57.1030,170005
57.1072,169782
57.1112,171148
57.1152,170358
57.1194,170293
57.1235,170614
57.1276,170081
57.1277,170881
57.1316,170721
57.1358,170443
57.1401,170044
57.1447,170213
57.1481,170871
57.1521,169838
57.1562,170083
57.1604,170488
57.1644,170003
57.1685,170493
57.1730,170180
57.1771,170582
57.1808,170259
57.1850,169775
57.1895,170901
57.1936,170576
57.1974,170583
57.2012,170810
57.2054,170106
57.2095,171285
57.2136,170526
57.2180,170697
57.2221,170311
57.2259,169777
57.2299,171042
57.2340,169631
57.2394,170150
57.2422,170749
57.2466,170151
57.2505,170801
57.2547,169599
57.2553,170380
57.2588,170253
57.2627,170072
57.2668,170571
57.2720,169934
57.2753,170249
57.2790,170016
57.2831,170441
57.2885,170496
57.2924,170848
57.2954,171149
57.2995,170884
57.3054,170874
57.3083,170661
57.3119,170474
57.3159,170221
57.3215,170353
57.3246,170037
57.3282,170771
57.3323,170102
57.3395,169753
57.3405,170479
57.3446,170499
57.3487,170713
57.3528,170435
57.3570,170604
57.3610,170638
57.3650,170304
57.3691,170853
57.3738,170841
57.3774,170323
57.3816,170772
57.3817,169834
57.3857,170312
57.3900,170483
57.3939,170732
57.3979,170160
57.4020,170884
57.4063,170065
57.4103,170578
57.4142,170285
57.4183,170305
57.4227,170754
57.4266,170245
57.4307,169808
57.4348,170774
57.4398,170878
57.4430,170530
57.4471,170218
57.4511,170298
57.4553,170331
57.4594,170489
57.4634,170325
57.4675,169621
57.4719,170701
57.4756,170190
57.4798,170520
57.4838,170584
57.4885,169933
57.4922,170929
57.4962,170180
57.5003,170939
57.5045,170821
57.5086,169856
57.5087,170357
57.5125,170024
57.5173,170484
57.5220,170414
57.5252,169706
57.5289,170908
57.5330,170335
57.5380,170261
57.5416,170567
57.5453,169648
57.5494,170947
57.5546,170142
57.5580,170554
57.5617,170584
57.5658,169406
57.5715,171157
57.5742,170097
57.5781,171106
57.5821,170334
57.5880,169619
57.5907,171856
57.5944,170397
57.5985,169794
57.6027,170459
57.6077,170041
57.6108,171262
57.6149,170244
57.6191,170554
57.6239,170171
57.6273,169110
57.6314,171667
57.6355,170130
57.6356,170562
57.6404,170551
57.6436,170074
57.6477,171810
57.6518,169602
57.6566,169678
57.6601,170040
57.6641,169534
57.6683,171310
57.6732,170196
57.6763,170297
57.6804,170454
57.6846,170414
57.6888,170906
57.6927,170245
57.6968,170428
57.7009,170350
57.7056,170340
57.7093,171099
57.7132,170279
57.7173,170435
57.7218,170524
57.7256,170010
57.7296,171099
57.7337,170404
57.7383,170193
57.7419,169961
57.7461,170359
57.7503,171059
57.7555,170520
57.7583,170724
57.7624,170304
57.7625,170181
57.7665,170983
57.7712,169845
57.7748,170248
57.7788,170671
57.7828,170531
57.7884,171199
57.7915,170285
57.7952,170309
57.7992,169743
57.8058,169725
57.8078,171502
57.8115,169965
57.8156,170317
57.8218,170603
57.8239,170077
57.8279,170961
57.8320,170509
57.8362,170473
57.8403,170397
57.8445,170742
57.8484,170737
57.8525,169896
57.8566,170426
57.8607,170540
57.8648,170394
57.8689,170527
57.8730,170091
57.8771,170398
57.8813,170809
57.8855,169657
57.8895,170263
57.8936,170453
57.8937,170667
57.8976,171190
57.9018,170736
57.9057,170623
57.9099,169887
57.9140,170560
57.9181,170859
57.9222,170275
57.9263,170074
57.9304,170391
57.9344,170616
57.9385,170330
57.9426,170481
57.9468,170968
57.9508,171148
57.9550,170684
57.9591,170787
57.9632,170404
57.9672,169885
57.9713,170136
57.9754,170535
57.9795,170678
57.9835,170403
57.9877,170141
57.9918,170743
57.9959,170469
58.0000,170313
58.0041,170304
58.0082,170634
58.0124,169986
58.0166,170792
58.0206,170391
58.0207,170616
58.0246,169691
58.0286,170690
58.0327,170665
58.0368,170844
58.0409,170299
58.0450,169231
58.0492,170757
58.0533,170370
58.0574,170327
58.0616,170436
58.0655,170080
58.0696,170815
58.0737,170548
58.0778,170554
58.0819,170361
58.0860,169886
58.0901,171163
58.0943,170394
58.0983,170193
58.1024,170846
58.1064,169619
58.1105,171016
58.1146,170585
58.1187,170116
58.1229,170675
58.1270,169422
58.1311,171281
58.1352,170712
58.1395,170774
58.1435,170916
58.1476,169611
58.1476,171759
58.1516,170178
58.1555,170483
58.1598,170184
58.1638,170035
58.1679,170969
58.1720,170486
58.1761,170583
58.1802,170799
58.1847,170301
58.1884,171062
58.1925,169807
58.1967,170439
58.2007,170763
58.2048,170455
58.2089,171457
58.2130,170538
58.2171,170506
58.2212,170842
58.2253,169884
58.2293,171133
58.2335,170492
58.2375,170655
58.2416,171157
58.2457,170243
58.2498,171390
58.2540,169969
58.2581,170271
58.2621,170745
58.2662,170210
58.2705,171259
58.2746,169855
58.2747,170723
58.2785,170631
58.2826,170120
58.2867,170470
58.2908,169941
58.2949,170291
58.2990,170393
58.3030,170245
58.3072,171808
58.3113,169969
58.3154,170583
58.3195,170860
58.3236,170087
58.3277,171115
58.3318,170290
58.3359,170920
58.3398,170315
58.3441,170223
58.3482,170483
58.3523,170055
58.3564,170369
58.3605,171111
58.3646,170366
58.3687,171259
58.3727,169772
58.3768,170151
58.3809,170876
58.3850,170493
58.3891,170430
58.3932,170354
58.3974,170699
58.4015,170537
58.4016,170761
58.4055,170452
58.4096,170679
58.4137,170053
58.4178,170308
58.4220,170584
58.4261,170959
58.4301,170383
58.4342,170803
58.4383,171053
58.4424,170508
58.4465,170547
58.4505,170477
58.4547,170219
58.4588,170212
58.4629,170426
58.4669,170593
58.4710,170242
58.4752,170758
58.4793,169992
58.4832,170338
58.4874,170299
58.4915,170237
58.4956,170375
58.4996,170477
58.5038,170176
58.5079,169919
58.5120,170152
58.5161,170217
58.5202,169818
58.5245,169867
58.5285,170440
58.5286,171031
58.5325,170318
58.5366,170252
58.5406,169982
58.5447,170076
58.5488,171062
58.5529,170884
58.5571,170100
58.5611,170819
58.5652,169702
58.5693,171266
58.5734,170041
58.5774,169764
58.5816,170407
58.5856,169788
58.5898,171305
58.5939,170281
58.5980,170394
58.6021,170061
58.6062,169899
58.6104,170802
58.6144,170184
58.6184,170350
58.6225,170789
58.6267,169805
58.6308,171703
58.6349,170075
58.6390,170427
58.6431,170661
58.6472,169410
58.6513,171309
58.6555,170500
58.6556,170885
58.6595,170118
58.6636,169617
58.6677,171398
58.6717,170201
58.6758,170822
58.6799,170309
58.6839,169930
58.6881,171601
58.6922,170114
58.6963,170474
58.7004,170262
58.7045,170078
58.7087,171080
58.7127,170270
58.7167,170156
58.7208,170303
58.7249,170229
58.7290,171502
58.7331,169685
58.7373,169909
58.7413,170431
58.7454,170412
58.7495,170787
58.7536,169948
58.7577,170147
58.7618,170442
58.7659,170320
58.7699,171413
58.7741,170206
58.7784,169991
58.7824,170707
58.7825,169594
58.7863,171181
58.7904,169754
58.7945,170202
58.7986,170562
58.8027,170296
58.8068,171104
58.8109,169648
58.8151,170683
58.8192,170153
58.8233,169784
58.8274,170921
58.8315,169974
58.8356,170396
58.8397,170155
58.8437,170322
58.8478,171101
58.8520,170152
58.8561,170498
58.8601,170761
58.8642,169794
58.8683,170803
58.8724,170079
58.8765,170705
58.8806,170631
58.8847,170787
58.8888,170800
58.8929,170063
58.8970,170898
58.9011,170576
58.9054,169901
58.9094,170914
58.9135,170113
58.9136,170008
58.9175,170112
58.9216,170189
58.9257,170896
58.9298,169928
58.9339,170776
58.9380,170643
58.9421,170604
58.9461,171195
58.9503,170471
58.9544,170545
58.9585,170740
58.9625,170034
58.9666,170658
58.9707,170872
58.9748,169986
58.9789,170464
58.9829,170364
58.9871,170496
58.9913,170645
58.9953,170557
58.9993,170268
59.0035,170699
59.0076,171018
59.0116,170525
59.0158,171039
59.0199,171361
59.0239,170523
59.0281,170844
59.0322,170777
59.0364,170651
59.0403,170613
59.0404,170615
59.0445,170111
59.0486,170448
59.0527,170505
59.0566,170621
59.0609,170397
59.0650,170005
59.0690,170242
59.0731,170717
59.0772,170745
59.0812,170403
59.0854,169697
59.0894,170708
59.0935,170618
59.0977,170228
59.1017,170098
59.1058,170125
59.1099,170955
59.1140,170300
59.1181,170680
59.1223,170566
59.1263,169836
59.1305,170943
59.1345,170566
59.1386,170640
59.1428,171083
59.1467,169570
59.1509,171034
59.1550,170630
59.1593,170580
59.1633,170956
59.1672,169758
59.1673,171344
59.1713,170140
59.1755,171374
59.1796,171194
59.1837,170278
59.1881,171385
59.1919,170289
59.1959,170671
59.2001,170719
59.2042,170242
59.2083,171319
59.2124,170228
59.2164,170256
59.2206,170742
59.2246,168987
59.2288,171363
59.2328,170284
59.2370,170438
59.2410,171038
59.2452,170276
59.2492,171673
59.2534,170493
59.2574,170382
59.2615,170681
59.2656,169789
59.2697,171764
59.2737,170426
59.2778,170932
59.2819,170667
59.2862,170323
59.2904,171833
59.2942,170700
59.2943,170099
59.2983,170611
59.3024,170324
59.3065,171106
59.3106,169934
59.3148,170741
59.3188,170521
59.3230,170037
59.3271,171165
59.3311,169853
59.3352,170475
59.3393,170408
59.3433,169931
59.3476,171393
59.3516,170286
59.3557,170726
59.3599,171312
59.3640,170445
59.3680,171136
59.3721,170156
59.3763,170362
59.3802,170325
59.3844,170342
59.3885,171154
59.3925,170490
59.3968,170656
59.4007,170333
59.4048,170518
59.4090,171441
59.4133,170220
59.4173,170703
59.4212,170813
59.4212,170591
59.4254,170864
59.4295,170093
59.4336,170564
59.4377,170418
59.4416,170261
59.4459,170695
59.4498,170391
59.4540,170409
59.4581,170556
59.4622,170152
59.4662,170854
59.4703,170298
59.4744,170725
59.4786,170443
59.4827,170302
59.4867,170606
59.4908,170154
59.4949,170451
59.4990,170713
59.5032,170848
59.5072,170960
59.5113,170370
59.5155,170293
59.5195,170582
59.5236,170736
59.5277,170296
59.5318,170555
59.5359,170594
59.5401,170737
59.5442,170873
59.5482,171003
59.5483,170693
59.5523,170312
59.5564,170697
59.5605,170570
59.5646,170249
59.5687,170136
59.5728,170984
59.5768,170653
59.5809,170755
59.5850,170088
59.5891,170987
59.5933,170670
59.5973,170231
59.6015,170887
59.6055,170190
59.6096,170616
59.6137,170756
59.6178,170777
59.6219,170557
59.6260,170403
59.6301,170796
59.6345,170864
59.6383,170999
59.6424,170321
59.6466,169971
59.6507,170921
59.6548,171170
59.6588,170695
59.6630,169935
59.6670,169888
59.6711,170944
59.6752,170763
59.6753,170517
59.6793,170992
59.6837,169899
59.6875,171295
59.6915,170330
59.6956,170826
59.6997,170705
59.7038,170230
59.7079,171765
59.7120,170370
59.7161,170676
59.7202,170685
59.7243,169853
59.7284,171884
59.7325,170176
59.7366,170481
59.7407,170906
59.7447,169803
59.7488,171486
59.7530,170325
59.7570,170563
59.7612,171243
59.7653,170528
59.7694,171867
59.7734,170800
59.7776,170298
59.7816,171073
59.7858,169919
59.7898,171513
59.7940,170867
59.7980,170648
59.8023,170530
59.8024,169380
59.8062,171628
59.8103,170506
59.8144,170614
59.8185,170735
59.8227,170256
59.8267,171401
59.8308,169624
59.8349,170520
59.8389,170903
59.8431,170219
59.8472,171190
59.8513,170234
59.8561,170875
59.8600,170863
59.8636,169945
59.8680,171240
59.8722,170354
59.8768,170530
59.8799,170580
59.8840,170210
59.8889,171161
59.8922,170332
59.8963,170548
59.9004,170595
59.9051,170656
59.9091,171319
59.9128,170681
59.9168,170517
59.9210,170758
59.9250,170331
59.9292,171077
59.9333,170150
59.9335,170265
59.9373,170897
59.9419,170428
59.9455,171298
59.9496,170454
59.9539,170388
59.9581,170581
59.9627,170764
59.9659,171170
59.9703,170387
59.9747,170393
59.9783,170969
59.9823,170465
59.9868,170991
59.9906,170263
59.9949,170549
59.9989,171214
60.0029,170642
60.0070,170962
60.0117,169844
60.0152,170782
60.0194,170711
60.0233,170097
60.0274,171215
60.0315,170769
60.0356,170408
60.0399,170575
60.0438,170631
60.0479,170716
60.0522,170133
60.0562,170600
60.0603,170467
60.0603,170542
60.0642,170658
60.0685,170614
60.0728,170821
60.0765,170505
60.0806,170677
60.0848,170797
60.0897,170575
60.0935,170410
60.0971,170027
60.1013,170794
60.1053,170392
60.1093,170428
60.1134,170449
60.1175,170953
60.1222,170270
60.1257,169998
60.1297,170597
60.1339,170701
60.1385,170638
60.1421,170695
60.1462,169926
60.1503,170604
60.1552,170280
60.1585,170509
60.1625,170130
60.1668,169856
60.1709,170422
60.1756,170071
60.1791,170420
60.1830,170367
60.1871,169459
60.1872,171306
60.1912,170550
60.1953,170795
60.1994,170640
60.2038,169987
60.2077,171385
60.2117,170589
60.2158,170325
60.2207,170885
60.2240,170237
60.2281,171133
60.2321,170338
60.2366,170697
60.2405,170485
60.2446,169813
60.2486,170846
60.2533,170379
60.2567,170805
60.2608,170594
60.2649,169869
60.2698,171458
60.2733,170394
60.2772,170795
60.2814,170193
60.2856,169929
60.2895,171961
60.2936,170513
60.2977,169748
60.3038,170421
60.3059,170049
60.3101,171513
60.3143,169989
60.3144,169897
60.3196,170590
60.3223,170310
60.3264,171658
60.3305,170139
60.3346,170511
60.3396,170298
60.3428,170202
60.3469,171413
60.3511,170211
60.3555,170520
60.3592,170738
60.3632,170230
60.3674,171532
60.3724,169860
60.3756,170192
60.3796,170475
60.3838,170502
60.3889,171492
60.3929,169988
60.3963,170383
60.4003,170721
60.4042,170287
60.4083,170512
60.4125,170133
60.4166,170560
60.4207,170845
60.4247,170995
60.4289,170956
60.4332,170046
60.4374,170503
60.4413,171209
60.4414,170561
60.4453,171258
60.4493,170131
60.4534,170659
60.4575,170648
60.4616,170727
60.4657,171350
60.4698,170328
60.4739,170667
60.4780,170710
60.4820,170639
60.4862,171400
60.4903,170662
60.4944,170611
60.4984,170259
60.5026,170563
60.5066,171431
60.5108,170534
60.5149,170856
60.5190,170731
60.5231,170307
60.5271,171007
60.5312,170194
60.5353,169844
60.5395,171142
60.5435,170415
60.5479,170719
60.5517,170137
60.5558,170153
60.5599,169919
60.5642,171283
60.5685,170813
60.5685,170904
60.5721,170269
60.5762,170089
60.5803,170569
60.5844,170448
60.5885,170176
60.5926,170005
60.5967,171109
60.6009,170693
60.6049,171022
60.6090,170406
60.6131,170830
60.6172,170733
60.6213,170491
60.6253,170527
60.6295,170577
60.6336,170916
60.6376,170659
60.6417,170521
60.6458,170339
60.6499,171133
60.6540,170665
60.6581,170527
60.6622,170693
60.6663,170012
60.6704,171247
60.6745,169829
60.6786,171061
60.6828,170335
60.6869,170156
60.6912,171068
60.6953,170513
60.6954,170717
60.6991,170120
60.7032,170355
60.7073,171258
60.7114,170550
60.7155,170592
60.7196,170920
60.7237,170316
60.7278,170938
60.7319,170546
60.7360,170325
60.7401,170746
60.7442,169681
60.7482,171258
60.7524,170369
60.7565,170597
60.7606,170530
60.7647,169581
60.7689,170979
60.7729,170747
60.7770,170785
60.7811,170572
60.7852,170091
60.7893,171339
60.7934,170701
60.7975,170374
60.8016,170215
60.8057,169669
60.8098,171571
60.8139,171023
60.8181,171140
60.8223,170664
60.8223,170624
60.8261,171810
60.8302,171063
60.8344,170622
60.8384,170719
60.8426,170018
60.8466,171887
60.8507,170071
60.8548,170502
60.8589,170634
60.8630,170386
60.8671,171477
60.8712,170359
60.8753,170529
60.8793,170704
60.8835,170067
60.8876,171502
60.8917,170212
60.8958,170221
60.8999,170292
60.9040,170417
60.9081,171662
60.9123,169933
60.9163,170407
60.9204,170512
60.9245,169886
60.9285,171248
60.9327,169867
60.9367,170679
60.9408,170340
60.9451,170433
60.9493,171663
60.9533,170295
60.9533,170478
60.9572,170522
60.9613,170073
60.9653,171663
60.9695,170317
60.9736,170943
60.9777,170832
60.9818,170299
60.9859,171820
60.9900,170762
60.9941,170570
60.9981,170193
61.0023,170643
61.0064,170631
61.0104,170198
61.0146,170599
61.0187,170608
61.0228,170105
61.0269,170644
61.0309,170490
61.0351,170464
61.0392,170658
61.0432,170794
61.0473,170999
61.0514,170198
61.0555,170368
61.0596,170317
61.0637,170918
61.0678,170354
61.0721,170158
61.0762,170871
61.0804,170745
61.0806,170343
61.0842,170788
61.0882,170880
61.0923,170777
61.0964,171379
61.1005,170189
61.1046,170330
61.1087,169786
61.1128,170085
61.1169,170491
61.1210,170293
61.1251,170417
61.1291,170262
61.1332,170979
61.1374,170837
61.1414,170684
61.1456,170318
61.1496,170157
61.1537,170515
61.1578,170475
61.1619,170155
61.1660,170413
61.1701,170566
61.1742,170292
61.1784,170124
61.1825,170775
61.1866,170118
61.1907,170691
61.1948,170555
61.1991,170296
61.2033,170215
61.2075,170034
61.2076,170356
61.2112,170440
61.2152,170393
61.2194,170419
61.2234,169646
61.2276,170898
61.2316,170568
61.2357,170585
61.2398,170732
61.2440,170578
61.2479,170348
61.2521,170492
61.2562,170995
61.2603,170974
61.2644,170206
61.2685,170987
61.2726,170709
61.2767,170383
61.2808,170200
61.2849,169504
61.2890,171448
61.2931,170299
61.2972,170654
61.3013,170624
61.3054,170036
61.3095,171109
61.3136,169995
61.3177,170065
61.3218,170824
61.3259,170040
61.3301,170839
61.3343,170603
61.3343,170532
61.3381,170465
61.3422,170086
61.3463,171779
61.3504,169913
61.3545,170611
61.3586,170723
61.3628,169649
61.3667,171834
61.3708,169582
61.3750,170153
61.3790,170629
61.3831,169909
61.3872,171270
61.3913,170069
61.3954,170618
61.3995,170476
61.4036,169442
61.4077,171661
61.4118,170233
61.4159,170595
61.4200,170713
61.4241,170179
61.4282,171737
61.4322,169631
61.4363,170623
61.4406,170905
61.4446,169980
61.4487,171278
61.4528,169629
61.4572,170157
61.4613,170286
61.4613,170239
61.4651,171493
61.4691,170227
61.4732,170669
61.4773,170550
61.4814,170257
61.4855,170936
61.4896,169940
61.4937,170681
61.4978,170758
61.5019,170079
61.5060,171414
61.5101,170280
61.5142,170342
61.5183,170432
61.5223,170077
61.5264,170978
61.5305,169795
61.5346,170840
61.5387,170501
61.5428,170349
61.5469,171175
61.5511,170575
61.5551,170635
61.5592,170257
61.5633,170201
61.5674,170546
61.5715,170250
61.5756,170822
61.5797,170368
61.5841,170307
61.5882,170864
61.5883,170297
61.5920,169724
61.5961,171115
61.6002,170354
61.6043,171172
61.6084,170076
61.6125,170165
61.6166,170311
61.6207,170615
61.6249,170701
61.6290,169376
61.6330,170343
61.6370,170836
61.6412,170015
61.6453,170734
61.6494,170102
61.6535,170879
61.6576,170906
61.6617,170736
61.6658,170969
61.6699,170175
61.6739,170478
61.6781,170250
61.6821,170653
61.6863,170284
61.6904,170766
61.6945,170766
61.6986,170497
61.7027,170324
61.7067,170318
61.7110,170349
61.7149,170183
61.7150,169796
61.7192,170354
61.7231,170296
61.7272,170354
61.7313,170657
61.7354,170964
61.7395,170460
61.7436,170615
61.7476,170436
61.7518,170317
61.7559,170656
61.7600,170224
61.7642,170301
61.7683,170881
61.7723,170357
61.7765,170144
61.7804,170353
61.7846,169592
61.7887,170775
61.7927,170223
61.7969,169999
61.8010,170042
61.8051,169700
61.8093,170654
61.8133,170693
61.8173,170595
61.8215,170149
61.8255,170535
61.8296,170935
61.8338,170272
61.8380,170569
61.8420,169914
61.8460,169628
61.8461,170482
61.8501,170641
61.8542,170219
61.8583,170019
61.8624,169821
61.8665,171466
61.8706,170129
61.8746,170269
61.8788,170186
61.8829,169874
61.8870,171160
61.8911,170547
61.8953,170116
61.8992,170862
61.9062,170252
61.9074,171164
61.9115,170133
61.9156,170993
61.9198,170867
61.9239,169864
61.9279,171727
61.9320,170047
61.9361,170353
61.9403,171139
61.9443,170467
61.9484,171346
61.9525,170412
61.9566,170617
61.9606,170965
61.9648,169917
61.9691,170764
61.9731,169491
61.9732,171005
61.9771,170239
61.9811,170154
61.9853,171779
61.9893,169629
61.9934,170654
61.9975,170608
62.0017,170213
62.0058,171376
62.0099,169710
62.0140,170439
62.0181,170580
62.0222,170225
62.0261,171204
62.0303,170045
62.0344,170316
62.0385,170749
62.0426,169953
62.0467,171219
62.0508,169552
62.0549,169937
62.0590,170450
62.0632,170738
62.0672,171093
62.0712,170126
62.0754,170803
62.0795,170482
62.0836,170358
62.0877,170950
62.0920,169929
62.0961,170011
62.1001,170649
62.1002,170400
62.1041,171125
62.1082,169883
62.1122,170814
62.1163,171170
62.1204,170084
62.1245,171634
62.1286,170100
62.1327,170583
62.1368,170592
62.1409,170774
62.1450,171094
62.1491,170496
62.1532,170647
62.1573,170540
62.1614,170258
62.1655,170532
62.1696,170004
62.1737,170288
62.1777,170304
62.1818,170443
62.1860,170901
62.1901,170129
62.1942,170588
62.1983,170620
62.2024,170279
62.2065,170333
62.2106,170336
62.2146,170074
62.2190,170527
62.2228,169746
62.2270,170847
62.2270,169868
62.2310,170570
62.2351,170305
62.2392,170665
62.2433,170400
62.2473,170782
62.2515,170158
62.2556,170467
62.2597,170034
62.2638,170116
62.2678,170526
62.2720,170660
62.2761,170994
62.2802,170544
62.2843,169992
62.2884,170677
62.2925,170684
62.2966,170840
62.3006,170186
62.3047,170149
62.3088,170597
62.3130,170252
62.3170,170213
62.3212,170327
62.3252,170357
62.3294,170788
62.3334,170139
62.3375,170276
62.3416,169848
62.3459,169746
62.3500,170965
62.3540,170584
62.3541,171045
62.3580,170351
62.3621,169828
62.3662,171188
62.3703,170108
62.3744,170648
62.3785,170325
62.3825,169394
62.3867,171503
62.3908,170070
62.3949,170876
62.3990,170584
62.4031,169817
62.4072,170912
62.4114,170143
62.4153,170379
62.4194,170079
62.4235,169981
62.4275,171493
62.4317,170739
62.4357,170331
62.4398,170206
62.4439,169996
62.4480,171760
62.4521,170354
62.4562,170576
62.4603,171069
62.4644,170544
62.4685,171188
62.4726,170403
62.4771,171110
62.4810,170614
62.4811,169861
62.4850,171684
62.4891,170162
62.4933,170294
62.4972,170485
62.5014,169620
62.5055,171398
62.5096,170351
62.5137,170500
62.5177,170320
62.5219,169685
62.5260,171551
62.5300,169827
62.5341,170555
62.5382,170289
62.5423,170481
62.5464,171380
62.5506,170499
62.5546,170635
62.5587,170510
62.5628,170726
62.5669,170942
62.5710,170149
62.5751,170668
62.5791,170855
62.5833,170218
62.5873,170977
62.5914,170609
62.5956,170412
62.5997,170686
62.6039,170431
62.6080,171361
62.6081,169807
62.6120,170660
62.6161,170436
62.6201,170467
62.6242,171205
62.6283,170136
62.6324,171414
62.6365,170705
62.6406,170475
62.6447,171219
62.6488,170126
62.6529,170380
62.6570,171166
62.6611,170800
62.6652,170813
62.6692,170063
62.6734,170592
62.6775,170934
62.6816,170621
62.6857,170858
62.6898,169597
62.6939,170511
62.6980,170346
62.7021,170258
62.7062,170873
62.7103,170599
62.7143,170392
62.7184,170640
62.7225,170544
62.7267,170831
62.7307,170562
62.7350,170074
62.7351,170760
62.7389,170669
62.7430,170447
62.7470,170785
62.7512,170544
62.7553,170394
62.7594,170463
62.7635,170573
62.7676,170283
62.7717,170428
62.7758,170634
62.7799,170870
62.7840,170526
62.7881,170266
62.7922,170594
62.7963,170480
62.8004,170536
62.8045,170815
62.8086,170670
62.8127,170567
62.8167,170525
62.8209,170907
62.8249,170402
62.8292,170205
62.8331,170269
62.8371,170859
62.8413,170455
62.8454,169593
62.8496,171041
62.8536,170172
62.8577,170689
62.8620,170353
62.8659,170413
62.8660,171047
62.8700,170445
62.8741,171200
62.8782,170901
62.8824,169426
62.8865,171207
62.8905,170718
62.8945,170766
62.8986,170909
62.9027,169716
62.9068,170389
62.9110,170367
62.9151,170408
62.9192,169794
62.9232,169709
62.9273,170557
62.9315,170444
62.9357,170210
62.9395,170594
62.9437,170141
62.9477,171074
62.9519,169974
62.9560,170307
62.9601,170386
62.9642,169404
62.9683,171339
62.9724,170303
62.9764,170466
62.9806,170364
62.9849,170173
62.9889,171280
62.9930,170026
62.9930,170290
62.9969,170847
63.0011,169974
63.0052,171862
63.0093,170203
63.0134,170408
63.0175,170898
63.0216,169838
63.0256,171353
63.0297,169746
63.0338,170787
63.0379,170495
63.0420,170428
63.0461,171599
63.0501,170279
63.0543,171002
63.0584,170921
63.0625,169783
63.0666,171515
63.0707,169627
63.0748,170745
63.0789,170576
63.0830,169982
63.0871,171409
63.0912,170399
63.0953,170866
63.0994,170676
63.1035,170051
63.1076,171536
63.1119,169997
63.1158,170606
63.1200,170427
63.1201,170715
63.1239,170982
63.1279,170017
63.1320,170306
63.1362,170087
63.1402,170171
63.1443,170916
63.1484,170683
63.1525,170457
63.1566,170815
63.1607,170601
63.1648,170438
63.1689,170057
63.1730,170451
63.1771,170866
63.1812,170628
63.1853,171033
63.1895,169781
63.1935,170494
63.1976,171000
63.2017,170370
63.2058,171049
63.2100,170198
63.2140,170739
63.2182,170443
63.2222,170647
63.2263,170952
63.2303,169737
63.2345,170211
63.2390,170135
63.2430,170342
63.2470,171010
63.2470,170072
63.2509,170786
63.2550,170689
63.2591,170896
63.2632,171007
63.2672,170287
63.2714,170727
63.2755,170662
63.2795,170355
63.2837,170974
63.2878,170438
63.2919,170501
63.2960,170934
63.3000,170755
63.3041,170330
63.3083,169960
63.3124,170042
63.3164,170681
63.3205,170620
63.3246,170130
63.3287,170435
63.3328,170304
63.3369,170937
63.3410,170567
63.3451,170543
63.3492,170211
63.3533,170360
63.3574,170978
63.3614,170555
63.3656,170034
63.3699,170689
63.3738,171370
63.3739,170459
63.3779,170834
63.3820,170110
63.3861,170738
63.3902,170800
63.3943,170976
63.3983,170856
63.4025,170424
63.4066,170511
63.4107,171032
63.4147,170477
63.4188,170943
63.4229,170031
63.4271,171283
63.4311,170940
63.4352,171087
63.4393,170908
63.4434,169622
63.4476,171285
63.4516,170349
63.4557,170585
63.4598,170774
63.4638,170027
63.4680,171236
63.4721,169858
63.4762,170965
63.4803,171139
63.4844,169794
63.4885,171662
63.4926,170129
63.4966,170878
63.5009,170516
63.5010,170338
63.5049,171448
63.5090,170540
63.5131,171080
63.5172,170869
63.5212,169953
63.5253,171664
63.5294,170491
63.5335,170804
63.5376,170506
63.5417,170689
63.5458,171968
63.5499,170366
63.5540,170945
63.5581,170476
63.5622,170671
63.5663,171638
63.5704,169828
63.5744,170686
63.5786,170660
63.5827,170192
63.5868,171959
63.5909,170314
63.5951,170469
63.5991,170388
63.6032,170460
63.6073,171571
63.6114,170607
63.6154,170754
63.6196,170798
63.6238,170194
63.6277,171130
63.6278,170082
63.6318,170725
63.6358,170839
63.6400,169902
63.6440,171440
63.6482,170050
63.6523,170838
63.6564,170874
63.6605,170130
63.6646,171036
63.6687,170281
63.6728,170951
63.6768,170829
63.6809,170527
63.6851,171039
63.6892,170028
63.6933,170421
63.6974,170246
63.7014,170605
63.7056,171788
63.7097,169987
63.7137,170866
63.7178,170327
63.7219,170359
63.7260,170977
63.7301,170289
63.7342,170349
63.7383,170958
63.7424,170480
63.7464,171372
63.7508,170279
63.7549,170927
63.7589,171071
63.7590,170271
63.7628,170735
63.7669,170214
63.7710,170731
63.7755,170682
63.7792,170470
63.7833,170919
63.7874,169960
63.7915,170302
63.7955,170698
63.7997,170949
63.8038,170509
63.8079,169852
63.8120,170302
63.8161,170959
63.8202,170799
63.8242,170345
63.8283,170630
63.8324,170174
63.8365,170819
63.8406,170910
63.8447,170707
63.8488,170292
63.8529,170276
63.8571,170765
63.8611,171296
63.8652,170419
63.8693,170752
63.8735,170711
63.8779,170912
63.8819,170734
63.8861,170015
63.8862,170319
63.8899,170883
63.8940,170840
63.8981,170153
63.9022,170888
63.9063,170914
63.9104,170528
63.9145,170549
63.9186,170751
63.9225,170148
63.9267,170844
63.9308,171195
63.9349,170456
63.9390,169945
63.9431,169746
63.9472,170801
63.9512,170331
63.9556,170264
63.9595,170841
63.9635,169899
63.9677,170303
63.9718,170955
63.9759,170302
63.9799,170259
63.9841,169891
63.9882,170748
63.9922,170617
63.9962,171338
64.0005,170970
64.0047,169701
64.0086,171217
64.0129,170563
64.0129,170443
64.0169,170783
64.0209,169759
64.0249,171588
64.0290,170388
64.0332,170734
64.0372,170703
64.0413,170103
64.0454,171100
64.0495,170566
64.0536,170405
64.0577,170689
64.0618,170059
64.0659,171458
64.0700,170203
64.0741,170339
64.0782,170878
64.0823,170563
64.0863,171345
64.0905,169844
64.0946,170607
64.0986,170745
64.1028,170190
64.1068,171533
64.1109,170009
64.1150,170588
64.1191,170898
64.1233,170279
64.1273,171200
64.1316,169954
64.1359,170383
64.1399,170879
64.1400,170317
64.1438,171473
64.1478,170091
64.1519,170608
64.1561,171136
64.1602,170727
64.1642,170998
64.1684,170097
64.1725,170181
64.1766,170948
64.1807,170236
64.1848,171667
64.1889,169918
64.1930,170588
64.1971,170414
64.2012,170661
64.2052,171616
64.2093,169348
64.2134,170619
64.2176,170439
64.2216,170408
64.2257,171502
64.2297,169865
64.2339,170296
64.2380,170926
64.2421,170294
64.2461,170415
64.2503,170363
64.2544,171088
64.2585,171357
64.2627,170449
64.2668,171064
64.2669,170184
64.2709,170223
64.2749,170907
64.2789,170146
64.2831,171032
64.2872,170336
64.2913,170287
64.2954,170572
64.2995,170823
64.3036,170872
64.3077,170755
64.3117,170372
64.3158,170627
64.3199,170635
64.3240,170692
64.3281,169819
64.3322,170488
64.3363,170950
64.3404,170870
64.3446,170988
64.3485,169972
64.3527,170336
64.3567,170319
64.3608,170344
64.3650,170668
64.3691,170096
64.3732,170140
64.3773,170609
64.3814,170452
64.3855,169802
64.3897,170071
64.3938,170183
64.3939,170239
64.3978,170808
64.4019,170192
64.4060,170050
64.4101,170629
64.4142,170121
64.4182,170075
64.4223,170110
64.4264,170856
64.4305,170374
64.4346,170606
64.4387,170588
64.4428,169811
64.4469,170413
64.4510,170990
64.4551,169980
64.4592,170472
64.4632,170174
64.4674,170569
64.4714,170324
64.4755,170609
64.4796,170290
64.4838,169877
64.4879,170698
64.4921,170472
64.4960,170515
64.5001,170585
64.5042,169574
64.5083,171090
64.5124,170309
64.5167,170476
64.5208,170563
64.5209,169721
64.5247,171070
64.5288,170346
64.5329,170304
64.5370,170926
64.5411,169556
64.5452,171519
64.5492,170654
64.5534,170299
64.5575,170764
64.5616,169884
64.5657,171027
64.5698,170142
64.5738,170499
64.5780,170759
64.5821,169676
64.5862,171706
64.5902,170634
64.5944,170075
64.5985,171019
64.6026,170310
64.6066,171815
64.6106,169939
64.6148,170699
64.6188,170531
64.6229,170017
64.6270,171134
64.6311,169921
64.6352,170890
64.6393,170893
64.6437,169949
64.6478,171656
64.6479,169629
64.6517,170478
64.6558,170115
64.6598,169988
64.6639,170759
64.6680,169345
64.6722,170560
64.6763,170709
64.6804,170070
64.6845,171389
64.6886,169935
64.6926,170593
64.6967,170717
64.7008,170401
64.7049,171809
64.7090,169815
64.7132,170861
64.7172,170780
64.7213,170542
64.7255,170620
64.7294,169711
64.7336,170368
64.7377,170833
64.7418,169932
64.7458,171805
64.7500,169928
64.7541,170270
64.7582,170471
64.7623,170545
64.7664,171149
64.7706,169996
64.7747,170627
64.7788,170505
64.7789,170500
64.7827,171007
64.7869,169747
64.7909,170570
64.7950,170368
64.7991,169893
64.8033,170871
64.8074,169899
64.8114,169996
64.8155,169969
64.8196,170249
64.8237,170887
64.8278,170171
64.8319,170410
64.8362,169992
64.8403,170474
64.8442,170253
64.8483,170029
64.8524,170018
64.8565,170442
64.8605,169791
64.8647,170155
64.8688,170620
64.8729,170054
64.8770,170304
64.8811,170102
64.8852,170553
64.8893,170000
64.8934,170581
64.8976,170671
64.9017,170207
64.9058,170304
64.9058,169799
64.9097,170461
64.9139,170228
64.9179,170821
64.9220,170707
64.9261,170060
64.9302,170432
64.9343,170764
64.9384,170285
64.9425,170158
64.9466,170273
64.9507,170435
64.9548,170789
64.9589,170819
64.9629,169526
64.9671,170132
64.9712,170184
64.9753,170433
64.9793,170196
64.9834,169920
64.9876,170748
64.9917,170392
64.9956,170630
64.9999,170394
65.0039,169716
65.0080,170638
65.0122,170235
65.0162,170370
65.0203,170356
65.0246,169713
65.0287,170792
65.0327,170517
65.0328,170757
65.0367,170282
65.0408,169886
65.0449,170813
65.0490,170544
65.0531,170657
65.0572,170828
65.0613,170047
65.0654,171147
65.0695,170135
65.0736,170446
65.0777,170748
65.0817,169351
65.0859,171578
65.0900,170014
65.0941,170271
65.0982,170441
65.1022,169765
65.1063,171181
65.1105,170705
65.1145,170783
65.1186,170287
65.1227,169969
65.1267,171169
65.1308,169933
65.1349,170420
65.1390,170851
65.1431,169980
65.1472,171247
65.1517,170483
65.1557,170758
65.1597,170784
65.1598,169590
65.1637,171705
65.1678,170131
65.1720,170871
65.1759,170825
65.1801,170669
65.1842,171667
65.1882,169798
65.1924,170602
65.1964,170778
65.2005,169940
65.2046,171554
65.2087,169970
65.2128,170067
65.2169,170143
65.2210,169941
65.2252,171497
65.2292,170435
65.2333,170651
65.2374,170454
65.2415,170084
65.2455,171456
65.2497,169618
65.2538,171042
65.2579,170554
65.2620,170012
65.2661,171079
65.2702,169730
65.2742,169964
65.2788,170176
65.2825,170416
65.2867,171208
65.2868,169858
65.2908,170048
65.2948,170498
65.2989,170164
65.3030,171009
65.3070,170141
65.3111,170097
65.3151,170932
65.3193,170146
65.3234,171086
65.3275,170150
65.3316,170846
65.3357,170295
65.3398,169593
65.3439,171098
65.3480,170219
65.3521,170294
65.3562,170503
65.3603,170430
65.3644,170787
65.3685,170323
65.3725,170907
65.3767,170573
65.3808,170477
65.3849,171054
65.3889,170358
65.3931,170651
65.3972,170198
65.4012,170290
65.4054,170574
65.4096,170454
65.4136,170666
65.4137,170545
65.4176,170151
65.4217,170381
65.4258,169985
65.4298,170001
65.4340,170430
65.4382,170128
65.4422,169854
65.4463,170323
65.4504,170792
65.4545,170607
65.4586,170325
65.4626,169799
65.4668,169995
65.4709,170915
65.4750,170509
65.4790,170401
65.4832,170113
65.4873,170079
65.4913,170236
65.4953,170044
65.4996,170463
65.5036,169989
65.5077,169857
65.5119,170479
65.5159,170580
65.5200,170000
65.5241,169839
65.5282,170232
65.5324,170706
65.5366,170533
65.5406,170290
65.5407,169837
65.5446,170927
65.5487,171032
65.5532,170557
65.5569,170545
65.5610,169639
65.5651,170968
65.5692,170301
65.5733,170103
65.5774,170748
65.5815,169652
65.5855,170922
65.5896,169901
65.5937,169885
65.5978,170730
65.6019,169317
65.6061,170637
65.6102,170752
65.6142,170584
65.6183,170136
65.6224,169189
65.6266,171557
65.6306,170134
65.6347,170890
65.6388,170518
65.6429,169938
65.6470,171444
65.6511,170152
65.6552,170208
65.6593,170466
65.6635,169448
65.6676,171796
65.6677,170248
65.6715,170060
65.6757,170710
65.6797,169806
65.6839,171966
65.6879,169739
65.6920,170376
65.6962,170485
65.7002,169991
65.7044,171501
65.7083,170281
65.7124,170753
65.7165,170256
65.7206,169749
65.7247,171476
65.7288,169754
65.7329,170439
65.7370,170394
65.7411,170065
65.7452,171565
65.7494,169860
65.7534,170259
65.7575,170588
65.7616,169985
65.7657,171489
65.7699,169614
65.7740,170680
65.7781,170676
65.7821,170089
65.7863,171322
65.7904,169776
65.7944,170562
65.7987,170558
65.7988,170035
65.8026,170869
65.8068,169699
65.8108,170443
65.8149,170344
65.8189,170162
65.8231,170860
65.8272,170298
65.8313,170672
65.8354,170395
65.8395,170448
65.8436,170631
65.8477,169961
65.8518,170496
65.8559,170403
65.8599,170215
65.8640,171462
65.8682,169739
65.8723,170268
65.8764,170547
65.8805,170300
65.8846,170473
65.8886,170171
65.8927,170008
65.8969,170333
65.9009,170420
65.9050,170925
65.9091,170001
65.9132,170166
65.9175,170344
65.9215,170101
65.9256,171121
65.9257,170082
65.9296,171405
65.9336,170705
65.9377,170511
65.9419,170772
65.9460,170164
65.9501,170352
65.9541,170685
65.9582,170243
65.9623,170393
65.9665,169563
65.9705,170993
65.9747,170305
65.9788,169988
65.9828,169921
65.9869,170492
65.9911,170511
65.9951,171104
65.9992,170572
66.0033,170560
66.0074,169897
66.0116,170689
66.0156,170557
66.0197,170694
66.0238,170436
66.0279,170333
66.0321,169631
66.0362,170744
66.0402,170328
66.0445,169656
66.0486,170298
66.0526,170400
66.0527,170255
66.0566,170534
66.0609,169259
66.0647,170135
66.0688,170084
66.0729,170143
66.0770,170435
66.0811,169394
66.0852,170341
66.0892,170196
66.0935,170392
66.0975,170293
66.1016,169866
66.1057,170685
66.1098,169849
66.1140,170108
66.1180,170381
66.1221,169798
66.1262,170896
66.1303,170896
66.1344,170720
66.1385,170383
66.1426,170075
66.1467,170629
66.1508,170231
66.1549,169952
66.1590,170575
66.1631,169569
66.1672,171395
66.1713,170177
66.1755,170327
66.1796,170603
66.1797,169651
66.1836,171473
66.1876,170288
66.1918,170699
66.1959,170659
66.2000,169572
66.2040,171457
66.2081,170570
66.2122,170898
66.2162,170869
66.2203,170157
66.2244,171635
66.2285,170181
66.2326,170555
66.2367,170699
66.2408,170383
66.2449,171804
66.2490,169425
66.2532,170407
66.2573,170625
66.2614,169925
66.2655,171296
66.2697,169961
66.2738,170957
66.2777,170313
66.2819,170172
66.2860,171081
66.2901,170386
66.2942,170606
66.2983,170288
66.3025,170402
66.3066,171181
66.3066,170227
66.3105,170186
66.3147,171109
66.3189,170132
66.3227,171332
66.3268,170561
66.3309,170960
66.3350,170495
66.3391,170281
66.3432,171196
66.3473,170092
66.3514,170601
66.3556,170675
66.3597,169784
66.3637,171593
66.3678,169815
66.3719,170512
66.3761,170358
66.3801,170380
66.3844,171620
66.3885,169553
66.3925,170294
66.3965,170491
66.4006,169979
66.4048,171580
66.4090,170388
66.4128,170734
66.4169,170536
66.4210,170872
66.4252,171476
66.4294,170623
66.4334,170332
66.4335,170550
66.4377,170484
66.4415,170821
66.4479,170523
66.4523,170446
66.4540,170478
66.4579,170616
66.4620,170942
66.4667,170281
66.4707,170411
66.4744,170561
66.4784,170877
66.4832,170417
66.4872,170530
66.4908,170654
66.4950,170533
66.4998,170529
66.5030,170400
66.5071,170808
66.5120,170668
66.5155,170358
66.5195,170397
66.5234,170358
66.5275,170573
66.5321,169987
66.5357,170468
66.5398,170904
66.5439,169862
66.5493,169899
66.5524,170275
66.5564,170829
66.5603,171317
66.5604,169937
66.5663,170145
66.5687,170529
66.5726,170645
66.5767,170707
66.5822,169471
66.5852,170549
66.5896,170653
66.5931,170583
66.5986,171015
66.6014,169860
66.6057,170245
66.6096,170686
66.6136,170558
66.6176,170181
66.6222,169679
66.6258,171072
66.6300,170376
66.6343,171219
66.6383,170837
66.6423,169779
66.6463,171010
66.6512,170680
66.6545,170668
66.6588,170321
66.6629,169667
66.6676,171423
66.6710,170372
66.6753,170803
66.6793,170569
66.6839,169901
66.6874,171340
66.6875,170270
66.6913,170638
66.6956,170203
66.6999,169736
66.7038,171088
66.7078,170603
66.7118,170041
66.7165,170740
66.7202,169769
66.7242,172113
66.7283,170967
66.7335,170481
66.7364,170023
66.7405,169563
66.7446,171711
66.7494,170113
66.7529,170756
66.7570,170311
66.7611,169690
66.7673,172178
66.7692,170600
66.7733,170464
66.7774,170978
66.7820,170641
66.7855,171649
66.7897,170432
66.7937,170541
66.7981,170333
66.8022,170277
66.8062,171911
66.8103,170568
66.8156,170976
66.8183,170885
66.8184,170305
66.8224,171264
66.8265,169848
66.8320,170294
66.8350,170317
66.8396,170250
66.8429,171241
66.8470,170293
66.8522,170888
66.8557,170712
66.8593,170237
66.8634,171041
66.8680,170260
66.8717,170621
66.8757,171040
66.8798,170313
66.8843,171052
66.8881,169571
66.8921,170716
66.8962,170754
66.9008,170152
66.9044,170946
66.9084,170414
66.9126,170382
66.9169,170847
66.9210,170354
66.9253,171120
66.9289,170489
66.9338,170783
66.9373,170709
66.9414,170520
66.9453,170869
66.9454,170330
66.9497,170914
66.9536,170350
66.9576,170578
66.9617,171078
66.9664,169785
66.9699,170050
66.9739,170948
66.9781,170721
66.9828,171741
66.9863,170568
66.9903,170432
66.9945,170525
67.0005,170518
67.0028,170457
67.0069,170117
67.0109,170392
67.0162,170294
67.0190,170490
67.0231,170751
67.0272,170241
67.0329,170474
67.0355,170752
67.0396,170365
67.0438,169932
67.0501,170221
67.0518,170331
67.0559,170441
67.0600,170614
67.0668,170184
67.0684,170394
67.0725,171199
67.0725,170798
67.0765,170175
67.0832,169996
67.0853,169771
67.0887,170650
67.0928,169930
67.0994,170426
67.1010,169678
67.1051,170433
67.1091,170537
67.1132,170443
67.1179,170298
67.1214,169404
67.1255,170254
67.1297,170428
67.1339,170253
67.1378,170896
67.1419,169674
67.1461,170693
67.1502,170645
67.1543,170551
67.1583,170510
67.1624,170012
67.1673,171252
67.1707,170540
67.1747,170579
67.1788,170285
67.1834,169758
67.1870,170678
67.1912,171060
67.1952,170288
67.1995,171076
67.2000,169339
67.2038,171322
67.2074,170901
67.2115,170553
67.2159,170699
67.2197,169913
67.2240,171067
67.2280,170540
67.2327,170547
67.2365,169848
67.2402,169323
67.2443,171473
67.2490,169942
67.2532,170618
67.2567,170357
67.2608,169829
67.2656,171198
67.2690,170087
67.2731,170490
67.2771,170614
67.2819,169565
67.2854,171761
67.2894,170348
67.2935,170092
67.2988,170314
67.3020,169541
67.3057,171582
67.3098,169823
67.3149,170022
67.3182,170482
67.3223,169580
67.3262,171642
67.3263,169588
67.3322,170367
67.3344,170619
67.3393,169965
67.3427,171443
67.3468,169710
67.3513,170341
67.3549,170438
67.3590,170237
67.3631,170907
67.3681,169413
67.3713,170584
67.3754,170787
67.3795,170015
67.3842,170876
67.3881,169689
67.3918,170215
67.3960,171166
67.4004,170505
67.4040,171209
67.4081,170155
67.4123,170342
67.4163,170128
67.4205,170170
67.4245,171815
67.4287,169690
67.4332,169969
67.4368,170356
67.4409,170524
67.4451,170970
67.4500,170105
67.4534,170567
67.4535,170520
67.4574,170617
67.4615,171241
67.4655,170053
67.4696,170711
67.4737,170958
67.4778,170348
67.4827,171715
67.4860,169800
67.4902,170838
67.4942,170816
67.4988,170422
67.5024,171018
67.5064,170419
67.5106,170835
67.5154,171122
67.5187,170615
67.5228,170861
67.5269,170258
67.5325,170305
67.5352,170682
67.5392,170952
67.5433,170937
67.5489,170317
67.5519,170626
67.5556,170771
67.5597,171080
67.5648,171120
67.5679,169853
67.5720,170285
67.5763,170661
67.5821,170121
67.5831,170435
67.5847,169556
67.5884,170761
67.5924,170770
67.5990,170766
67.6012,170519
67.6048,169741
67.6089,170548
67.6130,170328
67.6178,169951
67.6211,169890
67.6252,170100
67.6293,170500
67.6336,170525
67.6376,170022
67.6416,170403
67.6458,169631
67.6502,170106
67.6542,170368
67.6581,170118
67.6621,169344
67.6668,170365
67.6703,169866
67.6743,169894
67.6785,170039
67.6830,169166
67.6872,170269
67.6917,170255
67.6949,170340
67.6994,169669
67.7032,169221
67.7072,170617
67.7073,170261
67.7112,170171
67.7156,170589
67.7194,169289
67.7235,170621
67.7277,170118
67.7321,170299
67.7358,170026
67.7399,169190
67.7440,170443
67.7490,169894
67.7523,170371
67.7563,170248
67.7604,169396
67.7648,171377
67.7686,169993
67.7726,170314
67.7767,170356
67.7819,169311
67.7850,171644
67.7891,170227
67.7931,170160
67.7983,170160
67.8016,169392
67.8054,171053
67.8095,170183
67.8155,169717
67.8182,170500
67.8218,169428
67.8259,171431
67.8315,169691
67.8342,170041
67.8343,170256
67.8382,168991
67.8423,171201
67.8465,169737
67.8514,169814
67.8554,170093
67.8587,169066
67.8628,171392
67.8672,169586
67.8710,170514
67.8753,170094
67.8792,169749
67.8835,170872
67.8875,169391
67.8915,170303
67.8956,170704
67.9002,170164
67.9041,170618
67.9087,169858
67.9120,170084
67.9166,170038
67.9201,169535
67.9242,171093
67.9283,170011
67.9325,170326
67.9372,170524
67.9406,170155
67.9448,171023
67.9491,169473
67.9539,169619
67.9572,169796
67.9611,169812
67.9611,171111
67.9663,169886
67.9696,170321
67.9735,170177
67.9775,169951
67.9820,170961
67.9865,169777
67.9898,169929
67.9939,170393
67.9985,169740
68.0022,170958
68.0063,169841
68.0103,170576
68.0159,170406
68.0191,170818
68.0226,170677
68.0266,170426
68.0312,170771
68.0348,170498
68.0389,170560
68.0430,171390
68.0477,170273
68.0513,170579
68.0553,170802
68.0594,171064
68.0665,171028
68.0676,170062
68.0717,170688
68.0758,170308
68.0827,170914
68.0840,170670
68.0882,170596
68.0883,170904
68.0922,170806
68.0982,170675
68.1009,170777
68.1044,170033
68.1086,170798
68.1127,170248
68.1169,170317
68.1209,169984
68.1249,170292
68.1290,170769
68.1334,170282
68.1372,170800
68.1413,169900
68.1454,170298
68.1501,170549
68.1537,170358
68.1577,170547
68.1618,170311
68.1661,170400
68.1709,169870
68.1742,171047
68.1782,170369
68.1830,170126
68.1865,169814
68.1906,170160
68.1949,171018
68.2004,170332
68.2036,169715
68.2073,170363
68.2112,170526
68.2152,170275
68.2160,170115
68.2192,169731
68.2232,170472
68.2273,170660
68.2321,170193
68.2356,170368
68.2397,169453
68.2438,170812
68.2489,170434
68.2521,170712
68.2560,170615
68.2601,169671
68.2650,170984
68.2692,170661
68.2732,170496
68.2764,170781
68.2827,169931
68.2851,170843
68.2893,170087
68.2930,170452
68.2982,170470
68.3021,169750
68.3051,171497
68.3092,170492
68.3149,170559
68.3177,170364
68.3215,169343
68.3256,171369
68.3309,170856
68.3346,170038
68.3380,170370
68.3421,169913
68.3475,171433
68.3482,170377
68.3505,170263
68.3550,171061
68.3584,169992
68.3644,171711
68.3674,170130
68.3714,171113
68.3749,170769
68.3789,170574
68.3834,171233
68.3881,170255
68.3913,170453
68.3953,170671
68.3997,169725
68.4036,171005
68.4075,169850
68.4117,170085
68.4161,170548
68.4204,169683
68.4243,170983
68.4280,169999
68.4325,170284
68.4369,170409
68.4406,169947
68.4444,171347
68.4490,169990
68.4534,169954
68.4571,170637
68.4608,170078
68.4657,171437
68.4692,169973
68.4732,170229
68.4733,170058
68.4771,170671
68.4819,170900
68.4854,169491
68.4895,170255
68.4935,170525
68.4985,169910
68.5024,170846
68.5060,169883
68.5099,169888
68.5146,169793
68.5186,170631
68.5223,170944
68.5263,169834
68.5315,170175
68.5349,170850
68.5386,170482
68.5427,171339
68.5485,170101
68.5509,170361
68.5551,169890
68.5591,170379
68.5642,171179
68.5678,170174
68.5719,170697
68.5755,170198
68.5803,170720
68.5837,170809
68.5881,169937
68.5919,170751
68.5961,170748
68.6002,170486
68.6003,170766
68.6041,170291
68.6082,170025
68.6123,171000
68.6171,170330
68.6209,170903
68.6246,170447
68.6288,170105
68.6332,170727
68.6369,170530
68.6410,169990
68.6451,169813
68.6498,171044
68.6533,170405
68.6574,170653
68.6616,170009
68.6663,169824
68.6697,170527
68.6739,170562
68.6780,170179
68.6824,169746
68.6867,169655
68.6901,170569
68.6944,170579
68.6987,170634
68.7026,169956
68.7068,169964
68.7108,170216
68.7147,170216
68.7189,170639
68.7231,169903
68.7271,170023
68.7271,170426
68.7322,170303
68.7353,170422
68.7393,169390
68.7434,170291
68.7486,169956
68.7516,170539
68.7562,170787
68.7601,170076
68.7644,170228
68.7683,170077
68.7729,170602
68.7765,170227
68.7810,169816
68.7851,170275
68.7885,170214
68.7925,170692
68.7983,170133
68.8007,169725
68.8058,170583
68.8091,169978
68.8146,170509
68.8178,170818
68.8212,169714
68.8253,170918
68.8314,170215
68.8336,170676
68.8379,170575
68.8417,169870
68.8473,171385
68.8503,169952
68.8541,170763
68.8542,170504
68.8581,170035
68.8622,171481
68.8664,170160
68.8704,170271
68.8744,170603
68.8786,169717
68.8827,171129
68.8870,170216
68.8908,170557
68.8950,171090
68.8995,169668
68.9032,171318
68.9073,170197
68.9114,170470
68.9162,170307
68.9197,170281
68.9241,171525
68.9278,170059
68.9327,170848
68.9360,170993
68.9400,169617
68.9441,171933
68.9489,168938
68.9527,170329
68.9568,170297
68.9610,169684
68.9648,170909
68.9689,169659
68.9731,170413
68.9769,171182
68.9811,170389
68.9811,171226
68.9858,169806
68.9892,171272
68.9932,170879
68.9976,169892
69.0023,170906
69.0059,169623
69.0100,170646
69.0148,170613
69.0186,170429
69.0220,171095
69.0263,169708
69.0311,170567
69.0351,171011
69.0383,170466
69.0428,171214
69.0482,170002
69.0515,171063
69.0547,170983
69.0588,170355
69.0645,171154
69.0679,170209
69.0713,170175
69.0751,170855
69.0828,170077
69.0834,171216
69.0875,169807
69.0916,170039
69.0984,170478
69.0999,170855
69.1040,170667
69.1080,169696
69.1121,170172
69.1123,170710
69.1164,169718
69.1203,170878
69.1244,169500
69.1284,170313
69.1326,170417
69.1369,170365
69.1408,170720
69.1448,169735
69.1489,170095
69.1534,171036
69.1572,170841
69.1613,170438
69.1654,170146
69.1695,170195
69.1737,170833
69.1776,170444
69.1822,170531
69.1859,170732
69.1898,170057
69.1939,170555
69.1980,170320
69.2024,170278
69.2066,169885
69.2105,170728
69.2148,170347
69.2190,170765
69.2226,170078
69.2267,170004
69.2314,170056
69.2351,170635
69.2391,170104
69.2392,170563
69.2431,170317
69.2486,170472
69.2513,170646
69.2554,170305
69.2594,170271
69.2641,169700
69.2679,170715
69.2718,170576
69.2759,170356
69.2808,169819
69.2841,169818
69.2881,170608
69.2922,170626
69.2973,170698
69.3007,169984
69.3045,170649
69.3086,170514
69.3143,170327
69.3170,170919
69.3210,170072
69.3251,170968
69.3311,170657
69.3334,170101
69.3373,170341
69.3414,169787
69.3492,171100
69.3496,170276
69.3537,169946
69.3579,170434
69.3620,169619
69.3659,171211
69.3660,170990
69.3701,170646
69.3741,170584
69.3782,169598
69.3829,171887
69.3865,169791
69.3906,170522
69.3947,170419
69.3992,169943
69.4029,171437
69.4069,170179
69.4111,170469
69.4158,170463
69.4192,169667
69.4233,171203
69.4274,169921
69.4318,170504
69.4356,170554
69.4397,170045
69.4439,171370
69.4484,169739
69.4520,170237
69.4561,170550
69.4602,169745
69.4644,171400
69.4684,170196
69.4725,170503
69.4766,170500
69.4810,169780
69.4849,171339
69.4889,170227
69.4930,170342
69.4930,170579
69.4976,169984
69.5014,171042
69.5052,169773
69.5093,170448
69.5139,170492
69.5175,170460
69.5216,171432
69.5257,169949
69.5301,170730
69.5339,169945
69.5380,169644
69.5421,171598
69.5481,169651
69.5503,170160
69.5544,170736
69.5585,170377
69.5645,170995
69.5667,169832
69.5707,170627
69.5748,171039
69.5805,170658
69.5834,171363
69.5871,169598
69.5912,170680
69.5989,170690
69.5995,170117
69.6035,171389
69.6076,170100
69.6118,170317
69.6161,170073
69.6202,170224
69.6203,171639
69.6240,170572
69.6281,170507
69.6327,170638
69.6363,170488
69.6404,170909
69.6445,169969
69.6492,170596
69.6527,170432
69.6568,170191
69.6609,170923
69.6656,169986
69.6691,170827
69.6731,170778
69.6773,170013
69.6816,170668
69.6856,170346
69.6895,170738
69.6937,170688
69.6984,170025
69.7019,170646
69.7060,170179
69.7100,170455
69.7142,170357
69.7183,170919
69.7224,170172
69.7265,169983
69.7310,170492
69.7346,170349
69.7387,171274
69.7428,170933
69.7476,170028
69.7482,170456
69.7510,170733
69.7551,170745
69.7591,170881
69.7633,170494
69.7674,170831
69.7714,170683
69.7755,170811
69.7807,170057
69.7838,170027
69.7878,170182
69.7919,170284
69.7970,170642
69.8001,169891
69.8042,170646
69.8083,170368
69.8150,170541
69.8166,170860
69.8206,170234
69.8247,170445
69.8309,170400
69.8331,170148
69.8370,170061
69.8411,170119
69.8478,170676
69.8494,170540
69.8535,170576
69.8576,170189
69.8616,170183
69.8663,171237
69.8699,170765
69.8740,170765
69.8740,170862
69.8780,169803
69.8824,171339
69.8861,170840
69.8902,170201
69.8946,170098
69.8996,170026
69.9025,171375
69.9066,170684
69.9107,170760
69.9155,170373
69.9189,170460
69.9230,171226
69.9271,170530
69.9315,170537
69.9358,170578
69.9394,169874
69.9435,171334
69.9484,171006
69.9522,170743
69.9559,170640
69.9600,169572
69.9647,171202
69.9688,169800
69.9724,170301
69.9762,170240
69.9809,170319
69.9851,171582
69.9885,170145
69.9927,170561
69.9970,170517
70.0009,170191
70.0010,171332
70.0049,169835
70.0090,170983
70.0138,170750
70.0178,170200
70.0213,171145
70.0254,169883
70.0304,170279
70.0347,170844
70.0383,170304
70.0418,170727
70.0468,169774
70.0506,170294
70.0542,170732
70.0582,169847
70.0642,171556
70.0665,170623
70.0708,170475
70.0746,170955
70.0819,170596
70.0831,170961
70.0868,169860
70.0909,170126
70.0951,170882
70.0996,170149
70.1032,170297
70.1073,170135
70.1115,170145
70.1159,170439
70.1196,170481
70.1238,171102
70.1280,170096
70.1281,170398
70.1324,170110
70.1361,170584
70.1402,171300
70.1442,169648
70.1487,170386
70.1525,170778
70.1566,170197
70.1606,170870
70.1652,170477
70.1687,170513
70.1728,170183
70.1770,170822
70.1817,171133
70.1851,170605
70.1892,170574
70.1934,171004
70.1987,170895
70.2015,170760
70.2056,170376
70.2097,170401
70.2142,170622
70.2179,170518
70.2220,170080
70.2261,169787
70.2312,170304
70.2344,170497
70.2385,170412
70.2425,170846
70.2470,170006
70.2508,170335
70.2549,170178
70.2590,170448
70.2593,170398
70.2642,170445
70.2675,170436
70.2712,169963
70.2752,170483
70.2809,169855
70.2845,170354
70.2876,170076
70.2917,170906
70.2967,170194
70.2998,170057
70.3042,170152
70.3085,170200
70.3136,170142
70.3165,170264
70.3203,170632
70.3244,170384
70.3302,170330
70.3327,170458
70.3374,169831
70.3409,169856
70.3465,170652
70.3492,170344
70.3539,170171
70.3572,170455
70.3613,169336
70.3663,170001
70.3695,170952
70.3735,170617
70.3777,170583
70.3819,169896
70.3860,170730
70.3860,170687
70.3900,170414
70.3941,170505
70.3984,169882
70.4022,171109
70.4063,169922
70.4104,170271
70.4153,170133
70.4187,169630
70.4227,171337
70.4268,170409
70.4314,170257
70.4350,170590
70.4391,169898
70.4432,170817
70.4480,170142
70.4515,170386
70.4556,170864
70.4596,170891
70.4643,171478
70.4677,170163
70.4718,170120
70.4759,170443
70.4804,170189
70.4842,171491
70.4883,169988
70.4923,170559
70.4974,170604
70.5006,169697
70.5047,171595
70.5087,170171
70.5134,170550
70.5144,171228
70.5179,170214
70.5210,171763
70.5251,169874
70.5308,170518
70.5333,170189
70.5382,170512
70.5416,171023
70.5463,170343
70.5505,170412
70.5542,170063
70.5579,169980
70.5633,171251
70.5664,170395
70.5714,170464
70.5742,170309
70.5802,169738
70.5832,171521
70.5871,169893
70.5906,170684
70.5965,169877
70.5991,170366
70.6032,171304
70.6070,169336
70.6112,170336
70.6159,170326
70.6196,170657
70.6234,171216
70.6275,170080
70.6317,169910
70.6360,170634
70.6401,170299
70.6401,171152
70.6440,170160
70.6480,169902
70.6523,170557
70.6565,171077
70.6603,171144
70.6652,170220
70.6687,170649
70.6725,170246
70.6767,170795
70.6813,171016
70.6849,170280
70.6889,170293
70.6930,171300
70.6973,170451
70.7013,171598
70.7054,170980
70.7094,170938
70.7140,170948
70.7182,170324
70.7222,170935
70.7261,170299
70.7303,170288
70.7343,170068
70.7381,170305
70.7421,171577
70.7471,170268
70.7511,170278
70.7545,170098
70.7586,170224
70.7631,171040
70.7669,170525
70.7670,170031
70.7708,170593
70.7750,170401
70.7804,171146
70.7836,170349
70.7872,170650
70.7913,170711
70.7964,170617
70.7997,170355
70.8041,170712
70.8077,170720
70.8131,170551
70.8167,170789
70.8201,170460
70.8241,170672
70.8298,170373
70.8327,170224
70.8368,170417
70.8408,170421
70.8446,170697
70.8494,170498
70.8531,170293
70.8570,170832
70.8610,170085
70.8656,170053
70.8699,170598
70.8732,170396
70.8774,170285
70.8828,170274
70.8863,170805
70.8898,170786
70.8939,170409
70.8940,170375
70.8987,169604
70.9023,170636
70.9060,170474
70.9101,170889
70.9148,169792
70.9188,169895
70.9228,170908
70.9266,170140
70.9308,170645
70.9352,171623
70.9390,169871
70.9429,171224
70.9471,170604
70.9518,169968
70.9560,170784
70.9594,170277
70.9639,171235
70.9682,170513
70.9723,169897
70.9757,170523
70.9801,170020
70.9845,171015
70.9885,170265
70.9920,170531
70.9968,170177
71.0005,170244
71.0052,171129
71.0084,170376
71.0130,170670
71.0166,170366
71.0208,169557
71.0208,170821
71.0248,170625
71.0293,170663
71.0335,170681
71.0373,169912
71.0411,170676
71.0462,170670
71.0502,170759
71.0535,169939
71.0575,170040
71.0631,171188
71.0662,170412
71.0700,170341
71.0747,170676
71.0793,169894
71.0822,171066
71.0862,169431
71.0903,170140
71.0968,170435
71.0994,170240
71.1026,170842
71.1067,170189
71.1123,170419
71.1152,170191
71.1194,169957
71.1231,170786
71.1272,170212
71.1313,170515
71.1357,170444
71.1399,170081
71.1438,171035
71.1478,169903
71.1479,170608
71.1518,170624
71.1558,170019
71.1600,171044
71.1649,169972
71.1683,170579
71.1723,170654
71.1764,170131
71.1812,171514
71.1845,170178
71.1886,170111
71.1928,170594
71.1977,170291
71.2009,170301
71.2050,170000
71.2091,170185
71.2146,170009
71.2173,170252
71.2214,170956
71.2255,170385
71.2304,170260
71.2338,170439
71.2378,170263
71.2418,170405
71.2461,169928
71.2506,170627
71.2542,170760
71.2582,169981
71.2628,170606
71.2670,170514
71.2706,170269
71.2746,170624
71.2747,170752
71.2789,170475
71.2828,170389
71.2869,170806
71.2910,170040
71.2961,170610
71.2992,170170
71.3033,170426
71.3074,170307
71.3131,170116
71.3160,169956
71.3197,170367
71.3238,170468
71.3296,170507
71.3321,170586
71.3361,171114
71.3401,170393
71.3465,170516
71.3488,170386
71.3526,170468
71.3567,169602
71.3607,169982
71.3652,170382
71.3690,169870
71.3730,170591
71.3772,170855
71.3818,170090
71.3852,170109
71.3893,170611
71.3936,170852
71.3978,170796
71.4020,169913
71.4061,171070
71.4062,170962
71.4099,170529
71.4148,170908
71.4180,170184
71.4221,170570
71.4264,169917
71.4304,170938
71.4344,170206
71.4384,169781
71.4426,170491
71.4472,170781
71.4508,170316
71.4549,170646
71.4590,170055
71.4638,171015
71.4672,170639
71.4712,170628
71.4753,170131
71.4801,169729
71.4837,170804
71.4877,170562
71.4917,170935
71.4965,170661
71.5000,169852
71.5041,171243
71.5082,170923
71.5133,169994
71.5163,170793
71.5204,170123
71.5249,171211
71.5309,169735
71.5328,170217
71.5329,170571
71.5368,169480
71.5409,171222
71.5450,169941
71.5493,170499
71.5531,170922
71.5572,170000
71.5627,171459
71.5658,170118
71.5696,170075
71.5736,170728
71.5792,169928
71.5824,171380
71.5860,170009
71.5901,170031
71.5964,170835
71.5986,170360
71.6024,171271
71.6065,170772
71.6106,170447
71.6158,170666
71.6188,170076
71.6229,170870
71.6269,170197
71.6312,170432
71.6353,170427
71.6392,170757
71.6434,171000
71.6481,170271
71.6516,169901
71.6557,170585
71.6599,170325
71.6601,171209
71.6649,170314
71.6679,170290
71.6719,170697
71.6761,169926
71.6804,171082
71.6847,170385
71.6883,170849
71.6925,170611
71.6972,170610
71.7014,171100
71.7047,170298
71.7088,170513
71.7135,170194
71.7170,170721
71.7211,171106
71.7252,170152
71.7293,170770
71.7343,171115
71.7375,170386
71.7415,171936
71.7465,170643
71.7505,170158
71.7544,170555
71.7580,170834
71.7630,171249
71.7663,170568
71.7703,170277
71.7743,170000
71.7794,170955
71.7827,171023
71.7869,170670
71.7869,169994
71.7907,170706
71.7963,170548
71.7992,170666
71.8030,170432
71.8071,170119
71.8128,170996
71.8156,170020
71.8194,170845
71.8235,170759
71.8277,170398
71.8317,169882
71.8358,170922
71.8398,170505
71.8441,170371
71.8484,170430
71.8522,170715
71.8562,170244
71.8604,170285
71.8652,170320
71.8686,170366
71.8726,170390
71.8768,170867
71.8813,170119
71.8850,170476
71.8899,170720
71.8932,170633
71.8976,170280
71.9013,170472
71.9055,170332
71.9097,170004
71.9139,170049
71.9141,170395
71.9178,170161
71.9218,170887
71.9260,170338
71.9302,170406
71.9342,170193
71.9384,169994
71.9425,170587
71.9465,170357
71.9510,170876
71.9552,170249
71.9588,170269
71.9633,171173
71.9677,170552
71.9710,170374
71.9751,170343
71.9792,170000
71.9833,170866
71.9876,170745
71.9915,170939
71.9956,170925
71.9998,169739
72.0038,170540
72.0078,170169
72.0119,170347
72.0160,170450
72.0201,169659
72.0242,171042
72.0283,170095
72.0324,170564
72.0367,170329
72.0407,170034
72.0408,170948
72.0447,170463
72.0488,170288
72.0529,170943
72.0570,170111
72.0612,171294
72.0652,169759
72.0693,170737
72.0734,170533
72.0775,169609
72.0815,171396
72.0857,170642
72.0899,170224
72.0939,170661
72.0980,170096
72.1021,171357
72.1062,170304
72.1103,170395
72.1144,170562
72.1185,169893
72.1226,171610
72.1267,169838
72.1308,170542
72.1348,170291
72.1389,170316
72.1430,171329
72.1472,169636
72.1512,170386
72.1553,170121
72.1594,169915
72.1637,171260
72.1678,169861
72.1678,170746
72.1717,170667
72.1758,169749
72.1798,171440
72.1839,170238
72.1881,170876
72.1922,170400
72.1963,170188
72.2004,171007
72.2045,170087
72.2085,170481
72.2126,170318
72.2167,170301
72.2208,171253
72.2249,170198
72.2290,170581
72.2332,170172
72.2372,170666
72.2413,171136
72.2454,170253
72.2495,170157
72.2536,170677
72.2576,170717
72.2618,170969
72.2658,169798
72.2700,170412
72.2742,170691
72.2782,170613
72.2823,170524
72.2864,169803
72.2907,170069
72.2947,170553
72.2948,170093
72.2987,171080
72.3027,170426
72.3069,170622
72.3109,170771
72.3150,170191
72.3192,170663
72.3233,170316
72.3274,170837
72.3314,170576
72.3355,170513
72.3396,170321
72.3438,170024
72.3477,170422
72.3519,170215
72.3561,170621
72.3601,170530
72.3641,170183
72.3682,170361
72.3723,170465
72.3764,170507
72.3805,170367
72.3846,169840
72.3888,170079
72.3929,170684
72.3970,169933
72.4011,170188
72.4052,170916
72.4093,170839
72.4134,170622
72.4175,170194
72.4217,170088
72.4258,170053
72.4258,169953
72.4298,170264
72.4339,170649
72.4379,170201
72.4420,170598
72.4462,170373
72.4502,170745
72.4543,170530
72.4584,170384
72.4624,170042
72.4665,170424
72.4707,170816
72.4748,170529
72.4789,169943
72.4830,170902
72.4871,170455
72.4912,170443
72.4952,170583
72.4993,170103
72.5035,170533
72.5075,170061
72.5117,170581
72.5158,170305
72.5199,170353
72.5240,170681
72.5281,170658
72.5322,170536
72.5362,170471
72.5403,169662
72.5446,170434
72.5486,170686
72.5527,170698
72.5528,170851
72.5567,169653
72.5608,171265
72.5649,170751
72.5690,169900
72.5732,170507
72.5772,169860
72.5813,171107
72.5854,170061
72.5895,170492
72.5936,170655
72.5977,169995
72.6018,171173
72.6058,169859
72.6100,170793
72.6141,170226
72.6182,169922
72.6223,171611
72.6263,169614
72.6304,170029
72.6346,170303
72.6386,169562
72.6428,171598
72.6468,170161
72.6509,170203
72.6550,170653
72.6592,170323
72.6632,171367
72.6673,170089
72.6716,170232
72.6756,170738
72.6797,170319
72.6798,171153
72.6837,170399
72.6878,170534
72.6919,170408
72.6959,170036
72.7000,171210
72.7042,170041
72.7083,170396
72.7124,169798
72.7165,170226
72.7206,171311
72.7246,169436
72.7287,170528
72.7328,170628
72.7369,170674
72.7409,171222
72.7452,169593
72.7492,170840
72.7533,170447
72.7573,169956
72.7615,171032
72.7656,169694
72.7697,170296
72.7738,170307
72.7779,170130
72.7820,171027
72.7860,170162
72.7902,170508
72.7943,170550
72.7984,169924
72.8026,170880
72.8065,170327
72.8066,170639
72.8106,170408
72.8148,170635
72.8189,170954
72.8230,170106
72.8270,170213
72.8312,170386
72.8352,170231
72.8393,171164
72.8434,170282
72.8475,170610
72.8516,169891
72.8557,170009
72.8598,171041
72.8640,170250
72.8680,170024
72.8721,170835
72.8762,170315
72.8803,170381
72.8844,170233
72.8885,169910
72.8926,170338
72.8967,170965
72.9008,170637
72.9049,169944
72.9089,170156
72.9131,170150
72.9172,170437
72.9213,170304
72.9253,170401
72.9296,170140
72.9337,170533
72.9337,169938
72.9376,170514
72.9417,170707
72.9458,170498
72.9499,170603
72.9540,170138
72.9582,170347
72.9622,170349
72.9663,170457
72.9704,170917
72.9744,170570
72.9786,170031
72.9826,170647
72.9869,170096
72.9908,170514
72.9950,170364
72.9990,170043
73.0031,170646
73.0072,169860
73.0114,170217
73.0154,170533
73.0197,170203
73.0237,170744
73.0278,170204
73.0318,170384
73.0359,170401
73.0400,170279
73.0441,171080
73.0482,170716
73.0523,170619
73.0565,169978
73.0607,169797
73.0608,170741
73.0645,170437
73.0687,170497
73.0727,170785
73.0768,169653
73.0809,171054
73.0850,170563
73.0891,170280
73.0933,170228
73.0973,169571
73.1014,170988
73.1055,169922
73.1096,170480
73.1137,170396
73.1178,169156
73.1219,171468
73.1260,170342
73.1301,170577
73.1342,170314
73.1382,169548
73.1423,171479
73.1465,170343
73.1506,169952
73.1547,170251
73.1588,170363
73.1628,170888
73.1669,169906
73.1711,170441
73.1751,170349
73.1792,169866
73.1835,171289
73.1875,169906
73.1915,170560
73.1916,170650
73.1956,169802
73.1997,171123
73.2038,170330
73.2080,170435
73.2121,170330
73.2161,170260
73.2202,171418
73.2243,170097
73.2284,170401
73.2325,169826
73.2366,169563
73.2407,171634
73.2447,170007
73.2488,170486
73.2529,169916
73.2571,169996
73.2612,171084
73.2652,169466
73.2695,170853
73.2734,170130
73.2775,169783
73.2816,170854
73.2857,169370
73.2899,170838
73.2939,170713
73.2980,170186
73.3021,170848
73.3062,169799
73.3105,170399
73.3144,170299
73.3184,170387
73.3185,170931
73.3226,170084
73.3267,170117
73.3308,170936
73.3349,170078
73.3390,170693
73.3431,170068
73.3472,170552
73.3512,170476
73.3553,169857
73.3595,170731
73.3635,170253
73.3676,169872
73.3718,170066
73.3759,170123
73.3800,170567
73.3841,170571
73.3882,170302
73.3922,170554
73.3962,170029
73.4004,170581
73.4045,170295
73.4086,170475
73.4127,170756
73.4168,170121
73.4210,170831
73.4250,170086
73.4291,170812
73.4332,170162
73.4374,170325
73.4414,170369
73.4455,170208
73.4455,169951
73.4496,170139
73.4537,169685
73.4577,170316
73.4618,170913
73.4659,170606
73.4701,170374
73.4741,170018
73.4782,170594
73.4823,169732
73.4864,170201
73.4905,170881
73.4946,170149
73.4988,170069
73.5028,170774
73.5069,170523
73.5110,170586
73.5151,170624
73.5192,170072
73.5232,170706
73.5274,170571
73.5315,170305
73.5356,170602
73.5397,169810
73.5437,170168
73.5479,169925
73.5520,170726
73.5561,170509
73.5601,170251
73.5643,170257
73.5685,170690
73.5725,170831
73.5726,170401
73.5765,169254
73.5806,170504
73.5847,170628
73.5888,170831
73.5929,169929
73.5970,169542
73.6011,171168
73.6052,170412
73.6093,170832
73.6135,170134
73.6176,170054
73.6217,170597
73.6258,170098
73.6298,170223
73.6340,171163
73.6380,169435
73.6422,171571
73.6462,170489
73.6502,170453
73.6544,170845
73.6585,169577
73.6626,170938
73.6667,170457
73.6707,170344
73.6749,170365
73.6789,169563
73.6832,171233
73.6871,170267
73.6912,170674
73.6956,170485
73.6996,169476
73.6996,171104
73.7036,170537
73.7077,170395
73.7118,170331
73.7159,169651
73.7200,171198
73.7240,170400
73.7281,170307
73.7322,169922
73.7363,170025
73.7404,171064
73.7445,170130
73.7486,170346
73.7527,170464
73.7567,170029
73.7609,171418
73.7650,170084
73.7691,170531
73.7732,170489
73.7774,170308
73.7813,171150
73.7854,170367
73.7895,170152
73.7936,170828
73.7978,170001
73.8018,171272
73.8059,169834
73.8100,170191
73.8141,171281
73.8182,170302
73.8224,171255
73.8265,170424
73.8266,170376
73.8304,170192
73.8345,170229
73.8387,171336
73.8428,169801
73.8468,170436
73.8509,170231
73.8551,170246
73.8591,170645
73.8632,170619
73.8673,170281
73.8714,170237
73.8755,170007
73.8796,170549
73.8837,169713
73.8878,170390
73.8919,169869
73.8961,170257
73.9002,170434
73.9043,170175
73.9083,170346
73.9124,170435
73.9166,169778
73.9206,170646
73.9247,169731
73.9288,170093
73.9329,170266
73.9369,170174
73.9413,170478
73.9453,170139
73.9494,170110
73.9535,170500
73.9575,170562
73.9576,170686
73.9616,170583
73.9657,170873
73.9698,170420
73.9738,170753
73.9780,170575
73.9823,170705
73.9862,170724
73.9904,170723
73.9944,170626
73.9996,170586
74.0027,170273
74.0067,170141
74.0109,170461
74.0150,170391
74.0198,170615
74.0230,170154
74.0276,170305
74.0314,170521
74.0352,170166
74.0393,170062
74.0441,170631
74.0479,170436
74.0516,170104
74.0557,170167
74.0604,169777
74.0640,170449
74.0681,170643
74.0721,170559
74.0765,170180
74.0805,169890
74.0845,170727
74.0846,169635
74.0885,170297
74.0932,170286
74.0969,170352
74.1011,170729
74.1050,169981
74.1092,170220
74.1137,170421
74.1172,170198
74.1213,170754
74.1255,170648
74.1295,170740
74.1335,170205
74.1376,170044
74.1418,171260
74.1460,170285
74.1499,170282
74.1541,170187
74.1582,170172
74.1624,170812
74.1663,170254
74.1704,170504
74.1745,170457
74.1790,169677
74.1827,170982
74.1868,169949
74.1910,170207
74.1951,170433
74.1991,169829
74.2034,171080
74.2075,170277
74.2114,170019
74.2115,170757
74.2155,170554
74.2196,171168
74.2236,170101
74.2279,170932
74.2320,170326
74.2360,170450
74.2401,171066
74.2450,170210
74.2482,170374
74.2523,170308
74.2564,169704
74.2607,170728
74.2646,170670
74.2687,170481
74.2728,170961
74.2773,170122
74.2811,171572
74.2851,169694
74.2892,170272
74.2933,170293
74.2974,169534
74.3014,171202
74.3055,170135
74.3101,170526
74.3138,170336
74.3179,170000
74.3220,171460
74.3265,170135
74.3303,170806
74.3344,170006
74.3384,169615
74.3385,170984
74.3428,170006
74.3465,170140
74.3506,170543
74.3547,169863
74.3591,171393
74.3630,170250
74.3671,170461
74.3711,170742
74.3752,170225
74.3793,170727
74.3834,169960
74.3875,170306
74.3916,170289
74.3960,170043
74.4003,170882
74.4040,170033
74.4080,170422
74.4121,170547
74.4162,170104
74.4206,171143
74.4244,169576
74.4288,170764
74.4325,170256
74.4366,170333
74.4408,171198
74.4465,169910
74.4489,170604
74.4537,170540
74.4572,170349
74.4614,171482
74.4654,169803
74.4655,170557
74.4694,170949
74.4735,170795
74.4777,170554
74.4818,170751
74.4859,170627
74.4900,170875
74.4940,170285
74.4981,170893
74.5022,170494
74.5063,170398
74.5104,169906
74.5145,170376
74.5185,170677
74.5227,170460
74.5267,169944
74.5308,170233
74.5349,170629
74.5390,170065
74.5431,169689
74.5472,170543
74.5513,170812
74.5554,170061
74.5595,170100
74.5636,169837
74.5677,170837
74.5718,170486
74.5759,170562
74.5801,170781
74.5841,170784
74.5885,170392
74.5923,169943
74.5924,170371
74.5964,170616
74.6005,170659
74.6046,170630
74.6087,170802
74.6128,170234
74.6170,169966
74.6210,170627
74.6252,170233
74.6292,170132
74.6333,170471
74.6374,170340
74.6415,170157
74.6456,170148
74.6497,170318
74.6538,170202
74.6579,170385
74.6621,169953
74.6662,170097
74.6702,169887
74.6743,169828
74.6783,169405
74.6825,170342
74.6866,170531
74.6907,170329
74.6948,170069
74.6989,169705
74.7030,170443
74.7070,170593
74.7111,170590
74.7154,170416
74.7195,169892
74.7196,170905
74.7235,170525
74.7275,170322
74.7316,170207
74.7357,169650
74.7397,170608
74.7439,170149
74.7480,170304
74.7522,170082
74.7561,169840
74.7603,171174
74.7644,170053
74.7685,170607
74.7725,170631
74.7766,169761
74.7807,171065
74.7848,170092
74.7891,169927
74.7930,170202
74.7971,170000
74.8012,171638
74.8052,170920
74.8094,170556
74.8135,170744
74.8175,170226
74.8216,171197
74.8257,170030
74.8299,170274
74.8339,170437
74.8381,170267
74.8423,171174
74.8465,170811
74.8466,170593
74.8504,170898
74.8546,169979
74.8586,171457
74.8628,170113
74.8668,170620
74.8708,170360
74.8749,169957
74.8790,171502
74.8832,170051
74.8873,170175
74.8914,170051
74.8955,170422
74.8996,170744
74.9036,170016
74.9078,170697
74.9118,170305
74.9159,170648
74.9200,170816
74.9242,170276
74.9282,170567
74.9323,170196
74.9364,169875
74.9405,170627
74.9446,169704
74.9487,170448
74.9528,170784
74.9569,169712
74.9610,171015
74.9652,169943
74.9694,170978
74.9733,170276
74.9734,170401
74.9774,171138
74.9815,170204
74.9855,170610
74.9897,169945
74.9938,170431
74.9979,170992
75.0020,170332
75.0059,170790
75.0102,170435
75.0142,170074
75.0183,171026
75.0224,170305
75.0265,170277
75.0306,170626
75.0347,170069
75.0388,171097
75.0429,169996
75.0470,170554
75.0513,170676
75.0552,170383
75.0592,170631
75.0633,170689
75.0676,170285
75.0715,170781
75.0757,170470
75.0797,170455
75.0839,170868
75.0880,171018
75.0921,170565
75.0963,170313
75.1004,170810
75.1045,170655
75.1045,170900
75.1085,170442
75.1126,170361
75.1167,170173
75.1207,170725
75.1248,170249
75.1289,170613
75.1330,170804
75.1371,170300
75.1412,170727
75.1453,170379
75.1494,170712
75.1535,170264
75.1575,170426
75.1616,170263
75.1657,170969
75.1698,170252
75.1739,170824
75.1780,170167
75.1821,170514
75.1862,170336
75.1903,171024
75.1944,170694
75.1985,169893
75.2026,170756
75.2067,170794
75.2107,170365
75.2148,171164
75.2190,169571
75.2233,171189
75.2276,170029
75.2315,170830
75.2315,170378
75.2354,170202
75.2395,170598
75.2436,170579
75.2476,170651
75.2518,170728
75.2558,169584
75.2600,171303
75.2641,170644
75.2682,170982
75.2723,170684
75.2764,169966
75.2804,170964
75.2846,170369
75.2886,170552
75.2928,170802
75.2969,169803
75.3010,171399
75.3051,170470
75.3091,170140
75.3133,170112
75.3173,170329
75.3214,172019
75.3255,170623
75.3296,170750
75.3337,170426
75.3378,170145
75.3420,171808
75.3460,170460
75.3502,170361
75.3543,170336
75.3584,170479
75.3585,171769
75.3624,170110
75.3665,170363
75.3706,170623
75.3747,169813
75.3788,171383
75.3830,169998
75.3870,170589
75.3911,170341
75.3951,169912
75.3993,172005
75.4034,170306
75.4074,170652
75.4116,170294
75.4156,170563
75.4197,171851
75.4238,169888
75.4279,170395
75.4320,170691
75.4362,170068
75.4402,171482
75.4443,169926
75.4484,170438
75.4525,170624
75.4566,170104
75.4607,171501
75.4648,170402
75.4689,170710
75.4729,170485
75.4772,170400
75.4813,171587
75.4854,169788
75.4854,170372
75.4893,170537
75.4935,170620
75.4976,171381
75.5017,170260
75.5056,170662
75.5098,170459
75.5139,170885
75.5180,171276
75.5222,170323
75.5262,170418
75.5303,170508
75.5344,170680
75.5385,171419
75.5426,170531
75.5467,170233
75.5508,170240
75.5549,170331
75.5590,171407
75.5631,170366
75.5672,170959
75.5713,170707
75.5754,170852
75.5795,171246
75.5836,170317
75.5877,170441
75.5918,170270
75.5958,170589
75.6000,170719
75.6041,170665
75.6084,170802
75.6124,170523
75.6125,170855
75.6164,171042
75.6205,170848
75.6245,170626
75.6286,171141
75.6327,170565
75.6367,170868
75.6409,170561
75.6450,171061
75.6491,170468
75.6532,170764
75.6573,170683
75.6614,170882
75.6655,170435
75.6696,170913
75.6737,170802
75.6777,170400
75.6818,171027
75.6859,170712
75.6900,170692
75.6942,170430
75.6982,170480
75.7023,170375
75.7065,170676
75.7105,170606
75.7146,170400
75.7187,170022
75.7228,170729
75.7269,169905
75.7309,170478
75.7352,170125
75.7392,169856
75.7434,171043
75.7435,170460
75.7474,170506
75.7515,170379
75.7555,170044
75.7597,170185
75.7638,170019
75.7679,170915
75.7720,170145
75.7763,169635
75.7803,170694
75.7844,170873
75.7884,170725
75.7925,170465
75.7965,169886
75.8006,171114
75.8048,170560
75.8090,170251
75.8129,170405
75.8169,169468
75.8211,171596
75.8251,171102
75.8293,170575
75.8334,170271
75.8375,169537
75.8416,170795
75.8457,169859
75.8498,170351
75.8539,170307
75.8579,169539
75.8624,171400
75.8664,170123
75.8705,170925
75.8706,170976
75.8744,169478
75.8785,171492
75.8825,170509
75.8867,170642
75.8908,170624
75.8948,170192
75.8989,171323
75.9030,170389
75.9071,170237
75.9112,170322
75.9153,170144
75.9194,171805
75.9235,169872
75.9276,170742
75.9317,170434
75.9358,170392
75.9399,171675
75.9440,170186
75.9481,170639
75.9522,171304
75.9563,170762
75.9611,171174
75.9645,169809
75.9686,170600
75.9726,170891
75.9768,170186
75.9809,171560
75.9850,170063
75.9890,170511
75.9933,171074
75.9974,170442
75.9975,171232
76.0014,170186
76.0053,170286
76.0095,170947
76.0137,170248
76.0177,171562
76.0218,170076
76.0259,170276
76.0300,171081
76.0342,170664
76.0382,171389
76.0423,169978
76.0464,170834
76.0505,170336
76.0546,170692
76.0587,170861
76.0628,169313
76.0669,170627
76.0710,171211
76.0751,170587
76.0792,171369
76.0834,170167
76.0875,170562
76.0914,170434
76.0955,170408
76.0995,171329
76.1037,170290
76.1077,169991
76.1118,170564
76.1162,169934
76.1203,170979
76.1244,170321
76.1244,170190
76.1283,170268
76.1324,170031
76.1364,170968
76.1405,169866
76.1446,170813
76.1488,170216
76.1529,170760
76.1570,171510
76.1611,170027
76.1652,170948
76.1693,171333
76.1734,170534
76.1775,170748
76.1815,170815
76.1856,170639
76.1897,170518
76.1937,170899
76.1980,170141
76.2019,170419
76.2060,170370
76.2101,170092
76.2143,170368
76.2184,170221
76.2224,170613
76.2265,170692
76.2306,170207
76.2347,170360
76.2388,170769
76.2432,169848
76.2473,170008
76.2511,170659
76.2512,170954
76.2552,170482
76.2593,170343
76.2634,171204
76.2675,170818
76.2717,170537
76.2758,170116
76.2798,170544
76.2840,170433
76.2880,170737
76.2921,170809
76.2963,169896
76.3003,170534
76.3045,170663
76.3085,170352
76.3126,170832
76.3167,170548
76.3208,170854
76.3249,170434
76.3290,170246
76.3331,170900
76.3372,169594
76.3413,170969
76.3454,170726
76.3495,171014
76.3536,170492
76.3577,170593
76.3618,170975
76.3659,170835
76.3700,170400
76.3743,170812
76.3782,170091
76.3783,171060
76.3823,170399
76.3864,170402
76.3904,170978
76.3945,169933
76.3986,171396
76.4028,170494
76.4069,170520
76.4109,171062
76.4150,169836
76.4191,171223
76.4232,170243
76.4273,170447
76.4314,170604
76.4355,170091
76.4396,171229
76.4437,169819
76.4477,170548
76.4519,170957
76.4560,170254
76.4601,171677
76.4642,170600
76.4683,170296
76.4724,170276
76.4765,170810
76.4806,171941
76.4847,169778
76.4886,171102
76.4929,170317
76.4969,169850
76.5012,171162
76.5050,170565
76.5051,170448
76.5092,170692
76.5133,169952
76.5174,171867
76.5215,170083
76.5255,171057
76.5298,170287
76.5337,170431
76.5378,171594
76.5419,169719
76.5460,170312
76.5501,170969
76.5542,170751
76.5583,171515
76.5624,169921
76.5665,170575
76.5706,170858
76.5747,170261
76.5788,171009
76.5830,170219
76.5869,170316
76.5911,170718
76.5952,170668
76.5992,171190
76.6034,170151
76.6075,170983
76.6115,171175
76.6156,170704
76.6197,171320
76.6238,169823
76.6282,170782
76.6323,170947
76.6324,170660
76.6361,171428
76.6402,170043
76.6444,170604
76.6484,170103
76.6525,170330
76.6566,170988
76.6607,170211
76.6648,170945
76.6689,170185
76.6730,170570
76.6772,170397
76.6813,169723
76.6854,171041
76.6895,170764
76.6935,170043
76.6977,170873
76.7017,170207
76.7059,170214
76.7100,170848
76.7140,170864
76.7182,170500
76.7222,171070
76.7263,170527
76.7304,171045
76.7345,170092
76.7385,170614
76.7427,170479
76.7468,170191
76.7509,170977
76.7549,170202
76.7591,170435
76.7632,169937
76.7634,170440
76.7674,170755
76.7714,170518
76.7755,170654
76.7796,169706
76.7836,170743
76.7877,171099
76.7918,170907
76.7959,169717
76.8000,170684
76.8041,170706
76.8082,170799
76.8123,170826
76.8164,170326
76.8205,169731
76.8246,170369
76.8287,169916
76.8327,170152
76.8368,170294
76.8409,170357
76.8452,170562
76.8492,170432
76.8533,170777
76.8574,169603
76.8615,170478
76.8656,170408
76.8697,170604
76.8737,170416
76.8778,169778
76.8820,170738
76.8862,170470
76.8900,170612
76.8901,170832
76.8943,169687
76.8983,170945
76.9024,170415
76.9065,170485
76.9106,169681
76.9147,169517
76.9188,171238
76.9229,170684
76.9270,170447
76.9311,170415
76.9352,169900
76.9393,171256
76.9434,170719
76.9475,170746
76.9516,170547
76.9557,169504
76.9597,171971
76.9638,170381
76.9679,170690
76.9720,170723
76.9762,170220
76.9803,171490
76.9843,170391
76.9884,170438
76.9925,170797
76.9966,170231
77.0007,172064
77.0049,170389
77.0090,170645
77.0130,170351
77.0170,170033
77.0171,171494
77.0212,170014
77.0252,170382
77.0294,170858
77.0335,170058
77.0376,171791
77.0416,169740
77.0458,170857
77.0499,170997
77.0540,170354
77.0581,171505
77.0622,169702
77.0663,170891
77.0704,170571
77.0745,169947
77.0786,171624
77.0826,169896
77.0867,170722
77.0908,170462
77.0949,170220
77.0991,171314
77.1031,170169
77.1072,170374
77.1113,170683
77.1154,170557
77.1195,170835
77.1236,170169
77.1277,170115
77.1318,169906
77.1361,170222
77.1401,171363
77.1443,169615
77.1445,171022
77.1481,170590
77.1522,170951
77.1563,170952
77.1604,169539
77.1645,170565
77.1686,171087
77.1727,170110
77.1768,170784
77.1808,169881
77.1850,170869
77.1891,171082
77.1931,170875
77.1973,170729
77.2013,169897
77.2054,171165
77.2096,171141
77.2137,170371
77.2178,170953
77.2219,170440
77.2260,170666
77.2302,171354
77.2342,170587
77.2382,171302
77.2424,169977
77.2465,170309
77.2506,170490
77.2546,170707
77.2588,170766
77.2629,169642
77.2672,170638
77.2712,170335
77.2713,170587
77.2752,170502
77.2792,170675
77.2833,170658
77.2877,170286
77.2915,170046
77.2955,170713
77.2997,169834
77.3037,170780
77.3079,170657
77.3119,170246
77.3160,170021
77.3201,170464
77.3242,171108
77.3283,170764
77.3324,170268
77.3365,170230
77.3406,169763
77.3447,170009
77.3488,170536
77.3529,170326
77.3570,170093
77.3612,169859
77.3653,170172
77.3694,170190
77.3735,170916
77.3776,169770
77.3816,170396
77.3858,170108
77.3899,169957
77.3940,170564
77.3983,169836
77.3984,170390
77.4021,170678
77.4062,170324
77.4103,170895
77.4144,170000
77.4185,170802
77.4226,170599
77.4267,169823
77.4308,170208
77.4348,169648
77.4390,170480
77.4431,170477
77.4472,170492
77.4513,170593
77.4554,169923
77.4595,170844
77.4636,170476
77.4677,170458
77.4718,170086
77.4759,169894
77.4800,171377
77.4841,170660
77.4880,170698
77.4922,170679
77.4963,170141
77.5004,170854
77.5044,170125
77.5086,170455
77.5127,170056
77.5168,170156
77.5211,171278
77.5251,170563
77.5252,170166
77.5292,170304
77.5332,169494
77.5372,171281
77.5413,170129
77.5454,170741
77.5496,170132
77.5536,169736
77.5578,171794
77.5619,170151
77.5660,170011
77.5701,170328
77.5742,169633
77.5782,171351
77.5823,170146
77.5863,170591
77.5906,170655
77.5946,169729
77.5988,171144
77.6029,169954
77.6070,170269
77.6111,170335
77.6151,169803
77.6191,170469
77.6233,170079
77.6274,170073
77.6315,170568
77.6356,169786
77.6397,170883
77.6438,169459
77.6481,170333
77.6521,170489
77.6522,170226
77.6561,170705
77.6602,169460
77.6643,170361
77.6684,170601
77.6725,169844
77.6766,171269
77.6807,169999
77.6847,170633
77.6889,170350
77.6929,170700
77.6970,170854
77.7012,170233
77.7052,170237
77.7093,170638
77.7134,170347
77.7175,171162
77.7217,170155
77.7257,170891
77.7298,170383
77.7339,170472
77.7380,171674
77.7422,170735
77.7462,170346
77.7503,170072
77.7543,170778
77.7585,170856
77.7625,170432
77.7667,170112
77.7707,170542
77.7751,170140
77.7792,171182
77.7832,169917
77.7832,170481
77.7871,170642
77.7912,170324
77.7953,170606
77.7994,169411
77.8035,170480
77.8076,170289
77.8116,170688
77.8158,170931
77.8199,169943
77.8240,170299
77.8281,170460
77.8322,170570
77.8363,170294
77.8404,170034
77.8445,169967
77.8486,170538
77.8526,169983
77.8568,170735
77.8608,170294
77.8649,170114
77.8691,170535
77.8732,170076
77.8772,170253
77.8813,170123
77.8854,170616
77.8895,170307
77.8936,170617
77.8977,169784
77.9022,170385
77.9060,170656
77.9099,170395
77.9100,170083
77.9141,169736
77.9181,170323
77.9223,169634
77.9264,170246
77.9305,170378
77.9346,169755
77.9387,170598
77.9428,170756
77.9469,170035
77.9510,171003
77.9551,169720
77.9592,170150
77.9632,170118
77.9673,170320
77.9714,170333
77.9755,170201
77.9796,170923
77.9837,170039
77.9878,170665
77.9919,170404
77.9960,169238
78.0001,170661
78.0041,170943
78.0083,170313
78.0124,170159
78.0164,170310
78.0206,171321
78.0247,170118
78.0290,170597
78.0331,170748
78.0371,170144
78.0372,170739
78.0411,169845
78.0452,170200
78.0493,170694
78.0533,169422
78.0574,171308
78.0616,170432
78.0656,170958
78.0698,170085
78.0738,169599
78.0779,171707
78.0820,170193
78.0861,170158
78.0902,170670
78.0943,169743
78.0983,171631
78.1024,170324
78.1065,169948
78.1107,170602
78.1147,169662
78.1189,171731
78.1230,170221
78.1271,170664
78.1312,170497
78.1353,169916
78.1394,170868
78.1435,169787
78.1475,170171
78.1517,171115
78.1557,169811
78.1600,171009
78.1641,169893
78.1642,170187
78.1681,170194
78.1721,170043
78.1761,171209
78.1803,170134
78.1844,170317
78.1885,170113
78.1926,170380
78.1967,171251
78.2008,169595
78.2049,170334
78.2090,170435
78.2131,170143
78.2171,170839
78.2213,169941
78.2254,170443
78.2295,170137
78.2336,170231
78.2376,171013
78.2418,169938
78.2459,170726
78.2500,170391
78.2541,170103
78.2581,171488
78.2622,169943
78.2667,170934
78.2704,170334
78.2746,170380
78.2787,171084
78.2828,169865
78.2870,170607
78.2911,170225
78.2912,170655
78.2951,171031
78.2990,169923
78.3032,170502
78.3073,170699
78.3114,170029
78.3155,171744
78.3196,170547
78.3238,170840
78.3277,170492
78.3318,170005
78.3359,171361
78.3401,170278
78.3441,170587
78.3483,170396
78.3524,170404
78.3565,170699
78.3606,170074
78.3647,170530
78.3687,170505
78.3728,170029
78.3769,170277
78.3810,170080
78.3851,170308
78.3892,170322
78.3933,170222
78.3974,170435
78.4015,170604
78.4055,170534
78.4097,170426
78.4139,170264
78.4179,170089
78.4179,170066
78.4220,170298
78.4261,171000
78.4302,170488
78.4343,170061
78.4384,170319
78.4425,170734
78.4466,170158
78.4506,170800
78.4547,169894
78.4588,170092
78.4629,170096
78.4670,170446
78.4711,170052
78.4751,169239
78.4793,169862
78.4834,170643
78.4874,170307
78.4916,170473
78.4956,169351
78.4997,170010
78.5039,170098
78.5079,170409
78.5120,170208
78.5161,169489
78.5202,170151
78.5243,170093
78.5284,170447
78.5325,170768
78.5366,169499
78.5412,170815
78.5452,170955
78.5452,170576
78.5490,170607
78.5531,169668
78.5572,170963
78.5612,170335
78.5653,170111
78.5695,170482
78.5736,169790
78.5776,171231
78.5817,170397
78.5859,170311
78.5899,170918
78.5940,169664
78.5982,171303
78.6022,170352
78.6063,170626
78.6103,170558
78.6146,169739
78.6186,171220
78.6227,170496
78.6270,170629
78.6309,170416
78.6350,169485
78.6392,171294
78.6432,170104
78.6473,170758
78.6514,170544
78.6555,169407
78.6596,171470
78.6637,169962
78.6680,170100
78.6720,170415
78.6721,169950
78.6759,171529
78.6800,169609
78.6841,170141
78.6882,170172
78.6923,169300
78.6965,171341
78.7005,169765
78.7046,170527
78.7087,170438
78.7128,170085
78.7169,171434
78.7210,170078
78.7251,170223
78.7292,170369
78.7333,170002
78.7374,171010
78.7415,169993
78.7456,170246
78.7497,170313
78.7537,170138
78.7579,171229
78.7620,169574
78.7661,170180
78.7702,170018
78.7741,170371
78.7784,170888
78.7824,170186
78.7865,169550
78.7907,170073
78.7949,170749
78.7990,171145
78.8030,169434
78.8031,170455
78.8070,170417
78.8111,170298
78.8152,171238
78.8193,169896
78.8234,170528
78.8275,170482
78.8316,170145
78.8357,170848
78.8398,170024
78.8439,170236
78.8480,170329
78.8521,170369
78.8562,171079
78.8603,170413
78.8644,170779
78.8685,170295
78.8726,169627
78.8766,170738
78.8807,170139
78.8848,169797
78.8889,170322
78.8930,169964
78.8971,170204
78.9012,169837
78.9053,170247
78.9094,170096
78.9135,170333
78.9176,170037
78.9219,169849
78.9260,170155
78.9300,170455
78.9301,170255
78.9340,170029
78.9381,169553
78.9422,170129
78.9463,170395
78.9504,170309
78.9546,170640
78.9586,170408
78.9627,170619
78.9668,170824
78.9709,170526
78.9750,170190
78.9791,169752
78.9831,170446
78.9872,170466
78.9913,170351
78.9954,169961
78.9995,170414
79.0035,170633
79.0077,169860
79.0118,170661
79.0159,169658
79.0200,169830
79.0241,170494
79.0282,170212
79.0323,169926
79.0364,169342
79.0405,169583
79.0446,170057
79.0487,169849
79.0529,170547
79.0570,169828
79.0571,170714
79.0610,170532
79.0650,170218
79.0691,170350
79.0732,169643
79.0773,170185
79.0813,170169
79.0855,170349
79.0896,170687
79.0937,169680
79.0978,170904
79.1019,170456
79.1060,170810
79.1101,171012
79.1141,169697
79.1183,170588
79.1224,170183
79.1264,169589
79.1306,170453
79.1347,168970
79.1388,171253
79.1429,170339
79.1469,170379
79.1511,170218
79.1551,169248
79.1593,170654
79.1634,170325
79.1675,170089
79.1716,170321
79.1757,169049
79.1799,171111
79.1840,169784
79.1840,170201
79.1879,170711
79.1920,169963
79.1961,171139
79.2001,170220
79.2043,170148
79.2084,170360
79.2125,169863
79.2165,171084
79.2207,170464
79.2248,170341
79.2289,170386
79.2330,169538
79.2371,171698
79.2412,169383
79.2453,170201
79.2494,170277
79.2534,169512
79.2575,171328
79.2616,169896
79.2658,170026
79.2698,170282
79.2739,169606
79.2780,170378
79.2821,169312
79.2862,170145
79.2904,169993
79.2944,169711
79.2985,171345
79.3026,169825
79.3069,170112
79.3110,170486
79.3111,169540
79.3148,170811
79.3189,169725
79.3231,170192
79.3271,170391
79.3312,170392
79.3353,170617
79.3394,169748
79.3435,170138
79.3475,170233
79.3516,169719
79.3558,170562
79.3598,169783
79.3639,170477
79.3682,170431
79.3723,170343
79.3764,171504
79.3804,169725
79.3845,169905
79.3887,170423
79.3927,170346
79.3968,171050
79.4009,170657
79.4050,170380
79.4091,170090
79.4132,170187
79.4174,171126
79.4214,169523
79.4255,170589
79.4297,169633
79.4339,170465
79.4380,170629
79.4381,170197
79.4418,170133
79.4459,170489
79.4501,170315
79.4541,170303
79.4582,169782
79.4623,169979
79.4664,170485
79.4705,169939
79.4746,169793
79.4786,170140
79.4827,170188
79.4868,170391
79.4909,170279
79.4951,170630
79.4991,170040
79.5032,170353
79.5073,170530
79.5114,169799
79.5155,170256
79.5196,169854
79.5237,170630
79.5278,170166
79.5319,169817
79.5362,169533
79.5402,169788
79.5443,169950
79.5483,170120
79.5524,170565
79.5565,169410
79.5609,169885
79.5650,170556
79.5650,170622
79.5688,170553
79.5729,169648
79.5770,169842
79.5810,170670
79.5852,170144
79.5893,170576
79.5934,169780
79.5975,170645
79.6016,170425
79.6057,169650
79.6098,170574
79.6139,169665
79.6180,170659
79.6221,170275
79.6262,170577
79.6303,170224
79.6344,169383
79.6385,170390
79.6426,170030
79.6467,170078
79.6508,170448
79.6549,169379
79.6589,170183
79.6631,170255
79.6672,170857
79.6713,169788
79.6754,169668
79.6794,171457
79.6836,170209
79.6878,170771
79.6920,170735
79.6921,169457
79.6957,171121
79.6998,170104
79.7039,170062
79.7080,170328
79.7121,169534
79.7162,171008
79.7203,169985
79.7244,170473
79.7285,170032
79.7327,169073
79.7367,171275
79.7408,169996
79.7449,169999
79.7490,170055
79.7531,169552
79.7572,171142
79.7613,170002
79.7655,170198
79.7695,170058
79.7737,169398
79.7777,171111
79.7817,169693
79.7859,170267
79.7901,169960
79.7941,169958
79.7982,171178
79.8023,169620
79.8064,170605
79.8106,170318
79.8149,169779
79.8189,171883
79.8230,169809
79.8231,169922
79.8269,170207
79.8310,170294
79.8351,171090
79.8391,170027
79.8433,170810
79.8474,170353
79.8515,169988
79.8556,170944
79.8597,169346
79.8638,170472
79.8679,170032
79.8719,170279
79.8760,171333
79.8800,169874
79.8841,170014
79.8883,170620
79.8924,170511
79.8964,171118
79.9006,169630
79.9046,170265
79.9087,170106
79.9128,169962
79.9169,171319
79.9211,169791
79.9252,170535
79.9293,170873
79.9334,170268
79.9374,171259
79.9418,170455
79.9459,170146
79.9499,170447
79.9500,170576
79.9539,170699
79.9580,169910
79.9621,170501
79.9662,170329
79.9702,170539
79.9743,170714
79.9784,170084
79.9825,170647
79.9865,170712
79.9907,170483
79.9948,170592
79.9989,170330
80.0029,170261
80.0071,170634
80.0112,170127
80.0153,170527
80.0193,170361
80.0235,170187
80.0276,170484
80.0317,170498
80.0358,170255
80.0399,169646
80.0440,170345
80.0480,170395
80.0522,170525
80.0563,170354
80.0604,170427
80.0645,170400
80.0688,170453
80.0728,170647
80.0769,170556
80.0769,169977
80.0807,170021
80.0849,169971
80.0890,170025
80.0931,169935
80.0971,169682
80.1012,170795
80.1053,170190
80.1095,170390
80.1136,169619
80.1176,169511
80.1218,170349
80.1259,170672
80.1300,170601
80.1341,169719
80.1382,170302
80.1423,170781
80.1464,170098
80.1505,170604
80.1545,169781
80.1586,170490
80.1627,170131
80.1668,170450
80.1709,170199
80.1750,169703
80.1791,170692
80.1832,170103
80.1873,170299
80.1914,170658
80.1956,169823
80.1997,170238
80.2038,170663
80.2039,170288
80.2078,170137
80.2119,169578
80.2160,170624
80.2201,170370
80.2241,170292
80.2283,170176
80.2324,169601
80.2364,170504
80.2405,170391
80.2447,170314
80.2488,170347
80.2528,170209
80.2570,171596
80.2611,170040
80.2652,170062
80.2692,170170
80.2733,169574
80.2774,171050
80.2815,169392
80.2856,171051
80.2897,170330
80.2938,169193
80.2979,171398
80.3020,169802
80.3061,169875
80.3102,170312
80.3143,169676
80.3187,171332
80.3224,169911
80.3268,169732
80.3308,170685
80.3309,169895
80.3348,171785
80.3388,169638
80.3430,170857
80.3471,170322
80.3512,169429
80.3553,171295
80.3594,169352
80.3635,170490
80.3676,170178
80.3717,169923
80.3757,171375
80.3798,169419
80.3839,171082
80.3880,170415
80.3920,169342
80.3962,171488
80.4003,170229
80.4044,170585
80.4085,170320
80.4126,170381
80.4167,171162
80.4208,169901
80.4249,170238
80.4290,169834
80.4331,170146
80.4372,171425
80.4413,169745
80.4454,170154
80.4495,170279
80.4537,170061
80.4577,170786
80.4577,169625
80.4617,170722
80.4658,170077
80.4700,170267
80.4741,171263
80.4781,169350
80.4822,170438
80.4863,170242
80.4904,170029
80.4945,171267
80.4985,169851
80.5027,170790
80.5068,170929
80.5109,170065
80.5150,170775
80.5190,169940
80.5232,170453
80.5272,170277
80.5313,170505
80.5354,171219
80.5395,169576
80.5437,170740
80.5478,170378
80.5519,170164
80.5560,170717
80.5601,169912
80.5642,170361
80.5683,170818
80.5724,170337
80.5764,170957
80.5807,169927
80.5848,169918
80.5888,170483
80.5889,170191
80.5928,170860
80.5969,169977
80.6010,170092
80.6051,170382
80.6091,170176
80.6132,170503
80.6174,170400
80.6215,170452
80.6256,170252
80.6297,170756
80.6337,170089
80.6379,170421
80.6419,170658
80.6460,170579
80.6501,169834
80.6543,169991
80.6584,170520
80.6625,170213
80.6665,170045
80.6707,170707
80.6747,170002
80.6787,170428
80.6829,170088
80.6870,170910
80.6911,169952
80.6952,170246
80.6993,169959
80.7034,169860
80.7077,170579
80.7118,170949
80.7158,170427
80.7159,169956
80.7198,170165
80.7238,170644
80.7279,170800
80.7321,169526
80.7361,170317
80.7403,170371
80.7444,170935
80.7484,170390
80.7525,170109
80.7567,170445
80.7608,170104
80.7649,170682
80.7689,170474
80.7730,169789
80.7771,170771
80.7812,170011
80.7853,170893
80.7894,170016
80.7935,169500
80.7976,171397
80.8016,170214
80.8057,170140
80.8098,170803
80.8139,169973
80.8181,170416
80.8221,169966
80.8262,170567
80.8303,170545
80.8345,169762
80.8385,171509
80.8425,169855
80.8426,170172
80.8467,170513
80.8508,170044
80.8549,171673
80.8590,170067
80.8631,170502
80.8672,170922
80.8713,169642
80.8757,171273
80.8795,169735
80.8835,169965
80.8876,170782
80.8917,170128
80.8958,171331
80.8999,170021
80.9041,170961
80.9081,170626
80.9122,169710
80.9163,171414
80.9204,169454
80.9245,170564
80.9286,170854
80.9327,169186
80.9368,171303
80.9409,169904
80.9451,170467
80.9491,170174
80.9533,169679
80.9573,171211
80.9614,169489
80.9656,170582
80.9695,170315
80.9696,170017
80.9737,171354
80.9778,170028
80.9819,170527
80.9865,170860
80.9903,169701
80.9941,171153
80.9982,169269
81.0023,170649
81.0068,170719
81.0105,170044
81.0146,171314
81.0187,169843
81.0239,170511
81.0269,170501
81.0310,170924
81.0351,170941
81.0406,170419
81.0435,170556
81.0473,170434
81.0514,170690
81.0568,170517
81.0600,169966
81.0638,170793
81.0678,170321
81.0740,170045
81.0767,170707
81.0801,169960
81.0842,170319
81.0912,170461
81.0926,170387
81.0966,170744
81.0967,170245
81.1006,170006
81.1072,170540
81.1094,170283
81.1129,170845
81.1170,169853
81.1212,169969
81.1256,170328
81.1294,170331
81.1335,170835
81.1375,170224
81.1422,170610
81.1459,170432
81.1498,170203
81.1539,170852
81.1583,170383
81.1622,170141
81.1662,170626
81.1703,170673
81.1751,170959
81.1788,169918
81.1825,170582
81.1867,170869
81.1907,170748
81.1954,169657
81.1992,170140
81.2031,170728
81.2071,170694
81.2116,170856
81.2153,170382
81.2197,170037
81.2236,170456
81.2242,170798
81.2276,170570
81.2317,169976
81.2358,170905
81.2403,170444
81.2444,170917
81.2481,170033
81.2521,170063
81.2565,170276
81.2605,170290
81.2646,170813
81.2686,169838
81.2734,169094
81.2769,170635
81.2810,170735
81.2850,170058
81.2902,170443
81.2933,170025
81.2972,170742
81.3013,170281
81.3066,170493
81.3105,170461
81.3138,169799
81.3177,171073
81.3231,170196
81.3265,170754
81.3301,170816
81.3341,170054
81.3400,170991
81.3428,170437
81.3464,170809
81.3506,170601
81.3546,169646
81.3547,171486
81.3587,170759
81.3627,171086
81.3668,170653
81.3710,170018
81.3754,171446
81.3792,170667
81.3833,171002
81.3874,170838
81.3916,169842
81.3955,171782
81.3996,169872
81.4038,170657
81.4079,170517
81.4119,170308
81.4160,171386
81.4203,170117
81.4250,170623
81.4283,171329
81.4324,170244
81.4365,171836
81.4410,170328
81.4447,170144
81.4488,170862
81.4529,170045
81.4579,171943
81.4612,170298
81.4653,170568
81.4693,170719
81.4743,169654
81.4776,171476
81.4816,169463
81.4817,170629
81.4856,170437
81.4902,169978
81.4942,171139
81.4979,169785
81.5020,171006
81.5064,170534
81.5114,170177
81.5143,171304
81.5184,169779
81.5228,170625
81.5273,170860
81.5307,170437
81.5348,171428
81.5403,169611
81.5434,170655
81.5473,170841
81.5513,170645
81.5564,171167
81.5596,169839
81.5636,170927
81.5676,170755
81.5728,170371
81.5762,170945
81.5799,170347
81.5839,170229
81.5894,170648
81.5928,169929
81.5964,171531
81.6004,169859
81.6066,170797
81.6086,170826
81.6087,170794
81.6126,171643
81.6167,169953
81.6226,170448
81.6254,170302
81.6292,169987
81.6331,171418
81.6372,170254
81.6417,170559
81.6455,171144
81.6495,170732
81.6537,171222
81.6578,170449
81.6626,170829
81.6660,171061
81.6700,170762
81.6743,170835
81.6785,170489
81.6822,170702
81.6864,170911
81.6909,170654
81.6951,171017
81.6987,170295
81.7028,170869
81.7075,170396
81.7115,170597
81.7151,170578
81.7194,170143
81.7238,170603
81.7278,170436
81.7314,170611
81.7355,170840
81.7356,170370
81.7402,170481
81.7437,170935
81.7479,170025
81.7519,170662
81.7565,170329
81.7605,170532
81.7646,170788
81.7682,170400
81.7727,170004
81.7765,169871
81.7806,170580
81.7847,171150
81.7897,170465
81.7937,170313
81.7969,170177
81.8010,171095
81.8062,170621
81.8097,170622
81.8136,170237
81.8174,170605
81.8227,170942
81.8261,170602
81.8299,170693
81.8338,170142
81.8392,169930
81.8420,170559
81.8462,170505
81.8502,170698
81.8556,169589
81.8585,170507
81.8624,170383
81.8625,170319
81.8666,170724
81.8707,170492
81.8754,170813
81.8788,171223
81.8829,170570
81.8871,170575
81.8922,169727
81.8952,170637
81.8993,170236
81.9035,170581
81.9080,170426
81.9117,169782
81.9158,171049
81.9198,170358
81.9240,170531
81.9282,170662
81.9321,170060
81.9362,171494
81.9413,170552
81.9445,170571
81.9485,170516
81.9526,169753
81.9571,171718
81.9607,170242
81.9648,170232
81.9689,171026
81.9747,169781
81.9773,171796
81.9813,169964
81.9855,170491
81.9898,171043
81.9899,169979
81.9935,171839
81.9976,169799
82.0017,170510
82.0088,170316
82.0100,170736
82.0140,171689
82.0181,170098
82.0224,170474
82.0263,171112
82.0304,170009
82.0345,171871
82.0396,170535
82.0431,170436
82.0468,170276
82.0508,170487
82.0562,171830
82.0591,170541
82.0631,170574
82.0672,170825
82.0723,170686
82.0755,171598
82.0795,170171
82.0836,170444
82.0889,170556
82.0919,170240
82.0959,171507
82.1000,169988
82.1060,170607
82.1086,170295
82.1124,170302
82.1164,171950
82.1165,169625
82.1206,170980
82.1251,171231
82.1291,170331
82.1328,171486
82.1369,170166
82.1413,170589
82.1456,170932
82.1492,170705
82.1533,171435
82.1578,170173
82.1615,170709
82.1656,170840
82.1697,170730
82.1745,171611
82.1780,170316
82.1820,170950
82.1861,170987
82.1906,170794
82.1942,171032
82.1983,169613
82.2027,170522
82.2074,170965
82.2107,170753
82.2148,171490
82.2188,170247
82.2238,170715
82.2272,170979
82.2312,170726
82.2353,171099
82.2399,170630
82.2436,170477
82.2477,170661
82.2478,170720
82.2516,171202
82.2565,170582
82.2599,170943
82.2638,170429
82.2679,170790
82.2738,170887
82.2761,170292
82.2802,170648
82.2843,171027
82.2897,171282
82.2925,170836
82.2966,170532
82.3007,170426
82.3074,171441
82.3089,170738
82.3130,170491
82.3171,170484
82.3245,170436
82.3253,171082
82.3295,170137
82.3336,170091
82.3376,169863
82.3419,170783
82.3458,170763
82.3498,171047
82.3540,170273
82.3583,170536
82.3622,170699
82.3663,170191
82.3705,170670
82.3744,170304
82.3745,170719
82.3785,170523
82.3826,170637
82.3867,170348
82.3909,170458
82.3949,170925
82.3990,170351
82.4031,170348
82.4076,170449
82.4113,170080
82.4154,170669
82.4195,170380
82.4247,170973
82.4277,170669
82.4318,170221
82.4361,171073
82.4414,169962
82.4442,170907
82.4483,170697
82.4523,169996
82.4572,170945
82.4604,170393
82.4645,171031
82.4686,170464
82.4729,170077
82.4768,171217
82.4809,170891
82.4850,171150
82.4898,170871
82.4934,169795
82.4976,171527
82.5016,170793
82.5017,171061
82.5056,170244
82.5099,170114
82.5137,171740
82.5178,170110
82.5234,170533
82.5260,170548
82.5301,170176
82.5342,171909
82.5396,170185
82.5427,170503
82.5466,170709
82.5506,170635
82.5560,172215
82.5596,170427
82.5630,170664
82.5670,171176
82.5724,170550
82.5755,171442
82.5793,170541
82.5834,170212
82.5886,171069
82.5921,170032
82.5956,171295
82.5997,170673
82.6058,170562
82.6089,171568
82.6123,170289
82.6162,171752
82.6205,170181
82.6244,170456
82.6287,170709
82.6287,170432
82.6325,171403
82.6366,170554
82.6410,170550
82.6448,170854
82.6488,170020
82.6530,171068
82.6576,170446
82.6611,170374
82.6652,170896
82.6694,170453
82.6739,171043
82.6775,170078
82.6816,171089
82.6857,170935
82.6903,170658
82.6939,171465
82.6980,169547
82.7021,170709
82.7070,170947
82.7103,170852
82.7144,170903
82.7185,170627
82.7231,170649
82.7267,170411
82.7308,170882
82.7349,171364
82.7398,170360
82.7431,170377
82.7472,170891
82.7513,170646
82.7556,171422
82.7557,170284
82.7604,170365
82.7635,170608
82.7676,170428
82.7719,171200
82.7763,169902
82.7802,170330
82.7841,170590
82.7885,170839
82.7931,170963
82.7963,170002
82.8004,170229
82.8056,170750
82.8093,170040
82.8127,171323
82.8168,170244
82.8218,170375
82.8259,170462
82.8291,170810
82.8332,171117
82.8373,170447
82.8416,170645
82.8459,170468
82.8496,170693
82.8556,170969
82.8581,170631
82.8624,170661
82.8659,170721
82.8716,170894
82.8742,170580
82.8784,170820
82.8825,170747
82.8825,170908
82.8864,170409
82.8908,170544
82.8947,170075
82.8987,170624
82.9028,170676
82.9070,170876
82.9115,170127
82.9152,170351
82.9193,170850
82.9234,170562
82.9277,170603
82.9315,169940
82.9356,170634
82.9404,170829
82.9438,171037
82.9479,170288
82.9520,170084
82.9561,170348
82.9604,170571
82.9643,170630
82.9684,170782
82.9724,169611
82.9768,170624
82.9808,170687
82.9848,170786
82.9893,170347
82.9931,170095
82.9970,170612
83.0011,170773
83.0057,170665
83.0095,170545
83.0134,169873
83.0136,171212
83.0175,170346
83.0222,170600
83.0259,170929
83.0298,169783
83.0338,170436
83.0384,170462
83.0422,170785
83.0463,170333
83.0504,169684
83.0557,171189
83.0587,170249
83.0627,170290
83.0666,170573
83.0723,170078
83.0749,170799
83.0794,169819
83.0831,170487
83.0891,171117
83.0917,170355
83.0958,171262
83.0994,170332
83.1049,170387
83.1082,170913
83.1120,170189
83.1158,171484
83.1206,170060
83.1244,170523
83.1286,170515
83.1324,170216
83.1364,171798
83.1404,170461
83.1404,170308
83.1444,170890
83.1485,169948
83.1527,171121
83.1573,170269
83.1609,170515
83.1649,170998
83.1691,170145
83.1737,171465
83.1773,169906
83.1813,170830
83.1855,170224
83.1903,170557
83.1937,171893
83.1978,169940
83.2020,170852
83.2066,170698
83.2100,170133
83.2141,171435
83.2184,169846
83.2224,170344
83.2264,170366
83.2304,170570
83.2346,171056
83.2400,170391
83.2428,170251
83.2469,170999
83.2509,170255
83.2556,171114
83.2593,170192
83.2632,170107
83.2675,170066
83.2676,170105
83.2721,170862
83.2757,170344
83.2797,171291
83.2838,170683
83.2888,170158
83.2925,171086
83.2960,169601
83.3001,170690
83.3052,170510
83.3086,170865
83.3131,171520
83.3165,170250
83.3215,170871
83.3250,170439
83.3288,170825
83.3329,171065
83.3390,170724
83.3411,170909
83.3453,170798
83.3494,170574
83.3548,171304
83.3578,170282
83.3616,170461
83.3656,170635
83.3697,170709
83.3745,170813
83.3780,169871
83.3821,170915
83.3862,171497
83.3902,170733
83.3943,170449
83.3944,170594
83.3985,170879
83.4026,170593
83.4081,170561
83.4107,170941
83.4148,170202
83.4190,170798
83.4236,170890
83.4271,170298
83.4312,170349
83.4353,170101
83.4395,170609
83.4435,170430
83.4475,170698
83.4517,170791
83.4560,170492
83.4600,170186
83.4640,170702
83.4680,171501
83.4729,170473
83.4762,170179
83.4803,170875
83.4844,170899
83.4885,170383
83.4926,169677
83.4967,170093
83.5008,170439
83.5050,170475
83.5090,170558
83.5131,169907
83.5172,170867
83.5215,170135
83.5215,170224
83.5255,170241
83.5295,169444
83.5336,170724
83.5385,170888
83.5418,170395
83.5458,170325
83.5499,169800
83.5555,170635
83.5582,170187
83.5623,170372
83.5663,170945
83.5720,169785
83.5745,170682
83.5786,170339
83.5827,170604
83.5887,170809
83.5910,170458
83.5950,171526
83.5991,170833
83.6045,170480
83.6081,170500
83.6114,169662
83.6155,171795
83.6211,170150
83.6239,170565
83.6278,170698
83.6319,169836
83.6361,171290
83.6408,169662
83.6443,170131
83.6484,170369
83.6484,169800
83.6525,171414
83.6564,169572
83.6606,170507
83.6647,170647
83.6688,169746
83.6730,172103
83.6770,170681
83.6811,171121
83.6851,170817
83.6905,169866
83.6933,171193
83.6974,170660
83.7015,170495
83.7068,170810
83.7097,169956
83.7138,171468
83.7179,170093
83.7223,170646
83.7261,170600
83.7302,170229
83.7343,171273
83.7386,169704
83.7437,170059
83.7466,170725
83.7506,170282
83.7553,170888
83.7592,169418
83.7629,170252
83.7670,171192
83.7712,169880
83.7753,171095
83.7754,169741
83.7794,169986
83.7835,170582
83.7889,170466
83.7916,171088
83.7957,170218
83.7998,170853
83.8050,170531
83.8080,170598
83.8121,171509
83.8162,169977
83.8219,170619
83.8247,170639
83.8286,170567
83.8326,171008
83.8379,170036
83.8413,170164
83.8448,170663
83.8490,170311
83.8531,171106
83.8578,169487
83.8612,170727
83.8653,171040
83.8695,170262
83.8738,171012
83.8777,170255
83.8817,171224
83.8858,170440
83.8903,170345
83.8941,171085
83.8983,169933
83.9023,170593
83.9062,170772
83.9064,170316
83.9104,171158
83.9146,169989
83.9187,170474
83.9236,170823
83.9268,170445
83.9309,170420
83.9351,170549
83.9392,171030
83.9433,170584
83.9473,170209
83.9513,170693
83.9563,169848
83.9602,170624
83.9637,170767
83.9678,171019
83.9724,171075
83.9760,170456
83.9800,170563
83.9841,170364
83.9887,170722
83.9926,170172
83.9965,170285
84.0006,170209
84.0050,170344
84.0088,170645
84.0133,170398
84.0169,170292
84.0214,170418
84.0253,170888
84.0294,170914
84.0335,170043
84.0336,170426
84.0379,170647
84.0417,170777
84.0457,170497
84.0497,169643
84.0546,170420
84.0584,170192
84.0619,170713
84.0660,170298
84.0713,170401
84.0743,170056
84.0784,169898
84.0824,170643
84.0877,170488
84.0908,169935
84.0948,170606
84.0988,170379
84.1046,170770
84.1077,171005
84.1112,169732
84.1153,170283
84.1194,170344
84.1234,170686
84.1286,170531
84.1316,169886
84.1357,170784
84.1403,170474
84.1445,170643
84.1479,170343
84.1523,170314
84.1561,171160
84.1605,170506
84.1606,170684
84.1644,170716
84.1686,170028
84.1730,171200
84.1766,170068
84.1807,170480
84.1848,170991
84.1892,169507
84.1930,171724
84.1971,170419
84.2012,170638
84.2057,170798
84.2102,170070
84.2135,170668
84.2176,169997
84.2221,170651
84.2258,170414
84.2299,170053
84.2340,171564
84.2384,169793
84.2422,170654
84.2464,170477
84.2504,170087
84.2561,171259
84.2585,169584
84.2626,170858
84.2667,170599
84.2721,170162
84.2754,171367
84.2792,169952
84.2832,170660
84.2878,170766
84.2886,170893
84.2913,171234
84.2954,169688
84.2995,170277
84.3054,170449
84.3077,170493
84.3118,170820
84.3159,169113
84.3214,170745
84.3243,170480
84.3282,169919
84.3323,170581
84.3379,170061
84.3405,170692
84.3446,170207
84.3487,170233
84.3527,170993
84.3577,169895
84.3609,170390
84.3650,170443
84.3692,170192
84.3736,170997
84.3773,170042
84.3814,170768
84.3855,170745
84.3898,171109
84.3943,171317
84.3978,170393
84.4019,170417
84.4066,170839
84.4103,170763
84.4142,171236
84.4143,170225
84.4183,170510
84.4228,170536
84.4265,170563
84.4306,171205
84.4347,170061
84.4388,170621
84.4431,170106
84.4470,170548
84.4511,170764
84.4555,170377
84.4600,170284
84.4635,170446
84.4674,170671
84.4720,171488
84.4763,169922
84.4798,170699
84.4838,170911
84.4881,170440
84.4928,171049
84.4961,169550
84.5002,170545
84.5043,170906
84.5085,170391
84.5125,170511
84.5169,170251
84.5215,171276
84.5249,170491
84.5295,170506
84.5331,170768
84.5374,170487
84.5413,170563
84.5414,170849
84.5453,170950
84.5494,170130
84.5548,169990
84.5581,170720
84.5616,170451
84.5657,170432
84.5713,170103
84.5743,170147
84.5781,170902
84.5821,170447
84.5880,170951
84.5914,170142
84.5944,170555
84.5985,170930
84.6026,170327
84.6068,170882
84.6108,169864
84.6149,170161
84.6190,170700
84.6238,170605
84.6272,170632
84.6313,170446
84.6354,171282
84.6397,170224
84.6439,170427
84.6476,170382
84.6517,169785
84.6563,171135
84.6605,170691
84.6642,170620
84.6683,170689
84.6684,170246
84.6726,171028
84.6773,170563
84.6804,170599
84.6846,171074
84.6892,169907
84.6929,171096
84.6968,170077
84.7009,170386
84.7054,170605
84.7092,170038
84.7132,171226
84.7174,170636
84.7220,170745
84.7254,171007
84.7296,169847
84.7336,171277
84.7380,170541
84.7427,170452
84.7459,171016
84.7501,170093
84.7549,171556
84.7590,170399
84.7623,170567
84.7665,171150
84.7706,170310
84.7755,171206
84.7790,170070
84.7828,170361
84.7883,170890
84.7912,169813
84.7952,172078
84.7953,170127
84.7992,171009
84.8035,170820
84.8078,170370
84.8115,171748
84.8156,170475
84.8207,170442
84.8237,170236
84.8278,170342
84.8319,171888
84.8373,169753
84.8406,170987
84.8442,170267
84.8483,170320
84.8545,171998
84.8571,169686
84.8606,170864
84.8647,170658
84.8689,169928
84.8732,171118
84.8770,170016
84.8811,171041
84.8853,170985
84.8893,170133
84.8939,171310
84.8976,169783
84.9017,171021
84.9063,170919
84.9099,170063
84.9139,171258
84.9181,169907
84.9221,170517
84.9262,171118
84.9263,169979
84.9302,170908
84.9344,170185
84.9393,170975
84.9425,170259
84.9467,170921
84.9508,171183
84.9551,170352
84.9594,170681
84.9631,170779
84.9672,170636
84.9718,171468
84.9757,170391
84.9794,171032
84.9835,170702
84.9881,171607
84.9922,171513
84.9959,170412
85.0000,170568
85.0049,170723
85.0083,170925
85.0122,171615
85.0163,170381
85.0206,170750
85.0251,171105
85.0286,171005
85.0327,171240
85.0378,170392
85.0413,170769
85.0451,170677
85.0492,171020
85.0537,170579
85.0539,170210
85.0572,170883
85.0613,170793
85.0654,170491
85.0713,170545
85.0738,170090
85.0778,171129
85.0818,170956
85.0876,170838
85.0907,170239
85.0942,170236
85.0983,170806
85.1035,170762
85.1064,170367
85.1105,170494
85.1146,169933
85.1187,170623
85.1231,171015
85.1269,170827
85.1310,170235
85.1351,170241
85.1397,170918
85.1432,170864
85.1473,170628
85.1515,169698
85.1558,170315
85.1597,170977
85.1637,170664
85.1679,170359
85.1720,169821
85.1762,170824
85.1804,170763
85.1805,170523
85.1842,170718
85.1889,170193
85.1928,170632
85.1966,170619
85.2009,171008
85.2052,170425
85.2090,169538
85.2129,170610
85.2171,170770
85.2213,170588
85.2252,170991
85.2293,170058
85.2334,171101
85.2393,171155
85.2426,170716
85.2456,170736
85.2497,169511
85.2540,171496
85.2585,170812
85.2621,170948
85.2666,170831
85.2711,170209
85.2747,171481
85.2785,170325
85.2825,170608
85.2874,170799
85.2907,169628
85.2948,171233
85.2989,170033
85.3036,170529
85.3072,170210
85.3073,170315
85.3112,171484
85.3153,169873
85.3212,170504
85.3242,170823
85.3276,170026
85.3316,171632
85.3375,170258
85.3403,170902
85.3439,170630
85.3480,169978
85.3537,171565
85.3568,170542
85.3604,171120
85.3644,170796
85.3686,170320
85.3729,171543
85.3767,170561
85.3808,170448
85.3849,171138
85.3897,169647
85.3933,171168
85.3972,170370
85.4013,170774
85.4056,171012
85.4096,170375
85.4136,171572
85.4177,170392
85.4223,170425
85.4262,170713
85.4301,169956
85.4341,170949
85.4342,169890
85.4385,170824
85.4434,170388
85.4463,170755
85.4504,171177
85.4548,169986
85.4589,170876
85.4627,171039
85.4668,170497
85.4714,170777
85.4754,170024
85.4794,170946
85.4835,170547
85.4873,170154
85.4915,171010
85.4956,170182
85.4996,171084
85.5042,170535
85.5082,170360
85.5120,171418
85.5160,170017
85.5207,170563
85.5246,171014
85.5285,170366
85.5324,170973
85.5375,169930
85.5413,170136
85.5446,170991
85.5487,170686
85.5540,170797
85.5571,170043
85.5612,170614
85.5612,170429
85.5651,170916
85.5710,170304
85.5737,169756
85.5774,170750
85.5815,170212
85.5897,170336
85.5905,170531
85.5938,170094
85.5979,170757
85.6048,170702
85.6065,170367
85.6102,171043
85.6143,169515
85.6204,170529
85.6231,170687
85.6269,170690
85.6307,170289
85.6348,169979
85.6389,170089
85.6434,170655
85.6475,170216
85.6513,170100
85.6555,170273
85.6594,170328
85.6642,170204
85.6676,170937
85.6716,169973
85.6762,170312
85.6799,170452
85.6840,170250
85.6881,170420
85.6882,170141
85.6921,170490
85.6962,170644
85.7005,170329
85.7061,170801
85.7086,169457
85.7127,170913
85.7167,170260
85.7212,170363
85.7250,170052
85.7293,170003
85.7330,170292
85.7376,170500
85.7416,170438
85.7459,170278
85.7496,169254
85.7547,170829
85.7577,170087
85.7622,170809
85.7659,170726
85.7713,169687
85.7750,171173
85.7781,170740
85.7825,170514
85.7866,170420
85.7909,169467
85.7954,171173
85.7986,170427
85.8037,170298
85.8068,170770
85.8110,170480
85.8151,171441
85.8199,170627
85.8203,170634
85.8232,170644
85.8281,170177
85.8315,172157
85.8365,170214
85.8402,170755
85.8444,170837
85.8477,169877
85.8533,171576
85.8566,170032
85.8607,169968
85.8646,170613
85.8682,169927
85.8727,171564
85.8765,169925
85.8808,170803
85.8846,170465
85.8889,170043
85.8931,171272
85.8969,170102
85.9011,170364
85.9055,170982
85.9095,170285
85.9139,171598
85.9174,169428
85.9227,170288
85.9260,170056
85.9298,170802
85.9343,171333
85.9384,170093
85.9422,170717
85.9461,170580
85.9462,170179
85.9502,171572
85.9549,170201
85.9583,171067
85.9624,170565
85.9666,170164
85.9712,171155
85.9753,169991
85.9788,170532
85.9829,170356
85.9872,169808
85.9911,171062
85.9956,169540
85.9993,170701
86.0043,170866
86.0076,170498
86.0120,170953
86.0162,170100
86.0215,170335
86.0243,170136
86.0280,170371
86.0322,171184
86.0377,169668
86.0407,170141
86.0445,170403
86.0490,170791
86.0541,171085
86.0575,170000
86.0607,170729
86.0650,170611
86.0697,170278
86.0731,171163
86.0731,170420
86.0771,170426
86.0812,170953
86.0887,170630
86.0894,170517
86.0935,170553
86.0976,170109
86.1035,170559
86.1061,171050
86.1105,170942
86.1141,170568
86.1201,170426
86.1224,170585
86.1263,170668
86.1305,170402
86.1345,170097
86.1391,170718
86.1427,170767
86.1467,170290
86.1508,170725
86.1558,170505
86.1590,170681
86.1631,170343
86.1672,170516
86.1716,170595
86.1754,170497
86.1795,170210
86.1836,170521
86.1882,169926
86.1926,170370
86.1960,169995
86.2000,169917
86.2001,170546
86.2044,170173
86.2087,170186
86.2124,170338
86.2164,170196
86.2210,170471
86.2246,170143
86.2287,170108
86.2327,170373
86.2372,170060
86.2413,170143
86.2451,170590
86.2491,170225
86.2535,170396
86.2580,171047
86.2619,170400
86.2655,171147
86.2708,169928
86.2738,171082
86.2783,170383
86.2819,170066
86.2869,170513
86.2909,170055
86.2948,171028
86.2983,170642
86.3032,170568
86.3067,170284
86.3106,170239
86.3147,170801
86.3209,170743
86.3229,170301
86.3271,170103
86.3272,169761
86.3311,171083
86.3373,170727
86.3397,169729
86.3434,170561
86.3474,169680
86.3530,171161
86.3557,170276
86.3601,170227
86.3638,170331
86.3697,169638
86.3729,171299
86.3764,170027
86.3802,170484
86.3843,170536
86.3888,169649
86.3933,172105
86.3970,169649
86.4008,170081
86.4062,170369
86.4094,170242
86.4130,170723
86.4171,170402
86.4214,169892
86.4261,170938
86.4293,169915
86.4335,171470
86.4383,170044
86.4418,170602
86.4464,170264
86.4499,169641
86.4542,171051
86.4544,170381
86.4581,169693
86.4622,170371
86.4662,169832
86.4708,170511
86.4747,169398
86.4785,170248
86.4826,170824
86.4875,170011
86.4911,171205
86.4950,169636
86.4991,170363
86.5036,170318
86.5082,169949
86.5115,170708
86.5154,169803
86.5208,170238
86.5236,170714
86.5284,169609
86.5318,170622
86.5362,169837
86.5403,170399
86.5448,170481
86.5488,170128
86.5535,171198
86.5564,170036
86.5608,170233
86.5645,170611
86.5695,170270
86.5733,170622
86.5769,169932
86.5810,170410
86.5852,170204
86.5853,169811
86.5894,170843
86.5935,169887
86.5974,170341
86.6027,170500
86.6057,170295
86.6101,171033
86.6137,169633
86.6196,170124
86.6229,170010
86.6260,170398
86.6300,170388
86.6342,170275
86.6387,170693
86.6427,169898
86.6464,170157
86.6506,170358
86.6559,170027
86.6588,170209
86.6629,170168
86.6670,170080
86.6720,170187
86.6754,170487
86.6792,170212
86.6833,170726
86.6882,170328
86.6919,170308
86.6956,169774
86.6997,170093
86.7044,170218
86.7080,170130
86.7121,169941
86.7122,169984
86.7161,170356
86.7208,170471
86.7244,170013
86.7287,169944
86.7325,170652
86.7370,170571
86.7407,170492
86.7447,170698
86.7488,170220
86.7550,170299
86.7570,170353
86.7611,170146
86.7652,170693
86.7703,170050
86.7734,170172
86.7775,170120
86.7816,170461
86.7868,170767
86.7899,169690
86.7939,170278
86.7980,170448
86.8029,170256
86.8066,169622
86.8104,169574
86.8144,170754
86.8197,169844
86.8231,170328
86.8267,170264
86.8309,169765
86.8362,170128
86.8390,170510
86.8397,170021
86.8430,170518
86.8471,169979
86.8513,170745
86.8558,170431
86.8601,170243
86.8635,170417
86.8677,169657
86.8723,171061
86.8765,170412
86.8804,170251
86.8841,170317
86.8883,169383
86.8928,170970
86.8966,170394
86.9006,170544
86.9055,170163
86.9087,169605
86.9132,171045
86.9169,170397
86.9213,170185
86.9252,170645
86.9290,169680
86.9332,171010
86.9381,169986
86.9415,170464
86.9455,170387
86.9495,169931
86.9536,171475
86.9586,169711
86.9620,170573
86.9661,170575
86.9664,170399
86.9706,171056
86.9749,170118
86.9783,170262
86.9823,170453
86.9872,170242
86.9907,171137
86.9948,169903
86.9990,169919
87.0046,170996
87.0077,170423
87.0116,170955
87.0152,169858
87.0207,170476
87.0238,170365
87.0277,170142
87.0315,171011
87.0366,169527
87.0397,170111
87.0450,170788
87.0478,170375
87.0520,171063
87.0563,170203
87.0610,170198
87.0642,170517
87.0696,170188
87.0725,170926
87.0766,169704
87.0819,169968
87.0860,170518
87.0890,170520
87.0930,171580
87.0931,170003
87.0970,170167
87.1011,170019
87.1060,169425
87.1100,170999
87.1133,169525
87.1175,170416
87.1221,170338
87.1259,169945
87.1298,170793
87.1339,170023
87.1384,170727
87.1427,170868
87.1461,169707
87.1502,170527
87.1549,170110
87.1586,170408
87.1630,170665
87.1667,170032
87.1722,170166
87.1754,170263
87.1789,169893
87.1831,170324
87.1871,170398
87.1912,170659
87.1954,170578
87.1997,170718
87.2039,169878
87.2080,170157
87.2118,170507
87.2159,170218
87.2201,170204
87.2204,170536
87.2241,170019
87.2281,170448
87.2321,170093
87.2368,169849
87.2412,170316
87.2444,170395
87.2485,169976
87.2530,170139
87.2573,170214
87.2608,170585
87.2649,170669
87.2692,169884
87.2735,170368
87.2772,169863
87.2813,170930
87.2868,170485
87.2897,170144
87.2939,170036
87.2976,170467
87.3032,170123
87.3061,170180
87.3100,170352
87.3141,170300
87.3196,170341
87.3228,170300
87.3264,170272
87.3305,170076
87.3347,170421
87.3395,170274
87.3429,170608
87.3470,170083
87.3470,169651
87.3510,170729
87.3550,170113
87.3591,170702
87.3632,170662
87.3674,169776
87.3714,170639
87.3756,170280
87.3797,170325
87.3838,170630
87.3879,169717
87.3920,171207
87.3961,170676
87.4001,170040
87.4042,170857
87.4084,169656
87.4124,171226
87.4166,170143
87.4206,170265
87.4247,170022
87.4287,169577
87.4329,170760
87.4370,169685
87.4411,170111
87.4452,170272
87.4493,170193
87.4534,171600
87.4575,169655
87.4616,169952
87.4657,170917
87.4700,169909
87.4741,170979
87.4741,170600
87.4780,170422
87.4821,170294
87.4862,170238
87.4902,171237
87.4943,170374
87.4984,170298
87.5025,170508
87.5066,169969
87.5108,171360
87.5147,169605
87.5189,169859
87.5230,170537
87.5271,170480
87.5312,171205
87.5354,170396
87.5393,170289
87.5434,170556
87.5475,170198
87.5516,171312
87.5557,170650
87.5598,170627
87.5639,170722
87.5680,169974
87.5721,171159
87.5762,170471
87.5803,170453
87.5844,170816
87.5885,169884
87.5926,170737
87.5969,169978
87.6010,170036
87.6051,170581
87.6051,170576
87.6091,171014
87.6131,169931
87.6172,170674
87.6214,170605
87.6254,170038
87.6295,170810
87.6336,169810
87.6377,170281
87.6418,170604
87.6459,170120
87.6500,170624
87.6541,170344
87.6582,170340
87.6623,170157
87.6664,170236
87.6704,170771
87.6746,170375
87.6786,170010
87.6828,170252
87.6868,170668
87.6910,171160
87.6951,169847
87.6992,170166
87.7033,170526
87.7073,170092
87.7113,170569
87.7155,170383
87.7196,169572
87.7241,170518
87.7280,170276
87.7318,171164
87.7320,170348
87.7360,170443
87.7400,170534
87.7441,170998
87.7483,169828
87.7524,169605
87.7565,170244
87.7606,170339
87.7646,170885
87.7688,170062
87.7729,170430
87.7770,169926
87.7811,169921
87.7852,170509
87.7892,169938
87.7933,170687
87.7974,170485
87.8015,170010
87.8056,170568
87.8097,170124
87.8138,171272
87.8179,170559
87.8220,169939
87.8261,170736
87.8304,169759
87.8343,170313
87.8384,169938
87.8424,170438
87.8465,170623
87.8509,170367
87.8549,170487
87.8588,170183
87.8589,170959
87.8629,170420
87.8671,169750
87.8711,170782
87.8753,170698
87.8794,170343
87.8835,170385
87.8875,169771
87.8916,170869
87.8957,170193
87.8997,170508
87.9038,170313
87.9080,169694
87.9120,170677
87.9162,170329
87.9202,170486
87.9244,170035
87.9285,169873
87.9326,170771
87.9367,170086
87.9408,170549
87.9449,170400
87.9490,169911
87.9531,171571
87.9572,170301
87.9612,169996
87.9653,170227
87.9694,169715
87.9735,171140
87.9777,169754
87.9819,169888
87.9860,170339
87.9860,169471
87.9900,171310
87.9941,170545
87.9980,169617
88.0022,170767
88.0063,169878
88.0104,170661
88.0144,169958
88.0186,170065
88.0227,170304
88.0268,169831
88.0309,170687
88.0350,169886
88.0391,170526
88.0432,170244
88.0473,169840
88.0514,171088
88.0555,170026
88.0596,170220
88.0637,169964
88.0678,170364
88.0719,171290
88.0760,170060
88.0800,170556
88.0842,169995
88.0882,170325
88.0925,171403
88.0965,170281
88.1006,170276
88.1047,170329
88.1089,169741
88.1130,170856
88.1130,170276
88.1169,170278
88.1210,170666
88.1251,170232
88.1292,171204
88.1333,169901
88.1373,170987
88.1414,170382
88.1455,170140
88.1496,171089
88.1538,170007
88.1579,170313
88.1620,170411
88.1661,170008
88.1702,170488
88.1744,169824
88.1783,170216
88.1825,170369
88.1865,169963
88.1906,170821
88.1947,170704
88.1988,169824
88.2029,170491
88.2071,170477
88.2111,170851
88.2153,169950
88.2193,169962
88.2233,170658
88.2276,170182
88.2316,170807
88.2359,169882
88.2399,170157
88.2400,170404
88.2439,170135
88.2479,170952
88.2520,170317
88.2561,170343
88.2602,170403
88.2643,170391
88.2684,170461
88.2725,169785
88.2766,170308
88.2807,169916
88.2847,169844
88.2888,170251
88.2930,170230
88.2970,170561
88.3012,170163
88.3052,170489
88.3093,170084
88.3134,170401
88.3175,170522
88.3217,170333
88.3257,170454
88.3298,169890
88.3340,170814
88.3381,169983
88.3422,170520
88.3463,170394
88.3504,169712
88.3544,170185
88.3585,170404
88.3629,170515
88.3668,170855
88.3710,170351
88.3711,170591
88.3749,169834
88.3790,170899
88.3831,170408
88.3872,170213
88.3913,170334
88.3954,170353
88.3995,170766
88.4036,170601
88.4077,169562
88.4118,170096
88.4159,169863
88.4200,170265
88.4241,171566
88.4283,169861
88.4323,170662
88.4364,170070
88.4405,170915
88.4445,170046
88.4487,170496
88.4527,170633
88.4568,170851
88.4609,170457
88.4650,170426
88.4692,170035
88.4733,171199
88.4774,170583
88.4815,170389
88.4856,170107
88.4897,169951
88.4937,171042
88.4978,170388
88.4979,170847
88.5019,170669
88.5060,170000
88.5101,171137
88.5141,170105
88.5183,170606
88.5224,170497
88.5264,169920
88.5305,171611
88.5346,170049
88.5387,170585
88.5428,170168
88.5469,169901
88.5510,171941
88.5553,170484
88.5592,170179
88.5633,170738
88.5674,169366
88.5715,171187
88.5756,170027
88.5797,170293
88.5838,170340
88.5880,170316
88.5920,170862
88.5961,170262
88.6002,170088
88.6043,170444
88.6084,170109
88.6126,170921
88.6170,170202
88.6209,169869
88.6249,170405
88.6250,169726
88.6288,171206
88.6329,169937
88.6370,170245
88.6411,170090
88.6452,170328
88.6493,170772
88.6534,170149
88.6575,169991
88.6616,170336
88.6657,169939
88.6698,171336
88.6739,170019
88.6780,169682
88.6821,170109
88.6862,169807
88.6903,170339
88.6947,169470
88.6985,170444
88.7027,170353
88.7067,170264
88.7110,171252
88.7149,170156
88.7189,170382
88.7231,170645
88.7272,170417
88.7312,170870
88.7354,169797
88.7394,170236
88.7438,170078
88.7478,169811
88.7518,170859
88.7518,170596
88.7558,170285
88.7599,170498
88.7640,169960
88.7681,170450
88.7722,170145
88.7763,170179
88.7804,170702
88.7844,170341
88.7886,170599
88.7927,170030
88.7967,170044
88.8008,170125
88.8050,170920
88.8090,171022
88.8131,169997
88.8172,170360
88.8213,170609
88.8255,170327
88.8295,170603
88.8336,170918
88.8377,170411
88.8418,170768
88.8459,170195
88.8500,170696
88.8541,170331
88.8582,170240
88.8623,170239
88.8664,170263
88.8705,170256
88.8746,170251
88.8788,170657
88.8788,170411
88.8828,170344
88.8868,170521
88.8911,170882
88.8951,170334
88.8992,170165
88.9032,169836
88.9073,170193
88.9116,170819
88.9155,170538
88.9196,170445
88.9237,169999
88.9278,169773
88.9319,170573
88.9360,170273
88.9401,170560
88.9442,170747
88.9483,170217
88.9525,170192
88.9566,170162
88.9607,170736
88.9648,170826
88.9689,169794
88.9731,170980
88.9770,170460
88.9811,170775
88.9852,170304
88.9892,170274
88.9934,170672
88.9975,170332
89.0016,170223
89.0059,170396
89.0060,170229
89.0099,170943
89.0138,170110
89.0180,170881
89.0221,170308
89.0262,169670
89.0303,171160
89.0344,170750
89.0384,170735
89.0426,170351
89.0467,169832
89.0508,171367
89.0549,170412
89.0590,170835
89.0631,170663
89.0672,169667
89.0713,171807
89.0753,170408
89.0795,170550
89.0835,170619
89.0877,169933
89.0917,171542
89.0958,169659
89.0999,170278
89.1041,170435
89.1081,169655
89.1122,171300
89.1163,169626
89.1204,170647
89.1245,170515
89.1290,170208
89.1329,171352
89.1330,170492
89.1368,170477
89.1409,170206
89.1449,170186
89.1491,171227
89.1532,169736
89.1572,170312
89.1613,170403
89.1654,169962
89.1696,171448
89.1738,169911
89.1777,169986
89.1818,170194
89.1859,170587
89.1901,171029
89.1941,170163
89.1983,170706
89.2023,170725
89.2065,170424
89.2105,170688
89.2146,169770
89.2187,170049
89.2229,170333
89.2269,169904
89.2310,171020
89.2350,169910
89.2391,170501
89.2433,170605
89.2473,170423
89.2514,171466
89.2557,169485
89.2598,170315
89.2599,170151
89.2637,170522
89.2679,170630
89.2720,170685
89.2760,170374
89.2801,170552
89.2842,170492
89.2883,170474
89.2924,170493
89.2965,169694
89.3006,170453
89.3048,169914
89.3089,170438
89.3129,170089
89.3170,170535
89.3211,170908
89.3252,170046
89.3293,170457
89.3333,170557
89.3374,170272
89.3415,170291
89.3456,170226
89.3497,170696
89.3544,169900
89.3584,170378
89.3620,170802
89.3665,170264
89.3705,170638
89.3743,170490
89.3784,170129
89.3826,170150
89.3867,170456
89.3868,170254
89.3907,171075
89.3947,170179
89.3989,170200
89.4030,170021
89.4071,169915
89.4112,170895
89.4152,169929
89.4197,171132
89.4234,170151
89.4275,170443
89.4317,170642
89.4358,170189
89.4398,170829
89.4439,170950
89.4480,169776
89.4523,170554
89.4562,170702
89.4603,169846
89.4645,170308
89.4690,169947
89.4726,170912
89.4767,170342
89.4808,170124
89.4860,170010
89.4891,169762
89.4931,171508
89.4972,170591
89.5014,170048
89.5055,170198
89.5096,169346
89.5135,171415
89.5136,170292
89.5182,170618
89.5217,170450
89.5259,170172
89.5299,171580
89.5347,170241
89.5390,170774
89.5422,170641
89.5463,170321
89.5511,171524
89.5550,170019
89.5586,170766
89.5627,170468
89.5671,170157
89.5709,171680
89.5750,170094
89.5791,170206
89.5840,170796
89.5874,170416
89.5913,171386
89.5954,170066
89.6001,170198
89.6037,170487
89.6077,170147
89.6118,171375
89.6160,170090
89.6201,170691
89.6241,170125
89.6282,170244
89.6324,171204
89.6366,170108
89.6406,170674
89.6446,170356
89.6446,169949
89.6488,171498
89.6529,170340
89.6569,170869
89.6610,170545
89.6651,170392
89.6698,171145
89.6734,170715
89.6774,170942
89.6815,170902
89.6859,169790
89.6897,171309
89.6937,170495
89.6979,170877
89.7022,170313
89.7061,170239
89.7102,170835
89.7142,170243
89.7184,170278
89.7225,170474
89.7266,170412
89.7306,171103
89.7354,170351
89.7388,171086
89.7429,170001
89.7470,170600
89.7517,171220
89.7552,170961
89.7593,170709
89.7635,170493
89.7680,170542
89.7720,171168
89.7721,170849
89.7758,170592
89.7798,170731
89.7843,170265
89.7880,170896
89.7920,170193
89.7961,170306
89.8014,170924
89.8044,169935
89.8084,170832
89.8125,170737
89.8166,170444
89.8207,170828
89.8248,170446
89.8289,170898
89.8335,170549
89.8371,170649
89.8412,170275
89.8453,170031
89.8496,170779
89.8535,170562
89.8576,170335
89.8617,170891
89.8658,170363
89.8699,170571
89.8740,170461
89.8781,170675
89.8822,171032
89.8863,170527
89.8904,170552
89.8944,170316
89.8986,170363
89.8987,170959
89.9034,170257
89.9070,170028
89.9108,170630
89.9149,170406
89.9197,170085
89.9232,170509
89.9272,170191
89.9314,170476
89.9354,170072
89.9395,170422
89.9436,170399
89.9478,169808
89.9522,170408
89.9560,170608
89.9601,170952
89.9641,170527
89.9682,170102
89.9723,171000
89.9764,170416
89.9805,170384
89.9846,170486
89.9887,170069
89.9928,170674
89.9972,170059
90.0010,170218
90.0051,170684
90.0092,169967
90.0132,170856
90.0177,170533
90.0218,170447
90.0259,170221
90.0260,170120
90.0297,171040
90.0338,170380
90.0379,170181
90.0420,171012
90.0461,169394
90.0502,170658
90.0543,170290
90.0583,170272
90.0624,170237
90.0666,170221
90.0707,171127
90.0748,170254
90.0789,170323
90.0829,170717
90.0871,169768
90.0911,171645
90.0952,170250
90.0993,170591
90.1034,170233
90.1075,170022
90.1116,171800
90.1157,169869
90.1197,170302
90.1239,170670
90.1280,169944
90.1321,171286
90.1362,170360
90.1403,170007
90.1446,170132
90.1487,170064
90.1527,171335
90.1528,170293
90.1567,170372
90.1608,170559
90.1649,170168
90.1690,171261
90.1731,170223
90.1771,170713
90.1812,170584
90.1853,169850
90.1894,170930
90.1935,169919
90.1976,170124
90.2017,170457
90.2058,170137
90.2099,171517
90.2140,170251
90.2181,170217
90.2222,170332
90.2263,170466
90.2304,170964
90.2345,170462
90.2386,169725
90.2427,170572
90.2467,170576
90.2509,171193
90.2550,170238
90.2591,170202
90.2631,170460
90.2673,170416
90.2715,171422
90.2756,170538
90.2796,170810
90.2797,170519
90.2836,170204
90.2877,171358
90.2920,170308
90.2960,170162
90.3000,170463
90.3041,170428
90.3081,170682
90.3123,170037
90.3164,170081
90.3205,170366
90.3246,170225
90.3287,171074
90.3328,170471
90.3369,170517
90.3410,170720
90.3451,170376
90.3492,170813
90.3533,170126
90.3574,171022
90.3615,170411
90.3656,170548
90.3697,170825
90.3738,170456
90.3779,169888
90.3819,170572
90.3861,170152
90.3901,170873
90.3943,170571
90.3984,170749
90.4026,170299
90.4066,170288
90.4066,170455
90.4106,170805
90.4148,170895
90.4188,170829
90.4229,170961
90.4270,170654
90.4311,171098
90.4352,170369
90.4393,170594
90.4434,170831
90.4474,170903
90.4515,170539
90.4556,170368
90.4597,169892
90.4639,170392
90.4680,170220
90.4721,170982
90.4762,170443
90.4802,170017
90.4843,170421
90.4884,170246
90.4925,170858
90.4966,170377
90.5007,170953
90.5048,170122
90.5089,170240
90.5129,170711
90.5171,170140
90.5212,170383
90.5253,170385
90.5295,170538
90.5336,170930
90.5337,170815
90.5376,170516
90.5417,170352
90.5458,169898
90.5498,171130
90.5539,170536
90.5581,170581
90.5622,170654
90.5663,170324
90.5703,171377
90.5744,170431
90.5785,170887
90.5826,170360
90.5867,170006
90.5908,171725
90.5949,170546
90.5991,170799
90.6031,170320
90.6072,170060
90.6113,171929
90.6154,170467
90.6199,170839
90.6235,170681
90.6277,170372
90.6318,171536
90.6358,170021
90.6399,170599
90.6441,170523
90.6481,170483
90.6523,171740
90.6565,170456
90.6608,170029
90.6608,170994
90.6645,170309
90.6685,171937
90.6727,170464
90.6767,170435
90.6808,170611
90.6850,169937
90.6890,171937
90.6931,170343
90.6972,170838
90.7013,170413
90.7054,170094
90.7095,171556
90.7136,170293
90.7177,170809
90.7218,170989
90.7259,170453
90.7300,171455
90.7341,170821
90.7382,170195
90.7423,170935
90.7464,170232
90.7505,171123
90.7546,170025
90.7586,170365
90.7628,170739
90.7669,169898
90.7710,171273
90.7751,170332
90.7792,170532
90.7835,170682
90.7876,170408
90.7877,171944
90.7915,169973
90.7956,170708
90.7997,170654
90.8038,170357
90.8078,171392
90.8119,169736
90.8160,170623
90.8202,171247
90.8242,170462
90.8285,171229
90.8325,170655
90.8366,170494
90.8407,170609
90.8448,170614
90.8489,170599
90.8530,170842
90.8571,171015
90.8612,171267
90.8653,170867
90.8694,171222
90.8734,170184
90.8776,170945
90.8815,170108
90.8856,170721
90.8897,170665
90.8939,170171
90.8981,170880
90.9021,170298
90.9062,170562
90.9104,170842
90.9145,170627
90.9146,170682
90.9185,170570
90.9226,170980
90.9267,170235
90.9308,170694
90.9349,170815
90.9390,170757
90.9431,170345
90.9472,171175
90.9513,170696
90.9553,170383
90.9594,170610
90.9636,170353
90.9677,170377
90.9718,170578
90.9759,170503
90.9800,170521
90.9841,170997
90.9881,170078
90.9922,171274
90.9964,170655
91.0004,170534
91.0044,171046
91.0085,170252
91.0126,170878
91.0167,171236
91.0209,170157
91.0250,170863
91.0290,170403
91.0332,170624
91.0374,170547
91.0415,170680
91.0415,170454
91.0455,169786
91.0496,171478
91.0537,170332
91.0578,170716
91.0619,170815
91.0659,169897
91.0700,170844
91.0741,170448
91.0782,170854
91.0823,170849
91.0864,170209
91.0905,171282
91.0946,170805
91.0987,170904
91.1028,170830
91.1069,169925
91.1110,171851
91.1150,170621
91.1191,170100
91.1233,170573
91.1274,169913
91.1316,171626
91.1357,170244
91.1398,170939
91.1437,170625
91.1478,170092
91.1519,171450
91.1560,170475
91.1601,170668
91.1643,170769
91.1685,169704
91.1686,171644
91.1725,170886
91.1765,170731
91.1805,170590
91.1847,170281
91.1888,171178
91.1929,170095
91.1971,169804
91.2011,170787
91.2052,169723
91.2093,172037
91.2134,170471
91.2175,170812
91.2215,170238
91.2257,170323
91.2298,171146
91.2339,170330
91.2380,170819
91.2421,171202
91.2461,170360
91.2503,171610
91.2543,170363
91.2585,171075
91.2625,170708
91.2666,170500
91.2708,171193
91.2749,170471
91.2789,170775
91.2830,170864
91.2871,170250
91.2914,171462
91.2955,170189
91.2995,170589
91.2995,170948
91.3035,170696
91.3075,172087
91.3116,169994
91.3158,170400
91.3199,171081
91.3240,170746
91.3281,171511
91.3322,170383
91.3363,170238
91.3403,170548
91.3444,171031
91.3485,171230
91.3526,170363
91.3567,170731
91.3608,171177
91.3649,170644
91.3690,171600
91.3731,170572
91.3772,171160
91.3813,170515
91.3854,170788
91.3895,171066
91.3936,170246
91.3976,171108
91.4017,170818
91.4059,170673
91.4100,170844
91.4141,170704
91.4185,171206
91.4228,170316
91.4267,170448
91.4268,170929
91.4305,170455
91.4346,170399
91.4387,170938
91.4428,171002
91.4469,170517
91.4511,170850
91.4550,170439
91.4591,171053
91.4633,170805
91.4675,170675
91.4714,170170
91.4754,170948
91.4795,170730
91.4837,170796
91.4877,170534
91.4918,170718
91.4960,170643
91.5001,170782
91.5042,170239
91.5083,170684
91.5124,170749
91.5165,170172
91.5206,170512
91.5247,171040
91.5287,170390
91.5329,170906
91.5370,170723
91.5411,170935
91.5454,171089
91.5494,170722
91.5537,170687
91.5539,170551
91.5575,170732
91.5616,170742
91.5656,170518
91.5697,171336
91.5738,170992
91.5779,170720
91.5820,170416
91.5861,169798
91.5901,171612
91.5942,170675
91.5983,170707
91.6024,170501
91.6065,170054
91.6106,171656
91.6147,170779
91.6188,170873
91.6229,170887
91.6270,170081
91.6311,171071
91.6352,170821
91.6393,170724
91.6434,171016
91.6475,170660
91.6516,171572
91.6556,170461
91.6598,170621
91.6638,170524
91.6680,169989
91.6721,171338
91.6765,170908
91.6805,170728
91.6806,171144
91.6843,169989
91.6885,171314
91.6926,170641
91.6966,170468
91.7007,171158
91.7048,170236
91.7089,171940
91.7130,169925
91.7171,170270
91.7212,171183
91.7254,170789
91.7294,171327
91.7335,170275
91.7376,170707
91.7417,170801
91.7458,170007
91.7500,171310
91.7540,170147
91.7580,170459
91.7622,170290
91.7662,170352
91.7703,171299
91.7744,170389
91.7786,170656
91.7826,170931
91.7867,169944
91.7908,171903
91.7950,170401
91.7991,170943
91.8033,170683
91.8075,170672
91.8076,171134
91.8113,170304
91.8154,170582
91.8195,170472
91.8236,170180
91.8277,171022
91.8318,170280
91.8359,170424
91.8400,170418
91.8443,169969
91.8482,170871
91.8523,170285
91.8564,170338
91.8605,170356
91.8646,170338
91.8687,170744
91.8728,170395
91.8769,170768
91.8811,170773
91.8851,169930
91.8892,171305
91.8932,170661
91.8973,169811
91.9015,170443
91.9056,170572
91.9097,170964
91.9138,170425
91.9179,170784
91.9220,171005
91.9261,170983
91.9303,171255
91.9344,170587
91.9344,170373
91.9384,169974
91.9424,170731
91.9465,170961
91.9506,170729
91.9547,170439
91.9587,170348
91.9630,170776
91.9671,170662
91.9712,171231
91.9753,171163
91.9793,170695
91.9834,170344
91.9875,170264
91.9916,170754
91.9956,170596
91.9998,170726
92.0039,170487
92.0080,170592
92.0120,170814
92.0162,171224
92.0203,170437
92.0244,170282
92.0284,170567
92.0326,170846
92.0367,170102
92.0408,170295
92.0449,170534
92.0490,170430
92.0531,170947
92.0572,171011
92.0614,170400
92.0655,170320
92.0655,170134
92.0695,171169
92.0735,170447
92.0775,170668
92.0816,170315
92.0858,170633
92.0899,170830
92.0941,170600
92.0981,170244
92.1021,170486
92.1063,169694
92.1104,171205
92.1145,170214
92.1186,169987
92.1226,170639
92.1268,169900
92.1308,171055
92.1349,170346
92.1390,170559
92.1431,170701
92.1472,170110
92.1513,171349
92.1553,171128
92.1594,170006
92.1635,170239
92.1677,169390
92.1718,171420
92.1759,170545
92.1800,170842
92.1843,169836
92.1884,169860
92.1924,171320
92.1925,170754
92.1964,170467
92.2005,170728
92.2045,169717
92.2086,171349
92.2127,170534
92.2169,170439
92.2210,170787
92.2251,170633
92.2292,172010
92.2332,170096
92.2373,171163
92.2414,170530
92.2455,170026
92.2497,171570
92.2537,169815
92.2579,170354
92.2619,170737
92.2661,170180
92.2701,171125
92.2742,170128
92.2782,170603
92.2824,170338
92.2865,169747
92.2906,171519
92.2947,169999
92.2988,170453
92.3029,170382
92.3070,170283
92.3111,171417
92.3154,170228
92.3194,169991
92.3195,170488
92.3234,169913
92.3275,171265
92.3316,170150
92.3357,170880
92.3398,170624
92.3440,170983
92.3479,171098
92.3520,170949
92.3561,170441
92.3602,170877
92.3642,169949
92.3684,171634
92.3725,170196
92.3766,170331
92.3807,170511
92.3848,170518
92.3889,170522
92.3931,170025
92.3971,170225
92.4011,170255
92.4052,170419
92.4093,171257
92.4134,170245
92.4176,170220
92.4217,170085
92.4258,170364
92.4299,170527
92.4339,170362
92.4380,170740
92.4424,170956
92.4464,170679
92.4464,170500
92.4504,170372
92.4544,170294
92.4585,170659
92.4625,170479
92.4667,170632
92.4708,169932
92.4749,170263
92.4791,170521
92.4831,169797
92.4872,170576
92.4913,170167
92.4954,170211
92.4994,170433
92.5036,170495
92.5076,169717
92.5117,171086
92.5158,171065
92.5199,171220
92.5240,170556
92.5281,170077
92.5322,170759
92.5363,170213
92.5404,170275
92.5445,170130
92.5486,170052
92.5527,170367
92.5568,170270
92.5608,170238
92.5650,169827
92.5693,169922
92.5734,170460
92.5734,170154
92.5773,170872
92.5814,170126
92.5855,169684
92.5896,170557
92.5938,170678
92.5978,170675
92.6019,170134
92.6060,169500
92.6101,170306
92.6142,170551
92.6183,170913
92.6224,170163
92.6265,170209
92.6306,170821
92.6347,170075
92.6388,170345
92.6429,170160
92.6470,169629
92.6511,171494
92.6552,169725
92.6592,170424
92.6634,170890
92.6674,169693
92.6715,171337
92.6756,170349
92.6797,170108
92.6838,170460
92.6879,169587
92.6921,171143
92.6963,170002
92.7003,169997
92.7004,170488
92.7043,169928
92.7083,171140
92.7124,170491
92.7165,170856
92.7206,170639
92.7247,169616
92.7288,170964
92.7329,170167
92.7370,170324
92.7412,170517
92.7453,170045
92.7494,171589
92.7535,170434
92.7575,170654
92.7616,170998
92.7656,169731
92.7697,171303
92.7738,170593
92.7780,170406
92.7820,170169
92.7861,169858
92.7902,171561
92.7945,170289
92.7985,170543
92.8026,170650
92.8066,170964
92.8107,171553
92.8148,169901
92.8190,170399
92.8234,170649
92.8275,170510
92.8275,171142
92.8313,170539
92.8354,170592
92.8395,170429
92.8435,170767
92.8476,171072
92.8517,169944
92.8558,170940
92.8599,170552
92.8641,170355
92.8681,170993
92.8722,169844
92.8763,170038
92.8804,170564
92.8845,170473
92.8886,171286
92.8927,170431
92.8968,170379
92.9008,170815
92.9050,170538
92.9090,171002
92.9131,170238
92.9172,170310
92.9213,170417
92.9254,170476
92.9295,170659
92.9336,170873
92.9378,170750
92.9419,170164
92.9460,170392
92.9501,170860
92.9543,170444
92.9583,170259
92.9584,170677
92.9624,170137
92.9664,170587
92.9705,170286
92.9746,170131
92.9787,170729
92.9828,170734
92.9869,170680
92.9910,170303
92.9950,169972
92.9992,170243
93.0033,170327
93.0074,170614
93.0115,170031
93.0156,170171
93.0197,170558
93.0238,170495
93.0278,170849
93.0320,170687
93.0361,170046
93.0401,170105
93.0442,170374
93.0483,170255
93.0525,170541
93.0566,170439
93.0607,169847
93.0647,170287
93.0688,169947
93.0728,170394
93.0773,170382
93.0812,170673
93.0851,170545
93.0852,170867
93.0893,170156
93.0933,170342
93.0974,170576
93.1016,170533
93.1056,170046
93.1098,170189
93.1139,170396
93.1180,170312
93.1221,170147
93.1262,170199
93.1302,170983
93.1344,169839
93.1384,170447
93.1426,170847
93.1467,169694
93.1507,170687
93.1548,170368
93.1589,170706
93.1631,170767
93.1671,169653
93.1712,170683
93.1754,170248
93.1794,170470
93.1835,170143
93.1876,169772
93.1917,171439
93.1958,170545
93.1999,170563
93.2042,171067
93.2083,169634
93.2123,171356
93.2124,170359
93.2163,170373
93.2204,170867
93.2244,170372
93.2286,171818
93.2327,170304
93.2368,170280
93.2408,170294
93.2449,170422
93.2491,171481
93.2532,170514
93.2572,170425
93.2613,170435
93.2654,170033
93.2695,171089
93.2736,170529
93.2776,170418
93.2818,170641
93.2859,169871
93.2900,171159
93.2941,170149
93.2982,170361
93.3022,170598
93.3063,170425
93.3105,171079
93.3146,169891
93.3187,170393
93.3228,170716
93.3268,170260
93.3311,171649
93.3351,170284
93.3392,170505
93.3393,170745
93.3432,169854
93.3473,171133
93.3513,169677
93.3555,170300
93.3596,170590
93.3637,170022
93.3678,171049
93.3719,169906
93.3761,170631
93.3801,170683
93.3842,170399
93.3883,171254
93.3924,170276
93.3964,170608
93.4005,170621
93.4046,170326
93.4087,171752
93.4129,170166
93.4170,170521
93.4210,170360
93.4252,170022
93.4292,171436
93.4333,170714
93.4374,170201
93.4416,169999
93.4457,170312
93.4497,170908
93.4539,169982
93.4580,170466
93.4622,169970
93.4663,170403
93.4664,171164
93.4702,170279
93.4743,170204
93.4784,170870
93.4825,170733
93.4866,171107
93.4907,170189
93.4947,170182
93.4989,170330
93.5030,169855
93.5071,170919
93.5111,170979
93.5153,170499
93.5194,170449
93.5235,170571
93.5275,170132
93.5316,170242
93.5357,170204
93.5398,170295
93.5439,170263
93.5480,170673
93.5521,170510
93.5561,170308
93.5603,170550
93.5643,170364
93.5684,170729
93.5726,170145
93.5767,170896
93.5808,170063
93.5849,170006
93.5892,170280
93.5934,170640
93.5935,171206
93.5972,171324
93.6013,170741
93.6054,170328
93.6095,170865
93.6135,170350
93.6177,170342
93.6218,170631
93.6259,169958
93.6300,170807
93.6341,170228
93.6381,170505
93.6422,170641
93.6463,170197
93.6504,170593
93.6545,170473
93.6587,170384
93.6627,170232
93.6668,170410
93.6709,170907
93.6751,170407
93.6791,170772
93.6832,170455
93.6873,169782
93.6914,170570
93.6955,170773
93.6996,170687
93.7037,170313
93.7078,170440
93.7119,171041
93.7162,170241
93.7202,169800
93.7203,170178
93.7242,169899
93.7283,170806
93.7324,170542
93.7365,170494
93.7406,170346
93.7446,169555
93.7487,171056
93.7529,171041
93.7569,170244
93.7610,170546
93.7650,169756
93.7691,171183
93.7732,170332
93.7773,169623
93.7814,170511
93.7855,169681
93.7896,171208
93.7937,169866
93.7978,170350
93.8019,170632
93.8060,170222
93.8101,171364
93.8143,170718
93.8183,170249
93.8225,170149
93.8266,169594
93.8307,171426
93.8347,169954
93.8389,170646
93.8433,170335
93.8474,169914
93.8475,171252
93.8511,170588
93.8553,170054
93.8592,170227
93.8634,170175
93.8675,171236
93.8716,170229
93.8757,171199
93.8798,170806
93.8839,169876
93.8880,170995
93.8921,169623
93.8963,170029
93.9002,170136
93.9043,170272
93.9085,170866
93.9126,169944
93.9167,170082
93.9208,169809
93.9249,170090
93.9290,170896
93.9331,169598
93.9371,169927
93.9412,170523
93.9453,170215
93.9493,170461
93.9535,169952
93.9577,170163
93.9618,170876
93.9658,170338
93.9701,170465
93.9741,170319
93.9783,170098
93.9784,170298
93.9821,170567
93.9862,170429
93.9903,170267
93.9944,170122
93.9985,170323
94.0026,170193
94.0067,170599
94.0108,170462
94.0148,170649
94.0190,170394
94.0231,170498
94.0272,170673
94.0313,170545
94.0354,169771
94.0394,170576
94.0437,170509
94.0477,170358
94.0519,170847
94.0559,171020
94.0600,169819
94.0641,170683
94.0682,170180
94.0723,170523
94.0764,170177
94.0804,170466
94.0846,170126
94.0887,170596
94.0928,170705
94.0972,170085
94.1014,170377
94.1053,170406
94.1054,170893
94.1092,170781
94.1133,170317
94.1174,170685
94.1215,170500
94.1256,170189
94.1297,170673
94.1338,170519
94.1379,170578
94.1419,170173
94.1461,170251
94.1500,170358
94.1542,170762
94.1583,170914
94.1624,170567
94.1665,170130
94.1706,170428
94.1747,170604
94.1788,170769
94.1829,170154
94.1870,169952
94.1911,170505
94.1952,170421
94.1993,170784
94.2034,169696
94.2075,169795
94.2116,170714
94.2157,170453
94.2198,170709
94.2240,170828
94.2281,169836
94.2322,170786
94.2322,170470
94.2361,170543
94.2402,170802
94.2443,170150
94.2484,171582
94.2525,170213
94.2566,170518
94.2607,170368
94.2648,169784
94.2689,171168
94.2731,170417
94.2770,170386
94.2812,170716
94.2852,169906
94.2893,171321
94.2934,170346
94.2976,170785
94.3017,170299
94.3058,170382
94.3099,171312
94.3140,170282
94.3181,170802
94.3222,170819
94.3263,170002
94.3303,171571
94.3344,170129
94.3385,170483
94.3426,170666
94.3467,170333
94.3510,171596
94.3551,170672
94.3592,170468
94.3592,170513
94.3631,170033
94.3672,171243
94.3713,169817
94.3754,170338
94.3794,170635
94.3836,170569
94.3876,171114
94.3918,169825
94.3958,170499
94.4000,170608
94.4041,170917
94.4082,171882
94.4123,169526
94.4164,170308
94.4204,170050
94.4245,169954
94.4286,171260
94.4327,170444
94.4368,170509
94.4408,170518
94.4450,170268
94.4491,170677
94.4531,170327
94.4573,170534
94.4613,170873
94.4654,170539
94.4695,170205
94.4736,170397
94.4780,170314
94.4823,170544
94.4863,170215
94.4864,171297
94.4901,170296
94.4941,170683
94.4983,170399
94.5024,170528
94.5065,170689
94.5105,170574
94.5147,170286
94.5188,170638
94.5229,170641
94.5269,170640
94.5311,170491
94.5351,170308
94.5392,170732
94.5434,170462
94.5474,170610
94.5515,170791
94.5557,170789
94.5598,170650
94.5638,170287
94.5679,170470
94.5721,170688
94.5761,170672
94.5802,170835
94.5842,170517
94.5883,171032
94.5925,170281
94.5966,170892
94.6007,170549
94.6048,170264
94.6091,170468
94.6130,170576
94.6131,170591
94.6170,170570
94.6212,170379
94.6253,170724
94.6294,170353
94.6336,170559
94.6375,170817
94.6416,170472
94.6457,170259
94.6499,170855
94.6539,170668
94.6580,170334
94.6620,170656
94.6661,169800
94.6702,170828
94.6745,170048
94.6786,170497
94.6825,170604
94.6866,169739
94.6907,170790
94.6949,170475
94.6990,170154
94.7031,170389
94.7072,170079
94.7113,171337
94.7154,169827
94.7195,170557
94.7237,170660
94.7276,169983
94.7318,170972
94.7362,170878
94.7401,170957
94.7402,170812
94.7440,169539
94.7482,171388
94.7523,170616
94.7564,170598
94.7604,170947
94.7645,169861
94.7686,171154
94.7727,170668
94.7767,170753
94.7809,170208
94.7851,170209
94.7891,171605
94.7932,170412
94.7973,170444
94.8014,170535
94.8057,169670
94.8095,171284
94.8137,170049
94.8177,170679
94.8218,170224
94.8261,169936
94.8308,171503
94.8343,170062
94.8381,170440
94.8423,170331
94.8482,169609
94.8511,171387
94.8546,170175
94.8587,170995
94.8630,170804
94.8670,170801
94.8673,171118
94.8710,170093
94.8750,170944
94.8824,170579
94.8833,169869
94.8873,171554
94.8914,170506
94.8955,170657
94.9001,170575
94.9037,170407
94.9078,171676
94.9119,169670
94.9166,171216
94.9201,170475
94.9242,170155
94.9283,171509
94.9326,170163
94.9365,170318
94.9405,170492
94.9447,170245
94.9496,171417
94.9528,170622
94.9570,170492
94.9611,170523
94.9651,170096
94.9693,171142
94.9733,170137
94.9774,170222
94.9822,170429
94.9864,170423
94.9897,171036
94.9938,170514
94.9939,170614
94.9981,170899
95.0020,170616
95.0067,170874
95.0102,170023
95.0149,170329
95.0188,170466
95.0225,170363
95.0266,170757
95.0314,170402
95.0356,170185
95.0388,170452
95.0430,170018
95.0478,171176
95.0511,169877
95.0552,170452
95.0593,170435
95.0647,169930
95.0675,170642
95.0721,170094
95.0757,170163
95.0822,170382
95.0843,170285
95.0880,170388
95.0921,170196
95.0976,170145
95.1010,169982
95.1049,170086
95.1085,170211
95.1142,170447
95.1174,170486
95.1209,170154
95.1249,170653
95.1250,170525
95.1309,170567
95.1336,170842
95.1373,170605
95.1416,170640
95.1454,170623
95.1495,170299
95.1535,170526
95.1577,170432
95.1619,170620
95.1667,170400
95.1700,170740
95.1741,170018
95.1782,170703
95.1830,170313
95.1865,170365
95.1904,170268
95.1945,170408
95.1987,170255
95.2035,170197
95.2068,169601
95.2109,170510
95.2157,170396
95.2191,170381
95.2232,170485
95.2275,170253
95.2319,170429
95.2357,170095
95.2398,170248
95.2440,170619
95.2479,169670
95.2520,170537
95.2521,170658
95.2560,170617
95.2600,170995
95.2649,169589
95.2690,170441
95.2723,170269
95.2764,170339
95.2809,170670
95.2848,169651
95.2889,170850
95.2928,170295
95.2970,170886
95.3012,170610
95.3057,169553
95.3092,170755
95.3136,170124
95.3179,170875
95.3220,170218
95.3258,170156
95.3311,171303
95.3342,170296
95.3383,171003
95.3424,170489
95.3478,170148
95.3503,171069
95.3546,170062
95.3584,170474
95.3625,170256
95.3679,169535
95.3710,171428
95.3749,170198
95.3789,170289
95.3790,170437
95.3836,170002
95.3872,171598
95.3921,170101
95.3953,170110
95.3999,170356
95.4040,170028
95.4082,171363
95.4116,170015
95.4160,170631
95.4203,170373
95.4245,169901
95.4281,171491
95.4328,170225
95.4367,170192
95.4403,170347
95.4444,170627
95.4487,171914
95.4528,169769
95.4567,170377
95.4608,170670
95.4658,170163
95.4691,170766
95.4730,170068
95.4772,170712
95.4813,170428
95.4856,169829
95.4897,170741
95.4935,170045
95.4984,170306
95.5019,170716
95.5059,170646
95.5060,170775
95.5099,169869
95.5148,170275
95.5187,170189
95.5226,170533
95.5263,170598
95.5313,169969
95.5354,170765
95.5386,170423
95.5427,170655
95.5477,171091
95.5519,170251
95.5554,171013
95.5590,170385
95.5636,170347
95.5678,171289
95.5715,170505
95.5755,171433
95.5808,171012
95.5844,170457
95.5877,171047
95.5920,170716
95.5973,170804
95.6006,170843
95.6041,170124
95.6082,170307
95.6136,170083
95.6169,170320
95.6206,170466
95.6253,171010
95.6289,170437
95.6330,170267
95.6330,170234
95.6368,170870
95.6410,170090
95.6451,170764
95.6494,170218
95.6537,170496
95.6574,170204
95.6615,170474
95.6659,170686
95.6696,170799
95.6737,170408
95.6779,170422
95.6827,170516
95.6866,170083
95.6901,170222
95.6943,170916
95.6985,170656
95.7030,170203
95.7066,170295
95.7107,170366
95.7150,170537
95.7192,170187
95.7235,170378
95.7271,170300
95.7316,170295
95.7356,170476
95.7393,169962
95.7433,170627
95.7479,169841
95.7516,171158
95.7558,170852
95.7598,170526
95.7598,170320
95.7643,170265
95.7685,170430
95.7720,170439
95.7761,169921
95.7807,170431
95.7844,169895
95.7885,170746
95.7926,170147
95.7981,170227
95.8014,170950
95.8048,170252
95.8089,170927
95.8136,170510
95.8177,170747
95.8212,170325
95.8253,169910
95.8315,171617
95.8336,169901
95.8384,170838
95.8417,169840
95.8468,169565
95.8499,171433
95.8543,170519
95.8586,170545
95.8637,170580
95.8664,170343
95.8706,171028
95.8745,170018
95.8801,170568
95.8827,170539
95.8868,170429
95.8909,171564
95.8910,170652
95.8949,170629
95.8994,170827
95.9033,170218
95.9075,171183
95.9113,169997
95.9156,170193
95.9195,170286
95.9236,170489
95.9277,171164
95.9329,170253
95.9360,170308
95.9401,170376
95.9442,170168
95.9483,171453
95.9522,169384
95.9571,170845
95.9604,170291
95.9655,169828
95.9686,170785
95.9730,170197
95.9769,170577
95.9814,170707
95.9859,170532
95.9892,171292
95.9932,170200
95.9981,170683
96.0020,170688
96.0057,170496
96.0097,171194
96.0139,170442
96.0178,170722
96.0179,170606
96.0219,170042
96.0260,170784
96.0315,170345
96.0347,170838
96.0382,170429
96.0424,170656
96.0471,170697
96.0516,169706
96.0547,170813
96.0587,170228
96.0636,170412
96.0677,170849
96.0710,170207
96.0751,170196
96.0822,170423
96.0833,170232
96.0874,170772
96.0915,170232
96.0958,170269
96.1001,170510
96.1042,170470
96.1080,170538
96.1134,170466
96.1164,170128
96.1212,170670
96.1243,170443
96.1284,170919
96.1327,170213
96.1368,170333
96.1408,170208
96.1449,170522
96.1450,171138
96.1496,170812
96.1531,170891
96.1571,171093
96.1612,170130
96.1662,170694
96.1696,169891
96.1734,170594
96.1775,170877
96.1821,170558
96.1858,170415
96.1903,170327
96.1940,170740
96.1983,170528
96.2028,170459
96.2062,170505
96.2104,169984
96.2151,170406
96.2188,170194
96.2229,170260
96.2267,170329
96.2308,170602
96.2352,170386
96.2391,169941
96.2439,170106
96.2476,170163
96.2519,170545
96.2554,170305
96.2594,170810
96.2641,170479
96.2678,169318
96.2718,170873
96.2718,170361
96.2758,169982
96.2809,170173
96.2841,169696
96.2881,170850
96.2922,169999
96.2967,170887
96.3009,170169
96.3045,169687
96.3086,171055
96.3137,170050
96.3171,170580
96.3209,170679
96.3250,169500
96.3301,170770
96.3337,169702
96.3374,170764
96.3414,170341
96.3479,169442
96.3495,171315
96.3537,169833
96.3578,170295
96.3633,170470
96.3667,169975
96.3700,170838
96.3741,170233
96.3799,169607
96.3826,170146
96.3864,169547
96.3905,171643
96.3947,170052
96.3987,170514
96.3988,170408
96.4029,170157
96.4070,171264
96.4111,169681
96.4156,170277
96.4192,170636
96.4233,170338
96.4274,171345
96.4317,169835
96.4355,170327
96.4396,170385
96.4438,169623
96.4487,171158
96.4528,169173
96.4560,170516
96.4602,170463
96.4649,169914
96.4683,171036
96.4724,169717
96.4766,170607
96.4809,170387
96.4847,170039
96.4888,171266
96.4929,170020
96.4976,170585
96.5011,170215
96.5057,170371
96.5094,171262
96.5137,169825
96.5175,170159
96.5222,170780
96.5256,169967
96.5257,171369
96.5309,170079
96.5345,170704
96.5380,170570
96.5421,169998
96.5465,170864
96.5509,169613
96.5548,170356
96.5584,170505
96.5640,169800
96.5668,171374
96.5708,170266
96.5756,170374
96.5797,169969
96.5834,170626
96.5871,171019
96.5912,169870
96.5970,170387
96.6003,170052
96.6035,170130
96.6076,171633
96.6132,169935
96.6162,170606
96.6200,170387
96.6240,169995
96.6282,170845
96.6325,169956
96.6372,170338
96.6405,170320
96.6446,169804
96.6488,171073
96.6528,170014
96.6529,169897
96.6568,170570
96.6610,170446
96.6655,170932
96.6698,170016
96.6731,170281
96.6773,170176
96.6817,169987
96.6855,170571
96.6896,170410
96.6937,169947
96.6985,170226
96.7025,170226
96.7059,169941
96.7100,169987
96.7142,170856
96.7188,170597
96.7224,170405
96.7264,169389
96.7311,170601
96.7348,170075
96.7388,170391
96.7427,170462
96.7474,169981
96.7510,170117
96.7553,170678
96.7591,170352
96.7634,170513
96.7681,169885
96.7715,170845
96.7755,170825
96.7797,169974
96.7799,170272
96.7837,169460
96.7879,170750
96.7919,169947
96.7964,170315
96.8004,170222
96.8042,169484
96.8083,170417
96.8133,170271
96.8165,170813
96.8213,170147
96.8250,168926
96.8304,170481
96.8328,170355
96.8371,170241
96.8411,170711
96.8471,169492
96.8498,171774
96.8539,170361
96.8574,170348
96.8640,170574
96.8660,169188
96.8703,171272
96.8742,170457
96.8781,169978
96.8825,170385
96.8865,169739
96.8907,171604
96.8944,169494
96.8991,170257
96.9026,170597
96.9067,169920
96.9108,171855
96.9111,170453
96.9149,170134
96.9192,170755
96.9235,170057
96.9272,171442
96.9316,170059
96.9357,170350
96.9398,170449
96.9436,169921
96.9480,170822
96.9521,170266
96.9557,170811
96.9598,170344
96.9644,169721
96.9685,170907
96.9726,169807
96.9763,170464
96.9803,170169
96.9845,169740
96.9889,171401
96.9926,169850
96.9983,170213
97.0010,170224
97.0049,170267
97.0090,171404
97.0135,169860
97.0174,170020
97.0214,170301
97.0254,170094
97.0312,170958
97.0336,169287
97.0376,170881
97.0377,169990
97.0418,169819
97.0474,170507
97.0504,170143
97.0540,170529
97.0581,170331
97.0631,169999
97.0665,170999
97.0706,170166
97.0748,170328
97.0798,170445
97.0827,170167
97.0868,170461
97.0914,169882
97.0958,170311
97.0992,170123
97.1032,170406
97.1076,170626
97.1131,169894
97.1157,170205
97.1205,170685
97.1236,170704
97.1278,170167
97.1324,170302
97.1366,170807
97.1400,170634
97.1443,169865
97.1491,170722
97.1525,170050
97.1565,170412
97.1607,170310
97.1646,170347
97.1647,171142
97.1687,169849
97.1728,170076
97.1770,170819
97.1816,170198
97.1852,170781
97.1892,170079
97.1936,170051
97.1979,170294
97.2015,170163
97.2056,170413
97.2097,170221
97.2138,170305
97.2184,170916
97.2220,170433
97.2260,170066
97.2306,169444
97.2349,170321
97.2383,170748
97.2424,170578
97.2468,170110
97.2509,170230
97.2550,170417
97.2588,170366
97.2634,171003
97.2672,169300
97.2715,169709
97.2752,170064
97.2797,170304
97.2840,169975
97.2877,169857
97.2917,169825
97.2918,170324
97.2966,170509
97.3003,170767
97.3041,169911
97.3084,170346
97.3134,170538
97.3169,170266
97.3203,170063
97.3244,169634
97.3302,170541
97.3335,169799
97.3367,170465
97.3408,170391
97.3464,169369
97.3495,170634
97.3530,170512
97.3571,170138
97.3625,170380
97.3655,169347
97.3695,170905
97.3735,170316
97.3784,170051
97.3820,170247
97.3863,170001
97.3899,171332
97.3940,170591
97.3985,170307
97.4027,170536
97.4063,169773
97.4104,171418
97.4146,170289
97.4186,170500
97.4187,170098
97.4228,170121
97.4268,171635
97.4310,170423
97.4351,170592
97.4391,170582
97.4432,169882
97.4479,170786
97.4516,169889
97.4556,170605
97.4597,170530
97.4641,169542
97.4678,171430
97.4719,169941
97.4764,169527
97.4801,170799
97.4841,170042
97.4882,170747
97.4923,170278
97.4972,170457
97.5005,170293
97.5046,170253
97.5087,171107
97.5129,169871
97.5175,170524
97.5210,170404
97.5251,169946
97.5296,170990
97.5340,170267
97.5374,171052
97.5417,170780
97.5463,170007
97.5469,171132
97.5499,169724
97.5537,170981
97.5578,170238
97.5635,170417
97.5661,170980
97.5701,170280
97.5742,170481
97.5790,170092
97.5826,170165
97.5866,171207
97.5907,169972
97.5947,170448
97.5993,170149
97.6029,169998
97.6075,170520
97.6111,170125
97.6160,170450
97.6193,170655
97.6234,170255
97.6277,170577
97.6323,170234
97.6356,170534
97.6397,170288
97.6438,170597
97.6488,170751
97.6520,170484
97.6561,170356
97.6602,170628
97.6648,169993
97.6686,171033
97.6726,170055
97.6767,170706
97.6768,170711
97.6807,170470
97.6857,170469
97.6889,170065
97.6930,169922
97.6973,169692
97.7018,170770
97.7054,170918
97.7096,170023
97.7135,170419
97.7178,170821
97.7218,170728
97.7258,170642
97.7298,170526
97.7341,170529
97.7381,170074
97.7421,170293
97.7469,169934
97.7508,170061
97.7544,170425
97.7585,170397
97.7641,170367
97.7667,170187
97.7708,170121
97.7749,170347
97.7798,170411
97.7831,170074
97.7872,169721
97.7913,170340
97.7961,169905
97.7996,170318
97.8036,170839
97.8037,170011
97.8076,170347
97.8128,170365
97.8159,170285
97.8199,170539
97.8240,169716
97.8313,170508
97.8322,169862
97.8363,170233
97.8404,170384
97.8453,169405
97.8497,171277
97.8527,170766
97.8568,170562
97.8637,170329
97.8650,170010
97.8691,171128
97.8732,170560
97.8773,170723
97.8821,171114
97.8855,169722
97.8896,171029
97.8937,169865
97.8982,170791
97.9019,170602
97.9060,169909
97.9101,171456
97.9145,169958
97.9183,170308
97.9224,170301
97.9266,169981
97.9305,171920
97.9306,170187
97.9347,170244
97.9387,170302
97.9428,170332
97.9472,171690
97.9511,170046
97.9551,170948
97.9593,170403
97.9639,169749
97.9674,171294
97.9715,170117
97.9757,170635
97.9801,170593
97.9843,169713
97.9879,171987
97.9920,169720
97.9973,170733
98.0005,170379
98.0043,169879
98.0084,171404
98.0129,169861
98.0167,170110
98.0208,170862
98.0248,170415
98.0293,170776
98.0333,170229
98.0370,170642
98.0412,170545
98.0477,169949
98.0495,171368
98.0536,170180
98.0577,170233
98.0578,170502
98.0636,170671
98.0660,171449
98.0699,170600
98.0740,170970
98.0822,170461
98.0834,170033
98.0862,171014
98.0903,170418
98.0965,170435
98.0987,170714
98.1028,170004
98.1068,171133
98.1123,169919
98.1150,170389
98.1196,170663
98.1231,170071
98.1292,170701
98.1316,170188
98.1362,170140
98.1395,170591
98.1436,170269
98.1484,170867
98.1524,170383
98.1558,171075
98.1600,171024
98.1643,170622
98.1682,170855
98.1723,170057
98.1763,170167
98.1806,170346
98.1846,170614
98.1846,170851
98.1886,170229
98.1927,170053
98.1979,170782
98.2009,170252
98.2050,170957
98.2091,170495
98.2134,170151
98.2176,170198
98.2213,170055
98.2254,170835
98.2300,170499
98.2340,170600
98.2378,170224
98.2418,170422
98.2467,169656
98.2503,170521
98.2542,170995
98.2583,170545
98.2628,170410
98.2666,169796
98.2705,170824
98.2746,171000
98.2793,170746
98.2833,170524
98.2871,170141
98.2910,170338
98.2957,170143
98.2994,170428
98.3037,171010
98.3075,170045
98.3120,170463
98.3125,170405
98.3164,170127
98.3196,170454
98.3237,170065
98.3292,170294
98.3321,170333
98.3365,170492
98.3402,170084
98.3471,169557
98.3491,170930
98.3530,170604
98.3565,169801
98.3606,170691
98.3649,169551
98.3700,170457
98.3730,170826
98.3787,170665
98.3814,170834
98.3852,169517
98.3893,171226
98.3934,170236
98.3981,170356
98.4020,170062
98.4065,169850
98.4098,170618
98.4143,170259
98.4180,170019
98.4220,171123
98.4262,170218
98.4308,171137
98.4345,170136
98.4386,170464
98.4386,170496
98.4426,169946
98.4473,171125
98.4507,170629
98.4548,170333
98.4592,170698
98.4636,170181
98.4671,171273
98.4712,170244
98.4753,170283
98.4795,170354
98.4836,170394
98.4876,171616
98.4921,169974
98.4958,170276
98.4999,170487
98.5040,170323
98.5080,171330
98.5124,170149
98.5162,171004
98.5203,170892
98.5244,170278
98.5291,171623
98.5329,170121
98.5368,170815
98.5409,170611
98.5452,169901
98.5493,171089
98.5532,169866
98.5573,170409
98.5619,170883
98.5654,169978
98.5655,171761
98.5695,169360
98.5736,170636
98.5785,170394
98.5822,169447
98.5859,170486
98.5900,170889
98.5952,170293
98.5984,170196
98.6022,170222
98.6063,170788
98.6122,169741
98.6150,170530
98.6187,170348
98.6227,170450
98.6284,170666
98.6313,170542
98.6351,170636
98.6391,170644
98.6432,170233
98.6478,170276
98.6514,170638
98.6555,170416
98.6597,170361
98.6643,170254
98.6679,170654
98.6719,169699
98.6760,170388
98.6807,170146
98.6842,170312
98.6884,170621
98.6925,169991
98.6926,170461
98.6970,170396
98.7006,170258
98.7047,170484
98.7088,169594
98.7136,170405
98.7170,170391
98.7210,170142
98.7251,170619
98.7296,170458
98.7333,170187
98.7374,170160
98.7415,170551
98.7460,170227
98.7497,170260
98.7538,170245
98.7580,170875
98.7621,170138
98.7661,170694
98.7702,170298
98.7743,170564
98.7792,170141
98.7825,170663
98.7866,170154
98.7907,171063
98.7950,170455
98.7989,170776
98.8030,170254
98.8070,170426
98.8117,170363
98.8153,170214
98.8195,170613
98.8195,170184
98.8234,169911
98.8290,170523
98.8321,170621
98.8357,170563
98.8398,170345
98.8457,169996
98.8485,171155
98.8521,170225
98.8562,170447
98.8622,169927
98.8648,170222
98.8686,170530
98.8726,170638
98.8787,170417
98.8808,170599
98.8849,170021
98.8890,170983
98.8931,170661
98.8978,170515
98.9013,170396
98.9054,170041
98.9096,171162
98.9142,170703
98.9178,170819
98.9219,170959
98.9260,170101
98.9303,171514
98.9341,170575
98.9382,170591
98.9425,170634
98.9466,169883
98.9503,171082
98.9504,169938
98.9545,170433
98.9586,170330
98.9636,169792
98.9668,171724
98.9710,170557
98.9750,170453
98.9797,170174
98.9832,170045
98.9873,171624
98.9914,170162
98.9962,170464
98.9996,170653
99.0037,169886
99.0077,171422
99.0122,170188
99.0161,169975
99.0201,170532
99.0241,169616
99.0288,170834
99.0324,170000
99.0364,170411
99.0405,170482
99.0451,169984
99.0487,171562
99.0528,170337
99.0570,170335
99.0622,170609
99.0651,169842
99.0694,170756
99.0734,170091
99.0787,170278
99.0787,170848
99.0824,170290
99.0857,171948
99.0897,169307
99.0967,170585
99.0980,170656
99.1020,170209
99.1061,170965
99.1119,169628
99.1148,170466
99.1184,170451
99.1225,170117
99.1268,171176
99.1311,170185
99.1349,170852
99.1389,170570
99.1430,170220
99.1474,171366
99.1511,170348
99.1552,169495
99.1593,170361
99.1636,170244
99.1675,171066
99.1716,170184
99.1757,170267
99.1802,170360
99.1839,169986
99.1880,170695
99.1921,170576
99.1970,170492
99.2003,170419
99.2045,170449
99.2046,170986
99.2085,170453
99.2134,170819
99.2167,170408
99.2208,170416
99.2250,170685
99.2291,170533
99.2330,170685
99.2371,170711
99.2412,170886
99.2462,170434
99.2494,170969
99.2535,170819
99.2576,171252
99.2624,170249
99.2659,170830
99.2699,170636
99.2740,170398
99.2787,170246
99.2828,170845
99.2866,170392
99.2905,170561
99.2948,169522
99.2990,170761
99.3026,170073
99.3067,170314
99.3121,171255
99.3154,170290
99.3193,170327
99.3231,170426
99.3286,169975
99.3315,170679
99.3315,170692
99.3354,170601
99.3395,170816
99.3460,170392
99.3481,170695
99.3518,170448
99.3559,170281
99.3603,170393
99.3651,169755
99.3689,170434
99.3723,170790
99.3764,170501
99.3808,170396
99.3848,170051
99.3886,171145
99.3928,170573
99.3976,170699
99.4009,170785
99.4051,169657
99.4092,171219
99.4141,170478
99.4175,170320
99.4215,170688
99.4256,169838
99.4300,170955
99.4342,170909
99.4378,170575
99.4420,171042
99.4466,170069
99.4501,171007
99.4543,170726
99.4584,170623
99.4626,170591
99.4631,169982
99.4665,171171
99.4706,170141
99.4750,170048
99.4796,170167
99.4830,169663
99.4870,170963
99.4911,170653
99.4954,170181
99.4994,170430
99.5035,170044
99.5075,171298
99.5129,170575
99.5157,170480
99.5197,170096
99.5238,170356
99.5287,171275
99.5320,170333
99.5361,170877
99.5402,170000
99.5451,170282
99.5484,171156
99.5525,170149
99.5566,170127
99.5619,170663
99.5649,170435
99.5690,171156
99.5730,170349
99.5781,170384
99.5813,170447
99.5855,169828
99.5896,171114
99.5897,170526
99.5937,169814
99.5978,170677
99.6017,170027
99.6058,170924
99.6114,170581
99.6143,170163
99.6183,170415
99.6221,170081
99.6263,171283
99.6310,170115
99.6345,170953
99.6388,170162
99.6427,170435
99.6472,170801
99.6509,170534
99.6551,170268
99.6590,170777
99.6638,170361
99.6682,170632
99.6714,170544
99.6755,170896
99.6807,170799
99.6840,170763
99.6876,170843
99.6918,169745
99.6971,170171
99.7007,170504
99.7041,170729
99.7083,170659
99.7128,170078
99.7165,170477
99.7166,170027
99.7205,170586
99.7248,170726
99.7297,170487
99.7330,170541
99.7372,170446
99.7411,170347
99.7455,170692
99.7496,170719
99.7532,170562
99.7573,170894
99.7617,170421
99.7661,170774
99.7696,170167
99.7737,170675
99.7784,170638
99.7822,170726
99.7864,170346
99.7903,170354
99.7950,171111
99.7988,170638
99.8026,170669
99.8066,170566
99.8116,170727
99.8149,170535
99.8195,171171
99.8228,170321
99.8278,170456
99.8318,170374
99.8357,170952
99.8393,170486
99.8446,170808
99.8447,170186
99.8483,170739
99.8516,170614
99.8556,170580
99.8630,170985
99.8638,170298
99.8679,170529
99.8720,170452
99.8778,170869
99.8806,170813
99.8850,169705
99.8889,170758
99.8940,170526
99.8967,171076
99.9011,170901
99.9051,170584
99.9089,170920
99.9136,170900
99.9173,170779
99.9217,170604
99.9254,170860
99.9295,171143
99.9336,170390
99.9375,171184
99.9418,170698
99.9475,170145
99.9498,171134
99.9539,170316
99.9583,170361
99.9631,170701
99.9662,170099
99.9703,170982
99.9704,170830
99.9746,170643
99.9797,170284
99.9827,169488
99.9871,171324
99.9909,170799
99.9957,170490
99.9992,170199
100.0032,169842
100.0071,171979
100.0120,170371
100.0154,170722
100.0195,170001
100.0244,169930
100.0286,171315
100.0319,170043
100.0362,170663
100.0405,170992
100.0450,170442
100.0481,171864
100.0534,170494
100.0564,170383
100.0618,170243
100.0649,169909
100.0688,171289
100.0729,169979
100.0779,170787
100.0815,170876
100.0851,170492
100.0892,171720
100.0945,170637
100.0974,170858
100.0975,170184
100.1014,170559
100.1055,171395
100.1118,170417
100.1137,170824
100.1184,170597
100.1221,170354
100.1260,170599
100.1306,169834
100.1344,170421
100.1382,170584
100.1424,170461
100.1477,171449
100.1516,170254
100.1550,170611
100.1590,170666
100.1628,170140
100.1669,171263
100.1710,170246
100.1751,170341
100.1792,170157
100.1832,170540
100.1874,171157
100.1914,169794
100.1956,170755
100.1998,170760
100.2038,170766
100.2079,170755
100.2120,170427
100.2161,170177
100.2204,170367
100.2245,170517
100.2246,170791
100.2283,170513
100.2324,170390
100.2366,171128
100.2406,170528
100.2447,171432
100.2488,170349
100.2530,170751
100.2570,170283
100.2612,170560
100.2653,170699
100.2694,170222
100.2734,170876
100.2776,170985
100.2817,170698
100.2858,171047
100.2898,170070
100.2939,170557
100.2980,170782
100.3021,170574
100.3062,170853
100.3103,170373
100.3144,170293
100.3185,170889
100.3226,170332
100.3267,170579
100.3308,171003
100.3349,169990
100.3390,170651
100.3432,170409
100.3474,170370
100.3514,170501
100.3556,170422
100.3556,170405
100.3594,170351
100.3635,170534
100.3676,169938
100.3717,170398
100.3759,170387
100.3800,170080
100.3841,170797
100.3881,170522
100.3922,170217
100.3962,170816
100.4004,170261
100.4045,170187
100.4086,170579
100.4126,169973
100.4168,170317
100.4209,169980
100.4250,170285
100.4291,170506
100.4332,170854
100.4372,170552
100.4413,170434
100.4454,169804
100.4495,170538
100.4536,170498
100.4577,170574
100.4619,170771
100.4660,169343
100.4701,171270
100.4743,170498
100.4784,170605
100.4824,170013
100.4824,169908
100.4865,170869
100.4905,170594
100.4946,170260
100.4987,170889
100.5028,170076
100.5069,170976
100.5110,170180
100.5151,170800
100.5192,170090
100.5232,169693
100.5274,171127
100.5315,170656
100.5356,170633
100.5397,170647
100.5438,170004
100.5479,171180
100.5520,169911
100.5561,170660
100.5602,170467
100.5643,169975
100.5684,171156
100.5725,170490
100.5766,170043
100.5807,170674
100.5848,169703
100.5889,171642
100.5929,169855
100.5971,170491
100.6014,170518
100.6054,169986
100.6094,170925
100.6095,169934
100.6135,170859
100.6175,170405
100.6216,170032
100.6257,171173
100.6298,169968
100.6339,170447
100.6381,170197
100.6421,170106
100.6462,170762
100.6503,169518
100.6544,170495
100.6585,170154
100.6626,169728
100.6667,170859
100.6708,170401
100.6749,170880
100.6790,170531
100.6830,169944
100.6872,171329
100.6912,169983
100.6953,170121
100.6994,170005
100.7035,170121
100.7076,171223
100.7117,169759
100.7159,170179
100.7199,170317
100.7241,170402
100.7284,170922
100.7324,169531
100.7364,170448
100.7365,170328
100.7405,170484
100.7446,170838
100.7487,170515
100.7526,170601
100.7567,170957
100.7608,170401
100.7649,171073
100.7690,170274
100.7731,170566
100.7772,170431
100.7813,170230
100.7854,170461
100.7895,170384
100.7936,170424
100.7976,170876
100.8017,170838
100.8059,171155
100.8099,169960
100.8140,170244
100.8181,170426
100.8222,170511
100.8263,170572
100.8304,170766
100.8345,170307
100.8386,170602
100.8427,170586
100.8468,170185
100.8509,170974
100.8552,170509
100.8594,170649
100.8634,171019
100.8635,169966
100.8673,170581
100.8714,170570
100.8755,170677
100.8796,170065
100.8837,170281
100.8878,170319
100.8919,170659
100.8960,170418
100.9002,171193
100.9042,169638
100.9082,170744
100.9123,170381
100.9164,170650
100.9205,170175
100.9247,170158
100.9288,170811
100.9329,170759
100.9370,170798
100.9411,170780
100.9452,169825
100.9492,170343
100.9533,170776
100.9574,170564
100.9615,170777
100.9656,169961
100.9699,171103
100.9739,169899
100.9780,170246
100.9821,170424
100.9864,169560
100.9904,170514
100.9905,169957
100.9943,170296
100.9984,170832
101.0025,169775
101.0065,171241
101.0107,170141
101.0149,170161
101.0188,169826
101.0229,170019
101.0270,171437
101.0311,170336
101.0353,170327
101.0394,170588
101.0435,169440
101.0476,171602
101.0517,170689
101.0558,169962
101.0598,170441
101.0639,169733
101.0680,171287
101.0722,170610
101.0762,170881
101.0803,170320
101.0844,169687
101.0886,171355
101.0927,169996
101.0967,170488
101.1008,170938
101.1049,170374
101.1089,171763
101.1131,169950
101.1172,170770
101.1173,171066
101.1212,170356
101.1253,171452
101.1296,170455
101.1336,171055
101.1377,171014
101.1417,171086
101.1458,171477
101.1499,170960
101.1540,170669
101.1581,170900
101.1622,170350
101.1663,171686
101.1704,170522
101.1745,170862
101.1786,171231
101.1827,170260
101.1867,171210
101.1909,170459
101.1949,170397
101.1991,170772
101.2032,170146
101.2073,170662
101.2113,170212
101.2154,170527
101.2195,170754
101.2236,170584
101.2277,170529
101.2318,170231
101.2359,170286
101.2401,170467
101.2442,170754
101.2442,170790
101.2482,170172
101.2523,170310
101.2564,170580
101.2605,169969
101.2646,170424
101.2688,170004
101.2728,170717
101.2769,170025
101.2810,170422
101.2851,170325
101.2891,170314
101.2932,170317
101.2974,170763
101.3014,170463
101.3055,170214
101.3096,169940
101.3137,170505
101.3178,170498
101.3220,170467
101.3260,170331
101.3301,170210
101.3342,169896
101.3383,170633
101.3424,171045
101.3465,170888
101.3506,170720
101.3547,170763
101.3588,170747
101.3630,170659
101.3671,170779
101.3710,170791
101.3711,170835
101.3752,170569
101.3793,170698
101.3834,170245
101.3875,170611
101.3917,169674
101.3957,170658
101.3998,170396
101.4039,169650
101.4080,170639
101.4121,170513
101.4162,170369
101.4203,170306
101.4244,169831
101.4285,170297
101.4325,170082
101.4366,170763
101.4407,170203
101.4448,169929
101.4489,170330
101.4530,169693
101.4571,170965
101.4613,170612
101.4654,169754
101.4694,170836
101.4736,170256
101.4777,170206
101.4818,169956
101.4859,170166
101.4900,170936
101.4940,170765
101.4983,170341
101.4984,170247
101.5023,169508
101.5062,170949
101.5104,170662
101.5145,170685
101.5186,170700
101.5226,169736
101.5268,170835
101.5309,170369
101.5350,170591
101.5390,170171
101.5431,169942
101.5472,171590
101.5513,169849
101.5554,170220
101.5595,170593
101.5636,169796
101.5677,171129
101.5719,170197
101.5760,170443
101.5801,170210
101.5842,170142
101.5882,171188
101.5923,170426
101.5964,169851
101.6005,170834
101.6046,169718
101.6087,171786
101.6128,169800
101.6169,170711
101.6211,170447
101.6253,170001
101.6292,171474
101.6294,169834
101.6333,170532
101.6374,170561
101.6414,169962
101.6455,171034
101.6497,169682
101.6538,170663
101.6579,170802
101.6620,170240
101.6660,170885
101.6701,169746
101.6742,170394
101.6783,170459
101.6824,170084
101.6865,170938
101.6906,169919
101.6947,170321
101.6988,170507
101.7029,170259
101.7070,170900
101.7111,170293
101.7152,170831
101.7193,170362
101.7234,169968
101.7275,171129
101.7316,169947
101.7357,170240
101.7398,170500
101.7439,170320
101.7480,170394
101.7523,170411
101.7562,170350
101.7563,170279
101.7603,170302
101.7643,170997
101.7684,169701
101.7724,170528
101.7766,170647
101.7808,170506
101.7849,171111
101.7889,169755
101.7930,170463
101.7971,170285
101.8012,170148
101.8053,170741
101.8094,170055
101.8134,170309
101.8175,170630
101.8217,170470
101.8258,170581
101.8299,170060
101.8341,170414
101.8381,170034
101.8421,170435
101.8462,170190
101.8503,170434
101.8544,170185
101.8586,170207
101.8627,170064
101.8667,170822
101.8709,169756
101.8751,170300
101.8792,170597
101.8832,170528
101.8833,169948
101.8872,170012
101.8913,169989
101.8954,170380
101.8995,170173
101.9035,169811
101.9077,169849
101.9117,170267
101.9158,170492
101.9199,170475
101.9240,170110
101.9281,170254
101.9322,170289
101.9363,170175
101.9405,170403
101.9445,169857
101.9487,170139
101.9527,169958
101.9568,170031
101.9609,170459
101.9650,169126
101.9691,170245
101.9733,169912
101.9773,170982
101.9814,170365
101.9855,169580
101.9895,170655
101.9936,170569
101.9978,170307
102.0019,170425
102.0060,169401
102.0104,170781
102.0105,170078
102.0142,170390
102.0182,170179
102.0223,169756
102.0265,170830
102.0305,170596
102.0347,169465
102.0387,170405
102.0428,169839
102.0471,171047
102.0511,170487
102.0552,170570
102.0594,170552
102.0633,169395
102.0675,171156
102.0716,170358
102.0757,170257
102.0798,170575
102.0839,169854
102.0879,170697
102.0921,170489
102.0961,170481
102.1001,170740
102.1043,170165
102.1088,171132
102.1125,169449
102.1166,170034
102.1207,170504
102.1248,170048
102.1290,170693
102.1334,169592
102.1372,170670
102.1373,169994
102.1412,170266
102.1453,170929
102.1495,170363
102.1535,170506
102.1576,170516
102.1616,170171
102.1665,171145
102.1700,169487
102.1743,170859
102.1785,170510
102.1822,169978
102.1861,171449
102.1903,170053
102.1950,170601
102.1987,170883
102.2025,169922
102.2067,171140
102.2116,169528
102.2152,170763
102.2190,170225
102.2230,169959
102.2278,171303
102.2312,169936
102.2361,170868
102.2394,170828
102.2439,170469
102.2476,171155
102.2521,170103
102.2559,170727
102.2601,170713
102.2641,170384
102.2642,170672
102.2680,169679
102.2722,170071
102.2768,170633
102.2808,170268
102.2844,170551
102.2885,170217
102.2936,170150
102.2968,170376
102.3008,170318
102.3049,170947
102.3093,170339
102.3135,170376
102.3172,170660
102.3213,169862
102.3258,170562
102.3301,169901
102.3337,170425
102.3378,170405
102.3422,170737
102.3460,170923
102.3500,169793
102.3541,170498
102.3584,170496
102.3632,170666
102.3669,170387
102.3705,170936
102.3748,170523
102.3787,170897
102.3831,170191
102.3869,170042
102.3910,170202
102.3951,170127
102.3953,170921
102.3991,170738
102.4032,170105
102.4074,170614
102.4115,170953
102.4155,170499
102.4196,170180
102.4237,170295
102.4284,170757
102.4322,170036
102.4363,170361
102.4402,170454
102.4450,170539
102.4485,170431
102.4525,169909
102.4566,170326
102.4615,170246
102.4647,170010
102.4687,171035
102.4731,170706
102.4774,169712
102.4811,170837
102.4851,169986
102.4892,170513
102.4939,170516
102.4979,170662
102.5016,170526
102.5057,170287
102.5099,170924
102.5140,170472
102.5181,170213
102.5221,170621
102.5222,170397
102.5262,170893
102.5307,170231
102.5343,170993
102.5384,170474
102.5426,169877
102.5469,170601
102.5507,170582
102.5547,170608
102.5594,170682
102.5630,169812
102.5675,171028
102.5712,170116
102.5759,170699
102.5798,170127
102.5837,169654
102.5878,171118
102.5923,169687
102.5963,169877
102.5999,171024
102.6040,169981
102.6084,170926
102.6127,169496
102.6162,170299
102.6203,170486
102.6245,169994
102.6292,171533
102.6326,169676
102.6367,170440
102.6412,170796
102.6451,170004
102.6493,171338
102.6494,169546
102.6532,170562
102.6572,170392
102.6613,169976
102.6654,171281
102.6695,169986
102.6736,170277
102.6780,170279
102.6817,169997
102.6859,170904
102.6901,169729
102.6941,169971
102.6981,170278
102.7022,169560
102.7063,170896
102.7104,169553
102.7145,169526
102.7186,169763
102.7227,169838
102.7280,170808
102.7310,169435
102.7350,170094
102.7391,169834
102.7437,169572
102.7473,170400
102.7514,169566
102.7555,170006
102.7604,170171
102.7637,169788
102.7678,170825
102.7720,169847
102.7762,170306
102.7763,169813
102.7801,169707
102.7841,170337
102.7882,169820
102.7928,170261
102.7965,170604
102.8005,170436
102.8046,170545
102.8094,169592
102.8128,169917
102.8169,169978
102.8210,169323
102.8252,170469
102.8292,169795
102.8333,170508
102.8374,169971
102.8419,169986
102.8457,170655
102.8497,169715
102.8538,169588
102.8584,170103
102.8620,170252
102.8661,170194
102.8702,169737
102.8746,169992
102.8785,169931
102.8825,170083
102.8866,170255
102.8907,169926
102.8952,170592
102.8989,170140
102.9031,170366
102.9031,169798
102.9071,170156
102.9127,170620
102.9160,169934
102.9194,170427
102.9235,169096
102.9275,169718
102.9316,170205
102.9357,170192
102.9398,170326
102.9439,169517
102.9480,170208
102.9521,170436
102.9562,170356
102.9603,170219
102.9644,169469
102.9686,170050
102.9727,169815
102.9768,170144
102.9809,170168
102.9849,169739
102.9890,170567
102.9931,170070
102.9972,170245
103.0013,170482
103.0054,169632
103.0095,170216
103.0136,170317
103.0177,170476
103.0218,170173
103.0261,169408
103.0301,170615
103.0302,169750
103.0341,170419
103.0381,169676
103.0422,169719
103.0464,170933
103.0504,170782
103.0545,170293
103.0586,170109
103.0628,169580
103.0668,170883
103.0709,170243
103.0750,169777
103.0791,170488
103.0832,168965
103.0873,170901
103.0914,169695
103.0955,169850
103.0996,169943
103.1037,169383
103.1078,171233
103.1119,169243
103.1159,170167
103.1201,169877
103.1242,169579
103.1283,171122
103.1324,169504
103.1364,170437
103.1405,170058
103.1446,169500
103.1487,170947
103.1529,170545
103.1570,170439
103.1571,170627
103.1610,170276
103.1651,171004
103.1693,170008
103.1733,169839
103.1775,169856
103.1815,170138
103.1856,170584
103.1897,169674
103.1938,170089
103.1979,170468
103.2020,169265
103.2061,170862
103.2102,169505
103.2143,170434
103.2184,170470
103.2224,170204
103.2266,170833
103.2307,170016
103.2348,169792
103.2389,170469
103.2431,169893
103.2471,171414
103.2512,170053
103.2552,170551
103.2593,170345
103.2634,169675
103.2676,170717
103.2716,169592
103.2757,170613
103.2800,170170
103.2840,170430
103.2841,170629
103.2879,169553
103.2921,169798
103.2963,170609
103.3002,170239
103.3044,170159
103.3085,169865
103.3125,169775
103.3166,170409
103.3208,169762
103.3249,170339
103.3290,170287
103.3331,170371
103.3372,170339
103.3412,169982
103.3453,170456
103.3494,170155
103.3535,170407
103.3577,170571
103.3617,170153
103.3658,170526
103.3699,170076
103.3740,169932
103.3781,169974
103.3822,170339
103.3863,170974
103.3904,169972
103.3945,169751
103.3986,170223
103.4027,170698
103.4070,170248
103.4109,170114
103.4110,169946
103.4150,169939
103.4191,170550
103.4232,170213
103.4272,170007
103.4313,170901
103.4355,170434
103.4395,170532
103.4436,169787
103.4477,170130
103.4518,169785
103.4560,170519
103.4600,169945
103.4641,170260
103.4682,169497
103.4723,170611
103.4764,170616
103.4805,170017
103.4846,170074
103.4887,169825
103.4928,170044
103.4968,170006
103.5010,170583
103.5051,169198
103.5092,170628
103.5132,170127
103.5173,170082
103.5215,170571
103.5256,169834
103.5297,170384
103.5340,170325
103.5378,171072
103.5378,170454
103.5420,170138
103.5461,171130
103.5502,170748
103.5542,170556
103.5584,170886
103.5624,170608
103.5665,170912
103.5706,170427
103.5748,170851
103.5788,170771
103.5829,170426
103.5870,171464
103.5911,170571
103.5952,170223
103.5993,170858
103.6034,169451
103.6075,171505
103.6116,170267
103.6156,170750
103.6197,170523
103.6238,170010
103.6281,171728
103.6321,169990
103.6362,170538
103.6403,170732
103.6444,170568
103.6485,171161
103.6526,170715
103.6567,170633
103.6609,170435
103.6650,170231
103.6690,171586
103.6691,170080
103.6730,170299
103.6771,170447
103.6812,169968
103.6853,171803
103.6894,169904
103.6935,170870
103.6976,171005
103.7017,169920
103.7058,171584
103.7099,169585
103.7139,170701
103.7180,170764
103.7222,169671
103.7263,171334
103.7303,170083
103.7345,170866
103.7386,170670
103.7426,169810
103.7467,171168
103.7507,170238
103.7549,170416
103.7590,170556
103.7631,170311
103.7673,171019
103.7713,169490
103.7754,170909
103.7795,170821
103.7837,170079
103.7878,171500
103.7920,170391
103.7960,170257
103.7961,170433
103.8000,169524
103.8041,171302
103.8081,170578
103.8123,170734
103.8164,170634
103.8205,170700
103.8246,170487
103.8287,170161
103.8328,170197
103.8369,170463
103.8410,170232
103.8450,171422
103.8492,170262
103.8532,170410
103.8573,170761
103.8614,169729
103.8655,170988
103.8696,169817
103.8737,170682
103.8777,170590
103.8819,170900
103.8860,170579
103.8901,169729
103.8943,170243
103.8983,170841
103.9024,170766
103.9065,170625
103.9106,170153
103.9148,170679
103.9188,170490
103.9229,170049
103.9230,170610
103.9269,170437
103.9310,170109
103.9351,170696
103.9392,170814
103.9433,170325
103.9474,170401
103.9515,170282
103.9556,170464
103.9597,169825
103.9637,170300
103.9678,169803
103.9720,170081
103.9760,171178
103.9801,170632
103.9842,169980
103.9883,169722
103.9924,170560
103.9965,170575
104.0006,170353
104.0047,169775
104.0088,170762
104.0129,170921
104.0170,170682
104.0211,170908
104.0252,170475
104.0293,170184
104.0334,170195
104.0375,171005
104.0417,170363
104.0460,169511
104.0500,170643
104.0500,170817
104.0539,170700
104.0580,169867
104.0621,169936
104.0662,171291
104.0703,170298
104.0745,170620
104.0785,170372
104.0826,169564
104.0866,170786
104.0908,170055
104.0949,170692
104.0990,170593
104.1030,169744
104.1071,171556
104.1112,170196
104.1153,170955
104.1194,170674
104.1235,170540
104.1276,171010
104.1317,170684
104.1358,170480
104.1399,170869
104.1440,169816
104.1481,171377
104.1522,170209
104.1562,170391
104.1603,170297
104.1645,169891
104.1686,171040
104.1729,169763
104.1769,170641
104.1770,170608
104.1809,170070
104.1850,170687
104.1891,170199
104.1932,170758
104.1973,170912
104.2014,170341
104.2055,171772
104.2096,170305
104.2137,170543
104.2177,170445
104.2219,169533
104.2260,170985
104.2301,170344
104.2342,170632
104.2383,170329
104.2424,169806
104.2464,171217
104.2505,169734
104.2546,170936
104.2587,170334
104.2628,170250
104.2669,171016
104.2710,170543
104.2752,170670
104.2792,170712
104.2832,170453
104.2874,171171
104.2914,169634
104.2955,170576
104.2998,170771
104.3039,170107
104.3039,170939
104.3078,169735
104.3119,170523
104.3160,170557
104.3201,170522
104.3242,170718
104.3284,169980
104.3324,170876
104.3366,170888
104.3406,170400
104.3447,171071
104.3487,170258
104.3529,170458
104.3571,170543
104.3611,170522
104.3652,171236
104.3693,170424
104.3734,170552
104.3775,170834
104.3816,170576
104.3857,171224
104.3898,169895
104.3939,170077
104.3980,170397
104.4022,170688
104.4063,170855
104.4103,170614
104.4143,170474
104.4185,170316
104.4226,170602
104.4280,170826
104.4308,169928
104.4309,170413
104.4348,170443
104.4390,170025
104.4430,170635
104.4470,169903
104.4512,170275
104.4553,169939
104.4594,170749
104.4635,170552
104.4676,170270
104.4717,170922
104.4758,170571
104.4799,170056
104.4841,170331
104.4880,170636
104.4922,170276
104.4962,170651
104.5003,170503
104.5044,170286
104.5085,170553
104.5126,170724
104.5167,170458
104.5208,170381
104.5249,169999
104.5290,170567
104.5332,170262
104.5372,170416
104.5413,170657
104.5455,169720
104.5496,170256
104.5542,170148
104.5581,169938
104.5581,170560
104.5618,169640
104.5660,170730
104.5700,170393
104.5741,170018
104.5782,170155
104.5823,170162
104.5864,170597
104.5905,170465
104.5946,170307
104.5987,170631
104.6028,170000
104.6068,171282
104.6110,170185
104.6150,170918
104.6192,170584
104.6233,170362
104.6273,171281
104.6314,170320
104.6356,170513
104.6396,170667
104.6438,169437
104.6479,171107
104.6519,169802
104.6560,170097
104.6601,170305
104.6642,169819
104.6683,171150
104.6725,170663
104.6765,170749
104.6808,170320
104.6849,170143
104.6850,171641
104.6888,169805
104.6929,170420
104.6970,170568
104.7011,170013
104.7052,171205
104.7092,170066
104.7133,170189
104.7174,170017
104.7216,169982
104.7257,171250
104.7298,169684
104.7339,170197
104.7380,170876
104.7421,170051
104.7461,171505
104.7502,169889
104.7543,170595
104.7584,170820
104.7625,169948
104.7666,171433
104.7706,169680
104.7748,170418
104.7789,170719
104.7830,170235
104.7870,172119
104.7912,169870
104.7952,170281
104.7994,170881
104.8035,169690
104.8076,171189
104.8118,169666
104.8119,170400
104.8158,170460
104.8199,170355
104.8240,171296
104.8280,170705
104.8321,171003
104.8362,170595
104.8404,169878
104.8444,171381
104.8485,170000
104.8526,170997
104.8568,170601
104.8608,170344
104.8649,170470
104.8690,170894
104.8731,170415
104.8772,170287
104.8813,170224
104.8854,171386
104.8895,170187
104.8936,170318
104.8977,170825
104.9017,170337
104.9058,170990
104.9100,169536
104.9140,170296
104.9181,170821
104.9222,170630
104.9263,171675
104.9304,169328
104.9348,170556
104.9387,170686
104.9427,170764
104.9428,170433
104.9468,170202
104.9509,170480
104.9550,170588
104.9591,170911
104.9632,170352
104.9673,170147
104.9715,170602
104.9754,170431
104.9796,170565
104.9837,170839
104.9878,170502
104.9919,170276
104.9960,170662
105.0001,171197
105.0041,170547
105.0083,170457
105.0124,170399
105.0164,170568
105.0205,170675
105.0246,170152
105.0287,170456
105.0328,170573
105.0369,170673
105.0411,170387
105.0452,170519
105.0492,169956
105.0534,170288
105.0574,170210
105.0617,170712
105.0658,169638
105.0698,170741
105.0699,170021
105.0738,170411
105.0779,170992
105.0820,169958
105.0861,170305
105.0902,170417
105.0943,171111
105.0984,170710
105.1025,169720
105.1066,171195
105.1107,170177
105.1148,170570
105.1189,170206
105.1230,169589
105.1271,170768
105.1312,170527
105.1353,170257
105.1394,170818
105.1434,169652
105.1475,171452
105.1517,170250
105.1558,170504
105.1598,170884
105.1640,170220
105.1680,171404
105.1722,170416
105.1762,170290
105.1803,170347
105.1844,169275
105.1887,171510
105.1927,170062
105.1968,170637
105.1969,170413
105.2008,169990
105.2049,171774
105.2090,169693
105.2131,170072
105.2172,170479
105.2212,170013
105.2254,171285
105.2295,169757
105.2336,170178
105.2377,170523
105.2417,169756
105.2458,171464
105.2499,169674
105.2540,170598
105.2581,170815
105.2622,170078
105.2663,171823
105.2704,169969
105.2745,170211
105.2786,170228
105.2827,169837
105.2867,171268
105.2909,170155
105.2950,169875
105.2991,170698
105.3032,170154
105.3073,171524
105.3114,169761
105.3155,170650
105.3197,170314
105.3238,170465
105.3239,171356
105.3278,169882
105.3319,170721
105.3359,170401
105.3401,170567
105.3441,171002
105.3482,170162
105.3523,170262
105.3564,170189
105.3605,169807
105.3646,170856
105.3687,170114
105.3728,170701
105.3768,169999
105.3810,170461
105.3851,171101
105.3892,169479
105.3933,170776
105.3974,169926
105.4015,170611
105.4056,170276
105.4097,170309
105.4138,170091
105.4178,170486
105.4220,170852
105.4261,170859
105.4302,169849
105.4343,170653
105.4384,170624
105.4426,169980
105.4465,171084
105.4508,170284
105.4508,170545
105.4548,169966
105.4588,170332
105.4629,170562
105.4670,169752
105.4711,170331
105.4752,170495
105.4793,170700
105.4834,170089
105.4875,170090
105.4916,170053
105.4957,170499
105.4998,170428
105.5038,170159
105.5079,170436
105.5121,170046
105.5163,170439
105.5202,170067
105.5244,170401
105.5285,170228
105.5326,170176
105.5366,170226
105.5408,170088
105.5448,169870
105.5489,170601
105.5531,170390
105.5571,170115
105.5612,170441
105.5653,169753
105.5694,170683
105.5737,170372
105.5778,170481
105.5778,169972
105.5817,170511
105.5858,170367
105.5899,170061
105.5940,169950
105.5981,170583
105.6022,170004
105.6063,170278
105.6105,170018
105.6145,170613
105.6185,170187
105.6227,169474
105.6268,170186
105.6309,170157
105.6350,170661
105.6391,170584
105.6431,169418
105.6473,170996
105.6513,170326
105.6555,170334
105.6595,170679
105.6636,169352
105.6677,170911
105.6718,170003
105.6759,170534
105.6800,170823
105.6841,169716
105.6882,171717
105.6923,169877
105.6965,170595
105.7006,170198
105.7047,169753
105.7048,171154
105.7087,170636
105.7128,170553
105.7169,170091
105.7210,170080
105.7251,171428
105.7292,170132
105.7333,170540
105.7374,170766
105.7414,169737
105.7455,171735
105.7496,169780
105.7537,170489
105.7578,170797
105.7619,170530
105.7660,171532
105.7700,170060
105.7742,170485
105.7783,170196
105.7824,170202
105.7864,171045
105.7906,170160
105.7946,170492
105.7987,170885
105.8028,170055
105.8070,171495
105.8111,169544
105.8152,170676
105.8192,170302
105.8234,170334
105.8276,170935
105.8317,170172
105.8355,170334
105.8356,170383
105.8397,170373
105.8438,171067
105.8479,169583
105.8520,170268
105.8560,170385
105.8602,170323
105.8642,170972
105.8684,169953
105.8724,170368
105.8766,169824
105.8806,169714
105.8847,171593
105.8888,170211
105.8929,170685
105.8970,170714
105.9012,170567
105.9052,171046
105.9093,169822
105.9135,170331
105.9175,171055
105.9216,170419
105.9257,170848
105.9299,170049
105.9340,170205
105.9381,170614
105.9422,170602
105.9462,170945
105.9504,170256
105.9546,170425
105.9587,170724
105.9627,170226
105.9628,170876
105.9667,170068
105.9708,169948
105.9749,170569
105.9790,170136
105.9831,170930
105.9872,169845
105.9913,170922
105.9955,170712
105.9995,170017
106.0035,170179
106.0077,169842
106.0118,170451
106.0159,170480
106.0199,170292
106.0241,170398
106.0282,169838
106.0323,170397
106.0362,170391
106.0405,170947
106.0445,170182
106.0486,170510
106.0528,170500
106.0568,170659
106.0609,170465
106.0651,170330
106.0692,170130
106.0732,170570
106.0773,170950
106.0814,170192
106.0857,169938
106.0896,170533
106.0897,169736
106.0937,170701
106.0978,170827
106.1019,170221
106.1060,171013
106.1101,170092
106.1142,170497
106.1183,170446
106.1224,170389
106.1265,170681
106.1306,170276
106.1347,170450
106.1387,170431
106.1428,169989
106.1469,170643
106.1510,170395
106.1551,170492
106.1592,170821
106.1633,169640
106.1674,170911
106.1715,170349
106.1756,170185
106.1797,170938
106.1838,170313
106.1879,170964
106.1920,170685
106.1961,170830
106.2002,170493
106.2043,169651
106.2086,171442
106.2126,170128
106.2166,170777
106.2167,170365
106.2207,170255
106.2248,171240
106.2289,170906
106.2330,170734
106.2371,170729
106.2411,170137
106.2452,171260
106.2493,169920
106.2534,170470
106.2575,170836
106.2616,169869
106.2657,171764
106.2697,169837
106.2739,170403
106.2780,171032
106.2821,170225
106.2862,171436
106.2902,169890
106.2943,170447
106.2984,170273
106.3026,170085
106.3067,171685
106.3108,170032
106.3149,170303
106.3191,170482
106.3231,169865
106.3271,171406
106.3312,169645
106.3355,170978
106.3396,170990
106.3437,170031
106.3438,170974
106.3476,170145
106.3517,170542
106.3558,171030
106.3599,170055
106.3640,171488
106.3681,169641
106.3722,170545
106.3763,170042
106.3804,170236
106.3844,170862
106.3885,170252
106.3926,170957
106.3967,170990
106.4009,170076
106.4050,171185
106.4091,170386
106.4132,170457
106.4172,170518
106.4214,170045
106.4254,170760
106.4295,170008
106.4336,170730
106.4377,170809
106.4418,170446
106.4459,171079
106.4500,170364
106.4541,170814
106.4582,170951
106.4623,170637
106.4666,170729
106.4705,169784
106.4706,170382
106.4745,170967
106.4787,170339
106.4828,170786
106.4869,170508
106.4910,170608
106.4951,170702
106.4992,170348
106.5034,171118
106.5074,170686
106.5114,170832
106.5155,170952
106.5196,171268
106.5238,171246
106.5279,170506
106.5320,170413
106.5359,170940
106.5401,170568
106.5442,170333
106.5483,170309
106.5524,170032
106.5565,171049
106.5606,170496
106.5647,169791
106.5688,170231
106.5729,170982
106.5770,170828
106.5812,170569
106.5852,170536
106.5892,170861
106.5936,170104
106.5976,170370
106.5977,170733
106.6016,170107
106.6057,170531
106.6098,170875
106.6139,170613
106.6180,170897
106.6221,170395
106.6262,170328
106.6303,170786
106.6343,170480
106.6385,170791
106.6425,170376
106.6466,170681
106.6507,170671
106.6548,171027
106.6589,170440
106.6630,169951
106.6671,170786
106.6712,170456
106.6753,171164
106.6794,170368
106.6835,169920
106.6876,171060
106.6917,170475
106.6958,170962
106.6999,170859
106.7040,169613
106.7081,171023
106.7122,170706
106.7163,170427
106.7206,170530
106.7246,169807
106.7247,171115
106.7286,170410
106.7326,170765
106.7367,170168
106.7407,169775
106.7449,170978
106.7490,170764
106.7531,170416
106.7572,170925
106.7613,170062
106.7655,171313
106.7695,170452
106.7736,170310
106.7776,170685
106.7817,169683
106.7858,171620
106.7900,170550
106.7941,170302
106.7982,170467
106.8023,169783
106.8064,171787
106.8105,170281
106.8145,170355
106.8186,170665
106.8227,170143
106.8269,171538
106.8310,169611
106.8351,170724
106.8392,170549
106.8433,170405
106.8476,171482
106.8515,169844
106.8555,170483
106.8558,170541
106.8595,170566
106.8636,171786
106.8677,170073
106.8718,170797
106.8759,170397
106.8800,169890
106.8841,170719
106.8882,170364
106.8923,171049
106.8964,170781
106.9005,169780
106.9046,170686
106.9087,169746
106.9127,170044
106.9169,170325
106.9210,170201
106.9251,170971
106.9291,170320
106.9332,170230
106.9373,170411
106.9414,170498
106.9455,171218
106.9496,170096
106.9537,170512
106.9578,171146
106.9619,170296
106.9660,170681
106.9701,169609
106.9745,170455
106.9786,170871
106.9827,170413
106.9828,170643
106.9865,169897
106.9906,170793
106.9947,170640
106.9988,169986
107.0030,170910
107.0070,169904
107.0111,170430
107.0152,170233
107.0193,170518
107.0234,170611
107.0276,170452
107.0317,170772
107.0356,170622
107.0398,170692
107.0440,170854
107.0480,170516
107.0522,170497
107.0562,170667
107.0603,170455
107.0644,170299
107.0685,169835
107.0726,170333
107.0767,170338
107.0807,170968
107.0849,170867
107.0890,170569
107.0931,170320
107.0972,170536
107.1017,170241
107.1057,170383
107.1098,170667
107.1098,170193
107.1136,170411
107.1177,170405
107.1218,169469
107.1258,170309
107.1299,170645
107.1340,170180
107.1381,170845
107.1421,169896
107.1462,170442
107.1504,170614
107.1544,170697
107.1585,170661
107.1626,170152
107.1667,170624
107.1708,170235
107.1749,170620
107.1790,170805
107.1831,170048
107.1872,170728
107.1913,170528
107.1954,170516
107.1995,170609
107.2036,169540
107.2077,170701
107.2118,170277
107.2159,170159
107.2200,170374
107.2240,169889
107.2282,170300
107.2326,170011
107.2365,170624
107.2366,170905
107.2405,169299
107.2446,170866
107.2486,170250
107.2528,170259
107.2568,170597
107.2609,169798
107.2650,171502
107.2691,170974
107.2732,170392
107.2773,170728
107.2815,169661
107.2855,171816
107.2897,170573
107.2938,170382
107.2979,170374
107.3020,170172
107.3061,171402
107.3102,170387
107.3143,170348
107.3183,170150
107.3225,170027
107.3265,171262
107.3307,170630
107.3346,170628
107.3388,170418
107.3429,170292
107.3470,171392
107.3511,170221
107.3552,170409
107.3594,170295
107.3635,169855
107.3636,171784
107.3675,170609
107.3716,170062
107.3757,170520
107.3798,169970
107.3839,170992
107.3880,170018
107.3921,170589
107.3962,170496
107.4003,169984
107.4044,171321
107.4086,169661
107.4126,170078
107.4167,170420
107.4208,169926
107.4249,171061
107.4290,170137
107.4331,170548
107.4372,170589
107.4412,170044
107.4453,171351
107.4494,170328
107.4535,170240
107.4576,171050
107.4617,170229
107.4658,170789
107.4699,170461
107.4740,170215
107.4781,170403
107.4823,170466
107.4864,171050
107.4905,170293
107.4906,170256
107.4945,170272
107.4986,170306
107.5026,170418
107.5068,169926
107.5109,170130
107.5150,170365
107.5190,170400
107.5231,170614
107.5273,170239
107.5313,170417
107.5353,170231
107.5395,170180
107.5435,170873
107.5477,170684
107.5519,170114
107.5559,170189
107.5600,170207
107.5642,170950
107.5682,170100
107.5723,170787
107.5763,170237
107.5805,170268
107.5846,170788
107.5887,170362
107.5928,170529
107.5969,170252
107.6010,170314
107.6051,170012
107.6092,170109
107.6134,170233
107.6175,170998
107.6214,170544
107.6215,170123
107.6256,170073
107.6296,170710
107.6338,170123
107.6378,170413
107.6419,169837
107.6460,170493
107.6501,170197
107.6542,170457
107.6583,170286
107.6624,170689
107.6665,170122
107.6706,170341
107.6747,170400
107.6788,170159
107.6829,169845
107.6870,170189
107.6911,170396
107.6952,170544
107.6993,169963
107.7034,170006
107.7075,170684
107.7116,170152
107.7157,170457
107.7198,170311
107.7239,169718
107.7280,170862
107.7321,170774
107.7362,170328
107.7404,170455
107.7443,169972
107.7485,171039
107.7486,170358
107.7525,169917
107.7566,170950
107.7607,169797
107.7648,171156
107.7689,169723
107.7730,170239
107.7771,170747
107.7812,169926
107.7852,171430
107.7893,169933
107.7934,170613
107.7976,170872
107.8017,169666
107.8057,171186
107.8098,170524
107.8140,170300
107.8180,170157
107.8222,170403
107.8263,171240
107.8304,169921
107.8344,171016
107.8385,170257
107.8426,170242
107.8467,171791
107.8508,170279
107.8549,170225
107.8589,170045
107.8631,169986
107.8674,171584
107.8717,170133
107.8756,169984
107.8757,170878
107.8795,169947
107.8836,171158
107.8877,170258
107.8917,169938
107.8959,170411
107.9000,170660
107.9041,171347
107.9082,170459
107.9123,170382
107.9164,170465
107.9204,170179
107.9245,171581
107.9287,169706
107.9328,170326
107.9369,170738
107.9409,170593
107.9450,171146
107.9491,170496
107.9532,170906
107.9573,170324
107.9614,170369
107.9654,171167
107.9696,169952
107.9737,170991
107.9778,170277
107.9819,170351
107.9860,171238
107.9901,169832
107.9944,170501
107.9984,170527
108.0023,170661
108.0024,170569
108.0064,169953
108.0106,170715
108.0146,170260
108.0187,170457
108.0229,170711
108.0270,170382
108.0311,170724
108.0350,170275
108.0392,169977
108.0433,171213
108.0475,170830
108.0515,170416
108.0556,170884
108.0597,170845
108.0638,170953
108.0679,170163
108.0720,170273
108.0761,170488
108.0801,170302
108.0843,170253
108.0884,170952
108.0925,171077
108.0966,170228
108.1007,170719
108.1048,170150
108.1089,170198
108.1130,170365
108.1170,170365
108.1211,170660
108.1254,169900
108.1295,170606
108.1296,170438
108.1335,170756
108.1375,170540
108.1417,170598
108.1456,171167
108.1498,170176
108.1539,170367
108.1580,170146
108.1621,170059
108.1662,170506
108.1702,170421
108.1743,170956
108.1784,170701
108.1825,169818
108.1867,170441
108.1908,170541
108.1949,170797
108.1990,170299
108.2031,170158
108.2072,170646
108.2112,170714
108.2154,170537
108.2194,169989
108.2235,169748
108.2277,170718
108.2317,170630
108.2358,170669
108.2399,170729
108.2440,169921
108.2481,170687
108.2522,170256
108.2563,170588
108.2564,170543
108.2604,169692
108.2645,171018
108.2686,170650
108.2727,170243
108.2768,170300
108.2809,170048
108.2849,171277
108.2890,170451
108.2931,170664
108.2972,170431
108.3013,169460
108.3054,171142
108.3095,170268
108.3137,170178
108.3177,170962
108.3219,169862
108.3260,171890
108.3300,170106
108.3342,170022
108.3381,171106
108.3422,169622
108.3464,171327
108.3505,169895
108.3546,170799
108.3587,170598
108.3627,169693
108.3669,171670
108.3709,170003
108.3751,170350
108.3793,170255
108.3833,170218
108.3834,171005
108.3873,169942
108.3914,170651
108.3955,170792
108.3997,169568
108.4038,171602
108.4079,170137
108.4120,170857
108.4160,170727
108.4202,169817
108.4243,171157
108.4284,169927
108.4324,170373
108.4366,170425
108.4406,169657
108.4448,171087
108.4488,169391
108.4529,170819
108.4570,170374
108.4611,170250
108.4652,171040
108.4692,170253
108.4733,170169
108.4774,170310
108.4815,170140
108.4856,170839
108.4897,169972
108.4938,170337
108.4979,171046
108.5020,170382
108.5064,171483
108.5104,170491
108.5105,170067
108.5143,170127
108.5184,170811
108.5226,170466
108.5267,169783
108.5307,170301
108.5347,170935
108.5389,170041
108.5430,171061
108.5471,170681
108.5513,170700
108.5553,170712
108.5594,170103
108.5635,170525
108.5676,170343
108.5717,170471
108.5758,170332
108.5799,170511
108.5840,171226
108.5881,170748
108.5922,170334
108.5963,170922
108.6004,169822
108.6045,170745
108.6086,170441
108.6126,170151
108.6168,170470
108.6209,170607
108.6250,170969
108.6291,169837
108.6333,170466
108.6374,170652
108.6375,170472
108.6413,170235
108.6454,170346
108.6495,170289
108.6536,170276
108.6577,170565
108.6618,170486
108.6659,169995
108.6700,170338
108.6741,170381
108.6782,171047
108.6823,170287
108.6864,170211
108.6904,170594
108.6946,171002
108.6987,170909
108.7028,170172
108.7068,170746
108.7111,170165
108.7151,170403
108.7191,170835
108.7233,170036
108.7273,170247
108.7315,170515
108.7355,170489
108.7396,170451
108.7437,170015
108.7478,170809
108.7518,170768
108.7560,170641
108.7603,170058
108.7644,169745
108.7644,170370
108.7682,170165
108.7725,170425
108.7765,170383
108.7806,170093
108.7846,170459
108.7888,170291
108.7929,170905
108.7970,170721
108.8011,169943
108.8052,171732
108.8092,169731
108.8134,170189
108.8174,170134
108.8214,170243
108.8256,171623
108.8297,169939
108.8338,171011
108.8379,170275
108.8420,170189
108.8461,171370
108.8502,170346
108.8543,170450
108.8584,170790
108.8625,170320
108.8667,171373
108.8707,169888
108.8748,170284
108.8789,170705
108.8830,170225
108.8873,171372
108.8913,170167
108.8954,170947
108.8954,170391
108.8994,169741
108.9035,171917
108.9075,170095
108.9116,170562
108.9157,170703
108.9198,170068
108.9239,171244
108.9280,170130
108.9321,170150
108.9362,170738
108.9402,169695
108.9443,171419
108.9484,170184
108.9525,170802
108.9566,170257
108.9607,169667
108.9648,171536
108.9689,170331
108.9730,170742
108.9771,170063
108.9812,170738
108.9853,170934
108.9894,169738
108.9935,170379
108.9976,170317
109.0017,170662
109.0058,171246
109.0100,170717
109.0142,170102
109.0181,170694
109.0223,170627
109.0224,171484
109.0263,170140
109.0304,170079
109.0345,170457
109.0386,170514
109.0427,171204
109.0468,170428
109.0509,170944
109.0550,170573
109.0590,170361
109.0631,170735
109.0672,170519
109.0714,170354
109.0754,170227
109.0795,170244
109.0836,170507
109.0877,170191
109.0918,170201
109.0959,170632
109.1000,170522
109.1041,171022
109.1082,169884
109.1124,170448
109.1163,170304
109.1205,170613
109.1246,170108
109.1287,170068
109.1328,170834
109.1370,170115
109.1413,171127
109.1456,170224
109.1495,170160
109.1496,170236
109.1533,170351
109.1574,170567
109.1614,169943
109.1656,170305
109.1697,170364
109.1738,170481
109.1779,170257
109.1820,170620
109.1861,170587
109.1902,170184
109.1943,170555
109.1983,170305
109.2024,170289
109.2066,169927
109.2107,170689
109.2148,170375
109.2189,170356
109.2231,169971
109.2270,170971
109.2311,170362
109.2352,170546
109.2392,170622
109.2434,170083
109.2475,170774
109.2531,170551
109.2560,170776
109.2600,170517
109.2638,170144
109.2679,170373
109.2722,169973
109.2762,171031
109.2763,170300
109.2803,169731
109.2843,170440
109.2884,170615
109.2925,170381
109.2966,170711
109.3007,169884
109.3048,171167
109.3089,170444
109.3130,170598
109.3171,170070
109.3211,170117
109.3252,171288
109.3293,170316
109.3334,170424
109.3375,170278
109.3416,170080
109.3457,171363
109.3498,170704
109.3539,170952
109.3581,170710
109.3626,170075
109.3663,171922
109.3704,170445
109.3745,170597
109.3786,170479
109.3827,169490
109.3868,171307
109.3908,169991
109.3949,170359
109.3994,170182
109.4033,169806
109.4034,171267
109.4073,170079
109.4114,170422
109.4154,171268
109.4196,169632
109.4236,171467
109.4277,169956
109.4318,170496
109.4359,170389
109.4400,170019
109.4441,171114
109.4482,170115
109.4523,170974
109.4564,170562
109.4605,169846
109.4646,171253
109.4687,170170
109.4728,170874
109.4769,170186
109.4810,170025
109.4851,170978
109.4892,170535
109.4933,170602
109.4973,170193
109.5015,170157
109.5055,171142
109.5096,170256
109.5138,170036
109.5178,170314
109.5219,170254
109.5262,170655
109.5302,170117
109.5303,170513
109.5341,170459
109.5383,170432
109.5424,171519
109.5465,170016
109.5507,170864
109.5547,170556
109.5588,170181
109.5629,171843
109.5670,169926
109.5711,170348
109.5752,171135
109.5793,170250
109.5834,170633
109.5875,170660
109.5916,170492
109.5956,170576
109.5997,170074
109.6038,170581
109.6080,170703
109.6120,170607
109.6161,170725
109.6203,170492
109.6243,170448
109.6284,170352
109.6325,170373
109.6365,170379
109.6407,170749
109.6448,170609
109.6489,170544
109.6532,170856
109.6572,170264
109.6573,170674
109.6612,170531
109.6653,170607
109.6694,170338
109.6735,170432
109.6776,170621
109.6817,170105
109.6858,170205
109.6899,170612
109.6940,170589
109.6981,170001
109.7022,170131
109.7063,170669
109.7104,170318
109.7144,170296
109.7185,170192
109.7225,170112
109.7267,170218
109.7308,170618
109.7350,170415
109.7390,170359
109.7431,169801
109.7472,170221
109.7513,170684
109.7554,170033
109.7595,170433
109.7636,169784
109.7676,170433
109.7718,170595
109.7759,170589
109.7801,170939
109.7840,169626
109.7841,170511
109.7882,170526
109.7923,170491
109.7964,171063
109.8005,170098
109.8045,170376
109.8086,170177
109.8128,170035
109.8169,169989
109.8209,169451
109.8250,170448
109.8291,169780
109.8332,170228
109.8373,169897
109.8414,168935
109.8455,171492
109.8496,170438
109.8536,170247
109.8578,170461
109.8619,170013
109.8660,171271
109.8701,169886
109.8742,170484
109.8783,170503
109.8824,169582
109.8865,171023
109.8906,170098
109.8947,170115
109.8987,170684
109.9029,169567
109.9072,171153
109.9112,170060
109.9113,170302
109.9152,170712
109.9192,170024
109.9232,171651
109.9273,169818
109.9314,170135
109.9355,170101
109.9396,169640
109.9437,171257
109.9478,170192
109.9519,170272
109.9560,170132
109.9601,169977
109.9642,171217
109.9683,169658
109.9724,169957
109.9765,170481
109.9806,170022
109.9848,170860
109.9889,169966
109.9929,170061
109.9970,170172
110.0011,169541
110.0052,171319
110.0093,170426
110.0134,170075
110.0175,170543
110.0216,169876
110.0257,170617
110.0298,169762
110.0340,170926
110.0384,170747
110.0424,170093
110.0425,170658
110.0462,169713
110.0503,170712
110.0544,170047
110.0585,170220
110.0626,170631
110.0667,170273
110.0708,170166
110.0749,170488
110.0790,170084
110.0831,170734
110.0872,169772
110.0913,170356
110.0954,170036
110.0995,170555
110.1036,170643
110.1077,170011
110.1118,170526
110.1159,170434
110.1199,170178
110.1240,170494
110.1281,170005
110.1322,170142
110.1364,170004
110.1405,170665
110.1445,170886
110.1486,170143
110.1527,170233
110.1568,170380
110.1610,169822
110.1652,170071
110.1692,170586
110.1693,170123
110.1732,170633
110.1773,170518
110.1813,170251
110.1854,170130
110.1896,170922
110.1937,170303
110.1978,170576
110.2019,170513
110.2060,169718
110.2101,170046
110.2142,170500
110.2182,170462
110.2223,170180
110.2264,170180
110.2304,170727
110.2347,170295
110.2386,169883
110.2427,169493
110.2468,170363
110.2510,170411
110.2551,171000
110.2592,170256
110.2633,170160
110.2674,170477
110.2715,170566
110.2756,170352
110.2797,170109
110.2837,170107
110.2879,170708
110.2921,170516
110.2962,170038
110.2963,170391
110.3003,170251
110.3042,170374
110.3082,170880
110.3124,170510
110.3164,170219
110.3206,170110
110.3246,171107
110.3287,169811
110.3328,170684
110.3369,170264
110.3410,169857
110.3452,171159
110.3492,170562
110.3534,170579
110.3575,170903
110.3616,169814
110.3657,170994
110.3698,169983
110.3739,170588
110.3780,170155
110.3821,170050
110.3861,170389
110.3902,169588
110.3944,170125
110.3985,170464
110.4026,169721
110.4067,171000
110.4108,169614
110.4149,170427
110.4192,171014
110.4232,169399
110.4233,171273
110.4271,170109
110.4312,170232
110.4353,170186
110.4394,169593
110.4435,171447
110.4476,169966
110.4517,170071
110.4558,170491
110.4599,169894
110.4640,171118
110.4681,169718
110.4722,170017
110.4762,170096
110.4803,169636
110.4845,171099
110.4886,170218
110.4927,170274
110.4968,170937
110.5008,169573
110.5049,171644
110.5090,169772
110.5131,170484
110.5171,169894
110.5213,170315
110.5255,170939
110.5295,169472
110.5335,170643
110.5377,170161
110.5419,169942
110.5460,170841
110.5501,169814
110.5502,170360
110.5541,170456
110.5582,169663
110.5623,170895
110.5664,169553
110.5704,170235
110.5745,170427
110.5786,170132
110.5827,170427
110.5869,170663
110.5910,170345
110.5951,170300
110.5992,170518
110.6033,170826
110.6074,169865
110.6114,170329
110.6155,170738
110.6196,170561
110.6237,170446
110.6278,169665
110.6319,170012
110.6359,170543
110.6402,170609
110.6443,170331
110.6483,170364
110.6524,170644
110.6565,170764
110.6606,169660
110.6647,170838
110.6688,169880
110.6731,170582
110.6771,170399
110.6772,170014
110.6811,170161
110.6852,169721
110.6892,170319
110.6934,170442
110.6975,170532
110.7016,170507
110.7057,170352
110.7097,170224
110.7139,170529
110.7179,170645
110.7220,170585
110.7261,170440
110.7302,170629
110.7343,170696
110.7383,170068
110.7425,169947
110.7466,170077
110.7507,170114
110.7547,170634
110.7589,170355
110.7630,170209
110.7670,170540
110.7712,170406
110.7753,170193
110.7794,170133
110.7834,170334
110.7876,170256
110.7916,170450
110.7958,170585
110.7999,171256
110.8041,169818
110.8081,170609
110.8082,170324
110.8121,170330
110.8162,170394
110.8203,170192
110.8244,170955
110.8285,170780
110.8326,170163
110.8367,170337
110.8408,169312
110.8449,171133
110.8490,170395
110.8531,170483
110.8571,170286
110.8613,169349
110.8654,170743
110.8695,170409
110.8736,170601
110.8777,170493
110.8818,169979
110.8859,170981
110.8900,170431
110.8939,170651
110.8980,170358
110.9022,169608
110.9063,171403
110.9104,170364
110.9145,170721
110.9185,170663
110.9227,169722
110.9269,171459
110.9310,169919
110.9351,169960
110.9352,170691
110.9391,170059
110.9432,171068
110.9473,170167
110.9513,170618
110.9554,170248
110.9595,169947
110.9636,171098
110.9677,170333
110.9718,170271
110.9759,170209
110.9800,169970
110.9841,170612
110.9882,170053
110.9923,170882
110.9963,170643
111.0005,169868
111.0046,171188
111.0087,170078
111.0128,170642
111.0169,170138
111.0211,169942
111.0251,170971
111.0292,169960
111.0332,170103
111.0374,169936
111.0416,170107
111.0456,170655
111.0497,169888
111.0540,170449
111.0581,170519
111.0621,170723
111.0622,171278
111.0661,170504
111.0702,170676
111.0743,170638
111.0784,170075
111.0825,170675
111.0865,169709
111.0908,170112
111.0947,170379
111.0988,170054
111.1029,170327
111.1070,170237
111.1111,170134
111.1152,170414
111.1193,170352
111.1235,170752
111.1275,169508
111.1316,170377
111.1357,170905
111.1398,170190
111.1439,170790
111.1480,170173
111.1520,170549
111.1563,170259
111.1604,170607
111.1643,170876
111.1685,170085
111.1725,170171
111.1766,170678
111.1809,170799
111.1849,170671
111.1891,170294
111.1892,170529
111.1930,170323
111.1971,170667
111.2012,170633
111.2053,170282
111.2094,170263
111.2135,170732
111.2176,171216
111.2216,170376
111.2257,170466
111.2298,170331
111.2340,170660
111.2381,170285
111.2422,170117
111.2463,170331
111.2503,170387
111.2545,170402
111.2586,170500
111.2627,170490
111.2667,170524
111.2711,170700
111.2755,170295
111.2793,170489
111.2833,169984
111.2877,170596
111.2917,170797
111.2953,170345
111.2995,170403
111.3044,169930
111.3078,170895
111.3118,170523
111.3159,170409
111.3159,170883
111.3202,169701
111.3240,170454
111.3281,170307
111.3328,170772
111.3371,170544
111.3405,169775
111.3451,171001
111.3486,170432
111.3527,170277
111.3575,170591
111.3609,169291
111.3650,171079
111.3694,170190
111.3732,170441
111.3773,170316
111.3814,169670
111.3856,170661
111.3896,170307
111.3937,170431
111.3977,169921
111.4021,169829
111.4062,171301
111.4101,170565
111.4142,170433
111.4183,170383
111.4224,169820
111.4264,171605
111.4305,169498
111.4349,170623
111.4390,170412
111.4432,169808
111.4433,171600
111.4470,170306
111.4511,170830
111.4554,170414
111.4592,170114
111.4633,171328
111.4675,169947
111.4715,170427
111.4756,170924
111.4797,170365
111.4838,171249
111.4883,170088
111.4919,170480
111.4960,170791
111.5001,169730
111.5046,171343
111.5083,170133
111.5124,170210
111.5165,170529
111.5218,170032
111.5247,171584
111.5289,170331
111.5329,170299
111.5379,170624
111.5411,170178
111.5452,171542
111.5493,169774
111.5538,170512
111.5576,170358
111.5616,169876
111.5658,170921
111.5699,170045
111.5700,170509
111.5749,170647
111.5780,170160
111.5821,170929
111.5870,170350
111.5906,169946
111.5944,170505
111.5984,170483
111.6027,171195
111.6067,170314
111.6112,170390
111.6148,170521
111.6196,170064
111.6237,170781
111.6272,169744
111.6312,170414
111.6357,171216
111.6397,171009
111.6441,170752
111.6476,170341
111.6517,170443
111.6566,170499
111.6600,170110
111.6640,170999
111.6681,170347
111.6723,170526
111.6771,170787
111.6805,170918
111.6845,170895
111.6888,169898
111.6927,170049
111.6969,170195
111.7011,170810
111.7012,170927
111.7052,170722
111.7094,170001
111.7131,170767
111.7172,170667
111.7215,170674
111.7259,170338
111.7296,170502
111.7337,170455
111.7385,170755
111.7419,170549
111.7459,170430
111.7500,170769
111.7547,170692
111.7588,169901
111.7623,170770
111.7664,170397
111.7708,170478
111.7746,170497
111.7787,170576
111.7828,170042
111.7869,170467
111.7914,170478
111.7953,170474
111.7991,170454
111.8039,170220
111.8074,170424
111.8115,170936
111.8156,170220
111.8199,170559
111.8240,170086
111.8281,170971
111.8282,170547
111.8319,170451
111.8365,170778
111.8402,170538
111.8442,170960
111.8483,170051
111.8524,170695
111.8565,170817
111.8606,170062
111.8647,170894
111.8689,170601
111.8729,170555
111.8770,170538
111.8811,169506
111.8870,171421
111.8894,170460
111.8934,170446
111.8975,170316
111.9016,169504
111.9057,170872
111.9097,170760
111.9139,170469
111.9180,170619
111.9223,169643
111.9262,171034
111.9302,170717
111.9344,170747
111.9387,170324
111.9425,170038
111.9467,171351
111.9508,170269
111.9548,170256
111.9550,170690
111.9589,169945
111.9630,171097
111.9672,170140
111.9713,170607
111.9753,171078
111.9794,170302
111.9836,171242
111.9883,170556
111.9916,169970
111.9957,170516
111.9999,170039
112.0049,171251
112.0081,170211
112.0121,170892
112.0162,170911
112.0208,170078
112.0245,171568
112.0285,170169
112.0326,170514
112.0370,170359
112.0408,170162
112.0449,171027
112.0490,169759
112.0536,170591
112.0572,170593
112.0613,169725
112.0654,171291
112.0699,169744
112.0739,170826
112.0780,171386
112.0818,170452
112.0819,171730
112.0861,169852
112.0900,170381
112.0940,170714
112.0981,170727
112.1027,171524
112.1064,170277
112.1104,170895
112.1145,170985
112.1187,170655
112.1227,170959
112.1268,169303
112.1309,170424
112.1351,170686
112.1391,169882
112.1432,170704
112.1473,170755
112.1515,170489
112.1556,170247
112.1596,170277
112.1637,171177
112.1678,169727
112.1722,170014
112.1760,170856
112.1801,169921
112.1842,170839
112.1883,170223
112.1923,170502
112.1964,170216
112.2007,169888
112.2049,170623
112.2087,169430
112.2088,170028
112.2129,170621
112.2170,170200
112.2214,170257
112.2255,169316
112.2293,170041
112.2334,170807
112.2377,170361
112.2416,170008
112.2456,170264
112.2497,169631
112.2543,170359
112.2582,170344
112.2620,170291
112.2661,170127
112.2705,169954
112.2743,170593
112.2784,169983
112.2825,170735
112.2880,170133
112.2908,170056
112.2948,170426
112.2989,170055
112.3031,170483
112.3077,169991
112.3112,170064
112.3153,170116
112.3194,170232
112.3235,169807
112.3276,170117
112.3318,170566
112.3360,170280
112.3361,170465
112.3402,170196
112.3439,170495
112.3480,170536
112.3526,170220
112.3563,170238
112.3603,169739
112.3644,170165
112.3687,170668
112.3729,170093
112.3767,169972
112.3808,169271
112.3854,170221
112.3893,169755
112.3931,170544
112.3973,170099
112.4013,169403
112.4054,170277
112.4104,170475
112.4135,170296
112.4176,170078
112.4219,169564
112.4259,170618
112.4300,170499
112.4340,170558
112.4382,170180
112.4426,169336
112.4464,171110
112.4504,170145
112.4548,170060
112.4586,170581
112.4628,169322
112.4669,171435
112.4670,169888
112.4713,170222
112.4750,170356
112.4792,169778
112.4832,171309
112.4878,170085
112.4915,170299
112.4955,170533
112.4996,169629
112.5042,171196
112.5079,169351
112.5120,170260
112.5160,170623
112.5212,169412
112.5241,171132
112.5282,170130
112.5323,170461
112.5365,170271
112.5406,169801
112.5447,171254
112.5488,169899
112.5531,170679
112.5577,170854
112.5609,169981
112.5650,171618
112.5694,170080
112.5734,170749
112.5774,170494
112.5815,169969
112.5865,171016
112.5898,169778
112.5938,170692
112.5939,170861
112.5979,169829
112.6033,170779
112.6061,169919
112.6101,170444
112.6143,170693
112.6187,170013
112.6225,171081
112.6266,169935
112.6307,170121
112.6347,170415
112.6388,170001
112.6432,170594
112.6470,169649
112.6511,170267
112.6556,170505
112.6599,169908
112.6640,171020
112.6675,170236
112.6721,170306
112.6758,170469
112.6804,170439
112.6839,170630
112.6881,169874
112.6925,170594
112.6962,170232
112.7003,170601
112.7049,171242
112.7091,169909
112.7127,170649
112.7167,170562
112.7207,170082
112.7208,170762
112.7248,169709
112.7289,170564
112.7330,169953
112.7374,170000
112.7414,170828
112.7454,169902
112.7494,170215
112.7540,170549
112.7577,170168
112.7617,170901
112.7658,169811
112.7702,170092
112.7740,171050
112.7781,170375
112.7822,170769
112.7872,169855
112.7905,169781
112.7945,170499
112.7986,170306
112.8032,170065
112.8068,169730
112.8108,170197
112.8149,170650
112.8194,170216
112.8235,169925
112.8272,170681
112.8313,170320
112.8358,170138
112.8401,169847
112.8438,169929
112.8477,169970
112.8477,170293
112.8524,170324
112.8563,170331
112.8600,169590
112.8641,169706
112.8693,170238
112.8726,170234
112.8764,170638
112.8805,169545
112.8848,170547
112.8894,170176
112.8927,170592
112.8969,170115
112.9010,169650
112.9058,170433
112.9094,170463
112.9133,170604
112.9173,170569
112.9221,169356
112.9255,170390
112.9296,169601
112.9338,170472
112.9386,170740
112.9421,169461
112.9460,171223
112.9502,169422
112.9549,170419
112.9583,171229
112.9624,169564
112.9665,170493
112.9709,170745
112.9751,170449
112.9752,170504
112.9789,169855
112.9832,171150
112.9873,170325
112.9910,170818
112.9951,170705
112.9992,169702
113.0040,171278
113.0076,170013
113.0116,170660
113.0156,170354
113.0203,169558
113.0244,171506
113.0283,170167
113.0320,170344
113.0362,170055
113.0408,169667
113.0447,171100
113.0484,170056
113.0526,170601
113.0571,170678
113.0608,169693
113.0648,171011
113.0692,170887
113.0735,170104
113.0773,170439
113.0813,170163
113.0861,171612
113.0899,170051
113.0935,170646
113.0976,170378
113.1020,170356
113.1024,171311
113.1059,169626
113.1099,170496
113.1139,170987
113.1195,170122
113.1229,171764
113.1262,170202
113.1303,170231
113.1346,170588
113.1387,169944
113.1427,171045
113.1467,169438
113.1510,170427
113.1549,170799
113.1590,170097
113.1631,170991
113.1672,170122
113.1713,170066
113.1754,170516
113.1795,169720
113.1836,170845
113.1878,169962
113.1918,169948
113.1959,170195
113.2001,170180
113.2042,170555
113.2087,169566
113.2122,170603
113.2164,170460
113.2213,170044
113.2247,170153
113.2286,169840
113.2287,170285
113.2329,170228
113.2376,170080
113.2409,170564
113.2450,170064
113.2491,170726
113.2534,170761
113.2573,169763
113.2614,170735
113.2655,170202
113.2700,170397
113.2737,171023
113.2778,170646
113.2819,170756
113.2867,170620
113.2902,170766
113.2943,170652
113.2983,170148
113.3027,170260
113.3069,169701
113.3105,170953
113.3146,170750
113.3200,170283
113.3228,170930
113.3269,170883
113.3310,169922
113.3360,170359
113.3392,170696
113.3433,170232
113.3474,170761
113.3517,170185
113.3558,170652
113.3598,170299
113.3599,170691
113.3639,170704
113.3681,170674
113.3720,170888
113.3760,170307
113.3802,169968
113.3844,170475
113.3887,170880
113.3924,170843
113.3965,170376
113.4008,169665
113.4049,170546
113.4090,170290
113.4130,170446
113.4170,170378
113.4214,170344
113.4253,170976
113.4294,170544
113.4334,170278
113.4383,170258
113.4416,169187
113.4457,170601
113.4498,170586
113.4541,170262
113.4580,170323
113.4621,169400
113.4662,170892
113.4704,170213
113.4746,170325
113.4785,170271
113.4825,169699
113.4866,170915
113.4867,170673
113.4907,170655
113.4949,170057
113.4993,169623
113.5032,171202
113.5071,170215
113.5112,170900
113.5153,170433
113.5195,169345
113.5237,170520
113.5277,170325
113.5317,170425
113.5369,170590
113.5399,170177
113.5440,172053
113.5481,170285
113.5533,170591
113.5563,170810
113.5603,169737
113.5644,171582
113.5688,170503
113.5735,170469
113.5768,170540
113.5809,169625
113.5851,171471
113.5893,170174
113.5931,170366
113.5972,170353
113.6022,169871
113.6056,171180
113.6097,169373
113.6136,170250
113.6137,170665
113.6183,169946
113.6226,171491
113.6262,170181
113.6300,170380
113.6342,171198
113.6393,169799
113.6424,171118
113.6464,170347
113.6509,170397
113.6557,170736
113.6587,170208
113.6627,170820
113.6671,169986
113.6713,170365
113.6751,170540
113.6792,170399
113.6833,171281
113.6877,169682
113.6916,170040
113.6957,170729
113.6998,170336
113.7042,171033
113.7079,169553
113.7119,170372
113.7161,170666
113.7201,170484
113.7249,171418
113.7285,169933
113.7324,170767
113.7367,170834
113.7407,170248
113.7408,171308
113.7447,169765
113.7489,170070
113.7533,170517
113.7574,170072
113.7611,170544
113.7652,170135
113.7698,170247
113.7739,170246
113.7775,169868
113.7815,170972
113.7858,169816
113.7900,170574
113.7944,170998
113.7979,170551
113.8021,171108
113.8066,170326
113.8104,170438
113.8143,170715
113.8190,170548
113.8233,170397
113.8266,170198
113.8307,170248
113.8349,170432
113.8390,170625
113.8435,170664
113.8471,170446
113.8515,170191
113.8558,170150
113.8596,170756
113.8636,170408
113.8678,170305
113.8683,170418
113.8721,170496
113.8763,170187
113.8799,170294
113.8842,170193
113.8886,170370
113.8924,170505
113.8964,170556
113.9004,170225
113.9049,170271
113.9086,169918
113.9126,170139
113.9167,169758
113.9209,169979
113.9250,170520
113.9290,170382
113.9331,170127
113.9383,170533
113.9416,170077
113.9454,169707
113.9496,170436
113.9538,170241
113.9585,170777
113.9618,170436
113.9660,170526
113.9705,170376
113.9746,169844
113.9782,170682
113.9823,169864
113.9867,170678
113.9905,170049
113.9945,170161
113.9946,169923
113.9986,169647
114.0032,170702
114.0076,170686
114.0109,170199
114.0150,170048
114.0199,169730
114.0232,171036
114.0273,170676
114.0314,170416
114.0359,170953
114.0401,169894
114.0437,170907
114.0478,170474
114.0519,170915
114.0566,170624
114.0601,169733
114.0641,171285
114.0693,170479
114.0724,170563
114.0764,170573
114.0806,169583
114.0858,171122
114.0888,169922
114.0930,170558
114.0970,170604
114.1011,169806
114.1059,171505
114.1098,170311
114.1133,169872
114.1177,170268
114.1218,169762
114.1219,171667
114.1256,169998
114.1297,170328
114.1339,170531
114.1383,169850
114.1420,171445
114.1461,169924
114.1504,170776
114.1545,170289
114.1584,169851
114.1625,171608
114.1668,170077
114.1714,170638
114.1748,170352
114.1789,169819
114.1831,170804
114.1879,169808
114.1916,170413
114.1954,170546
114.1994,170254
114.2040,170601
114.2079,169441
114.2116,170356
114.2158,170389
114.2199,170196
114.2239,170934
114.2280,169710
114.2321,170199
114.2370,170654
114.2404,170479
114.2446,171384
114.2487,170370
114.2488,170306
114.2539,170254
114.2568,170170
114.2609,171423
114.2649,169933
114.2694,170406
114.2731,170402
114.2772,170458
114.2812,170733
114.2861,169940
114.2894,170438
114.2935,170623
114.2976,169618
114.3026,170506
114.3059,170194
114.3099,170239
114.3140,170273
114.3192,170033
114.3225,170929
114.3264,169965
114.3305,170663
114.3347,170094
114.3396,170668
114.3427,170624
114.3468,170023
114.3512,170453
114.3557,170497
114.3591,170597
114.3636,170677
114.3677,169904
114.3717,170574
114.3757,170958
114.3758,170686
114.3796,170518
114.3837,170075
114.3879,170602
114.3919,170546
114.3959,170070
114.4001,171020
114.4050,170483
114.4085,170610
114.4124,171129
114.4164,170290
114.4212,170114
114.4250,170413
114.4289,170426
114.4329,170359
114.4372,171073
114.4413,170385
114.4451,170173
114.4493,169994
114.4541,170591
114.4574,170384
114.4614,169971
114.4656,170269
114.4702,170127
114.4738,170719
114.4779,170715
114.4820,169937
114.4866,170686
114.4908,171055
114.4943,170091
114.4984,171177
114.5025,169637
114.5068,170229
114.5069,170438
114.5106,170499
114.5147,170523
114.5190,170283
114.5229,170587
114.5271,170492
114.5311,170595
114.5358,170323
114.5393,169924
114.5434,170377
114.5475,170751
114.5526,170224
114.5561,170216
114.5597,170083
114.5639,170901
114.5688,170619
114.5725,170648
114.5763,170383
114.5803,169853
114.5848,171802
114.5892,170616
114.5926,170471
114.5966,171246
114.6013,170150
114.6056,170990
114.6089,170714
114.6130,170563
114.6171,170815
114.6222,169702
114.6255,171260
114.6296,169865
114.6338,170895
114.6339,170651
114.6376,169930
114.6418,171860
114.6458,169601
114.6499,170061
114.6539,170128
114.6581,169738
114.6622,171708
114.6664,169589
114.6705,170681
114.6746,171085
114.6786,170424
114.6827,171878
114.6868,169897
114.6910,170375
114.6950,170873
114.6991,170399
114.7032,171041
114.7073,170122
114.7114,170465
114.7155,170762
114.7195,170264
114.7237,171543
114.7277,170506
114.7319,170410
114.7360,170641
114.7401,170070
114.7442,170994
114.7482,170314
114.7526,171106
114.7566,170392
114.7607,170466
114.7608,171630
114.7646,170098
114.7687,170695
114.7728,170759
114.7770,170199
114.7810,171275
114.7851,170176
114.7892,170681
114.7933,170688
114.7973,169940
114.8015,171057
114.8056,169812
114.8097,170487
114.8138,170202
114.8179,170815
114.8220,171331
114.8260,169972
114.8301,170454
114.8342,170787
114.8383,170024
114.8424,170535
114.8465,170074
114.8506,170419
114.8547,171198
114.8588,170478
114.8629,171452
114.8670,170174
114.8711,170872
114.8753,170856
114.8794,171120
114.8835,171093
114.8875,170169
114.8876,170086
114.8915,170180
114.8957,170408
114.8997,171354
114.9039,169929
114.9079,170658
114.9120,170786
114.9161,170980
114.9202,170712
114.9243,170124
114.9284,170843
114.9325,170620
114.9366,171131
114.9407,170590
114.9448,170452
114.9489,170575
114.9530,170538
114.9571,170800
114.9612,170314
114.9653,170035
114.9693,170716
114.9735,170208
114.9776,170381
114.9818,170514
114.9858,170217
114.9901,171146
114.9940,169944
114.9981,171030
115.0021,169418
115.0066,170139
115.0106,170590
115.0144,170794
115.0145,170693
115.0186,170179
115.0227,170492
115.0268,170722
115.0308,170836
115.0350,170553
115.0393,170264
115.0432,170636
115.0472,170187
115.0514,170599
115.0554,170227
115.0595,169601
115.0636,170566
115.0677,170042
115.0719,170695
115.0760,170303
115.0799,169729
115.0840,171147
115.0882,170509
115.0923,170419
115.0964,170466
115.1005,169710
115.1046,170765
115.1087,170617
115.1128,170348
115.1169,170777
115.1210,169801
115.1251,171241
115.1292,170652
115.1334,170532
115.1374,171000
115.1416,169351
115.1417,171274
115.1456,170025
115.1496,170282
115.1536,170563
115.1578,169666
115.1619,170963
115.1659,170517
115.1701,170363
115.1741,170580
115.1783,169863
115.1823,171310
115.1864,170242
115.1905,171380
115.1946,170596
115.1987,169891
115.2029,171918
115.2069,170180
115.2111,170462
115.2152,170746
115.2193,170033
115.2234,171180
115.2275,169280
115.2315,170512
115.2357,170885
115.2398,170460
115.2439,171579
115.2480,169936
115.2520,170233
115.2562,170325
115.2603,169906
115.2645,171018
115.2687,170127
115.2688,170530
115.2725,170185
115.2766,169672
115.2807,171512
115.2849,169984
115.2889,170423
115.2929,170355
115.2970,170434
115.3011,170835
115.3053,169830
115.3094,170275
115.3135,170458
115.3176,170583
115.3217,171415
115.3258,169614
115.3299,170408
115.3339,170761
115.3380,170300
115.3421,171632
115.3462,169487
115.3504,170310
115.3545,170392
115.3585,170438
115.3626,171048
115.3667,169899
115.3708,170751
115.3750,171214
115.3789,170411
115.3831,171220
115.3872,170416
115.3914,170208
115.3955,170523
115.3956,170700
115.3994,171018
115.4035,170299
115.4077,170569
115.4118,170777
115.4159,170020
115.4200,170554
115.4240,170607
115.4281,170737
115.4322,170394
115.4364,170242
115.4405,170919
115.4446,170284
115.4486,170697
115.4527,170270
115.4568,170509
115.4610,170532
115.4650,170607
115.4692,170549
115.4732,170638
115.4772,170400
115.4814,170556
115.4855,170420
115.4896,169540
115.4937,170910
115.4978,170857
115.5019,170768
115.5060,169970
115.5102,170624
115.5143,170413
115.5185,170456
115.5225,170454
115.5226,170326
115.5265,171001
115.5305,170818
115.5346,170723
115.5387,169387
115.5428,170338
115.5469,170889
115.5511,170080
115.5551,170821
115.5591,170007
115.5632,169781
115.5674,170185
115.5715,170263
115.5756,170724
115.5797,169937
115.5838,170215
115.5880,170175
115.5920,170237
115.5961,169993
115.6002,170110
115.6043,170582
115.6084,170698
115.6125,170525
115.6165,170431
115.6207,169637
115.6248,171143
115.6289,170589
115.6330,169854
115.6371,170939
115.6412,170091
115.6454,171082
115.6496,170464
115.6497,170528
115.6533,170976
115.6576,169596
115.6616,171716
115.6657,170250
115.6698,170444
115.6740,170900
115.6780,169978
115.6821,171123
115.6862,169865
115.6903,170643
115.6944,170330
115.6985,170040
115.7026,171165
115.7066,169920
115.7107,170592
115.7149,170838
115.7190,170117
115.7231,171007
115.7272,170035
115.7313,170600
115.7354,170141
115.7395,169899
115.7435,171150
115.7476,170041
115.7517,170422
115.7558,170440
115.7599,170363
115.7639,171050
115.7682,170087
115.7724,170287
115.7765,170764
115.7765,170093
115.7804,171268
115.7845,169894
115.7886,171099
115.7927,170004
115.7967,170118
115.8009,171206
115.8050,169352
115.8091,170400
115.8132,170310
115.8173,170596
115.8214,170992
115.8255,169843
115.8296,170404
115.8337,170467
115.8378,170312
115.8419,171104
115.8460,170020
115.8501,170206
115.8542,170139
115.8582,169816
115.8623,171318
115.8664,169579
115.8705,170707
115.8746,170778
115.8787,170031
115.8828,171224
115.8870,169955
115.8910,170624
115.8951,170527
115.8994,170903
115.9034,171191
115.9074,169794
115.9075,170023
115.9114,170616
115.9155,170864
115.9196,170718
115.9237,170669
115.9279,170618
115.9319,170709
115.9360,170571
115.9401,170320
115.9442,170207
115.9483,170713
115.9524,170935
115.9564,170239
115.9606,170658
115.9647,170358
115.9688,170477
115.9730,170674
115.9770,170951
115.9812,170647
115.9852,170399
115.9893,170378
115.9934,170360
115.9975,170604
116.0016,170682
116.0057,170231
116.0098,170663
116.0138,170724
116.0179,170856
116.0221,170580
116.0263,170468
116.0302,170241
116.0302,170417
116.0343,170180
116.0385,170114
116.0426,170312
116.0466,170506
116.0508,170882
116.0548,170530
116.0590,170277
116.0631,170908
116.0671,171210
116.0711,171106
116.0752,171499
116.0794,170350
116.0836,170627
116.0875,170608
116.0916,171046
116.0957,170648
116.1000,170220
116.1040,170217
116.1081,170506
116.1123,170493
116.1162,170018
116.1203,170119
116.1246,170675
116.1285,170912
116.1326,170578
116.1395,170872
116.1409,170281
116.1449,171318
116.1490,170223
116.1534,170297
116.1574,170572
116.1616,170414
116.1617,170470
116.1655,170170
116.1695,170799
116.1736,170627
116.1777,169685
116.1818,171096
116.1860,170751
116.1900,170716
116.1941,170378
116.1982,170851
116.2023,171772
116.2064,170853
116.2105,171075
116.2145,171088
116.2187,170013
116.2228,171702
116.2269,170476
116.2310,171176
116.2351,171477
116.2392,169950
116.2433,172300
116.2474,169819
116.2514,170803
116.2555,170892
116.2596,170122
116.2637,171893
116.2678,170500
116.2720,170577
116.2760,170632
116.2801,170914
116.2844,171202
116.2884,170443
116.2885,170398
116.2924,170831
116.2964,170127
116.3006,171650
116.3046,170125
116.3087,170934
116.3129,170521
116.3170,170382
116.3211,171770
116.3252,169982
116.3293,170451
116.3334,171203
116.3374,170234
116.3415,171204
116.3456,170157
116.3497,170969
116.3538,170763
116.3580,170411
116.3620,171452
116.3661,169640
116.3702,170945
116.3743,170535
116.3784,170598
116.3825,171503
116.3866,170412
116.3907,170690
116.3948,170526
116.3989,170520
116.4030,171184
116.4072,170032
116.4113,171005
116.4153,169966
116.4154,170683
116.4193,171402
116.4235,169949
116.4276,171120
116.4317,171158
116.4358,170973
116.4399,171521
116.4440,170629
116.4480,170777
116.4521,171046
116.4562,171030
116.4603,171563
116.4644,170093
116.4685,170533
116.4726,170911
116.4767,170510
116.4809,171334
116.4849,171072
116.4890,171471
116.4930,170739
116.4972,170857
116.5013,171259
116.5054,170682
116.5095,170636
116.5135,170750
116.5177,171022
116.5218,170277
116.5259,170926
116.5299,170939
116.5341,170659
116.5382,170620
116.5424,170616
116.5425,170911
116.5462,170804
116.5505,170971
116.5547,170637
116.5586,170818
116.5628,170377
116.5668,170780
116.5710,171224
116.5750,170651
116.5791,170516
116.5832,170769
116.5874,171017
116.5914,170925
116.5955,170297
116.5996,170733
116.6037,170827
116.6078,170816
116.6119,170667
116.6160,170827
116.6201,170448
116.6242,170212
116.6283,170562
116.6324,171140
116.6365,171024
116.6405,170266
116.6446,170778
116.6487,170719
116.6528,170760
116.6570,170844
116.6611,169788
116.6653,170563
116.6694,171069
116.6695,170909
116.6733,170822
116.6774,169731
116.6815,171267
116.6856,170340
116.6897,170563
116.6937,171074
116.6980,170015
116.7020,171385
116.7061,170371
116.7102,170301
116.7144,170942
116.7184,170042
116.7224,171102
116.7267,171066
116.7306,171038
116.7347,170727
116.7388,170180
116.7429,171191
116.7469,170568
116.7510,170703
116.7551,170974
116.7593,170156
116.7633,171247
116.7674,169939
116.7716,170718
116.7756,171112
116.7797,170190
116.7839,171739
116.7879,170329
116.7922,170388
116.7961,171498
116.8004,170066
116.8005,171418
116.8043,170236
116.8085,170707
116.8126,170930
116.8167,169874
116.8208,171946
116.8249,170006
116.8290,170710
116.8331,170758
116.8371,170376
116.8413,171856
116.8453,169972
116.8494,170996
116.8535,170729
116.8576,170237
116.8617,171493
116.8658,170241
116.8699,170735
116.8739,170432
116.8780,170017
116.8821,171698
116.8863,169560
116.8904,170648
116.8945,170319
116.8986,170326
116.9027,171319
116.9068,170250
116.9109,170443
116.9149,170189
116.9192,170409
116.9233,171198
116.9274,170054
116.9274,170026
116.9313,170918
116.9354,170978
116.9395,170869
116.9436,170283
116.9477,171081
116.9518,171658
116.9559,170681
116.9600,171113
116.9641,170101
116.9681,170209
116.9722,170701
116.9763,170123
116.9804,171322
116.9845,170217
116.9886,170597
116.9927,170376
116.9968,170511
117.0010,170938
117.0050,169866
117.0092,170724
117.0132,170782
117.0174,171545
117.0215,170997
117.0256,170293
117.0296,170792
117.0337,170237
117.0379,170769
117.0420,171112
117.0460,169456
117.0502,170450
117.0543,170845
117.0544,170235
117.0583,170181
117.0625,169835
117.0665,170020
117.0706,170482
117.0747,170038
117.0788,170279
117.0830,169904
117.0870,170545
117.0912,170848
117.0952,170154
117.0993,170341
117.1034,169772
117.1075,170413
117.1116,170662
117.1157,170720
117.1197,170362
117.1239,170237
117.1280,170622
117.1321,170509
117.1362,170720
117.1402,170375
117.1444,170607
117.1485,170527
117.1525,170253
117.1566,171033
117.1606,170516
117.1649,170976
117.1689,170808
117.1731,171102
117.1772,170579
117.1812,170218
117.1813,170665
117.1852,170830
117.1893,170994
117.1934,170492
117.1975,169528
117.2016,170651
117.2057,170590
117.2098,170512
117.2139,170245
117.2180,169718
117.2221,170815
117.2262,170384
117.2303,170743
117.2344,170877
117.2385,169999
117.2425,171368
117.2466,170067
117.2508,170711
117.2550,170474
117.2591,170368
117.2631,170936
117.2672,170717
117.2713,170547
117.2754,170773
117.2795,169735
117.2836,171662
117.2877,170138
117.2918,170894
117.2959,170666
117.3000,170251
117.3043,172452
117.3081,170148
117.3082,171095
117.3123,170829
117.3164,169622
117.3204,171724
117.3246,169793
117.3287,170239
117.3327,170874
117.3369,169750
117.3410,171309
117.3450,170271
117.3492,170689
117.3532,170382
117.3574,170611
117.3614,171509
117.3655,170440
117.3696,170562
117.3737,170748
117.3778,169954
117.3820,171406
117.3860,169978
117.3901,170310
117.3942,170279
117.3983,170011
117.4024,171166
117.4065,170212
117.4106,170854
117.4147,170736
117.4188,169805
117.4229,170970
117.4270,170030
117.4312,170606
117.4353,170761
117.4354,169797
117.4393,170889
117.4434,170048
117.4475,170265
117.4515,170909
117.4556,170413
117.4596,170386
117.4638,170307
117.4680,170006
117.4720,170684
117.4761,170397
117.4802,171319
117.4843,169623
117.4884,170710
117.4925,170460
117.4966,169912
117.5007,171079
117.5048,169832
117.5089,170298
117.5130,170704
117.5170,170673
117.5211,170681
117.5252,170339
117.5293,170728
117.5334,171267
117.5375,169625
117.5415,170750
117.5457,170007
117.5497,170449
117.5539,170597
117.5582,170365
117.5623,170987
117.5623,169583
117.5662,170177
117.5703,170264
117.5744,170328
117.5785,170880
117.5826,170120
117.5867,170588
117.5908,170468
117.5949,171213
117.5990,170411
117.6031,170096
117.6072,169978
117.6113,170627
117.6154,170562
117.6195,170539
117.6236,170582
117.6277,170447
117.6318,170969
117.6359,170914
117.6400,170434
117.6440,170464
117.6481,170267
117.6524,170654
117.6563,170492
117.6604,170000
117.6645,170531
117.6686,170413
117.6727,170821
117.6768,170671
117.6810,169932
117.6852,170282
117.6892,170610
117.6933,170492
117.6934,170662
117.6973,170271
117.7015,170610
117.7055,170222
117.7096,170242
117.7137,170110
117.7178,170272
117.7219,170399
117.7260,170562
117.7301,170190
117.7342,170528
117.7383,170064
117.7424,170591
117.7465,170446
117.7505,170631
117.7546,170666
117.7587,169673
117.7628,170953
117.7670,170398
117.7710,170465
117.7751,170702
117.7791,170150
117.7833,170940
117.7874,170190
117.7915,170521
117.7955,170323
117.7997,170138
117.8038,171470
117.8079,169511
117.8122,171148
117.8163,170738
117.8203,169854
117.8204,171377
117.8243,170273
117.8283,170330
117.8324,170378
117.8365,169910
117.8406,171371
117.8447,170190
117.8488,170764
117.8530,171011
117.8570,170056
117.8611,171430
117.8651,169839
117.8692,170379
117.8733,170457
117.8774,170049
117.8815,171017
117.8856,169999
117.8897,170517
117.8938,170642
117.8979,169867
117.9021,171477
117.9062,169737
117.9103,170400
117.9144,170285
117.9184,169637
117.9227,171733
117.9267,169774
117.9308,170326
117.9349,170664
117.9391,170554
117.9433,171489
117.9474,169731
117.9475,170643
117.9512,170700
117.9553,170423
117.9594,171425
117.9635,169969
117.9676,170288
117.9716,170386
117.9758,170376
117.9800,170886
117.9840,169971
117.9881,170444
117.9922,170671
117.9964,170464
118.0004,171087
118.0044,170137
118.0086,170691
118.0126,170674
118.0167,170873
118.0209,171608
118.0250,169873
118.0290,170611
118.0332,170858
118.0373,170110
118.0414,171326
118.0453,170176
118.0494,170627
118.0536,170248
118.0576,170662
118.0618,171392
118.0660,170311
118.0703,170322
118.0743,170423
118.0743,170379
118.0781,171239
118.0823,170044
118.0864,170803
118.0905,170409
118.0946,170886
118.0988,170901
118.1028,170325
118.1068,170876
118.1110,170115
118.1151,170347
118.1192,170669
118.1233,170540
118.1274,170271
118.1315,170356
118.1356,170530
118.1397,170791
118.1438,170707
118.1479,170382
118.1519,170767
118.1560,170570
118.1601,170356
118.1642,170177
118.1683,170743
118.1726,170977
118.1765,170691
118.1806,170965
118.1851,170422
118.1887,170511
118.1929,170871
118.1970,170813
118.2018,170162
118.2019,170010
118.2052,170461
118.2093,170748
118.2134,171215
118.2175,170309
118.2215,170726
118.2257,171181
118.2298,171034
118.2339,170566
118.2379,170457
118.2419,170517
118.2462,171237
118.2503,170971
118.2544,170862
118.2584,169626
118.2625,169927
118.2665,170968
118.2706,170394
118.2747,170844
118.2789,170217
118.2829,170848
118.2870,170776
118.2911,170678
118.2952,170548
118.2993,170063
118.3034,171046
118.3075,170360
118.3116,171048
118.3157,170746
118.3198,169778
118.3243,170742
118.3283,170412
118.3285,170270
118.3322,170862
118.3363,169859
118.3404,171496
118.3445,170449
118.3485,170685
118.3526,170739
118.3568,169752
118.3608,171753
118.3650,170883
118.3690,170073
118.3732,170664
118.3772,170496
118.3813,171244
118.3854,170557
118.3895,170453
118.3936,170700
118.3977,169449
118.4018,171448
118.4059,170627
118.4100,170337
118.4141,170462
118.4181,169461
118.4222,171776
118.4263,170180
118.4304,170566
118.4345,171001
118.4387,170166
118.4428,171542
118.4468,170006
118.4509,170670
118.4552,170537
118.4552,170058
118.4591,170919
118.4633,170287
118.4673,170757
118.4713,170298
118.4754,170232
118.4796,171208
118.4837,170120
118.4878,170884
118.4919,170483
118.4960,170431
118.5001,171489
118.5042,169911
118.5083,170691
118.5123,170189
118.5164,170093
118.5205,171546
118.5247,170263
118.5287,170550
118.5329,170765
118.5370,170815
118.5410,171046
118.5450,169806
118.5492,170880
118.5533,170013
118.5573,170873
118.5616,170852
118.5655,169719
118.5697,170459
118.5738,170444
118.5781,170270
118.5823,170896
118.5823,170183
118.5861,170988
118.5902,170944
118.5943,170195
118.5984,170787
118.6025,170040
118.6066,171085
118.6107,170519
118.6148,170036
118.6189,171316
118.6229,170227
118.6271,171131
118.6312,170456
118.6352,170009
118.6394,170900
118.6435,170173
118.6475,170709
118.6516,170648
118.6557,171006
118.6598,170937
118.6640,170330
118.6680,170494
118.6722,170683
118.6762,170073
118.6803,170858
118.6843,170311
118.6885,170219
118.6926,170755
118.6967,170216
118.7008,170314
118.7051,170593
118.7091,170492
118.7132,171068
118.7133,171111
118.7172,170370
118.7212,169892
118.7253,170578
118.7295,170734
118.7336,170663
118.7376,171063
118.7418,170660
118.7458,170643
118.7500,171194
118.7540,170478
118.7581,169749
118.7622,170783
118.7663,170954
118.7704,170712
118.7744,170831
118.7785,170027
118.7826,170365
118.7868,170812
118.7910,170777
118.7950,170760
118.7990,170615
118.8031,170605
118.8072,170808
118.8113,170800
118.8154,171019
118.8195,169885
118.8235,170563
118.8277,170830
118.8321,170470
118.8361,170001
118.8402,169244
118.8402,170617
118.8441,170564
118.8482,170884
118.8523,170173
118.8564,169967
118.8605,171334
118.8646,170761
118.8687,170370
118.8728,170479
118.8770,169710
118.8810,171429
118.8851,170651
118.8892,171112
118.8933,170832
118.8974,170062
118.9015,171508
118.9056,170854
118.9097,170268
118.9138,170637
118.9178,169663
118.9220,171726
118.9260,170051
118.9302,170552
118.9342,170663
118.9383,170035
118.9424,171602
118.9465,170591
118.9506,170697
118.9547,170731
118.9589,170507
118.9630,171378
118.9671,170555
118.9672,170511
118.9711,171028
118.9753,169951
118.9793,171599
118.9834,169686
118.9875,170904
118.9916,170027
118.9956,170293
118.9997,171510
119.0038,170437
119.0079,170563
119.0120,170912
119.0161,170157
119.0202,171826
119.0243,170177
119.0284,170756
119.0324,170916
119.0366,170815
119.0406,171767
119.0447,169782
119.0489,170745
119.0529,170963
119.0570,169869
119.0612,171083
119.0652,170055
119.0693,170681
119.0734,170604
119.0775,170457
119.0817,171455
119.0861,170213
119.0899,170570
119.0940,170361
119.0941,169876
119.0980,171030
119.1021,170171
119.1062,170224
119.1103,170817
119.1144,170030
119.1185,171315
119.1226,170420
119.1267,171085
119.1308,170745
119.1349,170329
119.1389,171252
119.1431,170204
119.1472,170557
119.1513,171074
119.1554,170651
119.1595,171531
119.1636,169840
119.1677,171165
119.1718,170581
119.1760,171030
119.1800,170876
119.1841,170793
119.1882,170358
119.1923,171096
119.1964,171214
119.2005,171059
119.2046,170104
119.2087,170978
119.2128,170768
119.2170,170447
119.2211,170622
119.2212,170475
119.2250,170395
119.2291,170740
119.2331,170526
119.2373,170339
119.2413,169926
119.2454,170715
119.2495,170838
119.2536,170776
119.2577,170432
119.2619,170780
119.2659,170350
119.2700,170782
119.2741,171318
119.2782,170285
119.2823,170121
119.2864,170292
119.2905,170384
119.2946,170958
119.2987,170519
119.3028,170645
119.3070,170233
119.3110,170249
119.3151,170426
119.3192,170032
119.3233,170378
119.3274,170348
119.3315,170955
119.3356,170306
119.3397,170485
119.3441,170887
119.3480,170672
119.3480,170509
119.3519,170294
119.3560,169825
119.3601,171363
119.3642,170933
119.3683,170929
119.3724,171228
119.3765,170086
119.3807,170748
119.3848,170427
119.3889,170496
119.3930,171373
119.3971,170207
119.4012,170930
119.4053,170753
119.4094,170632
119.4135,171225
119.4176,170199
119.4217,171036
119.4257,170708
119.4298,170772
119.4339,170790
119.4380,169816
119.4421,171882
119.4462,170852
119.4503,171116
119.4544,170957
119.4585,169878
119.4626,171770
119.4668,170032
119.4707,170417
119.4751,170338
119.4791,169844
119.4792,171446
119.4831,170176
119.4871,170339
119.4913,170906
119.4954,170219
119.4995,171400
119.5036,170287
119.5077,170565
119.5117,171070
119.5159,170406
119.5200,171342
119.5240,169789
119.5281,170773
119.5322,170418
119.5363,170127
119.5404,171052
119.5444,170627
119.5486,170476
119.5527,170891
119.5568,170487
119.5609,171364
119.5649,169334
119.5690,170817
119.5731,170320
119.5772,170531
119.5813,171146
119.5854,170150
119.5895,170436
119.5944,170849
119.5980,169980
119.6021,171335
119.6061,170105
119.6062,170190
119.6101,170816
119.6142,169936
119.6182,171016
119.6223,170054
119.6264,170554
119.6306,170413
119.6346,170318
119.6387,171106
119.6428,170276
119.6470,170509
119.6510,170605
119.6551,170725
119.6592,170911
119.6634,169889
119.6674,170458
119.6714,171058
119.6755,170325
119.6796,171509
119.6837,170095
119.6878,170493
119.6919,171130
119.6961,170648
119.7002,170674
119.7043,170377
119.7084,170789
119.7125,170475
119.7165,170529
119.7207,171214
119.7250,170134
119.7290,170554
119.7329,171166
119.7330,170891
119.7371,171010
119.7411,169939
119.7451,170597
119.7493,170622
119.7534,170782
119.7575,170631
119.7615,170382
119.7657,170418
119.7698,171238
119.7739,170311
119.7779,171032
119.7820,170441
119.7861,170591
119.7902,170616
119.7943,170399
119.7985,170877
119.8026,170231
119.8066,170109
119.8108,170829
119.8149,170834
119.8189,170417
119.8230,169519
119.8271,170250
119.8312,170641
119.8353,170450
119.8394,170360
119.8435,170560
119.8476,171355
119.8518,170743
119.8559,170937
119.8599,170136
119.8600,170290
119.8640,170948
119.8681,170352
119.8722,170616
119.8763,170426
119.8804,170545
119.8845,170541
119.8886,170849
119.8927,171429
119.8968,170275
119.9009,170476
119.9049,170507
119.9091,170876
119.9132,170966
119.9173,170152
119.9213,170866
119.9255,170506
119.9296,171216
119.9336,171169
119.9377,170435
119.9417,170819
119.9459,170455
119.9500,170443
119.9541,171132
119.9582,170116
119.9623,171005
119.9664,170386
119.9705,170878
119.9746,170368
119.9787,170026
119.9830,171656
119.9871,170440
119.9871,170442
119.9909,170654
119.9951,170303
119.9992,171782
120.0033,169957
120.0074,171011
120.0114,170565
120.0156,170048
120.0196,171486
120.0237,170636
120.0278,170654
120.0320,171056
120.0360,170149
120.0401,171172
120.0441,170652
120.0483,170889
120.0524,170862
120.0565,170042
120.0605,171655
120.0647,170301
120.0688,170905
120.0729,170853
120.0770,169857
120.0810,171425
120.0851,169902
120.0893,171015
120.0934,171056
120.0974,169992
120.1016,171696
120.1057,170217
120.1100,170905
120.1140,170658
120.1141,170146
120.1180,171123
120.1221,170070
120.1262,170200
120.1303,171037
120.1344,170314
120.1384,171303
120.1426,169860
120.1466,170267
120.1507,170986
120.1548,170607
120.1590,171556
120.1630,169817
120.1671,170347
120.1712,170682
120.1753,170580
120.1794,170556
120.1835,169404
120.1876,170736
120.1917,170669
120.1958,170783
120.1999,170962
120.2040,170012
120.2082,170796
120.2122,170705
120.2164,169738
120.2204,171381
120.2245,169258
120.2285,170449
120.2326,170254
120.2369,170264
120.2410,170851
120.2411,170360
120.2449,170534
120.2489,170606
120.2530,170395
120.2571,171166
120.2612,169999
120.2653,170662
120.2694,170789
120.2735,170272
120.2776,170852
120.2817,170066
120.2858,170534
120.2899,170264
120.2940,170202
120.2981,170817
120.3022,169847
120.3063,170647
120.3104,170519
120.3145,170135
120.3185,170758
120.3227,169905
120.3269,170097
120.3309,170323
120.3350,170789
120.3391,170523
120.3432,169970
120.3473,170505
120.3514,171033
120.3555,170310
120.3596,170279
120.3641,169535
120.3682,170621
120.3722,170895
120.3723,170574
120.3760,170219
120.3800,170508
120.3841,170359
120.3883,170476
120.3924,170276
120.3966,169913
120.4006,170319
120.4046,170715
120.4088,171288
120.4129,170460
120.4169,169997
120.4210,170173
120.4251,170373
120.4292,170274
120.4333,170623
120.4374,169797
120.4415,169999
120.4456,170384
120.4497,170164
120.4538,170250
120.4581,169821
120.4619,170219
120.4660,170132
120.4702,170700
120.4743,170504
120.4784,169615
120.4825,170550
120.4866,170309
120.4910,170944
120.4948,170373
120.4990,169752
120.4992,170434
120.5029,170733
120.5070,170488
120.5111,170293
120.5151,169793
120.5192,171080
120.5234,170370
120.5275,170668
120.5316,170502
120.5356,169749
120.5397,170951
120.5439,169967
120.5479,170349
120.5520,170437
120.5561,170362
120.5602,170736
120.5643,170557
120.5684,170210
120.5725,170409
120.5766,170068
120.5807,171353
120.5848,170342
120.5889,170566
120.5930,170593
120.5971,170330
120.6012,172232
120.6053,170158
120.6094,170706
120.6135,170786
120.6180,169431
120.6220,171497
120.6260,169492
120.6261,170614
120.6299,170159
120.6339,169587
120.6380,171528
120.6421,170421
120.6462,170732
120.6503,170587
120.6544,169647
120.6585,171002
120.6626,169213
120.6667,170641
120.6708,170709
120.6749,169444
120.6790,171403
120.6831,170575
120.6872,170556
120.6913,170631
120.6954,170407
120.6996,170857
120.7036,169912
120.7077,170550
120.7117,170605
120.7159,170364
120.7200,171034
120.7242,170347
120.7282,170488
120.7322,169947
120.7363,170310
120.7404,170435
120.7446,169810
120.7491,170351
120.7531,170444
120.7532,170576
120.7569,171357
120.7610,169602
120.7651,170040
120.7691,170345
120.7733,170356
120.7774,171247
120.7815,169954
120.7856,170718
120.7897,170595
120.7937,170290
120.7979,171051
120.8020,170277
120.8060,170341
120.8101,170762
120.8142,170833
120.8183,170851
120.8224,170011
120.8265,170790
120.8306,170571
120.8347,170120
120.8388,171046
120.8429,170174
120.8471,170444
120.8511,170788
120.8552,170673
120.8593,170882
120.8633,170256
120.8675,170462
120.8716,170692
120.8759,170802
120.8799,170606
120.8800,170033
120.8839,170686
120.8880,170799
120.8921,170909
120.8962,170555
120.9003,170201
120.9043,170961
120.9084,170526
120.9125,170386
120.9166,170148
120.9207,170102
120.9248,170141
120.9289,170836
120.9329,170477
120.9370,169920
120.9411,170283
120.9453,170695
120.9493,170677
120.9534,170514
120.9575,169868
120.9617,170091
120.9657,170217
120.9698,170547
120.9739,170440
120.9780,170183
120.9821,170321
120.9862,170840
120.9903,171001
120.9944,170260
120.9985,168759
121.0029,170353
121.0069,170361
121.0070,170325
121.0109,170235
121.0149,169485
121.0190,170865
121.0231,170788
121.0271,170642
121.0313,170189
121.0353,169840
121.0395,171329
121.0442,170441
121.0477,170102
121.0518,170517
121.0560,170334
121.0600,171124
121.0642,170130
121.0682,170543
121.0723,170729
121.0764,170356
121.0804,170996
121.0846,170389
121.0887,171202
121.0928,170505
121.0969,169197
121.1009,171108
121.1051,170660
121.1091,170299
121.1132,171098
121.1173,169569
121.1214,171234
121.1256,170252
121.1298,170668
121.1339,170605
121.1379,169753
121.1380,171636
121.1420,169613
121.1460,170394
121.1501,170700
121.1542,170112
121.1583,171605
121.1624,170101
121.1665,170356
121.1706,170526
121.1748,169853
121.1787,171683
121.1829,169657
121.1870,170494
121.1914,170262
121.1952,170433
121.1992,171354
121.2034,170419
121.2074,170908
121.2117,170902
121.2156,170154
121.2197,171272
121.2238,169756
121.2280,170404
121.2320,170582
121.2361,170287
121.2402,171652
121.2443,170023
121.2484,170381
121.2525,170649
121.2567,170105
121.2609,171251
121.2650,169451
121.2651,170284
121.2689,170232
121.2730,170010
121.2771,171111
121.2812,170169
121.2852,170520
121.2893,170064
121.2934,170290
121.2976,171160
121.3016,170394
121.3057,170261
121.3098,170782
121.3140,170497
121.3180,171097
121.3222,170147
121.3261,170899
121.3302,170347
121.3343,170728
121.3384,170640
121.3425,169960
121.3466,170819
121.3509,170429
121.3550,170508
121.3590,171286
121.3631,169699
121.3671,170913
121.3713,170563
121.3755,170671
121.3794,171174
121.3839,169691
121.3878,170194
121.3918,170231
121.3919,170603
121.3959,170160
121.3999,170382
121.4039,170283
121.4081,170923
121.4122,170030
121.4163,170653
121.4204,169654
121.4245,169609
121.4286,170538
121.4327,170423
121.4368,170694
121.4409,169909
121.4449,170461
121.4492,170306
121.4533,170780
121.4574,170227
121.4614,170057
121.4654,170154
121.4696,170395
121.4737,169953
121.4778,169763
121.4821,169776
121.4861,170733
121.4902,170287
121.4941,170879
121.4982,169625
121.5023,169904
121.5064,170298
121.5106,170441
121.5148,170515
121.5188,169812
121.5189,170042
121.5228,169961
121.5269,170909
121.5310,170344
121.5351,169878
121.5392,170395
121.5432,170672
121.5474,170618
121.5516,170873
121.5556,169993
121.5597,170408
121.5638,170799
121.5679,170041
121.5720,170358
121.5761,169647
121.5802,170247
121.5843,170323
121.5883,170351
121.5924,170175
121.5965,169401
121.6005,170409
121.6047,170174
121.6087,170166
121.6128,170436
121.6170,169695
121.6210,171053
121.6252,169928
121.6293,170537
121.6334,170285
121.6379,169418
121.6419,171008
121.6458,169749
121.6459,170425
121.6498,170521
121.6539,169810
121.6580,171142
121.6621,170487
121.6663,170349
121.6703,169967
121.6744,169544
121.6784,171674
121.6826,169669
121.6867,170471
121.6908,170628
121.6949,169661
121.6989,171610
121.7030,170132
121.7071,170567
121.7112,170004
121.7153,169610
121.7194,171018
121.7235,169451
121.7276,170576
121.7317,170267
121.7358,169615
121.7399,171433
121.7440,169560
121.7481,170962
121.7522,170254
121.7563,169775
121.7604,171423
121.7646,169939
121.7687,170655
121.7727,170200
121.7728,169642
121.7767,171688
121.7809,169161
121.7850,170648
121.7891,170344
121.7931,170143
121.7973,170770
121.8013,169993
121.8054,170443
121.8095,170331
121.8136,170201
121.8177,171163
121.8218,169952
121.8259,170310
121.8300,170544
121.8341,169910
121.8382,171314
121.8423,169632
121.8464,170718
121.8505,170631
121.8546,170437
121.8587,170954
121.8628,169781
121.8669,169893
121.8710,170616
121.8751,170264
121.8792,171409
121.8833,169724
121.8873,170535
121.8915,171021
121.8958,170455
121.8998,171581
121.8999,169675
121.9038,170444
121.9078,170274
121.9119,170157
121.9160,171157
121.9201,170070
121.9241,170499
121.9283,170165
121.9324,170027
121.9365,170734
121.9405,169667
121.9446,169945
121.9487,170452
121.9529,170084
121.9569,170891
121.9610,170245
121.9652,170464
121.9692,170495
121.9733,170301
121.9775,170195
121.9816,170354
121.9857,170654
121.9898,170404
121.9938,170709
121.9979,170160
122.0020,170029
122.0062,170401
122.0102,170289
122.0143,170668
122.0184,170269
122.0227,170498
122.0266,170392
122.0267,170500
122.0307,170319
122.0348,170262
122.0389,170461
122.0430,170406
122.0471,170484
122.0512,169561
122.0554,170240
122.0593,169833
122.0634,170372
122.0675,170411
122.0717,170001
122.0758,169887
122.0800,169845
122.0840,170699
122.0880,170552
122.0921,170778
122.0962,169380
122.1004,170581
122.1044,170409
122.1085,170413
122.1126,170416
122.1167,169545
122.1208,170644
122.1250,170620
122.1290,170560
122.1331,170085
122.1371,168760
122.1412,170782
122.1454,170271
122.1497,170331
122.1538,170126
122.1539,169265
122.1577,171004
122.1618,170274
122.1660,170119
122.1701,170820
122.1741,170140
122.1782,170878
122.1822,169750
122.1863,169963
122.1904,170163
122.1945,169337
122.1986,171618
122.2027,170082
122.2068,170277
122.2109,170480
122.2150,169426
122.2191,171115
122.2232,169864
122.2273,170190
122.2314,170144
122.2355,169287
122.2396,171524
122.2437,169731
122.2478,170268
122.2519,170429
122.2559,169762
122.2601,171543
122.2642,169858
122.2683,170174
122.2724,170092
122.2765,170013
122.2807,171160
122.2808,169885
122.2847,170641
122.2887,170640
122.2928,170052
122.2969,170839
122.3010,170089
122.3051,170459
122.3091,170473
122.3133,169729
122.3174,171192
122.3215,170061
122.3256,170126
122.3298,169566
122.3337,170155
122.3379,171374
122.3420,170196
122.3460,169828
122.3502,170042
122.3543,170314
122.3584,170977
122.3625,169417
122.3666,170167
122.3707,170585
122.3748,170467
122.3789,170949
122.3829,169963
122.3871,170282
122.3912,170416
122.3953,169842
122.3994,170703
122.4036,170048
122.4077,170386
122.4118,170241
122.4119,170122
122.4157,171151
122.4198,169606
122.4239,170331
122.4280,170365
122.4321,170708
122.4362,170736
122.4402,170281
122.4444,170598
122.4484,170171
122.4525,170263
122.4567,171367
122.4608,169757
122.4649,170444
122.4690,170559
122.4731,170118
122.4772,171048
122.4812,170289
122.4853,170265
122.4894,170706
122.4936,170190
122.4977,170871
122.5018,169847
122.5058,170541
122.5099,170334
122.5140,170654
122.5181,170449
122.5222,170122
122.5263,170329
122.5306,170098
122.5346,170247
122.5386,170130
122.5387,169320
122.5426,170562
122.5467,170330
122.5508,170450
122.5549,169910
122.5590,169945
122.5631,169996
122.5672,169829
122.5713,169832
122.5754,170464
122.5795,170110
122.5836,170645
122.5877,170271
122.5917,170545
122.5958,170024
122.6000,169782
122.6040,170602
122.6082,169997
122.6123,170092
122.6164,170040
122.6205,170596
122.6246,170024
122.6287,170821
122.6328,170828
122.6369,169557
122.6410,170845
122.6451,170188
122.6492,170204
122.6533,170743
122.6577,169263
122.6618,169876
122.6659,170505
122.6659,170436
122.6697,170441
122.6738,170197
122.6779,170577
122.6820,170861
122.6861,170638
122.6902,171033
122.6943,169123
122.6984,170814
122.7024,170496
122.7065,170962
122.7106,170377
122.7147,169393
122.7188,171099
122.7229,169903
122.7270,170340
122.7310,170690
122.7352,169060
122.7393,171218
122.7434,170325
122.7475,170524
122.7516,170981
122.7557,169006
122.7598,170971
122.7639,170164
122.7680,169952
122.7721,170522
122.7761,169390
122.7802,171701
122.7844,170202
122.7886,170692
122.7925,170262
122.7925,169783
122.7966,171593
122.8007,169898
122.8049,170554
122.8089,170920
122.8130,169785
122.8171,171145
122.8212,170005
122.8253,170508
122.8294,170560
122.8334,169918
122.8376,171093
122.8417,170061
122.8459,170439
122.8498,170699
122.8540,170460
122.8580,171845
122.8622,169572
122.8663,170661
122.8704,170526
122.8745,170154
122.8785,171642
122.8827,169970
122.8868,170731
122.8909,170737
122.8950,169924
122.8991,171099
122.9031,169794
122.9072,170136
122.9114,170292
122.9156,170488
122.9197,170870
122.9197,169616
122.9236,170360
122.9277,170249
122.9318,170547
122.9359,171550
122.9400,169312
122.9440,170519
122.9481,170474
122.9523,170359
122.9564,171004
122.9605,169508
122.9646,169995
122.9687,170369
122.9728,170739
122.9769,170606
122.9809,169685
122.9851,170243
122.9892,170593
122.9933,170259
122.9973,170909
123.0013,170566
123.0055,170836
123.0095,170129
123.0136,170374
123.0177,171020
123.0218,169553
123.0259,170482
123.0300,171188
123.0341,171106
123.0383,171067
123.0424,170010
123.0466,170553
123.0467,170553
123.0506,170793
123.0547,170344
123.0587,170120
123.0629,170450
123.0670,170325
123.0711,169751
123.0752,170602
123.0793,169971
123.0834,170501
123.0875,170720
123.0916,170618
123.0957,170557
123.0997,169918
123.1039,170151
123.1079,171084
123.1120,170786
123.1161,170901
123.1202,169610
123.1243,170464
123.1284,170429
123.1324,170662
123.1366,170049
123.1407,170102
123.1449,170454
123.1490,170445
123.1530,170534
123.1571,169672
123.1612,169847
123.1654,170105
123.1695,170612
123.1735,170587
123.1735,169284
123.1776,169245
123.1817,170274
123.1858,170504
123.1899,170518
123.1940,169620
123.1980,170639
123.2023,169982
123.2062,170575
123.2103,170810
123.2144,169150
123.2185,170285
123.2226,170047
123.2268,169871
123.2308,170801
123.2350,169850
123.2390,171215
123.2431,169883
123.2472,170500
123.2512,170308
123.2554,169817
123.2595,171164
123.2636,170339
123.2677,170666
123.2718,170528
123.2758,169787
123.2800,171530
123.2840,170592
123.2881,170307
123.2922,170636
123.2965,169454
123.3006,171546
123.3046,170071
123.3047,170553
123.3086,170068
123.3128,169590
123.3168,171227
123.3209,170076
123.3250,170071
123.3291,170577
123.3332,169712
123.3373,171501
123.3414,170584
123.3455,170540
123.3496,171003
123.3537,170293
123.3579,171497
123.3619,169270
123.3660,170864
123.3700,170898
123.3741,170151
123.3783,171895
123.3824,170090
123.3866,171134
123.3906,170555
123.3947,170050
123.3993,171264
123.4033,169698
123.4073,170139
123.4110,170578
123.4151,169629
123.4202,171030
123.4234,169644
123.4274,170152
123.4315,170656
123.4316,170147
123.4355,171306
123.4396,169714
123.4438,170490
123.4479,170619
123.4519,170333
123.4560,171295
123.4601,169839
123.4644,170260
123.4683,170664
123.4724,169946
123.4765,171095
123.4808,169947
123.4847,170145
123.4888,170355
123.4928,170236
123.4974,170755
123.5010,170107
123.5051,171160
123.5094,170237
123.5140,169854
123.5175,170885
123.5215,170159
123.5256,170146
123.5302,170616
123.5339,170053
123.5379,171433
123.5420,170224
123.5464,170717
123.5503,170863
123.5543,170341
123.5587,171581
123.5591,170443
123.5629,170566
123.5666,171446
123.5707,170378
123.5748,171547
123.5801,170314
123.5830,170570
123.5871,171129
123.5912,170371
123.5968,170725
123.5994,169761
123.6034,170144
123.6075,170465
123.6132,170500
123.6159,170496
123.6199,169969
123.6239,170218
123.6282,171058
123.6321,170213
123.6362,170904
123.6403,169919
123.6448,170339
123.6490,170160
123.6527,170296
123.6567,170108
123.6609,169970
123.6656,169998
123.6691,170092
123.6731,170653
123.6772,170240
123.6814,170022
123.6855,170801
123.6856,170962
123.6895,170345
123.6936,169730
123.6977,170194
123.7018,170429
123.7059,170821
123.7100,170034
123.7141,169989
123.7181,170364
123.7222,170253
123.7264,170460
123.7304,170187
123.7345,169228
123.7386,170412
123.7427,170128
123.7472,170816
123.7510,170292
123.7551,170080
123.7591,170870
123.7636,170296
123.7673,170404
123.7714,169907
123.7755,169589
123.7799,170412
123.7840,170312
123.7884,170276
123.7918,170474
123.7964,169905
123.8007,171008
123.8042,170196
123.8083,170407
123.8125,170697
123.8132,169931
123.8171,171183
123.8205,170277
123.8246,170721
123.8291,170385
123.8329,170262
123.8369,171080
123.8410,170354
123.8457,170238
123.8496,170581
123.8533,169889
123.8574,172161
123.8615,170097
123.8661,170284
123.8697,170381
123.8738,170111
123.8781,171236
123.8825,170667
123.8861,170535
123.8902,170774
123.8943,170248
123.8984,171686
123.9024,170080
123.9065,171048
123.9107,170820
123.9151,169944
123.9188,171419
123.9229,170029
123.9270,170964
123.9314,170399
123.9352,169411
123.9393,171698
123.9394,169361
123.9434,170407
123.9475,170392
123.9516,169517
123.9557,171452
123.9599,170009
123.9639,170429
123.9680,170208
123.9721,169967
123.9762,171446
123.9807,169476
123.9844,170166
123.9885,170681
123.9926,170201
123.9971,171039
124.0009,169684
124.0049,171180
124.0090,170848
124.0134,170131
124.0172,170592
124.0213,169959
124.0253,170774
124.0300,170822
124.0335,170369
124.0376,171353
124.0417,170206
124.0470,169995
124.0499,170336
124.0540,170327
124.0581,171042
124.0633,169657
124.0664,170242
124.0665,170927
124.0705,169725
124.0746,170839
124.0801,169935
124.0827,169971
124.0869,170564
124.0910,170215
124.0953,171034
124.1000,170049
124.1032,170410
124.1073,170578
124.1118,170205
124.1154,170906
124.1195,169786
124.1236,170443
124.1291,170686
124.1318,170147
124.1359,170357
124.1400,170164
124.1444,170000
124.1495,170635
124.1523,170516
124.1564,170357
124.1605,169950
124.1646,170822
124.1687,170907
124.1728,170859
124.1771,170298
124.1812,170323
124.1857,170693
124.1894,170550
124.1934,170544
124.1934,170115
124.1973,169917
124.2015,170421
124.2056,170707
124.2097,170080
124.2141,169937
124.2185,170855
124.2219,170678
124.2261,170409
124.2303,170466
124.2343,170306
124.2383,169938
124.2424,170339
124.2472,170242
124.2506,170329
124.2547,169665
124.2589,170639
124.2634,169932
124.2670,170775
124.2711,170792
124.2752,170468
124.2794,170896
124.2834,170128
124.2875,170080
124.2916,170083
124.2962,169485
124.2997,170475
124.3038,170309
124.3079,170435
124.3122,170254
124.3163,169686
124.3202,170791
124.3242,170391
124.3243,170339
124.3287,170113
124.3325,169727
124.3366,171226
124.3407,170119
124.3452,170372
124.3490,170504
124.3531,170133
124.3571,170959
124.3612,170246
124.3655,170172
124.3694,170164
124.3734,169480
124.3786,171137
124.3817,170105
124.3858,170197
124.3899,170650
124.3940,169939
124.3980,170987
124.4021,169938
124.4062,170391
124.4104,169881
124.4145,169561
124.4186,171960
124.4227,170135
124.4269,169858
124.4309,170613
124.4349,169495
124.4390,171379
124.4435,170036
124.4474,170447
124.4515,170312
124.4516,170166
124.4554,171039
124.4595,169648
124.4640,170395
124.4677,170606
124.4718,170088
124.4759,171280
124.4800,169346
124.4840,170556
124.4881,170797
124.4923,169374
124.4968,170583
124.5005,169180
124.5045,170550
124.5088,170186
124.5131,170176
124.5169,171158
124.5209,169856
124.5250,170587
124.5294,170729
124.5332,169694
124.5373,171136
124.5414,169602
124.5460,170272
124.5497,170437
124.5537,170153
124.5578,171213
124.5628,169731
124.5660,170619
124.5702,170839
124.5743,169886
124.5783,170995
124.5790,169076
124.5829,170434
124.5865,170026
124.5906,169952
124.5954,171470
124.5994,169624
124.6029,170619
124.6069,170489
124.6119,170049
124.6156,171184
124.6193,170132
124.6233,170176
124.6279,170542
124.6315,170315
124.6356,170543
124.6397,169838
124.6439,170296
124.6481,170676
124.6523,170145
124.6562,171290
124.6603,169767
124.6648,170248
124.6684,170671
124.6725,170366
124.6766,170856
124.6811,169475
124.6848,170589
124.6890,170452
124.6930,170437
124.6971,170532
124.7013,170033
124.7053,170681
124.7054,170360
124.7095,170386
124.7137,170584
124.7175,169754
124.7217,170680
124.7257,170678
124.7300,170416
124.7342,170142
124.7380,170171
124.7422,170051
124.7463,170449
124.7503,170303
124.7544,170067
124.7585,169904
124.7631,169929
124.7668,170782
124.7709,170667
124.7749,170419
124.7796,169861
124.7832,170098
124.7873,170019
124.7912,170146
124.7959,169852
124.7998,170025
124.8037,170207
124.8077,170519
124.8118,170203
124.8163,169513
124.8200,170271
124.8240,170582
124.8283,170251
124.8323,170084
124.8324,169582
124.8363,170034
124.8404,170171
124.8448,169676
124.8486,169879
124.8527,169770
124.8569,170054
124.8611,169961
124.8650,169901
124.8691,169848
124.8731,169412
124.8775,170428
124.8814,169945
124.8854,170216
124.8895,170594
124.8937,169665
124.8978,170165
124.9019,169766
124.9060,170307
124.9100,170381
124.9143,169417
124.9182,170880
124.9223,170195
124.9264,169681
124.9305,169932
124.9346,169253
124.9387,170720
124.9429,169390
124.9471,169680
124.9510,170706
124.9551,169519
124.9593,170831
124.9593,169713
124.9638,170529
124.9674,170421
124.9715,169600
124.9757,171051
124.9799,169854
124.9842,170196
124.9880,170851
124.9920,169595
124.9966,171246
125.0001,170051
125.0042,170188
125.0084,170413
125.0131,169506
125.0172,171607
125.0207,169961
125.0247,170456
125.0291,170666
125.0332,169944
125.0371,171132
125.0412,169396
125.0463,170048
125.0493,170329
125.0534,169493
125.0575,171159
125.0624,169531
125.0660,170057
125.0698,170177
125.0739,170129
125.0782,171013
125.0821,169335
125.0863,170133
125.0903,170405
125.0904,169839
125.0948,170520
125.0987,170205
125.1028,170780
125.1066,170639
125.1111,169956
125.1155,170942
125.1189,169820
125.1230,170293
125.1274,170295
125.1313,170172
125.1353,170723
125.1394,169429
125.1439,170580
125.1481,170337
125.1517,170084
125.1558,170818
125.1601,169602
125.1645,170351
125.1681,170227
125.1721,170703
125.1763,170342
125.1812,169823
125.1845,170253
125.1886,170348
125.1926,169926
125.1967,171295
125.2014,170277
125.2050,170711
125.2092,170474
125.2132,170552
125.2174,170840
125.2175,170300
125.2213,169959
125.2254,170220
125.2296,170711
125.2336,170987
125.2377,170229
125.2420,170104
125.2460,170226
125.2506,170663
125.2541,170534
125.2582,169614
125.2627,170030
125.2674,170126
125.2705,170137
125.2746,170326
125.2796,170044
125.2834,170267
125.2869,170432
125.2910,170103
125.2952,169878
125.2992,169838
125.3033,170286
125.3073,169723
125.3121,170226
125.3164,170179
125.3196,170014
125.3237,170130
125.3285,170375
125.3320,170636
125.3362,170477
125.3403,170106
125.3442,170487
125.3447,170627
125.3489,170182
125.3524,169579
125.3565,169692
125.3610,169828
125.3650,170320
125.3688,169726
125.3729,169649
125.3770,170358
125.3817,169859
125.3857,170137
125.3893,170004
125.3941,169512
125.3975,170430
125.4015,170263
125.4056,170275
125.4098,170157
125.4140,169983
125.4179,170387
125.4220,170590
125.4261,170395
125.4305,170310
125.4344,169146
125.4385,170530
125.4426,170417
125.4471,170921
125.4507,170351
125.4548,169488
125.4589,170994
125.4633,170447
125.4674,170888
125.4713,170201
125.4714,169902
125.4754,170286
125.4797,169782
125.4835,170230
125.4875,170113
125.4917,169694
125.4959,170857
125.4998,170008
125.5039,169983
125.5080,170242
125.5130,169729
125.5162,171244
125.5203,170353
125.5244,170452
125.5290,170775
125.5326,169545
125.5367,171290
125.5408,169235
125.5459,170434
125.5490,170459
125.5531,170523
125.5572,171495
125.5616,170190
125.5654,170237
125.5694,170423
125.5736,169954
125.5780,170803
125.5818,169899
125.5859,170393
125.5900,170547
125.5944,169672
125.5983,171117
125.5984,170199
125.6022,170548
125.6063,170942
125.6107,170287
125.6146,171002
125.6186,169312
125.6227,170585
125.6269,170753
125.6314,170149
125.6351,171107
125.6392,169714
125.6434,170673
125.6479,170209
125.6515,170361
125.6556,171298
125.6617,169397
125.6640,170202
125.6678,170346
125.6719,169669
125.6760,171146
125.6801,169835
125.6841,170971
125.6883,170400
125.6923,170108
125.6965,171240
125.7006,169646
125.7046,170479
125.7088,170781
125.7128,170229
125.7171,170801
125.7213,169990
125.7254,170091
125.7255,170242
125.7293,170224
125.7334,170665
125.7375,169830
125.7416,170550
125.7457,170393
125.7498,170522
125.7539,170486
125.7580,170097
125.7621,170090
125.7662,170124
125.7703,170244
125.7743,170613
125.7785,169715
125.7826,170154
125.7866,170862
125.7907,170169
125.7948,170953
125.7989,169497
125.8030,170534
125.8070,170361
125.8112,169636
125.8152,170441
125.8194,169943
125.8235,170512
125.8276,170075
125.8317,170393
125.8358,170256
125.8399,170248
125.8440,170433
125.8483,170446
125.8523,170243
125.8524,170256
125.8563,170241
125.8604,170715
125.8644,170315
125.8685,170059
125.8725,170037
125.8768,169858
125.8809,170316
125.8849,170386
125.8890,170334
125.8931,170296
125.8972,170720
125.9013,169811
125.9054,170490
125.9095,170402
125.9136,169864
125.9177,170196
125.9218,170224
125.9259,170430
125.9300,170168
125.9341,169845
125.9382,170442
125.9423,170368
125.9463,170649
125.9504,169947
125.9545,169758
125.9587,170344
125.9627,170241
125.9668,170443
125.9710,169994
125.9752,169407
125.9793,170311
125.9834,170704
125.9834,170282
125.9874,170206
125.9914,169517
125.9955,170294
125.9996,170404
126.0037,170519
126.0078,170477
126.0119,169836
126.0160,170786
126.0201,169923
126.0242,170388
126.0283,170341
126.0324,169002
126.0365,170800
126.0405,169961
126.0447,170276
126.0488,170049
126.0529,169929
126.0569,171014
126.0611,170129
126.0652,170272
126.0693,170401
126.0734,170008
126.0774,171229
126.0814,170014
126.0856,169947
126.0897,170308
126.0938,170302
126.0980,171292
126.1022,170478
126.1063,169871
126.1103,170140
126.1104,169891
126.1143,171706
126.1184,170356
126.1225,170188
126.1266,169847
126.1307,169440
126.1348,171270
126.1389,170170
126.1430,170022
126.1471,170089
126.1512,169636
126.1553,171562
126.1594,169651
126.1635,170469
126.1676,170734
126.1717,169557
126.1758,170075
126.1798,169998
126.1839,170604
126.1881,170528
126.1921,170043
126.1962,171009
126.2004,169776
126.2044,170589
126.2085,170099
126.2126,169992
126.2167,171407
126.2208,169949
126.2249,170062
126.2291,170257
126.2333,170351
126.2373,170731
126.2374,169884
126.2413,170187
126.2453,169963
126.2494,170220
126.2535,171508
126.2576,169867
126.2617,170490
126.2658,170667
126.2699,170310
126.2739,170585
126.2781,169701
126.2822,170565
126.2863,170654
126.2904,170424
126.2945,170739
126.2986,169806
126.3027,169523
126.3067,170330
126.3109,169826
126.3150,170359
126.3191,169593
126.3231,170336
126.3273,170166
126.3313,170242
126.3354,170575
126.3395,169867
126.3437,170534
126.3478,170297
126.3519,170006
126.3560,170278
126.3602,169886
126.3643,170315
126.3644,169846
126.3682,170240
126.3723,170322
126.3764,170139
126.3805,169883
126.3846,170719
126.3887,170096
126.3928,170342
126.3969,169498
126.4010,170220
126.4051,170489
126.4092,170236
126.4133,170474
126.4174,170127
126.4215,170591
126.4256,170240
126.4297,170396
126.4338,169831
126.4379,170154
126.4419,169778
126.4460,169917
126.4502,170273
126.4543,170316
126.4583,170318
126.4624,170146
126.4665,170514
126.4706,170241
126.4748,170391
126.4788,170264
126.4829,170180
126.4870,170116
126.4913,170280
126.4913,169430
126.4952,170719
126.4993,170483
126.5034,169919
126.5075,170003
126.5116,169969
126.5157,170176
126.5199,170481
126.5238,170568
126.5279,170667
126.5320,169619
126.5361,170508
126.5402,170528
126.5443,170543
126.5484,170078
126.5525,169542
126.5566,171012
126.5607,169867
126.5647,170701
126.5688,169875
126.5730,169556
126.5770,170703
126.5812,170561
126.5853,170592
126.5894,170199
126.5934,169794
126.5976,170765
126.6017,170036
126.6058,170799
126.6099,170714
126.6143,169715
126.6184,171398
126.6185,169633
126.6222,170230
126.6263,170525
126.6304,169909
126.6345,171017
126.6386,170320
126.6427,170330
126.6468,170957
126.6509,170183
126.6549,171209
126.6591,170145
126.6631,170382
126.6672,170356
126.6713,170142
126.6754,171255
126.6795,170168
126.6836,170519
126.6877,170388
126.6918,169913
126.6959,170924
126.7000,170528
126.7041,170276
126.7082,170342
126.7123,170093
126.7164,170832
126.7205,169580
126.7246,170696
126.7287,170559
126.7328,169902
126.7369,170832
126.7410,169401
126.7452,170739
126.7453,170527
126.7492,169388
126.7533,171228
126.7574,169755
126.7614,169941
126.7655,170580
126.7697,170158
126.7737,171488
126.7778,170234
126.7819,170256
126.7860,170458
126.7900,170348
126.7942,170738
126.7983,170101
126.8024,170433
126.8064,170911
126.8106,170247
126.8147,170900
126.8188,169693
126.8230,170428
126.8270,170319
126.8311,170413
126.8352,171096
126.8393,169680
126.8433,170121
126.8475,169951
126.8516,170622
126.8557,170608
126.8597,170222
126.8640,170052
126.8681,170124
126.8722,170293
126.8763,170857
126.8764,169915
126.8801,170098
126.8842,170969
126.8883,170093
126.8924,171406
126.8965,170294
126.9007,170429
126.9047,170559
126.9088,170818
126.9129,170854
126.9170,169921
126.9211,170515
126.9252,171148
126.9293,170483
126.9334,170655
126.9375,170069
126.9416,170063
126.9457,170724
126.9498,170672
126.9539,170000
126.9580,170147
126.9622,169864
126.9662,170662
126.9703,170227
126.9744,170080
126.9785,170249
126.9825,170260
126.9867,170031
126.9908,170172
126.9949,170503
126.9990,169990
127.0033,170324
127.0034,171214
127.0072,170330
127.0112,170374
127.0153,169630
127.0194,170161
127.0237,170311
127.0277,170430
127.0318,169899
127.0359,170040
127.0399,170737
127.0440,170461
127.0482,170347
127.0523,169766
127.0562,170244
127.0604,170928
127.0646,170344
127.0686,170147
127.0730,169584
127.0768,170438
127.0808,170423
127.0849,170854
127.0891,169825
127.0931,170063
127.0972,170694
127.1014,170816
127.1054,170725
127.1096,169708
127.1137,169603
127.1178,170854
127.1221,170580
127.1265,170926
127.1301,170355
127.1303,169508
127.1341,170505
127.1385,169911
127.1423,170477
127.1464,170433
127.1506,170092
127.1547,170807
127.1587,169858
127.1630,169667
127.1669,170381
127.1712,170252
127.1751,171213
127.1820,170040
127.1833,170945
127.1873,170658
127.1914,170238
127.1955,171837
127.1996,170623
127.2040,170608
127.2079,170681
127.2119,169320
127.2160,171240
127.2202,170067
127.2243,170822
127.2284,170457
127.2325,169843
127.2366,171761
127.2407,170026
127.2448,170593
127.2490,170486
127.2531,169777
127.2572,171333
127.2573,170105
127.2611,170844
127.2652,170682
127.2693,169817
127.2734,171839
127.2775,169925
127.2816,170273
127.2857,170800
127.2897,170220
127.2939,171156
127.2980,170265
127.3021,170793
127.3061,170600
127.3103,169673
127.3144,171478
127.3185,169991
127.3226,170535
127.3267,170983
127.3308,169926
127.3349,171131
127.3394,170178
127.3431,170868
127.3472,170828
127.3512,170336
127.3553,171184
127.3594,169767
127.3635,170310
127.3676,170507
127.3717,170157
127.3761,171164
127.3801,170310
127.3842,170083
127.3842,170994
127.3880,170437
127.3922,171388
127.3963,170101
127.4004,170326
127.4044,170360
127.4086,170639
127.4128,170603
127.4168,170387
127.4208,170646
127.4249,170504
127.4291,170343
127.4332,171026
127.4373,170461
127.4414,170846
127.4455,170491
127.4496,170693
127.4537,170898
127.4577,169915
127.4618,170627
127.4659,170521
127.4700,170157
127.4741,170721
127.4782,170085
127.4823,170489
127.4864,170800
127.4905,170611
127.4945,170554
127.4986,169723
127.5028,170548
127.5071,171036
127.5111,170553
127.5112,170569
127.5151,170237
127.5192,170457
127.5232,170384
127.5273,170487
127.5314,170442
127.5356,170568
127.5397,170493
127.5438,170542
127.5479,170125
127.5521,170059
127.5559,170614
127.5602,170842
127.5642,170581
127.5683,170078
127.5724,169905
127.5765,170431
127.5806,170108
127.5847,170181
127.5888,170051
127.5929,170149
127.5969,170737
127.6010,170460
127.6051,170352
127.6093,170553
127.6134,169714
127.6174,170668
127.6216,170126
127.6257,170765
127.6298,169976
127.6341,169210
127.6381,170547
127.6382,170372
127.6421,170365
127.6461,170418
127.6502,169947
127.6543,170765
127.6584,170128
127.6625,170084
127.6666,170371
127.6707,170180
127.6748,170856
127.6789,170268
127.6830,170526
127.6872,170728
127.6911,170022
127.6952,171713
127.6993,170247
127.7034,170488
127.7076,170798
127.7117,169468
127.7159,171360
127.7198,170993
127.7239,170424
127.7280,170191
127.7321,169782
127.7363,171438
127.7404,170147
127.7445,170082
127.7486,170735
127.7527,170313
127.7568,171444
127.7611,169778
127.7651,170500
127.7651,170253
127.7690,169489
127.7731,171772
127.7772,169760
127.7813,170293
127.7854,170236
127.7894,170189
127.7936,171403
127.7977,170200
127.8018,170323
127.8058,170458
127.8100,169864
127.8141,171894
127.8182,169869
127.8222,170156
127.8263,170285
127.8304,170474
127.8345,171476
127.8387,170073
127.8428,170140
127.8469,170844
127.8510,170148
127.8551,170979
127.8591,169863
127.8632,170521
127.8673,170628
127.8714,170366
127.8755,171451
127.8796,170242
127.8837,170167
127.8880,170198
127.8921,170496
127.8961,171184
127.8962,169632
127.9001,170126
127.9042,170099
127.9082,170312
127.9123,171037
127.9165,169638
127.9206,170259
127.9247,170803
127.9288,170163
127.9329,171356
127.9370,169834
127.9411,170429
127.9451,170790
127.9492,170378
127.9532,171139
127.9573,169693
127.9615,170252
127.9656,170230
127.9697,170475
127.9737,171066
127.9779,169891
127.9819,170685
127.9860,170621
127.9902,170625
127.9943,171521
127.9984,170122
128.0025,170622
128.0066,170056
128.0107,170456
128.0148,170702
128.0190,170470
128.0231,170574
128.0232,170776
128.0270,170133
128.0311,170738
128.0352,169979
128.0393,170231
128.0435,170369
128.0475,170487
128.0517,170683
128.0557,170343
128.0598,170399
128.0640,170085
128.0680,170699
128.0721,170786
128.0761,170277
128.0802,170222
128.0844,170804
128.0885,170440
128.0927,170690
128.0967,170576
128.1007,170440
128.1050,170861
128.1090,170597
128.1131,170336
128.1172,170788
128.1213,169876
128.1254,170382
128.1295,170298
128.1336,169833
128.1377,169920
128.1420,170186
128.1460,170075
128.1500,170675
128.1502,169761
128.1541,170519
128.1581,170459
128.1621,170651
128.1662,171104
128.1704,169544
128.1745,170742
128.1786,170522
128.1827,170229
128.1868,170840
128.1908,170365
128.1950,169995
128.1990,170496
128.2031,171044
128.2073,170550
128.2114,170116
128.2155,170181
128.2196,170946
128.2237,170504
128.2277,170394
128.2318,169776
128.2359,170888
128.2400,170580
128.2441,170173
128.2482,170341
128.2523,169862
128.2564,170777
128.2604,170914
128.2646,170404
128.2690,170402
128.2728,169434
128.2770,170936
128.2772,169991
128.2811,170324
128.2852,170741
128.2891,170146
128.2933,171099
128.2974,170202
128.3015,170536
128.3055,171249
128.3097,169912
128.3138,171372
128.3180,170462
128.3221,170398
128.3261,171098
128.3302,169877
128.3343,171688
128.3384,170121
128.3425,170406
128.3466,170207
128.3507,170159
128.3548,171389
128.3589,169627
128.3629,170211
128.3670,170597
128.3711,170257
128.3753,171532
128.3793,169511
128.3834,170953
128.3875,170935
128.3917,169725
128.3959,171126
128.4000,170228
128.4041,170737
128.4041,170007
128.4080,170476
128.4121,171352
128.4162,169551
128.4203,170767
128.4244,170086
128.4285,169907
128.4326,170898
128.4367,169842
128.4408,170483
128.4449,170175
128.4490,170146
128.4530,171102
128.4571,169739
128.4611,170598
128.4653,170626
128.4693,170543
128.4735,171119
128.4775,169949
128.4816,170760
128.4857,170642
128.4898,169646
128.4939,171453
128.4980,169945
128.5021,170557
128.5062,170544
128.5103,170339
128.5144,171166
128.5185,169781
128.5226,170590
128.5271,170273
128.5312,170161
128.5313,170446
128.5350,169693
128.5390,170575
128.5431,170327
128.5471,170188
128.5512,170968
128.5553,169925
128.5594,170497
128.5635,170472
128.5676,170180
128.5718,171054
128.5758,169995
128.5799,170399
128.5841,170560
128.5882,170239
128.5922,171104
128.5963,169972
128.6004,170479
128.6045,170314
128.6086,170689
128.6127,170846
128.6168,169811
128.6211,170523
128.6250,170592
128.6291,170503
128.6332,170160
128.6373,170339
128.6414,170195
128.6455,170762
128.6496,170641
128.6540,170268
128.6579,170512
128.6580,170191
128.6619,170647
128.6660,170409
128.6701,170166
128.6742,170252
128.6783,171039
128.6823,170607
128.6864,170453
128.6905,170177
128.6947,170181
128.6988,170566
128.7029,170301
128.7070,170727
128.7110,169742
128.7151,170470
128.7192,170060
128.7233,170638
128.7273,170399
128.7315,169834
128.7357,170688
128.7398,170299
128.7439,170573
128.7479,170624
128.7520,170348
128.7561,170634
128.7602,170260
128.7643,170674
128.7684,170306
128.7725,169937
128.7766,170817
128.7809,170010
128.7850,170574
128.7850,170379
128.7889,169738
128.7929,171110
128.7971,169867
128.8012,170190
128.8052,170285
128.8094,169882
128.8135,171297
128.8176,170428
128.8217,170577
128.8257,170358
128.8298,170213
128.8339,171386
128.8380,170169
128.8422,170275
128.8463,170862
128.8504,169520
128.8544,171842
128.8585,170263
128.8627,170712
128.8667,170723
128.8707,170118
128.8749,171576
128.8789,170225
128.8830,170695
128.8872,170073
128.8913,169989
128.8954,171266
128.8995,169949
128.9035,171071
128.9079,170627
128.9119,170214
128.9120,171296
128.9159,169937
128.9200,170687
128.9240,170497
128.9281,170248
128.9322,171132
128.9363,170037
128.9405,170207
128.9445,170683
128.9487,170383
128.9526,171418
128.9568,169482
128.9609,170297
128.9650,170369
128.9691,170001
128.9732,171556
128.9773,170134
128.9814,170287
128.9855,170401
128.9896,170507
128.9937,171296
128.9978,169311
129.0019,170871
129.0060,171181
129.0101,170315
129.0142,171282
129.0183,170218
129.0223,170619
129.0265,170600
129.0305,169622
129.0348,171484
129.0387,170404
129.0430,170132
129.0431,170774
129.0470,170107
129.0511,171812
129.0550,170105
129.0592,170699
129.0633,170407
129.0674,170790
129.0715,171151
129.0756,170271
129.0797,170382
129.0838,171001
129.0879,170193
129.0920,171299
129.0960,170035
129.1002,170635
129.1043,170485
129.1084,170273
129.1125,170850
129.1166,169766
129.1207,170121
129.1248,170699
129.1289,170830
129.1329,171932
129.1370,170585
129.1412,170996
129.1453,170979
129.1494,170665
129.1534,170496
129.1576,169483
129.1618,170299
129.1659,170434
129.1700,170665
129.1701,170388
129.1739,170401
129.1780,170611
129.1821,170326
129.1861,170799
129.1902,170508
129.1944,169733
129.1985,170563
129.2026,170681
129.2067,170141
129.2108,170255
129.2148,169772
129.2189,170376
129.2230,170646
129.2271,170403
129.2313,170315
129.2353,169820
129.2395,170469
129.2435,170526
129.2477,170419
129.2517,169584
129.2557,170022
129.2599,170672
129.2640,170106
129.2680,170689
129.2722,170049
129.2763,170385
129.2804,170602
129.2845,170907
129.2886,170253
129.2929,169801
129.2969,170382
129.2970,170115
129.3009,170293
129.3049,170274
129.3091,169595
129.3132,171515
129.3173,170059
129.3214,170545
129.3254,170491
129.3296,169888
129.3337,170668
129.3378,170736
129.3419,170599
129.3460,170624
129.3501,169973
129.3541,171304
129.3582,170672
129.3623,170902
129.3664,170689
129.3705,170109
129.3746,171350
129.3786,170323
129.3828,170496
129.3868,170285
129.3910,169768
129.3951,172134
129.3992,170163
129.4033,170548
129.4074,170566
129.4114,169816
129.4156,171776
129.4198,170190
129.4239,170548
129.4240,170090
129.4279,170557
129.4320,171858
129.4361,170320
129.4402,170544
129.4443,170517
129.4483,170250
129.4524,171699
129.4565,170405
129.4606,170337
129.4647,170349
129.4688,170610
129.4729,171524
129.4770,170075
129.4811,170644
129.4852,170762
129.4893,169845
129.4934,171044
129.4975,169626
129.5016,170801
129.5057,170609
129.5098,169950
129.5139,171065
129.5180,169857
129.5220,170402
129.5262,170608
129.5303,170143
129.5344,171574
129.5384,170124
129.5425,170247
129.5468,170442
129.5509,169957
129.5510,170824
129.5547,170003
129.5589,170873
129.5630,170812
129.5671,170196
129.5712,171259
129.5753,170015
129.5794,170274
129.5835,170477
129.5876,170439
129.5917,170765
129.5958,169842
129.5999,170675
129.6040,170634
129.6081,170623
129.6122,171111
129.6163,169943
129.6204,170037
129.6244,171019
129.6286,170216
129.6326,170982
129.6368,170058
129.6409,170411
129.6450,170645
129.6491,170636
129.6531,171397
129.6572,169908
129.6612,170443
129.6654,170490
129.6695,170280
129.6738,170601
129.6779,170180
129.6779,170974
129.6818,170496
129.6860,170511
129.6900,171014
129.6941,170219
129.6982,169951
129.7023,170834
129.7064,170475
129.7105,170473
129.7145,170217
129.7186,170384
129.7227,170743
129.7268,170749
129.7309,170737
129.7350,170222
129.7391,170956
129.7432,170999
129.7472,170472
129.7513,169992
129.7555,170118
129.7596,170280
129.7637,170752
129.7678,170057
129.7719,170403
129.7760,169849
129.7801,170527
129.7842,170575
129.7883,170905
129.7924,170304
129.7964,169988
129.8008,170386
129.8046,170851
129.8089,170535
129.8090,169683
129.8129,170378
129.8170,170429
129.8211,170394
129.8252,170298
129.8293,169950
129.8333,170065
129.8375,170303
129.8415,170714
129.8456,170829
129.8497,170075
129.8538,170577
129.8579,170855
129.8620,170687
129.8662,170268
129.8702,170185
129.8743,170945
129.8784,169805
129.8825,170977
129.8866,170826
129.8907,170214
129.8948,170793
129.8989,170524
129.9030,170423
129.9071,170570
129.9112,169931
129.9153,170754
129.9194,170707
129.9235,170826
129.9277,170860
129.9318,169923
129.9359,171054
129.9359,170276
129.9399,170632
129.9439,171163
129.9480,170160
129.9521,171046
129.9562,170583
129.9602,170365
129.9644,170878
129.9684,169657
129.9725,171662
129.9766,169722
129.9807,170557
129.9848,170759
129.9889,170107
129.9931,171384
129.9972,170163
130.0013,170738
130.0054,170934
130.0095,169540
130.0136,171869
130.0176,170076
130.0217,170756
130.0259,170779
130.0299,169925
130.0340,171358
130.0381,170555
130.0422,170578
130.0463,170975
130.0503,169959
130.0545,171436
130.0588,170302
130.0628,170638
130.0629,170490
130.0668,169887
130.0709,171817
130.0749,169974
130.0791,170439
130.0831,170981
130.0872,170106
130.0914,170979
130.0954,169799
130.0996,170573
130.1037,170714
130.1077,170596
130.1119,170881
130.1160,169468
130.1201,171007
130.1242,170636
130.1283,170308
130.1324,171333
130.1365,169853
130.1405,170470
130.1446,170360
130.1487,169933
130.1529,171008
130.1569,169779
130.1610,170386
130.1651,170452
130.1692,170613
130.1733,170526
130.1774,170097
130.1817,170239
130.1858,170239
130.1899,170263
130.1899,171017
130.1937,170036
130.1979,170278
130.2020,170643
130.2061,170428
130.2102,170933
130.2143,170343
130.2184,170319
130.2225,170499
130.2266,170723
130.2307,171041
130.2348,170075
130.2389,170302
130.2430,170173
130.2471,170692
130.2512,171461
130.2553,170011
130.2593,170344
130.2634,170615
130.2675,169980
130.2715,170693
130.2757,170034
130.2798,170419
130.2839,170867
130.2880,170550
130.2921,170986
130.2961,169804
130.3002,170455
130.3043,170383
130.3085,170333
130.3128,170728
130.3168,170470
130.3169,170596
130.3208,170621
130.3249,170464
130.3290,170129
130.3331,170477
130.3372,170708
130.3412,170693
130.3453,170069
130.3494,170517
130.3535,170503
130.3576,170368
130.3617,170695
130.3658,170277
130.3699,169929
130.3740,170147
130.3781,170039
130.3822,170881
130.3863,170105
130.3904,169669
130.3944,170134
130.3986,170624
130.4027,170715
130.4068,170863
130.4109,169927
130.4150,170476
130.4191,170501
130.4232,170428
130.4273,170609
130.4314,169834
130.4355,170109
130.4396,171105
130.4438,170333
130.4439,170291
130.4478,169623
130.4518,170571
130.4559,170590
130.4600,170819
130.4640,170773
130.4681,169717
130.4723,170930
130.4764,170401
130.4805,170539
130.4846,170712
130.4887,169630
130.4928,170925
130.4968,170614
130.5009,170500
130.5051,170436
130.5092,169750
130.5132,170846
130.5174,170307
130.5214,170650
130.5256,170632
130.5297,169780
130.5337,171775
130.5379,170536
130.5419,170518
130.5460,170011
130.5502,169607
130.5541,171092
130.5583,170107
130.5624,170352
130.5667,170440
130.5707,170214
130.5748,171152
130.5749,169871
130.5788,170071
130.5829,170351
130.5869,170311
130.5911,171738
130.5952,170034
130.5993,170472
130.6034,170590
130.6074,170712
130.6115,171574
130.6156,170227
130.6197,170469
130.6238,170496
130.6279,169692
130.6320,171285
130.6361,169715
130.6401,170362
130.6442,170566
130.6484,169978
130.6525,171348
130.6566,169638
130.6607,170463
130.6648,170628
130.6689,170020
130.6730,171323
130.6771,170008
130.6812,170818
130.6853,170700
130.6894,169772
130.6936,171250
130.6977,170029
130.7018,170331
130.7019,170646
130.7058,170089
130.7098,170968
130.7140,169569
130.7181,170377
130.7222,170521
130.7262,170280
130.7303,171212
130.7344,170143
130.7386,170118
130.7426,170587
130.7467,170499
130.7507,171221
130.7549,169973
130.7590,170531
130.7631,170565
130.7672,170470
130.7712,170832
130.7754,169826
130.7795,170222
130.7836,170526
130.7876,169982
130.7918,170372
130.7959,169843
130.8000,171240
130.8040,170625
130.8082,170490
130.8124,171007
130.8164,170129
130.8206,170667
130.8247,170583
130.8288,170851
130.8288,171651
130.8327,170275
130.8369,170398
130.8409,170607
130.8450,169830
130.8491,170774
130.8532,169952
130.8573,170109
130.8613,170242
130.8655,170011
130.8695,170300
130.8737,170261
130.8778,170219
130.8819,170687
130.8859,169822
130.8901,170326
130.8942,170088
130.8982,170271
130.9023,170410
130.9064,170705
130.9106,169951
130.9147,169666
130.9187,170540
130.9228,170348
130.9268,170281
130.9310,169756
130.9350,169922
130.9391,170281
130.9434,170488
130.9476,170369
130.9516,170147
130.9555,170531
130.9557,170747
130.9596,170648
130.9642,170467
130.9678,169615
130.9719,170621
130.9760,170119
130.9801,170356
130.9842,170456
130.9883,169284
130.9924,170452
130.9965,170127
131.0006,170852
131.0047,170472
131.0088,169815
131.0129,170107
131.0170,170370
131.0211,170313
131.0252,170054
131.0293,170165
131.0334,170960
131.0375,169998
131.0416,170164
131.0457,170166
131.0497,169876
131.0538,170546
131.0580,170560
131.0621,170335
131.0662,170541
131.0703,169699
131.0746,171790
131.0786,170468
131.0826,170292
131.0827,170509
131.0866,169593
131.0907,171237
131.0948,169990
131.0989,170350
131.1030,170043
131.1071,169442
131.1112,171422
131.1153,170159
131.1194,170375
131.1234,170660
131.1275,169827
131.1317,171077
131.1357,169435
131.1398,170387
131.1439,169768
131.1480,169017
131.1522,171720
131.1562,169754
131.1605,170312
131.1644,170271
131.1685,169790
131.1726,171162
131.1767,169777
131.1808,170136
131.1849,170987
131.1890,170029
131.1931,171034
131.1972,169940
131.2013,170621
131.2057,170931
131.2097,169878
131.2098,171178
131.2136,169388
131.2177,170505
131.2218,171095
131.2258,169839
131.2299,171000
131.2340,169224
131.2382,169899
131.2423,169924
131.2464,169823
131.2505,171063
131.2546,169856
131.2587,170361
131.2628,170150
131.2669,170193
131.2709,170779
131.2751,169646
131.2791,170345
131.2832,170253
131.2874,170137
131.2915,171053
131.2956,169947
131.2996,170411
131.3037,170079
131.3079,170457
131.3119,170865
131.3160,169588
131.3202,170045
131.3243,170172
131.3284,170075
131.3326,171152
131.3367,169994
131.3368,170253
131.3406,170386
131.3446,169993
131.3488,170846
131.3528,169691
131.3569,170488
131.3611,169984
131.3652,169863
131.3693,170331
131.3734,169949
131.3775,170462
131.3816,170038
131.3857,170589
131.3897,170951
131.3938,170197
131.3980,170205
131.4021,170687
131.4061,170080
131.4102,170594
131.4143,170341
131.4184,170568
131.4225,170483
131.4265,170105
131.4306,169982
131.4347,170097
131.4390,170847
131.4430,170350
131.4471,170944
131.4512,169900
131.4553,170190
131.4594,170290
131.4635,170651
131.4636,170088
131.4676,169647
131.4716,169757
131.4757,169971
131.4799,170538
131.4840,169897
131.4881,169813
131.4922,170263
131.4963,170983
131.5003,169814
131.5044,170577
131.5085,169989
131.5126,170218
131.5167,170747
131.5208,170205
131.5249,170454
131.5290,169413
131.5332,170418
131.5371,170023
131.5413,170622
131.5455,169881
131.5495,169419
131.5535,170816
131.5577,170220
131.5618,170476
131.5659,170103
131.5700,170069
131.5741,170508
131.5782,169912
131.5823,170022
131.5867,170353
131.5905,169447
131.5906,170691
131.5946,170211
131.5987,170217
131.6028,170245
131.6069,169220
131.6110,170812
131.6150,170362
131.6191,170367
131.6232,169549
131.6273,169668
131.6314,170723
131.6355,170411
131.6397,169978
131.6437,169687
131.6478,169849
131.6519,170784
131.6560,169974
131.6601,170335
131.6642,170011
131.6682,169514
131.6724,170871
131.6764,170245
131.6805,170618
131.6846,170196
131.6887,169795
131.6928,170785
131.6969,169434
131.7010,170062
131.7051,170150
131.7092,169376
131.7136,171559
131.7176,169499
131.7176,170291
131.7216,170027
131.7256,169351
131.7298,171334
131.7338,170058
131.7380,170658
131.7420,170599
131.7461,169593
131.7502,171145
131.7543,169949
131.7584,170447
131.7625,170453
131.7666,169663
131.7708,170976
131.7748,169905
131.7789,170799
131.7829,170700
131.7870,170254
131.7911,171096
131.7953,169752
131.7994,170290
131.8034,170794
131.8076,170200
131.8117,170706
131.8157,169974
131.8198,170520
131.8239,170596
131.8281,169821
131.8322,170961
131.8363,169775
131.8405,170328
131.8445,170207
131.8486,170534
131.8487,171107
131.8526,169765
131.8567,170770
131.8608,170281
131.8649,170352
131.8690,171038
131.8731,170146
131.8771,169962
131.8813,170561
131.8854,170146
131.8895,171413
131.8936,169908
131.8976,170659
131.9017,170255
131.9058,170597
131.9099,171290
131.9140,169823
131.9181,170700
131.9222,170651
131.9262,170598
131.9304,170937
131.9344,169975
131.9385,170839
131.9426,170978
131.9467,170085
131.9508,170915
131.9549,170448
131.9591,170229
131.9632,170427
131.9674,170637
131.9715,171243
131.9755,170145
131.9756,170442
131.9795,170743
131.9836,170565
131.9877,170667
131.9918,170386
131.9959,170237
132.0000,171031
132.0042,170478
132.0082,170338
132.0123,170109
132.0164,170695
132.0204,171027
132.0246,170339
132.0288,170283
132.0328,169969
132.0369,170303
132.0410,170698
132.0450,170678
132.0492,170227
132.0532,170549
132.0574,170706
132.0615,170482
132.0656,170773
132.0697,170392
132.0738,170287
132.0779,170689
132.0819,170342
132.0862,170370
132.0902,169604
132.0945,170374
132.0985,170338
132.1025,170989
132.1027,170141
132.1067,169704
132.1106,170304
132.1147,170119
132.1188,170462
132.1229,170381
132.1270,170009
132.1311,170513
132.1352,170013
132.1393,170069
132.1434,170190
132.1475,169492
132.1516,171133
132.1557,170540
132.1598,170409
132.1639,170617
132.1680,170167
132.1721,171086
132.1762,170130
132.1803,170467
132.1844,170897
132.1885,169918
132.1926,171218
132.1967,170105
132.2008,170549
132.2049,170124
132.2090,169838
132.2131,171647
132.2173,170470
132.2221,170592
132.2255,170637
132.2294,169875
132.2295,171556
132.2334,170421
132.2376,170390
132.2417,169653
132.2458,169425
132.2499,171212
132.2540,170022
132.2581,170666
132.2622,170765
132.2663,169750
132.2703,171180
132.2744,170128
132.2786,170053
132.2826,170883
132.2867,169778
132.2909,171202
132.2949,170197
132.2991,170168
132.3031,170134
132.3073,170231
132.3113,171706
132.3154,169664
132.3195,170667
132.3237,170960
132.3277,170139
132.3318,171496
132.3359,169522
132.3402,170392
132.3442,170275
132.3484,170031
132.3524,170990
132.3564,169569
132.3565,170120
132.3605,170435
132.3646,170124
132.3687,170924
132.3728,169672
132.3769,170437
132.3810,170384
132.3850,170148
132.3892,170375
132.3933,169672
132.3973,170539
132.4014,170618
132.4056,169941
132.4097,170897
132.4137,170126
132.4178,170208
132.4219,170649
132.4260,170270
132.4302,170975
132.4344,170162
132.4383,170557
132.4424,170883
132.4464,170454
132.4505,171015
132.4546,169904
132.4587,170946
132.4629,170251
132.4672,170751
132.4710,171347
132.4752,170386
132.4793,170473
132.4833,170474
132.4834,170259
132.4875,170878
132.4915,170290
132.4957,170269
132.4999,170311
132.5041,170431
132.5079,170285
132.5120,170161
132.5161,170288
132.5202,170726
132.5243,170607
132.5284,170919
132.5325,170565
132.5366,170567
132.5407,170132
132.5448,170150
132.5499,170387
132.5533,169866
132.5582,170251
132.5619,170278
132.5653,170948
132.5694,170454
132.5763,169804
132.5780,170867
132.5819,170244
132.5857,169957
132.5913,169970
132.5945,170054
132.5985,170359
132.6021,170616
132.6072,170441
132.6105,170021
132.6107,170062
132.6144,170729
132.6185,170906
132.6241,170151
132.6277,170302
132.6307,170698
132.6348,170595
132.6412,170494
132.6436,170140
132.6479,170014
132.6516,170868
132.6569,170224
132.6601,169996
132.6635,170510
132.6676,169701
132.6718,170782
132.6764,170205
132.6800,170876
132.6841,170479
132.6881,169486
132.6933,170715
132.6970,170491
132.7004,170901
132.7046,170428
132.7098,170152
132.7127,170823
132.7168,170175
132.7209,170062
132.7257,170361
132.7297,170160
132.7332,170960
132.7373,170779
132.7374,170212
132.7416,170855
132.7458,169695
132.7496,171083
132.7537,170772
132.7577,170354
132.7627,170831
132.7659,170002
132.7700,171575
132.7746,170482
132.7783,170075
132.7823,170483
132.7864,169731
132.7906,171298
132.7946,170695
132.7987,170685
132.8028,170340
132.8074,169787
132.8112,171726
132.8151,170245
132.8192,170681
132.8241,170332
132.8275,169704
132.8315,171264
132.8355,170242
132.8408,170452
132.8441,170863
132.8482,170243
132.8519,171807
132.8574,170237
132.8602,170953
132.8643,170545
132.8684,169979
132.8685,171432
132.8735,170259
132.8768,170671
132.8810,170297
132.8847,169775
132.8914,171524
132.8933,169825
132.8973,170575
132.9011,170981
132.9067,170492
132.9100,170764
132.9145,169500
132.9180,170096
132.9216,170683
132.9262,170196
132.9298,171426
132.9338,170257
132.9379,170191
132.9425,170831
132.9461,170278
132.9502,171448
132.9543,169521
132.9595,170769
132.9629,170872
132.9666,170291
132.9708,170756
132.9754,169982
132.9789,170644
132.9837,170701
132.9872,170167
132.9913,171450
132.9953,169996
132.9954,170844
132.9994,170326
133.0036,170239
133.0077,170549
133.0119,170286
133.0158,170044
133.0199,170714
133.0245,170436
133.0289,170859
133.0323,170579
133.0364,170620
133.0404,170862
133.0449,170356
133.0485,171056
133.0526,170719
133.0572,170442
133.0608,170567
133.0649,170354
133.0690,171156
133.0736,170704
133.0778,170648
133.0822,171288
133.0858,170211
133.0899,170237
133.0937,170356
133.0978,170680
133.1019,171170
133.1081,170568
133.1103,170377
133.1142,170302
133.1183,170501
133.1225,169832
133.1234,170573
133.1266,170651
133.1305,169954
133.1345,170576
133.1402,170529
133.1429,170561
133.1471,169899
133.1510,170828
133.1566,170837
133.1594,170530
133.1632,170358
133.1673,170810
133.1715,170678
133.1757,170904
133.1796,170716
133.1837,170666
133.1878,170053
133.1922,170692
133.1965,171137
133.2001,170195
133.2042,170659
133.2085,169847
133.2130,170124
133.2165,170324
133.2206,170093
133.2255,170884
133.2295,170099
133.2329,170210
133.2370,170358
133.2417,170797
133.2452,170104
133.2492,169843
133.2493,170723
133.2533,170305
133.2579,170356
133.2617,170410
133.2656,169645
133.2697,171084
133.2743,170657
133.2784,170594
133.2821,170306
133.2861,169581
133.2908,171372
133.2948,170631
133.2984,170312
133.3026,170761
133.3071,169931
133.3110,171026
133.3149,170141
133.3189,171007
133.3238,170060
133.3274,169725
133.3318,171388
133.3352,170181
133.3402,170741
133.3441,170768
133.3475,170261
133.3516,171243
133.3564,170477
133.3607,170609
133.3639,170794
133.3680,170347
133.3737,171413
133.3762,170155
133.3763,170360
133.3803,170778
133.3844,169364
133.3908,171189
133.3926,170349
133.3968,170149
133.4008,170696
133.4049,170145
133.4099,172135
133.4133,170822
133.4172,170538
133.4213,170542
133.4260,170641
133.4297,171395
133.4337,169483
133.4377,170417
133.4421,170450
133.4460,170181
133.4504,171029
133.4541,169654
133.4588,170597
133.4623,170402
133.4670,170111
133.4708,171119
133.4756,170052
133.4789,169966
133.4828,170343
133.4869,169825
133.4914,171042
133.4956,169703
133.4992,170199
133.5032,170602
133.5033,170388
133.5074,170935
133.5114,170302
133.5158,170365
133.5196,170444
133.5238,170703
133.5277,171363
133.5318,170089
133.5359,170307
133.5404,169958
133.5443,170303
133.5482,171280
133.5523,170398
133.5571,170481
133.5606,170478
133.5653,170205
133.5691,171397
133.5734,169934
133.5772,170433
133.5813,170351
133.5851,170105
133.5896,170732
133.5935,170635
133.5975,170766
133.6014,170587
133.6063,170399
133.6099,170409
133.6143,170417
133.6187,170520
133.6233,170706
133.6262,170442
133.6302,170854
133.6303,170934
133.6342,170646
133.6402,170624
133.6425,170599
133.6465,170234
133.6506,170908
133.6563,170434
133.6594,169724
133.6630,170101
133.6670,170254
133.6712,170540
133.6752,170288
133.6793,170443
133.6834,170405
133.6875,170464
133.6922,170379
133.6961,170336
133.6998,170478
133.7039,170327
133.7085,170165
133.7128,170155
133.7166,170107
133.7203,170447
133.7251,170516
133.7293,169938
133.7331,170883
133.7367,170669
133.7416,170708
133.7455,170494
133.7492,170377
133.7531,170907
133.7572,170498
133.7580,170592
133.7615,170008
133.7653,169927
133.7694,170877
133.7745,170167
133.7776,170469
133.7819,170251
133.7858,169864
133.7906,170534
133.7947,170397
133.7986,170264
133.8022,170567
133.8067,169964
133.8104,171559
133.8149,169952
133.8187,170338
133.8229,169946
133.8275,169593
133.8309,171060
133.8349,170391
133.8399,170117
133.8436,170813
133.8478,169981
133.8514,171259
133.8570,170045
133.8604,170594
133.8637,170468
133.8677,169832
133.8729,171536
133.8765,170078
133.8800,170304
133.8841,170200
133.8887,170277
133.8899,171781
133.8926,170255
133.8969,170173
133.9005,170429
133.9063,169434
133.9094,171429
133.9128,170541
133.9169,170221
133.9226,170656
133.9258,170097
133.9296,171199
133.9337,170317
133.9379,170051
133.9435,170941
133.9457,169867
133.9502,171420
133.9540,170165
133.9579,170462
133.9625,170296
133.9668,169626
133.9703,171152
133.9748,170114
133.9784,170385
133.9825,170883
133.9866,169784
133.9912,171453
133.9952,170312
133.9988,170421
134.0030,170963
134.0078,169764
134.0111,170885
134.0151,170197
134.0152,170917
134.0193,169700
134.0234,170072
134.0275,170936
134.0317,169986
134.0356,170471
134.0401,170321
134.0439,170410
134.0482,171021
134.0520,170163
134.0567,170756
134.0608,170461
134.0650,170399
134.0688,171117
134.0732,169641
134.0767,170592
134.0814,170779
134.0849,170578
134.0892,171527
134.0942,170324
134.0974,170444
134.1011,170762
134.1072,170020
134.1102,170717
134.1135,170416
134.1175,170528
134.1229,170322
134.1268,170642
134.1301,170707
134.1342,170257
134.1395,170903
134.1422,171051
134.1423,170593
134.1462,170536
134.1503,169935
134.1545,170362
134.1587,170561
134.1631,170917
134.1668,171169
134.1709,170417
134.1755,170881
134.1790,169880
134.1836,170617
134.1873,170596
134.1919,170680
134.1963,170310
134.1998,170906
134.2036,170400
134.2084,170572
134.2118,170609
134.2158,170560
134.2201,170207
134.2245,171049
134.2288,170323
134.2322,170650
134.2365,170595
134.2410,170483
134.2449,170459
134.2486,170300
134.2528,170647
134.2570,170834
134.2621,170698
134.2651,170593
134.2692,170427
134.2693,170019
134.2735,170368
134.2779,170556
134.2817,170703
134.2855,170415
134.2901,171023
134.2943,170642
134.2979,170492
134.3019,170136
134.3065,169814
134.3102,170461
134.3144,170487
134.3183,170278
134.3249,170605
134.3271,170479
134.3305,170864
134.3346,170403
134.3402,170553
134.3429,170315
134.3470,170019
134.3510,170828
134.3562,170014
134.3601,170465
134.3640,170679
134.3674,169779
134.3730,170971
134.3763,170588
134.3798,170346
134.3838,170209
134.3898,169982
134.3921,170834
134.3962,170332
134.3963,171058
134.4002,170444
134.4061,170180
134.4085,170938
134.4129,170245
134.4169,170948
134.4207,169766
134.4252,169917
134.4292,171140
134.4338,170400
134.4371,170824
134.4418,170656
134.4452,170278
134.4493,171656
134.4534,170231
134.4577,171086
134.4619,170639
134.4657,170103
134.4698,171058
134.4746,170502
134.4780,170526
134.4821,170750
134.4862,169650
134.4907,171155
134.4944,170084
134.4985,170010
134.5026,170694
134.5073,169795
134.5109,171496
134.5149,170337
134.5189,170517
134.5232,170587
134.5241,170742
134.5271,171145
134.5312,170308
134.5353,170620
134.5416,170799
134.5436,170298
134.5476,171224
134.5517,170380
134.5561,170094
134.5600,170386
134.5643,169923
134.5681,171025
134.5728,170877
134.5767,170579
134.5808,170510
134.5845,170186
134.5891,171212
134.5927,170561
134.5970,170465
134.6009,170746
134.6065,170284
134.6097,171377
134.6135,169965
134.6173,170507
134.6222,171079
134.6261,170446
134.6296,170775
134.6337,169890
134.6396,170170
134.6426,170755
134.6461,170021
134.6501,171082
134.6502,170485
134.6542,170313
134.6585,171060
134.6626,170322
134.6665,171273
134.6706,170790
134.6749,170127
134.6790,170794
134.6828,170182
134.6869,170866
134.6912,170878
134.6955,170424
134.6999,170093
134.7034,170235
134.7078,171392
134.7115,170018
134.7156,170014
134.7197,170512
134.7253,169895
134.7279,170644
134.7320,170376
134.7361,170769
134.7411,170365
134.7442,170616
134.7483,170500
134.7524,170908
134.7568,170422
134.7609,170462
134.7647,170227
134.7689,171027
134.7735,170374
134.7772,170442
134.7811,170136
134.7812,170475
134.7852,170464
134.7894,170157
134.7936,170531
134.7975,170570
134.8015,170854
134.8065,169596
134.8102,170258
134.8140,170252
134.8180,170667
134.8222,170723
134.8264,170444
134.8302,170702
134.8344,169829
134.8400,170928
134.8429,170254
134.8466,170051
134.8507,170892
134.8557,170259
134.8598,170769
134.8633,171164
134.8671,169806
134.8722,170264
134.8763,170645
134.8795,170881
134.8835,170491
134.8894,170076
134.8917,170592
134.8962,170275
134.9000,169926
134.9040,169891
134.9080,170171
134.9081,170369
134.9121,169939
134.9162,170359
134.9204,170682
134.9245,170086
134.9293,171080
134.9326,170850
134.9367,170783
134.9415,170197
134.9451,169821
134.9494,170720
134.9531,170493
134.9578,170474
134.9619,170313
134.9655,170511
134.9696,170835
134.9738,170658
134.9782,171034
134.9819,170015
134.9861,170246
134.9907,171228
134.9942,170704
134.9984,170334
135.0024,170839
135.0064,170078
135.0105,171074
135.0148,170143
135.0188,170613
135.0229,170794
135.0273,170303
135.0311,171142
135.0350,170163
135.0351,170601
135.0398,170671
135.0436,170354
135.0473,171038
135.0521,170582
135.0566,170358
135.0598,170676
135.0645,170089
135.0678,171431
135.0727,170515
135.0760,170950
135.0805,170979
135.0842,170233
135.0890,171503
135.0934,170903
135.0972,170941
135.1006,170629
135.1061,169801
135.1089,171512
135.1134,170572
135.1169,170571
135.1223,170562
135.1252,170474
135.1298,170799
135.1334,169834
135.1391,170322
135.1415,169910
135.1460,170626
135.1499,170987
135.1539,170089
135.1579,170160
135.1620,170569
135.1621,170618
135.1661,171195
135.1702,169784
135.1744,170779
135.1786,170590
135.1825,170192
135.1866,170528
135.1909,170196
135.1956,170097
135.1990,170635
135.2030,170175
135.2074,171167
135.2121,170394
135.2154,170047
135.2195,170519
135.2236,170957
135.2276,171070
135.2317,170006
135.2363,170535
135.2418,170230
135.2440,170219
135.2482,170808
135.2522,169719
135.2563,170087
135.2603,170329
135.2644,170076
135.2687,170567
135.2728,170420
135.2771,170321
135.2808,170591
135.2849,170707
135.2895,170858
135.2897,170862
135.2931,170614
135.2972,170202
135.3013,170762
135.3068,170549
135.3099,170543
135.3136,170485
135.3177,170388
135.3234,170539
135.3258,170622
135.3301,170211
135.3340,170498
135.3389,170609
135.3426,170024
135.3466,170407
135.3504,170595
135.3552,170532
135.3592,170627
135.3627,170500
135.3668,170840
135.3722,170355
135.3756,170857
135.3791,170270
135.3831,170240
135.3890,170246
135.3914,170206
135.3962,170384
135.3996,170260
135.4060,170298
135.4084,170388
135.4120,170323
135.4160,170553
135.4161,170828
135.4201,170649
135.4249,169957
135.4282,170707
135.4323,170272
135.4365,170409
135.4410,170328
135.4449,170263
135.4487,170721
135.4530,170540
135.4570,170243
135.4613,170050
135.4651,170050
135.4692,171230
135.4737,170306
135.4778,171080
135.4819,170473
135.4857,169999
135.4900,171621
135.4939,170421
135.4979,170481
135.5020,170189
135.5064,170567
135.5102,171376
135.5142,170433
135.5185,170316
135.5230,170769
135.5270,170419
135.5308,171714
135.5349,170742
135.5393,170825
135.5430,170752
135.5470,170447
135.5470,171368
135.5511,170403
135.5567,170375
135.5598,170832
135.5635,170235
135.5675,171022
135.5726,170283
135.5757,170683
135.5805,171440
135.5841,170478
135.5880,171471
135.5927,170867
135.5965,170296
135.6004,170308
135.6060,170394
135.6090,171513
135.6130,170138
135.6167,170917
135.6222,170689
135.6255,169679
135.6295,171753
135.6331,170636
135.6391,170177
135.6413,170639
135.6459,169881
135.6494,171279
135.6560,170301
135.6581,170624
135.6617,171072
135.6660,170326
135.6701,171365
135.6740,170211
135.6741,170703
135.6781,170666
135.6822,170028
135.6863,171229
135.6905,170537
135.6945,171112
135.6985,170621
135.7029,170757
135.7080,171350
135.7112,170354
135.7151,170632
135.7192,170296
135.7235,170067
135.7277,171365
135.7320,170142
135.7356,170188
135.7401,170697
135.7439,169889
135.7477,170781
135.7519,170382
135.7571,170691
135.7600,170963
135.7641,170158
135.7682,171054
135.7724,170058
135.7765,170702
135.7805,170695
135.7846,170773
135.7892,171028
135.7933,170174
135.7970,170215
135.8011,171086
135.8012,170420
135.8059,170893
135.8097,170002
135.8133,170404
135.8173,170423
135.8220,170621
135.8259,170800
135.8299,170652
135.8337,170834
135.8392,170448
135.8429,170439
135.8460,170493
135.8501,170448
135.8561,170578
135.8586,170951
135.8625,170733
135.8665,171048
135.8722,170177
135.8752,170361
135.8788,170308
135.8829,170745
135.8890,170525
135.8911,170548
135.8954,170869
135.8993,171179
135.9049,170499
135.9081,170559
135.9117,170205
135.9158,170475
135.9199,170679
135.9239,170639
135.9280,169943
135.9281,170155
135.9320,170514
135.9361,170409
135.9404,170711
135.9444,170102
135.9484,169981
135.9525,170085
135.9571,169941
135.9608,171018
135.9648,170038
135.9689,170421
135.9733,170644
135.9771,170192
135.9812,170788
135.9854,170444
135.9898,170692
135.9936,170530
135.9979,170662
136.0017,170444
136.0058,170659
136.0103,170858
136.0142,170778
136.0185,170801
136.0226,170848
136.0266,169710
136.0304,171227
136.0345,170827
136.0387,170238
136.0435,170357
136.0473,170600
136.0508,171115
136.0551,170161
136.0554,170612
136.0592,170590
136.0632,169904
136.0682,171011
136.0724,170368
136.0755,170639
136.0800,170743
136.0842,169753
136.0910,171569
136.0924,170381
136.0965,170820
136.1004,170816
136.1043,170460
136.1085,171295
136.1128,170446
136.1169,170556
136.1206,170695
136.1249,170258
136.1293,171573
136.1327,171335
136.1394,170828
136.1415,170887
136.1450,169603
136.1491,171179
136.1533,170009
136.1577,170619
136.1614,170701
136.1655,170183
136.1697,171639
136.1746,170365
136.1779,171046
136.1819,170511
136.1820,170452
136.1860,171076
136.1908,169902
136.1941,170353
136.1982,170317
136.2024,170089
136.2065,171466
136.2106,170280
136.2146,170861
136.2190,170563
136.2235,169598
136.2272,171265
136.2311,170325
136.2352,170475
136.2393,170878
136.2434,170543
136.2474,171007
136.2515,170036
136.2563,170680
136.2607,170065
136.2638,170124
136.2679,170901
136.2723,170795
136.2764,170592
136.2803,171242
136.2843,170646
136.2890,171182
136.2927,170461
136.2965,170134
136.3007,171241
136.3052,170399
136.3090,170738
136.3129,170491
136.3130,170539
136.3170,170879
136.3228,170700
136.3256,170979
136.3294,170276
136.3334,170572
136.3395,170805
136.3419,170899
136.3460,171886
136.3499,170560
136.3553,170899
136.3583,170828
136.3622,170488
136.3662,171195
136.3713,170475
136.3752,171353
136.3785,171125
136.3826,170687
136.3887,171826
136.3910,170958
136.3952,170920
136.3990,170776
136.4046,170790
136.4075,171511
136.4112,170373
136.4153,171044
136.4195,170648
136.4243,169600
136.4277,171510
136.4320,170532
136.4360,170759
136.4400,171280
136.4401,170530
136.4440,170788
136.4481,171119
136.4523,170410
136.4564,170965
136.4607,170558
136.4645,170799
136.4687,170794
136.4732,170554
136.4775,170588
136.4810,170711
136.4850,170279
136.4897,171498
136.4932,170992
136.4975,171372
136.5014,171011
136.5061,170572
136.5098,171109
136.5142,171234
136.5180,171117
136.5224,170792
136.5262,170285
136.5302,171105
136.5341,171018
136.5387,171181
136.5425,170553
136.5464,170685
136.5505,170860
136.5549,170806
136.5595,171137
136.5630,171134
136.5669,170602
136.5669,171631
136.5713,171361
136.5758,170515
136.5792,171446
136.5833,170444
136.5877,171919
136.5917,170974
136.5959,170645
136.5996,170921
136.6048,170891
136.6082,171901
136.6120,170881
136.6160,171378
136.6213,171360
136.6245,170734
136.6283,172526
136.6324,170888
136.6366,170540
136.6415,171294
136.6453,170827
136.6488,172351
136.6530,170882
136.6578,171310
136.6612,170914
136.6653,170109
136.6694,171767
136.6737,171191
136.6775,171222
136.6816,170913
136.6857,171063
136.6899,171377
136.6941,170433
136.6942,171076
136.6979,170994
136.7021,170878
136.7066,171925
136.7105,171057
136.7143,170444
136.7185,171119
136.7235,171040
136.7271,171895
136.7307,170846
136.7348,171114
136.7397,170915
136.7435,171106
136.7471,171713
136.7512,170469
136.7557,171141
136.7598,171686
136.7635,170657
136.7676,171870
136.7727,170908
136.7767,171456
136.7800,171259
136.7840,170947
136.7890,172035
136.7926,170904
136.7965,171072
136.8003,171174
136.8054,171401
136.8089,172342
136.8126,170873
136.8168,171100
136.8209,171011
136.8213,171058
136.8257,171525
136.8296,171180
136.8332,171304
136.8379,171133
136.8418,171153
136.8459,171804
136.8495,171019
136.8549,171019
136.8582,171004
136.8621,171071
136.8659,171149
136.8708,170592
136.8744,171873
136.8782,171529
136.8823,171318
136.8878,171862
136.8907,171303
136.8949,171346
136.8987,171064
136.9035,171331
136.9075,171404
136.9109,171238
136.9150,171579
136.9193,171558
136.9234,171248
136.9273,171769
136.9314,171696
136.9355,171462
136.9401,171296
136.9439,171246
136.9479,171591
136.9480,170829
136.9519,171615
136.9568,170956
136.9603,171474
136.9645,171264
136.9683,171561
136.9732,171422
136.9772,171140
136.9807,171449
136.9847,170909
136.9892,171352
136.9929,171345
136.9972,171167
137.0011,171243
137.0054,170923
137.0093,171661
137.0135,171720
137.0174,171692
137.0221,170958
137.0263,171153
137.0297,171464
137.0338,171496
137.0383,171441
137.0421,171209
137.0462,171316
137.0503,171016
137.0547,171415
137.0589,171216
137.0629,170453
137.0667,170313
137.0725,171339
137.0749,171385
137.0789,171141
137.0790,171563
137.0831,170615
137.0875,171720
137.0927,171751
137.0954,171180
137.0993,171070
137.1052,170765
137.1081,171703
137.1116,171555
137.1157,170717
137.1212,171440
137.1242,170890
137.1281,171817
137.1321,171130
137.1382,171370
137.1404,171356
137.1445,170111
137.1485,171740
137.1544,171348
137.1567,171321
137.1615,170869
137.1649,171144
137.1690,171980
137.1734,170830
137.1775,170335
137.1814,171555
137.1854,171077
137.1899,172406
137.1936,171102
137.1977,171035
137.2020,171599
137.2059,170954
137.2060,172383
137.2099,170985
137.2140,171477
137.2182,171424
137.2230,170464
137.2264,172036
137.2304,171095
137.2346,170897
137.2393,171576
137.2428,170924
137.2468,171563
137.2509,170713
137.2555,171267
137.2593,170966
137.2632,171408
137.2673,172152
137.2721,171204
137.2761,171034
137.2795,171495
137.2836,170734
137.2886,171903
137.2925,170493
137.2960,171265
137.3000,171702
137.3046,171385
137.3093,171697
137.3123,171360
137.3164,171019
137.3207,171064
137.3248,170611
137.3289,171832
137.3329,170790
137.3330,171581
137.3388,171339
137.3412,171017
137.3451,172083
137.3492,171377
137.3547,171539
137.3579,170641
137.3615,170759
137.3661,171812
137.3709,170824
137.3742,170867
137.3779,171548
137.3819,170802
137.3861,172024
137.3912,170738
137.3943,170558
137.3983,170942
137.4040,171365
137.4072,171703
137.4106,170715
137.4148,170263
137.4188,171156
137.4234,170227
137.4270,171393
137.4311,170790
137.4353,170763
137.4398,171040
137.4438,170889
137.4475,171463
137.4517,171013
137.4557,170882
137.4599,170537
137.4599,170541
137.4639,171103
137.4680,171081
137.4729,171044
137.4762,171363
137.4803,170994
137.4844,171407
137.4892,171326
137.4925,170614
137.4966,170878
137.5009,170818
137.5053,171507
137.5092,171102
137.5130,171047
137.5172,170881
137.5216,171018
137.5259,171030
137.5294,170900
137.5335,170358
137.5380,171048
137.5418,170767
137.5459,170717
137.5499,171117
137.5546,170413
137.5581,170583
137.5622,170724
137.5663,171212
137.5716,171269
137.5748,170945
137.5786,170949
137.5828,170723
137.5872,170193
137.5875,171322
137.5910,170898
137.5952,170799
137.5990,171384
137.6040,170284
137.6075,171012
137.6113,170786
137.6154,170787
137.6214,170828
137.6241,170491
137.6277,171259
137.6318,170653
137.6369,170666
137.6402,171497
137.6441,169864
137.6482,171472
137.6540,170897
137.6567,171026
137.6605,170813
137.6646,170281
137.6687,171287
137.6731,170390
137.6768,170986
137.6811,170833
137.6851,170136
137.6893,171416
137.6935,170765
137.6985,170413
137.7014,171114
137.7065,170399
137.7098,171935
137.7137,170983
137.7138,171359
137.7179,171009
137.7222,170533
137.7261,171995
137.7301,170936
137.7342,171225
137.7383,171465
137.7432,170351
137.7465,172169
137.7506,170609
137.7550,171018
137.7592,170594
137.7629,170658
137.7670,172004
137.7715,171017
137.7753,171011
137.7793,170962
137.7834,170726
137.7875,171608
137.7916,170279
137.7956,170979
137.7998,170885
137.8038,170291
137.8079,171354
137.8120,170220
137.8161,170700
137.8202,170904
137.8243,170485
137.8284,171667
137.8325,170733
137.8366,171390
137.8409,170274
137.8410,170178
137.8449,171569
137.8490,170457
137.8530,170161
137.8571,171088
137.8612,170835
137.8653,171540
137.8696,170681
137.8736,170952
137.8776,171405
137.8817,170969
137.8859,171377
137.8900,169995
137.8940,170903
137.8981,171694
137.9022,171145
137.9063,170854
137.9104,170606
137.9145,171252
137.9186,171303
137.9227,170940
137.9268,171378
137.9310,170515
137.9349,171002
137.9390,171130
137.9431,170600
137.9472,171539
137.9513,170604
137.9554,170985
137.9595,171813
137.9637,171360
137.9678,170917
137.9679,170419
137.9718,171038
137.9760,170705
137.9800,170794
137.9842,171082
137.9882,170834
137.9923,170628
137.9964,171010
138.0005,171248
138.0046,170917
138.0087,170677
138.0128,170797
138.0169,171000
138.0210,170593
138.0251,170428
138.0292,170661
138.0334,170447
138.0375,170965
138.0416,170498
138.0456,171476
138.0496,170591
138.0537,170782
138.0579,170768
138.0619,170653
138.0659,170933
138.0701,170565
138.0742,170707
138.0783,171012
138.0825,170790
138.0866,170271
138.0910,171097
138.0949,171009
138.0950,170625
138.0989,170449
138.1030,170114
138.1070,171201
138.1111,170786
138.1152,171157
138.1192,170962
138.1233,170491
138.1274,171032
138.1315,170917
138.1356,170954
138.1397,171283
138.1438,170126
138.1479,171430
138.1520,170834
138.1561,171084
138.1602,171168
138.1643,170507
138.1684,171254
138.1725,170649
138.1766,170940
138.1807,170904
138.1849,170816
138.1889,171289
138.1930,171252
138.1970,171353
138.2012,170993
138.2053,170615
138.2096,171981
138.2135,171451
138.2177,170805
138.2220,170830
138.2261,170148
138.2262,172013
138.2298,170646
138.2340,170905
138.2381,171291
138.2421,170746
138.2463,171598
138.2504,170694
138.2545,170859
138.2586,170992
138.2627,170852
138.2667,171759
138.2709,170796
138.2749,170830
138.2790,170904
138.2830,170159
138.2872,171956
138.2913,171431
138.2954,171086
138.2995,170469
138.3036,170282
138.3077,171421
138.3118,169850
138.3158,170876
138.3200,170976
138.3241,170812
138.3282,172235
138.3323,171136
138.3364,170866
138.3405,171190
138.3448,171019
138.3488,172193
138.3528,170425
138.3529,171167
138.3569,171305
138.3609,170324
138.3650,171272
138.3691,170775
138.3732,170566
138.3773,171074
138.3814,170277
138.3855,171385
138.3896,169941
138.3937,170613
138.3979,170755
138.4018,170432
138.4060,171470
138.4101,170123
138.4142,170802
138.4183,170730
138.4224,170762
138.4265,171254
138.4306,170867
138.4346,171055
138.4387,170813
138.4428,170610
138.4470,171271
138.4511,170426
138.4552,170738
138.4592,170758
138.4633,170432
138.4675,171243
138.4716,170584
138.4756,171110
138.4799,170999
138.4799,170917
138.4839,170435
138.4883,170515
138.4919,171266
138.4960,170874
138.5001,170828
138.5042,171138
138.5083,171033
138.5124,170545
138.5165,170589
138.5206,170595
138.5247,171412
138.5288,170834
138.5329,170465
138.5370,170641
138.5412,170361
138.5453,171490
138.5493,170846
138.5534,170753
138.5575,170999
138.5616,170886
138.5656,171417
138.5698,170830
138.5739,170725
138.5780,171375
138.5821,170567
138.5862,170823
138.5902,170732
138.5943,170589
138.5984,171006
138.6026,170419
138.6067,170722
138.6068,170761
138.6108,170209
138.6148,170639
138.6189,170762
138.6230,170890
138.6271,170661
138.6312,170975
138.6353,170950
138.6394,170620
138.6435,170736
138.6476,170778
138.6517,170727
138.6558,170495
138.6599,170382
138.6640,170611
138.6680,170866
138.6721,170823
138.6762,170522
138.6804,170761
138.6844,170649
138.6885,170870
138.6926,170498
138.6969,170595
138.7009,170546
138.7050,170463
138.7090,171290
138.7132,170620
138.7173,170875
138.7214,171207
138.7255,170194
138.7298,171177
138.7338,171141
138.7339,170887
138.7378,171004
138.7419,170265
138.7460,171205
138.7501,171469
138.7542,170894
138.7582,170862
138.7623,170253
138.7664,171616
138.7705,171183
138.7746,170471
138.7787,171254
138.7828,170404
138.7869,171276
138.7910,171240
138.7951,170901
138.7991,171229
138.8033,170281
138.8073,171525
138.8115,170728
138.8155,170903
138.8197,170925
138.8238,170070
138.8279,171518
138.8322,170842
138.8361,170445
138.8402,171017
138.8443,170273
138.8484,172194
138.8525,170853
138.8567,170686
138.8608,171101
138.8608,170463
138.8648,171245
138.8688,170621
138.8729,170757
138.8770,171030
138.8811,170616
138.8852,171493
138.8893,170059
138.8934,171305
138.8975,171247
138.9016,170369
138.9057,171387
138.9098,170685
138.9139,170990
138.9180,171378
138.9220,170333
138.9262,171637
138.9302,170167
138.9344,170751
138.9384,170926
138.9425,170469
138.9467,171321
138.9507,170506
138.9549,170649
138.9589,170693
138.9630,170869
138.9671,171437
138.9711,170777
138.9752,170909
138.9794,170878
138.9835,170258
138.9877,171569
138.9877,170183
138.9916,170796
138.9958,170614
138.9999,169780
139.0040,171628
139.0081,170336
139.0122,171172
139.0163,170571
139.0204,171070
139.0245,171195
139.0285,170138
139.0326,170251
139.0368,170750
139.0409,170549
139.0450,171224
139.0490,170689
139.0531,170662
139.0572,170700
139.0615,170583
139.0653,171028
139.0696,170548
139.0736,170145
139.0776,170496
139.0818,170727
139.0859,170901
139.0900,170255
139.0941,170879
139.0981,170321
139.1022,170540
139.1064,170501
139.1104,170795
139.1145,170370
139.1187,170337
139.1188,170737
139.1227,170788
139.1268,170686
139.1310,170682
139.1350,170460
139.1391,170411
139.1432,170979
139.1473,170889
139.1514,170217
139.1554,170730
139.1595,170776
139.1637,170442
139.1678,170972
139.1719,170694
139.1759,170847
139.1801,170217
139.1842,170023
139.1882,170684
139.1923,170778
139.1964,170653
139.2005,170854
139.2046,170734
139.2088,170972
139.2128,170932
139.2169,170944
139.2210,170754
139.2251,170137
139.2292,171045
139.2333,170534
139.2375,170462
139.2415,170281
139.2456,170294
139.2457,171083
139.2497,170560
139.2538,170804
139.2579,170602
139.2620,170650
139.2661,171645
139.2702,170659
139.2742,170629
139.2784,170623
139.2824,170247
139.2865,170746
139.2906,170851
139.2947,170867
139.2988,170698
139.3029,170018
139.3070,171364
139.3111,170626
139.3152,171137
139.3193,171019
139.3234,170366
139.3275,171817
139.3316,171126
139.3357,170672
139.3397,170602
139.3439,170443
139.3484,171909
139.3521,170479
139.3562,170733
139.3603,170700
139.3644,169968
139.3685,171901
139.3726,171214
139.3727,171121
139.3767,171183
139.3808,170418
139.3848,172498
139.3889,170744
139.3930,170687
139.3971,170850
139.4012,169953
139.4053,171361
139.4094,170545
139.4136,170659
139.4176,170944
139.4217,169880
139.4258,171787
139.4299,170263
139.4340,170360
139.4381,170943
139.4422,170776
139.4463,171899
139.4504,170620
139.4545,171190
139.4586,170537
139.4627,170089
139.4668,171738
139.4708,170574
139.4750,170505
139.4790,170904
139.4832,170783
139.4873,171514
139.4914,170435
139.4954,170688
139.4997,170595
139.4998,170356
139.5036,171220
139.5079,170692
139.5119,171184
139.5159,170546
139.5200,170054
139.5242,171515
139.5283,170991
139.5323,170925
139.5365,170894
139.5406,170027
139.5447,171058
139.5487,170090
139.5529,170236
139.5569,170370
139.5610,170510
139.5650,171472
139.5692,170218
139.5733,171134
139.5774,170593
139.5815,170415
139.5856,171196
139.5897,170096
139.5939,170749
139.5979,170594
139.6020,170943
139.6061,171126
139.6102,170312
139.6143,171162
139.6184,170754
139.6227,170414
139.6266,171362
139.6267,170974
139.6307,170789
139.6348,170805
139.6388,171243
139.6430,170898
139.6470,170417
139.6512,170741
139.6553,170489
139.6594,170615
139.6635,170505
139.6676,171159
139.6717,170554
139.6756,170939
139.6798,170560
139.6838,170883
139.6880,170136
139.6921,170065
139.6962,170952
139.7003,170747
139.7044,170610
139.7085,170194
139.7125,170699
139.7167,170329
139.7209,170434
139.7249,170059
139.7291,170853
139.7330,170834
139.7372,170552
139.7412,170393
139.7453,170323
139.7495,170547
139.7536,170407
139.7537,170543
139.7577,170920
139.7617,170485
139.7659,171144
139.7699,170146
139.7740,170659
139.7782,170641
139.7821,170667
139.7863,170691
139.7903,170887
139.7945,170414
139.7996,170340
139.8029,169948
139.8073,171084
139.8111,170510
139.8149,170851
139.8199,170279
139.8231,170125
139.8272,170958
139.8313,170485
139.8359,170861
139.8395,170937
139.8436,169887
139.8476,171470
139.8521,170665
139.8560,170278
139.8600,170361
139.8646,169740
139.8689,171604
139.8724,170396
139.8765,170792
139.8805,171058
139.8806,170164
139.8851,171392
139.8886,170259
139.8927,170312
139.8968,170529
139.9010,169942
139.9056,171873
139.9093,170430
139.9132,170521
139.9174,170829
139.9214,170177
139.9255,171521
139.9296,170602
139.9337,170796
139.9378,170400
139.9419,170825
139.9460,171724
139.9501,170897
139.9542,170325
139.9583,170531
139.9623,169540
139.9664,170795
139.9705,170524
139.9746,171333
139.9788,170461
139.9828,170158
139.9869,171359
139.9910,170157
139.9951,171019
139.9992,170427
140.0035,170218
140.0075,172001
140.0076,169938
140.0115,171210
140.0156,170544
140.0197,169802
140.0238,171344
140.0279,170470
140.0320,170564
140.0362,170201
140.0403,170708
140.0443,171408
140.0484,170185
140.0526,170961
140.0567,170754
140.0607,170755
140.0647,170670
140.0689,170250
140.0730,170843
140.0771,170924
140.0811,170226
140.0853,171446
140.0893,170267
140.0935,170563
140.0976,170737
140.1017,170427
140.1058,171379
140.1099,169755
140.1140,171045
140.1181,170610
140.1221,170526
140.1263,171384
140.1305,170294
140.1347,170377
140.1387,170854
140.1388,170197
140.1427,171153
140.1467,170321
140.1508,170407
140.1548,171201
140.1589,169955
140.1630,171123
140.1673,170467
140.1713,169978
140.1754,170897
140.1795,170448
140.1836,171049
140.1877,170540
140.1919,170341
140.1959,170827
140.2000,170818
140.2041,171127
140.2082,170686
140.2123,170859
140.2165,171348
140.2205,170746
140.2246,170923
140.2287,170698
140.2328,170437
140.2369,170725
140.2410,170844
140.2451,170318
140.2492,170754
140.2533,170825
140.2575,170668
140.2616,170242
140.2655,170674
140.2656,170804
140.2696,170785
140.2737,170833
140.2779,170795
140.2819,170165
140.2860,170516
140.2901,170592
140.2942,170887
140.2982,170562
140.3024,170254
140.3065,171111
140.3105,170526
140.3146,170795
140.3188,170916
140.3229,170334
140.3270,171099
140.3312,171222
140.3352,170611
140.3393,170646
140.3434,170068
140.3475,170437
140.3515,170869
140.3557,170750
140.3597,170926
140.3639,170048
140.3678,170330
140.3720,170847
140.3761,170610
140.3802,170571
140.3843,170330
140.3886,170790
140.3926,169877
140.3927,170779
140.3966,170711
140.4007,170235
140.4048,170999
140.4089,170521
140.4130,171094
140.4171,170520
140.4212,170441
140.4253,171489
140.4294,170616
140.4335,170664
140.4376,170857
140.4417,169960
140.4457,171852
140.4499,170404
140.4540,170902
140.4580,170541
140.4621,170290
140.4662,171599
140.4703,170535
140.4744,170467
140.4785,170374
140.4826,169933
140.4867,172173
140.4909,170437
140.4949,170449
140.4989,170741
140.5031,169795
140.5072,171293
140.5113,170396
140.5155,170534
140.5196,170623
140.5197,170156
140.5236,171647
140.5276,170272
140.5317,170560
140.5358,170585
140.5399,169899
140.5441,171234
140.5481,170815
140.5522,170567
140.5563,170785
140.5604,170273
140.5644,171254
140.5686,170550
140.5726,170397
140.5768,170725
140.5809,170469
140.5849,171521
140.5891,170154
140.5932,170433
140.5973,170119
140.6014,170822
140.6055,171480
140.6096,170171
140.6137,170597
140.6178,170702
140.6219,170117
140.6259,170956
140.6300,170693
140.6342,171131
140.6384,170784
140.6423,170351
140.6466,171411
140.6467,169971
140.6506,170765
140.6547,171179
140.6587,170693
140.6628,171673
140.6669,170363
140.6710,170772
140.6751,170831
140.6792,170706
140.6833,171266
140.6874,170729
140.6915,170593
140.6956,170753
140.6997,170635
140.7038,170776
140.7079,170565
140.7120,170268
140.7161,170540
140.7202,170919
140.7242,170961
140.7284,170561
140.7325,170460
140.7366,170915
140.7407,170009
140.7448,170403
140.7489,170547
140.7530,170753
140.7570,170869
140.7612,170543
140.7652,171211
140.7696,170473
140.7736,170627
140.7737,170520
140.7775,170806
140.7815,170874
140.7857,170924
140.7898,171112
140.7938,170918
140.7979,171302
140.8020,170758
140.8061,170509
140.8102,171177
140.8143,170814
140.8184,170878
140.8225,170506
140.8266,170627
140.8307,170958
140.8347,170669
140.8389,170352
140.8429,170530
140.8472,170920
140.8513,171180
140.8554,171106
140.8594,171480
140.8635,170425
140.8676,170602
140.8717,171028
140.8758,170291
140.8800,170787
140.8840,169726
140.8881,170644
140.8923,170601
140.8965,171150
140.9005,170803
140.9046,170560
140.9047,170941
140.9086,171048
140.9127,171343
140.9168,170905
140.9209,170216
140.9250,172056
140.9291,171062
140.9332,170998
140.9373,170474
140.9414,170074
140.9455,171267
140.9496,170774
140.9537,170683
140.9577,170589
140.9619,170025
140.9659,171482
140.9700,170870
140.9741,170980
140.9782,170970
140.9823,170101
140.9864,170887
140.9905,170827
140.9945,170440
140.9987,170875
141.0027,170172
141.0068,171635
141.0109,170307
141.0151,170570
141.0192,171080
141.0234,170751
141.0275,171954
141.0314,170494
141.0316,170663
141.0356,170682
141.0396,170075
141.0438,171382
141.0478,170301
141.0519,170600
141.0560,170979
141.0601,170194
141.0641,171979
141.0683,170782
141.0724,170739
141.0765,170398
141.0806,170688
141.0848,171340
141.0888,170431
141.0928,170904
141.0969,171041
141.1011,170292
141.1051,171624
141.1092,170268
141.1134,170211
141.1175,170830
141.1216,170844
141.1256,172018
141.1297,170484
141.1338,170248
141.1379,170427
141.1421,170320
141.1462,171793
141.1505,171331
141.1545,170450
141.1586,170178
141.1586,170493
141.1626,171665
141.1667,170747
141.1706,170605
141.1748,170785
141.1788,170623
141.1830,171352
141.1871,170490
141.1912,170277
141.1953,171187
141.1993,170193
141.2034,171358
141.2075,170431
141.2116,171039
141.2158,170642
141.2199,171255
141.2239,171097
141.2282,170386
141.2321,170454
141.2363,170679
141.2404,170960
141.2445,171035
141.2486,170300
141.2526,170570
141.2567,170986
141.2609,170968
141.2650,170906
141.2691,170685
141.2731,170702
141.2772,171363
141.2813,170901
141.2855,171082
141.2856,170895
141.2896,170974
141.2935,170634
141.2976,170345
141.3019,171019
141.3060,170297
141.3101,170991
141.3141,171344
141.3185,171059
141.3222,170800
141.3263,171126
141.3304,170500
141.3345,170766
141.3386,170707
141.3428,171081
141.3469,171159
141.3511,170673
141.3551,170835
141.3592,170296
141.3633,170569
141.3673,170924
141.3714,170546
141.3754,171309
141.3796,171227
141.3836,170533
141.3879,170845
141.3919,170651
141.3960,170741
141.4002,170942
141.4042,170773
141.4083,170583
141.4123,170580
141.4124,171206
141.4165,170805
141.4221,170557
141.4246,171117
141.4287,170374
141.4328,170849
141.4369,170922
141.4410,169746
141.4451,170809
141.4492,170436
141.4532,170350
141.4574,170741
141.4615,169288
141.4656,170684
141.4697,171073
141.4739,170220
141.4780,170803
141.4819,169663
141.4860,171229
141.4901,170300
141.4943,170535
141.4984,170633
141.5025,170466
141.5066,171520
141.5107,171010
141.5148,170894
141.5188,170820
141.5229,170260
141.5270,171525
141.5312,170888
141.5355,170591
141.5395,170814
141.5395,170210
141.5434,171892
141.5474,170682
141.5517,170454
141.5557,170834
141.5598,170232
141.5639,171295
141.5680,170413
141.5721,170799
141.5762,170640
141.5803,169906
141.5844,171624
141.5885,170874
141.5925,170869
141.5966,170782
141.6007,169980
141.6048,171356
141.6089,170591
141.6131,170895
141.6172,171283
141.6213,169799
141.6254,171484
141.6294,170169
141.6335,170711
141.6376,170626
141.6417,170178
141.6458,171915
141.6499,170035
141.6540,170873
141.6582,170917
141.6624,170370
141.6665,171727
141.6665,170264
141.6704,170652
141.6745,170746
141.6787,170662
141.6827,171433
141.6869,170197
141.6909,170997
141.6950,170929
141.6991,170869
141.7032,171251
141.7073,170248
141.7114,171115
141.7155,171115
141.7195,171133
141.7237,171608
141.7278,170325
141.7319,170831
141.7360,170260
141.7400,170779
141.7441,171316
141.7483,170166
141.7523,170788
141.7564,170769
141.7605,171087
141.7646,171207
141.7687,170580
141.7728,170996
141.7769,170751
141.7810,170368
141.7851,171026
141.7894,170127
141.7935,170339
141.7973,170486
141.7973,170603
141.8015,171109
141.8056,170504
141.8097,170510
141.8137,170900
141.8178,170705
141.8219,170360
141.8260,170490
141.8300,170501
141.8341,170889
141.8383,170999
141.8424,170959
141.8464,170946
141.8507,170601
141.8547,170896
141.8588,170928
141.8629,170359
141.8670,170730
141.8711,171032
141.8752,170357
141.8793,170240
141.8834,170245
141.8875,170548
141.8916,170469
141.8957,170825
141.8998,170797
141.9039,170621
141.9080,170747
141.9121,170887
141.9164,170311
141.9204,171159
141.9245,169995
141.9245,171141
141.9285,170186
141.9325,170483
141.9366,170911
141.9407,170566
141.9448,171067
141.9489,170542
141.9530,170841
141.9571,170874
141.9612,169621
141.9653,171076
141.9694,170401
141.9734,170529
141.9775,170814
141.9816,170254
141.9858,171015
141.9898,170643
141.9939,171180
141.9980,170614
142.0021,169767
142.0062,170729
142.0103,170879
142.0146,170635
142.0186,170857
142.0226,170613
142.0267,171333
142.0308,170838
142.0349,170238
142.0390,170493
142.0433,169811
142.0477,171170
142.0515,170527
142.0515,170188
142.0554,171365
142.0595,170653
142.0635,171393
142.0677,170842
142.0718,170646
142.0759,170587
142.0799,170065
142.0841,171348
142.0882,170717
142.0923,170877
142.0964,171106
142.1004,170217
142.1045,171684
142.1086,170212
142.1127,171043
142.1169,170815
142.1210,170017
142.1251,171899
142.1292,170408
142.1332,170871
142.1373,170870
142.1414,170213
142.1455,171866
142.1497,170533
142.1537,170968
142.1579,171133
142.1619,170338
142.1660,172067
142.1704,170243
142.1745,170724
142.1785,170993
142.1787,170022
142.1823,171264
142.1866,170271
142.1905,170740
142.1946,170819
142.1988,170040
142.2028,171590
142.2070,170051
142.2110,170453
142.2151,170489
142.2192,170849
142.2233,171448
142.2273,170497
142.2314,170733
142.2355,170984
142.2396,170846
142.2437,171334
142.2478,170352
142.2519,170395
142.2561,170553
142.2602,170189
142.2642,171465
142.2683,170123
142.2724,170544
142.2765,170852
142.2806,170202
142.2848,171139
142.2889,170398
142.2930,170656
142.2970,171079
142.3015,170429
142.3052,171200
142.3053,170200
142.3093,170932
142.3134,171067
142.3175,170900
142.3217,170793
142.3257,170925
142.3298,170875
142.3339,171085
142.3379,170973
142.3420,171360
142.3462,170322
142.3502,170634
142.3543,170414
142.3584,170500
142.3625,171252
142.3666,170577
142.3707,171003
142.3748,170663
142.3789,170631
142.3830,171429
142.3871,170465
142.3912,170731
142.3953,170672
142.3994,170577
142.4035,171281
142.4076,170733
142.4117,170918
142.4158,170622
142.4199,170558
142.4240,170524
142.4284,170550
142.4324,170816
142.4325,170624
142.4363,170521
142.4404,170528
142.4445,170762
142.4486,170700
142.4526,170810
142.4568,170330
142.4609,170545
142.4650,170790
142.4691,170754
142.4732,170333
142.4773,170682
142.4814,170022
142.4855,170431
142.4896,170974
142.4937,170634
142.4978,170468
142.5019,169955
142.5060,170753
142.5101,170485
142.5142,170193
142.5182,170486
142.5224,170378
142.5264,170584
142.5306,170388
142.5346,170264
142.5387,170135
142.5429,170201
142.5469,171411
142.5510,170706
142.5552,170512
142.5594,170487
142.5595,169758
142.5632,171408
142.5673,170039
142.5715,170365
142.5756,170990
142.5797,170017
142.5838,171322
142.5879,170508
142.5920,170803
142.5961,170657
142.6002,170170
142.6043,171541
142.6084,170857
142.6125,170490
142.6166,170388
142.6207,170080
142.6247,171893
142.6288,170226
142.6329,170643
142.6370,170918
142.6411,170093
142.6452,171311
142.6493,169794
142.6534,170812
142.6575,170552
142.6616,170478
142.6657,171766
142.6698,170394
142.6739,170646
142.6780,170488
142.6823,170377
142.6863,171385
142.6864,170532
142.6903,170198
142.6944,170878
142.6984,170338
142.7025,171130
142.7066,170173
142.7107,170595
142.7149,170815
142.7190,169995
142.7231,171685
142.7271,170572
142.7311,170704
142.7353,170308
142.7394,170408
142.7435,171271
142.7477,170311
142.7517,170560
142.7558,170822
142.7599,170575
142.7640,170970
142.7681,169907
142.7722,170163
142.7762,171027
142.7804,170648
142.7845,171426
142.7886,170555
142.7927,170605
142.7967,170329
142.8009,170293
142.8050,171042
142.8092,169944
142.8131,170546
142.8132,170419
142.8172,170481
142.8213,171298
142.8254,170480
142.8295,170335
142.8336,170839
142.8377,170315
142.8418,171134
142.8458,170277
142.8499,169632
142.8541,170049
142.8582,170568
142.8623,170178
142.8664,170349
142.8705,170008
142.8746,170373
142.8787,170075
142.8828,170586
142.8868,170259
142.8909,170755
142.8950,170554
142.8992,169772
142.9033,170199
142.9074,170440
142.9115,170625
142.9156,170563
142.9196,170689
142.9237,170319
142.9278,170290
142.9320,169949
142.9361,170866
142.9402,170299
142.9444,170637
142.9444,170764
142.9484,170572
142.9524,170468
142.9565,170202
142.9606,170702
142.9647,170321
142.9688,170768
142.9729,170724
142.9769,170754
142.9810,170633
142.9851,170528
142.9892,170520
142.9934,170124
142.9975,170482
143.0016,170576
143.0057,170835
143.0098,170573
143.0139,170265
143.0180,170552
143.0221,170120
143.0261,170699
143.0303,169764
143.0343,170325
143.0383,169886
143.0425,170439
143.0466,170153
143.0507,170791
143.0548,170415
143.0589,170894
143.0630,169590
143.0673,170642
143.0713,170677
143.0714,170447
143.0753,170768
143.0794,169704
143.0837,171280
143.0875,169999
143.0916,170241
143.0958,170080
143.0999,169656
143.1040,170908
143.1081,169720
143.1122,170402
143.1163,170234
143.1203,169434
143.1244,170946
143.1285,170319
143.1326,170406
143.1367,169957
143.1408,169763
143.1449,170955
143.1490,170749
143.1531,170342
143.1571,170049
143.1612,169897
143.1653,171555
143.1694,169858
143.1736,169989
143.1777,170218
143.1818,169551
143.1859,170975
143.1902,170206
143.1943,170336
143.1981,170419
143.1982,169281
143.2022,171063
143.2063,170064
143.2104,170266
143.2145,170316
143.2187,169664
143.2227,171506
143.2268,169827
143.2309,170255
143.2350,170959
143.2391,169974
143.2432,171375
143.2474,169639
143.2513,170774
143.2555,170658
143.2596,169858
143.2637,171264
143.2678,169847
143.2719,170613
143.2759,170662
143.2801,170162
143.2841,171613
143.2883,170192
143.2924,170468
143.2964,170574
143.3006,170506
143.3047,171097
143.3088,169732
143.3128,169881
143.3170,170218
143.3212,169897
143.3253,170983
143.3253,170324
143.3292,170659
143.3333,170115
143.3374,170356
143.3415,170612
143.3456,170348
143.3497,169867
143.3538,170203
143.3579,170220
143.3620,171295
143.3661,170036
143.3702,170035
143.3743,170559
143.3783,170558
143.3824,171133
143.3865,170407
143.3907,170531
143.3949,170827
143.3989,169953
143.4030,170763
143.4071,170352
143.4111,169862
143.4153,170610
143.4194,170717
143.4234,170873
143.4275,170337
143.4316,170557
143.4357,171305
143.4398,170024
143.4441,171441
143.4482,171092
143.4523,170554
143.4524,170911
143.4562,170573
143.4603,170917
143.4643,171025
143.4684,170150
143.4725,170791
143.4767,170292
143.4808,170241
143.4849,170509
143.4890,170556
143.4931,170562
143.4972,170540
143.5013,170496
143.5053,170746
143.5094,170212
143.5135,171126
143.5175,170487
143.5217,169507
143.5257,170467
143.5299,170395
143.5340,170383
143.5380,170239
143.5422,170573
143.5462,170487
143.5504,170542
143.5545,170132
143.5586,170064
143.5626,169768
143.5668,170996
143.5709,170203
143.5752,170369
143.5791,170742
143.5832,170601
143.5833,170919
143.5872,170159
143.5914,170198
143.5955,170494
143.5995,170285
143.6037,170873
143.6078,170360
143.6119,170632
143.6160,170606
143.6201,170175
143.6242,170663
143.6282,170404
143.6323,170906
143.6364,170902
143.6405,170120
143.6446,171132
143.6487,170679
143.6528,170544
143.6569,170606
143.6610,169729
143.6651,171203
143.6692,169943
143.6733,171222
143.6773,171067
143.6815,169969
143.6856,171329
143.6897,170373
143.6938,170531
143.6978,170658
143.7022,169956
143.7063,171190
143.7102,170572
143.7103,171009
143.7142,170538
143.7184,170346
143.7223,171574
143.7264,170443
143.7307,169740
143.7347,170926
143.7388,169839
143.7429,172014
143.7470,170336
143.7511,170639
143.7552,170691
143.7593,169924
143.7634,171983
143.7675,170392
143.7716,170509
143.7757,170794
143.7798,170107
143.7839,171144
143.7880,170854
143.7922,170874
143.7961,170890
143.8003,169958
143.8044,171490
143.8085,170398
143.8125,170885
143.8166,171128
143.8207,169906
143.8249,171417
143.8290,170197
143.8332,170342
143.8372,170956
143.8373,170234
143.8412,171643
143.8453,170364
143.8494,171152
143.8534,170879
143.8576,170996
143.8617,171669
143.8658,170299
143.8699,170853
143.8740,170861
143.8781,170764
143.8822,171258
143.8864,170629
143.8903,170538
143.8944,170612
143.8985,170395
143.9027,171141
143.9068,170611
143.9109,170941
143.9150,170984
143.9190,170874
143.9231,170983
143.9272,170186
143.9313,170628
143.9354,170634
143.9395,170484
143.9436,171389
143.9477,170371
143.9518,170353
143.9561,170881
143.9602,170685
143.9642,171487
143.9643,170571
143.9682,170877
143.9723,170834
143.9764,170816
143.9804,171575
143.9845,170847
143.9886,170495
143.9928,170737
143.9968,170775
144.0009,171244
144.0050,170478
144.0091,170420
144.0131,171003
144.0172,170644
144.0214,170813
144.0255,170337
144.0296,170770
144.0337,170771
144.0377,170757
144.0419,170865
144.0460,171220
144.0501,170651
144.0542,170523
144.0583,170534
144.0624,170292
144.0665,170863
144.0706,170562
144.0747,170658
144.0787,170634
144.0829,170695
144.0872,170828
144.0912,170471
144.0913,171256
144.0952,170461
144.0993,170024
144.1034,170819
144.1075,170694
144.1116,170564
144.1157,170471
144.1198,170204
144.1239,170640
144.1280,170921
144.1321,170661
144.1361,170796
144.1402,169943
144.1443,170816
144.1483,170693
144.1525,171015
144.1566,170777
144.1607,170166
144.1649,171099
144.1689,170661
144.1729,170189
144.1770,170170
144.1811,170341
144.1852,171447
144.1893,170873
144.1934,171238
144.1975,170438
144.2016,170147
144.2057,171635
144.2098,170880
144.2142,170571
144.2181,170623
144.2183,170501
144.2222,171703
144.2262,170401
144.2303,170914
144.2344,170744
144.2385,169819
144.2426,171726
144.2467,170268
144.2508,171174
144.2549,170296
144.2590,170273
144.2631,172027
144.2672,170957
144.2713,170559
144.2753,171260
144.2795,170527
144.2836,171675
144.2878,170412
144.2919,170174
144.2958,170598
144.3000,170138
144.3041,171898
144.3082,170149
144.3122,170926
144.3162,170879
144.3204,170304
144.3245,171830
144.3286,170316
144.3327,170490
144.3369,170446
144.3411,170313
144.3452,171641
144.3452,170097
144.3491,170910
144.3532,170849
144.3573,170156
144.3614,171366
144.3655,169719
144.3696,170710
144.3737,171446
144.3778,170724
144.3820,171626
144.3859,170032
144.3900,171021
144.3941,170759
144.3982,170484
144.4023,171535
144.4064,170718
144.4105,170542
144.4146,171321
144.4186,170614
144.4228,171581
144.4269,170999
144.4309,170613
144.4350,170407
144.4391,170991
144.4432,171143
144.4474,170479
144.4515,171112
144.4556,171009
144.4597,171165
144.4638,171613
144.4682,170460
144.4724,171067
144.4725,170910
144.4761,170641
144.4801,170811
144.4842,170683
144.4883,170773
144.4924,171411
144.4965,170330
144.5006,171332
144.5047,170799
144.5089,170382
144.5129,170784
144.5170,171032
144.5211,171137
144.5252,171095
144.5293,170495
144.5334,171596
144.5375,170858
144.5416,170991
144.5456,170829
144.5498,171062
144.5539,171158
144.5580,170936
144.5620,171076
144.5661,170905
144.5702,171290
144.5743,171002
144.5784,171268
144.5829,171275
144.5867,170885
144.5908,170815
144.5951,171114
144.5991,170318
144.5992,170933
144.6030,171414
144.6071,171169
144.6113,171121
144.6153,170897
144.6194,170588
144.6235,171005
144.6276,170655
144.6317,171123
144.6358,170804
144.6399,170635
144.6440,170604
144.6481,171190
144.6522,170383
144.6563,171405
144.6604,170918
144.6645,171197
144.6686,170825
144.6727,170456
144.6768,170909
144.6809,170696
144.6852,171748
144.6892,170822
144.6932,171345
144.6973,170741
144.7014,170180
144.7055,170925
144.7095,170483
144.7136,171129
144.7178,170619
144.7220,170063
144.7260,171231
144.7302,170867
144.7303,171168
144.7341,170833
144.7382,170533
144.7423,171139
144.7465,171108
144.7504,171133
144.7545,171542
144.7588,170721
144.7628,171386
144.7668,170825
144.7709,171468
144.7750,170582
144.7791,170849
144.7832,171411
144.7873,170560
144.7914,171295
144.7955,171126
144.7995,170559
144.8037,171623
144.8077,170021
144.8119,170885
144.8159,171233
144.8200,170428
144.8241,171520
144.8282,170471
144.8323,170993
144.8364,171360
144.8405,170824
144.8446,171762
144.8490,170991
144.8531,170675
144.8573,171034
144.8574,170572
144.8611,172194
144.8652,170440
144.8693,170787
144.8735,171171
144.8775,170572
144.8816,172344
144.8857,170274
144.8898,170557
144.8939,170810
144.8980,170963
144.9021,171746
144.9062,170680
144.9103,170678
144.9144,170699
144.9184,170297
144.9225,171607
144.9266,170308
144.9307,170976
144.9348,170822
144.9390,169953
144.9430,171658
144.9471,170309
144.9512,171171
144.9553,170955
144.9594,170523
144.9635,171554
144.9676,170856
144.9717,171220
144.9760,171008
144.9798,170424
144.9840,171467
144.9841,170842
144.9880,171123
144.9920,171209
144.9961,170461
145.0003,171581
145.0044,170520
145.0091,170868
145.0126,171568
145.0167,171489
145.0208,171553
145.0249,171030
145.0290,171024
145.0330,171267
145.0371,171244
145.0413,171819
145.0454,170737
145.0495,170747
145.0536,170869
145.0576,170830
145.0618,171308
145.0658,170696
145.0699,171279
145.0741,171403
145.0781,171129
145.0823,171041
145.0864,170981
145.0905,170522
145.0947,171196
145.0987,171141
145.1030,171297
145.1070,170896
145.1111,171142
145.1111,171256
145.1150,170756
145.1191,170900
145.1231,171347
145.1272,170985
145.1314,171165
145.1355,170978
145.1396,171093
145.1437,170677
145.1478,170918
145.1519,170725
145.1560,171113
145.1601,170737
145.1642,171206
145.1682,170399
145.1723,171352
145.1764,171667
145.1805,170712
145.1847,171433
145.1888,170947
145.1929,170906
145.1970,171582
145.2011,170367
145.2052,171067
145.2093,170922
145.2134,171118
145.2173,171428
145.2215,170777
145.2256,171654
145.2297,171352
145.2340,171403
145.2380,171370
145.2381,170941
145.2419,171593
145.2460,171276
145.2501,170737
145.2542,170885
145.2583,170211
145.2624,171998
145.2666,170895
145.2707,170820
145.2748,171093
145.2789,170439
145.2830,171994
145.2871,170743
145.2911,170745
145.2952,171131
145.2993,170475
145.3034,171991
145.3076,170260
145.3116,171708
145.3157,171552
145.3198,170077
145.3239,172140
145.3279,171192
145.3321,170920
145.3362,171403
145.3403,170563
145.3444,172297
145.3485,171274
145.3526,170991
145.3569,171036
145.3610,170322
145.3649,172117
145.3650,170900
145.3690,171397
145.3731,170919
145.3773,170970
145.3812,172153
145.3853,170805
145.3894,171527
145.3935,170821
145.3976,170605
145.4018,171758
145.4058,170825
145.4099,171131
145.4140,171809
145.4181,171123
145.4222,172258
145.4263,170451
145.4304,170938
145.4345,171459
145.4386,171554
145.4427,171468
145.4468,170705
145.4509,171051
145.4550,171076
145.4591,171128
145.4631,171603
145.4672,170553
145.4714,171386
145.4755,171350
145.4796,170866
145.4838,171638
145.4879,171072
145.4918,171324
145.4919,171391
145.4960,171299
145.5001,171958
145.5042,170327
145.5083,170809
145.5123,171389
145.5164,170834
145.5205,172187
145.5246,171019
145.5287,171417
145.5328,171484
145.5369,171151
145.5410,171573
145.5450,170649
145.5492,171584
145.5533,170801
145.5574,170871
145.5614,171392
145.5655,171254
145.5697,171372
145.5738,171395
145.5778,170872
145.5820,171524
145.5861,170407
145.5902,171413
145.5943,171103
145.5984,170723
145.6025,171523
145.6066,171220
145.6107,170225
145.6149,170978
145.6190,171055
145.6190,171036
145.6229,170880
145.6270,170837
145.6312,171281
145.6352,170582
145.6392,171457
145.6433,171050
145.6475,171033
145.6516,171392
145.6557,171287
145.6598,171338
145.6639,170497
145.6680,170512
145.6721,170768
145.6761,170814
145.6802,171238
145.6843,171163
145.6884,170893
145.6925,170969
145.6966,171266
145.7007,170837
145.7048,170994
145.7090,170939
145.7130,171016
145.7171,170567
145.7212,170523
145.7253,171212
145.7294,170966
145.7335,171080
145.7377,170991
145.7419,170607
145.7459,170860
145.7460,170938
145.7498,171182
145.7540,171172
145.7581,170826
145.7621,171405
145.7662,170255
145.7704,170958
145.7744,170765
145.7785,171004
145.7826,171446
145.7867,170889
145.7908,170814
145.7949,170954
145.7991,171108
145.8032,171102
145.8073,171619
145.8112,171075
145.8154,170532
145.8195,170838
145.8235,171366
145.8276,170733
145.8318,170963
145.8359,170947
145.8400,170556
145.8441,171368
145.8482,171154
145.8524,170710
145.8563,170946
145.8604,170299
145.8646,171912
145.8688,170560
145.8727,170645
145.8728,170851
145.8769,170148
145.8809,172268
145.8850,171567
145.8891,170716
145.8932,171242
145.8974,171130
145.9015,171479
145.9055,170552
145.9096,170633
145.9137,170765
145.9178,170669
145.9219,171312
145.9260,170003
145.9301,170845
145.9342,171157
145.9383,170391
145.9424,171401
145.9465,170296
145.9505,170729
145.9546,171211
145.9588,170252
145.9628,171778
145.9669,170873
145.9711,170708
145.9752,171096
145.9792,170591
145.9833,171871
145.9873,170670
145.9915,170420
145.9958,170193
145.9998,170651
145.9999,172147
146.0039,169862
146.0080,170246
146.0121,171044
146.0167,170215
146.0202,171102
146.0243,170274
146.0284,170753
146.0325,171084
146.0366,171141
146.0407,171245
146.0448,170220
146.0489,170513
146.0530,170931
146.0571,170253
146.0611,171356
146.0653,170177
146.0694,171288
146.0735,170021
146.0775,170544
146.0816,171571
146.0858,170073
146.0899,170587
146.0940,171348
146.0981,170386
146.1022,171220
146.1063,170564
146.1104,170238
146.1145,170921
146.1186,170824
146.1229,170865
146.1269,169942
146.1309,170798
146.1310,170743
146.1349,170707
146.1389,171382
146.1431,170994
146.1472,171113
146.1513,170989
146.1554,170569
146.1595,171443
146.1636,170629
146.1677,170745
146.1718,170618
146.1758,170417
146.1799,170961
146.1840,170345
146.1882,170948
146.1922,170733
146.1963,170678
146.2005,170827
146.2045,170530
146.2086,170564
146.2127,171138
146.2168,170829
146.2209,171014
146.2250,170976
146.2292,170560
146.2332,171334
146.2372,171068
146.2413,170741
146.2454,170868
146.2496,170540
146.2537,170973
146.2578,170912
146.2579,170420
146.2618,171348
146.2659,170601
146.2700,170750
146.2741,170170
146.2782,170296
146.2823,170588
146.2864,170992
146.2905,170689
146.2946,170458
146.2987,170291
146.3028,170742
146.3069,170884
146.3111,170822
146.3152,170959
146.3192,170505
146.3232,171624
146.3273,170648
146.3315,170921
146.3356,170782
146.3399,170454
146.3440,170969
146.3480,171110
146.3520,170429
146.3560,170557
146.3601,169803
146.3643,170877
146.3684,170628
146.3725,170560
146.3770,170724
146.3810,169859
146.3849,171069
146.3850,171405
146.3889,170619
146.3930,170845
146.3970,169543
146.4011,171488
146.4052,170220
146.4094,170510
146.4139,171011
146.4175,170133
146.4221,170922
146.4256,170515
146.4314,170392
146.4347,170702
146.4379,169400
146.4420,171419
146.4462,170765
146.4511,170709
146.4545,170695
146.4584,170166
146.4625,171793
146.4670,170836
146.4708,170600
146.4748,170847
146.4789,170218
146.4830,171521
146.4871,170435
146.4911,170849
146.4953,170468
146.4998,170091
146.5037,171728
146.5077,170418
146.5116,170309
146.5117,170456
146.5163,170677
146.5200,172223
146.5241,170487
146.5281,171295
146.5321,171050
146.5370,171060
146.5403,171884
146.5444,170450
146.5490,170854
146.5529,170421
146.5569,170190
146.5608,171047
146.5657,170563
146.5690,170147
146.5737,170656
146.5772,170517
146.5827,170927
146.5854,169977
146.5896,170445
146.5937,170750
146.5984,170449
146.6018,171742
146.6065,170140
146.6101,170744
146.6148,170288
146.6181,170809
146.6232,171027
146.6264,169876
146.6318,170770
146.6346,170537
146.6388,171203
146.6388,171092
146.6427,170797
146.6484,170500
146.6514,170653
146.6552,170824
146.6591,171587
146.6646,170383
146.6681,171227
146.6721,170785
146.6756,170473
146.6798,171219
146.6842,170498
146.6878,170169
146.6919,170864
146.6960,170198
146.7007,170610
146.7043,170237
146.7083,170529
146.7124,171310
146.7170,170191
146.7211,171473
146.7248,171254
146.7288,170431
146.7328,171010
146.7374,170906
146.7410,170992
146.7451,170472
146.7495,170931
146.7534,170540
146.7575,170743
146.7615,170955
146.7657,170478
146.7660,170937
146.7699,170553
146.7739,170634
146.7780,170569
146.7821,170901
146.7866,170166
146.7907,170912
146.7943,170423
146.7987,170303
146.8030,170088
146.8066,170738
146.8106,170508
146.8152,171182
146.8195,170254
146.8234,171129
146.8270,169756
146.8318,170479
146.8355,170574
146.8394,169915
146.8434,170630
146.8486,170738
146.8524,170123
146.8558,171263
146.8598,170205
146.8642,170337
146.8687,170520
146.8722,170854
146.8763,170821
146.8814,170679
146.8849,171599
146.8887,170478
146.8927,170677
146.8980,170341
146.8992,170164
146.9009,171095
146.9049,170454
146.9090,170073
146.9151,171194
146.9176,170005
146.9212,171069
146.9253,170805
146.9295,170530
146.9335,170238
146.9377,170572
146.9419,171540
146.9459,170536
146.9502,170578
146.9542,171289
146.9583,170352
146.9622,171580
146.9667,170197
146.9706,170369
146.9748,170758
146.9787,170259
146.9832,171643
146.9873,170387
146.9909,171124
146.9950,170397
146.9994,170406
147.0032,171130
147.0073,170397
147.0115,170492
147.0160,171207
147.0197,169877
147.0237,171557
147.0238,170846
147.0278,170830
147.0330,171010
147.0359,170265
147.0400,171856
147.0441,170657
147.0485,171133
147.0523,171357
147.0565,169774
147.0606,171664
147.0653,170174
147.0696,170747
147.0728,170978
147.0769,170394
147.0825,171265
147.0851,170285
147.0895,170684
147.0933,170913
147.0980,169854
147.1016,171130
147.1059,170236
147.1097,170312
147.1146,171228
147.1179,170578
147.1220,171658
147.1260,170470
147.1304,170613
147.1344,170680
147.1393,170737
147.1426,171488
147.1478,170290
147.1507,170562
147.1510,170599
147.1548,169985
147.1589,171271
147.1647,170437
147.1671,171202
147.1711,170401
147.1751,171003
147.1810,171297
147.1838,170504
147.1875,170519
147.1915,170326
147.1957,170545
147.2005,170968
147.2040,170757
147.2080,170981
147.2121,170847
147.2169,170081
147.2203,171048
147.2243,170753
147.2285,171290
147.2329,170568
147.2371,170693
147.2407,171787
147.2448,170950
147.2493,170479
147.2530,170351
147.2571,170195
147.2614,170735
147.2661,170377
147.2696,170166
147.2736,170650
147.2776,170383
147.2777,170947
147.2822,170838
147.2863,170329
147.2899,170587
147.2940,170463
147.2984,170581
147.3025,170496
147.3063,170531
147.3103,171499
147.3144,170606
147.3191,171211
147.3228,170449
147.3267,170850
147.3316,170483
147.3356,170360
147.3390,170765
147.3431,170808
147.3483,171102
147.3519,170708
147.3554,170826
147.3595,170109
147.3644,171168
147.3680,170102
147.3722,170928
147.3759,170793
147.3809,170694
147.3849,170694
147.3885,170814
147.3923,170856
147.3982,170647
147.4006,170169
147.4047,171069
147.4047,170120
147.4086,170729
147.4158,170688
147.4168,170253
147.4209,170780
147.4250,170586
147.4292,170715
147.4332,170717
147.4373,170267
147.4414,170641
147.4456,170208
147.4506,170222
147.4539,171047
147.4578,170131
147.4620,171278
147.4663,170459
147.4702,170436
147.4743,170745
147.4784,170139
147.4827,171504
147.4865,170375
147.4906,170439
147.4947,171194
147.4988,170130
147.5032,172189
147.5069,169647
147.5111,171382
147.5157,170945
147.5192,169915
147.5241,171701
147.5275,170276
147.5317,170954
147.5320,170901
147.5356,169921
147.5397,171237
147.5438,170387
147.5488,170973
147.5532,170871
147.5561,169992
147.5602,171423
147.5656,170556
147.5690,171330
147.5725,170784
147.5766,170140
147.5808,171376
147.5853,170646
147.5891,170812
147.5931,170579
147.5980,170348
147.6016,172183
147.6054,170241
147.6094,171092
147.6151,171265
147.6180,170252
147.6218,171576
147.6258,170470
147.6311,170587
147.6340,170561
147.6382,170991
147.6421,171196
147.6475,170495
147.6503,170334
147.6544,170720
147.6586,171307
147.6628,171611
147.6644,169847
147.6672,170508
147.6709,170661
147.6749,170197
147.6790,171458
147.6838,169839
147.6872,171286
147.6912,170585
147.6954,169923
147.6999,171341
147.7044,170165
147.7078,170523
147.7117,170542
147.7163,171072
147.7201,171399
147.7240,170318
147.7281,170615
147.7323,170582
147.7368,170419
147.7411,171504
147.7446,170217
147.7487,170596
147.7529,171227
147.7571,170629
147.7609,171554
147.7661,170236
147.7696,170429
147.7737,171035
147.7774,170832
147.7820,171462
147.7855,170385
147.7896,170123
147.7897,170744
147.7936,170202
147.7985,171022
147.8022,170728
147.8064,170399
147.8100,171049
147.8149,170297
147.8189,170737
147.8224,170519
147.8264,170361
147.8314,170592
147.8353,170628
147.8391,171419
147.8428,170544
147.8482,170423
147.8513,170761
147.8551,170417
147.8607,170771
147.8651,170393
147.8678,171116
147.8719,171056
147.8757,170623
147.8816,170936
147.8844,171181
147.8884,170783
147.8920,170650
147.8977,170618
147.9003,169644
147.9047,170690
147.9086,170098
147.9144,170929
147.9167,170550
147.9170,170306
147.9207,170550
147.9248,170813
147.9304,170287
147.9330,170341
147.9376,170000
147.9412,170310
147.9454,171023
147.9498,170689
147.9539,170812
147.9576,170238
147.9616,170668
147.9658,170305
147.9702,170320
147.9748,170438
147.9781,169783
147.9824,171259
147.9867,169983
147.9907,170211
147.9944,170496
147.9987,170128
148.0033,171365
148.0072,170647
148.0107,170990
148.0156,170669
148.0198,170067
148.0231,170846
148.0272,170534
148.0312,170917
148.0354,170689
148.0396,170153
148.0437,171628
148.0441,170172
148.0483,170340
148.0518,170519
148.0563,169678
148.0600,170959
148.0654,170593
148.0689,171108
148.0729,170679
148.0763,170698
148.0827,171589
148.0846,170117
148.0886,170656
148.0926,171214
148.0984,170520
148.1012,171706
148.1055,170635
148.1094,170136
148.1151,170691
148.1179,169614
148.1213,171421
148.1255,170655
148.1306,170277
148.1337,170643
148.1382,169989
148.1425,171706
148.1481,170399
148.1508,170933
148.1544,170600
148.1582,170088
148.1638,171432
148.1665,170304
148.1706,170625
148.1707,170767
148.1746,170270
148.1788,171368
148.1833,170308
148.1871,170468
148.1911,170597
148.1951,170506
148.1995,171999
148.2033,169856
148.2073,170400
148.2114,171025
148.2164,170447
148.2203,171528
148.2238,170285
148.2279,170939
148.2327,170557
148.2362,170202
148.2401,171418
148.2442,170374
148.2488,170976
148.2528,170959
148.2566,170384
148.2607,171140
148.2655,169846
148.2688,170234
148.2734,170432
148.2771,170345
148.2816,171611
148.2852,170100
148.2898,170242
148.2937,170712
148.2975,170508
148.2978,171006
148.3018,170655
148.3062,170441
148.3097,170487
148.3147,170640
148.3187,171236
148.3220,170426
148.3261,170695
148.3304,170702
148.3348,170987
148.3389,170748
148.3425,170233
148.3479,170005
148.3515,170575
148.3552,169966
148.3589,170386
148.3639,170731
148.3675,170383
148.3712,170636
148.3753,170535
148.3807,170968
148.3846,170544
148.3876,170463
148.3918,170524
148.3977,170440
148.4004,169994
148.4039,170342
148.4080,170619
148.4123,170792
148.4172,170655
148.4205,170428
148.4245,170602
148.4246,170054
148.4286,170886
148.4335,170607
148.4371,170521
148.4408,170347
148.4449,169819
148.4494,170904
148.4535,170120
148.4572,170305
148.4613,170774
148.4665,170446
148.4695,170829
148.4736,170210
148.4778,170231
148.4827,170478
148.4862,170622
148.4903,170887
148.4945,170433
148.5004,170096
148.5027,170542
148.5064,170042
148.5106,170291
148.5148,170065
148.5195,169809
148.5228,170740
148.5272,170314
148.5314,170156
148.5354,170600
148.5395,169779
148.5435,170718
148.5478,169916
148.5514,170290
148.5515,170488
148.5555,169970
148.5596,171143
148.5644,169926
148.5684,170326
148.5719,170309
148.5760,170048
148.5809,171248
148.5850,170273
148.5883,170320
148.5924,170255
148.5979,170115
148.6013,170989
148.6051,170331
148.6087,170268
148.6148,169948
148.6171,169788
148.6215,171670
148.6252,170361
148.6305,170103
148.6335,170897
148.6379,170122
148.6415,171447
148.6474,169891
148.6505,170278
148.6546,169997
148.6580,169303
148.6639,171656
148.6661,169853
148.6711,170112
148.6743,170837
148.6785,170232
148.6785,171020
148.6830,169435
148.6874,170477
148.6908,170243
148.6948,169917
148.6993,170991
148.7032,169436
148.7072,170398
148.7112,170689
148.7155,170240
148.7202,170973
148.7235,169656
148.7276,170049
148.7321,170691
148.7358,170233
148.7401,170877
148.7440,170292
148.7485,170376
148.7526,170307
148.7565,170274
148.7603,171266
148.7650,169762
148.7691,170377
148.7727,170134
148.7768,169892
148.7814,170259
148.7854,169501
148.7897,170479
148.7930,170421
148.7974,170319
148.8017,170819
148.8055,169613
148.8056,170216
148.8094,170679
148.8145,169825
148.8179,170564
148.8221,170331
148.8258,170159
148.8309,170244
148.8348,170131
148.8389,170657
148.8422,170148
148.8467,170139
148.8511,171015
148.8552,170330
148.8586,170553
148.8639,170203
148.8673,170085
148.8708,170774
148.8755,170567
148.8805,170808
148.8837,170434
148.8874,170160
148.8915,170427
148.8972,170215
148.9002,170328
148.9045,170138
148.9077,170014
148.9134,170570
148.9163,170623
148.9207,170263
148.9242,170214
148.9285,169982
148.9323,170048
148.9324,170879
148.9364,169889
148.9405,170169
148.9446,170085
148.9490,170578
148.9535,170343
148.9573,169689
148.9610,170470
148.9653,170409
148.9696,170235
148.9733,170402
148.9774,170587
148.9820,170241
148.9856,170334
148.9901,170341
148.9940,170293
148.9984,169894
149.0019,170266
149.0061,170424
149.0110,170289
149.0155,170802
149.0183,169916
149.0231,170290
149.0266,170418
149.0314,170868
149.0357,170557
149.0390,170015
149.0429,170832
149.0470,170313
149.0517,171060
149.0554,170622
149.0593,169885
149.0594,170493
149.0650,170330
149.0684,170789
149.0717,169975
149.0756,169383
149.0818,171301
149.0845,170292
149.0880,170497
149.0921,170597
149.0982,169851
149.1003,171247
149.1046,169962
149.1084,170729
149.1136,170458
149.1175,169598
149.1207,171566
149.1248,169987
149.1304,170542
149.1331,170411
149.1371,169373
149.1412,171569
149.1469,170163
149.1501,170210
149.1535,170219
149.1576,170381
149.1632,171330
149.1670,169834
149.1698,169992
149.1739,169530
149.1781,169837
149.1823,170969
149.1864,170008
149.1906,170177
149.1907,170321
149.1947,169970
149.1986,171060
149.2027,170123
149.2067,170507
149.2109,170760
149.2165,170199
149.2191,171722
149.2231,170100
149.2276,170335
149.2324,170553
149.2354,170151
149.2395,171487
149.2436,170002
149.2480,170246
149.2518,170510
149.2559,170294
149.2600,171084
149.2646,170333
149.2682,170241
149.2722,170575
149.2764,170187
149.2826,171073
149.2847,169854
149.2887,170397
149.2927,170901
149.2975,170206
149.3013,171613
149.3051,170285
149.3092,170359
149.3135,170150
149.3175,170067
149.3176,171615
149.3214,170326
149.3255,170782
149.3307,170499
149.3341,170133
149.3381,171408
149.3419,170602
149.3466,170676
149.3505,170443
149.3542,170685
149.3583,170674
149.3643,170141
149.3670,170245
149.3710,170432
149.3747,169688
149.3808,171197
149.3836,170520
149.3871,170849
149.3911,170529
149.3967,170661
149.3996,171422
149.4039,170418
149.4074,170086
149.4116,170601
149.4159,170718
149.4202,170666
149.4238,170714
149.4280,170377
149.4324,170385
149.4372,170504
149.4404,170882
149.4444,170299
149.4445,170631
149.4488,170896
149.4525,170886
149.4566,170752
149.4608,170056
149.4656,170612
149.4690,170863
149.4730,170569
149.4771,170837
149.4814,170554
149.4853,170188
149.4894,170468
149.4936,170731
149.4976,170501
149.5022,170724
149.5057,170233
149.5099,170376
149.5140,170434
149.5180,170120
149.5228,170775
149.5263,170203
149.5306,170488
149.5344,170965
149.5385,170210
149.5426,170656
149.5476,170668
149.5508,170231
149.5549,170820
149.5590,169568
149.5635,170719
149.5673,170428
149.5714,170549
149.5715,170407
149.5753,169980
149.5802,171419
149.5836,170005
149.5882,170605
149.5917,170759
149.5967,169856
149.6001,170638
149.6045,170569
149.6083,170715
149.6133,170296
149.6171,169706
149.6209,171294
149.6245,170828
149.6296,170224
149.6330,170880
149.6371,169476
149.6413,171375
149.6461,170546
149.6496,170491
149.6536,170085
149.6573,170326
149.6632,171216
149.6658,170383
149.6703,170904
149.6742,170493
149.6778,169995
149.6818,171147
149.6859,170003
149.6905,170559
149.6944,170822
149.6983,170053
149.6984,171443
149.7023,170245
149.7064,170371
149.7106,171134
149.7157,170496
149.7189,171349
149.7228,169933
149.7269,170651
149.7313,170363
149.7358,170252
149.7393,171514
149.7433,170158
149.7481,171222
149.7518,170266
149.7556,168870
149.7598,170761
149.7641,170282
149.7684,170776
149.7725,169993
149.7761,169735
149.7808,170696
149.7845,170526
149.7887,170353
149.7925,170383
149.7978,170309
149.8006,171329
149.8054,170353
149.8088,170839
149.8140,170430
149.8176,170160
149.8213,171516
149.8252,170222
149.8253,170823
149.8299,170830
149.8340,170551
149.8376,171176
149.8417,170152
149.8465,170446
149.8500,170546
149.8542,170534
149.8582,171070
149.8627,170382
149.8666,171034
149.8704,170557
149.8749,170332
149.8798,171181
149.8839,170116
149.8867,170800
149.8907,170592
149.8965,170226
149.8997,170648
149.9039,170059
149.9071,170318
149.9125,171183
149.9159,170812
149.9194,170904
149.9235,169563
149.9292,170612
149.9319,170492
149.9365,170602
149.9402,170862
149.9441,170376
149.9482,170714
149.9523,169913
149.9523,170205
149.9563,170039
149.9604,170196
149.9646,170521
149.9690,169920
149.9727,170920
149.9768,170287
149.9812,170933
149.9855,170079
149.9890,169953
149.9932,170749
149.9975,170431
150.0016,170615
150.0060,171046
150.0096,170915
150.0136,171050
150.0184,170444
150.0221,170431
150.0260,170354
150.0305,170653
150.0341,170234
150.0383,169846
150.0423,170650
150.0464,170616
150.0506,170149
150.0546,170322
150.0590,170633
150.0637,171127
150.0675,170488
150.0717,169941
150.0751,170254
150.0793,170095
150.0834,170885
150.0835,170176
150.0873,171055
150.0915,170689
150.0967,170452
150.0996,171056
150.1037,171019
150.1078,170628
150.1136,170595
150.1165,170144
150.1201,171363
150.1242,170584
150.1306,170561
150.1326,170778
150.1366,169872
150.1407,171016
150.1464,170738
150.1491,170979
150.1529,170865
150.1570,170140
150.1635,171106
150.1659,170433
150.1694,170772
150.1734,170903
150.1775,170001
150.1820,171062
150.1856,170659
150.1897,170682
150.1938,170571
150.1990,170007
150.2022,171787
150.2063,170725
150.2103,170206
150.2106,170300
150.2143,170416
150.2187,171756
150.2225,170483
150.2267,170350
150.2307,170552
150.2348,170086
150.2389,171638
150.2430,170661
150.2477,170038
150.2519,170908
150.2554,170614
150.2595,171386
150.2637,171372
150.2682,170786
150.2717,170996
150.2759,170369
150.2804,171879
150.2840,169847
150.2881,170666
150.2921,170694
150.2967,169949
150.3007,171844
150.3045,170369
150.3085,171077
150.3144,169996
150.3167,169957
150.3208,171972
150.3249,170527
150.3297,170523
150.3334,170633
150.3374,170401
150.3375,171409
150.3413,169646
150.3457,170951
150.3499,171032
150.3540,170367
150.3578,171570
150.3623,170713
150.3662,170503
150.3699,170968
150.3740,169948
150.3789,171430
150.3827,170247
150.3863,170196
150.3904,171198
150.3961,170339
150.3995,171240
150.4027,170683
150.4068,170763
150.4123,170670
150.4155,170258
150.4195,170805
150.4232,170247
150.4274,170528
150.4317,170290
150.4358,170799
150.4397,171053
150.4437,169437
150.4488,170605
150.4524,170486
150.4562,170551
150.4603,171058
150.4642,170866
150.4643,170450
150.4683,170379
150.4723,170762
150.4765,170530
150.4806,170826
150.4848,170851
150.4887,170614
150.4929,170908
150.4976,170914
150.5011,171064
150.5052,170690
150.5092,170590
150.5138,170600
150.5174,170545
150.5215,170492
150.5256,170520
150.5299,170518
150.5339,170661
150.5379,170927
150.5420,170610
150.5467,170506
150.5505,170441
150.5543,170876
150.5584,170172
150.5630,170725
150.5667,170588
150.5709,170938
150.5747,171015
150.5795,170167
150.5832,170504
150.5871,170913
150.5913,170758
150.5913,170255
150.5963,170090
150.5996,171164
150.6035,170516
150.6076,170290
150.6123,170530
150.6164,169996
150.6198,170781
150.6239,170628
150.6288,170945
150.6328,170707
150.6364,170324
150.6403,171041
150.6455,170494
150.6485,170527
150.6531,170673
150.6568,169907
150.6609,170646
150.6648,171000
150.6699,170339
150.6736,170947
150.6776,169751
150.6820,171052
150.6859,170866
150.6895,170502
150.6936,170239
150.6978,170089
150.7022,171403
150.7061,170581
150.7100,170151
150.7141,170855
150.7182,170824
150.7183,171589
150.7222,170582
150.7265,170834
150.7312,170269
150.7345,170516
150.7386,171424
150.7428,170649
150.7471,170367
150.7509,170689
150.7549,169992
150.7593,171366
150.7632,170553
150.7674,170742
150.7715,170326
150.7755,170039
150.7805,171651
150.7843,170825
150.7877,170723
150.7918,171136
150.7960,170381
150.8002,171033
150.8043,170111
150.8083,170210
150.8138,170852
150.8172,170700
150.8211,171453
150.8246,170024
150.8300,170462
150.8337,171073
150.8375,170004
150.8412,171408
150.8457,170175
150.8492,170897
150.8493,170583
150.8533,170304
150.8573,171057
150.8632,170308
150.8656,170783
150.8697,171082
150.8738,170109
150.8788,171427
150.8820,170533
150.8861,170534
150.8901,171118
150.8963,170996
150.8990,170307
150.9024,170121
150.9065,170740
150.9119,170596
150.9152,170356
150.9188,171195
150.9229,170602
150.9270,170378
150.9311,170720
150.9356,170703
150.9393,170472
150.9435,170625
150.9477,170633
150.9516,170738
150.9557,170579
150.9598,171307
150.9643,169852
150.9681,170370
150.9722,170704
150.9763,170897
150.9764,171256
150.9808,171115
150.9847,170365
150.9888,170637
150.9926,170394
150.9970,170601
151.0008,170409
151.0048,170482
151.0090,171020
151.0132,170701
151.0178,170366
151.0219,170333
151.0254,170531
151.0294,170799
151.0335,171038
151.0384,170502
151.0427,170331
151.0464,171076
151.0505,170930
151.0544,170625
151.0585,170438
151.0631,170686
151.0667,170837
151.0705,170883
151.0751,169941
151.0786,170561
151.0840,170262
151.0875,170741
151.0915,170793
151.0963,170794
151.0992,170436
151.1032,170975
151.1033,170563
151.1072,170807
151.1119,170636
151.1156,170325
151.1200,170772
151.1239,170617
151.1292,170438
151.1318,170592
151.1361,170000
151.1400,171268
151.1455,170549
151.1492,170723
151.1524,170478
151.1564,169797
151.1623,170589
151.1647,170683
151.1689,170510
151.1727,170961
151.1769,169741
151.1815,171016
151.1858,170417
151.1893,170884
151.1934,170727
151.1985,169902
151.2018,170976
151.2055,170323
151.2096,170616
151.2143,170337
151.2178,169876
151.2219,171133
151.2263,170271
151.2301,171090
151.2302,170004
151.2342,169865
151.2384,171054
151.2425,170606
151.2465,171157
151.2512,170912
151.2549,169785
151.2588,171460
151.2630,170493
151.2678,170755
151.2710,170746
151.2752,170195
151.2794,171224
151.2839,170373
151.2874,170252
151.2915,170991
151.2958,169622
151.3001,171172
151.3038,170541
151.3080,170982
151.3122,170988
151.3170,170161
151.3203,171397
151.3244,170883
151.3288,170145
151.3325,171256
151.3366,170105
151.3407,171219
151.3454,169871
151.3489,170926
151.3531,170334
151.3574,170293
151.3574,171486
151.3619,170269
151.3654,170452
151.3694,170636
151.3735,170296
151.3783,171591
151.3818,170713
151.3860,170463
151.3899,170409
151.3954,169907
151.4000,171149
151.4021,170783
151.4062,170461
151.4115,170833
151.4149,169999
151.4185,170978
151.4226,170173
151.4267,170374
151.4313,170760
151.4349,170354
151.4393,171307
151.4431,169839
151.4478,170557
151.4522,170533
151.4554,169891
151.4595,170883
151.4643,169340
151.4677,170522
151.4718,170004
151.4759,170017
151.4800,170662
151.4843,170350
151.4843,169919
151.4882,170482
151.4923,170148
151.4967,171110
151.5004,170504
151.5045,170190
151.5087,170662
151.5135,170743
151.5169,171010
151.5209,170844
151.5250,170636
151.5295,170695
151.5332,170382
151.5373,170890
151.5414,170696
151.5464,170210
151.5496,169988
151.5537,170387
151.5578,170699
151.5622,170295
151.5660,170250
151.5700,170524
151.5741,170426
151.5785,170688
151.5824,170235
151.5864,170694
151.5905,169887
151.5954,170405
151.5989,170188
151.6029,170383
151.6069,170732
151.6112,170264
151.6113,170719
151.6159,170312
151.6192,170602
151.6233,170614
151.6296,170865
151.6315,170490
151.6356,170245
151.6397,171030
151.6457,170210
151.6482,170550
151.6520,170192
151.6561,170167
151.6618,170725
151.6645,170403
151.6683,170430
151.6724,170096
151.6766,169893
151.6820,170860
151.6850,170139
151.6888,170281
151.6929,170459
151.6971,170152
151.7012,170432
151.7054,170596
151.7094,170569
151.7139,170699
151.7175,169697
151.7216,171159
151.7257,170311
151.7304,170969
151.7341,170278
151.7381,169604
151.7422,170687
151.7424,170470
151.7468,170624
151.7506,170084
151.7546,169940
151.7585,171235
151.7632,170477
151.7670,171041
151.7707,170554
151.7749,170310
151.7798,170768
151.7830,170517
151.7871,170553
151.7912,170293
151.7965,169628
151.7996,171320
151.8036,169734
151.8076,170354
151.8122,170463
151.8158,170334
151.8199,171331
151.8240,170191
151.8290,170689
151.8331,170187
151.8363,169807
151.8404,171663
151.8459,170504
151.8490,170221
151.8528,170249
151.8568,169976
151.8613,171492
151.8653,170197
151.8693,171163
151.8694,170021
151.8731,169941
151.8784,171071
151.8819,169970
151.8854,170293
151.8895,170616
151.8956,170619
151.8978,171018
151.9020,170172
151.9059,170374
151.9115,171094
151.9148,170481
151.9185,171696
151.9223,170602
151.9284,171089
151.9307,170545
151.9354,169835
151.9391,171305
151.9436,170396
151.9469,171052
151.9518,171011
151.9552,170294
151.9593,171220
151.9634,170311
151.9676,170402
151.9714,170618
151.9755,170172
151.9800,171049
151.9845,170261
151.9878,170283
151.9921,170096
151.9971,170535
151.9972,171029
152.0007,170605
152.0043,170054
152.0083,170709
152.0124,170275
152.0165,171061
152.0206,170123
152.0247,170176
152.0288,171012
152.0329,169796
152.0370,171058
152.0411,170033
152.0451,170658
152.0492,170498
152.0534,169772
152.0574,171083
152.0615,169768
152.0657,170295
152.0697,170680
152.0738,170472
152.0780,170655
152.0820,170405
152.0862,170541
152.0903,170560
152.0944,170373
152.0985,170515
152.1026,170057
152.1067,170054
152.1108,170488
152.1148,169898
152.1193,170389
152.1232,170541
152.1233,170268
152.1272,170370
152.1313,170329
152.1354,170356
152.1395,170697
152.1436,170959
152.1477,170329
152.1517,170188
152.1560,170772
152.1598,170444
152.1639,170268
152.1680,170666
152.1721,170348
152.1762,170422
152.1803,170743
152.1844,170517
152.1885,170600
152.1926,170428
152.1967,170082
152.2008,170194
152.2049,170573
152.2091,170773
152.2132,170271
152.2173,170366
152.2214,170525
152.2255,170231
152.2296,170897
152.2337,170471
152.2377,170467
152.2419,170524
152.2462,170887
152.2500,170581
152.2501,170591
152.2541,170103
152.2582,171352
152.2623,170427
152.2664,170654
152.2705,170848
152.2746,169842
152.2787,170751
152.2828,169965
152.2868,170584
152.2909,170682
152.2950,169692
152.2991,171125
152.3032,170214
152.3073,170680
152.3115,170566
152.3156,169706
152.3197,171144
152.3237,171135
152.3279,170679
152.3320,170898
152.3361,170165
152.3401,170793
152.3443,170557
152.3484,170267
152.3525,170855
152.3565,170242
152.3606,171432
152.3648,170585
152.3689,170320
152.3731,170615
152.3772,169668
152.3773,171585
152.3811,170335
152.3852,170224
152.3893,170564
152.3934,169863
152.3975,171292
152.4016,169962
152.4057,171042
152.4098,170347
152.4139,169836
152.4180,170342
152.4221,170140
152.4262,170456
152.4302,170745
152.4343,170175
152.4384,171077
152.4426,170351
152.4466,170962
152.4512,170415
152.4549,170152
152.4589,171171
152.4629,170330
152.4670,170680
152.4711,170326
152.4752,170153
152.4793,171541
152.4834,170066
152.4875,170432
152.4916,170849
152.4958,170329
152.5001,171252
152.5041,170396
152.5041,170700
152.5081,170679
152.5122,169879
152.5163,171133
152.5204,170510
152.5247,170111
152.5285,170504
152.5327,170421
152.5368,171443
152.5407,170396
152.5449,171115
152.5491,170496
152.5532,170319
152.5571,171123
152.5613,170351
152.5654,169939
152.5695,170437
152.5735,170564
152.5780,171134
152.5818,170014
152.5859,170414
152.5900,170224
152.5941,171023
152.5982,170308
152.6024,170583
152.6064,170462
152.6105,170474
152.6146,170586
152.6187,170326
152.6227,170551
152.6269,170623
152.6309,170749
152.6352,170130
152.6352,170706
152.6391,170228
152.6433,170231
152.6474,169981
152.6514,170663
152.6555,170789
152.6597,170877
152.6637,170736
152.6678,170597
152.6719,170533
152.6760,170460
152.6800,170169
152.6842,170362
152.6883,170481
152.6924,170750
152.6966,170606
152.7005,170447
152.7050,169984
152.7087,170587
152.7128,170638
152.7169,170088
152.7210,170137
152.7251,170115
152.7293,170303
152.7334,170722
152.7376,169571
152.7416,170508
152.7457,170458
152.7499,170728
152.7540,170524
152.7579,170011
152.7619,170744
152.7620,169804
152.7660,170550
152.7701,170217
152.7742,169829
152.7783,170738
152.7825,170934
152.7865,170610
152.7906,170653
152.7947,169766
152.7988,170891
152.8029,170460
152.8070,170635
152.8111,170018
152.8152,169866
152.8193,170809
152.8234,169834
152.8275,170447
152.8316,170492
152.8358,169947
152.8398,170916
152.8438,170417
152.8479,170120
152.8521,170292
152.8562,170197
152.8603,171217
152.8643,170523
152.8684,170265
152.8725,170279
152.8766,169827
152.8810,171403
152.8848,169878
152.8890,170852
152.8891,170411
152.8931,169749
152.8972,171605
152.9012,170213
152.9053,170944
152.9094,170650
152.9135,169872
152.9177,171257
152.9218,170283
152.9258,170618
152.9299,170561
152.9341,170268
152.9381,172018
152.9423,169890
152.9462,170683
152.9504,170735
152.9546,169762
152.9586,170631
152.9627,170047
152.9668,170565
152.9708,170961
152.9751,170496
152.9791,171320
152.9831,170305
152.9872,170407
152.9913,170291
152.9955,170259
152.9995,171238
153.0036,169946
153.0077,170635
153.0118,170714
153.0160,170008
153.0161,171180
153.0200,170174
153.0241,170209
153.0282,170857
153.0322,170478
153.0364,171346
153.0404,170388
153.0446,170765
153.0487,170473
153.0528,170446
153.0568,171050
153.0611,170289
153.0651,170745
153.0692,170351
153.0733,170026
153.0774,170841
153.0814,169933
153.0856,170539
153.0896,170107
153.0938,170736
153.0979,170906
153.1020,170669
153.1061,170408
153.1101,170712
153.1143,170324
153.1183,171300
153.1224,170412
153.1265,170021
153.1306,170739
153.1347,170278
153.1389,170979
153.1429,170484
153.1429,170367
153.1469,170250
153.1511,170546
153.1552,170616
153.1592,170649
153.1634,170781
153.1674,170373
153.1715,170434
153.1756,170303
153.1797,170602
153.1838,170459
153.1880,170639
153.1920,170768
153.1961,171054
153.2002,170454
153.2043,170418
153.2084,171044
153.2127,170729
153.2166,170520
153.2208,170667
153.2249,170192
153.2289,170339
153.2330,170657
153.2370,169996
153.2412,170799
153.2452,170188
153.2494,170865
153.2535,170330
153.2576,170538
153.2617,170238
153.2660,170573
153.2701,170971
153.2701,170034
153.2740,170000
153.2780,170877
153.2821,170624
153.2862,170534
153.2904,170746
153.2944,169923
153.2985,170370
153.3028,170562
153.3067,170086
153.3108,170070
153.3149,169631
153.3190,170623
153.3231,170185
153.3273,170676
153.3313,170825
153.3354,169917
153.3395,170870
153.3436,170758
153.3477,170253
153.3517,170815
153.3558,169904
153.3600,171588
153.3641,170429
153.3682,170685
153.3723,170849
153.3764,169940
153.3805,171202
153.3846,169904
153.3887,170750
153.3928,170177
153.3968,169441
153.3969,171767
153.4010,170703
153.4051,170250
153.4092,170364
153.4133,170537
153.4174,171866
153.4215,170230
153.4256,170347
153.4296,169849
153.4337,169793
153.4378,171441
153.4419,170102
153.4460,170364
153.4501,170640
153.4542,170695
153.4583,171124
153.4623,170175
153.4664,170650
153.4705,170885
153.4747,170339
153.4788,171009
153.4829,169937
153.4870,170387
153.4911,170801
153.4953,170176
153.4993,171373
153.5034,170299
153.5075,169604
153.5116,170407
153.5157,169775
153.5199,171603
153.5240,169971
153.5242,170668
153.5280,170477
153.5321,170610
153.5362,171695
153.5402,170976
153.5443,170640
153.5484,171032
153.5525,170080
153.5565,170935
153.5606,170362
153.5647,171079
153.5688,171090
153.5729,170423
153.5770,171508
153.5811,170408
153.5852,170829
153.5893,170768
153.5934,170188
153.5975,171120
153.6016,170425
153.6057,170041
153.6098,170636
153.6139,170765
153.6180,171456
153.6221,170672
153.6262,170232
153.6303,170535
153.6344,170416
153.6384,171410
153.6426,170120
153.6471,170449
153.6511,170421
153.6512,170257
153.6550,171332
153.6590,170799
153.6631,170934
153.6672,170838
153.6713,171084
153.6754,171319
153.6795,170950
153.6836,170806
153.6877,170868
153.6918,170198
153.6959,170714
153.7000,170003
153.7041,170798
153.7082,170642
153.7123,170457
153.7164,170907
153.7205,170892
153.7246,170978
153.7286,170696
153.7328,170471
153.7369,170684
153.7409,170676
153.7451,170744
153.7491,170703
153.7532,171382
153.7573,171001
153.7614,170637
153.7655,170844
153.7696,170719
153.7741,170585
153.7780,170359
153.7820,170402
153.7821,170351
153.7860,170210
153.7901,170776
153.7942,170397
153.7983,170625
153.8023,170959
153.8064,170961
153.8106,170312
153.8147,170440
153.8187,170991
153.8228,170631
153.8270,170926
153.8310,170445
153.8351,170275
153.8392,170696
153.8433,170461
153.8474,170772
153.8515,170825
153.8556,169722
153.8596,171230
153.8638,170943
153.8679,170500
153.8720,170651
153.8761,169701
153.8802,171071
153.8844,170873
153.8885,170466
153.8926,170905
153.8965,170216
153.9006,171120
153.9050,169878
153.9089,170774
153.9090,170975
153.9131,170531
153.9170,171305
153.9211,170313
153.9253,170577
153.9293,170700
153.9335,169714
153.9375,171099
153.9417,170619
153.9458,171445
153.9499,170657
153.9543,170264
153.9580,171319
153.9620,170351
153.9662,170397
153.9703,170808
153.9743,169839
153.9784,171342
153.9826,170022
153.9867,171047
153.9907,170615
153.9948,170245
153.9989,171726
154.0030,170662
154.0072,170316
154.0113,171132
154.0156,170084
154.0203,171607
154.0238,170536
154.0277,171251
154.0318,170692
154.0359,170592
154.0360,170992
154.0399,169990
154.0440,170529
154.0481,170978
154.0527,170302
154.0571,171372
154.0604,169909
154.0652,170909
154.0690,170843
154.0726,169814
154.0774,171322
154.0813,170055
154.0849,170872
154.0890,170892
154.0932,170512
154.0975,171176
154.1020,170625
154.1054,170554
154.1098,170368
154.1144,170760
154.1182,171339
154.1218,170353
154.1262,170892
154.1304,170902
154.1348,170628
154.1382,171084
154.1427,170402
154.1472,170853
154.1505,170992
154.1545,170677
154.1587,171203
154.1627,170163
154.1628,170829
154.1668,171050
154.1709,169656
154.1751,171384
154.1792,170795
154.1835,170466
154.1881,170959
154.1914,170695
154.1962,170901
154.1996,171113
154.2037,170332
154.2078,170976
154.2122,170296
154.2160,170510
154.2201,170448
154.2242,170937
154.2289,170637
154.2324,171055
154.2366,170858
154.2406,170963
154.2449,170523
154.2488,171373
154.2529,170602
154.2570,171366
154.2613,170531
154.2651,170715
154.2692,171267
154.2733,170852
154.2775,170682
154.2815,170783
154.2858,170750
154.2897,171158
154.2898,170750
154.2943,170455
154.2983,170458
154.3020,170753
154.3061,170715
154.3107,170317
154.3145,170833
154.3185,171059
154.3224,170758
154.3270,170759
154.3308,170491
154.3348,170383
154.3392,171071
154.3435,171017
154.3474,170611
154.3511,171114
154.3552,169919
154.3609,171067
154.3635,171457
154.3675,170524
154.3717,170619
154.3772,170579
154.3798,171960
154.3839,170579
154.3880,171648
154.3924,171152
154.3965,170028
154.4003,171862
154.4044,170489
154.4087,170667
154.4128,170834
154.4170,170163
154.4171,171415
154.4207,171181
154.4252,171113
154.4292,170987
154.4331,170479
154.4371,171299
154.4413,170504
154.4456,170894
154.4496,170509
154.4535,170780
154.4577,171502
154.4619,170818
154.4659,170594
154.4699,171131
154.4741,170651
154.4786,171967
154.4822,170714
154.4863,171188
154.4904,170870
154.4949,170453
154.4987,172066
154.5027,170866
154.5068,171211
154.5112,171068
154.5150,170898
154.5191,171573
154.5232,171226
154.5279,170838
154.5313,170592
154.5355,170444
154.5396,171332
154.5437,170357
154.5438,170621
154.5478,170914
154.5519,170167
154.5559,171881
154.5616,170447
154.5643,170595
154.5682,170557
154.5723,170280
154.5773,172071
154.5805,170547
154.5846,170479
154.5887,170977
154.5932,170133
154.5971,171616
154.6012,170530
154.6051,170919
154.6095,171029
154.6137,170741
154.6175,171725
154.6215,170639
154.6259,170940
154.6301,170660
154.6338,170856
154.6379,171282
154.6420,170724
154.6460,171176
154.6501,171014
154.6542,170694
154.6583,171269
154.6627,170744
154.6666,171108
154.6708,170296
154.6708,170874
154.6748,171729
154.6791,170574
154.6830,171044
154.6870,171325
154.6913,170843
154.6952,171475
154.6993,170473
154.7040,170908
154.7075,170983
154.7118,170959
154.7164,171168
154.7202,170730
154.7239,170401
154.7288,171238
154.7328,171227
154.7362,171393
154.7403,171305
154.7449,171046
154.7488,170963
154.7530,170921
154.7567,171549
154.7610,171383
154.7655,170852
154.7692,171065
154.7731,170706
154.7777,171009
154.7818,171189
154.7856,170384
154.7894,170688
154.7936,170825
154.7976,170780
154.8018,171128
154.8019,171232
154.8058,170766
154.8106,170491
154.8141,170802
154.8181,170462
154.8222,170470
154.8263,170783
154.8304,170239
154.8345,170459
154.8385,170856
154.8430,170780
154.8472,170760
154.8508,171053
154.8549,170406
154.8594,171339
154.8633,170577
154.8676,170626
154.8713,170996
154.8760,170558
154.8801,170834
154.8837,171417
154.8878,171173
154.8923,170703
154.8964,170094
154.9000,170841
154.9041,170820
154.9084,171197
154.9128,170722
154.9164,170601
154.9206,171467
154.9248,171393
154.9288,170692
154.9289,171275
154.9328,170364
154.9369,171155
154.9410,171370
154.9453,171101
154.9493,170629
154.9535,170187
154.9574,171943
154.9623,170579
154.9660,170925
154.9697,171748
154.9737,170625
154.9779,171932
154.9819,171042
154.9860,171405
154.9901,171105
154.9942,170934
154.9983,171772
155.0024,170524
155.0066,171564
155.0107,171548
155.0148,170812
155.0189,171656
155.0230,170486
155.0270,170866
155.0311,171137
155.0352,170159
155.0393,172071
155.0434,171232
155.0477,170452
155.0518,171361
155.0557,170617
155.0558,171900
155.0598,170684
155.0638,171452
155.0680,170685
155.0720,170536
155.0762,172650
155.0802,171211
155.0844,171646
155.0884,171209
155.0926,170494
155.0967,171598
155.1008,171225
155.1048,171016
155.1089,171165
155.1130,170562
155.1171,171765
155.1212,170796
155.1253,170929
155.1294,170953
155.1335,170109
155.1376,172155
155.1418,170724
155.1458,170802
155.1498,170606
155.1540,170869
155.1581,171449
155.1622,170839
155.1662,171292
155.1704,170456
155.1745,170403
155.1787,171615
155.1827,170356
155.1828,170504
155.1867,171057
155.1908,170392
155.1949,171829
155.1990,170556
155.2031,171012
155.2072,171073
155.2113,170855
155.2153,171786
155.2195,170921
155.2236,171071
155.2277,171644
155.2318,171377
155.2359,171475
155.2400,171152
155.2441,171096
155.2482,171251
155.2522,170593
155.2564,171170
155.2605,171205
155.2646,171022
155.2687,171507
155.2729,170970
155.2769,171655
155.2810,171557
155.2850,170986
155.2891,171339
155.2932,170814
155.2973,170957
155.3014,170465
155.3055,171430
155.3097,171023
155.3098,170525
155.3137,171062
155.3178,171201
155.3218,171181
155.3260,170920
155.3301,170911
155.3342,171363
155.3382,171486
155.3424,171510
155.3465,170662
155.3506,171542
155.3547,170848
155.3588,171148
155.3629,170820
155.3670,171480
155.3711,170997
155.3751,170419
155.3792,170808
155.3833,171185
155.3875,171025
155.3916,171686
155.3957,170730
155.3998,171150
155.4039,171251
155.4080,170756
155.4120,170708
155.4161,170892
155.4202,171149
155.4243,171091
155.4284,170850
155.4327,171501
155.4366,170262
155.4366,171024
155.4408,171098
155.4448,171839
155.4489,170849
155.4530,170372
155.4571,171958
155.4611,171266
155.4652,171008
155.4694,171594
155.4735,170430
155.4776,171694
155.4816,171289
155.4858,171406
155.4898,171267
155.4940,170157
155.4980,171844
155.5021,170617
155.5062,171083
155.5103,171502
155.5144,170479
155.5184,172313
155.5226,171074
155.5268,171409
155.5316,170936
155.5349,170593
155.5390,172103
155.5431,170666
155.5472,171444
155.5513,171127
155.5555,170509
155.5595,172015
155.5637,170553
155.5678,171053
155.5679,170829
155.5717,170596
155.5759,172153
155.5800,171115
155.5841,170996
155.5881,170956
155.5923,170754
155.5965,171915
155.6004,170631
155.6045,171225
155.6086,170959
155.6128,170768
155.6169,171709
155.6209,171153
155.6250,171303
155.6291,171170
155.6332,171114
155.6373,172102
155.6414,170417
155.6455,170789
155.6496,171074
155.6537,170493
155.6578,171298
155.6619,170977
155.6660,170684
155.6701,171268
155.6741,171149
155.6782,171990
155.6823,170994
155.6864,170830
155.6908,171352
155.6950,170629
155.6950,171335
155.6988,170656
155.7029,171038
155.7070,170926
155.7110,170621
155.7151,171066
155.7192,170847
155.7233,171295
155.7274,171069
155.7315,170707
155.7356,171668
155.7398,170621
155.7438,170642
155.7478,171198
155.7519,170763
155.7561,171462
155.7602,170641
155.7642,170888
155.7684,171655
155.7725,170527
155.7766,171472
155.7807,170773
155.7847,171234
155.7888,171141
155.7929,171035
155.7970,170869
155.8012,170450
155.8052,170873
155.8094,171399
155.8136,170722
155.8178,171237
155.8217,170588
155.8219,170706
155.8259,171500
155.8298,170845
155.8338,171245
155.8379,170883
155.8421,171338
155.8462,170864
155.8503,170673
155.8544,171155
155.8585,170244
155.8626,171224
155.8667,170875
155.8708,170319
155.8749,170991
155.8790,170921
155.8831,171206
155.8872,171289
155.8913,170747
155.8954,171145
155.8995,171452
155.9036,170541
155.9077,170682
155.9118,170756
155.9159,170319
155.9199,171229
155.9240,170882
155.9281,171425
155.9322,171367
155.9363,170558
155.9405,170976
155.9447,170923
155.9487,170847
155.9488,170953
155.9527,170337
155.9568,170963
155.9609,171130
155.9650,171171
155.9691,171176
155.9732,170426
155.9773,170721
155.9814,170325
155.9855,170868
155.9896,170951
155.9936,170151
155.9977,171236
156.0018,170648
156.0060,171037
156.0101,171227
156.0142,170024
156.0182,171268
156.0224,170719
156.0264,170799
156.0305,170528
156.0346,170149
156.0387,171484
156.0427,170363
156.0468,170774
156.0510,170969
156.0551,170042
156.0592,171687
156.0633,171106
156.0674,171066
156.0716,170695
156.0758,170386
156.0759,172313
156.0797,170567
156.0838,170407
156.0878,171425
156.0920,169803
156.0961,171725
156.1002,170388
156.1043,171418
156.1084,170676
156.1124,170356
156.1165,171922
156.1207,170470
156.1248,170471
156.1288,171424
156.1329,170342
156.1370,171391
156.1411,170329
156.1454,170674
156.1494,171362
156.1533,171074
156.1574,171733
156.1615,170253
156.1656,170875
156.1697,170782
156.1738,170845
156.1779,171561
156.1820,170137
156.1861,170626
156.1902,170955
156.1943,170318
156.1986,171896
156.2029,170827
156.2030,170674
156.2067,170199
156.2108,170371
156.2148,171948
156.2189,170332
156.2230,170575
156.2271,171428
156.2312,170421
156.2353,171405
156.2394,170118
156.2435,171041
156.2475,171020
156.2517,170868
156.2557,171261
156.2598,170505
156.2640,170773
156.2681,171129
156.2722,171110
156.2763,171489
156.2804,169734
156.2846,171211
156.2885,170307
156.2926,171086
156.2967,171069
156.3008,170299
156.3049,170817
156.3091,170839
156.3132,170380
156.3173,171035
156.3213,170424
156.3257,170363
156.3297,170979
156.3298,170924
156.3337,170970
156.3377,170705
156.3418,170649
156.3460,170789
156.3500,170982
156.3542,171272
156.3582,170480
156.3623,170484
156.3664,170522
156.3705,170846
156.3746,171071
156.3787,170602
156.3828,170806
156.3870,170793
156.3910,170469
156.3951,170763
156.3992,170455
156.4032,170435
156.4074,171192
156.4114,170850
156.4154,170243
156.4196,170584
156.4237,171062
156.4279,170395
156.4320,171187
156.4360,170407
156.4400,170308
156.4442,171190
156.4484,170534
156.4527,170555
156.4569,170712
156.4570,170295
156.4605,171142
156.4647,171099
156.4688,171048
156.4729,170416
156.4776,171237
156.4810,170601
156.4851,170979
156.4893,171073
156.4934,170263
156.4975,170936
156.5016,171168
156.5057,171012
156.5098,170968
156.5139,170127
156.5179,170959
156.5220,170312
156.5261,171083
156.5301,170520
156.5343,169697
156.5385,171219
156.5426,170731
156.5467,170539
156.5507,170827
156.5547,170046
156.5589,171608
156.5630,171111
156.5670,170577
156.5711,170499
156.5753,170168
156.5796,171567
156.5836,170362
156.5876,170934
156.5876,170588
156.5916,170110
156.5958,171568
156.5998,170444
156.6039,170874
156.6081,170682
156.6122,170032
156.6162,171927
156.6203,170114
156.6244,170903
156.6285,170780
156.6326,169863
156.6367,171848
156.6407,170502
156.6449,170587
156.6489,171067
156.6530,170685
156.6572,171954
156.6612,170569
156.6653,171171
156.6694,171113
156.6735,170839
156.6776,171619
156.6817,170745
156.6858,171139
156.6899,170882
156.6940,170654
156.6981,171722
156.7022,169796
156.7066,170888
156.7106,170489
156.7148,170780
156.7149,171750
156.7186,170137
156.7227,170725
156.7268,170690
156.7309,170381
156.7350,171146
156.7391,170004
156.7432,170682
156.7473,170794
156.7514,170768
156.7555,170965
156.7596,170011
156.7637,170727
156.7678,170422
156.7719,170273
156.7760,171409
156.7801,170385
156.7842,171037
156.7883,171102
156.7924,170604
156.7964,171159
156.8006,170068
156.8046,170531
156.8088,170845
156.8129,170725
156.8170,171468
156.8210,170573
156.8251,170700
156.8293,170810
156.8335,170674
156.8373,171068
156.8417,170353
156.8417,170856
156.8456,170784
156.8497,170504
156.8538,171052
156.8579,170250
156.8620,171341
156.8661,171279
156.8702,171149
156.8743,171160
156.8784,170468
156.8825,170640
156.8866,171265
156.8907,170550
156.8948,170900
156.8989,169881
156.9029,170790
156.9071,170347
156.9111,170592
156.9152,170839
156.9193,169935
156.9234,171427
156.9275,171092
156.9316,170311
156.9358,171078
156.9398,170527
156.9438,170700
156.9480,171009
156.9521,170731
156.9562,171048
156.9605,170544
156.9645,170877
156.9686,170962
156.9687,171399
156.9726,170579
156.9767,170707
156.9807,170677
156.9849,170745
156.9890,170430
156.9931,170037
156.9971,170565
157.0012,170469
157.0053,170611
157.0094,170486
157.0135,170053
157.0176,170504
157.0224,170495
157.0257,170440
157.0298,171229
157.0339,170482
157.0380,171115
157.0422,170927
157.0462,170752
157.0503,170979
157.0545,170296
157.0587,171498
157.0628,170944
157.0668,171001
157.0708,170707
157.0750,170135
157.0791,171124
157.0832,170967
157.0873,170561
157.0916,170914
157.0956,169576
157.0957,171439
157.0996,170981
157.1036,170395
157.1077,170470
157.1118,170312
157.1159,171537
157.1200,170268
157.1241,170979
157.1282,171271
157.1323,169452
157.1364,171918
157.1405,170564
157.1446,171343
157.1487,171346
157.1528,170603
157.1569,171766
157.1610,170642
157.1651,171054
157.1692,171453
157.1733,170123
157.1774,171501
157.1815,170447
157.1856,171160
157.1897,171045
157.1938,170669
157.1979,171514
157.2020,170342
157.2060,170497
157.2102,170669
157.2143,170376
157.2185,171381
157.2226,170283
157.2226,171096
157.2265,171073
157.2305,170895
157.2348,171461
157.2388,170576
157.2428,170914
157.2470,170730
157.2511,170798
157.2552,171404
157.2593,170401
157.2633,170800
157.2675,171059
157.2716,170665
157.2757,171145
157.2798,170124
157.2839,170643
157.2879,170602
157.2921,170840
157.2962,171673
157.3003,169805
157.3043,170729
157.3084,171062
157.3125,170463
157.3166,171693
157.3207,170568
157.3248,170811
157.3289,170986
157.3330,170812
157.3370,171491
157.3412,170313
157.3455,170050
157.3496,170869
157.3496,170406
157.3535,171251
157.3576,170099
157.3617,170915
157.3658,171038
157.3699,170191
157.3740,171113
157.3780,169728
157.3822,170921
157.3862,170874
157.3903,170626
157.3944,171312
157.3985,170092
157.4026,170509
157.4068,171281
157.4108,170903
157.4150,171157
157.4191,170236
157.4230,171082
157.4272,171205
157.4313,170741
157.4354,170769
157.4395,170162
157.4436,170358
157.4477,170932
157.4518,170861
157.4559,170287
157.4600,170496
157.4641,170400
157.4681,170750
157.4725,170853
157.4765,170978
157.4766,171057
157.4805,170914
157.4845,170986
157.4887,170745
157.4927,170279
157.4968,170693
157.5009,170757
157.5050,170902
157.5091,171620
157.5132,170310
157.5174,170356
157.5214,170818
157.5256,170790
157.5295,171252
157.5337,170094
157.5378,170252
157.5418,170865
157.5460,170769
157.5501,170911
157.5541,170449
157.5584,170173
157.5623,170772
157.5665,170951
157.5706,170959
157.5747,169988
157.5788,171035
157.5829,170469
157.5869,170998
157.5911,170715
157.5952,169985
157.5994,171227
157.6035,170525
157.6076,171383
157.6077,170829
157.6116,170232
157.6156,171281
157.6197,170409
157.6238,170562
157.6279,170736
157.6320,170335
157.6361,171878
157.6402,170330
157.6443,171065
157.6484,171046
157.6524,170386
157.6565,171733
157.6606,169899
157.6648,170286
157.6689,170931
157.6730,170630
157.6771,171800
157.6812,170228
157.6853,171254
157.6894,170898
157.6934,170596
157.6975,171549
157.7016,170334
157.7057,171156
157.7098,170934
157.7139,170429
157.7180,172217
157.7221,169687
157.7266,171457
157.7305,171016
157.7343,170589
157.7344,171900
157.7385,170087
157.7426,170922
157.7467,171142
157.7508,170378
157.7549,171791
157.7590,169853
157.7631,171013
157.7672,171213
157.7712,170281
157.7754,171449
157.7795,170307
157.7836,170837
157.7877,170705
157.7918,170990
157.7959,171105
157.8000,170283
157.8040,170847
157.8081,170713
157.8122,170301
157.8163,171261
157.8205,170002
157.8246,170808
157.8286,170901
157.8327,170565
157.8367,171268
157.8409,170369
157.8450,170800
157.8491,171238
157.8534,170811
157.8575,171150
157.8615,170138
157.8616,170644
157.8655,170898
157.8696,170366
157.8737,171511
157.8778,170042
157.8819,171360
157.8860,171200
157.8901,170242
157.8942,171829
157.8982,170433
157.9024,171077
157.9065,170706
157.9106,170891
157.9146,171114
157.9188,170773
157.9228,170626
157.9269,171308
157.9310,170844
157.9351,171257
157.9392,170442
157.9433,170432
157.9474,171008
157.9515,170677
157.9556,170970
157.9597,170189
157.9637,170369
157.9679,170905
157.9720,170713
157.9761,170671
157.9803,170368
157.9844,171317
157.9884,170665
157.9885,170583
157.9925,171005
157.9965,170359
158.0006,171326
158.0047,171055
158.0088,171099
158.0129,170971
158.0171,170511
158.0211,170726
158.0252,170607
158.0293,170552
158.0334,170111
158.0375,170221
158.0416,170898
158.0457,170742
158.0498,171040
158.0538,169867
158.0580,170977
158.0621,171148
158.0662,170335
158.0702,170734
158.0744,170026
158.0785,170600
158.0826,170836
158.0866,170992
158.0908,170764
158.0949,170085
158.0990,171220
158.1031,170928
158.1072,170939
158.1114,171101
158.1153,170345
158.1154,170762
158.1194,170875
158.1235,170771
158.1276,170778
158.1318,170267
158.1358,171259
158.1399,170733
158.1439,170739
158.1481,170634
158.1522,170617
158.1563,171644
158.1604,170399
158.1645,170983
158.1686,170909
158.1726,170359
158.1769,171570
158.1808,171010
158.1849,170623
158.1890,171214
158.1932,170003
158.1973,171783
158.2013,170615
158.2054,170969
158.2095,170731
158.2136,170523
158.2177,171811
158.2218,170264
158.2259,170428
158.2300,171217
158.2341,169791
158.2382,171657
158.2423,170478
158.2424,170654
158.2464,171177
158.2505,169706
158.2546,171890
158.2586,170164
158.2627,171012
158.2669,171335
158.2710,170874
158.2751,171465
158.2792,170851
158.2833,170968
158.2874,171097
158.2915,170442
158.2955,171655
158.2996,170429
158.3037,170950
158.3078,170936
158.3119,170904
158.3160,171553
158.3201,170113
158.3242,171198
158.3283,170847
158.3324,170358
158.3364,171465
158.3406,170205
158.3447,170538
158.3488,170916
158.3529,171038
158.3570,171778
158.3611,170825
158.3653,170727
158.3694,171040
158.3695,171098
158.3734,171569
158.3775,170069
158.3816,170778
158.3857,170846
158.3898,170772
158.3938,171431
158.3980,170159
158.4020,171056
158.4061,170830
158.4102,170704
158.4143,171417
158.4184,170414
158.4225,171027
158.4266,170885
158.4308,171124
158.4348,171432
158.4389,170667
158.4430,170644
158.4471,170862
158.4512,170356
158.4553,171240
158.4594,169725
158.4635,170860
158.4676,170862
158.4717,170760
158.4758,171111
158.4799,170486
158.4840,170382
158.4882,170453
158.4924,171181
158.4964,170777
158.4965,170360
158.5003,171093
158.5044,170909
158.5086,170616
158.5126,170807
158.5168,171031
158.5209,170624
158.5249,170707
158.5289,170332
158.5330,170360
158.5371,170154
158.5412,170965
158.5453,171295
158.5494,171082
158.5535,170492
158.5576,170795
158.5617,171041
158.5659,170637
158.5699,171067
158.5741,170453
158.5782,170378
158.5823,170652
158.5863,170988
158.5904,171078
158.5946,170578
158.5987,170764
158.6029,171400
158.6069,170320
158.6109,170742
158.6150,170430
158.6193,171202
158.6234,170624
158.6235,171081
158.6273,170645
158.6314,170416
158.6355,171060
158.6395,170707
158.6436,171397
158.6477,171184
158.6518,170058
158.6559,171062
158.6600,170928
158.6641,171030
158.6683,170690
158.6724,170355
158.6765,171782
158.6806,170728
158.6847,171039
158.6888,170865
158.6929,170611
158.6969,171486
158.7010,170757
158.7051,170761
158.7092,171175
158.7133,170487
158.7174,172119
158.7215,170507
158.7256,170906
158.7298,170566
158.7338,170632
158.7379,171619
158.7420,169540
158.7463,171068
158.7503,170903
158.7504,170293
158.7543,171533
158.7584,170109
158.7626,171253
158.7666,170635
158.7707,170389
158.7748,171899
158.7789,169875
158.7830,170697
158.7871,171348
158.7912,170608
158.7952,171730
158.7993,170561
158.8034,170886
158.8075,170493
158.8116,170101
158.8157,171390
158.8197,169975
158.8239,170810
158.8280,170818
158.8321,171132
158.8361,171483
158.8403,170335
158.8444,171147
158.8484,171507
158.8526,170609
158.8567,171488
158.8608,170855
158.8649,170951
158.8690,170924
158.8733,170810
158.8774,171264
158.8776,169714
158.8812,170931
158.8852,171344
158.8894,171190
158.8934,171793
158.8975,170220
158.9017,170673
158.9058,170637
158.9099,170887
158.9139,171534
158.9180,170548
158.9221,171218
158.9262,171208
158.9303,171228
158.9344,171372
158.9385,170642
158.9426,171043
158.9467,171409
158.9508,170456
158.9549,171511
158.9590,170732
158.9632,170599
158.9673,170762
158.9715,170589
158.9754,171097
158.9795,170753
158.9836,170865
158.9877,170693
158.9918,170738
158.9959,171118
159.0001,171360
159.0042,170475
159.0082,170952
159.0083,170852
159.0122,170915
159.0163,170753
159.0204,170644
159.0246,170868
159.0288,170978
159.0328,170333
159.0369,171177
159.0410,170557
159.0451,171247
159.0492,170719
159.0532,170448
159.0574,170334
159.0615,170677
159.0655,171015
159.0696,170871
159.0738,170154
159.0779,170612
159.0819,170836
159.0860,170962
159.0901,170712
159.0942,170697
159.0983,171722
159.1025,170846
159.1065,170699
159.1106,170754
159.1148,170539
159.1188,171039
159.1229,171272
159.1272,170983
159.1313,171247
159.1353,170577
159.1354,171448
159.1393,170909
159.1434,171004
159.1475,171083
159.1516,170408
159.1557,171158
159.1598,171397
159.1639,171007
159.1680,171089
159.1721,170136
159.1762,171685
159.1803,171180
159.1844,170825
159.1884,170918
159.1925,170130
159.1967,171471
159.2008,170621
159.2048,171061
159.2089,170726
159.2130,170538
159.2171,171835
159.2212,170540
159.2253,170660
159.2294,171142
159.2335,170246
159.2376,172184
159.2417,171387
159.2459,171160
159.2499,171373
159.2542,170541
159.2583,172020
159.2623,171049
159.2624,171272
159.2663,170788
159.2703,170707
159.2745,171870
159.2786,170658
159.2827,171180
159.2868,170845
159.2908,170985
159.2949,171795
159.2990,170588
159.3031,170615
159.3072,170803
159.3113,170639
159.3154,171924
159.3194,170582
159.3236,170853
159.3278,170698
159.3319,170802
159.3358,171961
159.3400,170634
159.3441,170941
159.3482,171071
159.3523,170984
159.3564,171795
159.3605,170210
159.3646,170436
159.3687,171094
159.3728,170853
159.3769,172330
159.3809,170517
159.3852,170861
159.3894,171226
159.3894,170648
159.3932,171772
159.3973,170407
159.4014,170735
159.4055,171317
159.4096,170861
159.4138,171103
159.4178,170453
159.4219,171286
159.4259,170866
159.4301,170576
159.4342,171313
159.4383,170723
159.4424,170858
159.4465,171408
159.4506,170207
159.4547,171628
159.4588,170788
159.4629,170971
159.4670,171325
159.4711,170992
159.4752,171101
159.4793,170763
159.4834,171124
159.4875,171645
159.4916,171173
159.4956,171627
159.4997,170674
159.5039,170780
159.5079,171089
159.5122,171156
159.5163,170929
159.5163,169938
159.5201,170782
159.5243,171022
159.5284,170387
159.5325,171166
159.5366,170514
159.5407,171343
159.5448,170932
159.5489,170660
159.5529,170910
159.5571,170981
159.5612,170866
159.5653,171095
159.5694,170688
159.5734,170653
159.5776,170703
159.5817,171231
159.5857,171105
159.5898,170649
159.5939,170233
159.5981,170628
159.6022,170804
159.6062,170720
159.6104,170476
159.6144,170253
159.6185,170788
159.6226,170914
159.6268,170795
159.6308,171385
159.6349,170230
159.6392,170551
159.6432,171014
159.6432,170800
159.6472,170451
159.6513,170426
159.6554,171195
159.6595,170343
159.6636,171189
159.6676,171319
159.6718,170008
159.6759,171148
159.6799,170986
159.6840,170963
159.6881,170814
159.6922,170334
159.6963,171281
159.7004,170411
159.7045,171198
159.7086,170787
159.7128,170405
159.7168,171704
159.7209,171014
159.7250,170308
159.7291,170534
159.7332,170005
159.7373,171908
159.7414,170548
159.7455,170510
159.7496,170661
159.7537,170207
159.7578,171727
159.7619,170498
159.7662,170633
159.7702,170643
159.7703,170810
159.7741,171505
159.7782,170544
159.7824,171570
159.7864,170832
159.7904,170125
159.7946,171477
159.7987,170281
159.8027,171048
159.8069,170412
159.8109,170399
159.8150,171304
159.8192,170721
159.8233,171154
159.8274,171167
159.8315,170268
159.8355,171797
159.8397,169846
159.8438,171040
159.8479,170877
159.8520,170423
159.8561,171666
159.8601,170273
159.8643,170336
159.8684,170615
159.8724,170612
159.8765,171593
159.8806,170239
159.8847,171167
159.8888,171034
159.8931,170490
159.8972,171514
159.9012,169905
159.9013,171401
159.9052,171149
159.9093,170153
159.9134,170957
159.9175,170758
159.9216,170698
159.9258,171078
159.9298,170748
159.9338,171253
159.9379,170384
159.9421,170747
159.9462,171055
159.9503,171072
159.9544,171687
159.9585,170383
159.9625,170277
159.9666,170676
159.9708,170794
159.9749,171558
159.9790,170520
159.9830,170963
159.9871,171299
159.9912,170606
159.9953,171522
159.9994,170587
160.0035,170654
160.0076,170695
160.0117,169730
160.0158,170959
160.0201,169665
160.0242,170460
160.0282,170898
160.0283,171028
160.0322,171018
160.0362,170337
160.0404,170574
160.0445,170909
160.0486,170925
160.0527,170953
160.0569,170707
160.0609,170597
160.0650,170556
160.0691,170388
160.0732,171013
160.0772,170460
160.0812,170879
160.0853,170184
160.0896,170735
160.0937,170478
160.0978,170042
160.1019,170979
160.1059,170841
160.1100,170430
160.1141,170657
160.1182,170267
160.1223,170602
160.1264,170704
160.1305,170357
160.1346,169816
160.1388,170502
160.1428,170254
160.1471,170544
160.1510,171004
160.1551,170380
160.1553,170372
160.1592,170454
160.1633,170681
160.1673,170338
160.1715,170229
160.1755,170690
160.1796,170763
160.1837,171063
160.1877,170707
160.1918,170755
160.1960,170825
160.2000,170838
160.2042,171050
160.2082,170797
160.2123,170607
160.2164,171556
160.2205,170538
160.2247,170770
160.2287,171009
160.2328,170173
160.2369,171817
160.2410,170199
160.2451,170865
160.2492,170895
160.2533,169425
160.2574,171969
160.2615,170204
160.2655,170631
160.2697,170711
160.2742,170016
160.2783,171949
160.2823,170745
160.2827,170628
160.2862,170889
160.2902,170445
160.2944,172119
160.2985,170206
160.3025,170835
160.3066,170329
160.3108,170198
160.3148,172030
160.3189,170738
160.3230,170776
160.3271,171198
160.3312,170386
160.3352,171605
160.3394,170527
160.3435,170763
160.3476,171147
160.3517,170269
160.3557,171572
160.3598,170204
160.3640,170974
160.3681,170832
160.3722,171136
160.3763,171340
160.3804,169939
160.3845,170949
160.3886,170932
160.3927,169825
160.3968,171759
160.4010,170202
160.4053,170572
160.4091,170827
160.4092,171111
160.4131,171183
160.4171,170109
160.4212,170610
160.4253,171014
160.4294,170653
160.4335,171258
160.4376,169939
160.4417,170482
160.4458,170383
160.4499,170725
160.4540,171252
160.4581,170173
160.4622,170941
160.4663,171075
160.4704,170086
160.4745,171099
160.4787,170465
160.4828,170874
160.4869,170950
160.4909,171311
160.4949,171446
160.4991,170008
160.5032,170971
160.5073,171033
160.5113,170328
160.5154,171344
160.5195,170585
160.5237,170553
160.5282,170475
160.5322,170640
160.5362,171358
160.5362,170161
160.5400,170975
160.5441,170825
160.5482,170833
160.5523,171115
160.5564,170159
160.5604,170814
160.5645,170608
160.5687,170964
160.5728,170758
160.5768,170299
160.5809,170597
160.5850,170997
160.5891,170728
160.5932,170694
160.5973,170192
160.6015,171344
160.6055,170675
160.6096,170324
160.6137,169989
160.6178,170124
160.6219,170356
160.6260,170807
160.6301,170959
160.6342,169959
160.6383,169918
160.6424,170654
160.6465,170883
160.6506,170547
160.6547,170531
160.6591,170333
160.6632,170905
160.6633,170963
160.6670,170718
160.6711,170585
160.6751,170632
160.6794,170688
160.6834,170908
160.6874,170759
160.6915,170232
160.6957,170885
160.6998,170850
160.7038,170312
160.7079,170557
160.7120,170107
160.7161,170535
160.7202,170579
160.7243,170936
160.7285,171075
160.7326,170349
160.7367,171316
160.7408,170528
160.7449,171053
160.7490,170649
160.7531,170136
160.7572,171430
160.7613,170526
160.7654,170792
160.7695,170635
160.7736,169842
160.7777,171697
160.7818,170308
160.7859,170692
160.7901,170761
160.7902,170314
160.7939,171848
160.7980,170941
160.8022,171060
160.8062,171195
160.8105,170335
160.8144,171965
160.8185,171169
160.8227,171281
160.8267,171071
160.8308,170023
160.8349,171935
160.8391,170475
160.8432,171071
160.8473,171158
160.8515,169986
160.8555,171987
160.8596,170768
160.8637,170869
160.8678,170699
160.8719,170215
160.8760,171526
160.8800,170096
160.8841,170940
160.8882,171322
160.8923,170121
160.8964,171907
160.9005,170318
160.9046,170307
160.9088,170606
160.9130,170187
160.9171,171426
160.9171,170433
160.9210,170852
160.9250,170875
160.9291,169849
160.9332,171234
160.9374,169996
160.9415,171133
160.9456,170919
160.9497,170597
160.9538,171144
160.9578,169666
160.9619,170497
160.9660,171003
160.9701,170420
160.9742,171535
160.9783,170084
160.9824,170801
160.9865,170822
160.9906,170387
160.9948,171453
160.9988,170190
161.0029,171229
161.0069,170627
161.0110,170575
161.0151,171073
161.0192,170103
161.0234,170910
161.0274,170356
161.0315,170643
161.0358,170988
161.0399,169777
161.0439,170994
161.0440,170354
161.0479,170478
161.0520,171210
161.0562,170002
161.0603,170580
161.0643,171313
161.0685,170820
161.0725,171058
161.0766,170268
161.0807,170242
161.0847,171028
161.0889,170661
161.0930,170978
161.0971,170413
161.1013,170835
161.1052,170948
161.1094,171078
161.1135,170690
161.1176,170269
161.1218,170751
161.1257,170797
161.1301,170171
161.1339,170576
161.1380,170404
161.1421,170584
161.1463,171076
161.1503,170785
161.1544,170482
161.1586,170212
161.1626,170931
161.1667,170820
161.1708,170320
161.1749,170055
161.1750,169993
161.1790,170546
161.1831,170466
161.1872,170202
161.1913,170656
161.1954,170228
161.1995,170405
161.2040,170605
161.2078,170445
161.2121,169401
161.2161,170177
161.2205,170529
161.2244,170792
161.2290,170542
161.2322,169676
161.2365,171125
161.2407,171028
161.2445,170699
161.2486,170871
161.2527,169440
161.2571,170748
161.2609,171413
161.2650,171096
161.2691,170194
161.2736,170344
161.2774,171123
161.2814,171012
161.2855,170757
161.2902,171092
161.2938,170054
161.2978,171014
161.3020,170675
161.3021,171226
161.3072,170823
161.3100,169658
161.3141,171524
161.3182,170777
161.3224,170736
161.3264,171044
161.3305,169725
161.3346,171981
161.3391,170791
161.3428,171224
161.3469,171025
161.3510,170548
161.3555,171525
161.3593,170455
161.3634,170269
161.3674,171034
161.3723,170627
161.3755,171933
161.3797,169859
161.3838,170995
161.3881,170564
161.3923,170849
161.3962,171358
161.4002,170420
161.4053,170899
161.4088,170771
161.4124,169998
161.4165,171571
161.4221,170206
161.4248,171158
161.4289,171293
161.4290,170485
161.4329,171405
161.4392,170243
161.4411,170567
161.4452,171473
161.4493,170873
161.4534,171414
161.4579,170416
161.4616,170923
161.4657,171067
161.4698,171123
161.4745,171791
161.4781,170743
161.4821,171152
161.4862,170624
161.4909,170466
161.4947,171490
161.4984,170914
161.5026,170922
161.5068,170341
161.5107,170499
161.5148,171875
161.5190,170363
161.5233,171038
161.5277,170677
161.5312,170998
161.5353,171748
161.5402,170436
161.5435,170764
161.5478,170959
161.5519,170556
161.5558,171220
161.5560,170208
161.5599,170920
161.5640,171107
161.5681,170780
161.5726,171445
161.5762,170812
161.5803,170418
161.5844,170835
161.5888,170861
161.5928,171158
161.5969,171098
161.6010,170668
161.6068,170969
161.6093,170659
161.6131,171603
161.6172,170571
161.6222,170929
161.6256,170942
161.6295,171631
161.6336,171305
161.6391,170575
161.6422,170979
161.6459,171365
161.6500,171074
161.6558,170845
161.6582,170477
161.6624,170708
161.6664,170279
161.6717,171137
161.6746,170894
161.6788,170816
161.6829,170828
161.6829,170763
161.6884,171123
161.6917,170821
161.6950,170700
161.6991,170198
161.7032,171171
161.7082,170565
161.7114,170361
161.7155,170374
161.7197,170870
161.7241,171492
161.7279,170763
161.7320,170478
161.7361,170023
161.7405,170926
161.7442,170812
161.7483,171033
161.7525,169910
161.7571,170612
161.7606,170314
161.7647,170704
161.7688,170908
161.7731,170405
161.7770,170699
161.7810,170952
161.7853,171239
161.7899,171218
161.7934,170023
161.7974,171336
161.8015,170945
161.8065,171449
161.8100,171258
161.8101,170005
161.8139,170866
161.8179,170884
161.8225,170866
161.8264,170468
161.8302,170769
161.8343,171155
161.8385,170616
161.8433,170737
161.8466,170833
161.8507,170414
161.8555,171488
161.8589,171053
161.8630,170471
161.8671,170637
161.8717,170431
161.8759,172314
161.8796,170694
161.8835,171085
161.8890,170826
161.8917,170639
161.8957,171922
161.8998,170408
161.9059,171102
161.9081,171031
161.9127,169949
161.9162,172248
161.9214,170268
161.9247,170920
161.9289,171466
161.9327,170155
161.9369,171363
161.9371,170577
161.9412,170909
161.9449,171488
161.9490,170492
161.9532,171534
161.9574,170699
161.9613,171170
161.9653,171067
161.9695,170341
161.9742,171486
161.9777,170337
161.9817,170420
161.9859,170975
161.9903,170225
161.9941,171675
161.9982,170347
162.0023,170830
162.0066,171028
162.0104,170610
162.0145,171690
162.0187,170455
162.0230,171020
162.0271,170541
162.0309,171164
162.0350,171702
162.0406,170067
162.0439,170976
162.0473,171041
162.0514,169985
162.0565,171009
162.0597,170114
162.0638,171232
162.0680,170901
162.0684,170714
162.0722,171617
162.0762,170333
162.0801,170825
162.0841,170722
162.0900,170552
162.0926,171176
162.0964,170673
162.1006,170574
162.1059,170936
162.1092,170983
162.1130,171377
162.1169,170429
162.1223,170558
162.1256,170760
162.1299,170889
162.1333,171653
162.1393,170539
162.1416,170799
162.1456,170715
162.1497,170387
162.1563,170854
162.1583,170202
162.1620,170577
162.1661,170980
162.1722,170696
162.1748,170879
162.1784,170813
162.1824,171213
162.1890,170966
162.1909,170537
162.1948,170584
162.1949,170542
162.1988,170546
162.2029,170892
162.2071,170259
162.2111,171213
162.2152,170343
162.2194,170641
162.2239,170658
162.2275,170684
162.2316,170241
162.2359,170243
162.2403,170319
162.2440,171044
162.2480,170879
162.2522,169886
162.2567,170703
162.2607,171186
162.2644,171650
162.2685,170814
162.2726,170391
162.2769,170351
162.2807,170493
162.2849,170501
162.2893,171209
162.2933,170022
162.2973,170668
162.3013,171107
162.3066,170786
162.3095,170982
162.3137,170360
162.3177,170801
162.3218,170857
162.3233,171025
162.3261,170564
162.3300,169717
162.3340,171003
162.3385,170620
162.3425,171142
162.3472,170935
162.3507,170171
162.3550,171425
162.3589,170626
162.3639,170721
162.3668,170750
162.3713,170173
162.3751,171433
162.3798,170938
162.3839,170577
162.3892,170765
162.3914,170407
162.3962,171724
162.3996,170382
162.4037,170955
162.4086,171032
162.4120,169877
162.4160,171786
162.4215,170473
162.4249,170562
162.4288,171043
162.4323,170220
162.4364,172126
162.4414,170189
162.4447,170783
162.4488,170826
162.4489,170559
162.4528,171357
162.4576,169811
162.4610,170994
162.4651,171203
162.4691,170642
162.4737,171811
162.4773,170149
162.4814,171167
162.4856,171078
162.4898,170371
162.4941,172074
162.4978,170608
162.5019,170944
162.5062,170878
162.5105,170653
162.5144,171537
162.5183,170542
162.5231,170927
162.5267,171426
162.5307,170512
162.5347,171547
162.5399,170334
162.5429,170891
162.5470,171190
162.5511,170453
162.5568,171441
162.5593,170632
162.5634,170169
162.5675,170904
162.5718,170456
162.5760,171633
162.5761,170598
162.5798,170543
162.5838,170823
162.5892,170382
162.5928,171245
162.5962,169772
162.6003,170554
162.6060,170093
162.6088,170634
162.6129,171150
162.6166,170184
162.6209,170869
162.6256,171074
162.6293,170492
162.6333,171334
162.6387,170037
162.6420,170550
162.6456,170756
162.6494,170097
162.6554,171695
162.6578,169774
162.6621,171247
162.6658,170883
162.6715,170488
162.6742,171244
162.6784,170052
162.6827,170067
162.6863,170650
162.6908,170293
162.6953,170987
162.6986,169714
162.7028,170023
162.7029,170444
162.7073,170394
162.7109,171341
162.7157,170464
162.7190,171022
162.7237,170748
162.7272,171029
162.7313,171005
162.7355,170085
162.7401,170963
162.7439,171001
162.7483,170908
162.7519,170274
162.7565,170549
162.7606,170772
162.7641,170826
162.7682,170919
162.7727,170430
162.7769,170180
162.7807,170211
162.7846,170891
162.7894,171075
162.7932,170438
162.7974,170525
162.8010,170728
162.8053,170461
162.8093,171276
162.8132,170299
162.8173,170350
162.8230,170816
162.8256,170310
162.8298,170391
162.8299,169434
162.8337,170447
162.8387,170858
162.8420,170449
162.8464,170819
162.8501,170019
162.8553,170895
162.8588,171051
162.8630,170370
162.8666,170391
162.8721,169482
162.8748,171239
162.8793,170649
162.8831,171167
162.8878,170649
162.8918,169961
162.8953,171102
162.8992,170438
162.9035,170690
162.9082,170382
162.9123,169686
162.9157,171417
162.9211,170295
162.9247,171285
162.9282,170709
162.9321,170008
162.9377,171748
162.9405,170471
162.9446,170530
162.9485,171105
162.9545,169733
162.9566,171918
162.9607,170354
162.9608,170557
162.9647,170532
162.9691,170467
162.9732,171762
162.9774,170051
162.9812,171260
162.9852,170422
162.9899,170435
162.9936,172020
162.9976,170380
163.0017,170582
163.0062,170107
163.0104,170422
163.0140,171545
163.0180,170770
163.0224,170002
163.0263,170720
163.0304,170206
163.0344,172100
163.0392,170562
163.0433,170479
163.0468,170903
163.0510,169686
163.0556,171490
163.0591,170247
163.0632,171255
163.0672,170709
163.0713,170379
163.0755,171182
163.0796,170060
163.0837,170646
163.0877,170535
163.0889,170460
163.0920,171593
163.0958,170099
163.0999,170457
163.1046,170891
163.1085,170580
163.1123,171373
163.1163,170202
163.1224,170244
163.1248,170587
163.1291,170228
163.1327,171369
163.1377,170404
163.1410,170945
163.1451,170885
163.1491,170793
163.1546,171087
163.1580,170052
163.1615,170675
163.1655,171454
163.1707,170583
163.1749,171636
163.1778,170348
163.1819,170523
163.1860,170861
163.1904,171228
163.1942,170675
163.1982,170460
163.2024,170189
163.2067,171452
163.2108,171393
163.2147,170996
163.2148,170441
163.2187,170552
163.2235,171000
163.2269,170659
163.2310,171085
163.2352,170367
163.2394,170763
163.2434,170980
163.2474,170871
163.2515,170512
163.2560,170612
163.2598,170856
163.2638,170908
163.2680,171239
163.2723,170524
163.2763,170448
163.2802,170800
163.2843,171240
163.2891,170607
163.2927,170721
163.2966,170438
163.3007,170931
163.3050,171167
163.3094,170529
163.3129,170376
163.3170,169776
163.3220,170902
163.3253,170576
163.3293,169988
163.3334,169651
163.3376,170400
163.3417,170442
163.3418,170513
163.3457,170221
163.3497,170267
163.3548,170222
163.3581,170484
163.3621,171021
163.3661,170937
163.3717,169790
163.3749,170299
163.3785,170423
163.3826,170781
163.3883,170766
163.3909,169852
163.3949,171331
163.3990,170834
163.4046,171124
163.4078,170897
163.4112,169944
163.4153,171179
163.4194,170538
163.4239,170662
163.4276,170445
163.4317,170010
163.4358,171557
163.4407,171272
163.4440,170578
163.4481,170488
163.4522,170032
163.4564,171130
163.4605,170258
163.4646,170280
163.4686,170204
163.4688,170145
163.4729,171401
163.4768,170566
163.4809,170555
163.4850,170900
163.4895,170355
163.4937,171558
163.4972,170699
163.5014,170489
163.5063,170566
163.5103,169903
163.5143,171417
163.5177,170545
163.5224,170987
163.5259,171122
163.5300,169910
163.5342,171514
163.5384,170612
163.5424,170637
163.5466,170479
163.5505,170020
163.5553,171756
163.5590,170561
163.5628,170733
163.5668,170612
163.5714,170036
163.5752,171496
163.5791,170555
163.5832,170303
163.5875,170558
163.5915,170360
163.5957,171607
163.5957,170509
163.5996,171183
163.6056,170566
163.6078,170131
163.6119,171205
163.6160,170402
163.6213,170713
163.6242,170329
163.6283,170813
163.6324,170783
163.6392,170573
163.6412,171008
163.6447,170761
163.6488,170022
163.6561,171374
163.6570,169919
163.6611,170439
163.6652,170828
163.6708,170497
163.6740,171452
163.6775,170043
163.6815,171103
163.6857,170739
163.6898,170409
163.6938,171395
163.6979,169813
163.7021,171165
163.7071,171090
163.7103,170841
163.7144,171264
163.7185,170137
163.7226,170887
163.7226,170995
163.7266,171011
163.7307,171370
163.7348,170170
163.7393,171506
163.7430,170966
163.7471,170754
163.7512,170816
163.7556,170288
163.7594,170502
163.7634,170962
163.7676,170831
163.7719,171357
163.7757,170918
163.7798,170900
163.7840,170340
163.7890,170251
163.7922,171097
163.7962,170284
163.8003,171196
163.8051,170545
163.8085,170496
163.8126,170349
163.8167,169483
163.8210,170593
163.8249,170654
163.8290,171122
163.8331,170263
163.8378,170251
163.8413,170358
163.8455,170866
163.8495,170215
163.8495,169920
163.8541,170628
163.8579,170856
163.8618,170942
163.8658,170049
163.8716,169848
163.8745,169838
163.8781,170430
163.8822,170886
163.8876,170542
163.8911,170177
163.8945,170285
163.8986,170216
163.9043,170255
163.9071,170477
163.9109,170113
163.9150,170270
163.9205,170270
163.9237,170681
163.9274,170747
163.9315,170031
163.9373,171218
163.9398,170848
163.9437,170737
163.9477,170476
163.9519,169658
163.9565,170680
163.9601,169927
163.9642,170393
163.9683,170389
163.9724,170163
163.9764,170754
163.9765,170649
163.9805,170681
163.9847,170803
163.9894,170256
163.9929,171664
163.9969,170905
164.0011,170667
164.0055,170512
164.0092,170199
164.0133,171801
164.0174,171431
164.0224,170646
164.0257,170858
164.0298,170770
164.0339,172200
164.0383,170524
164.0420,170848
164.0460,170786
164.0502,170488
164.0561,171580
164.0584,169909
164.0624,170082
164.0665,170444
164.0726,169403
164.0747,171623
164.0788,169891
164.0829,170094
164.0875,170615
164.0912,169812
164.0952,171297
164.0994,169675
164.1037,171020
164.1043,170825
164.1076,170101
164.1117,171198
164.1157,170125
164.1214,170509
164.1240,170534
164.1280,170535
164.1321,170865
164.1373,170240
164.1405,170490
164.1444,170530
164.1485,169852
164.1536,170744
164.1573,169580
164.1608,170702
164.1648,170695
164.1696,170502
164.1738,170546
164.1771,170166
164.1812,170757
164.1871,170983
164.1895,170190
164.1935,171322
164.1976,169828
164.2018,171070
164.2062,170775
164.2100,170200
164.2141,171013
164.2181,169750
164.2228,170724
164.2263,170397
164.2304,170818
164.2346,171429
164.2347,169592
164.2387,170568
164.2428,170469
164.2469,170499
164.2510,171475
164.2560,170001
164.2591,170541
164.2631,170938
164.2672,170713
164.2717,170559
164.2754,170141
164.2795,170462
164.2838,170685
164.2878,170967
164.2920,171047
164.2960,170191
164.3000,170823
164.3044,171218
164.3082,170437
164.3123,171175
164.3164,170608
164.3211,170457
164.3246,170898
164.3287,170592
164.3328,170439
164.3374,169837
164.3411,170797
164.3452,170452
164.3492,170302
164.3542,170869
164.3575,170135
164.3615,170673
164.3616,170610
164.3656,170834
164.3724,170474
164.3739,170354
164.3779,170869
164.3820,170713
164.3873,170482
164.3908,170154
164.3947,170229
164.3983,169949
164.4041,170315
164.4070,170763
164.4108,170221
164.4147,170506
164.4200,170682
164.4236,170521
164.4275,170514
164.4311,169755
164.4368,170859
164.4393,170016
164.4446,170419
164.4479,170664
164.4531,169592
164.4557,170622
164.4603,170890
164.4639,170877
164.4680,170479
164.4725,170338
164.4762,171368
164.4803,170407
164.4844,170292
164.4885,170852
164.4886,170373
164.4925,171218
164.4966,170785
164.5008,170948
164.5055,170992
164.5090,170623
164.5131,171119
164.5171,170818
164.5217,171206
164.5253,170788
164.5294,170390
164.5335,171280
164.5383,170601
164.5418,170939
164.5458,170862
164.5500,170208
164.5544,171847
164.5582,170441
164.5622,171270
164.5662,170702
164.5709,169976
164.5745,172053
164.5785,170194
164.5827,170655
164.5875,171024
164.5908,170281
164.5949,171771
164.5990,170568
164.6033,170128
164.6072,170575
164.6115,170299
164.6155,171715
164.6156,170330
164.6204,170830
164.6243,171047
164.6277,170122
164.6318,172031
164.6374,170528
164.6401,170311
164.6446,170896
164.6482,170586
164.6538,171334
164.6569,170658
164.6605,170607
164.6645,170844
164.6710,170679
164.6733,171907
164.6769,170257
164.6809,170487
164.6866,170509
164.6896,170196
164.6935,171236
164.6979,169744
164.7015,170721
164.7059,171303
164.7098,170264
164.7139,171423
164.7178,169901
164.7223,170766
164.7268,171507
164.7304,170645
164.7342,171277
164.7384,170325
164.7425,171119
164.7426,171371
164.7465,170456
164.7506,171472
164.7552,170873
164.7588,171441
164.7628,170742
164.7669,170923
164.7719,171409
164.7752,170580
164.7794,170992
164.7833,170873
164.7883,170510
164.7920,171137
164.7958,171104
164.7997,171147
164.8048,171004
164.8085,170797
164.8120,171446
164.8161,170126
164.8207,170744
164.8244,170459
164.8285,170910
164.8327,171360
164.8377,170389
164.8407,170901
164.8451,170747
164.8489,170846
164.8533,171121
164.8580,170909
164.8613,170395
164.8654,170656
164.8699,170279
164.8700,171302
164.8738,170614
164.8775,170138
164.8817,170990
164.8871,170383
164.8900,170819
164.8940,170395
164.8980,170519
164.9034,170634
164.9065,170840
164.9104,170828
164.9145,170338
164.9197,170710
164.9226,171116
164.9267,170768
164.9308,170830
164.9349,170708
164.9393,170603
164.9431,170484
164.9472,171133
164.9513,170894
164.9561,170877
164.9595,170508
164.9635,170617
164.9677,170777
164.9722,170281
164.9759,170612
164.9799,170811
164.9841,170642
164.9883,170400
164.9924,170219
164.9964,171277
164.9965,170905
165.0005,170753
165.0048,170663
165.0091,170530
165.0130,170658
165.0169,170318
165.0213,170852
165.0250,170942
165.0291,170285
165.0333,171194
165.0376,170854
165.0414,171164
165.0455,170985
165.0496,170919
165.0539,171466
165.0578,171273
165.0619,170595
165.0659,170700
165.0708,170285
165.0743,171402
165.0783,170585
165.0826,170947
165.0865,171079
165.0911,170390
165.0949,171461
165.0988,170808
165.1035,170463
165.1069,170967
165.1110,170108
165.1151,171724
165.1207,170624
165.1237,170215
165.1238,171076
165.1275,170250
165.1316,171763
165.1363,170996
165.1399,170803
165.1438,170653
165.1478,170229
165.1531,171267
165.1564,170754
165.1602,170999
165.1642,171169
165.1698,170474
165.1730,171504
165.1765,170218
165.1806,171192
165.1848,170789
165.1900,170676
165.1929,171396
165.1970,170291
165.2012,170654
165.2060,170866
165.2094,170271
165.2135,171115
165.2175,169867
165.2222,170485
165.2257,170765
165.2298,170522
165.2340,171725
165.2387,170634
165.2425,170391
165.2463,171063
165.2504,170521
165.2544,171466
165.2547,170521
165.2585,170722
165.2625,170853
165.2667,170780
165.2710,171782
165.2753,170624
165.2789,170992
165.2831,170963
165.2871,171162
165.2916,171229
165.2962,169925
165.2994,171127
165.3039,171026
165.3082,171229
165.3123,171206
165.3159,170706
165.3201,171140
165.3250,171004
165.3282,170958
165.3322,171153
165.3365,171005
165.3407,170621
165.3452,170940
165.3486,171359
165.3540,170976
165.3572,170898
165.3612,170834
165.3650,170936
165.3700,170775
165.3733,170774
165.3774,170675
165.3816,170997
165.3817,170890
165.3868,171252
165.3903,171482
165.3937,170674
165.3977,171038
165.4031,170877
165.4068,170608
165.4106,170552
165.4141,170374
165.4202,171238
165.4225,170419
165.4269,170507
165.4306,170929
165.4361,170228
165.4393,170406
165.4431,170793
165.4469,170544
165.4510,170921
165.4554,170940
165.4595,171056
165.4633,170612
165.4675,170473
165.4720,170065
165.4761,170117
165.4799,171074
165.4838,171181
165.4884,170579
165.4925,170745
165.4965,170471
165.5003,170917
165.5044,171363
165.5084,170482
165.5085,170441
165.5124,171101
165.5168,171295
165.5210,170690
165.5247,170941
165.5288,170372
165.5331,171329
165.5376,171026
165.5418,170779
165.5452,171320
165.5494,170688
165.5539,171254
165.5576,170870
165.5621,171063
165.5657,170831
165.5711,170304
165.5745,171027
165.5780,171030
165.5820,171016
165.5868,171475
165.5908,170003
165.5944,171056
165.5985,170574
165.6027,170825
165.6067,170681
165.6109,170523
165.6148,171905
165.6197,170736
165.6236,170729
165.6277,170814
165.6313,170364
165.6362,172122
165.6368,171027
165.6400,170729
165.6438,170826
165.6475,170470
165.6530,171831
165.6564,169628
165.6601,170545
165.6640,170499
165.6711,170168
165.6722,171445
165.6762,170847
165.6803,170726
165.6846,170874
165.6897,170542
165.6929,171316
165.6967,170034
165.7009,171043
165.7057,170791
165.7090,170157
165.7131,171473
165.7172,170606
165.7219,170619
165.7256,170744
165.7296,170548
165.7336,171844
165.7377,169816
165.7424,171213
165.7459,170857
165.7502,171000
165.7547,171557
165.7582,170035
165.7623,170382
165.7624,170694
165.7665,170726
165.7707,171475
165.7754,170158
165.7791,171260
165.7828,170729
165.7869,169877
165.7915,171742
165.7960,170538
165.7994,170809
165.8042,170320
165.8087,170200
165.8114,171911
165.8155,170333
165.8197,170601
165.8242,170806
165.8278,170730
165.8319,171522
165.8368,170395
165.8405,170650
165.8442,170578
165.8482,170578
165.8527,171060
165.8571,170594
165.8606,170102
165.8647,170626
165.8692,170491
165.8731,171253
165.8775,170277
165.8811,170630
165.8862,171043
165.8895,170266
165.8895,171677
165.8933,170985
165.8974,170948
165.9042,170627
165.9057,170693
165.9106,171902
165.9138,170795
165.9179,171039
165.9228,170682
165.9263,170616
165.9302,171094
165.9358,170821
165.9388,170594
165.9432,171077
165.9466,170811
165.9507,170798
165.9553,170543
165.9596,170712
165.9632,170519
165.9671,171121
165.9711,170806
165.9762,170491
165.9799,170403
165.9835,170750
165.9879,170586
165.9922,170350
165.9957,170672
165.9999,170988
166.0042,170534
166.0089,170627
166.0122,169972
166.0164,170934
166.0165,170891
166.0210,170839
166.0252,170822
166.0286,170378
166.0326,170505
166.0375,170980
166.0408,170822
166.0455,170761
166.0493,170381
166.0534,171054
166.0573,170520
166.0612,170705
166.0653,170682
166.0700,170347
166.0736,170785
166.0785,170092
166.0819,170769
166.0866,170830
166.0920,170104
166.0945,170789
166.0983,170412
166.1033,169974
166.1067,170671
166.1112,169951
166.1149,171222
166.1203,170852
166.1229,170763
166.1274,170982
166.1309,170320
166.1350,171404
166.1392,170679
166.1432,170659
166.1433,170694
166.1473,170070
166.1538,171504
166.1558,170890
166.1595,171301
166.1637,170805
166.1693,170023
166.1723,170997
166.1762,170480
166.1801,170447
166.1862,170135
166.1887,170046
166.1923,170839
166.1965,170128
166.2010,170703
166.2055,170634
166.2097,170597
166.2132,171266
166.2169,170087
166.2216,170466
166.2260,170726
166.2292,169759
166.2333,170805
166.2380,170279
166.2423,170289
166.2459,170538
166.2498,169490
166.2542,171641
166.2581,170084
166.2625,170715
166.2663,170485
166.2702,170559
166.2703,171409
166.2742,170135
166.2783,170425
166.2825,170572
166.2865,170732
166.2910,171779
166.2947,169751
166.2990,170626
166.3034,171080
166.3075,170842
166.3117,171581
166.3152,170186
166.3198,170667
166.3239,171365
166.3282,170514
166.3316,171535
166.3359,169911
166.3403,170997
166.3444,170593
166.3480,170441
166.3525,170703
166.3565,170343
166.3605,170788
166.3646,170658
166.3693,170488
166.3726,170870
166.3771,169674
166.3818,170615
166.3862,170735
166.3893,170205
166.3932,170796
166.3972,170318
166.4016,170757
166.4032,170348
166.4057,170634
166.4098,171084
166.4136,170246
166.4191,171154
166.4219,170532
166.4263,170694
166.4306,170702
166.4355,170549
166.4385,171352
166.4427,170088
166.4467,170399
166.4504,171175
166.4553,170722
166.4592,170281
166.4627,170888
166.4669,170728
166.4711,170554
166.4754,170739
166.4790,170676
166.4832,170776
166.4875,170294
166.4917,170407
166.4954,170792
166.4997,170290
166.5044,170778
166.5083,170689
166.5125,170551
166.5160,170584
166.5201,170972
166.5242,170604
166.5284,171015
166.5285,170799
166.5324,170543
166.5372,171067
166.5410,170657
166.5446,170875
166.5487,170346
166.5534,170636
166.5571,170510
166.5609,170846
166.5650,171029
166.5699,170526
166.5734,170543
166.5773,170918
166.5814,170778
166.5858,170828
166.5904,170294
166.5943,170860
166.5978,170722
166.6023,171152
166.6066,171062
166.6101,169854
166.6142,170975
166.6197,170490
166.6228,170645
166.6266,170513
166.6307,169942
166.6354,171126
166.6393,170544
166.6430,170783
166.6470,170913
166.6519,170372
166.6553,171269
166.6553,170876
166.6593,170609
166.6633,171102
166.6698,170241
166.6717,171623
166.6757,170934
166.6797,170631
166.6854,170813
166.6883,170340
166.6928,171751
166.6961,170924
166.7003,170949
166.7046,169983
166.7085,170321
166.7130,171808
166.7166,170671
166.7209,170675
166.7251,171179
166.7292,170339
166.7330,171670
166.7373,169738
166.7413,170980
166.7453,170887
166.7495,170349
166.7540,172019
166.7578,169910
166.7622,170429
166.7658,171029
166.7701,169729
166.7742,172425
166.7781,170256
166.7821,170769
166.7822,170753
166.7870,170030
166.7910,172068
166.7944,170228
166.7986,171504
166.8038,171121
166.8076,170511
166.8108,171764
166.8149,169933
166.8197,170679
166.8239,170675
166.8272,170281
166.8313,171848
166.8363,170115
166.8395,170697
166.8435,170863
166.8477,170016
166.8520,171961
166.8566,170343
166.8601,170798
166.8640,170382
166.8685,169897
166.8730,171055
166.8763,170355
166.8804,171364
166.8852,170968
166.8887,170575
166.8932,171724
166.8973,169890
166.9026,170648
166.9053,170492
166.9091,170255
166.9092,171029
166.9132,170132
166.9186,170865
166.9219,170110
166.9259,170160
166.9295,171312
166.9357,170314
166.9378,170452
166.9419,170907
166.9460,170587
166.9501,171480
166.9542,170395
166.9583,170631
166.9624,170444
166.9665,170830
166.9708,171232
166.9751,170423
166.9787,170604
166.9829,170649
166.9872,170298
166.9914,170974
166.9952,170738
166.9993,170991
167.0034,171232
167.0075,170971
167.0119,170777
167.0159,170929
167.0204,170369
167.0248,170561
167.0280,170580
167.0321,170286
167.0362,170628
167.0402,170184
167.0403,170891
167.0443,170749
167.0484,170443
167.0527,170645
167.0569,170959
167.0607,170248
167.0647,170978
167.0700,171092
167.0733,170833
167.0771,171223
167.0813,170520
167.0854,170447
167.0904,170221
167.0935,170529
167.0975,170298
167.1029,170159
167.1062,170989
167.1100,170439
167.1140,170676
167.1193,170599
167.1226,170640
167.1267,171059
167.1302,169983
167.1359,171004
167.1388,170878
167.1426,170782
167.1468,170566
167.1522,170839
167.1554,171265
167.1591,170680
167.1632,171053
167.1677,171063
167.1687,170045
167.1723,170757
167.1756,170771
167.1794,170012
167.1859,171150
167.1882,170386
167.1919,170481
167.1959,170194
167.2000,170263
167.2041,170196
167.2083,170514
167.2124,171131
167.2163,170233
167.2207,170566
167.2251,170370
167.2286,169931
167.2327,171323
167.2372,170452
167.2413,170186
167.2450,170170
167.2491,170133
167.2535,170756
167.2573,170773
167.2617,171313
167.2656,170672
167.2704,170029
167.2739,171085
167.2781,170266
167.2819,170697
167.2864,170339
167.2901,170328
167.2941,172113
167.2942,170147
167.2984,170853
167.3023,170521
167.3069,170257
167.3110,171699
167.3146,169891
167.3191,170711
167.3233,170520
167.3269,170338
167.3310,171507
167.3351,170582
167.3392,170871
167.3433,171061
167.3473,170585
167.3521,171535
167.3557,170418
167.3598,170747
167.3638,170576
167.3687,169946
167.3722,171221
167.3760,169797
167.3801,171041
167.3852,170452
167.3887,169940
167.3925,170729
167.3966,170190
167.4010,170681
167.4049,170476
167.4088,170491
167.4129,170658
167.4173,170261
167.4213,170665
167.4216,170811
167.4256,170044
167.4293,170950
167.4333,170345
167.4380,170665
167.4415,170436
167.4456,170027
167.4506,170999
167.4541,170389
167.4580,171041
167.4621,170758
167.4662,170712
167.4708,170958
167.4744,170199
167.4784,170561
167.4825,170613
167.4870,170708
167.4913,171358
167.4948,170333
167.4990,170316
167.5034,170667
167.5078,170659
167.5113,170936
167.5153,170355
167.5198,170300
167.5242,170750
167.5275,170913
167.5317,170861
167.5364,170574
167.5403,171020
167.5441,170084
167.5482,170949
167.5483,171048
167.5523,170373
167.5564,170750
167.5603,170318
167.5644,170154
167.5690,170695
167.5734,170384
167.5772,170682
167.5809,170610
167.5865,170632
167.5893,170420
167.5931,170055
167.5973,170343
167.6015,170210
167.6055,170531
167.6097,170659
167.6136,170218
167.6185,170553
167.6224,171044
167.6265,170708
167.6301,169993
167.6352,170838
167.6388,171039
167.6425,170444
167.6465,170796
167.6522,169777
167.6553,170406
167.6586,170361
167.6627,170639
167.6685,170557
167.6711,170296
167.6751,170841
167.6792,170248
167.6793,171050
167.6853,171010
167.6875,169975
167.6914,170596
167.6955,170805
167.6996,171121
167.7041,170760
167.7080,169820
167.7123,171079
167.7161,170105
167.7201,170895
167.7243,170478
167.7291,169607
167.7324,170742
167.7373,170334
167.7410,170424
167.7447,170610
167.7488,169770
167.7531,171227
167.7573,170170
167.7614,170323
167.7653,170745
167.7703,169892
167.7733,171214
167.7774,170984
167.7816,170985
167.7859,170186
167.7898,170094
167.7941,171665
167.7980,170160
167.8023,170615
167.8061,170343
167.8062,170124
167.8102,171891
167.8143,169993
167.8192,170709
167.8229,170682
167.8266,170384
167.8307,171543
167.8354,170700
167.8395,169935
167.8432,170923
167.8472,170487
167.8528,171684
167.8558,169987
167.8604,170738
167.8639,170881
167.8682,170204
167.8726,171617
167.8762,170650
167.8798,171314
167.8852,170395
167.8886,170330
167.8921,171352
167.8962,169697
167.9015,170591
167.9051,170636
167.9090,170446
167.9127,171508
167.9189,169984
167.9211,170854
167.9251,170341
167.9291,170356
167.9332,171677
167.9334,169392
167.9375,170654
167.9419,170796
167.9454,170370
167.9495,171224
167.9538,169485
167.9579,170349
167.9617,170481
167.9658,170021
167.9712,171661
167.9741,170385
167.9781,170276
167.9822,171004
167.9866,170163
167.9906,171275
167.9945,169873
167.9988,170683
168.0031,170729
168.0068,170511
168.0109,171200
168.0150,170084
168.0198,170631
168.0241,170984
168.0273,170921
168.0314,171163
168.0357,170294
168.0402,170733
168.0436,170008
168.0478,170592
168.0529,170814
168.0561,170272
168.0601,170452
168.0602,170347
168.0641,170186
168.0690,171304
168.0726,170497
168.0767,170576
168.0808,170678
168.0849,170663
168.0899,170418
168.0928,170175
168.0969,171069
168.1016,170414
168.1054,170669
168.1093,170448
168.1133,169839
168.1180,170329
168.1222,170513
168.1259,170973
168.1297,170329
168.1353,170515
168.1385,170713
168.1421,170663
168.1460,171183
168.1517,170297
168.1553,170697
168.1587,170782
168.1624,171007
168.1674,170429
168.1714,170087
168.1747,170451
168.1789,170358
168.1831,170505
168.1870,171168
168.1871,169939
168.1911,170493
168.1952,170603
168.1994,170899
168.2034,170601
168.2082,169763
168.2117,170870
168.2157,170562
168.2203,170895
168.2247,170584
168.2279,170174
168.2321,171040
168.2372,170498
168.2402,170495
168.2443,170828
168.2487,169766
168.2538,170944
168.2569,170216
168.2608,170751
168.2649,170494
168.2693,170195
168.2735,171315
168.2771,169892
168.2813,170683
168.2868,170197
168.2894,169599
168.2935,171596
168.2976,170631
168.3019,169984
168.3059,169858
168.3100,169734
168.3141,171793
168.3142,170580
168.3185,170357
168.3227,170825
168.3264,169728
168.3305,171355
168.3355,170431
168.3388,171082
168.3430,170597
168.3468,170111
168.3516,171310
168.3555,170728
168.3595,170962
168.3632,170425
168.3683,170032
168.3717,171500
168.3760,169785
168.3801,170331
168.3849,170709
168.3882,169683
168.3922,171553
168.3960,169710
168.4002,170881
168.4058,170396
168.4085,170101
168.4126,171021
168.4165,169717
168.4205,170829
168.4245,170601
168.4286,170457
168.4329,171321
168.4372,169873
168.4413,170233
168.4413,171207
168.4451,170079
168.4492,170933
168.4533,169702
168.4574,170400
168.4615,170553
168.4656,170190
168.4697,171702
168.4738,169690
168.4779,170411
168.4820,171191
168.4861,169691
168.4902,171444
168.4943,170266
168.4983,170492
168.5025,170686
168.5064,170292
168.5105,171492
168.5147,170318
168.5187,170132
168.5228,170802
168.5269,170790
168.5310,170961
168.5352,170144
168.5392,170211
168.5433,170122
168.5474,170882
168.5515,171395
168.5556,170312
168.5598,170239
168.5641,170702
168.5683,170596
168.5684,171576
168.5721,170025
168.5762,170543
168.5802,171064
168.5844,170917
168.5885,170932
168.5926,170554
168.5972,170439
168.6007,170878
168.6048,170815
168.6089,171056
168.6131,170040
168.6172,170684
168.6213,170932
168.6254,170750
168.6294,171127
168.6335,170603
168.6376,170315
168.6417,170850
168.6458,170838
168.6499,170935
168.6540,169960
168.6581,170994
168.6622,171040
168.6662,170389
168.6704,170357
168.6745,169750
168.6786,170925
168.6827,170924
168.6868,171038
168.6911,170007
168.6951,170283
168.6952,171233
168.6991,171098
168.7031,170983
168.7071,169523
168.7113,170510
168.7154,170848
168.7195,170444
168.7237,171352
168.7278,169834
168.7318,170604
168.7359,170706
168.7400,170935
168.7441,170484
168.7481,170129
168.7522,170742
168.7563,170281
168.7604,170741
168.7646,171090
168.7687,170264
168.7728,171251
168.7768,170596
168.7809,170874
168.7851,170683
168.7892,169995
168.7933,171436
168.7973,170534
168.8014,170318
168.8056,170686
168.8097,170071
168.8137,171532
168.8178,170719
168.8221,170607
168.8260,170867
168.8261,170397
168.8301,171909
168.8342,170529
168.8383,170936
168.8424,170405
168.8464,170514
168.8506,171484
168.8547,170661
168.8587,171058
168.8628,171084
168.8670,170354
168.8711,171964
168.8752,170651
168.8793,170900
168.8834,171106
168.8875,170016
168.8915,171789
168.8956,170248
168.8997,170609
168.9038,170651
168.9080,170154
168.9120,171581
168.9161,170555
168.9202,170095
168.9243,170554
168.9284,170122
168.9325,171684
168.9366,170472
168.9407,171001
168.9449,171198
168.9491,170129
168.9530,171797
168.9531,170203
168.9570,170710
168.9612,171031
168.9653,170702
168.9694,171231
168.9735,170044
168.9776,171003
168.9817,171107
168.9858,170547
168.9899,171519
168.9940,170244
168.9981,171089
169.0022,170995
169.0062,170680
169.0103,171027
169.0144,170003
169.0185,170856
169.0226,171423
169.0267,170872
169.0309,171895
169.0349,170360
169.0389,170299
169.0431,170874
169.0471,170163
169.0513,171361
169.0554,170076
169.0595,170850
169.0635,171037
169.0677,170987
169.0720,171183
169.0760,170165
169.0799,170636
169.0800,170207
169.0840,170412
169.0881,170966
169.0923,170157
169.0963,170705
169.1004,170515
169.1046,170821
169.1086,171152
169.1129,170291
169.1168,170648
169.1208,170378
169.1250,170895
169.1291,171139
169.1332,170736
169.1373,170747
169.1414,170687
169.1454,170658
169.1496,170803
169.1536,170208
169.1578,170992
169.1618,170724
169.1659,170786
169.1700,170365
169.1741,169597
169.1782,170017
169.1823,170949
169.1864,170339
169.1905,170450
169.1947,170107
169.1988,171179
169.2032,170814
169.2072,170546
169.2073,170027
169.2110,170174
169.2150,170537
169.2191,170740
169.2232,170613
169.2273,169864
169.2314,170672
169.2356,170682
169.2397,171105
169.2438,170435
169.2479,170508
169.2519,170145
169.2561,170445
169.2601,170778
169.2642,170661
169.2683,169646
169.2724,170645
169.2765,169981
169.2806,170473
169.2847,170735
169.2888,169622
169.2929,170692
169.2970,170621
169.3011,170449
169.3052,170575
169.3094,169883
169.3134,171183
169.3175,170992
169.3216,171058
169.3257,170653
169.3298,170162
169.3338,171411
169.3339,170510
169.3380,170469
169.3420,171001
169.3461,169868
169.3502,171581
169.3543,170370
169.3584,171205
169.3626,170951
169.3666,170135
169.3707,171266
169.3749,170280
169.3790,170297
169.3831,171221
169.3871,170082
169.3912,171871
169.3952,170546
169.3993,170271
169.4034,170325
169.4076,170337
169.4117,171449
169.4158,170210
169.4198,170793
169.4240,171066
169.4281,170010
169.4322,171531
169.4362,170747
169.4403,171047
169.4444,170956
169.4485,170006
169.4526,171518
169.4569,169746
169.4609,171148
169.4610,171188
169.4649,169911
169.4690,171265
169.4731,170280
169.4772,170469
169.4813,170618
169.4854,170777
169.4895,171673
169.4937,170744
169.4977,170613
169.5018,170939
169.5059,170695
169.5100,171727
169.5141,170270
169.5182,170568
169.5223,170815
169.5264,170617
169.5305,172095
169.5345,170240
169.5387,170717
169.5428,171017
169.5469,170487
169.5509,171415
169.5550,169832
169.5591,170706
169.5632,170775
169.5673,170671
169.5714,171656
169.5755,169968
169.5796,170690
169.5838,170593
169.5879,170611
169.5919,170812
169.5920,170448
169.5960,170316
169.6001,170975
169.6042,170751
169.6083,171338
169.6124,169782
169.6164,170683
169.6205,170616
169.6246,170707
169.6287,171135
169.6328,170248
169.6369,170665
169.6410,170656
169.6451,170569
169.6492,171110
169.6533,170527
169.6574,171078
169.6615,170934
169.6657,170168
169.6697,171102
169.6738,170153
169.6779,170415
169.6820,170320
169.6861,170630
169.6902,170865
169.6943,170616
169.6985,170592
169.7026,170632
169.7067,170616
169.7109,170503
169.7149,169951
169.7190,170781
169.7191,170971
169.7230,170451
169.7270,170426
169.7312,169686
169.7353,170786
169.7394,170861
169.7435,169893
169.7476,170241
169.7517,170279
169.7558,170777
169.7599,170733
169.7640,170480
169.7680,169694
169.7721,170470
169.7763,171080
169.7803,170665
169.7844,170871
169.7885,170057
169.7927,170306
169.7967,170948
169.8008,170648
169.8048,170885
169.8089,169955
169.8131,170617
169.8171,170361
169.8213,170557
169.8253,170716
169.8294,169687
169.8336,170413
169.8379,170633
169.8420,170568
169.8458,170209
169.8459,169827
169.8499,170823
169.8540,170435
169.8581,170465
169.8622,171055
169.8664,169996
169.8705,170396
169.8746,170570
169.8787,170553
169.8827,170632
169.8868,169781
169.8910,171420
169.8951,170610
169.8992,170577
169.9033,170891
169.9073,170074
169.9115,171470
169.9156,170594
169.9196,170636
169.9237,170678
169.9278,169922
169.9319,171839
169.9360,170307
169.9403,170831
169.9442,170241
169.9483,169750
169.9524,171745
169.9565,170345
169.9607,170872
169.9647,170534
169.9688,170080
169.9730,172012
169.9730,170021
169.9770,170586
169.9811,170296
169.9852,170410
169.9893,171568
169.9934,169968
169.9975,170362
170.0016,170810
170.0056,170257
170.0097,172010
170.0142,169794
170.0178,170342
170.0219,170448
170.0260,170162
170.0301,171019
170.0342,169982
170.0383,170671
170.0424,170751
170.0465,170303
170.0506,171500
170.0549,170058
170.0588,170621
170.0629,170832
170.0671,170306
170.0712,171319
170.0755,169987
170.0793,170457
170.0834,170734
170.0875,170936
170.0917,171705
170.0958,170200
170.1001,170746
170.1002,170523
170.1039,170429
170.1080,171881
170.1121,170195
170.1162,170662
170.1203,170860
170.1244,170744
170.1285,171234
170.1326,170468
170.1367,170668
170.1407,170587
170.1448,170684
170.1490,171309
170.1530,170760
170.1571,170507
170.1612,171238
170.1653,170316
170.1694,171051
170.1735,169940
170.1777,170460
170.1817,170472
170.1858,171171
170.1902,171084
170.1941,169593
170.1981,170640
170.2022,170594
170.2063,170666
170.2104,171306
170.2145,169965
170.2187,170475
170.2227,170850
170.2268,170265
170.2269,170643
170.2309,169992
170.2350,171123
170.2390,170547
170.2431,170992
170.2474,170772
170.2514,170252
170.2556,171031
170.2595,170482
170.2636,170821
170.2678,170676
170.2719,169936
170.2761,170465
170.2801,170806
170.2842,170416
170.2882,170270
170.2923,170277
170.2964,170648
170.3005,170364
170.3047,170621
170.3087,170264
170.3128,170122
170.3169,170292
170.3210,170442
170.3250,170283
170.3291,169781
170.3332,170566
170.3373,170259
170.3414,170838
170.3455,171338
170.3496,169822
170.3538,171376
170.3540,170921
170.3579,170832
170.3620,170323
170.3660,169566
170.3701,171052
170.3743,170545
170.3783,170960
170.3824,170080
170.3866,169960
170.3906,170971
170.3947,170698
170.3987,170595
170.4029,171057
170.4070,170546
170.4111,171368
170.4151,170334
170.4192,170669
170.4234,170604
170.4279,170162
170.4318,171834
170.4361,170303
170.4404,170249
170.4438,170521
170.4480,169753
170.4527,170967
170.4564,170654
170.4602,170658
170.4643,170779
170.4691,170084
170.4726,171935
170.4768,170457
170.4809,170397
170.4849,171037
170.4850,169901
170.4889,171919
170.4930,170266
170.4971,170690
170.5018,171155
170.5055,169988
170.5093,171691
170.5135,170429
170.5182,170955
170.5222,170415
170.5257,170523
170.5299,171689
170.5343,170361
170.5381,170467
170.5421,170855
170.5463,169909
170.5508,171524
170.5544,170193
170.5585,170521
170.5626,171083
170.5677,169871
170.5709,171986
170.5749,169892
170.5790,170938
170.5836,170737
170.5872,170534
170.5913,171385
170.5954,169812
170.6004,170470
170.6038,171024
170.6078,170270
170.6119,171258
170.6120,169629
170.6162,171041
170.6201,170380
170.6240,170247
170.6281,170778
170.6340,169309
170.6364,170513
170.6404,170545
170.6445,170119
170.6504,171311
170.6527,169360
170.6568,170408
170.6609,170301
170.6656,170317
170.6691,171514
170.6732,170048
170.6773,170246
170.6822,171014
170.6856,170084
170.6895,170439
170.6936,169920
170.6981,169885
170.7020,170058
170.7060,170677
170.7101,170910
170.7142,170418
170.7190,170816
170.7224,170665
170.7266,170471
170.7306,171093
170.7346,170174
170.7388,170820
170.7389,170304
170.7428,170057
170.7470,170423
170.7514,170214
170.7551,170491
170.7592,170518
170.7633,171050
170.7681,170573
170.7715,170039
170.7756,170858
170.7798,170188
170.7839,170365
170.7879,170272
170.7920,170115
170.7960,170532
170.8009,170466
170.8046,170501
170.8084,170362
170.8125,170157
170.8168,170553
170.8209,170597
170.8248,170103
170.8289,169335
170.8332,170532
170.8372,170643
170.8412,170714
170.8453,170582
170.8502,169827
170.8535,170034
170.8576,170465
170.8617,170753
170.8660,170751
170.8667,169833
170.8698,170534
170.8739,170144
170.8780,170821
170.8822,170207
170.8863,169517
170.8906,170566
170.8944,170644
170.8991,170535
170.9026,170186
170.9066,170202
170.9107,170852
170.9152,170417
170.9189,170701
170.9230,170580
170.9271,170217
170.9318,171363
170.9353,170554
170.9394,170418
170.9435,170160
170.9477,169696
170.9518,171278
170.9558,169846
170.9599,169814
170.9641,170564
170.9684,170153
170.9722,171464
170.9763,169816
170.9804,169784
170.9853,170235
170.9888,169737
170.9928,171253
170.9928,169995
170.9968,170692
171.0011,170277
171.0050,169788
171.0091,171381
171.0132,170306
171.0182,170202
171.0220,170476
171.0254,170347
171.0296,171750
171.0336,169763
171.0377,170289
171.0418,170436
171.0459,169842
171.0500,171714
171.0541,170054
171.0582,170726
171.0623,170839
171.0665,170261
171.0706,171548
171.0747,169799
171.0787,170283
171.0828,170486
171.0870,169830
171.0910,171301
171.0950,170352
171.0992,170475
171.1032,170529
171.1075,170602
171.1116,170945
171.1158,169753
171.1200,170388
171.1201,170655
171.1238,170255
171.1279,171158
171.1319,170106
171.1361,170909
171.1402,170586
171.1443,170237
171.1484,170780
171.1525,169514
171.1566,170458
171.1607,170120
171.1648,170792
171.1688,171238
171.1730,170218
171.1771,170683
171.1812,170408
171.1853,170296
171.1893,171307
171.1934,170219
171.1975,170254
171.2016,170494
171.2058,170486
171.2098,171237
171.2139,169767
171.2180,170925
171.2221,170889
171.2262,170398
171.2303,170949
171.2343,169407
171.2385,170476
171.2428,171009
171.2468,170254
171.2469,170730
171.2508,169619
171.2549,170184
171.2590,170403
171.2630,170432
171.2671,170652
171.2713,169908
171.2754,170585
171.2795,170609
171.2836,170226
171.2876,170748
171.2917,169628
171.2958,170618
171.2999,170580
171.3040,170206
171.3081,170163
171.3121,169947
171.3163,170662
171.3204,170610
171.3245,170764
171.3285,170465
171.3327,170201
171.3367,170324
171.3409,170297
171.3449,171019
171.3491,170048
171.3532,169556
171.3573,170775
171.3614,170574
171.3655,170793
171.3696,169833
171.3738,170047
171.3778,170801
171.3779,171185
171.3819,171029
171.3860,170198
171.3900,170333
171.3941,170607
171.3982,170485
171.4023,170540
171.4064,169903
171.4104,170082
171.4146,170192
171.4187,170611
171.4228,170762
171.4269,170297
171.4310,170668
171.4351,170802
171.4392,169851
171.4433,170235
171.4474,169919
171.4515,171246
171.4555,169963
171.4597,170288
171.4638,170657
171.4679,169875
171.4720,171368
171.4761,170549
171.4802,171006
171.4843,170654
171.4884,169927
171.4925,171384
171.4967,170636
171.5008,170397
171.5048,171036
171.5049,169740
171.5088,171878
171.5129,170090
171.5170,170469
171.5211,170668
171.5252,169873
171.5293,171526
171.5334,169905
171.5375,170521
171.5416,170464
171.5457,169947
171.5497,171591
171.5539,169986
171.5580,170966
171.5620,170531
171.5662,169800
171.5702,171195
171.5743,169598
171.5784,170227
171.5826,170913
171.5867,169708
171.5908,171556
171.5947,170063
171.5989,170347
171.6030,170636
171.6071,170439
171.6113,171493
171.6153,169846
171.6194,170352
171.6235,170874
171.6278,170225
171.6317,171190
171.6318,169205
171.6357,170323
171.6398,170271
171.6440,169977
171.6481,171290
171.6521,170296
171.6562,169912
171.6603,170493
171.6644,170257
171.6685,171007
171.6726,170119
171.6767,170115
171.6809,170543
171.6850,170300
171.6890,171240
171.6931,170327
171.6972,170353
171.7013,170723
171.7054,170086
171.7095,171103
171.7136,169813
171.7177,170090
171.7218,170910
171.7259,169896
171.7300,170770
171.7341,169353
171.7382,170630
171.7423,170245
171.7464,170132
171.7505,171112
171.7548,169494
171.7587,170464
171.7588,170311
171.7628,170174
171.7669,171264
171.7710,169746
171.7751,170426
171.7791,170587
171.7832,170195
171.7873,170816
171.7914,170198
171.7955,171292
171.7996,169858
171.8037,170272
171.8078,170514
171.8119,170048
171.8160,170278
171.8200,170525
171.8241,170337
171.8282,170753
171.8324,170216
171.8365,170390
171.8406,170868
171.8446,170735
171.8488,169951
171.8530,170336
171.8569,170944
171.8612,170602
171.8652,170548
171.8692,170128
171.8734,170404
171.8777,170160
171.8817,170815
171.8858,170836
171.8859,169579
171.8897,170756
171.8938,170843
171.8979,170295
171.9020,170311
171.9061,170123
171.9102,170057
171.9143,170920
171.9184,170624
171.9225,170375
171.9266,169716
171.9307,169889
171.9348,170810
171.9389,170416
171.9430,170400
171.9471,169835
171.9512,170784
171.9553,170087
171.9594,170117
171.9635,170732
171.9676,170238
171.9717,171351
171.9758,170130
171.9799,170404
171.9840,170524
171.9880,169754
171.9921,171038
171.9963,170373
172.0003,170536
172.0045,170437
172.0087,170057
172.0127,171552
172.0128,170311
172.0167,170567
172.0207,171197
172.0248,170604
172.0290,171651
172.0331,169622
172.0372,170172
172.0413,170230
172.0454,170222
172.0495,171255
172.0536,170456
172.0577,170753
172.0617,171173
172.0659,169893
172.0700,171554
172.0741,170043
172.0781,170611
172.0822,170265
172.0864,170044
172.0905,171155
172.0944,169942
172.0987,171044
172.1027,170804
172.1069,170201
172.1110,171082
172.1150,169687
172.1192,170664
172.1232,171216
172.1273,169538
172.1315,171633
172.1357,169676
172.1398,170250
172.1398,170846
172.1437,170389
172.1479,171271
172.1519,169693
172.1559,170282
172.1600,170564
172.1641,170531
172.1683,171146
172.1724,169497
172.1765,170407
172.1806,170987
172.1847,170497
172.1887,171597
172.1927,169956
172.1969,170347
172.2010,170448
172.2051,170669
172.2092,171355
172.2133,169983
172.2174,170967
172.2215,170634
172.2256,170478
172.2297,171708
172.2338,170219
172.2378,170615
172.2420,170971
172.2462,170660
172.2503,170726
172.2544,170439
172.2583,170932
172.2626,170886
172.2667,170356
172.2668,170689
172.2706,170204
172.2747,170173
172.2788,171220
172.2830,170712
172.2870,171312
172.2911,170315
172.2952,170647
172.2993,170513
172.3034,170409
172.3075,171172
172.3116,170520
172.3157,170888
172.3198,170778
172.3239,170378
172.3279,170683
172.3321,170304
172.3362,170764
172.3403,171134
172.3443,170465
172.3485,171173
172.3526,170093
172.3567,170678
172.3611,170760
172.3648,170749
172.3689,170958
172.3730,170557
172.3771,170228
172.3812,171047
172.3853,170533
172.3897,170541
172.3937,170110
172.3977,170311
172.3979,170438
172.4016,170719
172.4058,170022
172.4098,170895
172.4139,170496
172.4180,170250
172.4221,170431
172.4262,169921
172.4303,170388
172.4344,170167
172.4385,170622
172.4426,170578
172.4467,170036
172.4508,170151
172.4549,170521
172.4590,170957
172.4631,170667
172.4672,169804
172.4713,170770
172.4754,170716
172.4795,171015
172.4836,170545
172.4877,170601
172.4918,170448
172.4959,170305
172.4999,170370
172.5040,170820
172.5081,169611
172.5122,171508
172.5163,170445
172.5204,170997
172.5246,170455
172.5247,169642
172.5286,171131
172.5334,170389
172.5368,170488
172.5409,170671
172.5450,170006
172.5491,172138
172.5532,170536
172.5573,170259
172.5614,170643
172.5654,170018
172.5696,171153
172.5737,170087
172.5778,170537
172.5818,170633
172.5859,170308
172.5900,171522
172.5942,169872
172.5982,170881
172.6023,170866
172.6064,170031
172.6106,172069
172.6146,169643
172.6187,170491
172.6228,170624
172.6269,170216
172.6310,171610
172.6351,169771
172.6392,170591
172.6433,170443
172.6478,169974
172.6518,171692
172.6518,170272
172.6556,170216
172.6597,170617
172.6638,169990
172.6679,171026
172.6720,169841
172.6762,170887
172.6803,170764
172.6844,170354
172.6885,171512
172.6925,169473
172.6966,170545
172.7007,170346
172.7048,170352
172.7089,170918
172.7130,170596
172.7171,170600
172.7212,170539
172.7253,170446
172.7294,171325
172.7335,170135
172.7376,170985
172.7417,170860
172.7458,170596
172.7499,170937
172.7540,170549
172.7581,170531
172.7622,170659
172.7663,170801
172.7705,171391
172.7746,170022
172.7787,170609
172.7788,170478
172.7827,170589
172.7868,171918
172.7908,169676
172.7949,170928
172.7990,170462
172.8031,170213
172.8072,170566
172.8113,169534
172.8154,170321
172.8195,170812
172.8236,170525
172.8276,171028
172.8318,170077
172.8359,170497
172.8400,170576
172.8440,169917
172.8482,171369
172.8523,170568
172.8564,170209
172.8605,170630
172.8645,171067
172.8686,170706
172.8728,170376
172.8769,170703
172.8809,170417
172.8851,170536
172.8892,170590
172.8933,170443
172.8974,170339
172.9016,170587
172.9057,170191
172.9057,170104
172.9096,169998
172.9137,170476
172.9178,170460
172.9219,170191
172.9260,169818
172.9301,170210
172.9342,170021
172.9383,170450
172.9424,170735
172.9465,169720
172.9506,170089
172.9547,170381
172.9588,170822
172.9629,170194
172.9670,169809
172.9710,170597
172.9752,170612
172.9793,170429
172.9832,170656
172.9874,170056
172.9914,170578
172.9956,169500
172.9997,170944
173.0038,170825
173.0079,169933
173.0120,170531
173.0161,170272
173.0201,170693
173.0243,170235
173.0285,169671
173.0325,171017
173.0326,170514
173.0365,171159
173.0406,170159
173.0447,169900
173.0488,171045
173.0529,170228
173.0570,170258
173.0611,170427
173.0652,170256
173.0693,171528
173.0734,170326
173.0775,171073
173.0815,170152
173.0856,169993
173.0897,171022
173.0938,170151
173.0980,170608
173.1021,170347
173.1062,170097
173.1103,171868
173.1144,169669
173.1185,170381
173.1226,170435
173.1267,170109
173.1308,171807
173.1349,170077
173.1389,170732
173.1430,170665
173.1471,169648
173.1512,171408
173.1554,170539
173.1596,170494
173.1597,170941
173.1636,170318
173.1677,171195
173.1717,169957
173.1758,170420
173.1799,170927
173.1841,170418
173.1881,171351
173.1922,170247
173.1963,170957
173.2004,170368
173.2045,170155
173.2086,171408
173.2127,170595
173.2168,170087
173.2208,170104
173.2249,170044
173.2290,171227
173.2332,170484
173.2373,170600
173.2414,170566
173.2455,170262
173.2496,171428
173.2537,170302
173.2578,170598
173.2618,170272
173.2659,170551
173.2700,171423
173.2741,170000
173.2783,171148
173.2824,170797
173.2864,170375
173.2864,170764
173.2905,170511
173.2946,170795
173.2987,171040
173.3028,170619
173.3070,170757
173.3110,170119
173.3151,169935
173.3192,169964
173.3234,170184
173.3273,170663
173.3314,171018
173.3356,170265
173.3396,170604
173.3438,170388
173.3478,170619
173.3519,170013
173.3561,170713
173.3602,170677
173.3643,170548
173.3684,171367
173.3724,170663
173.3766,170645
173.3807,170179
173.3848,170340
173.3889,170813
173.3929,170456
173.3971,170297
173.4012,170309
173.4053,170083
173.4095,170329
173.4136,170503
173.4176,170339
173.4177,170418
173.4216,170760
173.4257,170015
173.4297,170022
173.4339,170666
173.4381,171054
173.4421,170496
173.4462,170078
173.4503,170698
173.4544,170435
173.4585,170701
173.4626,170516
173.4667,170108
173.4708,170669
173.4749,170739
173.4789,170587
173.4831,169812
173.4872,170243
173.4912,170758
173.4953,170242
173.4994,170531
173.5035,170401
173.5076,170149
173.5116,170936
173.5158,170090
173.5199,170518
173.5240,171018
173.5281,169987
173.5322,170950
173.5367,170504
173.5405,170534
173.5446,170706
173.5447,170135
173.5486,170962
173.5527,170676
173.5567,170216
173.5608,170321
173.5649,170328
173.5691,171439
173.5732,170164
173.5772,170437
173.5813,170760
173.5854,169579
173.5895,171143
173.5935,170279
173.5977,170420
173.6018,170366
173.6059,170150
173.6100,171190
173.6140,170395
173.6181,170195
173.6222,170938
173.6263,169814
173.6304,171601
173.6345,170412
173.6386,170657
173.6427,170680
173.6468,169719
173.6509,171403
173.6550,169972
173.6591,170890
173.6633,170313
173.6676,170594
173.6717,171566
173.6718,170078
173.6755,170538
173.6797,171013
173.6837,170315
173.6878,172130
173.6919,170018
173.6960,170306
173.7001,170198
173.7042,169880
173.7083,171430
173.7123,170612
173.7164,170486
173.7205,170626
173.7247,170560
173.7288,171643
173.7329,170383
173.7370,170613
173.7411,170425
173.7452,170382
173.7493,171020
173.7534,170446
173.7574,170308
173.7614,170899
173.7656,170060
173.7697,171041
173.7738,169656
173.7780,170623
173.7820,170064
173.7862,170655
173.7903,171213
173.7944,169716
173.7984,170109
173.7985,170509
173.8025,169987
173.8066,171167
173.8106,169996
173.8148,169992
173.8189,170460
173.8230,170308
173.8271,171101
173.8312,170555
173.8352,170515
173.8393,170315
173.8434,170534
173.8476,171079
173.8516,170645
173.8557,170872
173.8598,170562
173.8640,170601
173.8680,171079
173.8721,170060
173.8762,170569
173.8803,170633
173.8844,170143
173.8885,170703
173.8926,170029
173.8967,170882
173.9008,170678
173.9049,170503
173.9090,170841
173.9130,170334
173.9172,170174
173.9215,170582
173.9255,170429
173.9256,170649
173.9295,170347
173.9336,170499
173.9377,170102
173.9418,170013
173.9459,170461
173.9500,170899
173.9541,170315
173.9581,170394
173.9622,170645
173.9664,170097
173.9704,170537
173.9745,170834
173.9787,170494
173.9828,170481
173.9868,169830
173.9909,170511
173.9950,170500
173.9991,171058
174.0032,170085
174.0073,169847
174.0114,170562
174.0155,170569
174.0196,170957
174.0236,170345
174.0277,169955
174.0319,170868
174.0360,170178
174.0401,170787
174.0442,170440
174.0485,170407
174.0525,170379
174.0526,170236
174.0565,170500
174.0606,170659
174.0647,170449
174.0687,171140
174.0729,170418
174.0769,170161
174.0810,170279
174.0850,169952
174.0891,171393
174.0932,170126
174.0974,170494
174.1015,170684
174.1056,169911
174.1097,171228
174.1138,170128
174.1179,170688
174.1220,171330
174.1261,170346
174.1302,171194
174.1343,169798
174.1384,170379
174.1425,170685
174.1466,169828
174.1507,172006
174.1547,170567
174.1589,170710
174.1630,170577
174.1670,169568
174.1712,171638
174.1756,170432
174.1796,170560
174.1835,170857
174.1836,169456
174.1875,172085
174.1916,170554
174.1957,170399
174.1998,170439
174.2039,170294
174.2080,171451
174.2121,169991
174.2162,170354
174.2203,170143
174.2244,170362
174.2285,171486
174.2326,170621
174.2367,170437
174.2408,170553
174.2449,169967
174.2490,171193
174.2530,169514
174.2572,170575
174.2612,170352
174.2653,170452
174.2694,171230
174.2735,169793
174.2776,170095
174.2817,170045
174.2857,170301
174.2898,171124
174.2939,170003
174.2980,169762
174.3024,170590
174.3065,170281
174.3104,171358
174.3105,170293
174.3145,170611
174.3186,170470
174.3228,169998
174.3267,171401
174.3308,169814
174.3349,170653
174.3391,170246
174.3432,171372
174.3473,171104
174.3513,170528
174.3555,170403
174.3595,170998
174.3637,170854
174.3678,170664
174.3717,170461
174.3759,170438
174.3800,170316
174.3841,170038
174.3882,170446
174.3923,170032
174.3963,170314
174.4005,170629
174.4046,170381
174.4087,171190
174.4128,169872
174.4169,170487
174.4210,170778
174.4251,170822
174.4294,171022
174.4334,170216
174.4375,170364
174.4376,170676
174.4414,170331
174.4455,170757
174.4496,170046
174.4537,170580
174.4579,170332
174.4618,170825
174.4659,170326
174.4701,169913
174.4741,170097
174.4782,169758
174.4824,169961
174.4864,169733
174.4905,170452
174.4946,170556
174.4987,170456
174.5028,170034
174.5069,170134
174.5110,170379
174.5151,170894
174.5192,170708
174.5233,170625
174.5274,169581
174.5316,169988
174.5356,170511
174.5397,170497
174.5438,170451
174.5479,169671
174.5520,170250
174.5561,169814
174.5602,170799
174.5646,170499
174.5646,169231
174.5684,170584
174.5731,170189
174.5766,170158
174.5807,169891
174.5848,170022
174.5888,170746
174.5931,170459
174.5970,170232
174.6011,170475
174.6053,169610
174.6093,171265
174.6135,170176
174.6175,170147
174.6217,170445
174.6258,169514
174.6298,171118
174.6340,170172
174.6381,170457
174.6422,169937
174.6463,169792
174.6504,171327
174.6544,170399
174.6585,170589
174.6627,171180
174.6666,169649
174.6708,171154
174.6749,170418
174.6790,170265
174.6831,171128
174.6874,170284
174.6915,171159
174.6916,169931
174.6955,170381
174.6994,170395
174.7035,169636
174.7077,171439
174.7117,169982
174.7158,170253
174.7199,170753
174.7240,170062
174.7281,171062
174.7322,169698
174.7363,170070
174.7404,170423
174.7445,170299
174.7486,171233
174.7526,169656
174.7567,170008
174.7610,170545
174.7650,170334
174.7691,171050
174.7733,169991
174.7773,170569
174.7814,170800
174.7855,169506
174.7896,171285
174.7937,170318
174.7978,170517
174.8019,170345
174.8060,170194
174.8101,171325
174.8145,169771
174.8186,170496
174.8187,170349
174.8224,169842
174.8265,171187
174.8306,169408
174.8346,169882
174.8387,170258
174.8428,170163
174.8469,170954
174.8509,169746
174.8552,170335
174.8592,170699
174.8633,170235
174.8675,171041
174.8716,169670
174.8756,170853
174.8797,170417
174.8838,170137
174.8879,170394
174.8920,169957
174.8961,170754
174.9002,170450
174.9043,170481
174.9084,170852
174.9125,170216
174.9166,170248
174.9207,171256
174.9248,170232
174.9289,170896
174.9330,170121
174.9371,169844
174.9414,170223
174.9454,170019
174.9493,170785
174.9494,170316
174.9535,170411
174.9575,170390
174.9617,170845
174.9657,170565
174.9698,170300
174.9739,170336
174.9780,170605
174.9821,170767
174.9862,170430
174.9903,170910
174.9944,170388
174.9985,170406
175.0026,170577
175.0067,169903
175.0108,170000
175.0149,170277
175.0190,170522
175.0230,170651
175.0271,170378
175.0312,170296
175.0354,170771
175.0395,170641
175.0436,170335
175.0477,169899
175.0518,170794
175.0559,170130
175.0600,170566
175.0641,170475
175.0682,170054
175.0724,170368
175.0763,169997
175.0764,170887
175.0804,170365
175.0845,170234
175.0886,170150
175.0926,170531
175.0968,170090
175.1009,170839
175.1050,169465
175.1090,170990
175.1132,170423
175.1173,170609
175.1214,170174
175.1255,169889
175.1296,170797
175.1337,170053
175.1378,170306
175.1418,170380
175.1459,169622
175.1500,171791
175.1541,170599
175.1582,170525
175.1623,170997
175.1663,170388
175.1705,171003
175.1746,170668
175.1786,170658
175.1827,170351
175.1868,169945
175.1909,172019
175.1953,170405
175.1994,170256
175.2036,170762
175.2037,170390
175.2074,171747
175.2115,170160
175.2156,170584
175.2197,170319
175.2238,169709
175.2279,171136
175.2320,169865
175.2361,170322
175.2402,170965
175.2442,170227
175.2484,171744
175.2524,170074
175.2565,170136
175.2607,171111
175.2647,169930
175.2688,171393
175.2729,169833
175.2770,170322
175.2811,170594
175.2852,169852
175.2893,171325
175.2934,169935
175.2975,170603
175.3016,171077
175.3057,169919
175.3098,171168
175.3139,169819
175.3180,170223
175.3221,170473
175.3262,170126
175.3304,170514
175.3305,169999
175.3344,169733
175.3385,170119
175.3426,170841
175.3467,170662
175.3507,169757
175.3548,170356
175.3589,170523
175.3630,170069
175.3671,171028
175.3712,169636
175.3753,170570
175.3794,170725
175.3835,170595
175.3876,171023
175.3917,169826
175.3958,170790
175.3999,170394
175.4040,170708
175.4081,171031
175.4122,169847
175.4163,170111
175.4204,170802
175.4245,170264
175.4286,170491
175.4327,170471
175.4368,170357
175.4409,170189
175.4450,170738
175.4491,170808
175.4533,170366
175.4574,170337
175.4575,170694
175.4614,170216
175.4654,170730
175.4695,170898
175.4736,170290
175.4777,170028
175.4818,170604
175.4859,170485
175.4900,169563
175.4941,169897
175.4982,170723
175.5023,170268
175.5064,170220
175.5105,170587
175.5146,170882
175.5187,170868
175.5228,170777
175.5269,170090
175.5310,170045
175.5351,170206
175.5392,170606
175.5433,170310
175.5474,170499
175.5515,170524
175.5556,170813
175.5597,170446
175.5637,170260
175.5678,170306
175.5719,170349
175.5760,170410
175.5803,170737
175.5844,170457
175.5844,169653
175.5883,170022
175.5924,170495
175.5965,170646
175.6006,170150
175.6047,169913
175.6087,171155
175.6129,170369
175.6170,170249
175.6211,169842
175.6252,169603
175.6293,170552
175.6334,170148
175.6375,170691
175.6416,170874
175.6457,169658
175.6497,171167
175.6538,170264
175.6579,170006
175.6620,170476
175.6661,169660
175.6702,171360
175.6743,170268
175.6784,170046
175.6824,169808
175.6866,169935
175.6907,171833
175.6948,170101
175.6989,171024
175.7030,170841
175.7073,170206
175.7114,170783
175.7115,170343
175.7153,170522
175.7194,170516
175.7235,170074
175.7276,171038
175.7317,170289
175.7358,170871
175.7399,170300
175.7440,170192
175.7481,171198
175.7522,170334
175.7563,170567
175.7603,170122
175.7645,169724
175.7686,171801
175.7726,169900
175.7767,170220
175.7807,170120
175.7848,170328
175.7890,172027
175.7931,170535
175.7972,170699
175.8013,170386
175.8054,170149
175.8095,171434
175.8136,169885
175.8177,170616
175.8218,170472
175.8259,170101
175.8300,171085
175.8343,170770
175.8382,170775
175.8422,170790
175.8423,169989
175.8463,171079
175.8504,170090
175.8545,169783
175.8586,170597
175.8627,170336
175.8667,171198
175.8708,169970
175.8750,170323
175.8790,170260
175.8831,170524
175.8872,170821
175.8913,170392
175.8954,170262
175.8995,169914
175.9036,170931
175.9077,171146
175.9118,170088
175.9159,170908
175.9200,170106
175.9241,170268
175.9283,170775
175.9324,170159
175.9365,171012
175.9406,170748
175.9446,170606
175.9487,171094
175.9528,169751
175.9569,169997
175.9613,170401
175.9654,170247
175.9694,170144
175.9695,170444
175.9732,170208
175.9773,170204
175.9814,170913
175.9855,170771
175.9896,170339
175.9937,170485
175.9979,170398
176.0020,170794
176.0061,170528
176.0103,170470
176.0143,170536
176.0184,170532
176.0225,170778
176.0265,169753
176.0306,170245
176.0347,170010
176.0389,170280
176.0430,170320
176.0470,170203
176.0511,170235
176.0552,170169
176.0593,170583
176.0634,170000
176.0675,170079
176.0716,170641
176.0756,169936
176.0797,169971
176.0839,169876
176.0879,170056
176.0921,170781
176.0962,169902
176.0963,170553
176.1003,170012
176.1044,170038
176.1084,170856
176.1126,170161
176.1167,170448
176.1208,170254
176.1248,169896
176.1289,170655
176.1330,170228
176.1371,170327
176.1412,170385
176.1453,169946
176.1493,171018
176.1534,170079
176.1576,170165
176.1616,170013
176.1657,169672
176.1698,171057
176.1739,170166
176.1780,170200
176.1821,170390
176.1862,169998
176.1903,170366
176.1944,170440
176.1985,170154
176.2026,170747
176.2067,170214
176.2108,171457
176.2149,170215
176.2196,170374
176.2232,170675
176.2233,169691
176.2273,171573
176.2314,170291
176.2354,170768
176.2395,170082
176.2437,170390
176.2477,170670
176.2518,170083
176.2559,170494
176.2601,170704
176.2641,170056
176.2682,171134
176.2723,170376
176.2764,170533
176.2805,170789
176.2846,170023
176.2887,171546
176.2928,169508
176.2969,170026
176.3011,170567
176.3051,170448
176.3091,171149
176.3133,170646
176.3174,170479
176.3215,169556
176.3255,170559
176.3297,171043
176.3338,170509
176.3379,170660
176.3419,170386
176.3462,170532
176.3502,171396
176.3503,169763
176.3542,170783
176.3582,170016
176.3624,170107
176.3665,170897
176.3706,169877
176.3747,170627
176.3788,170740
176.3829,170144
176.3870,171132
176.3911,170137
176.3952,170324
176.3993,170207
176.4034,170135
176.4075,170775
176.4116,170076
176.4158,170311
176.4198,170856
176.4239,170428
176.4280,170661
176.4320,169907
176.4362,170535
176.4403,170636
176.4443,170764
176.4485,170986
176.4525,170704
176.4567,170447
176.4607,170696
176.4648,170494
176.4690,170461
176.4732,170128
176.4773,170368
176.4774,170732
176.4812,170370
176.4853,170452
176.4894,170833
176.4935,170328
176.4976,170304
176.5017,170651
176.5058,170882
176.5099,170456
176.5140,170014
176.5181,170376
176.5222,170464
176.5263,170569
176.5304,170119
176.5345,170558
176.5386,170610
176.5427,170184
176.5467,170835
176.5509,170868
176.5549,170009
176.5591,170909
176.5631,170463
176.5672,170372
176.5713,170401
176.5754,170749
176.5795,170740
176.5836,169916
176.5877,170633
176.5918,170517
176.5959,170293
176.6002,170529
176.6043,170515
176.6043,170347
176.6081,170870
176.6123,170758
176.6163,170854
176.6204,171076
176.6245,170462
176.6287,170649
176.6328,170535
176.6369,170775
176.6410,170460
176.6450,169781
176.6491,170520
176.6532,171029
176.6573,170846
176.6614,170629
176.6656,169974
176.6695,171085
176.6736,170345
176.6778,170584
176.6819,170158
176.6860,169632
176.6901,171334
176.6942,170005
176.6982,170726
176.7023,170109
176.7065,169803
176.7106,171281
176.7147,170294
176.7188,170707
176.7229,170430
176.7272,170186
176.7312,171365
176.7353,170514
176.7354,169951
176.7393,170489
176.7433,169816
176.7474,171758
176.7515,170179
176.7557,170701
176.7597,170615
176.7638,169978
176.7679,171128
176.7720,170088
176.7761,170077
176.7802,170788
176.7842,169894
176.7883,171916
176.7925,170344
176.7966,170700
176.8007,170788
176.8048,170002
176.8089,171323
176.8130,169879
176.8171,170487
176.8211,170847
176.8252,170387
176.8293,171400
176.8334,170442
176.8376,170338
176.8417,170278
176.8457,170442
176.8499,171251
176.8542,170619
176.8580,170571
176.8623,170784
176.8623,170515
176.8662,171450
176.8704,170087
176.8745,171005
176.8785,171028
176.8826,170230
176.8867,171198
176.8908,169906
176.8949,170394
176.8990,170652
176.9031,170964
176.9072,171403
176.9113,170555
176.9154,170777
176.9195,170529
176.9236,169773
176.9276,171208
176.9318,170428
176.9359,170797
176.9400,170542
176.9441,170748
176.9482,171060
176.9522,170824
176.9563,170263
176.9604,170635
176.9645,170378
176.9686,171101
176.9727,170425
176.9768,170481
176.9811,170835
176.9852,171035
176.9893,170926
176.9894,170278
176.9932,170446
176.9973,170631
177.0014,170552
177.0055,170554
177.0096,170525
177.0136,170859
177.0177,171209
177.0218,170446
177.0259,170483
177.0300,170547
177.0341,170243
177.0382,170539
177.0423,170519
177.0464,170759
177.0505,170686
177.0546,170392
177.0586,170532
177.0627,170553
177.0669,170711
177.0709,170648
177.0750,170442
177.0791,170938
177.0832,170715
177.0873,170786
177.0915,170414
177.0956,170345
177.0997,170587
177.1039,170887
177.1079,170128
177.1122,170455
177.1161,170288
177.1162,170527
177.1202,170871
177.1242,171082
177.1284,170342
177.1324,170281
177.1365,170828
177.1407,171142
177.1447,170498
177.1488,170696
177.1529,170797
177.1570,170388
177.1611,170512
177.1652,170284
177.1694,170990
177.1734,170819
177.1774,170748
177.1816,170871
177.1857,169819
177.1897,170363
177.1939,170258
177.1980,170700
177.2020,170514
177.2062,169915
177.2103,171484
177.2144,170833
177.2185,170418
177.2226,170411
177.2266,170278
177.2307,171634
177.2348,170581
177.2390,170501
177.2432,171287
177.2432,169955
177.2471,171449
177.2511,170267
177.2553,169978
177.2594,171022
177.2635,170278
177.2676,171739
177.2717,170292
177.2758,170777
177.2799,170261
177.2840,169799
177.2880,172075
177.2922,170371
177.2963,170711
177.3003,170323
177.3045,170150
177.3086,171308
177.3127,170598
177.3168,170100
177.3209,170520
177.3249,170293
177.3290,171187
177.3331,170004
177.3372,171048
177.3413,170694
177.3454,170534
177.3495,171663
177.3537,170334
177.3576,170846
177.3619,171011
177.3661,169841
177.3702,171164
177.3702,170248
177.3741,170481
177.3783,170532
177.3822,170134
177.3863,171315
177.3904,169970
177.3945,170514
177.3986,170409
177.4027,170608
177.4068,170731
177.4109,169950
177.4150,170521
177.4191,170935
177.4232,170213
177.4273,170934
177.4314,169908
177.4355,170712
177.4396,170957
177.4437,170565
177.4478,170828
177.4519,170026
177.4560,170854
177.4601,170553
177.4643,170809
177.4684,170885
177.4724,170475
177.4765,170408
177.4807,170668
177.4847,170457
177.4888,171122
177.4930,170448
177.4973,170332
177.4973,170867
177.5010,170166
177.5054,170297
177.5092,170030
177.5134,170991
177.5175,170467
177.5215,170588
177.5257,171079
177.5298,171429
177.5338,170418
177.5380,170582
177.5420,170136
177.5461,170375
177.5502,170275
177.5543,170452
177.5584,170960
177.5625,170370
177.5666,170725
177.5707,170472
177.5747,170933
177.5788,170427
177.5830,170300
177.5871,170254
177.5912,170856
177.5953,170919
177.5994,170650
177.6035,171141
177.6075,170213
177.6117,170690
177.6158,170646
177.6200,170800
177.6241,170587
177.6242,170451
177.6281,170757
177.6322,170225
177.6363,170587
177.6403,170345
177.6444,170184
177.6485,170897
177.6527,170690
177.6567,170733
177.6608,170439
177.6649,170161
177.6690,171142
177.6731,170577
177.6772,170736
177.6812,170633
177.6854,170114
177.6895,171524
177.6936,170907
177.6978,171045
177.7019,170735
177.7059,170542
177.7100,171418
177.7141,170555
177.7181,170765
177.7222,171174
177.7263,169569
177.7304,171105
177.7345,170320
177.7386,170800
177.7428,170858
177.7470,170518
177.7511,171136
177.7512,170924
177.7550,170550
177.7591,170922
177.7634,169944
177.7673,171097
177.7714,170203
177.7755,170510
177.7796,170803
177.7837,170332
177.7878,171840
177.7918,170668
177.7960,170756
177.8001,170664
177.8042,169913
177.8083,171373
177.8125,170581
177.8165,170934
177.8206,170399
177.8246,170556
177.8288,171475
177.8328,170461
177.8369,170755
177.8410,170689
177.8451,170126
177.8492,171604
177.8533,170268
177.8573,170412
177.8615,170655
177.8656,170494
177.8697,171179
177.8740,169750
177.8782,170737
177.8821,170600
177.8822,170539
177.8861,171197
177.8902,170512
177.8943,170722
177.8984,170929
177.9024,170025
177.9066,171159
177.9107,170197
177.9148,171269
177.9189,170474
177.9230,170639
177.9271,170812
177.9312,169996
177.9353,170660
177.9394,170774
177.9435,170394
177.9475,170868
177.9516,170487
177.9557,170830
177.9598,170231
177.9639,170422
177.9680,171237
177.9721,170462
177.9762,170807
177.9803,170794
177.9844,170306
177.9885,171028
177.9925,170623
177.9967,170475
178.0010,171076
178.0051,170467
178.0089,170983
178.0090,170957
178.0131,170568
178.0172,170916
178.0213,171036
178.0254,170661
178.0294,170397
178.0335,170866
178.0376,170708
178.0417,170393
178.0457,170246
178.0499,170799
178.0539,170857
178.0581,170571
178.0622,170913
178.0663,170857
178.0707,170544
178.0744,170798
178.0786,170876
178.0827,170419
178.0867,170983
178.0908,170654
178.0950,170702
178.0991,170139
178.1032,170638
178.1072,170914
178.1115,170980
178.1158,170652
178.1196,170707
178.1236,171392
178.1278,170896
178.1320,170379
178.1361,170345
178.1362,170837
178.1400,170697
178.1441,170728
178.1482,170635
178.1523,170663
178.1564,171028
178.1607,171065
178.1647,170369
178.1686,170917
178.1727,170921
178.1768,170658
178.1809,170632
178.1850,169825
178.1892,170675
178.1932,170996
178.1975,170097
178.2014,170388
178.2056,169526
178.2096,171427
178.2138,169926
178.2179,170978
178.2220,170454
178.2261,169942
178.2313,171388
178.2347,170619
178.2384,170608
178.2428,170365
178.2469,170180
178.2507,171417
178.2552,170851
178.2590,170860
178.2628,170385
178.2629,170017
178.2669,171877
178.2710,170198
178.2751,170467
178.2794,170652
178.2833,170049
178.2874,171470
178.2915,170214
178.2960,170335
178.2997,170697
178.3038,170444
178.3080,171384
178.3122,169944
178.3161,170991
178.3202,170638
178.3243,170149
178.3293,171319
178.3326,170165
178.3366,170994
178.3406,171055
178.3453,170786
178.3490,171501
178.3530,170366
178.3570,170351
178.3620,170836
178.3656,170610
178.3693,171243
178.3734,170525
178.3787,170321
178.3819,170479
178.3859,170676
178.3899,171448
178.3900,170596
178.3952,170717
178.3981,170395
178.4021,170351
178.4062,171247
178.4116,169796
178.4155,170855
178.4186,170569
178.4226,170550
178.4281,171388
178.4308,170169
178.4355,170588
178.4390,170570
178.4447,170499
178.4476,171028
178.4512,170343
178.4553,170764
178.4615,170595
178.4639,170810
178.4677,171278
178.4718,170082
178.4759,170683
178.4803,170682
178.4842,171009
178.4881,171351
178.4922,170216
178.4968,170734
178.5005,170879
178.5046,170567
178.5088,171453
178.5128,170518
178.5170,170893
178.5171,170388
178.5210,170662
178.5250,171461
178.5295,170010
178.5332,170740
178.5372,170379
178.5415,170605
178.5466,170783
178.5496,170558
178.5537,170659
178.5578,170267
178.5624,170690
178.5660,171535
178.5700,170784
178.5741,170812
178.5791,170500
178.5823,170486
178.5864,170822
178.5905,170461
178.5949,170232
178.5988,170232
178.6029,170698
178.6070,170910
178.6116,169929
178.6152,170496
178.6192,170927
178.6232,170807
178.6281,170173
178.6318,170382
178.6356,170781
178.6398,170240
178.6446,170711
178.6451,170511
178.6478,170632
178.6520,170054
178.6560,170839
178.6610,170656
178.6642,169653
178.6683,170404
178.6724,171031
178.6785,170680
178.6806,170216
178.6847,170295
178.6888,171456
178.6959,170786
178.6970,170991
178.7012,170539
178.7052,170428
178.7093,170705
178.7139,170895
178.7175,170490
178.7216,170168
178.7257,170394
178.7303,171427
178.7340,170411
178.7380,170957
178.7421,170290
178.7468,169713
178.7509,171443
178.7544,170669
178.7585,170923
178.7636,170765
178.7668,170237
178.7708,171699
178.7709,170733
178.7748,169865
178.7797,170387
178.7836,170142
178.7874,171508
178.7913,170558
178.7953,170410
178.8001,170360
178.8035,169307
178.8076,171326
178.8125,170180
178.8164,170736
178.8199,170527
178.8240,169730
178.8284,172147
178.8324,170389
178.8363,170533
178.8403,170362
178.8455,170170
178.8488,171017
178.8527,170340
178.8568,170718
178.8612,170348
178.8655,170689
178.8696,171850
178.8731,170384
178.8793,170202
178.8815,170672
178.8855,170328
178.8895,171821
178.8944,170185
178.8977,170974
178.9019,170139
178.9019,170120
178.9059,171177
178.9118,170208
178.9148,170108
178.9186,170611
178.9224,170373
178.9279,171084
178.9308,170173
178.9348,170542
178.9387,170287
178.9446,170184
178.9472,170890
178.9510,169944
178.9551,170757
178.9592,170873
178.9638,170759
178.9676,170897
178.9716,170085
178.9757,170769
178.9798,170636
178.9837,170709
178.9878,171003
178.9919,169864
178.9963,170484
179.0002,170969
179.0049,170857
179.0083,171217
179.0129,170146
179.0167,170907
179.0208,170760
179.0248,170557
179.0287,171169
179.0291,170488
179.0329,170390
179.0370,170689
179.0411,170545
179.0452,170575
179.0493,170260
179.0534,170764
179.0576,170881
179.0616,170408
179.0658,171082
179.0697,170677
179.0738,170375
179.0783,170475
179.0821,170387
179.0861,170547
179.0902,170053
179.0952,170553
179.0988,170302
179.1027,170487
179.1067,170912
179.1115,170673
179.1153,170452
179.1192,170649
179.1231,170510
179.1278,170855
179.1317,171097
179.1353,170595
179.1394,170818
179.1448,170336
179.1477,170286
179.1518,170848
179.1560,170752
179.1561,170649
179.1613,170229
179.1642,170565
179.1681,170310
179.1724,170372
179.1778,171092
179.1810,170355
179.1851,170291
179.1885,170402
179.1943,170377
179.1969,170542
179.2011,170173
179.2053,170286
179.2090,170682
179.2133,170679
179.2177,170389
179.2217,170379
179.2255,170026
179.2300,170883
179.2343,169629
179.2376,170513
179.2418,170725
179.2469,170173
179.2500,170596
179.2541,170533
179.2583,171022
179.2630,170193
179.2664,169842
179.2705,171140
179.2750,170478
179.2788,170164
179.2830,170572
179.2830,170146
179.2868,171279
179.2909,171292
179.2957,170390
179.2991,170433
179.3032,170368
179.3073,171084
179.3117,170479
179.3162,170745
179.3197,170962
179.3238,170111
179.3282,171410
179.3321,170152
179.3359,171163
179.3400,170807
179.3451,169962
179.3485,171500
179.3524,170381
179.3564,171028
179.3617,170664
179.3654,170726
179.3689,171215
179.3728,170691
179.3778,170451
179.3814,170985
179.3859,170096
179.3893,171379
179.3943,169722
179.3979,170809
179.4017,170574
179.4057,170274
179.4106,171392
179.4108,170400
179.4140,170676
179.4179,171444
179.4220,170938
179.4281,170977
179.4304,169969
179.4343,170824
179.4384,170984
179.4428,170800
179.4467,171413
179.4506,170335
179.4547,170605
179.4589,170790
179.4634,170433
179.4675,171643
179.4715,170173
179.4752,170289
179.4801,170514
179.4834,170204
179.4875,171337
179.4916,170465
179.4958,170557
179.4999,170890
179.5040,170564
179.5080,171276
179.5122,170604
179.5167,170523
179.5205,170083
179.5245,170715
179.5288,170942
179.5327,170099
179.5368,170358
179.5368,170715
179.5409,170273
179.5460,170946
179.5493,170489
179.5531,170700
179.5572,170390
179.5622,170264
179.5661,170873
179.5694,170519
179.5735,170970
179.5786,170495
179.5822,170588
179.5863,170706
179.5900,170587
179.5949,170976
179.5986,170566
179.6029,170651
179.6064,170860
179.6110,170763
179.6151,170130
179.6188,170792
179.6227,170811
179.6286,171055
179.6311,170378
179.6350,170393
179.6390,170584
179.6447,170591
179.6482,170588
179.6514,170101
179.6560,170267
179.6603,170876
179.6637,170537
179.6638,170206
179.6677,170853
179.6718,170646
179.6782,170394
179.6806,170427
179.6841,170373
179.6882,170313
179.6923,170379
179.6967,170485
179.7005,170536
179.7046,169851
179.7087,170506
179.7128,170430
179.7169,170483
179.7209,171043
179.7251,170007
179.7300,170919
179.7334,170759
179.7374,170412
179.7414,170403
179.7461,170235
179.7497,170723
179.7538,170632
179.7579,170744
179.7629,170443
179.7661,169881
179.7701,170865
179.7743,170279
179.7786,170505
179.7824,170702
179.7867,170238
179.7906,171228
179.7907,170672
179.7948,170565
179.7994,170222
179.8033,169787
179.8071,170794
179.8115,170405
179.8152,170474
179.8197,171055
179.8235,170572
179.8280,171561
179.8322,170286
179.8357,170803
179.8402,170395
179.8439,170466
179.8485,171774
179.8523,170510
179.8561,170745
179.8602,171006
179.8646,169961
179.8693,171400
179.8726,170708
179.8772,170867
179.8807,170577
179.8848,170326
179.8889,171762
179.8946,170002
179.8971,170984
179.9019,170383
179.9059,169965
179.9107,171248
179.9135,170088
179.9177,170595
179.9178,170769
179.9217,170751
179.9271,171340
179.9302,170415
179.9341,170211
179.9382,170320
179.9439,170441
179.9463,171261
179.9507,170574
179.9548,170225
179.9593,170708
179.9631,170133
179.9673,171295
179.9709,170593
179.9750,170885
179.9793,170771
179.9837,170484
179.9875,171366
179.9913,170317
179.9954,170783
179.9997,171053
180.0042,170496
180.0077,170946
180.0119,170209
180.0164,170035
180.0202,170606
180.0241,170569
180.0283,170875
180.0331,170189
180.0365,170709
180.0405,170552
180.0449,170386
180.0487,171369
180.0488,170413
180.0527,170462
180.0569,170323
180.0616,170305
180.0651,171039
180.0692,170031
180.0734,170904
180.0787,170915
180.0821,170618
180.0856,171217
180.0896,170274
180.0943,170625
180.0978,170596
180.1019,170274
180.1060,170884
180.1116,170363
180.1147,170117
180.1184,170417
180.1224,170172
180.1278,170331
180.1313,170977
180.1347,170860
180.1387,170488
180.1438,170847
180.1472,170394
180.1511,170982
180.1551,170878
180.1601,170672
180.1638,170807
180.1675,170472
180.1717,170357
180.1760,170935
180.1770,170340
180.1806,171037
180.1838,170357
180.1879,170295
180.1942,170598
180.1963,170456
180.2006,170228
180.2048,170313
180.2085,170951
180.2125,170741
180.2166,170197
180.2208,170852
180.2248,170504
180.2293,170629
180.2329,169887
180.2371,170506
180.2411,170184
180.2457,170491
180.2493,171221
180.2534,171142
180.2575,170838
180.2617,170445
180.2657,169843
180.2698,170687
180.2739,170541
180.2787,171309
180.2821,170585
180.2862,170575
180.2903,171839
180.2948,170547
180.2985,170562
180.3027,170346
180.3028,170308
180.3067,171608
180.3110,170347
180.3150,170145
180.3199,170588
180.3231,169942
180.3274,171635
180.3318,170348
180.3361,170581
180.3394,170187
180.3440,170580
180.3481,171514
180.3517,170411
180.3563,170558
180.3609,170341
180.3647,169619
180.3689,171578
180.3723,169903
180.3773,170761
180.3806,170592
180.3851,170429
180.3886,171248
180.3935,170271
180.3972,170632
180.4010,170688
180.4055,170088
180.4111,171443
180.4136,170829
180.4173,170670
180.4217,170746
180.4260,170645
180.4297,171533
180.4298,169818
180.4336,170916
180.4377,169950
180.4437,170325
180.4468,171132
180.4500,170411
180.4541,170404
180.4582,170776
180.4625,170204
180.4665,171539
180.4705,170673
180.4746,170721
180.4793,170711
180.4829,170656
180.4869,171410
180.4910,170009
180.4954,170819
180.4994,170640
180.5033,170032
180.5075,170818
180.5118,169792
180.5156,170749
180.5197,170935
180.5238,170561
180.5281,171347
180.5321,171531
180.5361,170147
180.5401,170178
180.5445,170835
180.5490,170861
180.5526,170019
180.5565,170649
180.5566,170250
180.5609,170388
180.5647,171145
180.5688,170438
180.5729,170623
180.5776,170726
180.5818,170934
180.5852,171214
180.5893,170765
180.5939,170817
180.5981,170424
180.6017,170268
180.6057,170845
180.6102,170984
180.6139,170786
180.6180,171221
180.6221,169930
180.6270,171027
180.6314,170988
180.6343,170016
180.6384,170149
180.6442,171177
180.6472,170756
180.6507,169891
180.6548,170908
180.6604,170623
180.6642,170707
180.6672,171351
180.6713,170893
180.6773,171032
180.6796,170869
180.6836,170679
180.6877,170303
180.6878,170696
180.6931,170343
180.6961,170530
180.7000,170925
180.7041,170254
180.7082,171024
180.7136,170806
180.7164,170837
180.7204,170556
180.7245,170394
180.7287,170522
180.7327,170582
180.7367,170643
180.7408,170311
180.7452,170514
180.7492,170339
180.7532,170887
180.7573,170531
180.7623,170707
180.7654,170097
180.7695,170844
180.7737,170126
180.7783,170799
180.7824,170736
180.7859,170041
180.7900,171120
180.7946,170890
180.7982,170614
180.8023,170886
180.8067,170266
180.8115,170606
180.8147,170530
180.8148,170767
180.8187,170363
180.8227,170026
180.8270,171206
180.8310,170943
180.8351,170391
180.8391,170627
180.8443,169839
180.8478,171334
180.8514,171103
180.8556,170943
180.8617,171380
180.8637,170158
180.8678,171715
180.8719,170064
180.8764,170019
180.8803,170435
180.8842,170225
180.8883,171443
180.8941,170108
180.8974,170649
180.9006,170361
180.9046,170655
180.9098,171726
180.9129,171219
180.9169,170930
180.9210,171044
180.9253,170122
180.9294,171791
180.9334,170492
180.9376,171101
180.9416,170942
180.9448,170494
180.9458,171230
180.9498,170203
180.9540,170448
180.9595,170454
180.9628,169976
180.9668,171271
180.9703,170885
180.9745,171049
180.9790,170681
180.9829,170736
180.9875,171748
180.9907,170615
180.9950,170595
180.9997,170456
181.0032,170268
181.0071,170481
181.0113,170436
181.0157,170795
181.0197,171295
181.0235,170687
181.0283,171524
181.0317,170196
181.0362,170734
181.0399,170959
181.0448,170612
181.0482,170904
181.0530,170231
181.0564,170857
181.0604,170604
181.0646,170744
181.0686,170361
181.0686,170826
181.0726,170708
181.0775,171017
181.0808,170060
181.0849,170953
181.0890,171146
181.0947,171035
181.0976,171269
181.1013,170957
181.1054,171080
181.1108,170747
181.1138,170446
181.1177,171066
181.1218,171070
181.1268,170971
181.1306,170957
181.1340,170330
181.1381,171198
181.1444,169944
181.1463,171208
181.1510,170664
181.1545,170736
181.1600,170527
181.1634,170394
181.1668,170794
181.1709,170391
181.1762,171094
181.1794,170724
181.1832,170396
181.1873,170152
181.1930,171081
181.1958,169897
181.1963,171422
181.1997,170594
181.2037,170558
181.2078,170510
181.2119,170762
181.2160,170309
181.2201,170896
181.2242,170355
181.2289,171112
181.2324,170716
181.2364,170465
181.2406,170254
181.2455,170173
181.2489,170450
181.2528,170823
181.2570,171119
181.2621,170450
181.2652,170316
181.2692,170675
181.2733,170340
181.2780,171073
181.2816,170736
181.2856,169853
181.2897,171275
181.2938,170345
181.2979,170428
181.3020,170843
181.3061,170029
181.3111,171592
181.3143,170509
181.3184,170291
181.3225,170767
181.3225,170159
181.3272,171141
181.3311,170728
181.3348,170627
181.3388,170575
181.3436,170179
181.3471,171480
181.3511,170669
181.3552,170700
181.3596,170873
181.3636,170106
181.3676,171314
181.3717,170250
181.3761,170952
181.3809,170215
181.3839,170226
181.3880,171646
181.3943,170557
181.3973,170926
181.4003,170946
181.4044,170381
181.4100,171712
181.4136,170698
181.4168,170570
181.4208,170781
181.4261,169706
181.4291,171617
181.4334,170415
181.4371,170346
181.4413,170490
181.4457,170047
181.4495,171867
181.4495,170114
181.4535,170542
181.4592,170733
181.4624,170386
181.4659,171194
181.4699,170303
181.4755,170600
181.4788,170633
181.4822,170360
181.4863,171068
181.4904,170234
181.4945,170622
181.4986,170174
181.5027,170794
181.5069,171128
181.5116,170409
181.5150,170939
181.5190,171066
181.5232,170334
181.5277,171257
181.5314,170594
181.5354,170581
181.5397,171070
181.5444,170288
181.5477,170971
181.5518,170109
181.5560,170353
181.5604,170751
181.5641,170633
181.5682,171206
181.5726,170471
181.5766,170658
181.5806,171032
181.5807,170778
181.5846,171357
181.5887,171173
181.5931,170883
181.5973,170534
181.6010,170931
181.6051,171535
181.6093,171110
181.6138,170665
181.6174,170804
181.6215,170738
181.6261,170777
181.6300,170950
181.6337,170613
181.6378,170972
181.6425,170780
181.6461,170558
181.6501,170767
181.6542,170540
181.6592,171189
181.6628,170473
181.6669,170668
181.6707,170147
181.6752,170570
181.6792,170885
181.6832,170782
181.6870,171078
181.6930,171011
181.6958,170660
181.6995,170852
181.7034,170780
181.7075,170368
181.7076,170915
181.7120,171103
181.7162,171316
181.7199,170700
181.7239,170815
181.7295,170783
181.7320,170768
181.7361,170795
181.7403,170441
181.7450,170857
181.7488,170879
181.7527,170687
181.7567,170728
181.7616,170640
181.7655,170704
181.7689,171120
181.7730,170739
181.7779,170572
181.7812,170438
181.7853,170610
181.7894,171252
181.7938,170647
181.7977,170816
181.8018,171158
181.8058,170719
181.8099,171687
181.8147,170571
181.8182,170477
181.8222,170742
181.8263,170005
181.8304,171148
181.8344,170836
181.8345,170671
181.8386,170405
181.8433,170116
181.8468,171418
181.8509,170815
181.8550,170339
181.8594,170677
181.8637,170330
181.8679,171729
181.8713,170610
181.8764,170769
181.8795,170948
181.8836,170463
181.8877,171397
181.8929,170676
181.8961,171106
181.9001,170572
181.9041,170432
181.9094,171650
181.9132,170746
181.9164,170938
181.9204,170975
181.9261,170385
181.9287,171764
181.9327,170373
181.9368,170675
181.9423,170773
181.9453,170076
181.9492,171606
181.9534,170425
181.9575,170425
181.9614,170686
181.9615,170128
181.9655,171232
181.9696,170508
181.9737,170618
181.9779,170340
181.9822,169816
181.9860,171122
181.9901,169881
181.9951,170768
181.9986,170375
182.0025,170659
182.0065,171364
182.0107,170611
182.0146,169978
182.0187,170100
182.0229,170176
182.0276,171232
182.0310,170124
182.0354,170978
182.0393,170233
182.0437,170111
182.0474,171442
182.0516,170498
182.0556,170388
182.0602,171002
182.0647,170942
182.0679,171195
182.0720,170408
182.0766,170537
182.0806,170337
182.0845,170120
182.0884,171464
182.0885,170238
182.0929,169947
182.0971,170941
182.1007,170040
182.1047,170692
182.1092,170661
182.1129,170419
182.1171,170453
182.1212,170160
182.1270,170855
182.1295,170417
182.1335,170769
182.1376,170867
182.1427,170406
182.1465,170556
182.1498,170407
182.1539,170198
182.1591,170293
182.1627,170527
182.1665,170832
182.1703,170547
182.1754,170786
182.1786,170677
182.1830,170694
182.1867,170265
182.1926,170926
182.1949,170419
182.1991,170685
182.2031,170478
182.2072,170628
182.2113,170790
182.2155,170686
182.2156,170321
182.2194,170567
182.2261,170345
182.2279,170443
182.2318,169904
182.2359,170767
182.2400,170967
182.2441,169999
182.2482,170356
182.2523,170176
182.2564,170356
182.2604,170490
182.2645,170110
182.2686,170453
182.2727,170273
182.2768,170506
182.2813,170935
182.2851,170389
182.2891,171245
182.2933,170201
182.2976,170518
182.3014,170472
182.3056,169361
182.3107,170772
182.3143,171051
182.3179,170876
182.3219,170607
182.3262,169944
182.3307,170658
182.3342,170493
182.3383,170363
182.3426,170671
182.3465,170606
182.3466,171033
182.3505,169996
182.3546,170058
182.3594,170597
182.3637,169913
182.3669,171254
182.3710,171216
182.3754,170707
182.3801,170715
182.3833,170013
182.3874,171501
182.3924,170578
182.3959,170556
182.3997,170301
182.4038,169922
182.4086,171563
182.4124,170178
182.4161,170134
182.4202,170666
182.4257,170315
182.4293,171286
182.4325,170055
182.4367,170417
182.4407,170748
182.4454,169956
182.4489,171564
182.4529,169540
182.4585,170357
182.4615,170437
182.4653,169858
182.4693,171072
182.4734,170531
182.4735,170600
182.4785,170824
182.4817,169918
182.4858,171312
182.4898,170306
182.4946,170253
182.4980,170722
182.5021,170150
182.5062,171402
182.5103,170007
182.5149,170628
182.5184,170602
182.5226,170461
182.5268,171080
182.5311,170179
182.5348,169626
182.5390,170017
182.5430,170410
182.5471,171436
182.5513,170163
182.5553,170553
182.5603,170673
182.5636,170097
182.5676,171072
182.5717,170063
182.5766,170267
182.5802,170260
182.5840,170443
182.5881,171049
182.5924,170152
182.5965,170547
182.6005,170635
182.6006,170244
182.6044,171525
182.6087,170054
182.6127,169944
182.6168,170237
182.6209,170832
182.6250,171363
182.6300,170240
182.6332,170591
182.6373,170513
182.6423,170328
182.6464,171401
182.6496,170746
182.6536,170557
182.6593,170803
182.6624,170910
182.6659,171390
182.6700,171059
182.6753,170658
182.6785,170572
182.6823,170643
182.6864,171002
182.6919,170334
182.6950,170599
182.6988,170658
182.7029,170882
182.7089,170649
182.7112,171012
182.7151,170515
182.7192,170479
182.7233,171077
182.7275,170348
182.7276,170092
182.7314,170815
182.7356,171010
182.7396,170530
182.7443,170190
182.7478,170560
182.7519,170826
182.7561,170780
182.7609,170839
182.7643,170237
182.7684,170371
182.7725,170789
182.7768,170641
182.7813,170624
182.7847,170266
182.7889,170940
182.7936,171175
182.7969,170384
182.8010,170267
182.8052,170006
182.8098,170883
182.8135,170439
182.8175,170686
182.8216,170478
182.8256,170300
182.8304,171388
182.8339,170558
182.8379,170656
182.8425,170571
182.8464,170163
182.8502,171286
182.8543,170312
182.8544,170904
182.8587,170497
182.8633,170491
182.8666,171317
182.8707,169945
182.8758,170487
182.8790,170437
182.8838,170077
182.8871,171437
182.8915,170744
182.8953,170437
182.8994,170548
182.9035,170299
182.9085,171371
182.9123,170279
182.9159,170518
182.9199,170935
182.9249,170187
182.9283,171752
182.9327,170572
182.9362,170523
182.9416,170689
182.9453,170104
182.9485,171640
182.9526,170461
182.9592,170518
182.9609,170582
182.9649,170635
182.9690,171431
182.9732,170702
182.9773,170850
182.9814,170685
182.9815,169753
182.9854,171600
182.9895,170076
182.9940,170445
182.9981,170570
183.0017,170140
183.0059,171183
183.0105,170305
183.0141,170008
183.0182,170763
183.0224,170321
183.0269,171411
183.0304,169836
183.0345,170998
183.0386,170318
183.0434,170243
183.0475,171330
183.0509,170340
183.0551,170725
183.0597,170334
183.0633,170404
183.0673,170813
183.0714,170656
183.0755,170457
183.0800,170496
183.0837,170328
183.0878,171448
183.0920,170128
183.0960,170224
183.1007,170313
183.1042,170100
183.1084,171165
183.1091,170193
183.1128,170332
183.1164,170664
183.1206,170051
183.1249,171160
183.1288,170037
183.1329,170345
183.1369,170743
183.1420,170884
183.1453,170728
183.1492,170124
183.1533,170019
183.1585,170627
183.1620,170080
183.1656,170660
183.1697,170165
183.1755,171031
183.1786,170560
183.1820,170730
183.1861,170871
183.1919,170667
183.1944,169962
183.1983,170928
183.2025,170562
183.2066,170772
183.2114,170527
183.2154,170796
183.2188,171030
183.2230,170800
183.2277,170550
183.2313,170296
183.2354,170583
183.2354,170611
183.2394,170276
183.2437,170224
183.2483,170701
183.2516,170555
183.2558,170486
183.2602,170535
183.2639,169997
183.2680,170572
183.2721,170635
183.2763,170247
183.2807,170461
183.2844,170116
183.2885,171117
183.2929,170729
183.2967,170762
183.3008,171219
183.3049,169860
183.3089,170726
183.3131,170170
183.3172,170322
183.3212,170801
183.3259,169969
183.3295,170653
183.3336,170862
183.3376,170991
183.3421,170915
183.3460,170215
183.3499,171422
183.3540,170528
183.3587,170615
183.3623,171056
183.3663,170166
183.3663,171376
183.3704,170184
183.3747,170458
183.3791,170481
183.3827,169892
183.3868,171468
183.3915,170589
183.3952,170961
183.3992,170544
183.4032,169908
183.4083,170894
183.4121,171128
183.4155,170438
183.4196,170887
183.4247,170365
183.4278,171729
183.4319,171032
183.4360,170966
183.4416,170870
183.4444,169886
183.4487,171183
183.4523,170292
183.4564,170322
183.4608,171269
183.4653,170329
183.4687,171467
183.4729,169893
183.4771,170136
183.4810,170976
183.4852,170546
183.4892,171209
183.4932,171178
183.4933,171014
183.4973,170830
183.5014,170742
183.5056,172475
183.5103,170404
183.5139,171150
183.5179,170988
183.5220,170278
183.5261,171679
183.5306,170343
183.5342,170969
183.5383,171491
183.5427,170637
183.5469,171741
183.5509,170693
183.5549,171497
183.5596,170570
183.5633,170637
183.5674,171343
183.5711,171121
183.5753,171660
183.5797,171268
183.5836,170645
183.5875,171724
183.5916,170512
183.5957,171322
183.6002,170748
183.6039,171129
183.6104,171898
183.6122,170835
183.6163,170918
183.6203,171487
183.6204,171143
183.6246,171605
183.6287,171158
183.6330,170962
183.6366,171312
183.6408,170911
183.6449,171433
183.6490,171244
183.6530,171417
183.6579,171258
183.6620,171418
183.6659,171529
183.6694,170892
183.6750,170646
183.6779,171129
183.6817,170590
183.6858,171506
183.6917,171545
183.6941,171263
183.6987,171349
183.7029,171390
183.7063,172124
183.7105,171621
183.7150,171483
183.7187,171734
183.7226,171545
183.7271,171309
183.7315,171426
183.7350,171215
183.7391,171013
183.7432,171216
183.7472,171085
183.7473,171545
183.7513,170594
183.7554,170573
183.7603,170986
183.7644,170993
183.7678,170866
183.7719,170894
183.7767,171229
183.7805,171569
183.7842,170766
183.7882,171598
183.7924,170617
183.7971,171751
183.8007,170617
183.8046,171078
183.8094,171317
183.8128,171598
183.8170,171497
183.8210,171281
183.8261,170602
183.8293,171539
183.8336,171028
183.8374,170889
183.8422,171163
183.8468,171060
183.8497,172059
183.8537,171644
183.8585,171357
183.8624,170796
183.8660,170732
183.8702,171691
183.8746,171472
183.8747,170935
183.8788,171570
183.8832,170618
183.8867,172489
183.8906,170941
183.8953,170816
183.8999,171618
183.9029,171071
183.9070,171909
183.9111,171120
183.9152,170908
183.9192,171646
183.9233,170527
183.9274,171814
183.9316,170797
183.9356,170785
183.9397,171251
183.9438,170968
183.9479,172229
183.9520,171247
183.9561,170860
183.9602,170669
183.9643,171454
183.9684,171656
183.9725,170370
183.9765,171212
183.9807,170777
183.9847,170616
183.9889,171643
183.9930,170839
183.9975,170686
184.0013,171499
184.0013,171019
184.0053,172158
184.0096,170615
184.0136,171670
184.0177,171296
184.0217,170478
184.0258,172032
184.0299,170623
184.0340,171208
184.0380,171256
184.0421,170709
184.0462,171977
184.0504,170302
184.0545,171081
184.0586,171167
184.0626,171121
184.0668,171354
184.0709,170604
184.0749,171412
184.0791,171185
184.0831,170587
184.0872,172125
184.0913,170338
184.0954,171317
184.0994,171259
184.1036,170626
184.1076,171799
184.1117,170658
184.1158,171521
184.1199,171665
184.1245,171037
184.1284,171663
184.1323,170520
184.1324,170883
184.1364,171090
184.1405,170379
184.1447,171732
184.1487,170952
184.1528,170876
184.1569,170759
184.1610,170991
184.1651,171420
184.1692,170202
184.1733,170876
184.1774,171477
184.1815,170987
184.1855,171178
184.1897,170875
184.1937,170790
184.1978,170636
184.2019,170973
184.2060,171255
184.2101,170269
184.2142,170667
184.2183,170936
184.2224,170751
184.2265,171189
184.2307,170921
184.2347,170931
184.2388,170961
184.2429,171552
184.2470,170642
184.2514,171186
184.2553,170703
184.2594,170522
184.2595,171015
184.2633,171365
184.2674,171113
184.2716,170553
184.2757,170843
184.2797,170780
184.2839,170917
184.2880,170932
184.2920,171223
184.2961,170824
184.3002,171391
184.3043,170247
184.3084,170549
184.3125,170860
184.3167,170912
184.3207,171221
184.3248,170364
184.3289,171386
184.3330,171184
184.3370,171262
184.3412,170830
184.3453,170273
184.3494,171046
184.3534,170896
184.3576,170673
184.3617,171167
184.3658,170434
184.3698,171935
184.3739,170766
184.3781,170552
184.3823,171136
184.3863,170516
184.3864,171343
184.3903,170067
184.3944,171054
184.3985,170807
184.4027,170953
184.4067,171512
184.4108,170535
184.4149,170847
184.4190,171085
184.4231,170320
184.4272,171921
184.4313,171068
184.4354,171058
184.4395,171003
184.4437,170043
184.4477,172037
184.4518,170220
184.4559,170953
184.4600,170677
184.4641,170321
184.4682,172276
184.4723,170118
184.4763,170643
184.4804,170740
184.4845,170229
184.4886,171491
184.4927,170423
184.4968,170914
184.5009,170554
184.5051,170371
184.5093,171713
184.5134,170530
184.5134,170884
184.5173,170957
184.5214,170739
184.5255,171544
184.5297,170122
184.5337,170573
184.5378,170879
184.5419,170357
184.5460,171465
184.5501,170047
184.5542,170867
184.5583,170846
184.5624,170423
184.5665,171481
184.5705,170076
184.5746,170925
184.5787,171092
184.5828,170917
184.5869,170658
184.5911,169539
184.5952,170727
184.5992,170732
184.6032,170783
184.6074,171927
184.6115,170813
184.6157,170882
184.6197,170512
184.6238,170387
184.6279,170951
184.6320,170862
184.6363,170927
184.6403,170572
184.6404,170560
184.6443,170969
184.6484,171002
184.6525,170517
184.6565,170789
184.6606,170842
184.6648,171407
184.6689,170589
184.6730,170537
184.6770,171053
184.6812,170687
184.6852,171223
184.6893,170149
184.6934,170481
184.6975,170852
184.7016,171037
184.7057,171154
184.7098,170472
184.7139,170755
184.7180,170637
184.7220,170847
184.7261,171003
184.7302,170454
184.7343,170540
184.7384,170476
184.7425,170631
184.7466,170696
184.7508,170651
184.7548,170611
184.7590,170628
184.7634,170576
184.7673,170512
184.7674,170865
184.7713,171373
184.7754,170770
184.7795,170678
184.7836,170347
184.7877,170652
184.7917,170790
184.7958,170797
184.7999,170664
184.8040,170610
184.8080,171046
184.8121,170289
184.8162,170443
184.8203,170613
184.8244,170611
184.8285,171406
184.8326,170617
184.8368,170751
184.8408,170800
184.8450,170542
184.8491,171678
184.8531,170084
184.8573,170702
184.8613,170852
184.8655,170343
184.8695,171490
184.8737,170754
184.8777,171040
184.8819,170771
184.8860,170182
184.8901,171534
184.8942,170581
184.8943,170741
184.8982,170960
184.9022,170100
184.9064,172004
184.9105,170725
184.9146,171075
184.9186,170990
184.9227,170223
184.9270,171864
184.9310,169985
184.9351,171066
184.9391,171070
184.9432,170228
184.9473,171956
184.9514,170238
184.9555,170396
184.9596,170877
184.9637,170648
184.9677,171463
184.9719,170263
184.9760,170910
184.9801,171008
184.9844,170512
184.9884,171762
184.9924,170607
184.9964,170786
185.0006,170976
185.0047,170705
185.0088,171384
185.0129,169887
185.0170,170426
185.0211,171011
185.0212,170535
185.0251,171712
185.0292,169881
185.0333,170750
185.0374,171033
185.0415,170781
185.0456,171217
185.0497,170510
185.0538,170143
185.0579,171079
185.0620,170038
185.0660,171363
185.0702,170474
185.0743,171098
185.0784,170938
185.0825,170667
185.0865,171183
185.0906,170074
185.0947,170800
185.0988,171009
185.1029,170689
185.1070,171220
185.1111,170215
185.1152,170936
185.1193,171043
185.1234,171034
185.1277,171469
185.1316,170963
185.1357,170333
185.1398,170897
185.1440,170520
185.1482,171666
185.1483,170518
185.1521,171004
185.1562,170916
185.1603,170540
185.1644,171135
185.1686,170301
185.1725,170640
185.1767,170623
185.1808,170474
185.1849,171321
185.1890,170746
185.1930,170995
185.1971,170888
185.2012,170527
185.2053,171598
185.2094,170952
185.2135,170757
185.2176,171129
185.2218,170090
185.2258,171018
185.2299,171015
185.2340,171101
185.2381,171206
185.2422,170992
185.2463,170317
185.2504,170203
185.2545,170733
185.2586,170679
185.2627,170241
185.2668,171032
185.2709,170579
185.2751,170584
185.2792,170579
185.2793,170317
185.2831,170644
185.2873,171056
185.2914,170870
185.2955,170883
185.2995,170722
185.3037,171098
185.3078,171071
185.3119,170589
185.3160,170683
185.3200,170656
185.3243,170660
185.3282,171418
185.3323,170650
185.3365,170843
185.3406,171052
185.3446,170020
185.3488,171864
185.3528,170575
185.3570,170878
185.3611,170688
185.3652,169947
185.3695,170900
185.3734,170603
185.3774,170581
185.3815,170754
185.3856,170414
185.3897,171185
185.3939,170666
185.3981,170805
185.4022,170654
185.4063,170558
185.4064,172028
185.4102,170678
185.4142,170665
185.4183,171296
185.4224,170801
185.4265,171199
185.4306,170536
185.4347,170537
185.4388,170206
185.4429,170525
185.4470,171983
185.4512,170404
185.4552,170900
185.4593,170778
185.4634,170222
185.4674,172041
185.4715,170252
185.4756,171108
185.4797,170952
185.4840,170998
185.4880,171294
185.4920,170131
185.4962,170783
185.5002,170761
185.5044,170276
185.5084,171910
185.5125,170606
185.5166,170698
185.5207,170752
185.5248,170763
185.5293,171477
185.5333,170341
185.5334,170755
185.5371,170708
185.5412,170212
185.5453,171594
185.5495,170305
185.5536,170984
185.5576,170783
185.5618,170479
185.5658,171417
185.5699,170190
185.5740,170513
185.5781,170588
185.5823,170251
185.5863,171345
185.5904,170840
185.5945,171133
185.5987,170661
185.6027,170380
185.6068,171141
185.6109,170052
185.6150,170664
185.6192,170916
185.6232,170692
185.6273,171076
185.6314,170553
185.6355,170875
185.6396,171133
185.6437,170550
185.6478,171656
185.6519,170261
185.6562,170404
185.6602,170389
185.6602,170361
185.6642,171524
185.6683,170561
185.6725,170753
185.6765,170880
185.6805,171328
185.6846,170832
185.6887,170322
185.6928,170949
185.6969,170789
185.7010,171059
185.7051,171457
185.7092,171191
185.7133,170485
185.7174,170729
185.7215,170382
185.7260,170579
185.7296,170635
185.7337,170175
185.7378,170389
185.7419,170479
185.7460,170287
185.7502,170896
185.7542,170302
185.7583,171390
185.7624,170547
185.7665,170758
185.7708,170322
185.7748,170516
185.7789,170813
185.7831,170225
185.7871,170330
185.7871,170962
185.7911,170808
185.7953,170980
185.7992,170794
185.8034,170529
185.8076,170617
185.8116,170661
185.8157,170524
185.8197,170403
185.8238,170241
185.8279,170737
185.8320,170430
185.8362,171334
185.8403,170978
185.8444,169991
185.8486,171683
185.8525,170364
185.8567,170515
185.8607,170555
185.8648,170124
185.8689,171036
185.8731,170807
185.8772,170838
185.8813,170369
185.8855,170310
185.8895,171259
185.8934,170789
185.8976,170600
185.9017,170715
185.9057,170023
185.9101,171763
185.9139,170724
185.9181,170254
185.9182,170701
185.9221,170261
185.9262,171412
185.9303,170199
185.9344,170433
185.9385,170829
185.9426,170095
185.9467,171415
185.9508,170581
185.9549,170321
185.9590,171399
185.9631,169882
185.9671,171418
185.9712,170342
185.9754,170249
185.9794,171114
185.9835,170237
185.9877,171147
185.9918,170000
185.9959,170888
186.0000,170612
186.0041,170447
186.0082,171628
186.0123,170202
186.0164,170269
186.0205,171040
186.0246,171083
186.0287,171966
186.0328,170010
186.0370,170294
186.0410,170845
186.0450,170452
186.0451,171427
186.0492,170372
186.0533,170643
186.0574,170431
186.0614,170965
186.0655,171538
186.0697,169943
186.0737,170913
186.0778,170268
186.0819,170166
186.0860,171497
186.0901,169764
186.0942,170813
186.0983,170492
186.1024,169990
186.1065,171149
186.1106,170022
186.1146,170532
186.1187,170624
186.1229,170267
186.1270,171231
186.1310,169795
186.1352,170200
186.1392,170341
186.1434,170341
186.1475,172039
186.1516,170852
186.1556,170759
186.1597,169537
186.1639,170316
186.1680,170929
186.1721,170736
186.1722,170931
186.1761,170458
186.1802,170424
186.1843,171106
186.1884,170294
186.1925,170562
186.1967,170991
186.2007,170630
186.2048,170778
186.2089,170291
186.2130,171006
186.2171,170377
186.2212,170322
186.2253,171220
186.2294,171076
186.2335,170018
186.2376,170971
186.2417,170584
186.2458,170649
186.2499,170295
186.2540,170590
186.2581,170591
186.2621,170709
186.2662,170350
186.2704,170425
186.2744,170486
186.2785,170515
186.2827,170432
186.2868,170452
186.2909,170365
186.2951,170738
186.2992,170649
186.2993,170927
186.3031,170765
186.3072,171055
186.3112,170979
186.3153,171148
186.3195,170719
186.3236,170827
186.3277,170727
186.3318,170603
186.3358,170952
186.3400,170776
186.3441,170429
186.3482,170413
186.3522,170934
186.3563,171038
186.3604,170766
186.3645,169865
186.3685,171408
186.3727,170908
186.3768,170558
186.3809,170448
186.3850,170106
186.3891,171222
186.3932,170453
186.3973,170304
186.4014,170572
186.4056,170537
186.4096,170621
186.4137,170313
186.4178,170892
186.4222,171251
186.4261,169784
186.4262,171218
186.4301,170664
186.4342,170378
186.4383,170045
186.4424,170384
186.4464,171552
186.4506,170902
186.4547,170484
186.4588,170681
186.4629,170155
186.4669,171308
186.4710,170470
186.4752,171210
186.4792,170609
186.4833,170460
186.4874,171409
186.4915,170217
186.4956,171192
186.4997,170989
186.5038,170550
186.5079,171709
186.5120,169952
186.5161,170673
186.5202,171321
186.5242,170366
186.5284,171369
186.5325,170325
186.5367,171052
186.5407,170634
186.5448,170312
186.5490,171435
186.5530,170149
186.5531,170387
186.5571,170762
186.5611,170209
186.5653,171301
186.5693,170032
186.5733,170593
186.5775,170725
186.5816,169952
186.5857,171884
186.5898,170334
186.5939,171276
186.5980,170469
186.6020,170835
186.6061,171763
186.6102,170207
186.6143,170743
186.6184,170883
186.6226,170753
186.6267,170665
186.6308,170181
186.6349,170332
186.6390,170521
186.6431,170311
186.6471,170688
186.6512,170226
186.6553,170824
186.6594,170697
186.6636,170141
186.6676,171558
186.6717,170282
186.6758,170210
186.6801,170018
186.6802,170796
186.6840,171716
186.6881,170277
186.6922,170760
186.6963,170744
186.7004,170581
186.7045,171132
186.7086,170492
186.7127,170390
186.7168,170751
186.7209,170255
186.7249,170963
186.7290,170672
186.7332,170026
186.7373,170815
186.7414,170527
186.7455,170351
186.7496,170814
186.7537,170535
186.7578,170290
186.7618,170630
186.7659,170683
186.7700,170332
186.7741,170116
186.7782,170680
186.7823,171003
186.7865,170993
186.7905,170648
186.7946,170617
186.7987,170705
186.8029,170612
186.8070,170672
186.8071,170962
186.8111,170713
186.8151,170315
186.8191,169997
186.8233,170241
186.8273,170822
186.8314,170835
186.8356,170285
186.8397,170604
186.8438,169718
186.8479,170954
186.8519,170701
186.8561,170835
186.8601,170611
186.8642,169932
186.8683,170633
186.8724,170129
186.8765,170241
186.8806,170953
186.8847,170235
186.8888,171416
186.8929,170603
186.8970,170523
186.9011,170466
186.9052,170172
186.9092,171177
186.9134,170188
186.9175,170458
186.9216,170707
186.9257,170314
186.9300,171449
186.9340,170619
186.9382,170553
186.9382,171324
186.9420,170146
186.9461,171593
186.9502,170757
186.9543,170680
186.9585,171084
186.9626,170589
186.9666,171546
186.9707,170856
186.9748,170999
186.9789,170986
186.9830,170177
186.9871,171852
186.9912,170315
186.9953,171081
186.9994,170718
187.0035,170315
187.0076,171777
187.0117,170048
187.0158,170949
187.0199,170743
187.0240,170713
187.0280,171455
187.0321,170336
187.0363,170604
187.0403,170922
187.0444,170131
187.0486,171334
187.0526,170161
187.0568,170862
187.0608,170350
187.0648,170649
187.0649,171292
187.0689,170163
187.0731,170706
187.0772,170507
187.0812,170670
187.0853,171898
187.0894,170561
187.0935,170623
187.0976,170774
187.1017,170096
187.1058,171361
187.1099,170483
187.1140,170910
187.1181,170616
187.1222,170553
187.1263,171570
187.1304,170574
187.1345,170800
187.1386,170550
187.1427,171054
187.1468,171523
187.1509,170364
187.1550,170744
187.1591,171133
187.1632,171149
187.1672,171000
187.1715,170697
187.1754,170756
187.1796,170671
187.1840,170565
187.1880,171302
187.1921,170334
187.1922,170757
187.1959,170508
187.2000,170342
187.2041,171055
187.2082,170099
187.2123,170328
187.2164,170368
187.2206,170955
187.2248,170752
187.2287,170282
187.2328,170566
187.2369,170760
187.2411,170759
187.2452,171081
187.2493,170836
187.2534,170581
187.2575,170848
187.2616,170765
187.2657,170975
187.2697,170700
187.2738,171029
187.2779,170825
187.2820,170466
187.2861,170887
187.2902,170816
187.2943,170521
187.2985,170496
187.3026,170609
187.3068,170479
187.3107,170298
187.3147,170719
187.3190,170968
187.3191,170765
187.3229,171323
187.3270,170706
187.3311,170827
187.3352,170764
187.3394,170693
187.3434,170740
187.3476,170992
187.3517,171410
187.3557,170584
187.3598,170647
187.3640,170368
187.3679,170592
187.3721,170510
187.3763,170227
187.3803,170679
187.3844,170569
187.3886,171152
187.3926,170194
187.3968,170493
187.4008,170766
187.4049,170553
187.4090,170990
187.4130,170747
187.4173,171016
187.4213,170523
187.4273,170192
187.4295,171285
187.4336,170609
187.4377,170606
187.4417,170774
187.4460,170524
187.4461,171137
187.4500,170510
187.4541,171246
187.4582,171391
187.4622,170497
187.4663,171346
187.4704,170681
187.4745,170420
187.4786,170619
187.4827,170332
187.4868,172035
187.4908,170320
187.4950,170812
187.4991,170706
187.5032,170444
187.5073,171962
187.5114,170007
187.5155,170571
187.5196,170918
187.5236,170177
187.5278,171655
187.5319,170358
187.5360,171282
187.5401,171131
187.5442,169543
187.5483,171710
187.5524,170470
187.5565,170350
187.5606,170412
187.5646,170109
187.5688,171755
187.5730,170109
187.5730,171212
187.5769,170810
187.5809,170667
187.5850,171150
187.5892,170179
187.5933,170715
187.5973,170608
187.6015,170533
187.6056,172014
187.6097,170458
187.6138,171073
187.6179,170621
187.6219,170742
187.6260,171077
187.6301,170149
187.6342,170690
187.6383,170469
187.6424,170573
187.6465,171185
187.6507,170722
187.6547,170954
187.6589,171155
187.6630,170770
187.6670,171304
187.6711,170591
187.6752,170324
187.6792,170921
187.6834,170407
187.6875,171142
187.6916,170658
187.6960,171160
187.7000,170720
187.7000,170360
187.7039,171115
187.7080,170351
187.7121,170093
187.7162,170210
187.7203,170509
187.7244,170946
187.7285,170765
187.7326,170634
187.7367,171030
187.7408,170628
187.7449,170919
187.7490,170316
187.7531,170500
187.7571,170138
187.7612,170329
187.7653,170637
187.7694,170688
187.7736,170786
187.7776,170799
187.7817,170271
187.7858,170483
187.7899,170889
187.7939,171572
187.7981,170797
187.8022,171133
187.8063,170676
187.8104,171119
187.8145,170845
187.8186,170592
187.8229,170336
187.8268,170725
187.8269,170293
187.8308,170320
187.8349,170464
187.8391,170548
187.8432,170318
187.8474,170833
187.8513,170724
187.8555,171079
187.8595,170543
187.8636,170404
187.8678,170283
187.8718,169956
187.8759,170540
187.8800,170730
187.8841,170641
187.8882,171235
187.8923,170399
187.8963,170460
187.9005,170670
187.9046,170659
187.9087,171009
187.9128,170940
187.9169,171045
187.9210,170989
187.9250,170454
187.9292,171453
187.9333,170003
187.9373,170501
187.9414,171153
187.9455,169770
187.9498,171253
187.9539,169862
187.9540,170522
187.9578,170434
187.9620,170601
187.9661,171669
187.9701,169786
187.9742,170521
187.9783,170706
187.9824,170276
187.9865,171828
187.9906,170211
187.9947,170380
187.9988,170813
188.0029,170308
188.0070,171695
188.0111,170466
188.0152,171027
188.0192,171169
188.0234,170380
188.0275,171603
188.0316,170804
188.0357,170866
188.0397,170587
188.0438,169991
188.0479,171550
188.0521,170423
188.0562,170522
188.0602,170613
188.0643,169936
188.0685,171412
188.0725,170300
188.0768,170487
188.0809,170285
188.0848,170651
188.0849,171498
188.0889,170251
188.0930,170210
188.0971,171095
188.1012,170530
188.1052,171193
188.1093,170417
188.1135,170458
188.1175,170867
188.1217,170455
188.1258,171254
188.1299,170469
188.1340,170866
188.1381,170734
188.1422,170780
188.1462,171549
188.1503,170297
188.1545,170617
188.1586,170254
188.1626,170396
188.1667,171201
188.1708,170503
188.1749,170222
188.1790,170722
188.1832,170581
188.1872,171060
188.1912,169736
188.1953,170753
188.1995,171383
188.2038,170334
188.2078,171162
188.2119,170743
188.2120,170242
188.2159,170336
188.2199,170673
188.2240,170769
188.2281,170502
188.2322,170333
188.2364,170617
188.2405,170699
188.2446,170691
188.2487,170492
188.2527,170788
188.2569,171117
188.2609,170475
188.2649,170824
188.2691,170263
188.2732,169766
188.2772,170744
188.2814,171049
188.2856,170663
188.2896,171398
188.2937,170597
188.2978,170763
188.3019,170033
188.3059,170644
188.3100,170603
188.3142,170259
188.3183,170794
188.3224,170192
188.3265,170810
188.3306,171079
188.3346,170365
188.3389,170232
188.3389,170615
188.3429,170374
188.3470,170544
188.3510,170443
188.3551,170549
188.3592,170550
188.3633,170382
188.3673,170833
188.3715,170233
188.3756,170383
188.3797,170475
188.3838,170440
188.3879,171276
188.3920,170833
188.3961,170782
188.4002,170164
188.4043,170000
188.4083,171024
188.4124,170084
188.4166,170329
188.4207,170158
188.4248,170452
188.4289,171201
188.4329,170368
188.4371,170697
188.4412,170469
188.4452,170299
188.4493,171391
188.4534,170142
188.4578,170556
188.4618,170926
188.4659,170106
188.4659,171409
188.4698,170694
188.4739,170279
188.4780,171104
188.4821,169826
188.4862,171506
188.4903,170740
188.4944,170579
188.4985,170786
188.5026,170472
188.5066,171629
188.5107,170300
188.5148,169867
188.5189,171014
188.5231,170114
188.5272,171125
188.5313,170133
188.5354,170404
188.5395,170431
188.5436,169900
188.5477,170815
188.5518,170377
188.5558,170046
188.5599,170520
188.5640,170287
188.5681,171394
188.5722,170312
188.5763,170660
188.5804,170827
188.5846,170031
188.5888,171025
188.5928,170084
188.5929,170477
188.5968,170523
188.6009,170181
188.6050,171431
188.6091,170598
188.6132,170865
188.6172,170413
188.6214,170504
188.6255,171258
188.6296,170412
188.6336,170432
188.6377,170395
188.6419,170549
188.6460,171514
188.6501,170121
188.6542,170789
188.6583,170676
188.6623,170294
188.6663,171625
188.6705,169698
188.6746,170314
188.6787,170012
188.6828,170254
188.6869,171176
188.6910,170076
188.6951,170838
188.6992,170505
188.7033,170408
188.7074,171012
188.7116,170582
188.7157,170476
188.7198,170343
188.7199,170035
188.7238,170760
188.7279,170224
188.7320,170664
188.7361,170628
188.7402,170302
188.7442,170518
188.7483,170297
188.7524,170676
188.7565,170540
188.7606,169955
188.7647,170691
188.7687,170001
188.7729,170426
188.7770,170954
188.7811,169946
188.7854,170288
188.7892,170641
188.7933,170083
188.7975,170624
188.8016,170368
188.8057,170334
188.8098,170393
188.8139,170092
188.8180,170945
188.8220,170408
188.8262,169905
188.8302,170527
188.8343,170707
188.8384,170294
188.8427,170021
188.8468,170209
188.8468,171001
188.8507,170460
188.8548,170507
188.8588,169729
188.8630,169681
188.8670,170746
188.8712,170310
188.8753,170375
188.8794,170099
188.8836,170127
188.8876,170639
188.8917,170486
188.8958,170966
188.8998,170261
188.9039,170057
188.9081,170884
188.9122,170342
188.9163,170049
188.9203,171005
188.9245,170126
188.9286,171105
188.9327,170226
188.9367,170365
188.9408,170032
188.9449,169912
188.9491,171341
188.9531,170200
188.9572,170773
188.9613,170742
188.9655,170036
188.9697,170972
188.9739,170241
188.9740,170803
188.9777,170191
188.9817,170153
188.9858,171108
188.9899,169758
188.9940,170559
188.9981,170634
189.0022,170336
189.0063,171382
189.0104,170395
189.0145,170086
189.0186,170523
189.0227,170167
189.0268,171184
189.0309,170007
189.0349,170202
189.0391,170488
189.0432,170218
189.0473,171168
189.0513,169964
189.0554,170058
189.0596,171242
189.0637,169892
189.0679,171300
189.0719,170435
189.0760,170632
189.0800,169621
189.0841,170327
189.0883,171925
189.0924,169979
189.0968,170181
189.1007,170642
189.1008,170102
189.1047,170721
189.1088,169721
189.1129,170209
189.1169,170054
189.1211,169809
189.1251,170595
189.1293,170293
189.1334,170594
189.1375,170266
189.1416,169992
189.1457,171051
189.1497,169990
189.1539,170426
189.1580,170218
189.1620,170050
189.1661,170910
189.1702,169971
189.1743,170390
189.1784,169816
189.1826,170362
189.1866,171183
189.1907,170190
189.1948,170476
189.1989,170431
189.2030,170485
189.2071,170876
189.2112,169874
189.2152,170385
189.2194,170391
189.2236,169759
189.2279,170810
189.2280,170351
189.2317,170831
189.2358,170277
189.2399,170628
189.2439,170511
189.2481,170124
189.2522,170681
189.2562,170045
189.2603,170287
189.2644,170091
189.2685,170211
189.2726,170295
189.2767,170655
189.2808,170195
189.2849,170287
189.2890,170881
189.2931,170271
189.2972,170742
189.3013,170347
189.3054,170656
189.3095,170291
189.3136,170225
189.3177,170610
189.3218,170294
189.3259,170230
189.3300,170990
189.3340,170484
189.3382,170302
189.3422,170268
189.3464,169709
189.3504,170122
189.3547,170264
189.3547,170535
189.3586,169682
189.3627,170358
189.3668,170826
189.3708,170157
189.3749,170086
189.3790,170288
189.3831,170784
189.3872,170828
189.3913,170167
189.3954,170358
189.3995,170018
189.4036,169703
189.4077,170601
189.4118,169987
189.4160,170438
189.4200,170367
189.4241,170419
189.4282,170581
189.4323,170120
189.4364,170472
189.4405,170652
189.4446,169919
189.4487,171369
189.4528,169797
189.4569,170566
189.4610,170014
189.4651,170525
189.4692,171610
189.4733,170277
189.4776,170466
189.4817,170328
189.4817,169559
189.4856,171679
189.4897,169272
189.4938,170023
189.4979,170143
189.5020,170139
189.5061,171711
189.5102,170349
189.5143,170045
189.5184,170333
189.5225,169948
189.5266,170852
189.5306,169957
189.5348,170161
189.5389,170443
189.5429,170106
189.5471,171311
189.5512,169802
189.5553,170080
189.5593,170422
189.5634,170369
189.5675,171154
189.5716,170001
189.5757,169836
189.5797,170703
189.5838,169670
189.5880,171278
189.5921,169781
189.5962,171080
189.6003,170663
189.6046,169868
189.6086,170830
189.6087,170215
189.6126,170156
189.6166,170891
189.6207,170142
189.6248,171385
189.6289,169305
189.6331,170562
189.6372,170218
189.6413,170057
189.6454,170639
189.6495,170047
189.6535,170190
189.6576,170764
189.6617,170014
189.6658,171321
189.6699,169984
189.6740,170246
189.6781,170446
189.6822,170813
189.6863,170901
189.6904,170124
189.6946,170265
189.6986,170722
189.7027,170229
189.7068,170800
189.7109,169650
189.7150,170335
189.7191,170584
189.7232,169851
189.7273,170346
189.7315,170053
189.7356,169862
189.7397,170240
189.7397,170548
189.7436,170375
189.7478,170498
189.7518,171001
189.7559,170763
189.7600,169897
189.7641,170125
189.7682,170269
189.7723,170538
189.7764,169869
189.7805,170173
189.7846,170733
189.7887,170175
189.7927,170283
189.7968,170362
189.8011,170281
189.8051,170242
189.8092,170061
189.8133,170992
189.8173,170292
189.8216,170155
189.8256,170199
189.8296,170610
189.8337,170286
189.8378,170635
189.8419,171043
189.8460,169854
189.8501,170934
189.8543,170340
189.8584,170377
189.8626,170683
189.8666,170130
189.8667,170363
189.8706,170341
189.8747,170314
189.8788,170342
189.8829,169962
189.8870,170829
189.8911,169878
189.8952,170675
189.8993,170147
189.9034,170276
189.9075,170580
189.9116,170218
189.9157,170555
189.9198,170656
189.9238,169989
189.9280,171159
189.9320,170556
189.9362,171231
189.9403,170943
189.9444,170079
189.9484,171025
189.9525,170136
189.9566,170663
189.9607,170654
189.9648,170393
189.9689,171159
189.9730,170247
189.9771,170517
189.9812,170291
189.9854,169997
189.9896,171290
189.9936,170600
189.9937,170256
189.9976,170317
190.0017,169426
190.0058,171341
190.0099,169912
190.0139,170298
190.0180,170378
190.0221,170399
190.0261,171720
190.0303,170167
190.0344,170359
190.0384,170797
190.0426,170011
190.0467,171390
190.0509,169620
190.0550,170397
190.0590,170532
190.0631,170233
190.0672,170692
190.0713,169687
190.0754,170102
190.0795,170719
190.0836,170264
190.0877,171045
190.0918,169776
190.0960,170671
190.0999,170852
190.1041,170102
190.1082,171355
190.1123,170070
190.1167,169987
190.1206,170646
190.1207,171064
190.1246,171169
190.1287,169965
190.1328,170820
190.1369,170278
190.1409,170542
190.1451,171153
190.1491,170331
190.1533,170475
190.1573,170338
190.1614,169754
190.1655,171330
190.1697,170030
190.1737,170084
190.1778,170668
190.1819,170051
190.1860,171327
190.1900,170184
190.1942,170376
190.1983,170908
190.2024,170492
190.2065,171322
190.2107,170266
190.2147,170266
190.2188,170674
190.2228,170556
190.2270,171449
190.2311,170342
190.2352,170396
190.2393,170241
190.2435,170273
190.2476,170939
190.2477,170469
190.2516,170125
190.2557,170735
190.2597,170488
190.2638,171298
190.2679,170262
190.2720,170561
190.2761,170579
190.2802,170672
190.2843,170397
190.2884,170089
190.2925,170979
190.2966,170572
190.3007,170747
190.3048,170304
190.3089,170497
190.3130,170096
190.3171,170634
190.3212,170576
190.3253,170121
190.3294,170894
190.3334,170595
190.3376,170939
190.3417,170257
190.3458,169810
190.3498,170258
190.3539,170664
190.3581,170874
190.3622,170550
190.3662,170642
190.3705,171271
190.3746,170449
190.3746,170345
190.3785,170093
190.3826,170655
190.3867,170042
190.3907,170278
190.3949,170247
190.3989,169875
190.4031,170018
190.4072,170963
190.4113,170098
190.4154,170422
190.4194,170509
190.4235,169848
190.4276,171162
190.4317,170438
190.4359,170575
190.4400,169554
190.4441,170026
190.4482,171213
190.4522,170254
190.4564,170353
190.4604,170894
190.4644,170344
190.4686,171453
190.4726,170408
190.4767,171098
190.4809,171364
190.4850,170450
190.4891,171144
190.4932,170982
190.4975,170787
190.5015,170608
190.5056,170653
190.5057,171650
190.5096,169885
190.5136,170230
190.5177,170667
190.5218,170225
190.5259,171301
190.5300,169859
190.5342,170277
190.5382,170337
190.5423,170149
190.5464,171063
190.5507,169885
190.5546,169970
190.5587,170131
190.5628,170024
190.5668,171260
190.5710,169743
190.5751,170663
190.5791,170167
190.5832,169873
190.5873,170776
190.5914,169671
190.5956,170507
190.5996,170185
190.6037,170079
190.6080,170787
190.6119,170216
190.6160,170611
190.6201,170751
190.6244,170075
190.6285,171210
190.6327,169768
190.6328,170503
190.6365,170572
190.6407,170231
190.6447,171049
190.6488,170347
190.6529,170471
190.6570,170750
190.6611,170494
190.6652,171165
190.6693,170106
190.6733,170235
190.6774,170913
190.6815,170344
190.6856,171433
190.6897,170203
190.6938,170656
190.6979,170860
190.7020,170522
190.7061,170802
190.7102,170275
190.7143,170377
190.7185,170905
190.7226,170241
190.7266,170877
190.7307,170242
190.7348,170205
190.7389,170330
190.7430,170330
190.7499,170226
190.7512,170463
190.7555,170446
190.7596,170848
190.7597,170549
190.7635,171190
190.7677,169852
190.7726,170714
190.7758,170753
190.7798,169697
190.7840,170759
190.7885,170175
190.7921,170731
190.7962,170497
190.8004,170345
190.8050,170346
190.8091,170165
190.8126,170335
190.8168,170771
190.8209,170785
190.8255,170216
190.8291,170561
190.8332,170600
190.8380,170015
190.8416,170251
190.8454,169977
190.8495,170913
190.8543,170271
190.8584,170463
190.8618,170664
190.8658,169517
190.8706,170383
190.8740,170410
190.8785,169846
190.8823,170604
190.8864,169903
190.8869,170904
190.8905,170389
190.8946,170393
190.8987,170117
190.9040,169418
190.9069,170680
190.9109,170071
190.9150,170337
190.9204,170703
190.9232,170303
190.9273,171047
190.9313,170693
190.9367,170300
190.9402,170429
190.9436,170310
190.9477,170989
190.9525,170291
190.9566,170430
190.9600,170160
190.9641,169939
190.9699,171069
190.9730,170323
190.9765,170479
190.9806,170308
190.9847,169887
190.9894,171717
190.9928,170053
190.9969,170272
191.0011,169978
191.0053,170294
191.0093,171553
191.0134,170158
191.0135,170532
191.0176,170579
191.0221,170027
191.0264,171357
191.0301,170159
191.0338,170246
191.0384,170393
191.0424,170090
191.0464,171251
191.0502,169834
191.0555,170713
191.0593,170369
191.0627,170013
191.0669,170832
191.0715,169978
191.0751,170437
191.0791,170392
191.0831,170027
191.0880,170740
191.0914,169867
191.0957,170836
191.0996,170367
191.1046,170544
191.1078,171212
191.1118,170001
191.1162,170493
191.1210,170546
191.1243,170180
191.1282,171302
191.1322,169654
191.1368,170216
191.1404,170394
191.1405,170778
191.1443,170719
191.1484,170071
191.1539,170691
191.1567,169996
191.1608,170168
191.1649,170512
191.1711,169825
191.1735,170702
191.1771,170258
191.1812,170748
191.1865,170640
191.1900,170002
191.1935,170007
191.1976,170655
191.2017,170142
191.2061,170905
191.2105,170298
191.2140,170658
191.2181,170458
191.2223,170189
191.2271,171020
191.2309,170587
191.2345,170344
191.2394,170451
191.2426,170705
191.2474,171075
191.2509,170769
191.2549,170703
191.2596,170553
191.2632,170166
191.2674,171174
191.2675,170029
191.2721,170544
191.2755,170641
191.2796,170178
191.2836,170999
191.2883,170526
191.2924,170533
191.2959,170473
191.3000,170880
191.3050,170635
191.3082,170551
191.3123,171034
191.3165,170260
191.3211,170797
191.3247,170597
191.3292,170289
191.3328,170310
191.3382,170807
191.3411,170461
191.3451,170435
191.3491,170615
191.3536,170426
191.3573,171017
191.3614,171005
191.3655,170406
191.3710,170860
191.3738,170395
191.3778,170507
191.3820,170338
191.3868,170038
191.3903,170463
191.3943,170883
191.3982,170350
191.3983,170716
191.4033,170772
191.4066,171030
191.4106,170817
191.4147,170171
191.4203,170928
191.4230,170522
191.4271,171008
191.4312,169960
191.4367,170919
191.4401,170745
191.4433,169910
191.4474,171501
191.4516,170717
191.4563,170515
191.4597,170739
191.4638,169945
191.4680,171572
191.4724,170183
191.4761,170538
191.4802,171264
191.4844,170206
191.4890,171348
191.4925,170103
191.4966,170417
191.5007,170514
191.5057,170556
191.5090,171254
191.5131,170332
191.5173,170394
191.5216,171099
191.5255,170569
191.5256,171284
191.5294,170590
191.5335,170137
191.5385,170652
191.5416,170237
191.5457,171166
191.5499,169721
191.5544,170312
191.5582,171035
191.5623,170176
191.5663,171660
191.5717,169922
191.5746,170706
191.5786,170301
191.5826,170122
191.5877,171344
191.5909,169817
191.5949,170455
191.5990,170539
191.6043,170001
191.6074,171493
191.6114,170316
191.6155,170436
191.6197,170375
191.6236,169673
191.6276,171062
191.6318,169919
191.6371,170597
191.6403,170615
191.6442,170113
191.6483,171305
191.6527,170365
191.6530,170164
191.6565,170559
191.6605,170681
191.6645,171383
191.6697,170278
191.6735,170893
191.6768,170643
191.6809,170148
191.6865,171329
191.6895,170406
191.6932,170537
191.6973,171293
191.7032,170340
191.7055,170851
191.7096,170362
191.7137,170191
191.7178,171029
191.7225,170478
191.7260,171034
191.7301,170450
191.7342,170923
191.7389,170882
191.7424,170369
191.7464,171375
191.7505,170330
191.7551,170062
191.7589,170744
191.7629,169884
191.7669,170894
191.7718,170804
191.7753,170691
191.7793,170577
191.7794,169967
191.7835,170464
191.7878,170707
191.7916,170460
191.7956,170861
191.7997,170893
191.8044,170920
191.8079,170704
191.8120,170839
191.8161,170620
191.8214,170276
191.8249,170775
191.8284,170843
191.8325,170560
191.8377,170306
191.8406,170780
191.8449,170472
191.8489,170531
191.8547,171065
191.8576,170324
191.8611,170458
191.8652,170715
191.8710,170489
191.8735,170843
191.8776,170808
191.8817,170367
191.8865,170720
191.8902,170681
191.8940,170653
191.8981,170267
191.9027,170676
191.9063,170020
191.9064,170812
191.9103,170940
191.9144,170496
191.9199,170260
191.9227,170411
191.9268,170701
191.9314,171155
191.9363,170891
191.9402,169706
191.9430,170324
191.9471,170749
191.9544,170473
191.9553,170794
191.9594,170691
191.9635,170234
191.9677,171101
191.9721,170649
191.9758,170745
191.9799,170750
191.9840,170539
191.9881,171331
191.9922,171022
191.9963,171476
192.0004,170519
192.0046,170726
192.0086,171428
192.0127,170281
192.0169,171202
192.0217,170588
192.0250,170025
192.0292,171491
192.0333,170294
192.0334,170629
192.0377,170783
192.0413,170316
192.0454,171225
192.0495,170488
192.0544,170629
192.0577,170329
192.0618,170514
192.0661,171568
192.0716,170759
192.0741,170215
192.0782,171189
192.0823,170216
192.0872,171396
192.0914,169873
192.0947,170878
192.0987,170577
192.1034,170281
192.1069,171456
192.1110,170418
192.1150,170478
192.1193,170772
192.1233,169607
192.1274,171279
192.1315,170204
192.1363,170780
192.1397,170881
192.1438,170449
192.1479,171008
192.1533,170311
192.1562,170752
192.1603,171002
192.1604,170419
192.1642,171041
192.1701,170141
192.1727,170865
192.1765,170372
192.1806,170204
192.1865,171471
192.1892,170648
192.1929,170479
192.1970,170545
192.2040,170443
192.2054,171257
192.2093,170126
192.2134,170493
192.2175,170527
192.2219,170680
192.2257,170684
192.2298,170243
192.2340,170684
192.2384,171065
192.2420,170244
192.2461,171069
192.2502,170208
192.2551,170772
192.2585,170522
192.2626,170054
192.2666,170999
192.2709,170356
192.2748,170512
192.2789,170926
192.2832,170142
192.2872,171200
192.2912,170437
192.2913,170459
192.2953,170731
192.2994,170416
192.3039,171110
192.3077,171166
192.3118,170467
192.3158,170888
192.3201,170038
192.3249,170807
192.3284,170234
192.3322,170590
192.3363,170538
192.3406,170083
192.3448,170971
192.3485,170239
192.3532,169946
192.3575,170713
192.3608,170445
192.3649,170304
192.3692,170634
192.3739,170310
192.3774,170898
192.3814,170718
192.3868,170816
192.3896,170174
192.3937,170459
192.3977,170461
192.4030,170645
192.4061,170029
192.4102,170752
192.4142,170525
192.4187,170951
192.4193,170541
192.4229,170477
192.4263,171153
192.4305,170922
192.4361,170753
192.4391,170640
192.4427,170097
192.4468,171242
192.4524,170511
192.4550,171165
192.4599,170492
192.4633,170093
192.4689,170837
192.4721,171125
192.4755,170846
192.4796,171332
192.4837,169834
192.4881,171383
192.4919,170496
192.4960,171258
192.5001,170385
192.5045,170388
192.5084,171181
192.5124,170632
192.5166,170644
192.5207,171045
192.5247,170665
192.5287,171810
192.5331,170659
192.5377,170567
192.5413,170997
192.5454,169871
192.5455,171577
192.5492,169846
192.5550,171010
192.5574,170817
192.5615,170070
192.5656,171435
192.5702,170517
192.5738,169956
192.5779,170582
192.5820,170156
192.5865,171684
192.5902,170244
192.5943,171268
192.5984,170204
192.6026,170662
192.6068,171839
192.6107,170268
192.6148,170640
192.6191,171028
192.6239,169979
192.6270,171665
192.6312,170562
192.6354,171005
192.6398,170666
192.6435,170585
192.6475,171086
192.6527,170562
192.6560,171036
192.6600,170513
192.6640,170528
192.6692,171089
192.6723,170441
192.6723,171318
192.6762,170874
192.6803,170399
192.6865,171547
192.6886,170498
192.6926,171072
192.6967,170850
192.7008,170466
192.7049,171425
192.7090,170310
192.7131,171018
192.7179,170432
192.7217,171270
192.7253,171448
192.7294,170419
192.7336,170791
192.7380,171154
192.7418,170898
192.7458,171169
192.7499,170812
192.7546,171238
192.7581,171028
192.7622,170701
192.7664,171075
192.7709,170951
192.7745,170378
192.7786,171076
192.7827,170845
192.7868,171358
192.7909,170647
192.7952,170976
192.7991,171081
192.7992,170509
192.8042,170740
192.8074,170646
192.8114,170745
192.8155,170609
192.8201,170679
192.8238,171007
192.8278,170842
192.8318,170908
192.8364,170971
192.8404,170827
192.8444,170706
192.8482,170999
192.8527,170657
192.8571,171174
192.8605,170354
192.8646,170634
192.8696,170633
192.8732,170983
192.8769,170879
192.8810,170786
192.8856,170220
192.8901,170693
192.8933,170799
192.8974,170721
192.9028,170361
192.9062,170472
192.9098,170763
192.9139,171061
192.9193,170874
192.9220,170116
192.9262,170540
192.9302,171426
192.9302,170335
192.9357,170986
192.9384,171213
192.9425,169557
192.9465,171216
192.9507,170426
192.9552,170846
192.9588,170579
192.9629,170512
192.9671,171273
192.9713,170855
192.9753,171090
192.9794,170586
192.9835,170011
192.9878,170981
192.9916,170538
192.9957,171106
192.9998,170752
193.0045,170228
193.0081,170915
193.0122,170633
193.0162,170791
193.0210,170377
193.0244,170389
193.0285,171360
193.0326,171091
193.0372,170770
193.0407,170608
193.0448,170325
193.0490,171294
193.0535,170670
193.0572,170312
193.0573,171004
193.0612,169749
193.0655,171523
193.0703,170623
193.0735,171081
193.0776,170862
193.0817,170664
193.0865,171944
193.0899,170292
193.0940,170070
193.0981,170946
193.1035,170767
193.1063,171256
193.1104,170512
193.1144,170556
193.1199,171301
193.1229,170391
193.1269,171455
193.1309,170637
193.1359,171100
193.1393,170862
193.1431,170610
193.1472,171748
193.1521,170440
193.1555,170619
193.1595,170802
193.1636,171030
193.1691,171448
193.1723,170160
193.1761,170762
193.1801,170924
193.1843,170427
193.1854,171875
193.1891,170338
193.1925,170958
193.1965,170197
193.2023,170972
193.2052,171819
193.2089,171082
193.2128,170921
193.2169,170187
193.2215,170648
193.2253,171103
193.2293,170481
193.2333,171038
193.2379,171081
193.2414,170672
193.2460,171280
193.2496,171178
193.2543,170700
193.2578,170984
193.2619,170308
193.2660,171602
193.2706,170554
193.2743,170738
193.2783,170795
193.2824,170839
193.2868,171524
193.2908,170197
193.2947,170650
193.2988,171066
193.3034,170899
193.3073,170790
193.3113,170858
193.3114,170946
193.3151,170926
193.3207,171087
193.3234,171231
193.3275,170205
193.3315,171061
193.3363,170781
193.3401,170908
193.3440,170845
193.3480,170927
193.3525,171017
193.3567,171133
193.3602,170167
193.3643,171039
193.3701,170124
193.3726,171167
193.3767,170843
193.3807,171190
193.3863,170786
193.3889,171121
193.3930,170883
193.3971,170086
193.4022,170144
193.4055,170602
193.4094,170865
193.4135,170563
193.4187,170995
193.4217,170446
193.4257,170444
193.4299,170655
193.4366,170957
193.4381,170668
193.4382,170930
193.4422,170283
193.4462,170753
193.4522,171024
193.4547,170503
193.4585,171065
193.4626,170411
193.4667,171172
193.4712,170536
193.4751,170394
193.4794,170678
193.4846,170159
193.4877,171357
193.4919,170570
193.4954,170394
193.4995,170772
193.5040,170601
193.5079,170996
193.5118,170932
193.5159,170782
193.5205,171106
193.5241,170090
193.5281,171435
193.5323,170655
193.5368,170277
193.5411,170796
193.5450,170304
193.5486,171371
193.5531,170379
193.5571,170513
193.5611,170707
193.5651,170185
193.5651,171769
193.5697,170601
193.5732,170504
193.5773,171076
193.5814,170296
193.5865,171629
193.5896,170819
193.5937,170572
193.5978,171071
193.6020,170178
193.6060,170555
193.6100,170144
193.6142,170670
193.6186,170818
193.6224,170582
193.6264,170996
193.6305,170243
193.6350,170331
193.6389,170936
193.6429,170601
193.6469,171745
193.6517,170473
193.6551,170903
193.6592,171003
193.6633,170617
193.6686,171469
193.6717,170829
193.6756,171657
193.6797,170061
193.6848,170401
193.6880,171008
193.6921,169940
193.6922,171180
193.6961,171215
193.7019,170439
193.7052,170715
193.7084,170822
193.7124,170487
193.7179,171456
193.7211,170719
193.7250,171468
193.7288,169860
193.7330,170466
193.7375,170996
193.7413,170951
193.7453,171093
193.7493,170638
193.7540,170722
193.7580,170654
193.7616,171376
193.7657,170986
193.7705,171105
193.7742,171050
193.7781,170577
193.7822,170315
193.7865,171183
193.7908,170170
193.7944,170555
193.7986,170581
193.8027,170488
193.8072,171019
193.8108,170361
193.8149,170728
193.8191,170848
193.8193,170383
193.8231,171633
193.8272,170520
193.8313,170748
193.8365,170803
193.8397,170659
193.8436,171102
193.8476,170453
193.8524,170716
193.8563,170656
193.8599,170409
193.8640,170791
193.8683,170528
193.8727,171063
193.8763,170390
193.8804,170813
193.8865,170593
193.8887,170951
193.8927,170422
193.8968,170739
193.9021,170961
193.9057,171215
193.9090,170737
193.9132,170902
193.9189,170754
193.9218,170765
193.9254,170750
193.9295,171288
193.9359,170585
193.9379,170648
193.9420,170644
193.9460,170199
193.9461,171308
193.9521,170776
193.9547,170784
193.9583,170188
193.9624,169809
193.9664,171322
193.9708,170537
193.9749,170264
193.9788,170987
193.9829,170468
193.9875,171467
193.9912,171079
193.9951,170452
193.9992,171251
194.0035,170553
194.0075,171421
194.0116,170663
194.0157,170863
194.0203,170695
194.0241,170330
194.0278,171642
194.0320,170866
194.0374,171234
194.0401,171051
194.0442,169828
194.0484,171299
194.0535,170779
194.0569,170466
194.0607,170739
194.0648,170269
194.0693,171620
194.0731,170264
194.0771,170617
194.0772,170150
194.0811,170112
194.0858,171963
194.0894,170307
194.0934,170848
194.0975,171130
194.1024,170187
194.1065,171793
194.1098,170337
194.1138,170875
194.1181,170656
194.1228,170596
194.1263,171562
194.1303,170659
194.1350,170544
194.1386,171188
194.1427,170548
194.1466,171562
194.1511,169846
194.1556,170918
194.1589,170756
194.1630,171025
194.1680,171140
194.1716,170444
194.1754,170500
194.1794,170857
194.1845,170733
194.1884,171744
194.1923,170219
194.1960,171029
194.2010,170759
194.2041,170511
194.2042,171675
194.2081,170305
194.2122,170216
194.2163,170651
194.2206,170354
194.2244,171467
194.2285,170597
194.2326,170430
194.2373,170864
194.2408,170711
194.2449,171255
194.2491,170126
194.2538,171105
194.2572,170721
194.2613,170550
194.2655,171400
194.2700,170115
194.2737,170978
194.2777,170726
194.2819,170256
194.2866,171006
194.2901,170238
194.2941,170770
194.2983,171053
194.3028,170894
194.3064,171076
194.3105,170361
194.3146,170695
194.3194,170965
194.3228,170825
194.3269,170924
194.3311,170730
194.3313,170887
194.3359,170663
194.3391,170536
194.3432,171175
194.3473,170481
194.3515,170651
194.3555,170299
194.3596,170889
194.3637,170456
194.3694,170813
194.3719,170960
194.3760,170569
194.3802,170583
194.3859,170676
194.3883,170299
194.3924,170932
194.3965,170578
194.4014,170572
194.4048,170740
194.4088,171136
194.4128,170540
194.4182,170598
194.4212,170488
194.4251,170861
194.4292,170696
194.4358,170352
194.4377,170984
194.4415,170803
194.4457,170427
194.4519,171004
194.4540,170887
194.4582,170995
194.4583,170642
194.4620,170375
194.4661,170417
194.4705,170546
194.4744,170483
194.4785,171012
194.4826,170258
194.4876,171204
194.4907,170506
194.4948,170758
194.4990,170917
194.5036,169453
194.5071,171018
194.5112,170780
194.5154,169965
194.5196,170579
194.5234,170407
194.5275,170979
194.5318,170379
194.5371,170421
194.5398,170571
194.5439,170577
194.5480,171672
194.5529,170305
194.5562,170554
194.5603,170432
194.5646,170271
194.5691,171427
194.5731,170393
194.5767,170522
194.5809,170635
194.5850,170520
194.5851,171930
194.5890,170484
194.5931,170732
194.5972,170426
194.6017,170008
194.6057,171503
194.6095,169970
194.6135,170540
194.6184,170663
194.6226,169891
194.6258,171437
194.6299,170577
194.6345,170598
194.6386,170843
194.6422,170673
194.6463,171491
194.6516,170384
194.6552,171048
194.6586,170501
194.6627,170224
194.6676,171654
194.6712,170079
194.6752,170725
194.6791,171001
194.6848,170501
194.6876,171048
194.6914,170196
194.6955,170635
194.7016,170561
194.7040,170269
194.7079,171167
194.7120,170347
194.7121,171033
194.7160,170845
194.7207,170687
194.7241,171184
194.7283,170247
194.7324,170655
194.7366,170413
194.7405,170560
194.7446,171316
194.7487,170687
194.7534,170175
194.7569,170576
194.7610,170390
194.7651,170982
194.7694,170513
194.7733,170568
194.7774,170602
194.7816,170680
194.7861,170852
194.7897,170071
194.7938,170863
194.7979,170710
194.8026,170070
194.8060,171091
194.8102,170797
194.8145,170027
194.8193,170538
194.8225,170767
194.8265,171332
194.8307,169973
194.8355,170444
194.8390,170345
194.8391,170400
194.8429,171430
194.8470,170663
194.8513,170711
194.8553,170603
194.8593,170915
194.8634,170948
194.8680,170726
194.8717,170801
194.8762,170690
194.8798,170095
194.8845,171113
194.8883,170623
194.8921,170847
194.8962,171226
194.9008,171142
194.9050,171095
194.9085,170951
194.9126,170695
194.9167,170495
194.9208,170460
194.9250,170881
194.9290,170856
194.9341,171375
194.9377,170315
194.9412,170868
194.9453,170697
194.9513,170821
194.9544,170438
194.9577,170896
194.9619,171040
194.9660,170944
194.9699,170430
194.9700,170560
194.9740,170782
194.9781,170765
194.9822,170136
194.9865,171400
194.9905,170987
194.9945,170533
194.9986,170880
195.0030,170485
195.0068,171149
195.0108,170511
195.0151,169957
195.0196,170776
195.0232,170712
195.0273,171106
195.0314,170163
195.0360,171021
195.0395,170589
195.0436,170285
195.0477,171266
195.0525,170315
195.0561,170037
195.0600,171028
195.0641,169762
195.0685,171322
195.0729,170689
195.0765,170619
195.0806,170572
195.0863,170570
195.0887,171460
195.0929,170166
195.0969,170685
195.0970,170771
195.1025,169715
195.1051,171488
195.1092,170143
195.1132,170363
195.1180,170309
195.1223,170741
195.1257,171692
195.1297,170286
195.1352,170541
195.1383,170855
195.1422,170066
195.1460,171245
195.1510,170339
195.1544,171149
195.1590,170772
195.1625,170737
195.1680,171768
195.1713,170492
195.1754,170783
195.1788,170767
195.1851,170236
195.1878,171382
195.1911,170398
195.1952,170794
195.2008,170648
195.2035,170485
195.2077,171340
195.2116,170039
195.2182,170474
195.2198,170733
195.2239,170330
195.2240,171126
195.2279,170528
195.2321,170940
195.2362,170972
195.2402,170452
195.2443,171202
195.2485,170759
195.2530,171124
195.2566,170978
195.2607,170243
195.2650,171130
195.2692,170210
195.2732,170799
195.2771,171074
195.2814,170593
195.2858,171230
195.2895,170575
195.2935,170970
195.2976,171075
195.3020,170444
195.3060,170957
195.3098,170424
195.3141,170751
195.3183,171219
195.3225,170727
195.3263,171154
195.3304,171005
195.3350,170682
195.3393,171063
195.3426,170573
195.3468,170626
195.3509,170807
195.3515,170674
195.3554,170824
195.3590,170855
195.3631,171000
195.3680,170861
195.3723,170895
195.3755,171057
195.3795,170346
195.3841,170314
195.3881,170820
195.3918,170932
195.3959,170762
195.4009,170884
195.4048,171141
195.4083,170863
195.4122,170457
195.4174,171242
195.4207,170466
195.4246,170149
195.4286,170642
195.4339,171356
195.4377,171133
195.4415,170419
195.4451,170409
195.4508,171565
195.4537,171069
195.4573,171731
195.4614,170969
195.4684,170647
195.4701,171176
195.4738,170882
195.4779,170260
195.4780,170889
195.4820,170855
195.4863,171013
195.4902,170646
195.4942,171064
195.4983,170786
195.5026,170104
195.5066,171199
195.5105,171035
195.5147,170492
195.5191,170794
195.5230,170030
195.5269,171520
195.5311,170761
195.5354,170995
195.5393,170847
195.5433,170477
195.5475,171997
195.5523,170905
195.5556,171066
195.5597,170799
195.5640,170631
195.5680,171651
195.5720,170716
195.5762,171134
195.5802,170880
195.5847,170299
195.5884,172071
195.5925,171052
195.5966,171119
195.6016,170859
195.6049,170764
195.6050,171686
195.6089,170519
195.6129,170960
195.6175,170960
195.6211,170698
195.6252,171676
195.6293,170187
195.6340,170718
195.6375,170427
195.6416,170289
195.6457,171867
195.6522,170719
195.6539,170748
195.6580,171133
195.6621,169802
195.6680,171062
195.6703,170691
195.6744,170219
195.6785,170670
195.6830,169985
195.6869,171457
195.6908,170472
195.6948,170555
195.7008,170605
195.7032,169974
195.7072,171613
195.7113,170245
195.7167,170674
195.7197,170894
195.7236,170808
195.7278,171429
195.7319,170206
195.7319,171366
195.7362,170674
195.7406,170653
195.7442,171481
195.7481,170024
195.7523,170778
195.7571,170911
195.7605,170891
195.7646,171092
195.7695,170321
195.7732,170544
195.7769,170401
195.7810,170594
195.7854,171140
195.7898,170421
195.7932,170658
195.7974,171166
195.8017,170284
195.8059,171595
195.8096,170931
195.8136,170593
195.8183,170947
195.8228,170130
195.8261,171044
195.8301,170101
195.8344,170577
195.8387,170729
195.8433,170575
195.8464,171326
195.8515,170378
195.8547,169976
195.8587,170429
195.8588,170198
195.8628,170802
195.8697,170655
195.8714,170490
195.8752,170434
195.8792,170115
195.8837,170996
195.8877,170305
195.8917,170448
195.8956,170770
195.9009,170627
195.9040,171063
195.9082,170630
195.9123,170598
195.9166,170824
195.9206,170926
195.9243,170411
195.9283,170886
195.9335,170581
195.9369,170938
195.9406,170564
195.9447,170413
195.9499,170825
195.9535,170687
195.9571,170694
195.9611,170772
195.9668,170315
195.9697,170969
195.9734,170668
195.9775,170541
195.9817,170651
195.9857,170504
195.9899,170163
195.9899,170952
195.9939,170579
195.9980,170219
196.0022,170146
196.0062,170777
196.0103,171324
196.0146,170810
196.0196,170792
196.0225,170503
196.0266,170803
196.0309,171505
196.0352,170922
196.0389,170782
196.0430,169944
196.0472,170441
196.0521,170275
196.0555,170611
196.0594,171006
196.0637,169863
196.0681,171089
196.0724,170000
196.0759,171510
196.0800,170802
196.0850,169929
196.0887,171378
196.0924,169938
196.0969,170407
196.1009,170652
196.1046,170625
196.1087,172321
196.1127,170582
196.1169,171111
196.1175,171149
196.1212,170277
196.1255,172158
196.1290,170905
196.1345,170878
196.1376,170802
196.1421,170557
196.1454,171410
196.1504,170284
196.1540,169989
196.1582,170935
196.1618,169962
196.1678,171562
196.1700,169865
196.1746,170443
196.1782,171107
196.1842,170060
196.1867,171291
196.1910,170214
196.1946,170632
196.1998,170799
196.2031,170320
196.2069,170870
196.2109,169896
196.2164,170478
196.2193,170751
196.2240,170177
196.2274,171438
196.2315,170347
196.2359,170379
196.2398,170812
196.2438,170136
196.2439,171266
196.2478,170031
196.2524,170101
196.2561,170849
196.2602,170237
196.2643,171435
196.2693,170343
196.2726,170505
196.2766,170238
196.2806,170443
196.2858,171486
196.2889,170048
196.2929,170426
196.2970,170878
196.3016,170539
196.3054,171604
196.3093,170208
196.3134,170317
196.3179,170381
196.3216,170759
196.3256,171031
196.3297,170439
196.3343,171418
196.3380,170714
196.3420,171703
196.3461,171107
196.3508,170723
196.3545,171138
196.3586,170496
196.3625,170576
196.3667,171342
196.3707,170404
196.3708,170535
196.3748,170748
196.3789,170838
196.3840,170944
196.3874,170324
196.3913,170441
196.3954,170593
196.3999,170590
196.4039,171061
196.4085,170807
196.4117,170551
196.4174,170618
196.4202,170854
196.4240,171147
196.4280,170773
196.4325,171066
196.4367,170602
196.4406,170797
196.4445,170773
196.4500,170718
196.4532,170635
196.4572,170319
196.4608,170600
196.4649,170486
196.4697,170798
196.4731,170921
196.4777,171152
196.4833,170412
196.4862,170607
196.4898,170936
196.4937,170444
196.4977,170682
196.4978,170863
196.5021,170740
196.5059,171230
196.5100,170202
196.5141,170688
196.5188,170376
196.5223,170383
196.5263,171076
196.5305,170787
196.5350,170970
196.5390,170736
196.5428,170374
196.5469,171377
196.5510,170769
196.5556,170970
196.5594,170738
196.5633,170577
196.5675,171375
196.5714,171249
196.5755,170856
196.5797,170736
196.5849,170459
196.5879,171276
196.5920,170534
196.5960,170540
196.6005,171032
196.6047,170388
196.6087,171566
196.6123,169741
196.6171,170581
196.6207,170874
196.6247,170223
196.6248,171635
196.6287,170167
196.6338,170672
196.6371,170707
196.6411,170165
196.6452,171911
196.6502,170571
196.6538,171071
196.6579,170746
196.6616,170293
196.6665,172089
196.6698,170626
196.6740,170594
196.6779,171234
196.6834,169995
196.6865,171767
196.6902,170219
196.6944,170541
196.6993,171123
196.7030,169992
196.7071,171479
196.7107,170069
196.7148,170600
196.7192,170899
196.7233,170742
196.7270,171782
196.7312,169966
196.7353,170553
196.7394,170666
196.7442,169950
196.7476,170592
196.7516,170329
196.7557,170167
196.7558,169898
196.7598,170115
196.7639,171236
196.7686,170100
196.7721,170775
196.7762,170914
196.7803,170350
196.7848,170917
196.7886,169942
196.7926,170861
196.7967,170846
196.8010,170562
196.8050,170536
196.8090,169982
196.8132,170612
196.8179,170612
196.8212,170098
196.8253,171188
196.8294,169898
196.8351,170426
196.8377,170244
196.8418,170345
196.8458,171116
196.8506,170128
196.8540,171001
196.8581,170622
196.8622,170374
196.8672,171471
196.8705,170058
196.8747,170414
196.8786,170863
196.8828,170805
196.8840,170723
196.8870,170218
196.8909,170357
196.8949,170626
196.9004,170486
196.9037,170183
196.9072,169813
196.9113,170631
196.9163,170464
196.9196,170022
196.9237,170779
196.9277,170551
196.9326,169946
196.9360,171009
196.9405,170539
196.9441,170608
196.9482,170638
196.9524,170630
196.9571,170400
196.9605,170882
196.9667,170616
196.9692,170556
196.9728,170457
196.9773,170822
196.9811,170205
196.9852,170159
196.9897,170140
196.9933,170765
196.9974,170845
197.0016,170145
197.0059,170483
197.0099,170644
197.0100,170244
197.0138,170814
197.0185,170607
197.0221,169898
197.0260,170327
197.0302,170168
197.0345,170587
197.0389,170337
197.0425,170340
197.0466,170808
197.0513,170505
197.0548,170470
197.0589,170702
197.0629,170200
197.0677,170962
197.0717,170101
197.0758,170400
197.0793,170145
197.0838,169929
197.0881,170913
197.0917,170597
197.0957,170398
197.1002,170396
197.1047,170281
197.1079,171433
197.1120,170452
197.1168,170811
197.1213,170546
197.1243,169864
197.1285,171123
197.1328,169979
197.1368,170428
197.1368,170248
197.1407,170327
197.1448,171105
197.1491,170115
197.1532,170596
197.1571,170248
197.1612,170208
197.1662,170935
197.1695,170194
197.1735,170307
197.1776,170594
197.1825,170233
197.1863,171291
197.1899,170431
197.1939,170578
197.1997,170888
197.2026,169842
197.2065,171314
197.2107,170827
197.2149,170304
197.2186,170453
197.2227,170181
197.2272,170805
197.2309,170079
197.2358,170405
197.2396,170773
197.2433,169886
197.2474,171153
197.2525,170266
197.2556,170272
197.2597,170350
197.2638,170170
197.2639,171176
197.2679,169928
197.2722,170571
197.2759,170906
197.2800,170199
197.2848,171457
197.2889,170320
197.2924,170414
197.2964,170997
197.3008,170168
197.3046,171489
197.3090,170716
197.3128,170483
197.3170,170744
197.3211,170436
197.3253,171604
197.3293,170294
197.3339,170291
197.3374,170712
197.3415,169889
197.3458,171132
197.3497,170133
197.3544,170631
197.3584,170504
197.3619,169841
197.3671,170767
197.3707,170226
197.3743,170830
197.3783,170832
197.3830,170294
197.3865,171054
197.3906,170897
197.3906,170814
197.3946,170376
197.3991,170478
197.4029,171335
197.4073,170587
197.4114,170606
197.4163,171106
197.4198,170107
197.4237,170852
197.4274,170882
197.4328,170288
197.4360,171144
197.4404,170682
197.4438,170702
197.4493,170357
197.4523,170578
197.4561,170007
197.4602,170891
197.4658,171059
197.4687,170402
197.4729,170420
197.4767,171079
197.4807,170804
197.4852,171010
197.4889,171457
197.4932,170623
197.4971,170242
197.5020,170694
197.5059,170590
197.5099,170500
197.5136,170027
197.5175,170643
197.5216,170323
197.5217,170576
197.5258,171106
197.5299,170934
197.5341,170996
197.5381,170283
197.5421,169931
197.5462,171357
197.5508,170214
197.5545,170575
197.5586,171188
197.5626,170765
197.5672,170882
197.5712,170042
197.5753,170838
197.5791,170777
197.5832,170404
197.5879,171233
197.5915,170703
197.5955,170865
197.5996,170720
197.6042,170059
197.6081,171922
197.6117,171043
197.6161,170615
197.6200,170583
197.6243,169909
197.6281,171150
197.6327,170279
197.6364,170547
197.6407,170049
197.6446,169473
197.6488,171760
197.6498,170638
197.6531,170554
197.6572,170299
197.6610,170468
197.6663,171328
197.6692,170188
197.6736,170590
197.6772,170645
197.6832,169956
197.6862,171599
197.6896,170314
197.6936,170747
197.6991,170870
197.7022,170188
197.7060,171191
197.7100,170353
197.7158,170643
197.7185,170692
197.7225,170145
197.7265,172036
197.7305,170102
197.7350,170464
197.7388,170646
197.7432,170202
197.7469,171795
197.7517,169694
197.7551,170281
197.7592,170916
197.7633,170130
197.7675,172030
197.7718,170167
197.7758,170505
197.7759,170338
197.7797,170471
197.7839,171219
197.7879,169980
197.7919,169867
197.7960,170280
197.8004,170426
197.8042,171419
197.8083,170159
197.8125,170642
197.8173,170973
197.8206,170350
197.8247,171427
197.8289,170320
197.8329,170040
197.8370,170581
197.8411,170818
197.8452,170834
197.8500,170201
197.8534,170792
197.8575,170835
197.8616,170560
197.8664,170585
197.8698,170043
197.8739,171066
197.8780,170834
197.8828,170491
197.8862,170887
197.8902,171021
197.8944,170395
197.8988,170690
197.9026,170382
197.9027,171430
197.9066,170238
197.9107,170827
197.9171,171071
197.9190,170502
197.9231,171052
197.9271,170506
197.9327,170793
197.9355,170505
197.9399,170708
197.9438,170848
197.9495,170821
197.9520,170686
197.9558,170399
197.9599,171172
197.9656,171552
197.9687,170694
197.9722,171022
197.9763,170688
197.9804,170768
197.9846,170476
197.9886,170706
197.9926,170771
197.9968,170318
198.0014,170455
198.0050,170571
198.0091,170296
198.0131,170694
198.0182,170539
198.0215,170583
198.0255,170498
198.0297,170690
198.0298,170583
198.0343,170796
198.0386,170901
198.0418,169900
198.0459,171314
198.0503,170667
198.0542,170454
198.0582,170726
198.0623,170798
198.0672,171030
198.0711,170323
198.0751,171306
198.0787,171270
198.0835,170405
198.0870,171453
198.0910,170957
198.0950,170952
198.1000,170987
198.1037,170548
198.1075,171260
198.1115,170316
198.1157,170705
198.1198,170455
198.1238,170121
198.1279,171070
198.1324,170661
198.1360,170702
198.1401,170336
198.1442,170625
198.1485,171128
198.1525,170544
198.1566,170562
198.1567,170671
198.1606,170271
198.1662,171444
198.1689,170547
198.1729,170698
198.1770,170564
198.1841,170112
198.1861,171189
198.1894,170652
198.1934,170748
198.1995,170575
198.2024,170164
198.2056,172239
198.2097,170268
198.2139,170782
198.2183,170904
198.2220,169918
198.2261,171248
198.2322,170820
198.2346,170745
198.2384,170501
198.2425,169925
198.2466,171528
198.2512,170664
198.2548,170440
198.2589,170829
198.2631,170359
198.2672,171277
198.2712,170215
198.2753,170560
198.2796,170975
198.2835,170214
198.2836,171992
198.2876,170672
198.2917,170738
198.2958,170694
198.3001,170776
198.3039,171686
198.3080,169882
198.3122,170152
198.3167,170760
198.3203,170613
198.3244,171297
198.3285,170611
198.3326,170295
198.3368,170889
198.3409,170295
198.3452,171065
198.3493,170215
198.3532,170703
198.3573,170803
198.3613,170793
198.3657,171346
198.3695,170911
198.3735,170534
198.3776,170726
198.3819,170593
198.3859,171254
198.3899,170332
198.3940,170598
198.3993,170572
198.4024,170843
198.4065,170983
198.4106,170356
198.4107,170868
198.4162,171135
198.4188,170542
198.4228,171345
198.4268,170718
198.4326,170486
198.4351,170693
198.4399,170594
198.4432,172030
198.4499,170199
198.4516,170584
198.4558,170856
198.4597,170092
198.4657,170669
198.4685,170823
198.4719,170926
198.4760,170303
198.4818,170300
198.4845,170930
198.4884,170504
198.4929,170502
198.4965,170769
198.5007,170816
198.5054,170997
198.5088,170945
198.5128,170505
198.5172,170506
198.5214,170796
198.5252,170684
198.5294,170602
198.5334,170821
198.5377,170671
198.5416,170641
198.5417,170935
198.5457,170978
198.5501,170538
198.5538,170328
198.5579,170909
198.5620,170684
198.5665,170675
198.5702,170726
198.5743,170497
198.5783,170330
198.5828,169930
198.5867,171005
198.5908,170259
198.5948,171008
198.5997,170062
198.6030,170237
198.6071,170875
198.6112,170531
198.6156,170332
198.6194,170965
198.6234,169838
198.6275,171074
198.6322,170111
198.6357,170969
198.6398,170711
198.6439,170082
198.6483,171377
198.6521,170105
198.6562,170472
198.6605,170778
198.6651,170726
198.6684,172056
198.6685,170217
198.6725,170600
198.6766,170130
198.6824,170076
198.6850,171716
198.6894,170910
198.6932,170613
198.6996,170723
198.7017,170031
198.7058,171273
198.7097,170645
198.7154,170622
198.7183,170667
198.7217,170069
198.7258,171508
198.7299,170496
198.7349,170873
198.7381,170744
198.7422,170526
198.7464,171368
198.7507,170234
198.7548,170129
198.7586,170939
198.7627,170065
198.7673,171210
198.7709,170497
198.7749,170904
198.7791,170763
198.7839,170597
198.7880,171656
198.7915,170286
198.7956,170644
198.7957,170640
198.7995,169813
198.8036,171441
198.8078,169944
198.8118,170396
198.8161,171040
198.8201,170308
198.8242,171089
198.8282,170100
198.8323,170591
198.8364,170773
198.8405,170562
198.8445,171018
198.8487,170341
198.8528,170886
198.8569,169873
198.8610,170736
198.8650,171190
198.8691,170382
198.8733,170582
198.8773,170919
198.8815,170874
198.8856,171542
198.8898,170843
198.8938,170953
198.8978,170795
198.9020,170426
198.9060,170533
198.9102,170250
198.9144,170260
198.9185,170432
198.9228,170640
198.9229,170798
198.9266,170497
198.9307,170659
198.9348,170949
198.9389,170191
198.9430,171371
198.9470,170560
198.9511,170845
198.9552,170850
198.9594,170887
198.9635,171086
198.9675,170477
198.9716,170145
198.9757,170191
198.9797,170739
198.9839,170676
198.9879,170242
198.9920,170699
198.9962,170767
199.0002,170572
199.0043,171234
199.0084,170496
199.0125,170778
199.0166,171100
199.0207,170714
199.0248,170734
199.0289,170774
199.0330,170759
199.0371,170681
199.0414,170417
199.0459,170170
199.0496,170811
199.0497,170676
199.0536,170593
199.0576,170508
199.0617,170389
199.0659,170593
199.0700,170920
199.0741,170434
199.0782,170782
199.0822,170049
199.0864,170693
199.0905,170970
199.0944,171099
199.0986,170903
199.1027,170461
199.1067,171079
199.1108,171250
199.1150,171063
199.1191,170882
199.1231,170142
199.1272,171021
199.1314,170213
199.1355,170730
199.1396,170560
199.1441,169883
199.1478,171039
199.1519,170759
199.1560,170434
199.1601,170833
199.1642,169793
199.1684,171506
199.1724,171014
199.1765,170757
199.1766,170843
199.1805,170251
199.1845,171270
199.1886,170631
199.1928,170461
199.1968,170301
199.2009,170041
199.2050,171614
199.2091,170156
199.2132,170893
199.2173,170965
199.2214,170216
199.2255,171148
199.2296,170623
199.2337,170302
199.2378,170547
199.2419,169992
199.2460,171392
199.2501,170213
199.2542,170588
199.2582,170600
199.2623,170332
199.2666,171260
199.2706,170316
199.2748,170327
199.2789,170984
199.2829,170032
199.2870,171828
199.2911,170432
199.2952,171210
199.2995,170346
199.3034,170035
199.3035,171289
199.3074,170015
199.3116,170933
199.3156,170861
199.3198,170308
199.3238,171287
199.3280,170535
199.3321,170920
199.3362,170926
199.3402,170207
199.3443,170888
199.3484,169755
199.3526,170926
199.3567,171162
199.3607,170254
199.3649,171419
199.3690,170456
199.3731,170402
199.3770,170624
199.3812,170402
199.3852,171750
199.3894,170466
199.3935,171398
199.3975,170978
199.4016,170564
199.4057,171055
199.4099,170339
199.4139,170452
199.4180,170707
199.4221,170612
199.4265,171284
199.4305,170666
199.4306,170777
199.4345,170911
199.4386,170929
199.4427,171361
199.4468,170398
199.4509,171308
199.4550,170688
199.4591,170748
199.4632,171094
199.4673,170363
199.4714,170065
199.4754,171054
199.4796,170544
199.4836,171055
199.4877,171342
199.4918,170752
199.4959,171036
199.5000,171244
199.5040,170876
199.5082,170655
199.5122,170479
199.5164,170933
199.5205,171118
199.5245,171210
199.5287,170843
199.5328,170993
199.5369,170654
199.5410,170554
199.5451,170470
199.5492,170791
199.5534,170945
199.5575,170451
199.5576,170790
199.5615,170639
199.5655,170881
199.5696,170920
199.5737,170922
199.5780,171008
199.5818,170542
199.5859,170711
199.5901,170255
199.5942,171032
199.5983,171148
199.6023,170669
199.6064,171018
199.6105,170633
199.6146,170922
199.6187,170850
199.6228,170005
199.6269,170635
199.6310,170910
199.6351,170285
199.6392,170534
199.6433,170489
199.6474,171162
199.6515,170412
199.6555,170579
199.6596,171068
199.6638,170000
199.6678,171251
199.6720,171217
199.6761,170388
199.6806,170901
199.6845,170305
199.6846,171754
199.6885,170925
199.6926,170779
199.6966,170851
199.7007,170389
199.7048,171877
199.7090,170711
199.7130,171084
199.7170,170816
199.7211,170119
199.7252,171049
199.7293,170599
199.7334,170480
199.7375,170398
199.7416,170371
199.7457,171483
199.7498,170411
199.7539,170639
199.7580,170095
199.7621,170127
199.7662,171687
199.7703,170641
199.7744,170518
199.7785,170657
199.7826,170175
199.7867,171471
199.7907,170233
199.7948,171162
199.7989,170682
199.8031,170636
199.8074,171762
199.8114,170588
199.8154,170870
199.8156,170624
199.8195,170423
199.8236,171592
199.8276,170502
199.8317,170309
199.8358,171092
199.8399,170252
199.8440,170762
199.8481,170475
199.8523,170699
199.8563,170823
199.8604,169962
199.8646,171342
199.8686,170447
199.8727,170507
199.8768,170561
199.8809,170605
199.8849,171661
199.8891,170698
199.8932,171134
199.8972,170817
199.9014,170444
199.9054,171302
199.9095,170026
199.9138,169920
199.9179,170459
199.9219,170408
199.9259,171282
199.9301,170168
199.9344,169990
199.9384,170477
199.9424,171149
199.9426,171135
199.9465,170450
199.9506,170841
199.9547,170650
199.9589,170454
199.9629,170807
199.9670,169864
199.9711,170474
199.9750,170440
199.9793,170254
199.9833,171183
199.9875,170616
199.9916,170592
199.9956,170885
199.9997,169920
200.0037,171027
200.0080,170418
200.0120,170706
200.0160,170723
200.0202,170355
200.0243,171360
200.0284,170466
200.0324,170357
200.0365,170245
200.0406,170517
200.0447,170710
200.0488,170614
200.0529,170699
200.0570,170288
200.0612,170935
200.0654,170658
200.0694,170478
200.0694,170323
200.0734,170154
200.0775,170235
200.0816,169995
200.0857,170467
200.0897,170058
200.0938,170327
200.0979,170616
200.1020,169889
200.1061,170935
200.1103,170425
200.1143,171233
200.1185,170517
200.1225,170176
200.1266,170458
200.1309,170423
200.1349,170866
200.1390,170482
200.1430,169949
200.1472,170531
200.1512,170413
200.1553,170579
200.1594,170931
200.1635,170034
200.1676,171142
200.1716,170913
200.1758,170286
200.1798,170430
200.1840,169850
200.1881,170445
200.1923,169595
200.1963,171159
200.1964,169854
200.2003,170172
200.2047,171389
200.2086,170363
200.2127,170380
200.2167,170151
200.2208,170076
200.2250,171058
200.2292,170276
200.2331,170319
200.2372,170572
200.2414,169474
200.2455,171756
200.2496,170154
200.2536,170447
200.2577,170436
200.2618,170087
200.2659,171384
200.2700,170673
200.2741,170483
200.2782,170396
200.2823,169447
200.2864,171377
200.2905,170470
200.2946,170677
200.2987,170793
200.3028,170456
200.3068,170749
200.3110,170258
200.3151,170257
200.3193,170347
200.3234,170033
200.3235,171371
200.3273,169394
200.3314,170034
200.3355,170537
200.3396,170481
200.3437,171325
200.3478,170096
200.3519,171075
200.3560,171123
200.3601,170597
200.3642,171133
200.3683,170079
200.3723,170233
200.3765,170457
200.3805,169918
200.3846,170995
200.3887,170204
200.3928,170448
200.3969,170681
200.4010,170584
200.4051,170736
200.4092,169353
200.4133,170699
200.4174,170607
200.4215,170281
200.4256,170398
200.4297,170519
200.4338,170175
200.4379,170084
200.4420,169840
200.4463,170904
200.4502,170338
200.4503,170519
200.4543,170561
200.4583,170058
200.4625,170734
200.4666,169893
200.4707,170653
200.4747,170148
200.4789,170007
200.4830,170827
200.4871,170217
200.4911,170313
200.4955,170391
200.4994,170228
200.5035,169883
200.5076,170552
200.5117,170338
200.5158,170959
200.5199,170039
200.5239,171326
200.5280,170524
200.5321,170270
200.5362,170768
200.5403,170598
200.5444,170768
200.5485,170342
200.5526,170416
200.5568,170900
200.5608,170768
200.5649,169988
200.5690,170494
200.5733,170743
200.5773,170921
200.5774,170401
200.5813,170384
200.5854,170093
200.5898,170645
200.5935,170550
200.5977,170358
200.6018,170052
200.6059,170384
200.6099,170160
200.6141,170580
200.6183,170303
200.6224,170444
200.6264,170259
200.6305,170602
200.6345,170830
200.6386,169578
200.6428,169693
200.6469,170092
200.6509,170134
200.6550,170571
200.6591,170555
200.6633,169821
200.6673,170879
200.6714,170207
200.6756,170042
200.6796,170078
200.6837,169732
200.6878,170676
200.6919,170041
200.6960,170306
200.7002,170267
200.7044,170607
200.7083,171002
200.7084,169479
200.7123,170076
200.7164,170757
200.7206,169648
200.7246,170875
200.7287,169914
200.7328,170081
200.7370,170367
200.7411,169721
200.7452,171357
200.7493,169519
200.7534,169877
200.7575,170142
200.7616,169962
200.7656,171522
200.7697,169635
200.7738,170158
200.7780,170662
200.7820,169872
200.7861,171560
200.7903,170075
200.7943,170145
200.7986,170988
200.8033,169893
200.8068,171444
200.8114,169683
200.8151,170356
200.8189,170232
200.8229,169982
200.8271,171283
200.8312,169429
200.8353,170631
200.8353,170020
200.8393,169698
200.8434,171213
200.8480,170222
200.8517,170277
200.8558,170443
200.8599,169881
200.8644,171693
200.8684,170038
200.8722,170396
200.8762,170671
200.8809,169869
200.8852,171391
200.8884,169736
200.8930,170526
200.8973,170378
200.9013,169913
200.9048,170649
200.9089,169434
200.9131,170665
200.9175,171061
200.9213,170059
200.9255,171140
200.9301,169876
200.9336,170348
200.9382,170542
200.9417,169834
200.9461,170785
200.9504,170045
200.9541,170094
200.9582,170179
200.9623,169636
200.9628,170686
200.9663,169487
200.9711,170375
200.9745,170258
200.9786,170477
200.9830,170796
200.9875,170136
200.9911,170612
200.9949,170342
200.9995,170308
201.0031,170501
201.0072,170132
201.0113,170274
201.0164,170299
201.0201,170331
201.0237,170786
201.0279,170416
201.0325,170373
201.0362,170590
201.0401,170067
201.0441,171018
201.0490,170435
201.0525,170515
201.0564,170631
201.0607,170403
201.0651,170823
201.0693,170575
201.0728,169529
201.0769,170552
201.0812,170626
201.0851,170876
201.0892,170694
201.0893,170617
201.0932,170337
201.0976,170492
201.1015,170515
201.1056,170337
201.1096,170519
201.1140,170506
201.1179,169978
201.1219,169707
201.1260,171096
201.1302,170537
201.1346,170548
201.1383,170261
201.1424,170133
201.1469,170619
201.1506,170538
201.1547,170478
201.1588,170115
201.1635,170061
201.1670,170691
201.1710,170196
201.1751,169943
201.1798,170235
201.1842,169563
201.1875,170655
201.1916,170157
201.1961,170949
201.1997,170566
201.2038,169217
201.2079,170763
201.2123,170201
201.2162,170711
201.2162,170473
201.2202,169516
201.2243,171506
201.2285,170308
201.2325,169743
201.2365,170693
201.2407,169563
201.2448,171521
201.2489,169935
201.2530,170205
201.2570,170229
201.2613,169744
201.2653,172019
201.2693,170308
201.2735,170365
201.2777,170723
201.2821,169644
201.2857,171379
201.2898,170296
201.2940,170346
201.2995,170158
201.3022,169755
201.3062,171149
201.3103,170148
201.3148,170530
201.3186,169860
201.3227,170491
201.3267,170724
201.3312,170346
201.3349,170538
201.3390,170502
201.3431,170460
201.3432,171381
201.3474,170272
201.3514,170427
201.3555,170801
201.3595,169963
201.3637,170929
201.3679,170021
201.3717,170376
201.3759,170504
201.3801,170236
201.3847,171263
201.3881,170052
201.3922,170005
201.3967,170610
201.4004,170072
201.4045,171374
201.4086,170541
201.4131,170662
201.4172,170262
201.4220,170311
201.4250,170954
201.4294,169720
201.4339,170617
201.4374,170654
201.4414,169615
201.4459,170734
201.4501,169701
201.4540,169915
201.4578,170482
201.4624,170234
201.4661,170859
201.4701,169984
201.4742,170777
201.4743,170477
201.4786,170107
201.4827,170834
201.4872,170005
201.4905,169953
201.4947,170243
201.4993,170222
201.5034,170686
201.5070,170028
201.5110,170869
201.5156,169984
201.5194,170471
201.5234,170844
201.5275,169722
201.5319,170261
201.5357,170417
201.5398,170034
201.5438,170696
201.5486,170539
201.5524,170435
201.5560,171061
201.5602,170425
201.5656,170882
201.5689,170198
201.5728,170369
201.5766,170685
201.5807,169907
201.5847,169915
201.5889,169934
201.5933,170029
201.5976,169895
201.6014,170609
201.6015,170215
201.6053,169662
201.6093,170240
201.6135,170454
201.6176,170435
201.6217,170286
201.6257,170403
201.6299,170329
201.6340,170187
201.6381,170069
201.6422,170143
201.6463,170044
201.6504,170528
201.6544,170645
201.6586,170277
201.6626,169563
201.6667,170677
201.6708,170717
201.6749,170313
201.6790,170637
201.6831,170157
201.6872,170221
201.6913,170610
201.6954,170305
201.6995,170668
201.7036,169726
201.7077,170798
201.7118,170855
201.7158,170659
201.7202,170289
201.7241,169737
201.7282,170876
201.7283,170432
201.7323,170998
201.7363,170424
201.7405,169816
201.7446,171012
201.7487,170118
201.7527,170203
201.7568,170279
201.7609,169600
201.7650,170768
201.7691,170373
201.7732,170367
201.7772,170402
201.7813,169755
201.7854,170930
201.7895,169984
201.7936,169710
201.7977,170152
201.8020,169500
201.8060,171549
201.8101,170258
201.8142,170517
201.8183,170612
201.8224,169864
201.8265,171383
201.8306,169999
201.8347,170648
201.8387,170318
201.8428,170107
201.8470,170913
201.8512,170225
201.8552,170500
201.8553,170860
201.8593,170281
201.8634,171630
201.8674,170268
201.8715,170422
201.8755,170397
201.8797,170815
201.8838,171111
201.8879,169927
201.8920,170379
201.8961,170523
201.9002,169847
201.9043,171916
201.9084,169845
201.9125,171158
201.9166,170727
201.9207,169856
201.9248,171178
201.9289,170606
201.9330,170046
201.9371,170770
201.9412,170261
201.9453,170956
201.9495,170067
201.9535,170377
201.9576,170859
201.9617,169760
201.9657,171206
201.9698,169998
201.9740,170521
201.9782,170500
201.9822,170149
201.9822,171116
201.9862,169978
201.9903,170338
201.9943,170388
201.9985,170458
202.0026,171452
202.0067,169734
202.0108,170545
202.0149,170673
202.0190,170652
202.0231,171075
202.0272,170437
202.0313,170695
202.0354,170713
202.0395,170138
202.0435,171001
202.0477,169465
202.0517,170096
202.0559,170133
202.0600,170665
202.0640,171058
202.0681,170504
202.0721,170300
202.0764,170450
202.0804,170929
202.0845,171119
202.0886,170551
202.0926,170386
202.0968,171120
202.1010,170508
202.1052,170970
202.1093,170125
202.1093,170400
202.1132,170667
202.1172,170259
202.1214,170696
202.1254,170183
202.1296,170678
202.1336,170854
202.1378,170673
202.1420,170500
202.1460,170325
202.1501,170871
202.1541,170421
202.1583,169902
202.1623,170352
202.1664,171240
202.1706,170530
202.1746,170357
202.1787,170812
202.1828,169819
202.1869,171279
202.1910,169934
202.1951,170656
202.1992,170424
202.2033,170115
202.2074,170532
202.2115,169970
202.2156,170040
202.2197,170482
202.2238,169371
202.2279,170151
202.2321,170420
202.2362,170344
202.2402,170470
202.2403,169771
202.2443,170827
202.2484,170310
202.2524,170283
202.2566,170478
202.2606,170182
202.2647,170979
202.2688,170199
202.2729,170032
202.2770,170716
202.2811,169219
202.2852,171361
202.2893,170150
202.2934,170824
202.2975,170819
202.3016,169812
202.3056,171453
202.3098,170869
202.3139,170766
202.3180,170249
202.3221,169857
202.3262,171186
202.3303,170584
202.3344,170356
202.3384,170416
202.3425,169846
202.3465,171731
202.3507,169956
202.3548,170235
202.3589,170356
202.3633,169596
202.3672,171754
202.3673,169460
202.3712,170828
202.3752,170373
202.3794,170237
202.3835,171716
202.3876,169890
202.3918,170227
202.3957,170659
202.3999,169890
202.4040,171471
202.4081,169907
202.4121,170662
202.4163,170434
202.4204,170095
202.4245,171388
202.4285,169633
202.4327,170377
202.4368,170738
202.4408,169710
202.4450,171616
202.4490,170164
202.4532,170276
202.4572,170558
202.4612,170062
202.4655,171586
202.4696,170807
202.4738,170643
202.4777,170819
202.4819,170140
202.4859,171317
202.4902,170252
202.4941,170317
202.4942,171336
202.4982,170329
202.5023,171559
202.5064,169555
202.5105,170620
202.5147,170329
202.5187,170715
202.5228,171058
202.5268,170480
202.5310,170532
202.5351,170202
202.5391,170065
202.5432,171526
202.5473,170427
202.5514,170591
202.5556,170131
202.5596,170339
202.5637,171114
202.5678,170154
202.5719,170312
202.5760,170826
202.5801,170501
202.5842,171048
202.5883,170759
202.5923,170985
202.5965,170806
202.6006,170408
202.6047,170314
202.6087,170703
202.6128,171165
202.6171,170278
202.6212,170274
202.6213,171055
202.6251,169835
202.6293,170715
202.6334,171028
202.6375,170823
202.6416,170869
202.6456,170637
202.6497,170182
202.6538,170218
202.6579,170761
202.6620,171159
202.6661,170123
202.6702,170286
202.6743,170218
202.6784,170368
202.6825,170334
202.6866,170324
202.6907,170302
202.6948,170528
202.6989,170744
202.7030,170082
202.7071,170510
202.7112,170715
202.7153,170884
202.7194,171083
202.7234,170305
202.7275,170597
202.7316,170323
202.7358,171377
202.7399,170913
202.7441,170334
202.7482,171151
202.7483,170728
202.7521,170853
202.7562,170428
202.7603,170126
202.7644,171403
202.7686,170414
202.7726,170728
202.7767,170606
202.7808,170274
202.7849,171439
202.7890,170450
202.7931,170242
202.7972,171083
202.8013,170397
202.8054,171501
202.8095,170832
202.8136,170639
202.8177,170770
202.8218,169939
202.8259,171535
202.8300,170625
202.8340,170508
202.8381,171057
202.8422,169961
202.8463,172145
202.8504,170693
202.8546,171360
202.8585,170750
202.8627,170308
202.8668,172061
202.8710,170202
202.8749,170742
202.8750,170822
202.8790,170394
202.8831,172114
202.8872,170442
202.8915,171253
202.8954,170787
202.8996,170205
202.9036,171709
202.9078,170548
202.9118,170878
202.9159,170902
202.9201,170567
202.9242,172012
202.9283,170166
202.9324,170231
202.9365,171208
202.9406,170718
202.9446,171664
202.9487,170190
202.9528,170817
202.9570,170745
202.9610,169986
202.9651,171792
202.9694,170274
202.9732,171092
202.9775,170650
202.9814,169756
202.9855,171859
202.9896,170282
202.9938,171249
202.9980,170795
203.0021,170237
203.0062,171529
203.0063,169724
203.0102,170780
203.0143,170550
203.0184,170198
203.0224,171282
203.0266,170113
203.0306,171101
203.0347,170652
203.0389,170269
203.0430,171478
203.0470,170746
203.0512,170773
203.0554,170625
203.0594,170084
203.0633,171338
203.0675,170240
203.0715,170943
203.0756,170617
203.0817,170432
203.0858,171735
203.0879,170825
203.0921,170826
203.0962,170869
203.1003,170837
203.1043,171161
203.1084,170479
203.1126,170594
203.1167,170421
203.1208,170900
203.1248,171453
203.1290,170026
203.1332,170876
203.1332,170729
203.1371,170844
203.1413,170862
203.1454,170332
203.1494,170839
203.1536,170174
203.1576,170646
203.1617,171098
203.1658,170787
203.1699,170726
203.1740,171761
203.1781,170341
203.1822,170867
203.1863,170439
203.1904,170592
203.1945,170653
203.1986,170769
203.2027,169880
203.2068,170829
203.2109,171199
203.2150,170970
203.2191,171340
203.2232,169684
203.2273,170608
203.2314,171294
203.2354,170733
203.2396,171163
203.2436,170288
203.2477,171122
203.2520,170972
203.2561,170721
203.2602,170845
203.2602,170293
203.2641,170801
203.2682,170476
203.2722,170705
203.2764,170595
203.2805,170040
203.2845,170934
203.2886,170716
203.2927,170881
203.2968,171054
203.3009,169827
203.3050,171315
203.3091,170327
203.3132,170580
203.3173,170793
203.3214,170620
203.3255,171122
203.3296,170532
203.3336,170503
203.3378,170399
203.3418,170333
203.3459,171477
203.3501,170376
203.3543,170692
203.3584,170987
203.3623,170177
203.3665,171996
203.3705,170636
203.3746,170787
203.3787,170882
203.3832,170594
203.3872,171746
203.3873,170629
203.3911,171140
203.3952,171024
203.3993,170353
203.4034,171913
203.4075,170140
203.4116,170518
203.4157,170889
203.4197,170277
203.4239,171427
203.4279,170191
203.4320,171530
203.4362,170785
203.4403,170213
203.4443,171928
203.4484,170193
203.4525,170992
203.4565,170892
203.4606,170509
203.4648,171480
203.4688,170392
203.4729,170845
203.4770,170990
203.4811,170269
203.4852,171893
203.4893,169913
203.4934,171155
203.4975,170930
203.5016,170111
203.5060,171703
203.5101,170123
203.5143,171290
203.5144,170907
203.5181,170819
203.5221,171824
203.5263,171018
203.5303,171332
203.5344,170887
203.5385,170689
203.5426,171457
203.5466,170062
203.5508,170535
203.5548,170958
203.5590,170706
203.5631,171908
203.5673,170358
203.5712,171023
203.5754,171032
203.5795,170654
203.5835,171318
203.5876,170426
203.5917,170619
203.5958,171216
203.5999,170887
203.6040,171408
203.6081,170482
203.6122,170836
203.6163,170678
203.6204,170500
203.6245,171218
203.6286,170450
203.6327,170959
203.6370,171003
203.6411,170942
203.6412,171417
203.6450,170312
203.6491,170763
203.6532,170612
203.6573,170458
203.6613,171150
203.6655,169967
203.6695,170768
203.6737,170503
203.6777,170866
203.6820,170957
203.6859,170776
203.6900,170859
203.6941,170452
203.6983,170605
203.7024,170650
203.7065,170795
203.7106,170770
203.7147,170633
203.7188,170558
203.7229,170501
203.7270,171057
203.7310,170806
203.7351,171132
203.7392,170935
203.7432,170141
203.7474,171073
203.7516,170857
203.7556,170649
203.7598,170647
203.7639,170366
203.7681,171020
203.7682,170533
203.7720,170736
203.7762,171507
203.7802,169778
203.7843,171349
203.7885,170928
203.7924,170976
203.7965,171431
203.8006,170644
203.8047,171390
203.8088,170388
203.8129,170500
203.8170,170803
203.8211,170278
203.8252,171553
203.8294,171135
203.8335,170819
203.8376,170887
203.8416,170186
203.8457,171055
203.8499,170928
203.8539,170883
203.8580,171073
203.8623,170140
203.8662,172192
203.8705,170271
203.8744,170489
203.8785,170564
203.8826,170333
203.8867,172018
203.8909,170626
203.8949,170912
203.8991,170838
203.8991,169992
203.9031,172550
203.9072,170046
203.9113,170711
203.9154,171064
203.9194,170554
203.9236,172169
203.9277,169971
203.9318,170810
203.9359,171352
203.9400,170318
203.9441,171748
203.9481,170076
203.9522,170759
203.9563,170547
203.9604,169982
203.9646,171952
203.9687,170167
203.9727,170396
203.9768,171080
203.9809,170560
203.9850,171130
203.9891,170243
203.9932,170467
203.9973,170666
204.0013,169970
204.0055,171304
204.0096,170281
204.0138,171176
204.0179,171103
204.0219,170374
204.0260,171702
204.0261,170271
204.0301,170529
204.0341,170742
204.0382,170463
204.0424,171362
204.0464,170583
204.0506,170263
204.0547,170733
204.0587,170312
204.0628,171662
204.0668,169983
204.0710,170640
204.0751,170904
204.0792,170386
204.0832,171602
204.0874,170457
204.0914,170835
204.0956,171024
204.0996,170147
204.1038,171541
204.1078,170457
204.1120,170263
204.1161,170522
204.1202,170528
204.1242,171150
204.1284,170868
204.1325,170126
204.1366,170233
204.1407,170231
204.1450,171303
204.1490,170565
204.1530,170849
204.1531,171053
204.1570,170352
204.1612,171073
204.1652,170676
204.1693,169907
204.1734,169982
204.1776,170126
204.1816,171184
204.1857,170356
204.1898,170781
204.1939,170748
204.1980,170243
204.2021,170847
204.2062,170843
204.2103,170574
204.2143,170857
204.2185,170764
204.2225,170375
204.2267,170291
204.2307,170146
204.2348,170180
204.2389,170722
204.2430,169931
204.2471,169940
204.2512,170683
204.2553,170162
204.2594,170855
204.2636,170347
204.2676,170419
204.2717,170233
204.2760,170429
204.2800,170299
204.2801,170074
204.2840,170587
204.2880,170641
204.2922,170987
204.2963,171017
204.3004,170399
204.3045,170837
204.3087,170274
204.3127,170227
204.3168,170842
204.3208,169779
204.3250,170802
204.3291,170227
204.3331,170684
204.3372,170518
204.3413,169349
204.3455,171025
204.3495,170439
204.3535,170795
204.3577,170221
204.3617,169701
204.3658,171487
204.3700,170177
204.3740,170738
204.3784,170521
204.3823,170241
204.3864,171485
204.3905,170428
204.3946,170540
204.3987,170229
204.4030,169968
204.4068,171424
204.4069,170091
204.4110,170693
204.4152,171022
204.4192,169840
204.4232,171642
204.4274,170043
204.4315,170293
204.4356,170657
204.4396,169938
204.4437,171063
204.4479,170272
204.4519,170191
204.4559,170579
204.4600,170367
204.4641,171599
204.4683,170070
204.4724,170535
204.4766,170790
204.4806,170008
204.4847,171893
204.4887,170087
204.4928,170493
204.4969,170125
204.5010,170140
204.5051,171419
204.5092,170140
204.5134,170939
204.5175,170421
204.5215,170705
204.5256,171151
204.5298,170158
204.5340,170412
204.5341,170422
204.5379,170663
204.5420,171149
204.5461,169807
204.5502,170817
204.5543,170857
204.5584,170299
204.5625,170913
204.5666,169891
204.5707,170704
204.5748,170414
204.5789,170001
204.5830,170957
204.5870,169993
204.5911,170457
204.5952,170566
204.5993,170126
204.6035,171225
204.6075,170029
204.6116,170787
204.6157,171651
204.6198,170662
204.6239,171147
204.6279,169831
204.6320,170345
204.6361,169797
204.6403,170393
204.6443,171190
204.6485,170400
204.6526,170567
204.6568,170571
204.6608,170504
204.6649,170458
204.6650,170294
204.6690,170479
204.6731,170738
204.6772,170799
204.6813,171406
204.6854,170268
204.6895,170807
204.6936,170797
204.6976,170239
204.7018,170983
204.7058,170694
204.7099,170937
204.7140,170873
204.7182,171094
204.7223,170341
204.7264,170413
204.7305,170671
204.7345,170345
204.7386,170431
204.7427,170680
204.7468,170246
204.7509,170205
204.7550,170851
204.7591,169877
204.7632,170651
204.7673,170803
204.7713,170551
204.7755,170246
204.7796,170170
204.7837,170263
204.7879,170608
204.7919,170652
204.7920,170626
204.7960,170736
204.8001,170013
204.8042,170588
204.8083,170159
204.8124,171065
204.8166,170793
204.8206,169425
204.8246,170739
204.8287,170364
204.8328,169952
204.8369,170815
204.8410,169986
204.8451,171303
204.8492,170560
204.8533,170673
204.8574,170270
204.8615,169354
204.8655,170848
204.8696,170201
204.8737,170220
204.8779,170401
204.8820,169452
204.8861,171192
204.8901,170084
204.8942,170410
204.8983,170097
204.9024,170246
204.9065,171523
204.9109,170202
204.9149,170843
204.9190,170514
204.9190,169893
204.9230,172083
204.9271,170128
204.9311,170543
204.9352,170801
204.9393,169653
204.9434,171956
204.9475,170086
204.9516,170443
204.9557,170857
204.9598,170677
204.9639,171604
204.9680,170416
204.9720,170482
204.9762,170235
204.9802,169725
204.9843,171607
204.9885,170758
204.9926,170882
204.9966,171096
205.0008,170214
205.0049,171894
205.0090,170062
205.0131,170692
205.0171,170460
205.0212,170214
205.0254,171762
205.0295,169926
205.0335,170620
205.0379,171049
205.0418,170157
205.0459,171491
205.0460,169615
205.0499,170731
205.0540,170597
205.0582,170763
205.0622,171518
205.0662,169748
205.0703,170510
205.0746,170374
205.0786,170383
205.0828,171083
205.0868,170146
205.0909,170614
205.0950,170722
205.0991,170335
205.1032,171158
205.1072,170156
205.1114,170873
205.1155,170759
205.1196,170435
205.1235,171896
205.1277,170192
205.1318,170876
205.1359,170513
205.1400,170507
205.1441,170805
205.1482,170150
205.1523,170759
205.1563,170918
205.1606,170253
205.1648,170670
205.1689,170053
205.1730,170457
205.1731,170362
205.1769,170271
205.1810,170850
205.1851,170391
205.1892,170934
205.1933,170773
205.1974,170235
205.2014,170842
205.2055,170834
205.2096,170693
205.2137,170107
205.2178,170691
205.2219,170674
205.2261,169843
205.2301,170619
205.2342,170404
205.2383,170333
205.2424,170848
205.2465,169963
205.2506,170613
205.2547,170770
205.2588,170416
205.2629,170418
205.2671,170128
205.2711,170056
205.2751,170524
205.2792,170796
205.2833,170405
205.2874,169969
205.2916,170555
205.2959,171100
205.2999,170482
205.3000,170394
205.3038,170494
205.3081,170792
205.3120,170672
205.3161,170142
205.3202,170220
205.3243,170755
205.3283,170387
205.3325,170449
205.3366,170232
205.3407,169789
205.3448,171027
205.3489,170996
205.3530,170842
205.3570,171044
205.3612,170029
205.3653,170837
205.3694,170571
205.3734,170323
205.3775,170311
205.3816,169426
205.3857,171471
205.3898,170281
205.3940,170305
205.3981,170662
205.4022,169799
205.4063,171110
205.4104,170909
205.4145,170755
205.4186,171041
205.4228,169726
205.4269,171427
205.4270,169640
205.4308,170588
205.4349,171083
205.4390,170064
205.4432,171394
205.4472,170277
205.4513,170633
205.4554,170895
205.4596,170458
205.4636,171406
205.4677,169750
205.4718,170474
205.4759,170925
205.4800,170091
205.4841,171309
205.4882,169927
205.4922,170875
205.4962,170509
205.5005,170108
205.5045,171663
205.5087,170074
205.5128,170220
205.5169,170774
205.5210,170005
205.5251,171224
205.5291,170075
205.5332,170820
205.5373,171527
205.5415,169841
205.5456,171564
205.5498,169755
205.5539,170223
205.5540,170728
205.5578,170259
205.5619,171552
205.5660,169790
205.5701,171018
205.5742,170272
205.5784,170466
205.5824,171715
205.5865,170534
205.5905,171153
205.5947,170835
205.5988,170366
205.6029,171822
205.6069,169775
205.6111,171195
205.6152,170358
205.6193,170688
205.6233,171813
205.6275,170245
205.6315,170671
205.6356,170657
205.6397,170741
205.6438,171318
205.6479,170416
205.6520,170597
205.6561,170286
205.6602,170160
205.6643,171240
205.6683,169963
205.6726,170460
205.6769,170570
205.6808,170514
205.6848,171760
205.6848,170573
205.6889,171214
205.6930,170674
205.6971,170469
205.7012,171188
205.7054,170085
205.7094,170864
205.7134,170478
205.7175,170906
205.7216,170448
205.7256,170000
205.7298,170467
205.7338,170594
205.7380,170469
205.7420,170982
205.7461,170281
205.7502,170508
205.7543,170631
205.7585,170324
205.7625,170725
205.7666,170575
205.7707,170426
205.7748,170545
205.7789,170106
205.7830,169830
205.7871,169979
205.7912,170632
205.7953,170578
205.7995,170797
205.8039,169855
205.8079,170355
205.8119,170411
205.8120,170693
205.8158,171152
205.8199,169970
205.8240,170850
205.8281,170000
205.8322,170924
205.8363,170807
205.8404,170268
205.8446,170813
205.8486,170313
205.8527,170364
205.8568,171435
205.8609,169867
205.8650,170655
205.8691,170351
205.8732,170923
205.8773,170665
205.8814,169720
205.8855,171420
205.8895,171113
205.8937,170031
205.8978,170176
205.9019,169610
205.9060,171421
205.9101,170325
205.9142,170344
205.9183,170607
205.9223,169973
205.9265,171085
205.9306,170001
205.9347,171038
205.9387,171082
205.9388,170123
205.9428,171360
205.9468,170640
205.9510,170681
205.9551,171063
205.9592,170008
205.9633,171524
205.9674,170481
205.9715,170161
205.9756,170764
205.9797,170524
205.9837,171477
205.9879,170095
205.9920,170254
205.9961,171076
206.0002,170064
206.0043,170848
206.0083,169927
206.0124,171095
206.0166,171001
206.0206,170253
206.0246,171529
206.0287,169589
206.0329,170263
206.0370,170784
206.0411,170444
206.0452,171515
206.0493,169627
206.0534,170618
206.0576,171101
206.0617,170404
206.0658,171487
206.0659,169807
206.0697,169882
206.0738,170619
206.0779,170410
206.0821,171053
206.0862,169714
206.0903,170426
206.0943,170620
206.0984,170411
206.1025,171474
206.1066,169767
206.1107,169784
206.1149,170284
206.1190,170101
206.1230,171619
206.1272,170218
206.1312,170710
206.1353,170483
206.1393,170744
206.1436,171203
206.1476,169701
206.1517,170587
206.1558,170700
206.1599,170706
206.1640,171076
206.1681,169751
206.1722,170271
206.1763,170710
206.1804,170386
206.1846,171402
206.1887,170867
206.1928,170273
206.1929,170231
206.1968,170157
206.2008,171157
206.2049,170138
206.2091,170393
206.2132,170570
206.2173,170686
206.2214,170635
206.2254,169943
206.2296,170455
206.2336,170414
206.2377,171132
206.2418,170772
206.2459,169240
206.2500,170349
206.2541,169830
206.2582,170380
206.2623,170759
206.2664,169809
206.2705,170961
206.2746,170540
206.2787,170410
206.2828,170310
206.2869,170294
206.2911,170361
206.2950,171022
206.2991,170465
206.3033,170267
206.3074,170287
206.3115,170714
206.3157,170798
206.3198,170370
206.3199,170326
206.3238,170412
206.3278,171098
206.3319,170714
206.3360,170609
206.3401,170056
206.3441,170195
206.3483,170678
206.3524,170993
206.3565,171144
206.3606,170032
206.3647,170830
206.3688,170130
206.3729,171079
206.3770,171010
206.3810,169970
206.3851,170610
206.3892,170849
206.3934,170306
206.3975,170718
206.4016,169811
206.4057,171068
206.4097,170212
206.4139,170794
206.4179,170272
206.4220,169323
206.4262,171136
206.4302,170062
206.4343,170682
206.4384,170463
206.4428,170001
206.4468,171413
206.4508,170674
206.4509,170791
206.4548,170380
206.4589,169508
206.4629,171571
206.4670,170292
206.4712,170710
206.4752,170748
206.4793,169937
206.4835,171577
206.4876,169957
206.4917,170757
206.4958,170515
206.4999,170287
206.5039,171195
206.5080,169957
206.5120,170673
206.5162,170731
206.5203,170270
206.5245,172146
206.5285,170143
206.5326,170656
206.5367,170531
206.5408,170269
206.5448,171462
206.5490,169921
206.5531,170587
206.5572,170447
206.5613,170355
206.5654,171653
206.5697,170208
206.5738,170518
206.5776,170785
206.5777,170390
206.5818,171766
206.5859,169852
206.5900,170412
206.5940,170680
206.5981,169919
206.6022,171409
206.6063,170077
206.6104,170444
206.6145,171011
206.6186,170768
206.6227,171403
206.6268,170121
206.6309,170427
206.6350,170674
206.6390,170253
206.6432,171233
206.6472,170304
206.6514,170557
206.6556,171062
206.6596,170828
206.6637,171174
206.6678,170134
206.6719,170217
206.6760,170943
206.6801,170656
206.6841,171159
206.6882,170286
206.6924,170321
206.6967,170531
206.7005,170404
206.7047,171647
206.7048,170365
206.7088,170370
206.7128,170837
206.7169,170864
206.7210,171300
206.7251,170750
206.7292,170671
206.7333,171027
206.7374,170476
206.7416,171274
206.7455,170570
206.7496,170885
206.7537,170623
206.7579,170611
206.7620,171297
206.7661,170112
206.7702,170698
206.7743,170751
206.7784,170797
206.7825,170861
206.7865,170608
206.7906,170183
206.7949,170551
206.7988,170471
206.8029,170585
206.8071,170418
206.8112,170307
206.8153,170036
206.8193,170250
206.8235,170016
206.8277,170193
206.8317,170798
206.8318,170516
206.8358,170528
206.8398,170259
206.8439,170853
206.8480,170655
206.8520,170755
206.8561,170329
206.8603,169771
206.8644,170672
206.8685,170292
206.8726,170401
206.8767,170347
206.8808,170014
206.8849,171200
206.8891,170630
206.8930,171077
206.8971,170756
206.9012,170192
206.9052,171036
206.9094,170683
206.9134,170135
206.9175,170761
206.9216,170224
206.9257,171697
206.9298,170299
206.9339,170655
206.9380,170349
206.9421,169710
206.9462,171546
206.9506,170556
206.9545,170982
206.9587,171087
206.9588,169333
206.9627,171712
206.9668,170286
206.9709,170456
206.9750,170810
206.9790,170140
206.9832,171954
206.9873,170374
206.9913,170374
206.9955,170823
206.9996,169864
207.0036,171467
207.0078,170461
207.0118,170681
207.0160,170511
207.0200,170298
207.0241,172207
207.0282,169882
207.0323,170625
207.0364,170822
207.0405,169846
207.0446,171428
207.0487,169935
207.0528,170683
207.0570,170750
207.0610,170292
207.0651,171268
207.0692,170431
207.0732,170710
207.0773,170267
207.0816,170264
207.0857,171819
207.0858,170090
207.0896,170531
207.0937,171270
207.0978,169839
207.1019,171106
207.1060,169389
207.1101,170246
207.1142,170167
207.1184,170410
207.1223,170683
207.1265,169836
207.1306,170122
207.1347,170472
207.1387,170633
207.1429,171305
207.1470,170219
207.1511,170333
207.1552,170418
207.1593,170340
207.1634,171065
207.1675,169207
207.1716,170296
207.1757,170528
207.1798,170021
207.1839,171469
207.1880,170621
207.1921,170633
207.1961,170598
207.2003,169950
207.2044,171028
207.2088,170226
207.2127,170271
207.2127,170445
207.2167,170906
207.2207,170998
207.2248,170230
207.2288,170901
207.2330,170787
207.2371,170536
207.2412,171140
207.2453,170330
207.2493,170786
207.2535,170860
207.2575,170431
207.2616,171155
207.2658,170169
207.2699,170536
207.2740,170331
207.2781,170906
207.2822,170708
207.2863,170397
207.2904,170353
207.2944,170942
207.2985,170473
207.3026,170374
207.3068,170332
207.3108,170733
207.3149,170384
207.3190,170604
207.3232,169885
207.3272,169633
207.3313,169616
207.3354,170581
207.3396,170184
207.3397,170342
207.3436,170581
207.3476,170161
207.3518,170259
207.3558,170582
207.3600,170212
207.3641,170317
207.3682,170554
207.3722,170411
207.3764,170964
207.3805,170064
207.3846,170293
207.3886,170653
207.3928,170199
207.3969,171002
207.4009,169578
207.4050,170577
207.4091,170524
207.4132,170043
207.4173,170762
207.4215,169618
207.4256,171134
207.4296,170378
207.4337,170367
207.4378,170348
207.4419,169663
207.4460,171217
207.4501,170813
207.4542,170763
207.4583,170981
207.4625,169893
207.4665,171217
207.4707,170237
207.4708,170313
207.4747,170398
207.4787,170023
207.4828,171418
207.4869,170529
207.4910,170567
207.4952,170685
207.4992,170234
207.5033,171309
207.5074,170215
207.5115,170259
207.5156,170748
207.5198,169646
207.5238,171461
207.5279,169704
207.5320,170173
207.5361,171033
207.5402,169841
207.5443,171888
207.5484,170043
207.5525,170579
207.5565,170293
207.5607,169720
207.5647,171904
207.5688,170025
207.5730,170159
207.5771,170576
207.5811,170385
207.5852,171356
207.5895,170340
207.5936,171019
207.5977,170843
207.5978,169818
207.6017,171543
207.6057,169435
207.6098,170739
207.6139,170767
207.6180,170709
207.6221,171739
207.6262,169936
207.6303,170743
207.6343,170237
207.6384,169964
207.6425,171376
207.6467,170033
207.6508,170225
207.6549,170230
207.6590,170271
207.6631,171090
207.6672,170412
207.6713,170529
207.6754,170478
207.6794,169605
207.6835,171355
207.6876,170196
207.6917,169808
207.6958,170714
207.6999,170076
207.7040,171302
207.7081,169842
207.7122,170452
207.7166,170811
207.7206,170211
207.7245,170855
207.7246,170501
207.7286,170109
207.7327,170555
207.7368,170739
207.7409,171111
207.7450,169996
207.7491,170329
207.7532,171153
207.7573,170149
207.7613,170640
207.7654,170408
207.7695,170389
207.7736,170412
207.7778,170591
207.7819,171235
207.7860,170579
207.7900,170934
207.7941,170763
207.7982,170522
207.8023,171045
207.8064,170269
207.8105,170362
207.8146,170641
207.8187,170567
207.8228,170715
207.8269,170817
207.8310,170873
207.8351,170618
207.8392,170816
207.8435,170150
207.8475,170659
207.8516,170453
207.8517,170778
207.8555,170829
207.8597,170249
207.8638,170594
207.8678,171016
207.8719,170861
207.8760,171594
207.8801,170331
207.8842,171192
207.8882,170816
207.8924,170995
207.8965,171119
207.9006,170408
207.9048,170383
207.9088,170451
207.9129,170698
207.9169,170481
207.9211,170348
207.9252,171084
207.9293,170624
207.9334,170545
207.9375,170635
207.9416,169974
207.9457,170641
207.9497,170596
207.9538,170301
207.9580,170384
207.9621,170070
207.9662,171413
207.9704,170391
207.9745,170571
207.9787,170525
207.9787,169668
207.9826,170952
207.9867,170534
207.9908,171241
207.9949,170563
207.9989,170180
208.0030,171968
208.0071,170464
208.0112,170825
208.0153,170474
208.0194,170293
208.0235,171756
208.0276,170191
208.0317,170701
208.0358,170553
208.0400,169788
208.0439,171411
208.0480,169855
208.0522,170944
208.0563,170859
208.0604,169133
208.0645,171314
208.0686,170095
208.0728,170370
208.0767,171041
208.0808,169823
208.0849,171966
208.0891,170456
208.0931,170794
208.0973,170272
208.1013,169622
208.1053,171885
208.1054,169980
208.1096,170934
208.1136,170746
208.1177,170217
208.1217,171432
208.1259,169987
208.1300,170436
208.1341,170588
208.1381,169967
208.1423,170900
208.1464,170301
208.1506,170784
208.1546,170284
208.1587,170203
208.1627,171226
208.1668,170227
208.1709,170659
208.1750,170163
208.1792,170654
208.1833,171246
208.1874,170252
208.1915,170788
208.1956,170413
208.1997,170277
208.2037,171803
208.2078,169947
208.2119,170366
208.2160,170371
208.2201,170429
208.2242,171277
208.2285,171229
208.2325,170417
208.2326,170974
208.2365,170240
208.2406,170766
208.2446,170585
208.2487,170949
208.2528,170547
208.2569,169743
208.2610,171342
208.2651,170073
208.2692,170413
208.2733,170255
208.2774,170287
208.2815,171345
208.2856,170294
208.2896,170688
208.2937,170251
208.2978,170700
208.3019,171134
208.3061,170388
208.3101,170360
208.3142,170602
208.3184,171184
208.3225,171195
208.3266,170653
208.3306,170637
208.3348,170620
208.3388,170670
208.3429,170402
208.3471,170754
208.3512,170356
208.3557,170786
208.3597,171002
208.3598,171027
208.3635,170499
208.3676,170037
208.3716,170673
208.3758,171096
208.3798,170206
208.3840,170348
208.3880,170553
208.3921,170316
208.3962,170169
208.4004,169583
208.4045,170424
208.4086,171412
208.4126,170492
208.4167,170074
208.4208,170339
208.4249,170802
208.4290,170527
208.4331,170108
208.4372,170948
208.4415,170045
208.4454,170748
208.4498,170392
208.4535,170359
208.4576,170921
208.4617,170295
208.4658,171027
208.4700,170708
208.4742,170656
208.4781,170839
208.4824,170326
208.4864,171226
208.4905,170918
208.4906,170591
208.4945,170051
208.4986,170517
208.5027,171722
208.5068,170521
208.5113,170856
208.5149,170595
