0.0005	0.00000030
0.0049	0.00000128
0.0097	0.00000059
0.0148	-0.00000007
0.0197	0.00000087
0.0247	0.00000024
0.0298	-0.00000050
0.0359	0.00000173
0.0416	0.00000121
0.0458	0.00000073
0.0507	0.00000095
0.0568	-0.00000006
0.0618	0.00000008
0.0668	0.00000026
0.0726	-0.00000116
0.0773	-0.00000267
0.0814	-0.00000101
0.0864	-0.00000051
0.0914	0.00000017
0.0964	0.00000127
0.1013	-0.00000190
0.1054	-0.00000049
0.1103	0.00000023
0.1144	-0.00000054
0.1204	-0.00000109
0.1254	-0.00000197
0.1306	0.00000034
0.1354	0.00000034
0.1406	-0.00000003
0.1453	0.00000087
0.1503	0.00000037
0.1553	0.00000072
0.1603	0.00000253
0.1654	0.00000243
0.1701	0.00000130
0.1749	0.00000270
0.1790	0.00000230
0.1839	0.00000221
0.1880	0.00000185
0.1930	0.00000107
0.1980	0.00000211
0.2030	0.00000267
0.2080	0.00000187
0.2129	0.00000053
0.2180	0.00000046
0.2229	0.00000062
0.2279	0.00000058
0.2320	0.00000065
0.2369	0.00000036
0.2420	0.00000005
0.2470	0.00000024
0.2521	-0.00000149
0.2571	-0.00000033
0.2620	0.00000017
0.2670	-0.00000031
0.2714	0.00000047
0.2765	0.00000221
0.2814	0.00000131
0.2869	0.00000032
0.2915	0.00000002
0.2965	0.00000074
0.3006	0.00000080
0.3061	-0.00000088
0.3105	-0.00000125
0.3160	-0.00000075
0.3205	-0.00000055
0.3266	0.00000093
0.3315	0.00000043
0.3375	0.00000136
0.3426	0.00000165
0.3474	0.00000215
0.3524	0.00000281
0.3585	0.00000092
0.3636	0.00000077
0.3692	0.00000038
0.3737	0.00000024
0.3786	0.00000136
0.3836	-0.00000140
0.3888	0.00000104
0.3938	0.00000004
0.3986	-0.00000053
0.4037	-0.00000126
0.4089	-0.00000098
0.4132	-0.00000050
0.4177	0.00000115
0.4220	0.00000127
0.4270	0.00000112
0.4314	0.00000181
0.4357	-0.00000008
0.4406	-0.00000066
0.4449	-0.00000092
0.4497	-0.00000206
0.4547	-0.00000218
0.4599	-0.00000133
0.4649	0.00000093
0.4694	-0.00000155
0.4742	-0.00000161
0.4796	-0.00000187
0.4843	-0.00000127
0.4901	-0.00000145
0.4945	-0.00000043
0.4991	-0.00000204
0.5041	-0.00000352
0.5092	-0.00000325
0.5144	-0.00000366
0.5195	-0.00000436
0.5244	-0.00000477
0.5296	-0.00000505
0.5345	-0.00000379
0.5400	-0.00000307
0.5443	-0.00000171
0.5493	-0.00000213
0.5543	-0.00000209
0.5588	-0.00000114
0.5637	-0.00000002
0.5685	-0.00000056
0.5733	0.00000058
0.5780	0.00000034
0.5830	0.00000085
0.5879	0.00000025
0.5922	-0.00000187
0.5966	-0.00000286
0.6017	-0.00000197
0.6067	-0.00000033
0.6112	0.00000039
0.6156	0.00000050
0.6206	-0.00000067
0.6257	-0.00000159
0.6300	-0.00000108
0.6345	-0.00000103
0.6397	-0.00000061
0.6447	-0.00000062
0.6494	-0.00000104
0.6544	-0.00000030
0.6587	-0.00000008
0.6637	0.00000133
0.6686	0.00000183
0.0005	0.00000087
0.0059	0.00000075
0.0104	0.00000118
0.0156	0.00000162
0.0205	0.00000062
0.0254	-0.00000171
0.0306	-0.00000300
0.0368	-0.00000242
0.0415	-0.00000211
0.0469	-0.00000122
0.0516	-0.00000155
0.0567	0.00000028
0.0616	0.00000013
0.0670	-0.00000043
0.0715	0.00000045
0.0765	0.00000031
0.0816	0.00000036
0.0865	0.00000050
0.0915	0.00000034
0.0971	0.00000080
0.1022	0.00000054
0.1067	0.00000188
0.1116	0.00000311
0.1166	0.00000211
0.1208	0.00000055
0.1254	-0.00000134
0.1304	-0.00000020
0.1354	-0.00000187
0.1402	-0.00000219
0.1451	-0.00000087
0.1500	0.00000055
0.1547	-0.00000009
0.1594	0.00000139
0.1643	0.00000128
0.1693	0.00000124
0.1739	0.00000132
0.1788	0.00000043
0.1839	0.00000074
0.1891	0.00000303
0.1941	0.00000187
0.1986	0.00000246
0.2037	0.00000151
0.2085	0.00000210
0.2132	0.00000135
0.2184	0.00000186
0.2228	0.00000056
0.2277	0.00000016
0.2328	0.00000120
0.2378	0.00000136
0.2422	0.00000142
0.2467	0.00000094
0.2509	0.00000041
0.2558	-0.00000091
0.2608	0.00000022
0.2657	0.00000037
0.2709	0.00000231
0.2757	0.00000218
0.2807	0.00000144
0.2858	0.00000119
0.2908	0.00000199
0.2956	0.00000002
0.3003	-0.00000189
0.3047	-0.00000168
0.3096	-0.00000143
0.3145	0.00000018
0.3198	0.00000004
0.3246	-0.00000060
0.3296	0.00000064
0.3344	0.00000026
0.3390	0.00000234
0.3438	0.00000129
0.3488	0.00000206
0.3538	0.00000323
0.3587	0.00000351
0.3638	0.00000226
0.3688	0.00000063
0.3738	0.00000160
0.3789	0.00000057
0.3839	0.00000131
0.3882	0.00000093
0.3934	0.00000030
0.3981	0.00000176
0.4027	0.00000060
0.4075	0.00000017
0.4124	0.00000117
0.4175	0.00000222
0.4220	0.00000211
0.4270	0.00000142
0.4321	0.00000078
0.4366	0.00000133
0.4408	0.00000198
0.4455	0.00000215
0.4505	0.00000154
0.4549	0.00000142
0.4600	0.00000187
0.4648	0.00000254
0.4690	0.00000291
0.4733	0.00000098
0.4781	0.00000063
0.4832	-0.00000235
0.4875	-0.00000256
0.4921	-0.00000159
0.4976	-0.00000181
0.5022	-0.00000147
0.5066	-0.00000098
0.5116	-0.00000036
0.5165	0.00000022
0.5209	-0.00000009
0.5252	-0.00000003
0.5301	0.00000081
0.5351	-0.00000047
0.5402	-0.00000051
0.5452	-0.00000012
0.5500	-0.00000195
0.5552	-0.00000299
0.5602	-0.00000267
0.5651	-0.00000223
0.5702	-0.00000211
0.5750	-0.00000113
0.5793	-0.00000130
0.5837	0.00000021
0.5890	0.00000061
0.5937	-0.00000170
0.5980	-0.00000018
0.6033	-0.00000008
0.6082	0.00000027
0.6132	0.00000046
0.6182	-0.00000044
0.6230	-0.00000060
0.6280	-0.00000031
0.6321	-0.00000211
0.6371	-0.00000268
0.6422	-0.00000176
0.6472	-0.00000121
0.6520	0.00000016
0.6570	-0.00000130
0.6619	-0.00000035
0.6668	0.00000185
0.6709	0.00000078
0.6759	-0.00000054
0.6810	-0.00000205
0.6860	-0.00000209
0.6909	-0.00000157
0.6959	-0.00000020
0.7004	-0.00000050
0.7057	-0.00000159
0.7106	-0.00000174
0.7156	-0.00000142
0.7200	-0.00000131
0.7242	-0.00000100
0.7294	-0.00000023
0.7345	0.00000137
0.7394	0.00000083
0.7444	0.00000075
0.7494	0.00000160
0.7536	0.00000086
0.7589	0.00000149
0.7635	0.00000303
0.7677	0.00000272
0.7721	0.00000240
0.7770	0.00000234
0.7818	0.00000365
0.7861	0.00000228
0.7905	0.00000163
0.7956	0.00000226
0.8000	0.00000250
0.8042	0.00000180
0.8092	0.00000228
0.8137	0.00000029
0.8189	-0.00000082
0.8235	-0.00000184
0.8283	-0.00000020
0.8333	0.00000015
0.8380	-0.00000050
0.8429	-0.00000006
0.8476	-0.00000079
0.8524	-0.00000194
0.8567	-0.00000088
0.8618	-0.00000069
0.8667	0.00000020
0.8709	0.00000111
0.8752	0.00000043
0.8804	0.00000094
0.8855	0.00000064
0.8902	0.00000035
0.8945	0.00000048
0.8986	0.00000096
0.9028	0.00000061
0.9078	0.00000218
0.9126	0.00000123
0.9168	-0.00000020
0.9219	-0.00000086
0.9261	-0.00000299
0.9311	-0.00000258
0.9362	-0.00000308
0.9405	-0.00000178
0.9456	-0.00000114
0.9504	-0.00000244
0.9546	-0.00000101
0.9596	-0.00000116
0.9644	-0.00000214
0.9689	-0.00000330
0.9732	-0.00000335
0.9773	-0.00000267
0.9823	0.00000014
0.9873	-0.00000051
0.9923	-0.00000045
0.9974	-0.00000033
1.0021	-0.00000026
1.0069	0.00000130
1.0115	0.00000095
1.0165	0.00000209
1.0215	0.00000152
1.0257	-0.00000078
1.0306	-0.00000115
1.0357	0.00000015
1.0401	0.00000044
1.0451	0.00000009
1.0502	-0.00000167
1.0553	-0.00000310
1.0594	-0.00000379
1.0645	-0.00000195
1.0695	0.00000074
1.0748	0.00000035
1.0795	0.00000070
1.0837	-0.00000006
1.0880	0.00000025
1.0927	0.00000225
1.0977	0.00000175
1.1025	0.00000033
1.1076	-0.00000057
1.1120	-0.00000146
1.1161	-0.00000314
1.1208	-0.00000282
1.1259	-0.00000330
1.1307	-0.00000301
1.1358	-0.00000211
1.1406	-0.00000265
1.1457	-0.00000260
1.1507	-0.00000070
1.1556	0.00000098
1.1607	-0.00000025
1.1657	-0.00000211
1.1708	-0.00000152
1.1758	-0.00000221
1.1807	-0.00000130
1.1858	-0.00000026
1.1908	-0.00000128
1.1958	-0.00000174
1.2006	-0.00000226
1.2054	-0.00000194
1.2107	0.00000035
1.2155	0.00000291
1.2207	0.00000221
1.2256	0.00000137
1.2306	0.00000223
1.2355	0.00000087
1.2397	-0.00000099
1.2445	0.00000031
1.2486	0.00000066
1.2531	0.00000080
1.2577	-0.00000000
1.2626	0.00000031
1.2678	-0.00000243
1.2721	-0.00000126
1.2766	-0.00000076
1.2817	-0.00000097
1.2867	0.00000084
1.2912	0.00000190
1.2955	0.00000067
1.3002	-0.00000046
1.3046	0.00000125
1.3095	0.00000162
1.3145	0.00000163
1.3195	0.00000138
1.3238	0.00000157
1.3287	0.00000098
1.3330	-0.00000060
1.3383	-0.00000258
1.3432	-0.00000012
1.3482	-0.00000112
1.3532	-0.00000175
1.3576	-0.00000039
1.3625	0.00000054
1.3675	0.00000114
1.3719	0.00000206
1.3769	0.00000146
1.3814	0.00000081
1.3864	0.00000153
1.3907	0.00000129
1.3963	-0.00000062
1.4009	-0.00000195
1.4050	-0.00000172
1.4094	-0.00000243
1.4143	-0.00000183
1.4194	-0.00000161
1.4243	-0.00000319
1.4292	-0.00000257
1.4343	-0.00000281
1.4394	-0.00000254
1.4446	-0.00000196
1.4498	-0.00000039
1.4549	-0.00000056
1.4590	-0.00000110
1.4639	-0.00000070
1.4689	-0.00000039
1.4732	0.00000013
1.4774	0.00000045
1.4824	0.00000191
1.4867	0.00000004
1.4910	0.00000074
1.4956	0.00000113
1.5001	0.00000162
1.5043	0.00000202
1.5093	0.00000280
1.5143	0.00000113
1.5194	0.00000020
1.5236	0.00000124
1.5287	0.00000005
1.5339	-0.00000014
1.5389	-0.00000124
1.5438	-0.00000142
1.5487	-0.00000010
1.5528	0.00000148
1.5577	0.00000240
1.5627	0.00000197
1.5678	-0.00000025
1.5723	-0.00000192
1.5765	-0.00000232
1.5814	-0.00000000
1.5857	-0.00000074
1.5906	-0.00000091
1.5956	-0.00000028
1.6000	0.00000019
1.6041	0.00000111
1.6091	-0.00000050
1.6142	-0.00000119
1.6192	-0.00000038
1.6242	-0.00000161
1.6292	-0.00000054
1.6342	-0.00000027
1.6391	-0.00000132
1.6440	-0.00000292
1.6492	-0.00000402
1.6542	-0.00000268
1.6592	0.00000034
1.6643	-0.00000125
1.6692	-0.00000067
1.6734	-0.00000145
1.6784	-0.00000069
1.6834	-0.00000133
1.6877	-0.00000165
1.6920	-0.00000143
1.6971	0.00000009
1.7018	0.00000022
1.7067	0.00000042
1.7117	0.00000031
1.7167	-0.00000126
1.7210	-0.00000166
1.7260	0.00000004
1.7310	-0.00000022
1.7360	0.00000117
1.7412	0.00000129
1.7461	0.00000216
1.7511	0.00000115
1.7561	0.00000099
1.7611	0.00000342
1.7660	0.00000256
1.7702	0.00000240
1.7747	0.00000264
1.7794	0.00000142
1.7842	0.00000193
1.7885	0.00000094
1.7935	0.00000183
1.7976	0.00000054
1.8021	-0.00000133
1.8072	-0.00000060
1.8120	-0.00000152
1.8162	-0.00000059
1.8206	-0.00000004
1.8252	-0.00000035
1.8301	0.00000026
1.8352	0.00000006
1.8398	0.00000072
1.8449	0.00000086
1.8498	0.00000031
1.8540	0.00000022
1.8590	0.00000107
1.8637	0.00000128
1.8690	0.00000068
1.8736	0.00000114
1.8788	0.00000217
1.8839	0.00000215
1.8885	0.00000126
1.8930	0.00000094
1.8978	-0.00000036
1.9022	-0.00000004
1.9072	0.00000208
1.9119	0.00000171
1.9162	0.00000182
1.9214	0.00000055
1.9264	0.00000151
1.9313	0.00000200
1.9364	0.00000181
1.9410	0.00000271
1.9459	0.00000194
1.9510	0.00000223
1.9555	0.00000201
1.9602	0.00000166
1.9654	0.00000175
1.9705	0.00000034
1.9756	0.00000062
1.9804	-0.00000015
1.9858	-0.00000004
1.9907	-0.00000092
1.9951	-0.00000042
1.9994	0.00000185
2.0047	-0.00000029
2.0091	0.00000090
2.0133	-0.00000000
2.0184	-0.00000065
2.0234	0.00000046
2.0284	0.00000074
2.0332	0.00000231
2.0375	0.00000098
2.0428	-0.00000087
2.0475	-0.00000037
2.0527	-0.00000245
2.0579	-0.00000147
2.0627	-0.00000135
2.0678	-0.00000018
2.0724	0.00000021
2.0768	0.00000064
2.0818	0.00000245
2.0870	0.00000352
2.0913	0.00000347
2.0960	0.00000313
2.1004	0.00000150
2.1048	0.00000085
2.1095	0.00000077
2.1146	0.00000072
2.1196	0.00000092
2.1245	-0.00000011
2.1294	0.00000243
2.1346	0.00000059
2.1397	-0.00000030
2.1447	0.00000014
2.1495	0.00000154
2.1546	-0.00000028
2.1599	-0.00000057
2.1642	-0.00000123
2.1686	-0.00000252
2.1734	-0.00000086
2.1776	-0.00000100
2.1827	-0.00000184
2.1871	0.00000031
2.1917	0.00000103
2.1966	0.00000072
2.2012	-0.00000069
2.2058	0.00000001
2.2109	0.00000159
2.2158	0.00000093
2.2208	-0.00000038
2.2257	0.00000144
2.2307	0.00000006
2.2357	0.00000060
2.2406	-0.00000140
2.2448	-0.00000175
2.2500	-0.00000095
2.2548	-0.00000208
2.2591	-0.00000074
2.2634	-0.00000170
2.2685	-0.00000146
2.2734	-0.00000211
2.2784	-0.00000373
2.2834	-0.00000239
2.2876	-0.00000241
2.2927	-0.00000282
2.2976	-0.00000204
2.3023	-0.00000168
2.3073	-0.00000075
2.3119	-0.00000153
2.3167	-0.00000134
2.3215	-0.00000072
2.3264	0.00000006
2.3308	-0.00000041
2.3360	-0.00000131
2.3409	-0.00000065
2.3459	0.00000073
2.3510	0.00000068
2.3557	-0.00000152
2.3602	-0.00000198
2.3652	-0.00000287
2.3693	-0.00000128
2.3737	-0.00000300
2.3786	-0.00000279
2.3840	-0.00000222
2.3883	-0.00000266
2.3928	-0.00000152
2.3977	-0.00000114
2.4026	-0.00000121
2.4076	-0.00000185
2.4126	-0.00000233
2.4168	-0.00000328
2.4220	-0.00000190
2.4266	-0.00000100
2.4318	-0.00000183
2.4361	-0.00000041
2.4403	0.00000040
2.4453	0.00000085
2.4505	0.00000209
2.4547	0.00000250
2.4589	0.00000138
2.4639	-0.00000025
2.4689	-0.00000082
2.4733	-0.00000118
2.4784	-0.00000207
2.4833	-0.00000052
2.4876	0.00000156
2.4922	0.00000096
2.4971	0.00000196
2.5018	0.00000271
2.5065	0.00000263
2.5113	0.00000300
2.5164	0.00000208
2.5208	0.00000202
2.5259	0.00000230
2.5308	0.00000090
2.5351	-0.00000036
2.5394	-0.00000005
2.5437	-0.00000132
2.5488	-0.00000166
2.5529	-0.00000159
2.5572	-0.00000125
2.5619	0.00000088
2.5671	0.00000186
2.5713	0.00000147
2.5758	0.00000163
2.5808	0.00000206
2.5858	0.00000199
2.5908	-0.00000022
2.5958	-0.00000111
2.6009	-0.00000266
2.6057	-0.00000129
2.6105	-0.00000093
2.6155	0.00000072
2.6206	0.00000223
2.6256	0.00000338
2.6306	0.00000312
2.6357	0.00000287
2.6407	0.00000211
2.6455	0.00000367
2.6507	0.00000316
2.6549	0.00000247
2.6599	0.00000283
2.6648	0.00000198
2.6691	0.00000093
2.6743	0.00000123
2.6788	0.00000269
2.6840	0.00000327
2.6881	0.00000105
2.6931	0.00000015
2.6980	-0.00000038
2.7023	0.00000058
2.7066	0.00000190
2.7108	0.00000204
2.7157	0.00000287
2.7198	0.00000211
2.7241	0.00000019
2.7292	-0.00000013
2.7340	-0.00000026
2.7388	0.00000150
2.7436	0.00000057
2.7486	-0.00000001
2.7538	-0.00000169
2.7582	-0.00000121
2.7631	-0.00000004
2.7677	0.00000116
2.7729	0.00000151
2.7778	0.00000116
2.7828	0.00000112
2.7872	-0.00000168
2.7923	-0.00000207
2.7972	-0.00000017
2.8029	0.00000146
2.8078	-0.00000050
2.8130	-0.00000038
2.8180	-0.00000058
2.8227	-0.00000113
2.8275	-0.00000119
2.8323	-0.00000123
2.8366	-0.00000033
2.8408	-0.00000019
2.8458	-0.00000057
2.8507	0.00000021
2.8552	-0.00000001
2.8599	0.00000053
2.8648	0.00000225
2.8699	0.00000128
2.8751	0.00000048
2.8798	0.00000140
2.8849	0.00000116
2.8903	0.00000133
2.8944	0.00000055
2.8993	0.00000194
2.9042	0.00000078
2.9086	0.00000279
2.9135	0.00000303
2.9186	0.00000139
2.9235	0.00000155
2.9285	0.00000281
2.9335	0.00000289
2.9386	0.00000325
2.9435	0.00000378
2.9484	0.00000271
2.9528	0.00000122
2.9572	0.00000081
2.9623	0.00000012
2.9673	0.00000172
2.9724	0.00000242
2.9774	0.00000271
2.9823	0.00000053
2.9866	0.00000003
2.9915	-0.00000082
2.9965	-0.00000091
3.0016	-0.00000202
3.0064	-0.00000147
3.0107	-0.00000218
3.0156	-0.00000089
3.0200	-0.00000134
3.0241	-0.00000238
3.0290	-0.00000289
3.0332	-0.00000248
3.0382	-0.00000083
3.0427	-0.00000171
3.0476	-0.00000242
3.0528	-0.00000200
3.0578	-0.00000087
3.0626	-0.00000066
3.0673	-0.00000054
3.0718	0.00000081
3.0767	0.00000021
3.0816	0.00000087
3.0868	-0.00000004
3.0918	-0.00000082
3.0967	-0.00000056
3.1018	-0.00000026
3.1063	-0.00000073
3.1113	-0.00000060
3.1162	-0.00000090
3.1205	0.00000049
3.1254	0.00000072
3.1304	0.00000191
3.1354	0.00000145
3.1405	0.00000101
3.1454	0.00000115
3.1505	-0.00000052
3.1554	0.00000079
3.1603	0.00000012
3.1654	0.00000024
3.1704	-0.00000115
3.1754	-0.00000103
3.1804	-0.00000115
3.1854	-0.00000065
3.1906	-0.00000200
3.1954	-0.00000321
3.2006	-0.00000428
3.2053	-0.00000335
3.2102	-0.00000240
3.2153	-0.00000274
3.2203	-0.00000279
3.2252	-0.00000083
3.2302	-0.00000019
3.2353	0.00000193
3.2403	0.00000229
3.2452	0.00000163
3.2502	0.00000157
3.2553	0.00000266
3.2602	0.00000282
3.2654	0.00000137
3.2703	0.00000030
3.2752	0.00000099
3.2804	0.00000030
3.2855	0.00000155
3.2904	0.00000137
3.2953	0.00000040
3.3005	0.00000211
3.3052	0.00000102
3.3101	0.00000267
3.3151	0.00000246
3.3202	0.00000312
3.3252	0.00000406
3.3302	0.00000350
3.3352	0.00000415
3.3402	0.00000169
3.3450	0.00000008
3.3501	-0.00000023
3.3551	-0.00000057
3.3601	-0.00000140
3.3651	-0.00000197
3.3702	0.00000018
3.3751	-0.00000005
3.3801	0.00000109
3.3852	0.00000154
3.3903	0.00000208
3.3952	0.00000035
3.4002	-0.00000117
3.4047	0.00000109
3.4088	0.00000023
3.4138	-0.00000037
3.4189	0.00000020
3.4239	0.00000059
3.4288	0.00000038
3.4340	0.00000052
3.4389	-0.00000045
3.4438	0.00000035
3.4489	-0.00000005
3.4539	-0.00000024
3.4590	-0.00000106
3.4638	-0.00000086
3.4689	-0.00000211
3.4740	-0.00000137
3.4789	-0.00000007
3.4840	-0.00000086
3.4892	-0.00000077
3.4942	0.00000019
3.4992	-0.00000110
3.5035	-0.00000038
3.5082	-0.00000095
3.5131	0.00000023
3.5173	0.00000078
3.5221	-0.00000024
3.5267	0.00000049
3.5313	-0.00000044
3.5363	-0.00000023
3.5407	0.00000023
3.5458	0.00000118
3.5506	-0.00000043
3.5558	-0.00000085
3.5608	-0.00000189
3.5659	-0.00000133
3.5707	-0.00000006
3.5757	-0.00000144
3.5802	-0.00000038
3.5852	-0.00000002
3.5898	0.00000075
3.5943	0.00000030
3.5994	0.00000135
3.6042	0.00000009
3.6087	-0.00000064
3.6136	0.00000075
3.6180	0.00000124
3.6229	-0.00000021
3.6280	-0.00000031
3.6330	0.00000035
3.6380	0.00000054
3.6422	0.00000110
3.6467	0.00000184
3.6509	0.00000171
3.6558	0.00000145
3.6607	0.00000162
3.6649	0.00000001
3.6692	-0.00000019
3.6742	-0.00000081
3.6792	0.00000003
3.6843	-0.00000015
3.6887	-0.00000019
3.6935	0.00000034
3.6984	-0.00000066
3.7035	-0.00000072
3.7077	-0.00000247
3.7126	-0.00000241
3.7167	-0.00000174
3.7210	-0.00000142
3.7253	-0.00000112
3.7309	-0.00000208
3.7357	-0.00000107
3.7409	-0.00000071
3.7457	-0.00000315
3.7504	-0.00000101
3.7554	-0.00000154
3.7603	-0.00000131
3.7655	-0.00000050
3.7698	-0.00000131
3.7749	0.00000018
3.7796	-0.00000021
3.7846	0.00000081
3.7899	0.00000106
3.7950	0.00000331
3.7997	0.00000522
3.8040	0.00000465
3.8089	0.00000405
3.8136	0.00000212
3.8179	0.00000110
3.8229	0.00000029
3.8271	0.00000124
3.8322	0.00000251
3.8371	0.00000200
3.8421	0.00000009
3.8473	-0.00000063
3.8521	-0.00000082
3.8566	0.00000002
3.8608	0.00000062
3.8657	0.00000074
3.8699	0.00000107
3.8747	0.00000155
3.8789	0.00000080
3.8837	-0.00000072
3.8879	-0.00000211
3.8921	-0.00000193
3.8964	-0.00000229
3.9005	-0.00000252
3.9051	-0.00000187
3.9093	-0.00000125
3.9137	-0.00000188
3.9188	-0.00000209
3.9238	-0.00000076
3.9287	-0.00000027
3.9338	-0.00000059
3.9388	-0.00000031
3.9437	0.00000047
3.9487	-0.00000087
3.9538	-0.00000307
3.9582	-0.00000132
3.9632	-0.00000048
3.9682	-0.00000045
3.9732	0.00000006
3.9783	0.00000044
3.9834	-0.00000123
3.9884	-0.00000053
3.9925	-0.00000017
3.9976	-0.00000008
4.0029	-0.00000008
4.0077	-0.00000026
4.0125	-0.00000042
4.0170	0.00000133
4.0214	0.00000047
4.0258	0.00000124
4.0307	0.00000155
4.0361	-0.00000009
4.0405	-0.00000106
4.0454	0.00000011
4.0508	-0.00000074
4.0558	0.00000107
4.0605	-0.00000057
4.0656	-0.00000153
4.0706	-0.00000033
4.0757	-0.00000068
4.0803	-0.00000143
4.0851	0.00000176
4.0902	0.00000049
4.0944	-0.00000078
4.0993	-0.00000009
4.1044	0.00000010
4.1088	0.00000132
4.1130	-0.00000131
4.1177	-0.00000042
4.1227	-0.00000078
4.1276	0.00000059
4.1326	0.00000056
4.1372	-0.00000016
4.1414	-0.00000019
4.1461	-0.00000097
4.1503	-0.00000034
4.1548	0.00000136
4.1594	0.00000267
4.1636	0.00000221
4.1677	0.00000314
4.1720	0.00000150
4.1770	0.00000090
4.1812	0.00000030
4.1863	-0.00000095
4.1915	-0.00000094
4.1963	-0.00000047
4.2015	-0.00000079
4.2063	-0.00000085
4.2105	0.00000100
4.2150	0.00000187
4.2200	0.00000009
4.2248	-0.00000133
4.2291	-0.00000180
4.2340	-0.00000153
4.2387	-0.00000094
4.2431	-0.00000066
4.2472	-0.00000054
4.2522	-0.00000166
4.2572	-0.00000326
4.2621	-0.00000361
4.2668	-0.00000278
4.2718	-0.00000320
4.2769	-0.00000185
4.2818	-0.00000104
4.2867	-0.00000153
4.2918	-0.00000140
4.2966	-0.00000062
4.3017	-0.00000019
4.3064	-0.00000019
4.3114	-0.00000012
4.3165	-0.00000237
4.3208	-0.00000232
4.3257	0.00000063
4.3308	0.00000006
4.3353	-0.00000041
4.3395	-0.00000113
4.3444	0.00000007
4.3495	-0.00000044
4.3545	0.00000096
4.3594	-0.00000026
4.3644	0.00000009
4.3693	0.00000139
4.3734	0.00000100
4.3785	0.00000133
4.3834	0.00000108
4.3879	0.00000216
4.3924	0.00000059
4.3971	0.00000140
4.4022	0.00000070
4.4070	0.00000037
4.4121	-0.00000236
4.4171	-0.00000218
4.4214	-0.00000156
4.4264	-0.00000015
4.4313	-0.00000149
4.4357	-0.00000067
4.4401	-0.00000011
4.4453	-0.00000033
4.4503	0.00000110
4.4553	0.00000144
4.4603	0.00000117
4.4650	0.00000061
4.4693	0.00000174
4.4737	0.00000140
4.4787	-0.00000051
4.4835	-0.00000212
4.4884	-0.00000238
4.4936	-0.00000278
4.4985	-0.00000298
4.5036	-0.00000251
4.5081	-0.00000270
4.5130	-0.00000284
4.5182	-0.00000205
4.5227	-0.00000031
4.5276	-0.00000009
4.5327	-0.00000040
4.5369	-0.00000037
4.5416	-0.00000058
4.5464	0.00000015
4.5515	0.00000001
4.5558	0.00000016
4.5599	0.00000053
4.5648	0.00000022
4.5694	0.00000052
4.5736	0.00000029
4.5779	0.00000061
4.5821	0.00000041
4.5871	0.00000231
4.5921	0.00000275
4.5963	0.00000147
4.6005	0.00000075
4.6049	0.00000242
4.6097	0.00000330
4.6149	0.00000316
4.6200	0.00000162
4.6249	0.00000216
4.6298	0.00000217
4.6349	0.00000066
4.6399	-0.00000032
4.6449	0.00000253
4.6498	0.00000298
4.6549	0.00000157
4.6599	0.00000037
4.6649	-0.00000037
4.6699	-0.00000043
4.6749	0.00000041
4.6798	0.00000081
4.6849	0.00000017
4.6897	0.00000291
4.6942	0.00000355
4.6992	0.00000313
4.7042	0.00000140
4.7084	-0.00000211
4.7135	-0.00000031
4.7178	-0.00000136
4.7223	-0.00000116
4.7271	-0.00000069
4.7321	-0.00000044
4.7374	0.00000057
4.7417	-0.00000034
4.7466	-0.00000064
4.7518	0.00000078
4.7570	0.00000016
4.7616	0.00000056
4.7667	-0.00000028
4.7718	0.00000040
4.7767	0.00000060
4.7816	0.00000094
4.7858	-0.00000147
4.7906	-0.00000132
4.7957	-0.00000166
4.8008	-0.00000088
4.8052	-0.00000153
4.8100	-0.00000046
4.8151	-0.00000085
4.8201	-0.00000102
4.8250	-0.00000153
4.8298	-0.00000282
4.8350	-0.00000188
4.8400	-0.00000265
4.8450	-0.00000207
4.8499	-0.00000166
4.8548	-0.00000179
4.8597	-0.00000120
4.8646	-0.00000099
4.8690	-0.00000072
4.8734	-0.00000125
4.8784	-0.00000100
4.8835	0.00000014
4.8885	0.00000018
4.8936	-0.00000083
4.8986	-0.00000179
4.9036	0.00000115
4.9087	0.00000061
4.9137	0.00000148
4.9187	-0.00000010
4.9228	-0.00000028
4.9279	-0.00000025
4.9328	0.00000088
4.9378	0.00000005
4.9427	0.00000275
4.9477	0.00000205
4.9524	0.00000334
4.9575	0.00000131
4.9625	0.00000143
4.9670	0.00000165
4.9719	0.00000201
4.9770	0.00000292
4.9821	0.00000154
4.9870	0.00000191
4.9921	0.00000130
4.9971	0.00000049
5.0022	0.00000053
5.0065	-0.00000344
5.0111	-0.00000269
5.0163	-0.00000322
5.0214	-0.00000200
5.0262	-0.00000148
5.0315	-0.00000137
5.0361	-0.00000206
5.0412	0.00000107
5.0462	0.00000069
5.0511	0.00000065
5.0560	0.00000036
5.0611	-0.00000064
5.0662	0.00000047
5.0714	-0.00000090
5.0757	0.00000051
5.0800	0.00000052
5.0843	-0.00000069
5.0887	-0.00000054
5.0933	-0.00000006
5.0986	-0.00000021
5.1036	-0.00000001
5.1079	-0.00000017
5.1121	0.00000042
5.1166	-0.00000268
5.1219	-0.00000239
5.1268	-0.00000291
5.1319	-0.00000284
5.1369	-0.00000230
5.1411	-0.00000323
5.1454	-0.00000125
5.1501	-0.00000124
5.1545	0.00000027
5.1594	-0.00000063
5.1645	-0.00000052
5.1692	0.00000052
5.1741	0.00000015
5.1792	-0.00000009
5.1842	0.00000101
5.1885	0.00000052
5.1929	-0.00000009
5.1971	0.00000040
5.2012	-0.00000049
5.2063	-0.00000105
5.2115	-0.00000068
5.2165	-0.00000076
5.2216	-0.00000230
5.2266	-0.00000130
5.2307	0.00000033
5.2357	0.00000043
5.2406	0.00000018
5.2455	0.00000066
5.2505	0.00000234
5.2556	0.00000328
5.2598	0.00000261
5.2648	0.00000359
5.2691	0.00000386
5.2735	0.00000283
5.2778	0.00000168
5.2828	0.00000252
5.2878	0.00000251
5.2928	0.00000029
5.2977	-0.00000099
5.3019	-0.00000247
5.3069	-0.00000110
5.3116	-0.00000165
5.3164	-0.00000248
5.3214	-0.00000384
5.3264	-0.00000305
5.3315	-0.00000307
5.3366	-0.00000365
5.3415	-0.00000356
5.3464	-0.00000498
5.3515	-0.00000348
5.3568	-0.00000268
5.3614	-0.00000250
5.3664	-0.00000300
5.3707	-0.00000115
5.3749	-0.00000031
5.3797	-0.00000015
5.3840	-0.00000206
5.3883	-0.00000190
5.3934	-0.00000112
5.3987	-0.00000117
5.4037	-0.00000094
5.4085	0.00000012
5.4128	0.00000241
5.4179	0.00000202
5.4228	0.00000343
5.4272	0.00000104
5.4322	-0.00000038
5.4365	-0.00000169
5.4415	-0.00000299
5.4468	-0.00000061
5.4517	-0.00000025
5.4561	-0.00000025
5.4605	0.00000034
5.4657	0.00000016
5.4706	0.00000032
5.4756	-0.00000056
5.4807	0.00000169
5.4857	0.00000237
5.4907	0.00000134
5.4955	0.00000079
5.4998	0.00000016
5.5049	0.00000072
5.5098	0.00000018
5.5144	0.00000062
5.5187	-0.00000040
5.5237	0.00000044
5.5288	-0.00000091
5.5336	-0.00000256
5.5387	-0.00000125
5.5438	-0.00000170
5.5489	-0.00000274
5.5538	-0.00000469
5.5589	-0.00000361
5.5640	-0.00000304
5.5690	-0.00000245
5.5733	-0.00000218
5.5785	-0.00000101
5.5834	-0.00000125
5.5878	-0.00000095
5.5920	-0.00000210
5.5963	-0.00000073
5.6013	-0.00000186
5.6064	-0.00000385
5.6108	-0.00000209
5.6157	-0.00000247
5.6209	-0.00000319
5.6250	-0.00000111
5.6300	-0.00000326
5.6342	-0.00000238
5.6387	-0.00000209
5.6437	-0.00000230
5.6489	-0.00000078
5.6538	-0.00000121
5.6587	0.00000027
5.6640	0.00000043
5.6690	0.00000056
5.6742	0.00000172
5.6790	0.00000056
5.6840	0.00000079
5.6890	0.00000019
5.6931	-0.00000002
5.6974	0.00000204
5.7023	0.00000006
5.7068	0.00000039
5.7110	0.00000024
5.7160	-0.00000125
5.7211	-0.00000116
5.7260	-0.00000017
5.7310	-0.00000104
5.7361	-0.00000034
5.7406	-0.00000133
5.7449	-0.00000063
5.7500	-0.00000164
5.7550	-0.00000119
5.7601	-0.00000049
5.7647	-0.00000095
5.7698	0.00000039
5.7747	0.00000006
5.7797	0.00000009
5.7845	-0.00000011
5.7896	0.00000100
5.7945	-0.00000159
5.7988	-0.00000025
5.8038	-0.00000000
5.8087	-0.00000164
5.8132	-0.00000171
5.8177	-0.00000031
5.8229	-0.00000004
5.8278	0.00000089
5.8328	0.00000167
5.8378	-0.00000053
5.8424	-0.00000090
5.8473	-0.00000066
5.8524	-0.00000012
5.8576	0.00000079
5.8627	0.00000020
5.8676	-0.00000001
5.8726	0.00000003
5.8777	-0.00000133
5.8827	-0.00000068
5.8870	0.00000066
5.8915	0.00000030
5.8967	-0.00000217
5.9013	-0.00000092
5.9058	-0.00000153
5.9104	-0.00000027
5.9155	-0.00000143
5.9205	-0.00000138
5.9254	-0.00000241
5.9305	-0.00000067
5.9354	0.00000093
5.9404	0.00000333
5.9454	0.00000023
5.9504	0.00000024
5.9548	0.00000004
5.9590	-0.00000071
5.9639	-0.00000115
5.9688	-0.00000161
5.9731	0.00000015
5.9782	-0.00000132
5.9832	-0.00000147
5.9875	-0.00000228
5.9923	-0.00000079
5.9965	-0.00000055
6.0006	-0.00000151
6.0057	-0.00000227
6.0107	-0.00000094
6.0157	-0.00000112
6.0200	-0.00000322
6.0243	-0.00000147
6.0292	-0.00000119
6.0342	0.00000002
6.0385	-0.00000004
6.0429	0.00000056
6.0471	0.00000070
6.0522	-0.00000030
6.0573	0.00000150
6.0625	0.00000092
6.0673	0.00000066
6.0723	0.00000166
6.0766	0.00000164
6.0816	0.00000261
6.0866	0.00000255
6.0914	0.00000242
6.0965	0.00000259
6.1015	0.00000103
6.1065	0.00000161
6.1109	0.00000211
6.1152	0.00000259
6.1203	0.00000205
6.1252	0.00000316
6.1296	0.00000205
6.1345	0.00000206
6.1395	0.00000087
6.1444	0.00000131
6.1486	0.00000160
6.1535	0.00000152
6.1578	0.00000078
6.1628	0.00000021
6.1678	0.00000002
6.1720	-0.00000071
6.1766	-0.00000165
6.1807	-0.00000055
6.1857	-0.00000058
6.1907	0.00000006
6.1959	0.00000054
6.2005	0.00000018
6.2047	0.00000063
6.2099	-0.00000077
6.2145	0.00000093
6.2195	0.00000100
6.2239	0.00000290
6.2290	0.00000370
6.2334	0.00000200
6.2383	0.00000278
6.2434	0.00000291
6.2485	0.00000212
6.2528	0.00000186
6.2569	0.00000110
6.2618	0.00000215
6.2668	0.00000224
6.2718	0.00000304
6.2768	0.00000212
6.2818	0.00000068
6.2860	0.00000130
6.2910	0.00000102
6.2961	-0.00000009
6.3002	0.00000053
6.3052	0.00000122
6.3102	0.00000162
6.3145	0.00000021
6.3196	0.00000006
6.3245	-0.00000086
6.3298	0.00000173
6.3347	-0.00000008
6.3398	0.00000003
6.3447	0.00000039
6.3499	0.00000068
6.3549	0.00000004
6.3597	0.00000076
6.3648	0.00000088
6.3694	0.00000038
6.3745	-0.00000038
6.3794	-0.00000069
6.3845	-0.00000050
6.3888	-0.00000032
6.3936	-0.00000110
6.3978	-0.00000177
6.4019	-0.00000160
6.4070	-0.00000076
6.4115	-0.00000089
6.4157	-0.00000169
6.4206	-0.00000273
6.4256	-0.00000055
6.4307	-0.00000059
6.4356	0.00000081
6.4408	-0.00000038
6.4457	0.00000039
6.4508	0.00000012
6.4557	-0.00000093
6.4608	-0.00000175
6.4659	-0.00000169
6.4705	0.00000107
6.4748	0.00000142
6.4798	0.00000205
6.4849	0.00000282
6.4900	0.00000200
6.4949	0.00000163
6.5000	0.00000283
6.5052	0.00000081
6.5101	0.00000368
6.5149	0.00000384
6.5199	0.00000310
6.5249	0.00000092
6.5302	-0.00000022
6.5350	-0.00000000
6.5400	-0.00000125
6.5451	-0.00000157
6.5500	-0.00000124
6.5550	-0.00000187
6.5600	-0.00000304
6.5649	-0.00000153
6.5700	-0.00000029
6.5750	0.00000018
6.5799	0.00000086
6.5850	0.00000138
6.5899	0.00000053
6.5950	-0.00000011
6.6000	-0.00000016
6.6050	0.00000000
6.6100	0.00000022
6.6144	-0.00000072
6.6195	0.00000183
6.6245	0.00000191
6.6294	0.00000258
6.6346	0.00000197
6.6395	-0.00000041
6.6445	0.00000130
6.6494	-0.00000198
6.6545	-0.00000093
6.6595	-0.00000258
6.6645	-0.00000095
6.6695	0.00000049
6.6744	-0.00000111
6.6793	-0.00000149
6.6834	-0.00000131
6.6883	-0.00000025
6.6936	-0.00000032
6.6984	-0.00000208
6.7035	-0.00000129
6.7084	-0.00000204
6.7131	0.00000041
6.7181	0.00000118
6.7230	0.00000077
6.7279	0.00000007
6.7329	-0.00000087
6.7380	-0.00000124
6.7431	-0.00000128
6.7476	-0.00000132
6.7517	0.00000058
6.7566	-0.00000024
6.7617	-0.00000099
6.7666	-0.00000037
6.7716	-0.00000014
6.7765	0.00000016
6.7810	0.00000012
6.7859	0.00000091
6.7909	0.00000281
6.7952	0.00000295
6.7996	0.00000309
6.8046	0.00000236
6.8094	0.00000138
6.8143	0.00000292
6.8187	0.00000210
6.8231	0.00000207
6.8282	0.00000178
6.8326	0.00000173
6.8377	0.00000172
6.8424	0.00000170
6.8474	0.00000164
6.8524	0.00000103
6.8574	0.00000165
6.8624	0.00000189
6.8673	0.00000133
6.8724	0.00000153
6.8774	0.00000126
6.8824	0.00000011
6.8876	-0.00000001
6.8918	0.00000132
6.8969	0.00000117
6.9020	-0.00000176
6.9069	-0.00000050
6.9115	-0.00000183
6.9170	-0.00000102
6.9216	-0.00000139
6.9266	-0.00000262
6.9316	-0.00000230
6.9367	-0.00000486
6.9416	-0.00000495
6.9466	-0.00000341
6.9514	-0.00000273
6.9567	-0.00000132
6.9616	-0.00000254
6.9664	-0.00000255
6.9716	-0.00000089
6.9767	-0.00000063
6.9814	-0.00000051
6.9865	-0.00000061
6.9915	-0.00000127
6.9967	-0.00000025
7.0022	0.00000037
7.0068	0.00000184
7.0118	0.00000251
7.0166	0.00000133
7.0216	0.00000152
7.0266	0.00000076
7.0315	0.00000096
7.0365	-0.00000003
7.0414	0.00000050
7.0466	-0.00000206
7.0515	-0.00000197
7.0565	-0.00000077
7.0615	-0.00000128
7.0665	-0.00000151
7.0716	-0.00000202
7.0760	-0.00000196
7.0811	-0.00000241
7.0857	-0.00000188
7.0908	-0.00000156
7.0958	-0.00000334
7.1008	-0.00000314
7.1061	-0.00000261
7.1111	-0.00000249
7.1159	-0.00000199
7.1207	-0.00000212
7.1259	-0.00000297
7.1308	-0.00000216
7.1359	-0.00000076
7.1408	-0.00000081
7.1452	-0.00000032
7.1502	-0.00000129
7.1553	-0.00000063
7.1602	-0.00000117
7.1652	-0.00000183
7.1702	-0.00000129
7.1750	-0.00000060
7.1802	0.00000006
7.1851	-0.00000152
7.1901	-0.00000193
7.1952	-0.00000041
7.2001	-0.00000111
7.2051	0.00000043
7.2104	0.00000013
7.2150	0.00000091
7.2200	-0.00000097
7.2249	-0.00000019
7.2300	-0.00000249
7.2351	-0.00000135
7.2401	-0.00000246
7.2451	-0.00000194
7.2500	-0.00000299
7.2552	-0.00000171
7.2602	-0.00000200
7.2651	-0.00000200
7.2700	-0.00000299
7.2751	-0.00000288
7.2800	-0.00000255
7.2851	-0.00000335
7.2902	-0.00000326
7.2951	-0.00000110
7.3003	-0.00000073
7.3053	-0.00000055
7.3103	0.00000072
7.3149	0.00000015
7.3200	0.00000174
7.3248	0.00000229
7.3300	0.00000094
7.3350	0.00000044
7.3400	0.00000019
7.3468	-0.00000019
7.3520	-0.00000031
7.3586	-0.00000115
7.3628	-0.00000117
7.3681	-0.00000003
7.3729	0.00000019
7.3780	0.00000143
7.3831	0.00000010
7.3879	0.00000001
7.3929	0.00000113
7.3980	0.00000024
7.4033	0.00000088
7.4080	0.00000057
7.4131	0.00000069
7.4179	0.00000133
7.4226	0.00000080
7.4276	0.00000026
7.4332	0.00000138
7.4374	0.00000065
7.4473	-0.00000043
7.4571	-0.00000056
7.4669	-0.00000205
7.4721	-0.00000181
7.4772	-0.00000159
7.4822	-0.00000216
7.4882	-0.00000294
7.4983	-0.00000202
7.5073	-0.00000089
7.5146	-0.00000049
7.5203	-0.00000086
7.5251	-0.00000105
7.5297	0.00000084
7.5376	0.00000043
7.5576	0.00000075
7.5637	0.00000062
7.5726	0.00000037
7.5871	0.00000176
7.5944	0.00000207
7.6046	0.00000142
7.6146	0.00000010
7.6207	0.00000133
7.6306	0.00000090
7.6400	0.00000179
7.6478	0.00000090
7.6568	0.00000183
7.6657	0.00000139
7.6726	0.00000180
7.6902	0.00000169
7.6957	0.00000129
7.7030	0.00000266
7.7087	0.00000202
7.7143	0.00000151
7.7206	0.00000101
7.7256	-0.00000118
7.7304	-0.00000109
7.7356	-0.00000060
7.7405	0.00000117
7.7454	0.00000036
7.7506	0.00000187
7.7555	-0.00000067
7.7604	-0.00000169
7.7656	-0.00000126
7.7832	-0.00000141
7.7883	-0.00000167
7.7935	-0.00000191
7.8012	-0.00000280
7.8063	-0.00000299
7.8113	-0.00000218
7.8159	-0.00000044
7.8217	-0.00000124
7.8290	-0.00000233
7.8341	-0.00000160
7.8390	-0.00000059
7.8438	-0.00000137
7.8489	-0.00000050
7.8587	0.00000038
7.8657	-0.00000020
7.8706	0.00000227
7.8750	0.00000152
7.8800	0.00000084
7.8853	-0.00000105
7.8902	-0.00000099
7.8950	-0.00000088
7.8996	-0.00000109
7.9043	-0.00000073
7.9096	-0.00000061
7.9152	-0.00000071
7.9214	-0.00000010
7.9364	-0.00000053
7.9494	-0.00000012
7.9540	-0.00000088
7.9684	-0.00000191
7.9733	-0.00000143
7.9899	-0.00000129
7.9977	-0.00000030
8.0035	-0.00000031
8.0081	0.00000238
8.0232	0.00000336
8.0344	0.00000259
8.0393	0.00000182
8.0444	0.00000137
8.0500	0.00000050
8.0556	-0.00000031
8.0621	-0.00000066
8.0668	0.00000048
8.0730	-0.00000006
8.0826	-0.00000042
8.0899	-0.00000160
8.1009	-0.00000122
8.1058	-0.00000144
8.1135	-0.00000229
8.1185	-0.00000265
8.1285	-0.00000330
8.1345	-0.00000314
8.1397	-0.00000328
8.1645	-0.00000289
8.1732	-0.00000106
8.1843	0.00000001
8.1898	0.00000130
8.1985	-0.00000087
8.2065	-0.00000079
8.2116	-0.00000057
8.2171	-0.00000075
8.2213	-0.00000137
8.2325	-0.00000104
8.2398	-0.00000262
8.2450	-0.00000194
8.2510	-0.00000246
8.2566	-0.00000128
8.2702	-0.00000124
8.2753	-0.00000144
8.2828	0.00000075
8.2922	-0.00000053
8.3018	-0.00000066
8.3065	0.00000035
8.3138	0.00000054
8.3193	-0.00000104
8.3241	-0.00000035
8.3291	0.00000067
8.3341	0.00000200
8.3416	0.00000249
8.3462	0.00000241
8.3542	0.00000401
8.3599	0.00000174
8.3664	0.00000130
8.3717	0.00000238
8.3796	0.00000252
8.3847	0.00000466
8.3898	0.00000426
8.4032	0.00000087
8.4165	-0.00000105
8.4233	-0.00000083
8.4279	-0.00000009
8.4336	0.00000007
8.4379	-0.00000003
8.4517	-0.00000002
8.4560	0.00000022
8.4602	-0.00000023
8.4644	0.00000182
8.4690	-0.00000031
8.4741	0.00000005
8.4790	0.00000159
8.4841	0.00000341
8.4886	0.00000402
8.4930	0.00000441
8.4977	0.00000311
8.5029	0.00000342
8.5080	0.00000312
8.5129	0.00000109
8.5182	0.00000057
8.5231	0.00000243
8.5276	0.00000106
8.5321	0.00000022
8.5372	-0.00000040
8.5425	0.00000065
8.5475	0.00000141
8.5524	0.00000060
8.5576	-0.00000099
8.5627	-0.00000115
8.5678	-0.00000166
8.5723	-0.00000299
8.5765	-0.00000191
8.5809	-0.00000327
8.5863	-0.00000297
8.5912	-0.00000353
8.5956	-0.00000340
8.5998	-0.00000151
8.6046	-0.00000119
8.6096	-0.00000152
8.6142	-0.00000157
8.6188	-0.00000151
8.6238	-0.00000202
8.6288	-0.00000330
8.6338	-0.00000263
8.6387	-0.00000186
8.6438	-0.00000048
8.6484	-0.00000027
8.6535	-0.00000022
8.6578	0.00000045
8.6629	-0.00000046
8.6679	-0.00000034
8.6728	0.00000065
8.6772	0.00000011
8.6825	-0.00000139
8.6877	-0.00000050
8.6928	-0.00000180
8.6970	-0.00000226
8.7019	-0.00000344
8.7070	-0.00000136
8.7118	-0.00000282
8.7165	-0.00000160
8.7210	-0.00000320
8.7266	-0.00000271
8.7313	-0.00000238
8.7365	-0.00000153
8.7412	-0.00000196
8.7463	-0.00000170
8.7512	-0.00000286
8.7562	-0.00000198
8.7613	-0.00000191
8.7664	-0.00000088
8.7715	0.00000112
8.7758	-0.00000202
8.7808	-0.00000043
8.7857	-0.00000183
8.7907	0.00000014
8.7958	-0.00000035
8.8009	0.00000071
8.8060	0.00000000
8.8109	0.00000107
8.8160	0.00000218
8.8214	0.00000035
8.8261	0.00000005
8.8311	-0.00000134
8.8363	0.00000002
8.8412	-0.00000047
8.8463	0.00000079
8.8511	0.00000024
8.8560	0.00000136
8.8612	0.00000224
8.8662	-0.00000017
8.8712	0.00000083
8.8761	0.00000027
8.8812	-0.00000002
8.8861	-0.00000230
8.8912	-0.00000289
8.8962	-0.00000078
8.9012	-0.00000167
8.9060	-0.00000082
8.9112	-0.00000163
8.9162	-0.00000021
8.9210	0.00000003
8.9258	-0.00000022
8.9310	-0.00000130
8.9361	-0.00000183
8.9408	0.00000051
8.9460	-0.00000018
8.9510	0.00000157
8.9565	-0.00000045
8.9617	-0.00000194
8.9668	-0.00000080
8.9719	0.00000059
8.9770	0.00000058
8.9818	-0.00000037
8.9861	0.00000070
8.9908	0.00000173
8.9952	0.00000082
9.0002	-0.00000066
9.0054	0.00000072
9.0100	0.00000000
9.0150	0.00000099
9.0192	0.00000124
9.0243	0.00000083
9.0293	0.00000014
9.0345	-0.00000075
9.0396	-0.00000108
9.0439	-0.00000183
9.0482	-0.00000115
9.0525	-0.00000046
9.0576	-0.00000044
9.0626	-0.00000060
9.0676	-0.00000111
9.0725	-0.00000310
9.0776	-0.00000201
9.0826	-0.00000259
9.0878	-0.00000110
9.0930	-0.00000293
9.0975	-0.00000305
9.1021	-0.00000343
9.1072	-0.00000256
9.1120	-0.00000209
9.1169	-0.00000066
9.1215	-0.00000113
9.1265	-0.00000136
9.1315	-0.00000053
9.1365	-0.00000094
9.1410	-0.00000031
9.1459	-0.00000045
9.1509	-0.00000197
9.1560	-0.00000119
9.1611	-0.00000196
9.1663	-0.00000202
9.1713	-0.00000091
9.1764	-0.00000108
9.1808	-0.00000141
9.1864	-0.00000071
9.1911	0.00000020
9.1964	0.00000106
9.2012	-0.00000032
9.2060	-0.00000005
9.2104	-0.00000139
9.2153	-0.00000225
9.2198	-0.00000208
9.2251	-0.00000129
9.2301	-0.00000111
9.2354	-0.00000112
9.2404	-0.00000199
9.2449	-0.00000212
9.2492	-0.00000019
9.2541	-0.00000013
9.2591	-0.00000073
9.2633	-0.00000037
9.2682	0.00000094
9.2733	0.00000143
9.2775	0.00000356
9.2828	0.00000342
9.2872	0.00000409
9.2922	0.00000196
9.2968	0.00000133
9.3018	0.00000048
9.3068	-0.00000003
9.3119	-0.00000052
9.3167	0.00000063
9.3212	0.00000183
9.3257	0.00000411
9.3306	0.00000407
9.3354	0.00000250
9.3401	0.00000013
9.3448	0.00000047
9.3491	0.00000146
9.3541	-0.00000013
9.3590	-0.00000051
9.3640	0.00000062
9.3691	-0.00000082
9.3733	0.00000040
9.3777	0.00000013
9.3826	0.00000147
9.3878	0.00000309
9.3923	0.00000293
9.3974	0.00000327
9.4021	0.00000327
9.4071	0.00000243
9.4123	0.00000119
9.4175	0.00000138
9.4221	0.00000160
9.4271	0.00000095
9.4321	0.00000094
9.4371	0.00000195
9.4421	0.00000342
9.4471	0.00000381
9.4521	0.00000228
9.4571	0.00000104
9.4621	-0.00000003
9.4669	0.00000013
9.4718	0.00000022
9.4762	0.00000017
9.4807	0.00000200
9.4858	-0.00000101
9.4909	0.00000003
9.4957	-0.00000205
9.5007	-0.00000276
9.5056	-0.00000209
9.5110	-0.00000236
9.5157	-0.00000123
9.5207	-0.00000032
9.5255	-0.00000062
9.5304	0.00000030
9.5353	-0.00000119
9.5404	-0.00000059
9.5449	-0.00000151
9.5500	-0.00000254
9.5550	-0.00000320
9.5603	-0.00000305
9.5646	-0.00000216
9.5696	-0.00000159
9.5748	-0.00000231
9.5799	-0.00000348
9.5848	-0.00000170
9.5897	-0.00000093
9.5949	-0.00000125
9.5998	-0.00000067
9.6048	-0.00000056
9.6099	-0.00000075
9.6144	-0.00000148
9.6193	-0.00000198
9.6241	-0.00000305
9.6290	-0.00000112
9.6340	-0.00000073
9.6384	0.00000006
9.6427	0.00000104
9.6472	0.00000273
9.6524	0.00000191
9.6573	0.00000111
9.6623	-0.00000109
9.6673	-0.00000115
9.6723	-0.00000225
9.6773	-0.00000134
9.6823	-0.00000148
9.6873	-0.00000117
9.6924	-0.00000086
9.6970	0.00000087
9.7014	-0.00000037
9.7064	-0.00000203
9.7116	-0.00000049
9.7166	0.00000105
9.7211	0.00000038
9.7261	0.00000102
9.7312	-0.00000087
9.7361	-0.00000069
9.7412	-0.00000095
9.7462	0.00000033
9.7511	-0.00000061
9.7560	-0.00000067
9.7610	-0.00000278
9.7661	-0.00000415
9.7711	-0.00000313
9.7761	-0.00000303
9.7812	-0.00000214
9.7862	-0.00000069
9.7912	-0.00000065
9.7963	0.00000089
9.8013	-0.00000002
9.8062	0.00000080
9.8104	0.00000011
9.8154	-0.00000036
9.8204	-0.00000199
9.8251	-0.00000102
9.8302	-0.00000091
9.8352	-0.00000040
9.8402	-0.00000067
9.8452	-0.00000027
9.8502	0.00000311
9.8551	0.00000298
9.8601	0.00000298
9.8652	0.00000258
9.8701	0.00000111
9.8752	0.00000154
9.8802	0.00000092
9.8852	0.00000133
9.8902	0.00000136
9.8952	-0.00000040
9.9002	-0.00000010
9.9052	0.00000172
9.9103	0.00000004
9.9153	0.00000056
9.9203	0.00000012
9.9249	-0.00000117
9.9300	0.00000076
9.9350	0.00000158
9.9400	0.00000235
9.9450	0.00000184
9.9500	0.00000139
9.9550	0.00000205
9.9600	0.00000076
9.9650	-0.00000058
9.9700	0.00000066
9.9750	0.00000019
9.9800	-0.00000006
9.9850	-0.00000066
9.9900	0.00000005
9.9950	0.00000125
10.0000	0.00000151
10.0049	0.00000091
10.0101	0.00000061
10.0151	0.00000100
10.0200	0.00000236
10.0247	0.00000233
10.0297	0.00000337
10.0347	0.00000278
10.0397	0.00000172
10.0447	0.00000113
10.0498	0.00000076
10.0549	-0.00000011
10.0597	0.00000025
10.0647	-0.00000096
10.0696	-0.00000046
10.0747	0.00000016
10.0797	-0.00000036
10.0847	0.00000040
10.0897	0.00000020
10.0947	-0.00000086
10.0997	-0.00000161
10.1048	-0.00000133
10.1099	-0.00000238
10.1149	-0.00000169
10.1197	-0.00000062
10.1247	0.00000004
10.1297	0.00000128
10.1347	-0.00000004
10.1395	-0.00000012
10.1447	-0.00000173
10.1497	-0.00000060
10.1546	0.00000037
10.1595	0.00000284
10.1645	0.00000155
10.1694	-0.00000082
10.1744	-0.00000291
10.1794	-0.00000098
10.1844	0.00000048
10.1894	0.00000024
10.1944	-0.00000136
10.1996	-0.00000271
10.2040	-0.00000181
10.2088	-0.00000156
10.2137	-0.00000036
10.2188	-0.00000043
10.2238	-0.00000038
10.2290	0.00000052
10.2338	0.00000058
10.2388	0.00000075
10.2442	0.00000004
10.2492	0.00000022
10.2542	0.00000112
10.2592	0.00000179
10.2642	0.00000008
10.2693	-0.00000059
10.2742	-0.00000030
10.2792	-0.00000093
10.2842	-0.00000141
10.2892	-0.00000110
10.2942	-0.00000015
10.2992	0.00000017
10.3043	-0.00000100
10.3092	0.00000000
10.3143	0.00000014
10.3193	0.00000036
10.3239	0.00000041
10.3289	0.00000199
10.3339	0.00000233
10.3389	-0.00000095
10.3439	-0.00000042
10.3489	-0.00000128
10.3541	-0.00000165
10.3589	-0.00000277
10.3639	-0.00000250
10.3689	-0.00000289
10.3739	-0.00000148
10.3791	-0.00000079
10.3840	-0.00000156
10.3889	-0.00000007
10.3939	0.00000077
10.3988	0.00000017
10.4032	0.00000032
10.4079	0.00000041
10.4130	0.00000126
10.4180	0.00000003
10.4230	0.00000131
10.4276	0.00000096
10.4326	0.00000059
10.4375	0.00000196
10.4426	0.00000085
10.4476	0.00000118
10.4526	-0.00000087
10.4576	-0.00000079
10.4627	-0.00000294
10.4676	-0.00000299
10.4725	-0.00000112
10.4776	-0.00000189
10.4826	-0.00000316
10.4876	-0.00000291
10.4926	-0.00000116
10.4975	0.00000078
10.5027	0.00000073
10.5077	0.00000259
10.5128	0.00000278
10.5178	0.00000195
10.5234	0.00000264
10.5285	0.00000260
10.5334	0.00000242
10.5384	0.00000179
10.5435	0.00000228
10.5485	0.00000409
10.5535	0.00000252
10.5585	0.00000204
10.5635	0.00000106
10.5684	-0.00000060
10.5735	-0.00000101
10.5785	-0.00000149
10.5835	-0.00000077
10.5885	-0.00000080
10.5935	0.00000006
10.5985	-0.00000098
10.6035	-0.00000106
10.6085	-0.00000124
10.6137	-0.00000030
10.6189	0.00000045
10.6237	0.00000166
10.6285	0.00000268
10.6335	0.00000253
10.6385	0.00000141
10.6435	-0.00000026
10.6485	-0.00000119
10.6535	0.00000051
10.6585	-0.00000051
10.6634	0.00000016
10.6684	0.00000028
10.6735	0.00000033
10.6783	-0.00000021
10.6835	-0.00000106
10.6885	-0.00000170
10.6934	0.00000062
10.6985	0.00000020
10.7034	-0.00000086
10.7084	-0.00000125
10.7135	-0.00000132
10.7187	-0.00000321
10.7241	-0.00000257
10.7288	-0.00000204
10.7337	-0.00000247
10.7387	-0.00000055
10.7437	-0.00000019
10.7487	0.00000068
10.7536	0.00000177
10.7587	0.00000100
10.7637	-0.00000048
10.7687	0.00000157
10.7738	0.00000085
10.7787	0.00000097
10.7837	-0.00000052
10.7890	-0.00000115
10.7937	-0.00000042
10.7987	0.00000147
10.8038	0.00000146
10.8087	0.00000120
10.8138	0.00000328
10.8188	0.00000292
10.8244	0.00000351
10.8295	0.00000349
10.8345	0.00000222
10.8394	0.00000227
10.8444	0.00000241
10.8494	0.00000220
10.8544	0.00000353
10.8595	0.00000127
10.8645	0.00000174
10.8694	0.00000103
10.8744	-0.00000037
10.8794	-0.00000107
10.8845	0.00000062
10.8894	-0.00000108
10.8945	-0.00000356
10.8995	-0.00000196
10.9044	-0.00000225
10.9094	-0.00000167
10.9136	-0.00000048
10.9186	-0.00000081
10.9236	-0.00000073
10.9283	-0.00000180
10.9333	-0.00000089
10.9382	-0.00000167
10.9433	-0.00000194
10.9483	-0.00000050
10.9533	-0.00000040
10.9583	-0.00000030
10.9633	0.00000081
10.9682	0.00000126
10.9733	0.00000178
10.9783	0.00000164
10.9833	0.00000196
10.9883	0.00000207
10.9933	0.00000216
10.9983	0.00000197
11.0034	0.00000383
11.0083	0.00000333
11.0124	0.00000338
11.0174	0.00000261
11.0224	0.00000287
11.0272	0.00000358
11.0322	0.00000328
11.0372	0.00000134
11.0422	0.00000167
11.0472	0.00000226
11.0522	0.00000059
11.0572	0.00000098
11.0622	0.00000167
11.0672	0.00000406
11.0721	0.00000419
11.0772	0.00000230
11.0822	0.00000381
11.0872	0.00000354
11.0922	0.00000228
11.0972	0.00000165
11.1022	0.00000183
11.1072	0.00000117
11.1123	-0.00000104
11.1173	0.00000147
11.1222	0.00000125
11.1270	0.00000091
11.1320	-0.00000004
11.1370	0.00000031
11.1420	0.00000071
11.1470	-0.00000187
11.1520	-0.00000077
11.1570	-0.00000098
11.1620	-0.00000159
11.1670	-0.00000147
11.1719	-0.00000181
11.1760	0.00000050
11.1810	0.00000122
11.1860	0.00000034
11.1910	0.00000068
11.1960	-0.00000050
11.2010	-0.00000176
11.2061	-0.00000031
11.2111	-0.00000139
11.2161	-0.00000118
11.2211	-0.00000052
11.2259	0.00000167
11.2309	0.00000215
11.2352	0.00000131
11.2397	0.00000365
11.2447	0.00000412
11.2496	0.00000228
11.2545	0.00000280
11.2586	0.00000309
11.2636	0.00000242
11.2686	0.00000099
11.2736	0.00000128
11.2786	-0.00000048
11.2837	0.00000076
11.2885	0.00000030
11.2936	0.00000071
11.2986	-0.00000060
11.3036	0.00000007
11.3086	0.00000066
11.3127	0.00000246
11.3177	0.00000242
11.3228	0.00000242
11.3275	0.00000231
11.3325	0.00000096
11.3375	-0.00000082
11.3425	-0.00000128
11.3475	0.00000068
11.3525	0.00000072
11.3575	0.00000128
11.3625	0.00000211
11.3675	0.00000087
11.3725	0.00000180
11.3775	0.00000209
11.3825	0.00000199
11.3875	0.00000119
11.3925	0.00000088
11.3975	0.00000153
11.4025	0.00000225
11.4075	0.00000188
11.4126	0.00000091
11.4176	0.00000029
11.4226	-0.00000007
11.4274	-0.00000021
11.4324	-0.00000132
11.4374	-0.00000210
11.4424	-0.00000122
11.4474	-0.00000107
11.4523	-0.00000134
11.4574	-0.00000086
11.4624	-0.00000137
11.4674	-0.00000221
11.4715	-0.00000063
11.4764	-0.00000084
11.4814	-0.00000026
11.4864	-0.00000031
11.4914	-0.00000003
11.4964	-0.00000043
11.5014	0.00000023
11.5064	0.00000203
11.5105	0.00000211
11.5155	0.00000375
11.5205	0.00000372
11.5251	0.00000119
11.5292	0.00000091
11.5342	0.00000054
11.5392	0.00000118
11.5442	0.00000015
11.5492	0.00000008
11.5543	0.00000012
11.5592	0.00000179
11.5642	0.00000049
11.5691	0.00000128
11.5732	0.00000076
11.5782	0.00000048
11.5832	0.00000178
11.5881	0.00000099
11.5923	0.00000032
11.5973	-0.00000094
11.6023	-0.00000045
11.6073	-0.00000049
11.6124	-0.00000139
11.6174	-0.00000111
11.6224	0.00000102
11.6271	0.00000089
11.6321	0.00000138
11.6371	0.00000028
11.6421	0.00000110
11.6471	0.00000109
11.6521	0.00000109
11.6570	0.00000081
11.6621	0.00000125
11.6670	0.00000034
11.6720	-0.00000021
11.6770	0.00000038
11.6820	0.00000260
11.6870	0.00000236
11.6911	0.00000076
11.6961	0.00000171
11.7011	0.00000139
11.7061	0.00000182
11.7112	0.00000060
11.7162	0.00000046
11.7212	0.00000039
11.7260	-0.00000041
11.7310	-0.00000013
11.7360	0.00000074
11.7409	0.00000145
11.7450	0.00000053
11.7500	0.00000018
11.7548	0.00000196
11.7590	0.00000073
11.7640	0.00000206
11.7690	0.00000221
11.7740	0.00000157
11.7790	0.00000030
11.7840	-0.00000101
11.7891	-0.00000258
11.7940	-0.00000246
11.7990	-0.00000245
11.8040	-0.00000213
11.8091	-0.00000011
11.8141	-0.00000032
11.8191	-0.00000059
11.8242	-0.00000031
11.8288	-0.00000143
11.8338	-0.00000031
11.8387	-0.00000115
11.8437	0.00000031
11.8487	-0.00000136
11.8538	0.00000152
11.8588	0.00000190
11.8637	0.00000128
11.8688	0.00000143
11.8738	-0.00000007
11.8789	0.00000105
11.8840	0.00000166
11.8890	0.00000209
11.8940	0.00000254
11.8990	0.00000440
11.9040	0.00000289
11.9090	0.00000049
11.9139	-0.00000007
11.9184	-0.00000110
11.9236	-0.00000196
11.9280	-0.00000216
11.9330	-0.00000081
11.9380	-0.00000178
11.9430	-0.00000097
11.9480	-0.00000071
11.9530	-0.00000032
11.9582	0.00000052
11.9632	0.00000213
11.9682	0.00000210
11.9732	0.00000089
11.9781	0.00000142
11.9831	-0.00000003
11.9881	0.00000018
11.9931	0.00000026
11.9981	-0.00000084
12.0031	-0.00000078
12.0081	-0.00000068
12.0131	0.00000054
12.0181	-0.00000002
12.0231	-0.00000094
12.0277	-0.00000157
12.0326	0.00000034
12.0376	0.00000006
12.0426	0.00000006
12.0475	-0.00000090
12.0526	-0.00000247
12.0576	-0.00000246
12.0626	-0.00000184
12.0676	-0.00000024
12.0727	0.00000071
12.0776	0.00000166
12.0826	-0.00000029
12.0877	-0.00000143
12.0927	-0.00000041
12.0977	0.00000029
12.1027	-0.00000183
12.1077	-0.00000114
12.1128	0.00000216
12.1178	0.00000066
12.1228	-0.00000113
12.1275	0.00000139
12.1325	0.00000010
12.1375	-0.00000029
12.1425	-0.00000147
12.1475	0.00000079
12.1525	-0.00000009
12.1575	-0.00000000
12.1624	-0.00000106
12.1675	0.00000058
12.1724	-0.00000125
12.1775	-0.00000136
12.1826	-0.00000042
12.1872	-0.00000008
12.1922	-0.00000269
12.1971	-0.00000171
12.2024	-0.00000143
12.2071	0.00000136
12.2122	0.00000250
12.2172	0.00000042
12.2224	-0.00000006
12.2269	0.00000165
12.2319	0.00000114
12.2369	0.00000126
12.2419	0.00000132
12.2469	0.00000143
12.2519	0.00000039
12.2568	-0.00000046
12.2614	-0.00000161
12.2663	-0.00000063
12.2712	0.00000081
12.2764	-0.00000081
12.2812	-0.00000201
12.2858	-0.00000039
12.2907	-0.00000128
12.2956	-0.00000067
12.3005	0.00000002
12.3056	-0.00000122
12.3107	-0.00000027
12.3156	-0.00000114
12.3207	-0.00000059
12.3258	-0.00000144
12.3304	-0.00000155
12.3354	-0.00000056
12.3405	-0.00000153
12.3455	-0.00000120
12.3505	-0.00000194
12.3554	-0.00000027
12.3605	-0.00000073
12.3654	-0.00000026
12.3704	-0.00000076
12.3755	-0.00000044
12.3804	-0.00000188
12.3854	-0.00000215
12.3904	-0.00000247
12.3954	-0.00000238
12.4004	-0.00000087
12.4055	-0.00000023
12.4105	-0.00000108
12.4155	-0.00000118
12.4205	-0.00000247
12.4261	-0.00000121
12.4311	0.00000039
12.4361	0.00000131
12.4411	0.00000043
12.4461	0.00000003
12.4511	0.00000208
12.4561	-0.00000032
12.4611	-0.00000012
12.4661	-0.00000049
12.4711	0.00000019
12.4762	0.00000029
12.4812	0.00000040
12.4862	-0.00000074
12.4910	-0.00000108
12.4962	-0.00000123
12.5011	-0.00000084
12.5062	0.00000022
12.5111	-0.00000043
12.5163	-0.00000077
12.5211	-0.00000159
12.5262	-0.00000183
12.5305	-0.00000122
12.5352	-0.00000017
12.5402	0.00000080
12.5445	0.00000085
12.5496	0.00000002
12.5546	-0.00000213
12.5595	-0.00000119
12.5646	-0.00000059
12.5696	0.00000011
12.5746	-0.00000013
12.5799	-0.00000001
12.5848	-0.00000110
12.5898	-0.00000018
12.5946	-0.00000125
12.5991	-0.00000131
12.6034	-0.00000114
12.6085	-0.00000114
12.6129	0.00000176
12.6173	0.00000189
12.6229	0.00000265
12.6274	0.00000172
12.6326	0.00000128
12.6373	-0.00000001
12.6426	-0.00000009
12.6476	-0.00000076
12.6526	-0.00000013
12.6576	-0.00000026
12.6625	0.00000152
12.6676	0.00000155
12.6727	0.00000236
12.6776	0.00000192
12.6826	0.00000160
12.6875	0.00000283
12.6928	0.00000281
12.6976	0.00000030
12.7018	0.00000022
12.7068	0.00000083
12.7118	0.00000017
12.7168	0.00000020
12.7212	-0.00000196
12.7262	-0.00000149
12.7307	0.00000044
12.7353	-0.00000010
12.7403	0.00000195
12.7452	0.00000110
12.7494	0.00000159
12.7538	0.00000277
12.7587	0.00000367
12.7638	0.00000047
12.7687	0.00000011
12.7737	-0.00000060
12.7782	-0.00000064
12.7830	-0.00000150
12.7880	-0.00000016
12.7930	-0.00000108
12.7981	0.00000031
12.8023	-0.00000164
12.8072	-0.00000123
12.8115	-0.00000092
12.8163	0.00000034
12.8213	-0.00000052
12.8263	0.00000093
12.8310	0.00000256
12.8360	0.00000321
12.8412	0.00000249
12.8459	0.00000233
12.8510	0.00000179
12.8560	0.00000116
12.8610	0.00000092
12.8660	0.00000146
12.8709	0.00000095
12.8760	0.00000087
12.8812	-0.00000013
12.8861	-0.00000097
12.8910	0.00000013
12.8962	-0.00000068
12.9011	-0.00000159
12.9061	-0.00000117
12.9110	-0.00000141
12.9160	-0.00000089
12.9210	0.00000089
12.9266	-0.00000038
12.9317	0.00000041
12.9367	-0.00000142
12.9417	-0.00000087
12.9466	-0.00000227
12.9516	0.00000063
12.9567	-0.00000004
12.9616	-0.00000005
12.9666	0.00000059
12.9717	0.00000073
12.9766	-0.00000041
12.9815	0.00000141
12.9865	0.00000284
12.9916	0.00000208
12.9960	0.00000074
13.0008	0.00000096
13.0060	0.00000026
13.0109	-0.00000048
13.0152	0.00000076
13.0202	0.00000051
13.0252	-0.00000015
13.0297	0.00000030
13.0350	-0.00000051
13.0399	-0.00000098
13.0449	-0.00000132
13.0499	-0.00000230
13.0549	-0.00000087
13.0599	0.00000058
13.0651	0.00000023
13.0701	0.00000060
13.0751	0.00000035
13.0801	0.00000249
13.0850	0.00000201
13.0901	0.00000213
13.0951	0.00000306
13.1001	0.00000144
13.1050	0.00000178
13.1094	0.00000230
13.1145	0.00000151
13.1195	0.00000131
13.1244	0.00000141
13.1290	0.00000158
13.1342	0.00000262
13.1390	0.00000360
13.1441	0.00000285
13.1491	0.00000143
13.1539	0.00000042
13.1590	-0.00000069
13.1640	-0.00000117
13.1690	-0.00000167
13.1740	-0.00000150
13.1790	-0.00000161
13.1840	-0.00000157
13.1890	-0.00000030
13.1940	-0.00000019
13.1990	0.00000176
13.2040	0.00000118
13.2089	0.00000067
13.2133	-0.00000099
13.2183	-0.00000033
13.2231	-0.00000279
13.2276	-0.00000307
13.2326	-0.00000182
13.2375	-0.00000229
13.2426	-0.00000183
13.2477	-0.00000076
13.2526	-0.00000237
13.2575	-0.00000112
13.2627	0.00000042
13.2675	0.00000127
13.2726	0.00000166
13.2776	0.00000082
13.2830	-0.00000055
13.2878	-0.00000071
13.2920	-0.00000216
13.2970	-0.00000207
13.3021	-0.00000190
13.3070	-0.00000115
13.3123	-0.00000065
13.3172	0.00000070
13.3228	-0.00000069
13.3272	-0.00000094
13.3324	-0.00000144
13.3374	-0.00000150
13.3423	-0.00000165
13.3474	-0.00000126
13.3523	-0.00000174
13.3573	-0.00000167
13.3623	-0.00000278
13.3673	-0.00000299
13.3722	-0.00000285
13.3772	-0.00000351
13.3816	-0.00000312
13.3866	-0.00000314
13.3916	-0.00000141
13.3966	-0.00000309
13.4016	-0.00000322
13.4068	-0.00000370
13.4116	-0.00000477
13.4168	-0.00000305
13.4216	-0.00000282
13.4268	-0.00000161
13.4313	-0.00000246
13.4361	-0.00000220
13.4411	-0.00000056
13.4461	0.00000107
13.4506	0.00000112
13.4557	0.00000233
13.4606	0.00000283
13.4656	0.00000322
13.4701	0.00000382
13.4751	0.00000336
13.4800	0.00000315
13.4851	0.00000111
13.4901	0.00000110
13.4951	0.00000092
13.5001	0.00000156
13.5051	0.00000170
13.5102	0.00000205
13.5151	0.00000309
13.5201	0.00000452
13.5250	0.00000278
13.5297	0.00000373
13.5347	0.00000421
13.5397	0.00000249
13.5447	0.00000207
13.5492	0.00000161
13.5541	0.00000188
13.5585	0.00000208
13.5635	-0.00000014
13.5686	0.00000002
13.5734	-0.00000103
13.5785	0.00000000
13.5836	-0.00000168
13.5886	-0.00000200
13.5936	-0.00000043
13.5985	0.00000100
13.6037	0.00000005
13.6085	-0.00000138
13.6139	-0.00000004
13.6188	0.00000053
13.6237	0.00000165
13.6293	0.00000095
13.6341	0.00000135
13.6382	-0.00000031
13.6432	-0.00000023
13.6482	-0.00000104
13.6532	-0.00000077
13.6584	0.00000069
13.6632	0.00000161
13.6682	0.00000105
13.6732	0.00000065
13.6782	0.00000076
13.6831	-0.00000098
13.6883	-0.00000061
13.6932	-0.00000028
13.6981	-0.00000073
13.7031	-0.00000166
13.7082	-0.00000057
13.7133	-0.00000283
13.7182	-0.00000106
13.7233	-0.00000088
13.7280	-0.00000096
13.7331	0.00000069
13.7381	-0.00000028
13.7431	-0.00000033
13.7480	-0.00000121
13.7529	-0.00000061
13.7579	-0.00000141
13.7626	-0.00000097
13.7675	-0.00000124
13.7718	-0.00000088
13.7766	-0.00000045
13.7809	-0.00000081
13.7861	-0.00000143
13.7911	0.00000020
13.7960	-0.00000133
13.8010	-0.00000034
13.8061	-0.00000067
13.8109	-0.00000136
13.8160	-0.00000156
13.8212	-0.00000032
13.8262	0.00000047
13.8307	0.00000077
13.8359	0.00000151
13.8408	0.00000170
13.8457	0.00000160
13.8507	0.00000212
13.8556	0.00000180
13.8599	0.00000015
13.8648	-0.00000097
13.8698	-0.00000032
13.8746	-0.00000210
13.8797	-0.00000066
13.8847	-0.00000017
13.8897	0.00000049
13.8949	-0.00000001
13.8998	-0.00000064
13.9046	0.00000133
13.9097	0.00000366
13.9148	0.00000289
13.9197	0.00000238
13.9242	0.00000215
13.9294	0.00000290
13.9344	0.00000148
13.9394	0.00000238
13.9444	0.00000198
13.9495	0.00000310
13.9546	0.00000193
13.9597	0.00000054
13.9647	-0.00000014
13.9696	0.00000213
13.9746	-0.00000002
13.9794	-0.00000090
13.9845	-0.00000130
13.9944	-0.00000180
13.9994	-0.00000128
14.0071	-0.00000010
14.0146	-0.00000013
14.0195	-0.00000217
14.0245	-0.00000251
14.0291	-0.00000102
14.0343	-0.00000087
14.0394	-0.00000148
14.0444	0.00000082
14.0492	0.00000092
14.0543	0.00000032
14.0624	0.00000022
14.0692	0.00000006
14.0741	0.00000059
14.0791	0.00000188
14.0859	0.00000235
14.0901	0.00000257
14.0952	0.00000086
14.1002	0.00000031
14.1052	0.00000040
14.1101	-0.00000040
14.1156	-0.00000199
14.1201	-0.00000109
14.1256	-0.00000264
14.1302	-0.00000039
14.1353	-0.00000098
14.1403	-0.00000229
14.1461	-0.00000309
14.1527	-0.00000227
14.1584	-0.00000271
14.1629	-0.00000053
14.1677	0.00000010
14.1736	0.00000013
14.1788	0.00000222
14.1839	0.00000255
14.1903	0.00000157
14.1949	0.00000013
14.1999	0.00000113
14.2051	0.00000016
14.2105	-0.00000005
14.2149	-0.00000047
14.2201	0.00000080
14.2254	0.00000057
14.2306	-0.00000082
14.2357	0.00000019
14.2407	0.00000142
14.2455	0.00000036
14.2524	0.00000159
14.2580	0.00000056
14.2630	-0.00000061
14.2680	-0.00000063
14.2733	-0.00000096
14.2843	-0.00000125
14.2890	-0.00000091
14.2973	-0.00000100
14.3021	-0.00000043
14.3073	0.00000052
14.3119	0.00000047
14.3163	0.00000116
14.3217	0.00000235
14.3264	0.00000211
14.3315	0.00000158
14.3366	-0.00000014
14.3409	0.00000009
14.3458	-0.00000025
14.3510	-0.00000179
14.3559	-0.00000030
14.3610	-0.00000069
14.3666	-0.00000125
14.3709	-0.00000250
14.3759	-0.00000323
14.3812	-0.00000487
14.3859	-0.00000511
14.3913	-0.00000389
14.3965	-0.00000338
14.4012	-0.00000353
14.4065	-0.00000250
14.4117	-0.00000172
14.4161	-0.00000016
14.4216	0.00000019
14.4259	0.00000087
14.4307	0.00000075
14.4367	0.00000328
14.4416	0.00000294
14.4470	0.00000186
14.4519	0.00000263
14.4567	0.00000187
14.4623	0.00000231
14.4665	0.00000207
14.4723	0.00000261
14.4769	0.00000120
14.4816	0.00000235
14.4866	0.00000146
14.4917	0.00000064
14.4972	0.00000087
14.5018	0.00000155
14.5067	0.00000165
14.5120	0.00000155
14.5169	-0.00000028
14.5235	0.00000124
14.5279	0.00000340
14.5354	0.00000287
14.5407	0.00000305
14.5453	0.00000353
14.5527	0.00000342
14.5573	0.00000126
14.5623	0.00000154
14.5674	0.00000150
14.5728	0.00000073
14.5774	0.00000064
14.5827	0.00000055
14.5874	-0.00000093
14.5923	-0.00000037
14.5974	-0.00000045
14.6028	-0.00000050
14.6074	0.00000078
14.6128	0.00000185
14.6178	0.00000449
14.6224	0.00000288
14.6319	0.00000359
14.6375	0.00000455
14.6423	0.00000259
14.6478	0.00000199
14.6523	0.00000102
14.6573	0.00000106
14.6624	0.00000120
14.6674	0.00000061
14.6724	0.00000032
14.6774	0.00000090
14.6835	-0.00000034
14.6905	0.00000004
14.6954	-0.00000034
14.7023	-0.00000026
14.7078	-0.00000055
14.7163	-0.00000076
14.7205	-0.00000028
14.7255	-0.00000071
14.7302	0.00000013
14.7351	0.00000020
14.7410	0.00000016
14.7459	-0.00000034
14.7502	0.00000005
14.7553	0.00000219
14.7686	0.00000242
14.7731	0.00000079
14.7781	0.00000135
14.7832	-0.00000102
14.7883	-0.00000138
14.7933	-0.00000068
14.7990	-0.00000021
14.8043	0.00000022
14.8094	0.00000075
14.8142	0.00000040
14.8197	0.00000052
14.8242	0.00000123
14.8293	0.00000139
14.8340	-0.00000091
14.8394	0.00000214
14.8441	0.00000119
0.0047	0.00000135
0.0099	0.00000136
0.0147	0.00000036
0.0200	0.00000076
0.0247	0.00000034
0.0298	-0.00000149
0.0348	-0.00000089
0.0398	-0.00000095
0.0448	-0.00000067
0.0498	-0.00000194
0.0547	0.00000152
0.0597	0.00000234
0.0647	0.00000203
0.0698	0.00000040
0.0749	0.00000001
0.0800	0.00000098
0.0850	0.00000133
0.0895	0.00000152
0.0943	0.00000170
0.0994	0.00000236
0.1044	0.00000282
0.1094	0.00000219
0.1145	-0.00000030
0.1195	0.00000147
0.1244	-0.00000137
0.1295	-0.00000082
0.1344	-0.00000191
0.1395	-0.00000218
0.1444	-0.00000148
0.1494	-0.00000202
0.1544	-0.00000303
0.1594	-0.00000264
0.1644	-0.00000138
0.1695	-0.00000036
0.1745	0.00000006
0.1795	0.00000035
0.1845	0.00000011
0.1894	-0.00000032
0.1943	-0.00000021
0.1993	0.00000081
0.2043	-0.00000037
0.2092	-0.00000060
0.2143	-0.00000024
0.2192	-0.00000062
0.2236	-0.00000036
0.2286	-0.00000196
0.2336	-0.00000023
0.2386	0.00000015
0.2436	0.00000164
0.2486	-0.00000026
0.2535	-0.00000052
0.2586	-0.00000025
0.2638	-0.00000068
0.2686	0.00000134
0.2737	0.00000061
0.2787	0.00000128
0.2837	0.00000168
0.2881	0.00000040
0.2929	-0.00000156
0.2978	-0.00000146
0.3029	-0.00000065
0.3079	-0.00000172
0.3130	-0.00000144
0.3180	-0.00000109
0.3230	0.00000153
0.3280	0.00000189
0.3329	0.00000153
0.3380	0.00000052
0.3430	0.00000050
0.3480	0.00000283
0.3530	0.00000188
0.3578	0.00000299
0.3630	0.00000136
0.3680	0.00000307
0.3731	0.00000286
0.3782	0.00000179
0.3831	0.00000200
0.3880	0.00000308
0.3929	0.00000054
0.3980	-0.00000150
0.4029	-0.00000264
0.4078	-0.00000160
0.4130	-0.00000116
0.4178	0.00000085
0.4228	0.00000142
0.4278	0.00000069
0.4328	0.00000111
0.4379	0.00000190
0.4429	0.00000103
0.4479	0.00000154
0.4529	-0.00000020
0.4582	0.00000041
0.4632	0.00000074
0.4681	0.00000038
0.4732	0.00000089
0.4782	0.00000079
0.4836	0.00000094
0.4881	0.00000090
0.4934	0.00000096
0.4983	0.00000163
0.5033	0.00000198
0.5084	0.00000009
0.5133	0.00000032
0.5183	0.00000047
0.5233	-0.00000086
0.5283	-0.00000214
0.5334	-0.00000019
0.5384	-0.00000025
0.5433	0.00000154
0.5483	0.00000214
0.5533	0.00000143
0.5583	0.00000299
0.5634	0.00000334
0.5684	0.00000254
0.5735	0.00000187
0.5784	0.00000101
0.5834	-0.00000057
0.5882	-0.00000211
0.5930	-0.00000260
0.5982	-0.00000016
0.6029	0.00000029
0.6079	0.00000014
0.6129	0.00000066
0.6174	0.00000223
0.6225	0.00000185
0.6275	0.00000108
0.6324	0.00000210
0.6375	0.00000191
0.6418	0.00000253
0.6469	0.00000417
0.6520	0.00000421
0.6571	0.00000501
0.6621	0.00000412
0.6673	0.00000143
0.6721	-0.00000098
0.6772	-0.00000222
0.6821	-0.00000074
0.6871	-0.00000199
0.6919	-0.00000110
0.6967	-0.00000182
0.7017	-0.00000103
0.7067	-0.00000074
0.7118	0.00000028
0.7167	0.00000044
0.7216	-0.00000169
0.7263	-0.00000109
0.7314	-0.00000125
0.7363	-0.00000106
0.7414	-0.00000115
0.7465	0.00000049
0.7515	0.00000160
0.7564	-0.00000016
0.7614	-0.00000061
0.7664	-0.00000151
0.7714	-0.00000112
0.7766	-0.00000082
0.7814	0.00000013
0.7872	0.00000156
0.7922	0.00000117
0.7972	0.00000053
0.8021	0.00000058
0.8072	0.00000119
0.8121	0.00000004
0.8172	-0.00000194
0.8222	-0.00000101
0.8266	-0.00000036
0.8316	-0.00000180
0.8366	0.00000012
0.8416	0.00000134
0.8467	0.00000175
0.8518	0.00000174
0.8566	0.00000019
0.8611	-0.00000019
0.8661	-0.00000129
0.8712	-0.00000032
0.8762	-0.00000096
0.8811	0.00000002
0.8862	0.00000183
0.8907	0.00000195
0.8959	0.00000239
0.9007	0.00000104
0.9059	0.00000060
0.9102	0.00000012
0.9158	-0.00000029
0.9206	-0.00000137
0.9258	-0.00000100
0.9308	0.00000070
0.9357	-0.00000013
0.9406	0.00000047
0.9457	0.00000171
0.9508	0.00000071
0.9557	0.00000181
0.9607	0.00000175
0.9656	-0.00000088
0.9706	-0.00000067
0.9748	-0.00000043
0.9798	0.00000067
0.9847	0.00000103
0.9894	0.00000140
0.9943	0.00000136
0.9993	-0.00000024
1.0046	0.00000146
1.0088	0.00000278
1.0138	0.00000231
1.0189	0.00000054
1.0239	0.00000060
1.0288	-0.00000072
1.0338	0.00000103
1.0390	0.00000215
1.0439	-0.00000003
1.0489	-0.00000070
1.0539	-0.00000066
1.0587	0.00000117
1.0638	-0.00000018
1.0689	0.00000034
1.0738	0.00000143
1.0788	0.00000213
1.0840	0.00000154
1.0886	0.00000188
1.0936	0.00000290
1.0979	0.00000367
1.1031	0.00000425
1.1080	0.00000305
1.1129	0.00000296
1.1179	0.00000360
1.1221	0.00000165
1.1273	0.00000141
1.1321	0.00000053
1.1372	0.00000118
1.1422	0.00000069
1.1473	0.00000011
1.1523	0.00000171
1.1573	0.00000003
1.1624	0.00000099
1.1673	-0.00000084
1.1724	-0.00000086
1.1776	0.00000066
1.1825	0.00000021
1.1876	0.00000112
1.1923	0.00000100
1.1973	-0.00000029
1.2023	0.00000153
1.2071	-0.00000036
1.2122	0.00000101
1.2174	0.00000172
1.2224	0.00000170
1.2274	0.00000075
1.2324	0.00000110
1.2375	0.00000146
1.2425	0.00000023
1.2474	0.00000074
1.2524	0.00000172
1.2574	0.00000188
1.2624	0.00000300
1.2666	0.00000305
1.2716	0.00000148
1.2767	-0.00000041
1.2817	-0.00000216
1.2860	-0.00000103
1.2906	-0.00000087
1.2956	-0.00000040
1.3007	-0.00000006
1.3056	-0.00000037
1.3107	0.00000034
1.3156	-0.00000242
1.3207	-0.00000378
1.3258	-0.00000192
1.3307	-0.00000108
1.3359	-0.00000201
1.3407	-0.00000125
1.3457	0.00000015
1.3508	-0.00000117
1.3558	-0.00000136
1.3608	-0.00000043
1.3657	-0.00000071
1.3708	-0.00000188
1.3759	-0.00000069
1.3809	-0.00000039
1.3858	-0.00000111
1.3903	-0.00000103
1.3955	-0.00000030
1.4005	-0.00000054
1.4055	0.00000140
1.4105	0.00000052
1.4154	-0.00000075
1.4204	0.00000011
1.4256	0.00000029
1.4305	0.00000150
1.4354	0.00000044
1.4403	0.00000094
1.4455	0.00000034
1.4505	0.00000054
1.4555	0.00000217
1.4605	0.00000186
1.4654	0.00000222
1.4704	0.00000134
1.4755	0.00000154
1.4804	-0.00000136
1.4855	-0.00000022
1.4902	0.00000126
1.4953	0.00000189
1.5002	0.00000415
1.5053	0.00000157
1.5102	0.00000219
1.5152	0.00000314
1.5203	0.00000220
1.5253	0.00000162
1.5302	-0.00000139
1.5353	-0.00000359
1.5404	-0.00000173
1.5455	-0.00000110
1.5507	-0.00000264
1.5555	-0.00000101
1.5596	0.00000047
1.5640	0.00000094
1.5692	-0.00000035
1.5740	-0.00000040
1.5790	0.00000121
1.5840	0.00000214
1.5886	-0.00000041
1.5935	-0.00000091
1.5976	-0.00000084
1.6026	-0.00000135
1.6075	-0.00000298
1.6126	-0.00000141
1.6176	-0.00000059
1.6225	-0.00000127
1.6267	0.00000035
1.6316	0.00000021
1.6366	-0.00000139
1.6415	-0.00000130
1.6467	-0.00000067
1.6516	0.00000147
1.6565	0.00000290
1.6606	0.00000302
1.6656	0.00000026
1.6706	-0.00000034
1.6747	0.00000084
1.6797	0.00000064
1.6846	0.00000207
1.6889	0.00000150
1.6938	0.00000200
1.6988	0.00000011
1.7038	-0.00000015
1.7091	-0.00000007
1.7139	-0.00000045
1.7189	-0.00000108
1.7239	0.00000042
1.7289	0.00000020
1.7338	0.00000068
1.7389	-0.00000013
1.7440	-0.00000054
1.7493	-0.00000076
1.7541	-0.00000040
1.7591	-0.00000057
1.7639	-0.00000109
1.7689	-0.00000159
1.7739	-0.00000047
1.7789	0.00000012
1.7839	-0.00000172
1.7889	-0.00000209
1.7931	-0.00000084
1.7981	-0.00000054
1.8030	-0.00000087
1.8080	0.00000004
1.8130	-0.00000176
1.8181	-0.00000025
1.8233	0.00000169
1.8283	0.00000280
1.8331	0.00000242
1.8383	0.00000095
1.8433	0.00000001
1.8482	0.00000021
1.8532	0.00000170
1.8582	0.00000128
1.8631	0.00000142
1.8682	0.00000134
1.8732	-0.00000016
1.8782	-0.00000109
1.8832	-0.00000094
1.8882	0.00000065
1.8928	0.00000026
1.8976	0.00000093
1.9028	0.00000075
1.9078	0.00000208
1.9127	0.00000133
1.9177	-0.00000212
1.9228	0.00000024
1.9278	-0.00000101
1.9328	-0.00000146
1.9378	-0.00000056
1.9430	0.00000076
1.9478	-0.00000435
1.9528	-0.00000612
1.9579	-0.00000482
1.9628	-0.00000451
1.9670	-0.00000309
1.9720	0.00000108
1.9771	-0.00000167
1.9821	-0.00000527
1.9870	0.00000014
1.9919	-0.00000290
1.9967	-0.00000113
2.0017	0.00000004
2.0069	-0.00000279
2.0117	-0.00000052
2.0167	-0.00000100
2.0217	-0.00000451
2.0267	-0.00000232
2.0319	-0.00000096
2.0368	-0.00000178
2.0417	-0.00000005
2.0459	-0.00000205
2.0509	-0.00000172
2.0559	-0.00000097
2.0609	0.00000213
2.0659	-0.00000025
2.0714	0.00000043
2.0761	0.00000073
2.0805	-0.00000069
2.0855	-0.00000074
2.0900	0.00000305
2.0942	-0.00000056
2.0992	-0.00000082
2.1043	0.00000116
2.1093	-0.00000770
2.1142	-0.00000224
2.1193	0.00000020
2.1243	-0.00000194
2.1290	-0.00000205
2.1340	-0.00000321
2.1389	-0.00000570
2.1439	-0.00000417
2.1489	0.00000059
2.1539	-0.00000194
2.1590	-0.00000141
2.1639	-0.00000693
2.1689	-0.00000198
2.1739	-0.00000229
2.1789	-0.00000255
2.1839	0.00000459
2.1889	0.00000322
2.1936	-0.00000490
2.1986	-0.00000003
2.2036	0.00000441
2.2086	-0.00000154
2.2128	0.00000062
2.2178	0.00000250
2.2226	0.00000018
2.2276	0.00000131
2.2326	-0.00000193
2.2376	-0.00000577
2.2418	-0.00000086
2.2468	0.00000089
2.2520	0.00000448
2.2568	0.00000287
2.2619	0.00000637
2.2668	0.00000317
2.2720	0.00000428
2.2770	0.00000168
2.2822	-0.00000263
2.2870	0.00000198
2.2916	-0.00000032
2.2961	-0.00000136
2.3012	-0.00000649
2.3061	0.00000005
2.3109	-0.00000176
2.3154	-0.00000241
2.3198	-0.00000777
2.3249	-0.00000620
2.3301	-0.00000374
2.3351	-0.00000498
2.3401	-0.00000306
2.3452	-0.00000544
2.3502	-0.00000882
2.3552	-0.00000716
2.3604	-0.00000065
2.3654	-0.00000342
2.3703	-0.00000786
2.3753	0.00000048
2.3803	-0.00000109
2.3853	-0.00000525
2.3908	-0.00000497
2.3958	-0.00000204
2.4008	-0.00000159
2.4059	0.00000189
2.4109	-0.00000355
2.4158	-0.00000206
2.4209	0.00000529
2.4259	0.00000223
2.4309	0.00000080
2.4359	0.00000036
2.4409	-0.00000347
2.4459	-0.00000508
2.4509	-0.00000115
2.4559	-0.00000047
2.4611	-0.00000018
2.4659	-0.00000299
2.4709	-0.00000061
2.4759	-0.00000029
2.4810	-0.00000419
2.4859	-0.00000431
2.4911	-0.00000524
2.4954	0.00000195
2.5005	0.00000073
2.5056	-0.00000245
2.5102	-0.00000345
2.5152	-0.00000095
2.5202	-0.00000150
2.5252	-0.00000879
2.5302	-0.00000361
2.5352	-0.00000376
2.5402	-0.00000220
2.5451	-0.00000207
2.5501	-0.00000246
2.5551	-0.00000113
2.5600	-0.00000124
2.5654	0.00000044
2.5700	-0.00000299
2.5742	-0.00000466
2.5796	0.00000224
2.5844	-0.00000114
2.5893	-0.00000061
2.5940	-0.00000391
2.5989	-0.00000145
2.6039	0.00000395
2.6089	-0.00000394
2.6140	-0.00000152
2.6191	0.00000181
2.6239	0.00000031
2.6291	-0.00000243
2.6339	-0.00000119
2.6390	-0.00000125
2.6439	0.00000155
2.6491	-0.00000005
2.6539	0.00000180
2.6589	-0.00000322
2.6639	-0.00000350
2.6688	0.00000397
2.6731	0.00000075
2.6781	-0.00000313
2.6831	-0.00000545
2.6881	-0.00000592
2.6927	-0.00000221
2.6977	-0.00000341
2.7027	-0.00000142
2.7077	0.00000060
2.7127	-0.00000229
2.7178	-0.00000357
2.7223	-0.00000058
2.7274	-0.00000052
2.7322	-0.00000149
2.7373	0.00000020
2.7423	0.00000047
2.7473	-0.00000436
2.7524	-0.00000057
2.7573	-0.00000004
2.7623	-0.00000270
2.7673	-0.00000447
2.7723	-0.00000287
2.7774	0.00000485
2.7824	-0.00000155
2.7874	-0.00000043
2.7920	-0.00000664
2.7964	-0.00000913
2.8015	-0.00000948
2.8065	-0.00000304
2.8115	-0.00000203
2.8164	-0.00000863
2.8215	-0.00000374
2.8267	-0.00000418
2.8314	-0.00000827
2.8364	-0.00000668
2.8414	-0.00000659
2.8464	-0.00000608
2.8514	-0.00000135
2.8564	-0.00000234
2.8614	-0.00000743
2.8663	-0.00000402
2.8714	-0.00000505
2.8764	0.00000086
2.8815	-0.00000110
2.8863	-0.00000293
2.8914	-0.00000697
2.8961	-0.00000397
2.9011	-0.00000397
2.9059	-0.00000821
2.9109	-0.00000651
2.9159	-0.00000603
2.9213	-0.00000179
2.9261	-0.00000166
2.9312	-0.00000694
2.9361	-0.00000679
2.9411	-0.00000254
2.9462	-0.00000478
2.9512	-0.00000166
2.9560	-0.00000574
2.9611	-0.00000445
2.9661	-0.00000195
2.9712	-0.00000687
2.9761	-0.00000560
2.9813	-0.00000475
2.9861	-0.00000469
2.9917	-0.00000559
2.9960	-0.00000666
3.0010	-0.00000378
3.0061	-0.00000947
3.0110	-0.00000946
3.0162	-0.00000608
3.0212	-0.00000720
3.0260	-0.00000809
3.0310	-0.00000461
3.0361	-0.00000421
3.0410	-0.00000530
3.0462	-0.00000325
3.0510	-0.00000071
3.0560	-0.00000019
3.0612	-0.00000410
3.0662	-0.00000168
3.0710	-0.00000180
3.0761	-0.00000583
3.0819	-0.00000755
3.0870	-0.00000636
3.0920	-0.00000398
3.0974	-0.00000657
3.1019	-0.00000327
3.1069	-0.00000576
3.1120	-0.00000509
3.1171	0.00000074
3.1220	-0.00000694
3.1278	-0.00000868
3.1329	-0.00000932
3.1379	-0.00000516
3.1427	-0.00000609
3.1480	-0.00000753
3.1529	-0.00000357
3.1578	-0.00000616
3.1630	-0.00000579
3.1680	-0.00000561
3.1729	-0.00000300
3.1780	-0.00000951
3.1830	-0.00001355
3.1881	-0.00000806
3.1928	-0.00000639
3.1979	-0.00000324
3.2029	-0.00000793
3.2077	-0.00000487
3.2127	-0.00000300
3.2177	-0.00000527
3.2224	-0.00000727
3.2276	-0.00000568
3.2326	-0.00000753
3.2375	-0.00000760
3.2424	-0.00000715
3.2475	-0.00000401
3.2526	-0.00000966
3.2576	-0.00001026
3.2625	-0.00000771
3.2676	-0.00000601
3.2724	-0.00000476
3.2779	-0.00000509
3.2828	-0.00000267
3.2876	-0.00000221
3.2922	-0.00000218
3.2973	-0.00000596
3.3023	-0.00000347
3.3073	-0.00000446
3.3123	-0.00000260
3.3173	-0.00000477
3.3221	-0.00000072
3.3284	-0.00000743
3.3333	-0.00000329
3.3381	-0.00000790
3.3431	-0.00000568
3.3483	-0.00000479
3.3534	-0.00000266
3.3580	-0.00000037
3.3629	-0.00000136
3.3679	-0.00000365
3.3729	-0.00000242
3.3779	-0.00000421
3.3829	-0.00000578
3.3878	-0.00000996
3.3923	-0.00000799
3.3965	-0.00001014
3.4014	-0.00000669
3.4064	-0.00000802
3.4117	-0.00001073
3.4165	-0.00000947
3.4209	-0.00001169
3.4252	-0.00000826
3.4294	-0.00000534
3.4345	-0.00000696
3.4394	-0.00000424
3.4750	-0.00000392
3.4794	-0.00000950
3.4835	-0.00000526
3.4878	-0.00000641
3.4924	-0.00000502
3.4974	-0.00000578
3.5024	-0.00001013
3.5076	-0.00000824
3.5124	-0.00000436
3.5174	-0.00000489
3.5223	-0.00000961
3.5277	-0.00000372
3.5326	-0.00000758
3.5376	-0.00000327
3.5425	-0.00000661
3.5473	-0.00000793
3.5521	-0.00000602
3.5571	-0.00000547
3.5621	-0.00000788
3.5670	-0.00000611
3.5720	-0.00000905
3.5775	-0.00000461
3.5822	-0.00000759
3.5871	-0.00000774
3.5940	-0.00001006
3.5987	-0.00000904
3.6030	-0.00001023
3.6081	-0.00001173
3.6132	-0.00000965
3.6174	-0.00000763
3.6225	-0.00001145
3.6282	-0.00001342
3.6324	-0.00001308
3.6375	-0.00001128
3.6424	-0.00000953
3.6476	-0.00001121
3.6526	-0.00000876
3.6576	-0.00000602
3.6624	-0.00000478
3.6671	-0.00000545
3.6721	-0.00000533
3.6777	-0.00000832
3.6824	-0.00000897
3.6875	-0.00000581
3.6939	-0.00000736
3.6989	-0.00001027
3.7037	-0.00000885
3.7082	-0.00001164
3.7131	-0.00000657
3.7181	-0.00001165
3.7232	-0.00000858
3.7282	-0.00000804
3.7330	-0.00001037
3.7381	-0.00000607
3.7436	-0.00000817
3.7485	-0.00001111
3.7534	-0.00000998
3.7585	-0.00001197
3.7628	-0.00001197
3.7678	-0.00001275
3.7728	-0.00001375
3.7780	-0.00001254
3.7830	-0.00001422
3.7879	-0.00001312
3.7930	-0.00000816
3.7978	-0.00000399
3.8027	-0.00000765
3.8077	-0.00000530
3.8127	-0.00000840
3.8174	-0.00000515
3.8224	-0.00000813
3.8275	-0.00000670
3.8326	-0.00000564
3.8375	-0.00000695
3.8425	-0.00001200
3.8476	-0.00000661
3.8526	-0.00001250
3.8577	-0.00000866
3.8624	-0.00000538
3.8676	-0.00001014
3.8726	-0.00001089
3.8775	-0.00001177
3.8827	-0.00001343
3.8877	-0.00001196
3.8946	-0.00001027
3.8994	-0.00000719
3.9044	-0.00001721
3.9085	-0.00001417
3.9132	-0.00001200
3.9178	-0.00001350
3.9226	-0.00000914
3.9284	0.00000020
3.9327	0.00000059
3.9372	-0.00000067
3.9422	-0.00000049
3.9472	0.00000079
3.9524	0.00000120
3.9575	-0.00000017
3.9624	0.00000002
3.9671	0.00000052
3.9721	0.00000052
3.9773	-0.00000086
3.9826	0.00000069
3.9874	0.00000160
3.9924	0.00000072
3.9970	-0.00000181
4.0020	-0.00000145
4.0070	-0.00000186
4.0120	-0.00000268
4.0171	-0.00000312
4.0221	-0.00000294
4.0271	-0.00000142
4.0322	-0.00000028
4.0371	0.00000065
4.0419	0.00000054
4.0470	-0.00000024
4.0521	0.00000050
4.0570	0.00000190
4.0620	0.00000167
4.0670	0.00000185
4.0719	0.00000069
4.0770	0.00000005
4.0820	-0.00000196
4.0873	-0.00000148
4.0921	-0.00000135
4.0968	-0.00000245
4.1016	-0.00000071
4.1067	-0.00000057
4.1117	-0.00000072
4.1167	0.00000163
4.1217	0.00000247
4.1266	0.00000606
4.1316	0.00000537
4.1366	0.00000549
4.1416	0.00000471
4.1467	0.00000478
4.1516	0.00000391
4.1566	0.00000410
4.1615	0.00000533
4.1666	0.00000503
4.1717	0.00000354
4.1768	0.00000069
4.1819	0.00000084
4.1868	-0.00000076
4.1917	0.00000026
4.1963	0.00000091
4.2010	0.00000005
4.2051	-0.00000047
4.2102	-0.00000105
4.2150	-0.00000119
4.2201	-0.00000082
4.2250	-0.00000100
4.2295	0.00000036
4.2346	-0.00000053
4.2387	0.00000019
4.2439	-0.00000093
4.2489	-0.00000201
4.2540	-0.00000135
4.2589	-0.00000084
4.2631	-0.00000218
4.2680	-0.00000091
4.2730	-0.00000039
4.2781	0.00000125
4.2832	0.00000156
4.2882	0.00000157
4.2937	0.00000165
4.2987	0.00000240
4.3037	0.00000368
4.3086	0.00000447
4.3127	0.00000372
4.3178	0.00000374
4.3226	0.00000215
4.3279	-0.00000064
4.3327	-0.00000151
4.3377	-0.00000198
4.3420	-0.00000166
4.3468	0.00000123
4.3516	-0.00000001
4.3567	-0.00000038
4.3617	-0.00000043
4.3667	-0.00000065
4.3718	0.00000095
4.3768	-0.00000046
4.3819	0.00000007
4.3867	0.00000119
4.3918	0.00000085
4.3963	-0.00000007
4.4013	-0.00000242
4.4063	-0.00000213
4.4115	-0.00000183
4.4164	-0.00000038
4.4214	-0.00000104
4.4264	-0.00000166
4.4314	-0.00000206
4.4364	-0.00000252
4.4414	-0.00000095
4.4464	0.00000088
4.4513	0.00000197
4.4564	0.00000131
4.4614	0.00000213
4.4665	0.00000140
4.4714	0.00000099
4.4764	0.00000145
4.4805	0.00000259
4.4856	0.00000123
4.4906	0.00000271
4.4954	0.00000287
4.5003	0.00000175
4.5053	0.00000126
4.5103	0.00000109
4.5153	0.00000212
4.5203	0.00000182
4.5253	0.00000190
4.5303	0.00000233
4.5354	0.00000170
4.5403	0.00000178
4.5453	-0.00000068
4.5503	-0.00000012
4.5553	-0.00000042
4.5604	-0.00000126
4.5653	-0.00000012
4.5703	0.00000246
4.5753	0.00000227
4.5804	0.00000111
4.5854	0.00000061
4.5905	0.00000175
4.5955	0.00000014
4.6005	0.00000202
4.6055	0.00000220
4.6104	0.00000060
4.6154	0.00000025
4.6205	0.00000061
4.6255	-0.00000012
4.6308	-0.00000107
4.6355	-0.00000070
4.6408	0.00000010
4.6455	0.00000050
4.6505	0.00000093
4.6555	-0.00000065
4.6605	-0.00000032
4.6655	0.00000071
4.6705	0.00000037
4.6755	0.00000112
4.6805	-0.00000103
4.6855	-0.00000060
4.6904	-0.00000021
4.6945	0.00000069
4.6993	-0.00000017
4.7044	0.00000215
4.7093	0.00000169
4.7143	0.00000108
4.7192	-0.00000123
4.7243	-0.00000098
4.7293	0.00000021
4.7343	-0.00000031
4.7393	-0.00000001
4.7443	0.00000011
4.7493	0.00000098
4.7543	0.00000142
4.7593	0.00000015
4.7643	-0.00000092
4.7693	-0.00000151
4.7743	0.00000014
4.7793	0.00000157
4.7844	0.00000086
4.7893	-0.00000041
4.7936	-0.00000188
4.7983	-0.00000012
4.8034	0.00000041
4.8083	0.00000198
4.8133	0.00000286
4.8183	0.00000222
4.8232	0.00000263
4.8283	0.00000134
4.8333	0.00000090
4.8383	-0.00000086
4.8432	0.00000038
4.8483	0.00000102
4.8533	0.00000255
4.8582	0.00000029
4.8632	-0.00000164
4.8683	-0.00000212
4.8733	-0.00000075
4.8783	-0.00000019
4.8833	0.00000016
4.8882	0.00000053
4.8934	0.00000230
4.8980	0.00000215
4.9029	0.00000221
4.9079	0.00000167
4.9129	0.00000202
4.9179	0.00000132
4.9229	0.00000169
4.9279	0.00000248
4.9330	0.00000126
4.9380	0.00000078
4.9429	0.00000074
4.9479	0.00000049
4.9530	0.00000245
4.9579	0.00000176
4.9629	0.00000213
4.9679	0.00000211
4.9729	0.00000142
4.9779	0.00000132
4.9830	0.00000140
4.9880	-0.00000010
4.9930	0.00000165
4.9976	0.00000080
5.0026	-0.00000192
5.0076	-0.00000123
5.0127	-0.00000140
5.0176	-0.00000100
5.0227	-0.00000210
5.0277	-0.00000179
5.0327	-0.00000185
5.0377	-0.00000220
5.0427	-0.00000063
5.0476	0.00000012
5.0527	0.00000046
5.0577	-0.00000052
5.0627	-0.00000064
5.0677	0.00000132
5.0727	0.00000140
5.0774	0.00000222
5.0826	0.00000151
5.0877	0.00000197
5.0928	0.00000139
5.0974	-0.00000039
5.1018	-0.00000022
5.1068	-0.00000108
5.1119	-0.00000208
5.1169	-0.00000025
5.1219	-0.00000290
5.1269	-0.00000444
5.1318	-0.00000386
5.1369	-0.00000282
5.1419	-0.00000226
5.1468	-0.00000136
5.1518	0.00000002
5.1569	-0.00000060
5.1618	-0.00000022
5.1668	-0.00000179
5.1719	0.00000005
5.1769	0.00000061
5.1820	-0.00000075
5.1870	-0.00000065
5.1920	-0.00000071
5.1967	-0.00000032
5.2009	-0.00000092
5.2059	-0.00000100
5.2109	-0.00000028
5.2159	0.00000052
5.2211	-0.00000098
5.2262	-0.00000107
5.2310	-0.00000216
5.2359	-0.00000065
5.2409	-0.00000049
5.2458	-0.00000041
5.2509	-0.00000183
5.2559	-0.00000132
5.2609	0.00000034
5.2659	0.00000113
5.2709	0.00000091
5.2758	0.00000115
5.2809	0.00000116
5.2859	0.00000117
5.2910	-0.00000055
5.2959	-0.00000138
5.3006	-0.00000120
5.3054	-0.00000107
5.3105	-0.00000018
5.3155	0.00000035
5.3204	-0.00000161
5.3254	-0.00000168
5.3304	0.00000055
5.3354	0.00000273
5.3405	0.00000366
5.3455	0.00000312
5.3505	0.00000267
5.3554	0.00000138
5.3605	0.00000127
5.3654	0.00000059
5.3706	0.00000026
5.3756	0.00000028
5.3804	-0.00000060
5.3847	0.00000003
5.3896	-0.00000013
5.3946	-0.00000011
5.3992	0.00000013
5.4042	0.00000124
5.4092	0.00000183
5.4142	0.00000031
5.4190	0.00000007
5.4241	-0.00000024
5.4292	0.00000059
5.4342	-0.00000013
5.4392	-0.00000123
5.4440	-0.00000059
5.4492	0.00000175
5.4541	0.00000221
5.4591	0.00000009
5.4641	0.00000067
5.4694	-0.00000016
5.4742	-0.00000062
5.4792	-0.00000161
5.4842	-0.00000087
5.4893	0.00000057
5.4944	0.00000162
5.4987	0.00000320
5.5037	0.00000218
5.5088	0.00000165
5.5138	0.00000334
5.5189	0.00000298
5.5239	0.00000176
5.5287	0.00000225
5.5338	0.00000221
5.5387	0.00000345
5.5437	0.00000141
5.5489	0.00000045
5.5539	-0.00000105
5.5589	0.00000008
5.5637	-0.00000111
5.5689	-0.00000212
5.5737	-0.00000205
5.5786	-0.00000192
5.5838	-0.00000117
5.5888	-0.00000041
5.5937	-0.00000037
5.5987	0.00000139
5.6036	0.00000218
5.6088	0.00000223
5.6135	0.00000261
5.6186	0.00000139
5.6236	0.00000014
5.6286	0.00000037
5.6335	0.00000268
5.6386	0.00000191
5.6435	0.00000344
5.6486	0.00000228
5.6535	0.00000235
5.6580	0.00000159
5.6631	0.00000467
5.6680	0.00000316
5.6730	0.00000361
5.6781	0.00000289
5.6832	0.00000060
5.6880	0.00000105
5.6932	-0.00000020
5.6978	0.00000012
5.7028	-0.00000085
5.7078	-0.00000119
5.7128	-0.00000001
5.7178	-0.00000038
5.7228	-0.00000082
5.7278	-0.00000046
5.7328	-0.00000059
5.7376	-0.00000270
5.7428	-0.00000393
5.7477	-0.00000278
5.7526	-0.00000156
5.7576	0.00000015
5.7628	-0.00000072
5.7677	-0.00000273
5.7727	-0.00000189
5.7776	0.00000041
5.7827	-0.00000047
5.7876	0.00000048
5.7926	0.00000039
5.7973	0.00000078
5.8023	0.00000091
5.8074	0.00000175
5.8124	0.00000152
5.8176	0.00000080
5.8226	0.00000018
5.8275	0.00000091
5.8323	0.00000045
5.8374	0.00000131
5.8426	0.00000186
5.8473	0.00000122
5.8524	0.00000123
5.8574	0.00000145
5.8626	0.00000053
5.8676	0.00000060
5.8724	0.00000043
5.8774	0.00000126
5.8826	0.00000020
5.8875	0.00000009
5.8924	0.00000170
5.8972	-0.00000089
5.9022	-0.00000099
5.9072	-0.00000239
5.9123	-0.00000241
5.9173	-0.00000220
5.9221	-0.00000291
5.9274	-0.00000146
5.9323	-0.00000302
5.9372	-0.00000265
5.9421	-0.00000262
5.9476	-0.00000065
5.9521	-0.00000100
5.9570	-0.00000005
5.9617	0.00000102
5.9668	0.00000152
5.9718	0.00000156
5.9768	0.00000165
5.9818	0.00000086
5.9868	0.00000108
5.9918	0.00000257
5.9974	0.00000239
6.0024	0.00000282
6.0074	0.00000091
6.0124	-0.00000109
6.0174	-0.00000172
6.0226	-0.00000296
6.0274	-0.00000372
6.0326	-0.00000250
6.0376	-0.00000307
6.0426	-0.00000276
6.0476	-0.00000141
6.0528	-0.00000148
6.0576	-0.00000124
6.0626	-0.00000056
6.0676	-0.00000045
6.0720	-0.00000208
6.0773	-0.00000335
6.0823	-0.00000167
6.0875	-0.00000267
6.0923	-0.00000326
6.0973	-0.00000228
6.1019	-0.00000057
6.1070	-0.00000065
6.1120	-0.00000050
6.1172	-0.00000032
6.1220	-0.00000071
6.1270	-0.00000056
6.1320	-0.00000125
6.1371	0.00000009
6.1420	-0.00000030
6.1470	0.00000017
6.1519	-0.00000134
6.1563	-0.00000185
6.1613	-0.00000286
6.1662	-0.00000107
6.1713	-0.00000077
6.1764	-0.00000144
6.1814	-0.00000078
6.1863	0.00000000
6.1914	0.00000042
6.1964	0.00000024
6.2010	0.00000189
6.2060	0.00000241
6.2105	0.00000293
6.2156	0.00000143
6.2205	0.00000134
6.2255	0.00000104
6.2305	0.00000133
6.2348	0.00000131
6.2398	0.00000215
6.2449	0.00000012
6.2491	0.00000046
6.2541	0.00000323
6.2591	0.00000465
6.2641	0.00000355
6.2690	0.00000235
6.2740	0.00000196
6.2790	0.00000352
6.2840	0.00000378
6.2890	0.00000359
6.2931	0.00000559
6.2978	0.00000419
6.3028	0.00000399
6.3078	0.00000218
6.3129	0.00000303
6.3179	0.00000011
6.3229	0.00000085
6.3279	0.00000112
6.3329	0.00000159
6.3378	0.00000164
6.3429	0.00000204
6.3479	0.00000293
6.3530	0.00000190
6.3580	0.00000125
6.3630	0.00000093
6.3680	0.00000121
6.3728	0.00000067
6.3778	0.00000061
6.3829	-0.00000009
6.3874	-0.00000058
6.3924	0.00000118
6.3980	0.00000029
6.4031	0.00000056
6.4081	-0.00000005
6.4132	0.00000097
6.4181	-0.00000002
6.4232	0.00000097
6.4283	0.00000068
6.4333	-0.00000026
6.4381	-0.00000075
6.4434	-0.00000071
6.4482	-0.00000075
6.4533	-0.00000202
6.4581	-0.00000203
6.4631	-0.00000237
6.4682	-0.00000092
6.4732	0.00000016
6.4775	-0.00000079
6.4825	-0.00000100
6.4877	-0.00000046
6.4926	0.00000004
6.4980	-0.00000082
6.5030	-0.00000032
6.5072	0.00000150
6.5120	0.00000116
6.5161	0.00000269
6.5210	0.00000076
6.5252	-0.00000145
6.5301	-0.00000345
6.5351	-0.00000440
6.5401	-0.00000612
6.5451	-0.00000589
6.5501	-0.00000548
6.5551	-0.00000477
6.5601	-0.00000254
6.5651	-0.00000111
6.5700	-0.00000130
6.5742	-0.00000101
6.5790	-0.00000028
6.5840	0.00000008
6.5891	-0.00000084
6.5941	0.00000065
6.5987	-0.00000035
6.6028	-0.00000022
6.6078	0.00000064
6.6128	0.00000044
6.6178	0.00000093
6.6228	-0.00000153
6.6278	-0.00000099
6.6328	-0.00000094
6.6377	0.00000065
6.6418	0.00000082
6.6468	0.00000015
6.6518	-0.00000018
6.6568	0.00000046
6.6618	0.00000111
6.6668	0.00000002
6.6718	-0.00000004
6.6768	-0.00000034
6.6819	-0.00000225
6.6869	-0.00000153
6.6919	-0.00000046
6.6969	0.00000064
6.7013	-0.00000006
6.7064	0.00000199
6.7114	0.00000346
6.7165	0.00000298
6.7214	0.00000161
6.7263	0.00000082
6.7314	-0.00000176
6.7364	-0.00000280
6.7414	0.00000044
6.7464	0.00000075
6.7516	0.00000126
6.7564	0.00000161
6.7615	0.00000016
6.7665	0.00000159
6.7714	0.00000147
6.7755	-0.00000008
6.7800	-0.00000228
6.7851	-0.00000226
6.7901	-0.00000171
6.7952	-0.00000169
6.7996	0.00000043
6.8047	0.00000003
6.8098	-0.00000014
6.8146	-0.00000127
6.8196	0.00000012
6.8247	-0.00000093
6.8297	-0.00000182
6.8348	-0.00000237
6.8398	-0.00000141
6.8446	-0.00000155
6.8496	-0.00000272
6.8547	-0.00000243
6.8598	-0.00000132
6.8647	-0.00000026
6.8698	-0.00000152
6.8747	-0.00000090
6.8796	-0.00000080
6.8843	-0.00000123
6.8893	-0.00000083
6.8943	-0.00000157
6.8989	-0.00000011
6.9037	-0.00000082
6.9090	0.00000069
6.9139	0.00000166
6.9190	0.00000097
6.9239	0.00000220
6.9288	0.00000231
6.9339	0.00000142
6.9384	-0.00000173
6.9435	-0.00000144
6.9485	-0.00000086
6.9534	-0.00000052
6.9584	-0.00000027
6.9634	0.00000093
6.9685	-0.00000001
6.9731	0.00000072
6.9781	0.00000089
6.9831	0.00000004
6.9872	0.00000015
6.9913	-0.00000042
6.9963	-0.00000018
7.0011	-0.00000062
7.0060	-0.00000148
7.0110	-0.00000072
7.0160	-0.00000052
7.0209	-0.00000076
7.0250	-0.00000202
7.0301	-0.00000155
7.0350	-0.00000154
7.0400	-0.00000259
7.0450	-0.00000300
7.0500	-0.00000068
7.0550	-0.00000057
7.0601	-0.00000105
7.0650	-0.00000200
7.0699	-0.00000045
7.0749	-0.00000108
7.0799	0.00000052
7.0840	0.00000034
7.0891	0.00000126
7.0942	0.00000184
7.0992	0.00000069
7.1038	-0.00000014
7.1081	0.00000065
7.1132	0.00000106
7.1182	0.00000102
7.1232	-0.00000077
7.1281	-0.00000174
7.1333	-0.00000163
7.1381	-0.00000370
7.1428	-0.00000173
7.1475	-0.00000074
7.1527	0.00000037
7.1576	0.00000072
7.1626	0.00000033
7.1675	0.00000109
7.1726	0.00000165
7.1775	0.00000103
7.1824	0.00000088
7.1874	-0.00000006
7.1924	-0.00000006
7.1974	0.00000107
7.2020	0.00000201
7.2070	0.00000006
7.2120	-0.00000224
7.2170	-0.00000142
7.2220	-0.00000100
7.2269	-0.00000032
7.2320	-0.00000050
7.2370	-0.00000038
7.2420	0.00000050
7.2470	-0.00000024
7.2520	0.00000162
7.2569	0.00000193
7.2620	0.00000357
7.2671	0.00000363
7.2721	0.00000331
7.2769	0.00000167
7.2820	0.00000141
7.2870	0.00000260
7.2921	0.00000178
7.2971	0.00000192
7.3017	0.00000113
7.3067	0.00000090
7.3119	0.00000001
7.3169	0.00000024
7.3219	-0.00000105
7.3270	-0.00000143
7.3321	0.00000007
7.3370	-0.00000151
7.3415	-0.00000273
7.3463	-0.00000124
7.3514	-0.00000021
7.3564	0.00000018
7.3614	0.00000060
7.3666	0.00000064
7.3716	-0.00000114
7.3766	-0.00000168
7.3816	-0.00000179
7.3865	-0.00000239
7.3916	-0.00000266
7.3966	-0.00000042
7.4010	0.00000000
7.4059	0.00000002
7.4109	0.00000018
7.4159	-0.00000115
7.4210	-0.00000045
7.4262	-0.00000172
7.4310	-0.00000308
7.4361	-0.00000048
7.4410	-0.00000023
7.4461	-0.00000223
7.4511	-0.00000259
7.4561	-0.00000257
7.4611	-0.00000272
7.4659	-0.00000358
7.4701	-0.00000344
7.4751	-0.00000241
7.4802	-0.00000320
7.4846	-0.00000164
7.4891	-0.00000220
7.4941	-0.00000075
7.4990	-0.00000043
7.5038	-0.00000063
7.5086	-0.00000046
7.5136	-0.00000167
7.5186	-0.00000175
7.5227	-0.00000141
7.5277	-0.00000047
7.5327	0.00000046
7.5376	-0.00000109
7.5428	-0.00000133
7.5478	-0.00000162
7.5527	-0.00000197
7.5578	-0.00000043
7.5627	-0.00000085
7.5678	-0.00000171
7.5727	-0.00000114
7.5778	-0.00000094
7.5828	0.00000010
7.5877	-0.00000056
7.5928	-0.00000074
7.5979	-0.00000337
7.6024	-0.00000247
7.6074	-0.00000106
7.6125	0.00000080
7.6175	0.00000089
7.6225	-0.00000037
7.6274	-0.00000023
7.6319	0.00000172
7.6368	-0.00000078
7.6418	-0.00000107
7.6468	-0.00000049
7.6517	-0.00000016
7.6568	-0.00000185
7.6617	-0.00000014
7.6668	0.00000146
7.6718	0.00000093
7.6769	-0.00000113
7.6819	-0.00000081
7.6869	-0.00000177
7.6919	-0.00000093
7.6970	-0.00000057
7.7017	-0.00000021
7.7067	0.00000024
7.7116	-0.00000008
7.7167	0.00000123
7.7217	0.00000100
7.7266	0.00000070
7.7317	0.00000093
7.7368	0.00000281
7.7417	0.00000274
7.7467	0.00000181
7.7517	-0.00000017
7.7567	0.00000126
7.7617	0.00000088
7.7667	-0.00000012
7.7717	-0.00000034
7.7767	0.00000069
7.7817	0.00000173
7.7866	-0.00000068
7.7907	-0.00000262
7.7957	-0.00000116
7.8007	-0.00000140
7.8051	-0.00000381
7.8093	-0.00000262
7.8143	-0.00000200
7.8196	-0.00000053
7.8247	0.00000015
7.8296	0.00000009
7.8347	0.00000002
7.8397	-0.00000031
7.8448	-0.00000018
7.8497	0.00000147
7.8548	0.00000157
7.8597	0.00000243
7.8648	0.00000311
7.8698	0.00000306
7.8748	0.00000262
7.8790	0.00000187
7.8836	0.00000133
7.8886	-0.00000024
7.8938	0.00000004
7.8988	0.00000132
7.9034	0.00000046
7.9085	0.00000007
7.9134	-0.00000019
7.9184	-0.00000069
7.9235	-0.00000214
7.9285	-0.00000146
7.9335	-0.00000077
7.9383	-0.00000051
7.9435	-0.00000023
7.9485	-0.00000244
7.9534	-0.00000349
7.9584	-0.00000246
7.9635	-0.00000144
7.9683	-0.00000227
7.9725	-0.00000228
7.9775	-0.00000476
7.9823	-0.00000297
7.9874	-0.00000286
7.9924	-0.00000323
7.9974	-0.00000386
8.0022	-0.00000280
8.0071	-0.00000223
8.0122	-0.00000173
8.0166	-0.00000008
8.0215	-0.00000000
8.0266	0.00000058
8.0316	0.00000039
8.0365	-0.00000027
8.0418	-0.00000017
8.0467	-0.00000193
8.0517	-0.00000193
8.0567	-0.00000075
8.0617	-0.00000101
8.0667	-0.00000121
8.0716	-0.00000041
8.0766	-0.00000050
8.0812	-0.00000138
8.0861	-0.00000136
8.0912	-0.00000355
8.0962	-0.00000284
8.1012	-0.00000116
8.1058	-0.00000102
8.1107	-0.00000198
8.1158	-0.00000239
8.1208	-0.00000292
8.1261	-0.00000158
8.1306	-0.00000067
8.1357	0.00000137
8.1407	0.00000068
8.1457	0.00000201
8.1510	0.00000178
8.1561	0.00000032
8.1605	-0.00000030
8.1655	-0.00000044
8.1705	0.00000013
8.1759	-0.00000096
8.1805	0.00000013
8.1854	0.00000009
8.1905	0.00000003
8.1954	0.00000046
8.2005	0.00000005
8.2050	0.00000131
8.2100	0.00000039
8.2151	0.00000137
8.2201	0.00000112
8.2252	0.00000040
8.2301	-0.00000039
8.2352	0.00000085
8.2401	0.00000067
8.2451	-0.00000004
8.2501	0.00000000
8.2550	-0.00000074
8.2601	-0.00000149
8.2651	-0.00000254
8.2700	-0.00000056
8.2752	0.00000181
8.2802	0.00000063
8.2852	-0.00000079
8.2903	0.00000014
8.2952	0.00000076
8.3003	0.00000066
8.3052	0.00000113
8.3100	0.00000089
8.3150	0.00000105
8.3200	0.00000212
8.3250	0.00000135
8.3300	0.00000187
8.3350	0.00000137
8.3400	0.00000013
8.3450	0.00000052
8.3500	0.00000098
8.3550	0.00000269
8.3600	0.00000263
8.3650	0.00000150
8.3699	0.00000150
8.3748	0.00000175
8.3799	0.00000176
8.3850	0.00000347
8.3899	0.00000398
8.3949	0.00000378
8.3999	0.00000447
8.4045	0.00000336
8.4098	0.00000277
8.4145	0.00000166
8.4196	0.00000313
8.4246	0.00000245
8.4296	0.00000078
8.4349	0.00000081
8.4400	0.00000027
8.4449	0.00000113
8.4500	-0.00000012
8.4550	-0.00000035
8.4600	-0.00000171
8.4650	0.00000104
8.4701	-0.00000049
8.4753	0.00000032
8.4803	-0.00000163
8.4854	-0.00000203
8.4904	-0.00000310
8.4954	-0.00000176
8.5004	-0.00000176
8.5050	-0.00000118
8.5100	-0.00000407
8.5149	-0.00000296
8.5200	-0.00000128
8.5249	-0.00000148
8.5300	-0.00000158
8.5349	-0.00000151
8.5398	-0.00000099
8.5449	-0.00000120
8.5498	-0.00000255
8.5549	-0.00000109
8.5599	0.00000036
8.5649	0.00000045
8.5699	-0.00000034
8.5750	0.00000089
8.5798	0.00000267
8.5851	0.00000179
8.5901	0.00000093
8.5949	0.00000029
8.6000	-0.00000011
8.6044	0.00000110
8.6095	0.00000169
8.6145	0.00000086
8.6194	0.00000161
8.6236	0.00000314
8.6287	0.00000467
8.6338	0.00000197
8.6387	0.00000057
8.6438	0.00000002
8.6488	-0.00000194
8.6538	-0.00000132
8.6588	-0.00000214
8.6638	-0.00000069
8.6687	-0.00000148
8.6737	-0.00000231
8.6788	-0.00000330
8.6838	-0.00000233
8.6888	-0.00000241
8.6939	-0.00000100
8.6988	-0.00000145
8.7034	-0.00000219
8.7085	-0.00000160
8.7135	-0.00000107
8.7185	0.00000042
8.7234	-0.00000033
8.7284	0.00000072
8.7334	0.00000030
8.7385	-0.00000079
8.7434	-0.00000106
8.7484	0.00000038
8.7534	-0.00000042
8.7586	0.00000010
8.7635	-0.00000104
8.7685	-0.00000249
8.7729	-0.00000257
8.7778	-0.00000170
8.7831	-0.00000195
8.7881	0.00000010
8.7932	0.00000197
8.7981	0.00000016
8.8028	0.00000210
8.8078	0.00000195
8.8127	0.00000120
8.8178	-0.00000119
8.8228	-0.00000055
8.8279	0.00000149
8.8327	-0.00000050
8.8377	-0.00000135
8.8428	-0.00000091
8.8477	0.00000048
8.8527	-0.00000008
8.8579	0.00000055
8.8629	-0.00000155
8.8677	-0.00000011
8.8728	-0.00000098
8.8778	-0.00000204
8.8832	-0.00000268
8.8877	-0.00000160
8.8927	-0.00000466
8.8977	-0.00000376
8.9028	-0.00000235
8.9073	-0.00000048
8.9123	-0.00000226
8.9172	-0.00000166
8.9223	-0.00000182
8.9273	-0.00000108
8.9323	-0.00000013
8.9373	-0.00000002
8.9423	0.00000041
8.9473	0.00000177
8.9522	0.00000071
8.9573	0.00000131
8.9623	0.00000040
8.9672	0.00000132
8.9723	0.00000218
8.9773	0.00000128
8.9822	0.00000266
8.9873	0.00000243
8.9922	0.00000139
8.9976	0.00000108
9.0028	-0.00000148
9.0080	-0.00000186
9.0129	-0.00000084
9.0184	-0.00000079
9.0229	-0.00000150
9.0279	-0.00000258
9.0328	-0.00000297
9.0379	-0.00000297
9.0429	-0.00000301
9.0479	-0.00000244
9.0529	-0.00000139
9.0579	-0.00000129
9.0629	-0.00000129
9.0679	-0.00000169
9.0728	-0.00000112
9.0779	0.00000003
9.0829	-0.00000143
9.0879	-0.00000020
9.0929	-0.00000035
9.0979	-0.00000005
9.1030	-0.00000032
9.1076	0.00000135
9.1126	-0.00000120
9.1175	-0.00000021
9.1225	-0.00000209
9.1275	-0.00000387
9.1328	-0.00000293
9.1375	-0.00000339
9.1425	-0.00000203
9.1475	-0.00000205
9.1527	-0.00000182
9.1575	-0.00000315
9.1624	-0.00000244
9.1675	-0.00000107
9.1726	-0.00000047
9.1775	-0.00000119
9.1825	-0.00000196
9.1875	-0.00000034
9.1925	-0.00000096
9.1975	-0.00000095
9.2030	-0.00000022
9.2080	0.00000189
9.2131	0.00000129
9.2179	0.00000105
9.2232	-0.00000036
9.2277	0.00000242
9.2324	0.00000133
9.2374	0.00000254
9.2424	0.00000265
9.2474	0.00000041
9.2524	0.00000010
9.2574	0.00000141
9.2624	0.00000022
9.2673	-0.00000123
9.2725	-0.00000054
9.2776	-0.00000064
9.2826	0.00000234
9.2874	0.00000216
9.2925	0.00000036
9.2976	-0.00000139
9.3031	0.00000015
9.3081	0.00000230
9.3130	0.00000386
9.3180	0.00000276
9.3230	0.00000228
9.3280	0.00000349
9.3332	0.00000315
9.3381	0.00000168
9.3431	0.00000024
9.3481	0.00000150
9.3533	-0.00000000
9.3581	0.00000016
9.3630	-0.00000043
9.3681	0.00000048
9.3730	0.00000008
9.3781	-0.00000176
9.3831	-0.00000266
9.3881	-0.00000222
9.3931	-0.00000468
9.3981	-0.00000296
9.4030	-0.00000094
9.4076	-0.00000090
9.4126	-0.00000029
9.4176	0.00000123
9.4226	0.00000087
9.4276	0.00000062
9.4326	0.00000064
9.4378	0.00000059
9.4426	0.00000049
9.4477	-0.00000032
9.4525	-0.00000107
9.4576	-0.00000299
9.4626	-0.00000228
9.4676	-0.00000209
9.4726	-0.00000399
9.4776	-0.00000264
9.4826	-0.00000238
9.4876	-0.00000254
9.4926	-0.00000285
9.4976	-0.00000348
9.5031	-0.00000133
9.5081	-0.00000176
9.5132	0.00000040
9.5181	0.00000037
9.5230	0.00000029
9.5283	0.00000003
9.5331	-0.00000072
9.5382	-0.00000097
9.5432	-0.00000217
9.5482	-0.00000185
9.5531	-0.00000320
9.5582	-0.00000103
9.5635	0.00000110
9.5682	0.00000218
9.5734	0.00000222
9.5783	0.00000228
9.5832	0.00000173
9.5880	-0.00000033
9.5931	-0.00000002
9.5981	0.00000264
9.6031	0.00000174
9.6076	0.00000122
9.6127	0.00000110
9.6177	0.00000081
9.6227	0.00000193
9.6277	0.00000151
9.6327	0.00000159
9.6377	0.00000076
9.6427	0.00000099
9.6480	0.00000178
9.6526	0.00000133
9.6577	0.00000067
9.6627	-0.00000026
9.6677	0.00000014
9.6727	-0.00000027
9.6777	-0.00000219
9.6827	-0.00000177
9.6876	-0.00000071
9.6927	0.00000211
9.6977	0.00000365
9.7031	0.00000174
9.7083	0.00000143
9.7132	0.00000068
9.7182	0.00000104
9.7231	0.00000261
9.7282	0.00000283
9.7334	0.00000262
9.7383	0.00000443
9.7432	0.00000208
9.7483	0.00000092
9.7533	0.00000170
9.7583	0.00000045
9.7632	-0.00000015
9.7682	-0.00000079
9.7732	-0.00000120
9.7783	-0.00000143
9.7833	-0.00000018
9.7883	-0.00000047
9.7933	-0.00000111
9.7982	-0.00000331
9.8033	-0.00000364
9.8078	-0.00000254
9.8128	-0.00000260
9.8178	-0.00000347
9.8229	-0.00000310
9.8278	-0.00000149
9.8328	-0.00000256
9.8378	-0.00000287
9.8428	-0.00000191
9.8478	-0.00000252
9.8527	-0.00000164
9.8578	-0.00000254
9.8628	-0.00000504
9.8678	-0.00000267
9.8728	-0.00000310
9.8779	-0.00000020
9.8828	0.00000017
9.8877	0.00000114
9.8929	0.00000137
9.8979	0.00000085
9.9033	0.00000104
9.9084	0.00000106
9.9135	0.00000047
9.9184	0.00000049
9.9233	0.00000068
9.9286	0.00000102
9.9336	0.00000107
9.9385	0.00000005
9.9436	0.00000058
9.9486	-0.00000054
9.9536	0.00000047
9.9586	0.00000125
9.9635	-0.00000141
9.9685	-0.00000080
9.9734	-0.00000098
9.9785	0.00000018
9.9836	-0.00000069
9.9885	-0.00000094
9.9939	-0.00000045
9.9986	-0.00000090
10.0037	-0.00000033
10.0084	-0.00000132
10.0134	-0.00000109
10.0184	-0.00000091
10.0234	-0.00000157
10.0283	-0.00000069
10.0334	-0.00000148
10.0384	-0.00000211
10.0434	-0.00000245
10.0482	-0.00000188
10.0533	-0.00000186
10.0584	-0.00000201
10.0633	-0.00000262
10.0684	-0.00000393
10.0733	-0.00000143
10.0783	-0.00000016
10.0835	-0.00000055
10.0884	-0.00000114
10.0935	-0.00000175
10.0983	-0.00000149
10.1035	-0.00000158
10.1084	-0.00000250
10.1134	-0.00000274
10.1181	-0.00000261
10.1233	-0.00000162
10.1283	-0.00000084
10.1331	-0.00000166
10.1381	-0.00000063
10.1432	-0.00000216
10.1482	0.00000004
10.1532	-0.00000006
10.1583	0.00000022
10.1632	0.00000028
10.1678	0.00000038
10.1728	-0.00000123
10.1778	-0.00000187
10.1828	-0.00000153
10.1878	-0.00000129
10.1928	-0.00000090
10.1979	-0.00000060
10.2027	-0.00000100
10.2075	-0.00000104
10.2127	0.00000026
10.2176	0.00000040
10.2225	0.00000166
10.2276	0.00000071
10.2326	0.00000174
10.2379	0.00000087
10.2426	-0.00000107
10.2476	-0.00000101
10.2525	-0.00000049
10.2575	-0.00000070
10.2626	-0.00000259
10.2676	-0.00000033
10.2726	0.00000051
10.2778	0.00000141
10.2827	0.00000139
10.2876	-0.00000009
10.2927	0.00000078
10.2977	0.00000007
10.3028	0.00000038
10.3074	-0.00000053
10.3125	0.00000236
10.3175	0.00000135
10.3225	0.00000105
10.3275	0.00000002
10.3325	0.00000035
10.3375	0.00000083
10.3426	0.00000092
10.3475	0.00000138
10.3524	0.00000204
10.3575	0.00000157
10.3625	0.00000138
10.3675	0.00000097
10.3725	0.00000076
10.3775	0.00000044
10.3825	-0.00000050
10.3873	-0.00000168
10.3916	-0.00000146
10.3967	-0.00000176
10.4016	0.00000036
10.4062	0.00000140
10.4112	-0.00000134
10.4162	-0.00000159
10.4212	-0.00000321
10.4262	-0.00000487
10.4312	-0.00000220
10.4362	-0.00000025
10.4412	-0.00000187
10.4462	-0.00000428
10.4512	-0.00000321
10.4562	-0.00000449
10.4613	-0.00000018
10.4662	-0.00000438
10.4711	-0.00000239
10.4762	-0.00000348
10.4811	-0.00000331
10.4865	-0.00000134
10.4913	-0.00000430
10.4964	-0.00000424
10.5012	-0.00000072
10.5055	0.00000391
10.5104	0.00000297
10.5155	0.00000331
10.5205	0.00000311
10.5254	0.00000582
10.5307	0.00000189
10.5354	-0.00000110
10.5405	0.00000107
10.5455	-0.00000337
10.5505	0.00000578
10.5555	0.00000196
10.5605	0.00000129
10.5655	-0.00000023
10.5706	-0.00000229
10.5755	-0.00000265
10.5808	-0.00000139
10.5857	-0.00000079
10.5908	0.00000147
10.5955	-0.00000334
10.6007	-0.00000147
10.6052	-0.00000287
10.6101	-0.00000142
10.6152	0.00000357
10.6202	-0.00000333
10.6253	-0.00000147
10.6303	-0.00000047
10.6355	-0.00000354
10.6404	-0.00000442
10.6453	0.00000106
10.6503	-0.00000382
10.6553	-0.00000082
10.6603	-0.00000479
10.6653	-0.00000182
10.6702	-0.00000347
10.6754	-0.00000264
10.6804	-0.00000070
10.6852	-0.00000020
10.6900	0.00000163
10.6951	0.00000115
10.6998	-0.00000170
10.7048	-0.00000220
10.7092	0.00000136
10.7142	-0.00000130
10.7192	-0.00000214
10.7241	-0.00000070
10.7293	-0.00000023
10.7342	0.00000190
10.7393	0.00000105
10.7444	-0.00000049
10.7494	0.00000187
10.7544	-0.00000061
10.7594	-0.00000366
10.7644	-0.00000058
10.7692	0.00000040
10.7743	-0.00000437
10.7795	-0.00000473
10.7843	0.00000345
10.7897	-0.00000121
10.7945	-0.00000051
10.7994	-0.00000010
10.8049	0.00000163
10.8102	-0.00000369
10.8152	0.00000199
10.8200	0.00000230
10.8249	0.00000530
10.8300	0.00000444
10.8350	0.00000352
10.8403	-0.00000008
10.8450	0.00000047
10.8501	-0.00000184
10.8550	0.00000257
10.8600	0.00000179
10.8650	0.00000184
10.8701	0.00000056
10.8756	-0.00000395
10.8806	0.00000063
10.8856	0.00000112
10.8907	0.00000013
10.8959	0.00000236
10.9010	0.00000004
10.9058	0.00000164
10.9107	0.00000235
10.9155	-0.00000041
10.9205	-0.00000169
10.9281	-0.00000038
10.9326	-0.00000357
10.9377	-0.00000201
10.9425	-0.00000103
10.9477	0.00000002
10.9524	-0.00000132
10.9575	-0.00000254
10.9625	-0.00000237
10.9675	0.00000048
10.9739	-0.00000059
10.9787	0.00000152
10.9835	-0.00000213
10.9887	-0.00000124
10.9935	-0.00000415
10.9986	-0.00000425
11.0036	-0.00000250
11.0081	-0.00000323
11.0132	-0.00000436
11.0182	-0.00000107
11.0233	-0.00000611
11.0282	-0.00000199
11.0331	-0.00000463
11.0391	-0.00000158
11.0442	-0.00000172
11.0491	-0.00000553
11.0540	-0.00000608
11.0591	-0.00000489
11.0640	-0.00000314
11.0690	-0.00000183
11.0740	0.00000219
11.0791	-0.00000287
11.0841	0.00000091
11.0901	-0.00000365
11.0951	-0.00000092
11.1001	0.00000103
11.1064	-0.00000138
11.1116	-0.00000302
11.1166	-0.00000487
11.1219	-0.00000089
11.1265	-0.00000191
11.1315	-0.00000397
11.1367	-0.00000058
11.1415	-0.00000370
11.1466	-0.00000579
11.1516	-0.00000425
11.1565	-0.00000133
11.1616	-0.00000341
11.1664	-0.00000336
11.1717	-0.00000088
11.1766	0.00000192
11.1816	-0.00000256
11.1866	-0.00000535
11.1915	0.00000031
11.1966	-0.00000549
11.2015	-0.00000233
11.2063	-0.00000050
11.2110	0.00000289
11.2161	-0.00000261
11.2212	-0.00000814
11.2260	-0.00000138
11.2313	-0.00000466
11.2364	-0.00000481
11.2412	-0.00000204
11.2463	-0.00000053
11.2512	-0.00000322
11.2562	-0.00000521
11.2613	-0.00000397
11.2662	-0.00000727
11.2726	-0.00000605
11.2772	-0.00000322
11.2822	-0.00000023
11.2871	-0.00000310
11.2914	-0.00000056
11.2962	-0.00000089
11.3011	-0.00000284
11.3064	0.00000031
11.3111	-0.00000299
11.3161	-0.00000557
11.3209	-0.00000016
11.3259	-0.00000466
11.3310	-0.00000248
11.3361	-0.00000068
11.3409	0.00000083
11.3460	0.00000382
11.3505	0.00000108
11.3561	0.00000272
11.3605	0.00000081
11.3654	-0.00000156
11.3697	-0.00000374
11.3746	-0.00000338
11.3798	-0.00000063
11.3847	-0.00000013
11.3897	-0.00000138
11.3949	-0.00000245
11.3998	-0.00000473
11.4057	-0.00000510
11.4103	-0.00000722
11.4153	-0.00000203
11.4202	-0.00000715
11.4253	-0.00001060
11.4302	-0.00000599
11.4352	-0.00000730
11.4406	-0.00000589
11.4454	-0.00000724
11.4502	-0.00000610
11.4553	-0.00000337
11.4603	-0.00000024
11.4656	-0.00000393
11.4703	-0.00000194
11.4753	-0.00000552
11.4804	-0.00000795
11.4852	-0.00000540
11.4910	-0.00000272
11.4965	-0.00000294
11.5013	-0.00000471
11.5077	-0.00000653
11.5122	-0.00000514
11.5171	0.00000101
11.5248	-0.00000678
11.5292	-0.00000699
11.5340	-0.00000464
11.5391	-0.00000316
11.5440	-0.00000519
11.5490	-0.00000759
11.5540	-0.00000525
11.5589	-0.00000018
11.5639	-0.00000729
11.5689	-0.00000226
11.5740	-0.00000645
11.5791	-0.00000597
11.5840	-0.00000535
11.5895	-0.00000630
11.5941	-0.00000763
11.5990	-0.00000745
11.6039	-0.00000525
11.6085	-0.00000415
11.6134	-0.00000120
11.6184	-0.00000381
11.6236	-0.00000422
11.6286	-0.00000168
11.6335	-0.00000383
11.6400	-0.00000073
11.6444	-0.00000043
11.6495	-0.00000471
11.6545	-0.00000011
11.6596	-0.00000347
11.6646	-0.00000258
11.6696	-0.00000218
11.6745	-0.00000643
11.6796	-0.00000143
11.6847	-0.00000425
11.6897	-0.00000367
11.6947	0.00000109
11.6997	-0.00000453
11.7061	-0.00000509
11.7103	-0.00000631
11.7152	-0.00000394
11.7202	-0.00000503
11.7251	-0.00000182
11.7302	-0.00000611
11.7351	-0.00000430
11.7403	-0.00000394
11.7453	-0.00000172
11.7502	-0.00000460
11.7561	-0.00000415
11.7613	-0.00000981
11.7662	-0.00000416
11.7721	-0.00000585
11.7773	-0.00000368
11.7822	-0.00000463
11.7876	-0.00000812
11.7923	-0.00000636
11.7973	-0.00000497
11.8023	-0.00000207
11.8068	-0.00000702
11.8118	-0.00000943
11.8168	-0.00000703
11.8223	-0.00000470
11.8269	-0.00000520
11.8319	-0.00000704
11.8368	-0.00000676
11.8419	-0.00000308
11.8468	-0.00000263
11.8520	-0.00000338
11.8569	-0.00000401
11.8620	-0.00000793
11.8674	-0.00000564
11.8734	-0.00000369
11.8780	-0.00000478
11.8830	-0.00000667
11.8898	-0.00000318
11.8951	-0.00000388
11.8993	-0.00000420
11.9066	-0.00000659
11.9108	-0.00000114
11.9159	-0.00000260
11.9213	-0.00000518
11.9260	-0.00000318
11.9311	-0.00000653
11.9361	-0.00000874
11.9409	-0.00000686
11.9460	-0.00000642
11.9509	-0.00000466
11.9564	-0.00000696
11.9609	-0.00000788
11.9659	-0.00000430
11.9720	-0.00000783
11.9769	-0.00000745
11.9818	-0.00000693
11.9869	-0.00000471
11.9919	-0.00000805
11.9969	-0.00000698
12.0018	-0.00000442
12.0068	-0.00000491
12.0115	-0.00000389
12.0164	-0.00000449
12.0216	-0.00000623
12.0265	-0.00001004
12.0314	-0.00000974
12.0365	-0.00000764
12.0415	-0.00000755
12.0465	-0.00001007
12.0514	-0.00000913
12.0563	-0.00000526
12.0613	-0.00000480
12.0663	-0.00000615
12.0718	-0.00000703
12.0763	-0.00000566
12.0814	-0.00000670
12.0864	-0.00000665
12.0914	-0.00000872
12.0965	-0.00001098
12.1014	-0.00000769
12.1061	-0.00000916
12.1114	-0.00000736
12.1162	-0.00000894
12.1227	-0.00000720
12.1272	-0.00000896
12.1321	-0.00000814
12.1373	-0.00001325
12.1435	-0.00001165
12.1482	-0.00001136
12.1533	-0.00000707
12.1605	-0.00000743
12.1654	-0.00001224
12.1700	-0.00000812
12.1751	-0.00000807
12.1802	-0.00000881
12.1851	-0.00001331
12.1902	-0.00001061
12.1951	-0.00000608
12.2001	-0.00000352
12.2051	-0.00000444
12.2097	-0.00000621
12.2146	-0.00000637
12.2197	-0.00001010
12.2246	-0.00000784
12.2298	-0.00000875
12.2346	-0.00001455
12.2396	-0.00001281
12.2448	-0.00000899
12.2498	-0.00000912
12.2550	-0.00000799
12.2597	-0.00000966
12.2647	-0.00000889
12.2697	-0.00000964
12.2748	-0.00001024
12.2798	-0.00001083
12.2846	-0.00000832
12.2897	-0.00001186
12.2947	-0.00001254
12.3000	-0.00001702
12.3053	-0.00001054
12.3106	-0.00000849
12.3155	-0.00001020
12.3204	-0.00001034
12.3254	-0.00000929
12.3304	-0.00000994
12.3357	-0.00001121
12.3406	-0.00001255
12.3456	-0.00000697
12.3500	-0.00001147
12.3553	-0.00001179
12.3598	-0.00001441
12.3646	-0.00000761
12.3697	-0.00001070
12.3752	-0.00001304
12.3802	-0.00001095
12.3847	-0.00000925
12.3896	-0.00001306
12.3947	-0.00001529
12.3996	-0.00001163
12.4045	-0.00001253
12.4100	-0.00000375
12.4147	-0.00000424
12.4198	-0.00000405
12.4250	-0.00000413
12.4298	-0.00000224
12.4352	-0.00000282
12.4401	-0.00000218
12.4452	-0.00000203
12.4502	-0.00000303
12.4552	-0.00000428
12.4602	-0.00000286
12.4651	-0.00000163
12.4702	-0.00000299
12.4752	-0.00000297
12.4801	-0.00000237
12.4850	-0.00000165
12.4902	-0.00000152
12.4952	-0.00000170
12.5001	-0.00000216
12.5051	-0.00000108
12.5096	-0.00000069
12.5149	-0.00000158
12.5197	-0.00000411
12.5250	-0.00000246
12.5297	-0.00000308
12.5347	-0.00000411
12.5397	-0.00000288
12.5446	-0.00000275
12.5496	-0.00000057
12.5547	-0.00000190
12.5597	-0.00000186
12.5647	-0.00000382
12.5697	-0.00000467
12.5747	-0.00000406
12.5797	-0.00000116
12.5847	-0.00000219
12.5897	-0.00000131
12.5948	-0.00000212
12.5997	-0.00000164
12.6049	-0.00000244
12.6095	-0.00000196
12.6143	-0.00000083
12.6196	0.00000068
12.6243	0.00000190
12.6293	0.00000103
12.6342	0.00000124
12.6394	0.00000029
12.6444	0.00000261
12.6493	0.00000299
12.6543	0.00000263
12.6587	0.00000278
12.6638	0.00000392
12.6686	0.00000336
12.6736	0.00000373
12.6786	0.00000444
12.6836	0.00000291
12.6886	0.00000291
12.6936	0.00000105
12.6986	-0.00000086
12.7038	0.00000151
12.7082	0.00000196
12.7130	-0.00000082
12.7181	-0.00000112
12.7231	-0.00000116
12.7281	-0.00000079
12.7331	-0.00000076
12.7381	0.00000129
12.7431	0.00000015
12.7483	-0.00000119
12.7532	-0.00000032
12.7583	0.00000067
12.7632	0.00000145
12.7675	0.00000088
12.7725	0.00000152
12.7775	0.00000086
12.7825	0.00000122
12.7876	0.00000033
12.7926	0.00000014
12.7976	-0.00000076
12.8027	-0.00000185
12.8077	-0.00000136
12.8131	-0.00000107
12.8182	0.00000017
12.8231	0.00000044
12.8280	0.00000008
12.8330	-0.00000019
12.8380	-0.00000088
12.8429	-0.00000054
12.8480	0.00000100
12.8529	0.00000039
12.8579	-0.00000076
12.8630	0.00000036
12.8680	0.00000040
12.8730	0.00000364
12.8780	0.00000195
12.8829	0.00000308
12.8880	0.00000531
12.8929	0.00000377
12.8980	0.00000327
12.9030	0.00000274
12.9080	0.00000216
12.9125	0.00000307
12.9172	0.00000475
12.9221	0.00000302
12.9272	0.00000331
12.9324	0.00000378
12.9372	0.00000388
12.9422	0.00000313
12.9472	0.00000269
12.9522	0.00000335
12.9572	0.00000188
12.9622	0.00000033
12.9672	-0.00000103
12.9722	-0.00000054
12.9772	-0.00000079
12.9822	-0.00000018
12.9873	0.00000085
12.9923	0.00000021
12.9969	-0.00000021
13.0018	-0.00000014
13.0067	-0.00000137
13.0114	-0.00000217
13.0167	-0.00000259
13.0215	-0.00000116
13.0264	-0.00000224
13.0316	-0.00000404
13.0365	-0.00000295
13.0415	-0.00000328
13.0465	-0.00000389
13.0514	-0.00000478
13.0561	-0.00000584
13.0611	-0.00000551
13.0661	-0.00000314
13.0711	-0.00000300
13.0761	-0.00000271
13.0811	-0.00000151
13.0862	-0.00000103
13.0912	0.00000056
13.0961	0.00000020
13.1011	-0.00000098
13.1061	-0.00000181
13.1107	-0.00000064
13.1157	-0.00000083
13.1207	0.00000086
13.1257	0.00000093
13.1307	0.00000023
13.1357	0.00000177
13.1407	0.00000139
13.1457	0.00000168
13.1506	0.00000221
13.1557	0.00000163
13.1598	0.00000092
13.1647	0.00000049
13.1697	-0.00000075
13.1747	-0.00000260
13.1797	-0.00000061
13.1848	-0.00000090
13.1896	0.00000007
13.1945	0.00000245
13.1996	0.00000398
13.2045	0.00000318
13.2090	0.00000247
13.2141	0.00000427
13.2191	0.00000318
13.2242	0.00000342
13.2295	0.00000394
13.2342	0.00000464
13.2392	0.00000515
13.2441	0.00000419
13.2492	0.00000232
13.2542	0.00000248
13.2592	0.00000046
13.2642	0.00000148
13.2692	0.00000147
13.2742	0.00000027
13.2792	0.00000004
13.2841	0.00000089
13.2892	0.00000062
13.2942	0.00000104
13.2992	0.00000109
13.3042	0.00000230
13.3088	0.00000059
13.3131	0.00000005
13.3181	0.00000076
13.3231	0.00000141
13.3281	0.00000164
13.3331	0.00000009
13.3381	0.00000091
13.3431	0.00000171
13.3478	0.00000088
13.3528	0.00000048
13.3575	-0.00000053
13.3619	-0.00000080
13.3668	-0.00000055
13.3719	-0.00000071
13.3768	0.00000098
13.3818	0.00000151
13.3869	0.00000134
13.3918	0.00000129
13.3969	-0.00000146
13.4019	-0.00000121
13.4069	-0.00000090
13.4113	-0.00000070
13.4166	-0.00000137
13.4214	-0.00000155
13.4263	-0.00000256
13.4313	-0.00000335
13.4363	-0.00000291
13.4413	-0.00000187
13.4463	-0.00000047
13.4514	-0.00000002
13.4564	-0.00000038
13.4613	-0.00000003
13.4664	0.00000196
13.4715	0.00000046
13.4764	-0.00000027
13.4814	-0.00000011
13.4865	-0.00000027
13.4913	-0.00000113
13.4964	-0.00000026
13.5014	-0.00000099
13.5064	-0.00000250
13.5109	-0.00000273
13.5158	-0.00000217
13.5209	-0.00000255
13.5258	-0.00000042
13.5308	0.00000004
13.5358	0.00000008
13.5409	0.00000009
13.5459	0.00000259
13.5509	0.00000312
13.5559	0.00000214
13.5609	0.00000186
13.5658	0.00000367
13.5709	0.00000452
13.5759	0.00000307
13.5809	0.00000183
13.5858	0.00000203
13.5910	0.00000177
13.5960	0.00000194
13.6010	-0.00000016
13.6060	-0.00000113
13.6104	-0.00000155
13.6155	-0.00000111
13.6207	-0.00000072
13.6255	0.00000036
13.6305	0.00000137
13.6354	0.00000287
13.6405	0.00000210
13.6455	-0.00000024
13.6505	-0.00000127
13.6555	-0.00000085
13.6604	-0.00000261
13.6654	-0.00000187
13.6704	-0.00000070
13.6755	0.00000049
13.6804	0.00000211
13.6855	0.00000226
13.6905	0.00000275
13.6954	0.00000344
13.7004	0.00000387
13.7057	0.00000337
13.7104	0.00000325
13.7153	0.00000223
13.7200	0.00000212
13.7250	0.00000203
13.7300	0.00000128
13.7350	0.00000249
13.7400	0.00000245
13.7450	0.00000114
13.7501	0.00000138
13.7550	0.00000115
13.7601	0.00000088
13.7651	-0.00000042
13.7700	-0.00000022
13.7751	0.00000038
13.7801	-0.00000154
13.7850	0.00000044
13.7903	0.00000071
13.7950	0.00000057
13.8003	-0.00000046
13.8049	0.00000042
13.8095	0.00000060
13.8146	0.00000132
13.8197	0.00000066
13.8246	0.00000148
13.8295	0.00000121
13.8346	0.00000237
13.8396	0.00000202
13.8445	0.00000219
13.8495	0.00000203
13.8546	0.00000000
13.8596	-0.00000024
13.8645	0.00000022
13.8697	0.00000025
13.8747	-0.00000068
13.8796	-0.00000320
13.8845	-0.00000225
13.8895	-0.00000369
13.8945	-0.00000296
13.8996	-0.00000201
13.9047	-0.00000213
13.9097	-0.00000130
13.9145	-0.00000135
13.9195	-0.00000059
13.9243	0.00000044
13.9296	0.00000206
13.9345	0.00000151
13.9395	0.00000105
13.9443	0.00000105
13.9495	0.00000049
13.9544	0.00000041
13.9595	-0.00000193
13.9644	-0.00000138
13.9694	-0.00000139
13.9745	-0.00000163
13.9794	-0.00000291
13.9845	-0.00000257
13.9895	-0.00000175
13.9943	0.00000029
13.9994	0.00000098
14.0045	0.00000061
14.0100	0.00000147
14.0151	0.00000237
14.0201	0.00000132
14.0250	0.00000059
14.0301	0.00000004
14.0351	-0.00000033
14.0401	0.00000001
14.0452	-0.00000123
14.0500	-0.00000205
14.0550	-0.00000076
14.0600	-0.00000017
14.0650	-0.00000198
14.0701	-0.00000087
14.0752	0.00000023
14.0800	-0.00000017
14.0850	-0.00000021
14.0900	-0.00000042
14.0950	0.00000013
14.1000	0.00000209
14.1051	0.00000305
14.1101	0.00000144
14.1145	0.00000243
14.1194	0.00000267
14.1246	0.00000230
14.1298	0.00000257
14.1345	0.00000298
14.1396	0.00000186
14.1446	0.00000184
14.1496	0.00000235
14.1546	0.00000106
14.1595	0.00000053
14.1647	-0.00000009
14.1696	0.00000011
14.1746	-0.00000084
14.1797	-0.00000143
14.1846	-0.00000133
14.1895	0.00000008
14.1946	0.00000055
14.1996	-0.00000039
14.2048	0.00000154
14.2103	0.00000088
14.2149	0.00000051
14.2199	-0.00000008
14.2249	0.00000046
14.2300	0.00000046
14.2349	-0.00000190
14.2399	-0.00000136
14.2448	-0.00000028
14.2497	-0.00000054
14.2548	-0.00000093
14.2598	0.00000027
14.2651	-0.00000063
14.2699	0.00000026
14.2751	-0.00000025
14.2800	-0.00000002
14.2849	0.00000019
14.2898	0.00000103
14.2948	0.00000116
14.2999	0.00000110
14.3052	0.00000071
14.3104	0.00000110
14.3153	-0.00000060
14.3206	-0.00000187
14.3256	-0.00000134
14.3305	-0.00000035
14.3354	0.00000031
14.3404	-0.00000087
14.3455	-0.00000069
14.3506	0.00000075
14.3554	-0.00000077
14.3606	-0.00000128
14.3653	-0.00000172
14.3705	-0.00000259
14.3753	-0.00000019
14.3804	-0.00000076
14.3855	-0.00000027
14.3903	0.00000138
14.3953	-0.00000061
14.4004	-0.00000210
14.4054	0.00000009
14.4108	-0.00000035
14.4161	0.00000061
14.4210	-0.00000026
14.4259	-0.00000072
14.4310	0.00000028
14.4358	-0.00000042
14.4409	-0.00000031
14.4461	-0.00000005
14.4511	0.00000080
14.4559	-0.00000000
14.4609	-0.00000028
14.4660	0.00000114
14.4709	0.00000162
14.4759	0.00000125
14.4810	0.00000176
14.4859	0.00000289
14.4910	0.00000056
14.4960	0.00000076
14.5009	0.00000003
14.5059	-0.00000019
14.5104	0.00000122
14.5154	0.00000064
14.5205	-0.00000025
14.5254	-0.00000111
14.5305	-0.00000111
14.5354	-0.00000059
14.5404	-0.00000076
14.5454	-0.00000017
14.5504	-0.00000179
14.5554	-0.00000295
14.5603	-0.00000072
14.5655	-0.00000140
14.5704	-0.00000116
14.5754	-0.00000123
14.5805	-0.00000069
14.5855	0.00000111
14.5905	-0.00000133
14.5957	-0.00000093
14.6007	-0.00000041
14.6056	-0.00000160
14.6106	-0.00000052
14.6153	0.00000033
14.6197	-0.00000048
14.6248	-0.00000191
14.6297	-0.00000211
14.6347	-0.00000012
14.6396	0.00000015
14.6447	-0.00000017
14.6497	-0.00000028
14.6548	-0.00000147
14.6598	-0.00000012
14.6648	0.00000039
14.6701	-0.00000071
14.6751	-0.00000085
14.6799	-0.00000126
14.6849	-0.00000045
14.6902	-0.00000004
14.6948	-0.00000114
14.7002	-0.00000099
14.7049	-0.00000008
14.7100	-0.00000056
14.7145	0.00000009
14.7195	0.00000101
14.7244	0.00000141
14.7295	0.00000121
14.7344	0.00000175
14.7394	0.00000057
14.7444	0.00000064
14.7494	-0.00000069
14.7545	-0.00000060
14.7595	-0.00000091
14.7645	-0.00000080
14.7695	-0.00000141
14.7745	-0.00000175
14.7794	-0.00000122
14.7848	0.00000055
14.7894	0.00000128
14.7945	0.00000221
14.7998	0.00000102
14.8045	0.00000249
14.8095	0.00000407
14.8141	0.00000220
14.8191	0.00000261
14.8241	0.00000110
14.8292	0.00000275
14.8343	0.00000263
14.8392	0.00000452
14.8442	0.00000337
14.8494	0.00000214
14.8542	0.00000289
14.8587	0.00000214
14.8637	0.00000188
14.8686	0.00000299
14.8735	0.00000266
14.8786	0.00000169
14.8836	0.00000226
14.8886	0.00000271
14.8936	0.00000221
14.8985	0.00000341
14.9037	0.00000136
14.9086	0.00000292
14.9134	0.00000391
14.9181	0.00000171
14.9234	0.00000204
14.9283	0.00000291
14.9334	0.00000199
14.9383	0.00000113
14.9432	-0.00000028
14.9483	-0.00000053
14.9533	0.00000085
14.9583	0.00000140
14.9631	0.00000061
14.9681	0.00000220
14.9731	0.00000060
14.9783	0.00000091
14.9833	0.00000039
14.9882	0.00000064
14.9933	0.00000067
14.9983	0.00000186
15.0034	0.00000305
15.0083	0.00000191
15.0127	0.00000048
15.0179	0.00000150
15.0227	0.00000144
15.0278	0.00000007
15.0328	-0.00000058
15.0377	-0.00000101
15.0429	-0.00000283
15.0479	-0.00000172
15.0528	-0.00000238
15.0569	-0.00000357
15.0618	-0.00000363
15.0669	-0.00000204
15.0720	-0.00000028
15.0761	-0.00000016
15.0812	-0.00000215
15.0862	-0.00000102
15.0912	-0.00000162
15.0962	-0.00000224
15.1012	-0.00000187
15.1054	-0.00000113
15.1097	-0.00000014
15.1142	0.00000132
15.1193	0.00000104
15.1244	0.00000130
15.1294	0.00000047
15.1344	0.00000029
15.1393	-0.00000038
15.1444	-0.00000046
15.1492	0.00000049
15.1533	0.00000206
15.1584	0.00000217
15.1634	0.00000278
15.1684	0.00000280
15.1733	0.00000196
15.1782	-0.00000102
15.1834	-0.00000015
15.1883	-0.00000082
15.1933	-0.00000132
15.1975	-0.00000029
15.2025	0.00000007
15.2075	0.00000012
15.2120	0.00000010
15.2171	-0.00000115
15.2221	-0.00000138
15.2271	-0.00000126
15.2321	0.00000032
15.2371	0.00000030
15.2421	0.00000039
15.2471	0.00000045
15.2521	0.00000167
15.2571	0.00000221
15.2620	0.00000302
15.2661	0.00000364
15.2711	0.00000427
15.2761	0.00000318
15.2811	0.00000270
15.2862	0.00000174
15.2911	-0.00000134
15.2961	-0.00000071
15.3002	0.00000046
15.3052	-0.00000138
15.3102	-0.00000024
15.3148	-0.00000034
15.3189	-0.00000149
15.3239	-0.00000213
15.3288	-0.00000137
15.3329	-0.00000118
15.3379	-0.00000299
15.3429	-0.00000203
15.3479	-0.00000185
15.3529	-0.00000034
15.3579	0.00000108
15.3629	0.00000104
15.3679	0.00000027
15.3730	-0.00000052
15.3779	-0.00000041
15.3829	0.00000033
15.3880	0.00000016
15.3929	0.00000183
15.3980	0.00000169
15.4030	0.00000243
15.4080	0.00000213
15.4127	0.00000319
15.4168	0.00000146
15.4218	0.00000024
15.4268	-0.00000022
15.4319	-0.00000065
15.4368	-0.00000186
15.4418	-0.00000095
15.4468	-0.00000058
15.4518	-0.00000069
15.4568	-0.00000097
15.4618	-0.00000046
15.4668	0.00000002
15.4718	0.00000007
15.4768	-0.00000022
15.4818	-0.00000007
15.4868	-0.00000056
15.4918	-0.00000138
15.4968	-0.00000287
15.5009	-0.00000185
15.5059	-0.00000109
15.5109	-0.00000262
15.5157	-0.00000168
15.5207	0.00000072
15.5257	0.00000167
15.5307	0.00000165
15.5357	-0.00000025
15.5407	-0.00000153
15.5456	-0.00000170
15.5507	-0.00000007
15.5557	-0.00000095
15.5607	-0.00000016
15.5656	-0.00000022
15.5707	0.00000157
15.5757	0.00000138
15.5807	0.00000181
15.5857	-0.00000067
15.5907	-0.00000172
15.5956	0.00000013
15.5998	0.00000036
15.6047	0.00000012
15.6098	0.00000042
15.6144	-0.00000098
15.6195	-0.00000090
15.6244	-0.00000169
15.6296	-0.00000103
15.6345	-0.00000187
15.6394	-0.00000052
15.6442	-0.00000059
15.6491	-0.00000030
15.6542	0.00000055
15.6593	0.00000087
15.6643	0.00000155
15.6693	0.00000190
15.6744	0.00000360
15.6792	0.00000276
15.6843	0.00000259
15.6893	0.00000190
15.6943	0.00000107
15.6994	0.00000137
15.7044	0.00000170
15.7094	0.00000080
15.7141	0.00000140
15.7187	0.00000082
15.7237	0.00000135
15.7287	0.00000028
15.7337	0.00000053
15.7387	0.00000170
15.7439	0.00000068
15.7486	-0.00000173
15.7538	-0.00000148
15.7589	0.00000078
15.7637	0.00000158
15.7687	0.00000263
15.7737	0.00000168
15.7787	0.00000173
15.7837	0.00000131
15.7887	0.00000253
15.7939	0.00000053
15.7988	0.00000069
15.8038	0.00000117
15.8089	-0.00000028
15.8134	-0.00000179
15.8187	-0.00000203
15.8237	-0.00000185
15.8285	-0.00000105
15.8335	-0.00000278
15.8387	-0.00000130
15.8434	-0.00000091
15.8484	-0.00000259
15.8535	-0.00000162
15.8585	-0.00000106
15.8635	-0.00000095
15.8685	-0.00000155
15.8736	-0.00000109
15.8785	-0.00000086
15.8835	0.00000050
15.8884	0.00000024
15.8934	-0.00000011
15.8985	0.00000148
15.9035	0.00000172
15.9085	0.00000203
15.9130	0.00000236
15.9182	0.00000282
15.9229	0.00000459
15.9271	0.00000168
15.9321	0.00000110
15.9371	0.00000086
15.9429	0.00000111
15.9481	-0.00000144
15.9526	-0.00000083
15.9576	-0.00000141
15.9626	-0.00000212
15.9675	-0.00000084
15.9725	-0.00000030
15.9774	-0.00000034
15.9825	0.00000017
15.9876	0.00000047
15.9925	0.00000185
15.9975	0.00000153
16.0018	0.00000215
16.0068	0.00000156
16.0118	0.00000132
16.0164	0.00000071
16.0215	0.00000174
16.0264	0.00000034
16.0314	0.00000058
16.0358	0.00000122
16.0408	0.00000179
16.0458	0.00000222
16.0508	0.00000138
16.0558	0.00000183
16.0608	0.00000290
16.0658	0.00000313
16.0708	0.00000180
16.0758	-0.00000097
16.0808	0.00000083
16.0858	0.00000112
16.0908	0.00000086
16.0958	0.00000054
16.1008	-0.00000079
16.1058	-0.00000128
16.1108	-0.00000151
16.1156	-0.00000146
16.1200	-0.00000222
16.1249	-0.00000429
16.1300	-0.00000410
16.1349	-0.00000241
16.1399	-0.00000220
16.1449	-0.00000003
16.1490	-0.00000003
16.1540	-0.00000054
16.1590	0.00000059
16.1640	-0.00000158
16.1690	-0.00000104
16.1740	-0.00000218
16.1790	-0.00000004
16.1840	-0.00000015
16.1890	-0.00000189
16.1940	-0.00000071
16.1991	-0.00000223
16.2041	-0.00000356
16.2091	-0.00000180
16.2138	-0.00000141
16.2181	-0.00000180
16.2229	-0.00000133
16.2279	-0.00000189
16.2329	-0.00000020
16.2379	0.00000107
16.2422	0.00000040
16.2471	0.00000036
16.2521	0.00000051
16.2571	0.00000064
16.2621	0.00000110
16.2672	0.00000195
16.2722	0.00000050
16.2772	0.00000134
16.2822	-0.00000187
16.2872	-0.00000115
16.2922	-0.00000153
16.2971	-0.00000086
16.3022	-0.00000048
16.3073	-0.00000250
16.3127	-0.00000257
16.3174	-0.00000176
16.3225	-0.00000150
16.3275	-0.00000133
16.3325	-0.00000265
16.3375	-0.00000217
16.3425	-0.00000179
16.3474	-0.00000066
16.3525	-0.00000150
16.3575	-0.00000082
16.3625	-0.00000061
16.3676	-0.00000044
16.3726	-0.00000024
16.3776	-0.00000091
16.3826	-0.00000066
16.3876	-0.00000042
16.3926	0.00000038
16.3974	-0.00000145
16.4018	-0.00000118
16.4065	-0.00000084
16.4117	-0.00000123
16.4165	0.00000062
16.4215	-0.00000016
16.4265	-0.00000041
16.4314	0.00000006
16.4364	0.00000037
16.4414	-0.00000052
16.4464	-0.00000030
16.4514	-0.00000130
16.4563	-0.00000186
16.4614	-0.00000168
16.4666	-0.00000056
16.4716	-0.00000207
16.4765	-0.00000086
16.4813	-0.00000039
16.4865	-0.00000124
16.4914	-0.00000068
16.4966	0.00000057
16.5016	0.00000044
16.5066	-0.00000022
16.5117	-0.00000112
16.5164	0.00000091
16.5214	-0.00000023
16.5264	0.00000014
16.5312	0.00000129
16.5364	0.00000297
16.5414	0.00000235
16.5464	0.00000087
16.5514	0.00000181
16.5565	0.00000066
16.5615	0.00000076
16.5666	0.00000216
16.5715	0.00000163
16.5766	0.00000043
16.5814	0.00000124
16.5865	0.00000045
16.5915	-0.00000019
16.5965	0.00000045
16.6016	0.00000117
16.6066	0.00000153
16.6116	0.00000168
16.6162	0.00000209
16.6213	0.00000217
16.6262	0.00000104
16.6314	0.00000016
16.6362	0.00000055
16.6412	0.00000121
16.6462	0.00000114
16.6512	0.00000004
16.6561	0.00000096
16.6612	0.00000057
16.6662	0.00000209
16.6712	0.00000111
16.6762	0.00000326
16.6811	0.00000264
16.6862	0.00000125
16.6912	0.00000164
16.6962	0.00000115
16.7012	0.00000047
16.7062	-0.00000034
16.7112	-0.00000067
16.7158	0.00000065
16.7208	0.00000101
16.7258	0.00000144
16.7310	0.00000177
16.7358	0.00000217
16.7408	0.00000165
16.7458	0.00000290
16.7508	0.00000065
16.7558	0.00000067
16.7610	0.00000116
16.7658	0.00000128
16.7708	0.00000107
16.7758	0.00000076
16.7807	0.00000179
16.7849	0.00000093
16.7899	-0.00000008
16.7949	-0.00000043
16.7999	0.00000008
16.8051	-0.00000015
16.8101	-0.00000083
16.8150	0.00000064
16.8195	0.00000093
16.8243	0.00000161
16.8285	0.00000070
16.8326	0.00000101
16.8376	0.00000063
16.8426	0.00000048
16.8476	0.00000141
16.8526	0.00000076
16.8576	0.00000019
16.8626	-0.00000013
16.8676	-0.00000051
16.8726	-0.00000098
16.8776	-0.00000100
16.8827	0.00000019
16.8876	-0.00000007
16.8925	0.00000178
16.8979	0.00000072
16.9028	0.00000002
16.9077	0.00000007
16.9126	-0.00000177
16.9172	-0.00000223
16.9223	-0.00000063
16.9273	-0.00000087
16.9322	0.00000071
16.9373	0.00000096
16.9422	0.00000052
16.9472	0.00000135
16.9523	0.00000108
16.9572	-0.00000055
16.9622	-0.00000155
16.9672	-0.00000147
16.9722	-0.00000031
16.9772	0.00000005
16.9821	0.00000109
16.9865	0.00000144
16.9916	0.00000045
16.9965	0.00000094
17.0016	-0.00000155
17.0066	-0.00000143
17.0107	-0.00000018
17.0152	-0.00000055
17.0194	-0.00000043
17.0243	-0.00000031
17.0294	0.00000117
17.0342	0.00000084
17.0392	0.00000147
17.0433	0.00000146
17.0483	0.00000123
17.0535	0.00000191
17.0585	0.00000030
17.0635	0.00000264
17.0685	0.00000296
17.0735	0.00000080
17.0785	-0.00000013
17.0835	0.00000161
17.0885	0.00000058
17.0933	0.00000201
17.0983	0.00000224
17.1033	0.00000275
17.1085	0.00000273
17.1136	0.00000215
17.1186	-0.00000000
17.1236	-0.00000091
17.1286	-0.00000140
17.1336	-0.00000120
17.1388	-0.00000046
17.1436	0.00000005
17.1488	-0.00000001
17.1536	0.00000164
17.1586	0.00000262
17.1636	0.00000106
17.1686	0.00000055
17.1736	0.00000020
17.1786	0.00000015
17.1836	0.00000039
17.1884	0.00000082
17.1934	0.00000115
17.1986	0.00000112
17.2036	0.00000030
17.2087	-0.00000160
17.2136	-0.00000141
17.2186	-0.00000004
17.2237	-0.00000096
17.2287	-0.00000119
17.2336	0.00000048
17.2387	0.00000146
17.2437	0.00000130
17.2486	0.00000080
17.2535	0.00000181
17.2586	-0.00000051
17.2637	-0.00000054
17.2689	0.00000018
17.2740	-0.00000007
17.2789	-0.00000112
17.2839	0.00000033
17.2889	-0.00000039
17.2939	-0.00000008
17.2989	-0.00000043
17.3035	0.00000083
17.3085	0.00000097
17.3134	-0.00000018
17.3176	-0.00000058
17.3226	-0.00000064
17.3275	-0.00000126
17.3326	0.00000039
17.3377	-0.00000098
17.3425	-0.00000035
17.3478	-0.00000071
17.3525	-0.00000167
17.3575	-0.00000131
17.3624	-0.00000010
17.3673	0.00000031
17.3723	-0.00000019
17.3773	-0.00000086
17.3823	-0.00000248
17.3873	-0.00000272
17.3923	-0.00000214
17.3972	-0.00000343
17.4023	-0.00000198
17.4074	-0.00000274
17.4125	-0.00000173
17.4172	-0.00000230
17.4222	-0.00000254
17.4271	-0.00000287
17.4320	-0.00000219
17.4368	-0.00000061
17.4417	0.00000067
17.4465	0.00000161
17.4515	0.00000152
17.4564	0.00000251
17.4613	0.00000302
17.4664	0.00000338
17.4714	0.00000230
17.4764	0.00000144
17.4804	0.00000060
17.4853	0.00000041
17.4904	0.00000156
17.4954	-0.00000042
17.4995	-0.00000180
17.5046	-0.00000129
17.5091	-0.00000093
17.5142	-0.00000078
17.5188	-0.00000060
17.5238	-0.00000029
17.5288	0.00000059
17.5338	0.00000216
17.5387	0.00000074
17.5437	-0.00000029
17.5487	-0.00000061
17.5537	-0.00000075
17.5587	-0.00000116
17.5637	-0.00000069
17.5687	0.00000180
17.5737	0.00000151
17.5787	0.00000225
17.5837	0.00000217
17.5887	0.00000337
17.5937	0.00000253
17.5987	0.00000385
17.6037	0.00000261
17.6088	-0.00000015
17.6138	0.00000141
17.6184	0.00000210
17.6233	0.00000131
17.6283	-0.00000006
17.6336	0.00000019
17.6385	0.00000130
17.6434	0.00000189
17.6485	0.00000207
17.6535	0.00000125
17.6578	0.00000181
17.6628	0.00000178
17.6679	0.00000165
17.6729	0.00000208
17.6777	0.00000286
17.6821	0.00000312
17.6871	0.00000181
17.6921	0.00000116
17.6971	0.00000020
17.7024	0.00000044
17.7073	-0.00000234
17.7124	-0.00000143
17.7169	-0.00000102
17.7219	0.00000037
17.7269	-0.00000010
17.7319	-0.00000058
17.7369	-0.00000051
17.7419	-0.00000040
17.7470	0.00000146
17.7519	0.00000204
17.7569	0.00000113
17.7619	0.00000137
17.7669	0.00000145
17.7719	0.00000083
17.7769	-0.00000039
17.7819	-0.00000109
17.7869	-0.00000121
17.7919	-0.00000054
17.7971	-0.00000033
17.8021	0.00000046
17.8072	0.00000062
17.8121	-0.00000104
17.8166	-0.00000134
17.8217	-0.00000046
17.8266	-0.00000201
17.8316	-0.00000179
17.8366	-0.00000127
17.8417	-0.00000060
17.8464	-0.00000059
17.8514	-0.00000156
17.8564	-0.00000143
17.8614	-0.00000142
17.8657	-0.00000018
17.8709	0.00000031
17.8757	0.00000177
17.8806	0.00000125
17.8856	0.00000020
17.8908	0.00000037
17.8958	0.00000138
17.9008	0.00000168
17.9058	0.00000142
17.9109	0.00000140
17.9159	0.00000126
17.9207	-0.00000130
17.9256	-0.00000045
17.9305	0.00000053
17.9356	-0.00000084
17.9405	0.00000020
17.9447	-0.00000266
17.9498	-0.00000244
17.9548	-0.00000213
17.9598	-0.00000181
17.9647	-0.00000208
17.9698	-0.00000129
17.9749	0.00000023
17.9799	-0.00000087
17.9849	-0.00000266
17.9899	-0.00000243
17.9940	-0.00000212
17.9990	-0.00000187
18.0031	-0.00000072
18.0080	-0.00000013
18.0131	0.00000034
18.0175	0.00000212
18.0218	0.00000065
18.0267	-0.00000173
18.0318	-0.00000090
18.0367	-0.00000047
18.0417	-0.00000181
18.0468	-0.00000273
18.0518	-0.00000225
18.0568	-0.00000346
18.0618	-0.00000338
18.0668	-0.00000265
18.0718	-0.00000238
18.0767	-0.00000274
18.0819	-0.00000292
18.0868	-0.00000247
18.0918	0.00000021
18.0968	0.00000078
18.1019	0.00000054
18.1071	0.00000058
18.1119	0.00000017
18.1170	-0.00000080
18.1221	0.00000067
18.1272	-0.00000094
18.1321	-0.00000178
18.1372	-0.00000198
18.1421	-0.00000022
18.1471	-0.00000095
18.1522	-0.00000243
18.1572	-0.00000229
18.1624	-0.00000123
18.1672	-0.00000032
18.1721	-0.00000046
18.1771	-0.00000058
18.1820	-0.00000176
18.1872	-0.00000210
18.1921	-0.00000016
18.1969	-0.00000081
18.2020	-0.00000162
18.2070	-0.00000281
18.2120	-0.00000272
18.2170	-0.00000219
18.2213	-0.00000219
18.2262	-0.00000277
18.2303	-0.00000231
18.2345	-0.00000332
18.2397	-0.00000166
18.2447	-0.00000166
18.2496	-0.00000240
18.2546	-0.00000176
18.2595	-0.00000205
18.2644	-0.00000081
18.2694	-0.00000085
18.2745	-0.00000069
18.2791	-0.00000020
18.2841	-0.00000102
18.2890	-0.00000231
18.2935	-0.00000003
18.2985	-0.00000054
18.3027	-0.00000124
18.3076	-0.00000089
18.3127	-0.00000073
18.3173	-0.00000068
18.3223	-0.00000042
18.3272	-0.00000020
18.3322	0.00000054
18.3373	0.00000016
18.3424	0.00000266
18.3473	0.00000146
18.3524	0.00000111
18.3573	0.00000211
18.3625	0.00000144
18.3673	0.00000053
18.3723	0.00000005
18.3773	-0.00000077
18.3814	0.00000014
18.3859	-0.00000161
18.3909	-0.00000192
18.3959	-0.00000157
18.4010	-0.00000140
18.4059	-0.00000038
18.4109	-0.00000044
18.4160	-0.00000077
18.4206	0.00000034
18.4256	-0.00000069
18.4306	-0.00000042
18.4356	-0.00000037
18.4406	-0.00000087
18.4456	-0.00000116
18.4506	0.00000040
18.4557	0.00000205
18.4607	0.00000160
18.4656	0.00000093
18.4705	0.00000026
18.4756	0.00000115
18.4805	0.00000119
18.4857	0.00000208
18.4906	0.00000203
18.4956	0.00000222
18.5007	0.00000081
18.5056	0.00000085
18.5107	0.00000179
18.5157	0.00000089
18.5202	0.00000022
18.5253	-0.00000069
18.5300	0.00000057
18.5350	0.00000027
18.5400	-0.00000133
18.5442	-0.00000181
18.5492	-0.00000033
18.5541	-0.00000142
18.5584	0.00000107
18.5634	0.00000027
18.5684	0.00000180
18.5734	0.00000172
18.5784	0.00000073
18.5834	-0.00000174
18.5884	-0.00000029
18.5934	0.00000006
18.5984	-0.00000231
18.6025	-0.00000248
18.6066	-0.00000275
18.6115	-0.00000381
18.6156	-0.00000229
18.6202	-0.00000252
18.6253	-0.00000280
18.6302	-0.00000339
18.6352	-0.00000348
18.6402	-0.00000296
18.6445	-0.00000156
18.6496	-0.00000193
18.6546	-0.00000189
18.6596	-0.00000046
18.6646	0.00000011
18.6697	0.00000220
18.6746	0.00000173
18.6796	0.00000285
18.6846	0.00000304
18.6896	0.00000224
18.6946	0.00000282
18.6996	0.00000190
18.7046	0.00000275
18.7096	0.00000204
18.7146	0.00000041
18.7191	0.00000011
18.7241	-0.00000016
18.7288	0.00000031
18.7339	-0.00000120
18.7389	-0.00000248
18.7430	-0.00000169
18.7480	-0.00000237
18.7530	-0.00000212
18.7572	-0.00000092
18.7624	-0.00000299
18.7674	-0.00000340
18.7725	-0.00000353
18.7774	-0.00000501
18.7825	-0.00000387
18.7873	-0.00000214
18.7924	-0.00000323
18.7974	-0.00000348
18.8018	-0.00000289
18.8068	-0.00000438
18.8119	-0.00000336
18.8169	-0.00000266
18.8215	-0.00000147
18.8262	-0.00000222
18.8312	0.00000047
18.8362	0.00000073
18.8412	0.00000092
18.8463	0.00000284
18.8513	0.00000077
18.8563	0.00000147
18.8611	0.00000107
18.8661	0.00000153
18.8711	0.00000011
18.8761	0.00000125
18.8811	0.00000125
18.8861	0.00000216
18.8912	0.00000062
18.8960	0.00000233
18.9012	0.00000195
18.9062	0.00000256
18.9104	0.00000068
18.9152	0.00000045
18.9199	0.00000060
18.9248	-0.00000062
18.9289	-0.00000104
18.9339	-0.00000188
18.9389	-0.00000270
18.9438	-0.00000324
18.9488	-0.00000216
18.9538	-0.00000161
18.9588	-0.00000095
18.9638	-0.00000070
18.9688	-0.00000187
18.9739	-0.00000315
18.9789	-0.00000298
18.9841	-0.00000207
18.9889	-0.00000199
18.9940	-0.00000206
18.9990	-0.00000125
19.0042	-0.00000203
19.0089	-0.00000024
19.0139	-0.00000049
19.0186	-0.00000098
19.0236	-0.00000122
19.0286	-0.00000110
19.0336	0.00000040
19.0387	0.00000204
19.0436	0.00000082
19.0486	-0.00000064
19.0536	-0.00000048
19.0586	-0.00000085
19.0636	0.00000007
19.0687	-0.00000017
19.0737	-0.00000025
19.0787	-0.00000009
19.0836	-0.00000037
19.0887	0.00000029
19.0937	0.00000040
19.0987	0.00000106
19.1037	0.00000168
19.1087	0.00000028
19.1137	-0.00000073
19.1187	0.00000154
19.1233	0.00000083
19.1283	0.00000010
19.1333	0.00000041
19.1383	-0.00000149
19.1433	-0.00000069
19.1482	0.00000057
19.1533	0.00000080
19.1584	0.00000137
19.1633	-0.00000131
19.1685	-0.00000234
19.1733	-0.00000370
19.1784	-0.00000293
19.1833	-0.00000254
19.1884	-0.00000024
19.1935	0.00000003
19.1984	0.00000060
19.2033	0.00000030
19.2075	0.00000064
19.2124	0.00000028
19.2175	0.00000120
19.2222	0.00000159
19.2272	0.00000212
19.2322	0.00000148
19.2372	0.00000172
19.2421	0.00000186
19.2471	0.00000208
19.2523	0.00000268
19.2574	0.00000190
19.2622	0.00000076
19.2671	0.00000146
19.2722	-0.00000045
19.2771	-0.00000123
19.2821	-0.00000035
19.2871	-0.00000089
19.2921	-0.00000035
19.2971	0.00000048
19.3021	-0.00000058
19.3072	0.00000099
19.3121	0.00000240
19.3172	0.00000225
19.3219	0.00000216
19.3269	0.00000164
19.3319	0.00000200
19.3369	-0.00000021
19.3418	-0.00000113
19.3461	0.00000026
19.3512	0.00000058
19.3562	-0.00000065
19.3612	-0.00000093
19.3661	0.00000056
19.3702	-0.00000035
19.3752	-0.00000076
19.3802	0.00000052
19.3852	0.00000097
19.3901	0.00000099
19.3953	-0.00000027
19.4003	-0.00000190
19.4050	-0.00000144
19.4101	-0.00000297
19.4151	-0.00000438
19.4196	-0.00000409
19.4247	-0.00000397
19.4293	-0.00000246
19.4343	-0.00000210
19.4393	-0.00000217
19.4443	-0.00000346
19.4493	-0.00000315
19.4543	-0.00000153
19.4592	-0.00000107
19.4638	-0.00000012
19.4688	0.00000121
19.4738	0.00000085
19.4787	-0.00000067
19.4830	-0.00000043
19.4880	-0.00000154
19.4925	-0.00000132
19.4972	0.00000073
19.5022	0.00000119
19.5071	0.00000116
19.5121	-0.00000100
19.5172	-0.00000267
19.5217	-0.00000367
19.5268	-0.00000251
19.5317	-0.00000150
19.5368	-0.00000073
19.5418	-0.00000159
19.5469	-0.00000155
19.5518	-0.00000226
19.5568	-0.00000194
19.5619	-0.00000200
19.5669	-0.00000417
19.5717	-0.00000405
19.5768	-0.00000274
19.5818	-0.00000294
19.5868	-0.00000191
19.5918	-0.00000025
19.5968	0.00000009
19.6018	0.00000038
19.6068	-0.00000031
19.6118	-0.00000126
19.6169	0.00000033
19.6214	-0.00000079
19.6264	0.00000031
19.6316	-0.00000226
19.6366	-0.00000259
19.6415	-0.00000172
19.6466	-0.00000230
19.6516	-0.00000130
19.6566	-0.00000314
19.6615	-0.00000053
19.6665	0.00000149
19.6716	0.00000195
19.6765	0.00000200
19.6816	-0.00000017
19.6868	0.00000031
19.6915	0.00000047
19.6965	0.00000092
19.7015	0.00000069
19.7065	0.00000198
19.7118	0.00000019
19.7164	0.00000383
19.7210	0.00000247
19.7260	0.00000162
19.7312	0.00000131
19.7363	0.00000167
19.7412	0.00000142
19.7460	-0.00000012
19.7510	0.00000103
19.7562	0.00000222
19.7610	0.00000188
19.7662	0.00000270
19.7712	0.00000367
19.7762	0.00000238
19.7811	0.00000203
19.7861	0.00000412
19.7911	0.00000404
19.7960	0.00000210
19.8010	0.00000178
19.8055	0.00000175
19.8106	0.00000141
19.8156	0.00000109
19.8202	0.00000040
19.8253	-0.00000108
19.8302	0.00000059
19.8353	-0.00000049
19.8403	0.00000096
19.8452	0.00000056
19.8503	0.00000182
19.8552	0.00000024
19.8603	0.00000067
19.8652	0.00000002
19.8703	-0.00000203
19.8753	-0.00000145
19.8803	-0.00000057
19.8851	0.00000016
19.8901	0.00000131
19.8950	-0.00000013
19.9004	-0.00000073
19.9051	-0.00000093
19.9103	-0.00000057
19.9151	-0.00000085
19.9193	0.00000013
19.9239	-0.00000015
19.9288	-0.00000216
19.9334	-0.00000149
19.9385	-0.00000111
19.9435	0.00000008
19.9480	0.00000093
19.9530	0.00000040
19.9581	0.00000144
19.9631	0.00000160
19.9675	0.00000222
19.9727	0.00000076
19.9776	-0.00000010
19.9833	-0.00000021
19.9878	-0.00000080
19.9928	-0.00000259
19.9978	-0.00000385
20.0025	-0.00000458
20.0067	-0.00000539
20.0117	-0.00000497
20.0172	-0.00000530
20.0221	-0.00000417
20.0271	-0.00000494
20.0324	-0.00000399
20.0372	-0.00000174
20.0422	-0.00000141
20.0472	-0.00000056
20.0521	-0.00000676
20.0573	0.00000234
20.0622	-0.00000448
20.0674	0.00000017
20.0721	0.00000197
20.0771	-0.00000359
20.0825	-0.00000117
20.0871	0.00000042
20.0921	-0.00000527
20.0971	-0.00000189
20.1022	-0.00000025
20.1072	0.00000102
20.1122	-0.00000022
20.1173	0.00000058
20.1220	-0.00000114
20.1270	-0.00000179
20.1319	-0.00000172
20.1372	-0.00000071
20.1420	-0.00000145
20.1468	-0.00000489
20.1518	-0.00000209
20.1570	-0.00000066
20.1618	0.00000402
20.1671	0.00000214
20.1720	-0.00000395
20.1769	-0.00000123
20.1827	0.00000003
20.1871	-0.00000258
20.1917	-0.00000240
20.1968	-0.00000125
20.2017	0.00000007
20.2068	-0.00000306
20.2118	-0.00000272
20.2172	-0.00000374
20.2225	0.00000150
20.2274	-0.00000601
20.2336	-0.00000257
20.2385	-0.00000114
20.2434	0.00000111
20.2484	-0.00000308
20.2535	-0.00000028
20.2578	-0.00000223
20.2628	-0.00000027
20.2680	0.00000054
20.2730	-0.00000273
20.2779	-0.00000311
20.2837	-0.00000323
20.2880	0.00000164
20.2930	-0.00000423
20.2978	0.00000339
20.3031	0.00000281
20.3081	0.00000277
20.3130	-0.00000245
20.3181	-0.00000625
20.3231	-0.00000142
20.3279	-0.00000284
20.3332	-0.00000302
20.3380	-0.00000173
20.3430	-0.00000768
20.3479	-0.00000224
20.3531	0.00000075
20.3581	0.00000205
20.3628	-0.00000263
20.3680	-0.00000187
20.3728	0.00000150
20.3769	0.00000118
20.3828	0.00000551
20.3869	0.00000215
20.3919	-0.00000090
20.3970	0.00000023
20.4019	-0.00000329
20.4071	0.00000141
20.4119	-0.00000233
20.4170	-0.00000184
20.4215	-0.00000141
20.4265	-0.00000292
20.4315	-0.00000375
20.4367	-0.00000422
20.4416	-0.00000257
20.4465	-0.00000400
20.4515	-0.00000196
20.4565	-0.00000181
20.4614	-0.00000156
20.4665	-0.00000149
20.4716	0.00000268
20.4765	-0.00000283
20.4825	-0.00000379
20.4876	-0.00000061
20.4926	0.00000057
20.4976	-0.00000324
20.5026	-0.00000100
20.5076	-0.00000020
20.5126	0.00000025
20.5177	-0.00000659
20.5224	-0.00000255
20.5274	-0.00000305
20.5329	-0.00000282
20.5375	0.00000120
20.5422	0.00000149
20.5474	-0.00000571
20.5525	-0.00000184
20.5574	-0.00000389
20.5624	-0.00000486
20.5673	-0.00000295
20.5724	0.00000017
20.5772	0.00000033
20.5814	-0.00000075
20.5864	-0.00000116
20.5914	-0.00000093
20.5963	-0.00000095
20.6012	0.00000097
20.6063	-0.00000117
20.6113	-0.00000402
20.6166	-0.00000098
20.6213	-0.00000146
20.6255	-0.00000225
20.6305	-0.00000136
20.6354	-0.00000478
20.6404	-0.00000087
20.6454	-0.00000600
20.6504	-0.00000583
20.6555	-0.00000480
20.6605	-0.00000695
20.6659	-0.00000195
20.6706	-0.00000613
20.6755	-0.00000353
20.6809	-0.00000160
20.6856	-0.00000399
20.6907	-0.00000214
20.6955	-0.00000168
20.7005	-0.00000592
20.7048	-0.00000503
20.7097	-0.00000432
20.7148	0.00000261
20.7205	-0.00000122
20.7256	-0.00000291
20.7307	-0.00000129
20.7357	-0.00000490
20.7407	-0.00000583
20.7456	-0.00000894
20.7508	-0.00000686
20.7558	-0.00000013
20.7605	-0.00000517
20.7663	-0.00000137
20.7706	-0.00000377
20.7756	-0.00000139
20.7807	0.00000201
20.7857	-0.00000053
20.7907	0.00000076
20.7956	-0.00000375
20.8006	-0.00000362
20.8056	-0.00000126
20.8106	0.00000020
20.8158	-0.00000115
20.8206	0.00000019
20.8253	-0.00000391
20.8304	-0.00000245
20.8354	-0.00000260
20.8403	-0.00000571
20.8453	-0.00000348
20.8501	-0.00000086
20.8551	-0.00000438
20.8595	-0.00000577
20.8644	-0.00000742
20.8694	-0.00000483
20.8744	-0.00000614
20.8785	-0.00000528
20.8836	-0.00000046
20.8887	-0.00000279
20.8934	-0.00000241
20.8994	0.00000014
20.9046	-0.00000345
20.9096	-0.00000245
20.9160	-0.00000396
20.9211	-0.00000203
20.9262	-0.00000287
20.9310	-0.00000703
20.9361	-0.00000829
20.9411	-0.00000218
20.9462	-0.00000386
20.9513	-0.00000414
20.9555	-0.00000671
20.9607	-0.00000539
20.9657	-0.00000369
20.9707	-0.00000541
20.9756	-0.00000711
20.9807	-0.00000512
20.9856	-0.00000129
20.9907	-0.00000358
20.9959	-0.00000445
21.0007	-0.00000197
21.0058	-0.00000173
21.0109	-0.00000688
21.0164	-0.00000290
21.0215	-0.00000144
21.0266	-0.00000730
21.0326	-0.00000521
21.0376	-0.00000552
21.0424	-0.00000719
21.0469	-0.00000724
21.0518	-0.00000332
21.0569	-0.00000355
21.0618	-0.00000353
21.0668	-0.00000288
21.0719	-0.00000231
21.0768	-0.00000504
21.0830	-0.00000384
21.0879	-0.00000204
21.0928	-0.00000198
21.0977	-0.00000476
21.1028	-0.00000312
21.1070	-0.00000411
21.1120	-0.00000442
21.1170	0.00000220
21.1218	-0.00000229
21.1268	-0.00000315
21.1330	-0.00000368
21.1378	-0.00000507
21.1427	-0.00000306
21.1477	-0.00000550
21.1530	-0.00000487
21.1577	-0.00000630
21.1629	-0.00000564
21.1677	-0.00000769
21.1728	-0.00000224
21.1777	-0.00000231
21.1827	-0.00000484
21.1878	-0.00000455
21.1924	-0.00000191
21.1975	-0.00000629
21.2025	-0.00000667
21.2075	-0.00000576
21.2126	-0.00000729
21.2178	-0.00000472
21.2221	-0.00000749
21.2272	-0.00000798
21.2327	-0.00000985
21.2371	-0.00000465
21.2418	-0.00000242
21.2469	-0.00000505
21.2517	-0.00000571
21.2568	-0.00000701
21.2617	-0.00000769
21.2669	-0.00000629
21.2719	-0.00000606
21.2768	-0.00000830
21.2845	-0.00000660
21.2889	-0.00000178
21.2938	-0.00000447
21.2993	-0.00000333
21.3040	-0.00000140
21.3091	-0.00000666
21.3140	-0.00000436
21.3191	-0.00000279
21.3235	-0.00000438
21.3286	-0.00000171
21.3335	-0.00000084
21.3386	-0.00000159
21.3435	0.00000035
21.3486	-0.00000394
21.3536	-0.00000318
21.3586	-0.00000099
21.3636	-0.00000512
21.3686	-0.00000532
21.3736	-0.00000301
21.3786	-0.00000844
21.3837	-0.00000291
21.3887	-0.00000224
21.3937	-0.00000436
21.3995	-0.00000100
21.4047	-0.00000355
21.4088	-0.00000546
21.4137	-0.00000792
21.4188	-0.00000593
21.4235	-0.00000469
21.4287	-0.00000322
21.4337	-0.00000196
21.4386	-0.00000569
21.4436	-0.00000300
21.4494	-0.00000625
21.4538	-0.00000698
21.4586	-0.00000719
21.4637	-0.00000316
21.4688	-0.00000123
21.4737	-0.00000953
21.4783	-0.00000602
21.4833	-0.00000695
21.4884	-0.00000526
21.4933	-0.00000120
21.4983	-0.00000363
21.5032	-0.00000019
21.5082	0.00000167
21.5133	-0.00000607
21.5183	-0.00000553
21.5230	-0.00000379
21.5271	-0.00000370
21.5325	-0.00000186
21.5371	-0.00000298
21.5420	-0.00000867
21.5469	-0.00000373
21.5521	-0.00000671
21.5570	-0.00000644
21.5619	-0.00001026
21.5671	-0.00000869
21.5721	-0.00000727
21.5763	-0.00000620
21.5823	-0.00000697
21.5874	-0.00001165
21.5924	-0.00000728
21.5974	-0.00000676
21.6024	-0.00000660
21.6075	-0.00001012
21.6128	-0.00000918
21.6175	-0.00000918
21.6220	-0.00000800
21.6266	-0.00000790
21.6327	-0.00001027
21.6378	-0.00000997
21.6425	-0.00001063
21.6488	-0.00000500
21.6535	-0.00001094
21.6584	-0.00000744
21.6635	-0.00000906
21.6683	-0.00000984
21.6735	-0.00000365
21.6784	-0.00000956
21.6834	-0.00000909
21.6883	-0.00001006
21.6933	-0.00001084
21.7012	-0.00001049
21.7059	-0.00000951
21.7108	-0.00001053
21.7162	-0.00001204
21.7211	-0.00001001
21.7258	-0.00000844
21.7309	-0.00000863
21.7356	-0.00000953
21.7403	-0.00000550
21.7453	-0.00000535
21.7503	-0.00000697
21.7555	-0.00000932
21.7604	-0.00000809
21.7649	-0.00000936
21.7697	-0.00000529
21.7747	-0.00001235
21.7797	-0.00000703
21.7847	-0.00001198
21.7890	-0.00000958
21.7939	-0.00000764
21.7990	-0.00000543
21.8039	-0.00000587
21.8093	-0.00000816
21.8145	-0.00000804
21.8201	-0.00000526
21.8255	-0.00000777
21.8303	-0.00000383
21.8352	-0.00000698
21.8403	-0.00001027
21.8451	-0.00000941
21.8502	-0.00001140
21.8553	-0.00000505
21.8602	-0.00000595
21.8666	-0.00000485
21.8711	-0.00000885
21.8762	-0.00000974
21.8813	-0.00000727
21.8861	-0.00001184
21.8915	-0.00001162
21.8962	-0.00000678
21.9017	-0.00000811
21.9062	-0.00000493
21.9112	-0.00000992
21.9166	-0.00001222
21.9212	-0.00000360
21.9263	-0.00000910
21.9317	-0.00001127
21.9364	-0.00000942
21.9415	-0.00000633
21.9465	-0.00001133
21.9517	-0.00001193
21.9566	-0.00000774
21.9616	-0.00000940
21.9669	-0.00001089
21.9717	-0.00001159
21.9767	-0.00001317
21.9825	-0.00001070
21.9877	-0.00001066
21.9931	-0.00001041
21.9995	-0.00001004
22.0043	-0.00001191
22.0093	-0.00000859
22.0159	-0.00001041
22.0204	-0.00001203
22.0246	-0.00001154
22.0297	-0.00001216
22.0346	-0.00000683
22.0397	-0.00001447
22.0446	-0.00001640
22.0496	-0.00001284
22.0547	-0.00000970
22.0597	-0.00001108
22.0660	0.00000143
22.0707	0.00000166
22.0758	0.00000191
22.0808	0.00000268
22.0859	0.00000115
22.0907	0.00000286
22.0958	0.00000137
22.1007	0.00000286
22.1057	0.00000129
22.1101	0.00000088
22.1151	0.00000128
22.1201	-0.00000003
22.1246	-0.00000031
22.1296	0.00000059
22.1340	0.00000123
22.1388	0.00000042
22.1437	0.00000139
22.1479	0.00000396
22.1529	0.00000015
22.1579	-0.00000043
22.1629	-0.00000005
22.1678	-0.00000079
22.1728	0.00000119
22.1778	0.00000043
22.1829	0.00000186
22.1880	0.00000182
22.1930	0.00000082
22.1980	-0.00000071
22.2030	0.00000119
22.2080	0.00000057
22.2131	0.00000074
22.2181	0.00000148
22.2231	-0.00000029
22.2278	0.00000175
22.2330	0.00000129
22.2378	0.00000043
22.2421	-0.00000082
22.2470	0.00000037
22.2522	0.00000002
22.2571	0.00000074
22.2621	0.00000024
22.2671	0.00000075
22.2721	-0.00000192
22.2771	-0.00000182
22.2813	-0.00000390
22.2863	-0.00000250
22.2913	-0.00000106
22.2963	-0.00000044
22.3015	-0.00000042
22.3063	0.00000030
22.3116	0.00000036
22.3164	-0.00000238
22.3208	-0.00000246
22.3255	-0.00000071
22.3306	-0.00000103
22.3356	0.00000110
22.3406	0.00000046
22.3456	-0.00000030
22.3506	-0.00000029
22.3556	-0.00000017
22.3607	-0.00000159
22.3657	-0.00000104
22.3708	-0.00000231
22.3756	-0.00000340
22.3808	-0.00000297
22.3857	-0.00000217
22.3901	-0.00000211
22.3945	-0.00000379
22.3993	-0.00000356
22.4042	-0.00000251
22.4083	-0.00000111
22.4124	-0.00000178
22.4174	-0.00000221
22.4220	-0.00000302
22.4267	-0.00000339
22.4318	-0.00000307
22.4370	-0.00000251
22.4418	-0.00000332
22.4470	-0.00000366
22.4519	-0.00000468
22.4568	-0.00000366
22.4619	-0.00000044
22.4669	-0.00000196
22.4711	-0.00000065
22.4761	-0.00000219
22.4811	-0.00000042
22.4860	-0.00000121
22.4910	-0.00000060
22.4961	-0.00000066
22.5011	-0.00000043
22.5061	-0.00000003
22.5111	0.00000126
22.5161	0.00000100
22.5211	0.00000182
22.5256	0.00000102
22.5309	-0.00000107
22.5356	-0.00000143
22.5406	-0.00000145
22.5456	-0.00000056
22.5505	-0.00000104
22.5555	0.00000030
22.5605	-0.00000045
22.5647	0.00000157
22.5696	0.00000112
22.5746	0.00000028
22.5796	0.00000069
22.5846	-0.00000091
22.5896	-0.00000049
22.5945	-0.00000103
22.5995	-0.00000229
22.6048	-0.00000257
22.6096	-0.00000230
22.6140	-0.00000283
22.6191	-0.00000060
22.6241	-0.00000233
22.6286	-0.00000099
22.6338	-0.00000197
22.6387	-0.00000213
22.6437	-0.00000316
22.6486	-0.00000290
22.6537	-0.00000023
22.6587	-0.00000105
22.6637	-0.00000071
22.6687	0.00000002
22.6729	-0.00000007
22.6778	-0.00000096
22.6829	-0.00000000
22.6879	0.00000123
22.6928	0.00000190
22.6972	0.00000037
22.7020	-0.00000110
22.7071	0.00000182
22.7122	0.00000132
22.7172	0.00000021
22.7222	-0.00000072
22.7274	-0.00000002
22.7323	-0.00000004
22.7372	-0.00000004
22.7415	-0.00000083
22.7463	-0.00000163
22.7510	-0.00000000
22.7560	-0.00000024
22.7610	-0.00000100
22.7660	-0.00000015
22.7710	0.00000048
22.7760	0.00000114
22.7810	0.00000192
22.7861	0.00000238
22.7910	0.00000180
22.7961	0.00000072
22.8010	-0.00000010
22.8060	0.00000023
22.8110	0.00000084
22.8160	0.00000104
22.8210	-0.00000121
22.8260	-0.00000055
22.8311	0.00000094
22.8361	0.00000099
22.8412	0.00000178
22.8459	0.00000214
22.8506	0.00000274
22.8556	0.00000309
22.8606	0.00000377
22.8658	0.00000408
22.8706	0.00000669
22.8756	0.00000625
22.8806	0.00000550
22.8856	0.00000341
22.8907	0.00000262
22.8956	0.00000254
22.9006	0.00000162
22.9057	0.00000236
22.9107	0.00000435
22.9158	0.00000250
22.9209	0.00000233
22.9252	0.00000141
22.9297	-0.00000034
22.9347	-0.00000037
22.9396	0.00000040
22.9447	-0.00000227
22.9498	-0.00000176
22.9548	-0.00000179
22.9598	-0.00000149
22.9648	0.00000074
22.9697	-0.00000025
22.9748	-0.00000120
22.9798	-0.00000006
22.9849	0.00000109
22.9898	0.00000059
22.9948	0.00000058
22.9998	0.00000071
23.0048	-0.00000001
23.0098	-0.00000082
23.0149	0.00000049
23.0199	0.00000036
23.0254	-0.00000013
23.0300	-0.00000097
23.0350	-0.00000142
23.0400	-0.00000133
23.0449	-0.00000154
23.0498	-0.00000050
23.0547	-0.00000169
23.0596	-0.00000022
23.0647	0.00000039
23.0697	0.00000075
23.0746	-0.00000118
23.0796	-0.00000127
23.0846	-0.00000133
23.0896	-0.00000258
23.0946	-0.00000307
23.0998	-0.00000292
23.1049	-0.00000242
23.1098	-0.00000270
23.1140	-0.00000217
23.1189	-0.00000119
23.1240	-0.00000203
23.1288	-0.00000051
23.1338	-0.00000099
23.1390	0.00000077
23.1438	0.00000132
23.1490	0.00000034
23.1539	-0.00000055
23.1591	-0.00000172
23.1641	-0.00000079
23.1683	-0.00000073
23.1732	0.00000046
23.1774	0.00000147
23.1824	0.00000052
23.1874	0.00000143
23.1924	0.00000022
23.1975	-0.00000128
23.2024	-0.00000056
23.2074	0.00000068
23.2117	-0.00000050
23.2166	-0.00000060
23.2217	0.00000030
23.2263	0.00000040
23.2314	0.00000043
23.2362	0.00000046
23.2412	-0.00000031
23.2463	-0.00000079
23.2513	-0.00000086
23.2564	0.00000112
23.2614	-0.00000001
23.2664	0.00000150
23.2714	-0.00000019
23.2764	0.00000130
23.2814	0.00000142
23.2864	0.00000168
23.2913	0.00000204
23.2963	0.00000124
23.3013	0.00000006
23.3063	-0.00000052
23.3115	-0.00000084
23.3164	0.00000023
23.3213	-0.00000178
23.3259	-0.00000332
23.3300	-0.00000274
23.3350	-0.00000391
23.3400	-0.00000331
23.3450	-0.00000232
23.3500	-0.00000094
23.3550	-0.00000123
23.3599	-0.00000185
23.3649	-0.00000098
23.3690	-0.00000238
23.3740	-0.00000326
23.3790	-0.00000246
23.3840	-0.00000300
23.3890	-0.00000260
23.3939	-0.00000112
23.3980	-0.00000084
23.4030	-0.00000105
23.4079	-0.00000010
23.4130	0.00000071
23.4179	0.00000095
23.4221	0.00000071
23.4271	0.00000077
23.4312	-0.00000043
23.4362	-0.00000026
23.4412	0.00000096
23.4462	0.00000069
23.4512	0.00000065
23.4557	-0.00000035
23.4607	0.00000134
23.4657	0.00000162
23.4709	0.00000079
23.4757	0.00000055
23.4809	-0.00000099
23.4857	-0.00000108
23.4910	-0.00000101
23.4957	0.00000048
23.5007	-0.00000134
23.5056	-0.00000016
23.5107	0.00000053
23.5150	0.00000014
23.5200	0.00000093
23.5242	0.00000071
23.5288	0.00000378
23.5338	0.00000379
23.5388	0.00000280
23.5436	0.00000235
23.5487	0.00000238
23.5537	0.00000139
23.5588	0.00000375
23.5639	0.00000278
23.5687	0.00000008
23.5737	-0.00000063
23.5786	0.00000163
23.5836	0.00000050
23.5887	-0.00000004
23.5937	-0.00000092
23.5988	-0.00000090
23.6038	-0.00000017
23.6088	0.00000134
23.6139	0.00000118
23.6189	0.00000062
23.6238	0.00000084
23.6282	0.00000114
23.6333	0.00000113
23.6381	0.00000148
23.6432	0.00000022
23.6482	0.00000130
23.6532	0.00000195
23.6582	-0.00000052
23.6632	-0.00000049
23.6683	-0.00000128
23.6733	-0.00000042
23.6782	-0.00000119
23.6831	-0.00000192
23.6881	-0.00000055
23.6933	0.00000171
23.6983	-0.00000016
23.7032	-0.00000013
23.7083	0.00000079
23.7133	-0.00000014
23.7184	0.00000059
23.7226	0.00000133
23.7280	0.00000059
23.7330	-0.00000081
23.7381	-0.00000125
23.7431	-0.00000087
23.7480	-0.00000019
23.7530	0.00000007
23.7579	0.00000044
23.7630	0.00000188
23.7680	-0.00000027
23.7730	0.00000159
23.7780	0.00000135
23.7830	0.00000085
23.7870	0.00000015
23.7920	0.00000103
23.7970	0.00000156
23.8020	0.00000302
23.8071	0.00000322
23.8121	0.00000164
23.8171	0.00000235
23.8212	0.00000342
23.8267	0.00000464
23.8317	0.00000429
23.8358	0.00000302
23.8408	0.00000100
23.8457	0.00000008
23.8507	0.00000057
23.8548	-0.00000072
23.8599	0.00000009
23.8648	0.00000040
23.8698	0.00000048
23.8748	-0.00000125
23.8798	-0.00000182
23.8849	-0.00000179
23.8899	-0.00000143
23.8948	-0.00000115
23.8997	-0.00000199
23.9048	-0.00000202
23.9098	-0.00000143
23.9148	-0.00000163
23.9199	-0.00000053
23.9248	0.00000021
23.9295	-0.00000041
23.9345	0.00000044
23.9394	0.00000013
23.9444	0.00000127
23.9494	0.00000109
23.9544	0.00000236
23.9595	0.00000258
23.9644	0.00000314
23.9694	0.00000172
23.9745	0.00000184
23.9794	0.00000185
23.9845	0.00000229
23.9895	0.00000100
23.9945	-0.00000003
23.9995	-0.00000046
24.0045	-0.00000038
24.0095	-0.00000219
24.0136	-0.00000195
24.0186	-0.00000005
24.0236	-0.00000039
24.0282	-0.00000131
24.0332	0.00000033
24.0382	0.00000007
24.0432	-0.00000060
24.0481	0.00000045
24.0531	-0.00000019
24.0572	-0.00000030
24.0622	0.00000007
24.0672	0.00000097
24.0722	0.00000106
24.0773	0.00000069
24.0822	0.00000062
24.0873	0.00000159
24.0922	0.00000071
24.0973	-0.00000024
24.1022	0.00000017
24.1072	0.00000108
24.1121	0.00000008
24.1173	0.00000188
24.1223	0.00000064
24.1272	0.00000002
24.1316	0.00000047
24.1367	0.00000154
24.1417	0.00000214
24.1467	0.00000167
24.1518	0.00000142
24.1567	0.00000042
24.1617	-0.00000040
24.1667	-0.00000161
24.1717	-0.00000080
24.1768	-0.00000167
24.1817	-0.00000316
24.1867	-0.00000286
24.1908	-0.00000070
24.1957	-0.00000054
24.1998	-0.00000154
24.2048	0.00000118
24.2099	0.00000057
24.2149	0.00000087
24.2200	0.00000134
24.2242	0.00000158
24.2294	0.00000176
24.2344	0.00000078
24.2395	0.00000067
24.2447	0.00000002
24.2494	-0.00000170
24.2543	-0.00000095
24.2596	-0.00000163
24.2646	-0.00000205
24.2695	-0.00000160
24.2744	-0.00000007
24.2795	0.00000018
24.2845	0.00000088
24.2895	0.00000045
24.2946	0.00000097
24.2996	0.00000206
24.3045	0.00000173
24.3095	0.00000197
24.3145	0.00000198
24.3195	0.00000142
24.3237	0.00000099
24.3284	-0.00000125
24.3334	-0.00000221
24.3384	-0.00000203
24.3434	-0.00000350
24.3485	-0.00000102
24.3534	-0.00000018
24.3584	0.00000107
24.3633	0.00000069
24.3684	0.00000050
24.3734	0.00000121
24.3785	-0.00000095
24.3835	-0.00000044
24.3884	-0.00000125
24.3934	-0.00000153
24.3983	-0.00000164
24.4033	-0.00000173
24.4084	-0.00000076
24.4134	-0.00000127
24.4183	0.00000040
24.4234	0.00000085
24.4280	0.00000037
24.4330	-0.00000001
24.4378	-0.00000036
24.4429	0.00000023
24.4480	-0.00000042
24.4529	0.00000122
24.4580	-0.00000019
24.4632	-0.00000062
24.4682	-0.00000298
24.4731	-0.00000297
24.4783	-0.00000249
24.4833	-0.00000247
24.4882	-0.00000275
24.4932	-0.00000252
24.4982	-0.00000133
24.5032	-0.00000075
24.5082	-0.00000152
24.5131	-0.00000145
24.5182	-0.00000181
24.5232	-0.00000087
24.5277	-0.00000022
24.5327	0.00000006
24.5377	-0.00000109
24.5428	-0.00000075
24.5480	-0.00000193
24.5526	-0.00000060
24.5577	-0.00000060
24.5626	-0.00000286
24.5676	-0.00000326
24.5727	-0.00000364
24.5777	-0.00000155
24.5827	-0.00000205
24.5878	-0.00000281
24.5928	-0.00000223
24.5979	-0.00000117
24.6028	-0.00000065
24.6078	0.00000055
24.6128	0.00000048
24.6179	0.00000125
24.6229	0.00000169
24.6278	0.00000146
24.6323	0.00000121
24.6372	0.00000148
24.6423	0.00000072
24.6473	-0.00000130
24.6523	-0.00000106
24.6574	-0.00000118
24.6625	-0.00000160
24.6674	-0.00000052
24.6723	-0.00000103
24.6773	-0.00000081
24.6823	-0.00000062
24.6874	-0.00000045
24.6924	0.00000036
24.6974	-0.00000020
24.7024	0.00000051
24.7072	0.00000021
24.7123	0.00000073
24.7174	-0.00000068
24.7223	-0.00000050
24.7279	0.00000045
24.7330	0.00000192
24.7382	0.00000180
24.7429	0.00000115
24.7481	0.00000135
24.7530	0.00000140
24.7580	0.00000203
24.7631	0.00000059
24.7681	0.00000190
24.7730	0.00000073
24.7780	0.00000009
24.7829	0.00000033
24.7879	0.00000078
24.7929	0.00000075
24.7981	-0.00000001
24.8031	0.00000069
24.8082	0.00000170
24.8134	0.00000204
24.8186	0.00000194
24.8236	0.00000316
24.8282	0.00000104
24.8333	0.00000153
24.8382	0.00000028
24.8432	0.00000039
24.8482	-0.00000008
24.8532	-0.00000013
24.8582	0.00000066
24.8631	0.00000144
24.8682	0.00000253
24.8733	0.00000261
24.8782	0.00000091
24.8832	0.00000272
24.8882	0.00000140
24.8923	0.00000193
24.8973	0.00000146
24.9024	0.00000040
24.9074	0.00000048
24.9124	-0.00000128
24.9175	-0.00000168
24.9225	-0.00000110
24.9273	-0.00000261
24.9323	-0.00000356
24.9373	-0.00000277
24.9423	-0.00000392
24.9472	-0.00000262
24.9522	-0.00000246
24.9572	0.00000042
24.9622	-0.00000062
24.9674	-0.00000085
24.9722	0.00000077
24.9772	0.00000083
24.9823	0.00000264
24.9873	0.00000180
24.9922	0.00000226
24.9973	0.00000252
25.0023	0.00000358
25.0073	0.00000346
25.0121	0.00000357
25.0165	0.00000265
25.0215	0.00000180
25.0265	0.00000091
25.0310	0.00000114
25.0361	0.00000269
25.0411	0.00000422
25.0462	0.00000367
25.0512	0.00000217
25.0562	0.00000106
25.0612	0.00000052
25.0661	0.00000156
25.0713	0.00000178
25.0762	0.00000156
25.0813	0.00000114
25.0863	0.00000201
25.0913	0.00000231
25.0962	0.00000434
25.1012	0.00000467
25.1062	0.00000409
25.1112	0.00000377
25.1163	0.00000237
25.1212	0.00000245
25.1262	0.00000154
25.1307	0.00000100
25.1358	-0.00000018
25.1407	0.00000075
25.1457	-0.00000014
25.1508	0.00000004
25.1557	0.00000121
25.1607	0.00000185
25.1657	0.00000092
25.1707	0.00000068
25.1758	-0.00000003
25.1808	0.00000043
25.1858	0.00000079
25.1907	-0.00000060
25.1956	0.00000030
25.2007	-0.00000082
25.2057	-0.00000127
25.2110	0.00000005
25.2158	0.00000051
25.2208	0.00000093
25.2250	-0.00000097
25.2304	-0.00000040
25.2354	0.00000078
25.2404	0.00000041
25.2454	0.00000031
25.2504	0.00000069
25.2554	0.00000110
25.2604	-0.00000016
25.2653	0.00000064
25.2704	0.00000233
25.2754	0.00000137
25.2804	0.00000299
25.2850	0.00000091
25.2902	0.00000081
25.2951	0.00000053
25.3001	-0.00000156
25.3052	-0.00000140
25.3102	-0.00000080
25.3152	0.00000184
25.3202	0.00000128
25.3251	0.00000024
25.3296	0.00000057
25.3346	0.00000008
25.3398	-0.00000073
25.3448	-0.00000114
25.3497	0.00000001
25.3547	-0.00000143
25.3597	-0.00000094
25.3648	-0.00000042
25.3698	-0.00000157
25.3748	-0.00000043
25.3798	-0.00000048
25.3848	-0.00000123
25.3897	-0.00000125
25.3938	-0.00000143
25.3989	-0.00000180
25.4039	-0.00000143
25.4089	-0.00000276
25.4135	-0.00000150
25.4185	-0.00000291
25.4235	-0.00000375
25.4285	-0.00000210
25.4330	0.00000026
25.4379	0.00000001
25.4432	-0.00000005
25.4480	-0.00000054
25.4531	0.00000015
25.4581	-0.00000087
25.4631	-0.00000062
25.4681	-0.00000075
25.4731	-0.00000193
25.4781	-0.00000318
25.4831	-0.00000090
25.4880	-0.00000136
25.4930	-0.00000014
25.4981	0.00000028
25.5031	0.00000205
25.5081	-0.00000018
25.5131	0.00000031
25.5182	0.00000124
25.5231	0.00000077
25.5281	0.00000009
25.5326	-0.00000035
25.5376	0.00000176
25.5425	0.00000113
25.5475	0.00000050
25.5525	0.00000077
25.5566	0.00000134
25.5616	0.00000065
25.5665	0.00000003
25.5717	-0.00000094
25.5765	-0.00000105
25.5815	-0.00000035
25.5865	0.00000005
25.5914	0.00000007
25.5965	0.00000000
25.6015	0.00000062
25.6063	0.00000062
25.6115	0.00000038
25.6165	-0.00000084
25.6216	-0.00000081
25.6266	0.00000031
25.6310	0.00000032
25.6361	0.00000133
25.6411	0.00000008
25.6462	0.00000180
25.6511	0.00000064
25.6561	0.00000153
25.6611	0.00000199
25.6664	-0.00000002
25.6711	0.00000005
25.6761	0.00000097
25.6812	0.00000128
25.6861	0.00000215
25.6911	0.00000086
25.6962	0.00000192
25.7011	0.00000299
25.7060	0.00000308
25.7111	0.00000270
25.7162	0.00000253
25.7212	0.00000177
25.7263	0.00000121
25.7309	0.00000081
25.7360	0.00000034
25.7409	-0.00000013
25.7459	0.00000017
25.7510	0.00000062
25.7559	-0.00000107
25.7609	-0.00000024
25.7654	-0.00000040
25.7705	-0.00000055
25.7755	-0.00000025
25.7805	-0.00000285
25.7857	-0.00000187
25.7906	-0.00000278
25.7955	-0.00000538
25.8005	-0.00000314
25.8055	-0.00000078
25.8106	-0.00000101
25.8156	0.00000016
25.8206	0.00000031
25.8256	-0.00000058
25.8306	-0.00000120
25.8353	-0.00000014
25.8402	-0.00000169
25.8453	-0.00000229
25.8502	-0.00000249
25.8552	-0.00000117
25.8602	-0.00000173
25.8652	-0.00000111
25.8697	-0.00000045
25.8746	0.00000051
25.8796	0.00000091
25.8839	0.00000173
25.8890	0.00000227
25.8940	0.00000175
25.8990	0.00000150
25.9040	0.00000137
25.9088	0.00000004
25.9140	-0.00000047
25.9191	0.00000029
25.9239	0.00000145
25.9290	0.00000111
25.9338	0.00000165
25.9388	0.00000120
25.9438	0.00000025
25.9490	-0.00000011
25.9540	-0.00000070
25.9587	-0.00000068
25.9640	-0.00000246
25.9690	0.00000042
25.9738	0.00000070
25.9788	0.00000158
25.9838	0.00000072
25.9888	-0.00000039
25.9938	-0.00000208
25.9990	-0.00000277
26.0037	-0.00000191
26.0088	-0.00000066
26.0139	-0.00000019
26.0189	0.00000022
26.0239	-0.00000036
26.0291	-0.00000078
26.0335	-0.00000009
26.0387	-0.00000086
26.0436	-0.00000271
26.0486	-0.00000083
26.0536	-0.00000249
26.0586	-0.00000231
26.0635	-0.00000210
26.0687	-0.00000134
26.0734	-0.00000123
26.0786	-0.00000010
26.0845	0.00000071
26.0894	0.00000016
26.0944	0.00000003
26.0995	0.00000009
26.1045	0.00000022
26.1096	0.00000092
26.1146	-0.00000079
26.1188	-0.00000225
26.1238	-0.00000244
26.1288	-0.00000258
26.1335	-0.00000187
26.1385	-0.00000188
26.1435	0.00000116
26.1485	0.00000089
26.1535	0.00000049
26.1584	-0.00000003
26.1635	0.00000037
26.1685	-0.00000281
26.1735	-0.00000244
26.1785	-0.00000178
26.1835	-0.00000158
26.1885	-0.00000107
26.1935	0.00000013
26.1985	-0.00000084
26.2035	-0.00000074
26.2085	-0.00000054
26.2135	-0.00000090
26.2186	0.00000039
26.2236	-0.00000111
26.2286	-0.00000020
26.2334	-0.00000176
26.2381	-0.00000154
26.2431	-0.00000083
26.2481	-0.00000080
26.2531	-0.00000144
26.2580	-0.00000136
26.2631	-0.00000247
26.2681	-0.00000085
26.2730	-0.00000179
26.2771	0.00000067
26.2821	-0.00000073
26.2871	-0.00000016
26.2921	0.00000019
26.2971	-0.00000049
26.3021	0.00000087
26.3071	-0.00000000
26.3121	-0.00000084
26.3171	-0.00000104
26.3212	0.00000071
26.3262	0.00000144
26.3312	0.00000212
26.3359	0.00000142
26.3410	0.00000185
26.3459	0.00000212
26.3509	0.00000174
26.3560	0.00000079
26.3610	0.00000259
26.3660	0.00000275
26.3709	0.00000231
26.3760	-0.00000032
26.3811	-0.00000124
26.3860	-0.00000108
26.3910	-0.00000068
26.3959	-0.00000059
26.4009	-0.00000077
26.4058	-0.00000133
26.4100	-0.00000105
26.4149	-0.00000170
26.4191	-0.00000214
26.4241	-0.00000091
26.4291	-0.00000005
26.4338	-0.00000082
26.4388	-0.00000070
26.4438	0.00000071
26.4488	0.00000080
26.4538	0.00000076
26.4588	-0.00000023
26.4638	-0.00000077
26.4688	0.00000086
26.4738	0.00000194
26.4788	0.00000197
26.4838	0.00000087
26.4888	0.00000203
26.4938	0.00000176
26.4988	0.00000224
26.5038	0.00000035
26.5088	0.00000007
26.5138	-0.00000074
26.5179	0.00000207
26.5229	0.00000144
26.5279	0.00000080
26.5325	0.00000130
26.5367	0.00000291
26.5417	0.00000280
26.5467	0.00000168
26.5517	0.00000168
26.5565	0.00000242
26.5607	0.00000101
26.5657	-0.00000013
26.5707	-0.00000060
26.5757	0.00000109
26.5807	0.00000116
26.5857	0.00000011
26.5906	-0.00000096
26.5957	0.00000114
26.6007	-0.00000008
26.6056	0.00000024
26.6106	-0.00000132
26.6147	-0.00000005
26.6188	-0.00000038
26.6238	-0.00000082
26.6288	-0.00000068
26.6335	-0.00000061
26.6384	-0.00000065
26.6435	-0.00000007
26.6484	-0.00000081
26.6534	-0.00000047
26.6584	-0.00000029
26.6634	-0.00000042
26.6684	-0.00000146
26.6733	-0.00000232
26.6775	-0.00000160
26.6825	0.00000039
26.6874	0.00000097
26.6923	0.00000044
26.6965	0.00000198
26.7013	0.00000031
26.7065	-0.00000083
26.7114	0.00000129
26.7164	0.00000179
26.7206	0.00000146
26.7256	0.00000162
26.7306	0.00000041
26.7353	-0.00000026
26.7402	0.00000126
26.7443	0.00000091
26.7492	0.00000297
26.7533	0.00000355
26.7582	0.00000076
26.7633	0.00000015
26.7683	0.00000142
26.7733	-0.00000052
26.7783	0.00000030
26.7833	-0.00000123
26.7882	-0.00000279
26.7933	-0.00000270
26.7983	-0.00000229
26.8033	-0.00000268
26.8082	-0.00000158
26.8133	-0.00000145
26.8183	-0.00000113
26.8233	-0.00000141
26.8283	-0.00000184
26.8330	-0.00000070
26.8381	0.00000070
26.8430	0.00000030
26.8480	-0.00000062
26.8530	-0.00000192
26.8581	-0.00000225
26.8631	-0.00000025
26.8673	-0.00000071
26.8716	-0.00000101
26.8765	-0.00000185
26.8814	-0.00000289
26.8866	-0.00000329
26.8913	-0.00000250
26.8963	-0.00000231
26.9005	-0.00000176
26.9056	-0.00000067
26.9106	-0.00000179
26.9155	-0.00000183
26.9206	0.00000016
26.9257	-0.00000001
26.9307	0.00000149
26.9353	0.00000100
26.9402	0.00000039
26.9443	0.00000106
26.9494	-0.00000001
26.9543	0.00000119
26.9592	0.00000150
26.9642	0.00000056
26.9693	0.00000143
26.9741	0.00000131
26.9793	0.00000164
26.9842	0.00000124
26.9893	0.00000161
26.9941	0.00000280
26.9991	0.00000360
27.0041	0.00000333
27.0091	0.00000082
27.0142	0.00000137
27.0192	0.00000005
27.0242	-0.00000275
27.0293	-0.00000143
27.0345	-0.00000079
27.0397	-0.00000187
27.0447	-0.00000133
27.0495	0.00000014
27.0542	0.00000212
27.0592	0.00000024
27.0644	0.00000042
27.0691	-0.00000068
27.0742	0.00000024
27.0793	-0.00000086
27.0843	-0.00000163
27.0893	-0.00000187
27.0943	-0.00000137
27.0993	-0.00000151
27.1043	-0.00000013
27.1092	-0.00000166
27.1143	0.00000012
27.1194	-0.00000007
27.1243	0.00000038
27.1294	-0.00000199
27.1347	-0.00000261
27.1397	-0.00000213
27.1446	0.00000026
27.1490	0.00000057
27.1540	-0.00000103
27.1590	-0.00000051
27.1639	-0.00000191
27.1689	-0.00000242
27.1731	-0.00000180
27.1782	-0.00000151
27.1833	-0.00000044
27.1885	-0.00000098
27.1929	-0.00000121
27.1980	-0.00000172
27.2030	-0.00000154
27.2078	-0.00000092
27.2130	-0.00000134
27.2179	-0.00000291
27.2229	-0.00000245
27.2281	-0.00000238
27.2337	-0.00000273
27.2388	-0.00000212
27.2438	-0.00000092
27.2488	0.00000010
27.2537	-0.00000186
27.2588	-0.00000224
27.2637	-0.00000367
27.2686	-0.00000185
27.2737	-0.00000441
27.2787	-0.00000214
27.2838	-0.00000304
27.2887	-0.00000101
27.2938	-0.00000222
27.2987	-0.00000313
27.3040	-0.00000264
27.3089	-0.00000008
27.3139	0.00000103
27.3189	0.00000256
27.3230	0.00000229
27.3280	0.00000388
27.3330	0.00000432
27.3378	0.00000218
27.3427	0.00000022
27.3477	0.00000125
27.3527	0.00000140
27.3577	0.00000054
27.3628	-0.00000024
27.3677	-0.00000014
27.3727	-0.00000000
27.3776	0.00000022
27.3826	0.00000139
27.3876	0.00000011
27.3926	-0.00000031
27.3976	-0.00000047
27.4017	-0.00000105
27.4070	-0.00000212
27.4116	-0.00000198
27.4166	0.00000013
27.4216	-0.00000029
27.4266	0.00000039
27.4316	-0.00000062
27.4362	-0.00000028
27.4411	-0.00000079
27.4462	-0.00000016
27.4503	-0.00000018
27.4553	-0.00000189
27.4603	-0.00000224
27.4653	-0.00000214
27.4703	-0.00000222
27.4753	-0.00000297
27.4796	-0.00000295
27.4846	-0.00000264
27.4896	-0.00000085
27.4946	-0.00000044
27.4996	-0.00000146
27.5046	-0.00000129
27.5095	0.00000020
27.5146	-0.00000181
27.5197	-0.00000154
27.5246	-0.00000108
27.5288	-0.00000177
27.5346	-0.00000070
27.5397	-0.00000052
27.5447	-0.00000108
27.5498	-0.00000071
27.5548	0.00000154
27.5598	0.00000120
27.5648	-0.00000018
27.5698	0.00000099
27.5748	0.00000120
27.5799	0.00000112
27.5848	-0.00000094
27.5897	-0.00000225
27.5947	-0.00000186
27.5998	-0.00000123
27.6048	-0.00000067
27.6098	0.00000113
27.6148	0.00000039
27.6198	0.00000066
27.6248	-0.00000052
27.6299	-0.00000072
27.6349	-0.00000084
27.6397	-0.00000019
27.6447	-0.00000016
27.6498	-0.00000191
27.6548	-0.00000168
27.6596	-0.00000230
27.6648	-0.00000128
27.6698	-0.00000047
27.6747	-0.00000025
27.6796	0.00000128
27.6839	0.00000335
27.6890	0.00000178
27.6941	0.00000011
27.6993	-0.00000126
27.7040	-0.00000129
27.7090	-0.00000095
27.7138	-0.00000266
27.7190	-0.00000073
27.7241	0.00000046
27.7291	0.00000060
27.7341	0.00000128
27.7392	0.00000209
27.7443	0.00000154
27.7492	0.00000167
27.7543	0.00000163
27.7593	0.00000265
27.7644	0.00000211
27.7694	0.00000274
27.7742	0.00000172
27.7793	0.00000071
27.7843	0.00000090
27.7893	0.00000120
27.7943	0.00000084
27.7994	0.00000041
27.8036	-0.00000086
27.8086	-0.00000137
27.8136	0.00000038
27.8186	0.00000031
27.8236	-0.00000234
27.8287	-0.00000290
27.8338	-0.00000088
27.8385	0.00000033
27.8435	-0.00000028
27.8485	-0.00000182
27.8535	-0.00000292
27.8585	-0.00000174
27.8635	-0.00000147
27.8685	-0.00000128
27.8734	-0.00000131
27.8785	-0.00000028
27.8835	-0.00000053
27.8884	-0.00000056
27.8935	-0.00000184
27.8986	-0.00000159
27.9035	-0.00000059
27.9085	0.00000010
27.9135	0.00000033
27.9184	0.00000127
27.9234	0.00000003
27.9284	0.00000009
27.9333	0.00000095
27.9380	0.00000057
27.9432	-0.00000058
27.9474	-0.00000058
27.9524	-0.00000113
27.9574	-0.00000413
27.9624	-0.00000465
27.9674	-0.00000548
27.9720	-0.00000675
27.9770	-0.00000396
27.9821	-0.00000395
27.9871	-0.00000232
27.9923	-0.00000326
27.9973	-0.00000078
28.0021	-0.00000054
28.0072	-0.00000039
28.0123	0.00000067
28.0172	-0.00000011
28.0215	0.00000114
28.0265	-0.00000023
28.0313	-0.00000091
28.0358	-0.00000131
28.0408	-0.00000192
28.0459	-0.00000128
28.0509	-0.00000039
28.0559	0.00000153
28.0608	0.00000204
28.0657	0.00000302
28.0708	0.00000207
28.0758	0.00000141
28.0810	0.00000005
28.0859	0.00000053
28.0909	0.00000034
28.0959	0.00000012
28.1008	0.00000182
28.1058	-0.00000151
28.1109	-0.00000101
28.1157	0.00000015
28.1208	0.00000068
28.1259	0.00000123
28.1310	0.00000129
28.1360	0.00000289
28.1404	0.00000157
28.1455	0.00000098
28.1505	0.00000106
28.1555	0.00000062
28.1605	0.00000119
28.1655	0.00000128
28.1705	0.00000240
28.1746	0.00000132
28.1799	0.00000136
28.1848	0.00000075
28.1897	0.00000081
28.1948	0.00000086
28.1997	0.00000113
28.2048	0.00000120
28.2098	0.00000183
28.2148	-0.00000033
28.2198	-0.00000049
28.2247	0.00000044
28.2289	-0.00000015
28.2339	0.00000207
28.2385	0.00000221
28.2436	0.00000105
28.2486	-0.00000254
28.2540	0.00000285
28.2587	-0.00000249
28.2640	-0.00000380
28.2688	-0.00000260
28.2730	0.00000020
28.2782	-0.00000105
28.2831	-0.00000210
28.2881	-0.00000593
28.2931	-0.00000415
28.2981	-0.00000333
28.3031	-0.00000195
28.3081	-0.00000061
28.3131	-0.00000238
28.3181	-0.00000287
28.3230	-0.00000086
28.3281	-0.00000100
28.3331	0.00000108
28.3378	-0.00000204
28.3427	-0.00000046
28.3478	-0.00000208
28.3527	-0.00000246
28.3578	-0.00000170
28.3626	-0.00000858
28.3668	-0.00000334
28.3712	-0.00000275
28.3762	-0.00000110
28.3812	-0.00000255
28.3863	0.00000321
28.3914	-0.00000059
28.3964	-0.00000078
28.4013	0.00000010
28.4063	-0.00000160
28.4113	-0.00000159
28.4163	-0.00000661
28.4213	-0.00000455
28.4263	-0.00000200
28.4313	-0.00000794
28.4363	-0.00000916
28.4411	-0.00001268
28.4460	-0.00000495
28.4509	-0.00000716
28.4557	-0.00000510
28.4608	-0.00000131
28.4659	-0.00000065
28.4709	-0.00000370
28.4759	-0.00000383
28.4809	-0.00000518
28.4859	0.00000121
28.4908	-0.00000168
28.4957	0.00000091
28.5009	0.00000009
28.5058	-0.00000236
28.5110	-0.00000121
28.5160	-0.00000537
28.5210	-0.00000365
28.5260	-0.00000383
28.5310	-0.00000708
28.5366	-0.00000079
28.5417	-0.00000355
28.5467	-0.00000223
28.5518	-0.00000414
28.5567	-0.00000235
28.5618	-0.00000359
28.5668	-0.00000140
28.5718	-0.00000325
28.5769	-0.00000300
28.5811	-0.00000242
28.5861	-0.00000210
28.5911	-0.00000181
28.5960	-0.00000295
28.6002	-0.00000393
28.6051	-0.00000224
28.6095	-0.00000413
28.6145	-0.00000400
28.6198	-0.00000467
28.6246	-0.00000038
28.6297	-0.00000350
28.6347	0.00000118
28.6395	-0.00000027
28.6444	-0.00000256
28.6497	-0.00000007
28.6545	0.00000072
28.6594	-0.00000215
28.6645	0.00000072
28.6695	0.00000340
28.6744	0.00000154
28.6795	-0.00000234
28.6845	0.00000020
28.6894	-0.00000079
28.6944	0.00000056
28.6996	0.00000064
28.7045	-0.00000089
28.7095	0.00000090
28.7137	0.00000069
28.7187	0.00000193
28.7238	-0.00000143
28.7289	-0.00000288
28.7338	0.00000144
28.7385	0.00000115
28.7435	-0.00000161
28.7485	0.00000038
28.7534	-0.00000141
28.7584	-0.00000033
28.7635	-0.00000066
28.7685	0.00000097
28.7729	-0.00000096
28.7780	-0.00000262
28.7830	-0.00000379
28.7870	-0.00000414
28.7921	-0.00000361
28.7970	-0.00000074
28.8020	-0.00000422
28.8068	0.00000057
28.8120	0.00000014
28.8170	0.00000145
28.8221	0.00000536
28.8270	0.00000413
28.8312	0.00000126
28.8368	0.00000006
28.8419	0.00000090
28.8469	-0.00000380
28.8519	-0.00000115
28.8569	-0.00000290
28.8619	-0.00000163
28.8669	-0.00000439
28.8719	-0.00000053
28.8769	0.00000316
28.8819	-0.00000628
28.8868	-0.00000167
28.8919	-0.00000142
28.8969	-0.00000147
28.9019	0.00000161
28.9061	0.00000529
28.9112	-0.00000006
28.9162	-0.00000167
28.9212	-0.00000161
28.9262	-0.00000146
28.9307	-0.00000142
28.9350	-0.00000753
28.9396	-0.00000620
28.9447	-0.00000238
28.9496	-0.00000526
28.9546	-0.00000604
28.9597	-0.00000858
28.9648	-0.00000351
28.9697	0.00000062
28.9747	-0.00000748
28.9790	-0.00000661
28.9840	-0.00000518
28.9890	-0.00000712
28.9936	-0.00000699
28.9987	-0.00000428
29.0037	-0.00000724
29.0089	-0.00000106
29.0138	-0.00000348
29.0188	-0.00000274
29.0240	-0.00000620
29.0290	-0.00000676
29.0340	-0.00000327
29.0387	-0.00000701
29.0437	-0.00000294
29.0487	-0.00000170
29.0537	-0.00000512
29.0587	-0.00000334
29.0637	-0.00000516
29.0687	0.00000206
29.0735	-0.00000174
29.0788	-0.00000544
29.0836	0.00000255
29.0887	0.00000076
29.0940	-0.00000248
29.0989	-0.00000023
29.1039	-0.00000340
29.1091	-0.00000348
29.1140	-0.00000360
29.1190	-0.00000059
29.1241	-0.00000510
29.1291	-0.00000536
29.1340	-0.00000189
29.1386	-0.00000416
29.1437	-0.00000172
29.1487	-0.00000246
29.1537	-0.00000075
29.1587	0.00000267
29.1637	-0.00000244
29.1687	-0.00000014
29.1737	0.00000194
29.1787	0.00000215
29.1837	-0.00000362
29.1887	-0.00000120
29.1937	-0.00000203
29.1987	-0.00000590
29.2037	-0.00000499
29.2087	-0.00000452
29.2137	-0.00000220
29.2187	-0.00000283
29.2237	-0.00000262
29.2286	0.00000208
29.2327	0.00000115
29.2383	-0.00000129
29.2425	0.00000204
29.2475	0.00000120
29.2526	-0.00000458
29.2575	-0.00000123
29.2625	-0.00000046
29.2674	-0.00000420
29.2723	-0.00000522
29.2764	-0.00000127
29.2815	-0.00000180
29.2865	-0.00000786
29.2915	-0.00000566
29.2964	-0.00000417
29.3014	-0.00000445
29.3065	-0.00000599
29.3114	-0.00000352
29.3165	-0.00000329
29.3215	0.00000048
29.3264	-0.00000226
29.3315	0.00000231
29.3365	-0.00000325
29.3407	-0.00000220
29.3457	-0.00000420
29.3507	-0.00000186
29.3557	-0.00000478
29.3606	-0.00000596
29.3656	-0.00000294
29.3706	-0.00000556
29.3756	-0.00000498
29.3806	-0.00000460
29.3856	-0.00000294
29.3907	-0.00000856
29.3957	-0.00000584
29.4007	-0.00000562
29.4058	-0.00000904
29.4108	-0.00000425
29.4158	-0.00000368
29.4207	-0.00000350
29.4258	-0.00000009
29.4308	0.00000053
29.4358	0.00000001
29.4407	-0.00000504
29.4460	-0.00000706
29.4510	-0.00000549
29.4558	-0.00000456
29.4609	-0.00000443
29.4658	-0.00000489
29.4704	-0.00000068
29.4754	-0.00000467
29.4804	-0.00000168
29.4853	-0.00000514
29.4895	-0.00000075
29.4949	-0.00000395
29.4996	-0.00000314
29.5045	-0.00000167
29.5113	-0.00000628
29.5156	-0.00000233
29.5206	-0.00000496
29.5255	-0.00000125
29.5306	-0.00000128
29.5356	-0.00000315
29.5400	-0.00000112
29.5451	-0.00000364
29.5503	-0.00000527
29.5552	-0.00000148
29.5614	-0.00000441
29.5661	-0.00000769
29.5711	-0.00000445
29.5772	-0.00000036
29.5822	-0.00000365
29.5873	-0.00000620
29.5920	-0.00000685
29.5972	-0.00001028
29.6022	-0.00000516
29.6071	-0.00000870
29.6121	-0.00000508
29.6172	-0.00000780
29.6221	-0.00000827
29.6272	-0.00000583
29.6321	-0.00000812
29.6372	-0.00000684
29.6418	-0.00000648
29.6468	-0.00000487
29.6518	-0.00000484
29.6567	-0.00000686
29.6623	-0.00000672
29.6667	-0.00000862
29.6717	-0.00001093
29.6779	-0.00000749
29.6827	-0.00000538
29.6877	-0.00000754
29.6949	-0.00000714
29.6996	-0.00000876
29.7041	-0.00000603
29.7090	-0.00000880
29.7132	-0.00000754
29.7182	-0.00000631
29.7231	-0.00000227
29.7286	-0.00000819
29.7331	-0.00000653
29.7388	-0.00000712
29.7438	-0.00000521
29.7489	-0.00000623
29.7539	-0.00000477
29.7588	-0.00000762
29.7639	-0.00000859
29.7688	-0.00000592
29.7737	-0.00000474
29.7789	-0.00000442
29.7840	-0.00000170
29.7888	-0.00000488
29.7945	-0.00000739
29.7989	-0.00000866
29.8039	-0.00000786
29.8089	-0.00000613
29.8140	-0.00000679
29.8189	-0.00000529
29.8237	-0.00000768
29.8289	-0.00000796
29.8339	-0.00000686
29.8389	-0.00000503
29.8436	-0.00000567
29.8487	-0.00000538
29.8537	-0.00000488
29.8586	-0.00000690
29.8637	-0.00000990
29.8686	-0.00000541
29.8737	-0.00000690
29.8787	-0.00000565
29.8836	-0.00000868
29.8887	-0.00000520
29.8937	-0.00000714
29.8987	-0.00000549
29.9037	-0.00000589
29.9085	-0.00001009
29.9136	-0.00000510
29.9186	-0.00000733
29.9236	-0.00000814
29.9287	-0.00001184
29.9337	-0.00001047
29.9391	-0.00001160
29.9443	-0.00000401
29.9494	-0.00001138
29.9542	-0.00000775
29.9592	-0.00000647
29.9643	-0.00000928
29.9693	-0.00000976
29.9744	-0.00000969
29.9792	-0.00000841
29.9843	-0.00001169
29.9892	-0.00000851
29.9945	-0.00001019
29.9992	-0.00001016
30.0043	-0.00001213
30.0094	-0.00001329
30.0143	-0.00000929
30.0192	-0.00001166
30.0244	-0.00000896
30.0294	-0.00000770
30.0342	-0.00000912
30.0384	-0.00000654
30.0438	-0.00001112
30.0489	-0.00001153
30.0530	-0.00000815
30.0580	-0.00001141
30.0631	-0.00001039
30.0680	-0.00000878
30.0731	-0.00000805
30.0781	-0.00000842
30.0831	-0.00001068
30.0881	-0.00001490
30.0933	-0.00001010
30.0982	-0.00000803
30.1031	-0.00001098
30.1081	-0.00001042
30.1130	-0.00001121
30.1181	-0.00001065
30.1231	-0.00001122
30.1281	-0.00000992
30.1331	-0.00001030
30.1381	-0.00001239
30.1443	-0.00000986
30.1486	-0.00001054
30.1528	-0.00000942
30.1577	-0.00000931
30.1625	-0.00000852
30.1676	-0.00001164
30.1726	-0.00000656
30.1778	-0.00000886
30.1825	-0.00001301
30.1877	-0.00001039
30.1940	-0.00000929
30.1986	-0.00001327
30.2038	-0.00001116
30.2088	-0.00000944
30.2137	-0.00000879
30.2188	-0.00001112
30.2238	-0.00000847
30.2290	-0.00001701
30.2332	-0.00001450
30.2376	-0.00001121
30.2418	-0.00001462
30.2475	-0.00000261
30.2521	-0.00000075
30.2568	-0.00000134
30.2622	-0.00000058
30.2671	-0.00000112
30.2720	0.00000051
30.2762	-0.00000077
30.2812	0.00000004
30.2862	0.00000119
30.2912	0.00000038
30.2962	-0.00000098
30.3013	-0.00000007
30.3061	-0.00000113
30.3111	-0.00000185
30.3160	-0.00000166
30.3207	-0.00000254
30.3258	-0.00000109
30.3306	-0.00000220
30.3353	-0.00000070
30.3398	-0.00000208
30.3448	-0.00000304
30.3498	-0.00000217
30.3549	-0.00000213
30.3599	-0.00000231
30.3649	-0.00000146
30.3698	-0.00000141
30.3743	-0.00000104
30.3793	-0.00000133
30.3844	-0.00000193
30.3893	-0.00000242
30.3944	-0.00000150
30.3993	-0.00000303
30.4043	-0.00000162
30.4093	-0.00000166
30.4142	-0.00000040
30.4194	-0.00000141
30.4244	-0.00000145
30.4295	0.00000046
30.4345	-0.00000063
30.4400	-0.00000196
30.4450	-0.00000124
30.4495	-0.00000150
30.4546	-0.00000114
30.4595	-0.00000024
30.4646	-0.00000202
30.4696	-0.00000148
30.4747	-0.00000119
30.4796	-0.00000090
30.4846	-0.00000233
30.4895	-0.00000177
30.4944	0.00000096
30.4996	-0.00000009
30.5046	0.00000025
30.5096	0.00000196
30.5146	0.00000182
30.5197	0.00000063
30.5247	0.00000155
30.5298	0.00000156
30.5346	0.00000328
30.5404	0.00000203
30.5455	0.00000268
30.5505	0.00000224
30.5554	0.00000166
30.5603	0.00000061
30.5653	0.00000066
30.5705	0.00000050
30.5755	0.00000228
30.5805	0.00000230
30.5855	0.00000106
30.5904	-0.00000051
30.5954	0.00000086
30.6004	0.00000034
30.6054	-0.00000097
30.6105	0.00000015
30.6155	-0.00000065
30.6204	-0.00000256
30.6254	-0.00000172
30.6298	0.00000075
30.6347	0.00000137
30.6399	0.00000316
30.6444	0.00000418
30.6494	0.00000453
30.6544	0.00000188
30.6593	0.00000113
30.6642	0.00000090
30.6693	0.00000246
30.6743	0.00000076
30.6794	0.00000164
30.6844	0.00000191
30.6894	0.00000289
30.6943	0.00000376
30.6994	0.00000249
30.7046	0.00000186
30.7094	0.00000128
30.7144	0.00000250
30.7193	-0.00000061
30.7245	-0.00000008
30.7297	0.00000034
30.7347	0.00000217
30.7396	0.00000116
30.7440	0.00000145
30.7481	0.00000233
30.7532	0.00000159
30.7581	0.00000160
30.7632	0.00000146
30.7683	0.00000032
30.7731	0.00000030
30.7775	0.00000166
30.7827	0.00000098
30.7877	0.00000059
30.7927	-0.00000034
30.7976	-0.00000249
30.8026	-0.00000258
30.8077	-0.00000150
30.8127	-0.00000160
30.8177	-0.00000259
30.8227	-0.00000096
30.8276	0.00000026
30.8329	-0.00000149
30.8377	-0.00000081
30.8423	-0.00000085
30.8475	-0.00000038
30.8523	-0.00000029
30.8573	0.00000033
30.8623	0.00000011
30.8673	-0.00000074
30.8722	-0.00000064
30.8773	0.00000079
30.8823	-0.00000176
30.8873	-0.00000124
30.8923	-0.00000081
30.8973	-0.00000252
30.9023	-0.00000386
30.9074	-0.00000356
30.9123	-0.00000307
30.9173	-0.00000227
30.9222	-0.00000193
30.9275	-0.00000147
30.9323	-0.00000211
30.9373	-0.00000127
30.9418	0.00000068
30.9468	-0.00000100
30.9518	-0.00000135
30.9568	0.00000033
30.9618	-0.00000010
30.9670	-0.00000109
30.9719	-0.00000021
30.9769	-0.00000200
30.9818	-0.00000173
30.9870	-0.00000238
30.9920	-0.00000116
30.9969	-0.00000018
31.0019	0.00000010
31.0069	-0.00000063
31.0118	-0.00000221
31.0169	-0.00000312
31.0219	-0.00000259
31.0270	-0.00000118
31.0320	-0.00000178
31.0369	0.00000075
31.0416	0.00000084
31.0467	0.00000209
31.0517	0.00000193
31.0568	0.00000223
31.0617	0.00000028
31.0667	-0.00000046
31.0716	0.00000005
31.0767	0.00000015
31.0811	0.00000149
31.0861	0.00000094
31.0912	0.00000142
31.0960	0.00000038
31.1010	0.00000140
31.1060	0.00000210
31.1110	0.00000107
31.1160	0.00000181
31.1210	0.00000048
31.1261	-0.00000157
31.1311	-0.00000257
31.1362	-0.00000251
31.1417	-0.00000120
31.1468	-0.00000139
31.1516	-0.00000115
31.1568	-0.00000115
31.1621	-0.00000067
31.1668	0.00000039
31.1717	-0.00000039
31.1767	-0.00000023
31.1817	0.00000093
31.1867	0.00000094
31.1918	0.00000091
31.1969	-0.00000028
31.2018	0.00000043
31.2067	0.00000180
31.2117	0.00000146
31.2167	0.00000186
31.2218	0.00000022
31.2267	0.00000013
31.2310	0.00000138
31.2360	0.00000121
31.2411	0.00000022
31.2459	0.00000057
31.2507	-0.00000013
31.2559	0.00000068
31.2607	0.00000077
31.2659	0.00000044
31.2709	0.00000173
31.2761	0.00000099
31.2809	0.00000082
31.2860	0.00000153
31.2909	0.00000128
31.2957	-0.00000069
31.3008	0.00000175
31.3058	0.00000238
31.3109	0.00000172
31.3159	0.00000305
31.3209	0.00000246
31.3259	0.00000172
31.3311	0.00000250
31.3361	0.00000179
31.3410	0.00000334
31.3457	0.00000337
31.3507	0.00000195
31.3556	0.00000012
31.3607	0.00000004
31.3655	-0.00000063
31.3705	-0.00000111
31.3756	0.00000004
31.3807	0.00000049
31.3857	0.00000111
31.3907	0.00000068
31.3957	0.00000049
31.4006	-0.00000018
31.4057	-0.00000074
31.4107	-0.00000226
31.4157	-0.00000212
31.4207	-0.00000223
31.4257	-0.00000008
31.4307	-0.00000169
31.4358	-0.00000218
31.4409	-0.00000182
31.4454	-0.00000093
31.4503	-0.00000035
31.4547	-0.00000178
31.4598	-0.00000209
31.4649	-0.00000014
31.4699	0.00000050
31.4749	-0.00000104
31.4798	-0.00000064
31.4850	0.00000150
31.4899	0.00000152
31.4948	0.00000094
31.4998	0.00000067
31.5048	0.00000000
31.5098	0.00000059
31.5148	0.00000073
31.5199	-0.00000047
31.5248	-0.00000203
31.5298	-0.00000211
31.5349	0.00000039
31.5398	0.00000210
31.5444	0.00000045
31.5494	-0.00000068
31.5543	-0.00000125
31.5594	-0.00000056
31.5644	-0.00000084
31.5695	-0.00000125
31.5744	0.00000011
31.5793	0.00000046
31.5843	0.00000071
31.5894	0.00000089
31.5943	0.00000025
31.5994	0.00000206
31.6045	0.00000437
31.6095	0.00000294
31.6144	0.00000325
31.6194	0.00000409
31.6244	0.00000298
31.6293	0.00000419
31.6344	0.00000422
31.6395	0.00000478
31.6440	0.00000378
31.6490	0.00000314
31.6540	0.00000423
31.6590	0.00000438
31.6640	0.00000116
31.6690	0.00000006
31.6740	-0.00000079
31.6790	-0.00000002
31.6840	0.00000060
31.6890	0.00000223
31.6940	0.00000258
31.6990	0.00000161
31.7040	0.00000162
31.7090	0.00000178
31.7140	0.00000094
31.7191	0.00000087
31.7241	0.00000164
31.7292	0.00000102
31.7344	0.00000058
31.7392	0.00000014
31.7438	0.00000146
31.7489	0.00000052
31.7540	-0.00000031
31.7588	0.00000013
31.7639	0.00000126
31.7690	0.00000033
31.7740	-0.00000039
31.7789	0.00000044
31.7840	0.00000071
31.7890	-0.00000005
31.7941	-0.00000045
31.7990	-0.00000078
31.8040	-0.00000125
31.8093	-0.00000139
31.8140	0.00000097
31.8190	-0.00000106
31.8243	-0.00000041
31.8292	0.00000019
31.8341	-0.00000061
31.8392	-0.00000238
31.8436	-0.00000220
31.8487	-0.00000084
31.8537	0.00000021
31.8587	-0.00000001
31.8638	-0.00000151
31.8687	-0.00000170
31.8737	-0.00000087
31.8787	-0.00000169
31.8838	-0.00000120
31.8887	0.00000032
31.8937	-0.00000063
31.8987	0.00000073
31.9037	-0.00000111
31.9087	-0.00000157
31.9138	-0.00000207
31.9188	0.00000024
31.9238	-0.00000115
31.9288	-0.00000075
31.9339	-0.00000057
31.9388	-0.00000059
31.9435	-0.00000189
31.9483	-0.00000160
31.9533	-0.00000204
31.9582	-0.00000191
31.9633	-0.00000103
31.9683	-0.00000206
31.9733	-0.00000257
31.9783	-0.00000309
31.9833	-0.00000311
31.9881	-0.00000280
31.9933	-0.00000383
31.9983	-0.00000158
32.0033	-0.00000072
32.0083	-0.00000008
32.0134	0.00000166
32.0184	0.00000230
32.0233	0.00000179
32.0283	0.00000153
32.0333	0.00000062
32.0383	0.00000154
32.0439	0.00000001
32.0489	-0.00000120
32.0539	0.00000115
32.0589	0.00000304
32.0638	0.00000336
32.0688	0.00000235
32.0739	0.00000331
32.0789	0.00000275
32.0839	0.00000107
32.0890	0.00000325
32.0940	0.00000326
32.0989	0.00000211
32.1039	0.00000129
32.1091	-0.00000039
32.1141	-0.00000120
32.1189	-0.00000176
32.1240	-0.00000064
32.1291	-0.00000237
32.1342	-0.00000327
32.1391	-0.00000317
32.1440	-0.00000446
32.1486	-0.00000172
32.1537	-0.00000066
32.1587	-0.00000097
32.1636	-0.00000080
32.1686	-0.00000166
32.1736	-0.00000308
32.1786	-0.00000312
32.1838	-0.00000279
32.1887	-0.00000303
32.1936	-0.00000344
32.1986	-0.00000205
32.2036	-0.00000346
32.2086	-0.00000332
32.2127	-0.00000163
32.2176	-0.00000098
32.2228	0.00000054
32.2277	0.00000004
32.2329	-0.00000138
32.2377	-0.00000106
32.2428	-0.00000211
32.2472	-0.00000004
32.2522	-0.00000001
32.2573	0.00000130
32.2622	0.00000153
32.2672	0.00000052
32.2722	0.00000051
32.2774	0.00000341
32.2821	0.00000413
32.2872	0.00000273
32.2923	0.00000137
32.2973	0.00000003
32.3022	-0.00000008
32.3067	-0.00000116
32.3116	-0.00000213
32.3159	-0.00000164
32.3209	-0.00000061
32.3259	0.00000181
32.3309	0.00000220
32.3359	-0.00000037
32.3410	-0.00000016
32.3454	0.00000075
32.3498	0.00000024
32.3548	0.00000243
32.3598	0.00000218
32.3648	0.00000160
32.3699	0.00000125
32.3747	-0.00000055
32.3798	-0.00000133
32.3850	-0.00000215
32.3897	-0.00000000
32.3948	-0.00000044
32.4000	-0.00000062
32.4048	0.00000064
32.4099	-0.00000060
32.4150	-0.00000046
32.4199	0.00000013
32.4248	-0.00000007
32.4301	-0.00000039
32.4351	-0.00000080
32.4401	-0.00000073
32.4446	-0.00000143
32.4496	-0.00000104
32.4543	-0.00000157
32.4593	-0.00000111
32.4644	-0.00000154
32.4693	-0.00000106
32.4743	-0.00000074
32.4793	-0.00000127
32.4844	-0.00000156
32.4894	-0.00000296
32.4944	-0.00000174
32.4993	-0.00000244
32.5044	-0.00000335
32.5110	-0.00000119
32.5154	-0.00000265
32.5203	-0.00000153
32.5252	-0.00000283
32.5302	-0.00000105
32.5354	-0.00000040
32.5403	-0.00000076
32.5450	-0.00000158
32.5501	-0.00000153
32.5550	-0.00000150
32.5601	-0.00000256
32.5650	-0.00000325
32.5700	-0.00000232
32.5746	-0.00000280
32.5796	-0.00000432
32.5846	-0.00000560
32.5897	-0.00000379
32.5948	-0.00000338
32.5997	-0.00000179
32.6046	-0.00000212
32.6097	-0.00000258
32.6146	-0.00000129
32.6196	0.00000014
32.6245	0.00000038
32.6295	0.00000082
32.6346	0.00000141
32.6395	0.00000266
32.6451	0.00000332
32.6501	0.00000298
32.6551	0.00000168
32.6601	0.00000144
32.6653	0.00000079
32.6701	0.00000205
32.6751	0.00000120
32.6801	0.00000007
32.6854	0.00000163
32.6902	0.00000092
32.6952	0.00000243
32.7001	0.00000188
32.7051	0.00000250
32.7101	0.00000064
32.7152	0.00000150
32.7201	0.00000152
32.7251	0.00000145
32.7300	0.00000036
32.7352	-0.00000100
32.7402	-0.00000046
32.7452	-0.00000064
32.7498	-0.00000024
32.7548	-0.00000013
32.7597	0.00000000
32.7649	0.00000033
32.7698	-0.00000122
32.7749	-0.00000025
32.7798	0.00000161
32.7848	0.00000179
32.7898	0.00000162
32.7948	0.00000070
32.7998	0.00000057
32.8048	0.00000095
32.8098	0.00000327
32.8148	0.00000107
32.8198	-0.00000091
32.8248	0.00000118
32.8297	0.00000265
32.8348	0.00000239
32.8398	0.00000135
32.8455	0.00000054
32.8506	-0.00000022
32.8556	-0.00000137
32.8607	-0.00000113
32.8656	-0.00000040
32.8706	-0.00000104
32.8756	-0.00000125
32.8806	-0.00000122
32.8856	-0.00000194
32.8906	-0.00000267
32.8955	-0.00000164
32.9005	0.00000044
32.9056	0.00000023
32.9106	0.00000070
32.9156	0.00000046
32.9206	-0.00000027
32.9256	-0.00000216
32.9306	-0.00000163
32.9357	-0.00000040
32.9407	0.00000001
32.9457	-0.00000046
32.9504	-0.00000105
32.9554	-0.00000177
32.9607	-0.00000096
32.9655	-0.00000043
32.9705	-0.00000168
32.9755	-0.00000113
32.9804	-0.00000090
32.9854	-0.00000081
32.9904	0.00000111
32.9954	-0.00000022
33.0005	-0.00000107
33.0054	-0.00000042
33.0104	-0.00000037
33.0154	-0.00000094
33.0204	-0.00000077
33.0254	-0.00000072
33.0304	-0.00000139
33.0355	-0.00000172
33.0405	-0.00000263
33.0464	-0.00000262
33.0511	-0.00000133
33.0562	-0.00000024
33.0611	0.00000053
33.0661	0.00000033
33.0711	0.00000212
33.0761	0.00000207
33.0812	0.00000233
33.0861	0.00000070
33.0912	0.00000060
33.0959	0.00000135
33.1009	0.00000207
33.1059	0.00000199
33.1109	0.00000340
33.1161	0.00000338
33.1210	0.00000184
33.1261	0.00000173
33.1310	0.00000082
33.1361	0.00000042
33.1412	0.00000104
33.1461	-0.00000084
33.1509	-0.00000028
33.1559	0.00000027
33.1610	-0.00000224
33.1659	-0.00000211
33.1708	-0.00000220
33.1759	-0.00000252
33.1810	-0.00000338
33.1860	-0.00000185
33.1911	-0.00000134
33.1962	-0.00000264
33.2008	-0.00000144
33.2058	-0.00000078
33.2108	0.00000060
33.2160	-0.00000053
33.2208	-0.00000126
33.2259	-0.00000016
33.2310	0.00000032
33.2361	0.00000093
33.2411	0.00000061
33.2460	-0.00000082
33.2509	0.00000027
33.2556	-0.00000014
33.2609	-0.00000077
33.2658	-0.00000226
33.2708	-0.00000048
33.2758	0.00000227
33.2808	0.00000171
33.2858	0.00000087
33.2908	0.00000053
33.2959	0.00000046
33.3010	0.00000051
33.3059	-0.00000068
33.3108	-0.00000059
33.3159	0.00000034
33.3207	-0.00000074
33.3257	0.00000034
33.3308	-0.00000012
33.3359	0.00000087
33.3410	0.00000153
33.3459	0.00000010
33.3506	0.00000031
33.3557	-0.00000168
33.3607	0.00000016
33.3657	0.00000061
33.3706	0.00000022
33.3756	-0.00000024
33.3808	-0.00000216
33.3857	0.00000024
33.3908	-0.00000159
33.3957	-0.00000310
33.4009	-0.00000195
33.4056	-0.00000055
33.4107	-0.00000091
33.4157	-0.00000031
33.4208	-0.00000193
33.4259	-0.00000040
33.4308	0.00000006
33.4362	-0.00000080
33.4412	-0.00000088
33.4460	-0.00000039
33.4509	0.00000006
33.4558	0.00000123
33.4608	0.00000133
33.4656	0.00000088
33.4706	0.00000042
33.4747	-0.00000203
33.4799	-0.00000186
33.4851	-0.00000205
33.4897	-0.00000132
33.4949	-0.00000194
33.4997	-0.00000097
33.5049	-0.00000004
33.5098	0.00000008
33.5148	-0.00000015
33.5197	-0.00000101
33.5247	-0.00000107
33.5298	-0.00000106
33.5348	-0.00000138
33.5399	-0.00000307
33.5449	-0.00000121
33.5497	-0.00000080
33.5546	-0.00000100
33.5596	0.00000050
33.5646	0.00000064
33.5696	0.00000137
33.5746	0.00000098
33.5795	0.00000038
33.5846	0.00000106
33.5895	0.00000093
33.5944	0.00000073
33.5997	0.00000005
33.6045	0.00000144
33.6094	0.00000078
33.6143	-0.00000070
33.6194	-0.00000174
33.6244	-0.00000030
33.6294	-0.00000040
33.6344	0.00000021
33.6391	-0.00000059
33.6441	-0.00000121
33.6487	-0.00000056
33.6537	-0.00000032
33.6586	0.00000130
33.6636	0.00000120
33.6686	-0.00000091
33.6736	-0.00000152
33.6787	-0.00000316
33.6837	-0.00000249
33.6886	-0.00000391
33.6936	-0.00000164
33.6986	-0.00000061
33.7037	-0.00000063
33.7086	-0.00000080
33.7136	-0.00000151
33.7188	-0.00000250
33.7237	-0.00000325
33.7287	-0.00000188
33.7337	-0.00000196
33.7387	0.00000041
33.7437	-0.00000132
33.7485	-0.00000191
33.7533	-0.00000077
33.7583	-0.00000039
33.7633	-0.00000043
33.7683	0.00000098
33.7733	-0.00000008
33.7783	0.00000034
33.7833	-0.00000077
33.7884	0.00000032
33.7934	0.00000205
33.7984	0.00000148
33.8034	-0.00000011
33.8084	0.00000240
33.8134	0.00000166
33.8184	0.00000152
33.8234	0.00000011
33.8284	0.00000163
33.8335	0.00000191
33.8387	0.00000131
33.8434	0.00000256
33.8483	0.00000146
33.8534	0.00000166
33.8583	0.00000170
33.8633	0.00000144
33.8682	0.00000184
33.8734	0.00000118
33.8782	-0.00000077
33.8833	0.00000037
33.8882	-0.00000083
33.8932	-0.00000064
33.8981	-0.00000195
33.9032	-0.00000338
33.9083	-0.00000326
33.9133	-0.00000226
33.9182	-0.00000065
33.9233	-0.00000001
33.9281	-0.00000208
33.9332	-0.00000338
33.9381	-0.00000348
33.9432	-0.00000288
33.9481	-0.00000279
33.9530	-0.00000224
33.9582	-0.00000304
33.9629	-0.00000156
33.9678	-0.00000031
33.9728	-0.00000186
33.9782	-0.00000127
33.9830	0.00000075
33.9882	0.00000094
33.9932	0.00000052
33.9980	0.00000254
34.0030	0.00000214
34.0079	0.00000308
34.0131	0.00000084
34.0181	0.00000022
34.0230	0.00000078
34.0278	0.00000032
34.0324	0.00000084
34.0374	0.00000114
34.0426	0.00000167
34.0470	0.00000269
34.0521	0.00000201
34.0572	0.00000153
34.0621	0.00000188
34.0672	0.00000111
34.0722	0.00000111
34.0771	0.00000059
34.0821	0.00000154
34.0872	0.00000242
34.0920	0.00000122
34.0972	-0.00000016
34.1022	0.00000005
34.1072	0.00000009
34.1122	0.00000160
34.1172	-0.00000050
34.1221	-0.00000103
34.1272	-0.00000111
34.1321	0.00000031
34.1371	-0.00000009
34.1421	0.00000016
34.1472	-0.00000067
34.1517	-0.00000201
34.1567	-0.00000109
34.1618	0.00000004
34.1668	0.00000057
34.1716	-0.00000043
34.1767	0.00000034
34.1816	-0.00000084
34.1866	-0.00000157
34.1917	-0.00000193
34.1967	-0.00000041
34.2017	0.00000011
34.2067	0.00000071
34.2117	0.00000000
34.2167	0.00000133
34.2217	0.00000215
34.2268	0.00000094
34.2320	0.00000049
34.2367	0.00000067
34.2421	-0.00000040
34.2475	-0.00000166
34.2526	-0.00000219
34.2576	-0.00000126
34.2626	-0.00000057
34.2676	0.00000091
34.2726	0.00000034
34.2776	0.00000171
34.2826	0.00000065
34.2876	0.00000148
34.2926	0.00000144
34.2975	0.00000205
34.3025	0.00000153
34.3076	0.00000147
34.3126	0.00000161
34.3176	-0.00000063
34.3226	-0.00000235
34.3276	-0.00000058
34.3326	0.00000036
34.3377	0.00000031
34.3427	0.00000013
34.3476	-0.00000006
34.3524	0.00000033
34.3576	0.00000157
34.3624	0.00000118
34.3674	0.00000059
34.3717	-0.00000032
34.3760	-0.00000070
34.3808	-0.00000071
34.3858	-0.00000098
34.3908	-0.00000097
34.3958	0.00000119
34.4008	-0.00000011
34.4058	-0.00000108
34.4110	-0.00000264
34.4158	-0.00000202
34.4208	0.00000011
34.4258	-0.00000023
34.4308	0.00000091
34.4358	0.00000061
34.4409	0.00000174
34.4452	0.00000285
34.4496	0.00000350
34.4547	0.00000386
34.4597	0.00000268
34.4647	0.00000203
34.4697	0.00000075
34.4746	-0.00000088
34.4796	0.00000006
34.4846	0.00000097
34.4897	0.00000051
34.4943	-0.00000028
34.4993	-0.00000080
34.5043	0.00000116
34.5092	0.00000104
34.5142	0.00000091
34.5192	0.00000302
34.5242	0.00000266
34.5292	0.00000344
34.5342	0.00000404
34.5392	0.00000484
34.5443	0.00000281
34.5487	0.00000154
34.5537	0.00000024
34.5588	0.00000051
34.5637	0.00000252
34.5688	0.00000319
34.5737	0.00000297
34.5781	0.00000241
34.5832	0.00000251
34.5881	0.00000262
34.5932	0.00000273
34.5981	0.00000249
34.6031	0.00000187
34.6082	0.00000265
34.6132	0.00000284
34.6180	0.00000192
34.6229	0.00000131
34.6278	0.00000166
34.6319	0.00000067
34.6371	0.00000041
34.6420	0.00000119
34.6470	0.00000176
34.6517	0.00000273
34.6567	0.00000555
34.6617	0.00000417
34.6667	0.00000353
34.6716	0.00000305
34.6767	0.00000272
34.6817	0.00000210
34.6866	0.00000456
34.6916	0.00000445
34.6966	0.00000358
34.7007	0.00000198
34.7057	0.00000277
34.7107	0.00000364
34.7157	0.00000284
34.7207	0.00000180
34.7256	0.00000278
34.7307	0.00000254
34.7357	0.00000259
34.7408	0.00000064
34.7458	0.00000016
34.7503	0.00000180
34.7553	-0.00000040
34.7603	-0.00000048
34.7653	0.00000022
34.7703	-0.00000198
34.7744	-0.00000229
34.7795	-0.00000059
34.7844	-0.00000067
34.7894	-0.00000060
34.7944	-0.00000057
34.7994	-0.00000125
34.8044	-0.00000019
34.8094	0.00000121
34.8144	0.00000105
34.8194	0.00000113
34.8244	0.00000168
34.8294	0.00000089
34.8347	-0.00000134
34.8396	-0.00000081
34.8446	-0.00000095
34.8492	0.00000002
34.8544	0.00000208
34.8593	-0.00000045
34.8643	-0.00000090
34.8693	0.00000049
34.8744	-0.00000005
34.8793	0.00000074
34.8844	0.00000144
34.8894	0.00000140
34.8944	0.00000142
34.8993	0.00000197
34.9043	0.00000343
34.9094	0.00000274
34.9144	0.00000204
34.9193	-0.00000080
34.9244	-0.00000038
34.9293	-0.00000163
34.9337	-0.00000233
34.9389	-0.00000194
34.9439	-0.00000164
34.9488	-0.00000228
34.9534	0.00000030
34.9583	-0.00000044
34.9632	-0.00000031
34.9683	-0.00000047
34.9724	-0.00000050
34.9767	0.00000147
34.9817	0.00000063
34.9867	0.00000061
34.9917	-0.00000122
34.9968	-0.00000233
35.0019	-0.00000167
35.0069	-0.00000172
35.0118	-0.00000150
35.0169	-0.00000247
35.0218	-0.00000188
35.0268	-0.00000071
35.0318	-0.00000195
35.0369	-0.00000198
35.0419	-0.00000215
35.0469	-0.00000379
35.0517	-0.00000381
35.0567	-0.00000248
35.0609	-0.00000181
35.0658	-0.00000195
35.0709	-0.00000174
35.0759	-0.00000179
35.0811	-0.00000062
35.0860	-0.00000119
35.0909	-0.00000088
35.0961	-0.00000325
35.1010	-0.00000239
35.1060	-0.00000198
35.1110	-0.00000034
35.1162	-0.00000034
35.1210	-0.00000188
35.1260	-0.00000227
35.1310	0.00000036
35.1360	-0.00000002
35.1410	-0.00000225
35.1460	-0.00000276
35.1506	-0.00000329
35.1556	-0.00000409
35.1606	-0.00000203
35.1656	-0.00000197
35.1707	-0.00000091
35.1748	-0.00000044
35.1799	0.00000363
35.1849	0.00000319
35.1899	0.00000286
35.1949	0.00000323
35.2000	0.00000000
35.2049	0.00000057
35.2099	0.00000013
35.2149	-0.00000161
35.2203	-0.00000196
35.2250	-0.00000076
35.2301	-0.00000092
35.2351	-0.00000179
35.2401	-0.00000133
35.2451	-0.00000243
35.2497	-0.00000074
35.2538	-0.00000240
35.2588	-0.00000249
35.2638	-0.00000171
35.2687	-0.00000236
35.2738	-0.00000068
35.2788	0.00000121
35.2838	0.00000147
35.2888	0.00000234
35.2938	0.00000120
35.2987	0.00000035
35.3038	0.00000185
35.3088	0.00000271
35.3138	-0.00000074
35.3188	0.00000052
35.3228	0.00000015
35.3278	-0.00000158
35.3328	-0.00000117
35.3370	-0.00000060
35.3420	0.00000128
35.3470	-0.00000044
35.3516	0.00000078
35.3566	0.00000200
35.3616	0.00000127
35.3666	0.00000264
35.3716	0.00000092
35.3766	0.00000037
35.3816	-0.00000073
35.3866	-0.00000094
35.3916	-0.00000100
35.3966	-0.00000044
35.4016	-0.00000137
35.4066	-0.00000212
35.4116	-0.00000150
35.4166	-0.00000056
35.4216	-0.00000051
35.4266	-0.00000005
35.4316	0.00000157
35.4358	0.00000090
35.4407	0.00000043
35.4457	0.00000049
35.4504	0.00000103
35.4545	0.00000126
35.4595	0.00000086
35.4645	0.00000007
35.4695	0.00000111
35.4745	0.00000178
35.4795	0.00000084
35.4845	-0.00000095
35.4895	0.00000147
35.4945	0.00000235
35.4995	0.00000215
35.5045	0.00000292
35.5095	0.00000070
35.5142	-0.00000017
35.5193	-0.00000218
35.5243	-0.00000126
35.5293	-0.00000371
35.5343	-0.00000377
35.5393	-0.00000283
35.5443	-0.00000272
35.5498	-0.00000170
35.5548	-0.00000027
35.5598	-0.00000186
35.5650	-0.00000195
35.5699	-0.00000213
35.5750	-0.00000061
35.5799	-0.00000052
35.5849	0.00000036
35.5898	-0.00000005
35.5940	0.00000090
35.5990	0.00000044
35.6041	-0.00000056
35.6091	-0.00000041
35.6141	0.00000109
35.6191	0.00000045
35.6240	0.00000189
35.6292	0.00000119
35.6342	0.00000135
35.6392	0.00000241
35.6441	0.00000274
35.6491	0.00000256
35.6536	0.00000526
35.6581	0.00000348
35.6631	0.00000270
35.6682	0.00000082
35.6733	0.00000173
35.6783	0.00000162
35.6831	0.00000100
35.6881	0.00000214
35.6931	0.00000193
35.6981	0.00000284
35.7031	0.00000271
35.7081	0.00000325
35.7131	0.00000147
35.7181	0.00000082
35.7231	0.00000090
35.7272	0.00000116
35.7321	0.00000352
35.7371	0.00000340
35.7421	0.00000360
35.7470	0.00000249
35.7516	0.00000272
35.7566	0.00000251
35.7616	0.00000390
35.7666	0.00000355
35.7712	0.00000297
35.7762	0.00000257
35.7813	0.00000216
35.7862	0.00000246
35.7912	-0.00000058
35.7958	0.00000023
35.8007	0.00000074
35.8058	0.00000166
35.8108	0.00000243
35.8157	0.00000278
35.8208	0.00000111
35.8257	0.00000107
35.8308	-0.00000059
35.8359	0.00000025
35.8411	-0.00000103
35.8461	-0.00000191
35.8507	-0.00000087
35.8557	0.00000171
35.8606	0.00000151
35.8657	0.00000001
35.8702	-0.00000014
35.8752	0.00000086
35.8802	0.00000003
35.8844	0.00000189
35.8896	0.00000182
35.8946	0.00000148
35.8997	0.00000061
35.9045	0.00000149
35.9095	-0.00000018
35.9146	-0.00000222
35.9195	-0.00000141
35.9245	0.00000006
35.9296	-0.00000102
35.9346	-0.00000290
35.9395	-0.00000267
35.9446	-0.00000140
35.9495	-0.00000050
35.9542	0.00000110
35.9592	-0.00000036
35.9642	-0.00000135
35.9691	-0.00000178
35.9742	-0.00000194
35.9785	-0.00000082
35.9835	0.00000051
35.9885	0.00000139
35.9936	0.00000085
35.9987	-0.00000009
36.0035	-0.00000057
36.0085	0.00000094
36.0134	0.00000121
36.0185	-0.00000086
36.0234	-0.00000166
36.0285	0.00000069
36.0334	0.00000025
36.0384	0.00000102
36.0430	0.00000167
36.0480	0.00000062
36.0526	0.00000054
36.0576	0.00000107
36.0626	0.00000317
36.0675	0.00000180
36.0726	0.00000012
36.0776	0.00000203
36.0826	0.00000089
36.0876	0.00000108
36.0925	0.00000221
36.0975	0.00000246
36.1026	0.00000276
36.1075	0.00000280
36.1126	0.00000244
36.1166	0.00000125
36.1217	0.00000213
36.1266	0.00000250
36.1316	0.00000208
36.1367	0.00000128
36.1417	0.00000289
36.1467	0.00000232
36.1512	0.00000099
36.1562	0.00000048
36.1607	-0.00000123
36.1658	-0.00000172
36.1708	-0.00000071
36.1758	-0.00000149
36.1808	-0.00000158
36.1856	0.00000077
36.1908	-0.00000002
36.1958	0.00000049
36.2007	0.00000047
36.2058	0.00000002
36.2107	0.00000058
36.2157	-0.00000059
36.2208	-0.00000042
36.2258	-0.00000048
36.2308	0.00000018
36.2356	-0.00000004
36.2408	0.00000042
36.2458	0.00000046
36.2514	0.00000135
36.2566	0.00000284
36.2615	0.00000203
36.2666	0.00000152
36.2716	0.00000340
36.2766	0.00000253
36.2815	0.00000309
36.2865	0.00000397
36.2916	0.00000530
36.2965	0.00000415
36.3015	0.00000449
36.3065	0.00000489
36.3116	0.00000441
36.3165	0.00000426
36.3216	0.00000369
36.3265	0.00000230
36.3315	0.00000209
36.3366	0.00000075
36.3417	0.00000050
36.3466	0.00000152
36.3515	0.00000135
36.3562	0.00000291
36.3611	0.00000291
36.3662	0.00000171
36.3713	0.00000140
36.3761	0.00000269
36.3814	0.00000063
36.3860	-0.00000046
36.3908	-0.00000064
36.3958	0.00000074
36.4008	0.00000355
36.4058	0.00000212
36.4108	-0.00000003
36.4158	0.00000093
36.4208	-0.00000114
36.4258	-0.00000126
36.4309	-0.00000071
36.4358	-0.00000041
36.4400	0.00000015
36.4450	0.00000005
36.4501	-0.00000232
36.4546	-0.00000189
36.4596	-0.00000272
36.4647	-0.00000231
36.4697	-0.00000172
36.4747	-0.00000128
36.4797	-0.00000153
36.4846	-0.00000024
36.4897	0.00000042
36.4948	-0.00000039
36.4997	0.00000031
36.5047	0.00000242
36.5098	0.00000163
36.5148	0.00000206
36.5197	0.00000189
36.5247	-0.00000000
36.5297	0.00000067
36.5346	0.00000073
36.5395	0.00000133
36.5447	0.00000022
36.5497	-0.00000125
36.5543	-0.00000174
36.5593	-0.00000137
36.5643	-0.00000102
36.5692	-0.00000126
36.5743	0.00000033
36.5792	-0.00000024
36.5843	-0.00000241
36.5893	-0.00000187
36.5943	-0.00000076
36.5993	-0.00000059
36.6043	-0.00000118
36.6093	-0.00000166
36.6143	-0.00000239
36.6193	-0.00000150
36.6244	-0.00000199
36.6293	-0.00000200
36.6343	-0.00000165
36.6394	-0.00000376
36.6445	-0.00000402
36.6493	-0.00000029
36.6540	0.00000014
36.6590	0.00000150
36.6639	0.00000076
36.6690	0.00000075
36.6741	0.00000024
36.6791	-0.00000004
36.6841	-0.00000002
36.6891	-0.00000176
36.6941	-0.00000043
36.6991	0.00000146
36.7043	-0.00000017
36.7089	0.00000007
36.7134	-0.00000007
36.7184	-0.00000043
36.7235	-0.00000029
36.7285	-0.00000062
36.7333	-0.00000036
36.7384	-0.00000186
36.7435	-0.00000127
36.7485	-0.00000135
36.7532	-0.00000143
36.7581	-0.00000155
36.7630	-0.00000253
36.7681	-0.00000034
36.7731	-0.00000014
36.7781	-0.00000049
36.7830	0.00000034
36.7881	-0.00000112
36.7931	-0.00000130
36.7983	-0.00000099
36.8031	0.00000071
36.8084	0.00000068
36.8131	-0.00000009
36.8182	-0.00000069
36.8232	-0.00000174
36.8282	-0.00000262
36.8332	-0.00000206
36.8382	-0.00000445
36.8432	-0.00000149
36.8482	-0.00000011
36.8535	-0.00000255
36.8586	-0.00000136
36.8637	-0.00000203
36.8686	-0.00000250
36.8737	-0.00000120
36.8786	-0.00000082
36.8836	-0.00000030
36.8886	-0.00000024
36.8937	-0.00000110
36.8987	-0.00000052
36.9038	0.00000070
36.9088	0.00000006
36.9138	-0.00000015
36.9188	0.00000020
36.9238	-0.00000080
36.9289	-0.00000105
36.9337	-0.00000025
36.9381	0.00000000
36.9431	-0.00000056
36.9480	0.00000016
36.9527	0.00000107
36.9578	0.00000167
36.9628	0.00000092
36.9677	0.00000051
36.9728	-0.00000097
36.9776	-0.00000179
36.9827	-0.00000038
36.9877	-0.00000051
36.9927	-0.00000146
36.9976	-0.00000054
37.0026	0.00000023
37.0076	-0.00000009
37.0127	0.00000111
37.0177	0.00000139
37.0226	0.00000041
37.0277	0.00000136
37.0327	0.00000138
37.0377	0.00000292
37.0427	0.00000196
37.0478	0.00000349
37.0528	0.00000383
37.0574	0.00000238
37.0624	0.00000211
37.0672	-0.00000079
37.0723	0.00000014
37.0774	-0.00000039
37.0825	-0.00000167
37.0874	-0.00000264
37.0924	-0.00000379
37.0974	-0.00000283
37.1023	-0.00000089
37.1074	-0.00000237
37.1124	-0.00000207
37.1173	-0.00000231
37.1224	-0.00000109
37.1274	-0.00000117
37.1324	-0.00000129
37.1374	-0.00000281
37.1424	-0.00000287
37.1474	-0.00000256
37.1530	-0.00000097
37.1581	-0.00000154
37.1632	-0.00000281
37.1681	-0.00000124
37.1732	0.00000068
37.1782	0.00000088
37.1823	0.00000145
37.1874	0.00000104
37.1922	0.00000135
37.1973	0.00000103
37.2023	-0.00000108
37.2073	-0.00000214
37.2122	-0.00000186
37.2172	-0.00000221
37.2224	-0.00000034
37.2273	0.00000034
37.2323	-0.00000016
37.2374	-0.00000078
37.2425	-0.00000033
37.2475	0.00000086
37.2530	-0.00000034
37.2581	-0.00000025
37.2631	0.00000201
37.2680	0.00000255
37.2729	0.00000139
37.2780	0.00000004
37.2831	0.00000067
37.2880	0.00000121
37.2932	0.00000213
37.2982	0.00000158
37.3031	0.00000067
37.3081	-0.00000094
37.3131	0.00000056
37.3180	-0.00000010
37.3231	0.00000069
37.3281	0.00000098
37.3331	0.00000084
37.3381	0.00000010
37.3431	-0.00000060
37.3481	-0.00000113
37.3531	0.00000080
37.3576	-0.00000048
37.3628	-0.00000242
37.3677	-0.00000310
37.3728	-0.00000225
37.3778	-0.00000181
37.3828	-0.00000084
37.3878	-0.00000279
37.3927	-0.00000153
37.3978	-0.00000069
37.4028	-0.00000108
37.4078	-0.00000148
37.4128	-0.00000254
37.4177	-0.00000164
37.4228	-0.00000075
37.4278	-0.00000026
37.4327	0.00000087
37.4378	0.00000037
37.4429	-0.00000006
37.4479	-0.00000184
37.4537	-0.00000151
37.4586	-0.00000197
37.4636	-0.00000199
37.4686	-0.00000100
37.4736	0.00000041
37.4786	0.00000222
37.4836	0.00000329
37.4886	0.00000378
37.4936	0.00000472
37.4986	0.00000408
37.5036	0.00000293
37.5086	0.00000181
37.5136	0.00000212
37.5186	0.00000289
37.5235	0.00000335
37.5288	0.00000171
37.5336	0.00000096
37.5384	0.00000107
37.5436	0.00000126
37.5486	0.00000110
37.5537	-0.00000169
37.5583	-0.00000156
37.5634	-0.00000007
37.5683	-0.00000052
37.5733	-0.00000056
37.5781	-0.00000122
37.5831	-0.00000078
37.5883	-0.00000076
37.5933	0.00000014
37.5983	-0.00000005
37.6031	-0.00000069
37.6082	0.00000133
37.6131	-0.00000117
37.6182	-0.00000084
37.6234	-0.00000053
37.6284	-0.00000143
37.6333	0.00000038
37.6382	0.00000053
37.6432	0.00000005
37.6481	-0.00000049
37.6537	-0.00000011
37.6588	-0.00000057
37.6638	0.00000013
37.6687	0.00000189
37.6737	0.00000111
37.6788	0.00000251
37.6837	0.00000137
37.6887	0.00000101
37.6937	0.00000064
37.6987	0.00000021
37.7038	0.00000048
37.7087	-0.00000030
37.7138	0.00000047
37.7188	0.00000198
37.7238	0.00000137
37.7287	0.00000186
37.7336	0.00000124
37.7387	0.00000109
37.7437	0.00000190
37.7488	0.00000056
37.7537	0.00000097
37.7583	-0.00000035
37.7633	0.00000015
37.7683	0.00000180
37.7733	0.00000134
37.7781	0.00000118
37.7830	0.00000227
37.7872	0.00000319
37.7921	0.00000320
37.7970	0.00000205
37.8020	0.00000191
37.8067	0.00000155
37.8118	-0.00000062
37.8168	0.00000092
37.8218	-0.00000006
37.8268	0.00000013
37.8310	-0.00000013
37.8356	0.00000038
37.8407	-0.00000065
37.8457	-0.00000146
37.8508	-0.00000124
37.8553	-0.00000125
37.8602	-0.00000134
37.8652	-0.00000107
37.8694	-0.00000201
37.8744	-0.00000295
37.8794	-0.00000144
37.8843	-0.00000153
37.8893	-0.00000043
37.8944	-0.00000090
37.8994	0.00000009
37.9044	-0.00000059
37.9093	-0.00000153
37.9145	-0.00000208
37.9194	-0.00000011
37.9242	-0.00000058
37.9293	-0.00000063
37.9342	0.00000019
37.9393	0.00000181
37.9437	0.00000058
37.9487	0.00000019
37.9537	-0.00000020
37.9579	-0.00000351
37.9630	-0.00000421
37.9679	-0.00000054
37.9730	-0.00000000
37.9780	-0.00000121
37.9830	-0.00000092
37.9880	-0.00000100
37.9930	-0.00000165
37.9980	-0.00000115
38.0030	-0.00000208
38.0080	-0.00000110
38.0121	0.00000043
38.0171	-0.00000108
38.0221	-0.00000173
38.0271	-0.00000318
38.0321	-0.00000301
38.0371	-0.00000302
38.0422	-0.00000030
38.0472	0.00000054
38.0522	0.00000079
38.0569	-0.00000028
38.0620	-0.00000063
38.0669	0.00000099
38.0720	-0.00000081
38.0770	-0.00000003
38.0820	-0.00000114
38.0870	-0.00000168
38.0920	-0.00000079
38.0969	-0.00000077
38.1020	-0.00000186
38.1069	-0.00000348
38.1119	-0.00000076
38.1169	-0.00000155
38.1218	-0.00000110
38.1269	-0.00000187
38.1319	-0.00000125
38.1368	-0.00000055
38.1419	-0.00000095
38.1468	-0.00000096
38.1510	-0.00000087
38.1558	-0.00000079
38.1609	-0.00000097
38.1659	-0.00000029
38.1709	-0.00000065
38.1759	-0.00000069
38.1809	0.00000076
38.1859	0.00000084
38.1909	-0.00000032
38.1959	-0.00000011
38.2008	0.00000080
38.2059	0.00000034
38.2107	0.00000173
38.2159	-0.00000007
38.2210	-0.00000023
38.2261	0.00000011
38.2310	-0.00000124
38.2360	-0.00000035
38.2401	-0.00000119
38.2451	-0.00000172
38.2500	0.00000048
38.2547	0.00000081
38.2588	-0.00000073
38.2638	-0.00000249
38.2688	-0.00000162
38.2739	-0.00000164
38.2788	-0.00000324
38.2838	-0.00000226
38.2887	-0.00000170
38.2935	-0.00000112
38.2985	-0.00000133
38.3036	-0.00000025
38.3085	-0.00000244
38.3135	0.00000033
38.3187	0.00000065
38.3236	0.00000069
38.3289	0.00000083
38.3336	0.00000083
38.3387	-0.00000032
38.3438	-0.00000108
38.3488	0.00000006
38.3544	-0.00000006
38.3586	-0.00000090
38.3635	-0.00000034
38.3686	-0.00000148
38.3736	-0.00000235
38.3786	-0.00000086
38.3835	-0.00000101
38.3886	-0.00000112
38.3934	-0.00000051
38.3976	0.00000052
38.4026	-0.00000007
38.4075	0.00000023
38.4128	0.00000076
38.4174	0.00000064
38.4226	-0.00000103
38.4276	-0.00000011
38.4326	-0.00000075
38.4376	-0.00000150
38.4427	-0.00000056
38.4478	0.00000006
38.4527	0.00000169
38.4573	0.00000065
38.4625	0.00000028
38.4674	0.00000058
38.4725	0.00000194
38.4777	0.00000189
38.4825	0.00000145
38.4873	0.00000097
38.4925	0.00000192
38.4975	0.00000146
38.5025	-0.00000013
38.5075	0.00000011
38.5125	-0.00000085
38.5173	0.00000120
38.5225	-0.00000188
38.5273	-0.00000332
38.5324	-0.00000245
38.5375	-0.00000222
38.5424	-0.00000067
38.5476	-0.00000074
38.5528	-0.00000047
38.5572	0.00000042
38.5622	-0.00000003
38.5672	0.00000004
38.5723	0.00000024
38.5772	-0.00000069
38.5822	0.00000050
38.5872	0.00000213
38.5922	0.00000175
38.5973	0.00000323
38.6022	0.00000046
38.6073	0.00000012
38.6122	-0.00000067
38.6170	0.00000012
38.6223	-0.00000108
38.6272	0.00000045
38.6322	0.00000129
38.6372	0.00000001
38.6424	0.00000166
38.6473	0.00000164
38.6523	0.00000233
38.6571	0.00000039
38.6621	-0.00000013
38.6670	0.00000101
38.6721	0.00000242
38.6770	0.00000085
38.6821	-0.00000121
38.6871	-0.00000227
38.6919	-0.00000276
38.6969	-0.00000168
38.7020	-0.00000064
38.7070	0.00000026
38.7120	0.00000012
38.7170	0.00000019
38.7221	0.00000138
38.7270	0.00000189
38.7313	0.00000157
38.7363	0.00000041
38.7414	0.00000029
38.7464	0.00000093
38.7514	0.00000096
38.7561	0.00000167
38.7612	0.00000338
38.7662	0.00000205
38.7712	0.00000064
38.7762	0.00000234
38.7812	0.00000176
38.7862	0.00000145
38.7912	0.00000003
38.7962	0.00000025
38.8012	0.00000168
38.8062	0.00000136
38.8112	0.00000350
38.8162	0.00000213
38.8212	0.00000259
38.8262	0.00000148
38.8312	-0.00000026
38.8362	0.00000055
38.8413	0.00000091
38.8463	0.00000159
38.8513	0.00000150
38.8560	0.00000145
38.8611	0.00000265
38.8661	0.00000210
38.8711	0.00000109
38.8761	0.00000170
38.8811	0.00000405
38.8860	0.00000089
38.8911	-0.00000142
38.8961	-0.00000124
38.9011	0.00000004
38.9060	-0.00000111
38.9110	-0.00000075
38.9160	0.00000052
38.9211	0.00000032
38.9261	-0.00000081
38.9311	-0.00000092
38.9361	-0.00000302
38.9412	-0.00000294
38.9462	-0.00000344
38.9513	-0.00000166
38.9558	-0.00000195
38.9612	-0.00000212
38.9659	-0.00000152
38.9709	-0.00000080
38.9759	-0.00000028
38.9810	-0.00000221
38.9861	-0.00000100
38.9908	-0.00000188
38.9958	-0.00000054
39.0009	-0.00000021
39.0058	0.00000188
39.0108	0.00000058
39.0159	0.00000031
39.0209	0.00000102
39.0259	-0.00000054
39.0311	0.00000010
39.0359	-0.00000057
39.0411	-0.00000269
39.0460	0.00000080
39.0512	-0.00000080
39.0557	0.00000153
39.0608	0.00000043
39.0657	-0.00000136
39.0707	-0.00000180
39.0757	-0.00000071
39.0798	-0.00000015
39.0848	0.00000120
39.0898	0.00000091
39.0948	-0.00000005
39.0997	-0.00000156
39.1048	-0.00000348
39.1098	-0.00000303
39.1149	-0.00000218
39.1197	-0.00000267
39.1247	-0.00000099
39.1297	-0.00000146
39.1348	-0.00000133
39.1397	-0.00000102
39.1448	0.00000037
39.1497	0.00000042
39.1539	0.00000073
39.1584	0.00000036
39.1633	0.00000014
39.1682	-0.00000089
39.1733	0.00000141
39.1782	0.00000012
39.1833	0.00000060
39.1883	0.00000107
39.1934	0.00000029
39.1982	0.00000092
39.2048	0.00000101
39.2093	0.00000052
39.2143	-0.00000031
39.2194	-0.00000030
39.2242	-0.00000070
39.2284	0.00000089
39.2332	-0.00000055
39.2384	-0.00000050
39.2433	-0.00000041
39.2484	0.00000113
39.2556	0.00000043
39.2599	0.00000018
39.2649	-0.00000053
39.2697	0.00000103
39.2749	0.00000134
39.2798	0.00000103
39.2851	-0.00000099
39.2899	0.00000107
39.2948	0.00000256
39.2998	0.00000199
39.3054	0.00000260
39.3098	0.00000302
39.3148	0.00000268
39.3198	0.00000093
39.3248	0.00000004
39.3299	0.00000023
39.3348	-0.00000114
39.3402	-0.00000237
39.3450	-0.00000269
39.3499	-0.00000283
39.3549	-0.00000245
39.3590	-0.00000168
39.3641	-0.00000141
39.3690	-0.00000027
39.3742	-0.00000079
39.3791	-0.00000014
39.3841	-0.00000088
39.3892	0.00000023
39.3941	0.00000170
39.3992	0.00000196
39.4046	0.00000018
39.4092	0.00000181
39.4143	0.00000285
39.4193	0.00000226
39.4243	0.00000189
39.4292	0.00000162
39.4343	0.00000223
39.4395	0.00000211
39.4445	0.00000148
39.4494	0.00000284
39.4551	0.00000128
39.4602	-0.00000067
39.4651	-0.00000074
39.4701	-0.00000055
39.4753	0.00000218
39.4802	0.00000188
39.4853	0.00000175
39.4906	0.00000026
39.4955	0.00000019
39.5003	-0.00000158
39.5054	-0.00000096
39.5104	-0.00000102
39.5154	-0.00000164
39.5213	-0.00000220
39.5264	-0.00000456
39.5314	-0.00000283
39.5386	-0.00000347
39.5434	-0.00000354
39.5486	-0.00000177
39.5549	-0.00000084
39.5590	-0.00000088
39.5634	-0.00000080
39.5685	-0.00000088
39.5734	-0.00000075
39.5784	-0.00000174
39.5834	-0.00000133
39.5885	-0.00000154
39.5935	0.00000012
39.5985	0.00000013
39.6043	-0.00000032
39.6087	-0.00000038
39.6135	-0.00000051
39.6184	-0.00000062
39.6229	0.00000136
39.6280	0.00000109
39.6329	0.00000112
39.6379	0.00000058
39.6420	0.00000035
39.6467	0.00000118
39.6517	0.00000140
39.6563	0.00000204
39.6611	0.00000282
39.6661	0.00000127
39.6717	0.00000151
39.6764	-0.00000056
39.6812	-0.00000165
39.6861	-0.00000020
39.6913	0.00000109
39.6962	-0.00000129
39.7013	-0.00000019
39.7062	-0.00000108
39.7112	-0.00000160
39.7161	0.00000003
39.7216	-0.00000111
39.7262	-0.00000243
39.7312	-0.00000114
39.7362	-0.00000045
39.7411	0.00000082
39.7461	0.00000035
39.7513	0.00000048
39.7562	0.00000063
39.7607	0.00000138
39.7658	0.00000064
39.7718	-0.00000024
39.7770	0.00000032
39.7819	-0.00000001
39.7871	-0.00000138
39.7917	-0.00000210
39.7967	-0.00000243
39.8018	-0.00000234
39.8068	-0.00000238
39.8117	-0.00000235
39.8167	-0.00000179
39.8217	0.00000018
39.8269	-0.00000046
39.8318	0.00000096
39.8377	0.00000062
39.8428	0.00000214
39.8478	0.00000159
39.8552	0.00000384
39.8594	0.00000290
39.8642	0.00000298
39.8694	0.00000283
39.8743	0.00000182
39.8793	0.00000019
39.8844	-0.00000060
39.8894	0.00000126
39.8943	0.00000139
39.8993	0.00000108
39.9049	0.00000224
39.9094	0.00000216
39.9142	0.00000268
39.9206	0.00000293
39.9252	0.00000283
39.9303	0.00000024
39.9352	-0.00000042
39.9403	-0.00000102
39.9454	-0.00000188
39.9504	-0.00000181
39.9554	-0.00000134
39.9603	-0.00000266
39.9653	-0.00000343
39.9704	-0.00000265
39.9755	-0.00000124
39.9803	-0.00000202
39.9855	-0.00000193
39.9905	-0.00000209
39.9954	-0.00000160
40.0002	0.00000082
40.0046	0.00000169
40.0094	0.00000088
40.0144	-0.00000010
40.0205	-0.00000021
40.0254	-0.00000067
40.0304	-0.00000126
40.0352	-0.00000050
40.0403	-0.00000030
40.0453	-0.00000158
40.0503	-0.00000288
40.0553	-0.00000223
40.0599	-0.00000051
40.0641	-0.00000242
40.0689	-0.00000231
40.0741	-0.00000329
40.0792	-0.00000198
40.0840	-0.00000207
40.0890	-0.00000013
40.0940	-0.00000045
40.0990	0.00000008
40.1042	0.00000029
40.1090	0.00000131
40.1139	0.00000013
40.1211	0.00000178
40.1259	0.00000131
40.1309	0.00000153
40.1370	0.00000003
40.1420	0.00000011
40.1470	0.00000070
40.1511	-0.00000094
40.1560	-0.00000082
40.1605	-0.00000161
40.1656	-0.00000088
40.1709	-0.00000209
40.1757	-0.00000165
40.1805	-0.00000189
40.1868	-0.00000178
40.1916	0.00000070
40.1964	0.00000149
40.2015	0.00000337
40.2066	0.00000198
40.2115	0.00000126
40.2166	0.00000235
40.2217	0.00000223
40.2265	0.00000065
40.2307	-0.00000047
40.2356	-0.00000151
40.2407	-0.00000057
40.2458	-0.00000109
40.2509	0.00000117
40.2556	0.00000237
40.2602	0.00000214
40.2652	0.00000220
40.2703	0.00000166
40.2752	0.00000112
40.2802	0.00000078
40.2852	-0.00000015
40.2902	0.00000032
40.2951	0.00000177
40.3003	0.00000264
40.3052	0.00000145
40.3102	-0.00000044
40.3152	-0.00000076
40.3204	-0.00000282
40.3252	-0.00000211
40.3301	-0.00000293
40.3351	-0.00000394
40.3401	-0.00000346
40.3452	-0.00000288
40.3502	-0.00000163
40.3552	-0.00000340
40.3602	-0.00000027
40.3652	0.00000098
40.3716	0.00000223
40.3760	0.00000207
40.3810	0.00000194
40.3861	0.00000261
40.3910	0.00000387
40.3960	0.00000350
40.4011	0.00000351
40.4060	0.00000068
40.4111	0.00000036
40.4160	-0.00000023
40.4212	-0.00000037
40.4260	-0.00000045
40.4310	-0.00000074
40.4363	0.00000022
40.4410	-0.00000020
40.4460	0.00000069
40.4510	0.00000213
40.4560	-0.00000029
40.4606	-0.00000477
40.4656	-0.00000180
40.4721	0.00000137
40.4767	0.00000159
40.4815	0.00000234
40.4866	0.00000364
40.4917	-0.00000300
40.4966	-0.00000225
40.5015	-0.00000314
40.5065	-0.00000292
40.5115	-0.00000170
40.5165	-0.00000155
40.5216	-0.00000252
40.5266	0.00000012
40.5316	0.00000027
40.5365	-0.00000167
40.5416	-0.00000433
40.5466	-0.00000416
40.5516	0.00000065
40.5565	-0.00000102
40.5609	-0.00000128
40.5659	-0.00000217
40.5709	-0.00000201
40.5759	-0.00000190
40.5809	-0.00000243
40.5870	0.00000048
40.5921	-0.00000451
40.5970	-0.00000344
40.6020	-0.00000015
40.6068	-0.00000085
40.6119	-0.00000078
40.6169	-0.00000209
40.6219	-0.00000367
40.6268	-0.00000332
40.6319	-0.00000072
40.6386	-0.00000489
40.6430	-0.00000124
40.6480	0.00000208
40.6530	0.00000168
40.6574	0.00000285
40.6625	-0.00000229
40.6675	-0.00000493
40.6726	-0.00000155
40.6775	-0.00000856
40.6819	-0.00000519
40.6871	0.00000010
40.6920	-0.00000349
40.6969	0.00000024
40.7021	-0.00000444
40.7071	-0.00000048
40.7121	-0.00000228
40.7170	-0.00000253
40.7228	-0.00000175
40.7281	-0.00000292
40.7334	-0.00000604
40.7382	-0.00000335
40.7432	0.00000146
40.7482	-0.00000138
40.7534	-0.00000353
40.7579	0.00000131
40.7629	-0.00000440
40.7679	-0.00000061
40.7728	-0.00000140
40.7780	-0.00000375
40.7830	0.00000029
40.7878	0.00000223
40.7928	-0.00000154
40.7970	0.00000450
40.8018	-0.00000119
40.8070	0.00000072
40.8120	-0.00000113
40.8170	-0.00000053
40.8219	-0.00000108
40.8269	-0.00000174
40.8318	-0.00000289
40.8370	-0.00000139
40.8419	-0.00000526
40.8470	-0.00000455
40.8531	-0.00000100
40.8580	-0.00000146
40.8628	-0.00000115
40.8679	-0.00000377
40.8726	-0.00000019
40.8777	-0.00000324
40.8827	-0.00000358
40.8879	-0.00000764
40.8927	-0.00000190
40.8976	-0.00000439
40.9027	0.00000025
40.9077	-0.00000094
40.9127	-0.00000017
40.9180	-0.00000172
40.9228	-0.00000401
40.9278	-0.00000056
40.9327	-0.00000252
40.9377	-0.00000509
40.9428	-0.00000411
40.9478	-0.00000479
40.9532	-0.00000295
40.9583	-0.00000462
40.9633	-0.00000385
40.9683	-0.00000530
40.9733	-0.00000689
40.9781	-0.00000548
40.9834	-0.00000403
40.9882	-0.00000514
40.9933	-0.00000345
40.9982	-0.00000288
41.0036	-0.00000655
41.0084	-0.00000263
41.0136	-0.00000384
41.0189	-0.00000053
41.0235	-0.00000342
41.0285	-0.00000393
41.0336	-0.00000165
41.0387	0.00000167
41.0438	-0.00000501
41.0486	-0.00000315
41.0537	-0.00000560
41.0584	-0.00000344
41.0634	-0.00000172
41.0684	-0.00000061
41.0733	-0.00000026
41.0782	-0.00000229
41.0834	-0.00000276
41.0882	-0.00000894
41.0934	-0.00000719
41.0984	0.00000033
41.1037	0.00000224
41.1085	-0.00000097
41.1134	-0.00000376
41.1184	-0.00000518
41.1233	0.00000087
41.1282	-0.00000292
41.1336	-0.00000009
41.1387	-0.00000097
41.1438	-0.00000401
41.1487	-0.00000360
41.1542	-0.00000280
41.1593	0.00000184
41.1645	0.00000044
41.1696	-0.00000423
41.1745	-0.00000193
41.1793	-0.00000078
41.1843	-0.00000418
41.1893	-0.00000084
41.1945	-0.00000192
41.1993	-0.00000530
41.2045	-0.00000663
41.2095	-0.00000260
41.2143	-0.00000289
41.2204	-0.00000209
41.2253	-0.00000193
41.2304	-0.00000279
41.2353	-0.00000227
41.2404	-0.00000575
41.2453	-0.00000696
41.2505	-0.00000259
41.2554	-0.00000444
41.2601	0.00000027
41.2649	-0.00000215
41.2701	-0.00000051
41.2750	-0.00000468
41.2800	-0.00000046
41.2862	-0.00000272
41.2911	-0.00000441
41.2959	-0.00000522
41.3009	-0.00000389
41.3060	-0.00000458
41.3110	-0.00000688
41.3160	-0.00000152
41.3205	-0.00000658
41.3255	-0.00000593
41.3305	-0.00000376
41.3363	-0.00000300
41.3406	-0.00000294
41.3448	-0.00000485
41.3497	-0.00000193
41.3548	-0.00000576
41.3595	-0.00000742
41.3635	-0.00000388
41.3689	-0.00000194
41.3736	-0.00000226
41.3786	0.00000103
41.3835	-0.00000483
41.3884	-0.00000612
41.3934	-0.00000415
41.3984	-0.00000188
41.4032	-0.00000085
41.4079	-0.00000244
41.4129	-0.00000349
41.4180	-0.00000356
41.4230	-0.00000193
41.4279	-0.00000044
41.4329	-0.00000375
41.4380	-0.00000123
41.4430	-0.00000417
41.4479	-0.00000338
41.4530	-0.00000222
41.4580	-0.00000024
41.4627	-0.00000189
41.4676	0.00000131
41.4727	-0.00000186
41.4775	-0.00000407
41.4825	-0.00000041
41.4875	0.00000057
41.4927	-0.00000099
41.4977	0.00000039
41.5053	-0.00000358
41.5096	-0.00000618
41.5145	0.00000023
41.5201	-0.00000316
41.5246	-0.00000122
41.5295	0.00000101
41.5337	0.00000195
41.5387	-0.00000209
41.5437	-0.00000294
41.5483	-0.00000199
41.5534	-0.00000769
41.5591	-0.00000175
41.5639	-0.00000330
41.5699	-0.00000188
41.5751	-0.00000093
41.5800	0.00000200
41.5867	-0.00000498
41.5912	-0.00000487
41.5961	-0.00000396
41.6009	-0.00000611
41.6059	-0.00000541
41.6109	-0.00000555
41.6160	-0.00000443
41.6210	-0.00000246
41.6261	-0.00000684
41.6311	-0.00000596
41.6363	-0.00000454
41.6411	-0.00000353
41.6462	-0.00000279
41.6511	-0.00000477
41.6560	-0.00000558
41.6604	-0.00000711
41.6653	-0.00000620
41.6703	-0.00000552
41.6753	-0.00000256
41.6804	-0.00000498
41.6859	-0.00000788
41.6905	-0.00000720
41.6954	-0.00000399
41.7003	-0.00000550
41.7055	-0.00000427
41.7105	-0.00000068
41.7155	-0.00000791
41.7204	-0.00000415
41.7246	-0.00000273
41.7295	-0.00000301
41.7347	-0.00000659
41.7395	-0.00000379
41.7448	-0.00000771
41.7497	-0.00000312
41.7546	-0.00000337
41.7593	-0.00000142
41.7642	0.00000165
41.7697	-0.00000177
41.7743	-0.00000471
41.7792	-0.00000020
41.7842	-0.00000120
41.7893	-0.00000514
41.7942	-0.00000867
41.7992	-0.00000827
41.8042	-0.00000730
41.8093	-0.00000539
41.8142	-0.00000440
41.8197	-0.00000931
41.8243	-0.00000612
41.8292	-0.00000460
41.8334	-0.00000257
41.8384	-0.00000769
41.8429	-0.00000575
41.8480	-0.00000601
41.8537	-0.00000860
41.8582	-0.00000886
41.8629	-0.00000073
41.8679	-0.00000759
41.8729	-0.00000059
41.8777	-0.00000388
41.8826	-0.00000482
41.8876	-0.00000812
41.8927	-0.00000860
41.8976	-0.00000814
41.9027	-0.00000665
41.9078	-0.00000533
41.9127	-0.00000755
41.9177	-0.00000726
41.9229	-0.00001142
41.9278	-0.00000765
41.9329	-0.00000559
41.9374	-0.00000313
41.9424	-0.00000152
41.9475	-0.00000295
41.9528	-0.00000703
41.9575	-0.00000490
41.9622	-0.00001127
41.9672	-0.00000808
41.9720	-0.00000650
41.9773	-0.00000880
41.9822	-0.00001064
41.9871	-0.00000670
41.9923	-0.00000722
41.9972	-0.00000997
42.0030	-0.00000876
42.0073	-0.00001057
42.0122	-0.00000385
42.0171	-0.00000702
42.0222	-0.00000486
42.0273	-0.00000900
42.0322	-0.00000813
42.0372	-0.00000560
42.0421	-0.00000510
42.0471	-0.00000721
42.0523	-0.00000845
42.0573	-0.00000380
42.0615	-0.00000609
42.0666	-0.00000413
42.0715	-0.00000371
42.0764	-0.00000789
42.0806	-0.00000506
42.0860	-0.00000383
42.0906	-0.00000095
42.0955	-0.00000719
42.1004	-0.00000635
42.1054	-0.00000890
42.1105	-0.00000472
42.1151	-0.00000532
42.1202	-0.00000791
42.1243	-0.00000792
42.1292	-0.00000685
42.1343	-0.00000505
42.1393	-0.00000768
42.1443	-0.00001211
42.1492	-0.00001116
42.1543	-0.00001029
42.1594	-0.00001008
42.1641	-0.00000658
42.1695	-0.00001029
42.1741	-0.00001104
42.1790	-0.00000942
42.1840	-0.00001238
42.1889	-0.00000918
42.1940	-0.00001265
42.1990	-0.00000504
42.2039	-0.00001311
42.2089	-0.00001210
42.2139	-0.00000833
42.2191	-0.00000896
42.2239	-0.00001083
42.2289	-0.00001167
42.2339	-0.00000656
42.2389	-0.00000547
42.2441	-0.00000776
42.2489	-0.00000905
42.2541	-0.00000903
42.2592	-0.00000767
42.2637	-0.00000791
42.2695	-0.00000951
42.2736	-0.00001007
42.2786	-0.00001071
42.2836	-0.00001194
42.2886	-0.00000684
42.2939	-0.00001260
42.2987	-0.00001143
42.3039	-0.00001145
42.3089	-0.00001383
42.3138	-0.00001321
42.3192	-0.00001103
42.3238	-0.00001175
42.3288	-0.00001174
42.3337	-0.00001149
42.3390	-0.00001091
42.3438	-0.00001203
42.3488	-0.00000974
42.3539	-0.00001141
42.3590	-0.00001240
42.3636	-0.00000916
42.3686	-0.00001268
42.3736	-0.00001299
42.3785	-0.00001006
42.3834	-0.00001047
42.3884	-0.00000745
42.3934	-0.00000630
42.3984	-0.00001599
42.4033	-0.00001005
42.4082	-0.00001255
42.4133	-0.00001289
42.4190	-0.00001153
42.4232	-0.00001368
42.4277	-0.00001389
42.4327	-0.00001328
42.4375	-0.00001798
42.4427	-0.00001519
42.4478	-0.00001070
42.4528	-0.00001031
42.4578	-0.00001009
42.4624	-0.00001162
42.4674	-0.00000950
42.4730	-0.00000014
42.4776	-0.00000062
42.4825	-0.00000037
42.4875	-0.00000030
42.4924	-0.00000023
42.4973	-0.00000122
42.5024	-0.00000042
42.5075	0.00000122
42.5124	0.00000195
42.5174	0.00000220
42.5223	0.00000216
42.5275	0.00000016
42.5326	0.00000091
42.5375	0.00000173
42.5425	-0.00000001
42.5475	0.00000092
42.5524	0.00000071
42.5575	0.00000111
42.5621	-0.00000100
42.5672	0.00000029
42.5722	0.00000191
42.5772	0.00000164
42.5822	-0.00000090
42.5872	-0.00000062
42.5922	-0.00000104
42.5972	-0.00000053
42.6024	-0.00000021
42.6072	-0.00000115
42.6122	0.00000114
42.6172	0.00000094
42.6222	0.00000123
42.6272	0.00000151
42.6322	-0.00000026
42.6372	-0.00000028
42.6422	0.00000017
42.6471	0.00000136
42.6523	0.00000157
42.6574	0.00000212
42.6618	0.00000160
42.6671	0.00000242
42.6719	0.00000313
42.6771	0.00000179
42.6818	0.00000261
42.6868	0.00000242
42.6917	0.00000209
42.6968	0.00000120
42.7018	-0.00000029
42.7067	-0.00000015
42.7117	0.00000013
42.7167	-0.00000161
42.7213	-0.00000080
42.7264	-0.00000001
42.7314	0.00000028
42.7364	0.00000287
42.7414	0.00000261
42.7464	0.00000104
42.7514	0.00000203
42.7564	0.00000166
42.7621	0.00000177
42.7670	-0.00000007
42.7719	-0.00000093
42.7770	-0.00000122
42.7820	-0.00000171
42.7869	-0.00000048
42.7920	0.00000026
42.7970	0.00000112
42.8020	-0.00000032
42.8070	0.00000050
42.8120	0.00000057
42.8169	0.00000040
42.8210	0.00000107
42.8260	0.00000024
42.8311	0.00000106
42.8361	0.00000043
42.8411	0.00000068
42.8460	-0.00000034
42.8502	-0.00000089
42.8552	-0.00000142
42.8602	-0.00000016
42.8649	-0.00000144
42.8699	-0.00000305
42.8749	-0.00000331
42.8799	-0.00000261
42.8849	-0.00000204
42.8899	-0.00000126
42.8949	-0.00000152
42.8999	-0.00000141
42.9049	-0.00000068
42.9099	-0.00000035
42.9149	0.00000029
42.9199	0.00000199
42.9249	0.00000176
42.9299	0.00000193
42.9349	0.00000222
42.9399	0.00000316
42.9449	0.00000196
42.9490	0.00000157
42.9541	-0.00000009
42.9591	0.00000004
42.9637	-0.00000070
42.9688	0.00000098
42.9737	0.00000136
42.9788	-0.00000015
42.9838	0.00000054
42.9888	-0.00000097
42.9938	-0.00000144
42.9988	-0.00000112
43.0038	-0.00000258
43.0088	-0.00000198
43.0137	-0.00000103
43.0188	0.00000002
43.0238	-0.00000121
43.0288	-0.00000196
43.0338	-0.00000159
43.0388	-0.00000133
43.0436	-0.00000099
43.0478	-0.00000044
43.0519	-0.00000027
43.0569	-0.00000017
43.0625	-0.00000155
43.0676	-0.00000133
43.0726	-0.00000127
43.0776	-0.00000055
43.0826	0.00000050
43.0876	-0.00000059
43.0926	-0.00000238
43.0976	-0.00000404
43.1026	-0.00000370
43.1076	-0.00000271
43.1126	-0.00000191
43.1175	-0.00000153
43.1226	-0.00000255
43.1276	-0.00000162
43.1326	-0.00000133
43.1376	0.00000112
43.1426	0.00000092
43.1475	-0.00000087
43.1516	0.00000069
43.1565	0.00000234
43.1606	0.00000341
43.1651	0.00000225
43.1702	0.00000160
43.1752	0.00000193
43.1802	0.00000270
43.1852	0.00000157
43.1902	0.00000276
43.1952	0.00000129
43.2002	0.00000033
43.2052	-0.00000181
43.2102	-0.00000128
43.2152	-0.00000137
43.2202	-0.00000083
43.2252	-0.00000011
43.2295	-0.00000120
43.2345	-0.00000043
43.2394	-0.00000020
43.2445	-0.00000111
43.2494	-0.00000076
43.2545	-0.00000029
43.2595	-0.00000082
43.2640	0.00000043
43.2692	0.00000079
43.2741	-0.00000093
43.2792	0.00000038
43.2842	-0.00000116
43.2889	-0.00000091
43.2940	-0.00000136
43.2991	-0.00000278
43.3040	-0.00000111
43.3091	-0.00000079
43.3141	-0.00000106
43.3190	-0.00000035
43.3240	-0.00000144
43.3290	-0.00000183
43.3341	-0.00000097
43.3392	-0.00000012
43.3441	0.00000119
43.3491	0.00000250
43.3540	0.00000134
43.3588	0.00000127
43.3633	0.00000266
43.3684	0.00000250
43.3734	0.00000202
43.3785	0.00000217
43.3835	0.00000124
43.3884	0.00000139
43.3934	0.00000236
43.3985	0.00000345
43.4031	0.00000192
43.4081	0.00000200
43.4130	0.00000046
43.4171	0.00000034
43.4221	0.00000061
43.4271	-0.00000088
43.4321	0.00000003
43.4371	-0.00000115
43.4421	0.00000025
43.4471	-0.00000113
43.4513	-0.00000041
43.4562	-0.00000003
43.4604	0.00000126
43.4653	0.00000021
43.4703	0.00000106
43.4753	0.00000123
43.4803	0.00000268
43.4853	0.00000235
43.4904	0.00000217
43.4954	0.00000092
43.5003	0.00000140
43.5053	0.00000074
43.5103	0.00000003
43.5153	-0.00000017
43.5203	0.00000001
43.5252	-0.00000038
43.5302	0.00000110
43.5354	-0.00000004
43.5403	-0.00000132
43.5453	-0.00000049
43.5505	-0.00000010
43.5555	0.00000033
43.5605	0.00000106
43.5652	0.00000218
43.5701	0.00000399
43.5751	0.00000333
43.5801	0.00000146
43.5850	0.00000117
43.5900	0.00000074
43.5951	0.00000004
43.6001	-0.00000123
43.6053	-0.00000092
43.6101	-0.00000059
43.6151	-0.00000093
43.6201	-0.00000152
43.6250	-0.00000268
43.6300	-0.00000233
43.6351	-0.00000067
43.6402	-0.00000120
43.6451	-0.00000053
43.6500	-0.00000218
43.6550	-0.00000265
43.6601	-0.00000237
43.6646	-0.00000162
43.6697	-0.00000110
43.6747	-0.00000447
43.6797	-0.00000498
43.6846	-0.00000511
43.6895	-0.00000392
43.6944	-0.00000184
43.6994	-0.00000142
43.7044	-0.00000227
43.7094	-0.00000126
43.7145	-0.00000051
43.7187	-0.00000007
43.7233	0.00000179
43.7283	0.00000116
43.7333	0.00000043
43.7376	0.00000119
43.7426	-0.00000098
43.7476	0.00000015
43.7518	0.00000118
43.7567	0.00000144
43.7618	0.00000072
43.7662	-0.00000099
43.7712	-0.00000016
43.7762	0.00000157
43.7812	0.00000215
43.7862	0.00000376
43.7911	0.00000275
43.7962	0.00000192
43.8012	0.00000215
43.8062	0.00000217
43.8112	0.00000076
43.8162	0.00000166
43.8212	0.00000110
43.8261	0.00000193
43.8313	0.00000109
43.8362	0.00000043
43.8411	0.00000071
43.8462	0.00000122
43.8512	0.00000340
43.8563	0.00000451
43.8613	0.00000462
43.8659	0.00000426
43.8709	0.00000453
43.8759	0.00000485
43.8808	0.00000384
43.8859	0.00000230
43.8909	0.00000141
43.8958	0.00000139
43.9009	0.00000163
43.9059	0.00000148
43.9109	0.00000391
43.9159	0.00000086
43.9209	0.00000050
43.9259	-0.00000019
43.9309	0.00000097
43.9359	0.00000094
43.9410	0.00000187
43.9459	0.00000091
43.9509	0.00000133
43.9559	0.00000280
43.9609	0.00000269
43.9655	0.00000150
43.9705	0.00000326
43.9755	0.00000183
43.9805	0.00000294
43.9855	0.00000269
43.9906	0.00000180
43.9955	0.00000137
44.0005	0.00000131
44.0055	-0.00000029
44.0105	0.00000092
44.0155	0.00000232
44.0205	0.00000242
44.0255	0.00000256
44.0305	0.00000221
44.0355	0.00000230
44.0406	0.00000239
44.0455	0.00000147
44.0506	0.00000117
44.0556	0.00000053
44.0606	0.00000060
44.0651	-0.00000099
44.0701	-0.00000122
44.0751	-0.00000198
44.0801	-0.00000104
44.0851	-0.00000055
44.0901	0.00000006
44.0951	-0.00000045
44.1001	0.00000037
44.1050	-0.00000049
44.1102	-0.00000066
44.1154	0.00000103
44.1201	0.00000142
44.1251	-0.00000004
44.1300	0.00000070
44.1347	0.00000046
44.1397	-0.00000014
44.1447	-0.00000028
44.1497	-0.00000048
44.1538	0.00000120
44.1588	0.00000025
44.1637	-0.00000195
44.1687	-0.00000021
44.1736	0.00000086
44.1788	0.00000002
44.1835	0.00000026
44.1884	-0.00000096
44.1935	-0.00000240
44.1985	-0.00000001
44.2035	-0.00000038
44.2085	0.00000035
44.2135	0.00000019
44.2185	0.00000196
44.2235	0.00000267
44.2276	0.00000220
44.2326	0.00000197
44.2375	0.00000220
44.2428	0.00000185
44.2475	0.00000215
44.2526	0.00000099
44.2575	-0.00000046
44.2626	-0.00000040
44.2672	-0.00000056
44.2722	0.00000027
44.2772	-0.00000081
44.2821	-0.00000025
44.2873	-0.00000119
44.2923	0.00000022
44.2973	-0.00000051
44.3023	-0.00000273
44.3072	-0.00000205
44.3124	-0.00000081
44.3173	-0.00000026
44.3223	0.00000189
44.3273	0.00000107
44.3323	0.00000085
44.3373	0.00000093
44.3423	0.00000046
44.3474	-0.00000140
44.3524	-0.00000031
44.3574	-0.00000135
44.3624	-0.00000147
44.3673	-0.00000093
44.3722	0.00000059
44.3772	0.00000045
44.3821	0.00000180
44.3870	0.00000245
44.3923	0.00000221
44.3971	0.00000219
44.4020	0.00000133
44.4072	0.00000161
44.4120	0.00000162
44.4172	0.00000164
44.4217	0.00000117
44.4266	0.00000027
44.4317	-0.00000219
44.4366	-0.00000214
44.4416	-0.00000287
44.4468	-0.00000349
44.4517	-0.00000277
44.4569	-0.00000159
44.4617	-0.00000206
44.4670	-0.00000171
44.4720	-0.00000292
44.4771	-0.00000175
44.4821	-0.00000166
44.4871	-0.00000218
44.4922	-0.00000222
44.4971	-0.00000176
44.5023	-0.00000185
44.5072	-0.00000118
44.5121	-0.00000222
44.5173	-0.00000129
44.5222	0.00000095
44.5271	-0.00000001
44.5321	-0.00000073
44.5371	-0.00000168
44.5421	-0.00000256
44.5465	-0.00000235
44.5517	-0.00000138
44.5565	-0.00000106
44.5615	-0.00000129
44.5661	0.00000041
44.5705	0.00000027
44.5754	-0.00000121
44.5804	-0.00000233
44.5854	-0.00000101
44.5904	0.00000145
44.5954	0.00000098
44.6005	-0.00000119
44.6053	-0.00000066
44.6103	-0.00000016
44.6153	-0.00000021
44.6203	0.00000121
44.6253	0.00000269
44.6304	0.00000100
44.6353	0.00000055
44.6404	0.00000003
44.6454	0.00000093
44.6502	-0.00000001
44.6546	-0.00000205
44.6595	-0.00000162
44.6645	-0.00000115
44.6691	-0.00000039
44.6741	-0.00000055
44.6793	0.00000013
44.6843	-0.00000019
44.6893	-0.00000038
44.6943	-0.00000055
44.6992	0.00000122
44.7041	0.00000189
44.7089	0.00000114
44.7139	0.00000126
44.7189	0.00000212
44.7239	0.00000248
44.7290	0.00000275
44.7339	0.00000067
44.7389	0.00000128
44.7440	0.00000165
44.7489	0.00000112
44.7540	0.00000230
44.7590	0.00000186
44.7639	0.00000123
44.7683	0.00000183
44.7734	0.00000001
44.7783	0.00000031
44.7832	0.00000094
44.7883	-0.00000030
44.7935	-0.00000166
44.7985	-0.00000248
44.8035	-0.00000204
44.8078	-0.00000220
44.8121	-0.00000284
44.8173	-0.00000329
44.8222	-0.00000396
44.8271	-0.00000374
44.8320	-0.00000300
44.8371	-0.00000225
44.8420	0.00000000
44.8469	-0.00000028
44.8521	0.00000156
44.8571	0.00000206
44.8620	0.00000126
44.8665	0.00000139
44.8715	0.00000217
44.8766	0.00000102
44.8816	0.00000186
44.8865	0.00000229
44.8908	0.00000111
44.8958	0.00000133
44.9007	0.00000194
44.9057	0.00000210
44.9105	0.00000140
44.9156	-0.00000032
44.9199	-0.00000041
44.9248	0.00000192
44.9299	0.00000081
44.9348	-0.00000007
44.9399	-0.00000073
44.9449	-0.00000144
44.9499	-0.00000130
44.9550	-0.00000166
44.9600	-0.00000146
44.9650	-0.00000160
44.9699	-0.00000110
44.9747	-0.00000073
44.9797	-0.00000061
44.9847	0.00000095
44.9897	0.00000041
44.9947	0.00000023
44.9997	0.00000230
45.0047	0.00000144
45.0096	0.00000216
45.0147	0.00000160
45.0197	0.00000304
45.0247	0.00000088
45.0297	0.00000222
45.0348	-0.00000020
45.0397	0.00000126
45.0447	0.00000101
45.0497	0.00000176
45.0548	0.00000120
45.0599	0.00000067
45.0648	0.00000030
45.0696	0.00000004
45.0745	-0.00000151
45.0796	-0.00000102
45.0845	-0.00000069
45.0896	-0.00000209
45.0947	-0.00000108
45.0997	-0.00000073
45.1042	0.00000106
45.1092	-0.00000063
45.1142	-0.00000011
45.1192	0.00000092
45.1242	0.00000085
45.1291	0.00000049
45.1342	0.00000022
45.1391	-0.00000128
45.1442	-0.00000078
45.1492	0.00000207
45.1543	0.00000194
45.1593	0.00000055
45.1643	-0.00000018
45.1693	-0.00000037
45.1743	0.00000012
45.1793	0.00000080
45.1843	0.00000029
45.1892	0.00000003
45.1943	-0.00000175
45.1993	-0.00000096
45.2043	-0.00000267
45.2093	-0.00000193
45.2143	-0.00000179
45.2192	-0.00000092
45.2242	0.00000011
45.2292	0.00000055
45.2342	0.00000145
45.2392	0.00000376
45.2441	0.00000305
45.2492	0.00000160
45.2543	-0.00000011
45.2593	-0.00000260
45.2643	-0.00000292
45.2688	-0.00000173
45.2732	-0.00000017
45.2781	0.00000004
45.2831	0.00000207
45.2881	0.00000152
45.2931	0.00000009
45.2981	0.00000195
45.3031	0.00000110
45.3081	-0.00000007
45.3123	0.00000038
45.3174	0.00000017
45.3224	0.00000141
45.3275	0.00000203
45.3325	0.00000263
45.3375	0.00000209
45.3424	-0.00000017
45.3475	0.00000023
45.3526	-0.00000025
45.3576	-0.00000107
45.3630	-0.00000168
45.3680	-0.00000155
45.3732	-0.00000125
45.3779	-0.00000182
45.3830	-0.00000285
45.3880	-0.00000367
45.3930	-0.00000327
45.3980	-0.00000248
45.4030	-0.00000281
45.4080	-0.00000180
45.4129	-0.00000043
45.4180	-0.00000112
45.4230	-0.00000308
45.4280	-0.00000175
45.4329	-0.00000318
45.4380	-0.00000332
45.4428	-0.00000317
45.4480	-0.00000258
45.4532	-0.00000214
45.4580	-0.00000064
45.4630	0.00000037
45.4681	0.00000195
45.4732	0.00000161
45.4781	0.00000168
45.4831	0.00000137
45.4882	0.00000129
45.4932	-0.00000037
45.4982	-0.00000069
45.5032	0.00000141
45.5082	0.00000154
45.5131	0.00000237
45.5178	0.00000211
45.5228	0.00000149
45.5279	0.00000182
45.5330	0.00000057
45.5380	0.00000092
45.5429	0.00000025
45.5480	0.00000000
45.5531	-0.00000025
45.5581	0.00000000
45.5629	0.00000012
45.5675	-0.00000034
45.5717	-0.00000185
45.5767	-0.00000270
45.5815	-0.00000297
45.5867	-0.00000209
45.5917	-0.00000029
45.5968	0.00000111
45.6018	0.00000138
45.6069	0.00000007
45.6117	0.00000111
45.6169	0.00000099
45.6218	0.00000130
45.6268	0.00000180
45.6318	0.00000093
45.6367	0.00000067
45.6419	0.00000071
45.6468	0.00000105
45.6518	-0.00000030
45.6569	-0.00000125
45.6619	0.00000019
45.6676	-0.00000124
45.6727	0.00000003
45.6777	0.00000032
45.6827	-0.00000059
45.6875	-0.00000093
45.6925	-0.00000198
45.6977	-0.00000036
45.7026	-0.00000040
45.7075	-0.00000041
45.7126	0.00000026
45.7176	0.00000039
45.7226	0.00000285
45.7277	0.00000312
45.7327	0.00000328
45.7375	0.00000208
45.7425	0.00000185
45.7478	0.00000210
45.7526	0.00000131
45.7577	0.00000045
45.7627	0.00000162
45.7677	0.00000080
45.7723	-0.00000011
45.7773	-0.00000056
45.7824	-0.00000177
45.7873	0.00000058
45.7923	0.00000006
45.7973	0.00000178
45.8024	-0.00000037
45.8074	-0.00000194
45.8123	0.00000051
45.8174	0.00000007
45.8224	-0.00000019
45.8274	-0.00000132
45.8322	0.00000010
45.8374	0.00000092
45.8422	0.00000095
45.8469	0.00000121
45.8519	0.00000227
45.8570	0.00000178
45.8619	0.00000159
45.8670	0.00000152
45.8717	0.00000123
45.8767	0.00000102
45.8817	0.00000184
45.8867	0.00000189
45.8917	0.00000144
45.8967	0.00000077
45.9017	0.00000060
45.9066	0.00000108
45.9117	0.00000031
45.9168	0.00000110
45.9218	0.00000007
45.9268	0.00000185
45.9318	-0.00000033
45.9370	0.00000101
45.9419	0.00000028
45.9469	-0.00000007
45.9519	-0.00000005
45.9569	-0.00000030
45.9617	0.00000053
45.9669	0.00000201
45.9715	0.00000114
45.9765	0.00000222
45.9815	0.00000207
45.9864	0.00000190
45.9914	0.00000216
45.9964	-0.00000037
46.0015	0.00000063
46.0065	-0.00000030
46.0115	-0.00000178
46.0165	-0.00000032
46.0215	0.00000039
46.0265	0.00000024
46.0314	0.00000059
46.0365	0.00000081
46.0417	0.00000103
46.0465	0.00000111
46.0516	0.00000147
46.0560	-0.00000018
46.0611	0.00000128
46.0660	0.00000163
46.0706	0.00000122
46.0757	0.00000024
46.0807	-0.00000164
46.0856	-0.00000205
46.0907	-0.00000282
46.0956	-0.00000225
46.1006	-0.00000262
46.1056	-0.00000051
46.1106	0.00000074
46.1156	0.00000146
46.1206	0.00000161
46.1256	0.00000042
46.1305	0.00000111
46.1351	-0.00000011
46.1398	-0.00000033
46.1449	-0.00000101
46.1499	-0.00000010
46.1549	-0.00000029
46.1599	0.00000157
46.1651	0.00000014
46.1695	-0.00000119
46.1744	-0.00000046
46.1796	-0.00000048
46.1845	-0.00000062
46.1895	-0.00000103
46.1946	-0.00000132
46.1995	-0.00000112
46.2047	-0.00000091
46.2094	-0.00000077
46.2145	-0.00000009
46.2195	0.00000099
46.2249	0.00000034
46.2298	0.00000013
46.2347	-0.00000068
46.2397	0.00000126
46.2449	0.00000116
46.2497	0.00000061
46.2550	0.00000097
46.2597	0.00000160
46.2648	-0.00000010
46.2694	0.00000035
46.2745	-0.00000191
46.2794	-0.00000293
46.2846	-0.00000134
46.2895	-0.00000214
46.2944	-0.00000212
46.2994	-0.00000027
46.3044	0.00000015
46.3094	-0.00000012
46.3145	-0.00000133
46.3194	-0.00000183
46.3246	-0.00000203
46.3293	-0.00000417
46.3356	-0.00000168
46.3407	-0.00000290
46.3454	-0.00000230
46.3505	-0.00000328
46.3555	-0.00000402
46.3605	-0.00000300
46.3656	-0.00000339
46.3703	-0.00000297
46.3753	-0.00000349
46.3802	-0.00000286
46.3851	-0.00000320
46.3894	-0.00000116
46.3944	-0.00000055
46.3993	-0.00000009
46.4044	-0.00000028
46.4096	-0.00000244
46.4144	-0.00000132
46.4193	0.00000060
46.4244	-0.00000010
46.4294	-0.00000060
46.4345	0.00000036
46.4395	-0.00000075
46.4444	-0.00000076
46.4494	0.00000032
46.4544	-0.00000002
46.4594	-0.00000085
46.4645	-0.00000226
46.4700	-0.00000072
46.4750	-0.00000179
46.4801	-0.00000218
46.4851	-0.00000071
46.4901	-0.00000094
46.4950	0.00000085
46.5001	0.00000082
46.5051	-0.00000049
46.5100	-0.00000062
46.5150	-0.00000055
46.5201	-0.00000033
46.5251	-0.00000106
46.5301	-0.00000041
46.5351	-0.00000063
46.5400	0.00000049
46.5450	-0.00000026
46.5501	0.00000058
46.5550	0.00000090
46.5600	0.00000220
46.5651	0.00000313
46.5701	0.00000152
46.5746	0.00000187
46.5796	-0.00000159
46.5846	0.00000004
46.5896	0.00000027
46.5947	0.00000068
46.5996	-0.00000166
46.6046	-0.00000075
46.6098	-0.00000055
46.6146	0.00000057
46.6198	0.00000008
46.6239	-0.00000035
46.6290	-0.00000142
46.6341	0.00000029
46.6391	0.00000100
46.6440	-0.00000022
46.6490	-0.00000115
46.6540	0.00000167
46.6591	0.00000175
46.6641	-0.00000088
46.6692	-0.00000023
46.6737	-0.00000015
46.6786	0.00000108
46.6831	-0.00000051
46.6883	-0.00000182
46.6933	-0.00000207
46.6984	-0.00000154
46.7033	-0.00000147
46.7084	-0.00000116
46.7138	0.00000033
46.7186	0.00000019
46.7236	0.00000090
46.7286	0.00000086
46.7336	0.00000078
46.7386	-0.00000092
46.7436	-0.00000136
46.7477	-0.00000039
46.7529	-0.00000007
46.7580	0.00000069
46.7628	-0.00000051
46.7679	-0.00000212
46.7727	-0.00000173
46.7778	0.00000043
46.7829	-0.00000060
46.7878	-0.00000033
46.7928	0.00000136
46.7978	0.00000113
46.8027	-0.00000079
46.8078	-0.00000116
46.8120	-0.00000097
46.8170	-0.00000047
46.8220	0.00000057
46.8270	-0.00000175
46.8320	0.00000071
46.8361	-0.00000073
46.8411	-0.00000099
46.8461	-0.00000013
46.8511	0.00000047
46.8560	0.00000078
46.8610	-0.00000028
46.8660	-0.00000079
46.8706	-0.00000080
46.8756	-0.00000082
46.8807	-0.00000188
46.8856	-0.00000255
46.8907	-0.00000322
46.8956	-0.00000320
46.9006	-0.00000137
46.9056	-0.00000127
46.9106	-0.00000017
46.9158	-0.00000074
46.9208	0.00000140
46.9257	0.00000032
46.9306	0.00000102
46.9357	0.00000157
46.9408	0.00000039
46.9459	-0.00000005
46.9507	-0.00000074
46.9558	-0.00000173
46.9609	-0.00000039
46.9659	-0.00000081
46.9709	-0.00000064
46.9756	0.00000021
46.9805	-0.00000010
46.9850	0.00000033
46.9900	-0.00000111
46.9951	0.00000152
47.0000	-0.00000086
47.0050	0.00000052
47.0101	0.00000091
47.0150	0.00000104
47.0200	0.00000045
47.0250	0.00000036
47.0299	0.00000028
47.0350	-0.00000029
47.0401	-0.00000047
47.0450	-0.00000001
47.0500	-0.00000124
47.0551	-0.00000040
47.0604	-0.00000212
47.0652	-0.00000151
47.0701	-0.00000138
47.0747	-0.00000119
47.0796	-0.00000240
47.0838	-0.00000092
47.0878	-0.00000215
47.0928	-0.00000141
47.0978	0.00000058
47.1028	-0.00000142
47.1078	-0.00000020
47.1129	0.00000062
47.1178	-0.00000053
47.1228	0.00000022
47.1269	0.00000035
47.1319	0.00000008
47.1368	-0.00000253
47.1409	-0.00000275
47.1459	-0.00000092
47.1501	-0.00000082
47.1553	0.00000018
47.1600	-0.00000087
47.1641	-0.00000112
47.1690	0.00000035
47.1736	-0.00000132
47.1786	-0.00000073
47.1836	-0.00000128
47.1886	0.00000021
47.1927	-0.00000128
47.1977	-0.00000187
47.2027	-0.00000141
47.2079	0.00000006
47.2125	0.00000057
47.2176	0.00000037
47.2226	0.00000000
47.2276	-0.00000066
47.2326	0.00000020
47.2376	-0.00000104
47.2426	-0.00000031
47.2476	-0.00000066
47.2526	-0.00000104
47.2576	-0.00000054
47.2627	-0.00000036
47.2677	0.00000214
47.2724	0.00000117
47.2774	-0.00000077
47.2825	-0.00000050
47.2875	-0.00000058
47.2925	0.00000118
47.2974	0.00000112
47.3024	0.00000086
47.3074	0.00000197
47.3124	0.00000273
47.3174	0.00000217
47.3225	0.00000073
47.3273	0.00000128
47.3314	0.00000162
47.3357	0.00000046
47.3407	0.00000199
47.3458	0.00000204
47.3507	0.00000145
47.3558	0.00000062
47.3607	0.00000027
47.3658	0.00000002
47.3714	0.00000063
47.3764	0.00000043
47.3814	0.00000015
47.3864	-0.00000040
47.3914	0.00000027
47.3963	0.00000047
47.4009	-0.00000044
47.4060	-0.00000181
47.4109	-0.00000277
47.4160	-0.00000229
47.4210	-0.00000280
47.4250	-0.00000157
47.4299	-0.00000337
47.4349	-0.00000309
47.4401	-0.00000124
47.4449	-0.00000070
47.4499	-0.00000100
47.4543	0.00000064
47.4593	0.00000160
47.4644	0.00000250
47.4694	0.00000179
47.4740	0.00000174
47.4790	0.00000216
47.4840	0.00000205
47.4890	0.00000170
47.4940	0.00000012
47.4990	-0.00000055
47.5039	0.00000142
47.5089	0.00000157
47.5139	0.00000100
47.5188	0.00000011
47.5240	-0.00000025
47.5290	-0.00000185
47.5339	-0.00000141
47.5390	-0.00000004
47.5440	0.00000115
47.5490	0.00000122
47.5539	0.00000131
47.5589	0.00000191
47.5639	0.00000158
47.5689	0.00000069
47.5734	0.00000120
47.5784	0.00000060
47.5835	0.00000020
47.5886	0.00000168
47.5934	0.00000098
47.5986	-0.00000018
47.6035	0.00000223
47.6085	0.00000190
47.6135	0.00000139
47.6185	-0.00000098
47.6235	-0.00000128
47.6284	-0.00000008
47.6335	0.00000268
47.6385	0.00000061
47.6435	0.00000035
47.6485	0.00000030
47.6535	0.00000207
47.6586	0.00000221
47.6636	0.00000147
47.6686	0.00000046
47.6729	-0.00000109
47.6780	-0.00000112
47.6830	-0.00000146
47.6880	-0.00000114
47.6930	-0.00000047
47.6980	-0.00000110
47.7030	-0.00000152
47.7080	-0.00000118
47.7130	-0.00000163
47.7180	-0.00000009
47.7229	0.00000055
47.7279	0.00000111
47.7331	-0.00000050
47.7381	-0.00000061
47.7431	0.00000046
47.7481	-0.00000068
47.7531	0.00000104
47.7581	0.00000199
47.7632	0.00000244
47.7682	0.00000104
47.7732	0.00000117
47.7778	0.00000005
47.7829	0.00000137
47.7879	0.00000295
47.7929	0.00000437
47.7979	0.00000363
47.8029	0.00000282
47.8079	0.00000198
47.8128	0.00000153
47.8179	0.00000036
47.8229	0.00000025
47.8278	-0.00000092
47.8329	-0.00000100
47.8379	-0.00000061
47.8428	-0.00000027
47.8479	0.00000026
47.8528	-0.00000016
47.8578	0.00000108
47.8630	-0.00000065
47.8680	-0.00000165
47.8735	-0.00000112
47.8786	-0.00000200
47.8835	-0.00000332
47.8885	-0.00000236
47.8934	-0.00000240
47.8985	-0.00000024
47.9036	-0.00000069
47.9086	-0.00000076
47.9136	0.00000105
47.9186	0.00000152
47.9236	0.00000334
47.9285	0.00000277
47.9336	0.00000224
47.9386	0.00000153
47.9436	0.00000225
47.9486	0.00000192
47.9536	0.00000104
47.9586	0.00000098
47.9637	0.00000022
47.9687	-0.00000157
47.9739	-0.00000100
47.9784	-0.00000071
47.9834	0.00000072
47.9884	0.00000153
47.9934	0.00000184
47.9983	0.00000232
48.0030	0.00000272
48.0080	0.00000132
48.0130	-0.00000103
48.0179	0.00000072
48.0229	0.00000013
48.0279	-0.00000165
48.0328	-0.00000123
48.0378	0.00000102
48.0419	0.00000135
48.0468	0.00000151
48.0518	0.00000157
48.0568	0.00000100
48.0618	0.00000151
48.0668	0.00000275
48.0709	0.00000206
48.0756	0.00000184
48.0806	0.00000133
48.0858	-0.00000070
48.0906	-0.00000307
48.0957	-0.00000389
48.1007	-0.00000291
48.1057	-0.00000347
48.1106	-0.00000200
48.1157	-0.00000151
48.1205	-0.00000084
48.1254	-0.00000068
48.1304	-0.00000079
48.1345	0.00000072
48.1396	0.00000080
48.1446	0.00000057
48.1496	-0.00000069
48.1546	-0.00000058
48.1596	0.00000085
48.1646	-0.00000021
48.1696	-0.00000048
48.1742	-0.00000023
48.1791	0.00000099
48.1842	-0.00000004
48.1892	-0.00000012
48.1940	-0.00000094
48.1990	0.00000165
48.2039	0.00000176
48.2089	0.00000106
48.2130	0.00000074
48.2181	0.00000035
48.2230	0.00000023
48.2280	-0.00000071
48.2330	-0.00000210
48.2380	-0.00000232
48.2430	-0.00000203
48.2481	-0.00000205
48.2530	-0.00000129
48.2580	-0.00000164
48.2622	0.00000030
48.2674	-0.00000139
48.2723	-0.00000107
48.2770	-0.00000032
48.2820	-0.00000065
48.2871	-0.00000227
48.2919	-0.00000107
48.2970	-0.00000277
48.3020	-0.00000234
48.3070	-0.00000040
48.3120	0.00000065
48.3169	0.00000132
48.3220	0.00000102
48.3269	0.00000183
48.3320	0.00000108
48.3370	0.00000129
48.3420	0.00000185
48.3469	0.00000171
48.3517	0.00000050
48.3565	0.00000035
48.3616	-0.00000126
48.3666	-0.00000157
48.3717	-0.00000091
48.3762	-0.00000131
48.3812	-0.00000201
48.3862	-0.00000219
48.3912	-0.00000130
48.3962	-0.00000074
48.4012	0.00000068
48.4062	0.00000113
48.4112	0.00000081
48.4162	0.00000013
48.4212	-0.00000162
48.4262	-0.00000085
48.4311	-0.00000204
48.4362	-0.00000128
48.4412	0.00000066
48.4462	0.00000009
48.4511	0.00000004
48.4563	-0.00000079
48.4612	-0.00000198
48.4657	-0.00000099
48.4709	0.00000026
48.4757	-0.00000054
48.4806	-0.00000172
48.4857	-0.00000220
48.4907	0.00000036
48.4956	0.00000027
48.5007	0.00000061
48.5057	0.00000138
48.5106	0.00000146
48.5156	0.00000107
48.5206	0.00000013
48.5256	0.00000145
48.5306	0.00000191
48.5356	0.00000071
48.5406	0.00000057
48.5450	0.00000066
48.5499	-0.00000025
48.5548	-0.00000107
48.5600	-0.00000035
48.5648	0.00000086
48.5698	0.00000204
48.5748	0.00000332
48.5797	0.00000230
48.5846	0.00000348
48.5895	0.00000259
48.5945	0.00000217
48.5997	0.00000074
48.6046	-0.00000069
48.6094	-0.00000071
48.6146	-0.00000082
48.6196	-0.00000116
48.6245	-0.00000125
48.6295	-0.00000293
48.6345	-0.00000144
48.6394	-0.00000093
48.6445	-0.00000324
48.6495	-0.00000263
48.6545	-0.00000154
48.6595	-0.00000079
48.6646	0.00000041
48.6695	0.00000057
48.6752	0.00000047
48.6795	0.00000043
48.6846	-0.00000130
48.6895	-0.00000132
48.6944	-0.00000093
48.6996	-0.00000110
48.7045	-0.00000125
48.7095	0.00000110
48.7146	0.00000315
48.7195	0.00000543
48.7245	0.00000424
48.7295	0.00000360
48.7345	0.00000391
48.7396	0.00000374
48.7446	0.00000238
48.7495	0.00000155
48.7545	0.00000173
48.7596	0.00000065
48.7646	0.00000152
48.7696	0.00000058
48.7752	-0.00000050
48.7802	-0.00000175
48.7853	-0.00000281
48.7904	-0.00000126
48.7953	-0.00000006
48.8004	0.00000008
48.8053	-0.00000063
48.8102	0.00000082
48.8153	0.00000033
48.8203	-0.00000006
48.8253	-0.00000064
48.8301	0.00000083
48.8351	0.00000262
48.8401	0.00000182
48.8451	0.00000117
48.8502	0.00000048
48.8552	0.00000136
48.8601	0.00000220
48.8652	0.00000247
48.8702	0.00000181
48.8757	0.00000189
48.8807	0.00000090
48.8857	0.00000176
48.8908	0.00000231
48.8960	0.00000213
48.9008	0.00000295
48.9061	0.00000203
48.9106	0.00000214
48.9156	0.00000351
48.9207	0.00000241
48.9257	0.00000170
48.9307	0.00000235
48.9357	0.00000180
48.9407	0.00000139
48.9457	0.00000074
48.9507	0.00000103
48.9554	-0.00000089
48.9603	-0.00000043
48.9654	-0.00000125
48.9705	-0.00000147
48.9759	-0.00000120
48.9809	0.00000155
48.9859	0.00000127
48.9902	0.00000045
48.9952	0.00000147
49.0002	0.00000168
49.0052	0.00000049
49.0102	0.00000009
49.0152	-0.00000107
49.0202	-0.00000134
49.0252	-0.00000219
49.0302	-0.00000213
49.0352	-0.00000103
49.0394	-0.00000102
49.0444	-0.00000208
49.0495	-0.00000288
49.0546	-0.00000206
49.0595	-0.00000052
49.0648	-0.00000059
49.0695	-0.00000264
49.0747	-0.00000122
49.0791	-0.00000017
49.0841	-0.00000032
49.0892	-0.00000091
49.0941	-0.00000174
49.0991	-0.00000270
49.1041	-0.00000366
49.1092	-0.00000272
49.1142	-0.00000204
49.1192	-0.00000125
49.1242	-0.00000086
49.1291	0.00000095
49.1342	0.00000277
49.1392	0.00000325
49.1442	0.00000236
49.1492	0.00000285
49.1540	0.00000083
49.1591	0.00000029
49.1642	0.00000113
49.1693	0.00000201
49.1741	0.00000200
49.1782	0.00000250
49.1832	0.00000275
49.1882	0.00000144
49.1932	0.00000182
49.1982	0.00000153
49.2025	-0.00000010
49.2074	0.00000036
49.2123	0.00000145
49.2172	-0.00000014
49.2223	-0.00000197
49.2273	-0.00000030
49.2323	-0.00000119
49.2373	-0.00000212
49.2422	-0.00000384
49.2463	-0.00000318
49.2513	-0.00000200
49.2557	-0.00000103
49.2607	0.00000061
49.2657	0.00000235
49.2708	0.00000068
49.2765	-0.00000114
49.2816	0.00000045
49.2866	0.00000140
49.2917	0.00000088
49.2965	0.00000139
49.3016	0.00000138
49.3063	0.00000018
49.3113	-0.00000052
49.3162	-0.00000029
49.3212	-0.00000067
49.3262	-0.00000210
49.3313	-0.00000058
49.3363	0.00000126
49.3413	-0.00000013
49.3462	0.00000029
49.3512	-0.00000105
49.3562	0.00000001
49.3613	0.00000087
49.3664	0.00000060
49.3714	0.00000144
49.3769	0.00000216
49.3819	0.00000221
49.3866	0.00000260
49.3915	0.00000120
49.3965	0.00000091
49.4016	0.00000131
49.4066	0.00000320
49.4116	0.00000250
49.4166	0.00000348
49.4216	0.00000100
49.4265	-0.00000068
49.4316	-0.00000050
49.4366	0.00000018
49.4416	-0.00000039
49.4466	0.00000072
49.4516	0.00000207
49.4565	0.00000127
49.4616	0.00000303
49.4667	0.00000178
49.4716	0.00000098
49.4773	0.00000060
49.4823	-0.00000032
49.4873	-0.00000086
49.4923	-0.00000045
49.4973	-0.00000052
49.5028	0.00000113
49.5074	-0.00000027
49.5122	-0.00000027
49.5173	0.00000005
49.5222	-0.00000134
49.5272	-0.00000185
49.5322	-0.00000338
49.5372	-0.00000125
49.5422	0.00000078
49.5473	0.00000122
49.5522	0.00000075
49.5571	-0.00000056
49.5622	0.00000027
49.5673	0.00000046
49.5722	0.00000024
49.5772	0.00000084
49.5818	0.00000121
49.5867	0.00000115
49.5917	0.00000210
49.5967	0.00000138
49.6018	0.00000224
49.6068	0.00000265
49.6120	0.00000138
49.6167	-0.00000005
49.6218	0.00000062
49.6268	0.00000042
49.6318	-0.00000024
49.6369	-0.00000162
49.6420	-0.00000109
49.6469	-0.00000048
49.6519	-0.00000110
49.6570	0.00000200
49.6620	0.00000022
49.6671	-0.00000057
49.6721	-0.00000123
49.6776	-0.00000146
49.6828	-0.00000275
49.6877	-0.00000440
49.6927	-0.00000378
49.6978	-0.00000310
49.7028	-0.00000382
49.7076	-0.00000296
49.7127	-0.00000172
49.7177	-0.00000012
49.7228	0.00000124
49.7278	0.00000181
49.7328	0.00000043
49.7378	0.00000119
49.7427	0.00000264
49.7470	0.00000169
49.7519	0.00000077
49.7568	-0.00000046
49.7617	0.00000131
49.7659	0.00000128
49.7709	-0.00000046
49.7760	-0.00000079
49.7808	-0.00000087
49.7858	0.00000062
49.7908	-0.00000015
49.7957	0.00000108
49.8006	0.00000180
49.8057	0.00000200
49.8107	0.00000175
49.8157	-0.00000007
49.8207	0.00000104
49.8257	0.00000041
49.8307	0.00000016
49.8352	-0.00000221
49.8402	-0.00000241
49.8452	-0.00000132
49.8503	-0.00000166
49.8544	-0.00000148
49.8588	-0.00000207
49.8638	-0.00000158
49.8688	-0.00000095
49.8738	0.00000058
49.8783	0.00000082
49.8834	0.00000208
49.8884	0.00000392
49.8933	0.00000158
49.8984	0.00000003
49.9033	-0.00000177
49.9085	-0.00000075
49.9133	0.00000128
49.9184	0.00000155
49.9234	0.00000067
49.9284	-0.00000095
49.9334	0.00000023
49.9384	-0.00000080
49.9433	-0.00000167
49.9484	-0.00000041
49.9535	-0.00000120
49.9585	-0.00000051
49.9634	-0.00000002
49.9686	-0.00000046
49.9735	-0.00000006
49.9780	0.00000045
49.9832	0.00000261
49.9881	0.00000151
49.9931	0.00000140
49.9981	0.00000120
50.0031	0.00000028
50.0081	0.00000048
50.0130	0.00000170
50.0180	0.00000145
50.0229	0.00000136
50.0280	0.00000018
50.0332	0.00000144
50.0382	0.00000094
50.0431	0.00000067
50.0480	0.00000250
50.0531	0.00000330
50.0580	0.00000231
50.0631	0.00000192
50.0682	0.00000153
50.0732	0.00000160
50.0781	-0.00000044
50.0827	-0.00000042
50.0876	-0.00000044
50.0926	-0.00000035
50.0976	-0.00000125
50.1026	-0.00000100
50.1077	-0.00000028
50.1122	0.00000018
50.1163	0.00000139
50.1204	0.00000068
50.1254	-0.00000041
50.1304	-0.00000077
50.1355	-0.00000095
50.1405	-0.00000139
50.1453	-0.00000163
50.1505	-0.00000217
50.1553	-0.00000192
50.1603	-0.00000217
50.1653	-0.00000156
50.1703	-0.00000126
50.1753	-0.00000193
50.1800	-0.00000238
50.1850	-0.00000243
50.1900	-0.00000036
50.1950	-0.00000146
50.1999	0.00000113
50.2040	0.00000066
50.2092	-0.00000012
50.2136	0.00000248
50.2186	0.00000025
50.2239	-0.00000085
50.2287	-0.00000083
50.2337	-0.00000118
50.2387	-0.00000186
50.2438	-0.00000078
50.2486	-0.00000179
50.2536	-0.00000120
50.2581	-0.00000168
50.2631	-0.00000119
50.2681	-0.00000122
50.2731	-0.00000226
50.2786	-0.00000332
50.2835	-0.00000338
50.2886	-0.00000286
50.2937	-0.00000313
50.2987	-0.00000151
50.3037	-0.00000206
50.3086	-0.00000220
50.3136	-0.00000033
50.3187	0.00000101
50.3237	0.00000156
50.3288	0.00000186
50.3337	0.00000214
50.3387	0.00000255
50.3437	0.00000277
50.3486	0.00000345
50.3527	0.00000178
50.3578	0.00000344
50.3619	0.00000333
50.3669	0.00000430
50.3720	0.00000239
50.3770	0.00000347
50.3818	0.00000263
50.3866	0.00000209
50.3914	0.00000334
50.3964	0.00000298
50.4015	0.00000188
50.4065	0.00000099
50.4115	0.00000127
50.4165	0.00000120
50.4217	-0.00000040
50.4264	0.00000067
50.4313	-0.00000008
50.4354	0.00000024
50.4404	0.00000066
50.4454	-0.00000068
50.4505	-0.00000143
50.4555	-0.00000094
50.4605	-0.00000111
50.4655	0.00000021
50.4700	-0.00000102
50.4750	-0.00000024
50.4796	-0.00000097
50.4846	-0.00000090
50.4896	0.00000051
50.4946	0.00000269
50.4996	0.00000050
50.5047	0.00000083
50.5096	0.00000023
50.5146	0.00000024
50.5194	0.00000078
50.5242	0.00000106
50.5292	0.00000065
50.5343	0.00000113
50.5394	0.00000055
50.5443	0.00000126
50.5493	0.00000146
50.5535	0.00000030
50.5585	0.00000066
50.5635	-0.00000191
50.5686	0.00000092
50.5736	0.00000270
50.5792	0.00000330
50.5844	0.00000258
50.5894	0.00000131
50.5942	0.00000046
50.5993	0.00000083
50.6044	0.00000115
50.6093	0.00000215
50.6143	0.00000252
50.6193	0.00000083
50.6243	0.00000113
50.6293	0.00000042
50.6342	-0.00000059
50.6393	-0.00000171
50.6443	-0.00000181
50.6493	-0.00000020
50.6543	0.00000016
50.6593	-0.00000112
50.6643	-0.00000115
50.6684	-0.00000031
50.6734	0.00000131
50.6784	0.00000181
50.6829	0.00000109
50.6879	0.00000091
50.6930	0.00000118
50.6980	0.00000196
50.7030	0.00000130
50.7081	0.00000125
50.7131	0.00000023
50.7181	0.00000074
50.7231	0.00000162
50.7281	0.00000084
50.7331	0.00000060
50.7381	-0.00000002
50.7429	0.00000175
50.7471	0.00000005
50.7521	0.00000078
50.7570	0.00000061
50.7617	0.00000119
50.7663	0.00000154
50.7713	0.00000088
50.7763	-0.00000194
50.7808	-0.00000294
50.7858	-0.00000061
50.7908	-0.00000229
50.7958	-0.00000055
50.8009	-0.00000018
50.8058	-0.00000118
50.8110	-0.00000007
50.8159	-0.00000041
50.8209	-0.00000018
50.8258	-0.00000018
50.8300	-0.00000011
50.8350	-0.00000090
50.8398	0.00000086
50.8448	-0.00000151
50.8499	-0.00000192
50.8548	-0.00000218
50.8600	-0.00000173
50.8651	-0.00000285
50.8701	-0.00000230
50.8750	-0.00000379
50.8797	-0.00000233
50.8850	-0.00000036
50.8899	0.00000010
50.8948	0.00000065
50.8997	0.00000027
50.9047	0.00000005
50.9097	0.00000069
50.9148	-0.00000091
50.9200	-0.00000034
50.9250	-0.00000123
50.9300	0.00000088
50.9349	0.00000002
50.9399	-0.00000059
50.9451	0.00000037
50.9501	0.00000162
50.9551	-0.00000003
50.9601	-0.00000139
50.9650	-0.00000066
50.9701	0.00000022
50.9751	0.00000053
50.9799	0.00000263
50.9844	0.00000193
50.9893	0.00000032
50.9943	0.00000191
50.9994	0.00000197
51.0043	0.00000277
51.0093	0.00000299
51.0144	0.00000235
51.0194	0.00000162
51.0244	-0.00000033
51.0292	-0.00000035
51.0342	0.00000020
51.0396	-0.00000010
51.0444	-0.00000027
51.0494	-0.00000027
51.0544	0.00000052
51.0591	-0.00000069
51.0641	0.00000003
51.0691	-0.00000059
51.0742	-0.00000199
51.0792	-0.00000253
51.0839	-0.00000130
51.0889	-0.00000213
51.0939	-0.00000015
51.0989	-0.00000159
51.1039	-0.00000223
51.1088	-0.00000175
51.1135	-0.00000041
51.1184	-0.00000043
51.1234	0.00000186
51.1284	0.00000007
51.1334	0.00000071
51.1383	0.00000072
51.1434	0.00000104
51.1484	0.00000046
51.1534	0.00000022
51.1583	-0.00000027
51.1625	0.00000010
51.1674	0.00000004
51.1724	0.00000092
51.1774	0.00000144
51.1819	0.00000117
51.1868	0.00000106
51.1918	0.00000128
51.1969	0.00000197
51.2019	0.00000300
51.2068	0.00000156
51.2117	-0.00000065
51.2167	-0.00000219
51.2217	-0.00000063
51.2267	-0.00000074
51.2311	-0.00000106
51.2361	-0.00000067
51.2411	-0.00000313
51.2461	-0.00000289
51.2511	-0.00000271
51.2562	-0.00000195
51.2612	-0.00000241
51.2661	-0.00000287
51.2712	-0.00000247
51.2761	-0.00000118
51.2809	-0.00000355
51.2858	-0.00000109
51.2909	0.00000026
51.2958	0.00000063
51.3009	0.00000104
51.3059	0.00000077
51.3109	-0.00000017
51.3154	-0.00000096
51.3204	0.00000081
51.3255	-0.00000042
51.3304	0.00000026
51.3355	0.00000087
51.3405	0.00000227
51.3456	0.00000271
51.3506	0.00000323
51.3556	0.00000291
51.3606	0.00000498
51.3656	0.00000336
51.3709	0.00000423
51.3757	0.00000386
51.3812	0.00000159
51.3862	0.00000281
51.3911	0.00000399
51.3963	0.00000033
51.4014	-0.00000092
51.4062	-0.00000148
51.4113	-0.00000005
51.4163	0.00000248
51.4213	0.00000334
51.4264	0.00000244
51.4312	0.00000310
51.4362	0.00000182
51.4411	0.00000135
51.4461	0.00000033
51.4511	-0.00000024
51.4562	-0.00000012
51.4612	0.00000091
51.4661	0.00000081
51.4712	0.00000174
51.4762	0.00000309
51.4813	0.00000208
51.4864	0.00000350
51.4914	0.00000215
51.4966	0.00000186
51.5016	0.00000274
51.5067	0.00000250
51.5116	0.00000207
51.5164	0.00000234
51.5215	0.00000201
51.5266	0.00000203
51.5316	0.00000357
51.5367	0.00000416
51.5415	0.00000246
51.5465	0.00000193
51.5515	0.00000008
51.5565	0.00000076
51.5617	-0.00000094
51.5665	-0.00000113
51.5714	-0.00000123
51.5767	-0.00000260
51.5814	-0.00000263
51.5861	-0.00000474
51.5911	-0.00000172
51.5963	-0.00000200
51.6012	-0.00000041
51.6062	0.00000067
51.6113	0.00000053
51.6163	0.00000034
51.6211	0.00000083
51.6262	0.00000162
51.6310	0.00000180
51.6361	0.00000191
51.6411	0.00000257
51.6463	0.00000373
51.6512	0.00000371
51.6561	0.00000229
51.6613	0.00000203
51.6662	0.00000102
51.6713	-0.00000006
51.6766	-0.00000021
