time_s,value,state
0.0056,63914,none
0.0074,64708,none
0.0118,64682,none
0.0156,65648,none
0.0195,66084,none
0.0244,66050,none
0.0282,66587,none
0.0317,66264,none
0.0358,67260,none
0.0399,68186,none
0.0447,68393,none
0.0491,68575,none
0.0539,68737,none
0.0567,69510,none
0.0624,69803,none
0.0676,70419,none
0.0709,70961,none
0.0728,70547,none
0.0775,71346,none
0.0810,71981,none
0.0866,72332,none
0.0872,7,none
0.0932,2887,none
0.0945,72610,none
0.0957,73591,none
0.0983,74441,none
0.1042,74187,none
0.1068,74926,none
0.1097,74725,none
0.1292,75147,none
0.1299,76104,none
0.1306,75769,none
0.1324,76818,none
0.1339,76612,none
0.1344,77241,none
0.1382,78174,none
0.1536,77568,none
0.1593,78590,none
0.1602,78560,none
0.1609,79332,none
0.1627,79923,none
0.1628,79899,none
0.1774,80579,none
0.1775,80353,none
0.1863,80865,none
0.1891,81388,none
0.1893,82046,none
0.1896,81984,none
0.2120,82261,none
0.2276,82876,none
0.2450,84087,none
0.2615,83926,none
0.2762,84203,none
0.2874,84260,none
0.2939,84799,none
0.3057,85473,none
0.3112,85550,none
0.3347,85247,none
0.3509,85568,none
0.3529,86075,none
0.3601,86648,none
0.3611,86849,none
0.3612,86763,none
0.3632,86907,none
0.3748,88191,none
0.3989,88169,none
0.4014,88762,none
0.4032,89013,none
0.4070,89125,none
0.4071,90209,none
0.4272,89769,none
0.4415,90628,none
0.4434,89824,none
0.4448,90838,none
0.4482,90980,none
0.4620,91502,none
0.4690,92057,none
0.4788,91674,none
0.4919,92707,none
0.4934,92750,none
0.4939,93139,none
0.4984,93304,none
0.5009,93533,none
0.5100,94035,none
0.5101,94150,none
0.5161,94678,none
0.5180,94570,none
0.5283,94793,none
0.5308,95619,none
0.5310,95666,none
0.5444,96461,none
0.5445,96177,none
0.5450,96736,none
0.5487,97166,none
0.5519,97477,none
0.5519,97907,none
0.5520,98272,none
0.5579,97421,none
0.5580,98407,none
0.5608,98516,none
0.5731,99535,none
0.5774,99650,none
0.5887,99040,none
0.6025,99885,none
0.6027,100317,none
0.6104,100889,none
0.6105,100883,none
0.6107,100714,none
0.6108,101883,none
0.6110,101371,none
0.6111,102074,none
0.6111,102240,none
0.6112,102315,none
0.6156,102726,none
0.6258,102108,none
0.6276,103410,none
0.6296,103936,none
0.6461,103852,none
0.6463,104654,none
0.6617,104148,none
0.6632,104580,none
0.6663,105389,none
0.6664,105203,none
0.6665,106070,none
0.6733,105132,none
0.6758,105761,none
0.6764,106613,none
0.6764,106650,none
0.6777,107064,none
0.6791,107063,none
0.6792,107454,none
0.6833,107277,none
0.6885,107535,none
0.6887,108494,none
0.6888,108082,none
0.6936,108606,none
0.6946,109277,none
0.6959,108734,none
0.6991,109505,none
0.7024,109209,none
0.7043,109754,none
0.7101,110325,none
0.7125,110352,none
0.7127,110810,none
0.7151,110660,none
0.7234,110950,none
0.7235,111795,none
0.7236,111386,none
0.7237,112023,none
0.7240,111506,none
0.7241,112383,none
0.7242,112365,none
0.7243,112436,none
0.7244,112910,none
0.7246,113216,none
0.7279,112813,none
0.7281,113758,none
0.7283,113422,none
0.7351,113809,none
0.7384,113651,none
0.7417,114383,none
0.7420,114466,none
0.7433,114739,none
0.7468,114733,none
0.7485,114937,none
0.7517,115671,none
0.7534,115963,none
0.7548,115517,none
0.7575,116071,none
0.7599,115980,none
0.7601,116603,none
0.7602,116840,none
0.7622,117387,none
0.7644,117024,none
0.7647,117381,none
0.7669,117447,none
0.7698,117650,none
0.7709,118362,none
0.7751,117180,none
0.7769,118075,none
0.7809,118803,none
0.7819,118961,none
0.7819,119421,none
0.7823,119224,none
0.7850,119238,none
0.7879,119760,none
0.7908,120074,none
0.7931,120514,none
0.7932,119390,none
0.7933,119582,none
0.7951,120770,none
0.8014,120996,none
0.8015,120955,none
0.8117,121094,none
0.8135,120751,none
0.8160,121188,none
0.8195,121566,none
0.8246,121863,none
0.8261,121691,none
0.8277,121946,none
0.8314,122828,none
0.8331,122493,none
0.8341,122472,none
0.8357,122188,none
0.8358,123338,none
0.8378,123468,none
0.8397,123654,none
0.8415,123774,none
0.8433,123363,none
0.8452,123937,none
0.8458,124392,none
0.8482,124208,none
0.8499,125065,none
0.8518,124366,none
0.8542,125905,none
0.8569,125393,none
0.8600,125627,none
0.8622,125819,none
0.8650,125569,none
0.9096,125898,none
0.9206,126403,none
0.9272,126413,none
0.9288,126944,none
0.9296,126010,none
0.9310,127089,none
0.9319,126393,none
0.9326,126545,none
0.9335,127340,none
0.9350,127246,none
0.9363,128255,none
0.9373,127990,none
0.9389,127978,none
0.9402,128649,none
0.9413,127776,none
0.9427,129014,none
0.9457,128603,none
0.9469,129160,none
0.9479,129284,none
0.9494,128817,none
0.9508,129382,none
0.9552,129392,none
0.9613,129618,none
0.9651,129505,none
0.9663,129306,none
0.9718,130225,none
0.9748,130459,none
0.9826,130478,none
0.9848,131023,none
0.9886,130664,none
0.9910,131343,none
0.9924,130761,none
0.9977,131417,none
1.0008,131376,none
1.0049,131652,none
1.0089,132549,none
1.0118,132158,none
1.0161,131722,none
1.0202,132673,none
1.0283,132103,none
1.0287,132827,none
1.0349,132285,none
1.0377,133263,none
1.0405,133242,none
1.0471,132576,none
1.0499,133545,none
1.0561,132801,none
1.0579,133509,none
1.0848,133616,none
1.1096,133422,none
1.1101,133959,none
1.1132,133634,none
1.1157,133822,none
1.1173,133691,none
1.1195,134297,none
1.1227,134806,none
1.1254,134408,none
1.1304,135027,none
1.1326,135258,none
1.1343,135679,none
1.1372,135485,none
1.1394,135346,none
1.1499,135557,none
1.1602,135827,none
1.1633,135763,none
1.1659,136086,none
1.1678,135939,none
1.1694,136356,none
1.1695,136357,none
1.1724,136863,none
1.1747,136717,none
1.1780,136497,none
1.1803,136589,none
1.1824,137360,none
1.1844,137264,none
1.1873,137108,none
1.1891,137470,none
1.1920,137697,none
1.1948,138280,none
1.1963,137684,none
1.1973,138144,none
1.1989,137873,none
1.2001,138337,none
1.2002,138889,none
1.2057,138324,none
1.2111,138740,none
1.2153,138173,none
1.2192,139307,none
1.2235,139136,none
1.2246,139284,none
1.2314,138907,none
1.2345,139506,none
1.2376,140156,none
1.2394,13,none
1.2414,9685,none
1.2447,139870,none
1.2448,140000,none
1.2510,139744,none
1.2546,140611,none
1.2580,140230,none
1.2618,140389,none
1.2679,139722,none
1.2717,140562,none
1.2732,140810,none
1.2772,140914,none
1.2820,140170,none
1.2874,140309,none
1.2910,140783,none
1.2953,140894,none
1.3137,140891,none
1.3138,141527,none
1.3262,140871,none
1.3384,141300,none
1.3430,142234,none
1.3431,141359,none
1.3432,141353,none
1.3588,141618,none
1.3665,143458,none
1.3957,142076,none
1.4220,142225,none
1.4262,142687,none
1.4366,141829,none
1.4652,142706,none
1.4827,142825,none
1.4859,143290,none
1.4877,142624,none
1.4894,142327,none
1.4927,143671,none
1.4952,143795,none
1.4979,143415,none
1.4990,143640,none
1.5004,142745,none
1.5019,143895,none
1.5031,144012,none
1.5054,143573,none
1.5070,143990,none
1.5105,143774,none
1.5127,144608,none
1.5136,144335,none
1.5161,144496,none
1.5167,144466,none
1.5168,144619,none
1.5169,145226,none
1.5193,144755,none
1.5231,145216,none
1.5255,145354,none
1.5274,145144,none
1.5299,145503,none
1.5329,145440,none
1.5356,145558,none
1.5381,145782,none
1.5408,145661,none
1.5427,145893,none
1.5471,145356,none
1.5491,146155,none
1.5512,146065,none
1.5533,146271,none
1.5548,146795,none
1.5577,146452,none
1.5593,146998,none
1.5627,146421,none
1.5645,146835,none
1.5662,146902,none
1.5700,146446,none
1.5724,146771,none
1.5736,147214,none
1.5756,146736,none
1.5757,147756,none
1.5761,146253,none
1.5761,147329,none
1.5806,148104,none
1.5831,147454,none
1.5859,147608,none
1.5886,147170,none
1.5906,147909,none
1.5919,147901,none
1.5932,148381,none
1.5946,148511,none
1.5974,148200,none
1.6002,148738,none
1.6028,148498,none
1.6042,148442,none
1.6046,149187,none
1.6061,148290,none
1.6082,148278,none
1.6112,148349,none
1.6152,148279,none
1.6171,149404,none
1.6205,148919,none
1.6224,148874,none
1.6241,148803,none
1.6265,148533,none
1.6290,149207,none
1.6366,149041,none
1.6422,149711,none
1.6438,149392,none
1.6462,149773,none
1.6476,149087,none
1.6520,149614,none
1.6559,149751,none
1.6613,149479,none
1.6641,150012,none
1.6679,149917,none
1.6735,150298,none
1.6756,150316,none
1.6816,150380,none
1.6862,149966,none
1.6888,150176,none
1.6920,150373,none
1.6957,150466,none
1.7114,150914,none
1.7131,150944,none
1.7152,150211,none
1.7183,150373,none
1.7193,150971,none
1.7204,151246,none
1.7258,151047,none
1.7293,151044,none
1.7325,151075,none
1.7367,151355,none
1.7493,151011,none
1.7518,151597,none
1.7533,151251,none
1.7547,151062,none
1.7566,151791,none
1.7574,151606,none
1.7762,152112,none
1.7890,151745,none
1.8135,152102,none
1.8213,152300,none
1.8226,152201,none
1.8241,152349,none
1.8251,151539,none
1.8455,152502,none
1.8595,151989,none
1.8645,152354,none
1.8645,152338,none
1.8646,152270,none
1.8912,152670,none
1.8913,152888,none
1.8914,152699,none
1.9245,152531,none
1.9400,152408,none
1.9401,153008,none
1.9545,153583,none
1.9546,153882,none
1.9546,153203,none
1.9547,152802,none
1.9549,153853,none
1.9549,153620,none
1.9550,152967,none
1.9551,153843,none
1.9551,153151,none
1.9552,154160,none
1.9553,153448,none
1.9556,153836,none
1.9557,154183,none
1.9558,153804,none
1.9559,154139,none
1.9559,153969,none
1.9561,154110,flicker
1.9569,812154590,flicker
1.9569,154632,flicker
1.9574,153976,flicker
1.9574,155070,flicker
1.9580,154647,flicker
1.9583,154726,flicker
1.9585,155042,flicker
1.9587,154526,flicker
1.9588,155199,flicker
1.9589,155355,flicker
1.9590,155172,flicker
1.9612,155361,flicker
1.9650,154443,flicker
1.9695,155410,flicker
1.9742,154893,flicker
1.9784,155183,flicker
1.9814,155319,flicker
1.9855,154798,flicker
1.9895,156103,flicker
1.9937,155440,flicker
1.9981,156087,flicker
2.0020,155562,flicker
2.0039,155,flicker
2.0059,345,flicker
2.0070,155639,flicker
2.0100,155505,flicker
2.0143,155459,flicker
2.0184,155367,flicker
2.0223,155547,flicker
2.0264,155931,flicker
2.0308,155222,flicker
2.0346,155899,flicker
2.0387,156032,flicker
2.0428,156526,flicker
2.0475,156186,flicker
2.0512,156188,flicker
2.0552,156334,flicker
2.0592,156775,flicker
2.0653,56,flicker
2.0675,156904,flicker
2.0715,156148,flicker
2.0756,156904,flicker
2.0797,56431,flicker
2.0838,156437,flicker
2.0879,157658,flicker
2.0920,156703,flicker
2.0960,56960,flicker
2.1001,156876,flicker
2.1042,156514,flicker
2.1083,157008,flicker
2.1143,5653,flicker
2.1167,157040,flicker
2.1207,157053,flicker
2.1248,157123,flicker
2.1289,157502,flicker
2.1310,156,flicker
2.1330,990,flicker
2.1349,157478,flicker
2.1370,157419,flicker
2.1412,157901,flicker
2.1453,157327,flicker
2.1495,157336,flicker
2.1533,157365,flicker
2.1574,158089,flicker
2.1616,157671,flicker
2.1657,156630,flicker
2.1697,157219,flicker
2.1738,157437,flicker
2.1780,157902,flicker
2.1824,157700,flicker
2.1862,157289,flicker
2.1903,157381,flicker
2.1943,157507,flicker
2.1985,158341,flicker
2.2025,158263,flicker
2.2066,157813,flicker
2.2108,157768,flicker
2.2150,158269,flicker
2.2191,158513,flicker
2.2231,157965,flicker
2.2273,157975,flicker
2.2314,158006,flicker
2.2354,157921,flicker
2.2395,157956,flicker
2.2435,158198,flicker
2.2481,157830,flicker
2.2518,157986,flicker
2.2559,158582,flicker
2.2567,15,flicker
2.2601,8408,flicker
2.2606,15818,flicker
2.2641,2,flicker
2.2641,157596,flicker
2.2685,158775,flicker
2.2722,158807,flicker
2.2762,158305,flicker
2.2808,158302,flicker
2.2844,157732,flicker
2.2886,158317,flicker
2.2926,158601,flicker
2.2974,158976,flicker
2.3008,158969,flicker
2.3049,158289,flicker
2.3091,158831,flicker
2.3131,59124,flicker
2.3174,159557,flicker
2.3213,159504,flicker
2.3254,158657,flicker
2.3303,159365,flicker
2.3336,158962,flicker
2.3377,159640,flicker
2.3418,159473,flicker
2.3470,58,flicker
2.3505,160410,flicker
2.3541,159534,flicker
2.3581,159074,flicker
2.3626,159707,flicker
2.3666,159054,flicker
2.3705,160013,flicker
2.3746,159980,flicker
2.3787,159880,flicker
2.3828,159629,flicker
2.3839,15,flicker
2.3869,9327,flicker
2.3877,16055,flicker
2.3909,5,flicker
2.3910,159362,flicker
2.3951,159713,flicker
2.3995,159782,flicker
2.4033,159594,flicker
2.4073,160440,flicker
2.4127,1602,flicker
2.4157,160090,flicker
2.4204,159967,flicker
2.4241,159134,flicker
2.4278,160305,flicker
2.4322,159872,flicker
2.4360,159936,flicker
2.4401,160577,flicker
2.4442,159154,flicker
2.4485,160491,flicker
2.4525,160131,flicker
2.4565,160778,flicker
2.4606,160935,flicker
2.4652,160124,flicker
2.4687,160597,flicker
2.4728,160452,flicker
2.4770,160344,flicker
2.4814,160912,flicker
2.4851,160158,flicker
2.4892,160814,flicker
2.4935,160929,flicker
2.4975,161172,flicker
2.5015,160771,flicker
2.5056,160304,flicker
2.5101,161430,flicker
2.5107,16,flicker
2.5141,0409,flicker
2.5148,1606,flicker
2.5179,16,flicker
2.5188,161277,flicker
2.5220,160757,flicker
2.5261,160803,flicker
2.5302,160152,flicker
2.5342,161275,flicker
2.5383,160793,flicker
2.5425,161184,flicker
2.5468,161238,flicker
2.5508,160346,flicker
2.5549,160904,flicker
2.5589,161584,flicker
2.5634,161425,flicker
2.5670,161562,flicker
2.5711,160567,flicker
2.5752,161434,flicker
2.5795,161225,flicker
2.5834,161221,flicker
2.5875,161462,flicker
2.5916,160775,flicker
2.5978,1,flicker
2.6012,161594,flicker
2.6039,161408,flicker
2.6081,161774,flicker
2.6122,6896,flicker
2.6163,161574,flicker
2.6204,161817,flicker
2.6246,161291,flicker
2.6287,16690,flicker
2.6333,161518,flicker
2.6369,161428,flicker
2.6379,1,flicker
2.6411,62272,flicker
2.6413,1620,flicker
2.6451,92,flicker
2.6465,1,flicker
2.6494,161177,flicker
2.6532,161870,flicker
2.6577,162555,flicker
2.6613,161633,flicker
2.6660,161483,flicker
2.6696,162224,flicker
2.6736,162206,flicker
2.6777,163102,flicker
2.6819,162261,flicker
2.6858,161544,flicker
2.6899,162121,flicker
2.6942,162372,flicker
2.6982,161750,flicker
2.7024,162333,flicker
2.7064,161357,flicker
2.7104,162251,flicker
2.7145,162145,flicker
2.7186,162047,flicker
2.7227,162184,flicker
2.7269,161945,flicker
2.7310,162313,flicker
2.7350,162182,flicker
2.7390,162745,flicker
2.7432,161971,flicker
2.7474,161947,flicker
2.7514,162768,flicker
2.7554,162607,flicker
2.7595,162611,flicker
2.7647,162744,flicker
2.7658,1,flicker
2.7679,61839,flicker
2.7689,162,flicker
2.7719,473,flicker
2.7729,162663,flicker
2.7759,162829,flicker
2.7801,16272,flicker
2.7842,162147,flicker
2.7883,162414,flicker
2.7923,163465,flicker
2.7969,162403,flicker
2.8005,162807,flicker
2.8046,162511,flicker
2.8087,162381,flicker
2.8139,162879,flicker
2.8170,163223,flicker
2.8210,162945,flicker
2.8251,162656,flicker
2.8293,66,flicker
2.8337,162867,flicker
2.8383,163176,flicker
2.8415,162824,flicker
2.8457,62,flicker
2.8512,163362,flicker
2.8537,163248,flicker
2.8578,163519,flicker
2.8624,163150,flicker
2.8661,162826,flicker
2.8702,163952,flicker
2.8742,163189,flicker
2.8796,1,flicker
2.8833,163481,flicker
2.8866,163135,flicker
2.8906,164104,flicker
2.8907,1,flicker
2.8958,63339163,flicker
2.8988,249,flicker
2.8998,163669,flicker
2.9030,163403,flicker
2.9070,163919,flicker
2.9111,163701,flicker
2.9153,163910,flicker
2.9193,163715,flicker
2.9234,162397,flicker
2.9275,163940,flicker
2.9316,163151,flicker
2.9356,164060,flicker
2.9397,164188,flicker
2.9439,163496,flicker
2.9480,163942,flicker
2.9520,163453,flicker
2.9562,163253,flicker
2.9603,163811,flicker
2.9645,163382,flicker
2.9685,164082,flicker
2.9726,163348,flicker
2.9767,164204,flicker
2.9808,163777,flicker
2.9848,163867,flicker
2.9889,164142,flicker
2.9930,163824,flicker
2.9972,163967,flicker
3.0012,164235,flicker
3.0053,164515,flicker
3.0094,164686,flicker
3.0136,163986,flicker
3.0176,163943,flicker
3.0217,164329,flicker
3.0224,164,flicker
3.0258,127,flicker
3.0263,164310,flicker
3.0301,16412,flicker
3.0350,164256,flicker
3.0381,164079,flicker
3.0421,164682,flicker
3.0464,164459,flicker
3.0504,163419,flicker
3.0545,164152,flicker
3.0586,164952,flicker
3.0635,163977,flicker
3.0669,164596,flicker
3.0709,163928,flicker
3.0749,164716,flicker
3.0791,164727,flicker
3.0831,164443,flicker
3.0872,164611,flicker
3.0913,163944,flicker
3.0964,164418,flicker
3.0995,164667,flicker
3.1036,164447,flicker
3.1077,164599,flicker
3.1118,164497,flicker
3.1160,164768,flicker
3.1200,164695,flicker
3.1241,164821,flicker
3.1285,64858,flicker
3.1323,164417,flicker
3.1364,164496,flicker
3.1405,165174,flicker
3.1456,164639,flicker
3.1488,164765,flicker
3.1506,163,flicker
3.1528,922,flicker
3.1536,164747,flicker
3.1569,164470,flicker
3.1610,165296,flicker
3.1652,164458,flicker
3.1693,164900,flicker
3.1732,164837,flicker
3.1774,164883,flicker
3.1814,164668,flicker
3.1855,164967,flicker
3.1896,164377,flicker
3.1938,164654,flicker
3.1980,164783,flicker
3.2022,164880,flicker
3.2061,164707,flicker
3.2102,165323,flicker
3.2142,165362,flicker
3.2183,165034,flicker
3.2224,165140,flicker
3.2266,164572,flicker
3.2306,164449,flicker
3.2347,165174,flicker
3.2387,165051,flicker
3.2429,165274,flicker
3.2473,165065,flicker
3.2512,164488,flicker
3.2553,165469,flicker
3.2594,165150,flicker
3.2634,165203,flicker
3.2674,165170,flicker
3.2715,164833,flicker
3.2757,165648,flicker
3.2774,16,flicker
3.2800,5543,flicker
3.2814,165288,flicker
3.2839,164458,flicker
3.2879,164802,flicker
3.2920,165669,flicker
3.2962,165689,flicker
3.3002,165215,flicker
3.3043,164856,flicker
3.3084,165291,flicker
3.3129,165472,flicker
3.3166,165416,flicker
3.3207,165625,flicker
3.3248,164415,flicker
3.3290,6559,flicker
3.3334,165564,flicker
3.3374,165632,flicker
3.3412,165248,flicker
3.3462,65341,flicker
3.3494,166054,flicker
3.3536,165136,flicker
3.3576,165956,flicker
3.3635,69,flicker
3.3657,165572,flicker
3.3698,166275,flicker
3.3739,165001,flicker
3.3781,165897,flicker
3.3821,165893,flicker
3.3862,165290,flicker
3.3903,165782,flicker
3.3945,165498,flicker
3.3985,164992,flicker
3.4026,165510,flicker
3.4037,16,flicker
3.4067,5362,flicker
3.4078,16588,flicker
3.4108,8,flicker
3.4109,166190,flicker
3.4150,166105,flicker
3.4190,165455,flicker
3.4231,165114,flicker
3.4272,166062,flicker
3.4315,165309,flicker
3.4355,165531,flicker
3.4396,165564,flicker
3.4436,165587,flicker
3.4477,166156,flicker
3.4517,165677,flicker
3.4558,166249,flicker
3.4600,165654,flicker
3.4646,165227,flicker
3.4681,166108,flicker
3.4722,165557,flicker
3.4764,165535,flicker
3.4810,165900,flicker
3.4845,165572,flicker
3.4886,165673,flicker
3.4930,165757,flicker
3.4968,166046,flicker
3.5009,166025,flicker
3.5050,165967,flicker
3.5091,165597,flicker
3.5135,165957,flicker
3.5173,165947,flicker
3.5214,166184,flicker
3.5255,165543,flicker
3.5298,166482,flicker
3.5311,16,flicker
3.5337,5901,flicker
3.5342,16620,flicker
3.5378,3,flicker
3.5381,166066,flicker
3.5419,165868,flicker
3.5466,166036,flicker
3.5500,165839,flicker
3.5542,165775,flicker
3.5582,165938,flicker
3.5624,66024,flicker
3.5676,166403,flicker
3.5705,165957,flicker
3.5746,166252,flicker
3.5802,660,flicker
3.5831,166583,flicker
3.5871,166617,flicker
3.5910,166047,flicker
3.5951,67022,flicker
3.5994,166461,flicker
3.6033,166106,flicker
3.6074,166388,flicker
3.6158,166132,flicker
3.6197,166540,flicker
3.6238,165948,flicker
3.6295,6,flicker
3.6321,166186,flicker
3.6361,166280,flicker
3.6401,166244,flicker
3.6444,165797,flicker
3.6485,166609,flicker
3.6526,166381,flicker
3.6567,166151,flicker
3.6573,16,flicker
3.6607,6380,flicker
3.6622,16578,flicker
3.6648,7,flicker
3.6663,165921,flicker
3.6689,166020,flicker
3.6729,165678,flicker
3.6771,166129,flicker
3.6811,165923,flicker
3.6852,165793,flicker
3.6893,166281,flicker
3.6934,166556,flicker
3.6979,166410,flicker
3.7016,166394,flicker
3.7057,165997,flicker
3.7098,165708,flicker
3.7140,166433,flicker
3.7180,166373,flicker
3.7221,166527,flicker
3.7262,165930,flicker
3.7306,166455,flicker
3.7344,166209,flicker
3.7385,166496,flicker
3.7427,165775,flicker
3.7469,166588,flicker
3.7508,166471,flicker
3.7550,166403,flicker
3.7589,166552,flicker
3.7631,166138,flicker
3.7671,166035,flicker
3.7712,166420,flicker
3.7753,166436,flicker
3.7799,166446,flicker
3.7835,166108,flicker
3.7845,16,flicker
3.7877,6462,flicker
3.7886,16614,flicker
3.7917,6,flicker
3.7924,166684,flicker
3.7960,166277,flicker
3.7999,166554,flicker
3.8040,166190,flicker
3.8081,166725,flicker
3.8124,66124,flicker
3.8184,166600,flicker
3.8204,166500,flicker
3.8245,166436,flicker
3.8290,166320,flicker
3.8328,166585,flicker
3.8369,166757,flicker
3.8409,166601,flicker
3.8457,66,flicker
3.8493,167123,flicker
3.8532,166297,flicker
3.8572,166521,flicker
3.8615,618,flicker
3.8659,166061,flicker
3.8696,167284,flicker
3.8737,166179,flicker
3.8786,1,flicker
3.8819,166748,flicker
3.8859,166090,flicker
3.8900,166677,flicker
3.8942,166655,flicker
3.8982,166690,flicker
3.9023,166381,flicker
3.9064,166105,flicker
3.9105,167575,flicker
3.9119,1,flicker
3.9146,66862,flicker
3.9150,1673,flicker
3.9187,85,flicker
3.9200,166757,flicker
3.9228,165968,flicker
3.9270,166954,flicker
3.9310,166716,flicker
3.9351,166775,flicker
3.9392,166946,flicker
3.9433,166456,flicker
3.9475,166965,flicker
3.9515,166385,flicker
3.9556,166582,flicker
3.9597,166877,flicker
3.9638,166642,flicker
3.9679,167243,flicker
3.9720,166811,flicker
3.9760,166750,flicker
3.9801,167233,flicker
3.9842,166607,flicker
3.9883,167181,flicker
3.9924,166808,flicker
3.9966,166819,flicker
4.0006,166910,flicker
4.0047,166495,flicker
4.0088,167194,flicker
4.0174,167078,flicker
4.0212,166892,flicker
4.0253,166250,flicker
4.0298,166560,flicker
4.0334,166252,flicker
4.0375,167051,flicker
4.0383,1,flicker
4.0416,67024,flicker
4.0432,1670,flicker
4.0472,6167342,flicker
4.0518,166556,flicker
4.0539,167122,flicker
4.0579,167004,flicker
4.0632,166306,flicker
4.0661,167254,flicker
4.0702,166342,flicker
4.0743,167288,flicker
4.0800,6,flicker
4.0835,166949,flicker
4.0870,167118,flicker
4.0907,166881,flicker
4.0957,6,flicker
4.0993,166826,flicker
4.1031,167175,flicker
4.1071,167254,flicker
4.1126,60,flicker
4.1154,167057,flicker
4.1195,167744,flicker
4.1235,167096,flicker
4.1276,67516,flicker
4.1334,166306,flicker
4.1359,166659,flicker
4.1399,167362,flicker
4.1440,167137,flicker
4.1481,166623,flicker
4.1522,166986,flicker
4.1562,167316,flicker
4.1603,167300,flicker
4.1646,167018,flicker
4.1656,1,flicker
4.1685,66337,flicker
4.1698,166,flicker
4.1727,634,flicker
4.1728,167236,flicker
4.1768,167142,flicker
4.1810,166805,flicker
4.1850,166622,flicker
4.1890,166746,flicker
4.1933,167481,flicker
4.1974,167573,flicker
4.2014,167187,flicker
4.2054,167000,flicker
4.2098,166426,flicker
4.2140,166886,flicker
4.2177,167476,flicker
4.2218,166771,flicker
4.2260,166780,flicker
4.2311,166473,flicker
4.2341,166789,flicker
4.2381,167365,flicker
4.2424,167443,flicker
4.2469,166841,flicker
4.2506,166919,flicker
4.2547,166970,flicker
4.2587,167052,flicker
4.2630,167226,flicker
4.2670,166610,flicker
4.2710,167127,flicker
4.2750,167023,flicker
4.2799,167485,flicker
4.2835,167308,flicker
4.2874,166763,flicker
4.2914,166812,flicker
4.2959,166982,flicker
4.2968,167,flicker
4.2996,166,flicker
4.3010,167331,flicker
4.3038,167190,flicker
4.3078,166992,flicker
4.3122,676,flicker
4.3162,167763,flicker
4.3201,167341,flicker
4.3242,166787,flicker
4.3288,167667,flicker
4.3324,167265,flicker
4.3364,167978,flicker
4.3405,167488,flicker
4.3470,64,flicker
4.3490,167201,flicker
4.3528,167156,flicker
4.3569,167722,flicker
4.3618,80,flicker
4.3658,166670,flicker
4.3694,168049,flicker
4.3735,167246,flicker
4.3792,67,flicker
4.3823,167885,flicker
4.3857,167285,flicker
4.3898,168772,flicker
4.3939,167496,flicker
4.3979,167293,flicker
4.4020,167392,flicker
4.4062,167180,flicker
4.4103,167987,flicker
4.4143,166978,flicker
4.4184,168195,flicker
4.4225,167859,flicker
4.4245,16,flicker
4.4267,7843,flicker
4.4278,16789,flicker
4.4308,5,flicker
4.4311,167924,flicker
4.4348,167877,flicker
4.4389,167754,flicker
4.4430,167147,flicker
4.4471,167636,flicker
4.4513,166988,flicker
4.4554,167825,flicker
4.4594,167709,flicker
4.4635,167610,flicker
4.4676,167664,flicker
4.4717,166999,flicker
4.4758,167896,flicker
4.4799,168208,flicker
4.4839,168330,flicker
4.4880,167667,flicker
4.4921,167699,flicker
4.4972,167180,flicker
4.5003,167549,flicker
4.5044,167721,flicker
4.5085,167890,flicker
4.5145,670,flicker
4.5178,167890,flicker
4.5209,168154,flicker
4.5250,167184,flicker
4.5292,168118,flicker
4.5331,167069,flicker
4.5372,167524,flicker
4.5412,167561,flicker
4.5461,167740,flicker
4.5495,168156,flicker
4.5513,16,flicker
4.5536,7465,flicker
4.5542,16775,flicker
4.5576,8,flicker
4.5577,167444,flicker
4.5618,6735,flicker
4.5668,167190,flicker
4.5699,168016,flicker
4.5740,167769,flicker
4.5793,612,flicker
4.5828,167749,flicker
4.5863,168200,flicker
4.5904,167234,flicker
4.5961,687,flicker
4.5991,167824,flicker
4.6027,167570,flicker
4.6068,168137,flicker
4.6118,03,flicker
4.6156,167499,flicker
4.6191,167826,flicker
4.6232,168274,flicker
4.6277,677,flicker
4.6314,167688,flicker
4.6355,167905,flicker
4.6395,167847,flicker
4.6450,186,flicker
4.6482,167460,flicker
4.6519,167838,flicker
4.6559,167881,flicker
4.6601,167679,flicker
4.6641,168071,flicker
4.6682,167264,flicker
4.6723,167772,flicker
4.6765,167944,flicker
4.6778,16,flicker
4.6806,7606,flicker
4.6818,16763,flicker
4.6846,2,flicker
4.6853,167658,flicker
4.6887,167551,flicker
4.6929,168127,flicker
4.6978,168149,flicker
4.7010,168066,flicker
4.7051,167947,flicker
4.7093,167757,flicker
4.7133,167693,flicker
4.7174,168157,flicker
4.7215,167533,flicker
4.7257,167506,flicker
4.7297,167153,flicker
4.7338,167567,flicker
4.7379,167791,flicker
4.7420,168170,flicker
4.7465,168003,flicker
4.7502,167915,flicker
4.7542,167575,flicker
4.7584,167913,flicker
4.7630,167861,flicker
4.7666,168085,flicker
4.7706,167581,flicker
4.7747,168073,flicker
4.7791,66,flicker
4.7831,167869,flicker
4.7876,166812,flicker
4.7912,168189,flicker
4.7956,167606,flicker
4.7993,167596,flicker
4.8034,168140,flicker
4.8049,1,flicker
4.8076,67397,flicker
4.8092,1682,flicker
4.8119,86,flicker
4.8130,168,flicker
4.8166,168343,flicker
4.8198,167623,flicker
4.8239,167436,flicker
4.8290,168160,flicker
4.8322,167743,flicker
4.8363,168273,flicker
4.8403,168501,flicker
4.8500,168658,flicker
4.8526,167897,flicker
4.8566,167886,flicker
4.8608,68347,flicker
4.8654,167607,flicker
4.8689,168586,flicker
4.8730,167849,flicker
4.8812,168163,flicker
4.8857,167459,flicker
4.8894,168267,flicker
4.8935,167972,flicker
4.8979,167853,flicker
4.9017,167999,flicker
4.9058,167648,flicker
4.9100,168422,flicker
4.9143,167719,flicker
4.9181,167964,flicker
4.9222,168005,flicker
4.9263,167805,flicker
4.9308,168440,flicker
4.9345,168558,flicker
4.9354,168,flicker
4.9386,137,flicker
4.9394,168618,flicker
4.9428,167886,flicker
4.9468,168159,flicker
4.9508,167783,flicker
4.9549,168432,flicker
4.9591,167977,flicker
4.9633,167859,flicker
4.9673,169072,flicker
4.9714,168227,flicker
4.9755,168143,flicker
4.9796,167675,flicker
4.9837,168456,flicker
4.9878,168348,flicker
4.9918,168077,flicker
4.9960,168690,flicker
5.0000,168540,flicker
5.0042,168050,flicker
5.0082,168623,flicker
5.0123,168023,flicker
5.0168,167679,flicker
5.0205,168845,flicker
5.0246,167782,flicker
5.0289,168545,flicker
5.0328,167313,flicker
5.0371,168685,flicker
5.0410,168373,flicker
5.0459,168186,flicker
5.0493,168272,flicker
5.0534,168061,flicker
5.0573,168179,flicker
5.0620,167968,flicker
5.0626,167,flicker
5.0655,515,flicker
5.0665,168315,flicker
5.0697,168045,flicker
5.0739,167657,flicker
5.0779,168417,flicker
5.0819,168117,flicker
5.0860,168782,flicker
5.0901,167545,flicker
5.0953,6,flicker
5.0992,168064,flicker
5.1030,168303,flicker
5.1065,168866,flicker
5.1107,676,flicker
5.1151,167898,flicker
5.1197,168484,flicker
5.1230,168157,flicker
5.1271,6,flicker
5.1316,168188,flicker
5.1360,167697,flicker
5.1393,168434,flicker
5.1434,686,flicker
5.1482,167905,flicker
5.1525,167532,flicker
5.1558,167921,flicker
5.1598,168210,flicker
5.1640,168699,flicker
5.1681,167843,flicker
5.1721,167863,flicker
5.1763,168657,flicker
5.1807,168464,flicker
5.1843,168600,flicker
5.1884,168125,flicker
5.1896,168,flicker
5.1925,180,flicker
5.1946,168080,flicker
5.1966,168380,flicker
5.2012,167914,flicker
5.2048,167384,flicker
5.2090,167956,flicker
5.2131,168212,flicker
5.2171,168787,flicker
5.2212,168189,flicker
5.2253,167437,flicker
5.2301,168380,flicker
5.2335,167704,flicker
5.2376,168006,flicker
5.2417,168201,flicker
5.2463,168063,flicker
5.2498,168708,flicker
5.2539,168501,flicker
5.2580,168078,flicker
5.2626,6823,flicker
5.2668,167448,flicker
5.2704,168337,flicker
5.2748,167997,flicker
5.2786,168381,flicker
5.2826,168761,flicker
5.2867,167677,flicker
5.2908,168556,flicker
5.2997,168425,flicker
5.3031,168586,flicker
5.3072,168025,flicker
5.3115,168382,flicker
5.3156,168656,flicker
5.3166,168,flicker
5.3196,910,flicker
5.3207,168145,flicker
5.3237,167357,flicker
5.3288,169084,flicker
5.3317,167878,flicker
5.3358,168737,flicker
5.3399,168408,flicker
5.3459,6,flicker
5.3482,168816,flicker
5.3522,168220,flicker
5.3563,168492,flicker
5.3623,6,flicker
5.3655,167551,flicker
5.3686,169130,flicker
5.3727,168383,flicker
5.3769,8791,flicker
5.3813,168145,flicker
5.3853,168352,flicker
5.3895,168895,flicker
5.3934,163,flicker
5.3980,168861,flicker
5.4015,168892,flicker
5.4055,168114,flicker
5.4096,168760,flicker
5.4144,168522,flicker
5.4179,168731,flicker
5.4220,168817,flicker
5.4261,168281,flicker
5.4303,168968,flicker
5.4343,168468,flicker
5.4384,168513,flicker
5.4426,168228,flicker
5.4435,16,flicker
5.4467,8618,flicker
5.4485,16845,flicker
5.4506,3,flicker
5.4507,167481,flicker
5.4547,168661,flicker
5.4588,168022,flicker
5.4634,168290,flicker
5.4669,168790,flicker
5.4710,167903,flicker
5.4754,168579,flicker
5.4798,168083,flicker
5.4833,168301,flicker
5.4874,168458,flicker
5.4917,168475,flicker
5.4963,168750,flicker
5.4997,168469,flicker
5.5037,168100,flicker
5.5079,168961,flicker
5.5120,68645,flicker
5.5170,168514,flicker
5.5203,168434,flicker
5.5244,168049,flicker
5.5293,168493,flicker
5.5325,168422,flicker
5.5366,168588,flicker
5.5406,168879,flicker
5.5450,168376,flicker
5.5489,168209,flicker
5.5530,167786,flicker
5.5570,168307,flicker
5.5653,168618,flicker
5.5694,168771,flicker
5.5712,16,flicker
5.5735,8078,flicker
5.5750,16876,flicker
5.5777,16829,flicker
5.5818,169205,flicker
5.5857,169014,flicker
5.5916,168078,flicker
5.5942,168456,flicker
5.5983,168307,flicker
5.6026,168821,flicker
5.6062,168645,flicker
5.6121,68,flicker
5.6161,168365,flicker
5.6188,168493,flicker
5.6226,169029,flicker
5.6280,65,flicker
5.6309,168500,flicker
5.6359,168487,flicker
5.6390,168556,flicker
5.6449,1681,flicker
5.6482,168106,flicker
5.6516,168035,flicker
5.6553,167892,flicker
5.6595,168844,flicker
5.6642,168193,flicker
5.6678,167389,flicker
5.6717,168436,flicker
5.6758,168202,flicker
5.6803,168606,flicker
5.6845,168615,flicker
5.6882,167926,flicker
5.6922,167811,flicker
5.6970,168259,flicker
5.6974,16,flicker
5.7004,8504,flicker
5.7016,1684,flicker
5.7045,98,flicker
5.7046,167812,flicker
5.7086,168718,flicker
5.7131,168581,flicker
5.7168,168738,flicker
5.7209,168578,flicker
5.7250,168498,flicker
5.7291,167841,flicker
5.7334,168264,flicker
5.7374,168334,flicker
5.7414,168470,flicker
5.7456,168003,flicker
5.7496,168794,flicker
5.7537,168240,flicker
5.7578,168630,flicker
5.7622,168316,flicker
5.7659,168350,flicker
5.7700,168488,flicker
5.7741,168204,flicker
5.7783,68129,flicker
5.7832,168035,flicker
5.7864,167838,flicker
5.7905,168733,flicker
5.7953,168489,flicker
5.7989,168505,flicker
5.8029,169062,flicker
5.8070,168884,flicker
5.8117,691,flicker
5.8154,169060,flicker
5.8192,168633,flicker
5.8233,168985,flicker
5.8245,1,flicker
5.8286,869,flicker
5.8338,62,flicker
5.8352,168821,flicker
5.8356,168589,flicker
5.8397,168525,flicker
5.8439,67460,flicker
5.8479,169273,flicker
5.8519,168607,flicker
5.8560,168432,flicker
5.8603,689,flicker
5.8643,168295,flicker
5.8684,169482,flicker
5.8725,168358,flicker
5.8780,2,flicker
5.8809,168413,flicker
5.8847,168017,flicker
5.8888,168882,flicker
5.8932,0,flicker
5.8972,168807,flicker
5.9011,168886,flicker
5.9051,168260,flicker
5.9093,169154,flicker
5.9134,168052,flicker
5.9174,169052,flicker
5.9215,168813,flicker
5.9258,167958,flicker
5.9298,169127,flicker
5.9339,168463,flicker
5.9379,168574,flicker
5.9421,168248,flicker
5.9464,168546,flicker
5.9502,168781,flicker
5.9520,1,flicker
5.9545,68405,flicker
5.9550,1677,flicker
5.9585,86,flicker
5.9588,168703,flicker
5.9628,168525,flicker
5.9666,168979,flicker
5.9707,168477,flicker
5.9750,168564,flicker
5.9790,168399,flicker
5.9830,168560,flicker
5.9872,169446,flicker
5.9914,167633,flicker
5.9960,168869,flicker
5.9995,168530,flicker
6.0036,167905,flicker
6.0079,168456,flicker
6.0125,168275,flicker
6.0158,168650,flicker
6.0199,168708,flicker
6.0240,168571,flicker
6.0290,168990,flicker
6.0322,168218,flicker
6.0363,168086,flicker
6.0403,168501,flicker
6.0446,168588,flicker
6.0486,168981,flicker
6.0526,168321,flicker
6.0567,168928,flicker
6.0620,68,flicker
6.0651,168381,flicker
6.0690,168895,flicker
6.0731,168668,flicker
6.0789,685,flicker
6.0838,7949,flicker
6.0847,1684,flicker
6.0854,87,flicker
6.0866,168277,flicker
6.0895,168706,flicker
6.0936,68408,flicker
6.0977,168650,flicker
6.1018,168618,flicker
6.1059,169055,flicker
6.1100,68553,flicker
6.1157,168618,flicker
6.1184,168955,flicker
6.1225,168751,flicker
6.1264,68277,flicker
6.1333,168058,flicker
6.1348,169098,flicker
6.1388,168814,flicker
6.1428,168687,flicker
6.1469,168370,flicker
6.1509,168848,flicker
6.1550,168490,flicker
6.1591,168865,flicker
6.1632,168819,flicker
6.1673,168154,flicker
6.1714,168118,flicker
6.1755,168474,flicker
6.1800,168355,flicker
6.1837,168999,flicker
6.1878,168486,flicker
6.1921,168590,flicker
6.1960,168624,flicker
6.2001,168735,flicker
6.2042,168456,flicker
6.2054,1,flicker
6.2085,67927,flicker
6.2102,1686,flicker
6.2126,87,flicker
6.2142,168571,flicker
6.2165,168541,flicker
6.2206,168412,flicker
6.2247,168504,flicker
6.2295,168256,flicker
6.2329,168497,flicker
6.2370,168413,flicker
6.2411,168844,flicker
6.2456,167910,flicker
6.2492,168787,flicker
6.2533,168821,flicker
6.2574,168782,flicker
6.2619,168553,flicker
6.2656,168338,flicker
6.2697,167893,flicker
6.2738,169026,flicker
6.2779,168926,flicker
6.2820,168839,flicker
6.2861,167715,flicker
6.2902,168874,flicker
6.2947,168389,flicker
6.2984,168770,flicker
6.3025,168736,flicker
6.3066,168281,flicker
6.3107,68838,flicker
6.3161,168304,flicker
6.3189,168819,flicker
6.3229,168447,flicker
6.3271,68467,flicker
6.3316,169179,flicker
6.3353,168925,flicker
6.3372,168,flicker
6.3394,825,flicker
6.3406,168537,flicker
6.3447,29,flicker
6.3477,168414,flicker
6.3517,168919,flicker
6.3557,168757,flicker
6.3599,68070,flicker
6.3646,168509,flicker
6.3688,169452,flicker
6.3721,168040,flicker
6.3763,30,flicker
6.3805,168824,flicker
6.3851,169210,flicker
6.3886,169326,flicker
6.3927,69165,flicker
6.3979,169452,flicker
6.4008,169096,flicker
6.4049,167424,flicker
6.4099,163,flicker
6.4131,168180,flicker
6.4172,168483,flicker
6.4213,168643,flicker
6.4254,168746,flicker
6.4296,169345,flicker
6.4335,168662,flicker
6.4376,169011,flicker
6.4418,168798,flicker
6.4461,168792,flicker
6.4499,168779,flicker
6.4541,169077,flicker
6.4582,168984,flicker
6.4624,168642,flicker
6.4640,168,flicker
6.4663,540,flicker
6.4671,168330,flicker
6.4704,168904,flicker
6.4747,168723,flicker
6.4787,168247,flicker
6.4828,168937,flicker
6.4868,169243,flicker
6.4910,168085,flicker
6.4952,168478,flicker
6.4991,168909,flicker
6.5032,168554,flicker
6.5073,169167,flicker
6.5118,168433,flicker
6.5156,168839,flicker
6.5196,169023,flicker
6.5237,168350,flicker
6.5280,168970,flicker
6.5320,168595,flicker
6.5360,168561,flicker
6.5400,168562,flicker
6.5452,168698,flicker
6.5482,168961,flicker
6.5523,168796,flicker
6.5564,168778,flicker
6.5617,169162,flicker
6.5648,168789,flicker
6.5688,168689,flicker
6.5729,168278,flicker
6.5775,169107,flicker
6.5811,168943,flicker
6.5852,168636,flicker
6.5893,169304,flicker
6.5901,168,flicker
6.5933,43,flicker
6.5942,168733,flicker
6.5974,169597,flicker
6.6015,169218,flicker
6.6056,168946,flicker
6.6102,6845,flicker
6.6138,168369,flicker
6.6179,168394,flicker
6.6220,168773,flicker
6.6273,63,flicker
6.6303,168353,flicker
6.6344,168899,flicker
6.6386,169289,flicker
6.6426,169061,flicker
6.6466,168412,flicker
6.6506,168688,flicker
6.6547,168846,flicker
6.6589,168978,flicker
6.6631,168698,flicker
6.6672,168064,flicker
6.6713,168917,flicker
6.6753,168328,flicker
6.6794,168895,flicker
6.6835,168410,flicker
6.6876,167967,flicker
6.6917,167954,flicker
6.6958,168526,flicker
6.6999,168431,flicker
6.7040,169232,flicker
6.7080,167924,flicker
6.7126,168319,flicker
6.7162,168419,flicker
6.7165,16,flicker
6.7203,8904,flicker
6.7217,16841,flicker
6.7244,7,flicker
6.7245,168245,flicker
6.7285,68083,flicker
6.7352,168319,flicker
6.7366,169073,flicker
6.7410,168566,flicker
6.7449,168372,flicker
6.7490,168713,flicker
6.7531,168769,flicker
6.7571,168399,flicker
6.7619,169018,flicker
6.7654,168156,flicker
6.7696,168418,flicker
6.7737,168768,flicker
6.7780,168838,flicker
6.7819,168480,flicker
6.7860,167632,flicker
6.7899,168466,flicker
6.7950,168801,flicker
6.7981,169147,flicker
6.8021,168693,flicker
6.8063,168128,flicker
6.8104,69498,flicker
6.8149,168625,flicker
6.8186,169301,flicker
6.8227,169062,flicker
6.8268,168102,flicker
6.8310,169050,flicker
6.8350,168590,flicker
6.8391,168106,flicker
6.8433,6088,flicker
6.8447,1,flicker
6.8477,8510,flicker
6.8487,1693,flicker
6.8513,83,flicker
6.8514,168293,flicker
6.8554,169290,flicker
6.8609,684,flicker
6.8657,168193,flicker
6.8679,169271,flicker
6.8719,168605,flicker
6.8811,169008,flicker
6.8842,167915,flicker
6.8882,169491,flicker
6.8924,168981,flicker
6.8964,169454,flicker
6.9005,168743,flicker
6.9045,168195,flicker
6.9087,168917,flicker
6.9128,168298,flicker
6.9169,168567,flicker
6.9209,168858,flicker
6.9251,168265,flicker
6.9296,168860,flicker
6.9332,168654,flicker
6.9373,169165,flicker
6.9415,168549,flicker
6.9456,168351,flicker
6.9497,169159,flicker
6.9537,168582,flicker
6.9580,168179,flicker
6.9621,168933,flicker
6.9661,168659,flicker
6.9701,169117,flicker
6.9719,16,flicker
6.9743,8440,flicker
6.9753,1690,flicker
6.9785,60,flicker
6.9799,169058,flicker
6.9824,168865,flicker
6.9865,168679,flicker
6.9906,168908,flicker
6.9947,168454,flicker
6.9988,169141,flicker
7.0029,168280,flicker
7.0070,169482,flicker
7.0115,168497,flicker
7.0152,168962,flicker
7.0193,169181,flicker
7.0234,168521,flicker
7.0280,169480,flicker
7.0315,168652,flicker
7.0356,168567,flicker
7.0397,168752,flicker
7.0443,168258,flicker
7.0480,168583,flicker
7.0520,168917,flicker
7.0562,168645,flicker
7.0607,169369,flicker
7.0643,168741,flicker
7.0684,168916,flicker
7.0726,169179,flicker
7.0766,168776,flicker
7.0807,168857,flicker
7.0848,168505,flicker
7.0889,168912,flicker
7.0953,6442,flicker
7.0972,169260,flicker
7.0982,1,flicker
7.1012,69284,flicker
7.1022,1692,flicker
7.1053,24,flicker
7.1062,168917,flicker
7.1105,168017,flicker
7.1135,168339,flicker
7.1176,168393,flicker
7.1216,168644,flicker
7.1301,168912,flicker
7.1341,168677,flicker
7.1381,168853,flicker
7.1433,61,flicker
7.1464,168302,flicker
7.1504,168685,flicker
7.1544,168757,flicker
7.1587,168765,flicker
7.1626,168405,flicker
7.1667,168159,flicker
7.1708,168528,flicker
7.1749,168685,flicker
7.1790,168729,flicker
7.1831,168841,flicker
7.1872,168635,flicker
7.1913,168557,flicker
7.1955,169001,flicker
7.1996,168263,flicker
7.2037,169009,flicker
7.2078,169032,flicker
7.2119,168663,flicker
7.2159,168600,flicker
7.2200,168650,flicker
7.2241,168719,flicker
7.2248,1,flicker
7.2282,67732,flicker
7.2297,168,flicker
7.2323,398,flicker
7.2339,168837,flicker
7.2364,169429,flicker
7.2406,168618,flicker
7.2448,168414,flicker
7.2487,168422,flicker
7.2528,168518,flicker
7.2568,168482,flicker
7.2611,63,flicker
7.2667,167910,flicker
7.2692,168873,flicker
7.2732,168893,flicker
7.2779,168730,flicker
7.2814,168992,flicker
7.2855,168216,flicker
7.2896,169201,flicker
7.2938,168573,flicker
7.2979,168815,flicker
7.3020,168927,flicker
7.3060,168112,flicker
7.3120,6,flicker
7.3148,168837,flicker
7.3183,168457,flicker
7.3224,168619,flicker
7.3279,6,flicker
7.3310,168988,flicker
7.3346,169058,flicker
7.3387,168713,flicker
7.3429,68093,flicker
7.3491,168467,flicker
7.3510,169271,flicker
7.3551,168539,flicker
7.3559,169,flicker
7.3593,50,flicker
7.3595,168927,flicker
7.3637,168745,flicker
7.3675,169098,flicker
7.3715,168551,flicker
7.3765,169251,flicker
7.3797,168666,flicker
7.3838,168159,flicker
7.3879,168909,flicker
7.3933,643,flicker
7.3966,168843,flicker
7.4002,169035,flicker
7.4043,168712,flicker
7.4089,1,flicker
7.4127,168658,flicker
7.4166,168892,flicker
7.4207,169358,flicker
7.4248,169311,flicker
7.4291,169890,flicker
7.4330,168570,flicker
7.4370,168863,flicker
7.4412,169374,flicker
7.4454,168170,flicker
7.4493,168657,flicker
7.4534,168790,flicker
7.4576,168760,flicker
7.4617,168967,flicker
7.4658,168912,flicker
7.4698,168683,flicker
7.4739,168673,flicker
7.4783,168987,flicker
7.4822,169013,flicker
7.4830,16,flicker
7.4862,9090,flicker
7.4870,16901,flicker
7.4903,5,flicker
7.4904,168472,flicker
7.4944,169136,flicker
7.4985,168839,flicker
7.5026,168600,flicker
7.5067,168890,flicker
7.5110,169035,flicker
7.5149,168410,flicker
7.5190,168669,flicker
7.5231,168305,flicker
7.5274,169207,flicker
7.5314,168646,flicker
7.5355,168806,flicker
7.5394,168878,flicker
7.5439,169184,flicker
7.5477,169298,flicker
7.5517,167950,flicker
7.5558,169040,flicker
7.5600,168894,flicker
7.5641,168870,flicker
7.5681,168931,flicker
7.5722,168398,flicker
7.5764,685,flicker
7.5812,169247,flicker
7.5846,169003,flicker
7.5886,168918,flicker
7.5933,682,flicker
7.5970,168807,flicker
7.6009,169299,flicker
7.6050,169000,flicker
7.6103,681,flicker
7.6138,510,flicker
7.6172,1690,flicker
7.6173,90,flicker
7.6183,169026,flicker
7.6214,168609,flicker
7.6255,7,flicker
7.6302,168889,flicker
7.6350,168782,flicker
7.6377,169065,flicker
7.6419,16873,flicker
7.6460,68756,flicker
7.6502,168839,flicker
7.6542,169138,flicker
7.6583,168785,flicker
7.6623,169179,flicker
7.6664,168664,flicker
7.6705,168811,flicker
7.6746,169051,flicker
7.6787,168994,flicker
7.6828,168222,flicker
7.6869,168623,flicker
7.6910,168369,flicker
7.6952,168569,flicker
7.6993,168895,flicker
7.7034,169018,flicker
7.7074,168591,flicker
7.7115,168701,flicker
7.7156,168648,flicker
7.7197,168851,flicker
7.7238,168618,flicker
7.7279,168626,flicker
7.7322,168899,flicker
7.7362,168621,flicker
7.7380,1,flicker
7.7403,68937,flicker
7.7408,1687,flicker
7.7443,20,flicker
7.7459,168543,flicker
7.7485,168717,flicker
7.7525,169382,flicker
7.7565,168553,flicker
7.7608,69068,flicker
7.7651,168424,flicker
7.7689,168841,flicker
7.7730,168439,flicker
7.7774,169009,flicker
7.7811,169032,flicker
7.7852,168346,flicker
7.7893,168926,flicker
7.7943,168702,flicker
7.7975,169327,flicker
7.8016,168981,flicker
7.8057,168233,flicker
7.8110,169335,flicker
7.8139,168795,flicker
7.8180,169079,flicker
7.8221,168663,flicker
7.8262,603,flicker
7.8304,169427,flicker
7.8344,168885,flicker
7.8385,168747,flicker
7.8426,6891,flicker
7.8471,168062,flicker
7.8508,169131,flicker
7.8549,168484,flicker
7.8590,680,flicker
7.8633,169129,flicker
7.8644,1,flicker
7.8671,68153,flicker
7.8673,1691,flicker
7.8712,90,flicker
7.8713,168456,flicker
7.8757,169111,flicker
7.8794,169375,flicker
7.8835,168806,flicker
7.8876,169013,flicker
7.8917,169053,flicker
7.8958,169367,flicker
7.8999,168937,flicker
7.9040,168434,flicker
7.9081,169709,flicker
7.9123,168959,flicker
7.9164,168877,flicker
7.9204,169376,flicker
7.9245,168361,flicker
7.9286,168914,flicker
7.9327,168816,flicker
7.9367,169268,flicker
7.9409,168964,flicker
7.9459,169277,flicker
7.9490,169294,flicker
7.9531,168585,flicker
7.9572,169432,flicker
7.9615,169090,flicker
7.9654,169073,flicker
7.9695,168888,flicker
7.9737,169271,flicker
7.9777,168853,flicker
7.9818,168973,flicker
7.9859,168711,flicker
7.9900,169354,flicker
7.9944,168868,flicker
7.9953,169,flicker
7.9982,017,flicker
7.9994,169382,flicker
8.0023,169160,flicker
8.0064,169224,flicker
8.0108,169137,flicker
8.0146,169035,flicker
8.0187,169279,flicker
8.0228,169226,flicker
8.0281,169750,flicker
8.0311,169074,flicker
8.0351,168754,flicker
8.0391,169366,flicker
8.0433,168764,flicker
8.0474,169101,flicker
8.0515,168537,flicker
8.0555,169170,flicker
8.0597,68961,flicker
8.0932,169112,flicker
8.0933,168708,flicker
8.0953,169141,flicker
8.0956,168856,flicker
8.0959,169496,flicker
8.0960,169677,flicker
8.0961,169259,flicker
8.0961,168579,flicker
8.0965,169747,flicker
8.1007,169148,flicker
8.1047,168566,flicker
8.1089,169109,flicker
8.1129,169560,flicker
8.1170,168869,flicker
8.1211,168962,flicker
8.1226,16,flicker
8.1266,5046908,flicker
8.1299,168941,flicker
8.1334,169454,flicker
8.1375,169233,flicker
8.1415,69318,flicker
8.1459,168647,flicker
8.1498,168887,flicker
8.1539,169043,flicker
8.1581,169013,flicker
8.1620,169368,flicker
8.1661,168421,flicker
8.1702,169265,flicker
8.1744,169428,flicker
8.1784,169263,flicker
8.1825,169078,flicker
8.1866,168948,flicker
8.1908,168603,flicker
8.1949,169120,flicker
8.1990,169600,flicker
8.2030,169097,flicker
8.2072,169056,flicker
8.2112,169576,flicker
8.2152,169340,flicker
8.2193,169355,flicker
8.2236,169139,flicker
8.2285,168491,flicker
8.2317,169002,flicker
8.2357,169349,flicker
8.2398,169062,flicker
8.2445,169178,flicker
8.2482,168531,flicker
8.2492,16,flicker
8.2521,8708,flicker
8.2531,16894,flicker
8.2562,6,flicker
8.2563,169427,flicker
8.2604,168958,flicker
8.2644,168598,flicker
8.2685,169264,flicker
8.2726,168764,flicker
8.2770,169245,flicker
8.2808,169250,flicker
8.2849,168685,flicker
8.2890,169216,flicker
8.2936,168932,flicker
8.2972,168960,flicker
8.3013,168819,flicker
8.3054,168873,flicker
8.3102,169154,flicker
8.3136,169195,flicker
8.3176,169075,flicker
8.3218,168887,flicker
8.3311,169799,flicker
8.3341,169244,flicker
8.3381,169003,flicker
8.3423,168987,flicker
8.3464,168504,flicker
8.3504,169364,flicker
8.3545,168827,flicker
8.3588,696,flicker
8.3640,169108,flicker
8.3670,168487,flicker
8.3710,169554,flicker
8.3750,69680,flicker
8.3757,16,flicker
8.3797,356,flicker
8.3807,16883,flicker
8.3832,3,flicker
8.3838,168601,flicker
8.3874,169811,flicker
8.3915,169387,flicker
8.3956,169432,flicker
8.3996,169441,flicker
8.4037,168814,flicker
8.4078,169856,flicker
8.4119,169182,flicker
8.4160,169624,flicker
8.4200,169583,flicker
8.4242,169541,flicker
8.4283,169361,flicker
8.4323,170055,flicker
8.4364,169458,flicker
8.4407,169400,flicker
8.4447,169408,flicker
8.4489,169693,flicker
8.4529,168996,flicker
8.4571,169606,flicker
8.4612,168739,flicker
8.4651,168693,flicker
8.4692,169316,flicker
8.4733,169208,flicker
8.4775,168861,flicker
8.4815,168964,flicker
8.4856,169283,flicker
8.4897,168991,flicker
8.4946,168909,flicker
8.4979,169107,flicker
8.5020,168440,flicker
8.5027,16,flicker
8.5062,8692,flicker
8.5077,1692,flicker
8.5102,59,flicker
8.5118,169066,flicker
8.5143,169247,flicker
8.5184,169328,flicker
8.5225,168803,flicker
8.5279,6,flicker
8.5315,168518,flicker
8.5348,169236,flicker
8.5389,169129,flicker
8.5439,168675,flicker
8.5470,169379,flicker
8.5511,168947,flicker
8.5552,169049,flicker
8.5597,169770,flicker
8.5635,169035,flicker
8.5675,169305,flicker
8.5716,169290,flicker
8.5758,169456,flicker
8.5799,169355,flicker
8.5840,169445,flicker
8.5880,169154,flicker
8.5933,691,flicker
8.5985,168737,flicker
8.6003,169411,flicker
8.6044,168700,flicker
8.6087,169207,flicker
8.6126,169463,flicker
8.6167,169508,flicker
8.6208,169411,flicker
8.6263,902,flicker
8.6290,169041,flicker
8.6303,1,flicker
8.6338,69094,flicker
8.6343,1687,flicker
8.6372,86,flicker
8.6383,169132,flicker
8.6419,169242,flicker
8.6453,168901,flicker
8.6494,169194,flicker
8.6535,168990,flicker
8.6578,169406,flicker
8.6617,168889,flicker
8.6658,168976,flicker
8.6699,169297,flicker
8.6740,169544,flicker
8.6782,169417,flicker
8.6823,169357,flicker
8.6864,168677,flicker
8.6905,169113,flicker
8.6947,169500,flicker
8.6987,169152,flicker
8.7028,169367,flicker
8.7068,169040,flicker
8.7116,169628,flicker
8.7149,168873,flicker
8.7190,169294,flicker
8.7232,169427,flicker
8.7275,168553,flicker
8.7314,169147,flicker
8.7355,169171,flicker
8.7396,169506,flicker
8.7445,169271,flicker
8.7477,169137,flicker
8.7518,169178,flicker
8.7560,168592,flicker
8.7569,1,flicker
8.7606,69243,flicker
8.7618,1691,flicker
8.7641,41,flicker
8.7650,168918,flicker
8.7682,169807,flicker
8.7723,169099,flicker
8.7766,699,flicker
8.7806,169325,flicker
8.7853,168803,flicker
8.7890,169313,flicker
8.7929,6277,flicker
8.7976,168964,flicker
8.8017,169568,flicker
8.8051,168362,flicker
8.8094,169675,flicker
8.8134,169464,flicker
8.8175,168647,flicker
8.8215,169041,flicker
8.8267,169123,flicker
8.8297,169637,flicker
8.8339,168445,flicker
8.8379,168848,flicker
8.8432,6884,flicker
8.8464,168472,flicker
8.8505,168863,flicker
8.8543,168997,flicker
8.8583,69129,flicker
8.8625,169560,flicker
8.8682,168748,flicker
8.8712,169583,flicker
8.8750,168746,flicker
8.8789,169737,flicker
8.8829,169044,flicker
8.8870,168939,flicker
8.8882,169,flicker
8.8911,60,flicker
8.8923,165,flicker
8.8953,169076,flicker
8.9006,169575,flicker
8.9035,168850,flicker
8.9075,169468,flicker
8.9128,168907,flicker
8.9157,169676,flicker
8.9197,169418,flicker
8.9238,169058,flicker
8.9280,169341,flicker
8.9320,168584,flicker
8.9361,168883,flicker
8.9402,169457,flicker
8.9447,168883,flicker
8.9485,169037,flicker
8.9525,168697,flicker
8.9569,168779,flicker
8.9612,169204,flicker
8.9649,168555,flicker
8.9689,168723,flicker
8.9732,169160,flicker
8.9774,169172,flicker
8.9812,169108,flicker
8.9853,169014,flicker
8.9895,168886,flicker
8.9943,168759,flicker
8.9976,169106,flicker
9.0017,169145,flicker
9.0060,169055,flicker
9.0101,169476,flicker
9.0140,168824,flicker
9.0155,168,flicker
9.0182,995,flicker
9.0184,169261,flicker
9.0222,169258,flicker
9.0274,169126,flicker
9.0303,169499,flicker
9.0344,168707,flicker
9.0385,169207,flicker
9.0441,169193,flicker
9.0467,169364,flicker
9.0508,169003,flicker
9.0549,169282,flicker
9.0606,69,flicker
9.0657,169113,flicker
9.0673,169066,flicker
9.0715,168859,flicker
9.0758,169677,flicker
9.0795,169333,flicker
9.0836,169091,flicker
9.0877,169435,flicker
9.0932,693,flicker
9.0968,169200,flicker
9.1000,169361,flicker
9.1040,168634,flicker
9.1082,6083,flicker
9.1130,169409,flicker
9.1164,168986,flicker
9.1206,169674,flicker
9.1250,69139,flicker
9.1290,168704,flicker
9.1329,168973,flicker
9.1369,169226,flicker
9.1456,79,flicker
9.1482,16874,flicker
9.1495,8,flicker
9.1504,168837,flicker
9.1532,169572,flicker
9.1575,106,flicker
9.1622,169514,flicker
9.1655,169444,flicker
9.1696,169440,flicker
9.1737,169408,flicker
9.1778,169010,flicker
9.1819,169527,flicker
9.1860,168944,flicker
9.1901,169159,flicker
9.1942,169217,flicker
9.1983,169099,flicker
9.2024,168701,flicker
9.2065,169183,flicker
9.2109,169557,flicker
9.2147,169025,flicker
9.2188,169230,flicker
9.2233,169698,flicker
9.2277,169290,flicker
9.2311,169272,flicker
9.2351,169044,flicker
9.2394,168607,flicker
9.2440,169021,flicker
9.2476,168368,flicker
9.2516,169172,flicker
9.2556,169325,flicker
9.2598,69147,flicker
9.2644,169095,flicker
9.2680,168757,flicker
9.2697,16,flicker
9.2720,9202,flicker
9.2725,16903,flicker
9.2761,9,flicker
9.2776,169553,flicker
9.2804,169271,flicker
9.2843,168677,flicker
9.2884,169596,flicker
9.2935,696,flicker
9.2969,169459,flicker
9.3007,169410,flicker
9.3048,168933,flicker
9.3090,69626,flicker
9.3135,169817,flicker
9.3171,169254,flicker
9.3213,169791,flicker
9.3258,168655,flicker
9.3293,169430,flicker
9.3334,168884,flicker
9.3375,169094,flicker
9.3422,69441,flicker
9.3461,168122,flicker
9.3498,169994,flicker
9.3539,168686,flicker
9.3581,6151,flicker
9.3631,168732,flicker
9.3664,168214,flicker
9.3704,169564,flicker
9.3744,8519,flicker
9.3792,168935,flicker
9.3826,169405,flicker
9.3868,168758,flicker
9.3908,170140,flicker
9.3950,169013,flicker
9.3957,1,flicker
9.3990,69188,flicker
9.3998,1696,flicker
9.4031,06,flicker
9.4038,168689,flicker
9.4072,169119,flicker
9.4113,168861,flicker
9.4154,169298,flicker
9.4195,168965,flicker
9.4236,169230,flicker
9.4277,169441,flicker
9.4317,169215,flicker
9.4358,169230,flicker
9.4400,169173,flicker
9.4444,169006,flicker
9.4483,169081,flicker
9.4522,169196,flicker
9.4563,169242,flicker
9.4637,168941,flicker
9.4647,168667,flicker
9.4687,169894,flicker
9.4727,168735,flicker
9.4781,169492,flicker
9.4809,169105,flicker
9.4850,168610,flicker
9.4893,169813,flicker
9.4937,168817,flicker
9.4973,169659,flicker
9.5014,169215,flicker
9.5055,168731,flicker
9.5099,169472,flicker
9.5138,169216,flicker
9.5178,168974,flicker
9.5219,168887,flicker
9.5223,1,flicker
9.5268,68629,flicker
9.5283,1692,flicker
9.5300,50,flicker
9.5312,168592,flicker
9.5342,168844,flicker
9.5382,168807,flicker
9.5430,169811,flicker
9.5464,169334,flicker
9.5505,169105,flicker
9.5546,168752,flicker
9.5587,68702,flicker
9.5638,169469,flicker
9.5669,169647,flicker
9.5710,169357,flicker
9.5752,690,flicker
9.5796,169834,flicker
9.5833,169097,flicker
9.5874,169135,flicker
9.5918,168845,flicker
9.5956,169683,flicker
9.5997,169188,flicker
9.6038,169323,flicker
9.6079,6229,flicker
9.6130,169083,flicker
9.6161,168917,flicker
9.6201,169295,flicker
9.6260,60,flicker
9.6285,168763,flicker
9.6326,169463,flicker
9.6366,169228,flicker
9.6418,6859,flicker
9.6456,168970,flicker
9.6490,168878,flicker
9.6498,1,flicker
9.6530,69285,flicker
9.6538,1689,flicker
9.6571,46,flicker
9.6588,169320,flicker
9.6612,169490,flicker
9.6652,169224,flicker
9.6693,169451,flicker
9.6734,169527,flicker
9.6775,168968,flicker
9.6816,169410,flicker
9.6857,168807,flicker
9.6898,169068,flicker
9.6939,168893,flicker
9.6980,169415,flicker
9.7021,169399,flicker
9.7062,168458,flicker
9.7103,168970,flicker
9.7144,168495,flicker
9.7185,169047,flicker
9.7227,169389,flicker
9.7267,168794,flicker
9.7308,169063,flicker
9.7348,168531,flicker
9.7390,169507,flicker
9.7440,168995,flicker
9.7473,167921,flicker
9.7513,168696,flicker
9.7555,168534,flicker
9.7594,169060,flicker
9.7635,168828,flicker
9.7676,168774,flicker
9.7717,169427,flicker
9.7769,168518,flicker
9.7799,169121,flicker
9.7814,169,flicker
9.7840,013,flicker
9.7843,168512,flicker
9.7881,168828,flicker
9.7923,169286,flicker
9.7963,169269,flicker
9.8004,169605,flicker
9.8044,168709,flicker
9.8092,169147,flicker
9.8127,168839,flicker
9.8168,168903,flicker
9.8209,168864,flicker
9.8254,168863,flicker
9.8291,169035,flicker
9.8331,169004,flicker
9.8372,169067,flicker
9.8432,635,flicker
9.8455,168368,flicker
9.8496,169283,flicker
9.8537,169039,flicker
9.8578,695,flicker
9.8618,169257,flicker
9.8661,168100,flicker
9.8701,169069,flicker
9.8743,168742,flicker
9.8782,169024,flicker
9.8823,168771,flicker
9.8864,168514,flicker
9.8911,9416,flicker
9.8950,168938,flicker
9.8987,169031,flicker
9.9028,169045,flicker
9.9070,195,flicker
9.9082,6,flicker
9.9111,9173,flicker
9.9132,16903,flicker
9.9151,4,flicker
9.9151,169395,flicker
9.9192,169097,flicker
9.9233,169039,flicker
9.9274,168817,flicker
9.9314,168862,flicker
9.9355,168977,flicker
9.9396,169474,flicker
9.9438,168484,flicker
9.9478,169558,flicker
9.9519,168504,flicker
9.9561,169213,flicker
9.9601,169299,flicker
9.9642,168878,flicker
9.9683,168903,flicker
9.9724,169082,flicker
9.9766,169110,flicker
9.9806,169419,flicker
9.9847,168438,flicker
9.9888,169063,flicker
9.9933,168097,flicker
9.9971,168327,flicker
10.0012,168907,flicker
10.0052,169329,flicker
10.0096,169439,flicker
10.0135,168376,flicker
10.0175,168904,flicker
10.0216,169133,flicker
10.0265,168683,flicker
10.0298,169140,flicker
10.0339,168503,flicker
10.0354,16,flicker
10.0379,9117,flicker
10.0385,16904,flicker
10.0426,4,flicker
10.0428,169057,flicker
10.0462,169028,flicker
10.0502,168530,flicker
10.0543,169204,flicker
10.0585,169242,flicker
10.0625,168314,flicker
10.0666,169119,flicker
10.0708,168556,flicker
10.0748,168703,flicker
10.0790,169623,flicker
10.0830,169037,flicker
10.0871,169067,flicker
10.0912,68812,flicker
10.0954,169174,flicker
10.0994,168578,flicker
10.1040,169352,flicker
10.1077,6982,flicker
10.1117,169480,flicker
10.1166,169192,flicker
10.1201,169507,flicker
10.1240,68841,flicker
10.1298,168270,flicker
10.1323,169232,flicker
10.1364,168962,flicker
10.1419,8,flicker
10.1453,169637,flicker
10.1489,168705,flicker
10.1526,169051,flicker
10.1578,169,flicker
10.1611,169657,flicker
10.1626,16,flicker
10.1649,8901,flicker
10.1667,16858,flicker
10.1690,0,flicker
10.1691,168591,flicker
10.1731,168335,flicker
10.1772,169412,flicker
10.1813,168324,flicker
10.1854,168486,flicker
10.1895,169213,flicker
10.1940,168812,flicker
10.1978,169159,flicker
10.2019,168484,flicker
10.2060,168508,flicker
10.2100,168609,flicker
10.2140,169352,flicker
10.2181,169108,flicker
10.2223,169142,flicker
10.2279,168570,flicker
10.2304,169035,flicker
10.2345,169054,flicker
10.2388,169180,flicker
10.2437,169004,flicker
10.2470,168679,flicker
10.2510,168545,flicker
10.2550,169363,flicker
10.2606,168272,flicker
10.2632,169277,flicker
10.2673,168522,flicker
10.2714,169116,flicker
10.2756,169074,flicker
10.2796,169418,flicker
10.2837,168813,flicker
10.2878,168381,flicker
10.2889,16,flicker
10.2926,9603,flicker
10.2941,1684,flicker
10.2961,52,flicker
10.2970,168891,flicker
10.3002,169387,flicker
10.3042,168380,flicker
10.3095,169546,flicker
10.3125,169108,flicker
10.3166,169398,flicker
10.3207,168899,flicker
10.3248,168393,flicker
10.3288,169039,flicker
10.3329,169025,flicker
10.3370,168610,flicker
10.3416,168952,flicker
10.3453,168814,flicker
10.3494,169223,flicker
10.3534,168836,flicker
10.3575,68917,flicker
10.3618,168986,flicker
10.3657,168479,flicker
10.3698,169669,flicker
10.3739,6,flicker
10.3791,169018,flicker
10.3822,168537,flicker
10.3862,168451,flicker
10.3902,69027,flicker
10.3946,168980,flicker
10.3984,168914,flicker
10.4025,169083,flicker
10.4086,182,flicker
10.4115,168973,flicker
10.4149,169124,flicker
10.4163,1,flicker
10.4189,69056,flicker
10.4192,1695,flicker
10.4230,23,flicker
10.4243,169008,flicker
10.4279,169936,flicker
10.4312,168701,flicker
10.4353,168996,flicker
10.4394,169333,flicker
10.4434,168603,flicker
10.4475,169858,flicker
10.4516,168449,flicker
10.4559,169196,flicker
10.4598,168827,flicker
10.4639,168844,flicker
10.4680,169309,flicker
10.4721,168981,flicker
10.4763,168432,flicker
10.4803,169318,flicker
10.4844,168807,flicker
10.4888,168959,flicker
10.4933,168423,flicker
10.4966,169501,flicker
10.5007,169322,flicker
10.5049,168563,flicker
10.5096,169034,flicker
10.5130,168728,flicker
10.5171,168823,flicker
10.5212,169495,flicker
10.5254,169135,flicker
10.5296,169108,flicker
10.5337,169022,flicker
10.5377,169036,flicker
10.5431,169538,flicker
10.5445,1,flicker
10.5460,68453,flicker
10.5474,1691,flicker
10.5499,94,flicker
10.5504,168909,flicker
10.5540,168499,flicker
10.5582,169416,flicker
10.5622,168986,flicker
10.5663,168842,flicker
10.5704,168876,flicker
10.5749,169517,flicker
10.5786,169285,flicker
10.5827,169032,flicker
10.5868,168652,flicker
10.5914,6,flicker
10.5955,168815,flicker
10.5992,168996,flicker
10.6032,168513,flicker
10.6073,6886,flicker
10.6124,169412,flicker
10.6156,169141,flicker
10.6196,168888,flicker
10.6246,6932,flicker
10.6285,168894,flicker
10.6319,168910,flicker
10.6360,169108,flicker
10.6442,168666,flicker
10.6483,168561,flicker
10.6524,168471,flicker
10.6567,16814,flicker
10.6619,169129,flicker
10.6652,168740,flicker
10.6688,168891,flicker
10.6729,169170,flicker
10.6732,168,flicker
10.6774,589,flicker
10.6782,169304,flicker
10.6810,169572,flicker
10.6851,169113,flicker
10.6892,168685,flicker
10.6933,168888,flicker
10.6981,169182,flicker
10.7015,168817,flicker
10.7056,168791,flicker
10.7097,168944,flicker
10.7138,168686,flicker
10.7179,168895,flicker
10.7220,169007,flicker
10.7261,168262,flicker
10.7301,168951,flicker
10.7342,168675,flicker
10.7384,168914,flicker
10.7427,169185,flicker
10.7468,168124,flicker
10.7506,169212,flicker
10.7548,169373,flicker
10.7596,169341,flicker
10.7630,168842,flicker
10.7671,168522,flicker
10.7711,169131,flicker
10.7762,169263,flicker
10.7793,169059,flicker
10.7834,168746,flicker
10.7875,168891,flicker
10.7920,169416,flicker
10.7957,169429,flicker
10.7998,168592,flicker
10.8009,169,flicker
10.8039,121,flicker
10.8048,16835,flicker
10.8090,1,flicker
10.8096,169202,flicker
10.8122,168989,flicker
10.8162,168638,flicker
10.8203,169045,flicker
10.8251,168314,flicker
10.8285,169822,flicker
10.8325,168788,flicker
10.8366,169119,flicker
10.8408,92,flicker
10.8452,168740,flicker
10.8500,169101,flicker
10.8531,169054,flicker
10.8620,168655,flicker
10.8653,168970,flicker
10.8694,169542,flicker
10.8736,2,flicker
10.8778,169079,flicker
10.8818,168856,flicker
10.8858,169232,flicker
10.8911,694,flicker
10.8949,169582,flicker
10.8982,169004,flicker
10.9023,169229,flicker
10.9074,168177,flicker
10.9106,168983,flicker
10.9158,169068,flicker
10.9185,168723,flicker
10.9263,169061,flicker
10.9268,168213,flicker
10.9273,16,flicker
10.9335,9030,flicker
10.9343,16921,flicker
10.9349,2,flicker
10.9350,169111,flicker
10.9390,168984,flicker
10.9431,168859,flicker
10.9472,169826,flicker
10.9513,169029,flicker
10.9556,168672,flicker
10.9596,169183,flicker
10.9636,169189,flicker
10.9677,169500,flicker
10.9718,169113,flicker
10.9762,168980,flicker
10.9800,169071,flicker
10.9841,168680,flicker
10.9882,169013,flicker
10.9927,168996,flicker
10.9964,169017,flicker
11.0005,169079,flicker
11.0047,169139,flicker
11.0095,169056,flicker
11.0128,168438,flicker
11.0169,169278,flicker
11.0209,168677,flicker
11.0255,168559,flicker
11.0291,168778,flicker
11.0332,168642,flicker
11.0373,168885,flicker
11.0427,168991,flicker
11.0455,168746,flicker
11.0496,169169,flicker
11.0537,168706,flicker
11.0549,1,flicker
11.0578,9765,flicker
11.0593,1689 ,flicker
11.0661,168916,flicker
11.0662,169362,flicker
11.0701,168833,flicker
11.0756,169331,flicker
11.0783,169327,flicker
11.0824,169317,flicker
11.0865,168909,flicker
11.0906,68992,flicker
11.0970,169069,flicker
11.0988,169576,flicker
11.1029,168864,flicker
11.1078,68509,flicker
11.1130,169130,flicker
11.1153,168977,flicker
11.1193,169131,flicker
11.1234,6918,flicker
11.1283,168913,flicker
11.1319,168352,flicker
11.1356,168999,flicker
11.1399,169647,flicker
11.1439,168821,flicker
11.1480,169239,flicker
11.1521,169211,flicker
11.1562,169149,flicker
11.1604,169251,flicker
11.1644,169794,flicker
11.1685,168690,flicker
11.1726,168197,flicker
11.1766,169033,flicker
11.1807,169283,flicker
11.1817,1,flicker
11.1849,69191,flicker
11.1857,1686,flicker
11.1890,67,flicker
11.1896,169146,flicker
11.1939,169509,flicker
11.1972,169029,flicker
11.2012,169293,flicker
11.2053,168638,flicker
11.2094,168839,flicker
11.2134,169369,flicker
11.2175,169131,flicker
11.2217,169356,flicker
11.2259,168674,flicker
11.2300,169247,flicker
11.2340,168333,flicker
11.2383,168644,flicker
11.2432,168975,flicker
11.2463,168318,flicker
11.2504,169031,flicker
11.2544,168914,flicker
11.2588,168592,flicker
11.2627,168628,flicker
11.2668,168620,flicker
11.2708,169085,flicker
11.2752,168426,flicker
11.2791,169438,flicker
11.2832,169052,flicker
11.2872,168697,flicker
11.2916,168908,flicker
11.2955,168778,flicker
11.2996,168908,flicker
11.3036,169342,flicker
11.3097,6,flicker
11.3125,9690,flicker
11.3135,1693,flicker
11.3161,26,flicker
11.3185,169020,flicker
11.3200,168855,flicker
11.3241,68320,flicker
11.3283,169106,flicker
11.3331,168886,flicker
11.3364,168623,flicker
11.3405,168515,flicker
11.3446,169149,flicker
11.3487,169287,flicker
11.3527,168770,flicker
11.3568,68785,flicker
11.3623,684,flicker
11.3654,168815,flicker
11.3691,169877,flicker
11.3738,168464,flicker
11.3774,8,flicker
11.3815,168820,flicker
11.3856,169036,flicker
11.3899,169337,flicker
11.3942,168951,flicker
11.3979,168662,flicker
11.4019,168998,flicker
11.4060,168595,flicker
11.4101,169510,flicker
11.4142,169157,flicker
11.4183,169127,flicker
11.4224,169122,flicker
11.4274,169014,flicker
11.4306,169359,flicker
11.4347,168549,flicker
11.4359,1,flicker
11.4388,69286,flicker
11.4397,169,flicker
11.4429,375,flicker
11.4439,168895,flicker
11.4470,169296,flicker
11.4511,168946,flicker
11.4552,169245,flicker
11.4605,169029,flicker
11.4634,168614,flicker
11.4676,169618,flicker
11.4716,168974,flicker
11.4756,169328,flicker
11.4797,169467,flicker
11.4837,168797,flicker
11.4879,169426,flicker
11.4926,169075,flicker
11.4963,169130,flicker
11.5003,168949,flicker
11.5043,168851,flicker
11.5086,169166,flicker
11.5124,168394,flicker
11.5165,169255,flicker
11.5206,169255,flicker
11.5250,169033,flicker
11.5291,169448,flicker
11.5331,168114,flicker
11.5370,169365,flicker
11.5425,169062,flicker
11.5452,168914,flicker
11.5493,169749,flicker
11.5534,168589,flicker
11.5589,169514,flicker
11.5616,169301,flicker
11.5657,168632,flicker
11.5664,169,flicker
11.5699,183,flicker
11.5706,169265,flicker
11.5742,7,flicker
11.5783,169194,flicker
11.5823,169355,flicker
11.5864,169503,flicker
11.5904,69,flicker
11.5968,169080,flicker
11.5985,169399,flicker
11.6026,168605,flicker
11.6081,674,flicker
11.6108,168918,flicker
11.6150,169590,flicker
11.6190,169481,flicker
11.6236,168971,flicker
11.6272,168329,flicker
11.6312,168725,flicker
11.6356,169291,flicker
11.6396,168924,flicker
11.6438,169183,flicker
11.6478,169086,flicker
11.6519,169097,flicker
11.6559,169020,flicker
11.6599,169446,flicker
11.6640,169203,flicker
11.6681,169029,flicker
11.6724,168933,flicker
11.6765,169114,flicker
11.6805,169169,flicker
11.6846,168876,flicker
11.6887,168802,flicker
11.6931,168654,flicker
11.6944,16,flicker
11.6969,9221,flicker
11.6976,16908,flicker
11.7010,3,flicker
11.7010,169462,flicker
11.7051,168781,flicker
11.7092,168941,flicker
11.7132,169124,flicker
11.7173,169290,flicker
11.7214,169024,flicker
11.7255,168621,flicker
11.7296,168368,flicker
11.7337,168541,flicker
11.7379,168595,flicker
11.7425,168893,flicker
11.7459,169075,flicker
11.7500,169103,flicker
11.7543,169213,flicker
11.7582,169454,flicker
11.7623,169184,flicker
11.7664,167891,flicker
11.7705,169367,flicker
11.7752,169250,flicker
11.7788,169104,flicker
11.7829,169007,flicker
11.7869,168545,flicker
11.7922,169457,flicker
11.7951,168798,flicker
11.7991,169200,flicker
11.8032,169345,flicker
11.8088,16,flicker
11.8115,169660,flicker
11.8156,168876,flicker
11.8197,169226,flicker
11.8206,16,flicker
11.8238,8885,flicker
11.8245,1688,flicker
11.8280,39,flicker
11.8283,169776,flicker
11.8321,168685,flicker
11.8361,168787,flicker
11.8408,68,flicker
11.8446,168406,flicker
11.8485,169026,flicker
11.8524,169184,flicker
11.8567,169111,flicker
11.8606,169802,flicker
11.8647,169093,flicker
11.8688,169980,flicker
11.8733,646,flicker
11.8774,169377,flicker
11.8811,169260,flicker
11.8852,168768,flicker
11.8893,6969,flicker
11.8937,169306,flicker
11.8982,169305,flicker
11.9015,168889,flicker
11.9057,169050,flicker
11.9097,169298,flicker
11.9140,169136,flicker
11.9180,169579,flicker
11.9220,169022,flicker
11.9268,169361,flicker
11.9302,168868,flicker
11.9343,169139,flicker
11.9384,169192,flicker
11.9425,169232,flicker
11.9466,168883,flicker
11.9480,1,flicker
11.9508,69071,flicker
11.9519,1688,flicker
11.9549,19,flicker
11.9569,168985,flicker
11.9589,169443,flicker
11.9630,168351,flicker
11.9671,169524,flicker
11.9712,168695,flicker
11.9756,169461,rest
11.9795,169208,rest
11.9837,168892,rest
11.9876,169540,rest
11.9923,168427,rest
11.9961,168952,rest
11.9999,169448,rest
12.0040,169148,rest
12.0090,169339,rest
12.0121,168831,rest
12.0162,169124,rest
12.0203,169107,rest
12.0247,169422,rest
12.0285,169535,rest
12.0326,169065,rest
12.0367,169000,rest
12.0419,169298,rest
12.0449,169559,rest
12.0490,169504,rest
12.0531,169115,rest
12.0576,169126,rest
12.0613,168959,rest
12.0654,169306,rest
12.0695,168834,rest
12.0747,168585,rest
12.0762,1,rest
12.0777,69405,rest
12.0791,1692,rest
12.0818,30,rest
12.0820,168967,rest
12.0860,169364,rest
12.0901,69490,rest
12.0953,169261,rest
12.0983,169266,rest
12.1024,169106,rest
12.1075,659,rest
12.1113,168740,rest
12.1146,168936,rest
12.1187,169026,rest
12.1227,69165,rest
12.1271,168981,rest
12.1309,168374,rest
12.1353,168896,rest
12.1405,698,rest
12.1445,169304,rest
12.1474,168236,rest
12.1515,168919,rest
12.1575,169227,rest
12.1596,169313,rest
12.1637,168923,rest
12.1678,168706,rest
12.1719,168466,rest
12.1760,169344,rest
12.1801,168748,rest
12.1842,169136,rest
12.1884,168897,rest
12.1924,168796,rest
12.1964,169514,rest
12.2006,169318,rest
12.2021,1,rest
12.2050,69040,rest
12.2070,1689,rest
12.2088,74,rest
12.2089,168874,rest
12.2129,169232,rest
12.2170,169211,rest
12.2212,168558,rest
12.2251,168329,rest
12.2292,169603,rest
12.2333,169219,rest
12.2374,168610,rest
12.2420,169197,rest
12.2456,168699,rest
12.2497,169097,rest
12.2540,169202,rest
12.2638,169142,rest
12.2662,168582,rest
12.2704,169477,rest
12.2748,169132,rest
12.2784,169200,rest
12.2824,169319,rest
12.2866,168370,rest
12.2921,69,rest
12.2963,169325,rest
12.2989,168902,rest
12.3029,168680,rest
12.3071,68466,rest
12.3118,169428,rest
12.3154,168577,rest
12.3194,169180,rest
12.3237,168965,rest
12.3275,168050,rest
12.3316,169912,rest
12.3326,168,rest
12.3357,847,rest
12.3368,169196,rest
12.3403,168716,rest
12.3440,168404,rest
12.3481,169551,rest
12.3522,168438,rest
12.3562,68573,rest
12.3609,169380,rest
12.3645,168840,rest
12.3685,169254,rest
12.3740,168774,rest
12.3767,169292,rest
12.3807,169356,rest
12.3849,168412,rest
12.3891,169527,rest
12.3931,168516,rest
12.3972,169028,rest
12.4013,169003,rest
12.4054,169436,rest
12.4103,169191,rest
12.4136,168793,rest
12.4177,169057,rest
12.4219,169318,rest
12.4258,168397,rest
12.4299,169423,rest
12.4340,169314,rest
12.4382,168933,rest
12.4426,168827,rest
12.4463,169104,rest
12.4504,169391,rest
12.4546,168858,rest
12.4591,169716,rest
12.4612,16,rest
12.4627,9214,rest
12.4642,16873,rest
12.4668,3,rest
12.4669,168895,rest
12.4709,168545,rest
12.4755,168936,rest
12.4792,169145,rest
12.4832,168779,rest
12.4873,169386,rest
12.4921,168068,rest
12.4956,169214,rest
12.4996,169160,rest
12.5037,169034,rest
12.5079,169469,rest
12.5119,168338,rest
12.5159,168927,rest
12.5200,169593,rest
12.5243,168519,rest
12.5282,169254,rest
12.5323,168716,rest
12.5364,169123,rest
12.5406,639,rest
12.5451,168532,rest
12.5495,169089,rest
12.5528,168535,rest
12.5574,169108,rest
12.5612,169026,rest
12.5652,168551,rest
12.5692,169313,rest
12.5734,68686,rest
12.5779,169511,rest
12.5819,168779,rest
12.5864,168577,rest
12.5868,16,rest
12.5898,41,rest
12.5909,8,rest
12.5937,6,rest
12.5938,169010,rest
12.5979,168714,rest
12.6019,168889,rest
12.6073,67,rest
12.6110,168268,rest
12.6155,169079,rest
12.6184,168944,rest
12.6225,689,rest
12.6265,168638,rest
12.6316,168683,rest
12.6347,169144,rest
12.6389,183,rest
12.6430,168983,rest
12.6480,168867,rest
12.6519,168833,rest
12.6552,168689,rest
12.6602,169129,rest
12.6634,168830,rest
12.6675,168781,rest
12.6716,168536,rest
12.6757,169341,rest
12.6799,169333,rest
12.6840,169013,rest
12.6880,168334,rest
12.6925,168654,rest
12.6962,168647,rest
12.7003,168547,rest
12.7045,168856,rest
12.7091,168402,rest
12.7126,169263,rest
12.7138,16,rest
12.7167,8946,rest
12.7167,16907,rest
12.7207,0,rest
12.7229,168791,rest
12.7251,168040,rest
12.7289,168776,rest
12.7330,169404,rest
12.7372,169265,rest
12.7416,169141,rest
12.7454,168700,rest
12.7494,168575,rest
12.7538,168755,rest
12.7584,168960,rest
12.7617,168782,rest
12.7658,168709,rest
12.7699,169558,rest
12.7743,169565,rest
12.7781,168863,rest
12.7822,169205,rest
12.7863,168644,rest
12.7916,168995,rest
12.7945,169583,rest
12.7985,168938,rest
12.8027,168839,rest
12.8069,623,rest
12.8110,169500,rest
12.8150,169175,rest
12.8190,168873,rest
12.8241,169200,rest
12.8272,168726,rest
12.8313,169785,rest
12.8354,169023,rest
12.8412,6913,rest
12.8438,8703,rest
12.8449,1684,rest
12.8477,65,rest
12.8489,169666,rest
12.8519,168708,rest
12.8561,169021,rest
12.8601,169594,rest
12.8642,168680,rest
12.8682,169922,rest
12.8731,631,rest
12.8770,169587,rest
12.8805,169211,rest
12.8846,169099,rest
12.8888,169254,rest
12.8928,168467,rest
12.8969,169018,rest
12.9009,169154,rest
12.9051,168590,rest
12.9091,169327,rest
12.9132,169002,rest
12.9173,168757,rest
12.9214,168916,rest
12.9262,169087,rest
12.9323,168893,rest
12.9337,169229,rest
12.9379,169518,rest
12.9427,169274,rest
12.9460,168946,rest
12.9501,169492,rest
12.9542,168315,rest
12.9583,169755,rest
12.9624,169061,rest
12.9665,168834,rest
12.9677,1,rest
12.9706,69746,rest
12.9717,1689,rest
12.9750,41,rest
12.9766,168877,rest
12.9788,168881,rest
12.9829,168652,rest
12.9870,169190,rest
12.9912,168006,rest
12.9953,169311,rest
12.9993,168593,rest
13.0033,169080,rest
13.0081,168809,rest
13.0115,169002,rest
13.0156,169235,rest
13.0198,168868,rest
13.0241,168934,rest
13.0279,169071,rest
13.0320,168721,rest
13.0361,169109,rest
13.0407,169375,rest
13.0443,168877,rest
13.0486,169512,rest
13.0526,168690,rest
13.0571,169158,rest
13.0607,168771,rest
13.0648,168793,rest
13.0689,169350,rest
13.0741,168866,rest
13.0771,168633,rest
13.0811,169047,rest
13.0852,169070,rest
13.0894,68654,rest
13.0961,168758,rest
13.0977,169112,rest
13.0991,168,rest
13.1017,841,rest
13.1021,168898,rest
13.1058,168908,rest
13.1099,168333,rest
13.1139,168528,rest
13.1180,168951,rest
13.1222,168791,rest
13.1262,168406,rest
13.1303,168719,rest
13.1344,168503,rest
13.1386,169256,rest
13.1429,168438,rest
13.1468,168211,rest
13.1509,168897,rest
13.1549,168889,rest
13.1601,168387,rest
13.1631,169615,rest
13.1672,168073,rest
13.1713,168867,rest
13.1755,168553,rest
13.1796,169052,rest
13.1836,168654,rest
13.1877,168336,rest
13.1919,168572,rest
13.1959,168591,rest
13.1999,168988,rest
13.2041,169034,rest
13.2082,168601,rest
13.2122,168680,rest
13.2163,168786,rest
13.2206,169152,rest
13.2248,169293,rest
13.2262,167,rest
13.2286,777,rest
13.2292,168610,rest
13.2327,169124,rest
13.2368,168711,rest
13.2410,168952,rest
13.2451,168722,rest
13.2491,169284,rest
13.2536,168952,rest
13.2573,169195,rest
13.2614,169057,rest
13.2655,168518,rest
13.2696,168399,rest
13.2740,168864,rest
13.2779,169729,rest
13.2819,169620,rest
13.2860,168526,rest
13.2911,168812,rest
13.2943,168995,rest
13.2982,168631,rest
13.3023,169347,rest
13.3072,168267,rest
13.3105,169368,rest
13.3146,168763,rest
13.3187,169012,rest
13.3229,69022,rest
13.3276,168598,rest
13.3310,169236,rest
13.3351,168983,rest
13.3400,169464,rest
13.3434,169151,rest
13.3475,167967,rest
13.3516,169424,rest
13.3523,168,rest
13.3557,16,rest
13.3562,169402,rest
13.3598,168875,rest
13.3647,168719,rest
13.3679,169501,rest
13.3771,169053,rest
13.3803,169285,rest
13.3843,168485,rest
13.3893,9,rest
13.3937,169151,rest
13.3975,169043,rest
13.4008,168775,rest
13.4048,169054,rest
13.4094,169137,rest
13.4129,168506,rest
13.4170,169341,rest
13.4216,1693,rest
13.4263,169224,rest
13.4293,169694,rest
13.4334,168480,rest
13.4375,168966,rest
13.4416,169002,rest
13.4457,168973,rest
13.4498,169130,rest
13.4539,168339,rest
13.4581,168368,rest
13.4621,169239,rest
13.4662,168746,rest
13.4704,169198,rest
13.4744,169282,rest
13.4785,169319,rest
13.4786,16,rest
13.4827,8833,rest
13.4840,16857,rest
13.4867,4,rest
13.4868,168663,rest
13.4914,168798,rest
13.4949,168764,rest
13.4989,169232,rest
13.5031,168466,rest
13.5082,169084,rest
13.5114,169033,rest
13.5155,169123,rest
13.5194,169356,rest
13.5236,169326,rest
13.5276,169245,rest
13.5317,168723,rest
13.5358,168751,rest
13.5401,169153,rest
13.5441,168878,rest
13.5482,168975,rest
13.5522,168728,rest
13.5573,169205,rest
13.5606,168836,rest
13.5646,169339,rest
13.5686,168925,rest
13.5731,168397,rest
13.5769,169161,rest
13.5810,168757,rest
13.5851,169148,rest
13.5900,168523,rest
13.5933,168623,rest
13.5973,169106,rest
13.6014,169155,rest
13.6070,6,rest
13.6120,507,rest
13.6126,1687,rest
13.6136,60,rest
13.6146,168919,rest
13.6177,168965,rest
13.6230,69001,rest
13.6259,168350,rest
13.6308,168750,rest
13.6345,169229,rest
13.6384,7,rest
13.6429,169393,rest
13.6464,168820,rest
13.6515,168660,rest
13.6550,168878,rest
13.6595,169092,rest
13.6629,169266,rest
13.6670,168564,rest
13.6710,168862,rest
13.6761,168973,rest
13.6792,169771,rest
13.6832,169475,rest
13.6875,168333,rest
13.6917,168707,rest
13.6957,168532,rest
13.6997,168774,rest
13.7039,169053,rest
13.7087,168810,rest
13.7119,168631,rest
13.7160,168730,rest
13.7202,169056,rest
13.7248,169029,rest
13.7283,168558,rest
13.7324,169178,rest
13.7339,1,rest
13.7366,68721,rest
13.7387,1690,rest
13.7410,92,rest
13.7428,168782,rest
13.7447,168993,rest
13.7489,169206,rest
13.7529,168976,rest
13.7577,169127,rest
13.7611,169334,rest
13.7653,168571,rest
13.7693,168925,rest
13.7745,168898,rest
13.7776,169409,rest
13.7818,169281,rest
13.7857,168950,rest
13.7907,169000,rest
13.7940,168643,rest
13.7980,168997,rest
13.8020,168591,rest
13.8062,68339,rest
13.8129,169266,rest
13.8153,169212,rest
13.8185,169093,rest
13.8227,688,rest
13.8309,169409,rest
13.8351,169057,rest
13.8393,168765,rest
13.8434,694,rest
13.8480,168823,rest
13.8517,169374,rest
13.8561,168695,rest
13.8595,689,rest
13.8616,1,rest
13.8646,9511,rest
13.8677,038,rest
13.8687,169465,rest
13.8724,168590,rest
13.8769,168723,rest
13.8799,169249,rest
13.8841,168887,rest
13.8886,1928,rest
13.8929,168477,rest
13.8965,169072,rest
13.9010,169294,rest
13.9065,187,rest
13.9089,169246,rest
13.9126,168496,rest
13.9173,169276,rest
13.9211,169417,rest
13.9260,168905,rest
13.9291,169008,rest
13.9331,169315,rest
13.9373,168662,rest
13.9416,168947,rest
13.9454,168862,rest
13.9495,168946,rest
13.9537,168410,rest
13.9577,168958,rest
13.9619,168927,rest
13.9660,168680,rest
13.9700,168894,rest
13.9750,168776,rest
13.9782,169001,rest
13.9822,169326,rest
13.9864,168914,rest
13.9916,169204,rest
13.9924,168,rest
13.9946,356,rest
13.9949,169375,rest
13.9987,169123,rest
14.0029,169118,rest
14.0079,169576,rest
14.0110,169181,rest
14.0150,168854,rest
14.0191,169387,rest
14.0232,168769,rest
14.0274,169251,rest
14.0315,168654,rest
14.0356,169261,rest
14.0408,169300,rest
14.0437,169215,rest
14.0478,169422,rest
14.0519,168800,rest
14.0568,168976,rest
14.0606,169155,rest
14.0642,169321,rest
14.0683,169155,rest
14.0731,168670,rest
14.0766,169078,rest
14.0806,169074,rest
14.0847,168888,rest
14.0889,6897,rest
14.0930,863,rest
14.0969,168652,rest
14.1010,168989,rest
14.1053,169062,rest
14.1094,168913,rest
14.1133,168750,rest
14.1174,169163,rest
14.1183,169,rest
14.1223,90169,rest
14.1257,168868,rest
14.1304,169090,rest
14.1341,169358,rest
14.1380,168967,rest
14.1421,169037,rest
14.1461,168702,rest
14.1502,168203,rest
14.1544,168911,rest
14.1586,168399,rest
14.1626,169174,rest
14.1666,168505,rest
14.1707,168657,rest
14.1756,169157,rest
14.1789,169382,rest
14.1829,168899,rest
14.1871,168534,rest
14.1912,168679,rest
14.1952,168835,rest
14.1993,168573,rest
14.2035,168676,rest
14.2084,168548,rest
14.2117,169159,rest
14.2158,169022,rest
14.2201,169325,rest
14.2239,169660,rest
14.2280,168558,rest
14.2321,169074,rest
14.2362,169082,rest
14.2404,169558,rest
14.2444,169448,rest
14.2459,16,rest
14.2486,8722,rest
14.2499,16894,rest
14.2527,8,rest
14.2529,168898,rest
14.2575,169043,rest
14.2608,169277,rest
14.2649,167909,rest
14.2689,169482,rest
14.2746,168688,rest
14.2773,169175,rest
14.2814,169403,rest
14.2854,168643,rest
14.2904,169675,rest
14.2935,168953,rest
14.2976,169077,rest
14.3017,169378,rest
14.3060,168861,rest
14.3103,169183,rest
14.3141,168952,rest
14.3182,168266,rest
14.3224,6933,rest
14.3271,168389,rest
14.3324,169616,rest
14.3346,169118,rest
14.3394,169687,rest
14.3427,169247,rest
14.3468,168510,rest
14.3509,169864,rest
14.3567,690,rest
14.3600,169284,rest
14.3636,169276,rest
14.3673,168691,rest
14.3715,169718,rest
14.3727,6,rest
14.3766,588,rest
14.3777,1690,rest
14.3799,36,rest
14.3805,169891,rest
14.3837,168853,rest
14.3878,69264,rest
14.3921,169267,rest
14.3961,169228,rest
14.4012,169515,rest
14.4042,168398,rest
14.4087,169481,rest
14.4123,168851,rest
14.4164,169006,rest
14.4206,169334,rest
14.4253,168586,rest
14.4288,169281,rest
14.4328,168912,rest
14.4369,169029,rest
14.4411,168859,rest
14.4452,168961,rest
14.4494,169106,rest
14.4535,168718,rest
14.4574,169006,rest
14.4615,168941,rest
14.4656,168166,rest
14.4697,169057,rest
14.4746,168613,rest
14.4779,169294,rest
14.4819,169231,rest
14.4862,169352,rest
14.4902,168862,rest
14.4944,168472,rest
14.4985,169060,rest
14.4993,1,rest
14.5026,68885,rest
14.5032,1684,rest
14.5078,80,rest
14.5092,169393,rest
14.5107,168610,rest
14.5148,168913,rest
14.5188,168973,rest
14.5232,169139,rest
14.5270,168774,rest
14.5311,168505,rest
14.5352,169389,rest
14.5401,168953,rest
14.5434,169196,rest
14.5475,168994,rest
14.5516,168338,rest
14.5557,168801,rest
14.5598,169502,rest
14.5639,168874,rest
14.5679,169083,rest
14.5739,6,rest
14.5768,169162,rest
14.5803,169467,rest
14.5843,168944,rest
14.5899,169062,rest
14.5926,168894,rest
14.5966,168932,rest
14.6007,169611,rest
14.6049,69101,rest
14.6096,169024,rest
14.6131,168704,rest
14.6171,169154,rest
14.6213,614,rest
14.6255,168791,rest
14.6268,1,rest
14.6302,68586,rest
14.6310,1690,rest
14.6336,40,rest
14.6358,169387,rest
14.6377,6960,rest
14.6417,168967,rest
14.6459,168876,rest
14.6500,168479,rest
14.6542,1646,rest
14.6587,169192,rest
14.6629,169329,rest
14.6664,168516,rest
14.6704,169008,rest
14.6747,169246,rest
14.6786,169064,rest
14.6826,168932,rest
14.6868,168517,rest
14.6913,169131,rest
14.6950,168986,rest
14.6990,168838,rest
14.7033,168863,rest
14.7080,168463,rest
14.7113,169140,rest
14.7154,169110,rest
14.7195,169248,rest
14.7244,168516,rest
14.7277,168326,rest
14.7318,168698,rest
14.7359,169180,rest
14.7402,169001,rest
14.7441,168907,rest
14.7482,168412,rest
14.7523,169093,rest
14.7534,1,rest
14.7570,68969,rest
14.7575,1689,rest
14.7605,93,rest
14.7615,169180,rest
14.7646,168380,rest
14.7687,169106,rest
14.7731,168917,rest
14.7769,168724,rest
14.7809,168684,rest
14.7851,167877,rest
14.7909,6,rest
14.7948,168468,rest
14.7978,169719,rest
14.8016,169499,rest
14.8058,168345,rest
14.8097,169479,rest
14.8137,168936,rest
14.8179,169062,rest
14.8233,169363,rest
14.8261,168591,rest
14.8302,169762,rest
14.8342,169089,rest
14.8384,69,rest
14.8425,169162,rest
14.8465,168733,rest
14.8506,168943,rest
14.8559,687,rest
14.8597,168615,rest
14.8638,168869,rest
14.8669,168572,rest
14.8711,59,rest
14.8757,169132,rest
14.8794,169276,rest
14.8835,169102,rest
14.8837,169,rest
14.8888,269514,rest
14.8920,169119,rest
14.8958,168779,rest
14.9002,169908,rest
14.9039,168934,rest
14.9083,170029,rest
14.9120,168995,rest
14.9161,169579,rest
14.9203,169101,rest
14.9243,169160,rest
14.9284,169421,rest
14.9325,169093,rest
14.9366,168911,rest
14.9407,169352,rest
14.9448,169121,rest
14.9489,169518,rest
14.9530,169070,rest
14.9577,169464,rest
14.9612,169296,rest
14.9653,169365,rest
14.9695,169490,rest
14.9742,169114,rest
14.9776,169160,rest
14.9817,169165,rest
14.9859,169575,rest
14.9901,169255,rest
14.9939,169177,rest
14.9980,169054,rest
15.0023,168952,rest
15.0065,168617,rest
15.0105,169052,rest
15.0114,16,rest
15.0145,9078,rest
15.0153,168687,rest
15.0185,168974,rest
15.0230,169485,rest
15.0267,169778,rest
15.0308,168976,rest
15.0349,169133,rest
15.0402,169695,rest
15.0433,169557,rest
15.0473,169403,rest
15.0513,168960,rest
15.0554,169571,rest
15.0595,169537,rest
15.0636,169040,rest
15.0677,169417,rest
15.0729,168575,rest
15.0759,168439,rest
15.0799,168994,rest
15.0840,168741,rest
15.0883,69356,rest
15.0929,168848,rest
15.0972,169024,rest
15.1006,169361,rest
15.1054,169144,rest
15.1093,169507,rest
15.1140,168943,rest
15.1181,169376,rest
15.1210,82,rest
15.1250,169040,rest
15.1292,168418,rest
15.1333,168931,rest
15.1374,699,rest
15.1382,6,rest
15.1415,9371,rest
15.1430,16901,rest
15.1455,5,rest
15.1455,168719,rest
15.1496,169325,rest
15.1537,168565,rest
15.1581,169145,rest
15.1619,168926,rest
15.1659,168501,rest
15.1701,169052,rest
15.1742,169132,rest
15.1784,168765,rest
15.1824,169333,rest
15.1865,168330,rest
15.1906,169095,rest
15.1946,169015,rest
15.1987,169181,rest
15.2030,168831,rest
15.2069,168604,rest
15.2110,169136,rest
15.2151,168678,rest
15.2192,169679,rest
15.2233,169138,rest
15.2274,168726,rest
15.2315,169362,rest
15.2356,169321,rest
15.2398,169355,rest
15.2438,169696,rest
15.2479,168562,rest
15.2521,169074,rest
15.2561,168974,rest
15.2602,168737,rest
15.2643,169002,rest
15.2644,16,rest
15.2684,8445,rest
15.2696,1695,rest
15.2727,52,rest
15.2744,168812,rest
15.2766,168938,rest
15.2806,169633,rest
15.2847,168351,rest
15.2893,169601,rest
15.2930,169246,rest
15.2971,169090,rest
15.3011,168809,rest
15.3068,6,rest
15.3100,169008,rest
15.3141,169115,rest
15.3175,169128,rest
15.3222,168941,rest
15.3258,168453,rest
15.3299,169737,rest
15.3339,168981,rest
15.3385,169444,rest
15.3425,169725,rest
15.3463,168535,rest
15.3503,169659,rest
15.3562,6,rest
15.3616,168986,rest
15.3627,169249,rest
15.3668,168291,rest
15.3709,7,rest
15.3751,169430,rest
15.3792,169103,rest
15.3832,169195,rest
15.3872,682,rest
15.3914,169300,rest
15.3928,1,rest
15.3957,68612,rest
15.3965,1695,rest
15.3995,53,rest
15.4006,169199,rest
15.4051,168851,rest
15.4076,169600,rest
15.4117,168941,rest
15.4158,169063,rest
15.4199,169156,rest
15.4241,168866,rest
15.4284,169321,rest
15.4323,168996,rest
15.4364,169550,rest
15.4406,168924,rest
15.4445,168754,rest
15.4486,169266,rest
15.4527,168885,rest
15.4571,168952,rest
15.4609,169553,rest
15.4650,168604,rest
15.4691,169356,rest
15.4744,168692,rest
15.4774,168670,rest
15.4814,169504,rest
15.4855,169126,rest
15.4897,169199,rest
15.4939,168697,rest
15.4978,169198,rest
15.5019,169426,rest
15.5064,168404,rest
15.5106,169426,rest
15.5143,168868,rest
15.5183,169051,rest
15.5201,1,rest
15.5225,69046,rest
15.5233,1691,rest
15.5265,36,rest
15.5282,169413,rest
15.5305,169053,rest
15.5346,168960,rest
15.5387,169452,rest
15.5429,169102,rest
15.5470,169611,rest
15.5510,168618,rest
15.5603,168740,rest
15.5633,169048,rest
15.5675,169325,rest
15.5716,97,rest
15.5758,168987,rest
15.5797,169554,rest
15.5856,169306,rest
15.5884,169208,rest
15.5919,168961,rest
15.5963,1690,rest
15.6020,168796,rest
15.6058,169180,rest
15.6083,68749,rest
15.6125,168741,rest
15.6166,169201,rest
15.6209,169034,rest
15.6248,169141,rest
15.6297,168799,rest
15.6329,168919,rest
15.6371,168635,rest
15.6414,168672,rest
15.6453,169225,rest
15.6467,1,rest
15.6493,68884,rest
15.6495,169,rest
15.6534,243,rest
15.6546,168627,rest
15.6575,169327,rest
15.6616,168971,rest
15.6657,168793,rest
15.6699,168828,rest
15.6739,168891,rest
15.6779,169294,rest
15.6820,169355,rest
15.6862,168468,rest
15.6902,168382,rest
15.6943,169041,rest
15.6984,168959,rest
15.7025,168714,rest
15.7066,169138,rest
15.7107,168696,rest
15.7148,169277,rest
15.7190,168861,rest
15.7230,169191,rest
15.7271,168640,rest
15.7312,169003,rest
15.7354,169526,rest
15.7395,169443,rest
15.7435,168888,rest
15.7476,168480,rest
15.7519,169653,rest
15.7558,168625,rest
15.7599,168907,rest
15.7640,168875,rest
15.7681,168296,rest
15.7729,169578,rest
15.7763,169271,rest
15.7772,169,rest
15.7804,504,rest
15.7813,169255,rest
15.7845,168600,rest
15.7899,169936,rest
15.7926,169029,rest
15.7967,169321,rest
15.8009,168994,rest
15.8053,168504,rest
15.8091,169271,rest
15.8131,168533,rest
15.8172,169522,rest
15.8213,69074,rest
15.8258,169121,rest
15.8295,169326,rest
15.8336,169173,rest
15.8378,69024,rest
15.8420,169269,rest
15.8461,168345,rest
15.8501,169701,rest
15.8543,169202,rest
15.8582,169567,rest
15.8623,169196,rest
15.8663,168570,rest
15.8723,694,rest
15.8748,168771,rest
15.8788,169216,rest
15.8828,168480,rest
15.8880,16,rest
15.8913,169259,rest
15.8952,169475,rest
15.8992,168776,rest
15.9033,169397,rest
15.9045,1,rest
15.9075,802,rest
15.9102,16966,rest
15.9117,8,rest
15.9118,168579,rest
15.9155,169168,rest
15.9197,168968,rest
15.9242,169122,rest
15.9279,169314,rest
15.9319,169139,rest
15.9360,169031,rest
15.9401,169252,rest
15.9442,168764,rest
15.9483,170068,rest
15.9526,168600,rest
15.9573,169250,rest
15.9606,169135,rest
15.9647,168804,rest
15.9688,169241,rest
15.9731,169360,rest
15.9772,168602,rest
15.9811,169339,rest
15.9852,169271,rest
15.9892,169561,rest
15.9933,169194,rest
15.9974,168741,rest
16.0015,169574,rest
16.0058,169197,rest
16.0097,169549,rest
16.0139,169048,rest
16.0180,168737,rest
16.0228,168981,rest
16.0262,169264,rest
16.0303,169122,rest
16.0312,16,rest
16.0343,8853,rest
16.0351,1690,rest
16.0396,35,rest
16.0398,169206,rest
16.0426,169071,rest
16.0467,168951,rest
16.0507,169290,rest
16.0557,169401,rest
16.0589,169603,rest
16.0630,168673,rest
16.0670,169324,rest
16.0715,168843,rest
16.0754,169703,rest
16.0795,169076,rest
16.0835,169757,rest
16.0880,691,rest
16.0923,168290,rest
16.0959,169141,rest
16.1000,169311,rest
16.1056,63,rest
16.1085,168925,rest
16.1122,168636,rest
16.1163,169396,rest
16.1218,689,rest
16.1246,169315,rest
16.1286,169062,rest
16.1326,169028,rest
16.1367,168897,rest
16.1409,168710,rest
16.1449,169088,rest
16.1490,168951,rest
16.1532,168998,rest
16.1572,169226,rest
16.1575,1,rest
16.1613,68708,rest
16.1615,1697,rest
16.1654,71,rest
16.1655,168280,rest
16.1695,169228,rest
16.1736,168733,rest
16.1777,169844,rest
16.1818,168926,rest
16.1859,168469,rest
16.1900,168718,rest
16.1940,169444,rest
16.1981,168972,rest
16.2023,168921,rest
16.2067,168417,rest
16.2104,168648,rest
16.2145,168704,rest
16.2186,168973,rest
16.2230,169418,rest
16.2268,168579,rest
16.2309,169118,rest
16.2350,168719,rest
16.2391,168761,rest
16.2432,169240,rest
16.2473,168264,rest
16.2514,169139,rest
16.2557,169502,rest
16.2597,168895,rest
16.2638,168953,rest
16.2678,168791,rest
16.2725,169258,rest
16.2761,169250,rest
16.2801,169157,rest
16.2841,169073,rest
16.2851,1,rest
16.2885,68971,rest
16.2901,1693,rest
16.2924,07,rest
16.2931,169240,rest
16.2965,169410,rest
16.3005,169399,rest
16.3054,168730,rest
16.3087,169745,rest
16.3129,168614,rest
16.3169,169236,rest
16.3223,169268,rest
16.3251,169038,rest
16.3292,169331,rest
16.3333,168679,rest
16.3375,69391,rest
16.3416,169511,rest
16.3458,168706,rest
16.3499,170085,rest
16.3540,169117,rest
16.3579,169423,rest
16.3620,169071,rest
16.3660,169021,rest
16.3702,169551,rest
16.3742,169052,rest
16.3783,169223,rest
16.3824,169180,rest
16.3866,169196,rest
16.3906,169373,rest
16.3947,168879,rest
16.3989,169301,rest
16.4029,168983,rest
16.4072,168237,rest
16.4111,169325,rest
16.4125,1,rest
16.4153,68394,rest
16.4154,1695,rest
16.4193,12,rest
16.4205,168846,rest
16.4235,168568,rest
16.4275,169625,rest
16.4316,168831,rest
16.4357,169409,rest
16.4398,168884,rest
16.4440,168598,rest
16.4480,169532,rest
16.4521,168679,rest
16.4564,169307,rest
16.4603,169321,rest
16.4644,169417,rest
16.4685,169643,rest
16.4728,168986,rest
16.4767,169119,rest
16.4808,169031,rest
16.4849,169020,rest
16.4894,168945,rest
16.4930,168910,rest
16.4971,169454,rest
16.5013,169047,rest
16.5062,169504,rest
16.5094,169219,rest
16.5135,169182,rest
16.5176,169167,rest
16.5218,6862,rest
16.5258,169622,rest
16.5300,169551,rest
16.5340,168171,rest
16.5385,169029,rest
16.5423,169188,rest
16.5441,168,rest
16.5463,734,rest
16.5470,169135,rest
16.5504,169547,rest
16.5547,168864,rest
16.5586,169377,rest
16.5627,169132,rest
16.5668,169181,rest
16.5710,6931,rest
16.5759,169461,rest
16.5792,169240,rest
16.5833,169264,rest
16.5875,169459,rest
16.5914,169148,rest
16.5954,169239,rest
16.5995,168978,rest
16.6051,169311,rest
16.6078,169469,rest
16.6119,168938,rest
16.6159,169375,rest
16.6201,629,rest
16.6267,169319,rest
16.6285,168840,rest
16.6323,169013,rest
16.6365,83,rest
16.6407,169297,rest
16.6453,169082,rest
16.6488,168743,rest
16.6528,168975,rest
16.6570,169443,rest
16.6610,169627,rest
16.6652,169222,rest
16.6693,169319,rest
16.6705,169,rest
16.6734,006,rest
16.6745,168973,rest
16.6774,168839,rest
16.6815,169621,rest
16.6857,168773,rest
16.6897,168861,rest
16.6938,168810,rest
16.6980,169609,rest
16.7020,169202,rest
16.7066,168719,rest
16.7101,168769,rest
16.7142,169309,rest
16.7184,169308,rest
16.7228,168880,rest
16.7266,168397,rest
16.7306,169258,rest
16.7348,168925,rest
16.7388,169390,rest
16.7429,169457,rest
16.7470,168596,rest
16.7511,169302,rest
16.7557,169094,rest
16.7593,168955,rest
16.7633,168935,rest
16.7675,168637,rest
16.7726,169357,rest
16.7756,168893,rest
16.7797,168960,rest
16.7839,169399,rest
16.7881,168729,rest
16.7921,169265,rest
16.7961,168803,rest
16.7973,169,rest
16.8002,647,rest
16.8018,16906,rest
16.8048,1,rest
16.8049,168913,rest
16.8084,168996,rest
16.8125,168973,rest
16.8166,169133,rest
16.8208,57,rest
16.8258,168544,rest
16.8295,169743,rest
16.8332,168483,rest
16.8382,169531,rest
16.8412,169134,rest
16.8453,168496,rest
16.8494,169778,rest
16.8548,68,rest
16.8590,169239,rest
16.8617,169865,rest
16.8658,169136,rest
16.8708,67,rest
16.8741,169311,rest
16.8781,168816,rest
16.8822,169410,rest
16.8863,69470,rest
16.8909,169785,rest
16.8958,168619,rest
16.8986,168896,rest
16.9043,6884,rest
16.9069,168919,rest
16.9114,169630,rest
16.9150,169012,rest
16.9191,168932,rest
16.9232,168972,rest
16.9242,16,rest
16.9272,8806,rest
16.9282,16899,rest
16.9314,0,rest
16.9315,169064,rest
16.9354,169347,rest
16.9395,169160,rest
16.9436,168949,rest
16.9476,169638,rest
16.9518,168435,rest
16.9559,168872,rest
16.9599,169131,rest
16.9640,168955,rest
16.9682,169715,rest
16.9726,168518,rest
16.9764,169367,rest
16.9805,169510,rest
16.9846,168903,rest
16.9887,169384,rest
16.9927,169114,rest
16.9968,168872,rest
17.0010,169048,rest
17.0055,169398,rest
17.0091,169247,rest
17.0132,169063,rest
17.0176,169111,rest
17.0219,169299,rest
17.0255,168741,rest
17.0296,169214,rest
17.0337,168775,rest
17.0384,169335,rest
17.0419,168884,rest
17.0460,169093,rest
17.0501,169254,rest
17.0506,16,rest
17.0542,569,rest
17.0544,16944,rest
17.0593,4,rest
17.0594,169423,rest
17.0633,168694,rest
17.0664,169443,rest
17.0713,169121,rest
17.0747,168904,rest
17.0788,168943,rest
17.0830,169037,rest
17.0877,6500,rest
17.0916,168953,rest
17.0952,169303,rest
17.0992,168806,rest
17.1034,69067,rest
17.1085,169171,rest
17.1124,169480,rest
17.1158,168873,rest
17.1212,6920,rest
17.1239,169045,rest
17.1279,168627,rest
17.1320,168889,rest
17.1364,169295,rest
17.1412,169170,rest
17.1443,169462,rest
17.1484,168266,rest
17.1529,16880,rest
17.1578,168774,rest
17.1607,169778,rest
17.1648,169349,rest
17.1689,168601,rest
17.1730,169595,rest
17.1771,169176,rest
17.1779,1,rest
17.1812,69162,rest
17.1820,1691,rest
17.1853,63,rest
17.1860,169199,rest
17.1903,168915,rest
17.1936,169411,rest
17.1976,169512,rest
17.2017,168711,rest
17.2057,168866,rest
17.2099,169211,rest
17.2139,169007,rest
17.2180,169241,rest
17.2221,168489,rest
17.2262,168596,rest
17.2303,169026,rest
17.2345,168601,rest
17.2387,169437,rest
17.2427,168985,rest
17.2468,168531,rest
17.2509,168935,rest
17.2553,169293,rest
17.2590,168361,rest
17.2630,169345,rest
17.2672,168557,rest
17.2718,169044,rest
17.2756,169299,rest
17.2796,169294,rest
17.2836,168934,rest
17.2888,168653,rest
17.2917,169654,rest
17.2959,169153,rest
17.2999,168790,rest
17.3045,169234,rest
17.3063,1,rest
17.3081,68871,rest
17.3092,168,rest
17.3122,957,rest
17.3133,169028,rest
17.3164,169031,rest
17.3219,6,rest
17.3247,168741,rest
17.3286,169869,rest
17.3327,169258,rest
17.3369,69201,rest
17.3428,168899,rest
17.3452,168629,rest
17.3492,169859,rest
17.3533,6990,rest
17.3573,169000,rest
17.3614,169347,rest
17.3655,168972,rest
17.3696,69312,rest
17.3746,168883,rest
17.3779,169113,rest
17.3825,169567,rest
17.3873,60,rest
17.3912,169521,rest
17.3941,169604,rest
17.3984,169259,rest
17.4024,169832,rest
17.4065,168753,rest
17.4105,170308,rest
17.4147,169105,rest
17.4200,1,rest
17.4236,169183,rest
17.4269,169071,rest
17.4315,169946,rest
17.4356,168904,rest
17.4377,168,rest
17.4393,955,rest
17.4400,168831,rest
17.4435,168355,rest
17.4475,169373,rest
17.4515,168388,rest
17.4565,169628,rest
17.4597,168763,rest
17.4638,169065,rest
17.4679,169571,rest
17.4727,168644,rest
17.4760,169339,rest
17.4801,169321,rest
17.4843,168396,rest
17.4887,169606,rest
17.4924,169354,rest
17.4965,169368,rest
17.5007,169037,rest
17.5049,168759,rest
17.5090,169681,rest
17.5130,168736,rest
17.5171,168872,rest
17.5214,169215,rest
17.5254,169015,rest
17.5293,169540,rest
17.5334,168737,rest
17.5379,168895,rest
17.5416,168565,rest
17.5457,168417,rest
17.5498,169007,rest
17.5542,169090,rest
17.5581,169170,rest
17.5621,169183,rest
17.5623,169,rest
17.5662,261,rest
17.5663,169404,rest
17.5703,169129,rest
17.5748,169102,rest
17.5784,169316,rest
17.5825,169327,rest
17.5880,168180,rest
17.5907,168921,rest
17.5949,169182,rest
17.5989,168930,rest
17.6030,168968,rest
17.6072,169303,rest
17.6113,168987,rest
17.6153,169071,rest
17.6195,692,rest
17.6257,168786,rest
17.6285,169183,rest
17.6318,168368,rest
17.6370,686,rest
17.6400,169295,rest
17.6457,168721,rest
17.6481,168676,rest
17.6529,1692,rest
17.6563,168496,rest
17.6627,169439,rest
17.6645,169413,rest
17.6701,16860,rest
17.6729,168984,rest
17.6770,169471,rest
17.6809,169403,rest
17.6849,169594,rest
17.6891,168950,rest
17.6910,168,rest
17.6931,722,rest
17.6940,16921,rest
17.6972,1,rest
17.6973,169249,rest
17.7014,168847,rest
17.7056,168514,rest
17.7095,169468,rest
17.7136,169137,rest
17.7178,168749,rest
17.7219,169216,rest
17.7260,168708,rest
17.7301,169275,rest
17.7341,169010,rest
17.7384,169609,rest
17.7424,169378,rest
17.7465,168641,rest
17.7506,168989,rest
17.7547,169737,rest
17.7587,169519,rest
17.7627,169526,rest
17.7669,168775,rest
17.7711,169363,rest
17.7751,169029,rest
17.7791,169458,rest
17.7832,169290,rest
17.7874,699,rest
17.7920,169309,rest
17.7963,169142,rest
17.8002,169275,rest
17.8039,6373,rest
17.8079,168912,rest
17.8129,169728,rest
17.8160,169212,rest
17.8169,16,rest
17.8202,9097,rest
17.8220,16948,rest
17.8242,6,rest
17.8242,168757,rest
17.8283,169424,rest
17.8324,168982,rest
17.8370,169215,rest
17.8407,169204,rest
17.8448,168641,rest
17.8489,169720,rest
17.8529,6883,rest
17.8572,168806,rest
17.8611,168542,rest
17.8665,168583,rest
17.8710,3,rest
17.8738,168747,rest
17.8781,169225,rest
17.8817,168994,rest
17.8857,63,rest
17.8897,169603,rest
17.8940,168599,rest
17.8979,168747,rest
17.9023,169350,rest
17.9063,169095,rest
17.9108,169390,rest
17.9144,168905,rest
17.9185,168564,rest
17.9225,168735,rest
17.9267,169058,rest
17.9307,169556,rest
17.9348,169001,rest
17.9389,169261,rest
17.9430,169377,rest
17.9431,1,rest
17.9471,68700,rest
17.9482,1690,rest
17.9512,62,rest
17.9531,168723,rest
17.9555,168885,rest
17.9596,169378,rest
17.9636,169502,rest
17.9677,169337,rest
17.9718,169683,rest
17.9758,168787,rest
17.9799,169365,rest
17.9840,169100,rest
17.9882,169429,rest
17.9921,168772,rest
17.9962,169916,rest
18.0004,168925,rest
18.0053,169213,rest
18.0085,169825,rest
18.0126,168946,rest
18.0167,169264,rest
18.0212,169456,rest
18.0249,169220,rest
18.0290,169340,rest
18.0331,168816,rest
18.0378,169104,rest
18.0413,169440,rest
18.0455,168661,rest
18.0495,169082,rest
18.0541,168393,rest
18.0577,169032,rest
18.0617,168689,rest
18.0659,169617,rest
18.0712,169059,rest
18.0716,1,rest
18.0742,69104,rest
18.0746,1687,rest
18.0782,13,rest
18.0785,169364,rest
18.0824,169316,rest
18.0877,6926,rest
18.0906,169233,rest
18.0955,169106,rest
18.0986,169507,rest
18.1028,168904,rest
18.1072,169024,rest
18.1110,168951,rest
18.1151,169380,rest
18.1203,63,rest
18.1243,169132,rest
18.1290,169066,rest
18.1318,169434,rest
18.1362,875,rest
18.1397,168346,rest
18.1448,168496,rest
18.1485,168530,rest
18.1520,662,rest
18.1560,169442,rest
18.1602,169309,rest
18.1648,169228,rest
18.1685,168536,rest
18.1724,6800,rest
18.1768,168635,rest
18.1806,169351,rest
18.1847,169448,rest
18.1889,168983,rest
18.1930,169294,rest
18.1969,169107,rest
18.1971,1,rest
18.2010,69329,rest
18.2016,1693,rest
18.2053,07,rest
18.2057,168314,rest
18.2093,169317,rest
18.2133,169323,rest
18.2176,168949,rest
18.2224,169120,rest
18.2256,168744,rest
18.2297,169211,rest
18.2338,168714,rest
18.2379,169044,rest
18.2420,168847,rest
18.2460,167967,rest
18.2502,169008,rest
18.2550,169317,rest
18.2584,169225,rest
18.2625,168907,rest
18.2666,168396,rest
18.2708,16838,rest
18.2750,168880,rest
18.2789,169351,rest
18.2829,168724,rest
18.2884,168632,rest
18.2911,169076,rest
18.2952,169305,rest
18.2993,169382,rest
18.3038,169515,rest
18.3077,168869,rest
18.3118,169249,rest
18.3157,168838,rest
18.3200,658,rest
18.3239,169677,rest
18.3242,1,rest
18.3282,68514,rest
18.3293,169,rest
18.3322,283,rest
18.3332,169303,rest
18.3373,196,rest
18.3408,169492,rest
18.3454,169004,rest
18.3486,169340,rest
18.3526,6932,rest
18.3570,169127,rest
18.3614,169321,rest
18.3658,169084,rest
18.3691,169311,rest
18.3732,169320,rest
18.3771,169403,rest
18.3812,169191,rest
18.3868,168493,rest
18.3897,169458,rest
18.3936,169074,rest
18.3977,169278,rest
18.4017,69154,rest
18.4059,168756,rest
18.4107,169191,rest
18.4164,168930,rest
18.4182,168849,rest
18.4230,169456,rest
18.4264,168700,rest
18.4305,169884,rest
18.4345,169365,rest
18.4386,169471,rest
18.4437,169461,rest
18.4468,168333,rest
18.4509,169160,rest
18.4552,168933,rest
18.4564,168,rest
18.4591,810,rest
18.4592,169935,rest
18.4632,168993,rest
18.4673,169828,rest
18.4723,168725,rest
18.4754,169541,rest
18.4795,169438,rest
18.4837,169236,rest
18.4883,169204,rest
18.4919,168843,rest
18.4960,169313,rest
18.5002,169354,rest
18.5047,169005,rest
18.5083,169348,rest
18.5124,168949,rest
18.5165,168616,rest
18.5208,169381,rest
18.5246,168468,rest
18.5287,169092,rest
18.5328,169106,rest
18.5379,16907,rest
18.5415,168956,rest
18.5452,168342,rest
18.5491,168909,rest
18.5547,168851,rest
18.5575,169310,rest
18.5616,169078,rest
18.5655,168874,rest
18.5698,6962,rest
18.5741,169559,rest
18.5780,169014,rest
18.5820,169308,rest
18.5839,16,rest
18.5875,9163,rest
18.5890,16951,rest
18.5901,7,rest
18.5902,169237,rest
18.5943,168569,rest
18.5984,169458,rest
18.6039,168801,rest
18.6065,169423,rest
18.6106,168953,rest
18.6147,169177,rest
18.6189,6982,rest
18.6243,169511,rest
18.6274,169074,rest
18.6316,168510,rest
18.6354,8,rest
18.6393,169087,rest
18.6437,169047,rest
18.6483,168666,rest
18.6533,169306,rest
18.6557,168952,rest
18.6597,169703,rest
18.6639,168767,rest
18.6680,168429,rest
18.6720,168258,rest
18.6761,169183,rest
18.6802,168766,rest
18.6845,168989,rest
18.6887,169238,rest
18.6926,168348,rest
18.6967,168964,rest
18.7009,169211,rest
18.7051,169549,rest
18.7090,168696,rest
18.7101,16,rest
18.7131,8796,rest
18.7141,16925,rest
18.7172,6,rest
18.7181,169126,rest
18.7212,169250,rest
18.7254,168856,rest
18.7295,168652,rest
18.7336,169492,rest
18.7377,169031,rest
18.7417,169167,rest
18.7458,168019,rest
18.7499,169473,rest
18.7544,169056,rest
18.7584,169338,rest
18.7622,169540,rest
18.7663,168372,rest
18.7704,169226,rest
18.7746,168977,rest
18.7786,169166,rest
18.7828,168756,rest
18.7882,168644,rest
18.7909,169136,rest
18.7949,169039,rest
18.7990,168938,rest
18.8037,169195,rest
18.8077,168492,rest
18.8114,169195,rest
18.8155,169223,rest
18.8206,7000,rest
18.8245,169974,rest
18.8293,168949,rest
18.8318,169582,rest
18.8364,699,rest
18.8406,9364,rest
18.8424,1692,rest
18.8445,86,rest
18.8465,168786,rest
18.8486,170330,rest
18.8537,6936,rest
18.8564,169570,rest
18.8617,169094,rest
18.8664,168393,rest
18.8687,169073,rest
18.8735,168918,rest
18.8769,168995,rest
18.8810,169527,rest
18.8907,170013,rest
18.8932,169110,rest
18.8975,169268,rest
18.9016,169377,rest
18.9061,168921,rest
18.9100,169030,rest
18.9137,168726,rest
18.9181,187,rest
18.9223,169144,rest
18.9266,168868,rest
18.9316,169373,rest
18.9342,168913,rest
18.9388,169025,rest
18.9424,169792,rest
18.9465,168668,rest
18.9506,169468,rest
18.9554,169605,rest
18.9588,168844,rest
18.9629,169290,rest
18.9640,1,rest
18.9671,69096,rest
18.9679,1689,rest
18.9716,94,rest
18.9719,168819,rest
18.9753,169248,rest
18.9793,169343,rest
18.9834,169087,rest
18.9884,169929,rest
18.9915,169031,rest
18.9956,169083,rest
18.9999,169511,rest
19.0042,168942,rest
19.0079,169064,rest
19.0120,168987,rest
19.0162,169588,rest
19.0211,168681,rest
19.0244,169284,rest
19.0285,168735,rest
19.0325,168897,rest
19.0370,168769,rest
19.0407,170029,rest
19.0448,168959,rest
19.0488,169364,rest
19.0531,168261,rest
19.0571,168922,rest
19.0611,169329,rest
19.0652,169557,rest
19.0715,6916,rest
19.0736,168780,rest
19.0777,168924,rest
19.0824,169315,rest
19.0875,9,rest
19.0907,169593,rest
19.0915,1,rest
19.0945,68741,rest
19.0964,169,rest
19.0980,104,rest
19.0992,169095,rest
19.1024,168975,rest
19.1062,168892,rest
19.1103,168473,rest
19.1144,168638,rest
19.1185,69664,rest
19.1228,169379,rest
19.1281,168681,rest
19.1309,168839,rest
19.1349,169399,rest
19.1399,169162,rest
19.1430,169448,rest
19.1472,168653,rest
19.1513,168907,rest
19.1557,168714,rest
19.1597,169331,rest
19.1637,168648,rest
19.1678,169095,rest
19.1718,169024,rest
19.1758,169082,rest
19.1800,169263,rest
19.1841,169011,rest
19.1882,169173,rest
19.1923,169272,rest
19.1964,169121,rest
19.2005,169451,rest
19.2046,168707,rest
19.2086,168739,rest
19.2127,168935,rest
19.2169,168933,rest
19.2210,169268,rest
19.2235,169,rest
19.2250,212,rest
19.2257,168508,rest
19.2291,168820,rest
19.2333,168810,rest
19.2384,169149,rest
19.2414,168987,rest
19.2454,168705,rest
19.2496,169460,rest
19.2538,168630,rest
19.2579,169374,rest
19.2619,169164,rest
19.2660,168958,rest
19.2712,169152,rest
19.2741,168521,rest
19.2782,169176,rest
19.2823,168795,rest
19.2867,168310,rest
19.2908,169376,rest
19.2947,168790,rest
19.2987,169293,rest
19.3035,168760,rest
19.3073,168559,rest
19.3111,169738,rest
19.3152,168980,rest
19.3193,169014,rest
19.3235,169092,rest
19.3276,168257,rest
19.3315,168952,rest
19.3356,68448,rest
19.3397,169160,rest
19.3439,168696,rest
19.3480,168998,rest
19.3502,169,rest
19.3534,251686,rest
19.3568,169128,rest
19.3611,169145,rest
19.3667,168430,rest
19.3684,169530,rest
19.3734,168571,rest
19.3765,168872,rest
19.3806,168921,rest
19.3854,664,rest
19.3896,169292,rest
19.3929,168806,rest
19.3970,169298,rest
19.4027,69502,rest
19.4070,168243,rest
19.4099,169119,rest
19.4134,169255,rest
19.4176,169366,rest
19.4219,169367,rest
19.4257,169651,rest
19.4298,169425,rest
19.4340,168471,rest
19.4381,168914,rest
19.4423,169022,rest
19.4465,168581,rest
19.4503,169448,rest
19.4552,169063,rest
19.4585,169375,rest
19.4626,169255,rest
19.4668,168635,rest
19.4716,169702,rest
19.4749,168808,rest
19.4756,16,rest
19.4790,8381,rest
19.4797,16954,rest
19.4831,0,rest
19.4832,168480,rest
19.4872,169426,rest
19.4914,169137,rest
19.4953,169112,rest
19.4995,168919,rest
19.5038,169629,rest
19.5077,168777,rest
19.5118,168608,rest
19.5159,168818,rest
19.5200,169063,rest
19.5241,169130,rest
19.5281,169154,rest
19.5322,169197,rest
19.5378,169295,rest
19.5405,168929,rest
19.5446,168757,rest
19.5486,169401,rest
19.5534,168426,rest
19.5575,169795,rest
19.5610,169105,rest
19.5650,169258,rest
19.5691,169058,rest
19.5734,169102,rest
19.5772,169247,rest
19.5814,169039,rest
19.5858,168746,rest
19.5899,169330,rest
19.5937,169078,rest
19.5978,168670,rest
19.6020,168980,rest
19.6035,16,rest
19.6059,9321,rest
19.6067,16877,rest
19.6101,4,rest
19.6101,168961,rest
19.6141,168896,rest
19.6227,169329,rest
19.6269,168802,rest
19.6305,168714,rest
19.6347,1688,rest
19.6390,169005,rest
19.6448,168941,rest
19.6475,169079,rest
19.6516,189,rest
19.6552,169224,rest
19.6603,169238,rest
19.6632,169109,rest
19.6674,662,rest
19.6717,168563,rest
19.6764,168582,rest
19.6803,168648,rest
19.6838,169568,rest
19.6879,168696,rest
19.6919,168607,rest
19.6960,168859,rest
19.7003,169214,rest
19.7043,169522,rest
19.7083,168616,rest
19.7124,169024,rest
19.7165,169211,rest
19.7208,168887,rest
19.7247,169383,rest
19.7289,168714,rest
19.7290,16,rest
19.7329,8578,rest
19.7342,16923,rest
19.7373,8,rest
19.7374,169290,rest
19.7411,169185,rest
19.7451,168737,rest
19.7493,169121,rest
19.7534,168964,rest
19.7574,169097,rest
19.7615,169173,rest
19.7658,168292,rest
19.7709,168939,rest
19.7739,168880,rest
19.7779,169007,rest
19.7820,169577,rest
19.7867,168754,rest
19.7902,168936,rest
19.7943,169070,rest
19.7984,169219,rest
19.8031,168825,rest
19.8066,168614,rest
19.8107,169960,rest
19.8148,168854,rest
19.8202,169095,rest
19.8231,168874,rest
19.8272,168794,rest
19.8313,169192,rest
19.8361,168457,rest
19.8394,168475,rest
19.8434,169310,rest
19.8476,168542,rest
19.8532,169649,rest
19.8558,168569,rest
19.8567,1,rest
19.8599,69072,rest
19.8606,1690,rest
19.8639,33,rest
19.8646,169288,rest
19.8685,169582,rest
19.8723,169154,rest
19.8763,168968,rest
19.8803,169451,rest
19.8844,69008,rest
19.8886,169301,rest
19.8931,169005,rest
19.8975,169025,rest
19.9022,184,rest
19.9057,168994,rest
19.9100,169344,rest
19.9138,168723,rest
19.9172,169083,rest
19.9213,6422,rest
19.9259,168727,rest
19.9295,168997,rest
19.9363,168618,rest
19.9377,168727,rest
19.9422,169390,rest
19.9459,168668,rest
19.9500,169061,rest
19.9542,169008,rest
19.9587,168737,rest
19.9622,169439,rest
19.9663,168550,rest
19.9714,169527,rest
19.9746,168674,rest
19.9787,169487,rest
19.9828,169267,rest
19.9831,1,rest
19.9876,68578,rest
19.9892,1693,rest
19.9910,29,rest
19.9922,168625,rest
19.9950,169461,rest
19.9991,169444,rest
20.0039,169145,rest
20.0073,169109,rest
20.0114,168916,rest
20.0156,169175,rest
20.0198,169275,rest
20.0241,168908,rest
20.0279,169453,rest
20.0319,168806,rest
20.0365,169290,rest
20.0402,168915,rest
20.0443,168816,rest
20.0483,169489,rest
20.0529,168811,rest
20.0565,169502,rest
20.0605,169146,rest
20.0647,168965,rest
20.0691,168916,rest
20.0729,169296,rest
20.0769,169254,rest
20.0811,169004,rest
20.0860,68,rest
20.0898,169955,rest
20.0933,169427,rest
20.0974,168783,rest
20.1037,6,rest
20.1080,169299,rest
20.1112,169044,rest
20.1139,168631,rest
20.1142,169,rest
20.1183,671906,rest
20.1224,169311,rest
20.1263,168685,rest
20.1303,168845,rest
20.1362,694,rest
20.1391,168967,rest
20.1434,169464,rest
20.1468,168438,rest
20.1555,168721,rest
20.1594,169131,rest
20.1634,169232,rest
20.1685,16870,rest
20.1721,169414,rest
20.1752,169227,rest
20.1793,169443,rest
20.1834,168736,rest
20.1875,169240,rest
20.1916,169317,rest
20.1957,168970,rest
20.1999,169512,rest
20.2039,169168,rest
20.2080,168807,rest
20.2121,169372,rest
20.2164,169118,rest
20.2214,168986,rest
20.2244,169078,rest
20.2285,168073,rest
20.2326,169155,rest
20.2378,169131,rest
20.2408,169687,rest
20.2419,169,rest
20.2449,313,rest
20.2458,169131,rest
20.2490,169316,rest
20.2532,168903,rest
20.2571,169360,rest
20.2613,169296,rest
20.2655,168606,rest
20.2695,169485,rest
20.2737,168934,rest
20.2778,169445,rest
20.2818,169138,rest
20.2864,168316,rest
20.2900,168845,rest
20.2941,168948,rest
20.2982,169178,rest
20.3023,169443,rest
20.3063,168462,rest
20.3104,169218,rest
20.3145,169449,rest
20.3200,169103,rest
20.3227,169287,rest
20.3268,169168,rest
20.3309,169153,rest
20.3357,169109,rest
20.3393,169314,rest
20.3433,169409,rest
20.3474,168699,rest
20.3528,169143,rest
20.3555,169837,rest
20.3595,169838,rest
20.3636,169768,rest
20.3679,687,rest
20.3686,16,rest
20.3729,9510,rest
20.3745,16889,rest
20.3760,6,rest
20.3761,168921,rest
20.3801,169936,rest
20.3854,66,rest
20.3890,169826,rest
20.3924,168892,rest
20.3964,169196,rest
20.4006,60,rest
20.4055,168889,rest
20.4094,169449,rest
20.4129,168872,rest
20.4170,16929,rest
20.4212,169213,rest
20.4255,169024,rest
20.4293,169590,rest
20.4333,169082,rest
20.4376,169472,rest
20.4417,169468,rest
20.4457,168491,rest
20.4497,169243,rest
20.4538,169780,rest
20.4579,169612,rest
20.4619,169368,rest
20.4661,169124,rest
20.4702,169414,rest
20.4742,168718,rest
20.4783,169408,rest
20.4825,168517,rest
20.4865,168919,rest
20.4906,169174,rest
20.4947,168892,rest
20.4948,16,rest
20.4989,9175,rest
20.4994,16950,rest
20.5030,9,rest
20.5032,169549,rest
20.5071,169649,rest
20.5111,168899,rest
20.5152,169218,rest
20.5203,169280,rest
20.5234,168775,rest
20.5275,169591,rest
20.5316,168863,rest
20.5360,169004,rest
20.5398,169395,rest
20.5440,168759,rest
20.5479,168962,rest
20.5526,168479,rest
20.5562,169390,rest
20.5603,168912,rest
20.5643,169100,rest
20.5685,169088,rest
20.5725,169204,rest
20.5766,169148,rest
20.5807,169412,rest
20.5852,169527,rest
20.5890,169045,rest
20.5931,169311,rest
20.5972,169012,rest
20.6018,169202,rest
20.6053,168706,rest
20.6094,168953,rest
20.6135,168611,rest
20.6177,25,rest
20.6233,169202,rest
20.6247,16,rest
20.6259,9004,rest
20.6271,1688,rest
20.6299,46,rest
20.6310,169189,rest
20.6355,168807,rest
20.6381,169602,rest
20.6421,168986,rest
20.6462,169040,rest
20.6515,6936,rest
20.6558,168488,rest
20.6586,169430,rest
20.6626,169218,rest
20.6667,169021,rest
20.6709,168866,rest
20.6749,169086,rest
20.6790,168643,rest
20.6832,169030,rest
20.6872,169143,rest
20.6913,169015,rest
20.6954,168784,rest
20.6996,168563,rest
20.7036,169306,rest
20.7077,168277,rest
20.7118,169238,rest
20.7161,168960,rest
20.7201,169532,rest
20.7242,169265,rest
20.7283,168575,rest
20.7323,169420,rest
20.7365,169056,rest
20.7405,169283,rest
20.7446,169342,rest
20.7489,168506,rest
20.7496,1,rest
20.7531,69263,rest
20.7538,1689,rest
20.7568,79,rest
20.7577,168797,rest
20.7610,169430,rest
20.7650,168986,rest
20.7702,169534,rest
20.7733,169285,rest
20.7773,169794,rest
20.7814,168622,rest
20.7857,168411,rest
20.7900,169327,rest
20.7937,169484,rest
20.7978,169563,rest
20.8024,169146,rest
20.8060,168969,rest
20.8101,169826,rest
20.8142,168945,rest
20.8183,69277,rest
20.8253,169084,rest
20.8265,168718,rest
20.8306,169878,rest
20.8351,169415,rest
20.8388,168840,rest
20.8429,168415,rest
20.8470,169347,rest
20.8511,69741,rest
20.8585,169181,rest
20.8603,169162,rest
20.8636,168913,rest
20.8675,694,rest
20.8716,169597,rest
20.8758,169207,rest
20.8763,1,rest
20.8799,69085,rest
20.8805,1691,rest
20.8840,51,rest
20.8852,168506,rest
20.8884,169577,rest
20.8921,168933,rest
20.8962,168831,rest
20.9003,692,rest
20.9043,69366,rest
20.9089,169702,rest
20.9125,169178,rest
20.9167,169511,rest
20.9208,169732,rest
20.9250,168786,rest
20.9296,169499,rest
20.9330,168690,rest
20.9378,168522,rest
20.9415,169709,rest
20.9454,168738,rest
20.9494,169312,rest
20.9534,168545,rest
20.9579,169559,rest
20.9618,169450,rest
20.9658,168880,rest
20.9700,169453,rest
20.9741,168801,rest
20.9780,169289,rest
20.9822,169260,rest
20.9869,169113,rest
20.9903,169230,rest
20.9944,169179,rest
20.9986,169287,rest
21.0035,169163,rest
21.0050,1,rest
21.0067,69599,rest
21.0080,170,rest
21.0108,390,rest
21.0120,169209,rest
21.0150,169437,rest
21.0192,170068,rest
21.0231,168911,rest
21.0272,170110,rest
21.0313,168727,rest
21.0363,169712,rest
21.0395,169433,rest
21.0436,169570,rest
21.0476,169653,rest
21.0532,681,rest
21.0560,168724,rest
21.0600,169091,rest
21.0641,169255,rest
21.0682,169527,rest
21.0723,169122,rest
21.0763,169227,rest
21.0804,169549,rest
21.0853,169461,rest
21.0886,168860,rest
21.0927,168884,rest
21.0969,169402,rest
21.1010,694,rest
21.1061,169141,rest
21.1091,169147,rest
21.1132,169581,rest
21.1178,169391,rest
21.1214,169260,rest
21.1255,169151,rest
21.1296,169400,rest
21.1338,68888,rest
21.1351,19,rest
21.1384,89,rest
21.1391,169366,rest
21.1422,169180,rest
21.1461,169143,rest
21.1514,690,rest
21.1546,168819,rest
21.1582,169312,rest
21.1623,168879,rest
21.1706,168886,rest
21.1748,168963,rest
21.1787,169855,rest
21.1829,169046,rest
21.1878,168727,rest
21.1910,168379,rest
21.1951,168852,rest
21.1992,169196,rest
21.2035,168850,rest
21.2076,168737,rest
21.2116,169053,rest
21.2157,169109,rest
21.2197,169211,rest
21.2238,169819,rest
21.2279,168207,rest
21.2321,168812,rest
21.2369,168864,rest
21.2402,169768,rest
21.2443,168694,rest
21.2484,168666,rest
21.2525,169304,rest
21.2574,169051,rest
21.2607,169677,rest
21.2610,16,rest
21.2648,9254,rest
21.2650,16862,rest
21.2688,2,rest
21.2689,168895,rest
21.2736,168987,rest
21.2773,169291,rest
21.2811,169452,rest
21.2858,168923,rest
21.2893,169530,rest
21.2934,169041,rest
21.2975,169334,rest
21.3019,169336,rest
21.3059,168920,rest
21.3099,169780,rest
21.3139,168710,rest
21.3192,6914,rest
21.3227,169169,rest
21.3267,168258,rest
21.3303,169263,rest
21.3349,169007,rest
21.3385,168988,rest
21.3431,169280,rest
21.3467,168863,rest
21.3510,6891,rest
21.3557,168863,rest
21.3591,168941,rest
21.3631,169533,rest
21.3672,68760,rest
21.3719,169612,rest
21.3764,169003,rest
21.3807,168916,rest
21.3853,169,rest
21.3885,168812,rest
21.3902,16,rest
21.3917,9066,rest
21.3942,16896,rest
21.3958,1,rest
21.3959,168790,rest
21.4041,169173,rest
21.4087,169688,rest
21.4123,168712,rest
21.4175,63,rest
21.4218,169661,rest
21.4247,169113,rest
21.4286,169362,rest
21.4327,169140,rest
21.4369,169547,rest
21.4408,169480,rest
21.4449,168900,rest
21.4491,169554,rest
21.4532,169039,rest
21.4572,169083,rest
21.4613,169460,rest
21.4655,169414,rest
21.4699,169689,rest
21.4738,168455,rest
21.4778,169550,rest
21.4820,169341,rest
21.4861,169350,rest
21.4901,169141,rest
21.4942,169017,rest
21.4983,169123,rest
21.5029,169210,rest
21.5064,169386,rest
21.5105,169186,rest
21.5146,169206,rest
21.5166,16,rest
21.5200,9370,rest
21.5215,16900,rest
21.5229,8,rest
21.5236,168504,rest
21.5270,169283,rest
21.5313,169257,rest
21.5351,169033,rest
21.5392,169322,rest
21.5432,168628,rest
21.5473,169546,rest
21.5517,168706,rest
21.5556,168901,rest
21.5596,169319,rest
21.5637,169016,rest
21.5682,169462,rest
21.5720,168914,rest
21.5761,169543,rest
21.5801,169149,rest
21.5850,169253,rest
21.5883,169516,rest
21.5924,169156,rest
21.5965,169348,rest
21.6019,691,rest
21.6053,169460,rest
21.6090,168930,rest
21.6129,168702,rest
21.6171,61,rest
21.6211,168753,rest
21.6256,169369,rest
21.6293,169269,rest
21.6336,6932,rest
21.6379,169087,rest
21.6417,169114,rest
21.6428,1,rest
21.6457,69451,rest
21.6467,1688,rest
21.6498,4,rest
21.6507,169506 ,rest
21.6548,169461,rest
21.6581,169492,rest
21.6622,168616,rest
21.6661,168628,rest
21.6702,169136,rest
21.6743,168702,rest
21.6784,169192,rest
21.6827,169301,rest
21.6867,169220,rest
21.6907,168680,rest
21.6949,169293,rest
21.6990,169137,rest
21.7041,169177,rest
21.7071,168623,rest
21.7112,169493,rest
21.7154,169033,rest
21.7195,169349,rest
21.7236,168959,rest
21.7277,168264,rest
21.7317,168962,rest
21.7359,169173,rest
21.7399,169395,rest
21.7440,169634,rest
21.7481,169016,rest
21.7521,169336,rest
21.7563,169143,rest
21.7604,169467,rest
21.7645,168747,rest
21.7685,1,rest
21.7694,9103,rest
21.7706,1,rest
21.7729,69174,rest
21.7737,169,rest
21.7768,255,rest
21.7779,168765,rest
21.7809,168950,rest
21.7849,68408,rest
21.7911,169032,rest
21.7931,168842,rest
21.7972,168976,rest
21.8027,169287,rest
21.8054,168371,rest
21.8094,169597,rest
21.8136,168920,rest
21.8178,169068,rest
21.8218,169577,rest
21.8259,168321,rest
21.8299,169276,rest
21.8342,169302,rest
21.8381,169033,rest
21.8423,168800,rest
21.8464,168572,rest
21.8514,169497,rest
21.8546,168748,rest
21.8587,169216,rest
21.8628,169132,rest
21.8685,651,rest
21.8711,169320,rest
21.8750,169025,rest
21.8791,168866,rest
21.8833,68990,rest
21.8881,168460,rest
21.8915,169750,rest
21.8956,169026,rest
21.9001,169153,rest
21.9016,169,rest
21.9037,197,rest
21.9047,168466,rest
21.9078,169152,rest
21.9119,169136,rest
21.9160,169841,rest
21.9201,169705,rest
21.9242,169020,rest
21.9283,170022,rest
21.9324,168526,rest
21.9365,168976,rest
21.9406,169534,rest
21.9446,169752,rest
21.9488,169768,rest
21.9529,168596,rest
21.9569,169105,rest
21.9610,169077,rest
21.9652,168818,rest
21.9694,169170,rest
21.9733,168302,rest
21.9774,168731,rest
21.9816,169206,rest
21.9868,168583,flicker
21.9899,169131,flicker
21.9939,168891,flicker
21.9980,168755,flicker
22.0021,168878,flicker
22.0061,168381,flicker
22.0102,169489,flicker
22.0144,168449,flicker
22.0184,169240,flicker
22.0225,169231,flicker
22.0266,169082,flicker
22.0267,16,flicker
22.0307,9456,flicker
22.0329,16884,flicker
22.0348,9,flicker
22.0348,168537,flicker
22.0389,169258,flicker
22.0429,168710,flicker
22.0470,169200,flicker
22.0513,168255,flicker
22.0552,169399,flicker
22.0593,169825,flicker
22.0634,168967,flicker
22.0686,169566,flicker
22.0716,169284,flicker
22.0757,169153,flicker
22.0798,168791,flicker
22.0857,168789,flicker
22.0881,169833,flicker
22.0921,169079,flicker
22.0962,169597,flicker
22.1014,169307,flicker
22.1044,169035,flicker
22.1084,169457,flicker
22.1126,169017,flicker
22.1208,169504,flicker
22.1250,169182,flicker
22.1291,168647,flicker
22.1344,691,flicker
22.1382,168695,flicker
22.1413,169023,flicker
22.1454,169531,flicker
22.1503,1690,flicker
22.1547,168773,flicker
22.1552,16,flicker
22.1584,8956,flicker
22.1602,16908,flicker
22.1617,7,flicker
22.1618,168696,flicker
22.1658,68671,flicker
22.1703,169208,flicker
22.1746,169552,flicker
22.1783,169674,flicker
22.1823,169536,flicker
22.1864,169064,flicker
22.1905,168925,flicker
22.1945,169390,flicker
22.1987,169477,flicker
22.2032,168689,flicker
22.2068,168292,flicker
22.2109,169033,flicker
22.2151,168949,flicker
22.2191,169309,flicker
22.2231,169247,flicker
22.2272,168305,flicker
22.2314,168899,flicker
22.2365,168930,flicker
22.2396,169053,flicker
22.2437,168888,flicker
22.2478,168300,flicker
22.2528,169253,flicker
22.2559,168664,flicker
22.2600,169252,flicker
22.2643,169013,flicker
22.2685,167790,flicker
22.2725,169322,flicker
22.2764,168874,flicker
22.2805,169259,flicker
22.2809,1,flicker
22.2848,69249,flicker
22.2859,1685,flicker
22.2887,40,flicker
22.2899,169342,flicker
22.2929,169107,flicker
22.2969,169204,flicker
22.3018,168796,flicker
22.3051,168633,flicker
22.3092,168880,flicker
22.3133,168595,flicker
22.3174,69127,flicker
22.3251,168984,flicker
22.3261,168495,flicker
22.3297,168782,flicker
22.3338,68979,flicker
22.3392,169548,flicker
22.3426,169158,flicker
22.3462,167648,flicker
22.3503,99,flicker
22.3543,168766,flicker
22.3585,169057,flicker
22.3625,169253,flicker
22.3674,168468,flicker
22.3706,169192,flicker
22.3747,168736,flicker
22.3788,169135,flicker
22.3830,169142,flicker
22.3873,169317,flicker
22.3911,169420,flicker
22.3952,169020,flicker
22.3994,6964,flicker
22.4038,169548,flicker
22.4080,168871,flicker
22.4096,1,flicker
22.4117,69374,flicker
22.4129,1689,flicker
22.4157,2,flicker
22.4171,10,flicker
22.4201,168930,flicker
22.4243,169432,flicker
22.4280,169587,flicker
22.4322,168649,flicker
22.4363,169150,flicker
22.4404,168982,flicker
22.4445,169115,flicker
22.4490,169190,flicker
22.4536,168983,flicker
22.4567,169422,flicker
22.4607,169088,flicker
22.4650,169024,flicker
22.4692,169592,flicker
22.4730,168606,flicker
22.4772,168951,flicker
22.4812,168975,flicker
22.4859,169155,flicker
22.4894,169600,flicker
22.4935,168733,flicker
22.4976,168823,flicker
22.5026,168829,flicker
22.5057,168346,flicker
22.5098,169189,flicker
22.5141,169370,flicker
22.5194,169379,flicker
22.5221,169319,flicker
22.5263,168688,flicker
22.5303,168789,flicker
22.5349,168965,flicker
22.5386,168989,flicker
22.5406,169,flicker
22.5427,053,flicker
22.5436,168989,flicker
22.5468,169379,flicker
22.5517,168537,flicker
22.5550,169451,flicker
22.5590,169179,flicker
22.5631,169134,flicker
22.5682,168976,flicker
22.5713,168460,flicker
22.5754,169524,flicker
22.5795,169376,flicker
22.5840,168925,flicker
22.5877,169341,flicker
22.5919,168866,flicker
22.5959,169428,flicker
22.6001,6982,flicker
22.6048,169306,flicker
22.6082,168973,flicker
22.6123,169183,flicker
22.6167,169573,flicker
22.6208,169258,flicker
22.6246,168746,flicker
22.6287,169000,flicker
22.6328,169436,flicker
22.6370,169156,flicker
22.6410,169217,flicker
22.6451,169095,flicker
22.6543,168894,flicker
22.6578,169012,flicker
22.6617,168942,flicker
22.6656,169398,flicker
22.6660,168,flicker
22.6698,990,flicker
22.6710,168934,flicker
22.6738,169116,flicker
22.6779,168995,flicker
22.6820,168798,flicker
22.6867,168858,flicker
22.6901,169024,flicker
22.6942,169073,flicker
22.6983,168812,flicker
22.7026,169176,flicker
22.7067,168115,flicker
22.7107,169010,flicker
22.7148,168709,flicker
22.7188,169452,flicker
22.7230,168971,flicker
22.7271,169070,flicker
22.7312,168893,flicker
22.7354,168615,flicker
22.7395,168984,flicker
22.7435,168662,flicker
22.7476,168175,flicker
22.7530,168962,flicker
22.7557,169109,flicker
22.7597,168381,flicker
22.7640,169423,flicker
22.7681,168767,flicker
22.7722,168923,flicker
22.7761,168693,flicker
22.7802,169200,flicker
22.7843,169398,flicker
22.7885,168811,flicker
22.7926,168930,flicker
22.7936,168,flicker
22.7966,942,flicker
22.7980,16857,flicker
22.8015,4,flicker
22.8016,169351,flicker
22.8049,168609,flicker
22.8090,169185,flicker
22.8130,168753,flicker
22.8175,169578,flicker
22.8213,169015,flicker
22.8253,168549,flicker
22.8294,169277,flicker
22.8339,168982,flicker
22.8376,168559,flicker
22.8416,169468,flicker
22.8457,168526,flicker
22.8499,68774,flicker
22.8546,168689,flicker
22.8581,169268,flicker
22.8621,169422,flicker
22.8663,69069,flicker
22.8704,169486,flicker
22.8750,168801,flicker
22.8788,169463,flicker
22.8826,169003,flicker
22.8875,168938,flicker
22.8909,169476,flicker
22.8949,169047,flicker
22.8990,69013,flicker
22.9033,169090,flicker
22.9086,168832,flicker
22.9123,169402,flicker
22.9155,169273,flicker
22.9197,169415,flicker
22.9207,16,flicker
22.9236,9519,flicker
22.9247,16876,flicker
22.9277,9,flicker
22.9277,169783,flicker
22.9318,168903,flicker
22.9370,169262,flicker
22.9400,169050,flicker
22.9441,168642,flicker
22.9482,168990,flicker
22.9523,168340,flicker
22.9563,169164,flicker
22.9604,168904,flicker
22.9647,168935,flicker
22.9687,169567,flicker
22.9727,168561,flicker
22.9769,168713,flicker
22.9810,168994,flicker
22.9857,168544,flicker
22.9891,169013,flicker
22.9932,168183,flicker
22.9974,168388,flicker
23.0024,169296,flicker
23.0055,168867,flicker
23.0096,169181,flicker
23.0137,168884,flicker
23.0192,168931,flicker
23.0219,169263,flicker
23.0260,168878,flicker
23.0301,169588,flicker
23.0350,168505,flicker
23.0384,168959,flicker
23.0424,169448,flicker
23.0466,169329,flicker
23.0473,16,flicker
23.0512,1686,flicker
23.0551,46,flicker
23.0594,169474,flicker
23.0599,169093,flicker
23.0630,169021,flicker
23.0683,6,flicker
23.0712,169260,flicker
23.0751,169206,flicker
23.0792,169611,flicker
23.0836,168930,flicker
23.0874,169541,flicker
23.0915,168657,flicker
23.0956,169505,flicker
23.1000,169068,flicker
23.1039,168507,flicker
23.1079,169171,flicker
23.1120,168933,flicker
23.1162,692,flicker
23.1211,169253,flicker
23.1250,168902,flicker
23.1292,169302,flicker
23.1326,169040,flicker
23.1366,169157,flicker
23.1407,169531,flicker
23.1448,169258,flicker
23.1500,68,flicker
23.1530,168734,flicker
23.1582,168681,flicker
23.1617,169206,flicker
23.1670,1,flicker
23.1694,168938,flicker
23.1745,168969,flicker
23.1758,1,flicker
23.1776,69163,flicker
23.1788,1692,flicker
23.1817,24,flicker
23.1828,168781,flicker
23.1858,169054,flicker
23.1899,168885,flicker
23.1939,169137,flicker
23.1981,169164,flicker
23.2032,169155,flicker
23.2062,168572,flicker
23.2103,169039,flicker
23.2145,169291,flicker
23.2185,169391,flicker
23.2226,169664,flicker
23.2267,168464,flicker
23.2309,168696,flicker
23.2351,168949,flicker
23.2390,169139,flicker
23.2430,169202,flicker
23.2472,169008,flicker
23.2513,168866,flicker
23.2554,169228,flicker
23.2594,168893,flicker
23.2637,169134,flicker
23.2686,168348,flicker
23.2718,169474,flicker
23.2760,168580,flicker
23.2800,169010,flicker
23.2843,169455,flicker
23.2882,168601,flicker
23.2923,169458,flicker
23.2965,168870,flicker
23.3021,169496,flicker
23.3035,1,flicker
23.3046,69033,flicker
23.3054,1688,flicker
23.3087,17,flicker
23.3105,169477,flicker
23.3127,168802,flicker
23.3189,6,flicker
23.3217,169009,flicker
23.3257,168587,flicker
23.3291,169119,flicker
23.3333,622,flicker
23.3379,169106,flicker
23.3427,169598,flicker
23.3467,168833,flicker
23.3503,169145,flicker
23.3540,169293,flicker
23.3579,169077,flicker
23.3619,168850,flicker
23.3660,68,flicker
23.3702,169899,flicker
23.3742,168584,flicker
23.3783,169169,flicker
23.3824,691,flicker
23.3866,168877,flicker
23.3909,169850,flicker
23.3947,169419,flicker
23.3987,168771,flicker
23.4038,169610,flicker
23.4069,169497,flicker
23.4110,169364,flicker
23.4203,169315,flicker
23.4247,169198,flicker
23.4284,168846,flicker
23.4300,1,flicker
23.4316,69867,flicker
23.4331,1685,flicker
23.4361,27,flicker
23.4370,168985,flicker
23.4397,169548,flicker
23.4437,169502,flicker
23.4479,169132,flicker
23.4525,169155,flicker
23.4560,169110,flicker
23.4601,168872,flicker
23.4643,168821,flicker
23.4684,169851,flicker
23.4725,168576,flicker
23.4765,169478,flicker
23.4807,169129,flicker
23.4851,168999,flicker
23.4891,169057,flicker
23.4929,168796,flicker
23.4971,169472,flicker
23.5019,168557,flicker
23.5052,169071,flicker
23.5093,169186,flicker
23.5135,168447,flicker
23.5188,169077,flicker
23.5217,169131,flicker
23.5257,168578,flicker
23.5298,169092,flicker
23.5340,168969,flicker
23.5380,168893,flicker
23.5420,169389,flicker
23.5462,168605,flicker
23.5505,168593,flicker
23.5544,169105,flicker
23.5544,1,flicker
23.5585,68654,flicker
23.5596,169,flicker
23.5625,003,flicker
23.5635,168988,flicker
23.5672,168848,flicker
23.5707,169189,flicker
23.5748,169499,flicker
23.5789,169495,flicker
23.5830,69156,flicker
23.5880,169053,flicker
23.5919,169322,flicker
23.5958,168580,flicker
23.5995,356,flicker
23.6042,169660,flicker
23.6078,169103,flicker
23.6118,169210,flicker
23.6160,168840,flicker
23.6201,169264,flicker
23.6240,169010,flicker
23.6281,169008,flicker
23.6325,168934,flicker
23.6364,168971,flicker
23.6405,169055,flicker
23.6446,169043,flicker
23.6500,168888,flicker
23.6527,168730,flicker
23.6567,169131,flicker
23.6609,168993,flicker
23.6650,168827,flicker
23.6690,169136,flicker
23.6731,169242,flicker
23.6772,169749,flicker
23.6815,169554,flicker
23.6856,169471,flicker
23.6862,168,flicker
23.6895,660,flicker
23.6902,169242,flicker
23.6936,169357,flicker
23.6978,169342,flicker
23.7020,169079,flicker
23.7059,168812,flicker
23.7100,168794,flicker
23.7142,168988,flicker
23.7183,169369,flicker
23.7224,168948,flicker
23.7264,168431,flicker
23.7305,169369,flicker
23.7346,169354,flicker
23.7387,169225,flicker
23.7428,169096,flicker
23.7470,168662,flicker
23.7514,169100,flicker
23.7552,168894,flicker
23.7593,169374,flicker
23.7634,169051,flicker
23.7683,168200,flicker
23.7715,168860,flicker
23.7757,169224,flicker
23.7797,169642,flicker
23.7857,169340,flicker
23.7882,168535,flicker
23.7919,169293,flicker
23.7960,168790,flicker
23.8015,169123,flicker
23.8043,169716,flicker
23.8083,168821,flicker
23.8124,169664,flicker
23.8133,168,flicker
23.8179,978,flicker
23.8182,16890,flicker
23.8206,2,flicker
23.8207,169215,flicker
23.8247,168812,flicker
23.8288,169973,flicker
23.8329,69257,flicker
23.8403,169125,flicker
23.8411,169281,flicker
23.8455,168211,flicker
23.8502,6970,flicker
23.8539,168996,flicker
23.8575,169149,flicker
23.8615,169079,flicker
23.8661,169070,flicker
23.8698,169879,flicker
23.8740,169152,flicker
23.8781,168882,flicker
23.8835,69,flicker
23.8870,168762,flicker
23.8903,169213,flicker
23.8943,169154,flicker
23.8992,69391,flicker
23.9026,169450,flicker
23.9074,168775,flicker
23.9107,169617,flicker
23.9149,168728,flicker
23.9192,169133,flicker
23.9230,168709,flicker
23.9270,168752,flicker
23.9312,169715,flicker
23.9361,169003,flicker
23.9394,169183,flicker
23.9396,16,flicker
23.9435,9256,flicker
23.9447,16920,flicker
23.9475,2,flicker
23.9476,168841,flicker
23.9519,168948,flicker
23.9558,169043,flicker
23.9599,169087,flicker
23.9641,168965,flicker
23.9688,169629,flicker
23.9721,169141,flicker
23.9762,169076,flicker
23.9804,169150,flicker
23.9854,169073,flicker
23.9885,169854,flicker
23.9926,168994,flicker
23.9967,169022,flicker
24.0020,169365,flicker
24.0049,168724,flicker
24.0090,169196,flicker
24.0131,168863,flicker
24.0172,169325,flicker
24.0213,169311,flicker
24.0254,169147,flicker
24.0295,169395,flicker
24.0342,168987,flicker
24.0377,169135,flicker
24.0418,169776,flicker
24.0458,169492,flicker
24.0509,169224,flicker
24.0541,168761,flicker
24.0581,168905,flicker
24.0622,168934,flicker
24.0671,168764,flicker
24.0682,16,flicker
24.0705,8993,flicker
24.0713,1691,flicker
24.0746,88,flicker
24.0754,168909,flicker
24.0786,169653,flicker
24.0831,169185,flicker
24.0869,169235,flicker
24.0909,169021,flicker
24.0950,168741,flicker
24.1001,169492,flicker
24.1032,169359,flicker
24.1073,168914,flicker
24.1114,168864,flicker
24.1155,68872,flicker
24.1217,168920,flicker
24.1250,169391,flicker
24.1278,168734,flicker
24.1329,6,flicker
24.1369,168903,flicker
24.1412,169320,flicker
24.1442,169084,flicker
24.1483,9159,flicker
24.1534,169065,flicker
24.1566,169385,flicker
24.1614,169280,flicker
24.1647,168901,flicker
24.1695,168908,flicker
24.1729,169065,flicker
24.1769,168929,flicker
24.1811,169584,flicker
24.1854,169002,flicker
24.1892,168905,flicker
24.1933,168709,flicker
24.1949,1,flicker
24.1981,69230,flicker
24.1990,1692,flicker
24.2022,28,flicker
24.2030,169312,flicker
24.2058,168514,flicker
24.2097,168787,flicker
24.2139,169354,flicker
24.2180,169552,flicker
24.2220,169250,flicker
24.2260,168589,flicker
24.2304,169434,flicker
24.2346,168894,flicker
24.2384,168900,flicker
24.2424,168951,flicker
24.2466,168812,flicker
24.2516,169276,flicker
24.2547,168579,flicker
24.2588,169685,flicker
24.2630,168813,flicker
24.2673,168609,flicker
24.2711,168561,flicker
24.2752,168851,flicker
24.2793,168959,flicker
24.2838,169318,flicker
24.2877,168461,flicker
24.2916,169234,flicker
24.2957,168679,flicker
24.3001,168595,flicker
24.3039,168822,flicker
24.3080,168588,flicker
24.3121,168803,flicker
24.3166,169010,flicker
24.3203,168801,flicker
24.3244,169189,flicker
24.3260,168,flicker
24.3285,746,flicker
24.3290,169754,flicker
24.3329,168824,flicker
24.3366,169293,flicker
24.3407,169192,flicker
24.3448,168571,flicker
24.3490,69674,flicker
24.3556,169091,flicker
24.3572,168498,flicker
24.3618,169112,flicker
24.3695,169957,flicker
24.3737,168701,flicker
24.3785,168760,flicker
24.3831,699,flicker
24.3865,168679,flicker
24.3913,169035,flicker
24.3946,169026,flicker
24.3982,169908,flicker
24.4029,168869,flicker
24.4063,169277,flicker
24.4104,169343,flicker
24.4157,1683,flicker
24.4190,169601,flicker
24.4233,169287,flicker
24.4268,169231,flicker
24.4309,169130,flicker
24.4352,168925,flicker
24.4390,168989,flicker
24.4431,169169,flicker
24.4473,168826,flicker
24.4517,169681,flicker
24.4524,168,flicker
24.4554,570,flicker
24.4566,16897,flicker
24.4595,9,flicker
24.4596,169192,flicker
24.4636,168784,flicker
24.4677,169893,flicker
24.4718,168627,flicker
24.4759,169132,flicker
24.4801,169220,flicker
24.4849,168592,flicker
24.4882,169066,flicker
24.4923,168819,flicker
24.4966,168960,flicker
24.5005,169012,flicker
24.5047,168831,flicker
24.5087,169541,flicker
24.5128,168591,flicker
24.5172,168754,flicker
24.5211,169325,flicker
24.5251,168964,flicker
24.5291,169048,flicker
24.5347,168910,flicker
24.5373,169105,flicker
24.5414,168917,flicker
24.5455,168937,flicker
24.5498,168960,flicker
24.5537,169206,flicker
24.5578,168766,flicker
24.5619,169621,flicker
24.5676,168765,flicker
24.5701,169495,flicker
24.5742,168803,flicker
24.5783,168961,flicker
24.5802,17,flicker
24.5832,1,flicker
24.5869,8,flicker
24.5870,169194,flicker
24.5913,169282,flicker
24.5947,169397,flicker
24.5990,169072,flicker
24.6030,169635,flicker
24.6070,168829,flicker
24.6111,168939,flicker
24.6170,1,flicker
24.6199,169180,flicker
24.6235,169146,flicker
24.6288,169020,flicker
24.6328,169013,flicker
24.6357,168897,flicker
24.6401,169099,flicker
24.6440,169118,flicker
24.6480,8,flicker
24.6527,169006,flicker
24.6563,169079,flicker
24.6613,168620,flicker
24.6644,66,flicker
24.6686,168724,flicker
24.6729,168889,flicker
24.6771,169199,flicker
24.6808,169007,flicker
24.6856,168385,flicker
24.6890,168595,flicker
24.6930,168568,flicker
24.6971,169162,flicker
24.7022,169130,flicker
24.7053,168798,flicker
24.7067,16,flicker
24.7094,8381,flicker
24.7096,1690,flicker
24.7135,18,flicker
24.7146,169325,flicker
24.7181,169309,flicker
24.7218,169057,flicker
24.7258,168322,flicker
24.7300,169147,flicker
24.7341,169062,flicker
24.7380,169250,flicker
24.7421,169122,flicker
24.7463,168432,flicker
24.7506,169311,flicker
24.7546,169180,flicker
24.7587,169011,flicker
24.7627,169205,flicker
24.7680,168884,flicker
24.7708,168756,flicker
24.7749,169426,flicker
24.7790,169362,flicker
24.7835,168927,flicker
24.7872,168552,flicker
24.7913,169316,flicker
24.7954,169565,flicker
24.8005,169264,flicker
24.8036,169188,flicker
24.8077,168346,flicker
24.8118,169381,flicker
24.8160,169251,flicker
24.8200,169204,flicker
24.8240,169628,flicker
24.8282,168576,flicker
24.8328,169796,flicker
24.8333,1,flicker
24.8365,68802,flicker
24.8383,1688,flicker
24.8405,22,flicker
24.8413,169287,flicker
24.8446,168593,flicker
24.8487,69161,flicker
24.8542,168708,flicker
24.8575,169215,flicker
24.8615,169319,flicker
24.8651,6831,flicker
24.8709,169536,flicker
24.8737,169235,flicker
24.8774,169203,flicker
24.8814,169457,flicker
24.8857,169078,flicker
24.8896,169357,flicker
24.8937,168586,flicker
24.9030,169637,flicker
24.9065,168589,flicker
24.9102,169425,flicker
24.9185,169486,flicker
24.9230,169015,flicker
24.9265,169094,flicker
24.9306,169689,flicker
24.9355,168855,flicker
24.9387,169169,flicker
24.9428,169585,flicker
24.9470,169162,flicker
24.9510,169094,flicker
24.9551,168197,flicker
24.9593,169189,flicker
24.9594,1,flicker
24.9634,69122,flicker
24.9655,1688,flicker
24.9677,98,flicker
24.9694,169338,flicker
24.9715,168539,flicker
24.9756,168957,flicker
24.9799,169460,flicker
24.9844,168998,flicker
24.9880,169439,flicker
24.9920,168913,flicker
24.9962,168948,flicker
25.0016,6,flicker
25.0053,168607,flicker
25.0085,169393,flicker
25.0125,169157,flicker
25.0176,168939,flicker
25.0207,169043,flicker
25.0248,169526,flicker
25.0289,169388,flicker
25.0337,169267,flicker
25.0371,169035,flicker
25.0411,168816,flicker
25.0452,169101,flicker
25.0495,169440,flicker
25.0535,168982,flicker
25.0576,168746,flicker
25.0616,169044,flicker
25.0667,169195,flicker
25.0699,169455,flicker
25.0739,168786,flicker
25.0780,169098,flicker
25.0828,169322,flicker
25.0863,168600,flicker
25.0903,168989,flicker
25.0908,168,flicker
25.0944,730,flicker
25.0947,168930,flicker
25.0989,169260,flicker
25.1026,168821,flicker
25.1067,169179,flicker
25.1108,168567,flicker
25.1150,6932,flicker
25.1199,169587,flicker
25.1237,169123,flicker
25.1276,168740,flicker
25.1323,943,flicker
25.1360,168795,flicker
25.1402,169339,flicker
25.1444,168804,flicker
25.1483,69,flicker
25.1523,168943,flicker
25.1566,168757,flicker
25.1599,169426,flicker
25.1644,6,flicker
25.1697,168732,flicker
25.1730,168316,flicker
25.1763,169865,flicker
25.1804,169473,flicker
25.1847,169206,flicker
25.1886,169347,flicker
25.1927,168390,flicker
25.1969,169265,flicker
25.2010,169100,flicker
25.2050,169307,flicker
25.2091,168446,flicker
25.2132,169368,flicker
25.2178,169285,flicker
25.2199,168,flicker
25.2214,925,flicker
25.2219,16908,flicker
25.2254,8,flicker
25.2255,168713,flicker
25.2296,169522,flicker
25.2344,169325,flicker
25.2377,169004,flicker
25.2418,169185,flicker
25.2460,168299,flicker
25.2502,169197,flicker
25.2542,168806,flicker
25.2582,169047,flicker
25.2625,169422,flicker
25.2666,168847,flicker
25.2705,169176,flicker
25.2746,169419,flicker
25.2787,169286,flicker
25.2829,69306,flicker
25.2891,168469,flicker
25.2917,169281,flicker
25.2951,169101,flicker
25.2998,169211,flicker
25.3033,168844,flicker
25.3074,168864,flicker
25.3115,169649,flicker
25.3165,169091,flicker
25.3197,169332,flicker
25.3237,169207,flicker
25.3279,168637,flicker
25.3321,6971,flicker
25.3362,169278,flicker
25.3407,168680,flicker
25.3445,169103,flicker
25.3455,16,flicker
25.3484,8266,flicker
25.3495,16935,flicker
25.3524,4,flicker
25.3525,168501,flicker
25.3565,169268,flicker
25.3606,169246,flicker
25.3648,168520,flicker
25.3691,169637,flicker
25.3729,169316,flicker
25.3770,169004,flicker
25.3812,608,flicker
25.3852,168931,flicker
25.3893,169525,flicker
25.3934,168524,flicker
25.3975,68932,flicker
25.4020,169506,flicker
25.4064,169004,flicker
25.4101,169105,flicker
25.4149,169156,flicker
25.4180,168713,flicker
25.4221,169109,flicker
25.4261,169148,flicker
25.4303,169255,flicker
25.4351,168789,flicker
25.4384,168904,flicker
25.4425,169160,flicker
25.4467,168395,flicker
25.4514,169254,flicker
25.4548,169046,flicker
25.4589,169337,flicker
25.4631,169326,flicker
25.4671,169251,flicker
25.4713,169143,flicker
25.4720,16,flicker
25.4753,8958,flicker
25.4760,1691,flicker
25.4795,61,flicker
25.4800,169381,flicker
25.4846,168837,flicker
25.4876,169420,flicker
25.4917,168749,flicker
25.4959,169251,flicker
25.5011,168955,flicker
25.5041,169166,flicker
25.5081,169825,flicker
25.5122,169016,flicker
25.5170,168879,flicker
25.5204,168900,flicker
25.5244,168870,flicker
25.5286,169352,flicker
25.5328,168592,flicker
25.5369,169010,flicker
25.5409,169184,flicker
25.5449,169417,flicker
25.5494,169010,flicker
25.5533,168819,flicker
25.5573,169388,flicker
25.5614,169326,flicker
25.5658,168929,flicker
25.5696,169265,flicker
25.5737,168434,flicker
25.5777,169372,flicker
25.5819,69382,flicker
25.5864,168665,flicker
25.5907,169204,flicker
25.5942,168566,flicker
25.5985,169167,flicker
25.5990,1,flicker
25.6024,69147,flicker
25.6030,1689,flicker
25.6064,63,flicker
25.6076,169305,flicker
25.6105,169169,flicker
25.6149,169110,flicker
25.6194,169305,flicker
25.6231,169022,flicker
25.6269,169121,flicker
25.6310,168678,flicker
25.6355,168993,flicker
25.6392,169114,flicker
25.6433,169575,flicker
25.6475,168769,flicker
25.6514,169123,flicker
25.6555,169157,flicker
25.6596,169264,flicker
25.6638,169204,flicker
25.6678,169042,flicker
25.6719,169114,flicker
25.6760,169102,flicker
25.6802,169457,flicker
25.6846,169100,flicker
25.6884,168937,flicker
25.6925,168951,flicker
25.6965,168873,flicker
25.7009,169191,flicker
25.7047,168504,flicker
25.7087,168714,flicker
25.7129,169162,flicker
25.7173,169530,flicker
25.7210,169009,flicker
25.7251,169240,flicker
25.7256,1,flicker
25.7295,68875,flicker
25.7305,1689,flicker
25.7345,74,flicker
25.7354,169509,flicker
25.7375,169277,flicker
25.7416,169242,flicker
25.7457,168362,flicker
25.7501,168583,flicker
25.7539,169043,flicker
25.7579,168715,flicker
25.7620,169132,flicker
25.7669,168578,flicker
25.7702,168912,flicker
25.7743,169025,flicker
25.7784,168720,flicker
25.7836,169358,flicker
25.7867,168444,flicker
25.7907,169145,flicker
25.7948,168616,flicker
25.8002,169383,flicker
25.8030,169174,flicker
25.8070,168402,flicker
25.8112,169245,flicker
25.8156,169370,flicker
25.8194,168937,flicker
25.8235,169707,flicker
25.8276,168666,flicker
25.8333,6949,flicker
25.8366,169192,flicker
25.8399,169292,flicker
25.8441,169173,flicker
25.8484,168787,flicker
25.8530,169772,flicker
25.8539,1,flicker
25.8562,69588,flicker
25.8569,169,flicker
25.8603,578,flicker
25.8609,169273,flicker
25.8646,167,flicker
25.8700,169939,flicker
25.8729,169312,flicker
25.8767,169220,flicker
25.8821,168903,flicker
25.8849,169190,flicker
25.8890,169073,flicker
25.8931,168516,flicker
25.8980,6,flicker
25.9025,169703,flicker
25.9054,169162,flicker
25.9095,169512,flicker
25.9146,1684,flicker
25.9181,169217,flicker
25.9221,169709,flicker
25.9258,169008,flicker
25.9300,169361,flicker
25.9341,168557,flicker
25.9381,169193,flicker
25.9422,169099,flicker
25.9464,168840,flicker
25.9506,168902,flicker
25.9545,168744,flicker
25.9586,169084,flicker
25.9634,169436,flicker
25.9674,169158,flicker
25.9709,169168,flicker
25.9750,169196,flicker
25.9793,170098,flicker
25.9835,168796,flicker
25.9846,169,flicker
25.9873,125,flicker
25.9874,168878,flicker
25.9914,168617,flicker
25.9959,169044,flicker
26.0001,169034,flicker
26.0036,169200,flicker
26.0077,169521,flicker
26.0119,168389,flicker
26.0170,168795,flicker
26.0200,169524,flicker
26.0241,169263,flicker
26.0283,169360,flicker
26.0327,168758,flicker
26.0365,169180,flicker
26.0405,169373,flicker
26.0446,169361,flicker
26.0500,169355,flicker
26.0529,168715,flicker
26.0569,169627,flicker
26.0610,169447,flicker
26.0668,6918,flicker
26.0709,169543,flicker
26.0734,168927,flicker
26.0774,169057,flicker
26.0816,69579,flicker
26.0856,169279,flicker
26.0902,169015,flicker
26.0948,168453,flicker
26.0995,6921,flicker
26.1031,169190,flicker
26.1069,168933,flicker
26.1106,169499,flicker
26.1119,16,flicker
26.1144,49,flicker
26.1159,16880,flicker
26.1191,169401,flicker
26.1225,168754,flicker
26.1273,168696,flicker
26.1320,629,flicker
26.1358,169286,flicker
26.1393,169583,flicker
26.1431,169115,flicker
26.1471,6885,flicker
26.1513,168878,flicker
26.1554,169154,flicker
26.1594,168811,flicker
26.1650,1934,flicker
26.1675,168724,flicker
26.1723,169078,flicker
26.1766,169076,flicker
26.1799,169598,flicker
26.1846,169099,flicker
26.1880,168569,flicker
26.1921,169355,flicker
26.1962,169212,flicker
26.2003,168965,flicker
26.2044,169370,flicker
26.2084,168129,flicker
26.2126,168882,flicker
26.2168,168827,flicker
26.2210,169027,flicker
26.2249,169341,flicker
26.2290,168345,flicker
26.2332,169252,flicker
26.2374,169127,flicker
26.2386,16,flicker
26.2413,8923,flicker
26.2427,16989,flicker
26.2454,6,flicker
26.2474,168637,flicker
26.2496,169055,flicker
26.2536,168429,flicker
26.2576,168944,flicker
26.2619,169547,flicker
26.2670,168339,flicker
26.2700,169493,flicker
26.2741,169313,flicker
26.2781,169442,flicker
26.2828,168766,flicker
26.2863,168689,flicker
26.2904,169548,flicker
26.2945,168912,flicker
26.2989,169048,flicker
26.3028,169067,flicker
26.3068,168704,flicker
26.3108,169329,flicker
26.3157,169079,flicker
26.3190,169211,flicker
26.3231,169264,flicker
26.3272,168620,flicker
26.3317,169684,flicker
26.3356,168497,flicker
26.3396,168818,flicker
26.3436,169487,flicker
26.3477,69077,flicker
26.3543,169665,flicker
26.3559,169091,flicker
26.3600,169066,flicker
26.3643,8907,flicker
26.3683,68582,flicker
26.3699,1699,flicker
26.3730,78,flicker
26.3738,169298,flicker
26.3764,169196,flicker
26.3805,68969,flicker
26.3846,168981,flicker
26.3895,169535,flicker
26.3933,168965,flicker
26.3969,68810,flicker
26.4022,168800,flicker
26.4059,168526,flicker
26.4093,169205,flicker
26.4145,16881,flicker
26.4174,168872,flicker
26.4214,168908,flicker
26.4261,168810,flicker
26.4298,169835,flicker
26.4340,169193,flicker
26.4380,169030,flicker
26.4420,169019,flicker
26.4461,169166,flicker
26.4504,169339,flicker
26.4542,168920,flicker
26.4583,169384,flicker
26.4624,169254,flicker
26.4667,169348,flicker
26.4711,169076,flicker
26.4747,169235,flicker
26.4789,168914,flicker
26.4831,169194,flicker
26.4870,168947,flicker
26.4911,169550,flicker
26.4952,169760,flicker
26.4953,169,flicker
26.4993,663,flicker
26.5007,168965,flicker
26.5034,168916,flicker
26.5074,169516,flicker
26.5116,169052,flicker
26.5164,169342,flicker
26.5201,169527,flicker
26.5240,169365,flicker
26.5280,169409,flicker
26.5326,168924,flicker
26.5365,168982,flicker
26.5403,169030,flicker
26.5443,169175,flicker
26.5487,169481,flicker
26.5526,169488,flicker
26.5567,169311,flicker
26.5608,169135,flicker
26.5650,6973,flicker
26.5690,169087,flicker
26.5735,168870,flicker
26.5771,169796,flicker
26.5816,169217,flicker
26.5854,691,flicker
26.5900,169342,flicker
26.5955,169144,flicker
26.5976,169400,flicker
26.6017,169284,flicker
26.6061,169272,flicker
26.6099,169301,flicker
26.6143,1696,flicker
26.6189,169330,flicker
26.6223,169253,flicker
26.6242,169,flicker
26.6263,253,flicker
26.6281,168707,flicker
26.6349,169211,flicker
26.6396,169391,flicker
26.6432,169113,flicker
26.6469,1941,flicker
26.6509,168743,flicker
26.6550,169213,flicker
26.6600,168976,flicker
26.6631,168679,flicker
26.6676,168943,flicker
26.6727,169309,flicker
26.6754,169240,flicker
26.6796,169412,flicker
26.6843,169007,flicker
26.6877,169065,flicker
26.6918,169313,flicker
26.6960,169376,flicker
26.7009,169034,flicker
26.7041,169758,flicker
26.7082,168575,flicker
26.7123,169861,flicker
26.7174,169130,flicker
26.7205,169605,flicker
26.7245,168778,flicker
26.7287,168479,flicker
26.7330,168903,flicker
26.7368,169495,flicker
26.7409,168896,flicker
26.7451,168757,flicker
26.7493,168604,flicker
26.7521,169,flicker
26.7532,143,flicker
26.7551,16950,flicker
26.7573,5,flicker
26.7574,169156,flicker
26.7617,169496,flicker
26.7657,169283,flicker
26.7696,169184,flicker
26.7737,168664,flicker
26.7779,169813,flicker
26.7820,169372,flicker
26.7860,168599,flicker
26.7901,169916,flicker
26.7942,169408,flicker
26.7999,169034,flicker
26.8026,169355,flicker
26.8065,168799,flicker
26.8106,169839,flicker
26.8164,169324,flicker
26.8188,169434,flicker
26.8229,169452,flicker
26.8269,168974,flicker
26.8311,69166,flicker
26.8363,169314,flicker
26.8393,169059,flicker
26.8435,169222,flicker
26.8489,671,flicker
26.8516,169566,flicker
26.8563,169509,flicker
26.8597,169204,flicker
26.8639,6136,flicker
26.8682,168808,flicker
26.8727,169311,flicker
26.8763,169301,flicker
26.8766,16,flicker
26.8817,1638,flicker
26.8844,2,flicker
26.8852,168904,flicker
26.8909,169679,flicker
26.8931,168640,flicker
26.8966,169180,flicker
26.9008,169470,flicker
26.9048,169272,flicker
26.9088,169608,flicker
26.9145,168604,flicker
26.9171,169054,flicker
26.9212,169206,flicker
26.9253,169157,flicker
26.9294,169301,flicker
26.9337,169231,flicker
26.9375,169100,flicker
26.9416,169228,flicker
26.9458,168736,flicker
26.9506,169502,flicker
26.9539,168934,flicker
26.9580,169316,flicker
26.9621,169451,flicker
26.9662,169235,flicker
26.9703,169719,flicker
26.9744,168879,flicker
26.9785,169623,flicker
26.9833,169456,flicker
26.9867,169203,flicker
26.9908,169473,flicker
26.9950,169436,flicker
26.9991,169436,flicker
27.0031,169075,flicker
27.0036,16,flicker
27.0072,8694,flicker
27.0084,1697,flicker
27.0115,98,flicker
27.0124,169258,flicker
27.0160,169060,flicker
27.0195,169147,flicker
27.0236,169080,flicker
27.0277,169464,flicker
27.0325,169091,flicker
27.0359,169472,flicker
27.0400,169970,flicker
27.0441,168816,flicker
27.0485,168957,flicker
27.0523,168998,flicker
27.0564,169435,flicker
27.0605,169165,flicker
27.0646,68638,flicker
27.0692,169224,flicker
27.0734,168732,flicker
27.0776,168810,flicker
27.0810,168924,flicker
27.0851,68931,flicker
27.0899,169963,flicker
27.0941,169012,flicker
27.0990,693,flicker
27.1015,169370,flicker
27.1055,169348,flicker
27.1096,169294,flicker
27.1151,169048,flicker
27.1178,168968,flicker
27.1219,169059,flicker
27.1259,169645,flicker
27.1314,6311,flicker
27.1345,68840,flicker
27.1359,1698,flicker
27.1382,34,flicker
27.1389,169530,flicker
27.1424,169068,flicker
27.1464,169100,flicker
27.1513,168378,flicker
27.1546,169773,flicker
27.1587,169193,flicker
27.1631,169040,flicker
27.1674,169004,flicker
27.1712,169296,flicker
27.1752,169028,flicker
27.1792,169132,flicker
27.1835,168916,flicker
27.1874,168939,flicker
27.1915,168815,flicker
27.1956,169166,flicker
27.1997,169169,flicker
27.2038,169367,flicker
27.2079,168553,flicker
27.2123,169271,flicker
27.2161,168883,flicker
27.2201,169437,flicker
27.2242,169381,flicker
27.2284,168580,flicker
27.2336,169294,flicker
27.2367,169135,flicker
27.2407,169513,flicker
27.2448,169298,flicker
27.2494,168293,flicker
27.2530,168958,flicker
27.2571,169319,flicker
27.2579,1,flicker
27.2612,69851,flicker
27.2632,1691,flicker
27.2652,35,flicker
27.2657,169351,flicker
27.2694,169769,flicker
27.2735,169491,flicker
27.2775,169223,flicker
27.2824,169210,flicker
27.2857,169182,flicker
27.2898,169773,flicker
27.2939,169113,flicker
27.2980,169417,flicker
27.3021,169437,flicker
27.3062,168737,flicker
27.3102,169607,flicker
27.3149,169746,flicker
27.3185,169640,flicker
27.3225,169085,flicker
27.3267,168836,flicker
27.3319,6991,flicker
27.3349,169538,flicker
27.3402,169701,flicker
27.3442,169711,flicker
27.3488,68,flicker
27.3514,169288,flicker
27.3553,168753,flicker
27.3612,169358,flicker
27.3635,169179,flicker
27.3681,169145,flicker
27.3723,169787,flicker
27.3758,169481,flicker
27.3805,6891,flicker
27.3845,169975,flicker
27.3868,1,flicker
27.3883,68782,flicker
27.3894,169,flicker
27.3922,778,flicker
27.3924,169436,flicker
27.3985,699,flicker
27.4018,169413,flicker
27.4053,169036,flicker
27.4090,169436,flicker
27.4127,169200,flicker
27.4172,169034,flicker
27.4210,169654,flicker
27.4251,169128,flicker
27.4292,169512,flicker
27.4341,168912,flicker
27.4374,169903,flicker
27.4415,169937,flicker
27.4454,169547,flicker
27.4504,169638,flicker
27.4536,168968,flicker
27.4577,169334,flicker
27.4619,169447,flicker
27.4665,169040,flicker
27.4700,169636,flicker
27.4741,169443,flicker
27.4783,169166,flicker
27.4825,169854,flicker
27.4865,169421,flicker
27.4906,169322,flicker
27.4947,169046,flicker
27.4988,169203,flicker
27.5027,170457,flicker
27.5068,169106,flicker
27.5111,169338,flicker
27.5165,169523,flicker
27.5176,169,flicker
27.5192,324,flicker
27.5207,169646,flicker
27.5233,169299,flicker
27.5274,169516,flicker
27.5334,169335,flicker
27.5355,169535,flicker
27.5396,169777,flicker
27.5437,169046,flicker
27.5494,169371,flicker
27.5519,169078,flicker
27.5560,168784,flicker
27.5601,169524,flicker
27.5685,169161,flicker
27.5734,169142,flicker
27.5765,169342,flicker
27.5813,169573,flicker
27.5848,169453,flicker
27.5889,169822,flicker
27.5930,169433,flicker
27.5971,69381,flicker
27.6017,169641,flicker
27.6051,168841,flicker
27.6092,169362,flicker
27.6137,692,flicker
27.6213,169378,flicker
27.6220,169654,flicker
27.6259,169438,flicker
27.6298,170061,flicker
27.6342,169129,flicker
27.6379,169052,flicker
27.6420,169851,flicker
27.6425,169,flicker
27.6462,26,flicker
27.6476,169232,flicker
27.6517,169498,flicker
27.6548,169601,flicker
27.6584,169086,flicker
27.6626,02,flicker
27.6674,168820,flicker
27.6712,168564,flicker
27.6751,169460,flicker
27.6804,16931,flicker
27.6841,169010,flicker
27.6881,169017,flicker
27.6914,168677,flicker
27.6953,169351,flicker
27.6997,169395,flicker
27.7037,169117,flicker
27.7076,168948,flicker
27.7119,169141,flicker
27.7159,169409,flicker
27.7199,169276,flicker
27.7240,168851,flicker
27.7284,168615,flicker
27.7324,169566,flicker
27.7363,169341,flicker
27.7404,169325,flicker
27.7445,169771,flicker
27.7490,169026,flicker
27.7528,169706,flicker
27.7567,169722,flicker
27.7609,168864,flicker
27.7680,6882,flicker
27.7706,168372,flicker
27.7723,169,flicker
27.7731,913,flicker
27.7744,16933,flicker
27.7772,6,flicker
27.7772,168836,flicker
27.7813,169597,flicker
27.7854,169008,flicker
27.7895,169373,flicker
27.7936,169387,flicker
27.7983,68997,flicker
27.8022,168931,flicker
27.8059,169114,flicker
27.8101,170817,flicker
27.8150,169065,flicker
27.8184,169461,flicker
27.8223,169197,flicker
27.8263,169176,flicker
27.8309,6902,flicker
27.8359,168892,flicker
27.8395,169653,flicker
27.8427,169408,flicker
27.8474,168684,flicker
27.8513,169337,flicker
27.8550,169001,flicker
27.8591,169228,flicker
27.8632,69248,flicker
27.8689,168948,flicker
27.8717,169587,flicker
27.8756,169038,flicker
27.8808,692,flicker
27.8851,169577,flicker
27.8879,169246,flicker
27.8939,169374,flicker
27.8962,169222,flicker
27.8979,16,flicker
27.9001,9258,flicker
27.9018,16939,flicker
27.9042,6,flicker
27.9042,168985,flicker
27.9083,169504,flicker
27.9124,168939,flicker
27.9166,169602,flicker
27.9205,169782,flicker
27.9246,168614,flicker
27.9288,169640,flicker
27.9334,168698,flicker
27.9371,169307,flicker
27.9410,169548,flicker
27.9451,168996,flicker
27.9492,169408,flicker
27.9538,169173,flicker
27.9574,169123,flicker
27.9616,169614,flicker
27.9662,168812,flicker
27.9697,169483,flicker
27.9738,169091,flicker
27.9779,170147,flicker
27.9821,169553,flicker
27.9861,169640,flicker
27.9902,169955,flicker
27.9943,169015,flicker
27.9993,169520,flicker
28.0025,169234,flicker
28.0065,168920,flicker
28.0107,169129,flicker
28.0153,168951,flicker
28.0188,169075,flicker
28.0229,169476,flicker
28.0246,16,flicker
28.0270,9286,flicker
28.0288,1690,flicker
28.0314,89,flicker
28.0330,169077,flicker
28.0353,169267,flicker
28.0394,169672,flicker
28.0434,169191,flicker
28.0502,693,flicker
28.0529,168761,flicker
28.0557,169319,flicker
28.0598,169115,flicker
28.0640,169149,flicker
28.0681,168953,flicker
28.0722,168864,flicker
28.0761,169706,flicker
28.0803,69720,flicker
28.0861,169335,flicker
28.0890,169063,flicker
28.0931,169022,flicker
28.0980,67,flicker
28.1018,169748,flicker
28.1057,169227,flicker
28.1092,169028,flicker
28.1131,69203,flicker
28.1172,169254,flicker
28.1219,169327,flicker
28.1271,169179,flicker
28.1341,168940,flicker
28.1386,169567,flicker
28.1420,169286,flicker
28.1459,169224,flicker
28.1509,169099,flicker
28.1528,1,flicker
28.1540,69100,flicker
28.1557,1690,flicker
28.1581,95,flicker
28.1589,169316,flicker
28.1623,169438,flicker
28.1663,168661,flicker
28.1704,169347,flicker
28.1745,169373,flicker
28.1787,169598,flicker
28.1831,169234,flicker
28.1870,169119,flicker
28.1911,169133,flicker
28.1951,169088,flicker
28.1991,169142,flicker
28.2031,168821,flicker
28.2072,168723,flicker
28.2115,169041,flicker
28.2157,169002,flicker
28.2196,169561,flicker
28.2238,169564,flicker
28.2278,168404,flicker
28.2322,169313,flicker
28.2359,169275,flicker
28.2400,169718,flicker
28.2441,169736,flicker
28.2485,168810,flicker
28.2523,169687,flicker
28.2564,169209,flicker
28.2605,169205,flicker
28.2658,169173,flicker
28.2687,169002,flicker
28.2728,169276,flicker
28.2769,169052,flicker
28.2774,1,flicker
28.2812,69305,flicker
28.2825,1698,flicker
28.2851,50,flicker
28.2854,169148,flicker
28.2892,169786,flicker
28.2933,169574,flicker
28.2983,169103,flicker
28.3014,169490,flicker
28.3055,168994,flicker
28.3096,169593,flicker
28.3139,168583,flicker
28.3178,169433,flicker
28.3219,169634,flicker
28.3260,168533,flicker
28.3320,169021,flicker
28.3342,169288,flicker
28.3383,169288,flicker
28.3424,169333,flicker
28.3472,168541,flicker
28.3506,169170,flicker
28.3547,169277,flicker
28.3588,168920,flicker
28.3647,6,flicker
28.3672,169137,flicker
28.3719,169232,flicker
28.3753,168873,flicker
28.3794,699,flicker
28.3840,169863,flicker
28.3884,168859,flicker
28.3930,169476,flicker
28.3973,68838,flicker
28.4000,168584,flicker
28.4045,169623,flicker
28.4060,1,flicker
28.4083,68798,flicker
28.4087,1693,flicker
28.4120,1,flicker
28.4128,187,flicker
28.4176,169502,flicker
28.4205,169280,flicker
28.4245,169243,flicker
28.4285,169597,flicker
28.4331,169157,flicker
28.4369,169349,flicker
28.4407,169292,flicker
28.4449,168956,flicker
28.4494,169597,flicker
28.4530,169463,flicker
28.4571,168998,flicker
28.4613,169399,flicker
28.4662,169126,flicker
28.4696,169949,flicker
28.4734,169192,flicker
28.4776,169584,flicker
28.4828,169307,flicker
28.4858,169183,flicker
28.4899,169940,flicker
28.4940,169183,flicker
28.4981,169411,flicker
28.5021,169525,flicker
28.5062,169100,flicker
28.5107,169529,flicker
28.5163,169075,flicker
28.5187,169141,flicker
28.5226,169165,flicker
28.5267,169862,flicker
28.5311,168828,flicker
28.5322,1,flicker
28.5349,69408,flicker
28.5365,1690,flicker
28.5391,02,flicker
28.5405,169181,flicker
28.5431,169416,flicker
28.5485,1,flicker
28.5515,168821,flicker
28.5555,169043,flicker
28.5595,169256,flicker
28.5649,169251,flicker
28.5677,168979,flicker
28.5718,169193,flicker
28.5759,168758,flicker
28.5800,69132,flicker
28.5847,169031,flicker
28.5889,169062,flicker
28.5923,168815,flicker
28.5965,6884,flicker
28.6016,169616,flicker
28.6053,169056,flicker
28.6088,169257,flicker
28.6158,690,flicker
28.6203,169210,flicker
28.6213,169284,flicker
28.6250,169579,flicker
28.6294,10,flicker
28.6339,169168,flicker
28.6373,169405,flicker
28.6422,168910,flicker
28.6457,691,flicker
28.6498,168978,flicker
28.6544,169479,flicker
28.6585,169483,flicker
28.6621,1691,flicker
28.6630,16,flicker
28.6660,199,flicker
28.6679,169459,flicker
28.6701,168802,flicker
28.6742,169728,flicker
28.6783,169492,flicker
28.6832,169184,flicker
28.6865,168950,flicker
28.6906,168727,flicker
28.6948,169193,flicker
28.6988,169525,flicker
28.7029,169451,flicker
28.7070,169203,flicker
28.7112,168571,flicker
28.7153,169424,flicker
28.7193,169051,flicker
28.7234,168476,flicker
28.7275,168731,flicker
28.7317,169307,flicker
28.7356,169023,flicker
28.7397,169048,flicker
28.7438,169213,flicker
28.7482,168779,flicker
28.7522,169522,flicker
28.7562,168970,flicker
28.7602,169092,flicker
28.7655,169336,flicker
28.7684,168674,flicker
28.7725,169627,flicker
28.7767,169466,flicker
28.7812,169390,flicker
28.7848,169314,flicker
28.7890,168664,flicker
28.7903,169,flicker
28.7930,641,flicker
28.7933,168869,flicker
28.7979,169156,flicker
28.8011,169298,flicker
28.8052,168811,flicker
28.8093,169200,flicker
28.8137,168941,flicker
28.8178,169122,flicker
28.8218,169079,flicker
28.8257,168799,flicker
28.8299,6510,flicker
28.8349,169597,flicker
28.8380,169325,flicker
28.8423,169808,flicker
28.8483,16876,flicker
28.8522,170264,flicker
28.8545,169300,flicker
28.8586,168841,flicker
28.8629,6,flicker
28.8668,169047,flicker
28.8711,170087,flicker
28.8750,169205,flicker
28.8791,6967,flicker
28.8833,169492,flicker
28.8875,169070,flicker
28.8913,168664,flicker
28.8954,68913,flicker
28.8996,168882,flicker
28.9044,169750,flicker
28.9078,169454,flicker
28.9136,69,flicker
28.9169,168614,flicker
28.9198,16,flicker
28.9206,9410,flicker
28.9224,16907,flicker
28.9240,0,flicker
28.9241,169427,flicker
28.9282,169664,flicker
28.9332,168973,flicker
28.9364,169226,flicker
28.9404,168655,flicker
28.9445,169481,flicker
28.9488,169683,flicker
28.9528,169171,flicker
28.9568,169049,flicker
28.9609,169654,flicker
28.9650,169303,flicker
28.9691,169573,flicker
28.9732,168890,flicker
28.9774,169332,flicker
28.9821,169589,flicker
28.9855,169359,flicker
28.9895,169304,flicker
28.9939,168924,flicker
28.9982,169925,flicker
29.0018,169409,flicker
29.0059,168604,flicker
29.0101,169451,flicker
29.0144,169132,flicker
29.0184,169164,flicker
29.0224,169610,flicker
29.0264,169112,flicker
29.0311,168942,flicker
29.0346,169250,flicker
29.0387,169466,flicker
29.0428,169906,flicker
29.0433,16,flicker
29.0470,381,flicker
29.0473,16904,flicker
29.0543,168592,flicker
29.0552,169053,flicker
29.0592,169244,flicker
29.0641,169588,flicker
29.0674,169137,flicker
29.0715,168913,flicker
29.0756,169873,flicker
29.0815,6,flicker
29.0848,168727,flicker
29.0899,168873,flicker
29.0921,169212,flicker
29.0964,168655,flicker
29.1002,168972,flicker
29.1043,169085,flicker
29.1084,168725,flicker
29.1125,69371,flicker
29.1189,169318,flicker
29.1211,169521,flicker
29.1247,169314,flicker
29.1288,68963,flicker
29.1337,168622,flicker
29.1370,169531,flicker
29.1412,169370,flicker
29.1452,169194,flicker
29.1496,168205,flicker
29.1534,168984,flicker
29.1575,169277,flicker
29.1619,169943,flicker
29.1658,169646,flicker
29.1698,169149,flicker
29.1710,1,flicker
29.1739,69333,flicker
29.1750,1692,flicker
29.1780,55,flicker
29.1801,169234,flicker
29.1831,169210,flicker
29.1862,168559,flicker
29.1902,169103,flicker
29.1944,169652,flicker
29.1985,169507,flicker
29.2026,169684,flicker
29.2067,168485,flicker
29.2108,168916,flicker
29.2148,169273,flicker
29.2189,169171,flicker
29.2230,169281,flicker
29.2273,168590,flicker
29.2317,169109,flicker
29.2354,168550,flicker
29.2395,169723,flicker
29.2436,169405,flicker
29.2486,169013,flicker
29.2517,169608,flicker
29.2558,169600,flicker
29.2600,169296,flicker
29.2649,169552,flicker
29.2681,168691,flicker
29.2722,169951,flicker
29.2763,169026,flicker
29.2818,169228,flicker
29.2847,169049,flicker
29.2887,169396,flicker
29.2926,169522,flicker
29.2973,169396,flicker
29.2991,1,flicker
29.3009,70103,flicker
29.3012,1694,flicker
29.3050,51,flicker
29.3051,169065,flicker
29.3090,169871,flicker
29.3140,6,flicker
29.3176,168995,flicker
29.3214,169723,flicker
29.3255,169057,flicker
29.3311,6945,flicker
29.3345,168684,flicker
29.3382,168712,flicker
29.3418,169352,flicker
29.3459,68644,flicker
29.3507,169803,flicker
29.3550,169143,flicker
29.3594,169537,flicker
29.3623,169324,flicker
29.3674,169074,flicker
29.3706,169357,flicker
29.3746,169484,flicker
29.3809,65,flicker
29.3828,169503,flicker
29.3875,169090,flicker
29.3927,169219,flicker
29.3950,168780,flicker
29.3994,169511,flicker
29.4038,169339,flicker
29.4074,169558,flicker
29.4114,69642,flicker
29.4159,168928,flicker
29.4196,169621,flicker
29.4237,169039,flicker
29.4245,1,flicker
29.4285,69180,flicker
29.4291,1693,flicker
29.4319,3,flicker
29.4333,16236,flicker
29.4363,169205,flicker
29.4401,169319,flicker
29.4451,169224,flicker
29.4489,169687,flicker
29.4524,169575,flicker
29.4575,170059,flicker
29.4606,169638,flicker
29.4650,169604,flicker
29.4688,170057,flicker
29.4729,168879,flicker
29.4770,169541,flicker
29.4816,169226,flicker
29.4852,169370,flicker
29.4893,169472,flicker
29.4935,168704,flicker
29.4982,169750,flicker
29.5016,169574,flicker
29.5057,168870,flicker
29.5099,169762,flicker
29.5139,169089,flicker
29.5179,169232,flicker
29.5220,169431,flicker
29.5261,168827,flicker
29.5309,169636,flicker
29.5343,169151,flicker
29.5384,169112,flicker
29.5425,169213,flicker
29.5485,6,flicker
29.5513,168603,flicker
29.5522,1,flicker
29.5549,68651,flicker
29.5568,169,flicker
29.5589,260,flicker
29.5598,169544,flicker
29.5640,197,flicker
29.5672,169586,flicker
29.5716,169383,flicker
29.5753,169520,flicker
29.5795,169309,flicker
29.5835,169453,flicker
29.5876,168885,flicker
29.5917,169086,flicker
29.5969,68797,flicker
29.6000,169348,flicker
29.6040,169237,flicker
29.6081,169185,flicker
29.6129,168736,flicker
29.6163,169005,flicker
29.6204,169677,flicker
29.6245,169148,flicker
29.6297,1,flicker
29.6328,168917,flicker
29.6369,169534,flicker
29.6410,169302,flicker
29.6452,69257,flicker
29.6495,168737,flicker
29.6532,168418,flicker
29.6573,169069,flicker
29.6614,16282,flicker
29.6656,168917,flicker
29.6713,168712,flicker
29.6737,168522,flicker
29.6792,169186,flicker
29.6818,169401,flicker
29.6833,168,flicker
29.6859,714,flicker
29.6862,168754,flicker
29.6901,168937,flicker
29.6942,168921,flicker
29.6984,169118,flicker
29.7024,168933,flicker
29.7065,168194,flicker
29.7105,169230,flicker
29.7148,169024,flicker
29.7188,169351,flicker
29.7229,169822,flicker
29.7270,168609,flicker
29.7311,169505,flicker
29.7350,168940,flicker
29.7391,169902,flicker
29.7433,168978,flicker
29.7474,169012,flicker
29.7514,169301,flicker
29.7555,169025,flicker
29.7596,169549,flicker
29.7646,169566,flicker
29.7678,168907,flicker
29.7718,169428,flicker
29.7760,168900,flicker
29.7806,168847,flicker
29.7842,169629,flicker
29.7883,168594,flicker
29.7923,169303,flicker
29.7976,169256,flicker
29.8007,169552,flicker
29.8048,169792,flicker
29.8088,169031,flicker
29.8106,16,flicker
29.8140,9307,flicker
29.8144,16916,flicker
29.8169,4,flicker
29.8170,168856,flicker
29.8210,169758,flicker
29.8251,168875,flicker
29.8299,169922,flicker
29.8333,169497,flicker
29.8374,169351,flicker
29.8415,168769,flicker
29.8457,69394,flicker
29.8499,169057,flicker
29.8543,169462,flicker
29.8580,169741,flicker
29.8636,6,flicker
29.8671,169448,flicker
29.8706,169706,flicker
29.8744,168872,flicker
29.8784,69397,flicker
29.8827,168462,flicker
29.8869,169418,flicker
29.8907,169584,flicker
29.8950,168717,flicker
29.8999,169249,flicker
29.9030,168964,flicker
29.9071,168872,flicker
29.9121,69038,flicker
29.9170,169381,flicker
29.9194,169248,flicker
29.9234,169402,flicker
29.9276,168930,flicker
29.9327,169884,flicker
29.9358,168920,flicker
29.9368,16,flicker
29.9398,9097,flicker
29.9408,16864,flicker
29.9439,7,flicker
29.9459,168766,flicker
29.9487,169452,flicker
29.9521,168855,flicker
29.9562,169038,flicker
29.9603,169052,flicker
29.9644,168915,flicker
29.9685,169986,flicker
29.9726,169312,flicker
29.9767,169098,flicker
29.9824,169389,flicker
29.9849,169260,flicker
29.9890,169452,flicker
29.9931,168472,flicker
29.9972,169144,flicker
30.0012,169448,flicker
30.0053,169169,flicker
30.0095,169457,flicker
30.0136,169011,flicker
30.0177,169295,flicker
30.0217,169618,flicker
30.0259,169283,flicker
30.0302,168907,flicker
30.0341,168622,flicker
30.0382,169409,flicker
30.0423,169327,flicker
30.0471,169712,flicker
30.0505,168933,flicker
30.0545,169182,flicker
30.0586,169179,flicker
30.0632,169243,flicker
30.0633,1,flicker
30.0670,68705,flicker
30.0675,1684,flicker
30.0709,01,flicker
30.0716,169303,flicker
30.0750,169421,flicker
30.0794,169649,flicker
30.0839,169305,flicker
30.0873,168856,flicker
30.0914,168945,flicker
30.0972,169567,flicker
30.0997,169734,flicker
30.1037,169293,flicker
30.1078,169116,flicker
30.1120,63,flicker
30.1172,169488,flicker
30.1208,169543,flicker
30.1241,169359,flicker
30.1290,689,flicker
30.1326,169205,flicker
30.1364,169114,flicker
30.1423,169246,flicker
30.1446,168525,flicker
30.1487,168257,flicker
30.1528,169857,flicker
30.1569,169224,flicker
30.1622,69461,flicker
30.1654,169185,flicker
30.1692,168845,flicker
30.1733,169528,flicker
30.1792,1640,flicker
30.1825,169345,flicker
30.1864,169575,flicker
30.1901,168562,flicker
30.1921,1,flicker
30.1938,69940,flicker
30.1950,1690,flicker
30.1979,88,flicker
30.1980,169262,flicker
30.2020,169513,flicker
30.2060,168403,flicker
30.2103,169452,flicker
30.2143,169317,flicker
30.2184,169433,flicker
30.2224,169108,flicker
30.2267,168348,flicker
30.2309,169435,flicker
30.2349,169164,flicker
30.2389,169520,flicker
30.2430,169725,flicker
30.2480,168308,flicker
30.2511,169567,flicker
30.2552,168958,flicker
30.2594,169174,flicker
30.2634,169409,flicker
30.2675,168595,flicker
30.2716,169329,flicker
30.2757,168591,flicker
30.2812,169349,flicker
30.2839,169127,flicker
30.2879,168597,flicker
30.2920,169412,flicker
30.2969,6,flicker
30.3003,169342,flicker
30.3044,169506,flicker
30.3086,168677,flicker
30.3131,169715,flicker
30.3170,169335,flicker
30.3207,169601,flicker
30.3221,170,flicker
30.3248,220,flicker
30.3261,169093,flicker
30.3291,1649,flicker
30.3330,169016,flicker
30.3387,169491,flicker
30.3424,169060,flicker
30.3456,169065,flicker
30.3494,169387,flicker
30.3538,169135,flicker
30.3577,169330,flicker
30.3633,69,flicker
30.3665,169328,flicker
30.3700,169142,flicker
30.3741,169482,flicker
30.3836,168824,flicker
30.3878,169055,flicker
30.3904,169356,flicker
30.3946,168873,flicker
30.3986,169260,flicker
30.4028,169534,flicker
30.4067,169049,flicker
30.4110,955,flicker
30.4155,169150,flicker
30.4192,169462,flicker
30.4244,169563,flicker
30.4275,169525,flicker
30.4315,169668,flicker
30.4357,169774,flicker
30.4395,169420,flicker
30.4436,169078,flicker
30.4479,168999,flicker
30.4486,169,flicker
30.4518,625,flicker
30.4526,168933,flicker
30.4559,169063,flicker
30.4601,169580,flicker
30.4641,169176,flicker
30.4682,169692,flicker
30.4723,168800,flicker
30.4764,168833,flicker
30.4805,169612,flicker
30.4845,169362,flicker
30.4886,169488,flicker
30.4929,168919,flicker
30.4972,169153,flicker
30.5009,168902,flicker
30.5050,168908,flicker
30.5092,169703,flicker
30.5146,168775,flicker
30.5173,169279,flicker
30.5214,168888,flicker
30.5256,169241,flicker
30.5306,169278,flicker
30.5337,169028,flicker
30.5378,169511,flicker
30.5419,169591,flicker
30.5461,169696,flicker
30.5501,168973,flicker
30.5542,168988,flicker
30.5583,169305,flicker
30.5626,169528,flicker
30.5668,169339,flicker
30.5706,169010,flicker
30.5747,169178,flicker
30.5752,16,flicker
30.5801,08,flicker
30.5835,168806,flicker
30.5870,169662,flicker
30.5912,168653,flicker
30.5954,169276,flicker
30.5993,169591,flicker
30.6033,169608,flicker
30.6074,169237,flicker
30.6116,6883,flicker
30.6163,169201,flicker
30.6201,169734,flicker
30.6258,169019,flicker
30.6281,168427,flicker
30.6332,168580,flicker
30.6362,168407,flicker
30.6402,169171,flicker
30.6443,69631,flicker
30.6489,168943,flicker
30.6530,169287,flicker
30.6566,169145,flicker
30.6609,169395,flicker
30.6656,169286,flicker
30.6688,169092,flicker
30.6729,169151,flicker
30.6771,169373,flicker
30.6812,169535,flicker
30.6853,169299,flicker
30.6894,168443,flicker
30.6935,169048,flicker
30.6976,169087,flicker
30.7017,169650,flicker
30.7026,1,flicker
30.7058,69524,flicker
30.7066,1690,flicker
30.7098,21,flicker
30.7106,169481,flicker
30.7140,169137,flicker
30.7180,169283,flicker
30.7221,168685,flicker
30.7262,168720,flicker
30.7304,168985,flicker
30.7344,169449,flicker
30.7385,169995,flicker
30.7427,169394,flicker
30.7475,168763,flicker
30.7509,169693,flicker
30.7549,169105,flicker
30.7591,169501,flicker
30.7640,169204,flicker
30.7672,169046,flicker
30.7712,169205,flicker
30.7754,169049,flicker
30.7802,169827,flicker
30.7836,169858,flicker
30.7877,169138,flicker
30.7918,169935,flicker
30.7969,169570,flicker
30.7999,169148,flicker
30.8040,169128,flicker
30.8081,169343,flicker
30.8126,169685,flicker
30.8167,168854,flicker
30.8204,169787,flicker
30.8245,169092,flicker
30.8287,69157,flicker
30.8301,1,flicker
30.8334,9935,flicker
30.8352,1697,flicker
30.8372,07,flicker
30.8382,169344,flicker
30.8409,169784,flicker
30.8458,168853,flicker
30.8491,169498,flicker
30.8532,169278,flicker
30.8573,169096,flicker
30.8619,169182,flicker
30.8657,169150,flicker
30.8697,168986,flicker
30.8738,168925,flicker
30.8779,699,flicker
30.8819,6924,flicker
30.8863,169453,flicker
30.8901,169455,flicker
30.8942,169938,flicker
30.8985,169296,flicker
30.9024,169623,flicker
30.9065,168959,flicker
30.9125,697,flicker
30.9150,168740,flicker
30.9197,169754,flicker
30.9231,169109,flicker
30.9274,169357,flicker
30.9318,169993,flicker
30.9352,169148,flicker
30.9393,169412,flicker
30.9434,169290,flicker
30.9482,169057,flicker
30.9515,169449,flicker
30.9556,169050,flicker
30.9563,1,flicker
30.9597,68682,flicker
30.9611,169,flicker
30.9639,334,flicker
30.9653,169186,flicker
30.9679,169826,flicker
30.9720,168847,flicker
30.9761,169705,flicker
30.9807,169202,flicker
30.9843,169711,flicker
30.9884,169342,flicker
30.9924,168713,flicker
30.9975,169699,flicker
31.0007,169464,flicker
31.0047,169257,flicker
31.0088,169366,flicker
31.0136,169151,flicker
31.0170,169319,flicker
31.0211,169288,flicker
31.0252,169561,flicker
31.0300,168477,flicker
31.0334,169339,flicker
31.0375,169266,flicker
31.0416,169135,flicker
31.0461,169104,flicker
31.0499,169422,flicker
31.0539,168805,flicker
31.0580,169088,flicker
31.0622,6951,flicker
31.0668,169136,flicker
31.0707,169195,flicker
31.0744,169048,flicker
31.0806,698,flicker
31.0831,169282,flicker
31.0867,169695,flicker
31.0886,168,flicker
31.0908,837,flicker
31.0915,16936,flicker
31.0961,6,flicker
31.0961,168941,flicker
31.0989,169326,flicker
31.1030,169201,flicker
31.1071,168600,flicker
31.1155,169721,flicker
31.1194,169704,flicker
31.1236,169436,flicker
31.1293,65,flicker
31.1318,169128,flicker
31.1359,169240,flicker
31.1399,168866,flicker
31.1448,691,flicker
31.1483,168474,flicker
31.1523,169165,flicker
31.1563,169500,flicker
31.1605,1631,flicker
31.1649,169101,flicker
31.1699,168822,flicker
31.1734,168992,flicker
31.1769,169007,flicker
31.1817,169184,flicker
31.1850,169484,flicker
31.1890,168472,flicker
31.1933,168570,flicker
31.1976,169272,flicker
31.2013,169348,flicker
31.2054,169281,flicker
31.2097,168785,flicker
31.2147,169042,flicker
31.2156,16,flicker
31.2178,9279,flicker
31.2187,16946,flicker
31.2218,6,flicker
31.2219,169220,flicker
31.2261,168578,flicker
31.2305,169583,flicker
31.2341,169243,flicker
31.2382,168943,flicker
31.2423,169611,flicker
31.2469,168867,flicker
31.2507,168688,flicker
31.2547,169076,flicker
31.2588,169324,flicker
31.2631,169597,flicker
31.2669,169305,flicker
31.2711,169936,flicker
31.2752,168819,flicker
31.2796,169489,flicker
31.2832,169458,flicker
31.2873,168990,flicker
31.2914,169558,flicker
31.2956,168553,flicker
31.2996,169026,flicker
31.3037,169356,flicker
31.3078,168621,flicker
31.3123,169706,flicker
31.3161,169251,flicker
31.3201,169100,flicker
31.3242,169053,flicker
31.3284,168908,flicker
31.3324,169747,flicker
31.3365,169374,flicker
31.3407,169342,flicker
31.3426,16,flicker
31.3457,6,flicker
31.3497,9,flicker
31.3524,169933,flicker
31.3529,169170,flicker
31.3570,168930,flicker
31.3630,6,flicker
31.3656,168705,flicker
31.3695,169158,flicker
31.3735,168978,flicker
31.3776,695,flicker
31.3819,169210,flicker
31.3858,168725,flicker
31.3898,169921,flicker
31.3946,689,flicker
31.3992,169172,flicker
31.4029,169670,flicker
31.4063,169248,flicker
31.4123,11,flicker
31.4144,168865,flicker
31.4194,169490,flicker
31.4231,169175,flicker
31.4267,168870,flicker
31.4311,169719,flicker
31.4348,168994,flicker
31.4389,169404,flicker
31.4431,169572,flicker
31.4481,168893,flicker
31.4512,169364,flicker
31.4553,168840,flicker
31.4594,169445,flicker
31.4636,169468,flicker
31.4677,168788,flicker
31.4686,1,flicker
31.4717,69373,flicker
31.4726,1688,flicker
31.4758,06,flicker
31.4768,168891,flicker
31.4799,169670,flicker
31.4840,169423,flicker
31.4881,169554,flicker
31.4923,169399,flicker
31.4963,168842,flicker
31.5004,169679,flicker
31.5045,169411,flicker
31.5086,169850,flicker
31.5133,169047,flicker
31.5168,168946,flicker
31.5208,169058,flicker
31.5251,169672,flicker
31.5291,169403,flicker
31.5334,168804,flicker
31.5372,169193,flicker
31.5413,169585,flicker
31.5459,169561,flicker
31.5496,169228,flicker
31.5537,169066,flicker
31.5577,169394,flicker
31.5620,169120,flicker
31.5660,169426,flicker
31.5701,169014,flicker
31.5742,169417,flicker
31.5797,6938,flicker
31.5837,169457,flicker
31.5870,169547,flicker
31.5904,168264,flicker
31.5946,6895,flicker
31.5954,1,flicker
31.5989,69426,flicker
31.6003,1691,flicker
31.6028,88,flicker
31.6047,169037,flicker
31.6086,169165,flicker
31.6112,169213,flicker
31.6151,169443,flicker
31.6195,169584,flicker
31.6233,169029,flicker
31.6274,69136,flicker
31.6322,168845,flicker
31.6355,169242,flicker
31.6413,169209,flicker
31.6479,620,flicker
31.6525,169092,flicker
31.6568,169268,flicker
31.6605,169593,flicker
31.6659,6,flicker
31.6690,168987,flicker
31.6724,169372,flicker
31.6766,16947,flicker
31.6806,169541,flicker
31.6846,169280,flicker
31.6887,169210,flicker
31.6929,169156,flicker
31.6969,169086,flicker
31.7010,168970,flicker
31.7051,169255,flicker
31.7093,168949,flicker
31.7133,169290,flicker
31.7174,169354,flicker
31.7215,169494,flicker
31.7227,1,flicker
31.7257,69407,flicker
31.7274,1690,flicker
31.7297,28,flicker
31.7305,169137,flicker
31.7338,169181,flicker
31.7379,169578,flicker
31.7420,169245,flicker
31.7465,168720,flicker
31.7502,169851,flicker
31.7543,168931,flicker
31.7584,169220,flicker
31.7635,169269,flicker
31.7667,168820,flicker
31.7707,169697,flicker
31.7748,168905,flicker
31.7794,169298,flicker
31.7831,169821,flicker
31.7872,168667,flicker
31.7911,169685,flicker
31.7954,168898,flicker
31.7994,169432,flicker
31.8034,169517,flicker
31.8075,168513,flicker
31.8116,69226,flicker
31.8163,169179,flicker
31.8198,169154,flicker
31.8239,169345,flicker
31.8286,168541,flicker
31.8322,169164,flicker
31.8363,169443,flicker
31.8404,169558,flicker
31.8444,69556,flicker
31.8487,168726,flicker
31.8526,169508,flicker
31.8540,168,flicker
31.8568,818,flicker
31.8579,169271,flicker
31.8633,2,flicker
31.8661,169101,flicker
31.8691,169400,flicker
31.8731,168481,flicker
31.8813,168679,flicker
31.8854,168873,flicker
31.8894,168710,flicker
31.8941,686,flicker
31.8976,169444,flicker
31.9017,169227,flicker
31.9058,169310,flicker
31.9114,1,flicker
31.9142,168679,flicker
31.9181,169430,flicker
31.9222,169193,flicker
31.9263,169218,flicker
31.9304,169563,flicker
31.9345,169250,flicker
31.9386,168898,flicker
31.9428,169383,flicker
31.9469,168845,flicker
31.9510,169673,flicker
31.9551,169068,flicker
31.9591,169331,flicker
31.9632,169299,flicker
31.9674,169246,flicker
31.9714,169563,flicker
31.9755,169169,flicker
31.9798,169396,flicker
31.9807,169,flicker
31.9837,710,flicker
31.9846,169004,flicker
31.9878,169619,flicker
31.9919,169266,flicker
31.9960,169005,rest
32.0000,169527,rest
32.0041,169653,rest
32.0083,169239,rest
32.0124,168973,rest
32.0164,169287,rest
32.0205,169093,rest
32.0248,169224,rest
32.0288,169442,rest
32.0328,169337,rest
32.0369,168956,rest
32.0410,169564,rest
32.0463,1,rest
32.0492,169439,rest
32.0533,168559,rest
32.0574,169061,rest
32.0628,169351,rest
32.0656,169567,rest
32.0697,169266,rest
32.0738,169122,rest
32.0780,684,rest
32.0824,169247,rest
32.0861,168887,rest
32.0901,169050,rest
32.0945,168907,rest
32.0983,169478,rest
32.1024,169220,rest
32.1065,169453,rest
32.1073,16,rest
32.1110,9146,rest
32.1128,16908,rest
32.1147,6,rest
32.1149,169203,rest
32.1189,168903,rest
32.1229,169755,rest
32.1316,169205,rest
32.1353,169118,rest
32.1394,169175,rest
32.1446,69450,rest
32.1486,168962,rest
32.1516,169365,rest
32.1557,169107,rest
32.1599,656,rest
32.1648,169239,rest
32.1681,168698,rest
32.1720,169115,rest
32.1766,690,rest
32.1810,169437,rest
32.1844,170093,rest
32.1885,168422,rest
32.1925,169028,rest
32.1968,169007,rest
32.2008,169283,rest
32.2048,169325,rest
32.2090,168285,rest
32.2136,169145,rest
32.2171,169188,rest
32.2212,169978,rest
32.2255,169084,rest
32.2297,168972,rest
32.2335,169516,rest
32.2348,16,rest
32.2376,8827,rest
32.2389,16918,rest
32.2418,5,rest
32.2420,169100,rest
32.2461,168519,rest
32.2500,169167,rest
32.2541,168791,rest
32.2581,168877,rest
32.2626,169359,rest
32.2664,168630,rest
32.2705,169596,rest
32.2745,169411,rest
32.2797,169119,rest
32.2828,168759,rest
32.2869,168051,rest
32.2909,169926,rest
32.2964,168871,rest
32.2990,168991,rest
32.3031,169135,rest
32.3072,168893,rest
32.3123,169509,rest
32.3154,168844,rest
32.3195,169113,rest
32.3236,169251,rest
32.3290,168869,rest
32.3319,170007,rest
32.3361,169075,rest
32.3400,168858,rest
32.3447,169338,rest
32.3483,169154,rest
32.3524,169732,rest
32.3564,168231,rest
32.3610,168997,rest
32.3614,1,rest
32.3646,69935,rest
32.3654,16864,rest
32.3687,0,rest
32.3693,169310,rest
32.3729,169692,rest
32.3769,68692,rest
32.3816,169260,rest
32.3851,168737,rest
32.3891,169383,rest
32.3944,904,rest
32.3979,169070,rest
32.4014,169600,rest
32.4056,169789,rest
32.4116,6,rest
32.4140,168485,rest
32.4179,169148,rest
32.4220,169213,rest
32.4281,191,rest
32.4302,169625,rest
32.4352,169246,rest
32.4384,168974,rest
32.4425,169362,rest
32.4465,169154,rest
32.4506,169141,rest
32.4547,168985,rest
32.4590,168682,rest
32.4630,169694,rest
32.4670,168810,rest
32.4711,169266,rest
32.4752,169115,rest
32.4796,168965,rest
32.4834,169489,rest
32.4875,169759,rest
32.4880,1,rest
32.4916,69128,rest
32.4918,1684,rest
32.4968,49,rest
32.4991,169311,rest
32.4998,169425,rest
32.5039,168941,rest
32.5081,168836,rest
32.5121,169141,rest
32.5161,169056,rest
32.5202,169434,rest
32.5244,169267,rest
32.5287,168452,rest
32.5325,168955,rest
32.5366,168805,rest
32.5407,169432,rest
32.5450,168528,rest
32.5489,169378,rest
32.5530,169389,rest
32.5571,169225,rest
32.5621,168734,rest
32.5654,169109,rest
32.5694,169217,rest
32.5734,169404,rest
32.5779,168934,rest
32.5818,168874,rest
32.5859,169807,rest
32.5899,168590,rest
32.5952,169090,rest
32.5980,169275,rest
32.6022,169298,rest
32.6063,169071,rest
32.6104,168643,rest
32.6147,169496,rest
32.6186,168914,rest
32.6199,168,rest
32.6227,934,rest
32.6228,16943,rest
32.6309,168629,rest
32.6350,169430,rest
32.6390,169697,rest
32.6431,69091,rest
32.6473,168235,rest
32.6522,168759,rest
32.6561,168830,rest
32.6610,603,rest
32.6638,169196,rest
32.6684,168486,rest
32.6718,169244,rest
32.6761,16914,rest
32.6806,169209,rest
32.6842,168941,rest
32.6888,169394,rest
32.6922,169178,rest
32.6973,169030,rest
32.7005,169091,rest
32.7045,169213,rest
32.7087,168937,rest
32.7129,169150,rest
32.7169,169193,rest
32.7209,168673,rest
32.7250,169213,rest
32.7291,169028,rest
32.7332,169532,rest
32.7373,169202,rest
32.7415,168642,rest
32.7456,169263,rest
32.7473,16,rest
32.7496,8660,rest
32.7502,16939,rest
32.7537,4,rest
32.7538,169658,rest
32.7580,169729,rest
32.7624,169870,rest
32.7660,169534,rest
32.7700,169913,rest
32.7742,169435,rest
32.7783,168943,rest
32.7823,168794,rest
32.7864,168857,rest
32.7905,169533,rest
32.7954,169247,rest
32.7988,169226,rest
32.8029,169607,rest
32.8069,168655,rest
32.8128,169256,rest
32.8152,168678,rest
32.8192,168781,rest
32.8233,169380,rest
32.8275,68699,rest
32.8324,169067,rest
32.8367,169040,rest
32.8398,169320,rest
32.8449,169598,rest
32.8480,168996,rest
32.8520,169648,rest
32.8561,168721,rest
32.8668,169482,rest
32.8684,169310,rest
32.8725,169771,rest
32.8740,16,rest
32.8766,790,rest
32.8782,1694,rest
32.8813,4,rest
32.8830,169132,rest
32.8852,169078,rest
32.8890,169454,rest
32.8930,68623,rest
32.8974,169581,rest
32.9018,169285,rest
32.9052,168949,rest
32.9094,18971,rest
32.9138,168326,rest
32.9184,169307,rest
32.9220,169303,rest
32.9259,168856,rest
32.9298,169388,rest
32.9341,169010,rest
32.9383,169176,rest
32.9422,169140,rest
32.9470,169309,rest
32.9503,169405,rest
32.9544,169111,rest
32.9585,169087,rest
32.9635,169467,rest
32.9667,169237,rest
32.9710,169426,rest
32.9751,168565,rest
32.9791,169440,rest
32.9831,169399,rest
32.9872,169236,rest
32.9913,169040,rest
32.9956,169191,rest
32.9996,169159,rest
33.0004,1,rest
33.0036,69403,rest
33.0046,1689,rest
33.0078,99,rest
33.0095,169179,rest
33.0132,168843,rest
33.0158,169175,rest
33.0199,169203,rest
33.0240,169462,rest
33.0290,169150,rest
33.0324,169458,rest
33.0365,169133,rest
33.0405,169504,rest
33.0449,168837,rest
33.0486,168607,rest
33.0526,168690,rest
33.0568,168794,rest
33.0609,69760,rest
33.0653,169118,rest
33.0694,168793,rest
33.0733,168873,rest
33.0774,168598,rest
33.0822,169473,rest
33.0854,169099,rest
33.0895,168718,rest
33.0937,6914,rest
33.0989,169185,rest
33.1022,169254,rest
33.1068,168991,rest
33.1102,655,rest
33.1150,169201,rest
33.1190,169114,rest
33.1230,168909,rest
33.1268,169149,rest
33.1271,1,rest
33.1307,69101,rest
33.1309,1693,rest
33.1346,97,rest
33.1360,169067,rest
33.1387,169523,rest
33.1428,69089,rest
33.1473,168432,rest
33.1516,169163,rest
33.1561,169358,rest
33.1595,168929,rest
33.1636,169188,rest
33.1679,169038,rest
33.1716,169184,rest
33.1756,168783,rest
33.1796,169435,rest
33.1842,169114,rest
33.1879,168586,rest
33.1920,168947,rest
33.1970,169005,rest
33.2002,168958,rest
33.2043,168486,rest
33.2084,169115,rest
33.2133,169308,rest
33.2165,169342,rest
33.2206,169166,rest
33.2248,169242,rest
33.2297,168158,rest
33.2329,169087,rest
33.2370,168763,rest
33.2411,169259,rest
33.2461,169141,rest
33.2494,168380,rest
33.2534,169976,rest
33.2537,1,rest
33.2575,69113,rest
33.2589,1692,rest
33.2617,25,rest
33.2638,168742,rest
33.2657,169234,rest
33.2698,169585,rest
33.2739,168581,rest
33.2781,168510,rest
33.2821,169636,rest
33.2863,169064,rest
33.2903,169334,rest
33.2957,168961,rest
33.2985,169199,rest
33.3026,169856,rest
33.3066,168936,rest
33.3116,169708,rest
33.3148,169472,rest
33.3189,169370,rest
33.3230,169337,rest
33.3278,168801,rest
33.3312,169603,rest
33.3353,169192,rest
33.3394,169488,rest
33.3441,168818,rest
33.3476,169178,rest
33.3517,169027,rest
33.3559,169546,rest
33.3648,169402,rest
33.3681,169207,rest
33.3721,169700,rest
33.3764,6910,rest
33.3829,169055,rest
33.3847,169026,rest
33.3854,1689,rest
33.3886,72,rest
33.3904,169832,rest
33.3935,6924,rest
33.3970,169285,rest
33.4010,169332,rest
33.4052,168872,rest
33.4091,169571,rest
33.4131,168841,rest
33.4173,169334,rest
33.4214,169428,rest
33.4298,168987,rest
33.4344,169475,rest
33.4378,169165,rest
33.4436,16948,rest
33.4466,169337,rest
33.4502,169589,rest
33.4544,169245,rest
33.4582,169418,rest
33.4622,169803,rest
33.4665,169274,rest
33.4705,169543,rest
33.4746,169406,rest
33.4787,169382,rest
33.4828,169389,rest
33.4868,169809,rest
33.4910,169410,rest
33.4957,169262,rest
33.4993,169527,rest
33.5032,169586,rest
33.5074,169026,rest
33.5121,169556,rest
33.5136,168,rest
33.5155,923,rest
33.5160,16914,rest
33.5197,7,rest
33.5197,169243,rest
33.5238,168712,rest
33.5280,168865,rest
33.5320,169068,rest
33.5361,169101,rest
33.5403,169302,rest
33.5447,169632,rest
33.5487,168814,rest
33.5525,168604,rest
33.5565,169161,rest
33.5618,169342,rest
33.5646,169449,rest
33.5688,169312,rest
33.5728,168617,rest
33.5774,169535,rest
33.5812,170200,rest
33.5852,169174,rest
33.5894,168695,rest
33.5934,169336,rest
33.5975,168875,rest
33.6015,169232,rest
33.6057,168831,rest
33.6097,69038,rest
33.6144,168730,rest
33.6181,169178,rest
33.6220,169049,rest
33.6266,69,rest
33.6309,168480,rest
33.6351,169267,rest
33.6384,168956,rest
33.6385,16,rest
33.6426,13,rest
33.6436,8,rest
33.6466,9,rest
33.6468,168661,rest
33.6516,169484,rest
33.6550,169345,rest
33.6590,9,rest
33.6632,168770,rest
33.6675,169130,rest
33.6711,169367,rest
33.6753,169064,rest
33.6798,169219,rest
33.6835,169281,rest
33.6876,168595,rest
33.6916,169613,rest
33.6957,169059,rest
33.6998,169922,rest
33.7039,168929,rest
33.7081,168938,rest
33.7127,169257,rest
33.7162,169477,rest
33.7203,169358,rest
33.7245,169524,rest
33.7286,168695,rest
33.7327,169168,rest
33.7368,169094,rest
33.7409,169210,rest
33.7450,169443,rest
33.7491,169459,rest
33.7532,169695,rest
33.7573,169003,rest
33.7613,169354,rest
33.7654,169339,rest
33.7672,16,rest
33.7696,8725,rest
33.7702,1695,rest
33.7735,76,rest
33.7742,169174,rest
33.7788,169002,rest
33.7818,169277,rest
33.7858,169166,rest
33.7900,169448,rest
33.7951,168830,rest
33.7981,169390,rest
33.8022,169422,rest
33.8063,168843,rest
33.8109,169719,rest
33.8146,169211,rest
33.8186,169396,rest
33.8227,169246,rest
33.8278,169238,rest
33.8309,169352,rest
33.8350,169119,rest
33.8391,169133,rest
33.8433,6968,rest
33.8474,169266,rest
33.8516,169953,rest
33.8557,169195,rest
33.8639,168767,rest
33.8680,169022,rest
33.8719,169634,rest
33.8820,169803,rest
33.8843,168982,rest
33.8883,168766,rest
33.8941,6,rest
33.8973,68672,rest
33.8977,1685,rest
33.9009,66,rest
33.9027,169317,rest
33.9047,169267,rest
33.9088,6972,rest
33.9131,168648,rest
33.9170,169473,rest
33.9211,169473,rest
33.9265,16,rest
33.9293,169654,rest
33.9336,168890,rest
33.9381,169455,rest
33.9418,169635,rest
33.9460,169198,rest
33.9497,169751,rest
33.9538,169019,rest
33.9579,169447,rest
33.9629,168629,rest
33.9660,168626,rest
33.9702,169223,rest
33.9744,169156,rest
33.9793,169099,rest
33.9824,169305,rest
33.9865,168824,rest
33.9908,168764,rest
33.9951,169122,rest
33.9988,169200,rest
34.0029,169379,rest
34.0074,169251,rest
34.0116,169634,rest
34.0154,168885,rest
34.0193,169092,rest
34.0200,1,rest
34.0235,69615,rest
34.0238,1687,rest
34.0278,84,rest
34.0299,169060,rest
34.0316,169086,rest
34.0357,169097,rest
34.0398,169435,rest
34.0446,169220,rest
34.0480,168691,rest
34.0521,169093,rest
34.0562,169251,rest
34.0615,6,rest
34.0650,169072,rest
34.0690,168593,rest
34.0726,169365,rest
34.0769,169152,rest
34.0810,169294,rest
34.0850,169417,rest
34.0889,168598,rest
34.0933,169343,rest
34.0971,169204,rest
34.1012,169324,rest
34.1053,169236,rest
34.1112,6867,rest
34.1167,168493,rest
34.1176,169381,rest
34.1217,169059,rest
34.1266,169079,rest
34.1300,168548,rest
34.1341,169163,rest
34.1382,169053,rest
34.1439,16,rest
34.1469,168517,rest
34.1508,168961,rest
34.1515,169,rest
34.1545,235,rest
34.1555,168917,rest
34.1588,147,rest
34.1631,168832,rest
34.1679,168867,rest
34.1711,169318,rest
34.1797,168927,rest
34.1841,168996,rest
34.1872,168655,rest
34.1915,169635,rest
34.1954,168626,rest
34.1996,169726,rest
34.2036,169360,rest
34.2077,168549,rest
34.2126,169442,rest
34.2159,169258,rest
34.2200,168676,rest
34.2242,169185,rest
34.2289,168417,rest
34.2324,169459,rest
34.2365,168949,rest
34.2405,169236,rest
34.2447,168901,rest
34.2487,168679,rest
34.2528,169443,rest
34.2569,169083,rest
34.2611,168901,rest
34.2652,169173,rest
34.2692,169194,rest
34.2733,169488,rest
34.2777,169061,rest
34.2789,169,rest
34.2815,667,rest
34.2821,169483,rest
34.2856,168818,rest
34.2896,169118,rest
34.2941,169126,rest
34.2979,169024,rest
34.3020,169058,rest
34.3060,168970,rest
34.3109,169223,rest
34.3142,169260,rest
34.3183,168924,rest
34.3224,169220,rest
34.3274,169030,rest
34.3306,169324,rest
34.3347,169352,rest
34.3388,169483,rest
34.3443,168913,rest
34.3470,168826,rest
34.3511,169081,rest
34.3552,169137,rest
34.3594,6996,rest
34.3661,169271,rest
34.3680,169035,rest
34.3717,169516,rest
34.3757,68449,rest
34.3815,169285,rest
34.3841,169503,rest
34.3880,168929,rest
34.3930,689,rest
34.3971,168818,rest
34.4003,169237,rest
34.4044,169289,rest
34.4058,169,rest
34.4084,75,rest
34.4097,169745,rest
34.4136,168801,rest
34.4181,169272,rest
34.4208,169777,rest
34.4265,1697,rest
34.4289,168961,rest
34.4331,168970,rest
34.4371,169193,rest
34.4412,169643,rest
34.4453,169657,rest
34.4493,169346,rest
34.4535,168724,rest
34.4576,169265,rest
34.4627,169069,rest
34.4658,169240,rest
34.4698,169682,rest
34.4741,169417,rest
34.4781,169784,rest
34.4822,169405,rest
34.4863,168908,rest
34.4905,168817,rest
34.4945,168712,rest
34.4985,169050,rest
34.5026,169657,rest
34.5068,169299,rest
34.5112,169405,rest
34.5151,169271,rest
34.5191,169477,rest
34.5233,169324,rest
34.5278,169520,rest
34.5313,169591,rest
34.5330,16,rest
34.5355,9015,rest
34.5359,16908,rest
34.5395,4,rest
34.5397,169551,rest
34.5439,169458,rest
34.5478,169424,rest
34.5519,168681,rest
34.5559,168721,rest
34.5603,169671,rest
34.5641,168831,rest
34.5682,169078,rest
34.5722,168923,rest
34.5774,169181,rest
34.5804,168706,rest
34.5845,168824,rest
34.5886,168619,rest
34.5945,68,rest
34.5969,168668,rest
34.6010,169211,rest
34.6050,169821,rest
34.6097,168618,rest
34.6132,169477,rest
34.6173,169292,rest
34.6214,169119,rest
34.6259,169381,rest
34.6297,169074,rest
34.6337,169321,rest
34.6378,169478,rest
34.6467,169295,rest
34.6501,168991,rest
34.6542,168360,rest
34.6583,015,rest
34.6596,16,rest
34.6650,449,rest
34.6654,16924,rest
34.6664,5,rest
34.6665,168822,rest
34.6705,169130,rest
34.6779,98,rest
34.6807,169038,rest
34.6833,169263,rest
34.6871,168777,rest
34.6911,169417,rest
34.6952,169166,rest
34.6992,169832,rest
34.7033,169598,rest
34.7076,169122,rest
34.7116,169489,rest
34.7156,169665,rest
34.7197,169810,rest
34.7239,169608,rest
34.7279,168624,rest
34.7321,169672,rest
34.7362,169534,rest
34.7402,169740,rest
34.7445,169706,rest
34.7484,169205,rest
34.7524,169102,rest
34.7566,169113,rest
34.7613,168860,rest
34.7648,169065,rest
34.7688,169123,rest
34.7730,169790,rest
34.7776,169488,rest
34.7813,169125,rest
34.7853,168869,rest
34.7856,16,rest
34.7893,8636,rest
34.7908,1694,rest
34.7936,72,rest
34.7956,169238,rest
34.7975,169432,rest
34.8017,169368,rest
34.8057,168756,rest
34.8107,169418,rest
34.8141,168561,rest
34.8181,169084,rest
34.8221,169241,rest
34.8263,68673,rest
34.8306,169911,rest
34.8347,169032,rest
34.8385,169692,rest
34.8427,169592,rest
34.8470,168478,rest
34.8508,169600,rest
34.8549,169356,rest
34.8604,686,rest
34.8630,169665,rest
34.8672,169031,rest
34.8712,169068,rest
34.8766,169114,rest
34.8794,169681,rest
34.8835,169136,rest
34.8876,169125,rest
34.8943,09,rest
34.8979,169384,rest
34.9001,169989,rest
34.9040,169309,rest
34.9084,6,rest
34.9126,170051,rest
34.9135,1,rest
34.9165,69485,rest
34.9176,1698,rest
34.9204,91,rest
34.9217,169268,rest
34.9261,169221,rest
34.9287,169380,rest
34.9327,169185,rest
34.9368,169830,rest
34.9410,169569,rest
34.9450,169514,rest
34.9491,169335,rest
34.9531,168913,rest
34.9573,169359,rest
34.9614,169054,rest
34.9654,169337,rest
34.9695,169375,rest
34.9738,168837,rest
34.9778,169239,rest
34.9818,169606,rest
34.9859,169027,rest
34.9901,168858,rest
34.9943,169708,rest
34.9982,168894,rest
35.0023,168707,rest
35.0064,169476,rest
35.0113,168569,rest
35.0146,169259,rest
35.0187,170004,rest
35.0229,169284,rest
35.0274,168937,rest
35.0311,169539,rest
35.0352,169375,rest
35.0392,169437,rest
35.0395,1,rest
35.0443,69056,rest
35.0445,1688,rest
35.0474,94,rest
35.0486,168655,rest
35.0515,169020,rest
35.0555,169584,rest
35.0601,169009,rest
35.0638,169380,rest
35.0678,168576,rest
35.0719,168874,rest
35.0770,168600,rest
35.0802,169388,rest
35.0843,169045,rest
35.0883,168349,rest
35.0934,169203,rest
35.0965,169676,rest
35.1006,169181,rest
35.1047,169379,rest
35.1092,168608,rest
35.1130,169520,rest
35.1170,168939,rest
35.1211,169462,rest
35.1254,69392,rest
35.1293,168882,rest
35.1334,169125,rest
35.1377,169461,rest
35.1422,9,rest
35.1466,169030,rest
35.1500,168587,rest
35.1538,169079,rest
35.1580,168810,rest
35.1621,169391,rest
35.1664,169038,rest
35.1704,169098,rest
35.1710,169,rest
35.1744,652,rest
35.1761,168871,rest
35.1789,169289,rest
35.1826,168775,rest
35.1866,168565,rest
35.1908,169397,rest
35.1950,168922,rest
35.1989,169391,rest
35.2030,169168,rest
35.2073,168776,rest
35.2118,169235,rest
35.2153,168586,rest
35.2194,169403,rest
35.2236,169501,rest
35.2286,168941,rest
35.2318,169832,rest
35.2358,168273,rest
35.2400,169013,rest
35.2441,169128,rest
35.2482,169404,rest
35.2522,169274,rest
35.2564,169066,rest
35.2604,169102,rest
35.2644,169153,rest
35.2685,168816,rest
35.2728,169227,rest
35.2772,169051,rest
35.2808,169261,rest
35.2849,169285,rest
35.2890,168831,rest
35.2936,69,rest
35.2985,169101,rest
35.2995,169,rest
35.3013,073,rest
35.3016,169168,rest
35.3054,168602,rest
35.3104,169890,rest
35.3137,168819,rest
35.3177,169497,rest
35.3218,169007,rest
35.3261,693,rest
35.3345,169594,rest
35.3350,168675,rest
35.3382,169089,rest
35.3426,169582,rest
35.3464,169329,rest
35.3505,169449,rest
35.3546,169185,rest
35.3589,169371,rest
35.3628,169395,rest
35.3668,169233,rest
35.3709,169873,rest
35.3766,6910,rest
35.3797,169434,rest
35.3833,169973,rest
35.3875,169486,rest
35.3921,6966,rest
35.3965,168928,rest
35.3997,168949,rest
35.4038,169600,rest
35.4081,698,rest
35.4124,169509,rest
35.4160,168982,rest
35.4201,169368,rest
35.4260,6,rest
35.4289,99,rest
35.4303,169461,rest
35.4325,169072,rest
35.4367,168966,rest
35.4407,169502,rest
35.4450,169536,rest
35.4488,169582,rest
35.4528,169732,rest
35.4569,169711,rest
35.4611,169264,rest
35.4651,169581,rest
35.4692,169594,rest
35.4734,169351,rest
35.4781,169450,rest
35.4816,169316,rest
35.4856,169085,rest
35.4898,169789,rest
35.4938,169574,rest
35.4979,169324,rest
35.5020,169489,rest
35.5061,169366,rest
35.5104,168731,rest
35.5143,169858,rest
35.5184,169311,rest
35.5226,168944,rest
35.5273,169276,rest
35.5307,168941,rest
35.5348,169446,rest
35.5389,169141,rest
35.5431,169408,rest
35.5471,169232,rest
35.5512,168636,rest
35.5526,16,rest
35.5553,8948,rest
35.5558,16906,rest
35.5597,8,rest
35.5605,169317,rest
35.5634,169406,rest
35.5675,168679,rest
35.5716,169211,rest
35.5760,169482,rest
35.5798,169480,rest
35.5839,169369,rest
35.5880,168798,rest
35.5922,695,rest
35.5971,169065,rest
35.6004,169145,rest
35.6045,169683,rest
35.6085,168710,rest
35.6130,168667,rest
35.6167,169114,rest
35.6208,168884,rest
35.6249,69456,rest
35.6298,168713,rest
35.6337,169156,rest
35.6372,169226,rest
35.6414,688,rest
35.6456,169164,rest
35.6501,169191,rest
35.6543,168662,rest
35.6577,169937,rest
35.6625,168998,rest
35.6659,169173,rest
35.6699,168380,rest
35.6742,6919,rest
35.6782,169671,rest
35.6804,16,rest
35.6822,9009,rest
35.6831,16943,rest
35.6866,8,rest
35.6869,168879,rest
35.6906,16942,rest
35.6948,168645,rest
35.6988,169730,rest
35.7035,169303,rest
35.7068,168718,rest
35.7116,169463,rest
35.7151,169020,rest
35.7191,169555,rest
35.7232,169110,rest
35.7276,168903,rest
35.7314,169430,rest
35.7355,168847,rest
35.7398,169461,rest
35.7438,169575,rest
35.7478,169433,rest
35.7519,169661,rest
35.7560,168923,rest
35.7602,169068,rest
35.7642,169312,rest
35.7683,169109,rest
35.7724,170378,rest
35.7774,169019,rest
35.7805,169035,rest
35.7846,169230,rest
35.7887,168661,rest
35.7933,169670,rest
35.7969,169263,rest
35.8010,169420,rest
35.8051,169092,rest
35.8067,1,rest
35.8094,68957,rest
35.8098,1695,rest
35.8133,48,rest
35.8137,169020,rest
35.8174,169466,rest
35.8215,169650,rest
35.8264,6,rest
35.8300,169181,rest
35.8343,168590,rest
35.8379,169705,rest
35.8422,169666,rest
35.8461,169465,rest
35.8502,169697,rest
35.8543,169462,rest
35.8584,69392,rest
35.8627,169535,rest
35.8677,169432,rest
35.8708,169503,rest
35.8750,691,rest
35.8808,169953,rest
35.8836,169566,rest
35.8871,169211,rest
35.8923,691,rest
35.8953,168925,rest
35.8995,169433,rest
35.9034,169522,rest
35.9083,6,rest
35.9118,169101,rest
35.9159,169096,rest
35.9198,169273,rest
35.9240,169325,rest
35.9280,169193,rest
35.9321,169730,rest
35.9329,1,rest
35.9362,69013,rest
35.9371,1696,rest
35.9403,02,rest
35.9418,169388,rest
35.9444,169474,rest
35.9484,169596,rest
35.9526,169134,rest
35.9567,169119,rest
35.9610,169046,rest
35.9650,169458,rest
35.9691,169187,rest
35.9735,168888,rest
35.9771,169145,rest
35.9812,169250,rest
35.9853,169205,rest
35.9895,169526,rest
35.9936,168929,rest
35.9977,169303,rest
36.0019,168961,rest
36.0060,169051,rest
36.0105,168711,rest
36.0140,169068,rest
36.0181,169502,rest
36.0222,169193,rest
36.0271,168753,rest
36.0304,169321,rest
36.0344,168684,rest
36.0387,168843,rest
36.0436,169532,rest
36.0469,168770,rest
36.0510,169131,rest
36.0550,168748,rest
36.0591,169396,rest
36.0605,1,rest
36.0633,69316,rest
36.0646,1691,rest
36.0673,30,rest
36.0686,168831,rest
36.0714,168922,rest
36.0768,169205,rest
36.0796,169095,rest
36.0837,168665,rest
36.0877,168990,rest
36.0931,168832,rest
36.0960,169121,rest
36.1001,169588,rest
36.1042,169474,rest
36.1087,6,rest
36.1123,168552,rest
36.1165,168837,rest
36.1206,169229,rest
36.1261,169602,rest
36.1289,168637,rest
36.1330,169272,rest
36.1370,169252,rest
36.1413,169027,rest
36.1451,169384,rest
36.1493,168728,rest
36.1534,168982,rest
36.1593,6,rest
36.1627,169448,rest
36.1657,169135,rest
36.1697,168810,rest
36.1738,169494,rest
36.1778,168999,rest
36.1819,169229,rest
36.1860,169330,rest
36.1902,168680,rest
36.1912,168,rest
36.1942,916,rest
36.1950,169440,rest
36.1984,169354,rest
36.2024,169201,rest
36.2066,168430,rest
36.2107,169191,rest
36.2148,169064,rest
36.2189,169164,rest
36.2229,168969,rest
36.2273,169149,rest
36.2311,169302,rest
36.2351,169254,rest
36.2393,169275,rest
36.2435,169484,rest
36.2475,169151,rest
36.2516,170266,rest
36.2557,169593,rest
36.2601,169692,rest
36.2638,168983,rest
36.2679,168875,rest
36.2721,169689,rest
36.2766,69,rest
36.2817,170061,rest
36.2843,169658,rest
36.2886,168898,rest
36.2931,169182,rest
36.2967,168630,rest
36.3007,169055,rest
36.3048,169242,rest
36.3104,168607,rest
36.3130,169179,rest
36.3171,169242,rest
36.3180,169,rest
36.3212,515,rest
36.3220,169527,rest
36.3259,169016,rest
36.3294,169534,rest
36.3335,169484,rest
36.3375,169037,rest
36.3428,169554,rest
36.3458,168927,rest
36.3499,169273,rest
36.3540,169093,rest
36.3598,169369,rest
36.3622,169408,rest
36.3662,169402,rest
36.3703,169395,rest
36.3754,690,rest
36.3789,169466,rest
36.3826,169422,rest
36.3867,169020,rest
36.3908,69166,rest
36.3955,169098,rest
36.4003,169674,rest
36.4040,169710,rest
36.4072,168991,rest
36.4122,169557,rest
36.4154,168282,rest
36.4195,169624,rest
36.4248,169629,rest
36.4278,169118,rest
36.4318,169663,rest
36.4359,169377,rest
36.4401,169580,rest
36.4441,169061,rest
36.4447,16,rest
36.4482,9454,rest
36.4496,16934,rest
36.4522,2,rest
36.4523,169266,rest
36.4564,169427,rest
36.4604,169933,rest
36.4645,169311,rest
36.4686,168864,rest
36.4728,168955,rest
36.4772,169559,rest
36.4809,169387,rest
36.4850,169262,rest
36.4891,169188,rest
36.4935,168728,rest
36.4973,169072,rest
36.5014,169434,rest
36.5056,168764,rest
36.5096,168929,rest
36.5137,168912,rest
36.5178,169286,rest
36.5219,169598,rest
36.5262,168736,rest
36.5301,169007,rest
36.5342,169188,rest
36.5383,169176,rest
36.5430,169398,rest
36.5466,168940,rest
36.5507,169592,rest
36.5546,168262,rest
36.5591,168994,rest
36.5628,169286,rest
36.5669,169312,rest
36.5710,168996,rest
36.5724,16,rest
36.5752,967,rest
36.5766,1690,rest
36.5831,2,rest
36.5834,169759,rest
36.5835,168745,rest
36.5877,168664,rest
36.5916,6842,rest
36.5956,169285,rest
36.6007,169233,rest
36.6038,169464,rest
36.6079,168814,rest
36.6122,169375,rest
36.6161,169255,rest
36.6202,169123,rest
36.6253,695,rest
36.6289,168759,rest
36.6333,169078,rest
36.6373,169013,rest
36.6408,697,rest
36.6459,169183,rest
36.6499,168712,rest
36.6533,169102,rest
36.6571,169000,rest
36.6612,169047,rest
36.6652,169052,rest
36.6693,168307,rest
36.6735,61,rest
36.6781,169110,rest
36.6827,169325,rest
36.6857,169162,rest
36.6900,168592,rest
36.6940,169833,rest
36.6981,169607,rest
36.6983,1,rest
36.7022,69616,rest
36.7024,1693,rest
36.7063,03,rest
36.7065,169536,rest
36.7109,169445,rest
36.7144,169064,rest
36.7185,169860,rest
36.7226,170077,rest
36.7267,168520,rest
36.7308,169354,rest
36.7349,169031,rest
36.7390,169399,rest
36.7432,169402,rest
36.7473,168627,rest
36.7514,169410,rest
36.7555,169288,rest
36.7602,169697,rest
36.7635,169374,rest
36.7676,169157,rest
36.7718,169432,rest
36.7764,169162,rest
36.7799,169325,rest
36.7840,169562,rest
36.7884,169392,rest
36.7932,169055,rest
36.7963,168708,rest
36.8004,169728,rest
36.8045,169947,rest
36.8096,168986,rest
36.8127,169690,rest
36.8168,169324,rest
36.8209,169369,rest
36.8252,69044,rest
36.8264,1,rest
36.8308,9337,rest
36.8322,1694,rest
36.8332,72,rest
36.8355,169062,rest
36.8373,168851,rest
36.8430,168968,rest
36.8456,168631,rest
36.8497,169933,rest
36.8537,169426,rest
36.8578,69479,rest
36.8620,169293,rest
36.8668,168599,rest
36.8709,169237,rest
36.8746,168757,rest
36.8786,169162,rest
36.8825,169088,rest
36.8865,168553,rest
36.8906,6910,rest
36.8947,168047,rest
36.9001,169572,rest
36.9030,169226,rest
36.9070,692,rest
36.9113,169859,rest
36.9152,168954,rest
36.9192,168847,rest
36.9283,169077,rest
36.9318,169306,rest
36.9356,169538,rest
36.9400,169293,rest
36.9438,169570,rest
36.9479,168903,rest
36.9520,169883,rest
36.9562,168512,rest
36.9582,169,rest
36.9604,092,rest
36.9609,168950,rest
36.9643,169598,rest
36.9683,169338,rest
36.9725,168834,rest
36.9771,169309,rest
36.9808,169036,rest
36.9849,169508,rest
36.9889,169601,rest
36.9932,168873,rest
36.9970,169487,rest
37.0011,169071,rest
37.0052,169506,rest
37.0101,168957,rest
37.0134,169158,rest
37.0175,169558,rest
37.0216,169478,rest
37.0268,168613,rest
37.0298,168334,rest
37.0339,169238,rest
37.0381,169316,rest
37.0435,169385,rest
37.0464,168778,rest
37.0504,168030,rest
37.0544,168924,rest
37.0587,169405,rest
37.0625,169417,rest
37.0666,169002,rest
37.0708,168917,rest
37.0749,68149,rest
37.0815,168964,rest
37.0832,169130,rest
37.0849,16,rest
37.0871,9799,rest
37.0879,16941,rest
37.0914,12,rest
37.0953,169000,rest
37.1001,169170,rest
37.1035,169109,rest
37.1076,68055,rest
37.1126,168542,rest
37.1163,168869,rest
37.1199,169172,rest
37.1241,168997,rest
37.1282,168870,rest
37.1322,168864,rest
37.1363,168993,rest
37.1413,169099,rest
37.1445,169188,rest
37.1486,168436,rest
37.1526,169469,rest
37.1577,16909,rest
37.1608,168875,rest
37.1653,168975,rest
37.1690,168196,rest
37.1748,4,rest
37.1774,169006,rest
37.1828,169296,rest
37.1854,169236,rest
37.1918,164,rest
37.1939,69349,rest
37.1978,168919,rest
37.2019,169056,rest
37.2059,169334,rest
37.2101,168348,rest
37.2118,16,rest
37.2141,9562,rest
37.2148,16897,rest
37.2182,7,rest
37.2183,168696,rest
37.2223,169191,rest
37.2271,168918,rest
37.2305,169024,rest
37.2346,168849,rest
37.2387,169565,rest
37.2434,169117,rest
37.2469,169003,rest
37.2510,169358,rest
37.2552,169200,rest
37.2592,169057,rest
37.2633,169052,rest
37.2673,168862,rest
37.2716,169978,rest
37.2756,168994,rest
37.2797,169233,rest
37.2838,169429,rest
37.2878,168802,rest
37.2931,168984,rest
37.2960,169726,rest
37.3001,169647,rest
37.3042,168985,rest
37.3084,169151,rest
37.3125,169175,rest
37.3165,169143,rest
37.3206,169367,rest
37.3250,169295,rest
37.3288,169592,rest
37.3329,169211,rest
37.3370,169315,rest
37.3383,1,rest
37.3424,931,rest
37.3452,3,rest
37.3465,169021,rest
37.3494,169666,rest
37.3550,168840,rest
37.3585,64,rest
37.3624,169465,rest
37.3656,168633,rest
37.3699,169382,rest
37.3743,68,rest
37.3781,169525,rest
37.3820,169145,rest
37.3862,169044,rest
37.3903,692,rest
37.3947,169319,rest
37.3984,168782,rest
37.4033,169910,rest
37.4072,169180,rest
37.4113,169231,rest
37.4148,169511,rest
37.4189,169353,rest
37.4230,169971,rest
37.4277,169237,rest
37.4312,169538,rest
37.4352,168608,rest
37.4394,169827,rest
37.4435,169647,rest
37.4477,169364,rest
37.4517,169551,rest
37.4559,169184,rest
37.4599,169560,rest
37.4640,169518,rest
37.4652,1,rest
37.4681,68847,rest
37.4701,1690,rest
37.4723,21,rest
37.4731,168865,rest
37.4764,169417,rest
37.4806,169100,rest
37.4845,168843,rest
37.4887,169573,rest
37.4927,168666,rest
37.4968,169442,rest
37.5009,169963,rest
37.5049,168863,rest
37.5097,168973,rest
37.5132,169554,rest
37.5173,169188,rest
37.5213,169029,rest
37.5254,169027,rest
37.5295,168840,rest
37.5336,169293,rest
37.5377,169397,rest
37.5427,169387,rest
37.5461,169365,rest
37.5502,168625,rest
37.5540,168840,rest
37.5586,169166,rest
37.5622,169400,rest
37.5663,169132,rest
37.5704,168670,rest
37.5753,6917,rest
37.5795,169089,rest
37.5828,169551,rest
37.5869,169563,rest
37.5914,168557,rest
37.5925,1,rest
37.5951,69092,rest
37.5965,169,rest
37.5991,655,rest
37.6005,169338,rest
37.6033,168642,rest
37.6073,69392,rest
37.6124,168902,rest
37.6156,169688,rest
37.6196,169262,rest
37.6253,6,rest
37.6287,168921,rest
37.6320,168799,rest
37.6360,168871,rest
37.6401,169361,rest
37.6445,169506,rest
37.6484,168745,rest
37.6524,168798,rest
37.6565,690,rest
37.6614,169306,rest
37.6647,169671,rest
37.6689,168637,rest
37.6743,679,rest
37.6773,169364,rest
37.6817,169542,rest
37.6852,169005,rest
37.6893,169346,rest
37.6933,169364,rest
37.6976,168970,rest
37.7015,169386,rest
37.7057,169905,rest
37.7097,168630,rest
37.7138,169526,rest
37.7179,168446,rest
37.7220,170115,rest
37.7235,169,rest
37.7266,042,rest
37.7275,168543,rest
37.7302,169439,rest
37.7343,169337,rest
37.7385,168863,rest
37.7433,169524,rest
37.7465,168653,rest
37.7506,169180,rest
37.7548,169539,rest
37.7591,169337,rest
37.7629,169467,rest
37.7670,168770,rest
37.7712,169613,rest
37.7764,169082,rest
37.7795,169623,rest
37.7836,169375,rest
37.7875,168593,rest
37.7923,169977,rest
37.7958,169433,rest
37.7999,169633,rest
37.8039,168907,rest
37.8081,168531,rest
37.8121,169493,rest
37.8162,168994,rest
37.8203,168919,rest
37.8245,69454,rest
37.8286,69042,rest
37.8327,169504,rest
37.8380,169163,rest
37.8408,169495,rest
37.8450,169342,rest
37.8490,168576,rest
37.8497,16,rest
37.8531,9419,rest
37.8536,16938,rest
37.8575,690,rest
37.8627,169217,rest
37.8655,169539,rest
37.8694,169566,rest
37.8749,6,rest
37.8779,169597,rest
37.8824,169320,rest
37.8864,168900,rest
37.8900,6965,rest
37.8955,169356,rest
37.8982,169577,rest
37.9027,169678,rest
37.9066,91,rest
37.9117,170121,rest
37.9151,169270,rest
37.9190,169268,rest
37.9238,92,rest
37.9268,169204,rest
37.9309,170003,rest
37.9357,169123,rest
37.9395,169045,rest
37.9442,169190,rest
37.9472,169283,rest
37.9513,169127,rest
37.9555,168966,rest
37.9596,169156,rest
37.9636,169496,rest
37.9678,169126,rest
37.9719,169880,rest
37.9760,168758,rest
37.9768,16,rest
37.9801,9331,rest
37.9808,16925,rest
37.9842,4,rest
37.9843,169378,rest
37.9883,168850,rest
37.9924,168820,rest
37.9964,169476,rest
38.0005,169617,rest
38.0046,169472,rest
38.0088,169609,rest
38.0129,169564,rest
38.0169,169742,rest
38.0210,169431,rest
38.0255,169288,rest
38.0292,169539,rest
38.0333,168956,rest
38.0374,169147,rest
38.0420,169392,rest
38.0457,169173,rest
38.0497,169401,rest
38.0538,168850,rest
38.0589,169099,rest
38.0620,169407,rest
38.0661,169383,rest
38.0701,169204,rest
38.0757,169192,rest
38.0785,169876,rest
38.0824,169583,rest
38.0865,169614,rest
38.0917,168833,rest
38.0947,168802,rest
38.0988,169025,rest
38.1029,169242,rest
38.1040,16,rest
38.1093,0,rest
38.1134,168964,rest
38.1153,169053,rest
38.1194,169221,rest
38.1238,169063,rest
38.1278,168619,rest
38.1317,168797,rest
38.1357,169358,rest
38.1400,690,rest
38.1440,169943,rest
38.1479,168743,rest
38.1528,169109,rest
38.1574,68,rest
38.1602,169640,rest
38.1645,169645,rest
38.1686,168867,rest
38.1725,69312,rest
38.1773,663,rest
38.1826,169678,rest
38.1848,168995,rest
38.1891,16033,rest
38.1934,169886,rest
38.1971,169225,rest
38.2015,169621,rest
38.2053,169731,rest
38.2094,168965,rest
38.2135,169530,rest
38.2176,169110,rest
38.2218,169271,rest
38.2264,169107,rest
38.2300,168939,rest
38.2317,1,rest
38.2340,69390,rest
38.2346,1691,rest
38.2381,20,rest
38.2396,169207,rest
38.2429,169860,rest
38.2463,168869,rest
38.2503,169645,rest
38.2546,169379,rest
38.2587,169594,rest
38.2626,169869,rest
38.2668,168996,rest
38.2708,169615,rest
38.2752,168948,rest
38.2790,169059,rest
38.2831,169554,rest
38.2874,169151,rest
38.2924,169689,rest
38.2954,169515,rest
38.2995,169349,rest
38.3036,169551,rest
38.3082,169360,rest
38.3118,169288,rest
38.3159,169347,rest
38.3200,169829,rest
38.3241,69283,rest
38.3293,169187,rest
38.3324,170064,rest
38.3364,169418,rest
38.3418,169158,rest
38.3446,169301,rest
38.3486,169355,rest
38.3528,169551,rest
38.3588,695,rest
38.3636,69283,rest
38.3651,169333,rest
38.3652,168850,rest
38.3691,169838,rest
38.3733,6758,rest
38.3795,168851,rest
38.3815,169619,rest
38.3856,169197,rest
38.3897,63,rest
38.3949,169160,rest
38.3982,169263,rest
38.4019,169234,rest
38.4074,1,rest
38.4116,169122,rest
38.4143,168973,rest
38.4188,169918,rest
38.4228,68,rest
38.4269,169472,rest
38.4307,169765,rest
38.4347,169280,rest
38.4402,190,rest
38.4429,168891,rest
38.4483,169545,rest
38.4515,169261,rest
38.4552,169143,rest
38.4594,168889,rest
38.4633,169999,rest
38.4674,168583,rest
38.4716,169837,rest
38.4765,169345,rest
38.4798,169451,rest
38.4838,169490,rest
38.4849,1,rest
38.4880,69334,rest
38.4899,1694,rest
38.4923,39,rest
38.4938,169065,rest
38.4961,169030,rest
38.5002,169342,rest
38.5045,169017,rest
38.5085,168805,rest
38.5126,169155,rest
38.5167,168974,rest
38.5207,169427,rest
38.5254,169144,rest
38.5288,168958,rest
38.5329,169063,rest
38.5371,169180,rest
38.5418,169565,rest
38.5454,169596,rest
38.5494,168507,rest
38.5535,168612,rest
38.5586,169295,rest
38.5616,169593,rest
38.5658,169252,rest
38.5698,169207,rest
38.5744,169093,rest
38.5780,168889,rest
38.5821,169568,rest
38.5862,169221,rest
38.5905,6851,rest
38.5944,169006,rest
38.5985,169350,rest
38.6029,169613,rest
38.6067,169355,rest
38.6108,168969,rest
38.6115,1,rest
38.6149,69241,rest
38.6156,169,rest
38.6190,482,rest
38.6195,169739,rest
38.6233,169416,rest
38.6280,168899,rest
38.6314,169135,rest
38.6354,169024,rest
38.6395,69525,rest
38.6446,169245,rest
38.6480,168635,rest
38.6518,169456,rest
38.6559,6241,rest
38.6601,169710,rest
38.6650,169270,rest
38.6685,169053,rest
38.6732,1960,rest
38.6765,169768,rest
38.6809,169502,rest
38.6846,169486,rest
38.6888,16851,rest
38.6937,169454,rest
38.6979,169068,rest
38.7010,169358,rest
38.7050,168975,rest
38.7097,168819,rest
38.7132,169557,rest
38.7173,169473,rest
38.7214,169407,rest
38.7259,169272,rest
38.7296,168545,rest
38.7336,169516,rest
38.7378,169881,rest
38.7427,169228,rest
38.7446,169,rest
38.7460,798,rest
38.7465,169738,rest
38.7501,169979,rest
38.7542,169175,rest
38.7582,169203,rest
38.7623,169393,rest
38.7664,169185,rest
38.7705,169807,rest
38.7752,169057,rest
38.7787,169412,rest
38.7828,169607,rest
38.7869,169601,rest
38.7920,169659,rest
38.7951,169233,rest
38.7992,169717,rest
38.8033,169462,rest
38.8081,168982,rest
38.8115,169899,rest
38.8156,169532,rest
38.8197,169568,rest
38.8241,169100,rest
38.8278,169198,rest
38.8319,169754,rest
38.8360,169272,rest
38.8418,169658,rest
38.8444,169638,rest
38.8485,169072,rest
38.8527,169364,rest
38.8577,169004,rest
38.8606,169708,rest
38.8648,169636,rest
38.8688,168652,rest
38.8701,169,rest
38.8742,0,rest
38.8776,169329,rest
38.8815,169991,rest
38.8853,169095,rest
38.8894,697,rest
38.8934,168966,rest
38.9003,168910,rest
38.9017,169101,rest
38.9060,65,rest
38.9108,169630,rest
38.9139,169069,rest
38.9180,170007,rest
38.9222,6,rest
38.9270,169095,rest
38.9303,169440,rest
38.9344,169004,rest
38.9385,169574,rest
38.9426,169433,rest
38.9466,169163,rest
38.9508,168863,rest
38.9548,169111,rest
38.9590,169180,rest
38.9631,169584,rest
38.9671,169752,rest
38.9713,169444,rest
38.9759,169473,rest
38.9794,168997,rest
38.9835,169319,rest
38.9876,169645,rest
38.9919,169592,rest
38.9959,169351,rest
38.9966,16,rest
39.0000,9538,rest
39.0006,16954,rest
39.0041,1,rest
39.0041,169559,rest
39.0086,169056,rest
39.0123,169239,rest
39.0164,169371,rest
39.0204,169787,rest
39.0258,169092,rest
39.0286,169415,rest
39.0326,169222,rest
39.0370,169330,rest
39.0413,169775,rest
39.0449,169519,rest
39.0490,169737,rest
39.0531,169203,rest
39.0576,169273,rest
39.0613,169134,rest
39.0654,169384,rest
39.0695,169158,rest
39.0748,168715,rest
39.0779,169260,rest
39.0819,169283,rest
39.0859,168999,rest
39.0908,168900,rest
39.0942,169456,rest
39.0983,169210,rest
39.1024,169728,rest
39.1073,169220,rest
39.1105,168586,rest
39.1146,169260,rest
39.1186,169596,rest
39.1243,169272,rest
39.1258,16,rest
39.1269,9193,rest
39.1278,16863,rest
39.1309,2,rest
39.1310,168823,rest
39.1350,169157,rest
39.1393,69289,rest
39.1441,169554,rest
39.1475,169201,rest
39.1516,169280,rest
39.1574,691,rest
39.1603,169346,rest
39.1638,169456,rest
39.1678,168904,rest
39.1719,69478,rest
39.1783,169441,rest
39.1802,169900,rest
39.1842,170095,rest
39.1887,10,rest
39.1928,169140,rest
39.1966,169174,rest
39.2007,169325,rest
39.2047,169642,rest
39.2089,168983,rest
39.2130,170124,rest
39.2171,169219,rest
39.2213,169388,rest
39.2252,169302,rest
39.2293,169079,rest
39.2334,169149,rest
39.2376,169023,rest
39.2421,169784,rest
39.2457,169494,rest
39.2498,168753,rest
39.2507,17,rest
39.2538,0252,rest
39.2547,1691,rest
39.2583,28,rest
39.2596,169969,rest
39.2623,169594,rest
39.2661,168781,rest
39.2702,169749,rest
39.2743,169053,rest
39.2784,169241,rest
39.2825,169337,rest
39.2866,169542,rest
39.2910,169708,rest
39.2948,169589,rest
39.2989,170085,rest
39.3030,169534,rest
39.3083,168916,rest
39.3112,169894,rest
39.3153,169170,rest
39.3194,169594,rest
39.3248,169367,rest
39.3276,169386,rest
39.3316,169900,rest
39.3358,169175,rest
39.3399,169335,rest
39.3441,169530,rest
39.3482,169350,rest
39.3523,169548,rest
39.3563,69166,rest
39.3630,169318,rest
39.3646,169780,rest
39.3685,169330,rest
39.3742,69,rest
39.3769,169034,rest
39.3771,1,rest
39.3809,69330,rest
39.3822,1693,rest
39.3849,59,rest
39.3851,168803,rest
39.3896,169522,rest
39.3931,168962,rest
39.3972,168867,rest
39.4013,169643,rest
39.4056,19071,rest
39.4106,169380,rest
39.4137,168585,rest
39.4177,168811,rest
39.4218,70055,rest
39.4271,169079,rest
39.4301,169631,rest
39.4341,169012,rest
39.4382,168946,rest
39.4426,169247,rest
39.4464,169843,rest
39.4505,169322,rest
39.4546,168556,rest
39.4586,169586,rest
39.4628,169189,rest
39.4668,169717,rest
39.4710,169129,rest
39.4751,168912,rest
39.4792,168588,rest
39.4832,169774,rest
39.4874,169420,rest
39.4914,169178,rest
39.4956,169078,rest
39.4997,169549,rest
39.5037,169836,rest
39.5085,169459,rest
39.5100,169,rest
39.5120,558,rest
39.5130,169269,rest
39.5161,169354,rest
39.5201,169705,rest
39.5254,169318,rest
39.5282,169004,rest
39.5323,169267,rest
39.5364,169705,rest
39.5409,169367,rest
39.5447,169233,rest
39.5489,169074,rest
39.5528,169364,rest
39.5580,169044,rest
39.5610,169705,rest
39.5652,169849,rest
39.5692,168726,rest
39.5746,5,rest
39.5779,169365,rest
39.5815,169316,rest
39.5856,169948,rest
39.5898,168901,rest
39.5938,168818,rest
39.5979,170068,rest
39.6020,169698,rest
39.6078,61,rest
39.6106,168768,rest
39.6143,168948,rest
39.6184,169022,rest
39.6226,6507,rest
39.6275,169593,rest
39.6310,168537,rest
39.6348,169388,rest
39.6365,169,rest
39.6389,0,rest
39.6396,698,rest
39.6436,169040,rest
39.6474,168928,rest
39.6513,169655,rest
39.6568,6,rest
39.6600,168850,rest
39.6635,169566,rest
39.6676,168191,rest
39.6718,16871,rest
39.6761,169485,rest
39.6803,169390,rest
39.6842,169031,rest
39.6881,168362,rest
39.6921,169584,rest
39.6968,168880,rest
39.7004,169226,rest
39.7044,169235,rest
39.7095,168665,rest
39.7126,169653,rest
39.7167,169243,rest
39.7209,169370,rest
39.7251,169246,rest
39.7289,169010,rest
39.7331,169532,rest
39.7373,169027,rest
39.7413,169602,rest
39.7453,169154,rest
39.7494,168936,rest
39.7536,169431,rest
39.7577,169123,rest
39.7619,169444,rest
39.7630,16,rest
39.7658,9377,rest
39.7669,16858,rest
39.7700,9,rest
39.7701,169620,rest
39.7741,168733,rest
39.7783,168995,rest
39.7824,169369,rest
39.7864,168844,rest
39.7907,169477,rest
39.7945,169120,rest
39.7986,169116,rest
39.8027,169340,rest
39.8076,169038,rest
39.8109,169500,rest
39.8151,168280,rest
39.8190,168999,rest
39.8233,169364,rest
39.8272,168910,rest
39.8313,169387,rest
39.8354,169089,rest
39.8396,69087,rest
39.8443,168726,rest
39.8478,169070,rest
39.8518,169658,rest
39.8619,168965,rest
39.8643,169668,rest
39.8683,168755,rest
39.8739,6,rest
39.8774,169021,rest
39.8806,169205,rest
39.8847,169552,rest
39.8897,68716,rest
39.8948,9202,rest
39.8955,16844,rest
39.8977,3,rest
39.8980,169473,rest
39.9011,169586,rest
39.9052,658,rest
39.9097,169194,rest
39.9135,168975,rest
39.9184,169158,rest
39.9216,88,rest
39.9262,168843,rest
39.9310,169068,rest
39.9339,168455,rest
39.9379,168938,rest
39.9420,168906,rest
39.9460,168914,rest
39.9501,169247,rest
39.9543,169104,rest
39.9588,169327,rest
39.9624,168874,rest
39.9665,168670,rest
39.9707,169208,rest
39.9749,168604,rest
39.9789,169260,rest
39.9829,169406,rest
39.9871,169367,rest
39.9912,168908,rest
39.9953,168648,rest
39.9994,168639,rest
40.0035,169168,rest
40.0081,169425,rest
40.0118,168914,rest
40.0158,168776,rest
40.0171,1,rest
40.0198,68791,rest
40.0208,1689,rest
40.0239,35,rest
40.0248,168833,rest
40.0282,169237,rest
40.0322,168533,rest
40.0362,168745,rest
40.0403,168939,rest
40.0443,169185,rest
40.0484,168424,rest
40.0525,168853,rest
40.0577,168994,rest
40.0608,169596,rest
40.0648,168773,rest
40.0689,169059,rest
40.0741,168408,rest
40.0772,168966,rest
40.0813,169140,rest
40.0853,169395,rest
40.0909,169189,rest
40.0935,168735,rest
40.0976,168917,rest
40.1017,169682,rest
40.1064,169097,rest
40.1099,168337,rest
40.1140,169466,rest
40.1181,169111,rest
40.1237,647,rest
40.1270,169264,rest
40.1304,168715,rest
40.1345,169019,rest
40.1387,168843,rest
40.1427,169318,rest
40.1442,1,rest
40.1468,68979,rest
40.1470,1686,rest
40.1508,56,rest
40.1522,169299,rest
40.1567,169551,rest
40.1590,168673,rest
40.1631,169278,rest
40.1672,168513,rest
40.1715,169415,rest
40.1755,169693,rest
40.1795,169586,rest
40.1836,169074,rest
40.1879,169091,rest
40.1918,169164,rest
40.1959,168715,rest
40.2000,169129,rest
40.2041,169005,rest
40.2084,168660,rest
40.2125,169169,rest
40.2166,168967,rest
40.2206,169027,rest
40.2246,169292,rest
40.2287,168418,rest
40.2328,169889,rest
40.2369,169244,rest
40.2419,169163,rest
40.2451,169136,rest
40.2491,168503,rest
40.2534,169567,rest
40.2584,168551,rest
40.2615,169116,rest
40.2655,169081,rest
40.2698,169211,rest
40.2703,1,rest
40.2741,69587,rest
40.2755,168,rest
40.2779,917,rest
40.2784,169167,rest
40.2820,169705,rest
40.2860,168365,rest
40.2906,169765,rest
40.2943,168826,rest
40.2983,169152,rest
40.3024,169588,rest
40.3068,169110,rest
40.3106,169708,rest
40.3146,168729,rest
40.3188,168963,rest
40.3241,169211,rest
40.3269,168514,rest
40.3310,169609,rest
40.3351,168741,rest
40.3395,168497,rest
40.3434,169031,rest
40.3476,168663,rest
40.3515,169282,rest
40.3558,168814,rest
40.3597,169506,rest
40.3638,169130,rest
40.3679,169231,rest
40.3721,169586,rest
40.3762,169006,rest
40.3803,168960,rest
40.3844,168864,rest
40.3926,168776,rest
40.3969,169021,rest
40.3979,1,rest
40.4007,69045,rest
40.4008,169,rest
40.4048,6,rest
40.4089,169697,rest
40.4129,168394,rest
40.4170,170032,rest
40.4258,169000,rest
40.4294,169195,rest
40.4334,168910,rest
40.4376,168900,rest
40.4416,169001,rest
40.4458,169453,rest
40.4498,169004,rest
40.4540,169180,rest
40.4580,168989,rest
40.4621,169694,rest
40.4662,169261,rest
40.4704,169237,rest
40.4751,169062,rest
40.4786,169136,rest
40.4827,169114,rest
40.4868,168773,rest
40.4908,168917,rest
40.4949,169093,rest
40.4990,169455,rest
40.5032,169455,rest
40.5085,168697,rest
40.5113,169328,rest
40.5154,169182,rest
40.5197,169330,rest
40.5241,169422,rest
40.5277,169339,rest
40.5290,169,rest
40.5318,147,rest
40.5331,168672,rest
40.5359,169159,rest
40.5400,169184,rest
40.5440,168906,rest
40.5481,168887,rest
40.5522,168579,rest
40.5577,169215,rest
40.5606,169745,rest
40.5646,169173,rest
40.5686,169368,rest
40.5728,69718,rest
40.5784,169115,rest
40.5810,168838,rest
40.5851,169213,rest
40.5895,168376,rest
40.5932,169219,rest
40.5973,169270,rest
40.6014,169848,rest
40.6056,69210,rest
40.6106,168884,rest
40.6148,169479,rest
40.6179,169246,rest
40.6220,64,rest
40.6268,168903,rest
40.6302,168963,rest
40.6342,169250,rest
40.6383,6944,rest
40.6424,169268,rest
40.6469,169116,rest
40.6506,168829,rest
40.6555,19,rest
40.6594,92,rest
40.6611,169383,rest
40.6628,169401,rest
40.6669,168795,rest
40.6711,69413,rest
40.6751,169482,rest
40.6802,169347,rest
40.6833,169525,rest
40.6874,168117,rest
40.6915,168929,rest
40.6956,169213,rest
40.6997,169372,rest
40.7038,169245,rest
40.7087,168830,rest
40.7120,169965,rest
40.7160,169294,rest
40.7202,169355,rest
40.7243,169554,rest
40.7284,168970,rest
40.7324,169633,rest
40.7366,168955,rest
40.7417,169011,rest
40.7448,168946,rest
40.7488,169114,rest
40.7530,169630,rest
40.7571,169320,rest
40.7612,169067,rest
40.7653,169415,rest
40.7694,168280,rest
40.7748,169862,rest
40.7776,169209,rest
40.7816,169291,rest
40.7819,16,rest
40.7858,9248,rest
40.7879,16858,rest
40.7898,7,rest
40.7899,169376,rest
40.7939,169037,rest
40.7980,169345,rest
40.8021,168854,rest
40.8067,169408,rest
40.8103,169175,rest
40.8143,168930,rest
40.8184,169260,rest
40.8237,169610,rest
40.8266,169446,rest
40.8307,169531,rest
40.8348,169494,rest
40.8392,169638,rest
40.8430,169731,rest
40.8471,169328,rest
40.8512,169671,rest
40.8561,168797,rest
40.8594,169472,rest
40.8635,169194,rest
40.8676,168840,rest
40.8719,7147,rest
40.8776,169351,rest
40.8810,169015,rest
40.8841,168719,rest
40.8896,699,rest
40.8948,169192,rest
40.8963,169116,rest
40.9004,169011,rest
40.9046,6413,rest
40.9088,169097,rest
40.9099,16,rest
40.9132,9659,rest
40.9155,16924,rest
40.9167,5,rest
40.9168,169423,rest
40.9209,6138,rest
40.9251,169488,rest
40.9292,169663,rest
40.9332,169368,rest
40.9390,16,rest
40.9415,169468,rest
40.9454,169790,rest
40.9495,169392,rest
40.9537,168450,rest
40.9579,168885,rest
40.9618,169204,rest
40.9659,169319,rest
40.9700,169240,rest
40.9746,169015,rest
40.9783,169815,rest
40.9824,169069,rest
40.9864,169094,rest
40.9906,169060,rest
40.9946,169524,rest
40.9987,169758,rest
41.0028,169050,rest
41.0071,169510,rest
41.0110,168965,rest
41.0151,169208,rest
41.0193,168831,rest
41.0236,169680,rest
41.0274,169162,rest
41.0314,169069,rest
41.0356,169154,rest
41.0365,16,rest
41.0403,8949,rest
41.0415,16955,rest
41.0438,1,rest
41.0438,168659,rest
41.0478,168716,rest
41.0519,169281,rest
41.0565,169292,rest
41.0601,169135,rest
41.0642,169654,rest
41.0683,168767,rest
41.0729,168880,rest
41.0765,169207,rest
41.0806,169223,rest
41.0853,168799,rest
41.0891,68294,rest
41.0944,168878,rest
41.0980,169808,rest
41.1012,169499,rest
41.1068,61,rest
41.1103,169415,rest
41.1135,168882,rest
41.1175,168568,rest
41.1225,698,rest
41.1260,169214,rest
41.1298,168897,rest
41.1338,169056,rest
41.1380,169084,rest
41.1421,168950,rest
41.1461,169563,rest
41.1502,169117,rest
41.1544,69310,rest
41.1593,169733,rest
41.1627,169517,rest
41.1642,16,rest
41.1666,9648,rest
41.1675,1688,rest
41.1716,1943,rest
41.1749,169304,rest
41.1793,168825,rest
41.1830,169196,rest
41.1872,6,rest
41.1914,169818,rest
41.1955,168954,rest
41.1994,169763,rest
41.2035,169829,rest
41.2077,168730,rest
41.2118,169808,rest
41.2158,169135,rest
41.2199,169527,rest
41.2240,169374,rest
41.2280,168887,rest
41.2321,169649,rest
41.2363,169167,rest
41.2406,169330,rest
41.2444,169294,rest
41.2485,168605,rest
41.2527,169573,rest
41.2569,169149,rest
41.2610,169085,rest
41.2650,169332,rest
41.2691,169279,rest
41.2732,169847,rest
41.2772,168903,rest
41.2813,170213,rest
41.2854,169604,rest
41.2896,169153,rest
41.2901,1,rest
41.2937,70037,rest
41.2951,1695,rest
41.2978,05,rest
41.2981,169294,rest
41.3018,169400,rest
41.3069,169188,rest
41.3101,169885,rest
41.3143,169531,rest
41.3182,169342,rest
41.3227,169231,rest
41.3264,169219,rest
41.3305,169945,rest
41.3345,169082,rest
41.3398,170038,rest
41.3428,169645,rest
41.3468,169399,rest
41.3509,169414,rest
41.3567,636,rest
41.3596,169645,rest
41.3633,169354,rest
41.3674,168984,rest
41.3719,169971,rest
41.3756,169434,rest
41.3796,169281,rest
41.3837,169475,rest
41.3933,169780,rest
41.3961,168808,rest
41.4002,169529,rest
41.4043,192,rest
41.4094,169328,rest
41.4124,169389,rest
41.4166,169230,rest
41.4173,1,rest
41.4250,95,rest
41.4257,168924,rest
41.4291,169166,rest
41.4328,168810,rest
41.4370,169716,rest
41.4410,169813,rest
41.4451,169810,rest
41.4492,169595,rest
41.4534,169436,rest
41.4574,169561,rest
41.4615,169414,rest
41.4657,168846,rest
41.4697,170090,rest
41.4740,169609,rest
41.4780,169498,rest
41.4821,169212,rest
41.4861,169437,rest
41.4909,169540,rest
41.4944,168850,rest
41.4984,169727,rest
41.5027,169385,rest
41.5067,169328,rest
41.5108,168968,rest
41.5149,168762,rest
41.5191,169513,rest
41.5233,169946,rest
41.5270,169465,rest
41.5311,169283,rest
41.5353,169042,rest
41.5396,169174,rest
41.5436,169710,rest
41.5476,169094,rest
41.5483,1689,rest
41.5516,31,rest
41.5522,169104,rest
41.5563,170014,rest
41.5601,169424,rest
41.5639,169792,rest
41.5680,168971,rest
41.5730,169109,rest
41.5762,169365,rest
41.5803,169629,rest
41.5844,169167,rest
41.5895,6882,rest
41.5935,168991,rest
41.5968,169398,rest
41.6009,169561,rest
41.6059,169888,rest
41.6090,169255,rest
41.6130,169072,rest
41.6172,169514,rest
41.6225,62,rest
41.6255,169400,rest
41.6294,169250,rest
41.6335,169261,rest
41.6381,169456,rest
41.6424,169256,rest
41.6459,169347,rest
41.6499,169287,rest
41.6549,6,rest
41.6581,169324,rest
41.6622,169468,rest
41.6663,169887,rest
41.6749,169411,rest
41.6766,169,rest
41.6786,343,rest
41.6797,169444,rest
41.6828,169661,rest
41.6925,169763,rest
41.6951,169490,rest
41.6992,169188,rest
41.7034,169570,rest
41.7075,169211,rest
41.7114,170043,rest
41.7155,169324,rest
41.7196,169430,rest
41.7236,169562,rest
41.7278,168529,rest
41.7318,169779,rest
41.7361,169127,rest
41.7407,170115,rest
41.7442,169534,rest
41.7482,169045,rest
41.7524,170116,rest
41.7570,169386,rest
41.7605,169663,rest
41.7646,169692,rest
41.7688,169105,rest
41.7729,170092,rest
41.7770,168954,rest
41.7812,169876,rest
41.7852,169496,rest
41.7893,169017,rest
41.7934,170045,rest
41.7975,169233,rest
41.8015,169277,rest
41.8021,169,rest
41.8057,180,rest
41.8073,16893,rest
41.8100,4,rest
41.8101,169690,rest
41.8138,169584,rest
41.8178,169377,rest
41.8221,169089,rest
41.8262,168909,rest
41.8303,170182,rest
41.8343,169378,rest
41.8398,169869,rest
41.8424,169212,rest
41.8465,168876,rest
41.8506,169948,rest
41.8548,169078,rest
41.8589,169494,rest
41.8630,169836,rest
41.8670,169246,rest
41.8715,169671,rest
41.8752,169392,rest
41.8793,169742,rest
41.8834,169589,rest
41.8888,169429,rest
41.8917,169938,rest
41.8958,169492,rest
41.8999,169321,rest
41.9040,69806,rest
41.9080,169461,rest
41.9121,169882,rest
41.9162,169271,rest
41.9259,169161,rest
41.9286,169752,rest
41.9296,17,rest
41.9326,0027,rest
41.9335,16952,rest
41.9367,5,rest
41.9384,169794,rest
41.9408,169452,rest
41.9449,169132,rest
41.9490,170038,rest
41.9531,168742,rest
41.9574,169647,rest
41.9613,169322,rest
41.9654,169072,rest
41.9695,169669,rest
41.9735,169342,rest
41.9777,169439,rest
41.9818,169722,rest
41.9859,168998,rest
41.9901,169275,rest
41.9939,169088,rest
41.9980,169684,rest
42.0022,169632,rest
42.0094,169392,flicker
42.0105,169417,flicker
42.0145,168725,flicker
42.0186,169163,flicker
42.0233,169578,flicker
42.0268,169141,flicker
42.0308,169404,flicker
42.0351,169230,flicker
42.0397,169497,flicker
42.0433,169519,flicker
42.0474,169295,flicker
42.0513,168958,flicker
42.0569,168767,flicker
42.0581,16,flicker
42.0595,9061,flicker
42.0610,16941,flicker
42.0637,7,flicker
42.0639,169512,flicker
42.0678,169111,flicker
42.0719,169330,flicker
42.0759,169503,flicker
42.0800,170304,flicker
42.0841,169641,flicker
42.0899,169355,flicker
42.0923,169203,flicker
42.0963,169487,flicker
42.1004,169444,flicker
42.1093,169161,flicker
42.1130,169038,flicker
42.1170,169586,flicker
42.1228,169360,flicker
42.1251,169553,flicker
42.1291,168698,flicker
42.1333,168531,flicker
42.1374,3,flicker
42.1419,169241,flicker
42.1465,169208,flicker
42.1497,169402,flicker
42.1552,169303,flicker
42.1579,168975,flicker
42.1620,169640,flicker
42.1661,169580,flicker
42.1705,670,flicker
42.1744,169540,flicker
42.1783,169782,flicker
42.1824,169513,flicker
42.1836,1,flicker
42.1876,9334,flicker
42.1906,63,flicker
42.1916,169208,flicker
42.1952,169750,flicker
42.1989,169609,flicker
42.2029,169953,flicker
42.2075,168952,flicker
42.2112,169363,flicker
42.2153,169273,flicker
42.2194,169686,flicker
42.2242,169737,flicker
42.2275,168767,flicker
42.2315,169738,flicker
42.2357,169239,flicker
42.2403,169096,flicker
42.2439,169344,flicker
42.2479,168968,flicker
42.2520,170423,flicker
42.2562,169311,flicker
42.2602,169758,flicker
42.2643,169866,flicker
42.2684,169066,flicker
42.2727,170116,flicker
42.2768,168896,flicker
42.2808,169494,flicker
42.2848,169109,flicker
42.2892,168805,flicker
42.2930,169753,flicker
42.2972,169303,flicker
42.3012,169752,flicker
42.3066,169254,flicker
42.3094,169477,flicker
42.3099,1,flicker
42.3135,70265,flicker
42.3138,170,flicker
42.3177,071,flicker
42.3178,169748,flicker
42.3220,169463,flicker
42.3257,169378,flicker
42.3299,170502,flicker
42.3339,169390,flicker
42.3387,169770,flicker
42.3421,169185,flicker
42.3462,169258,flicker
42.3503,170169,flicker
42.3556,168848,flicker
42.3585,169820,flicker
42.3626,169593,flicker
42.3667,169613,flicker
42.3724,691,flicker
42.3758,168711,flicker
42.3791,169594,flicker
42.3831,169889,flicker
42.3880,691,flicker
42.3926,169990,flicker
42.3954,168505,flicker
42.3996,169690,flicker
42.4037,692,flicker
42.4083,169059,flicker
42.4128,170072,flicker
42.4160,168775,flicker
42.4205,169794,flicker
42.4242,168936,flicker
42.4281,169505,flicker
42.4322,169891,flicker
42.4365,169440,flicker
42.4405,169725,flicker
42.4420,169,flicker
42.4446,478,flicker
42.4448,168692,flicker
42.4486,169389,flicker
42.4528,169354,flicker
42.4568,169294,flicker
42.4619,169264,flicker
42.4651,169430,flicker
42.4692,169699,flicker
42.4732,168607,flicker
42.4773,169375,flicker
42.4814,169078,flicker
42.4856,169063,flicker
42.4900,168960,flicker
42.4936,169031,flicker
42.4977,169427,flicker
42.5019,169619,flicker
42.5060,168789,flicker
42.5101,169213,flicker
42.5141,169118,flicker
42.5183,169234,flicker
42.5226,169564,flicker
42.5264,169216,flicker
42.5305,169499,flicker
42.5346,168786,flicker
42.5392,169995,flicker
42.5428,169911,flicker
42.5469,168950,flicker
42.5510,169162,flicker
42.5562,169123,flicker
42.5592,169125,flicker
42.5633,169173,flicker
42.5674,168622,flicker
42.5685,16,flicker
42.5726,8908,flicker
42.5736,16883,flicker
42.5756,1,flicker
42.5756,169152,flicker
42.5797,169304,flicker
42.5838,169316,flicker
42.5879,6987,flicker
42.5930,169283,flicker
42.5963,168967,flicker
42.6001,169624,flicker
42.6043,69047,flicker
42.6083,168618,flicker
42.6143,169522,flicker
42.6166,169280,flicker
42.6212,168461,flicker
42.6248,169284,flicker
42.6288,168466,flicker
42.6329,169001,flicker
42.6375,69096,flicker
42.6411,169618,flicker
42.6452,169683,flicker
42.6493,168980,flicker
42.6534,69087,flicker
42.6578,169052,flicker
42.6634,169005,flicker
42.6658,169233,flicker
42.6700,168852,flicker
42.6739,168884,flicker
42.6780,169481,flicker
42.6821,169183,flicker
42.6863,169164,flicker
42.6904,168973,flicker
42.6945,169074,flicker
42.6952,1,flicker
42.6985,68974,flicker
42.6992,1692,flicker
42.7026,07,flicker
42.7042,169142,flicker
42.7068,168432,flicker
42.7108,169327,flicker
42.7148,169438,flicker
42.7190,169738,flicker
42.7233,169086,flicker
42.7271,168890,flicker
42.7312,169530,flicker
42.7354,169839,flicker
42.7397,169558,flicker
42.7435,169568,flicker
42.7476,169041,flicker
42.7518,169857,flicker
42.7569,169145,flicker
42.7599,169074,flicker
42.7640,169691,flicker
42.7681,168507,flicker
42.7725,169644,flicker
42.7763,168761,flicker
42.7804,169198,flicker
42.7846,169605,flicker
42.7888,168753,flicker
42.7928,169490,flicker
42.7968,169107,flicker
42.8009,168794,flicker
42.8065,169031,flicker
42.8091,169127,flicker
42.8131,169698,flicker
42.8172,169285,flicker
42.8221,169514,flicker
42.8228,1,flicker
42.8255,69311,flicker
42.8263,1689,flicker
42.8295,23,flicker
42.8304,169428,flicker
42.8337,169521,flicker
42.8391,169204,flicker
42.8418,169359,flicker
42.8459,169522,flicker
42.8500,169513,flicker
42.8555,69,flicker
42.8583,169600,flicker
42.8623,169870,flicker
42.8664,168837,flicker
42.8715,693,flicker
42.8752,169078,flicker
42.8787,169089,flicker
42.8828,169431,flicker
42.8869,169652,flicker
42.8911,169291,flicker
42.8952,168737,flicker
42.8992,169164,flicker
42.9044,699,flicker
42.9084,169149,flicker
42.9116,169382,flicker
42.9156,168665,flicker
42.9197,6949,flicker
42.9240,170115,flicker
42.9280,168646,flicker
42.9320,169653,flicker
42.9362,168988,flicker
42.9401,169191,flicker
42.9442,169593,flicker
42.9483,169074,flicker
42.9485,1,flicker
42.9526,693,flicker
42.9536,6,flicker
42.9576,213,flicker
42.9593,169183,flicker
42.9610,169383,flicker
42.9649,168951,flicker
42.9688,169865,flicker
42.9735,169779,flicker
42.9771,168867,flicker
42.9812,169708,flicker
42.9853,169778,flicker
42.9900,169085,flicker
42.9933,169167,flicker
42.9974,168736,flicker
43.0016,169298,flicker
43.0065,169226,flicker
43.0097,169154,flicker
43.0138,169515,flicker
43.0180,169800,flicker
43.0226,169492,flicker
43.0263,169188,flicker
43.0303,169419,flicker
43.0344,168939,flicker
43.0392,169019,flicker
43.0425,169292,flicker
43.0466,169641,flicker
43.0507,169391,flicker
43.0550,169168,flicker
43.0590,169258,flicker
43.0631,169573,flicker
43.0671,169381,flicker
43.0719,169192,flicker
43.0754,168775,flicker
43.0796,168712,flicker
43.0803,169,flicker
43.0835,423,flicker
43.0841,168733,flicker
43.0902,168797,flicker
43.0918,168616,flicker
43.0959,169107,flicker
43.0998,169288,flicker
43.1040,69397,flicker
43.1088,168923,flicker
43.1133,168854,flicker
43.1164,169000,flicker
43.1212,6895,flicker
43.1253,169209,flicker
43.1287,168808,flicker
43.1327,168992,flicker
43.1374,168995,flicker
43.1411,169233,flicker
43.1449,169410,flicker
43.1490,168377,flicker
43.1532,68812,flicker
43.1580,169228,flicker
43.1627,169421,flicker
43.1655,169575,flicker
43.1696,1,flicker
43.1737,168772,flicker
43.1783,168808,flicker
43.1819,169013,flicker
43.1859,168886,flicker
43.1902,168455,flicker
43.1942,169447,flicker
43.1982,169327,flicker
43.2024,169261,flicker
43.2065,169194,flicker
43.2077,169,flicker
43.2105,231,flicker
43.2106,16948,flicker
43.2145,4,flicker
43.2146,169436,flicker
43.2188,169422,flicker
43.2228,169217,flicker
43.2268,169035,flicker
43.2309,169599,flicker
43.2352,169151,flicker
43.2399,169399,flicker
43.2433,168809,flicker
43.2474,168881,flicker
43.2515,169639,flicker
43.2557,169235,flicker
43.2596,168928,flicker
43.2637,169204,flicker
43.2678,168840,flicker
43.2724,169231,flicker
43.2760,169076,flicker
43.2802,169673,flicker
43.2843,168840,flicker
43.2889,168952,flicker
43.2924,169538,flicker
43.2965,169162,flicker
43.3006,169301,flicker
43.3048,169543,flicker
43.3088,169054,flicker
43.3128,169526,flicker
43.3169,168921,flicker
43.3213,169179,flicker
43.3251,169531,flicker
43.3292,168987,flicker
43.3333,169790,flicker
43.3343,16,flicker
43.3381,9005,flicker
43.3394,16911,flicker
43.3415,0,flicker
43.3416,169627,flicker
43.3457,169267,flicker
43.3497,169195,flicker
43.3541,168920,flicker
43.3579,169401,flicker
43.3620,169639,flicker
43.3662,169430,flicker
43.3752,168986,flicker
43.3784,169368,flicker
43.3825,169576,flicker
43.3879,168536,flicker
43.3908,169641,flicker
43.3949,169091,flicker
43.3989,169516,flicker
43.4030,69636,flicker
43.4079,168718,flicker
43.4112,169531,flicker
43.4153,169406,flicker
43.4194,66,flicker
43.4241,169138,flicker
43.4278,169071,flicker
43.4316,169432,flicker
43.4358,1687,flicker
43.4402,168818,flicker
43.4441,169189,flicker
43.4487,169593,flicker
43.4521,169287,flicker
43.4564,169265,flicker
43.4604,169557,flicker
43.4619,16,flicker
43.4644,9713,flicker
43.4659,16944,flicker
43.4685,1,flicker
43.4690,169679,flicker
43.4726,169232,flicker
43.4767,169217,flicker
43.4808,169546,flicker
43.4849,169229,flicker
43.4896,169306,flicker
43.4931,169203,flicker
43.4973,169226,flicker
43.5013,169492,flicker
43.5055,168413,flicker
43.5094,169489,flicker
43.5135,169019,flicker
43.5177,169477,flicker
43.5219,169597,flicker
43.5258,169253,flicker
43.5299,169512,flicker
43.5341,168867,flicker
43.5385,169183,flicker
43.5423,169329,flicker
43.5463,169728,flicker
43.5504,169608,flicker
43.5549,168782,flicker
43.5586,169311,flicker
43.5627,169564,flicker
43.5668,169073,flicker
43.5715,169193,flicker
43.5751,169215,flicker
43.5791,169480,flicker
43.5832,169234,flicker
43.5882,169495,flicker
43.5906,1,flicker
43.5914,69125,flicker
43.5926,1692,flicker
43.5955,03,flicker
43.5966,169759,flicker
43.5995,169745,flicker
43.6041,169984,flicker
43.6077,169531,flicker
43.6118,168763,flicker
43.6160,169163,flicker
43.6205,95,flicker
43.6258,170001,flicker
43.6282,169186,flicker
43.6323,169139,flicker
43.6406,169424,flicker
43.6447,169412,flicker
43.6488,168859,flicker
43.6528,69284,flicker
43.6575,169367,flicker
43.6610,169068,flicker
43.6651,169589,flicker
43.6693,6633,flicker
43.6744,169069,flicker
43.6775,169214,flicker
43.6816,169129,flicker
43.6874,98,flicker
43.6909,168709,flicker
43.6938,169106,flicker
43.6979,169438,flicker
43.7020,169388,flicker
43.7061,169348,flicker
43.7102,168652,flicker
43.7143,169630,flicker
43.7152,1,flicker
43.7184,68655,flicker
43.7202,169,flicker
43.7224,510,flicker
43.7241,169443,flicker
43.7266,168709,flicker
43.7306,169589,flicker
43.7348,169013,flicker
43.7389,169362,flicker
43.7430,168988,flicker
43.7471,168703,flicker
43.7512,169621,flicker
43.7553,168855,flicker
43.7594,169212,flicker
43.7636,169228,flicker
43.7676,168683,flicker
43.7723,169658,flicker
43.7757,169468,flicker
43.7798,169045,flicker
43.7841,169250,flicker
43.7884,168340,flicker
43.7920,169306,flicker
43.7962,168649,flicker
43.8003,169271,flicker
43.8046,169546,flicker
43.8086,169133,flicker
43.8126,169258,flicker
43.8166,169279,flicker
43.8225,168979,flicker
43.8249,169394,flicker
43.8290,169254,flicker
43.8330,169037,flicker
43.8389,168560,flicker
43.8414,169431,flicker
43.8454,169316,flicker
43.8461,168,flicker
43.8494,983,flicker
43.8501,169337,flicker
43.8540,169303,flicker
43.8577,169467,flicker
43.8618,169065,flicker
43.8658,168715,flicker
43.8707,169542,flicker
43.8740,168798,flicker
43.8781,169426,flicker
43.8822,169093,flicker
43.8865,169376,flicker
43.8905,169208,flicker
43.8945,169171,flicker
43.8986,169014,flicker
43.9068,168793,flicker
43.9110,169469,flicker
43.9150,169097,flicker
43.9191,69298,flicker
43.9235,170004,flicker
43.9277,168923,flicker
43.9314,169629,flicker
43.9355,168602,flicker
43.9397,169430,flicker
43.9437,169820,flicker
43.9478,168851,flicker
43.9519,169848,flicker
43.9560,169269,flicker
43.9601,169659,flicker
43.9642,169635,flicker
43.9683,169385,flicker
43.9727,169750,flicker
43.9737,169,flicker
43.9764,150,flicker
43.9765,16906,flicker
43.9805,3,flicker
43.9806,169126,flicker
43.9846,169096,flicker
43.9887,169450,flicker
43.9928,169294,flicker
43.9968,168671,flicker
44.0010,168848,flicker
44.0056,169248,flicker
44.0092,169658,flicker
44.0133,168943,flicker
44.0174,169309,flicker
44.0216,169388,flicker
44.0255,168973,flicker
44.0296,169432,flicker
44.0341,169353,flicker
44.0381,169395,flicker
44.0420,169118,flicker
44.0460,168838,flicker
44.0501,169049,flicker
44.0548,168921,flicker
44.0583,169532,flicker
44.0624,169101,flicker
44.0665,169414,flicker
44.0719,169367,flicker
44.0747,169456,flicker
44.0788,169005,flicker
44.0829,169578,flicker
44.0890,6952,flicker
44.0913,168877,flicker
44.0951,168913,flicker
44.0993,169079,flicker
44.1011,16,flicker
44.1035,944,flicker
44.1044,62,flicker
44.1074,6,flicker
44.1092,169274,flicker
44.1116,169289,flicker
44.1157,168916,flicker
44.1206,169606,flicker
44.1239,169096,flicker
44.1279,168951,flicker
44.1320,169257,flicker
44.1364,169115,flicker
44.1402,169076,flicker
44.1443,169448,flicker
44.1484,169174,flicker
44.1526,69269,flicker
44.1567,169064,flicker
44.1616,169262,flicker
44.1648,169233,flicker
44.1701,607,flicker
44.1733,169241,flicker
44.1779,169284,flicker
44.1812,169077,flicker
44.1853,69136,flicker
44.1903,169018,flicker
44.1940,169392,flicker
44.1994,169372,flicker
44.2017,169242,flicker
44.2067,169056,flicker
44.2099,168564,flicker
44.2140,169088,flicker
44.2180,169424,flicker
44.2221,169784,flicker
44.2262,169437,flicker
44.2273,1,flicker
44.2304,69079,flicker
44.2313,1693,flicker
44.2345,25,flicker
44.2356,168965,flicker
44.2385,169435,flicker
44.2426,169354,flicker
44.2467,168363,flicker
44.2508,169179,flicker
44.2551,168990,flicker
44.2591,169561,flicker
44.2632,169751,flicker
44.2673,169062,flicker
44.2725,169664,flicker
44.2754,169061,flicker
44.2795,169554,flicker
44.2836,169119,flicker
44.2891,168564,flicker
44.2919,169566,flicker
44.2960,169369,flicker
44.3000,169163,flicker
44.3051,169666,flicker
44.3081,169331,flicker
44.3122,170077,flicker
44.3163,168973,flicker
44.3209,169076,flicker
44.3245,168837,flicker
44.3286,168662,flicker
44.3327,169641,flicker
44.3375,169261,flicker
44.3410,168719,flicker
44.3451,169881,flicker
44.3491,169484,flicker
44.3533,69933,flicker
44.3550,1,flicker
44.3580,9430,flicker
44.3594,1690,flicker
44.3614,13,flicker
44.3617,169379,flicker
44.3655,169015,flicker
44.3711,6,flicker
44.3737,169883,flicker
44.3780,169746,flicker
44.3819,169517,flicker
44.3879,96,flicker
44.3911,169537,flicker
44.3950,169483,flicker
44.3982,169152,flicker
44.4024,68935,flicker
44.4071,168966,flicker
44.4115,170031,flicker
44.4146,169159,flicker
44.4188,169243,flicker
44.4229,169538,flicker
44.4269,169464,flicker
44.4310,169137,flicker
44.4352,169137,flicker
44.4393,169326,flicker
44.4434,169181,flicker
44.4474,169426,flicker
44.4518,169525,flicker
44.4557,169387,flicker
44.4598,169971,flicker
44.4639,169406,flicker
44.4681,168744,flicker
44.4720,168815,flicker
44.4761,169279,flicker
44.4802,168952,flicker
44.4814,1,flicker
44.4843,69355,flicker
44.4864,1695,flicker
44.4884,55,flicker
44.4894,170180,flicker
44.4925,169035,flicker
44.4966,169391,flicker
44.5008,169635,flicker
44.5055,169040,flicker
44.5089,169330,flicker
44.5130,169576,flicker
44.5171,169205,flicker
44.5212,168935,flicker
44.5254,168927,flicker
44.5293,169214,flicker
44.5335,168623,flicker
44.5376,169823,flicker
44.5417,169406,flicker
44.5458,169044,flicker
44.5498,169815,flicker
44.5542,169254,flicker
44.5581,169114,flicker
44.5622,169844,flicker
44.5662,169691,flicker
44.5709,169422,flicker
44.5744,169435,flicker
44.5784,169539,flicker
44.5826,169695,flicker
44.5874,169908,flicker
44.5907,169112,flicker
44.5948,169404,flicker
44.5989,169234,flicker
44.6042,169185,flicker
44.6071,169279,flicker
44.6112,168789,flicker
44.6129,169,flicker
44.6154,611,flicker
44.6167,168466,flicker
44.6243,169499,flicker
44.6279,169546,flicker
44.6318,169242,flicker
44.6362,6904,flicker
44.6406,168987,flicker
44.6441,169349,flicker
44.6482,169104,flicker
44.6534,6920,flicker
44.6574,169369,flicker
44.6605,169584,flicker
44.6646,169246,flicker
44.6692,69235,flicker
44.6727,169113,flicker
44.6776,169743,flicker
44.6810,169145,flicker
44.6851,169372,flicker
44.6891,169339,flicker
44.6934,169242,flicker
44.6973,169601,flicker
44.7014,169553,flicker
44.7062,169726,flicker
44.7096,169325,flicker
44.7136,169020,flicker
44.7178,169399,flicker
44.7222,169581,flicker
44.7260,169454,flicker
44.7300,169261,flicker
44.7341,169938,flicker
44.7387,169316,flicker
44.7399,16,flicker
44.7423,9115,flicker
44.7428,169400,flicker
44.7465,168492,flicker
44.7506,170012,flicker
44.7552,169227,flicker
44.7587,169026,flicker
44.7628,169429,flicker
44.7669,169201,flicker
44.7719,169844,flicker
44.7752,169218,flicker
44.7793,169408,flicker
44.7833,169329,flicker
44.7882,169179,flicker
44.7915,169759,flicker
44.7956,169410,flicker
44.7997,168918,flicker
44.8047,169131,flicker
44.8078,168810,flicker
44.8119,169543,flicker
44.8160,168776,flicker
44.8205,169502,flicker
44.8242,169072,flicker
44.8283,169336,flicker
44.8324,170057,flicker
44.8366,69684,flicker
44.8423,169595,flicker
44.8448,169027,flicker
44.8489,169331,flicker
44.8531,169955,flicker
44.8571,169160,flicker
44.8611,169338,flicker
44.8652,169618,flicker
44.8658,16,flicker
44.8694,9360,flicker
44.8718,16956,flicker
44.8733,5,flicker
44.8734,168921,flicker
44.8774,169377,flicker
44.8815,169353,flicker
44.8876,69362,flicker
44.8898,169171,flicker
44.8939,169303,flicker
44.8979,169616,flicker
44.9030,1,flicker
44.9074,168925,flicker
44.9104,169481,flicker
44.9144,169235,flicker
44.9186,6909,flicker
44.9235,169321,flicker
44.9273,169064,flicker
44.9308,169267,flicker
44.9399,169713,flicker
44.9431,169664,flicker
44.9472,168854,flicker
44.9513,169742,flicker
44.9553,169193,flicker
44.9594,169303,flicker
44.9635,169184,flicker
44.9677,168925,flicker
44.9717,169797,flicker
44.9758,169528,flicker
44.9799,169772,flicker
44.9840,169427,flicker
44.9888,169437,flicker
44.9923,169496,flicker
44.9933,16,flicker
44.9963,9117,flicker
44.9974,16929,flicker
45.0004,8,flicker
45.0004,168843,flicker
45.0049,169084,flicker
45.0085,169517,flicker
45.0126,169101,flicker
45.0167,168907,flicker
45.0212,169156,flicker
45.0250,169241,flicker
45.0290,169587,flicker
45.0331,168679,flicker
45.0376,169724,flicker
45.0413,169657,flicker
45.0454,169198,flicker
45.0496,169188,flicker
45.0544,169418,flicker
45.0578,169207,flicker
45.0618,169074,flicker
45.0659,169139,flicker
45.0707,169386,flicker
45.0741,169423,flicker
45.0782,169086,flicker
45.0823,169892,flicker
45.0865,651,flicker
45.0910,168842,flicker
45.0947,169496,flicker
45.0986,169404,flicker
45.1049,651,flicker
45.1073,169415,flicker
45.1111,168864,flicker
45.1151,169106,flicker
45.1193,168832,flicker
45.1198,1,flicker
45.1233,68705,flicker
45.1238,1691,flicker
45.1273,72,flicker
45.1284,168881,flicker
45.1314,168718,flicker
45.1356,6764,flicker
45.1406,169215,flicker
45.1437,169273,flicker
45.1478,168800,flicker
45.1520,9,flicker
45.1566,169131,flicker
45.1601,169425,flicker
45.1642,168982,flicker
45.1695,69,flicker
45.1746,169611,flicker
45.1766,169126,flicker
45.1806,169274,flicker
45.1861,6922,flicker
45.1889,169187,flicker
45.1930,169226,flicker
45.1970,169337,flicker
45.2011,169385,flicker
45.2052,169330,flicker
45.2092,168551,flicker
45.2133,169549,flicker
45.2174,169373,flicker
45.2217,169238,flicker
45.2256,169387,flicker
45.2298,168942,flicker
45.2339,169306,flicker
45.2381,169775,flicker
45.2423,169652,flicker
45.2461,169575,flicker
45.2474,1,flicker
45.2503,68820,flicker
45.2524,169,flicker
45.2550,622,flicker
45.2563,168789,flicker
45.2584,169292,flicker
45.2625,169166,flicker
45.2667,169111,flicker
45.2709,169615,flicker
45.2748,169381,flicker
45.2789,169166,flicker
45.2830,169569,flicker
45.2873,169190,flicker
45.2911,169655,flicker
45.2953,169146,flicker
45.2994,169612,flicker
45.3043,170017,flicker
45.3076,169271,flicker
45.3116,169478,flicker
45.3157,168902,flicker
45.3215,169623,flicker
45.3240,169932,flicker
45.3281,169219,flicker
45.3321,168873,flicker
45.3367,168827,flicker
45.3405,169005,flicker
45.3446,169261,flicker
45.3485,168949,flicker
45.3528,61,flicker
45.3573,169360,flicker
45.3609,169126,flicker
45.3649,168985,flicker
45.3706,168690,flicker
45.3732,169273,flicker
45.3773,168594,flicker
45.3779,169,flicker
45.3813,359,flicker
45.3819,169262,flicker
45.3855,169542,flicker
45.3896,169557,flicker
45.3937,169174,flicker
45.3977,169720,flicker
45.4018,26,flicker
45.4062,169316,flicker
45.4102,169734,flicker
45.4142,169340,flicker
45.4189,63,flicker
45.4233,169339,flicker
45.4265,169400,flicker
45.4304,168868,flicker
45.4346,6925,flicker
45.4386,169438,flicker
45.4428,169435,flicker
45.4469,169566,flicker
45.4509,169667,flicker
45.4550,169150,flicker
45.4591,169329,flicker
45.4632,169564,flicker
45.4673,169200,flicker
45.4714,169605,flicker
45.4755,168760,flicker
45.4795,169337,flicker
45.4837,169522,flicker
45.4890,169131,flicker
45.4920,169646,flicker
45.4960,168944,flicker
45.5001,168847,flicker
45.5042,169350,flicker
45.5055,169,flicker
45.5083,275,flicker
45.5095,16900,flicker
45.5123,8,flicker
45.5124,169117,flicker
45.5165,169396,flicker
45.5218,169779,flicker
45.5247,169537,flicker
45.5288,168810,flicker
45.5328,168810,flicker
45.5374,169513,flicker
45.5410,169526,flicker
45.5451,169253,flicker
45.5492,169618,flicker
45.5537,168912,flicker
45.5574,169148,flicker
45.5615,169147,flicker
45.5656,168975,flicker
45.5697,69733,flicker
45.5744,169116,flicker
45.5781,168595,flicker
45.5820,169271,flicker
45.5863,169207,flicker
45.5903,168609,flicker
45.5943,169364,flicker
45.5983,169486,flicker
45.6072,168886,flicker
45.6106,169118,flicker
45.6148,168521,flicker
45.6188,69067,flicker
45.6231,169419,flicker
45.6274,168878,flicker
45.6312,169000,flicker
45.6314,16,flicker
45.6353,94,flicker
45.6366,697,flicker
45.6395,8,flicker
45.6396,169557,flicker
45.6435,169201,flicker
45.6476,169041,flicker
45.6528,6272,flicker
45.6563,169131,flicker
45.6598,169008,flicker
45.6639,169183,flicker
45.6681,895,flicker
45.6725,169247,flicker
45.6762,168883,flicker
45.6803,169200,flicker
45.6857,1692,flicker
45.6885,168784,flicker
45.6927,169501,flicker
45.6967,169072,flicker
45.7008,169134,flicker
45.7050,169206,flicker
45.7091,168545,flicker
45.7131,168951,flicker
45.7171,169154,flicker
45.7216,168837,flicker
45.7254,169440,flicker
45.7294,168619,flicker
45.7335,169839,flicker
45.7378,169596,flicker
45.7417,169442,flicker
45.7458,169111,flicker
45.7499,169000,flicker
45.7545,169567,flicker
45.7583,169184,flicker
45.7585,16,flicker
45.7622,9615,flicker
45.7636,1688,flicker
45.7663,25,flicker
45.7665,168980,flicker
45.7707,170040,flicker
45.7745,169227,flicker
45.7785,169448,flicker
45.7828,168946,flicker
45.7871,168643,flicker
45.7909,169702,flicker
45.7950,168771,flicker
45.7991,169627,flicker
45.8040,169693,flicker
45.8072,168975,flicker
45.8113,169829,flicker
45.8154,168879,flicker
45.8207,696,flicker
45.8248,168910,flicker
45.8278,169036,flicker
45.8319,169230,flicker
45.8364,169384,flicker
45.8400,169431,flicker
45.8450,169646,flicker
45.8482,168666,flicker
45.8529,170023,flicker
45.8564,169399,flicker
45.8605,169385,flicker
45.8646,168794,flicker
45.8688,169253,flicker
45.8728,169410,flicker
45.8769,169211,flicker
45.8810,169329,flicker
45.8852,656,flicker
45.8892,69025,flicker
45.8909,1696,flicker
45.8933,26,flicker
45.8937,168817,flicker
45.8974,169211,flicker
45.9015,69298,flicker
45.9075,169605,flicker
45.9112,169432,flicker
45.9137,169614,flicker
45.9180,2,flicker
45.9224,169171,flicker
45.9277,168695,flicker
45.9303,169659,flicker
45.9357,169306,flicker
45.9383,169526,flicker
45.9424,169269,flicker
45.9465,169321,flicker
45.9506,169477,flicker
45.9549,168615,flicker
45.9588,168934,flicker
45.9629,169624,flicker
45.9670,169123,flicker
45.9712,169729,flicker
45.9753,168741,flicker
45.9794,169007,flicker
45.9834,169400,flicker
45.9882,169085,flicker
45.9916,169583,flicker
45.9956,169081,flicker
45.9998,168723,flicker
46.0039,168781,flicker
46.0079,169346,flicker
46.0120,169556,flicker
46.0135,1,flicker
46.0162,68848,flicker
46.0173,1695,flicker
46.0203,27,flicker
46.0215,169032,flicker
46.0244,168796,flicker
46.0285,169290,flicker
46.0326,169209,flicker
46.0378,169265,flicker
46.0407,169677,flicker
46.0448,169036,flicker
46.0491,169335,flicker
46.0530,169021,flicker
46.0571,169465,flicker
46.0613,169125,flicker
46.0653,169115,flicker
46.0705,169299,flicker
46.0736,168823,flicker
46.0777,169775,flicker
46.0817,169409,flicker
46.0859,169508,flicker
46.0898,168737,flicker
46.0939,168587,flicker
46.0980,168651,flicker
46.1023,169540,flicker
46.1062,168860,flicker
46.1103,169037,flicker
46.1145,169394,flicker
46.1186,60,flicker
46.1227,169546,flicker
46.1268,169376,flicker
46.1308,169318,flicker
46.1363,68,flicker
46.1396,169204,flicker
46.1434,169580,flicker
46.1452,169,flicker
46.1472,060,flicker
46.1480,168976,flicker
46.1520,168877,flicker
46.1555,169603,flicker
46.1596,168971,flicker
46.1636,169400,flicker
46.1678,854,flicker
46.1725,169855,flicker
46.1762,169654,flicker
46.1800,169148,flicker
46.1842,696,flicker
46.1883,169134,flicker
46.1932,169303,flicker
46.1966,168670,flicker
46.2007,169100,flicker
46.2053,169251,flicker
46.2087,168790,flicker
46.2128,169453,flicker
46.2170,169432,flicker
46.2210,169288,flicker
46.2250,169495,flicker
46.2291,168968,flicker
46.2332,169451,flicker
46.2378,168961,flicker
46.2414,169472,flicker
46.2455,169082,flicker
46.2497,169175,flicker
46.2538,169661,flicker
46.2579,169716,flicker
46.2620,169076,flicker
46.2662,170110,flicker
46.2711,168955,flicker
46.2716,169,flicker
46.2743,518,flicker
46.2756,168600,flicker
46.2783,168792,flicker
46.2824,168906,flicker
46.2867,168896,flicker
46.2907,170330,flicker
46.2949,169564,flicker
46.2988,168802,flicker
46.3030,169805,flicker
46.3072,169138,flicker
46.3111,169529,flicker
46.3151,169491,flicker
46.3201,168765,flicker
46.3234,169282,flicker
46.3274,169157,flicker
46.3315,169529,flicker
46.3372,169623,flicker
46.3398,169275,flicker
46.3439,169615,flicker
46.3479,168887,flicker
46.3522,169432,flicker
46.3563,169145,flicker
46.3602,168797,flicker
46.3643,169825,flicker
46.3702,169083,flicker
46.3726,169920,flicker
46.3767,168924,flicker
46.3806,169023,flicker
46.3849,69279,flicker
46.3895,169110,flicker
46.3937,169855,flicker
46.3987,169762,flicker
46.3993,16,flicker
46.4024,1,flicker
46.4055,168941,flicker
46.4097,169664,flicker
46.4135,168760,flicker
46.4175,168924,flicker
46.4217,169456,flicker
46.4258,169029,flicker
46.4298,169848,flicker
46.4341,676,flicker
46.4383,169690,flicker
46.4427,169500,flicker
46.4472,169238,flicker
46.4503,169801,flicker
46.4544,168866,flicker
46.4585,168617,flicker
46.4625,169068,flicker
46.4667,168887,flicker
46.4709,169414,flicker
46.4751,168943,flicker
46.4799,169566,flicker
46.4831,169361,flicker
46.4880,169341,flicker
46.4915,169653,flicker
46.4954,169701,flicker
46.4995,169382,flicker
46.5036,169787,flicker
46.5084,169285,flicker
46.5117,169508,flicker
46.5158,168821,flicker
46.5203,169358,flicker
46.5244,169545,flicker
46.5258,16,flicker
46.5281,9476,flicker
46.5283,16945,flicker
46.5322,5,flicker
46.5323,169526,flicker
46.5367,169483,flicker
46.5404,169612,flicker
46.5445,169213,flicker
46.5486,169238,flicker
46.5535,169873,flicker
46.5569,169720,flicker
46.5610,169318,flicker
46.5655,169722,flicker
46.5701,169189,flicker
46.5732,169088,flicker
46.5772,169531,flicker
46.5814,169490,flicker
46.5872,169539,flicker
46.5896,169557,flicker
46.5937,169093,flicker
46.5978,169068,flicker
46.6019,68879,flicker
46.6060,169133,flicker
46.6108,168561,flicker
46.6159,169252,flicker
46.6182,169053,flicker
46.6223,169978,flicker
46.6267,169725,flicker
46.6307,169073,flicker
46.6346,694,flicker
46.6388,1635,flicker
46.6438,169123,flicker
46.6469,169356,flicker
46.6525,168871,flicker
46.6555,296,flicker
46.6566,16948,flicker
46.6592,3,flicker
46.6600,169323,flicker
46.6641,169508,flicker
46.6685,96,flicker
46.6715,169287,flicker
46.6758,169176,flicker
46.6797,169203,flicker
46.6838,69413,flicker
46.6884,168401,flicker
46.6937,168552,flicker
46.6962,169208,flicker
46.7003,169407,flicker
46.7042,169145,flicker
46.7083,168710,flicker
46.7124,169559,flicker
46.7166,169219,flicker
46.7207,169437,flicker
46.7247,169801,flicker
46.7288,169049,flicker
46.7330,170057,flicker
46.7370,169537,flicker
46.7411,169451,flicker
46.7452,169480,flicker
46.7493,168609,flicker
46.7535,169572,flicker
46.7575,168926,flicker
46.7617,169278,flicker
46.7659,169387,flicker
46.7700,169010,flicker
46.7741,169396,flicker
46.7782,169050,flicker
46.7793,16,flicker
46.7825,9307,flicker
46.7832,1694,flicker
46.7861,77,flicker
46.7894,168815,flicker
46.7903,169485,flicker
46.7943,169224,flicker
46.7984,168763,flicker
46.8030,169033,flicker
46.8067,168983,flicker
46.8108,168989,flicker
46.8149,168683,flicker
46.8201,698,flicker
46.8233,169632,flicker
46.8272,168727,flicker
46.8312,169781,flicker
46.8366,169123,flicker
46.8395,169387,flicker
46.8436,169998,flicker
46.8476,168911,flicker
46.8523,169339,flicker
46.8558,169175,flicker
46.8599,169515,flicker
46.8640,169376,flicker
46.8696,6866,flicker
46.8732,169680,flicker
46.8778,169122,flicker
46.8806,169310,flicker
46.8846,691,flicker
46.8888,169194,flicker
46.8940,169168,flicker
46.8967,169373,flicker
46.9009,6992,flicker
46.9049,169806,flicker
46.9056,1,flicker
46.9102,69189,flicker
46.9115,1694,flicker
46.9132,57,flicker
46.9145,169120,flicker
46.9177,169139,flicker
46.9220,169532,flicker
46.9254,169296,flicker
46.9295,169758,flicker
46.9338,698,flicker
46.9377,169043,flicker
46.9419,169073,flicker
46.9459,168890,flicker
46.9501,19415,flicker
46.9545,168715,flicker
46.9591,169433,flicker
46.9625,169880,flicker
46.9664,168937,flicker
46.9705,169544,flicker
46.9751,169367,flicker
46.9789,169815,flicker
46.9828,169434,flicker
46.9872,168859,flicker
46.9909,169757,flicker
46.9950,169066,flicker
46.9992,169462,flicker
47.0032,169798,flicker
47.0073,169616,flicker
47.0114,169533,flicker
47.0156,169448,flicker
47.0198,169106,flicker
47.0237,169120,flicker
47.0278,169427,flicker
47.0319,169374,flicker
47.0326,1,flicker
47.0362,69374,flicker
47.0367,1696,flicker
47.0401,53,flicker
47.0417,169242,flicker
47.0443,169183,flicker
47.0485,169312,flicker
47.0527,168615,flicker
47.0565,169232,flicker
47.0606,169283,flicker
47.0647,169336,flicker
47.0692,169267,flicker
47.0729,169352,flicker
47.0774,169140,flicker
47.0811,169030,flicker
47.0868,169648,flicker
47.0893,169576,flicker
47.0933,169399,flicker
47.0974,168863,flicker
47.1017,636,flicker
47.1066,168931,flicker
47.1097,169468,flicker
47.1138,168907,flicker
47.1184,169180,flicker
47.1220,169109,flicker
47.1261,169085,flicker
47.1302,169063,flicker
47.1353,97,flicker
47.1397,168922,flicker
47.1426,169644,flicker
47.1467,168882,flicker
47.1525,684,flicker
47.1564,168989,flicker
47.1589,169479,flicker
47.1630,169439,flicker
47.1642,168,flicker
47.1671,2,flicker
47.1693,16329,flicker
47.1715,169004,flicker
47.1760,169287,flicker
47.1794,169613,flicker
47.1845,191,flicker
47.1882,168918,flicker
47.1920,168929,flicker
47.1959,169207,flicker
47.1999,169174,flicker
47.2039,169503,flicker
47.2080,168984,flicker
47.2121,169101,flicker
47.2162,169211,flicker
47.2203,168944,flicker
47.2244,169180,flicker
47.2285,168802,flicker
47.2326,169746,flicker
47.2368,169069,flicker
47.2408,169720,flicker
47.2449,169391,flicker
47.2490,168419,flicker
47.2534,169596,flicker
47.2572,168625,flicker
47.2613,169496,flicker
47.2654,168904,flicker
47.2698,169257,flicker
47.2736,169455,flicker
47.2776,169147,flicker
47.2818,169262,flicker
47.2861,169432,flicker
47.2900,168221,flicker
47.2912,169,flicker
47.2941,579,flicker
47.2952,16888,flicker
47.2981,2,flicker
47.2982,169424,flicker
47.3027,169201,flicker
47.3065,168369,flicker
47.3105,169399,flicker
47.3145,168984,flicker
47.3187,168882,flicker
47.3227,169392,flicker
47.3268,168742,flicker
47.3309,169984,flicker
47.3357,169224,flicker
47.3391,169066,flicker
47.3432,169595,flicker
47.3473,168403,flicker
47.3515,698,flicker
47.3559,169486,flicker
47.3598,169335,flicker
47.3637,169444,flicker
47.3678,69158,flicker
47.3721,169834,flicker
47.3761,169034,flicker
47.3801,168824,flicker
47.3843,6972,flicker
47.3891,169008,flicker
47.3923,169097,flicker
47.3964,168938,flicker
47.4006,26,flicker
47.4058,169253,flicker
47.4093,169061,flicker
47.4128,169512,flicker
47.4179,687816,flicker
47.4227,9670,flicker
47.4238,16947,flicker
47.4251,7,flicker
47.4252,169055,flicker
47.4292,169628,flicker
47.4344,8,flicker
47.4381,169273,flicker
47.4415,169759,flicker
47.4457,169037,flicker
47.4497,169065,flicker
47.4538,169152,flicker
47.4579,169043,flicker
47.4620,169130,flicker
47.4661,169175,flicker
47.4704,168953,flicker
47.4742,168790,flicker
47.4784,169014,flicker
47.4825,168933,flicker
47.4866,169102,flicker
47.4906,169629,flicker
47.4947,169198,flicker
47.4989,168785,flicker
47.5030,169319,flicker
47.5070,169226,flicker
47.5111,169490,flicker
47.5153,168786,flicker
47.5194,169368,flicker
47.5234,168824,flicker
47.5275,169290,flicker
47.5317,168966,flicker
47.5358,169107,flicker
47.5398,168550,flicker
47.5439,169439,flicker
47.5449,1,flicker
47.5480,69003,flicker
47.5488,1689,flicker
47.5526,36,flicker
47.5539,168861,flicker
47.5562,169241,flicker
47.5604,169820,flicker
47.5644,168772,flicker
47.5697,169557,flicker
47.5725,168777,flicker
47.5766,169359,flicker
47.5807,169042,flicker
47.5857,169149,flicker
47.5890,168978,flicker
47.5930,168927,flicker
47.5971,169691,flicker
47.6025,169417,flicker
47.6053,169223,flicker
47.6094,168630,flicker
47.6135,169555,flicker
47.6177,614,flicker
47.6220,169085,flicker
47.6264,169215,flicker
47.6299,168888,flicker
47.6343,68810,flicker
47.6382,168831,flicker
47.6425,169557,flicker
47.6463,169071,flicker
47.6505,78,flicker
47.6548,169062,flicker
47.6594,168987,flicker
47.6627,169554,flicker
47.6668,168984,flicker
47.6709,169050,flicker
47.6714,1,flicker
47.6750,69065,flicker
47.6753,1694,flicker
47.6791,33,flicker
47.6794,169346,flicker
47.6833,169138,flicker
47.6873,168448,flicker
47.6913,168930,flicker
47.6954,169271,flicker
47.6997,1691,flicker
47.7044,169032,flicker
47.7078,168569,flicker
47.7118,168874,flicker
47.7159,169179,flicker
47.7201,169112,flicker
47.7242,169391,flicker
47.7282,168194,flicker
47.7323,168573,flicker
47.7364,168762,flicker
47.7405,169079,flicker
47.7446,169276,flicker
47.7488,168815,flicker
47.7529,168496,flicker
47.7569,169170,flicker
47.7610,169166,flicker
47.7651,169354,flicker
47.7692,168582,flicker
47.7732,169099,flicker
47.7773,169008,flicker
47.7815,169593,flicker
47.7857,169261,flicker
47.7897,168949,flicker
47.7938,169338,flicker
47.7979,168958,flicker
47.7989,1,flicker
47.8025,68980,flicker
47.8028,1691,flicker
47.8060,50,flicker
47.8070,168484,flicker
47.8102,169791,flicker
47.8142,169392,flicker
47.8192,169532,flicker
47.8225,169154,flicker
47.8266,169093,flicker
47.8306,170066,flicker
47.8361,169229,flicker
47.8390,169320,flicker
47.8430,168908,flicker
47.8470,168594,flicker
47.8521,169444,flicker
47.8553,169029,flicker
47.8594,168827,flicker
47.8635,169161,flicker
47.8675,68320,flicker
47.8717,169329,flicker
47.8766,169057,flicker
47.8798,169043,flicker
47.8858,6,flicker
47.8891,168716,flicker
47.8920,169572,flicker
47.8961,169208,flicker
47.9017,663,flicker
47.9044,169276,flicker
47.9085,169119,flicker
47.9125,169568,flicker
47.9166,69276,flicker
47.9213,169368,flicker
47.9248,169083,flicker
47.9289,169296,flicker
47.9301,169,flicker
47.9331,52,flicker
47.9340,69528,flicker
47.9376,169775,flicker
47.9418,169401,flicker
47.9455,169080,flicker
47.9495,169472,flicker
47.9541,169045,flicker
47.9577,169719,flicker
47.9618,169106,flicker
47.9658,168863,flicker
47.9700,169429,flicker
47.9741,169066,flicker
47.9781,169674,flicker
47.9822,169266,flicker
47.9863,169386,flicker
47.9903,169906,flicker
47.9944,169302,flicker
47.9986,169291,flicker
48.0027,169394,flicker
48.0067,169410,flicker
48.0108,169661,flicker
48.0149,169575,flicker
48.0198,169784,flicker
48.0231,169457,flicker
48.0272,169128,flicker
48.0313,169487,flicker
48.0357,169249,flicker
48.0397,168917,flicker
48.0437,169881,flicker
48.0478,169391,flicker
48.0525,169737,flicker
48.0559,168923,flicker
48.0568,169,flicker
48.0601,084,flicker
48.0609,169572,flicker
48.0641,169807,flicker
48.0693,169479,flicker
48.0723,168781,flicker
48.0764,168820,flicker
48.0804,170101,flicker
48.0861,169062,flicker
48.0888,169031,flicker
48.0928,169293,flicker
48.0969,169419,flicker
48.1011,69348,flicker
48.1065,169175,flicker
48.1095,169003,flicker
48.1133,168867,flicker
48.1173,69319,flicker
48.1215,169808,flicker
48.1256,169598,flicker
48.1296,169522,flicker
48.1338,169450,flicker
48.1380,168598,flicker
48.1419,169445,flicker
48.1460,169187,flicker
48.1502,694,flicker
48.1544,168751,flicker
48.1585,169242,flicker
48.1625,169495,flicker
48.1665,69081,flicker
48.1712,168874,flicker
48.1761,168653,flicker
48.1788,168903,flicker
48.1843,6961,flicker
48.1877,551,flicker
48.1887,16860,flicker
48.1910,1,flicker
48.1911,168978,flicker
48.1951,169438,flicker
48.1992,168940,flicker
48.2033,169210,flicker
48.2074,168957,flicker
48.2115,169339,flicker
48.2157,168868,flicker
48.2201,168944,flicker
48.2238,168940,flicker
48.2279,168702,flicker
48.2320,169491,flicker
48.2363,169396,flicker
48.2402,169332,flicker
48.2443,169326,flicker
48.2484,168682,flicker
48.2527,169110,flicker
48.2565,169542,flicker
48.2607,169296,flicker
48.2648,169122,flicker
48.2698,169327,flicker
48.2729,169148,flicker
48.2770,169780,flicker
48.2812,169970,flicker
48.2865,169091,flicker
48.2895,169252,flicker
48.2935,169485,flicker
48.2978,169579,flicker
48.3017,6945,flicker
48.3063,169647,flicker
48.3099,168575,flicker
48.3119,16,flicker
48.3139,9764,flicker
48.3149,16890,flicker
48.3183,2,flicker
48.3184,170118,flicker
48.3221,169708,flicker
48.3262,169430,flicker
48.3303,170337,flicker
48.3352,169231,flicker
48.3385,169815,flicker
48.3426,169846,flicker
48.3468,168756,flicker
48.3509,69707,flicker
48.3551,169528,flicker
48.3592,169474,flicker
48.3631,169341,flicker
48.3683,168729,flicker
48.3712,169751,flicker
48.3754,169405,flicker
48.3794,169555,flicker
48.3847,6,flicker
48.3885,169320,flicker
48.3926,169640,flicker
48.3959,169519,flicker
48.4000,6,flicker
48.4045,169751,flicker
48.4083,169234,flicker
48.4122,169893,flicker
48.4175,695,flicker
48.4205,169788,flicker
48.4246,169589,flicker
48.4287,170004,flicker
48.4340,69271,flicker
48.4378,169359,flicker
48.4390,1,flicker
48.4409,69647,flicker
48.4419,1690,flicker
48.4451,62,flicker
48.4462,168794,flicker
48.4492,169708,flicker
48.4533,169305,flicker
48.4573,169589,flicker
48.4614,169440,flicker
48.4655,169690,flicker
48.4696,169504,flicker
48.4736,169373,flicker
48.4778,169138,flicker
48.4819,169507,flicker
48.4860,168983,flicker
48.4901,169926,flicker
48.4942,168463,flicker
48.4983,169814,flicker
48.5026,169106,flicker
48.5064,169096,flicker
48.5105,169667,flicker
48.5147,169078,flicker
48.5191,169785,flicker
48.5228,169614,flicker
48.5269,169039,flicker
48.5311,169668,flicker
48.5362,168857,flicker
48.5393,168920,flicker
48.5434,169240,flicker
48.5475,169105,flicker
48.5533,69312,flicker
48.5558,169463,flicker
48.5598,169141,flicker
48.5638,169302,flicker
48.5644,1,flicker
48.5682,68815,flicker
48.5697,1701,flicker
48.5719,35,flicker
48.5726,169245,flicker
48.5762,169489,flicker
48.5801,169504,flicker
48.5845,686,flicker
48.5887,169583,flicker
48.5929,168891,flicker
48.5965,169154,flicker
48.6009,169145,flicker
48.6049,169569,flicker
48.6088,169446,flicker
48.6129,169316,flicker
48.6178,168868,flicker
48.6211,169614,flicker
48.6252,168891,flicker
48.6293,169027,flicker
48.6334,168921,flicker
48.6376,169300,flicker
48.6417,169686,flicker
48.6458,169725,flicker
48.6499,69296,flicker
48.6540,168769,flicker
48.6585,169155,flicker
48.6621,169467,flicker
48.6662,169384,flicker
48.6704,168894,flicker
48.6755,169099,flicker
48.6785,169343,flicker
48.6826,19951,flicker
48.6871,169295,flicker
48.6908,169174,flicker
48.6949,169034,flicker
48.6965,169,flicker
48.6991,763,flicker
48.6999,169507,flicker
48.7030,169123,flicker
48.7071,169376,flicker
48.7112,168569,flicker
48.7154,169919,flicker
48.7195,168708,flicker
48.7236,169495,flicker
48.7277,168914,flicker
48.7318,169652,flicker
48.7361,169626,flicker
48.7399,169553,flicker
48.7439,169606,flicker
48.7482,169026,flicker
48.7522,168927,flicker
48.7563,169453,flicker
48.7604,169331,flicker
48.7645,169425,flicker
48.7693,169259,flicker
48.7726,169076,flicker
48.7771,170136,flicker
48.7810,169656,flicker
48.7858,169282,flicker
48.7890,169452,flicker
48.7931,169217,flicker
48.7972,169882,flicker
48.8017,169646,flicker
48.8054,170129,flicker
48.8095,169907,flicker
48.8136,169830,flicker
48.8187,169708,flicker
48.8220,169746,flicker
48.8239,170,flicker
48.8259,035,flicker
48.8274,16906,flicker
48.8300,1,flicker
48.8300,169847,flicker
48.8342,169386,flicker
48.8382,169255,flicker
48.8423,169656,flicker
48.8464,168948,flicker
48.8506,169684,flicker
48.8546,169610,flicker
48.8587,169312,flicker
48.8628,169736,flicker
48.8684,169007,flicker
48.8711,169961,flicker
48.8751,168882,flicker
48.8792,169168,flicker
48.8849,69387,flicker
48.8884,169112,flicker
48.8914,169604,flicker
48.8955,169283,flicker
48.9012,6939,flicker
48.9046,169349,flicker
48.9079,168975,flicker
48.9119,169428,flicker
48.9161,16033,flicker
48.9202,169655,flicker
48.9242,169518,flicker
48.9283,168748,flicker
48.9336,169748,flicker
48.9365,169285,flicker
48.9406,169183,flicker
48.9447,170078,flicker
48.9506,169676169,flicker
48.9530,577,flicker
48.9546,169193,flicker
48.9570,169250,flicker
48.9611,169076,flicker
48.9652,169185,flicker
48.9693,169777,flicker
48.9733,168921,flicker
48.9774,168992,flicker
48.9816,169197,flicker
48.9857,169320,flicker
48.9897,169645,flicker
48.9938,168596,flicker
48.9980,169464,flicker
49.0020,169591,flicker
49.0061,169069,flicker
49.0102,170205,flicker
49.0143,169150,flicker
49.0187,169548,flicker
49.0225,169547,flicker
49.0266,169194,flicker
49.0307,169928,flicker
49.0358,169451,flicker
49.0390,169297,flicker
49.0431,169501,flicker
49.0471,169698,flicker
49.0524,169640,flicker
49.0553,169186,flicker
49.0594,169494,flicker
49.0634,169936,flicker
49.0680,169387,flicker
49.0716,169822,flicker
49.0758,169293,flicker
49.0773,16,flicker
49.0799,9559,flicker
49.0804,16942,flicker
49.0841,169064,flicker
49.0881,169812,flicker
49.0923,168922,flicker
49.0962,169399,flicker
49.1010,170126,flicker
49.1044,169244,flicker
49.1085,169698,flicker
49.1126,169066,flicker
49.1167,169001,flicker
49.1210,169774,flicker
49.1250,169679,flicker
49.1290,169075,flicker
49.1338,168767,flicker
49.1372,169713,flicker
49.1413,169700,flicker
49.1454,169230,flicker
49.1496,6216,flicker
49.1541,169871,flicker
49.1578,169096,flicker
49.1619,169585,flicker
49.1662,169536,flicker
49.1701,168867,flicker
49.1741,169060,flicker
49.1782,169189,flicker
49.1826,69651,flicker
49.1900,169606,flicker
49.1905,169424,flicker
49.1946,169163,flicker
49.1989,169596,flicker
49.2027,169333,flicker
49.2036,16,flicker
49.2068,8902,flicker
49.2076,1690,flicker
49.2109,43,flicker
49.2115,169195,flicker
49.2151,169540,flicker
49.2191,168970,flicker
49.2232,169872,flicker
49.2273,168988,flicker
49.2314,168608,flicker
49.2356,169321,flicker
49.2396,169624,flicker
49.2438,169312,flicker
49.2478,168906,flicker
49.2528,169373,flicker
49.2560,169504,flicker
49.2602,168967,flicker
49.2642,169289,flicker
49.2687,168965,flicker
49.2724,169345,flicker
49.2764,169154,flicker
49.2806,169187,flicker
49.2851,169452,flicker
49.2887,168758,flicker
49.2928,169011,flicker
49.2970,169481,flicker
49.3013,169642,flicker
49.3052,169486,flicker
49.3092,169031,flicker
49.3134,169384,flicker
49.3179,169031,flicker
49.3215,169213,flicker
49.3256,169384,flicker
49.3297,168334,flicker
49.3310,1,flicker
49.3342,69892,flicker
49.3351,1696,flicker
49.3380,18,flicker
49.3391,169522,flicker
49.3421,169704,flicker
49.3461,169234,flicker
49.3502,169786,flicker
49.3543,168920,flicker
49.3583,169284,flicker
49.3625,169639,flicker
49.3669,168836,flicker
49.3707,169677,flicker
49.3747,169342,flicker
49.3788,169345,flicker
49.3879,168881,flicker
49.3912,169939,flicker
49.3953,169444,flicker
49.3993,69728,flicker
49.4037,169508,flicker
49.4085,168479,flicker
49.4117,170252,flicker
49.4160,645,flicker
49.4201,169632,flicker
49.4240,169656,flicker
49.4281,169214,flicker
49.4322,69757,flicker
49.4371,169900,flicker
49.4409,169294,flicker
49.4445,169494,flicker
49.4499,1695,flicker
49.4536,169401,flicker
49.4568,168965,flicker
49.4577,1,flicker
49.4608,69490,flicker
49.4617,1699,flicker
49.4649,11,flicker
49.4667,169153,flicker
49.4692,169632,flicker
49.4732,169128,flicker
49.4772,169316,flicker
49.4813,169499,flicker
49.4861,169323,flicker
49.4894,169507,flicker
49.4935,169806,flicker
49.4978,169461,flicker
49.5019,169508,flicker
49.5058,169560,flicker
49.5100,170210,flicker
49.5140,169139,flicker
49.5191,170088,flicker
49.5222,169264,flicker
49.5263,169450,flicker
49.5305,169830,flicker
49.5346,169021,flicker
49.5386,169257,flicker
49.5427,169118,flicker
49.5468,169088,flicker
49.5519,169248,flicker
49.5550,168781,flicker
49.5591,169688,flicker
49.5632,169314,flicker
49.5675,169579,flicker
49.5714,169574,flicker
49.5755,169125,flicker
49.5795,169001,flicker
49.5838,69278,flicker
49.5903,169104,flicker
49.5914,169,flicker
49.5919,219,flicker
49.5934,169103,flicker
49.5959,169689,flicker
49.6005,169714,flicker
49.6041,169424,flicker
49.6082,169391,flicker
49.6123,169305,flicker
49.6164,69302,flicker
49.6220,169105,flicker
49.6246,168833,flicker
49.6287,168996,flicker
49.6330,690,flicker
49.6370,69284,flicker
49.6425,169293,flicker
49.6452,168930,flicker
49.6492,69196,flicker
49.6546,169608,flicker
49.6574,169295,flicker
49.6616,169456,flicker
49.6663,8,flicker
49.6698,169263,flicker
49.6737,168859,flicker
49.6778,169312,flicker
49.6833,194,flicker
49.6874,169264,flicker
49.6902,168764,flicker
49.6942,168391,flicker
49.7002,111,flicker
49.7030,169024,flicker
49.7065,168944,flicker
49.7107,169028,flicker
49.7148,168911,flicker
49.7161,169,flicker
49.7188,580,flicker
49.7203,169622,flicker
49.7229,169373,flicker
49.7270,169272,flicker
49.7311,169244,flicker
49.7353,169433,flicker
49.7393,169243,flicker
49.7434,169453,flicker
49.7475,169159,flicker
49.7521,169634,flicker
49.7557,168691,flicker
49.7598,169669,flicker
49.7639,169522,flicker
49.7681,168956,flicker
49.7721,169263,flicker
49.7762,169163,flicker
49.7802,169014,flicker
49.7844,169062,flicker
49.7886,168959,flicker
49.7926,169136,flicker
49.7966,168972,flicker
49.8018,169503,flicker
49.8048,169541,flicker
49.8089,168824,flicker
49.8130,169065,flicker
49.8177,168958,flicker
49.8213,169009,flicker
49.8254,169277,flicker
49.8294,168282,flicker
49.8344,169014,flicker
49.8376,168878,flicker
49.8417,168891,flicker
49.8424,169,flicker
49.8458,371,flicker
49.8464,168857,flicker
49.8543,169442,flicker
49.8582,169262,flicker
49.8622,169138,flicker
49.8663,168445,flicker
49.8706,168956,flicker
49.8746,169096,flicker
49.8786,169798,flicker
49.8840,169425,flicker
49.8867,168766,flicker
49.8908,169396,flicker
49.8949,169522,flicker
49.8991,694,flicker
49.9057,169584,flicker
49.9077,168725,flicker
49.9114,169474,flicker
49.9156,116,flicker
49.9204,169084,flicker
49.9236,169338,flicker
49.9277,168707,flicker
49.9319,169510,flicker
49.9362,169687,flicker
49.9400,169394,flicker
49.9441,169674,flicker
49.9526,169645,flicker
49.9565,169119,flicker
49.9605,169251,flicker
49.9646,169332,flicker
49.9688,169535,flicker
49.9708,16,flicker
49.9728,9822,flicker
49.9738,16885,flicker
49.9768,8,flicker
49.9769,169709,flicker
49.9811,169651,flicker
49.9851,169262,flicker
49.9891,169869,flicker
49.9933,169146,flicker
49.9973,169335,flicker
50.0022,169139,flicker
50.0056,168562,flicker
50.0097,169294,flicker
50.0138,169303,flicker
50.0186,169251,flicker
50.0220,169143,flicker
50.0261,169112,flicker
50.0301,169486,flicker
50.0355,169277,flicker
50.0383,169042,flicker
50.0424,169031,flicker
50.0465,169208,flicker
50.0509,169291,flicker
50.0547,168897,flicker
50.0588,169558,flicker
50.0628,169240,flicker
50.0671,69228,flicker
50.0719,169691,flicker
50.0755,168916,flicker
50.0793,168897,flicker
50.0840,169691,flicker
50.0874,169103,flicker
50.0915,168460,flicker
50.0957,169020,flicker
50.0972,16,flicker
50.0999,662,flicker
50.1013,16933,flicker
50.1038,5,flicker
50.1043,169411,flicker
50.1082,169468,flicker
50.1122,168911,flicker
50.1175,69,flicker
50.1211,169152,flicker
50.1244,169348,flicker
50.1284,168420,flicker
50.1332,168647,flicker
50.1367,168840,flicker
50.1408,169381,flicker
50.1448,169481,flicker
50.1496,169147,flicker
50.1533,168523,flicker
50.1571,169656,flicker
50.1612,169077,flicker
50.1671,6,flicker
50.1693,169103,flicker
50.1736,169210,flicker
50.1776,169494,flicker
50.1857,169444,flicker
50.1899,168750,flicker
50.1940,169649,flicker
50.1981,668,flicker
50.2029,169131,flicker
50.2066,168974,flicker
50.2103,168883,flicker
50.2144,169583,flicker
50.2185,169854,flicker
50.2226,169112,flicker
50.2237,16,flicker
50.2267,8922,flicker
50.2279,1686,flicker
50.2308,23,flicker
50.2319,169101,flicker
50.2357,169056,flicker
50.2390,168390,flicker
50.2431,169127,flicker
50.2474,169104,flicker
50.2521,169029,flicker
50.2553,169236,flicker
50.2594,169891,flicker
50.2636,169632,flicker
50.2677,169297,flicker
50.2717,169065,flicker
50.2758,169434,flicker
50.2801,169710,flicker
50.2844,169330,flicker
50.2881,168472,flicker
50.2922,168809,flicker
50.2965,170084,flicker
50.3017,169187,flicker
50.3046,169482,flicker
50.3087,168903,flicker
50.3127,168820,flicker
50.3168,169445,flicker
50.3210,169195,flicker
50.3251,169483,flicker
50.3291,168632,flicker
50.3335,169044,flicker
50.3374,169169,flicker
50.3415,169193,flicker
50.3455,168609,flicker
50.3496,68613,flicker
50.3498,1,flicker
50.3549,69138,flicker
50.3568,1689,flicker
50.3578,99,flicker
50.3589,169298,flicker
50.3619,169208,flicker
50.3661,6867,flicker
50.3700,169209,flicker
50.3748,169445,flicker
50.3783,169507,flicker
50.3838,686,flicker
50.3869,169035,flicker
50.3905,170351,flicker
50.3946,169362,flicker
50.3988,691,flicker
50.4037,169159,flicker
50.4069,169067,flicker
50.4110,169816,flicker
50.4151,68953,flicker
50.4206,169137,flicker
50.4233,169516,flicker
50.4274,168904,flicker
50.4315,69776,flicker
50.4362,169211,flicker
50.4397,169439,flicker
50.4438,169996,flicker
50.4494,163,flicker
50.4520,169504,flicker
50.4561,169133,flicker
50.4603,169860,flicker
50.4643,169058,flicker
50.4684,168900,flicker
50.4725,169319,flicker
50.4766,169037,flicker
50.4774,1,flicker
50.4807,69032,flicker
50.4824,1691,flicker
50.4851,53,flicker
50.4863,168856,flicker
50.4889,169844,flicker
50.4929,169281,flicker
50.4971,169372,flicker
50.5015,169442,flicker
50.5052,169069,flicker
50.5093,170039,flicker
50.5137,168810,flicker
50.5177,169355,flicker
50.5216,169851,flicker
50.5257,169180,flicker
50.5298,170012,flicker
50.5339,168886,flicker
50.5380,169191,flicker
50.5420,169012,flicker
50.5462,169526,flicker
50.5507,170082,flicker
50.5544,169273,flicker
50.5585,169356,flicker
50.5626,169156,flicker
50.5673,169284,flicker
50.5707,168996,flicker
50.5749,168498,flicker
50.5789,169213,flicker
50.5830,169122,flicker
50.5871,169760,flicker
50.5912,169818,flicker
50.5953,169156,flicker
50.5998,169125,flicker
50.6035,169352,flicker
50.6076,169308,flicker
50.6090,169,flicker
50.6118,572,flicker
50.6129,169374,flicker
50.6199,169645,flicker
50.6240,169448,flicker
50.6281,169992,flicker
50.6323,6952,flicker
50.6363,168921,flicker
50.6404,169568,flicker
50.6445,169167,flicker
50.6486,69298,flicker
50.6529,168695,flicker
50.6568,168811,flicker
50.6608,169384,flicker
50.6650,6931,flicker
50.6697,169084,flicker
50.6732,168798,flicker
50.6773,169429,flicker
50.6825,696,flicker
50.6859,169360,flicker
50.6896,169199,flicker
50.6936,169030,flicker
50.6977,69395,flicker
50.7028,169455,flicker
50.7062,168781,flicker
50.7100,168950,flicker
50.7141,168955,flicker
50.7185,169430,flicker
50.7223,169511,flicker
50.7264,169127,flicker
50.7305,168865,flicker
50.7349,169008,flicker
50.7360,169,flicker
50.7387,256,flicker
50.7400,169612,flicker
50.7428,169194,flicker
50.7469,168649,flicker
50.7513,169043,flicker
50.7551,169212,flicker
50.7591,168947,flicker
50.7633,169557,flicker
50.7678,168916,flicker
50.7715,169047,flicker
50.7755,169113,flicker
50.7798,169712,flicker
50.7839,168897,flicker
50.7878,169140,flicker
50.7919,169233,flicker
50.7960,168940,flicker
50.8006,169531,flicker
50.8043,169162,flicker
50.8084,168793,flicker
50.8124,168895,flicker
50.8172,169243,flicker
50.8207,168984,flicker
50.8247,169555,flicker
50.8288,168661,flicker
50.8332,169629,flicker
50.8370,169802,flicker
50.8411,169752,flicker
50.8451,169394,flicker
50.8493,68930,flicker
50.8549,169246,flicker
50.8582,169629,flicker
50.8617,169695,flicker
50.8633,16,flicker
50.8658,44,flicker
50.8678,62,flicker
50.8698,1,flicker
50.8699,169395,flicker
50.8739,168933,flicker
50.8779,169025,flicker
50.8833,7,flicker
50.8866,169323,flicker
50.8903,169781,flicker
50.8943,169122,flicker
50.8993,168915,flicker
50.9025,169829,flicker
50.9066,168507,flicker
50.9107,169610,flicker
50.9149,10,flicker
50.9195,169547,flicker
50.9230,169741,flicker
50.9271,168599,flicker
50.9320,645,flicker
50.9359,168780,flicker
50.9394,169005,flicker
50.9436,169075,flicker
50.9477,170026,flicker
50.9522,169979,flicker
50.9558,169269,flicker
50.9599,169810,flicker
50.9640,170127,flicker
50.9680,168942,flicker
50.9721,170185,flicker
50.9762,169790,flicker
50.9804,169549,flicker
50.9844,169920,flicker
50.9885,169334,flicker
50.9900,16,flicker
50.9927,9419,flicker
50.9928,16858,flicker
50.9968,4,flicker
50.9969,169629,flicker
51.0010,169602,flicker
51.0050,169214,flicker
51.0090,169479,flicker
51.0132,169379,flicker
51.0173,169387,flicker
51.0213,170043,flicker
51.0254,169366,flicker
51.0297,169589,flicker
51.0346,169346,flicker
51.0377,169289,flicker
51.0417,169622,flicker
51.0462,169000,flicker
51.0512,169463,flicker
51.0540,169314,flicker
51.0581,169306,flicker
51.0622,169497,flicker
51.0669,169168,flicker
51.0704,169422,flicker
51.0745,169106,flicker
51.0786,168909,flicker
51.0846,69,flicker
51.0877,170342,flicker
51.0909,169283,flicker
51.0950,169455,flicker
51.0993,654,flicker
51.1041,169736,flicker
51.1073,169356,flicker
51.1115,169630,flicker
51.1161,169272,flicker
51.1171,16,flicker
51.1196,9514,flicker
51.1202,1701,flicker
51.1237,27,flicker
51.1242,169553,flicker
51.1278,169847,flicker
51.1319,69451,flicker
51.1374,169284,flicker
51.1418,169827,flicker
51.1443,169379,flicker
51.1497,6887,flicker
51.1541,168734,flicker
51.1565,168979,flicker
51.1606,169058,flicker
51.1695,169374,flicker
51.1728,169092,flicker
51.1769,169526,flicker
51.1811,69529,flicker
51.1852,169480,flicker
51.1893,169050,flicker
51.1933,169135,flicker
51.1986,61,flicker
51.2042,169447,flicker
51.2056,169207,flicker
51.2097,169411,flicker
51.2138,168833,flicker
51.2183,169614,flicker
51.2220,169646,flicker
51.2260,169596,flicker
51.2302,169096,flicker
51.2343,169356,flicker
51.2384,169236,flicker
51.2425,169482,flicker
51.2437,16,flicker
51.2467,8912,flicker
51.2476,1688,flicker
51.2511,30,flicker
51.2526,169170,flicker
51.2548,169527,flicker
51.2588,168980,flicker
51.2630,169439,flicker
51.2673,168803,flicker
51.2713,168917,flicker
51.2753,169847,flicker
51.2794,169442,flicker
51.2839,169063,flicker
51.2876,168808,flicker
51.2916,169260,flicker
51.2957,169538,flicker
51.3005,169245,flicker
51.3040,169877,flicker
51.3081,168793,flicker
51.3121,169471,flicker
51.3183,6,flicker
51.3203,169592,flicker
51.3245,169430,flicker
51.3286,168421,flicker
51.3330,169005,flicker
51.3367,169403,flicker
51.3408,169123,flicker
51.3449,169008,flicker
51.3492,672,flicker
51.3548,169479,flicker
51.3582,169002,flicker
51.3612,169802,flicker
51.3656,169460,flicker
51.3694,168868,flicker
51.3702,1,flicker
51.3736,69552,flicker
51.3742,1687,flicker
51.3777,35,flicker
51.3782,169137,flicker
51.3818,169790,flicker
51.3863,168544,flicker
51.3900,169754,flicker
51.3940,169703,flicker
51.3998,169699,flicker
51.4022,169421,flicker
51.4063,169363,flicker
51.4104,169005,flicker
51.4165,69286,flicker
51.4192,169711,flicker
51.4239,169217,flicker
51.4271,168727,flicker
51.4309,169929,flicker
51.4350,168832,flicker
51.4391,169335,flicker
51.4431,169726,flicker
51.4473,168748,flicker
51.4514,169896,flicker
51.4554,169130,flicker
51.4595,169520,flicker
51.4637,169806,flicker
51.4685,169305,flicker
51.4718,169656,flicker
51.4759,169187,flicker
51.4800,169336,flicker
51.4842,169868,flicker
51.4882,169214,flicker
51.4923,169661,flicker
51.4964,169528,flicker
51.4982,1,flicker
51.5005,69228,flicker
51.5019,169,flicker
51.5046,321,flicker
51.5059,169395,flicker
51.5088,169658,flicker
51.5129,169589,flicker
51.5172,169143,flicker
51.5210,169226,flicker
51.5251,169495,flicker
51.5293,169595,flicker
51.5343,169778,flicker
51.5375,169406,flicker
51.5416,169671,flicker
51.5457,169308,flicker
51.5504,169786,flicker
51.5539,169083,flicker
51.5580,169922,flicker
51.5621,169079,flicker
51.5663,169441,flicker
51.5702,169970,flicker
51.5742,168967,flicker
51.5783,169190,flicker
51.5826,69392,flicker
51.5885,169349,flicker
51.5906,169722,flicker
51.5947,169333,flicker
51.5994,169957,flicker
51.6030,169531,flicker
51.6071,169316,flicker
51.6112,169843,flicker
51.6167,169477,flicker
51.6193,169547,flicker
51.6234,169665,flicker
51.6275,169083,flicker
51.6285,169,flicker
51.6316,55,flicker
51.6362,170055,flicker
51.6407,169641,flicker
51.6439,169477,flicker
51.6480,9593,flicker
51.6534,169701,flicker
51.6565,169948,flicker
51.6603,169700,flicker
51.6645,98,flicker
51.6688,169445,flicker
51.6731,169180,flicker
51.6767,169363,flicker
51.6808,169407,flicker
51.6849,169392,flicker
51.6889,169360,flicker
51.6930,169343,flicker
51.6972,169447,flicker
51.7013,169369,flicker
51.7054,169394,flicker
51.7095,169401,flicker
51.7135,169104,flicker
51.7176,169321,flicker
51.7217,169469,flicker
51.7258,169103,flicker
51.7299,169354,flicker
51.7345,168501,flicker
51.7381,169392,flicker
51.7422,169388,flicker
51.7464,169507,flicker
51.7505,169588,flicker
51.7545,168861,flicker
51.7555,169,flicker
51.7586,263,flicker
51.7599,169614,flicker
51.7629,169421,flicker
51.7673,169003,flicker
51.7711,168850,flicker
51.7752,168878,flicker
51.7791,169359,flicker
51.7835,170038,flicker
51.7872,168771,flicker
51.7913,168957,flicker
51.7955,168737,flicker
51.8003,169200,flicker
51.8036,169051,flicker
51.8077,169125,flicker
51.8118,169006,flicker
51.8166,169518,flicker
51.8200,169592,flicker
51.8240,169146,flicker
51.8282,169189,flicker
51.8331,169101,flicker
51.8365,169852,flicker
51.8405,169891,flicker
51.8446,169199,flicker
51.8489,169257,flicker
51.8529,169702,flicker
51.8569,169575,flicker
51.8610,169164,flicker
51.8655,169104,flicker
51.8693,168345,flicker
51.8733,169390,flicker
51.8773,169421,flicker
51.8823,169342,flicker
51.8834,16,flicker
51.8855,9324,flicker
51.8864,16886,flicker
51.8896,9,flicker
51.8897,169761,flicker
51.8937,169109,flicker
51.8999,693,flicker
51.9021,169247,flicker
51.9063,168558,flicker
51.9102,169811,flicker
51.9147,168526,flicker
51.9185,169505,flicker
51.9224,169195,flicker
51.9265,168816,flicker
51.9316,69,flicker
51.9360,169166,flicker
51.9387,169450,flicker
51.9429,170144,flicker
51.9471,1688,flicker
51.9511,169772,flicker
51.9552,169743,flicker
51.9593,169017,flicker
51.9634,169091,flicker
51.9675,169092,flicker
51.9716,169065,flicker
51.9756,168955,flicker
51.9797,169276,flicker
51.9838,169093,flicker
51.9879,168405,flicker
51.9920,169424,flicker
51.9962,168982,flicker
52.0002,169387,flicker
52.0043,169396,flicker
52.0085,169452,flicker
52.0096,1,flicker
52.0125,70000,flicker
52.0134,1692,flicker
52.0168,36,rest
52.0185,169412,rest
52.0207,169279,rest
52.0248,169133,rest
52.0289,169743,rest
52.0332,168764,rest
52.0371,169276,rest
52.0411,169259,rest
52.0453,169000,rest
52.0504,169450,rest
52.0535,169015,rest
52.0575,168855,rest
52.0616,169667,rest
52.0660,169004,rest
52.0698,169752,rest
52.0739,169415,rest
52.0780,169410,rest
52.0823,169049,rest
52.0865,169540,rest
52.0904,169445,rest
52.0944,168539,rest
52.0985,69430,rest
52.1030,169629,rest
52.1080,168972,rest
52.1108,169677,rest
52.1158,168956,rest
52.1191,169691,rest
52.1231,169757,rest
52.1273,168732,rest
52.1313,69316,rest
52.1370,169271,rest
52.1379,1,rest
52.1396,69489,rest
52.1409,1693,rest
52.1436,68,rest
52.1437,169215,rest
52.1481,169631,rest
52.1518,169222,rest
52.1559,168995,rest
52.1599,169342,rest
52.1642,95,rest
52.1700,169744,rest
52.1722,168146,rest
52.1763,169290,rest
52.1853,169193,rest
52.1887,169371,rest
52.1928,169337,rest
52.1980,118,rest
52.2015,169785,rest
52.2051,168894,rest
52.2091,169697,rest
52.2132,168684,rest
52.2173,169444,rest
52.2214,169524,rest
52.2255,169584,rest
52.2296,169165,rest
52.2337,168229,rest
52.2377,168996,rest
52.2418,169372,rest
52.2461,169264,rest
52.2510,168809,rest
52.2541,169016,rest
52.2582,169510,rest
52.2624,169519,rest
52.2666,169415,rest
52.2674,168,rest
52.2706,855,rest
52.2716,169095,rest
52.2747,169279,rest
52.2788,169585,rest
52.2831,169040,rest
52.2870,168787,rest
52.2911,168836,rest
52.2952,169623,rest
52.3002,169407,rest
52.3034,169141,rest
52.3076,168421,rest
52.3115,168924,rest
52.3161,168959,rest
52.3197,169448,rest
52.3238,169635,rest
52.3279,168851,rest
52.3324,168984,rest
52.3361,169802,rest
52.3401,169614,rest
52.3442,169448,rest
52.3486,168004,rest
52.3526,168694,rest
52.3566,168880,rest
52.3607,169287,rest
52.3649,69776,rest
52.3697,169363,rest
52.3731,169014,rest
52.3772,169551,rest
52.3814,169565,rest
52.3854,168785,rest
52.3895,169056,rest
52.3935,169534,rest
52.3941,16,rest
52.3991,281,rest
52.4027,169602,rest
52.4059,168555,rest
52.4098,170185,rest
52.4140,6926,rest
52.4191,169494,rest
52.4222,169275,rest
52.4262,168958,rest
52.4303,69552,rest
52.4346,169531,rest
52.4385,169643,rest
52.4426,169276,rest
52.4467,169426,rest
52.4508,169950,rest
52.4548,168772,rest
52.4589,169356,rest
52.4631,169492,rest
52.4672,168880,rest
52.4712,169451,rest
52.4753,168589,rest
52.4796,168929,rest
52.4839,169850,rest
52.4877,169058,rest
52.4917,169460,rest
52.4959,168566,rest
52.5005,169545,rest
52.5040,169399,rest
52.5081,169266,rest
52.5122,169641,rest
52.5170,169497,rest
52.5205,169811,rest
52.5213,16,rest
52.5245,9198,rest
52.5253,16854,rest
52.5286,2,rest
52.5287,169434,rest
52.5330,169361,rest
52.5368,169337,rest
52.5408,169486,rest
52.5452,169496,rest
52.5495,169706,rest
52.5531,169345,rest
52.5572,169952,rest
52.5613,169248,rest
52.5655,168921,rest
52.5696,169762,rest
52.5736,168909,rest
52.5777,169570,rest
52.5834,169223,rest
52.5859,169396,rest
52.5900,169311,rest
52.5941,169504,rest
52.6002,6921,rest
52.6034,169101,rest
52.6069,169230,rest
52.6114,169917,rest
52.6146,68354,rest
52.6193,169463,rest
52.6241,169038,rest
52.6270,168851,rest
52.6310,169948,rest
52.6352,168774,rest
52.6391,169206,rest
52.6433,168930,rest
52.6474,6101,rest
52.6484,1,rest
52.6515,9850,rest
52.6523,1689,rest
52.6563,97,rest
52.6578,169702,rest
52.6597,169349,rest
52.6637,169031,rest
52.6679,169629,rest
52.6720,168650,rest
52.6764,169849,rest
52.6806,694,rest
52.6848,169439,rest
52.6890,170036,rest
52.6927,169117,rest
52.6967,16586,rest
52.7010,169027,rest
52.7048,169247,rest
52.7088,169550,rest
52.7131,169017,rest
52.7171,169137,rest
52.7216,169315,rest
52.7252,168923,rest
52.7294,169760,rest
52.7334,168793,rest
52.7375,169199,rest
52.7415,169199,rest
52.7458,169704,rest
52.7499,168782,rest
52.7539,169134,rest
52.7580,169258,rest
52.7622,169395,rest
52.7663,169281,rest
52.7702,168935,rest
52.7743,169406,rest
52.7765,1,rest
52.7785,69466,rest
52.7794,1696,rest
52.7828,45,rest
52.7835,169395,rest
52.7869,168537,rest
52.7908,168928,rest
52.7948,169496,rest
52.7990,169758,rest
52.8030,169292,rest
52.8071,168724,rest
52.8112,169395,rest
52.8162,169003,rest
52.8194,169366,rest
52.8235,169235,rest
52.8275,168720,rest
52.8330,169372,rest
52.8357,169360,rest
52.8399,169468,rest
52.8439,169427,rest
52.8496,168944,rest
52.8521,168898,rest
52.8562,168965,rest
52.8603,168722,rest
52.8660,63,rest
52.8694,168743,rest
52.8727,169221,rest
52.8767,169066,rest
52.8810,169336,rest
52.8850,169233,rest
52.8890,168334,rest
52.8932,169183,rest
52.8973,69430,rest
52.9014,169443,rest
52.9030,1,rest
52.9054,69110,rest
52.9055,168,rest
52.9095,872,rest
52.9106,169906,rest
52.9138,1,rest
52.9190,169707,rest
52.9224,169099,rest
52.9259,168654,rest
52.9307,99,rest
52.9350,169618,rest
52.9382,169667,rest
52.9423,169464,rest
52.9518,169660,rest
52.9558,169330,rest
52.9587,169388,rest
52.9628,169118,rest
52.9669,169204,rest
52.9710,170165,rest
52.9751,169373,rest
52.9792,169762,rest
52.9834,169781,rest
52.9876,169356,rest
52.9917,169197,rest
52.9957,169524,rest
52.9999,169263,rest
53.0038,169284,rest
53.0079,168842,rest
53.0120,169515,rest
53.0166,169024,rest
53.0201,169320,rest
53.0242,169504,rest
53.0283,168665,rest
53.0328,169763,rest
53.0339,168,rest
53.0365,921,rest
53.0375,169522,rest
53.0407,169382,rest
53.0448,168907,rest
53.0493,169375,rest
53.0529,169108,rest
53.0570,169118,rest
53.0610,169023,rest
53.0663,168316,rest
53.0692,169347,rest
53.0733,169461,rest
53.0774,169583,rest
53.0828,16955,rest
53.0857,168766,rest
53.0897,169589,rest
53.0938,168972,rest
53.0983,169480,rest
53.1020,169362,rest
53.1061,169258,rest
53.1102,169249,rest
53.1145,608,rest
53.1185,1694,rest
53.1185,9,rest
53.1245,169603,rest
53.1266,169542,rest
53.1308,169625,rest
53.1348,169391,rest
53.1389,169486,rest
53.1430,169392,rest
53.1473,169053,rest
53.1512,170020,rest
53.1552,168880,rest
53.1593,169532,rest
53.1602,168,rest
53.1691,9,rest
53.1692,169694,rest
53.1725,169367,rest
53.1757,169615,rest
53.1847,169675,rest
53.1880,170015,rest
53.1921,168642,rest
53.1972,1,rest
53.2009,169164,rest
53.2046,169383,rest
53.2086,169454,rest
53.2127,169660,rest
53.2169,169641,rest
53.2208,169486,rest
53.2249,169245,rest
53.2290,169571,rest
53.2339,168744,rest
53.2371,169206,rest
53.2413,169093,rest
53.2455,168654,rest
53.2501,169380,rest
53.2538,168833,rest
53.2576,168987,rest
53.2618,169474,rest
53.2663,169340,rest
53.2700,169141,rest
53.2740,168502,rest
53.2781,169766,rest
53.2836,168865,rest
53.2865,169286,rest
53.2886,16,rest
53.2904,8194,rest
53.2915,16899,rest
53.2945,1,rest
53.2945,169272,rest
53.2992,169413,rest
53.3028,169125,rest
53.3069,168834,rest
53.3110,169131,rest
53.3155,168918,rest
53.3191,169208,rest
53.3232,168804,rest
53.3274,168793,rest
53.3321,168957,rest
53.3355,169272,rest
53.3396,168894,rest
53.3437,169359,rest
53.3478,68846,rest
53.3520,68989,rest
53.3560,169325,rest
53.3602,168764,rest
53.3647,169043,rest
53.3684,168736,rest
53.3724,169100,rest
53.3764,169164,rest
53.3806,69022,rest
53.3846,169015,rest
53.3899,169049,rest
53.3942,169391,rest
53.3970,1992,rest
53.4011,168948,rest
53.4067,169439,rest
53.4092,167980,rest
53.4141,6901,rest
53.4180,127,rest
53.4194,16980,rest
53.4215,2,rest
53.4224,169506,rest
53.4274,168750,rest
53.4297,169503,rest
53.4347,168983,rest
53.4378,169184,rest
53.4420,168839,rest
53.4461,35,rest
53.4504,169220,rest
53.4544,168960,rest
53.4584,169101,rest
53.4630,169080,rest
53.4673,168610,rest
53.4707,169821,rest
53.4747,169652,rest
53.4789,169312,rest
53.4837,169331,rest
53.4871,169225,rest
53.4911,169663,rest
53.4953,168676,rest
53.4993,168787,rest
53.5037,169531,rest
53.5076,169002,rest
53.5116,169292,rest
53.5157,169537,rest
53.5199,169554,rest
53.5239,169307,rest
53.5280,168952,rest
53.5323,170023,rest
53.5362,169350,rest
53.5404,169458,rest
53.5417,16,rest
53.5445,9394,rest
53.5453,1694,rest
53.5488,65,rest
53.5495,169211,rest
53.5526,168710,rest
53.5567,169393,rest
53.5607,169648,rest
53.5659,169293,rest
53.5690,168752,rest
53.5731,169112,rest
53.5772,169672,rest
53.5813,69335,rest
53.5854,169216,rest
53.5911,169693,rest
53.5935,169423,rest
53.5992,168530,rest
53.6018,169385,rest
53.6058,169552,rest
53.6099,169462,rest
53.6141,6904,rest
53.6184,169611,rest
53.6224,169203,rest
53.6265,169329,rest
53.6305,696,rest
53.6370,169171,rest
53.6387,169671,rest
53.6427,169787,rest
53.6480,6998,rest
53.6512,169727,rest
53.6559,169149,rest
53.6598,168811,rest
53.6640,6969,rest
53.6673,169326,rest
53.6679,1,rest
53.6717,69047,rest
53.6718,1685,rest
53.6755,28,rest
53.6758,169354,rest
53.6799,169314,rest
53.6836,169365,rest
53.6877,169630,rest
53.6918,168440,rest
53.7011,169210,rest
53.7049,169291,rest
53.7083,169338,rest
53.7142,17,rest
53.7168,169050,rest
53.7214,169602,rest
53.7247,168657,rest
53.7288,169279,rest
53.7331,168742,rest
53.7370,169222,rest
53.7410,169471,rest
53.7451,168964,rest
53.7494,169187,rest
53.7532,168784,rest
53.7573,169952,rest
53.7616,169550,rest
53.7660,169402,rest
53.7696,169785,rest
53.7737,169118,rest
53.7779,169504,rest
53.7824,169384,rest
53.7860,169281,rest
53.7901,168619,rest
53.7944,168456,rest
53.7963,1,rest
53.7983,9308,rest
53.8004,1692,rest
53.8025,32,rest
53.8034,169262,rest
53.8066,168941,rest
53.8106,169013,rest
53.8157,169044,rest
53.8188,169313,rest
53.8228,169245,rest
53.8269,168758,rest
53.8314,168649,rest
53.8352,169700,rest
53.8392,169830,rest
53.8433,168883,rest
53.8486,169092,rest
53.8516,169155,rest
53.8557,168832,rest
53.8597,169457,rest
53.8647,169948,rest
53.8679,168595,rest
53.8720,169267,rest
53.8761,169253,rest
53.8817,169234,rest
53.8843,169524,rest
53.8884,168959,rest
53.8925,169044,rest
53.8974,6,rest
53.9015,168747,rest
53.9048,169177,rest
53.9089,168904,rest
53.9147,69468,rest
53.9171,169742,rest
53.9212,169391,rest
53.9253,169977,rest
53.9262,169,rest
53.9299,9588,rest
53.9338,169190,rest
53.9376,169315,rest
53.9418,169773,rest
53.9465,16,rest
53.9509,169401,rest
53.9540,169069,rest
53.9580,169162,rest
53.9622,169815,rest
53.9663,168877,rest
53.9704,169535,rest
53.9745,169383,rest
53.9785,169194,rest
53.9829,169723,rest
53.9871,168771,rest
53.9909,170007,rest
53.9949,168881,rest
53.9994,169541,rest
54.0031,169036,rest
54.0072,169068,rest
54.0113,169930,rest
54.0161,169372,rest
54.0196,169427,rest
54.0236,169705,rest
54.0277,169181,rest
54.0326,169675,rest
54.0360,169436,rest
54.0401,169701,rest
54.0443,169459,rest
54.0482,168935,rest
54.0530,169728,rest
54.0546,169,rest
54.0563,189,rest
54.0565,169188,rest
54.0605,169028,rest
54.0646,168670,rest
54.0686,170229,rest
54.0727,169253,rest
54.0768,170060,rest
54.0813,169861,rest
54.0856,169360,rest
54.0891,170321,rest
54.0932,169027,rest
54.0976,169362,rest
54.1017,169684,rest
54.1056,169009,rest
54.1096,169718,rest
54.1147,169202,rest
54.1178,169433,rest
54.1219,169545,rest
54.1259,169397,rest
54.1306,169297,rest
54.1342,169653,rest
54.1382,169194,rest
54.1423,169710,rest
54.1465,69171,rest
54.1509,170369,rest
54.1548,168870,rest
54.1588,169654,rest
54.1648,4,rest
54.1678,169505,rest
54.1716,170010,rest
54.1751,169470,rest
54.1801,6,rest
54.1833,9335,rest
54.1843,16912,rest
54.1883,7,rest
54.1890,170178,rest
54.1916,169080,rest
54.1998,169276,rest
54.2038,169388,rest
54.2087,170166,rest
54.2121,169105,rest
54.2163,169246,rest
54.2202,169432,rest
54.2243,169547,rest
54.2284,169476,rest
54.2332,168544,rest
54.2366,169286,rest
54.2407,169720,rest
54.2448,169014,rest
54.2499,168911,rest
54.2529,169561,rest
54.2570,169319,rest
54.2613,169886,rest
54.2653,169570,rest
54.2694,169404,rest
54.2735,168573,rest
54.2777,169583,rest
54.2816,169627,rest
54.2857,169693,rest
54.2898,168507,rest
54.2939,168843,rest
54.2981,169494,rest
54.3021,169879,rest
54.3062,169528,rest
54.3065,1,rest
54.3103,69393,rest
54.3105,1688,rest
54.3148,77,rest
54.3165,169756,rest
54.3185,169586,rest
54.3226,169436,rest
54.3267,169359,rest
54.3324,169773,rest
54.3349,169495,rest
54.3390,169568,rest
54.3430,169538,rest
54.3480,695,rest
54.3515,169628,rest
54.3553,169322,rest
54.3594,169469,rest
54.3648,604,rest
54.3677,169127,rest
54.3717,169465,rest
54.3758,169386,rest
54.3813,169193,rest
54.3840,169520,rest
54.3881,168842,rest
54.3922,169775,rest
54.3966,69283,rest
54.4005,169339,rest
54.4047,169221,rest
54.4087,168533,rest
54.4128,920,rest
54.4169,169611,rest
54.4210,169314,rest
54.4251,169315,rest
54.4292,169147,rest
54.4334,169415,rest
54.4338,1,rest
54.4373,69287,rest
54.4383,1701,rest
54.4414,39,rest
54.4422,169664,rest
54.4475,13,rest
54.4509,169956,rest
54.4546,169310,rest
54.4578,169412,rest
54.4618,169744,rest
54.4659,169257,rest
54.4700,170168,rest
54.4741,169421,rest
54.4782,169777,rest
54.4825,169899,rest
54.4864,168972,rest
54.4905,169754,rest
54.4946,169749,rest
54.4995,169036,rest
54.5029,169569,rest
54.5070,169151,rest
54.5112,169947,rest
54.5151,169478,rest
54.5193,169950,rest
54.5233,169288,rest
54.5274,169446,rest
54.5327,170205,rest
54.5355,169345,rest
54.5397,169972,rest
54.5439,170238,rest
54.5480,169010,rest
54.5520,169537,rest
54.5561,169514,rest
54.5603,169704,rest
54.5607,1,rest
54.5648,70259,rest
54.5659,1689,rest
54.5683,62,rest
54.5688,169459,rest
54.5724,169070,rest
54.5765,169662,rest
54.5815,169357,rest
54.5848,169680,rest
54.5888,170197,rest
54.5929,169853,rest
54.5975,170050,rest
54.6011,169945,rest
54.6053,169679,rest
54.6093,170127,rest
54.6139,169660,rest
54.6177,169634,rest
54.6217,169986,rest
54.6258,169706,rest
54.6299,68,rest
54.6349,169343,rest
54.6395,169681,rest
54.6422,169788,rest
54.6465,168833,rest
54.6507,169862,rest
54.6543,169599,rest
54.6584,170156,rest
54.6626,69518,rest
54.6667,169656,rest
54.6710,170293,rest
54.6748,169359,rest
54.6837,169635,rest
54.6872,169678,rest
54.6873,1,rest
54.6912,69568,rest
54.6924,1692,rest
54.6953,65,rest
54.6966,1,rest
54.7005,169651,rest
54.7035,169296,rest
54.7077,170136,rest
54.7117,168938,rest
54.7158,170112,rest
54.7201,169803,rest
54.7240,169392,rest
54.7281,170365,rest
54.7322,169411,rest
54.7367,169830,rest
54.7405,169954,rest
54.7444,169901,rest
54.7486,170147,rest
54.7529,169183,rest
54.7568,170125,rest
54.7610,169463,rest
54.7654,169677,rest
54.7690,170166,rest
54.7731,169420,rest
54.7774,169625,rest
54.7813,169625,rest
54.7855,169404,rest
54.7896,169677,rest
54.7938,169000,rest
54.7978,169470,rest
54.8018,169673,rest
54.8059,169798,rest
54.8100,169414,rest
54.8148,169444,rest
54.8159,1,rest
54.8182,69138,rest
54.8189,1700,rest
54.8223,19,rest
54.8231,169322,rest
54.8264,169882,rest
54.8308,169328,rest
54.8347,169340,rest
54.8388,170130,rest
54.8427,169754,rest
54.8478,68808,rest
54.8509,169229,rest
54.8550,169693,rest
54.8591,169893,rest
54.8646,6,rest
54.8682,169028,rest
54.8722,169020,rest
54.8755,169914,rest
54.8806,170261,rest
54.8837,169679,rest
54.8878,169517,rest
54.8919,169207,rest
54.9008,169708,rest
54.9042,169902,rest
54.9085,169168,rest
54.9125,1806,rest
54.9171,169733,rest
54.9215,169676,rest
54.9248,169157,rest
54.9289,694,rest
54.9341,169338,rest
54.9375,169536,rest
54.9411,169371,rest
54.9453,1952,rest
54.9462,18,rest
54.9501,929,rest
54.9516,169265,rest
54.9534,169401,rest
54.9574,170181,rest
54.9615,169517,rest
54.9667,169463,rest
54.9697,169508,rest
54.9738,169339,rest
54.9780,169609,rest
54.9822,169250,rest
54.9861,168429,rest
54.9902,170293,rest
54.9943,170388,rest
54.9988,169664,rest
55.0025,169443,rest
55.0066,169184,rest
55.0108,170312,rest
55.0151,169424,rest
55.0190,169993,rest
55.0231,169849,rest
55.0271,169301,rest
55.0312,169664,rest
55.0352,169272,rest
55.0393,169539,rest
55.0435,169857,rest
55.0486,169194,rest
55.0518,170190,rest
55.0558,169663,rest
55.0598,169528,rest
55.0649,170037,rest
55.0682,169250,rest
55.0722,171038,rest
55.0731,169,rest
55.0762,760,rest
55.0769,169543,rest
55.0808,169751,rest
55.0844,169439,rest
55.0885,169865,rest
55.0926,169656,rest
55.0977,170016,rest
55.1008,169264,rest
55.1049,169552,rest
55.1090,169862,rest
55.1146,169285,rest
55.1172,169241,rest
55.1213,169280,rest
55.1253,169541,rest
55.1295,69901,rest
55.1364,169708,rest
55.1379,169417,rest
55.1419,170502,rest
55.1464,169542,rest
55.1499,169891,rest
55.1540,169738,rest
55.1581,170082,rest
55.1623,69835,rest
55.1664,169249,rest
55.1718,170479,rest
55.1745,169068,rest
55.1787,169485,rest
55.1827,169327,rest
55.1868,169785,rest
55.1909,170443,rest
55.1951,170005,rest
55.1992,169812,rest
55.2005,17,rest
55.2032,0009,rest
55.2034,16924,rest
55.2073,6,rest
55.2073,170434,rest
55.2116,169623,rest
55.2155,169758,rest
55.2196,169275,rest
55.2237,170044,rest
55.2278,170273,rest
55.2322,169428,rest
55.2360,169871,rest
55.2401,170338,rest
55.2442,169062,rest
55.2486,170087,rest
55.2523,169568,rest
55.2564,169599,rest
55.2608,169770,rest
55.2648,169378,rest
55.2687,169837,rest
55.2728,168990,rest
55.2769,169359,rest
55.2820,170158,rest
55.2851,169815,rest
55.2892,169604,rest
55.2934,169073,rest
55.2976,169691,rest
55.3015,169848,rest
55.3056,169779,rest
55.3097,169290,rest
55.3147,169675,rest
55.3179,169497,rest
55.3220,169934,rest
55.3261,169660,rest
55.3265,16,rest
55.3309,9168,rest
55.3317,1694,rest
55.3342,20,rest
55.3356,169843,rest
55.3384,170158,rest
55.3424,169529,rest
55.3465,169536,rest
55.3507,169221,rest
55.3548,169537,rest
55.3588,169822,rest
55.3645,651,rest
55.3676,169564,rest
55.3720,169338,rest
55.3753,169483,rest
55.3798,169696,rest
55.3835,169132,rest
55.3876,169556,rest
55.3916,169746,rest
55.3957,69706,rest
55.4001,170066,rest
55.4040,169974,rest
55.4080,169162,rest
55.4121,68975,rest
55.4164,169793,rest
55.4206,169866,rest
55.4245,169929,rest
55.4326,169719,rest
55.4371,169741,rest
55.4411,169460,rest
55.4460,194,rest
55.4495,169416,rest
55.4531,169088,rest
55.4536,1,rest
55.4572,69669,rest
55.4575,1693,rest
55.4613,57,rest
55.4627,169759,rest
55.4659,168398,rest
55.4694,169769,rest
55.4735,169660,rest
55.4777,169662,rest
55.4819,170438,rest
55.4858,169070,rest
55.4899,169953,rest
55.4940,169921,rest
55.4988,170284,rest
55.5023,170063,rest
55.5064,169620,rest
55.5104,170181,rest
55.5151,169852,rest
55.5188,169582,rest
55.5228,169470,rest
55.5269,169142,rest
55.5315,170074,rest
55.5350,169111,rest
55.5391,169475,rest
55.5432,170275,rest
55.5473,169133,rest
55.5515,169960,rest
55.5554,169207,rest
55.5595,169879,rest
55.5648,169545,rest
55.5678,168937,rest
55.5719,170466,rest
55.5759,169751,rest
55.5801,169766,rest
55.5806,1,rest
55.5843,69871,rest
55.5852,1694,rest
55.5883,62,rest
55.5891,170202,rest
55.5923,169430,rest
55.5966,169844,rest
55.6006,169791,rest
55.6047,169382,rest
55.6088,170377,rest
55.6129,69532,rest
55.6190,169562,rest
55.6210,170245,rest
55.6251,169630,rest
55.6308,169868,rest
55.6332,169354,rest
55.6373,169868,rest
55.6414,170132,rest
55.6505,169828,rest
55.6546,169950,rest
55.6578,169135,rest
55.6663,169100,rest
55.6702,170123,rest
55.6743,170282,rest
55.6798,654,rest
55.6824,169413,rest
55.6870,169585,rest
55.6907,170456,rest
55.6947,169578,rest
55.6989,169829,rest
55.7030,169733,rest
55.7071,169168,rest
55.7111,170272,rest
55.7116,169,rest
55.7154,345,rest
55.7166,169789,rest
55.7193,169688,rest
55.7234,170035,rest
55.7275,169878,rest
55.7316,169134,rest
55.7357,169551,rest
55.7399,170235,rest
55.7439,169452,rest
55.7479,170116,rest
55.7520,169434,rest
55.7561,169870,rest
55.7602,169941,rest
55.7647,169644,rest
55.7685,170188,rest
55.7726,169410,rest
55.7766,169680,rest
55.7808,169874,rest
55.7848,169871,rest
55.7889,169627,rest
55.7930,170035,rest
55.7979,169760,rest
55.8013,169777,rest
55.8054,169491,rest
55.8094,169065,rest
55.8136,169629,rest
55.8176,169831,rest
55.8217,169761,rest
55.8257,169612,rest
55.8312,169843,rest
55.8339,169330,rest
55.8381,169445,rest
55.8394,169,rest
55.8421,260,rest
55.8422,169481,rest
55.8464,9896,rest
55.8504,168939,rest
55.8545,169682,rest
55.8585,170080,rest
55.8632,169788,rest
55.8671,168905,rest
55.8708,169427,rest
55.8749,169522,rest
55.8791,69915,rest
55.8838,169473,rest
55.8902,169070,rest
55.8914,169079,rest
55.8955,6,rest
55.8999,169528,rest
55.9037,169183,rest
55.9079,168668,rest
55.9119,169059,rest
55.9159,169233,rest
55.9200,169762,rest
55.9240,169653,rest
55.9294,69,rest
55.9327,169557,rest
55.9372,170026,rest
55.9405,169515,rest
55.9446,169731,rest
55.9487,169526,rest
55.9528,170091,rest
55.9568,169943,rest
55.9610,169693,rest
55.9651,169369,rest
55.9669,16,rest
55.9691,9190,rest
55.9699,16980,rest
55.9732,4,rest
55.9733,170030,rest
55.9773,169554,rest
55.9814,169921,rest
55.9855,169288,rest
55.9896,169255,rest
55.9938,170072,rest
55.9982,170278,rest
56.0020,169806,rest
56.0061,169043,rest
56.0101,170613,rest
56.0142,169577,rest
56.0184,169792,rest
56.0224,169814,rest
56.0266,169589,rest
56.0307,170256,rest
56.0347,169513,rest
56.0387,170026,rest
56.0428,169083,rest
56.0474,169165,rest
56.0511,169899,rest
56.0552,169534,rest
56.0592,169791,rest
56.0642,169364,rest
56.0674,169430,rest
56.0715,170072,rest
56.0756,170119,rest
56.0811,169560,rest
56.0838,169795,rest
56.0879,168747,rest
56.0920,170267,rest
56.0934,17,rest
56.0972,0104,rest
56.0973,17021,rest
56.1002,5,rest
56.1016,169914,rest
56.1043,169723,rest
56.1084,170108,rest
56.1125,69614,rest
56.1192,169610,rest
56.1207,169467,rest
56.1247,169333,rest
56.1291,170314,rest
56.1331,169456,rest
56.1370,169860,rest
56.1411,170158,rest
56.1467,169114,rest
56.1493,170422,rest
56.1534,169852,rest
56.1575,170061,rest
56.1633,6,rest
56.1666,169408,rest
56.1698,170456,rest
56.1739,169208,rest
56.1825,169735,rest
56.1862,170054,rest
56.1903,170257,rest
56.1944,69078,rest
56.1996,170101,rest
56.2027,170097,rest
56.2067,169398,rest
56.2108,169206,rest
56.2150,169916,rest
56.2191,169303,rest
56.2200,1,rest
56.2231,69442,rest
56.2244,1698,rest
56.2272,08,rest
56.2296,170452,rest
56.2319,169245,rest
56.2354,168928,rest
56.2394,169724,rest
56.2435,169548,rest
56.2482,170105,rest
56.2517,168978,rest
56.2558,169296,rest
56.2601,169567,rest
56.2646,169425,rest
56.2682,170833,rest
56.2722,169379,rest
56.2763,169618,rest
56.2804,169450,rest
56.2845,169592,rest
56.2886,169876,rest
56.2930,169223,rest
56.2973,169471,rest
56.3009,169688,rest
56.3049,169697,rest
56.3091,170269,rest
56.3142,169150,rest
56.3173,169781,rest
56.3213,169632,rest
56.3254,169543,rest
56.3302,170063,rest
56.3337,169169,rest
56.3377,169079,rest
56.3418,169893,rest
56.3462,169091,rest
56.3464,1,rest
56.3501,69523,rest
56.3516,169,rest
56.3541,081,rest
56.3556,169408,rest
56.3582,169655,rest
56.3636,696,rest
56.3676,169072,rest
56.3705,169465,rest
56.3746,168976,rest
56.3796,65,rest
56.3836,169540,rest
56.3870,169013,rest
56.3910,168611,rest
56.4001,169828,rest
56.4034,169123,rest
56.4074,168061,rest
56.4115,69580,rest
56.4167,169573,rest
56.4204,169500,rest
56.4237,169934,rest
56.4288,92,rest
56.4331,169032,rest
56.4363,169790,rest
56.4401,169520,rest
56.4442,69549,rest
56.4493,168565,rest
56.4525,168531,rest
56.4566,169948,rest
56.4607,169562,rest
56.4647,169443,rest
56.4688,168813,rest
56.4729,169388,rest
56.4771,169902,rest
56.4791,169,rest
56.4813,425,rest
56.4820,169694,rest
56.4852,168815,rest
56.4893,169834,rest
56.4934,169290,rest
56.4980,169947,rest
56.5016,169585,rest
56.5057,168947,rest
56.5098,170030,rest
56.5141,169465,rest
56.5180,169887,rest
56.5220,169499,rest
56.5262,168640,rest
56.5303,169794,rest
56.5343,169666,rest
56.5384,170068,rest
56.5426,169588,rest
56.5475,169202,rest
56.5508,170156,rest
56.5548,169451,rest
56.5589,169707,rest
56.5635,169882,rest
56.5671,168535,rest
56.5712,170143,rest
56.5753,169596,rest
56.5794,169053,rest
56.5835,169452,rest
56.5876,169132,rest
56.5917,169494,rest
56.5965,169493,rest
56.5999,169649,rest
56.6040,170226,rest
56.6046,168,rest
56.6080,793,rest
56.6096,17004,rest
56.6171,170033,rest
56.6204,170123,rest
56.6244,168947,rest
56.6291,169373,rest
56.6327,168743,rest
56.6367,169538,rest
56.6408,169490,rest
56.6491,170292,rest
56.6531,169529,rest
56.6572,169912,rest
56.6618,169999,rest
56.6654,169335,rest
56.6695,170049,rest
56.6736,168489,rest
56.6792,69648,rest
56.6820,169676,rest
56.6864,169361,rest
56.6901,170430,rest
56.6952,16951,rest
56.6984,170211,rest
56.7024,169516,rest
56.7064,169574,rest
56.7105,170035,rest
56.7147,169636,rest
56.7188,170179,rest
56.7228,169905,rest
56.7270,169782,rest
56.7311,170339,rest
56.7321,169,rest
56.7351,771,rest
56.7362,16984,rest
56.7391,9,rest
56.7392,169865,rest
56.7433,168947,rest
56.7485,170109,rest
56.7515,168909,rest
56.7556,169460,rest
56.7597,169823,rest
56.7638,169622,rest
56.7679,170526,rest
56.7720,169372,rest
56.7761,169624,rest
56.7802,170058,rest
56.7842,169772,rest
56.7883,170225,rest
56.7924,169080,rest
56.7971,169186,rest
56.8008,169772,rest
56.8049,169008,rest
56.8091,170091,rest
56.8136,169069,rest
56.8170,168854,rest
56.8210,169661,rest
56.8251,169172,rest
56.8295,169738,rest
56.8335,168917,rest
56.8375,169970,rest
56.8415,169797,rest
56.8475,169027,rest
56.8497,169831,rest
56.8538,168951,rest
56.8579,169955,rest
56.8597,16,rest
56.8622,9829,rest
56.8637,16940,rest
56.8662,1,rest
56.8664,169821,rest
56.8704,169198,rest
56.8745,169718,rest
56.8784,69982,rest
56.8826,170134,rest
56.8879,169014,rest
56.8917,169576,rest
56.8949,698,rest
56.8989,169654,rest
56.9030,169603,rest
56.9088,169589,rest
56.9113,6,rest
56.9160,169180,rest
56.9195,169698,rest
56.9235,169796,rest
56.9276,6849,rest
56.9317,168985,rest
56.9361,169533,rest
56.9398,169276,rest
56.9459,6966,rest
56.9480,169121,rest
56.9521,169501,rest
56.9563,170199,rest
56.9605,170001,rest
56.9654,169580,rest
56.9685,169017,rest
56.9726,168810,rest
56.9767,170058,rest
56.9810,170160,rest
56.9849,169772,rest
56.9857,16,rest
56.9890,8902,rest
56.9898,16952,rest
56.9931,2,rest
56.9945,169878,rest
56.9972,169750,rest
57.0012,169517,rest
57.0053,168886,rest
57.0095,169277,rest
57.0136,169912,rest
57.0177,169595,rest
57.0217,169175,rest
57.0259,169023,rest
57.0301,169679,rest
57.0341,169539,rest
57.0381,169655,rest
57.0422,169837,rest
57.0470,169217,rest
57.0504,169809,rest
57.0545,169637,rest
57.0586,169449,rest
57.0631,170141,rest
57.0668,169033,rest
57.0709,170246,rest
57.0750,169669,rest
57.0801,169691,rest
57.0833,169530,rest
57.0874,169246,rest
57.0914,169833,rest
57.0970,169623,rest
57.0997,169557,rest
57.1038,169675,rest
57.1078,169313,rest
57.1130,169712,rest
57.1143,1,rest
57.1160,69593,rest
57.1173,1698,rest
57.1201,35,rest
57.1213,169911,rest
57.1243,168810,rest
57.1283,70389,rest
57.1361,169829,rest
57.1365,169653,rest
57.1405,169234,rest
57.1459,694,rest
57.1500,169900,rest
57.1529,169302,rest
57.1570,170059,rest
57.1621,710,rest
57.1660,169956,rest
57.1692,169889,rest
57.1733,169753,rest
57.1821,169472,rest
57.1857,169192,rest
57.1898,169460,rest
57.1939,195,rest
57.1988,169871,rest
57.2020,169657,rest
57.2062,169083,rest
57.2103,169913,rest
57.2152,169317,rest
57.2185,169601,rest
57.2225,169723,rest
57.2266,169309,rest
57.2308,170297,rest
57.2348,169318,rest
57.2388,169724,rest
57.2400,1,rest
57.2430,69607,rest
57.2449,1689,rest
57.2470,81,rest
57.2479,170087,rest
57.2512,169270,rest
57.2553,169819,rest
57.2593,169386,rest
57.2635,169316,rest
57.2676,169840,rest
57.2718,169290,rest
57.2758,169286,rest
57.2798,169780,rest
57.2839,169792,rest
57.2880,169796,rest
57.2922,168824,rest
57.2966,169696,rest
57.3003,169632,rest
57.3043,169396,rest
57.3085,169741,rest
57.3135,169632,rest
57.3167,169317,rest
57.3207,169543,rest
57.3248,169661,rest
57.3307,169892,rest
57.3331,169514,rest
57.3372,169523,rest
57.3412,169747,rest
57.3453,69236,rest
57.3504,170059,rest
57.3537,169438,rest
57.3576,169786,rest
57.3622,169591,rest
57.3658,169648,rest
57.3665,1,rest
57.3699,69518,rest
57.3704,169,rest
57.3740,152,rest
57.3744,169719,rest
57.3782,9827,rest
57.3843,169517,rest
57.3874,169765,rest
57.3905,168694,rest
57.3950,169331,rest
57.3986,169956,rest
57.4027,169684,rest
57.4068,169425,rest
57.4114,69359,rest
57.4150,169433,rest
57.4192,169430,rest
57.4232,169655,rest
57.4274,4,rest
57.4320,169488,rest
57.4363,169209,rest
57.4397,169537,rest
57.4445,0,rest
57.4483,169652,rest
57.4519,168957,rest
57.4560,169862,rest
57.4601,170138,rest
57.4644,169894,rest
57.4682,168646,rest
57.4723,168848,rest
57.4765,169429,rest
57.4805,170392,rest
57.4846,169774,rest
57.4887,168605,rest
57.4928,169585,rest
57.4971,169420,rest
57.4974,170,rest
57.5010,194,rest
57.5014,169453,rest
57.5051,169424,rest
57.5093,169331,rest
57.5140,169394,rest
57.5174,169637,rest
57.5215,169664,rest
57.5256,168743,rest
57.5297,169314,rest
57.5342,169279,rest
57.5379,169375,rest
57.5420,169814,rest
57.5465,169248,rest
57.5502,170002,rest
57.5543,169112,rest
57.5586,169992,rest
57.5625,169174,rest
57.5674,168767,rest
57.5706,169814,rest
57.5747,169632,rest
57.5789,169746,rest
57.5830,169678,rest
57.5871,169098,rest
57.5912,170018,rest
57.5959,169910,rest
57.5992,169283,rest
57.6034,169659,rest
57.6075,168551,rest
57.6120,69855,rest
57.6158,169053,rest
57.6200,170205,rest
57.6240,169762,rest
57.6247,16,rest
57.6296,79750,rest
57.6322,169394,rest
57.6363,169724,rest
57.6402,169435,rest
57.6443,69502,rest
57.6485,169476,rest
57.6540,169628,rest
57.6569,169341,rest
57.6609,62,rest
57.6648,169895,rest
57.6700,170712,rest
57.6731,169599,rest
57.6772,1959,rest
57.6822,169675,rest
57.6859,169011,rest
57.6894,170098,rest
57.6936,169866,rest
57.6977,169299,rest
57.7022,169784,rest
57.7059,169334,rest
57.7099,169694,rest
57.7140,169776,rest
57.7180,169536,rest
57.7221,169503,rest
57.7263,169085,rest
57.7304,170064,rest
57.7344,169539,rest
57.7385,169627,rest
57.7428,169541,rest
57.7470,169230,rest
57.7508,169870,rest
57.7518,16,rest
57.7549,9530,rest
57.7557,16947,rest
57.7591,3,rest
57.7592,170181,rest
57.7632,169092,rest
57.7680,169823,rest
57.7713,169500,rest
57.7754,169836,rest
57.7797,169571,rest
57.7837,169400,rest
57.7878,170313,rest
57.7918,169371,rest
57.7972,170038,rest
57.8000,169945,rest
57.8040,168985,rest
57.8083,170637,rest
57.8133,169081,rest
57.8163,169873,rest
57.8204,169439,rest
57.8245,169708,rest
57.8291,170817,rest
57.8328,169102,rest
57.8369,169873,rest
57.8409,170047,rest
57.8451,69954,rest
57.8511,170028,rest
57.8533,169482,rest
57.8574,169793,rest
57.8619,169838,rest
57.8655,169474,rest
57.8696,170281,rest
57.8737,169777,rest
57.8779,70080,rest
57.8795,1,rest
57.8830,0032,rest
57.8853,1697,rest
57.8860,86,rest
57.8872,169539,rest
57.8902,169457,rest
57.8943,69624,rest
57.9010,169190,rest
57.9025,169085,rest
57.9065,169650,rest
57.9106,169396,rest
57.9148,169749,rest
57.9188,169949,rest
57.9229,169536,rest
57.9272,16977,rest
57.9317,169008,rest
57.9356,169630,rest
57.9393,169281,rest
57.9447,6,rest
57.9474,169296,rest
57.9524,169219,rest
57.9556,169817,rest
57.9598,170367,rest
57.9639,169705,rest
57.9679,169023,rest
57.9720,169010,rest
57.9761,169230,rest
57.9802,169173,rest
57.9843,169931,rest
57.9884,169061,rest
57.9926,168803,rest
57.9971,169870,rest
58.0007,169489,rest
58.0048,169388,rest
58.0057,1,rest
58.0089,68548,rest
58.0097,1692,rest
58.0131,68,rest
58.0147,169586,rest
58.0171,169450,rest
58.0211,169598,rest
58.0253,168987,rest
58.0296,168746,rest
58.0334,169185,rest
58.0375,169251,rest
58.0417,168947,rest
58.0459,168455,rest
58.0498,169238,rest
58.0539,170042,rest
58.0580,169473,rest
58.0633,169573,rest
58.0664,169044,rest
58.0703,169665,rest
58.0744,169135,rest
58.0794,169631,rest
58.0826,169598,rest
58.0867,168375,rest
58.0908,169363,rest
58.0951,169924,rest
58.0991,169702,rest
58.1031,169683,rest
58.1071,168706,rest
58.1122,170160,rest
58.1154,169501,rest
58.1195,169620,rest
58.1235,168968,rest
58.1284,169271,rest
58.1319,169841,rest
58.1335,1,rest
58.1358,69824,rest
58.1381,1695,rest
58.1399,34,rest
58.1401,170249,rest
58.1458,169038,rest
58.1482,170050,rest
58.1522,169781,rest
58.1563,169152,rest
58.1611,677,rest
58.1653,168830,rest
58.1687,169746,rest
58.1728,169627,rest
58.1769,7,rest
58.1853,168271,rest
58.1891,169713,rest
58.1974,169425,rest
58.2014,169592,rest
58.2056,169113,rest
58.2111,1992,rest
58.2138,169498,rest
58.2179,169718,rest
58.2220,169016,rest
58.2260,168636,rest
58.2300,169127,rest
58.2341,169767,rest
58.2382,168836,rest
58.2423,169526,rest
58.2466,169455,rest
58.2508,169550,rest
58.2546,169008,rest
58.2588,169189,rest
58.2606,1,rest
58.2633,69658,rest
58.2657,169,rest
58.2669,899,rest
58.2676,169846,rest
58.2710,169187,rest
58.2751,169614,rest
58.2792,169305,rest
58.2833,169280,rest
58.2873,169342,rest
58.2915,168860,rest
58.2972,169304,rest
58.2997,169488,rest
58.3038,169295,rest
58.3080,169822,rest
58.3119,169727,rest
58.3161,169498,rest
58.3201,169533,rest
58.3242,169329,rest
58.3293,170207,rest
58.3324,169033,rest
58.3365,169145,rest
58.3407,169707,rest
58.3464,6987,rest
58.3500,169917,rest
58.3529,169063,rest
58.3571,169392,rest
58.3615,169805,rest
58.3652,169767,rest
58.3693,169278,rest
58.3734,169483,rest
58.3788,169197,rest
58.3817,169665,rest
58.3857,169599,rest
58.3898,169619,rest
58.3901,169,rest
58.3955,7,rest
58.3986,169412,rest
58.4028,169053,rest
58.4062,169538,rest
58.4103,998,rest
58.4146,169470,rest
58.4192,169496,rest
58.4230,169163,rest
58.4274,69170,rest
58.4307,68786,rest
58.4354,168893,rest
58.4389,169327,rest
58.4445,93,rest
58.4472,168973,rest
58.4513,168820,rest
58.4554,169294,rest
58.4596,1984,rest
58.4638,169593,rest
58.4685,169474,rest
58.4718,168705,rest
58.4758,169648,rest
58.4809,169529,rest
58.4840,169255,rest
58.4881,169460,rest
58.4923,168943,rest
58.4963,169317,rest
58.5003,169269,rest
58.5044,169515,rest
58.5086,168746,rest
58.5129,169094,rest
58.5167,169521,rest
58.5174,16,rest
58.5209,9667,rest
58.5211,16905,rest
58.5250,1,rest
58.5251,168852,rest
58.5292,168605,rest
58.5332,168937,rest
58.5373,169594,rest
58.5413,169710,rest
58.5464,168670,rest
58.5495,168828,rest
58.5536,170168,rest
58.5578,170165,rest
58.5634,169706,rest
58.5660,168282,rest
58.5701,169257,rest
58.5741,169752,rest
58.5797,169687,rest
58.5825,169383,rest
58.5865,169090,rest
58.5904,168810,rest
58.5960,6,rest
58.5988,169543,rest
58.6032,169398,rest
58.6068,168614,rest
58.6115,169590,rest
58.6151,169506,rest
58.6191,169886,rest
58.6233,169763,rest
58.6274,68760,rest
58.6324,170002,rest
58.6357,169840,rest
58.6396,169282,rest
58.6450,169456,rest
58.6466,16,rest
58.6478,8983,rest
58.6485,17054,rest
58.6519,5,rest
58.6520,169440,rest
58.6560,169951,rest
58.6604,694,rest
58.6650,168657,rest
58.6684,169769,rest
58.6724,169703,rest
58.6812,169592,rest
58.6849,169290,rest
58.6893,169874,rest
58.6946,69129,rest
58.6977,169744,rest
58.7019,169860,rest
58.7052,168775,rest
58.7094,170986,rest
58.7140,169598,rest
58.7174,169474,rest
58.7215,169398,rest
58.7257,168658,rest
58.7303,169588,rest
58.7340,169327,rest
58.7380,169351,rest
58.7420,169674,rest
58.7462,169314,rest
58.7502,169718,rest
58.7543,168956,rest
58.7586,169636,rest
58.7629,169876,rest
58.7667,169698,rest
58.7707,169310,rest
58.7716,16,rest
58.7749,9482,rest
58.7756,16962,rest
58.7789,7,rest
58.7793,169164,rest
58.7830,169557,rest
58.7870,170117,rest
58.7914,169327,rest
58.7965,168995,rest
58.7995,169351,rest
58.8037,169085,rest
58.8077,169615,rest
58.8119,169296,rest
58.8158,168964,rest
58.8198,169654,rest
58.8239,169153,rest
58.8292,169777,rest
58.8321,169180,rest
58.8362,169610,rest
58.8403,169509,rest
58.8461,169302,rest
58.8485,169907,rest
58.8526,169586,rest
58.8567,169797,rest
58.8608,69627,rest
58.8678,169774,rest
58.8691,170149,rest
58.8732,168920,rest
58.8795,694,rest
58.8818,170005,rest
58.8855,169342,rest
58.8894,169428,rest
58.8943,6928,rest
58.8981,169454,rest
58.8991,16,rest
58.9018,9603,rest
58.9023,1694,rest
58.9059,14,rest
58.9063,169635,rest
58.9109,169202,rest
58.9140,169408,rest
58.9181,169535,rest
58.9222,169554,rest
58.9264,9375,rest
58.9311,168865,rest
58.9348,169742,rest
58.9387,169478,rest
58.9439,68,rest
58.9469,169521,rest
58.9509,169009,rest
58.9550,169281,rest
58.9608,16968,rest
58.9641,169567,rest
58.9673,169343,rest
58.9714,168618,rest
58.9755,169445,rest
58.9798,169060,rest
58.9837,169279,rest
58.9878,169701,rest
58.9919,168846,rest
58.9966,169395,rest
59.0002,169392,rest
59.0043,169701,rest
59.0083,169087,rest
59.0134,168972,rest
59.0166,169820,rest
59.0206,169935,rest
59.0248,169376,rest
59.0293,169317,rest
59.0307,1683,rest
59.0329,67,rest
59.0338,169077,rest
59.0370,169068,rest
59.0410,169738,rest
59.0452,169354,rest
59.0493,168993,rest
59.0534,169200,rest
59.0577,169722,rest
59.0621,169617,rest
59.0657,168725,rest
59.0698,169640,rest
59.0738,169670,rest
59.0787,170043,rest
59.0821,169744,rest
59.0863,168484,rest
59.0902,169581,rest
59.0950,169283,rest
59.0984,170074,rest
59.1024,169843,rest
59.1065,168802,rest
59.1120,169210,rest
59.1147,169458,rest
59.1188,169835,rest
59.1230,169777,rest
59.1290,685,rest
59.1313,169321,rest
59.1352,169215,rest
59.1393,169152,rest
59.1452,6989,rest
59.1485,169059,rest
59.1517,170006,rest
59.1559,169386,rest
59.1569,169,rest
59.1599,7,rest
59.1619,697,rest
59.1648,169383,rest
59.1680,169833,rest
59.1721,168893,rest
59.1763,664,rest
59.1807,169652,rest
59.1855,169415,rest
59.1885,170221,rest
59.1926,169870,rest
59.1972,169639,rest
59.2008,169504,rest
59.2049,169056,rest
59.2090,169970,rest
59.2131,169805,rest
59.2171,169052,rest
59.2212,169497,rest
59.2255,169330,rest
59.2296,170495,rest
59.2336,169159,rest
59.2378,169846,rest
59.2418,170143,rest
59.2458,169368,rest
59.2499,170289,rest
59.2540,169420,rest
59.2581,169578,rest
59.2625,169783,rest
59.2663,169276,rest
59.2705,169968,rest
59.2745,169597,rest
59.2786,169154,rest
59.2827,170292,rest
59.2835,16,rest
59.2869,9163,rest
59.2873,16965,rest
59.2909,3,rest
59.2910,169657,rest
59.2955,170066,rest
59.2991,169674,rest
59.3031,169008,rest
59.3073,169837,rest
59.3119,169337,rest
59.3154,169600,rest
59.3195,169819,rest
59.3237,169114,rest
59.3280,169938,rest
59.3322,169512,rest
59.3359,169961,rest
59.3400,169347,rest
59.3446,169083,rest
59.3483,169833,rest
59.3523,169313,rest
59.3564,169621,rest
59.3621,169348,rest
59.3646,168993,rest
59.3687,170203,rest
59.3728,169344,rest
59.3783,1700,rest
59.3810,170031,rest
59.3851,169803,rest
59.3892,170277,rest
59.3934,61,rest
59.3987,170009,rest
59.4019,169908,rest
59.4056,169724,rest
59.4098,694,rest
59.4112,6,rest
59.4142,9309,rest
59.4148,16976,rest
59.4178,9,rest
59.4189,168881,rest
59.4220,169406,rest
59.4265,169965,rest
59.4301,170024,rest
59.4342,169984,rest
59.4383,169596,rest
59.4425,70017,rest
59.4466,170077,rest
59.4511,168971,rest
59.4549,169675,rest
59.4588,169343,rest
59.4632,169365,rest
59.4671,169979,rest
59.4712,169102,rest
59.4752,170212,rest
59.4800,169456,rest
59.4834,169383,rest
59.4875,169851,rest
59.4917,169241,rest
59.4957,170135,rest
59.4997,170096,rest
59.5038,169547,rest
59.5081,169462,rest
59.5121,169602,rest
59.5161,169664,rest
59.5202,169625,rest
59.5243,169418,rest
59.5286,169384,rest
59.5325,169072,rest
59.5367,169959,rest
59.5376,1,rest
59.5409,69976,rest
59.5420,1694,rest
59.5458,69,rest
59.5459,169627,rest
59.5491,169033,rest
59.5531,169894,rest
59.5572,169591,rest
59.5618,170049,rest
59.5654,168720,rest
59.5695,169083,rest
59.5735,169830,rest
59.5778,169629,rest
59.5817,169835,rest
59.5857,168847,rest
59.5898,168582,rest
59.5943,69410,rest
59.5981,169767,rest
59.6021,169433,rest
59.6062,169183,rest
59.6109,169542,rest
59.6144,169368,rest
59.6185,170128,rest
59.6227,169697,rest
59.6268,7234,rest
59.6310,169156,rest
59.6349,169768,rest
59.6391,169336,rest
59.6436,169703,rest
59.6472,68999,rest
59.6513,169119,rest
59.6570,169915,rest
59.6605,16945,rest
59.6649,169884,rest
59.6686,168895,rest
59.6705,170,rest
59.6718,347,rest
59.6725,169251,rest
59.6764,170205,rest
59.6800,169327,rest
59.6841,168915,rest
59.6881,170215,rest
59.6935,16926,rest
59.6964,169477,rest
59.7010,169350,rest
59.7052,168864,rest
59.7087,169980,rest
59.7135,169952,rest
59.7170,169514,rest
59.7209,169538,rest
59.7251,169178,rest
59.7293,170065,rest
59.7332,169701,rest
59.7373,169838,rest
59.7414,169315,rest
59.7463,169345,rest
59.7497,169858,rest
59.7538,169551,rest
59.7578,169548,rest
59.7623,169510,rest
59.7660,168786,rest
59.7701,169803,rest
59.7743,169350,rest
59.7784,169848,rest
59.7824,169287,rest
59.7866,169164,rest
59.7907,169891,rest
59.7948,169612,rest
59.7961,169,rest
59.7988,655,rest
59.7990,169998,rest
59.8030,169256,rest
59.8070,169998,rest
59.8119,168733,rest
59.8153,169188,rest
59.8193,169533,rest
59.8236,169558,rest
59.8279,170332,rest
59.8316,169561,rest
59.8359,169878,rest
59.8398,169504,rest
59.8438,169744,rest
59.8480,169981,rest
59.8521,169184,rest
59.8561,169645,rest
59.8608,169400,rest
59.8643,169236,rest
59.8684,170126,rest
59.8725,169287,rest
59.8784,6,rest
59.8814,169184,rest
59.8849,169451,rest
59.8889,169625,rest
59.8942,169761,rest
59.8971,169831,rest
59.9012,169588,rest
59.9053,168898,rest
59.9102,70073,rest
59.9139,168777,rest
59.9176,169662,rest
59.9218,169434,rest
59.9238,16,rest
59.9259,9478,rest
59.9278,16962,rest
59.9298,2,rest
59.9303,168869,rest
59.9340,169110,rest
59.9380,169621,rest
59.9437,1,rest
59.9463,169369,rest
59.9511,169065,rest
59.9545,169500,rest
59.9585,169877,rest
59.9631,169533,rest
59.9667,169994,rest
59.9708,169243,rest
59.9749,169410,rest
59.9794,169397,rest
59.9832,169155,rest
59.9872,170261,rest
59.9914,169796,rest
59.9958,169393,rest
59.9994,169602,rest
60.0035,169565,rest
60.0077,169364,rest
60.0119,169023,rest
60.0159,169717,rest
60.0199,169590,rest
60.0241,169378,rest
60.0284,169764,rest
60.0323,169442,rest
60.0363,169594,rest
60.0405,169835,rest
60.0450,169890,rest
60.0487,169431,rest
60.0498,16,rest
60.0528,8753,rest
60.0540,16953,rest
60.0569,0,rest
60.0581,169282,rest
60.0610,169977,rest
60.0650,168813,rest
60.0691,169187,rest
60.0732,169105,rest
60.0775,699,rest
60.0819,169091,rest
60.0856,168907,rest
60.0898,168846,rest
60.0938,69732,rest
60.0985,169760,rest
60.1023,169571,rest
60.1061,169113,rest
60.1106,169710,rest
60.1146,169003,rest
60.1183,169642,rest
60.1225,169643,rest
60.1265,686,rest
60.1308,169231,rest
60.1348,169706,rest
60.1399,169251,rest
60.1429,615,rest
60.1470,168993,rest
60.1510,168781,rest
60.1553,169370,rest
60.1607,6500,rest
60.1640,169836,rest
60.1674,169132,rest
60.1716,169759,rest
60.1763,1692191,rest
60.1799,69593,rest
60.1813,1695,rest
60.1838,43,rest
60.1843,169256,rest
60.1879,169334,rest
60.1968,169512,rest
60.2009,169862,rest
60.2044,169475,rest
60.2084,169465,rest
60.2125,169528,rest
60.2165,169730,rest
60.2207,169082,rest
60.2247,168847,rest
60.2288,169379,rest
60.2329,169117,rest
60.2370,169333,rest
60.2412,169903,rest
60.2457,169235,rest
60.2495,170025,rest
60.2536,169864,rest
60.2575,169864,rest
60.2618,169693,rest
60.2657,169249,rest
60.2698,169984,rest
60.2739,169214,rest
60.2780,169756,rest
60.2820,169713,rest
60.2861,168652,rest
60.2903,170094,rest
60.2957,169234,rest
60.2985,169363,rest
60.3025,169632,rest
60.3039,1,rest
60.3070,69336,rest
60.3079,169,rest
60.3116,853,rest
60.3120,168863,rest
60.3151,169794,rest
60.3190,169124,rest
60.3230,169268,rest
60.3277,169701,rest
60.3313,169494,rest
60.3354,170288,rest
60.3394,169797,rest
60.3441,169698,rest
60.3476,169822,rest
60.3517,169779,rest
60.3558,169813,rest
60.3600,69671,rest
60.3652,169466,rest
60.3686,169809,rest
60.3723,169338,rest
60.3790,6,rest
60.3810,69372,rest
60.3852,169398,rest
60.3886,170005,rest
60.3931,169425,rest
60.3967,169795,rest
60.4009,169190,rest
60.4050,168683,rest
60.4092,6936,rest
60.4136,169448,rest
60.4172,169404,rest
60.4213,169518,rest
60.4297,169732,rest
60.4338,169519,rest
60.4354,169,rest
60.4377,744,rest
60.4385,169102,rest
60.4460,169831,rest
60.4500,169021,rest
60.4541,169805,rest
60.4584,1658,rest
60.4630,169086,rest
60.4664,170038,rest
60.4705,169023,rest
60.4746,169171,rest
60.4787,169429,rest
60.4827,169754,rest
60.4868,169843,rest
60.4910,169741,rest
60.4951,169528,rest
60.4992,169821,rest
60.5034,169360,rest
60.5075,170066,rest
60.5117,168843,rest
60.5155,169770,rest
60.5197,169469,rest
60.5238,169035,rest
60.5283,168903,rest
60.5320,168971,rest
60.5360,169216,rest
60.5401,169351,rest
60.5446,169540,rest
60.5483,169108,rest
60.5524,168766,rest
60.5565,169949,rest
60.5619,169336,rest
60.5624,16,rest
60.5648,9260,rest
60.5656,16908,rest
60.5689,9,rest
60.5689,168963,rest
60.5729,169600,rest
60.5775,169591,rest
60.5812,168879,rest
60.5853,168732,rest
60.5892,168940,rest
60.5944,169421,rest
60.5976,169098,rest
60.6016,169441,rest
60.6057,169063,rest
60.6112,168846,rest
60.6139,169169,rest
60.6180,169307,rest
60.6221,169808,rest
60.6272,168226,rest
60.6304,169422,rest
60.6344,169851,rest
60.6385,169254,rest
60.6426,68985,rest
60.6495,168939,rest
60.6508,169619,rest
60.6550,169452,rest
60.6603,6,rest
60.6633,169623,rest
60.6672,169006,rest
60.6713,169098,rest
60.6763,69617,rest
60.6795,169956,rest
60.6835,170010,rest
60.6876,169459,rest
60.6889,16,rest
60.6933,4719,rest
60.6979,169179,rest
60.7000,169235,rest
60.7043,169274,rest
60.7081,169597,rest
60.7122,169576,rest
60.7162,169711,rest
60.7203,169302,rest
60.7245,169343,rest
60.7289,169709,rest
60.7327,169527,rest
60.7367,169299,rest
60.7409,168890,rest
60.7450,169348,rest
60.7490,170159,rest
60.7531,169250,rest
60.7572,169533,rest
60.7613,169214,rest
60.7654,169077,rest
60.7695,170044,rest
60.7736,169207,rest
60.7780,169886,rest
60.7819,169625,rest
60.7860,169509,rest
60.7900,170278,rest
60.7944,169549,rest
60.7981,169479,rest
60.8022,169449,rest
60.8063,169345,rest
60.8105,170406,rest
60.8145,169206,rest
60.8157,1,rest
60.8187,69226,rest
60.8197,1689,rest
60.8227,42,rest
60.8235,168938,rest
60.8270,169361,rest
60.8309,169929,rest
60.8350,169284,rest
60.8391,169161,rest
60.8449,168873,rest
60.8474,169944,rest
60.8515,169088,rest
60.8555,169727,rest
60.8601,169736,rest
60.8637,169163,rest
60.8678,169419,rest
60.8718,169643,rest
60.8762,6972,rest
60.8801,169608,rest
60.8860,169249,rest
60.8883,170060,rest
60.8925,694,rest
60.8966,169392,rest
60.9010,169250,rest
60.9061,169277,rest
60.9088,169994,rest
60.9128,169509,rest
60.9169,169512,rest
60.9210,169598,rest
60.9278,69,rest
60.9303,170302,rest
60.9338,169120,rest
60.9376,169272,rest
60.9463,9554,rest
60.9479,1695,rest
60.9503,76,rest
60.9528,169238,rest
60.9538,169497,rest
60.9590,90,rest
60.9620,169615,rest
60.9661,170143,rest
60.9702,169133,rest
60.9743,169546,rest
60.9784,169647,rest
60.9825,169195,rest
60.9866,169596,rest
60.9908,169279,rest
60.9948,169685,rest
60.9989,169813,rest
61.0029,169271,rest
61.0071,169716,rest
61.0111,169610,rest
61.0152,169581,rest
61.0193,169836,rest
61.0234,169795,rest
61.0281,169618,rest
61.0317,168995,rest
61.0357,169944,rest
61.0398,169219,rest
61.0447,169107,rest
61.0480,169951,rest
61.0521,169244,rest
61.0562,169500,rest
61.0606,169528,rest
61.0645,169685,rest
61.0686,169190,rest
61.0697,1,rest
61.0726,69106,rest
61.0736,1696,rest
61.0775,88,rest
61.0797,168907,rest
61.0808,169368,rest
61.0849,168851,rest
61.0889,168817,rest
61.0945,169807,rest
61.0971,169363,rest
61.1012,169590,rest
61.1053,169394,rest
61.1096,698,rest
61.1141,169330,rest
61.1182,169226,rest
61.1218,170130,rest
61.1276,16,rest
61.1299,169554,rest
61.1340,168999,rest
61.1381,169689,rest
61.1433,69,rest
61.1463,169667,rest
61.1505,169245,rest
61.1546,169697,rest
61.1595,60,rest
61.1628,169422,rest
61.1670,168872,rest
61.1710,169204,rest
61.1764,697,rest
61.1791,169829,rest
61.1833,169306,rest
61.1873,168661,rest
61.1915,6894,rest
61.1966,169446,rest
61.1979,1,rest
61.1996,69588,rest
61.2003,1701,rest
61.2037,81,rest
61.2043,168754,rest
61.2078,169483,rest
61.2118,169542,rest
61.2159,169834,rest
61.2200,168941,rest
61.2242,168999,rest
61.2282,169303,rest
61.2323,169295,rest
61.2364,169699,rest
61.2405,169815,rest
61.2447,169136,rest
61.2487,169348,rest
61.2528,169270,rest
61.2570,169359,rest
61.2620,169482,rest
61.2651,168548,rest
61.2691,169345,rest
61.2733,168946,rest
61.2774,169704,rest
61.2815,169582,rest
61.2856,168906,rest
61.2897,169830,rest
61.2947,169318,rest
61.2979,169386,rest
61.3020,169617,rest
61.3060,169231,rest
61.3107,169714,rest
61.3142,169213,rest
61.3183,169139,rest
61.3224,169529,rest
61.3229,1,rest
61.3275,68644,rest
61.3290,169,rest
61.3307,944,rest
61.3319,169109,rest
61.3348,169553,rest
61.3388,169956,rest
61.3437,169315,rest
61.3470,169890,rest
61.3511,169164,rest
61.3552,169399,rest
61.3594,169877,rest
61.3634,169606,rest
61.3675,169878,rest
61.3716,169290,rest
61.3766,6953,rest
61.3804,169114,rest
61.3839,169136,rest
61.3880,169843,rest
61.3921,69048,rest
61.3973,169930,rest
61.4003,169505,rest
61.4044,168992,rest
61.4085,70325,rest
61.4129,169149,rest
61.4175,170058,rest
61.4208,169744,rest
61.4256,622,rest
61.4301,169743,rest
61.4340,169252,rest
61.4371,169647,rest
61.4417,169416,rest
61.4454,169008,rest
61.4494,170044,rest
61.4535,169338,rest
61.4541,169,rest
61.4633,169443,rest
61.4658,169637,rest
61.4699,169028,rest
61.4740,169552,rest
61.4783,169628,rest
61.4822,168916,rest
61.4862,169728,rest
61.4904,168775,rest
61.4947,169648,rest
61.4986,169394,rest
61.5027,170152,rest
61.5068,169500,rest
61.5108,169282,rest
61.5150,168998,rest
61.5190,169583,rest
61.5232,169276,rest
61.5273,170265,rest
61.5314,169120,rest
61.5355,169348,rest
61.5396,170015,rest
61.5437,169297,rest
61.5477,169213,rest
61.5518,169181,rest
61.5559,169843,rest
61.5610,169621,rest
61.5641,169859,rest
61.5682,169921,rest
61.5723,169022,rest
61.5776,169210,rest
61.5806,169731,rest
61.5817,16,rest
61.5847,9919,rest
61.5858,16969,rest
61.5886,0,rest
61.5887,169288,rest
61.5938,169429,rest
61.5968,169600,rest
61.6009,169594,rest
61.6050,168512,rest
61.6103,168889,rest
61.6133,169266,rest
61.6174,170182,rest
61.6215,169520,rest
61.6255,68479,rest
61.6302,168876,rest
61.6338,169361,rest
61.6378,170266,rest
61.6426,169722,rest
61.6460,168770,rest
61.6501,169483,rest
61.6542,170093,rest
61.6584,692,rest
61.6624,170328,rest
61.6669,168952,rest
61.6707,169514,rest
61.6752,169794,rest
61.6788,170125,rest
61.6828,169737,rest
61.6869,168993,rest
61.6912,1695,rest
61.6958,169799,rest
61.6992,169664,rest
61.7033,169406,rest
61.7084,16910516,rest
61.7116,9844,rest
61.7125,16903,rest
61.7156,5,rest
61.7157,169890,rest
61.7197,169542,rest
61.7239,169090,rest
61.7280,170101,rest
61.7320,168998,rest
61.7361,169748,rest
61.7403,169586,rest
61.7443,169612,rest
61.7485,169399,rest
61.7525,169954,rest
61.7567,169298,rest
61.7611,169621,rest
61.7648,169544,rest
61.7688,169796,rest
61.7730,170010,rest
61.7771,170254,rest
61.7812,169621,rest
61.7854,169232,rest
61.7895,170111,rest
61.7935,169420,rest
61.7976,170126,rest
61.8017,170045,rest
61.8059,169034,rest
61.8106,170141,rest
61.8139,169631,rest
61.8180,169911,rest
61.8222,169511,rest
61.8267,169316,rest
61.8303,169733,rest
61.8344,170146,rest
61.8349,17,rest
61.8385,0116,rest
61.8405,16987,rest
61.8428,4,rest
61.8434,169431,rest
61.8467,169697,rest
61.8508,169886,rest
61.8548,169832,rest
61.8604,169299,rest
61.8632,168979,rest
61.8672,169607,rest
61.8713,169545,rest
61.8755,65,rest
61.8805,169598,rest
61.8836,169342,rest
61.8877,169748,rest
61.8930,698,rest
61.8963,170009,rest
61.9007,169583,rest
61.9040,169360,rest
61.9081,69983,rest
61.9127,169859,rest
61.9170,169608,rest
61.9204,169666,rest
61.9259,6942,rest
61.9296,170336,rest
61.9328,169360,rest
61.9368,169407,rest
61.9409,69856,rest
61.9454,169548,rest
61.9492,170643,rest
61.9533,169591,rest
61.9573,170501,rest
61.9614,170259,rest
61.9626,1,rest
61.9655,70054,rest
61.9666,1701,rest
61.9696,78,rest
61.9706,170286,rest
61.9738,170028,rest
61.9778,170463,rest
61.9818,170088,rest
61.9859,170801,rest
61.9901,169977,rest
61.9944,170325,rest
61.9984,169376,rest
62.0025,169628,rest
62.0066,170132,rest
62.0116,169071,rest
62.0147,169631,rest
62.0187,169584,rest
62.0229,169658,rest
62.0284,169824,rest
62.0320,169060,rest
62.0351,169687,rest
62.0392,169556,rest
62.0561,169733,rest
62.0805,169772,rest
62.0900,169438,rest
62.0983,169525,rest
62.1052,169912,rest
62.1064,170082,rest
62.1093,168962,rest
62.1158,169293,rest
62.1209,170029,rest
62.1264,169608,rest
62.1322,169769,rest
62.1368,169275,rest
62.1457,169130,rest
62.1499,169448,rest
62.1504,170085,rest
62.1581,169962,rest
62.1724,169268,rest
62.1727,169215,rest
62.1795,169632,rest
62.1796,169884,rest
62.1851,169784,rest
62.2093,168341,rest
62.2100,168703,rest
62.2102,169439,rest
62.2103,169557,rest
62.2104,169090,rest
62.2104,169329,rest
62.2271,169025,rest
62.2271,169747,rest
62.2272,170095,rest
62.2578,169601,rest
62.2875,168227,rest
62.2931,169286,rest
62.3229,169377,rest
62.3230,169717,rest
62.3231,169616,rest
62.3233,168821,rest
62.3335,168597,rest
62.3337,169587,rest
62.4041,169589,rest
62.4387,169259,rest
62.4774,168870,rest
62.4806,169925,rest
62.5002,169238,rest
62.5210,170000,rest
62.5224,169449,rest
62.5248,169175,rest
62.5269,169896,rest
62.5273,169961,rest
62.5274,169252,rest
62.5276,169665,rest
62.5284,168722,rest
62.5285,170044,rest
62.5344,169352,rest
62.5512,169779,rest
62.5512,169621,rest
62.5513,168710,rest
62.5697,169167,rest
62.5874,169862,rest
62.5964,169472,rest
62.5964,169719,rest
62.6040,169746,rest
62.6059,170281,rest
62.6145,169347,rest
62.6415,169604,rest
62.6416,169984,rest
62.6658,168811,rest
62.7042,170165,rest
62.7161,169913,rest
62.7483,169640,rest
62.7706,169774,rest
62.8010,168569,rest
62.8072,169263,rest
62.8074,169263,rest
62.8075,169685,rest
62.8107,169187,rest
62.8108,169699,rest
62.8147,169489,rest
62.8194,169659,rest
62.8196,169842,rest
62.8197,169913,rest
62.8198,169513,rest
62.8236,170213,rest
62.8273,169440,rest
62.8274,169753,rest
62.8276,170009,rest
62.8296,168758,rest
62.8323,170108,rest
62.8398,169154,rest
62.8502,169609,rest
62.8511,169307,rest
62.8587,168937,rest
62.8598,170255,rest
62.8599,169203,rest
62.8599,169644,rest
62.8600,169877,rest
62.8625,169074,rest
62.8641,170262,rest
62.8665,169559,rest
62.8671,169781,rest
62.8672,169776,rest
62.8673,169239,rest
62.8674,169844,rest
62.8675,169233,rest
62.8676,169853,rest
62.8677,169943,rest
62.8706,169442,rest
62.8707,170314,rest
62.8953,169346,rest
62.9095,169443,rest
62.9101,169992,rest
62.9102,169349,rest
62.9108,170333,rest
62.9109,169580,rest
62.9110,169336,rest
62.9239,169809,rest
62.9280,169254,rest
62.9281,170128,rest
62.9303,169205,rest
62.9308,169711,rest
62.9329,170072,rest
62.9336,169593,rest
62.9341,170090,rest
62.9355,169323,rest
62.9385,169710,rest
62.9422,169828,rest
62.9427,169736,rest
62.9428,170298,rest
62.9446,169673,rest
62.9460,169881,rest
62.9477,169691,rest
62.9483,169206,rest
62.9517,169667,rest
62.9543,169394,rest
62.9548,169687,rest
62.9555,169814,rest
62.9556,169824,rest
62.9556,169137,rest
62.9578,169227,rest
62.9588,169704,rest
62.9589,169477,rest
62.9589,170080,rest
62.9622,169281,rest
62.9623,169453,rest
62.9624,169959,rest
62.9629,169778,rest
62.9630,169631,rest
62.9648,169127,rest
62.9649,169200,rest
62.9650,169159,rest
62.9668,169686,rest
62.9671,169332,rest
62.9674,169252,rest
62.9675,168888,rest
62.9678,169554,rest
62.9873,169911,rest
62.9936,169724,rest
63.0008,169085,rest
63.0059,169431,rest
63.0181,169806,rest
63.0182,169865,rest
63.0183,169502,rest
63.0206,169314,rest
63.0246,169135,rest
63.0468,169732,rest
63.0631,170067,rest
63.0789,169630,rest
63.0839,168599,rest
63.0978,169577,rest
63.1100,169549,rest
63.1125,169508,rest
63.1181,169699,rest
63.1219,168976,rest
63.1282,169569,rest
63.1339,169660,rest
63.1371,169193,rest
63.1382,169758,rest
63.1403,168761,rest
63.1452,170003,rest
63.1507,169465,rest
63.1533,169811,rest
63.1534,169295,rest
63.1534,168465,rest
63.1572,170090,rest
63.1650,169551,rest
63.1679,169612,rest
63.1725,169917,rest
63.1760,169396,rest
63.1808,170001,rest
63.1865,169602,rest
63.1893,169672,rest
63.1938,170191,rest
63.1951,169290,rest
63.1952,169882,rest
63.1953,169708,rest
63.1975,169878,rest
63.1988,169479,rest
63.1995,169500,rest
63.1997,170204,rest
63.1998,169573,rest
63.2016,169232,rest
63.2024,170645,rest
63.2037,169603,rest
63.2038,170252,rest
63.2043,170062,rest
63.2052,169941,rest
63.2059,170092,rest
63.2083,170185,rest
63.2094,169885,rest
63.2094,169637,rest
63.2124,169656,rest
63.2125,169268,rest
63.2125,169571,rest
63.2190,169509,rest
63.2203,169458,rest
63.2204,169949,rest
63.2244,170041,rest
63.2258,169736,rest
63.2278,169917,rest
63.2289,169309,rest
63.2305,170161,rest
63.2307,169718,rest
63.2329,169288,rest
63.2344,169578,rest
63.2357,169633,rest
63.2365,169819,rest
63.2379,169711,rest
63.2388,169453,rest
63.2388,170133,rest
63.2390,169534,rest
63.2396,169978,rest
63.2403,169955,rest
63.2411,169985,rest
63.2414,169732,rest
63.2435,169742,rest
63.2436,169713,rest
63.2446,169974,rest
63.2448,169780,rest
63.2448,169995,rest
63.2469,169280,rest
63.2483,169922,rest
63.2483,169676,rest
63.2484,169758,rest
63.2499,170066,rest
63.2499,169257,rest
63.2527,169531,rest
63.2536,170138,rest
63.2537,169524,rest
63.2563,169730,rest
63.2592,169708,rest
63.2623,169392,rest
63.2680,169756,rest
63.2708,169545,rest
63.2749,169871,rest
63.2765,170032,rest
63.2820,169619,rest
63.2854,170045,rest
63.2854,169954,rest
63.2890,169614,rest
63.2927,169746,rest
63.2941,169961,rest
63.2941,170033,rest
63.2963,169781,rest
63.2989,169924,rest
63.3023,169301,rest
63.3024,169742,rest
63.3033,170396,rest
63.3064,169670,rest
63.3098,169947,rest
63.3120,169672,rest
63.3176,170041,rest
63.3204,170412,rest
63.3240,169813,rest
63.3246,169615,rest
63.3251,169599,rest
63.3276,170151,rest
63.3304,169386,rest
63.3327,169427,rest
63.3328,169747,rest
63.3361,169646,rest
63.3383,169646,rest
63.3384,170018,rest
63.3402,169620,rest
63.3433,169485,rest
63.3450,168991,rest
63.3452,170308,rest
63.3469,169869,rest
63.3481,169436,rest
63.3485,169709,rest
63.3498,169232,rest
63.3499,169876,rest
63.3525,170374,rest
63.3573,169854,rest
63.3574,168856,rest
63.3578,169028,rest
63.3617,168937,rest
63.3662,169822,rest
63.3697,170505,rest
63.3738,169055,rest
63.3741,169294,rest
63.3750,169779,rest
63.3751,169742,rest
63.3770,169634,rest
63.3790,168929,rest
63.3791,169610,rest
63.3840,169788,rest
63.3869,169719,rest
63.3869,169944,rest
63.3870,168935,rest
63.3923,170155,rest
63.3929,169985,rest
63.3932,169635,rest
63.3941,169909,rest
63.3941,169571,rest
63.3950,169795,rest
63.3950,169882,rest
63.3953,169706,rest
63.3965,169586,rest
63.4025,168644,rest
63.4040,170365,rest
63.4072,169444,rest
63.4081,169913,rest
63.4233,170044,rest
63.4271,169287,rest
63.4475,169538,rest
63.4515,169574,rest
63.4564,169549,rest
63.4661,170111,rest
63.4661,169502,rest
63.4741,170280,rest
63.4850,169826,rest
63.4983,170069,rest
63.4985,169237,rest
63.5014,169760,rest
63.5048,170027,rest
63.5136,169895,rest
63.5366,170002,rest
63.5366,169926,rest
63.5368,169672,rest
63.5381,169805,rest
63.5386,169424,rest
63.5388,169996,rest
63.5389,169836,rest
63.5392,169103,rest
63.5396,169688,rest
63.5400,169590,rest
63.5401,169550,rest
63.5402,169724,rest
63.5417,169865,rest
63.5420,169338,rest
63.5421,168912,rest
63.5469,169827,rest
63.5477,169072,rest
63.5477,169703,rest
63.5588,169481,rest
63.5588,169661,rest
63.5589,170119,rest
63.5704,169473,rest
63.5763,169552,rest
63.6161,170519,rest
63.6225,169213,rest
63.6375,169680,rest
63.6377,169496,rest
63.6379,169464,rest
63.6380,169894,rest
63.6381,169825,rest
63.6867,170001,rest
63.7042,169979,rest
63.7042,169271,rest
63.7134,169761,rest
63.7266,169968,rest
63.7553,169892,rest
63.7813,169986,rest
63.8136,169766,rest
63.8478,169737,rest
63.8783,169409,rest
63.8784,169742,rest
63.9037,169838,rest
63.9253,169429,rest
63.9255,169911,rest
63.9256,169122,rest
63.9393,169590,rest
63.9700,169465,rest
64.0464,169617,rest
64.0465,169984,rest
64.0466,169202,rest
64.0485,169629,rest
64.0486,169880,rest
64.0487,169640,rest
64.0491,169595,rest
64.0677,168982,rest
64.0831,169340,rest
64.0832,169665,rest
64.0847,169711,rest
64.0921,169812,rest
64.0922,169648,rest
64.0923,169833,rest
64.0924,169743,rest
64.0938,169479,rest
64.0939,169108,rest
64.0940,169393,rest
64.0972,169027,rest
64.0988,169304,rest
64.0988,170114,rest
64.0990,169394,rest
64.0992,169632,rest
64.0995,169675,rest
64.0995,170281,rest
64.0997,169793,rest
64.0998,169827,rest
64.1003,169297,rest
64.1022,169777,rest
64.1052,169369,rest
64.1080,169884,rest
64.1096,169766,rest
64.1128,169292,rest
64.1147,169618,rest
64.1149,169847,rest
64.1149,169866,rest
64.1170,168952,rest
64.1171,169474,rest
64.1172,169812,rest
64.1190,169824,rest
64.1199,169789,rest
64.1207,169124,rest
64.1255,169295,rest
64.1256,169393,rest
64.1371,169692,rest
64.1406,169745,rest
64.1407,169380,rest
64.1409,169223,rest
64.1410,169258,rest
64.1410,169726,rest
64.1524,169464,rest
64.1525,168483,rest
64.1583,169786,rest
64.1586,169782,rest
64.1588,169738,rest
64.1590,169296,rest
64.1592,168983,rest
64.1594,170233,rest
64.1594,169503,rest
64.1595,169845,rest
64.1597,169903,rest
64.1599,169521,rest
64.1601,169514,rest
64.1604,169303,rest
64.1606,169729,rest
64.1606,169437,rest
64.1607,169056,rest
64.1710,170160,rest
64.1773,169772,rest
64.1837,169541,rest
64.1839,169671,rest
64.1841,168988,rest
64.1842,169829,rest
64.1842,169109,rest
64.1863,169830,rest
64.1864,169541,rest
64.1864,168910,rest
64.1871,170103,rest
64.1873,169958,rest
64.1873,169602,rest
64.1881,169727,rest
64.1895,169143,rest
64.2067,169379,rest
64.2068,169174,rest
64.2069,170113,rest
64.2071,169597,rest
64.2073,168978,rest
64.2075,169577,rest
64.2076,169464,rest
64.2077,169712,rest
64.2097,170060,rest
64.2099,169233,rest
64.2100,169955,rest
64.2190,169457,rest
64.2200,169493,rest
64.2284,169737,rest
64.2428,169495,rest
64.2433,170118,rest
64.2442,169624,rest
64.2443,169225,rest
64.2444,170016,rest
64.2445,169587,rest
64.2447,169565,rest
64.2448,169748,rest
64.2449,169616,rest
64.2450,169540,rest
64.2484,169073,rest
64.2485,169900,rest
64.2486,168989,rest
64.2486,169610,rest
64.2680,169746,rest
64.2699,169789,rest
64.2796,169936,rest
64.3043,169438,rest
64.3615,169615,rest
64.3708,169206,rest
64.3866,169289,rest
64.4208,169892,rest
64.4240,168895,rest
64.4368,169671,rest
64.4574,169301,rest
64.4803,169697,rest
64.4822,169638,rest
64.4823,169245,rest
64.4823,169203,rest
64.5146,169372,rest
64.5150,169645,rest
64.5151,169664,rest
64.5346,169672,rest
64.5499,169800,rest
64.5525,169517,rest
64.5535,169653,rest
64.5544,169413,rest
64.5549,169344,rest
64.5552,169264,rest
64.5577,170156,rest
64.5637,169282,rest
64.5671,169774,rest
64.5677,169217,rest
64.5735,169786,rest
64.5796,170146,rest
64.5847,169674,rest
64.5951,169400,rest
64.5952,169402,rest
64.6047,169172,rest
64.6087,169898,rest
64.6089,169638,rest
64.6155,169187,rest
64.6369,169362,rest
64.6379,169598,rest
64.6380,169942,rest
64.6401,169522,rest
64.6457,169342,rest
64.6458,169226,rest
64.6483,169253,rest
64.6484,169652,rest
64.6703,169117,rest
64.6872,169250,rest
64.6873,169232,rest
64.7009,169873,rest
64.7175,170191,rest
64.7252,169351,rest
64.7342,169803,rest
64.7394,169772,rest
64.7395,169425,rest
64.7395,170453,rest
64.7401,169491,rest
64.7402,169074,rest
64.7507,169677,rest
64.7507,169876,rest
64.7508,169908,rest
64.7563,170140,rest
64.7582,168842,rest
64.7597,169413,rest
64.7598,169508,rest
64.7619,169417,rest
64.7649,169317,rest
64.7675,169091,rest
64.7685,169413,rest
64.7721,169748,rest
64.7775,169398,rest
64.7783,170095,rest
64.7812,169194,rest
64.7813,169847,rest
64.7816,169889,rest
64.7817,169547,rest
64.7818,169750,rest
64.7819,169132,rest
64.7819,169571,rest
64.7820,169486,rest
64.7821,169188,rest
64.7821,169856,rest
64.7822,168939,rest
64.7823,169582,rest
64.7823,169269,rest
64.7824,169614,rest
64.7825,169336,rest
64.7825,169735,rest
64.7826,169998,rest
64.7827,169568,rest
64.7827,169929,rest
64.7828,169881,rest
64.7829,168928,rest
64.7829,170311,rest
64.7830,169008,rest
64.7831,170240,rest
64.7831,169007,rest
64.7832,169218,rest
64.7833,170347,rest
64.7834,169643,rest
64.7834,169491,rest
64.7835,169502,rest
64.7836,168909,rest
64.7836,170039,rest
64.7837,169271,rest
64.7838,169455,rest
64.7838,170165,rest
64.7839,169130,rest
64.7840,169943,rest
64.7840,169941,rest
64.7841,169553,rest
64.7842,169671,rest
64.7842,169021,rest
64.7843,169631,rest
64.7844,169271,rest
64.7845,169597,rest
64.7845,169786,rest
64.7846,169678,rest
64.7847,169491,rest
64.7850,169255,rest
64.7852,169638,rest
64.7854,169961,rest
64.7855,168956,rest
64.7858,169676,rest
64.7860,169604,rest
64.7863,170018,rest
64.7866,169417,rest
64.7868,170163,rest
64.7871,170053,rest
64.7874,169275,rest
64.7876,169626,rest
64.7881,169616,rest
64.7884,170023,rest
64.7887,169632,rest
64.7890,169505,rest
64.7893,169535,rest
64.7895,169935,rest
64.7898,170057,rest
64.7900,170500,rest
64.7902,169677,rest
64.7904,169762,rest
64.7906,170207,rest
64.7908,170044,rest
64.7910,169815,rest
64.7913,169570,rest
64.7915,169720,rest
64.7917,169886,rest
64.7920,169741,rest
64.7922,169662,rest
64.7924,168892,rest
64.7926,169349,rest
64.7928,169857,rest
64.7930,169184,rest
64.7932,169705,rest
64.7934,169720,rest
64.7937,169513,rest
64.7939,169983,rest
64.7942,169879,rest
64.7943,169560,rest
64.7946,169715,rest
64.7948,169345,rest
64.7952,170107,rest
64.7955,169123,rest
64.7957,169885,rest
64.7959,169729,rest
64.7961,169433,rest
64.7964,170015,rest
64.7968,169309,rest
64.7971,169495,rest
64.7975,169410,rest
64.7979,169437,rest
64.7983,169278,rest
64.7986,169670,rest
64.7988,169024,rest
64.7991,169610,rest
64.7993,169522,rest
64.7997,169332,rest
64.8001,168983,rest
64.8003,168998,rest
64.8006,169442,rest
64.8009,170054,rest
64.8011,169743,rest
64.8013,169418,rest
64.8015,168897,rest
64.8017,169642,rest
64.8020,169591,rest
64.8023,169158,rest
64.8026,169558,rest
64.8028,169154,rest
64.8030,168812,rest
64.8033,169293,rest
64.8038,169256,rest
64.8042,168956,rest
64.8046,169738,rest
64.8050,170297,rest
64.8055,169838,rest
64.8058,169831,rest
64.8061,169868,rest
64.8067,169149,rest
64.8069,169526,rest
64.8071,168900,rest
64.8074,169877,rest
64.8077,169567,rest
64.8079,169544,rest
64.8081,169334,rest
64.8123,169668,rest
64.8166,169833,rest
64.8206,169449,rest
64.8245,169228,rest
64.8287,169771,rest
64.8362,169292,rest
64.8369,169400,rest
64.8412,169452,rest
64.8454,168842,rest
64.8493,170019,rest
64.8532,169271,rest
64.8575,169365,rest
64.8616,169775,rest
64.8657,168963,rest
64.8697,170312,rest
64.8740,169156,rest
64.8781,169241,rest
64.8822,170097,rest
64.8864,169479,rest
64.8904,170295,rest
