time_s,value,state
0.0046,-8388608,none
0.0082,8388607,none
0.0122,8388607,none
0.0133,-6,none
0.0167,305059,none
0.0207,-838,none
0.0209,8608,none
0.0230,-838860,none
0.0246,8,none
0.0264,8388607,none
0.0290,8388607,none
0.0328,-5374627,none
0.0368,-8388608,none
0.0409,-8388608,none
0.0451,8388607,none
0.0507,8388607,none
0.0530,-4299915,none
0.0592,-8388608,none
0.0669,-8388608,none
0.0676,8388607,none
0.0732,8388607,none
0.0742,-3153350,none
0.0788,-8388608,none
0.0874,-8388608,none
0.0916,8388607,none
0.0917,8388607,none
0.1002,-1846247,none
0.1025,-8388608,none
0.1064,-8388608,none
0.1076,7824655,none
0.1111,8388607,none
0.1147,-612197,none
0.1203,-8388608,none
0.1232,-8388608,none
0.1273,7106635,none
0.1312,8388607,none
0.1371,636860,none
0.1384,-,none
0.1407,8388608,none
0.1421,-,none
0.1456,8388608,none
0.1484,6363010,none
0.1513,8388607,none
0.1517,1816981,none
0.1561,-8388608,none
0.1599,-8388608,none
0.1665,5579416,none
0.1734,8388607,none
0.1760,3052223,none
0.1764,-8388608,none
0.1848,-8388608,none
0.1852,4629881,none
0.1885,8388607,none
0.1927,4195539,none
0.1983,-8388608,none
0.2035,-8388608,none
0.2089,3558450,none
0.2095,8388607,none
0.2177,5188067,none
0.2213,-8388608,none
0.2234,-8388608,none
0.2250,2343123,none
0.2340,8388607,none
0.2361,6101182,none
0.2407,-8388608,none
0.2467,-8388608,none
0.2487,1072233,none
0.2502,8388607,none
0.2539,6956931,none
0.2580,-8388608,none
0.2641,-8388608,none
0.2688,-17255,none
0.2724,8388607,none
0.2751,7831629,none
0.2765,-83886,none
0.2783,08,none
0.2808,-8388608,none
0.2839,-1241186,none
0.2894,8388607,none
0.2929,8388607,none
0.2983,-8388608,none
0.3011,-8388608,none
0.3080,-2491756,none
0.3095,8388607,none
0.3112,8388607,none
0.3205,-8388608,none
0.3234,-8388608,none
0.3252,-3529281,none
0.3300,8388607,none
0.3324,8388607,none
0.3369,-8388608,none
0.3400,-8388608,none
0.3457,-4487176,none
0.3505,8388607,none
0.3533,8388607,none
0.3563,-8388608,none
0.3629,-8388608,none
0.3674,-5378670,none
0.3721,8388607,none
0.3760,8388607,none
0.3817,-8388608,none
0.3843,-8388608,none
0.3878,-6215677,none
0.3899,8388607,none
0.3974,8388607,none
0.3993,-8388608,none
0.4017,-8388608,none
0.4037,-70178,none
0.4057,93,none
0.4074,8388607,none
0.4136,8388607,none
0.4169,-8354144,none
0.4182,-8388608,none
0.4264,-7817988,none
0.4310,8388607,none
0.4347,8388607,none
0.4400,-7662868,none
0.4412,-8388608,none
0.4457,-8388608,none
0.4465,8388607,none
0.4517,8388607,none
0.4548,-6849346,none
0.4655,-8388608,none
0.4701,-8388608,none
0.4738,8388607,none
0.4799,8388607,none
0.4829,-5963622,none
0.4841,-8388608,none
0.4846,-8388608,none
0.4877,8388607,none
0.4932,8388607,none
0.4963,-5081196,none
0.4996,-8388608,none
0.5054,-8388608,none
0.5088,8388607,none
0.5158,8388607,none
0.5163,-3919529,none
0.5178,-,none
0.5244,8388608,none
0.5248,-8388608,none
0.5262,83,none
0.5336,88607,none
0.5342,8388607,none
0.5362,-2764920,none
0.5367,-8388608,none
0.5420,-8388608,none
0.5505,8388607,none
0.5540,8388607,none
0.5572,-1533061,none
0.5584,-8388608,none
0.5616,-8388608,none
0.5681,7824655,none
0.5718,8388607,none
0.5752,-188049,none
0.5791,-8388608,none
0.5818,-8388608,none
0.5882,7088544,none
0.5907,8388607,none
0.5993,948230,none
0.6058,-8388608,none
0.6062,-8388608,none
0.6075,6356601,none
0.6201,8388607,none
0.6232,2251497,none
0.6261,-8388608,none
0.6265,-8388608,none
0.6268,5552023,none
0.6308,8388607,none
0.6350,3409508,none
0.6430,-8388608,none
0.6436,-8388608,none
0.6477,4615082,none
0.6555,8388607,none
0.6649,4501172,none
0.6695,-8388608,none
0.6717,-8388608,none
0.6723,3503601,none
0.6753,8388607,none
0.6812,5590374,none
0.6909,-8388608,none
0.6922,-8388608,none
0.6942,2353711,none
0.6946,8388607,none
0.6963,6410667,none
0.7016,-8388608,none
0.7105,-8388608,none
0.7137,1002339,none
0.7180,8388607,none
0.7211,7322520,none
0.7214,-8388608,none
0.7240,-8388608,none
0.7251,-219083,none
0.7290,8388607,none
0.7367,8108523,none
0.7400,-8388608,none
0.7487,-8388608,none
0.7530,-1519676,none
0.7583,8388607,none
0.7590,8388607,none
0.7679,-8388608,none
0.7696,-8388608,none
0.7701,-2749626,none
0.7704,8388607,none
0.7755,8388607,none
0.7782,-,none
0.7820,8388608,none
0.7841,-8388608,none
0.7889,-3716976,none
0.7924,8388607,none
0.7942,8388607,none
0.7949,-8388608,none
0.8044,-8388608,none
0.8048,-4615196,none
0.8209,8388607,none
0.8251,8388607,none
0.8270,-8388608,none
0.8294,-8388608,none
0.8298,-5478137,none
0.8302,8388607,none
0.8340,8388607,none
0.8378,-8388608,none
0.8441,-8388608,none
0.8465,-6273727,none
0.8481,8388607,none
0.8581,8388607,none
0.8583,-8388608,none
0.8658,-8388608,none
0.8715,-7095378,none
0.8751,8388607,none
0.8752,8388607,none
0.8766,-8104108,none
0.8838,-8388608,none
0.8874,-7875067,none
0.8902,8388607,none
0.8996,8388607,none
0.9038,-7383416,none
0.9074,-8388608,none
0.9124,-8388608,none
0.9149,8388607,none
0.9169,8388607,none
0.9237,-6550000,none
0.9308,-8388608,none
0.9318,-8388608,none
0.9327,8388607,none
0.9335,8388607,none
0.9343,-5634400,none
0.9379,-8388608,none
0.9459,-8388608,none
0.9533,8388607,none
0.9568,8388607,none
0.9632,-4659448,none
0.9654,-8388608,none
0.9707,-8388608,none
0.9722,8388607,none
0.9729,8388607,none
0.9759,-3609111,none
0.9827,-8388608,none
0.9867,-8388608,none
0.9902,8388607,none
0.9917,8388607,none
0.9986,-2393291,none
0.9993,-8388608,none
1.0084,-8388608,none
1.0128,8339435,none
1.0133,8388607,none
1.0193,-1052352,none
1.0242,-8388608,none
1.0276,-8388608,none
1.0323,7721699,none
1.0344,8388607,none
1.0365,148415,none
1.0399,-8388,none
1.0419,608,none
1.0444,-8388608,none
1.0450,7029260,none
1.0488,8388607,none
1.0531,1399307,none
1.0569,-8388608,none
1.0657,-8388608,none
1.0690,6318872,none
1.0731,8388607,none
1.0751,2620265,none
1.0791,-8388608,none
1.0813,-8388608,none
1.0868,5453582,none
1.0919,8388607,none
1.0983,3814904,none
1.0987,-8388608,none
1.1055,-8388608,none
1.1134,4525247,none
1.1243,8388607,none
1.1301,4851892,none
1.1420,-8388608,none
1.1445,-8388608,none
1.1481,3391179,none
1.1513,8388607,none
1.1538,5765767,none
1.1578,-8388608,none
1.1590,-8388608,none
1.1629,2252746,none
1.1653,8388607,none
1.1657,6607830,none
1.1684,-8388608,none
1.1715,-8388608,none
1.1724,1035903,none
1.1734,8388607,none
1.1740,7441709,none
1.1807,-8388608,none
1.1852,-8388608,none
1.1896,-155591,none
1.1925,8388607,none
1.1928,8215828,none
1.1975,-8388608,none
1.2039,-8388608,none
1.2043,-1427540,none
1.2085,8388607,none
1.2123,8388607,none
1.2164,-8388608,none
1.2212,-8388608,none
1.2255,-2630719,none
1.2344,8388607,none
1.2380,8388607,none
1.2419,-8388608,none
1.2439,-8388608,none
1.2483,-3655313,none
1.2513,8388607,none
1.2552,8388607,none
1.2589,-8388608,none
1.2616,-8388608,none
1.2710,-4507933,none
1.2714,8388607,none
1.2738,8388607,none
1.2795,-8388608,none
1.2817,-,none
1.2844,8388608,none
1.2863,-5399052,none
1.2876,8,none
1.2919,388607,none
1.3067,8388607,none
1.3116,-8388608,none
1.3210,-8388608,none
1.3220,-6220612,none
1.3224,8388607,none
1.3228,8388607,none
1.3248,-8388608,none
1.3251,-8388608,none
1.3252,-7074058,none
1.3333,8388607,none
1.3377,8388607,none
1.3398,-8074692,none
1.3432,-8388608,none
1.3437,-7829925,none
1.3513,8388607,none
1.3557,8388607,none
1.3579,-7412832,none
1.3642,-8388608,none
1.3695,-8388608,none
1.3722,8388607,none
1.3749,8388607,none
1.3808,-6608292,none
1.3841,-8388608,none
1.3870,-8388608,none
1.3888,8388607,none
1.3949,8388607,none
1.3992,-5768453,none
1.4022,-8388608,none
1.4070,-8388608,none
1.4123,8388607,none
1.4171,8388607,none
1.4207,-4764546,none
1.4242,-8388608,none
1.4255,-8388608,none
1.4282,8388607,none
1.4309,8388607,none
1.4344,-3735851,none
1.4381,-8388608,none
1.4469,-8388608,none
1.4534,8388607,none
1.4538,8388607,none
1.4547,-2568024,none
1.4585,-8388608,none
1.4633,-8388608,none
1.4675,8388607,none
1.4705,8388607,none
1.4745,-1300008,none
1.4820,-8388608,none
1.4832,-8388608,none
1.4895,8045275,none
1.4917,8388607,none
1.5008,-160440,none
1.5076,-8388608,none
1.5083,-8388608,none
1.5084,7338676,none
1.5151,8388607,none
1.5180,1037503,none
1.5234,-8388608,none
1.5237,-8388608,none
1.5282,6668004,none
1.5339,8388607,none
1.5388,2241385,none
1.5420,-8388608,none
1.5435,-,none
1.5487,8388608,none
1.5496,5833290,none
1.5516,838860,none
1.5540,7,none
1.5554,3468767,none
1.5593,-8388608,none
1.5655,-8388608,none
1.5676,5009839,none
1.5729,8388607,none
1.5755,4501821,none
1.5804,-8388608,none
1.5871,-8388608,none
1.5882,3976611,none
1.5889,8388607,none
1.5954,5482294,none
1.6020,-8388608,none
1.6065,-8388608,none
1.6070,2832038,none
1.6153,8388607,none
1.6171,6322222,none
1.6179,-8388608,none
1.6249,-8388608,none
1.6266,1696167,none
1.6350,8388607,none
1.6363,7203746,none
1.6385,-8388608,none
1.6508,-8388608,none
1.6543,453663,none
1.6585,8388607,none
1.6586,8001990,none
1.6661,-8388608,none
1.6720,-8388608,none
1.6755,-710140,none
1.6822,8388607,none
1.6879,8388607,none
1.6908,-8388608,none
1.6957,-8388608,none
1.7003,-1987214,none
1.7007,8388607,none
1.7015,8388607,none
1.7027,-8388608,none
1.7030,-8388608,none
1.7050,-3056559,none
1.7087,8388607,none
1.7137,8388607,none
1.7234,-8388608,none
1.7246,-8388608,none
1.7250,-4013732,none
1.7308,8388607,none
1.7391,8388607,none
1.7411,-8388608,none
1.7421,-8388608,none
1.7446,-4931462,none
1.7703,8388607,none
1.7716,8388607,none
1.7720,-8388608,none
1.7725,-8388608,none
1.7731,-5799440,none
1.7735,8388607,none
1.7740,8388607,none
1.7815,-8388608,none
1.7840,-8388608,none
1.7875,-6697899,none
1.7925,8388607,none
1.7984,8388607,none
1.8041,-8388608,none
1.8080,-8388608,none
1.8110,-7497818,none
1.8114,8388607,none
1.8131,8388607,none
1.8174,-7692284,none
1.8187,-8388608,none
1.8254,-8205707,none
1.8283,8388607,none
1.8332,8388607,none
1.8381,-6927765,none
1.8421,-8388608,none
1.8497,-8388608,none
1.8520,8388607,none
1.8539,8388607,none
1.8553,-6051827,none
1.8662,-8388608,none
1.8684,-8388608,none
1.8711,8388607,none
1.8764,8388607,none
1.8770,-5159593,none
1.8826,-8388608,none
1.8869,-8388608,none
1.8894,8388607,none
1.8936,8388607,none
1.8966,-4120929,none
1.9020,-8388608,none
1.9077,-8388608,none
1.9136,8388607,none
1.9163,8388607,none
1.9225,-2929234,none
1.9251,-8388608,none
1.9264,-8388608,none
1.9305,8388607,none
1.9344,8388607,none
1.9384,-1695289,none
1.9416,-8388608,none
1.9431,-8388608,none
1.9468,8388607,none
1.9514,8388607,none
1.9545,-556555,none
1.9578,-8388608,none
1.9652,-8388608,none
1.9703,7795239,none
1.9712,8388607,none
1.9758,611598,none
1.9804,-8388608,none
1.9886,-8388608,none
1.9900,7095487,none
1.9905,8388607,none
1.9965,1694907,none
2.0017,-8388608,none
2.0033,-8388608,none
2.0078,6408119,none
2.0135,8388607,none
2.0192,2813497,none
2.0224,-8388608,none
2.0259,-8388608,none
2.0301,5616134,none
2.0348,8388607,none
2.0388,3953661,none
2.0436,-8388608,none
2.0536,-8388608,none
2.0544,4749369,none
2.0547,8388607,none
2.0600,4898794,none
2.0645,-8388608,none
2.0697,-8388608,none
2.0740,3798800,none
2.0746,8388607,none
2.0749,5764721,none
2.0807,-8388608,none
2.0811,-8388608,none
2.0871,2856071,none
2.0912,8388607,none
2.0955,6534466,none
2.1019,-8388608,none
2.1062,-8388608,none
2.1084,1798954,none
2.1139,8388607,none
2.1178,7443198,none
2.1219,-8388608,none
2.1245,-8388608,none
2.1300,869102,none
2.1336,8388607,none
2.1380,8134761,none
2.1422,-8388608,none
2.1449,-8388608,none
2.1461,-202856,none
2.1504,8388607,none
2.1544,8388607,none
2.1634,-8388608,none
2.1666,-8388608,none
2.1678,-1228099,none
2.1709,8388607,none
2.1755,8388607,none
2.1762,-,none
2.1790,8388608,none
2.1817,-83,none
2.1862,88608,none
2.1891,-2219851,none
2.1912,8388607,none
2.1939,8388607,none
2.1961,-8388608,none
2.1992,-8388608,none
2.2037,-3260684,none
2.2098,8388607,none
2.2155,8388607,none
2.2163,-8388608,none
2.2207,-8388608,none
2.2250,-4246625,none
2.2303,8388607,none
2.2342,8388607,none
2.2414,-8388608,none
2.2452,-8388608,none
2.2484,-5167628,none
2.2521,8388607,none
2.2554,8388607,none
2.2580,-8388608,none
2.2632,-8388608,none
2.2653,-6011837,none
2.2698,8388607,none
2.2750,8388607,none
2.2785,-8388608,none
2.2814,-8388608,none
2.2854,-6727760,none
2.2908,8388607,none
2.2989,8388607,none
2.2994,-8251188,none
2.3016,-,none
2.3046,8388608,none
2.3059,-7446954,none
2.3071,83,none
2.3194,88607,none
2.3201,8388607,none
2.3251,-7589328,none
2.3253,-8388608,none
2.3270,-8014225,none
2.3301,8388607,none
2.3334,8388607,none
2.3362,-6815870,none
2.3423,-8388608,none
2.3464,-8388608,none
2.3548,8388607,none
2.3584,8388607,none
2.3586,-5973651,none
2.3593,-8388608,none
2.3639,-8388608,none
2.3731,8388607,none
2.3769,8388607,none
2.3812,-5155625,none
2.3850,-8388608,none
2.3857,-8388608,none
2.3909,8388607,none
2.3933,8388607,none
2.3970,-4219691,none
2.4010,-8388608,none
2.4043,-8388608,none
2.4102,8388607,none
2.4180,8388607,none
2.4181,-3158631,none
2.4243,-8388608,none
2.4262,-8388608,none
2.4327,8388607,none
2.4352,8388607,none
2.4396,-2019824,none
2.4419,-8388608,none
2.4471,-8388608,none
2.4499,8388607,none
2.4562,8388607,none
2.4589,-878415,none
2.4590,-8388608,none
2.4626,-8388608,none
2.4665,8295311,none
2.4751,8388607,none
2.4752,192748,none
2.4811,-8388608,none
2.4854,-8388608,none
2.4885,7604035,none
2.4961,8388607,none
2.5011,1304190,none
2.5086,-8388608,none
2.5132,-8388608,none
2.5181,6890940,none
2.5274,8388607,none
2.5286,2419613,none
2.5289,-8388608,none
2.5299,-8388608,none
2.5343,6094150,none
2.5403,8388607,none
2.5425,3507815,none
2.5440,-8388608,none
2.5459,-8388608,none
2.5527,5192973,none
2.5533,8388607,none
2.5577,4632337,none
2.5589,-,none
2.5628,8388608,none
2.5650,-8388608,none
2.5678,4351,none
2.5680,580,none
2.5719,8388607,none
2.5740,5510720,none
2.5840,-8388608,none
2.5886,-8388608,none
2.5918,3293400,none
2.5950,8388607,none
2.5953,6451314,none
2.5973,-8388608,none
2.6008,-8388608,none
2.6050,2356891,none
2.6112,8388607,none
2.6169,7344920,none
2.6192,-8388608,none
2.6235,-8388608,none
2.6271,1349214,none
2.6310,8388607,none
2.6352,8131158,none
2.6385,-8388608,none
2.6476,-8388608,none
2.6521,321680,none
2.6548,8388607,none
2.6556,8388607,none
2.6589,-8388608,none
2.6631,-8388608,none
2.6666,-841298,none
2.6706,8388607,none
2.6754,8388607,none
2.6786,-8388608,none
2.6797,-,none
2.6856,8388608,none
2.6865,-,none
2.6871,2144587,none
2.6891,8,none
2.6948,388607,none
2.6996,8388607,none
2.7010,-8388608,none
2.7026,-8388608,none
2.7045,-3304354,none
2.7091,8388607,none
2.7119,8388607,none
2.7160,-8388608,none
2.7198,-8388608,none
2.7266,-4426732,none
2.7280,8388607,none
2.7347,8388607,none
2.7395,-8388608,none
2.7406,-8388608,none
2.7451,-5440358,none
2.7503,8388607,none
2.7526,8388607,none
2.7591,-8388608,none
2.7615,-8388608,none
2.7650,-6305330,none
2.7692,8388607,none
2.7786,8388607,none
2.7824,-8388608,none
2.7844,-8388608,none
2.7880,-7133575,none
2.7904,8388607,none
2.7970,8388607,none
2.7998,-7751116,none
2.8021,-8388608,none
2.8058,-7766727,none
2.8117,8388607,none
2.8142,8388607,none
2.8171,-6,none
2.8208,932575,none
2.8227,-8388608,none
2.8240,-820500,none
2.8284,9,none
2.8295,8388607,none
2.8338,8388607,none
2.8358,-6033656,none
2.8417,-8388608,none
2.8466,-8388608,none
2.8504,8388607,none
2.8507,8388607,none
2.8571,-5108217,none
2.8603,-8388608,none
2.8676,-8388608,none
2.8705,8388607,none
2.8727,8388607,none
2.8772,-4064765,none
2.8794,-8388608,none
2.8893,-8388608,none
2.8918,8388607,none
2.8919,8388607,none
2.9025,-2896729,none
2.9037,-8388608,none
2.9053,-8388608,none
2.9097,8388607,none
2.9159,8388607,none
2.9242,-1728296,none
2.9251,-8388608,none
2.9264,-8388608,none
2.9312,8388607,none
2.9344,8388607,none
2.9357,-,none
2.9409,608251,none
2.9419,-8388608,none
2.9430,-8,none
2.9493,388608,none
2.9524,8059983,none
2.9531,8388607,none
2.9534,498575,none
2.9609,-8388608,none
2.9691,-8388608,none
2.9712,7368707,none
2.9717,8388607,none
2.9792,1685006,none
2.9811,-8388608,none
2.9826,-8388608,none
2.9863,6579445,none
2.9977,8388607,none
3.0013,2773978,none
3.0086,-8388608,none
3.0095,-8388608,none
3.0099,5732506,none
3.0108,8388607,none
3.0148,3943968,none
3.0190,-8388608,none
3.0230,-8388608,flicker
3.0274,4855301,flicker
3.0307,8388607,flicker
3.0359,5010778,flicker
3.0393,-8388608,flicker
3.0433,-88808,flicker
3.0473,3875000,flicker
3.0511,8388607,flicker
3.0552,5909504,flicker
3.0593,-8388608,flicker
3.0612,-,flicker
3.0640,8388608,flicker
3.0675,2907149,flicker
3.0716,8388607,flicker
3.0726,689,flicker
3.0757,2858,flicker
3.0770,-838860,flicker
3.0800,8,flicker
3.0807,-8388608,flicker
3.0839,1858727,flicker
3.0880,8388607,flicker
3.0921,7816207,flicker
3.0966,-8388608,flicker
3.1003,-8388608,flicker
3.1043,844979,flicker
3.1087,8388607,flicker
3.1136,8388607,flicker
3.1167,-8388608,flicker
3.1207,-8388608,flicker
3.1248,-513607,flicker
3.1308,388607,flicker
3.1330,8388607,flicker
3.1371,-8388608,flicker
3.1412,-8388608,flicker
3.1473,298,flicker
3.1494,8388607,flicker
3.1535,8388607,flicker
3.1576,-8388608,flicker
3.1625,8880,flicker
3.1659,-3433020,flicker
3.1700,8388607,flicker
3.1740,8388607,flicker
3.1784,-83868,flicker
3.1822,-8388608,flicker
3.1864,-4738570,flicker
3.1904,8388607,flicker
3.1961,8860-,flicker
3.1986,8388608,flicker
3.1998,-838,flicker
3.2028,8608,flicker
3.2043,-59749,flicker
3.2068,59,flicker
3.2069,8388607,flicker
3.2110,8388607,flicker
3.2150,-8388608,flicker
3.2190,-8388608,flicker
3.2232,-7094190,flicker
3.2274,8388607,flicker
3.2319,8388607,flicker
3.2355,-7736408,flicker
3.2396,-8388608,flicker
3.2437,-7998463,flicker
3.2480,8388607,flicker
3.2518,8388607,flicker
3.2560,-6620390,flicker
3.2602,-8388608,flicker
3.2645,-8388608,flicker
3.2683,8388607,flicker
3.2724,8388607,flicker
3.2766,-5488941,flicker
3.2808,-8388608,flicker
3.2848,-8388608,flicker
3.2887,8388607,flicker
3.2928,8388607,flicker
3.2974,-4185474,flicker
3.3010,-8388608,flicker
3.3052,-8388608,flicker
3.3092,8388607,flicker
3.3133,83,flicker
3.3137,8607,flicker
3.3175,-2653136,flicker
3.3185,-,flicker
3.3215,8388608,flicker
3.3229,-,flicker
3.3256,8388608,flicker
3.3268,83,flicker
3.3302,88607,flicker
3.3319,838860,flicker
3.3338,7,flicker
3.3349,-1176090,flicker
3.3380,-8388608,flicker
3.3420,-8388608,flicker
3.3462,2217,flicker
3.3504,8388607,flicker
3.3543,326975,flicker
3.3587,-8388608,flicker
3.3638,8388,flicker
3.3667,7252648,flicker
3.3707,8388607,flicker
3.3747,1867073,flicker
3.3804,8868,flicker
3.3829,-8388608,flicker
3.3871,6302729,flicker
3.3911,8388607,flicker
3.3953,2686,flicker
3.4002,-8388608,flicker
3.4039,-8388608,flicker
3.4074,5205399,flicker
3.4137,38867,flicker
3.4165,4552958,flicker
3.4198,-8388608,flicker
3.4239,-8388608,flicker
3.4280,4011516,flicker
3.4320,8388607,flicker
3.4362,5635050,flicker
3.4403,-8388608,flicker
3.4445,-8388608,flicker
3.4484,2628601,flicker
3.4526,8388607,flicker
3.4538,66,flicker
3.4567,82839,flicker
3.4579,-83886,flicker
3.4607,08,flicker
3.4626,-8388608,flicker
3.4652,1293275,flicker
3.4690,8388607,flicker
3.4731,7658714,flicker
3.4771,-8388608,flicker
3.4817,-8388608,flicker
3.4854,-100276,flicker
3.4894,8388607,flicker
3.4935,8388607,flicker
3.4983,-8388608,flicker
3.5016,-8388608,flicker
3.5058,-1413715,flicker
3.5100,8388607,flicker
3.5147,8388607,flicker
3.5180,-8388608,flicker
3.5221,-8388608,flicker
3.5263,-2771475,flicker
3.5309,8388607,flicker
3.5345,8388607,flicker
3.5386,-8388608,flicker
3.5427,-8388608,flicker
3.5474,-3861121,flicker
3.5509,8388607,flicker
3.5549,8388607,flicker
3.5590,-8388608,flicker
3.5637,-8388608,flicker
3.5672,-4813106,flicker
3.5714,8388607,flicker
3.5754,8388607,flicker
3.5766,-,flicker
3.5808,3808,flicker
3.5837,8608,flicker
3.5853,-57669,flicker
3.5877,72,flicker
3.5891,8388607,flicker
3.5919,8388607,flicker
3.5977,8608,flicker
3.6013,-8388608,flicker
3.6042,-6594988,flicker
3.6082,8388607,flicker
3.6125,86,flicker
3.6165,-8354144,flicker
3.6209,-8388608,flicker
3.6246,-7406079,flicker
3.6296,30,flicker
3.6343,8388607,flicker
3.6368,-7618744,flicker
3.6409,-8388608,flicker
3.6452,8188,flicker
3.6499,8388607,flicker
3.6536,8388607,flicker
3.6573,-6777362,flicker
3.6617,-8388608,flicker
3.6661,-8388608,flicker
3.6697,8388607,flicker
3.6737,8388607,flicker
3.6779,-5880810,flicker
3.6820,-8388608,flicker
3.6860,-8388608,flicker
3.6900,8388607,flicker
3.6942,8388607,flicker
3.6992,-4915201,flicker
3.7008,-,flicker
3.7023,8388608,flicker
3.7039,-,flicker
3.7065,8388608,flicker
3.7077,83,flicker
3.7106,88607,flicker
3.7121,8388,flicker
3.7146,607,flicker
3.7156,-3753935,flicker
3.7189,-8388608,flicker
3.7229,-8388608,flicker
3.7270,8388607,flicker
3.7314,8388607,flicker
3.7352,-2569327,flicker
3.7393,-8388608,flicker
3.7437,-8388608,flicker
3.7482,8388607,flicker
3.7515,8388607,flicker
3.7556,-1164454,flicker
3.7599,-8388608,flicker
3.7644,-8388608,flicker
3.7679,7986443,flicker
3.7720,8388607,flicker
3.7762,67115,flicker
3.7808,-8388608,flicker
3.7843,-8388608,flicker
3.7884,7263297,flicker
3.7925,8388607,flicker
3.7969,1339855,flicker
3.8007,-8388608,flicker
3.8047,-8388608,flicker
3.8089,6492127,flicker
3.8136,8388607,flicker
3.8170,2618289,flicker
3.8211,-8388608,flicker
3.8253,-8388608,flicker
3.8295,5728247,flicker
3.8334,8388607,flicker
3.8344,37,flicker
3.8376,52086,flicker
3.8390,-8388,flicker
3.8416,608,flicker
3.8426,-8388608,flicker
3.8477,4,flicker
3.8505,8388607,flicker
3.8539,4801967,flicker
3.8580,-8388608,flicker
3.8634,8388608,flicker
3.8663,3749624,flicker
3.8703,8388607,flicker
3.8744,5731821,flicker
3.8813,880,flicker
3.8832,-8388608,flicker
3.8867,2603831,flicker
3.8908,8388607,flicker
3.8963,478,flicker
3.9001,-8388608,flicker
3.9031,-8388608,flicker
3.9071,1347996,flicker
3.9132,8387,flicker
3.9153,7452766,flicker
3.9194,-8388608,flicker
3.9235,-8388608,flicker
3.9276,107614,flicker
3.9318,8388607,flicker
3.9358,8229449,flicker
3.9399,-8388608,flicker
3.9441,-8388608,flicker
3.9481,-1133730,flicker
3.9522,8388607,flicker
3.9563,8388607,flicker
3.9575,-,flicker
3.9605,8388608,flicker
3.9617,-8,flicker
3.9650,388608,flicker
3.9662,-2342,flicker
3.9686,599,flicker
3.9701,8388607,flicker
3.9727,8388607,flicker
3.9769,-8388608,flicker
3.9811,-8388608,flicker
3.9850,-3428857,flicker
3.9891,8388607,flicker
3.9935,8388607,flicker
3.9981,-8388608,flicker
4.0014,-8388608,flicker
4.0054,-4386311,flicker
4.0098,8388607,flicker
4.0139,8388607,flicker
4.0178,-8388608,flicker
4.0218,-8388608,flicker
4.0260,-5257579,flicker
4.0308,8388607,flicker
4.0342,8388607,flicker
4.0383,-8388608,flicker
4.0423,-8388608,flicker
4.0467,-61198,flicker
4.0505,8388607,flicker
4.0546,8388607,flicker
4.0588,-8388608,flicker
4.0634,-8388608,flicker
4.0671,-6941917,flicker
4.0710,8388607,flicker
4.0752,8388607,flicker
4.0808,791290,flicker
4.0833,8388608,flicker
4.0846,-,flicker
4.0874,7741394,flicker
4.0887,8,flicker
4.0915,388607,flicker
4.0929,8388,flicker
4.0956,07,flicker
4.0971,-1543,flicker
4.1017,-8388608,flicker
4.1041,-8388608,flicker
4.1080,8388607,flicker
4.1121,388607,flicker
4.1175,-6325137,flicker
4.1202,-8388608,flicker
4.1243,-8388608,flicker
4.1305,88,flicker
4.1326,8388607,flicker
4.1366,-5435526,flicker
4.1406,-8388608,flicker
4.1469,-83860,flicker
4.1490,8388607,flicker
4.1529,8388607,flicker
4.1570,-4363678,flicker
4.1615,-838860,flicker
4.1654,-8388608,flicker
4.1701,8388607,flicker
4.1735,8388607,flicker
4.1775,-3217977,flicker
4.1820,-8388608,flicker
4.1857,-8388608,flicker
4.1898,8388607,flicker
4.1939,8388607,flicker
4.1983,-1991809,flicker
4.2021,-8388608,flicker
4.2061,-8388608,flicker
4.2102,8295311,flicker
4.2147,8388607,flicker
4.2157,-72,flicker
4.2185,0165,flicker
4.2204,-8388,flicker
4.2227,608,flicker
4.2241,-8388608,flicker
4.2269,7706991,flicker
4.2312,8388607,flicker
4.2348,506446,flicker
4.2390,-8388608,flicker
4.2436,-8388608,flicker
4.2473,7009718,flicker
4.2513,8388607,flicker
4.2554,1719253,flicker
4.2596,-8388608,flicker
4.2644,-8388608,flicker
4.2677,6294192,flicker
4.2718,8388607,flicker
4.2758,3005304,flicker
4.2804,-8388608,flicker
4.2840,-8388608,flicker
4.2881,5477669,flicker
4.2922,8388607,flicker
4.2966,4136729,flicker
4.3003,-8388608,flicker
4.3044,-8388608,flicker
4.3087,4453614,flicker
4.3127,38860,flicker
4.3171,5165234,flicker
4.3216,-8388608,flicker
4.3250,-8388608,flicker
4.3297,3330326,flicker
4.3331,8388607,flicker
4.3372,6034630,flicker
4.3383,-,flicker
4.3414,8388608,flicker
4.3427,-8,flicker
4.3477,82,flicker
4.3502,189,flicker
4.3517,8388607,flicker
4.3537,6854583,flicker
4.3578,-8388608,flicker
4.3619,83,flicker
4.3677,906501,flicker
4.3701,8388607,flicker
4.3741,7777969,flicker
4.3796,-8388,flicker
4.3832,-8388608,flicker
4.3863,-339844,flicker
4.3904,8388607,flicker
4.3957,880,flicker
4.3987,-8388608,flicker
4.4027,-8388608,flicker
4.4068,-1610576,flicker
4.4130,838860,flicker
4.4162,8388607,flicker
4.4192,-8388608,flicker
4.4233,-8388608,flicker
4.4274,-2797695,flicker
4.4317,8388607,flicker
4.4355,8388607,flicker
4.4396,-8388608,flicker
4.4438,-8388608,flicker
4.4480,-3786743,flicker
4.4519,8388607,flicker
4.4561,8388607,flicker
4.4605,-8388608,flicker
4.4618,-,flicker
4.4647,8388608,flicker
4.4655,-,flicker
4.4683,4671896,flicker
4.4695,8,flicker
4.4724,388607,flicker
4.4738,8388,flicker
4.4766,607,flicker
4.4785,-838860,flicker
4.4808,8,flicker
4.4820,-8388608,flicker
4.4847,-5585500,flicker
4.4887,8388607,flicker
4.4929,8388607,flicker
4.4971,-8388608,flicker
4.5013,-8388608,flicker
4.5051,-6432615,flicker
4.5092,8388607,flicker
4.5140,8388607,flicker
4.5175,-8324728,flicker
4.5215,-8388608,flicker
4.5256,-7178879,flicker
4.5299,388607,flicker
4.5348,8388607,flicker
4.5380,-7648160,flicker
4.5420,-8388608,flicker
4.5477,7917608,flicker
4.5503,8388607,flicker
4.5544,8388607,flicker
4.5586,-6886968,flicker
4.5627,808,flicker
4.5672,-8388608,flicker
4.5707,8388607,flicker
4.5747,8388607,flicker
4.5802,-6040194,flicker
4.5830,-8388608,flicker
4.5871,-8388608,flicker
4.5911,8388607,flicker
4.5954,3887,flicker
4.5967,-,flicker
4.5996,088162,flicker
4.6014,-838,flicker
4.6036,8608,flicker
4.6050,-838860,flicker
4.6076,8,flicker
4.6076,8388607,flicker
4.6120,3,flicker
4.6168,-4043834,flicker
4.6198,-8388608,flicker
4.6239,-8388608,flicker
4.6306,8388607,flicker
4.6322,8388607,flicker
4.6363,-2820271,flicker
4.6403,-8388608,flicker
4.6447,-8388608,flicker
4.6489,8388607,flicker
4.6526,8388607,flicker
4.6567,-1609151,flicker
4.6609,-8388608,flicker
4.6651,-8388608,flicker
4.6690,8118815,flicker
4.6730,8388607,flicker
4.6772,-321432,flicker
4.6818,-8388608,flicker
4.6860,-8388608,flicker
4.6895,7482291,flicker
4.6936,8388607,flicker
4.6981,898852,flicker
4.7018,-8388608,flicker
4.7060,-8388608,flicker
4.7100,6760011,flicker
4.7142,8388607,flicker
4.7181,2147337,flicker
4.7194,-,flicker
4.7224,8388608,flicker
4.7238,-,flicker
4.7264,8388608,flicker
4.7277,602,flicker
4.7309,6240,flicker
4.7326,838860,flicker
4.7345,7,flicker
4.7346,3354063,flicker
4.7386,-8388608,flicker
4.7427,-8388608,flicker
4.7481,5151123,flicker
4.7510,8388607,flicker
4.7551,4427980,flicker
4.7591,-8388608,flicker
4.7639,-8388608,flicker
4.7673,4143689,flicker
4.7715,8388607,flicker
4.7755,5425364,flicker
4.7810,-8388608,flicker
4.7836,-8388608,flicker
4.7877,3038099,flicker
4.7919,8388607,flicker
4.7976,2944,flicker
4.8017,-8388608,flicker
4.8041,-8388608,flicker
4.8082,1820543,flicker
4.8125,388607,flicker
4.8166,7129247,flicker
4.8220,-8388608,flicker
4.8247,-8388608,flicker
4.8288,9187,flicker
4.8336,8388607,flicker
4.8373,7910897,flicker
4.8410,-8388608,flicker
4.8423,-,flicker
4.8452,3886,flicker
4.8464,-,flicker
4.8508,678891,flicker
4.8536,8388607,flicker
4.8555,838,flicker
4.8574,8607,flicker
4.8589,-838860,flicker
4.8615,8,flicker
4.8620,-8386,flicker
4.8660,-2018408,flicker
4.8696,8388607,flicker
4.8737,8388607,flicker
4.8800,-880,flicker
4.8834,-8388608,flicker
4.8861,-3098814,flicker
4.8901,8388607,flicker
4.8943,8388607,flicker
4.8984,-8388608,flicker
4.9024,-8388608,flicker
4.9066,-3998131,flicker
4.9106,8388607,flicker
4.9148,8388607,flicker
4.9188,-8388608,flicker
4.9229,-8388608,flicker
4.9270,-4905273,flicker
4.9316,8388607,flicker
4.9352,8388607,flicker
4.9393,-8388608,flicker
4.9435,-8388608,flicker
4.9477,-5767089,flicker
4.9516,8388607,flicker
4.9557,8388607,flicker
4.9599,-8388608,flicker
4.9645,-8388608,flicker
4.9680,-6573195,flicker
4.9721,8388607,flicker
4.9764,8388607,flicker
4.9776,-,flicker
4.9804,8207064,flicker
4.9821,-83,flicker
4.9844,88608,flicker
4.9855,-73344,flicker
4.9884,91,flicker
4.9894,8388607,flicker
4.9927,8388607,flicker
4.9972,-7471664,flicker
5.0007,-8388608,flicker
5.0048,-8082821,flicker
5.0089,8388607,flicker
5.0152,38860,flicker
5.0179,-6630230,flicker
5.0213,-8388608,flicker
5.0254,-8388608,flicker
5.0314,3880,flicker
5.0338,8388607,flicker
5.0377,-5830571,flicker
5.0418,-8388608,flicker
5.0460,83608,flicker
5.0502,8388607,flicker
5.0540,8388607,flicker
5.0581,-4868895,flicker
5.0636,8880,flicker
5.0663,-8388608,flicker
5.0705,8388607,flicker
5.0745,8388607,flicker
5.0805,326,flicker
5.0827,-8388608,flicker
5.0868,-8388608,flicker
5.0909,8388607,flicker
5.0964,36,flicker
5.0990,-2619732,flicker
5.1001,-,flicker
5.1031,8388608,flicker
5.1048,-,flicker
5.1074,8388608,flicker
5.1084,83,flicker
5.1116,88607,flicker
5.1125,38,flicker
5.1156,7,flicker
5.1170,-1330319,flicker
5.1195,-8388608,flicker
5.1236,-8388608,flicker
5.1279,8015859,flicker
5.1318,8388607,flicker
5.1359,-154493,flicker
5.1400,-8388608,flicker
5.1442,-8388608,flicker
5.1485,7350560,flicker
5.1523,8388607,flicker
5.1564,1067755,flicker
5.1605,-8388608,flicker
5.1647,-8388608,flicker
5.1687,6656904,flicker
5.1729,8388607,flicker
5.1770,2337042,flicker
5.1814,-8388608,flicker
5.1852,-8388608,flicker
5.1893,5885534,flicker
5.1934,8388607,flicker
5.1975,3594354,flicker
5.2015,-8388608,flicker
5.2056,-8388608,flicker
5.2098,4959367,flicker
5.2140,8388607,flicker
5.2179,4622130,flicker
5.2220,-8388608,flicker
5.2261,-8388608,flicker
5.2306,3928706,flicker
5.2342,8388607,flicker
5.2354,55,flicker
5.2383,48080,flicker
5.2400,-8388,flicker
5.2425,608,flicker
5.2438,-8388608,flicker
5.2473,2858480,flicker
5.2508,8388607,flicker
5.2547,6343081,flicker
5.2588,-8388608,flicker
5.2648,83886,flicker
5.2670,1629338,flicker
5.2711,8388607,flicker
5.2754,7224308,flicker
5.2795,838868,flicker
5.2836,-8388608,flicker
5.2875,486585,flicker
5.2918,8388607,flicker
5.2957,0,flicker
5.3005,-8388608,flicker
5.3038,-8388608,flicker
5.3080,-835472,flicker
5.3121,3807,flicker
5.3163,8388607,flicker
5.3202,-8388608,flicker
5.3244,-8388608,flicker
5.3287,2802,flicker
5.3325,8388607,flicker
5.3367,8388607,flicker
5.3407,-8388608,flicker
5.3450,-83860,flicker
5.3491,-3159375,flicker
5.3530,8388607,flicker
5.3572,8388607,flicker
5.3587,-,flicker
5.3632,838808-8,flicker
5.3653,388608,flicker
5.3663,-4103,flicker
5.3694,928,flicker
5.3708,8388607,flicker
5.3736,8388607,flicker
5.3777,-8388608,flicker
5.3817,-8388608,flicker
5.3859,-4893659,flicker
5.3899,8388607,flicker
5.3940,8388607,flicker
5.3986,-8388608,flicker
5.4022,-8388608,flicker
5.4062,-5764581,flicker
5.4104,8388607,flicker
5.4147,8388607,flicker
5.4185,-8388608,flicker
5.4226,-8388608,flicker
5.4270,-6547288,flicker
5.4314,8388607,flicker
5.4350,8388607,flicker
5.4390,-8104108,flicker
5.4432,-8388608,flicker
5.4477,-7371987,flicker
5.4513,8388607,flicker
5.4553,8388607,flicker
5.4597,-7398124,flicker
5.4644,-8388608,flicker
5.4677,-8075113,flicker
5.4717,8388607,flicker
5.4759,8388607,flicker
5.4807,-6607730,flicker
5.4825,-,flicker
5.4841,8388608,flicker
5.4852,-,flicker
5.4883,8388608,flicker
5.4896,8,flicker
5.4923,388607,flicker
5.4944,8388,flicker
5.4969,607,flicker
5.4988,-5803784,flicker
5.5005,-8388608,flicker
5.5046,-8388608,flicker
5.5087,8388607,flicker
5.5141,38860,flicker
5.5168,-4840726,flicker
5.5209,-8388608,flicker
5.5252,-8388608,flicker
5.5299,8388607,flicker
5.5336,8388607,flicker
5.5373,-3736979,flicker
5.5414,-8388608,flicker
5.5469,8388,flicker
5.5500,8388607,flicker
5.5537,8388607,flicker
5.5578,-2563665,flicker
5.5620,80,flicker
5.5664,-8388608,flicker
5.5707,8388607,flicker
5.5764,8388607,flicker
5.5783,-1268919,flicker
5.5829,-8388608,flicker
5.5871,-8388608,flicker
5.5906,8030567,flicker
5.5949,830,flicker
5.5994,-145310,flicker
5.6037,-8388608,flicker
5.6069,-8388608,flicker
5.6111,7442247,flicker
5.6157,8388607,flicker
5.6192,1094018,flicker
5.6206,-838,flicker
5.6233,8608,flicker
5.6243,-838860,flicker
5.6274,8,flicker
5.6276,6696654,flicker
5.6316,8388607,flicker
5.6356,2325270,flicker
5.6397,-8388608,flicker
5.6438,-8388608,flicker
5.6482,5958448,flicker
5.6520,8388607,flicker
5.6561,3583615,flicker
5.6602,-8388608,flicker
5.6646,-8388608,flicker
5.6684,5076278,flicker
5.6724,8388607,flicker
5.6767,4589365,flicker
5.6811,-8388608,flicker
5.6851,-8388608,flicker
5.6888,4091101,flicker
5.6931,8388607,flicker
5.6980,5563235,flicker
5.7012,-8388608,flicker
5.7052,-8388608,flicker
5.7095,2893406,flicker
5.7139,8388607,flicker
5.7175,6386208,flicker
5.7216,-8388608,flicker
5.7258,-8388608,flicker
5.7302,1655738,flicker
5.7339,8388607,flicker
5.7380,7268828,flicker
5.7395,-,flicker
5.7422,8388608,flicker
5.7437,-,flicker
5.7469,8388608,flicker
5.7481,4357,flicker
5.7503,98,flicker
5.7513,838860,flicker
5.7543,7,flicker
5.7557,7986967,flicker
5.7586,-8388608,flicker
5.7628,838808,flicker
5.7674,-795227,flicker
5.7709,8388607,flicker
5.7758,8388607,flicker
5.7791,-8388608,flicker
5.7835,-8388608,flicker
5.7871,-2029358,flicker
5.7912,8388607,flicker
5.7966,388607,flicker
5.8002,-8388608,flicker
5.8036,-8388608,flicker
5.8076,-3142806,flicker
5.8122,860,flicker
5.8170,8388607,flicker
5.8199,-8388608,flicker
5.8240,-8388608,flicker
5.8283,1699,flicker
5.8332,8388607,flicker
5.8369,8388607,flicker
5.8407,-8388608,flicker
5.8463,-838868,flicker
5.8502,-4970568,flicker
5.8527,8388607,flicker
5.8568,8388607,flicker
5.8610,-8388608,flicker
5.8655,-8388608,flicker
5.8667,-,flicker
5.8691,5882061,flicker
5.8731,8388607,flicker
5.8742,83,flicker
5.8773,88607,flicker
5.8788,-83886,flicker
5.8813,08,flicker
5.8827,-8388608,flicker
5.8855,-6630678,flicker
5.8896,8388607,flicker
5.8936,8388607,flicker
5.8982,-8089400,flicker
5.9022,-8388608,flicker
5.9059,-7409468,flicker
5.9101,8388607,flicker
5.9150,8388607,flicker
5.9182,-7427540,flicker
5.9223,-8388608,flicker
5.9267,-8189397,flicker
5.9311,8388607,flicker
5.9346,8388607,flicker
5.9387,-6620275,flicker
5.9431,-8388608,flicker
5.9473,-8388608,flicker
5.9512,8388607,flicker
5.9550,8388607,flicker
5.9592,-5770988,flicker
5.9636,-8388608,flicker
5.9676,-8388608,flicker
5.9714,8388607,flicker
5.9756,8388607,flicker
5.9807,-4850494,flicker
5.9838,-8388608,flicker
5.9878,-8388608,flicker
5.9920,8388607,flicker
5.9962,388,flicker
6.0003,3752931,flicker
6.0014,-83,flicker
6.0043,88608,flicker
6.0060,-83886,flicker
6.0084,08,flicker
6.0098,8388607,flicker
6.0139,867,flicker
6.0170,-2582274,flicker
6.0207,-8388608,flicker
6.0248,-8388608,flicker
6.0301,360,flicker
6.0336,8388607,flicker
6.0370,-1255187,flicker
6.0412,-8388608,flicker
6.0454,6,flicker
6.0496,7942319,flicker
6.0537,8388607,flicker
6.0575,-13650,flicker
6.0618,368,flicker
6.0670,-8388608,flicker
6.0703,7324583,flicker
6.0739,8388607,flicker
6.0784,2824,flicker
6.0852,-8388608,flicker
6.0868,-8388608,flicker
6.0904,6548755,flicker
6.0944,8388607,flicker
6.0984,2474409,flicker
6.1029,-8388608,flicker
6.1066,-8388608,flicker
6.1109,5787389,flicker
6.1148,8388607,flicker
6.1190,3738685,flicker
6.1202,-,flicker
6.1231,8388608,flicker
6.1243,-,flicker
6.1271,8388608,flicker
6.1289,48,flicker
6.1313,70047,flicker
6.1328,8388,flicker
6.1353,607,flicker
6.1365,4770531,flicker
6.1396,-8388608,flicker
6.1436,-8388608,flicker
6.1481,3851330,flicker
6.1517,8388607,flicker
6.1558,5664939,flicker
6.1602,-8388608,flicker
6.1644,-8388608,flicker
6.1681,2643421,flicker
6.1722,8388607,flicker
6.1764,6519566,flicker
6.1807,-8388608,flicker
6.1845,-8388608,flicker
6.1886,1415902,flicker
6.1927,8388607,flicker
6.1972,7397736,flicker
6.2009,-8388608,flicker
6.2050,-8388608,flicker
6.2090,182333,flicker
6.2132,3880,flicker
6.2178,8114696,flicker
6.2217,-8388608,flicker
6.2255,-8388608,flicker
6.2297,113132,flicker
6.2357,8388607,flicker
6.2377,8388607,flicker
6.2420,-8388608,flicker
6.2461,8868,flicker
6.2506,2300034,flicker
6.2541,8388607,flicker
6.2554,8,flicker
6.2587,388607,flicker
6.2598,-8388,flicker
6.2625,08,flicker
6.2636,838868,flicker
6.2673,-3419654,flicker
6.2704,8388607,flicker
6.2746,8388607,flicker
6.2806,8,flicker
6.2828,-8388608,flicker
6.2869,-4306413,flicker
6.2909,8388607,flicker
6.2959,38,flicker
6.3009,-8388608,flicker
6.3033,-8388608,flicker
6.3073,-5172052,flicker
6.3115,388607,flicker
6.3167,8388607,flicker
6.3199,-8388608,flicker
6.3237,-8388608,flicker
6.3296,-60043,flicker
6.3329,8388607,flicker
6.3360,8388607,flicker
6.3401,-8388608,flicker
6.3443,-8388608,flicker
6.3488,-6796949,flicker
6.3524,8388607,flicker
6.3566,8388607,flicker
6.3606,-7912904,flicker
6.3651,-8388608,flicker
6.3688,-7592400,flicker
6.3729,8388607,flicker
6.3771,8388607,flicker
6.3783,-,flicker
6.3814,7170607,flicker
6.3828,-8,flicker
6.3851,388608,flicker
6.3870,-8352,flicker
6.3892,422,flicker
6.3906,8388607,flicker
6.3934,8388607,flicker
6.3978,-6333308,flicker
6.4016,-8388608,flicker
6.4056,-8388608,flicker
6.4099,8388607,flicker
6.4141,8388607,flicker
6.4179,-5472373,flicker
6.4220,-8388608,flicker
6.4262,-8388608,flicker
6.4303,8388607,flicker
6.4343,8388607,flicker
6.4384,-4477313,flicker
6.4426,-8388608,flicker
6.4475,-8388608,flicker
6.4507,8388607,flicker
6.4548,8388607,flicker
6.4589,-3331774,flicker
6.4642,-8388608,flicker
6.4671,-8388608,flicker
6.4711,8388607,flicker
6.4753,8388607,flicker
6.4806,215,flicker
6.4845,-8388608,flicker
6.4881,-8388608,flicker
6.4916,8368851,flicker
6.4961,8388607,flicker
6.4998,-866985,flicker
6.5008,-,flicker
6.5039,8388608,flicker
6.5053,-,flicker
6.5080,8388608,flicker
6.5090,7,flicker
6.5123,853,flicker
6.5137,888,flicker
6.5180,07,flicker
6.5187,334949,flicker
6.5203,-8388608,flicker
6.5244,-8388608,flicker
6.5286,955,flicker
6.5334,8388607,flicker
6.5370,1651096,flicker
6.5408,-8388608,flicker
6.5451,838808,flicker
6.5496,6364844,flicker
6.5532,8388607,flicker
6.5575,2838322,flicker
6.5615,-8388608,flicker
6.5658,-8388608,flicker
6.5694,5602547,flicker
6.5736,8388607,flicker
6.5777,3934819,flicker
6.5823,-8388608,flicker
6.5858,-8388608,flicker
6.5899,4672558,flicker
6.5941,8388607,flicker
6.5986,4926261,flicker
6.6022,-8388608,flicker
6.6063,-8388608,flicker
6.6105,3638786,flicker
6.6146,8388607,flicker
6.6186,5856815,flicker
6.6227,-8388608,flicker
6.6269,-8388608,flicker
6.6310,2508455,flicker
6.6350,8388607,flicker
6.6363,6,flicker
6.6391,711174,flicker
6.6403,-8388,flicker
6.6433,608,flicker
6.6447,-8388608,flicker
6.6477,1196732,flicker
6.6514,8388607,flicker
6.6554,7545565,flicker
6.6599,-8388608,flicker
6.6644,-8388608,flicker
6.6678,-17965,flicker
6.6718,8388607,flicker
6.6760,8259451,flicker
6.6803,-8388608,flicker
6.6841,-8388608,flicker
6.6882,-1232154,flicker
6.6924,8388607,flicker
6.6966,8388607,flicker
6.7010,-8388608,flicker
6.7046,-8388608,flicker
6.7088,-2471405,flicker
6.7147,388,flicker
6.7187,8388607,flicker
6.7211,-8388608,flicker
6.7254,-8388608,flicker
6.7312,3277,flicker
6.7339,8388607,flicker
6.7376,8388607,flicker
6.7415,-8388608,flicker
6.7458,8386,flicker
6.7500,-4433148,flicker
6.7538,8388607,flicker
6.7579,8388607,flicker
6.7588,-,flicker
6.7621,380,flicker
6.7666,8388608,flicker
6.7680,-528,flicker
6.7702,3003,flicker
6.7718,838860,flicker
6.7742,7,flicker
6.7743,8388607,flicker
6.7801,8380,flicker
6.7843,-8388608,flicker
6.7869,-6098593,flicker
6.7906,8388607,flicker
6.7948,8388607,flicker
6.7993,-8388608,flicker
6.8033,-8388608,flicker
6.8070,-6903260,flicker
6.8113,3886,flicker
6.8158,8388607,flicker
6.8200,-7883488,flicker
6.8234,-8388608,flicker
6.8275,-7683873,flicker
6.8317,8388607,flicker
6.8359,8388607,flicker
6.8398,-7129216,flicker
6.8440,-8388608,flicker
6.8480,-8388608,flicker
6.8520,8388607,flicker
6.8562,8388607,flicker
6.8603,-6312368,flicker
6.8644,-8388608,flicker
6.8684,-8388608,flicker
6.8726,8388607,flicker
6.8767,8388607,flicker
6.8811,-5486763,flicker
6.8819,-,flicker
6.8849,8388608,flicker
6.8865,-,flicker
6.8890,8388608,flicker
6.8934,8388607,flicker
6.8951,838,flicker
6.8972,8607,flicker
6.8982,-451127,flicker
6.9012,6,flicker
6.9013,-8388608,flicker
6.9053,-8388608,flicker
6.9094,8388607,flicker
6.9145,8388607,flicker
6.9176,-3428122,flicker
6.9217,-8388608,flicker
6.9259,-8388608,flicker
6.9302,8388607,flicker
6.9340,8388607,flicker
6.9381,-2195973,flicker
6.9422,-8388608,flicker
6.9469,-8388608,flicker
6.9504,8388607,flicker
6.9545,8388607,flicker
6.9587,-984394,flicker
6.9633,-8388608,flicker
6.9672,-8388608,flicker
6.9709,7854071,flicker
6.9750,8388607,flicker
6.9792,9014,flicker
6.9840,-8388608,flicker
6.9872,-8388608,flicker
6.9913,7199813,flicker
6.9960,388607,flicker
6.9998,1422955,flicker
7.0039,-8388608,flicker
7.0077,-8388608,flicker
7.0120,2592,flicker
7.0165,8388607,flicker
7.0200,2696202,flicker
7.0209,-838,flicker
7.0241,8608,flicker
7.0254,-838860,flicker
7.0289,128,flicker
7.0323,8388607,flicker
7.0364,3951426,flicker
7.0405,-8388608,flicker
7.0447,-8388608,flicker
7.0487,4827024,flicker
7.0528,8388607,flicker
7.0569,4959673,flicker
7.0610,-8388608,flicker
7.0656,-8388608,flicker
7.0695,3712357,flicker
7.0733,8388607,flicker
7.0774,5840195,flicker
7.0815,-8388608,flicker
7.0856,-8388608,flicker
7.0896,2519218,flicker
7.0938,8388607,flicker
7.0984,6698079,flicker
7.1019,-8388608,flicker
7.1060,-8388608,flicker
7.1102,1290772,flicker
7.1147,8388607,flicker
7.1183,7583629,flicker
7.1224,-8388608,flicker
7.1267,-8388608,flicker
7.1309,38341,flicker
7.1347,8388607,flicker
7.1388,8307136,flicker
7.1400,-,flicker
7.1432,8388608,flicker
7.1445,-,flicker
7.1474,8388608,flicker
7.1488,-124,flicker
7.1511,9720,flicker
7.1527,83886,flicker
7.1551,07,flicker
7.1565,8388607,flicker
7.1594,-8388608,flicker
7.1641,-8388608,flicker
7.1675,-2548636,flicker
7.1716,8388607,flicker
7.1757,8388607,flicker
7.1803,-8388608,flicker
7.1838,-8388608,flicker
7.1879,-3530513,flicker
7.1921,8388607,flicker
7.1967,8388607,flicker
7.2002,-8388608,flicker
7.2043,-8388608,flicker
7.2086,-4436533,flicker
7.2128,8388607,flicker
7.2166,8388607,flicker
7.2207,-8388608,flicker
7.2248,-8388608,flicker
7.2304,53011,flicker
7.2333,8388607,flicker
7.2377,8388607,flicker
7.2412,-8388608,flicker
7.2464,8886,flicker
7.2498,-6090868,flicker
7.2538,8388607,flicker
7.2576,8388607,flicker
7.2618,88,flicker
7.2660,-8388608,flicker
7.2675,-,flicker
7.2698,6938794,flicker
7.2740,8388607,flicker
7.2753,83,flicker
7.2783,80,flicker
7.2787,75,flicker
7.2824,24,flicker
7.2842,-8388608,flicker
7.2862,-7681090,flicker
7.2903,8388607,flicker
7.2945,8388607,flicker
7.2992,-6954098,flicker
7.3026,-8388608,flicker
7.3067,-8366935,flicker
7.3110,8388607,flicker
7.3151,8388607,flicker
7.3190,-6097070,flicker
7.3231,-8388608,flicker
7.3293,-8808,flicker
7.3320,8388607,flicker
7.3357,8388607,flicker
7.3395,-5254245,flicker
7.3436,-8388608,flicker
7.3482,-8388608,flicker
7.3518,8388607,flicker
7.3560,8388607,flicker
7.3601,-4180410,flicker
7.3643,-8388608,flicker
7.3682,-8388608,flicker
7.3722,8388607,flicker
7.3765,8388607,flicker
7.3813,-2997921,flicker
7.3846,-8388608,flicker
7.3886,-8388608,flicker
7.3929,8388607,flicker
7.3971,8388607,flicker
7.3986,-,flicker
7.4009,1725754,flicker
7.4023,-83,flicker
7.4050,88608,flicker
7.4060,-83886,flicker
7.4092,08,flicker
7.4105,8207063,flicker
7.4136,8388607,flicker
7.4179,-489009,flicker
7.4214,-8388608,flicker
7.4255,-8388608,flicker
7.4302,7633451,flicker
7.4337,8388607,flicker
7.4378,704667,flicker
7.4419,-8388608,flicker
7.4476,8388608,flicker
7.4501,6892813,flicker
7.4542,8388607,flicker
7.4583,2054490,flicker
7.4624,8388608,flicker
7.4667,-8388608,flicker
7.4706,6155776,flicker
7.4746,8388607,flicker
7.4801,25,flicker
7.4849,-8388608,flicker
7.4870,-8388608,flicker
7.4911,5334864,flicker
7.4963,880,flicker
7.5004,4369529,flicker
7.5036,-8388608,flicker
7.5075,-8388608,flicker
7.5117,352,flicker
7.5174,8388607,flicker
7.5197,5320139,flicker
7.5210,-,flicker
7.5238,8388608,flicker
7.5254,-,flicker
7.5282,08,flicker
7.5290,32,flicker
7.5322,65179,flicker
7.5338,83886,flicker
7.5361,07,flicker
7.5377,6124633,flicker
7.5402,-8388608,flicker
7.5444,-8388608,flicker
7.5488,2129619,flicker
7.5524,8388607,flicker
7.5566,6979701,flicker
7.5608,-8388608,flicker
7.5650,-8388608,flicker
7.5688,939841,flicker
7.5729,8388607,flicker
7.5770,7791496,flicker
7.5814,-8388608,flicker
7.5857,-8388608,flicker
7.5893,-307996,flicker
7.5935,8388607,flicker
7.5977,8388607,flicker
7.6016,-8388608,flicker
7.6057,-8388608,flicker
7.6100,-1623706,flicker
7.6142,8388607,flicker
7.6180,8388607,flicker
7.6221,-8388608,flicker
7.6265,-8388608,flicker
7.6305,-2703200,flicker
7.6344,8388607,flicker
7.6385,8388607,flicker
7.6426,-8388608,flicker
7.6475,-8388608,flicker
7.6486,-,flicker
7.6508,3635274,flicker
7.6549,8388607,flicker
7.6561,8,flicker
7.6590,388607,flicker
7.6600,-8388,flicker
7.6637,608,flicker
7.6653,-8388608,flicker
7.6672,-4439679,flicker
7.6712,8388607,flicker
7.6753,8388607,flicker
7.6806,-8388608,flicker
7.6836,-8388608,flicker
7.6876,-5333369,flicker
7.6918,8388607,flicker
7.6972,3807,flicker
7.7000,-8388608,flicker
7.7044,-8388608,flicker
7.7081,-6125722,flicker
7.7134,3887,flicker
7.7170,8388607,flicker
7.7205,-8324728,flicker
7.7245,-8388608,flicker
7.7287,69558,flicker
7.7332,8388607,flicker
7.7370,8388607,flicker
7.7409,-7677576,flicker
7.7468,83888,flicker
7.7495,-7711365,flicker
7.7531,8388607,flicker
7.7572,8388607,flicker
7.7615,0,flicker
7.7660,-8388608,flicker
7.7696,-8387530,flicker
7.7736,8388607,flicker
7.7781,8360,flicker
7.7820,6002035,flicker
7.7829,-8,flicker
7.7860,388608,flicker
7.7876,-8388,flicker
7.7900,608,flicker
7.7914,8388607,flicker
7.7942,8388607,flicker
7.7985,-5133231,flicker
7.8023,-8388608,flicker
7.8064,-8388608,flicker
7.8106,8388607,flicker
7.8155,8388607,flicker
7.8187,-4187682,flicker
7.8228,-8388608,flicker
7.8271,-8388608,flicker
7.8314,8388607,flicker
7.8351,8388607,flicker
7.8392,-2961277,flicker
7.8433,-8388608,flicker
7.8477,-8388608,flicker
7.8514,8388607,flicker
7.8556,8388607,flicker
7.8599,-1754002,flicker
7.8643,-8388608,flicker
7.8682,-8388608,flicker
7.8719,8162939,flicker
7.8765,8388607,flicker
7.8810,-438707,flicker
7.8843,-8388608,flicker
7.8884,-8388608,flicker
7.8924,7589327,flicker
7.8967,8388607,flicker
7.9006,803717,flicker
7.9016,-,flicker
7.9047,8388608,flicker
7.9062,-,flicker
7.9088,8388608,flicker
7.9101,6,flicker
7.9141,891814,flicker
7.9153,8388,flicker
7.9170,607,flicker
7.9183,197198,flicker
7.9211,5,flicker
7.9212,-8388608,flicker
7.9252,-8388608,flicker
7.9314,11,flicker
7.9336,8388607,flicker
7.9378,3215386,flicker
7.9421,-8388608,flicker
7.9462,-8388608,flicker
7.9497,5363716,flicker
7.9539,8388607,flicker
7.9579,4316816,flicker
7.9621,8388608,flicker
7.9661,-8388608,flicker
7.9702,4324812,flicker
7.9743,8388607,flicker
7.9786,30,flicker
7.9832,-8388608,flicker
7.9867,-8388608,flicker
7.9911,3297026,flicker
7.9951,838607,flicker
7.9999,6179137,flicker
8.0031,-8388608,flicker
8.0074,-8388608,flicker
8.0113,2045623,flicker
8.0153,8388607,flicker
8.0194,6949018,flicker
8.0235,-8388608,flicker
8.0277,-8388608,flicker
8.0317,861641,flicker
8.0358,8388607,flicker
8.0368,7,flicker
8.0399,857784,flicker
8.0413,-838,flicker
8.0441,8608,flicker
8.0451,-838860,flicker
8.0481,8,flicker
8.0488,-393079,flicker
8.0521,8388607,flicker
8.0562,8388607,flicker
8.0604,-8388608,flicker
8.0645,-8388608,flicker
8.0686,-1630532,flicker
8.0726,8388607,flicker
8.0770,8388607,flicker
8.0814,-8388608,flicker
8.0849,-8388608,flicker
8.0890,-2772060,flicker
8.0933,8388607,flicker
8.0976,8388607,flicker
8.1013,-8388608,flicker
8.1054,-8388608,flicker
8.1095,-3755098,flicker
8.1142,8388607,flicker
8.1177,8388607,flicker
8.1218,-8388608,flicker
8.1259,-8388608,flicker
8.1305,-4518560,flicker
8.1341,8388607,flicker
8.1382,8388607,flicker
8.1423,-8388608,flicker
8.1471,-8388608,flicker
8.1505,-5457615,flicker
8.1546,8388607,flicker
8.1587,8388607,flicker
8.1595,-,flicker
8.1633,8388608,flicker
8.1649,-,flicker
8.1669,8388608,flicker
8.1679,-626,flicker
8.1709,5190,flicker
8.1724,838860,flicker
8.1753,7,flicker
8.1754,8388607,flicker
8.1793,8864,flicker
8.1835,-8388608,flicker
8.1880,-7050151,flicker
8.1921,8388607,flicker
8.1972,3,flicker
8.2008,-7530496,flicker
8.2040,-8388608,flicker
8.2080,-7839537,flicker
8.2137,3860,flicker
8.2167,8388607,flicker
8.2204,-6774069,flicker
8.2245,-8388608,flicker
8.2284,8380,flicker
8.2332,8388607,flicker
8.2371,8388607,flicker
8.2406,-5943636,flicker
8.2448,83808,flicker
8.2502,-8388608,flicker
8.2531,8388607,flicker
8.2569,8388607,flicker
8.2614,-423,flicker
8.2655,-8388608,flicker
8.2692,-8388608,flicker
8.2733,8388607,flicker
8.2775,8388607,flicker
8.2816,-3924327,flicker
8.2827,-,flicker
8.2856,8388608,flicker
8.2870,-,flicker
8.2897,8388608,flicker
8.2938,8388607,flicker
8.2954,838,flicker
8.2979,8607,flicker
8.2991,-269235,flicker
8.3020,4,flicker
8.3021,-8388608,flicker
8.3061,-8388608,flicker
8.3105,8388607,flicker
8.3146,8388607,flicker
8.3185,-1484910,flicker
8.3225,-8388608,flicker
8.3268,-8388608,flicker
8.3307,8089399,flicker
8.3348,8388607,flicker
8.3389,-250039,flicker
8.3433,-8388608,flicker
8.3477,-8388608,flicker
8.3512,7486371,flicker
8.3552,8388607,flicker
8.3594,875410,flicker
8.3639,-8388608,flicker
8.3676,-8388608,flicker
8.3716,6812427,flicker
8.3758,8388607,flicker
8.3804,2039887,flicker
8.3843,-8388608,flicker
8.3880,-8388608,flicker
8.3922,6085028,flicker
8.3963,386,flicker
8.4005,3411390,flicker
8.4045,-8388608,flicker
8.4086,-8388608,flicker
8.4129,5296187,flicker
8.4171,8388607,flicker
8.4208,4437641,flicker
8.4220,-838,flicker
8.4250,8608,flicker
8.4267,-83886,flicker
8.4297,08,flicker
8.4315,4296528,flicker
8.4331,8388607,flicker
8.4372,5389119,flicker
8.4413,-8388608,flicker
8.4454,8388608,flicker
8.4497,3196106,flicker
8.4536,8388607,flicker
8.4576,6242449,flicker
8.4631,-8388608,flicker
8.4659,-8388608,flicker
8.4699,1933727,flicker
8.4740,8388607,flicker
8.4800,034,flicker
8.4833,-8388608,flicker
8.4865,-8388608,flicker
8.4904,791007,flicker
8.4952,387,flicker
8.4988,7920285,flicker
8.5027,-8388608,flicker
8.5068,-8388608,flicker
8.5109,-444617,flicker
8.5150,8388607,flicker
8.5191,8388607,flicker
8.5232,-8388608,flicker
8.5273,-8388608,flicker
8.5314,-1666091,flicker
8.5355,8388607,flicker
8.5396,8388607,flicker
8.5410,-,flicker
8.5437,8388608,flicker
8.5446,-,flicker
8.5482,8388608,flicker
8.5494,-28,flicker
8.5519,56521,flicker
8.5531,83886,flicker
8.5559,07,flicker
8.5571,8388607,flicker
8.5602,-8388608,flicker
8.5647,-8388608,flicker
8.5683,-3815623,flicker
8.5723,8388607,flicker
8.5767,8388607,flicker
8.5810,-8388608,flicker
8.5849,-8388608,flicker
8.5887,-4634491,flicker
8.5931,8388607,flicker
8.5975,8388607,flicker
8.6010,-8388608,flicker
8.6051,-8388608,flicker
8.6096,-5513148,flicker
8.6139,8388607,flicker
8.6174,8388607,flicker
8.6215,-8388608,flicker
8.6256,-8388608,flicker
8.6301,-6315187,flicker
8.6338,8388607,flicker
8.6379,8388607,flicker
8.6420,-8207064,flicker
8.6462,8388608,flicker
8.6506,-7104955,flicker
8.6545,8388607,flicker
8.6585,8388607,flicker
8.6627,7424,flicker
8.6671,-8388608,flicker
8.7020,-,flicker
8.7042,7823691,flicker
8.7044,8388607,flicker
8.7065,8388607,flicker
8.7079,-6704991,flicker
8.7089,-8388608,flicker
8.7095,-8388608,flicker
8.7109,8388607,flicker
8.7110,8388607,flicker
8.7113,-5895098,flicker
8.7114,-8388608,flicker
8.7116,-8388608,flicker
8.7118,8388607,flicker
8.7159,8388607,flicker
8.7199,-4999255,flicker
8.7239,-8388608,flicker
8.7285,-8380,flicker
8.7324,8388607,flicker
8.7372,8388607,flicker
8.7404,-3954518,flicker
8.7445,-8388608,flicker
8.7491,-8388608,flicker
8.7526,8388607,flicker
8.7567,8388607,flicker
8.7609,-2827518,flicker
8.7656,-8388608,flicker
8.7689,-8388608,flicker
8.7730,8388607,flicker
8.7773,8388607,flicker
8.7824,-1409943,flicker
8.7855,-8388608,flicker
8.7895,-8388608,flicker
8.7936,8089399,flicker
8.7989,8388607,flicker
8.8000,-,flicker
8.8017,184715,flicker
8.8031,-83,flicker
8.8059,88608,flicker
8.8075,-8388,flicker
8.8101,608,flicker
8.8114,7470965,flicker
8.8143,8388607,flicker
8.8182,991690,flicker
8.8223,-8388608,flicker
8.8266,-8388608,flicker
8.8317,6747403,flicker
8.8345,8388607,flicker
8.8386,2271606,flicker
8.8428,-8388608,flicker
8.8482,-8388608,flicker
8.8509,6034336,flicker
8.8551,8388607,flicker
8.8591,3487078,flicker
8.8634,-8388608,flicker
8.8674,-8388608,flicker
8.8714,5133247,flicker
8.8755,8388607,flicker
8.8799,4577824,flicker
8.8837,-8388608,flicker
8.8878,-8388608,flicker
8.8920,4175658,flicker
8.8974,388607,flicker
8.9007,5491995,flicker
8.9052,-8388608,flicker
8.9082,-8388608,flicker
8.9132,3050750,flicker
8.9170,8388607,flicker
8.9218,32844-,flicker
8.9261,8388608,flicker
8.9277,-,flicker
8.9294,8388608,flicker
8.9306,17,flicker
8.9340,87885,flicker
8.9352,8388,flicker
8.9369,607,flicker
8.9380,74,flicker
8.9463,-8388608,flicker
8.9465,-8388608,flicker
8.9509,635824,flicker
8.9541,8607,flicker
8.9590,7958863,flicker
8.9616,-8388608,flicker
8.9667,-83868,flicker
8.9700,-645624,flicker
8.9744,8388607,flicker
8.9779,8388607,flicker
8.9823,-8388608,flicker
8.9861,-8388608,flicker
8.9902,-1755029,flicker
8.9943,8388607,flicker
8.9986,8388607,flicker
9.0028,-8388608,flicker
9.0065,-8388608,flicker
9.0106,-2936307,flicker
9.0157,8388607,flicker
9.0187,8388607,flicker
9.0228,-8388608,flicker
9.0270,-8388608,flicker
9.0321,-3837473,flicker
9.0352,8388607,flicker
9.0393,8388607,flicker
9.0435,-8388608,flicker
9.0487,-8388608,flicker
9.0503,-,flicker
9.0516,4626934,flicker
9.0556,8388607,flicker
9.0570,8,flicker
9.0599,388607,flicker
9.0616,-8388,flicker
9.0641,608,flicker
9.0666,-8388608,flicker
9.0680,-5513368,flicker
9.0720,8388607,flicker
9.0762,8388607,flicker
9.0807,-8388608,flicker
9.0843,-8388608,flicker
9.0884,-6315258,flicker
9.0925,8388607,flicker
9.0975,8388607,flicker
9.1009,-8162940,flicker
9.1048,-8388608,flicker
9.1089,-7233348,flicker
9.1135,8388607,flicker
9.1171,8388607,flicker
9.1212,-7456956,flicker
9.1253,-8388608,flicker
9.1296,7894,flicker
9.1363,8388607,flicker
9.1394,8388607,flicker
9.1419,-6598861,flicker
9.1472,830,flicker
9.1510,-8388608,flicker
9.1545,8388607,flicker
9.1581,8388607,flicker
9.1623,58,flicker
9.1671,-8388608,flicker
9.1716,-8388608,flicker
9.1747,8388607,flicker
9.1795,8867-,flicker
9.1834,4859122,flicker
9.1853,-8,flicker
9.1874,388608,flicker
9.1886,-8388,flicker
9.1908,608,flicker
9.1922,8388607,flicker
9.1962,8388607,flicker
9.1990,-3798896,flicker
9.2031,-8388608,flicker
9.2072,-8388608,flicker
9.2114,8388607,flicker
9.2157,8388607,flicker
9.2196,-2595773,flicker
9.2237,-8388608,flicker
9.2278,-8388608,flicker
9.2322,8388607,flicker
9.2360,8388607,flicker
9.2401,-1318925,flicker
9.2442,-8388608,flicker
9.2496,-8388608,flicker
9.2522,7957027,flicker
9.2563,8388607,flicker
9.2606,-62253,flicker
9.2654,-8388608,flicker
9.2687,-8388608,flicker
9.2728,7324583,flicker
9.2770,8388607,flicker
9.2820,1187182,flicker
9.2850,-8388608,flicker
9.2891,-8388608,flicker
9.2934,6639890,flicker
9.2982,8388607,flicker
9.3015,2406381,flicker
9.3027,-,flicker
9.3056,8388608,flicker
9.3066,-,flicker
9.3099,8388608,flicker
9.3110,5,flicker
9.3138,929201,flicker
9.3154,8388,flicker
9.3178,607,flicker
9.3194,3557376,flicker
9.3220,-8388608,flicker
9.3260,-8388608,flicker
9.3305,5013750,flicker
9.3346,8388607,flicker
9.3384,4663816,flicker
9.3424,-8388608,flicker
9.3471,-8388608,flicker
9.3507,4009495,flicker
9.3547,8388607,flicker
9.3588,5596577,flicker
9.3633,-8388608,flicker
9.3669,-8388608,flicker
9.3710,2846693,flicker
9.3753,8388607,flicker
9.3814,4,flicker
9.3845,-8388608,flicker
9.3889,-8388608,flicker
9.3915,1658594,flicker
9.3957,38607,flicker
9.4000,7275246,flicker
9.4038,-8388608,flicker
9.4079,-8388608,flicker
9.4138,1134,flicker
9.4185,8388607,flicker
9.4204,8067205,flicker
9.4243,-8388608,flicker
9.4305,8386,flicker
9.4325,789650,flicker
9.4377,8388607,flicker
9.4388,8,flicker
9.4411,388607,flicker
9.4433,-8388,flicker
9.4448,608,flicker
9.4456,-838860,flicker
9.4493,8,flicker
9.4495,-1971968,flicker
9.4530,8388607,flicker
9.4572,8388607,flicker
9.4622,-83880,flicker
9.4653,-8388608,flicker
9.4694,-3066314,flicker
9.4737,8388607,flicker
9.4779,8388607,flicker
9.4818,-8388608,flicker
9.4857,-8388608,flicker
9.4898,-3985916,flicker
9.4941,8388607,flicker
9.4980,8388607,flicker
9.5021,-8388608,flicker
9.5062,-8388608,flicker
9.5103,-4784942,flicker
9.5150,8388607,flicker
9.5187,8388607,flicker
9.5226,-8388608,flicker
9.5270,-8388608,flicker
9.5311,-5695371,flicker
9.5349,8388607,flicker
9.5389,8388607,flicker
9.5435,-8388608,flicker
9.5476,-8388608,flicker
9.5513,-6451558,flicker
9.5554,8388607,flicker
9.5597,8388607,flicker
9.5612,-,flicker
9.5647,8104108,flicker
9.5661,-,flicker
9.5677,8388608,flicker
9.5691,-727,flicker
9.5718,3112,flicker
9.5729,838860,flicker
9.5758,7,flicker
9.5759,8388607,flicker
9.5818,-7354000,flicker
9.5841,-8388608,flicker
9.5881,-7999961,flicker
9.5922,8388607,flicker
9.5966,8388607,flicker
9.6006,-6580081,flicker
9.6045,-8388608,flicker
9.6087,-8388608,flicker
9.6128,30,flicker
9.6182,8388607,flicker
9.6220,-5707624,flicker
9.6252,-8388608,flicker
9.6293,8808,flicker
9.6335,8388607,flicker
9.6381,8388607,flicker
9.6413,-4747528,flicker
9.6471,8308,flicker
9.6506,-8388608,flicker
9.6539,8388607,flicker
9.6577,8388607,flicker
9.6633,361,flicker
9.6663,-8388608,flicker
9.6700,-8388608,flicker
9.6741,8388607,flicker
9.6784,3886,flicker
9.6828,-2431755,flicker
9.6841,-,flicker
9.6866,8388608,flicker
9.6879,-,flicker
9.6906,8388608,flicker
9.6963,8860788,flicker
9.6990,607,flicker
9.7008,-121307,flicker
9.7030,9,flicker
9.7031,-8388608,flicker
9.7069,-8388608,flicker
9.7110,7957027,flicker
9.7157,8388607,flicker
9.7192,-19938,flicker
9.7232,-8388608,flicker
9.7296,-3608,flicker
9.7330,7311636,flicker
9.7365,8388607,flicker
9.7396,1227534,flicker
9.7438,-8388608,flicker
9.7491,-8388608,flicker
9.7520,6591142,flicker
9.7560,8388607,flicker
9.7602,2381879,flicker
9.7656,-8388608,flicker
9.7683,-8388608,flicker
9.7724,5845127,flicker
9.7768,8388607,flicker
9.7809,3633365,flicker
9.7847,-8388608,flicker
9.7888,-8388608,flicker
9.7932,5036652,flicker
9.7978,8388607,flicker
9.8011,4628013,flicker
9.8052,-8388608,flicker
9.8094,-8388608,flicker
9.8145,4037640,flicker
9.8175,8388607,flicker
9.8216,5626676,flicker
9.8225,-838,flicker
9.8257,8608,flicker
9.8271,-838860,flicker
9.8300,8,flicker
9.8306,2931359,flicker
9.8339,8388607,flicker
9.8380,6481349,flicker
9.8421,-8388608,flicker
9.8480,8388,flicker
9.8520,1650121,flicker
9.8546,8388607,flicker
9.8585,7280955,flicker
9.8627,-8388608,flicker
9.8668,-8388608,flicker
9.8707,490189,flicker
9.8748,8388607,flicker
9.8789,101535,flicker
9.8834,-8388608,flicker
9.8875,-8388608,flicker
9.8912,-788127,flicker
9.8968,388607,flicker
9.9004,8388607,flicker
9.9035,-8388608,flicker
9.9076,-8388608,flicker
9.9119,203,flicker
9.9162,8388607,flicker
9.9202,8388607,flicker
9.9240,-8388608,flicker
9.9284,380,flicker
9.9334,-3096097,flicker
9.9367,8388607,flicker
9.9403,8388607,flicker
9.9415,-,flicker
9.9445,8388608,flicker
9.9461,-,flicker
9.9491,8388608,flicker
9.9506,-400,flicker
9.9527,3019,flicker
9.9539,838860,flicker
9.9567,7,flicker
9.9568,8388607,flicker
9.9609,-8388608,flicker
9.9653,-8388608,flicker
9.9690,-4850799,flicker
9.9731,8388607,flicker
9.9773,8388607,flicker
9.9823,-8388608,flicker
9.9855,-8388608,flicker
9.9896,-5714136,flicker
9.9936,8388607,flicker
9.9987,8388607,flicker
10.0018,-8388608,flicker
10.0059,-8388608,flicker
10.0103,-6529365,flicker
10.0147,8388607,flicker
10.0182,8388607,flicker
10.0223,-8059984,flicker
10.0266,-8388608,flicker
10.0315,-7316387,flicker
10.0346,8388607,flicker
10.0387,8388607,flicker
10.0429,-7295168,flicker
10.0474,-8388608,flicker
10.0510,-8041577,flicker
10.0554,8388607,flicker
10.0591,8388607,flicker
10.0635,-6561189,flicker
10.0673,-8388608,flicker
10.0683,-,flicker
10.0714,8388608,flicker
10.0756,8388607,flicker
10.0772,838,flicker
10.0803,8607,flicker
10.0817,-568320,flicker
10.0837,4,flicker
10.0848,-8388608,flicker
10.0879,-8388608,flicker
10.0919,8388607,flicker
10.0964,8388607,flicker
10.1001,-4719286,flicker
10.1042,-8388608,flicker
10.1087,-8388608,flicker
10.1124,388607,flicker
10.1175,8388607,flicker
10.1206,-3631905,flicker
10.1247,-8388608,flicker
10.1305,838860,flicker
10.1345,8388607,flicker
10.1370,8388607,flicker
10.1411,-2359427,flicker
10.1454,8608,flicker
10.1496,-8388608,flicker
10.1547,8388607,flicker
10.1575,8388607,flicker
10.1632,1946,flicker
10.1669,-8388608,flicker
10.1705,-8388608,flicker
10.1739,7898195,flicker
10.1790,8388607,flicker
10.1882,154245,flicker
10.1885,-8388608,flicker
10.1902,-8388608,flicker
10.1943,7244156,flicker
10.1989,8388607,flicker
10.2026,1324154,flicker
10.2040,-83,flicker
10.2066,88608,flicker
10.2077,-83886,flicker
10.2108,08,flicker
10.2127,6577816,flicker
10.2154,8388607,flicker
10.2189,2532498,flicker
10.2230,-8388608,flicker
10.2271,-8388608,flicker
10.2322,5797293,flicker
10.2353,8388607,flicker
10.2393,3720943,flicker
10.2435,-8388608,flicker
10.2487,-8388608,flicker
10.2516,4902694,flicker
10.2557,8388607,flicker
10.2601,4727318,flicker
10.2643,-8388608,flicker
10.2681,-8388608,flicker
10.2721,3876512,flicker
10.2764,8388607,flicker
10.2807,5724775,flicker
10.2849,-8388608,flicker
10.2885,-8388608,flicker
10.2927,2769390,flicker
10.2976,8388607,flicker
10.3008,6516803,flicker
10.3049,-8388608,flicker
10.3090,-8388608,flicker
10.3135,1604169,flicker
10.3178,8388607,flicker
10.3213,7336688,flicker
10.3227,-,flicker
10.3254,8388608,flicker
10.3260,-,flicker
10.3300,8388608,flicker
10.3317,353,flicker
10.3335,883,flicker
10.3340,83886,flicker
10.3377,07,flicker
10.3392,8140811,flicker
10.3419,-8388608,flicker
10.3460,838868,flicker
10.3504,-920633,flicker
10.3540,8388607,flicker
10.3592,8388607,flicker
10.3624,380,flicker
10.3674,-8388608,flicker
10.3710,-2172231,flicker
10.3746,8388607,flicker
10.3788,3887,flicker
10.3828,-8388608,flicker
10.3874,-8388608,flicker
10.3921,-3216239,flicker
10.3954,8387,flicker
10.3997,8388607,flicker
10.4034,-8388608,flicker
10.4076,-8388608,flicker
10.4115,-4136772,flicker
10.4161,8388607,flicker
10.4196,8388607,flicker
10.4237,-8388608,flicker
10.4278,-8388608,flicker
10.4327,-4911322,flicker
10.4359,8388607,flicker
10.4400,8388607,flicker
10.4442,-8388608,flicker
10.4488,-8388608,flicker
10.4500,-,flicker
10.4523,5760874,flicker
10.4564,8388607,flicker
10.4575,83,flicker
10.4606,88607,flicker
10.4623,-83886,flicker
10.4647,08,flicker
10.4660,-8388608,flicker
10.4688,-6622293,flicker
10.4728,8388607,flicker
10.4770,8388607,flicker
10.4812,-7957028,flicker
10.4852,-8388608,flicker
10.4893,-7384877,flicker
10.4935,8388607,flicker
10.4981,8388607,flicker
10.5015,-7221628,flicker
10.5056,-8388608,flicker
10.5100,-8118527,flicker
10.5148,8388607,flicker
10.5179,8388607,flicker
10.5219,-6368148,flicker
10.5261,-8388608,flicker
10.5306,-8388608,flicker
10.5343,8388607,flicker
10.5383,8388607,flicker
10.5425,-5552836,flicker
10.5470,-8388608,flicker
10.5507,-8388608,flicker
10.5548,8388607,flicker
10.5589,8388607,flicker
10.5631,406,flicker
10.5673,-8388608,flicker
10.5715,-8388608,flicker
10.5753,8388607,flicker
10.5806,388607-,flicker
10.5847,3506222,flicker
10.5867,-83,flicker
10.5886,88608,flicker
10.5898,-83886,flicker
10.5916,08,flicker
10.5925,8388607,flicker
10.5961,8388607,flicker
10.5998,-2284463,flicker
10.6039,-8388608,flicker
10.6080,-8388608,flicker
10.6124,8388607,flicker
10.6162,8388607,flicker
10.6202,-1018861,flicker
10.6244,-8388608,flicker
10.6286,83886,flicker
10.6327,7942319,flicker
10.6372,8388607,flicker
10.6408,217793,flicker
10.6462,838,flicker
10.6496,-8388608,flicker
10.6532,7196160,flicker
10.6571,8388607,flicker
10.6613,1414400,flicker
10.6659,-8388608,flicker
10.6694,-8388608,flicker
10.6736,6528813,flicker
10.6777,8388607,flicker
10.6827,2683396,flicker
10.6858,-8388608,flicker
10.6899,-8388608,flicker
10.6940,5762279,flicker
10.6989,8388607,flicker
10.7022,3824882,flicker
10.7035,-,flicker
10.7063,8388608,flicker
10.7074,-,flicker
10.7104,8388608,flicker
10.7117,48,flicker
10.7146,18428,flicker
10.7163,83886,flicker
10.7186,07,flicker
10.7197,4828546,flicker
10.7227,-8388608,flicker
10.7269,-8388608,flicker
10.7311,3810514,flicker
10.7350,8388607,flicker
10.7390,5734375,flicker
10.7436,-8388608,flicker
10.7478,-8388608,flicker
10.7513,2643237,flicker
10.7554,8388607,flicker
10.7597,6550227,flicker
10.7650,-8388608,flicker
10.7678,-8388608,flicker
10.7718,1437710,flicker
10.7760,8388607,flicker
10.7802,7443038,flicker
10.7841,-8388608,flicker
10.7882,-8388608,flicker
10.7923,219681,flicker
10.7968,8388607,flicker
10.8005,8175153,flicker
10.8046,-8388608,flicker
10.8087,-8388608,flicker
10.8129,-903491,flicker
10.8175,8388607,flicker
10.8210,8388607,flicker
10.8252,-8388608,flicker
10.8299,-8388608,flicker
10.8312,-,flicker
10.8333,2120799,flicker
10.8374,8388607,flicker
10.8384,8,flicker
10.8418,388607,flicker
10.8437,-8388,flicker
10.8456,08,flicker
10.8470,-880,flicker
10.8503,-3194065,flicker
10.8549,8388607,flicker
10.8587,8388607,flicker
10.8621,838,flicker
10.8665,-8388608,flicker
10.8720,-4079983,flicker
10.8742,8388607,flicker
10.8802,886,flicker
10.8840,-8388608,flicker
10.8883,-8388608,flicker
10.8908,-4939376,flicker
10.8965,88,flicker
10.8994,8388607,flicker
10.9030,-8388608,flicker
10.9071,-8388608,flicker
10.9114,-578027,flicker
10.9154,8388607,flicker
10.9195,8388607,flicker
10.9234,-8388608,flicker
10.9275,-8388608,flicker
10.9323,-6618418,flicker
10.9356,8388607,flicker
10.9397,8388607,flicker
10.9439,-7912904,flicker
10.9480,-8388608,flicker
10.9521,-7406813,flicker
10.9561,8388607,flicker
10.9603,8388607,flicker
10.9614,-,flicker
10.9648,7221628,flicker
10.9660,-8,flicker
10.9685,388608,flicker
10.9699,-8129,flicker
10.9725,189,flicker
10.9737,8388607,flicker
10.9768,8388607,flicker
10.9811,-6370108,flicker
10.9848,-8388608,flicker
10.9889,-8388608,flicker
10.9933,8388607,flicker
10.9976,8388607,flicker
11.0012,-5540787,flicker
11.0053,-8388608,flicker
11.0094,-8388608,flicker
11.0138,8388607,flicker
11.0178,8388607,flicker
11.0217,-4582303,flicker
11.0258,-8388608,flicker
11.0309,-8388608,flicker
11.0339,8388607,flicker
11.0380,8388607,flicker
11.0427,-3390957,flicker
11.0466,-8388608,flicker
11.0506,-8388608,flicker
11.0544,8388607,flicker
11.0588,8388607,flicker
11.0630,-2274824,flicker
11.0667,-8388608,flicker
11.0708,-8388608,flicker
11.0753,8383559,flicker
11.0790,388607,flicker
11.0838,-893670,flicker
11.0853,-,flicker
11.0877,8388608,flicker
11.0889,-,flicker
11.0913,8388608,flicker
11.0927,7,flicker
11.0956,336,flicker
11.0974,8,flicker
11.1001,607,flicker
11.1005,286344,flicker
11.1036,-8388608,flicker
11.1077,-8388608,flicker
11.1135,12615,flicker
11.1187,8388607,flicker
11.1201,1513398,flicker
11.1246,-8388608,flicker
11.1286,-386,flicker
11.1326,6449032,flicker
11.1374,8388607,flicker
11.1407,2788537,flicker
11.1463,-83860,flicker
11.1493,-8388608,flicker
11.1528,5681444,flicker
11.1568,8388607,flicker
11.1610,3914357,flicker
11.1651,-8388608,flicker
11.1691,-8388608,flicker
11.1732,4798093,flicker
11.1774,8388607,flicker
11.1818,4932671,flicker
11.1855,-8388608,flicker
11.1896,-8388608,flicker
11.1937,3792835,flicker
11.1985,8388607,flicker
11.2019,5823638,flicker
11.2060,-8388608,flicker
11.2102,-8388608,flicker
11.2153,2589086,flicker
11.2183,8388607,flicker
11.2194,6,flicker
11.2224,589608,flicker
11.2238,-8388,flicker
11.2269,608,flicker
11.2286,-8388608,flicker
11.2312,1373397,flicker
11.2347,8388607,flicker
11.2388,7469291,flicker
11.2430,-8388608,flicker
11.2480,-8388608,flicker
11.2514,189981,flicker
11.2551,8388607,flicker
11.2595,8162772,flicker
11.2638,-8388608,flicker
11.2674,-8388608,flicker
11.2715,-997718,flicker
11.2756,8388607,flicker
11.2800,8388607,flicker
11.2838,-8388608,flicker
11.2879,-8388608,flicker
11.2920,-2209646,flicker
11.2962,3867,flicker
11.3017,8388607,flicker
11.3043,-8388608,flicker
11.3084,-8388608,flicker
11.3141,321,flicker
11.3179,8388607,flicker
11.3208,8388607,flicker
11.3248,-8388608,flicker
11.3304,888,flicker
11.3337,-4214075,flicker
11.3382,8388607,flicker
11.3413,8388607,flicker
11.3432,-,flicker
11.3473,360-,flicker
11.3504,88608,flicker
11.3534,-5034,flicker
11.3536,439,flicker
11.3547,8388607,flicker
11.3577,8388607,flicker
11.3632,-08,flicker
11.3661,-8388608,flicker
11.3699,-5819156,flicker
11.3740,8388607,flicker
11.3783,838807,flicker
11.3825,-8388608,flicker
11.3874,-8388608,flicker
11.3903,-6674228,flicker
11.3965,8380,flicker
11.3992,8388607,flicker
11.4027,-7927612,flicker
11.4068,-8388608,flicker
11.4109,-7480834,flicker
11.4152,8388607,flicker
11.4190,8388607,flicker
11.4231,-7172168,flicker
11.4272,-8388608,flicker
11.4323,-8167552,flicker
11.4353,8388607,flicker
11.4394,8388607,flicker
11.4437,-6327496,flicker
11.4483,-8388608,flicker
11.4517,-8388608,flicker
11.4558,8388607,flicker
11.4601,8388607,flicker
11.4643,-5516538,flicker
11.4660,-,flicker
11.4682,8388608,flicker
11.4696,-,flicker
11.4724,8388608,flicker
11.4736,8,flicker
11.4765,388607,flicker
11.4781,8388,flicker
11.4811,607,flicker
11.4831,-449066,flicker
11.4845,4,flicker
11.4846,-8388608,flicker
11.4886,-8388608,flicker
11.4928,8388607,flicker
11.4971,8388607,flicker
11.5010,-3423363,flicker
11.5051,-8388608,flicker
11.5091,-8388608,flicker
11.5136,8388607,flicker
11.5174,8388607,flicker
11.5214,-2227206,flicker
11.5255,-8388608,flicker
11.5315,-8388608,flicker
11.5337,8368851,flicker
11.5378,8388607,flicker
11.5419,-880851,flicker
11.5504,-8388608,flicker
11.5543,7809947,flicker
11.5584,8388607,flicker
11.5623,48589,flicker
11.5667,-8388608,flicker
11.5711,-8388608,flicker
11.5746,7154063,flicker
11.5789,388607,flicker
11.5835,1531166,flicker
11.5874,-8388608,flicker
11.5910,-8388608,flicker
11.5968,4325,flicker
11.6005,8388607,flicker
11.6045,2688929,flicker
11.6056,-838,flicker
11.6074,8608,flicker
11.6087,-838860,flicker
11.6122,984,flicker
11.6156,8388607,flicker
11.6198,3840936,flicker
11.6237,-8388608,flicker
11.6298,-8880,flicker
11.6331,4783958,flicker
11.6366,8388607,flicker
11.6402,4923442,flicker
11.6443,-8388608,flicker
11.6493,-8388608,flicker
11.6524,3831161,flicker
11.6565,8388607,flicker
11.6607,5725940,flicker
11.6647,-8388608,flicker
11.6690,-8388608,flicker
11.6730,2640828,flicker
11.6772,8388607,flicker
11.6819,6630146,flicker
11.6852,-8388608,flicker
11.6894,-8388608,flicker
11.6935,1423302,flicker
11.6983,8388607,flicker
11.7016,7449251,flicker
11.7058,-8388608,flicker
11.7100,-8388608,flicker
11.7142,178359,flicker
11.7180,8388607,flicker
11.7221,8188661,flicker
11.7234,-,flicker
11.7262,8388608,flicker
11.7266,-,flicker
11.7309,8388608,flicker
11.7329,-9656,flicker
11.7344,31,flicker
11.7356,838860,flicker
11.7384,7,flicker
11.7385,8388607,flicker
11.7426,-8388608,flicker
11.7475,-8388608,flicker
11.7507,-2259961,flicker
11.7549,8388607,flicker
11.7590,8388607,flicker
11.7634,-8388608,flicker
11.7675,-8388608,flicker
11.7712,-3281465,flicker
11.7754,8388607,flicker
11.7797,8388607,flicker
11.7835,-8388608,flicker
11.7877,-8388608,flicker
11.7918,-4150834,flicker
11.7974,3867,flicker
11.8026,8388607,flicker
11.8040,-8388608,flicker
11.8080,-8388608,flicker
11.8124,498163,flicker
11.8174,8388607,flicker
11.8213,8388607,flicker
11.8245,-8388608,flicker
11.8305,838868,flicker
11.8336,-5791650,flicker
11.8374,8388607,flicker
11.8409,8388607,flicker
11.8466,838868,flicker
11.8491,-8388608,flicker
11.8508,-,flicker
11.8531,6649217,flicker
11.8573,8388607,flicker
11.8586,838,flicker
11.8615,60,flicker
11.8628,790,flicker
11.8655,8,flicker
11.8673,-8388608,flicker
11.8696,-7393852,flicker
11.8736,8388607,flicker
11.8778,8388607,flicker
11.8821,-7155150,flicker
11.8859,-8388608,flicker
11.8900,-8124787,flicker
11.8941,8388607,flicker
11.8991,8388607,flicker
11.9023,-6328723,flicker
11.9063,-8388608,flicker
11.9105,-8388608,flicker
11.9159,8388607,flicker
11.9186,8388607,flicker
11.9227,-5487959,flicker
11.9269,-8388608,flicker
11.9314,-8388608,flicker
11.9351,8388607,flicker
11.9392,8388607,flicker
11.9434,-4472848,flicker
11.9482,-8388608,flicker
11.9515,-8388608,flicker
11.9556,8388607,flicker
11.9598,8388607,flicker
11.9647,-3401686,flicker
11.9678,-8388608,flicker
11.9719,-8388608,flicker
11.9761,8388607,flicker
11.9805,8388607,flicker
11.9821,-,flicker
11.9842,2184885,flicker
11.9853,-838,flicker
11.9883,8608,flicker
11.9893,-83886,flicker
11.9924,08,flicker
11.9938,8368851,flicker
11.9968,8388607,flicker
12.0006,-973377,flicker
12.0047,-8388608,flicker
12.0088,-8388608,flicker
12.0132,7795239,flicker
12.0177,8388607,flicker
12.0210,263901,flicker
12.0254,-8388608,flicker
12.0299,-8388608,flicker
12.0334,7252103,flicker
12.0374,8388607,flicker
12.0419,1439165,flicker
12.0468,83868,flicker
12.0504,-8388608,flicker
12.0538,6511135,flicker
12.0579,8388607,flicker
12.0633,6847,flicker
12.0663,-8388608,flicker
12.0702,-8388608,flicker
12.0743,5742296,flicker
12.0804,3807,flicker
12.0837,3899395,flicker
12.0871,-8388608,flicker
12.0907,-8388608,flicker
12.0955,426,flicker
12.0995,8388607,flicker
12.1035,4888456,flicker
12.1054,-,flicker
12.1071,8388608,flicker
12.1086,-,flicker
12.1129,8386833,flicker
12.1157,545,flicker
12.1175,83886,flicker
12.1203,07,flicker
12.1220,5800827,flicker
12.1235,-8388608,flicker
12.1277,-8388608,flicker
12.1319,2619366,flicker
12.1357,8388607,flicker
12.1398,6621938,flicker
12.1440,-8388608,flicker
12.1489,-8388608,flicker
12.1521,1356802,flicker
12.1562,8388607,flicker
12.1603,7461823,flicker
12.1647,-8388608,flicker
12.1686,-8388608,flicker
12.1726,225387,flicker
12.1768,8388607,flicker
12.1815,8218240,flicker
12.1849,-8388608,flicker
12.1890,-8388608,flicker
12.1933,-1053556,flicker
12.1978,8388607,flicker
12.2013,8388607,flicker
12.2054,-8388608,flicker
12.2095,-8388608,flicker
12.2140,-2294865,flicker
12.2177,8388607,flicker
12.2217,8388607,flicker
12.2261,-8388608,flicker
12.2305,-8388608,flicker
12.2323,-,flicker
12.2340,3252814,flicker
12.2381,8388607,flicker
12.2395,83,flicker
12.2423,88607,flicker
12.2442,-83886,flicker
12.2463,8,flicker
12.2480,-838868,flicker
12.2512,-4205957,flicker
12.2546,8388607,flicker
12.2586,8388607,flicker
12.2638,-8388608,flicker
12.2668,-8388608,flicker
12.2709,-4966413,flicker
12.2752,8388607,flicker
12.2807,388607,flicker
12.2839,-8388608,flicker
12.2876,-8388608,flicker
12.2914,-5794640,flicker
12.2956,3867,flicker
12.2998,8388607,flicker
12.3039,-8388608,flicker
12.3078,-8388608,flicker
12.3131,66055,flicker
12.3171,8388607,flicker
12.3203,8388607,flicker
12.3242,-7942320,flicker
12.3288,386,flicker
12.3328,-7365963,flicker
12.3369,8388607,flicker
12.3406,8388607,flicker
12.3469,-733,flicker
12.3500,-8388608,flicker
12.3530,-8194654,flicker
12.3569,8388607,flicker
12.3611,8388607,flicker
12.3625,-,flicker
12.3652,6379039,flicker
12.3663,-83,flicker
12.3697,88608,flicker
12.3709,-83886,flicker
12.3733,08,flicker
12.3746,8388607,flicker
12.3775,8388607,flicker
12.3820,-5526579,flicker
12.3856,-8388608,flicker
12.3897,-8388608,flicker
12.3938,8388607,flicker
12.3984,8388607,flicker
12.4020,-4589585,flicker
12.4061,-8388608,flicker
12.4103,-8388608,flicker
12.4151,8388607,flicker
12.4183,8388607,flicker
12.4225,-3425818,flicker
12.4267,-8388608,flicker
12.4316,-8388608,flicker
12.4347,8388607,flicker
12.4388,8388607,flicker
12.4433,-2155259,flicker
12.4479,-8388608,flicker
12.4511,-8388608,flicker
12.4552,8388607,flicker
12.4596,8388607,flicker
12.4642,-970201,flicker
12.4676,-8388608,flicker
12.4716,-8388608,flicker
12.4758,7854071,flicker
12.4802,8388607,flicker
12.4841,289172,flicker
12.4855,-,flicker
12.4880,8388608,flicker
12.4893,-,flicker
12.4921,8388608,flicker
12.4937,71,flicker
12.4965,50103,flicker
12.4982,8388,flicker
12.5003,607,flicker
12.5016,1470455,flicker
12.5044,-8388608,flicker
12.5086,-8388608,flicker
12.5126,457503,flicker
12.5170,8388607,flicker
12.5208,2742687,flicker
12.5251,-8388608,flicker
12.5308,8380,flicker
12.5334,5723480,flicker
12.5371,8388607,flicker
12.5412,3919225,flicker
12.5468,-8388608,flicker
12.5495,-8388608,flicker
12.5535,4803158,flicker
12.5576,8388607,flicker
12.5619,61,flicker
12.5661,-8388608,flicker
12.5708,-8388608,flicker
12.5740,3783747,flicker
12.5782,38,flicker
12.5825,5795456,flicker
12.5881,-8388608,flicker
12.5904,-8388608,flicker
12.5948,2626540,flicker
12.5989,8388607,flicker
12.6027,6568792,flicker
12.6068,-8388608,flicker
12.6111,-8388608,flicker
12.6152,1475173,flicker
12.6190,8388607,flicker
12.6205,7,flicker
12.6232,419955,flicker
12.6243,-8388,flicker
12.6273,608,flicker
12.6288,-8388608,flicker
12.6314,264087,flicker
12.6354,8388607,flicker
12.6396,8175140,flicker
12.6437,-8388608,flicker
12.6479,-8388608,flicker
12.6518,-977545,flicker
12.6559,8388607,flicker
12.6602,8388607,flicker
12.6652,-8388608,flicker
12.6682,-8388608,flicker
12.6723,-2146872,flicker
12.6766,8388607,flicker
12.6813,8388607,flicker
12.6846,-8388608,flicker
12.6887,-8388608,flicker
12.6931,-3177258,flicker
12.6970,8388607,flicker
12.7010,8388607,flicker
12.7051,-8388608,flicker
12.7092,-8388608,flicker
12.7140,-4107465,flicker
12.7173,8388607,flicker
12.7214,8388607,flicker
12.7256,-8388608,flicker
12.7307,-8388608,flicker
12.7337,-4906124,flicker
12.7378,8388607,flicker
12.7420,8388607,flicker
12.7434,-,flicker
12.7465,8388608,flicker
12.7480,-8,flicker
12.7502,388608,flicker
12.7514,-5813,flicker
12.7543,204,flicker
12.7556,8388607,flicker
12.7585,8388607,flicker
12.7642,838,flicker
12.7667,-8388608,flicker
12.7706,-6580760,flicker
12.7747,8388607,flicker
12.7803,360,flicker
12.7830,-7957028,flicker
12.7870,-8388608,flicker
12.7911,-7376260,flicker
12.7974,386,flicker
12.8007,8388607,flicker
12.8036,-7265752,flicker
12.8075,-8388608,flicker
12.8128,1979,flicker
12.8165,8388607,flicker
12.8205,8388607,flicker
12.8239,-6436329,flicker
12.8289,-8386,flicker
12.8333,-8388608,flicker
12.8368,8388607,flicker
12.8402,8388607,flicker
12.8444,-5585731,flicker
12.8485,-8388608,flicker
12.8526,-8388608,flicker
12.8566,8388607,flicker
12.8608,8388607,flicker
12.8652,-4649044,flicker
12.8669,-,flicker
12.8689,8388608,flicker
12.8699,-,flicker
12.8730,8388608,flicker
12.8744,8,flicker
12.8771,388607,flicker
12.8781,8388,flicker
12.8816,607,flicker
12.8834,-3462548,flicker
12.8854,-8388608,flicker
12.8894,-8388608,flicker
12.8937,8388607,flicker
12.8978,8388607,flicker
12.9017,-2294928,flicker
12.9058,-8388608,flicker
12.9102,-8388608,flicker
12.9148,8388607,flicker
12.9180,8388607,flicker
12.9221,-990957,flicker
12.9265,-8388608,flicker
12.9316,-8388608,flicker
12.9345,7868779,flicker
12.9386,8388607,flicker
12.9427,120141,flicker
12.9477,-8388608,flicker
12.9509,-8388608,flicker
12.9550,7206858,flicker
12.9590,8388607,flicker
12.9635,1414867,flicker
12.9673,-8388608,flicker
12.9714,-8388608,flicker
12.9754,6522604,flicker
12.9817,388607,flicker
12.9864,2665826,flicker
12.9881,-8388608,flicker
12.9919,-8388608,flicker
12.9961,732,flicker
13.0024,8388607,flicker
13.0044,3,flicker
13.0052,793332,flicker
13.0066,-8388,flicker
13.0083,608,flicker
13.0103,-838860,flicker
13.0124,8,flicker
13.0125,486130,flicker
13.0164,8388607,flicker
13.0204,4815723,flicker
13.0245,-8388608,flicker
13.0289,838868,rest
13.0338,3832350,rest
13.0374,8388607,rest
13.0412,5712259,rest
13.0451,-8388608,rest
13.0498,-8388608,rest
13.0532,2663685,rest
13.0573,8388607,rest
13.0617,6563247,rest
13.0656,-8388608,rest
13.0696,-8388608,rest
13.0737,1555175,rest
13.0780,860,rest
13.0821,7383909,rest
13.0860,-8388608,rest
13.0901,-8388608,rest
13.0943,268005,rest
13.0987,8388607,rest
13.1023,8122861,rest
13.1064,-8388608,rest
13.1106,-8388608,rest
13.1150,-878461,rest
13.1188,8388607,rest
13.1228,8388607,rest
13.1240,-,rest
13.1271,8388608,rest
13.1291,-,rest
13.1312,8388608,rest
13.1324,-210,rest
13.1351,9842,rest
13.1363,838860,rest
13.1392,7,rest
13.1393,8388607,rest
13.1435,-8388608,rest
13.1480,-8388608,rest
13.1516,-3210699,rest
13.1556,8388607,rest
13.1598,8388607,rest
13.1649,-8388608,rest
13.1680,-8388608,rest
13.1721,-4088925,rest
13.1763,8388607,rest
13.1811,8388607,rest
13.1844,-8388608,rest
13.1885,-8388608,rest
13.1925,-4916417,rest
13.1972,8388607,rest
13.2007,8388607,rest
13.2049,-8388608,rest
13.2089,-8388608,rest
13.2131,57695,rest
13.2172,8388607,rest
13.2215,8388607,rest
13.2253,-8388608,rest
13.2295,838,rest
13.2337,-6550365,rest
13.2378,8388607,rest
13.2416,8388607,rest
13.2459,-8059984,rest
13.2471,-,rest
13.2503,8388608,rest
13.2511,-,rest
13.2539,7366536,rest
13.2580,8388607,rest
13.2594,838,rest
13.2622,607,rest
13.2640,-728046,rest
13.2669,-8388608,rest
13.2706,-8065305,rest
13.2745,8388607,rest
13.2787,38867,rest
13.2856,-6452101,rest
13.2868,-8388608,rest
13.2909,-8388608,rest
13.2951,860,rest
13.2996,8388607,rest
13.3034,-5634022,rest
13.3073,-8388608,rest
13.3114,-8388608,rest
13.3154,8388607,rest
13.3198,8388607,rest
13.3237,-4629625,rest
13.3277,-8388608,rest
13.3317,-8388608,rest
13.3359,8388607,rest
13.3400,8388607,rest
13.3441,-3597618,rest
13.3483,-8388608,rest
13.3522,-8388608,rest
13.3564,8388607,rest
13.3606,8388607,rest
13.3651,-2341665,rest
13.3687,-8388608,rest
13.3728,-8388608,rest
13.3769,8388607,rest
13.3821,8388607,rest
13.3831,-,rest
13.3850,1045944,rest
13.3863,-838,rest
13.3891,8608,rest
13.3908,-838860,rest
13.3933,8,rest
13.3934,7883487,rest
13.3982,8388607,rest
13.4015,7495,rest
13.4056,-8388608,rest
13.4096,-8388608,rest
13.4145,7236645,rest
13.4179,8388607,rest
13.4218,1316080,rest
13.4260,-8388608,rest
13.4305,-8388608,rest
13.4342,6556587,rest
13.4383,8388607,rest
13.4425,2468943,rest
13.4478,-8388608,rest
13.4507,-8388608,rest
13.4547,5831406,rest
13.4587,8388607,rest
13.4629,3,rest
13.4633,36272,rest
13.4670,-8388608,rest
13.4711,-8388608,rest
13.4752,5021987,rest
13.4808,8,rest
13.4840,4679673,rest
13.4880,-8388608,rest
13.4918,-8388608,rest
13.4957,973252,rest
13.5002,8388607,rest
13.5038,5559811,rest
13.5051,-,rest
13.5079,8388608,rest
13.5088,-,rest
13.5141,3886828,rest
13.5169,71652,rest
13.5189,83886,rest
13.5201,07,rest
13.5214,6450354,rest
13.5243,-8388608,rest
13.5302,83868,rest
13.5334,1670685,rest
13.5372,8388607,rest
13.5407,7202454,rest
13.5451,-380,rest
13.5497,-8388608,rest
13.5534,485775,rest
13.5570,8388607,rest
13.5614,8021280,rest
13.5652,-8388608,rest
13.5694,-8388608,rest
13.5735,-705362,rest
13.5776,8388607,rest
13.5818,8388607,rest
13.5858,-8388608,rest
13.5898,-8388608,rest
13.5940,-1963567,rest
13.5989,8388607,rest
13.6022,8388607,rest
13.6062,-8388608,rest
13.6104,-8388608,rest
13.6154,-3090360,rest
13.6185,8388607,rest
13.6231,8388607,rest
13.6269,-8388608,rest
13.6310,-8388608,rest
13.6320,-,rest
13.6349,3975265,rest
13.6389,8388607,rest
13.6400,838,rest
13.6432,8607,rest
13.6447,-83886,rest
13.6477,08,rest
13.6491,-8388608,rest
13.6512,-4814551,rest
13.6553,8388607,rest
13.6599,8388607,rest
13.6638,-8388608,rest
13.6676,-8388608,rest
13.6717,-5610650,rest
13.6758,8388607,rest
13.6806,8388607,rest
13.6840,-8388608,rest
13.6881,-8388608,rest
13.6922,-6454771,rest
13.6966,8388607,rest
13.7003,8388607,rest
13.7044,-8118816,rest
13.7086,-8388608,rest
13.7141,72,rest
13.7181,8388607,rest
13.7211,8388607,rest
13.7251,-7398124,rest
13.7291,836,rest
13.7342,-7976960,rest
13.7380,8388607,rest
13.7419,8388607,rest
13.7456,660306,rest
13.7507,-8388608,rest
13.7538,-8388608,rest
13.7586,8388607,rest
13.7619,8388607,rest
13.7632,-,rest
13.7664,5803723,rest
13.7678,-83,rest
13.7700,88608,rest
13.7715,-83886,rest
13.7741,08,rest
13.7753,8388607,rest
13.7787,8388607,rest
13.7823,-4810588,rest
13.7864,-8388608,rest
13.7905,-8388608,rest
13.7947,3880,rest
13.7997,8388607,rest
13.8039,-3783819,rest
13.8086,-8388608,rest
13.8110,-8388608,rest
13.8152,8388607,rest
13.8192,8388607,rest
13.8233,-2583487,rest
13.8274,-8388608,rest
13.8321,-8388608,rest
13.8355,8388607,rest
13.8396,8388607,rest
13.8438,-1319208,rest
13.8483,-8388608,rest
13.8519,-8388608,rest
13.8560,7971735,rest
13.8602,8388607,rest
13.8647,-48971,rest
13.8683,-8388608,rest
13.8724,-8388608,rest
13.8767,7356568,rest
13.8809,8388607,rest
13.8847,1200310,rest
13.8863,-,rest
13.8888,8388608,rest
13.8902,-,rest
13.8931,8388608,rest
13.8945,66,rest
13.8978,56426,rest
13.8989,83886,rest
13.9010,07,rest
13.9022,2303598,rest
13.9052,-8388608,rest
13.9093,-8388608,rest
13.9146,5925499,rest
13.9175,8388607,rest
13.9216,3594528,rest
13.9256,-8388608,rest
13.9304,-8388608,rest
13.9338,5010186,rest
13.9379,8388607,rest
13.9420,4603848,rest
13.9463,-8388608,rest
13.9502,-8388608,rest
13.9543,4056821,rest
13.9586,8388607,rest
13.9645,56,rest
13.9668,-8388608,rest
13.9707,-8388608,rest
13.9748,2966572,rest
13.9840,6356699,rest
13.9871,-8388608,rest
13.9912,-8388608,rest
13.9954,70,rest
13.9996,8388607,rest
14.0045,7158682,rest
14.0092,-8388608,rest
14.0118,860,rest
14.0161,625850,rest
14.0200,8388607,rest
14.0215,79,rest
14.0240,78543,rest
14.0253,-83886,rest
14.0282,08,rest
14.0299,-8360,rest
14.0342,-614166,rest
14.0370,8388607,rest
14.0403,8388607,rest
14.0445,-8388608,rest
14.0490,-8388608,rest
14.0526,-1883523,rest
14.0567,8388607,rest
14.0610,8388607,rest
14.0656,-8388608,rest
14.0690,-8388608,rest
14.0731,-2984105,rest
14.0772,8388607,rest
14.0820,8388607,rest
14.0854,-8388608,rest
14.0895,-8388608,rest
14.0937,-3916964,rest
14.0983,8388607,rest
14.1018,8388607,rest
14.1059,-8388608,rest
14.1101,-8388608,rest
14.1150,-4673603,rest
14.1182,8388607,rest
14.1222,8388607,rest
14.1266,-8388608,rest
14.1315,-8388608,rest
14.1346,-5579082,rest
14.1386,8388607,rest
14.1427,8388607,rest
14.1443,-,rest
14.1470,8388608,rest
14.1476,-83,rest
14.1511,88608,rest
14.1524,-63998,rest
14.1550,76,rest
14.1562,8388607,rest
14.1592,8388607,rest
14.1636,-8118816,rest
14.1673,-8388608,rest
14.1714,-7249264,rest
14.1755,8388607,rest
14.1802,8388607,rest
14.1837,-7427540,rest
14.1878,-8388608,rest
14.1919,-7938846,rest
14.1965,8388607,rest
14.2008,8388607,rest
14.2041,-6643612,rest
14.2086,-8388608,rest
14.2125,83880,rest
14.2165,8388607,rest
14.2225,8388607,rest
14.2247,-5802417,rest
14.2305,388,rest
14.2337,-8388608,rest
14.2370,8388607,rest
14.2410,8388607,rest
14.2470,49511,rest
14.2497,-8388608,rest
14.2541,-8388608,rest
14.2574,8388607,rest
14.2618,8388607,rest
14.2665,-3850653,rest
14.2679,-,rest
14.2697,8388608,rest
14.2709,-,rest
14.2738,8388608,rest
14.2754,83,rest
14.2787,88678,rest
14.2832,607,rest
14.2848,-2599286,rest
14.2861,-8388608,rest
14.2902,-8388608,rest
14.2945,8388607,rest
14.2985,8388607,rest
14.3025,-1376164,rest
14.3066,-8388608,rest
14.3107,-8388608,rest
14.3147,8030567,rest
14.3188,8388607,rest
14.3229,-39250,rest
14.3270,-8388608,rest
14.3315,-8388608,rest
14.3353,7403277,rest
14.3393,8388607,rest
14.3437,1053108,rest
14.3487,-8388608,rest
14.3516,-8388608,rest
14.3557,6682450,rest
14.3599,8388607,rest
14.3644,2388399,rest
14.3680,-8388608,rest
14.3721,-8388608,rest
14.3762,5948037,rest
14.3806,8388607,rest
14.3844,3552514,rest
14.3885,-8388608,rest
14.3926,-8388608,rest
14.3971,5027554,rest
14.4008,8388607,rest
14.4019,45,rest
14.4049,89512,rest
14.4064,-8388,rest
14.4090,608,rest
14.4101,-8388608,rest
14.4138,4054656,rest
14.4172,8388607,rest
14.4212,5627953,rest
14.4254,-8388608,rest
14.4314,8380,rest
14.4339,2890277,rest
14.4387,8388607,rest
14.4420,6346728,rest
14.4477,886,rest
14.4510,-8388608,rest
14.4542,1660434,rest
14.4581,8388607,rest
14.4636,2481,rest
14.4665,-8388608,rest
14.4706,-8388608,rest
14.4745,469137,rest
14.4787,380,rest
14.4831,8060844,rest
14.4881,-8388608,rest
14.4909,-8388608,rest
14.4961,706,rest
14.4994,8388607,rest
14.5032,8388607,rest
14.5073,-8388608,rest
14.5117,88608,rest
14.5160,-1923440,rest
14.5206,8388607,rest
14.5241,8388607,rest
14.5254,-,rest
14.5294,88608-,rest
14.5319,8608,rest
14.5331,-2986,rest
14.5361,209,rest
14.5376,8388607,rest
14.5408,8388607,rest
14.5442,-8388608,rest
14.5489,-8388608,rest
14.5523,-3962038,rest
14.5564,8388607,rest
14.5607,8388607,rest
14.5653,-8388608,rest
14.5687,-8388608,rest
14.5728,-4727439,rest
14.5771,8388607,rest
14.5820,8388607,rest
14.5851,-8388608,rest
14.5892,-8388608,rest
14.5933,-5584763,rest
14.5978,8388607,rest
14.6014,8388607,rest
14.6055,-8388608,rest
14.6102,-8388608,rest
14.6143,-6386650,rest
14.6178,8388607,rest
14.6219,8388607,rest
14.6262,-8104108,rest
14.6308,-8388608,rest
14.6342,-7176119,rest
14.6383,8388607,rest
14.6424,8388607,rest
14.6470,-7456956,rest
14.6486,-,rest
14.6506,8388608,rest
14.6517,-,rest
14.6547,7904447,rest
14.6562,8,rest
14.6589,388607,rest
14.6603,8388,rest
14.6632,607,rest
14.6651,-663887,rest
14.6670,1,rest
14.6671,-8388608,rest
14.6711,-8388608,rest
14.6753,8388607,rest
14.6798,8388607,rest
14.6835,-5836762,rest
14.6875,-8388608,rest
14.6919,-8388608,rest
14.6958,3867,rest
14.7004,8388607,rest
14.7064,-4911189,rest
14.7080,-8388608,rest
14.7122,388,rest
14.7167,8388607,rest
14.7229,8388607,rest
14.7244,-3864460,rest
14.7287,8860,rest
14.7335,-8388608,rest
14.7374,8388607,rest
14.7407,8388607,rest
14.7473,-273635,rest
14.7500,-8388608,rest
14.7541,-8388608,rest
14.7580,8388607,rest
14.7612,8388607,rest
14.7658,-1431545,rest
14.7694,-8388608,rest
14.7735,-8388608,rest
14.7776,8045275,rest
14.7819,8388607,rest
14.7829,-14,rest
14.7858,1917,rest
14.7874,-8388,rest
14.7899,608,rest
14.7911,-838860,rest
14.7940,8,rest
14.7941,7434584,rest
14.7988,8388607,rest
14.8021,1004484,rest
14.8062,-8388608,rest
14.8104,-8388608,rest
14.8153,6747719,rest
14.8185,8388607,rest
14.8226,2226868,rest
14.8269,-8388608,rest
14.8312,-8388608,rest
14.8349,6025235,rest
14.8390,8388607,rest
14.8432,3433914,rest
14.8478,-8388608,rest
14.8513,-8388608,rest
14.8554,5147622,rest
14.8599,8388607,rest
14.8638,4491826,rest
14.8677,-8388608,rest
14.8718,-8388608,rest
14.8761,4198024,rest
14.8801,380,rest
14.8860,5473464,rest
14.8892,-8388608,rest
14.8923,-8388608,rest
14.8967,3134684,rest
14.9005,8388607,rest
14.9045,6242310,rest
14.9056,-,rest
14.9087,8388608,rest
14.9101,-,rest
14.9147,38819,rest
14.9171,397,rest
14.9185,838860,rest
14.9211,7,rest
14.9218,7099047,rest
14.9252,-8388608,rest
14.9305,88,rest
14.9334,708598,rest
14.9374,8388607,rest
14.9414,7888742,rest
14.9461,-8388608,rest
14.9496,-8388608,rest
14.9537,-463045,rest
14.9578,8388607,rest
14.9636,36,rest
14.9669,-8388608,rest
14.9709,-8388608,rest
14.9742,-1655344,rest
14.9797,867,rest
14.9834,8388607,rest
14.9875,-8388608,rest
14.9906,-8388608,rest
14.9948,2510,rest
14.9996,8388607,rest
15.0033,8388607,rest
15.0069,-8388608,rest
15.0111,-8388608,rest
15.0154,-3754115,rest
15.0192,8388607,rest
15.0233,8388607,rest
15.0274,-8388608,rest
15.0319,-8388608,rest
15.0329,-,rest
15.0356,4555033,rest
15.0397,8388607,rest
15.0410,838,rest
15.0439,8607,rest
15.0457,-838860,rest
15.0479,8,rest
15.0480,-8388608,rest
15.0520,-5451818,rest
15.0561,8388607,rest
15.0603,8388607,rest
15.0652,-8388608,rest
15.0684,-8388608,rest
15.0725,-6238544,rest
15.0767,8388607,rest
15.0812,8388607,rest
15.0848,-8251188,rest
15.0888,-8388608,rest
15.0933,-7098037,rest
15.0979,8388607,rest
15.1012,8388607,rest
15.1053,-7530496,rest
15.1094,-8388608,rest
15.1146,-7815191,rest
15.1175,8388607,rest
15.1216,8388607,rest
15.1258,-6782970,rest
15.1303,-8388608,rest
15.1339,-8388608,rest
15.1380,8388607,rest
15.1421,8388607,rest
15.1473,-6009353,rest
15.1503,-8388608,rest
15.1544,-8388608,rest
15.1586,8388607,rest
15.1632,8388607,rest
15.1646,-,rest
15.1667,5099135,rest
15.1683,-83,rest
15.1708,88608,rest
15.1721,-838860,rest
15.1753,8,rest
15.1766,8388607,rest
15.1796,8388607,rest
15.1831,-4069113,rest
15.1872,-8388608,rest
15.1913,-8388608,rest
15.1959,8388607,rest
15.1994,8388607,rest
15.2035,-2890078,rest
15.2076,-8388608,rest
15.2129,38,rest
15.2162,8388607,rest
15.2208,8388607,rest
15.2240,-1603049,rest
15.2298,386,rest
15.2324,-8388608,rest
15.2366,8133523,rest
15.2404,8388607,rest
15.2464,-471347,rest
15.2486,-8388608,rest
15.2527,-8388608,rest
15.2568,7545203,rest
15.2609,8388607,rest
15.2655,848670,rest
15.2691,-8388608,rest
15.2732,-8388608,rest
15.2775,6888654,rest
15.2823,8388607,rest
15.2855,2023875,rest
15.2869,-,rest
15.2896,8388608,rest
15.2908,-,rest
15.2938,8388608,rest
15.2952,616,rest
15.2984,5327,rest
15.2996,83886,rest
15.3018,07,rest
15.3034,3215528,rest
15.3060,-8388608,rest
15.3104,-8388608,rest
15.3148,5380770,rest
15.3182,8388607,rest
15.3223,4316689,rest
15.3269,-8388608,rest
15.3313,-8388608,rest
15.3346,4386034,rest
15.3387,8388607,rest
15.3432,5251516,rest
15.3474,-8388608,rest
15.3512,-8388608,rest
15.3551,3253055,rest
15.3593,8388607,rest
15.3637,6129702,rest
15.3681,-8388608,rest
15.3715,-8388608,rest
15.3764,2114890,rest
15.3800,8388607,rest
15.3843,6981001,rest
15.3879,-8388608,rest
15.3923,-8388608,rest
15.3965,886543,rest
15.4001,8388607,rest
15.4042,7797282,rest
15.4085,-8388608,rest
15.4138,88-,rest
15.4171,256891,rest
15.4209,8388607,rest
15.4222,83,rest
15.4247,88607,rest
15.4258,-83886,rest
15.4305,-,rest
15.4332,-1515818,rest
15.4374,8388607,rest
15.4414,8388607,rest
15.4466,838608,rest
15.4495,-8388608,rest
15.4540,-2617404,rest
15.4576,8388607,rest
15.4624,3867,rest
15.4665,-8388608,rest
15.4709,-8388608,rest
15.4739,-3573555,rest
15.4783,83807,rest
15.4827,8388607,rest
15.4863,-8388608,rest
15.4910,-8388608,rest
15.4947,-4421066,rest
15.5002,3880,rest
15.5034,8388607,rest
15.5086,-8388608,rest
15.5108,-8388608,rest
15.5153,-5244571,rest
15.5189,8388607,rest
15.5230,8388607,rest
15.5272,-8388608,rest
15.5317,-8388608,rest
15.5353,-6071558,rest
15.5394,8388607,rest
15.5437,8388607,rest
15.5457,-,rest
15.5480,8388608,rest
15.5495,-83,rest
15.5517,88608,rest
15.5529,-6839,rest
15.5558,370,rest
15.5575,8388607,rest
15.5601,8388607,rest
15.5650,-7736408,rest
15.5681,-8388608,rest
15.5722,-7642161,rest
15.5768,8388607,rest
15.5811,8388607,rest
15.5845,-6954036,rest
15.5886,-8388608,rest
15.5927,-8357227,rest
15.5974,8388607,rest
15.6009,8388607,rest
15.6050,-6206399,rest
15.6091,-8388608,rest
15.6150,838860,rest
15.6192,8388607,rest
15.6220,8388607,rest
15.6255,-5252380,rest
15.6311,3868,rest
15.6345,-8388608,rest
15.6385,8388607,rest
15.6419,8388607,rest
15.6480,41,rest
15.6513,-8388608,rest
15.6550,-8388608,rest
15.6584,8388607,rest
15.6624,3867,rest
15.6669,-3089714,rest
15.6682,-,rest
15.6707,8388608,rest
15.6726,-,rest
15.6746,8388608,rest
15.6759,83,rest
15.6788,88607,rest
15.6805,838,rest
15.6832,607,rest
15.6855,-1857327,rest
15.6870,-8388608,rest
15.6909,-8388608,rest
15.6952,265895,rest
15.6993,8388607,rest
15.7041,-640653,rest
15.7092,-8388608,rest
15.7125,-8388608,rest
15.7164,7692283,rest
15.7196,8388607,rest
15.7237,552274,rest
15.7279,-8388608,rest
15.7324,-8388608,rest
15.7360,6985431,rest
15.7401,8388607,rest
15.7460,1765631,rest
15.7483,-8388608,rest
15.7524,-8388608,rest
15.7565,6284989,rest
15.7606,8388607,rest
15.7647,2981943,rest
15.7688,-8388608,rest
15.7729,-8388608,rest
15.7771,5491615,rest
15.7819,8388607,rest
15.7852,4110413,rest
15.7893,-8388608,rest
15.7936,-8388608,rest
15.7981,4584486,rest
15.8016,8388607,rest
15.8026,5,rest
15.8057,097986,rest
15.8075,-8388,rest
15.8098,608,rest
15.8105,-8388608,rest
15.8141,3557442,rest
15.8179,8388607,rest
15.8220,5959043,rest
15.8262,-8388608,rest
15.8305,-8388608,rest
15.8348,2432335,rest
15.8388,8388607,rest
15.8426,6750696,rest
15.8479,-8388608,rest
15.8511,-8388608,rest
15.8548,1180391,rest
15.8590,8388607,rest
15.8635,7632947,rest
15.8672,-8388608,rest
15.8712,-8388608,rest
15.8753,-6600,rest
15.8805,8388607,rest
15.8835,8314413,rest
15.8876,-8388608,rest
15.8919,-8388608,rest
15.8972,11943,rest
15.9004,8388607,rest
15.9040,8388607,rest
15.9081,-8388608,rest
15.9123,830,rest
15.9164,-2389730,rest
15.9217,8388607,rest
15.9269,8388607,rest
15.9281,-,rest
15.9286,8388608,rest
15.9296,-8,rest
15.9335,388608,rest
15.9350,-3421,rest
15.9367,280,rest
15.9381,8388607,rest
15.9409,8388607,rest
15.9451,3808,rest
15.9498,-8388608,rest
15.9532,-4255282,rest
15.9581,8388607,rest
15.9616,83880,rest
15.9668,-8388608,rest
15.9706,-8388608,rest
15.9745,-5110817,rest
15.9778,8388607,rest
15.9826,8388607,rest
15.9859,-8388608,rest
15.9900,-8388608,rest
15.9941,-5927245,rest
15.9991,8388607,rest
16.0023,8388607,rest
16.0064,-8388608,rest
16.0105,-8388608,rest
16.0151,-6764140,rest
16.0186,8388607,rest
16.0227,8388607,rest
16.0270,-7824656,rest
16.0313,-8388608,rest
16.0350,-7526104,rest
16.0391,8388607,rest
16.0435,8388607,rest
16.0479,-7082441,rest
16.0490,-,rest
16.0514,8388608,rest
16.0529,-,rest
16.0556,8255991,rest
16.0568,8,rest
16.0600,388607,rest
16.0619,8388,rest
16.0644,607,rest
16.0664,-6232982,rest
16.0679,-8388608,rest
16.0719,-8388608,rest
16.0760,8388607,rest
16.0805,8388607,rest
16.0842,-5379533,rest
16.0883,-8388608,rest
16.0924,-8388608,rest
16.0971,8388607,rest
16.1006,8388607,rest
16.1047,-4422937,rest
16.1088,-8388608,rest
16.1134,-8388608,rest
16.1170,8388607,rest
16.1211,8388607,rest
16.1253,-3268576,rest
16.1295,808,rest
16.1345,-8388608,rest
16.1376,8388607,rest
16.1428,8388607,rest
16.1472,-1,rest
16.1509,-8388608,rest
16.1547,-8388608,rest
16.1580,8339435,rest
16.1620,388607,rest
16.1663,-807887,rest
16.1711,-8388608,rest
16.1745,-8388608,rest
16.1786,783,rest
16.1832,8388607,rest
16.1845,37,rest
16.1869,4717,rest
16.1894,-8388,rest
16.1909,608,rest
16.1926,-8388608,rest
16.1955,7096854,rest
16.1989,8388607,rest
16.2031,1618193,rest
16.2072,-8388608,rest
16.2128,-8388608,rest
16.2158,6455249,rest
16.2194,8388607,rest
16.2235,2782170,rest
16.2276,-8388608,rest
16.2328,-8388608,rest
16.2357,5634925,rest
16.2399,8388607,rest
16.2440,3859770,rest
16.2490,-8388608,rest
16.2523,-8388608,rest
16.2562,4748627,rest
16.2606,8388607,rest
16.2648,4920177,rest
16.2685,-8388608,rest
16.2726,-8388608,rest
16.2770,3724191,rest
16.2817,8388607,rest
16.2849,5777197,rest
16.2889,-8388608,rest
16.2933,-8388608,rest
16.2987,2617732,rest
16.3013,8388607,rest
16.3054,6618673,rest
16.3063,-,rest
16.3097,8388608,rest
16.3103,-8,rest
16.3139,388608,rest
16.3153,1444,rest
16.3176,351,rest
16.3192,8388607,rest
16.3218,7469392,rest
16.3259,-8388608,rest
16.3306,-8388608,rest
16.3340,193176,rest
16.3381,8388607,rest
16.3422,8208780,rest
16.3473,-8388608,rest
16.3504,-8388608,rest
16.3546,-990109,rest
16.3587,8388607,rest
16.3628,38860,rest
16.3678,-8388608,rest
16.3717,-8388608,rest
16.3771,-2143180,rest
16.3793,8388607,rest
16.3837,8388607,rest
16.3873,-8388608,rest
16.3914,-8388608,rest
16.3970,314,rest
16.4008,8388607,rest
16.4038,8388607,rest
16.4078,-8388608,rest
16.4121,888,rest
16.4165,-4012031,rest
16.4215,8388607,rest
16.4245,8388607,rest
16.4285,8608,rest
16.4335,8388608,rest
16.4347,-,rest
16.4364,4873147,rest
16.4379,8,rest
16.4406,388607,rest
16.4415,8388,rest
16.4447,607,rest
16.4456,8360,rest
16.4488,8,rest
16.4494,-8388608,rest
16.4533,-5689203,rest
16.4569,8388607,rest
16.4610,8388607,rest
16.4659,-8388608,rest
16.4692,-8388608,rest
16.4733,-6494912,rest
16.4774,8388607,rest
16.4826,8388607,rest
16.4856,-8089400,rest
16.4897,-8388608,rest
16.4938,-7249436,rest
16.4985,8388607,rest
16.5020,8388607,rest
16.5061,-7368708,rest
16.5104,-8388608,rest
16.5153,-7954739,rest
16.5183,8388607,rest
16.5225,8388607,rest
16.5270,-6576545,rest
16.5315,-8388608,rest
16.5347,-8388608,rest
16.5388,8388607,rest
16.5435,8388607,rest
16.5472,-5781579,rest
16.5521,-8388608,rest
16.5552,-8388608,rest
16.5594,8388607,rest
16.5637,8388607,rest
16.5650,-,rest
16.5676,4845837,rest
16.5690,-838,rest
16.5716,8608,rest
16.5728,-838860,rest
16.5758,8,rest
16.5759,8388607,rest
16.5802,8388607,rest
16.5839,-3781926,rest
16.5880,-8388608,rest
16.5922,-8388608,rest
16.5967,8388607,rest
16.6003,8388607,rest
16.6044,-2616932,rest
16.6094,-8388608,rest
16.6143,83880,rest
16.6179,8388607,rest
16.6215,8388607,rest
16.6249,-1325971,rest
16.6308,836,rest
16.6351,-8388608,rest
16.6376,8030567,rest
16.6436,8388607,rest
16.6455,-155511,rest
16.6506,-8388608,rest
16.6535,-8388608,rest
16.6576,7393724,rest
16.6619,860,rest
16.6661,1064787,rest
16.6702,-8388608,rest
16.6748,-8388608,rest
16.6799,6735,rest
16.6839,8388607,rest
16.6869,2286354,rest
16.6882,-,rest
16.6904,8388608,rest
16.6919,-,rest
16.6945,8388608,rest
16.6955,594,rest
16.6996,6607,rest
16.7011,838860,rest
16.7026,7,rest
16.7027,3525412,rest
16.7067,-8388608,rest
16.7109,-8388608,rest
16.7151,5173581,rest
16.7190,8388607,rest
16.7231,4575074,rest
16.7273,-8388608,rest
16.7322,-8388608,rest
16.7354,4110004,rest
16.7396,8388607,rest
16.7437,5454050,rest
16.7486,-8388608,rest
16.7521,-8388608,rest
16.7559,3031043,rest
16.7603,8388607,rest
16.7649,6312203,rest
16.7682,-8388608,rest
16.7724,-8388608,rest
16.7767,1942706,rest
16.7822,8388607,rest
16.7846,7093027,rest
16.7887,-8388608,rest
16.7936,-8388608,rest
16.7974,677421,rest
16.8010,8388607,rest
16.8050,7914741,rest
16.8092,-8388608,rest
16.8139,-8388608,rest
16.8151,-,rest
16.8174,458075,rest
16.8215,8388607,rest
16.8227,838,rest
16.8256,8607,rest
16.8271,-838860,rest
16.8299,8,rest
16.8316,-8388608,rest
16.8338,-1734519,rest
16.8378,8388607,rest
16.8419,8388607,rest
16.8463,8380,rest
16.8510,-8388608,rest
16.8557,-2788996,rest
16.8585,8388607,rest
16.8632,8388607,rest
16.8667,-8388608,rest
16.8716,-8388608,rest
16.8748,-3705362,rest
16.8794,8388607,rest
16.8829,8388607,rest
16.8870,-8388608,rest
16.8911,-8388608,rest
16.8954,80,rest
16.8995,8388607,rest
16.9042,8388607,rest
16.9075,-8388608,rest
16.9120,860,rest
16.9170,-5413414,rest
16.9198,8388607,rest
16.9239,8388607,rest
16.9292,-386,rest
16.9328,-8388608,rest
16.9377,-6192941,rest
16.9402,8388607,rest
16.9444,8388607,rest
16.9456,-,rest
16.9487,8280604,rest
16.9501,-83,rest
16.9526,88608,rest
16.9538,-69646,rest
16.9566,80,rest
16.9576,8388607,rest
16.9608,8388607,rest
16.9652,-7574620,rest
16.9689,-8388608,rest
16.9730,-7753267,rest
16.9771,8388607,rest
16.9815,8388607,rest
16.9853,-6798979,rest
16.9894,-8388608,rest
16.9937,-8388608,rest
16.9982,8388607,rest
17.0016,8388607,rest
17.0058,-6060441,rest
17.0101,-8388608,rest
17.0150,-8388608,rest
17.0181,8388607,rest
17.0222,8388607,rest
17.0266,-5173602,rest
17.0308,-8388608,rest
17.0344,-8388608,rest
17.0386,8388607,rest
17.0427,8388607,rest
17.0473,-4143498,rest
17.0512,-8388608,rest
17.0549,-8388608,rest
17.0590,8388607,rest
17.0638,8388607,rest
17.0674,-2971824,rest
17.0688,-,rest
17.0713,8388608,rest
17.0725,-,rest
17.0755,8388608,rest
17.0766,838,rest
17.0801,8607,rest
17.0817,838860,rest
17.0835,7,rest
17.0849,-1748249,rest
17.0877,-8388608,rest
17.0918,-8388608,rest
17.0959,177647,rest
17.1007,8388607,rest
17.1051,-522270,rest
17.1094,-8388608,rest
17.1127,-83880,rest
17.1186,7574619,rest
17.1214,8388607,rest
17.1253,782424,rest
17.1295,-8388608,rest
17.1330,-8388608,rest
17.1368,6894533,rest
17.1409,8388607,rest
17.1464,86,rest
17.1493,-8388608,rest
17.1536,-8388608,rest
17.1581,6228806,rest
17.1618,387,rest
17.1657,3105396,rest
17.1697,-8388608,rest
17.1739,-8388608,rest
17.1792,5389439,rest
17.1821,8388607,rest
17.1865,4214092,rest
17.1901,-8388608,rest
17.1942,-8388608,rest
17.1991,4461532,rest
17.2025,8388607,rest
17.2036,51,rest
17.2064,23536,rest
17.2077,-83886,rest
17.2105,08,rest
17.2123,-8388608,rest
17.2151,3435909,rest
17.2188,8388607,rest
17.2228,6024955,rest
17.2270,-8388608,rest
17.2314,-8388608,rest
17.2351,2249895,rest
17.2392,8388607,rest
17.2435,6823894,rest
17.2481,-8388608,rest
17.2516,-8388608,rest
17.2556,1072882,rest
17.2601,8388607,rest
17.2648,7639647,rest
17.2679,-8388608,rest
17.2720,-8388608,rest
17.2761,-78009,rest
17.2808,8388607,rest
17.2844,8347257,rest
17.2884,-8388608,rest
17.2925,-8388608,rest
17.2972,-1306879,rest
17.3007,8388607,rest
17.3048,8388607,rest
17.3095,-8388608,rest
17.3144,838,rest
17.3187,-2486732,rest
17.3213,8388607,rest
17.3253,8388607,rest
17.3258,-,rest
17.3306,86-8,rest
17.3335,8608,rest
17.3354,-34106,rest
17.3377,80,rest
17.3403,8388607,rest
17.3426,8388607,rest
17.3462,886,rest
17.3511,-8388608,rest
17.3539,-4302528,rest
17.3580,8388607,rest
17.3622,3867,rest
17.3667,-8388608,rest
17.3711,-8388608,rest
17.3744,-5095342,rest
17.3797,38860,rest
17.3837,8388607,rest
17.3877,-8388608,rest
17.3908,-8388608,rest
17.3956,-59303,rest
17.3999,8388607,rest
17.4047,8388607,rest
17.4072,-8388608,rest
17.4113,-8388608,rest
17.4163,-6713871,rest
17.4194,8388607,rest
17.4236,8388607,rest
17.4277,-7898196,rest
17.4324,-8388608,rest
17.4359,-7493876,rest
17.4399,8388607,rest
17.4441,8388607,rest
17.4492,-7146613,rest
17.4504,-,rest
17.4522,8388608,rest
17.4534,-,rest
17.4563,8177693,rest
17.4575,83,rest
17.4605,88607,rest
17.4622,83886,rest
17.4648,07,rest
17.4667,-6328947,rest
17.4686,-8388608,rest
17.4727,-8388608,rest
17.4770,8388607,rest
17.4813,8388607,rest
17.4850,-5515692,rest
17.4890,-8388608,rest
17.4932,-8388608,rest
17.4977,8388607,rest
17.5016,8388607,rest
17.5055,-4458601,rest
17.5096,-8388608,rest
17.5144,-8388608,rest
17.5178,8388607,rest
17.5218,8388607,rest
17.5260,-3450101,rest
17.5316,83888,rest
17.5353,-8388608,rest
17.5393,8388607,rest
17.5424,8388607,rest
17.5480,22978,rest
17.5509,-8388608,rest
17.5548,-8388608,rest
17.5588,8388607,rest
17.5629,388607,rest
17.5671,-958856,rest
17.5712,-8388608,rest
17.5762,-8388608,rest
17.5796,8401,rest
17.5838,8388607,rest
17.5851,21,rest
17.5882,0394,rest
17.5893,-8388,rest
17.5915,608,rest
17.5930,-8388608,rest
17.5958,71777,rest
17.6000,8388607,rest
17.6051,1483865,rest
17.6095,-8388608,rest
17.6130,-8388608,rest
17.6178,4888,rest
17.6206,8388607,rest
17.6249,2684998,rest
17.6286,-8388608,rest
17.6329,-8388608,rest
17.6366,5680485,rest
17.6407,8388607,rest
17.6464,3134,rest
17.6507,-8388608,rest
17.6536,-8388608,rest
17.6570,4816276,rest
17.6612,8388607,rest
17.6663,4860737,rest
17.6693,-8388608,rest
17.6734,-8388608,rest
17.6775,3776687,rest
17.6820,8388607,rest
17.6857,5726223,rest
17.6898,-8388608,rest
17.6939,-8388608,rest
17.6984,2627155,rest
17.7021,8388607,rest
17.7062,6586197,rest
17.7074,-,rest
17.7104,8388608,rest
17.7116,-8,rest
17.7149,388608,rest
17.7168,1468,rest
17.7184,106,rest
17.7200,8388607,rest
17.7226,7385403,rest
17.7269,-8388608,rest
17.7317,-8388608,rest
17.7348,264132,rest
17.7389,8388607,rest
17.7434,8128325,rest
17.7486,-8388608,rest
17.7512,-8388608,rest
17.7553,-928223,rest
17.7595,8388607,rest
17.7642,8388607,rest
17.7679,-8388608,rest
17.7717,-8388608,rest
17.7760,-2103793,rest
17.7810,8388607,rest
17.7840,8388607,rest
17.7881,-8388608,rest
17.7922,-8388608,rest
17.7972,-3157555,rest
17.8004,8388607,rest
17.8044,8388607,rest
17.8086,-8388608,rest
17.8133,-8388608,rest
17.8172,-4024179,rest
17.8208,8388607,rest
17.8259,8388607,rest
17.8298,-8388608,rest
17.8312,-,rest
17.8331,8388608,rest
17.8343,-,rest
17.8372,4890666,rest
17.8387,8,rest
17.8413,388607,rest
17.8424,8388,rest
17.8455,07,rest
17.8473,880,rest
17.8501,-8388608,rest
17.8539,-5671959,rest
17.8577,8388607,rest
17.8619,38,rest
17.8661,-8388608,rest
17.8715,-8388608,rest
17.8748,-6469983,rest
17.8785,8388607,rest
17.8833,8388607,rest
17.8864,-8074692,rest
17.8905,-8388608,rest
17.8969,277,rest
17.8995,8388607,rest
17.9028,8388607,rest
17.9068,-7383416,rest
17.9111,-8388608,rest
17.9151,-7934121,rest
17.9191,8388607,rest
17.9232,8388607,rest
17.9274,-6597754,rest
17.9322,-8388608,rest
17.9355,-8388608,rest
17.9396,8388607,rest
17.9440,8388607,rest
17.9492,-5834430,rest
17.9519,-8388608,rest
17.9560,-8388608,rest
17.9602,8388607,rest
17.9653,8388607,rest
17.9672,-,rest
17.9683,4827592,rest
17.9698,-838,rest
17.9724,8608,rest
17.9739,-838860,rest
17.9767,8,rest
17.9769,8388607,rest
17.9814,8388607,rest
17.9850,-3806538,rest
17.9887,-8388608,rest
17.9930,-8388608,rest
17.9974,8388607,rest
18.0010,8388607,rest
18.0052,-2630739,rest
18.0093,-8388608,rest
18.0139,-8388608,rest
18.0174,8388607,rest
18.0215,8388607,rest
18.0256,-1457880,rest
18.0306,-8388608,rest
18.0338,-8388608,rest
18.0379,8059983,rest
18.0421,8388607,rest
18.0465,-241890,rest
18.0506,-8388608,rest
18.0543,-8388608,rest
18.0592,7419157,rest
18.0637,8388607,rest
18.0666,1028197,rest
18.0707,-8388608,rest
18.0748,-8388608,rest
18.0789,748283,rest
18.0836,8388607,rest
18.0886,2239550,rest
18.0904,-,rest
18.0912,8388608,rest
18.0920,-,rest
18.0971,386859,rest
18.0998,046,rest
18.1018,838860,rest
18.1049,7,rest
18.1070,3398973,rest
18.1080,-8388608,rest
18.1119,88,rest
18.1160,5209932,rest
18.1203,8388607,rest
18.1252,4453908,rest
18.1291,-8388608,rest
18.1336,8386,rest
18.1384,4215513,rest
18.1408,8388607,rest
18.1455,5369383,rest
18.1487,8,rest
18.1545,-8388608,rest
18.1575,3109196,rest
18.1609,8388607,rest
18.1651,6219725,rest
18.1690,-8388608,rest
18.1731,-8388608,rest
18.1772,1936810,rest
18.1823,8388607,rest
18.1854,7059787,rest
18.1895,-8388608,rest
18.1936,-8388608,rest
18.1981,724028,rest
18.2017,8388607,rest
18.2058,7856711,rest
18.2103,-8388608,rest
18.2150,-8388608,rest
18.2166,-,rest
18.2181,451197,rest
18.2222,8388607,rest
18.2233,838,rest
18.2264,8607,rest
18.2280,-838860,rest
18.2306,8,rest
18.2327,-8388608,rest
18.2346,-1671742,rest
18.2386,8388607,rest
18.2427,8388607,rest
18.2479,-8388608,rest
18.2509,-8388608,rest
18.2550,-2780099,rest
18.2591,8388607,rest
18.2636,8388607,rest
18.2673,-8388608,rest
18.2714,-8388608,rest
18.2758,-3742194,rest
18.2814,3860,rest
18.2846,8388607,rest
18.2888,-8388608,rest
18.2919,-8388608,rest
18.2963,-4543121,rest
18.3005,8388607,rest
18.3042,8388607,rest
18.3084,-8388608,rest
18.3140,3860,rest
18.3169,-5341793,rest
18.3209,8388607,rest
18.3251,8388607,rest
18.3288,-8388608,rest
18.3341,-8388608,rest
18.3370,-6210232,rest
18.3410,8388607,rest
18.3453,3807,rest
18.3501,8295312,rest
18.3521,-83,rest
18.3537,88608,rest
18.3550,-69986,rest
18.3574,05,rest
18.3586,8388607,rest
18.3619,838867,rest
18.3675,-7633452,rest
18.3704,-8388608,rest
18.3738,-7732049,rest
18.3779,8388607,rest
18.3825,8388607,rest
18.3861,-6870934,rest
18.3902,-8388608,rest
18.3965,-837429,rest
18.3987,8388607,rest
18.4028,8388607,rest
18.4066,-6080195,rest
18.4106,-8388608,rest
18.4155,-8388608,rest
18.4188,8388607,rest
18.4230,8388607,rest
18.4272,-5177223,rest
18.4320,-8388608,rest
18.4352,-8388608,rest
18.4393,8388607,rest
18.4435,8388607,rest
18.4480,-4133112,rest
18.4516,-8388608,rest
18.4557,-8388608,rest
18.4603,8388607,rest
18.4647,8388607,rest
18.4680,-2970204,rest
18.4693,-,rest
18.4721,8388608,rest
18.4736,-,rest
18.4762,8388608,rest
18.4773,83,rest
18.4805,88607,rest
18.4819,83886,rest
18.4843,07,rest
18.4858,-1738750,rest
18.4885,-8388608,rest
18.4926,-8388608,rest
18.4973,8192355,rest
18.5007,8388607,rest
18.5048,-502335,rest
18.5090,-8388608,rest
18.5135,-8388608,rest
18.5171,7633451,rest
18.5212,8388607,rest
18.5260,637570,rest
18.5299,-8388608,rest
18.5336,-8388608,rest
18.5376,6937258,rest
18.5418,8388607,rest
18.5460,1902487,rest
18.5499,-8388608,rest
18.5540,-8388608,rest
18.5581,6331014,rest
18.5623,388607,rest
18.5665,3056225,rest
18.5716,-8388608,rest
18.5746,-8388608,rest
18.5830,8388607,rest
18.5880,4169047,rest
18.5909,-8388608,rest
18.5952,886,rest
18.5999,4485721,rest
18.6034,8388607,rest
18.6045,51,rest
18.6073,67180,rest
18.6092,-83886,rest
18.6114,08,rest
18.6133,-8388608,rest
18.6162,3409514,rest
18.6195,8388607,rest
18.6236,6030409,rest
18.6291,-838860,rest
18.6325,8388608,rest
18.6366,2250099,rest
18.6400,8388607,rest
18.6442,6884889,rest
18.6487,-8388608,rest
18.6523,-8388608,rest
18.6564,1135450,rest
18.6605,8388607,rest
18.6649,7692142,rest
18.6687,-8388608,rest
18.6728,-8388608,rest
18.6770,-155279,rest
18.6821,8388607,rest
18.6851,8369647,rest
18.6892,-8388608,rest
18.6935,-8388608,rest
18.6986,-1317705,rest
18.7014,8388607,rest
18.7055,8388607,rest
18.7099,-8388608,rest
18.7143,-8388608,rest
18.7178,-2523682,rest
18.7219,8388607,rest
18.7264,8388607,rest
18.7278,-,rest
18.7304,8388608,rest
18.7317,-83,rest
18.7342,88608,rest
18.7355,-3470,rest
18.7383,496,rest
18.7394,8388607,rest
18.7425,8388607,rest
18.7471,-8388608,rest
18.7506,-8388608,rest
18.7547,-4275442,rest
18.7588,8388607,rest
18.7631,38807,rest
18.7673,-8388608,rest
18.7721,-8388608,rest
18.7755,-5179115,rest
18.7812,3807,rest
18.7846,8388607,rest
18.7879,-8388608,rest
18.7918,-8388608,rest
18.7960,-5971966,rest
18.7997,8388607,rest
18.8038,8388607,rest
18.8079,-8388608,rest
18.8122,838808,rest
18.8162,-6767485,rest
18.8211,8388607,rest
18.8243,8388607,rest
18.8302,7334,rest
18.8332,-8388608,rest
18.8366,-7542268,rest
18.8407,8388607,rest
18.8458,37,rest
18.8511,-7075960,rest
18.8527,-,rest
18.8530,8388608,rest
18.8542,-,rest
18.8572,8234704,rest
18.8586,83,rest
18.8613,88607,rest
18.8626,8388,rest
18.8655,607,rest
18.8671,-6224786,rest
18.8694,-8388608,rest
18.8735,-8388608,rest
18.8777,8388607,rest
18.8819,8388607,rest
18.8858,-5409927,rest
18.8899,-8388608,rest
18.8940,-8388608,rest
18.8990,8388607,rest
18.9021,8388607,rest
18.9063,-4396502,rest
18.9104,-8388608,rest
18.9144,-8388608,rest
18.9185,8388607,rest
18.9226,8388607,rest
18.9268,-3307742,rest
18.9320,-8388608,rest
18.9354,-8388608,rest
18.9390,8388607,rest
18.9433,8388607,rest
18.9480,-2067278,rest
18.9513,-8388608,rest
18.9554,-8388608,rest
18.9599,8310019,rest
18.9645,8388607,rest
18.9677,-800084,rest
18.9718,-8388608,rest
18.9762,-8388608,rest
18.9809,7736407,rest
18.9841,8388607,rest
18.9852,41,rest
18.9882,5791,rest
18.9901,-8388,rest
18.9922,608,rest
18.9930,-8388608,rest
18.9972,7072700,rest
19.0005,8388607,rest
19.0045,1598470,rest
19.0087,-8388608,rest
19.0144,-8388608,rest
19.0169,6377635,rest
19.0209,8388607,rest
19.0251,2777665,rest
19.0296,-8388608,rest
19.0332,-8388608,rest
19.0373,5625221,rest
19.0414,8388607,rest
19.0464,92455,rest
19.0497,-8388608,rest
19.0538,-8388608,rest
19.0578,4698039,rest
19.0621,38867,rest
19.0672,4954304,rest
19.0707,-8388608,rest
19.0755,-8388608,rest
19.0794,3619713,rest
19.0839,8388607,rest
19.0865,5836873,rest
19.0906,-8388608,rest
19.0949,88808,rest
19.0989,2462100,rest
19.1037,8388607,rest
19.1097,6622864,rest
19.1111,-8388608,rest
19.1123,-8,rest
19.1162,388608,rest
19.1176,1341,rest
19.1192,848,rest
19.1207,8388607,rest
19.1233,7520083,rest
19.1275,-8388608,rest
19.1320,-8388608,rest
19.1356,69404,rest
19.1397,8388607,rest
19.1438,8269896,rest
19.1484,-8388608,rest
19.1520,-8388608,rest
19.1561,-1117030,rest
19.1603,8388607,rest
19.1650,8388607,rest
19.1684,-8388608,rest
19.1725,-8388608,rest
19.1769,-2320500,rest
19.1820,8388607,rest
19.1847,8388607,rest
19.1888,-8388608,rest
19.1932,-8388608,rest
19.1976,-3330058,rest
19.2011,8388607,rest
19.2052,8388607,rest
19.2094,-8388608,rest
19.2140,-8388608,rest
19.2176,-4195132,rest
19.2216,8388607,rest
19.2257,8388607,rest
19.2304,-8388608,rest
19.2315,-,rest
19.2339,8388608,rest
19.2353,-,rest
19.2380,5026225,rest
19.2390,8,rest
19.2425,388607,rest
19.2435,8388,rest
19.2467,07-868,rest
19.2515,-8388608,rest
19.2557,-5873070,rest
19.2585,8388607,rest
19.2634,88867,rest
19.2682,-8388608,rest
19.2714,-8388608,rest
19.2758,-6682478,rest
19.2802,80,rest
19.2844,8388607,rest
19.2878,-7912904,rest
19.2912,-8388608,rest
19.2972,7,rest
19.3008,8388607,rest
19.3044,8388607,rest
19.3076,-7174144,rest
19.3119,3868,rest
19.3164,-8130854,rest
19.3216,8388607,rest
19.3240,8388607,rest
19.3284,342,rest
19.3329,-8388608,rest
19.3366,-8388608,rest
19.3404,8388607,rest
19.3458,838860,rest
19.3499,-5561278,rest
19.3530,-8388608,rest
19.3568,-8388608,rest
19.3609,8388607,rest
19.3650,8388607,rest
19.3662,-4,rest
19.3691,574596,rest
19.3707,-8388,rest
19.3731,608,rest
19.3745,-838860,rest
19.3772,8,rest
19.3774,8388607,rest
19.3820,8388607,rest
19.3855,-3451777,rest
19.3895,-8388608,rest
19.3939,-8388608,rest
19.3982,8388607,rest
19.4018,8388607,rest
19.4059,-2271971,rest
19.4101,-8388608,rest
19.4147,-8388608,rest
19.4183,8383559,rest
19.4223,8388607,rest
19.4267,-1011602,rest
19.4313,-8388608,rest
19.4346,-8388608,rest
19.4387,7868779,rest
19.4429,8388607,rest
19.4472,61615,rest
19.4510,-8388608,rest
19.4551,-8388608,rest
19.4595,7255068,rest
19.4646,8388607,rest
19.4674,1280157,rest
19.4715,-8388608,rest
19.4756,-8388608,rest
19.4804,6531607,rest
19.4837,8388607,rest
19.4878,2561721,rest
19.4895,-,rest
19.4926,8388608,rest
19.4937,-,rest
19.4965,8388608,rest
19.4978,580,rest
19.5001,7862,rest
19.5018,838860,rest
19.5042,7,rest
19.5043,3722983,rest
19.5092,-8388608,rest
19.5143,8380,rest
19.5171,4852306,rest
19.5208,8388607,rest
19.5247,4749017,rest
19.5303,8,rest
19.5342,-8388608,rest
19.5378,3891217,rest
19.5411,8388607,rest
19.5453,651,rest
19.5506,-8388608,rest
19.5540,-8388608,rest
19.5575,2764877,rest
19.5619,867,rest
19.5660,6484804,rest
19.5706,-8388608,rest
19.5738,-8388608,rest
19.5803,1510,rest
19.5833,8388607,rest
19.5869,7360543,rest
19.5922,-8388608,rest
19.5944,-8388608,rest
19.5995,296743,rest
19.6026,8388607,rest
19.6066,8138430,rest
19.6108,-8388608,rest
19.6154,-8388608,rest
19.6164,-,rest
19.6189,810341,rest
19.6230,8388607,rest
19.6241,838,rest
19.6272,8607,rest
19.6285,-838860,rest
19.6314,8,rest
19.6330,-8388608,rest
19.6353,-2111892,rest
19.6394,8388607,rest
19.6436,8388607,rest
19.6479,-8388608,rest
19.6517,-8388608,rest
19.6558,-3118045,rest
19.6602,8388607,rest
19.6643,8388607,rest
19.6682,-8388608,rest
19.6722,-8388608,rest
19.6766,-4044298,rest
19.6818,8388607,rest
19.6845,8388607,rest
19.6885,-8388608,rest
19.6927,-8388608,rest
19.6982,-4830489,rest
19.7015,8388607,rest
19.7049,8388607,rest
19.7094,-8388608,rest
19.7136,-8388608,rest
19.7175,-5712341,rest
19.7213,8388607,rest
19.7254,8388607,rest
19.7298,8880,rest
19.7343,-8388608,rest
19.7391,-6507213,rest
19.7418,8388607,rest
19.7478,3860,rest
19.7512,8089400,rest
19.7534,-838,rest
19.7545,8608,rest
19.7567,-73274,rest
19.7582,40,rest
19.7599,8388607,rest
19.7623,8388607,rest
19.7664,-7368708,rest
19.7705,-8388608,rest
19.7745,-8001377,rest
19.7787,8388607,rest
19.7832,8388607,rest
19.7868,-6532474,rest
19.7910,-8388608,rest
19.7965,8388,rest
19.8003,8388607,rest
19.8046,8388607,rest
19.8074,-5726870,rest
19.8130,-80,rest
19.8167,-8388608,rest
19.8201,8388607,rest
19.8237,8388607,rest
19.8280,-4791137,rest
19.8326,-8388608,rest
19.8360,-8388608,rest
19.8401,8388607,rest
19.8464,8388607,rest
19.8483,-3740067,rest
19.8524,-8388608,rest
19.8565,-8388608,rest
19.8606,8388607,rest
19.8655,8388607,rest
19.8688,-2531069,rest
19.8697,-,rest
19.8728,8388608,rest
19.8743,-,rest
19.8770,8388608,rest
19.8783,83,rest
19.8812,88607,rest
19.8828,83886,rest
19.8851,07,rest
19.8866,-1284756,rest
19.8893,-8388608,rest
19.8937,-8388608,rest
19.8982,8001151,rest
19.9015,8388607,rest
19.9056,-51238,rest
19.9099,-8388608,rest
19.9149,-8388608,rest
19.9179,7367886,rest
19.9220,8388607,rest
19.9266,1176488,rest
19.9312,-8388608,rest
19.9345,-8388608,rest
19.9384,6632852,rest
19.9425,8388607,rest
19.9469,2417214,rest
19.9517,-8388608,rest
19.9548,-8388608,rest
19.9597,5925644,rest
19.9640,8388607,rest
19.9671,3586666,rest
19.9712,-8388608,rest
19.9753,-8388608,rest
19.9794,02361,rest
19.9837,8388607,rest
19.9883,4648686,rest
19.9947,-8388608,rest
19.9968,-8388608,rest
20.0011,993,rest
20.0047,8388607,rest
20.0061,56,rest
20.0080,37069,rest
20.0092,-83886,rest
20.0128,08,rest
20.0149,-8388608,rest
20.0163,2856712,rest
20.0203,8388607,rest
20.0244,6410937,rest
20.0287,88868,rest
20.0330,-8388608,rest
20.0374,1610269,rest
20.0410,8388607,rest
20.0466,26690,rest
20.0492,-8388608,rest
20.0533,-8388608,rest
20.0572,527762,rest
20.0614,8388607,rest
20.0657,8028288,rest
20.0695,-8388608,rest
20.0736,-8388608,rest
20.0778,-647824,rest
20.0820,8388607,rest
20.0858,8388607,rest
20.0899,-8388608,rest
20.0941,-8388608,rest
20.0988,-1942403,rest
20.1022,8388607,rest
20.1063,8388607,rest
20.1106,-8388608,rest
20.1151,-8388608,rest
20.1186,-3012454,rest
20.1227,8388607,rest
20.1269,8388607,rest
20.1287,-,rest
20.1312,8388608,rest
20.1324,-83,rest
20.1350,88608,rest
20.1366,-3887,rest
20.1391,933,rest
20.1408,8388607,rest
20.1437,8388607,rest
20.1478,-8388608,rest
20.1514,-8388608,rest
20.1555,-4701821,rest
20.1597,8388607,rest
20.1644,8388607,rest
20.1678,-8388608,rest
20.1719,-8388608,rest
20.1760,-5602691,rest
20.1804,8388607,rest
20.1842,8388607,rest
20.1882,-8388608,rest
20.1924,-8388608,rest
20.1970,-6415074,rest
20.2006,8388607,rest
20.2046,8388607,rest
20.2088,-8148232,rest
20.2129,8388608,rest
20.2177,-7204032,rest
20.2210,8388607,rest
20.2255,8388607,rest
20.2311,745695,rest
20.2344,-8388608,rest
20.2383,-7943288,rest
20.2415,8388607,rest
20.2471,8388607,rest
20.2497,-6672151,rest
20.2510,-,rest
20.2538,8388608,rest
20.2548,-,rest
20.2579,8388608,rest
20.2592,83,rest
20.2635,807,rest
20.2662,07,rest
20.2678,-5824757,rest
20.2720,-8388608,rest
20.2742,-8388608,rest
20.2785,3860,rest
20.2831,8388607,rest
20.2873,-4906157,rest
20.2906,-8388608,rest
20.2958,-80,rest
20.3010,8388607,rest
20.3029,8388607,rest
20.3070,-3812486,rest
20.3112,-8388608,rest
20.3155,-8388608,rest
20.3193,8388607,rest
20.3234,8388607,rest
20.3276,-2694420,rest
20.3319,-8388608,rest
20.3360,-8388608,rest
20.3398,8388607,rest
20.3439,8388607,rest
20.3490,-1367160,rest
20.3521,-8388608,rest
20.3562,-8388608,rest
20.3604,8015859,rest
20.3654,8388607,rest
20.3685,-159555,rest
20.3725,-8388608,rest
20.3768,-8388608,rest
20.3812,7383415,rest
20.3848,8388607,rest
20.3862,1,rest
20.3890,081344,rest
20.3902,-8388,rest
20.3933,608,rest
20.3947,-8388608,rest
20.3973,6684423,rest
20.4012,8388607,rest
20.4053,2292307,rest
20.4095,-8388608,rest
20.4141,-8388608,rest
20.4176,5929269,rest
20.4217,8388607,rest
20.4258,3490278,rest
20.4304,-8388608,rest
20.4346,-8388608,rest
20.4381,5082774,rest
20.4422,8388607,rest
20.4468,4544133,rest
20.4508,-8388608,rest
20.4545,-8388608,rest
20.4586,4076500,rest
20.4633,8388607,rest
20.4671,5511257,rest
20.4709,-8388608,rest
20.4753,-8388608,rest
20.4798,2948164,rest
20.4831,8388607,rest
20.4872,6326872,rest
20.4914,-8388608,rest
20.4972,83,rest
20.5008,1715096,rest
20.5044,8388607,rest
20.5077,7223111,rest
20.5092,-,rest
20.5119,38860,rest
20.5165,388608,rest
20.5174,50149,rest
20.5200,5,rest
20.5212,8388607,rest
20.5241,7998004,rest
20.5285,3860,rest
20.5336,-8388608,rest
20.5372,-662033,rest
20.5406,8388607,rest
20.5461,8860,rest
20.5496,-8388608,rest
20.5528,-8388608,rest
20.5568,-1828913,rest
20.5610,8388607,rest
20.5654,8388607,rest
20.5691,-8388608,rest
20.5732,-8388608,rest
20.5774,-2990759,rest
20.5820,8388607,rest
20.5856,8388607,rest
20.5897,-8388608,rest
20.5938,-8388608,rest
20.5989,-3832821,rest
20.6019,8388607,rest
20.6060,8388607,rest
20.6102,-8388608,rest
20.6148,-8388608,rest
20.6183,-4665041,rest
20.6224,8388607,rest
20.6268,8388607,rest
20.6313,-8388608,rest
20.6325,-,rest
20.6347,8388608,rest
20.6359,-,rest
20.6388,5459484,rest
20.6403,8,rest
20.6434,388607,rest
20.6449,8388,rest
20.6472,607,rest
20.6486,-838860,rest
20.6510,8,rest
20.6511,-8388608,rest
20.6552,-6329020,rest
20.6593,8388607,rest
20.6637,8388607,rest
20.6675,-8162940,rest
20.6715,-8388608,rest
20.6757,-7133950,rest
20.6806,8388607,rest
20.6839,8388607,rest
20.6879,-7486372,rest
20.6921,-8388608,rest
20.6970,-7885593,rest
20.7006,8388607,rest
20.7043,8388607,rest
20.7092,-6672395,rest
20.7130,-8388608,rest
20.7170,-8388608,rest
20.7207,8388607,rest
20.7255,8388607,rest
20.7290,5894966,rest
20.7336,-8388608,rest
20.7371,-8388608,rest
20.7412,8388607,rest
20.7472,86,rest
20.7506,-4931846,rest
20.7544,-8388608,rest
20.7576,-8388608,rest
20.7618,360,rest
20.7671,8388607,rest
20.7684,-,rest
20.7707,3940769,rest
20.7720,-838,rest
20.7740,8608,rest
20.7752,-838860,rest
20.7796,867,rest
20.7833,8388607,rest
20.7873,-2806067,rest
20.7904,-8388608,rest
20.7945,-8388608,rest
20.7985,8388607,rest
20.8026,8388607,rest
20.8067,-1518670,rest
20.8109,-8388608,rest
20.8154,-8388608,rest
20.8190,8118815,rest
20.8231,8388607,rest
20.8272,-418494,rest
20.8317,-8388608,rest
20.8354,-8388608,rest
20.8395,7530495,rest
20.8437,8388607,rest
20.8484,837987,rest
20.8518,-8388608,rest
20.8559,-8388608,rest
20.8601,6840113,rest
20.8649,8388607,rest
20.8682,2024450,rest
20.8723,-8388608,rest
20.8767,-8388608,rest
20.8817,6160595,rest
20.8845,8388607,rest
20.8886,3223455,rest
20.8900,-,rest
20.8932,8388608,rest
20.8945,-,rest
20.8972,8388608,rest
20.8992,529,rest
20.9009,2570,rest
20.9022,838860,rest
20.9050,7,rest
20.9059,4299844,rest
20.9092,-8388608,rest
20.9135,-8388608,rest
20.9173,4365208,rest
20.9214,8388607,rest
20.9257,5310012,rest
20.9307,-8388608,rest
20.9338,-8388608,rest
20.9378,3251446,rest
20.9419,8388607,rest
20.9463,6174247,rest
20.9501,-8388608,rest
20.9541,-8388608,rest
20.9585,2058316,rest
20.9629,8388607,rest
20.9665,6984080,rest
20.9706,-8388608,rest
20.9747,-8388608,rest
20.9789,63,rest
20.9832,8388607,rest
20.9871,7789331,rest
20.9942,-8388608,rest
20.9954,-8388608,rest
21.0002,-312163,rest
21.0035,8388607,rest
21.0074,8388607,rest
21.0130,860,rest
21.0170,-8388608,rest
21.0183,-,rest
21.0204,1521766,rest
21.0238,8388607,rest
21.0251,83,rest
21.0295,880-8,rest
21.0322,8,rest
21.0340,-8388608,rest
21.0372,-2598070,rest
21.0410,8388607,rest
21.0443,8388607,rest
21.0497,-8388608,rest
21.0527,-8388608,rest
21.0566,-3565544,rest
21.0607,8388607,rest
21.0652,8388607,rest
21.0689,-8388608,rest
21.0729,-8388608,rest
21.0772,-4402332,rest
21.0821,8388607,rest
21.0853,8388607,rest
21.0894,-8388608,rest
21.0937,-8388608,rest
21.0988,-5287956,rest
21.1016,8388607,rest
21.1057,8388607,rest
21.1102,-8388608,rest
21.1144,-8388608,rest
21.1182,-6150220,rest
21.1221,8388607,rest
21.1265,8388607,rest
21.1314,-8388608,rest
21.1344,-8388608,rest
21.1385,-6900930,rest
21.1426,8388607,rest
21.1479,8388607,rest
21.1492,-,rest
21.1508,7736408,rest
21.1522,-83,rest
21.1549,88608,rest
21.1559,-76529,rest
21.1590,04,rest
21.1604,8388607,rest
21.1635,8388607,rest
21.1673,-6976404,rest
21.1713,-8388608,rest
21.1760,-8314413,rest
21.1798,8388607,rest
21.1836,8388607,rest
21.1876,-6155850,rest
21.1925,-8388608,rest
21.1960,8380,rest
21.2002,8388607,rest
21.2053,8388607,rest
21.2096,-5311265,rest
21.2124,86,rest
21.2166,-8388608,rest
21.2231,8388607,rest
21.2246,8388607,rest
21.2329,-8388608,rest
21.2369,-8388608,rest
21.2409,8388607,rest
21.2458,3880,rest
21.2498,-3124856,rest
21.2540,-8388608,rest
21.2602,-8388608,rest
21.2614,8388607,rest
21.2659,8388607,rest
21.2702,-1956063,rest
21.2718,-,rest
21.2736,8388608,rest
21.2752,-,rest
21.2782,83880,rest
21.2824,80603,rest
21.2838,83886,rest
21.2861,07,rest
21.2876,-670626,rest
21.2903,-8388608,rest
21.2942,-8388608,rest
21.2987,7721699,rest
21.3023,8388607,rest
21.3064,505771,rest
21.3106,-8388608,rest
21.3153,-8388608,rest
21.3187,7039592,rest
21.3228,8388607,rest
21.3269,1693555,rest
21.3310,-8388608,rest
21.3351,-8388608,rest
21.3392,6354032,rest
21.3434,8388607,rest
21.3478,2931636,rest
21.3515,-8388608,rest
21.3556,-8388608,rest
21.3602,5524467,rest
21.3642,8388607,rest
21.3678,4024017,rest
21.3719,-8388608,rest
21.3762,-8388608,rest
21.3805,4650392,rest
21.3848,8388607,rest
21.3883,4935038,rest
21.3926,-8388608,rest
21.3971,-8388608,rest
21.4006,3680767,rest
21.4047,8388607,rest
21.4059,5,rest
21.4089,837455,rest
21.4099,-8388,rest
21.4130,608,rest
21.4147,8808,rest
21.4176,2487218,rest
21.4211,8388607,rest
21.4252,6664103,rest
21.4294,838860,rest
21.4352,-8388608,rest
21.4381,1339243,rest
21.4418,8388607,rest
21.4458,50805,rest
21.4512,-8388608,rest
21.4551,-8388608,rest
21.4589,112043,rest
21.4622,8607,rest
21.4666,8242812,rest
21.4715,-8388608,rest
21.4747,-8388608,rest
21.4786,10,rest
21.4836,8388607,rest
21.4870,8388607,rest
21.4908,-8388608,rest
21.4954,886,rest
21.5008,-2293785,rest
21.5035,8388607,rest
21.5071,8388607,rest
21.5113,-8388608,rest
21.5162,-8388608,rest
21.5194,-3217037,rest
21.5235,8388607,rest
21.5280,838867,rest
21.5321,8388608,rest
21.5338,-8,rest
21.5358,388608,rest
21.5370,-404,rest
21.5398,4146,rest
21.5416,838860,rest
21.5439,7,rest
21.5442,8388607,rest
21.5489,-8388608,rest
21.5522,-8388608,rest
21.5562,-4908890,rest
21.5604,8388607,rest
21.5654,8388607,rest
21.5686,-8388608,rest
21.5727,-8388608,rest
21.5770,-5710983,rest
21.5820,8388607,rest
21.5849,8388607,rest
21.5891,-8388608,rest
21.5933,-8388608,rest
21.5980,-6543175,rest
21.6013,8388607,rest
21.6054,8388607,rest
21.6097,-8059984,rest
21.6147,-8388608,rest
21.6177,-7343087,rest
21.6218,8388607,rest
21.6259,8388607,rest
21.6304,-7309876,rest
21.6346,-8388608,rest
21.6382,-8055197,rest
21.6423,8388607,rest
21.6466,380,rest
21.6510,-6549163,rest
21.6534,-,rest
21.6548,8388608,rest
21.6562,-,rest
21.6587,8388608,rest
21.6601,8,rest
21.6636,8783,rest
21.6679,8607,rest
21.6703,-567611,rest
21.6717,7,rest
21.6729,-8388608,rest
21.6752,-8388608,rest
21.6807,388,rest
21.6842,8388607,rest
21.6886,-4797376,rest
21.6921,-8388608,rest
21.6970,8868,rest
21.7010,8388607,rest
21.7043,8388607,rest
21.7098,-3663043,rest
21.7123,-830,rest
21.7165,-8388608,rest
21.7206,8388607,rest
21.7245,8388607,rest
21.7300,-2478494,rest
21.7324,-8388608,rest
21.7365,-8388608,rest
21.7405,8388607,rest
21.7447,8388607,rest
21.7498,-1306086,rest
21.7528,-8388608,rest
21.7570,-8388608,rest
21.7611,7971735,rest
21.7660,8388607,rest
21.7692,-28175,rest
21.7734,-8388608,rest
21.7775,-8388608,rest
21.7824,7334060,rest
21.7856,8388607,rest
21.7897,1199103,rest
21.7909,-838,rest
21.7941,8608,rest
21.7959,-838860,rest
21.7982,8,rest
21.7996,6660659,rest
21.8020,8388607,rest
21.8061,2385570,rest
21.8105,-8388608,rest
21.8153,-8388608,rest
21.8184,5948351,rest
21.8225,8388607,rest
21.8267,3499377,rest
21.8320,-8388608,rest
21.8348,-8388608,rest
21.8389,5094261,rest
21.8436,8388607,rest
21.8486,4493654,rest
21.8512,-8388608,rest
21.8552,-8388608,rest
21.8594,4078626,rest
21.8650,3880,rest
21.8687,5500285,rest
21.8725,-8388608,rest
21.8764,-8388608,rest
21.8812,784,rest
21.8848,8388607,rest
21.8902,6320391,rest
21.8922,-8388608,rest
21.8965,8868,rest
21.9025,1809298,rest
21.9054,8388607,rest
21.9113,7174652,rest
21.9129,-8388608,rest
21.9146,-,rest
21.9174,8388608,rest
21.9190,636,rest
21.9208,843,rest
21.9222,83886,rest
21.9249,07,rest
21.9260,7944741,rest
21.9308,-8388608,rest
21.9331,-8388608,rest
21.9372,-609244,rest
21.9412,8388607,rest
21.9454,8388607,rest
21.9514,-8388608,rest
21.9536,-8388608,rest
21.9577,-1831263,rest
21.9619,8388607,rest
21.9673,8388607,rest
21.9700,-8388608,rest
21.9740,-8388608,rest
21.9782,-2884136,rest
21.9826,8388607,rest
21.9863,8388607,rest
21.9904,-8388608,rest
21.9947,-8388608,rest
21.9996,-3823793,rest
22.0027,8388607,rest
22.0068,8388607,rest
22.0110,-8388608,rest
22.0158,-8388608,rest
22.0191,-4653340,rest
22.0232,8388607,rest
22.0275,8388607,rest
22.0323,-8388608,rest
22.0355,-8388608,rest
22.0371,-,rest
22.0396,5443533,rest
22.0437,8388607,rest
22.0454,83,rest
22.0490,88607,rest
22.0509,-83886,rest
22.0519,08,rest
22.0532,-8388608,rest
22.0560,-6289859,rest
22.0602,8388607,rest
22.0651,8388607,rest
22.0683,-8280604,rest
22.0724,-8388608,rest
22.0767,-7008434,rest
22.0809,8388607,rest
22.0846,8388607,rest
22.0887,-7604036,rest
22.0930,-8388608,rest
22.0975,-7764567,rest
22.1010,8388607,rest
22.1052,8388607,rest
22.1094,-6836809,rest
22.1136,83860,rest
22.1182,-8388608,rest
22.1231,8388607,rest
22.1265,8388607,rest
22.1299,6097,rest
22.1366,-8388608,rest
22.1390,-8388608,rest
22.1431,8388607,rest
22.1479,38,rest
22.1512,-5160548,rest
22.1549,-8388608,rest
22.1587,-8388608,rest
22.1649,3,rest
22.1692,8388607,rest
22.1720,-4256928,rest
22.1729,-83,rest
22.1749,88608,rest
22.1770,-83886,rest
22.1790,8,rest
22.1802,7,rest
22.1852,8388607,rest
22.1872,-3035977,rest
22.1913,-8388608,rest
22.1974,8386,rest
22.2008,8388607,rest
22.2051,8388607,rest
22.2076,-1802099,rest
22.2131,838860,rest
22.2170,-8388608,rest
22.2199,8207063,rest
22.2239,8388607,rest
22.2281,-617404,rest
22.2329,-8388608,rest
22.2363,-8388608,rest
22.2404,7618743,rest
22.2444,8388607,rest
22.2491,621230,rest
22.2526,-8388608,rest
22.2568,-8388608,rest
22.2608,6957836,rest
22.2653,8388607,rest
22.2689,1752482,rest
22.2730,-8388608,rest
22.2772,-8388608,rest
22.2818,6310318,rest
22.2855,8388607,rest
22.2896,3038409,rest
22.2911,-,rest
22.2935,8388608,rest
22.2949,-,rest
22.2979,38,rest
22.2995,5,rest
22.3019,1345,rest
22.3035,8388,rest
22.3079,607,rest
22.3096,4098344,rest
22.3105,-8388608,rest
22.3151,-8388608,rest
22.3181,4525486,rest
22.3222,8388607,rest
22.3267,5062489,rest
22.3313,-8388608,rest
22.3346,-8388608,rest
22.3386,3522598,rest
22.3427,8388607,rest
22.3473,5972482,rest
22.3509,-8388608,rest
22.3550,-8388608,rest
22.3591,2380096,rest
22.3647,7,rest
22.3688,6713728,rest
22.3724,-8388608,rest
22.3757,-8388608,rest
22.3797,164,rest
22.3846,8388607,rest
22.3883,7619930,rest
22.3931,-8388608,rest
22.3959,-8388608,rest
22.4021,-16451,rest
22.4041,8388607,rest
22.4083,8311751,rest
22.4131,-8388608,rest
22.4164,-8388608,rest
22.4176,-,rest
22.4207,1225331,rest
22.4246,8388607,rest
22.4257,8,rest
22.4289,88607,rest
22.4305,-838,rest
22.4332,08,rest
22.4363,-8388608,rest
22.4376,-2427914,rest
22.4418,8388607,rest
22.4453,38867,rest
22.4502,-8388608,rest
22.4541,-8388608,rest
22.4575,-3368985,rest
22.4626,8388607,rest
22.4658,838867,rest
22.4708,-8388608,rest
22.4737,-8388608,rest
22.4798,-4222,rest
22.4823,8388607,rest
22.4869,8388607,rest
22.4904,-8388608,rest
22.4943,-8388608,rest
22.4996,-5034875,rest
22.5028,8388607,rest
22.5065,8388607,rest
22.5107,-8388608,rest
22.5152,-8388608,rest
22.5189,-5863277,rest
22.5229,8388607,rest
22.5271,8388607,rest
22.5314,-8388608,rest
22.5352,-8388608,rest
22.5393,-6657368,rest
22.5435,8388607,rest
22.5481,8388607,rest
22.5499,-,rest
22.5516,7927612,rest
22.5532,-8,rest
22.5557,388608,rest
22.5569,-7408,rest
22.5601,366,rest
22.5614,8388607,rest
22.5655,8388607,rest
22.5679,-7206920,rest
22.5720,-8388608,rest
22.5764,-8162820,rest
22.5805,8388607,rest
22.5844,8388607,rest
22.5885,-6435658,rest
22.5926,-8388608,rest
22.5971,-8388608,rest
22.6008,8388607,rest
22.6049,8388607,rest
22.6090,-5634371,rest
22.6143,-8388608,rest
22.6171,-8388608,rest
22.6212,8388607,rest
22.6256,8388607,rest
22.6296,306,rest
22.6346,-8388608,rest
22.6387,-8388608,rest
22.6426,8388607,rest
22.6459,807,rest
22.6521,-3588541,rest
22.6555,-8388608,rest
22.6585,-8388608,rest
22.6623,38607,rest
22.6669,8388607,rest
22.6743,-2450234,rest
22.6745,-8388608,rest
22.6757,-,rest
22.6786,388608,rest
22.6803,8,rest
22.6829,88607,rest
22.6847,8388,rest
22.6873,607,rest
22.6884,-1151132,rest
22.6909,-8388608,rest
22.6961,8386,rest
22.7002,7883487,rest
22.7035,8388607,rest
22.7075,39570,rest
22.7128,-3808,rest
22.7172,-8388608,rest
22.7201,7242095,rest
22.7236,8388607,rest
22.7278,1275482,rest
22.7327,-8388608,rest
22.7359,-8388608,rest
22.7399,6583279,rest
22.7442,8388607,rest
22.7489,2470411,rest
22.7523,-8388608,rest
22.7563,-8388608,rest
22.7604,5813694,rest
22.7656,8388607,rest
22.7686,3630874,rest
22.7727,-8388608,rest
22.7770,-8388608,rest
22.7812,5007268,rest
22.7850,8388607,rest
22.7891,4634680,rest
22.7934,-8388608,rest
22.7978,-8388608,rest
22.8014,4035033,rest
22.8055,8388607,rest
22.8066,5,rest
22.8098,528621,rest
22.8112,-838,rest
22.8140,8608,rest
22.8161,-838860,rest
22.8178,8,rest
22.8179,2954490,rest
22.8219,8388607,rest
22.8262,6377032,rest
22.8318,-8388608,rest
22.8342,-8388608,rest
22.8382,1705254,rest
22.8424,8388607,rest
22.8476,7166770,rest
22.8506,-8388608,rest
22.8547,-8388608,rest
22.8588,568356,rest
22.8633,8388607,rest
22.8673,7921433,rest
22.8710,-8388608,rest
22.8755,-8388608,rest
22.8809,-600934,rest
22.8833,8388607,rest
22.8874,8388607,rest
22.8918,-8388608,rest
22.8972,83,rest
22.9011,-1807062,rest
22.9047,8388607,rest
22.9079,8388607,rest
22.9122,83888,rest
22.9165,-8388608,rest
22.9205,-2877997,rest
22.9245,8388607,rest
22.9287,8388607,rest
22.9303,-,rest
22.9336,8388608,rest
22.9354,-8,rest
22.9366,388608,rest
22.9377,-371,rest
22.9407,0897,rest
22.9421,838860,rest
22.9449,7,rest
22.9453,8386,rest
22.9494,-8388608,rest
22.9535,-8388608,rest
22.9571,-4566084,rest
22.9612,8388607,rest
22.9660,8388607,rest
22.9694,-8388608,rest
22.9734,-8388608,rest
22.9776,-5395175,rest
22.9821,8388607,rest
22.9858,8388607,rest
22.9898,-8388608,rest
22.9939,-8388608,rest
22.9990,-6162567,rest
23.0022,8388607,rest
23.0062,8388607,rest
23.0103,-8310020,rest
23.0147,-8388608,rest
23.0186,-6964729,rest
23.0226,8388607,rest
23.0269,8388607,rest
23.0314,-7692284,flicker
23.0358,-8388608,flicker
23.0390,-7720223,flicker
23.0433,8388607,flicker
23.0475,8388607,flicker
23.0513,-6838211,flicker
23.0554,-8388608,flicker
23.0566,-,flicker
23.0595,8374034,flicker
23.0640,8388607,flicker
23.0653,838,flicker
23.0676,8607,flicker
23.0688,-611046,flicker
23.0717,2,flicker
23.0718,-8388608,flicker
23.0760,-8388608,flicker
23.0804,8388607,flicker
23.0840,8388607,flicker
23.0881,-5208723,flicker
23.0922,-8388608,flicker
23.0971,-8388608,flicker
23.1007,8388607,flicker
23.1045,8388607,flicker
23.1094,-4238291,flicker
23.1133,-8388608,flicker
23.1168,-8388608,flicker
23.1209,8388607,flicker
23.1252,8388607,flicker
23.1301,-3158857,flicker
23.1336,-8388608,flicker
23.1373,-8388608,flicker
23.1414,8388607,flicker
23.1470,36,flicker
23.1502,-2016631,flicker
23.1540,-8388608,flicker
23.1587,-8388608,flicker
23.1620,251,flicker
23.1666,8388607,flicker
23.1708,-822910,flicker
23.1767,-8388608,flicker
23.1790,-8388608,flicker
23.1827,72169,flicker
23.1866,8388607,flicker
23.1923,463185,flicker
23.1962,-8388608,flicker
23.1979,-83886,flicker
23.1987,08,flicker
23.1997,7060426,flicker
23.2037,8388607,flicker
23.2069,1663872,flicker
23.2115,-8388,flicker
23.2158,-8388608,flicker
23.2201,6332075,flicker
23.2233,8388607,flicker
23.2274,2796925,flicker
23.2320,-8388608,flicker
23.2359,-8388608,flicker
23.2397,5631905,flicker
23.2438,8388607,flicker
23.2484,3891701,flicker
23.2523,-8388608,flicker
23.2561,-8388608,flicker
23.2604,4703585,flicker
23.2644,8388607,flicker
23.2683,4873532,flicker
23.2724,-8388608,flicker
23.2768,-8388608,flicker
23.2818,3705912,flicker
23.2847,8388607,flicker
23.2888,5831502,flicker
23.2930,-8388608,flicker
23.2982,-8388608,flicker
23.3011,2576995,flicker
23.3052,8388607,flicker
23.3094,6637641,flicker
23.3109,-,flicker
23.3136,8388608,flicker
23.3151,-,flicker
23.3175,8388608,flicker
23.3189,133,flicker
23.3215,4400,flicker
23.3227,83886,flicker
23.3257,07,flicker
23.3272,7465684,flicker
23.3306,-8388608,flicker
23.3339,-8388608,flicker
23.3379,189655,flicker
23.3421,8388607,flicker
23.3469,8187425,flicker
23.3514,-8388608,flicker
23.3550,-8388608,flicker
23.3586,-938778,flicker
23.3631,8388607,flicker
23.3677,8388607,flicker
23.3707,-8388608,flicker
23.3759,-8388608,flicker
23.3794,-2162539,flicker
23.3830,8388607,flicker
23.3871,8388607,flicker
23.3912,-8388608,flicker
23.3971,83,flicker
23.4005,-3115360,flicker
23.4048,8388607,flicker
23.4077,8388607,flicker
23.4122,83860,flicker
23.4162,-8388608,flicker
23.4199,-4052565,flicker
23.4240,8388607,flicker
23.4284,860,flicker
23.4326,-8388608,flicker
23.4375,-8388608,flicker
23.4386,-,flicker
23.4403,4838979,flicker
23.4463,8388673,flicker
23.4488,8607,flicker
23.4500,-83886,flicker
23.4539,08,flicker
23.4554,-8388608,flicker
23.4568,-5654783,flicker
23.4609,8388607,flicker
23.4659,8388607,flicker
23.4690,-8388608,flicker
23.4731,-8388608,flicker
23.4773,-6467092,flicker
23.4820,8388607,flicker
23.4854,8388607,flicker
23.4896,-8089400,flicker
23.4936,-8388608,flicker
23.4986,-7235847,flicker
23.5019,8388607,flicker
23.5059,8388607,flicker
23.5101,-7383416,flicker
23.5148,-8388608,flicker
23.5189,-7982049,flicker
23.5223,8388607,flicker
23.5265,8388607,flicker
23.5315,-6603378,flicker
23.5348,-8388608,flicker
23.5387,-8388608,flicker
23.5432,8388607,flicker
23.5473,8388607,flicker
23.5523,-5812389,flicker
23.5551,-8388608,flicker
23.5592,-8388608,flicker
23.5639,8388607,flicker
23.5678,8388607,flicker
23.5689,-,flicker
23.5714,4970747,flicker
23.5727,-83,flicker
23.5755,88608,flicker
23.5772,-8388,flicker
23.5799,608,flicker
23.5819,8388607,flicker
23.5838,8388607,flicker
23.5878,-3899028,flicker
23.5924,-8388608,flicker
23.5966,-8388608,flicker
23.6014,8388607,flicker
23.6042,8388607,flicker
23.6084,-2808133,flicker
23.6126,83868,flicker
23.6170,-8388608,flicker
23.6214,8388607,flicker
23.6247,8388607,flicker
23.6293,-1492850,flicker
23.6333,-8388608,flicker
23.6369,-8388608,flicker
23.6410,8089399,flicker
23.6468,386,flicker
23.6498,-350263,flicker
23.6545,-8388608,flicker
23.6575,-8388608,flicker
23.6631,498,flicker
23.6665,8388607,flicker
23.6700,908266,flicker
23.6746,-8388608,flicker
23.6784,-8388608,flicker
23.6829,6837622,flicker
23.6865,8388607,flicker
23.6902,2066636,flicker
23.6906,-,flicker
23.6943,8388608,flicker
23.6956,-,flicker
23.6997,8388608,flicker
23.7015,61,flicker
23.7025,04221,flicker
23.7038,8388,flicker
23.7066,607,flicker
23.7088,3263158,flicker
23.7109,-8388608,flicker
23.7152,-8388608,flicker
23.7189,5267335,flicker
23.7230,8388607,flicker
23.7274,4270012,flicker
23.7316,-8388608,flicker
23.7353,-8388608,flicker
23.7394,4345266,flicker
23.7436,8388607,flicker
23.7491,5293551,flicker
23.7517,-8388608,flicker
23.7558,-8388608,flicker
23.7602,3296469,flicker
23.7644,8388607,flicker
23.7680,6096649,flicker
23.7721,-8388608,flicker
23.7763,-8388608,flicker
23.7804,21226,flicker
23.7848,8388607,flicker
23.7886,6929786,flicker
23.7926,-8388608,flicker
23.7972,-8388608,flicker
23.8008,974199,flicker
23.8049,8388607,flicker
23.8090,7738853,flicker
23.8136,-8388608,flicker
23.8172,-8388608,flicker
23.8182,-,flicker
23.8212,189250,flicker
23.8258,8388607,flicker
23.8272,8,flicker
23.8306,388607,flicker
23.8323,-8388,flicker
23.8336,608,flicker
23.8347,-8388608,flicker
23.8377,-1378660,flicker
23.8418,8388607,flicker
23.8477,388607,flicker
23.8506,-8388608,flicker
23.8542,-8388608,flicker
23.8585,-2505791,flicker
23.8633,8388607,flicker
23.8663,8388607,flicker
23.8704,-8388608,flicker
23.8745,-8388608,flicker
23.8788,3444400,flicker
23.8832,8388607,flicker
23.8868,8388607,flicker
23.8909,-8388608,flicker
23.8953,886,flicker
23.9003,-4282094,flicker
23.9032,8388607,flicker
23.9079,8388607,flicker
23.9115,-8388608,flicker
23.9165,-8388608,flicker
23.9196,-5095280,flicker
23.9237,8388607,flicker
23.9279,8388607,flicker
23.9323,-8388608,flicker
23.9360,-8388608,flicker
23.9401,-5907100,flicker
23.9443,8388607,flicker
23.9486,8388607,flicker
23.9499,-,flicker
23.9524,8388608,flicker
23.9532,-8,flicker
23.9564,388608,flicker
23.9578,-668,flicker
23.9606,3272,flicker
23.9622,838860,flicker
23.9649,7,flicker
23.9654,8388607,flicker
23.9687,-7912904,flicker
23.9729,-8388608,flicker
23.9770,-7467277,flicker
23.9815,8388607,flicker
23.9851,8388607,flicker
23.9892,-7172818,flicker
23.9935,-8388608,flicker
23.9982,-8158257,flicker
24.0015,8388607,flicker
24.0056,8388607,flicker
24.0099,-6391308,flicker
24.0143,-8388608,flicker
24.0179,-8388608,flicker
24.0220,8388607,flicker
24.0261,8388607,flicker
24.0314,-5512965,flicker
24.0343,-8388608,flicker
24.0384,-8388608,flicker
24.0425,8388607,flicker
24.0472,8388607,flicker
24.0507,-4618518,flicker
24.0547,-8388608,flicker
24.0589,-8388608,flicker
24.0630,388607,flicker
24.0676,8388607,flicker
24.0721,-3527858,flicker
24.0736,-,flicker
24.0752,8388608,flicker
24.0766,-,flicker
24.0812,388608,flicker
24.0843,8388607,flicker
24.0855,838,flicker
24.0875,8607,flicker
24.0887,-242708,flicker
24.0916,6,flicker
24.0918,-8388608,flicker
24.0967,-8388608,flicker
24.0998,8388607,flicker
24.1039,8388607,flicker
24.1080,-1143065,flicker
24.1126,-8388608,flicker
24.1168,-8388608,flicker
24.1203,7957027,flicker
24.1244,8388607,flicker
24.1285,9903,flicker
24.1331,-8388608,flicker
24.1379,-8388608,flicker
24.1408,7296776,flicker
24.1465,07,flicker
24.1495,1275402,flicker
24.1531,-8388608,flicker
24.1571,-8388608,flicker
24.1613,6596070,flicker
24.1666,8388607,flicker
24.1694,2405823,flicker
24.1735,-8388608,flicker
24.1779,-8388608,flicker
24.1819,5906050,flicker
24.1858,8388607,flicker
24.1899,3530407,flicker
24.1940,-8388608,flicker
24.1988,-8388608,flicker
24.2022,5051130,flicker
24.2063,8388607,flicker
24.2105,4609059,flicker
24.2114,-838,flicker
24.2147,8608,flicker
24.2160,-838860,flicker
24.2185,8,flicker
24.2186,4044872,flicker
24.2227,8388607,flicker
24.2268,5502945,flicker
24.2323,-8388608,flicker
24.2350,-8388608,flicker
24.2390,2981339,flicker
24.2434,8388607,flicker
24.2478,6273484,flicker
24.2519,-8388608,flicker
24.2554,-8388608,flicker
24.2599,1806656,flicker
24.2639,8388607,flicker
24.2677,7069338,flicker
24.2719,-8388608,flicker
24.2760,-8388608,flicker
24.2804,662979,flicker
24.2850,8388607,flicker
24.2882,7918026,flicker
24.2924,-8388608,flicker
24.2973,-8388608,flicker
24.3005,-508828,flicker
24.3046,8388607,flicker
24.3087,8388607,flicker
24.3132,-8388608,flicker
24.3169,-8388608,flicker
24.3210,-1699900,flicker
24.3252,8388607,flicker
24.3292,388607,flicker
24.3337,8388608,flicker
24.3353,-,flicker
24.3374,8388608,flicker
24.3384,-287,flicker
24.3414,3793,flicker
24.3430,83886,flicker
24.3456,7,flicker
24.3476,367,flicker
24.3505,-8388608,flicker
24.3537,-8388608,flicker
24.3578,-3767665,flicker
24.3631,3,flicker
24.3661,8388607,flicker
24.3705,-8388608,flicker
24.3745,-8388608,flicker
24.3785,397,flicker
24.3830,8388607,flicker
24.3868,8388607,flicker
24.3906,-8388608,flicker
24.3948,-8388608,flicker
24.4001,-5408775,flicker
24.4029,8388607,flicker
24.4070,8388607,flicker
24.4112,-8388608,flicker
24.4158,-8388608,flicker
24.4193,-6190690,flicker
24.4234,8388607,flicker
24.4275,8388607,flicker
24.4323,-8295312,flicker
24.4357,-8388608,flicker
24.4398,-7020451,flicker
24.4439,8388607,flicker
24.4490,8388607,flicker
24.4521,-7604036,flicker
24.4561,-8388608,flicker
24.4577,-,flicker
24.4603,7771731,flicker
24.4652,8388607,flicker
24.4667,838,flicker
24.4684,8607,flicker
24.4697,-68325,flicker
24.4725,84,flicker
24.4742,-8388608,flicker
24.4769,-8388608,flicker
24.4815,8388607,flicker
24.4848,8388607,flicker
24.4889,-6021534,flicker
24.4932,-8388608,flicker
24.4980,-8388608,flicker
24.5012,8388607,flicker
24.5053,8388607,flicker
24.5094,-5174930,flicker
24.5142,-8388608,flicker
24.5176,-8388608,flicker
24.5217,8388607,flicker
24.5258,8388607,flicker
24.5303,-4154287,flicker
24.5350,-8388608,flicker
24.5382,-8388608,flicker
24.5422,8388607,flicker
24.5469,8388607,flicker
24.5515,-3036330,flicker
24.5547,-8388608,flicker
24.5586,-8388608,flicker
24.5632,8388607,flicker
24.5672,8388607,flicker
24.5708,-1809617,flicker
24.5752,-8388608,flicker
24.5796,-8388608,flicker
24.5831,8207063,flicker
24.5872,8388607,flicker
24.5883,-,flicker
24.5913,627907,flicker
24.5928,-83,flicker
24.5956,86,flicker
24.5972,38,flicker
24.5995,08,flicker
24.6019,7662867,flicker
24.6036,8388607,flicker
24.6077,488432,flicker
24.6132,88,flicker
24.6165,-8388608,flicker
24.6215,6997921,flicker
24.6245,8388607,flicker
24.6283,7417,flicker
24.6344,-8388608,flicker
24.6377,-8388608,flicker
24.6413,6278992,flicker
24.6446,8388607,flicker
24.6489,2971197,flicker
24.6527,-8388608,flicker
24.6569,-8388608,flicker
24.6610,5543525,flicker
24.6666,8388607,flicker
24.6691,4073834,flicker
24.6732,-8388608,flicker
24.6773,-8388608,flicker
24.6824,4593019,flicker
24.6855,8388607,flicker
24.6896,5059603,flicker
24.6937,-8388608,flicker
24.6989,-8388608,flicker
24.7019,3558247,flicker
24.7062,8388607,flicker
24.7102,5911023,flicker
24.7123,-,flicker
24.7147,8388608,flicker
24.7160,-,flicker
24.7183,8388608,flicker
24.7199,23,flicker
24.7224,69480,flicker
24.7238,83886,flicker
24.7268,07,flicker
24.7287,6750872,flicker
24.7316,-8388608,flicker
24.7347,-8388608,flicker
24.7388,1083084,flicker
24.7429,8388607,flicker
24.7474,7590230,flicker
24.7510,-8388608,flicker
24.7551,-8388608,flicker
24.7593,-76901,flicker
24.7635,8388607,flicker
24.7675,8311052,flicker
24.7716,-8388608,flicker
24.7757,-8388608,flicker
24.7800,153,flicker
24.7842,8388607,flicker
24.7881,8388607,flicker
24.7926,-8388608,flicker
24.7978,830,flicker
24.8010,-2415937,flicker
24.8045,8388607,flicker
24.8085,8388607,flicker
24.8128,83868,flicker
24.8171,-8388608,flicker
24.8209,-3371266,flicker
24.8247,8388607,flicker
24.8294,8388607,flicker
24.8330,-8388608,flicker
24.8371,-8388608,flicker
24.8384,-,flicker
24.8412,4173950,flicker
24.8467,388078,flicker
24.8495,8607,flicker
24.8512,-83886,flicker
24.8536,08,flicker
24.8559,-8388608,flicker
24.8576,-5033004,flicker
24.8618,380,flicker
24.8668,8388607,flicker
24.8700,-8388608,flicker
24.8740,-8388608,flicker
24.8796,54318,flicker
24.8842,8388607,flicker
24.8869,8388607,flicker
24.8903,-8388608,flicker
24.8944,-8388608,flicker
24.8989,-6675334,flicker
24.9026,8388607,flicker
24.9067,8388607,flicker
24.9108,-7912904,flicker
24.9153,-8388608,flicker
24.9190,-7477135,flicker
24.9230,8388607,flicker
24.9272,8388607,flicker
24.9323,-7168025,flicker
24.9357,-8388608,flicker
24.9395,-8176813,flicker
24.9436,8388607,flicker
24.9486,8388607,flicker
24.9518,-6364981,flicker
24.9558,-8388608,flicker
24.9602,-8388608,flicker
24.9651,8388607,flicker
24.9686,8388607,flicker
24.9699,-,flicker
24.9722,5553528,flicker
24.9736,-83,flicker
24.9765,88608,flicker
24.9769,-8388,flicker
24.9814,608,flicker
24.9833,8388607,flicker
24.9845,8388607,flicker
24.9886,-4587324,flicker
24.9930,-8388608,flicker
24.9971,-8388608,flicker
25.0009,8388607,flicker
25.0050,8388607,flicker
25.0091,-3510578,flicker
25.0137,-8388608,flicker
25.0177,-8388608,flicker
25.0213,8388607,flicker
25.0255,8388607,flicker
25.0311,2301,flicker
25.0346,-8388608,flicker
25.0385,-8388608,flicker
25.0419,8388607,flicker
25.0465,8388607,flicker
25.0501,-993109,flicker
25.0541,-8388608,flicker
25.0590,-8388608,flicker
25.0628,7883487,flicker
25.0671,8388607,flicker
25.0705,129430,flicker
25.0746,-8388608,flicker
25.0789,8808,flicker
25.0833,7258101,flicker
25.0873,8388607,flicker
25.0910,1344262,flicker
25.0922,-,flicker
25.0952,38868,flicker
25.0964,-,flicker
25.1001,388608,flicker
25.1023,6,flicker
25.1038,556614,flicker
25.1054,8388,flicker
25.1074,607,flicker
25.1084,2545778,flicker
25.1116,-8388608,flicker
25.1160,-8388608,flicker
25.1197,5808217,flicker
25.1237,8388607,flicker
25.1281,3670771,flicker
25.1327,-8388608,flicker
25.1361,-8388608,flicker
25.1402,4955542,flicker
25.1443,8388607,flicker
25.1495,4741032,flicker
25.1524,-8388608,flicker
25.1565,-8388608,flicker
25.1607,3907986,flicker
25.1651,8388607,flicker
25.1689,5613161,flicker
25.1729,-8388608,flicker
25.1770,-8388608,flicker
25.1815,2818629,flicker
25.1853,8388607,flicker
25.1893,6455946,flicker
25.1937,-8388608,flicker
25.1982,-8388608,flicker
25.2018,1610807,flicker
25.2057,8388607,flicker
25.2099,7297627,flicker
25.2149,-8388608,flicker
25.2180,-8388608,flicker
25.2220,448966,flicker
25.2264,8388607,flicker
25.2284,8,flicker
25.2308,081087,flicker
25.2327,-8388,flicker
25.2344,608,flicker
25.2356,-8388608,flicker
25.2385,-817080,flicker
25.2426,8388607,flicker
25.2473,8388607,flicker
25.2507,-8388608,flicker
25.2548,-8388608,flicker
25.2590,-2041892,flicker
25.2638,8388607,flicker
25.2671,8388607,flicker
25.2713,-8388608,flicker
25.2753,-8388608,flicker
25.2812,3038,flicker
25.2840,8388607,flicker
25.2891,8388607,flicker
25.2918,-8388608,flicker
25.2965,-8388608,flicker
25.3007,-3928060,flicker
25.3040,8388607,flicker
25.3080,8388607,flicker
25.3133,8368,flicker
25.3180,-8388608,flicker
25.3214,-4694016,flicker
25.3260,8388607,flicker
25.3300,36,flicker
25.3339,-8388608,flicker
25.3379,-8388608,flicker
25.3409,-5556153,flicker
25.3453,3867,flicker
25.3493,8388607,flicker
25.3507,-,flicker
25.3532,8388608,flicker
25.3549,-8,flicker
25.3572,388608,flicker
25.3586,-6353,flicker
25.3616,42,flicker
25.3620,367,flicker
25.3666,8388607,flicker
25.3697,-8162940,flicker
25.3736,-8388608,flicker
25.3798,-7148873,flicker
25.3821,8388607,flicker
25.3859,8388607,flicker
25.3900,-7442248,flicker
25.3942,-8388608,flicker
25.3983,-7880222,flicker
25.4022,8388607,flicker
25.4064,8388607,flicker
25.4106,-6674668,flicker
25.4155,-8388608,flicker
25.4187,-8388608,flicker
25.4228,8388607,flicker
25.4271,8388607,flicker
25.4321,-5840952,flicker
25.4355,-8388608,flicker
25.4391,-8388608,flicker
25.4434,8388607,flicker
25.4482,8388607,flicker
25.4514,-4989548,flicker
25.4555,-8388608,flicker
25.4599,-8388608,flicker
25.4639,8388607,flicker
25.4678,8388607,flicker
25.4719,-3893522,flicker
25.4734,-,flicker
25.4760,8388608,flicker
25.4768,-,flicker
25.4802,8388608,flicker
25.4813,8,flicker
25.4842,388607,flicker
25.4855,8388,flicker
25.4883,607,flicker
25.4894,-274027,flicker
25.4925,9,flicker
25.4926,-8388608,flicker
25.4973,-8388608,flicker
25.5005,8388607,flicker
25.5047,8388607,flicker
25.5089,-1465669,flicker
25.5133,-8388608,flicker
25.5179,-8388608,flicker
25.5212,8089399,flicker
25.5252,8388607,flicker
25.5293,-239337,flicker
25.5333,-8388608,flicker
25.5375,-8388608,flicker
25.5417,7499860,flicker
25.5474,38,flicker
25.5511,951598,flicker
25.5542,-8388608,flicker
25.5579,-8388608,flicker
25.5622,7587,flicker
25.5668,8388607,flicker
25.5715,2218696,flicker
25.5744,-8388608,flicker
25.5787,888,flicker
25.5831,6032007,flicker
25.5879,8388607,flicker
25.5920,3412013,flicker
25.5950,-8388608,flicker
25.6000,-8388608,flicker
25.6030,5171429,flicker
25.6071,8388607,flicker
25.6081,4,flicker
25.6114,455673,flicker
25.6122,88,flicker
25.6156,8608,flicker
25.6175,-838860,flicker
25.6194,8,flicker
25.6202,4179412,flicker
25.6235,8388607,flicker
25.6276,5477880,flicker
25.6324,-8388608,flicker
25.6357,-8388608,flicker
25.6398,3094628,flicker
25.6440,8388607,flicker
25.6482,6291262,flicker
25.6521,-8388608,flicker
25.6562,-8388608,flicker
25.6603,1851769,flicker
25.6652,8388607,flicker
25.6685,7095650,flicker
25.6726,-8388608,flicker
25.6768,-8388608,flicker
25.6811,681394,flicker
25.6850,8388607,flicker
25.6890,7947238,flicker
25.6934,-8388608,flicker
25.6986,-8388608,flicker
25.7013,-520572,flicker
25.7054,8388607,flicker
25.7099,8388607,flicker
25.7139,-8388608,flicker
25.7177,-8388608,flicker
25.7218,-1670834,flicker
25.7259,8388607,flicker
25.7307,8388607,flicker
25.7318,-,flicker
25.7341,8388608,flicker
25.7352,-8,flicker
25.7382,388608,flicker
25.7398,-276,flicker
25.7423,5433,flicker
25.7438,838860,flicker
25.7468,7,flicker
25.7479,8388607,flicker
25.7507,-8388608,flicker
25.7545,-8388608,flicker
25.7587,-3758268,flicker
25.7645,388607,flicker
25.7681,8388607,flicker
25.7719,-8388608,flicker
25.7753,-8388608,flicker
25.7791,-4507881,flicker
25.7842,8388607,flicker
25.7875,8388607,flicker
25.7917,-8388608,flicker
25.7957,880,flicker
25.8006,-5368557,flicker
25.8047,8388607,flicker
25.8098,8388607,flicker
25.8120,-8388608,flicker
25.8166,-8388608,flicker
25.8203,-6164091,flicker
25.8241,8388607,flicker
25.8284,8388607,flicker
25.8333,-8295312,flicker
25.8365,-8388608,flicker
25.8405,-6981695,flicker
25.8449,8380,flicker
25.8500,8388607,flicker
25.8530,-7618744,flicker
25.8589,-8388608,flicker
25.8597,-,flicker
25.8611,7714926,flicker
25.8655,8388607,flicker
25.8671,838,flicker
25.8692,8607,flicker
25.8710,-683987,flicker
25.8732,2,flicker
25.8747,-8388608,flicker
25.8775,-8386850,flicker
25.8820,8388607,flicker
25.8860,8388607,flicker
25.8897,-6057313,flicker
25.8939,-8388608,flicker
25.8986,-8388608,flicker
25.9020,8388607,flicker
25.9061,8388607,flicker
25.9103,-5132100,flicker
25.9153,-8388608,flicker
25.9184,-8388608,flicker
25.9224,8388607,flicker
25.9267,8388607,flicker
25.9311,-4160733,flicker
25.9358,-8388608,flicker
25.9389,-8388608,flicker
25.9431,8388607,flicker
25.9474,8388607,flicker
25.9517,-2985441,flicker
25.9552,-8388608,flicker
25.9594,-8388608,flicker
25.9640,8388607,flicker
25.9675,8388607,flicker
25.9716,-1790686,flicker
25.9757,-8388608,flicker
25.9807,-8388608,flicker
25.9845,8221771,flicker
25.9880,8388607,flicker
25.9882,-,flicker
25.9921,535973,flicker
25.9936,-83,flicker
25.9963,860,flicker
25.9983,38,flicker
26.0007,08,flicker
26.0024,7677575,flicker
26.0044,8388607,flicker
26.0093,656298,flicker
26.0136,-8388608,flicker
26.0167,-8388608,flicker
26.0207,6983934,flicker
26.0249,8388607,flicker
26.0305,74,flicker
26.0340,-8388608,flicker
26.0384,-8388608,flicker
26.0418,6315456,flicker
26.0454,3867,flicker
26.0511,03628,flicker
26.0542,-8388608,flicker
26.0579,-8388608,flicker
26.0619,4961,flicker
26.0662,8388607,flicker
26.0706,4181327,flicker
26.0752,-8388608,flicker
26.0783,-8388608,flicker
26.0826,4582597,flicker
26.0868,8388607,flicker
26.0904,5090863,flicker
26.0950,-836,flicker
26.1000,-8388608,flicker
26.1030,3565766,flicker
26.1069,8388607,flicker
26.1109,5958938,flicker
26.1122,-,flicker
26.1153,8388608,flicker
26.1167,-,flicker
26.1191,8388608,flicker
26.1204,24,flicker
26.1232,31036,flicker
26.1244,83886,flicker
26.1273,07,flicker
26.1283,6779360,flicker
26.1322,-8388608,flicker
26.1354,-8388608,flicker
26.1395,1152855,flicker
26.1437,8388607,flicker
26.1486,7658696,flicker
26.1518,-8388608,flicker
26.1559,-8388608,flicker
26.1605,8060,flicker
26.1646,8388607,flicker
26.1682,8346181,flicker
26.1723,-8388608,flicker
26.1768,-8388608,flicker
26.1809,-1238334,flicker
26.1846,8388607,flicker
26.1887,8388607,flicker
26.1931,-8388608,flicker
26.1975,-8388608,flicker
26.2011,-2415835,flicker
26.2051,8388607,flicker
26.2092,8388607,flicker
26.2137,-8388608,flicker
26.2174,-8388608,flicker
26.2214,-3479456,flicker
26.2256,8388607,flicker
26.2313,8388607,flicker
26.2338,-8388608,flicker
26.2378,-8388608,flicker
26.2391,-,flicker
26.2426,4292000,flicker
26.2464,8388607,flicker
26.2479,83,flicker
26.2501,88607,flicker
26.2518,-83886,flicker
26.2542,08,flicker
26.2559,-8388608,flicker
26.2586,-5147622,flicker
26.2625,388607,flicker
26.2670,8388607,flicker
26.2710,-8388608,flicker
26.2747,-8388608,flicker
26.2788,5982428,flicker
26.2835,8388607,flicker
26.2870,8388607,flicker
26.2911,-8388608,flicker
26.2954,8388,flicker
26.3015,-6806563,flicker
26.3065,8388607,flicker
26.3075,8388607,flicker
26.3131,1,flicker
26.3168,-8388608,flicker
26.3204,-7578893,flicker
26.3240,8388607,flicker
26.3284,8807,flicker
26.3325,-7007593,flicker
26.3363,-8388608,flicker
26.3413,-8265612,flicker
26.3444,8388607,flicker
26.3485,8388607,flicker
26.3525,-6222673,flicker
26.3566,-8388608,flicker
26.3608,-8388608,flicker
26.3657,8388607,flicker
26.3689,8388607,flicker
26.3702,-,flicker
26.3730,5338499,flicker
26.3748,-83,flicker
26.3773,88608,flicker
26.3786,-83886,flicker
26.3815,08,flicker
26.3837,8388607,flicker
26.3853,8388607,flicker
26.3894,-4383085,flicker
26.3936,-8388608,flicker
26.3984,-8388608,flicker
26.4017,8388607,flicker
26.4058,8388607,flicker
26.4100,-3247862,flicker
26.4149,-8388608,flicker
26.4181,-8388608,flicker
26.4222,8388607,flicker
26.4266,8388607,flicker
26.4316,-2095616,flicker
26.4345,-8388608,flicker
26.4385,-8388608,flicker
26.4427,8383559,flicker
26.4473,8388607,flicker
26.4508,-881965,flicker
26.4549,-8388608,flicker
26.4592,-8388608,flicker
26.4636,7809947,flicker
26.4672,8388607,flicker
26.4713,392763,flicker
26.4754,-8388608,flicker
26.4812,838860,flicker
26.4844,7138321,flicker
26.4878,8388607,flicker
26.4929,1599368,flicker
26.4933,-,flicker
26.4960,38,flicker
26.5004,8388608,flicker
26.5018,64,flicker
26.5041,13950,flicker
26.5053,83886,flicker
26.5082,07,flicker
26.5098,2816966,flicker
26.5133,-8388608,flicker
26.5164,-8388608,flicker
26.5212,5626455,flicker
26.5245,8388607,flicker
26.5288,96,flicker
26.5328,-8388608,flicker
26.5369,-8388608,flicker
26.5409,4692909,flicker
26.5466,3860,flicker
26.5501,4923369,flicker
26.5537,-8388608,flicker
26.5574,-8388608,flicker
26.5623,355,flicker
26.5664,8388607,flicker
26.5706,5872506,flicker
26.5737,-8388608,flicker
26.5796,-8388608,flicker
26.5819,2528163,flicker
26.5860,8388607,flicker
26.5901,6656760,flicker
26.5943,-8388608,flicker
26.5983,-8388608,flicker
26.6024,1399808,flicker
26.6065,8388607,flicker
26.6107,7500594,flicker
26.6156,-8388608,flicker
26.6188,-8388608,flicker
26.6228,226860,flicker
26.6271,8388607,flicker
26.6285,8,flicker
26.6315,214818,flicker
26.6328,-8388,flicker
26.6351,608,flicker
26.6365,-8388608,flicker
26.6393,-984859,flicker
26.6436,8388607,flicker
26.6480,8388607,flicker
26.6515,-8388608,flicker
26.6556,-8388608,flicker
26.6599,-2176530,flicker
26.6648,8388607,flicker
26.6679,8388607,flicker
26.6720,-8388608,flicker
26.6764,-8388608,flicker
26.6813,-3213864,flicker
26.6843,8388607,flicker
26.6884,8388607,flicker
26.6926,-8388608,flicker
26.6980,-8388608,flicker
26.7007,-4075140,flicker
26.7048,8388607,flicker
26.7089,8388607,flicker
26.7136,-8388608,flicker
26.7171,-8388608,flicker
26.7211,-4899847,flicker
26.7253,8388607,flicker
26.7309,388607,flicker
26.7340,-8388608,flicker
26.7387,-8388608,flicker
26.7421,-5709631,flicker
26.7475,360,flicker
26.7508,8388607,flicker
26.7521,-,flicker
26.7550,8388608,flicker
26.7566,-8,flicker
26.7580,388608,flicker
26.7600,-6526,flicker
26.7621,70,flicker
26.7634,880,flicker
26.7671,8388607,flicker
26.7713,-8074692,flicker
26.7767,-8388608,flicker
26.7786,-7342317,flicker
26.7829,8388607,flicker
26.7867,8388607,flicker
26.7908,-7265752,flicker
26.7950,838860,flicker
26.8008,-8041254,flicker
26.8034,8388607,flicker
26.8072,8388607,flicker
26.8117,-643,flicker
26.8169,-8388608,flicker
26.8198,-8388608,flicker
26.8235,8388607,flicker
26.8292,838867,flicker
26.8346,-5643461,flicker
26.8369,-8388608,flicker
26.8400,-8388608,flicker
26.8441,8388607,flicker
26.8488,8388607,flicker
26.8522,-4721847,flicker
26.8563,-8388608,flicker
26.8605,-8388608,flicker
26.8654,8388607,flicker
26.8686,8388607,flicker
26.8727,-3666223,flicker
26.8742,-,flicker
26.8770,8388608,flicker
26.8786,-,flicker
26.8815,8388608,flicker
26.8832,8,flicker
26.8850,388607,flicker
26.8862,8388,flicker
26.8890,607,flicker
26.8901,-250696,flicker
26.8933,5,flicker
26.8935,-8388608,flicker
26.8984,-8388608,flicker
26.9014,8388607,flicker
26.9055,8388607,flicker
26.9097,-1278273,flicker
26.9142,-8388608,flicker
26.9178,-8388608,flicker
26.9218,8001151,flicker
26.9260,8388607,flicker
26.9307,-38528,flicker
26.9341,-8388608,flicker
26.9382,-8388608,flicker
26.9425,7370307,flicker
26.9469,8388607,flicker
26.9505,1124987,flicker
26.9546,-8388608,flicker
26.9588,-8388608,flicker
26.9639,6718556,flicker
26.9669,8388607,flicker
26.9710,2281795,flicker
26.9752,-8388608,flicker
26.9803,-8388608,flicker
26.9833,5949083,flicker
26.9874,8388607,flicker
26.9918,3488387,flicker
26.9958,838868,flicker
27.0006,-8388608,flicker
27.0051,5115316,flicker
27.0087,8388607,flicker
27.0122,5695,flicker
27.0161,8608,flicker
27.0172,-838860,flicker
27.0201,8,flicker
27.0202,4150812,flicker
27.0242,8388607,flicker
27.0284,5446555,flicker
27.0332,-8388608,flicker
27.0365,-8388608,flicker
27.0406,3052232,flicker
27.0461,880,flicker
27.0494,6354558,flicker
27.0529,-8388608,flicker
27.0570,-8388608,flicker
27.0618,187732,flicker
27.0655,8388607,flicker
27.0693,7099171,flicker
27.0734,-8388608,flicker
27.0776,-8388608,flicker
27.0826,682299,flicker
27.0857,8388607,flicker
27.0898,7959177,flicker
27.0939,-8388608,flicker
27.0989,-8388608,flicker
27.1021,-513038,flicker
27.1062,8388607,flicker
27.1104,8388607,flicker
27.1154,-8388608,flicker
27.1184,-8388608,flicker
27.1225,-1678986,flicker
27.1267,8388607,flicker
27.1315,8388607,flicker
27.1332,-,flicker
27.1348,8388608,flicker
27.1362,-,flicker
27.1390,8388608,flicker
27.1399,-281,flicker
27.1435,3088,flicker
27.1441,838860,flicker
27.1471,7,flicker
27.1482,8388607,flicker
27.1512,-8388608,flicker
27.1553,-8388608,flicker
27.1596,-3716142,flicker
27.1641,8388607,flicker
27.1676,8388607,flicker
27.1717,-8388608,flicker
27.1759,-8388608,flicker
27.1806,-4541470,flicker
27.1840,8388607,flicker
27.1881,8388607,flicker
27.1922,-8388608,flicker
27.1971,-8388608,flicker
27.2004,-5409978,flicker
27.2045,8388607,flicker
27.2090,8388607,flicker
27.2135,-8388608,flicker
27.2168,-8388608,flicker
27.2208,-6194983,flicker
27.2252,8388607,flicker
27.2291,38860,flicker
27.2340,-8295312,flicker
27.2379,-8388608,flicker
27.2417,-7025309,flicker
27.2469,380,flicker
27.2503,8388607,flicker
27.2538,-7618744,flicker
27.2578,-8388608,flicker
27.2591,-,flicker
27.2630,751783,flicker
27.2670,8388607,flicker
27.2701,838,flicker
27.2711,8607,flicker
27.2728,-691439,flicker
27.2741,2,flicker
27.2757,-8388608,flicker
27.2789,-8388608,flicker
27.2823,8388607,flicker
27.2864,8388607,flicker
27.2905,-6026628,flicker
27.2961,8808,flicker
27.3000,-8388608,flicker
27.3040,8388607,flicker
27.3069,8388607,flicker
27.3114,-51545,flicker
27.3164,-8388608,flicker
27.3198,-8388608,flicker
27.3232,8388607,flicker
27.3274,8388607,flicker
27.3319,-4074292,flicker
27.3355,-8388608,flicker
27.3396,-8388608,flicker
27.3438,8388607,flicker
27.3493,8388607,flicker
27.3519,-2946243,flicker
27.3561,-8388608,flicker
27.3604,-8388608,flicker
27.3647,8388607,flicker
27.3683,8388607,flicker
27.3724,-1769172,flicker
27.3768,-8388608,flicker
27.3810,-8388608,flicker
27.3847,8251187,flicker
27.3888,8388607,flicker
27.3899,-4,flicker
27.3930,83698,flicker
27.3941,-838,flicker
27.3977,8608,flicker
27.3993,-838860,flicker
27.4010,8,flicker
27.4012,7633451,flicker
27.4052,8388607,flicker
27.4092,659921,flicker
27.4139,-8388608,flicker
27.4178,-8388608,flicker
27.4215,6938260,flicker
27.4257,8388607,flicker
27.4301,1951758,flicker
27.4338,-8388608,flicker
27.4379,-8388608,flicker
27.4421,6260934,flicker
27.4465,8388607,flicker
27.4502,3065577,flicker
27.4543,-8388608,flicker
27.4585,-8388608,flicker
27.4629,5448267,flicker
27.4666,8388607,flicker
27.4707,4193573,flicker
27.4750,-8388608,flicker
27.4791,838,flicker
27.4845,4531111,flicker
27.4875,8388607,flicker
27.4912,5147542,flicker
27.4962,-8388608,flicker
27.4994,-8388608,flicker
27.5035,3433849,flicker
27.5076,8388607,flicker
27.5122,0417,flicker
27.5161,8388608,flicker
27.5174,-,flicker
27.5199,8388608,flicker
27.5213,229,flicker
27.5239,0171,flicker
27.5251,838860,flicker
27.5292,81466,flicker
27.5326,-8388608,flicker
27.5368,-8388608,flicker
27.5403,1162775,flicker
27.5464,83860,flicker
27.5494,7620086,flicker
27.5527,-8388608,flicker
27.5567,-8388608,flicker
27.5608,-35700,flicker
27.5653,8388607,flicker
27.5690,8313726,flicker
27.5731,-8388608,flicker
27.5773,-8388608,flicker
27.5822,-1215151,flicker
27.5854,8388607,flicker
27.5895,8388607,flicker
27.5940,-8388608,flicker
27.5986,-8388608,flicker
27.6018,-2343266,flicker
27.6059,8388607,flicker
27.6101,8388607,flicker
27.6147,-8388608,flicker
27.6181,-8388608,flicker
27.6222,-3374037,flicker
27.6265,8388607,flicker
27.6318,8388607,flicker
27.6346,-8388608,flicker
27.6387,-8388608,flicker
27.6401,-,flicker
27.6427,4194519,flicker
27.6470,8388607,flicker
27.6485,83,flicker
27.6509,88607,flicker
27.6523,-83886,flicker
27.6550,08,flicker
27.6560,-8388608,flicker
27.6592,-5055105,flicker
27.6641,8388607,flicker
27.6673,8388607,flicker
27.6714,-8388608,flicker
27.6755,-8388608,flicker
27.6806,-5851338,flicker
27.6837,8388607,flicker
27.6877,8388607,flicker
27.6919,-8388608,flicker
27.6979,8,flicker
27.7009,-6664102,flicker
27.7043,8388607,flicker
27.7085,8388607,flicker
27.7135,-7898196,flicker
27.7164,-8388608,flicker
27.7205,-7483437,flicker
27.7246,8388607,flicker
27.7301,80,flicker
27.7335,-7162680,flicker
27.7384,-8388608,flicker
27.7410,-8157723,flicker
27.7467,38,flicker
27.7504,8388607,flicker
27.7539,-6375127,flicker
27.7574,-8388608,flicker
27.7633,-83860,flicker
27.7666,8388607,flicker
27.7699,8388607,flicker
27.7707,-,flicker
27.7738,5574572,flicker
27.7755,-83,flicker
27.7780,88608,flicker
27.7790,-83886,flicker
27.7827,08,flicker
27.7844,8388607,flicker
27.7861,8388607,flicker
27.7902,-4545929,flicker
27.7943,-8388608,flicker
27.7986,-8388608,flicker
27.8025,8388607,flicker
27.8065,8388607,flicker
27.8107,-3513686,flicker
27.8158,-8388608,flicker
27.8189,-8388608,flicker
27.8229,8388607,flicker
27.8271,8388607,flicker
27.8320,-2337541,flicker
27.8352,-8388608,flicker
27.8393,-8388608,flicker
27.8435,8388607,flicker
27.8485,8388607,flicker
27.8516,-1087488,flicker
27.8557,-8388608,flicker
27.8603,-8388608,flicker
27.8646,7927611,flicker
27.8680,8388607,flicker
27.8720,65999,flicker
27.8765,-8388608,flicker
27.8809,-8388608,flicker
27.8844,7331902,flicker
27.8885,8388607,flicker
27.8926,1285186,flicker
27.8936,-,flicker
27.8972,8388608,flicker
27.8987,-,flicker
27.9008,8388608,flicker
27.9018,65,flicker
27.9049,94639,flicker
27.9063,83886,flicker
27.9089,07,flicker
27.9101,2485751,flicker
27.9145,-8388608,flicker
27.9171,-8388608,flicker
27.9212,5869328,flicker
27.9260,8388607,flicker
27.9296,3685173,flicker
27.9335,-8388608,flicker
27.9376,-8388608,flicker
27.9419,5019648,flicker
27.9460,3880,flicker
27.9504,4685788,flicker
27.9549,-8388608,flicker
27.9582,-8388608,flicker
27.9624,093,flicker
27.9665,8388607,flicker
27.9713,5621500,flicker
27.9745,-8388608,flicker
27.9788,83860,flicker
27.9832,2916382,flicker
27.9870,8388607,flicker
27.9908,6425697,flicker
27.9952,83880,flicker
27.9993,-8388608,flicker
28.0033,1663334,flicker
28.0072,8388607,flicker
28.0160,-8388608,flicker
28.0207,-8388608,flicker
28.0236,549827,flicker
28.0302,838860780,flicker
28.0319,67826,flicker
28.0334,-83886,flicker
28.0359,08,flicker
28.0372,-8388608,flicker
28.0401,-710383,flicker
28.0442,8388607,flicker
28.0489,8388607,flicker
28.0523,-8388608,flicker
28.0564,-8388608,flicker
28.0606,-1889344,flicker
28.0653,8388607,flicker
28.0687,8388607,flicker
28.0728,-8388608,flicker
28.0772,-8388608,flicker
28.0813,-2900408,flicker
28.0850,8388607,flicker
28.0892,8388607,flicker
28.0936,-8388608,flicker
28.0983,-8388608,flicker
28.1015,-3843598,flicker
28.1055,8388607,flicker
28.1100,8388607,flicker
28.1144,-8388608,flicker
28.1178,-8388608,flicker
28.1219,-4645705,flicker
28.1262,8388607,flicker
28.1312,8388607,flicker
28.1342,-8388608,flicker
28.1383,-8388608,flicker
28.1426,-5498188,flicker
28.1479,8388607,flicker
28.1506,8388607,flicker
28.1524,-,flicker
28.1547,8388608,flicker
28.1560,-83,flicker
28.1588,88608,flicker
28.1591,-6288,flicker
28.1637,972,flicker
28.1659,8388607,flicker
28.1670,8388607,flicker
28.1711,-8236480,flicker
28.1752,-8388608,flicker
28.1798,-7028896,flicker
28.1834,8388607,flicker
28.1875,8388607,flicker
28.1921,-7530496,flicker
28.1978,-8388608,flicker
28.1998,-7822856,flicker
28.2039,8388607,flicker
28.2080,8388607,flicker
28.2121,6726303,flicker
28.2166,-8388608,flicker
28.2202,-8388608,flicker
28.2243,8388607,flicker
28.2285,388607,flicker
28.2330,-5974892,flicker
28.2367,-8388608,flicker
28.2407,-8388608,flicker
28.2455,3880,flicker
28.2511,8388607,flicker
28.2530,-5099027,flicker
28.2571,-8388608,flicker
28.2613,-8388608,flicker
28.2659,8388607,flicker
28.2694,8388607,flicker
28.2735,-4125047,flicker
28.2751,-,flicker
28.2780,8388608,flicker
28.2782,-,flicker
28.2829,8388608,flicker
28.2842,83,flicker
28.2858,88607,flicker
28.2873,8388,flicker
28.2899,607,flicker
28.2911,-2861750,flicker
28.2941,-8388608,flicker
28.2992,-8388608,flicker
28.3022,8388607,flicker
28.3063,8388607,flicker
28.3104,-1664288,flicker
28.3154,-8388608,flicker
28.3185,-8388608,flicker
28.3227,8207063,flicker
28.3271,8388607,flicker
28.3320,-457903,flicker
28.3350,-8388608,flicker
28.3390,-8388608,flicker
28.3434,7633451,flicker
28.3478,8388607,flicker
28.3513,656089,flicker
28.3555,-8388608,flicker
28.3596,-8388608,flicker
28.3638,6978091,flicker
28.3677,8388607,flicker
28.3718,1830817,flicker
28.3759,-8388608,flicker
28.3804,-8388608,flicker
28.3841,6316431,flicker
28.3881,8388607,flicker
28.3923,3037737,flicker
28.3978,308,flicker
28.4010,-8388608,flicker
28.4046,5531547,flicker
28.4087,8388607,flicker
28.4098,4,flicker
28.4144,044-8,flicker
28.4176,08,flicker
28.4197,-8388608,flicker
28.4221,4598244,flicker
28.4272,8388607,flicker
28.4295,5091934,flicker
28.4339,-8388608,flicker
28.4373,-8388608,flicker
28.4419,3551786,flicker
28.4462,8388607,flicker
28.4496,5919890,flicker
28.4537,-8388608,flicker
28.4578,-8388608,flicker
28.4638,426,flicker
28.4677,8388607,flicker
28.4702,6749003,flicker
28.4743,-8388608,flicker
28.4788,-808,flicker
28.4836,1294796,flicker
28.4872,8388607,flicker
28.4932,7585051,flicker
28.4956,-8388608,flicker
28.5005,3880,flicker
28.5036,135387,flicker
28.5076,8388607,flicker
28.5130,8219048,flicker
28.5152,-8388608,flicker
28.5201,-8388608,flicker
28.5233,-1055443,flicker
28.5276,8388607,flicker
28.5322,8388607,flicker
28.5339,-,flicker
28.5357,8388608,flicker
28.5369,-8,flicker
28.5398,388608,flicker
28.5414,-2194,flicker
28.5438,421,flicker
28.5451,8388607,flicker
28.5483,8388607,flicker
28.5520,-8388608,flicker
28.5561,-8388608,flicker
28.5605,-3208944,flicker
28.5645,8388607,flicker
28.5684,8388607,flicker
28.5725,-8388608,flicker
28.5767,-8388608,flicker
28.5815,-4007022,flicker
28.5848,8388607,flicker
28.5888,8388607,flicker
28.5934,-8388608,flicker
28.5981,-8388608,flicker
28.6012,-4879370,flicker
28.6052,8388607,flicker
28.6096,8388607,flicker
28.6146,-8388608,flicker
28.6176,-8388608,flicker
28.6216,-5681374,flicker
28.6258,8388607,flicker
28.6300,380,flicker
28.6349,-8388608,flicker
28.6386,-8388608,flicker
28.6421,-6476604,flicker
28.6466,8388607,flicker
28.6504,8388607,flicker
28.6546,-8045276,flicker
28.6556,-,flicker
28.6586,8388608,flicker
28.6596,-,flicker
28.6647,68,flicker
28.6710,388607,flicker
28.6714,8388607,flicker
28.6731,-738341,flicker
28.6749,6,flicker
28.6751,-8388608,flicker
28.6797,-7952443,flicker
28.6830,8388607,flicker
28.6872,8388607,flicker
28.6914,-6558950,flicker
28.6961,80,flicker
28.7010,-8388608,flicker
28.7040,8388607,flicker
28.7076,8388607,flicker
28.7131,774,flicker
28.7177,-8388608,flicker
28.7202,-8388608,flicker
28.7240,8388607,flicker
28.7284,360,flicker
28.7328,-4899110,flicker
28.7377,-8388608,flicker
28.7404,-8388608,flicker
28.7460,83886,flicker
28.7488,388607,flicker
28.7554,-3855204,flicker
28.7569,-8388608,flicker
28.7610,-8388608,flicker
28.7652,8388607,flicker
28.7692,8388607,flicker
28.7733,-2719704,flicker
28.7774,-8388608,flicker
28.7824,-8388608,flicker
28.7855,8388607,flicker
28.7896,8388607,flicker
28.7909,-,flicker
28.7939,1451001,flicker
28.7953,-838,flicker
28.7984,8608,flicker
28.8014,-838860,flicker
28.8018,8,flicker
28.8019,8104107,flicker
28.8059,8388607,flicker
28.8101,-250672,flicker
28.8150,-8388608,flicker
28.8183,-8388608,flicker
28.8223,7486371,flicker
28.8264,8388607,flicker
28.8310,957224,flicker
28.8346,-8388608,flicker
28.8387,-8388608,flicker
28.8431,6816453,flicker
28.8473,8388607,flicker
28.8510,2115241,flicker
28.8551,-8388608,flicker
28.8594,-8388608,flicker
28.8642,6095458,flicker
28.8674,8388607,flicker
28.8715,3300308,flicker
28.8756,-8388608,flicker
28.8806,-8388608,flicker
28.8837,5341713,flicker
28.8878,8388607,flicker
28.8920,4280289,flicker
28.8962,8368,flicker
28.9009,-8388608,flicker
28.9048,4368201,flicker
28.9091,8388607,flicker
28.9126,2647,flicker
28.9138,-,flicker
28.9173,388608,flicker
28.9185,-,flicker
28.9213,8388608,flicker
28.9233,338,flicker
28.9253,4106,flicker
28.9265,838860,flicker
28.9291,7,flicker
28.9311,6102512,flicker
28.9330,-8388608,flicker
28.9370,-8388608,flicker
28.9411,2145036,flicker
28.9469,37,flicker
28.9510,6893967,flicker
28.9548,-8388608,flicker
28.9575,-8388608,flicker
28.9635,1013847,flicker
28.9664,8388607,flicker
28.9698,7737239,flicker
28.9739,-8388608,flicker
28.9792,-8388608,flicker
28.9820,-194956,flicker
28.9862,8388607,flicker
28.9903,8388607,flicker
28.9944,-8388608,flicker
28.9996,-8388608,flicker
29.0026,-1365845,flicker
29.0066,8388607,flicker
29.0107,8388607,flicker
29.0159,-8388608,flicker
29.0189,-8388608,flicker
29.0230,-2440778,flicker
29.0271,8388607,flicker
29.0316,8388607,flicker
29.0354,-8388608,flicker
29.0394,-8388608,flicker
29.0407,-,flicker
29.0436,3392723,flicker
29.0485,8388607,flicker
29.0499,838,flicker
29.0517,8607,flicker
29.0529,-83886,flicker
29.0558,08,flicker
29.0574,-8388608,flicker
29.0604,-4230305,flicker
29.0650,8388607,flicker
29.0681,8388607,flicker
29.0722,-8388608,flicker
29.0765,-8388608,flicker
29.0811,-5041410,flicker
29.0845,8388607,flicker
29.0885,8388607,flicker
29.0926,-8388608,flicker
29.0974,-8388608,flicker
29.1009,-5905374,flicker
29.1049,8388607,flicker
29.1093,8388607,flicker
29.1135,-8388608,flicker
29.1172,-8388608,flicker
29.1213,-6682604,flicker
29.1254,8388607,flicker
29.1300,8388607,flicker
29.1336,-7854072,flicker
29.1379,-8388608,flicker
29.1419,-7465211,flicker
29.1461,380,flicker
29.1516,8388607,flicker
29.1557,-7192059,flicker
29.1582,-8388608,flicker
29.1642,8113,flicker
29.1673,8388607,flicker
29.1709,8388607,flicker
29.1722,-,flicker
29.1746,6366352,flicker
29.1763,-83,flicker
29.1788,8608,flicker
29.1802,36,flicker
29.1832,08,flicker
29.1845,8388607,flicker
29.1869,8388607,flicker
29.1910,-5553324,flicker
29.1951,-8388608,flicker
29.2006,-8388608,flicker
29.2032,8388607,flicker
29.2073,8388607,flicker
29.2122,-45884,flicker
29.2166,-8388608,flicker
29.2199,-8388608,flicker
29.2237,8388607,flicker
29.2279,8388607,flicker
29.2327,-3483043,flicker
29.2360,-8388608,flicker
29.2401,-8388608,flicker
29.2443,8388607,flicker
29.2488,8388607,flicker
29.2525,-2402747,flicker
29.2565,-8388608,flicker
29.2607,-8388608,flicker
29.2651,8388607,flicker
29.2688,8388607,flicker
29.2729,-1095399,flicker
29.2771,-8388608,flicker
29.2820,-8388608,flicker
29.2852,7927611,flicker
29.2893,8388607,flicker
29.2934,96155,flicker
29.2946,-,flicker
29.2986,8388608,flicker
29.2998,-,flicker
29.3015,8388608,flicker
29.3028,73,flicker
29.3057,16161,flicker
29.3066,83886,flicker
29.3097,07,flicker
29.3111,1234570,flicker
29.3148,-8388608,flicker
29.3180,-8388608,flicker
29.3220,6634667,flicker
29.3261,8388607,flicker
29.3310,2539411,flicker
29.3343,-8388608,flicker
29.3385,-8388608,flicker
29.3425,5885645,flicker
29.3472,8388607,flicker
29.3507,3600518,flicker
29.3549,-8388608,flicker
29.3589,-8388608,flicker
29.3644,0556,flicker
29.3678,8388607,flicker
29.3720,4659098,flicker
29.3753,-8388608,flicker
29.3814,8,flicker
29.3857,4101332,flicker
29.3875,8388607,flicker
29.3917,5556057,flicker
29.3960,8880,flicker
29.4001,-8388608,flicker
29.4053,3011009,flicker
29.4083,8388607,flicker
29.4134,30,flicker
29.4173,-8388608,flicker
29.4204,-8388608,flicker
29.4245,1826290,flicker
29.4288,386,flicker
29.4329,91542,flicker
29.4342,-83886,flicker
29.4367,08,flicker
29.4380,-8388608,flicker
29.4408,674188,flicker
29.4477,83886,flicker
29.4502,948823,flicker
29.4534,-8388608,flicker
29.4572,-8388608,flicker
29.4632,-171,flicker
29.4676,8388607,flicker
29.4695,8388607,flicker
29.4736,-8388608,flicker
29.4780,-8388608,flicker
29.4818,-1686747,flicker
29.4859,8388607,flicker
29.4901,8388607,flicker
29.4941,-8388608,flicker
29.4984,-8388608,flicker
29.5024,-2790438,flicker
29.5064,8388607,flicker
29.5104,8388607,flicker
29.5147,-8388608,flicker
29.5186,-8388608,flicker
29.5227,-3681841,flicker
29.5269,8388607,flicker
29.5316,8388607,flicker
29.5350,-8388608,flicker
29.5392,-8388608,flicker
29.5433,-4449577,flicker
29.5488,8388607,flicker
29.5514,8388607,flicker
29.5524,-,flicker
29.5555,8388608,flicker
29.5569,-83,flicker
29.5596,88608,flicker
29.5604,-5385,flicker
29.5637,5,flicker
29.5642,2,flicker
29.5658,8388607,flicker
29.5679,8388607,flicker
29.5720,-8388608,flicker
29.5760,-8388608,flicker
29.5817,611203,flicker
29.5845,8388607,flicker
29.5886,8388607,flicker
29.5932,-8324728,flicker
29.5973,-8388608,flicker
29.6017,693526,flicker
29.6049,8388607,flicker
29.6088,8388607,flicker
29.6135,-7662868,flicker
29.6169,-8388608,flicker
29.6210,-7694508,flicker
29.6251,8388607,flicker
29.6308,838807,flicker
29.6333,-6864752,flicker
29.6375,-8388608,flicker
29.6417,-8329405,flicker
29.6474,380,flicker
29.6510,8388607,flicker
29.6552,-6074199,flicker
29.6579,-8388608,flicker
29.6628,-8388608,flicker
29.6661,8388607,flicker
29.6702,8388607,flicker
29.6743,-5288663,flicker
29.6753,-,flicker
29.6788,608,flicker
29.6801,-,flicker
29.6830,388608,flicker
29.6846,83,flicker
29.6870,88607,flicker
29.6883,8388,flicker
29.6907,607,flicker
29.6920,-4234354,flicker
29.6955,-8388608,flicker
29.6989,-8388608,flicker
29.7030,8388607,flicker
29.7072,8388607,flicker
29.7113,-3193884,flicker
29.7156,-8388608,flicker
29.7194,-8388608,flicker
29.7235,8388607,flicker
29.7275,8388607,flicker
29.7325,-1986570,flicker
29.7358,-8388608,flicker
29.7400,-8388608,flicker
29.7440,8310019,flicker
29.7480,8388607,flicker
29.7522,-813849,flicker
29.7563,-8388608,flicker
29.7604,-8388608,flicker
29.7658,7751115,flicker
29.7685,8388607,flicker
29.7725,417237,flicker
29.7770,-8388608,flicker
29.7812,-8388608,flicker
29.7849,7138904,flicker
29.7890,8388607,flicker
29.7937,1553305,flicker
29.7976,-8388608,flicker
29.8013,-8388608,flicker
29.8054,6436231,flicker
29.8095,8388607,flicker
29.8112,2,flicker
29.8149,784512,flicker
29.8159,-8388,flicker
29.8176,608,flicker
29.8190,-8388608,flicker
29.8217,5706173,flicker
29.8259,8388607,flicker
29.8305,3875709,flicker
29.8340,-8388608,flicker
29.8381,-8388608,flicker
29.8422,4772542,flicker
29.8464,380,flicker
29.8516,4847017,flicker
29.8549,-8388608,flicker
29.8586,-8388608,flicker
29.8632,3797756,flicker
29.8668,8388607,flicker
29.8709,5696664,flicker
29.8751,-8388608,flicker
29.8792,83808,flicker
29.8834,2771764,flicker
29.8876,8388607,flicker
29.8915,6495646,flicker
29.8963,-88868,flicker
29.9003,-8388608,flicker
29.9050,1618004,flicker
29.9081,8388607,flicker
29.9129,72529,flicker
29.9164,-8388608,flicker
29.9202,-8388608,flicker
29.9241,479762,flicker
29.9284,807,flicker
29.9332,8067073,flicker
29.9346,-,flicker
29.9364,8388608,flicker
29.9377,-8,flicker
29.9405,388608,flicker
29.9422,-6476,flicker
29.9462,8880,flicker
29.9495,8388607,flicker
29.9535,-8388608,flicker
29.9569,-8388608,flicker
29.9620,-1881256,flicker
29.9656,8388607,flicker
29.9692,8388607,flicker
29.9733,-8388608,flicker
29.9774,-8388608,flicker
29.9834,-2898098,flicker
29.9857,8388607,flicker
29.9897,8388607,flicker
29.9939,-8388608,flicker
29.9988,-8388608,flicker
30.0023,-3765015,flicker
30.0061,8388607,flicker
30.0102,8388607,flicker
30.0153,-8388608,flicker
30.0188,-8388608,flicker
30.0226,-4597710,flicker
30.0268,8388607,flicker
30.0316,8388607,flicker
30.0347,-8388608,flicker
30.0388,-8388608,flicker
30.0431,-5435360,flicker
30.0474,8388607,flicker
30.0511,8388607,flicker
30.0552,-8388608,flicker
30.0565,-,flicker
30.0593,8388608,flicker
30.0610,-,flicker
30.0639,6201153,flicker
30.0675,8388607,flicker
30.0687,838,flicker
30.0716,8607,flicker
30.0730,-825118,flicker
30.0756,8,flicker
30.0758,-8388608,flicker
30.0801,-7042212,flicker
30.0842,8388607,flicker
30.0880,8388607,flicker
30.0922,-7589328,flicker
30.0970,-8388608,flicker
30.1003,-7728358,flicker
30.1043,8388607,flicker
30.1085,8388607,flicker
30.1127,617,flicker
30.1176,-8388608,flicker
30.1216,-8379161,flicker
30.1249,8388607,flicker
30.1292,80,flicker
30.1340,-6027106,flicker
30.1377,-8388608,flicker
30.1442,-8388608,flicker
30.1457,8388607,flicker
30.1519,8388607,flicker
30.1535,-5210525,flicker
30.1576,-8388608,flicker
30.1633,88608,flicker
30.1663,8388607,flicker
30.1707,8388607,flicker
30.1740,-4160479,flicker
30.1789,88,flicker
30.1828,-8388608,flicker
30.1865,8388607,flicker
30.1904,8388607,flicker
30.1915,-,flicker
30.1948,3001,flicker
30.1960,3,flicker
30.1992,8608,flicker
30.2013,-83886,flicker
30.2026,08,flicker
30.2043,8388607,flicker
30.2068,8388607,flicker
30.2109,-1819040,flicker
30.2155,-8388608,flicker
30.2191,-8388608,flicker
30.2231,8221771,flicker
30.2272,8388607,flicker
30.2321,-567393,flicker
30.2354,-8388608,flicker
30.2396,-8388608,flicker
30.2437,7677575,flicker
30.2492,8388607,flicker
30.2524,570102,flicker
30.2560,-8388608,flicker
30.2604,-8388608,flicker
30.2652,6967795,flicker
30.2685,8388607,flicker
30.2723,1745394,flicker
30.2766,-8388608,flicker
30.2814,-8388608,flicker
30.2846,6346104,flicker
30.2887,8388607,flicker
30.2928,2890887,flicker
30.2975,-8388608,flicker
30.3010,-8388608,flicker
30.3050,5550219,flicker
30.3092,8388607,flicker
30.3141,3972303,flicker
30.3164,-,flicker
30.3173,8388608,flicker
30.3187,-,flicker
30.3214,8388608,flicker
30.3232,47,flicker
30.3256,25697,flicker
30.3269,83886,flicker
30.3297,07,flicker
30.3313,5006581,flicker
30.3338,-8388608,flicker
30.3378,-8388608,flicker
30.3419,3686238,flicker
30.3477,8388607,flicker
30.3501,5831766,flicker
30.3542,-8388608,flicker
30.3585,-8388608,flicker
30.3626,47693,flicker
30.3677,8388607,flicker
30.3754,6703612,flicker
30.3756,-8388608,flicker
30.3790,-8388608,flicker
30.3838,1322133,flicker
30.3873,8388607,flicker
30.3911,7486690,flicker
30.3962,8380,flicker
30.4008,-8388608,flicker
30.4053,145148,flicker
30.4075,8388607,flicker
30.4132,2,flicker
30.4159,-8388608,flicker
30.4199,-8388608,flicker
30.4245,-1003169,flicker
30.4282,8388607,flicker
30.4327,83886,flicker
30.4365,-8388608,flicker
30.4407,-8388608,flicker
30.4445,-,flicker
30.4457,2223181,flicker
30.4485,388607,flicker
30.4528,88607,flicker
30.4540,-83886,flicker
30.4565,08,flicker
30.4578,-8388608,flicker
30.4609,-3273563,flicker
30.4653,8388607,flicker
30.4689,8388607,flicker
30.4730,-8388608,flicker
30.4772,-8388608,flicker
30.4816,-4087624,flicker
30.4861,8388607,flicker
30.4894,8388607,flicker
30.4936,-8388608,flicker
30.4983,-8388608,flicker
30.5024,-4902321,flicker
30.5058,8388607,flicker
30.5101,8388607,flicker
30.5152,-8388608,flicker
30.5181,-8388608,flicker
30.5222,-5695425,flicker
30.5264,8388607,flicker
30.5314,8388607,flicker
30.5355,-8388608,flicker
30.5386,-8388608,flicker
30.5428,-6536093,flicker
30.5484,8388607,flicker
30.5508,8388607,flicker
30.5549,-7986444,flicker
30.5591,-8388608,flicker
30.5651,-7341853,flicker
30.5672,8388607,flicker
30.5713,8388607,flicker
30.5726,-,flicker
30.5754,7251044,flicker
30.5765,-83,flicker
30.5798,88608,flicker
30.5813,-80349,flicker
30.5835,92,flicker
30.5851,8388607,flicker
30.5877,8388607,flicker
30.5918,-6438224,flicker
30.5961,808,flicker
30.6005,-8388608,flicker
30.6052,8388607,flicker
30.6091,8388607,flicker
30.6187,-8388608,flicker
30.6204,-8388608,flicker
30.6245,8388607,flicker
30.6286,388607,flicker
30.6333,-4671724,flicker
30.6380,-8388608,flicker
30.6409,-8388608,flicker
30.6455,83880,flicker
30.6496,8388607,flicker
30.6550,-3619702,flicker
30.6573,-8388608,flicker
30.6617,8868,flicker
30.6679,8388607,flicker
30.6698,8388607,flicker
30.6741,-2442954,flicker
30.6779,-8388608,flicker
30.6831,-8388608,flicker
30.6859,8388607,flicker
30.6900,8388607,flicker
30.6942,-1272638,flicker
30.6955,-,flicker
30.6993,8388608,flicker
30.7009,-,flicker
30.7025,8388608,flicker
30.7040,80,flicker
30.7067,30567,flicker
30.7079,83886,flicker
30.7106,07,flicker
30.7107,-64826,flicker
30.7164,-8388608,flicker
30.7187,-8388608,flicker
30.7228,7409472,flicker
30.7270,8388607,flicker
30.7311,1086265,flicker
30.7351,-8388608,flicker
30.7392,-8388608,flicker
30.7435,6715438,flicker
30.7482,8388607,flicker
30.7515,2282446,flicker
30.7556,-8388608,flicker
30.7599,-8388608,flicker
30.7644,5932392,flicker
30.7679,8388607,flicker
30.7719,3453977,flicker
30.7761,-8388608,flicker
30.7803,8308,flicker
30.7852,5118624,flicker
30.7901,8388607,flicker
30.7937,4581911,flicker
30.7970,838868,flicker
30.8013,-8388608,flicker
30.8056,4104551,flicker
30.8089,8388607,flicker
30.8134,5463708,flicker
30.8170,-8388608,flicker
30.8211,-8388608,flicker
30.8252,3054046,flicker
30.8312,388603,flicker
30.8340,6750,flicker
30.8357,-8388,flicker
30.8387,608,flicker
30.8403,-8388608,flicker
30.8418,1880865,flicker
30.8472,3886,flicker
30.8504,7083080,flicker
30.8542,-8388608,flicker
30.8580,-8388608,flicker
30.8635,073,flicker
30.8666,8388607,flicker
30.8703,7933388,flicker
30.8744,-8388608,flicker
30.8799,886,flicker
30.8844,-472153,flicker
30.8873,8388607,flicker
30.8907,8388607,flicker
30.8951,8808,flicker
30.9019,-8388608,flicker
30.9041,-1652491,flicker
30.9075,8388607,flicker
30.9116,88607,flicker
30.9157,-8388608,flicker
30.9198,-8388608,flicker
30.9241,-2691845,flicker
30.9276,8388607,flicker
30.9321,8388607,flicker
30.9358,-8388608,flicker
30.9399,-8388608,flicker
30.9440,-3640831,flicker
30.9494,8388607,flicker
30.9522,8388607,flicker
30.9533,-,flicker
30.9563,8388608,flicker
30.9578,-8,flicker
30.9605,388608,flicker
30.9622,-4414,flicker
30.9648,812,flicker
30.9670,8388607,flicker
30.9686,8388607,flicker
30.9727,-8388608,flicker
30.9769,-8388608,flicker
30.9814,-5260775,flicker
30.9850,8388607,flicker
30.9891,8388607,flicker
30.9934,-8388608,flicker
30.9984,-8388608,flicker
31.0013,-6040072,flicker
31.0054,8388607,flicker
31.0099,8388607,flicker
31.0141,-8354144,flicker
31.0178,-8388608,flicker
31.0220,-6861002,flicker
31.0260,8388607,flicker
31.0314,8388607,flicker
31.0342,-7721700,flicker
31.0383,-8388608,flicker
31.0424,-7609220,flicker
31.0482,3886,flicker
31.0523,8388607,flicker
31.0565,-6998470,flicker
31.0587,-8388608,flicker
31.0634,-8262158,flicker
31.0669,8388607,flicker
31.0709,8388607,flicker
31.0752,-6125222,flicker
31.0762,-,flicker
31.0793,808,flicker
31.0840,8388608,flicker
31.0853,8,flicker
31.0874,388607,flicker
31.0885,8388,flicker
31.0916,607,flicker
31.0935,-531664,flicker
31.0958,8,flicker
31.0962,-368,flicker
31.1002,-8388608,flicker
31.1058,8388607,flicker
31.1079,8388607,flicker
31.1136,468864,flicker
31.1180,-8388608,flicker
31.1201,-8388608,flicker
31.1242,8388607,flicker
31.1301,3,flicker
31.1328,-3183426,flicker
31.1385,-8388608,flicker
31.1406,-8388608,flicker
31.1449,860,flicker
31.1501,8388607,flicker
31.1537,-1984226,flicker
31.1571,-8388608,flicker
31.1611,-8388608,flicker
31.1654,8295311,flicker
31.1693,8388607,flicker
31.1734,-718016,flicker
31.1776,-8388608,flicker
31.1819,-8388608,flicker
31.1856,7751115,flicker
31.1897,8388607,flicker
31.1939,329490,flicker
31.1984,-8388608,flicker
31.2020,-8388608,flicker
31.2061,7098145,flicker
31.2103,8388607,flicker
31.2117,1,flicker
31.2150,536839,flicker
31.2163,-838,flicker
31.2185,8608,flicker
31.2201,-838860,flicker
31.2225,8,flicker
31.2225,6416624,flicker
31.2268,8388607,flicker
31.2314,2791181,flicker
31.2348,-8388608,flicker
31.2389,-8388608,flicker
31.2435,5609333,flicker
31.2483,8388607,flicker
31.2519,3868150,flicker
31.2553,-8388608,flicker
31.2593,-8388608,flicker
31.2642,4778250,flicker
31.2678,8388607,flicker
31.2717,4874169,flicker
31.2758,-8388608,flicker
31.2800,83886,flicker
31.2849,3795577,flicker
31.2890,8388607,flicker
31.2921,5745546,flicker
31.2978,-8,flicker
31.3004,-8388608,flicker
31.3045,2674710,flicker
31.3086,8388607,flicker
31.3176,-8388608,flicker
31.3215,-8388608,flicker
31.3250,1554541,flicker
31.3306,388607,flicker
31.3334,7356106,flicker
31.3352,-,flicker
31.3372,8388608,flicker
31.3390,-,flicker
31.3414,8388608,flicker
31.3428,3644,flicker
31.3470,386,flicker
31.3501,7,flicker
31.3517,8106370,flicker
31.3537,-8388608,flicker
31.3577,-8388608,flicker
31.3619,8,flicker
31.3665,8388607,flicker
31.3711,8388607,flicker
31.3741,-8388608,flicker
31.3784,8380,flicker
31.3827,-2025166,flicker
31.3870,8388607,flicker
31.3922,8388607,flicker
31.3948,-8388608,flicker
31.3991,-8388608,flicker
31.4039,-3076689,flicker
31.4068,8388607,flicker
31.4112,8388607,flicker
31.4155,-8388608,flicker
31.4191,-8388608,flicker
31.4232,-3931809,flicker
31.4273,8388607,flicker
31.4321,8388607,flicker
31.4356,-8388608,flicker
31.4398,-8388608,flicker
31.4440,-4750431,flicker
31.4483,8388607,flicker
31.4519,8388607,flicker
31.4561,-8388608,flicker
31.4603,-8388608,flicker
31.4614,-,flicker
31.4643,5616477,flicker
31.4683,8388607,flicker
31.4699,838,flicker
31.4724,8607,flicker
31.4736,-83886,flicker
31.4764,08,flicker
31.4778,-8388608,flicker
31.4813,-6383372,flicker
31.4850,8388607,flicker
31.4888,8388607,flicker
31.4929,-8089400,flicker
31.4984,83860,flicker
31.5015,-7211397,flicker
31.5061,8388607,flicker
31.5093,8388607,flicker
31.5137,-7412832,flicker
31.5174,-8388608,flicker
31.5215,-7891261,flicker
31.5256,8388607,flicker
31.5303,8388607,flicker
31.5338,-6569764,flicker
31.5379,-8388608,flicker
31.5420,-8388608,flicker
31.5463,8388607,flicker
31.5506,8388607,flicker
31.5547,-5784879,flicker
31.5584,-8388608,flicker
31.5635,-8388608,flicker
31.5676,8388607,flicker
31.5707,8388607,flicker
31.5751,-4865903,flicker
31.5807,-8388608,flicker
31.5840,-8388608,flicker
31.5870,8388607,flicker
31.5912,8388607,flicker
31.5926,-,flicker
31.5969,831,flicker
31.5997,8608,flicker
31.6012,-83886,flicker
31.6036,08,flicker
31.6058,8388607,flicker
31.6076,8388607,flicker
31.6117,-2663559,flicker
31.6169,-8388608,flicker
31.6199,-8388608,flicker
31.6241,8388607,flicker
31.6281,8388607,flicker
31.6330,-1367594,flicker
31.6362,-8388608,flicker
31.6403,-8388608,flicker
31.6467,801585,flicker
31.6493,8388607,flicker
31.6527,-178082,flicker
31.6567,-8388608,flicker
31.6615,-838868,flicker
31.6655,7387479,flicker
31.6695,8388607,flicker
31.6738,1089189,flicker
31.6772,-8388608,flicker
31.6816,-8388608,flicker
31.6860,6705340,flicker
31.6895,8388607,flicker
31.6936,2238796,flicker
31.6980,-8388608,flicker
31.7017,-8388608,flicker
31.7058,5978557,flicker
31.7100,8388607,flicker
31.7143,3422745,flicker
31.7159,-,flicker
31.7182,8388608,flicker
31.7198,-,flicker
31.7223,8388608,flicker
31.7235,514,flicker
31.7265,5719,flicker
31.7280,83886,flicker
31.7307,07,flicker
31.7324,4503815,flicker
31.7346,-8388608,flicker
31.7386,-8388608,flicker
31.7426,4160005,flicker
31.7475,8388607,flicker
31.7512,5372492,flicker
31.7550,-8388608,flicker
31.7593,-8388608,flicker
31.7635,3054815,flicker
31.7675,8388607,flicker
31.7713,6285233,flicker
31.7755,-8388608,flicker
31.7802,-8388608,flicker
31.7837,1829559,flicker
31.7878,8388607,flicker
31.7918,7102864,flicker
31.7976,83,flicker
31.8002,-8388608,flicker
31.8053,648440,flicker
31.8082,8388607,flicker
31.8125,7946599,flicker
31.8170,-8388608,flicker
31.8216,-8388608,flicker
31.8246,-551170,flicker
31.8299,87,flicker
31.8332,8388607,flicker
31.8388,-8388608,flicker
31.8410,-8388608,flicker
31.8419,-,flicker
31.8467,71394,flicker
31.8500,8388607,flicker
31.8514,83,flicker
31.8534,88607,flicker
31.8549,-83886,flicker
31.8574,08,flicker
31.8585,-8388608,flicker
31.8628,-2777257,flicker
31.8656,8388607,flicker
31.8696,8388607,flicker
31.8739,-8388608,flicker
31.8780,-8388608,flicker
31.8826,-3679401,flicker
31.8861,8388607,flicker
31.8902,8388607,flicker
31.8943,-8388608,flicker
31.8995,-8388608,flicker
31.9024,-4511782,flicker
31.9065,8388607,flicker
31.9107,8388607,flicker
31.9154,-8388608,flicker
31.9188,-8388608,flicker
31.9229,-5341554,flicker
31.9271,8388607,flicker
31.9321,8388607,flicker
31.9352,-8388608,flicker
31.9393,-8388608,flicker
31.9436,-6168091,flicker
31.9480,8388607,flicker
31.9516,8388607,flicker
31.9558,-8236480,flicker
31.9597,-8388608,flicker
31.9642,-7026759,flicker
31.9691,8388607,flicker
31.9728,8388607,flicker
31.9743,-,flicker
31.9762,7559912,flicker
31.9775,-83,flicker
31.9810,88608,flicker
31.9831,-77336,flicker
31.9843,17,flicker
31.9859,8388607,flicker
31.9886,8388607,flicker
31.9928,-6787165,flicker
31.9973,-8388608,flicker
32.0018,-8378798,flicker
32.0048,8388607,flicker
32.0090,8388607,flicker
32.0135,-5947103,flicker
32.0181,-8388608,flicker
32.0213,-8388608,flicker
32.0263,8388607,flicker
32.0304,388607,flicker
32.0348,-5134466,flicker
32.0380,-8388608,flicker
32.0418,-8388608,flicker
32.0481,3,flicker
32.0509,8388607,flicker
32.0548,-4145070,flicker
32.0581,-8388608,flicker
32.0636,8388,flicker
32.0670,8388607,flicker
32.0704,8388607,flicker
32.0745,-3063398,flicker
32.0805,6,flicker
32.0839,-8388608,flicker
32.0876,8388607,flicker
32.0917,8388607,flicker
32.0953,-130350,flicker
32.1005,8388608,flicker
32.1023,-,flicker
32.1032,8388608,flicker
32.1049,82,flicker
32.1073,21771,flicker
32.1088,8388,flicker
32.1117,0,flicker
32.1121,5416,flicker
32.1160,-8388608,flicker
32.1196,-8388608,flicker
32.1236,7662867,flicker
32.1279,8388607,flicker
32.1333,667443,flicker
32.1359,-8388608,flicker
32.1400,-8388608,flicker
32.1442,6961304,flicker
32.1500,8388607,flicker
32.1523,1779543,flicker
32.1565,-8388608,flicker
32.1609,-8388608,flicker
32.1657,6298896,flicker
32.1692,8388607,flicker
32.1729,3062652,flicker
32.1771,-8388608,flicker
32.1820,-8388608,flicker
32.1854,5470725,flicker
32.1891,8388607,flicker
32.1935,4101757,flicker
32.1978,-8388608,flicker
32.2015,-8388608,flicker
32.2055,4537888,flicker
32.2099,8388607,flicker
32.2138,5047815,flicker
32.2180,-8388608,flicker
32.2220,-8388608,flicker
32.2262,3546882,flicker
32.2307,8388607,flicker
32.2326,5,flicker
32.2343,893217,flicker
32.2355,-8388,flicker
32.2383,608,flicker
32.2399,-838860,flicker
32.2423,8,flicker
32.2425,2353765,flicker
32.2488,8388607,flicker
32.2506,6681549,flicker
32.2547,-8388608,flicker
32.2588,-8388608,flicker
32.2635,1185702,flicker
32.2672,8388607,flicker
32.2711,7577254,flicker
32.2752,-8388608,flicker
32.2810,838608,flicker
32.2845,54141,flicker
32.2903,8388607,flicker
32.2916,8269682,flicker
32.2969,8388608,flicker
32.3000,-8388608,flicker
32.3040,-1131339,flicker
32.3079,8388607,flicker
32.3134,386,flicker
32.3170,-8388608,flicker
32.3205,-8388608,flicker
32.3243,-2280104,flicker
32.3293,3887,flicker
32.3334,8388607,flicker
32.3403,-8388608,flicker
32.3407,-8388608,flicker
32.3451,-38,flicker
32.3495,8388607,flicker
32.3554,8388607,flicker
32.3565,-,flicker
32.3572,8388608,flicker
32.3587,-8,flicker
32.3617,88,flicker
32.3636,13,flicker
32.3659,819,flicker
32.3676,8388607,flicker
32.3695,8388607,flicker
32.3735,-8388608,flicker
32.3776,-8388608,flicker
32.3825,-4944363,flicker
32.3859,8388607,flicker
32.3898,8388607,flicker
32.3941,-8388608,flicker
32.3991,-8388608,flicker
32.4021,-5863731,flicker
32.4062,8388607,flicker
32.4104,8388607,flicker
32.4164,-8388608,flicker
32.4188,-8388608,flicker
32.4226,-6601131,flicker
32.4269,8388607,flicker
32.4325,8388607,flicker
32.4357,-7912904,flicker
32.4390,-8388608,flicker
32.4432,-7404390,flicker
32.4479,8388607,flicker
32.4521,8388607,flicker
32.4556,-7228139,flicker
32.4596,-8388608,flicker
32.4642,-8079699,flicker
32.4677,8388607,flicker
32.4717,8388607,flicker
32.4763,-6371141,flicker
32.4777,-,flicker
32.4803,8388608,flicker
32.4814,-,flicker
32.4840,8388608,flicker
32.4882,8388607,flicker
32.4899,838,flicker
32.4923,8607,flicker
32.4934,-555556,flicker
32.4969,4,flicker
32.4977,-8388608,flicker
32.5007,-8388608,flicker
32.5046,8388607,flicker
32.5087,8388607,flicker
32.5140,4559,flicker
32.5197,-8388608,flicker
32.5218,-8388608,flicker
32.5251,8388607,flicker
32.5293,3867,flicker
32.5340,-3505416,flicker
32.5379,-8388608,flicker
32.5420,-8388608,flicker
32.5457,3887,flicker
32.5506,8388607,flicker
32.5553,-2329615,flicker
32.5579,-8388608,flicker
32.5634,80,flicker
32.5665,8388607,flicker
32.5737,8388607,flicker
32.5744,-1041735,flicker
32.5800,880,flicker
32.5841,-8388608,flicker
32.5867,7942319,flicker
32.5906,8388607,flicker
32.5963,936,flicker
32.5988,-8388608,flicker
32.6032,-8388608,flicker
32.6074,7247965,flicker
32.6112,8388607,flicker
32.6166,1341962,flicker
32.6192,-838,flicker
32.6193,8608,flicker
32.6207,-838860,flicker
32.6234,8,flicker
32.6235,6580170,flicker
32.6279,8388607,flicker
32.6320,2533076,flicker
32.6356,-8388608,flicker
32.6397,-8388608,flicker
32.6438,5846194,flicker
32.6498,8388607,flicker
32.6522,3633038,flicker
32.6561,-8388608,flicker
32.6608,-8388608,flicker
32.6661,4988311,flicker
32.6683,8388607,flicker
32.6725,4652602,flicker
32.6772,-8388608,flicker
32.6825,-8388608,flicker
32.6849,4015585,flicker
32.6889,8388607,flicker
32.6935,5554088,flicker
32.6975,-8388608,flicker
32.7012,-8388608,flicker
32.7053,2858538,flicker
32.7097,8388607,flicker
32.7134,6448354,flicker
32.7175,-8388608,flicker
32.7216,-8388608,flicker
32.7258,1705099,flicker
32.7307,8388607,flicker
32.7344,7244354,flicker
32.7356,-,flicker
32.7388,8388608,flicker
32.7401,-,flicker
32.7422,8388608,flicker
32.7443,4628,flicker
32.7466,37,flicker
32.7482,838860,flicker
32.7506,7,flicker
32.7527,7996948,flicker
32.7545,-8388608,flicker
32.7587,-8388608,flicker
32.7644,612,flicker
32.7676,8388607,flicker
32.7715,8388607,flicker
32.7773,-8388608,flicker
32.7795,-8388608,flicker
32.7849,-1854041,flicker
32.7882,8388607,flicker
32.7913,8388607,flicker
32.7955,-8388608,flicker
32.8013,-8388608,flicker
32.8036,-2936499,flicker
32.8077,8388607,flicker
32.8120,8388607,flicker
32.8174,-8388608,flicker
32.8199,-8388608,flicker
32.8240,-3765852,flicker
32.8282,8388607,flicker
32.8326,8388607,flicker
32.8363,-8388608,flicker
32.8404,-8388608,flicker
32.8446,-4579968,flicker
32.8493,8388607,flicker
32.8529,8388607,flicker
32.8568,-8388608,flicker
32.8610,-8388608,flicker
32.8625,-,flicker
32.8661,5422301,flicker
32.8692,8388607,flicker
32.8706,83,flicker
32.8732,88607,flicker
32.8743,-83886,flicker
32.8774,08,flicker
32.8787,-8388608,flicker
32.8832,-6289993,flicker
32.8855,8388607,flicker
32.8895,8388607,flicker
32.8938,-8162940,flicker
32.8982,-8388608,flicker
32.9018,-7117988,flicker
32.9060,8388607,flicker
32.9101,8388607,flicker
32.9162,-7442248,flicker
32.9182,-8388608,flicker
32.9223,-7804692,flicker
32.9265,8388607,flicker
32.9308,8388607,flicker
32.9351,-6644886,flicker
32.9387,-8388608,flicker
32.9429,-8388608,flicker
32.9480,8388607,flicker
32.9512,8388607,flicker
32.9553,-5903178,flicker
32.9595,-8388608,flicker
32.9656,8388608,flicker
32.9682,8388607,flicker
32.9715,8388607,flicker
32.9756,-4912726,flicker
32.9808,-8388608,flicker
32.9840,-8388608,flicker
32.9880,8388607,flicker
32.9932,8388607,flicker
32.9949,-,flicker
32.9969,966,flicker
33.0002,88608,flicker
33.0018,-83886,flicker
33.0047,08,flicker
33.0065,8388607,flicker
33.0085,8388607,flicker
33.0126,2726330,flicker
33.0171,-8388608,flicker
33.0206,-8388608,flicker
33.0247,8388607,flicker
33.0289,8388607,flicker
33.0364,-1441631,rest
33.0375,-8388608,rest
33.0413,-8388608,rest
33.0455,10407,rest
33.0505,8388607,rest
33.0559,-317613,rest
33.0586,-8388608,rest
33.0617,-8388608,rest
33.0673,7526523,rest
33.0698,8388607,rest
33.0739,947707,rest
33.0786,-8380,rest
33.0831,-8388608,rest
33.0876,6817295,rest
33.0915,8388607,rest
33.0944,2047512,rest
33.0997,-8388608,rest
33.1026,-8388608,rest
33.1067,6123046,rest
33.1109,8388607,rest
33.1159,3331753,rest
33.1170,-,rest
33.1189,8388608,rest
33.1200,-,rest
33.1230,8388608,rest
33.1245,53,rest
33.1271,31630,rest
33.1278,83886,rest
33.1318,07,rest
33.1353,4357870,rest
33.1354,-8388608,rest
33.1394,-8388608,rest
33.1436,4274955,rest
33.1494,8388607,rest
33.1517,5319149,rest
33.1558,-8388608,rest
33.1600,-8388608,rest
33.1640,3253,rest
33.1643,52,rest
33.1684,8388607,rest
33.1722,6183664,rest
33.1766,-8388608,rest
33.1818,-8388608,rest
33.1845,2107545,rest
33.1885,8388607,rest
33.1927,6932637,rest
33.1971,-8388608,rest
33.2009,-8388608,rest
33.2049,951489,rest
33.2091,8388607,rest
33.2138,7765627,rest
33.2172,-8388608,rest
33.2214,-8388608,rest
33.2255,-208466,rest
33.2321,8388607,rest
33.2339,8388607,rest
33.2377,-8388608,rest
33.2420,-8388608,rest
33.2433,-,rest
33.2476,142772,rest
33.2541,8388607,rest
33.2545,8388607,rest
33.2558,-8388,rest
33.2582,608,rest
33.2601,-8388608,rest
33.2626,22024,rest
33.2689,8388607,rest
33.2710,8388607,rest
33.2746,-8388608,rest
33.2788,83608,rest
33.2842,-3422108,rest
33.2894,8388607,rest
33.2911,8388607,rest
33.2967,80,rest
33.3012,-8388608,rest
33.3043,-4255967,rest
33.3075,8388607,rest
33.3133,8880,rest
33.3170,-8388608,rest
33.3218,-8388608,rest
33.3249,-5095731,rest
33.3289,8388607,rest
33.3331,860,rest
33.3381,-8388608,rest
33.3412,-8388608,rest
33.3456,-5936974,rest
33.3486,8388607,rest
33.3534,8388607,rest
33.3565,-8388608,rest
33.3606,-8388608,rest
33.3656,-6735635,rest
33.3688,8388607,rest
33.3728,8388607,rest
33.3740,-,rest
33.3772,7736408,rest
33.3788,-8,rest
33.3817,388608,rest
33.3832,-7481,rest
33.3851,632,rest
33.3862,8388607,rest
33.3893,8388607,rest
33.3936,-7054473,rest
33.3989,-8388608,rest
33.4015,-8150378,rest
33.4056,8388607,rest
33.4101,8388607,rest
33.4156,-6205538,rest
33.4179,-8388608,rest
33.4220,-8388608,rest
33.4265,8388607,rest
33.4310,8388607,rest
33.4345,-5369731,rest
33.4384,-8388608,rest
33.4426,-8388608,rest
33.4468,38807,rest
33.4555,8388607,rest
33.4563,-4369333,rest
33.4590,-8388608,rest
33.4633,-8388608,rest
33.4670,8388607,rest
33.4711,8388607,rest
33.4754,-3316046,rest
33.4796,838868,rest
33.4839,-8388608,rest
33.4888,8388607,rest
33.4917,8388607,rest
33.4967,-2065812,rest
33.4979,-,rest
33.4998,8388608,rest
33.5010,-,rest
33.5039,8388608,rest
33.5055,8,rest
33.5082,310019,rest
33.5091,8388,rest
33.5143,4,rest
33.5180,-8388608,rest
33.5203,-8388608,rest
33.5244,7809947,rest
33.5285,8388607,rest
33.5335,424692,rest
33.5367,-8388608,rest
33.5408,-8388608,rest
33.5452,0599,rest
33.5500,8388607,rest
33.5537,1608823,rest
33.5572,-8388608,rest
33.5614,-8388608,rest
33.5660,6416510,rest
33.5696,8388607,rest
33.5735,2864499,rest
33.5780,-8388608,rest
33.5824,-8388608,rest
33.5858,5636200,rest
33.5899,8388607,rest
33.5941,3912480,rest
33.5988,-8388608,rest
33.6022,-8388608,rest
33.6063,4683644,rest
33.6105,8388607,rest
33.6158,4979732,rest
33.6188,-8388608,rest
33.6228,-8388608,rest
33.6270,3703175,rest
33.6318,8388607,rest
33.6337,5,rest
33.6350,828214,rest
33.6360,-8388,rest
33.6391,608,rest
33.6405,-838860,rest
33.6433,8,rest
33.6435,2512926,rest
33.6495,8388607,rest
33.6515,6651429,rest
33.6556,-8388608,rest
33.6597,-8388608,rest
33.6646,1375492,rest
33.6686,8388607,rest
33.6721,7478158,rest
33.6761,-8388608,rest
33.6820,880,rest
33.6881,257584,rest
33.6898,8388607,rest
33.6933,8133978,rest
33.6965,8388608,rest
33.7011,-8388608,rest
33.7048,-969446,rest
33.7093,8388607,rest
33.7129,388607,rest
33.7173,-8388608,rest
33.7223,-8388608,rest
33.7252,-2089808,rest
33.7313,3886,rest
33.7365,8388607,rest
33.7376,-8388608,rest
33.7424,-8388608,rest
33.7482,17,rest
33.7508,8388607,rest
33.7555,8388607,rest
33.7574,-,rest
33.7579,8388608,rest
33.7595,-,rest
33.7621,388608,rest
33.7633,-9,rest
33.7664,7838,rest
33.7685,838860,rest
33.7701,7,rest
33.7702,8388607,rest
33.7742,-8388608,rest
33.7786,88808,rest
33.7850,-4728929,rest
33.7879,8388607,rest
33.7908,8388607,rest
33.7951,-8380,rest
33.7990,-8388608,rest
33.8040,-5599579,rest
33.8071,8388607,rest
33.8115,8388607,rest
33.8161,-8388608,rest
33.8193,-8388608,rest
33.8234,-6389462,rest
33.8277,8388607,rest
33.8333,8388607,rest
33.8357,-8074692,rest
33.8398,-8388608,rest
33.8441,-7207523,rest
33.8486,8388607,rest
33.8521,8388607,rest
33.8562,-7412832,rest
33.8609,-8388608,rest
33.8650,-7867041,rest
33.8689,8388607,rest
33.8728,8388607,rest
33.8767,-6602634,rest
33.8825,838868,rest
33.8855,8388608,rest
33.8892,8388607,rest
33.8905,838,rest
33.8932,8607,rest
33.8950,-58463,rest
33.8979,48,rest
33.8993,-8388608,rest
33.9013,-8388608,rest
33.9053,8388607,rest
33.9095,8388607,rest
33.9143,-4862477,rest
33.9176,-8388608,rest
33.9217,-8388608,rest
33.9259,8388607,rest
33.9305,8388607,rest
33.9342,-3905768,rest
33.9381,-8388608,rest
33.9423,-8388608,rest
33.9468,8388607,rest
33.9504,8388607,rest
33.9545,-2745318,rest
33.9586,-8388608,rest
33.9642,8388608,rest
33.9671,8388607,rest
33.9710,8388607,rest
33.9751,-1502109,rest
33.9798,-8388608,rest
33.9832,-8388608,rest
33.9873,8089399,rest
33.9914,8388607,rest
33.9974,33063,rest
34.0032,-8388608,rest
34.0041,-8388608,rest
34.0079,7465070,rest
34.0131,3807,rest
34.0170,977988,rest
34.0190,-83,rest
34.0203,88608,rest
34.0226,-83886,rest
34.0241,08,rest
34.0250,6802358,rest
34.0291,8388607,rest
34.0324,2152372,rest
34.0364,-8388608,rest
34.0405,-8388608,rest
34.0462,6073,rest
34.0505,8388607,rest
34.0533,3314662,rest
34.0578,-8388608,rest
34.0610,-8388608,rest
34.0665,5270881,rest
34.0694,8388607,rest
34.0733,4412624,rest
34.0777,-8388608,rest
34.0834,-8388608,rest
34.0857,4305751,rest
34.0897,8388607,rest
34.0938,5288837,rest
34.0983,-8388608,rest
34.1022,-8388608,rest
34.1060,3198833,rest
34.1103,8388607,rest
34.1158,6190404,rest
34.1185,-8388608,rest
34.1226,-8388608,rest
34.1266,2045504,rest
34.1324,8388607,rest
34.1349,7003850,rest
34.1362,-,rest
34.1388,8388608,rest
34.1400,-,rest
34.1432,8388608,rest
34.1444,902,rest
34.1485,583,rest
34.1505,83886,rest
34.1511,07,rest
34.1527,7775061,rest
34.1552,-8388608,rest
34.1593,-8388608,rest
34.1638,-286885,rest
34.1675,8388607,rest
34.1716,8388607,rest
34.1758,-8388608,rest
34.1803,-8388608,rest
34.1839,-1487476,rest
34.1880,8388607,rest
34.1921,8388607,rest
34.1978,-838868,rest
34.2010,-8388608,rest
34.2049,-2595832,rest
34.2107,8388607,rest
34.2126,8388607,rest
34.2183,-8388608,rest
34.2211,-8388608,rest
34.2249,-3438314,rest
34.2298,8388607,rest
34.2331,8388607,rest
34.2371,-8388608,rest
34.2412,-8388608,rest
34.2456,-4327397,rest
34.2507,8388607,rest
34.2536,8388607,rest
34.2576,-8388608,rest
34.2665,5143447,rest
34.2700,8388607,rest
34.2717,83,rest
34.2740,88607,rest
34.2754,-83886,rest
34.2780,08,rest
34.2796,-8388608,rest
34.2828,-5972201,rest
34.2863,8388607,rest
34.2903,8388607,rest
34.2946,-8388608,rest
34.2990,-8388608,rest
34.3028,-6816955,rest
34.3068,8388607,rest
34.3109,8388607,rest
34.3163,-7736408,rest
34.3190,-8388608,rest
34.3231,-7514650,rest
34.3277,8388607,rest
34.3328,8388607,rest
34.3354,-7000014,rest
34.3395,-8388608,rest
34.3438,-8247140,rest
34.3491,8388607,rest
34.3518,8388607,rest
34.3559,-6241777,rest
34.3603,-8388608,rest
34.3652,-8388608,rest
34.3682,8388607,rest
34.3722,8388607,rest
34.3768,-5440871,rest
34.3814,-8388608,rest
34.3845,-8388608,rest
34.3886,8388607,rest
34.3928,8388607,rest
34.3938,-,rest
34.3973,4421745,rest
34.3986,-8,rest
34.4009,388608,rest
34.4025,-8388,rest
34.4050,608,rest
34.4061,8388607,rest
34.4092,8388607,rest
34.4150,-3351747,rest
34.4173,-8388608,rest
34.4215,-8388608,rest
34.4256,8388607,rest
34.4297,38807,rest
34.4364,-2166252,rest
34.4398,-8388608,rest
34.4419,-8388608,rest
34.4478,8354143,rest
34.4502,8388607,rest
34.4543,-885533,rest
34.4584,-8388608,rest
34.4641,08,rest
34.4677,7795239,rest
34.4731,8388607,rest
34.4770,257964,rest
34.4793,-8388608,rest
34.4846,-8388608,rest
34.4869,7158255,rest
34.4910,8388607,rest
34.4953,43796,rest
34.5001,-8388608,rest
34.5063,-8388608,rest
34.5074,6508648,rest
34.5134,8607,rest
34.5168,2718424,rest
34.5183,-,rest
34.5211,8388608,rest
34.5223,-,rest
34.5238,8388608,rest
34.5248,5,rest
34.5284,770,rest
34.5298,8,rest
34.5330,607,rest
34.5348,3787521,rest
34.5364,-8388608,rest
34.5402,-8388608,rest
34.5444,4870506,rest
34.5492,8388607,rest
34.5526,4777750,rest
34.5567,-8388608,rest
34.5607,-8388608,rest
34.5666,3968641,rest
34.5690,8388607,rest
34.5730,5637329,rest
34.5773,-8388608,rest
34.5821,-8388608,rest
34.5854,2812918,rest
34.5894,8388607,rest
34.5936,6472905,rest
34.5987,-8388608,rest
34.6016,-8388608,rest
34.6057,1625673,rest
34.6098,8388607,rest
34.6147,7302876,rest
34.6180,-8388608,rest
34.6221,-8388608,rest
34.6263,482811,rest
34.6308,8388607,rest
34.6345,8042514,rest
34.6387,-8388608,rest
34.6429,-8388608,rest
34.6446,-,rest
34.6471,751241,rest
34.6508,8388607,rest
34.6522,8,rest
34.6549,388607,rest
34.6560,-8388,rest
34.6590,608,rest
34.6605,-8388608,rest
34.6638,-1887117,rest
34.6671,8388607,rest
34.6712,8388607,rest
34.6754,-8388608,rest
34.6798,83860,rest
34.6852,292,rest
34.6909,8388607,rest
34.6928,8388607,rest
34.6961,808,rest
34.7006,-8388608,rest
34.7058,-3821031,rest
34.7084,8388607,rest
34.7122,8388607,rest
34.7178,-8388608,rest
34.7205,-8388608,rest
34.7245,-4635179,rest
34.7298,30,rest
34.7335,8388607,rest
34.7379,-8388608,rest
34.7414,-8388608,rest
34.7454,5733,rest
34.7503,8388607,rest
34.7561,8388607,rest
34.7574,-8388608,rest
34.7618,-880,rest
34.7672,-6251987,rest
34.7723,8388607,rest
34.7736,8388607,rest
34.7752,-,rest
34.7778,8207064,rest
34.7791,-,rest
34.7824,8388608,rest
34.7835,-706,rest
34.7859,5624,rest
34.7873,838860,rest
34.7900,7,rest
34.7901,8388607,rest
34.7942,-7559912,rest
34.7990,-8388608,rest
34.8024,-7762195,rest
34.8064,8388607,rest
34.8108,8388607,rest
34.8155,-6708506,rest
34.8188,-8388608,rest
34.8229,-8388608,rest
34.8271,8388607,rest
34.8318,8388607,rest
34.8352,-5966640,rest
34.8395,-8388608,rest
34.8440,-8388608,rest
34.8477,8388607,rest
34.8515,8388607,rest
34.8556,-5087132,rest
34.8597,-8388608,rest
34.8642,-8388608,rest
34.8679,8388607,rest
34.8719,8388607,rest
34.8761,-3971140,rest
34.8807,-8388608,rest
34.8843,-8388608,rest
34.8883,8388607,rest
34.8925,8388607,rest
34.8974,-2932651,rest
34.8987,-,rest
34.9006,8388608,rest
34.9017,-,rest
34.9047,8388608,rest
34.9089,8388607,rest
34.9100,838,rest
34.9131,607,rest
34.9145,1681,rest
34.9177,6,rest
34.9189,-8388608,rest
34.9213,-8388608,rest
34.9263,8177647,rest
34.9299,38860,rest
34.9355,-487817,rest
34.9384,-8388608,rest
34.9417,-8388608,rest
34.9462,5,rest
34.9512,8388607,rest
34.9542,696428,rest
34.9581,-8388608,rest
34.9641,880,rest
34.9679,6947217,rest
34.9704,8388607,rest
34.9744,1885241,rest
34.9789,880,rest
34.9828,-8388608,rest
34.9876,6257190,rest
34.9908,8388607,rest
34.9957,8,rest
35.0008,-8388608,rest
35.0034,-8388608,rest
35.0071,5428183,rest
35.0117,838860,rest
35.0159,4140958,rest
35.0198,-8388608,rest
35.0235,-8388608,rest
35.0279,4492036,rest
35.0327,8388607,rest
35.0359,5062364,rest
35.0374,-838,rest
35.0398,8608,rest
35.0414,-838860,rest
35.0441,8,rest
35.0443,3443570,rest
35.0490,8388607,rest
35.0524,5952921,rest
35.0563,-8388608,rest
35.0604,-8388608,rest
35.0662,2379120,rest
35.0686,8388607,rest
35.0726,6778236,rest
35.0771,-8388608,rest
35.0811,-8388608,rest
35.0849,1156867,rest
35.0890,8388607,rest
35.0935,7555362,rest
35.0989,-8388608,rest
35.1013,-8388608,rest
35.1054,-57143,rest
35.1095,8388607,rest
35.1143,8293795,rest
35.1179,-8388608,rest
35.1218,-8388608,rest
35.1260,-1239425,rest
35.1306,8388607,rest
35.1342,8388607,rest
35.1382,-8388608,rest
35.1423,-8388608,rest
35.1468,-2392246,rest
35.1505,8388607,rest
35.1546,8388607,rest
35.1557,-,rest
35.1587,8388608,rest
35.1601,-,rest
35.1633,8388608,rest
35.1648,-333,rest
35.1668,4809,rest
35.1685,838860,rest
35.1709,7,rest
35.1722,8388607,rest
35.1751,-8388608,rest
35.1805,-8388608,rest
35.1834,-4260698,rest
35.1873,8388607,rest
35.1915,8388607,rest
35.1958,83868,rest
35.2019,-8388608,rest
35.2057,-5032533,rest
35.2078,8388607,rest
35.2138,386,rest
35.2202,-8388608,rest
35.2207,-8388608,rest
35.2243,-5840748,rest
35.2285,8607,rest
35.2362,8388607,rest
35.2377,-8388608,rest
35.2407,-8388608,rest
35.2462,665,rest
35.2493,8388607,rest
35.2544,8388607,rest
35.2570,-7942320,rest
35.2611,-8388608,rest
35.2660,-7387991,rest
35.2693,8388607,rest
35.2733,8388607,rest
35.2777,-7230105,rest
35.2832,-8388608,rest
35.2848,-,rest
35.2857,8055974,rest
35.2898,8388607,rest
35.2909,83,rest
35.2944,88607,rest
35.2960,-64411,rest
35.2983,77,rest
35.3005,-8388608,rest
35.3021,-8388608,rest
35.3061,8388607,rest
35.3108,8388607,rest
35.3160,-5636821,rest
35.3185,-8388608,rest
35.3226,-8388608,rest
35.3270,8388607,rest
35.3324,8388607,rest
35.3350,-4648457,rest
35.3389,-8388608,rest
35.3436,-8388608,rest
35.3478,8388607,rest
35.3513,8388607,rest
35.3553,-3628379,rest
35.3597,-8388608,rest
35.3653,-8388608,rest
35.3677,8388607,rest
35.3717,8388607,rest
35.3758,-2465607,rest
35.3808,-8388608,rest
35.3839,-8388608,rest
35.3880,8388607,rest
35.3922,8388607,rest
35.3981,-1257839,rest
35.4005,-8388608,rest
35.4044,-8388608,rest
35.4085,7957027,rest
35.4132,8388607,rest
35.4147,926,rest
35.4179,-83,rest
35.4208,88608,rest
35.4222,-83886,rest
35.4249,08,rest
35.4261,7315223,rest
35.4301,8388607,rest
35.4338,1186282,rest
35.4372,-8388608,rest
35.4413,-8388608,rest
35.4477,623,rest
35.4508,8388607,rest
35.4552,2422654,rest
35.4576,-8388608,rest
35.4619,83860,rest
35.4665,5900989,rest
35.4723,8388607,rest
35.4741,3502977,rest
35.4797,8860,rest
35.4851,-8388608,rest
35.4884,4978554,rest
35.4906,8388607,rest
35.4950,4542,rest
35.5003,-8388608,rest
35.5029,-8388608,rest
35.5068,4025054,rest
35.5110,8388607,rest
35.5155,5478426,rest
35.5191,-8388608,rest
35.5232,-8388608,rest
35.5275,2907751,rest
35.5320,8388607,rest
35.5355,6317059,rest
35.5372,-,rest
35.5396,8388608,rest
35.5408,-,rest
35.5437,8388608,rest
35.5458,17,rest
35.5494,86650,rest
35.5514,83886,rest
35.5518,07,rest
35.5530,7137703,rest
35.5560,-8388608,rest
35.5604,-8388608,rest
35.5646,649263,rest
35.5683,8388607,rest
35.5724,7914895,rest
35.5765,-8388608,rest
35.5814,-8388608,rest
35.5847,-644724,rest
35.5887,8388607,rest
35.5933,8388607,rest
35.5977,-8388608,rest
35.6010,-8388608,rest
35.6051,-1790836,rest
35.6093,8388607,rest
35.6138,8388607,rest
35.6174,-8388608,rest
35.6215,-8388608,rest
35.6259,-2925076,rest
35.6304,8388607,rest
35.6339,8388607,rest
35.6379,-8388608,rest
35.6421,-8388608,rest
35.6467,-79,rest
35.6510,8388607,rest
35.6548,8388607,rest
35.6585,-8388608,rest
35.6627,8308,rest
35.6682,4589218,rest
35.6719,8388607,rest
35.6735,83,rest
35.6772,88607,rest
35.6787,-8388,rest
35.6789,608,rest
35.6802,-8388608,rest
35.6836,-5400277,rest
35.6871,8388607,rest
35.6912,8388607,rest
35.6956,-8886,rest
35.7009,-8388608,rest
35.7046,-6217134,rest
35.7075,8388607,rest
35.7118,386,rest
35.7163,-8280604,rest
35.7216,-8388608,rest
35.7243,-7011861,rest
35.7292,860,rest
35.7334,8388607,rest
35.7381,-7648160,rest
35.7414,-8388608,rest
35.7444,-7743030,rest
35.7507,8388607,rest
35.7525,8388607,rest
35.7567,-6847668,rest
35.7608,-8388608,rest
35.7667,-8388608,rest
35.7690,8388607,rest
35.7731,8388607,rest
35.7773,-6110733,rest
35.7830,-8388608,rest
35.7854,-8388608,rest
35.7894,8388607,rest
35.7937,8388607,rest
35.7954,-,rest
35.7985,5199010,rest
35.7998,-8,rest
35.8017,388608,rest
35.8028,-8388,rest
35.8057,608,rest
35.8073,8388607,rest
35.8103,8388607,rest
35.8156,-4107531,rest
35.8184,-8388608,rest
35.8223,-8388608,rest
35.8265,8388607,rest
35.8313,8388607,rest
35.8348,-3012042,rest
35.8387,-8388608,rest
35.8428,-8388608,rest
35.8475,8388607,rest
35.8511,8388607,rest
35.8551,-1830452,rest
35.8592,-8388608,rest
35.8637,83868,rest
35.8680,8236479,rest
35.8727,8388607,rest
35.8770,-702119,rest
35.8829,-8388608,rest
35.8838,-8388608,rest
35.8882,7648159,rest
35.8924,8388607,rest
35.8972,4799,rest
35.9010,-8388608,rest
35.9054,-8388608,rest
35.9083,6960648,rest
35.9126,838807,rest
35.9172,1799000,rest
35.9192,-,rest
35.9212,8388608,rest
35.9226,-,rest
35.9246,8388608,rest
35.9255,6,rest
35.9288,7276,rest
35.9300,38,rest
35.9328,607,rest
35.9345,2970076,rest
35.9369,-8388608,rest
35.9410,-8388608,rest
35.9452,472119,rest
35.9498,8388607,rest
35.9558,4063451,rest
35.9576,-8388608,rest
35.9635,-380,rest
35.9662,4567680,rest
35.9698,8388607,rest
35.9737,5017418,rest
35.9802,-838860,rest
35.9843,-8388608,rest
35.9868,3537630,rest
35.9904,8388607,rest
35.9943,5903270,rest
35.9995,-8388608,rest
36.0024,-8388608,rest
36.0065,2298996,rest
36.0106,8388607,rest
36.0156,6784373,rest
36.0188,-8388608,rest
36.0229,-8388608,rest
36.0271,1112656,rest
36.0325,8388607,rest
36.0352,7558905,rest
36.0393,-8388608,rest
36.0436,-8388608,rest
36.0450,-,rest
36.0482,115373,rest
36.0516,8388607,rest
36.0526,8,rest
36.0558,291144,rest
36.0572,-8388,rest
36.0597,608,rest
36.0608,-8388608,rest
36.0641,-1228459,rest
36.0680,8388607,rest
36.0720,8388607,rest
36.0762,-8388608,rest
36.0808,-8388608,rest
36.0844,-2398967,rest
36.0885,8388607,rest
36.0926,8388607,rest
36.0986,8368,rest
36.1025,-8388608,rest
36.1061,-3369872,rest
36.1089,8388607,rest
36.1134,8388607,rest
36.1175,-8388608,rest
36.1212,-8388608,rest
36.1254,-4201243,rest
36.1296,3867,rest
36.1340,8388607,rest
36.1382,-8388608,rest
36.1439,-8388608,rest
36.1459,-5008159,rest
36.1504,8388607,rest
36.1544,8388607,rest
36.1583,-8388608,rest
36.1624,838608,rest
36.1670,-5848271,rest
36.1720,8388607,rest
36.1746,8388607,rest
36.1754,-,rest
36.1800,380,rest
36.1849,88608,rest
36.1883,-6660582,rest
36.1908,8388607,rest
36.1910,8388607,rest
36.1950,-7927612,rest
36.2009,-8388608,rest
36.2032,-7386001,rest
36.2072,8388607,rest
36.2132,83887,rest
36.2170,-7205067,rest
36.2195,-8388608,rest
36.2236,-8068197,rest
36.2277,8388607,rest
36.2337,8388607,rest
36.2359,-6450095,rest
36.2400,-8388608,rest
36.2441,-8388608,rest
36.2491,8388607,rest
36.2522,8388607,rest
36.2563,-5665306,rest
36.2605,-8388608,rest
36.2655,-8388608,rest
36.2687,8388607,rest
36.2727,8388607,rest
36.2773,-4728216,rest
36.2814,-8388608,rest
36.2850,-8388608,rest
36.2892,8388607,rest
36.2936,8388607,rest
36.2989,-3681947,rest
36.3000,-,rest
36.3014,8388608,rest
36.3030,-,rest
36.3055,8388608,rest
36.3069,8,rest
36.3101,388607,rest
36.3112,838,rest
36.3141,8607,rest
36.3172,-244766,rest
36.3178,7,rest
36.3180,-8388608,rest
36.3220,-8388608,rest
36.3261,8388607,rest
36.3319,8388607,rest
36.3344,-1193141,rest
36.3383,-8388608,rest
36.3425,-8388608,rest
36.3474,7986443,rest
36.3505,8388607,rest
36.3546,-47207,rest
36.3588,-8388608,rest
36.3635,-8388608,rest
36.3670,7339091,rest
36.3711,8388607,rest
36.3752,1147500,rest
36.3805,-8388608,rest
36.3835,-8388608,rest
36.3875,6696674,rest
36.3916,8388607,rest
36.3963,2355068,rest
36.3999,-8388608,rest
36.4038,-8388608,rest
36.4079,5928915,rest
36.4142,8,rest
36.4172,3499160,rest
36.4210,-8388608,rest
36.4244,-8388608,rest
36.4301,528,rest
36.4334,8388607,rest
36.4374,4518161,rest
36.4389,-838,rest
36.4407,8608,rest
36.4418,-838860,rest
36.4451,8,rest
36.4459,0651,rest
36.4495,8388607,rest
36.4530,5500779,rest
36.4570,-8388608,rest
36.4620,-838860,rest
36.4665,2930302,rest
36.4699,8388607,rest
36.4734,6358231,rest
36.4780,-8388608,rest
36.4827,-8388608,rest
36.4858,1767927,rest
36.4899,8388607,rest
36.4942,7087817,rest
36.5002,-8388608,rest
36.5022,-8388608,rest
36.5062,606197,rest
36.5103,8388607,rest
36.5155,7931357,rest
36.5185,-8388608,rest
36.5226,-8388608,rest
36.5268,-555000,rest
36.5319,8388607,rest
36.5349,8388607,rest
36.5391,-8388608,rest
36.5431,-8388608,rest
36.5489,1752,rest
36.5522,8388607,rest
36.5558,8388607,rest
36.5570,-,rest
36.5595,8388608,rest
36.5607,-,rest
36.5652,8-7,rest
36.5682,882,rest
36.5711,838860,rest
36.5717,7,rest
36.5727,8388607,rest
36.5760,-8388608,rest
36.5805,-8388608,rest
36.5840,-3714624,rest
36.5881,8388607,rest
36.5923,8388607,rest
36.5969,-8388608,rest
36.6007,-8388608,rest
36.6045,-4547319,rest
36.6086,8388607,rest
36.6143,380,rest
36.6180,-8388608,rest
36.6217,-8388608,rest
36.6251,-5405708,rest
36.6300,8388607,rest
36.6332,8388607,rest
36.6373,-8388608,rest
36.6417,-8388608,rest
36.6457,6978,rest
36.6500,8388607,rest
36.6551,8388607,rest
36.6577,-8251188,rest
36.6621,83,rest
36.6671,-6993055,rest
36.6713,8388607,rest
36.6752,8388607,rest
36.6795,28,rest
36.6831,-8388608,rest
36.6847,-,rest
36.6864,7737466,rest
36.6905,8388607,rest
36.6921,838,rest
36.6948,80,rest
36.6964,-87,rest
36.6988,7,rest
36.6993,-8388608,rest
36.7028,-8384015,rest
36.7069,8388607,rest
36.7110,8388607,rest
36.7164,-5985319,rest
36.7192,-8388608,rest
36.7233,-8388608,rest
36.7274,8388607,rest
36.7322,8388607,rest
36.7356,-5206759,rest
36.7396,-8388608,rest
36.7439,-8388608,rest
36.7487,8388607,rest
36.7519,8388607,rest
36.7560,-4124374,rest
36.7606,-8388608,rest
36.7651,-8388608,rest
36.7684,8388607,rest
36.7725,8388607,rest
36.7766,-3028650,rest
36.7813,-8388608,rest
36.7848,-8388608,rest
36.7888,8388607,rest
36.7932,8388607,rest
36.7979,-1785345,rest
36.8011,-8388608,rest
36.8052,-8388608,rest
36.8094,8251187,rest
36.8142,8388607,rest
36.8153,-5,rest
36.8175,40420,rest
36.8191,-838,rest
36.8216,8608,rest
36.8229,-838860,rest
36.8256,8,rest
36.8258,7633451,rest
36.8315,8388607,rest
36.8341,601086,rest
36.8380,-8388608,rest
36.8421,-8388608,rest
36.8465,6954408,rest
36.8502,8388607,rest
36.8543,1810583,rest
36.8586,-8388608,rest
36.8627,8868,rest
36.8671,6280115,rest
36.8716,8388607,rest
36.8749,3015913,rest
36.8799,-8388608,rest
36.8830,-8388608,rest
36.8871,5484236,rest
36.8912,8388607,rest
36.8954,4054102,rest
36.9003,-8388608,rest
36.9035,-8388608,rest
36.9076,4614658,rest
36.9120,8388607,rest
36.9174,5045215,rest
36.9199,-8388608,rest
36.9240,-8388608,rest
36.9281,3561966,rest
36.9329,8388607,rest
36.9364,5867086,rest
36.9377,-,rest
36.9404,8388608,rest
36.9416,-,rest
36.9445,8388608,rest
36.9456,235,rest
36.9494,4867,rest
36.9508,83886,rest
36.9526,07,rest
36.9539,6707260,rest
36.9568,-8388608,rest
36.9610,-8388608,rest
36.9653,1232316,rest
36.9692,8388607,rest
36.9731,7545534,rest
36.9773,-8388608,rest
36.9824,-8388608,rest
36.9854,52308,rest
36.9895,8388607,rest
36.9936,8209701,rest
36.9982,-8388608,rest
37.0018,-8388608,rest
37.0059,-1096525,rest
37.0101,8388607,rest
37.0151,8388607,rest
37.0182,-8388608,rest
37.0223,-8388608,rest
37.0267,-2249784,rest
37.0310,8388607,rest
37.0346,8388607,rest
37.0387,-8388608,rest
37.0430,-8388608,rest
37.0475,-3235223,rest
37.0513,8388607,rest
37.0550,8388607,rest
37.0592,-8388608,rest
37.0649,83-,rest
37.0678,4078191,rest
37.0715,8388607,rest
37.0731,83,rest
37.0756,88607,rest
37.0769,-83886,rest
37.0802,08,rest
37.0818,-8388608,rest
37.0837,-4933760,rest
37.0879,8388607,rest
37.0930,8388607,rest
37.0961,08,rest
37.1011,-8388608,rest
37.1048,-5758641,rest
37.1084,8388607,rest
37.1138,380,rest
37.1182,-8388608,rest
37.1208,-8388608,rest
37.1247,-6581594,rest
37.1310,3607,rest
37.1340,8388607,rest
37.1374,-7971736,rest
37.1410,-8388608,rest
37.1453,735391,rest
37.1501,8388607,rest
37.1543,8388607,rest
37.1575,-7236074,rest
37.1619,-8388608,rest
37.1670,-8050642,rest
37.1697,8388607,rest
37.1738,8388607,rest
37.1779,-6437303,rest
37.1830,-8388608,rest
37.1861,-8388608,rest
37.1902,8388607,rest
37.1944,8388607,rest
37.1955,-,rest
37.2000,5639879,rest
37.2013,-83,rest
37.2025,88608,rest
37.2035,-83886,rest
37.2065,08,rest
37.2082,8388607,rest
37.2107,8388607,rest
37.2166,-4655699,rest
37.2189,-8388608,rest
37.2230,-8388608,rest
37.2271,8388607,rest
37.2317,8388607,rest
37.2353,-3658731,rest
37.2394,-8388608,rest
37.2436,-8388608,rest
37.2478,8388607,rest
37.2517,8388607,rest
37.2557,-2436771,rest
37.2599,-8388608,rest
37.2648,-8388608,rest
37.2680,8388607,rest
37.2721,8388607,rest
37.2764,-1260784,rest
37.2815,-8388608,rest
37.2845,-8388608,rest
37.2885,7957027,rest
37.2927,8388607,rest
37.2975,-5277,rest
37.3008,-8388608,rest
37.3049,-8388608,rest
37.3091,7318172,rest
37.3135,8388607,rest
37.3173,1213388,rest
37.3179,-,rest
37.3213,8388608,rest
37.3224,-,rest
37.3254,8388608,rest
37.3263,66,rest
37.3296,469,rest
37.3312,386,rest
37.3347,07,rest
37.3363,2353569,rest
37.3377,-8388608,rest
37.3418,-8388608,rest
37.3471,5904598,rest
37.3507,8388607,rest
37.3540,3525583,rest
37.3583,-8388608,rest
37.3624,8808,rest
37.3682,5116596,rest
37.3705,8388607,rest
37.3745,4493503,rest
37.3802,860,rest
37.3842,-8388608,rest
37.3883,4119356,rest
37.3909,8388607,rest
37.3952,433,rest
37.3993,-8388608,rest
37.4034,-8388608,rest
37.4099,2986082,rest
37.4116,8388607,rest
37.4170,6290734,rest
37.4196,-8388608,rest
37.4236,-8388608,rest
37.4280,1849736,rest
37.4327,8388607,rest
37.4360,7061011,rest
37.4401,-8388608,rest
37.4443,-8388608,rest
37.4499,649893,rest
37.4523,8388607,rest
37.4538,79,rest
37.4565,16198,rest
37.4575,-8388,rest
37.4607,608,rest
37.4625,-8388608,rest
37.4660,-507623,rest
37.4687,8388607,rest
37.4728,8388607,rest
37.4770,-8388608,rest
37.4818,-8388608,rest
37.4852,-1745899,rest
37.4892,8388607,rest
37.4934,8388607,rest
37.4981,-8388608,rest
37.5015,-8388608,rest
37.5056,-2780711,rest
37.5102,8388607,rest
37.5140,8388607,rest
37.5179,-8388608,rest
37.5220,-8388608,rest
37.5262,-3708998,rest
37.5304,36,rest
37.5361,8388607,rest
37.5392,-8388608,rest
37.5441,-8388608,rest
37.5484,-4492460,rest
37.5508,8388607,rest
37.5568,8388607,rest
37.5589,-8388608,rest
37.5638,-8388608,rest
37.5675,-5309311,rest
37.5711,8388607,rest
37.5752,8388607,rest
37.5768,-,rest
37.5812,886088,rest
37.5841,388608,rest
37.5861,-6115,rest
37.5892,863,rest
37.5918,8388607,rest
37.5920,8388607,rest
37.5959,83,rest
37.6013,-8388608,rest
37.6049,-6887414,rest
37.6093,8388607,rest
37.6126,8386,rest
37.6170,-7618744,rest
37.6235,-8388608,rest
37.6244,-7679762,rest
37.6350,8388607,rest
37.6373,-6849495,rest
37.6408,-8388608,rest
37.6451,-8340726,rest
37.6504,8388607,rest
37.6532,8388607,rest
37.6572,-6086118,rest
37.6634,-8386,rest
37.6697,-8388608,rest
37.6703,8388607,rest
37.6735,8388607,rest
37.6776,-5160738,rest
37.6833,-8388608,rest
37.6858,-8388608,rest
37.6899,8388607,rest
37.6944,8388607,rest
37.6997,-4132323,rest
37.7010,-,rest
37.7022,8388608,rest
37.7032,-,rest
37.7063,8388608,rest
37.7077,8,rest
37.7105,388607,rest
37.7114,8388,rest
37.7147,607,rest
37.7163,-303049,rest
37.7186,9,rest
37.7187,-8388608,rest
37.7227,-8388608,rest
37.7271,8388607,rest
37.7325,8388607,rest
37.7352,-1863562,rest
37.7392,-8388608,rest
37.7437,-8388608,rest
37.7475,8221771,rest
37.7515,8388607,rest
37.7556,-632137,rest
37.7596,-8388608,rest
37.7636,8388608,rest
37.7685,7648159,rest
37.7718,8388607,rest
37.7759,587047,rest
37.7809,-8388608,rest
37.7845,-8388608,rest
37.7882,6979816,rest
37.7924,8388607,rest
37.7966,805430,rest
37.8008,-8388608,rest
37.8059,-8388608,rest
37.8087,6304392,rest
37.8147,67,rest
37.8169,3038225,rest
37.8216,-8388608,rest
37.8269,-8388608,rest
37.8294,5412799,rest
37.8339,8388607,rest
37.8352,4,rest
37.8374,084075,rest
37.8389,-8388,rest
37.8418,608,rest
37.8436,-838860,rest
37.8457,8,rest
37.8474,4551,rest
37.8509,8388607,rest
37.8545,5037315,rest
37.8578,-8388608,rest
37.8639,860,rest
37.8683,3505770,rest
37.8722,8388607,rest
37.8742,5932927,rest
37.8794,830,rest
37.8834,-8388608,rest
37.8875,2350752,rest
37.8906,8388607,rest
37.8967,648,rest
37.8997,-8388608,rest
37.9040,-8388608,rest
37.9089,1179024,rest
37.9115,8388607,rest
37.9159,7585845,rest
37.9194,-8388608,rest
37.9234,-8388608,rest
37.9277,11271,rest
37.9336,8388607,rest
37.9357,8268669,rest
37.9398,-8388608,rest
37.9439,-8388608,rest
37.9489,-1206245,rest
37.9521,8388607,rest
37.9561,8388607,rest
37.9577,-,rest
37.9605,8388608,rest
37.9633,-8,rest
37.9655,388608,rest
37.9680,-238,rest
37.9685,7645,rest
37.9695,838860,rest
37.9725,7,rest
37.9726,8388607,rest
37.9766,-8388608,rest
37.9824,838860,rest
37.9868,-3273247,rest
37.9895,8388607,rest
37.9933,8388607,rest
37.9978,-8388608,rest
38.0026,838808,rest
38.0066,-4100597,rest
38.0111,8388607,rest
38.0136,8388607,rest
38.0192,-8388608,rest
38.0217,-8388608,rest
38.0259,-4937138,rest
38.0303,388607,rest
38.0340,8388607,rest
38.0408,-8388608,rest
38.0423,-8388608,rest
38.0476,-5808475,rest
38.0504,8388607,rest
38.0545,8388607,rest
38.0586,-8388608,rest
38.0644,836,rest
38.0679,-6594370,rest
38.0716,8388607,rest
38.0749,8388607,rest
38.0799,-7942320,rest
38.0817,-,rest
38.0831,8388608,rest
38.0840,-,rest
38.0872,7435936,rest
38.0885,8,rest
38.0913,388607,rest
38.0923,838,rest
38.0972,6-148,rest
38.0999,-8388608,rest
38.1059,-8095914,rest
38.1077,8388607,rest
38.1120,867,rest
38.1168,-6433310,rest
38.1224,-8388608,rest
38.1244,-8388608,rest
38.1282,8388607,rest
38.1334,8388607,rest
38.1365,-5616557,rest
38.1405,-8388608,rest
38.1447,-8388608,rest
38.1486,8388607,rest
38.1527,8388607,rest
38.1568,-4649327,rest
38.1611,-8388608,rest
38.1667,-8388608,rest
38.1692,8388607,rest
38.1732,8388607,rest
38.1777,-3577380,rest
38.1816,-8388608,rest
38.1856,-8388608,rest
38.1896,8388607,rest
38.1942,8388607,rest
38.1989,-2411308,rest
38.2020,-8388608,rest
38.2060,-8388608,rest
38.2105,8388607,rest
38.2151,8388607,rest
38.2158,-,rest
38.2184,1176276,rest
38.2199,-838,rest
38.2224,8608,rest
38.2236,-838860,rest
38.2270,8,rest
38.2275,7942319,rest
38.2316,8388607,rest
38.2349,-24576,rest
38.2389,-8388608,rest
38.2429,-8388608,rest
38.2478,7296535,rest
38.2512,8388607,rest
38.2551,1204703,rest
38.2593,-8388608,rest
38.2644,-8388608,rest
38.2676,6661842,rest
38.2716,8388607,rest
38.2757,2337683,rest
38.2797,8388608,rest
38.2850,-8388608,rest
38.2879,5913690,rest
38.2920,8388607,rest
38.2962,566695,rest
38.3011,-8388608,rest
38.3051,-8388608,rest
38.3086,5108467,rest
38.3128,3807,rest
38.3189,4470158,rest
38.3220,-8388608,rest
38.3248,-8388608,rest
38.3304,1,rest
38.3360,8388607,rest
38.3371,5448856,rest
38.3383,-,rest
38.3412,8388608,rest
38.3428,-,rest
38.3455,360,rest
38.3465,3,rest
38.3498,3970,rest
38.3517,83886,rest
38.3536,07,rest
38.3563,6269182,rest
38.3576,-8388608,rest
38.3636,-8,rest
38.3703,1838615,rest
38.3706,8388607,rest
38.3739,7020336,rest
38.3785,-3,rest
38.3828,-8388608,rest
38.3890,718728,rest
38.3903,8388607,rest
38.3946,7853263,rest
38.3987,-8388608,rest
38.4026,-8388608,rest
38.4066,-415130,rest
38.4111,8388607,rest
38.4154,8388607,rest
38.4191,-8388608,rest
38.4231,-8388608,rest
38.4272,-1665758,rest
38.4331,8388607,rest
38.4355,8388607,rest
38.4395,-8388608,rest
38.4436,-8388608,rest
38.4485,-2686961,rest
38.4519,8388607,rest
38.4559,8388607,rest
38.4600,-8388608,rest
38.4647,-8388608,rest
38.4663,-,rest
38.4681,3595651,rest
38.4722,8388607,rest
38.4742,83,rest
38.4768,88607,rest
38.4786,-83886,rest
38.4816,08,rest
38.4834,-8388608,rest
38.4847,-4436588,rest
38.4888,8388607,rest
38.4928,8388607,rest
38.4978,-8388608,rest
38.5011,-8388608,rest
38.5050,-5249948,rest
38.5092,8388607,rest
38.5136,8388607,rest
38.5173,-8388608,rest
38.5214,-8388608,rest
38.5255,-6080530,rest
38.5301,8388607,rest
38.5337,8388607,rest
38.5378,-8368852,rest
38.5419,-8388608,rest
38.5467,-6881975,rest
38.5502,8388607,rest
38.5541,8388607,rest
38.5584,-7692284,rest
38.5636,8880,rest
38.5697,-7652824,rest
38.5705,8388607,rest
38.5746,8388607,rest
38.5787,6942210,rest
38.5832,-8388608,rest
38.5869,-8301331,rest
38.5910,8388607,rest
38.5953,37,rest
38.6014,6146216,rest
38.6031,-83,rest
38.6033,88608,rest
38.6046,-8388,rest
38.6074,608,rest
38.6089,8388607,rest
38.6115,8388607,rest
38.6163,-5219466,rest
38.6197,-8388608,rest
38.6237,-8388608,rest
38.6295,8388607,rest
38.6319,8388607,rest
38.6360,-4233767,rest
38.6402,-8388608,rest
38.6443,-8388608,rest
38.6487,8388607,rest
38.6525,8388607,rest
38.6565,-3140985,rest
38.6607,-8388608,rest
38.6653,-8388608,rest
38.6689,8388607,rest
38.6729,8388607,rest
38.6771,-1994877,rest
38.6828,-8388608,rest
38.6852,-8388608,rest
38.6893,8280603,rest
38.6934,8388607,rest
38.6992,-749832,rest
38.7016,-8388608,rest
38.7057,-8388608,rest
38.7098,7706991,rest
38.7151,8388607,rest
38.7180,503861,rest
38.7190,-,rest
38.7220,8388608,rest
38.7234,-,rest
38.7266,8388608,rest
38.7275,7,rest
38.7310,061480,rest
38.7331,8388,rest
38.7343,607,rest
38.7355,1684452,rest
38.7386,-8388608,rest
38.7426,-8388608,rest
38.7481,391,rest
38.7530,8388607,rest
38.7558,2885650,rest
38.7591,-8388608,rest
38.7648,88808,rest
38.7691,5476090,rest
38.7715,8388607,rest
38.7753,3997987,rest
38.7796,8608,rest
38.7838,-8388608,rest
38.7904,4621384,rest
38.7923,8388607,rest
38.7959,007,rest
38.8010,-8388608,rest
38.8043,-8388608,rest
38.8096,3619009,rest
38.8122,8388607,rest
38.8172,5881252,rest
38.8204,-8388608,rest
38.8245,-8388608,rest
38.8303,4998,rest
38.8335,8388607,rest
38.8371,6612049,rest
38.8409,-8388608,rest
38.8451,8368,rest
38.8529,1260495,rest
38.8535,8388607,rest
38.8550,7,rest
38.8574,461352,rest
38.8587,-8388,rest
38.8632,68-3888,rest
38.8675,161059,rest
38.8704,8388607,rest
38.8736,8190561,rest
38.8778,-8388608,rest
38.8823,-8388608,rest
38.8859,-1076289,rest
38.8900,8388607,rest
38.8947,8388607,rest
38.8992,-8388608,rest
38.9023,-8388608,rest
38.9064,-2221622,rest
38.9105,8388607,rest
38.9156,8388607,rest
38.9187,-8388608,rest
38.9228,-8388608,rest
38.9269,-3242335,rest
38.9324,8388607,rest
38.9351,8388607,rest
38.9392,-8388608,rest
38.9434,-8388608,rest
38.9489,-4055177,rest
38.9515,8388607,rest
38.9555,8388607,rest
38.9597,-8388608,rest
38.9648,-8388608,rest
38.9679,-4889025,rest
38.9719,8388607,rest
38.9760,8388607,rest
38.9775,-,rest
38.9810,8388608,rest
38.9822,-8,rest
38.9842,388608,rest
38.9854,-5726,rest
38.9884,462,rest
38.9897,8388607,rest
38.9931,8388607,rest
38.9969,-8388608,rest
39.0006,-8388608,rest
39.0048,-6506271,rest
39.0088,8388607,rest
39.0138,8388607,rest
39.0170,-8001152,rest
39.0211,-8388608,rest
39.0254,-7275582,rest
39.0305,388,rest
39.0344,8388607,rest
39.0392,-7270241,rest
39.0416,-8388608,rest
39.0465,-8031246,rest
39.0497,8388607,rest
39.0540,8388607,rest
39.0579,-6500708,rest
39.0622,83888,rest
39.0681,-8388608,rest
39.0712,8388607,rest
39.0743,8388607,rest
39.0802,56519,rest
39.0858,-8388608,rest
39.0867,-8388608,rest
39.0906,8388607,rest
39.0966,8388607,rest
39.0989,-4686625,rest
39.1006,-,rest
39.1031,8388608,rest
39.1043,-,rest
39.1073,8388608,rest
39.1089,8,rest
39.1112,388607,rest
39.1123,8388,rest
39.1155,607,rest
39.1172,-363873,rest
39.1193,4,rest
39.1194,-8388608,rest
39.1235,-8388608,rest
39.1277,8388607,rest
39.1321,8388607,rest
39.1358,-2496859,rest
39.1398,-8388608,rest
39.1440,-8388608,rest
39.1482,8388607,rest
39.1521,8388607,rest
39.1562,-1252674,rest
39.1612,-8388608,rest
39.1653,-8388608,rest
39.1685,8001151,rest
39.1726,8388607,rest
39.1767,-113064,rest
39.1822,-8388608,rest
39.1849,-8388608,rest
39.1889,7355696,rest
39.1937,8388607,rest
39.1983,1178070,rest
39.2013,-8388608,rest
39.2053,-8388608,rest
39.2094,6702615,rest
39.2139,8388607,rest
39.2177,2293265,rest
39.2217,-8388608,rest
39.2261,-8388608,rest
39.2308,5905454,rest
39.2340,8388607,rest
39.2355,3,rest
39.2383,430125,rest
39.2401,-838,rest
39.2423,8608,rest
39.2438,-838860,rest
39.2478,51185,rest
39.2522,8388607,rest
39.2548,4472458,rest
39.2586,-8388608,rest
39.2645,8388,rest
39.2684,4132201,rest
39.2711,8388607,rest
39.2750,5359814,rest
39.2792,8,rest
39.2843,-8388608,rest
39.2877,3105383,rest
39.2917,8388607,rest
39.2955,222826,rest
39.3007,-8388608,rest
39.3040,-8388608,rest
39.3078,1957233,rest
39.3119,388607,rest
39.3161,7048350,rest
39.3204,-8388608,rest
39.3241,-8388608,rest
39.3304,31300,rest
39.3327,8388607,rest
39.3365,7783664,rest
39.3405,-8388608,rest
39.3466,-8388608,rest
39.3487,-346594,rest
39.3528,8388607,rest
39.3569,8388607,rest
39.3583,-,rest
39.3611,8388608,rest
39.3629,-,rest
39.3655,8388608,rest
39.3666,-155,rest
39.3692,6713,rest
39.3704,838860,rest
39.3732,7,rest
39.3733,8388607,rest
39.3776,-8388608,rest
39.3825,-8388608,rest
39.3856,-2653968,rest
39.3897,8388607,rest
39.3938,8388607,rest
39.3986,-8388608,rest
39.4020,-8388608,rest
39.4060,-3518006,rest
39.4103,8388607,rest
39.4153,8388607,rest
39.4183,-8388608,rest
39.4224,-8388608,rest
39.4267,-4404613,rest
39.4318,8388607,rest
39.4347,8388607,rest
39.4388,-8388608,rest
39.4430,-8388608,rest
39.4479,-5183457,rest
39.4511,8388607,rest
39.4552,8388607,rest
39.4593,-8388608,rest
39.4639,-8388608,rest
39.4675,-5959714,rest
39.4716,8388607,rest
39.4759,8388607,rest
39.4803,-8388608,rest
39.4839,-8388608,rest
39.4851,-,rest
39.4880,6762536,rest
39.4921,8388607,rest
39.4937,83,rest
39.4969,88607,rest
39.4982,-78246,rest
39.5003,56,rest
39.5013,-8388608,rest
39.5043,-7493901,rest
39.5084,8388607,rest
39.5127,3867,rest
39.5171,-7098119,rest
39.5211,-8388608,rest
39.5249,-8190747,rest
39.5294,8388607,rest
39.5330,8388607,rest
39.5371,-6373118,rest
39.5412,-8388608,rest
39.5455,83888,rest
39.5499,8388607,rest
39.5542,8388607,rest
39.5576,-5494923,rest
39.5619,88,rest
39.5673,-8388608,rest
39.5701,8388607,rest
39.5741,8388607,rest
39.5781,-4574210,rest
39.5829,-8388608,rest
39.5864,-8388608,rest
39.5905,8388607,rest
39.5945,8388607,rest
39.5994,-3485751,rest
39.6026,-8388608,rest
39.6068,-8388608,rest
39.6110,8388607,rest
39.6157,8388607,rest
39.6169,-,rest
39.6192,2352164,rest
39.6203,-83,rest
39.6232,88608,rest
39.6243,-8388,rest
39.6273,608,rest
39.6292,8388607,rest
39.6325,8388607,rest
39.6355,-1177604,rest
39.6395,-8388608,rest
39.6437,-8388608,rest
39.6487,7942319,rest
39.6518,8388607,rest
39.6558,90549,rest
39.6603,-8388608,rest
39.6652,-8388608,rest
39.6682,7279184,rest
39.6724,8388607,rest
39.6764,1207533,rest
39.6813,-8388608,rest
39.6846,-8388608,rest
39.6886,6605838,rest
39.6931,8388607,rest
39.6974,2465300,rest
39.7011,-8388608,rest
39.7052,-8388608,rest
39.7091,5856612,rest
39.7135,8388607,rest
39.7179,3556045,rest
39.7214,-8388608,rest
39.7255,-8388608,rest
39.7306,5009077,rest
39.7337,8388607,rest
39.7378,4562543,rest
39.7394,-,rest
39.7419,8388608,rest
39.7432,-,rest
39.7482,38684,rest
39.7522,023004,rest
39.7535,8388,rest
39.7544,607,rest
39.7563,5499101,rest
39.7583,-8388608,rest
39.7625,8388,rest
39.7673,2952484,rest
39.7713,8388607,rest
39.7747,6316209,rest
39.7788,8388608,rest
39.7832,-8388608,rest
39.7872,1699461,rest
39.7911,8388607,rest
39.7969,158,rest
39.7998,-8388608,rest
39.8043,-8388608,rest
39.8074,537783,rest
39.8120,86,rest
39.8167,7978673,rest
39.8197,-8388608,rest
39.8238,-8388608,rest
39.8296,-674958,rest
39.8321,8388607,rest
39.8361,8388607,rest
39.8404,-8388608,rest
39.8447,-8388608,rest
39.8489,-1840125,rest
39.8527,8388607,rest
39.8566,8388607,rest
39.8607,-8388608,rest
39.8663,-8388608,rest
39.8677,-,rest
39.8689,2922130,rest
39.8730,8388607,rest
39.8747,8,rest
39.8771,388607,rest
39.8778,-8388,rest
39.8817,608,rest
39.8833,-8388608,rest
39.8853,-3799414,rest
39.8894,8388607,rest
39.8937,8388607,rest
39.8976,-8388608,rest
39.9017,-8388608,rest
39.9057,-4600864,rest
39.9099,8388607,rest
39.9148,8388607,rest
39.9181,-8388608,rest
39.9222,-8388608,rest
39.9265,-5424523,rest
39.9306,8388607,rest
39.9346,8388607,rest
39.9385,-8388608,rest
39.9428,-8388608,rest
39.9471,-6236700,rest
39.9510,8388607,rest
39.9549,8388607,rest
39.9592,-8265896,rest
39.9635,-8388608,rest
39.9672,-7044108,rest
39.9713,8388607,rest
39.9754,8388607,rest
39.9797,7524,rest
39.9841,-8388608,rest
39.9885,-7773199,rest
39.9919,8388607,rest
39.9975,3807,rest
40.0004,6807862,rest
40.0020,-8,rest
40.0049,388608,rest
40.0066,-8388,rest
40.0081,608,rest
40.0095,8388607,rest
40.0125,887,rest
40.0165,-5998141,rest
40.0216,-8388608,rest
40.0246,-8388608,rest
40.0301,38867,rest
40.0333,8388607,rest
40.0370,-5131768,rest
40.0409,-8388608,rest
40.0453,3868,rest
40.0509,8388607,rest
40.0540,8388607,rest
40.0573,-4196328,rest
40.0617,386,rest
40.0659,-8388608,rest
40.0699,8388607,rest
40.0737,8388607,rest
40.0781,-0610,rest
40.0823,-8388608,rest
40.0869,-8388608,rest
40.0901,8388607,rest
40.0942,8388607,rest
40.0991,-1753617,rest
40.1024,-8388608,rest
40.1065,-8388608,rest
40.1107,8236479,rest
40.1155,8388607,rest
40.1187,-599038,rest
40.1200,-,rest
40.1228,8388608,rest
40.1245,-,rest
40.1270,8388608,rest
40.1277,7,rest
40.1319,648159,rest
40.1332,8388,rest
40.1351,607,rest
40.1363,588969,rest
40.1393,-8388608,rest
40.1433,-8388608,rest
40.1478,7010156,rest
40.1523,8388607,rest
40.1556,1719163,rest
40.1599,-8388608,rest
40.1647,-8388608,rest
40.1679,6308409,rest
40.1720,8388607,rest
40.1763,2939594,rest
40.1807,-8388608,rest
40.1844,-8388608,rest
40.1884,5479310,rest
40.1924,8388607,rest
40.1969,4035666,rest
40.2007,-8388608,rest
40.2047,-8388608,rest
40.2089,4587538,rest
40.2136,8388607,rest
40.2179,5027455,rest
40.2211,-8388608,rest
40.2253,-8388608,rest
40.2297,3522321,rest
40.2335,8388607,rest
40.2375,5891884,rest
40.2419,-8388608,rest
40.2459,8368,rest
40.2501,2330801,rest
40.2539,8388607,rest
40.2545,6,rest
40.2580,710349,rest
40.2596,-838,rest
40.2638,608-86,rest
40.2671,1127480,rest
40.2710,8388607,rest
40.2747,7571789,rest
40.2786,-8388608,rest
40.2836,-8388608,rest
40.2866,8280,rest
40.2908,8388607,rest
40.2950,8254791,rest
40.2992,-8388608,rest
40.3031,-8388608,rest
40.3071,-1172329,rest
40.3115,880,rest
40.3161,8388607,rest
40.3198,-8388608,rest
40.3253,-8388608,rest
40.3279,-2319229,rest
40.3324,8388607,rest
40.3358,8388607,rest
40.3399,-8388608,rest
40.3443,-8388608,rest
40.3486,-3251723,rest
40.3522,8388607,rest
40.3563,8388607,rest
40.3604,-8388608,rest
40.3654,-8388608,rest
40.3686,-4180478,rest
40.3727,8388607,rest
40.3769,8388607,rest
40.3771,-,rest
40.3813,8388608,rest
40.3827,-,rest
40.3851,8388608,rest
40.3865,-488,rest
40.3891,8597,rest
40.3903,838860,rest
40.3932,7,rest
40.3933,8388607,rest
40.3982,-8388608,rest
40.4014,-8388608,rest
40.4054,-5779873,rest
40.4100,8388607,rest
40.4140,8388607,rest
40.4177,-8388608,rest
40.4218,-8388608,rest
40.4260,-6576562,rest
40.4304,8388607,rest
40.4344,8388607,rest
40.4382,-8015860,rest
40.4423,-8388608,rest
40.4470,-7365822,rest
40.4505,8388607,rest
40.4546,8388607,rest
40.4587,-7217485,rest
40.4635,-8388608,rest
40.4680,-8093316,rest
40.4710,8388607,rest
40.4751,8388607,rest
40.4794,6035,rest
40.4836,-8388608,rest
40.4886,-8388608,rest
40.4917,8388607,rest
40.4970,3880,rest
40.5004,-5620747,rest
40.5049,-8388608,rest
40.5068,-,rest
40.5078,8388608,rest
40.5134,38608,rest
40.5162,607,rest
40.5181,-476449,rest
40.5206,7,rest
40.5226,-8388608,rest
40.5247,-8388608,rest
40.5287,30,rest
40.5327,8388607,rest
40.5365,-3701383,rest
40.5406,-8388608,rest
40.5463,880,rest
40.5492,8388607,rest
40.5544,8388607,rest
40.5570,-2522618,rest
40.5615,-838608,rest
40.5659,-8388608,rest
40.5696,8388607,rest
40.5734,8388607,rest
40.5776,-1298275,rest
40.5816,-8388608,rest
40.5857,-8388608,rest
40.5897,7986443,rest
40.5940,8388607,rest
40.5990,-54534,rest
40.6020,-8388608,rest
40.6062,-8388608,rest
40.6103,7347560,rest
40.6149,8388607,rest
40.6185,1146625,rest
40.6225,-8388608,rest
40.6266,-8388608,rest
40.6311,6648239,rest
40.6348,8388607,rest
40.6390,2349323,rest
40.6404,-83,rest
40.6431,88608,rest
40.6440,-83886,rest
40.6485,8556,rest
40.6526,8388607,rest
40.6553,3462223,rest
40.6594,-8388608,rest
40.6640,-8388608,rest
40.6676,5093119,rest
40.6717,8388607,rest
40.6761,4473236,rest
40.6805,-8388608,rest
40.6840,-8388608,rest
40.6881,4118548,rest
40.6921,8388607,rest
40.6967,5437931,rest
40.7004,-8388608,rest
40.7045,-8388608,rest
40.7085,3035941,rest
40.7128,3887,rest
40.7171,6251107,rest
40.7218,-8388608,rest
40.7249,-8388608,rest
40.7292,87,rest
40.7345,8388607,rest
40.7374,7036256,rest
40.7413,-8388608,rest
40.7471,8808,rest
40.7507,692616,rest
40.7539,8388607,rest
40.7578,7869664,rest
40.7593,-,rest
40.7620,8388608,rest
40.7659,8388608,rest
40.7673,-471,rest
40.7699,596,rest
40.7710,83886,rest
40.7741,07,rest
40.7755,8388607,rest
40.7788,-8388608,rest
40.7823,-8388608,rest
40.7864,-1643812,rest
40.7904,8388607,rest
40.8001,-8388608,rest
40.8035,-8388608,rest
40.8069,-2756458,rest
40.8111,8388607,rest
40.8157,8388607,rest
40.8191,-8388608,rest
40.8232,-8388608,rest
40.8274,-3610851,rest
40.8320,8388607,rest
40.8355,8388607,rest
40.8396,-8388608,rest
40.8438,-8388608,rest
40.8488,-4444088,rest
40.8519,8388607,rest
40.8560,8388607,rest
40.8603,-8388608,rest
40.8653,-8388608,rest
40.8683,-5280224,rest
40.8724,8388607,rest
40.8769,8388607,rest
40.8811,-8388608,rest
40.8847,-8388608,rest
40.8857,-,rest
40.8888,6085743,rest
40.8929,8388607,rest
40.8940,83,rest
40.8971,867,rest
40.8984,883,rest
40.9012,560,rest
40.9025,-8388608,rest
40.9052,-6884495,rest
40.9092,8388607,rest
40.9139,8388607,rest
40.9175,-7706992,rest
40.9215,-8388608,rest
40.9258,-7611769,rest
40.9302,8388607,rest
40.9338,8388607,rest
40.9379,-6995192,rest
40.9422,-8388608,rest
40.9468,-8267236,rest
40.9502,8388607,rest
40.9543,8388607,rest
40.9585,-6188430,rest
40.9642,83868,rest
40.9673,-8388608,rest
40.9707,8388607,rest
40.9748,8388607,rest
40.9791,534278,rest
40.9836,-8388608,rest
40.9888,-8388608,rest
40.9912,8388607,rest
40.9971,3867,rest
41.0002,-4331747,rest
41.0034,-8388608,rest
41.0076,-8388608,rest
41.0118,3886,rest
41.0162,8388607,rest
41.0189,-,rest
41.0204,3230322,rest
41.0213,-8,rest
41.0240,388608,rest
41.0250,-8388,rest
41.0281,0,rest
41.0308,3867,rest
41.0333,8388607,rest
41.0362,-2043485,rest
41.0403,-8388608,rest
41.0445,-8388608,rest
41.0485,8324727,rest
41.0526,8388607,rest
41.0567,-881796,rest
41.0608,-8388608,rest
41.0651,-8388608,rest
41.0690,7765823,rest
41.0731,8388607,rest
41.0772,345486,rest
41.0818,-8388608,rest
41.0853,-8388608,rest
41.0894,7146112,rest
41.0936,8388607,rest
41.0987,1515856,rest
41.1018,-8388608,rest
41.1058,-8388608,rest
41.1100,6462991,rest
41.1150,8388607,rest
41.1182,2709334,rest
41.1222,-8388608,rest
41.1264,-8388608,rest
41.1312,5718053,rest
41.1345,8388607,rest
41.1386,3788825,rest
41.1400,-,rest
41.1427,8388608,rest
41.1437,-,rest
41.1474,8388608,rest
41.1489,4,rest
41.1509,820179,rest
41.1520,8388,rest
41.1550,607,rest
41.1560,476726,rest
41.1590,1,rest
41.1591,-8388608,rest
41.1639,-8388608,rest
41.1673,3817497,rest
41.1714,8388607,rest
41.1755,5691527,rest
41.1800,-8388608,rest
41.1836,-8388608,rest
41.1877,2707787,rest
41.1919,8388607,rest
41.1961,4908,rest
41.2016,-8388608,rest
41.2051,-8388608,rest
41.2084,1511603,rest
41.2136,387,rest
41.2166,7298639,rest
41.2207,-8388608,rest
41.2246,-8388608,rest
41.2304,33,rest
41.2332,8388607,rest
41.2369,8054206,rest
41.2410,-8388608,rest
41.2467,8886,rest
41.2501,-811727,rest
41.2534,8388607,rest
41.2574,8388607,rest
41.2627,386,rest
41.2668,-8388608,rest
41.2681,-,rest
41.2698,1974070,rest
41.2738,8388607,rest
41.2795,83,rest
41.2825,8608,rest
41.2839,-838860,rest
41.2860,8,rest
41.2861,-2985314,rest
41.2901,8388607,rest
41.2943,8388607,rest
41.2983,-8388608,rest
41.3025,-8388608,rest
41.3065,-3821778,rest
41.3106,8388607,rest
41.3154,8388607,rest
41.3188,-8388608,rest
41.3229,-8388608,rest
41.3274,-4655577,rest
41.3315,8388607,rest
41.3352,8388607,rest
41.3393,-8388608,rest
41.3435,-8388608,rest
41.3485,-5470933,rest
41.3516,8388607,rest
41.3556,8388607,rest
41.3598,-8388608,rest
41.3644,-8388608,rest
41.3680,-6261549,rest
41.3721,8388607,rest
41.3762,8388607,rest
41.3810,-8221772,rest
41.3844,-8388608,rest
41.3885,-7039470,rest
41.3925,8388607,rest
41.3974,8388607,rest
41.3988,-,rest
41.4008,7501080,rest
41.4018,-,rest
41.4049,8388608,rest
41.4069,-777,rest
41.4089,5934,rest
41.4101,838860,rest
41.4131,7,rest
41.4147,8388607,rest
41.4172,-6802567,rest
41.4212,-8388608,rest
41.4253,-8388608,rest
41.4301,8388607,rest
41.4335,8388607,rest
41.4376,-6006734,rest
41.4417,-8388608,rest
41.4460,8868,rest
41.4507,8388607,rest
41.4548,8388607,rest
41.4581,-5085773,rest
41.4629,-8388608,rest
41.4663,-8388608,rest
41.4704,8388607,rest
41.4745,8388607,rest
41.4788,-465506,rest
41.4833,-8388608,rest
41.4875,-8388608,rest
41.4908,8388607,rest
41.4961,860,rest
41.4994,-2951224,rest
41.5031,-8388608,rest
41.5072,-8388608,rest
41.5115,6,rest
41.5164,8388607,rest
41.5202,-1767304,rest
41.5236,-8388608,rest
41.5251,-,rest
41.5278,8388608,rest
41.5320,8177647,rest
41.5330,83,rest
41.5359,88607,rest
41.5375,-545428,rest
41.5413,-8388608,rest
41.5442,-8388608,rest
41.5482,7618743,rest
41.5522,8388607,rest
41.5564,647557,rest
41.5606,-8388608,rest
41.5652,-8388608,rest
41.5687,6926976,rest
41.5727,8388607,rest
41.5769,1842166,rest
41.5813,-8388608,rest
41.5851,-8388608,rest
41.5891,6228561,rest
41.5934,8388607,rest
41.5981,3067237,rest
41.6015,-8388608,rest
41.6056,-8388608,rest
41.6096,5430386,rest
41.6141,8388607,rest
41.6179,4142909,rest
41.6220,-8388608,rest
41.6261,-8388608,rest
41.6307,4467441,rest
41.6342,8388607,rest
41.6383,5102425,rest
41.6425,-8388608,rest
41.6467,83880,rest
41.6512,3453762,rest
41.6556,8388607,rest
41.6588,5973640,rest
41.6602,-83,rest
41.6632,88608,rest
41.6657,-83886,rest
41.6669,08,rest
41.6680,2244506,rest
41.6711,8388607,rest
41.6752,6821745,rest
41.6795,8380,rest
41.6850,-8388608,rest
41.6879,1010250,rest
41.6915,8388607,rest
41.6962,7658933,rest
41.6998,-8388608,rest
41.7038,-8388608,rest
41.7079,-192138,rest
41.7124,07,rest
41.7166,8370488,rest
41.7206,-8388608,rest
41.7243,-8388608,rest
41.7295,3454,rest
41.7329,8388607,rest
41.7366,8388607,rest
41.7407,-8388608,rest
41.7450,-838808,rest
41.7498,-2492026,rest
41.7537,8388607,rest
41.7571,8388607,rest
41.7625,-83868,rest
41.7670,-8388608,rest
41.7703,-3479194,rest
41.7735,8388607,rest
41.7777,8388607,rest
41.7784,-,rest
41.7817,8388608,rest
41.7830,-,rest
41.7858,8388608,rest
41.7874,-42,rest
41.7898,18024,rest
41.7912,83886,rest
41.7939,07,rest
41.7954,8388607,rest
41.7991,-8388608,rest
41.8022,-8388608,rest
41.8062,-5081364,rest
41.8103,8388607,rest
41.8154,8388607,rest
41.8185,-8388608,rest
41.8226,-8388608,rest
41.8268,-5916546,rest
41.8318,8388607,rest
41.8349,8388607,rest
41.8390,-8388608,rest
41.8431,-8388608,rest
41.8479,-6725690,rest
41.8513,8388607,rest
41.8554,8388607,rest
41.8595,-7809948,rest
41.8641,-8388608,rest
41.8677,-7477354,rest
41.8718,8388607,rest
41.8759,8388607,rest
41.8812,88,rest
41.8843,-8388608,rest
41.8881,-8155647,rest
41.8922,8388607,rest
41.8967,8388607,rest
41.9005,-6308848,rest
41.9045,-8388608,rest
41.9059,-,rest
41.9086,8388608,rest
41.9145,38678,rest
41.9170,8607,rest
41.9190,-54846,rest
41.9213,83,rest
41.9228,-8388608,rest
41.9251,-8388608,rest
41.9292,3887,rest
41.9347,8388607,rest
41.9375,-4455987,rest
41.9415,-8388608,rest
41.9467,83860,rest
41.9498,8388607,rest
41.9537,8388607,rest
41.9578,-3391619,rest
41.9629,83860,rest
41.9660,-8388608,rest
41.9701,8388607,rest
41.9742,8388607,rest
41.9786,293,rest
41.9833,-8388608,rest
41.9877,-8388608,rest
41.9906,8354143,rest
41.9959,8388607,rest
42.0002,-951935,rest
42.0029,-8388608,rest
42.0069,-8388608,rest
42.0110,7839363,rest
42.0156,8388607,rest
42.0192,222961,rest
42.0233,-8388608,rest
42.0275,-8388608,rest
42.0315,7191279,rest
42.0356,8388607,rest
42.0397,1429554,rest
42.0414,-8,rest
42.0442,388608,rest
42.0452,-83886,rest
42.0481,08,rest
42.0493,6491457,rest
42.0520,8388607,rest
42.0561,2609837,rest
42.0621,-83886,rest
42.0649,-8388608,rest
42.0697,5751511,rest
42.0724,8388607,rest
42.0767,3753548,rest
42.0819,-8388608,rest
42.0847,-8388608,rest
42.0888,4828724,rest
42.0930,8388607,rest
42.0987,7546,rest
42.1026,-8388608,rest
42.1055,-8388608,rest
42.1094,3853062,rest
42.1145,8388607,rest
42.1175,5630319,rest
42.1216,-8388608,rest
42.1258,-8388608,rest
42.1309,2708896,rest
42.1339,8388607,rest
42.1380,6491737,rest
42.1421,-8388608,rest
42.1468,-8388608,rest
42.1505,1567190,rest
42.1544,8388607,rest
42.1584,7313180,rest
42.1597,-,rest
42.1646,380-,rest
42.1672,8388608,rest
42.1688,33,rest
42.1708,5076,rest
42.1719,8388,rest
42.1750,607,rest
42.1763,8085869,rest
42.1797,-8388608,rest
42.1832,-8388608,rest
42.1872,-812241,rest
42.1912,8388607,rest
42.1955,7,rest
42.2001,-8388608,rest
42.2037,-8388608,rest
42.2076,-2002025,rest
42.2135,38860,rest
42.2162,8388607,rest
42.2199,-8388608,rest
42.2241,-8388608,rest
42.2281,-3010136,rest
42.2333,8388607,rest
42.2363,8388607,rest
42.2406,-8388608,rest
42.2448,-8388608,rest
42.2498,-3918086,rest
42.2527,8388607,rest
42.2567,8388607,rest
42.2610,-8388608,rest
42.2652,-8388608,rest
42.2691,-4735165,rest
42.2732,8388607,rest
42.2773,8388607,rest
42.2816,-8388608,rest
42.2855,-8388608,rest
42.2871,-,rest
42.2896,5602916,rest
42.2938,8388607,rest
42.2957,8,rest
42.2983,388607,rest
42.2995,-8388,rest
42.3025,608,rest
42.3042,-8388608,rest
42.3060,-6365000,rest
42.3100,8388607,rest
42.3147,8388607,rest
42.3182,-8104108,rest
42.3224,-8388608,rest
42.3265,-7163557,rest
42.3320,8388607,rest
42.3346,8388607,rest
42.3387,-7427540,rest
42.3429,-8388608,rest
42.3476,-7894478,rest
42.3510,8388607,rest
42.3551,8388607,rest
42.3594,-6613872,rest
42.3635,-8388608,rest
42.3674,-8388608,rest
42.3715,8388607,rest
42.3756,8388607,rest
42.3801,-5798406,rest
42.3838,-8388608,rest
42.3879,-8388608,rest
42.3919,8388607,rest
42.3973,8388607,rest
42.4002,-4895564,rest
42.4042,-8388608,rest
42.4085,-8388608,rest
42.4137,386,rest
42.4169,8388607,rest
42.4182,-,rest
42.4206,3854812,rest
42.4219,-8,rest
42.4249,388608,rest
42.4263,-8388,rest
42.4290,0,rest
42.4305,8388607,rest
42.4334,8388607,rest
42.4377,-2758873,rest
42.4411,-8388608,rest
42.4470,8360,rest
42.4524,8388607,rest
42.4534,8388607,rest
42.4575,-1480187,rest
42.4616,-8388608,rest
42.4657,-8388608,rest
42.4698,8074691,rest
42.4742,8388607,rest
42.4780,307919,rest
42.4822,-8388608,rest
42.4863,-8388608,rest
42.4903,7470937,rest
42.4943,8388607,rest
42.4992,881661,rest
42.5026,-8388608,rest
42.5067,-8388608,rest
42.5109,6778811,rest
42.5162,8388607,rest
42.5189,2116874,rest
42.5230,-8388608,rest
42.5271,-8388608,rest
42.5320,6048797,rest
42.5353,8388607,rest
42.5395,3302818,rest
42.5407,-,rest
42.5436,8388608,rest
42.5453,-,rest
42.5480,8388608,rest
42.5497,5,rest
42.5518,262969,rest
42.5530,8388,rest
42.5558,607,rest
42.5571,4322632,rest
42.5600,-8388608,rest
42.5649,-8388608,rest
42.5681,4246150,rest
42.5721,8388607,rest
42.5763,5281242,rest
42.5809,-8388608,rest
42.5848,-8388608,rest
42.5885,3181740,rest
42.5926,8388607,rest
42.5970,6161229,rest
42.6013,-8388608,rest
42.6049,-8388608,rest
42.6091,1955557,rest
42.6150,38867,rest
42.6175,6968566,rest
42.6237,-8388608,rest
42.6255,-8388608,rest
42.6296,315,rest
42.6339,8388607,rest
42.6380,7801982,rest
42.6436,-8388608,rest
42.6459,-8388608,rest
42.6506,-263491,rest
42.6547,8388607,rest
42.6584,8388607,rest
42.6625,8868,rest
42.6684,-8388608,rest
42.6710,-1533525,rest
42.6747,8388607,rest
42.6807,867-8,rest
42.6832,8608,rest
42.6852,-838860,rest
42.6868,8,rest
42.6894,-2531505,rest
42.6910,8388607,rest
42.6970,86,rest
42.7001,-8388608,rest
42.7034,-8388608,rest
42.7073,-3424335,rest
42.7131,888,rest
42.7168,8388607,rest
42.7198,-8388608,rest
42.7237,-8388608,rest
42.7287,4,rest
42.7325,8388607,rest
42.7369,8388607,rest
42.7401,-8388608,rest
42.7444,-8388608,rest
42.7485,-5101506,rest
42.7524,8388607,rest
42.7565,8388607,rest
42.7606,-8388608,rest
42.7655,-8388608,rest
42.7688,-5869779,rest
42.7729,8388607,rest
42.7777,8388607,rest
42.7829,83860,rest
42.7866,-8388608,rest
42.7907,-6671438,rest
42.7939,8388607,rest
42.7980,8388607,rest
42.7992,-,rest
42.8015,7824656,rest
42.8030,-,rest
42.8056,8388608,rest
42.8067,-74,rest
42.8105,39362,rest
42.8129,83886,rest
42.8141,7,rest
42.8157,8388607,rest
42.8179,-7082796,rest
42.8220,-8388608,rest
42.8265,-8123320,rest
42.8305,8388607,rest
42.8344,8388607,rest
42.8385,-6268492,rest
42.8425,-8388608,rest
42.8471,-8388608,rest
42.8508,8388607,rest
42.8548,8388607,rest
42.8589,-5524736,rest
42.8643,838808,rest
42.8676,-8388608,rest
42.8724,8388607,rest
42.8752,8388607,rest
42.8801,-4466015,rest
42.8835,-8388608,rest
42.8875,-8388608,rest
42.8918,8388607,rest
42.8959,3886,rest
42.9009,-3360648,rest
42.9048,-8388608,rest
42.9086,-8388608,rest
42.9123,38807,rest
42.9167,8388607,rest
42.9205,-2230837,rest
42.9259,-8388608,rest
42.9278,-,rest
42.9288,83886,rest
42.9333,8368851,rest
42.9346,83,rest
42.9381,88607,rest
42.9400,-918740,rest
42.9420,-8388608,rest
42.9461,-8388608,rest
42.9490,7795239,rest
42.9530,8388607,rest
42.9571,255356,rest
42.9615,-8388608,rest
42.9654,-8388608,rest
42.9694,7161629,rest
42.9735,8388607,rest
42.9778,1466338,rest
42.9834,-8388608,rest
42.9858,-8388608,rest
42.9899,6458607,rest
42.9941,8388607,rest
42.9982,2753953,rest
43.0023,-8388608,rest
43.0064,-8388608,rest
43.0106,5671537,rest
43.0157,8388607,rest
43.0186,3805791,rest
43.0227,-8388608,rest
43.0269,-8388608,rest
43.0319,4681551,rest
43.0351,8388607,rest
43.0392,4833382,rest
43.0434,-8388608,rest
43.0492,-8388608,flicker
43.0514,3712013,flicker
43.0554,8388607,flicker
43.0597,5746325,flicker
43.0607,-83,flicker
43.0639,88608,flicker
43.0660,-83886,flicker
43.0677,08,flicker
43.0691,2566696,flicker
43.0719,8388607,flicker
43.0761,6579659,flicker
43.0807,-8388608,flicker
43.0842,-8388608,flicker
43.0882,1397206,flicker
43.0924,8388607,flicker
43.0975,7411320,flicker
43.1006,-8388608,flicker
43.1046,-8388608,flicker
43.1087,237285,flicker
43.1130,387,flicker
43.1174,8106150,flicker
43.1212,-8388608,flicker
43.1258,-8388608,flicker
43.1308,983,flicker
43.1346,8388607,flicker
43.1378,8388607,flicker
43.1415,-8388608,flicker
43.1457,83880,flicker
43.1503,-2038302,flicker
43.1549,8388607,flicker
43.1579,8388607,flicker
43.1622,838868,flicker
43.1664,-8388608,flicker
43.1708,-3058346,flicker
43.1743,8388607,flicker
43.1787,8388607,flicker
43.1795,-,flicker
43.1828,8388608,flicker
43.1844,-,flicker
43.1868,8388608,flicker
43.1883,-39,flicker
43.1907,00282,flicker
43.1922,83886,flicker
43.1949,07,flicker
43.1967,8388607,flicker
43.2000,-8388608,flicker
43.2029,-8388608,flicker
43.2070,-4707320,flicker
43.2111,8388607,flicker
43.2159,8388607,flicker
43.2194,-8388608,flicker
43.2235,-8388608,flicker
43.2276,-5589801,flicker
43.2320,8388607,flicker
43.2358,8388607,flicker
43.2399,-8388608,flicker
43.2439,-8388608,flicker
43.2485,-6321065,flicker
43.2521,8388607,flicker
43.2562,8388607,flicker
43.2603,-8118816,flicker
43.2647,-8388608,flicker
43.2696,-7156604,flicker
43.2725,8388607,flicker
43.2768,8388607,flicker
43.2814,-7442248,flicker
43.2849,-8388608,flicker
43.2889,-7832326,flicker
43.2932,8388607,flicker
43.2975,8388607,flicker
43.3018,-6597158,flicker
43.3053,-8388608,flicker
43.3065,-,flicker
43.3094,8388608,flicker
43.3142,8388607,flicker
43.3157,83,flicker
43.3176,88607,flicker
43.3189,-5830,flicker
43.3218,172,flicker
43.3232,-8388608,flicker
43.3259,-8388608,flicker
43.3301,388607,flicker
43.3349,8388607,flicker
43.3398,-4867448,flicker
43.3424,-8388608,flicker
43.3476,-8388608,flicker
43.3513,8388607,flicker
43.3545,8388607,flicker
43.3586,-3892591,flicker
43.3637,-8388608,flicker
43.3674,-8388608,flicker
43.3709,8388607,flicker
43.3750,8388607,flicker
43.3811,2776369,flicker
43.3836,-8388608,flicker
43.3873,-8388608,flicker
43.3913,8388607,flicker
43.3972,3807,flicker
43.3999,-1475796,flicker
43.4045,-8388608,flicker
43.4115,-8388608,flicker
43.4120,8089399,flicker
43.4171,8388607,flicker
43.4205,-288948,flicker
43.4241,-8388608,flicker
43.4283,-8388608,flicker
43.4329,7489328,flicker
43.4365,8388607,flicker
43.4405,846604,flicker
43.4416,-8,flicker
43.4448,388608,flicker
43.4453,38,flicker
43.4490,608,flicker
43.4515,683806,flicker
43.4529,4,flicker
43.4531,8388607,flicker
43.4570,2028061,flicker
43.4610,-8388608,flicker
43.4662,-8388608,flicker
43.4691,6074727,flicker
43.4732,8388607,flicker
43.4774,3195504,flicker
43.4826,-8388608,flicker
43.4856,-8388608,flicker
43.4896,5280540,flicker
43.4939,8388607,flicker
43.4981,4318225,flicker
43.5019,-8388608,flicker
43.5060,-8388608,flicker
43.5101,4313183,flicker
43.5147,8388607,flicker
43.5183,5250142,flicker
43.5224,-8388608,flicker
43.5268,-8388608,flicker
43.5310,3261884,flicker
43.5347,8388607,flicker
43.5388,6088099,flicker
43.5433,-8388608,flicker
43.5474,-8388608,flicker
43.5511,2118456,flicker
43.5551,8388607,flicker
43.5592,6887496,flicker
43.5605,-,flicker
43.5648,3880-,flicker
43.5680,8388608,flicker
43.5692,9,flicker
43.5715,53967,flicker
43.5728,838,flicker
43.5757,8607,flicker
43.5775,772142,flicker
43.5812,880,flicker
43.5845,-8388608,flicker
43.5879,-293505,flicker
43.5920,8388607,flicker
43.5965,8388607,flicker
43.6002,-8388608,flicker
43.6043,-8388608,flicker
43.6085,-1402041,flicker
43.6126,3887,flicker
43.6170,8388607,flicker
43.6211,-8388608,flicker
43.6251,-8388608,flicker
43.6292,6,flicker
43.6336,8388607,flicker
43.6374,8388607,flicker
43.6412,-8388608,flicker
43.6471,838868,flicker
43.6504,-3474411,flicker
43.6537,8388607,flicker
43.6576,8388607,flicker
43.6618,838860,flicker
43.6672,-8388608,flicker
43.6702,-4256592,flicker
43.6740,8388607,flicker
43.6780,8388607,flicker
43.6828,-8388608,flicker
43.6864,-8388608,flicker
43.6882,-,flicker
43.6903,5117400,flicker
43.6945,8388607,flicker
43.6989,8388607,flicker
43.7002,-838,flicker
43.7027,8608,flicker
43.7041,-83886,flicker
43.7068,08,flicker
43.7083,-5896895,flicker
43.7111,8388607,flicker
43.7159,8388607,flicker
43.7190,-8388608,flicker
43.7231,-8388608,flicker
43.7272,-6754883,flicker
43.7325,8388607,flicker
43.7355,8388607,flicker
43.7395,-7809948,flicker
43.7436,-8388608,flicker
43.7480,-7478365,flicker
43.7518,8388607,flicker
43.7558,8388607,flicker
43.7601,-7071893,flicker
43.7649,-8388608,flicker
43.7684,-8140962,flicker
43.7722,8388607,flicker
43.7768,8388607,flicker
43.7808,-6232089,flicker
43.7846,-8388608,flicker
43.7887,-8388608,flicker
43.7927,8388607,flicker
43.7975,8388607,flicker
43.8009,-5376315,flicker
43.8050,-8388608,flicker
43.8092,-8388608,flicker
43.8137,8388607,flicker
43.8183,8388607,flicker
43.8195,-,flicker
43.8214,4382962,flicker
43.8226,-,flicker
43.8255,8388608,flicker
43.8266,-838,flicker
43.8302,8608,flicker
43.8314,83886,flicker
43.8337,07,flicker
43.8352,8388607,flicker
43.8378,-3274495,flicker
43.8421,-8388608,flicker
43.8462,-8388608,flicker
43.8501,8388607,flicker
43.8541,8388607,flicker
43.8584,-2044884,flicker
43.8626,8808,flicker
43.8674,-8388608,flicker
43.8708,8295311,flicker
43.8747,8388607,flicker
43.8803,772,flicker
43.8832,-8388608,flicker
43.8875,-8388608,flicker
43.8910,7736407,flicker
43.8953,80,flicker
43.8995,420369,flicker
43.9048,-8388608,flicker
43.9079,-8388608,flicker
43.9117,7075546,flicker
43.9161,8388607,flicker
43.9197,1624586,flicker
43.9238,-8388608,flicker
43.9281,-8388608,flicker
43.9327,6367310,flicker
43.9361,8388607,flicker
43.9402,2841772,flicker
43.9466,388,flicker
43.9493,8388608,flicker
43.9525,5604350,flicker
43.9537,83,flicker
43.9567,88607,flicker
43.9584,38812,flicker
43.9606,51,flicker
43.9616,-8388608,flicker
43.9654,-8388608,flicker
43.9689,4691096,flicker
43.9731,8388607,flicker
43.9770,4921222,flicker
43.9823,-8388608,flicker
43.9852,-8388608,flicker
43.9893,3679514,flicker
43.9936,8388607,flicker
43.9989,5785789,flicker
44.0016,-8388608,flicker
44.0057,-8388608,flicker
44.0100,2479939,flicker
44.0143,8388607,flicker
44.0180,6640627,flicker
44.0222,-8388608,flicker
44.0262,-8388608,flicker
44.0310,1325669,flicker
44.0345,8388607,flicker
44.0385,7428177,flicker
44.0431,-8388608,flicker
44.0475,-8388608,flicker
44.0507,134828,flicker
44.0548,8388607,flicker
44.0590,8169746,flicker
44.0635,-8388608,flicker
44.0672,-8388608,flicker
44.0713,-1084571,flicker
44.0754,8388607,flicker
44.0802,8388607,flicker
44.0805,-83,flicker
44.0835,88608,flicker
44.0845,-83886,flicker
44.0876,08,flicker
44.0892,-2196470,flicker
44.0918,8388607,flicker
44.0961,3860,flicker
44.1007,-8388608,flicker
44.1049,-8388608,flicker
44.1088,-3231280,flicker
44.1139,3867,flicker
44.1171,8388607,flicker
44.1216,-8388608,flicker
44.1245,-8388608,flicker
44.1348,8388607,flicker
44.1368,8388607,flicker
44.1409,-8388608,flicker
44.1457,-8388608,flicker
44.1491,-4875583,flicker
44.1531,8388607,flicker
44.1573,8388607,flicker
44.1614,-8388608,flicker
44.1665,-8388608,flicker
44.1695,-5752889,flicker
44.1736,8388607,flicker
44.1778,8388607,flicker
44.1830,-8388608,flicker
44.1860,-8388608,flicker
44.1900,-6512243,flicker
44.1942,8388607,flicker
44.1985,8388607,flicker
44.1997,-,flicker
44.2023,7942320,flicker
44.2035,-,flicker
44.2065,8388608,flicker
44.2080,-73,flicker
44.2105,34871,flicker
44.2118,83886,flicker
44.2149,07,flicker
44.2164,8388607,flicker
44.2187,-7236336,flicker
44.2228,-8388608,flicker
44.2269,-8020730,flicker
44.2317,8388607,flicker
44.2351,8388607,flicker
44.2392,-6457872,flicker
44.2435,-8388608,flicker
44.2483,-8388608,flicker
44.2515,8388607,flicker
44.2555,8388607,flicker
44.2597,-5675623,flicker
44.2641,-8388608,flicker
44.2679,-8388608,flicker
44.2720,8388607,flicker
44.2760,8388607,flicker
44.2804,-4677619,flicker
44.2843,-8388608,flicker
44.2884,-8388608,flicker
44.2924,8388607,flicker
44.2969,8388607,flicker
44.3007,-3561797,flicker
44.3047,-8388608,flicker
44.3089,-8388608,flicker
44.3139,8388607,flicker
44.3170,8388607,flicker
44.3211,-2427716,flicker
44.3253,-8388608,flicker
44.3263,-,flicker
44.3294,3880,flicker
44.3338,8388607,flicker
44.3355,83,flicker
44.3379,88607,flicker
44.3392,-11348,flicker
44.3416,28,flicker
44.3430,-8388608,flicker
44.3469,-8388608,flicker
44.3501,7912903,flicker
44.3539,8388607,flicker
44.3579,49308,flicker
44.3635,8388,flicker
44.3674,-8388608,flicker
44.3703,7281457,flicker
44.3769,8388607,flicker
44.3784,1217037,flicker
44.3836,-8388608,flicker
44.3866,-8388608,flicker
44.3907,6604913,flicker
44.3960,86,flicker
44.4003,2411712,flicker
44.4033,-8388608,flicker
44.4071,-8388608,flicker
44.4129,5,flicker
44.4161,8388607,flicker
44.4198,3513756,flicker
44.4235,-8388608,flicker
44.4279,-8388608,flicker
44.4321,5069242,flicker
44.4358,8388607,flicker
44.4398,4508348,flicker
44.4440,-8388608,flicker
44.4488,-8388608,flicker
44.4522,4051242,flicker
44.4562,8388607,flicker
44.4604,5473481,flicker
44.4614,-8,flicker
44.4650,388608,flicker
44.4673,-8388,flicker
44.4685,608,flicker
44.4696,2983561,flicker
44.4726,8388607,flicker
44.4769,6230605,flicker
44.4822,-8388608,flicker
44.4850,-8388608,flicker
44.4890,1783947,flicker
44.4934,8388607,flicker
44.4977,7116085,flicker
44.5016,-8388608,flicker
44.5054,-8388608,flicker
44.5098,603951,flicker
44.5144,8388607,flicker
44.5177,7925288,flicker
44.5218,-8388608,flicker
44.5259,-8388608,flicker
44.5308,-616871,flicker
44.5345,8388607,flicker
44.5382,8388607,flicker
44.5423,-8388608,flicker
44.5471,-8388608,flicker
44.5505,-1776126,flicker
44.5545,8388607,flicker
44.5587,8388607,flicker
44.5634,-8388608,flicker
44.5674,-8388608,flicker
44.5709,-2824765,flicker
44.5750,8388607,flicker
44.5793,3867,flicker
44.5840,8388608,flicker
44.5854,-,flicker
44.5873,8388608,flicker
44.5885,-3,flicker
44.5916,722535,flicker
44.5931,8388,flicker
44.5956,7,flicker
44.5971,86,flicker
44.6007,-8388608,flicker
44.6037,-8388608,flicker
44.6078,-4527015,flicker
44.6136,380,flicker
44.6165,8388607,flicker
44.6215,-8388608,flicker
44.6242,-8388608,flicker
44.6285,474,flicker
44.6330,8388607,flicker
44.6377,8388607,flicker
44.6406,-8388608,flicker
44.6452,8388608,flicker
44.6501,-6148505,flicker
44.6528,8388607,flicker
44.6570,8388607,flicker
44.6620,-823640,flicker
44.6665,-8388608,flicker
44.6701,-6977963,flicker
44.6733,8388607,flicker
44.6775,8388607,flicker
44.6826,-7559912,flicker
44.6856,-8388608,flicker
44.6897,-7709101,flicker
44.6939,8388607,flicker
44.6990,8388607,flicker
44.7020,-6796553,flicker
44.7061,-8388608,flicker
44.7073,-,flicker
44.7103,8378942,flicker
44.7148,8388607,flicker
44.7167,8,flicker
44.7184,388607,flicker
44.7199,-5964,flicker
44.7226,793,flicker
44.7239,-8388608,flicker
44.7269,-8388608,flicker
44.7314,8388607,flicker
44.7348,8388607,flicker
44.7389,-5089464,flicker
44.7434,-8388608,flicker
44.7472,-8388608,flicker
44.7511,8388607,flicker
44.7553,8388607,flicker
44.7596,-4048588,flicker
44.7638,-8388608,flicker
44.7676,-8388608,flicker
44.7716,8388607,flicker
44.7758,8388607,flicker
44.7806,-2907832,flicker
44.7840,-8388608,flicker
44.7880,-8388608,flicker
44.7922,8388607,flicker
44.7966,8388607,flicker
44.8003,-1635890,flicker
44.8044,-8388608,flicker
44.8085,-8388608,flicker
44.8138,169,flicker
44.8175,8388607,flicker
44.8215,-393552,flicker
44.8249,-8388608,flicker
44.8299,-8388608,flicker
44.8342,7559911,flicker
44.8372,8388607,flicker
44.8413,791822,flicker
44.8425,-8,flicker
44.8455,388608,flicker
44.8465,-8388,flicker
44.8504,608,flicker
44.8525,6874504,flicker
44.8536,8388607,flicker
44.8577,2000830,flicker
44.8619,-8388608,flicker
44.8671,-8388608,flicker
44.8699,6138301,flicker
44.8740,8388607,flicker
44.8783,86,flicker
44.8828,-8388608,flicker
44.8877,-8388608,flicker
44.8908,5323257,flicker
44.8966,8388607,flicker
44.8986,4237413,flicker
44.9028,-8388608,flicker
44.9068,-8388608,flicker
44.9110,4336420,flicker
44.9159,8388607,flicker
44.9191,5244730,flicker
44.9232,-8388608,flicker
44.9274,-8388608,flicker
44.9323,3310288,flicker
44.9354,8388607,flicker
44.9396,6080138,flicker
44.9437,-8388608,flicker
44.9487,-8388608,flicker
44.9519,2122457,flicker
44.9559,8388607,flicker
44.9601,6865511,flicker
44.9612,-,flicker
44.9648,8388608,flicker
44.9665,-,flicker
44.9690,8388608,flicker
44.9703,90,flicker
44.9723,8905,flicker
44.9733,8388,flicker
44.9767,607,flicker
44.9774,7744183,flicker
44.9811,-8388608,flicker
44.9847,-8388608,flicker
44.9888,-250168,flicker
44.9932,8388607,flicker
44.9977,8388607,flicker
45.0010,-8388608,flicker
45.0051,-8388608,flicker
45.0092,-1491698,flicker
45.0141,8388607,flicker
45.0174,8388607,flicker
45.0216,-8388608,flicker
45.0256,-8388608,flicker
45.0303,-2501875,flicker
45.0338,8388607,flicker
45.0379,8388607,flicker
45.0420,-8388608,flicker
45.0466,-8388608,flicker
45.0501,-3483031,flicker
45.0544,8388607,flicker
45.0585,8388607,flicker
45.0632,86,flicker
45.0679,-8388608,flicker
45.0717,-4289880,flicker
45.0768,8388607,flicker
45.0789,8388607,flicker
45.0838,-8388608,flicker
45.0875,-8388608,flicker
45.0889,-,flicker
45.0911,5123537,flicker
45.0954,38867,flicker
45.0965,8,flicker
45.0996,88607,flicker
45.1011,-838,flicker
45.1036,8608,flicker
45.1054,-838860,flicker
45.1075,8,flicker
45.1076,-5950556,flicker
45.1137,387,flicker
45.1164,8388607,flicker
45.1202,-8388608,flicker
45.1239,-8388608,flicker
45.1282,636,flicker
45.1329,8388607,flicker
45.1368,8388607,flicker
45.1403,-7765824,flicker
45.1461,-8388608,flicker
45.1485,-7522858,flicker
45.1527,8388607,flicker
45.1568,8388607,flicker
45.1609,-7072588,flicker
45.1652,-8388608,flicker
45.1690,-8186540,flicker
45.1730,8388607,flicker
45.1803,8388607,flicker
45.1813,-6234323,flicker
45.1853,-8388608,flicker
45.1894,-8388608,flicker
45.1936,8388607,flicker
45.1981,8388607,flicker
45.2020,-5385790,flicker
45.2058,-8388608,flicker
45.2102,-8388608,flicker
45.2145,8388607,flicker
45.2181,8388607,flicker
45.2192,-,flicker
45.2224,4409422,flicker
45.2239,-,flicker
45.2263,8388608,flicker
45.2275,-838,flicker
45.2312,8608,flicker
45.2330,838860,flicker
45.2344,7,flicker
45.2346,8388607,flicker
45.2386,-3302547,flicker
45.2429,-8388608,flicker
45.2474,-8388608,flicker
45.2509,8388607,flicker
45.2549,8388607,flicker
45.2590,-2104967,flicker
45.2637,-8388608,flicker
45.2684,-8388608,flicker
45.2713,8295311,flicker
45.2755,8388607,flicker
45.2814,7705,flicker
45.2846,-8388608,flicker
45.2896,-8388608,flicker
45.2922,7765823,flicker
45.2965,8388607,flicker
45.3013,410847,flicker
45.3041,-8388608,flicker
45.3086,-8388608,flicker
45.3139,135,flicker
45.3167,8388607,flicker
45.3205,1626266,flicker
45.3246,-8388608,flicker
45.3303,8368,flicker
45.3332,6436260,flicker
45.3376,8388607,flicker
45.3426,2846680,flicker
45.3440,-,flicker
45.3451,8388608,flicker
45.3462,-,flicker
45.3500,8388608,flicker
45.3533,5579961,flicker
45.3547,838,flicker
45.3574,8607,flicker
45.3587,390655,flicker
45.3614,0,flicker
45.3616,-8388608,flicker
45.3665,-8388608,flicker
45.3696,4690201,flicker
45.3737,8388607,flicker
45.3780,4955109,flicker
45.3824,-8388608,flicker
45.3863,-8388608,flicker
45.3901,3670840,flicker
45.3943,8388607,flicker
45.3997,5851192,flicker
45.4025,-8388608,flicker
45.4065,-8388608,flicker
45.4106,2518322,flicker
45.4151,8388607,flicker
45.4194,6601764,flicker
45.4229,-8388608,flicker
45.4271,-8388608,flicker
45.4315,1285731,flicker
45.4355,8388607,flicker
45.4393,7477148,flicker
45.4437,-8388608,flicker
45.4478,-8388608,flicker
45.4516,150031,flicker
45.4556,8388607,flicker
45.4605,8212257,flicker
45.4643,-8388608,flicker
45.4685,-8388608,flicker
45.4720,-1085970,flicker
45.4761,8388607,flicker
45.4809,8388607,flicker
45.4825,-838,flicker
45.4843,8608,flicker
45.4856,-83886,flicker
45.4884,08,flicker
45.4896,-2228537,flicker
45.4927,8388607,flicker
45.4973,8388607,flicker
45.5008,-8388608,flicker
45.5049,-8388608,flicker
45.5089,-3183834,flicker
45.5141,8388607,flicker
45.5175,8388607,flicker
45.5213,-8388608,flicker
45.5253,-8388608,flicker
45.5295,-,flicker
45.5301,049628,flicker
45.5337,8388607,flicker
45.5386,8388607,flicker
45.5417,-8388608,flicker
45.5474,36,flicker
45.5506,-4841733,flicker
45.5541,8388607,flicker
45.5584,8388607,flicker
45.5623,838860,flicker
45.5675,-8388608,flicker
45.5705,-5717919,flicker
45.5744,8388607,flicker
45.5794,8388607,flicker
45.5833,-8388608,flicker
45.5867,-8388608,flicker
45.5908,-6480741,flicker
45.5973,380,flicker
45.5996,388607,flicker
45.6018,-,flicker
45.6035,8015860,flicker
45.6050,-,flicker
45.6072,8388608,flicker
45.6089,-72,flicker
45.6133,38088,flicker
45.6159,7,flicker
45.6176,8388607,flicker
45.6205,-7295168,flicker
45.6236,-8388608,flicker
45.6278,-7999093,flicker
45.6327,8388607,flicker
45.6359,8388607,flicker
45.6400,-6482728,flicker
45.6441,-8388608,flicker
45.6486,-8388608,flicker
45.6525,8388607,flicker
45.6564,8388607,flicker
45.6606,-5660053,flicker
45.6655,-8388608,flicker
45.6686,-8388608,flicker
45.6727,8388607,flicker
45.6770,8388607,flicker
45.6815,-4733305,flicker
45.6850,-8388608,flicker
45.6891,-8388608,flicker
45.6936,8388607,flicker
45.6978,8388607,flicker
45.7015,-3602010,flicker
45.7055,-8388608,flicker
45.7098,-8388608,flicker
45.7144,8388607,flicker
45.7178,8388607,flicker
45.7219,-2505896,flicker
45.7260,-8388608,flicker
45.7275,-,flicker
45.7309,8388608,flicker
45.7350,8388607,flicker
45.7364,83,flicker
45.7383,88607,flicker
45.7395,-1280,flicker
45.7425,668,flicker
45.7439,-8388608,flicker
45.7466,-8388608,flicker
45.7516,7986443,flicker
45.7546,8388607,flicker
45.7587,-134524,flicker
45.7636,-8388608,flicker
45.7675,-8388608,flicker
45.7710,7369086,flicker
45.7751,8388607,flicker
45.7808,0266,flicker
45.7843,-8388608,flicker
45.7886,-8388608,flicker
45.7921,6738972,flicker
45.7958,387,flicker
45.8002,2239590,flicker
45.8046,-8388608,flicker
45.8088,-8388608,flicker
45.8131,025,flicker
45.8166,8388607,flicker
45.8210,3409049,flicker
45.8243,-8388608,flicker
45.8301,88,flicker
45.8335,5147422,flicker
45.8379,8388607,flicker
45.8421,4452047,flicker
45.8451,-8388608,flicker
45.8495,-8388608,flicker
45.8529,4143024,flicker
45.8571,8388607,flicker
45.8612,5384612,flicker
45.8622,-8,flicker
45.8662,388608,flicker
45.8677,-8388,flicker
45.8693,608,flicker
45.8708,3064983,flicker
45.8735,8388607,flicker
45.8781,6228078,flicker
45.8822,-8388608,flicker
45.8857,-8388608,flicker
45.8898,1906306,flicker
45.8940,8388607,flicker
45.8983,7025374,flicker
45.9022,-8388608,flicker
45.9062,-8388608,flicker
45.9103,702567,flicker
45.9146,8388607,flicker
45.9192,7823854,flicker
45.9226,-8388608,flicker
45.9272,-8388608,flicker
45.9317,-429739,flicker
45.9349,8388607,flicker
45.9389,8388607,flicker
45.9431,-8388608,flicker
45.9492,836,flicker
45.9515,-1660193,flicker
45.9562,8388607,flicker
45.9599,8388607,flicker
45.9637,-8388608,flicker
45.9689,-8388608,flicker
45.9717,-2801884,flicker
45.9759,8388607,flicker
45.9803,8388607,flicker
45.9817,-,flicker
45.9841,8388608,flicker
45.9853,-,flicker
45.9883,8388608,flicker
45.9899,-3,flicker
45.9923,681643,flicker
45.9934,8388,flicker
45.9963,07,flicker
45.9972,8388607,flicker
46.0017,-8388608,flicker
46.0045,-8388608,flicker
46.0086,-4519331,flicker
46.0136,8388607,flicker
46.0169,8388607,flicker
46.0209,-8388608,flicker
46.0250,-8388608,flicker
46.0295,-5356603,flicker
46.0331,8388607,flicker
46.0373,8388607,flicker
46.0413,-8388608,flicker
46.0475,8368,flicker
46.0506,-6172989,flicker
46.0545,8388607,flicker
46.0580,8388607,flicker
46.0635,206,flicker
46.0668,-8388608,flicker
46.0713,-6955637,flicker
46.0743,8388607,flicker
46.0784,387,flicker
46.0831,-7559912,flicker
46.0867,-8388608,flicker
46.0920,-7753172,flicker
46.0949,838867,flicker
46.0993,8388607,flicker
46.1041,-6804967,flicker
46.1074,-8388608,flicker
46.1090,-,flicker
46.1111,8340518,flicker
46.1158,8388607,flicker
46.1171,8,flicker
46.1192,388607,flicker
46.1202,-602,flicker
46.1233,8795,flicker
46.1250,-838860,flicker
46.1274,8,flicker
46.1276,-8388608,flicker
46.1319,8388607,flicker
46.1355,8388607,flicker
46.1396,-5102567,flicker
46.1438,-8388608,flicker
46.1482,-8388608,flicker
46.1520,8388607,flicker
46.1560,8388607,flicker
46.1603,-4096785,flicker
46.1646,-8388608,flicker
46.1683,-8388608,flicker
46.1724,8388607,flicker
46.1769,8388607,flicker
46.1817,-2963343,flicker
46.1848,-8388608,flicker
46.1888,-8388608,flicker
46.1930,8388607,flicker
46.1975,8388607,flicker
46.2011,-1731073,flicker
46.2052,-8388608,flicker
46.2094,-8388608,flicker
46.2144,8162939,flicker
46.2175,8388607,flicker
46.2223,-520852,flicker
46.2260,-8388608,flicker
46.2310,-8388608,flicker
46.2339,7604035,flicker
46.2379,8388607,flicker
46.2421,689215,flicker
46.2434,-,flicker
46.2465,8388608,flicker
46.2481,-838,flicker
46.2503,8608,flicker
46.2520,694915,flicker
46.2543,5,flicker
46.2544,8388607,flicker
46.2584,1848330,flicker
46.2629,-8388608,flicker
46.2678,-8388608,flicker
46.2707,6174702,flicker
46.2748,8388607,flicker
46.2836,-8388608,flicker
46.2880,-8388608,flicker
46.2919,5449621,flicker
46.2954,3886,flicker
46.2999,4153027,flicker
46.3047,-8388608,flicker
46.3076,-8388608,flicker
46.3129,4762,flicker
46.3167,8388607,flicker
46.3201,5146094,flicker
46.3240,-8388608,flicker
46.3283,888,flicker
46.3327,3446647,flicker
46.3375,8388607,flicker
46.3405,6011068,flicker
46.3457,-8388608,flicker
46.3497,-8388608,flicker
46.3527,2255586,flicker
46.3567,8388607,flicker
46.3609,6794692,flicker
46.3616,-,flicker
46.3653,8388608,flicker
46.3668,-,flicker
46.3690,8388608,flicker
46.3731,1025271,flicker
46.3744,838,flicker
46.3772,8607,flicker
46.3788,768508,flicker
46.3817,3,flicker
46.3822,-8388608,flicker
46.3854,-8388608,flicker
46.3895,-122672,flicker
46.3938,8388607,flicker
46.3982,8374187,flicker
46.4022,-8388608,flicker
46.4059,-8388608,flicker
46.4100,-1351934,flicker
46.4146,8388607,flicker
46.4186,8388607,flicker
46.4223,-8388608,flicker
46.4267,-8388608,flicker
46.4307,-2481301,flicker
46.4351,8388607,flicker
46.4391,8388607,flicker
46.4428,-8388608,flicker
46.4472,-8388608,flicker
46.4510,-3451638,flicker
46.4550,8388607,flicker
46.4593,8388607,flicker
46.4639,-8388608,flicker
46.4673,-8388608,flicker
46.4715,-4323765,flicker
46.4755,8388607,flicker
46.4803,8388607,flicker
46.4841,-8388608,flicker
46.4879,-8388608,flicker
46.4919,-5141907,flicker
46.4962,38860,flicker
46.5007,8388607,flicker
46.5021,-838,flicker
46.5053,8608,flicker
46.5066,-83886,flicker
46.5083,08,flicker
46.5085,-5934324,flicker
46.5129,8388607,flicker
46.5165,8388607,flicker
46.5206,-8388608,flicker
46.5251,-8388608,flicker
46.5303,6788,flicker
46.5346,8388607,flicker
46.5374,8388607,flicker
46.5411,-7795240,flicker
46.5453,8808,flicker
46.5497,-7520302,flicker
46.5543,8388607,flicker
46.5604,8388607,flicker
46.5615,-7003277,flicker
46.5662,-8388608,flicker
46.5697,-8233753,flicker
46.5738,8388607,flicker
46.5787,838807,flicker
46.5822,-6184796,flicker
46.5862,-8388608,flicker
46.5903,-8388608,flicker
46.5945,8388607,flicker
46.5987,8388607,flicker
46.6025,-5330985,flicker
46.6068,-8388608,flicker
46.6108,-8388608,flicker
46.6159,8388607,flicker
46.6189,8388607,flicker
46.6200,-,flicker
46.6232,4382781,flicker
46.6246,-,flicker
46.6272,8388608,flicker
46.6285,-83,flicker
46.6316,88608,flicker
46.6331,83886,flicker
46.6353,07,flicker
46.6373,8388607,flicker
46.6395,-3305244,flicker
46.6437,-8388608,flicker
46.6484,-8388608,flicker
46.6516,8388607,flicker
46.6557,8388607,flicker
46.6601,-2142499,flicker
46.6643,-8388608,flicker
46.6681,-8388608,flicker
46.6723,8339435,flicker
46.6762,8388607,flicker
46.6809,-868929,flicker
46.6845,-8388608,flicker
46.6886,-8388608,flicker
46.6926,7795239,flicker
46.6971,8388607,flicker
46.7008,342072,flicker
46.7051,-8388608,flicker
46.7090,-8388608,flicker
46.7137,7116667,flicker
46.7172,8388607,flicker
46.7213,1523226,flicker
46.7254,-8388608,flicker
46.7312,-838860,flicker
46.7336,6449293,flicker
46.7376,8388607,flicker
46.7418,2629299,flicker
46.7478,836,flicker
46.7509,8388608,flicker
46.7545,5663247,flicker
46.7558,83,flicker
46.7581,88607,flicker
46.7597,38603,flicker
46.7623,5,flicker
46.7636,8388608,flicker
46.7668,-8388608,flicker
46.7708,4747054,flicker
46.7745,8388607,flicker
46.7788,8263,flicker
46.7836,-8388608,flicker
46.7873,-8388608,flicker
46.7912,3722789,flicker
46.7951,8388607,flicker
46.8001,5767024,flicker
46.8032,-8388608,flicker
46.8073,-8388608,flicker
46.8126,27404,flicker
46.8163,8388607,flicker
46.8201,6529178,flicker
46.8237,-8388608,flicker
46.8278,-8388608,flicker
46.8325,1415525,flicker
46.8359,8388607,flicker
46.8400,7383509,flicker
46.8444,-8388608,flicker
46.8490,-8388608,flicker
46.8523,280664,flicker
46.8564,8388607,flicker
46.8610,8119798,flicker
46.8656,-8388608,flicker
46.8689,-8388608,flicker
46.8730,-965940,flicker
46.8770,8388607,flicker
46.8819,8388607,flicker
46.8827,-83,flicker
46.8852,88608,flicker
46.8865,-8388,flicker
46.8892,608,flicker
46.8909,-2061440,flicker
46.8935,8388607,flicker
46.8982,8388607,flicker
46.9015,-8388608,flicker
46.9056,-8388608,flicker
46.9101,-3130226,flicker
46.9144,8388607,flicker
46.9179,8388607,flicker
46.9220,-8388608,flicker
46.9261,-8388608,flicker
46.9309,-3967685,flicker
46.9343,8388607,flicker
46.9384,8388607,flicker
46.9425,-8388608,flicker
46.9472,-8388608,flicker
46.9507,-4815313,flicker
46.9547,8388607,flicker
46.9588,8388607,flicker
46.9644,8380,flicker
46.9673,-8388608,flicker
46.9711,-5649100,flicker
46.9753,8388607,flicker
46.9800,8388607,flicker
46.9834,-8388608,flicker
46.9875,-8388608,flicker
46.9917,-6462243,flicker
46.9959,3807,flicker
47.0007,8388607,flicker
47.0025,-,flicker
47.0044,8015860,flicker
47.0064,-,flicker
47.0080,8388608,flicker
47.0095,-7,flicker
47.0124,23657,flicker
47.0136,38,flicker
47.0164,07,flicker
47.0186,8388607,flicker
47.0212,-7339283,flicker
47.0245,-8388608,flicker
47.0306,771,flicker
47.0337,8388607,flicker
47.0376,8388607,flicker
47.0408,-6525105,flicker
47.0467,8380,flicker
47.0507,-8388608,flicker
47.0540,8388607,flicker
47.0571,8388607,flicker
47.0613,-5740046,flicker
47.0663,-8388608,flicker
47.0695,-8388608,flicker
47.0736,8388607,flicker
47.0777,8388607,flicker
47.0819,-4745946,flicker
47.0858,-8388608,flicker
47.0899,-8388608,flicker
47.0941,8388607,flicker
47.0983,8388607,flicker
47.1022,-3692338,flicker
47.1063,-8388608,flicker
47.1105,-8388608,flicker
47.1151,8388607,flicker
47.1186,8388607,flicker
47.1227,-2616886,flicker
47.1271,-8388608,flicker
47.1284,-,flicker
47.1315,8388608,flicker
47.1351,8388607,flicker
47.1370,8,flicker
47.1392,388607,flicker
47.1408,-1335,flicker
47.1432,341,flicker
47.1446,-8388608,flicker
47.1474,-8388608,flicker
47.1519,8001151,flicker
47.1555,8388607,flicker
47.1597,-193465,flicker
47.1647,-8388608,flicker
47.1680,-8388608,flicker
47.1718,7375220,flicker
47.1760,8388607,flicker
47.1810,1091516,flicker
47.1854,-8388608,flicker
47.1882,-8388608,flicker
47.1924,6714024,flicker
47.1969,8388607,flicker
47.2012,2229553,flicker
47.2048,-8388608,flicker
47.2087,-8388608,flicker
47.2134,5943949,flicker
47.2174,8388607,flicker
47.2210,3415463,flicker
47.2251,-8388608,flicker
47.2305,-8388608,flicker
47.2336,5135948,flicker
47.2374,8388607,flicker
47.2416,4431219,flicker
47.2476,-8388608,flicker
47.2497,-8388608,flicker
47.2537,4132920,flicker
47.2579,8388607,flicker
47.2621,3588,flicker
47.2638,-8,flicker
47.2674,88608,flicker
47.2714,-8388608,flicker
47.2743,3047707,flicker
47.2744,8388607,flicker
47.2795,225422,flicker
47.2846,-8388608,flicker
47.2873,-8388608,flicker
47.2907,1890221,flicker
47.2951,380,flicker
47.2997,7057109,flicker
47.3032,-8388608,flicker
47.3080,-8388608,flicker
47.3120,718306,flicker
47.3168,3887,flicker
47.3204,7851790,flicker
47.3266,-8388608,flicker
47.3278,-8388608,flicker
47.3321,-388851,flicker
47.3366,8388607,flicker
47.3398,8388607,flicker
47.3439,-8388608,flicker
47.3492,-8388608,flicker
47.3521,-1601250,flicker
47.3562,8388607,flicker
47.3604,8388607,flicker
47.3647,-8388608,flicker
47.3684,-8388608,flicker
47.3726,-2692978,flicker
47.3768,8388607,flicker
47.3821,8388607,flicker
47.3835,-,flicker
47.3849,8388608,flicker
47.3851,-,flicker
47.3889,8388608,flicker
47.3907,-,flicker
47.3931,3621857,flicker
47.3948,838,flicker
47.3982,8607,flicker
47.3998,838860,flicker
47.4012,7,flicker
47.4013,-8388608,flicker
47.4053,-8388608,flicker
47.4097,-4429059,flicker
47.4138,8388607,flicker
47.4176,8388607,flicker
47.4217,-8388608,flicker
47.4259,-8388608,flicker
47.4319,530,flicker
47.4350,8388607,flicker
47.4381,8388607,flicker
47.4422,-8388608,flicker
47.4463,8388608,flicker
47.4513,-6136545,flicker
47.4544,8388607,flicker
47.4587,8388607,flicker
47.4643,8295312,flicker
47.4667,-8388608,flicker
47.4708,-6917237,flicker
47.4756,8388607,flicker
47.4814,388,flicker
47.4838,-7633452,flicker
47.4874,-8388608,flicker
47.4914,-7628054,flicker
47.4957,388,flicker
47.4999,8388607,flicker
47.5045,-6867336,flicker
47.5077,-8388608,flicker
47.5120,836,flicker
47.5162,8388607,flicker
47.5224,8388607,flicker
47.5234,-610,flicker
47.5242,7717,flicker
47.5257,-838860,flicker
47.5282,8,flicker
47.5292,-8388608,flicker
47.5328,8388607,flicker
47.5364,8388607,flicker
47.5406,-5217750,flicker
47.5448,-8388608,flicker
47.5496,-8388608,flicker
47.5528,8388607,flicker
47.5569,8388607,flicker
47.5610,-4230430,flicker
47.5659,-8388608,flicker
47.5691,-8388608,flicker
47.5732,8388607,flicker
47.5774,8388607,flicker
47.5817,-3049775,flicker
47.5860,-8388608,flicker
47.5896,-8388608,flicker
47.5938,8388607,flicker
47.5983,8388607,flicker
47.6019,-1895159,flicker
47.6061,-8388608,flicker
47.6103,-8388608,flicker
47.6158,8236479,flicker
47.6183,8388607,flicker
47.6224,-627008,flicker
47.6269,-8388608,flicker
47.6310,-8388608,flicker
47.6352,7648159,flicker
47.6388,8388607,flicker
47.6430,599584,flicker
47.6441,-,flicker
47.6487,36,flicker
47.6517,8608,flicker
47.6549,69754,flicker
47.6552,68,flicker
47.6569,8388607,flicker
47.6596,1759841,flicker
47.6639,-8388608,flicker
47.6686,-8388608,flicker
47.6715,6286321,flicker
47.6757,8388607,flicker
47.6803,2964691,flicker
47.6850,-8388608,flicker
47.6879,-8388608,flicker
47.6920,5468362,flicker
47.6964,8388607,flicker
47.7007,4055671,flicker
47.7043,-8388608,flicker
47.7085,-8388608,flicker
47.7127,59641,flicker
47.7174,8388607,flicker
47.7212,5018856,flicker
47.7261,-8388608,flicker
47.7298,83,flicker
47.7331,3500507,flicker
47.7374,8388607,flicker
47.7411,5904049,flicker
47.7456,83888,flicker
47.7506,-8388608,flicker
47.7546,2365349,flicker
47.7575,8388607,flicker
47.7618,73,flicker
47.7674,-8388608,flicker
47.7689,-,flicker
47.7711,8388608,flicker
47.7740,1157163,flicker
47.7756,83,flicker
47.7791,6077813,flicker
47.7824,5,flicker
47.7853,-8388608,flicker
47.7866,-8388608,flicker
47.7904,82863,flicker
47.7947,8388607,flicker
47.7986,8274674,flicker
47.8026,-8388608,flicker
47.8067,-8388608,flicker
47.8109,-1127524,flicker
47.8154,8388607,flicker
47.8191,8388607,flicker
47.8231,-8388608,flicker
47.8272,-8388608,flicker
47.8318,-2267934,flicker
47.8355,8388607,flicker
47.8395,8388607,flicker
47.8436,-8388608,flicker
47.8487,-8388608,flicker
47.8517,-3305613,flicker
47.8558,8388607,flicker
47.8600,8388607,flicker
47.8649,-8388608,flicker
47.8686,-8388608,flicker
47.8722,-4125301,flicker
47.8763,8388607,flicker
47.8814,8388607,flicker
47.8845,-8388608,flicker
47.8886,-8388608,flicker
47.8929,-4965572,flicker
47.8975,8388607,flicker
47.9009,8388607,flicker
47.9026,-83,flicker
47.9050,88608,flicker
47.9063,-8388,flicker
47.9091,608,flicker
47.9107,-5781736,flicker
47.9155,8388607,flicker
47.9173,8388607,flicker
47.9214,-8388608,flicker
47.9255,-8388608,flicker
47.9306,-6575994,flicker
47.9336,8388607,flicker
47.9377,8388607,flicker
47.9420,-7868780,flicker
47.9475,-8388608,flicker
47.9501,-7379376,flicker
47.9541,8388607,flicker
47.9584,8388607,flicker
47.9636,7379,flicker
47.9676,-8388608,flicker
47.9716,-8072615,flicker
47.9746,8388607,flicker
47.9799,367,flicker
47.9834,-6314247,flicker
47.9870,-8388608,flicker
47.9910,-8388608,flicker
47.9953,38807,flicker
47.9998,8388607,flicker
48.0045,-5481208,flicker
48.0074,-8388608,flicker
48.0117,83808,flicker
48.0163,8388607,flicker
48.0204,8388607,flicker
48.0224,-,flicker
48.0238,4513662,flicker
48.0253,-,flicker
48.0282,38608,flicker
48.0289,8,flicker
48.0326,88608,flicker
48.0331,83886,flicker
48.0360,07,flicker
48.0375,8388607,flicker
48.0402,-3435470,flicker
48.0443,-8388608,flicker
48.0485,-8388608,flicker
48.0524,8388607,flicker
48.0565,8388607,flicker
48.0607,-2267804,flicker
48.0656,-8388608,flicker
48.0688,-8388608,flicker
48.0729,8383559,flicker
48.0771,8388607,flicker
48.0817,-954285,flicker
48.0853,-8388608,flicker
48.0895,-8388608,flicker
48.0936,7839363,flicker
48.0980,8388607,flicker
48.1016,217434,flicker
48.1057,-8388608,flicker
48.1099,-8388608,flicker
48.1146,7183043,flicker
48.1180,8388607,flicker
48.1222,1434287,flicker
48.1264,-8388608,flicker
48.1303,8388608,flicker
48.1349,6517232,flicker
48.1385,8388607,flicker
48.1426,2640846,flicker
48.1474,-8388608,flicker
48.1484,-,flicker
48.1508,8388608,flicker
48.1550,5715723,flicker
48.1565,8,flicker
48.1590,388607,flicker
48.1606,3789,flicker
48.1631,34,flicker
48.1644,-608,flicker
48.1677,-8388608,flicker
48.1717,4873123,flicker
48.1753,8388607,flicker
48.1814,791,flicker
48.1842,-8388608,flicker
48.1876,-8388608,flicker
48.1917,3842584,flicker
48.1967,8388607,flicker
48.1999,5695785,flicker
48.2040,-8388608,flicker
48.2081,-8388608,flicker
48.2139,69,flicker
48.2174,8388607,flicker
48.2204,6477224,flicker
48.2245,-8388608,flicker
48.2309,8368,flicker
48.2360,1538835,flicker
48.2374,8388607,flicker
48.2408,7306780,flicker
48.2464,8860,flicker
48.2529,-8388608,flicker
48.2536,465238,flicker
48.2573,8388607,flicker
48.2617,80189,flicker
48.2683,-8388608,flicker
48.2709,-8388608,flicker
48.2736,-751345,flicker
48.2798,838860,flicker
48.2834,8388607,flicker
48.2853,-8,flicker
48.2862,388608,flicker
48.2878,-8388,flicker
48.2900,608,flicker
48.2918,-1948800,flicker
48.2941,8388607,flicker
48.2991,8388607,flicker
48.3024,-8388608,flicker
48.3065,-8388608,flicker
48.3105,-2987795,flicker
48.3151,8388607,flicker
48.3188,8388607,flicker
48.3229,-8388608,flicker
48.3272,-8388608,flicker
48.3316,-3818685,flicker
48.3350,8388607,flicker
48.3391,8388607,flicker
48.3435,-8388608,flicker
48.3482,-8388608,flicker
48.3519,-4620622,flicker
48.3555,8388607,flicker
48.3597,8388607,flicker
48.3652,-8388608,flicker
48.3678,-8388608,flicker
48.3719,-5498172,flicker
48.3761,8388607,flicker
48.3807,8388607,flicker
48.3843,-8388608,flicker
48.3884,-8388608,flicker
48.3925,-6295811,flicker
48.3983,38860,flicker
48.4033,8388607,flicker
48.4045,-,flicker
48.4047,8118816,flicker
48.4060,-,flicker
48.4089,8388608,flicker
48.4104,-7,flicker
48.4131,38,flicker
48.4143,8,flicker
48.4171,607,flicker
48.4186,8388607,flicker
48.4212,-7412832,flicker
48.4253,-8388608,flicker
48.4294,783096,flicker
48.4338,8388607,flicker
48.4389,8388607,flicker
48.4416,-6619577,flicker
48.4469,838860,flicker
48.4524,-8388608,flicker
48.4539,8388607,flicker
48.4580,8388607,flicker
48.4640,809054,flicker
48.4682,-8388608,flicker
48.4703,-8388608,flicker
48.4744,8388607,flicker
48.4786,3,flicker
48.4829,-4889887,flicker
48.4884,-8388608,flicker
48.4908,-8388608,flicker
48.4967,3,flicker
48.5025,8388607,flicker
48.5034,-3867681,flicker
48.5071,-8388608,flicker
48.5131,-8,flicker
48.5164,8388607,flicker
48.5198,8388607,flicker
48.5236,-2717593,flicker
48.5303,-60-,flicker
48.5322,8388608,flicker
48.5366,8388607,flicker
48.5384,8,flicker
48.5399,388607,flicker
48.5422,-145,flicker
48.5441,6081,flicker
48.5460,-838860,flicker
48.5491,8,flicker
48.5500,-8388608,flicker
48.5521,8059983,flicker
48.5564,8388607,flicker
48.5605,-219982,flicker
48.5648,-8388608,flicker
48.5686,-8388608,flicker
48.5727,7448608,flicker
48.5767,8388607,flicker
48.5816,1009228,flicker
48.5849,-8388608,flicker
48.5891,-8388608,flicker
48.5937,6755479,flicker
48.5978,8388607,flicker
48.6025,2183022,flicker
48.6068,-8388608,flicker
48.6098,-8388608,flicker
48.6136,5993347,flicker
48.6176,8388607,flicker
48.6220,3403246,flicker
48.6268,-8388608,flicker
48.6301,-8388608,flicker
48.6359,5181959,flicker
48.6386,8388607,flicker
48.6431,4446357,flicker
48.6465,-8388608,flicker
48.6518,-8388608,flicker
48.6563,4199094,flicker
48.6637,8388607,flicker
48.6642,5385491,flicker
48.6656,-8,flicker
48.6702,80-38,flicker
48.6734,08,flicker
48.6754,3072428,flicker
48.6775,8388607,flicker
48.6805,6274276,flicker
48.6833,-8388608,flicker
48.6886,-8388608,flicker
48.6927,1876257,flicker
48.6959,8867,flicker
48.7001,7059661,flicker
48.7052,-8388608,flicker
48.7098,-8388608,flicker
48.7120,697040,flicker
48.7169,8388607,flicker
48.7202,7923861,flicker
48.7244,-8388608,flicker
48.7310,-8388608,flicker
48.7331,-486620,flicker
48.7365,8388607,flicker
48.7405,8388607,flicker
48.7449,-8388608,flicker
48.7503,-8388608,flicker
48.7529,-1679679,flicker
48.7569,8388607,flicker
48.7611,8388607,flicker
48.7683,-8388608,flicker
48.7694,-8388608,flicker
48.7734,-2715081,flicker
48.7777,8388607,flicker
48.7828,8388607,flicker
48.7843,-,flicker
48.7857,8388608,flicker
48.7875,-,flicker
48.7897,8388608,flicker
48.7911,-3,flicker
48.7939,639500,flicker
48.7963,838,flicker
48.7984,8607,flicker
48.8001,838860,flicker
48.8019,7,flicker
48.8021,-8388608,flicker
48.8061,-8388608,flicker
48.8105,-4488705,flicker
48.8161,8388607,flicker
48.8184,8388607,flicker
48.8224,-8388608,flicker
48.8265,-8388608,flicker
48.8312,-5354960,flicker
48.8350,8388607,flicker
48.8389,8388607,flicker
48.8430,-8388608,flicker
48.8472,8388608,flicker
48.8521,-6135131,flicker
48.8552,8388607,flicker
48.8594,8388607,flicker
48.8641,-8265896,flicker
48.8680,-8388608,flicker
48.8716,-6944598,flicker
48.8757,8388607,flicker
48.8807,8388607,flicker
48.8839,-7545204,flicker
48.8880,-8388608,flicker
48.8922,-7685452,flicker
48.8964,388,flicker
48.9030,8388607,flicker
48.9055,-6799075,flicker
48.9099,-8388608,flicker
48.9115,-,flicker
48.9128,8355782,flicker
48.9184,8388607,flicker
48.9209,8388607,flicker
48.9221,-597,flicker
48.9250,2176,flicker
48.9265,-838860,flicker
48.9292,8,flicker
48.9296,8388,flicker
48.9337,8388607,flicker
48.9375,8388607,flicker
48.9414,-5142482,flicker
48.9466,838,flicker
48.9512,-8388608,flicker
48.9547,8388607,flicker
48.9576,8388607,flicker
48.9631,4153,flicker
48.9683,-8388608,flicker
48.9708,-8388608,flicker
48.9754,8388607,flicker
48.9788,8388607,flicker
48.9829,-2988881,flicker
48.9866,-8388608,flicker
48.9905,-8388608,flicker
48.9946,8388607,flicker
48.9990,8388607,flicker
49.0028,-1788677,flicker
49.0068,-8388608,flicker
49.0112,-8388608,flicker
49.0161,8236479,flicker
49.0191,8388607,flicker
49.0232,-566506,flicker
49.0274,-8388608,flicker
49.0324,-8388608,flicker
49.0355,7633451,flicker
49.0396,8388607,flicker
49.0438,660918,flicker
49.0453,-,flicker
49.0494,8388608,flicker
49.0513,-838,flicker
49.0518,8608,flicker
49.0528,692372,flicker
49.0559,1,flicker
49.0560,8388607,flicker
49.0602,1851950,flicker
49.0651,-8388608,flicker
49.0684,-8388608,flicker
49.0724,6268128,flicker
49.0765,8388607,flicker
49.0821,087554,flicker
49.0864,-8388608,flicker
49.0894,-8388608,flicker
49.0945,5438087,flicker
49.0972,8388607,flicker
49.1020,4091014,flicker
49.1051,-8388608,flicker
49.1095,-8388608,flicker
49.1140,4574144,flicker
49.1180,8388607,flicker
49.1215,5126907,flicker
49.1256,-8388608,flicker
49.1304,-8388608,flicker
49.1338,3499294,flicker
49.1379,8388607,flicker
49.1420,6001231,flicker
49.1471,-8388608,flicker
49.1502,-8388608,flicker
49.1542,2292842,flicker
49.1584,8388607,flicker
49.1638,7894,flicker
49.1681,-8388608,flicker
49.1697,-,flicker
49.1714,8388608,flicker
49.1752,1146444,flicker
49.1763,83,flicker
49.1803,6776,flicker
49.1839,7,flicker
49.1857,-8388608,flicker
49.1873,-8388608,flicker
49.1924,-98572,flicker
49.1956,8388607,flicker
49.1998,8334366,flicker
49.2035,-8388608,flicker
49.2075,-8388608,flicker
49.2139,-1283776,flicker
49.2157,8388607,flicker
49.2197,8388607,flicker
49.2239,-8388608,flicker
49.2281,-8388608,flicker
49.2334,-2423161,flicker
49.2362,8388607,flicker
49.2403,8388607,flicker
49.2444,-8388608,flicker
49.2495,-8388608,flicker
49.2526,-3322114,flicker
49.2566,8388607,flicker
49.2611,8388607,flicker
49.2659,-8388608,flicker
49.2690,-8388608,flicker
49.2730,-4167115,flicker
49.2775,8388607,flicker
49.2817,8388607,flicker
49.2859,-8388608,flicker
49.2894,-8388608,flicker
49.2938,-4978729,flicker
49.2984,8388607,flicker
49.3017,8388607,flicker
49.3033,-83,flicker
49.3058,88608,flicker
49.3071,-83886,flicker
49.3102,08,flicker
49.3119,-5807092,flicker
49.3143,8388607,flicker
49.3181,8388607,flicker
49.3222,-8388608,flicker
49.3266,-8388608,flicker
49.3318,-6607528,flicker
49.3348,8388607,flicker
49.3386,8388607,flicker
49.3427,-7898196,flicker
49.3479,-8388608,flicker
49.3511,-7372984,flicker
49.3550,8388607,flicker
49.3590,8388607,flicker
49.3648,7161682,flicker
49.3673,-8388608,flicker
49.3713,-8063548,flicker
49.3754,8388607,flicker
49.3810,380,flicker
49.3853,-6378774,flicker
49.3909,-8388608,flicker
49.3925,-8388608,flicker
49.3961,37,flicker
49.4026,8388607,flicker
49.4061,-5546959,flicker
49.4082,-8388608,flicker
49.4124,-8388608,flicker
49.4170,8388607,flicker
49.4206,8388607,flicker
49.4221,-,flicker
49.4245,4576702,flicker
49.4257,-,flicker
49.4289,8808,flicker
49.4304,-83,flicker
49.4330,8608,flicker
49.4358,83886,flicker
49.4373,07,flicker
49.4394,8388607,flicker
49.4421,-3503289,flicker
49.4456,-8388608,flicker
49.4492,8388608,flicker
49.4536,8388607,flicker
49.4581,8388607,flicker
49.4615,-2291030,flicker
49.4664,-8388608,flicker
49.4702,-8388608,flicker
49.4737,8388607,flicker
49.4779,8388607,flicker
49.4829,-1107688,flicker
49.4861,-8388608,flicker
49.4901,-8388608,flicker
49.4942,7898195,flicker
49.4995,8388607,flicker
49.5024,115437,flicker
49.5065,-8388608,flicker
49.5108,-8388608,flicker
49.5156,7242552,flicker
49.5188,8388607,flicker
49.5228,1348519,flicker
49.5273,-8388608,flicker
49.5317,-8388608,flicker
49.5355,6597175,flicker
49.5393,8388607,flicker
49.5436,2485256,flicker
49.5482,-8388608,flicker
49.5500,-,flicker
49.5516,8388608,flicker
49.5557,5815450,flicker
49.5568,83,flicker
49.5601,88607,flicker
49.5625,36684,flicker
49.5640,90,flicker
49.5656,-8388608,flicker
49.5680,-8388608,flicker
49.5720,4972112,flicker
49.5762,8388607,flicker
49.5809,4681508,flicker
49.5848,-8388608,flicker
49.5884,-8388608,flicker
49.5925,3942236,flicker
49.5981,380,flicker
49.6013,5596529,flicker
49.6057,-8388608,flicker
49.6102,-8388608,flicker
49.6143,2842160,flicker
49.6191,880,flicker
49.6220,6441684,flicker
49.6257,-8388608,flicker
49.6304,-8388608,flicker
49.6352,64,flicker
49.6390,8388607,flicker
49.6423,7232764,flicker
49.6460,08,flicker
49.6503,-8388608,flicker
49.6548,468255,flicker
49.6599,8388607,flicker
49.6622,8005739,flicker
49.6668,-8388608,flicker
49.6704,-8388608,flicker
49.6744,-577124,flicker
49.6789,380,flicker
49.6833,8388607,flicker
49.6852,-8,flicker
49.6888,388608,flicker
49.6900,-8388,flicker
49.6908,608,flicker
49.6924,-1786471,flicker
49.6969,838860,flicker
49.6998,8388607,flicker
49.7046,-8388608,flicker
49.7073,-8388608,flicker
49.7114,-2859646,flicker
49.7164,8388607,flicker
49.7195,8388607,flicker
49.7236,-8388608,flicker
49.7278,-8388608,flicker
49.7332,-3762985,flicker
49.7359,8388607,flicker
49.7400,8388607,flicker
49.7442,-8388608,flicker
49.7489,-8388608,flicker
49.7526,-4574622,flicker
49.7563,8388607,flicker
49.7608,8388607,flicker
49.7653,-8388608,flicker
49.7686,-8388608,flicker
49.7727,-5375093,flicker
49.7773,8388607,flicker
49.7816,8388607,flicker
49.7851,-8388608,flicker
49.7891,-8388608,flicker
49.7935,-6215791,flicker
49.7981,8388607,flicker
49.8029,8388607,flicker
49.8038,-,flicker
49.8055,8207064,flicker
49.8069,-,flicker
49.8100,8388608,flicker
49.8118,-7,flicker
49.8140,000219,flicker
49.8156,8388,flicker
49.8178,607,flicker
49.8195,8388607,flicker
49.8219,-7530496,flicker
49.8260,-8388608,flicker
49.8309,-7680468,flicker
49.8345,8388607,flicker
49.8383,8388607,flicker
49.8424,-6752404,flicker
49.8471,-8388608,flicker
49.8507,-8388608,flicker
49.8546,8388607,flicker
49.8588,8388607,flicker
49.8640,-5947077,flicker
49.8678,-8388608,flicker
49.8719,-8388608,flicker
49.8752,8388607,flicker
49.8809,38,flicker
49.8849,-5015877,flicker
49.8891,-8388608,flicker
49.8916,-8388608,flicker
49.8958,8388607,flicker
49.9003,8388607,flicker
49.9057,-4014490,flicker
49.9079,-8388608,flicker
49.9126,-38608,flicker
49.9173,8388607,flicker
49.9221,8388607,flicker
49.9263,-2833668,flicker
49.9293,-8388608,flicker
49.9305,-,flicker
49.9342,3860,flicker
49.9377,8388607,flicker
49.9397,8,flicker
49.9409,388607,flicker
49.9452,-1632241,flicker
49.9481,-838860,flicker
49.9493,8,flicker
49.9499,-308,flicker
49.9530,8162939,flicker
49.9581,8388607,flicker
49.9622,-450627,flicker
49.9653,-8388608,flicker
49.9709,-8388608,flicker
49.9742,7574619,flicker
49.9778,8388607,flicker
49.9846,790819,flicker
49.9872,-8388608,flicker
49.9898,-8388608,flicker
49.9942,6879319,flicker
49.9984,8388607,flicker
50.0033,1949135,flicker
50.0062,-8388608,flicker
50.0111,-8388608,flicker
50.0152,6171472,flicker
50.0196,8388607,flicker
50.0226,3172372,flicker
50.0274,-8388608,flicker
50.0318,-8388608,flicker
50.0364,5342282,flicker
50.0390,8388607,flicker
50.0434,4281453,flicker
50.0489,-8388608,flicker
50.0524,-8388608,flicker
50.0553,4415938,flicker
50.0595,8388607,flicker
50.0653,5171165,flicker
50.0663,-,flicker
50.0683,8388608,flicker
50.0693,-838,flicker
50.0717,8608,flicker
50.0730,336241,flicker
50.0758,1,flicker
50.0760,8388607,flicker
50.0815,09411,flicker
50.0876,-8388608,flicker
50.0919,-8388608,flicker
50.0926,2150700,flicker
50.0967,3807,flicker
50.1013,6815039,flicker
50.1048,-8388608,flicker
50.1092,-8388608,flicker
50.1134,1055508,flicker
50.1182,8388607,flicker
50.1220,7688831,flicker
50.1251,-8388608,flicker
50.1311,3,flicker
50.1339,-196543,flicker
50.1376,8388607,flicker
50.1429,8388607,flicker
50.1456,-8388608,flicker
50.1504,-8388608,flicker
50.1543,-1347351,flicker
50.1578,8388607,flicker
50.1628,88860,flicker
50.1669,-8388608,flicker
50.1706,-8388608,flicker
50.1750,-2523654,flicker
50.1789,8388607,flicker
50.1826,3867,flicker
50.1885,8388608,flicker
50.1898,-,flicker
50.1906,8388608,flicker
50.1920,-,flicker
50.1947,3422137,flicker
50.1958,838,flicker
50.1990,8607,flicker
50.2004,838860,flicker
50.2027,7,flicker
50.2029,-8388608,flicker
50.2069,-8388608,flicker
50.2110,-4280269,flicker
50.2152,8388607,flicker
50.2192,8388607,flicker
50.2232,-8388608,flicker
50.2274,-8388608,flicker
50.2329,-5081105,flicker
50.2355,8388607,flicker
50.2396,8388607,flicker
50.2439,-8388608,flicker
50.2484,-8388608,flicker
50.2519,-5938640,flicker
50.2560,8388607,flicker
50.2606,8388607,flicker
50.2652,-8388608,flicker
50.2686,-8388608,flicker
50.2725,-6709053,flicker
50.2771,8388607,flicker
50.2819,8388607,flicker
50.2847,-7780532,flicker
50.2888,-8388608,flicker
50.2931,-7480068,flicker
50.2983,8388607,flicker
50.3011,8388607,flicker
50.3052,-7038400,flicker
50.3094,-8388608,flicker
50.3105,-,flicker
50.3155,13,flicker
50.3182,8388607,flicker
50.3229,8388607,flicker
50.3241,-624,flicker
50.3257,9101,flicker
50.3271,-838860,flicker
50.3339,8388607,flicker
50.3379,8388607,flicker
50.3421,-5395271,flicker
50.3465,888,flicker
50.3525,-8388608,flicker
50.3556,8388607,flicker
50.3596,8388607,flicker
50.3628,-4403688,flicker
50.3671,-8388608,flicker
50.3715,-8388608,flicker
50.3760,8388607,flicker
50.3794,8867,flicker
50.3842,-3339105,flicker
50.3875,-8388608,flicker
50.3915,-8388608,flicker
50.3956,8388607,flicker
50.4012,8388607,flicker
50.4038,-2251068,flicker
50.4076,-8388608,flicker
50.4122,-36,flicker
50.4171,8383559,flicker
50.4200,8388607,flicker
50.4242,-944490,flicker
50.4283,-8388608,flicker
50.4329,-8388608,flicker
50.4363,7839363,flicker
50.4403,8388607,flicker
50.4445,246514,flicker
50.4460,-,flicker
50.4492,8388608,flicker
50.4512,-838,flicker
50.4526,8608,flicker
50.4542,713313,flicker
50.4567,8,flicker
50.4568,8388607,flicker
50.4608,1495487,flicker
50.4652,-8388608,flicker
50.4690,-8388608,flicker
50.4731,6494595,flicker
50.4773,8388607,flicker
50.4818,2643957,flicker
50.4854,-8388608,flicker
50.4895,-8388608,flicker
50.4939,5720335,flicker
50.4985,8388607,flicker
50.5032,3776510,flicker
50.5059,-8388608,flicker
50.5105,-8388608,flicker
50.5145,4843739,flicker
50.5181,8388607,flicker
50.5231,4765760,flicker
50.5275,-8388608,flicker
50.5311,608,flicker
50.5358,3911014,flicker
50.5395,8388607,flicker
50.5449,5674223,flicker
50.5469,-8388608,flicker
50.5515,-8388608,flicker
50.5554,2830044,flicker
50.5592,8388607,flicker
50.5644,6456871,flicker
50.5682,-8388608,flicker
50.5694,-,flicker
50.5714,8388608,flicker
50.5755,1634407,flicker
50.5771,83,flicker
50.5815,867763,flicker
50.5838,2,flicker
50.5863,-8388608,flicker
50.5885,-8388608,flicker
50.5919,498149,flicker
50.5968,8388607,flicker
50.6011,8061867,flicker
50.6042,-8388608,flicker
50.6085,-8388608,flicker
50.6127,737,flicker
50.6172,8388607,flicker
50.6219,8388607,flicker
50.6247,-8388608,flicker
50.6291,3868,flicker
50.6338,-1923083,flicker
50.6375,8388607,flicker
50.6413,8388607,flicker
50.6452,-8388608,flicker
50.6499,-8388608,flicker
50.6537,-2941435,flicker
50.6574,8388607,flicker
50.6621,83867,flicker
50.6661,-8388608,flicker
50.6716,-8388608,flicker
50.6743,-3805763,flicker
50.6780,8388607,flicker
50.6833,8388607,flicker
50.6861,-8388608,flicker
50.6902,-8388608,flicker
50.6943,-4576868,flicker
50.7001,8388607,flicker
50.7025,8388607,flicker
50.7035,-83,flicker
50.7066,88608,flicker
50.7075,-83886,flicker
50.7107,08,flicker
50.7123,-5408332,flicker
50.7164,8388607,flicker
50.7189,8388607,flicker
50.7230,-8388608,flicker
50.7275,-8388608,flicker
50.7319,-6220736,flicker
50.7353,8388607,flicker
50.7393,8388607,flicker
50.7439,-8207064,flicker
50.7483,-8388608,flicker
50.7517,-7056011,flicker
50.7557,8388607,flicker
50.7604,8388607,flicker
50.7647,-7515788,flicker
50.7685,-8388608,flicker
50.7721,-7758641,flicker
50.7763,8388607,flicker
50.7810,8388607,flicker
50.7860,-6685699,flicker
50.7885,-8388608,flicker
50.7927,-8388608,flicker
50.7974,8388607,flicker
50.8008,8388607,flicker
50.8049,-5948456,flicker
50.8090,-8388608,flicker
50.8149,880,flicker
50.8178,8388607,flicker
50.8231,8388607,flicker
50.8246,-,flicker
50.8255,4967283,flicker
50.8269,-,flicker
50.8306,8388608,flicker
50.8324,-83,flicker
50.8335,88608,flicker
50.8347,8388,flicker
50.8377,607,flicker
50.8392,8388607,flicker
50.8419,-4048299,flicker
50.8461,808,flicker
50.8505,-8388608,flicker
50.8545,8388607,flicker
50.8587,8388607,flicker
50.8628,-29,flicker
50.8670,-8388608,flicker
50.8742,-8388608,flicker
50.8748,8388607,flicker
50.8805,8388607,flicker
50.8832,-1660222,flicker
50.8868,-8388608,flicker
50.8909,-8388608,flicker
50.8960,81777,flicker
50.9002,8388607,flicker
50.9042,-513497,flicker
50.9073,-8388608,flicker
50.9116,-8388608,flicker
50.9165,7604035,flicker
50.9196,8388607,flicker
50.9236,691404,flicker
50.9279,-8388608,flicker
50.9326,-8388608,flicker
50.9366,6924312,flicker
50.9400,8388607,flicker
50.9442,1847871,flicker
50.9500,-8388608,flicker
50.9503,-,flicker
50.9523,8388608,flicker
50.9565,6207167,flicker
50.9576,8,flicker
50.9606,388607,flicker
50.9621,3131,flicker
50.9648,523,flicker
50.9666,-8388608,flicker
50.9688,-8388608,flicker
50.9728,5394818,flicker
50.9774,8388607,flicker
50.9821,4222528,flicker
50.9854,-8388608,flicker
50.9892,-8388608,flicker
50.9936,4485709,flicker
50.9981,8388607,flicker
51.0015,5166885,flicker
51.0056,-8388608,flicker
51.0102,-8388608,flicker
51.0145,3433966,flicker
51.0189,8388607,flicker
51.0220,6030881,flicker
51.0261,-8388608,flicker
51.0317,-8388608,flicker
51.0345,2287378,flicker
51.0383,8388607,flicker
51.0425,6814183,flicker
51.0483,-8388608,flicker
51.0508,-8388608,flicker
51.0547,1090622,flicker
51.0588,8388607,flicker
51.0631,6549,flicker
51.0676,-8388608,flicker
51.0716,-8388608,flicker
51.0767,-55935,flicker
51.0794,8388607,flicker
51.0841,8365785,flicker
51.0857,-8,flicker
51.0875,388608,flicker
51.0889,-8388,flicker
51.0917,608,flicker
51.0928,-1283411,flicker
51.0961,3807,flicker
51.1010,8388607,flicker
51.1058,-8388608,flicker
51.1085,-8388608,flicker
51.1133,2022,flicker
51.1200,8388607,flicker
51.1206,8388607,flicker
51.1244,-8388608,flicker
51.1293,-3868,flicker
51.1334,-3279535,flicker
51.1374,8388607,flicker
51.1417,8388607,flicker
51.1448,-8388608,flicker
51.1495,-8388608,flicker
51.1531,-4126232,flicker
51.1571,8388607,flicker
51.1613,8388607,flicker
51.1671,-8388608,flicker
51.1695,-8388608,flicker
51.1735,-4864947,flicker
51.1777,8388607,flicker
51.1829,8388607,flicker
51.1861,-8388608,flicker
51.1899,-8388608,flicker
51.1941,-5744008,flicker
51.1989,8388607,flicker
51.2022,8388607,flicker
51.2034,-,flicker
51.2063,8388608,flicker
51.2074,-,flicker
51.2107,8388608,flicker
51.2119,-6,flicker
51.2160,514816,flicker
51.2180,8388,flicker
51.2186,607,flicker
51.2198,8388607,flicker
51.2227,-7942320,flicker
51.2273,-8388608,flicker
51.2318,-7312251,flicker
51.2349,8388607,flicker
51.2390,8388607,flicker
51.2443,-7199402,flicker
51.2498,-8388608,flicker
51.2520,-8026562,flicker
51.2554,8388607,flicker
51.2602,8388607,flicker
51.2649,-6470884,flicker
51.2684,-8388608,flicker
51.2718,-8388608,flicker
51.2760,8388607,flicker
51.2802,3860,flicker
51.2847,-5610968,flicker
51.2900,-8388608,flicker
51.2950,-8388608,flicker
51.2983,8388607,flicker
51.3007,8388607,flicker
51.3053,-4664481,flicker
51.3097,-8388608,flicker
51.3145,886,flicker
51.3180,8388607,flicker
51.3212,8388607,flicker
51.3276,-3561411,flicker
51.3292,-8388608,flicker
51.3305,-,flicker
51.3338,8388608,flicker
51.3374,8388607,flicker
51.3386,8,flicker
51.3415,388607,flicker
51.3431,-244,flicker
51.3468,280,flicker
51.3504,-8388608,flicker
51.3563,8388607,flicker
51.3579,8388607,flicker
51.3645,-249,flicker
51.3675,-8388608,flicker
51.3712,-8388608,flicker
51.3742,7957027,flicker
51.3806,83887,flicker
51.3845,-42103,flicker
51.3886,-8388608,flicker
51.3906,-8388608,flicker
51.3949,7320772,flicker
51.4002,8388607,flicker
51.4029,1114825,flicker
51.4070,-8388608,flicker
51.4111,-8388608,flicker
51.4171,6698748,flicker
51.4193,8388607,flicker
51.4235,2350896,flicker
51.4279,-8388608,flicker
51.4333,-8388608,flicker
51.4370,5960174,flicker
51.4398,8388607,flicker
51.4449,3451049,flicker
51.4490,-8388608,flicker
51.4521,-8388608,flicker
51.4561,5125661,flicker
51.4607,8388607,flicker
51.4652,4537922,flicker
51.4665,-,flicker
51.4684,8388608,flicker
51.4696,-838,flicker
51.4725,8608,flicker
51.4740,418899,flicker
51.4769,0,flicker
51.4773,8388607,flicker
51.4818,5447711,flicker
51.4848,-8388608,flicker
51.4889,-8388608,flicker
51.4935,3084235,flicker
51.4981,8388607,flicker
51.5012,6269927,flicker
51.5053,-8388608,flicker
51.5095,-8388608,flicker
51.5140,1944919,flicker
51.5186,8388607,flicker
51.5217,7034907,flicker
51.5258,-8388608,flicker
51.5306,-8388608,flicker
51.5343,792686,flicker
51.5380,8388607,flicker
51.5422,7813804,flicker
51.5465,83860,flicker
51.5511,-8388608,flicker
51.5560,-310262,flicker
51.5601,8388607,flicker
51.5633,8388607,flicker
51.5670,8368,flicker
51.5715,-8388608,flicker
51.5778,-1421590,flicker
51.5800,8388607,flicker
51.5835,8388607,flicker
51.5876,8388608,flicker
51.5891,-,flicker
51.5913,8388608,flicker
51.5922,-,flicker
51.5969,00188,flicker
51.5999,607,flicker
51.6019,838860,flicker
51.6047,7,flicker
51.6061,-8388608,flicker
51.6077,-8388608,flicker
51.6136,-484,flicker
51.6162,8388607,flicker
51.6205,8388607,flicker
51.6241,-8388608,flicker
51.6288,-38,flicker
51.6335,-4281536,flicker
51.6367,8388607,flicker
51.6406,8388607,flicker
51.6446,-8388608,flicker
51.6504,-8388608,flicker
51.6528,-5166077,flicker
51.6568,8388607,flicker
51.6610,8388607,flicker
51.6666,-8388608,flicker
51.6701,-8388608,flicker
51.6733,-5935935,flicker
51.6780,8388607,flicker
51.6825,8388607,flicker
51.6870,-8388608,flicker
51.6897,-8388608,flicker
51.6940,-6761977,flicker
51.6983,8388607,flicker
51.7019,8388607,flicker
51.7060,-7751116,flicker
51.7104,-8388608,flicker
51.7121,-,flicker
51.7147,7527141,flicker
51.7183,8388607,flicker
51.7224,8388607,flicker
51.7234,-695,flicker
51.7266,9130,flicker
51.7278,-838860,flicker
51.7309,8,flicker
51.7313,-8210140,flicker
51.7346,8388607,flicker
51.7387,8388607,flicker
51.7432,-6196853,flicker
51.7487,-8388608,flicker
51.7512,-8388608,flicker
51.7551,8388607,flicker
51.7593,8388607,flicker
51.7646,-5342282,flicker
51.7675,-8388608,flicker
51.7715,-8388608,flicker
51.7757,8388607,flicker
51.7801,387,flicker
51.7851,-4392448,flicker
51.7904,-8388608,flicker
51.7936,-8388608,flicker
51.7970,8388607,flicker
51.8002,8388607,flicker
51.8054,-3300596,flicker
51.8086,-8388608,flicker
51.8147,838808,flicker
51.8173,8388607,flicker
51.8222,8388607,flicker
51.8277,-2075323,flicker
51.8291,-8388608,flicker
51.8343,-8388608,flicker
51.8370,8354143,flicker
51.8411,8388607,flicker
51.8423,-,flicker
51.8469,638,flicker
51.8495,8388608,flicker
51.8539,-838,flicker
51.8557,8608,flicker
51.8572,782465,flicker
51.8578,5,flicker
51.8580,8388607,flicker
51.8618,284651,flicker
51.8667,-8388608,flicker
51.8698,-8388608,flicker
51.8739,7187277,flicker
51.8781,8388607,flicker
51.8832,1462452,flicker
51.8863,-8388608,flicker
51.8903,-8388608,flicker
51.8945,6479149,flicker
51.8999,8388607,flicker
51.9026,2644251,flicker
51.9066,-8388608,flicker
51.9108,-8388608,flicker
51.9163,5748002,flicker
51.9190,8388607,flicker
51.9230,3784486,flicker
51.9275,-8388608,flicker
51.9335,-8388608,flicker
51.9353,4894970,flicker
51.9394,8388607,flicker
51.9438,4724665,flicker
51.9491,-8388608,flicker
51.9524,-8388608,flicker
51.9558,3879316,flicker
51.9603,8388607,flicker
51.9645,5677228,flicker
51.9681,-8388608,flicker
51.9694,-,flicker
51.9722,8388608,flicker
51.9768,2853838,flicker
51.9772,838,flicker
51.9805,8607,flicker
51.9823,645528,flicker
51.9844,6,flicker
51.9856,-8388608,flicker
51.9887,-8388608,flicker
51.9927,1631546,flicker
51.9991,8388607,flicker
52.0009,7276064,flicker
52.0050,-8388608,flicker
52.0091,-8388608,flicker
52.0150,9154,flicker
52.0182,8388607,flicker
52.0216,8076343,flicker
52.0262,-8388608,flicker
52.0297,83860,flicker
52.0341,-705884,flicker
52.0394,8388607,flicker
52.0437,8388607,flicker
52.0480,-8388608,flicker
52.0501,-8388608,flicker
52.0541,-1849927,flicker
52.0585,8388607,flicker
52.0625,3860,flicker
52.0672,-8388608,flicker
52.0708,-8388608,flicker
52.0747,-2856267,flicker
52.0790,07,flicker
52.0836,8388607,flicker
52.0876,-8388608,flicker
52.0913,-8388608,flicker
52.0952,-3750090,flicker
52.1007,8388607,flicker
52.1037,8388607,flicker
52.1048,-83,flicker
52.1074,88608,flicker
52.1086,-83886,flicker
52.1115,08,flicker
52.1133,-450165,flicker
52.1160,8388607,flicker
52.1196,8388607,flicker
52.1243,-8388608,flicker
52.1279,-8388608,flicker
52.1329,-5371916,flicker
52.1361,8388607,flicker
52.1401,8388607,flicker
52.1443,-8388608,flicker
52.1490,-8388608,flicker
52.1524,-6147780,flicker
52.1565,8388607,flicker
52.1607,8388607,flicker
52.1655,-8221772,flicker
52.1693,-8388608,flicker
52.1729,-6926252,flicker
52.1775,8388607,flicker
52.1818,8388607,flicker
52.1859,-7559912,flicker
52.1893,-8388608,flicker
52.1942,-7681747,flicker
52.1981,8388607,flicker
52.2027,8388607,flicker
52.2057,-6840908,flicker
52.2105,-8388608,flicker
52.2148,-8313720,flicker
52.2183,8388607,flicker
52.2220,8388607,flicker
52.2233,-,flicker
52.2262,6021241,flicker
52.2278,-,flicker
52.2313,8388608,flicker
52.2330,-83,flicker
52.2344,88608,flicker
52.2354,83886,flicker
52.2384,07,flicker
52.2399,8388607,flicker
52.2429,-5235884,flicker
52.2472,-8388608,flicker
52.2522,-8388608,flicker
52.2549,8388607,flicker
52.2590,8388607,flicker
52.2632,4150,flicker
52.2672,-8388608,flicker
52.2713,-8388608,flicker
52.2757,8388607,flicker
52.2798,67,flicker
52.2844,-3063544,flicker
52.2892,-8388608,flicker
52.2918,-8388608,flicker
52.2963,8388607,flicker
52.3010,8388607,flicker
52.3042,-1923868,flicker
52.3083,-8388608,flicker
52.3124,8368,flicker
52.3171,8236479,flicker
52.3222,8388607,flicker
52.3263,-719700,flicker
52.3288,-8388608,flicker
52.3343,8886,flicker
52.3374,7721699,flicker
52.3431,8388607,flicker
52.3458,474162,flicker
52.3498,-8388608,flicker
52.3508,-,flicker
52.3531,8388608,flicker
52.3572,7059454,flicker
52.3583,83,flicker
52.3614,88607,flicker
52.3625,15899,flicker
52.3656,42,flicker
52.3685,-8388608,flicker
52.3696,-8388608,flicker
52.3736,6414509,flicker
52.3777,8388607,flicker
52.3834,2806306,flicker
52.3859,-8388608,flicker
52.3900,-8388608,flicker
52.3941,5707736,flicker
52.3986,8388607,flicker
52.4023,3803733,flicker
52.4064,-8388608,flicker
52.4106,-8388608,flicker
52.4154,4842344,flicker
52.4189,8388607,flicker
52.4227,4833125,flicker
52.4273,-8388608,flicker
52.4317,-8388608,flicker
52.4350,3830276,flicker
52.4391,8388607,flicker
52.4438,5648844,flicker
52.4489,-8388608,flicker
52.4517,-8388608,flicker
52.4555,2756577,flicker
52.4603,8388607,flicker
52.4646,6441668,flicker
52.4692,-8388608,flicker
52.4719,-8388608,flicker
52.4760,1680179,flicker
52.4804,8388607,flicker
52.4843,7245163,flicker
52.4853,-8,flicker
52.4883,388608,flicker
52.4897,-8388,flicker
52.4924,608,flicker
52.4926,530813,flicker
52.4977,380,flicker
52.5011,7992924,flicker
52.5062,-8388608,flicker
52.5112,-8388608,flicker
52.5131,-594215,flicker
52.5180,8388607,flicker
52.5221,8388607,flicker
52.5255,-8388608,flicker
52.5295,8880,flicker
52.5341,-1771556,flicker
52.5376,8388607,flicker
52.5423,8388607,flicker
52.5461,8388,flicker
52.5516,-8388608,flicker
52.5544,-2773469,flicker
52.5579,8388607,flicker
52.5627,3867,flicker
52.5681,-8388608,flicker
52.5716,-8388608,flicker
52.5751,-3575214,flicker
52.5789,838867,flicker
52.5830,8388607,flicker
52.5873,-8388608,flicker
52.5924,-8388608,flicker
52.5953,-4406490,flicker
52.5995,8388607,flicker
52.6045,8388607,flicker
52.6062,-,flicker
52.6071,8388608,flicker
52.6084,-,flicker
52.6113,8388608,flicker
52.6128,-5,flicker
52.6159,260963,flicker
52.6185,8388,flicker
52.6194,607,flicker
52.6207,8388607,flicker
52.6235,-8388608,flicker
52.6276,-8388608,flicker
52.6322,-6034817,flicker
52.6363,8388607,flicker
52.6398,8388607,flicker
52.6441,-8310020,flicker
52.6504,-8388608,flicker
52.6521,-6867013,flicker
52.6562,8388607,flicker
52.6609,8388607,flicker
52.6652,-7618744,flicker
52.6688,-8388608,flicker
52.6726,-7538985,flicker
52.6771,8388607,flicker
52.6817,8388607,flicker
52.6854,-6903654,flicker
52.6890,-8388608,flicker
52.6934,-8204960,flicker
52.6978,8388607,flicker
52.7015,8388607,flicker
52.7055,-6157102,flicker
52.7096,-8388608,flicker
52.7143,-8388608,flicker
52.7176,8388607,flicker
52.7217,8388607,flicker
52.7259,-5263072,flicker
52.7312,-8388608,flicker
52.7325,-,flicker
52.7341,8388608,flicker
52.7381,8388607,flicker
52.7394,8,flicker
52.7423,388607,flicker
52.7439,-4331,flicker
52.7482,36-88,flicker
52.7520,-8388608,flicker
52.7552,8388607,flicker
52.7588,8388607,flicker
52.7628,-3186175,flicker
52.7670,-8388608,flicker
52.7723,-8388608,flicker
52.7755,8388607,flicker
52.7806,38607,flicker
52.7842,-2041901,flicker
52.7879,-8388608,flicker
52.7928,-8388608,flicker
52.7957,8324727,flicker
52.8011,8388607,flicker
52.8037,-910536,flicker
52.8079,-8388608,flicker
52.8138,-88,flicker
52.8175,7839363,flicker
52.8215,8388607,flicker
52.8252,293354,flicker
52.8284,-8388608,flicker
52.8329,-8388608,flicker
52.8366,7176647,flicker
52.8406,8388607,flicker
52.8448,1438705,flicker
52.8497,-8388608,flicker
52.8528,-8388608,flicker
52.8570,6544894,flicker
52.8610,8388607,flicker
52.8658,2568379,flicker
52.8674,-,flicker
52.8692,8388608,flicker
52.8705,-838,flicker
52.8734,8608,flicker
52.8750,588013,flicker
52.8774,9,flicker
52.8776,8388607,flicker
52.8820,3629979,flicker
52.8864,-8388608,flicker
52.8897,-8388608,flicker
52.8940,5006419,flicker
52.8989,8388607,flicker
52.9024,4591145,flicker
52.9061,-8388608,flicker
52.9105,-8388608,flicker
52.9150,4114641,flicker
52.9193,8388607,flicker
52.9224,5545556,flicker
52.9269,-8388608,flicker
52.9316,-8388608,flicker
52.9354,3050991,flicker
52.9389,8388607,flicker
52.9434,6281130,flicker
52.9504,-8388608,flicker
52.9515,-8388608,flicker
52.9552,1891933,flicker
52.9594,8388607,flicker
52.9639,7112325,flicker
52.9675,-8388608,flicker
52.9716,-8388608,flicker
52.9757,795778,flicker
52.9813,8388607,flicker
52.9846,7837493,flicker
52.9880,-8388608,flicker
52.9897,-,flicker
52.9921,8388608,flicker
52.9936,-,flicker
52.9971,397932,flicker
52.9991,83,flicker
53.0003,88607,flicker
53.0013,83886,flicker
53.0044,07,flicker
53.0058,-8388608,flicker
53.0086,-8388608,flicker
53.0146,15458,flicker
53.0180,8388607,flicker
53.0219,8388607,flicker
53.0248,-8388608,flicker
53.0311,80,flicker
53.0345,-2613556,flicker
53.0381,8388607,flicker
53.0413,8388607,flicker
53.0459,8888,rest
53.0533,-8388608,rest
53.0537,-3480733,rest
53.0590,8388607,rest
53.0618,8388607,rest
53.0671,-8388608,rest
53.0699,-8388608,rest
53.0740,-4253556,rest
53.0782,8388607,rest
53.0828,8388607,rest
53.0863,-8388608,rest
53.0905,-8388608,rest
53.0946,-5073146,rest
53.1001,8388607,rest
53.1027,8388607,rest
53.1069,-8388608,rest
53.1111,-8388608,rest
53.1151,-5875942,rest
53.1191,8388607,rest
53.1233,8388607,rest
53.1247,-83,rest
53.1275,88608,rest
53.1293,-83886,rest
53.1313,08,rest
53.1329,-6708976,rest
53.1355,8388607,rest
53.1395,8388607,rest
53.1440,-7795240,rest
53.1483,-8388608,rest
53.1524,-7439075,rest
53.1559,8388607,rest
53.1602,8388607,rest
53.1649,-7060229,rest
53.1682,-8388608,rest
53.1723,-8069590,rest
53.1765,8388607,rest
53.1811,8388607,rest
53.1846,-6298740,rest
53.1887,-8388608,rest
53.1931,-8388608,rest
53.1980,8388607,rest
53.2010,8388607,rest
53.2051,-5472995,rest
53.2093,-8388608,rest
53.2137,-8388608,rest
53.2174,8388607,rest
53.2214,8388607,rest
53.2257,-4499408,rest
53.2315,880,rest
53.2340,-8388608,rest
53.2390,8388607,rest
53.2439,8388607,rest
53.2450,-,rest
53.2461,3503176,rest
53.2474,-,rest
53.2506,8388608,rest
53.2525,-83,rest
53.2542,88608,rest
53.2555,83886,rest
53.2582,07,rest
53.2592,8388607,rest
53.2638,2538,rest
53.2679,-8388608,rest
53.2718,-8388608,rest
53.2747,8388607,rest
53.2791,80,rest
53.2837,-1151343,rest
53.2875,-8388608,rest
53.2917,-8388608,rest
53.2957,79261,rest
53.3004,8388607,rest
53.3039,-9231,rest
53.3115,-8388608,rest
53.3119,-8388608,rest
53.3169,340,rest
53.3216,8388607,rest
53.3248,1278325,rest
53.3291,-8388608,rest
53.3321,-8388608,rest
53.3375,6661498,rest
53.3402,8388607,rest
53.3444,2328126,rest
53.3492,-8388608,rest
53.3525,-8388608,rest
53.3566,5924607,rest
53.3609,8388607,rest
53.3661,3570733,rest
53.3690,-8388608,rest
53.3700,-,rest
53.3730,8388608,rest
53.3774,5142301,rest
53.3778,8,rest
53.3820,388607,rest
53.3831,4529,rest
53.3853,600,rest
53.3868,-8388608,rest
53.3895,-8388608,rest
53.3938,4177101,rest
53.3980,8388607,rest
53.4017,5388724,rest
53.4058,-8388608,rest
53.4101,-8388608,rest
53.4148,3220313,rest
53.4180,8388607,rest
53.4221,6211880,rest
53.4262,-8388608,rest
53.4315,-8388608,rest
53.4361,2032190,rest
53.4385,8388607,rest
53.4426,6980744,rest
53.4478,-8388608,rest
53.4517,-8388608,rest
53.4549,886513,rest
53.4590,8388607,rest
53.4640,7804926,rest
53.4672,-8388608,rest
53.4713,-8388608,rest
53.4755,-254309,rest
53.4808,3887,rest
53.4850,8388607,rest
53.4888,-8388608,rest
53.4918,-8388608,rest
53.4962,14602,rest
53.5003,8388607,rest
53.5050,8388607,rest
53.5068,-8,rest
53.5092,388608,rest
53.5097,-8388,rest
53.5124,08,rest
53.5137,-240,rest
53.5179,8388607,rest
53.5204,8388607,rest
53.5245,-8388608,rest
53.5288,-8388608,rest
53.5333,-3390993,rest
53.5368,8388607,rest
53.5409,8388607,rest
53.5471,80,rest
53.5513,-8388608,rest
53.5537,-4173030,rest
53.5573,8388607,rest
53.5617,8388607,rest
53.5663,-8388608,rest
53.5696,-8388608,rest
53.5737,-4954920,rest
53.5780,8388607,rest
53.5824,8388607,rest
53.5860,-8388608,rest
53.5900,-8388608,rest
53.5942,-5781662,rest
53.5988,8388607,rest
53.6027,8388607,rest
53.6065,-8388608,rest
53.6110,-8388608,rest
53.6155,-6518631,rest
53.6194,8388607,rest
53.6228,8388607,rest
53.6239,-,rest
53.6271,7927612,rest
53.6285,-,rest
53.6313,8388608,rest
53.6329,-7,rest
53.6354,291340,rest
53.6367,838,rest
53.6393,8607,rest
53.6407,838860,rest
53.6434,7,rest
53.6436,-7295106,rest
53.6482,-8388608,rest
53.6516,-7959242,rest
53.6556,8388607,rest
53.6598,8388607,rest
53.6646,-6454577,rest
53.6679,-8388608,rest
53.6720,-8388608,rest
53.6763,8388607,rest
53.6810,8388607,rest
53.6843,-5696237,rest
53.6884,-8388608,rest
53.6926,-8388608,rest
53.6968,38807,rest
53.7014,8388607,rest
53.7064,-4782288,rest
53.7089,-8388608,rest
53.7139,-8388608,rest
53.7170,8388607,rest
53.7211,8388607,rest
53.7252,-3714036,rest
53.7314,8388608,rest
53.7335,-8388608,rest
53.7375,8388607,rest
53.7416,8388607,rest
53.7482,266,rest
53.7530,-8388608,rest
53.7548,-8388608,rest
53.7580,8388607,rest
53.7624,83860,rest
53.7641,138,rest
53.7671,8511,rest
53.7690,-838860,rest
53.7702,8,rest
53.7704,-8388608,rest
53.7744,8059983,rest
53.7797,838,rest
53.7834,-197537,rest
53.7873,-8388608,rest
53.7934,-8388608,rest
53.7949,7469077,rest
53.7994,8388607,rest
53.8030,903769,rest
53.8072,-8388608,rest
53.8113,-8388608,rest
53.8157,6827390,rest
53.8199,8388607,rest
53.8235,2117960,rest
53.8277,-8388608,rest
53.8325,-8388608,rest
53.8360,6129684,rest
53.8399,8388607,rest
53.8443,3236585,rest
53.8487,-8388608,rest
53.8537,-8388608,rest
53.8563,5320342,rest
53.8608,8388607,rest
53.8657,4308597,rest
53.8686,-8388608,rest
53.8727,-8388608,rest
53.8777,4420468,rest
53.8816,8388607,rest
53.8850,5232291,rest
53.8861,-,rest
53.8892,8388608,rest
53.8905,-838,rest
53.8934,8608,rest
53.8952,33750,rest
53.8983,62,rest
53.8991,8388607,rest
53.9014,5993671,rest
53.9054,-8388608,rest
53.9099,-8388608,rest
53.9144,2296936,rest
53.9178,8388607,rest
53.9218,6823544,rest
53.9260,-8388608,rest
53.9311,-8388608,rest
53.9341,1081100,rest
53.9382,8388607,rest
53.9423,7656567,rest
53.9482,8868,rest
53.9521,-8388608,rest
53.9555,-46060,rest
53.9587,8388607,rest
53.9630,3527,rest
53.9681,-8388608,rest
53.9712,-8388608,rest
53.9753,-1209012,rest
53.9809,386,rest
53.9842,8388607,rest
53.9881,-8388608,rest
53.9936,-8388608,rest
53.9957,-2306775,rest
54.0001,8388607,rest
54.0038,8388607,rest
54.0079,-8388608,rest
54.0089,-,rest
54.0140,3868-,rest
54.0177,3215492,rest
54.0186,83,rest
54.0213,88607,rest
54.0239,838860,rest
54.0243,7,rest
54.0255,-8388608,rest
54.0311,-886,rest
54.0358,-4011195,rest
54.0388,8388607,rest
54.0426,8388607,rest
54.0448,-8388608,rest
54.0499,-8388608,rest
54.0529,-4847228,rest
54.0570,8388607,rest
54.0612,8388607,rest
54.0667,-8388608,rest
54.0693,-8388608,rest
54.0734,-5645034,rest
54.0775,8388607,rest
54.0822,8388607,rest
54.0857,-8388608,rest
54.0898,-8388608,rest
54.0942,-6461609,rest
54.0985,8388607,rest
54.1020,8388607,rest
54.1061,-8015860,rest
54.1107,-8388608,rest
54.1151,-7233431,rest
54.1184,8388607,rest
54.1225,8388607,rest
54.1271,-7280460,rest
54.1317,-8388608,rest
54.1353,-7940433,rest
54.1389,8388607,rest
54.1440,8388607,rest
54.1462,-65,rest
54.1479,9504,rest
54.1500,-83886,rest
54.1514,08,rest
54.1532,-8388608,rest
54.1554,8388607,rest
54.1595,8388607,rest
54.1646,-5756254,rest
54.1688,-8388608,rest
54.1717,-8388608,rest
54.1758,8388607,rest
54.1814,3867,rest
54.1855,-4831088,rest
54.1924,-8388608,rest
54.1932,-8388608,rest
54.1965,380,rest
54.2008,8388607,rest
54.2073,-3816137,rest
54.2101,-8388608,rest
54.2130,-8388608,rest
54.2184,8388607,rest
54.2209,8388607,rest
54.2251,-2700148,rest
54.2293,838608,rest
54.2355,-8388608,rest
54.2380,8388607,rest
54.2413,8388607,rest
54.2477,150,rest
54.2519,-8388608,rest
54.2544,-8388608,rest
54.2577,8089399,rest
54.2623,37,rest
54.2627,-,rest
54.2662,343082,rest
54.2680,-,rest
54.2718,8388608,rest
54.2733,-83,rest
54.2741,88608,rest
54.2755,74912,rest
54.2783,07,rest
54.2792,3860,rest
54.2827,855495,rest
54.2869,-8388608,rest
54.2922,-8388608,rest
54.2948,6822052,rest
54.3000,8388607,rest
54.3028,2001809,rest
54.3068,-8388608,rest
54.3110,-8388608,rest
54.3166,6141718,rest
54.3192,8388607,rest
54.3232,3236505,rest
54.3275,-8388608,rest
54.3331,-8388608,rest
54.3355,5374775,rest
54.3396,8388607,rest
54.3441,4204111,rest
54.3497,-8388608,rest
54.3519,-8388608,rest
54.3560,4438916,rest
54.3605,8388607,rest
54.3644,5182655,rest
54.3683,-8388608,rest
54.3724,-8388608,rest
54.3774,3405340,rest
54.3813,8388607,rest
54.3847,6059087,rest
54.3888,-8388608,rest
54.3904,-,rest
54.3935,8388608,rest
54.3977,2171738,rest
54.3990,83,rest
54.4011,88607,rest
54.4021,68498,rest
54.4051,47,rest
54.4067,-8388608,rest
54.4094,-8388608,rest
54.4143,1050234,rest
54.4182,8388607,rest
54.4215,7680098,rest
54.4256,-8388608,rest
54.4301,880,rest
54.4353,-97139,rest
54.4390,8388607,rest
54.4440,8338017,rest
54.4466,-8388608,rest
54.4518,-8388608,rest
54.4543,-1255004,rest
54.4585,8388607,rest
54.4639,867,rest
54.4670,-8388608,rest
54.4721,-8388608,rest
54.4754,-2355419,rest
54.4790,8388607,rest
54.4835,8388607,rest
54.4871,-8388608,rest
54.4912,-8388608,rest
54.4968,-86,rest
54.5008,8388607,rest
54.5042,8388607,rest
54.5076,-8388608,rest
54.5122,-838868,rest
54.5162,-4126999,rest
54.5215,8388607,rest
54.5239,8388607,rest
54.5254,-8,rest
54.5282,388608,rest
54.5301,-838,rest
54.5326,608,rest
54.5360,-4871060,rest
54.5362,8388607,rest
54.5403,8388607,rest
54.5445,-8388608,rest
54.5503,-8388608,rest
54.5526,-5714038,rest
54.5567,8388607,rest
54.5609,8388607,rest
54.5659,-8388608,rest
54.5690,-8388608,rest
54.5731,-6479155,rest
54.5775,8388607,rest
54.5822,8388607,rest
54.5854,-8015860,rest
54.5895,-8388608,rest
54.5939,-7250128,rest
54.5985,8388607,rest
54.6018,8388607,rest
54.6059,-7309876,rest
54.6104,-8388608,rest
54.6149,-7926341,rest
54.6182,8388607,rest
54.6223,8388607,rest
54.6265,-6506547,rest
54.6330,-8388608,rest
54.6345,-8388608,rest
54.6386,8388607,rest
54.6431,8388607,rest
54.6440,-,rest
54.6475,5785869,rest
54.6491,-,rest
54.6509,8388608,rest
54.6521,-8,rest
54.6551,388608,rest
54.6561,8388,rest
54.6591,607,rest
54.6606,8388607,rest
54.6639,-4790260,rest
54.6682,-8388608,rest
54.6715,-8388608,rest
54.6755,8388607,rest
54.6817,38,rest
54.6874,-3782414,rest
54.6887,-8388608,rest
54.6919,-8388608,rest
54.6977,30,rest
54.7014,8388607,rest
54.7050,-2651022,rest
54.7085,-8388608,rest
54.7139,83880,rest
54.7177,8388607,rest
54.7213,8388607,rest
54.7247,-1413086,rest
54.7295,8868,rest
54.7340,-8388608,rest
54.7383,8059983,rest
54.7411,8388607,rest
54.7472,-36595,rest
54.7509,-8388608,rest
54.7548,-8388608,rest
54.7594,7435960,rest
54.7617,8388607,rest
54.7664,979039,rest
54.7708,-8388608,rest
54.7720,-,rest
54.7738,8388608,rest
54.7780,6803789,rest
54.7796,8,rest
54.7834,388607,rest
54.7847,2102,rest
54.7861,671,rest
54.7872,-838860,rest
54.7901,8,rest
54.7903,-8388608,rest
54.7943,6087271,rest
54.7993,8388607,rest
54.8024,3343083,rest
54.8065,-8388608,rest
54.8109,-8388608,rest
54.8162,5260460,rest
54.8188,8388607,rest
54.8229,4365821,rest
54.8274,-8388608,rest
54.8318,-8388608,rest
54.8352,4287423,rest
54.8393,8388607,rest
54.8439,5259925,rest
54.8480,-8388608,rest
54.8516,-8388608,rest
54.8557,3248542,rest
54.8603,8388607,rest
54.8645,6115556,rest
54.8680,-8388608,rest
54.8721,-8388608,rest
54.8762,2135667,rest
54.8822,8388607,rest
54.8844,6887298,rest
54.8885,-8388608,rest
54.8926,-8388608,rest
54.8968,384,rest
54.9015,8388607,rest
54.9060,7699020,rest
54.9074,-8,rest
54.9090,388608,rest
54.9105,-838,rest
54.9137,8608,rest
54.9157,-232760,rest
54.9174,8388607,rest
54.9214,8374375,rest
54.9253,-8388608,rest
54.9315,880,rest
54.9357,-1381274,rest
54.9381,8388607,rest
54.9418,8388607,rest
54.9461,838,rest
54.9505,-8388608,rest
54.9543,-2516000,rest
54.9581,8388607,rest
54.9624,3886,rest
54.9665,-8388608,rest
54.9723,-8388608,rest
54.9745,-3413769,rest
54.9790,83867,rest
54.9860,8388607,rest
54.9892,-8388608,rest
54.9909,-8388608,rest
54.9956,-422,rest
54.9997,8388607,rest
55.0042,8388607,rest
55.0085,-8388608,rest
55.0115,-8388608,rest
55.0167,-4960907,rest
55.0195,8388607,rest
55.0237,8388607,rest
55.0248,-,rest
55.0278,8388608,rest
55.0295,-,rest
55.0332,8388608,rest
55.0347,-,rest
55.0361,5860135,rest
55.0379,838,rest
55.0401,8607,rest
55.0415,838860,rest
55.0443,7,rest
55.0447,-8388608,rest
55.0493,-8388608,rest
55.0523,-6664206,rest
55.0564,8388607,rest
55.0606,8388607,rest
55.0667,-7898196,rest
55.0688,-8388608,rest
55.0729,-7385436,rest
55.0774,8388607,rest
55.0820,8388607,rest
55.0851,-7160267,rest
55.0892,-8388608,rest
55.0940,-8070759,rest
55.0980,8388607,rest
55.1014,8388607,rest
55.1056,-6368911,rest
55.1098,-8388608,rest
55.1146,-8388608,rest
55.1179,8388607,rest
55.1219,8388607,rest
55.1263,-5532027,rest
55.1305,88808,rest
55.1371,-8388608,rest
55.1402,8388607,rest
55.1425,8388607,rest
55.1468,894,rest
55.1511,-8388608,rest
55.1528,-,rest
55.1554,8388608,rest
55.1589,8388607,rest
55.1632,36,rest
55.1647,348,rest
55.1681,0204,rest
55.1699,-838860,rest
55.1711,8,rest
55.1712,-8388608,rest
55.1752,8388607,rest
55.1815,867,rest
55.1864,-2363534,rest
55.1901,-8388608,rest
55.1929,-8388608,rest
55.1962,8388607,rest
55.2009,8388607,rest
55.2039,-1123895,rest
55.2080,-8388608,rest
55.2123,86,rest
55.2172,7912903,rest
55.2244,8388607,rest
55.2252,7918,rest
55.2310,-8388,rest
55.2335,-8388608,rest
55.2369,7316963,rest
55.2408,8388607,rest
55.2455,11980,rest
55.2493,-8388608,rest
55.2539,-8388608,rest
55.2572,6642046,rest
55.2613,8388607,rest
55.2657,2374026,rest
55.2695,-8388608,rest
55.2735,-8388608,rest
55.2776,5894438,rest
55.2820,8388607,rest
55.2859,3558714,rest
55.2874,-,rest
55.2899,8388608,rest
55.2912,-838,rest
55.2941,8608,rest
55.2949,50797,rest
55.2980,00,rest
55.2998,8388607,rest
55.3022,4494525,rest
55.3063,-8388608,rest
55.3108,-8388608,rest
55.3151,4200235,rest
55.3185,8388607,rest
55.3227,5396953,rest
55.3273,-8388608,rest
55.3316,-8388608,rest
55.3349,3100119,rest
55.3391,8388607,rest
55.3437,6216507,rest
55.3483,-8388608,rest
55.3516,-8388608,rest
55.3554,2006706,rest
55.3596,8388607,rest
55.3641,7010385,rest
55.3677,-8388608,rest
55.3718,-8388608,rest
55.3759,848869,rest
55.3811,8388607,rest
55.3841,7793870,rest
55.3881,-8388608,rest
55.3924,-8388608,rest
55.3974,-327740,rest
55.4008,8388607,rest
55.4046,8388607,rest
55.4087,-8388608,rest
55.4098,-,rest
55.4139,8388608,rest
55.4155,-,rest
55.4169,1477192,rest
55.4185,83,rest
55.4209,88607,rest
55.4222,83886,rest
55.4250,07,rest
55.4268,-8388608,rest
55.4303,-8388608,rest
55.4339,-2580089,rest
55.4374,8388607,rest
55.4415,8388607,rest
55.4458,380,rest
55.4497,83808,rest
55.4541,-3513156,rest
55.4601,8388607,rest
55.4629,8388607,rest
55.4676,838,rest
55.4710,-8388608,rest
55.4763,-4291776,rest
55.4791,8388607,rest
55.4839,380,rest
55.4871,-8388608,rest
55.4939,-8388608,rest
55.4950,-5099624,rest
55.4994,8388607,rest
55.5031,8388607,rest
55.5070,-8388608,rest
55.5111,-8388608,rest
55.5166,-5938794,rest
55.5196,8388607,rest
55.5233,8388607,rest
55.5276,-8388608,rest
55.5324,-8388608,rest
55.5357,-6743905,rest
55.5397,8388607,rest
55.5441,8388607,rest
55.5455,-78,rest
55.5485,09948,rest
55.5508,-83886,rest
55.5520,08,rest
55.5530,-7467562,rest
55.5561,8388607,rest
55.5606,8388607,rest
55.5649,-7029559,rest
55.5684,-8388608,rest
55.5725,-8164123,rest
55.5769,8388607,rest
55.5825,8388607,rest
55.5848,-6261283,rest
55.5889,-8388608,rest
55.5934,-8388608,rest
55.5980,8388607,rest
55.6018,8388607,rest
55.6053,-5392718,rest
55.6094,-8388608,rest
55.6140,-8388608,rest
55.6190,8388607,rest
55.6216,8388607,rest
55.6258,-4456139,rest
55.6310,-8388608,rest
55.6339,-8388608,rest
55.6380,8388607,rest
55.6421,8388607,rest
55.6476,33822,rest
55.6518,-8388608,rest
55.6554,-8388608,rest
55.6585,8388607,rest
55.6646,3886,rest
55.6682,2263785,rest
55.6699,-,rest
55.6718,8388608,rest
55.6731,-83,rest
55.6749,88608,rest
55.6762,83886,rest
55.6806,8867,rest
55.6842,-1086824,rest
55.6885,-8388608,rest
55.6913,-8388608,rest
55.6957,8779,rest
55.7003,8388607,rest
55.7040,157089,rest
55.7107,-8388608,rest
55.7131,-8388608,rest
55.7161,269,rest
55.7203,8388607,rest
55.7260,1283528,rest
55.7287,-8388608,rest
55.7323,-8388608,rest
55.7374,6539248,rest
55.7404,8388607,rest
55.7447,2468442,rest
55.7496,-8388608,rest
55.7527,-8388608,rest
55.7568,5825555,rest
55.7610,8388607,rest
55.7670,3616697,rest
55.7691,-8388608,rest
55.7732,-8388608,rest
55.7774,4938484,rest
55.7832,8388607,rest
55.7855,4599675,rest
55.7896,-8388608,rest
55.7908,-,rest
55.7941,8388608,rest
55.7983,4024964,rest
55.7996,8,rest
55.8019,388607,rest
55.8034,5575,rest
55.8059,075,rest
55.8072,-8388608,rest
55.8107,-8388608,rest
55.8148,2912457,rest
55.8182,8388607,rest
55.8223,6407483,rest
55.8271,-8388608,rest
55.8316,-8388608,rest
55.8346,1704852,rest
55.8387,8388607,rest
55.8429,7186934,rest
55.8478,-8388608,rest
55.8510,-8388608,rest
55.8551,530181,rest
55.8592,8388607,rest
55.8646,8005251,rest
55.8674,-8388608,rest
55.8715,-8388608,rest
55.8756,-636378,rest
55.8799,3860,rest
55.8841,8388607,rest
55.8897,-8388608,rest
55.8920,-8388608,rest
55.8985,18269,rest
55.9027,8388607,rest
55.9062,8388607,rest
55.9084,-8388608,rest
55.9149,88,rest
55.9183,-2812259,rest
55.9212,8388607,rest
55.9264,8388607,rest
55.9280,-8,rest
55.9288,388608,rest
55.9304,-8388,rest
55.9340,608,rest
55.9354,-3698068,rest
55.9371,8388607,rest
55.9411,8388607,rest
55.9470,3888,rest
55.9510,-8388608,rest
55.9547,-4440466,rest
55.9580,8388607,rest
55.9616,8388607,rest
55.9669,-8388608,rest
55.9698,-8388608,rest
55.9738,-5341786,rest
55.9781,8388607,rest
55.9835,8388607,rest
55.9863,-8388608,rest
55.9902,-8388608,rest
55.9945,-6112050,rest
55.9995,8388607,rest
56.0026,8388607,rest
56.0066,-8236480,rest
56.0108,-8388608,rest
56.0166,-6895143,rest
56.0193,8388607,rest
56.0230,8388607,rest
56.0275,-7574620,rest
56.0319,-8388608,rest
56.0353,-7643599,rest
56.0394,8388607,rest
56.0439,8388607,rest
56.0451,-,rest
56.0479,6811852,rest
56.0494,-,rest
56.0517,8388608,rest
56.0533,-8,rest
56.0558,275333,rest
56.0570,8388,rest
56.0601,607,rest
56.0621,8388607,rest
56.0662,-5996808,rest
56.0682,-8388608,rest
56.0722,-8388608,rest
56.0765,8388607,rest
56.0817,8388607,rest
56.0847,-5155170,rest
56.0886,-8388608,rest
56.0927,-8388608,rest
56.0969,38867,rest
56.1015,8388607,rest
56.1070,-4124909,rest
56.1090,-8388608,rest
56.1154,838860,rest
56.1204,8388607,rest
56.1220,8388607,rest
56.1255,-2968821,rest
56.1298,83,rest
56.1347,-8388608,rest
56.1383,8388607,rest
56.1422,8388607,rest
56.1462,1,rest
56.1506,-8388608,rest
56.1556,-8388608,rest
56.1584,8265895,rest
56.1625,386,rest
56.1669,-640386,rest
56.1709,-8388608,rest
56.1726,-,rest
56.1765,8388608,rest
56.1788,7692283,rest
56.1798,8,rest
56.1832,388607,rest
56.1852,56685,rest
56.1869,0,rest
56.1881,-8388608,rest
56.1910,-8388608,rest
56.1957,702764,rest
56.1999,8388607,rest
56.2046,1760508,rest
56.2080,-8388608,rest
56.2127,-8388608,rest
56.2158,245,rest
56.2202,8388607,rest
56.2267,2954285,rest
56.2280,-8388608,rest
56.2335,83808,rest
56.2361,5533640,rest
56.2417,8388607,rest
56.2444,3993762,rest
56.2491,-8388608,rest
56.2525,-8388608,rest
56.2572,4607855,rest
56.2608,8388607,rest
56.2666,5007836,rest
56.2688,-8388608,rest
56.2728,-8388608,rest
56.2772,3559703,rest
56.2821,8388607,rest
56.2852,5897282,rest
56.2893,-8388608,rest
56.2939,-8388608,rest
56.2993,2424245,rest
56.3015,8388607,rest
56.3056,6686650,rest
56.3071,-8,rest
56.3100,388608,rest
56.3113,-8388,rest
56.3150,608,rest
56.3166,1286123,rest
56.3181,8388607,rest
56.3221,7525279,rest
56.3262,-8388608,rest
56.3318,36,rest
56.3347,107649,rest
56.3393,8388607,rest
56.3425,8156791,rest
56.3479,-8388608,rest
56.3525,-8388608,rest
56.3549,-1084779,rest
56.3589,8388607,rest
56.3648,388607,rest
56.3706,-8388608,rest
56.3721,-8388608,rest
56.3753,-2190598,rest
56.3810,30,rest
56.3854,8388607,rest
56.3883,-8388608,rest
56.3918,-8388608,rest
56.3960,3153,rest
56.4027,8388607,rest
56.4062,8388607,rest
56.4083,-8388608,rest
56.4124,-8608,rest
56.4165,-3978023,rest
56.4243,8388607,rest
56.4260,8388607,rest
56.4272,-,rest
56.4286,8388608,rest
56.4299,-,rest
56.4331,8388608,rest
56.4349,-4,rest
56.4368,738432,rest
56.4380,8388,rest
56.4409,607,rest
56.4424,8388607,rest
56.4477,-8388608,rest
56.4491,-8388608,rest
56.4532,-5584299,rest
56.4573,8388607,rest
56.4614,8388607,rest
56.4659,-8388608,rest
56.4695,-8388608,rest
56.4735,-6369901,rest
56.4778,8388607,rest
56.4825,8388607,rest
56.4859,-8104108,rest
56.4900,-8388608,rest
56.4942,-7114328,rest
56.4988,8388607,rest
56.5023,8388607,rest
56.5063,-7427540,rest
56.5108,-8388608,rest
56.5152,-7786061,rest
56.5186,8388607,rest
56.5227,8388607,rest
56.5273,-6654850,rest
56.5317,-8388608,rest
56.5351,-8388608,rest
56.5391,8388607,rest
56.5438,8388607,rest
56.5486,-5877185,rest
56.5517,-8388608,rest
56.5530,-,rest
56.5555,8388608,rest
56.5601,8388607,rest
56.5642,8388607,rest
56.5659,-495,rest
56.5679,3242,rest
56.5691,-838860,rest
56.5718,8,rest
56.5719,-8388608,rest
56.5760,8388607,rest
56.5824,388607,rest
56.5849,-3974813,rest
56.5903,-8388608,rest
56.5965,-8388608,rest
56.5975,8388607,rest
56.6008,360,rest
56.6050,-2832830,rest
56.6092,-8388608,rest
56.6145,-8388608,rest
56.6173,60,rest
56.6217,8388607,rest
56.6293,-1653175,rest
56.6299,-8388608,rest
56.6336,83808,rest
56.6411,8148231,rest
56.6435,8388607,rest
56.6492,-410698,rest
56.6509,-8388608,rest
56.6540,8388,rest
56.6598,7574619,rest
56.6644,8388607,rest
56.6675,762788,rest
56.6709,-8388608,rest
56.6765,8380,rest
56.6809,6885431,rest
56.6843,8388607,rest
56.6872,1912,rest
56.6887,-,rest
56.6914,388608,rest
56.6944,-838,rest
56.6969,8608,rest
56.6985,622635,rest
56.6990,3,rest
56.6996,8388607,rest
56.7035,3116310,rest
56.7071,-8388608,rest
56.7114,-8388608,rest
56.7166,5450111,rest
56.7193,8388607,rest
56.7234,4091294,rest
56.7275,-8388608,rest
56.7330,-8388608,rest
56.7358,4539172,rest
56.7399,8388607,rest
56.7440,5054227,rest
56.7488,-8388608,rest
56.7527,-8388608,rest
56.7562,3502275,rest
56.7606,8388607,rest
56.7660,5886190,rest
56.7686,-8388608,rest
56.7727,-8388608,rest
56.7772,2394905,rest
56.7815,8388607,rest
56.7849,6697764,rest
56.7889,-8388608,rest
56.7935,-8388608,rest
56.7978,1291153,rest
56.8012,8388607,rest
56.8053,7522588,rest
56.8098,-8388608,rest
56.8110,-,rest
56.8146,8388608,rest
56.8158,1,rest
56.8176,01973,rest
56.8189,838,rest
56.8217,8607,rest
56.8226,823724,rest
56.8258,6,rest
56.8271,-8388608,rest
56.8315,-8388608,rest
56.8358,-1055742,rest
56.8382,8388607,rest
56.8423,8388607,rest
56.8486,868,rest
56.8507,-8388608,rest
56.8558,-2146333,rest
56.8610,8388607,rest
56.8630,8388607,rest
56.8675,-8388608,rest
56.8714,-8388608,rest
56.8750,-3152630,rest
56.8794,37,rest
56.8849,8388607,rest
56.8883,-8388608,rest
56.8915,-8388608,rest
56.8959,360,rest
56.9000,8388607,rest
56.9049,8388607,rest
56.9079,-8388608,rest
56.9142,-860,rest
56.9162,-4718674,rest
56.9224,8388607,rest
56.9241,8388607,rest
56.9310,-838868,rest
56.9362,-8388608,rest
56.9370,-5623992,rest
56.9420,8388607,rest
56.9446,8388607,rest
56.9463,-83,rest
56.9498,88608,rest
56.9516,-83886,rest
56.9528,08,rest
56.9541,-6350073,rest
56.9570,8388607,rest
56.9610,8388607,rest
56.9658,-8074692,rest
56.9692,-8388608,rest
56.9733,-7169946,rest
56.9778,8388607,rest
56.9824,8388607,rest
56.9859,-7456956,rest
56.9897,-8388608,rest
56.9943,-7845405,rest
56.9989,8388607,rest
57.0024,8388607,rest
57.0060,-6642253,rest
57.0104,-8388608,rest
57.0149,-8388608,rest
57.0183,8388607,rest
57.0224,8388607,rest
57.0272,-5872690,rest
57.0317,-8388608,rest
57.0348,-8388608,rest
57.0388,8388607,rest
57.0433,8388607,rest
57.0483,-5031422,rest
57.0511,-8388608,rest
57.0552,-8388608,rest
57.0593,8388607,rest
57.0642,8388607,rest
57.0661,-,rest
57.0675,3935243,rest
57.0688,-,rest
57.0716,8388608,rest
57.0731,-83,rest
57.0757,88608,rest
57.0769,83886,rest
57.0797,7,rest
57.0817,860,rest
57.0871,-2875384,rest
57.0897,-8388608,rest
57.0952,-8388608,rest
57.0962,8388607,rest
57.1008,8388607,rest
57.1044,-1676702,rest
57.1085,-8388608,rest
57.1128,83886,rest
57.1173,8148231,rest
57.1230,8388607,rest
57.1249,-422942,rest
57.1291,83886,rest
57.1340,-8388608,rest
57.1394,7574619,rest
57.1414,8388607,rest
57.1456,650140,rest
57.1500,-8388608,rest
57.1535,-8388608,rest
57.1576,6898884,rest
57.1645,80,rest
57.1662,1954094,rest
57.1722,-8388608,rest
57.1740,-8388608,rest
57.1782,6242528,rest
57.1836,8388607,rest
57.1862,3134104,rest
57.1905,-8388608,rest
57.1924,-,rest
57.1945,8388608,rest
57.2001,5428642,rest
57.2003,83,rest
57.2027,88607,rest
57.2043,41902,rest
57.2069,29,rest
57.2087,-8388608,rest
57.2112,-8388608,rest
57.2162,4514806,rest
57.2197,8388607,rest
57.2232,5082481,rest
57.2276,-8388608,rest
57.2320,-8388608,rest
57.2355,3490760,rest
57.2394,8388607,rest
57.2439,5903106,rest
57.2482,-8388608,rest
57.2523,-8388608,rest
57.2559,2410073,rest
57.2607,8388607,rest
57.2652,6726163,rest
57.2688,-8388608,rest
57.2724,-8388608,rest
57.2768,1217046,rest
57.2814,8388607,rest
57.2848,7504675,rest
57.2887,-8388608,rest
57.2928,-8388608,rest
57.2979,89603,rest
57.3010,8388607,rest
57.3050,8229246,rest
57.3092,-8388608,rest
57.3135,83888,rest
57.3180,-960368,rest
57.3232,8388607,rest
57.3256,8388607,rest
57.3270,-83,rest
57.3304,88608,rest
57.3319,-8388,rest
57.3337,608,rest
57.3349,-2184451,rest
57.3378,8388607,rest
57.3419,8388607,rest
57.3473,-368,rest
57.3507,-8388608,rest
57.3544,-3148368,rest
57.3584,8388607,rest
57.3637,87,rest
57.3678,-8388608,rest
57.3710,-8388608,rest
57.3750,-3940888,rest
57.3804,3807,rest
57.3845,8388607,rest
57.3878,-8388608,rest
57.3911,-8388608,rest
57.3969,-47518,rest
57.3997,8388607,rest
57.4049,8388607,rest
57.4074,-8388608,rest
57.4120,-83888,rest
57.4165,-5520867,rest
57.4213,8388607,rest
57.4238,8388607,rest
57.4280,-8388608,rest
57.4341,-8388608,rest
57.4361,-6360137,rest
57.4402,8388607,rest
57.4443,8388607,rest
57.4455,-,rest
57.4494,8148232,rest
57.4515,-,rest
57.4525,8388608,rest
57.4537,-7,rest
57.4566,109523,rest
57.4578,8388,rest
57.4607,607,rest
57.4622,8388607,rest
57.4661,-7427540,rest
57.4694,-8388608,rest
57.4729,-7829113,rest
57.4775,8388607,rest
57.4826,8388607,rest
57.4855,-6708704,rest
57.4894,-8388608,rest
57.4942,-8388608,rest
57.4981,8388607,rest
57.5016,8388607,rest
57.5058,-5939507,rest
57.5101,-8388608,rest
57.5146,3868,rest
57.5189,8388607,rest
57.5224,8388607,rest
57.5281,-5028885,rest
57.5308,-83808,rest
57.5350,-8388608,rest
57.5397,8388607,rest
57.5426,8388607,rest
57.5470,4052,rest
57.5512,-8388608,rest
57.5576,-8388608,rest
57.5590,8388607,rest
57.5653,38867,rest
57.5699,-2944326,rest
57.5720,-8388608,rest
57.5738,-,rest
57.5755,8388608,rest
57.5798,3867,rest
57.5801,8,rest
57.5842,388607,rest
57.5869,-179,rest
57.5894,4203,rest
57.5937,-8388608,rest
57.5943,-8388608,rest
57.5959,8221771,rest
57.6005,8388607,rest
57.6040,-657740,rest
57.6081,-8388608,rest
57.6147,3868,rest
57.6194,7677575,rest
57.6238,8388607,rest
57.6259,551534,rest
57.6312,-8388608,rest
57.6343,-8388608,rest
57.6368,6998812,rest
57.6410,8388607,rest
57.6469,16789,rest
57.6511,-8388608,rest
57.6544,-8388608,rest
57.6573,6373264,rest
57.6618,8388607,rest
57.6670,2824159,rest
57.6696,-8388608,rest
57.6736,-8388608,rest
57.6778,5601737,rest
57.6824,8388607,rest
57.6862,3943088,rest
57.6900,-8388608,rest
57.6942,-8388608,rest
57.6998,4751334,rest
57.7024,8388607,rest
57.7065,4933074,rest
57.7081,-,rest
57.7108,8388608,rest
57.7124,-838,rest
57.7155,8608,rest
57.7177,378010,rest
57.7187,7,rest
57.7188,8388607,rest
57.7229,5732663,rest
57.7274,-8388608,rest
57.7317,-8388608,rest
57.7351,2600036,rest
57.7392,8388607,rest
57.7439,6537252,rest
57.7483,-8388608,rest
57.7519,-8388608,rest
57.7556,1484077,rest
57.7605,8388607,rest
57.7645,7326381,rest
57.7681,-8388608,rest
57.7719,-8388608,rest
57.7761,278517,rest
57.7808,8388607,rest
57.7842,8100754,rest
57.7884,-8388608,rest
57.7925,-8388608,rest
57.7985,69963,rest
57.8012,8388607,rest
57.8068,8388607,rest
57.8093,-8388608,rest
57.8132,86,rest
57.8183,8969,rest
57.8232,8388607,rest
57.8269,8388607,rest
57.8285,-,rest
57.8294,8388608,rest
57.8306,-,rest
57.8346,8388608,rest
57.8359,-,rest
57.8375,2966678,rest
57.8389,838,rest
57.8416,8607,rest
57.8426,838860,rest
57.8461,608,rest
57.8507,-8388608,rest
57.8539,-3796357,rest
57.8581,8388607,rest
57.8641,386,rest
57.8708,-8388608,rest
57.8713,-8388608,rest
57.8745,-4532735,rest
57.8803,8867,rest
57.8829,8388607,rest
57.8869,-8388608,rest
57.8912,-8388608,rest
57.8957,-5345676,rest
57.8992,386,rest
57.9034,8388607,rest
57.9073,-8388608,rest
57.9120,-8388608,rest
57.9167,-6151801,rest
57.9196,8388607,rest
57.9245,8388607,rest
57.9283,-8310020,rest
57.9330,-8388608,rest
57.9364,-6953211,rest
57.9399,8388607,rest
57.9441,8388607,rest
57.9488,-7633452,rest
57.9522,-8388608,rest
57.9563,-7675529,rest
57.9607,8388607,rest
57.9662,8388607,rest
57.9678,-689,rest
57.9685,0240,rest
57.9703,-838860,rest
57.9726,8,rest
57.9739,-8310849,rest
57.9773,8388607,rest
57.9817,8388607,rest
57.9860,-6103876,rest
57.9890,-8388608,rest
57.9938,-8388608,rest
58.0003,8388607,rest
58.0019,8388607,rest
58.0055,-5251853,rest
58.0105,-8388608,rest
58.0141,-8388608,rest
58.0187,8388607,rest
58.0220,8388607,rest
58.0260,-4345317,rest
58.0311,-8388608,rest
58.0341,-8388608,rest
58.0381,8388607,rest
58.0423,8388607,rest
58.0479,-3247103,rest
58.0505,-8388608,rest
58.0546,-8388608,rest
58.0587,8388607,rest
58.0641,3860,rest
58.0674,-2101590,rest
58.0713,-8388608,rest
58.0759,-8388608,rest
58.0808,513,rest
58.0865,8388607,rest
58.0883,-962180,rest
58.0897,-,rest
58.0917,8388608,rest
58.0930,-83,rest
58.0968,868793,rest
58.0997,3,rest
58.1020,8388607,rest
58.1058,96598,rest
58.1079,-8388608,rest
58.1136,8868,rest
58.1176,7269854,rest
58.1204,8388607,rest
58.1267,1253456,rest
58.1284,-8388608,rest
58.1326,-8388608,rest
58.1370,6569839,rest
58.1406,8388607,rest
58.1448,2460200,rest
58.1501,-8388608,rest
58.1530,-8388608,rest
58.1570,5924350,rest
58.1611,8388607,rest
58.1667,3552936,rest
58.1693,-8388608,rest
58.1735,-8388608,rest
58.1775,5055035,rest
58.1834,8388607,rest
58.1859,4491218,rest
58.1898,-8388608,rest
58.1944,-8388608,rest
58.1984,4155124,rest
58.2028,8388607,rest
58.2062,5439959,rest
58.2108,-8388608,rest
58.2111,-,rest
58.2173,8388608,rest
58.2184,3127470,rest
58.2194,83,rest
58.2225,88607,rest
58.2238,6190,rest
58.2272,094,rest
58.2291,-8388608,rest
58.2348,-8388608,rest
58.2349,2004793,rest
58.2389,8388607,rest
58.2438,7009365,rest
58.2478,-8388608,rest
58.2525,-8388608,rest
58.2552,838018,rest
58.2595,8388607,rest
58.2647,7787089,rest
58.2676,-8388608,rest
58.2717,-8388608,rest
58.2758,-299348,rest
58.2802,3860,rest
58.2857,8388607,rest
58.2893,-8388608,rest
58.2927,-8388608,rest
58.2978,14500,rest
58.3037,8388607,rest
58.3055,8388607,rest
58.3086,-8388608,rest
58.3131,8868,rest
58.3177,-2494428,rest
58.3237,8388607,rest
58.3250,8388607,rest
58.3293,886,rest
58.3340,-8388608,rest
58.3387,-3428557,rest
58.3415,8388607,rest
58.3458,86,rest
58.3508,388608,rest
58.3522,-8388,rest
58.3537,608,rest
58.3553,-4209505,rest
58.3578,8388607,rest
58.3623,86,rest
58.3668,-8388608,rest
58.3720,-8388608,rest
58.3741,-5014776,rest
58.3788,8388607,rest
58.3834,8388607,rest
58.3864,-8388608,rest
58.3905,-8388608,rest
58.3947,-5846346,rest
58.3995,8388607,rest
58.4027,8388607,rest
58.4068,-8388608,rest
58.4110,-8388608,rest
58.4165,-6561776,rest
58.4191,8388607,rest
58.4232,8388607,rest
58.4275,-7898196,rest
58.4322,-8388608,rest
58.4355,-7342101,rest
58.4396,8388607,rest
58.4440,8388607,rest
58.4482,-7254075,rest
58.4522,-8388608,rest
58.4560,-8039346,rest
58.4606,8388607,rest
58.4644,8388607,rest
58.4663,-,rest
58.4682,6436704,rest
58.4695,-,rest
58.4724,8388608,rest
58.4740,-8,rest
58.4770,388608,rest
58.4789,8388,rest
58.4814,607,rest
58.4841,8388607,rest
58.4848,-5662033,rest
58.4888,-8388608,rest
58.4931,-8388608,rest
58.4983,8388607,rest
58.5010,8388607,rest
58.5052,-4708927,rest
58.5093,-8388608,rest
58.5134,8388608,rest
58.5187,8388607,rest
58.5215,8388607,rest
58.5257,-3665871,rest
58.5300,838,rest
58.5347,-8388608,rest
58.5394,8388607,rest
58.5433,8388607,rest
58.5482,25,rest
58.5526,-8388608,rest
58.5573,-8388608,rest
58.5587,8388607,rest
58.5627,307,rest
58.5698,-1282581,rest
58.5722,-8388608,rest
58.5749,-8388608,rest
58.5792,00151,rest
58.5843,8388607,rest
58.5881,-139042,rest
58.5934,-8388608,rest
58.5956,-8388608,rest
58.6005,7419557,rest
58.6030,8,rest
58.6034,388607,rest
58.6046,9991,rest
58.6075,99,rest
58.6089,-838860,rest
58.6116,8,rest
58.6144,-8388608,rest
58.6165,6751440,rest
58.6199,8388607,rest
58.6240,2158751,rest
58.6288,-838868,rest
58.6341,-8388608,rest
58.6369,6081110,rest
58.6412,8388607,rest
58.6445,3255675,rest
58.6507,-8388608,rest
58.6526,-8388608,rest
58.6566,5299563,rest
58.6608,8388607,rest
58.6651,4308290,rest
58.6690,-8388608,rest
58.6731,-8388608,rest
58.6775,4383521,rest
58.6828,8388607,rest
58.6853,5197144,rest
58.6894,-8388608,rest
58.6940,-8388608,rest
58.6998,3361862,rest
58.7017,8388607,rest
58.7058,6055843,rest
58.7103,-8388608,rest
58.7144,-8388608,rest
58.7183,2210149,rest
58.7223,8388607,rest
58.7268,6817827,rest
58.7278,-,rest
58.7308,3868,rest
58.7318,-838,rest
58.7347,8608,rest
58.7375,998135,rest
58.7387,8388607,rest
58.7429,7645419,rest
58.7484,-8388608,rest
58.7509,-8388608,rest
58.7550,-90281,rest
58.7591,8388607,rest
58.7639,8362320,rest
58.7680,-8388608,rest
58.7715,-8388608,rest
58.7754,-1262190,rest
58.7818,3607,rest
58.7848,8388607,rest
58.7899,-8388608,rest
58.7919,-8388608,rest
58.7962,2,rest
58.8015,8388607,rest
58.8056,8388607,rest
58.8083,-8388608,rest
58.8147,8608,rest
58.8192,-3309516,rest
58.8224,8388607,rest
58.8246,8388607,rest
58.8290,8386,rest
58.8341,-8388608,rest
58.8374,-4116974,rest
58.8425,8388607,rest
58.8458,8388607,rest
58.8476,-,rest
58.8495,3808,rest
58.8507,-,rest
58.8546,388608,rest
58.8578,-4974122,rest
58.8596,838,rest
58.8636,8607,rest
58.8656,8388607,rest
58.8660,-8388608,rest
58.8703,-8388608,rest
58.8738,-5763444,rest
58.8780,8388607,rest
58.8837,8388607,rest
58.8860,-8388608,rest
58.8902,-8388608,rest
58.8943,-6550604,rest
58.8986,8388607,rest
58.9024,8388607,rest
58.9066,-7971736,rest
58.9109,-8388608,rest
58.9151,-7289363,rest
58.9194,8388607,rest
58.9229,8388607,rest
58.9276,-7309876,rest
58.9322,-8388608,rest
58.9358,-7942839,rest
58.9393,8388607,rest
58.9442,8388607,rest
58.9489,-6564238,rest
58.9516,-8388608,rest
58.9557,-8388608,rest
58.9602,8388607,rest
58.9648,8388607,rest
58.9680,-5783478,rest
58.9721,-8388608,rest
58.9738,-,rest
58.9762,8388608,rest
58.9814,8388607,rest
58.9844,8388607,rest
58.9854,-485,rest
58.9885,8418,rest
58.9900,-838860,rest
58.9925,8,rest
58.9934,-8388608,rest
58.9981,8388607,rest
59.0008,8388607,rest
59.0049,-3784847,rest
59.0089,-8388608,rest
59.0132,8388,rest
59.0179,8388607,rest
59.0229,8388607,rest
59.0253,-2716825,rest
59.0297,83,rest
59.0346,-8388608,rest
59.0403,8388607,rest
59.0418,8388607,rest
59.0460,303,rest
59.0512,-8388608,rest
59.0545,-8388608,rest
59.0606,8059983,rest
59.0626,8388607,rest
59.0671,-252586,rest
59.0705,-8388608,rest
59.0744,-8388608,rest
59.0789,74363,rest
59.0842,8388607,rest
59.0876,865110,rest
59.0916,-8388608,rest
59.0950,-8388608,rest
59.1000,6796417,rest
59.1031,8388607,rest
59.1072,2052984,rest
59.1087,-,rest
59.1114,8388608,rest
59.1126,-838,rest
59.1165,8608,rest
59.1181,612360,rest
59.1195,9,rest
59.1196,8388607,rest
59.1236,3199428,rest
59.1282,-8388608,rest
59.1335,-8388608,rest
59.1360,5283231,rest
59.1400,8388607,rest
59.1443,4249596,rest
59.1486,-8388608,rest
59.1524,-8388608,rest
59.1565,4368867,rest
59.1609,8388607,rest
59.1649,5239270,rest
59.1687,-8388608,rest
59.1728,-8388608,rest
59.1771,3277277,rest
59.1815,8388607,rest
59.1851,6048530,rest
59.1892,-8388608,rest
59.1938,-8388608,rest
59.1978,2225642,rest
59.2015,8388607,rest
59.2056,6833076,rest
59.2096,-8388608,rest
59.2144,-8388608,rest
59.2178,1089627,rest
59.2219,8388607,rest
59.2263,7627261,rest
59.2308,-8388608,rest
59.2323,-,rest
59.2342,8388608,rest
59.2352,-9,rest
59.2383,3244,rest
59.2398,838,rest
59.2423,8607,rest
59.2435,83193,rest
59.2465,1,rest
59.2485,88868,rest
59.2521,-8388608,rest
59.2548,-1183945,rest
59.2587,8388607,rest
59.2651,387,rest
59.2686,-8388608,rest
59.2714,-8388608,rest
59.2752,-2340712,rest
59.2794,38867,rest
59.2836,8388607,rest
59.2875,-8388608,rest
59.2928,-8388608,rest
59.2959,387,rest
59.3003,8388607,rest
59.3058,8388607,rest
59.3079,-8388608,rest
59.3123,8388,rest
59.3170,-4074166,rest
59.3215,8388607,rest
59.3243,8388607,rest
59.3289,-3608,rest
59.3335,-8388608,rest
59.3376,-4862205,rest
59.3409,8388607,rest
59.3454,8388607,rest
59.3497,-8388608,rest
59.3533,-8388608,rest
59.3571,-5703897,rest
59.3614,8388607,rest
59.3665,8388607,rest
59.3683,-83,rest
59.3694,88608,rest
59.3706,-83886,rest
59.3734,08,rest
59.3750,-6493551,rest
59.3776,8388607,rest
59.3832,8388607,rest
59.3857,-8015860,rest
59.3898,-8388608,rest
59.3941,-7253315,rest
59.3993,8388607,rest
59.4021,8388607,rest
59.4062,-7368708,rest
59.4107,-8388608,rest
59.4163,-7940529,rest
59.4185,8388607,rest
59.4226,8388607,rest
59.4268,-6583105,rest
59.4314,-8388608,rest
59.4349,-8388608,rest
59.4390,8388607,rest
59.4432,8388607,rest
59.4480,-5800799,rest
59.4519,-8388608,rest
59.4554,-8388608,rest
59.4597,8388607,rest
59.4644,8388607,rest
59.4686,-4797628,rest
59.4718,-8388608,rest
59.4762,-8388608,rest
59.4809,8388607,rest
59.4840,8388607,rest
59.4851,-,rest
59.4881,3811165,rest
59.4892,-,rest
59.4922,8388608,rest
59.4938,-83,rest
59.4982,860886,rest
59.5005,7,rest
59.5030,8388607,rest
59.5060,-2677784,rest
59.5086,-8388608,rest
59.5130,838868,rest
59.5176,8388607,rest
59.5217,8388607,rest
59.5251,-1469680,rest
59.5314,8360,rest
59.5350,-8388608,rest
59.5374,8045275,rest
59.5415,8388607,rest
59.5476,34,rest
59.5514,-8388608,rest
59.5539,-8388608,rest
59.5578,7515787,rest
59.5621,838867,rest
59.5675,827549,rest
59.5700,-8388608,rest
59.5742,-8388608,rest
59.5786,685137,rest
59.5829,8388607,rest
59.5880,1990987,rest
59.5906,-8388608,rest
59.5947,-8388608,rest
59.6003,6118194,rest
59.6028,8388607,rest
59.6069,3189169,rest
59.6112,-8388608,rest
59.6127,-,rest
59.6161,8388608,rest
59.6192,5384498,rest
59.6204,8,rest
59.6233,388607,rest
59.6235,4189,rest
59.6277,737,rest
59.6294,-8388608,rest
59.6327,-8388608,rest
59.6356,4450042,rest
59.6397,8388607,rest
59.6440,5111574,rest
59.6484,-8388608,rest
59.6520,-8388608,rest
59.6560,3383164,rest
59.6611,8388607,rest
59.6651,5997924,rest
59.6684,-8388608,rest
59.6724,-8388608,rest
59.6766,2289355,rest
59.6812,8388607,rest
59.6847,6770446,rest
59.6888,-8388608,rest
59.6929,-8388608,rest
59.6976,1137687,rest
59.7011,8388607,rest
59.7052,7571690,rest
59.7093,-8388608,rest
59.7141,-8388608,rest
59.7175,78203,rest
59.7216,8388607,rest
59.7258,8227724,rest
59.7301,8860,rest
59.7344,-8388608,rest
59.7396,-1100508,rest
59.7423,8388607,rest
59.7463,8388607,rest
59.7478,-8,rest
59.7507,388608,rest
59.7531,-8388,rest
59.7544,608,rest
59.7553,-2269418,rest
59.7585,8388607,rest
59.7628,3867,rest
59.7670,-8388608,rest
59.7713,-8388608,rest
59.7754,-3256693,rest
59.7793,8388607,rest
59.7841,8388607,rest
59.7871,-8388608,rest
59.7912,-8388608,rest
59.7956,40584,rest
59.8003,8388607,rest
59.8037,8388607,rest
59.8084,-8388608,rest
59.8118,-8388608,rest
59.8164,-4836742,rest
59.8199,8388607,rest
59.8240,8388607,rest
59.8284,-8388608,rest
59.8332,-8388608,rest
59.8363,-5708524,rest
59.8404,8388607,rest
59.8445,8388607,rest
59.8502,-8388608,rest
59.8527,-8388608,rest
59.8568,-6483859,rest
59.8612,8388607,rest
59.8668,8388607,rest
59.8680,-,rest
59.8690,8045276,rest
59.8702,-,rest
59.8731,8388608,rest
59.8751,-7,rest
59.8777,284998,rest
59.8793,8388,rest
59.8817,607,rest
59.8836,8388607,rest
59.8855,-7322389,rest
59.8895,-8388608,rest
59.8939,-7968845,rest
59.8982,8388607,rest
59.9018,8388607,rest
59.9059,-6523353,rest
59.9103,-8388608,rest
59.9151,-8388608,rest
59.9182,8388607,rest
59.9223,8388607,rest
59.9266,-5756361,rest
59.9321,886,rest
59.9363,-8388608,rest
59.9392,8388607,rest
59.9431,8388607,rest
59.9480,-4848662,rest
59.9510,-8388608,rest
59.9550,-8388608,rest
59.9591,8388607,rest
59.9645,8388607,rest
59.9676,-3790485,rest
59.9715,-8388608,rest
59.9756,-8388608,rest
59.9809,380,rest
59.9851,8388607,rest
59.9889,-2685029,rest
59.9919,-8388608,rest
59.9935,-,rest
59.9980,386,rest
60.0017,8388607,rest
60.0033,8,rest
60.0045,388607,rest
60.0069,-143,rest
60.0083,1180,rest
60.0099,-838860,rest
60.0144,-836,rest
60.0184,8045275,rest
60.0236,8388607,rest
60.0258,-274118,rest
60.0292,-8388608,rest
60.0343,-8388608,rest
60.0379,7432553,rest
60.0411,8388607,rest
60.0455,9412,rest
60.0500,-8388608,rest
60.0536,-8388608,rest
60.0579,6746361,rest
60.0616,8388607,rest
60.0663,2093710,rest
60.0697,-8388608,rest
60.0738,-8388608,rest
60.0780,6015453,rest
60.0832,8388607,rest
60.0861,3315985,rest
60.0902,-8388608,rest
60.0945,-8388608,rest
60.0995,5244106,rest
60.1025,8388607,rest
60.1066,4379259,rest
60.1108,-8388608,rest
60.1150,-8388608,rest
60.1189,4209286,rest
60.1230,8388607,rest
60.1273,5308616,rest
60.1289,-8,rest
60.1323,388608,rest
60.1342,-838,rest
60.1352,8608,rest
60.1365,316967,rest
60.1393,2,rest
60.1395,8388607,rest
60.1441,6098283,rest
60.1479,-8388608,rest
60.1517,-8388608,rest
60.1557,2029467,rest
60.1602,8388607,rest
60.1650,6932644,rest
60.1684,-8388608,rest
60.1722,-8388608,rest
60.1762,876289,rest
60.1806,8388607,rest
60.1849,7745137,rest
60.1885,-8388608,rest
60.1927,-8388608,rest
60.1993,254360,rest
60.2009,8388607,rest
60.2049,8388607,rest
60.2091,-8388608,rest
60.2145,-8388608,rest
60.2175,-1476815,rest
60.2213,8388607,rest
60.2254,8388607,rest
60.2316,-8388608,rest
60.2341,-8388608,rest
60.2378,-2532839,rest
60.2418,8388607,rest
60.2475,3886-,rest
60.2520,8388608,rest
60.2542,-,rest
60.2548,8388608,rest
60.2554,-,rest
60.2582,3467094,rest
60.2601,838,rest
60.2624,67,rest
60.2632,3860,rest
60.2667,7,rest
60.2682,-8388608,rest
60.2705,-8388608,rest
60.2746,-4251464,rest
60.2789,8867,rest
60.2860,8388607,rest
60.2893,-8388608,rest
60.2910,-8388608,rest
60.2971,-50293,rest
60.2999,8388607,rest
60.3033,8388607,rest
60.3074,-8388608,rest
60.3115,-8388608,rest
60.3175,-5831356,rest
60.3197,8388607,rest
60.3237,8388607,rest
60.3279,-8388608,rest
60.3323,-8388608,rest
60.3360,-6661569,rest
60.3400,8388607,rest
60.3443,8388607,rest
60.3488,-7839364,rest
60.3525,-8388608,rest
60.3565,-7431284,rest
60.3607,8388607,rest
60.3650,8388607,rest
60.3687,-7134882,rest
60.3729,-8388608,rest
60.3772,-8085254,rest
60.3812,8388607,rest
60.3852,8388607,rest
60.3867,-63,rest
60.3893,81920,rest
60.3908,-83886,rest
60.3936,08,rest
60.3953,-8388608,rest
60.3983,8388607,rest
60.4018,8388607,rest
60.4056,-5528647,rest
60.4102,-8388608,rest
60.4152,-8388608,rest
60.4186,8388607,rest
60.4220,8388607,rest
60.4268,-4596270,rest
60.4315,-8388608,rest
60.4347,-8388608,rest
60.4384,8388607,rest
60.4425,8388607,rest
60.4474,-3567577,rest
60.4510,-8388608,rest
60.4550,-8388608,rest
60.4589,8388607,rest
60.4632,380,rest
60.4677,-2383028,rest
60.4717,-8388608,rest
60.4753,-8388608,rest
60.4811,367,rest
60.4846,8388607,rest
60.4879,-1160096,rest
60.4917,-8388608,rest
60.4977,838808,rest
60.5017,7927611,rest
60.5042,8388607,rest
60.5054,-,rest
60.5080,37807,rest
60.5092,-,rest
60.5140,88,rest
60.5173,8608,rest
60.5191,72956,rest
60.5206,77,rest
60.5225,8388607,rest
60.5246,1170324,rest
60.5285,-8388608,rest
60.5340,-8388608,rest
60.5367,6617601,rest
60.5408,8388607,rest
60.5454,22999,rest
60.5500,-8388608,rest
60.5540,-8388608,rest
60.5594,5932111,rest
60.5624,8388607,rest
60.5656,3497966,rest
60.5696,83868,rest
60.5739,-8388608,rest
60.5776,5085836,rest
60.5824,8388607,rest
60.5867,4515227,rest
60.5899,-8388608,rest
60.5941,-8388608,rest
60.5988,4099549,rest
60.6022,8388607,rest
60.6063,5447585,rest
60.6106,-8388608,rest
60.6151,-8388608,rest
60.6191,2994428,rest
60.6227,8388607,rest
60.6272,6289029,rest
60.6322,-8388608,rest
60.6335,-,rest
60.6350,8388608,rest
60.6391,1793281,rest
60.6402,83,rest
60.6438,88607,rest
60.6454,71157,rest
60.6477,11,rest
60.6499,-8388608,rest
60.6514,-8388608,rest
60.6554,660687,rest
60.6596,8388607,rest
60.6645,7896826,rest
60.6687,-8388608,rest
60.6719,-8388608,rest
60.6760,-485783,rest
60.6803,8388607,rest
60.6841,8388607,rest
60.6882,-8388608,rest
60.6924,-8388608,rest
60.6972,160,rest
60.7017,8388607,rest
60.7064,8388607,rest
60.7088,-8388608,rest
60.7146,-8388608,rest
60.7185,-2717987,rest
60.7210,8388607,rest
60.7251,8388607,rest
60.7295,83880,rest
60.7341,-8388608,rest
60.7389,-3691315,rest
60.7443,8388607,rest
60.7464,8388607,rest
60.7499,8380,rest
60.7546,-8388608,rest
60.7581,-4441527,rest
60.7630,8388607,rest
60.7661,8388607,rest
60.7674,-83,rest
60.7708,88608,rest
60.7726,-8388,rest
60.7742,608,rest
60.7756,-5319346,rest
60.7789,387,rest
60.7830,8388607,rest
60.7880,-8388608,rest
60.7922,-8388608,rest
60.7948,-6066388,rest
60.7996,8388607,rest
60.8031,8388607,rest
60.8070,-8310020,rest
60.8112,-8388608,rest
60.8162,-6888251,rest
60.8194,8388607,rest
60.8234,8388607,rest
60.8275,-7648160,rest
60.8324,-8388608,rest
60.8357,-7652081,rest
60.8397,8388607,rest
60.8441,8388607,rest
60.8499,-6890956,rest
60.8521,-8388608,rest
60.8561,-8270441,rest
60.8608,8388607,rest
60.8651,8388607,rest
60.8688,-6093971,rest
60.8725,-8388608,rest
60.8772,-8388608,rest
60.8811,8388607,rest
60.8848,8388607,rest
60.8860,-,rest
60.8889,5212120,rest
60.8906,-,rest
60.8935,8388608,rest
60.8952,-8,rest
60.8976,388608,rest
60.8990,8388,rest
60.9012,607,rest
60.9027,8388607,rest
60.9053,-4224412,rest
60.9095,-8388608,rest
60.9150,-8388608,rest
60.9184,8388607,rest
60.9217,8388607,rest
60.9258,-3167212,rest
60.9317,860,rest
60.9343,-8388608,rest
60.9395,8388607,rest
60.9422,8388607,rest
60.9484,1712,rest
60.9516,-8388608,rest
60.9550,-8388608,rest
60.9586,8221771,rest
60.9642,8388607,rest
60.9674,-657614,rest
60.9708,-8388608,rest
60.9750,-8388608,rest
60.9792,6928,rest
60.9836,8388607,rest
60.9873,538875,rest
60.9932,-8388608,rest
60.9957,-8388608,rest
61.0002,6968038,rest
61.0039,8388607,rest
61.0077,1758985,rest
61.0128,88608-,rest
61.0168,8388608,rest
61.0210,6275184,rest
61.0227,83,rest
61.0241,88607,rest
61.0257,3001,rest
61.0282,972,rest
61.0306,-8380,rest
61.0334,-8388608,rest
61.0366,5473305,rest
61.0410,8388607,rest
61.0447,4026645,rest
61.0499,-8388608,rest
61.0531,-8388608,rest
61.0569,4558428,rest
61.0610,8388607,rest
61.0658,5028396,rest
61.0694,-8388608,rest
61.0732,-8388608,rest
61.0774,3509445,rest
61.0823,8388607,rest
61.0855,5881622,rest
61.0896,-8388608,rest
61.0941,-8388608,rest
61.0983,2383297,rest
61.1024,8388607,rest
61.1060,6707189,rest
61.1107,-8388608,rest
61.1147,-8388608,rest
61.1185,1232557,rest
61.1224,8388607,rest
61.1271,7522070,rest
61.1313,-8388608,rest
61.1349,-8388608,rest
61.1388,110873,rest
61.1433,8388607,rest
61.1475,8233756,rest
61.1493,-8,rest
61.1511,388608,rest
61.1525,-8388,rest
61.1552,608,rest
61.1565,-1118545,rest
61.1593,8388607,rest
61.1642,8388607,rest
61.1678,-8388608,rest
61.1716,-8388608,rest
61.1756,-2313773,rest
61.1811,8388607,rest
61.1838,8388607,rest
61.1879,-8388608,rest
61.1921,-8388608,rest
61.1981,28244,rest
61.2014,8388607,rest
61.2054,8388607,rest
61.2084,-8388608,rest
61.2145,8388,rest
61.2181,-4091702,rest
61.2227,8388607,rest
61.2248,8388607,rest
61.2293,888,rest
61.2339,-8388608,rest
61.2393,-4884101,rest
61.2412,8388607,rest
61.2455,8607,rest
61.2499,-8388608,rest
61.2555,-8388608,rest
61.2576,-5723990,rest
61.2629,83887,rest
61.2669,8388607,rest
61.2686,-,rest
61.2716,8388608,rest
61.2728,-,rest
61.2739,8388608,rest
61.2749,-6,rest
61.2787,533920,rest
61.2794,8,rest
61.2822,607,rest
61.2839,8388607,rest
61.2910,-7971736,rest
61.2912,-8388608,rest
61.2947,-7327760,rest
61.2994,8388607,rest
61.3027,8388607,rest
61.3067,-7265752,rest
61.3109,-8388608,rest
61.3163,-8004335,rest
61.3191,8388607,rest
61.3232,8388607,rest
61.3277,-6442169,rest
61.3339,-8388608,rest
61.3354,-8388608,rest
61.3394,8388607,rest
61.3442,8388607,rest
61.3485,-5625901,rest
61.3530,-8388608,rest
61.3559,-8388608,rest
61.3606,8388607,rest
61.3652,8388607,rest
61.3689,-4691792,rest
61.3723,-8388608,rest
61.3767,-8388608,rest
61.3814,8388607,rest
61.3845,8388607,rest
61.3886,-3645576,rest
61.3931,-8388608,rest
61.3937,-,rest
61.3971,88608,rest
61.4025,8388607,rest
61.4043,8,rest
61.4051,388607,rest
61.4075,-2473,rest
61.4091,934,rest
61.4108,-838860,rest
61.4139,8,rest
61.4145,-8388608,rest
61.4178,8388607,rest
61.4214,8388607,rest
61.4255,-1229355,rest
61.4298,8,rest
61.4343,-8388608,rest
61.4400,7927611,rest
61.4419,8388607,rest
61.4461,42,rest
61.4508,-8388608,rest
61.4573,-8388608,rest
61.4583,7307364,rest
61.4649,386,rest
61.4681,1196158,rest
61.4729,-8388608,rest
61.4748,-8388608,rest
61.4790,5,rest
61.4875,8388607,rest
61.4884,2331656,rest
61.4911,-8388608,rest
61.4958,-8860,rest
61.4994,5930116,rest
61.5050,8388607,rest
61.5104,3612117,rest
61.5116,-8388608,rest
61.5164,-8388608,rest
61.5197,5007894,rest
61.5239,8388607,rest
61.5281,4619610,rest
61.5294,-8,rest
61.5333,388608,rest
61.5346,-838,rest
61.5361,8608,rest
61.5376,398773,rest
61.5402,3,rest
61.5403,8388607,rest
61.5443,5557662,rest
61.5491,-8388608,rest
61.5525,-8388608,rest
61.5565,2881058,rest
61.5607,8388607,rest
61.5666,6320431,rest
61.5688,-8388608,rest
61.5729,-8388608,rest
61.5772,1714175,rest
61.5818,8388607,rest
61.5860,7153928,rest
61.5894,-8388608,rest
61.5941,-8388608,rest
61.5984,560167,rest
61.6020,8388607,rest
61.6057,7977417,rest
61.6102,-8388608,rest
61.6147,-8388608,rest
61.6181,-619654,rest
61.6221,8388607,rest
61.6265,8388607,rest
61.6304,8388608,rest
61.6352,-8388608,rest
61.6386,-1833021,rest
61.6425,8388607,rest
61.6475,8388607,rest
61.6491,-,rest
61.6508,8388608,rest
61.6525,-,rest
61.6549,8388608,rest
61.6565,-,rest
61.6591,2835083,rest
61.6603,838,rest
61.6633,607,rest
61.6653,86,rest
61.6694,-8388608,rest
61.6745,-8388608,rest
61.6758,-3722697,rest
61.6816,3860,rest
61.6862,8388607,rest
61.6885,-8388608,rest
61.6918,-8388608,rest
61.6967,-4536,rest
61.7010,8388607,rest
61.7072,8388607,rest
61.7082,-8388608,rest
61.7124,838608,rest
61.7170,-5368827,rest
61.7222,8388607,rest
61.7248,8388607,rest
61.7307,86,rest
61.7335,-8388608,rest
61.7392,-6187164,rest
61.7409,8388607,rest
61.7453,8388607,rest
61.7497,-8236480,rest
61.7535,-8388608,rest
61.7572,-7020308,rest
61.7642,8388607,rest
61.7668,8388607,rest
61.7695,-7545204,rest
61.7736,-8388608,rest
61.7750,-,rest
61.7778,7745988,rest
61.7826,8388607,rest
61.7859,8388607,rest
61.7870,-677,rest
61.7900,1625,rest
61.7915,-838860,rest
61.7943,8,rest
61.7945,-8385998,rest
61.7995,8388607,rest
61.8028,8388607,rest
61.8064,-5922854,rest
61.8109,-8388608,rest
61.8148,-8388608,rest
61.8188,8388607,rest
61.8228,8388607,rest
61.8275,-5026741,rest
61.8319,-8388608,rest
61.8356,-8388608,rest
61.8392,8388607,rest
61.8441,8388607,rest
61.8478,-4007349,rest
61.8519,-8388608,rest
61.8556,-8388608,rest
61.8597,8388607,rest
61.8651,8388607,rest
61.8682,-2923409,rest
61.8719,-8388608,rest
61.8761,-8388608,rest
61.8835,8388607,rest
61.8846,8388607,rest
61.8883,-1656966,rest
61.8925,-8388608,rest
61.8982,-8388608,rest
61.9010,8148231,rest
61.9047,8388607,rest
61.9057,-,rest
61.9088,457901,rest
61.9104,-,rest
61.9146,3-83,rest
61.9171,608,rest
61.9184,758932,rest
61.9214,7,rest
61.9231,8388607,rest
61.9252,725523,rest
61.9295,838,rest
61.9340,-8388608,rest
61.9381,6908163,rest
61.9436,8388607,rest
61.9457,1856208,rest
61.9511,-8388608,rest
61.9538,-8388608,rest
61.9579,6225827,rest
61.9639,3886,rest
61.9682,3100640,rest
61.9717,-8388608,rest
61.9743,-8388608,rest
61.9788,50,rest
61.9832,8388607,rest
61.9893,4151842,rest
61.9907,-8388608,rest
61.9972,-888,rest
61.9997,4543949,rest
62.0052,8388607,rest
62.0072,5133471,rest
62.0114,-8388608,rest
62.0166,-8388608,rest
62.0195,3489849,rest
62.0235,8388607,rest
62.0276,5976641,rest
62.0320,-8388608,rest
62.0332,-,rest
62.0358,8388608,rest
62.0399,2290529,rest
62.0413,838,rest
62.0441,8607,rest
62.0453,67779,rest
62.0483,22,rest
62.0499,-8388608,rest
62.0523,-8388608,rest
62.0563,1134065,rest
62.0608,8388607,rest
62.0659,7629235,rest
62.0685,-8388608,rest
62.0726,-8388608,rest
62.0769,-67272,rest
62.0814,8388607,rest
62.0850,8294128,rest
62.0890,-8388608,rest
62.0938,-8388608,rest
62.0981,-1177597,rest
62.1013,8388607,rest
62.1054,8388607,rest
62.1097,-8388608,rest
62.1146,-8388608,rest
62.1178,-2386955,rest
62.1217,8388607,rest
62.1259,8388607,rest
62.1314,-8388608,rest
62.1345,-8388608,rest
62.1383,-3379845,rest
62.1422,8388607,rest
62.1476,8388607,rest
62.1511,-8388608,rest
62.1546,-8388608,rest
62.1586,-4224996,rest
62.1630,388,rest
62.1673,8388607,rest
62.1696,-83,rest
62.1725,88608,rest
62.1750,-83886,rest
62.1751,08,rest
62.1764,-5014844,rest
62.1801,8388607,rest
62.1847,8388607,rest
62.1873,-8388608,rest
62.1915,-8388608,rest
62.1958,910,rest
62.1999,8388607,rest
62.2052,8388607,rest
62.2086,-8388608,rest
62.2124,-8388,rest
62.2168,-6642071,rest
62.2232,8388607,rest
62.2242,8388607,rest
62.2283,-7839364,rest
62.2342,-8388608,rest
62.2365,-7428183,rest
62.2405,8388607,rest
62.2448,8388607,rest
62.2508,-7132327,rest
62.2529,-8388608,rest
62.2571,-8137791,rest
62.2611,8388607,rest
62.2654,8388607,rest
62.2693,-6340298,rest
62.2734,-8388608,rest
62.2775,-8388608,rest
62.2840,8388607,rest
62.2856,8388607,rest
62.2867,-,rest
62.2897,5468652,rest
62.2912,-,rest
62.2939,8388608,rest
62.2957,-83,rest
62.2999,88608,rest
62.3017,83886,rest
62.3020,07,rest
62.3032,8388607,rest
62.3062,-4519987,rest
62.3107,-8388608,rest
62.3155,-8388608,rest
62.3185,8388607,rest
62.3225,8388607,rest
62.3272,-3415002,rest
62.3326,-8388608,rest
62.3348,-8388608,rest
62.3388,8388607,rest
62.3431,8388607,rest
62.3482,-2242243,rest
62.3516,-8388608,rest
62.3552,-8388608,rest
62.3594,8368851,rest
62.3645,8388607,rest
62.3684,-987708,rest
62.3717,-8388608,rest
62.3758,-8388608,rest
62.3807,7824655,rest
62.3851,8388607,rest
62.3880,224627,rest
62.3922,-8388608,rest
62.3975,88868,rest
62.4006,7176791,rest
62.4062,8388607,rest
62.4107,1506913,rest
62.4129,-8388608,rest
62.4148,-,rest
62.4175,8388608,rest
62.4209,6480613,rest
62.4223,83,rest
62.4251,88607,rest
62.4272,27255,rest
62.4315,88,rest
62.4356,-8388608,rest
62.4371,5706179,rest
62.4413,8388607,rest
62.4458,823,rest
62.4503,-8388608,rest
62.4543,-8388608,rest
62.4586,4824966,rest
62.4621,8388607,rest
62.4668,4774579,rest
62.4699,-8388608,rest
62.4740,-8388608,rest
62.4783,3862273,rest
62.4842,8388607,rest
62.4863,5693949,rest
62.4904,-8388608,rest
62.4947,-8388608,rest
62.5006,2732054,rest
62.5028,8388607,rest
62.5070,6457791,rest
62.5110,-8388608,rest
62.5168,-8388608,rest
62.5191,1568225,rest
62.5231,8388607,rest
62.5276,7280102,rest
62.5324,-8388608,rest
62.5362,-8388608,rest
62.5396,450333,rest
62.5443,8388607,rest
62.5489,8059623,rest
62.5504,-83,rest
62.5519,88608,rest
62.5535,-83886,rest
62.5559,08,rest
62.5561,-786274,rest
62.5608,8388607,rest
62.5665,8388607,rest
62.5683,-8388608,rest
62.5724,-8388608,rest
62.5766,-1977214,rest
62.5817,8388607,rest
62.5858,8388607,rest
62.5888,-8388608,rest
62.5930,-8388608,rest
62.5978,-2973579,rest
62.6011,8388607,rest
62.6051,8388607,rest
62.6092,-8388608,rest
62.6136,8868,rest
62.6182,-3819289,rest
62.6217,8388607,rest
62.6257,8388607,rest
62.6308,-8388608,rest
62.6338,-8388608,rest
62.6379,-4606047,rest
62.6420,8388607,rest
62.6478,37,rest
62.6517,-8388608,rest
62.6549,-8388608,rest
62.6585,-5495148,rest
62.6627,3886,rest
62.6671,8388607,rest
62.6694,-,rest
62.6729,8388608,rest
62.6737,-,rest
62.6748,8388608,rest
62.6760,-6,rest
62.6791,773,rest
62.6806,8388,rest
62.6830,07,rest
62.6852,8388607,rest
62.6880,-8177648,rest
62.6912,-8388608,rest
62.6956,-10,rest
62.6995,8388607,rest
62.7035,8388607,rest
62.7081,-7501080,rest
62.7118,-8388608,rest
62.7172,-7812252,rest
62.7198,8388607,rest
62.7238,8388607,rest
62.7283,-6719040,rest
62.7334,-8388608,rest
62.7363,-8388608,rest
62.7403,8388607,rest
62.7445,8388607,rest
62.7496,-5873198,rest
62.7526,-8388608,rest
62.7566,-8388608,rest
62.7608,8388607,rest
62.7663,8388607,rest
62.7689,-4997100,rest
62.7730,-8388608,rest
62.7773,-8388608,rest
62.7830,8388607,rest
62.7853,8388607,rest
62.7894,-3966697,rest
62.7941,-8388608,rest
62.7958,-,rest
62.7991,8388608,rest
62.8017,8388607,rest
62.8033,8,rest
62.8058,388607,rest
62.8070,-2872,rest
62.8101,953,rest
62.8115,-8388608,rest
62.8151,-8388608,rest
62.8180,8388607,rest
62.8222,8388607,rest
62.8269,-1599879,rest
62.8313,-8388608,rest
62.8344,-8388608,rest
62.8386,8133523,rest
62.8427,8388607,rest
62.8474,-388203,rest
62.8510,-8388608,rest
62.8550,-8388608,rest
62.8590,7559911,rest
62.8650,3880,rest
62.8678,836617,rest
62.8729,-8388608,rest
62.8754,-8388608,rest
62.8813,834,rest
62.8846,8388607,rest
62.8898,2007990,rest
62.8924,-8388608,rest
62.8966,-8368,rest
62.9004,6152195,rest
62.9056,8388607,rest
62.9085,3214236,rest
62.9126,838808,rest
62.9168,-8388608,rest
62.9220,5311487,rest
62.9246,8388607,rest
62.9306,423711,rest
62.9344,88608,rest
62.9374,-8388608,rest
62.9393,4352211,rest
62.9410,8388607,rest
62.9470,6447,rest
62.9511,-8388608,rest
62.9545,-8388608,rest
62.9575,3312034,rest
62.9639,8388607,rest
62.9657,6063428,rest
62.9696,-8388608,rest
62.9738,-8388608,rest
62.9778,2138903,rest
62.9833,8388607,rest
62.9860,6881855,rest
62.9901,-8388608,rest
62.9943,-8388608,rest
62.9988,925829,rest
63.0024,8388607,rest
63.0065,7701703,rest
63.0106,-8388608,rest
63.0155,-8388608,rest
63.0191,-227514,rest
63.0229,8388607,rest
63.0274,8388607,rest
63.0330,-8388608,rest
63.0352,-8388608,rest
63.0392,-1425744,rest
63.0437,8388607,rest
63.0483,8388607,rest
63.0495,-,rest
63.0516,8388608,rest
63.0526,-,rest
63.0556,8388608,rest
63.0571,-2,rest
63.0604,530452,rest
63.0620,8388,flicker
63.0645,607,flicker
63.0674,8388607,flicker
63.0693,-8388608,flicker
63.0720,-8388608,flicker
63.0762,-3459572,flicker
63.0806,8388607,flicker
63.0843,8388607,flicker
63.0885,-8388608,flicker
63.0925,-8388608,flicker
63.0974,-4280377,flicker
63.1007,8388607,flicker
63.1048,8388607,flicker
63.1089,-8388608,flicker
63.1156,830,flicker
63.1177,-5134052,flicker
63.1224,8388607,flicker
63.1253,8388607,flicker
63.1313,-8388608,flicker
63.1341,-8388608,flicker
63.1377,-5964008,flicker
63.1417,8388607,flicker
63.1462,380,flicker
63.1509,-8388608,flicker
63.1549,-8388608,flicker
63.1582,-6707112,flicker
63.1623,38607,flicker
63.1667,8388607,flicker
63.1719,-7795240,flicker
63.1751,-8388608,flicker
63.1762,-,flicker
63.1803,712,flicker
63.1835,8388607,flicker
63.1846,8,flicker
63.1886,388607,flicker
63.1899,-7035,flicker
63.1911,212,flicker
63.1925,-8388608,flicker
63.1955,-819234,flicker
63.2001,8388607,flicker
63.2037,8388607,flicker
63.2089,-6259299,flicker
63.2115,-8388608,flicker
63.2185,-8388608,flicker
63.2195,8388607,flicker
63.2235,8388607,flicker
63.2278,-5429731,flicker
63.2337,-8388608,flicker
63.2360,-8388608,flicker
63.2399,8388607,flicker
63.2442,8388607,flicker
63.2506,-4436035,flicker
63.2522,-8388608,flicker
63.2564,-8388608,flicker
63.2610,8388607,flicker
63.2657,8388607,flicker
63.2686,-3400174,flicker
63.2727,-8388608,flicker
63.2774,-8388608,flicker
63.2823,8388607,flicker
63.2850,8388607,flicker
63.2891,-2200785,flicker
63.2941,-8388608,flicker
63.2982,-8388608,flicker
63.3026,8368851,flicker
63.3056,8388607,flicker
63.3066,-,flicker
63.3105,973461,flicker
63.3113,-,flicker
63.3150,8388608,flicker
63.3161,-838,flicker
63.3186,8608,flicker
63.3205,782465,flicker
63.3218,5,flicker
63.3220,8388607,flicker
63.3259,245738,flicker
63.3313,-8388608,flicker
63.3344,-8388608,flicker
63.3382,7173147,flicker
63.3424,8388607,flicker
63.3495,1443681,flicker
63.3505,-8388608,flicker
63.3547,-8388608,flicker
63.3587,6483870,flicker
63.3647,386,flicker
63.3679,2637516,flicker
63.3718,-8388608,flicker
63.3751,-8388608,flicker
63.3817,76,flicker
63.3880,8388607,flicker
63.3882,3734544,flicker
63.3916,-8388608,flicker
63.3975,88,flicker
63.4001,4923904,flicker
63.4080,8388607,flicker
63.4086,4681695,flicker
63.4144,-860,flicker
63.4192,-8388608,flicker
63.4209,3961893,flicker
63.4242,8388607,flicker
63.4290,5734,flicker
63.4330,-8388608,flicker
63.4348,-,flicker
63.4369,8388608,flicker
63.4411,2903490,flicker
63.4433,838,flicker
63.4453,8607,flicker
63.4458,622,flicker
63.4500,-8388608,flicker
63.4541,-8388608,flicker
63.4577,1601041,flicker
63.4613,8388607,flicker
63.4656,7236138,flicker
63.4696,-8388608,flicker
63.4734,-8388608,flicker
63.4776,465120,flicker
63.4821,8388607,flicker
63.4857,8030413,flicker
63.4899,-8388608,flicker
63.4940,-8388608,flicker
63.4995,-709052,flicker
63.5021,8388607,flicker
63.5061,8388607,flicker
63.5105,-8388608,flicker
63.5156,-8388608,flicker
63.5184,-1864714,flicker
63.5226,8388607,flicker
63.5271,8388607,flicker
63.5314,-8388608,flicker
63.5349,-8388608,flicker
63.5389,-2954349,flicker
63.5437,8388607,flicker
63.5476,8388607,flicker
63.5512,-8388608,flicker
63.5555,-8388608,flicker
63.5571,-,flicker
63.5594,3798983,flicker
63.5646,8388607,flicker
63.5691,8388607,flicker
63.5710,-838,flicker
63.5717,8608,flicker
63.5731,-838860,flicker
63.5758,8,flicker
63.5775,-4566918,flicker
63.5816,8388607,flicker
63.5846,8388607,flicker
63.5882,-8388608,flicker
63.5922,-8388608,flicker
63.5966,08,flicker
63.6011,8388607,flicker
63.6074,8388607,flicker
63.6087,-8388608,flicker
63.6129,83888,flicker
63.6181,-6249386,flicker
63.6228,8388607,flicker
63.6251,8388607,flicker
63.6294,82772,flicker
63.6341,-8388608,flicker
63.6384,-7030784,flicker
63.6415,8388607,flicker
63.6460,838807,flicker
63.6503,-7559912,flicker
63.6559,-8388608,flicker
63.6584,-7714944,flicker
63.6620,8388607,flicker
63.6670,8388607,flicker
63.6714,-6799130,flicker
63.6741,-8388608,flicker
63.6786,-83,flicker
63.6833,8388607,flicker
63.6874,8388607,flicker
63.6878,-,flicker
63.6915,6001231,flicker
63.6927,-,flicker
63.6947,8388608,flicker
63.6957,-83,flicker
63.6994,88608,flicker
63.7013,83886,flicker
63.7028,07,flicker
63.7042,8388607,flicker
63.7069,-5161455,flicker
63.7112,-8388608,flicker
63.7169,-8388608,flicker
63.7194,8388607,flicker
63.7233,8388607,flicker
63.7277,-4147851,flicker
63.7315,-8388608,flicker
63.7362,-8388608,flicker
63.7396,8388607,flicker
63.7439,8388607,flicker
63.7501,-3003085,flicker
63.7522,-8388608,flicker
63.7561,-8388608,flicker
63.7605,8388607,flicker
63.7657,8388607,flicker
63.7686,-1806175,flicker
63.7725,-8388608,flicker
63.7768,-8388608,flicker
63.7814,8177647,flicker
63.7847,8388607,flicker
63.7888,-606566,flicker
63.7930,-8388608,flicker
63.7990,360,flicker
63.8027,7648159,flicker
63.8067,8388607,flicker
63.8094,593949,flicker
63.8150,8388,flicker
63.8200,8388608,flicker
63.8220,6953157,flicker
63.8245,83,flicker
63.8257,88607,flicker
63.8273,17800,flicker
63.8305,54,flicker
63.8325,-8388608,flicker
63.8339,-8388608,flicker
63.8379,6343922,flicker
63.8420,8388607,flicker
63.8477,9579,flicker
63.8519,-8388608,flicker
63.8558,-8388608,flicker
63.8584,5474856,flicker
63.8638,380,flicker
63.8683,4033808,flicker
63.8730,-8388608,flicker
63.8754,-8388608,flicker
63.8791,6043,flicker
63.8840,8388607,flicker
63.8874,5016702,flicker
63.8912,-8388608,flicker
63.8969,8868,flicker
63.9001,3583642,flicker
63.9038,8388607,flicker
63.9076,5852547,flicker
63.9134,880,flicker
63.9163,-8388608,flicker
63.9213,2474834,flicker
63.9240,8388607,flicker
63.9281,6664661,flicker
63.9330,-8388608,flicker
63.9362,-8388608,flicker
63.9404,1276136,flicker
63.9445,8388607,flicker
63.9491,7462397,flicker
63.9505,-83,flicker
63.9526,88608,flicker
63.9543,-83886,flicker
63.9566,08,flicker
63.9568,183551,flicker
63.9608,8388607,flicker
63.9656,8176115,flicker
63.9690,-8388608,flicker
63.9731,-8388608,flicker
63.9773,-948938,flicker
63.9818,8388607,flicker
63.9854,8388607,flicker
63.9895,-8388608,flicker
63.9938,-8388608,flicker
63.9984,-2063094,flicker
64.0020,8388607,flicker
64.0059,8388607,flicker
64.0105,-8388608,flicker
64.0149,-8388608,flicker
64.0184,-3118214,flicker
64.0222,8388607,flicker
64.0273,8388607,flicker
64.0316,-8388608,flicker
64.0345,-8388608,flicker
64.0387,-3959490,flicker
64.0431,8388607,flicker
64.0473,8388607,flicker
64.0509,-8388608,flicker
64.0550,-8388608,flicker
64.0592,-4741455,flicker
64.0647,8388607,flicker
64.0684,8388607,flicker
64.0699,-,flicker
64.0714,8388608,flicker
64.0730,-,flicker
64.0755,8388608,flicker
64.0766,-55,flicker
64.0802,52201,flicker
64.0822,83886,flicker
64.0837,07,flicker
64.0853,8388607,flicker
64.0879,-8388608,flicker
64.0919,-8388608,flicker
64.0978,6396,flicker
64.1022,8388607,flicker
64.1051,8388607,flicker
64.1086,-8089400,flicker
64.1126,880,flicker
64.1169,-7140292,flicker
64.1225,8388607,flicker
64.1275,8388607,flicker
64.1297,-7442248,flicker
64.1331,888,flicker
64.1376,-7897828,flicker
64.1425,8388607,flicker
64.1454,8388607,flicker
64.1496,-6618826,flicker
64.1535,-8388608,flicker
64.1594,-8388608,flicker
64.1616,8388607,flicker
64.1661,8388607,flicker
64.1710,-5847502,flicker
64.1740,-8388608,flicker
64.1780,-8388608,flicker
64.1828,8388607,flicker
64.1867,8388607,flicker
64.1902,-4921877,flicker
64.1943,-8388608,flicker
64.1961,-,flicker
64.1991,8388608,flicker
64.2026,8388607,flicker
64.2037,83,flicker
64.2065,88607,flicker
64.2077,-3895,flicker
64.2107,826,flicker
64.2112,-8388608,flicker
64.2157,-8388608,flicker
64.2189,8388607,flicker
64.2229,8388607,flicker
64.2272,-2798135,flicker
64.2318,-8388608,flicker
64.2354,-8388608,flicker
64.2394,8388607,flicker
64.2438,8388607,flicker
64.2495,-1599324,flicker
64.2521,-8388608,flicker
64.2557,-8388608,flicker
64.2605,8118815,flicker
64.2651,8388607,flicker
64.2680,-438429,flicker
64.2722,-8388608,flicker
64.2763,-8388608,flicker
64.2815,7545203,flicker
64.2849,8388607,flicker
64.2885,753014,flicker
64.2926,-8388608,flicker
64.2969,83888,flicker
64.3014,6856579,flicker
64.3071,8388607,flicker
64.3096,1968129,flicker
64.3151,83880,flicker
64.3178,-8388608,flicker
64.3239,6152409,flicker
64.3255,8388607,flicker
64.3315,129-8,flicker
64.3340,388608,flicker
64.3362,-8388,flicker
64.3376,608,flicker
64.3392,5343469,flicker
64.3419,8388607,flicker
64.3475,4206416,flicker
64.3505,-8388608,flicker
64.3540,-8388608,flicker
64.3584,4452203,flicker
64.3642,3860,flicker
64.3667,5128773,flicker
64.3704,-8388608,flicker
64.3745,-8388608,flicker
64.3789,20,flicker
64.3839,8388607,flicker
64.3869,5950985,flicker
64.3909,-8388608,flicker
64.3976,-38,flicker
64.4006,2299427,flicker
64.4035,8388607,flicker
64.4074,6764388,flicker
64.4120,-8388608,flicker
64.4164,-8388608,flicker
64.4195,1131491,flicker
64.4236,8388607,flicker
64.4278,7572494,flicker
64.4327,-8388608,flicker
64.4359,-8388608,flicker
64.4400,9037,flicker
64.4442,8388607,flicker
64.4490,8316338,flicker
64.4505,-,flicker
64.4524,8388608,flicker
64.4537,-,flicker
64.4565,8388608,flicker
64.4582,-1,flicker
64.4607,191426,flicker
64.4619,8388,flicker
64.4652,607,flicker
64.4667,838860,flicker
64.4687,7,flicker
64.4689,-8388608,flicker
64.4728,-8388608,flicker
64.4774,-2379119,flicker
64.4813,8388607,flicker
64.4857,8388607,flicker
64.4892,-8388608,flicker
64.4936,-8388608,flicker
64.4990,-3298584,flicker
64.5019,8388607,flicker
64.5055,8388607,flicker
64.5106,-8388608,flicker
64.5147,-8388608,flicker
64.5181,-4133071,flicker
64.5220,8388607,flicker
64.5261,8388607,flicker
64.5322,-8388608,flicker
64.5347,-8388608,flicker
64.5384,-4969830,flicker
64.5424,8388607,flicker
64.5467,38867,flicker
64.5513,-8388608,flicker
64.5554,-8388608,flicker
64.5609,-5813095,flicker
64.5629,8388607,flicker
64.5691,8388607,flicker
64.5711,-8388608,flicker
64.5753,-8388608,flicker
64.5756,-,flicker
64.5819,254,flicker
64.5871,8388607,flicker
64.5879,8388607,flicker
64.5905,-789,flicker
64.5916,8196,flicker
64.5926,-838860,flicker
64.5983,332,flicker
64.6000,8388607,flicker
64.6039,8388607,flicker
64.6082,-7197411,flicker
64.6136,8808,flicker
64.6195,-8068999,flicker
64.6220,8388607,flicker
64.6257,8388607,flicker
64.6286,-6384463,flicker
64.6340,-8388608,flicker
64.6373,-8388608,flicker
64.6408,8388607,flicker
64.6455,8388607,flicker
64.6523,-5581775,flicker
64.6531,-8388608,flicker
64.6571,-8388608,flicker
64.6613,8388607,flicker
64.6670,8388607,flicker
64.6694,-4644376,flicker
64.6735,-8388608,flicker
64.6777,-8388608,flicker
64.6822,8388607,flicker
64.6858,8388607,flicker
64.6898,-3581350,flicker
64.6941,-8388608,flicker
64.6988,-8388608,flicker
64.7022,8388607,flicker
64.7062,8388607,flicker
64.7077,-,flicker
64.7104,2486658,flicker
64.7119,-,flicker
64.7161,8388608,flicker
64.7173,-838,flicker
64.7185,8608,flicker
64.7199,838860,flicker
64.7226,7,flicker
64.7227,8388607,flicker
64.7269,-1209134,flicker
64.7311,-8388608,flicker
64.7351,-8388608,flicker
64.7391,7912903,flicker
64.7436,8388607,flicker
64.7482,41000,flicker
64.7523,-8388608,flicker
64.7554,-8388608,flicker
64.7596,7263742,flicker
64.7645,8388607,flicker
64.7677,1213370,flicker
64.7719,-8388608,flicker
64.7760,-8388608,flicker
64.7814,59812,flicker
64.7855,8388607,flicker
64.7896,2369164,flicker
64.7924,-8388608,flicker
64.7986,8388,flicker
64.8015,5855213,flicker
64.8065,8388607,flicker
64.8088,3591158,flicker
64.8147,808,flicker
64.8194,-8388608,flicker
64.8232,4981808,flicker
64.8269,8388607,flicker
64.8297,4592730,flicker
64.8317,-,flicker
64.8346,8388608,flicker
64.8358,-,flicker
64.8374,8388608,flicker
64.8415,4070165,flicker
64.8432,838,flicker
64.8457,6,flicker
64.8472,72,flicker
64.8526,-8388608,flicker
64.8561,-8388608,flicker
64.8592,2939263,flicker
64.8622,8388607,flicker
64.8674,6342234,flicker
64.8707,-8388608,flicker
64.8742,-8388608,flicker
64.8789,13798,flicker
64.8828,8388607,flicker
64.8878,7132899,flicker
64.8906,-8388608,flicker
64.8948,-8388608,flicker
64.8993,633086,flicker
64.9029,8388607,flicker
64.9070,7924300,flicker
64.9112,-8388608,flicker
64.9167,-8388608,flicker
64.9194,-570377,flicker
64.9234,8388607,flicker
64.9275,8388607,flicker
64.9332,-8388608,flicker
64.9360,-8388608,flicker
64.9397,-1731058,flicker
64.9443,8388607,flicker
64.9484,8388607,flicker
64.9533,-8388608,flicker
64.9561,-8388608,flicker
64.9607,-2799174,flicker
64.9668,8388607,flicker
64.9685,8388607,flicker
64.9701,-838,flicker
64.9725,8608,flicker
64.9737,-838860,flicker
64.9767,8,flicker
64.9783,-3708034,flicker
64.9821,8388607,flicker
64.9856,8388607,flicker
64.9889,-8388608,flicker
64.9938,-8388608,flicker
64.9982,-4462654,flicker
65.0014,8388607,flicker
65.0052,8388607,flicker
65.0096,-8388608,flicker
65.0135,8388608,flicker
65.0192,-5327075,flicker
65.0218,8388607,flicker
65.0257,8388607,flicker
65.0313,-8388608,flicker
65.0347,-8388608,flicker
65.0380,-6098259,flicker
65.0421,8388607,flicker
65.0472,3867,flicker
65.0513,-8310020,flicker
65.0555,-8388608,flicker
65.0609,-6925623,flicker
65.0631,8607,flicker
65.0668,8388607,flicker
65.0714,-7662868,flicker
65.0763,-8388608,flicker
65.0792,-7650123,flicker
65.0837,8388607,flicker
65.0873,8388607,flicker
65.0883,-,flicker
65.0915,6873841,flicker
65.0927,-,flicker
65.0980,388682,flicker
65.0997,79786,flicker
65.1024,83886,flicker
65.1049,07,flicker
65.1076,8388607,flicker
65.1078,-6096091,flicker
65.1120,-8388608,flicker
65.1164,-8388608,flicker
65.1202,8388607,flicker
65.1241,8388607,flicker
65.1284,-5245241,flicker
65.1324,-8388608,flicker
65.1364,-8388608,flicker
65.1404,8388607,flicker
65.1447,8388607,flicker
65.1494,-4333270,flicker
65.1528,-8388608,flicker
65.1569,-8388608,flicker
65.1610,8388607,flicker
65.1654,8388607,flicker
65.1692,-3209446,flicker
65.1733,-8388608,flicker
65.1776,-8388608,flicker
65.1818,8388607,flicker
65.1855,8388607,flicker
65.1895,-1948715,flicker
65.1940,-8388608,flicker
65.1987,-8388608,flicker
65.2021,8251187,flicker
65.2060,8388607,flicker
65.2106,-750727,flicker
65.2156,-8388608,flicker
65.2166,-,flicker
65.2187,8388608,flicker
65.2224,7648159,flicker
65.2235,83,flicker
65.2269,88607,flicker
65.2274,441936,flicker
65.2329,-8388608,flicker
65.2347,-8388608,flicker
65.2387,7027050,flicker
65.2432,8388607,flicker
65.2486,611504,flicker
65.2559,-8388608,flicker
65.2566,-8388608,flicker
65.2592,6323337,flicker
65.2652,8388607,flicker
65.2682,2866346,flicker
65.2716,-8388608,flicker
65.2756,-8388608,flicker
65.2820,53,flicker
65.2845,8388607,flicker
65.2885,3948237,flicker
65.2937,-8388608,flicker
65.2979,8868,flicker
65.3027,4653604,flicker
65.3063,8388607,flicker
65.3084,4990301,flicker
65.3137,-8388608,flicker
65.3183,-8388608,flicker
65.3207,3573924,flicker
65.3249,8388607,flicker
65.3295,327,flicker
65.3356,-8388608,flicker
65.3378,-8388608,flicker
65.3435,2427890,flicker
65.3454,8388607,flicker
65.3499,6653641,flicker
65.3515,-83,flicker
65.3534,88608,flicker
65.3545,-8388,flicker
65.3575,608,flicker
65.3589,1287827,flicker
65.3618,8388607,flicker
65.3664,7479568,flicker
65.3705,-8388608,flicker
65.3740,-8388608,flicker
65.3780,58605,flicker
65.3827,8388607,flicker
65.3864,8214874,flicker
65.3904,-8388608,flicker
65.3944,-8388608,flicker
65.3998,-1085007,flicker
65.4026,8388607,flicker
65.4067,8388607,flicker
65.4109,-8388608,flicker
65.4156,-8388608,flicker
65.4190,-2234018,flicker
65.4230,8388607,flicker
65.4275,8388607,flicker
65.4321,-8388608,flicker
65.4361,-8388608,flicker
65.4394,-3196374,flicker
65.4439,8388607,flicker
65.4479,8388607,flicker
65.4524,-8388608,flicker
65.4558,-8388608,flicker
65.4606,-4043562,flicker
65.4651,8388607,flicker
65.4688,8388607,flicker
65.4705,-,flicker
65.4722,8388608,flicker
65.4735,-,flicker
65.4771,8388608,flicker
65.4782,-4,flicker
65.4830,853516,flicker
65.4846,8388607,flicker
65.4857,8388607,flicker
65.4888,-8388608,flicker
65.4931,-8388608,flicker
65.4975,-5678074,flicker
65.5014,8388607,flicker
65.5051,8388607,flicker
65.5090,-8388608,flicker
65.5136,-8388608,flicker
65.5179,-6469159,flicker
65.5215,8388607,flicker
65.5254,8388607,flicker
65.5317,803,flicker
65.5340,-8388608,flicker
65.5404,-7254922,flicker
65.5419,8388607,flicker
65.5462,3860,flicker
65.5527,-7295168,flicker
65.5544,-8388608,flicker
65.5597,-7974976,flicker
65.5635,8388607,flicker
65.5664,8388607,flicker
65.5720,-6537147,flicker
65.5750,-8388608,flicker
65.5808,83868,flicker
65.5835,8388607,flicker
65.5875,8388607,flicker
65.5929,-5740512,flicker
65.5951,-8388608,flicker
65.5962,-,flicker
65.6004,8388608,flicker
65.6038,8388607,flicker
65.6052,8,flicker
65.6073,388607,flicker
65.6087,-4814,flicker
65.6115,483,flicker
65.6127,-886,flicker
65.6163,-8388608,flicker
65.6205,8388607,flicker
65.6253,8388607,flicker
65.6281,-3736336,flicker
65.6324,-8388608,flicker
65.6374,-8388608,flicker
65.6401,8388607,flicker
65.6443,8388607,flicker
65.6500,-2604047,flicker
65.6525,-8388608,flicker
65.6566,-8388608,flicker
65.6608,8388607,flicker
65.6674,8388607,flicker
65.6688,-1389944,flicker
65.6729,-8388608,flicker
65.6774,-8388608,flicker
65.6835,8015859,flicker
65.6853,8388607,flicker
65.6893,-161008,flicker
65.6940,-8388608,flicker
65.6982,-8388608,flicker
65.7020,7363233,flicker
65.7056,8388607,flicker
65.7102,1068427,flicker
65.7151,-8388608,flicker
65.7183,-8388608,flicker
65.7221,6685034,flicker
65.7267,8388607,flicker
65.7310,2247885,flicker
65.7325,-8,flicker
65.7344,388608,flicker
65.7355,-8388,flicker
65.7384,608,flicker
65.7395,5952381,flicker
65.7426,8388607,flicker
65.7478,3445977,flicker
65.7518,-8388608,flicker
65.7548,-8388608,flicker
65.7589,5080079,flicker
65.7632,386,flicker
65.7675,4467074,flicker
65.7727,-8388608,flicker
65.7758,-8388608,flicker
65.7814,4101,flicker
65.7847,8388607,flicker
65.7888,5408862,flicker
65.7918,-8388608,flicker
65.7961,8868,flicker
65.8004,3038040,flicker
65.8053,8388607,flicker
65.8082,6231642,flicker
65.8136,888608,flicker
65.8168,-8388608,flicker
65.8228,1823733,flicker
65.8244,8388607,flicker
65.8304,044,flicker
65.8347,-8388608,flicker
65.8375,-8388608,flicker
65.8408,707674,flicker
65.8455,8,flicker
65.8502,7866357,flicker
65.8521,-,flicker
65.8549,8388608,flicker
65.8561,-,flicker
65.8573,8388608,flicker
65.8590,-44,flicker
65.8614,3696,flicker
65.8627,8388,flicker
65.8666,607,flicker
65.8686,838860,flicker
65.8695,7,flicker
65.8696,-8388608,flicker
65.8737,-8388608,flicker
65.8778,-1661205,flicker
65.8831,8388607,flicker
65.8859,8388607,flicker
65.8899,-8388608,flicker
65.8941,-8388608,flicker
65.8994,-2769024,flicker
65.9023,8388607,flicker
65.9063,8388607,flicker
65.9107,-8388608,flicker
65.9163,-8388608,flicker
65.9186,-3627095,flicker
65.9228,8388607,flicker
65.9270,8388607,flicker
65.9317,-8388608,flicker
65.9350,-8388608,flicker
65.9391,-4408744,flicker
65.9435,8388607,flicker
65.9486,8388607,flicker
65.9523,-8388608,flicker
65.9555,-8388608,flicker
65.9599,-5225650,flicker
65.9638,838,flicker
65.9688,8388607,flicker
65.9719,-8388608,flicker
65.9761,-8388608,flicker
65.9776,-,flicker
65.9815,6071230,flicker
65.9842,8388607,flicker
65.9884,8388607,flicker
65.9900,-831,flicker
65.9924,0020,flicker
65.9935,-838860,flicker
65.9967,-,flicker
66.0013,8388607,flicker
66.0047,8388607,flicker
66.0090,-7648160,flicker
66.0141,88,flicker
66.0182,-7601967,flicker
66.0213,8388607,flicker
66.0252,8388607,flicker
66.0313,685878,flicker
66.0341,-8388608,flicker
66.0376,-8274427,flicker
66.0432,8388607,flicker
66.0459,8388607,flicker
66.0507,-6104492,flicker
66.0540,-8388608,flicker
66.0579,-8388608,flicker
66.0623,867,flicker
66.0666,8388607,flicker
66.0704,-5181241,flicker
66.0748,-8388608,flicker
66.0789,-86,flicker
66.0827,8388607,flicker
66.0879,8388607,flicker
66.0907,-4237986,flicker
66.0963,-83808,flicker
66.1037,-8388608,flicker
66.1042,8388607,flicker
66.1070,8388607,flicker
66.1082,-,flicker
66.1113,3090416,flicker
66.1129,-,flicker
66.1169,8388608,flicker
66.1189,-838,flicker
66.1193,8608,flicker
66.1205,838860,flicker
66.1235,7,flicker
66.1236,8388607,flicker
66.1276,-1916954,flicker
66.1328,-8388608,flicker
66.1360,-8388608,flicker
66.1398,8236479,flicker
66.1440,8388607,flicker
66.1485,-660950,flicker
66.1521,-8388608,flicker
66.1562,-8388608,flicker
66.1607,7677575,flicker
66.1663,8388607,flicker
66.1685,529244,flicker
66.1726,-8388608,flicker
66.1773,-8388608,flicker
66.1818,7001459,flicker
66.1850,8388607,flicker
66.1889,1740112,flicker
66.1938,-8388608,flicker
66.1992,-8388608,flicker
66.2017,6313105,flicker
66.2055,8388607,flicker
66.2095,2920437,flicker
66.2138,-83808,flicker
66.2183,-8388608,flicker
66.2222,5515883,flicker
66.2259,8388607,flicker
66.2327,95,flicker
66.2367,-8388608,flicker
66.2391,-8388608,flicker
66.2428,4649887,flicker
66.2442,838,flicker
66.2483,607521,flicker
66.2526,-8388608,flicker
66.2557,-8388608,flicker
66.2586,3570354,flicker
66.2648,8388607,flicker
66.2674,5783656,flicker
66.2710,-8388608,flicker
66.2752,-8388608,flicker
66.2811,4693,flicker
66.2851,8388607,flicker
66.2884,6649807,flicker
66.2917,-8388608,flicker
66.2959,38,flicker
66.3013,1303977,flicker
66.3055,8388607,flicker
66.3095,7453405,flicker
66.3119,-8388608,flicker
66.3185,-8388608,flicker
66.3200,143509,flicker
66.3241,8388607,flicker
66.3306,8223,flicker
66.3330,-8388608,flicker
66.3386,-8388608,flicker
66.3408,-1033648,flicker
66.3446,8388607,flicker
66.3504,8388607,flicker
66.3535,-8388608,flicker
66.3569,-8388608,flicker
66.3612,-2155091,flicker
66.3656,8388607,flicker
66.3697,8388607,flicker
66.3710,-83,flicker
66.3734,88608,flicker
66.3749,-83886,flicker
66.3776,08,flicker
66.3793,-3145799,flicker
66.3819,8388607,flicker
66.3856,8388607,flicker
66.3898,-8388608,flicker
66.3940,-8388608,flicker
66.3985,-3970171,flicker
66.4019,8388607,flicker
66.4060,8388607,flicker
66.4105,-8388608,flicker
66.4154,-8388608,flicker
66.4189,-4809754,flicker
66.4225,8388607,flicker
66.4274,8388607,flicker
66.4315,-8388608,flicker
66.4350,-8388608,flicker
66.4389,-5617660,flicker
66.4430,8388607,flicker
66.4488,8388607,flicker
66.4525,-8388608,flicker
66.4552,-8388608,flicker
66.4593,-6464523,flicker
66.4649,8388607,flicker
66.4678,8388607,flicker
66.4717,-8045276,flicker
66.4757,-8388608,flicker
66.4801,7976,flicker
66.4845,8388607,flicker
66.4922,8388607,flicker
66.4932,-7398124,flicker
66.4943,-,flicker
66.4981,388087,flicker
66.5006,9731,flicker
66.5019,83886,flicker
66.5061,07,flicker
66.5084,8388607,flicker
66.5087,-6578114,flicker
66.5129,8860,flicker
66.5183,-8388608,flicker
66.5208,8388607,flicker
66.5248,8388607,flicker
66.5290,-5773710,flicker
66.5346,-8388608,flicker
66.5377,-8388608,flicker
66.5412,8388607,flicker
66.5476,8607,flicker
66.5498,-4829405,flicker
66.5541,-8388608,flicker
66.5579,-8388608,flicker
66.5627,8388607,flicker
66.5660,8388607,flicker
66.5708,-3883488,flicker
66.5748,-8388608,flicker
66.5782,-8388608,flicker
66.5825,8388607,flicker
66.5878,8388607,flicker
66.5904,-2735266,flicker
66.5946,-8388608,flicker
66.5993,-8388608,flicker
66.6028,8388607,flicker
66.6067,8388607,flicker
66.6109,-1408477,flicker
66.6158,-8388608,flicker
66.6172,-,flicker
66.6191,8388608,flicker
66.6232,8074691,flicker
66.6248,83,flicker
66.6273,88607,flicker
66.6284,-28509,flicker
66.6317,4,flicker
66.6334,-8388608,flicker
66.6356,-8388608,flicker
66.6396,7467632,flicker
66.6441,8388607,flicker
66.6483,953439,flicker
66.6522,-8388608,flicker
66.6560,-8388608,flicker
66.6605,6795816,flicker
66.6647,8388607,flicker
66.6685,2126667,flicker
66.6723,-8388608,flicker
66.6767,-8388608,flicker
66.6818,6040700,flicker
66.6852,8388607,flicker
66.6888,3314024,flicker
66.6928,-8388608,flicker
66.6985,-8388608,flicker
66.7017,5208193,flicker
66.7050,8388607,flicker
66.7092,4373289,flicker
66.7142,-8388608,flicker
66.7187,-8388608,flicker
66.7214,4210879,flicker
66.7255,8388607,flicker
66.7315,5328098,flicker
66.7352,-8388608,flicker
66.7379,-8388608,flicker
66.7419,3142384,flicker
66.7462,3807,flicker
66.7506,6160866,flicker
66.7527,-83,flicker
66.7559,88608,flicker
66.7576,-8388,flicker
66.7584,608,flicker
66.7600,1954093,flicker
66.7627,83807,flicker
66.7672,6954443,flicker
66.7713,-8388608,flicker
66.7764,-8388608,flicker
66.7789,786124,flicker
66.7837,8388607,flicker
66.7875,7815850,flicker
66.7910,-8388608,flicker
66.7956,-38,flicker
66.8001,-402413,flicker
66.8038,8388607,flicker
66.8087,8388607,flicker
66.8128,-8388608,flicker
66.8158,-8388608,flicker
66.8204,-1608033,flicker
66.8246,8388607,flicker
66.8280,8388607,flicker
66.8329,-8388608,flicker
66.8370,-8388608,flicker
66.8402,-2701507,flicker
66.8445,8388607,flicker
66.8490,8388607,flicker
66.8531,-8388608,flicker
66.8567,-8388608,flicker
66.8608,-3549970,flicker
66.8653,8388607,flicker
66.8691,8388607,flicker
66.8706,-,flicker
66.8730,8388608,flicker
66.8744,-,flicker
66.8774,8388608,flicker
66.8788,-4,flicker
66.8821,386621,flicker
66.8833,8388,flicker
66.8854,607,flicker
66.8870,8388607,flicker
66.8895,-8388608,flicker
66.8938,-8388608,flicker
66.8978,-5206643,flicker
66.9024,8388607,flicker
66.9058,8388607,flicker
66.9105,-8388608,flicker
66.9147,-8388608,flicker
66.9181,-6061682,flicker
66.9221,8388607,flicker
66.9264,8388607,flicker
66.9315,-8383560,flicker
66.9356,-8388608,flicker
66.9390,-6822260,flicker
66.9426,8388607,flicker
66.9472,8388607,flicker
66.9523,-7706992,flicker
66.9551,-8388608,flicker
66.9590,-7613483,flicker
66.9634,867,flicker
66.9681,8388607,flicker
66.9726,-6896387,flicker
66.9779,-8388608,flicker
66.9801,-8305992,flicker
66.9849,38867,flicker
66.9891,8388607,flicker
66.9944,-6161007,flicker
66.9963,-8388608,flicker
66.9976,-,flicker
67.0015,8388608,flicker
67.0054,8388607,flicker
67.0066,83,flicker
67.0082,88607,flicker
67.0097,-5230,flicker
67.0124,62,flicker
67.0144,880,flicker
67.0174,-8388608,flicker
67.0210,8388607,flicker
67.0245,8388607,flicker
67.0306,-242,flicker
67.0344,-8388608,flicker
67.0383,-8388608,flicker
67.0409,8388607,flicker
67.0458,880,flicker
67.0505,-3132530,flicker
67.0557,-8388608,flicker
67.0593,-8388608,flicker
67.0617,8388607,flicker
67.0660,8388607,flicker
67.0699,-1914793,flicker
67.0737,-8388608,flicker
67.0778,-8388608,flicker
67.0826,8280603,flicker
67.0871,8388607,flicker
67.0900,-648056,flicker
67.0942,-8388608,flicker
67.0991,-8388608,flicker
67.1033,7721699,flicker
67.1065,8388607,flicker
67.1106,530854,flicker
67.1161,-8388608,flicker
67.1190,-8388608,flicker
67.1228,7041512,flicker
67.1272,8388607,flicker
67.1319,1659394,flicker
67.1336,-8,flicker
67.1352,388608,flicker
67.1366,-8388,flicker
67.1392,608,flicker
67.1404,6371768,flicker
67.1439,8388607,flicker
67.1485,2834841,flicker
67.1520,-8388608,flicker
67.1556,-8388608,flicker
67.1603,5549470,flicker
67.1645,8388607,flicker
67.1689,3955698,flicker
67.1720,-8388608,flicker
67.1762,-8388608,flicker
67.1814,4675347,flicker
67.1847,8388607,flicker
67.1884,4999249,flicker
67.1925,-8388608,flicker
67.1980,-8388608,flicker
67.2017,3628860,flicker
67.2050,8388607,flicker
67.2089,5833076,flicker
67.2139,-8388608,flicker
67.2175,-8388608,flicker
67.2224,2517957,flicker
67.2253,8388607,flicker
67.2295,6377,flicker
67.2337,-8388608,flicker
67.2383,-8388608,flicker
67.2425,1300312,flicker
67.2462,8388607,flicker
67.2502,7501796,flicker
67.2517,-,flicker
67.2545,8388608,flicker
67.2562,-,flicker
67.2583,8388608,flicker
67.2599,13,flicker
67.2623,8416,flicker
67.2639,8,flicker
67.2669,07,flicker
67.2694,8173598,flicker
67.2713,-8388608,flicker
67.2761,-8388608,flicker
67.2803,-997690,flicker
67.2826,8388607,flicker
67.2873,8388607,flicker
67.2921,-8388608,flicker
67.2969,-838860,flicker
67.2996,-2153975,flicker
67.3032,8388607,flicker
67.3077,8388607,flicker
67.3114,-8388608,flicker
67.3159,-8388608,flicker
67.3207,-3129512,flicker
67.3241,8388607,flicker
67.3277,8388607,flicker
67.3324,-8388608,flicker
67.3370,-8388608,flicker
67.3404,-3992377,flicker
67.3441,8388607,flicker
67.3491,8388607,flicker
67.3536,-8388608,flicker
67.3563,-8388608,flicker
67.3609,-4792041,flicker
67.3658,8388607,flicker
67.3707,8388607,flicker
67.3728,-8388608,flicker
67.3775,-8388608,flicker
67.3791,-,flicker
67.3827,5581363,flicker
67.3850,8388607,flicker
67.3865,8,flicker
67.3891,388607,flicker
67.3903,-8388,flicker
67.3936,608,flicker
67.3958,-838860,flicker
67.3973,8,flicker
67.3982,-6408529,flicker
67.4013,8388607,flicker
67.4055,8388607,flicker
67.4099,-8001152,flicker
67.4151,-8388608,flicker
67.4185,-7194674,flicker
67.4218,8388607,flicker
67.4259,8388607,flicker
67.4303,786,flicker
67.4349,-8388608,flicker
67.4398,-7895104,flicker
67.4428,8388607,flicker
67.4466,3887,flicker
67.4515,-6551936,flicker
67.4555,-8388608,flicker
67.4597,-8388608,flicker
67.4646,67,flicker
67.4669,8388607,flicker
67.4716,-5753870,flicker
67.4767,-8388608,flicker
67.4796,-8388608,flicker
67.4846,8388607,flicker
67.4874,8388607,flicker
67.4917,-4799998,flicker
67.4959,868,flicker
67.5001,-8388608,flicker
67.5042,8388607,flicker
67.5093,8388607,flicker
67.5119,-,flicker
67.5126,3788588,flicker
67.5141,-,flicker
67.5170,8388608,flicker
67.5189,-838,flicker
67.5201,8608,flicker
67.5212,838860,flicker
67.5243,7,flicker
67.5244,8388607,flicker
67.5300,-261921,flicker
67.5344,-8388608,flicker
67.5379,-8388608,flicker
67.5407,8388607,flicker
67.5475,8388607,flicker
67.5489,-1403406,flicker
67.5529,-8388608,flicker
67.5571,-8388608,flicker
67.5612,8059983,flicker
67.5665,8388607,flicker
67.5693,-222219,flicker
67.5733,-8388608,flicker
67.5775,-8388608,flicker
67.5819,7486371,flicker
67.5857,8388607,flicker
67.5897,1012303,flicker
67.5940,-8388608,flicker
67.5989,-8388608,flicker
67.6020,6794857,flicker
67.6062,8388607,flicker
67.6105,2172206,flicker
67.6148,-8388608,flicker
67.6199,-8388608,flicker
67.6226,6075231,flicker
67.6274,8388607,flicker
67.6315,3382959,flicker
67.6365,-8388608,flicker
67.6375,-,flicker
67.6389,8388608,flicker
67.6432,5255303,flicker
67.6451,838,flicker
67.6475,8607,flicker
67.6495,44266,flicker
67.6512,70,flicker
67.6527,-8388608,flicker
67.6554,-8388608,flicker
67.6595,4278856,flicker
67.6640,8388607,flicker
67.6692,5362875,flicker
67.6717,-8388608,flicker
67.6758,-8388608,flicker
67.6813,3296092,flicker
67.6855,8388607,flicker
67.6880,6179582,flicker
67.6922,-8388608,flicker
67.6971,-8388608,flicker
67.7016,2092583,flicker
67.7044,8388607,flicker
67.7086,6991578,flicker
67.7142,880,flicker
67.7174,-8388608,flicker
67.7212,861310,flicker
67.7286,8388607,flicker
67.7293,7814042,flicker
67.7341,-8388608,flicker
67.7376,-8388608,flicker
67.7415,-303239,flicker
67.7457,380,flicker
67.7505,8388607,flicker
67.7549,-8388608,flicker
67.7595,-8388608,flicker
67.7618,-1476141,flicker
67.7667,8388607,flicker
67.7700,8388607,flicker
67.7712,-83,flicker
67.7742,88608,flicker
67.7757,-83886,flicker
67.7786,08,flicker
67.7801,-,flicker
67.7836,8388607,flicker
67.7873,8388607,flicker
67.7929,-8388608,flicker
67.7955,-8388608,flicker
67.7989,345734,flicker
67.8032,8388607,flicker
67.8088,8388607,flicker
67.8124,-8388608,flicker
67.8162,-8388608,flicker
67.8192,-4248985,flicker
67.8245,8388607,flicker
67.8278,8388607,flicker
67.8321,-8388608,flicker
67.8359,-8388608,flicker
67.8396,-5061344,flicker
67.8439,8388607,flicker
67.8485,8388607,flicker
67.8523,-8388608,flicker
67.8560,-8388608,flicker
67.8606,-5955784,flicker
67.8646,8388607,flicker
67.8696,8388607,flicker
67.8730,-8388608,flicker
67.8769,-8388608,flicker
67.8810,-6724062,flicker
67.8847,8388607,flicker
67.8888,8388607,flicker
67.8903,-,flicker
67.8931,7780532,flicker
67.8936,-,flicker
67.8983,8388608,flicker
67.9003,-74,flicker
67.9010,46800,flicker
67.9028,83886,flicker
67.9051,07,flicker
67.9067,8388607,flicker
67.9093,-7000602,flicker
67.9145,-8388608,flicker
67.9175,-8150300,flicker
67.9215,8388607,flicker
67.9256,8388607,flicker
67.9307,-6219081,flicker
67.9342,-8388608,flicker
67.9379,-8388608,flicker
67.9420,8388607,flicker
67.9471,8388607,flicker
67.9515,-5289023,flicker
67.9543,-8388608,flicker
67.9584,-8388608,flicker
67.9628,307,flicker
67.9670,8388607,flicker
67.9716,-4359415,flicker
67.9754,-8388608,flicker
67.9792,860,flicker
67.9844,8388607,flicker
67.9879,8388607,flicker
67.9919,-3221996,flicker
67.9956,868,flicker
67.9999,-8388608,flicker
68.0041,8388607,flicker
68.0084,8388607,flicker
68.0123,-20277,flicker
68.0167,-8388608,flicker
68.0186,-,flicker
68.0213,8388608,flicker
68.0239,8383559,flicker
68.0251,83,flicker
68.0285,88,flicker
68.0298,-77134,flicker
68.0349,-8388608,flicker
68.0378,-8388608,flicker
68.0411,7824655,flicker
68.0444,8388607,flicker
68.0491,335815,flicker
68.0536,-8388608,flicker
68.0567,-8388608,flicker
68.0609,7199152,flicker
68.0654,8388607,flicker
68.0695,1552299,flicker
68.0731,-8388608,flicker
68.0775,-8388608,flicker
68.0819,6470308,flicker
68.0856,8388607,flicker
68.0895,2827712,flicker
68.0939,-8388608,flicker
68.0984,-8388608,flicker
68.1017,5733222,flicker
68.1059,8388607,flicker
68.1106,3857683,flicker
68.1153,-8388608,flicker
68.1190,-8388608,flicker
68.1222,4846363,flicker
68.1270,8388607,flicker
68.1314,4906564,flicker
68.1361,-8388608,flicker
68.1386,-8388608,flicker
68.1428,3802245,flicker
68.1481,8388607,flicker
68.1510,5736000,flicker
68.1523,-8,flicker
68.1550,388608,flicker
68.1568,-8388,flicker
68.1591,608,flicker
68.1605,2690104,flicker
68.1648,8388607,flicker
68.1679,6559959,flicker
68.1714,-8388608,flicker
68.1755,-8388608,flicker
68.1810,4711,flicker
68.1846,8388607,flicker
68.1893,7427497,flicker
68.1919,-8388608,flicker
68.1962,8388,flicker
68.2007,312035,flicker
68.2051,8388607,flicker
68.2083,8181147,flicker
68.2128,-83868,flicker
68.2172,-8388608,flicker
68.2216,-959888,flicker
68.2270,8388607,flicker
68.2288,8388607,flicker
68.2336,-8388608,flicker
68.2369,-8388608,flicker
68.2410,-2044712,flicker
68.2468,8807,flicker
68.2514,8388607,flicker
68.2552,-8388608,flicker
68.2575,-8388608,flicker
68.2617,-3060872,flicker
68.2678,8388607,flicker
68.2697,8388607,flicker
68.2708,-,flicker
68.2739,8388608,flicker
68.2753,-,flicker
68.2779,8388608,flicker
68.2791,-3,flicker
68.2833,887541,flicker
68.2851,8388,flicker
68.2860,607,flicker
68.2873,8388607,flicker
68.2903,-8388608,flicker
68.2944,-8388608,flicker
68.3007,-4586464,flicker
68.3027,8388607,flicker
68.3065,8388607,flicker
68.3108,-8388608,flicker
68.3156,-8388608,flicker
68.3188,-5486301,flicker
68.3229,8388607,flicker
68.3273,8388607,flicker
68.3335,-8388608,flicker
68.3353,-8388608,flicker
68.3395,-6304099,flicker
68.3436,8388607,flicker
68.3487,8388607,flicker
68.3521,-8045276,flicker
68.3559,-8388608,flicker
68.3603,-7098752,flicker
68.3644,8388607,flicker
68.3694,8388607,flicker
68.3721,-7383416,flicker
68.3770,-8388608,flicker
68.3816,-7852537,flicker
68.3860,8388607,flicker
68.3885,8388607,flicker
68.3926,-6582834,flicker
68.3970,-8388608,flicker
68.3982,-,flicker
68.4021,8388608,flicker
68.4048,8388607,flicker
68.4059,8,flicker
68.4090,388607,flicker
68.4104,-5754,flicker
68.4145,382,flicker
68.4168,-8388608,flicker
68.4174,-8388608,flicker
68.4212,8388607,flicker
68.4254,8388607,flicker
68.4314,1,flicker
68.4349,-8388608,flicker
68.4387,-8388608,flicker
68.4436,8388607,flicker
68.4458,8388607,flicker
68.4504,-3778967,flicker
68.4540,-8388608,flicker
68.4583,-8388608,flicker
68.4623,38807,flicker
68.4669,8388607,flicker
68.4723,-2688532,flicker
68.4746,-8388608,flicker
68.4788,8386,flicker
68.4830,8388607,flicker
68.4871,8388607,flicker
68.4916,-1386719,flicker
68.4975,8388,flicker
68.5000,-8388608,flicker
68.5033,8104107,flicker
68.5073,8388607,flicker
68.5115,-270402,flicker
68.5161,-8388608,flicker
68.5195,-8388608,flicker
68.5236,7501079,flicker
68.5278,8388607,flicker
68.5325,1010559,flicker
68.5341,-8,flicker
68.5360,388608,flicker
68.5373,-8388,flicker
68.5400,608,flicker
68.5409,6851451,flicker
68.5442,8388607,flicker
68.5489,2165896,flicker
68.5523,-8388608,flicker
68.5566,-8388608,flicker
68.5607,6117219,flicker
68.5656,8388607,flicker
68.5687,3283325,flicker
68.5727,-8388608,flicker
68.5774,-8388608,flicker
68.5822,5369497,flicker
68.5854,8388607,flicker
68.5891,4354210,flicker
68.5937,-8388608,flicker
68.5985,-8388608,flicker
68.6015,4377939,flicker
68.6055,8388607,flicker
68.6101,5288820,flicker
68.6150,-8388608,flicker
68.6190,-8388608,flicker
68.6219,3299907,flicker
68.6261,8388607,flicker
68.6316,6121243,flicker
68.6349,-8388608,flicker
68.6384,-8388608,flicker
68.6425,2153479,flicker
68.6472,8388607,flicker
68.6506,6949092,flicker
68.6522,-,flicker
68.6547,8388608,flicker
68.6559,-,flicker
68.6589,8388608,flicker
68.6602,93,flicker
68.6645,4383,flicker
68.6671,607,flicker
68.6704,775389,flicker
68.6725,9,flicker
68.6737,-8388608,flicker
68.6757,-8388608,flicker
68.6822,130750,flicker
68.6835,8388607,flicker
68.6874,8388607,flicker
68.6918,-8388608,flicker
68.6973,8880,flicker
68.7024,-1309427,flicker
68.7058,8388607,flicker
68.7096,8388607,flicker
68.7121,-8388608,flicker
68.7167,-8388608,flicker
68.7202,-2517402,flicker
68.7243,8388607,flicker
68.7302,83880,flicker
68.7335,-8388608,flicker
68.7382,-8388608,flicker
68.7411,-3431909,flicker
68.7450,8388607,flicker
68.7495,8388607,flicker
68.7530,-8388608,flicker
68.7572,-8388608,flicker
68.7613,-4253928,flicker
68.7657,8388607,flicker
68.7697,8388607,flicker
68.7735,-8388608,flicker
68.7777,-8388608,flicker
68.7794,-,flicker
68.7822,5018368,flicker
68.7859,8388607,flicker
68.7873,8,flicker
68.7900,388607,flicker
68.7911,-838,flicker
68.7941,8608,flicker
68.7959,-838860,flicker
68.7985,8,flicker
68.8005,-5877278,flicker
68.8021,8388607,flicker
68.8062,8388607,flicker
68.8109,-8388608,flicker
68.8153,-8388608,flicker
68.8194,-6716902,flicker
68.8226,8388607,flicker
68.8270,8388607,flicker
68.8315,-7809948,flicker
68.8350,-8388608,flicker
68.8390,-7474446,flicker
68.8436,8388607,flicker
68.8485,8388607,flicker
68.8513,-7024432,flicker
68.8554,-8388608,flicker
68.8598,-8133885,flicker
68.8651,8388607,flicker
68.8685,8388607,flicker
68.8718,-6283518,flicker
68.8760,-8388608,flicker
68.8802,838868,flicker
68.8858,8388607,flicker
68.8888,8388607,flicker
68.8929,-5433916,flicker
68.8968,-8388608,flicker
68.9019,8388608,flicker
68.9051,8388607,flicker
68.9087,8388607,flicker
68.9101,-,flicker
68.9147,50901-,flicker
68.9174,8388608,flicker
68.9188,-838,flicker
68.9209,8608,flicker
68.9227,838860,flicker
68.9250,7,flicker
68.9251,8388607,flicker
68.9314,3359031,flicker
68.9333,-8388608,flicker
68.9374,-8388608,flicker
68.9417,8388607,flicker
68.9457,307,flicker
68.9509,-2175624,flicker
68.9539,-8388608,flicker
68.9578,-8388608,flicker
68.9624,385,flicker
68.9670,8388607,flicker
68.9727,-953838,flicker
68.9742,-8388608,flicker
68.9786,-8388608,flicker
68.9838,7839363,flicker
68.9865,8388607,flicker
68.9906,269245,flicker
68.9948,-8388608,flicker
69.0000,-8388608,flicker
69.0032,7188916,flicker
69.0069,8388607,flicker
69.0112,1356577,flicker
69.0159,-8388608,flicker
69.0193,-8388608,flicker
69.0234,6470152,flicker
69.0276,8388607,flicker
69.0321,2651866,flicker
69.0356,-8388608,flicker
69.0369,-,flicker
69.0398,8388608,flicker
69.0440,5744301,flicker
69.0450,838,flicker
69.0485,8607,flicker
69.0503,377726,flicker
69.0520,4,flicker
69.0535,-8388608,flicker
69.0562,-8388608,flicker
69.0608,4864641,flicker
69.0649,8388607,flicker
69.0684,4737693,flicker
69.0724,-8388608,flicker
69.0771,-8388608,flicker
69.0813,3844724,flicker
69.0852,8388607,flicker
69.0888,5686826,flicker
69.0932,-8388608,flicker
69.0979,-8388608,flicker
69.1013,2751892,flicker
69.1052,8388607,flicker
69.1094,6413585,flicker
69.1156,-8388608,flicker
69.1177,-8388608,flicker
69.1216,1625218,flicker
69.1257,8388607,flicker
69.1311,7246019,flicker
69.1345,-8388608,flicker
69.1381,-8388608,flicker
69.1420,427656,flicker
69.1463,388607,flicker
69.1508,8036312,flicker
69.1562,-8388608,flicker
69.1585,-8388608,flicker
69.1630,757,flicker
69.1672,8388607,flicker
69.1709,8388607,flicker
69.1726,-838,flicker
69.1752,8608,flicker
69.1762,-83886,flicker
69.1810,810786,flicker
69.1840,8388607,flicker
69.1893,8388607,flicker
69.1919,-8388608,flicker
69.1958,-3808,flicker
69.2015,-3012206,flicker
69.2050,8388607,flicker
69.2091,8388607,flicker
69.2120,-8388608,flicker
69.2162,-8388608,flicker
69.2199,-3861178,flicker
69.2240,8388607,flicker
69.2282,8388607,flicker
69.2331,-8388608,flicker
69.2364,-8388608,flicker
69.2404,-4641707,flicker
69.2446,8388607,flicker
69.2493,8388607,flicker
69.2527,-8388608,flicker
69.2568,-8388608,flicker
69.2609,-5471257,flicker
69.2664,8388607,flicker
69.2692,8388607,flicker
69.2740,-8388608,flicker
69.2775,-8388608,flicker
69.2828,-6214380,flicker
69.2862,8388607,flicker
69.2898,8388607,flicker
69.2913,-,flicker
69.2938,8236480,flicker
69.2948,-,flicker
69.2986,8388608,flicker
69.2999,-70,flicker
69.3018,15263,flicker
69.3030,83886,flicker
69.3059,07,flicker
69.3075,8388607,flicker
69.3107,-7574620,flicker
69.3157,-8388608,flicker
69.3184,-7766528,flicker
69.3223,8388607,flicker
69.3273,8388607,flicker
69.3315,-6780684,flicker
69.3352,-8388608,flicker
69.3388,-8360989,flicker
69.3428,8388607,flicker
69.3489,8388607,flicker
69.3514,-6001688,flicker
69.3551,-8388608,flicker
69.3592,-8388608,flicker
69.3650,8388607,flicker
69.3682,8388607,flicker
69.3715,-5136200,flicker
69.3756,-8388608,flicker
69.3821,83868,flicker
69.3845,8388607,flicker
69.3903,8388607,flicker
69.3920,-4108224,flicker
69.3975,8388,flicker
69.4033,-8388608,flicker
69.4063,8388607,flicker
69.4092,8388607,flicker
69.4128,2,flicker
69.4169,-8388608,flicker
69.4181,-,flicker
69.4233,8388608,flicker
69.4248,8388607,flicker
69.4259,83,flicker
69.4307,-19,flicker
69.4332,1,flicker
69.4350,-8388608,flicker
69.4394,-8388608,flicker
69.4412,8192355,flicker
69.4464,8386,flicker
69.4495,-501622,flicker
69.4542,-8388608,flicker
69.4589,-8388608,flicker
69.4619,7618743,flicker
69.4674,387,flicker
69.4731,602187,flicker
69.4778,-8388608,flicker
69.4809,-8388608,flicker
69.4826,6968464,flicker
69.4875,3880,flicker
69.4908,1770885,flicker
69.4949,-8388608,flicker
69.4991,-8388608,flicker
69.5037,6257357,flicker
69.5068,8388607,flicker
69.5109,2911499,flicker
69.5165,-8388608,flicker
69.5190,-8388608,flicker
69.5231,5509428,flicker
69.5274,8388607,flicker
69.5324,4013372,flicker
69.5356,-8388608,flicker
69.5395,-8388608,flicker
69.5442,4574851,flicker
69.5478,8388607,flicker
69.5528,4941908,flicker
69.5540,-8,flicker
69.5558,388608,flicker
69.5570,-8388,flicker
69.5602,608,flicker
69.5621,3565074,flicker
69.5643,8388607,flicker
69.5690,5817997,flicker
69.5722,-8388608,flicker
69.5768,-8388608,flicker
69.5809,2462188,flicker
69.5853,8388607,flicker
69.5888,6628396,flicker
69.5927,-8388608,flicker
69.6001,-8388608,flicker
69.6009,1316780,flicker
69.6050,8388607,flicker
69.6092,7405397,flicker
69.6155,8388,flicker
69.6177,-8388608,flicker
69.6218,142119,flicker
69.6283,8388607,flicker
69.6296,8165068,flicker
69.6350,-8388608,flicker
69.6381,-8388608,flicker
69.6418,-967028,flicker
69.6461,36,flicker
69.6514,8388607,flicker
69.6555,-8388608,flicker
69.6585,-8388608,flicker
69.6640,2206,flicker
69.6710,8388607,flicker
69.6713,8388607,flicker
69.6727,-,flicker
69.6746,8388608,flicker
69.6757,-,flicker
69.6805,388-,flicker
69.6831,62100,flicker
69.6854,8388,flicker
69.6882,607,flicker
69.6895,8388607,flicker
69.6910,-8388608,flicker
69.6971,-8388,flicker
69.6995,-3996651,flicker
69.7044,8388607,flicker
69.7076,8388607,flicker
69.7131,-838860,flicker
69.7162,-8388608,flicker
69.7200,-4846906,flicker
69.7257,8388607,flicker
69.7284,8388607,flicker
69.7324,83868,flicker
69.7369,-8388608,flicker
69.7406,-5646086,flicker
69.7454,8388607,flicker
69.7502,8388607,flicker
69.7527,-8388608,flicker
69.7568,-8388608,flicker
69.7622,-6459640,flicker
69.7650,387,flicker
69.7694,8388607,flicker
69.7735,-8162940,flicker
69.7785,-8388608,flicker
69.7812,-7185015,flicker
69.7855,8388607,flicker
69.7895,8388607,flicker
69.7937,-7412832,flicker
69.7976,-8388608,flicker
69.7989,-,flicker
69.8016,7896179,flicker
69.8057,8388607,flicker
69.8071,8,flicker
69.8103,388607,flicker
69.8118,-666,flicker
69.8148,4519,flicker
69.8168,-838860,flicker
69.8178,8,flicker
69.8180,-8388608,flicker
69.8220,8388607,flicker
69.8262,8388607,flicker
69.8306,42,flicker
69.8357,-8388608,flicker
69.8411,-8388608,flicker
69.8425,8388607,flicker
69.8482,8388607,flicker
69.8507,-4925103,flicker
69.8548,-8388608,flicker
69.8589,-8388608,flicker
69.8647,8388607,flicker
69.8671,8388607,flicker
69.8713,-3917270,flicker
69.8753,-8388608,flicker
69.8796,8380,flicker
69.8839,8388607,flicker
69.8887,8388607,flicker
69.8929,-2719372,flicker
69.8959,-8388608,flicker
69.9001,-8388608,flicker
69.9050,8388607,flicker
69.9081,8388607,flicker
69.9135,150570,flicker
69.9174,-8388608,flicker
69.9220,-8388608,flicker
69.9247,8089399,flicker
69.9286,8388607,flicker
69.9297,-,flicker
69.9331,293661,flicker
69.9348,-,flicker
69.9367,8388608,flicker
69.9379,-838,flicker
69.9409,8608,flicker
69.9424,747889,flicker
69.9453,3,flicker
69.9459,86,flicker
69.9493,902292,flicker
69.9571,-8388608,flicker
69.9574,-8388608,flicker
69.9613,6753209,flicker
69.9659,8388607,flicker
69.9698,2073157,flicker
69.9735,-8388608,flicker
69.9777,-8388608,flicker
69.9823,6118020,flicker
69.9859,8388607,flicker
69.9900,3246136,flicker
69.9941,-8388608,flicker
69.9990,-8388608,flicker
70.0022,5269792,flicker
70.0064,8388607,flicker
70.0107,4262141,flicker
70.0162,-8388608,flicker
70.0186,-8388608,flicker
70.0228,4317863,flicker
70.0273,8388607,flicker
70.0341,5243730,flicker
70.0355,-8388608,flicker
70.0392,-8388608,flicker
70.0438,3247595,flicker
70.0480,8388607,flicker
70.0532,6054108,flicker
70.0555,-8388608,flicker
70.0567,-,flicker
70.0599,8388608,flicker
70.0655,2123940,flicker
70.0666,838,flicker
70.0694,8607,flicker
70.0709,687884,flicker
70.0718,4,flicker
70.0731,-8388608,flicker
70.0765,-8388608,flicker
70.0812,984199,flicker
70.0845,8388607,flicker
70.0883,7728393,flicker
70.0924,-8388608,flicker
70.0975,-8388608,flicker
70.1008,-243593,flicker
70.1046,8388607,flicker
70.1088,8388607,flicker
70.1154,886,flicker
70.1186,-8388608,flicker
70.1239,-1445809,flicker
70.1257,8388607,flicker
70.1304,6,flicker
70.1355,-8388608,flicker
70.1393,-8388608,flicker
70.1423,-2589014,flicker
70.1456,8388607,flicker
70.1514,8388607,flicker
70.1538,-8388608,flicker
70.1579,-8388608,flicker
70.1641,325,flicker
70.1668,8388607,flicker
70.1723,8388607,flicker
70.1743,-8388608,flicker
70.1797,88,flicker
70.1846,-4349048,flicker
70.1871,8388607,flicker
70.1909,8388607,flicker
70.1921,-838,flicker
70.1950,8608,flicker
70.1969,86,flicker
70.1992,8,flicker
70.2038,-5138316,flicker
70.2063,8388607,flicker
70.2071,8388607,flicker
70.2115,-8388608,flicker
70.2173,8386,flicker
70.2201,-5940634,flicker
70.2239,8388607,flicker
70.2288,8388607,flicker
70.2322,-38,flicker
70.2372,-8388608,flicker
70.2427,-6731420,flicker
70.2444,8388607,flicker
70.2494,88867,flicker
70.2538,-7868780,flicker
70.2562,-8388608,flicker
70.2606,-7515406,flicker
70.2653,8388607,flicker
70.2686,8388607,flicker
70.2727,-7120161,flicker
70.2772,-8388608,flicker
70.2817,-8168515,flicker
70.2854,8388607,flicker
70.2891,8388607,flicker
70.2937,-6310136,flicker
70.2973,-8388608,flicker
70.3021,-8388608,flicker
70.3054,8388607,flicker
70.3095,8388607,flicker
70.3114,-,flicker
70.3157,49407,flicker
70.3182,8388608,flicker
70.3204,-83,flicker
70.3226,88608,flicker
70.3245,83886,flicker
70.3258,07,flicker
70.3275,8388607,flicker
70.3318,-4452621,flicker
70.3347,-8388608,flicker
70.3382,-8388608,flicker
70.3422,8388607,flicker
70.3470,38807,flicker
70.3532,-3424177,flicker
70.3567,-8388608,flicker
70.3586,-8388608,flicker
70.3630,3867,flicker
70.3688,8388607,flicker
70.3724,-2293582,flicker
70.3774,-8388608,flicker
70.3797,-8388608,flicker
70.3845,83859,flicker
70.3888,8388607,flicker
70.3935,-1025014,flicker
70.3965,-8388608,flicker
70.3997,-8388608,flicker
70.4038,9,flicker
70.4099,8388607,flicker
70.4135,145655,flicker
70.4174,-8388608,flicker
70.4225,-8388608,flicker
70.4246,7206707,flicker
70.4287,8388607,flicker
70.4329,1322912,flicker
70.4364,-8388608,flicker
70.4374,-,flicker
70.4405,8388608,flicker
70.4448,6532932,flicker
70.4464,83,flicker
70.4489,88607,flicker
70.4504,25064,flicker
70.4527,01,flicker
70.4541,-8388608,flicker
70.4570,-8388608,flicker
70.4610,5805209,flicker
70.4652,8388607,flicker
70.4697,3667741,flicker
70.4733,-8388608,flicker
70.4775,-8388608,flicker
70.4832,4952158,flicker
70.4855,8388607,flicker
70.4896,4615921,flicker
70.4941,-8388608,flicker
70.5010,-8388608,flicker
70.5022,3927546,flicker
70.5061,8388607,flicker
70.5104,5556063,flicker
70.5146,-8388608,flicker
70.5194,-8388608,flicker
70.5225,2862404,flicker
70.5269,8388607,flicker
70.5336,6405898,flicker
70.5350,-8388608,flicker
70.5388,-8388608,flicker
70.5431,1648533,flicker
70.5486,8388607,flicker
70.5526,7195775,flicker
70.5551,-8388608,flicker
70.5593,-8388608,flicker
70.5644,473394,flicker
70.5685,8388607,flicker
70.5716,7996740,flicker
70.5728,-83,flicker
70.5757,88608,flicker
70.5773,-83886,flicker
70.5806,08,flicker
70.5820,-694345,flicker
70.5843,8388607,flicker
70.5879,8388607,flicker
70.5921,-8388608,flicker
70.5978,-8388608,flicker
70.6011,-1858451,flicker
70.6044,8388607,flicker
70.6084,8388607,flicker
70.6150,83880,flicker
70.6181,-8388608,flicker
70.6222,-2922071,flicker
70.6250,8388607,flicker
70.6303,3886,flicker
70.6336,-8388608,flicker
70.6401,-8388608,flicker
70.6416,-3804703,flicker
70.6455,387,flicker
70.6499,8388607,flicker
70.6550,-8388608,flicker
70.6577,-8388608,flicker
70.6633,-46071,flicker
70.6679,8388607,flicker
70.6714,8388607,flicker
70.6740,-8388608,flicker
70.6800,-880,flicker
70.6829,-5483678,flicker
70.6897,8388607,flicker
70.6924,8388607,flicker
70.6948,-8388608,flicker
70.6959,-,flicker
70.6994,8388608,flicker
70.7012,-62,flicker
70.7027,62183,flicker
70.7044,83886,flicker
70.7067,07,flicker
70.7082,8388607,flicker
70.7109,-8221772,flicker
70.7154,-8388608,flicker
70.7190,-7076569,flicker
70.7230,8388607,flicker
70.7275,8388607,flicker
70.7325,-7559912,flicker
70.7354,-8388608,flicker
70.7394,-7790428,flicker
70.7440,8388607,flicker
70.7484,8388607,flicker
70.7519,-6825044,flicker
70.7559,-8388608,flicker
70.7604,-8388608,flicker
70.7646,8388607,flicker
70.7682,8388607,flicker
70.7722,-6080968,flicker
70.7772,-8388608,flicker
70.7825,-8388608,flicker
70.7845,8388607,flicker
70.7886,8388607,flicker
70.7928,-5146995,flicker
70.7977,-8388608,flicker
70.8014,-8388608,flicker
70.8052,8388607,flicker
70.8091,8388607,flicker
70.8151,40927,flicker
70.8174,-8388608,flicker
70.8197,-,flicker
70.8229,8388608,flicker
70.8255,8388607,flicker
70.8267,83,flicker
70.8297,8607,flicker
70.8312,-298,flicker
70.8342,10,flicker
70.8362,-8388608,flicker
70.8402,-8388608,flicker
70.8419,8388607,flicker
70.8471,388607,flicker
70.8505,-1774188,flicker
70.8542,-8388608,flicker
70.8586,-8388608,flicker
70.8636,176,flicker
70.8678,8388607,flicker
70.8710,-596214,flicker
70.8768,-8388608,flicker
70.8789,-8388608,flicker
70.8841,7633451,flicker
70.8880,8388607,flicker
70.8910,688629,flicker
70.8974,-308,flicker
70.8998,8388608,flicker
70.9051,6902601,flicker
70.9077,8388607,flicker
70.9116,1793079,flicker
70.9163,-8388608,flicker
70.9197,-8388608,flicker
70.9238,6239431,flicker
70.9280,8388607,flicker
70.9325,3081097,flicker
70.9364,-8388608,flicker
70.9402,-8388608,flicker
70.9445,5475791,flicker
70.9490,8388607,flicker
70.9545,4018781,flicker
70.9550,-8,flicker
70.9566,388608,flicker
70.9580,-8388,flicker
70.9611,608,flicker
70.9623,4506675,flicker
70.9674,8388607,flicker
70.9692,5006825,flicker
70.9731,-8388608,flicker
70.9776,-8388608,flicker
70.9824,3554647,flicker
70.9876,8388607,flicker
70.9894,5862234,flicker
70.9941,-8388608,flicker
70.9981,-8388608,flicker
71.0017,2348884,flicker
71.0057,8388607,flicker
71.0105,6674213,flicker
71.0144,-8388608,flicker
71.0183,-8388608,flicker
71.0221,1218995,flicker
71.0263,8388607,flicker
71.0315,7565556,flicker
71.0344,-8388608,flicker
71.0385,-8388608,flicker
71.0429,27914,flicker
71.0469,3807,flicker
71.0521,8187397,flicker
71.0557,-8388608,flicker
71.0591,-8388608,flicker
71.0634,-1185726,flicker
71.0684,8388607,flicker
71.0719,8388607,flicker
71.0735,-,flicker
71.0755,8388608,flicker
71.0768,-,flicker
71.0813,2,flicker
71.0848,279058,flicker
71.0878,8388607,flicker
71.0892,8388607,flicker
71.0920,-8388608,flicker
71.0961,83868,flicker
71.1003,-3309154,flicker
71.1051,8388607,flicker
71.1085,8388607,flicker
71.1123,-8388608,flicker
71.1172,-8388608,flicker
71.1214,-4117592,flicker
71.1245,8388607,flicker
71.1290,8860,flicker
71.1332,-8388608,flicker
71.1382,-8388608,flicker
71.1414,-4840257,flicker
71.1458,8388607,flicker
71.1504,8388607,flicker
71.1544,-8388608,flicker
71.1573,-8388608,flicker
71.1617,-5735857,flicker
71.1666,8388607,flicker
71.1698,8388607,flicker
71.1737,-8388608,flicker
71.1778,-8388608,flicker
71.1829,-6517114,flicker
71.1861,8388607,flicker
71.1900,8388607,flicker
71.1941,-8015860,flicker
71.2000,-8388608,flicker
71.2018,-,flicker
71.2023,7292149,flicker
71.2064,8388607,flicker
71.2078,8,flicker
71.2106,388607,flicker
71.2118,-7305,flicker
71.2151,989,flicker
71.2168,-838860,flicker
71.2187,8,flicker
71.2189,-8007727,flicker
71.2229,8388607,flicker
71.2273,8388607,flicker
71.2341,-6531451,flicker
71.2351,-8388608,flicker
71.2392,-8388608,flicker
71.2443,8388607,flicker
71.2488,8388607,flicker
71.2534,-5746485,flicker
71.2557,-8388608,flicker
71.2604,-8388608,flicker
71.2665,8388607,flicker
71.2678,8388607,flicker
71.2719,-4814806,flicker
71.2761,-8388608,flicker
71.2826,-8388608,flicker
71.2842,8388607,flicker
71.2883,8388607,flicker
71.2925,-3715971,flicker
71.2976,-8388608,flicker
71.3011,-8388608,flicker
71.3047,8388607,flicker
71.3088,8388607,flicker
71.3132,26068,flicker
71.3185,-8388608,flicker
71.3233,-8388608,flicker
71.3260,8388607,flicker
71.3296,8388607,flicker
71.3311,-,flicker
71.3348,1313428,flicker
71.3363,-8,flicker
71.3375,388608,flicker
71.3385,-838,flicker
71.3416,8608,flicker
71.3432,801585,flicker
71.3462,6,flicker
71.3506,-158392,flicker
71.3552,-8388608,flicker
71.3580,-8388608,flicker
71.3623,6,flicker
71.3665,8388607,flicker
71.3716,1036244,flicker
71.3758,-8388608,flicker
71.3787,-8388608,flicker
71.3836,6683875,flicker
71.3866,8388607,flicker
71.3907,2318351,flicker
71.3968,-838868,flicker
71.3995,-8388608,flicker
71.4045,5936132,flicker
71.4097,8388607,flicker
71.4112,3417464,flicker
71.4157,-8388608,flicker
71.4194,-8388608,flicker
71.4235,5061192,flicker
71.4278,8388607,flicker
71.4330,4442433,flicker
71.4358,-8388608,flicker
71.4399,-8388608,flicker
71.4440,4136734,flicker
71.4499,8388607,flicker
71.4521,5321630,flicker
71.4534,-,flicker
71.4563,8388608,flicker
71.4572,-,flicker
71.4606,8388608,flicker
71.4654,3041839,flicker
71.4673,838,flicker
71.4685,8607,flicker
71.4697,616512,flicker
71.4726,9,flicker
71.4728,-8388608,flicker
71.4773,-8388608,flicker
71.4817,1912200,flicker
71.4863,8388607,flicker
71.4890,7016104,flicker
71.4935,-8388608,flicker
71.4981,-8388608,flicker
71.5013,732185,flicker
71.5053,8388607,flicker
71.5099,7789660,flicker
71.5145,-8388608,flicker
71.5193,-8388608,flicker
71.5218,-455317,flicker
71.5260,8388607,flicker
71.5309,8388607,flicker
71.5354,-8388608,flicker
71.5382,-8388608,flicker
71.5423,-1659908,flicker
71.5475,388607,flicker
71.5525,8388607,flicker
71.5550,-8388608,flicker
71.5587,-8388608,flicker
71.5629,2789,flicker
71.5674,8388607,flicker
71.5727,8388607,flicker
71.5763,-8388608,flicker
71.5797,-88860,flicker
71.5841,-3703579,flicker
71.5890,8388607,flicker
71.5922,8388607,flicker
71.5942,-838,flicker
71.5959,80,flicker
71.5976,38,flicker
71.6000,08,flicker
71.6018,-4524748,flicker
71.6037,8388607,flicker
71.6078,8388607,flicker
71.6123,8880,flicker
71.6166,-8388608,flicker
71.6216,-5295964,flicker
71.6242,8388607,flicker
71.6293,83880,flicker
71.6330,-8388608,flicker
71.6378,-8388608,flicker
71.6407,-6111921,flicker
71.6448,8388607,flicker
71.6498,8388607,flicker
71.6533,-8388608,flicker
71.6569,-8388608,flicker
71.6611,-6867340,flicker
71.6668,8388607,flicker
71.6693,8388607,flicker
71.6733,-7765824,flicker
71.6775,-8388608,flicker
71.6843,-7597931,flicker
71.6859,8388607,flicker
71.6897,8388607,flicker
71.6941,-7061720,flicker
71.6989,-8388608,flicker
71.7035,-8299512,flicker
71.7061,8388607,flicker
71.7106,8388607,flicker
71.7123,-,flicker
71.7147,6307703,flicker
71.7162,-,flicker
71.7184,8388608,flicker
71.7198,-83,flicker
71.7225,88608,flicker
71.7230,83886,flicker
71.7268,07,flicker
71.7285,8388607,flicker
71.7317,-5467223,flicker
71.7351,-8388608,flicker
71.7389,-8388608,flicker
71.7437,8388607,flicker
71.7475,8388607,flicker
71.7513,-4512618,flicker
71.7553,-8388608,flicker
71.7596,-8388608,flicker
71.7662,8388607,flicker
71.7675,8388607,flicker
71.7716,-3483503,flicker
71.7758,-8388608,flicker
71.7801,838868,flicker
71.7867,8388607,flicker
71.7901,8388607,flicker
71.7922,-2297160,flicker
71.7965,8,flicker
71.8006,-8388608,flicker
71.8063,8310019,flicker
71.8085,8388607,flicker
71.8145,-1113076,flicker
71.8170,-8388608,flicker
71.8208,-8388608,flicker
71.8250,7809947,flicker
71.8292,380,flicker
71.8336,137532,flicker
71.8378,-8388608,flicker
71.8395,-,flicker
71.8413,8388608,flicker
71.8473,1623,flicker
71.8504,8607,flicker
71.8522,12750,flicker
71.8547,04,flicker
71.8571,-8388608,flicker
71.8577,-8388608,flicker
71.8623,5,flicker
71.8713,8388607,flicker
71.8719,2509284,flicker
71.8741,-8388608,flicker
71.8803,-8388608,flicker
71.8825,5813692,flicker
71.8863,8388607,flicker
71.8904,3547542,flicker
71.8947,-8388608,flicker
71.9008,-8388608,flicker
71.9027,4942857,flicker
71.9068,8388607,flicker
71.9109,4550364,flicker
71.9156,-8388608,flicker
71.9192,-8388608,flicker
71.9232,4004581,flicker
71.9274,8388607,flicker
71.9319,5474354,flicker
71.9366,-8388608,flicker
71.9396,-8388608,flicker
71.9438,2861681,flicker
71.9487,8388607,flicker
71.9523,6304488,flicker
71.9560,-8388608,flicker
71.9602,-8388608,flicker
71.9661,1678733,flicker
71.9685,8388607,flicker
71.9724,7132919,flicker
71.9739,-83,flicker
71.9767,88608,flicker
71.9784,-83886,flicker
71.9807,08,flicker
71.9817,508863,flicker
71.9850,8388607,flicker
71.9887,7924215,flicker
71.9932,-8388608,flicker
71.9981,-8388608,flicker
72.0013,-681899,flicker
72.0051,8388607,flicker
72.0092,8388607,flicker
72.0163,-8388608,flicker
72.0174,-8388608,flicker
72.0215,-1848228,flicker
72.0256,8388607,flicker
72.0320,38860,flicker
72.0351,-8388608,flicker
72.0389,-8388608,flicker
72.0421,-2962501,flicker
72.0464,307,flicker
72.0509,8388607,flicker
72.0570,-8388608,flicker
72.0585,-8388608,flicker
72.0644,385191,flicker
72.0673,8388607,flicker
72.0732,8388607,flicker
72.0749,-8388608,flicker
72.0791,8386,flicker
72.0834,-4592592,flicker
72.0878,8388607,flicker
72.0935,8388607,flicker
72.0952,-,flicker
72.0955,8388608,flicker
72.0968,-,flicker
72.1005,8388608,flicker
72.1019,-5,flicker
72.1034,402627,flicker
72.1051,8388,flicker
72.1075,607,flicker
72.1089,8388607,flicker
72.1137,-8388608,flicker
72.1166,-8388608,flicker
72.1207,-6116917,flicker
72.1240,8388607,flicker
72.1281,8388607,flicker
72.1331,-8354144,flicker
72.1362,-8388608,flicker
72.1403,-6892777,flicker
72.1444,8388607,flicker
72.1491,8388607,flicker
72.1526,-7751116,flicker
72.1566,-8388608,flicker
72.1608,-7635701,flicker
72.1656,8388607,flicker
72.1691,8388607,flicker
72.1731,-6951679,flicker
72.1774,-8388608,flicker
72.1838,-8303940,flicker
72.1854,8388607,flicker
72.1895,8388607,flicker
72.1939,-6223805,flicker
72.1986,-8388608,flicker
72.2019,-8388608,flicker
72.2059,8388607,flicker
72.2105,8388607,flicker
72.2152,-5478355,flicker
72.2190,-8388608,flicker
72.2201,-,flicker
72.2223,8388608,flicker
72.2269,8388607,flicker
72.2285,8,flicker
72.2323,88042,flicker
72.2347,675,flicker
72.2376,-8388608,flicker
72.2399,-8388608,flicker
72.2443,8388607,flicker
72.2484,8388607,flicker
72.2511,344,flicker
72.2555,-8388608,flicker
72.2611,-8388608,flicker
72.2647,8388607,flicker
72.2674,8388607,flicker
72.2727,-2260771,flicker
72.2754,-8388608,flicker
72.2820,83886,flicker
72.2847,8383559,flicker
72.2905,8388607,flicker
72.2918,-1051536,flicker
72.2961,8388608,flicker
72.3007,-8388608,flicker
72.3041,7809947,flicker
72.3083,8388607,flicker
72.3127,00,flicker
72.3172,-8388608,flicker
72.3225,-8388608,flicker
72.3247,7234107,flicker
72.3304,38860,flicker
72.3359,1354132,flicker
72.3388,-8388608,flicker
72.3414,-8388608,flicker
72.3458,6530392,flicker
72.3498,8388607,flicker
72.3546,2486171,flicker
72.3561,-8,flicker
72.3575,388608,flicker
72.3589,-8388,flicker
72.3615,608,flicker
72.3644,5840712,flicker
72.3667,8388607,flicker
72.3696,3634883,flicker
72.3738,-8388608,flicker
72.3780,-8388608,flicker
72.3825,5002312,flicker
72.3860,8388607,flicker
72.3902,4594153,flicker
72.3944,-8388608,flicker
72.3992,-8388608,flicker
72.4024,4024618,flicker
72.4065,8388607,flicker
72.4106,5493581,flicker
72.4166,-8388608,flicker
72.4188,-8388608,flicker
72.4228,2962793,flicker
72.4271,8388607,flicker
72.4317,6349657,flicker
72.4352,-8388608,flicker
72.4393,-8388608,flicker
72.4439,1805074,flicker
72.4487,8388607,flicker
72.4528,7086724,flicker
72.4557,-8388608,flicker
72.4605,-8388608,flicker
72.4647,612372,flicker
72.4681,8388607,flicker
72.4720,7881796,flicker
72.4737,-,flicker
72.4766,8388608,flicker
72.4781,-,flicker
72.4809,8388608,flicker
72.4826,-49,flicker
72.4843,7647,flicker
72.4858,8388,flicker
72.4884,607,flicker
72.4895,8388607,flicker
72.4926,-8388608,flicker
72.4979,-8388608,flicker
72.5009,-1688661,flicker
72.5047,8388607,flicker
72.5091,8388607,flicker
72.5145,-8388608,flicker
72.5173,-8388608,flicker
72.5212,-2709352,flicker
72.5253,8388607,flicker
72.5296,3887,flicker
72.5379,-8388608,flicker
72.5382,-8388608,flicker
72.5442,-3651619,flicker
72.5464,8388607,flicker
72.5499,388607,flicker
72.5546,-8388608,flicker
72.5611,-8388608,flicker
72.5642,-4456963,flicker
72.5663,8388607,flicker
72.5741,8388607,flicker
72.5746,-8388608,flicker
72.5792,386,flicker
72.5832,-5180849,flicker
72.5883,8388607,flicker
72.5909,8388607,flicker
72.5954,-88808,flicker
72.5997,-8388608,flicker
72.6015,-,flicker
72.6041,6006604,flicker
72.6072,8388607,flicker
72.6138,8388607-838,flicker
72.6154,8608,flicker
72.6169,-838860,flicker
72.6194,8,flicker
72.6195,-6780222,flicker
72.6235,8388607,flicker
72.6277,8388607,flicker
72.6327,-7780532,flicker
72.6359,-8388608,flicker
72.6400,-7486702,flicker
72.6441,8388607,flicker
72.6494,8388607,flicker
72.6523,-7099522,flicker
72.6563,-8388608,flicker
72.6607,-8163573,flicker
72.6650,8388607,flicker
72.6687,8388607,flicker
72.6727,-6341727,flicker
72.6770,-8388608,flicker
72.6814,-8388608,flicker
72.6853,8388607,flicker
72.6891,8388607,flicker
72.6936,-5499752,flicker
72.6993,-8388608,flicker
72.7038,-8388608,flicker
72.7056,8388607,flicker
72.7100,8388607,flicker
72.7153,-4613287,flicker
72.7209,-8388608,flicker
72.7219,-8388608,flicker
72.7260,8388607,flicker
72.7320,8388607,flicker
72.7337,-,flicker
72.7343,3507476,flicker
72.7353,-,flicker
72.7383,8388608,flicker
72.7398,-838,flicker
72.7424,8608,flicker
72.7442,838860,flicker
72.7482,3867,flicker
72.7536,-2382867,flicker
72.7569,-8388608,flicker
72.7589,-8388608,flicker
72.7631,386,flicker
72.7675,8388607,flicker
72.7730,-1151677,flicker
72.7752,-8388608,flicker
72.7814,83868,flicker
72.7835,7898195,flicker
72.7877,8388607,flicker
72.7917,1589,flicker
72.7956,-8388608,flicker
72.8009,-8388608,flicker
72.8038,7279732,flicker
72.8079,8388607,flicker
72.8142,14,flicker
72.8175,-8388608,flicker
72.8212,-8388608,flicker
72.8288,6636683,flicker
72.8302,8388607,flicker
72.8335,2389482,flicker
72.8371,-8388608,flicker
72.8417,-8388608,flicker
72.8462,5929215,flicker
72.8491,38607,flicker
72.8549,3424909,flicker
72.8579,-8388608,flicker
72.8604,-,flicker
72.8612,8388608,flicker
72.8671,5111193,flicker
72.8676,838,flicker
72.8693,8607,flicker
72.8698,44430,flicker
72.8734,70,flicker
72.8750,-8388608,flicker
72.8776,-8388608,flicker
72.8822,4181056,flicker
72.8857,8388607,flicker
72.8898,5353951,flicker
72.8940,-8388608,flicker
72.8992,-8388608,flicker
72.9021,3173947,flicker
72.9062,8388607,flicker
72.9105,6122724,flicker
72.9156,-8388608,flicker
72.9185,-8388608,flicker
72.9226,2030608,flicker
72.9271,8388607,flicker
72.9314,6951026,flicker
72.9366,-8388608,flicker
72.9390,-8388608,flicker
72.9431,840084,flicker
72.9481,8388607,flicker
72.9537,7701095,flicker
72.9554,-8388608,flicker
72.9595,-8388608,flicker
72.9653,33813,flicker
72.9683,8388607,flicker
72.9726,8388607,flicker
72.9759,-8388608,flicker
72.9806,-8388608,flicker
72.9840,-1453687,flicker
72.9881,8388607,flicker
72.9922,8388607,flicker
72.9934,-83,flicker
72.9972,88608,flicker
72.9992,-83886,flicker
73.0004,08,flicker
73.0014,-2571417,flicker
73.0045,8388607,flicker
73.0086,8388607,flicker
73.0148,8,flicker
73.0213,-8388608,flicker
73.0215,-3454971,flicker
73.0250,8388607,flicker
73.0305,30,flicker
73.0374,-8388608,flicker
73.0383,-8388608,flicker
73.0416,-4274156,flicker
73.0469,3880,flicker
73.0510,8388607,flicker
73.0558,-8388608,flicker
73.0623,-8388608,flicker
73.0634,-5050588,flicker
73.0665,83867,rest
73.0716,8388607,rest
73.0753,-8388608,rest
73.0794,-8388608,rest
73.0828,-5800537,rest
73.0867,8388607,rest
73.0912,8388607,rest
73.0955,-8388608,rest
73.0996,-8388608,rest
73.1028,-6604956,rest
73.1069,8388607,rest
73.1111,8388607,rest
73.1126,-,rest
73.1156,7942320,rest
73.1171,-,rest
73.1192,8388608,rest
73.1208,-73,rest
73.1233,25866,rest
73.1246,83886,rest
73.1274,07,rest
73.1286,8388607,rest
73.1328,-7218666,rest
73.1357,-8388608,rest
73.1397,-8023893,rest
73.1440,8388607,rest
73.1484,8388607,rest
73.1520,-6517539,rest
73.1560,-8388608,rest
73.1608,-8388608,rest
73.1653,8388607,rest
73.1688,8388607,rest
73.1725,-5699174,rest
73.1775,-8388608,rest
73.1821,-8388608,rest
73.1855,8388607,rest
73.1889,8388607,rest
73.1930,-4865830,rest
73.1979,-8388608,rest
73.2025,-8388608,rest
73.2052,8388607,rest
73.2095,8388607,rest
73.2158,-3781331,rest
73.2175,-8388608,rest
73.2216,-8388608,rest
73.2258,8388607,rest
73.2313,388,rest
73.2342,-2673039,rest
73.2388,-8388608,rest
73.2401,-,rest
73.2422,8388608,rest
73.2472,8388607,rest
73.2489,8,rest
73.2503,388607,rest
73.2518,-1486,rest
73.2543,884,rest
73.2556,-8388608,rest
73.2586,-8388608,rest
73.2638,099,rest
73.2675,8388607,rest
73.2715,-318081,rest
73.2750,-8388608,rest
73.2803,88,rest
73.2840,7501079,rest
73.2873,8388607,rest
73.2912,861339,rest
73.2970,80,rest
73.3022,-8388608,rest
73.3036,6798068,rest
73.3076,8388607,rest
73.3121,24993,rest
73.3162,-8388608,rest
73.3209,-8388608,rest
73.3244,6140569,rest
73.3282,8388607,rest
73.3333,3225413,rest
73.3363,-8388608,rest
73.3404,-8388608,rest
73.3446,5335929,rest
73.3502,8388607,rest
73.3526,4190425,rest
73.3568,-8388608,rest
73.3609,-8388608,rest
73.3656,4412333,rest
73.3693,8388607,rest
73.3731,5155818,rest
73.3749,-8,rest
73.3773,388608,rest
73.3784,-8388,rest
73.3816,608,rest
73.3840,3409153,rest
73.3854,8388607,rest
73.3895,5975225,rest
73.3939,-8388608,rest
73.3985,-8388608,rest
73.4018,2267851,rest
73.4059,8388607,rest
73.4105,6774172,rest
73.4150,-8388608,rest
73.4182,-8388608,rest
73.4222,1116032,rest
73.4269,8388607,rest
73.4311,7604557,rest
73.4346,-8388608,rest
73.4386,-8388608,rest
73.4431,-39637,rest
73.4478,8388607,rest
73.4513,8259541,rest
73.4550,-8388608,rest
73.4592,-8388608,rest
73.4638,-1265644,rest
73.4673,8388607,rest
73.4714,8388607,rest
73.4755,-8388608,rest
73.4798,8386,rest
73.4840,-2417770,rest
73.4893,8388607,rest
73.4919,8388607,rest
73.4935,-,rest
73.4963,308,rest
73.5001,8388608,rest
73.5017,-3,rest
73.5042,435223,rest
73.5055,8388,rest
73.5083,607,rest
73.5101,8388607,rest
73.5143,-386,rest
73.5179,-8388608,rest
73.5223,-4216274,rest
73.5261,8388607,rest
73.5313,8388607,rest
73.5329,-8388608,rest
73.5370,-8388608,rest
73.5411,-4989402,rest
73.5458,360,rest
73.5499,8388607,rest
73.5539,-8388608,rest
73.5574,-8388608,rest
73.5632,-585092,rest
73.5695,8388607,rest
73.5700,8388607,rest
73.5740,-8388608,rest
73.5780,-8388608,rest
73.5835,-6607502,rest
73.5861,8388607,rest
73.5902,8388607,rest
73.5944,-8015860,rest
73.5996,-8388608,rest
73.6025,-7371581,rest
73.6066,8388607,rest
73.6107,8388607,rest
73.6160,-7354000,rest
73.6189,-8388608,rest
73.6202,-,rest
73.6230,8075986,rest
73.6274,8388607,rest
73.6325,8388607,rest
73.6336,-651,rest
73.6353,0062,rest
73.6365,-838860,rest
73.6393,8,rest
73.6394,-8388608,rest
73.6440,8388607,rest
73.6493,8388607,rest
73.6516,-5796416,rest
73.6557,-8388608,rest
73.6604,-8388608,rest
73.6645,8388607,rest
73.6680,8388607,rest
73.6722,-4810911,rest
73.6767,-8388608,rest
73.6814,-8388608,rest
73.6845,8388607,rest
73.6885,8388607,rest
73.6927,-3830173,rest
73.6975,-8388608,rest
73.7008,-8388608,rest
73.7049,8388607,rest
73.7090,8388607,rest
73.7147,2696098,rest
73.7181,-8388608,rest
73.7213,-8388608,rest
73.7254,8388607,rest
73.7314,367,rest
73.7351,-1432684,rest
73.7385,-8388608,rest
73.7419,-8388608,rest
73.7461,0452,rest
73.7506,8388607,rest
73.7517,-,rest
73.7565,361793,rest
73.7583,-8388608,rest
73.7599,-838,rest
73.7624,608,rest
73.7640,4405,rest
73.7689,8388607,rest
73.7723,866825,rest
73.7746,-8388608,rest
73.7788,83860,rest
73.7831,6785112,rest
73.7879,8388607,rest
73.7909,2055527,rest
73.7968,-838868,rest
73.8031,-8388608,rest
73.8037,6080882,rest
73.8074,8388607,rest
73.8115,3209402,rest
73.8160,-8388608,rest
73.8196,-8388608,rest
73.8236,5305062,rest
73.8279,8388607,rest
73.8323,4253649,rest
73.8360,-8388608,rest
73.8400,-8388608,rest
73.8442,4369693,rest
73.8495,8388607,rest
73.8524,5127084,rest
73.8564,-8388608,rest
73.8609,-8388608,rest
73.8665,3285260,rest
73.8687,8388607,rest
73.8729,6037221,rest
73.8772,-8388608,rest
73.8783,-,rest
73.8818,8388608,rest
73.8851,2226705,rest
73.8866,838,rest
73.8892,8607,rest
73.8903,67749,rest
73.8938,75,rest
73.8945,-8388608,rest
73.8982,-8388608,rest
73.9015,1025823,rest
73.9056,8388607,rest
73.9101,7568623,rest
73.9147,-8388608,rest
73.9186,-8388608,rest
73.9220,-116948,rest
73.9263,8388607,rest
73.9308,8280773,rest
73.9349,-8388608,rest
73.9384,-8388608,rest
73.9426,-1364283,rest
73.9474,8388607,rest
73.9512,8388607,rest
73.9547,-8388608,rest
73.9589,-8388608,rest
73.9651,25,rest
73.9690,8388607,rest
73.9734,8388607,rest
73.9755,-8388608,rest
73.9797,838,rest
73.9846,-3482278,rest
73.9881,8388607,rest
73.9943,8388607,rest
73.9957,-8388608,rest
74.0004,-8388608,rest
74.0040,-4333045,rest
74.0081,8388607,rest
74.0123,38867,rest
74.0134,-83,rest
74.0185,8608,rest
74.0215,-8388608,rest
74.0232,-5094209,rest
74.0244,8388607,rest
74.0291,8860,rest
74.0335,-8388608,rest
74.0376,-8388608,rest
74.0408,-5889305,rest
74.0453,8386,rest
74.0494,8388607,rest
74.0549,-8388608,rest
74.0572,-8388608,rest
74.0613,-6644183,rest
74.0663,8388607,rest
74.0694,8388607,rest
74.0735,-8001152,rest
74.0776,-8388608,rest
74.0833,-7374247,rest
74.0858,8388607,rest
74.0899,8388607,rest
74.0940,-7278457,rest
74.0993,-8388608,rest
74.1022,-8104346,rest
74.1063,8388607,rest
74.1105,8388607,rest
74.1163,-6558934,rest
74.1186,-8388608,rest
74.1227,-8388608,rest
74.1273,8388607,rest
74.1327,8388607,rest
74.1335,-,rest
74.1350,5732013,rest
74.1360,-,rest
74.1391,8388608,rest
74.1405,-83,rest
74.1433,88608,rest
74.1450,83886,rest
74.1478,07,rest
74.1503,8388607,rest
74.1514,-4844576,rest
74.1555,-8388608,rest
74.1600,-8388608,rest
74.1642,8388607,rest
74.1677,8388607,rest
74.1718,-3801157,rest
74.1760,-8388608,rest
74.1816,838,rest
74.1857,8388607,rest
74.1884,8388607,rest
74.1942,-2670128,rest
74.1964,-8388608,rest
74.2013,-8388608,rest
74.2046,8388607,rest
74.2087,8388607,rest
74.2142,149,rest
74.2183,-8388608,rest
74.2223,-8388608,rest
74.2251,8001151,rest
74.2302,38,rest
74.2338,-303898,rest
74.2387,-8388608,rest
74.2420,-8388608,rest
74.2476,7123,rest
74.2497,8388607,rest
74.2570,844299,rest
74.2603,-8388608,rest
74.2620,-,rest
74.2626,8388608,rest
74.2662,78029,rest
74.2678,83,rest
74.2710,8607,rest
74.2729,20611,rest
74.2743,52,rest
74.2777,-8388608,rest
74.2801,-8388608,rest
74.2832,6090540,rest
74.2867,3,rest
74.2913,3212860,rest
74.2958,-8388608,rest
74.2994,-8388608,rest
74.3047,2,rest
74.3085,8388607,rest
74.3121,4257736,rest
74.3152,-8388608,rest
74.3209,-8388608,rest
74.3233,4400534,rest
74.3276,8388607,rest
74.3331,5185679,rest
74.3357,-8388608,rest
74.3397,-8388608,rest
74.3441,3401792,rest
74.3498,8388607,rest
74.3520,5955505,rest
74.3561,-8388608,rest
74.3605,-8388608,rest
74.3661,2285459,rest
74.3684,8388607,rest
74.3725,6763275,rest
74.3771,-8388608,rest
74.3812,-8388608,rest
74.3848,1035934,rest
74.3889,8388607,rest
74.3935,7587638,rest
74.3948,-83,rest
74.3981,88608,rest
74.4013,-8388608,rest
74.4015,-182041,rest
74.4053,8388607,rest
74.4094,8251804,rest
74.4160,8388608,rest
74.4176,-8388608,rest
74.4216,-1346224,rest
74.4259,8388607,rest
74.4316,367,rest
74.4347,-8388608,rest
74.4383,-8388608,rest
74.4422,-2520061,rest
74.4464,3807,rest
74.4510,8388607,rest
74.4559,-8388608,rest
74.4587,-8388608,rest
74.4639,3405,rest
74.4698,8388607,rest
74.4740,8388607,rest
74.4760,-8388608,rest
74.4795,-886,rest
74.4883,-4381358,rest
74.4894,8388607,rest
74.4932,8388607,rest
74.4957,-8388608,rest
74.5002,-8388608,rest
74.5036,-5145247,rest
74.5076,8388607,rest
74.5133,0-,rest
74.5173,8388608,rest
74.5186,-,rest
74.5211,8388608,rest
74.5224,-59,rest
74.5241,65328,rest
74.5255,83886,rest
74.5284,07,rest
74.5301,8388607,rest
74.5329,-8388608,rest
74.5367,-8388608,rest
74.5405,-6638965,rest
74.5446,8388607,rest
74.5493,8388607,rest
74.5527,-7971736,rest
74.5569,-8388608,rest
74.5610,-7396943,rest
74.5656,8388607,rest
74.5695,8388607,rest
74.5733,-7236336,rest
74.5774,-8388608,rest
74.5838,-8153596,rest
74.5855,8388607,rest
74.5896,8388607,rest
74.5940,-6509442,rest
74.5982,-8388608,rest
74.6019,-8388608,rest
74.6059,8388607,rest
74.6104,8388607,rest
74.6147,-5729689,rest
74.6184,-8388608,rest
74.6229,-8388608,rest
74.6270,8388607,rest
74.6312,8388607,rest
74.6351,-4821296,rest
74.6388,-8388608,rest
74.6400,-,rest
74.6432,8388608,rest
74.6476,8388607,rest
74.6493,8,rest
74.6511,388607,rest
74.6525,-3788,rest
74.6552,068,rest
74.6570,-8388608,rest
74.6594,-8388608,rest
74.6638,8388607,rest
74.6689,8388607,rest
74.6715,-2659690,rest
74.6757,-8388608,rest
74.6805,-8388608,rest
74.6859,8388607,rest
74.6879,8388607,rest
74.6921,-1431487,rest
74.6963,8360,rest
74.7010,-8388608,rest
74.7056,7971735,rest
74.7084,8388607,rest
74.7127,29,rest
74.7180,-8388608,rest
74.7228,-8388608,rest
74.7248,7454018,rest
74.7302,8388607,rest
74.7349,897869,rest
74.7372,-8388608,rest
74.7412,-8388608,rest
74.7456,736,rest
74.7502,8388607,rest
74.7543,2029376,rest
74.7575,-8388608,rest
74.7620,-8388608,rest
74.7668,6055286,rest
74.7699,8388607,rest
74.7739,3299917,rest
74.7755,-8,rest
74.7785,388608,rest
74.7802,38,rest
74.7825,08,rest
74.7838,5290298,rest
74.7877,8388607,rest
74.7907,4294161,rest
74.7945,-8388608,rest
74.7996,-8388608,rest
74.8026,4314056,rest
74.8067,8388607,rest
74.8108,5224805,rest
74.8160,-8388608,rest
74.8190,-8388608,rest
74.8231,3271438,rest
74.8275,8388607,rest
74.8324,6084067,rest
74.8355,-8388608,rest
74.8395,-8388608,rest
74.8440,2122161,rest
74.8483,8388607,rest
74.8519,6826962,rest
74.8558,-8388608,rest
74.8605,-8388608,rest
74.8641,933041,rest
74.8682,8388607,rest
74.8723,7683275,rest
74.8769,-8388608,rest
74.8810,-8388608,rest
74.8847,-259898,rest
74.8886,8388607,rest
74.8927,8339721,rest
74.8944,-,rest
74.8976,8388608,rest
74.8989,-,rest
74.9010,8388608,rest
74.9023,-1,rest
74.9051,475887,rest
74.9069,8388,rest
74.9091,607,rest
74.9105,838860,rest
74.9154,3868,rest
74.9174,-8388608,rest
74.9214,-2623944,rest
74.9255,8388607,rest
74.9305,8388607,rest
74.9337,-8388608,rest
74.9377,-8388608,rest
74.9420,-3595673,rest
74.9462,3867,rest
74.9517,8388607,rest
74.9555,-8388608,rest
74.9583,-8388608,rest
74.9625,4398058,rest
74.9674,8388607,rest
74.9706,8388607,rest
74.9748,-8388608,rest
74.9790,86,rest
74.9833,-5217133,rest
74.9884,8388607,rest
74.9910,8388607,rest
74.9956,-368,rest
74.9997,-8388608,rest
75.0046,-6023723,rest
75.0075,8388607,rest
75.0121,8867,rest
75.0185,-8388608,rest
75.0212,-8388608,rest
75.0227,-,rest
75.0237,6723201,rest
75.0280,8388607,rest
75.0293,8,rest
75.0336,388607,rest
75.0354,-792,rest
75.0361,7612,rest
75.0377,-838860,rest
75.0401,8,rest
75.0402,-7545430,rest
75.0443,8388607,rest
75.0495,8388607,rest
75.0525,-7277548,rest
75.0566,-8388608,rest
75.0607,-8227671,rest
75.0666,8388607,rest
75.0688,8388607,rest
75.0729,-6455588,rest
75.0773,-8388608,rest
75.0817,-8388608,rest
75.0858,8388607,rest
75.0894,8388607,rest
75.0938,-5683043,rest
75.0981,-8388608,rest
75.1017,-8388608,rest
75.1057,8388607,rest
75.1102,8388607,rest
75.1147,-4773637,rest
75.1180,-8388608,rest
75.1221,-8388608,rest
75.1263,8388607,rest
75.1310,8388607,rest
75.1344,-3659359,rest
75.1385,-8388608,rest
75.1426,-8388608,rest
75.1473,8388607,rest
75.1507,8388607,rest
75.1520,-,rest
75.1549,2607408,rest
75.1565,-8,rest
75.1589,388608,rest
75.1604,-838,rest
75.1650,6080,rest
75.1703,8388607,rest
75.1728,-1278755,rest
75.1755,-8388608,rest
75.1803,-8388608,rest
75.1840,7942319,rest
75.1876,8388607,rest
75.1917,-184661,rest
75.1978,8388608,rest
75.2010,-8388608,rest
75.2040,7346434,rest
75.2083,8388607,rest
75.2145,9852,rest
75.2203,-8388608,rest
75.2214,-8388608,rest
75.2245,6696095,rest
75.2299,87,rest
75.2349,2143446,rest
75.2371,-8388608,rest
75.2409,-8388608,rest
75.2456,6087,rest
75.2503,8388607,rest
75.2550,3216841,rest
75.2573,-8388608,rest
75.2615,-8388608,rest
75.2679,5194836,rest
75.2695,8388607,rest
75.2736,4329487,rest
75.2750,-,rest
75.2778,8388608,rest
75.2787,-,rest
75.2831,8388608,rest
75.2859,4272546,rest
75.2871,838,rest
75.2900,8607,rest
75.2915,525655,rest
75.2940,5,rest
75.2942,-8388608,rest
75.2989,-8388608,rest
75.3023,3207452,rest
75.3065,8388607,rest
75.3108,6071062,rest
75.3154,-8388608,rest
75.3187,-8388608,rest
75.3228,2069797,rest
75.3274,8388607,rest
75.3330,6907663,rest
75.3351,-8388608,rest
75.3392,-8388608,rest
75.3439,879898,rest
75.3479,8388607,rest
75.3514,7683786,rest
75.3556,-8388608,rest
75.3602,-8388608,rest
75.3644,-350788,rest
75.3678,8388607,rest
75.3719,8388607,rest
75.3761,-8388608,rest
75.3811,-8388608,rest
75.3842,-1574226,rest
75.3883,8388607,rest
75.3924,8388607,rest
75.3982,8368,rest
75.4021,-8388608,rest
75.4039,-,rest
75.4059,2736775,rest
75.4088,8388607,rest
75.4131,38,rest
75.4147,-838,rest
75.4197,8608,rest
75.4228,-8388608,rest
75.4229,-3727281,rest
75.4251,8388607,rest
75.4306,87,rest
75.4352,-8388608,rest
75.4386,-8388608,rest
75.4417,-4547014,rest
75.4459,380,rest
75.4517,8388607,rest
75.4562,-8388608,rest
75.4580,-8388608,rest
75.4638,501,rest
75.4700,8388607,rest
75.4714,8388607,rest
75.4744,-8388608,rest
75.4790,-88608,rest
75.4833,-6125990,rest
75.4881,8388607,rest
75.4912,8388607,rest
75.4951,-8388608,rest
75.5015,-8388608,rest
75.5030,-6883895,rest
75.5072,8388607,rest
75.5113,8388607,rest
75.5166,-7883488,rest
75.5194,-8388608,rest
75.5235,-7623285,rest
75.5276,8388607,rest
75.5323,8388607,rest
75.5336,-,rest
75.5358,7139167,rest
75.5368,-,rest
75.5399,8388608,rest
75.5413,-835,rest
75.5440,0645,rest
75.5458,838860,rest
75.5482,7,rest
75.5496,8388607,rest
75.5521,-6378483,rest
75.5563,-8388608,rest
75.5606,-8388608,rest
75.5652,8388607,rest
75.5685,8388607,rest
75.5726,-5541251,rest
75.5769,-8388608,rest
75.5813,-8388608,rest
75.5849,8388607,rest
75.5890,8388607,rest
75.5933,-4603750,rest
75.5981,-8388608,rest
75.6018,-8388608,rest
75.6054,8388607,rest
75.6099,8388607,rest
75.6143,-3539224,rest
75.6181,-8388608,rest
75.6217,-8388608,rest
75.6259,8388607,rest
75.6302,38,rest
75.6345,-2352915,rest
75.6397,-8388608,rest
75.6424,-8388608,rest
75.6483,3807,rest
75.6515,8388607,rest
75.6553,-1256805,rest
75.6586,-8388608,rest
75.6598,-,rest
75.6645,388608,rest
75.6693,7927611,rest
75.6712,8388607,rest
75.6714,13413,rest
75.6764,-8388608,rest
75.6803,-8388608,rest
75.6846,7242795,rest
75.6873,8388607,rest
75.6918,1240601,rest
75.6961,8868,rest
75.7017,-8388608,rest
75.7041,6558319,rest
75.7090,8388607,rest
75.7134,215,rest
75.7177,-8388608,rest
75.7217,-8388608,rest
75.7241,5869694,rest
75.7287,3860,rest
75.7328,3544367,rest
75.7379,-8388608,rest
75.7406,-8388608,rest
75.7447,5006000,rest
75.7500,8388607,rest
75.7529,4521866,rest
75.7569,-8388608,rest
75.7611,-8388608,rest
75.7663,4037823,rest
75.7695,8388607,rest
75.7733,5438290,rest
75.7774,-8388608,rest
75.7821,-8388608,rest
75.7856,2952027,rest
75.7898,8388607,rest
75.7940,6286727,rest
75.7959,-83,rest
75.7993,88608,rest
75.8007,-83886,rest
75.8020,08,rest
75.8038,1802182,rest
75.8061,8388607,rest
75.8106,7073346,rest
75.8150,-8388608,rest
75.8184,-8388608,rest
75.8225,632769,rest
75.8271,8388607,rest
75.8311,7850616,rest
75.8348,-8388608,rest
75.8389,-8388608,rest
75.8431,-611784,rest
75.8478,8388607,rest
75.8511,8388607,rest
75.8552,-8388608,rest
75.8594,-8388608,rest
75.8637,17616,rest
75.8682,8388607,rest
75.8730,8388607,rest
75.8759,-8388608,rest
75.8801,8360,rest
75.8843,-2932333,rest
75.8895,8388607,rest
75.8949,8388607,rest
75.8963,-8388608,rest
75.9020,838608,rest
75.9075,-3889955,rest
75.9101,8388607,rest
75.9130,8388607,rest
75.9180,8388608,rest
75.9197,-,rest
75.9208,8388608,rest
75.9220,-47,rest
75.9249,30809,rest
75.9264,83886,rest
75.9290,7,rest
75.9314,8860,rest
75.9350,-8388608,rest
75.9371,-8388608,rest
75.9415,-5490935,rest
75.9456,387,rest
75.9499,8388607,rest
75.9551,-8388608,rest
75.9577,-8388608,rest
75.9642,-2410,rest
75.9681,8388607,rest
75.9705,8388607,rest
75.9744,-8339436,rest
75.9805,-838860,rest
75.9828,-7014587,rest
75.9874,8388607,rest
75.9942,8388607,rest
75.9949,-7721700,rest
75.9996,-8388608,rest
76.0028,-7788134,rest
76.0068,8388607,rest
76.0109,8388607,rest
76.0155,-6937349,rest
76.0193,-8388608,rest
76.0231,-8388608,rest
76.0273,8388607,rest
76.0321,8388607,rest
76.0355,-6232088,rest
76.0396,-8388608,rest
76.0410,-,rest
76.0439,8388608,rest
76.0484,8388607,rest
76.0496,83,rest
76.0518,88607,rest
76.0535,-53798,rest
76.0560,18,rest
76.0573,-8388608,rest
76.0606,-8388608,rest
76.0659,8388607,rest
76.0682,8388607,rest
76.0723,-4354647,rest
76.0769,-8388608,rest
76.0815,-8388608,rest
76.0849,8388607,rest
76.0887,8388607,rest
76.0928,-3288860,rest
76.0979,-8388608,rest
76.1012,-8388608,rest
76.1050,8388607,rest
76.1094,8388607,rest
76.1147,-2065018,rest
76.1179,-8388608,rest
76.1215,-8388608,rest
76.1256,8295311,rest
76.1297,388607,rest
76.1360,-864434,rest
76.1398,-8388608,rest
76.1419,-8388608,rest
76.1486,723,rest
76.1520,8388607,rest
76.1558,234124,rest
76.1584,-8388608,rest
76.1647,8860,rest
76.1676,7142983,rest
76.1723,8388607,rest
76.1747,1498963,rest
76.1762,-8,rest
76.1790,886,rest
76.1811,-,rest
76.1831,608,rest
76.1867,6491512,rest
76.1871,8388607,rest
76.1911,2646705,rest
76.1962,88,rest
76.2010,-8388608,rest
76.2051,5668080,rest
76.2075,8388607,rest
76.2139,3722,rest
76.2160,-8388608,rest
76.2214,-8388608,rest
76.2239,4865149,rest
76.2281,8388607,rest
76.2327,4696088,rest
76.2361,-8388608,rest
76.2403,-8388608,rest
76.2443,3808908,rest
76.2495,8388607,rest
76.2534,5575911,rest
76.2567,-8388608,rest
76.2610,-8388608,rest
76.2655,2729713,rest
76.2700,8388607,rest
76.2730,6462782,rest
76.2773,-8388608,rest
76.2819,-8388608,rest
76.2854,1604730,rest
76.2894,8388607,rest
76.2938,7217453,rest
76.2949,-,rest
76.2988,8388608,rest
76.3015,-,rest
76.3017,8388608,rest
76.3032,35,rest
76.3058,9039,rest
76.3072,8388,rest
76.3101,607,rest
76.3113,8012641,rest
76.3147,-8388608,rest
76.3183,-8388608,rest
76.3221,-762174,rest
76.3265,8388607,rest
76.3307,8388607,rest
76.3367,-8388608,rest
76.3388,-8388608,rest
76.3433,-2031814,rest
76.3486,8388607,rest
76.3512,8388607,rest
76.3549,-8388608,rest
76.3591,-8388608,rest
76.3643,-3048847,rest
76.3673,8388607,rest
76.3713,8388607,rest
76.3755,-8388608,rest
76.3797,838868,rest
76.3849,-3954575,rest
76.3881,8388607,rest
76.3947,8388607,rest
76.3960,-8388608,rest
76.4005,-8388608,rest
76.4041,-4859568,rest
76.4086,8388607,rest
76.4126,380,rest
76.4176,-8388608,rest
76.4215,-8388608,rest
76.4227,-,rest
76.4247,5603737,rest
76.4289,7,rest
76.4301,8,rest
76.4336,388607,rest
76.4354,-8388,rest
76.4378,608,rest
76.4392,-8388608,rest
76.4410,-6411545,rest
76.4474,8386,rest
76.4509,8388607,rest
76.4546,-8295312,rest
76.4573,-8388608,rest
76.4617,-7112666,rest
76.4665,8388607,rest
76.4696,8388607,rest
76.4737,-7589328,rest
76.4779,-8388608,rest
76.4829,-7886124,rest
76.4860,8388607,rest
76.4901,8388607,rest
76.4942,-6824930,rest
76.5007,-8388608,rest
76.5025,-8388608,rest
76.5065,8388607,rest
76.5106,8388607,rest
76.5149,-6051877,rest
76.5198,-8388608,rest
76.5233,-8388608,rest
76.5273,8388607,rest
76.5316,8388607,rest
76.5355,-5144631,rest
76.5392,-8388608,rest
76.5437,-8388608,rest
76.5492,8388607,rest
76.5515,8388607,rest
76.5525,-,rest
76.5556,4191139,rest
76.5570,-8,rest
76.5600,388608,rest
76.5617,-8388,rest
76.5642,608,rest
76.5655,8388607,rest
76.5679,8388607,rest
76.5720,-3082514,rest
76.5762,-8388608,rest
76.5806,-8388608,rest
76.5857,8388607,rest
76.5884,8388607,rest
76.5925,-1963168,rest
76.5979,-8388608,rest
76.6014,-8388608,rest
76.6047,8251187,rest
76.6089,8388607,rest
76.6143,7953,rest
76.6185,-8388608,rest
76.6223,-8388608,rest
76.6253,7706991,rest
76.6306,3867,rest
76.6339,468855,rest
76.6392,-8388608,rest
76.6424,-8388608,rest
76.6466,7050413,rest
76.6500,38867,rest
76.6545,1594555,rest
76.6601,-8388608,rest
76.6626,-8388608,rest
76.6675,38666,rest
76.6707,8388607,rest
76.6771,2790916,rest
76.6786,-8388608,rest
76.6796,-,rest
76.6843,8388608,rest
76.6857,5,rest
76.6867,648660,rest
76.6879,8388,rest
76.6908,607,rest
76.6923,386390,rest
76.6949,9,rest
76.6957,-8860,rest
76.6995,-8388608,rest
76.7053,4737514,rest
76.7106,8388607,rest
76.7117,4841636,rest
76.7168,-8388608,rest
76.7194,-8388608,rest
76.7235,3728529,rest
76.7277,8388607,rest
76.7322,5712392,rest
76.7358,-8388608,rest
76.7399,-8388608,rest
76.7441,2641832,rest
76.7488,8388607,rest
76.7536,6465075,rest
76.7563,-8388608,rest
76.7607,-8388608,rest
76.7652,1500401,rest
76.7692,8388607,rest
76.7727,7328588,rest
76.7771,-8388608,rest
76.7815,-8388608,rest
76.7855,289713,rest
76.7891,8388607,rest
76.7934,8080880,rest
76.7980,-8388608,rest
76.8019,-8388608,rest
76.8036,-,rest
76.8054,939268,rest
76.8099,8388607,rest
76.8114,8,rest
76.8145,388607,rest
76.8157,-838,rest
76.8177,8608,rest
76.8188,-838860,rest
76.8218,8,rest
76.8220,-2115752,rest
76.8260,8388607,rest
76.8302,38860,rest
76.8345,-8388608,rest
76.8402,-8388608,rest
76.8451,-3171464,rest
76.8466,8388607,rest
76.8521,8388607,rest
76.8546,-8388608,rest
76.8588,-8388608,rest
76.8646,-4051428,rest
76.8678,8388607,rest
76.8710,8388607,rest
76.8751,-8388608,rest
76.8795,83868,rest
76.8839,-4857270,rest
76.8890,8388607,rest
76.8922,8388607,rest
76.8960,-8388,rest
76.9002,-8388608,rest
76.9054,-5655957,rest
76.9078,8388607,rest
76.9139,3860,rest
76.9165,-8388608,rest
76.9205,-8388608,rest
76.9245,-6424473,rest
76.9299,38,rest
76.9328,8388607,rest
76.9338,-,rest
76.9369,8280604,rest
76.9394,-,rest
76.9407,8388608,rest
76.9417,-716,rest
76.9449,4312,rest
76.9468,83880,rest
76.9501,8388607,rest
76.9546,-7589328,rest
76.9571,-8388608,rest
76.9612,-7916432,rest
76.9664,8388607,rest
76.9693,8388607,rest
76.9734,-6871486,rest
76.9775,-8388608,rest
76.9821,-8388608,rest
76.9857,8388607,rest
76.9898,8388607,rest
76.9940,-6172304,rest
76.9996,-8388608,rest
77.0021,-8388608,rest
77.0062,8388607,rest
77.0105,8388607,rest
77.0155,-5248459,rest
77.0184,-8388608,rest
77.0225,-8388608,rest
77.0272,8388607,rest
77.0313,8388607,rest
77.0359,-4277453,rest
77.0390,-8388608,rest
77.0434,-8388608,rest
77.0477,8388607,rest
77.0518,8388607,rest
77.0553,-3243422,rest
77.0595,-8388608,rest
77.0615,-,rest
77.0640,8388608,rest
77.0679,8388607,rest
77.0694,838,rest
77.0717,8607,rest
77.0731,-20700,rest
77.0758,92,rest
77.0766,-8388608,rest
77.0804,-8388608,rest
77.0842,8295311,rest
77.0881,8388607,rest
77.0922,-918137,rest
77.0982,-8388608,rest
77.1009,-8388608,rest
77.1045,7780531,rest
77.1085,8388607,rest
77.1137,332139,rest
77.1168,-8388608,rest
77.1208,-8388608,rest
77.1250,7153729,rest
77.1312,38,rest
77.1348,1480520,rest
77.1383,-8388608,rest
77.1414,-8388608,rest
77.1457,55,rest
77.1501,8388607,rest
77.1553,2633698,rest
77.1577,-8388608,rest
77.1643,88868,rest
77.1666,5755742,rest
77.1704,8388607,rest
77.1744,3739057,rest
77.1808,-8388608,rest
77.1826,-8388608,rest
77.1864,4839436,rest
77.1905,8388607,rest
77.1947,4714454,rest
77.1964,-83,rest
77.1991,88608,rest
77.2007,-83886,rest
77.2027,08,rest
77.2038,3829762,rest
77.2069,8388607,rest
77.2110,5685842,rest
77.2153,-8388608,rest
77.2192,-8388608,rest
77.2232,2726288,rest
77.2274,8388607,rest
77.2317,6411616,rest
77.2368,-8388608,rest
77.2396,-8388608,rest
77.2438,1516944,rest
77.2486,8388607,rest
77.2521,7242569,rest
77.2560,-8388608,rest
77.2603,-8388608,rest
77.2647,401034,rest
77.2683,8388607,rest
77.2724,8009277,rest
77.2772,-8388608,rest
77.2813,-8388608,rest
77.2847,-784725,rest
77.2887,8388607,rest
77.2936,8388607,rest
77.2983,-8388608,rest
77.3017,-8388608,rest
77.3051,-1939546,rest
77.3094,8388607,rest
77.3151,8388607,rest
77.3168,-,rest
77.3174,8388608,rest
77.3184,-,rest
77.3215,8388608,rest
77.3230,-30,rest
77.3256,08297,rest
77.3267,83886,rest
77.3307,07,rest
77.3326,8388607,rest
77.3339,-8388608,rest
77.3380,-8388608,rest
77.3421,-3976773,rest
77.3471,8388607,rest
77.3511,8388607,rest
77.3543,-8388608,rest
77.3584,-8388608,rest
77.3638,441,rest
77.3670,8388607,rest
77.3714,8388607,rest
77.3748,-8388608,rest
77.3805,360,rest
77.3847,-5607964,rest
77.3887,8388607,rest
77.3916,8388607,rest
77.3960,-8388608,rest
77.4005,-8388608,rest
77.4035,-6315084,rest
77.4075,8388607,rest
77.4138,8388607,rest
77.4170,-8310020,rest
77.4198,-8388608,rest
77.4239,-7092242,rest
77.4282,8388607,rest
77.4326,8388607,rest
77.4366,-7677576,rest
77.4403,-8388608,rest
77.4415,-,rest
77.4445,7842584,rest
77.4491,8388607,rest
77.4512,83,rest
77.4526,88607,rest
77.4543,-69507,rest
77.4567,37,rest
77.4582,-8388608,rest
77.4610,-8388608,rest
77.4655,8388607,rest
77.4691,8388607,rest
77.4731,-6155500,rest
77.4774,-8388608,rest
77.4819,-8388608,rest
77.4854,8388607,rest
77.4894,8388607,rest
77.4938,-5385511,rest
77.4980,-8388608,rest
77.5018,-8388608,rest
77.5058,8388607,rest
77.5107,8388607,rest
77.5150,-4252884,rest
77.5199,-8388608,rest
77.5223,-8388608,rest
77.5269,8388607,rest
77.5313,8388607,rest
77.5357,-3233652,rest
77.5386,-8388608,rest
77.5428,-8388608,rest
77.5483,8388607,rest
77.5512,8388607,rest
77.5550,-2069157,rest
77.5591,-8388608,rest
77.5640,-8388608,rest
77.5674,8310019,rest
77.5714,8388607,rest
77.5725,-,rest
77.5755,820415,rest
77.5771,-83,rest
77.5811,0886,rest
77.5839,8,rest
77.5861,7795239,rest
77.5893,8388607,rest
77.5926,274326,rest
77.5964,-838868,rest
77.6006,-8388608,rest
77.6054,7139611,rest
77.6091,8388607,rest
77.6124,1523314,rest
77.6171,-8388608,rest
77.6218,-8388608,rest
77.6247,6469143,rest
77.6290,38867,rest
77.6333,2658383,rest
77.6373,-8388608,rest
77.6423,-8388608,rest
77.6452,5756370,rest
77.6506,8388607,rest
77.6533,3674094,rest
77.6574,-8388608,rest
77.6624,-83860,rest
77.6674,4940572,rest
77.6709,8388607,rest
77.6738,4665643,rest
77.6780,-8388608,rest
77.6833,-8388608,rest
77.6861,4012272,rest
77.6902,8388607,rest
77.6944,5500998,rest
77.6958,-,rest
77.6989,8388608,rest
77.7003,-,rest
77.7025,8388608,rest
77.7043,28,rest
77.7065,96841,rest
77.7076,8388,rest
77.7107,607,rest
77.7120,6377029,rest
77.7164,-8388608,rest
77.7189,-8388608,rest
77.7229,1710586,rest
77.7273,8388607,rest
77.7317,7124593,rest
77.7352,-8388608,rest
77.7393,-8388608,rest
77.7439,541204,rest
77.7484,8388607,rest
77.7525,7883875,rest
77.7557,-8388608,rest
77.7602,-8388608,rest
77.7644,-654649,rest
77.7680,8388607,rest
77.7721,8388607,rest
77.7766,-8388608,rest
77.7812,-8388608,rest
77.7844,-1755818,rest
77.7885,8388607,rest
77.7926,8388607,rest
77.7978,-8388608,rest
77.8024,-8388608,rest
77.8049,-2846115,rest
77.8089,8388607,rest
77.8148,380,rest
77.8191,-8388608,rest
77.8219,-8388608,rest
77.8230,-,rest
77.8254,3818371,rest
77.8303,8388607,rest
77.8317,8,rest
77.8336,388607,rest
77.8348,-8388,rest
77.8376,608,rest
77.8386,-8388608,rest
77.8418,-4649431,rest
77.8460,30,rest
77.8507,8388607,rest
77.8548,-8388608,rest
77.8597,-8388608,rest
77.8623,-5424672,rest
77.8683,8388607,rest
77.8704,8388607,rest
77.8745,-8388608,rest
77.8791,8868,rest
77.8844,-6238574,rest
77.8887,8388607,rest
77.8913,8388607,rest
77.8951,-8388608,rest
77.8997,-8388608,rest
77.9032,-6969164,rest
77.9072,8388607,rest
77.9115,8388607,rest
77.9161,-7795240,rest
77.9198,-8388608,rest
77.9237,-7717925,rest
77.9279,8388607,rest
77.9337,8388607,rest
77.9360,-7059561,rest
77.9401,-8388608,rest
77.9444,-8388608,rest
77.9494,8388607,rest
77.9529,8388607,rest
77.9542,-,rest
77.9564,6315027,rest
77.9574,-8,rest
77.9606,388608,rest
77.9620,-8388,rest
77.9650,608,rest
77.9665,8388607,rest
77.9688,8388607,rest
77.9728,-5451669,rest
77.9771,-8388608,rest
77.9818,-8388608,rest
77.9851,8388607,rest
77.9892,8388607,rest
77.9938,-4540274,rest
77.9984,-8388608,rest
78.0022,-8388608,rest
78.0055,8388607,rest
78.0102,8388607,rest
78.0145,-3427595,rest
78.0178,-8388608,rest
78.0219,-8388608,rest
78.0261,8388607,rest
78.0313,8388607,rest
78.0355,-2308249,rest
78.0383,-8388608,rest
78.0424,-8388608,rest
78.0480,3880,rest
78.0528,8388607,rest
78.0554,-1105496,rest
78.0589,-8388608,rest
78.0632,8388,rest
78.0681,7912903,rest
78.0717,8388607,rest
78.0751,80989,rest
78.0772,-,rest
78.0801,8388608,rest
78.0817,-,rest
78.0839,8388608,rest
78.0851,7,rest
78.0875,312073,rest
78.0889,8388,rest
78.0916,607,rest
78.0926,1193054,rest
78.0960,83868,rest
78.1003,-8388608,rest
78.1057,6634105,rest
78.1080,8388607,rest
78.1123,3766,rest
78.1167,-8388608,rest
78.1218,-8388608,rest
78.1243,5918962,rest
78.1288,3807,rest
78.1332,3514299,rest
78.1383,-8388608,rest
78.1413,-8388608,rest
78.1449,5098689,rest
78.1491,8388607,rest
78.1530,4452018,rest
78.1571,-8388608,rest
78.1613,-8388608,rest
78.1664,4141038,rest
78.1694,8388607,rest
78.1735,5440838,rest
78.1776,-8388608,rest
78.1823,-8388608,rest
78.1858,3054125,rest
78.1898,8388607,rest
78.1941,6226671,rest
78.1988,-8388608,rest
78.2034,-8388608,rest
78.2062,1903580,rest
78.2105,8388607,rest
78.2115,7,rest
78.2152,086906,rest
78.2169,-8388,rest
78.2190,608,rest
78.2202,-838860,rest
78.2226,8,rest
78.2227,657386,rest
78.2272,8388607,rest
78.2314,7829193,rest
78.2361,-8388608,rest
78.2390,-8388608,rest
78.2436,-509251,rest
78.2483,8388607,rest
78.2518,8388607,rest
78.2554,-8388608,rest
78.2596,-8388608,rest
78.2645,-1662302,rest
78.2685,8388607,rest
78.2718,8388607,rest
78.2759,-8388608,rest
78.2813,-8388608,rest
78.2841,-2753568,rest
78.2881,8388607,rest
78.2924,8388607,rest
78.2980,8,rest
78.3010,-8388608,rest
78.3065,-3703717,rest
78.3103,8388607,rest
78.3128,8388607,rest
78.3178,-8388608,rest
78.3210,-8388608,rest
78.3251,-4530216,rest
78.3294,386,rest
78.3337,8388607,rest
78.3356,-,rest
78.3388,8388608,rest
78.3408,-8,rest
78.3416,388608,rest
78.3431,-529,rest
78.3479,1188,rest
78.3508,8388607,rest
78.3556,-8388608,rest
78.3582,-8388608,rest
78.3624,6197,rest
78.3665,8388607,rest
78.3711,8388607,rest
78.3746,-8388608,rest
78.3784,-8388608,rest
78.3833,-6865189,rest
78.3865,8388607,rest
78.3905,8388607,rest
78.3948,-7912904,rest
78.3997,-8388608,rest
78.4028,-7599847,rest
78.4069,8388607,rest
78.4111,8388607,rest
78.4162,-7169430,rest
78.4192,-8388608,rest
78.4233,-8292144,rest
78.4275,8388607,rest
78.4320,8388607,rest
78.4363,-6471922,rest
78.4397,-8388608,rest
78.4440,-8388608,rest
78.4484,8388607,rest
78.4520,8388607,rest
78.4561,-5669346,rest
78.4577,-,rest
78.4608,8388608,rest
78.4625,-,rest
78.4648,388608,rest
78.4684,8388607,rest
78.4698,838,rest
78.4725,8607,rest
78.4736,-475057,rest
78.4768,3,rest
78.4772,-8388608,rest
78.4819,-8388608,rest
78.4854,8388607,rest
78.4888,8388607,rest
78.4937,-3791774,rest
78.4977,-8388608,rest
78.5011,-8388608,rest
78.5052,8388607,rest
78.5094,8388607,rest
78.5140,-2759025,rest
78.5175,-8388608,rest
78.5216,-8388608,rest
78.5258,8388607,rest
78.5300,3860,rest
78.5344,-1571926,rest
78.5384,-8388608,rest
78.5422,-8388608,rest
78.5477,8118815,rest
78.5503,8388607,rest
78.5544,-378434,rest
78.5585,-8388608,rest
78.5638,8388,rest
78.5674,7501079,rest
78.5723,8388607,rest
78.5768,773988,rest
78.5792,-8388608,rest
78.5837,-8388608,rest
78.5872,6862177,rest
78.5914,8388607,rest
78.5970,950-,rest
78.5996,8608,rest
78.6018,-83886,rest
78.6037,08,rest
78.6076,6223045,rest
78.6078,8388607,rest
78.6121,307,rest
78.6165,-8388608,rest
78.6208,-8388608,rest
78.6257,5455621,rest
78.6284,8388607,rest
78.6327,4097064,rest
78.6363,-8388608,rest
78.6404,-8388608,rest
78.6446,4477462,rest
78.6501,8388607,rest
78.6527,4979702,rest
78.6568,-8388608,rest
78.6609,-8388608,rest
78.6662,3559899,rest
78.6694,8388607,rest
78.6732,5844774,rest
78.6774,-8388608,rest
78.6819,-8388608,rest
78.6855,2396968,rest
78.6896,8388607,rest
78.6940,6606165,rest
78.6988,-8388608,rest
78.7019,-8388608,rest
78.7059,1234685,rest
78.7106,8388607,rest
78.7144,7492363,rest
78.7160,-,rest
78.7183,8388608,rest
78.7199,-,rest
78.7224,8388608,rest
78.7235,7221,rest
78.7268,1,rest
78.7295,83886,rest
78.7307,7,rest
78.7328,8148568,rest
78.7347,-8388608,rest
78.7387,-8388608,rest
78.7433,-1114993,rest
78.7483,8388607,rest
78.7513,8388607,rest
78.7552,-8388608,rest
78.7594,-8388608,rest
78.7648,-2222607,rest
78.7682,8388607,rest
78.7715,8388607,rest
78.7757,-8388608,rest
78.7806,-8388608,rest
78.7843,-3252922,rest
78.7879,8388607,rest
78.7920,8388607,rest
78.7969,-8388608,rest
78.8015,-8388608,rest
78.8042,-4118491,rest
78.8084,8388607,rest
78.8140,38,rest
78.8180,-8388608,rest
78.8235,-8388608,rest
78.8250,-4824938,rest
78.8293,838867,rest
78.8338,8388607,rest
78.8384,-8388608,rest
78.8411,-8388608,rest
78.8421,-,rest
78.8470,649,rest
78.8503,8388607,rest
78.8521,83,rest
78.8548,88607,rest
78.8569,-83886,rest
78.8574,08,rest
78.8591,-8388608,rest
78.8625,-639557,rest
78.8673,8388607,rest
78.8709,8388607,rest
78.8739,-8265896,rest
78.8781,-8388608,rest
78.8832,-7164768,rest
78.8861,8388607,rest
78.8903,8388607,rest
78.8944,-7662868,rest
78.9001,-8388608,rest
78.9026,-7854575,rest
78.9066,8388607,rest
78.9108,8388607,rest
78.9165,-6874963,rest
78.9190,-8388608,rest
78.9231,-8388608,rest
78.9275,8388607,rest
78.9318,8388607,rest
78.9353,-6159236,rest
78.9395,-8388608,rest
78.9438,-8388608,rest
78.9482,8388607,rest
78.9518,8388607,rest
78.9559,-5366054,rest
78.9604,-8388608,rest
78.9645,-8388608,rest
78.9681,8388607,rest
78.9722,8388607,rest
78.9738,-,rest
78.9767,4424724,rest
78.9784,-83,rest
78.9808,88608,rest
78.9827,-8388,rest
78.9845,608,rest
78.9858,8388607,rest
78.9887,8388607,rest
78.9927,-3356415,rest
78.9981,-8388608,rest
79.0013,-8388608,rest
79.0050,8388607,rest
79.0091,8388607,rest
79.0141,-2125538,rest
79.0172,-8388608,rest
79.0213,-8388608,rest
79.0254,8324727,rest
79.0305,8388607,rest
79.0336,-970994,rest
79.0377,-8388608,rest
79.0419,-8388608,rest
79.0473,7839363,rest
79.0500,8388607,rest
79.0541,146297,rest
79.0583,-8388608,rest
79.0638,838860,rest
79.0672,7191831,rest
79.0722,8388607,rest
79.0746,1371326,rest
79.0789,888608,rest
79.0841,-8388608,rest
79.0883,6570292,rest
79.0911,8388607,rest
79.0955,29,rest
79.0996,8388608,rest
79.1014,-,rest
79.1037,8388608,rest
79.1057,58,rest
79.1073,52889,rest
79.1086,8388,rest
79.1143,6073608053,rest
79.1159,-8388608,rest
79.1197,-8388608,rest
79.1238,5018056,rest
79.1280,8388607,rest
79.1334,4519267,rest
79.1361,-8388608,rest
79.1402,-8388608,rest
79.1443,4054506,rest
79.1492,8388607,rest
79.1524,5405443,rest
79.1565,-8388608,rest
79.1608,-8388608,rest
79.1655,2984744,rest
79.1689,8388607,rest
79.1730,6240289,rest
79.1775,-8388608,rest
79.1837,-8388608,rest
79.1852,1912004,rest
79.1893,8388607,rest
79.1938,6997892,rest
79.1985,-8388608,rest
79.2019,-8388608,rest
79.2056,665857,rest
79.2104,8388607,rest
79.2141,7813687,rest
79.2197,-8388608,rest
79.2220,-8388608,rest
79.2229,-,rest
79.2262,450638,rest
79.2315,8388607,rest
79.2329,8,rest
79.2344,388607,rest
79.2354,-8388,rest
79.2384,608,rest
79.2395,-8388608,rest
79.2426,-1654486,rest
79.2471,8388607,rest
79.2507,8388607,rest
79.2549,-8388608,rest
79.2589,-8388608,rest
79.2633,273471,rest
79.2672,8388607,rest
79.2722,8388607,rest
79.2791,-8388608,rest
79.2803,-8388608,rest
79.2837,35721,rest
79.2884,8388607,rest
79.2919,8388607,rest
79.2964,-8388608,rest
79.3008,-8388608,rest
79.3044,-4486860,rest
79.3082,8388607,rest
79.3126,80,rest
79.3209,-8388608,rest
79.3215,-8388608,rest
79.3244,-5212645,rest
79.3288,3860,rest
79.3333,8388607,rest
79.3393,-8388608,rest
79.3416,-8388608,rest
79.3468,-035,rest
79.3497,8388607,rest
79.3542,8388607,rest
79.3562,-,rest
79.3584,8388608,rest
79.3595,-8,rest
79.3614,388608,rest
79.3635,69,rest
79.3659,515,rest
79.3685,8388607,rest
79.3723,8388607,rest
79.3737,-7971736,rest
79.3779,-8388608,rest
79.3835,-7507454,rest
79.3859,8388607,rest
79.3900,8388607,rest
79.3942,-7275339,rest
79.3991,-8388608,rest
79.4022,-8213903,rest
79.4063,8388607,rest
79.4105,8388607,rest
79.4153,-6549513,rest
79.4187,-8388608,rest
79.4228,-8388608,rest
79.4271,8388607,rest
79.4322,8388607,rest
79.4350,-5772488,rest
79.4391,-8388608,rest
79.4435,-8388608,rest
79.4479,8388607,rest
79.4516,8388607,rest
79.4556,-4890585,rest
79.4600,-8388608,rest
79.4651,-8388608,rest
79.4679,8388607,rest
79.4720,8388607,rest
79.4760,-3883051,rest
79.4775,-,rest
79.4814,8388608,rest
79.4826,-,rest
79.4842,8388608,rest
79.4884,8388607,rest
79.4901,838,rest
79.4924,8607,rest
79.4939,-281270,rest
79.4993,8388,rest
79.5007,-8388608,rest
79.5047,8388607,rest
79.5087,8388607,rest
79.5148,16156,rest
79.5176,-8388608,rest
79.5240,-8388608,rest
79.5252,8118815,rest
79.5308,388607,rest
79.5361,-481370,rest
79.5392,-8388608,rest
79.5418,-8388608,rest
79.5461,704,rest
79.5504,8388607,rest
79.5558,734175,rest
79.5579,-8388608,rest
79.5622,8388608,rest
79.5677,6917224,rest
79.5702,8388607,rest
79.5743,1780637,rest
79.5794,38,rest
79.5835,-8388608,rest
79.5875,6238759,rest
79.5907,8388607,rest
79.5972,964,rest
79.5998,-8388608,rest
79.6058,-8388608,rest
79.6070,5526901,rest
79.6113,8388607,rest
79.6162,3960808,rest
79.6179,-838,rest
79.6194,8608,rest
79.6209,-838860,rest
79.6234,8,rest
79.6245,4638624,rest
79.6277,8388607,rest
79.6329,4931159,rest
79.6358,-8388608,rest
79.6399,-8388608,rest
79.6440,3663399,rest
79.6485,8388607,rest
79.6521,5756223,rest
79.6562,-8388608,rest
79.6605,-8388608,rest
79.6660,2553234,rest
79.6686,8388607,rest
79.6726,6569590,rest
79.6772,-8388608,rest
79.6819,-8388608,rest
79.6849,1325750,rest
79.6889,8388607,rest
79.6936,7346941,rest
79.6972,-8388608,rest
79.7013,-8388608,rest
79.7053,180618,rest
79.7095,8388607,rest
79.7146,077545,rest
79.7180,-8388608,rest
79.7218,-8388608,rest
79.7258,-961304,rest
79.7306,8388607,rest
79.7340,8388607,rest
79.7354,-,rest
79.7381,8388608,rest
79.7393,-,rest
79.7423,8388608,rest
79.7437,-214,rest
79.7469,6245,rest
79.7490,83886,rest
79.7504,07,rest
79.7521,8388607,rest
79.7546,-8388608,rest
79.7586,-8388608,rest
79.7645,317527,rest
79.7685,8388607,rest
79.7727,8388607,rest
79.7773,-8388608,rest
79.7791,-8388608,rest
79.7837,-4076700,rest
79.7873,8388607,rest
79.7916,8388607,rest
79.7957,88,rest
79.8015,-8388608,rest
79.8051,-4823947,rest
79.8079,8388607,rest
79.8122,86,rest
79.8166,-8388608,rest
79.8215,-8388608,rest
79.8242,-5609403,rest
79.8287,838867,rest
79.8329,8388607,rest
79.8373,-8388608,rest
79.8405,-8388608,rest
79.8448,-6385307,rest
79.8505,8388607,rest
79.8528,8388607,rest
79.8569,-8280604,rest
79.8610,-8388608,rest
79.8626,-,rest
79.8667,7134489,rest
79.8692,8388607,rest
79.8708,83,rest
79.8733,88607,rest
79.8747,-76628,rest
79.8774,68,rest
79.8789,-8388608,rest
79.8828,-7857362,rest
79.8855,8388607,rest
79.8896,8388607,rest
79.8939,-6902983,rest
79.8983,-8388608,rest
79.9019,-8388608,rest
79.9060,8388607,rest
79.9106,8388607,rest
79.9148,-6142808,rest
79.9187,-8388608,rest
79.9224,-8388608,rest
79.9272,8388607,rest
79.9325,8388607,rest
79.9350,-5321328,rest
79.9388,-8388608,rest
79.9434,-8388608,rest
79.9473,8388607,rest
79.9517,8388607,rest
79.9552,-4290901,rest
79.9594,-8388608,rest
79.9643,-8388608,rest
79.9675,8388607,rest
79.9716,8388607,rest
79.9757,-3291941,rest
79.9804,-8388608,rest
79.9844,-8388608,rest
79.9879,8388607,rest
79.9921,8388607,rest
79.9935,-,rest
79.9963,1961,rest
79.9979,8,rest
80.0016,88608,rest
80.0029,-83886,rest
80.0043,08,rest
80.0059,8324727,rest
80.0085,8388607,rest
80.0128,999,rest
80.0171,-8388608,rest
80.0218,-8388608,rest
80.0248,7824655,rest
80.0307,388607,rest
80.0344,130662,rest
80.0384,-8388608,rest
80.0412,-8388608,rest
80.0455,163,rest
80.0507,8388607,rest
80.0540,1293580,rest
80.0576,-8388608,rest
80.0639,-388,rest
80.0668,6521668,rest
80.0699,8388607,rest
80.0739,2497013,rest
80.0804,-8388608,rest
80.0822,-8388608,rest
80.0863,5797930,rest
80.0903,8388607,rest
80.0945,3551728,rest
80.0995,-8388608,rest
80.1027,-8388608,rest
80.1067,4949338,rest
80.1108,8388607,rest
80.1164,4565012,rest
80.1172,-,rest
80.1190,8388608,rest
80.1204,-,rest
80.1231,8388608,rest
80.1241,3,rest
80.1273,994449,rest
80.1292,83886,rest
80.1318,07,rest
80.1343,5402124,rest
80.1354,-8388608,rest
80.1395,-8388608,rest
80.1438,2901176,rest
80.1484,8388607,rest
80.1518,6254601,rest
80.1559,-8388608,rest
80.1606,-8388608,rest
80.1646,1777854,rest
80.1687,8388607,rest
80.1723,7064784,rest
80.1768,-8388608,rest
80.1812,-8388608,rest
80.1845,596703,rest
80.1887,8388607,rest
80.1933,7808933,rest
80.1992,-8388608,rest
80.2010,-8388608,rest
80.2050,-602917,rest
80.2092,8388607,rest
80.2152,8388607,rest
80.2174,-8388608,rest
80.2214,-8388608,rest
80.2256,-1738436,rest
80.2309,8388607,rest
80.2341,8388607,rest
80.2378,-8388608,rest
80.2420,-8388608,rest
80.2433,-,rest
80.2480,922957,rest
80.2504,8388607,rest
80.2520,8,rest
80.2553,388607,rest
80.2565,-8388,rest
80.2589,608,rest
80.2618,-8388608,rest
80.2625,-3869822,rest
80.2675,8388607,rest
80.2706,8388607,rest
80.2748,-8388608,rest
80.2804,6,rest
80.2837,-4627236,rest
80.2874,8388607,rest
80.2910,8388607,rest
80.2971,88,rest
80.2996,-8388608,rest
80.3037,-5418714,rest
80.3083,8388607,rest
80.3116,8388607,rest
80.3163,-8388608,rest
80.3206,-8388608,rest
80.3238,-6195106,rest
80.3283,8388607,rest
80.3332,8388607,rest
80.3361,-8383560,rest
80.3402,-8388608,rest
80.3444,-6921691,rest
80.3491,8388607,rest
80.3525,8388607,rest
80.3566,-7795240,rest
80.3607,-8388608,rest
80.3654,-7628593,rest
80.3689,8388607,rest
80.3729,8388607,rest
80.3745,-,rest
80.3776,7076230,rest
80.3788,-8,rest
80.3823,388608,rest
80.3840,-8354,rest
80.3853,803,rest
80.3864,8388607,rest
80.3894,8388607,rest
80.3937,-6313788,rest
80.3985,-8388608,rest
80.4017,-8388608,rest
80.4057,8388607,rest
80.4104,8388607,rest
80.4153,-5480963,rest
80.4180,-8388608,rest
80.4221,-8388608,rest
80.4266,8388607,rest
80.4312,8388607,rest
80.4346,-4542395,rest
80.4385,-8388608,rest
80.4427,-8388608,rest
80.4477,8388607,rest
80.4510,8388607,rest
80.4549,-3545792,rest
80.4590,-8388608,rest
80.4651,8380,rest
80.4691,8388607,rest
80.4725,8388607,rest
80.4760,-2352139,rest
80.4811,8,rest
80.4853,-8388608,rest
80.4879,8354143,rest
80.4928,8388607,rest
80.4976,1250-,rest
80.5012,8388608,rest
80.5029,-,rest
80.5044,8388608,rest
80.5059,7,rest
80.5083,868779,rest
80.5096,8388,rest
80.5123,07,rest
80.5127,320,rest
80.5181,-8388608,rest
80.5204,-8388608,rest
80.5245,7265090,rest
80.5289,887,rest
80.5338,1097533,rest
80.5383,-8388608,rest
80.5411,-8388608,rest
80.5470,65,rest
80.5500,8388607,rest
80.5534,2201418,rest
80.5579,-8388608,rest
80.5615,-8388608,rest
80.5672,5948836,rest
80.5696,8388607,rest
80.5736,3410415,rest
80.5778,-8388608,rest
80.5836,-8388608,rest
80.5859,5156335,rest
80.5900,8388607,rest
80.5942,4389477,rest
80.5999,-8388608,rest
80.6023,-8388608,rest
80.6064,4220740,rest
80.6106,8388607,rest
80.6152,5263927,rest
80.6192,-8388608,rest
80.6228,-8388608,rest
80.6275,3232020,rest
80.6317,8388607,rest
80.6330,6,rest
80.6351,100619,rest
80.6367,-8388,rest
80.6392,608,rest
80.6415,-8388608,rest
80.6438,2036619,rest
80.6480,8388607,rest
80.6515,6848522,rest
80.6556,-8388608,rest
80.6602,-8388608,rest
80.6645,850218,rest
80.6679,8388607,rest
80.6720,7704598,rest
80.6761,-8388608,rest
80.6819,-8388608,rest
80.6843,-293809,rest
80.6883,8388607,rest
80.6926,8356330,rest
80.6980,83880,rest
80.7014,-8388608,rest
80.7061,-1482093,rest
80.7088,8388607,rest
80.7141,8388607,rest
80.7173,-8388608,rest
80.7211,-8388608,rest
80.7252,-2581975,rest
80.7314,3880,rest
80.7370,8388607,rest
80.7383,-8388608,rest
80.7417,-8388608,rest
80.7472,35411,rest
80.7502,8388607,rest
80.7546,8388607,rest
80.7559,-,rest
80.7582,8388608,rest
80.7596,-8,rest
80.7638,886-4372,rest
80.7681,515,rest
80.7701,838860,rest
80.7711,7,rest
80.7720,8388607,rest
80.7744,-8388608,rest
80.7801,-838860,rest
80.7832,-5094280,rest
80.7870,8388607,rest
80.7909,8388607,rest
80.7955,-83868,rest
80.7992,-8388608,rest
80.8046,-5894488,rest
80.8072,8388607,rest
80.8114,8388607,rest
80.8170,-8388608,rest
80.8194,-8388608,rest
80.8235,-6594863,rest
80.8277,8388607,rest
80.8327,8388607,rest
80.8358,-8015860,rest
80.8399,-8388608,rest
80.8440,-7280272,rest
80.8485,8388607,rest
80.8522,8388607,rest
80.8564,-7339292,rest
80.8608,-8388608,rest
80.8650,-7967744,rest
80.8685,8388607,rest
80.8727,8388607,rest
80.8771,-6607333,rest
80.8785,-,rest
80.8829,8388608,rest
80.8846,-,rest
80.8850,8388608,rest
80.8892,8388607,rest
80.8908,838,rest
80.8933,8607,rest
80.8954,-582926,rest
80.8974,1,rest
80.8996,-8388608,rest
80.9014,-8388608,rest
80.9054,8388607,rest
80.9100,8388607,rest
80.9163,-4969887,rest
80.9177,-8388608,rest
80.9218,-8388608,rest
80.9259,8388607,rest
80.9311,8388607,rest
80.9342,-4023504,rest
80.9383,-8388608,rest
80.9424,-8388608,rest
80.9473,8388607,rest
80.9506,8388607,rest
80.9545,-2912751,rest
80.9587,-8388608,rest
80.9649,-8388608,rest
80.9675,8388607,rest
80.9710,8388607,rest
80.9751,-1697298,rest
80.9811,838608,rest
80.9841,-8388608,rest
80.9877,8177647,rest
80.9915,8388607,rest
80.9969,500,rest
81.0009,-8388608,rest
81.0063,-8388608,rest
81.0079,7618743,rest
81.0125,83867,rest
81.0168,34009,rest
81.0183,-838,rest
81.0201,8608,rest
81.0212,-83886,rest
81.0242,08,rest
81.0253,6959970,rest
81.0288,8307,rest
81.0338,1825626,rest
81.0382,-8388608,rest
81.0407,-8388608,rest
81.0468,618,rest
81.0501,8388607,rest
81.0542,2917953,rest
81.0573,-8388608,rest
81.0613,-8388608,rest
81.0667,5581534,rest
81.0693,8388607,rest
81.0733,3908328,rest
81.0775,-8388608,rest
81.0830,-8388608,rest
81.0856,4706877,rest
81.0897,8388607,rest
81.0939,4882338,rest
81.0988,-8388608,rest
81.1021,-8388608,rest
81.1062,3721504,rest
81.1108,8388607,rest
81.1148,5743475,rest
81.1185,-8388608,rest
81.1226,-8388608,rest
81.1273,2633786,rest
81.1319,8388607,rest
81.1348,6452496,rest
81.1365,-,rest
81.1389,8388608,rest
81.1401,-,rest
81.1433,8388608,rest
81.1452,15,rest
81.1479,80134,rest
81.1494,83886,rest
81.1511,07,rest
81.1528,7285507,rest
81.1553,-8388608,rest
81.1600,-8388608,rest
81.1639,430373,rest
81.1678,8388607,rest
81.1717,7983391,rest
81.1758,-8388608,rest
81.1812,-8388608,rest
81.1841,-776763,rest
81.1880,8388607,rest
81.1922,8388607,rest
81.1976,8388608,rest
81.2010,-8388608,rest
81.2045,-1944883,rest
81.2085,8388607,rest
81.2151,3886,rest
81.2180,-8388608,rest
81.2223,-8388608,rest
81.2250,-2940450,rest
81.2293,38,rest
81.2337,8388607,rest
81.2392,-8388608,rest
81.2417,-8388608,rest
81.2459,-1278,rest
81.2510,8388607,rest
81.2540,8388607,rest
81.2578,-8388608,rest
81.2621,-8388608,rest
81.2668,4555062,rest
81.2700,8388607,rest
81.2716,83,rest
81.2742,88607,rest
81.2753,-83886,rest
81.2783,08,rest
81.2809,-838868,rest
81.2826,5437,rest
81.2867,8388607,rest
81.2931,8388607,rest
81.2959,-8388608,rest
81.3005,8380,rest
81.3047,-6145004,rest
81.3100,8388607,rest
81.3120,8388607,rest
81.3164,865,rest
81.3198,-8388608,rest
81.3232,-6938927,rest
81.3275,8388607,rest
81.3327,8388607,rest
81.3356,-7662868,rest
81.3396,-8388608,rest
81.3438,-7638665,rest
81.3486,8388607,rest
81.3525,8388607,rest
81.3560,-6914339,rest
81.3610,-8388608,rest
81.3648,-8292575,rest
81.3698,8388607,rest
81.3723,8388607,rest
81.3770,-6176369,rest
81.3813,-8388608,rest
81.3847,-8388608,rest
81.3888,8388607,rest
81.3930,8388607,rest
81.3950,-,rest
81.3978,5364222,rest
81.3992,-83,rest
81.4011,88608,rest
81.4022,-83886,rest
81.4052,08,rest
81.4068,8388607,rest
81.4093,8388607,rest
81.4148,-4382276,rest
81.4181,-8388608,rest
81.4216,-8388608,rest
81.4256,8388607,rest
81.4305,8388607,rest
81.4343,-3311138,rest
81.4379,-8388608,rest
81.4420,-8388608,rest
81.4463,3886,rest
81.4511,8388607,rest
81.4543,-2206801,rest
81.4584,-8388608,rest
81.4627,838,rest
81.4675,8339435,rest
81.4721,8388607,rest
81.4767,-1017293,rest
81.4789,-8388608,rest
81.4835,-8388608,rest
81.4874,7854071,rest
81.4911,8388607,rest
81.4955,22,rest
81.5007,-8388608,rest
81.5042,-8388608,rest
81.5087,7203772,rest
81.5117,8388607,rest
81.5171,1353296,rest
81.5184,-,rest
81.5199,8388608,rest
81.5214,-,rest
81.5239,8388608,rest
81.5250,6,rest
81.5287,505,rest
81.5303,8,rest
81.5323,07,rest
81.5352,2551972,rest
81.5362,-8388608,rest
81.5403,-8388608,rest
81.5444,5820527,rest
81.5488,8388607,rest
81.5537,3517058,rest
81.5567,-8388608,rest
81.5608,-8388608,rest
81.5656,5039049,rest
81.5690,8388607,rest
81.5730,4512874,rest
81.5773,-8388608,rest
81.5819,-8388608,rest
81.5857,4077618,rest
81.5894,8388607,rest
81.5940,5418710,rest
81.5986,-8388608,rest
81.6017,-8388608,rest
81.6058,3041490,rest
81.6106,8388607,rest
81.6144,6259386,rest
81.6181,-8388608,rest
81.6223,-8388608,rest
81.6268,1865284,rest
81.6314,8388607,rest
81.6348,7045044,rest
81.6386,-8388608,rest
81.6429,-8388608,rest
81.6479,756621,rest
81.6518,8388607,rest
81.6527,7,rest
81.6550,800302,rest
81.6565,-8388,rest
81.6590,608,rest
81.6605,-8388608,rest
81.6634,-37401,rest
81.6675,8388607,rest
81.6728,8388607,rest
81.6754,-8388608,rest
81.6809,8388,rest
81.6842,-1481402,rest
81.6880,8388607,rest
81.6918,8388607,rest
81.6966,-8388608,rest
81.7001,-8388608,rest
81.7042,-2589072,rest
81.7083,8388607,rest
81.7126,386,rest
81.7171,-8388608,rest
81.7205,-8388608,rest
81.7248,-3448840,rest
81.7290,807,rest
81.7334,8388607,rest
81.7373,-8388608,rest
81.7411,-8388608,rest
81.7480,26,rest
81.7505,8388607,rest
81.7539,8388607,rest
81.7574,-8388608,rest
81.7623,-83880,rest
81.7662,-5034299,rest
81.7696,8388607,rest
81.7738,8388607,rest
81.7750,-,rest
81.7779,8388608,rest
81.7797,-8,rest
81.7824,388608,rest
81.7849,-5839,rest
81.7860,200,rest
81.7872,838860,rest
81.7901,7,rest
81.7902,8388607,rest
81.7943,-8388608,rest
81.7997,-8388608,rest
81.8027,-6642549,rest
81.8065,8388607,rest
81.8106,8388607,rest
81.8157,-7912904,rest
81.8188,-8388608,rest
81.8229,-7374169,rest
81.8274,8388607,rest
81.8325,8388607,rest
81.8353,-7148773,rest
81.8393,-8388608,rest
81.8438,-8086388,rest
81.8485,8388607,rest
81.8516,8388607,rest
81.8557,-6406738,rest
81.8599,-8388608,rest
81.8661,-8388608,rest
81.8706,8388607,rest
81.8721,8388607,rest
81.8765,-5602246,rest
81.8823,-8388608,rest
81.8862,-8388608,rest
81.8885,8388607,rest
81.8926,8388607,rest
81.8985,-4661988,rest
81.8993,-,rest
81.9024,8388608,rest
81.9040,-,rest
81.9048,8388608,rest
81.9062,8,rest
81.9091,388607,rest
81.9110,8388,rest
81.9132,07,rest
81.9146,36148,rest
81.9178,2,rest
81.9186,-8388608,rest
81.9212,-8388608,rest
81.9254,8388607,rest
81.9314,860,rest
81.9348,-2476898,rest
81.9390,-8388608,rest
81.9418,-8388608,rest
81.9475,8860,rest
81.9528,8388607,rest
81.9546,-1325366,rest
81.9590,-8388608,rest
81.9642,-8386,rest
81.9669,7986443,rest
81.9721,8388607,rest
81.9747,-155129,rest
81.9795,-88,rest
81.9832,-8388608,rest
81.9881,7405243,rest
81.9910,8388607,rest
81.9955,993827,rest
82.0004,-8388608,rest
82.0032,-8388608,rest
82.0072,6769160,rest
82.0115,8388607,rest
82.0168,2184877,rest
82.0203,-8388608,rest
82.0236,-8388608,rest
82.0277,6040593,rest
82.0331,8388607,rest
82.0361,3338005,rest
82.0378,-838,rest
82.0400,8608,rest
82.0411,-838860,rest
82.0440,8,rest
82.0442,5254787,rest
82.0491,8388607,rest
82.0523,4368362,rest
82.0563,-8388608,rest
82.0606,-8388608,rest
82.0659,4320967,rest
82.0686,8388607,rest
82.0727,5224495,rest
82.0771,-8388608,rest
82.0823,-8388608,rest
82.0851,3355670,rest
82.0891,8388607,rest
82.0936,6002511,rest
82.0980,-8388608,rest
82.1014,-8388608,rest
82.1055,2230590,rest
82.1102,8388607,rest
82.1149,6809013,rest
82.1180,-8388608,rest
82.1220,-8388608,rest
82.1261,1046767,rest
82.1306,8388607,rest
82.1342,7638614,rest
82.1383,-8388608,rest
82.1424,-8388608,rest
82.1488,61,rest
82.1525,8388607,rest
82.1551,8314445,rest
82.1565,-,rest
82.1589,8388608,rest
82.1603,-,rest
82.1649,3860,rest
82.1677,12563,rest
82.1714,83886,rest
82.1716,07,rest
82.1737,8388607,rest
82.1752,-8388608,rest
82.1795,88608,rest
82.1841,-2343935,rest
82.1892,8388607,rest
82.1918,8388607,rest
82.1958,-8388608,rest
82.2017,-8388608,rest
82.2038,-3354097,rest
82.2081,8388607,rest
82.2122,388607,rest
82.2162,-8388608,rest
82.2220,-8388608,rest
82.2255,-4173257,rest
82.2295,8887,rest
82.2341,8388607,rest
82.2366,-8388608,rest
82.2408,-8388608,rest
82.2455,-49819,rest
82.2496,8388607,rest
82.2567,8388607,rest
82.2590,-8388608,rest
82.2613,-8388608,rest
82.2658,-5787398,rest
82.2701,8388607,rest
82.2734,8388607,rest
82.2777,-8388608,rest
82.2828,-8388608,rest
82.2844,-,rest
82.2857,6582914,rest
82.2898,8388607,rest
82.2913,838,rest
82.2941,8607,rest
82.2957,-80011,rest
82.2985,52,rest
82.3019,-8388608,rest
82.3024,-7327860,rest
82.3064,8388607,rest
82.3108,8388607,rest
82.3169,-7294171,rest
82.3185,-8388608,rest
82.3227,-8012586,rest
82.3274,8388607,rest
82.3327,8388607,rest
82.3350,-6563694,rest
82.3391,-8388608,rest
82.3442,-8388608,rest
82.3484,8388607,rest
82.3531,8388607,rest
82.3555,-5782662,rest
82.3596,-8388608,rest
82.3645,-8388608,rest
82.3682,8388607,rest
82.3718,8388607,rest
82.3760,-4831010,rest
82.3811,-8388608,rest
82.3849,-8388608,rest
82.3881,8388607,rest
82.3923,8388607,rest
82.3974,8562,rest
82.4029,-8388608,rest
82.4046,-8388608,rest
82.4087,8388607,rest
82.4132,8367,rest
82.4146,-,rest
82.4177,693780,rest
82.4183,-83,rest
82.4211,88608,rest
82.4230,-83886,rest
82.4257,08,rest
82.4274,8388607,rest
82.4292,8388607,rest
82.4352,-1465819,rest
82.4373,-8388608,rest
82.4415,-8388608,rest
82.4457,0,rest
82.4505,8388607,rest
82.4540,-325411,rest
82.4597,-8388608,rest
82.4619,-8388608,rest
82.4668,7470189,rest
82.4700,8388607,rest
82.4741,868347,rest
82.4802,-8860,rest
82.4834,-8388608,rest
82.4881,6748261,rest
82.4905,8388607,rest
82.4949,2045154,rest
82.4997,-8388608,rest
82.5028,-8388608,rest
82.5069,6077310,rest
82.5110,8388607,rest
82.5167,3261461,rest
82.5192,-8388608,rest
82.5233,-8388608,rest
82.5274,5290958,rest
82.5323,8388607,rest
82.5356,4231511,rest
82.5367,-,rest
82.5397,8388608,rest
82.5412,-,rest
82.5439,8388608,rest
82.5453,43,rest
82.5489,31338,rest
82.5506,83886,rest
82.5519,07,rest
82.5534,5191597,rest
82.5561,-8388608,rest
82.5606,-8388608,rest
82.5651,3305643,rest
82.5684,8388607,rest
82.5725,6002816,rest
82.5774,-8388608,rest
82.5820,-8388608,rest
82.5852,2146069,rest
82.5888,8388607,rest
82.5935,6827931,rest
82.5989,-8388608,rest
82.6011,-8388608,rest
82.6052,1029325,rest
82.6094,8388607,rest
82.6153,7652211,rest
82.6181,-8388608,rest
82.6217,-8388608,rest
82.6259,-101561,rest
82.6301,388607,rest
82.6339,8326918,rest
82.6401,-8388608,rest
82.6422,-8388608,rest
82.6464,12968,rest
82.6524,8388607,rest
82.6558,8388607,rest
82.6586,-8388608,rest
82.6628,83,rest
82.6671,2377494,rest
82.6707,8388607,rest
82.6722,83,rest
82.6749,88607,rest
82.6767,-83886,rest
82.6838,-3329035,rest
82.6890,8388607,rest
82.6915,8388607,rest
82.6967,83868,rest
82.7007,-8388608,rest
82.7042,-4161639,rest
82.7076,8388607,rest
82.7141,83860,rest
82.7193,-8388608,rest
82.7207,-8388608,rest
82.7240,-4960122,rest
82.7293,3887,rest
82.7330,8388607,rest
82.7369,-8388608,rest
82.7404,-8388608,rest
82.7446,-5782324,rest
82.7487,8388607,rest
82.7527,8388607,rest
82.7569,-8388608,rest
82.7610,-8388608,rest
82.7658,-6547208,rest
82.7690,8388607,rest
82.7731,8388607,rest
82.7773,-8045276,rest
82.7826,-8388608,rest
82.7854,-7292417,rest
82.7895,8388607,rest
82.7943,8388607,rest
82.7956,-,rest
82.7986,7352631,rest
82.8013,-83,rest
82.8018,88608,rest
82.8028,-7978,rest
82.8059,596,rest
82.8074,8388607,rest
82.8107,8388607,rest
82.8147,-6570775,rest
82.8182,-8388608,rest
82.8224,-8388608,rest
82.8273,8388607,rest
82.8317,8388607,rest
82.8351,-5804604,rest
82.8387,-8388608,rest
82.8428,-8388608,rest
82.8471,8388607,rest
82.8509,8388607,rest
82.8552,-4915565,rest
82.8592,-8388608,rest
82.8653,838,rest
82.8686,8388607,rest
82.8720,8388607,rest
82.8757,-3852547,rest
82.8805,-8388608,rest
82.8839,-8388608,rest
82.8879,8388607,rest
82.8919,8388607,rest
82.8979,27752,rest
82.9011,-8388608,rest
82.9054,-8388608,rest
82.9084,8388607,rest
82.9145,3860,rest
82.9184,-1515131,rest
82.9203,-,rest
82.9218,8388608,rest
82.9231,-,rest
82.9248,8388608,rest
82.9260,8,rest
82.9291,599,rest
82.9312,3,rest
82.9329,607,rest
82.9345,-338629,rest
82.9370,-8388608,rest
82.9410,-8388608,rest
82.9470,443,rest
82.9508,8388607,rest
82.9546,833121,rest
82.9575,-8388608,rest
82.9620,-838808,rest
82.9661,6822969,rest
82.9701,8388607,rest
82.9752,1968443,rest
82.9780,-8388608,rest
82.9836,-8388608,rest
82.9861,6138959,rest
82.9902,8388607,rest
82.9943,3076062,rest
82.9996,-8388608,rest
83.0026,-8388608,rest
83.0067,5391993,rest
83.0107,8388607,rest
83.0155,4248024,rest
83.0189,-8388608,rest
83.0230,-8388608,rest
83.0275,4481837,rest
83.0323,8388607,rest
83.0353,5094100,rest
83.0393,-8388608,rest
83.0438,-8388608,rest
83.0488,3442151,rest
83.0517,8388607,rest
83.0533,5,rest
83.0558,939519,rest
83.0570,-8388,rest
83.0601,608,rest
83.0612,-8388608,rest
83.0645,2326903,rest
83.0680,8388607,rest
83.0722,6742221,rest
83.0770,-8388608,rest
83.0810,-8388608,flicker
83.0849,1212005,flicker
83.0887,8388607,flicker
83.0928,7539498,flicker
83.0979,-8388608,flicker
83.1012,-8388608,flicker
83.1048,76683,flicker
83.1090,8388607,flicker
83.1133,2052,flicker
83.1199,-8388608,flicker
83.1216,-8388608,flicker
83.1269,-1145496,flicker
83.1299,8388607,flicker
83.1344,8388607,flicker
83.1383,-8388608,flicker
83.1418,-8388608,flicker
83.1462,2295,flicker
83.1514,8388607,flicker
83.1544,8388607,flicker
83.1618,-8388608,flicker
83.1627,-8388608,flicker
83.1673,-3184654,flicker
83.1706,8388607,flicker
83.1745,8388607,flicker
83.1758,-,flicker
83.1789,368,flicker
83.1807,-,flicker
83.1840,388608,flicker
83.1859,-401,flicker
83.1868,7651,flicker
83.1882,838860,flicker
83.1909,7,flicker
83.1911,8388607,flicker
83.1955,38,flicker
83.1997,-8388608,flicker
83.2047,-4810055,flicker
83.2073,8388607,flicker
83.2132,38,flicker
83.2162,-8388608,flicker
83.2203,-8388608,flicker
83.2246,-5639928,flicker
83.2283,8388607,flicker
83.2322,8607,flicker
83.2371,-8388608,flicker
83.2401,-8388608,flicker
83.2442,-6432670,flicker
83.2489,8388607,flicker
83.2523,8388607,flicker
83.2564,-8133524,flicker
83.2606,-8388608,flicker
83.2655,-7177113,flicker
83.2689,8388607,flicker
83.2728,8388607,flicker
83.2773,-7471664,flicker
83.2831,-8388608,flicker
83.2852,-7864174,flicker
83.2892,8388607,flicker
83.2938,8388607,flicker
83.2988,-6679014,flicker
83.3003,-,flicker
83.3015,8388608,flicker
83.3027,-,flicker
83.3056,8388608,flicker
83.3102,8388607,flicker
83.3116,838,flicker
83.3143,8607,flicker
83.3161,-596682,flicker
83.3181,7,flicker
83.3183,-8388608,flicker
83.3220,-8388608,flicker
83.3265,8388607,flicker
83.3307,8388607,flicker
83.3351,-5095699,flicker
83.3384,-8388608,flicker
83.3425,-8388608,flicker
83.3477,8388607,flicker
83.3512,8388607,flicker
83.3548,-4053882,flicker
83.3589,-8388608,flicker
83.3648,-8388608,flicker
83.3677,8388607,flicker
83.3711,8388607,flicker
83.3753,-2971019,flicker
83.3807,-8388608,flicker
83.3852,-8388608,flicker
83.3875,8388607,flicker
83.3916,8388607,flicker
83.3960,7837,flicker
83.4006,-8388608,flicker
83.4043,-8388608,flicker
83.4092,8236479,flicker
83.4125,8388607,flicker
83.4174,-606041,flicker
83.4208,-8388608,flicker
83.4244,-8388608,flicker
83.4288,867,flicker
83.4337,8388607,flicker
83.4355,5,flicker
83.4388,64775,flicker
83.4401,-838,flicker
83.4408,8608,flicker
83.4433,-838860,flicker
83.4450,8,flicker
83.4470,7649,flicker
83.4497,8388607,flicker
83.4551,1649610,flicker
83.4607,-8388608,flicker
83.4618,-8388608,flicker
83.4655,6372970,flicker
83.4701,8388607,flicker
83.4747,2872060,flicker
83.4777,-8388608,flicker
83.4826,-8388608,flicker
83.4868,5619116,flicker
83.4899,8388607,flicker
83.4940,3918111,flicker
83.4987,-8388608,flicker
83.5038,-8388608,flicker
83.5063,4735094,flicker
83.5107,8388607,flicker
83.5152,4819146,flicker
83.5186,-8388608,flicker
83.5227,-8388608,flicker
83.5271,3746641,flicker
83.5318,8388607,flicker
83.5352,5727305,flicker
83.5391,-8388608,flicker
83.5434,-8388608,flicker
83.5476,2674744,flicker
83.5518,8388607,flicker
83.5554,6501408,flicker
83.5567,-,flicker
83.5602,8388608,flicker
83.5627,-,flicker
83.5642,388608,flicker
83.5649,152,flicker
83.5677,2513,flicker
83.5680,83886,flicker
83.5718,07,flicker
83.5731,7351384,flicker
83.5760,-8388608,flicker
83.5816,-8388608,flicker
83.5844,431781,flicker
83.5882,8388607,flicker
83.5924,8015637,flicker
83.5968,836,flicker
83.6019,-8388608,flicker
83.6049,-698674,flicker
83.6098,8388607,flicker
83.6138,8388607,flicker
83.6188,86,flicker
83.6243,-8388608,flicker
83.6276,-1920497,flicker
83.6293,8388607,flicker
83.6343,8388607,flicker
83.6374,-8388608,flicker
83.6416,-8388608,flicker
83.6459,2837,flicker
83.6508,8388607,flicker
83.6547,8388607,flicker
83.6587,-8388608,flicker
83.6622,-8388608,flicker
83.6671,-3757295,flicker
83.6701,8388607,flicker
83.6743,8388607,flicker
83.6805,-888,flicker
83.6838,-8388608,flicker
83.6853,-,flicker
83.6888,4514901,flicker
83.6906,8388607,flicker
83.6920,83,flicker
83.6948,88607,flicker
83.6967,-83,flicker
83.6989,08,flicker
83.7004,-8388608,flicker
83.7039,-5417769,flicker
83.7108,8388607,flicker
83.7115,8388607,flicker
83.7164,-8388608,flicker
83.7193,-8388608,flicker
83.7234,-6199747,flicker
83.7277,8388607,flicker
83.7328,8388607,flicker
83.7357,-8339436,flicker
83.7398,-8388608,flicker
83.7440,-6975282,flicker
83.7485,8388607,flicker
83.7521,8388607,flicker
83.7562,-7677576,flicker
83.7606,-8388608,flicker
83.7653,-7684308,flicker
83.7685,8388607,flicker
83.7725,8388607,flicker
83.7774,-6940554,flicker
83.7814,-8388608,flicker
83.7848,-8262204,flicker
83.7889,8388607,flicker
83.7934,8388607,flicker
83.7977,-6210055,flicker
83.8024,-8388608,flicker
83.8054,-8388608,flicker
83.8095,8388607,flicker
83.8159,8388-,flicker
83.8176,5420963,flicker
83.8186,-83,flicker
83.8218,88608,flicker
83.8232,-8388,flicker
83.8260,608,flicker
83.8277,8388607,flicker
83.8314,8388607,flicker
83.8340,-4458208,flicker
83.8380,-8388608,flicker
83.8422,-8388608,flicker
83.8465,38867,flicker
83.8505,8388607,flicker
83.8574,-3397621,flicker
83.8592,-8388608,flicker
83.8630,8386,flicker
83.8684,8388607,flicker
83.8726,8388607,flicker
83.8764,-2204843,flicker
83.8801,-8388608,flicker
83.8836,-838860,flicker
83.8891,35413,flicker
83.8948,8388607,flicker
83.8955,-990576,flicker
83.9006,-8388608,flicker
83.9059,838608,flicker
83.9080,7824655,flicker
83.9126,8388607,flicker
83.9164,207009,flicker
83.9206,-8388608,flicker
83.9257,838868,flicker
83.9296,7183123,flicker
83.9333,8388607,flicker
83.9394,1319471,flicker
83.9406,-8388608,flicker
83.9419,-,flicker
83.9454,8388608,flicker
83.9468,65,flicker
83.9513,338488388,flicker
83.9527,607,flicker
83.9541,2529611,flicker
83.9569,-8388608,flicker
83.9609,-8388608,flicker
83.9661,5821666,flicker
83.9692,8388607,flicker
83.9733,3626861,flicker
83.9778,-8388608,flicker
83.9826,-8388608,flicker
83.9855,4956208,flicker
83.9896,8388607,flicker
83.9940,4576550,flicker
83.9983,-8388608,flicker
84.0019,-8388608,flicker
84.0060,3964614,flicker
84.0104,8388607,flicker
84.0146,5530544,flicker
84.0183,-8388608,flicker
84.0224,-8388608,flicker
84.0272,2973039,flicker
84.0308,8388607,flicker
84.0347,6288067,flicker
84.0388,-8388608,flicker
84.0431,-8388608,flicker
84.0491,1832600,flicker
84.0511,8388607,flicker
84.0551,7121372,flicker
84.0595,-8388608,flicker
84.0639,-8388608,flicker
84.0674,681939,flicker
84.0715,8388607,flicker
84.0731,7,flicker
84.0756,886724,flicker
84.0766,-8388,flicker
84.0801,608,flicker
84.0837,-8388608,flicker
84.0839,-437023,flicker
84.0879,8388607,flicker
84.0920,8388607,flicker
84.0963,838868,flicker
84.1010,-8388608,flicker
84.1052,-1633910,flicker
84.1084,8388607,flicker
84.1140,86,flicker
84.1174,-8388608,flicker
84.1216,-8388608,flicker
84.1251,-2665143,flicker
84.1304,3867,flicker
84.1331,8388607,flicker
84.1394,-8388608,flicker
84.1412,-8388608,flicker
84.1454,-3577908,flicker
84.1501,8388607,flicker
84.1534,8388607,flicker
84.1575,-8388608,flicker
84.1619,-83868,flicker
84.1666,-4341536,flicker
84.1702,8388607,flicker
84.1743,8388607,flicker
84.1784,-8388608,flicker
84.1838,83868,flicker
84.1874,-5211532,flicker
84.1906,8388607,flicker
84.1946,8388607,flicker
84.1959,-,flicker
84.1992,8388608,flicker
84.2004,-8,flicker
84.2034,388608,flicker
84.2050,-5981,flicker
84.2066,971,flicker
84.2082,8388607,flicker
84.2110,8388607,flicker
84.2165,-8388608,flicker
84.2190,-8388608,flicker
84.2231,-6757957,flicker
84.2274,8388607,flicker
84.2320,8388607,flicker
84.2354,-7824656,flicker
84.2395,-8388608,flicker
84.2441,-7536326,flicker
84.2485,8388607,flicker
84.2517,8388607,flicker
84.2558,-7108897,flicker
84.2600,-8388608,flicker
84.2651,-8170109,flicker
84.2681,8388607,flicker
84.2723,8388607,flicker
84.2773,-6337385,flicker
84.2815,-8388608,flicker
84.2845,-8388608,flicker
84.2886,8388607,flicker
84.2927,8388607,flicker
84.2981,-5514137,flicker
84.3009,-8388608,flicker
84.3050,-8388608,flicker
84.3096,8388607,flicker
84.3147,386,flicker
84.3189,-4612712,flicker
84.3206,-,flicker
84.3220,8388608,flicker
84.3230,-,flicker
84.3255,8388608,flicker
84.3267,8,flicker
84.3313,880788,flicker
84.3336,07,flicker
84.3361,-349736,flicker
84.3383,5,flicker
84.3395,-8388608,flicker
84.3418,-8388608,flicker
84.3471,8388607,flicker
84.3505,8388607,flicker
84.3542,-2438962,flicker
84.3583,-8388608,flicker
84.3626,8808,flicker
84.3668,8388607,flicker
84.3718,8388607,flicker
84.3746,-1192408,flicker
84.3790,380,flicker
84.3838,-8388608,flicker
84.3884,7912903,flicker
84.3912,8388607,flicker
84.3953,-6253,flicker
84.4000,-8388608,flicker
84.4038,-8388608,flicker
84.4096,7301178,flicker
84.4115,8388607,flicker
84.4165,1130502,flicker
84.4197,-8388608,flicker
84.4238,-8388608,flicker
84.4279,6663966,flicker
84.4329,8388607,flicker
84.4361,2252715,flicker
84.4401,-8388608,flicker
84.4443,-8388608,flicker
84.4491,5993675,flicker
84.4525,8388607,flicker
84.4534,3,flicker
84.4565,404066,flicker
84.4579,-838,flicker
84.4607,8608,flicker
84.4616,-838860,flicker
84.4654,8,flicker
84.4665,5148572,flicker
84.4688,8388607,flicker
84.4729,4371133,flicker
84.4771,-8388608,flicker
84.4819,-8388608,flicker
84.4852,4201552,flicker
84.4893,8388607,flicker
84.4936,5319535,flicker
84.4987,-8388608,flicker
84.5016,-8388608,flicker
84.5057,3182100,flicker
84.5099,8388607,flicker
84.5147,6123128,flicker
84.5180,-8388608,flicker
84.5221,-8388608,flicker
84.5273,2038490,flicker
84.5311,8388607,flicker
84.5344,6951468,flicker
84.5385,-8388608,flicker
84.5430,-8388608,flicker
84.5472,934232,flicker
84.5508,8388607,flicker
84.5548,7731446,flicker
84.5590,-8388608,flicker
84.5639,-8388608,flicker
84.5674,-192482,flicker
84.5713,8388607,flicker
84.5754,8388607,flicker
84.5770,-,flicker
84.5802,8388608,flicker
84.5814,-,flicker
84.5836,8388608,flicker
84.5851,-133,flicker
84.5876,8468,flicker
84.5889,838860,flicker
84.5916,7,flicker
84.5918,8388607,flicker
84.5966,-8388608,flicker
84.6003,-8388608,flicker
84.6040,-2439521,flicker
84.6081,8388607,flicker
84.6125,3867,flicker
84.6169,-8388608,flicker
84.6207,-8388608,flicker
84.6269,-3366713,flicker
84.6289,8388607,flicker
84.6333,8388607,flicker
84.6368,-8388608,flicker
84.6409,-8388608,flicker
84.6452,41308,flicker
84.6495,8388607,flicker
84.6547,8388607,flicker
84.6574,-8388608,flicker
84.6616,-8388608,flicker
84.6664,-4911558,flicker
84.6695,8388607,flicker
84.6736,8388607,flicker
84.6779,-8388608,flicker
84.6833,-8388608,flicker
84.6859,-5745405,flicker
84.6900,8388607,flicker
84.6942,8388607,flicker
84.6999,-8388608,flicker
84.7023,-8388608,flicker
84.7037,-,flicker
84.7064,6528428,flicker
84.7106,8388607,flicker
84.7124,838,flicker
84.7150,8607,flicker
84.7177,-80011,flicker
84.7187,52,flicker
84.7199,-8388608,flicker
84.7228,-7289695,flicker
84.7269,8388607,flicker
84.7315,8388607,flicker
84.7350,-7321362,flicker
84.7391,-8388608,flicker
84.7435,-7990501,flicker
84.7481,8388607,flicker
84.7514,8388607,flicker
84.7555,-6597343,flicker
84.7597,-8388608,flicker
84.7652,-8388608,flicker
84.7678,8388607,flicker
84.7719,8388607,flicker
84.7760,-5762171,flicker
84.7812,-8388608,flicker
84.7843,-8388608,flicker
84.7883,8388607,flicker
84.7928,8388607,flicker
84.7977,-4872540,flicker
84.8018,-8388608,flicker
84.8047,-8388608,flicker
84.8088,8388607,flicker
84.8131,83807,flicker
84.8181,-3867002,flicker
84.8211,-8388608,flicker
84.8252,-8388608,flicker
84.8295,38607,flicker
84.8338,8388607,flicker
84.8359,-,flicker
84.8386,2724108,flicker
84.8407,-838,flicker
84.8416,8608,flicker
84.8430,-83886,flicker
84.8463,08,flicker
84.8484,8388607,flicker
84.8498,8388607,flicker
84.8538,-1524470,flicker
84.8580,-8388608,flicker
84.8633,-8388608,flicker
84.8661,8118815,flicker
84.8703,8388607,flicker
84.8743,-361661,flicker
84.8802,-3860,flicker
84.8846,-8388608,flicker
84.8869,7491554,flicker
84.8907,8388607,flicker
84.8962,79,flicker
84.9003,-8388608,flicker
84.9037,-8388608,flicker
84.9071,6886939,flicker
84.9112,8388607,flicker
84.9166,1889592,flicker
84.9194,-8388608,flicker
84.9235,-8388608,flicker
84.9276,6190454,flicker
84.9327,8388607,flicker
84.9358,3079070,flicker
84.9398,-8388608,flicker
84.9441,-8388608,flicker
84.9495,5425266,flicker
84.9521,8388607,flicker
84.9563,4133171,flicker
84.9576,-,flicker
84.9603,8388608,flicker
84.9619,-,flicker
84.9655,8388608,flicker
84.9671,44,flicker
84.9685,92767,flicker
84.9701,83886,flicker
84.9726,07,flicker
84.9739,5070471,flicker
84.9771,-8388608,flicker
84.9816,-8388608,flicker
84.9849,3498158,flicker
84.9890,8388607,flicker
84.9933,5966350,flicker
84.9988,-8388608,flicker
85.0013,-8388608,flicker
85.0054,2363032,flicker
85.0099,8388607,flicker
85.0141,6692344,flicker
85.0178,-8388608,flicker
85.0218,-8388608,flicker
85.0258,1191097,flicker
85.0304,8388607,flicker
85.0341,7522798,flicker
85.0382,-8388608,flicker
85.0423,-8388608,flicker
85.0469,109854,flicker
85.0504,8388607,flicker
85.0545,8247677,flicker
85.0586,-8388608,flicker
85.0644,888608,flicker
85.0675,-1039075,flicker
85.0723,8388607,flicker
85.0751,8388607,flicker
85.0807,83886,flicker
85.0846,-8388608,flicker
85.0860,-,flicker
85.0878,2246075,flicker
85.0914,8388607,flicker
85.0933,83,flicker
85.0957,0,flicker
85.0969,88,flicker
85.1000,08,flicker
85.1022,-8388608,flicker
85.1037,-3211872,flicker
85.1077,8388607,flicker
85.1135,38807,flicker
85.1174,-8388608,flicker
85.1209,-8388608,flicker
85.1252,-4010020,flicker
85.1286,88607,flicker
85.1344,8388607,flicker
85.1375,-8388608,flicker
85.1405,-8388608,flicker
85.1448,-4721868,flicker
85.1501,8388607,flicker
85.1528,8388607,flicker
85.1569,-8388608,flicker
85.1611,-8388608,flicker
85.1664,-5597559,flicker
85.1693,8388607,flicker
85.1733,8388607,flicker
85.1775,-8388608,flicker
85.1830,-8388608,flicker
85.1858,-6368492,flicker
85.1897,8388607,flicker
85.1941,8388607,flicker
85.1995,-8104108,flicker
85.2020,-8388608,flicker
85.2061,-7142145,flicker
85.2106,8388607,flicker
85.2149,8388607,flicker
85.2163,-,flicker
85.2184,7368708,flicker
85.2193,-83,flicker
85.2225,88608,flicker
85.2239,-78749,flicker
85.2266,17,flicker
85.2275,8388607,flicker
85.2317,8388607,flicker
85.2348,-6651309,flicker
85.2388,-8388608,flicker
85.2433,-8388608,flicker
85.2474,8388607,flicker
85.2511,8388607,flicker
85.2552,-5853951,flicker
85.2593,-8388608,flicker
85.2639,-8388608,flicker
85.2676,8388607,flicker
85.2716,8388607,flicker
85.2760,-4967232,flicker
85.2819,838,flicker
85.2855,-8388608,flicker
85.2893,8388607,flicker
85.2921,8388607,flicker
85.2981,304,flicker
85.3013,-8388608,flicker
85.3060,-8388608,flicker
85.3085,8388607,flicker
85.3128,83807,flicker
85.3184,-2801023,flicker
85.3208,-8388608,flicker
85.3253,-8388608,flicker
85.3291,8388607,flicker
85.3340,8388607,flicker
85.3372,-1633776,flicker
85.3384,-,flicker
85.3413,8388608,flicker
85.3434,-,flicker
85.3457,83860,flicker
85.3472,1,flicker
85.3500,3523,flicker
85.3522,83886,flicker
85.3545,07,flicker
85.3550,-416865,flicker
85.3576,-8388608,flicker
85.3633,86,flicker
85.3672,7559911,flicker
85.3708,8388607,flicker
85.3740,743923,flicker
85.3803,-8388608,flicker
85.3832,-8388608,flicker
85.3863,6885210,flicker
85.3904,8388607,flicker
85.3946,1886309,flicker
85.3993,-8388608,flicker
85.4027,-8388608,flicker
85.4068,6225160,flicker
85.4109,8388607,flicker
85.4157,3051622,flicker
85.4191,-8388608,flicker
85.4232,-8388608,flicker
85.4273,5468775,flicker
85.4323,8388607,flicker
85.4355,4104090,flicker
85.4395,-8388608,flicker
85.4440,-8388608,flicker
85.4490,4535624,flicker
85.4518,8388607,flicker
85.4559,5014068,flicker
85.4603,-8388608,flicker
85.4650,-8388608,flicker
85.4683,3564538,flicker
85.4723,8388607,flicker
85.4734,58,flicker
85.4770,79578,flicker
85.4790,-8388,flicker
85.4810,08,flicker
85.4827,-8388608,flicker
85.4846,2409623,flicker
85.4887,8388607,flicker
85.4928,6692281,flicker
85.4979,-8388608,flicker
85.5013,-8388608,flicker
85.5051,1259792,flicker
85.5095,8388607,flicker
85.5142,7516126,flicker
85.5175,-8388608,flicker
85.5215,-8388608,flicker
85.5256,102599,flicker
85.5302,8388607,flicker
85.5338,8181071,flicker
85.5378,-8388608,flicker
85.5421,-8388608,flicker
85.5467,-1043741,flicker
85.5501,8388607,flicker
85.5543,8388607,flicker
85.5584,-8388608,flicker
85.5627,-83808,flicker
85.5675,-2138979,flicker
85.5706,8388607,flicker
85.5747,8388607,flicker
85.5790,83868,flicker
85.5836,-8388608,flicker
85.5883,-3152913,flicker
85.5911,8388607,flicker
85.5966,8860-,flicker
85.6009,8388608,flicker
85.6024,-8,flicker
85.6043,388608,flicker
85.6056,-3967,flicker
85.6075,284,flicker
85.6086,8388607,flicker
85.6133,83867,flicker
85.6174,-8388608,flicker
85.6213,-8388608,flicker
85.6239,-4748500,flicker
85.6282,8388607,flicker
85.6327,8388607,flicker
85.6362,-8388608,flicker
85.6403,-8388608,flicker
85.6444,-5562351,flicker
85.6498,8388607,flicker
85.6525,8388607,flicker
85.6566,-8388608,flicker
85.6608,-8388608,flicker
85.6660,-6348992,flicker
85.6689,8388607,flicker
85.6730,8388607,flicker
85.6771,-8104108,flicker
85.6818,-8388608,flicker
85.6853,-7134097,flicker
85.6894,8388607,flicker
85.6937,8388607,flicker
85.6981,-7456956,flicker
85.7017,-8388608,flicker
85.7058,-7845050,flicker
85.7102,8388607,flicker
85.7145,8388607,flicker
85.7181,-6702512,flicker
85.7193,-,flicker
85.7222,8388608,flicker
85.7238,-,flicker
85.7263,8388608,flicker
85.7280,8,flicker
85.7312,388607,flicker
85.7336,8388,flicker
85.7344,607,flicker
85.7359,-6003707,flicker
85.7386,-8388608,flicker
85.7429,-8388608,flicker
85.7468,8388607,flicker
85.7515,8388607,flicker
85.7549,-5127427,flicker
85.7594,-8388608,flicker
85.7639,-8388608,flicker
85.7672,8388607,flicker
85.7713,8388607,flicker
85.7756,-4104259,flicker
85.7797,838608,flicker
85.7842,-8388608,flicker
85.7890,8388607,flicker
85.7919,8388607,flicker
85.7961,2969,flicker
85.8008,-8388608,flicker
85.8041,-8388608,flicker
85.8081,8388607,flicker
85.8124,387,flicker
85.8168,-1723721,flicker
85.8205,-8388608,flicker
85.8247,-8388608,flicker
85.8299,125,flicker
85.8340,8388607,flicker
85.8378,-567933,flicker
85.8410,-8388608,flicker
85.8476,0,flicker
85.8495,7633451,flicker
85.8533,8388607,flicker
85.8548,59,flicker
85.8573,0783,flicker
85.8585,-8388,flicker
85.8616,608,flicker
85.8623,8860,flicker
85.8655,8,flicker
85.8670,6995139,flicker
85.8702,8388607,flicker
85.8737,1794332,flicker
85.8780,-8388608,flicker
85.8830,-8388608,flicker
85.8860,6336597,flicker
85.8901,8388607,flicker
85.8943,2940946,flicker
85.8997,-8388608,flicker
85.9024,-8388608,flicker
85.9065,5518295,flicker
85.9106,8388607,flicker
85.9155,3986581,flicker
85.9188,-8388608,flicker
85.9228,-8388608,flicker
85.9271,4673934,flicker
85.9323,8388607,flicker
85.9351,4964744,flicker
85.9393,-8388608,flicker
85.9435,-8388608,flicker
85.9481,3657803,flicker
85.9515,8388607,flicker
85.9556,5785815,flicker
85.9598,-8388608,flicker
85.9645,-8388608,flicker
85.9680,2544518,flicker
85.9720,8388607,flicker
85.9762,6600555,flicker
85.9773,-,flicker
85.9808,8388608,flicker
85.9820,-,flicker
85.9843,8388608,flicker
85.9856,148,flicker
85.9884,2662,flicker
85.9894,838860,flicker
85.9924,7,flicker
85.9925,7357129,flicker
85.9973,-8388608,flicker
86.0007,-8388608,flicker
86.0047,357738,flicker
86.0088,8388607,flicker
86.0136,8074327,flicker
86.0171,-8388608,flicker
86.0212,-8388608,flicker
86.0253,-770068,flicker
86.0295,38860,flicker
86.0342,8388607,flicker
86.0393,-8388608,flicker
86.0416,-8388608,flicker
86.0475,-97,flicker
86.0503,8388607,flicker
86.0546,8388607,flicker
86.0580,-8388608,flicker
86.0642,83808,flicker
86.0673,-2984967,flicker
86.0713,8388607,flicker
86.0744,8388607,flicker
86.0787,-3868,flicker
86.0835,-8388608,flicker
86.0880,-3792793,flicker
86.0908,8388607,flicker
86.0965,880,flicker
86.1009,-8388608,flicker
86.1034,-8388608,flicker
86.1052,-,flicker
86.1074,4595567,flicker
86.1113,8388607,flicker
86.1130,838,flicker
86.1164,8607,flicker
86.1183,-838860,flicker
86.1194,8,flicker
86.1205,-8388608,flicker
86.1236,-5429000,flicker
86.1277,8388607,flicker
86.1330,8388607,flicker
86.1358,-8388608,flicker
86.1399,-8388608,flicker
86.1443,-6196383,flicker
86.1494,8388607,flicker
86.1523,8388607,flicker
86.1563,-8221772,flicker
86.1604,-8388608,flicker
86.1657,-7025083,flicker
86.1686,8388607,flicker
86.1727,8388607,flicker
86.1773,-7604036,flicker
86.1821,-8388608,flicker
86.1850,-7701680,flicker
86.1891,8388607,flicker
86.1940,8388607,flicker
86.1978,-6810993,flicker
86.2014,-8388608,flicker
86.2055,-8388608,flicker
86.2096,8388607,flicker
86.2144,8388607,flicker
86.2178,-6093396,flicker
86.2219,-8388608,flicker
86.2259,-8388608,flicker
86.2306,8388607,flicker
86.2341,8388607,flicker
86.2354,-,flicker
86.2383,5268581,flicker
86.2394,-83,flicker
86.2423,88608,flicker
86.2430,-83886,flicker
86.2471,08,flicker
86.2495,8388607,flicker
86.2505,8388607,flicker
86.2546,-4240408,flicker
86.2587,-8388608,flicker
86.2635,-8388608,flicker
86.2669,8388607,flicker
86.2709,8388607,flicker
86.2751,-3165933,flicker
86.2814,83868,flicker
86.2837,-8388608,flicker
86.2887,8388607,flicker
86.2937,8388607,flicker
86.2956,-1935936,flicker
86.3007,-8388608,flicker
86.3044,-8388608,flicker
86.3080,8236479,flicker
86.3121,38867,flicker
86.3165,-696802,flicker
86.3215,-8388608,flicker
86.3243,-8388608,flicker
86.3286,767755,flicker
86.3331,8388607,flicker
86.3382,404080,flicker
86.3408,-8388608,flicker
86.3453,-8388608,flicker
86.3492,7020399,flicker
86.3532,8388607,flicker
86.3570,1590467,flicker
86.3583,-,flicker
86.3612,8388608,flicker
86.3624,-,flicker
86.3663,8388608,flicker
86.3676,63,flicker
86.3693,93329,flicker
86.3706,83886,flicker
86.3734,07,flicker
86.3744,2761467,flicker
86.3781,-8388608,flicker
86.3824,-8388608,flicker
86.3857,5606526,flicker
86.3898,8388607,flicker
86.3942,3902123,flicker
86.3993,-8388608,flicker
86.4021,-8388608,flicker
86.4062,4734071,flicker
86.4105,8388607,flicker
86.4158,4826387,flicker
86.4185,-8388608,flicker
86.4226,-8388608,flicker
86.4269,3754553,flicker
86.4309,8388607,flicker
86.4348,5678065,flicker
86.4389,-8388608,flicker
86.4432,-8388608,flicker
86.4477,2672871,flicker
86.4513,8388607,flicker
86.4553,6465923,flicker
86.4596,-8388608,flicker
86.4644,-8388608,flicker
86.4676,1644857,flicker
86.4717,8388607,flicker
86.4762,7283981,flicker
86.4806,-8388608,flicker
86.4844,-8388608,flicker
86.4881,489630,flicker
86.4922,8388607,flicker
86.4937,80,flicker
86.4969,30763,flicker
86.4989,-83886,flicker
86.5004,08,flicker
86.5021,-8388608,flicker
86.5045,-725376,flicker
86.5085,8388607,flicker
86.5135,388607,flicker
86.5169,-8388608,flicker
86.5209,-8388608,flicker
86.5249,-1845922,flicker
86.5303,38607,flicker
86.5347,8388607,flicker
86.5383,-8388608,flicker
86.5413,-8388608,flicker
86.5469,28,flicker
86.5520,8388607,flicker
86.5538,8388607,flicker
86.5578,-8388608,flicker
86.5623,8380,flicker
86.5669,-3737178,flicker
86.5707,8388607,flicker
86.5742,8388607,flicker
86.5799,30,flicker
86.5834,-8388608,flicker
86.5906,-4474989,flicker
86.5911,8388607,flicker
86.5947,8388607,flicker
86.5995,-8388608,flicker
86.6028,-8388608,flicker
86.6069,-5366066,flicker
86.6111,8388607,flicker
86.6159,8388607,flicker
86.6171,-,flicker
86.6193,8388608,flicker
86.6204,-83,flicker
86.6233,88608,flicker
86.6244,-6177,flicker
86.6274,923,flicker
86.6290,8388607,flicker
86.6323,8388607,flicker
86.6356,-8324728,flicker
86.6397,-8388608,flicker
86.6442,-6971854,flicker
86.6505,8388607,flicker
86.6519,8388607,flicker
86.6560,-7633452,flicker
86.6606,-8388608,flicker
86.6649,-7651155,flicker
86.6683,8388607,flicker
86.6725,8388607,flicker
86.6766,-6921031,flicker
86.6809,-8388608,flicker
86.6849,-8282160,flicker
86.6889,8388607,flicker
86.6929,8388607,flicker
86.6973,-6162355,flicker
86.7011,-8388608,flicker
86.7053,-8388608,flicker
86.7094,8388607,flicker
86.7150,8388607,flicker
86.7175,-5381300,flicker
86.7216,-8388608,flicker
86.7258,-8388608,flicker
86.7312,8388607,flicker
86.7338,8388607,flicker
86.7379,-4454294,flicker
86.7395,-,flicker
86.7421,8388608,flicker
86.7435,-,flicker
86.7462,8388608,flicker
86.7471,8,flicker
86.7507,388607,flicker
86.7520,8388,flicker
86.7544,607,flicker
86.7558,-3357098,flicker
86.7585,-8388608,flicker
86.7644,-8388608,flicker
86.7666,8388607,flicker
86.7707,8388607,flicker
86.7748,-2231445,flicker
86.7791,838860,flicker
86.7841,-8388608,flicker
86.7881,8324727,flicker
86.7920,8388607,flicker
86.7966,-943522,flicker
86.8007,-8360,flicker
86.8059,-8388608,flicker
86.8095,7780531,flicker
86.8118,8388607,flicker
86.8165,274508,flicker
86.8199,-8388608,flicker
86.8240,-8388608,flicker
86.8281,7157457,flicker
86.8333,8388607,flicker
86.8363,1345875,flicker
86.8403,-8388608,flicker
86.8468,-8388608,flicker
86.8486,6513103,flicker
86.8526,8388607,flicker
86.8567,2561197,flicker
86.8609,-8388608,flicker
86.8656,-8388608,flicker
86.8691,5806567,flicker
86.8731,8388607,flicker
86.8743,3,flicker
86.8774,650431,flicker
86.8789,-8388,flicker
86.8816,608,flicker
86.8834,-8388608,flicker
86.8854,4917782,flicker
86.8895,8388607,flicker
86.8939,4611425,flicker
86.8985,-8388608,flicker
86.9018,-8388608,flicker
86.9059,3956224,flicker
86.9107,8388607,flicker
86.9145,5509740,flicker
86.9182,-8388608,flicker
86.9223,-8388608,flicker
86.9264,2919718,flicker
86.9322,8388607,flicker
86.9346,6290144,flicker
86.9386,-8388608,flicker
86.9428,-8388608,flicker
86.9478,1758511,flicker
86.9509,8388607,flicker
86.9551,7131335,flicker
86.9595,-8388608,flicker
86.9645,-8388608,flicker
86.9673,646245,flicker
86.9714,8388607,flicker
86.9756,7890786,flicker
86.9804,-8388608,flicker
86.9844,-8388608,flicker
86.9879,-531955,flicker
86.9919,8388607,flicker
86.9965,8388607,flicker
86.9984,-,flicker
87.0001,8388608,flicker
87.0014,-8,flicker
87.0042,388608,flicker
87.0058,-1738,flicker
87.0082,096,flicker
87.0096,8388607,flicker
87.0134,8388607,flicker
87.0167,-8388608,flicker
87.0206,-8388608,flicker
87.0247,-2773282,flicker
87.0289,387,flicker
87.0334,8388607,flicker
87.0385,-8388608,flicker
87.0416,-8388608,flicker
87.0455,6558,flicker
87.0503,8388607,flicker
87.0543,8388607,flicker
87.0574,-8388608,flicker
87.0623,83808,flicker
87.0671,-4431318,flicker
87.0708,8388607,flicker
87.0738,8388607,flicker
87.0792,-838860,flicker
87.0827,-8388608,flicker
87.0880,-5288322,flicker
87.0904,8388607,flicker
87.0944,8388607,flicker
87.0990,-8388608,flicker
87.1025,-8388608,flicker
87.1066,-6061066,flicker
87.1109,8388607,flicker
87.1155,8388607,flicker
87.1189,-8368852,flicker
87.1201,-,flicker
87.1229,8388608,flicker
87.1239,-,flicker
87.1271,6855252,flicker
87.1284,8,flicker
87.1326,388607,flicker
87.1336,8388,flicker
87.1352,607,flicker
87.1367,-776582,flicker
87.1393,4,flicker
87.1394,-8388608,flicker
87.1439,-7562638,flicker
87.1481,8388607,flicker
87.1517,8388607,flicker
87.1557,-7039204,flicker
87.1602,-8388608,flicker
87.1644,-8210465,flicker
87.1694,8388607,flicker
87.1721,8388607,flicker
87.1763,-6282562,flicker
87.1811,-8388608,flicker
87.1858,-8388608,flicker
87.1886,8388607,flicker
87.1929,8388607,flicker
87.1975,-5485657,flicker
87.2017,-8388608,flicker
87.2048,-8388608,flicker
87.2089,8388607,flicker
87.2141,8388607,flicker
87.2172,-4487104,flicker
87.2214,-8388608,flicker
87.2253,-8388608,flicker
87.2297,38860,flicker
87.2344,8388607,flicker
87.2396,-3486304,flicker
87.2417,-8388608,flicker
87.2460,8388608,flicker
87.2506,8388607,flicker
87.2541,8388607,flicker
87.2552,-,flicker
87.2583,2295511,flicker
87.2595,-838,flicker
87.2637,-88860,flicker
87.2669,8368851,flicker
87.2719,8388607,flicker
87.2745,-1060497,flicker
87.2791,838608 ,flicker
87.2854,-8388608,flicker
87.2868,7809947,flicker
87.2909,8388607,flicker
87.2953,99187,flicker
87.2993,-8388608,flicker
87.3032,-8388608,flicker
87.3073,7182444,flicker
87.3130,8386,flicker
87.3160,1284481,flicker
87.3211,-8388608,flicker
87.3238,-8388608,flicker
87.3288,6524824,flicker
87.3322,838607,flicker
87.3371,2491972,flicker
87.3407,-8388608,flicker
87.3442,-8388608,flicker
87.3488,5852552,flicker
87.3523,8388607,flicker
87.3565,3601376,flicker
87.3609,-8388608,flicker
87.3667,-8388608,flicker
87.3687,4949519,flicker
87.3728,8388607,flicker
87.3773,4618621,flicker
87.3791,-,flicker
87.3830,8388608,flicker
87.3842,-,flicker
87.3852,8388608,flicker
87.3866,398,flicker
87.3892,9710,flicker
87.3904,838860,flicker
87.3934,7,flicker
87.3939,5512806,flicker
87.3993,-8388608,flicker
87.4015,-8388608,flicker
87.4056,2952928,flicker
87.4099,8388607,flicker
87.4149,6268777,flicker
87.4179,-8388608,flicker
87.4219,-8388608,flicker
87.4260,1783318,flicker
87.4305,8388607,flicker
87.4350,7107696,flicker
87.4384,-8388608,flicker
87.4424,-8388608,flicker
87.4473,694948,flicker
87.4510,8388607,flicker
87.4548,7878492,flicker
87.4588,-8388608,flicker
87.4631,8608,flicker
87.4675,-467652,flicker
87.4728,8388607,flicker
87.4795,8388607,flicker
87.4801,-8388608,flicker
87.4845,838868,flicker
87.4888,-1650595,flicker
87.4921,8388607,flicker
87.4959,3860,flicker
87.5002,-8388608,flicker
87.5040,-8388608,flicker
87.5055,-,flicker
87.5079,2650567,flicker
87.5122,8388607,flicker
87.5135,838,flicker
87.5171,8607,flicker
87.5189,-838860,flicker
87.5203,8,flicker
87.5204,-8388608,flicker
87.5244,-3599204,flicker
87.5294,388607,flicker
87.5351,8388607,flicker
87.5370,-8388608,flicker
87.5407,-8388608,flicker
87.5469,-434,flicker
87.5492,8388607,flicker
87.5557,8388607,flicker
87.5572,-8388608,flicker
87.5613,-8388608,flicker
87.5668,-5236063,flicker
87.5694,8388607,flicker
87.5735,8388607,flicker
87.5776,-8388608,flicker
87.5826,-8388608,flicker
87.5858,-5996918,flicker
87.5899,8388607,flicker
87.5942,8388607,flicker
87.5986,-8388608,flicker
87.6021,-8388608,flicker
87.6064,-6791113,flicker
87.6106,8388607,flicker
87.6149,8388607,flicker
87.6185,-7795240,flicker
87.6226,-8388608,flicker
87.6273,-7477667,flicker
87.6342,8388607,flicker
87.6356,8388607,flicker
87.6370,-,flicker
87.6392,7091664,flicker
87.6403,-838,flicker
87.6432,8608,flicker
87.6450,-818255,flicker
87.6475,2,flicker
87.6479,8388607,flicker
87.6516,8388607,flicker
87.6554,-6294126,flicker
87.6598,-8388608,flicker
87.6645,-8388608,flicker
87.6678,8388607,flicker
87.6719,8388607,flicker
87.6759,-5500972,flicker
87.6822,888,flicker
87.6857,-8388608,flicker
87.6898,8388607,flicker
87.6923,8388607,flicker
87.6965,-4535735,flicker
87.7009,-8388608,flicker
87.7047,-8388608,flicker
87.7086,8388607,flicker
87.7136,8388607,flicker
87.7173,-3459490,flicker
87.7210,-8388608,flicker
87.7250,-8388608,flicker
87.7308,30,flicker
87.7334,8388607,flicker
87.7377,-2422291,flicker
87.7414,-8388608,flicker
87.7464,8,flicker
87.7519,8388607,flicker
87.7537,8388607,flicker
87.7580,-1134827,flicker
87.7583,-,flicker
87.7634,8388608,flicker
87.7639,-,flicker
87.7669,8388608,flicker
87.7684,78,flicker
87.7701,83487,flicker
87.7715,838860,flicker
87.7741,7,flicker
87.7742,4166,flicker
87.7787,-83886,flicker
87.7828,-8388608,flicker
87.7879,7274015,flicker
87.7906,8388607,flicker
87.7947,1153365,flicker
87.7995,-8388608,flicker
87.8029,-8388608,flicker
87.8070,6666968,flicker
87.8112,8388607,flicker
87.8161,2307979,flicker
87.8193,-8388608,flicker
87.8233,-8388608,flicker
87.8275,5948409,flicker
87.8320,8388607,flicker
87.8358,3375167,flicker
87.8398,-8388608,flicker
87.8442,-8388608,flicker
87.8483,5137574,flicker
87.8521,8388607,flicker
87.8561,4392442,flicker
87.8610,-8388608,flicker
87.8658,-8388608,flicker
87.8684,4237796,flicker
87.8725,8388607,flicker
87.8768,5326993,flicker
87.8811,-8388608,flicker
87.8848,-8388608,flicker
87.8889,3117634,flicker
87.8934,8388607,flicker
87.8942,61,flicker
87.8975,33449,flicker
87.8994,-83886,flicker
87.9011,08,flicker
87.9025,-8388608,flicker
87.9053,2063435,flicker
87.9093,8388607,flicker
87.9140,6934918,flicker
87.9176,-8388608,flicker
87.9216,-8388608,flicker
87.9257,962462,flicker
87.9307,8388607,flicker
87.9343,7708478,flicker
87.9381,-8388608,flicker
87.9422,-8388608,flicker
87.9465,143,flicker
87.9512,8388607,flicker
87.9554,8388607,flicker
87.9586,-8388608,flicker
87.9642,8888,flicker
87.9677,-1400776,flicker
87.9712,8388607,flicker
87.9749,8388607,flicker
87.9793,8880,flicker
87.9834,-8388608,flicker
87.9877,-2445164,flicker
87.9913,8388607,flicker
87.9956,3867,flicker
87.9998,-8388608,flicker
88.0054,-8388608,flicker
88.0077,-3323589,flicker
88.0128,6,flicker
88.0169,8388607,flicker
88.0185,-,flicker
88.0205,8388608,flicker
88.0222,-83,flicker
88.0241,88608,flicker
88.0251,-41473,flicker
88.0299,438607,flicker
88.0329,8388607,flicker
88.0378,-8388608,flicker
88.0405,-8388608,flicker
88.0450,-4895755,flicker
88.0492,8388607,flicker
88.0527,8388607,flicker
88.0568,-8388608,flicker
88.0612,-8388608,flicker
88.0663,-5724906,flicker
88.0691,8388607,flicker
88.0732,8388607,flicker
88.0774,-8388608,flicker
88.0830,-8388608,flicker
88.0856,-6524044,flicker
88.0895,8388607,flicker
88.0938,8388607,flicker
88.0982,-8030568,flicker
88.1018,-8388608,flicker
88.1060,-7291981,flicker
88.1102,8388607,flicker
88.1155,8388607,flicker
88.1183,-7295168,flicker
88.1223,-8388608,flicker
88.1267,-7977112,flicker
88.1312,8388607,flicker
88.1346,8388607,flicker
88.1388,-6604461,flicker
88.1398,-,flicker
88.1428,8388608,flicker
88.1443,-,flicker
88.1479,8388608,flicker
88.1496,83,flicker
88.1510,88607,flicker
88.1521,8388,flicker
88.1551,607,flicker
88.1566,-5798032,flicker
88.1593,-8388608,flicker
88.1638,-8388608,flicker
88.1674,8388607,flicker
88.1715,8388607,flicker
88.1756,-4915631,flicker
88.1806,-8388608,flicker
88.1841,-8388608,flicker
88.1878,8388607,flicker
88.1920,8388607,flicker
88.1977,49,flicker
88.2017,-8388608,flicker
88.2053,-8388608,flicker
88.2084,8388607,flicker
88.2127,3860,flicker
88.2172,-2877670,flicker
88.2209,-8388608,flicker
88.2251,-8388608,flicker
88.2291,8607,flicker
88.2335,8388607,flicker
88.2380,-1718771,flicker
88.2412,-8388608,flicker
88.2456,380,flicker
88.2498,8162939,flicker
88.2544,8388607,flicker
88.2575,-534796,flicker
88.2622,-886,flicker
88.2666,-8388608,flicker
88.2705,7589327,flicker
88.2739,8388607,flicker
88.2751,56,flicker
88.2780,7209,flicker
88.2793,-838,flicker
88.2834,8608,flicker
88.2849,-838860,flicker
88.2861,8,flicker
88.2862,6972573,flicker
88.2902,8388607,flicker
88.2947,1738102,flicker
88.2992,-8388608,flicker
88.3027,-8388608,flicker
88.3067,6300815,flicker
88.3108,8388607,flicker
88.3152,2882903,flicker
88.3190,-8388608,flicker
88.3231,-8388608,flicker
88.3275,5563310,flicker
88.3318,8388607,flicker
88.3354,3968685,flicker
88.3395,-8388608,flicker
88.3442,-8388608,flicker
88.3480,4685112,flicker
88.3520,8388607,flicker
88.3558,4875543,flicker
88.3607,-8388608,flicker
88.3647,-8388608,flicker
88.3682,3752930,flicker
88.3722,8388607,flicker
88.3766,5739390,flicker
88.3813,-8388608,flicker
88.3845,-8388608,flicker
88.3885,2633802,flicker
88.3926,8388607,flicker
88.3984,4901,flicker
88.4018,8388608,flicker
88.4041,-,flicker
88.4058,8388608,flicker
88.4073,153,flicker
88.4090,4356,flicker
88.4103,838860,flicker
88.4132,7,flicker
88.4139,7295182,flicker
88.4173,-8388608,flicker
88.4214,-8388608,flicker
88.4254,523681,flicker
88.4312,80,flicker
88.4341,7981865,flicker
88.4393,-8388608,flicker
88.4419,-8388608,flicker
88.4461,63580,flicker
88.4506,8388607,flicker
88.4557,8388607,flicker
88.4588,-8388608,flicker
88.4643,838608,flicker
88.4670,-1764000,flicker
88.4709,8388607,flicker
88.4763,8388607,flicker
88.4789,-8388608,flicker
88.4843,-8388608,flicker
88.4869,-2799269,flicker
88.4910,8388607,flicker
88.4965,387,flicker
88.5012,-8388608,flicker
88.5038,-8388608,flicker
88.5074,-3613651,flicker
88.5138,887,flicker
88.5160,8388607,flicker
88.5211,-8388608,flicker
88.5238,-8388608,flicker
88.5249,-,flicker
88.5280,4394690,flicker
88.5332,8388607,flicker
88.5346,838,flicker
88.5360,8607,flicker
88.5379,-83886,flicker
88.5401,08,flicker
88.5416,-8388608,flicker
88.5445,-5241229,flicker
88.5490,8388607,flicker
88.5524,8388607,flicker
88.5565,-8388608,flicker
88.5607,-8388608,flicker
88.5655,-6023075,flicker
88.5696,8388607,flicker
88.5729,8388607,flicker
88.5772,-8388608,flicker
88.5825,-8388608,flicker
88.5853,-6817782,flicker
88.5893,8388607,flicker
88.5939,8388607,flicker
88.5977,-7795240,flicker
88.6016,-8388608,flicker
88.6056,-7509868,flicker
88.6102,8388607,flicker
88.6146,8388607,flicker
88.6179,-7022220,flicker
88.6220,-8388608,flicker
88.6269,-8156150,flicker
88.6307,8388607,flicker
88.6345,8388607,flicker
88.6384,-6292337,flicker
88.6426,-8388608,flicker
88.6482,83886,flicker
88.6526,8388607,flicker
88.6561,8388607,flicker
88.6578,-,flicker
88.6590,5459603,flicker
88.6602,-83,flicker
88.6648,8688,flicker
88.6671,8,flicker
88.6699,8388607,flicker
88.6724,8388607,flicker
88.6754,-4500369,flicker
88.6849,-8388608,flicker
88.6886,8388607,flicker
88.6917,8388607,flicker
88.6974,34446,flicker
88.7002,-8388608,flicker
88.7057,-8388608,flicker
88.7093,8388607,flicker
88.7124,8388607,flicker
88.7173,-2329188,flicker
88.7203,-8388608,flicker
88.7248,-8388608,flicker
88.7288,807,flicker
88.7340,8388607,flicker
88.7375,-1168604,flicker
88.7431,-8388608,flicker
88.7455,-8388608,flicker
88.7502,91290,flicker
88.7540,8388607,flicker
88.7583,17621,flicker
88.7614,-8388608,flicker
88.7659,-8388608,flicker
88.7695,7252226,flicker
88.7736,8388607,flicker
88.7777,1168626,flicker
88.7791,-,flicker
88.7829,8388608,flicker
88.7844,-,flicker
88.7860,8388608,flicker
88.7875,66,flicker
88.7899,35629,flicker
88.7915,83886,flicker
88.7941,07,flicker
88.7955,2310833,flicker
88.7991,-8388608,flicker
88.8023,-8388608,flicker
88.8063,5976654,flicker
88.8105,8388607,flicker
88.8160,3464859,flicker
88.8186,-8388608,flicker
88.8228,-8388608,flicker
88.8273,5103878,flicker
88.8333,8388607,flicker
88.8350,4399171,flicker
88.8392,-8388608,flicker
88.8439,-8388608,flicker
88.8486,4197127,flicker
88.8514,8388607,flicker
88.8556,5349818,flicker
88.8598,-8388608,flicker
88.8643,-8388608,flicker
88.8685,3153845,flicker
88.8719,8388607,flicker
88.8760,6125157,flicker
88.8816,-8388608,flicker
88.8858,-8388608,flicker
88.8889,1991510,flicker
88.8924,8388607,flicker
88.8978,6975855,flicker
88.9022,-8388608,flicker
88.9047,-8388608,flicker
88.9088,922249,flicker
88.9136,8388607,flicker
88.9154,77,flicker
88.9170,59971,flicker
88.9185,-83886,flicker
88.9210,08,flicker
88.9222,-8388608,flicker
88.9252,-210084,flicker
88.9316,880,flicker
88.9353,8388607,flicker
88.9380,-8388608,flicker
88.9416,-8388608,flicker
88.9476,137588,flicker
88.9516,8388607,flicker
88.9552,8388607,flicker
88.9621,-8388608,flicker
88.9628,-8388608,flicker
88.9664,-2398731,flicker
88.9709,8388607,flicker
88.9745,8388607,flicker
88.9789,-83860,flicker
88.9833,-8388608,flicker
88.9889,-3358973,flicker
88.9926,8388607,flicker
88.9952,8388607,flicker
88.9989,-8388608,flicker
89.0041,-8388608,flicker
89.0071,-4092693,flicker
89.0112,8388607,flicker
89.0167,8388607,flicker
89.0194,-8388608,flicker
89.0234,-8388608,flicker
89.0276,-4856932,flicker
89.0323,8388607,flicker
89.0368,8388607,flicker
89.0382,-,flicker
89.0398,8388608,flicker
89.0412,-83,flicker
89.0440,88608,flicker
89.0458,-56493,flicker
89.0481,95,flicker
89.0509,8388607,flicker
89.0521,8388607,flicker
89.0562,-8388608,flicker
89.0604,-8388608,flicker
89.0655,-6418911,flicker
89.0685,8388607,flicker
89.0726,8388607,flicker
89.0770,-8089400,flicker
89.0817,-8388608,flicker
89.0849,-7186773,flicker
89.0889,8388607,flicker
89.0936,8388607,flicker
89.0984,-7427540,flicker
89.1021,-8388608,flicker
89.1053,-7850559,flicker
89.1096,8388607,flicker
89.1150,380,flicker
89.1195,-6639135,flicker
89.1224,-8388608,flicker
89.1259,-8388608,flicker
89.1303,8388607,flicker
89.1349,8388607,flicker
89.1382,-5969364,flicker
89.1423,-8388608,flicker
89.1466,880,flicker
89.1510,8388607,flicker
89.1547,8388607,flicker
89.1592,-5018219,flicker
89.1606,-,flicker
89.1651,38,flicker
89.1671,8388608,flicker
89.1689,83,flicker
89.1721,88607,flicker
89.1733,83886,flicker
89.1750,07,flicker
89.1764,-4072706,flicker
89.1794,8308,flicker
89.1836,-8388608,flicker
89.1878,8388607,flicker
89.1914,8388607,flicker
89.1958,299,flicker
89.2005,-8388608,flicker
89.2062,-8388608,flicker
89.2078,8388607,flicker
89.2121,387,flicker
89.2172,-1867703,flicker
89.2225,-8388608,flicker
89.2241,-8388608,flicker
89.2288,22171,flicker
89.2339,8388607,flicker
89.2385,-758796,flicker
89.2405,-8388608,flicker
89.2473,-8388608,flicker
89.2490,7692283,flicker
89.2528,8388607,flicker
89.2568,487887,flicker
89.2612,-8388608,flicker
89.2657,-8388608,flicker
89.2693,7048936,flicker
89.2734,8388607,flicker
89.2775,1559603,flicker
89.2819,-8388608,flicker
89.2856,-8388608,flicker
89.2896,6381741,flicker
89.2940,8388607,flicker
89.2957,27,flicker
89.2986,99343,flicker
89.3015,-8388,flicker
89.3020,608,flicker
89.3042,-8388608,flicker
89.3062,5687483,flicker
89.3105,8388607,flicker
89.3149,3820070,flicker
89.3197,-8388608,flicker
89.3224,-8388608,flicker
89.3271,4811557,flicker
89.3311,8388607,flicker
89.3347,4727448,flicker
89.3388,-8388608,flicker
89.3437,-8388608,flicker
89.3482,3882293,flicker
89.3511,8388607,flicker
89.3553,5637292,flicker
89.3594,-8388608,flicker
89.3646,-8388608,flicker
89.3678,2812293,flicker
89.3717,8388607,flicker
89.3757,6385747,flicker
89.3801,8388,flicker
89.3846,-8388608,flicker
89.3881,1712187,flicker
89.3931,8388607,flicker
89.3964,7200471,flicker
89.4013,-8388608,flicker
89.4049,-8388608,flicker
89.4085,612303,flicker
89.4128,3607,flicker
89.4171,7966309,flicker
89.4191,-,flicker
89.4222,8388608,flicker
89.4237,-8,flicker
89.4249,388608,flicker
89.4266,-54405,flicker
89.4311,888,flicker
89.4346,8388607,flicker
89.4371,-8388608,flicker
89.4414,-8388608,flicker
89.4479,72392,flicker
89.4500,8388607,flicker
89.4538,8388607,flicker
89.4578,-8388608,flicker
89.4623,-3808,flicker
89.4674,-2680917,flicker
89.4704,8388607,flicker
89.4753,8388607,flicker
89.4782,-8388608,flicker
89.4831,-8388608,flicker
89.4869,-3587756,flicker
89.4905,8388607,flicker
89.4945,8388607,flicker
89.5002,-8388608,flicker
89.5027,-8388608,flicker
89.5068,-4317281,flicker
89.5109,8388607,flicker
89.5152,8388607,flicker
89.5191,-8388608,flicker
89.5231,-8388608,flicker
89.5273,-5137561,flicker
89.5318,8388607,flicker
89.5355,8388607,flicker
89.5396,-8388608,flicker
89.5408,-,flicker
89.5440,8388608,flicker
89.5453,-,flicker
89.5482,5868796,flicker
89.5503,8,flicker
89.5518,388607,flicker
89.5535,8388,flicker
89.5559,607,flicker
89.5575,-838860,flicker
89.5602,8,flicker
89.5606,-8388608,flicker
89.5648,-6706433,flicker
89.5695,8388607,flicker
89.5723,8388607,flicker
89.5770,-7883488,flicker
89.5815,-8388608,flicker
89.5850,-7453972,flicker
89.5888,8388607,flicker
89.5928,8388607,flicker
89.5993,7189549,flicker
89.6010,-8388608,flicker
89.6051,-8102684,flicker
89.6092,8388607,flicker
89.6137,8388607,flicker
89.6175,-6433868,flicker
89.6215,-8388608,flicker
89.6255,-8388608,flicker
89.6316,388607,flicker
89.6357,8388607,flicker
89.6397,-5699594,flicker
89.6421,-8388608,flicker
89.6482,8388608,flicker
89.6503,8388607,flicker
89.6543,8388607,flicker
89.6584,-4688423,flicker
89.6645,838860,flicker
89.6674,-8388608,flicker
89.6729,8388607,flicker
89.6748,8388607,flicker
89.6755,-3,flicker
89.6808,1733-838,flicker
89.6833,8608,flicker
89.6856,-838860,flicker
89.6884,8,flicker
89.6903,8388607,flicker
89.6913,8388607,flicker
89.6965,-25849,flicker
89.6997,-8388608,flicker
89.7052,-8388608,flicker
89.7075,8388607,flicker
89.7139,886,flicker
89.7168,-1359062,flicker
89.7217,-8388608,flicker
89.7242,-8388608,flicker
89.7286,818,flicker
89.7336,8388607,flicker
89.7389,-313604,flicker
89.7406,-8388608,flicker
89.7445,-8388608,flicker
89.7492,7440386,flicker
89.7526,8388607,flicker
89.7566,915912,flicker
89.7608,-8388608,flicker
89.7652,-8388608,flicker
89.7697,6785545,flicker
89.7730,8388607,flicker
89.7772,1971045,flicker
89.7818,-8388608,flicker
89.7858,-8388608,flicker
89.7894,6160490,flicker
89.7939,8388607,flicker
89.7983,3167502,flicker
89.7998,-,flicker
89.8018,8388608,flicker
89.8030,-,flicker
89.8058,8388608,flicker
89.8075,538,flicker
89.8099,3711,flicker
89.8119,838860,flicker
89.8149,7,flicker
89.8160,4194302,flicker
89.8189,-8388608,flicker
89.8221,-8388608,flicker
89.8269,4490751,flicker
89.8316,8388607,flicker
89.8344,5110702,flicker
89.8385,-8388608,flicker
89.8427,-8388608,flicker
89.8469,467891,flicker
89.8521,8388607,flicker
89.8571,5941850,flicker
89.8602,-8388608,flicker
89.8662,-8368,flicker
89.8681,2385550,flicker
89.8716,8388607,flicker
89.8766,6690586,flicker
89.8808,-380,flicker
89.8888,-8388608,flicker
89.8897,1263081,flicker
89.8918,8388607,flicker
89.8978,47597,flicker
89.9007,-8388608,flicker
89.9058,-8388608,flicker
89.9094,151558,flicker
89.9127,8388607,flicker
89.9179,8207055,flicker
89.9205,-8388608,flicker
89.9219,-,flicker
89.9245,8388608,flicker
89.9255,-,flicker
89.9305,356,flicker
89.9346,8388607,flicker
89.9368,838,flicker
89.9385,8607,flicker
89.9401,-838860,flicker
89.9409,8,flicker
89.9410,-8388608,flicker
89.9470,20221,flicker
89.9509,8388607,flicker
89.9542,8388607,flicker
89.9574,-8388608,flicker
89.9620,-838860,flicker
89.9693,-3026056,flicker
89.9700,8388607,flicker
89.9739,8388607,flicker
89.9793,-83888,flicker
89.9834,-8388608,flicker
89.9869,-3845651,flicker
89.9910,8388607,flicker
89.9943,8388607,flicker
89.9994,-8388608,flicker
90.0032,-8388608,flicker
90.0065,-4589346,flicker
90.0106,8388607,flicker
90.0153,8388607,flicker
90.0191,-8388608,flicker
90.0229,-8388608,flicker
90.0274,-5432720,flicker
90.0312,8388607,flicker
90.0355,8388607,flicker
90.0392,-8388608,flicker
90.0437,-8388608,flicker
90.0484,-6169318,flicker
90.0521,8388607,flicker
90.0557,8388607,flicker
90.0570,-,flicker
90.0605,8339436,flicker
90.0619,-838,flicker
90.0647,8608,flicker
90.0670,-690247,flicker
90.0683,5,flicker
90.0684,8388607,flicker
90.0720,8388607,flicker
90.0762,-7692284,flicker
90.0823,8388,flicker
90.0859,-7619151,flicker
90.0899,8388607,flicker
90.0927,8388607,flicker
90.0968,69,flicker
90.1021,-8388608,flicker
90.1070,-8238760,flicker
90.1092,8388607,flicker
90.1132,3,flicker
90.1174,-6240074,flicker
90.1219,-8388608,flicker
90.1254,-8388608,flicker
90.1297,38,flicker
90.1340,8388607,flicker
90.1396,-5471219,flicker
90.1432,-8388608,flicker
90.1483,-8388608,flicker
90.1522,8388607,flicker
90.1540,8388607,flicker
90.1594,-4522861,flicker
90.1637,-8388608,flicker
90.1679,888608,flicker
90.1732,8388607,flicker
90.1762,8388607,flicker
90.1806,-3436247,flicker
90.1819,-,flicker
90.1828,8388608,flicker
90.1843,-,flicker
90.1870,8388608,flicker
90.1893,838,flicker
90.1908,8607,flicker
90.1924,83886,flicker
90.1951,07,flicker
90.1959,276,flicker
90.2023,-8388608,flicker
90.2046,-8388608,flicker
90.2073,8388607,flicker
90.2114,8388607,flicker
90.2176,-1136613,flicker
90.2194,-8388608,flicker
90.2235,-8388608,flicker
90.2277,7912903,flicker
90.2322,8388607,flicker
90.2362,-59315,flicker
90.2400,-8388608,flicker
90.2440,-8388608,flicker
90.2487,7303082,flicker
90.2523,8388607,flicker
90.2563,1125216,flicker
90.2605,-8388608,flicker
90.2652,-8388608,flicker
90.2692,6625481,flicker
90.2728,8388607,flicker
90.2772,2296853,flicker
90.2822,-8388608,flicker
90.2850,-8388608,flicker
90.2890,5927687,flicker
90.2934,8388607,flicker
90.2982,3458600,flicker
90.3015,-8388608,flicker
90.3055,-8388608,flicker
90.3099,5159831,flicker
90.3154,8388607,flicker
90.3175,44,flicker
90.3177,22235,flicker
90.3190,-83886,flicker
90.3219,08,flicker
90.3235,-8388608,flicker
90.3260,4248339,flicker
90.3316,8388607,flicker
90.3351,5366011,flicker
90.3383,-8388608,flicker
90.3423,-8388608,flicker
90.3486,2370,flicker
90.3535,8388607,flicker
90.3554,6148131,flicker
90.3587,-8388608,flicker
90.3646,838608,flicker
90.3686,2048985,flicker
90.3716,8388607,flicker
90.3751,6925691,flicker
90.3812,838860,flicker
90.3840,-8388608,flicker
90.3887,970929,flicker
90.3916,8388607,flicker
90.3977,7095,flicker
90.4015,-8388608,flicker
90.4053,-8388608,flicker
90.4078,-113253,flicker
90.4122,3886,flicker
90.4166,8354678,flicker
90.4229,-8388608,flicker
90.4250,-8388608,flicker
90.4288,-53,flicker
90.4339,8388607,flicker
90.4394,8388607,flicker
90.4409,-,flicker
90.4414,8388608,flicker
90.4426,-83,flicker
90.4447,88608,flicker
90.4460,-23172,flicker
90.4495,13,flicker
90.4512,8388607,flicker
90.4529,8388607,flicker
90.4570,-8388608,flicker
90.4613,-8388608,flicker
90.4666,-3238237,flicker
90.4694,8388607,flicker
90.4735,8388607,flicker
90.4776,-8388608,flicker
90.4831,-8388608,flicker
90.4857,-4057333,flicker
90.4897,8388607,flicker
90.4942,8388607,flicker
90.4985,-8388608,flicker
90.5022,-8388608,flicker
90.5062,-4757147,flicker
90.5109,8388607,flicker
90.5149,8388607,flicker
90.5189,-8388608,flicker
90.5225,-8388608,flicker
90.5270,-5617550,flicker
90.5313,8388607,flicker
90.5353,8388607,flicker
90.5389,-8388608,flicker
90.5435,-8388608,flicker
90.5477,-6428646,flicker
90.5516,8388607,flicker
90.5553,8388607,flicker
90.5598,-8089400,flicker
90.5612,-,flicker
90.5645,8388608,flicker
90.5659,-,flicker
90.5676,7173271,flicker
90.5687,83,flicker
90.5718,88607,flicker
90.5734,83886,flicker
90.5758,07,flicker
90.5770,-7427540,flicker
90.5810,-8388608,flicker
90.5839,-7829455,flicker
90.5881,8388607,flicker
90.5922,8388607,flicker
90.5965,6688,flicker
90.6029,-8388608,flicker
90.6067,-8388608,flicker
90.6086,8388607,flicker
90.6135,8388607,flicker
90.6167,-5918292,flicker
90.6209,-8388608,flicker
90.6251,-8388608,flicker
90.6291,3886,flicker
90.6338,8388607,flicker
90.6394,-5096389,flicker
90.6414,-8388608,flicker
90.6477,8380,flicker
90.6507,8388607,flicker
90.6538,8388607,flicker
90.6578,-4062657,flicker
90.6622,888,flicker
90.6704,-8388608,flicker
90.6717,8388607,flicker
90.6741,8388607,flicker
90.6788,-2956,flicker
90.6835,-8388608,flicker
90.6881,-8388608,flicker
90.6905,8388607,flicker
90.6951,8388607,flicker
90.6968,1,flicker
90.6994,5405,flicker
90.7024,-83886,flicker
90.7027,08,flicker
90.7040,-8388608,flicker
90.7090,8192355,flicker
90.7113,8388607,flicker
90.7155,-583387,flicker
90.7192,-8388608,flicker
90.7233,-8388608,flicker
90.7276,7648159,flicker
90.7317,8388607,flicker
90.7359,472702,flicker
90.7396,-8388608,flicker
90.7438,-8388608,flicker
90.7495,6999017,flicker
90.7519,8388607,flicker
90.7561,1687005,flicker
90.7606,-8388608,flicker
90.7651,-8388608,flicker
90.7683,6351832,flicker
90.7725,8388607,flicker
90.7769,2768142,flicker
90.7812,-8388608,flicker
90.7859,-8388608,flicker
90.7888,5602586,flicker
90.7933,8388607,flicker
90.7982,3938705,flicker
90.8011,-8388608,flicker
90.8052,-8388608,flicker
90.8093,4730130,flicker
90.8150,8388607,flicker
90.8175,4858295,flicker
90.8185,-,flicker
90.8217,8388608,flicker
90.8230,-83,flicker
90.8256,88608,flicker
90.8270,37245,flicker
90.8309,18,flicker
90.8344,5677479,flicker
90.8398,-8388608,flicker
90.8425,-8388608,flicker
90.8478,6692,flicker
90.8511,8388607,flicker
90.8547,6482758,flicker
90.8589,-8388608,flicker
90.8643,886,flicker
90.8688,1594307,flicker
90.8713,8388607,flicker
90.8749,7245687,flicker
90.8812,80,flicker
90.8852,-8388608,flicker
90.8881,448330,flicker
90.8914,8388607,flicker
90.8967,09,flicker
90.9004,-8388608,flicker
90.9038,-8388608,flicker
90.9076,-631092,flicker
90.9132,83867,flicker
90.9158,8388607,flicker
90.9201,-8388608,flicker
90.9240,-8388608,flicker
90.9287,-16650,flicker
90.9385,8388607,flicker
90.9389,8388607,flicker
90.9426,-8388608,flicker
90.9440,-,flicker
90.9447,8388608,flicker
90.9463,-,flicker
90.9495,2709398,flicker
90.9508,8,flicker
90.9526,388607,flicker
90.9538,8388,flicker
90.9568,607,flicker
90.9569,-8388608,flicker
90.9609,-8388608,flicker
90.9652,-3544471,flicker
90.9691,8388607,flicker
90.9732,8388607,flicker
90.9774,-8388608,flicker
90.9826,-8388608,flicker
90.9854,-4392196,flicker
90.9894,8388607,flicker
90.9939,8388607,flicker
90.9985,-8388608,flicker
91.0020,-8388608,flicker
91.0060,-5121668,flicker
91.0104,8388607,flicker
91.0153,8388607,flicker
91.0188,-8388608,flicker
91.0223,-8388608,flicker
91.0268,-5927975,flicker
91.0315,8388607,flicker
91.0358,8388607,flicker
91.0386,-8388608,flicker
91.0431,-8388608,flicker
91.0478,-6680891,flicker
91.0510,8388607,flicker
91.0550,8388607,flicker
91.0592,-7883488,flicker
91.0652,-8388608,flicker
91.0680,-7460306,flicker
91.0715,8388607,flicker
91.0755,8388607,flicker
91.0765,-7,flicker
91.0798,68,flicker
91.0817,-838,flicker
91.0839,608,flicker
91.0861,-810788,flicker
91.0877,8,flicker
91.0878,8388607,flicker
91.0919,8388607,flicker
91.0978,604,flicker
91.1025,-8388608,flicker
91.1069,-8388608,flicker
91.1096,8388607,flicker
91.1141,83880,flicker
91.1174,-5606505,flicker
91.1207,-8388608,flicker
91.1249,-8388608,flicker
91.1308,3860,flicker
91.1349,8388607,flicker
91.1371,-4773506,flicker
91.1410,-8388608,flicker
91.1452,-8388608,flicker
91.1497,8388607,flicker
91.1545,8388607,flicker
91.1574,-3706040,flicker
91.1619,-838808,flicker
91.1658,-8388608,flicker
91.1698,8388607,flicker
91.1742,8388607,flicker
91.1783,-2663076,flicker
91.1830,-8388608,flicker
91.1861,-8388608,flicker
91.1901,8388607,flicker
91.1945,8388607,flicker
91.1960,-,flicker
91.1990,1434907,flicker
91.2012,-,flicker
91.2025,8388608,flicker
91.2035,-8,flicker
91.2065,388608,flicker
91.2080,8030,flicker
91.2108,567,flicker
91.2122,838860,flicker
91.2149,7,flicker
91.2169,-230850,flicker
91.2189,-8388608,flicker
91.2230,-8388608,flicker
91.2272,7435183,flicker
91.2319,8388607,flicker
91.2353,764063,flicker
91.2393,-8388608,flicker
91.2437,-8388608,flicker
91.2481,6822765,flicker
91.2516,8388607,flicker
91.2557,1992667,flicker
91.2604,-8388608,flicker
91.2649,-8388608,flicker
91.2688,6145012,flicker
91.2722,8388607,flicker
91.2762,3126087,flicker
91.2811,-8388608,flicker
91.2845,-8388608,flicker
91.2884,5336818,flicker
91.2926,8388607,flicker
91.3001,4155117,flicker
91.3010,-8388608,flicker
91.3049,-8388608,flicker
91.3090,4444019,flicker
91.3145,8388607,flicker
91.3180,5084371,flicker
91.3213,-8388608,flicker
91.3225,-,flicker
91.3253,8388608,flicker
91.3312,3456663,flicker
91.3326,8,flicker
91.3337,388607,flicker
91.3347,588,flicker
91.3377,1556,flicker
91.3393,-838860,flicker
91.3417,8,flicker
91.3419,-8388608,flicker
91.3461,440,flicker
91.3510,8388607,flicker
91.3552,6681791,flicker
91.3597,-8388608,flicker
91.3629,-8880,flicker
91.3666,1258352,flicker
91.3708,8388607,flicker
91.3751,7498830,flicker
91.3795,-8808,flicker
91.3837,-8388608,flicker
91.3875,130635,flicker
91.3912,8388607,flicker
91.3954,8146786,flicker
91.4010,83,flicker
91.4040,-8388608,flicker
91.4092,-1016183,flicker
91.4125,8388607,flicker
91.4155,8388607,flicker
91.4198,838,flicker
91.4242,-8388608,flicker
91.4323,-2132290,flicker
91.4327,8388607,flicker
91.4361,388,flicker
91.4406,-8388608,flicker
91.4457,-8388608,flicker
91.4491,-3071601,flicker
91.4524,388607,flicker
91.4575,8388607,flicker
91.4590,-,flicker
91.4611,8388608,flicker
91.4645,-838,flicker
91.4646,8608,flicker
91.4663,-388898,flicker
91.4688,5,flicker
91.4713,8388607,flicker
91.4728,8388607,flicker
91.4772,-8388608,flicker
91.4822,-8388608,flicker
91.4851,-4699406,flicker
91.4892,8388607,flicker
91.4936,8388607,flicker
91.4979,-8388608,flicker
91.5017,-8388608,flicker
91.5055,-5512976,flicker
91.5098,8388607,flicker
91.5151,8388607,flicker
91.5182,-8388608,flicker
91.5219,-8388608,flicker
91.5261,-6298923,flicker
91.5320,8388607,flicker
91.5352,8388607,flicker
91.5383,-8295312,flicker
91.5424,-8388608,flicker
91.5487,7075,flicker
91.5509,8388607,flicker
91.5550,8388607,flicker
91.5598,-7633452,flicker
91.5631,-8388608,flicker
91.5675,-7770395,flicker
91.5714,8388607,flicker
91.5751,8388607,flicker
91.5796,682,flicker
91.5813,-,flicker
91.5886,388608,flicker
91.5895,-8388608,flicker
91.5908,838,flicker
91.5916,8607,flicker
91.5931,83886,flicker
91.5978,7-61313,flicker
91.6020,-8388608,flicker
91.6054,-8388608,flicker
91.6091,8388607,flicker
91.6130,8388607,flicker
91.6163,534514,flicker
91.6212,-8388608,flicker
91.6275,-8388608,flicker
91.6291,8388607,flicker
91.6345,38860,flicker
91.6387,-4427849,flicker
91.6426,-8388608,flicker
91.6449,-8388608,flicker
91.6514,8388607,flicker
91.6530,8388607,flicker
91.6570,-3410973,flicker
91.6613,-8388608,flicker
91.6674,-8388608,flicker
91.6694,8388607,flicker
91.6736,8388607,flicker
91.6777,-2244523,flicker
91.6834,-8388608,flicker
91.6858,-8388608,flicker
91.6899,8354143,flicker
91.6941,8388607,flicker
91.6998,-985960,flicker
91.7023,-8388608,flicker
91.7064,-8388608,flicker
91.7107,7868779,flicker
91.7151,8388607,flicker
91.7167,134,flicker
91.7185,023,flicker
91.7201,-83886,flicker
91.7226,08,flicker
91.7239,-8388608,flicker
91.7273,7201360,flicker
91.7320,8388607,flicker
91.7350,1236895,flicker
91.7390,-8388608,flicker
91.7436,-8388608,flicker
91.7494,6596079,flicker
91.7518,8388607,flicker
91.7554,2443885,flicker
91.7599,-8388608,flicker
91.7648,-8388608,flicker
91.7680,5908471,flicker
91.7719,8388607,flicker
91.7759,3536825,flicker
91.7822,8380,flicker
91.7846,-8388608,flicker
91.7886,5097495,flicker
91.7953,8388607,flicker
91.7970,4515157,flicker
91.8026,838860,flicker
91.8059,-8388608,flicker
91.8109,4241906,flicker
91.8127,8388607,flicker
91.8186,5351375,flicker
91.8210,-8388608,flicker
91.8251,-8388608,flicker
91.8311,193,flicker
91.8349,8388607,flicker
91.8398,6156317,flicker
91.8415,-8388608,flicker
91.8436,-83,flicker
91.8456,8608,flicker
91.8471,20771,flicker
91.8499,80,flicker
91.8527,8388607,flicker
91.8567,6955547,flicker
91.8579,-8388608,flicker
91.8626,-8608,flicker
91.8670,994516,flicker
91.8724,8388607,flicker
91.8743,7696647,flicker
91.8788,-83868,flicker
91.8844,-8388608,flicker
91.8885,-203885,flicker
91.8923,8388607,flicker
91.8969,8354836,flicker
91.8988,-8388608,flicker
91.9048,-8388608,flicker
91.9071,-1283330,flicker
91.9112,8388607,flicker
91.9158,8388607,flicker
91.9195,-8388608,flicker
91.9234,-8388608,flicker
91.9275,-2424632,flicker
91.9321,8388607,flicker
91.9357,8388607,flicker
91.9398,-8388608,flicker
91.9440,-8388608,flicker
91.9485,-3354472,flicker
91.9520,8388607,flicker
91.9562,8388607,flicker
91.9606,-8388608,flicker
91.9619,-,flicker
91.9654,8388608,flicker
91.9671,-,flicker
91.9684,4143972,flicker
91.9694,8,flicker
91.9725,388607,flicker
91.9739,8388,flicker
91.9770,607,flicker
91.9781,-8388608,flicker
91.9821,-8388608,flicker
91.9848,-5001276,flicker
91.9889,8388607,flicker
91.9938,8388607,flicker
91.9982,-8388608,flicker
92.0021,-8388608,flicker
92.0054,-5786992,flicker
92.0094,8388607,flicker
92.0149,8388607,flicker
92.0180,-8388608,flicker
92.0217,-8388608,flicker
92.0258,-6568010,flicker
92.0323,387,flicker
92.0346,8388607,flicker
92.0386,-8177648,flicker
92.0458,-8388608,flicker
92.0477,-7280447,flicker
92.0506,8388607,flicker
92.0559,3867,flicker
92.0611,-7530496,flicker
92.0631,-8388608,flicker
92.0671,-7971204,flicker
92.0715,8388607,flicker
92.0769,8388607,flicker
92.0792,-6789554,flicker
92.0849,-8388608,flicker
92.0871,-8388608,flicker
92.0916,8388607,flicker
92.0966,86,flicker
92.1001,019560,flicker
92.1033,-8388,flicker
92.1039,608,flicker
92.1063,-8388608,flicker
92.1077,8388607,flicker
92.1141,880,flicker
92.1203,-5149642,flicker
92.1206,-8388608,flicker
92.1241,-8388608,flicker
92.1282,8388607,flicker
92.1334,8388607,flicker
92.1364,-4183839,flicker
92.1404,-8388608,flicker
92.1446,-8388608,flicker
92.1494,8388607,flicker
92.1527,8388607,flicker
92.1568,-3033810,flicker
92.1609,-8388608,flicker
92.1664,-8388608,flicker
92.1691,8388607,flicker
92.1731,8388607,flicker
92.1773,-1874708,flicker
92.1817,-8388608,flicker
92.1855,-8388608,flicker
92.1895,8221771,flicker
92.1938,8388607,flicker
92.1989,-651557,flicker
92.2022,-8388608,flicker
92.2060,-8388608,flicker
92.2103,7662867,flicker
92.2145,8388607,flicker
92.2190,497484,flicker
92.2201,-,flicker
92.2224,8388608,flicker
92.2239,-8,flicker
92.2269,388608,flicker
92.2285,6998,flicker
92.2314,896,flicker
92.2332,8388607,flicker
92.2348,1592295,flicker
92.2388,-8388608,flicker
92.2434,-8388608,flicker
92.2478,6353406,flicker
92.2515,8388607,flicker
92.2551,2879271,flicker
92.2596,-8388608,flicker
92.2643,-8388608,flicker
92.2674,5586561,flicker
92.2714,8388607,flicker
92.2756,3924845,flicker
92.2816,838608,flicker
92.2850,-8388608,flicker
92.2895,4713017,flicker
92.2932,8388607,flicker
92.2963,922,flicker
92.3010,-8388608,flicker
92.3043,-8388608,flicker
92.3086,3715524,flicker
92.3130,838860,flicker
92.3172,5762146,flicker
92.3227,-8388608,flicker
92.3250,-8388608,flicker
92.3310,6116,flicker
92.3359,8388607,flicker
92.3377,6496956,flicker
92.3412,-8388608,flicker
92.3425,-,flicker
92.3466,38,flicker
92.3506,1472973,flicker
92.3524,8,flicker
92.3560,388607,flicker
92.3576,7370047,flicker
92.3589,-8388608,flicker
92.3641,-8368,flicker
92.3660,344599,flicker
92.3722,8388607,flicker
92.3739,8075388,flicker
92.3783,-8388608,flicker
92.3824,-8388608,flicker
92.3864,-770924,flicker
92.3902,8388607,flicker
92.3944,8388607,flicker
92.4000,-8388608,flicker
92.4025,-8388608,flicker
92.4066,-1973141,flicker
92.4108,8388607,flicker
92.4153,8388607,flicker
92.4190,-8388608,flicker
92.4231,-8388608,flicker
92.4273,-3016950,flicker
92.4319,8388607,flicker
92.4353,8388607,flicker
92.4394,-8388608,flicker
92.4437,-8388608,flicker
92.4482,-3880002,flicker
92.4517,8388607,flicker
92.4557,8388607,flicker
92.4606,-8388608,flicker
92.4648,-8388608,flicker
92.4688,-4698013,flicker
92.4722,8388607,flicker
92.4764,8388607,flicker
92.4778,-,flicker
92.4813,8388608,flicker
92.4818,-838,flicker
92.4845,8608,flicker
92.4849,-553941,flicker
92.4885,6,flicker
92.4886,8388607,flicker
92.4931,8388607,flicker
92.4972,-8388608,flicker
92.5008,-8388608,flicker
92.5049,-6280185,flicker
92.5091,8388607,flicker
92.5144,8388607,flicker
92.5173,-8383560,flicker
92.5213,-8388608,flicker
92.5254,-6971613,flicker
92.5320,3880,flicker
92.5356,8388607,flicker
92.5388,-7824656,flicker
92.5418,-8388608,flicker
92.5482,76679,flicker
92.5503,8388607,flicker
92.5566,8388607,flicker
92.5582,-7017624,flicker
92.5625,838860,flicker
92.5671,-8365841,flicker
92.5732,8388607,flicker
92.5750,8388607,flicker
92.5811,-63528,flicker
92.5861,-8388608,flicker
92.5892,-8388608,flicker
92.5910,8388607,flicker
92.5960,8388607,flicker
92.5970,-,flicker
92.5995,448,flicker
92.6035,8388608,flicker
92.6046,-,flicker
92.6074,8388608,flicker
92.6087,838,flicker
92.6120,860,flicker
92.6193,-4563776,flicker
92.6226,-8388608,flicker
92.6239,-8388608,flicker
92.6279,8388607,flicker
92.6326,8388607,flicker
92.6361,-3501594,flicker
92.6401,-8388608,flicker
92.6449,-8388608,flicker
92.6494,8388607,flicker
92.6535,8388607,flicker
92.6565,-2335208,flicker
92.6608,-8388608,flicker
92.6655,-8388608,flicker
92.6688,8388607,flicker
92.6728,8388607,flicker
92.6772,-1216680,flicker
92.6829,-8388608,flicker
92.6857,-8388608,flicker
92.6892,7927611,flicker
92.6938,8388607,flicker
92.6983,-13145,flicker
92.7016,-8388608,flicker
92.7056,-8388608,flicker
92.7102,7311533,flicker
92.7147,8388607,flicker
92.7190,1186996,flicker
92.7220,-8388608,flicker
92.7263,-8388608,flicker
92.7313,6690947,flicker
92.7349,8388607,flicker
92.7355,224,flicker
92.7384,8525,flicker
92.7396,-83886,flicker
92.7426,08,flicker
92.7444,-8388608,flicker
92.7477,5987056,flicker
92.7511,8388607,flicker
92.7548,3449435,flicker
92.7589,-8388608,flicker
92.7632,88808,flicker
92.7681,5157809,flicker
92.7721,8388607,flicker
92.7753,4357989,flicker
92.7803,-8388608,flicker
92.7858,83,flicker
92.7892,4201797,flicker
92.7936,8388607,flicker
92.7962,5392183,flicker
92.8013,-8388608,flicker
92.8056,-8388608,flicker
92.8085,3181621,flicker
92.8124,8867,flicker
92.8171,6130449,flicker
92.8216,-8388608,flicker
92.8275,-8388608,flicker
92.8296,2043838,flicker
92.8338,838860,flicker
92.8422,6932069,flicker
92.8435,-8388608,flicker
92.8454,-8388608,flicker
92.8511,810,flicker
92.8537,8388607,flicker
92.8576,7708045,flicker
92.8631,-8388608,flicker
92.8644,-83,flicker
92.8659,88608,flicker
92.8675,3,flicker
92.8712,8388607,flicker
92.8753,8388607,flicker
92.8798,-8388608,flicker
92.8824,-8388608,flicker
92.8861,18,flicker
92.8901,8388607,flicker
92.8951,8388607,flicker
92.8993,-8388608,flicker
92.9043,-368,flicker
92.9090,-2504820,flicker
92.9135,8388607,flicker
92.9146,8388607,flicker
92.9193,-8388608,flicker
92.9227,-8388608,flicker
92.9272,-3472774,flicker
92.9321,8388607,flicker
92.9363,8388607,flicker
92.9391,-8388608,flicker
92.9442,-8388608,flicker
92.9481,-4268958,flicker
92.9528,8388607,flicker
92.9557,8388607,flicker
92.9600,-8388608,flicker
92.9648,-8388608,flicker
92.9691,-5062443,flicker
92.9718,8388607,flicker
92.9763,8388607,flicker
92.9811,-8388608,flicker
92.9827,-,flicker
92.9842,8388608,flicker
92.9853,-,flicker
92.9884,5939182,flicker
92.9898,83,flicker
92.9926,88607,flicker
92.9943,83886,flicker
92.9981,7-368,flicker
93.0015,-8388608,flicker
93.0067,-6658350,flicker
93.0092,8388607,flicker
93.0146,386,flicker
93.0177,-8074692,flicker
93.0236,-8388608,flicker
93.0251,-7434207,flicker
93.0312,3,flicker
93.0337,8388607,flicker
93.0389,-7412832,flicker
93.0420,-8388608,flicker
93.0471,-825,flicker
93.0517,8388607,flicker
93.0561,8388607,flicker
93.0579,-6690919,flicker
93.0639,83,flicker
93.0666,-8388608,flicker
93.0707,8388607,flicker
93.0743,8388607,flicker
93.0785,-5925489,flicker
93.0843,-8388608,rest
93.0880,-8388608,rest
93.0906,8388607,rest
93.0948,8388607,rest
93.0997,-5024950,rest
93.1029,-8388608,rest
93.1070,-8388608,rest
93.1112,8388607,rest
93.1160,8388607,rest
93.1179,-39,rest
93.1194,68149,rest
93.1210,-83886,rest
93.1234,08,rest
93.1248,-8388608,rest
93.1275,8388607,rest
93.1323,8388607,rest
93.1361,-2901751,rest
93.1398,-8388608,rest
93.1440,-8388608,rest
93.1499,8388607,rest
93.1521,8388607,rest
93.1562,-1685130,rest
93.1605,-8388608,rest
93.1655,-8388608,rest
93.1684,8207063,rest
93.1725,8388607,rest
93.1772,-573350,rest
93.1819,-8388608,rest
93.1854,-8388608,rest
93.1889,7618743,rest
93.1935,8388607,rest
93.1976,633113,rest
93.2014,-8388608,rest
93.2055,-8388608,rest
93.2100,7033211,rest
93.2138,8388607,rest
93.2186,1727946,rest
93.2217,-8388608,rest
93.2259,-8388608,rest
93.2307,6297516,rest
93.2341,8388607,rest
93.2381,2870795,rest
93.2391,-,rest
93.2422,8388608,rest
93.2435,-83,rest
93.2471,88608,rest
93.2487,55511,rest
93.2504,80,rest
93.2519,8388607,rest
93.2546,3982464,rest
93.2587,-8388608,rest
93.2631,836,rest
93.2698,4626494,rest
93.2711,8388607,rest
93.2756,4836756,rest
93.2794,-8388608,rest
93.2853,-8388608,rest
93.2873,3683817,rest
93.2914,8388607,rest
93.2956,804,rest
93.3018,-8388608,rest
93.3062,-8388608,rest
93.3077,2630457,rest
93.3134,8860,rest
93.3178,6517840,rest
93.3220,-8388608,rest
93.3256,-8388608,rest
93.3284,1452681,rest
93.3329,8388607,rest
93.3364,7343918,rest
93.3405,-8388608,rest
93.3461,-8388608,rest
93.3499,364060,rest
93.3528,8388607,rest
93.3568,8063704,rest
93.3611,-8388608,rest
93.3615,-,rest
93.3659,8388608,rest
93.3676,-,rest
93.3692,779326,rest
93.3707,83,rest
93.3732,88607,rest
93.3746,8388,rest
93.3773,607,rest
93.3790,-8388608,rest
93.3832,-8388608,rest
93.3856,-1906449,rest
93.3896,8388607,rest
93.3939,8388607,rest
93.3995,-8388608,rest
93.4019,-8388608,rest
93.4060,-2973370,rest
93.4105,8388607,rest
93.4149,8388607,rest
93.4183,-8388608,rest
93.4225,-8388608,rest
93.4271,-3957015,rest
93.4313,8388607,rest
93.4347,8388607,rest
93.4389,-8388608,rest
93.4432,-8388608,rest
93.4477,-4756119,rest
93.4514,8388607,rest
93.4551,8388607,rest
93.4599,-8388608,rest
93.4642,-8388608,rest
93.4675,-5632972,rest
93.4716,8388607,rest
93.4756,8388607,rest
93.4801,808,rest
93.4851,-8388608,rest
93.4899,-6466674,rest
93.4926,8388607,rest
93.4964,380,rest
93.4980,-82,rest
93.5005,5312,rest
93.5028,-8388,rest
93.5057,608,rest
93.5075,-7194041,rest
93.5085,8388607,rest
93.5146,38,rest
93.5187,-7662868,rest
93.5231,-8388608,rest
93.5249,-7930568,rest
93.5309,8,rest
93.5359,8388607,rest
93.5390,-6891750,rest
93.5415,-8388608,rest
93.5469,8860,rest
93.5503,8388607,rest
93.5552,8388607,rest
93.5586,-6090678,rest
93.5643,-38,rest
93.5685,-8388608,rest
93.5714,8388607,rest
93.5740,8388607,rest
93.5788,-0,rest
93.5822,8388608,rest
93.5882,-8388608,rest
93.5919,8388607,rest
93.5951,8388607,rest
93.5988,4360,rest
93.6031,-8388608,rest
93.6072,-8388608,rest
93.6113,8388607,rest
93.6155,8388607,rest
93.6196,3075254,rest
93.6214,-,rest
93.6232,8388608,rest
93.6245,-8,rest
93.6273,388608,rest
93.6285,8388,rest
93.6318,607,rest
93.6339,8388607,rest
93.6356,-1918514,rest
93.6396,-8388608,rest
93.6440,-8388608,rest
93.6482,8221771,rest
93.6525,8388607,rest
93.6559,-642126,rest
93.6603,-8388608,rest
93.6649,-8388608,rest
93.6682,7633451,rest
93.6723,8388607,rest
93.6767,470787,rest
93.6816,-8388608,rest
93.6850,-8388608,rest
93.6886,6958055,rest
93.6934,8388607,rest
93.6974,1795347,rest
93.7012,-8388608,rest
93.7051,-8388608,rest
93.7091,6319837,rest
93.7145,8388607,rest
93.7183,2899198,rest
93.7215,-8388608,rest
93.7255,-8388608,rest
93.7304,5566640,rest
93.7341,8388607,rest
93.7378,3868035,rest
93.7419,-8388608,rest
93.7434,-,rest
93.7471,380,rest
93.7537,4699439,rest
93.7547,8388607,rest
93.7576,4852,rest
93.7584,419,rest
93.7596,-838860,rest
93.7628,-8860,rest
93.7666,3719661,rest
93.7711,8388607,rest
93.7749,5677038,rest
93.7790,8808,rest
93.7840,-8388608,rest
93.7880,2682261,rest
93.7931,8388607,rest
93.7953,6513325,rest
93.8007,38808,rest
93.8039,-8388608,rest
93.8090,1541528,rest
93.8128,8388607,rest
93.8159,7338898,rest
93.8199,80,rest
93.8254,-8388608,rest
93.8297,314113,rest
93.8331,8388607,rest
93.8367,8067536,rest
93.8405,830,rest
93.8452,-8388608,rest
93.8503,-850748,rest
93.8528,8388607,rest
93.8582,3867,rest
93.8613,-8388608,rest
93.8665,-8388608,rest
93.8693,-2056149,rest
93.8742,8388607,rest
93.8773,8388607,rest
93.8785,-8,rest
93.8830,388608,rest
93.8856,-8388608,rest
93.8867,-3048240,rest
93.8895,8388607,rest
93.8938,8388607,rest
93.8983,-8388608,rest
93.9031,-8388608,rest
93.9059,-3956196,rest
93.9106,8388607,rest
93.9149,8388607,rest
93.9181,-8388608,rest
93.9223,-8388608,rest
93.9269,-4743665,rest
93.9311,8388607,rest
93.9344,8388607,rest
93.9386,-8388608,rest
93.9426,-8388608,rest
93.9480,-5547265,rest
93.9511,8388607,rest
93.9549,8388607,rest
93.9591,-8388608,rest
93.9646,-8388608,rest
93.9675,-6353968,rest
93.9712,8388607,rest
93.9754,8388607,rest
93.9797,85312,rest
93.9842,-8388608,rest
93.9887,-7134511,rest
93.9940,8388607,rest
93.9984,8388607,rest
93.9997,-,rest
93.9999,7662868,rest
94.0016,-,rest
94.0050,8388608,rest
94.0072,-7,rest
94.0082,802910,rest
94.0100,8388,rest
94.0139,08860,rest
94.0174,-6918974,rest
94.0210,-8388608,rest
94.0277,-8388608,rest
94.0294,8388607,rest
94.0346,38860,rest
94.0384,-6170487,rest
94.0439,-8388608,rest
94.0476,-8388608,rest
94.0491,8388607,rest
94.0540,8388607,rest
94.0573,-5315279,rest
94.0644,-88868,rest
94.0684,-8388608,rest
94.0714,8388607,rest
94.0736,8388607,rest
94.0779,-4356974,rest
94.0835,-8388608,rest
94.0862,-8388608,rest
94.0900,8388607,rest
94.0942,8388607,rest
94.0987,-3301363,rest
94.1024,-8388608,rest
94.1065,-8388608,rest
94.1106,8388607,rest
94.1164,8388607,rest
94.1188,-2100668,rest
94.1229,-8388608,rest
94.1243,-,rest
94.1270,8388608,rest
94.1312,8339435,rest
94.1325,8,rest
94.1352,388607,rest
94.1363,-102,rest
94.1393,1156,rest
94.1408,-838860,rest
94.1436,8,rest
94.1439,-8388608,rest
94.1480,7824655,rest
94.1515,8388607,rest
94.1555,162794,rest
94.1599,-8388608,rest
94.1646,-8388608,rest
94.1680,7231293,rest
94.1720,8388607,rest
94.1761,1254366,rest
94.1809,-8388608,rest
94.1855,-8388608,rest
94.1884,6590029,rest
94.1925,8388607,rest
94.1992,2469102,rest
94.2007,-8388608,rest
94.2048,-8388608,rest
94.2088,5929736,rest
94.2132,3807,rest
94.2174,3538540,rest
94.2221,-8388608,rest
94.2272,-8388608,rest
94.2303,5044227,rest
94.2361,38,rest
94.2382,4447962,rest
94.2440,-8388608,rest
94.2464,-8388608,rest
94.2513,4152074,rest
94.2540,8388607,rest
94.2581,5393516,rest
94.2592,-,rest
94.2643,886083,rest
94.2670,608,rest
94.2705,3050852,rest
94.2722,8388607,rest
94.2744,6147874,rest
94.2804,886,rest
94.2843,-8388608,rest
94.2870,1951414,rest
94.2908,8388607,rest
94.2954,698768,rest
94.3001,-8388608,rest
94.3055,-8388608,rest
94.3071,903750,rest
94.3119,83887,rest
94.3163,7741461,rest
94.3197,-8388608,rest
94.3249,-8388608,rest
94.3276,-298515,rest
94.3319,8388607,rest
94.3358,8388607,rest
94.3400,-8388608,rest
94.3440,-8388608,rest
94.3485,-1431476,rest
94.3522,8388607,rest
94.3563,8388607,rest
94.3606,-8388608,rest
94.3663,-8388608,rest
94.3686,-2520999,rest
94.3727,8388607,rest
94.3773,8388607,rest
94.3815,-8388608,rest
94.3829,-,rest
94.3850,8388608,rest
94.3856,-,rest
94.3891,3510834,rest
94.3903,838,rest
94.3935,8607,rest
94.3954,838860,rest
94.3977,7,rest
94.3992,-8388608,rest
94.4014,-8388608,rest
94.4055,-4297274,rest
94.4100,8388607,rest
94.4143,8388607,rest
94.4181,-8388608,rest
94.4218,-8388608,rest
94.4260,-5121030,rest
94.4307,8388607,rest
94.4341,8388607,rest
94.4383,-8388608,rest
94.4423,-8388608,rest
94.4474,-5873354,rest
94.4513,8388607,rest
94.4546,8388607,rest
94.4587,-8388608,rest
94.4640,-8388608,rest
94.4670,-6642371,rest
94.4710,8388607,rest
94.4751,8388607,rest
94.4813,7444,rest
94.4871,-8388608,rest
94.4884,-7371006,rest
94.4915,8388607,rest
94.4977,3807,rest
94.5015,-7290078,rest
94.5040,-8388608,rest
94.5082,-8100958,rest
94.5122,3807,rest
94.5186,8388607,rest
94.5202,-655,rest
94.5206,4259,rest
94.5232,-838860,rest
94.5242,8,rest
94.5255,-8388608,rest
94.5297,8388607,rest
94.5328,8388607,rest
94.5366,-5744995,rest
94.5406,-8388608,rest
94.5448,-8388608,rest
94.5506,8388607,rest
94.5528,8388607,rest
94.5570,-4865089,rest
94.5611,-8388608,rest
94.5669,-8388608,rest
94.5692,8388607,rest
94.5733,8388607,rest
94.5775,-3868915,rest
94.5831,-8388608,rest
94.5856,-8388608,rest
94.5897,8388607,rest
94.5939,8388607,rest
94.5995,-2712977,rest
94.6021,-8388608,rest
94.6062,-8388608,rest
94.6104,8388607,rest
94.6150,8388607,rest
94.6185,-1534163,rest
94.6225,-8388608,rest
94.6271,-8388608,rest
94.6310,8074691,rest
94.6348,8388607,rest
94.6359,-,rest
94.6389,404661,rest
94.6406,-,rest
94.6435,8388608,rest
94.6451,-83,rest
94.6479,88608,rest
94.6497,75599,rest
94.6513,11,rest
94.6527,8388607,rest
94.6554,783850,rest
94.6594,-8388608,rest
94.6645,-8388608,rest
94.6678,6908810,rest
94.6716,8388607,rest
94.6758,1864685,rest
94.6804,-8388608,rest
94.6845,-8388608,rest
94.6881,6224744,rest
94.6922,8388607,rest
94.6982,195,rest
94.7009,-8388608,rest
94.7044,-8388608,rest
94.7092,5492229,rest
94.7129,30,rest
94.7171,4103551,rest
94.7232,-8388608,rest
94.7249,-8388608,rest
94.7292,52830,rest
94.7357,8388607,rest
94.7394,5018927,rest
94.7413,-8388608,rest
94.7470,8380,rest
94.7501,3624602,rest
94.7555,8388607,rest
94.7577,5881474,rest
94.7624,-88,rest
94.7675,8388608,rest
94.7700,2458555,rest
94.7714,838,rest
94.7741,8607,rest
94.7757,66102,rest
94.7787,6,rest
94.7803,-38,rest
94.7836,-8388608,rest
94.7867,1301471,rest
94.7907,8388607,rest
94.7947,7507444,rest
94.8001,-8388608,rest
94.8028,-8388608,rest
94.8069,220831,rest
94.8110,8388607,rest
94.8165,8209932,rest
94.8191,-8388608,rest
94.8232,-8388608,rest
94.8274,-1051085,rest
94.8327,8388607,rest
94.8355,8388607,rest
94.8397,-8388608,rest
94.8441,-8388608,rest
94.8496,-2081397,rest
94.8520,8388607,rest
94.8560,8388607,rest
94.8606,-8388608,rest
94.8651,-8388608,rest
94.8683,-3075640,rest
94.8723,8388607,rest
94.8774,8388607,rest
94.8814,-8388608,rest
94.8848,-8388608,rest
94.8888,-3982638,rest
94.8934,8388607,rest
94.8971,38607,rest
94.8985,-83,rest
94.9027,8608,rest
94.9058,-83886,rest
94.9071,08,rest
94.9089,-4771642,rest
94.9093,8388607,rest
94.9146,8388607,rest
94.9185,-8388608,rest
94.9216,-8388608,rest
94.9256,-5590257,rest
94.9314,3,rest
94.9354,8388607,rest
94.9388,-8388608,rest
94.9420,-8388608,rest
94.9462,6307661,rest
94.9516,8388607,rest
94.9543,8388607,rest
94.9584,-8265896,rest
94.9629,838,rest
94.9673,-7089250,rest
94.9720,8388607,rest
94.9752,8388607,rest
94.9790,-7692284,rest
94.9833,-8388608,rest
94.9871,-7775606,rest
94.9911,8388607,rest
94.9955,3880,rest
94.9999,-6886059,rest
95.0051,-8388608,rest
95.0076,-8388608,rest
95.0119,8388607,rest
95.0175,8388607,rest
95.0187,-,rest
95.0199,6166061,rest
95.0210,-,rest
95.0240,8388608,rest
95.0255,-83,rest
95.0282,88608,rest
95.0302,83886,rest
95.0322,07,rest
95.0338,8388607,rest
95.0364,-5358638,rest
95.0404,-8388608,rest
95.0445,-8388608,rest
95.0491,8388607,rest
95.0530,8388607,rest
95.0567,-4350712,rest
95.0609,-8388608,rest
95.0654,-8388608,rest
95.0696,8388607,rest
95.0730,8388607,rest
95.0773,-3367912,rest
95.0816,-8388608,rest
95.0856,-8388608,rest
95.0895,8388607,rest
95.0938,8388607,rest
95.0992,-2233144,rest
95.1024,-8388608,rest
95.1058,-8388608,rest
95.1103,8388607,rest
95.1148,8388607,rest
95.1182,-1017027,rest
95.1223,-8388608,rest
95.1268,-8388608,rest
95.1314,7927611,rest
95.1351,8388607,rest
95.1385,14977,rest
95.1430,-8388608,rest
95.1444,-,rest
95.1470,808,rest
95.1520,7280283,rest
95.1539,8,rest
95.1550,388607,rest
95.1559,1189,rest
95.1592,895,rest
95.1607,-8388608,rest
95.1634,-83,rest
95.1680,6636554,rest
95.1714,8388607,rest
95.1754,2310703,rest
95.1798,3888,rest
95.1845,-8388608,rest
95.1881,5960184,rest
95.1918,8388607,rest
95.1961,45309,rest
95.2004,-8388608,rest
95.2068,-8388608,rest
95.2083,5200972,rest
95.2125,388607,rest
95.2172,4422357,rest
95.2241,-8388608,rest
95.2246,-8388608,rest
95.2289,4252971,rest
95.2333,8388607,rest
95.2370,5257684,rest
95.2409,-8388608,rest
95.2455,838608,rest
95.2497,3215257,rest
95.2557,8388607,rest
95.2574,6076724,rest
95.2620,-8388608,rest
95.2669,-8388608,rest
95.2696,2077952,rest
95.2737,8388607,rest
95.2783,6875430,rest
95.2824,88608,rest
95.2845,-8388,rest
95.2873,608,rest
95.2882,993427,rest
95.2902,8388607,rest
95.2943,7724665,rest
95.3001,-8388608,rest
95.3025,-8388608,rest
95.3066,-151593,rest
95.3108,8388607,rest
95.3154,8387626,rest
95.3191,-8388608,rest
95.3230,-8388608,rest
95.3274,-1367192,rest
95.3327,8388607,rest
95.3352,8388607,rest
95.3392,-8388608,rest
95.3438,-8388608,rest
95.3480,-2407176,rest
95.3521,8388607,rest
95.3557,8388607,rest
95.3604,-8388608,rest
95.3646,-8388608,rest
95.3697,-3366710,rest
95.3720,8388607,rest
95.3765,8388607,rest
95.3826,-8388608,rest
95.3844,-8388608,rest
95.3885,-4233110,rest
95.3926,8388607,rest
95.3972,8388607,rest
95.3985,-,rest
95.4008,8388608,rest
95.4017,-,rest
95.4051,8388608,rest
95.4064,-4,rest
95.4089,970685,rest
95.4101,838,rest
95.4132,607,rest
95.4147,8880,rest
95.4170,7,rest
95.4174,-8388608,rest
95.4222,-8388608,rest
95.4266,-5858842,rest
95.4299,360,rest
95.4344,8388607,rest
95.4411,-8388608,rest
95.4419,-8388608,rest
95.4479,6511,rest
95.4513,8388607,rest
95.4545,8388607,rest
95.4587,-8162940,rest
95.4632,-8388608,rest
95.4665,73099,rest
95.4713,8388607,rest
95.4761,8388607,rest
95.4816,-7471664,rest
95.4835,-8388608,rest
95.4869,89,rest
95.4914,8388607,rest
95.4952,8388607,rest
95.4995,-6724445,rest
95.5031,-8388608,rest
95.5094,-8388608,rest
95.5113,8388607,rest
95.5158,8388607,rest
95.5201,-6051914,rest
95.5236,-8388608,rest
95.5246,-,rest
95.5278,8388608,rest
95.5331,8388607,rest
95.5359,8388607,rest
95.5369,-516,rest
95.5400,0213,rest
95.5413,-838860,rest
95.5440,8,rest
95.5442,-8388608,rest
95.5495,8388607,rest
95.5523,8388607,rest
95.5564,-4139416,rest
95.5606,-8388608,rest
95.5654,-8388608,rest
95.5687,8388607,rest
95.5727,8388607,rest
95.5770,-3125011,rest
95.5818,-8388608,rest
95.5850,-8388608,rest
95.5891,8388607,rest
95.5936,8388607,rest
95.5983,-1884434,rest
95.6014,-8388608,rest
95.6056,-8388608,rest
95.6103,8280603,rest
95.6146,8388607,rest
95.6178,-766693,rest
95.6219,-8388608,rest
95.6261,-8388608,rest
95.6307,7692283,rest
95.6343,8388607,rest
95.6383,388040,rest
95.6424,-8388608,rest
95.6476,-8388608,rest
95.6510,7064909,rest
95.6546,8388607,rest
95.6588,1536815,rest
95.6607,-,rest
95.6641,8388608,rest
95.6668,-838,rest
95.6669,8608,rest
95.6683,636646,rest
95.6710,4,rest
95.6727,8388607,rest
95.6752,2726581,rest
95.6795,808,rest
95.6849,-8388608,rest
95.6898,5654924,rest
95.6916,8388607,rest
95.6972,8,rest
95.7006,-8388608,rest
95.7045,-8388608,rest
95.7084,4757935,rest
95.7124,37,rest
95.7171,4828699,rest
95.7223,-8388608,rest
95.7250,-8388608,rest
95.7289,77893,rest
95.7342,8388607,rest
95.7385,5627742,rest
95.7407,-8388608,rest
95.7452,-8388608,rest
95.7504,2700624,rest
95.7531,8388607,rest
95.7571,6481281,rest
95.7613,-8388608,rest
95.7662,-8388608,rest
95.7693,1547417,rest
95.7734,8388607,rest
95.7776,7291908,rest
95.7841,-8388608,rest
95.7853,-,rest
95.7859,8388608,rest
95.7875,4,rest
95.7898,56502,rest
95.7914,838,rest
95.7939,8607,rest
95.7950,80061,rest
95.7987,86,rest
95.8018,-8388608,rest
95.8021,-8388608,rest
95.8062,-665894,rest
95.8107,8388607,rest
95.8146,8388607,rest
95.8189,-8388608,rest
95.8226,-8388608,rest
95.8275,-1900976,rest
95.8330,8388607,rest
95.8349,8388607,rest
95.8389,-8388608,rest
95.8435,-8388608,rest
95.8478,-2904465,rest
95.8514,8388607,rest
95.8554,8388607,rest
95.8596,-8388608,rest
95.8639,3868,rest
95.8683,-3797147,rest
95.8734,8388607,rest
95.8763,8388607,rest
95.8802,8388,rest
95.8872,-8388608,rest
95.8890,-4588791,rest
95.8928,8388607,rest
95.8976,8388607,rest
95.9006,838,rest
95.9071,-8388608,rest
95.9103,-5436264,rest
95.9137,8388607,rest
95.9172,8388607,rest
95.9185,-83,rest
95.9221,88608,rest
95.9237,-83886,rest
95.9250,08,rest
95.9267,-6248572,rest
95.9306,8388607,rest
95.9343,8388607,rest
95.9373,-8388608,rest
95.9416,-8388608,rest
95.9474,63642,rest
95.9529,8388607,rest
95.9547,8388607,rest
95.9578,-7824656,rest
95.9620,838860,rest
95.9669,-7680200,rest
95.9706,8388607,rest
95.9745,8388607,rest
95.9784,-7133380,rest
95.9835,-8388608,rest
95.9865,-8328868,rest
95.9905,8388607,rest
95.9949,8388607,rest
96.0005,-6344571,rest
96.0028,-8388608,rest
96.0069,-8388608,rest
96.0111,8388607,rest
96.0166,8388607,rest
96.0192,-5595483,rest
96.0233,-8388608,rest
96.0274,-8388608,rest
96.0330,8388607,rest
96.0355,8388607,rest
96.0369,-,rest
96.0397,4684221,rest
96.0416,-,rest
96.0439,8388608,rest
96.0453,-83,rest
96.0486,88608,rest
96.0501,83886,rest
96.0519,07,rest
96.0533,8388607,rest
96.0562,-3565351,rest
96.0606,-8388608,rest
96.0647,-8388608,rest
96.0683,8388607,rest
96.0724,8388607,rest
96.0770,-2510318,rest
96.0826,-8388608,rest
96.0847,-8388608,rest
96.0888,8388607,rest
96.0936,8388607,rest
96.0986,-1299911,rest
96.1015,-8388608,rest
96.1052,-8388608,rest
96.1097,7986443,rest
96.1148,8388607,rest
96.1187,-153781,rest
96.1216,-8388608,rest
96.1257,-8388608,rest
96.1302,7353237,rest
96.1339,8388607,rest
96.1380,1030760,rest
96.1420,-8388608,rest
96.1477,83886,rest
96.1520,6748956,rest
96.1556,8388607,rest
96.1586,2166483,rest
96.1630,886,rest
96.1677,8388608,rest
96.1734,6072198,rest
96.1749,8388607,rest
96.1767,32168,rest
96.1808,-8,rest
96.1860,-8388608,rest
96.1892,5245565,rest
96.1914,8388607,rest
96.1955,223,rest
96.2001,-8388608,rest
96.2055,-8388608,rest
96.2076,4402012,rest
96.2121,380,rest
96.2162,5115543,rest
96.2229,-8388608,rest
96.2240,-8388608,rest
96.2291,3315,rest
96.2328,8388607,rest
96.2366,6002178,rest
96.2410,-8388608,rest
96.2445,-8388608,rest
96.2501,2272643,rest
96.2527,8388607,rest
96.2567,6794050,rest
96.2609,-8388608,rest
96.2665,-8388608,rest
96.2693,1064673,rest
96.2732,8388607,rest
96.2773,7576281,rest
96.2831,-8388608,rest
96.2855,-8388608,rest
96.2895,-77305,rest
96.2938,8388607,rest
96.2985,8340773,rest
96.2998,-83,rest
96.3018,88608,rest
96.3030,-83886,rest
96.3064,08,rest
96.3076,-1213224,rest
96.3109,8388607,rest
96.3148,8388607,rest
96.3189,-8388608,rest
96.3223,-8388608,rest
96.3269,-2395063,rest
96.3312,8388607,rest
96.3346,8388607,rest
96.3388,-8388608,rest
96.3433,-8388608,rest
96.3482,-3354131,rest
96.3514,8388607,rest
96.3551,8388607,rest
96.3592,-8388608,rest
96.3644,-8388608,rest
96.3678,-4150899,rest
96.3714,8388607,rest
96.3755,8388607,rest
96.3814,-8388608,rest
96.3843,-8388608,rest
96.3878,-4950977,rest
96.3919,8388607,rest
96.3983,3886,rest
96.4013,-8388608,rest
96.4057,-8388608,rest
96.4094,-5742185,rest
96.4133,38607,rest
96.4173,8388607,rest
96.4186,-,rest
96.4208,8388608,rest
96.4224,-,rest
96.4253,8388608,rest
96.4266,-6,rest
96.4293,4918,rest
96.4311,88,rest
96.4332,607,rest
96.4351,8388607,rest
96.4370,-8207064,rest
96.4410,-8388608,rest
96.4475,73,rest
96.4523,8388607,rest
96.4547,8388607,rest
96.4576,-7574620,rest
96.4629,-83608,rest
96.4662,-7901097,rest
96.4714,8388607,rest
96.4745,8388607,rest
96.4783,-6881307,rest
96.4836,8886,rest
96.4877,-8388608,rest
96.4919,8388607,rest
96.4945,8388607,rest
96.4987,-6088723,rest
96.5026,-8388608,rest
96.5067,-8388608,rest
96.5107,8388607,rest
96.5151,8388607,rest
96.5190,-5267900,rest
96.5231,-8388608,rest
96.5273,-8388608,rest
96.5313,8388607,rest
96.5353,8388607,rest
96.5394,-4281315,rest
96.5439,-8388608,rest
96.5457,-,rest
96.5483,8388608,rest
96.5517,8388607,rest
96.5533,8,rest
96.5558,388607,rest
96.5570,-3219,rest
96.5602,938,rest
96.5616,-8388608,rest
96.5659,-8388608,rest
96.5680,8388607,rest
96.5721,8388607,rest
96.5768,-2091644,rest
96.5810,-8388608,rest
96.5844,-8388608,rest
96.5886,8339435,rest
96.5927,8388607,rest
96.5974,-911897,rest
96.6008,-8388608,rest
96.6049,-8388608,rest
96.6091,7809947,rest
96.6132,3867,rest
96.6178,208110,rest
96.6225,-8388608,rest
96.6268,-8388608,rest
96.6298,7191686,rest
96.6343,8388607,rest
96.6381,1422722,rest
96.6418,-8388608,rest
96.6469,-8388608,rest
96.6499,6529390,rest
96.6541,8388607,rest
96.6582,2580533,rest
96.6635,8380,rest
96.6672,-8388608,rest
96.6710,5783717,rest
96.6746,8388607,rest
96.6798,63-,rest
96.6831,88608,rest
96.6852,-8388,rest
96.6882,608,rest
96.6902,4954995,rest
96.6909,8388607,rest
96.6965,4725,rest
96.6998,-8388608,rest
96.7041,-8388608,rest
96.7095,3966577,rest
96.7125,8388607,rest
96.7167,59,rest
96.7207,-8388608,rest
96.7240,-8388608,rest
96.7279,2914102,rest
96.7332,8388607,rest
96.7359,6291172,rest
96.7401,-8388608,rest
96.7442,-8388608,rest
96.7489,1780880,rest
96.7524,8388607,rest
96.7565,7121542,rest
96.7607,-8388608,rest
96.7650,-8388608,rest
96.7692,643441,rest
96.7728,8388607,rest
96.7770,7862727,rest
96.7819,-8388608,rest
96.7854,-8388608,rest
96.7892,-503058,rest
96.7936,8388607,rest
96.7986,8388607,rest
96.8003,-,rest
96.8015,8388608,rest
96.8026,-,rest
96.8057,8388608,rest
96.8072,-1,rest
96.8103,663069,rest
96.8126,8388,rest
96.8142,07,rest
96.8163,838860,rest
96.8179,7,rest
96.8181,-8388608,rest
96.8220,-8388608,rest
96.8264,-2751884,rest
96.8305,8386,rest
96.8355,8388607,rest
96.8384,-8388608,rest
96.8425,-8388608,rest
96.8476,-3676320,rest
96.8511,8388607,rest
96.8547,8388607,rest
96.8590,-8388608,rest
96.8644,83808,rest
96.8684,-4476871,rest
96.8724,8388607,rest
96.8754,8388607,rest
96.8796,886,rest
96.8848,-8388608,rest
96.8886,-5289072,rest
96.8942,8388607,rest
96.8957,8388607,rest
96.9012,-8388608,rest
96.9040,-8388608,rest
96.9083,-6042276,rest
96.9134,80,rest
96.9171,8388607,rest
96.9214,-8388608,rest
96.9244,-8388608,rest
96.9254,-,rest
96.9287,7668,rest
96.9333,8388607,rest
96.9344,8,rest
96.9368,388607,rest
96.9385,-797,rest
96.9411,1736,rest
96.9432,-838860,rest
96.9449,8,rest
96.9471,-7765,rest
96.9494,8388607,rest
96.9532,8388607,rest
96.9573,-7280460,rest
96.9614,-8388608,rest
96.9656,-8208088,rest
96.9694,8388607,rest
96.9735,8388607,rest
96.9777,-6527661,rest
96.9835,-8388608,rest
96.9858,-8388608,rest
96.9898,8388607,rest
96.9940,8388607,rest
96.9999,-5772667,rest
97.0022,-8388608,rest
97.0063,-8388608,rest
97.0105,8388607,rest
97.0156,8388607,rest
97.0186,-4961939,rest
97.0227,-8388608,rest
97.0274,-8388608,rest
97.0313,8388607,rest
97.0350,8388607,rest
97.0390,-3949961,rest
97.0436,-8388608,rest
97.0488,-8388608,rest
97.0513,8388607,rest
97.0554,8388607,rest
97.0566,-,rest
97.0600,2792703,rest
97.0613,-,rest
97.0644,8388608,rest
97.0664,-838,rest
97.0677,8608,rest
97.0695,838860,rest
97.0718,7,rest
97.0719,8388607,rest
97.0760,-1627173,rest
97.0810,-8388608,rest
97.0841,-8388608,rest
97.0882,8148231,rest
97.0923,8388607,rest
97.0968,-437564,rest
97.1010,-8388608,rest
97.1046,-8388608,rest
97.1087,7574619,rest
97.1130,3860,rest
97.1172,707523,rest
97.1225,-8388608,rest
97.1274,-8388608,rest
97.1296,6908740,rest
97.1345,8388607,rest
97.1376,1780861,rest
97.1416,-8388608,rest
97.1458,836,rest
97.1503,6273267,rest
97.1552,8388607,rest
97.1578,3005952,rest
97.1621,838860,rest
97.1673,-8388608,rest
97.1704,5509875,rest
97.1743,8388607,rest
97.1788,4974,rest
97.1843,8388608,rest
97.1870,-,rest
97.1873,8388608,rest
97.1906,4620714,rest
97.1921,838,rest
97.1968,67997,rest
97.1996,-8388608,rest
97.2029,-8388608,rest
97.2074,3644989,rest
97.2111,8388607,rest
97.2159,5769039,rest
97.2193,-8388608,rest
97.2234,-8388608,rest
97.2275,2583615,rest
97.2337,8388607,rest
97.2357,6467081,rest
97.2397,-8388608,rest
97.2439,-8388608,rest
97.2491,1488058,rest
97.2521,8388607,rest
97.2561,7319898,rest
97.2603,-8388608,rest
97.2653,-8388608,rest
97.2684,401723,rest
97.2725,8388607,rest
97.2770,8022276,rest
97.2815,-8388608,rest
97.2848,-8388608,rest
97.2889,-741968,rest
97.2937,8388607,rest
97.2976,8388607,rest
97.3012,-8388608,rest
97.3053,-8388608,rest
97.3099,-1890248,rest
97.3142,8388607,rest
97.3193,8388607,rest
97.3206,-83,rest
97.3217,88608,rest
97.3228,-83886,rest
97.3257,08,rest
97.3271,-2963851,rest
97.3305,8388607,rest
97.3342,8388607,rest
97.3380,-8388608,rest
97.3422,-8388608,rest
97.3470,-3805357,rest
97.3503,8388607,rest
97.3544,8388607,rest
97.3585,-8388608,rest
97.3639,886,rest
97.3681,-4652652,rest
97.3721,8388607,rest
97.3750,8388607,rest
97.3807,88608,rest
97.3846,-8388608,rest
97.3891,-5428156,rest
97.3913,8388607,rest
97.3954,8388607,rest
97.4012,-8388608,rest
97.4036,-8388608,rest
97.4077,-6206009,rest
97.4122,387,rest
97.4168,8388607,rest
97.4218,-8388608,rest
97.4247,-8388608,rest
97.4286,-6928109,rest
97.4334,8388607,rest
97.4363,8388607,rest
97.4376,-,rest
97.4404,7824656,rest
97.4414,-,rest
97.4447,8388608,rest
97.4459,-76,rest
97.4490,39858,rest
97.4512,83886,rest
97.4527,07,rest
97.4541,8388607,rest
97.4569,-7084745,rest
97.4610,-8388608,rest
97.4666,-8332468,rest
97.4692,8388607,rest
97.4732,8388607,rest
97.4773,-6341620,rest
97.4830,-8388608,rest
97.4857,-8388608,rest
97.4896,8388607,rest
97.4937,8388607,rest
97.4996,-5529994,rest
97.5019,-8388608,rest
97.5060,-8388608,rest
97.5103,8388607,rest
97.5146,8388607,rest
97.5196,-4631883,rest
97.5225,-8388608,rest
97.5271,-8388608,rest
97.5314,8388607,rest
97.5356,8388607,rest
97.5388,-3628592,rest
97.5435,-8388608,rest
97.5477,-8388608,rest
97.5519,8388607,rest
97.5551,8388607,rest
97.5595,-2485943,rest
97.5643,-8388608,rest
97.5656,-,rest
97.5679,8388608,rest
97.5715,8388607,rest
97.5729,83,rest
97.5757,88607,rest
97.5773,-13263,rest
97.5814,136,rest
97.5846,-8388608,rest
97.5892,7971735,rest
97.5921,8388607,rest
97.5971,-134501,rest
97.6002,-8388608,rest
97.6043,-8388608,rest
97.6084,7378456,rest
97.6139,36,rest
97.6178,940905,rest
97.6210,-8388608,rest
97.6259,-8388608,rest
97.6292,6724225,rest
97.6330,8388607,rest
97.6383,2135597,rest
97.6416,-8388608,rest
97.6456,8380,rest
97.6510,6143614,rest
97.6549,8388607,rest
97.6590,3261780,rest
97.6617,-8388608,rest
97.6672,-8388608,rest
97.6699,5352190,rest
97.6739,8388607,rest
97.6782,4199295,rest
97.6828,-8388608,rest
97.6863,-8388608,rest
97.6903,4426103,rest
97.6947,8388607,rest
97.6990,5163912,rest
97.7010,-8,rest
97.7026,388608,rest
97.7041,-8388,rest
97.7067,608,rest
97.7078,3461925,rest
97.7108,8388607,rest
97.7158,5942071,rest
97.7190,-8388608,rest
97.7231,-8388608,rest
97.7274,2310287,rest
97.7329,8388607,rest
97.7353,6708391,rest
97.7394,-8388608,rest
97.7438,-8388608,rest
97.7483,1190004,rest
97.7517,8388607,rest
97.7558,7537035,rest
97.7604,-8388608,rest
97.7649,-8388608,rest
97.7681,27594,rest
97.7722,8388607,rest
97.7768,8212936,rest
97.7824,-8388608,rest
97.7845,-8388608,rest
97.7886,-1162548,rest
97.7932,8388607,rest
97.7980,8388607,rest
97.8015,-8388608,rest
97.8050,-8388608,rest
97.8091,-2180077,rest
97.8140,8388607,rest
97.8188,8388607,rest
97.8198,-,rest
97.8214,8388608,rest
97.8230,-,rest
97.8255,8388608,rest
97.8266,-3,rest
97.8313,498,rest
97.8337,07,rest
97.8360,8388607,rest
97.8387,-8388608,rest
97.8424,-8388608,rest
97.8474,400090,rest
97.8519,8388607,rest
97.8550,8388607,rest
97.8583,-8388608,rest
97.8640,868,rest
97.8678,-4801474,rest
97.8715,8388607,rest
97.8747,8388607,rest
97.8790,8386,rest
97.8835,-8388608,rest
97.8892,-5594501,rest
97.8910,8388607,rest
97.8953,87,rest
97.8998,-8388608,rest
97.9046,-8388608,rest
97.9077,-6347517,rest
97.9119,888,rest
97.9167,8388607,rest
97.9201,-8265896,rest
97.9254,-8388608,rest
97.9279,-7106659,rest
97.9327,8388607,rest
97.9361,8388607,rest
97.9401,-7648160,rest
97.9443,-8388608,rest
97.9458,-,rest
97.9497,7796782,rest
97.9524,8388607,rest
97.9534,8,rest
97.9565,388607,rest
97.9577,-691,rest
97.9607,6290,rest
97.9618,-838860,rest
97.9652,8,rest
97.9661,-8388608,rest
97.9688,8388607,rest
97.9729,8388607,rest
97.9772,-6203005,rest
97.9818,-8388608,rest
97.9855,-8388608,rest
97.9893,8388607,rest
97.9937,8388607,rest
97.9989,-5316053,rest
98.0016,-8388608,rest
98.0057,-8388608,rest
98.0101,8388607,rest
98.0146,8388607,rest
98.0194,-4417136,rest
98.0221,-8388608,rest
98.0264,-8388608,rest
98.0308,8388607,rest
98.0359,8388607,rest
98.0385,-3353617,rest
98.0428,-8388608,rest
98.0477,-8388608,rest
98.0516,8388607,rest
98.0548,8388607,rest
98.0589,-2257069,rest
98.0639,-8388608,rest
98.0681,-8388608,rest
98.0712,8388607,rest
98.0754,8388607,rest
98.0765,-,rest
98.0806,076835,rest
98.0823,-,rest
98.0835,8388608,rest
98.0846,-838,rest
98.0876,8608,rest
98.0886,789819,rest
98.0916,5,rest
98.0918,8388607,rest
98.0959,430,rest
98.1005,-8388608,rest
98.1042,-8388608,rest
98.1093,7280126,rest
98.1132,8388607,rest
98.1164,20454,rest
98.1211,-8388608,rest
98.1258,-8388608,rest
98.1300,6682423,rest
98.1327,8388607,rest
98.1378,2265688,rest
98.1408,-8388608,rest
98.1455,-83860,rest
98.1505,971,rest
98.1548,8388607,rest
98.1576,3492158,rest
98.1614,-8388608,rest
98.1669,-8388608,rest
98.1695,5153178,rest
98.1736,8388607,rest
98.1778,4411789,rest
98.1834,-8388608,rest
98.1859,-8388608,rest
98.1900,4237924,rest
98.1941,8388607,rest
98.1988,5314508,rest
98.1999,-,rest
98.2023,8388608,rest
98.2036,-,rest
98.2064,8388608,rest
98.2105,3181080,rest
98.2114,838,rest
98.2149,8607,rest
98.2167,612388,rest
98.2186,6,rest
98.2187,-8388608,rest
98.2228,-8388608,rest
98.2272,2053458,rest
98.2321,8388607,rest
98.2351,6872393,rest
98.2391,-8388608,rest
98.2438,-8388608,rest
98.2479,978133,rest
98.2517,8388607,rest
98.2556,7652998,rest
98.2601,-8388608,rest
98.2646,-8388608,rest
98.2684,-74944,rest
98.2719,8388607,rest
98.2764,8306858,rest
98.2810,-8388608,rest
98.2854,-8388608,rest
98.2883,-1227859,rest
98.2925,8388607,rest
98.2967,36,rest
98.3015,-8388608,rest
98.3056,-8388608,rest
98.3099,-2427143,rest
98.3135,8388607,rest
98.3185,3886,rest
98.3228,-8388608,rest
98.3277,-8388608,rest
98.3296,-3373097,rest
98.3342,8388607,rest
98.3375,8388607,rest
98.3388,-838,rest
98.3416,8608,rest
98.3434,-838860,rest
98.3469,-14366,rest
98.3507,8388607,rest
98.3545,8388607,rest
98.3584,-8388608,rest
98.3642,380,rest
98.3669,-5027175,rest
98.3704,8388607,rest
98.3775,8388607,rest
98.3787,-8388608,rest
98.3834,-8388608,rest
98.3873,-5812691,rest
98.3907,8388607,rest
98.3953,8380,rest
98.4006,-8388608,rest
98.4049,-8388608,rest
98.4089,-6583711,rest
98.4119,8388607,rest
98.4157,8388607,rest
98.4205,-8104108,rest
98.4251,-8388608,rest
98.4277,-7342457,rest
98.4329,8388607,rest
98.4357,8388607,rest
98.4398,-7456956,rest
98.4440,-8388608,rest
98.4497,-8032511,rest
98.4522,8388607,rest
98.4562,8388607,rest
98.4574,-,rest
98.4604,6646925,rest
98.4621,-,rest
98.4658,8388608,rest
98.4660,-838,rest
98.4685,8608,rest
98.4700,838860,rest
98.4725,7,rest
98.4737,8388607,rest
98.4771,-5903709,rest
98.4827,-8388608,rest
98.4849,-8388608,rest
98.4890,8388607,rest
98.4936,8388607,rest
98.4975,-5008405,rest
98.5013,-8388608,rest
98.5054,-8388608,rest
98.5099,8388607,rest
98.5141,8388607,rest
98.5177,-4056515,rest
98.5218,-8388608,rest
98.5265,-8388608,rest
98.5315,8388607,rest
98.5350,8388607,rest
98.5382,-2973450,rest
98.5424,-8388608,rest
98.5477,-8388608,rest
98.5516,8388607,rest
98.5546,8388607,rest
98.5587,-1835699,rest
98.5647,88,rest
98.5679,-8388608,rest
98.5725,8251187,rest
98.5759,8388607,rest
98.5792,-669429,rest
98.5842,-8388608,rest
98.5859,-,rest
98.5873,8388608,rest
98.5915,7706991,rest
98.5927,838,rest
98.5969,607525,rest
98.6038,-8388608,rest
98.6043,-8388608,rest
98.6078,7047489,rest
98.6138,360,rest
98.6168,1581009,rest
98.6213,-8388608,rest
98.6242,-8388608,rest
98.6287,606,rest
98.6329,8388607,rest
98.6394,2834819,rest
98.6407,-8388608,rest
98.6449,-8388608,rest
98.6505,5718693,rest
98.6528,8388607,rest
98.6569,3771008,rest
98.6611,-8388608,rest
98.6667,-8388608,rest
98.6692,4840995,rest
98.6733,8388607,rest
98.6774,4786017,rest
98.6821,-8388608,rest
98.6862,-8388608,rest
98.6897,3966792,rest
98.6938,8388607,rest
98.6991,5605766,rest
98.7020,-8388608,rest
98.7061,-8388608,rest
98.7105,2805530,rest
98.7149,8388607,rest
98.7188,6361149,rest
98.7204,-83,rest
98.7225,88608,rest
98.7236,-83886,rest
98.7268,08,rest
98.7281,1710065,rest
98.7315,8388607,rest
98.7359,7171553,rest
98.7388,-8388608,rest
98.7436,-8388608,rest
98.7478,628523,rest
98.7516,8388607,rest
98.7552,7889740,rest
98.7596,-8388608,rest
98.7645,-8388608,rest
98.7675,-545586,rest
98.7716,8388607,rest
98.7757,8388607,rest
98.7806,-8388608,rest
98.7852,-8388608,rest
98.7880,-1689999,rest
98.7921,8388607,rest
98.7971,8388607,rest
98.8003,-8388608,rest
98.8043,-8388608,rest
98.8085,-2746848,rest
98.8141,3860,rest
98.8180,8388607,rest
98.8215,-8388608,rest
98.8249,-8388608,rest
98.8292,3691,rest
98.8340,8388607,rest
98.8382,8388607,rest
98.8397,-,rest
98.8414,8388608,rest
98.8428,-,rest
98.8472,3888-4,rest
98.8497,2967,rest
98.8517,83886,rest
98.8535,07,rest
98.8555,8388607,rest
98.8579,-8388608,rest
98.8619,-8388608,rest
98.8672,-5266674,rest
98.8707,8388607,rest
98.8740,8388607,rest
98.8787,-38868,rest
98.8828,-8388608,rest
98.8880,-6028266,rest
98.8907,8388607,rest
98.8946,8388607,rest
98.9005,-8388608,rest
98.9027,-8388608,rest
98.9068,-6756681,rest
98.9109,8388607,rest
98.9159,8388607,rest
98.9200,-7957028,rest
98.9234,-8388608,rest
98.9278,-7502959,rest
98.9326,8388607,rest
98.9360,8388607,rest
98.9396,-7280460,rest
98.9439,-8388608,rest
98.9483,-8140402,rest
98.9524,8388607,rest
98.9559,8388607,rest
98.9606,-6524048,rest
98.9644,-8388608,rest
98.9662,-,rest
98.9682,8388608,rest
98.9723,8388607,rest
98.9739,83,rest
98.9770,88607,rest
98.9786,-5800,rest
98.9807,613,rest
98.9839,-8388608,rest
98.9846,-8388608,rest
98.9887,8388607,rest
98.9933,8388607,rest
98.9982,-4872795,rest
99.0020,-8388608,rest
99.0051,-8388608,rest
99.0093,8388607,rest
99.0142,8388607,rest
99.0176,-3912992,rest
99.0215,-8388608,rest
99.0256,-8388608,rest
99.0307,8388607,rest
99.0340,8388607,rest
99.0378,-2830390,rest
99.0420,-8388608,rest
99.0462,83888,rest
99.0506,8388607,rest
99.0564,8388607,rest
99.0584,-1571799,rest
99.0626,8388608,rest
99.0682,-8388608,rest
99.0706,8133523,rest
99.0749,8388607,rest
99.0790,483,rest
99.0844,-8388608,rest
99.0887,-8388608,rest
99.0915,7559911,rest
99.0966,3886,rest
99.1015,762327,rest
99.1031,-8,rest
99.1036,388608,rest
99.1060,-8388,rest
99.1075,608,rest
99.1090,6915275,rest
99.1120,8867,rest
99.1162,1831550,rest
99.1202,-8388608,rest
99.1245,-8388608,rest
99.1287,6267612,rest
99.1341,38860,rest
99.1407,2963020,rest
99.1418,-8388608,rest
99.1444,-8388608,rest
99.1500,5546050,rest
99.1525,8388607,rest
99.1566,4019002,rest
99.1608,-8388608,rest
99.1661,-8388608,rest
99.1690,4620311,rest
99.1731,8388607,rest
99.1772,4886207,rest
99.1832,-8388608,rest
99.1853,-8388608,rest
99.1894,3663538,rest
99.1938,8388607,rest
99.1981,5807613,rest
99.2019,-8388608,rest
99.2059,-8388608,rest
99.2103,2565456,rest
99.2149,8388607,rest
99.2187,6537106,rest
99.2201,-,rest
99.2223,8388608,rest
99.2240,-,rest
99.2266,8388608,rest
99.2278,1,rest
99.2316,492468,rest
99.2330,8388,rest
99.2346,607,rest
99.2361,7333046,rest
99.2387,-8388608,rest
99.2429,-8388608,rest
99.2495,390045,rest
99.2508,8388607,rest
99.2549,8053136,rest
99.2591,-8388608,rest
99.2643,-8388608,rest
99.2675,-848011,rest
99.2713,8388607,rest
99.2754,8388607,rest
99.2808,8388608,rest
99.2839,-8388608,rest
99.2877,-2018552,rest
99.2918,8388607,rest
99.2985,388607,rest
99.3007,-8388608,rest
99.3054,-8388608,rest
99.3087,-3065426,rest
99.3125,8388607,rest
99.3188,388,rest
99.3225,-8388608,rest
99.3248,-8388608,rest
99.3299,-3952429,rest
99.3354,867,rest
99.3376,8388607,rest
99.3451,-8388608,rest
99.3460,-8388608,rest
99.3463,-,rest
99.3510,4756689,rest
99.3534,38607,rest
99.3548,8,rest
99.3587,388607,rest
99.3614,-8388,rest
99.3628,608,rest
99.3652,-8388608,rest
99.3687,-5538162,rest
99.3699,8388607,rest
99.3743,8388607,rest
99.3781,-8388608,rest
99.3839,-8388608,rest
99.3860,-6349881,rest
99.3901,8388607,rest
99.3943,8388607,rest
99.3988,-8339436,rest
99.4024,-8388608,rest
99.4064,-7101342,rest
99.4106,8388607,rest
99.4155,8388607,rest
99.4188,-7692284,rest
99.4228,-8388608,rest
99.4272,-7828797,rest
99.4321,8388607,rest
99.4352,8388607,rest
99.4392,-6977228,rest
99.4437,-8388608,rest
99.4477,-8388608,rest
99.4520,8388607,rest
99.4557,8388607,rest
99.4604,-6178842,rest
99.4666,-8388608,rest
99.4680,-8388608,rest
99.4720,8388607,rest
99.4766,8388607,rest
99.4776,-,rest
99.4810,5365788,rest
99.4824,-8,rest
99.4843,388608,rest
99.4854,-8388,rest
99.4884,608,rest
99.4898,8388607,rest
99.4925,8388607,rest
99.4986,442734,rest
99.5068,-8388608,rest
99.5076,-8388608,rest
99.5089,8388607,rest
99.5131,388607,rest
99.5180,-3422633,rest
99.5233,-8388608,rest
99.5253,-8388608,rest
99.5306,388607,rest
99.5377,8388607,rest
99.5381,-2234816,rest
99.5417,-8388608,rest
99.5461,808,rest
99.5504,8383559,rest
99.5556,8388607,rest
99.5581,-1055939,rest
99.5642,-6,rest
99.5678,-8388608,rest
99.5729,7898195,rest
99.5744,8388607,rest
99.5801,8641,rest
99.5833,-8388608,rest
99.5882,-8388608,rest
99.5910,7292446,rest
99.5954,8388607,rest
99.6005,1214240,rest
99.6018,-,rest
99.6031,8388608,rest
99.6043,-,rest
99.6074,8388608,rest
99.6088,6,rest
99.6114,641716,rest
99.6131,8388,rest
99.6167,607,rest
99.6190,2335430,rest
99.6196,-8388608,rest
99.6236,-8388608,rest
99.6277,5963283,rest
99.6338,8388607,rest
99.6360,3442867,rest
99.6400,-8388608,rest
99.6441,-8388608,rest
99.6486,5137068,rest
99.6522,8388607,rest
99.6563,4437152,rest
99.6608,-8388608,rest
99.6650,-8388608,rest
99.6700,4197389,rest
99.6727,8388607,rest
99.6770,5355569,rest
99.6828,-8388608,rest
99.6850,-8388608,rest
99.6891,3129025,rest
99.6939,8388607,rest
99.6977,6171170,rest
99.7015,-8388608,rest
99.7056,-8388608,rest
99.7102,2014800,rest
99.7140,8388607,rest
99.7178,6930329,rest
99.7220,-8388608,rest
99.7260,-8388608,rest
99.7315,890071,rest
99.7342,8388607,rest
99.7359,7,rest
99.7383,689322,rest
99.7399,-838,rest
99.7424,8608,rest
99.7439,-838860,rest
99.7468,8,rest
99.7477,-199461,rest
99.7508,8388607,rest
99.7547,8345329,rest
99.7588,-8388608,rest
99.7631,8368,rest
99.7677,-1381007,rest
99.7716,8388607,rest
99.7754,8388607,rest
99.7817,838860,rest
99.7856,-8388608,rest
99.7888,-2497404,rest
99.7916,8388607,rest
99.7974,386,rest
99.8044,-8388608,rest
99.8051,-8388608,rest
99.8081,-3436400,rest
99.8121,388607,rest
99.8166,8388607,rest
99.8237,-8388608,rest
99.8251,-8388608,rest
99.8285,-4288465,rest
99.8356,8388607,rest
99.8368,8388607,rest
99.8408,-8388608,rest
99.8461,-838860,rest
99.8509,-5078073,rest
99.8544,8388607,rest
99.8570,8388607,rest
99.8581,-,rest
99.8614,8388608,rest
99.8629,-,rest
99.8668,8388608,rest
99.8677,-590,rest
99.8693,3359,rest
99.8709,838860,rest
99.8733,7,rest
99.8734,8388607,rest
99.8776,-8388608,rest
99.8836,-8388608,rest
99.8857,-6639476,rest
99.8897,8388607,rest
99.8941,8388607,rest
99.8984,-8104108,rest
99.9021,-8388608,rest
99.9063,-7357762,rest
99.9105,8388607,rest
99.9150,8388607,rest
99.9186,-7412832,rest
99.9226,-8388608,rest
99.9273,-8047069,rest
99.9325,8388607,rest
99.9349,8388607,rest
99.9390,-6650362,rest
99.9438,-8388608,rest
99.9480,-8388608,rest
99.9512,8388607,rest
99.9554,8388607,rest
99.9599,-5917086,rest
99.9653,-8388608,rest
99.9681,-8388608,rest
99.9717,8388607,rest
99.9758,8388607,rest
99.9815,-5054454,rest
99.9844,-8388608,rest
99.9856,-,rest
99.9882,8388608,rest
99.9922,8388607,rest
99.9937,838,rest
99.9976,8607,rest
99.9997,-40309,rest
100.0003,09,rest
100.0014,-8388608,rest
100.0045,-8388608,rest
100.0085,8388607,rest
100.0152,3886,rest
100.0175,-2976206,rest
100.0211,-8388608,rest
100.0252,-8388608,rest
100.0292,38807,rest
100.0336,8388607,rest
100.0392,-1781648,rest
100.0414,-8388608,rest
100.0474,8308,rest
100.0501,8236479,rest
100.0540,8388607,rest
100.0581,-648951,rest
100.0630,8860,rest
100.0686,-8388608,rest
100.0716,7633451,rest
100.0741,8388607,rest
100.0807,4967,rest
100.0844,-8388608,rest
100.0870,-8388608,rest
100.0906,7010568,rest
100.0947,8388607,rest
100.0992,1690668,rest
100.1029,-8388608,rest
100.1069,-8388608,rest
100.1110,6356886,rest
100.1155,8388607,rest
100.1195,2785294,rest
100.1209,-838,rest
100.1233,8608,rest
100.1249,-83886,rest
100.1274,08,rest
100.1289,5617879,rest
100.1319,8388607,rest
100.1355,3833022,rest
100.1396,-8388608,rest
100.1438,-8388608,rest
100.1480,4787458,rest
100.1520,8388607,rest
100.1561,4802941,rest
100.1606,-8388608,rest
100.1660,-8388608,rest
100.1683,3817768,rest
100.1724,8388607,rest
100.1770,5660503,rest
100.1815,-8388608,rest
100.1849,-8388608,rest
100.1888,2761311,rest
100.1937,8388607,rest
100.1983,6438310,rest
100.2014,-8388608,rest
100.2053,-8388608,rest
100.2093,1615612,rest
100.2145,8388607,rest
100.2175,7225252,rest
100.2216,-8388608,rest
100.2257,-8388608,rest
100.2310,491996,rest
100.2339,8388607,rest
100.2380,7911811,rest
100.2389,-,rest
100.2421,8388608,rest
100.2435,-,rest
100.2464,360,rest
100.2488,5,rest
100.2519,160,rest
100.2532,83886,rest
100.2543,07,rest
100.2556,8388607,rest
100.2585,-8388608,rest
100.2639,838808,rest
100.2686,-1774321,rest
100.2724,8388607,rest
100.2749,8388607,rest
100.2792,368,rest
100.2835,-8388608,rest
100.2879,-2789071,rest
100.2931,8388607,rest
100.2954,8388607,rest
100.3003,-8388608,rest
100.3039,-8388608,rest
100.3076,-3766458,rest
100.3138,3886,rest
100.3159,8388607,rest
100.3215,-8388608,rest
100.3242,-8388608,rest
100.3298,-45787,rest
100.3338,8388607,rest
100.3379,8388607,rest
100.3405,-8388608,rest
100.3445,-8388608,rest
100.3503,-5395735,rest
100.3527,8388607,rest
100.3568,8388607,rest
100.3609,-8388608,rest
100.3655,-8388608,rest
100.3670,-,rest
100.3691,6167161,rest
100.3732,8388607,rest
100.3743,83,rest
100.3774,88607,rest
100.3787,-83886,rest
100.3815,08,rest
100.3839,-8388608,rest
100.3855,-6879300,rest
100.3896,8388607,rest
100.3938,8388607,rest
100.3985,-7868780,rest
100.4022,-8388608,rest
100.4059,-7644813,rest
100.4108,8388607,rest
100.4147,8388607,rest
100.4187,-7191383,rest
100.4224,-8388608,rest
100.4271,-8279684,rest
100.4309,8388607,rest
100.4353,8388607,rest
100.4386,-6399619,rest
100.4433,-8388608,rest
100.4482,-8388608,rest
100.4513,8388607,rest
100.4551,8388607,rest
100.4591,-5647769,rest
100.4648,838808,rest
100.4699,-8388608,rest
100.4721,8388607,rest
100.4756,8388607,rest
100.4805,-4701541,rest
100.4849,-8388608,rest
100.4878,-8388608,rest
100.4918,8388607,rest
100.4962,0,rest
100.5018,3600739,rest
100.5033,-83,rest
100.5043,88608,rest
100.5056,-83886,rest
100.5082,08,rest
100.5094,8388607,rest
100.5128,86,rest
100.5171,-2549224,rest
100.5211,-8388608,rest
100.5247,-8388608,rest
100.5292,8388607,rest
100.5331,388,rest
100.5377,-1284730,rest
100.5442,-8388608,rest
100.5465,-8388608,rest
100.5504,7971735,rest
100.5533,8388607,rest
100.5592,-117989,rest
100.5616,-8388608,rest
100.5657,-8388608,rest
100.5713,7410187,rest
100.5738,8388607,rest
100.5780,933075,rest
100.5821,-8388608,rest
100.5861,-8388608,rest
100.5902,6766327,rest
100.5943,8388607,rest
100.6001,2118316,rest
100.6033,-8388608,rest
100.6065,-8388608,rest
100.6107,6091137,rest
100.6151,8388607,rest
100.6189,3211401,rest
100.6201,-,rest
100.6230,8388608,rest
100.6246,-,rest
100.6274,8388608,rest
100.6287,5,rest
100.6324,294104,rest
100.6339,8388,rest
100.6353,607,rest
100.6369,4227761,rest
100.6394,-8388608,rest
100.6439,-8388608,rest
100.6478,4388674,rest
100.6516,8388607,rest
100.6558,5141141,rest
100.6605,-8388608,rest
100.6660,-8388608,rest
100.6681,3437049,rest
100.6722,8388607,rest
100.6769,5906138,rest
100.6808,-8388608,rest
100.6845,-8388608,rest
100.6886,2308209,rest
100.6926,8388607,rest
100.6969,6707945,rest
100.7008,-8388608,rest
100.7049,-8388608,rest
100.7090,1212285,rest
100.7133,388,rest
100.7179,7496041,rest
100.7213,-8388608,rest
100.7256,-8388608,rest
100.7307,926,rest
100.7347,8388607,rest
100.7394,8157586,rest
100.7418,-8388608,rest
100.7476,30,rest
100.7530,1088957,rest
100.7543,8388607,rest
100.7557,8,rest
100.7583,388607,rest
100.7596,-8388,rest
100.7624,08,rest
100.7639,83860,rest
100.7664,8,rest
100.7670,-2230844,rest
100.7704,8388607,rest
100.7746,8388607,rest
100.7789,83860,rest
100.7834,-8388608,rest
100.7877,-3280424,rest
100.7909,8388607,rest
100.7967,880,rest
100.7992,-8388608,rest
100.8036,-8388608,rest
100.8073,-4136947,rest
100.8120,8380,rest
100.8162,8388607,rest
100.8223,-8388608,rest
100.8236,-8388608,rest
100.8279,-4916547,rest
100.8334,8388607,rest
100.8361,8388607,rest
100.8401,-8388608,rest
100.8443,-8388608,rest
100.8510,-5769697,rest
100.8523,8388607,rest
100.8565,8388607,rest
100.8607,-8388608,rest
100.8663,-8388608,rest
100.8688,-6513815,rest
100.8729,8388607,rest
100.8770,8388607,rest
100.8785,-,rest
100.8825,8162940,rest
100.8838,-8,rest
100.8852,388608,rest
100.8867,-725,rest
100.8893,3496,rest
100.8907,838860,rest
100.8935,7,rest
100.8938,8388607,rest
100.8984,-7545204,rest
100.9020,-8388608,rest
100.9056,-7979532,rest
100.9106,8388607,rest
100.9146,8388607,rest
100.9181,-6751887,rest
100.9220,-8388608,rest
100.9265,-8388608,rest
100.9314,8388607,rest
100.9343,8388607,rest
100.9384,-6016043,rest
100.9425,-8388608,rest
100.9470,-8388608,rest
100.9510,8388607,rest
100.9547,8388607,rest
100.9589,-5141279,rest
100.9632,8386,rest
100.9679,-8388608,rest
100.9716,8388607,rest
100.9754,8388607,rest
100.9803,-4190204,rest
100.9853,-8388608,rest
100.9876,-8388608,rest
100.9916,8388607,rest
100.9960,38607,rest
101.0011,-3099476,rest
101.0026,-,rest
101.0051,8388608,rest
101.0063,-,rest
101.0080,8388608,rest
101.0093,8,rest
101.0123,860,rest
101.0141,838,rest
101.0168,607,rest
101.0205,-1947168,rest
101.0224,-8388608,rest
101.0251,-8388608,rest
101.0289,82689,rest
101.0329,8388607,rest
101.0381,-796397,rest
101.0419,-8388608,rest
101.0454,-8388608,rest
101.0504,7721699,rest
101.0530,8388607,rest
101.0571,379614,rest
101.0619,-838860,rest
101.0663,-8388608,rest
101.0732,7083830,rest
101.0759,8388607,rest
101.0779,1545107,rest
101.0826,-8388608,rest
101.0859,-8388608,rest
101.0899,6445039,rest
101.0939,8388607,rest
101.0990,2678463,rest
101.1023,-8388608,rest
101.1064,-8388608,rest
101.1105,5661127,rest
101.1148,8388607,rest
101.1189,3808902,rest
101.1227,-8388608,rest
101.1272,-8388608,rest
101.1317,4872806,rest
101.1354,8388607,rest
101.1391,4722659,rest
101.1403,-838,rest
101.1438,8608,rest
101.1450,-838860,rest
101.1480,8,rest
101.1491,3859339,rest
101.1517,8388607,rest
101.1554,5630444,rest
101.1602,-8388608,rest
101.1641,-8388608,rest
101.1677,2776572,rest
101.1717,8388607,rest
101.1764,6414852,rest
101.1819,-8388608,rest
101.1845,-8388608,rest
101.1882,1618884,rest
101.1923,8388607,rest
101.1966,2360,rest
101.2012,-8388608,rest
101.2058,-8388608,rest
101.2097,456985,rest
101.2133,8388607,rest
101.2176,7980682,rest
101.2211,-8388608,rest
101.2251,-8388608,rest
101.2309,7397,rest
101.2333,8388607,rest
101.2375,8388607,rest
101.2436,-8388608,rest
101.2456,-8388608,rest
101.2510,-1847742,rest
101.2537,8388607,rest
101.2579,8388607,rest
101.2597,-,rest
101.2643,3808,rest
101.2675,8388608,rest
101.2693,-292,rest
101.2710,5932,rest
101.2731,838860,rest
101.2742,7,rest
101.2752,8388607,rest
101.2787,-38608,rest
101.2830,-8388608,rest
101.2891,-3813778,rest
101.2908,8388607,rest
101.2975,8386,rest
101.3008,-8388608,rest
101.3052,-8388608,rest
101.3076,-4584113,rest
101.3112,8388607,rest
101.3164,8388607,rest
101.3193,-8388608,rest
101.3234,-8388608,rest
101.3276,-5406576,rest
101.3327,8388607,rest
101.3357,8388607,rest
101.3398,-8388608,rest
101.3439,-8388608,rest
101.3486,-6206149,rest
101.3520,8388607,rest
101.3562,8388607,rest
101.3606,-8388608,rest
101.3645,-8388608,rest
101.3685,-6940211,rest
101.3725,8388607,rest
101.3771,8388607,rest
101.3818,-7795240,rest
101.3849,-8388608,rest
101.3862,-,rest
101.3889,7665928,rest
101.3934,8388607,rest
101.3947,838,rest
101.3975,8607,rest
101.3996,-70716,rest
101.4012,74,rest
101.4028,-8388608,rest
101.4054,-8333758,rest
101.4095,8388607,rest
101.4140,8388607,rest
101.4179,-6322514,rest
101.4216,-8388608,rest
101.4262,-8388608,rest
101.4316,8388607,rest
101.4352,8388607,rest
101.4380,-5536801,rest
101.4421,-8388608,rest
101.4473,-8388608,rest
101.4505,8388607,rest
101.4544,8388607,rest
101.4586,-4670088,rest
101.4638,-8388608,rest
101.4678,-8388608,rest
101.4708,8388607,rest
101.4750,8388607,rest
101.4801,-3615147,rest
101.4846,-8388608,rest
101.4872,-8388608,rest
101.4915,8388607,rest
101.4969,3880,rest
101.5006,-2457788,rest
101.5050,-8388608,rest
101.5082,-8388608,rest
101.5121,83867,rest
101.5173,8388607,rest
101.5201,-,rest
101.5205,1283650,rest
101.5225,-83,rest
101.5240,88608,rest
101.5255,-83886,rest
101.5284,08,rest
101.5292,98443,rest
101.5331,8388607,rest
101.5365,-115242,rest
101.5423,-8388608,rest
101.5445,-8388608,rest
101.5506,7383033,rest
101.5527,8388607,rest
101.5567,972191,rest
101.5610,-8388608,rest
101.5660,-8388608,rest
101.5691,6699782,rest
101.5732,8388607,rest
101.5774,2191013,rest
101.5819,-8388608,rest
101.5855,-8388608,rest
101.5895,6046269,rest
101.5939,8388607,rest
101.5994,3324349,rest
101.6018,-8388608,rest
101.6059,-8388608,rest
101.6106,5240530,rest
101.6143,8388607,rest
101.6191,4331520,rest
101.6223,-8388608,rest
101.6272,-8388608,rest
101.6311,4283254,rest
101.6353,8388607,rest
101.6387,5283998,rest
101.6398,-,rest
101.6434,8388608,rest
101.6445,-,rest
101.6483,8388608,rest
101.6500,32,rest
101.6510,64169,rest
101.6522,83886,rest
101.6550,07,rest
101.6561,6073573,rest
101.6594,-8388608,rest
101.6636,-8388608,rest
101.6689,2256725,rest
101.6715,8388607,rest
101.6756,6801271,rest
101.6799,838860,rest
101.6844,-8388608,rest
101.6894,1107149,rest
101.6941,8388607,rest
101.6967,7601223,rest
101.7006,838608,rest
101.7053,-8388608,rest
101.7086,-64937,rest
101.7128,8388607,rest
101.7165,8266798,rest
101.7220,-8388608,rest
101.7249,-8388608,rest
101.7305,1317699,rest
101.7331,8388607,rest
101.7370,8388607,rest
101.7414,-8388608,rest
101.7457,88,rest
101.7509,-2438483,rest
101.7555,8388607,rest
101.7575,8388607,rest
101.7620,88,rest
101.7689,-8388608,rest
101.7713,-3397378,rest
101.7739,8388607,rest
101.7753,83,rest
101.7818,88607-8388,rest
101.7826,608,rest
101.7842,-8388608,rest
101.7863,-4204919,rest
101.7902,8388607,rest
101.7945,8388607,rest
101.8003,-8388608,rest
101.8026,-8388608,rest
101.8067,-4958090,rest
101.8108,8388607,rest
101.8164,8388607,rest
101.8189,-8388608,rest
101.8230,-8388608,rest
101.8273,-5803864,rest
101.8330,8388607,rest
101.8353,8388607,rest
101.8394,-8388608,rest
101.8437,-8388608,rest
101.8483,-6550299,rest
101.8517,8388607,rest
101.8558,8388607,rest
101.8611,-8148232,rest
101.8655,-8388608,rest
101.8687,-7329774,rest
101.8722,8388607,rest
101.8769,8388607,rest
101.8812,-7471664,rest
101.8845,-8388608,rest
101.8886,-8050602,rest
101.8927,8388607,rest
101.8987,8388607,rest
101.9000,-,rest
101.9009,6707691,rest
101.9019,-8,rest
101.9050,388608,rest
101.9065,-8388,rest
101.9090,608,rest
101.9098,8388607,rest
101.9147,8388607,rest
101.9179,-5953029,rest
101.9213,-8388608,rest
101.9255,-8388608,rest
101.9300,8388607,rest
101.9341,8388607,rest
101.9377,-5040722,rest
101.9419,-8388608,rest
101.9461,83868,rest
101.9511,8388607,rest
101.9544,8388607,rest
101.9594,-4097076,rest
101.9628,-8388,rest
101.9678,-8388608,rest
101.9708,8388607,rest
101.9769,8388607,rest
101.9787,-3036203,rest
101.9840,-8388608,rest
101.9869,-8388608,rest
101.9910,8388607,rest
101.9953,3607,rest
101.9998,-1827648,rest
102.0041,-8388608,rest
102.0075,-8388608,rest
102.0118,8207063,rest
102.0161,8388607,rest
102.0197,-653134,rest
102.0212,-,rest
102.0237,8388608,rest
102.0249,-,rest
102.0279,8388608,rest
102.0296,7,rest
102.0332,662867,rest
102.0348,8388,rest
102.0360,607,rest
102.0361,538965,rest
102.0401,-8388608,rest
102.0442,-8388608,rest
102.0493,7011956,rest
102.0524,8388607,rest
102.0565,1631676,rest
102.0607,-8388608,rest
102.0653,-8388608,rest
102.0688,6370700,rest
102.0729,8388607,rest
102.0771,2759354,rest
102.0817,-8388608,rest
102.0859,-8388608,rest
102.0893,5643204,rest
102.0937,8388607,rest
102.0982,3887156,rest
102.1016,-8388608,rest
102.1056,-8388608,rest
102.1102,4766927,rest
102.1149,8388607,rest
102.1183,4817341,rest
102.1220,-8388608,rest
102.1270,-8388608,rest
102.1307,3871370,rest
102.1349,8388607,rest
102.1384,5660710,rest
102.1432,-8388608,rest
102.1474,-8388608,rest
102.1519,2714441,rest
102.1548,8388607,rest
102.1564,6,rest
102.1590,451218,rest
102.1601,-838,rest
102.1632,608,rest
102.1651,-360,rest
102.1672,8,rest
102.1681,1572594,rest
102.1712,8388607,rest
102.1753,7240934,rest
102.1804,-8388608,rest
102.1848,-8388608,rest
102.1878,458973,rest
102.1917,8388607,rest
102.1967,7991694,rest
102.2000,-8388608,rest
102.2039,-8388608,rest
102.2081,-682838,rest
102.2124,388,rest
102.2180,8388607,rest
102.2217,-8388608,rest
102.2245,-8388608,rest
102.2300,1990,rest
102.2340,8388607,rest
102.2385,8388607,rest
102.2408,-8388608,rest
102.2452,8,rest
102.2516,-2982757,rest
102.2557,8388607,rest
102.2572,8388607,rest
102.2615,-8388608,rest
102.2669,-8388608,rest
102.2695,-3856993,rest
102.2736,8388607,rest
102.2778,8388607,rest
102.2792,-,rest
102.2824,8388608,rest
102.2837,-,rest
102.2859,8388608,rest
102.2875,-464,rest
102.2899,4732,rest
102.2914,838860,rest
102.2940,7,rest
102.2942,8388607,rest
102.2993,-8388608,rest
102.3023,-8388608,rest
102.3063,-5457935,rest
102.3105,8388607,rest
102.3152,8388607,rest
102.3194,-8388608,rest
102.3228,-8388608,rest
102.3272,-6223900,rest
102.3317,8388607,rest
102.3350,8388607,rest
102.3391,-8388608,rest
102.3436,-8388608,rest
102.3483,-6995411,rest
102.3515,8388607,rest
102.3555,8388607,rest
102.3601,-7780532,rest
102.3659,-8388608,rest
102.3678,-7720387,rest
102.3719,8388607,rest
102.3760,8388607,rest
102.3812,-7050007,rest
102.3842,-8388608,rest
102.3883,-8385532,rest
102.3926,8388607,rest
102.3978,8388607,rest
102.4012,-6257594,rest
102.4027,-,rest
102.4046,8388608,rest
102.4058,-,rest
102.4087,8388608,rest
102.4131,38860,rest
102.4148,38,rest
102.4175,607,rest
102.4201,-547263,rest
102.4211,3,rest
102.4229,-8388608,rest
102.4254,-8388608,rest
102.4294,30,rest
102.4338,8388607,rest
102.4386,-4487567,rest
102.4436,-8388608,rest
102.4464,-8388608,rest
102.4498,38,rest
102.4542,8388607,rest
102.4606,-3466721,rest
102.4648,-8388608,rest
102.4661,-8388608,rest
102.4717,8388607,rest
102.4743,8388607,rest
102.4791,26,rest
102.4841,-8388608,rest
102.4885,-8388608,rest
102.4915,8388607,rest
102.4949,8388607,rest
102.5006,-1222748,rest
102.5030,-8388608,rest
102.5070,-8388608,rest
102.5112,7927611,rest
102.5163,8388607,rest
102.5193,6666,rest
102.5234,-8388608,rest
102.5276,-8388608,rest
102.5332,7325079,rest
102.5357,8388607,rest
102.5398,1119964,rest
102.5412,-838,rest
102.5441,8608,rest
102.5444,-838860,rest
102.5489,8,rest
102.5496,6649737,rest
102.5521,8388607,rest
102.5562,2281061,rest
102.5605,-8388608,rest
102.5665,-8388608,rest
102.5685,5971660,rest
102.5726,8388607,rest
102.5769,3437660,rest
102.5830,-8388608,rest
102.5855,-8388608,rest
102.5889,5128294,rest
102.5936,8388607,rest
102.5981,4403744,rest
102.6021,-8388608,rest
102.6054,-8388608,rest
102.6096,4207267,rest
102.6143,8388607,rest
102.6177,5341790,rest
102.6217,-8388608,rest
102.6259,-8388608,rest
102.6302,190,rest
102.6341,38807,rest
102.6383,6133481,rest
102.6426,-8388608,rest
102.6466,-8388608,rest
102.6510,1990349,rest
102.6559,8388607,rest
102.6589,6903344,rest
102.6603,-,rest
102.6642,88,rest
102.6675,8388608,rest
102.6693,901,rest
102.6718,761,rest
102.6730,83886,rest
102.6750,07,rest
102.6768,7723601,rest
102.6799,-8388608,rest
102.6854,-8388608,rest
102.6875,-188324,rest
102.6914,8388607,rest
102.6970,32,rest
102.7036,-8388608,rest
102.7039,-8388608,rest
102.7078,-1345917,rest
102.7121,8388607,rest
102.7165,8388607,rest
102.7206,-8388608,rest
102.7241,-8388608,rest
102.7302,-479,rest
102.7336,8388607,rest
102.7364,8388607,rest
102.7405,-8388608,rest
102.7454,-888,rest
102.7502,-3424383,rest
102.7530,8388607,rest
102.7582,8388607,rest
102.7613,-8388608,rest
102.7655,-8388608,rest
102.7703,-4276664,rest
102.7735,8388607,rest
102.7774,8388607,rest
102.7826,-8388608,rest
102.7856,-8388608,rest
102.7871,-,rest
102.7896,5040336,rest
102.7940,8388607,rest
102.7946,83,rest
102.7990,88607,rest
102.8005,-83886,rest
102.8019,08,rest
102.8035,-8388608,rest
102.8061,-5873430,rest
102.8106,8388607,rest
102.8146,8388607,rest
102.8185,-8388608,rest
102.8224,-8388608,rest
102.8269,-6628260,rest
102.8314,8388607,rest
102.8358,8388607,rest
102.8388,-8074692,rest
102.8436,-8388608,rest
102.8487,-7368780,rest
102.8525,8388607,rest
102.8552,8388607,rest
102.8594,-7442248,rest
102.8641,-8388608,rest
102.8684,-8044402,rest
102.8716,8388607,rest
102.8757,8388607,rest
102.8810,-6664079,rest
102.8847,-8388608,rest
102.8880,-8388608,rest
102.8921,8388607,rest
102.8980,30,rest
102.9019,-5894244,rest
102.9045,-8388608,rest
102.9105,-8388608,rest
102.9141,8388607,rest
102.9167,8388607,rest
102.9177,-,rest
102.9217,5021851,rest
102.9234,-8,rest
102.9249,388608,rest
102.9266,-8388,rest
102.9291,08,rest
102.9307,880,rest
102.9347,8388607,rest
102.9371,-4003651,rest
102.9415,-8388608,rest
102.9455,8386,rest
102.9498,8388607,rest
102.9549,8388607,rest
102.9576,-2898162,rest
102.9619,888,rest
102.9670,-8388608,rest
102.9703,8388607,rest
102.9745,8388607,rest
102.9786,-1663934,rest
102.9824,-8388608,rest
102.9873,-8388608,rest
102.9920,8148231,rest
102.9945,8388607,rest
102.9990,-483804,rest
103.0026,-8388608,rest
103.0067,-8388608,rest
103.0109,7574619,rest
103.0160,8388607,rest
103.0190,607797,rest
103.0231,-8388608,rest
103.0274,-8388608,rest
103.0316,6934614,rest
103.0354,8388607,rest
103.0395,1798392,rest
103.0406,-,rest
103.0439,8388608,rest
103.0451,-,rest
103.0487,8388608,rest
103.0504,63,rest
103.0518,10154,rest
103.0529,8388,rest
103.0559,607,rest
103.0569,2941960,rest
103.0603,-8388608,rest
103.0659,-8388608,rest
103.0686,5535506,rest
103.0723,8388607,rest
103.0770,3985171,rest
103.0815,-8388608,rest
103.0852,-8388608,rest
103.0887,4645350,rest
103.0931,8388607,rest
103.0971,4948369,rest
103.1029,-8388608,rest
103.1061,-8388608,rest
103.1092,3622543,rest
103.1175,8388607,rest
103.1195,5733561,rest
103.1221,-8388608,rest
103.1283,-8388608,rest
103.1304,2521541,rest
103.1344,8388607,rest
103.1383,6556109,rest
103.1434,-8388608,rest
103.1471,-8388608,rest
103.1553,1461297,rest
103.1582,8388607,rest
103.1595,7365908,rest
103.1653,-8388608,rest
103.1719,-8388608,rest
103.1754,318699,rest
103.1817,8388607,rest
103.1841,8056646,rest
103.1879,-8388608,rest
103.1890,-8388608,rest
103.1894,-886066,rest
103.1934,8388607,rest
103.1964,8388607,rest
103.2055,-8388608,rest
103.2097,-8388608,rest
103.2120,-2025192,rest
103.2143,8388607,rest
103.2160,8388607,rest
103.2206,-8388608,rest
103.2247,-8388608,rest
103.2303,-3065024,rest
103.2337,8388607,rest
103.2385,8388607,rest
103.2430,-8388608,rest
103.2456,-8388608,rest
103.2499,-3939275,rest
103.2556,8388607,rest
103.2580,8388607,rest
103.2652,-8388608,rest
103.2697,-8388608,rest
103.2725,-4763694,rest
103.2768,8388607,rest
103.2808,8388607,rest
103.2852,-8388608,rest
103.2875,-8388608,rest
103.2933,-5557939,rest
103.2945,8388607,rest
103.2999,8388607,rest
103.3037,-8388608,rest
103.3088,-8388608,rest
103.3187,-6340722,rest
103.3222,8388607,rest
103.3231,8388607,rest
103.3241,-8339436,rest
103.3244,-8388608,rest
103.3333,-7093741,rest
103.3342,8388607,rest
103.3350,8388607,rest
103.3436,-7706992,rest
103.3490,-8388608,rest
103.3551,-7780784,rest
103.3556,8388607,rest
103.3566,8388607,rest
103.3627,-6949871,rest
103.3650,-8388608,rest
103.3740,-8388608,rest
103.3760,8388607,rest
103.3769,8388607,rest
103.3802,-6204762,rest
103.3845,-8388608,rest
103.4081,-8388608,rest
103.4124,8388607,rest
103.4273,8388607,rest
103.4307,-5368396,rest
103.4318,-8388608,rest
103.4356,-8388608,rest
103.4363,8388607,rest
103.4370,8388607,rest
103.4421,-4433403,rest
103.4504,-8388608,rest
103.4581,-8388608,rest
103.4590,8388607,rest
103.4677,8388607,rest
103.4702,-3340032,rest
103.4716,-8388608,rest
103.4758,-8388608,rest
103.4803,8388607,rest
103.4812,8388607,rest
103.4823,-2140424,rest
103.4831,-8388608,rest
103.4839,-8388608,rest
103.4848,8368851,rest
103.4856,8388607,rest
103.4863,-989764,rest
103.4872,-8388608,rest
103.4881,-8388608,rest
103.4905,7839363,rest
103.5012,8388607,rest
103.5065,153646,rest
103.5082,-8388608,rest
103.5159,-8388608,rest
103.5252,7187541,rest
103.5291,8388607,rest
103.5307,1257630,rest
103.5317,-8388608,rest
103.5329,-8388608,rest
103.5336,6537146,rest
103.5359,8388607,rest
103.5417,2452706,rest
103.5556,-8388608,rest
103.5569,-8388608,rest
103.5588,5867649,rest
103.5711,8388607,rest
103.5718,3625237,rest
103.5726,-8388608,rest
103.5764,-8388608,rest
103.5795,5019132,rest
103.5850,8388607,rest
103.5913,4566752,rest
103.5915,-8388608,rest
103.5921,-8388608,rest
103.6006,4043482,rest
103.6015,8388607,rest
103.6024,5523078,rest
103.6035,-8388608,rest
103.6165,-8388608,rest
103.6171,2945760,rest
103.6179,8388607,rest
103.6188,6294589,rest
103.6220,-8388608,rest
103.6320,-8388608,rest
103.6419,1798931,rest
103.6484,8388607,rest
103.6496,7085646,rest
103.6506,-8388608,rest
103.6517,-8388608,rest
103.6524,670246,rest
103.6539,8388607,rest
103.6661,7866607,rest
103.6755,-8388608,rest
103.6769,-8388608,rest
103.6776,-478153,rest
103.6783,8388607,rest
103.6794,8388607,rest
103.6813,-,rest
103.6835,8388608,rest
103.6852,-,rest
103.6908,8388608,rest
103.6917,-1632182,rest
103.6928,838860,rest
103.6958,7,rest
103.6990,8388607,rest
103.7096,-8388608,rest
103.7162,-8388608,rest
103.7214,-2790551,rest
103.7238,8388607,rest
103.7266,8388607,rest
103.7290,-8388608,rest
103.7313,-8388608,rest
103.7324,-3707146,rest
103.7328,8388607,rest
103.7367,8388607,rest
103.7415,-8388608,rest
103.7442,-8388608,rest
103.7541,-4539823,rest
103.7551,8388607,rest
103.7572,8388607,rest
103.7614,-8388608,rest
103.7651,-8388608,rest
103.7695,-5306089,rest
103.7834,8388607,rest
103.7898,8388607,rest
103.7908,-8388608,rest
103.8008,-8388608,rest
103.8019,-6187680,rest
103.8029,8388607,rest
103.8038,8388607,rest
103.8047,-8388608,rest
103.8063,-8388608,rest
103.8075,-,rest
103.8149,6886405,rest
103.8209,8388607,rest
103.8255,8388607,rest
103.8261,-7898196,rest
103.8271,-8388608,rest
103.8278,-7585836,rest
103.8406,8388607,rest
103.8413,8388607,rest
103.8415,-7213216,rest
103.8450,-8388608,rest
103.8472,-8272876,rest
103.8524,8388607,rest
103.8584,8388607,rest
103.8677,-6409499,rest
103.8692,-8388608,rest
103.8703,-8388608,rest
103.8722,8388607,rest
103.8782,8388607,rest
103.8809,-5591610,rest
103.8841,-8388608,rest
103.8883,-8388608,rest
103.8938,8388607,rest
103.9006,8388607,rest
103.9017,-4697433,rest
103.9086,-8388608,rest
103.9143,-8388608,rest
103.9146,8388607,rest
103.9206,8388607,rest
103.9239,-3697088,rest
103.9336,-8388608,rest
103.9376,-8388608,rest
103.9418,8388607,rest
103.9446,8388607,rest
103.9457,-2524405,rest
103.9468,-8388608,rest
103.9490,-8388608,rest
103.9498,8388607,rest
103.9616,8388607,rest
103.9712,-1394149,rest
103.9724,-8388608,rest
103.9743,-8388608,rest
103.9746,8045275,rest
103.9749,8388607,rest
103.9902,-279136,rest
103.9933,-8388608,rest
103.9949,-8388608,rest
103.9957,7454238,rest
103.9964,8388607,rest
103.9988,957282,rest
104.0032,-8388608,rest
104.0070,-8388608,rest
104.0113,6769934,rest
104.0150,8388607,rest
104.0191,2136085,rest
104.0234,-8388608,rest
104.0319,-8388608,rest
104.0419,6081419,rest
104.0431,8388607,rest
104.0445,3228007,rest
104.0463,-8388608,rest
104.0484,-8388608,rest
104.0527,5318989,rest
104.0572,8388607,rest
104.0614,4280076,rest
104.0627,-,rest
104.0635,8388608,rest
104.0656,-,rest
104.0707,8388608,rest
104.0733,4359594,rest
104.0769,8388607,rest
104.0771,5196001,rest
104.0929,-8388608,rest
104.0973,-8388608,rest
104.0976,3295090,rest
104.0978,8388607,rest
104.0979,6058389,rest
104.1024,-8388608,rest
104.1063,-8388608,rest
104.1101,2113443,rest
104.1129,8388607,rest
104.1172,6869603,rest
104.1221,-8388608,rest
104.1264,-8388608,rest
104.1315,898562,rest
104.1335,8388607,rest
104.1376,7658933,rest
104.1449,-8388608,rest
104.1473,-8388608,rest
104.1516,-188750,rest
104.1564,8388607,rest
104.1605,8366071,rest
104.1638,-8388608,rest
104.1675,-8388608,rest
104.1712,-1468724,rest
104.1775,8388607,rest
104.1793,8388607,rest
104.1836,-8388608,rest
104.1874,-8388608,rest
104.1889,-,rest
104.1930,2580048,rest
104.1953,8388607,rest
104.1980,83,rest
104.2058,88607,rest
104.2061,-8388608,rest
104.2068,-8388608,rest
104.2092,-3569633,rest
104.2126,8388607,rest
104.2227,8388607,rest
104.2259,-8388608,rest
104.2273,-8388608,rest
104.2279,-4363828,rest
104.2316,8388607,rest
104.2372,8388607,rest
104.2410,-8388608,rest
104.2446,-8388608,rest
104.2482,-5137627,rest
104.2553,8388607,rest
104.2584,8388607,rest
104.2628,-8388608,rest
104.2651,-8388608,rest
104.2709,-5979066,rest
104.2742,8388607,rest
104.2804,8388607,rest
104.2823,-8388608,rest
104.2868,-8388608,rest
104.2915,-6612998,rest
104.2948,8388607,rest
104.2974,8388607,rest
104.3081,-8133524,rest
104.3114,-8388608,rest
104.3188,-7372382,rest
104.3235,8388607,rest
104.3270,8388607,rest
104.3273,-7589328,rest
104.3309,-8388608,rest
104.3312,-8040297,rest
104.3326,8388607,rest
104.3339,8388607,rest
104.3446,-6821320,rest
104.3486,-8388608,rest
104.3496,-8388608,rest
104.3517,8388607,rest
104.3558,8388607,rest
104.3681,-6163726,rest
104.3704,-8388608,rest
104.3805,-8388608,rest
104.3914,8388607,rest
104.3924,8388607,rest
104.3927,-5415479,rest
104.3934,-8388608,rest
104.3942,-8388608,rest
104.3948,8388607,rest
104.3954,8388607,rest
104.4004,-4565583,rest
104.4086,-8388608,rest
104.4093,-8388608,rest
104.4137,8388607,rest
104.4177,8388607,rest
104.4251,-3658620,rest
104.4333,-8388608,rest
104.4341,-8388608,rest
104.4349,8388607,rest
104.4368,8388607,rest
104.4424,-2660090,rest
104.4443,-,rest
104.4453,8388608,rest
104.4466,-,rest
104.4489,8388608,rest
104.4502,83,rest
104.4599,88607,rest
104.4606,8388607,rest
104.4614,-1652503,rest
104.4623,-8388608,rest
104.4678,-8388608,rest
104.4700,8388607,rest
104.4738,8388607,rest
104.4779,-816754,rest
104.4826,-8388608,rest
104.4873,-8388608,rest
104.4919,8074691,rest
104.5044,8388607,rest
104.5085,92386,rest
104.5114,-8388608,rest
104.5123,-8388608,rest
104.5131,7616877,rest
104.5145,8388607,rest
104.5186,924559,rest
104.5230,-8388608,rest
104.5275,-8388608,rest
104.5420,7114771,rest
104.5435,8388607,rest
104.5565,1748961,rest
104.5595,-8388608,rest
104.5692,-8388608,rest
104.5734,6586673,rest
104.5755,8388607,rest
104.5779,2682758,rest
104.5789,-8388608,rest
104.5797,-8388608,rest
104.5807,5953709,rest
104.5820,8388607,rest
104.5834,3638880,rest
104.5842,-8388608,rest
104.5860,-8388608,rest
104.5961,5344298,rest
104.6065,8388607,rest
104.6121,4470586,rest
104.6129,-8388608,rest
104.6136,-8388608,rest
104.6139,4542258,rest
104.6148,8388607,rest
104.6172,5223546,rest
104.6246,-8388608,rest
104.6256,-8388608,rest
104.6294,3769983,rest
104.6414,8388607,rest
104.6424,5963585,rest
104.6426,-8388608,rest
104.6463,-8388608,rest
104.6522,2867444,rest
104.6656,8388607,rest
104.6681,6734375,rest
104.6691,-8388608,rest
104.6716,-8388608,rest
104.6809,1908771,rest
104.6816,8388607,rest
104.6826,7537445,rest
104.6834,-8388608,rest
104.6899,-8388608,rest
104.6913,981454,rest
104.7003,8388607,rest
104.7022,8242003,rest
104.7024,-8388608,rest
104.7043,-8,rest
104.7078,388608,rest
104.7082,-4378,rest
104.7148,8388607,rest
104.7171,8388607,rest
104.7256,-8388608,rest
104.7312,-8388608,rest
104.7317,-992702,rest
104.7327,8388607,rest
104.7391,8388607,rest
104.7465,-8388608,rest
104.7505,-8388608,rest
104.7506,-2030576,rest
104.7594,8388607,rest
104.7629,8388607,rest
104.7640,-8388608,rest
104.7649,-8388608,rest
104.7689,-3148111,rest
104.7729,8388607,rest
104.7805,8388607,rest
104.7814,-8388608,rest
104.7885,-8388608,rest
104.7916,-4106487,rest
104.7968,8388607,rest
104.8028,8388607,rest
104.8036,-8388608,rest
104.8055,-8388608,rest
104.8114,-5066205,rest
104.8138,8388607,rest
104.8244,8388607,rest
104.8246,-8388608,rest
104.8298,-8388608,rest
104.8429,-5886637,rest
104.8541,8388607,rest
104.8581,8388607,rest
104.8607,-8388608,rest
104.8617,-8388608,rest
104.8627,-6634521,rest
104.8636,8388607,rest
104.8643,8388607,rest
104.8653,-8207064,rest
104.8665,-8388608,rest
104.8676,-7344002,rest
104.8753,8388607,rest
104.8828,8388607,rest
104.8854,-7545204,rest
104.8863,-8388608,rest
104.8876,-7952970,rest
104.8918,8388607,rest
104.8969,8388607,rest
104.8996,-6708393,rest
104.9074,-8388608,rest
104.9082,-8388608,rest
104.9132,8388607,rest
104.9224,8388607,rest
104.9243,-5958307,rest
104.9271,-8388608,rest
104.9286,-8388608,rest
104.9327,8388607,rest
104.9397,8388607,rest
104.9436,-5102513,rest
104.9457,-8388608,rest
104.9489,-8388608,rest
104.9527,8388607,rest
104.9571,8388607,rest
104.9588,-4,rest
104.9719,071566,rest
104.9731,-8388608,rest
104.9752,-8388608,rest
104.9804,8388607,rest
104.9860,8388607,rest
104.9862,-2932895,rest
104.9875,-8388608,rest
104.9884,-8388608,rest
104.9899,8388607,rest
105.0023,8388607,rest
105.0057,-1745169,rest
105.0068,-8388608,rest
105.0070,-8388608,rest
105.0112,8388607,rest
105.0187,8388607,rest
105.0232,-665846,rest
105.0243,-8388608,rest
105.0428,-8388608,rest
105.0449,8089399,rest
105.0502,8388607,rest
105.0508,450641,rest
105.0511,-8388608,rest
105.0516,-8388608,rest
105.0517,7373970,rest
105.0558,8388607,rest
105.0589,1533075,rest
105.0639,-8388608,rest
105.0671,-8388608,rest
105.0713,6628522,rest
105.0755,8388607,rest
105.0797,2694327,rest
105.0810,-,rest
105.0834,8388608,rest
105.0845,-,rest
105.0877,8388608,rest
105.0888,583,rest
105.0924,4660,rest
105.0937,838860,rest
105.0956,7,rest
105.0973,3859586,rest
105.0998,-8388608,rest
105.1044,-8388608,rest
105.1162,4953701,rest
105.1164,8388607,rest
105.1168,4884987,rest
105.1207,-8388608,rest
105.1247,-8388608,rest
105.1285,3951517,rest
105.1327,8388607,rest
105.1367,5810744,rest
105.1408,-8388608,rest
105.1451,-8388608,rest
105.1489,2872844,rest
105.1534,8388607,rest
105.1646,6750535,rest
105.1650,-8388608,rest
105.1655,-8388608,rest
105.1696,1757216,rest
105.1737,8388607,rest
105.1778,7647466,rest
105.1822,-8388608,rest
105.1860,-8388608,rest
105.1900,612063,rest
105.1943,8388607,rest
105.1982,8388607,rest
105.2025,-8388608,rest
105.2067,-8388608,rest
105.2085,-,rest
105.2104,609497,rest
105.2148,8388607,rest
105.2161,83,rest
105.2189,88607,rest
105.2205,-83886,rest
105.2228,08,rest
105.2242,-8388608,rest
105.2269,-1846613,rest
105.2312,8388607,rest
105.2352,8388607,rest
105.2395,-8388608,rest
105.2435,-8388608,rest
105.2476,-3073300,rest
105.2516,8388607,rest
105.2564,8388607,rest
