time_s,value,state
0.0034,65599,none
0.0056,65952,none
0.0094,66063,none
0.0136,66792,none
0.0178,67644,none
0.0223,68164,none
0.0265,6,none
0.0274,8269,none
0.0284,6838,none
0.0298,5,none
0.0314,68997,none
0.0339,69196,none
0.0382,69576,none
0.0421,70013,none
0.0468,70420,none
0.0502,70982,none
0.0550,71574,none
0.0625,71925,none
0.0628,71802,none
0.0705,73078,none
0.0735,73085,none
0.0871,73191,none
0.0901,73807,none
0.0931,74646,none
0.0992,74622,none
0.1027,74845,none
0.1030,75599,none
0.1036,75891,none
0.1057,75787,none
0.1077,76180,none
0.1182,77132,none
0.1183,77297,none
0.1198,78525,none
0.1239,78096,none
0.1401,78733,none
0.1402,79058,none
0.1403,79497,none
0.1404,80005,none
0.1482,80220,none
0.1487,80357,none
0.1528,80125,none
0.1543,809,none
0.1632,41,none
0.1682,82185,none
0.1729,81933,none
0.1730,82594,none
0.1740,82256,none
0.1830,83070,none
0.1874,83660,none
0.2009,83745,none
0.2145,84531,none
0.2193,84745,none
0.2204,85060,none
0.2222,84750,none
0.2249,85481,none
0.2263,85952,none
0.2356,86256,none
0.2377,86246,none
0.2427,86741,none
0.2437,87140,none
0.2459,87526,none
0.2469,87772,none
0.2505,87901,none
0.2507,88750,none
0.2583,88866,none
0.2596,89070,none
0.2611,89841,none
0.2627,90506,none
0.2642,90464,none
0.2665,90648,none
0.2693,91400,none
0.2729,91464,none
0.2774,91444,none
0.2807,91628,none
0.2829,921,none
0.2844,79,none
0.2875,93024,none
0.2888,93161,none
0.2943,93124,none
0.2977,93639,none
0.3021,93917,none
0.3057,94223,none
0.3102,94080,none
0.3147,95026,none
0.3166,95035,none
0.3208,95591,none
0.3280,95450,none
0.3311,96305,none
0.3348,96642,none
0.3390,96782,none
0.3432,96811,none
0.3467,97526,none
0.3509,97541,none
0.3552,98026,none
0.3603,98046,none
0.3640,98614,none
0.3668,99259,none
0.3716,98931,none
0.3753,99304,none
0.3794,99944,none
0.3839,99972,none
0.3878,100362,none
0.3920,101325,none
0.3969,100767,none
0.4001,101761,none
0.4049,101532,none
0.4078,101834,none
0.4103,10,none
0.4123,2117,none
0.4154,102866,none
0.4190,102632,none
0.4240,102892,none
0.4254,103310,none
0.4395,103620,none
0.4397,104091,none
0.4438,104637,none
0.4466,104302,none
0.4484,104335,none
0.4494,104982,none
0.4519,105175,none
0.4564,105212,none
0.4635,105650,none
0.4695,105548,none
0.4722,106668,none
0.4732,106566,none
0.4815,106619,none
0.4817,107180,none
0.4901,107251,none
0.4902,107779,none
0.5011,107644,none
0.5023,107851,none
0.5047,108072,none
0.5049,108510,none
0.5119,108874,none
0.5142,109067,none
0.5227,109582,none
0.5228,109447,none
0.5257,109469,none
0.5328,110137,none
0.5426,110509,none
0.5501,111190,none
0.5561,110734,none
0.5596,111667,none
0.5609,111699,none
0.5612,111206,none
0.5615,112190,none
0.5663,112324,none
0.5666,112182,none
0.5667,112566,none
0.5724,112750,none
0.5772,112873,none
0.5798,113256,none
0.5845,113546,none
0.5884,114051,none
0.5925,113889,none
0.5979,114202,none
0.6011,114639,none
0.6065,114839,none
0.6115,115001,none
0.6236,115367,none
0.6384,115186,none
0.6407,115613,none
0.6436,115717,none
0.6501,116366,none
0.6550,116343,none
0.6579,116596,none
0.6594,117015,none
0.6607,117037,none
0.6623,116778,none
0.6640,117138,none
0.6659,117877,none
0.6672,117565,none
0.6684,118222,none
0.6700,118005,none
0.6734,118670,none
0.6749,118934,none
0.6838,119011,none
0.6851,119754,none
0.6885,120069,none
0.6919,119682,none
0.7027,120065,none
0.7029,120162,none
0.7032,120196,none
0.7062,120570,none
0.7181,120972,none
0.7204,120852,none
0.7222,121344,none
0.7265,120804,none
0.7274,121244,none
0.7357,122240,none
0.7383,121610,none
0.7393,122442,none
0.7446,122458,none
0.7563,122474,none
0.7710,122486,none
0.7798,123070,none
0.7894,123129,none
0.7895,123459,none
0.7896,123604,none
0.7898,123438,none
0.7899,124214,none
0.7900,123718,none
0.7972,124454,none
0.8017,124348,none
0.8051,124690,none
0.8061,125387,none
0.8067,125305,none
0.8168,125481,none
0.8169,125086,none
0.8173,125312,none
0.8177,125672,none
0.8181,126274,none
0.8208,125946,none
0.8264,126317,none
0.8322,126426,none
0.8346,126302,none
0.8385,126794,none
0.8474,127333,none
0.8485,127008,none
0.8522,127370,none
0.8560,127392,none
0.8610,127579,none
0.8633,127971,none
0.8681,128320,none
0.8719,127940,none
0.8758,128432,none
0.8791,128558,none
0.8830,128796,none
0.8897,129236,none
0.8901,128987,none
0.8982,128915,none
0.8985,128997,none
0.9062,130017,none
0.9066,129926,none
0.9136,129593,none
0.9167,129693,none
0.9206,129996,none
0.9228,130398,none
0.9257,130283,none
0.9284,130723,none
0.9331,131156,none
0.9359,131930,none
0.9562,130885,none
0.9563,131634,none
0.9565,131523,none
0.9566,132165,none
0.9567,131746,none
0.9862,132348,none
0.9868,132476,none
0.9872,132384,none
0.9908,132587,none
0.9913,132969,none
0.9917,132502,none
0.9965,133106,none
1.0037,133142,none
1.0084,133096,none
1.0147,133468,none
1.0208,133361,none
1.0226,134066,none
1.0251,134239,none
1.0270,133802,none
1.0297,134038,none
1.0319,133703,none
1.0349,134171,none
1.0376,134160,none
1.0395,134688,none
1.0412,134978,none
1.0417,134984,none
1.0470,135182,none
1.0486,135,none
1.0511,585,none
1.0538,135284,none
1.0578,136249,none
1.0606,135573,none
1.0646,135534,none
1.0684,136421,none
1.0722,136265,none
1.0766,136113,none
1.0792,136310,none
1.0848,137263,none
1.0883,137067,none
1.0923,136754,none
1.0965,136946,none
1.1005,137018,none
1.1045,137359,none
1.1109,137829,none
1.1137,137603,none
1.1169,137388,none
1.1196,137825,none
1.1256,138399,none
1.1305,137962,none
1.1345,138401,none
1.1382,138395,none
1.1422,138554,none
1.1457,138451,none
1.1496,139367,none
1.1539,138825,none
1.1566,139240,none
1.1608,139470,none
1.1643,140103,none
1.1691,139125,none
1.1726,139690,none
1.1748,139,none
1.1798,839,none
1.1808,139584,none
1.1816,140308,none
1.1849,140292,none
1.1895,140005,none
1.1936,140836,none
1.2005,141036,none
1.2035,140854,none
1.2080,140909,none
1.2115,141275,none
1.2154,140740,none
1.2178,141295,none
1.2236,141073,none
1.2276,141799,none
1.2376,141892,none
1.2398,141578,none
1.2444,142427,none
1.2475,141567,none
1.2517,141885,none
1.2555,141708,none
1.2568,142732,none
1.2619,142133,none
1.2665,142044,none
1.2702,142733,none
1.2736,142911,none
1.2779,143050,none
1.2812,143004,none
1.2871,142912,none
1.2888,142877,none
1.2933,143585,none
1.2983,143163,none
1.3008,142978,none
1.3031,143,none
1.3047,750,none
1.3072,143953,none
1.3115,143526,none
1.3143,143624,none
1.3174,144230,none
1.3236,143999,none
1.3262,144296,none
1.3307,144230,none
1.3344,143694,none
1.3379,144328,none
1.3436,144961,none
1.3468,144343,none
1.3506,145345,none
1.3550,144608,none
1.3589,144774,none
1.3626,145088,none
1.3675,145268,none
1.3714,145453,none
1.3750,145593,none
1.3795,145643,none
1.3824,146130,none
1.3885,145465,none
1.3917,145656,none
1.3965,145644,none
1.4006,145774,none
1.4046,146340,none
1.4086,146471,none
1.4127,146550,none
1.4165,146510,none
1.4207,146959,none
1.4241,146563,none
1.4277,146720,none
1.4295,147,none
1.4316,483,none
1.4387,146771,none
1.4389,147402,none
1.4390,147055,none
1.4447,146836,none
1.4494,147774,none
1.4537,147581,none
1.4576,147385,none
1.4606,147554,none
1.4671,147886,none
1.4694,147414,none
1.4751,148016,none
1.4792,147070,none
1.4834,148236,none
1.4859,148150,none
1.4889,148119,none
1.4937,148673,none
1.4974,148455,none
1.5024,148602,none
1.5078,148344,none
1.5139,148703,none
1.5176,149128,none
1.5207,148847,none
1.5239,148987,none
1.5272,149205,none
1.5313,149532,none
1.5334,149890,none
1.5396,149322,none
1.5454,149477,none
1.5471,149707,none
1.5523,149692,none
1.5552,149938,none
1.5565,14,none
1.5604,9707,none
1.5620,149209,none
1.5638,150417,none
1.5667,149878,none
1.5719,149962,none
1.5761,150467,none
1.5798,150354,none
1.5833,150477,none
1.5883,150573,none
1.5926,150469,none
1.5982,150512,none
1.6025,150721,none
1.6049,151013,none
1.6068,151007,none
1.6109,151160,none
1.6230,151197,none
1.6233,151224,none
1.6236,151509,none
1.6353,150974,none
1.6386,151585,none
1.6388,151653,none
1.6422,152002,none
1.6453,152180,none
1.6508,151572,none
1.6526,152440,none
1.6574,151911,none
1.6607,151513,none
1.6652,151927,none
1.6711,152030,none
1.6729,151970,none
1.6800,151956,none
1.6879,152882,none
1.6882,152909,none
1.6885,152402,none
1.6897,152715,none
1.6941,152878,none
1.7050,152784,none
1.7052,152817,none
1.7053,152915,none
1.7092,153070,none
1.7197,153336,none
1.7197,153120,none
1.7332,153578,none
1.7451,153431,none
1.7452,153136,none
1.7462,153090,none
1.7466,153336,none
1.7466,153607,none
1.7479,153791,none
1.7500,153508,none
1.7544,153898,none
1.7590,153967,none
1.7759,153811,none
1.7762,154501,none
1.7763,153858,none
1.7767,154371,none
1.7791,154351,none
1.7830,154099,none
1.7899,154628,none
1.7922,154451,none
1.8040,155005,none
1.8053,154336,none
1.8064,154708,none
1.8073,154718,none
1.8100,1,none
1.8186,54664,none
1.8217,154896,none
1.8226,154749,none
1.8319,154882,none
1.8322,155044,none
1.8322,155285,none
1.8353,155311,none
1.8376,155420,none
1.8457,155146,none
1.8460,155491,none
1.8534,154990,none
1.8559,155665,none
1.8633,155762,none
1.8717,155765,none
1.8737,155360,none
1.8775,155802,none
1.8776,155473,none
1.8833,155686,none
1.8835,156109,none
1.8876,155588,none
1.8908,155538,none
1.9018,155814,none
1.9020,155901,none
1.9022,156141,none
1.9061,156093,none
1.9227,155899,none
1.9232,156261,none
1.9315,156820,none
1.9393,156590,none
1.9547,156389,none
1.9661,156507,none
1.9662,156772,none
1.9664,156573,none
1.9712,156986,none
1.9713,156918,none
1.9741,156401,none
1.9752,157171,none
1.9771,157039,none
1.9858,156875,none
1.9892,157146,none
1.9937,157105,none
1.9977,157506,none
1.9981,156861,none
1.9986,157448,none
2.0042,157327,none
2.0056,157697,none
2.0057,157846,none
2.0060,157523,none
2.0220,157180,none
2.0221,157834,none
2.0222,157703,none
2.0223,157361,none
2.0224,157832,none
2.0269,157442,none
2.0351,157585,none
2.0389,158041,none
2.0391,158502,none
2.0481,158120,none
2.0518,157990,none
2.0542,158270,none
2.0564,157928,none
2.0571,158560,none
2.0578,158150,none
2.0675,158066,none
2.0696,158134,none
2.0718,158548,none
2.0765,158805,none
2.0859,158765,none
2.0885,158082,none
2.0887,158407,none
2.0888,158472,none
2.0960,158642,none
2.0984,158554,none
2.0995,159273,none
2.1065,158818,none
2.1190,159074,none
2.1225,158775,none
2.1326,159544,none
2.1333,159369,none
2.1340,159693,none
2.1346,159078,none
2.1353,159456,none
2.1359,159143,none
2.1445,159496,none
2.1467,159002,none
2.1500,159764,none
2.1531,158924,none
2.1567,159066,none
2.1638,159637,none
2.1671,159780,none
2.1706,159987,none
2.1723,159458,none
2.1775,159797,none
2.1813,159741,none
2.1867,160373,none
2.1911,159450,none
2.1939,160014,none
2.1967,1597,none
2.1977,59,none
2.2006,160317,none
2.2026,160364,none
2.2074,160239,none
2.2128,159989,none
2.2143,159947,none
2.2217,160144,none
2.2219,160545,none
2.2261,159903,none
2.2335,160555,none
2.2419,160345,none
2.2441,160822,none
2.2450,160322,none
2.2471,160814,none
2.2560,160341,none
2.2593,161027,none
2.2614,160751,none
2.2651,160352,none
2.2699,160886,none
2.2726,160377,none
2.2775,160356,none
2.2841,160795,none
2.2849,160667,none
2.2896,160897,none
2.2940,161945,none
2.2969,161330,none
2.3051,160853,none
2.3053,160929,none
2.3097,161370,none
2.3130,160777,none
2.3177,160777,none
2.3230,161263,none
2.3254,161468,none
2.3282,161106,none
2.3313,161131,none
2.3342,161424,none
2.3371,161106,none
2.3416,161396,none
2.3453,161193,none
2.3516,161772,none
2.3528,161572,none
2.3609,161879,none
2.3619,161880,none
2.3647,161785,none
2.3689,162325,none
2.3762,161224,none
2.3787,161935,none
2.3830,161810,none
2.3861,162177,none
2.3933,161944,none
2.3967,161862,none
2.4007,162346,none
2.4030,161940,none
2.4057,162312,none
2.4135,162205,none
2.4178,162398,none
2.4199,162084,none
2.4239,162151,none
2.4277,162557,none
2.4315,161998,none
2.4365,162964,none
2.4422,162292,none
2.4451,162878,none
2.4510,162377,none
2.4524,162271,none
2.4548,162257,none
2.4567,162111,none
2.4612,162630,none
2.4662,162412,none
2.4688,162271,none
2.4862,162352,none
2.4885,162229,none
2.4919,162501,none
2.4948,162438,none
2.4967,163199,none
2.4995,162638,none
2.5031,162920,none
2.5050,162914,none
2.5071,162845,none
2.5084,163005,none
2.5210,163498,none
2.5235,163267,none
2.5266,163410,none
2.5287,163665,none
2.5291,163158,none
2.5345,163425,none
2.5388,163440,none
2.5436,163446,none
2.5470,163666,none
2.5506,163749,none
2.5532,163273,none
2.5613,163751,none
2.5651,163261,none
2.5695,163306,none
2.5732,163274,none
2.5761,163625,none
2.5798,163961,none
2.5819,163533,none
2.5882,163818,none
2.5900,163412,none
2.5916,163871,none
2.5966,163437,none
2.6010,163879,none
2.6055,163596,none
2.6079,163371,none
2.6130,164310,none
2.6150,164020,none
2.6197,164112,none
2.6235,164458,none
2.6283,163901,none
2.6345,164026,none
2.6350,164238,none
2.6430,163863,none
2.6451,164373,none
2.6470,163767,none
2.6574,164399,none
2.6578,163922,none
2.6593,164256,none
2.6643,164108,none
2.6698,164346,none
2.6727,164525,none
2.6762,164005,none
2.6866,164172,none
2.6868,163937,none
2.6888,164264,none
2.6940,164384,none
2.7010,164175,none
2.7012,164919,none
2.7031,164,none
2.7044,339,none
2.7055,16435,none
2.7093,0,none
2.7100,164694,none
2.7145,164677,none
2.7174,164340,none
2.7232,164240,none
2.7266,164199,none
2.7317,164524,none
2.7383,164656,none
2.7404,164822,none
2.7426,164143,none
2.7459,165293,none
2.7497,164436,none
2.7553,164573,none
2.7599,164796,none
2.7659,164703,none
2.7680,164467,none
2.7710,164618,none
2.7743,165213,none
2.7848,164354,none
2.7855,164468,none
2.7867,164965,none
2.7951,165147,none
2.7985,164813,none
2.8003,165294,none
2.8060,165139,none
2.8130,165210,none
2.8135,164944,none
2.8164,165393,none
2.8214,165030,none
2.8269,164988,none
2.8298,165284,none
2.8313,16,none
2.8329,5073,none
2.8361,165219,none
2.8384,165398,none
2.8400,165282,none
2.8444,165113,none
2.8540,165321,none
2.8547,165074,none
2.8567,165368,none
2.8615,165092,none
2.8674,165600,none
2.8691,165576,none
2.8725,165753,none
2.8831,165559,none
2.8835,165534,none
2.8885,165767,none
2.8947,165909,none
2.8965,165521,none
2.8969,165250,none
2.9012,165714,none
2.9051,165284,none
2.9105,165417,none
2.9221,165658,none
2.9255,166031,none
2.9275,165426,none
2.9295,165816,none
2.9318,166145,none
2.9358,165431,none
2.9381,165695,none
2.9419,165434,none
2.9460,166020,none
2.9531,165969,none
2.9555,165654,none
2.9571,16,none
2.9636,5879,none
2.9654,165573,none
2.9676,165260,none
2.9721,166488,none
2.9760,165943,none
2.9793,166154,none
2.9821,165850,none
2.9859,166081,none
2.9879,165861,none
2.9934,165744,none
2.9987,165832,none
3.0011,165699,none
3.0062,165817,none
3.0095,166312,none
3.0143,166482,none
3.0258,165709,none
3.0283,166276,none
3.0308,166156,none
3.0334,166332,none
3.0349,166217,none
3.0379,166471,none
3.0419,166120,none
3.0459,166016,none
3.0508,166341,none
3.0532,166051,none
3.0591,166273,none
3.0634,166368,none
3.0669,165934,none
3.0708,166176,none
3.0752,165682,none
3.0906,166329,none
3.0924,166828,none
3.0948,166866,none
3.0965,166943,none
3.0986,165859,none
3.1006,166514,none
3.1022,166049,none
3.1050,166332,none
3.1075,166438,none
3.1121,166257,none
3.1223,166591,none
3.1240,166515,none
3.1269,166274,none
3.1287,167078,none
3.1322,166683,none
3.1365,166306,none
3.1422,166545,none
3.1445,166729,none
3.1489,166424,none
3.1533,166158,none
3.1570,167048,none
3.1604,166189,none
3.1652,166552,none
3.1739,167017,none
3.1757,166388,none
3.1778,167439,none
3.1818,166658,none
3.1866,166758,none
3.1891,167447,none
3.1976,167279,none
3.1998,166691,none
3.2023,167001,none
3.2055,167066,none
3.2086,166965,none
3.2102,1,none
3.2147,66970,none
3.2173,166656,none
3.2213,166696,none
3.2214,166793,none
3.2270,167353,none
3.2323,166390,none
3.2398,166999,none
3.2402,167778,none
3.2429,166738,none
3.2502,166915,none
3.2548,167116,none
3.2573,167273,none
3.2595,167175,none
3.2645,167039,none
3.2688,167049,none
3.2725,166960,none
3.2766,167412,none
3.2810,167682,none
3.2836,166828,none
3.2884,166909,none
3.2934,167436,none
3.2979,167392,none
3.3004,167111,none
3.3039,167923,none
3.3090,167695,none
3.3122,167474,none
3.3166,167799,none
3.3198,167145,none
3.3238,167279,none
3.3331,167219,none
3.3392,167488,none
3.3420,167078,none
3.3436,167418,none
3.3486,166964,none
3.3543,167552,none
3.3555,167391,none
3.3585,167800,none
3.3603,167376,none
3.3621,167914,none
3.3705,167649,none
3.3734,167610,none
3.3769,167346,none
3.3881,167480,none
3.3889,167415,none
3.3937,167845,none
3.3956,167784,none
3.3962,168061,none
3.3971,167505,none
3.4012,167435,none
3.4074,167592,none
3.4110,167755,none
3.4150,167838,none
3.4197,167382,none
3.4215,167920,none
3.4257,167644,none
3.4375,167708,none
3.4376,167962,none
3.4377,168028,none
3.4447,168011,none
3.4495,167817,none
3.4517,167940,none
3.4564,167978,none
3.4585,167949,none
3.4661,167736,none
3.4684,167332,none
3.4724,168452,none
3.4748,168104,none
3.4776,167970,none
3.4815,168159,none
3.4846,168073,none
3.4876,168016,none
3.4911,167950,none
3.4992,167615,none
3.4995,168383,none
3.5051,167568,none
3.5159,168067,none
3.5160,168056,none
3.5164,168100,none
3.5216,167950,none
3.5280,167925,none
3.5310,168584,none
3.5338,168142,none
3.5403,168587,none
3.5411,168049,none
3.5442,167609,none
3.5555,168191,none
3.5559,168076,none
3.5564,168180,none
3.5627,168229,none
3.5661,168264,none
3.5727,168752,none
3.5729,168095,none
3.5843,167857,none
3.5891,168346,none
3.5899,167920,none
3.5979,168226,none
3.5980,168335,none
3.6009,168476,none
3.6023,168164,none
3.6026,167933,none
3.6111,167954,none
3.6121,168445,none
3.6153,168179,none
3.6219,168063,none
3.6226,168713,none
3.6264,168348,none
3.6322,167999,none
3.6383,168234,none
3.6393,168169,none
3.6446,168191,none
3.6552,168105,none
3.6582,168000,none
3.6585,168187,none
3.6693,168448,none
3.6695,168657,none
3.6696,168330,none
3.6710,168225,none
3.6750,168140,none
3.6792,168907,none
3.6837,168783,none
3.6882,168251,none
3.6939,168537,none
3.6976,168617,none
3.7007,168936,none
3.7041,168937,none
3.7120,168209,none
3.7141,168354,none
3.7173,168216,none
3.7217,168124,none
3.7262,167850,none
3.7277,16812,none
3.7291,4,none
3.7294,168248,none
3.7378,169007,none
3.7379,168679,none
3.7417,168352,none
3.7492,168600,none
3.7500,168949,none
3.7531,168438,none
3.7582,168165,none
3.7696,169151,none
3.7708,168280,none
3.7709,168616,none
3.7745,169029,none
3.7852,169290,none
3.7854,168873,none
3.7858,168756,none
3.7949,169055,none
3.7993,168737,none
3.7995,168686,none
3.8028,169195,none
3.8114,168651,none
3.8128,168527,none
3.8158,168539,none
3.8212,168381,none
3.8267,168999,none
3.8269,169069,none
3.8308,169317,none
3.8376,169214,none
3.8404,169052,none
3.8444,168880,none
3.8544,168412,none
3.8545,168682,none
3.8559,169135,none
3.8579,168601,none
3.8695,168781,none
3.8699,168813,none
3.8701,168941,none
3.8719,168990,none
3.8798,169017,none
3.8815,169116,none
3.8846,168809,none
3.8888,169193,none
3.8924,168720,none
3.8965,168840,none
3.9041,169081,none
3.9045,169048,none
3.9095,168842,none
3.9128,169243,none
3.9213,169043,none
3.9214,168963,none
3.9266,169065,none
3.9359,169000,none
3.9408,168572,none
3.9439,169309,none
3.9507,168944,none
3.9517,168630,none
3.9540,169052,none
3.9541,169132,none
3.9579,168981,none
3.9673,169173,none
3.9676,168773,none
3.9708,168868,none
3.9770,169025,none
3.9780,1,none
3.9783,68809,none
3.9852,169359,none
3.9876,169534,none
3.9878,169440,none
3.9959,169057,none
3.9962,169782,none
3.9996,169195,none
4.0046,168864,none
4.0088,169078,none
4.0152,169606,none
4.0196,169577,none
4.0208,169403,none
4.0238,169058,none
4.0306,168654,none
4.0343,169287,none
4.0365,169255,none
4.0424,169276,none
4.0485,169195,none
4.0487,169030,none
4.0541,169152,none
4.0618,169090,none
4.0622,169101,none
4.0652,169314,none
4.0716,169046,none
4.0755,169026,none
4.0766,169537,none
4.0812,168711,none
4.0884,169647,none
4.0891,169179,none
4.0973,169157,none
4.1017,169490,none
4.1045,169539,none
4.1053,169314,none
4.1075,1695,none
4.1109,52,none
4.1174,169436,none
4.1185,169671,none
4.1205,169052,none
4.1240,169101,none
4.1299,168861,none
4.1319,169478,none
4.1358,169483,none
4.1433,169260,none
4.1464,169337,none
4.1466,169553,none
4.1613,169621,none
4.1615,169233,none
4.1618,169337,none
4.1645,169126,none
4.1706,169332,none
4.1707,169411,none
4.1779,169874,none
4.1804,169413,none
4.1875,169564,none
4.1876,169652,none
4.1957,169594,none
4.1992,169721,none
4.2035,169614,none
4.2037,169288,none
4.2151,169790,none
4.2179,170060,none
4.2181,169241,none
4.2202,169363,none
4.2284,169269,none
4.2316,169681,none
4.2347,169686,none
4.2373,1697,none
4.2374,32,none
4.2389,170046,none
4.2460,169389,none
4.2461,169748,none
4.2528,170030,none
4.2532,169716,none
4.2597,169717,none
4.2612,169651,none
4.2658,169737,none
4.2708,169471,none
4.2761,170123,none
4.2814,169070,none
4.2843,169629,none
4.2886,169948,none
4.2948,169462,none
4.2997,169139,none
4.3060,169616,none
4.3108,169905,none
4.3137,169287,none
4.3192,169358,none
4.3230,169540,none
4.3327,169447,none
4.3367,169986,none
4.3376,169635,none
4.3378,169199,none
4.3401,169630,none
4.3422,169394,none
4.3578,169448,none
4.3595,169859,none
4.3691,170224,none
4.3715,169353,none
4.3751,169752,none
4.3780,169870,none
4.3819,169968,none
4.3854,169708,none
4.3859,170022,none
4.3871,169880,none
4.3873,169883,none
4.3874,170117,none
4.3890,169703,none
4.3997,169416,none
4.4012,169823,none
4.4087,170185,none
4.4121,170050,none
4.4151,169053,none
4.4179,169821,none
4.4206,169823,none
4.4207,169618,none
4.4309,169763,none
4.4345,169711,none
4.4376,169680,none
4.4398,169493,none
4.4612,169371,none
4.4636,169779,none
4.4676,169680,none
4.4703,169897,none
4.4704,169736,none
4.4705,169503,none
4.4706,169314,none
4.4706,169891,none
4.4785,169868,none
4.4845,169880,none
4.4878,169526,none
4.4881,169388,none
4.4942,169881,none
4.5036,169873,none
4.5037,170122,none
4.5038,169711,none
4.5040,170138,none
4.5097,169981,none
4.5123,169860,none
4.5154,169873,flicker
4.5189,169964,flicker
4.5233,169899,flicker
4.5272,170390,flicker
4.5323,170252,flicker
4.5354,170203,flicker
4.5393,170016,flicker
4.5437,169624,flicker
4.5475,170397,flicker
4.5516,170478,flicker
4.5557,169636,flicker
4.5598,170515,flicker
4.5639,169878,flicker
4.5680,170019,flicker
4.5721,170412,flicker
4.5761,170196,flicker
4.5802,169590,flicker
4.5843,169841,flicker
4.5886,169508,flicker
4.5925,170009,flicker
4.5966,169633,flicker
4.6007,170242,flicker
4.6049,169803,flicker
4.6091,170103,flicker
4.6130,169936,flicker
4.6146,16,flicker
4.6171,9918,flicker
4.6183,16988,flicker
4.6212,5,flicker
4.6215,170227,flicker
4.6256,170379,flicker
4.6294,170679,flicker
4.6335,169803,flicker
4.6376,170345,flicker
4.6424,170386,flicker
4.6458,170113,flicker
4.6499,170166,flicker
4.6540,170351,flicker
4.6585,170153,flicker
4.6622,170277,flicker
4.6662,170134,flicker
4.6703,170231,flicker
4.6746,170074,flicker
4.6786,169923,flicker
4.6827,170018,flicker
4.6869,170140,flicker
4.6910,7006,flicker
4.6952,170455,flicker
4.6991,169857,flicker
4.7032,170014,flicker
4.7086,70547,flicker
4.7114,170514,flicker
4.7155,169929,flicker
4.7196,170493,flicker
4.7238,7,flicker
4.7279,169988,flicker
4.7319,170037,flicker
4.7360,170202,flicker
4.7401,7024,flicker
4.7441,0822,flicker
4.7454,17053,flicker
4.7482,7,flicker
4.7483,169970,flicker
4.7523,170509,flicker
4.7568,75,flicker
4.7605,170307,flicker
4.7646,170186,flicker
4.7687,170123,flicker
4.7728,170312,flicker
4.7769,170262,flicker
4.7809,170346,flicker
4.7851,170015,flicker
4.7891,170501,flicker
4.7932,170150,flicker
4.7973,170494,flicker
4.8014,170510,flicker
4.8057,170281,flicker
4.8103,170659,flicker
4.8140,170318,flicker
4.8180,170009,flicker
4.8219,170438,flicker
4.8262,169961,flicker
4.8301,170457,flicker
4.8342,170553,flicker
4.8385,170113,flicker
4.8429,170169,flicker
4.8465,169577,flicker
4.8505,169972,flicker
4.8549,170012,flicker
4.8593,169777,flicker
4.8629,170530,flicker
4.8670,170273,flicker
4.8681,1,flicker
4.8711,69775,flicker
4.8730,1703,flicker
4.8754,27,flicker
4.8764,170373,flicker
4.8792,170177,flicker
4.8833,170154,flicker
4.8875,170150,flicker
4.8919,170440,flicker
4.8956,170084,flicker
4.8997,170117,flicker
4.9038,170769,flicker
4.9080,170144,flicker
4.9121,170215,flicker
4.9161,170232,flicker
4.9202,170115,flicker
4.9250,170203,flicker
4.9285,170510,flicker
4.9325,170431,flicker
4.9367,170505,flicker
4.9426,73,flicker
4.9452,170226,flicker
4.9489,169919,flicker
4.9530,170374,flicker
4.9572,69999,flicker
4.9613,170305,flicker
4.9652,170487,flicker
4.9696,169862,flicker
4.9737,7,flicker
4.9776,170521,flicker
4.9816,169932,flicker
4.9857,170211,flicker
4.9911,170,flicker
4.9941,170576,flicker
4.9955,1,flicker
4.9981,69863,flicker
4.9996,1701,flicker
5.0022,99,flicker
5.0035,170654,flicker
5.0063,170134,flicker
5.0103,170756,flicker
5.0144,170384,flicker
5.0185,170556,flicker
5.0226,170954,flicker
5.0267,170474,flicker
5.0308,170271,flicker
5.0349,170420,flicker
5.0390,170349,flicker
5.0431,170182,flicker
5.0473,170798,flicker
5.0513,169869,flicker
5.0554,170783,flicker
5.0596,170532,flicker
5.0636,170817,flicker
5.0677,170140,flicker
5.0718,170531,flicker
5.0762,169995,flicker
5.0800,170195,flicker
5.0841,170238,flicker
5.0883,170212,flicker
5.0925,170323,flicker
5.0963,170382,flicker
5.1004,170794,flicker
5.1046,170055,flicker
5.1093,170325,flicker
5.1127,171220,flicker
5.1168,170323,flicker
5.1212,170618,flicker
5.1222,1,flicker
5.1252,70688,flicker
5.1266,1705,flicker
5.1291,98,flicker
5.1304,170471,flicker
5.1332,170659,flicker
5.1373,170451,flicker
5.1415,170386,flicker
5.1455,170325,flicker
5.1496,170246,flicker
5.1537,170365,flicker
5.1578,170655,flicker
5.1619,170498,flicker
5.1659,170259,flicker
5.1700,170422,flicker
5.1746,170725,flicker
5.1782,170811,flicker
5.1823,170294,flicker
5.1866,170148,flicker
5.1908,70082,flicker
5.1946,170414,flicker
5.1987,169952,flicker
5.2028,170561,flicker
5.2080,704,flicker
5.2110,170488,flicker
5.2151,170334,flicker
5.2192,170329,flicker
5.2234,704,flicker
5.2275,170293,flicker
5.2315,170477,flicker
5.2356,170555,flicker
5.2410,70317,flicker
5.2441,170146,flicker
5.2479,170625,flicker
5.2520,170725,flicker
5.2531,170,flicker
5.2562,238,flicker
5.2577,73,flicker
5.2608,170651,flicker
5.2642,170866,flicker
5.2683,170601,flicker
5.2728,170,flicker
5.2771,170868,flicker
5.2807,170547,flicker
5.2847,170102,flicker
5.2889,170109,flicker
5.2929,170874,flicker
5.2970,170333,flicker
5.3011,171246,flicker
5.3053,170837,flicker
5.3093,170735,flicker
5.3134,170180,flicker
5.3175,170594,flicker
5.3216,170792,flicker
5.3257,170736,flicker
5.3298,170709,flicker
5.3339,170261,flicker
5.3380,171051,flicker
5.3423,170101,flicker
5.3462,171251,flicker
5.3503,170496,flicker
5.3545,170846,flicker
5.3588,170842,flicker
5.3626,170642,flicker
5.3666,170826,flicker
5.3709,170352,flicker
5.3750,170803,flicker
5.3789,170476,flicker
5.3801,170,flicker
5.3830,622,flicker
5.3841,170122,flicker
5.3873,170597,flicker
5.3915,170744,flicker
5.3955,170339,flicker
5.3994,170396,flicker
5.4035,170182,flicker
5.4078,170443,flicker
5.4117,170690,flicker
5.4158,169907,flicker
5.4199,170832,flicker
5.4245,170963,flicker
5.4284,170546,flicker
5.4322,170454,flicker
5.4364,170449,flicker
5.4419,70,flicker
5.4451,170748,flicker
5.4485,170876,flicker
5.4526,170941,flicker
5.4582,71,flicker
5.4615,170560,flicker
5.4649,170622,flicker
5.4690,170265,flicker
5.4732,7106,flicker
5.4791,171218,flicker
5.4814,170287,flicker
5.4855,171270,flicker
5.4912,709,flicker
5.4955,170578,flicker
5.4977,171314,flicker
5.5018,170838,flicker
5.5061,146,flicker
5.5063,7,flicker
5.5102,0626,flicker
5.5112,17124,flicker
5.5141,6,flicker
5.5142,170820,flicker
5.5182,170667,flicker
5.5237,17080,flicker
5.5268,170966,flicker
5.5305,170522,flicker
5.5346,170660,flicker
5.5387,170497,flicker
5.5431,170403,flicker
5.5468,170815,flicker
5.5509,171182,flicker
5.5551,170841,flicker
5.5597,170682,flicker
5.5632,170934,flicker
5.5673,170798,flicker
5.5716,170328,flicker
5.5755,170192,flicker
5.5796,170763,flicker
5.5837,170723,flicker
5.5880,171140,flicker
5.5922,170626,flicker
5.5960,170616,flicker
5.6001,170247,flicker
5.6043,170753,flicker
5.6084,170654,flicker
5.6124,170929,flicker
5.6165,171055,flicker
5.6206,171054,flicker
5.6247,171046,flicker
5.6288,170949,flicker
5.6329,171270,flicker
5.6345,17,flicker
5.6370,1023,flicker
5.6390,17098,flicker
5.6416,7,flicker
5.6418,170783,flicker
5.6452,170667,flicker
5.6493,170524,flicker
5.6534,170787,flicker
5.6578,171545,flicker
5.6616,171287,flicker
5.6657,170598,flicker
5.6697,170647,flicker
5.6750,796,flicker
5.6780,170201,flicker
5.6820,171001,flicker
5.6862,170696,flicker
5.6907,171075,flicker
5.6943,171000,flicker
5.6985,170650,flicker
5.7026,170528,flicker
5.7079,7092,flicker
5.7107,170909,flicker
5.7148,171081,flicker
5.7189,170841,flicker
5.7231,70499,flicker
5.7277,171371,flicker
5.7312,171399,flicker
5.7353,171172,flicker
5.7395,70657,flicker
5.7440,170825,flicker
5.7476,170688,flicker
5.7517,171012,flicker
5.7572,044,flicker
5.7599,170691,flicker
5.7609,17,flicker
5.7640,0696,flicker
5.7654,17083,flicker
5.7681,5,flicker
5.7692,171277,flicker
5.7723,171037,flicker
5.7763,170983,flicker
5.7804,170846,flicker
5.7846,170742,flicker
5.7886,170807,flicker
5.7926,170961,flicker
5.7967,170932,flicker
5.8008,171173,flicker
5.8050,171241,flicker
5.8091,170998,flicker
5.8131,170757,flicker
5.8172,170714,flicker
5.8215,170521,flicker
5.8256,170799,flicker
5.8295,170555,flicker
5.8337,170876,flicker
5.8377,170660,flicker
5.8420,170988,flicker
5.8460,171067,flicker
5.8500,171374,flicker
5.8541,171059,flicker
5.8584,171434,flicker
5.8623,170881,flicker
5.8664,171158,flicker
5.8707,170605,flicker
5.8751,171131,flicker
5.8786,170720,flicker
5.8827,170797,flicker
5.8869,170642,flicker
5.8882,1,flicker
5.8911,71287,flicker
5.8926,1704,flicker
5.8951,13,flicker
5.8965,171120,flicker
5.8992,170995,flicker
5.9032,170861,flicker
5.9078,170728,flicker
5.9115,170687,flicker
5.9156,170971,flicker
5.9196,170461,flicker
5.9251,17061,flicker
5.9279,171317,flicker
5.9320,170997,flicker
5.9361,170651,flicker
5.9403,7036,flicker
5.9449,170671,flicker
5.9482,170664,flicker
5.9523,170549,flicker
5.9579,7109,flicker
5.9606,170514,flicker
5.9646,171193,flicker
5.9687,171058,flicker
5.9748,7031,flicker
5.9771,171222,flicker
5.9812,171344,flicker
5.9851,170909,flicker
5.9904,709,flicker
5.9942,170829,flicker
5.9974,170803,flicker
6.0016,170521,flicker
6.0068,58,flicker
6.0099,170838,flicker
6.0139,170632,flicker
6.0151,1,flicker
6.0180,70864,flicker
6.0194,1710,flicker
6.0221,95,flicker
6.0234,170438,flicker
6.0261,170902,flicker
6.0302,171219,flicker
6.0343,170688,flicker
6.0385,170847,flicker
6.0425,170927,flicker
6.0465,170380,flicker
6.0506,171037,flicker
6.0548,171398,flicker
6.0589,170996,flicker
6.0630,170949,flicker
6.0671,170904,flicker
6.0712,171383,flicker
6.0753,170732,flicker
6.0794,171029,flicker
6.0836,170715,flicker
6.0875,170640,flicker
6.0919,170709,flicker
6.0957,170838,flicker
6.0998,171097,flicker
6.1041,170569,flicker
6.1086,171163,flicker
6.1121,171084,flicker
6.1162,171070,flicker
6.1203,170994,flicker
6.1249,171078,flicker
6.1286,170593,flicker
6.1326,171154,flicker
6.1367,170755,flicker
6.1412,170980,flicker
6.1422,1,flicker
6.1449,70699,flicker
6.1462,1711,flicker
6.1490,95,flicker
6.1500,170516,flicker
6.1531,170932,flicker
6.1574,170886,flicker
6.1612,171526,flicker
6.1654,170978,flicker
6.1695,171159,flicker
6.1756,17051,flicker
6.1777,170193,flicker
6.1818,170587,flicker
6.1860,170370,flicker
6.1901,17080,flicker
6.1940,171015,flicker
6.1981,171117,flicker
6.2022,171372,flicker
6.2065,7073,flicker
6.2128,171066,flicker
6.2145,170129,flicker
6.2186,170871,flicker
6.2229,719,flicker
6.2273,170842,flicker
6.2316,170181,flicker
6.2349,171058,flicker
6.2403,7104,flicker
6.2434,171351,flicker
6.2476,170881,flicker
6.2513,171277,flicker
6.2556,2,flicker
6.2605,171420,flicker
6.2637,171241,flicker
6.2677,170999,flicker
6.2692,1,flicker
6.2719,71253,flicker
6.2735,1707,flicker
6.2760,69,flicker
6.2773,171169,flicker
6.2801,170999,flicker
6.2841,171120,flicker
6.2883,171017,flicker
6.2924,170876,flicker
6.2964,170762,flicker
6.3005,170782,flicker
6.3047,171044,flicker
6.3091,170858,flicker
6.3128,171173,flicker
6.3169,171167,flicker
6.3210,170711,flicker
6.3254,170926,flicker
6.3292,171053,flicker
6.3333,171058,flicker
6.3374,170598,flicker
6.3421,171495,flicker
6.3455,170449,flicker
6.3496,170414,flicker
6.3538,171496,flicker
6.3580,170791,flicker
6.3620,171197,flicker
6.3661,171140,flicker
6.3701,171457,flicker
6.3747,170843,flicker
6.3783,171357,flicker
6.3825,171044,flicker
6.3865,170720,flicker
6.3911,170879,flicker
6.3947,171221,flicker
6.3988,171412,flicker
6.4000,170,flicker
6.4029,531,flicker
6.4042,170600,flicker
6.4075,170784,flicker
6.4111,170519,flicker
6.4152,170839,flicker
6.4193,170870,flicker
6.4238,171161,flicker
6.4275,171372,flicker
6.4316,171291,flicker
6.4357,171648,flicker
6.4401,170783,flicker
6.4439,170845,flicker
6.4480,171089,flicker
6.4521,170903,flicker
6.4576,70933,flicker
6.4606,170654,flicker
6.4643,170795,flicker
6.4685,170751,flicker
6.4726,70533,flicker
6.4771,171294,flicker
6.4807,171225,flicker
6.4848,170837,flicker
6.4890,705,flicker
6.4935,171074,flicker
6.4974,170584,flicker
6.5012,170812,flicker
6.5063,702,flicker
6.5102,170848,flicker
6.5135,170896,flicker
6.5176,170657,flicker
6.5217,170788,flicker
6.5258,170734,flicker
6.5265,17,flicker
6.5299,0633,flicker
6.5311,17056,flicker
6.5340,8,flicker
6.5340,171383,flicker
6.5381,170892,flicker
6.5422,171201,flicker
6.5463,170793,flicker
6.5504,170863,flicker
6.5546,170978,flicker
6.5590,170750,flicker
6.5627,171148,flicker
6.5668,170871,flicker
6.5709,171251,flicker
6.5750,170614,flicker
6.5791,171406,flicker
6.5832,170621,flicker
6.5872,170654,flicker
6.5914,170820,flicker
6.5955,170862,flicker
6.5997,171137,flicker
6.6037,171201,flicker
6.6078,170734,flicker
6.6119,170722,flicker
6.6159,170900,flicker
6.6200,171110,flicker
6.6245,171405,flicker
6.6282,171064,flicker
6.6323,171221,flicker
6.6364,170731,flicker
6.6405,171296,flicker
6.6447,170777,flicker
6.6487,171234,flicker
6.6528,171228,flicker
6.6539,17,flicker
6.6585,117103,flicker
6.6611,2,flicker
6.6623,170952,flicker
6.6652,170452,flicker
6.6692,170747,flicker
6.6744,709,flicker
6.6789,170969,flicker
6.6815,170693,flicker
6.6855,170896,flicker
6.6898,71502,flicker
6.6968,170629,flicker
6.6978,170669,flicker
6.7019,171216,flicker
6.7061,71313,flicker
6.7116,170998,flicker
6.7144,170843,flicker
6.7183,171216,flicker
6.7225,7189,flicker
6.7295,170787,flicker
6.7311,170673,flicker
6.7347,170482,flicker
6.7388,171310,flicker
6.7431,170721,flicker
6.7470,170890,flicker
6.7511,170693,flicker
6.7556,171329,flicker
6.7601,171137,flicker
6.7643,1168,flicker
6.7682,171253,flicker
6.7718,171011,flicker
6.7760,170818,flicker
6.7799,171090,flicker
6.7812,1,flicker
6.7839,71107,flicker
6.7849,1709,flicker
6.7879,31,flicker
6.7896,170633,flicker
6.7921,171050,flicker
6.7961,170302,flicker
6.8002,170834,flicker
6.8043,170981,flicker
6.8084,171007,flicker
6.8128,171079,flicker
6.8166,171063,flicker
6.8207,171028,flicker
6.8248,70826,flicker
6.8316,170987,flicker
6.8331,171453,flicker
6.8371,171250,flicker
6.8412,170712,flicker
6.8453,171343,flicker
6.8494,171005,flicker
6.8541,712,flicker
6.8576,171063,flicker
6.8624,170814,flicker
6.8657,171212,flicker
6.8698,170879,flicker
6.8742,70904,flicker
6.8789,170990,flicker
6.8823,170414,flicker
6.8863,171349,flicker
6.8908,170444,flicker
6.8964,170575,flicker
6.8986,170948,flicker
6.9026,170796,flicker
6.9072,170734,flicker
6.9088,1,flicker
6.9113,70448,flicker
6.9132,1713,flicker
6.9166,1708,flicker
6.9200,171196,flicker
6.9239,170931,flicker
6.9273,170918,flicker
6.9315,170952,flicker
6.9355,171170,flicker
6.9395,170927,flicker
6.9441,171020,flicker
6.9477,171364,flicker
6.9525,170935,flicker
6.9560,170934,flicker
6.9601,170779,flicker
6.9644,170637,flicker
6.9681,170999,flicker
6.9725,171079,flicker
6.9768,170874,flicker
6.9807,171093,flicker
6.9849,170892,flicker
6.9889,170927,flicker
6.9932,171624,flicker
6.9971,171241,flicker
7.0010,170948,flicker
7.0050,171000,flicker
7.0098,171249,flicker
7.0134,171071,flicker
7.0179,170495,flicker
7.0216,171077,flicker
7.0261,170770,flicker
7.0296,170992,flicker
7.0337,170556,flicker
7.0351,1,flicker
7.0379,0,flicker
7.0390,7,flicker
7.0428,68,flicker
7.0441,170797,flicker
7.0469,170780,flicker
7.0501,171025,flicker
7.0545,171239,flicker
7.0583,170468,flicker
7.0623,170881,flicker
7.0665,171177,flicker
7.0706,170470,flicker
7.0746,170575,flicker
7.0787,171142,flicker
7.0828,170615,flicker
7.0872,171144,flicker
7.0911,171071,flicker
7.0951,171276,flicker
7.0992,170887,flicker
7.1037,170562,flicker
7.1074,171111,flicker
7.1116,170773,flicker
7.1156,170522,flicker
7.1198,171227,flicker
7.1239,171274,flicker
7.1279,171433,flicker
7.1319,170939,flicker
7.1361,171142,flicker
7.1402,170917,flicker
7.1442,171522,flicker
7.1483,170953,flicker
7.1525,171334,flicker
7.1572,170712,flicker
7.1607,171003,flicker
7.1647,171225,flicker
7.1660,171,flicker
7.1690,081,flicker
7.1708,170242,flicker
7.1731,1,flicker
7.1775,171151,flicker
7.1813,171076,flicker
7.1853,170711,flicker
7.1912,171115,flicker
7.1936,171238,flicker
7.1980,170893,flicker
7.2016,171260,flicker
7.2057,170937,flicker
7.2107,170932,flicker
7.2144,170940,flicker
7.2182,171018,flicker
7.2228,170913,flicker
7.2262,171077,flicker
7.2302,171278,flicker
7.2344,170712,flicker
7.2386,170991,flicker
7.2431,170674,flicker
7.2470,170501,flicker
7.2511,701,flicker
7.2557,170643,flicker
7.2596,170898,flicker
7.2631,70570,flicker
7.2677,170989,flicker
7.2712,170948,flicker
7.2763,171244,flicker
7.2799,170544,flicker
7.2855,709,flicker
7.2882,170800,flicker
7.2923,170586,flicker
7.2940,17,flicker
7.2959,82,flicker
7.2974,170,flicker
7.2999,9,flicker
7.3000,171185,flicker
7.3040,171146,flicker
7.3086,171114,flicker
7.3122,170843,flicker
7.3170,171057,flicker
7.3205,171585,flicker
7.3249,171294,flicker
7.3301,7110,flicker
7.3327,171013,flicker
7.3368,170842,flicker
7.3421,170610,flicker
7.3453,171132,flicker
7.3494,171118,flicker
7.3532,171231,flicker
7.3575,170509,flicker
7.3635,718,flicker
7.3664,170824,flicker
7.3695,171158,flicker
7.3739,171257,flicker
7.3781,171619,flicker
7.3837,70,flicker
7.3882,171259,flicker
7.3914,171242,flicker
7.3942,170806,flicker
7.3982,171391,flicker
7.4023,170837,flicker
7.4068,171335,flicker
7.4107,171085,flicker
7.4163,75,flicker
7.4191,171113,flicker
7.4205,17,flicker
7.4235,1408,flicker
7.4247,17098,flicker
7.4269,8,flicker
7.4273,17073,flicker
7.4315,171141,flicker
7.4351,171010,flicker
7.4396,170811,flicker
7.4438,171440,flicker
7.4488,170815,flicker
7.4519,171396,flicker
7.4556,171279,flicker
7.4599,171165,flicker
7.4642,170988,flicker
7.4678,171060,flicker
7.4723,171500,flicker
7.4765,170827,flicker
7.4813,170803,flicker
7.4845,171076,flicker
7.4884,170857,flicker
7.4928,170909,flicker
7.4967,170991,flicker
7.5006,171383,flicker
7.5048,170916,flicker
7.5094,170931,flicker
7.5130,171077,flicker
7.5175,171448,flicker
7.5212,171379,flicker
7.5256,171807,flicker
7.5298,170651,flicker
7.5334,170834,flicker
7.5376,171223,flicker
7.5423,170938,flicker
7.5458,170974,flicker
7.5472,17,flicker
7.5499,1969,flicker
7.5517,1715,flicker
7.5538,18,flicker
7.5556,171612,flicker
7.5587,171262,flicker
7.5635,74,flicker
7.5661,170712,flicker
7.5703,171179,flicker
7.5747,171206,flicker
7.5787,170260,flicker
7.5826,34,flicker
7.5868,171072,flicker
7.5912,171315,flicker
7.5963,034,flicker
7.5993,170916,flicker
7.6031,171738,flicker
7.6078,170614,flicker
7.6114,170836,flicker
7.6155,170806,flicker
7.6195,171441,flicker
7.6240,171034,flicker
7.6276,171015,flicker
7.6318,171426,flicker
7.6358,170480,flicker
7.6402,170973,flicker
7.6444,170810,flicker
7.6482,75,flicker
7.6531,170995,flicker
7.6570,170726,flicker
7.6604,171004,flicker
7.6645,170967,flicker
7.6685,170901,flicker
7.6731,171370,flicker
7.6752,1,flicker
7.6769,71485,flicker
7.6780,1713,flicker
7.6809,76,flicker
7.6825,170871,flicker
7.6852,171134,flicker
7.6893,171124,flicker
7.6936,171537,flicker
7.6978,171061,flicker
7.7013,171274,flicker
7.7055,171147,flicker
7.7098,171176,flicker
7.7137,171042,flicker
7.7183,170904,flicker
7.7221,171361,flicker
7.7262,171213,flicker
7.7306,170961,flicker
7.7341,171333,flicker
7.7390,171176,flicker
7.7427,171374,flicker
7.7465,171263,flicker
7.7508,171194,flicker
7.7546,170792,flicker
7.7590,171140,flicker
7.7630,170863,flicker
7.7669,171111,flicker
7.7710,171209,flicker
7.7757,171019,flicker
7.7792,171090,flicker
7.7835,171000,flicker
7.7877,171037,flicker
7.7919,171316,flicker
7.7960,170507,flicker
7.7996,171144,flicker
7.8006,1,flicker
7.8037,71174,flicker
7.8052,1713,flicker
7.8083,10,flicker
7.8098,171037,flicker
7.8127,171569,flicker
7.8162,170799,flicker
7.8201,171153,flicker
7.8249,170839,flicker
7.8284,713,flicker
7.8328,170937,flicker
7.8365,171002,flicker
7.8411,171282,flicker
7.8449,171582,flicker
7.8492,171424,flicker
7.8529,171249,flicker
7.8574,170203,flicker
7.8625,108,flicker
7.8663,171546,flicker
7.8692,170726,flicker
7.8739,171188,flicker
7.8777,171390,flicker
7.8817,703,flicker
7.8856,171545,flicker
7.8925,171312,flicker
7.8942,171060,flicker
7.8979,170492,flicker
7.9024,171357,flicker
7.9066,170976,flicker
7.9104,171270,flicker
7.9144,712,flicker
7.9196,171815,flicker
7.9229,171551,flicker
7.9271,170727,flicker
7.9288,1,flicker
7.9310,70605,flicker
7.9327,171,flicker
7.9348,431,flicker
7.9364,170872,flicker
7.9394,171364,flicker
7.9431,171559,flicker
7.9472,170886,flicker
7.9531,170750,flicker
7.9555,170674,flicker
7.9600,170744,flicker
7.9646,7100,flicker
7.9680,171163,flicker
7.9728,171328,flicker
7.9768,171176,flicker
7.9802,171265,flicker
7.9845,170967,flicker
7.9882,171598,flicker
7.9923,170740,flicker
7.9969,171390,flicker
8.0003,171005,flicker
8.0049,170975,flicker
8.0087,170750,flicker
8.0127,171486,flicker
8.0167,171453,flicker
8.0209,171121,flicker
8.0255,170953,flicker
8.0292,171110,flicker
8.0332,171303,flicker
8.0372,171303,flicker
8.0417,171493,flicker
8.0454,171203,flicker
8.0501,170916,flicker
8.0536,170956,flicker
8.0580,171126,flicker
8.0596,170,flicker
8.0618,57,flicker
8.0632,170889,flicker
8.0664,170877,flicker
8.0705,171040,flicker
8.0745,170961,flicker
8.0785,171090,flicker
8.0823,7118,flicker
8.0865,799,flicker
8.0920,170835,flicker
8.0949,170814,flicker
8.0992,170642,flicker
8.1027,171290,flicker
8.1073,171124,flicker
8.1111,171352,flicker
8.1151,1,flicker
8.1200,171053,flicker
8.1256,171322,flicker
8.1278,171002,flicker
8.1319,171104,flicker
8.1355,170721,flicker
8.1399,171122,flicker
8.1437,171589,flicker
8.1478,70376,flicker
8.1521,171266,flicker
8.1579,170879,flicker
8.1604,170705,flicker
8.1645,170720,flicker
8.1684,170818,flicker
8.1731,171425,flicker
8.1769,171041,flicker
8.1807,10937,flicker
8.1857,171621,flicker
8.1875,171,flicker
8.1905,272,flicker
8.1927,17094,flicker
8.1931,8,flicker
8.1939,171258,flicker
8.1974,171355,flicker
8.2010,170832,flicker
8.2058,170989,flicker
8.2093,170996,flicker
8.2133,170913,flicker
8.2174,171018,flicker
8.2216,170601,flicker
8.2256,171062,flicker
8.2303,171142,flicker
8.2338,170927,flicker
8.2384,170609,flicker
8.2423,171052,flicker
8.2462,170953,flicker
8.2506,171433,flicker
8.2544,171040,flicker
8.2588,170913,flicker
8.2632,170584,flicker
8.2665,170640,flicker
8.2707,170773,flicker
8.2752,170691,flicker
8.2789,170799,flicker
8.2835,171074,flicker
8.2871,170771,flicker
8.2916,170816,flicker
8.2961,171210,flicker
8.2994,171344,flicker
8.3035,170983,flicker
8.3080,170633,flicker
8.3119,171053,flicker
8.3131,171,flicker
8.3169,42178,flicker
8.3205,170922,flicker
8.3242,171342,flicker
8.3296,74,flicker
8.3328,171330,flicker
8.3362,171371,flicker
8.3405,171132,flicker
8.3447,171180,flicker
8.3490,171293,flicker
8.3526,170996,flicker
8.3569,170745,flicker
8.3609,704,flicker
8.3659,171128,flicker
8.3689,171396,flicker
8.3734,170535,flicker
8.3773,170916,flicker
8.3828,9,flicker
8.3862,170661,flicker
8.3906,170586,flicker
8.3949,705,flicker
8.3989,170696,flicker
8.4017,170568,flicker
8.4061,170511,flicker
8.4100,171088,flicker
8.4140,171179,flicker
8.4181,171130,flicker
8.4224,170883,flicker
8.4264,1,flicker
8.4321,170832,flicker
8.4346,170965,flicker
8.4388,171092,flicker
8.4406,17,flicker
8.4428,1486,flicker
8.4442,17097,flicker
8.4468,6,flicker
8.4469,170985,flicker
8.4508,170708,flicker
8.4550,171475,flicker
8.4593,112,flicker
8.4637,171304,flicker
8.4678,171196,flicker
8.4723,170778,flicker
8.4762,171163,flicker
8.4798,170973,flicker
8.4840,171213,flicker
8.4880,171044,flicker
8.4920,171176,flicker
8.4963,171198,flicker
8.5000,171347,flicker
8.5045,170982,flicker
8.5086,171099,flicker
8.5124,171397,flicker
8.5172,171178,flicker
8.5206,170832,flicker
8.5250,171305,flicker
8.5293,170823,flicker
8.5328,170726,flicker
8.5369,170668,flicker
8.5416,170821,flicker
8.5452,171234,flicker
8.5496,170989,flicker
8.5533,171373,flicker
8.5577,170606,flicker
8.5622,171335,flicker
8.5656,170945,flicker
8.5666,17,flicker
8.5697,0977,flicker
8.5711,17109,flicker
8.5738,1,flicker
8.5744,171072,flicker
8.5778,170986,flicker
8.5819,170954,flicker
8.5861,170792,flicker
8.5902,171109,flicker
8.5942,171218,flicker
8.5983,170957,flicker
8.6024,171296,flicker
8.6066,171262,flicker
8.6105,170787,flicker
8.6146,171181,flicker
8.6189,171114,flicker
8.6229,171634,flicker
8.6270,171187,flicker
8.6310,171224,flicker
8.6352,171219,flicker
8.6396,171269,flicker
8.6433,171317,flicker
8.6475,170501,flicker
8.6516,170803,flicker
8.6561,170702,flicker
8.6597,171277,flicker
8.6638,171170,flicker
8.6679,171175,flicker
8.6724,170720,flicker
8.6761,170479,flicker
8.6802,170912,flicker
8.6844,170706,flicker
8.6889,170707,flicker
8.6925,170661,flicker
8.6935,17,flicker
8.6966,1600,flicker
8.6980,17123,flicker
8.7006,2,flicker
8.7017,170996,flicker
8.7052,171021,flicker
8.7089,170623,flicker
8.7130,171004,flicker
8.7170,171085,flicker
8.7213,745,flicker
8.7255,171144,flicker
8.7300,170921,flicker
8.7342,171492,flicker
8.7377,78,flicker
8.7424,170778,flicker
8.7462,171025,flicker
8.7498,170899,flicker
8.7540,7159,flicker
8.7586,171494,flicker
8.7621,170542,flicker
8.7662,171537,flicker
8.7719,70,flicker
8.7754,171166,flicker
8.7785,171280,flicker
8.7826,171570,flicker
8.7868,171808,flicker
8.7913,171291,flicker
8.7949,170555,flicker
8.7990,171137,flicker
8.8031,170993,flicker
8.8075,171360,flicker
8.8113,171041,flicker
8.8153,171401,flicker
8.8196,171097,flicker
8.8211,1,flicker
8.8238,71131,flicker
8.8256,1708,flicker
8.8277,27,flicker
8.8287,170788,flicker
8.8318,170909,flicker
8.8359,170853,flicker
8.8405,170917,flicker
8.8440,170639,flicker
8.8481,170765,flicker
8.8523,170907,flicker
8.8564,170763,flicker
8.8605,170904,flicker
8.8645,171275,flicker
8.8687,170422,flicker
8.8731,170738,flicker
8.8768,171185,flicker
8.8809,170778,flicker
8.8850,170667,flicker
8.8896,170685,flicker
8.8932,171120,flicker
8.8973,170951,flicker
8.9014,170496,flicker
8.9061,170990,flicker
8.9096,171163,flicker
8.9137,170498,flicker
8.9178,170943,flicker
8.9231,71,flicker
8.9266,171135,flicker
8.9301,170987,flicker
8.9342,171290,flicker
8.9390,171167,flicker
8.9424,171135,flicker
8.9465,171043,flicker
8.9479,1,flicker
8.9505,70983,flicker
8.9516,1708,flicker
8.9547,32,flicker
8.9565,170429,flicker
8.9588,170580,flicker
8.9628,170630,flicker
8.9669,171137,flicker
8.9725,87,flicker
8.9757,170978,flicker
8.9807,171056,flicker
8.9833,171226,flicker
8.9875,7003,flicker
8.9920,170365,flicker
8.9956,170845,flicker
8.9997,171337,flicker
9.0039,7089,flicker
9.0098,171137,flicker
9.0120,171064,flicker
9.0161,170868,flicker
9.0217,171257,flicker
9.0243,171535,flicker
9.0283,170770,flicker
9.0325,170825,flicker
9.0366,171026,flicker
9.0407,170826,flicker
9.0447,171390,flicker
9.0488,170802,flicker
9.0529,171070,flicker
9.0574,171685,flicker
9.0611,170920,flicker
9.0652,171050,flicker
9.0693,170901,flicker
9.0737,170909,flicker
9.0750,1,flicker
9.0775,70839,flicker
9.0789,1710,flicker
9.0816,86,flicker
9.0829,171050,flicker
9.0858,170459,flicker
9.0902,171137,flicker
9.0939,170930,flicker
9.0980,170930,flicker
9.1021,171064,flicker
9.1065,171121,flicker
9.1102,171416,flicker
9.1143,170765,flicker
9.1185,170534,flicker
9.1233,171292,flicker
9.1267,171311,flicker
9.1308,171148,flicker
9.1349,170892,flicker
9.1393,170942,flicker
9.1430,170395,flicker
9.1471,170891,flicker
9.1513,170798,flicker
9.1561,170565,flicker
9.1595,170573,flicker
9.1635,170689,flicker
9.1676,170647,flicker
9.1721,171135,flicker
9.1758,171354,flicker
9.1799,170720,flicker
9.1841,170858,flicker
9.1900,70960,flicker
9.1944,170915,flicker
9.1963,170964,flicker
9.2004,171448,flicker
9.2045,71757,flicker
9.2054,1,flicker
9.2087,964,flicker
9.2106,171651,flicker
9.2128,171062,flicker
9.2167,170718,flicker
9.2220,70906,flicker
9.2252,170612,flicker
9.2291,171470,flicker
9.2331,171506,flicker
9.2388,7,flicker
9.2420,171179,flicker
9.2455,170405,flicker
9.2495,170752,flicker
9.2537,70853,flicker
9.2583,171369,flicker
9.2623,170828,flicker
9.2659,171248,flicker
9.2702,7061,flicker
9.2744,170516,flicker
9.2789,171257,flicker
9.2823,171008,flicker
9.2865,170810,flicker
9.2907,171629,flicker
9.2946,170673,flicker
9.2987,171192,flicker
9.3028,171306,flicker
9.3070,171515,flicker
9.3110,171100,flicker
9.3151,171663,flicker
9.3192,170966,flicker
9.3233,171353,flicker
9.3274,170636,flicker
9.3315,170772,flicker
9.3329,171,flicker
9.3356,005,flicker
9.3367,17073,flicker
9.3398,7,flicker
9.3402,171238,flicker
9.3437,170942,flicker
9.3478,171029,flicker
9.3521,171391,flicker
9.3564,171301,flicker
9.3601,171567,flicker
9.3642,171311,flicker
9.3683,170655,flicker
9.3726,171167,flicker
9.3765,171382,flicker
9.3806,171053,flicker
9.3848,171002,flicker
9.3895,170988,flicker
9.3930,171045,flicker
9.3970,171242,flicker
9.4011,170840,flicker
9.4058,171247,flicker
9.4093,171115,flicker
9.4135,171020,flicker
9.4176,171266,flicker
9.4231,702,flicker
9.4257,170675,flicker
9.4303,171120,flicker
9.4340,170971,flicker
9.4382,18,flicker
9.4432,170843,flicker
9.4471,171330,flicker
9.4502,171327,flicker
9.4592,171116,flicker
9.4607,17,flicker
9.4625,0812,flicker
9.4638,17057,flicker
9.4666,0,flicker
9.4667,171045,flicker
9.4707,71041,flicker
9.4751,170635,flicker
9.4789,171132,flicker
9.4830,170832,flicker
9.4886,7078,flicker
9.4913,171137,flicker
9.4953,170644,flicker
9.4994,170948,flicker
9.5035,71070,flicker
9.5076,170762,flicker
9.5117,171227,flicker
9.5158,171302,flicker
9.5200,170892,flicker
9.5241,170792,flicker
9.5282,170751,flicker
9.5322,170750,flicker
9.5363,171193,flicker
9.5405,170854,flicker
9.5445,171024,flicker
9.5486,171405,flicker
9.5527,170935,flicker
9.5567,170676,flicker
9.5609,171128,flicker
9.5650,170866,flicker
9.5692,170895,flicker
9.5731,171054,flicker
9.5773,170514,flicker
9.5814,171420,flicker
9.5856,171406,flicker
9.5865,17,flicker
9.5897,0953,flicker
9.5911,17079,flicker
9.5937,5,flicker
9.5937,171130,flicker
9.5978,170816,flicker
9.6018,170917,flicker
9.6062,171133,flicker
9.6101,171079,flicker
9.6142,170836,flicker
9.6182,171194,flicker
9.6225,170873,flicker
9.6265,170940,flicker
9.6306,170784,flicker
9.6347,171432,flicker
9.6393,171310,flicker
9.6427,171140,flicker
9.6468,171184,flicker
9.6509,171144,flicker
9.6555,70972,flicker
9.6593,170520,flicker
9.6633,171176,flicker
9.6673,171159,flicker
9.6717,170431,flicker
9.6758,171323,flicker
9.6796,170747,flicker
9.6837,171462,flicker
9.6895,7113,flicker
9.6923,171380,flicker
9.6960,171348,flicker
9.7001,171005,flicker
9.7044,7087,flicker
9.7089,171451,flicker
9.7124,171321,flicker
9.7139,1,flicker
9.7165,71272,flicker
9.7180,1710,flicker
9.7207,7,flicker
9.7218,1847,flicker
9.7259,171132,flicker
9.7288,171294,flicker
9.7328,171076,flicker
9.7370,33,flicker
9.7415,171049,flicker
9.7454,170892,flicker
9.7492,170788,flicker
9.7540,7,flicker
9.7575,171079,flicker
9.7615,171095,flicker
9.7656,171439,flicker
9.7707,17105,flicker
9.7738,170706,flicker
9.7779,171242,flicker
9.7820,170520,flicker
9.7861,171215,flicker
9.7905,171330,flicker
9.7943,171147,flicker
9.7984,171513,flicker
9.8025,170881,flicker
9.8070,171058,flicker
9.8107,170676,flicker
9.8147,171788,flicker
9.8190,170643,flicker
9.8232,170755,flicker
9.8270,171541,flicker
9.8311,170777,flicker
9.8353,171512,flicker
9.8396,170850,flicker
9.8409,1,flicker
9.8435,70918,flicker
9.8446,1706,flicker
9.8475,76,flicker
9.8486,170939,flicker
9.8518,170876,flicker
9.8561,170666,flicker
9.8598,170725,flicker
9.8639,171642,flicker
9.8681,170925,flicker
9.8726,171028,flicker
9.8762,171053,flicker
9.8803,171232,flicker
9.8844,171134,flicker
9.8888,170851,flicker
9.8928,171170,flicker
9.8967,171563,flicker
9.9008,170840,flicker
9.9055,171313,flicker
9.9089,170949,flicker
9.9131,170705,flicker
9.9172,171018,flicker
9.9213,71653,flicker
9.9257,171146,flicker
9.9296,171001,flicker
9.9336,170903,flicker
9.9379,171212,flicker
9.9417,170824,flicker
9.9458,171367,flicker
9.9499,171029,flicker
9.9556,748,flicker
9.9603,171006,flicker
9.9622,171130,flicker
9.9663,171035,flicker
9.9673,1,flicker
9.9710,71701,flicker
9.9726,1716,flicker
9.9745,78,flicker
9.9758,171013,flicker
9.9786,171513,flicker
9.9826,171345,flicker
9.9870,049,flicker
9.9928,171159,flicker
9.9950,171087,flicker
9.9991,171516,flicker
10.0044,705,flicker
10.0074,171144,flicker
10.0114,171310,flicker
10.0155,171371,flicker
10.0205,18,flicker
10.0239,170837,flicker
10.0278,170759,flicker
10.0318,171526,flicker
10.0360,170874,flicker
10.0401,171329,flicker
10.0441,171175,flicker
10.0482,171502,flicker
10.0523,171373,flicker
10.0565,170979,flicker
10.0605,171594,flicker
10.0646,171254,flicker
10.0688,171460,flicker
10.0733,170824,flicker
10.0769,170945,flicker
10.0810,170874,flicker
10.0851,170943,flicker
10.0895,170806,flicker
10.0933,171153,flicker
10.0946,1,flicker
10.0975,70883,flicker
10.0991,171,flicker
10.1015,271,flicker
10.1028,171119,flicker
10.1060,171626,flicker
10.1097,171026,flicker
10.1138,171294,flicker
10.1180,171581,flicker
10.1225,171020,flicker
10.1261,171272,flicker
10.1302,170759,flicker
10.1343,170896,flicker
10.1384,171235,flicker
10.1426,171062,flicker
10.1466,170610,flicker
10.1507,171474,flicker
10.1551,170895,flicker
10.1589,171356,flicker
10.1630,171532,flicker
10.1671,171229,flicker
10.1713,171378,flicker
10.1752,171302,flicker
10.1793,171019,flicker
10.1835,171219,flicker
10.1876,763,flicker
10.1917,171341,flicker
10.1965,170997,flicker
10.2005,171326,flicker
10.2058,776,flicker
10.2090,171008,flicker
10.2136,171314,flicker
10.2161,171061,flicker
10.2218,71311,flicker
10.2247,71096,flicker
10.2268,1709,flicker
10.2284,72,flicker
10.2300,171295,flicker
10.2327,170702,flicker
10.2387,7105,flicker
10.2428,171350,flicker
10.2449,171530,flicker
10.2489,171312,flicker
10.2541,70,flicker
10.2574,171168,flicker
10.2625,170829,flicker
10.2653,171109,flicker
10.2696,719,flicker
10.2739,171256,flicker
10.2785,170321,flicker
10.2818,170910,flicker
10.2858,171018,flicker
10.2906,170862,flicker
10.2940,170999,flicker
10.2981,171308,flicker
10.3022,170794,flicker
10.3070,171268,flicker
10.3104,171221,flicker
10.3145,170937,flicker
10.3186,170812,flicker
10.3227,170494,flicker
10.3267,171355,flicker
10.3308,170884,flicker
10.3350,170885,flicker
10.3396,170860,flicker
10.3431,170640,flicker
10.3473,170940,flicker
10.3515,171094,flicker
10.3528,170,flicker
10.3564,945,flicker
10.3582,171300,flicker
10.3596,171122,flicker
10.3636,170801,flicker
10.3680,171098,flicker
10.3721,171297,flicker
10.3760,170905,flicker
10.3801,170850,flicker
10.3841,171131,flicker
10.3886,170663,flicker
10.3924,171037,flicker
10.3965,170712,flicker
10.4005,171243,flicker
10.4050,171113,flicker
10.4087,170614,flicker
10.4127,171083,flicker
10.4169,170810,flicker
10.4227,7148,flicker
10.4255,171242,flicker
10.4311,170776,flicker
10.4333,171494,flicker
10.4387,7110,flicker
10.4420,170588,flicker
10.4463,171318,flicker
10.4500,170912,flicker
10.4544,170895,flicker
10.4578,171273,flicker
10.4619,171279,flicker
10.4660,171035,flicker
10.4704,171129,flicker
10.4744,171344,flicker
10.4785,171512,flicker
10.4796,17,flicker
10.4824,1420,flicker
10.4833,17066,flicker
10.4867,7586,flicker
10.4910,171189,flicker
10.4962,171038,flicker
10.4989,170522,flicker
10.5047,7028,flicker
10.5087,171458,flicker
10.5134,171098,flicker
10.5152,171149,flicker
10.5196,1982,flicker
10.5243,171221,flicker
10.5276,170818,flicker
10.5315,171453,flicker
10.5374,17075,flicker
10.5408,171091,flicker
10.5446,170843,flicker
10.5479,170670,flicker
10.5521,170931,flicker
10.5563,171151,flicker
10.5602,170838,flicker
10.5643,171088,flicker
10.5686,171335,flicker
10.5726,171069,flicker
10.5766,170961,flicker
10.5807,171117,flicker
10.5848,170925,flicker
10.5897,171096,flicker
10.5930,171408,flicker
10.5970,171360,flicker
10.6014,171836,flicker
10.6057,171235,flicker
10.6078,17,flicker
10.6094,1343,flicker
10.6108,17142,flicker
10.6134,8,flicker
10.6135,171052,flicker
10.6177,170545,flicker
10.6221,170611,flicker
10.6258,171276,flicker
10.6298,170759,flicker
10.6339,171535,flicker
10.6385,171007,flicker
10.6421,170777,flicker
10.6462,171041,flicker
10.6503,171296,flicker
10.6558,171176,flicker
10.6585,170692,flicker
10.6626,171238,flicker
10.6667,171219,flicker
10.6712,170884,flicker
10.6749,171111,flicker
10.6790,170997,flicker
10.6832,171282,flicker
10.6872,70580,flicker
10.6922,171098,flicker
10.6954,171064,flicker
10.6995,170755,flicker
10.7037,70,flicker
10.7088,170968,flicker
10.7414,171015,flicker
10.7417,171076,flicker
10.7420,170618,flicker
10.7432,170613,flicker
10.7434,171462,flicker
10.7438,170666,flicker
10.7445,170903,flicker
10.7447,170852,flicker
10.7449,170996,flicker
10.7451,170345,flicker
10.7487,71067,flicker
10.7531,171329,flicker
10.7569,170900,flicker
10.7626,71,flicker
10.7653,171081,flicker
10.7692,170982,flicker
10.7732,170911,flicker
10.7773,171247,flicker
10.7814,170993,flicker
10.7855,170926,flicker
10.7896,170820,flicker
10.7937,170980,flicker
10.7977,171189,flicker
10.8019,170956,flicker
10.8060,171198,flicker
10.8101,170966,flicker
10.8142,170733,flicker
10.8183,171022,flicker
10.8224,171051,flicker
10.8265,171025,flicker
10.8305,171102,flicker
10.8347,170768,flicker
10.8392,171298,flicker
10.8428,170632,flicker
10.8469,170858,flicker
10.8511,170929,flicker
10.8556,171431,flicker
10.8593,170584,flicker
10.8605,1,flicker
10.8633,71018,flicker
10.8643,1716,flicker
10.8675,68,flicker
10.8687,170777,flicker
10.8718,171123,flicker
10.8756,171170,flicker
10.8797,170917,flicker
10.8839,171272,flicker
10.8893,170859,flicker
10.8920,170559,flicker
10.8961,170716,flicker
10.9002,171175,flicker
10.9046,171329,flicker
10.9084,171243,flicker
10.9125,170728,flicker
10.9166,171319,flicker
10.9209,171175,flicker
10.9248,171048,flicker
10.9289,171666,flicker
10.9330,171324,flicker
10.9371,71103,flicker
10.9414,171120,flicker
10.9463,170727,flicker
10.9493,171488,flicker
10.9547,71059,flicker
10.9586,171031,flicker
10.9618,171027,flicker
10.9657,171142,flicker
10.9714,7107,flicker
10.9747,170887,flicker
10.9784,171011,flicker
10.9821,171467,flicker
10.9863,7125,flicker
10.9904,71056,flicker
10.9913,1707,flicker
10.9944,63,flicker
10.9960,171112,flicker
10.9985,171233,flicker
11.0034,70,flicker
11.0070,171078,flicker
11.0107,171363,flicker
11.0149,171264,flicker
11.0190,171196,flicker
11.0231,171655,flicker
11.0272,171207,flicker
11.0312,171246,flicker
11.0354,171638,flicker
11.0395,171766,flicker
11.0435,171296,flicker
11.0476,170759,flicker
11.0518,171102,flicker
11.0558,171127,flicker
11.0600,170764,flicker
11.0641,170223,flicker
11.0682,171292,flicker
11.0724,171126,flicker
11.0763,170469,flicker
11.0805,170748,flicker
11.0845,171318,flicker
11.0895,171339,flicker
11.0927,171187,flicker
11.0967,171406,flicker
11.1010,171149,flicker
11.1052,171226,flicker
11.1091,171604,flicker
11.1133,170898,flicker
11.1174,171540,flicker
11.1187,171,flicker
11.1216,087,flicker
11.1242,171141,flicker
11.1256,170755,flicker
11.1296,170924,flicker
11.1338,171045,flicker
11.1381,170714,flicker
11.1420,171250,flicker
11.1460,170905,flicker
11.1500,170785,flicker
11.1544,171084,flicker
11.1590,171265,flicker
11.1623,170730,flicker
11.1665,171109,flicker
11.1705,1,flicker
11.1709,1172,flicker
11.1748,171180,flicker
11.1787,171376,flicker
11.1829,170970,flicker
11.1882,77,flicker
11.1928,171309,flicker
11.1951,171014,flicker
11.1992,170738,flicker
11.2036,171419,flicker
11.2074,171469,flicker
11.2116,171163,flicker
11.2156,170973,flicker
11.2198,70819,flicker
11.2241,170572,flicker
11.2280,171109,flicker
11.2319,170592,flicker
11.2361,70962,flicker
11.2425,170692,flicker
11.2449,170694,flicker
11.2468,171,flicker
11.2483,395,flicker
11.2494,171024,flicker
11.2527,114,flicker
11.2571,171095,flicker
11.2607,170909,flicker
11.2648,171069,flicker
11.2705,114,flicker
11.2747,170590,flicker
11.2777,171464,flicker
11.2818,170621,flicker
11.2854,170645,flicker
11.2895,171040,flicker
11.2934,170613,flicker
11.2975,170876,flicker
11.3016,170990,flicker
11.3058,171216,flicker
11.3098,171121,flicker
11.3139,171189,flicker
11.3181,171040,flicker
11.3231,170563,flicker
11.3261,171524,flicker
11.3302,171206,flicker
11.3344,171057,flicker
11.3393,171166,flicker
11.3426,170822,flicker
11.3467,171148,flicker
11.3508,170830,flicker
11.3550,171205,flicker
11.3589,171244,flicker
11.3630,170605,flicker
11.3674,171219,flicker
11.3714,170698,flicker
11.3727,170,flicker
11.3754,835,flicker
11.3766,17126,flicker
11.3794,8,flicker
11.3795,171177,flicker
11.3835,171084,flicker
11.3883,170747,flicker
11.3918,171307,flicker
11.3959,170449,flicker
11.3999,171133,flicker
11.4043,171509,flicker
11.4081,171092,flicker
11.4121,171029,flicker
11.4163,171291,flicker
11.4207,171354,flicker
11.4245,171069,flicker
11.4285,170973,flicker
11.4327,170839,flicker
11.4369,710,flicker
11.4433,170944,flicker
11.4459,170516,flicker
11.4490,170486,flicker
11.4533,706,flicker
11.4573,170944,flicker
11.4613,170992,flicker
11.4655,170944,flicker
11.4707,71,flicker
11.4740,170922,flicker
11.4779,170713,flicker
11.4818,170854,flicker
11.4879,7112,flicker
11.4916,170427,flicker
11.4945,170888,flicker
11.4982,171103,flicker
11.4994,17,flicker
11.5023,982,flicker
11.5038,759,flicker
11.5079,171022,flicker
11.5106,171487,flicker
11.5146,170575,flicker
11.5201,03,flicker
11.5235,171310,flicker
11.5274,171005,flicker
11.5309,170973,flicker
11.5351,170744,flicker
11.5392,170870,flicker
11.5432,171051,flicker
11.5473,170504,flicker
11.5515,170623,flicker
11.5555,170958,flicker
11.5596,170910,flicker
11.5637,170815,flicker
11.5682,171370,flicker
11.5727,170930,flicker
11.5760,171579,flicker
11.5801,170721,flicker
11.5844,170851,flicker
11.5886,170561,flicker
11.5924,170969,flicker
11.5965,170321,flicker
11.6006,170688,flicker
11.6049,170812,flicker
11.6088,171045,flicker
11.6129,171152,flicker
11.6172,170990,flicker
11.6215,170811,flicker
11.6251,170252,flicker
11.6264,17,flicker
11.6293,0414,flicker
11.6309,17102,flicker
11.6333,1,flicker
11.6335,170936,flicker
11.6384,171139,flicker
11.6416,170659,flicker
11.6456,170803,flicker
11.6497,170765,flicker
11.6543,170742,flicker
11.6579,170918,flicker
11.6620,171219,flicker
11.6661,171107,flicker
11.6704,170751,flicker
11.6743,170632,flicker
11.6783,170869,flicker
11.6825,171048,flicker
11.6870,170393,flicker
11.6908,170694,flicker
11.6949,170897,flicker
11.6990,171304,flicker
11.7046,171056,flicker
11.7070,170754,flicker
11.7111,171421,flicker
11.7152,171116,flicker
11.7202,170848,flicker
11.7235,170812,flicker
11.7275,170536,flicker
11.7316,170970,flicker
11.7359,069,flicker
11.7400,170896,flicker
11.7442,170830,flicker
11.7481,170523,flicker
11.7522,170932,flicker
11.7538,1,flicker
11.7565,70904,flicker
11.7583,1714,flicker
11.7603,34,flicker
11.7613,171036,flicker
11.7645,171368,flicker
11.7688,171003,flicker
11.7726,170702,flicker
11.7767,171266,flicker
11.7808,170968,flicker
11.7850,706,flicker
11.7899,171069,flicker
11.7931,171079,flicker
11.7972,170647,flicker
11.8026,75,flicker
11.8066,170849,flicker
11.8102,170781,flicker
11.8136,170768,flicker
11.8194,10,flicker
11.8233,170732,flicker
11.8269,170857,flicker
11.8299,170376,flicker
11.8358,17099,flicker
11.8389,170529,flicker
11.8436,170764,flicker
11.8463,170633,flicker
11.8507,170799,flicker
11.8552,170757,flicker
11.8586,170928,flicker
11.8627,171471,flicker
11.8669,171032,flicker
11.8709,170896,flicker
11.8750,170867,flicker
11.8791,171007,flicker
11.8805,1,flicker
11.8833,70641,flicker
11.8850,1706,flicker
11.8883,85,flicker
11.8898,171016,flicker
11.8914,171424,flicker
11.8955,171214,flicker
11.8995,170884,flicker
11.9049,171024,flicker
11.9078,170568,flicker
11.9119,170911,flicker
11.9160,170772,flicker
11.9205,170648,flicker
11.9242,171010,flicker
11.9283,170953,flicker
11.9324,171372,flicker
11.9372,170820,flicker
11.9405,170934,flicker
11.9447,171123,flicker
11.9489,171122,flicker
11.9530,71084,flicker
11.9597,171281,flicker
11.9610,170801,flicker
11.9652,171231,flicker
11.9693,70769,flicker
11.9735,170968,flicker
11.9777,170817,flicker
11.9816,171177,flicker
11.9880,70810,flicker
11.9900,171027,flicker
11.9938,171250,flicker
11.9978,170856,flicker
12.0039,794,flicker
12.0080,171516,flicker
12.0103,171115,flicker
12.0119,170,flicker
12.0144,723,flicker
12.0156,171014,flicker
12.0197,171359,flicker
12.0227,170928,flicker
12.0266,170988,flicker
12.0307,171481,flicker
12.0348,171114,flicker
12.0393,171111,flicker
12.0430,171112,flicker
12.0471,171283,flicker
12.0512,170935,flicker
12.0557,170753,flicker
12.0593,171210,flicker
12.0635,170754,flicker
12.0675,171165,flicker
12.0722,171047,flicker
12.0757,171424,flicker
12.0798,171140,flicker
12.0840,171212,flicker
12.0887,171119,flicker
12.0921,170913,flicker
12.0961,171074,flicker
12.1005,170852,flicker
12.1048,171150,flicker
12.1085,170361,flicker
12.1125,171606,flicker
12.1167,170971,flicker
12.1208,171485,flicker
12.1248,171400,flicker
12.1289,170957,flicker
12.1332,171596,flicker
12.1374,171580,flicker
12.1387,170,flicker
12.1413,515,flicker
12.1426,170971,flicker
12.1454,170883,flicker
12.1495,170672,flicker
12.1539,171118,flicker
12.1577,171135,flicker
12.1618,171261,flicker
12.1658,171172,flicker
12.1706,170537,flicker
12.1741,170600,flicker
12.1782,171039,flicker
12.1823,171377,flicker
12.1864,70935,flicker
12.1925,170879,flicker
12.1946,171214,flicker
12.1987,171184,flicker
12.2033,170831,flicker
12.2069,171397,flicker
12.2109,170944,flicker
12.2149,170506,flicker
12.2192,7127,flicker
12.2233,171234,flicker
12.2291,170961,flicker
12.2314,171263,flicker
12.2376,7,flicker
12.2401,171099,flicker
12.2438,171457,flicker
12.2477,171252,flicker
12.2527,78,flicker
12.2575,171205,flicker
12.2601,171254,flicker
12.2642,171538,flicker
12.2655,171,flicker
12.2695,1179,flicker
12.2741,170791,flicker
12.2770,170788,flicker
12.2806,170949,flicker
12.2847,171007,flicker
12.2887,170819,flicker
12.2928,171516,flicker
12.2970,171201,flicker
12.3010,171362,flicker
12.3054,170792,flicker
12.3092,171087,flicker
12.3132,171103,flicker
12.3174,171427,flicker
12.3218,170654,flicker
12.3255,171112,flicker
12.3296,170893,flicker
12.3339,171218,flicker
12.3382,170821,flicker
12.3420,171174,flicker
12.3461,170918,flicker
12.3502,170785,flicker
12.3549,170894,flicker
12.3583,171605,flicker
12.3625,170839,flicker
12.3668,170898,flicker
12.3709,170607,flicker
12.3747,170758,flicker
12.3788,171110,flicker
12.3830,171126,flicker
12.3871,171227,flicker
12.3911,170538,flicker
12.3920,17,flicker
12.3952,1321,flicker
12.3965,17142,flicker
12.3992,6,flicker
12.3994,171590,flicker
12.4038,170870,flicker
12.4075,171053,flicker
12.4116,171036,flicker
12.4157,170985,flicker
12.4200,171395,flicker
12.4239,171006,flicker
12.4279,171369,flicker
12.4320,170988,flicker
12.4363,7154,flicker
12.4417,171265,flicker
12.4450,170889,flicker
12.4487,171058,flicker
12.4539,7112,flicker
12.4571,171120,flicker
12.4607,170816,flicker
12.4648,171069,flicker
12.4690,7091,flicker
12.4737,170679,flicker
12.4771,171211,flicker
12.4811,170719,flicker
12.4867,70885,flicker
12.4894,170983,flicker
12.4935,171085,flicker
12.4975,170652,flicker
12.5018,116,flicker
12.5058,171190,flicker
12.5120,171259,flicker
12.5141,171154,flicker
12.5192,1167,flicker
12.5232,1258,flicker
12.5246,1708,flicker
12.5271,53,flicker
12.5282,171266,flicker
12.5304,170990,flicker
12.5345,171170,flicker
12.5385,171169,flicker
12.5426,170679,flicker
12.5467,171225,flicker
12.5509,171784,flicker
12.5557,171072,flicker
12.5590,171409,flicker
12.5631,170954,flicker
12.5672,170837,flicker
12.5713,170941,flicker
12.5754,171373,flicker
12.5795,171389,flicker
12.5836,171332,flicker
12.5881,171297,flicker
12.5918,170841,flicker
12.5959,170922,flicker
12.6000,170890,flicker
12.6048,171230,flicker
12.6082,171112,flicker
12.6122,170818,flicker
12.6165,171451,flicker
12.6214,171135,flicker
12.6246,171674,flicker
12.6287,170862,flicker
12.6327,170968,flicker
12.6369,171318,flicker
12.6410,171316,flicker
12.6451,171192,flicker
12.6465,17,flicker
12.6491,1248,flicker
12.6503,1706,flicker
12.6532,77,flicker
12.6554,171014,flicker
12.6574,170850,flicker
12.6616,171654,flicker
12.6655,170848,flicker
12.6711,17086,flicker
12.6738,170759,flicker
12.6779,170965,flicker
12.6819,171038,flicker
12.6862,71173,flicker
12.6917,171274,flicker
12.6949,171150,flicker
12.6985,170705,flicker
12.7027,71110,flicker
12.7066,170611,flicker
12.7110,171261,flicker
12.7147,170564,flicker
12.7189,75,flicker
12.7262,170588,flicker
12.7270,170871,flicker
12.7310,171594,flicker
12.7368,711,flicker
12.7403,171503,flicker
12.7441,170642,flicker
12.7478,171314,flicker
12.7526,7019,flicker
12.7570,171035,flicker
12.7598,170938,flicker
12.7639,170839,flicker
12.7680,171399,flicker
12.7720,171196,flicker
12.7730,1,flicker
12.7762,71211,flicker
12.7775,1710,flicker
12.7803,37,flicker
12.7815,170667,flicker
12.7844,170841,flicker
12.7890,171228,flicker
12.7925,171153,flicker
12.7965,170920,flicker
12.8008,170503,flicker
12.8048,171047,flicker
12.8089,170918,flicker
12.8130,171182,flicker
12.8171,170954,flicker
12.8218,171339,flicker
12.8252,170403,flicker
12.8293,171352,flicker
12.8335,171278,flicker
12.8381,170600,flicker
12.8417,171263,flicker
12.8458,171319,flicker
12.8499,171286,flicker
12.8540,171058,flicker
12.8581,170678,flicker
12.8622,170767,flicker
12.8663,171102,flicker
12.8710,170702,flicker
12.8745,170705,flicker
12.8786,171008,flicker
12.8827,171163,flicker
12.8870,171022,flicker
12.8909,170825,flicker
12.8950,171348,flicker
12.8990,170977,flicker
12.9007,1,flicker
12.9039,70749,flicker
12.9058,1709,flicker
12.9071,39,flicker
12.9083,171139,flicker
12.9114,171032,flicker
12.9154,171617,flicker
12.9196,170936,flicker
12.9238,170953,flicker
12.9276,171269,flicker
12.9318,170864,flicker
12.9370,7,flicker
12.9401,170705,flicker
12.9441,170922,flicker
12.9483,170857,flicker
12.9536,71010,flicker
12.9566,171093,flicker
12.9613,171057,flicker
12.9646,171308,flicker
12.9687,71138,flicker
12.9752,170889,flicker
12.9774,170924,flicker
12.9819,170903,flicker
12.9852,151,flicker
12.9900,170774,flicker
12.9953,171000,flicker
12.9973,171697,flicker
13.0028,705,flicker
13.0058,170923,flicker
13.0102,171316,flicker
13.0136,171445,flicker
13.0179,120,flicker
13.0231,170873,flicker
13.0269,171256,flicker
13.0301,170896,flicker
13.0313,171,flicker
13.0355,0811,flicker
13.0388,170784,flicker
13.0424,171064,flicker
13.0465,171045,flicker
13.0505,170780,flicker
13.0549,171008,flicker
13.0588,171194,flicker
13.0628,171096,flicker
13.0670,170689,flicker
13.0715,170575,flicker
13.0751,170646,flicker
13.0792,170826,flicker
13.0833,171141,flicker
13.0882,171350,flicker
13.0916,170868,flicker
13.0956,171633,flicker
13.0997,171044,flicker
13.1046,171067,flicker
13.1079,170547,flicker
13.1120,171122,flicker
13.1161,170646,flicker
13.1208,170803,flicker
13.1245,170737,flicker
13.1283,171313,flicker
13.1326,170857,flicker
13.1369,170845,flicker
13.1406,170833,flicker
13.1447,170687,flicker
13.1488,171333,flicker
13.1533,170886,flicker
13.1570,170996,flicker
13.1584,170,flicker
13.1612,974,flicker
13.1629,171290,flicker
13.1652,170747,flicker
13.1697,171207,flicker
13.1735,171378,flicker
13.1775,170829,flicker
13.1817,171132,flicker
13.1860,170557,flicker
13.1899,171197,flicker
13.1939,170957,flicker
13.1981,170905,flicker
13.2028,171286,flicker
13.2062,170967,flicker
13.2103,171113,flicker
13.2144,171760,flicker
13.2203,70808,flicker
13.2240,171211,flicker
13.2267,170751,flicker
13.2308,171202,flicker
13.2350,7093,flicker
13.2391,170886,flicker
13.2441,171504,flicker
13.2474,171457,flicker
13.2525,71236,flicker
13.2555,171096,flicker
13.2599,171072,flicker
13.2644,170998,flicker
13.2678,170997,flicker
13.2720,170694,flicker
13.2759,171480,flicker
13.2799,171015,flicker
13.2850,17168,flicker
13.2910,0883,flicker
13.2922,171079,flicker
13.2923,171324,flicker
13.2963,171192,flicker
13.3005,171586,flicker
13.3048,170973,flicker
13.3086,170837,flicker
13.3127,171462,flicker
13.3169,171289,flicker
13.3213,171498,flicker
13.3250,170716,flicker
13.3291,171188,flicker
13.3333,171285,flicker
13.3376,170679,flicker
13.3413,171264,flicker
13.3454,170471,flicker
13.3497,171358,flicker
13.3539,170877,flicker
13.3579,171030,flicker
13.3618,171119,flicker
13.3660,171393,flicker
13.3702,171104,flicker
13.3743,170931,flicker
13.3783,171232,flicker
13.3824,170668,flicker
13.3870,170626,flicker
13.3905,171218,flicker
13.3945,171108,flicker
13.3987,170523,flicker
13.4039,171085,flicker
13.4070,170718,flicker
13.4109,170587,flicker
13.4127,17,flicker
13.4151,1339,flicker
13.4165,17106,flicker
13.4193,8,flicker
13.4209,170896,flicker
13.4232,170754,flicker
13.4273,170555,flicker
13.4315,170766,flicker
13.4356,04,flicker
13.4422,170787,flicker
13.4437,171502,flicker
13.4480,170769,flicker
13.4533,170885,flicker
13.4560,170882,flicker
13.4601,170795,flicker
13.4642,170800,flicker
13.4705,7,flicker
13.4727,170991,flicker
13.4766,171207,flicker
13.4807,171429,flicker
13.4848,71189,flicker
13.4891,170290,flicker
13.4938,171062,flicker
13.4971,170526,flicker
13.5025,71,flicker
13.5092,171113,flicker
13.5096,170662,flicker
13.5133,171285,flicker
13.5191,7150,flicker
13.5219,171319,flicker
13.5256,171223,flicker
13.5297,171040,flicker
13.5339,171093,flicker
13.5379,171296,flicker
13.5389,17,flicker
13.5420,0818,flicker
13.5436,17079,flicker
13.5461,5,flicker
13.5471,170952,flicker
13.5502,171237,flicker
13.5546,170633,flicker
13.5584,170953,flicker
13.5625,171095,flicker
13.5666,171341,flicker
13.5708,171497,flicker
13.5748,171267,flicker
13.5788,170863,flicker
13.5831,170987,flicker
13.5878,171321,flicker
13.5913,170736,flicker
13.5953,170652,flicker
13.5995,171026,flicker
13.6044,171419,flicker
13.6076,171328,flicker
13.6116,171341,flicker
13.6159,171117,flicker
13.6206,171067,flicker
13.6239,171094,flicker
13.6280,171351,flicker
13.6322,170590,flicker
13.6368,171052,flicker
13.6407,171184,flicker
13.6445,170939,flicker
13.6485,171192,flicker
13.6529,171614,flicker
13.6570,170841,flicker
13.6608,170891,flicker
13.6649,170853,flicker
13.6664,1,flicker
13.6692,70886,flicker
13.6711,1710,flicker
13.6731,35,flicker
13.6743,170983,flicker
13.6772,170851,flicker
13.6813,170924,flicker
13.6873,714,flicker
13.6896,171146,flicker
13.6935,170622,flicker
13.6977,171008,flicker
13.7034,70,flicker
13.7069,171199,flicker
13.7099,171143,flicker
13.7140,171529,flicker
13.7189,171812,flicker
13.7222,171301,flicker
13.7263,170837,flicker
13.7304,171341,flicker
13.7347,7162,flicker
13.7390,171652,flicker
13.7430,170993,flicker
13.7471,170908,flicker
13.7523,7,flicker
13.7560,170948,flicker
13.7591,170571,flicker
13.7632,171284,flicker
13.7685,1712,flicker
13.7720,170594,flicker
13.7756,171362,flicker
13.7796,171336,flicker
13.7837,171072,flicker
13.7878,171122,flicker
13.7919,171274,flicker
13.7932,1,flicker
13.7960,71471,flicker
13.7974,1709,flicker
13.8001,60,flicker
13.8004,171474,flicker
13.8042,171067,flicker
13.8083,170799,flicker
13.8123,171350,flicker
13.8165,170484,flicker
13.8207,170839,flicker
13.8246,170930,flicker
13.8287,171048,flicker
13.8329,171700,flicker
13.8374,171222,flicker
13.8410,170605,flicker
13.8452,171335,flicker
13.8492,170835,flicker
13.8541,171120,flicker
13.8576,170908,flicker
13.8616,171569,flicker
13.8657,171224,flicker
13.8704,171327,flicker
13.8739,171109,flicker
13.8779,170843,flicker
13.8820,171448,flicker
13.8871,170532,flicker
13.8902,170816,flicker
13.8943,170966,flicker
13.8984,171342,flicker
13.9031,171289,flicker
13.9065,171102,flicker
13.9107,171061,flicker
13.9147,171642,flicker
13.9201,70,flicker
13.9236,170867,flicker
13.9248,171,flicker
13.9274,150,flicker
13.9293,171193,flicker
13.9312,170926,flicker
13.9353,1,flicker
13.9358,1066,flicker
13.9395,171095,flicker
13.9435,171448,flicker
13.9477,170952,flicker
13.9518,71192,flicker
13.9559,171458,flicker
13.9608,171271,flicker
13.9640,171094,flicker
13.9681,71297,flicker
13.9727,171250,flicker
13.9770,171055,flicker
13.9803,171615,flicker
13.9863,71420,flicker
13.9892,171396,flicker
13.9932,170919,flicker
13.9967,170852,flicker
14.0023,7062,flicker
14.0053,171524,flicker
14.0091,170794,flicker
14.0130,170397,flicker
14.0186,713,flicker
14.0222,170909,flicker
14.0255,170966,flicker
14.0299,171399,flicker
14.0338,1102,flicker
14.0379,171277,flicker
14.0424,171362,flicker
14.0461,170855,flicker
14.0500,171316,flicker
14.0517,17,flicker
14.0542,0433,flicker
14.0553,17135,flicker
14.0581,1,flicker
14.0581,170950,flicker
14.0622,170906,flicker
14.0663,170907,flicker
14.0705,170885,flicker
14.0745,170848,flicker
14.0786,170875,flicker
14.0828,170935,flicker
14.0875,171344,flicker
14.0909,171514,flicker
14.0951,170986,flicker
14.0991,170825,flicker
14.1039,171401,flicker
14.1072,171271,flicker
14.1113,171096,flicker
14.1157,171079,flicker
14.1203,171185,flicker
14.1236,171149,flicker
14.1277,170843,flicker
14.1318,170899,flicker
14.1368,171012,flicker
14.1401,170941,flicker
14.1441,171061,flicker
14.1482,171168,flicker
14.1528,171174,flicker
14.1565,171170,flicker
14.1606,171077,flicker
14.1646,171262,flicker
14.1695,170886,flicker
14.1728,170907,flicker
14.1769,170802,flicker
14.1788,17,flicker
14.1810,1171,flicker
14.1828,17120,flicker
14.1856,6,flicker
14.1860,171127,flicker
14.1893,171081,flicker
14.1933,171193,flicker
14.1975,171484,flicker
14.2016,71165,flicker
14.2058,171343,flicker
14.2100,171138,flicker
14.2137,171317,flicker
14.2183,170974,flicker
14.2219,171452,flicker
14.2260,170828,flicker
14.2301,171058,flicker
14.2355,7150,flicker
14.2387,170999,flicker
14.2443,171268,flicker
14.2465,170947,flicker
14.2522,712,flicker
14.2555,170991,flicker
14.2589,171270,flicker
14.2629,171301,flicker
14.2687,112,flicker
14.2721,171414,flicker
14.2755,171053,flicker
14.2793,170402,flicker
14.2836,17130,flicker
14.2878,170914,flicker
14.2923,171172,flicker
14.2956,171202,flicker
14.2998,171070,flicker
14.3042,171028,flicker
14.3055,17,flicker
14.3080,1022,flicker
14.3093,17093,flicker
14.3120,8,flicker
14.3121,171044,flicker
14.3162,170889,flicker
14.3205,170874,flicker
14.3243,171643,flicker
14.3285,171358,flicker
14.3326,170605,flicker
14.3373,171055,flicker
14.3407,170770,flicker
14.3448,171114,flicker
14.3490,171090,flicker
14.3531,171082,flicker
14.3571,171098,flicker
14.3612,170708,flicker
14.3654,171152,flicker
14.3695,171253,flicker
14.3735,171291,flicker
14.3776,171072,flicker
14.3819,171199,flicker
14.3866,171303,flicker
14.3899,170977,flicker
14.3940,171357,flicker
14.3980,171373,flicker
14.4024,170729,flicker
14.4062,171097,flicker
14.4103,170918,flicker
14.4145,171093,flicker
14.4194,70895,flicker
14.4227,170833,flicker
14.4268,170657,flicker
14.4308,171435,flicker
14.4320,1,flicker
14.4350,0842,flicker
14.4364,11,flicker
14.4403,1,flicker
14.4424,171041,flicker
14.4438,171379,flicker
14.4475,171247,flicker
14.4526,7,flicker
14.4569,170941,flicker
14.4596,170688,flicker
14.4636,170729,flicker
14.4690,7088,flicker
14.4722,171236,flicker
14.4775,171420,flicker
14.4800,171160,flicker
14.4842,71180,flicker
14.4888,171415,flicker
14.4927,171095,flicker
14.4964,171055,flicker
14.5006,74,flicker
14.5055,170695,flicker
14.5088,171313,flicker
14.5128,171197,flicker
14.5180,7,rest
14.5218,170631,rest
14.5259,171387,rest
14.5292,170630,rest
14.5333,170434,rest
14.5375,170496,rest
14.5415,171146,rest
14.5455,171047,rest
14.5497,171126,rest
14.5540,171071,rest
14.5579,170932,rest
14.5594,1,rest
14.5619,71394,rest
14.5632,1712,rest
14.5661,04,rest
14.5679,171104,rest
14.5707,171167,rest
14.5742,171211,rest
14.5783,171027,rest
14.5825,171145,rest
14.5876,171023,rest
14.5905,171280,rest
14.5947,171089,rest
14.5988,171062,rest
14.6031,170392,rest
14.6069,170785,rest
14.6110,170976,rest
14.6152,170926,rest
14.6194,171521,rest
14.6233,170799,rest
14.6274,171103,rest
14.6315,171413,rest
14.6365,171066,rest
14.6397,171576,rest
14.6438,171006,rest
14.6479,171312,rest
14.6530,171198,rest
14.6561,171192,rest
14.6602,171262,rest
14.6643,171292,rest
14.6691,170943,rest
14.6725,170857,rest
14.6765,171180,rest
14.6807,171156,rest
14.6849,173,rest
14.6889,71138,rest
14.6902,1718,rest
14.6930,60,rest
14.6947,171019,rest
14.6973,170916,rest
14.7033,71009,rest
14.7056,171214,rest
14.7099,171068,rest
14.7136,171217,rest
14.7176,70681,rest
14.7231,170707,rest
14.7268,171052,rest
14.7299,171492,rest
14.7352,7,rest
14.7387,171160,rest
14.7422,171074,rest
14.7463,171300,rest
14.7505,75,rest
14.7566,171284,rest
14.7599,171052,rest
14.7626,171346,rest
14.7669,47,rest
14.7723,171017,rest
14.7751,170572,rest
14.7790,170927,rest
14.7831,171325,rest
14.7873,171368,rest
14.7912,171130,rest
14.7953,171352,rest
14.7996,170766,rest
14.8043,171307,rest
14.8076,171435,rest
14.8117,171378,rest
14.8130,1,rest
14.8158,71618,rest
14.8173,1713,rest
14.8200,62,rest
14.8218,170972,rest
14.8241,171038,rest
14.8281,170698,rest
14.8323,170496,rest
14.8370,171252,rest
14.8405,171108,rest
14.8445,170838,rest
14.8487,171345,rest
14.8534,170853,rest
14.8568,170953,rest
14.8608,170866,rest
14.8651,171089,rest
14.8699,170264,rest
14.8732,171711,rest
14.8773,171210,rest
14.8815,171130,rest
14.8861,171891,rest
14.8896,171221,rest
14.8936,170964,rest
14.8977,170869,rest
14.9028,170964,rest
14.9059,171428,rest
14.9100,170915,rest
14.9141,170923,rest
14.9194,71563,rest
14.9227,171271,rest
14.9277,171455,rest
14.9307,171611,rest
14.9363,171534,rest
14.9387,171355,rest
14.9397,1,rest
14.9428,70956,rest
14.9443,170,rest
14.9470,871,rest
14.9489,171525,rest
14.9514,170937,rest
14.9551,171229,rest
14.9592,171390,rest
14.9633,170820,rest
14.9691,708,rest
14.9723,171438,rest
14.9760,170997,rest
14.9797,171280,rest
14.9838,71122,rest
14.9884,170825,rest
14.9925,171075,rest
14.9961,171200,rest
15.0008,1713,rest
15.0044,170677,rest
15.0092,171285,rest
15.0126,171521,rest
15.0167,72,rest
15.0209,170949,rest
15.0254,171113,rest
15.0288,171120,rest
15.0348,96,rest
15.0372,171534,rest
15.0413,170808,rest
15.0461,171316,rest
15.0494,170884,rest
15.0539,171132,rest
15.0575,170774,rest
15.0616,171636,rest
15.0657,171043,rest
15.0700,171437,rest
15.0710,171,rest
15.0739,257,rest
15.0750,171176,rest
15.0780,171017,rest
15.0821,170939,rest
15.0868,171091,rest
15.0903,171242,rest
15.0943,171329,rest
15.0985,170884,rest
15.1028,171537,rest
15.1067,171333,rest
15.1107,171223,rest
15.1148,171208,rest
15.1191,171000,rest
15.1230,170785,rest
15.1271,171087,rest
15.1312,171244,rest
15.1356,171212,rest
15.1395,171480,rest
15.1435,171109,rest
15.1477,171462,rest
15.1526,171132,rest
15.1558,171544,rest
15.1598,171243,rest
15.1640,171250,rest
15.1684,170772,rest
15.1722,171184,rest
15.1763,171230,rest
15.1804,170874,rest
15.1845,71881,rest
15.1890,171143,rest
15.1929,171431,rest
15.1979,171370,rest
15.1989,17,rest
15.2022,1275,rest
15.2038,17099,rest
15.2049,8,rest
15.2050,170807,rest
15.2090,171284,rest
15.2131,171291,rest
15.2176,171256,rest
15.2213,170667,rest
15.2254,171673,rest
15.2295,170809,rest
15.2355,7,rest
15.2384,171013,rest
15.2428,171356,rest
15.2461,171469,rest
15.2508,1054,rest
15.2548,170692,rest
15.2582,171485,rest
15.2623,171020,rest
15.2665,715,rest
15.2707,171409,rest
15.2753,171369,rest
15.2792,170984,rest
15.2842,173,rest
15.2877,170868,rest
15.2914,171550,rest
15.2951,171614,rest
15.2992,171304,rest
15.3032,171188,rest
15.3073,171498,rest
15.3115,171079,rest
15.3156,171021,rest
15.3196,171363,rest
15.3237,171118,rest
15.3252,17,rest
15.3278,1583,rest
15.3291,17120,rest
15.3319,9,rest
15.3321,170842,rest
15.3363,170512,rest
15.3401,171669,rest
15.3442,171250,rest
15.3484,171410,rest
15.3535,170993,rest
15.3565,171242,rest
15.3606,171438,rest
15.3648,170973,rest
15.3695,171534,rest
15.3729,171562,rest
15.3769,171313,rest
15.3812,171225,rest
15.3861,171021,rest
15.3893,170948,rest
15.3933,170912,rest
15.3975,170919,rest
15.4017,171070,rest
15.4056,171001,rest
15.4097,170987,rest
15.4138,170673,rest
15.4182,171110,rest
15.4220,171746,rest
15.4261,170662,rest
15.4302,171496,rest
15.4344,73,rest
15.4392,171721,rest
15.4427,170973,rest
15.4470,171448,rest
15.4509,7126,rest
15.4561,750,rest
15.4590,17076,rest
15.4592,7,rest
15.4599,170829,rest
15.4630,171516,rest
15.4687,7,rest
15.4719,171152,rest
15.4756,171086,rest
15.4794,170914,rest
15.4862,7,rest
15.4889,171141,rest
15.4918,171446,rest
15.4957,170914,rest
15.5009,71,rest
15.5040,171360,rest
15.5087,171448,rest
15.5122,171490,rest
15.5164,703,rest
15.5204,170549,rest
15.5268,170969,rest
15.5285,171219,rest
15.5330,1707,rest
15.5368,171185,rest
15.5408,171100,rest
15.5449,171177,rest
15.5491,170863,rest
15.5532,171550,rest
15.5572,171298,rest
15.5613,171189,rest
15.5654,171202,rest
15.5695,170988,rest
15.5736,171098,rest
15.5777,170758,rest
15.5789,1,rest
15.5819,71067,rest
15.5838,1711,rest
15.5861,63,rest
15.5874,171316,rest
15.5900,171154,rest
15.5941,170444,rest
15.5982,171396,rest
15.6025,171009,rest
15.6064,170871,rest
15.6105,171178,rest
15.6147,171568,rest
15.6193,170976,rest
15.6228,171027,rest
15.6269,171288,rest
15.6309,171261,rest
15.6354,171343,rest
15.6391,171360,rest
15.6432,171242,rest
15.6473,171553,rest
15.6525,171508,rest
15.6555,170628,rest
15.6595,171133,rest
15.6636,171161,rest
15.6686,171006,rest
15.6719,170737,rest
15.6760,171071,rest
15.6801,171290,rest
15.6858,775,rest
15.6889,170610,rest
15.6925,171211,rest
15.6966,170810,rest
15.7009,170975,rest
15.7052,170765,rest
15.7055,1,rest
15.7088,71128,rest
15.7102,1711,rest
15.7128,72,rest
15.7137,171686,rest
15.7178,171410,rest
15.7210,171119,rest
15.7251,170887,rest
15.7292,171298,rest
15.7337,171039,rest
15.7375,171389,rest
15.7415,171513,rest
15.7456,171268,rest
15.7501,171199,rest
15.7538,171473,rest
15.7578,170729,rest
15.7619,171159,rest
15.7662,7093,rest
15.7712,170823,rest
15.7743,171414,rest
15.7790,171321,rest
15.7840,71,rest
15.7870,171160,rest
15.7907,171102,rest
15.7959,170907,rest
15.8004,17128,rest
15.8034,171084,rest
15.8080,171667,rest
15.8111,171461,rest
15.8158,16,rest
15.8213,171836,rest
15.8235,171282,rest
15.8275,170954,rest
15.8317,171394,rest
15.8333,1,rest
15.8360,70965,rest
15.8377,1709,rest
15.8398,91,rest
15.8407,171136,rest
15.8439,171297,rest
15.8480,170510,rest
15.8531,170365,rest
15.8562,170923,rest
15.8603,171550,rest
15.8644,171270,rest
15.8690,171103,rest
15.8726,171269,rest
15.8766,170919,rest
15.8808,171057,rest
15.8852,171089,rest
15.8890,170717,rest
15.8930,171169,rest
15.8972,171085,rest
15.9023,171401,rest
15.9053,171127,rest
15.9095,171587,rest
15.9135,171049,rest
15.9194,170755,rest
15.9217,171350,rest
15.9258,171444,rest
15.9299,171724,rest
15.9344,171445,rest
15.9385,171499,rest
15.9422,171126,rest
15.9463,170874,rest
15.9519,70885,rest
15.9556,171086,rest
15.9588,171081,rest
15.9627,171131,rest
15.9637,170,rest
15.9672,998,rest
15.9691,171274,rest
15.9709,171286,rest
15.9749,171216,rest
15.9790,171393,rest
15.9831,71101,rest
15.9879,170839,rest
15.9918,171078,rest
15.9955,170727,rest
16.0018,709,rest
16.0041,171281,rest
16.0085,171510,rest
16.0118,171629,rest
16.0161,51,rest
16.0202,170985,rest
16.0241,170883,rest
16.0285,170877,rest
16.0323,170757,rest
16.0367,171667,rest
16.0405,170736,rest
16.0446,171370,rest
16.0487,171528,rest
16.0528,170708,rest
16.0569,171251,rest
16.0610,171474,rest
16.0651,171290,rest
16.0692,171131,rest
16.0733,171446,rest
16.0774,171398,rest
16.0815,171497,rest
16.0860,171329,rest
16.0897,170987,rest
16.0908,170,rest
16.0938,706,rest
16.0952,17148,rest
16.0978,3,rest
16.0979,170622,rest
16.1026,171015,rest
16.1060,170721,rest
16.1101,170746,rest
16.1143,171183,rest
16.1187,171171,rest
16.1224,171814,rest
16.1265,170988,rest
16.1307,170931,rest
16.1350,170694,rest
16.1388,171237,rest
16.1429,171242,rest
16.1470,171059,rest
16.1515,170925,rest
16.1552,171253,rest
16.1593,171451,rest
16.1635,170892,rest
16.1676,171168,rest
16.1715,171272,rest
16.1756,170772,rest
16.1798,170997,rest
16.1851,170659,rest
16.1879,170881,rest
16.1920,171421,rest
16.1962,171348,rest
16.2003,70983,rest
16.2053,171246,rest
16.2094,170885,rest
16.2130,171374,rest
16.2170,171341,rest
16.2181,17,rest
16.2207,1160,rest
16.2219,17126,rest
16.2248,0,rest
16.2249,171083,rest
16.2289,171501,rest
16.2331,71517,rest
16.2371,171183,rest
16.2415,171127,rest
16.2473,170909,rest
16.2495,170980,rest
16.2551,171414,rest
16.2576,171212,rest
16.2617,171164,rest
16.2659,7959,rest
16.2699,170883,rest
16.2740,170891,rest
16.2783,170886,rest
16.2822,171221,rest
16.2872,171472,rest
16.2903,171405,rest
16.2944,171525,rest
16.2986,170614,rest
16.3030,170801,rest
16.3067,170950,rest
16.3108,171161,rest
16.3149,171253,rest
16.3190,170495,rest
16.3231,171223,rest
16.3272,171453,rest
16.3313,171154,rest
16.3360,170988,rest
16.3395,171123,rest
16.3436,171070,rest
16.3453,17,rest
16.3477,1300,rest
16.3488,17095,rest
16.3518,8,rest
16.3522,170958,rest
16.3559,171431,rest
16.3600,170930,rest
16.3641,171235,rest
16.3693,171220,rest
16.3723,171639,rest
16.3764,170834,rest
16.3809,171082,rest
16.3848,170833,rest
16.3886,171310,rest
16.3927,170794,rest
16.3968,171284,rest
16.4015,171815,rest
16.4050,171231,rest
16.4091,170694,rest
16.4132,171127,rest
16.4179,171368,rest
16.4215,171000,rest
16.4255,171479,rest
16.4296,171014,rest
16.4355,717,rest
16.4378,171444,rest
16.4419,171169,rest
16.4460,170958,rest
16.4514,71447,rest
16.4554,171326,rest
16.4584,170997,rest
16.4623,171048,rest
16.4665,71407,rest
16.4712,171412,rest
16.4727,17,rest
16.4747,0966,rest
16.4759,17115,rest
16.4787,3,rest
16.4788,171250,rest
16.4834,171439,rest
16.4869,171190,rest
16.4910,170991,rest
16.4951,171225,rest
16.4994,72,rest
16.5049,171055,rest
16.5076,170855,rest
16.5117,170952,rest
16.5158,7219,rest
16.5200,171271,rest
16.5238,171024,rest
16.5279,170949,rest
16.5321,171415,rest
16.5366,171157,rest
16.5402,170969,rest
16.5442,171049,rest
16.5486,170709,rest
16.5529,171091,rest
16.5565,171304,rest
16.5606,171025,rest
16.5648,171160,rest
16.5695,170863,rest
16.5730,171135,rest
16.5771,170964,rest
16.5812,171684,rest
16.5853,171344,rest
16.5893,171202,rest
16.5935,171098,rest
16.5976,170871,rest
16.5989,17,rest
16.6019,1221,rest
16.6036,17074,rest
16.6057,0,rest
16.6069,171344,rest
16.6098,171071,rest
16.6140,171055,rest
16.6181,171312,rest
16.6221,170924,rest
16.6262,171233,rest
16.6304,170994,rest
16.6347,171175,rest
16.6385,170430,rest
16.6426,171322,rest
16.6467,171034,rest
16.6511,170882,rest
16.6548,170978,rest
16.6589,171578,rest
16.6631,170972,rest
16.6676,171171,rest
16.6713,171065,rest
16.6754,170732,rest
16.6795,170599,rest
16.6843,170913,rest
16.6877,171457,rest
16.6917,171475,rest
16.6959,170966,rest
16.7008,170728,rest
16.7040,171636,rest
16.7081,170682,rest
16.7122,171180,rest
16.7182,71,rest
16.7206,170721,rest
16.7246,171554,rest
16.7262,17,rest
16.7286,1094,rest
16.7298,1712,rest
16.7343,56,rest
16.7370,170520,rest
16.7418,170766,rest
16.7450,171101,rest
16.7509,709,rest
16.7535,170881,rest
16.7583,171112,rest
16.7620,171887,rest
16.7655,171566,rest
16.7697,170854,rest
16.7737,171611,rest
16.7778,171672,rest
16.7822,170898,rest
16.7861,171412,rest
16.7900,171544,rest
16.7941,171554,rest
16.7983,171122,rest
16.8028,171424,rest
16.8064,171214,rest
16.8105,171145,rest
16.8146,171189,rest
16.8194,170805,rest
16.8229,170743,rest
16.8269,171261,rest
16.8311,171422,rest
16.8356,171246,rest
16.8392,171199,rest
16.8432,170625,rest
16.8479,171231,rest
16.8525,171198,rest
16.8537,1,rest
16.8556,71471,rest
16.8568,1710,rest
16.8597,68,rest
16.8606,170857,rest
16.8639,170890,rest
16.8683,171009,rest
16.8720,171188,rest
16.8761,171357,rest
16.8803,171000,rest
16.8847,171376,rest
16.8883,171109,rest
16.8925,170581,rest
16.8968,171302,rest
16.9009,171393,rest
16.9047,170248,rest
16.9089,170896,rest
16.9129,171163,rest
16.9175,171174,rest
16.9211,171268,rest
16.9253,171254,rest
16.9293,170762,rest
16.9342,170807,rest
16.9375,170990,rest
16.9417,171205,rest
16.9459,170997,rest
16.9520,72,rest
16.9557,171429,rest
16.9599,170727,rest
16.9635,171521,rest
16.9664,171319,rest
16.9708,171480,rest
16.9744,171095,rest
16.9785,171117,rest
16.9801,1,rest
16.9826,1049,rest
16.9868,021,rest
16.9883,171560,rest
16.9908,170674,rest
16.9948,171079,rest
16.9992,112,rest
17.0034,171002,rest
17.0075,171272,rest
17.0112,170993,rest
17.0157,168,rest
17.0200,171418,rest
17.0235,171339,rest
17.0276,171035,rest
17.0317,171246,rest
17.0358,171312,rest
17.0399,171323,rest
17.0440,170871,rest
17.0481,170985,rest
17.0525,171049,rest
17.0562,171644,rest
17.0603,171318,rest
17.0645,171216,rest
17.0690,170602,rest
17.0726,171214,rest
17.0767,171099,rest
17.0809,171505,rest
17.0854,171424,rest
17.0890,171369,rest
17.0931,171332,rest
17.0973,171680,rest
17.1020,171391,rest
17.1055,171522,rest
17.1095,171470,rest
17.1107,171,rest
17.1137,087,rest
17.1151,171474,rest
17.1180,170927,rest
17.1218,171494,rest
17.1259,170578,rest
17.1301,171128,rest
17.1349,170965,rest
17.1382,170869,rest
17.1423,171226,rest
17.1466,170852,rest
17.1507,171088,rest
17.1547,170684,rest
17.1587,171196,rest
17.1627,171824,rest
17.1673,170979,rest
17.1710,171514,rest
17.1751,170999,rest
17.1791,170705,rest
17.1837,170840,rest
17.1873,171191,rest
17.1915,170541,rest
17.1956,170738,rest
17.1997,71130,rest
17.2044,171235,rest
17.2078,171339,rest
17.2119,171202,rest
17.2169,7,rest
17.2208,170797,rest
17.2245,170712,rest
17.2283,170672,rest
17.2325,71434,rest
17.2375,171027,rest
17.2387,170,rest
17.2408,724,rest
17.2426,171278,rest
17.2447,171150,rest
17.2489,70,rest
17.2545,171493,rest
17.2577,170981,rest
17.2611,171529,rest
17.2654,7573,rest
17.2704,171444,rest
17.2740,171073,rest
17.2776,171478,rest
17.2816,170925,rest
17.2856,170854,rest
17.2897,171330,rest
17.2938,171261,rest
17.2980,171451,rest
17.3021,171149,rest
17.3061,171261,rest
17.3102,171478,rest
17.3144,170930,rest
17.3187,170859,rest
17.3225,170935,rest
17.3266,170704,rest
17.3307,171031,rest
17.3348,170879,rest
17.3389,171065,rest
17.3430,170924,rest
17.3471,171215,rest
17.3520,171320,rest
17.3553,171150,rest
17.3594,171003,rest
17.3636,171273,rest
17.3649,17,rest
17.3680,1660,rest
17.3694,17134,rest
17.3717,4,rest
17.3717,170598,rest
17.3757,170999,rest
17.3800,170957,rest
17.3842,171187,rest
17.3880,170974,rest
17.3921,171210,rest
17.3962,171216,rest
17.4011,170661,rest
17.4045,170667,rest
17.4085,171035,rest
17.4126,171358,rest
17.4167,71373,rest
17.4211,171264,rest
17.4251,170787,rest
17.4297,170686,rest
17.4337,171124,rest
17.4372,171309,rest
17.4413,170543,rest
17.4456,171254,rest
17.4512,70,rest
17.4546,171313,rest
17.4588,171063,rest
17.4618,171295,rest
17.4660,83,rest
17.4707,171179,rest
17.4749,170804,rest
17.4787,170748,rest
17.4834,7120,rest
17.4865,171547,rest
17.4905,170798,rest
17.4916,17,rest
17.4945,1426,rest
17.4961,17108,rest
17.4989,1092,rest
17.5030,171032,rest
17.5069,171049,rest
17.5117,171351,rest
17.5150,170869,rest
17.5191,171447,rest
17.5232,171151,rest
17.5273,170977,rest
17.5318,17111,rest
17.5368,171399,rest
17.5402,171672,rest
17.5436,171483,rest
17.5479,171132,rest
17.5519,171474,rest
17.5560,171134,rest
17.5600,170817,rest
17.5641,171257,rest
17.5691,171445,rest
17.5723,171121,rest
17.5764,171335,rest
17.5806,170992,rest
17.5854,171574,rest
17.5887,171018,rest
17.5928,171587,rest
17.5970,171336,rest
17.6018,171391,rest
17.6051,171146,rest
17.6092,171359,rest
17.6135,171034,rest
17.6180,171361,rest
17.6190,17,rest
17.6215,1439,rest
17.6230,1709,rest
17.6256,95,rest
17.6268,170995,rest
17.6298,171200,rest
17.6343,170878,rest
17.6379,171286,rest
17.6420,171145,rest
17.6461,170885,rest
17.6514,171298,rest
17.6543,171135,rest
17.6585,170928,rest
17.6625,170865,rest
17.6669,170960,rest
17.6706,171131,rest
17.6747,171208,rest
17.6788,170677,rest
17.6830,171291,rest
17.6872,170530,rest
17.6912,171436,rest
17.6953,171338,rest
17.6994,71557,rest
17.7060,171090,rest
17.7085,171235,rest
17.7117,171109,rest
17.7173,7,rest
17.7202,171024,rest
17.7239,171075,rest
17.7280,171227,rest
17.7338,7,rest
17.7386,170931,rest
17.7419,171167,rest
17.7444,171123,rest
17.7457,1,rest
17.7486,1315,rest
17.7491,1,rest
17.7535,90,rest
17.7561,170803,rest
17.7573,171500,rest
17.7608,171286,rest
17.7650,78,rest
17.7712,170816,rest
17.7751,171101,rest
17.7772,171268,rest
17.7832,1717,rest
17.7860,171495,rest
17.7903,171324,rest
17.7935,170696,rest
17.7977,171376,rest
17.8017,171146,rest
17.8058,171203,rest
17.8099,171049,rest
17.8140,171357,rest
17.8185,171203,rest
17.8222,170960,rest
17.8262,171388,rest
17.8305,171069,rest
17.8348,171107,rest
17.8386,171330,rest
17.8427,171500,rest
17.8468,171417,rest
17.8510,170892,rest
17.8550,171128,rest
17.8591,171139,rest
17.8633,170784,rest
17.8680,170705,rest
17.8713,171504,rest
17.8727,1,rest
17.8755,70990,rest
17.8766,1706,rest
17.8795,89,rest
17.8812,170842,rest
17.8840,171034,rest
17.8877,171951,rest
17.8918,170585,rest
17.8961,171336,rest
17.9005,171076,rest
17.9041,171627,rest
17.9082,171835,rest
17.9123,170900,rest
17.9173,171324,rest
17.9205,171026,rest
17.9246,171259,rest
17.9288,170849,rest
17.9336,171215,rest
17.9369,170998,rest
17.9410,170981,rest
17.9451,171124,rest
17.9493,79,rest
17.9539,171401,rest
17.9591,171352,rest
17.9615,170999,rest
17.9657,191,rest
17.9699,170863,rest
17.9751,171616,rest
17.9778,171467,rest
17.9836,76,rest
17.9870,171720,rest
17.9907,171491,rest
17.9942,171277,rest
17.9990,171010,rest
18.0025,171089,rest
18.0036,170,rest
18.0065,798,rest
18.0081,171221,rest
18.0106,171174,rest
18.0149,724,rest
18.0191,171039,rest
18.0245,171095,rest
18.0270,171505,rest
18.0318,170,rest
18.0355,171502,rest
18.0405,171076,rest
18.0435,171432,rest
18.0475,171521,rest
18.0515,171471,rest
18.0557,170898,rest
18.0597,171381,rest
18.0639,171563,rest
18.0684,171440,rest
18.0721,171217,rest
18.0761,171146,rest
18.0803,170951,rest
18.0847,171442,rest
18.0884,171032,rest
18.0925,170994,rest
18.0967,171379,rest
18.1012,170978,rest
18.1048,171205,rest
18.1089,171224,rest
18.1131,170735,rest
18.1177,170994,rest
18.1212,171159,rest
18.1253,170906,rest
18.1295,171212,rest
18.1306,170,rest
18.1341,996,rest
18.1360,171305,rest
18.1376,171409,rest
18.1417,171040,rest
18.1459,171276,rest
18.1501,171076,rest
18.1548,170897,rest
18.1580,170935,rest
18.1621,171534,rest
18.1666,171512,rest
18.1711,171048,rest
18.1744,171164,rest
18.1785,171420,rest
18.1830,170919,rest
18.1868,171241,rest
18.1908,170330,rest
18.1949,171087,rest
18.2002,72,rest
18.2037,171627,rest
18.2079,171573,rest
18.2113,171001,rest
18.2170,75,rest
18.2206,171233,rest
18.2237,171307,rest
18.2277,170968,rest
18.2318,70844,rest
18.2361,171559,rest
18.2402,171289,rest
18.2459,171109,rest
18.2482,171059,rest
18.2526,171676,rest
18.2564,171128,rest
18.2576,171,rest
18.2605,217,rest
18.2619,170941,rest
18.2650,171239,rest
18.2691,171216,rest
18.2727,171340,rest
18.2768,171125,rest
18.2810,171218,rest
18.2850,171303,rest
18.2891,171535,rest
18.2932,171681,rest
18.2973,170993,rest
18.3016,171054,rest
18.3055,171016,rest
18.3096,171513,rest
18.3137,171275,rest
18.3178,171022,rest
18.3219,170894,rest
18.3260,171111,rest
18.3302,170862,rest
18.3342,171070,rest
18.3383,170589,rest
18.3424,171162,rest
18.3465,171261,rest
18.3512,171550,rest
18.3546,170739,rest
18.3588,171650,rest
18.3629,171142,rest
18.3677,171351,rest
18.3710,171322,rest
18.3751,170913,rest
18.3794,170933,rest
18.3837,171354,rest
18.3849,170,rest
18.3874,754,rest
18.3888,17100,rest
18.3915,4,rest
18.3916,171431,rest
18.3957,171005,rest
18.4001,171093,rest
18.4038,170967,rest
18.4079,171301,rest
18.4120,171318,rest
18.4172,170937,rest
18.4202,171256,rest
18.4243,170888,rest
18.4285,171088,rest
18.4326,6,rest
18.4367,171298,rest
18.4415,171105,rest
18.4450,171076,rest
18.4490,7146,rest
18.4545,171242,rest
18.4571,171412,rest
18.4624,171478,rest
18.4653,71582,rest
18.4706,171093,rest
18.4735,171042,rest
18.4782,171475,rest
18.4817,71386,rest
18.4876,171145,rest
18.4911,171217,rest
18.4939,171381,rest
18.4994,7166,rest
18.5028,171025,rest
18.5073,170922,rest
18.5103,170907,rest
18.5114,17,rest
18.5144,161,rest
18.5160,17154,rest
18.5185,9,rest
18.5187,171222,rest
18.5236,170598,rest
18.5267,171002,rest
18.5318,107,rest
18.5363,170533,rest
18.5391,171043,rest
18.5431,171572,rest
18.5472,170781,rest
18.5513,171534,rest
18.5554,170942,rest
18.5595,170957,rest
18.5635,171241,rest
18.5678,171108,rest
18.5717,170616,rest
18.5758,171266,rest
18.5800,171307,rest
18.5848,170669,rest
18.5881,171351,rest
18.5922,171117,rest
18.5963,170691,rest
18.6009,171039,rest
18.6045,171694,rest
18.6086,171517,rest
18.6129,171256,rest
18.6175,171130,rest
18.6209,170614,rest
18.6250,171038,rest
18.6291,171347,rest
18.6335,171248,rest
18.6373,171259,rest
18.6386,17,rest
18.6415,1324,rest
18.6427,1709,rest
18.6455,88,rest
18.6472,172045,rest
18.6498,171528,rest
18.6536,171130,rest
18.6577,171372,rest
18.6618,171422,rest
18.6670,171563,rest
18.6701,171298,rest
18.6741,171358,rest
18.6783,171171,rest
18.6828,170903,rest
18.6865,171163,rest
18.6905,171710,rest
18.6947,170817,rest
18.7004,71173,rest
18.7030,170987,rest
18.7071,171206,rest
18.7110,171353,rest
18.7163,7,rest
18.7206,171483,rest
18.7237,171151,rest
18.7274,171196,rest
18.7334,71,rest
18.7362,171362,rest
18.7400,171031,rest
18.7438,170943,rest
18.7480,71,rest
18.7549,171027,rest
18.7570,171219,rest
18.7602,171282,rest
18.7645,171804,rest
18.7662,1,rest
18.7693,71209,rest
18.7711,1706,rest
18.7724,63,rest
18.7744,171698,rest
18.7766,171104,rest
18.7809,1129,rest
18.7861,171063,rest
18.7896,170994,rest
18.7929,171281,rest
18.7971,171389,rest
18.8011,171422,rest
18.8053,171789,rest
18.8093,170914,rest
18.8135,171205,rest
18.8178,170959,rest
18.8216,170943,rest
18.8257,171082,rest
18.8298,171308,rest
18.8341,170903,rest
18.8380,171399,rest
18.8421,171281,rest
18.8462,171014,rest
18.8510,171252,rest
18.8544,171260,rest
18.8585,171412,rest
18.8626,171522,rest
18.8671,170808,rest
18.8708,171005,rest
18.8748,170672,rest
18.8789,171436,rest
18.8837,171675,rest
18.8871,171344,rest
18.8912,171118,rest
18.8924,1,rest
18.8953,70603,rest
18.8969,1710,rest
18.8995,02,rest
18.9016,170842,rest
18.9036,171356,rest
18.9077,171158,rest
18.9117,171063,rest
18.9159,1,rest
18.9169,1199,rest
18.9200,170900,rest
18.9240,171301,rest
18.9281,171120,rest
18.9332,171287,rest
18.9363,171264,rest
18.9404,171317,rest
18.9446,171131,rest
18.9489,171264,rest
18.9528,171464,rest
18.9568,171115,rest
18.9609,171190,rest
18.9663,171356,rest
18.9691,171379,rest
18.9732,170828,rest
18.9773,171596,rest
18.9817,171369,rest
18.9855,171107,rest
18.9902,171386,rest
18.9937,171167,rest
18.9979,740,rest
19.0021,170917,rest
19.0082,170989,rest
19.0115,171371,rest
19.0159,170728,rest
19.0198,1,rest
19.0239,171062,rest
19.0249,170,rest
19.0270,928,rest
19.0301,171431,rest
19.0318,171423,rest
19.0349,191,rest
19.0397,171429,rest
19.0435,171464,rest
19.0488,171144,rest
19.0524,710,rest
19.0572,171405,rest
19.0611,171030,rest
19.0636,171184,rest
19.0679,171195,rest
19.0716,171115,rest
19.0755,170763,rest
19.0797,170965,rest
19.0847,170997,rest
19.0879,171348,rest
19.0919,171320,rest
19.0961,171235,rest
19.1005,171323,rest
19.1042,171445,rest
19.1083,170688,rest
19.1125,170813,rest
19.1169,170874,rest
19.1206,170766,rest
19.1247,170721,rest
19.1288,171165,rest
19.1336,171233,rest
19.1370,170925,rest
19.1411,171191,rest
19.1452,171010,rest
19.1498,171786,rest
19.1512,17,rest
19.1535,0924,rest
19.1549,17111,rest
19.1574,3,rest
19.1575,171259,rest
19.1615,171009,rest
19.1659,171223,rest
19.1698,170675,rest
19.1738,170597,rest
19.1780,170777,rest
19.1822,789,rest
19.1875,171457,rest
19.1923,171282,rest
19.1948,171327,rest
19.1990,71,rest
19.2028,171379,rest
19.2068,171224,rest
19.2107,171185,rest
19.2150,7137,rest
19.2191,171059,rest
19.2237,171675,rest
19.2276,170770,rest
19.2330,703,rest
19.2360,170828,rest
19.2399,170880,rest
19.2435,171075,rest
19.2488,70,rest
19.2522,171312,rest
19.2562,171599,rest
19.2616,171166,rest
19.2652,171250,rest
19.2684,170807,rest
19.2722,170783,rest
19.2763,171442,rest
19.2777,17,rest
19.2820,11874,rest
19.2849,171114,rest
19.2886,171361,rest
19.2927,171004,rest
19.2967,171174,rest
19.3017,171118,rest
19.3049,171309,rest
19.3091,170799,rest
19.3131,170648,rest
19.3181,171030,rest
19.3213,171136,rest
19.3255,170895,rest
19.3295,170497,rest
19.3339,171276,rest
19.3377,171231,rest
19.3418,171496,rest
19.3459,171006,rest
19.3509,171084,rest
19.3541,171214,rest
19.3582,170731,rest
19.3624,170868,rest
19.3676,171554,rest
19.3704,171046,rest
19.3745,171690,rest
19.3790,170937,rest
19.3829,170750,rest
19.3868,170790,rest
19.3909,170880,rest
19.3951,171062,rest
19.3995,171185,rest
19.4032,171200,rest
19.4047,17,rest
19.4073,1466,rest
19.4084,17090,rest
19.4114,5,rest
19.4132,171068,rest
19.4162,171502,rest
19.4196,170863,rest
19.4237,171173,rest
19.4279,171415,rest
19.4329,171072,rest
19.4360,171504,rest
19.4401,171342,rest
19.4444,171238,rest
19.4497,71425,rest
19.4531,170692,rest
19.4567,171053,rest
19.4606,171111,rest
19.4648,171055,rest
19.4688,170989,rest
19.4728,170750,rest
19.4769,170894,rest
19.4812,73,rest
19.4852,170651,rest
19.4904,171179,rest
19.4936,171255,rest
19.4976,7125,rest
19.5020,171437,rest
19.5060,170428,rest
19.5097,170546,rest
19.5150,19,rest
19.5184,171467,rest
19.5223,170943,rest
19.5261,171677,rest
19.5305,105,rest
19.5344,0929,rest
19.5355,1709,rest
19.5395,65,rest
19.5414,171449,rest
19.5425,171176,rest
19.5467,171160,rest
19.5507,171316,rest
19.5547,170652,rest
19.5589,171176,rest
19.5630,171449,rest
19.5673,171010,rest
19.5712,171394,rest
19.5752,170858,rest
19.5793,171603,rest
19.5834,170579,rest
19.5875,171058,rest
19.5916,170667,rest
19.5957,171500,rest
19.6004,170896,rest
19.6039,170938,rest
19.6080,171183,rest
19.6122,170823,rest
19.6163,171480,rest
19.6203,170795,rest
19.6245,171002,rest
19.6287,171184,rest
19.6330,170882,rest
19.6368,171120,rest
19.6408,171034,rest
19.6449,170923,rest
19.6493,170355,rest
19.6530,171183,rest
19.6571,171413,rest
19.6582,1,rest
19.6613,71407,rest
19.6629,1710,rest
19.6658,5,rest
19.6677,171537,rest
19.6695,171707,rest
19.6737,170815,rest
19.6777,170922,rest
19.6822,171263,rest
19.6862,171290,rest
19.6899,171061,rest
19.6940,170612,rest
19.6982,713,rest
19.7025,171137,rest
19.7072,171189,rest
19.7118,171414,rest
19.7146,7116,rest
19.7191,714,rest
19.7228,170795,rest
19.7300,171213,rest
19.7311,171185,rest
19.7356,171085,rest
19.7391,170711,rest
19.7432,171063,rest
19.7490,716,rest
19.7519,170756,rest
19.7561,170971,rest
19.7595,170974,rest
19.7637,71475,rest
19.7688,171562,rest
19.7729,171231,rest
19.7759,170963,rest
19.7800,71435,rest
19.7859,171165,rest
19.7882,1,rest
19.7892,71020,rest
19.7901,1713,rest
19.7923,47,rest
19.7936,171577,rest
19.7965,171106,rest
19.8008,170957,rest
19.8046,171185,rest
19.8087,171091,rest
19.8128,171111,rest
19.8175,170843,rest
19.8210,171727,rest
19.8250,170965,rest
19.8293,170993,rest
19.8338,171550,rest
19.8375,171673,rest
19.8415,171159,rest
19.8456,170974,rest
19.8497,170960,rest
19.8537,170996,rest
19.8579,171172,rest
19.8621,171106,rest
19.8667,170880,rest
19.8702,171178,rest
19.8743,171115,rest
19.8783,171226,rest
19.8828,171102,rest
19.8866,171124,rest
19.8907,170965,rest
19.8947,171345,rest
19.8995,171509,rest
19.9029,171184,rest
19.9070,171391,rest
19.9111,171128,rest
19.9126,1,rest
19.9156,71374,rest
19.9173,171,rest
19.9194,113,rest
19.9206,170936,rest
19.9236,171097,rest
19.9275,170944,rest
19.9333,71234,rest
19.9364,171473,rest
19.9404,170304,rest
19.9440,171048,rest
19.9483,70772,rest
19.9525,170889,rest
19.9562,170989,rest
19.9602,171114,rest
19.9645,70931,rest
19.9694,171379,rest
19.9727,171204,rest
19.9768,171329,rest
19.9809,716,rest
19.9854,171153,rest
19.9889,171434,rest
19.9933,171171,rest
19.9973,7,rest
20.0033,171066,rest
20.0068,171327,rest
20.0096,171326,rest
20.0138,17083,rest
20.0187,170937,rest
20.0226,171277,rest
20.0259,170741,rest
20.0317,17088,rest
20.0345,170331,rest
20.0384,170557,rest
20.0422,170965,rest
20.0433,171,rest
20.0463,295,rest
20.0479,17103,rest
20.0508,1,rest
20.0511,171275,rest
20.0544,171217,rest
20.0585,171264,rest
20.0627,171214,rest
20.0670,171465,rest
20.0708,170893,rest
20.0749,171818,rest
20.0790,171563,rest
20.0834,171325,rest
20.0872,171650,rest
20.0913,171336,rest
20.0955,172041,rest
20.0996,171498,rest
20.1036,171295,rest
20.1077,171858,rest
20.1120,171715,rest
20.1168,170978,rest
20.1200,171071,rest
20.1240,170855,rest
20.1282,171062,rest
20.1329,171002,rest
20.1365,171107,rest
20.1404,171104,rest
20.1447,171079,rest
20.1494,171149,rest
20.1527,170851,rest
20.1568,170863,rest
20.1609,170981,rest
20.1659,170803,rest
20.1692,170670,rest
20.1702,17,rest
20.1732,1243,rest
20.1747,17134,rest
20.1773,7,rest
20.1774,170700,rest
20.1820,170850,rest
20.1865,170887,rest
20.1896,170986,rest
20.1938,170866,rest
20.1990,71016,rest
20.2038,171327,rest
20.2062,171170,rest
20.2105,170895,rest
20.2142,70847,rest
20.2189,171150,rest
20.2241,171370,rest
20.2265,171396,rest
20.2323,716,rest
20.2361,171735,rest
20.2396,171369,rest
20.2428,170830,rest
20.2471,7116,rest
20.2517,170679,rest
20.2553,170804,rest
20.2612,171089,rest
20.2636,171348,rest
20.2677,170866,rest
20.2715,170865,rest
20.2756,171073,rest
20.2812,17093,rest
20.2838,171067,rest
20.2881,171373,rest
20.2926,170889,rest
20.2963,170857,rest
20.2975,17,rest
20.3003,1049,rest
20.3020,17143,rest
20.3043,0,rest
20.3044,171300,rest
20.3084,171048,rest
20.3125,171093,rest
20.3166,170921,rest
20.3207,171133,rest
20.3248,171284,rest
20.3289,171000,rest
20.3332,170843,rest
20.3371,171075,rest
20.3412,171472,rest
20.3453,171410,rest
20.3501,171115,rest
20.3535,171078,rest
20.3576,171298,rest
20.3617,171398,rest
20.3667,171012,rest
20.3698,171444,rest
20.3739,171040,rest
20.3781,170966,rest
20.3832,170908,rest
20.3862,171057,rest
20.3903,171133,rest
20.3944,170769,rest
20.3991,171153,rest
20.4026,171001,rest
20.4067,171303,rest
20.4108,171042,rest
20.4152,170904,rest
20.4190,170637,rest
20.4231,171013,rest
20.4242,17,rest
20.4272,1472,rest
20.4287,17104,rest
20.4318,7,rest
20.4323,170621,rest
20.4354,170922,rest
20.4395,171430,rest
20.4436,171377,rest
20.4491,1704,rest
20.4518,171248,rest
20.4558,170977,rest
20.4599,170970,rest
20.4642,7080,rest
20.4688,171172,rest
20.4729,171241,rest
20.4782,170894,rest
20.4805,170977,rest
20.4852,171249,rest
20.4886,171205,rest
20.4927,171319,rest
20.4969,71244,rest
20.5010,7111,rest
20.5050,170721,rest
20.5110,170680,rest
20.5133,713,rest
20.5174,171181,rest
20.5219,170835,rest
20.5263,171645,rest
20.5296,171041,rest
20.5349,171134,rest
20.5378,171130,rest
20.5419,170834,rest
20.5460,170989,rest
20.5503,170991,rest
20.5515,1,rest
20.5542,71163,rest
20.5553,1710,rest
20.5582,27,rest
20.5593,171023,rest
20.5624,170946,rest
20.5668,170785,rest
20.5705,171461,rest
20.5746,171374,rest
20.5787,171146,rest
20.5831,171399,rest
20.5869,170804,rest
20.5910,171005,rest
20.5952,170944,rest
20.6000,170744,rest
20.6033,171243,rest
20.6074,171009,rest
20.6116,171407,rest
20.6164,171348,rest
20.6197,170997,rest
20.6238,170581,rest
20.6280,171152,rest
20.6324,170646,rest
20.6365,170556,rest
20.6402,170902,rest
20.6443,171358,rest
20.6490,171212,rest
20.6525,170784,rest
20.6565,170773,rest
20.6606,171059,rest
20.6651,171002,rest
20.6690,171169,rest
20.6729,170939,rest
20.6770,171160,rest
20.6786,1,rest
20.6815,71048,rest
20.6832,1710,rest
20.6852,16,rest
20.6861,171101,rest
20.6893,171056,rest
20.6935,171386,rest
20.6976,709,rest
20.7018,171014,rest
20.7058,170634,rest
20.7120,171006,rest
20.7156,175,rest
20.7186,171039,rest
20.7232,171489,rest
20.7262,170880,rest
20.7303,71015,rest
20.7344,170830,rest
20.7400,170839,rest
20.7425,171136,rest
20.7467,7538,rest
20.7528,171066,rest
20.7560,170701,rest
20.7589,170976,rest
20.7632,1,rest
20.7681,170579,rest
20.7713,170832,rest
20.7755,171399,rest
20.7795,170641,rest
20.7835,170388,rest
20.7876,170793,rest
20.7917,171432,rest
20.7958,171107,rest
20.8000,171125,rest
20.8040,171114,rest
20.8081,171434,rest
20.8094,170,rest
20.8122,902,rest
20.8131,170600,rest
20.8171,171159,rest
20.8204,171034,rest
20.8244,170925,rest
20.8287,170530,rest
20.8332,171071,rest
20.8368,171258,rest
20.8409,171206,rest
20.8450,170898,rest
20.8495,171547,rest
20.8531,170859,rest
20.8572,170884,rest
20.8613,170781,rest
20.8656,171369,rest
20.8698,171101,rest
20.8736,170770,rest
20.8779,171211,rest
20.8821,171505,rest
20.8859,170896,rest
20.8900,171371,rest
20.8941,171151,rest
20.8984,170939,rest
20.9023,170761,rest
20.9064,171809,rest
20.9105,171038,rest
20.9147,171223,rest
20.9186,170894,rest
20.9227,170770,rest
20.9269,170986,rest
20.9319,170909,rest
20.9351,170810,rest
20.9366,170,rest
20.9392,965,rest
20.9404,17127,rest
20.9433,9,rest
20.9434,171150,rest
20.9476,170793,rest
20.9514,170742,rest
20.9556,171127,rest
20.9596,170824,rest
20.9651,71,rest
20.9689,170727,rest
20.9727,170665,rest
20.9760,171265,rest
20.9816,708,rest
20.9848,171335,rest
20.9888,170809,rest
20.9925,170524,rest
20.9980,797,rest
21.0017,170712,rest
21.0048,171039,rest
21.0094,171087,rest
21.0144,701,rest
21.0175,171575,rest
21.0219,170949,rest
21.0252,171359,rest
21.0295,23,rest
21.0349,171108,rest
21.0381,171105,rest
21.0415,171263,rest
21.0457,171339,rest
21.0498,171207,rest
21.0538,171107,rest
21.0579,171183,rest
21.0621,171379,rest
21.0637,17,rest
21.0664,1159,rest
21.0681,17135,rest
21.0702,2,rest
21.0703,170927,rest
21.0743,170840,rest
21.0786,170971,rest
21.0827,171339,rest
21.0866,171418,rest
21.0907,171327,rest
21.0948,171314,rest
21.0993,171355,rest
21.1030,170753,rest
21.1071,171409,rest
21.1112,171449,rest
21.1162,171216,rest
21.1194,171424,rest
21.1234,171246,rest
21.1277,171365,rest
21.1320,170967,rest
21.1358,171736,rest
21.1399,171242,rest
21.1440,171704,rest
21.1489,171188,rest
21.1521,171422,rest
21.1562,171066,rest
21.1603,171893,rest
21.1660,171021,rest
21.1685,171058,rest
21.1726,170620,rest
21.1767,170950,rest
21.1811,171303,rest
21.1849,170822,rest
21.1890,171016,rest
21.1901,17,rest
21.1931,1331,rest
21.1945,17089,rest
21.1974,2,rest
21.1977,171273,rest
21.2014,171137,rest
21.2054,171187,rest
21.2095,171485,rest
21.2137,752,rest
21.2178,171392,rest
21.2219,171442,rest
21.2259,171355,rest
21.2300,70934,rest
21.2347,171342,rest
21.2383,171050,rest
21.2426,170947,rest
21.2468,733,rest
21.2505,171638,rest
21.2550,171234,rest
21.2586,170299,rest
21.2628,7105,rest
21.2689,171140,rest
21.2723,171161,rest
21.2755,171287,rest
21.2794,1713,rest
21.2838,171191,rest
21.2876,171212,rest
21.2915,170555,rest
21.2956,171062,rest
21.3000,171097,rest
21.3037,171039,rest
21.3078,170739,rest
21.3119,171320,rest
21.3170,171071,rest
21.3172,17,rest
21.3201,1144,rest
21.3207,1714,rest
21.3241,35,rest
21.3257,171304,rest
21.3284,171554,rest
21.3329,171474,rest
21.3365,171178,rest
21.3406,171186,rest
21.3447,171449,rest
21.3491,171096,rest
21.3529,171101,rest
21.3569,170489,rest
21.3611,170848,rest
21.3656,171207,rest
21.3693,170960,rest
21.3733,171431,rest
21.3776,170781,rest
21.3819,171093,rest
21.3857,170734,rest
21.3897,170567,rest
21.3938,171037,rest
21.3990,170824,rest
21.4020,170423,rest
21.4061,171043,rest
21.4102,170505,rest
21.4146,171609,rest
21.4184,171669,rest
21.4225,170721,rest
21.4270,171414,rest
21.4316,170791,rest
21.4348,171230,rest
21.4389,170735,rest
21.4430,171503,rest
21.4440,1,rest
21.4475,71679,rest
21.4494,1716,rest
21.4511,92,rest
21.4524,171344,rest
21.4552,171511,rest
21.4593,170905,rest
21.4648,71,rest
21.4680,170588,rest
21.4716,171396,rest
21.4757,171259,rest
21.4799,71203,rest
21.4847,171027,rest
21.4880,170914,rest
21.4921,171106,rest
21.4963,77,rest
21.5029,171064,rest
21.5045,171104,rest
21.5085,171013,rest
21.5136,7397,rest
21.5169,171302,rest
21.5207,170624,rest
21.5249,170826,rest
21.5291,171116,rest
21.5334,170878,rest
21.5372,171119,rest
21.5412,171842,rest
21.5455,171241,rest
21.5497,170942,rest
21.5535,170815,rest
21.5576,170856,rest
21.5618,171178,rest
21.5666,171571,rest
21.5700,171204,rest
21.5715,1,rest
21.5740,71201,rest
21.5752,1713,rest
21.5782,08,rest
21.5800,171284,rest
21.5832,171128,rest
21.5863,171262,rest
21.5904,171200,rest
21.5947,170754,rest
21.5992,171035,rest
21.6027,171129,rest
21.6068,170720,rest
21.6110,170995,rest
21.6154,171184,rest
21.6191,171642,rest
21.6232,170861,rest
21.6274,171273,rest
21.6316,171607,rest
21.6355,171238,rest
21.6396,170872,rest
21.6438,170866,rest
21.6483,171260,rest
21.6519,171143,rest
21.6559,171175,rest
21.6601,171508,rest
21.6644,171133,rest
21.6682,171113,rest
21.6723,171182,rest
21.6764,171004,rest
21.6821,73,rest
21.6851,171233,rest
21.6891,171653,rest
21.6929,171560,rest
21.6974,171576,rest
21.6987,1,rest
21.7010,70975,rest
21.7025,1713,rest
21.7051,14,rest
21.7063,171090,rest
21.7092,171211,rest
21.7148,70,rest
21.7187,171315,rest
21.7217,170979,rest
21.7256,170974,rest
21.7311,70,rest
21.7339,171001,rest
21.7393,171426,rest
21.7420,171002,rest
21.7479,7,rest
21.7505,171113,rest
21.7549,171263,rest
21.7591,171308,rest
21.7626,785,rest
21.7673,171049,rest
21.7714,170895,rest
21.7747,171179,rest
21.7791,17227,rest
21.7832,170894,rest
21.7878,170943,rest
21.7911,170938,rest
21.7953,170819,rest
21.7998,171109,rest
21.8034,171049,rest
21.8075,171065,rest
21.8116,170987,rest
21.8163,171234,rest
21.8198,171431,rest
21.8239,171650,rest
21.8281,171172,rest
21.8299,171,rest
21.8324,019,rest
21.8336,171081,rest
21.8362,171282,rest
21.8403,170828,rest
21.8444,170557,rest
21.8491,171333,rest
21.8525,170901,rest
21.8566,170851,rest
21.8608,171639,rest
21.8661,171023,rest
21.8689,171217,rest
21.8730,170913,rest
21.8772,171275,rest
21.8824,171110,rest
21.8853,170978,rest
21.8895,171292,rest
21.8935,171115,rest
21.8982,171222,rest
21.9017,170747,rest
21.9058,170982,rest
21.9099,171277,rest
21.9143,171554,rest
21.9181,171162,rest
21.9222,171240,rest
21.9263,170741,rest
21.9305,71099,rest
21.9347,171198,rest
21.9392,171264,rest
21.9427,170978,rest
21.9481,710,rest
21.9511,171225,rest
21.9560,170857,rest
21.9572,170,rest
21.9591,351,rest
21.9599,17124,rest
21.9634,700,rest
21.9684,171140,rest
21.9723,171335,rest
21.9788,171464,rest
21.9796,170798,rest
21.9850,170912,rest
21.9877,170870,rest
21.9918,171196,rest
21.9962,7090,rest
22.0010,171042,rest
22.0065,171015,rest
22.0096,170683,rest
22.0125,171127,rest
22.0180,170998,rest
22.0205,170922,rest
22.0246,171254,rest
22.0287,171333,rest
22.0331,171113,rest
22.0369,170749,rest
22.0409,170791,rest
22.0451,170925,rest
22.0497,170835,rest
22.0533,170750,rest
22.0573,170673,rest
22.0616,171141,rest
22.0660,171619,rest
22.0696,171137,rest
22.0737,170968,rest
22.0779,171165,rest
22.0825,171248,rest
22.0839,170,rest
22.0861,887,rest
22.0884,17167,rest
22.0901,6,rest
22.0902,171597,rest
22.0944,171343,rest
22.0992,171447,rest
22.1025,171009,rest
22.1065,171318,rest
22.1107,171204,rest
22.1152,171819,rest
22.1188,171189,rest
22.1230,170366,rest
22.1270,171042,rest
22.1316,171117,rest
22.1352,171097,rest
22.1393,171322,rest
22.1435,170884,rest
22.1479,171186,rest
22.1516,171382,rest
22.1557,171232,rest
22.1598,171147,rest
22.1643,171292,rest
22.1680,171256,rest
22.1722,170992,rest
22.1761,171333,rest
22.1823,71,rest
22.1861,170457,rest
22.1886,171113,rest
22.1925,171084,rest
22.1984,71,rest
22.2021,171199,rest
22.2050,171483,rest
22.2089,171028,rest
22.2100,17,rest
22.2154,551711,rest
22.2190,09,rest
22.2218,170811,rest
22.2246,170935,rest
22.2254,171490,rest
22.2310,7128,rest
22.2344,171530,rest
22.2387,170872,rest
22.2417,170842,rest
22.2459,796,rest
22.2510,171114,rest
22.2542,170950,rest
22.2602,171110,rest
22.2632,17124,rest
22.2670,170918,rest
22.2716,170897,rest
22.2745,171121,rest
22.2790,175,rest
22.2833,171103,rest
22.2870,171037,rest
22.2911,170875,rest
22.2953,171100,rest
22.2995,171074,rest
22.3032,171019,rest
22.3073,171586,rest
22.3114,171266,rest
22.3156,171263,rest
22.3196,170939,rest
22.3237,171067,rest
22.3278,171299,rest
22.3320,171469,rest
22.3362,170413,rest
22.3375,1,rest
22.3400,71256,rest
22.3413,1709,rest
22.3442,53,rest
22.3449,171719,rest
22.3486,170607,rest
22.3522,171292,rest
22.3564,170913,rest
22.3608,171078,rest
22.3652,171146,rest
22.3686,171062,rest
22.3727,170900,rest
22.3769,171273,rest
22.3820,170894,rest
22.3850,170760,rest
22.3891,171666,rest
22.3933,170712,rest
22.3980,171767,rest
22.4014,171407,rest
22.4056,171396,rest
22.4096,171132,rest
22.4143,171054,rest
22.4178,171168,rest
22.4219,171715,rest
22.4261,171114,rest
22.4303,17,rest
22.4350,171296,rest
22.4396,171459,rest
22.4424,171113,rest
22.4465,171138,rest
22.4510,171247,rest
22.4547,170693,rest
22.4590,171251,rest
22.4631,746,rest
22.4671,71015,rest
22.4683,1714,rest
22.4710,19,rest
22.4721,170956,rest
22.4751,171310,rest
22.4810,711,rest
22.4848,171187,rest
22.4883,171080,rest
22.4915,171080,rest
22.4958,71,rest
22.5001,170746,rest
22.5042,171402,rest
22.5079,170984,rest
22.5120,170775,rest
22.5162,171108,rest
22.5203,170617,rest
22.5243,171250,rest
22.5301,7147,rest
22.5330,170823,rest
22.5367,170891,rest
22.5407,171696,rest
22.5448,170622,rest
22.5499,171455,rest
22.5530,171237,rest
22.5571,171428,rest
22.5612,171154,rest
22.5662,171122,rest
22.5693,171187,rest
22.5734,171068,rest
22.5776,170870,rest
22.5830,171218,rest
22.5857,171275,rest
22.5898,170927,rest
22.5909,1,rest
22.5940,71270,rest
22.5957,171,rest
22.5986,165,rest
22.6003,171370,rest
22.6021,170983,rest
22.6062,170456,rest
22.6105,171526,rest
22.6149,170502,rest
22.6185,171313,rest
22.6226,170642,rest
22.6269,171216,rest
22.6317,171255,rest
22.6349,170876,rest
22.6390,171335,rest
22.6431,171764,rest
22.6475,170889,rest
22.6512,171207,rest
22.6553,171022,rest
22.6595,171150,rest
22.6636,171075,rest
22.6676,171651,rest
22.6717,171331,rest
22.6758,171003,rest
22.6805,171327,rest
22.6841,171429,rest
22.6881,171568,rest
22.6922,171841,rest
22.6976,7,rest
22.7013,170975,rest
22.7054,171614,rest
22.7086,171045,rest
22.7141,7121,rest
22.7179,170964,rest
22.7192,1,rest
22.7210,71280,rest
22.7232,1712,rest
22.7250,85,rest
22.7262,170780,rest
22.7296,170883,rest
22.7332,171516,rest
22.7373,171031,rest
22.7415,171288,rest
22.7467,714,rest
22.7498,171552,rest
22.7546,171231,rest
22.7589,171304,rest
22.7629,1712,rest
22.7668,171515,rest
22.7710,170993,rest
22.7741,171112,rest
22.7785,11723,rest
22.7836,171660,rest
22.7893,170615,rest
22.7905,171506,rest
22.7947,170861,rest
22.7994,171551,rest
22.8028,171352,rest
22.8069,171283,rest
22.8111,171189,rest
22.8158,171463,rest
22.8192,171004,rest
22.8232,170760,rest
22.8275,171349,rest
22.8322,171481,rest
22.8356,171201,rest
22.8397,171330,rest
22.8439,171490,rest
22.8452,1,rest
22.8486,71102,rest
22.8505,1710,rest
22.8519,01,rest
22.8535,171006,rest
22.8561,170655,rest
22.8602,171257,rest
22.8651,171688,rest
22.8683,171264,rest
22.8724,171259,rest
22.8767,171392,rest
22.8808,171284,rest
22.8847,170896,rest
22.8888,171059,rest
22.8931,170936,rest
22.8973,171533,rest
22.9011,171205,rest
22.9052,170990,rest
22.9093,170724,rest
22.9140,171214,rest
22.9175,170935,rest
22.9216,170987,rest
22.9257,170679,rest
22.9304,171552,rest
22.9341,171018,rest
22.9380,171390,rest
22.9421,171384,rest
22.9462,70904,rest
22.9506,170848,rest
22.9544,171574,rest
22.9610,171267,rest
22.9627,171194,rest
22.9682,775,rest
22.9710,170778,rest
22.9756,171083,rest
22.9770,171,rest
22.9802,431356,rest
22.9833,170900,rest
22.9884,171342,rest
22.9914,170861,rest
22.9967,70,rest
22.9997,171450,rest
23.0037,171334,rest
23.0076,170844,rest
23.0132,7,rest
23.0159,170839,rest
23.0199,171207,rest
23.0240,170821,rest
23.0293,5,rest
23.0330,170529,rest
23.0375,170934,rest
23.0406,171151,rest
23.0447,171106,rest
23.0493,170844,rest
23.0526,171096,rest
23.0567,171516,rest
23.0609,170872,rest
23.0657,171518,rest
23.0690,170953,rest
23.0731,171260,rest
23.0773,170937,rest
23.0819,170942,rest
23.0854,170856,rest
23.0895,171297,rest
23.0936,171163,rest
23.0982,171363,rest
23.1018,171643,rest
23.1029,171,rest
23.1059,701,rest
23.1076,171264,rest
23.1101,171595,rest
23.1145,171255,rest
23.1182,171158,rest
23.1223,170745,rest
23.1266,170862,rest
23.1312,171265,rest
23.1346,171113,rest
23.1386,171287,rest
23.1428,171313,rest
23.1473,170889,rest
23.1509,170963,rest
23.1550,171365,rest
23.1591,171310,rest
23.1637,171443,rest
23.1675,171790,rest
23.1714,171212,rest
23.1755,170988,rest
23.1817,17121,rest
23.1837,171457,rest
23.1878,170867,rest
23.1920,170708,rest
23.1973,7,rest
23.2013,171179,rest
23.2043,171031,rest
23.2084,171190,rest
23.2138,71,rest
23.2175,171467,rest
23.2216,170874,rest
23.2247,171038,rest
23.2303,71527,rest
23.2344,053,rest
23.2355,17088,rest
23.2369,7,rest
23.2371,170827,rest
23.2411,170902,rest
23.2467,714 ,rest
23.2509,70903,rest
23.2539,171146,rest
23.2576,171026,rest
23.2624,5,rest
23.2668,171371,rest
23.2698,171274,rest
23.2738,171703,rest
23.2780,170987,rest
23.2828,171572,rest
23.2861,171071,rest
23.2902,171515,rest
23.2944,170766,rest
23.2987,171423,rest
23.3025,171369,rest
23.3066,170880,rest
23.3107,171211,rest
23.3151,170885,rest
23.3189,170578,rest
23.3230,170784,rest
23.3272,171047,rest
23.3313,171438,rest
23.3353,171285,rest
23.3394,171263,rest
23.3437,171218,rest
23.3478,171115,rest
23.3516,171502,rest
23.3557,171408,rest
23.3571,17,rest
23.3599,0988,rest
23.3614,17162,rest
23.3640,1,rest
23.3648,171125,rest
23.3680,170879,rest
23.3721,171358,rest
23.3763,170804,rest
23.3806,170966,rest
23.3844,170993,rest
23.3885,171292,rest
23.3926,171600,rest
23.3977,171164,rest
23.4008,171176,rest
23.4049,171508,rest
23.4090,171167,rest
23.4135,171444,rest
23.4172,171047,rest
23.4213,171288,rest
23.4255,171172,rest
23.4299,171579,rest
23.4336,171170,rest
23.4376,171260,rest
23.4426,171178,rest
23.4463,171265,rest
23.4505,171131,rest
23.4540,171235,rest
23.4583,170878,rest
23.4636,71833,rest
23.4665,170898,rest
23.4704,170704,rest
23.4745,170825,rest
23.4839,170952,rest
23.4854,17,rest
23.4872,1577,rest
23.4890,17159,rest
23.4909,4,rest
23.4918,170955,rest
23.4955,171214,rest
23.4994,171228,rest
23.5032,171376,rest
23.5073,170794,rest
23.5116,712,rest
23.5157,171329,rest
23.5200,170777,rest
23.5242,171419,rest
23.5294,788,rest
23.5330,171018,rest
23.5361,171102,rest
23.5401,170954,rest
23.5443,171148,rest
23.5485,171224,rest
23.5524,171060,rest
23.5564,171462,rest
23.5605,170706,rest
23.5655,171166,rest
23.5687,171344,rest
23.5728,170895,rest
23.5769,171719,rest
23.5813,171619,rest
23.5851,171468,rest
23.5892,171192,rest
23.5933,170857,rest
23.5979,171274,rest
23.6015,170755,rest
23.6056,171031,rest
23.6097,170928,rest
23.6108,1,rest
23.6146,71184,rest
23.6161,1704,rest
23.6179,52,rest
23.6191,171436,rest
23.6220,171015,rest
23.6262,171163,rest
23.6310,171206,rest
23.6343,171196,rest
23.6384,171374,rest
23.6425,171064,rest
23.6468,171342,rest
23.6507,171319,rest
23.6548,170820,rest
23.6588,171171,rest
23.6634,171593,rest
23.6671,171424,rest
23.6712,171220,rest
23.6752,171189,rest
23.6796,7094,rest
23.6840,171715,rest
23.6885,171260,rest
23.6920,172039,rest
23.6963,171070,rest
23.6999,170979,rest
23.7039,171051,rest
23.7082,171339,rest
23.7143,1719,rest
23.7162,170838,rest
23.7204,171503,rest
23.7245,171209,rest
23.7286,7,rest
23.7336,171556,rest
23.7379,171577,rest
23.7391,1,rest
23.7409,71639,rest
23.7430,1710,rest
23.7463,49,rest
23.7508,170945,rest
23.7534,171019,rest
23.7571,171116,rest
23.7630,7101,rest
23.7668,171146,rest
23.7713,171395,rest
23.7736,171223,rest
23.7794,74,rest
23.7823,171727,rest
23.7863,170827,rest
23.7899,171304,rest
23.7956,713,rest
23.7984,170846,rest
23.8028,170890,rest
23.8063,171193,rest
23.8106,70367,rest
23.8169,171123,rest
23.8201,171284,rest
23.8229,170906,rest
23.8281,7093,rest
23.8311,171436,rest
23.8356,171170,rest
23.8390,171244,rest
23.8433,171426,rest
23.8477,170947,rest
23.8515,170561,rest
23.8556,171314,rest
23.8595,171014,rest
23.8646,171511,rest
23.8669,1,rest
23.8677,71222,rest
23.8692,1709,rest
23.8718,49,rest
23.8729,171063,rest
23.8762,170850,rest
23.8804,171636,rest
23.8842,171050,rest
23.8882,171723,rest
23.8924,171308,rest
23.8971,171167,rest
23.9005,170897,rest
23.9046,171611,rest
23.9087,170856,rest
23.9132,171427,rest
23.9169,171568,rest
23.9210,171173,rest
23.9251,170810,rest
23.9299,171001,rest
23.9333,170446,rest
23.9373,171143,rest
23.9414,171113,rest
23.9457,7032,rest
23.9500,171123,rest
23.9544,171223,rest
23.9582,170946,rest
23.9620,71092,rest
23.9667,170967,rest
23.9706,170722,rest
23.9746,171371,rest
23.9798,70,rest
23.9834,170790,rest
23.9873,171128,rest
23.9906,171059,rest
23.9949,7126,rest
23.9962,11,rest
23.9989,508,rest
24.0001,171256,rest
24.0029,170953,rest
24.0070,171533,rest
24.0114,117,rest
24.0159,171065,rest
24.0199,171710,rest
24.0234,170235,rest
24.0290,74,rest
24.0331,171027,rest
24.0357,170876,rest
24.0398,170685,rest
24.0439,171177,rest
24.0480,170907,rest
24.0520,171373,rest
24.0561,171216,rest
24.0603,171067,rest
24.0654,171097,rest
24.0684,171429,rest
24.0725,171348,rest
24.0767,171103,rest
24.0813,171169,rest
24.0848,171189,rest
24.0889,170687,rest
24.0931,171056,rest
24.0978,170756,rest
24.1012,171154,rest
24.1053,170688,rest
24.1096,171060,rest
24.1144,171102,rest
24.1176,170678,rest
24.1217,170797,rest
24.1234,171,rest
24.1258,221,rest
24.1274,17159,rest
24.1306,5,rest
24.1310,170794,rest
24.1339,171521,rest
24.1380,171018,rest
24.1423,171198,rest
24.1465,17,rest
24.1504,170964,rest
24.1545,171671,rest
24.1585,171326,rest
24.1630,171032,rest
24.1668,170949,rest
24.1709,171381,rest
24.1749,171220,rest
24.1802,171383,rest
24.1832,170991,rest
24.1873,171204,rest
24.1914,170938,rest
24.1957,17,rest
24.1995,171410,rest
24.2036,171043,rest
24.2078,171234,rest
24.2133,71413,rest
24.2184,171344,rest
24.2202,171934,rest
24.2241,171045,rest
24.2299,71,rest
24.2336,171302,rest
24.2365,171260,rest
24.2405,170782,rest
24.2446,70581,rest
24.2503,7017,rest
24.2532,0989,rest
24.2546,17136,rest
24.2571,3,rest
24.2574,171186,rest
24.2611,767,rest
24.2656,171149,rest
24.2703,171334,rest
24.2732,171154,rest
24.2777,07,rest
24.2821,171302,rest
24.2876,170895,rest
24.2896,171573,rest
24.2938,171426,rest
24.2981,171485,rest
24.3020,171300,rest
24.3061,170948,rest
24.3102,170922,rest
24.3146,170956,rest
24.3183,171231,rest
24.3225,171642,rest
24.3265,171426,rest
24.3313,171327,rest
24.3347,170873,rest
24.3388,171497,rest
24.3431,171289,rest
24.3476,171061,rest
24.3511,171055,rest
24.3554,171639,rest
24.3593,171487,rest
24.3643,170995,rest
24.3675,171263,rest
24.3716,171453,rest
24.3756,171000,rest
24.3771,17,rest
24.3803,0766,rest
24.3823,17115,rest
24.3839,6,rest
24.3840,171166,rest
24.3880,171232,rest
24.3921,171366,rest
24.3973,170992,rest
24.4002,171284,rest
24.4043,170979,rest
24.4085,171781,rest
24.4129,171164,rest
24.4170,171544,rest
24.4207,171210,rest
24.4248,171514,rest
24.4300,171040,rest
24.4334,171376,rest
24.4371,171472,rest
24.4413,171486,rest
24.4454,171656,rest
24.4507,171190,rest
24.4534,171291,rest
24.4596,170972,rest
24.4623,171509,rest
24.4660,170967,rest
24.4699,171391,rest
24.4740,171121,rest
24.4793,7085,rest
24.4836,170859,rest
24.4885,171015,rest
24.4904,170581,rest
24.4946,7076,rest
24.4996,7094,rest
24.5039,171550,rest
24.5057,17,rest
24.5072,1165,rest
24.5092,1711,rest
24.5124,18,rest
24.5173,171140,rest
24.5218,170970,rest
24.5231,170871,rest
24.5279,1797,flicker
24.5335,171029,flicker
24.5371,171173,flicker
24.5395,170976,flicker
24.5438,171229,flicker
24.5478,171120,flicker
24.5517,171457,flicker
24.5558,171191,flicker
24.5599,171162,flicker
24.5643,170625,flicker
24.5681,171041,flicker
24.5723,171487,flicker
24.5764,171362,flicker
24.5811,171302,flicker
24.5846,171306,flicker
24.5886,171016,flicker
24.5927,171235,flicker
24.5977,170763,flicker
24.6010,171532,flicker
24.6051,171603,flicker
24.6092,171037,flicker
24.6140,171338,flicker
24.6174,170996,flicker
24.6215,170730,flicker
24.6255,171402,flicker
24.6297,171585,flicker
24.6313,1,flicker
24.6337,71169,flicker
24.6350,1716,flicker
24.6378,46,flicker
24.6388,171098,flicker
24.6419,171263,flicker
24.6463,171046,flicker
24.6502,171374,flicker
24.6541,170893,flicker
24.6582,171176,flicker
24.6627,171433,flicker
24.6668,171503,flicker
24.6705,171067,flicker
24.6746,171420,flicker
24.6796,171104,flicker
24.6830,171911,flicker
24.6869,171342,flicker
24.6911,170904,flicker
24.6952,70,flicker
24.6993,17100,flicker
24.7039,170799,flicker
24.7077,171159,flicker
24.7120,171168,flicker
24.7156,171504,flicker
24.7198,171289,flicker
24.7239,171243,flicker
24.7281,7147,flicker
24.7352,170640,flicker
24.7373,171501,flicker
24.7404,170933,flicker
24.7445,7104,flicker
24.7489,171120,flicker
24.7531,170973,flicker
24.7568,170710,flicker
24.7624,7,flicker
24.7656,57,flicker
24.7672,171277,flicker
24.7702,171128,flicker
24.7729,170736,flicker
24.7780,17,flicker
24.7811,170755,flicker
24.7852,170942,flicker
24.7893,171181,flicker
24.7935,170725,flicker
24.7980,170751,flicker
24.8018,171729,flicker
24.8057,170614,flicker
24.8098,171288,flicker
24.8144,171321,flicker
24.8179,171150,flicker
24.8221,171224,flicker
24.8262,171341,flicker
24.8313,171158,flicker
24.8345,171457,flicker
24.8384,170884,flicker
24.8427,171097,flicker
24.8478,170919,flicker
24.8507,171492,flicker
24.8548,171089,flicker
24.8590,171297,flicker
24.8635,171462,flicker
24.8671,171100,flicker
24.8712,171389,flicker
24.8754,171257,flicker
24.8800,171247,flicker
24.8835,171250,flicker
24.8876,171192,flicker
24.8891,170,flicker
24.8917,895,flicker
24.8928,170751,flicker
24.8963,171316,flicker
24.8999,170775,flicker
24.9040,170918,flicker
24.9081,171392,flicker
24.9127,170505,flicker
24.9162,171490,flicker
24.9204,171384,flicker
24.9245,171591,flicker
24.9296,171502,flicker
24.9326,171745,flicker
24.9367,171293,flicker
24.9409,171382,flicker
24.9467,711,flicker
24.9495,171170,flicker
24.9532,171353,flicker
24.9586,171149,flicker
24.9614,71452,flicker
24.9666,171470,flicker
24.9705,171355,flicker
24.9736,171103,flicker
24.9778,709,flicker
24.9832,171263,flicker
24.9861,171069,flicker
24.9902,171128,flicker
24.9943,10,flicker
24.9986,171206,flicker
25.0026,171080,flicker
25.0064,171455,flicker
25.0117,7,flicker
25.0150,171446,flicker
25.0162,17,flicker
25.0187,0515,flicker
25.0199,17148,flicker
25.0227,2,flicker
25.0228,171026,flicker
25.0271,1,flicker
25.0321,170971,flicker
25.0353,171264,flicker
25.0392,171123,flicker
25.0433,171169,flicker
25.0477,171154,flicker
25.0515,170909,flicker
25.0555,171320,flicker
25.0597,171531,flicker
25.0642,171180,flicker
25.0678,170779,flicker
25.0719,171076,flicker
25.0761,171395,flicker
25.0809,171403,flicker
25.0842,170961,flicker
25.0883,171285,flicker
25.0925,170982,flicker
25.0969,171366,flicker
25.1006,171396,flicker
25.1047,171143,flicker
25.1088,170590,flicker
25.1141,171267,flicker
25.1170,171250,flicker
25.1211,170244,flicker
25.1253,170543,flicker
25.1299,171037,flicker
25.1335,170983,flicker
25.1374,171043,flicker
25.1417,171123,flicker
25.1436,17,flicker
25.1458,1007,flicker
25.1479,17107,flicker
25.1498,8,flicker
25.1499,171663,flicker
25.1539,170992,flicker
25.1580,171153,flicker
25.1634,171326,flicker
25.1661,171192,flicker
25.1702,171176,flicker
25.1744,171149,flicker
25.1797,71629,flicker
25.1827,171425,flicker
25.1866,171442,flicker
25.1907,171637,flicker
25.1956,171178,flicker
25.1989,171299,flicker
25.2029,171572,flicker
25.2072,171054,flicker
25.2117,171646,flicker
25.2153,171057,flicker
25.2195,171671,flicker
25.2235,171016,flicker
25.2278,7074,flicker
25.2319,171264,flicker
25.2358,171687,flicker
25.2399,170813,flicker
25.2440,0,flicker
25.2521,171404,flicker
25.2525,170959,flicker
25.2562,171336,flicker
25.2621,7036,flicker
25.2655,171031,flicker
25.2687,171161,flicker
25.2704,17,flicker
25.2727,1418,flicker
25.2741,17127,flicker
25.2771,09,flicker
25.2837,171275,flicker
25.2849,171045,flicker
25.2890,171236,flicker
25.2949,1708,flicker
25.2976,171437,flicker
25.3027,171189,flicker
25.3062,170925,flicker
25.3095,171424,flicker
25.3144,170879,flicker
25.3177,170951,flicker
25.3217,170973,flicker
25.3259,170797,flicker
25.3305,171235,flicker
25.3340,170765,flicker
25.3381,171321,flicker
25.3423,171175,flicker
25.3467,170778,flicker
25.3505,171524,flicker
25.3545,171079,flicker
25.3587,171126,flicker
25.3634,170992,flicker
25.3668,170704,flicker
25.3709,171298,flicker
25.3753,171342,flicker
25.3795,171919,flicker
25.3832,171229,flicker
25.3873,171250,flicker
25.3916,170773,flicker
25.3956,171034,flicker
25.3972,1,flicker
25.3996,71281,flicker
25.4008,1711,flicker
25.4037,16,flicker
25.4053,170853,flicker
25.4080,171249,flicker
25.4125,171214,flicker
25.4159,171078,flicker
25.4201,171209,flicker
25.4242,170735,flicker
25.4286,171212,flicker
25.4328,171078,flicker
25.4365,171691,flicker
25.4405,171596,flicker
25.4450,171001,flicker
25.4493,171159,flicker
25.4528,171488,flicker
25.4569,171478,flicker
25.4611,700,flicker
25.4669,171557,flicker
25.4702,171323,flicker
25.4747,170736,flicker
25.4775,798,flicker
25.4824,170980,flicker
25.4856,171316,flicker
25.4897,171132,flicker
25.4939,737,flicker
25.4983,170829,flicker
25.5023,171080,flicker
25.5061,171490,flicker
25.5102,171014,flicker
25.5152,171355,flicker
25.5184,171318,flicker
25.5225,171290,flicker
25.5236,1,flicker
25.5267,71196,flicker
25.5273,7,flicker
25.5316,77,flicker
25.5333,171072,flicker
25.5350,171426,flicker
25.5388,171143,flicker
25.5430,171290,flicker
25.5483,171028,flicker
25.5512,171241,flicker
25.5553,171540,flicker
25.5593,170799,flicker
25.5637,171022,flicker
25.5680,171270,flicker
25.5716,170936,flicker
25.5757,170837,flicker
25.5811,171127,flicker
25.5839,171300,flicker
25.5880,170916,flicker
25.5921,171548,flicker
25.5974,171304,flicker
25.6005,171172,flicker
25.6044,171189,flicker
25.6087,171198,flicker
25.6134,171211,flicker
25.6167,171298,flicker
25.6207,170939,flicker
25.6249,171238,flicker
25.6297,170879,flicker
25.6330,171013,flicker
25.6371,170983,flicker
25.6412,170552,flicker
25.6460,170830,flicker
25.6495,171213,flicker
25.6506,1,flicker
25.6536,70787,flicker
25.6548,171,flicker
25.6576,118,flicker
25.6586,170641,flicker
25.6631,171155,flicker
25.6658,171191,flicker
25.6699,171367,flicker
25.6740,170668,flicker
25.6781,71003,flicker
25.6827,170922,flicker
25.6870,171094,flicker
25.6905,171365,flicker
25.6950,171468,flicker
25.6989,171013,flicker
25.7027,171244,flicker
25.7068,171279,flicker
25.7114,170964,flicker
25.7150,171235,flicker
25.7191,171009,flicker
25.7231,171695,flicker
25.7280,71234,flicker
25.7334,171346,flicker
25.7365,171099,flicker
25.7396,171044,flicker
25.7454,1128,flicker
25.7490,171312,flicker
25.7522,171168,flicker
25.7559,171147,flicker
25.7602,7120,flicker
25.7649,170923,flicker
25.7686,171184,flicker
25.7723,171051,flicker
25.7781,11,flicker
25.7807,171134,flicker
25.7822,171,flicker
25.7846,413,flicker
25.7861,170920,flicker
25.7887,171237,flicker
25.7928,171514,flicker
25.7975,170620,flicker
25.8010,171010,flicker
25.8051,171277,flicker
25.8092,171259,flicker
25.8139,171789,flicker
25.8174,170964,flicker
25.8214,171006,flicker
25.8256,170965,flicker
25.8302,170768,flicker
25.8337,171253,flicker
25.8378,171113,flicker
25.8420,171247,flicker
25.8470,171452,flicker
25.8501,171148,flicker
25.8542,171163,flicker
25.8584,171571,flicker
25.8634,171173,flicker
25.8665,171111,flicker
25.8706,171416,flicker
25.8748,170998,flicker
25.8796,170981,flicker
25.8829,171118,flicker
25.8870,171544,flicker
25.8911,171053,flicker
25.8956,171207,flicker
25.9001,171155,flicker
25.9034,171552,flicker
25.9075,171174,flicker
25.9086,171,flicker
25.9116,111,flicker
25.9130,170727,flicker
25.9157,171025,flicker
25.9198,171419,flicker
25.9239,170978,flicker
25.9279,71151,flicker
25.9329,171425,flicker
25.9371,170618,flicker
25.9403,171482,flicker
25.9445,726,flicker
25.9489,171646,flicker
25.9532,171150,flicker
25.9566,171890,flicker
25.9661,171261,flicker
25.9700,171361,flicker
25.9747,171547,flicker
25.9775,171834,flicker
25.9813,7,flicker
25.9856,171045,flicker
25.9902,171470,flicker
25.9944,171541,flicker
25.9976,171277,flicker
26.0027,171464,flicker
26.0057,171344,flicker
26.0100,3,flicker
26.0149,171479,flicker
26.0185,171441,flicker
26.0222,171453,flicker
26.0268,17762,flicker
26.0309,170807,flicker
26.0354,171473,flicker
26.0370,171,flicker
26.0385,442,flicker
26.0399,17130,flicker
26.0428,4,flicker
26.0431,080,flicker
26.0477,170882,flicker
26.0517,171321,flicker
26.0549,171469,flicker
26.0590,170930,flicker
26.0635,171299,flicker
26.0672,171095,flicker
26.0713,170903,flicker
26.0754,170731,flicker
26.0798,170396,flicker
26.0836,171768,flicker
26.0877,170575,flicker
26.0918,171430,flicker
26.0968,171070,flicker
26.1000,171149,flicker
26.1040,171237,flicker
26.1083,171316,flicker
26.1128,170979,flicker
26.1169,171475,flicker
26.1205,170782,flicker
26.1247,171721,flicker
26.1297,171891,flicker
26.1327,171277,flicker
26.1368,171266,flicker
26.1409,171603,flicker
26.1462,171191,flicker
26.1491,170755,flicker
26.1532,171159,flicker
26.1574,171183,flicker
26.1621,171071,flicker
26.1641,171,flicker
26.1656,408,flicker
26.1667,17120,flicker
26.1697,1,flicker
26.1698,171246,flicker
26.1743,171145,flicker
26.1792,710,flicker
26.1823,170804,flicker
26.1868,170421,flicker
26.1901,171465,flicker
26.1942,171144,flicker
26.1988,171181,flicker
26.2024,171120,flicker
26.2066,171188,flicker
26.2108,7149,flicker
26.2153,171396,flicker
26.2195,170919,flicker
26.2246,171114,flicker
26.2280,170966,flicker
26.2314,171270,flicker
26.2365,701,flicker
26.2415,171139,flicker
26.2442,171382,flicker
26.2476,736,flicker
26.2532,171168,flicker
26.2559,171057,flicker
26.2611,12,flicker
26.2641,171188,flicker
26.2685,171071,flicker
26.2728,171044,flicker
26.2776,171426,flicker
26.2803,170673,flicker
26.2844,7,flicker
26.2885,171422,flicker
26.2900,17,flicker
26.2931,1133,flicker
26.2945,17122,flicker
26.2967,2,flicker
26.2969,171180,flicker
26.3014,170969,flicker
26.3048,171373,flicker
26.3090,171164,flicker
26.3130,171240,flicker
26.3170,171266,flicker
26.3211,171064,flicker
26.3253,170582,flicker
26.3305,171174,flicker
26.3335,171299,flicker
26.3376,171019,flicker
26.3417,171166,flicker
26.3462,171785,flicker
26.3501,170700,flicker
26.3539,170806,flicker
26.3581,171159,flicker
26.3635,171166,flicker
26.3662,170630,flicker
26.3703,171301,flicker
26.3745,171245,flicker
26.3802,170966,flicker
26.3826,171617,flicker
26.3868,171759,flicker
26.3913,170839,flicker
26.3971,171175,flicker
26.3990,170890,flicker
26.4031,170758,flicker
26.4072,170413,flicker
26.4136,171462,flicker
26.4154,170963,flicker
26.4165,1,flicker
26.4195,70887,flicker
26.4206,1705,flicker
26.4236,71,flicker
26.4253,171189,flicker
26.4285,171068,flicker
26.4317,170835,flicker
26.4359,171301,flicker
26.4399,171205,flicker
26.4443,171224,flicker
26.4482,171113,flicker
26.4523,170908,flicker
26.4567,171259,flicker
26.4604,171225,flicker
26.4648,171191,flicker
26.4686,171487,flicker
26.4727,171345,flicker
26.4770,7102,flicker
26.4814,171019,flicker
26.4867,171025,flicker
26.4891,170575,flicker
26.4933,7080,flicker
26.4983,170852,flicker
26.5019,170456,flicker
26.5055,171116,flicker
26.5103,11,flicker
26.5152,171134,flicker
26.5190,170986,flicker
26.5226,171301,flicker
26.5266,17688,flicker
26.5315,171352,flicker
26.5341,171285,flicker
26.5382,171189,flicker
26.5451,171011,flicker
26.5478,71190,flicker
26.5515,170936,flicker
26.5536,171128,flicker
26.5546,171322,flicker
26.5587,170916,flicker
26.5635,170904,flicker
26.5669,170808,flicker
26.5711,171189,flicker
26.5751,170769,flicker
26.5801,171211,flicker
26.5833,171240,flicker
26.5874,170782,flicker
26.5915,171367,flicker
26.5963,170775,flicker
26.5997,170974,flicker
26.6038,171271,flicker
26.6080,171370,flicker
26.6131,171010,flicker
26.6160,171360,flicker
26.6202,171212,flicker
26.6245,171111,flicker
26.6287,170537,flicker
26.6324,171387,flicker
26.6365,170918,flicker
26.6406,170908,flicker
26.6450,171105,flicker
26.6491,170900,flicker
26.6530,170958,flicker
26.6570,171241,flicker
26.6616,171113,flicker
26.6654,171114,flicker
26.6693,170720,flicker
26.6703,1,flicker
26.6734,71169,flicker
26.6749,170,flicker
26.6779,743,flicker
26.6794,170997,flicker
26.6817,170709,flicker
26.6858,171428,flicker
26.6898,171098,flicker
26.6945,170881,flicker
26.6984,171031,flicker
26.7021,171608,flicker
26.7063,171122,flicker
26.7116,71350,flicker
26.7148,171015,flicker
26.7194,171537,flicker
26.7241,171410,flicker
26.7268,171444,flicker
26.7313,170831,flicker
26.7348,170901,flicker
26.7390,171133,flicker
26.7480,171178,flicker
26.7512,171272,flicker
26.7553,170974,flicker
26.7596,10842,flicker
26.7644,170901,flicker
26.7677,171575,flicker
26.7719,171474,flicker
26.7772,13,flicker
26.7812,171106,flicker
26.7850,170623,flicker
26.7893,170692,flicker
26.7928,170778,flicker
26.7965,171331,flicker
26.8008,171145,flicker
26.8026,171,flicker
26.8045,114,flicker
26.8056,171314,flicker
26.8087,171335,flicker
26.8134,170950,flicker
26.8168,170928,flicker
26.8209,170869,flicker
26.8249,170622,flicker
26.8306,7129,flicker
26.8342,171240,flicker
26.8373,171027,flicker
26.8425,170963,flicker
26.8471,711,flicker
26.8508,170806,flicker
26.8537,170895,flicker
26.8579,171041,flicker
26.8620,171292,flicker
26.8672,171172,flicker
26.8700,170972,flicker
26.8745,170848,flicker
26.8791,170593,flicker
26.8824,171150,flicker
26.8865,171068,flicker
26.8905,171182,flicker
26.8959,170956,flicker
26.8987,170732,flicker
26.9028,170562,flicker
26.9070,170978,flicker
26.9127,171046,flicker
26.9151,170517,flicker
26.9191,170648,flicker
26.9232,170577,flicker
26.9277,171136,flicker
26.9292,170,flicker
26.9314,776,flicker
26.9327,171143,flicker
26.9356,170507,flicker
26.9397,171446,flicker
26.9441,171156,flicker
26.9480,170467,flicker
26.9519,170921,flicker
26.9561,171028,flicker
26.9605,171015,flicker
26.9643,170971,flicker
26.9683,170626,flicker
26.9724,171040,flicker
26.9780,7145,flicker
26.9819,170944,flicker
26.9851,171173,flicker
26.9888,171099,flicker
26.9948,7129,flicker
26.9989,170566,flicker
27.0028,171066,flicker
27.0052,170851,flicker
27.0094,170976,flicker
27.0136,170942,flicker
27.0175,170479,flicker
27.0216,170964,flicker
27.0264,0,flicker
27.0299,171397,flicker
27.0345,171334,flicker
27.0379,171328,flicker
27.0423,170924,flicker
27.0464,170891,flicker
27.0502,170856,flicker
27.0544,171059,flicker
27.0551,171,flicker
27.0585,276,flicker
27.0605,171021,flicker
27.0633,170787,flicker
27.0666,171138,flicker
27.0707,171328,flicker
27.0749,171145,flicker
27.0791,171243,flicker
27.0830,171219,flicker
27.0871,170928,flicker
27.0912,171308,flicker
27.0962,171176,flicker
27.0994,170966,flicker
27.1035,170935,flicker
27.1076,170611,flicker
27.1128,170834,flicker
27.1157,171164,flicker
27.1198,170744,flicker
27.1241,171207,flicker
27.1291,171057,flicker
27.1321,171497,flicker
27.1362,170746,flicker
27.1403,171208,flicker
27.1450,171377,flicker
27.1485,171192,flicker
27.1526,170737,flicker
27.1572,171078,flicker
27.1616,171536,flicker
27.1649,170984,flicker
27.1690,171012,flicker
27.1731,170781,flicker
27.1777,170999,flicker
27.1816,171161,flicker
27.1829,17,flicker
27.1854,0887,flicker
27.1867,17160,flicker
27.1895,2,flicker
27.1896,170927,flicker
27.1950,7,flicker
27.1986,171366,flicker
27.2036,171296,flicker
27.2059,170715,flicker
27.2116,709,flicker
27.2144,170909,flicker
27.2189,170961,flicker
27.2223,170518,flicker
27.2263,70853,flicker
27.2309,171133,flicker
27.2351,171489,flicker
27.2387,171229,flicker
27.2434,17994,flicker
27.2478,171022,flicker
27.2519,171623,flicker
27.2551,171192,flicker
27.2594,1703,flicker
27.2634,171274,flicker
27.2677,170991,flicker
27.2714,170800,flicker
27.2765,171460,flicker
27.2809,6,flicker
27.2841,170995,flicker
27.2888,170989,flicker
27.2937,170784,flicker
27.2961,71292,flicker
27.3004,171620,flicker
27.3050,170722,flicker
27.3087,171026,flicker
27.3103,17,flicker
27.3132,1084,flicker
27.3154,17103,flicker
27.3164,1,flicker
27.3165,170788,flicker
27.3206,170876,flicker
27.3247,171130,flicker
27.3301,171406,flicker
27.3328,171394,flicker
27.3369,171303,flicker
27.3411,171449,flicker
27.3460,171104,flicker
27.3496,170601,flicker
27.3533,171236,flicker
27.3577,171047,flicker
27.3618,170845,flicker
27.3666,171011,flicker
27.3697,170925,flicker
27.3738,170931,flicker
27.3794,171205,flicker
27.3820,171693,flicker
27.3861,170910,flicker
27.3902,171396,flicker
27.3947,170653,flicker
27.3986,171046,flicker
27.4025,170916,flicker
27.4066,170891,flicker
27.4109,171011,flicker
27.4154,170521,flicker
27.4189,171052,flicker
27.4229,170858,flicker
27.4272,71414,flicker
27.4353,170528,flicker
27.4357,170697,flicker
27.4370,1,flicker
27.4394,70711,flicker
27.4404,1709,flicker
27.4457,36170682,flicker
27.4477,170570,flicker
27.4517,171009,flicker
27.4558,171244,flicker
27.4617,171136,flicker
27.4639,171294,flicker
27.4680,171251,flicker
27.4721,170813,flicker
27.4776,764,flicker
27.4812,170802,flicker
27.4858,170910,flicker
27.4885,170957,flicker
27.4942,708,flicker
27.4976,171607,flicker
27.5008,171655,flicker
27.5049,170728,flicker
27.5107,70957,flicker
27.5137,170923,flicker
27.5179,170760,flicker
27.5212,171716,flicker
27.5258,1709,flicker
27.5304,170515,flicker
27.5335,170423,flicker
27.5377,171206,flicker
27.5418,171465,flicker
27.5461,171687,flicker
27.5499,170688,flicker
27.5540,171182,flicker
27.5582,171161,flicker
27.5631,171001,flicker
27.5641,1,flicker
27.5663,70720,flicker
27.5679,1707,flicker
27.5704,12,flicker
27.5715,171358,flicker
27.5746,170893,flicker
27.5792,170814,flicker
27.5827,170785,flicker
27.5868,171029,flicker
27.5909,171266,flicker
27.5956,171278,flicker
27.5991,171124,flicker
27.6033,171755,flicker
27.6074,171024,flicker
27.6125,170848,flicker
27.6155,171015,flicker
27.6196,170904,flicker
27.6237,171480,flicker
27.6285,171533,flicker
27.6318,170839,flicker
27.6361,171266,flicker
27.6401,170804,flicker
27.6445,170834,flicker
27.6485,171224,flicker
27.6523,170923,flicker
27.6564,170759,flicker
27.6609,171071,flicker
27.6649,170751,flicker
27.6687,171316,flicker
27.6728,171235,flicker
27.6775,171041,flicker
27.6810,171534,flicker
27.6851,171543,flicker
27.6892,170924,flicker
27.6904,1,flicker
27.6934,1326,flicker
27.6951,17,flicker
27.6976,120,flicker
27.7003,171351,flicker
27.7018,171348,flicker
27.7056,171064,flicker
27.7119,71018,flicker
27.7141,171112,flicker
27.7179,171028,flicker
27.7219,171250,flicker
27.7262,715,flicker
27.7315,171025,flicker
27.7356,171256,flicker
27.7384,171111,flicker
27.7442,7095,flicker
27.7469,170808,flicker
27.7514,171488,flicker
27.7547,171231,flicker
27.7609,71149,flicker
27.7636,171418,flicker
27.7675,170933,flicker
27.7711,172078,flicker
27.7764,7084,flicker
27.7797,171191,flicker
27.7847,171245,flicker
27.7875,171026,flicker
27.7917,765,flicker
27.7960,170790,flicker
27.8007,170752,flicker
27.8039,171558,flicker
27.8096,710,flicker
27.8133,171001,flicker
27.8162,170624,flicker
27.8203,171373,flicker
27.8219,171,flicker
27.8265,31,flicker
27.8311,170608,flicker
27.8330,170959,flicker
27.8366,170939,flicker
27.8410,171267,flicker
27.8451,170677,flicker
27.8490,171081,flicker
27.8530,170899,flicker
27.8572,171117,flicker
27.8616,171011,flicker
27.8654,171325,flicker
27.8695,170851,flicker
27.8735,171355,flicker
27.8781,171309,flicker
27.8817,170726,flicker
27.8858,171196,flicker
27.8901,171483,flicker
27.8942,171309,flicker
27.8981,170812,flicker
27.9022,171461,flicker
27.9062,171044,flicker
27.9107,170945,flicker
27.9144,171284,flicker
27.9185,170924,flicker
27.9226,171348,flicker
27.9281,171713,flicker
27.9309,171189,flicker
27.9349,171222,flicker
27.9391,171051,flicker
27.9448,720,flicker
27.9492,170655,flicker
27.9513,170,flicker
27.9514,823,flicker
27.9528,171220,flicker
27.9557,171044,flicker
27.9598,171017,flicker
27.9636,171445,flicker
27.9677,170847,flicker
27.9718,170729,flicker
27.9773,70594,flicker
27.9818,171791,flicker
27.9842,171154,flicker
27.9882,170849,flicker
27.9924,71400,flicker
27.9965,170859,flicker
28.0012,171085,flicker
28.0046,171222,flicker
28.0087,71185,flicker
28.0146,171260,flicker
28.0177,171685,flicker
28.0209,171463,flicker
28.0252,09,flicker
28.0326,170980,flicker
28.0333,170849,flicker
28.0373,170462,flicker
28.0415,171540,flicker
28.0458,170963,flicker
28.0496,171154,flicker
28.0537,170579,flicker
28.0578,170961,flicker
28.0627,170477,flicker
28.0660,171375,flicker
28.0701,171234,flicker
28.0742,171377,flicker
28.0757,17,flicker
28.0792,0800,flicker
28.0810,17077,flicker
28.0824,9,flicker
28.0825,170794,flicker
28.0865,171464,flicker
28.0908,171413,flicker
28.0949,170961,flicker
28.0987,170559,flicker
28.1028,170478,flicker
28.1071,171052,flicker
28.1121,170548,flicker
28.1152,171477,flicker
28.1192,171156,flicker
28.1235,171483,flicker
28.1286,170687,flicker
28.1315,170821,flicker
28.1356,171472,flicker
28.1397,170854,flicker
28.1449,170973,flicker
28.1480,171314,flicker
28.1520,170964,flicker
28.1561,170918,flicker
28.1607,171412,flicker
28.1643,170498,flicker
28.1684,171092,flicker
28.1725,171267,flicker
28.1768,170760,flicker
28.1816,170667,flicker
28.1848,171419,flicker
28.1889,171001,flicker
28.1932,170902,flicker
28.1971,171113,flicker
28.2013,170895,flicker
28.2024,17,flicker
28.2053,1054,flicker
28.2068,17105,flicker
28.2096,2,flicker
28.2100,171279,flicker
28.2139,170847,flicker
28.2175,170896,flicker
28.2216,171168,flicker
28.2319,171021,flicker
28.2339,171553,flicker
28.2380,171080,flicker
28.2437,7149,flicker
28.2464,171084,flicker
28.2503,170862,flicker
28.2544,171251,flicker
28.2588,7,flicker
28.2631,170911,flicker
28.2669,171067,flicker
28.2708,170870,flicker
28.2749,171022,flicker
28.2800,171162,flicker
28.2831,170971,flicker
28.2872,171139,flicker
28.2928,17095,flicker
28.2982,171344,flicker
28.2994,170783,flicker
28.3035,170857,flicker
28.3077,171690,flicker
28.3129,170724,flicker
28.3159,170849,flicker
28.3200,170851,flicker
28.3241,170580,flicker
28.3286,171056,flicker
28.3299,1,flicker
28.3323,71092,flicker
28.3342,1716,flicker
28.3365,66,flicker
28.3379,170385,flicker
28.3405,170908,flicker
28.3458,171301,flicker
28.3486,171294,flicker
28.3527,170992,flicker
28.3569,171218,flicker
28.3613,171332,flicker
28.3654,171057,flicker
28.3691,171448,flicker
28.3732,170780,flicker
28.3778,171324,flicker
28.3818,171337,flicker
28.3855,171406,flicker
28.3896,170930,flicker
28.3957,710,flicker
28.3979,171266,flicker
28.4019,171169,flicker
28.4059,170634,flicker
28.4108,170929,flicker
28.4141,170776,flicker
28.4182,170688,flicker
28.4223,171123,flicker
28.4269,170726,flicker
28.4311,171386,flicker
28.4346,171055,flicker
28.4387,170850,flicker
28.4445,170734,flicker
28.4469,171073,flicker
28.4510,170889,flicker
28.4552,170353,flicker
28.4564,1,flicker
28.4594,0745,flicker
28.4604,1710,flicker
28.4633,0,flicker
28.4649,171251,flicker
28.4682,170733,flicker
28.4715,170832,flicker
28.4757,70874,flicker
28.4799,170612,flicker
28.4846,171306,flicker
28.4882,170576,flicker
28.4920,171036,flicker
28.4964,170891,flicker
28.5002,170780,flicker
28.5042,171428,flicker
28.5099,7129,flicker
28.5128,170687,flicker
28.5173,171246,flicker
28.5209,171260,flicker
28.5250,7,flicker
28.5294,171015,flicker
28.5340,170729,flicker
28.5371,170878,flicker
28.5414,07,flicker
28.5455,170964,flicker
28.5495,170916,flicker
28.5535,171298,flicker
28.5575,171181,flicker
28.5621,170674,flicker
28.5657,170997,flicker
28.5697,170574,flicker
28.5740,171402,flicker
28.5781,171145,flicker
28.5821,171185,flicker
28.5830,1,flicker
28.5863,70737,flicker
28.5875,1706,flicker
28.5903,79,flicker
28.5920,171236,flicker
28.5952,171390,flicker
28.5988,171200,flicker
28.6026,171564,flicker
28.6066,171515,flicker
28.6109,170950,flicker
28.6149,171092,flicker
28.6189,171359,flicker
28.6231,171043,flicker
28.6285,171721,flicker
28.6312,170885,flicker
28.6353,170946,flicker
28.6394,171056,flicker
28.6452,171233,flicker
28.6476,171307,flicker
28.6517,171243,flicker
28.6558,171080,flicker
28.6604,170797,flicker
28.6649,170895,flicker
28.6680,170281,flicker
28.6722,170903,flicker
28.6765,171511,flicker
28.6813,171013,flicker
28.6849,170956,flicker
28.6886,170665,flicker
28.6934,170679,flicker
28.6967,170462,flicker
28.7008,170586,flicker
28.7050,170855,flicker
28.7093,706,flicker
28.7136,71487,flicker
28.7149,1709,flicker
28.7172,52,flicker
28.7186,171337,flicker
28.7216,171312,flicker
28.7269,106,flicker
28.7324,170611,flicker
28.7336,170688,flicker
28.7377,170848,flicker
28.7430,703,flicker
28.7472,170938,flicker
28.7502,170819,flicker
28.7541,171057,flicker
28.7598,7247,flicker
28.7632,171210,flicker
28.7668,171011,flicker
28.7705,170578,flicker
28.7746,70977,flicker
28.7792,170721,flicker
28.7835,170762,flicker
28.7869,171297,flicker
28.7913,171151,flicker
28.7958,171465,flicker
28.7992,171593,flicker
28.8032,171122,flicker
28.8074,170992,flicker
28.8119,170983,flicker
28.8155,170630,flicker
28.8196,171709,flicker
28.8237,170816,flicker
28.8283,170967,flicker
28.8319,171236,flicker
28.8360,171240,flicker
28.8372,1,flicker
28.8401,70906,flicker
28.8417,170,flicker
28.8444,955,flicker
28.8464,170839,flicker
28.8484,171300,flicker
28.8524,171002,flicker
28.8566,171239,flicker
28.8608,170478,flicker
28.8647,171130,flicker
28.8688,171144,flicker
28.8731,170609,flicker
28.8773,170820,flicker
28.8811,171189,flicker
28.8852,170405,flicker
28.8894,170616,flicker
28.8946,171232,flicker
28.8975,171096,flicker
28.9015,171151,flicker
28.9056,171253,flicker
28.9108,170901,flicker
28.9138,170513,flicker
28.9179,171347,flicker
28.9223,171114,flicker
28.9267,170924,flicker
28.9302,170395,flicker
28.9343,171065,flicker
28.9385,170819,flicker
28.9426,715,flicker
28.9480,171295,flicker
28.9513,170704,flicker
28.9549,171260,flicker
28.9594,171203,flicker
28.9630,170338,flicker
28.9671,170895,flicker
28.9683,170,flicker
28.9712,848,flicker
28.9727,170843,flicker
28.9759,171245,flicker
28.9795,170874,flicker
28.9835,170912,flicker
28.9876,170625,flicker
28.9920,1710,flicker
28.9960,170969,flicker
29.0009,170967,flicker
29.0039,171131,flicker
29.0082,15,flicker
29.0127,171478,flicker
29.0165,170885,flicker
29.0204,171171,flicker
29.0246,714,flicker
29.0287,170905,flicker
29.0335,171387,flicker
29.0367,171234,flicker
29.0417,1732,flicker
29.0451,171495,flicker
29.0490,171138,flicker
29.0531,170978,flicker
29.0572,170519,flicker
29.0623,171543,flicker
29.0654,170602,flicker
29.0695,170918,flicker
29.0737,171029,flicker
29.0782,170871,flicker
29.0818,170805,flicker
29.0859,171309,flicker
29.0900,171519,flicker
29.0946,170960,flicker
29.0958,171,flicker
29.0982,466,flicker
29.0994,170516,flicker
29.1023,170692,flicker
29.1064,170825,flicker
29.1108,170812,flicker
29.1146,171356,flicker
29.1186,170972,flicker
29.1227,171173,flicker
29.1272,171183,flicker
29.1310,171020,flicker
29.1351,170637,flicker
29.1391,171309,flicker
29.1437,170830,flicker
29.1474,171137,flicker
29.1515,171084,flicker
29.1555,170837,flicker
29.1613,171119,flicker
29.1637,170990,flicker
29.1678,171080,flicker
29.1719,171552,flicker
29.1775,71,flicker
29.1806,171064,flicker
29.1842,171289,flicker
29.1882,171377,flicker
29.1931,170998,flicker
29.1965,170949,flicker
29.2006,171123,flicker
29.2046,170728,flicker
29.2105,7100,flicker
29.2135,171006,flicker
29.2171,171111,flicker
29.2211,171105,flicker
29.2225,170,flicker
29.2263,411,flicker
29.2306,171030,flicker
29.2336,170930,flicker
29.2375,171294,flicker
29.2416,7155,flicker
29.2464,170876,flicker
29.2503,171120,flicker
29.2539,171335,flicker
29.2582,171115,flicker
29.2626,170964,flicker
29.2661,171250,flicker
29.2703,170895,flicker
29.2744,68,flicker
29.2788,171194,flicker
29.2853,171107,flicker
29.2866,171231,flicker
29.2915,1091,flicker
29.2948,171435,flicker
29.2994,170465,flicker
29.3029,170650,flicker
29.3072,170862,flicker
29.3115,170556,flicker
29.3153,170808,flicker
29.3194,171185,flicker
29.3236,171225,flicker
29.3281,170915,flicker
29.3316,171058,flicker
29.3357,170974,flicker
29.3400,170572,flicker
29.3445,170819,flicker
29.3480,171383,flicker
29.3491,17,flicker
29.3521,1522,flicker
29.3536,17127,flicker
29.3562,2,flicker
29.3563,171126,flicker
29.3611,171313,flicker
29.3645,171007,flicker
29.3685,170756,flicker
29.3726,171106,flicker
29.3774,171336,flicker
29.3808,170987,flicker
29.3849,170867,flicker
29.3891,171523,flicker
29.3938,171176,flicker
29.3971,171251,flicker
29.4013,170891,flicker
29.4054,171388,flicker
29.4104,171048,flicker
29.4135,171433,flicker
29.4176,171015,flicker
29.4217,171253,flicker
29.4267,171405,flicker
29.4300,171025,flicker
29.4341,170887,flicker
29.4381,170728,flicker
29.4424,74,flicker
29.4482,170974,flicker
29.4509,171059,flicker
29.4546,171044,flicker
29.4606,7152,flicker
29.4636,171117,flicker
29.4679,170984,flicker
29.4708,171081,flicker
29.4752,7098,flicker
29.4769,17,flicker
29.4797,865,flicker
29.4814,17125,flicker
29.4837,7,flicker
29.4851,171752,flicker
29.4873,171426,flicker
29.4914,70859,flicker
29.4958,171325,flicker
29.5004,170670,flicker
29.5037,170868,flicker
29.5079,760,flicker
29.5135,171476,flicker
29.5169,171542,flicker
29.5226,171004,flicker
29.5245,171140,flicker
29.5287,171035,flicker
29.5323,170698,flicker
29.5364,171337,flicker
29.5420,1,flicker
29.5450,170802,flicker
29.5494,170987,flicker
29.5528,171536,flicker
29.5569,171022,flicker
29.5613,171218,flicker
29.5651,170874,flicker
29.5692,171109,flicker
29.5733,171062,flicker
29.5783,170806,flicker
29.5815,171219,flicker
29.5856,171092,flicker
29.5898,171242,flicker
29.5942,171115,flicker
29.5978,171418,flicker
29.6020,171142,flicker
29.6035,17,flicker
29.6061,1186,flicker
29.6072,1712,flicker
29.6110,21,flicker
29.6114,170887,flicker
29.6142,170628,flicker
29.6183,171726,flicker
29.6225,171476,flicker
29.6267,171534,flicker
29.6313,171233,flicker
29.6347,171692,flicker
29.6388,171437,flicker
29.6433,170840,flicker
29.6470,171311,flicker
29.6511,171254,flicker
29.6553,171045,flicker
29.6605,170973,flicker
29.6634,170748,flicker
29.6675,171227,flicker
29.6716,171071,flicker
29.6761,171953,flicker
29.6798,171514,flicker
29.6839,170548,flicker
29.6879,171585,flicker
29.6926,171802,flicker
29.6962,171415,flicker
29.7003,171760,flicker
29.7045,171464,flicker
29.7086,7139,flicker
29.7129,171013,flicker
29.7177,171280,flicker
29.7207,171071,flicker
29.7265,712,flicker
29.7292,171259,flicker
29.7312,1,flicker
29.7331,71147,flicker
29.7338,1707,flicker
29.7372,73,flicker
29.7383,170549,flicker
29.7423,171176,flicker
29.7453,170900,flicker
29.7494,170887,flicker
29.7535,171017,flicker
29.7576,70773,flicker
29.7623,170782,flicker
29.7663,171177,flicker
29.7699,171692,flicker
29.7782,171379,flicker
29.7821,171393,flicker
29.7863,171218,flicker
29.7904,171260,flicker
29.7955,171341,flicker
29.7986,171227,flicker
29.8026,171521,flicker
29.8068,171042,flicker
29.8112,170911,flicker
29.8149,171424,flicker
29.8190,171330,flicker
29.8231,171287,flicker
29.8277,170970,flicker
29.8313,171054,flicker
29.8355,171060,flicker
29.8395,171235,flicker
29.8444,171594,flicker
29.8478,171041,flicker
29.8519,171142,flicker
29.8559,170613,flicker
29.8569,1,flicker
29.8605,71652,flicker
29.8623,1709,flicker
29.8642,22,flicker
29.8654,171286,flicker
29.8683,171341,flicker
29.8724,171032,flicker
29.8778,171377,flicker
29.8805,170689,flicker
29.8845,170653,flicker
29.8887,170584,flicker
29.8941,171144,flicker
29.8968,171146,flicker
29.9009,171374,flicker
29.9051,170880,flicker
29.9106,171028,flicker
29.9132,170833,flicker
29.9174,171343,flicker
29.9215,171200,flicker
29.9275,171017,flicker
29.9296,171506,flicker
29.9337,170829,flicker
29.9378,170939,flicker
29.9425,171034,flicker
29.9460,170821,flicker
29.9501,171268,flicker
29.9542,171180,flicker
29.9584,791,flicker
29.9631,171260,flicker
29.9671,170925,flicker
29.9706,171168,flicker
29.9748,71516,flicker
29.9800,170574,flicker
29.9831,170928,flicker
29.9840,1,flicker
29.9870,70717,flicker
29.9885,1703,flicker
29.9928,710,flicker
29.9956,171183,flicker
29.9995,170809,flicker
30.0034,171058,flicker
30.0076,713,flicker
30.0131,170642,flicker
30.0160,170830,flicker
30.0197,171318,flicker
30.0246,5,flicker
30.0280,170711,flicker
30.0320,171095,flicker
30.0361,170984,flicker
30.0402,171277,flicker
30.0443,171113,flicker
30.0485,170977,flicker
30.0525,171102,flicker
30.0566,170824,flicker
30.0617,171094,flicker
30.0648,170821,flicker
30.0688,171176,flicker
30.0730,170965,flicker
30.0776,170943,flicker
30.0812,171341,flicker
30.0853,171145,flicker
30.0894,170835,flicker
30.0943,171327,flicker
30.0975,170772,flicker
30.1016,170860,flicker
30.1059,170942,flicker
30.1101,170557,flicker
30.1115,1,flicker
30.1139,70991,flicker
30.1153,1715,flicker
30.1180,42,flicker
30.1190,170830,flicker
30.1223,171449,flicker
30.1270,171088,flicker
30.1303,170897,flicker
30.1344,170949,flicker
30.1385,170789,flicker
30.1428,171099,flicker
30.1467,171141,flicker
30.1508,170870,flicker
30.1549,170912,flicker
30.1600,170722,flicker
30.1632,171000,flicker
30.1672,171014,flicker
30.1712,171021,flicker
30.1760,170918,flicker
30.1795,171228,flicker
30.1835,171241,flicker
30.1876,170856,flicker
30.1933,77,flicker
30.1960,171032,flicker
30.1999,170724,flicker
30.2041,170715,flicker
30.2090,170458,flicker
30.2122,170834,flicker
30.2164,171614,flicker
30.2204,170773,flicker
30.2259,17060,flicker
30.2286,170649,flicker
30.2327,171190,flicker
30.2368,171281,flicker
30.2410,70844,flicker
30.2426,170,flicker
30.2469,42,flicker
30.2493,171391,flicker
30.2503,171202,flicker
30.2532,170682,flicker
30.2574,71026,flicker
30.2614,71293,flicker
30.2659,171077,flicker
30.2698,171875,flicker
30.2754,167,flicker
30.2779,171128,flicker
30.2819,171299,flicker
30.2860,170861,flicker
30.2901,171009,flicker
30.2945,171097,flicker
30.2982,171259,flicker
30.3024,171176,flicker
30.3066,170910,flicker
30.3113,170989,flicker
30.3147,171390,flicker
30.3187,170941,flicker
30.3229,171525,flicker
30.3272,170620,flicker
30.3310,170575,flicker
30.3351,171017,flicker
30.3393,170972,flicker
30.3436,170420,flicker
30.3477,170998,flicker
30.3515,170797,flicker
30.3557,170813,flicker
30.3603,170965,flicker
30.3638,171426,flicker
30.3679,171101,flicker
30.3690,170,flicker
30.3720,825,flicker
30.3734,17104,flicker
30.3762,4,flicker
30.3772,170790,flicker
30.3804,171388,flicker
30.3843,171387,flicker
30.3884,171021,flicker
30.3927,171339,flicker
30.3965,170602,flicker
30.4007,170466,flicker
30.4047,170709,flicker
30.4092,170948,flicker
30.4133,171208,flicker
30.4170,170758,flicker
30.4211,170740,flicker
30.4256,171319,flicker
30.4293,171109,flicker
30.4334,171277,flicker
30.4375,171623,flicker
30.4417,170786,flicker
30.4468,170774,flicker
30.4498,171091,flicker
30.4539,171020,flicker
30.4593,7115,flicker
30.4628,171044,flicker
30.4667,170719,flicker
30.4703,171216,flicker
30.4760,171319,flicker
30.4787,170767,flicker
30.4826,171153,flicker
30.4867,171095,flicker
30.4911,73,flicker
30.4966,170727,flicker
30.4981,170,flicker
30.4993,569,flicker
30.5010,170334,flicker
30.5031,170785,flicker
30.5088,5,flicker
30.5124,171285,flicker
30.5161,171057,flicker
30.5202,171018,flicker
30.5246,171056,flicker
30.5281,170720,flicker
30.5326,171193,flicker
30.5360,170616,flicker
30.5403,1090,flicker
30.5468,170642,flicker
30.5511,170843,flicker
30.5522,171448,flicker
30.5564,171634,flicker
30.5610,170990,flicker
30.5645,171065,flicker
30.5685,170927,flicker
30.5727,171148,flicker
30.5776,171242,flicker
30.5808,170665,flicker
30.5849,171020,flicker
30.5892,171243,flicker
30.5938,171056,flicker
30.5972,171185,flicker
30.6014,170448,flicker
30.6055,171375,flicker
30.6105,171195,flicker
30.6136,171142,flicker
30.6177,171160,flicker
30.6219,171253,flicker
30.6230,17,flicker
30.6262,0511,flicker
30.6280,17113,flicker
30.6301,8,flicker
30.6302,171259,flicker
30.6341,171124,flicker
30.6382,171058,flicker
30.6434,170542,flicker
30.6465,170815,flicker
30.6505,170482,flicker
30.6546,171447,flicker
30.6597,171283,flicker
30.6630,170819,flicker
30.6669,171309,flicker
30.6709,170823,flicker
30.6751,71273,flicker
30.6795,171417,flicker
30.6841,171938,flicker
30.6874,171271,flicker
30.6919,171256,flicker
30.6955,170995,flicker
30.6996,171567,flicker
30.7038,170783,flicker
30.7092,7,flicker
30.7127,171167,flicker
30.7174,171193,flicker
30.7201,171437,flicker
30.7247,171163,flicker
30.7283,171105,flicker
30.7324,171497,flicker
30.7365,171652,flicker
30.7420,71225,flicker
30.7454,170743,flicker
30.7496,170680,flicker
30.7508,17,flicker
30.7529,0689,flicker
30.7538,17154,flicker
30.7572,114,flicker
30.7640,171202,flicker
30.7664,171302,flicker
30.7697,170886,flicker
30.7736,7187,flicker
30.7793,171158,flicker
30.7824,171665,flicker
30.7857,171463,flicker
30.7915,16,flicker
30.7945,171136,flicker
30.7980,171413,flicker
30.8020,171221,flicker
30.8062,171347,flicker
30.8105,170895,flicker
30.8144,171478,flicker
30.8184,171238,flicker
30.8225,171441,flicker
30.8275,171478,flicker
30.8307,170706,flicker
30.8348,170760,flicker
30.8392,171705,flicker
30.8436,171076,flicker
30.8471,170394,flicker
30.8512,170647,flicker
30.8553,171365,flicker
30.8601,171280,flicker
30.8634,170922,flicker
30.8676,170899,flicker
30.8717,170551,flicker
30.8762,171095,flicker
30.8774,1,flicker
30.8799,71203,flicker
30.8814,1709,flicker
30.8840,40,flicker
30.8851,171330,flicker
30.8884,171145,flicker
30.8926,171242,flicker
30.8962,171368,flicker
30.9004,170910,flicker
30.9046,170832,flicker
30.9095,171266,flicker
30.9126,170859,flicker
30.9167,170697,flicker
30.9208,170517,flicker
30.9254,170772,flicker
30.9290,171305,flicker
30.9331,170952,flicker
30.9372,170981,flicker
30.9419,171656,flicker
30.9459,171093,flicker
30.9495,170966,flicker
30.9536,170985,flicker
30.9582,171252,flicker
30.9621,171058,flicker
30.9659,171207,flicker
30.9700,171132,flicker
30.9741,710,flicker
30.9784,170997,flicker
30.9832,171148,flicker
30.9864,170872,flicker
30.9904,70162,flicker
30.9947,170967,flicker
30.9986,170896,flicker
31.0027,170801,flicker
31.0039,1,flicker
31.0069,103,flicker
31.0087,110,flicker
31.0110,7,flicker
31.0125,171274,flicker
31.0156,170790,flicker
31.0191,171290,flicker
31.0254,702,flicker
31.0303,171088,flicker
31.0314,170912,flicker
31.0355,170817,flicker
31.0418,17114,flicker
31.0458,170899,flicker
31.0480,170725,flicker
31.0519,170631,flicker
31.0560,171181,flicker
31.0606,170956,flicker
31.0641,171092,flicker
31.0684,171162,flicker
31.0724,171051,flicker
31.0774,171181,flicker
31.0806,171369,flicker
31.0846,171184,flicker
31.0888,170955,flicker
31.0933,171467,flicker
31.0970,170922,flicker
31.1012,170855,flicker
31.1052,171058,flicker
31.1093,170990,flicker
31.1134,171366,flicker
31.1174,170775,flicker
31.1217,171207,flicker
31.1259,171289,flicker
31.1301,170780,flicker
31.1312,1,flicker
31.1338,71135,flicker
31.1350,1715,flicker
31.1379,52,flicker
31.1391,171151,flicker
31.1422,170939,flicker
31.1461,170967,flicker
31.1502,171173,flicker
31.1543,171470,flicker
31.1587,171159,flicker
31.1625,170680,flicker
31.1666,171284,flicker
31.1706,170649,flicker
31.1749,170413,flicker
31.1789,171119,flicker
31.1829,171135,flicker
31.1871,171077,flicker
31.1922,170896,flicker
31.1952,171288,flicker
31.1994,170819,flicker
31.2035,171282,flicker
31.2090,72,flicker
31.2124,171340,flicker
31.2162,170723,flicker
31.2198,171443,flicker
31.2247,171172,flicker
31.2280,171031,flicker
31.2321,171061,flicker
31.2362,171191,flicker
31.2411,170918,flicker
31.2444,171300,flicker
31.2486,170894,flicker
31.2526,171387,flicker
31.2584,71,flicker
31.2613,71618,flicker
31.2628,171,flicker
31.2649,098,flicker
31.2665,171003,flicker
31.2690,170859,flicker
31.2731,170926,flicker
31.2774,171342,flicker
31.2812,171047,flicker
31.2854,171145,flicker
31.2898,1703,flicker
31.2950,171091,flicker
31.2998,171349,flicker
31.3018,171165,flicker
31.3058,171359,flicker
31.3107,170419,flicker
31.3140,171283,flicker
31.3181,171605,flicker
31.3222,170909,flicker
31.3267,171214,flicker
31.3304,171172,flicker
31.3345,171537,flicker
31.3386,171474,flicker
31.3437,171414,flicker
31.3468,171744,flicker
31.3509,171084,flicker
31.3550,171408,flicker
31.3601,171364,flicker
31.3632,171192,flicker
31.3672,171838,flicker
31.3716,171078,flicker
31.3765,171002,flicker
31.3796,170937,flicker
31.3836,170814,flicker
31.3880,171213,flicker
31.3883,170,flicker
31.3927,641,flicker
31.3933,170930,flicker
31.3960,170990,flicker
31.4000,170861,flicker
31.4041,171046,flicker
31.4087,171174,flicker
31.4123,171073,flicker
31.4164,171107,flicker
31.4205,171420,flicker
31.4251,171127,flicker
31.4287,170843,flicker
31.4328,171272,flicker
31.4369,171396,flicker
31.4421,7047,flicker
31.4452,170738,flicker
31.4492,171177,flicker
31.4534,170945,flicker
31.4575,706,flicker
31.4619,171139,flicker
31.4659,170600,flicker
31.4697,171232,flicker
31.4753,7121,flicker
31.4782,171253,flicker
31.4822,170838,flicker
31.4872,171621,flicker
31.4903,706,flicker
31.4977,170997,flicker
31.4986,171466,flicker
31.5024,170814,flicker
31.5078,17,flicker
31.5148,170664,flicker
31.5157,171090,flicker
31.5169,17,flicker
31.5188,1339,flicker
31.5210,17132,flicker
31.5230,1,flicker
31.5231,170805,flicker
31.5295,1703,flicker
31.5334,171042,flicker
31.5375,170976,flicker
31.5413,170640,flicker
31.5436,170253,flicker
31.5480,170984,flicker
31.5524,170801,flicker
31.5558,171185,flicker
31.5615,07,flicker
31.5656,171085,flicker
31.5684,170713,flicker
31.5722,171094,flicker
31.5770,171199,flicker
31.5811,171110,flicker
31.5845,171502,flicker
31.5888,171295,flicker
31.5931,170521,flicker
31.5968,170409,flicker
31.6007,170828,flicker
31.6049,171027,flicker
31.6096,170923,flicker
31.6130,170540,flicker
31.6171,171425,flicker
31.6213,171290,flicker
31.6262,171076,flicker
31.6294,170798,flicker
31.6335,170938,flicker
31.6376,171186,flicker
31.6428,171172,flicker
31.6442,17,flicker
31.6458,0811,flicker
31.6474,17139,flicker
31.6498,9,flicker
31.6513,171364,flicker
31.6540,170982,flicker
31.6595,171072,flicker
31.6622,171678,flicker
31.6662,170724,flicker
31.6704,170892,flicker
31.6800,171410,flicker
31.6834,171010,flicker
31.6868,171521,flicker
31.6928,171348,flicker
31.6951,170826,flicker
31.6991,171042,flicker
31.7032,170712,flicker
31.7089,71,flicker
31.7119,171034,flicker
31.7168,170607,flicker
31.7195,171419,flicker
31.7238,0,flicker
31.7277,171118,flicker
31.7331,171111,flicker
31.7384,171190,flicker
31.7414,170849,flicker
31.7460,711,flicker
31.7492,170895,flicker
31.7523,170918,flicker
31.7564,171408,flicker
31.7617,170707,flicker
31.7646,170936,flicker
31.7687,171032,flicker
31.7699,1,flicker
31.7728,71006,flicker
31.7741,1708,flicker
31.7776,44,flicker
31.7795,170923,flicker
31.7810,171024,flicker
31.7850,171352,flicker
31.7895,170,flicker
31.7943,170912,flicker
31.7982,170848,flicker
31.8020,171548,flicker
31.8072,7137,flicker
31.8109,170699,flicker
31.8138,171202,flicker
31.8178,170930,flicker
31.8230,714,flicker
31.8270,171073,flicker
31.8309,170891,flicker
31.8342,171290,flicker
31.8386,18,flicker
31.8427,171611,flicker
31.8465,170566,flicker
31.8506,171710,flicker
31.8548,170987,flicker
31.8591,170905,flicker
31.8628,171509,flicker
31.8669,171378,flicker
31.8713,171174,flicker
31.8760,171569,flicker
31.8796,171776,flicker
31.8834,170854,flicker
31.8875,171530,flicker
31.8925,171049,flicker
31.8956,171175,flicker
31.8969,1,flicker
31.8998,71271,flicker
31.9017,1714,flicker
31.9038,05,flicker
31.9053,170773,flicker
31.9084,171658,flicker
31.9120,170942,flicker
31.9161,170912,flicker
31.9203,171180,flicker
31.9247,170949,flicker
31.9284,171885,flicker
31.9325,170949,flicker
31.9366,170939,flicker
31.9416,171094,flicker
31.9448,170827,flicker
31.9489,171047,flicker
31.9530,171432,flicker
31.9587,702,flicker
31.9613,171117,flicker
31.9657,171080,flicker
31.9702,171580,flicker
31.9736,01,flicker
31.9782,171221,flicker
31.9835,170929,flicker
31.9874,171113,flicker
31.9899,17918,flicker
31.9949,171180,flicker
32.0013,171410,flicker
32.0026,171108,flicker
32.0063,171032,flicker
32.0119,171237,flicker
32.0145,170906,flicker
32.0186,171187,flicker
32.0229,729,flicker
32.0278,171100,flicker
32.0302,171,flicker
32.0310,100,flicker
32.0351,171127,flicker
32.0356,170659,flicker
32.0393,171354,flicker
32.0441,171070,flicker
32.0473,171337,flicker
32.0514,170969,flicker
32.0557,170792,flicker
32.0604,170600,flicker
32.0636,170751,flicker
32.0678,170995,flicker
32.0719,171139,flicker
32.0767,170932,flicker
32.0801,171392,flicker
32.0842,170813,flicker
32.0883,170312,flicker
32.0933,171350,flicker
32.0966,171039,flicker
32.1006,171129,flicker
32.1048,171081,flicker
32.1098,171009,flicker
32.1128,171301,flicker
32.1169,171370,flicker
32.1212,171388,flicker
32.1266,171457,flicker
32.1292,170769,flicker
32.1333,170834,flicker
32.1375,170821,flicker
32.1421,171327,flicker
32.1461,170922,flicker
32.1496,170749,flicker
32.1537,171042,flicker
32.1554,171,flicker
32.1590,336,flicker
32.1605,17079,flicker
32.1619,8,flicker
32.1620,170878,flicker
32.1659,170898,flicker
32.1701,171149,flicker
32.1744,171017,flicker
32.1783,170830,flicker
32.1824,170927,flicker
32.1865,171353,flicker
32.1907,7,flicker
32.1953,171306,flicker
32.2002,171315,flicker
32.2038,171176,flicker
32.2070,71271,flicker
32.2117,171284,flicker
32.2169,170584,flicker
32.2205,170812,flicker
32.2241,170972,flicker
32.2282,171218,flicker
32.2315,171144,flicker
32.2356,171019,flicker
32.2399,792,flicker
32.2442,170883,flicker
32.2483,171275,flicker
32.2531,170988,flicker
32.2562,171607,flicker
32.2604,171416,flicker
32.2657,171086,flicker
32.2684,171090,flicker
32.2746,70,flicker
32.2797,171155,flicker
32.2807,170581,flicker
32.2823,17,flicker
32.2848,1400,flicker
32.2860,17137,flicker
32.2913,4170853,flicker
32.2930,171319,flicker
32.2971,171565,flicker
32.3012,171530,flicker
32.3053,171167,flicker
32.3101,171409,flicker
32.3134,171207,flicker
32.3175,171423,flicker
32.3216,171037,flicker
32.3270,171140,flicker
32.3299,171377,flicker
32.3340,170827,flicker
32.3381,170993,flicker
32.3423,171186,flicker
32.3462,171204,flicker
32.3503,171282,flicker
32.3544,170794,flicker
32.3594,171210,flicker
32.3627,171033,flicker
32.3667,171110,flicker
32.3708,170745,flicker
32.3765,171266,flicker
32.3790,170876,flicker
32.3830,170767,flicker
32.3875,171267,flicker
32.3914,170803,flicker
32.3961,171097,flicker
32.3994,170987,flicker
32.4036,170850,flicker
32.4082,171109,flicker
32.4097,17,flicker
32.4118,0888,flicker
32.4128,1710,flicker
32.4158,03,flicker
32.4174,171227,flicker
32.4200,171155,flicker
32.4243,171122,flicker
32.4281,170584,flicker
32.4322,171256,flicker
32.4363,171270,flicker
32.4410,171163,flicker
32.4448,170636,flicker
32.4490,170609,flicker
32.4527,171193,flicker
32.4585,7,flicker
32.4615,170764,flicker
32.4658,170834,flicker
32.4691,171197,flicker
32.4741,170893,flicker
32.4775,170662,flicker
32.4825,170996,flicker
32.4855,171636,flicker
32.4907,2,flicker
32.4939,171239,flicker
32.4982,170852,flicker
32.5043,170838,flicker
32.5060,171243,flicker
32.5104,171370,flicker
32.5142,170949,flicker
32.5183,171048,flicker
32.5275,170697,flicker
32.5307,171272,flicker
32.5346,171041,flicker
32.5356,1,flicker
32.5390,10,flicker
32.5405,8,flicker
32.5432,45,flicker
32.5443,171085,flicker
32.5469,171274,flicker
32.5511,170735,flicker
32.5554,170563,flicker
32.5595,171020,flicker
32.5633,171273,flicker
32.5674,171491,flicker
32.5715,170836,flicker
32.5760,171003,flicker
32.5797,170811,flicker
32.5838,170404,flicker
32.5878,170840,flicker
32.5923,171070,flicker
32.5963,170584,flicker
32.6001,171199,flicker
32.6043,170941,flicker
32.6086,171479,flicker
32.6127,170810,flicker
32.6165,171281,flicker
32.6207,171356,flicker
32.6252,171006,flicker
32.6293,170990,flicker
32.6329,171678,flicker
32.6370,171353,flicker
32.6423,171384,flicker
32.6452,170977,flicker
32.6493,171094,flicker
32.6534,171195,flicker
32.6581,170512,flicker
32.6616,171162,flicker
32.6627,1,flicker
32.6658,71343,flicker
32.6672,1711,flicker
32.6697,11,flicker
32.6709,171225,flicker
32.6764,170895,flicker
32.6779,171109,flicker
32.6820,171134,flicker
32.6862,171135,flicker
32.6905,170986,flicker
32.6950,171091,flicker
32.6984,170774,flicker
32.7025,170741,flicker
32.7084,170780,flicker
32.7107,171428,flicker
32.7148,171049,flicker
32.7189,171256,flicker
32.7242,703,flicker
32.7275,170934,flicker
32.7316,171130,flicker
32.7354,171044,flicker
32.7408,0,flicker
32.7441,171351,flicker
32.7481,171038,flicker
32.7517,171436,flicker
32.7572,70,flicker
32.7611,171330,flicker
32.7653,171197,flicker
32.7680,171294,flicker
32.7724,7067,flicker
32.7771,170676,flicker
32.7806,171179,flicker
32.7847,171052,flicker
32.7888,170970,flicker
32.7936,171586,flicker
32.7951,171,flicker
32.7970,238,flicker
32.7987,171177,flicker
32.8008,171116,flicker
32.8066,170939,flicker
32.8094,171622,flicker
32.8131,171124,flicker
32.8172,171290,flicker
32.8217,171158,flicker
32.8259,170846,flicker
32.8295,171067,flicker
32.8336,170938,flicker
32.8378,171813,flicker
32.8422,171452,flicker
32.8459,171426,flicker
32.8499,171002,flicker
32.8541,171333,flicker
32.8594,170692,flicker
32.8623,170923,flicker
32.8664,171055,flicker
32.8706,170896,flicker
32.8747,170208,flicker
32.8787,170647,flicker
32.8827,170732,flicker
32.8869,170688,flicker
32.8921,171159,flicker
32.8950,171050,flicker
32.8991,170844,flicker
32.9032,170557,flicker
32.9078,171092,flicker
32.9115,171184,flicker
32.9155,171087,flicker
32.9196,171491,flicker
32.9205,171,flicker
32.9246,026,flicker
32.9267,171257,flicker
32.9279,170878,flicker
32.9321,171358,flicker
32.9360,170788,flicker
32.9408,171365,flicker
32.9444,170803,flicker
32.9483,170971,flicker
32.9524,171699,flicker
32.9572,171135,flicker
32.9606,170877,flicker
32.9646,171131,flicker
32.9687,171371,flicker
32.9734,170871,flicker
32.9769,171388,flicker
32.9810,171172,flicker
32.9851,171269,flicker
32.9902,70965,flicker
32.9948,17101,flicker
32.9980,171146,flicker
33.0015,170483,flicker
33.0069,7102,flicker
33.0106,171147,flicker
33.0140,170726,flicker
33.0180,170862,flicker
33.0222,7,flicker
33.0273,171206,flicker
33.0303,171302,flicker
33.0343,170868,flicker
33.0394,88,flicker
33.0440,171073,flicker
33.0474,171231,flicker
33.0486,171,flicker
33.0507,205,flicker
33.0517,17124,flicker
33.0548,7,flicker
33.0549,170938,flicker
33.0590,170436,flicker
33.0634,171072,flicker
33.0671,171120,flicker
33.0712,171041,flicker
33.0765,170950,flicker
33.0794,171086,flicker
33.0834,170821,flicker
33.0876,171042,flicker
33.0920,171410,flicker
33.0957,171430,flicker
33.0998,170963,flicker
33.1040,171115,flicker
33.1084,171120,flicker
33.1123,171368,flicker
33.1162,171210,flicker
33.1204,171353,flicker
33.1248,170994,flicker
33.1289,170941,flicker
33.1326,171210,flicker
33.1367,171268,flicker
33.1411,170869,flicker
33.1452,170796,flicker
33.1490,171153,flicker
33.1530,171123,flicker
33.1575,171165,flicker
33.1621,170756,flicker
33.1655,171048,flicker
33.1694,171040,flicker
33.1742,170941,flicker
33.1762,17,flicker
33.1777,1231,flicker
33.1791,17123,flicker
33.1817,0,flicker
33.1831,170686,flicker
33.1859,171038,flicker
33.1906,171196,flicker
33.1941,171274,flicker
33.1982,170778,flicker
33.2023,171079,flicker
33.2071,171393,flicker
33.2112,170983,flicker
33.2146,171010,flicker
33.2189,171474,flicker
33.2239,11,flicker
33.2282,171228,flicker
33.2324,171133,flicker
33.2350,171270,flicker
33.2408,71219,flicker
33.2457,171140,flicker
33.2495,171206,flicker
33.2514,171228,flicker
33.2569,101,flicker
33.2603,171153,flicker
33.2648,171230,flicker
33.2681,170993,flicker
33.2736,73,flicker
33.2778,171454,flicker
33.2822,171087,flicker
33.2841,171202,flicker
33.2906,17157,flicker
33.2928,171201,flicker
33.2969,170703,flicker
33.3019,171660,flicker
33.3042,17,flicker
33.3050,1187,flicker
33.3064,1711,flicker
33.3087,0,flicker
33.3103,714,flicker
33.3143,170849,flicker
33.3182,170861,flicker
33.3211,170946,flicker
33.3266,170759,flicker
33.3294,717,flicker
33.3339,171409,flicker
33.3394,171172,flicker
33.3415,170334,flicker
33.3467,171203,flicker
33.3498,171278,flicker
33.3539,171250,flicker
33.3582,171365,flicker
33.3620,170820,flicker
33.3661,171133,flicker
33.3707,171398,flicker
33.3752,170428,flicker
33.3785,171739,flicker
33.3825,171233,flicker
33.3869,171891,flicker
33.3915,170860,flicker
33.3948,171370,flicker
33.3989,171621,flicker
33.4031,171451,flicker
33.4079,171294,flicker
33.4111,171199,flicker
33.4152,171322,flicker
33.4194,170977,flicker
33.4241,171445,flicker
33.4275,171316,flicker
33.4289,1,flicker
33.4316,71093,flicker
33.4327,1710,flicker
33.4357,77,flicker
33.4372,170794,flicker
33.4406,170899,flicker
33.4439,171096,flicker
33.4480,170940,flicker
33.4521,171200,flicker
33.4568,171415,flicker
33.4603,171413,flicker
33.4644,170921,flicker
33.4685,171143,flicker
33.4738,79,flicker
33.4779,171492,flicker
33.4819,171558,flicker
33.4848,171060,flicker
33.4891,14,flicker
33.4935,171073,flicker
33.4978,171169,flicker
33.5017,171190,flicker
33.5057,762,flicker
33.5101,170945,flicker
33.5145,170965,flicker
33.5179,170641,flicker
33.5220,746,flicker
33.5265,171215,flicker
33.5308,171266,flicker
33.5342,171371,flicker
33.5384,739,flicker
33.5433,170918,flicker
33.5468,170893,flicker
33.5504,171369,flicker
33.5545,170848,flicker
33.5556,1,flicker
33.5586,70977,flicker
33.5601,1710,flicker
33.5626,18,flicker
33.5638,171415,flicker
33.5668,170844,flicker
33.5709,170835,flicker
33.5754,170950,flicker
33.5790,171054,flicker
33.5831,171026,flicker
33.5872,171176,flicker
33.5920,170997,flicker
33.5954,171017,flicker
33.5995,170613,flicker
33.6037,171482,flicker
33.6090,171033,flicker
33.6118,170923,flicker
33.6159,171581,flicker
33.6200,171023,flicker
33.6245,171346,flicker
33.6282,171433,flicker
33.6323,171079,flicker
33.6365,170971,flicker
33.6410,171472,flicker
33.6446,170929,flicker
33.6487,171098,flicker
33.6529,170882,flicker
33.6571,171916,flicker
33.6610,171300,flicker
33.6650,171060,flicker
33.6691,171027,flicker
33.6741,170967,flicker
33.6774,170660,flicker
33.6814,171070,flicker
33.6829,1,flicker
33.6862,71393,flicker
33.6872,171,flicker
33.6915,091,flicker
33.6933,171254,flicker
33.6938,171091,flicker
33.6979,171401,flicker
33.7020,170745,flicker
33.7075,718,flicker
33.7115,171276,flicker
33.7142,170935,flicker
33.7184,171451,flicker
33.7226,7124,flicker
33.7272,171303,flicker
33.7311,171267,flicker
33.7347,171654,flicker
33.7393,171572,flicker
33.7430,171744,flicker
33.7470,171054,flicker
33.7512,170888,flicker
33.7556,171115,flicker
33.7595,171282,flicker
33.7635,171504,flicker
33.7675,171061,flicker
33.7717,1,flicker
33.7764,170962,flicker
33.7798,171420,flicker
33.7842,170709,flicker
33.7883,17148,flicker
33.7923,171139,flicker
33.7968,171285,flicker
33.8006,171090,flicker
33.8074,17073,flicker
33.8127,70520,flicker
33.8128,170973,flicker
33.8155,170,flicker
33.8167,898,flicker
33.8179,171450,flicker
33.8207,171396,flicker
33.8248,170891,flicker
33.8290,170685,flicker
33.8330,171239,flicker
33.8371,171372,flicker
33.8422,171486,flicker
33.8453,170978,flicker
33.8494,170793,flicker
33.8534,171255,flicker
33.8577,171264,flicker
33.8617,171176,flicker
33.8657,171427,flicker
33.8699,171053,flicker
33.8745,171437,flicker
33.8780,170904,flicker
33.8821,170795,flicker
33.8862,171144,flicker
33.8912,171009,flicker
33.8944,171260,flicker
33.8985,171027,flicker
33.9026,171002,flicker
33.9071,171113,flicker
33.9108,171396,flicker
33.9149,170972,flicker
33.9190,170747,flicker
33.9233,171203,flicker
33.9272,171497,flicker
33.9313,171271,flicker
33.9355,170864,flicker
33.9398,171138,flicker
33.9415,171,flicker
33.9436,133,flicker
33.9448,171455,flicker
33.9478,170843,flicker
33.9517,171084,flicker
33.9571,7093,flicker
33.9606,171062,flicker
33.9662,170983,flicker
33.9681,171353,flicker
33.9736,72,flicker
33.9767,170878,flicker
33.9807,170955,flicker
33.9847,171297,flicker
33.9901,7126,flicker
33.9936,170957,flicker
33.9970,171083,flicker
34.0010,171114,flicker
34.0051,70799,flicker
34.0097,170876,flicker
34.0136,171005,flicker
34.0175,171094,flicker
34.0215,71099,flicker
34.0263,170870,flicker
34.0297,171191,flicker
34.0341,170901,flicker
34.0386,7107,flicker
34.0420,171179,flicker
34.0473,171022,flicker
34.0501,171122,flicker
34.0542,171035,flicker
34.0588,171348,flicker
34.0624,171110,flicker
34.0664,171098,flicker
34.0678,170,flicker
34.0706,879,flicker
34.0725,171279,flicker
34.0755,171167,flicker
34.0787,170666,flicker
34.0828,171466,flicker
34.0869,170953,flicker
34.0918,170827,flicker
34.0951,170932,flicker
34.0992,170566,flicker
34.1034,170733,flicker
34.1079,171304,flicker
34.1115,170860,flicker
34.1156,170944,flicker
34.1197,170637,flicker
34.1246,170932,flicker
34.1279,170950,flicker
34.1320,170721,flicker
34.1361,171303,flicker
34.1405,170604,flicker
34.1443,171154,flicker
34.1484,170864,flicker
34.1525,170865,flicker
34.1574,170413,flicker
34.1607,171052,flicker
34.1647,170970,flicker
34.1693,170980,flicker
34.1734,171131,flicker
34.1770,170893,flicker
34.1811,171103,flicker
34.1862,171035,flicker
34.1899,170511,flicker
34.1934,171336,flicker
34.1945,170,flicker
34.1975,668,flicker
34.1992,170496,flicker
34.2016,171053,flicker
34.2072,70,flicker
34.2101,170827,flicker
34.2151,170875,flicker
34.2182,171025,flicker
34.2238,743,flicker
34.2267,171052,flicker
34.2313,170688,flicker
34.2344,171136,flicker
34.2391,171172,flicker
34.2426,171140,flicker
34.2466,171178,flicker
34.2507,171118,flicker
34.2561,71,flicker
34.2594,171272,flicker
34.2640,171082,flicker
34.2671,171324,flicker
34.2724,77,flicker
34.2760,171460,flicker
34.2810,171213,flicker
34.2835,171544,flicker
34.2890,102,flicker
34.2923,170799,flicker
34.2959,170751,flicker
34.2999,170868,flicker
34.3040,171337,flicker
34.3087,170824,flicker
34.3122,170863,flicker
34.3163,170626,flicker
34.3205,170940,flicker
34.3223,171,flicker
34.3248,034,flicker
34.3267,17107,flicker
34.3286,5,flicker
34.3287,171020,flicker
34.3327,171763,flicker
34.3368,171468,flicker
34.3410,170465,flicker
34.3450,171159,flicker
34.3490,170895,flicker
34.3532,171364,flicker
34.3583,171002,flicker
34.3614,171334,flicker
34.3654,171097,flicker
34.3697,170775,flicker
34.3746,170838,flicker
34.3777,170934,flicker
34.3818,170837,flicker
34.3859,171172,flicker
34.3903,170655,flicker
34.3941,170821,flicker
34.3983,170812,flicker
34.4023,171160,flicker
34.4069,171234,flicker
34.4106,171010,flicker
34.4146,171019,flicker
34.4187,171159,flicker
34.4239,170690,flicker
34.4269,170797,flicker
34.4310,170864,flicker
34.4353,170755,flicker
34.4395,170767,flicker
34.4433,170436,flicker
34.4474,170907,flicker
34.4484,17,flicker
34.4515,1304,flicker
34.4528,17096,flicker
34.4558,72,flicker
34.4600,170138,flicker
34.4646,170551,flicker
34.4680,171454,flicker
34.4724,170738,flicker
34.4761,171046,flicker
34.4801,171024,flicker
34.4842,170879,flicker
34.4892,170722,flicker
34.4924,171280,flicker
34.4965,170686,flicker
34.5006,170728,flicker
34.5063,7102,flicker
34.5099,170680,flicker
34.5132,171225,flicker
34.5170,171331,flicker
34.5212,710,flicker
34.5258,170786,flicker
34.5294,171197,flicker
34.5342,170861,flicker
34.5376,170786,flicker
34.5424,171276,rest
34.5465,170986,rest
34.5498,171175,rest
34.5540,170233,rest
34.5582,170873,rest
34.5620,171559,rest
34.5661,171050,rest
34.5703,170808,rest
34.5744,170869,rest
34.5760,17,rest
34.5784,0477,rest
34.5795,17120,rest
34.5825,0,rest
34.5842,171146,rest
34.5867,171357,rest
34.5912,170875,rest
34.5948,170540,rest
34.5989,171393,rest
34.6031,171099,rest
34.6079,171194,rest
34.6112,171123,rest
34.6153,171392,rest
34.6194,171031,rest
34.6240,171230,rest
34.6276,170582,rest
34.6317,170897,rest
34.6358,170480,rest
34.6409,171188,rest
34.6440,171020,rest
34.6481,171635,rest
34.6524,171382,rest
34.6566,171207,rest
34.6604,171037,rest
34.6645,170726,rest
34.6685,170689,rest
34.6731,170693,rest
34.6768,170704,rest
34.6808,171047,rest
34.6850,171170,rest
34.6896,170763,rest
34.6933,171140,rest
34.6973,170983,rest
34.7014,170806,rest
34.7024,1,rest
34.7072,1201107,rest
34.7107,6,rest
34.7122,171235,rest
34.7138,171068,rest
34.7179,170971,rest
34.7222,170970,rest
34.7259,171243,rest
34.7300,170805,rest
34.7341,170800,rest
34.7383,706,rest
34.7429,170997,rest
34.7475,170971,rest
34.7509,171341,rest
34.7547,02,rest
34.7591,170802,rest
34.7638,171163,rest
34.7670,170626,rest
34.7711,7060,rest
34.7756,171334,rest
34.7796,170638,rest
34.7834,170710,rest
34.7892,13,rest
34.7924,171116,rest
34.7969,171110,rest
34.7996,171220,rest
34.8037,171220,rest
34.8078,170895,rest
34.8119,170750,rest
34.8160,170695,rest
34.8201,171145,rest
34.8245,171176,rest
34.8283,171537,rest
34.8297,1,rest
34.8324,71366,rest
34.8334,171,rest
34.8365,175,rest
34.8380,170717,rest
34.8414,170869,rest
34.8448,171405,rest
34.8488,171270,rest
34.8529,170772,rest
34.8579,170673,rest
34.8610,171043,rest
34.8652,171800,rest
34.8693,171429,rest
34.8736,171417,rest
34.8775,170969,rest
34.8816,171414,rest
34.8856,171214,rest
34.8904,170473,rest
34.8938,171156,rest
34.8980,170971,rest
34.9021,171044,rest
34.9072,170927,rest
34.9102,171330,rest
34.9143,170681,rest
34.9185,171368,rest
34.9230,171025,rest
34.9266,170550,rest
34.9306,171076,rest
34.9353,171345,rest
34.9396,170832,rest
34.9430,171041,rest
34.9470,171172,rest
34.9513,170529,rest
34.9553,70730,rest
34.9601,171345,rest
34.9619,170,rest
34.9639,857,rest
34.9652,171283,rest
34.9678,171126,rest
34.9734,70326,rest
34.9767,171122,rest
34.9801,170956,rest
34.9839,170822,rest
34.9895,714,rest
34.9930,170933,rest
34.9963,171575,rest
35.0003,171108,rest
35.0061,3,rest
35.0122,170991,rest
35.0127,170251,rest
35.0167,171000,rest
35.0262,171266,rest
35.0290,171505,rest
35.0330,170898,rest
35.0388,171016,rest
35.0413,171070,rest
35.0454,171394,rest
35.0494,170912,rest
35.0536,170796,rest
35.0576,171064,rest
35.0618,170733,rest
35.0658,171175,rest
35.0700,171091,rest
35.0744,171130,rest
35.0781,170896,rest
35.0823,171126,rest
35.0865,170732,rest
35.0878,170,rest
35.0906,945,rest
35.0923,171075,rest
35.0946,171193,rest
35.0987,170765,rest
35.1027,171220,rest
35.1074,170820,rest
35.1109,170805,rest
35.1151,171254,rest
35.1192,171175,rest
35.1238,171082,rest
35.1272,171016,rest
35.1314,170643,rest
35.1355,171355,rest
35.1400,170908,rest
35.1437,171365,rest
35.1478,171226,rest
35.1518,170463,rest
35.1564,171385,rest
35.1605,170705,rest
35.1641,171110,rest
35.1682,170887,rest
35.1726,171301,rest
35.1770,171448,rest
35.1805,170637,rest
35.1846,170887,rest
35.1893,170913,rest
35.1934,170890,rest
35.1969,170606,rest
35.2010,171392,rest
35.2057,171181,rest
35.2092,171060,rest
35.2134,171066,rest
35.2144,171,rest
35.2175,427,rest
35.2189,170499,rest
35.2217,17150,rest
35.2260,171247,rest
35.2302,170657,rest
35.2352,170733,rest
35.2391,7129,rest
35.2423,171363,rest
35.2467,171084,rest
35.2502,171053,rest
35.2554,0,rest
35.2623,170931,rest
35.2625,171103,rest
35.2667,171281,rest
35.2724,1708,rest
35.2765,170742,rest
35.2788,170905,rest
35.2829,171173,rest
35.2874,1711,rest
35.2914,171333,rest
35.2954,171257,rest
35.3002,170820,rest
35.3035,171467,rest
35.3079,170566,rest
35.3116,170957,rest
35.3157,171354,rest
35.3198,170926,rest
35.3247,171353,rest
35.3280,171109,rest
35.3321,170931,rest
35.3363,171175,rest
35.3410,171396,rest
35.3426,17,rest
35.3445,1584,rest
35.3460,17028,rest
35.3485,5,rest
35.3486,170703,rest
35.3526,170476,rest
35.3580,170659,rest
35.3607,170546,rest
35.3648,171218,rest
35.3691,171248,rest
35.3734,170868,rest
35.3776,171385,rest
35.3812,171225,rest
35.3854,171587,rest
35.3897,171111,rest
35.3939,171250,rest
35.3976,171391,rest
35.4022,171196,rest
35.4100,170807,rest
35.4148,171520,rest
35.4181,170999,rest
35.4235,171003,rest
35.4263,171220,rest
35.4304,171339,rest
35.4345,170966,rest
35.4399,170804,rest
35.4427,170992,rest
35.4467,171338,rest
35.4510,170899,rest
35.4563,171261,rest
35.4590,171285,rest
35.4631,170986,rest
35.4674,171338,rest
35.4688,17,rest
35.4715,87,rest
35.4728,12,rest
35.4776,171366,rest
35.4814,171174,rest
35.4836,171753,rest
35.4892,72,rest
35.4930,170818,rest
35.4971,170933,rest
35.5000,170798,rest
35.5042,71,rest
35.5089,171131,rest
35.5134,171599,rest
35.5165,171180,rest
35.5206,0,rest
35.5270,170849,rest
35.5302,171457,rest
35.5328,170689,rest
35.5384,157,rest
35.5417,170964,rest
35.5465,171056,rest
35.5494,170992,rest
35.5546,172,rest
35.5583,171011,rest
35.5614,171533,rest
35.5655,170751,rest
35.5696,171002,rest
35.5744,171262,rest
35.5778,171165,rest
35.5819,171150,rest
35.5860,171254,rest
35.5915,170848,rest
35.5942,171026,rest
35.5954,1,rest
35.5984,71352,rest
35.6000,1712,rest
35.6025,46,rest
35.6040,171267,rest
35.6067,170782,rest
35.6109,170652,rest
35.6147,171018,rest
35.6190,170824,rest
35.6233,171337,rest
35.6270,171453,rest
35.6310,171764,rest
35.6353,171479,rest
35.6395,170367,rest
35.6434,171180,rest
35.6474,171107,rest
35.6515,170981,rest
35.6558,170940,rest
35.6598,170407,rest
35.6638,171151,rest
35.6682,171029,rest
35.6725,170947,rest
35.6761,171469,rest
35.6802,170894,rest
35.6845,170845,rest
35.6888,170929,rest
35.6925,170841,rest
35.6966,171296,rest
35.7007,171434,rest
35.7066,718,rest
35.7094,170719,rest
35.7130,171675,rest
35.7178,170994,rest
35.7221,7181,rest
35.7268,71521,rest
35.7289,1709,rest
35.7294,42,rest
35.7304,171300,rest
35.7335,171316,rest
35.7377,781,rest
35.7420,171653,rest
35.7463,171089,rest
35.7498,171350,rest
35.7541,7090,rest
35.7585,170570,rest
35.7631,170691,rest
35.7662,170758,rest
35.7705,7430,rest
35.7750,171704,rest
35.7795,170930,rest
35.7827,171445,rest
35.7869,170526,rest
35.7908,171474,rest
35.7949,171277,rest
35.7990,171269,rest
35.8031,171574,rest
35.8073,171225,rest
35.8113,170839,rest
35.8154,171409,rest
35.8195,171015,rest
35.8242,171168,rest
35.8276,170899,rest
35.8318,170792,rest
35.8359,171056,rest
35.8400,171956,rest
35.8440,171483,rest
35.8481,171460,rest
35.8498,1,rest
35.8525,71073,rest
35.8537,170,rest
35.8570,985,rest
35.8590,171113,rest
35.8605,171049,rest
35.8645,171538,rest
35.8686,170815,rest
35.8732,170633,rest
35.8768,171964,rest
35.8809,170857,rest
35.8853,171534,rest
35.8895,170930,rest
35.8933,170763,rest
35.8974,171307,rest
35.9016,171102,rest
35.9057,170883,rest
35.9097,170942,rest
35.9138,171183,rest
35.9178,171578,rest
35.9227,171026,rest
35.9260,170822,rest
35.9301,171465,rest
35.9341,170832,rest
35.9391,171331,rest
35.9424,170813,rest
35.9464,170792,rest
35.9505,171019,rest
35.9551,171241,rest
35.9588,171103,rest
35.9629,171211,rest
35.9673,171385,rest
35.9712,29,rest
35.9754,171092,rest
35.9799,170792,rest
35.9814,171,rest
35.9851,049,rest
35.9867,171019,rest
35.9875,171245,rest
35.9915,171108,rest
35.9956,171140,rest
35.9997,171368,rest
36.0054,78,rest
36.0091,171290,rest
36.0122,171256,rest
36.0171,171179,rest
36.0219,1706,rest
36.0249,171576,rest
36.0285,171112,rest
36.0325,171506,rest
36.0376,7132,rest
36.0426,171576,rest
36.0452,170729,rest
36.0489,171501,rest
36.0549,170809,rest
36.0574,170820,rest
36.0612,171080,rest
36.0654,170702,rest
36.0694,171024,rest
36.0744,171516,rest
36.0776,171024,rest
36.0816,170899,rest
36.0859,171607,rest
36.0905,171292,rest
36.0939,171180,rest
36.0980,171216,rest
36.1021,171141,rest
36.1066,171033,rest
36.1085,170,rest
36.1104,915,rest
36.1115,171283,rest
36.1144,171094,rest
36.1186,170986,rest
36.1234,170847,rest
36.1266,171384,rest
36.1308,171286,rest
36.1350,171818,rest
36.1393,171033,rest
36.1431,170580,rest
36.1471,171227,rest
36.1513,171450,rest
36.1556,170767,rest
36.1594,170529,rest
36.1635,171382,rest
36.1678,171185,rest
36.1721,171040,rest
36.1759,171351,rest
36.1799,171445,rest
36.1840,171487,rest
36.1887,171226,rest
36.1922,170653,rest
36.1964,170978,rest
36.2005,171337,rest
36.2053,171278,rest
36.2086,170783,rest
36.2127,171320,rest
36.2168,171392,rest
36.2210,714,rest
36.2258,171408,rest
36.2304,171156,rest
36.2336,170969,rest
36.2348,171,rest
36.2387,49114,rest
36.2417,171285,rest
36.2464,171185,rest
36.2509,171669,rest
36.2538,12,rest
36.2579,170863,rest
36.2624,171045,rest
36.2660,170952,rest
36.2712,732,rest
36.2743,170986,rest
36.2782,170875,rest
36.2824,170894,rest
36.2875,17137,rest
36.2910,170912,rest
36.2947,171280,rest
36.2987,171010,rest
36.3028,171368,rest
36.3073,171541,rest
36.3110,170568,rest
36.3151,171145,rest
36.3193,170862,rest
36.3241,170622,rest
36.3274,170934,rest
36.3314,171364,rest
36.3356,170996,rest
36.3401,171268,rest
36.3437,171286,rest
36.3478,171623,rest
36.3519,170873,rest
36.3570,170884,rest
36.3602,170926,rest
36.3613,17,rest
36.3643,0922,rest
36.3653,17104,rest
36.3684,1,rest
36.3687,170989,rest
36.3736,171557,rest
36.3765,171157,rest
36.3806,171191,rest
36.3847,170756,rest
36.3898,171318,rest
36.3929,170955,rest
36.3970,171362,rest
36.4011,171533,rest
36.4062,171235,rest
36.4093,171049,rest
36.4133,171099,rest
36.4175,171200,rest
36.4226,171248,rest
36.4256,171662,rest
36.4297,171033,rest
36.4339,171322,rest
36.4387,170841,rest
36.4421,171498,rest
36.4462,171359,rest
36.4502,170947,rest
36.4564,715,rest
36.4597,171083,rest
36.4639,171121,rest
36.4668,171318,rest
36.4721,7099,rest
36.4754,171423,rest
36.4792,170817,rest
36.4830,170901,rest
36.4883,71377,rest
36.4913,155,rest
36.4928,1711,rest
36.4957,20,rest
36.4966,171171,rest
36.4994,170807,rest
36.5050,711,rest
36.5106,171560,rest
36.5117,170878,rest
36.5158,171311,rest
36.5200,71349,rest
36.5242,171323,rest
36.5282,171344,rest
36.5321,171231,rest
36.5369,194,rest
36.5415,171561,rest
36.5445,171107,rest
36.5486,171724,rest
36.5548,171,rest
36.5581,171205,rest
36.5619,171209,rest
36.5649,170837,rest
36.5690,171434,rest
36.5736,171848,rest
36.5772,171089,rest
36.5815,171329,rest
36.5855,171172,rest
36.5898,171747,rest
36.5936,171222,rest
36.5977,171533,rest
36.6019,171175,rest
36.6072,171149,rest
36.6100,170849,rest
36.6141,171145,rest
36.6155,1,rest
36.6185,71026,rest
36.6187,1716,rest
36.6231,80,rest
36.6240,171199,rest
36.6264,171479,rest
36.6305,171102,rest
36.6346,171031,rest
36.6393,171523,rest
36.6428,171019,rest
36.6469,171612,rest
36.6509,171425,rest
36.6558,171358,rest
36.6591,171247,rest
36.6632,171321,rest
36.6675,171957,rest
36.6718,171177,rest
36.6755,170735,rest
36.6796,171103,rest
36.6837,171322,rest
36.6896,171357,rest
36.6919,170953,rest
36.6960,171154,rest
36.7009,171436,rest
36.7043,712,rest
36.7085,171133,rest
36.7125,171309,rest
36.7165,171187,rest
36.7218,75,rest
36.7246,171011,rest
36.7295,171160,rest
36.7329,170955,rest
36.7371,71622,rest
36.7424,171539,rest
36.7436,1,rest
36.7452,71165,rest
36.7468,1712,rest
36.7492,74,rest
36.7505,170998,rest
36.7540,170654,rest
36.7580,170861,rest
36.7615,171293,rest
36.7656,170862,rest
36.7710,710,rest
36.7742,171346,rest
36.7794,171228,rest
36.7820,171345,rest
36.7875,2,rest
36.7914,171072,rest
36.7950,171186,rest
36.7984,171505,rest
36.8026,170749,rest
36.8066,171076,rest
36.8107,171280,rest
36.8148,171706,rest
36.8189,171156,rest
36.8233,171662,rest
36.8271,171225,rest
36.8312,170953,rest
36.8352,171289,rest
36.8398,171248,rest
36.8435,171260,rest
36.8476,171347,rest
36.8517,171184,rest
36.8557,171254,rest
36.8598,170963,rest
36.8639,171389,rest
36.8680,171127,rest
36.8692,1,rest
36.8723,70997,rest
36.8733,171,rest
36.8763,601,rest
36.8773,171628,rest
36.8805,170853,rest
36.8845,171252,rest
36.8886,171086,rest
36.8927,171610,rest
36.8968,171074,rest
36.9008,171292,rest
36.9065,170924,rest
36.9090,171372,rest
36.9130,171097,rest
36.9176,171449,rest
36.9223,171155,rest
36.9254,170987,rest
36.9294,171115,rest
36.9341,171310,rest
36.9384,170792,rest
36.9418,170752,rest
36.9458,171284,rest
36.9508,171029,rest
36.9546,171658,rest
36.9582,171159,rest
36.9623,170896,rest
36.9664,170858,rest
36.9706,71,rest
36.9751,170728,rest
36.9798,170803,rest
36.9827,171338,rest
36.9869,73,rest
36.9911,170466,rest
36.9954,171199,rest
36.9991,171212,rest
37.0000,170,rest
37.0048,5113,rest
37.0076,171517,rest
37.0118,171198,rest
37.0155,171297,rest
37.0212,789,rest
37.0245,171270,rest
37.0279,171313,rest
37.0319,170725,rest
37.0372,772,rest
37.0404,170949,rest
37.0448,171466,rest
37.0482,171556,rest
37.0525,171113,rest
37.0569,171278,rest
37.0605,171373,rest
37.0646,171382,rest
37.0687,171396,rest
37.0739,171150,rest
37.0769,170890,rest
37.0810,171555,rest
37.0851,171216,rest
37.0892,171189,rest
37.0933,171634,rest
37.0974,171106,rest
37.1015,170942,rest
37.1061,170903,rest
37.1098,171284,rest
37.1139,170965,rest
37.1179,170888,rest
37.1231,171337,rest
37.1261,171468,rest
37.1271,170,rest
37.1302,890,rest
37.1316,171426,rest
37.1343,171145,rest
37.1386,171453,rest
37.1424,171542,rest
37.1465,170956,rest
37.1506,171088,rest
37.1548,171058,rest
37.1589,171228,rest
37.1630,171259,rest
37.1670,171146,rest
37.1712,171246,rest
37.1753,171170,rest
37.1795,171056,rest
37.1834,170732,rest
37.1885,171426,rest
37.1916,171470,rest
37.1957,171555,rest
37.1998,170858,rest
37.2049,171286,rest
37.2080,170836,rest
37.2121,171677,rest
37.2162,171411,rest
37.2213,7101,rest
37.2244,171241,rest
37.2305,171085,rest
37.2333,171064,rest
37.2368,171457,rest
37.2424,171055,rest
37.2449,171433,rest
37.2490,170997,rest
37.2550,7151,rest
37.2574,75,rest
37.2589,171513,rest
37.2633,171927,rest
37.2659,171864,rest
37.2704,176,rest
37.2761,170911,rest
37.2792,171024,rest
37.2836,170864,rest
37.2860,171070,rest
37.2913,171146,rest
37.2940,170891,rest
37.2981,171229,rest
37.3023,171177,rest
37.3075,170692,rest
37.3105,171035,rest
37.3145,171350,rest
37.3186,171395,rest
37.3242,170948,rest
37.3268,170793,rest
37.3309,171825,rest
37.3350,171054,rest
37.3397,171388,rest
37.3431,171345,rest
37.3472,171372,rest
37.3514,170910,rest
37.3563,170840,rest
37.3596,171555,rest
37.3636,170772,rest
37.3680,171194,rest
37.3724,171118,rest
37.3759,171132,rest
37.3800,171224,rest
37.3811,17,rest
37.3841,1332,rest
37.3856,17169,rest
37.3884,4,rest
37.3888,171233,rest
37.3924,171823,rest
37.3964,171168,rest
37.4006,171026,rest
37.4056,171298,rest
37.4087,170981,rest
37.4128,171348,rest
37.4169,170863,rest
37.4215,170559,rest
37.4251,171399,rest
37.4292,171198,rest
37.4332,171163,rest
37.4379,171391,rest
37.4414,170980,rest
37.4455,171366,rest
37.4497,171073,rest
37.4543,171181,rest
37.4578,171738,rest
37.4619,171786,rest
37.4661,171037,rest
37.4714,7131,rest
37.4745,171172,rest
37.4793,171510,rest
37.4825,171375,rest
37.4885,171121,rest
37.4906,170566,rest
37.4947,171193,rest
37.4988,170820,rest
37.5030,71138,rest
37.5076,171935,rest
37.5089,17,rest
37.5113,0829,rest
37.5128,17081,rest
37.5152,2,rest
37.5164,171356,rest
37.5195,714,rest
37.5238,171539,rest
37.5286,171162,rest
37.5318,170789,rest
37.5364,707,rest
37.5407,171381,rest
37.5442,171147,rest
37.5479,171340,rest
37.5523,170893,rest
37.5564,170983,rest
37.5602,170856,rest
37.5645,171139,rest
37.5685,171506,rest
37.5731,170960,rest
37.5766,171418,rest
37.5807,171381,rest
37.5849,170902,rest
37.5897,171085,rest
37.5930,171583,rest
37.5971,170803,rest
37.6012,170851,rest
37.6062,171201,rest
37.6094,171412,rest
37.6134,170854,rest
37.6176,170926,rest
37.6231,171713,rest
37.6258,171023,rest
37.6299,170998,rest
37.6342,171262,rest
37.6354,17,rest
37.6383,1557,rest
37.6399,17109,rest
37.6421,8,rest
37.6422,171081,rest
37.6462,171433,rest
37.6504,171137,rest
37.6550,171097,rest
37.6586,171096,rest
37.6627,170903,rest
37.6667,171397,rest
37.6712,171147,rest
37.6749,171562,rest
37.6791,170795,rest
37.6831,171347,rest
37.6876,171134,rest
37.6914,171302,rest
37.6955,171451,rest
37.6995,170711,rest
37.7047,7115,rest
37.7077,171550,rest
37.7138,170794,rest
37.7159,171156,rest
37.7205,170578,rest
37.7245,171147,rest
37.7284,170754,rest
37.7323,171231,rest
37.7381,712,rest
37.7418,171145,rest
37.7454,171684,rest
37.7487,170940,rest
37.7528,171100,rest
37.7573,170414,rest
37.7610,171562,rest
37.7623,1,rest
37.7651,71556,rest
37.7668,17089,rest
37.7691,3,rest
37.7706,171284,rest
37.7742,171157,rest
37.7774,170671,rest
37.7814,171102,rest
37.7857,172,rest
37.7901,171036,rest
37.7969,171075,rest
37.7978,170955,rest
37.8021,171091,rest
37.8063,170930,rest
37.8101,170822,rest
37.8142,170677,rest
37.8183,170914,rest
37.8232,171480,rest
37.8267,170598,rest
37.8307,170919,rest
37.8347,170835,rest
37.8390,170742,rest
37.8432,171017,rest
37.8469,170804,rest
37.8511,171730,rest
37.8556,171199,rest
37.8592,170617,rest
37.8634,170918,rest
37.8675,170658,rest
37.8731,170825,rest
37.8756,170970,rest
37.8797,170795,rest
37.8839,170641,rest
37.8882,170612,rest
37.8897,1,rest
37.8921,70971,rest
37.8935,1704,rest
37.8961,91,rest
37.8972,170949,rest
37.9002,171274,rest
37.9047,171083,rest
37.9085,170386,rest
37.9125,171622,rest
37.9166,171400,rest
37.9226,171753,rest
37.9247,171442,rest
37.9288,171034,rest
37.9330,171071,rest
37.9379,170504,rest
37.9414,171315,rest
37.9453,170863,rest
37.9494,170836,rest
37.9540,170884,rest
37.9579,171320,rest
37.9617,171417,rest
37.9660,171000,rest
37.9721,170626,rest
37.9739,171390,rest
37.9780,171674,rest
37.9821,170482,rest
37.9867,171145,rest
37.9903,171007,rest
37.9945,170817,rest
37.9986,170676,rest
38.0082,170504,rest
38.0118,170957,rest
38.0149,170986,rest
38.0160,1,rest
38.0206,113107,rest
38.0235,5,rest
38.0254,171251,rest
38.0279,171371,rest
38.0312,171309,rest
38.0359,21,rest
38.0401,170884,rest
38.0440,171145,rest
38.0476,171154,rest
38.0537,1,rest
38.0579,171073,rest
38.0599,171689,rest
38.0640,171802,rest
38.0682,170929,rest
38.0732,171017,rest
38.0764,170955,rest
38.0804,171189,rest
38.0846,171423,rest
38.0888,171396,rest
38.0927,170944,rest
38.0968,171171,rest
38.1010,170962,rest
38.1057,170879,rest
38.1091,171031,rest
38.1131,170892,rest
38.1173,171137,rest
38.1226,170853,rest
38.1254,170615,rest
38.1295,171181,rest
38.1340,171620,rest
38.1380,171107,rest
38.1422,171063,rest
38.1435,1,rest
38.1459,71074,rest
38.1473,170,rest
38.1500,957,rest
38.1512,170616,rest
38.1558,171397,rest
38.1582,171225,rest
38.1624,171477,rest
38.1666,171184,rest
38.1721,171427,rest
38.1746,170799,rest
38.1787,170965,rest
38.1829,171284,rest
38.1885,170661,rest
38.1911,170860,rest
38.1952,171193,rest
38.1992,171115,rest
38.2038,170500,rest
38.2076,171203,rest
38.2115,171398,rest
38.2155,170882,rest
38.2213,171292,rest
38.2238,171563,rest
38.2278,170510,rest
38.2319,171053,rest
38.2362,7095,rest
38.2415,71689,rest
38.2442,171165,rest
38.2484,171105,rest
38.2525,7103,rest
38.2568,170977,rest
38.2619,171424,rest
38.2654,170804,rest
38.2689,171165,rest
38.2704,1,rest
38.2729,71506,rest
38.2739,171,rest
38.2770,133,rest
38.2784,171378,rest
38.2813,170904,rest
38.2853,170777,rest
38.2903,171238,rest
38.2934,170725,rest
38.2975,171293,rest
38.3018,170766,rest
38.3066,171340,rest
38.3098,171409,rest
38.3139,170425,rest
38.3180,171880,rest
38.3223,170791,rest
38.3261,170575,rest
38.3302,171352,rest
38.3345,170580,rest
38.3398,171611,rest
38.3426,171219,rest
38.3467,170919,rest
38.3508,170621,rest
38.3555,170760,rest
38.3590,170578,rest
38.3630,171275,rest
38.3672,170979,rest
38.3717,170995,rest
38.3754,170420,rest
38.3794,171388,rest
38.3835,170944,rest
38.3879,170407,rest
38.3924,171243,rest
38.3958,170977,rest
38.4003,170692,rest
38.4013,170,rest
38.4041,75,rest
38.4052,17866,rest
38.4086,170958,rest
38.4125,170605,rest
38.4169,170878,rest
38.4209,170904,rest
38.4244,171280,rest
38.4285,170569,rest
38.4327,171018,rest
38.4374,170677,rest
38.4413,171032,rest
38.4449,170996,rest
38.4490,171548,rest
38.4538,171241,rest
38.4573,170793,rest
38.4614,170569,rest
38.4655,171075,rest
38.4708,78,rest
38.4761,171237,rest
38.4789,171298,rest
38.4818,170817,rest
38.4871,710,rest
38.4902,171479,rest
38.4942,170828,rest
38.4989,171146,rest
38.5023,171176,rest
38.5069,171176,rest
38.5105,171133,rest
38.5146,170652,rest
38.5187,170901,rest
38.5235,170933,rest
38.5271,171214,rest
38.5283,171,rest
38.5309,163,rest
38.5320,170894,rest
38.5358,171158,rest
38.5401,171260,rest
38.5432,171033,rest
38.5475,170840,rest
38.5562,171434,rest
38.5596,171206,rest
38.5643,171210,rest
38.5680,171129,rest
38.5728,171141,rest
38.5760,171010,rest
38.5801,170892,rest
38.5842,171058,rest
38.5890,171409,rest
38.5924,171465,rest
38.5965,171404,rest
38.6007,171653,rest
38.6049,171041,rest
38.6092,170643,rest
38.6129,171165,rest
38.6170,171294,rest
38.6224,170662,rest
38.6252,171189,rest
38.6293,170829,rest
38.6337,171440,rest
38.6375,170677,rest
38.6428,170980,rest
38.6460,171249,rest
38.6504,171516,rest
38.6539,171034,rest
38.6553,11,rest
38.6599,24,rest
38.6625,171239,rest
38.6627,171214,rest
38.6661,171115,rest
38.6716,171324,rest
38.6744,171094,rest
38.6784,171506,rest
38.6825,170856,rest
38.6880,170863,rest
38.6907,170800,rest
38.6948,171267,rest
38.6989,170580,rest
38.7058,170914,rest
38.7071,171264,rest
38.7112,171686,rest
38.7153,171053,rest
38.7210,70,rest
38.7252,171358,rest
38.7290,171192,rest
38.7323,171179,rest
38.7358,71262,rest
38.7403,170718,rest
38.7447,170816,rest
38.7481,171316,rest
38.7536,7121,rest
38.7573,171074,rest
38.7606,170799,rest
38.7645,171392,rest
38.7686,7,rest
38.7730,171202,rest
38.7772,170811,rest
38.7808,171110,rest
38.7822,17,rest
38.7852,076,rest
38.7869,34,rest
38.7894,9,rest
38.7896,171202,rest
38.7931,171233,rest
38.7973,171303,rest
38.8013,170733,rest
38.8063,171397,rest
38.8095,170711,rest
38.8136,171013,rest
38.8177,171069,rest
38.8230,171082,rest
38.8259,171383,rest
38.8299,171256,rest
38.8342,171199,rest
38.8388,170522,rest
38.8423,171011,rest
38.8464,170861,rest
38.8507,170823,rest
38.8549,170927,rest
38.8586,171176,rest
38.8627,171294,rest
38.8668,170632,rest
38.8714,170833,rest
38.8752,171034,rest
38.8791,171499,rest
38.8834,170708,rest
38.8876,171463,rest
38.8914,171348,rest
38.8956,171291,rest
38.8999,171256,rest
38.9040,171194,rest
38.9079,171082,rest
38.9093,17,rest
38.9119,0789,rest
38.9131,17100,rest
38.9159,2,rest
38.9175,170458,rest
38.9211,171436,rest
38.9241,171396,rest
38.9282,171236,rest
38.9324,171628,rest
38.9369,171066,rest
38.9406,170659,rest
38.9446,171399,rest
38.9488,171723,rest
38.9530,73,rest
38.9573,171490,rest
38.9633,170930,rest
38.9651,170776,rest
38.9693,77,rest
38.9761,171148,rest
38.9775,171735,rest
38.9818,171292,rest
38.9858,1707,rest
38.9900,170994,rest
38.9944,170603,rest
38.9980,170978,rest
39.0032,7066,rest
39.0073,170970,rest
39.0111,170859,rest
39.0164,171021,rest
39.0187,170745,rest
39.0227,170928,rest
39.0266,171084,rest
39.0307,171035,rest
39.0349,71506,rest
39.0391,71268,rest
39.0401,1713,rest
39.0429,49,rest
39.0447,171395,rest
39.0470,171197,rest
39.0513,171317,rest
39.0552,170690,rest
39.0594,171322,rest
39.0634,170897,rest
39.0675,171211,rest
39.0721,170967,rest
39.0757,171016,rest
39.0799,171071,rest
39.0840,171172,rest
39.0884,171288,rest
39.0921,171285,rest
39.0962,171326,rest
39.1003,170791,rest
39.1049,170976,rest
39.1085,170689,rest
39.1127,170641,rest
39.1167,171052,rest
39.1212,171501,rest
39.1249,171326,rest
39.1290,170780,rest
39.1330,171489,rest
39.1374,170571,rest
39.1412,171132,rest
39.1454,170535,rest
39.1497,171491,rest
39.1537,171188,rest
39.1577,171161,rest
39.1617,170916,rest
39.1629,1,rest
39.1660,70966,rest
39.1668,170,rest
39.1702,896,rest
39.1727,170811,rest
39.1741,171410,rest
39.1781,171200,rest
39.1822,170822,rest
39.1869,170935,rest
39.1904,171241,rest
39.1945,171308,rest
39.1986,170947,rest
39.2042,715,rest
39.2084,170790,rest
39.2116,171282,rest
39.2151,171188,rest
39.2192,715,rest
39.2243,171309,rest
39.2283,171223,rest
39.2314,170960,rest
39.2362,171435,rest
39.2396,171174,rest
39.2436,171003,rest
39.2478,171040,rest
39.2573,170887,rest
39.2603,170756,rest
39.2648,170709,rest
39.2699,71,rest
39.2729,171358,rest
39.2788,170854,rest
39.2805,171084,rest
39.2848,701,rest
39.2890,171356,rest
39.2935,171018,rest
39.2950,17,rest
39.2969,1166,rest
39.2980,170826,rest
39.3018,170962,rest
39.3051,170996,rest
39.3091,170778,rest
39.3132,171209,rest
39.3174,171457,rest
39.3217,171038,rest
39.3255,170626,rest
39.3296,171605,rest
39.3337,171288,rest
39.3379,171381,rest
39.3419,171548,rest
39.3460,171763,rest
39.3502,171309,rest
39.3546,171828,rest
39.3584,171428,rest
39.3624,171159,rest
39.3665,170811,rest
39.3715,170820,rest
39.3747,171433,rest
39.3788,171237,rest
39.3830,171596,rest
39.3871,170751,rest
39.3911,171618,rest
39.3952,171000,rest
39.3993,171833,rest
39.4041,170905,rest
39.4074,171271,rest
39.4116,170556,rest
39.4157,170595,rest
39.4202,170933,rest
39.4216,17,rest
39.4239,1827,rest
39.4251,17123,rest
39.4279,1,rest
39.4280,171152,rest
39.4322,171022,rest
39.4375,7,rest
39.4419,171251,rest
39.4444,170954,rest
39.4484,171218,rest
39.4533,171602,rest
39.4566,171105,rest
39.4607,171069,rest
39.4649,171138,rest
39.4694,170866,rest
39.4735,171000,rest
39.4771,171141,rest
39.4812,170889,rest
39.4855,7033,rest
39.4898,171120,rest
39.4949,170915,rest
39.4978,171256,rest
39.5018,718,rest
39.5068,171499,rest
39.5101,171008,rest
39.5169,171527,rest
39.5183,170930,rest
39.5229,170929,rest
39.5266,170851,rest
39.5304,171191,rest
39.5345,170732,rest
39.5385,171344,rest
39.5426,171511,rest
39.5467,171405,rest
39.5479,17,rest
39.5510,1173,rest
39.5523,1708,rest
39.5551,12,rest
39.5552,171174,rest
39.5591,171054,rest
39.5632,170825,rest
39.5672,171279,rest
39.5721,171245,rest
39.5754,170898,rest
39.5796,171572,rest
39.5836,171371,rest
39.5884,170679,rest
39.5918,171132,rest
39.5959,171427,rest
39.6002,170907,rest
39.6045,170557,rest
39.6082,170826,rest
39.6122,171330,rest
39.6165,171001,rest
39.6213,171232,rest
39.6245,171425,rest
39.6286,171151,rest
39.6328,170948,rest
39.6374,171071,rest
39.6409,171278,rest
39.6450,170947,rest
39.6493,170657,rest
39.6542,171081,rest
39.6574,170904,rest
39.6614,170788,rest
39.6655,170832,rest
39.6701,170855,rest
39.6737,171112,rest
39.6750,1,rest
39.6778,71311,rest
39.6789,1715,rest
39.6819,27,rest
39.6834,170726,rest
39.6864,171015,rest
39.6900,171458,rest
39.6942,170857,rest
39.6985,171190,rest
39.7026,171489,rest
39.7065,170934,rest
39.7107,170635,rest
39.7146,170904,rest
39.7201,7118,rest
39.7233,171014,rest
39.7279,170830,rest
39.7310,170924,rest
39.7366,1,rest
39.7408,170936,rest
39.7444,170990,rest
39.7474,170989,rest
39.7534,743,rest
39.7562,171780,rest
39.7600,171166,rest
39.7638,170850,rest
39.7683,171327,rest
39.7720,170670,rest
39.7761,170937,rest
39.7804,170633,rest
39.7845,764,rest
39.7898,170834,rest
39.7927,170925,rest
39.7966,171088,rest
39.8008,171111,rest
39.8022,1,rest
39.8048,71397,rest
39.8060,1706,rest
39.8089,98,rest
39.8101,171106,rest
39.8131,171396,rest
39.8171,171015,rest
39.8212,170786,rest
39.8252,171008,rest
39.8293,171001,rest
39.8336,787,rest
39.8379,171235,rest
39.8423,170908,rest
39.8457,171174,rest
39.8517,170993,rest
39.8539,170828,rest
39.8580,170653,rest
39.8621,171208,rest
39.8663,171488,rest
39.8708,170762,rest
39.8744,170973,rest
39.8785,170608,rest
39.8826,170502,rest
39.8877,171350,rest
39.8908,170949,rest
39.8950,171326,rest
39.8993,170648,rest
39.9036,170735,rest
39.9072,171511,rest
39.9113,171073,rest
39.9154,171474,rest
39.9201,171152,rest
39.9235,171553,rest
39.9276,171216,rest
39.9287,1,rest
39.9318,70999,rest
39.9332,171,rest
39.9363,337,rest
39.9378,170712,rest
39.9401,171325,rest
39.9440,171018,rest
39.9482,171040,rest
39.9524,7096,rest
39.9568,171075,rest
39.9630,170954,rest
39.9645,171349,rest
39.9697,704,rest
39.9729,170913,rest
39.9772,171023,rest
39.9819,170514,rest
39.9862,79,rest
39.9903,171211,rest
39.9934,171216,rest
39.9973,171126,rest
40.0015,170822,rest
40.0056,171027,rest
40.0100,171648,rest
40.0142,171338,rest
40.0178,70596,rest
40.0397,170739,rest
40.0398,171116,rest
40.0398,171211,rest
40.0399,171563,rest
40.0400,171269,rest
40.0433,171067,rest
40.0466,170995,rest
40.0507,171147,rest
40.0546,171445,rest
40.0557,1,rest
40.0587,70619,rest
40.0603,171,rest
40.0628,118,rest
40.0641,171264,rest
40.0681,1712,rest
40.0712,170918,rest
40.0791,171241,rest
40.0795,171436,rest
40.0833,170931,rest
40.0876,171256,rest
40.0915,171309,rest
40.0955,171358,rest
40.0997,170821,rest
40.1041,171177,rest
40.1079,171142,rest
40.1121,171304,rest
40.1160,171475,rest
40.1202,170979,rest
40.1243,171062,rest
40.1284,171249,rest
40.1324,171335,rest
40.1379,171301,rest
40.1407,170919,rest
40.1448,171403,rest
40.1488,171162,rest
40.1545,171483,rest
40.1570,171183,rest
40.1611,170808,rest
40.1654,171141,rest
40.1696,170364,rest
40.1734,171231,rest
40.1776,170815,rest
40.1816,171198,rest
40.1860,170751,rest
40.1874,171,rest
40.1897,297,rest
40.1914,170974,rest
40.1939,171020,rest
40.1980,170939,rest
40.2029,170739,rest
40.2062,171101,rest
40.2103,170984,rest
40.2145,170761,rest
40.2186,70422,rest
40.2232,170972,rest
40.2274,171493,rest
40.2324,171008,rest
40.2353,171030,rest
40.2395,171081,rest
40.2442,171055,rest
40.2471,171370,rest
40.2529,171238,rest
40.2554,171038,rest
40.2594,171004,rest
40.2635,170859,rest
40.2687,76,rest
40.2721,170725,rest
40.2765,171411,rest
40.2799,171847,rest
40.2840,171090,rest
40.2887,171315,rest
40.2922,171165,rest
40.2963,170968,rest
40.3007,1712,rest
40.3084,171468,rest
40.3109,171618,rest
40.3127,170622,rest
40.3140,171,rest
40.3169,463,rest
40.3187,171172,rest
40.3218,170658,rest
40.3249,171392,rest
40.3290,171295,rest
40.3331,171580,rest
40.3375,171081,rest
40.3414,170811,rest
40.3454,170456,rest
40.3496,171352,rest
40.3540,170825,rest
40.3577,170665,rest
40.3618,170934,rest
40.3660,170898,rest
40.3708,170881,rest
40.3741,171484,rest
40.3782,171417,rest
40.3824,171178,rest
40.3868,170931,rest
40.3905,170947,rest
40.3947,170801,rest
40.3987,170825,rest
40.4034,171576,rest
40.4072,171083,rest
40.4109,171364,rest
40.4150,171266,rest
40.4193,170994,rest
40.4235,171025,rest
40.4274,171283,rest
40.4315,170764,rest
40.4357,71126,rest
40.4403,171014,rest
40.4416,170,rest
40.4438,812,rest
40.4453,17094,rest
40.4478,4,rest
40.4479,171491,rest
40.4522,171092,rest
40.4563,170745,rest
40.4601,171157,rest
40.4642,170493,rest
40.4697,1701,rest
40.4724,170927,rest
40.4766,171161,rest
40.4806,171174,rest
40.4863,713,rest
40.4893,170973,rest
40.4929,170807,rest
40.4981,170858,rest
40.5012,72,rest
40.5052,171019,rest
40.5093,170810,rest
40.5139,171014,rest
40.5186,701,rest
40.5227,170689,rest
40.5270,171139,rest
40.5297,171161,rest
40.5340,7062,rest
40.5387,171152,rest
40.5426,170608,rest
40.5469,171067,rest
40.5505,171210,rest
40.5561,0,rest
40.5589,170797,rest
40.5635,171155,rest
40.5666,171301,rest
40.5678,17,rest
40.5710,0968,rest
40.5730,17072,rest
40.5747,6,rest
40.5748,170939,rest
40.5790,170879,rest
40.5830,170967,rest
40.5875,171303,rest
40.5912,171432,rest
40.5952,171063,rest
40.5994,170994,rest
40.6044,171312,rest
40.6075,170961,rest
40.6118,171595,rest
40.6158,171011,rest
40.6205,171373,rest
40.6239,171298,rest
40.6280,171142,rest
40.6322,170985,rest
40.6370,170675,rest
40.6404,170859,rest
40.6444,171510,rest
40.6487,170737,rest
40.6529,171215,rest
40.6571,171352,rest
40.6608,171335,rest
40.6649,170567,rest
40.6697,171112,rest
40.6731,170782,rest
40.6772,170814,rest
40.6814,171486,rest
40.6859,170922,rest
40.6895,170980,rest
40.6936,170968,rest
40.6948,17,rest
40.6977,1052,rest
40.6993,17109,rest
40.7023,8,rest
40.7026,171293,rest
40.7059,171131,rest
40.7100,170593,rest
40.7140,170487,rest
40.7193,71430,rest
40.7225,171314,rest
40.7271,171321,rest
40.7304,170732,rest
40.7358,4,rest
40.7400,170688,rest
40.7427,170739,rest
40.7468,171370,rest
40.7511,71388,rest
40.7555,171214,rest
40.7602,171120,rest
40.7637,171091,rest
40.7676,70891,rest
40.7717,170316,rest
40.7758,170878,rest
40.7797,171339,rest
40.7850,707,rest
40.7879,170776,rest
40.7932,170989,rest
40.7969,171214,rest
40.8001,171313,rest
40.8045,171614,rest
40.8083,170939,rest
40.8123,171243,rest
40.8165,170858,rest
40.8215,170592,rest
40.8230,1,rest
40.8246,71148,rest
40.8262,1707,rest
40.8288,32,rest
40.8300,171177,rest
40.8330,170611,rest
40.8380,171305,rest
40.8410,170775,rest
40.8451,170981,rest
40.8492,170985,rest
40.8541,171182,rest
40.8575,170202,rest
40.8616,170878,rest
40.8656,170812,rest
40.8708,170947,rest
40.8739,171133,rest
40.8779,170894,rest
40.8820,170753,rest
40.8868,171242,rest
40.8902,171102,rest
40.8943,171290,rest
40.8984,170970,rest
40.9040,170417,rest
40.9065,170767,rest
40.9106,171080,rest
40.9149,171267,rest
40.9206,171057,rest
40.9229,170763,rest
40.9270,170631,rest
40.9312,170953,rest
40.9372,171477,rest
40.9394,171165,rest
40.9434,170935,rest
40.9475,171359,rest
40.9491,1,rest
40.9526,71725,rest
40.9549,1713,rest
40.9558,53,rest
40.9571,171389,rest
40.9598,171289,rest
40.9639,171895,rest
40.9692,71226,rest
40.9735,170563,rest
40.9771,171102,rest
40.9808,170997,rest
40.9845,7072,rest
40.9893,171348,rest
40.9926,171186,rest
40.9966,171009,rest
41.0021,705,rest
41.0051,171356,rest
41.0100,171039,rest
41.0132,171041,rest
41.0173,112,rest
41.0228,171267,rest
41.0264,170758,rest
41.0295,170820,rest
41.0337,7018,rest
41.0381,171167,rest
41.0428,170914,rest
41.0459,170869,rest
41.0501,70883,rest
41.0549,170632,rest
41.0588,170553,rest
41.0632,171122,rest
41.0671,170884,rest
41.0712,170838,rest
41.0747,171000,rest
41.0762,1,rest
41.0786,70630,rest
41.0801,171,rest
41.0828,131,rest
41.0843,171082,rest
41.0872,171113,rest
41.0908,171227,rest
41.0949,170841,rest
41.0991,170900,rest
41.1039,171338,rest
41.1073,171089,rest
41.1114,171020,rest
41.1155,171214,rest
41.1206,170489,rest
41.1236,171569,rest
41.1277,170522,rest
41.1320,171153,rest
41.1364,171234,rest
41.1400,171021,rest
41.1442,171061,rest
41.1482,170869,rest
41.1526,170979,rest
41.1564,171415,rest
41.1605,170575,rest
41.1647,171036,rest
41.1688,171201,rest
41.1728,171237,rest
41.1769,170849,rest
41.1810,171079,rest
41.1865,170715,rest
41.1892,171219,rest
41.1932,171035,rest
41.1974,171050,rest
41.2016,71071,rest
41.2061,171659,rest
41.2079,170,rest
41.2103,944,rest
41.2123,171023,rest
41.2139,171194,rest
41.2181,719,rest
41.2226,170841,rest
41.2271,171016,rest
41.2302,171124,rest
41.2357,713,rest
41.2387,170876,rest
41.2436,170734,rest
41.2468,170960,rest
41.2525,7110,rest
41.2554,171175,rest
41.2600,170921,rest
41.2629,171060,rest
41.2671,702,rest
41.2715,170568,rest
41.2766,170940,rest
41.2794,171018,rest
41.2836,73,rest
41.2886,170897,rest
41.2936,171111,rest
41.2957,171169,rest
41.3013,177,rest
41.3056,170832,rest
41.3079,171706,rest
41.3120,171495,rest
41.3162,171061,rest
41.3202,171135,rest
41.3244,171342,rest
41.3285,171098,rest
41.3326,170964,rest
41.3339,17,rest
41.3367,0801,rest
41.3378,17095,rest
41.3407,0,rest
41.3408,171045,rest
41.3448,171606,rest
41.3491,170995,rest
41.3535,170787,rest
41.3571,171009,rest
41.3612,170948,rest
41.3654,170865,rest
41.3696,171826,rest
41.3735,171115,rest
41.3776,170958,rest
41.3818,171310,rest
41.3865,170694,rest
41.3899,171241,rest
41.3941,171143,rest
41.3982,170844,rest
41.4028,171066,rest
41.4062,171002,rest
41.4103,170806,rest
41.4146,171670,rest
41.4194,171241,rest
41.4226,170934,rest
41.4267,170766,rest
41.4309,171081,rest
41.4358,171507,rest
41.4390,171033,rest
41.4431,170703,rest
41.4472,170452,rest
41.4522,171077,rest
41.4555,171068,rest
41.4595,171167,rest
41.4610,17,rest
41.4636,0903,rest
41.4651,17139,rest
41.4691,182,rest
41.4730,171126,rest
41.4761,170517,rest
41.4800,170825,rest
41.4841,7,rest
41.4893,171086,rest
41.4923,171058,rest
41.4964,170959,rest
41.5024,70842,rest
41.5062,171325,rest
41.5090,171468,rest
41.5127,170944,rest
41.5182,70791,rest
41.5217,170790,rest
41.5259,170997,rest
41.5291,170777,rest
41.5334,73,rest
41.5375,170850,rest
41.5420,170954,rest
41.5455,171019,rest
41.5498,171211,rest
41.5537,170821,rest
41.5578,170862,rest
41.5619,170765,rest
41.5660,171287,rest
41.5703,171324,rest
41.5742,170736,rest
41.5783,170768,rest
41.5824,171033,rest
41.5870,170528,rest
41.5881,1,rest
41.5906,70866,rest
41.5920,1710,rest
41.5947,07,rest
41.5957,171102,rest
41.5988,171064,rest
41.6034,170707,rest
41.6070,171097,rest
41.6110,171055,rest
41.6152,171351,rest
41.6205,170817,rest
41.6234,170877,rest
41.6274,170641,rest
41.6316,170684,rest
41.6360,170997,rest
41.6397,171522,rest
41.6438,170690,rest
41.6479,171475,rest
41.6532,170891,rest
41.6561,171058,rest
41.6602,170758,rest
41.6644,171062,rest
41.6689,170955,rest
41.6725,171637,rest
41.6765,170989,rest
41.6807,171622,rest
41.6848,171012,rest
41.6889,171156,rest
41.6929,170900,rest
41.6971,170541,rest
41.7021,170645,rest
41.7053,171145,rest
41.7094,170698,rest
41.7135,170847,rest
41.7145,1,rest
41.7176,1067,rest
41.7192,7,rest
41.7218,3,rest
41.7236,171122,rest
41.7259,170850,rest
41.7298,170830,rest
41.7351,1,rest
41.7389,171032,rest
41.7422,171333,rest
41.7462,171412,rest
41.7505,71,rest
41.7547,171043,rest
41.7588,171149,rest
41.7626,171749,rest
41.7668,7924,rest
41.7716,170850,rest
41.7755,170804,rest
41.7791,171298,rest
41.7832,171518,rest
41.7878,170981,rest
41.7913,170734,rest
41.7954,171079,rest
41.7996,170716,rest
41.8037,170733,rest
41.8077,170841,rest
41.8117,171601,rest
41.8159,171094,rest
41.8203,170981,rest
41.8240,171089,rest
41.8281,171183,rest
41.8322,171303,rest
41.8370,171190,rest
41.8404,170351,rest
41.8412,1,rest
41.8446,71019,rest
41.8459,1710,rest
41.8488,20,rest
41.8505,170948,rest
41.8532,171063,rest
41.8568,170839,rest
41.8609,171053,rest
41.8650,171056,rest
41.8697,171264,rest
41.8733,171483,rest
41.8773,171027,rest
41.8814,171445,rest
41.8861,171527,rest
41.8896,171279,rest
41.8938,171535,rest
41.8982,171264,rest
41.9022,170845,rest
41.9059,171357,rest
41.9100,170902,rest
41.9141,171024,rest
41.9186,170948,rest
41.9224,171396,rest
41.9264,171205,rest
41.9305,171318,rest
41.9352,170950,rest
41.9387,171195,rest
41.9429,171058,rest
41.9469,170859,rest
41.9511,7129,rest
41.9579,170872,rest
41.9618,171198,rest
41.9633,171510,rest
41.9677,170893,rest
41.9693,1,rest
41.9716,70827,rest
41.9728,171,rest
41.9757,169,rest
41.9770,171136,rest
41.9799,171106,rest
41.9839,714,rest
41.9893,171269,rest
41.9922,170863,rest
41.9961,171377,rest
42.0018,713,rest
42.0059,170769,rest
42.0083,171095,rest
42.0124,171600,rest
42.0180,2,rest
42.0219,170939,rest
42.0250,170731,rest
42.0289,171018,rest
42.0345,70,rest
42.0379,171477,rest
42.0413,170820,rest
42.0453,170874,rest
42.0496,179,rest
42.0546,171338,rest
42.0584,170944,rest
42.0617,171587,rest
42.0657,170808,rest
42.0706,171205,rest
42.0741,170877,rest
42.0781,171014,rest
42.0821,171145,rest
42.0873,170919,rest
42.0903,171355,rest
42.0943,171060,rest
42.0987,171180,rest
42.0996,171,rest
42.1028,468,rest
42.1041,170896,rest
42.1068,171291,rest
42.1108,171127,rest
42.1150,171422,rest
42.1193,171243,rest
42.1231,171332,rest
42.1272,171553,rest
42.1314,171438,rest
42.1357,171237,rest
42.1394,171106,rest
42.1435,171519,rest
42.1478,171516,rest
42.1520,171128,rest
42.1559,171369,rest
42.1599,170915,rest
42.1640,170968,rest
42.1684,171351,rest
42.1726,171413,rest
42.1763,170983,rest
42.1803,170964,rest
42.1847,171801,rest
42.1891,171312,rest
42.1928,171013,rest
42.1967,171522,rest
42.2024,719,rest
42.2055,171247,rest
42.2098,170920,rest
42.2151,171251,rest
42.2173,171010,rest
42.2216,171141,rest
42.2260,171454,rest
42.2272,171,rest
42.2295,149,rest
42.2308,17068,rest
42.2349,10,rest
42.2385,171071,rest
42.2427,170867,rest
42.2459,171119,rest
42.2502,7141,rest
42.2547,171012,rest
42.2589,170922,rest
42.2625,171615,rest
42.2666,7105,rest
42.2711,171128,rest
42.2746,171182,rest
42.2794,171266,rest
42.2872,170956,rest
42.2916,170967,rest
42.2951,170799,rest
42.2993,171185,rest
42.3037,170824,rest
42.3074,171309,rest
42.3115,171028,rest
42.3156,171132,rest
42.3196,170668,rest
42.3237,171084,rest
42.3278,171282,rest
42.3319,170597,rest
42.3362,170736,rest
42.3402,171055,rest
42.3442,171266,rest
42.3483,171302,rest
42.3530,171194,rest
42.3549,17,rest
42.3566,1661,rest
42.3580,17112,rest
42.3606,6,rest
42.3607,170999,rest
42.3647,170909,rest
42.3691,170988,rest
42.3731,170741,rest
42.3770,170852,rest
42.3811,171028,rest
42.3870,171110,rest
42.3893,170515,rest
42.3933,171076,rest
42.3975,171024,rest
42.4026,171372,rest
42.4056,171005,rest
42.4097,170896,rest
42.4140,171046,rest
42.4198,171172,rest
42.4220,170902,rest
42.4262,170983,rest
42.4302,171512,rest
42.4350,171305,rest
42.4389,170986,rest
42.4425,171301,rest
42.4466,170992,rest
42.4514,171186,rest
42.4552,170798,rest
42.4589,171310,rest
42.4630,170903,rest
42.4687,7062,rest
42.4724,170763,rest
42.4761,171104,rest
42.4794,170946,rest
42.4806,17,rest
42.4848,2110,rest
42.4885,170855,rest
42.4924,170698,rest
42.4971,171357,rest
42.5009,171127,rest
42.5040,171321,rest
42.5085,171032,rest
42.5122,171010,rest
42.5164,707,rest
42.5210,171029,rest
42.5251,170890,rest
42.5289,170947,rest
42.5326,171147,rest
42.5373,170985,rest
42.5408,171164,rest
42.5449,170910,rest
42.5493,108,rest
42.5542,171053,rest
42.5572,171009,rest
42.5614,170622,rest
42.5655,170694,rest
42.5698,171137,rest
42.5735,171381,rest
42.5776,171465,rest
42.5818,170906,rest
42.5869,171278,rest
42.5900,171036,rest
42.5940,171000,rest
42.5982,171142,rest
42.6033,170973,rest
42.6063,171170,rest
42.6077,17,rest
42.6104,0977,rest
42.6116,1710,rest
42.6146,61,rest
42.6159,170950,rest
42.6191,170828,rest
42.6227,171066,rest
42.6268,171468,rest
42.6311,171312,rest
42.6355,171043,rest
42.6391,171439,rest
42.6432,170732,rest
42.6475,171196,rest
42.6517,171820,rest
42.6555,171111,rest
42.6596,171306,rest
42.6637,170873,rest
42.6687,171384,rest
42.6719,170592,rest
42.6760,171127,rest
42.6800,171205,rest
42.6847,171296,rest
42.6883,171505,rest
42.6924,170755,rest
42.6965,171040,rest
42.7006,71155,rest
42.7068,171196,rest
42.7091,170885,rest
42.7143,170943,rest
42.7170,171038,rest
42.7216,170736,rest
42.7251,171108,rest
42.7294,171283,rest
42.7335,790,rest
42.7338,1,rest
42.7379,71069,rest
42.7403,1711,rest
42.7418,74,rest
42.7439,171162,rest
42.7457,170490,rest
42.7501,170787,rest
42.7538,171116,rest
42.7579,171229,rest
42.7620,171457,rest
42.7680,71734,rest
42.7717,171282,rest
42.7748,171019,rest
42.7784,171115,rest
42.7826,6,rest
42.7868,171419,rest
42.7920,171647,rest
42.7957,171388,rest
42.7992,17101,rest
42.8044,171355,rest
42.8083,171308,rest
42.8113,170736,rest
42.8155,171604,rest
42.8197,171331,rest
42.8236,171323,rest
42.8275,171527,rest
42.8316,170831,rest
42.8367,170894,rest
42.8399,171395,rest
42.8439,171452,rest
42.8481,171756,rest
42.8525,171000,rest
42.8564,171338,rest
42.8604,170898,rest
42.8618,1,rest
42.8644,71533,rest
42.8655,1712,rest
42.8686,78,rest
42.8700,171359,rest
42.8726,171219,rest
42.8767,170982,rest
42.8808,171258,rest
42.8852,170967,rest
42.8893,170926,rest
42.8931,171517,rest
42.8973,171565,rest
42.9016,170398,rest
42.9057,171072,rest
42.9094,171257,rest
42.9136,171431,rest
42.9194,171686,rest
42.9217,171524,rest
42.9258,171070,rest
42.9300,171181,rest
42.9361,170772,rest
42.9381,171345,rest
42.9422,170690,rest
42.9468,170975,rest
42.9519,76,rest
42.9552,171161,rest
42.9594,171257,rest
42.9628,170845,rest
42.9672,171360,rest
42.9711,171089,rest
42.9751,171551,rest
42.9792,171037,rest
42.9848,7110,rest
42.9885,171073,rest
42.9899,1,rest
42.9923,71344,rest
42.9937,171,rest
42.9955,100,rest
42.9967,171670,rest
42.9997,5,rest
43.0038,171655,rest
43.0080,171128,rest
43.0118,172004,rest
43.0161,11,rest
43.0206,171415,rest
43.0243,171256,rest
43.0282,171117,rest
43.0325,71103,rest
43.0366,170804,rest
43.0417,171168,rest
43.0448,170909,rest
43.0503,171529,rest
43.0529,171246,rest
43.0569,171654,rest
43.0611,171422,rest
43.0651,171327,rest
43.0694,170898,rest
43.0736,170986,rest
43.0774,170820,rest
43.0815,171115,rest
43.0858,171623,rest
43.0899,171106,rest
43.0938,171471,rest
43.0980,171903,rest
43.1028,171292,rest
43.1060,171216,rest
43.1101,171053,rest
43.1143,171237,rest
43.1186,170873,rest
43.1204,171,rest
43.1225,243,rest
43.1234,170804,rest
43.1266,170932,rest
43.1307,171279,rest
43.1351,171382,rest
43.1392,171054,rest
43.1429,171624,rest
43.1470,171203,rest
43.1514,171188,rest
43.1554,171042,rest
43.1593,170881,rest
43.1634,171177,rest
43.1678,171615,rest
43.1715,171250,rest
43.1756,171081,rest
43.1797,171386,rest
43.1860,171457,rest
43.1880,171237,rest
43.1920,170960,rest
43.1962,170913,rest
43.2011,171182,rest
43.2048,170984,rest
43.2085,170913,rest
43.2126,171366,rest
43.2168,712,rest
43.2215,171149,rest
43.2255,171702,rest
43.2301,171196,rest
43.2341,170521,rest
43.2371,171469,rest
43.2420,171010,rest
43.2455,171341,rest
43.2468,170,rest
43.2496,933,rest
43.2501,714,rest
43.2542,7,rest
43.2544,171163,rest
43.2580,170963,rest
43.2617,171075,rest
43.2672,707,rest
43.2702,171366,rest
43.2742,171270,rest
43.2781,171316,rest
43.2835,70,rest
43.2866,171183,rest
43.2911,170755,rest
43.2945,171515,rest
43.3000,098,rest
43.3030,171169,rest
43.3068,171603,rest
43.3116,170874,rest
43.3167,171259,rest
43.3191,170951,rest
43.3231,170642,rest
43.3272,170976,rest
43.3314,170911,rest
43.3360,170444,rest
43.3395,171453,rest
43.3436,170842,rest
43.3478,171064,rest
43.3530,171280,rest
43.3559,171189,rest
43.3600,171318,rest
43.3641,171083,rest
43.3684,171173,rest
43.3724,171229,rest
43.3736,17,rest
43.3764,1358,rest
43.3781,17126,rest
43.3805,2,rest
43.3806,170721,rest
43.3848,171194,rest
43.3889,171711,rest
43.3928,170815,rest
43.3968,170787,rest
43.4015,171774,rest
43.4051,171282,rest
43.4092,170968,rest
43.4134,170945,rest
43.4174,71253,rest
43.4218,170537,rest
43.4264,170951,rest
43.4296,171285,rest
43.4341,171028,rest
43.4383,170952,rest
43.4419,171096,rest
43.4460,170977,rest
43.4513,758,rest
43.4561,171111,rest
43.4584,171465,rest
43.4624,171667,rest
43.4672,171407,rest
43.4708,171497,rest
43.4747,170699,rest
43.4787,171431,rest
43.4848,19,rest
43.4873,171005,rest
43.4911,170939,rest
43.4951,171377,rest
43.5009,123,rest
43.5050,784,rest
43.5064,1707,rest
43.5076,36,rest
43.5093,171306,rest
43.5116,171272,rest
43.5170,15,rest
43.5201,170967,rest
43.5245,170957,rest
43.5279,171194,rest
43.5321,17,rest
43.5369,171437,rest
43.5404,171186,rest
43.5443,171490,rest
43.5507,1,rest
43.5528,170959,rest
43.5569,170706,rest
43.5607,171545,rest
43.5649,171558,rest
43.5696,171545,rest
43.5729,171604,rest
43.5770,171493,rest
43.5812,171141,rest
43.5866,171102,rest
43.5894,171117,rest
43.5935,170992,rest
43.5977,170937,rest
43.6027,171153,rest
43.6057,171343,rest
43.6099,171159,rest
43.6139,171000,rest
43.6188,171576,rest
43.6221,171563,rest
43.6262,171070,rest
43.6272,1,rest
43.6306,71367,rest
43.6317,1711,rest
43.6352,52,rest
43.6371,170775,rest
43.6386,171185,rest
43.6426,171421,rest
43.6471,171301,rest
43.6509,7125,rest
43.6560,170726,rest
43.6593,171471,rest
43.6631,171334,rest
43.6674,171604,rest
43.6713,171165,rest
43.6755,170768,rest
43.6795,170930,rest
43.6843,171381,rest
43.6877,171170,rest
43.6917,170945,rest
43.6959,171163,rest
43.7003,171248,rest
43.7040,171033,rest
43.7083,171359,rest
43.7124,171217,rest
43.7171,171695,rest
43.7204,170988,rest
43.7245,171002,rest
43.7286,171332,rest
43.7336,171430,rest
43.7368,171166,rest
43.7409,171344,rest
43.7450,171328,rest
43.7493,7053,rest
43.7536,170705,rest
43.7553,1,rest
43.7582,70790,rest
43.7601,1711,rest
43.7614,59,rest
43.7623,170998,rest
43.7661,170685,rest
43.7696,170991,rest
43.7737,170770,rest
43.7778,171031,rest
43.7820,7147,rest
43.7861,171177,rest
43.7904,170807,rest
43.7942,170730,rest
43.7984,170765,rest
43.8031,171334,rest
43.8064,170787,rest
43.8105,171451,rest
43.8157,71005,rest
43.8188,171539,rest
43.8229,171039,rest
43.8276,171245,rest
43.8324,171305,rest
43.8364,171020,rest
43.8402,171072,rest
43.8434,170679,rest
43.8483,17136,rest
43.8526,171591,rest
43.8558,171516,rest
43.8598,171090,rest
43.8644,171136,rest
43.8679,171369,rest
43.8720,171385,rest
43.8761,170765,rest
43.8802,171433,rest
43.8848,170911,rest
43.8861,1711,rest
43.8883,49,rest
43.8893,171286,rest
43.8925,170785,rest
43.8965,171353,rest
43.9019,171208,rest
43.9047,171216,rest
43.9088,171024,rest
43.9129,170859,rest
43.9177,171110,rest
43.9211,170798,rest
43.9254,170935,rest
43.9303,171104,rest
43.9350,7,rest
43.9412,171607,rest
43.9417,170623,rest
43.9457,171277,rest
43.9500,7119,rest
43.9542,171174,rest
43.9586,171564,rest
43.9634,171036,rest
43.9670,171020,rest
43.9705,7137,rest
43.9748,171522,rest
43.9785,171186,rest
43.9836,171278,rest
43.9869,171,rest
43.9916,171771,rest
43.9963,171052,rest
43.9989,170885,rest
44.0030,171295,rest
44.0071,171073,rest
44.0112,171153,rest
44.0125,170,rest
44.0167,24,rest
44.0209,170934,rest
44.0244,171491,rest
44.0276,170998,rest
44.0318,7,rest
44.0370,171024,rest
44.0402,171028,rest
44.0440,171390,rest
44.0536,170885,rest
44.0569,171028,rest
44.0604,171122,rest
44.0645,170969,rest
44.0693,170961,rest
44.0727,170793,rest
44.0768,171334,rest
44.0809,171539,rest
44.0857,171366,rest
44.0891,171527,rest
44.0931,170750,rest
44.0973,171473,rest
44.1021,171201,rest
44.1054,170566,rest
44.1095,170911,rest
44.1137,171386,rest
44.1184,171234,rest
44.1218,171016,rest
44.1259,170999,rest
44.1302,171162,rest
44.1353,170421,rest
44.1382,171291,rest
44.1396,170,rest
44.1423,967,rest
44.1435,170806,rest
44.1465,171036,rest
44.1510,171366,rest
44.1546,170761,rest
44.1587,171356,rest
44.1628,170910,rest
44.1670,171058,rest
44.1713,171155,rest
44.1751,171080,rest
44.1792,171309,rest
44.1841,171019,rest
44.1874,170521,rest
44.1915,170594,rest
44.1955,171353,rest
44.2015,170819,rest
44.2037,170802,rest
44.2078,170596,rest
44.2119,171152,rest
44.2168,171058,rest
44.2203,171587,rest
44.2243,170902,rest
44.2286,170904,rest
44.2380,171882,rest
44.2406,171330,rest
44.2447,171053,rest
44.2488,171249,rest
44.2529,171180,rest
44.2570,171057,rest
44.2610,171422,rest
44.2654,7,rest
44.2695,42,rest
44.2711,17099,rest
44.2737,5,rest
44.2741,171246,rest
44.2777,171458,rest
44.2817,715,rest
44.2870,171268,rest
44.2900,170989,rest
44.2938,171134,rest
44.3038,171338,rest
44.3061,171005,rest
44.3102,171208,rest
44.3160,171221,rest
44.3184,171015,rest
44.3225,171630,rest
44.3266,171402,rest
44.3307,171170,rest
44.3359,171276,rest
44.3389,170659,rest
44.3430,171668,rest
44.3471,170698,rest
44.3522,171294,rest
44.3554,171275,rest
44.3594,171348,rest
44.3635,171047,rest
44.3684,170712,rest
44.3717,171134,rest
44.3758,171023,rest
44.3800,170476,rest
44.3844,171226,rest
44.3881,171098,rest
44.3923,171378,rest
44.3936,17,rest
44.3963,0800,rest
44.3973,17074,rest
44.4044,171667,rest
44.4085,170951,rest
44.4127,171632,rest
44.4171,170764,rest
44.4212,171055,rest
44.4249,171237,rest
44.4291,171110,rest
44.4347,170773,rest
44.4372,171168,rest
44.4413,171499,rest
44.4454,170938,rest
44.4499,171710,rest
44.4538,171707,rest
44.4577,171530,rest
44.4618,171348,rest
44.4670,71219,rest
44.4723,171647,rest
44.4740,171214,rest
44.4783,171442,rest
44.4834,70926,rest
44.4877,171087,rest
44.4912,171099,rest
44.4945,171435,rest
44.4988,7123,rest
44.5028,170858,rest
44.5101,171194,rest
44.5110,171169,rest
44.5169,70,rest
44.5202,171121,rest
44.5228,17,rest
44.5239,0569,rest
44.5248,17130,rest
44.5274,4,rest
44.5285,170715,rest
44.5320,171130,rest
44.5355,171066,rest
44.5396,171421,rest
44.5437,171187,rest
44.5499,1,flicker
44.5531,171816,flicker
44.5572,171220,flicker
44.5602,171026,flicker
44.5642,171099,flicker
44.5692,171607,flicker
44.5726,171400,flicker
44.5765,171549,flicker
44.5806,171293,flicker
44.5860,171010,flicker
44.5887,171060,flicker
44.5929,171202,flicker
44.5971,171329,flicker
44.6014,171061,flicker
44.6051,170978,flicker
44.6093,171375,flicker
44.6134,171017,flicker
44.6177,170886,flicker
44.6215,171151,flicker
44.6257,170584,flicker
44.6297,171123,flicker
44.6343,171651,flicker
44.6385,171251,flicker
44.6419,170963,flicker
44.6461,171465,flicker
44.6476,17,flicker
44.6513,1110,flicker
44.6529,1709,flicker
44.6543,96,flicker
44.6554,171062,flicker
44.6585,171282,flicker
44.6624,170629,flicker
44.6686,171116,flicker
44.6706,171142,flicker
44.6747,170643,flicker
44.6788,171525,flicker
44.6831,171296,flicker
44.6876,170833,flicker
44.6911,171148,flicker
44.6952,170860,flicker
44.6999,170754,flicker
44.7039,170672,flicker
44.7079,170987,flicker
44.7116,171062,flicker
44.7162,170928,flicker
44.7198,171353,flicker
44.7239,171240,flicker
44.7280,170937,flicker
44.7335,5,flicker
44.7371,170843,flicker
44.7419,171447,flicker
44.7444,170593,flicker
44.7486,4,flicker
44.7564,170996,flicker
44.7568,171291,flicker
44.7608,171018,flicker
44.7666,7065,flicker
44.7701,171013,flicker
44.7735,170710,flicker
44.7749,1,flicker
44.7772,71232,flicker
44.7786,1702,flicker
44.7873,171181,flicker
44.7915,171041,flicker
44.7936,171400,flicker
44.7993,1170,flicker
44.8024,171205,flicker
44.8058,171022,flicker
44.8099,171318,flicker
44.8141,171487,flicker
44.8184,170564,flicker
44.8223,170640,flicker
44.8265,171111,flicker
44.8304,171062,flicker
44.8350,171225,flicker
44.8387,170886,flicker
44.8428,171632,flicker
44.8469,171344,flicker
44.8510,170617,flicker
44.8549,171328,flicker
44.8591,170708,flicker
44.8632,171312,flicker
44.8686,170852,flicker
44.8714,170917,flicker
44.8755,170983,flicker
44.8796,170815,flicker
44.8849,171012,flicker
44.8877,171419,flicker
44.8918,170824,flicker
44.8959,170822,flicker
44.9012,171039,flicker
44.9030,1,flicker
44.9042,70948,flicker
44.9053,1711,flicker
44.9082,10,flicker
44.9098,171002,flicker
44.9124,171033,flicker
44.9167,171142,flicker
44.9205,170681,flicker
44.9246,171329,flicker
44.9287,170958,flicker
44.9334,170933,flicker
44.9370,170914,flicker
44.9411,171391,flicker
44.9451,171220,flicker
44.9493,71146,flicker
44.9538,171586,flicker
44.9579,171189,flicker
44.9614,170940,flicker
44.9661,170865,flicker
44.9696,171122,flicker
44.9737,171049,flicker
44.9780,171232,flicker
44.9824,170850,flicker
44.9860,171112,flicker
44.9901,170999,flicker
44.9942,170782,flicker
44.9997,70996,flicker
45.0034,171095,flicker
45.0077,171174,flicker
45.0106,170773,flicker
45.0148,760,flicker
45.0211,171580,flicker
45.0249,171168,flicker
45.0270,171090,flicker
45.0281,1,flicker
45.0328,1341104,flicker
45.0355,5,flicker
45.0390,171147,flicker
45.0415,170639,flicker
45.0434,170829,flicker
45.0480,716,flicker
45.0530,170680,flicker
45.0557,170940,flicker
45.0598,170785,flicker
45.0639,170931,flicker
45.0680,171424,flicker
45.0721,170771,flicker
45.0762,171001,flicker
45.0803,171649,flicker
45.0853,170901,flicker
45.0884,171390,flicker
45.0927,171452,flicker
45.0967,171545,flicker
45.1008,171399,flicker
45.1048,170929,flicker
45.1089,171721,flicker
45.1131,171614,flicker
45.1183,171439,flicker
45.1212,171210,flicker
45.1255,171619,flicker
45.1295,171245,flicker
45.1344,171209,flicker
45.1377,171233,flicker
45.1418,171819,flicker
45.1458,171295,flicker
45.1511,171567,flicker
45.1540,171655,flicker
45.1581,171065,flicker
45.1589,171,flicker
45.1622,134,flicker
45.1634,171231,flicker
45.1677,170890,flicker
45.1704,171258,flicker
45.1744,170972,flicker
45.1786,170700,flicker
45.1844,171662,flicker
45.1867,171165,flicker
45.1908,171528,flicker
45.1952,171077,flicker
45.2006,171219,flicker
45.2032,170861,flicker
45.2073,171463,flicker
45.2114,170818,flicker
45.2156,71287,flicker
45.2198,171068,flicker
45.2238,171174,flicker
45.2287,171524,flicker
45.2330,7130,flicker
45.2362,170644,flicker
45.2416,171124,flicker
45.2441,171223,flicker
45.2483,7147,flicker
45.2538,171161,flicker
45.2568,170882,flicker
45.2605,171173,flicker
45.2647,73,flicker
45.2728,171187,flicker
45.2733,170969,flicker
45.2768,171113,flicker
45.2824,718,flicker
45.2861,171199,flicker
45.2892,171,flicker
45.2903,054,flicker
45.2919,171409,flicker
45.2934,171124,flicker
45.3020,171000,flicker
45.3057,170878,flicker
45.3098,171300,flicker
45.3146,170964,flicker
45.3191,7141,flicker
45.3224,170839,flicker
45.3276,170999,flicker
45.3303,170925,flicker
45.3346,171428,flicker
45.3387,171155,flicker
45.3424,170477,flicker
45.3465,171152,flicker
45.3514,171447,flicker
45.3549,171097,flicker
45.3588,171330,flicker
45.3630,171832,flicker
45.3683,171335,flicker
45.3710,170532,flicker
45.3751,171483,flicker
45.3793,171499,flicker
45.3837,171237,flicker
45.3875,171346,flicker
45.3916,171039,flicker
45.3956,171194,flicker
45.4002,171054,flicker
45.4038,170838,flicker
45.4080,171283,flicker
45.4120,170957,flicker
45.4130,17,flicker
45.4162,1206,flicker
45.4177,17104,flicker
45.4202,1,flicker
45.4203,171369,flicker
45.4243,171380,flicker
45.4284,171234,flicker
45.4346,170634,flicker
45.4366,171606,flicker
45.4407,171053,flicker
45.4448,171062,flicker
45.4502,171000,flicker
45.4530,171009,flicker
45.4570,170808,flicker
45.4612,171511,flicker
45.4654,170828,flicker
45.4698,171200,flicker
45.4734,171129,flicker
45.4777,170912,flicker
45.4817,70911,flicker
45.4861,171224,flicker
45.4902,171007,flicker
45.4940,171292,flicker
45.4982,709,flicker
45.5024,171387,flicker
45.5068,170789,flicker
45.5106,171785,flicker
45.5156,9,flicker
45.5202,171309,flicker
45.5233,171439,flicker
45.5267,171404,flicker
45.5330,71,flicker
45.5366,170599,flicker
45.5410,171501,flicker
45.5422,17,flicker
45.5431,0778,flicker
45.5444,17114,flicker
45.5473,3,flicker
45.5481,72,flicker
45.5538,170733,flicker
45.5566,171389,flicker
45.5595,171362,flicker
45.5638,171270,flicker
45.5687,171179,flicker
45.5717,170845,flicker
45.5758,171335,flicker
45.5800,171201,flicker
45.5846,170884,flicker
45.5881,171588,flicker
45.5922,171126,flicker
45.5964,171445,flicker
45.6010,171354,flicker
45.6045,170560,flicker
45.6086,171288,flicker
45.6128,171201,flicker
45.6175,170811,flicker
45.6211,171173,flicker
45.6250,171145,flicker
45.6292,170975,flicker
45.6339,171268,flicker
45.6373,171134,flicker
45.6414,170906,flicker
45.6456,171362,flicker
45.6501,171136,flicker
45.6537,171018,flicker
45.6579,171207,flicker
45.6618,170644,flicker
45.6677,171391,flicker
45.6692,17,flicker
45.6701,1152,flicker
45.6713,1713,flicker
45.6742,78,flicker
45.6752,170725,flicker
45.6782,171470,flicker
45.6827,170802,flicker
45.6868,170625,flicker
45.6906,171550,flicker
45.6946,171200,flicker
45.6994,170376,flicker
45.7032,171476,flicker
45.7069,171121,flicker
45.7110,171067,flicker
45.7163,70,flicker
45.7200,171090,flicker
45.7250,171390,flicker
45.7278,171061,flicker
45.7316,4,flicker
45.7360,171327,flicker
45.7400,171270,flicker
45.7442,171145,flicker
45.7479,170879,flicker
45.7520,171000,flicker
45.7561,171028,flicker
45.7601,171416,flicker
45.7655,754,flicker
45.7686,171174,flicker
45.7726,171031,flicker
45.7767,170942,flicker
45.7808,1,flicker
45.7851,171616,flicker
45.7889,171054,flicker
45.7959,171466,flicker
45.7968,1,flicker
45.7970,70872,flicker
45.7983,171,flicker
45.8018,736,flicker
45.8037,171133,flicker
45.8052,170997,flicker
45.8094,170974,flicker
45.8150,17119,flicker
45.8230,171205,flicker
45.8235,170926,flicker
45.8257,171377,flicker
45.8299,170751,flicker
45.8341,170803,flicker
45.8380,171551,flicker
45.8421,171026,flicker
45.8464,170950,flicker
45.8512,170853,flicker
45.8544,171097,flicker
45.8584,170983,flicker
45.8626,171140,flicker
45.8679,170960,flicker
45.8707,171316,flicker
45.8748,171312,flicker
45.8791,171189,flicker
45.8846,170810,flicker
45.8871,170922,flicker
45.8912,171514,flicker
45.8955,170955,flicker
45.9005,170713,flicker
45.9035,171571,flicker
45.9076,171327,flicker
45.9119,171391,flicker
45.9166,171215,flicker
45.9199,171361,flicker
45.9208,1,flicker
45.9240,71477,flicker
45.9254,170,flicker
45.9281,830,flicker
45.9297,171257,flicker
45.9327,171847,flicker
45.9363,171615,flicker
45.9405,171235,flicker
45.9445,171289,flicker
45.9503,73,flicker
45.9532,170587,flicker
45.9573,170709,flicker
45.9609,171136,flicker
45.9667,71046,flicker
45.9700,171308,flicker
45.9744,171291,flicker
45.9777,171001,flicker
45.9832,71251 ,flicker
45.9858,71368,flicker
45.9902,170755,flicker
45.9936,171450,flicker
45.9994,716,flicker
46.0029,171135,flicker
46.0062,171564,flicker
46.0100,171312,flicker
46.0143,714,flicker
46.0192,171234,flicker
46.0246,171114,flicker
46.0264,171614,flicker
46.0305,71085,flicker
46.0365,171074,flicker
46.0391,171087,flicker
46.0429,171429,flicker
46.0527,171214,flicker
46.0541,170,flicker
46.0564,502,flicker
46.0577,170949,flicker
46.0592,170992,flicker
46.0634,171626,flicker
46.0673,171384,flicker
46.0715,171378,flicker
46.0756,171460,flicker
46.0797,170969,flicker
46.0843,171327,flicker
46.0878,171277,flicker
46.0919,170731,flicker
46.0960,171628,flicker
46.1008,170722,flicker
46.1042,171250,flicker
46.1083,171484,flicker
46.1125,171164,flicker
46.1169,171089,flicker
46.1206,171009,flicker
46.1247,170939,flicker
46.1290,171321,flicker
46.1338,171084,flicker
46.1370,171031,flicker
46.1411,171134,flicker
46.1453,171051,flicker
46.1499,171072,flicker
46.1534,171167,flicker
46.1575,171158,flicker
46.1615,171000,flicker
46.1668,171402,flicker
46.1698,171107,flicker
46.1739,171144,flicker
46.1780,171224,flicker
46.1796,170,flicker
46.1826,947,flicker
46.1843,171063,flicker
46.1863,171025,flicker
46.1903,170820,flicker
46.1943,171248,flicker
46.1993,170633,flicker
46.2030,171127,flicker
46.2066,170685,flicker
46.2107,171387,flicker
46.2160,74,flicker
46.2194,171029,flicker
46.2232,171024,flicker
46.2281,170981,flicker
46.2329,707,flicker
46.2356,170708,flicker
46.2405,171237,flicker
46.2435,171572,flicker
46.2477,7133,flicker
46.2521,171244,flicker
46.2559,171035,flicker
46.2602,171213,flicker
46.2641,171286,flicker
46.2684,170216,flicker
46.2721,171663,flicker
46.2762,170701,flicker
46.2815,712,flicker
46.2848,171077,flicker
46.2894,170838,flicker
46.2926,171412,flicker
46.2987,714,flicker
46.3016,171302,flicker
46.3060,170578,flicker
46.3086,17,flicker
46.3091,1387,flicker
46.3102,17106,flicker
46.3132,0,flicker
46.3150,1713,flicker
46.3203,170791,flicker
46.3241,171169,flicker
46.3254,170894,flicker
46.3296,170935,flicker
46.3342,171629,flicker
46.3376,171511,flicker
46.3418,171023,flicker
46.3460,171008,flicker
46.3505,171330,flicker
46.3541,170769,flicker
46.3582,170895,flicker
46.3623,170685,flicker
46.3665,170953,flicker
46.3706,170807,flicker
46.3745,171295,flicker
46.3788,171238,flicker
46.3842,170960,flicker
46.3868,170694,flicker
46.3909,171326,flicker
46.3952,171175,flicker
46.3994,170733,flicker
46.4036,171347,flicker
46.4073,171343,flicker
46.4114,171405,flicker
46.4158,170817,flicker
46.4203,171133,flicker
46.4237,171097,flicker
46.4278,170838,flicker
46.4323,171461,flicker
46.4338,17,flicker
46.4360,1228,flicker
46.4375,17156,flicker
46.4402,5,flicker
46.4412,171184,flicker
46.4443,171449,flicker
46.4486,171143,flicker
46.4528,171053,flicker
46.4565,171260,flicker
46.4606,170909,flicker
46.4648,70894,flicker
46.4693,170770,flicker
46.4730,171750,flicker
46.4770,171013,flicker
46.4822,7,flicker
46.4853,171583,flicker
46.4893,171068,flicker
46.4933,171216,flicker
46.4976,7091,flicker
46.5024,171044,flicker
46.5070,171988,flicker
46.5097,171505,flicker
46.5166,72078,flicker
46.5183,171769,flicker
46.5229,171461,flicker
46.5261,170960,flicker
46.5303,704,flicker
46.5359,171261,flicker
46.5394,171259,flicker
46.5425,170943,flicker
46.5473,7975,flicker
46.5508,170976,flicker
46.5555,171448,flicker
46.5589,171312,flicker
46.5602,1,flicker
46.5630,70839,flicker
46.5644,1708,flicker
46.5670,54,flicker
46.5681,171313,flicker
46.5711,171173,flicker
46.5752,171485,flicker
46.5794,171391,flicker
46.5844,171195,flicker
46.5875,170752,flicker
46.5916,171627,flicker
46.5958,171134,flicker
46.6005,171165,flicker
46.6039,171008,flicker
46.6080,171466,flicker
46.6121,171321,flicker
46.6163,170768,flicker
46.6203,171666,flicker
46.6244,170987,flicker
46.6285,170833,flicker
46.6337,171472,flicker
46.6366,170818,flicker
46.6408,171260,flicker
46.6450,171252,flicker
46.6494,171104,flicker
46.6530,171197,flicker
46.6572,171612,flicker
46.6614,171222,flicker
46.6660,171489,flicker
46.6694,170881,flicker
46.6735,170747,flicker
46.6776,170961,flicker
46.6824,171329,flicker
46.6858,171203,flicker
46.6871,1,flicker
46.6900,71099,flicker
46.6910,171,flicker
46.6941,326,flicker
46.6954,170925,flicker
46.6992,1101,flicker
46.7023,170989,flicker
46.7070,171170,flicker
46.7104,171294,flicker
46.7159,170952,flicker
46.7186,171128,flicker
46.7227,170857,flicker
46.7269,171092,flicker
46.7326,7123,flicker
46.7364,170900,flicker
46.7393,171003,flicker
46.7432,171062,flicker
46.7475,72,flicker
46.7516,170887,flicker
46.7556,171238,flicker
46.7596,170604,flicker
46.7648,722,flicker
46.7685,171176,flicker
46.7718,171077,flicker
46.7760,170786,flicker
46.7803,170282,flicker
46.7843,170672,flicker
46.7882,170909,flicker
46.7923,171261,flicker
46.7980,730,flicker
46.8012,171026,flicker
46.8058,170869,flicker
46.8089,171155,flicker
46.8129,171160,flicker
46.8175,170951,flicker
46.8190,171,flicker
46.8210,167,flicker
46.8220,171196,flicker
46.8251,171313,flicker
46.8293,170979,flicker
46.8340,170967,flicker
46.8374,171208,flicker
46.8415,170703,flicker
46.8456,171619,flicker
46.8502,170899,flicker
46.8538,170820,flicker
46.8578,170891,flicker
46.8621,171179,flicker
46.8667,171229,flicker
46.8701,171076,flicker
46.8742,170830,flicker
46.8784,171534,flicker
46.8826,171220,flicker
46.8865,171186,flicker
46.8906,171340,flicker
46.8949,171010,flicker
46.8994,171251,flicker
46.9029,171225,flicker
46.9070,171207,flicker
46.9111,171323,flicker
46.9157,171127,flicker
46.9193,171009,flicker
46.9234,171232,flicker
46.9275,170645,flicker
46.9321,170725,flicker
46.9357,171207,flicker
46.9398,170890,flicker
46.9439,170974,flicker
46.9453,171,flicker
46.9484,249,flicker
46.9498,171240,flicker
46.9521,171174,flicker
46.9562,171180,flicker
46.9602,171275,flicker
46.9644,70535,flicker
46.9691,170861,flicker
46.9731,171638,flicker
46.9769,170895,flicker
46.9808,71194,flicker
46.9875,171364,flicker
46.9914,171404,flicker
46.9930,171883,flicker
46.9979,171094,flicker
47.0012,171421,flicker
47.0053,171132,flicker
47.0094,171123,flicker
47.0149,708,flicker
47.0185,171152,flicker
47.0224,171239,flicker
47.0258,171272,flicker
47.0314,7145,flicker
47.0348,171186,flicker
47.0381,170919,flicker
47.0422,171376,flicker
47.0469,723,flicker
47.0511,171327,flicker
47.0549,171136,flicker
47.0585,171535,flicker
47.0628,171161,flicker
47.0672,171247,flicker
47.0709,170617,flicker
47.0719,170,flicker
47.0749,524,flicker
47.0759,17161,flicker
47.0790,6,flicker
47.0791,171356,flicker
47.0837,170602,flicker
47.0873,170835,flicker
47.0913,170688,flicker
47.0954,171111,flicker
47.1004,171008,flicker
47.1036,171242,flicker
47.1077,171103,flicker
47.1118,170615,flicker
47.1166,170574,flicker
47.1206,171082,flicker
47.1241,170973,flicker
47.1283,171118,flicker
47.1333,171369,flicker
47.1364,171228,flicker
47.1405,171043,flicker
47.1446,170934,flicker
47.1494,170772,flicker
47.1528,170765,flicker
47.1568,171288,flicker
47.1610,171008,flicker
47.1657,171419,flicker
47.1692,171123,flicker
47.1733,171457,flicker
47.1773,170935,flicker
47.1817,171516,flicker
47.1859,171132,flicker
47.1896,171160,flicker
47.1937,171747,flicker
47.1982,170853,flicker
47.2000,17,flicker
47.2020,1288,flicker
47.2031,17101,flicker
47.2061,9,flicker
47.2062,170838,flicker
47.2101,171023,flicker
47.2148,171458,flicker
47.2183,170637,flicker
47.2225,171172,flicker
47.2265,170635,flicker
47.2308,7051,flicker
47.2353,171105,flicker
47.2397,170998,flicker
47.2429,171208,flicker
47.2489,710,flicker
47.2526,170850,flicker
47.2564,170877,flicker
47.2593,170817,flicker
47.2635,7163,flicker
47.2691,171136,flicker
47.2736,171417,flicker
47.2757,171014,flicker
47.2799,718,flicker
47.2850,171015,flicker
47.2892,170816,flicker
47.2921,170982,flicker
47.2981,0,flicker
47.3011,171228,flicker
47.3046,171847,flicker
47.3084,171200,flicker
47.3128,1166,flicker
47.3173,171151,flicker
47.3218,171508,flicker
47.3251,171593,flicker
47.3261,17,flicker
47.3290,1342,flicker
47.3308,1711,flicker
47.3341,98,flicker
47.3351,170982,flicker
47.3372,170646,flicker
47.3412,171476,flicker
47.3454,170788,flicker
47.3498,171400,flicker
47.3535,170972,flicker
47.3576,170943,flicker
47.3617,171165,flicker
47.3660,171456,flicker
47.3698,171064,flicker
47.3739,170999,flicker
47.3781,171234,flicker
47.3823,171189,flicker
47.3863,170870,flicker
47.3904,170991,flicker
47.3946,171415,flicker
47.3987,170700,flicker
47.4027,170923,flicker
47.4067,171012,flicker
47.4108,171106,flicker
47.4152,171140,flicker
47.4191,170871,flicker
47.4232,170817,flicker
47.4274,170921,flicker
47.4315,712,flicker
47.4366,171132,flicker
47.4420,171636,flicker
47.4436,171252,flicker
47.4489,171136,flicker
47.4518,170928,flicker
47.4529,1,flicker
47.4561,71082,flicker
47.4574,1712,flicker
47.4600,01,flicker
47.4612,171391,flicker
47.4653,171170,flicker
47.4681,170532,flicker
47.4722,170982,flicker
47.4764,170737,flicker
47.4806,03,flicker
47.4875,170986,flicker
47.4916,170928,flicker
47.4927,171033,flicker
47.4977,170852,flicker
47.5017,171541,flicker
47.5051,171278,flicker
47.5092,171397,flicker
47.5132,170969,flicker
47.5178,171495,flicker
47.5216,170619,flicker
47.5255,171194,flicker
47.5314,171004,flicker
47.5337,170887,flicker
47.5377,171255,flicker
47.5418,170874,flicker
47.5468,171186,flicker
47.5502,171595,flicker
47.5542,171032,flicker
47.5583,170657,flicker
47.5625,171049,flicker
47.5664,170793,flicker
47.5706,171250,flicker
47.5747,171113,flicker
47.5788,171405,flicker
47.5803,1,flicker
47.5829,71243,flicker
47.5840,1713,flicker
47.5869,03,flicker
47.5887,170975,flicker
47.5911,171109,flicker
47.5953,171103,flicker
47.5995,170757,flicker
47.6035,171337,flicker
47.6075,171396,flicker
47.6116,171352,flicker
47.6159,170799,flicker
47.6198,171092,flicker
47.6238,171132,flicker
47.6280,171674,flicker
47.6328,171431,flicker
47.6361,171708,flicker
47.6401,171203,flicker
47.6444,171053,flicker
47.6486,171075,flicker
47.6528,170742,flicker
47.6565,171142,flicker
47.6606,170861,flicker
47.6650,171413,flicker
47.6688,171825,flicker
47.6729,171093,flicker
47.6770,170706,flicker
47.6814,171249,flicker
47.6856,171330,flicker
47.6893,171514,flicker
47.6934,171120,flicker
47.6981,170783,flicker
47.7016,171495,flicker
47.7057,170936,flicker
47.7099,170618,flicker
47.7109,171,flicker
47.7161,342171195,flicker
47.7181,171022,flicker
47.7221,171324,flicker
47.7262,171290,flicker
47.7306,7123,flicker
47.7345,171414,flicker
47.7391,171076,flicker
47.7440,170946,flicker
47.7479,7188,flicker
47.7511,171406,flicker
47.7570,171086,flicker
47.7590,171226,flicker
47.7645,712,flicker
47.7686,170697,flicker
47.7719,171233,flicker
47.7755,170722,flicker
47.7808,18,flicker
47.7859,171394,flicker
47.7880,171700,flicker
47.7917,170884,flicker
47.7960,17080,flicker
47.8023,171249,flicker
47.8042,171083,flicker
47.8081,171109,flicker
47.8123,1,flicker
47.8197,171204,flicker
47.8229,171171,flicker
47.8246,171073,flicker
47.8351,171308,flicker
47.8376,171498,flicker
47.8390,171,flicker
47.8410,253,flicker
47.8421,171611,flicker
47.8452,76,flicker
47.8504,171753,flicker
47.8533,171135,flicker
47.8574,170966,flicker
47.8614,171115,flicker
47.8663,170999,flicker
47.8696,170793,flicker
47.8738,171826,flicker
47.8777,171103,flicker
47.8827,171025,flicker
47.8859,170993,flicker
47.8901,171336,flicker
47.8941,171192,flicker
47.8988,170648,flicker
47.9023,170875,flicker
47.9064,170964,flicker
47.9105,171519,flicker
47.9152,171133,flicker
47.9187,171078,flicker
47.9228,171016,flicker
47.9269,171194,flicker
47.9319,171167,flicker
47.9351,171228,flicker
47.9391,171193,flicker
47.9433,170801,flicker
47.9479,171333,flicker
47.9515,170842,flicker
47.9556,171483,flicker
47.9596,170868,flicker
47.9646,171350,flicker
47.9659,170,flicker
47.9678,720,flicker
47.9689,170569,flicker
47.9721,171291,flicker
47.9763,171385,flicker
47.9817,5,flicker
47.9847,171383,flicker
47.9886,171354,flicker
47.9925,170723,flicker
47.9967,71185,flicker
48.0009,170979,flicker
48.0047,170919,flicker
48.0098,170999,flicker
48.0145,79,flicker
48.0181,171027,flicker
48.0215,171184,flicker
48.0252,170737,flicker
48.0305,71077,flicker
48.0336,171124,flicker
48.0381,171281,flicker
48.0422,170815,flicker
48.0458,171073,flicker
48.0498,170846,flicker
48.0538,170519,flicker
48.0579,171167,flicker
48.0621,170780,flicker
48.0661,171209,flicker
48.0702,171220,flicker
48.0743,171206,flicker
48.0785,171422,flicker
48.0829,170719,flicker
48.0866,171137,flicker
48.0907,171434,flicker
48.0919,17,flicker
48.0948,0629,flicker
48.0965,17122,flicker
48.0991,3,flicker
48.0994,170925,flicker
48.1030,171115,flicker
48.1071,171029,flicker
48.1113,171339,flicker
48.1163,170873,flicker
48.1194,170929,flicker
48.1235,171009,flicker
48.1276,170492,flicker
48.1325,170807,flicker
48.1358,171150,flicker
48.1398,170974,flicker
48.1441,171474,flicker
48.1489,171018,flicker
48.1521,171821,flicker
48.1562,170840,flicker
48.1603,170771,flicker
48.1656,171015,flicker
48.1685,171184,flicker
48.1726,170726,flicker
48.1768,171018,flicker
48.1827,701,flicker
48.1859,170671,flicker
48.1901,171134,flicker
48.1936,171343,flicker
48.1976,170930,flicker
48.2013,170968,flicker
48.2054,171083,flicker
48.2095,171467,flicker
48.2144,171212,flicker
48.2177,171349,flicker
48.2189,17,flicker
48.2219,1248,flicker
48.2230,17093,flicker
48.2259,8,flicker
48.2260,170992,flicker
48.2313,13,flicker
48.2350,170994,flicker
48.2383,171251,flicker
48.2425,171107,flicker
48.2478,17154,flicker
48.2521,170903,flicker
48.2558,171085,flicker
48.2588,171216,flicker
48.2630,77,flicker
48.2671,171233,flicker
48.2711,171034,flicker
48.2750,170356,flicker
48.2793,713,flicker
48.2857,171613,flicker
48.2896,171556,flicker
48.2914,171088,flicker
48.2957,796,flicker
48.3019,171318,flicker
48.3058,171380,flicker
48.3078,171222,flicker
48.3136,170761,flicker
48.3163,170650,flicker
48.3201,170536,flicker
48.3242,170926,flicker
48.3284,171245,flicker
48.3327,171323,flicker
48.3365,171092,flicker
48.3405,171273,flicker
48.3447,170848,flicker
48.3460,17,flicker
48.3489,0887,flicker
48.3506,17091,flicker
48.3528,8,flicker
48.3529,170608,flicker
48.3569,171084,flicker
48.3610,171332,flicker
48.3658,171034,flicker
48.3692,171176,flicker
48.3734,171068,flicker
48.3774,170905,flicker
48.3827,170880,flicker
48.3856,170859,flicker
48.3897,170984,flicker
48.3938,171172,flicker
48.3988,170900,flicker
48.4020,170768,flicker
48.4061,170910,flicker
48.4102,170788,flicker
48.4148,171220,flicker
48.4184,171700,flicker
48.4225,171459,flicker
48.4266,171338,flicker
48.4312,170920,flicker
48.4348,170289,flicker
48.4388,170809,flicker
48.4430,171121,flicker
48.4474,170570,flicker
48.4511,170083,flicker
48.4552,170978,flicker
48.4594,171074,flicker
48.4636,7076,flicker
48.4680,170910,flicker
48.4731,171062,flicker
48.4758,171221,flicker
48.4776,1704,flicker
48.4798,4,flicker
48.4813,1,flicker
48.4863,171050,flicker
48.4893,171094,flicker
48.4921,171055,flicker
48.4970,170656,flicker
48.5003,171113,flicker
48.5044,170608,flicker
48.5085,171114,flicker
48.5141,71004,flicker
48.5184,171009,flicker
48.5219,170849,flicker
48.5249,171165,flicker
48.5306,70674,flicker
48.5332,170560,flicker
48.5376,170889,flicker
48.5414,170988,flicker
48.5461,706,flicker
48.5500,170740,flicker
48.5537,170835,flicker
48.5576,170973,flicker
48.5637,704,flicker
48.5664,171175,flicker
48.5699,171216,flicker
48.5740,171047,flicker
48.5782,171236,flicker
48.5826,171249,flicker
48.5863,171556,flicker
48.5904,171012,flicker
48.5945,170848,flicker
48.6003,171112,flicker
48.6013,1,flicker
48.6027,71181,flicker
48.6037,1707,flicker
48.6068,12,flicker
48.6082,171558,flicker
48.6110,170742,flicker
48.6159,170971,flicker
48.6191,170793,flicker
48.6232,170849,flicker
48.6273,170711,flicker
48.6322,170533,flicker
48.6355,171014,flicker
48.6395,170795,flicker
48.6438,171444,flicker
48.6486,170953,flicker
48.6519,171257,flicker
48.6560,171378,flicker
48.6601,171156,flicker
48.6650,170603,flicker
48.6682,170681,flicker
48.6723,170767,flicker
48.6764,171047,flicker
48.6816,170732,flicker
48.6846,171099,flicker
48.6887,170957,flicker
48.6932,170934,flicker
48.6971,02,flicker
48.7019,171170,flicker
48.7054,171947,flicker
48.7092,170995,flicker
48.7144,171023,flicker
48.7174,171167,flicker
48.7215,171004,flicker
48.7262,170657,flicker
48.7277,1,flicker
48.7297,1069,flicker
48.7340,69,flicker
48.7357,170964,flicker
48.7396,170832,flicker
48.7435,170849,flicker
48.7462,71004,flicker
48.7515,171051,flicker
48.7551,171300,flicker
48.7583,171026,flicker
48.7630,170879,flicker
48.7665,171588,flicker
48.7706,171250,flicker
48.7747,171309,flicker
48.7790,4,flicker
48.7844,171326,flicker
48.7873,171104,flicker
48.7911,170780,flicker
48.7954,719,flicker
48.7996,170984,flicker
48.8038,170795,flicker
48.8075,170831,flicker
48.8132,17136,flicker
48.8164,171005,flicker
48.8201,171100,flicker
48.8239,171335,flicker
48.8280,170653,flicker
48.8324,170926,flicker
48.8361,170997,flicker
48.8403,170839,flicker
48.8444,171641,flicker
48.8496,171337,flicker
48.8526,170992,flicker
48.8567,171042,flicker
48.8577,171,flicker
48.8608,146,flicker
48.8620,170830,flicker
48.8653,171254,flicker
48.8689,171172,flicker
48.8730,171197,flicker
48.8772,171079,flicker
48.8819,171449,flicker
48.8853,171470,flicker
48.8894,171046,flicker
48.8935,171475,flicker
48.8980,171336,flicker
48.9017,171286,flicker
48.9058,171237,flicker
48.9099,171278,flicker
48.9146,170962,flicker
48.9181,171058,flicker
48.9222,171150,flicker
48.9264,170794,flicker
48.9308,171604,flicker
48.9350,170909,flicker
48.9387,171486,flicker
48.9426,171212,flicker
48.9471,171294,flicker
48.9509,171233,flicker
48.9550,171628,flicker
48.9590,170754,flicker
48.9632,0,flicker
48.9691,171187,flicker
48.9726,171148,flicker
48.9755,170797,flicker
48.9807,182,flicker
48.9846,171379,flicker
48.9860,17,flicker
48.9886,1205,flicker
48.9904,17065,flicker
48.9919,9,flicker
48.9920,171238,flicker
48.9960,711,flicker
49.0023,170737,flicker
49.0061,171342,flicker
49.0083,171162,flicker
49.0125,069,flicker
49.0201,171293,flicker
49.0233,171146,flicker
49.0246,171399,flicker
49.0297,75,flicker
49.0329,170680,flicker
49.0374,171866,flicker
49.0410,171481,flicker
49.0459,762,flicker
49.0493,170750,flicker
49.0534,171167,flicker
49.0574,171544,flicker
49.0614,171139,flicker
49.0655,170988,flicker
49.0696,171352,flicker
49.0737,171256,flicker
49.0778,171383,flicker
49.0822,171073,flicker
49.0862,170684,flicker
49.0902,171365,flicker
49.0943,171302,flicker
49.0995,171479,flicker
49.1024,171147,flicker
49.1065,171155,flicker
49.1106,171751,flicker
49.1114,17,flicker
49.1159,1198,flicker
49.1169,17142,flicker
49.1188,9,flicker
49.1189,171062,flicker
49.1229,171097,flicker
49.1270,170890,flicker
49.1313,171439,flicker
49.1352,171468,flicker
49.1394,171642,flicker
49.1435,171182,flicker
49.1486,171259,flicker
49.1515,171270,flicker
49.1556,171071,flicker
49.1598,171165,flicker
49.1647,171094,flicker
49.1679,171549,flicker
49.1720,170979,flicker
49.1764,171199,flicker
49.1804,170903,flicker
49.1843,171156,flicker
49.1884,171097,flicker
49.1926,170987,flicker
49.1972,170902,flicker
49.2007,171290,flicker
49.2048,171106,flicker
49.2089,170617,flicker
49.2138,170893,flicker
49.2171,170726,flicker
49.2212,171878,flicker
49.2254,171129,flicker
49.2309,714,flicker
49.2343,171221,flicker
49.2378,171225,flicker
49.2391,17,flicker
49.2417,1310,flicker
49.2429,17116,flicker
49.2473,1139,flicker
49.2506,171049,flicker
49.2547,170957,flicker
49.2580,170767,flicker
49.2634,713,flicker
49.2670,171215,flicker
49.2713,171120,flicker
49.2744,170912,flicker
49.2787,15,flicker
49.2829,171317,flicker
49.2873,171464,flicker
49.2908,171326,flicker
49.2951,18,flicker
49.3001,170878,flicker
49.3037,171061,flicker
49.3072,171019,flicker
49.3115,170984,flicker
49.3156,171418,flicker
49.3195,171163,flicker
49.3236,171065,flicker
49.3277,170706,flicker
49.3321,171323,flicker
49.3358,170972,flicker
49.3399,171532,flicker
49.3441,170956,flicker
49.3490,170922,flicker
49.3523,171154,flicker
49.3563,171175,flicker
49.3604,170982,flicker
49.3654,171154,flicker
49.3666,1,flicker
49.3687,70917,flicker
49.3696,1713,flicker
49.3727,02,flicker
49.3742,171127,flicker
49.3769,171181,flicker
49.3813,171197,flicker
49.3850,171073,flicker
49.3892,171187,flicker
49.3934,170740,flicker
49.3975,7133,flicker
49.4019,170810,flicker
49.4068,170472,flicker
49.4101,171216,flicker
49.4142,170932,flicker
49.4178,171034,flicker
49.4219,170698,flicker
49.4262,170771,flicker
49.4304,171121,flicker
49.4342,171155,flicker
49.4383,170805,flicker
49.4423,170860,flicker
49.4471,171339,flicker
49.4506,171109,flicker
49.4546,171096,flicker
49.4588,171111,flicker
49.4640,171005,flicker
49.4669,171109,flicker
49.4710,171150,flicker
49.4751,171129,flicker
49.4808,1,flicker
49.4842,170790,flicker
49.4878,171325,flicker
49.4915,171238,flicker
49.4925,1,flicker
49.4961,71127,flicker
49.4974,1708,flicker
49.4997,52,flicker
49.5008,171235,flicker
49.5038,170699,flicker
49.5079,170914,flicker
49.5121,772,flicker
49.5166,171204,flicker
49.5208,170554,flicker
49.5247,171477,flicker
49.5307,61,flicker
49.5326,171408,flicker
49.5367,171168,flicker
49.5406,171353,flicker
49.5449,715,flicker
49.5500,171323,flicker
49.5533,171101,flicker
49.5570,171123,flicker
49.5627,1729,flicker
49.5667,171699,flicker
49.5698,170750,flicker
49.5734,171200,flicker
49.5776,171335,flicker
49.5817,170902,flicker
49.5857,170665,flicker
49.5898,171206,flicker
49.5939,171103,flicker
49.5986,170671,flicker
49.6021,170709,flicker
49.6062,171118,flicker
49.6104,171061,flicker
49.6149,171067,flicker
49.6185,171663,flicker
49.6198,1,flicker
49.6226,71301,flicker
49.6238,170,flicker
49.6267,689,flicker
49.6285,170805,flicker
49.6312,170902,flicker
49.6349,170878,flicker
49.6389,170839,flicker
49.6432,170948,flicker
49.6480,171011,flicker
49.6513,171473,flicker
49.6553,171328,flicker
49.6595,171042,flicker
49.6638,171016,flicker
49.6676,170942,flicker
49.6717,171483,flicker
49.6758,170866,flicker
49.6802,171257,flicker
49.6840,170830,flicker
49.6881,171395,flicker
49.6922,171604,flicker
49.6973,171086,flicker
49.7005,170943,flicker
49.7045,171236,flicker
49.7093,171966,flicker
49.7127,71014,flicker
49.7172,171163,flicker
49.7215,170922,flicker
49.7250,171585,flicker
49.7295,170621,flicker
49.7332,171254,flicker
49.7374,171131,flicker
49.7416,171006,flicker
49.7455,171571,flicker
49.7496,170974,flicker
49.7508,171,flicker
49.7537,320,flicker
49.7549,171286,flicker
49.7578,171506,flicker
49.7620,7139,flicker
49.7668,171558,flicker
49.7706,171533,flicker
49.7742,170949,flicker
49.7783,7133,flicker
49.7833,170842,flicker
49.7865,171030,flicker
49.7919,170999,flicker
49.7961,17148,flicker
49.8004,171390,flicker
49.8036,171075,flicker
49.8080,171721,flicker
49.8114,1747,flicker
49.8173,171177,flicker
49.8199,171000,flicker
49.8242,171307,flicker
49.8275,171632,flicker
49.8318,171081,flicker
49.8356,171841,flicker
49.8397,171717,flicker
49.8439,171889,flicker
49.8483,171065,flicker
49.8520,171303,flicker
49.8560,171051,flicker
49.8602,171155,flicker
49.8648,171304,flicker
49.8684,170763,flicker
49.8725,170970,flicker
49.8766,171191,flicker
49.8781,171,flicker
49.8808,514,flicker
49.8819,171114,flicker
49.8848,171265,flicker
49.8888,171357,flicker
49.8929,171517,flicker
49.8973,171531,flicker
49.9011,171230,flicker
49.9052,170999,flicker
49.9094,171457,flicker
49.9142,171378,flicker
49.9175,171452,flicker
49.9216,171157,flicker
49.9256,171611,flicker
49.9301,171019,flicker
49.9339,170993,flicker
49.9380,171637,flicker
49.9420,171264,flicker
49.9470,171173,flicker
49.9503,170524,flicker
49.9543,171375,flicker
49.9584,171257,flicker
49.9635,171128,flicker
49.9666,171334,flicker
49.9707,171365,flicker
49.9749,171263,flicker
49.9795,171121,flicker
49.9830,171019,flicker
49.9872,171488,flicker
49.9913,171718,flicker
49.9968,7146,flicker
50.0002,171270,flicker
50.0045,171164,flicker
50.0064,170,flicker
50.0076,684,flicker
50.0086,170918,flicker
50.0132,117,flicker
50.0170,171057,flicker
50.0201,171470,flicker
50.0240,170685,flicker
50.0282,14,flicker
50.0322,171309,flicker
50.0372,171516,flicker
50.0407,170644,flicker
50.0446,91,flicker
50.0497,170772,flicker
50.0533,171425,flicker
50.0567,171483,flicker
50.0611,170916,flicker
50.0652,171031,flicker
50.0690,170989,flicker
50.0731,171265,flicker
50.0773,170992,flicker
50.0817,171019,flicker
50.0854,171505,flicker
50.0895,171030,flicker
50.0936,171184,flicker
50.0986,170981,flicker
50.1019,171160,flicker
50.1059,171377,flicker
50.1100,171179,flicker
50.1147,171309,flicker
50.1182,171524,flicker
50.1223,171440,flicker
50.1264,170570,flicker
50.1309,171000,flicker
50.1324,17,flicker
50.1346,1522,flicker
50.1357,17119,flicker
50.1387,5,flicker
50.1387,171571,flicker
50.1429,171504,flicker
50.1480,171468,flicker
50.1509,171140,flicker
50.1550,171152,flicker
50.1591,170703,flicker
50.1638,171441,flicker
50.1673,170957,flicker
50.1714,171072,flicker
50.1755,170997,flicker
50.1800,171423,flicker
50.1837,171208,flicker
50.1878,171464,flicker
50.1919,171338,flicker
50.1965,171334,flicker
50.2001,170950,flicker
50.2042,171087,flicker
50.2083,171305,flicker
50.2125,7123,flicker
50.2174,170920,flicker
50.2210,171512,flicker
50.2247,171190,flicker
50.2305,7133,flicker
50.2333,171080,flicker
50.2369,170636,flicker
50.2411,171613,flicker
50.2466,71012,flicker
50.2502,171547,flicker
50.2533,170906,flicker
50.2574,170981,flicker
50.2586,17,flicker
50.2617,94,flicker
50.2632,1,flicker
50.2665,171220,flicker
50.2705,171199,flicker
50.2738,171155,flicker
50.2790,70,flicker
50.2825,171653,flicker
50.2861,171411,flicker
50.2902,171229,flicker
50.2956,708,flicker
50.2985,171058,flicker
50.3025,170675,flicker
50.3066,171009,flicker
50.3122,171,flicker
50.3154,171328,flicker
50.3198,170423,flicker
50.3230,170685,flicker
50.3272,171122,flicker
50.3315,171235,flicker
50.3353,170953,flicker
50.3393,170849,flicker
50.3435,170990,flicker
50.3479,171185,flicker
50.3516,170927,flicker
50.3557,171499,flicker
50.3598,170931,flicker
50.3645,170927,flicker
50.3680,170750,flicker
50.3721,170984,flicker
50.3762,171055,flicker
50.3809,170937,flicker
50.3844,171295,flicker
50.3858,17,flicker
50.3885,1023,flicker
50.3895,1709,flicker
50.3926,74,flicker
50.3940,171171,flicker
50.3974,171412,flicker
50.4008,171028,flicker
50.4050,171135,flicker
50.4092,171085,flicker
50.4136,171085,flicker
50.4171,171579,flicker
50.4213,171171,flicker
50.4254,171209,flicker
50.4296,7108,flicker
50.4340,170975,flicker
50.4384,171263,flicker
50.4417,171481,flicker
50.4462,171712,flicker
50.4499,171228,flicker
50.4540,171431,flicker
50.4582,171470,flicker
50.4628,171574,flicker
50.4663,171094,flicker
50.4704,170922,flicker
50.4746,171207,flicker
50.4787,708,flicker
50.4835,170933,flicker
50.4873,171089,flicker
50.4909,171776,flicker
50.4962,74,flicker
50.4995,171317,flicker
50.5032,171246,flicker
50.5073,171505,flicker
50.5128,7118,flicker
50.5158,1134,flicker
50.5172,1712,flicker
50.5203,45,flicker
50.5217,171264,flicker
50.5237,171146,flicker
50.5293,176,flicker
50.5332,171208,flicker
50.5362,171379,flicker
50.5400,170973,flicker
50.5443,7156,flicker
50.5489,170977,flicker
50.5533,170909,flicker
50.5564,171359,flicker
50.5615,17105,flicker
50.5653,170783,flicker
50.5693,170942,flicker
50.5728,170844,flicker
50.5770,171495,flicker
50.5814,170858,flicker
50.5851,171272,flicker
50.5892,170979,flicker
50.5933,171093,flicker
50.5980,171593,flicker
50.6015,171457,flicker
50.6056,170880,flicker
50.6097,171404,flicker
50.6148,171256,flicker
50.6179,170926,flicker
50.6219,170810,flicker
50.6262,171463,flicker
50.6308,171111,flicker
50.6343,170834,flicker
50.6384,171628,flicker
50.6398,1,flicker
50.6425,70903,flicker
50.6436,1715,flicker
50.6471,50,flicker
50.6484,171236,flicker
50.6507,171459,flicker
50.6547,170842,flicker
50.6588,171064,flicker
50.6632,170975,flicker
50.6670,170939,flicker
50.6711,171107,flicker
50.6754,170870,flicker
50.6795,170837,flicker
50.6834,171302,flicker
50.6875,170771,flicker
50.6916,171419,flicker
50.6962,170965,flicker
50.6997,170730,flicker
50.7039,171435,flicker
50.7080,170610,flicker
50.7122,719,flicker
50.7174,170982,flicker
50.7207,171084,flicker
50.7244,171278,flicker
50.7290,171240,flicker
50.7326,171230,flicker
50.7371,170557,flicker
50.7408,170980,flicker
50.7450,76,flicker
50.7501,171170,flicker
50.7535,170594,flicker
50.7573,170902,flicker
50.7627,7103,flicker
50.7657,171322,flicker
50.7663,1,flicker
50.7704,71322,flicker
50.7715,171,flicker
50.7735,774,flicker
50.7745,171362,flicker
50.7795,76,flicker
50.7827,171869,flicker
50.7867,171089,flicker
50.7899,171216,flicker
50.7941,70707,flicker
50.7985,171059,flicker
50.8026,171397,flicker
50.8066,170847,flicker
50.8127,1736,flicker
50.8156,171221,flicker
50.8193,171018,flicker
50.8227,171131,flicker
50.8268,170934,flicker
50.8321,171236,flicker
50.8350,171259,flicker
50.8390,170829,flicker
50.8433,171193,flicker
50.8480,171265,flicker
50.8513,171310,flicker
50.8554,171175,flicker
50.8596,170926,flicker
50.8644,171079,flicker
50.8677,171337,flicker
50.8718,170955,flicker
50.8759,171440,flicker
50.8809,170977,flicker
50.8841,170887,flicker
50.8882,170743,flicker
50.8925,170615,flicker
50.8977,170790,flicker
50.8991,171,flicker
50.9005,344,flicker
50.9021,170938,flicker
50.9046,170736,flicker
50.9087,171429,flicker
50.9129,170969,flicker
50.9169,171644,flicker
50.9210,171419,flicker
50.9252,171103,flicker
50.9301,171452,flicker
50.9333,171231,flicker
50.9374,170808,flicker
50.9423,170834,flicker
50.9471,1,flicker
50.9507,171408,flicker
50.9538,171491,flicker
50.9579,171342,flicker
50.9621,7096,flicker
50.9689,171009,flicker
50.9721,171242,flicker
50.9744,171499,flicker
50.9793,171632,flicker
50.9825,170627,flicker
50.9866,170595,flicker
50.9906,170913,flicker
50.9969,171420,flicker
50.9988,171519,flicker
51.0029,171434,flicker
51.0069,171167,flicker
51.0128,70,flicker
51.0176,171334,flicker
51.0199,171263,flicker
51.0234,170961,flicker
51.0251,171,flicker
51.0277,441,flicker
51.0286,7,flicker
51.0351,171402,flicker
51.0356,170800,flicker
51.0397,171205,flicker
51.0448,709,flicker
51.0510,171431,flicker
51.0520,171339,flicker
51.0561,170404,flicker
51.0606,1710,flicker
51.0665,170967,flicker
51.0703,170850,flicker
51.0725,171636,flicker
51.0783,171113,flicker
51.0807,171713,flicker
51.0848,171062,flicker
51.0890,171231,flicker
51.0930,171214,flicker
51.0974,171273,flicker
51.1013,171207,flicker
51.1053,171060,flicker
51.1094,171116,flicker
51.1147,171714,flicker
51.1179,171235,flicker
51.1218,171128,flicker
51.1257,171294,flicker
51.1300,171414,flicker
51.1342,171531,flicker
51.1381,171575,flicker
51.1422,171234,flicker
51.1475,171319,flicker
51.1503,171201,flicker
51.1514,17,flicker
51.1544,1316,flicker
51.1560,17092,flicker
51.1585,2,flicker
51.1586,171011,flicker
51.1629,171210,flicker
51.1670,170700,flicker
51.1708,171421,flicker
51.1749,171663,flicker
51.1792,171263,flicker
51.1831,171706,flicker
51.1872,171059,flicker
51.1913,170988,flicker
51.1961,171327,flicker
51.1995,170974,flicker
51.2035,171020,flicker
51.2077,171207,flicker
51.2123,170907,flicker
51.2167,171236,flicker
51.2202,171173,flicker
51.2241,170943,flicker
51.2289,170870,flicker
51.2332,170494,flicker
51.2364,170479,flicker
51.2405,171269,flicker
51.2456,70876,flicker
51.2495,171228,flicker
51.2533,170949,flicker
51.2573,171404,flicker
51.2626,17,flicker
51.2661,171533,flicker
51.2701,170860,flicker
51.2732,170277,flicker
51.2774,7139,flicker
51.2821,1101,flicker
51.2840,17108,flicker
51.2855,8,flicker
51.2870,171160,flicker
51.2896,170995,flicker
51.2939,171086,flicker
51.2981,170675,flicker
51.3019,170658,flicker
51.3060,171084,flicker
51.3102,171286,flicker
51.3146,170975,flicker
51.3183,171367,flicker
51.3224,170737,flicker
51.3265,170841,flicker
51.3315,170703,flicker
51.3347,171182,flicker
51.3388,170960,flicker
51.3429,171177,flicker
51.3470,170978,flicker
51.3521,171079,flicker
51.3552,170738,flicker
51.3593,171241,flicker
51.3640,170910,flicker
51.3674,170727,flicker
51.3715,170969,flicker
51.3756,171058,flicker
51.3800,171508,flicker
51.3838,170939,flicker
51.3880,171327,flicker
51.3921,170679,flicker
51.3969,171323,flicker
51.4003,171124,flicker
51.4044,171085,flicker
51.4055,1,flicker
51.4084,70957,flicker
51.4094,1710,flicker
51.4130,37,flicker
51.4155,171233,flicker
51.4166,171432,flicker
51.4206,170980,flicker
51.4255,171015,flicker
51.4294,171160,flicker
51.4332,171171,flicker
51.4371,171219,flicker
51.4411,170544,flicker
51.4475,171375,flicker
51.4493,171334,flicker
51.4534,171225,flicker
51.4575,171306,flicker
51.4618,79,flicker
51.4686,171280,flicker
51.4727,171193,flicker
51.4739,171063,flicker
51.4786,170989,flicker
51.4829,171289,flicker
51.4864,170851,flicker
51.4903,170985,flicker
51.4946,756,flicker
51.4990,171640,flicker
51.5040,171000,flicker
51.5083,171552,flicker
51.5132,2,flicker
51.5158,171253,flicker
51.5190,170410,flicker
51.5230,171123,flicker
51.5285,1,flicker
51.5315,170432,flicker
51.5330,1,flicker
51.5360,71176,flicker
51.5384,1709,flicker
51.5396,71,flicker
51.5411,170943,flicker
51.5442,170990,flicker
51.5479,171396,flicker
51.5521,171076,flicker
51.5558,171015,flicker
51.5603,112,flicker
51.5648,171233,flicker
51.5691,170751,flicker
51.5723,171190,flicker
51.5772,171216,flicker
51.5811,170868,flicker
51.5850,170801,flicker
51.5886,170769,flicker
51.5928,171660,flicker
51.5977,171045,flicker
51.6010,171657,flicker
51.6050,170992,flicker
51.6091,170914,flicker
51.6135,171436,flicker
51.6176,171366,flicker
51.6221,171893,flicker
51.6254,170783,flicker
51.6300,171209,flicker
51.6336,171219,flicker
51.6378,170975,flicker
51.6419,171229,flicker
51.6464,170795,flicker
51.6509,170744,flicker
51.6544,170957,flicker
51.6583,171011,flicker
51.6594,1,flicker
51.6627,71886,flicker
51.6639,1713,flicker
51.6664,23,flicker
51.6680,170914,flicker
51.6705,171291,flicker
51.6746,171043,flicker
51.6799,171201,flicker
51.6828,171234,flicker
51.6869,171250,flicker
51.6910,171513,flicker
51.6964,170922,flicker
51.6992,171045,flicker
51.7033,171165,flicker
51.7074,171122,flicker
51.7119,170802,flicker
51.7156,170975,flicker
51.7196,170800,flicker
51.7238,170484,flicker
51.7297,171330,flicker
51.7319,171326,flicker
51.7360,170877,flicker
51.7401,171588,flicker
51.7443,71498,flicker
51.7503,171277,flicker
51.7531,170643,flicker
51.7566,171300,flicker
51.7625,7129,flicker
51.7648,171435,flicker
51.7688,170983,flicker
51.7729,171006,flicker
51.7785,7086,flicker
51.7825,171168,flicker
51.7857,170977,flicker
51.7895,170849,flicker
51.7907,170,flicker
51.7935,811,flicker
51.7945,170909,flicker
51.7975,171288,flicker
51.8016,170903,flicker
51.8057,171490,flicker
51.8098,170980,flicker
51.8145,170661,flicker
51.8180,171864,flicker
51.8221,170733,flicker
51.8275,710,flicker
51.8307,171162,flicker
51.8350,171526,flicker
51.8385,171350,flicker
51.8438,170779,flicker
51.8466,171365,flicker
51.8507,171467,flicker
51.8548,171163,flicker
51.8591,262,flicker
51.8635,171185,flicker
51.8674,170830,flicker
51.8721,171280,flicker
51.8761,171255,flicker
51.8796,714,flicker
51.8840,170881,flicker
51.8885,170714,flicker
51.8932,170858,flicker
51.8959,170648,flicker
51.9008,170777,flicker
51.9040,171008,flicker
51.9096,170923,flicker
51.9122,170773,flicker
51.9163,170722,flicker
51.9175,171,flicker
51.9204,017,flicker
51.9214,170549,flicker
51.9245,170711,flicker
51.9289,170660,flicker
51.9329,171423,flicker
51.9371,171184,flicker
51.9408,171514,flicker
51.9455,171367,flicker
51.9495,171430,flicker
51.9543,171239,flicker
51.9572,170987,flicker
51.9620,170904,flicker
51.9659,170912,flicker
51.9695,171542,flicker
51.9739,171201,flicker
51.9788,704,flicker
51.9822,171110,flicker
51.9872,171078,flicker
51.9910,170965,flicker
51.9942,7104,flicker
51.9989,171211,flicker
52.0034,171309,flicker
52.0064,171355,flicker
52.0106,759,flicker
52.0166,171324,flicker
52.0197,171373,flicker
52.0251,171076,flicker
52.0269,171278,flicker
52.0315,171133,flicker
52.0350,171212,flicker
52.0391,171086,flicker
52.0448,71080171,flicker
52.0481,036,flicker
52.0502,17119,flicker
52.0521,0,flicker
52.0525,170872,flicker
52.0555,171294,flicker
52.0599,171071,flicker
52.0638,170628,flicker
52.0678,170963,flicker
52.0719,171261,flicker
52.0760,170889,flicker
52.0809,171013,flicker
52.0842,170739,flicker
52.0883,170958,flicker
52.0924,171213,flicker
52.0968,170978,flicker
52.1006,170803,flicker
52.1046,171041,flicker
52.1089,170820,flicker
52.1135,171045,flicker
52.1169,171097,flicker
52.1210,171507,flicker
52.1252,171122,flicker
52.1303,170853,flicker
52.1334,170812,flicker
52.1374,170707,flicker
52.1417,171141,flicker
52.1458,171538,flicker
52.1497,171510,flicker
52.1538,171410,flicker
52.1581,170897,flicker
52.1625,170797,flicker
52.1661,171193,flicker
52.1702,171078,flicker
52.1714,17,flicker
52.1743,0772,flicker
52.1752,17157,flicker
52.1792,2,flicker
52.1799,171311,flicker
52.1825,170562,flicker
52.1866,171426,flicker
52.1907,171202,flicker
52.1953,171087,flicker
52.1989,171159,flicker
52.2030,170901,flicker
52.2070,170597,flicker
52.2114,170903,flicker
52.2153,170809,flicker
52.2194,171061,flicker
52.2236,170887,flicker
52.2276,71301,flicker
52.2338,171610,flicker
52.2362,170746,flicker
52.2399,171118,flicker
52.2439,71655,flicker
52.2488,170965,flicker
52.2532,171403,flicker
52.2563,170970,flicker
52.2621,72,flicker
52.2647,171168,flicker
52.2689,170834,flicker
52.2726,170770,flicker
52.2767,71535,flicker
52.2815,171286,flicker
52.2860,171614,flicker
52.2890,171193,flicker
52.2943,7125,flicker
52.2982,171110,flicker
52.2995,17,flicker
52.3015,0802,flicker
52.3033,17068,flicker
52.3054,0,flicker
52.3055,170729,flicker
52.3095,170713,flicker
52.3144,171007,flicker
52.3176,170986,flicker
52.3217,171057,flicker
52.3259,171498,flicker
52.3301,170967,flicker
52.3340,171271,flicker
52.3381,171208,flicker
52.3422,170765,flicker
52.3464,170935,flicker
52.3504,171745,flicker
52.3545,171081,flicker
52.3587,170581,flicker
52.3633,170987,flicker
52.3668,171290,flicker
52.3709,171506,flicker
52.3752,171289,flicker
52.3794,171115,flicker
52.3832,171531,flicker
52.3873,170970,flicker
52.3916,170893,flicker
52.3959,170681,flicker
52.3996,170965,flicker
52.4037,171523,flicker
52.4078,171494,flicker
52.4122,171367,flicker
52.4160,170985,flicker
52.4200,171075,flicker
52.4244,171014,flicker
52.4259,17,flicker
52.4290,0859,flicker
52.4304,17123,flicker
52.4323,0,flicker
52.4324,171461,flicker
52.4364,171245,flicker
52.4406,171219,flicker
52.4451,171438,flicker
52.4488,171141,flicker
52.4529,170979,flicker
52.4569,170670,flicker
52.4615,171009,flicker
52.4652,171084,flicker
52.4693,170682,flicker
52.4733,171538,flicker
52.4783,171237,flicker
52.4815,171080,flicker
52.4856,171220,flicker
52.4897,171388,flicker
52.4951,7089,flicker
52.4987,171438,flicker
52.5029,171115,flicker
52.5061,170946,flicker
52.5103,12,flicker
52.5153,171449,flicker
52.5186,171225,flicker
52.5230,170918,flicker
52.5267,704,flicker
52.5336,171372,flicker
52.5374,171342,flicker
52.5388,170764,flicker
52.5445,9,flicker
52.5475,171221,flicker
52.5525,170641,flicker
52.5540,1,flicker
52.5553,70787,flicker
52.5571,1709,flicker
52.5593,51,flicker
52.5605,4,flicker
52.5638,170728,flicker
52.5676,170797,flicker
52.5716,170871,flicker
52.5757,170818,flicker
52.5798,170938,flicker
52.5839,170803,flicker
52.5880,171024,flicker
52.5921,171146,flicker
52.5969,171418,flicker
52.6003,170768,flicker
52.6043,171173,flicker
52.6085,171171,flicker
52.6140,171629,flicker
52.6167,170912,flicker
52.6207,170855,flicker
52.6248,171032,flicker
52.6303,170701,flicker
52.6330,170615,flicker
52.6371,170951,flicker
52.6413,170984,flicker
52.6456,171320,flicker
52.6494,170618,flicker
52.6535,171173,flicker
52.6576,170878,flicker
52.6621,171225,flicker
52.6658,170837,flicker
52.6699,171154,flicker
52.6741,171119,flicker
52.6787,170893,flicker
52.6801,1,flicker
52.6822,71110,flicker
52.6831,1709,flicker
52.6863,40,flicker
52.6877,170817,flicker
52.6904,170759,flicker
52.6949,170978,flicker
52.6986,170889,flicker
52.7027,171140,flicker
52.7067,170935,flicker
52.7116,171494,flicker
52.7150,170722,flicker
52.7190,171162,flicker
52.7232,171289,flicker
52.7274,180,flicker
52.7320,171043,flicker
52.7362,170963,flicker
52.7396,170574,flicker
52.7447,70641,flicker
52.7510,171101,flicker
52.7533,171154,flicker
52.7566,171352,flicker
52.7601,171212,flicker
52.7646,170710,flicker
52.7682,171382,flicker
52.7724,170939,flicker
52.7764,171000,flicker
52.7812,171264,flicker
52.7846,171149,flicker
52.7887,171278,flicker
52.7942,7915,flicker
52.7982,171110,flicker
52.8011,170774,flicker
52.8051,171059,flicker
52.8062,1,flicker
52.8094,22,flicker
52.8108,7,flicker
52.8136,99,flicker
52.8159,171081,flicker
52.8176,171186,flicker
52.8219,171021,flicker
52.8256,170735,flicker
52.8304,170704,flicker
52.8337,170781,flicker
52.8378,170998,flicker
52.8420,170887,flicker
52.8460,170982,flicker
52.8501,171545,flicker
52.8542,171191,flicker
52.8585,171679,flicker
52.8631,171215,flicker
52.8665,171539,flicker
52.8707,171453,flicker
52.8748,170961,flicker
52.8792,170879,flicker
52.8830,171446,flicker
52.8871,171660,flicker
52.8911,171340,flicker
52.8954,171535,flicker
52.8993,171067,flicker
52.9033,171271,flicker
52.9075,171138,flicker
52.9119,171158,flicker
52.9161,171171,flicker
52.9197,170971,flicker
52.9238,171167,flicker
52.9288,171172,flicker
52.9320,171277,flicker
52.9361,171422,flicker
52.9372,170,flicker
52.9403,941,flicker
52.9416,170824,flicker
52.9453,170735,flicker
52.9484,170766,flicker
52.9525,171490,flicker
52.9567,170985,flicker
52.9612,171300,flicker
52.9648,170666,flicker
52.9689,171098,flicker
52.9731,170918,flicker
52.9775,171307,flicker
52.9812,171303,flicker
52.9853,171464,flicker
52.9894,171198,flicker
52.9947,707,flicker
52.9982,171387,flicker
53.0017,171126,flicker
53.0058,171433,flicker
53.0112,71182,flicker
53.0140,171425,flicker
53.0181,171215,flicker
53.0221,171228,flicker
53.0264,71200,flicker
53.0306,171157,flicker
53.0353,171473,flicker
53.0385,170797,flicker
53.0428,791,flicker
53.0476,170894,flicker
53.0508,171202,flicker
53.0549,170563,flicker
53.0592,1711,flicker
53.0633,171271,flicker
53.0647,170,flicker
53.0677,712,flicker
53.0704,171286,flicker
53.0713,171233,flicker
53.0754,171380,flicker
53.0800,171506,flicker
53.0836,171044,flicker
53.0877,171120,flicker
53.0918,171058,flicker
53.0963,170685,flicker
53.1000,171526,flicker
53.1041,170685,flicker
53.1082,171297,flicker
53.1128,171420,flicker
53.1163,170568,flicker
53.1204,170888,flicker
53.1246,170634,flicker
53.1293,170950,flicker
53.1327,171378,flicker
53.1368,171353,flicker
53.1411,171063,flicker
53.1454,171102,flicker
53.1491,170633,flicker
53.1532,170935,flicker
53.1573,171378,flicker
53.1626,170691,flicker
53.1655,170592,flicker
53.1696,170912,flicker
53.1737,171054,flicker
53.1789,171538,flicker
53.1819,171043,flicker
53.1860,171081,flicker
53.1901,170974,flicker
53.1915,17,flicker
53.1945,1557,flicker
53.1959,17088,flicker
53.1983,6,flicker
53.1984,170630,flicker
53.2023,171178,flicker
53.2065,170663,flicker
53.2109,170916,flicker
53.2146,171177,flicker
53.2187,170992,flicker
53.2228,170790,flicker
53.2274,171152,flicker
53.2310,171337,flicker
53.2351,170682,flicker
53.2392,170974,flicker
53.2448,7195,flicker
53.2477,170794,flicker
53.2524,171064,flicker
53.2556,171247,flicker
53.2599,171220,flicker
53.2638,171487,flicker
53.2679,170860,flicker
53.2720,171564,flicker
53.2776,734,flicker
53.2807,171930,flicker
53.2843,171328,flicker
53.2884,171438,flicker
53.2927,725,flicker
53.2976,171220,flicker
53.3007,171442,flicker
53.3047,170959,flicker
53.3104,176,flicker
53.3136,171150,flicker
53.3170,170742,flicker
53.3186,17,flicker
53.3211,1075,flicker
53.3224,1713,flicker
53.3253,80,flicker
53.3267,171017,flicker
53.3306,171263,flicker
53.3334,171224,flicker
53.3375,171529,flicker
53.3417,171217,flicker
53.3462,171159,flicker
53.3498,171384,flicker
53.3539,171124,flicker
53.3580,171173,flicker
53.3627,171725,flicker
53.3662,170883,flicker
53.3703,171040,flicker
53.3744,170285,flicker
53.3787,171378,flicker
53.3826,171219,flicker
53.3867,171322,flicker
53.3910,171075,flicker
53.3961,171595,flicker
53.3989,171001,flicker
53.4030,171158,flicker
53.4073,171464,flicker
53.4122,170857,flicker
53.4154,170855,flicker
53.4194,171239,flicker
53.4235,171776,flicker
53.4277,70963,flicker
53.4324,171333,flicker
53.4362,170811,flicker
53.4402,170913,flicker
53.4445,170749,flicker
53.4456,1,flicker
53.4481,71015,flicker
53.4495,1711,flicker
53.4524,45,flicker
53.4540,171189,flicker
53.4563,171185,flicker
53.4609,726,flicker
53.4650,170866,flicker
53.4691,171381,flicker
53.4727,170988,flicker
53.4784,792,flicker
53.4816,170965,flicker
53.4851,171339,flicker
53.4891,171140,flicker
53.4945,704,flicker
53.4975,171211,flicker
53.5013,171280,flicker
53.5055,171375,flicker
53.5107,17140,flicker
53.5141,171043,flicker
53.5179,171127,flicker
53.5218,170505,flicker
53.5270,170722,flicker
53.5300,171498,flicker
53.5341,171248,flicker
53.5382,171372,flicker
53.5425,711,flicker
53.5467,171403,flicker
53.5513,171113,flicker
53.5546,170963,flicker
53.5593,1408,flicker
53.5638,171014,flicker
53.5670,171093,flicker
53.5710,170900,flicker
53.5724,1,flicker
53.5752,71180,flicker
53.5769,1714,flicker
53.5795,90,flicker
53.5814,171265,flicker
53.5833,170881,flicker
53.5874,171155,flicker
53.5915,171058,flicker
53.5960,171097,flicker
53.5997,171067,flicker
53.6037,171111,flicker
53.6079,170969,flicker
53.6128,171334,flicker
53.6160,171019,flicker
53.6201,170550,flicker
53.6243,171025,flicker
53.6288,171248,flicker
53.6324,170922,flicker
53.6365,170619,flicker
53.6408,171247,flicker
53.6452,170552,flicker
53.6488,170470,flicker
53.6529,170627,flicker
53.6570,171295,flicker
53.6612,171022,flicker
53.6652,171080,flicker
53.6693,171037,flicker
53.6735,171179,flicker
53.6775,171089,flicker
53.6816,171143,flicker
53.6857,170756,flicker
53.6898,171202,flicker
53.6943,171290,flicker
53.6984,170942,flicker
53.6992,1,flicker
53.7021,71520,flicker
53.7031,171,flicker
53.7062,214,flicker
53.7076,171216,flicker
53.7108,171504,flicker
53.7144,171094,flicker
53.7184,171126,flicker
53.7225,171034,flicker
53.7268,7127,flicker
53.7313,171394,flicker
53.7351,171045,flicker
53.7390,171147,flicker
53.7443,7141,flicker
53.7475,170845,flicker
53.7512,171018,flicker
53.7553,171084,flicker
53.7611,2,flicker
53.7641,171509,flicker
53.7682,171246,flicker
53.7717,171707,flicker
53.7759,7,flicker
53.7801,171118,flicker
53.7846,170976,flicker
53.7881,171218,flicker
53.7935,19,flicker
53.7975,170865,flicker
53.8011,171189,flicker
53.8045,171560,flicker
53.8087,171123,flicker
53.8133,171084,flicker
53.8167,171448,flicker
53.8208,171212,flicker
53.8250,171299,flicker
53.8300,171833,flicker
53.8317,170,flicker
53.8331,800,flicker
53.8346,171219,flicker
53.8373,171186,flicker
53.8414,171060,flicker
53.8462,170946,flicker
53.8495,170329,flicker
53.8536,170968,flicker
53.8577,170562,flicker
53.8618,171372,flicker
53.8666,171179,flicker
53.8700,171052,flicker
53.8741,170896,flicker
53.8792,171319,flicker
53.8823,171241,flicker
53.8864,171392,flicker
53.8906,171034,flicker
53.8958,170990,flicker
53.8987,171131,flicker
53.9027,171789,flicker
53.9068,171195,flicker
53.9123,171204,flicker
53.9150,171352,flicker
53.9191,171128,flicker
53.9234,170843,flicker
53.9275,171224,flicker
53.9314,171330,flicker
53.9355,170878,flicker
53.9399,170949,flicker
53.9443,171513,flicker
53.9478,171648,flicker
53.9519,171693,flicker
53.9560,171384,flicker
53.9575,17,flicker
53.9604,0610,flicker
53.9619,17066,flicker
53.9642,4,flicker
53.9643,171156,flicker
53.9683,171074,flicker
53.9724,171582,flicker
53.9767,171122,flicker
53.9806,171224,flicker
53.9847,171321,flicker
53.9888,171826,flicker
53.9929,71306,flicker
53.9970,171228,flicker
54.0028,171815,flicker
54.0052,171466,flicker
54.0095,6,flicker
54.0138,171255,flicker
54.0181,171172,flicker
54.0221,171297,flicker
54.0312,171034,flicker
54.0357,170918,flicker
54.0379,171624,flicker
54.0421,783,flicker
54.0463,171504,flicker
54.0507,170996,flicker
54.0543,171168,flicker
54.0602,7143,flicker
54.0640,170866,flicker
54.0668,171438,flicker
54.0707,171043,flicker
54.0751,171284,flicker
54.0794,171417,flicker
54.0830,171135,flicker
54.0840,17,flicker
54.0871,0834,flicker
54.0885,17076,flicker
54.0912,7,flicker
54.0913,171508,flicker
54.0958,170926,flicker
54.0994,171048,flicker
54.1035,171280,flicker
54.1077,171712,flicker
54.1117,171084,flicker
54.1157,171385,flicker
54.1198,171043,flicker
54.1240,170924,flicker
54.1285,171066,flicker
54.1321,170985,flicker
54.1362,171589,flicker
54.1404,171229,flicker
54.1453,171387,flicker
54.1485,171008,flicker
54.1526,171277,flicker
54.1568,171559,flicker
54.1611,171051,flicker
54.1649,171147,flicker
54.1690,171293,flicker
54.1731,171106,flicker
54.1777,171196,flicker
54.1813,171429,flicker
54.1853,171175,flicker
54.1895,171761,flicker
54.1943,171146,flicker
54.1976,171127,flicker
54.2017,171022,flicker
54.2059,171210,flicker
54.2113,171714,flicker
54.2127,17,flicker
54.2140,1290,flicker
54.2150,17084,flicker
54.2181,7,flicker
54.2182,170915,flicker
54.2223,171270,flicker
54.2269,171237,flicker
54.2304,171183,flicker
54.2345,171115,flicker
54.2386,170971,flicker
54.2437,709,flicker
54.2469,170697,flicker
54.2511,171191,flicker
54.2560,171435,flicker
54.2592,706,flicker
54.2636,171720,flicker
54.2683,171640,flicker
54.2715,170823,flicker
54.2756,702,flicker
54.2803,171198,flicker
54.2841,170816,flicker
54.2885,170918,flicker
54.2919,171072,flicker
54.2966,171369,flicker
54.3000,170492,flicker
54.3041,170869,flicker
54.3084,17134,flicker
54.3134,171408,flicker
54.3169,171776,flicker
54.3205,171043,flicker
54.3247,170726,flicker
54.3290,171121,flicker
54.3328,171620,flicker
54.3369,170764,flicker
54.3384,17,flicker
54.3410,1239,flicker
54.3420,1713,flicker
54.3453,19,flicker
54.3467,171204,flicker
54.3492,170479,flicker
54.3533,171027,flicker
54.3575,171125,flicker
54.3618,170821,flicker
54.3656,171208,flicker
54.3697,171109,flicker
54.3738,170994,flicker
54.3782,171138,flicker
54.3820,171126,flicker
54.3861,170717,flicker
54.3903,170843,flicker
54.3947,171228,flicker
54.3983,171271,flicker
54.4024,170609,flicker
54.4065,171009,flicker
54.4115,171390,flicker
54.4147,171178,flicker
54.4188,171037,flicker
54.4235,171118,flicker
54.4272,170786,flicker
54.4312,171071,flicker
54.4354,170871,flicker
54.4393,170863,flicker
54.4446,170835,flicker
54.4475,170809,flicker
54.4516,171421,flicker
54.4563,171881,flicker
54.4602,171012,flicker
54.4640,171172,flicker
54.4650,1,flicker
54.4681,71098,flicker
54.4695,1709,flicker
54.4721,06,flicker
54.4735,171364,flicker
54.4773,171354,flicker
54.4808,171018,flicker
54.4844,170858,flicker
54.4886,171176,flicker
54.4930,170710,flicker
54.4967,171010,flicker
54.5008,171235,flicker
54.5049,170816,flicker
54.5111,171027,flicker
54.5130,171002,flicker
54.5171,170671,flicker
54.5214,171070,flicker
54.5295,171265,flicker
54.5336,170896,flicker
54.5377,170768,flicker
54.5433,7091,flicker
54.5461,170566,flicker
54.5499,170857,flicker
54.5541,170909,flicker
54.5609,171137,rest
54.5634,170903,rest
54.5663,171520,rest
54.5703,170707,rest
54.5746,171056,rest
54.5787,171056,rest
54.5828,170366,rest
54.5868,171030,rest
54.5909,171101,rest
54.5925,1,rest
54.5953,71037,rest
54.5963,1713,rest
54.5991,44,rest
54.6001,171067,rest
54.6032,171473,rest
54.6074,171074,rest
54.6114,171725,rest
54.6154,171132,rest
54.6195,171105,rest
54.6237,171119,rest
54.6288,170782,rest
54.6318,170238,rest
54.6359,170652,rest
54.6401,171024,rest
54.6448,171007,rest
54.6484,171201,rest
54.6523,171329,rest
54.6564,171038,rest
54.6620,170657,rest
54.6646,170930,rest
54.6687,171351,rest
54.6729,171179,rest
54.6771,171189,rest
54.6810,170749,rest
54.6852,171100,rest
54.6891,171175,rest
54.6945,171305,rest
54.6974,170801,rest
54.7014,170670,rest
54.7056,171259,rest
54.7101,171315,rest
54.7138,170905,rest
54.7179,170773,rest
54.7189,1,rest
54.7219,71484,rest
54.7234,1706,rest
54.7263,64,rest
54.7279,171463,rest
54.7301,170595,rest
54.7343,171642,rest
54.7383,171073,rest
54.7426,72,rest
54.7474,171145,rest
54.7513,170769,rest
54.7547,171163,rest
54.7602,17,rest
54.7629,171018,rest
54.7670,171320,rest
54.7710,171237,rest
54.7753,171014,rest
54.7803,171384,rest
54.7834,171213,rest
54.7875,170857,rest
54.7917,48,rest
54.7960,170577,rest
54.8005,170586,rest
54.8039,170685,rest
54.8083,17102,rest
54.8129,171305,rest
54.8164,170718,rest
54.8203,171216,rest
54.8244,171293,rest
54.8284,170829,rest
54.8325,171380,rest
54.8366,171035,rest
54.8407,171402,rest
54.8459,171622,rest
54.8473,1,rest
54.8489,70926,rest
54.8504,1706,rest
54.8530,76,rest
54.8541,171174,rest
54.8572,170755,rest
54.8614,170657,rest
54.8655,170989,rest
54.8694,171054,rest
54.8736,171000,rest
54.8780,171078,rest
54.8817,171046,rest
54.8857,170971,rest
54.8899,170987,rest
54.8946,170615,rest
54.8981,170625,rest
54.9021,170996,rest
54.9066,171136,rest
54.9107,170918,rest
54.9145,171144,rest
54.9185,171177,rest
54.9229,171226,rest
54.9278,170869,rest
54.9308,170995,rest
54.9349,171130,rest
54.9394,171064,rest
54.9434,171035,rest
54.9472,170789,rest
54.9513,170702,rest
54.9555,171141,rest
54.9613,788,rest
54.9643,171040,rest
54.9677,170918,rest
54.9718,171017,rest
54.9723,1,rest
54.9761,1616,rest
54.9771,70,rest
54.9800,41,rest
54.9813,170689,rest
54.9841,171326,rest
54.9888,171043,rest
54.9934,712,rest
54.9976,170923,rest
55.0011,170875,rest
55.0046,171367,rest
55.0132,170682,rest
55.0168,171409,rest
55.0209,170832,rest
55.0251,718,rest
55.0294,171364,rest
55.0337,170593,rest
55.0373,171340,rest
55.0425,1,rest
55.0460,171283,rest
55.0496,170770,rest
55.0538,170917,rest
55.0594,17088,rest
55.0633,171179,rest
55.0660,171427,rest
55.0700,171402,rest
55.0743,171339,rest
55.0787,171043,rest
55.0823,170879,rest
55.0865,171057,rest
55.0907,170953,rest
55.0947,171149,rest
55.0988,170331,rest
55.1029,171542,rest
55.1039,171,rest
55.1069,250,rest
55.1084,171371,rest
55.1113,170979,rest
55.1151,170649,rest
55.1193,171378,rest
55.1235,171705,rest
55.1278,171160,rest
55.1315,171463,rest
55.1356,170839,rest
55.1397,171136,rest
55.1448,170962,rest
55.1479,170786,rest
55.1520,171299,rest
55.1561,171289,rest
55.1614,170739,rest
55.1643,171321,rest
55.1684,170822,rest
55.1725,171249,rest
55.1770,171455,rest
55.1807,170970,rest
55.1847,171098,rest
55.1888,170950,rest
55.1935,171459,rest
55.1971,171225,rest
55.2011,171425,rest
55.2053,171331,rest
55.2094,171517,rest
55.2135,170650,rest
55.2176,171148,rest
55.2216,171091,rest
55.2259,716,rest
55.2300,71033,rest
55.2317,171,rest
55.2339,718,rest
55.2356,170853,rest
55.2382,171323,rest
55.2422,71508,rest
55.2480,170862,rest
55.2510,171039,rest
55.2545,171178,rest
55.2586,13,rest
55.2632,171100,rest
55.2671,171188,rest
55.2708,171291,rest
55.2764,7127,rest
55.2791,170980,rest
55.2831,171045,rest
55.2872,170925,rest
55.2913,71089,rest
55.2967,171195,rest
55.2995,171537,rest
55.3036,171119,rest
55.3091,1706,rest
55.3136,171140,rest
55.3158,170702,rest
55.3199,170920,rest
55.3241,171196,rest
55.3281,171122,rest
55.3322,171186,rest
55.3364,170891,rest
55.3404,171156,rest
55.3451,170954,rest
55.3486,170910,rest
55.3528,171406,rest
55.3569,171356,rest
55.3583,171,rest
55.3617,461,rest
55.3628,170847,rest
55.3650,171409,rest
55.3691,170886,rest
55.3732,171063,rest
55.3786,171157,rest
55.3814,171247,rest
55.3854,170947,rest
55.3898,171398,rest
55.3949,170901,rest
55.3977,171564,rest
55.4018,171293,rest
55.4059,171530,rest
55.4113,171244,rest
55.4141,170775,rest
55.4183,171168,rest
55.4224,170546,rest
55.4266,171224,rest
55.4305,171075,rest
55.4346,170938,rest
55.4388,171268,rest
55.4432,171170,rest
55.4473,171422,rest
55.4511,171057,rest
55.4550,170883,rest
55.4604,7096,rest
55.4655,170957,rest
55.4678,170682,rest
55.4715,171397,rest
55.4757,71108,rest
55.4804,171200,rest
55.4848,170707,rest
55.4861,17,rest
55.4879,1614,rest
55.4893,17164,rest
55.4930,78,rest
55.4977,171141,rest
55.5016,170855,rest
55.5043,171103,rest
55.5095,701,rest
55.5135,171545,rest
55.5172,171047,rest
55.5214,171282,rest
55.5264,199,rest
55.5310,170893,rest
55.5343,170392,rest
55.5381,171190,rest
55.5411,171227,rest
55.5466,170563,rest
55.5493,170701,rest
55.5535,171202,rest
55.5576,171301,rest
55.5619,171078,rest
55.5657,171540,rest
55.5698,171086,rest
55.5741,171270,rest
55.5783,170771,rest
55.5821,170898,rest
55.5861,171553,rest
55.5903,171037,rest
55.5949,171330,rest
55.5984,171385,rest
55.6025,171675,rest
55.6067,171309,rest
55.6111,171272,rest
55.6126,17,rest
55.6148,0786,rest
55.6158,17130,rest
55.6189,0,rest
55.6190,171130,rest
55.6230,170654,rest
55.6281,170998,rest
55.6313,170904,rest
55.6353,170574,rest
55.6394,171227,rest
55.6445,170783,rest
55.6476,171288,rest
55.6517,171070,rest
55.6559,171635,rest
55.6611,171644,rest
55.6640,171235,rest
55.6681,170982,rest
55.6722,171118,rest
55.6769,171357,rest
55.6804,171356,rest
55.6844,171831,rest
55.6888,171160,rest
55.6930,171394,rest
55.6968,170999,rest
55.7008,171314,rest
55.7049,171536,rest
55.7096,171791,rest
55.7131,171250,rest
55.7174,171312,rest
55.7214,171303,rest
55.7255,7136,rest
55.7300,171569,rest
55.7365,171313,rest
55.7378,171306,rest
55.7394,17,rest
55.7421,1257,rest
55.7445,1711,rest
55.7459,85,rest
55.7472,171466,rest
55.7500,171030,rest
55.7541,171076,rest
55.7589,171124,rest
55.7623,171033,rest
55.7663,171639,rest
55.7704,171115,rest
55.7747,171208,rest
55.7787,171249,rest
55.7827,171077,rest
55.7869,171124,rest
55.7928,710,rest
55.7968,170973,rest
55.7995,170925,rest
55.8039,171390,rest
55.8086,713,rest
55.8117,170913,rest
55.8162,171077,rest
55.8208,171238,rest
55.8245,171145,rest
55.8278,171146,rest
55.8322,170760,rest
55.8360,170785,rest
55.8401,171161,rest
55.8447,171189,rest
55.8483,171246,rest
55.8524,170721,rest
55.8565,171329,rest
55.8615,170936,rest
55.8647,171647,rest
55.8660,1,rest
55.8689,71472,rest
55.8697,1707,rest
55.8729,67,rest
55.8738,172011,rest
55.8779,171520,rest
55.8813,170842,rest
55.8851,171669,rest
55.8894,170811,rest
55.8941,171421,rest
55.8978,171149,rest
55.9015,171474,rest
55.9059,171053,rest
55.9108,170667,rest
55.9138,171239,rest
55.9179,171276,rest
55.9222,171681,rest
55.9265,171595,rest
55.9304,171034,rest
55.9343,171229,rest
55.9384,171830,rest
55.9432,171463,rest
55.9472,171465,rest
55.9507,171032,rest
55.9548,171278,rest
55.9594,171451,rest
55.9639,171258,rest
55.9670,171354,rest
55.9712,170622,rest
55.9757,171449,rest
55.9802,171385,rest
55.9838,171012,rest
55.9876,171355,rest
55.9925,171551,rest
55.9958,171299,rest
55.9969,171,rest
55.9999,346,rest
56.0015,170850,rest
56.0040,171132,rest
56.0095,710,rest
56.0128,171219,rest
56.0164,170533,rest
56.0205,171419,rest
56.0255,170711,rest
56.0299,7,rest
56.0330,170935,rest
56.0375,171268,rest
56.0411,171146,rest
56.0452,171054,rest
56.0490,170810,rest
56.0531,171113,rest
56.0573,171067,rest
56.0624,170945,rest
56.0654,171215,rest
56.0696,171028,rest
56.0736,171163,rest
56.0779,171237,rest
56.0821,171079,rest
56.0859,171337,rest
56.0899,170569,rest
56.0941,171171,rest
56.0981,171464,rest
56.1023,171497,rest
56.1064,171163,rest
56.1113,171062,rest
56.1145,170987,rest
56.1186,171162,rest
56.1228,171166,rest
56.1246,170,rest
56.1270,969,rest
56.1283,171102,rest
56.1309,170770,rest
56.1350,171217,rest
56.1391,170965,rest
56.1435,171219,rest
56.1482,171527,rest
56.1514,171070,rest
56.1556,171465,rest
56.1602,170975,rest
56.1641,170796,rest
56.1678,171251,rest
56.1719,171193,rest
56.1762,171423,rest
56.1801,171217,rest
56.1841,171313,rest
56.1886,171281,rest
56.1927,171344,rest
56.1964,171277,rest
56.2005,171473,rest
56.2047,171123,rest
56.2092,170869,rest
56.2137,171352,rest
56.2169,171069,rest
56.2211,171083,rest
56.2251,71441,rest
56.2315,171108,rest
56.2344,171351,rest
56.2374,170998,rest
56.2415,71172,rest
56.2472,171097,rest
56.2502,170687,rest
56.2519,17,rest
56.2538,0669,rest
56.2547,17119,rest
56.2588,9,rest
56.2599,171434,rest
56.2620,170887,rest
56.2661,171816,rest
56.2701,171559,rest
56.2743,71174,rest
56.2802,171402,rest
56.2824,170869,rest
56.2865,170627,rest
56.2968,171463,rest
56.2989,171202,rest
56.3030,170972,rest
56.3084,110,rest
56.3112,171105,rest
56.3154,171109,rest
56.3194,171088,rest
56.3259,170750,rest
56.3276,170762,rest
56.3317,170923,rest
56.3358,171505,rest
56.3399,171439,rest
56.3444,170830,rest
56.3480,171113,rest
56.3521,171463,rest
56.3563,171270,rest
56.3610,170768,rest
56.3643,171178,rest
56.3685,171185,rest
56.3726,171003,rest
56.3774,170917,rest
56.3784,17,rest
56.3809,1084,rest
56.3823,17125,rest
56.3849,6,rest
56.3850,170580,rest
56.3892,171210,rest
56.3942,170796,rest
56.3971,171063,rest
56.4013,171606,rest
56.4055,171389,rest
56.4104,170807,rest
56.4135,171290,rest
56.4176,171335,rest
56.4218,171255,rest
56.4280,7122,rest
56.4325,171329,rest
56.4340,171301,rest
56.4381,171420,rest
56.4431,171178,rest
56.4463,171148,rest
56.4504,170926,rest
56.4545,171004,rest
56.4586,71328,rest
56.4642,170981,rest
56.4671,170847,rest
56.4709,171094,rest
56.4755,171181,rest
56.4793,171279,rest
56.4832,171360,rest
56.4876,171185,rest
56.4915,7088,rest
56.4957,170760,rest
56.5015,170714,rest
56.5037,170240,rest
56.5046,17,rest
56.5081,0849,rest
56.5098,1710,rest
56.5119,72,rest
56.5129,171328,rest
56.5160,170579,rest
56.5200,170655,rest
56.5258,0,rest
56.5310,170652,rest
56.5323,170472,rest
56.5364,170933,rest
56.5418,76,rest
56.5457,171113,rest
56.5508,171137,rest
56.5528,171255,rest
56.5572,1762,rest
56.5612,171069,rest
56.5660,170734,rest
56.5703,171007,rest
56.5733,171261,rest
56.5777,170920,rest
56.5815,170820,rest
56.5856,170860,rest
56.5897,171222,rest
56.5944,171266,rest
56.5981,171099,rest
56.6020,171319,rest
56.6061,171077,rest
56.6113,170941,rest
56.6143,171243,rest
56.6183,171660,rest
56.6225,171361,rest
56.6273,170941,rest
56.6306,170975,rest
56.6315,1,rest
56.6347,70730,rest
56.6361,1710,rest
56.6388,58,rest
56.6398,171290,rest
56.6435,171142,rest
56.6470,171303,rest
56.6511,171623,rest
56.6553,171504,rest
56.6596,170999,rest
56.6634,171576,rest
56.6675,171569,rest
56.6718,171328,rest
56.6760,170488,rest
56.6800,170746,rest
56.6839,171186,rest
56.6879,171029,rest
56.6925,171309,rest
56.6961,171632,rest
56.7003,170436,rest
56.7043,170790,rest
56.7089,170841,rest
56.7125,171167,rest
56.7166,171651,rest
56.7207,171485,rest
56.7252,171197,rest
56.7290,171056,rest
56.7331,171172,rest
56.7372,171255,rest
56.7419,170985,rest
56.7456,171043,rest
56.7494,171119,rest
56.7536,170517,rest
56.7577,9,rest
56.7617,70780,rest
56.7628,171,rest
56.7658,250,rest
56.7668,171376,rest
56.7700,171235,rest
56.7741,70829,rest
56.7795,171057,rest
56.7833,171201,rest
56.7865,171065,rest
56.7915,769,rest
56.7945,171100,rest
56.7985,170865,rest
56.8026,171032,rest
56.8081,4,rest
56.8115,171028,rest
56.8153,171051,rest
56.8190,170959,rest
56.8232,171382,rest
56.8277,171302,rest
56.8313,171123,rest
56.8354,171461,rest
56.8395,170764,rest
56.8449,171326,rest
56.8477,171659,rest
56.8518,170824,rest
56.8560,170618,rest
56.8600,170769,rest
56.8641,170959,rest
56.8682,170643,rest
56.8723,170931,rest
56.8766,171082,rest
56.8808,170499,rest
56.8846,171442,rest
56.8858,1,rest
56.8887,71243,rest
56.8902,170,rest
56.8931,957,rest
56.8948,171360,rest
56.8969,171263,rest
56.9010,171149,rest
56.9050,171163,rest
56.9106,171835,rest
56.9133,171307,rest
56.9173,171161,rest
56.9215,171163,rest
56.9268,170557,rest
56.9296,171069,rest
56.9337,171037,rest
56.9378,171299,rest
56.9440,170489,rest
56.9460,171018,rest
56.9501,171255,rest
56.9543,170713,rest
56.9601,170762,rest
56.9624,171023,rest
56.9665,171229,rest
56.9706,171147,rest
56.9765,7094,rest
56.9790,170836,rest
56.9828,170922,rest
56.9870,171000,rest
56.9911,70829,rest
56.9952,171004,rest
56.9999,170978,rest
57.0034,170693,rest
57.0075,7186,rest
57.0118,170603,rest
57.0158,171112,rest
57.0170,171,rest
57.0198,224,rest
57.0215,170998,rest
57.0240,106,rest
57.0293,170912,rest
57.0322,171251,rest
57.0362,170649,rest
57.0408,7,rest
57.0452,170895,rest
57.0484,171091,rest
57.0524,171023,rest
57.0618,170557,rest
57.0653,170601,rest
57.0688,170578,rest
57.0755,17,rest
57.0799,171021,rest
57.0811,170632,rest
57.0853,171325,rest
57.0894,170956,rest
57.0940,171311,rest
57.0978,171285,rest
57.1016,170800,rest
57.1057,170826,rest
57.1101,170712,rest
57.1142,171250,rest
57.1180,171083,rest
57.1222,170877,rest
57.1268,170797,rest
57.1303,171170,rest
57.1344,171116,rest
57.1385,171152,rest
57.1429,170938,rest
57.1452,171,rest
57.1467,031,rest
57.1481,17092,rest
57.1508,1,rest
57.1509,170892,rest
57.1549,171660,rest
57.1598,171846,rest
57.1630,170940,rest
57.1671,171155,rest
57.1713,170922,rest
57.1769,170762,rest
57.1794,170777,rest
57.1835,171348,rest
57.1878,171395,rest
57.1927,170852,rest
57.1958,171865,rest
57.1999,171044,rest
57.2041,170990,rest
57.2087,170872,rest
57.2124,170837,rest
57.2165,171551,rest
57.2204,171458,rest
57.2247,17125,rest
57.2288,171382,rest
57.2328,170591,rest
57.2369,171362,rest
57.2420,704,rest
57.2453,170768,rest
57.2491,171001,rest
57.2532,171120,rest
57.2575,7018,rest
57.2620,171384,rest
57.2665,171069,rest
57.2698,171429,rest
57.2712,17,rest
57.2738,32,rest
57.2750,75,rest
57.2777,4,rest
57.2778,170914,rest
57.2818,170908,rest
57.2859,170744,rest
57.2913,71247,rest
57.2945,170954,rest
57.2984,170856,rest
57.3027,170763,rest
57.3064,171382,rest
57.3108,170737,rest
57.3150,171327,rest
57.3187,170596,rest
57.3230,171166,rest
57.3271,170837,rest
57.3311,170842,rest
57.3352,171058,rest
57.3392,170480,rest
57.3433,171691,rest
57.3474,171090,rest
57.3514,171212,rest
57.3557,170714,rest
57.3606,171322,rest
57.3638,170716,rest
57.3678,171483,rest
57.3724,171585,rest
57.3770,170930,rest
57.3801,170606,rest
57.3843,171370,rest
57.3884,170733,rest
57.3927,170989,rest
57.3971,172030,rest
57.3986,17,rest
57.4006,1125,rest
57.4023,17102,rest
57.4047,7,rest
57.4048,170898,rest
57.4094,170879,rest
57.4129,171500,rest
57.4170,170975,rest
57.4211,171246,rest
57.4254,171441,rest
57.4295,171432,rest
57.4336,171011,rest
57.4376,171332,rest
57.4424,171374,rest
57.4462,171097,rest
57.4498,170739,rest
57.4539,170899,rest
57.4581,755,rest
57.4655,170992,rest
57.4668,171050,rest
57.4703,171072,rest
57.4764,74,rest
57.4807,170494,rest
57.4825,171371,rest
57.4867,170837,rest
57.4919,0,rest
57.4958,171192,rest
57.5002,170835,rest
57.5041,171511,rest
57.5082,71285,rest
57.5120,170898,rest
57.5155,171739,rest
57.5206,171041,rest
57.5250,61,rest
57.5281,71193,rest
57.5297,1710,rest
57.5328,71,rest
57.5349,170975,rest
57.5358,170859,rest
57.5410,7,rest
57.5456,170824,rest
57.5486,171242,rest
57.5522,171048,rest
57.5566,17126,rest
57.5639,170985,rest
57.5645,170371,rest
57.5686,170957,rest
57.5727,171197,rest
57.5770,171121,rest
57.5808,170532,rest
57.5849,170660,rest
57.5891,171158,rest
57.5937,171280,rest
57.5974,170591,rest
57.6014,171037,rest
57.6055,170755,rest
57.6096,171114,rest
57.6136,171385,rest
57.6177,170827,rest
57.6219,170813,rest
57.6276,170863,rest
57.6301,171010,rest
57.6341,171064,rest
57.6384,171402,rest
57.6427,170901,rest
57.6466,170899,rest
57.6505,171216,rest
57.6517,1,rest
57.6546,70570,rest
57.6562,1711,rest
57.6588,39,rest
57.6599,170972,rest
57.6628,171018,rest
57.6668,170741,rest
57.6712,170776,rest
57.6765,171040,rest
57.6791,170405,rest
57.6833,170831,rest
57.6874,171107,rest
57.6923,171164,rest
57.6955,171202,rest
57.6996,171355,rest
57.7038,171257,rest
57.7081,171207,rest
57.7119,171566,rest
57.7160,170833,rest
57.7201,171430,rest
57.7243,718,rest
57.7285,170931,rest
57.7333,171533,rest
57.7365,170515,rest
57.7426,786,rest
57.7450,171018,rest
57.7488,170656,rest
57.7529,171155,rest
57.7570,70969,rest
57.7614,171384,rest
57.7659,170972,rest
57.7693,171278,rest
57.7735,7,rest
57.7777,171151,rest
57.7804,1,rest
57.7823,71106,rest
57.7840,1709,rest
57.7856,68,rest
57.7869,171308,rest
57.7899,11460,rest
57.7946,171628,rest
57.7980,171360,rest
57.8031,171105,rest
57.8062,171237,rest
57.8109,171492,rest
57.8143,170966,rest
57.8184,170872,rest
57.8229,17076,rest
57.8292,170949,rest
57.8329,171049,rest
57.8348,170755,rest
57.8390,170884,rest
57.8432,170882,rest
57.8471,170737,rest
57.8512,171050,rest
57.8553,171465,rest
57.8602,170845,rest
57.8635,170861,rest
57.8676,170766,rest
57.8717,171262,rest
57.8774,170979,rest
57.8799,171007,rest
57.8839,170982,rest
57.8880,170997,rest
57.8934,171097,rest
57.8963,171209,rest
57.9003,171422,rest
57.9046,170967,rest
57.9061,1,rest
57.9089,71008,rest
57.9099,171,rest
57.9126,097,rest
57.9137,170635,rest
57.9167,171321,rest
57.9213,170758,rest
57.9270,171182,rest
57.9290,170970,rest
57.9331,171251,rest
57.9372,171006,rest
57.9413,71353,rest
57.9458,171386,rest
57.9498,170730,rest
57.9537,171397,rest
57.9582,170610,rest
57.9618,171143,rest
57.9659,170876,rest
57.9699,171426,rest
57.9741,70980,rest
57.9793,170596,rest
57.9824,170703,rest
57.9864,170881,rest
57.9904,70828,rest
57.9961,170980,rest
57.9988,170932,rest
58.0027,170962,rest
58.0068,70865,rest
58.0125,171128,rest
58.0152,171417,rest
58.0191,171532,rest
58.0234,71265,rest
58.0295,170688,rest
58.0335,171383,rest
58.0355,170919,rest
58.0368,171,rest
58.0397,27,rest
58.0408,5,rest
58.0454,170928,rest
58.0481,171227,rest
58.0519,171121,rest
58.0563,1134,rest
58.0621,171348,rest
58.0660,171582,rest
58.0684,171368,rest
58.0727,171,rest
58.0780,170988,rest
58.0807,171714,rest
58.0848,171638,rest
58.0888,171421,rest
58.0934,170763,rest
58.0969,171208,rest
58.1011,170860,rest
58.1051,171056,rest
58.1095,171253,rest
58.1141,171328,rest
58.1174,171036,rest
58.1216,170428,rest
58.1258,170927,rest
58.1297,171237,rest
58.1339,171026,rest
58.1379,171130,rest
58.1430,171659,rest
58.1461,170869,rest
58.1501,171117,rest
58.1545,170554,rest
58.1596,171061,rest
58.1625,170832,rest
58.1635,170,rest
58.1665,957,rest
58.1680,170871,rest
58.1707,171022,rest
58.1751,170548,rest
58.1788,171220,rest
58.1830,171011,rest
58.1870,170907,rest
58.1918,171194,rest
58.1953,170788,rest
58.1994,170768,rest
58.2034,170790,rest
58.2082,170775,rest
58.2116,170922,rest
58.2158,171124,rest
58.2198,170896,rest
58.2243,171410,rest
58.2280,171108,rest
58.2321,171529,rest
58.2365,171152,rest
58.2416,7100,rest
58.2453,171274,rest
58.2499,171798,rest
58.2526,171953,rest
58.2575,171194,rest
58.2607,171258,rest
58.2648,171022,rest
58.2689,170642,rest
58.2732,7584,rest
58.2773,171382,rest
58.2814,170761,rest
58.2866,170835,rest
58.2896,7100,rest
58.2909,17,rest
58.2939,843,rest
58.2957,17040,rest
58.2980,0,rest
58.2992,170800,rest
58.3017,171333,rest
58.3060,7139,rest
58.3102,171058,rest
58.3146,171186,rest
58.3181,170802,rest
58.3224,171017,rest
58.3269,170620,rest
58.3305,171059,rest
58.3345,171038,rest
58.3386,171185,rest
58.3431,170877,rest
58.3467,170488,rest
58.3509,170940,rest
58.3550,170922,rest
58.3598,170641,rest
58.3632,171267,rest
58.3673,170776,rest
58.3714,171288,rest
58.3763,170991,rest
58.3795,171101,rest
58.3836,171147,rest
58.3878,170862,rest
58.3930,170974,rest
58.3959,171205,rest
58.4000,171235,rest
58.4042,171233,rest
58.4090,171040,rest
58.4123,170661,rest
58.4165,171109,rest
58.4182,17,rest
58.4205,0702,rest
58.4219,17138,rest
58.4248,0,rest
58.4270,171187,rest
58.4287,170478,rest
58.4329,170629,rest
58.4370,171443,rest
58.4422,170756,rest
58.4451,170964,rest
58.4492,171899,rest
58.4533,171043,rest
58.4594,170927,rest
58.4615,170993,rest
58.4656,171277,rest
58.4696,171355,rest
58.4752,79,rest
58.4796,171213,rest
58.4819,171039,rest
58.4860,171035,rest
58.4910,170850,rest
58.4943,170945,rest
58.4984,170823,rest
58.5025,171167,rest
58.5067,171437,rest
58.5106,170871,rest
58.5147,170772,rest
58.5188,171147,rest
58.5230,73,rest
58.5271,170710,rest
58.5314,170956,rest
58.5352,170903,rest
58.5406,170978,rest
58.5434,170954,rest
58.5452,1,rest
58.5475,70870,rest
58.5487,1711,rest
58.5516,86,rest
58.5527,171030,rest
58.5557,171655,rest
58.5607,171185,rest
58.5639,171477,rest
58.5680,170947,rest
58.5731,72,rest
58.5767,170725,rest
58.5809,171230,rest
58.5844,171148,rest
58.5885,170941,rest
58.5936,170989,rest
58.5966,171255,rest
58.6007,170981,rest
58.6049,171079,rest
58.6092,171097,rest
58.6130,171461,rest
58.6171,171616,rest
58.6213,171564,rest
58.6260,170963,rest
58.6294,170798,rest
58.6335,170562,rest
58.6376,170599,rest
58.6422,171373,rest
58.6458,170828,rest
58.6499,170992,rest
58.6540,170459,rest
58.6590,171166,rest
58.6622,170903,rest
58.6665,170488,rest
58.6703,171031,rest
58.6714,1,rest
58.6746,0967,rest
58.6788,67,rest
58.6821,171196,rest
58.6829,171301,rest
58.6867,170834,rest
58.6914,170769,rest
58.6951,171415,rest
58.6991,171230,rest
58.7031,171113,rest
58.7078,171844,rest
58.7115,170895,rest
58.7156,170906,rest
58.7196,170922,rest
58.7236,71244,rest
58.7282,171100,rest
58.7326,171001,rest
58.7372,171679,rest
58.7401,170842,rest
58.7456,02,rest
58.7484,171034,rest
58.7526,170807,rest
58.7566,171211,rest
58.7606,171333,rest
58.7652,170745,rest
58.7697,171337,rest
58.7736,171076,rest
58.7775,171083,rest
58.7814,170932,rest
58.7851,171249,rest
58.7913,7,rest
58.7946,171111,rest
58.7981,171164,rest
58.8000,1,rest
58.8015,71509,rest
58.8026,1708,rest
58.8058,1,rest
58.8074,71,rest
58.8098,170953,rest
58.8137,170917,rest
58.8178,171232,rest
58.8237,171443,rest
58.8260,170739,rest
58.8301,170822,rest
58.8342,171534,rest
58.8383,170955,rest
58.8428,171287,rest
58.8466,171011,rest
58.8506,171002,rest
58.8547,170788,rest
58.8591,170666,rest
58.8631,171113,rest
58.8670,171242,rest
58.8711,171245,rest
58.8753,171015,rest
58.8796,170677,rest
58.8833,170863,rest
58.8875,171214,rest
58.8919,171388,rest
58.8956,171217,rest
58.8997,170454,rest
58.9038,171444,rest
58.9092,171382,rest
58.9120,170618,rest
58.9161,170507,rest
58.9203,171179,rest
58.9247,170831,rest
58.9263,1,rest
58.9285,71137,rest
58.9301,171,rest
58.9325,229,rest
58.9338,170537,rest
58.9366,171328,rest
58.9421,171372,rest
58.9448,171128,rest
58.9488,171433,rest
58.9530,170810,rest
58.9573,170848,rest
58.9612,171366,rest
58.9653,171022,rest
58.9694,171225,rest
58.9736,7149,rest
58.9807,171118,rest
58.9817,170842,rest
58.9858,170904,rest
58.9906,170975,rest
58.9940,171022,rest
58.9980,171324,rest
59.0021,170749,rest
59.0064,71467,rest
59.0118,171219,rest
59.0158,170692,rest
59.0189,171248,rest
59.0227,7119,rest
59.0282,171017,rest
59.0310,171162,rest
59.0349,171412,rest
59.0406,7,rest
59.0456,170775,rest
59.0482,170753,rest
59.0513,171206,rest
59.0574,17,rest
59.0597,65,rest
59.0613,170481,rest
59.0645,171052,rest
59.0677,170927,rest
59.0734,112,rest
59.0773,170767,rest
59.0818,171110,rest
59.0840,171166,rest
59.0882,171167,rest
59.0925,171380,rest
59.0963,171251,rest
59.1005,171141,rest
59.1045,171453,rest
59.1091,171112,rest
59.1127,171489,rest
59.1168,171151,rest
59.1210,170924,rest
59.1261,171132,rest
59.1291,171301,rest
59.1333,170976,rest
59.1373,171111,rest
59.1422,171518,rest
59.1455,171632,rest
59.1497,171418,rest
59.1536,171311,rest
59.1589,171119,rest
59.1618,170843,rest
59.1659,171338,rest
59.1706,170312,rest
59.1747,171167,rest
59.1783,170885,rest
59.1823,171039,rest
59.1834,17,rest
59.1864,1249,rest
59.1879,17105,rest
59.1906,1,rest
59.1910,170856,rest
59.1946,170579,rest
59.1987,170944,rest
59.2028,170778,rest
59.2074,170958,rest
59.2117,171083,rest
59.2151,171149,rest
59.2192,170804,rest
59.2239,171444,rest
59.2278,171157,rest
59.2315,170615,rest
59.2356,170692,rest
59.2404,171064,rest
59.2446,170819,rest
59.2479,170641,rest
59.2520,170638,rest
59.2562,70645,rest
59.2607,171728,rest
59.2650,171142,rest
59.2686,171190,rest
59.2726,77,rest
59.2769,171520,rest
59.2817,171038,rest
59.2854,170993,rest
59.2903,7067,rest
59.2933,170544,rest
59.2977,171150,rest
59.3018,170614,rest
59.3054,170951,rest
59.3094,171180,rest
59.3109,17,rest
59.3134,0816,rest
59.3146,17102,rest
59.3176,2,rest
59.3177,170961,rest
59.3220,170946,rest
59.3260,170951,rest
59.3298,170975,rest
59.3339,170673,rest
59.3380,170650,rest
59.3426,171125,rest
59.3465,171320,rest
59.3503,170899,rest
59.3544,170896,rest
59.3593,170956,rest
59.3625,171397,rest
59.3666,170604,rest
59.3708,171087,rest
59.3750,170592,rest
59.3790,171039,rest
59.3830,170914,rest
59.3873,170992,rest
59.3923,170706,rest
59.3957,171379,rest
59.3994,171007,rest
59.4035,170492,rest
59.4078,170626,rest
59.4117,171142,rest
59.4158,171452,rest
59.4201,170809,rest
59.4244,170943,rest
59.4281,170603,rest
59.4323,170962,rest
59.4364,170483,rest
59.4373,17,rest
59.4405,6,rest
59.4422,4,rest
59.4444,9,rest
59.4445,171736,rest
59.4486,170459,rest
59.4527,170997,rest
59.4569,170901,rest
59.4612,170515,rest
59.4650,171248,rest
59.4690,171023,rest
59.4737,170763,rest
59.4776,170585,rest
59.4818,171307,rest
59.4856,170679,rest
59.4899,170835,rest
59.4936,171261,rest
59.4977,170511,rest
59.5018,170873,rest
59.5071,5,rest
59.5133,170932,rest
59.5141,170884,rest
59.5183,171117,rest
59.5237,7145,rest
59.5266,170949,rest
59.5309,170842,rest
59.5352,171864,rest
59.5402,64,rest
59.5431,170984,rest
59.5482,170568,rest
59.5534,171674,rest
59.5553,171487,rest
59.5594,171133,rest
59.5633,170727,rest
59.5644,17,rest
59.5674,0982,rest
59.5689,17064,rest
59.5715,2,rest
59.5730,170391,rest
59.5762,170510,rest
59.5797,171030,rest
59.5838,171382,rest
59.5879,171043,rest
59.5925,170616,rest
59.5960,171183,rest
59.6002,170854,rest
59.6043,171513,rest
59.6085,171283,rest
59.6127,171181,rest
59.6165,171103,rest
59.6206,170720,rest
59.6258,171113,rest
59.6288,171167,rest
59.6329,171276,rest
59.6370,170929,rest
59.6413,171290,rest
59.6459,171177,rest
59.6495,171050,rest
59.6534,170862,rest
59.6584,170985,rest
59.6615,171274,rest
59.6656,171367,rest
59.6697,171544,rest
59.6741,171444,rest
59.6781,170967,rest
59.6821,170903,rest
59.6861,171198,rest
59.6905,170893,rest
59.6920,1,rest
59.6944,70885,rest
59.6959,1706,rest
59.6985,09,rest
59.6996,171110,rest
59.7025,171286,rest
59.7071,171675,rest
59.7108,171152,rest
59.7150,171403,rest
59.7189,170721,rest
59.7247,7101,rest
59.7290,171757,rest
59.7312,170892,rest
59.7355,171129,rest
59.7402,170814,rest
59.7435,170521,rest
59.7475,171296,rest
59.7516,170932,rest
59.7575,170427,rest
59.7598,171330,rest
59.7639,171623,rest
59.7680,170738,rest
59.7737,170761,rest
59.7763,171216,rest
59.7803,170893,rest
59.7844,171373,rest
59.7897,71208,rest
59.7928,170993,rest
59.7968,170599,rest
59.8010,170977,rest
59.8062,7,rest
59.8098,170904,rest
59.8135,171270,rest
59.8173,170573,rest
59.8182,1,rest
59.8215,112,rest
59.8230,1,rest
59.8254,45,rest
59.8265,171335,rest
59.8295,170992,rest
59.8336,171193,rest
59.8388,70919,rest
59.8418,171055,rest
59.8458,170857,rest
59.8500,170763,rest
59.8541,171299,rest
59.8586,170567,rest
59.8623,171000,rest
59.8663,170946,rest
59.8705,170960,rest
59.8752,169981,rest
59.8787,170537,rest
59.8827,170774,rest
59.8868,170858,rest
59.8921,171464,rest
59.8950,171315,rest
59.8991,170985,rest
59.9033,170699,rest
59.9076,170872,rest
59.9114,171463,rest
59.9155,171090,rest
59.9197,171280,rest
59.9243,170963,rest
59.9278,171053,rest
59.9319,170613,rest
59.9360,171499,rest
59.9406,171357,rest
59.9442,171414,rest
59.9453,1,rest
59.9483,71129,rest
59.9494,171,rest
59.9524,748,rest
59.9538,171077,rest
59.9572,171308,rest
59.9606,171229,rest
59.9646,171154,rest
59.9691,170904,rest
59.9732,171351,rest
59.9769,170815,rest
59.9810,170712,rest
59.9852,170618,rest
59.9905,715,rest
59.9945,170913,rest
59.9979,170904,rest
60.0015,171567,rest
60.0063,170994,rest
60.0097,171281,rest
60.0138,171155,rest
60.0179,171535,rest
60.0221,7101,rest
60.0270,171171,rest
60.0309,171049,rest
60.0343,171034,rest
60.0385,7156,rest
60.0429,171205,rest
60.0473,170869,rest
60.0507,170828,rest
60.0561,703,rest
60.0594,171273,rest
60.0630,171359,rest
60.0670,171145,rest
60.0726,170,rest
60.0767,170969,rest
60.0782,171,rest
60.0795,440,rest
60.0799,171106,rest
60.0835,171443,rest
60.0875,170948,rest
60.0927,170767,rest
60.0957,170897,rest
60.0998,170949,rest
60.1039,170886,rest
60.1085,170976,rest
60.1121,171506,rest
60.1163,171627,rest
60.1203,170805,rest
60.1247,171137,rest
60.1285,171043,rest
60.1326,171448,rest
60.1367,171000,rest
60.1418,171129,rest
60.1448,170473,rest
60.1490,170402,rest
60.1532,171001,rest
60.1582,171115,rest
60.1613,171105,rest
60.1653,171050,rest
60.1694,170637,rest
60.1741,171013,rest
60.1776,171319,rest
60.1817,171008,rest
60.1858,170864,rest
60.1901,171145,rest
60.1941,171336,rest
60.1982,171306,rest
60.2023,170881,rest
60.2038,171,rest
60.2077,691787,rest
60.2116,170664,rest
60.2147,170934,rest
60.2186,171124,rest
60.2228,7067,rest
60.2271,171551,rest
60.2316,171058,rest
60.2350,170788,rest
60.2392,728,rest
60.2435,170898,rest
60.2473,171018,rest
60.2528,171127,rest
60.2555,170698,rest
60.2606,170841,rest
60.2637,171125,rest
60.2677,171246,rest
60.2732,7086,rest
60.2764,171433,rest
60.2810,170739,rest
60.2841,171017,rest
60.2900,71,rest
60.2926,170627,rest
60.2973,170602,rest
60.3007,170899,rest
60.3053,79,rest
60.3089,170949,rest
60.3128,170839,rest
60.3169,171926,rest
60.3228,17109,rest
60.3255,171162,rest
60.3293,171155,rest
60.3311,171,rest
60.3333,034,rest
60.3350,17111,rest
60.3374,8,rest
60.3376,171231,rest
60.3414,171342,rest
60.3455,171034,rest
60.3496,171084,rest
60.3538,170843,rest
60.3584,171210,rest
60.3620,170930,rest
60.3660,171003,rest
60.3701,171221,rest
60.3746,170804,rest
60.3783,171510,rest
60.3824,171191,rest
60.3866,171316,rest
60.3917,171519,rest
60.3947,171133,rest
60.3988,171158,rest
60.4029,171182,rest
60.4074,171101,rest
60.4111,171313,rest
60.4153,171099,rest
60.4193,171049,rest
60.4236,171421,rest
60.4275,171521,rest
60.4316,171064,rest
60.4357,171175,rest
60.4400,171405,rest
60.4439,170793,rest
60.4480,170869,rest
60.4520,170908,rest
60.4567,171082,rest
60.4580,17,rest
60.4603,1005,rest
60.4619,17163,rest
60.4643,9,rest
60.4644,171071,rest
60.4684,171239,rest
60.4727,7144,rest
60.4769,170852,rest
60.4815,170793,rest
60.4849,170284,rest
60.4895,171221,rest
60.4930,171298,rest
60.4971,171155,rest
60.5013,170632,rest
60.5061,170586,rest
60.5094,171042,rest
60.5135,171357,rest
60.5176,171111,rest
60.5234,7113,rest
60.5262,171256,rest
60.5299,170474,rest
60.5339,171188,rest
60.5396,70646,rest
60.5434,171464,rest
60.5463,171373,rest
60.5503,171409,rest
60.5546,71,rest
60.5595,171366,rest
60.5632,171085,rest
60.5667,170911,rest
60.5727,170847,rest
60.5754,170817,rest
60.5791,170816,rest
60.5831,171050,rest
60.5845,17,rest
60.5874,1181,rest
60.5885,17094,rest
60.5915,8,rest
60.5940,170876,rest
60.5955,170608,rest
60.5995,170814,rest
60.6036,170464,rest
60.6083,170779,rest
60.6123,170433,rest
60.6159,171267,rest
60.6202,170707,rest
60.6246,170684,rest
60.6282,170968,rest
60.6323,171644,rest
60.6366,171419,rest
60.6411,171736,rest
60.6446,170958,rest
60.6487,171491,rest
60.6531,171064,rest
60.6575,170994,rest
60.6611,171206,rest
60.6652,171218,rest
60.6694,171336,rest
60.6739,170963,rest
60.6775,171107,rest
60.6815,171154,rest
60.6856,171354,rest
60.6906,170982,rest
60.6941,171388,rest
60.6978,171257,rest
60.7019,170546,rest
60.7062,170166,rest
60.7101,170704,rest
60.7113,1,rest
60.7143,71283,rest
60.7154,1711,rest
60.7182,42,rest
60.7199,170788,rest
60.7233,170938,rest
60.7265,171140,rest
60.7306,170941,rest
60.7347,170990,rest
60.7408,170745,rest
60.7429,170950,rest
60.7469,171128,rest
60.7510,170927,rest
60.7553,082,rest
60.7596,171501,rest
60.7642,171103,rest
60.7676,171243,rest
60.7717,70,rest
60.7774,171313,rest
60.7821,170852,rest
60.7839,171201,rest
60.7895,7117,rest
60.7921,171398,rest
60.7963,170949,rest
60.8003,171288,rest
60.8046,97,rest
60.8087,170889,rest
60.8138,170786,rest
60.8166,170598,rest
60.8216,1708,rest
60.8262,171094,rest
60.8293,171285,rest
60.8330,171500,rest
60.8371,170741,rest
60.8384,1,rest
60.8424,71191,rest
60.8437,1706,rest
60.8452,79,rest
60.8467,170674,rest
60.8494,171030,rest
60.8536,171708,rest
60.8583,170956,rest
60.8617,171234,rest
60.8657,171343,rest
60.8699,170641,rest
60.8741,170973,rest
60.8780,170978,rest
60.8821,170856,rest
60.8863,171247,rest
60.8911,171556,rest
60.8944,171307,rest
60.8985,171535,rest
60.9027,171224,rest
60.9087,170942,rest
60.9108,171501,rest
60.9149,170588,rest
60.9190,171084,rest
60.9233,7121,rest
60.9308,171312,rest
60.9315,171267,rest
60.9354,171659,rest
60.9412,71,rest
60.9437,170709,rest
60.9478,171185,rest
60.9518,171079,rest
60.9563,171329,rest
60.9600,171332,rest
60.9640,171189,rest
60.9652,1,rest
60.9682,71351,rest
60.9697,1717,rest
60.9729,35,rest
60.9742,170675,rest
60.9763,170878,rest
60.9804,171546,rest
60.9846,170884,rest
60.9908,7,rest
60.9942,170754,rest
60.9974,170944,rest
61.0009,171035,rest
61.0051,7,rest
61.0106,170972,rest
61.0137,171138,rest
61.0173,170863,rest
61.0231,711,rest
61.0257,170680,rest
61.0296,171218,rest
61.0337,171395,rest
61.0379,7132,rest
61.0422,171025,rest
61.0462,171000,rest
61.0501,171323,rest
61.0542,71347,rest
61.0591,171410,rest
61.0631,171058,rest
61.0665,170947,rest
61.0705,171268,rest
61.0749,170668,rest
61.0787,171238,rest
61.0828,171040,rest
61.0870,171164,rest
61.0912,170848,rest
61.0951,171107,rest
61.0963,170,rest
61.0993,937,rest
61.1003,171533,rest
61.1036,171519,rest
61.1078,171297,rest
61.1115,171080,rest
61.1156,170871,rest
61.1197,170643,rest
61.1243,170844,rest
61.1279,170787,rest
61.1320,171050,rest
61.1361,170592,rest
61.1409,171336,rest
61.1443,170999,rest
61.1483,171225,rest
61.1525,171464,rest
61.1572,170994,rest
61.1607,170638,rest
61.1648,171462,rest
61.1697,171179,rest
61.1735,171379,rest
61.1770,170827,rest
61.1811,171033,rest
61.1853,170870,rest
61.1899,170602,rest
61.1934,171053,rest
61.1975,170996,rest
61.2017,170939,rest
61.2063,171086,rest
61.2098,171010,rest
61.2139,171208,rest
61.2180,171181,rest
61.2237,7410,rest
61.2266,20,rest
61.2289,170856,rest
61.2312,171103,rest
61.2344,171250,rest
61.2387,171245,rest
61.2426,170595,rest
61.2467,171106,rest
61.2508,171270,rest
61.2549,71586,rest
61.2603,171324,rest
61.2633,171746,rest
61.2671,170775,rest
61.2724,7266,rest
61.2762,171045,rest
61.2801,170931,rest
61.2835,171277,rest
61.2892,71,rest
61.2936,170997,rest
61.2972,170894,rest
61.2999,171105,rest
61.3062,70973,rest
61.3105,171294,rest
61.3123,171759,rest
61.3163,171154,rest
61.3207,11,rest
61.3250,171348,rest
61.3286,171087,rest
61.3328,170940,rest
61.3368,170944,rest
61.3416,171892,rest
61.3450,171372,rest
61.3491,171241,rest
61.3507,171,rest
61.3532,227,rest
61.3546,17084,rest
61.3573,7,rest
61.3574,170974,rest
61.3613,170873,rest
61.3654,171105,rest
61.3697,171246,rest
61.3751,171467,rest
61.3777,171239,rest
61.3819,170995,rest
61.3861,171039,rest
61.3906,170726,rest
61.3941,171386,rest
61.3982,171307,rest
61.4025,171423,rest
61.4066,171299,rest
61.4105,171087,rest
61.4146,171197,rest
61.4187,171162,rest
61.4232,171214,rest
61.4269,170740,rest
61.4310,170926,rest
61.4351,170726,rest
61.4395,171107,rest
61.4433,170998,rest
61.4473,170880,rest
61.4516,170518,rest
61.4567,711,rest
61.4600,171034,rest
61.4642,171019,rest
61.4678,170534,rest
61.4726,170982,rest
61.4761,170787,rest
61.4771,17,rest
61.4801,0684,rest
61.4816,17068,rest
61.4842,4,rest
61.4843,171252,rest
61.4897,710,rest
61.4926,171354,rest
61.4965,171362,rest
61.5006,170954,rest
61.5048,7082,rest
61.5091,171449,rest
61.5136,171238,rest
61.5170,170789,rest
61.5212,7157,rest
61.5259,170435,rest
61.5302,171488,rest
61.5334,170914,rest
61.5378,171018,rest
61.5419,171578,rest
61.5456,170871,rest
61.5497,170844,rest
61.5550,7095,rest
61.5581,171242,rest
61.5621,170671,rest
61.5661,171285,rest
61.5703,171260,rest
61.5746,171452,rest
61.5784,170605,rest
61.5825,170925,rest
61.5866,170660,rest
61.5922,170357,rest
61.5948,170821,rest
61.5989,171055,rest
61.6030,171384,rest
61.6044,1,rest
61.6073,71365,rest
61.6086,1709,rest
61.6112,04,rest
61.6124,170520,rest
61.6153,171115,rest
61.6194,170633,rest
61.6239,171411,rest
61.6276,171014,rest
61.6316,171215,rest
61.6358,171019,rest
61.6403,171719,rest
61.6439,170922,rest
61.6480,171373,rest
61.6522,170982,rest
61.6571,171092,rest
61.6603,170634,rest
61.6644,171004,rest
61.6685,171121,rest
61.6729,171193,rest
61.6767,171550,rest
61.6808,171322,rest
61.6849,171097,rest
61.6895,171480,rest
61.6931,171165,rest
61.6973,171474,rest
61.7013,171135,rest
61.7061,171071,rest
61.7095,171548,rest
61.7136,171213,rest
61.7177,171178,rest
61.7225,171056,rest
61.7259,171418,rest
61.7299,171189,rest
61.7309,1,rest
61.7342,70675,rest
61.7354,1707,rest
61.7382,9,rest
61.7401,171,rest
61.7436,170914,rest
61.7466,171290,rest
61.7505,171705,rest
61.7551,171566,rest
61.7586,171611,rest
61.7627,170985,rest
61.7668,170979,rest
61.7710,7119,rest
61.7785,171064,rest
61.7795,170840,rest
61.7833,170900,rest
61.7874,70948,rest
61.7917,171093,rest
61.7961,171512,rest
61.7996,170930,rest
61.8052,711,rest
61.8079,170744,rest
61.8119,171308,rest
61.8160,171458,rest
61.8203,1761,rest
61.8245,171049,rest
61.8289,170698,rest
61.8324,171570,rest
61.8365,170606,rest
61.8406,171201,rest
61.8446,171206,rest
61.8487,170947,rest
61.8528,171216,rest
61.8579,170964,rest
61.8596,1,rest
61.8611,71173,rest
61.8626,1712,rest
61.8651,57,rest
61.8663,170736,rest
61.8695,170942,rest
61.8742,171070,rest
61.8774,170670,rest
61.8815,170694,rest
61.8857,170952,rest
61.8901,171455,rest
61.8938,171453,rest
61.8979,171494,rest
61.9024,170693,rest
61.9067,171039,rest
61.9103,171117,rest
61.9143,170979,rest
61.9184,171163,rest
61.9230,170944,rest
61.9266,171477,rest
61.9307,170688,rest
61.9348,171167,rest
61.9397,7100,rest
61.9434,171397,rest
61.9470,170746,rest
61.9513,171110,rest
61.9567,170900,rest
61.9593,170664,rest
61.9634,171562,rest
61.9676,170714,rest
61.9721,171344,rest
61.9757,170674,rest
61.9798,170759,rest
61.9839,171002,rest
61.9884,170851,rest
61.9896,171,rest
61.9921,211,rest
61.9935,171272,rest
61.9963,170845,rest
62.0003,170768,rest
62.0058,74,rest
62.0098,171391,rest
62.0126,171216,rest
62.0166,171158,rest
62.0222,02,rest
62.0254,170856,rest
62.0292,171400,rest
62.0331,171530,rest
62.0372,70859,rest
62.0416,170994,rest
62.0460,170852,rest
62.0494,170696,rest
62.0537,7085,rest
62.0581,170341,rest
62.0625,170807,rest
62.0658,170813,rest
62.0707,17132,rest
62.0750,170557,rest
62.0786,171093,rest
62.0823,171036,rest
62.0865,171201,rest
62.0907,170914,rest
62.0945,170924,rest
62.0987,171074,rest
62.1028,171172,rest
62.1077,171255,rest
62.1109,170723,rest
62.1150,170586,rest
62.1165,170,rest
62.1191,768,rest
62.1202,17079,rest
62.1232,4,rest
62.1233,171306,rest
62.1273,171143,rest
62.1314,170491,rest
62.1354,170680,rest
62.1400,170883,rest
62.1436,170750,rest
62.1477,171220,rest
62.1519,170635,rest
62.1573,170630,rest
62.1600,171201,rest
62.1641,170992,rest
62.1684,170943,rest
62.1734,170706,rest
62.1764,171291,rest
62.1805,170885,rest
62.1846,171063,rest
62.1894,171111,rest
62.1928,170774,rest
62.1969,170902,rest
62.2010,170901,rest
62.2059,170889,rest
62.2093,170616,rest
62.2133,170908,rest
62.2173,170457,rest
62.2217,171040,rest
62.2256,171048,rest
62.2297,170889,rest
62.2337,170971,rest
62.2386,170840,rest
62.2420,170625,rest
62.2430,17,rest
62.2460,0941,rest
62.2474,17040,rest
62.2502,3,rest
62.2504,170495,rest
62.2543,7077,rest
62.2598,170610,rest
62.2624,171266,rest
62.2665,170953,rest
62.2717,7,rest
62.2749,170993,rest
62.2788,171057,rest
62.2829,170854,rest
62.2887,71053,rest
62.2914,170771,rest
62.2958,170815,rest
62.2994,171453,rest
62.3036,784,rest
62.3083,171133,rest
62.3116,171687,rest
62.3157,171189,rest
62.3220,17,rest
62.3259,170812,rest
62.3280,171125,rest
62.3320,171247,rest
62.3362,170916,rest
62.3409,170622,rest
62.3444,171140,rest
62.3485,170676,rest
62.3526,170938,rest
62.3569,171012,rest
62.3608,171087,rest
62.3649,171422,rest
62.3691,171007,rest
62.3707,17,rest
62.3733,1413,rest
62.3745,17097,rest
62.3772,5,rest
62.3783,171112,rest
62.3813,170862,rest
62.3854,171142,rest
62.3905,170769,rest
62.3935,171120,rest
62.3976,170908,rest
62.4018,170980,rest
62.4063,170862,rest
62.4099,171178,rest
62.4140,171121,rest
62.4181,170921,rest
62.4225,170645,rest
62.4263,171147,rest
62.4303,170817,rest
62.4347,171187,rest
62.4391,171174,rest
62.4426,171084,rest
62.4467,171128,rest
62.4509,171012,rest
62.4554,171502,rest
62.4590,171576,rest
62.4632,171043,rest
62.4673,171162,rest
62.4728,71002,rest
62.4757,170785,rest
62.4800,171493,rest
62.4836,171584,rest
62.4881,171006,rest
62.4918,171048,rest
62.4961,171369,rest
62.4972,1,rest
62.5004,70923,rest
62.5015,1711,rest
62.5041,0,rest
62.5055,115,rest
62.5091,171121,rest
62.5126,171192,rest
62.5164,171232,rest
62.5206,707,rest
62.5260,170971,rest
62.5288,171040,rest
62.5328,171068,rest
62.5370,7161,rest
62.5414,170846,rest
62.5452,171169,rest
62.5491,171290,rest
62.5545,797,rest
62.5581,170540,rest
62.5616,170889,rest
62.5655,170897,rest
62.5697,171315,rest
62.5747,171250,rest
62.5778,170532,rest
62.5819,170811,rest
62.5860,170787,rest
62.5904,171251,rest
62.5943,171423,rest
62.5984,170874,rest
62.6024,171079,rest
62.6069,171045,rest
62.6106,170826,rest
62.6146,171214,rest
62.6189,171005,rest
62.6236,170557,rest
62.6249,1,rest
62.6270,71034,rest
62.6282,1709,rest
62.6311,89,rest
62.6327,170800,rest
62.6353,171418,rest
62.6398,170843,rest
62.6433,170828,rest
62.6476,170376,rest
62.6515,170820,rest
62.6561,171399,rest
62.6597,171456,rest
62.6638,170935,rest
62.6679,170643,rest
62.6723,170686,rest
62.6762,171122,rest
62.6804,171149,rest
62.6844,170912,rest
62.6901,21,rest
62.6930,171019,rest
62.6966,170690,rest
62.7007,171130,rest
62.7053,171057,rest
62.7090,170756,rest
62.7131,171325,rest
62.7171,171431,rest
62.7227,7095,rest
62.7258,171264,rest
62.7293,170808,rest
62.7334,171091,rest
62.7390,78,rest
62.7420,171028,rest
62.7458,170928,rest
62.7501,171435,rest
62.7517,1,rest
62.7541,70898,rest
62.7558,172,rest
62.7580,92,rest
62.7593,171132,rest
62.7622,171126,rest
62.7662,170889,rest
62.7715,70855,rest
62.7745,171369,rest
62.7786,170645,rest
62.7827,170990,rest
62.7885,14,rest
62.7910,171118,rest
62.7950,170921,rest
62.7990,171210,rest
62.8033,172,rest
62.8081,170888,rest
62.8112,171314,rest
62.8154,170562,rest
62.8195,171036,rest
62.8246,170597,rest
62.8277,171044,rest
62.8317,170982,rest
62.8359,171136,rest
62.8402,171133,rest
62.8440,170954,rest
62.8481,170670,rest
62.8523,171068,rest
62.8566,170876,rest
62.8604,171056,rest
62.8645,170877,rest
62.8687,170975,rest
62.8731,170829,rest
62.8768,171135,rest
62.8809,170940,rest
62.8822,170,rest
62.8850,670,rest
62.8860,170762,rest
62.8901,171049,rest
62.8933,170973,rest
62.8973,171123,rest
62.9014,171211,rest
62.9060,170827,rest
62.9096,170793,rest
62.9136,171146,rest
62.9178,171275,rest
62.9221,171324,rest
62.9259,171081,rest
62.9301,171089,rest
62.9341,171132,rest
62.9387,171120,rest
62.9423,170919,rest
62.9465,171243,rest
62.9506,171049,rest
62.9561,70689,rest
62.9596,170895,rest
62.9633,170819,rest
62.9669,170758,rest
62.9713,170871,rest
62.9751,170943,rest
62.9793,171151,rest
62.9834,170981,rest
62.9875,707,rest
62.9917,171679,rest
62.9962,171163,rest
62.9997,170203,rest
63.0042,170440,rest
63.0079,171198,rest
63.0089,171,rest
63.0120,432,rest
63.0134,171135,rest
63.0161,170948,rest
63.0220,7127,rest
63.0251,171566,rest
63.0294,171100,rest
63.0325,171396,rest
63.0383,7166,rest
63.0417,170982,rest
63.0448,170881,rest
63.0488,171146,rest
63.0531,703,rest
63.0573,171331,rest
63.0618,170769,rest
63.0653,171337,rest
63.0696,790,rest
63.0736,171150,rest
63.0784,171251,rest
63.0818,171030,rest
63.0857,170867,rest
63.0901,171057,rest
63.0939,170705,rest
63.0980,170733,rest
63.1021,171010,rest
63.1076,171084,rest
63.1103,170918,rest
63.1144,170950,rest
63.1185,171176,rest
63.1227,171139,rest
63.1267,170955,rest
63.1307,170816,rest
63.1349,170831,rest
63.1358,171,rest
63.1391,141,rest
63.1411,170521,rest
63.1431,171014,rest
63.1471,170855,rest
63.1513,171106,rest
63.1562,170745,rest
63.1594,171029,rest
63.1635,170982,rest
63.1678,170962,rest
63.1726,170898,rest
63.1758,170892,rest
63.1799,171369,rest
63.1841,171024,rest
63.1892,170959,rest
63.1923,171022,rest
63.1963,171122,rest
63.2004,170897,rest
63.2047,170871,rest
63.2086,170829,rest
63.2127,170809,rest
63.2167,170390,rest
63.2214,171023,rest
63.2250,170849,rest
63.2290,170925,rest
63.2332,170660,rest
63.2380,170993,rest
63.2413,170863,rest
63.2454,171343,rest
63.2496,171277,rest
63.2547,712,rest
63.2578,171048,rest
63.2624,171028,rest
63.2636,17,rest
63.2659,1248,rest
63.2674,17072,rest
63.2703,2,rest
63.2707,170844,rest
63.2741,170847,rest
63.2783,171423,rest
63.2823,171113,rest
63.2865,7087,rest
63.2908,170849,rest
63.2952,170584,rest
63.2987,170551,rest
63.3040,7039,rest
63.3071,171053,rest
63.3110,171000,rest
63.3150,171028,rest
63.3192,170959,rest
63.3237,170547,rest
63.3274,170858,rest
63.3314,170884,rest
63.3356,170168,rest
63.3398,170856,rest
63.3437,170865,rest
63.3478,170988,rest
63.3520,170241,rest
63.3563,170760,rest
63.3601,171044,rest
63.3642,171229,rest
63.3684,170785,rest
63.3726,170673,rest
63.3765,170801,rest
63.3806,171601,rest
63.3847,170829,rest
63.3892,170706,rest
63.3906,17,rest
63.3929,0858,rest
63.3944,17064,rest
63.3969,0,rest
63.3970,170631,rest
63.4011,171260,rest
63.4058,170588,rest
63.4093,170683,rest
63.4134,171312,rest
63.4174,170593,rest
63.4219,170816,rest
63.4257,171058,rest
63.4297,171058,rest
63.4338,170417,rest
63.4391,170996,rest
63.4420,171021,rest
63.4461,170776,rest
63.4503,171163,rest
63.4559,171271,rest
63.4584,171465,rest
63.4625,170837,rest
63.4667,171344,rest
63.4721,171040,rest
63.4748,170519,rest
63.4789,170825,rest
63.4831,170769,rest
63.4873,7093,rest
63.4915,171211,rest
63.4956,170887,rest
63.4994,170535,rest
63.5046,705,rest
63.5083,170139,rest
63.5119,170550,rest
63.5158,170859,rest
63.5168,17,rest
63.5203,0283,rest
63.5218,17086,rest
63.5240,7,rest
63.5241,171093,rest
63.5281,170579,rest
63.5322,171087,rest
63.5378,7088,rest
63.5414,171295,rest
63.5452,170420,rest
63.5486,171217,rest
63.5527,9,rest
63.5596,171272,rest
63.5610,170829,rest
63.5649,171054,rest
63.5693,171083,rest
63.5733,170926,rest
63.5772,170767,rest
63.5813,170684,rest
63.5854,171127,rest
63.5897,170400,rest
63.5936,171044,rest
63.5978,170946,rest
63.6019,171496,rest
63.6059,171151,rest
63.6100,170944,rest
63.6140,170981,rest
63.6182,171184,rest
63.6228,171308,rest
63.6263,170736,rest
63.6304,170899,rest
63.6346,170910,rest
63.6396,170927,rest
63.6428,171159,rest
63.6436,1,rest
63.6469,71536,rest
63.6482,1708,rest
63.6509,61,rest
63.6520,170488,rest
63.6567,171191,rest
63.6591,170792,rest
63.6632,171438,rest
63.6674,170452,rest
63.6716,170810,rest
63.6755,171518,rest
63.6796,171038,rest
63.6837,171265,rest
63.6883,170901,rest
63.6919,170881,rest
63.6960,170931,rest
63.7001,171298,rest
63.7045,170899,rest
63.7083,171348,rest
63.7124,170667,rest
63.7165,170922,rest
63.7207,77,rest
63.7249,170635,rest
63.7292,170435,rest
63.7328,170899,rest
63.7376,171174,rest
63.7419,170981,rest
63.7451,171101,rest
63.7494,171079,rest
63.7541,170470,rest
63.7575,170930,rest
63.7616,170356,rest
63.7657,170789,rest
63.7716,71,rest
63.7744,70431,rest
63.7758,1709,rest
63.7781,73,rest
63.7796,170976,rest
63.7821,170770,rest
63.7865,171202,rest
63.7902,171445,rest
63.7944,171098,rest
63.7985,171522,rest
63.8026,7155,rest
63.8066,171169,rest
63.8113,171398,rest
63.8149,171216,rest
63.8205,70,rest
63.8240,171127,rest
63.8271,170726,rest
63.8312,171049,rest
63.8354,71538,rest
63.8398,171234,rest
63.8443,171107,rest
63.8476,171149,rest
63.8523,1,rest
63.8560,170562,rest
63.8600,171167,rest
63.8639,171196,rest
63.8682,171271,rest
63.8721,170745,rest
63.8762,170878,rest
63.8803,170968,rest
63.8845,171293,rest
63.8894,170892,rest
63.8926,171431,rest
63.8968,171323,rest
63.8980,1,rest
63.9008,70815,rest
63.9017,1709,rest
63.9056,00,rest
63.9074,171380,rest
63.9090,170634,rest
63.9131,171252,rest
63.9171,170980,rest
63.9214,170855,rest
63.9254,170799,rest
63.9294,171098,rest
63.9335,170597,rest
63.9387,170974,rest
63.9424,170639,rest
63.9458,171235,rest
63.9500,170642,rest
63.9544,171164,rest
63.9582,171302,rest
63.9622,171075,rest
63.9671,171029,rest
63.9720,171173,rest
63.9745,171326,rest
63.9786,171095,rest
63.9827,171077,rest
63.9870,171056,rest
63.9910,170741,rest
63.9951,171199,rest
63.9994,170862,rest
64.0095,170835,rest
64.0122,171116,rest
64.0155,171639,rest
64.0211,8,rest
64.0276,170592,rest
64.0280,170535,rest
64.0299,170,rest
64.0319,811,rest
64.0328,170750,rest
64.0374,171,rest
64.0403,170828,rest
64.0450,171085,rest
64.0485,170636,rest
64.0524,7047,rest
64.0569,170929,rest
64.0608,171334,rest
64.0653,171278,rest
64.0687,170866,rest
64.0733,170642,rest
64.0778,171115,rest
64.0810,171222,rest
64.0852,171329,rest
64.0898,171128,rest
64.0933,171094,rest
64.0975,171334,rest
64.1015,171150,rest
64.1058,170740,rest
64.1100,171403,rest
64.1138,170660,rest
64.1179,171071,rest
64.1223,170339,rest
64.1263,171138,rest
64.1302,171397,rest
64.1343,170668,rest
64.1389,171233,rest
64.1424,171059,rest
64.1465,170677,rest
64.1507,171800,rest
64.1554,171257,rest
64.1565,171,rest
64.1589,096,rest
64.1602,171498,rest
64.1630,171071,rest
64.1670,171147,rest
64.1714,171458,rest
64.1753,170986,rest
64.1793,171006,rest
64.1834,171190,rest
64.1886,171389,rest
64.1916,170905,rest
64.1957,170688,rest
64.1999,171290,rest
64.2043,171114,rest
64.2085,171246,rest
64.2121,170591,rest
64.2161,170805,rest
64.2208,171112,rest
64.2253,171188,rest
64.2284,170914,rest
64.2325,170931,rest
64.2369,170814,rest
64.2412,171075,rest
64.2448,170909,rest
64.2489,171467,rest
64.2532,7077,rest
64.2578,171300,rest
64.2620,171045,rest
64.2665,171510,rest
64.2694,171091,rest
64.2735,170810,rest
64.2776,170887,rest
64.2817,171153,rest
64.2827,171,rest
64.2865,5111,rest
64.2908,171168,rest
64.2944,171190,rest
64.2988,171065,rest
64.3038,17126,rest
64.3082,171081,rest
64.3105,171128,rest
64.3153,171318,rest
64.3194,170822,rest
64.3228,171348,rest
64.3274,171015,rest
64.3316,171101,rest
64.3353,111,rest
64.3393,170984,rest
64.3436,170787,rest
64.3472,171351,rest
64.3514,171010,rest
64.3557,171293,rest
64.3595,170926,rest
64.3636,170983,rest
64.3678,171035,rest
64.3726,171476,rest
64.3759,171519,rest
64.3802,170623,rest
64.3841,171073,rest
64.3889,170857,rest
64.3924,171047,rest
64.3965,170820,rest
64.4006,171702,rest
64.4056,171068,rest
64.4087,170807,rest
64.4100,171,rest
64.4128,251,rest
64.4145,170833,rest
64.4171,170814,rest
64.4215,171064,rest
64.4251,170754,rest
64.4291,171216,rest
64.4334,171451,rest
64.4390,171123,rest
64.4414,171182,rest
64.4455,171006,rest
64.4497,170636,rest
64.4544,171387,rest
64.4578,171483,rest
64.4619,170920,rest
64.4660,171154,rest
64.4707,171007,rest
64.4743,171139,rest
64.4784,171455,rest
64.4824,170761,rest
64.4867,707,rest
64.4913,171009,rest
64.4950,171118,rest
64.4989,171212,rest
64.5094,171362,rest
64.5111,171287,rest
64.5151,170805,rest
64.5213,170899,rest
64.5233,171131,rest
64.5274,171143,rest
64.5315,171052,rest
64.5358,7168,rest
64.5376,1,rest
64.5400,566,rest
64.5410,17111,rest
64.5439,0,rest
64.5440,171195,rest
64.5481,170757,rest
64.5521,171132,rest
64.5565,170613,rest
64.5603,171425,rest
64.5644,171161,rest
64.5693,171,flicker
64.5745,171251,flicker
64.5783,170765,flicker
64.5807,171024,flicker
64.5869,1709,flicker
64.5892,171144,flicker
64.5943,171141,flicker
64.5974,170923,flicker
64.6015,170833,flicker
64.6059,171032,flicker
64.6093,171222,flicker
64.6136,171336,flicker
64.6176,171225,flicker
64.6227,170904,flicker
64.6258,171062,flicker
64.6298,171200,flicker
64.6340,171429,flicker
64.6390,171273,flicker
64.6421,171270,flicker
64.6462,171378,flicker
64.6504,171074,flicker
64.6552,171401,flicker
64.6585,170892,flicker
64.6626,170972,flicker
64.6640,17,flicker
64.6667,1615,flicker
64.6678,17111,flicker
64.6711,5,flicker
64.6724,171826,flicker
64.6749,170966,flicker
64.6790,171330,flicker
64.6831,171555,flicker
64.6877,171096,flicker
64.6913,171255,flicker
64.6954,171264,flicker
64.6995,171540,flicker
64.7038,171535,flicker
64.7076,170648,flicker
64.7117,171313,flicker
64.7159,171419,flicker
64.7204,170566,flicker
64.7241,171016,flicker
64.7282,170863,flicker
64.7323,170542,flicker
64.7379,71,flicker
64.7410,170683,flicker
64.7445,171005,flicker
64.7486,171311,flicker
64.7544,7075,flicker
64.7574,170876,flicker
64.7616,171625,flicker
64.7650,171250,flicker
64.7700,170815,flicker
64.7732,171034,flicker
64.7773,170804,flicker
64.7814,171369,flicker
64.7858,08,flicker
64.7907,170775,flicker
64.7928,17,flicker
64.7937,1109,flicker
64.7951,17067,flicker
64.7978,8,flicker
64.7979,171041,flicker
64.8019,171183,flicker
64.8064,170833,flicker
64.8101,171266,flicker
64.8142,170968,flicker
64.8185,781,flicker
64.8228,170834,flicker
64.8268,170967,flicker
64.8306,171506,flicker
64.8347,171079,flicker
64.8387,171053,flicker
64.8428,171056,flicker
64.8469,171129,flicker
64.8511,170951,flicker
64.8561,171541,flicker
64.8593,171262,flicker
64.8633,170480,flicker
64.8674,171093,flicker
64.8722,171078,flicker
64.8756,170964,flicker
64.8797,170701,flicker
64.8838,170616,flicker
64.8889,170855,flicker
64.8920,171439,flicker
64.8961,171470,flicker
64.9002,170949,flicker
64.9049,170978,flicker
64.9084,171030,flicker
64.9124,171531,flicker
64.9166,171156,flicker
64.9176,1,flicker
64.9220,70923,flicker
64.9237,1708,flicker
64.9247,46,flicker
64.9260,171094,flicker
64.9289,171275,flicker
64.9329,171027,flicker
64.9388,170977,flicker
64.9411,171554,flicker
64.9452,170705,flicker
64.9495,170886,flicker
64.9539,171401,flicker
64.9585,171024,flicker
64.9616,170766,flicker
64.9657,171084,flicker
64.9704,171130,flicker
64.9743,170902,flicker
64.9780,171000,flicker
64.9822,171377,flicker
64.9874,71382,flicker
64.9907,170807,flicker
64.9949,171370,flicker
65.0002,171092,flicker
65.0033,171143,flicker
65.0068,7110,flicker
65.0115,171090,flicker
65.0167,170730,flicker
65.0197,170727,flicker
65.0232,7083,flicker
65.0275,171136,flicker
65.0336,171351,flicker
65.0364,170803,flicker
65.0399,171055,flicker
65.0441,171095,flicker
65.0455,1,flicker
65.0477,128,flicker
65.0498,70,flicker
65.0518,66,flicker
65.0538,171164,flicker
65.0560,1147,flicker
65.0604,171031,flicker
65.0649,170922,flicker
65.0681,171180,flicker
65.0728,171538,flicker
65.0763,170804,flicker
65.0804,171763,flicker
65.0864,171239,flicker
65.0886,171150,flicker
65.0927,171062,flicker
65.0968,171328,flicker
65.1009,171423,flicker
65.1055,171288,flicker
65.1091,171061,flicker
65.1132,171438,flicker
65.1173,171139,flicker
65.1223,170926,flicker
65.1254,171072,flicker
65.1295,171195,flicker
65.1338,170926,flicker
65.1379,171230,flicker
65.1419,171069,flicker
65.1460,171017,flicker
65.1502,171018,flicker
65.1543,171237,flicker
65.1583,171156,flicker
65.1624,171053,flicker
65.1664,171304,flicker
65.1714,171202,flicker
65.1725,1,flicker
65.1747,71928,flicker
65.1758,1714,flicker
65.1787,92,flicker
65.1799,171180,flicker
65.1828,170634,flicker
65.1880,170959,flicker
65.1910,171210,flicker
65.1950,171095,flicker
65.1992,171274,flicker
65.2041,171167,flicker
65.2074,171175,flicker
65.2115,170873,flicker
65.2155,171528,flicker
65.2204,171774,flicker
65.2238,170657,flicker
65.2279,171402,flicker
65.2320,171033,flicker
65.2361,717,flicker
65.2406,170984,flicker
65.2450,171452,flicker
65.2484,170920,flicker
65.2526,71166,flicker
65.2569,171219,flicker
65.2608,170861,flicker
65.2647,171211,flicker
65.2705,7110,flicker
65.2755,170973,flicker
65.2770,170715,flicker
65.2811,170642,flicker
65.2874,710,flicker
65.2934,171095,flicker
65.2946,171082,flicker
65.2975,170908,flicker
65.3018,71,flicker
65.3023,1,flicker
65.3057,033,flicker
65.3067,171011,flicker
65.3098,170483,flicker
65.3138,171036,flicker
65.3230,171222,flicker
65.3263,171412,flicker
65.3303,171270,flicker
65.3368,170997,flicker
65.3385,170776,flicker
65.3426,170920,flicker
65.3467,171178,flicker
65.3508,171243,flicker
65.3550,170948,flicker
65.3589,170913,flicker
65.3630,171370,flicker
65.3672,170649,flicker
65.3713,170813,flicker
65.3753,170884,flicker
65.3794,171516,flicker
65.3836,171180,flicker
65.3878,170993,flicker
65.3917,170900,flicker
65.3958,170850,flicker
65.4000,170878,flicker
65.4043,171172,flicker
65.4081,171136,flicker
65.4122,171555,flicker
65.4162,170791,flicker
65.4216,171239,flicker
65.4244,171084,flicker
65.4285,170982,flicker
65.4301,171,flicker
65.4328,580,flicker
65.4339,171330,flicker
65.4380,171158,flicker
65.4408,171272,flicker
65.4449,171609,flicker
65.4490,171849,flicker
65.4536,170542,flicker
65.4572,171571,flicker
65.4613,171062,flicker
65.4654,171216,flicker
65.4697,793,flicker
65.4740,170970,flicker
65.4784,171103,flicker
65.4818,171207,flicker
65.4864,171133,flicker
65.4900,170618,flicker
65.4941,171267,flicker
65.4981,170946,flicker
65.5034,7128,flicker
65.5066,171415,flicker
65.5105,170912,flicker
65.5145,170928,flicker
65.5188,71327,flicker
65.5232,171163,flicker
65.5284,171031,flicker
65.5322,171229,flicker
65.5351,7101,flicker
65.5404,171249,flicker
65.5435,171229,flicker
65.5473,171389,flicker
65.5516,783,flicker
65.5559,171316,flicker
65.5584,17,flicker
65.5599,1304,flicker
65.5618,17135,flicker
65.5637,8,flicker
65.5638,171162,flicker
65.5680,1715,flicker
65.5734,170882,flicker
65.5766,171005,flicker
65.5801,171393,flicker
65.5862,17042,flicker
65.5899,170721,flicker
65.5934,171190,flicker
65.5965,171055,flicker
65.6006,170883,flicker
65.6049,170993,flicker
65.6087,170594,flicker
65.6128,171266,flicker
65.6170,170992,flicker
65.6216,171517,flicker
65.6252,171506,flicker
65.6293,170839,flicker
65.6333,170879,flicker
65.6379,171148,flicker
65.6415,170698,flicker
65.6456,171049,flicker
65.6497,171148,flicker
65.6548,170713,flicker
65.6579,170962,flicker
65.6620,171145,flicker
65.6661,170795,flicker
65.6707,170619,flicker
65.6743,171074,flicker
65.6785,171019,flicker
65.6825,171164,flicker
65.6841,17,flicker
65.6868,0983,flicker
65.6889,17121,flicker
65.6907,5,flicker
65.6907,170805,flicker
65.6948,171220,flicker
65.6989,171034,flicker
65.7033,171356,flicker
65.7070,170913,flicker
65.7112,170944,flicker
65.7152,171125,flicker
65.7197,170955,flicker
65.7234,171367,flicker
65.7276,170645,flicker
65.7317,170775,flicker
65.7411,171325,flicker
65.7444,171275,flicker
65.7481,171341,flicker
65.7532,73,flicker
65.7567,170999,flicker
65.7610,171378,flicker
65.7644,170819,flicker
65.7701,7096,flicker
65.7731,170611,flicker
65.7767,171015,flicker
65.7808,171447,flicker
65.7867,5,flicker
65.7913,170943,flicker
65.7931,170740,flicker
65.7972,171286,flicker
65.8013,7736,flicker
65.8057,171028,flicker
65.8100,171670,flicker
65.8117,17,flicker
65.8136,0927,flicker
65.8146,17080,flicker
65.8179,30,flicker
65.8220,171056,flicker
65.8261,170985,flicker
65.8299,171285,flicker
65.8341,171075,flicker
65.8383,170935,flicker
65.8423,170909,flicker
65.8464,171251,flicker
65.8504,170695,flicker
65.8550,171214,flicker
65.8586,170869,flicker
65.8627,171241,flicker
65.8669,171125,flicker
65.8717,170589,flicker
65.8750,170662,flicker
65.8791,171169,flicker
65.8833,171395,flicker
65.8882,170741,flicker
65.8914,170995,flicker
65.8955,170696,flicker
65.8996,170768,flicker
65.9043,170973,flicker
65.9078,171282,flicker
65.9118,170800,flicker
65.9159,171224,flicker
65.9205,171141,flicker
65.9242,171450,flicker
65.9282,171092,flicker
65.9325,171022,flicker
65.9375,171002,flicker
65.9386,1,flicker
65.9405,71452,flicker
65.9417,1708,flicker
65.9446,84,flicker
65.9462,171652,flicker
65.9489,171197,flicker
65.9532,171458,flicker
65.9569,171306,flicker
65.9610,171216,flicker
65.9651,171001,flicker
65.9696,171193,flicker
65.9733,171060,flicker
65.9774,171229,flicker
65.9815,170991,flicker
65.9863,170847,flicker
65.9897,170693,flicker
65.9938,171330,flicker
65.9981,171180,flicker
66.0020,171065,flicker
66.0060,171258,flicker
66.0101,171313,flicker
66.0142,171034,flicker
66.0185,7935,flicker
66.0235,170884,flicker
66.0266,171499,flicker
66.0306,171169,flicker
66.0360,32,flicker
66.0393,170890,flicker
66.0429,171579,flicker
66.0470,170843,flicker
66.0513,007,flicker
66.0556,170988,flicker
66.0600,170977,flicker
66.0635,171389,flicker
66.0645,1,flicker
66.0686,110,flicker
66.0722,04,flicker
66.0745,171014,flicker
66.0759,171076,flicker
66.0798,171069,flicker
66.0840,171419,flicker
66.0887,171235,flicker
66.0920,171551,flicker
66.0962,171106,flicker
66.1003,171017,flicker
66.1051,171350,flicker
66.1084,171326,flicker
66.1125,171186,flicker
66.1167,171049,flicker
66.1215,171116,flicker
66.1248,171045,flicker
66.1289,170863,flicker
66.1331,171193,flicker
66.1375,170895,flicker
66.1412,170971,flicker
66.1454,170837,flicker
66.1494,170836,flicker
66.1539,170749,flicker
66.1576,171366,flicker
66.1617,171155,flicker
66.1660,171141,flicker
66.1707,170752,flicker
66.1740,171044,flicker
66.1781,171279,flicker
66.1823,170596,flicker
66.1867,171217,flicker
66.1904,171071,flicker
66.1913,1,flicker
66.1945,70889,flicker
66.1958,1710,flicker
66.1985,95,flicker
66.1996,170917,flicker
66.2036,171174,flicker
66.2067,171075,flicker
66.2108,171213,flicker
66.2149,170984,flicker
66.2197,170820,flicker
66.2232,171473,flicker
66.2272,170603,flicker
66.2314,171098,flicker
66.2372,70932,flicker
66.2397,171197,flicker
66.2436,171239,flicker
66.2479,171120,flicker
66.2523,170916,flicker
66.2560,170911,flicker
66.2600,171101,flicker
66.2641,170771,flicker
66.2698,711,flicker
66.2729,171411,flicker
66.2764,171075,flicker
66.2805,171130,flicker
66.2865,19,flicker
66.2895,171018,flicker
66.2928,170739,flicker
66.2969,171261,flicker
66.3026,10,flicker
66.3070,171349,flicker
66.3091,170935,flicker
66.3132,171024,flicker
66.3180,712,flicker
66.3216,170715,flicker
66.3233,170,flicker
66.3256,738,flicker
66.3270,170677,flicker
66.3297,171395,flicker
66.3338,171080,flicker
66.3378,171189,flicker
66.3419,171239,flicker
66.3460,171532,flicker
66.3502,170684,flicker
66.3546,170776,flicker
66.3583,170979,flicker
66.3624,171041,flicker
66.3667,171050,flicker
66.3709,171204,flicker
66.3747,171373,flicker
66.3788,171234,flicker
66.3829,171490,flicker
66.3874,171484,flicker
66.3911,171218,flicker
66.3952,170771,flicker
66.3993,171306,flicker
66.4038,170812,flicker
66.4075,171333,flicker
66.4116,171767,flicker
66.4157,171132,flicker
66.4202,171481,flicker
66.4238,171769,flicker
66.4281,171045,flicker
66.4321,170938,flicker
66.4368,171277,flicker
66.4403,171126,flicker
66.4443,170617,flicker
66.4484,171040,flicker
66.4493,17,flicker
66.4535,1401,flicker
66.4551,17130,flicker
66.4566,9,flicker
66.4567,171326,flicker
66.4607,171046,flicker
66.4648,171176,flicker
66.4692,170809,flicker
66.4730,170957,flicker
66.4771,171102,flicker
66.4812,170799,flicker
66.4860,171118,flicker
66.4894,170959,flicker
66.4935,171445,flicker
66.4976,170667,flicker
66.5020,171104,flicker
66.5058,170608,flicker
66.5098,171152,flicker
66.5139,170868,flicker
66.5182,7117,flicker
66.5231,171193,flicker
66.5268,171398,flicker
66.5304,171256,flicker
66.5344,70998,flicker
66.5389,170799,flicker
66.5430,171901,flicker
66.5467,171094,flicker
66.5509,70747,flicker
66.5554,171090,flicker
66.5594,171261,flicker
66.5631,171273,flicker
66.5690,1,flicker
66.5716,171095,flicker
66.5754,170965,flicker
66.5768,17,flicker
66.5795,1277,flicker
66.5807,17082,flicker
66.5836,6,flicker
66.5840,1714,flicker
66.5878,171227,flicker
66.5922,171256,flicker
66.5958,171172,flicker
66.6000,170826,flicker
66.6046,171266,flicker
66.6081,171030,flicker
66.6122,170983,flicker
66.6164,171357,flicker
66.6205,171886,flicker
66.6245,171349,flicker
66.6286,171063,flicker
66.6327,170892,flicker
66.6378,171170,flicker
66.6409,171429,flicker
66.6450,170796,flicker
66.6492,170926,flicker
66.6540,171025,flicker
66.6573,171058,flicker
66.6614,170468,flicker
66.6656,171286,flicker
66.6700,170448,flicker
66.6737,170983,flicker
66.6778,170940,flicker
66.6820,171486,flicker
66.6865,171097,flicker
66.6901,170741,flicker
66.6941,171011,flicker
66.6983,170929,flicker
66.7034,170509,flicker
66.7048,17,flicker
66.7065,1101,flicker
66.7078,17094,flicker
66.7105,3,flicker
66.7116,171227,flicker
66.7147,171019,flicker
66.7195,170824,flicker
66.7229,170998,flicker
66.7269,170901,flicker
66.7310,171314,flicker
66.7360,171097,flicker
66.7392,171065,flicker
66.7433,171617,flicker
66.7475,170930,flicker
66.7519,170944,flicker
66.7556,171138,flicker
66.7597,171557,flicker
66.7638,171399,flicker
66.7681,7054,flicker
66.7722,171441,flicker
66.7764,171174,flicker
66.7803,171120,flicker
66.7844,71,flicker
66.7896,171113,flicker
66.7928,171257,flicker
66.7965,171033,flicker
66.8008,718,flicker
66.8050,170717,flicker
66.8090,170703,flicker
66.8130,171753,flicker
66.8183,70841,flicker
66.8213,170754,flicker
66.8253,171426,flicker
66.8294,171191,flicker
66.8304,1,flicker
66.8345,7111,flicker
66.8387,8,flicker
66.8399,171603,flicker
66.8418,171251,flicker
66.8460,170950,flicker
66.8499,170598,flicker
66.8544,171043,flicker
66.8580,170873,flicker
66.8621,171104,flicker
66.8664,171278,flicker
66.8707,171408,flicker
66.8744,171427,flicker
66.8785,170820,flicker
66.8828,170796,flicker
66.8871,170672,flicker
66.8908,171363,flicker
66.8948,170918,flicker
66.8990,171184,flicker
66.9043,171453,flicker
66.9071,170654,flicker
66.9113,171193,flicker
66.9153,170847,flicker
66.9204,170747,flicker
66.9235,171234,flicker
66.9276,170726,flicker
66.9317,170874,flicker
66.9363,171356,flicker
66.9399,171012,flicker
66.9440,171312,flicker
66.9482,171263,flicker
66.9526,170952,flicker
66.9563,171578,flicker
66.9571,1,flicker
66.9604,70958,flicker
66.9619,1716,flicker
66.9645,12,flicker
66.9648,171078,flicker
66.9689,171038,flicker
66.9731,171137,flicker
66.9768,171479,flicker
66.9809,171522,flicker
66.9862,711,flicker
66.9905,171461,flicker
66.9945,171243,flicker
66.9976,171261,flicker
67.0014,171146,flicker
67.0062,171005,flicker
67.0095,170971,flicker
67.0136,171071,flicker
67.0185,171530,flicker
67.0218,171341,flicker
67.0259,171451,flicker
67.0300,171523,flicker
67.0342,71350,flicker
67.0388,171198,flicker
67.0431,171404,flicker
67.0464,170826,flicker
67.0517,73,flicker
67.0556,170997,flicker
67.0593,170993,flicker
67.0628,171270,flicker
67.0670,171359,flicker
67.0718,171155,flicker
67.0751,171204,flicker
67.0793,171013,flicker
67.0833,170967,flicker
67.0851,1,flicker
67.0878,71321,flicker
67.0896,170,flicker
67.0915,995,flicker
67.0929,171110,flicker
67.0956,171177,flicker
67.0997,171110,flicker
67.1046,171115,flicker
67.1078,170922,flicker
67.1119,171326,flicker
67.1161,170788,flicker
67.1209,171445,flicker
67.1242,171214,flicker
67.1283,171063,flicker
67.1326,171199,flicker
67.1371,170376,flicker
67.1406,171273,flicker
67.1447,170939,flicker
67.1488,171065,flicker
67.1535,171013,flicker
67.1570,170839,flicker
67.1612,170714,flicker
67.1653,171050,flicker
67.1699,170837,flicker
67.1734,170999,flicker
67.1774,171410,flicker
67.1816,171241,flicker
67.1862,171230,flicker
67.1898,171094,flicker
67.1938,170827,flicker
67.1981,170819,flicker
67.2023,170762,flicker
67.2062,171027,flicker
67.2103,171188,flicker
67.2144,170887,flicker
67.2160,171,flicker
67.2188,304,flicker
67.2204,171046,flicker
67.2226,170734,flicker
67.2266,171476,flicker
67.2308,171466,flicker
67.2349,7111,flicker
67.2394,171055,flicker
67.2431,171481,flicker
67.2472,171088,flicker
67.2519,171180,flicker
67.2553,171137,flicker
67.2594,170664,flicker
67.2635,171087,flicker
67.2690,711,flicker
67.2720,170913,flicker
67.2758,171233,flicker
67.2799,170854,flicker
67.2856,7132,flicker
67.2885,171185,flicker
67.2923,170786,flicker
67.2962,171311,flicker
67.3005,75,flicker
67.3049,170857,flicker
67.3096,170867,flicker
67.3126,170791,flicker
67.3188,108,flicker
67.3220,171055,flicker
67.3253,170824,flicker
67.3290,170865,flicker
67.3333,171395,flicker
67.3373,170537,flicker
67.3413,171136,flicker
67.3429,170,flicker
67.3454,801,flicker
67.3466,17098,flicker
67.3495,2,flicker
67.3496,170712,flicker
67.3536,171352,flicker
67.3577,170801,flicker
67.3618,170984,flicker
67.3659,171150,flicker
67.3706,171370,flicker
67.3741,170693,flicker
67.3783,170942,flicker
67.3823,171120,flicker
67.3869,170440,flicker
67.3905,171509,flicker
67.3945,170754,flicker
67.3987,171272,flicker
67.4038,171338,flicker
67.4068,171375,flicker
67.4109,171025,flicker
67.4151,170867,flicker
67.4195,170994,flicker
67.4232,170701,flicker
67.4273,171338,flicker
67.4315,170761,flicker
67.4367,171079,flicker
67.4396,171098,flicker
67.4437,170287,flicker
67.4478,170679,flicker
67.4522,170804,flicker
67.4560,171099,flicker
67.4601,171775,flicker
67.4643,170905,flicker
67.4686,170703,flicker
67.4701,171,flicker
67.4724,635,flicker
67.4742,17104,flicker
67.4764,2,flicker
67.4765,171216,flicker
67.4805,171035,flicker
67.4848,703,flicker
67.4895,171181,flicker
67.4940,171097,flicker
67.4972,171225,flicker
67.5018,171084,flicker
67.5052,171526,flicker
67.5092,171222,flicker
67.5133,171801,flicker
67.5181,171068,flicker
67.5215,170701,flicker
67.5256,170825,flicker
67.5297,170918,flicker
67.5340,16,flicker
67.5382,170957,flicker
67.5427,171005,flicker
67.5461,171364,flicker
67.5504,96,flicker
67.5547,171105,flicker
67.5587,170701,flicker
67.5625,171337,flicker
67.5667,6,flicker
67.5716,171138,flicker
67.5748,170819,flicker
67.5789,171013,flicker
67.5830,170928,flicker
67.5871,171053,flicker
67.5912,171276,flicker
67.5953,171208,flicker
67.5963,17,flicker
67.5994,0961,flicker
67.6007,17098,flicker
67.6037,3,flicker
67.6040,170489,flicker
67.6076,170986,flicker
67.6116,170825,flicker
67.6158,171008,flicker
67.6205,171102,flicker
67.6239,170528,flicker
67.6280,171147,flicker
67.6322,170935,flicker
67.6366,170684,flicker
67.6403,171171,flicker
67.6444,171025,flicker
67.6485,170931,flicker
67.6536,170716,flicker
67.6568,171068,flicker
67.6608,171029,flicker
67.6650,170913,flicker
67.6700,170832,flicker
67.6730,171398,flicker
67.6772,171316,flicker
67.6813,171027,flicker
67.6859,171045,flicker
67.6895,171048,flicker
67.6935,170726,flicker
67.6976,171173,flicker
67.7022,170998,flicker
67.7058,170599,flicker
67.7099,170976,flicker
67.7141,171198,flicker
67.7191,171594,flicker
67.7223,170854,flicker
67.7233,17,flicker
67.7263,0892,flicker
67.7278,17122,flicker
67.7304,6,flicker
67.7305,171117,flicker
67.7361,70,flicker
67.7392,171756,flicker
67.7430,171510,flicker
67.7468,171081,flicker
67.7516,170769,flicker
67.7550,171106,flicker
67.7591,171256,flicker
67.7632,170772,flicker
67.7683,171122,flicker
67.7714,171057,flicker
67.7755,170874,flicker
67.7795,170912,flicker
67.7838,05,flicker
67.7884,171298,flicker
67.7927,171107,flicker
67.7960,170926,flicker
67.8007,170808,flicker
67.8041,170845,flicker
67.8082,170827,flicker
67.8123,170950,flicker
67.8172,170918,flicker
67.8205,171108,flicker
67.8246,171076,flicker
67.8287,171221,flicker
67.8330,79,flicker
67.8375,170746,flicker
67.8422,171190,flicker
67.8452,171319,flicker
67.8495,171077,flicker
67.8510,7,flicker
67.8540,421,flicker
67.8556,1712,flicker
67.8579,40,flicker
67.8602,171090,flicker
67.8617,171146,flicker
67.8656,171079,flicker
67.8705,170568,flicker
67.8738,171043,flicker
67.8778,171034,flicker
67.8820,170799,flicker
67.8864,170939,flicker
67.8902,171379,flicker
67.8942,171439,flicker
67.8984,171202,flicker
67.9030,170651,flicker
67.9065,171091,flicker
67.9106,171436,flicker
67.9149,171310,flicker
67.9193,171261,flicker
67.9230,171173,flicker
67.9270,171643,flicker
67.9311,171199,flicker
67.9364,171181,flicker
67.9393,171801,flicker
67.9434,171076,flicker
67.9477,170980,flicker
67.9519,170873,flicker
67.9557,171502,flicker
67.9598,170426,flicker
67.9639,170946,flicker
67.9682,70737,flicker
67.9728,170894,flicker
67.9774,171138,flicker
67.9787,1,flicker
67.9803,71000,flicker
67.9819,1707,flicker
67.9845,5,flicker
67.9863,104,flicker
67.9887,171202,flicker
67.9928,171185,flicker
67.9967,170807,flicker
68.0024,8,flicker
68.0085,171559,flicker
68.0092,171352,flicker
68.0130,171140,flicker
68.0185,707,flicker
68.0215,171322,flicker
68.0256,170830,flicker
68.0311,171457,flicker
68.0345,1711,flicker
68.0377,170978,flicker
68.0417,171794,flicker
68.0458,171136,flicker
68.0499,71207,flicker
68.0547,170787,flicker
68.0590,170812,flicker
68.0623,170819,flicker
68.0666,173,flicker
68.0714,171128,flicker
68.0746,170680,flicker
68.0786,171026,flicker
68.0827,170831,flicker
68.0874,171066,flicker
68.0909,171006,flicker
68.0949,170762,flicker
68.0991,171130,flicker
68.1035,171215,flicker
68.1048,1,flicker
68.1073,71120,flicker
68.1085,1713,flicker
68.1113,44,flicker
68.1125,171347,flicker
68.1157,171199,flicker
68.1200,170603,flicker
68.1236,171443,flicker
68.1277,170809,flicker
68.1318,170747,flicker
68.1367,170801,flicker
68.1400,171107,flicker
68.1441,170747,flicker
68.1482,170553,flicker
68.1526,170758,flicker
68.1564,170605,flicker
68.1605,170925,flicker
68.1647,171183,flicker
68.1699,171278,flicker
68.1728,170797,flicker
68.1769,170928,flicker
68.1811,171020,flicker
68.1854,171329,flicker
68.1894,171272,flicker
68.1933,171219,flicker
68.1973,170698,flicker
68.2020,170925,flicker
68.2055,170929,flicker
68.2096,170932,flicker
68.2137,171248,flicker
68.2197,170979,flicker
68.2219,171102,flicker
68.2260,170528,flicker
68.2301,171007,flicker
68.2312,1,flicker
68.2349,71606,flicker
68.2363,1717,flicker
68.2384,21,flicker
68.2394,170830,flicker
68.2425,170849,flicker
68.2473,171132,flicker
68.2507,171131,flicker
68.2558,171104,flicker
68.2588,170853,flicker
68.2629,171360,flicker
68.2685,763,flicker
68.2721,171171,flicker
68.2760,171439,flicker
68.2793,170832,flicker
68.2839,714,flicker
68.2876,171057,flicker
68.2919,171547,flicker
68.2956,171245,flicker
68.3000,171096,flicker
68.3048,170460,flicker
68.3079,171366,flicker
68.3120,170975,flicker
68.3170,178,flicker
68.3207,171340,flicker
68.3254,171667,flicker
68.3287,171031,flicker
68.3326,171829,flicker
68.3370,170840,flicker
68.3407,171476,flicker
68.3448,171163,flicker
68.3489,171145,flicker
68.3544,170855,flicker
68.3571,171028,flicker
68.3612,170812,flicker
68.3629,170,flicker
68.3653,707,flicker
68.3667,170712,flicker
68.3703,171073,flicker
68.3735,171079,flicker
68.3775,170648,flicker
68.3817,171092,flicker
68.3870,170645,flicker
68.3898,171155,flicker
68.3939,170939,flicker
68.3981,170990,flicker
68.4026,170907,flicker
68.4062,171046,flicker
68.4103,170783,flicker
68.4144,171487,flicker
68.4192,171085,flicker
68.4226,171519,flicker
68.4267,171146,flicker
68.4308,170411,flicker
68.4359,170768,flicker
68.4390,171128,flicker
68.4431,170675,flicker
68.4475,171324,flicker
68.4515,171599,flicker
68.4554,170899,flicker
68.4595,171475,flicker
68.4636,171037,flicker
68.4683,171411,flicker
68.4718,171193,flicker
68.4758,171543,flicker
68.4800,171017,flicker
68.4848,171040,flicker
68.4883,170978,flicker
68.4898,171,flicker
68.4922,135,flicker
68.4927,170872,flicker
68.4964,171273,flicker
68.5012,171127,flicker
68.5045,170876,flicker
68.5086,170992,flicker
68.5127,170720,flicker
68.5170,706,flicker
68.5218,170657,flicker
68.5252,171029,flicker
68.5308,171037,flicker
68.5333,170821,flicker
68.5385,170975,flicker
68.5414,171245,flicker
68.5455,170999,flicker
68.5497,7159,flicker
68.5544,170883,flicker
68.5579,171426,flicker
68.5619,171257,flicker
68.5676,7095,flicker
68.5708,171014,flicker
68.5743,171045,flicker
68.5791,170861,flicker
68.5825,170839,flicker
68.5870,171158,flicker
68.5905,171172,flicker
68.5946,170988,flicker
68.5988,170765,flicker
68.6033,170951,flicker
68.6069,170960,flicker
68.6110,171220,flicker
68.6153,171359,flicker
68.6165,171,flicker
68.6195,041,flicker
68.6210,17099,flicker
68.6233,5,flicker
68.6234,170489,flicker
68.6274,170837,flicker
68.6316,171063,flicker
68.6361,170702,flicker
68.6397,170876,flicker
68.6438,170945,flicker
68.6484,170920,flicker
68.6524,171263,flicker
68.6561,171161,flicker
68.6602,171033,flicker
68.6644,171146,flicker
68.6696,171125,flicker
68.6725,171327,flicker
68.6765,170803,flicker
68.6807,170891,flicker
68.6854,171213,flicker
68.6888,171593,flicker
68.6929,170843,flicker
68.6973,170553,flicker
68.7018,171366,flicker
68.7052,171599,flicker
68.7093,171935,flicker
68.7134,171582,flicker
68.7181,170689,flicker
68.7216,170994,flicker
68.7257,171356,flicker
68.7298,171105,flicker
68.7355,711,flicker
68.7391,170647,flicker
68.7427,170809,flicker
68.7437,17,flicker
68.7463,1367,flicker
68.7476,17075,flicker
68.7520,1086,flicker
68.7557,171066,flicker
68.7592,170808,flicker
68.7626,171016,flicker
68.7668,137,flicker
68.7711,171316,flicker
68.7754,170745,flicker
68.7790,171250,flicker
68.7845,715,flicker
68.7881,170815,flicker
68.7918,171294,flicker
68.7953,171100,flicker
68.8002,171434,flicker
68.8035,171516,flicker
68.8076,171698,flicker
68.8117,170877,flicker
68.8159,171488,flicker
68.8205,171059,flicker
68.8240,171468,flicker
68.8281,170804,flicker
68.8347,1708,flicker
68.8379,171230,flicker
68.8408,170411,flicker
68.8445,171046,flicker
68.8488,170950,flicker
68.8527,171659,flicker
68.8568,170917,flicker
68.8609,170992,flicker
68.8650,171090,flicker
68.8696,170802,flicker
68.8710,17,flicker
68.8732,1391,flicker
68.8748,1711,flicker
68.8772,98,flicker
68.8787,171127,flicker
68.8814,170909,flicker
68.8858,170981,flicker
68.8895,170915,flicker
68.8936,170655,flicker
68.8978,170795,flicker
68.9028,171293,flicker
68.9059,171166,flicker
68.9100,171030,flicker
68.9143,171177,flicker
68.9191,170554,flicker
68.9223,170685,flicker
68.9264,171293,flicker
68.9306,171034,flicker
68.9358,170939,flicker
68.9389,171306,flicker
68.9428,171097,flicker
68.9471,170870,flicker
68.9522,170982,flicker
68.9551,171375,flicker
68.9592,171424,flicker
68.9633,170714,flicker
68.9682,171178,flicker
68.9715,171090,flicker
68.9755,170601,flicker
68.9797,171055,flicker
68.9854,71411,flicker
68.9882,170712,flicker
68.9923,170941,flicker
68.9961,170967,flicker
68.9978,17,flicker
69.0006,0759,flicker
69.0019,1708,flicker
69.0042,43,flicker
69.0058,170619,flicker
69.0084,170897,flicker
69.0125,171110,flicker
69.0166,170698,flicker
69.0209,171293,flicker
69.0247,170682,flicker
69.0288,171117,flicker
69.0329,71126,flicker
69.0373,171044,flicker
69.0415,171067,flicker
69.0452,171099,flicker
69.0494,70637,flicker
69.0547,170672,flicker
69.0575,171139,flicker
69.0616,171024,flicker
69.0658,171364,flicker
69.0699,171133,flicker
69.0738,170682,flicker
69.0780,170886,flicker
69.0822,171293,flicker
69.0863,170731,flicker
69.0902,171309,flicker
69.0943,171001,flicker
69.0985,171163,flicker
69.1026,171024,flicker
69.1066,171359,flicker
69.1107,171304,flicker
69.1149,171442,flicker
69.1198,170718,flicker
69.1231,170654,flicker
69.1241,1,flicker
69.1271,70963,flicker
69.1286,1715,flicker
69.1312,62,flicker
69.1322,171518,flicker
69.1360,171218,flicker
69.1394,171074,flicker
69.1435,171257,flicker
69.1477,170901,flicker
69.1527,171301,flicker
69.1558,170922,flicker
69.1599,171518,flicker
69.1641,171314,flicker
69.1688,170833,flicker
69.1722,171208,flicker
69.1762,171077,flicker
69.1803,171642,flicker
69.1857,170863,flicker
69.1885,171842,flicker
69.1926,171308,flicker
69.1967,171325,flicker
69.2011,171421,flicker
69.2049,170635,flicker
69.2091,171420,flicker
69.2133,170872,flicker
69.2175,171159,flicker
69.2213,171009,flicker
69.2254,171523,flicker
69.2295,170685,flicker
69.2351,75,flicker
69.2396,170769,flicker
69.2430,171341,flicker
69.2461,171410,flicker
69.2522,7131,flicker
69.2553,71087,flicker
69.2573,171,flicker
69.2593,225,flicker
69.2606,171285,flicker
69.2623,171505,flicker
69.2665,7145,flicker
69.2715,170746,flicker
69.2756,171297,flicker
69.2787,170990,flicker
69.2833,170827,flicker
69.2868,170915,flicker
69.2909,170464,flicker
69.2950,171201,flicker
69.3003,715,flicker
69.3042,171250,flicker
69.3073,171269,flicker
69.3114,171061,flicker
69.3168,17175,flicker
69.3204,170957,flicker
69.3250,170990,flicker
69.3279,171098,flicker
69.3323,1734,flicker
69.3365,171038,flicker
69.3409,171445,flicker
69.3444,171285,flicker
69.3483,171642,flicker
69.3533,171147,flicker
69.3565,171386,flicker
69.3606,170536,flicker
69.3647,171354,flicker
69.3689,171218,flicker
69.3731,171088,flicker
69.3770,171357,flicker
69.3812,170953,flicker
69.3822,170,flicker
69.3861,971,flicker
69.3875,171363,flicker
69.3893,171110,flicker
69.3935,170584,flicker
69.3977,171306,flicker
69.4021,171332,flicker
69.4057,171127,flicker
69.4097,170854,flicker
69.4138,171073,flicker
69.4193,171193,flicker
69.4220,171369,flicker
69.4261,171376,flicker
69.4306,170851,flicker
69.4361,171060,flicker
69.4384,171309,flicker
69.4425,171519,flicker
69.4467,171164,flicker
69.4509,171068,flicker
69.4555,171102,flicker
69.4591,171141,flicker
69.4630,171231,flicker
69.4676,170858,flicker
69.4713,170930,flicker
69.4752,171202,flicker
69.4793,171642,flicker
69.4852,171426,flicker
69.4875,171141,flicker
69.4916,171310,flicker
69.4958,170956,flicker
69.5000,7152,flicker
69.5041,170901,flicker
69.5058,1,flicker
69.5089,70922,flicker
69.5101,170,flicker
69.5123,720,flicker
69.5138,170730,flicker
69.5178,170422,flicker
69.5203,170870,flicker
69.5244,170917,flicker
69.5285,171009,flicker
69.5327,11,flicker
69.5404,171484,flicker
69.5409,171047,flicker
69.5449,171231,flicker
69.5491,1,flicker
69.5546,171166,flicker
69.5585,170552,flicker
69.5616,171473,flicker
69.5655,777,flicker
69.5707,171043,flicker
69.5738,171197,flicker
69.5776,171058,flicker
69.5818,171112,flicker
69.5867,171370,flicker
69.5901,170774,flicker
69.5940,170487,flicker
69.5982,171114,flicker
69.6028,171855,flicker
69.6063,170988,flicker
69.6104,171383,flicker
69.6146,170954,flicker
69.6194,171326,flicker
69.6234,171601,flicker
69.6268,170986,flicker
69.6310,171097,flicker
69.6359,170606,flicker
69.6376,170,flicker
69.6391,882,flicker
69.6401,170985,flicker
69.6433,170764,flicker
69.6473,171433,flicker
69.6524,171608,flicker
69.6555,171378,flicker
69.6596,171066,flicker
69.6636,171368,flicker
69.6691,170984,flicker
69.6719,171429,flicker
69.6759,170893,flicker
69.6801,171122,flicker
69.6860,170989,flicker
69.6882,171480,flicker
69.6924,171396,flicker
69.6964,171293,flicker
69.7009,170923,flicker
69.7048,171188,flicker
69.7087,171120,flicker
69.7128,171252,flicker
69.7175,171128,flicker
69.7210,170680,flicker
69.7251,171405,flicker
69.7292,171325,flicker
69.7337,171413,flicker
69.7377,171032,flicker
69.7415,171281,flicker
69.7456,171563,flicker
69.7509,7058,flicker
69.7541,170816,flicker
69.7591,171083,flicker
69.7621,171631,flicker
69.7636,171,flicker
69.7674,8011,flicker
69.7705,171333,flicker
69.7745,171422,flicker
69.7786,170941,flicker
69.7831,171319,flicker
69.7876,750,flicker
69.7921,171722,flicker
69.7951,170989,flicker
69.7989,171058,flicker
69.8035,171340,flicker
69.8070,170844,flicker
69.8112,170795,flicker
69.8165,7,flicker
69.8196,171633,flicker
69.8240,171191,flicker
69.8288,171077,flicker
69.8318,171298,flicker
69.8360,171066,flicker
69.8407,170834,flicker
69.8443,171011,flicker
69.8480,171325,flicker
69.8525,171203,flicker
69.8562,171077,flicker
69.8603,171299,flicker
69.8644,171633,flicker
69.8694,170988,flicker
69.8726,171587,flicker
69.8767,171108,flicker
69.8808,171374,flicker
69.8852,171975,flicker
69.8892,171171,flicker
69.8902,17,flicker
69.8930,1010,flicker
69.8948,17150,flicker
69.8972,9,flicker
69.8973,171246,flicker
69.9016,171139,flicker
69.9053,171476,flicker
69.9094,171328,flicker
69.9137,171477,flicker
69.9180,171151,flicker
69.9217,170953,flicker
69.9258,171188,flicker
69.9299,170252,flicker
69.9357,171200,flicker
69.9381,170890,flicker
69.9422,171593,flicker
69.9463,171319,flicker
69.9507,171820,flicker
69.9554,170890,flicker
69.9586,171142,flicker
69.9626,171305,flicker
69.9680,719,flicker
69.9711,170714,flicker
69.9762,171205,flicker
69.9800,171253,flicker
69.9837,171097,flicker
69.9872,171085,flicker
69.9913,170469,flicker
69.9955,171176,flicker
70.0002,171075,flicker
70.0038,171055,flicker
70.0077,171432,flicker
70.0118,171035,flicker
70.0176,7,flicker
70.0202,0997,flicker
70.0225,17093,flicker
70.0242,0,flicker
70.0256,171417,flicker
70.0285,170714,flicker
70.0342,718,flicker
70.0369,171166,flicker
70.0405,170678,flicker
70.0446,171058,flicker
70.0488,793,flicker
70.0532,171142,flicker
70.0580,171009,flicker
70.0612,170853,flicker
70.0669,71,flicker
70.0713,171055,flicker
70.0747,170766,flicker
70.0774,171381,flicker
70.0815,170455,flicker
70.0860,171143,flicker
70.0896,171263,flicker
70.0937,170739,flicker
70.0979,171036,flicker
70.1026,171028,flicker
70.1061,171440,flicker
70.1103,171253,flicker
70.1143,171416,flicker
70.1188,170866,flicker
70.1228,171339,flicker
70.1265,171325,flicker
70.1306,170912,flicker
70.1355,170915,flicker
70.1388,170865,flicker
70.1430,171391,flicker
70.1440,1,flicker
70.1471,70944,flicker
70.1485,1706,flicker
70.1515,43,flicker
70.1526,171332,flicker
70.1553,170586,flicker
70.1593,170378,flicker
70.1633,171395,flicker
70.1687,171198,flicker
70.1716,171647,flicker
70.1756,171312,flicker
70.1800,171395,flicker
70.1843,171168,flicker
70.1879,171246,flicker
70.1921,170753,flicker
70.1961,171068,flicker
70.2007,170849,flicker
70.2045,171294,flicker
70.2085,170794,flicker
70.2125,170988,flicker
70.2180,171166,flicker
70.2207,171164,flicker
70.2248,171148,flicker
70.2289,170845,flicker
70.2336,171373,flicker
70.2381,170960,flicker
70.2412,170696,flicker
70.2455,170567,flicker
70.2506,72,flicker
70.2538,170992,flicker
70.2584,170613,flicker
70.2617,171325,flicker
70.2659,728,flicker
70.2708,171297,flicker
70.2731,1,flicker
70.2741,71481,flicker
70.2753,1712,flicker
70.2781,11,flicker
70.2791,171199,flicker
70.2828,171699,flicker
70.2866,171172,flicker
70.2903,170718,flicker
70.2944,170638,flicker
70.2986,171364,flicker
70.3035,171263,flicker
70.3073,171598,flicker
70.3108,170688,flicker
70.3151,51,flicker
70.3199,171397,flicker
70.3245,170715,flicker
70.3279,171131,flicker
70.3329,1725,flicker
70.3356,171159,flicker
70.3403,171102,flicker
70.3443,170834,flicker
70.3488,170921,flicker
70.3519,171556,flicker
70.3565,171322,flicker
70.3600,171251,flicker
70.3641,171118,flicker
70.3686,171459,flicker
70.3723,171564,flicker
70.3764,171124,flicker
70.3806,171226,flicker
70.3854,171234,flicker
70.3887,171179,flicker
70.3929,171067,flicker
70.3971,171638,flicker
70.4012,171297,flicker
70.4025,171,flicker
70.4050,393,flicker
70.4062,171538,flicker
70.4092,171096,flicker
70.4133,171361,flicker
70.4177,171287,flicker
70.4214,171233,flicker
70.4255,171428,flicker
70.4297,171101,flicker
70.4339,71153,flicker
70.4387,171077,flicker
70.4427,171323,flicker
70.4463,170645,flicker
70.4510,170601,flicker
70.4543,170984,flicker
70.4595,170893,flicker
70.4625,171605,flicker
70.4677,76,flicker
70.4708,171751,flicker
70.4755,171582,flicker
70.4799,171155,flicker
70.4837,171476,flicker
70.4869,171155,flicker
70.4916,171210,flicker
70.4953,171566,flicker
70.5006,7154,flicker
70.5035,171331,flicker
70.5076,170749,flicker
70.5115,170761,flicker
70.5157,71,flicker
70.5202,170917,flicker
70.5240,170572,flicker
70.5279,170772,flicker
70.5292,171,flicker
70.5321,36,flicker
70.5335,71569,flicker
70.5364,171490,flicker
70.5403,171408,flicker
70.5443,171172,flicker
70.5495,17112,flicker
70.5530,171330,flicker
70.5566,171070,flicker
70.5607,170992,flicker
70.5650,1709,flicker
70.5703,170832,flicker
70.5734,170772,flicker
70.5770,171278,flicker
70.5815,170604,flicker
70.5856,170653,flicker
70.5894,170907,flicker
70.5934,171093,flicker
70.5976,171421,flicker
70.6023,171053,flicker
70.6058,171413,flicker
70.6099,171106,flicker
70.6140,171454,flicker
70.6182,171757,flicker
70.6221,171316,flicker
70.6263,171127,flicker
70.6304,171442,flicker
70.6353,171127,flicker
70.6385,171559,flicker
70.6426,171164,flicker
70.6468,171521,flicker
70.6512,171663,flicker
70.6550,171107,flicker
70.6561,171,flicker
70.6590,289,flicker
70.6602,171074,flicker
70.6632,171571,flicker
70.6676,171364,flicker
70.6713,170813,flicker
70.6754,171204,flicker
70.6796,170872,flicker
70.6839,171090,flicker
70.6878,171384,flicker
70.6917,171144,flicker
70.6958,171455,flicker
70.7004,171055,flicker
70.7045,171118,flicker
70.7086,170702,flicker
70.7123,171328,flicker
70.7169,171218,flicker
70.7210,171475,flicker
70.7245,171573,flicker
70.7290,171158,flicker
70.7334,171281,flicker
70.7371,171050,flicker
70.7409,171339,flicker
70.7450,171440,flicker
70.7498,171478,flicker
70.7532,171257,flicker
70.7572,171232,flicker
70.7613,171239,flicker
70.7657,7097,flicker
70.7701,170712,flicker
70.7739,171145,flicker
70.7783,171259,flicker
70.7828,171515,flicker
70.7839,17,flicker
70.7861,242,flicker
70.7872,8,flicker
70.7902,6,flicker
70.7910,170748,flicker
70.7946,171039,flicker
70.7984,16,flicker
70.8026,171747,flicker
70.8072,171434,flicker
70.8105,171421,flicker
70.8160,7062,flicker
70.8198,171127,flicker
70.8231,170822,flicker
70.8279,171396,flicker
70.8318,171045,flicker
70.8353,9,flicker
70.8401,171056,flicker
70.8446,171375,flicker
70.8474,171137,flicker
70.8524,171814,flicker
70.8556,170541,flicker
70.8597,170947,flicker
70.8639,171305,flicker
70.8681,170997,flicker
70.8720,171323,flicker
70.8760,171025,flicker
70.8804,171140,flicker
70.8850,171090,flicker
70.8883,170654,flicker
70.8924,170988,flicker
70.8966,171278,flicker
70.9013,171047,flicker
70.9048,170925,flicker
70.9090,170948,flicker
70.9101,17,flicker
70.9130,1443,flicker
70.9146,17104,flicker
70.9175,1,flicker
70.9178,171409,flicker
70.9211,171246,flicker
70.9252,170726,flicker
70.9293,170789,flicker
70.9335,170732,flicker
70.9376,171933,flicker
70.9417,171133,flicker
70.9457,171409,flicker
70.9515,7082,flicker
70.9550,171070,flicker
70.9581,171080,flicker
70.9621,171205,flicker
70.9665,171397,flicker
70.9703,171587,flicker
70.9745,171748,flicker
70.9785,171637,flicker
70.9827,71654,flicker
70.9869,171275,flicker
70.9913,170816,flicker
70.9949,171043,flicker
71.0007,7,flicker
71.0035,171240,flicker
71.0071,171173,flicker
71.0113,170804,flicker
71.0165,70,flicker
71.0196,171154,flicker
71.0235,170999,flicker
71.0276,171001,flicker
71.0336,171162,flicker
71.0362,171424,flicker
71.0379,17,flicker
71.0399,1545,flicker
71.0417,17081,flicker
71.0440,4,flicker
71.0454,171124,flicker
71.0486,170910,flicker
71.0522,170870,flicker
71.0563,171150,flicker
71.0603,170616,flicker
71.0661,7129,flicker
71.0692,170689,flicker
71.0727,170889,flicker
71.0767,170853,flicker
71.0808,170989,flicker
71.0849,171311,flicker
71.0890,170869,flicker
71.0931,171503,flicker
71.0973,171114,flicker
71.1013,170712,flicker
71.1054,171307,flicker
71.1095,171050,flicker
71.1136,171332,flicker
71.1180,171047,flicker
71.1218,171088,flicker
71.1259,171124,flicker
71.1300,170946,flicker
71.1347,170966,flicker
71.1383,171288,flicker
71.1423,171020,flicker
71.1464,171265,flicker
71.1513,171269,flicker
71.1546,171044,flicker
71.1587,171232,flicker
71.1630,170951,flicker
71.1641,1,flicker
71.1681,71484,flicker
71.1697,1710,flicker
71.1710,49,flicker
71.1720,171403,flicker
71.1751,171431,flicker
71.1792,171272,flicker
71.1834,71,flicker
71.1877,171666,flicker
71.1927,171203,flicker
71.1955,171698,flicker
71.2004,170621,flicker
71.2037,171449,flicker
71.2078,171204,flicker
71.2121,171712,flicker
71.2165,171362,flicker
71.2203,170701,flicker
71.2243,171601,flicker
71.2283,170897,flicker
71.2329,171160,flicker
71.2371,171300,flicker
71.2406,171404,flicker
71.2446,170975,flicker
71.2490,1150,flicker
71.2531,171266,flicker
71.2571,171373,flicker
71.2611,171442,flicker
71.2666,12,flicker
71.2698,171249,flicker
71.2734,170934,flicker
71.2791,170872,flicker
71.2815,171134,flicker
71.2861,171203,flicker
71.2902,171075,flicker
71.2912,1,flicker
71.2938,70618,flicker
71.2950,1712,flicker
71.2980,2,flicker
71.2995,119,flicker
71.3027,170696,flicker
71.3062,171250,flicker
71.3102,170783,flicker
71.3157,112,flicker
71.3199,170832,flicker
71.3231,170957,flicker
71.3267,170992,flicker
71.3320,104,flicker
71.3352,170720,flicker
71.3389,171541,flicker
71.3430,171418,flicker
71.3472,170704,flicker
71.3517,170574,flicker
71.3553,171059,flicker
71.3594,170883,flicker
71.3635,171497,flicker
71.3685,170904,flicker
71.3716,170978,flicker
71.3757,170433,flicker
71.3799,171035,flicker
71.3847,171112,flicker
71.3881,171104,flicker
71.3923,170892,flicker
71.3962,171195,flicker
71.4009,170969,flicker
71.4049,170709,flicker
71.4085,171238,flicker
71.4126,171690,flicker
71.4178,171161,flicker
71.4188,1,flicker
71.4210,71611,flicker
71.4220,1708,flicker
71.4250,99,flicker
71.4266,170672,flicker
71.4290,171321,flicker
71.4335,170863,flicker
71.4377,170481,flicker
71.4413,171072,flicker
71.4454,170740,flicker
71.4497,171057,flicker
71.4542,170756,flicker
71.4577,171324,flicker
71.4617,171364,flicker
71.4663,171026,flicker
71.4708,171144,flicker
71.4741,171339,flicker
71.4783,170566,flicker
71.4837,171027,flicker
71.4863,171474,flicker
71.4904,171165,flicker
71.4951,171287,flicker
71.4990,171487,flicker
71.5036,171163,flicker
71.5068,170747,flicker
71.5113,171288,flicker
71.5193,171216,flicker
71.5232,170904,flicker
71.5273,171269,flicker
71.5325,713,flicker
71.5368,170684,flicker
71.5402,171025,flicker
71.5438,171343,flicker
71.5480,7127,flicker
71.5493,71,flicker
71.5520,15,flicker
71.5535,171372,flicker
71.5566,171349,flicker
71.5601,171362,flicker
71.5656,7151,flicker
71.5691,170930,flicker
71.5725,170900,flicker
71.5788,171451,flicker
71.5806,171065,flicker
71.5856,171115,flicker
71.5889,171019,flicker
71.5929,170736,flicker
71.5970,171399,flicker
71.6017,171719,flicker
71.6052,171298,flicker
71.6093,170932,flicker
71.6133,171288,flicker
71.6190,170887,flicker
71.6215,171541,flicker
71.6256,170974,flicker
71.6297,170565,flicker
71.6341,171426,flicker
71.6385,171262,flicker
71.6421,171262,flicker
71.6461,171073,flicker
71.6511,171081,flicker
71.6542,170559,flicker
71.6584,171310,flicker
71.6624,171003,flicker
71.6676,171199,flicker
71.6706,171414,flicker
71.6749,171288,flicker
71.6761,171,flicker
71.6789,261,flicker
71.6800,171075,flicker
71.6847,171383,flicker
71.6870,171396,flicker
71.6911,171424,flicker
71.6953,171021,flicker
71.6994,171449,flicker
71.7034,171370,flicker
71.7075,171393,flicker
71.7117,170926,flicker
71.7175,170805,flicker
71.7198,171264,flicker
71.7239,170877,flicker
71.7280,171327,flicker
71.7324,170794,flicker
71.7362,170789,flicker
71.7402,171316,flicker
71.7445,170274,flicker
71.7500,171144,flicker
71.7526,170763,flicker
71.7566,171239,flicker
71.7607,170814,flicker
71.7666,171154,flicker
71.7690,170730,flicker
71.7730,170822,flicker
71.7772,170786,flicker
71.7816,7125,flicker
71.7878,171604,flicker
71.7900,171073,flicker
71.7936,171266,flicker
71.7977,71867,flicker
71.8028,171091,flicker
71.8054,171,flicker
71.8060,080,flicker
71.8074,17089,flicker
71.8099,0,flicker
71.8100,171664,flicker
71.8142,170,flicker
71.8190,171382,flicker
71.8222,170978,flicker
71.8263,171283,flicker
71.8319,17,flicker
71.8358,171565,flicker
71.8396,171395,flicker
71.8427,171030,flicker
71.8468,171355,flicker
71.8515,171181,flicker
71.8549,171390,flicker
71.8590,171038,flicker
71.8632,171230,flicker
71.8677,171000,flicker
71.8715,171348,flicker
71.8754,170916,flicker
71.8796,171051,flicker
71.8842,171562,flicker
71.8885,171154,flicker
71.8918,170639,flicker
71.8960,171383,flicker
71.9006,171375,flicker
71.9043,170861,flicker
71.9083,170778,flicker
71.9126,170840,flicker
71.9173,170731,flicker
71.9205,171355,flicker
71.9246,171220,flicker
71.9287,170851,flicker
71.9296,17,flicker
71.9342,0764,flicker
71.9353,17089,flicker
71.9369,3,flicker
71.9370,171667,flicker
71.9410,171460,flicker
71.9453,171024,flicker
71.9495,170931,flicker
71.9540,171132,flicker
71.9573,171139,flicker
71.9614,170892,flicker
71.9661,171108,flicker
71.9697,171384,flicker
71.9737,171322,flicker
71.9779,170980,flicker
71.9843,170894,flicker
71.9860,171586,flicker
71.9901,171008,flicker
71.9944,171354,flicker
71.9987,171200,flicker
72.0024,171137,flicker
72.0066,171152,flicker
72.0107,171835,flicker
72.0169,18,flicker
72.0194,171786,flicker
72.0237,171361,flicker
72.0270,171583,flicker
72.0313,1,flicker
72.0393,170781,flicker
72.0397,171180,flicker
72.0434,170737,flicker
72.0495,77,flicker
72.0535,171145,flicker
72.0577,171776,flicker
72.0588,17,flicker
72.0599,0928,flicker
72.0611,17088,flicker
72.0652,1718,flicker
72.0688,170899,flicker
72.0731,171382,flicker
72.0766,171018,flicker
72.0871,170884,flicker
72.0911,171397,flicker
72.0925,171353,flicker
72.0968,170955,flicker
72.1011,171263,flicker
72.1048,170935,flicker
72.1090,170884,flicker
72.1131,170798,flicker
72.1173,171344,flicker
72.1212,171263,flicker
72.1253,170885,flicker
72.1294,171040,flicker
72.1343,171307,flicker
72.1375,171570,flicker
72.1417,170909,flicker
72.1459,170971,flicker
72.1514,170858,flicker
72.1539,170780,flicker
72.1580,170609,flicker
72.1622,171334,flicker
72.1670,170936,flicker
72.1703,170735,flicker
72.1744,171374,flicker
72.1785,170927,flicker
72.1829,170719,flicker
72.1841,17,flicker
72.1867,1372,flicker
72.1881,17128,flicker
72.1908,5,flicker
72.1921,171017,flicker
72.1951,171224,flicker
72.1993,170834,flicker
72.2031,171059,flicker
72.2072,171117,flicker
72.2113,170588,flicker
72.2157,171227,flicker
72.2197,171041,flicker
72.2237,171302,flicker
72.2277,171039,flicker
72.2336,170830,flicker
72.2359,171104,flicker
72.2399,171009,flicker
72.2441,171426,flicker
72.2483,7127,flicker
72.2527,171179,flicker
72.2567,171715,flicker
72.2605,171253,flicker
72.2648,171799,flicker
72.2691,171152,flicker
72.2737,171442,flicker
72.2769,171105,flicker
72.2823,7,flicker
72.2863,171050,flicker
72.2905,170985,flicker
72.2932,171221,flicker
72.2994,1,flicker
72.3021,171278,flicker
72.3055,171253,flicker
72.3096,171411,flicker
72.3114,1,flicker
72.3153,71774,flicker
72.3179,7,flicker
72.3194,171161,flicker
72.3223,171272,flicker
72.3260,171345,flicker
72.3301,171060,flicker
72.3353,171170,flicker
72.3383,170854,flicker
72.3424,171085,flicker
72.3465,170932,flicker
72.3516,170672,flicker
72.3547,170915,flicker
72.3588,171408,flicker
72.3629,171278,flicker
72.3676,170751,flicker
72.3710,170998,flicker
72.3752,170822,flicker
72.3794,170834,flicker
72.3845,171172,flicker
72.3874,171199,flicker
72.3915,171871,flicker
72.3957,171115,flicker
72.4003,171116,flicker
72.4038,170679,flicker
72.4079,170934,flicker
72.4120,170821,flicker
72.4163,170853,flicker
72.4203,171289,flicker
72.4243,171184,flicker
72.4287,171172,flicker
72.4329,171151,flicker
72.4366,171273,flicker
72.4380,1,flicker
72.4407,70619,flicker
72.4425,1711,flicker
72.4451,94,flicker
72.4468,170892,flicker
72.4496,171265,flicker
72.4530,170508,flicker
72.4570,171008,flicker
72.4612,170876,flicker
72.4660,170624,flicker
72.4694,170861,flicker
72.4734,170891,flicker
72.4776,171083,flicker
72.4827,171237,flicker
72.4857,170670,flicker
72.4898,171001,flicker
72.4939,171218,flicker
72.4986,170707,flicker
72.5021,171356,flicker
72.5063,171207,flicker
72.5105,170785,flicker
72.5156,703,flicker
72.5193,171005,flicker
72.5230,171014,flicker
72.5267,170804,flicker
72.5325,710,flicker
72.5361,170921,flicker
72.5395,170660,flicker
72.5431,171575,flicker
72.5478,711,flicker
72.5526,171233,flicker
72.5554,170946,flicker
72.5594,171269,flicker
72.5646,791,flicker
72.5681,70766,flicker
72.5697,171,flicker
72.5724,076,flicker
72.5741,171368,flicker
72.5759,171318,flicker
72.5800,171495,flicker
72.5843,171251,flicker
72.5881,171156,flicker
72.5922,171258,flicker
72.5964,171093,flicker
72.6009,171491,flicker
72.6045,171146,flicker
72.6086,170926,flicker
72.6127,171055,flicker
72.6169,171263,flicker
72.6209,171426,flicker
72.6250,171183,flicker
72.6292,171020,flicker
72.6345,170823,flicker
72.6373,171307,flicker
72.6413,170669,flicker
72.6456,171299,flicker
72.6500,171308,flicker
72.6536,171440,flicker
72.6577,171233,flicker
72.6620,171453,flicker
72.6670,170941,flicker
72.6700,171122,flicker
72.6746,171265,flicker
72.6783,171049,flicker
72.6830,171298,flicker
72.6864,171132,flicker
72.6905,171393,flicker
72.6948,171798,flicker
72.6961,171,flicker
72.6998,650,flicker
72.7014,171626,flicker
72.7028,170939,flicker
72.7069,171257,flicker
72.7110,171642,flicker
72.7151,171384,flicker
72.7196,171054,flicker
72.7233,170985,flicker
72.7274,171067,flicker
72.7316,138,flicker
72.7362,171571,flicker
72.7399,170970,flicker
72.7453,170815,flicker
72.7481,171237,flicker
72.7521,171605,flicker
72.7560,171261,flicker
72.7602,170679,flicker
72.7654,7107,flicker
72.7690,171277,flicker
72.7727,170763,flicker
72.7765,171413,flicker
72.7808,710,flicker
72.7856,171143,flicker
72.7897,171286,flicker
72.7929,171469,flicker
72.7971,708,flicker
72.8021,171080,flicker
72.8062,170894,flicker
72.8093,171584,flicker
72.8139,7110,flicker
72.8177,171468,flicker
72.8216,170954,flicker
72.8230,17,flicker
72.8257,0883,flicker
72.8267,17125,flicker
72.8298,0,flicker
72.8299,171185,flicker
72.8339,170994,flicker
72.8380,170907,flicker
72.8420,171103,flicker
72.8463,171184,flicker
72.8503,170704,flicker
72.8543,170627,flicker
72.8584,171153,flicker
72.8626,171066,flicker
72.8677,171447,flicker
72.8708,171204,flicker
72.8748,171160,flicker
72.8790,171405,flicker
72.8837,170750,flicker
72.8871,171080,flicker
72.8912,170633,flicker
72.8955,170666,flicker
72.9003,170822,flicker
72.9036,171443,flicker
72.9077,171516,flicker
72.9117,170991,flicker
72.9164,172026,flicker
72.9199,171166,flicker
72.9240,171366,flicker
72.9283,171066,flicker
72.9327,170837,flicker
72.9363,171023,flicker
72.9403,170964,flicker
72.9444,171489,flicker
72.9491,171385,flicker
72.9515,17,flicker
72.9526,1584,flicker
72.9540,1716,flicker
72.9568,37,flicker
72.9581,171077,flicker
72.9608,171097,flicker
72.9657,171041,flicker
72.9690,171012,flicker
72.9732,171192,flicker
72.9772,171047,flicker
72.9818,171133,flicker
72.9854,170782,flicker
72.9895,170783,flicker
72.9936,170962,flicker
72.9986,71273,flicker
73.0026,170827,flicker
73.0059,171207,flicker
73.0100,170869,flicker
73.0141,71453,flicker
73.0184,171078,flicker
73.0239,171479,flicker
73.0264,171041,flicker
73.0305,70599,flicker
73.0356,171275,flicker
73.0390,170952,flicker
73.0428,171120,flicker
73.0484,733,flicker
73.0510,170986,flicker
73.0550,170892,flicker
73.0592,171320,flicker
73.0633,170694,flicker
73.0677,171050,flicker
73.0714,171839,flicker
73.0755,171040,flicker
73.0767,1,flicker
73.0814,71,flicker
73.0840,00,flicker
73.0850,171035,flicker
73.0878,171147,flicker
73.0919,170865,flicker
73.0961,171329,flicker
73.1008,171602,flicker
73.1042,170593,flicker
73.1083,171565,flicker
73.1126,170924,flicker
73.1169,170925,flicker
73.1206,171162,flicker
73.1247,171010,flicker
73.1288,171266,flicker
73.1335,171571,flicker
73.1370,170657,flicker
73.1411,171526,flicker
73.1452,170809,flicker
73.1496,170900,flicker
73.1533,170541,flicker
73.1574,171243,flicker
73.1616,170631,flicker
73.1668,171162,flicker
73.1697,171174,flicker
73.1738,170912,flicker
73.1779,170794,flicker
73.1833,171269,flicker
73.1861,171143,flicker
73.1902,171047,flicker
73.1945,170736,flicker
73.1987,171050,flicker
73.2026,171243,flicker
73.2039,1,flicker
73.2067,71314,flicker
73.2076,171,flicker
73.2107,239,flicker
73.2122,171078,flicker
73.2157,171501,flicker
73.2189,170829,flicker
73.2230,171220,flicker
73.2271,171697,flicker
73.2319,171108,flicker
73.2353,171076,flicker
73.2394,171023,flicker
73.2435,171274,flicker
73.2476,171335,flicker
73.2525,171066,flicker
73.2558,171116,flicker
73.2598,171727,flicker
73.2641,7162,flicker
73.2685,171370,flicker
73.2725,171158,flicker
73.2762,170989,flicker
73.2805,7084,flicker
73.2856,171470,flicker
73.2887,171020,flicker
73.2926,171288,flicker
73.2979,734,flicker
73.3013,170941,flicker
73.3057,171420,flicker
73.3090,171084,flicker
73.3147,707,flicker
73.3176,171261,flicker
73.3225,171215,flicker
73.3253,170888,flicker
73.3297,1157,flicker
73.3349,171321,flicker
73.3363,170,flicker
73.3378,750,flicker
73.3391,171285,flicker
73.3418,170845,flicker
73.3459,170986,flicker
73.3502,171329,flicker
73.3541,170930,flicker
73.3582,171387,flicker
73.3623,170890,flicker
73.3664,170841,flicker
73.3704,171084,flicker
73.3745,171369,flicker
73.3788,171049,flicker
73.3833,171731,flicker
73.3868,171386,flicker
73.3909,171071,flicker
73.3951,171505,flicker
73.3999,170712,flicker
73.4033,171627,flicker
73.4074,170953,flicker
73.4116,170888,flicker
73.4166,171210,flicker
73.4196,171276,flicker
73.4236,170985,flicker
73.4280,170995,flicker
73.4324,170529,flicker
73.4360,170970,flicker
73.4401,171337,flicker
73.4443,171505,flicker
73.4489,171504,flicker
73.4523,171201,flicker
73.4564,171164,flicker
73.4605,170988,flicker
73.4617,171,flicker
73.4649,029,flicker
73.4664,170844,flicker
73.4688,171500,flicker
73.4729,170825,flicker
73.4770,171013,flicker
73.4815,170908,flicker
73.4852,170696,flicker
73.4893,171358,flicker
73.4933,171434,flicker
73.4980,170657,flicker
73.5016,171196,flicker
73.5056,171329,flicker
73.5098,171016,flicker
73.5162,71,flicker
73.5181,170973,flicker
73.5222,171339,flicker
73.5276,171461,flicker
73.5310,171171,flicker
73.5342,170690,flicker
73.5396,171212,flicker
73.5425,171185,flicker
73.5467,71279,flicker
73.5519,171689,flicker
73.5555,171214,flicker
73.5588,171369,flicker
73.5645,17113,flicker
73.5676,170967,flicker
73.5712,171467,flicker
73.5753,170675,flicker
73.5794,170812,flicker
73.5842,170501,flicker
73.5876,170911,flicker
73.5887,170,flicker
73.5917,799,flicker
73.5927,17144,flicker
73.5957,8,flicker
73.5958,171050,flicker
73.6004,171085,flicker
73.6040,171132,flicker
73.6080,171694,flicker
73.6121,170822,flicker
73.6164,170475,flicker
73.6204,170709,flicker
73.6245,170822,flicker
73.6285,171107,flicker
73.6334,171363,flicker
73.6367,171614,flicker
73.6408,170591,flicker
73.6449,170900,flicker
73.6493,171332,flicker
73.6531,171302,flicker
73.6572,171049,flicker
73.6614,170938,flicker
73.6662,170817,flicker
73.6694,170755,flicker
73.6736,171202,flicker
73.6777,170484,flicker
73.6825,171291,flicker
73.6858,171046,flicker
73.6900,171326,flicker
73.6941,171069,flicker
73.6985,170983,flicker
73.7022,170992,flicker
73.7063,171295,flicker
73.7104,171427,flicker
73.7160,170881,flicker
73.7171,17,flicker
73.7186,1133,flicker
73.7202,17103,flicker
73.7226,7,flicker
73.7227,171191,flicker
73.7268,171061,flicker
73.7310,36,flicker
73.7386,171240,flicker
73.7391,171273,flicker
73.7432,170990,flicker
73.7492,77,flicker
73.7527,171468,flicker
73.7554,170506,flicker
73.7595,170657,flicker
73.7638,7101,flicker
73.7685,171012,flicker
73.7718,171207,flicker
73.7761,171417,flicker
73.7804,171177,flicker
73.7844,171280,flicker
73.7883,171447,flicker
73.7924,171241,flicker
73.7966,7099,flicker
73.8016,171591,flicker
73.8046,170759,flicker
73.8087,170820,flicker
73.8135,129,flicker
73.8179,171150,flicker
73.8211,170981,flicker
73.8252,171298,flicker
73.8307,706,flicker
73.8336,170592,flicker
73.8382,171181,flicker
73.8415,170926,flicker
73.8428,17,flicker
73.8457,0650,flicker
73.8472,1713,flicker
73.8499,4,flicker
73.8518,171336,flicker
73.8538,170594,flicker
73.8579,170440,flicker
73.8620,171124,flicker
73.8664,171232,flicker
73.8702,171269,flicker
73.8742,171500,flicker
73.8785,170795,flicker
73.8832,170916,flicker
73.8865,170895,flicker
73.8906,170589,flicker
73.8947,170809,flicker
73.8998,171252,flicker
73.9029,171353,flicker
73.9070,170592,flicker
73.9112,170982,flicker
73.9155,171314,flicker
73.9194,171044,flicker
73.9234,170883,flicker
73.9274,170848,flicker
73.9320,170750,flicker
73.9357,171451,flicker
73.9398,171095,flicker
73.9448,171309,flicker
73.9490,171479,flicker
73.9521,171044,flicker
73.9562,171139,flicker
73.9603,170921,flicker
73.9647,171198,flicker
73.9685,170693,flicker
73.9695,1,flicker
73.9726,71063,flicker
73.9740,1715,flicker
73.9767,59,flicker
73.9778,171217,flicker
73.9827,170958,flicker
73.9848,171228,flicker
73.9889,171147,flicker
73.9931,171140,flicker
73.9982,7085,flicker
74.0015,171261,flicker
74.0053,170910,flicker
74.0095,170800,flicker
74.0142,170949,flicker
74.0177,171169,flicker
74.0217,171479,flicker
74.0258,170684,flicker
74.0306,171454,flicker
74.0340,171323,flicker
74.0381,170978,flicker
74.0423,170951,flicker
74.0464,70771,flicker
74.0507,170967,flicker
74.0546,170494,flicker
74.0585,171082,flicker
74.0637,9,flicker
74.0675,171710,flicker
74.0711,170609,flicker
74.0750,170654,flicker
74.0793,1712,flicker
74.0837,171360,flicker
74.0872,170829,flicker
74.0913,170824,flicker
74.0965,17112,flicker
74.0997,70730,flicker
74.1010,1710,flicker
74.1037,57,flicker
74.1049,171394,flicker
74.1078,170973,flicker
74.1119,171344,flicker
74.1170,170761,flicker
74.1200,171300,flicker
74.1241,171300,flicker
74.1282,170864,flicker
74.1335,171245,flicker
74.1364,170886,flicker
74.1404,171036,flicker
74.1446,170688,flicker
74.1493,171065,flicker
74.1528,171306,flicker
74.1568,171341,flicker
74.1610,171285,flicker
74.1653,170938,flicker
74.1694,171023,flicker
74.1732,171266,flicker
74.1773,171024,flicker
74.1820,170774,flicker
74.1855,170791,flicker
74.1896,170979,flicker
74.1937,170642,flicker
74.1984,170777,flicker
74.2019,171589,flicker
74.2060,171130,flicker
74.2101,170987,flicker
74.2148,170956,flicker
74.2183,171712,flicker
74.2224,170865,flicker
74.2266,170940,flicker
74.2286,170,flicker
74.2311,839,flicker
74.2317,170925,flicker
74.2347,170992,flicker
74.2388,171129,flicker
74.2429,171079,flicker
74.2494,114,flicker
74.2525,170789,flicker
74.2566,170749,flicker
74.2599,170892,flicker
74.2646,793,flicker
74.2685,171219,flicker
74.2726,171151,flicker
74.2756,171099,flicker
74.2798,3,flicker
74.2853,171436,flicker
74.2887,171115,flicker
74.2920,171005,flicker
74.2962,717,flicker
74.3018,171234,flicker
74.3047,171420,flicker
74.3084,171331,flicker
74.3127,104,flicker
74.3171,171462,flicker
74.3214,171216,flicker
74.3248,170887,flicker
74.3308,1770,flicker
74.3341,170776,flicker
74.3382,171273,flicker
74.3412,170968,flicker
74.3457,17347,flicker
74.3497,171370,flicker
74.3545,170620,flicker
74.3563,17,flicker
74.3576,1059,flicker
74.3588,17108,flicker
74.3616,5,flicker
74.3618,171028,flicker
74.3661,170791,flicker
74.3699,171294,flicker
74.3740,170614,flicker
74.3781,170938,flicker
74.3825,171330,flicker
74.3863,171269,flicker
74.3905,171144,flicker
74.3944,171466,flicker
74.3986,171264,flicker
74.4026,171382,flicker
74.4067,171282,flicker
74.4109,171024,flicker
74.4158,171290,flicker
74.4190,171114,flicker
74.4231,171202,flicker
74.4275,171473,flicker
74.4322,171102,flicker
74.4354,171057,flicker
74.4396,171102,flicker
74.4436,171657,flicker
74.4486,171790,flicker
74.4518,171209,flicker
74.4558,171321,flicker
74.4600,170739,flicker
74.4648,171198,flicker
74.4682,171606,flicker
74.4722,171036,flicker
74.4763,171302,flicker
74.4810,171344,flicker
74.4824,17,flicker
74.4846,1163,flicker
74.4862,17118,flicker
74.4886,0,flicker
74.4900,170992,flicker
74.4927,170853,flicker
74.4970,54,flicker
74.5024,171181,flicker
74.5060,171341,flicker
74.5091,171107,flicker
74.5138,171237,flicker
74.5173,171557,flicker
74.5214,171546,flicker
74.5254,170815,flicker
74.5305,171229,flicker
74.5337,171077,flicker
74.5377,170486,flicker
74.5418,171318,flicker
74.5461,784,flicker
74.5505,171124,flicker
74.5549,171574,flicker
74.5582,171067,flicker
74.5624,702,flicker
74.5680,171052,flicker
74.5708,171146,flicker
74.5746,171188,flicker
74.5831,170718,rest
74.5878,170573,rest
74.5910,170861,rest
74.5951,171728,rest
74.5996,171277,rest
74.6033,171045,rest
74.6074,171497,rest
74.6088,17,rest
74.6115,1019,rest
74.6126,1709,rest
74.6156,66,rest
74.6169,171216,rest
74.6197,171156,rest
74.6238,170995,rest
74.6279,171123,rest
74.6323,171255,rest
74.6361,171302,rest
74.6402,171310,rest
74.6443,171091,rest
74.6491,171230,rest
74.6525,170783,rest
74.6565,171135,rest
74.6606,171301,rest
74.6657,170800,rest
74.6688,171458,rest
74.6730,170939,rest
74.6771,171044,rest
74.6814,170970,rest
74.6852,171344,rest
74.6893,171490,rest
74.6934,171126,rest
74.6989,171357,rest
74.7022,171285,rest
74.7057,171133,rest
74.7098,171118,rest
74.7143,171162,rest
74.7180,171036,rest
74.7221,171488,rest
74.7264,171015,rest
74.7314,709,rest
74.7347,170837,rest
74.7359,1,rest
74.7385,71695,rest
74.7397,1710,rest
74.7425,46,rest
74.7442,170998,rest
74.7473,171549,rest
74.7508,171193,rest
74.7548,171070,rest
74.7589,171058,rest
74.7636,170869,rest
74.7672,171096,rest
74.7712,171219,rest
74.7753,171004,rest
74.7801,171112,rest
74.7835,170891,rest
74.7876,170814,rest
74.7917,171146,rest
74.7959,79,rest
74.8005,171064,rest
74.8049,171638,rest
74.8083,171145,rest
74.8124,44,rest
74.8163,170981,rest
74.8207,170925,rest
74.8245,171127,rest
74.8289,17784,rest
74.8335,170723,rest
74.8371,171417,rest
74.8409,171306,rest
74.8450,170909,rest
74.8492,170899,rest
74.8532,170843,rest
74.8572,171113,rest
74.8614,171423,rest
74.8625,1,rest
74.8655,71269,rest
74.8666,1705,rest
74.8695,56,rest
74.8707,170744,rest
74.8737,171209,rest
74.8779,171400,rest
74.8827,171489,rest
74.8859,171146,rest
74.8900,171295,rest
74.8941,171087,rest
74.8993,171185,rest
74.9023,171388,rest
74.9064,171170,rest
74.9105,171335,rest
74.9158,171080,rest
74.9187,171046,rest
74.9228,171380,rest
74.9274,171272,rest
74.9311,170941,rest
74.9351,170996,rest
74.9392,171373,rest
74.9433,171101,rest
74.9476,171159,rest
74.9514,170973,rest
74.9555,171053,rest
74.9597,171214,rest
74.9643,171052,rest
74.9678,171274,rest
74.9719,171320,rest
74.9761,171157,rest
74.9813,170808,rest
74.9842,171529,rest
74.9883,171431,rest
74.9924,171069,rest
74.9934,171,rest
74.9981,19113,rest
75.0026,170656,rest
75.0050,171630,rest
75.0088,170963,rest
75.0135,171271,rest
75.0170,171389,rest
75.0211,171407,rest
75.0252,170902,rest
75.0308,7,rest
75.0338,171294,rest
75.0375,170842,rest
75.0416,171346,rest
75.0458,7113,rest
75.0502,170671,rest
75.0547,171018,rest
75.0579,171010,rest
75.0626,72,rest
75.0671,171298,rest
75.0702,170640,rest
75.0743,170891,rest
75.0787,1850,rest
75.0830,170427,rest
75.0878,171145,rest
75.0907,171116,rest
75.0949,170984,rest
75.0996,171143,rest
75.1030,170699,rest
75.1071,170940,rest
75.1112,170907,rest
75.1158,170840,rest
75.1194,171580,rest
75.1206,171,rest
75.1235,029,rest
75.1246,171240,rest
75.1276,171413,rest
75.1327,170934,rest
75.1357,171043,rest
75.1398,171487,rest
75.1443,171461,rest
75.1493,171512,rest
75.1522,171019,rest
75.1562,171299,rest
75.1603,171309,rest
75.1650,170724,rest
75.1685,170752,rest
75.1726,171161,rest
75.1768,171511,rest
75.1825,171208,rest
75.1849,170369,rest
75.1890,171050,rest
75.1933,171008,rest
75.1981,171581,rest
75.2013,171281,rest
75.2054,171439,rest
75.2095,171211,rest
75.2153,171295,rest
75.2177,171354,rest
75.2217,171087,rest
75.2259,171254,rest
75.2300,70938,rest
75.2345,171546,rest
75.2390,170906,rest
75.2423,171221,rest
75.2464,71401,rest
75.2480,17,rest
75.2518,1174,rest
75.2532,17105,rest
75.2546,4,rest
75.2550,171337,rest
75.2586,171461,rest
75.2629,713,rest
75.2676,170888,rest
75.2714,171229,rest
75.2750,170912,rest
75.2792,71095,rest
75.2836,171181,rest
75.2878,171169,rest
75.2914,170970,rest
75.2955,71047,rest
75.3001,171288,rest
75.3044,171159,rest
75.3078,170935,rest
75.3139,706,rest
75.3162,171497,rest
75.3201,171136,rest
75.3242,170920,rest
75.3285,70,rest
75.3329,171340,rest
75.3373,171170,rest
75.3406,171315,rest
75.3448,171208,rest
75.3496,171300,rest
75.3528,171027,rest
75.3569,171500,rest
75.3611,171262,rest
75.3652,170888,rest
75.3692,171194,rest
75.3733,170984,rest
75.3744,17,rest
75.3775,0685,rest
75.3789,17119,rest
75.3815,7,rest
75.3820,170868,rest
75.3856,170602,rest
75.3897,171134,rest
75.3938,171048,rest
75.3984,171084,rest
75.4021,170817,rest
75.4061,171312,rest
75.4103,171037,rest
75.4145,170739,rest
75.4184,170926,rest
75.4225,170948,rest
75.4265,170869,rest
75.4313,170909,rest
75.4347,171088,rest
75.4388,170878,rest
75.4430,170934,rest
75.4474,170950,rest
75.4513,171284,rest
75.4553,170711,rest
75.4593,171100,rest
75.4638,171083,rest
75.4675,171017,rest
75.4716,170909,rest
75.4759,171021,rest
75.4809,71081,rest
75.4842,171554,rest
75.4881,171171,rest
75.4922,170865,rest
75.4975,171324,rest
75.5003,170747,rest
75.5010,17,rest
75.5044,0958,rest
75.5057,17126,rest
75.5084,4,rest
75.5100,171099,rest
75.5132,171014,rest
75.5168,170229,rest
75.5208,171287,rest
75.5249,171224,rest
75.5303,7141,rest
75.5344,171154,rest
75.5383,171078,rest
75.5412,170683,rest
75.5465,76,rest
75.5496,171646,rest
75.5535,171155,rest
75.5577,170950,rest
75.5618,1463,rest
75.5665,171611,rest
75.5703,171283,rest
75.5741,171134,rest
75.5783,171648,rest
75.5827,170833,rest
75.5863,171165,rest
75.5904,171204,rest
75.5945,170932,rest
75.5989,170911,rest
75.6027,171676,rest
75.6068,171487,rest
75.6116,17124,rest
75.6161,171323,rest
75.6193,171461,rest
75.6233,171424,rest
75.6273,170628,rest
75.6291,1,rest
75.6317,71173,rest
75.6328,1708,rest
75.6354,64,rest
75.6366,170915,rest
75.6396,170765,rest
75.6440,170803,rest
75.6484,171507,rest
75.6519,170787,rest
75.6559,170966,rest
75.6606,17122,rest
75.6650,171120,rest
75.6682,171395,rest
75.6723,170861,rest
75.6765,170991,rest
75.6811,170010,rest
75.6846,171020,rest
75.6887,171303,rest
75.6928,171599,rest
75.6977,171688,rest
75.7013,171714,rest
75.7051,171692,rest
75.7092,171588,rest
75.7147,171133,rest
75.7174,171062,rest
75.7215,171339,rest
75.7257,171212,rest
75.7299,1716,rest
75.7347,171357,rest
75.7387,171355,rest
75.7420,170889,rest
75.7482,744,rest
75.7510,171010,rest
75.7548,170500,rest
75.7561,1,rest
75.7585,71611,rest
75.7603,1707,rest
75.7630,47,rest
75.7645,171328,rest
75.7666,171236,rest
75.7706,171514,rest
75.7747,171563,rest
75.7799,70954,rest
75.7830,171154,rest
75.7870,171066,rest
75.7911,170799,rest
75.7953,7076,rest
75.7993,171339,rest
75.8041,170841,rest
75.8075,171428,rest
75.8117,7089,rest
75.8161,170950,rest
75.8197,171718,rest
75.8241,171063,rest
75.8283,1706,rest
75.8323,171432,rest
75.8364,171431,rest
75.8403,171041,rest
75.8463,1707,rest
75.8493,171470,rest
75.8527,171330,rest
75.8567,170954,rest
75.8608,171255,rest
75.8653,171023,rest
75.8689,171744,rest
75.8730,171157,rest
75.8773,171264,rest
75.8817,170880,rest
75.8854,170756,rest
75.8864,171,rest
75.8894,681,rest
75.8905,171058,rest
75.8936,171223,rest
75.8979,171077,rest
75.9017,170935,rest
75.9058,171287,rest
75.9099,171564,rest
75.9148,171106,rest
75.9180,171878,rest
75.9222,171125,rest
75.9263,171382,rest
75.9313,170911,rest
75.9345,171533,rest
75.9385,171277,rest
75.9427,171334,rest
75.9470,171261,rest
75.9508,171422,rest
75.9549,171361,rest
75.9591,171137,rest
75.9642,171332,rest
75.9672,171027,rest
75.9713,170919,rest
75.9754,171143,rest
75.9797,7132,rest
75.9839,171139,rest
75.9887,170955,rest
75.9929,171079,rest
75.9959,171095,rest
76.0004,171035,rest
76.0045,170922,rest
76.0082,171276,rest
76.0142,7171,rest
76.0179,66,rest
76.0192,171373,rest
76.0207,171320,rest
76.0246,171283,rest
76.0288,7173,rest
76.0338,171168,rest
76.0372,171248,rest
76.0410,171769,rest
76.0452,090,rest
76.0502,170954,rest
76.0541,170956,rest
76.0575,170808,rest
76.0627,71045,rest
76.0658,171160,rest
76.0696,170886,rest
76.0737,170977,rest
76.0796,17138,rest
76.0822,171429,rest
76.0860,170963,rest
76.0901,170874,rest
76.0944,171435,rest
76.0986,171300,rest
76.1025,170567,rest
76.1065,171312,rest
76.1106,171163,rest
76.1153,171182,rest
76.1188,171200,rest
76.1229,171447,rest
76.1270,171326,rest
76.1318,171145,rest
76.1352,171274,rest
76.1393,171216,rest
76.1408,171,rest
76.1434,491,rest
76.1444,17130,rest
76.1476,0,rest
76.1480,171019,rest
76.1515,171206,rest
76.1556,171322,rest
76.1597,170859,rest
76.1641,171329,rest
76.1680,171446,rest
76.1720,171580,rest
76.1761,171346,rest
76.1810,171092,rest
76.1844,170954,rest
76.1884,171490,rest
76.1926,171482,rest
76.1970,171572,rest
76.2007,171268,rest
76.2048,172098,rest
76.2089,170889,rest
76.2138,171145,rest
76.2171,171286,rest
76.2212,171024,rest
76.2253,171112,rest
76.2303,170812,rest
76.2334,171473,rest
76.2375,171078,rest
76.2417,170808,rest
76.2459,715,rest
76.2501,171325,rest
76.2550,170943,rest
76.2582,171613,rest
76.2624,7993,rest
76.2666,171119,rest
76.2679,17,rest
76.2705,1398,rest
76.2724,17073,rest
76.2744,5,rest
76.2754,170827,rest
76.2786,171557,rest
76.2826,171295,rest
76.2867,171409,rest
76.2908,170877,rest
76.2961,71562,rest
76.2998,171347,rest
76.3034,171161,rest
76.3072,171054,rest
76.3115,742,rest
76.3157,171525,rest
76.3208,170826,rest
76.3236,171251,rest
76.3293,76,rest
76.3330,171442,rest
76.3369,171027,rest
76.3400,171285,rest
76.3443,1712,rest
76.3486,171106,rest
76.3523,170902,rest
76.3563,171281,rest
76.3605,171276,rest
76.3656,171689,rest
76.3686,170908,rest
76.3727,171101,rest
76.3768,170853,rest
76.3825,171339,rest
76.3850,170802,rest
76.3892,171215,rest
76.3932,170891,rest
76.3946,17,rest
76.3976,0465,rest
76.3998,1710,rest
76.4014,46,rest
76.4026,171311,rest
76.4055,171003,rest
76.4096,171376,rest
76.4140,171370,rest
76.4179,171497,rest
76.4219,171489,rest
76.4262,171417,rest
76.4318,767,rest
76.4355,171345,rest
76.4383,171108,rest
76.4425,170786,rest
76.4466,170864,rest
76.4505,171188,rest
76.4546,170810,rest
76.4588,170936,rest
76.4634,170855,rest
76.4669,170988,rest
76.4710,170880,rest
76.4751,170734,rest
76.4799,171195,rest
76.4833,171361,rest
76.4875,170655,rest
76.4916,171017,rest
76.4972,740,rest
76.5003,170768,rest
76.5039,170889,rest
76.5080,171274,rest
76.5132,715,rest
76.5166,171315,rest
76.5202,170818,rest
76.5215,1,rest
76.5243,71194,rest
76.5260,1708,rest
76.5287,20,rest
76.5304,171040,rest
76.5325,171319,rest
76.5365,171012,rest
76.5406,171056,rest
76.5451,173,rest
76.5493,171505,rest
76.5540,170910,rest
76.5573,171225,rest
76.5632,2,rest
76.5659,171126,rest
76.5693,171084,rest
76.5734,170879,rest
76.5777,171161,rest
76.5821,170740,rest
76.5857,170862,rest
76.5898,170832,rest
76.5940,171041,rest
76.5983,170942,rest
76.6021,170871,rest
76.6062,171660,rest
76.6103,171047,rest
76.6146,171188,rest
76.6184,170829,rest
76.6225,170968,rest
76.6268,170954,rest
76.6311,171087,rest
76.6348,171073,rest
76.6390,170965,rest
76.6431,171163,rest
76.6482,171017,rest
76.6494,1,rest
76.6512,71155,rest
76.6525,1712,rest
76.6554,26,rest
76.6565,171078,rest
76.6595,170856,rest
76.6641,170989,rest
76.6677,171524,rest
76.6718,170733,rest
76.6758,170923,rest
76.6802,171505,rest
76.6841,170974,rest
76.6882,170645,rest
76.6922,171440,rest
76.6967,171200,rest
76.7010,170813,rest
76.7045,170687,rest
76.7086,171624,rest
76.7129,170755,rest
76.7172,170806,rest
76.7209,171213,rest
76.7249,171130,rest
76.7299,170831,rest
76.7336,171656,rest
76.7372,170721,rest
76.7413,171872,rest
76.7460,170620,rest
76.7498,171490,rest
76.7541,171179,rest
76.7578,171125,rest
76.7623,171057,rest
76.7659,171130,rest
76.7700,171574,rest
76.7742,171072,rest
76.7757,1,rest
76.7784,060,rest
76.7796,17,rest
76.7860,880,rest
76.7864,170880,rest
76.7865,171381,rest
76.7905,170800,rest
76.7960,7109,rest
76.7990,170843,rest
76.8035,171182,rest
76.8071,171248,rest
76.8112,170870,rest
76.8156,171231,rest
76.8201,171379,rest
76.8236,171719,rest
76.8274,71369,rest
76.8323,171152,rest
76.8365,171108,rest
76.8403,171589,rest
76.8438,171357,rest
76.8482,171216,rest
76.8524,170746,rest
76.8560,171372,rest
76.8603,171753,rest
76.8644,170828,rest
76.8687,171164,rest
76.8724,171016,rest
76.8765,171129,rest
76.8810,171198,rest
76.8851,171196,rest
76.8889,170947,rest
76.8929,171155,rest
76.8974,171005,rest
76.9011,170942,rest
76.9053,171064,rest
76.9070,170,rest
76.9093,897,rest
76.9106,17134,rest
76.9142,6,rest
76.9146,171289,rest
76.9175,171134,rest
76.9215,171751,rest
76.9256,170763,rest
76.9309,171081,rest
76.9338,171261,rest
76.9379,171605,rest
76.9420,170960,rest
76.9465,171104,rest
76.9502,170783,rest
76.9544,170988,rest
76.9584,171465,rest
76.9632,171233,rest
76.9666,171159,rest
76.9707,170966,rest
76.9748,170947,rest
76.9796,171265,rest
76.9831,170857,rest
76.9872,170870,rest
76.9912,171335,rest
76.9961,170671,rest
76.9994,171258,rest
77.0035,171022,rest
77.0077,170939,rest
77.0124,171538,rest
77.0158,171116,rest
77.0199,171303,rest
77.0240,171523,rest
77.0282,72,rest
77.0323,171645,rest
77.0336,17,rest
77.0363,0957,rest
77.0378,17087,rest
77.0404,2,rest
77.0405,171520,rest
77.0465,714,rest
77.0501,170904,rest
77.0526,170993,rest
77.0567,170841,rest
77.0627,719,rest
77.0659,171449,rest
77.0691,170743,rest
77.0732,171435,rest
77.0773,171108,rest
77.0814,171218,rest
77.0854,171259,rest
77.0895,170960,rest
77.0937,171180,rest
77.0984,171629,rest
77.1018,171420,rest
77.1059,171284,rest
77.1100,171131,rest
77.1146,170917,rest
77.1183,171172,rest
77.1223,170922,rest
77.1265,171176,rest
77.1310,171722,rest
77.1346,171104,rest
77.1387,171444,rest
77.1428,170960,rest
77.1468,170961,rest
77.1509,170726,rest
77.1550,171168,rest
77.1592,171092,rest
77.1603,17,rest
77.1639,1468,rest
77.1658,17089,rest
77.1673,4,rest
77.1674,171151,rest
77.1715,171252,rest
77.1755,170973,rest
77.1808,171318,rest
77.1837,171258,rest
77.1878,171176,rest
77.1920,171120,rest
77.1962,171334,rest
77.2001,170881,rest
77.2043,171321,rest
77.2083,171164,rest
77.2128,171387,rest
77.2165,170913,rest
77.2206,171035,rest
77.2246,170884,rest
77.2293,171446,rest
77.2328,170910,rest
77.2370,171389,rest
77.2411,170604,rest
77.2454,71195,rest
77.2499,171600,rest
77.2536,171615,rest
77.2575,170781,rest
77.2616,70909,rest
77.2663,170954,rest
77.2701,170940,rest
77.2738,171027,rest
77.2796,7114,rest
77.2838,171394,rest
77.2868,170782,rest
77.2884,17,rest
77.2902,0833,rest
77.2911,1711,rest
77.2944,2,rest
77.2957,17136,rest
77.2989,171690,rest
77.3028,171331,rest
77.3066,171103,rest
77.3118,71,rest
77.3151,171689,rest
77.3189,171429,rest
77.3230,171403,rest
77.3271,71340,rest
77.3314,171228,rest
77.3357,170972,rest
77.3393,170906,rest
77.3453,171229,rest
77.3478,171427,rest
77.3517,170817,rest
77.3558,171075,rest
77.3599,171308,rest
77.3639,171113,rest
77.3680,171164,rest
77.3721,171227,rest
77.3763,171080,rest
77.3803,171279,rest
77.3844,171350,rest
77.3885,170836,rest
77.3927,170999,rest
77.3968,171123,rest
77.4008,171185,rest
77.4049,171493,rest
77.4090,171145,rest
77.4146,170942,rest
77.4158,1,rest
77.4173,70763,rest
77.4187,1713,rest
77.4213,65,rest
77.4225,171224,rest
77.4254,171310,rest
77.4297,171400,rest
77.4340,171049,rest
77.4377,171359,rest
77.4418,170865,rest
77.4464,170749,rest
77.4501,170722,rest
77.4545,170931,rest
77.4582,171092,rest
77.4625,171189,rest
77.4665,170910,rest
77.4704,171263,rest
77.4745,170955,rest
77.4787,7,rest
77.4850,171299,rest
77.4891,171009,rest
77.4909,171172,rest
77.4955,170496,rest
77.4991,171053,rest
77.5032,171085,rest
77.5073,171237,rest
77.5135,170964,rest
77.5154,171220,rest
77.5195,170786,rest
77.5236,170905,rest
77.5296,0,rest
77.5343,171328,rest
77.5359,171349,rest
77.5400,171565,rest
77.5410,1,rest
77.5443,1,rest
77.5483,54,rest
77.5504,171197,rest
77.5523,171540,rest
77.5565,170958,rest
77.5605,71320,rest
77.5665,171075,rest
77.5694,171375,rest
77.5728,171244,rest
77.5791,1708,rest
77.5837,170985,rest
77.5851,170529,rest
77.5892,171096,rest
77.5958,170893,rest
77.5975,171431,rest
77.6015,171565,rest
77.6057,170697,rest
77.6097,171301,rest
77.6143,170773,rest
77.6179,170733,rest
77.6219,170657,rest
77.6261,171055,rest
77.6309,170843,rest
77.6346,171449,rest
77.6383,171370,rest
77.6425,171483,rest
77.6466,170976,rest
77.6510,170946,rest
77.6547,171461,rest
77.6589,171054,rest
77.6635,171438,rest
77.6670,171034,rest
77.6693,1,rest
77.6712,71592,rest
77.6723,1713,rest
77.6752,06,rest
77.6768,170914,rest
77.6808,171040,rest
77.6834,171300,rest
77.6875,171091,rest
77.6916,171136,rest
77.6962,171002,rest
77.7000,170962,rest
77.7039,171219,rest
77.7080,171213,rest
77.7144,170987,rest
77.7162,171140,rest
77.7202,171109,rest
77.7250,171298,rest
77.7286,171368,rest
77.7332,170757,rest
77.7366,171647,rest
77.7408,171167,rest
77.7449,740,rest
77.7492,170724,rest
77.7533,171410,rest
77.7577,171264,rest
77.7624,723,rest
77.7656,170686,rest
77.7694,171203,rest
77.7735,171560,rest
77.7828,170952,rest
77.7868,171245,rest
77.7899,171486,rest
77.7981,70879,rest
77.7995,170,rest
77.8023,969,rest
77.8035,170945,rest
77.8063,170932,rest
77.8105,718,rest
77.8144,171439,rest
77.8192,171209,rest
77.8233,171261,rest
77.8278,170474,rest
77.8322,75,rest
77.8361,171489,rest
77.8392,170760,rest
77.8434,171053,rest
77.8481,171081,rest
77.8515,171289,rest
77.8554,171081,rest
77.8595,170829,rest
77.8644,171382,rest
77.8677,171329,rest
77.8718,171209,rest
77.8759,171253,rest
77.8802,171423,rest
77.8843,171375,rest
77.8882,171500,rest
77.8923,171536,rest
77.8966,171107,rest
77.9005,171071,rest
77.9046,171062,rest
77.9087,171234,rest
77.9129,171433,rest
77.9169,171367,rest
77.9210,170865,rest
77.9251,170681,rest
77.9266,171,rest
77.9305,087,rest
77.9320,170888,rest
77.9333,170743,rest
77.9374,171648,rest
77.9422,171315,rest
77.9475,171687,rest
77.9514,171112,rest
77.9537,171158,rest
77.9579,171019,rest
77.9623,170916,rest
77.9662,171158,rest
77.9701,170782,rest
77.9743,171483,rest
77.9796,9,rest
77.9837,170931,rest
77.9868,170666,rest
77.9906,170472,rest
77.9963,76,rest
77.9992,170893,rest
78.0045,171216,rest
78.0072,170783,rest
78.0112,70537,rest
78.0154,171115,rest
78.0200,170576,rest
78.0233,171040,rest
78.0290,74,rest
78.0321,171422,rest
78.0357,171381,rest
78.0399,171100,rest
78.0462,179,rest
78.0504,170755,rest
78.0521,170727,rest
78.0530,17,rest
78.0563,1317,rest
78.0576,17138,rest
78.0604,716,rest
78.0648,171280,rest
78.0687,171361,rest
78.0726,171049,rest
78.0766,171200,rest
78.0816,171258,rest
78.0848,170559,rest
78.0889,170698,rest
78.0931,171008,rest
78.0971,170867,rest
78.1012,171606,rest
78.1052,171417,rest
78.1094,171070,rest
78.1135,171407,rest
78.1175,171133,rest
78.1216,171478,rest
78.1258,171033,rest
78.1304,170865,rest
78.1339,171206,rest
78.1380,170850,rest
78.1423,171191,rest
78.1469,171116,rest
78.1503,170699,rest
78.1544,170967,rest
78.1586,171149,rest
78.1629,170843,rest
78.1667,170650,rest
78.1708,171216,rest
78.1750,171014,rest
78.1793,170964,rest
78.1804,17,rest
78.1832,1071,rest
78.1842,17083,rest
78.1872,2,rest
78.1872,171119,rest
78.1913,171005,rest
78.1957,171615,rest
78.1995,170763,rest
78.2035,171167,rest
78.2078,171003,rest
78.2127,170961,rest
78.2158,171099,rest
78.2199,170797,rest
78.2240,170791,rest
78.2285,170947,rest
78.2322,170596,rest
78.2363,170709,rest
78.2404,170597,rest
78.2450,171271,rest
78.2494,170259,rest
78.2527,170809,rest
78.2570,170930,rest
78.2615,170936,rest
78.2650,171295,rest
78.2691,170971,rest
78.2732,171335,rest
78.2774,12,rest
78.2829,170672,rest
78.2860,170892,rest
78.2896,170771,rest
78.2938,71166,rest
78.2979,171626,rest
78.3026,171369,rest
78.3060,171348,rest
78.3072,17,rest
78.3101,162,rest
78.3113,173,rest
78.3159,170733,rest
78.3189,171083,rest
78.3224,171195,rest
78.3265,171002,rest
78.3311,171111,rest
78.3346,170707,rest
78.3387,171166,rest
78.3429,171136,rest
78.3469,171496,rest
78.3510,170746,rest
78.3552,171554,rest
78.3592,171204,rest
78.3638,171321,rest
78.3674,171210,rest
78.3715,171358,rest
78.3756,171402,rest
78.3802,171601,rest
78.3838,171142,rest
78.3879,171404,rest
78.3920,171147,rest
78.3963,170802,rest
78.4002,170931,rest
78.4042,170848,rest
78.4084,170572,rest
78.4130,171589,rest
78.4166,170778,rest
78.4206,170800,rest
78.4247,170652,rest
78.4305,170405,rest
78.4329,171173,rest
78.4344,17,rest
78.4371,0948,rest
78.4383,1706,rest
78.4413,44,rest
78.4428,170985,rest
78.4465,170828,rest
78.4493,171165,rest
78.4534,170969,rest
78.4576,171263,rest
78.4620,170628,rest
78.4657,170477,rest
78.4698,170768,rest
78.4739,170765,rest
78.4784,170851,rest
78.4821,170979,rest
78.4862,170969,rest
78.4902,170658,rest
78.4963,7,rest
78.4988,171093,rest
78.5026,170965,rest
78.5066,170474,rest
78.5128,70798,rest
78.5170,170971,rest
78.5189,171187,rest
78.5230,171217,rest
78.5280,171165,rest
78.5312,171127,rest
78.5353,171235,rest
78.5394,170952,rest
78.5479,170877,rest
78.5524,171482,rest
78.5562,171089,rest
78.5600,170887,rest
78.5610,1,rest
78.5641,4,rest
78.5656,10,rest
78.5683,40,rest
78.5708,171251,rest
78.5722,170904,rest
78.5778,78,rest
78.5816,170559,rest
78.5845,171346,rest
78.5885,170764,rest
78.5927,170953,rest
78.5973,171291,rest
78.6009,170789,rest
78.6050,170968,rest
78.6091,170834,rest
78.6137,170862,rest
78.6173,170988,rest
78.6213,171336,rest
78.6255,170843,rest
78.6305,170598,rest
78.6336,171542,rest
78.6377,171280,rest
78.6419,171120,rest
78.6464,170888,rest
78.6501,171092,rest
78.6543,171293,rest
78.6583,171110,rest
78.6626,171573,rest
78.6665,171041,rest
78.6706,170890,rest
78.6746,170921,rest
78.6800,171036,rest
78.6827,171215,rest
78.6869,171081,rest
78.6882,1,rest
78.6910,70987,rest
78.6920,1714,rest
78.6952,74,rest
78.6972,171229,rest
78.6993,170998,rest
78.7035,170705,rest
78.7073,171415,rest
78.7117,170829,rest
78.7155,171431,rest
78.7197,170644,rest
78.7237,170430,rest
78.7281,171270,rest
78.7320,170810,rest
78.7360,170859,rest
78.7402,170785,rest
78.7462,74,rest
78.7484,170977,rest
78.7524,170623,rest
78.7567,171334,rest
78.7614,718,rest
78.7656,170952,rest
78.7689,171032,rest
78.7729,171005,rest
78.7793,7112,rest
78.7828,170809,rest
78.7852,171673,rest
78.7892,171001,rest
78.7935,0,rest
78.8005,171043,rest
78.8017,170865,rest
78.8056,170648,rest
78.8113,7,rest
78.8147,171439,rest
78.8172,1,rest
78.8184,71201,rest
78.8195,170,rest
78.8221,915,rest
78.8234,171126,rest
78.8263,170973,rest
78.8302,170837,rest
78.8344,170521,rest
78.8384,171595,rest
78.8428,171099,rest
78.8470,170804,rest
78.8507,171039,rest
78.8548,171070,rest
78.8590,170755,rest
78.8630,170762,rest
78.8671,170712,rest
78.8712,171108,rest
78.8753,171514,rest
78.8796,171213,rest
78.8835,170996,rest
78.8875,170837,rest
78.8917,171485,rest
78.8965,170996,rest
78.8999,171290,rest
78.9040,171362,rest
78.9081,171055,rest
78.9125,170638,rest
78.9162,170696,rest
78.9203,171215,rest
78.9245,170935,rest
78.9292,171372,rest
78.9326,170969,rest
78.9367,171212,rest
78.9409,171519,rest
78.9426,1,rest
78.9480,71045,rest
78.9492,171004,rest
78.9506,171371,rest
78.9532,170524,rest
78.9572,171466,rest
78.9622,170610,rest
78.9654,170606,rest
78.9695,171497,rest
78.9736,171106,rest
78.9781,170791,rest
78.9818,170957,rest
78.9859,170937,rest
78.9899,170811,rest
78.9942,74,rest
78.9987,170785,rest
79.0030,170423,rest
79.0064,171015,rest
79.0118,7088,rest
79.0149,170966,rest
79.0203,171198,rest
79.0227,171704,rest
79.0287,170934,rest
79.0309,170898,rest
79.0350,171205,rest
79.0392,171246,rest
79.0446,7123,rest
79.0489,171208,rest
79.0529,171162,rest
79.0555,170953,rest
79.0613,7084,rest
79.0641,170703,rest
79.0686,170979,rest
79.0719,171008,rest
79.0731,171,rest
79.0761,7,rest
79.0767,7038,rest
79.0801,171351,rest
79.0842,170968,rest
79.0883,170812,rest
79.0924,171199,rest
79.0971,170970,rest
79.1006,171222,rest
79.1047,171181,rest
79.1087,170927,rest
79.1128,171077,rest
79.1169,171369,rest
79.1210,170731,rest
79.1253,170829,rest
79.1304,170987,rest
79.1333,170946,rest
79.1374,170684,rest
79.1417,170356,rest
79.1456,170391,rest
79.1497,170966,rest
79.1538,170576,rest
79.1580,171144,rest
79.1633,171137,rest
79.1661,171036,rest
79.1702,170821,rest
79.1743,170978,rest
79.1789,170818,rest
79.1826,171064,rest
79.1867,170269,rest
79.1907,171108,rest
79.1954,171499,rest
79.1989,170987,rest
79.1998,17,rest
79.2030,0663,rest
79.2043,17090,rest
79.2070,0,rest
79.2071,170655,rest
79.2116,171282,rest
79.2152,170611,rest
79.2193,170869,rest
79.2235,171111,rest
79.2281,171171,rest
79.2316,170616,rest
79.2357,171778,rest
79.2399,171082,rest
79.2451,170794,rest
79.2481,170787,rest
79.2522,171070,rest
79.2563,170706,rest
79.2604,726,rest
79.2645,170610,rest
79.2694,171102,rest
79.2728,171145,rest
79.2782,713,rest
79.2810,171607,rest
79.2849,171150,rest
79.2890,171008,rest
79.2933,1718,rest
79.2976,170588,rest
79.3019,170908,rest
79.3054,170598,rest
79.3105,09,rest
79.3137,170577,rest
79.3176,170732,rest
79.3217,170677,rest
79.3273,0977,rest
79.3301,079,rest
79.3318,17089,rest
79.3340,4,rest
79.3342,170627,rest
79.3383,170858,rest
79.3441,17115,rest
79.3469,171041,rest
79.3504,170742,rest
79.3545,171195,rest
79.3586,170989,rest
79.3631,170917,rest
79.3668,171210,rest
79.3709,171231,rest
79.3750,170984,rest
79.3797,171288,rest
79.3832,171421,rest
79.3873,170951,rest
79.3915,171625,rest
79.3964,171213,rest
79.3996,170702,rest
79.4036,171268,rest
79.4079,171167,rest
79.4125,170752,rest
79.4159,170768,rest
79.4200,170838,rest
79.4243,170899,rest
79.4288,170846,rest
79.4323,170928,rest
79.4364,171184,rest
79.4405,171217,rest
79.4457,171536,rest
79.4487,170833,rest
79.4528,170978,rest
79.4543,17,rest
79.4569,0950,rest
79.4581,1714,rest
79.4610,65,rest
79.4624,171556,rest
79.4651,170577,rest
79.4692,171252,rest
79.4738,171341,rest
79.4777,170829,rest
79.4815,170992,rest
79.4856,171299,rest
79.4897,171040,rest
79.4941,170520,rest
79.4979,170667,rest
79.5020,171249,rest
79.5060,170588,rest
79.5109,171314,rest
79.5143,171432,rest
79.5183,171544,rest
79.5224,170827,rest
79.5312,171103,rest
79.5361,171476,rest
79.5388,171603,rest
79.5446,13,rest
79.5474,170802,rest
79.5512,171331,rest
79.5552,171274,rest
79.5611,73,rest
79.5636,171290,rest
79.5675,171345,rest
79.5716,172033,rest
79.5762,732,rest
79.5812,171130,rest
79.5829,1,rest
79.5839,71059,rest
79.5853,1709,rest
79.5879,94,rest
79.5890,171413,rest
79.5936,17141,rest
79.5975,170965,rest
79.6021,170801,rest
79.6044,171295,rest
79.6086,73,rest
79.6140,171278,rest
79.6171,1212510,rest
79.6208,167346,rest
79.6249,164381,rest
79.6291,165224,rest
79.6330,165332,rest
79.6372,165527,rest
79.6415,16512,rest
79.6468,165801,rest
79.6498,165352,rest
79.6535,165714,rest
79.6578,165529,rest
79.6624,165513,rest
79.6658,165575,rest
79.6699,165715,rest
79.6742,165624,rest
79.6786,165810,rest
79.6822,165532,rest
79.6862,166037,rest
79.6905,165746,rest
79.6953,165726,rest
79.6986,165510,rest
79.7027,165657,rest
79.7067,166660,rest
79.7069,1,rest
79.7115,66372,rest
79.7131,1662,rest
79.7149,62,rest
79.7162,166583,rest
79.7191,166063,rest
79.7232,166133,rest
79.7293,3,rest
79.7341,166764,rest
79.7359,166024,rest
79.7395,166413,rest
79.7440,166441,rest
79.7477,166333,rest
79.7518,166576,rest
79.7560,166404,rest
79.7601,6659,rest
79.7650,166397,rest
79.7690,166921,rest
79.7723,166659,rest
79.7778,4,rest
79.7818,166598,rest
79.7850,166969,rest
79.7887,167389,rest
79.7929,668,rest
79.7984,166780,rest
79.8015,166654,rest
79.8050,166556,rest
79.8093,66,rest
79.8136,167222,rest
79.8174,166642,rest
79.8215,167014,rest
79.8267,6682,rest
79.8299,166884,rest
79.8337,166817,rest
79.8379,167302,rest
79.8389,166,rest
79.8419,553,rest
79.8437,167086,rest
79.8461,166767,rest
79.8502,166836,rest
79.8542,166530,rest
79.8584,167082,rest
79.8628,166860,rest
79.8665,166605,rest
79.8706,167079,rest
79.8747,167039,rest
79.8788,167179,rest
79.8829,167709,rest
79.8870,167028,rest
79.8912,166960,rest
79.8962,167014,rest
79.8993,166801,rest
79.9033,167119,rest
79.9074,167034,rest
79.9119,167007,rest
79.9156,167610,rest
79.9197,166833,rest
79.9239,167517,rest
79.9280,167174,rest
79.9321,167290,rest
79.9361,167532,rest
79.9404,167004,rest
79.9452,167318,rest
79.9484,167442,rest
79.9524,167728,rest
79.9566,167447,rest
79.9608,167384,rest
79.9648,167544,rest
79.9661,167,rest
79.9689,162,rest
79.9697,167173,rest
79.9730,167913,rest
79.9787,167655,rest
79.9812,167419,rest
79.9853,167461,rest
79.9893,167519,rest
79.9937,67,rest
79.9992,167749,rest
80.0037,167654,rest
80.0059,167756,rest
80.0110,66,rest
80.0141,167873,rest
80.0180,168000,rest
80.0222,167832,rest
80.0263,67895,rest
80.0309,167709,rest
80.0352,168127,rest
80.0385,168179,rest
80.0427,678,rest
80.0495,167558,rest
80.0510,167665,rest
80.0549,167621,rest
80.0607,677,rest
80.0649,167913,rest
80.0672,167858,rest
80.0713,167776,rest
80.0765,103,rest
80.0798,167986,rest
80.0836,167645,rest
80.0877,167443,rest
80.0919,167823,rest
80.0929,167,rest
80.0966,949,rest
80.0982,168482,rest
80.1001,167817,rest
80.1041,167965,rest
80.1082,167732,rest
80.1130,167768,rest
80.1163,167812,rest
80.1205,168109,rest
80.1246,168008,rest
80.1290,167702,rest
80.1328,167655,rest
80.1368,168034,rest
80.1410,167628,rest
80.1461,167974,rest
80.1492,167824,rest
80.1533,167899,rest
80.1574,167943,rest
80.1626,168285,rest
80.1656,167863,rest
80.1696,167539,rest
80.1740,168223,rest
80.1787,168489,rest
80.1820,168448,rest
80.1860,168453,rest
80.1901,167902,rest
80.1951,168323,rest
80.1984,167851,rest
80.2024,168192,rest
80.2065,168631,rest
80.2109,168332,rest
80.2147,168424,rest
80.2188,168770,rest
80.2201,168,rest
80.2229,184,rest
80.2239,16828,rest
80.2271,5,rest
80.2275,168469,rest
80.2310,168615,rest
80.2352,168470,rest
80.2392,168483,rest
80.2447,168663,rest
80.2474,168423,rest
80.2515,168461,rest
80.2557,168513,rest
80.2612,683,rest
80.2644,168258,rest
80.2679,168494,rest
80.2720,168163,rest
80.2761,68488,rest
80.2845,168892,rest
80.2848,168883,rest
80.2884,168530,rest
80.2946,3,rest
80.2971,168899,rest
80.3007,169294,rest
80.3048,168716,rest
80.3090,6885,rest
80.3132,168362,rest
80.3175,168552,rest
80.3214,168547,rest
80.3260,8,rest
80.3305,168508,rest
80.3334,168649,rest
80.3375,168543,rest
80.3419,169045,rest
80.3459,168596,rest
80.3472,16,rest
80.3498,9137,rest
80.3511,1688,rest
80.3539,15,rest
80.3550,168917,rest
80.3580,168581,rest
80.3630,169018,rest
80.3662,168586,rest
80.3703,168625,rest
80.3745,168658,rest
80.3790,169142,rest
80.3826,168834,rest
80.3867,168558,rest
80.3909,169014,rest
80.3959,168950,rest
80.3990,168903,rest
80.4030,168984,rest
80.4072,169123,rest
80.4118,168448,rest
80.4153,168935,rest
80.4194,168767,rest
80.4237,168786,rest
80.4279,168729,rest
80.4318,168687,rest
80.4358,169158,rest
80.4400,168982,rest
80.4449,169211,rest
80.4482,168589,rest
80.4522,169097,rest
80.4565,168442,rest
80.4609,169272,rest
80.4646,168653,rest
80.4686,169312,rest
80.4727,168905,rest
80.4744,1,rest
80.4773,68635,rest
80.4788,1687,rest
80.4809,51,rest
80.4827,168803,rest
80.4851,168766,rest
80.4890,168935,rest
80.4938,168668,rest
80.4983,168846,rest
80.5015,168798,rest
80.5055,168845,rest
80.5097,6,rest
80.5175,169214,rest
80.5179,168888,rest
80.5219,169519,rest
80.5274,69,rest
80.5308,169097,rest
80.5348,168836,rest
80.5382,168837,rest
80.5427,67,rest
80.5492,169043,rest
80.5505,169561,rest
80.5546,170044,rest
80.5597,4,rest
80.5640,169357,rest
80.5672,169544,rest
80.5710,169255,rest
80.5752,169414,rest
80.5792,169456,rest
80.5833,169105,rest
80.5874,169028,rest
80.5915,169431,rest
80.5958,169841,rest
80.5997,169363,rest
80.6010,1,rest
80.6038,69336,rest
80.6047,1692,rest
80.6078,15,rest
80.6087,169707,rest
80.6121,169280,rest
80.6160,168927,rest
80.6202,169613,rest
80.6243,169574,rest
80.6285,169217,rest
80.6324,169722,rest
80.6365,169399,rest
80.6406,169432,rest
80.6454,169402,rest
80.6488,169156,rest
80.6529,169298,rest
80.6570,169345,rest
80.6617,169584,rest
80.6652,169445,rest
80.6693,169589,rest
80.6734,169942,rest
80.6784,169964,rest
80.6816,169039,rest
80.6856,169066,rest
80.6900,169440,rest
80.6949,169761,rest
80.6980,169432,rest
80.7020,169588,rest
80.7064,169147,rest
80.7105,169843,rest
80.7143,169516,rest
80.7184,169271,rest
80.7226,169081,rest
80.7272,169677,rest
80.7283,1,rest
80.7307,69505,rest
80.7320,1692,rest
80.7348,63,rest
80.7359,169145,rest
80.7393,169781,rest
80.7448,60,rest
80.7493,169783,rest
80.7512,169263,rest
80.7554,169611,rest
80.7597,169950,rest
80.7641,169764,rest
80.7676,169710,rest
80.7717,169719,rest
80.7759,691,rest
80.7814,169320,rest
80.7842,169451,rest
80.7880,169852,rest
80.7923,7054,rest
80.7975,169805,rest
80.8012,169327,rest
80.8045,169236,rest
80.8088,16991,rest
80.8128,169808,rest
80.8173,169717,rest
80.8208,170294,rest
80.8255,697,rest
80.8290,169619,rest
80.8332,169890,rest
80.8372,170283,rest
80.8423,171,rest
80.8454,169424,rest
80.8495,169650,rest
80.8536,169701,rest
80.8546,1,rest
80.8577,69478,rest
80.8595,169,rest
80.8618,537,rest
80.8637,169619,rest
80.8659,169737,rest
80.8700,170147,rest
80.8741,169871,rest
80.8793,169301,rest
80.8823,169618,rest
80.8863,169423,rest
80.8905,169866,rest
80.8955,169915,rest
80.8987,169365,rest
80.9028,170247,rest
80.9069,169961,rest
80.9116,169636,rest
80.9150,169643,rest
80.9192,169974,rest
80.9233,169821,rest
80.9280,169662,rest
80.9314,169839,rest
80.9355,169398,rest
80.9398,169665,rest
80.9439,169794,rest
80.9478,169659,rest
80.9519,169594,rest
80.9560,169984,rest
80.9605,169816,rest
80.9642,169883,rest
80.9683,170255,rest
80.9724,169834,rest
80.9768,170012,rest
80.9806,169925,rest
80.9847,170163,rest
80.9864,169,rest
80.9888,696,rest
80.9901,170564,rest
80.9937,169736,rest
80.9970,169703,rest
81.0010,169966,rest
81.0052,169590,rest
81.0107,16,rest
81.0134,170200,rest
81.0174,170172,rest
81.0215,169596,rest
81.0272,70,rest
81.0301,170368,rest
81.0338,170186,rest
81.0379,169737,rest
81.0421,69523,rest
81.0472,170163,rest
81.0511,169880,rest
81.0543,169978,rest
81.0586,690,rest
81.0629,169729,rest
81.0667,169755,rest
81.0707,169846,rest
81.0750,685,rest
81.0796,170044,rest
81.0841,170063,rest
81.0872,169728,rest
81.0928,196,rest
81.0954,169473,rest
81.0993,169867,rest
81.1034,169782,rest
81.1076,169868,rest
81.1117,170489,rest
81.1128,17,rest
81.1157,0519,rest
81.1172,17005,rest
81.1198,7,rest
81.1199,169671,rest
81.1239,169979,rest
81.1289,169648,rest
81.1322,170402,rest
81.1362,170474,rest
81.1404,170663,rest
81.1454,170756,rest
81.1485,170285,rest
81.1526,170407,rest
81.1569,169852,rest
81.1612,169803,rest
81.1649,169907,rest
81.1690,170183,rest
81.1732,170285,rest
81.1786,170176,rest
81.1813,170082,rest
81.1853,170325,rest
81.1895,170136,rest
81.1940,170271,rest
81.1977,170857,rest
81.2018,170075,rest
81.2060,170327,rest
81.2102,170427,rest
81.2140,170228,rest
81.2182,170215,rest
81.2222,169964,rest
81.2271,169598,rest
81.2307,169807,rest
81.2345,169688,rest
81.2386,170268,rest
81.2402,16,rest
81.2431,9595,rest
81.2446,17051,rest
81.2468,0,rest
81.2483,170445,rest
81.2509,170005,rest
81.2551,170164,rest
81.2598,170670,rest
81.2632,170385,rest
81.2673,170279,rest
81.2714,170039,rest
81.2768,7024,rest
81.2832,170081,rest
81.2837,170449,rest
81.2877,170443,rest
81.2939,798,rest
81.2961,170438,rest
81.3000,170448,rest
81.3042,170139,rest
81.3095,7023,rest
81.3126,170187,rest
81.3164,170237,rest
81.3205,170405,rest
81.3249,1680,rest
81.3290,170137,rest
81.3334,170048,rest
81.3369,170051,rest
81.3410,169964,rest
81.3452,169963,rest
81.3492,170139,rest
81.3533,170465,rest
81.3574,170106,rest
81.3619,170475,rest
81.3656,170737,rest
81.3667,17,rest
81.3697,0389,rest
81.3708,1705,rest
81.3738,85,rest
81.3753,170236,rest
81.3780,170411,rest
81.3820,170186,rest
81.3861,170749,rest
81.3902,170474,rest
81.3946,170157,rest
81.3983,170340,rest
81.4024,170282,rest
81.4067,170519,rest
81.4118,170785,rest
81.4147,170771,rest
81.4188,170211,rest
81.4231,170645,rest
81.4278,169829,rest
81.4312,170016,rest
81.4352,170472,rest
81.4395,170693,rest
81.4437,170605,rest
81.4475,169908,rest
81.4517,170716,rest
81.4561,170551,rest
81.4603,169712,rest
81.4639,169870,rest
81.4680,170365,rest
81.4721,170004,rest
81.4767,170198,rest
81.4803,170080,rest
81.4844,170103,rest
81.4884,169981,rest
81.4927,170574,rest
81.4967,70560,rest
81.4979,1704,rest
81.5008,32,rest
81.5024,170797,rest
81.5048,170588,rest
81.5108,170343,rest
81.5130,170506,rest
81.5172,170271,rest
81.5212,170531,rest
81.5267,7052,rest
81.5296,170518,rest
81.5343,170180,rest
81.5394,170367,rest
81.5419,76,rest
81.5459,170081,rest
81.5507,170979,rest
81.5543,171016,rest
81.5603,7010,rest
81.5629,170279,rest
81.5669,170691,rest
81.5716,170342,rest
81.5758,1704,rest
81.5789,170955,rest
81.5829,170476,rest
81.5867,170993,rest
81.5918,17038,rest
81.5953,170746,rest
81.5998,170266,rest
81.6045,170761,rest
81.6075,170443,rest
81.6127,169798,rest
81.6154,170666,rest
81.6195,170579,rest
81.6207,1,rest
81.6237,70651,rest
81.6253,1704,rest
81.6280,71,rest
81.6292,170341,rest
81.6319,170220,rest
81.6360,170575,rest
81.6400,170195,rest
81.6445,170549,rest
81.6484,171040,rest
81.6523,170577,rest
81.6565,170414,rest
81.6618,170688,rest
81.6646,170412,rest
81.6687,170065,rest
81.6728,170926,rest
81.6771,170921,rest
81.6813,170355,rest
81.6850,170886,rest
81.6893,170342,rest
81.6936,171014,rest
81.6976,170390,rest
81.7014,170607,rest
81.7055,170055,rest
81.7113,170483,rest
81.7137,170717,rest
81.7178,170887,rest
81.7219,170339,rest
81.7264,170554,rest
81.7308,170778,rest
81.7342,170714,rest
81.7383,170390,rest
81.7425,70,rest
81.7483,170532,rest
81.7499,1,rest
81.7520,70636,rest
81.7534,1704,rest
81.7546,14,rest
81.7556,170861,rest
81.7596,171224,rest
81.7638,170436,rest
81.7670,170319,rest
81.7710,170609,rest
81.7754,00,rest
81.7832,170261,rest
81.7837,170596,rest
81.7875,170666,rest
81.7924,170321,rest
81.7956,170129,rest
81.7997,170127,rest
81.8038,170407,rest
81.8081,3,rest
81.8148,170127,rest
81.8178,170612,rest
81.8202,170205,rest
81.8245,170394,rest
81.8293,170198,rest
81.8326,170595,rest
81.8366,170407,rest
81.8410,169,rest
81.8456,170275,rest
81.8491,170609,rest
81.8530,171101,rest
81.8571,171143,rest
81.8616,169920,rest
81.8653,170249,rest
81.8695,170829,rest
81.8736,170540,rest
81.8745,1,rest
81.8783,70616,rest
81.8797,1706,rest
81.8817,04,rest
81.8828,170450,rest
81.8860,170512,rest
81.8899,170695,rest
81.8950,170631,rest
81.8981,170690,rest
81.9022,170624,rest
81.9063,170456,rest
81.9107,170731,rest
81.9146,170219,rest
81.9185,170948,rest
81.9226,170559,rest
81.9268,170893,rest
81.9312,170312,rest
81.9351,170080,rest
81.9392,170660,rest
81.9439,170286,rest
81.9472,170430,rest
81.9513,170578,rest
81.9557,170765,rest
81.9599,170938,rest
81.9636,170807,rest
81.9677,170648,rest
81.9720,170453,rest
81.9761,70518,rest
81.9816,170035,rest
81.9855,170741,rest
81.9882,170537,rest
81.9931,170639,rest
81.9968,170593,rest
82.0005,170575,rest
82.0048,170522,rest
82.0060,170,rest
82.0089,0,rest
82.0102,05,rest
82.0138,171057,rest
82.0169,170248,rest
82.0211,170100,rest
82.0252,171006,rest
82.0293,170658,rest
82.0332,170533,rest
82.0373,170798,rest
82.0415,170231,rest
82.0455,170638,rest
82.0496,170456,rest
82.0537,170344,rest
82.0581,170945,rest
82.0621,170420,rest
82.0661,170947,rest
82.0701,170187,rest
82.0745,170412,rest
82.0782,170357,rest
82.0823,170562,rest
82.0864,170676,rest
82.0906,170821,rest
82.0957,170482,rest
82.0988,170698,rest
82.1029,170652,rest
82.1070,171017,rest
82.1118,170321,rest
82.1152,171087,rest
82.1192,171219,rest
82.1235,170850,rest
82.1284,170616,rest
82.1317,170394,rest
82.1328,170,rest
82.1356,806,rest
82.1369,17083,rest
82.1397,9,rest
82.1398,170577,rest
82.1447,170784,rest
82.1479,170555,rest
82.1519,170232,rest
82.1563,170537,rest
82.1606,170823,rest
82.1644,171344,rest
82.1684,170963,rest
82.1727,170843,rest
82.1770,170943,rest
82.1806,170984,rest
82.1847,171038,rest
82.1889,171315,rest
82.1937,171117,rest
82.1970,170816,rest
82.2012,170963,rest
82.2053,171159,rest
82.2103,170711,rest
82.2135,170842,rest
82.2176,170642,rest
82.2216,170739,rest
82.2277,710,rest
82.2303,170655,rest
82.2346,170608,rest
82.2380,170676,rest
82.2440,170675,rest
82.2462,170866,rest
82.2503,170371,rest
82.2544,170812,rest
82.2588,170227,rest
82.2606,17,rest
82.2626,0522,rest
82.2637,17098,rest
82.2666,4,rest
82.2667,170425,rest
82.2708,170751,rest
82.2768,7,rest
82.2798,170369,rest
82.2834,170736,rest
82.2872,170295,rest
82.2913,70431,rest
82.2957,170513,rest
82.3001,170726,rest
82.3035,170900,rest
82.3095,17080,rest
82.3122,171021,rest
82.3158,170837,rest
82.3199,169962,rest
82.3254,168,rest
82.3309,170681,rest
82.3323,170631,rest
82.3363,170305,rest
82.3408,70,rest
82.3459,170952,rest
82.3488,170925,rest
82.3531,170935,rest
82.3568,171223,rest
82.3617,170583,rest
82.3652,170895,rest
82.3691,170356,rest
82.3733,170264,rest
82.3780,171014,rest
82.3814,170765,rest
82.3855,170448,rest
82.3869,17,rest
82.3898,0767,rest
82.3912,17068,rest
82.3940,5,rest
82.3941,170383,rest
82.3977,171160,rest
82.4018,170576,rest
82.4062,170444,rest
82.4103,170987,rest
82.4142,170530,rest
82.4183,170565,rest
82.4223,171306,rest
82.4266,171092,rest
82.4305,171484,rest
82.4346,170423,rest
82.4388,170567,rest
82.4435,170142,rest
82.4469,170632,rest
82.4510,171020,rest
82.4551,170489,rest
82.4597,170898,rest
82.4633,170574,rest
82.4674,170585,rest
82.4715,170992,rest
82.4762,170577,rest
82.4803,170581,rest
82.4837,171067,rest
82.4878,170885,rest
82.4925,170457,rest
82.4960,170430,rest
82.5002,170935,rest
82.5044,170815,rest
82.5091,71030 ,rest
82.5135,170702,rest
82.5145,1,rest
82.5165,70403,rest
82.5177,1708,rest
82.5206,07,rest
82.5222,171111,rest
82.5260,170580,rest
82.5295,170998,rest
82.5329,170557,rest
82.5370,171249,rest
82.5412,70712,rest
82.5453,170574,rest
82.5501,170683,rest
82.5534,170921,rest
82.5588,769,rest
82.5620,170158,rest
82.5662,171024,rest
82.5705,170536,rest
82.5758,170944,rest
82.5781,171083,rest
82.5820,171291,rest
82.5862,170813,rest
82.5905,170980,rest
82.5947,170894,rest
82.5989,170799,rest
82.6027,170882,rest
82.6067,170677,rest
82.6111,170796,rest
82.6148,171094,rest
82.6189,170862,rest
82.6230,171161,rest
82.6275,170348,rest
82.6312,170606,rest
82.6354,170724,rest
82.6395,170565,rest
82.6406,1,rest
82.6435,71033,rest
82.6446,1708,rest
82.6476,20,rest
82.6486,170721,rest
82.6518,171115,rest
82.6558,170835,rest
82.6603,170968,rest
82.6640,170831,rest
82.6682,170531,rest
82.6723,170853,rest
82.6765,171313,rest
82.6811,170772,rest
82.6847,171257,rest
82.6889,171193,rest
82.6931,170904,rest
82.6967,170843,rest
82.7008,170987,rest
82.7049,171046,rest
82.7097,171083,rest
82.7134,170941,rest
82.7176,170691,rest
82.7213,170755,rest
82.7264,169973,rest
82.7295,170910,rest
82.7336,170487,rest
82.7377,170820,rest
82.7425,171002,rest
82.7459,171188,rest
82.7501,171369,rest
82.7542,170873,rest
82.7598,7066,rest
82.7627,171087,rest
82.7676,170849,rest
82.7687,1,rest
82.7705,70514,rest
82.7717,1710,rest
82.7746,4,rest
82.7758,17518,rest
82.7813,170996,rest
82.7850,170667,rest
82.7869,170715,rest
82.7924,7104,rest
82.7955,170913,rest
82.7992,170739,rest
82.8033,170772,rest
82.8092,170418,rest
82.8114,171222,rest
82.8155,170970,rest
82.8196,170430,rest
82.8254,1198,rest
82.8282,170652,rest
82.8319,170748,rest
82.8360,170569,rest
82.8404,17101,rest
82.8444,170971,rest
82.8484,170734,rest
82.8524,170725,rest
82.8565,170264,rest
82.8611,171026,rest
82.8647,171112,rest
82.8688,170814,rest
82.8729,170907,rest
82.8772,170544,rest
82.8813,171377,rest
82.8852,170985,rest
82.8893,170547,rest
82.8941,170513,rest
82.8975,171039,rest
82.8986,170,rest
82.9016,784,rest
82.9031,171271,rest
82.9057,171273,rest
82.9108,170642,rest
82.9138,170317,rest
82.9179,171095,rest
82.9222,170197,rest
82.9263,170861,rest
82.9302,170912,rest
82.9343,170947,rest
82.9386,170818,rest
82.9428,170712,rest
82.9468,170926,rest
82.9507,170896,rest
82.9548,171056,rest
82.9591,170655,rest
82.9639,170922,rest
82.9675,171205,rest
82.9712,170851,rest
82.9756,170898,rest
82.9799,170721,rest
82.9836,171315,rest
82.9875,170533,rest
82.9923,170893,rest
82.9961,171264,rest
82.9999,170867,rest
83.0039,170672,rest
83.0088,170603,rest
83.0122,170789,rest
83.0162,170786,rest
83.0203,170790,rest
83.0267,7061170,rest
83.0293,422,rest
83.0309,170431,rest
83.0326,171025,rest
83.0367,171029,rest
83.0431,712,rest
83.0450,170683,rest
83.0490,170743,rest
83.0530,170382,rest
83.0586,7129,rest
83.0625,171101,rest
83.0667,171295,rest
83.0701,170651,rest
83.0736,170294,rest
83.0780,170838,rest
83.0823,171317,rest
83.0858,171104,rest
83.0908,70885,rest
83.0952,170461,rest
83.0988,171428,rest
83.1022,170545,rest
83.1064,170827,rest
83.1107,171142,rest
83.1145,170487,rest
83.1186,171053,rest
83.1227,171492,rest
83.1275,171203,rest
83.1311,170931,rest
83.1350,170741,rest
83.1392,170895,rest
83.1436,170903,rest
83.1475,170767,rest
83.1515,170711,rest
83.1527,170,rest
83.1555,899,rest
83.1565,17075,rest
83.1600,4,rest
83.1605,170948,rest
83.1637,170868,rest
83.1677,171180,rest
83.1719,171289,rest
83.1767,171140,rest
83.1801,170773,rest
83.1842,171824,rest
83.1882,170313,rest
83.1937,171340,rest
83.1964,170953,rest
83.2005,170940,rest
83.2046,170918,rest
83.2095,171094,rest
83.2128,170324,rest
83.2169,170652,rest
83.2211,171093,rest
83.2256,170727,rest
83.2292,170642,rest
83.2334,171234,rest
83.2374,170795,rest
83.2433,70842,rest
83.2459,170724,rest
83.2503,170812,rest
83.2538,170706,rest
83.2585,171036,rest
83.2620,170715,rest
83.2661,171560,rest
83.2703,170927,rest
83.2744,708,rest
83.2791,171056,rest
83.2811,17,rest
83.2826,0617,rest
83.2839,17088,rest
83.2866,7,rest
83.2877,170384,rest
83.2913,171136,rest
83.2950,170838,rest
83.2989,170747,rest
83.3030,170539,rest
83.3083,709,rest
83.3114,170777,rest
83.3165,171099,rest
83.3216,171352,rest
83.3235,170855,rest
83.3280,171442,rest
83.3316,171174,rest
83.3357,171238,rest
83.3401,7,rest
83.3447,171206,rest
83.3487,170942,rest
83.3521,170930,rest
83.3562,170886,rest
83.3611,170839,rest
83.3644,170621,rest
83.3685,170930,rest
83.3726,171004,rest
83.3768,171444,rest
83.3811,170842,rest
83.3849,171112,rest
83.3889,171462,rest
83.3936,170832,rest
83.3972,170486,rest
83.4012,171177,rest
83.4054,170812,rest
83.4064,17,rest
83.4097,0995,rest
83.4114,1709,rest
83.4135,96,rest
83.4147,171066,rest
83.4177,170807,rest
83.4218,170997,rest
83.4271,171102,rest
83.4299,170953,rest
83.4340,170860,rest
83.4382,170618,rest
83.4424,170822,rest
83.4473,171068,rest
83.4507,170734,rest
83.4545,171213,rest
83.4590,171066,rest
83.4627,171106,rest
83.4667,171216,rest
83.4712,171177,rest
83.4753,171235,rest
83.4793,170802,rest
83.4832,170724,rest
83.4872,170912,rest
83.4926,171108,rest
83.4954,170566,rest
83.4995,170908,rest
83.5036,170850,rest
83.5080,78,rest
83.5121,170891,rest
83.5163,170906,rest
83.5200,170761,rest
83.5244,170946,rest
83.5283,7090,rest
83.5324,77,rest
83.5366,1320,rest
83.5382,1706,rest
83.5414,43,rest
83.5433,171413,rest
83.5452,171206,rest
83.5498,170800,rest
83.5528,170954,rest
83.5570,7040,rest
83.5651,170932,rest
83.5655,170678,rest
83.5692,171163,rest
83.5734,7111,rest
83.5776,171020,rest
83.5827,171112,rest
83.5876,170878,rest
83.5897,170922,rest
83.5940,171117,rest
83.5984,171111,rest
83.6021,170768,rest
83.6061,170691,rest
83.6105,170832,rest
83.6152,170501,rest
83.6183,171132,rest
83.6224,171454,rest
83.6268,171028,rest
83.6308,170661,rest
83.6349,170468,rest
83.6388,170668,rest
83.6434,171070,rest
83.6470,170618,rest
83.6511,170494,rest
83.6552,171186,rest
83.6603,170754,rest
83.6620,1,rest
83.6634,70536,rest
83.6650,1714,rest
83.6676,00,rest
83.6686,171690,rest
83.6716,170658,rest
83.6759,171194,rest
83.6801,170914,rest
83.6841,171238,rest
83.6882,171178,rest
83.6924,170815,rest
83.6968,171306,rest
83.7002,171110,rest
83.7043,171163,rest
83.7096,171062,rest
83.7125,170652,rest
83.7166,170785,rest
83.7207,170727,rest
83.7263,171001,rest
83.7289,171010,rest
83.7330,171093,rest
83.7379,170304,rest
83.7428,170703,rest
83.7454,170761,rest
83.7494,170879,rest
83.7536,170799,rest
83.7587,170597,rest
83.7617,170439,rest
83.7657,170671,rest
83.7698,170800,rest
83.7741,71071,rest
83.7783,171102,rest
83.7829,170919,rest
83.7877,170629,rest
83.7886,1,rest
83.7919,1417,rest
83.7952,13,rest
83.7992,171407,rest
83.7997,170921,rest
83.8027,170296,rest
83.8081,7058,rest
83.8143,170696,rest
83.8149,170816,rest
83.8190,171450,rest
83.8245,1,rest
83.8274,170867,rest
83.8320,170630,rest
83.8360,171709,rest
83.8395,170746,rest
83.8439,171050,rest
83.8477,170764,rest
83.8518,170754,rest
83.8560,171175,rest
83.8600,170871,rest
83.8640,171064,rest
83.8682,170690,rest
83.8723,171913,rest
83.8767,171472,rest
83.8805,171241,rest
83.8846,170812,rest
83.8886,170547,rest
83.8930,171131,rest
83.8971,171384,rest
83.9009,171107,rest
83.9050,171224,rest
83.9095,171347,rest
83.9137,171089,rest
83.9148,1,rest
83.9174,70892,rest
83.9186,171,rest
83.9214,436,rest
83.9223,171513,rest
83.9270,171097,rest
83.9296,171001,rest
83.9337,170836,rest
83.9378,171374,rest
83.9437,171197,rest
83.9460,170646,rest
83.9500,170902,rest
83.9543,170986,rest
83.9591,170935,rest
83.9626,170622,rest
83.9665,171031,rest
83.9705,171101,rest
83.9762,14,rest
83.9796,171443,rest
83.9836,170778,rest
83.9869,170561,rest
83.9914,171076,rest
83.9952,171726,rest
83.9993,170648,rest
84.0033,170746,rest
84.0076,7058,rest
84.0118,170547,rest
84.0168,170749,rest
84.0202,171237,rest
84.0254,700,rest
84.0287,170496,rest
84.0330,170679,rest
84.0374,170676,rest
84.0403,71295,rest
84.0445,170796,rest
84.0471,170,rest
84.0485,832,rest
84.0503,170913,rest
84.0525,171414,rest
84.0589,14,rest
84.0614,170785,rest
84.0647,171178,rest
84.0688,171051,rest
84.0732,792,rest
84.0774,171172,rest
84.0821,171069,rest
84.0856,171612,rest
84.0898,171044,rest
84.0946,7044,rest
84.0979,171103,rest
84.1025,170997,rest
84.1067,171062,rest
84.1098,170783,rest
84.1142,171315,rest
84.1180,170994,rest
84.1223,171238,rest
84.1265,170789,rest
84.1307,170605,rest
84.1344,170972,rest
84.1385,171299,rest
84.1435,171603,rest
84.1467,170579,rest
84.1508,170672,rest
84.1550,170745,rest
84.1592,171110,rest
84.1636,171297,rest
84.1672,170723,rest
84.1713,170943,rest
84.1729,17,rest
84.1756,0460,rest
84.1774,17150,rest
84.1794,7,rest
84.1795,170602,rest
84.1836,170571,rest
84.1876,171180,rest
84.1922,170881,rest
84.1958,170970,rest
84.1999,171178,rest
84.2041,171064,rest
84.2097,70,rest
84.2148,170840,rest
84.2163,171050,rest
84.2204,171195,rest
84.2260,170497,rest
84.2286,170815,rest
84.2327,170704,rest
84.2368,170766,rest
84.2425,3,rest
84.2460,171132,rest
84.2497,170747,rest
84.2532,171182,rest
84.2574,7005,rest
84.2617,171239,rest
84.2656,171190,rest
84.2709,171241,rest
84.2757,170918,rest
84.2780,170672,rest
84.2818,171339,rest
84.2859,171015,rest
84.2914,771,rest
84.2950,171214,rest
84.2990,170760,rest
84.3012,17,rest
84.3024,0896,rest
84.3033,17080,rest
84.3081,3,rest
84.3112,171056,rest
84.3157,171360,rest
84.3189,171498,rest
84.3232,170866,rest
84.3289,77,rest
84.3318,170882,rest
84.3366,171417,rest
84.3401,171298,rest
84.3444,708,rest
84.3487,171491,rest
84.3519,170481,rest
84.3562,170584,rest
84.3597,171185,rest
84.3649,170750,rest
84.3678,171103,rest
84.3719,170889,rest
84.3769,170633,rest
84.3802,170928,rest
84.3842,170413,rest
84.3884,171132,rest
84.3936,170929,rest
84.3965,170820,rest
84.4006,170590,rest
84.4048,170688,rest
84.4091,171335,rest
84.4132,171113,rest
84.4170,171149,rest
84.4213,171004,rest
84.4254,170707,rest
84.4271,17,rest
84.4294,1076,rest
84.4305,1710,rest
84.4334,10,rest
84.4345,171062,rest
84.4375,171080,rest
84.4419,170532,rest
84.4457,170827,rest
84.4498,170972,rest
84.4540,170803,rest
84.4588,170805,rest
84.4620,170877,rest
84.4661,171363,rest
84.4703,170918,rest
84.4753,170821,rest
84.4784,170751,rest
84.4825,171001,rest
84.4871,171039,rest
84.4914,170991,rest
84.4956,170849,rest
84.4993,171501,rest
84.5030,171058,rest
84.5082,171201,rest
84.5112,170785,rest
84.5153,170927,rest
84.5194,170900,rest
84.5242,171010,rest
84.5278,170791,rest
84.5317,170885,rest
84.5358,170686,rest
84.5414,7088,rest
84.5473,170961,rest
84.5484,171086,rest
84.5522,170899,rest
84.5530,1,rest
84.5581,111,rest
84.5611,3,rest
84.5645,171102,rest
84.5652,170554,rest
84.5689,170770,rest
84.5728,0650,rest
84.5775,170844,rest
84.5816,170697,rest
84.5851,171195,rest
84.5894,16,flicker
84.5940,171080,flicker
84.5977,170802,flicker
84.6025,171205,flicker
84.6054,171221,flicker
84.6105,171115,flicker
84.6137,170875,flicker
84.6178,171110,flicker
84.6219,170829,flicker
84.6261,170792,flicker
84.6307,171372,flicker
84.6342,171238,flicker
84.6382,171360,flicker
84.6427,170483,flicker
84.6463,171124,flicker
84.6505,171665,flicker
84.6546,170855,flicker
84.6597,171120,flicker
84.6628,171062,flicker
84.6668,171061,flicker
84.6711,171122,flicker
84.6760,171048,flicker
84.6793,171063,flicker
84.6832,170354,flicker
84.6840,170,flicker
84.6874,709,flicker
84.6888,171512,flicker
84.6924,171465,flicker
84.6955,170857,flicker
84.6996,171454,flicker
84.7040,171098,flicker
84.7082,171079,flicker
84.7126,170981,flicker
84.7160,171067,flicker
84.7202,171233,flicker
84.7249,171408,flicker
84.7283,170601,flicker
84.7324,170958,flicker
84.7365,171042,flicker
84.7419,171178,flicker
84.7449,170852,flicker
84.7489,170750,flicker
84.7530,170660,flicker
84.7571,7079,flicker
84.7619,171131,flicker
84.7655,171028,flicker
84.7700,171299,flicker
84.7750,7007,flicker
84.7794,170554,flicker
84.7815,171149,flicker
84.7856,170862,flicker
84.7913,17128,flicker
84.7942,170949,flicker
84.7979,171247,flicker
84.8020,170898,flicker
84.8078,716,flicker
84.8105,170502,flicker
84.8120,170,flicker
84.8144,811,flicker
84.8169,170345,flicker
84.8184,170662,flicker
84.8242,02,flicker
84.8290,171748,flicker
84.8307,170543,flicker
84.8348,170418,flicker
84.8398,789,flicker
84.8433,170900,flicker
84.8473,170916,flicker
84.8515,171129,flicker
84.8553,171112,flicker
84.8594,171065,flicker
84.8634,170837,flicker
84.8675,170539,flicker
84.8717,170575,flicker
84.8761,170514,flicker
84.8799,170728,flicker
84.8840,170788,flicker
84.8881,170786,flicker
84.8928,171199,flicker
84.8962,171002,flicker
84.9004,170650,flicker
84.9044,171086,flicker
84.9089,170312,flicker
84.9130,171186,flicker
84.9168,171438,flicker
84.9209,170947,flicker
84.9252,170579,flicker
84.9290,171093,flicker
84.9331,170807,flicker
84.9372,170796,flicker
84.9391,170,flicker
84.9421,978,flicker
84.9442,171473,flicker
84.9454,171004,flicker
84.9495,170860,flicker
84.9536,170862,flicker
84.9583,170789,flicker
84.9618,171080,flicker
84.9658,171035,flicker
84.9700,170962,flicker
84.9744,171011,flicker
84.9785,170855,flicker
84.9822,171179,flicker
84.9864,171413,flicker
84.9912,171097,flicker
84.9948,170820,flicker
84.9987,170701,flicker
85.0028,170844,flicker
85.0081,71195,flicker
85.0122,171117,flicker
85.0157,171113,flicker
85.0194,170927,flicker
85.0248,73,flicker
85.0277,170922,flicker
85.0315,171022,flicker
85.0355,171037,flicker
85.0398,7104,flicker
85.0441,171385,flicker
85.0485,170588,flicker
85.0518,170499,flicker
85.0561,716,flicker
85.0610,170923,flicker
85.0651,171143,flicker
85.0669,171,flicker
85.0683,121,flicker
85.0692,170929,flicker
85.0726,7044,flicker
85.0774,171259,flicker
85.0806,171035,flicker
85.0846,171278,flicker
85.0904,740,flicker
85.0933,171041,flicker
85.0970,171496,flicker
85.1013,170919,flicker
85.1077,1707,flicker
85.1098,170873,flicker
85.1133,170789,flicker
85.1174,170975,flicker
85.1216,170977,flicker
85.1264,171199,flicker
85.1297,171111,flicker
85.1339,171380,flicker
85.1379,170453,flicker
85.1422,171455,flicker
85.1466,170655,flicker
85.1502,171455,flicker
85.1543,170663,flicker
85.1595,170470,flicker
85.1624,170867,flicker
85.1665,170925,flicker
85.1706,170329,flicker
85.1749,170532,flicker
85.1792,170504,flicker
85.1829,171195,flicker
85.1870,170846,flicker
85.1916,170967,flicker
85.1928,17,flicker
85.1953,0743,flicker
85.1966,17121,flicker
85.1994,9,flicker
85.1995,170840,flicker
85.2034,171286,flicker
85.2080,170832,flicker
85.2116,170892,flicker
85.2157,171064,flicker
85.2198,171185,flicker
85.2246,171133,flicker
85.2284,170947,flicker
85.2322,170981,flicker
85.2362,170310,flicker
85.2408,171011,flicker
85.2448,171299,flicker
85.2484,171201,flicker
85.2525,171096,flicker
85.2573,171506,flicker
85.2617,170852,flicker
85.2649,170780,flicker
85.2690,171340,flicker
85.2738,170601,flicker
85.2781,170712,flicker
85.2812,170855,flicker
85.2854,171144,flicker
85.2910,716,flicker
85.2938,170738,flicker
85.2982,171090,flicker
85.3019,170971,flicker
85.3062,170840,flicker
85.3102,17083,flicker
85.3157,171052,flicker
85.3189,170699,flicker
85.3204,17,flicker
85.3235,2519,flicker
85.3264,6,flicker
85.3279,171369,flicker
85.3308,171008,flicker
85.3345,171272,flicker
85.3388,170860,flicker
85.3434,171060,flicker
85.3470,171399,flicker
85.3509,170769,flicker
85.3551,171155,flicker
85.3598,170970,flicker
85.3632,171388,flicker
85.3672,171547,flicker
85.3714,170729,flicker
85.3754,170707,flicker
85.3795,170974,flicker
85.3836,171108,flicker
85.3878,171143,flicker
85.3921,170689,flicker
85.3959,170877,flicker
85.4000,170785,flicker
85.4043,170977,flicker
85.4084,170913,flicker
85.4127,170939,flicker
85.4164,170641,flicker
85.4207,170332,flicker
85.4252,170281,flicker
85.4287,171134,flicker
85.4328,170612,flicker
85.4369,171203,flicker
85.4424,170743,flicker
85.4451,171211,flicker
85.4463,17,flicker
85.4492,1119,flicker
85.4508,1706,flicker
85.4535,68,flicker
85.4546,171455,flicker
85.4580,170784,flicker
85.4615,170843,flicker
85.4655,170823,flicker
85.4697,171302,flicker
85.4744,170617,flicker
85.4778,170883,flicker
85.4819,170717,flicker
85.4861,170424,flicker
85.4904,171358,flicker
85.4949,171277,flicker
85.4983,171135,flicker
85.5024,170849,flicker
85.5075,171519,flicker
85.5109,170621,flicker
85.5147,171074,flicker
85.5189,171212,flicker
85.5245,7102,flicker
85.5296,171009,flicker
85.5312,171279,flicker
85.5352,171144,flicker
85.5399,171347,flicker
85.5440,171292,flicker
85.5475,171099,flicker
85.5515,171420,flicker
85.5559,739,flicker
85.5605,170691,flicker
85.5648,171454,flicker
85.5683,171401,flicker
85.5722,72,flicker
85.5732,1,flicker
85.5770,70893,flicker
85.5791,1708,flicker
85.5804,36,flicker
85.5822,170713,flicker
85.5844,171000,flicker
85.5894,156,flicker
85.5939,171266,flicker
85.5966,170887,flicker
85.6007,171035,flicker
85.6049,170963,flicker
85.6093,171124,flicker
85.6130,171578,flicker
85.6171,170592,flicker
85.6212,170674,flicker
85.6253,170752,flicker
85.6294,171145,flicker
85.6335,171138,flicker
85.6377,170945,flicker
85.6427,170853,flicker
85.6458,170890,flicker
85.6500,170304,flicker
85.6540,170832,flicker
85.6592,170971,flicker
85.6622,170756,flicker
85.6663,170524,flicker
85.6707,170682,flicker
85.6747,170887,flicker
85.6786,171145,flicker
85.6827,170767,flicker
85.6867,170786,flicker
85.6915,170927,flicker
85.6949,171269,flicker
85.6990,171312,flicker
85.7009,1,flicker
85.7032,71243,flicker
85.7044,1713,flicker
85.7077,66,flicker
85.7099,171532,flicker
85.7113,170882,flicker
85.7154,170884,flicker
85.7195,170643,flicker
85.7241,170575,flicker
85.7277,171284,flicker
85.7319,171022,flicker
85.7359,171263,flicker
85.7404,170883,flicker
85.7441,170983,flicker
85.7482,170821,flicker
85.7523,171326,flicker
85.7581,70972,flicker
85.7607,170950,flicker
85.7647,171049,flicker
85.7689,170931,flicker
85.7728,71359,flicker
85.7771,171607,flicker
85.7813,170864,flicker
85.7852,171304,flicker
85.7901,171236,flicker
85.7933,171509,flicker
85.7974,171397,flicker
85.8015,171028,flicker
85.8071,70957,flicker
85.8105,170977,flicker
85.8139,170750,flicker
85.8179,170942,flicker
85.8220,710,flicker
85.8264,170846,flicker
85.8275,1,flicker
85.8304,71096,flicker
85.8321,170,flicker
85.8343,686,flicker
85.8358,171107,flicker
85.8387,7,flicker
85.8431,171051,flicker
85.8473,171202,flicker
85.8506,170935,flicker
85.8548,171032,flicker
85.8596,170590,flicker
85.8629,170981,flicker
85.8670,170682,flicker
85.8711,170593,flicker
85.8752,170936,flicker
85.8793,170658,flicker
85.8834,171134,flicker
85.8875,170944,flicker
85.8919,170358,flicker
85.8956,171373,flicker
85.8997,170976,flicker
85.9039,170832,flicker
85.9083,170581,flicker
85.9120,170690,flicker
85.9161,170306,flicker
85.9202,170953,flicker
85.9249,170723,flicker
85.9285,170791,flicker
85.9325,171365,flicker
85.9367,170788,flicker
85.9413,171552,flicker
85.9448,170948,flicker
85.9488,170564,flicker
85.9530,171316,flicker
85.9575,171225,flicker
85.9588,171,flicker
85.9611,032,flicker
85.9626,170994,flicker
85.9653,171141,flicker
85.9695,171087,flicker
85.9741,170771,flicker
85.9776,171005,flicker
85.9816,171045,flicker
85.9858,171137,flicker
85.9905,171010,flicker
85.9940,171349,flicker
85.9981,170881,flicker
86.0022,170641,flicker
86.0064,064,flicker
86.0114,170940,flicker
86.0145,170834,flicker
86.0192,170844,flicker
86.0245,1,flicker
86.0274,170560,flicker
86.0317,170679,flicker
86.0349,171045,flicker
86.0394,171386,flicker
86.0431,170870,flicker
86.0472,171312,flicker
86.0513,170852,flicker
86.0564,7641,flicker
86.0600,171045,flicker
86.0638,170744,flicker
86.0676,170980,flicker
86.0730,79,flicker
86.0764,170683,flicker
86.0811,170971,flicker
86.0841,170764,flicker
86.0852,171,flicker
86.0883,8,flicker
86.0896,17,flicker
86.0926,171118,flicker
86.0970,170862,flicker
86.1004,171242,flicker
86.1048,17072,flicker
86.1093,171255,flicker
86.1133,171026,flicker
86.1169,170698,flicker
86.1209,171226,flicker
86.1255,170787,flicker
86.1292,171075,flicker
86.1332,171091,flicker
86.1373,171720,flicker
86.1420,170945,flicker
86.1455,171231,flicker
86.1496,170650,flicker
86.1537,170776,flicker
86.1585,170808,flicker
86.1618,171238,flicker
86.1659,171298,flicker
86.1701,171037,flicker
86.1754,170776,flicker
86.1782,171210,flicker
86.1823,171148,flicker
86.1866,171109,flicker
86.1910,171171,flicker
86.1947,171199,flicker
86.1987,170739,flicker
86.2030,171073,flicker
86.2075,170983,flicker
86.2123,171057,flicker
86.2142,171,flicker
86.2151,062,flicker
86.2160,17039,flicker
86.2192,0,flicker
86.2193,171315,flicker
86.2241,171093,flicker
86.2274,170856,flicker
86.2315,171496,flicker
86.2361,171023,flicker
86.2403,170953,flicker
86.2437,171301,flicker
86.2479,170970,flicker
86.2520,171220,flicker
86.2562,71168,flicker
86.2606,171156,flicker
86.2648,170699,flicker
86.2692,171014,flicker
86.2726,96,flicker
86.2770,171233,flicker
86.2822,170775,flicker
86.2856,170873,flicker
86.2890,716,flicker
86.2933,170913,flicker
86.2977,171355,flicker
86.3039,170895,flicker
86.3052,170883,flicker
86.3102,171159,flicker
86.3134,171169,flicker
86.3175,170634,flicker
86.3217,8,flicker
86.3273,171321,flicker
86.3315,171093,flicker
86.3339,171343,flicker
86.3383,185,flicker
86.3397,7,flicker
86.3423,186,flicker
86.3440,17119,flicker
86.3463,2,flicker
86.3478,171316,flicker
86.3503,170809,flicker
86.3547,18,flicker
86.3585,171096,flicker
86.3629,171245,flicker
86.3667,170759,flicker
86.3708,170685,flicker
86.3751,171239,flicker
86.3789,171309,flicker
86.3830,171251,flicker
86.3873,170763,flicker
86.3920,171126,flicker
86.3953,171066,flicker
86.3994,171035,flicker
86.4038,170401,flicker
86.4087,171187,flicker
86.4117,170511,flicker
86.4158,171397,flicker
86.4199,170989,flicker
86.4249,171071,flicker
86.4282,170671,flicker
86.4322,170907,flicker
86.4364,171129,flicker
86.4416,171133,flicker
86.4445,170929,flicker
86.4485,170380,flicker
86.4528,171185,flicker
86.4581,170978,flicker
86.4618,170695,flicker
86.4650,171308,flicker
86.4666,1,flicker
86.4691,70781,flicker
86.4706,1709,flicker
86.4734,12,flicker
86.4757,170980,flicker
86.4772,170580,flicker
86.4813,171073,flicker
86.4861,170797,flicker
86.4904,705,flicker
86.4941,170930,flicker
86.4988,171243,flicker
86.5021,170976,flicker
86.5068,170943,flicker
86.5100,171232,flicker
86.5142,170880,flicker
86.5183,171610,flicker
86.5233,171099,flicker
86.5264,171485,flicker
86.5305,170577,flicker
86.5346,170843,flicker
86.5388,71365,flicker
86.5443,170508,flicker
86.5473,170830,flicker
86.5510,170751,flicker
86.5562,170599,flicker
86.5592,171028,flicker
86.5632,171096,flicker
86.5673,171002,flicker
86.5726,7160,flicker
86.5756,170605,flicker
86.5796,171185,flicker
86.5837,170969,flicker
86.5893,107,flicker
86.5924,170398,flicker
86.5937,1,flicker
86.5960,70674,flicker
86.5971,1710,flicker
86.6001,78,flicker
86.6011,170600,flicker
86.6043,170846,flicker
86.6086,170891,flicker
86.6124,170623,flicker
86.6165,170541,flicker
86.6206,170246,flicker
86.6257,170459,flicker
86.6288,170848,flicker
86.6328,170423,flicker
86.6371,170494,flicker
86.6420,170644,flicker
86.6451,171125,flicker
86.6492,170442,flicker
86.6534,171104,flicker
86.6583,170543,flicker
86.6616,170584,flicker
86.6656,170706,flicker
86.6698,170868,flicker
86.6749,170719,flicker
86.6779,170716,flicker
86.6820,170579,flicker
86.6863,170301,flicker
86.6911,171177,flicker
86.6943,170715,flicker
86.6984,170787,flicker
86.7027,170881,flicker
86.7070,170428,flicker
86.7107,171350,flicker
86.7148,170492,flicker
86.7189,171055,flicker
86.7233,170529,flicker
86.7248,171,flicker
86.7271,210,flicker
86.7282,171232,flicker
86.7312,170933,flicker
86.7353,170805,flicker
86.7399,170770,flicker
86.7435,171106,flicker
86.7476,170680,flicker
86.7517,170527,flicker
86.7564,170671,flicker
86.7602,171271,flicker
86.7639,170375,flicker
86.7682,171115,flicker
86.7723,7140,flicker
86.7763,171266,flicker
86.7808,170441,flicker
86.7848,170882,flicker
86.7886,70379,flicker
86.7930,170771,flicker
86.7981,170671,flicker
86.8011,170563,flicker
86.8064,7052,flicker
86.8094,170537,flicker
86.8155,170838,flicker
86.8172,170874,flicker
86.8215,075,flicker
86.8259,170590,flicker
86.8297,170612,flicker
86.8338,170927,flicker
86.8379,1712,flicker
86.8419,170478,flicker
86.8459,170613,flicker
86.8500,170973,flicker
86.8512,171,flicker
86.8541,052,flicker
86.8558,170964,flicker
86.8592,171164,flicker
86.8623,170642,flicker
86.8663,171175,flicker
86.8705,170641,flicker
86.8755,170799,flicker
86.8786,170497,flicker
86.8827,170831,flicker
86.8869,171042,flicker
86.8913,170751,flicker
86.8950,170948,flicker
86.8991,170829,flicker
86.9033,170936,flicker
86.9081,170715,flicker
86.9114,170661,flicker
86.9155,171239,flicker
86.9196,170730,flicker
86.9240,170975,flicker
86.9278,171017,flicker
86.9318,170582,flicker
86.9361,170944,flicker
86.9405,170893,flicker
86.9442,170812,flicker
86.9483,170853,flicker
86.9524,170829,flicker
86.9569,170915,flicker
86.9606,170398,flicker
86.9646,171023,flicker
86.9688,171029,flicker
86.9744,170631,flicker
86.9769,170670,flicker
86.9782,171,flicker
86.9810,049,flicker
86.9821,17068,flicker
86.9851,9,flicker
86.9853,170689,flicker
86.9896,170647,flicker
86.9933,170841,flicker
86.9974,171000,flicker
87.0016,170947,flicker
87.0061,126,flicker
87.0116,170690,flicker
87.0142,170886,flicker
87.0182,170552,flicker
87.0221,70738,flicker
87.0272,170637,flicker
87.0306,170398,flicker
87.0343,171231,flicker
87.0396,71079,flicker
87.0433,170696,flicker
87.0469,170609,flicker
87.0507,171338,flicker
87.0549,71,flicker
87.0603,171555,flicker
87.0635,170803,flicker
87.0671,170944,flicker
87.0719,704,flicker
87.0754,170479,flicker
87.0797,170869,flicker
87.0834,170976,flicker
87.0876,170997,flicker
87.0918,170997,flicker
87.0957,170517,flicker
87.0998,170902,flicker
87.1040,170987,flicker
87.1056,17,flicker
87.1083,0720,flicker
87.1096,17085,flicker
87.1121,9,flicker
87.1122,171066,flicker
87.1162,170483,flicker
87.1203,171122,flicker
87.1248,170330,flicker
87.1285,171131,flicker
87.1326,170700,flicker
87.1368,171354,flicker
87.1417,171404,flicker
87.1448,171345,flicker
87.1490,171254,flicker
87.1533,171301,flicker
87.1577,171227,flicker
87.1612,171452,flicker
87.1653,171650,flicker
87.1695,171421,flicker
87.1741,171506,flicker
87.1777,171799,flicker
87.1817,171176,flicker
87.1861,171533,flicker
87.1902,171074,flicker
87.1941,171023,flicker
87.1982,171223,flicker
87.2023,171310,flicker
87.2068,171549,flicker
87.2105,171263,flicker
87.2145,170878,flicker
87.2186,171191,flicker
87.2231,171473,flicker
87.2269,171205,flicker
87.2309,171334,flicker
87.2319,17,flicker
87.2350,0956,flicker
87.2362,1712,flicker
87.2411,5197,flicker
87.2452,171064,flicker
87.2481,171633,flicker
87.2514,171786,flicker
87.2561,171144,flicker
87.2596,171248,flicker
87.2637,170944,flicker
87.2679,171224,flicker
87.2731,71163,flicker
87.2762,171242,flicker
87.2803,170688,flicker
87.2842,170961,flicker
87.2894,71074,flicker
87.2939,171204,flicker
87.2971,171273,flicker
87.3006,170833,flicker
87.3048,7113,flicker
87.3093,171441,flicker
87.3142,171179,flicker
87.3169,170951,flicker
87.3211,7094,flicker
87.3257,171236,flicker
87.3304,171814,flicker
87.3342,170382,flicker
87.3393,171064,flicker
87.3420,171328,flicker
87.3456,170751,flicker
87.3496,171095,flicker
87.3538,171350,flicker
87.3583,170943,flicker
87.3594,1,flicker
87.3619,70883,flicker
87.3632,1707,flicker
87.3660,88,flicker
87.3670,170707,flicker
87.3702,171345,flicker
87.3749,170790,flicker
87.3784,171095,flicker
87.3824,170711,flicker
87.3865,171327,flicker
87.3909,171040,flicker
87.3951,171284,flicker
87.3988,170910,flicker
87.4030,170947,flicker
87.4081,171562,flicker
87.4111,171150,flicker
87.4152,171014,flicker
87.4194,171612,flicker
87.4237,171234,flicker
87.4275,170978,flicker
87.4315,170939,flicker
87.4359,170775,flicker
87.4407,171427,flicker
87.4438,171736,flicker
87.4479,171515,flicker
87.4521,170535,flicker
87.4569,170840,flicker
87.4602,171190,flicker
87.4643,171757,flicker
87.4685,170562,flicker
87.4729,171434,flicker
87.4769,170679,flicker
87.4807,171392,flicker
87.4853,171196,flicker
87.4862,1,flicker
87.4895,71348,flicker
87.4909,171,flicker
87.4930,012,flicker
87.4941,170853,flicker
87.4971,170786,flicker
87.5012,171443,flicker
87.5061,171069,flicker
87.5094,170963,flicker
87.5135,171028,flicker
87.5176,170925,flicker
87.5234,712,flicker
87.5268,170994,flicker
87.5304,171147,flicker
87.5340,170798,flicker
87.5382,7,flicker
87.5423,170706,flicker
87.5473,170812,flicker
87.5503,171270,flicker
87.5561,71,flicker
87.5593,171193,flicker
87.5632,170949,flicker
87.5667,170764,flicker
87.5710,705,flicker
87.5777,171601,flicker
87.5811,170848,flicker
87.5832,170861,flicker
87.5880,7562,flicker
87.5926,170802,flicker
87.5961,171289,flicker
87.5995,171226,flicker
87.6037,170927,flicker
87.6083,170967,flicker
87.6118,170816,flicker
87.6159,170688,flicker
87.6174,170,flicker
87.6200,755,flicker
87.6218,170899,flicker
87.6244,170972,flicker
87.6282,171103,flicker
87.6323,171048,flicker
87.6364,171111,flicker
87.6412,171054,flicker
87.6447,171251,flicker
87.6486,170627,flicker
87.6528,171450,flicker
87.6570,170547,flicker
87.6609,170934,flicker
87.6650,170567,flicker
87.6692,171016,flicker
87.6735,171181,flicker
87.6774,170916,flicker
87.6814,170898,flicker
87.6856,171309,flicker
87.6906,171321,flicker
87.6937,171469,flicker
87.6978,170790,flicker
87.7021,171144,flicker
87.7068,171208,flicker
87.7101,171321,flicker
87.7142,171418,flicker
87.7184,171648,flicker
87.7227,171323,flicker
87.7265,170657,flicker
87.7305,170958,flicker
87.7347,171153,flicker
87.7394,170487,flicker
87.7429,170568,flicker
87.7441,171,flicker
87.7470,279,flicker
87.7486,17112,flicker
87.7510,0,flicker
87.7512,170668,flicker
87.7558,170789,flicker
87.7593,170658,flicker
87.7634,171551,flicker
87.7676,171214,flicker
87.7720,170765,flicker
87.7756,170794,flicker
87.7797,170896,flicker
87.7838,171076,flicker
87.7880,7078,flicker
87.7932,170764,flicker
87.7962,171251,flicker
87.8003,171151,flicker
87.8045,7111,flicker
87.8087,170505,flicker
87.8125,171554,flicker
87.8166,171236,flicker
87.8209,124,flicker
87.8250,170775,flicker
87.8289,170980,flicker
87.8330,171010,flicker
87.8396,1713,flicker
87.8420,171507,flicker
87.8453,171164,flicker
87.8494,171278,flicker
87.8535,171381,flicker
87.8580,171035,flicker
87.8616,170714,flicker
87.8658,170979,flicker
87.8700,170748,flicker
87.8715,171,flicker
87.8744,042,flicker
87.8759,17107,flicker
87.8781,5,flicker
87.8782,170900,flicker
87.8822,171280,flicker
87.8862,171035,flicker
87.8906,170606,flicker
87.8944,170804,flicker
87.8986,170948,flicker
87.9027,171375,flicker
87.9070,171094,flicker
87.9107,171155,flicker
87.9150,171273,flicker
87.9190,170545,flicker
87.9240,171304,flicker
87.9272,171483,flicker
87.9312,170688,flicker
87.9354,171106,flicker
87.9417,171744,flicker
87.9435,171102,flicker
87.9477,171273,flicker
87.9517,171000,flicker
87.9565,171918,flicker
87.9608,170901,flicker
87.9640,171130,flicker
87.9682,170914,flicker
87.9725,171122,flicker
87.9763,171120,flicker
87.9804,171405,flicker
87.9845,170875,flicker
87.9887,78,flicker
87.9941,171127,flicker
87.9968,171352,flicker
87.9984,17,flicker
88.0009,1473,flicker
88.0021,17161,flicker
88.0052,792,flicker
88.0112,171274,flicker
88.0145,171434,flicker
88.0173,170711,flicker
88.0215,7187,flicker
88.0262,170519,flicker
88.0302,171239,flicker
88.0338,171285,flicker
88.0382,1130,flicker
88.0436,171146,flicker
88.0468,171207,flicker
88.0500,170937,flicker
88.0549,171193,flicker
88.0585,170986,flicker
88.0623,170938,flicker
88.0664,170610,flicker
88.0709,09,flicker
88.0755,171043,flicker
88.0797,170593,flicker
88.0836,170674,flicker
88.0890,09,flicker
88.0917,170527,flicker
88.0952,170706,flicker
88.0992,170632,flicker
88.1054,170961,flicker
88.1083,170482,flicker
88.1116,170876,flicker
88.1156,170474,flicker
88.1197,170768,flicker
88.1243,171155,flicker
88.1255,1,flicker
88.1279,70793,flicker
88.1293,1716,flicker
88.1319,57,flicker
88.1329,171219,flicker
88.1361,171308,flicker
88.1412,171440,flicker
88.1442,170947,flicker
88.1483,170920,flicker
88.1526,171430,flicker
88.1574,171193,flicker
88.1607,171043,flicker
88.1648,171249,flicker
88.1690,171396,flicker
88.1736,171771,flicker
88.1773,171177,flicker
88.1811,170856,flicker
88.1853,170615,flicker
88.1900,170612,flicker
88.1935,171142,flicker
88.1975,171184,flicker
88.2018,171199,flicker
88.2062,171104,flicker
88.2098,171054,flicker
88.2139,170992,flicker
88.2180,171022,flicker
88.2241,171246,flicker
88.2261,171336,flicker
88.2302,170798,flicker
88.2344,170837,flicker
88.2402,73,flicker
88.2430,171145,flicker
88.2474,170666,flicker
88.2508,171134,flicker
88.2516,1,flicker
88.2556,71024,flicker
88.2569,1705,flicker
88.2590,53,flicker
88.2600,171059,flicker
88.2631,170815,flicker
88.2672,171195,flicker
88.2724,171211,flicker
88.2760,171365,flicker
88.2794,171299,flicker
88.2835,171026,flicker
88.2896,71,flicker
88.2927,170758,flicker
88.2962,171386,flicker
88.2999,171349,flicker
88.3046,171136,flicker
88.3082,171023,flicker
88.3122,171438,flicker
88.3162,171188,flicker
88.3207,25,flicker
88.3255,170945,flicker
88.3285,170806,flicker
88.3327,170939,flicker
88.3370,176,flicker
88.3421,170998,flicker
88.3453,170585,flicker
88.3490,171265,flicker
88.3531,171160,flicker
88.3572,170936,flicker
88.3613,171311,flicker
88.3654,171017,flicker
88.3696,171130,flicker
88.3744,170482,flicker
88.3777,171041,flicker
88.3788,1,flicker
88.3818,70596,flicker
88.3828,1710,flicker
88.3859,01,flicker
88.3874,170971,flicker
88.3905,170869,flicker
88.3946,171118,flicker
88.3982,171314,flicker
88.4024,171219,flicker
88.4070,170163,flicker
88.4105,170846,flicker
88.4146,170544,flicker
88.4187,171124,flicker
88.4233,171255,flicker
88.4272,171701,flicker
88.4309,170578,flicker
88.4351,170906,flicker
88.4399,170976,flicker
88.4432,171241,flicker
88.4473,171301,flicker
88.4515,170773,flicker
88.4562,171361,flicker
88.4596,171346,flicker
88.4637,171150,flicker
88.4679,170969,flicker
88.4725,171392,flicker
88.4760,170953,flicker
88.4801,171312,flicker
88.4842,171232,flicker
88.4888,171568,flicker
88.4924,170881,flicker
88.4965,171131,flicker
88.5006,171223,flicker
88.5058,171127,flicker
88.5088,170704,flicker
88.5105,171,flicker
88.5129,220,flicker
88.5136,170668,flicker
88.5171,170786,flicker
88.5229,700,flicker
88.5259,171290,flicker
88.5292,171098,flicker
88.5334,171366,flicker
88.5375,701,flicker
88.5426,171125,flicker
88.5457,171072,flicker
88.5513,170640,flicker
88.5540,792,flicker
88.5581,171102,flicker
88.5630,170653,flicker
88.5662,171279,flicker
88.5703,707,flicker
88.5748,170929,flicker
88.5794,170993,flicker
88.5825,171352,flicker
88.5868,1,flicker
88.5912,171116,flicker
88.5961,171219,flicker
88.5997,171148,flicker
88.6030,170884,flicker
88.6078,170574,flicker
88.6114,171024,flicker
88.6152,171379,flicker
88.6194,171249,flicker
88.6241,170543,flicker
88.6278,171710,flicker
88.6317,170866,flicker
88.6358,170957,flicker
88.6371,171,flicker
88.6406,207,flicker
88.6425,171261,flicker
88.6440,171301,flicker
88.6480,171020,flicker
88.6522,170643,flicker
88.6568,170847,flicker
88.6603,170943,flicker
88.6644,170758,flicker
88.6686,170733,flicker
88.6737,170959,flicker
88.6767,171295,flicker
88.6808,170924,flicker
88.6852,171260,flicker
88.6894,170956,flicker
88.6931,171112,flicker
88.6972,171375,flicker
88.7015,170507,flicker
88.7062,170827,flicker
88.7095,171182,flicker
88.7136,170793,flicker
88.7179,171013,flicker
88.7221,171429,flicker
88.7267,171013,flicker
88.7299,170864,flicker
88.7340,171001,flicker
88.7385,171190,flicker
88.7433,170563,flicker
88.7463,170957,flicker
88.7504,170991,flicker
88.7553,171028,flicker
88.7594,170468,flicker
88.7628,170747,flicker
88.7641,171,flicker
88.7669,146,flicker
88.7685,170795,flicker
88.7720,171494,flicker
88.7760,171411,flicker
88.7793,171055,flicker
88.7832,170883,flicker
88.7874,70751,flicker
88.7926,170898,flicker
88.7957,171487,flicker
88.7996,170848,flicker
88.8054,70,flicker
88.8081,170992,flicker
88.8119,171036,flicker
88.8159,170484,flicker
88.8213,7,flicker
88.8257,171087,flicker
88.8286,170522,flicker
88.8324,170618,flicker
88.8380,794,flicker
88.8408,170516,flicker
88.8446,171018,flicker
88.8487,170883,flicker
88.8529,170972,flicker
88.8573,170845,flicker
88.8610,171023,flicker
88.8651,171230,flicker
88.8692,170862,flicker
88.8736,171002,flicker
88.8774,170773,flicker
88.8815,170741,flicker
88.8856,171015,flicker
88.8901,170902,flicker
88.8911,17,flicker
88.8938,0935,flicker
88.8950,17066,flicker
88.8979,0,flicker
88.8979,171226,flicker
88.9020,171017,flicker
88.9064,170684,flicker
88.9105,170740,flicker
88.9143,171304,flicker
88.9184,170796,flicker
88.9232,171145,flicker
88.9266,170760,flicker
88.9307,170759,flicker
88.9349,170806,flicker
88.9400,170624,flicker
88.9430,171371,flicker
88.9470,170935,flicker
88.9513,171434,flicker
88.9566,170982,flicker
88.9593,170842,flicker
88.9634,171089,flicker
88.9676,171207,flicker
88.9722,170563,flicker
88.9760,170816,flicker
88.9799,170635,flicker
88.9839,170850,flicker
88.9886,170915,flicker
88.9921,170562,flicker
88.9962,170637,flicker
89.0003,170965,flicker
89.0047,170768,flicker
89.0091,171575,flicker
89.0126,170356,flicker
89.0168,171232,flicker
89.0182,17,flicker
89.0211,1025,flicker
89.0230,17155,flicker
89.0248,5,flicker
89.0249,171526,flicker
89.0290,170987,flicker
89.0330,171100,flicker
89.0373,7121,flicker
89.0416,170877,flicker
89.0465,170924,flicker
89.0494,171468,flicker
89.0548,70,flicker
89.0584,170565,flicker
89.0630,170930,flicker
89.0660,171053,flicker
89.0701,70970,flicker
89.0748,171319,flicker
89.0794,171161,flicker
89.0823,170970,flicker
89.0874,707,flicker
89.0908,170792,flicker
89.0945,171277,flicker
89.0986,170694,flicker
89.1039,1711,flicker
89.1077,170858,flicker
89.1120,171503,flicker
89.1150,170697,flicker
89.1192,170888,flicker
89.1236,171308,flicker
89.1273,170992,flicker
89.1313,171234,flicker
89.1355,171445,flicker
89.1407,170907,flicker
89.1437,170817,flicker
89.1447,17,flicker
89.1478,0837,flicker
89.1493,17099,flicker
89.1518,3,flicker
89.1530,170961,flicker
89.1564,170966,flicker
89.1600,170662,flicker
89.1641,170799,flicker
89.1683,170957,flicker
89.1726,170558,flicker
89.1768,170540,flicker
89.1805,170710,flicker
89.1847,171047,flicker
89.1897,170839,flicker
89.1931,170769,flicker
89.1969,170877,flicker
89.2012,171071,flicker
89.2055,170700,flicker
89.2093,170961,flicker
89.2132,170832,flicker
89.2174,170875,flicker
89.2219,170520,flicker
89.2256,171061,flicker
89.2296,170805,flicker
89.2337,171150,flicker
89.2382,170866,flicker
89.2419,171211,flicker
89.2460,171196,flicker
89.2502,170915,flicker
89.2544,105,flicker
89.2585,170593,flicker
89.2633,170828,flicker
89.2666,171012,flicker
89.2721,7101,flicker
89.2764,71090,flicker
89.2784,1709,flicker
89.2788,05,flicker
89.2803,171150,flicker
89.2829,171053,flicker
89.2871,71,flicker
89.2914,171147,flicker
89.2955,171181,flicker
89.2993,171123,flicker
89.3047,7,flicker
89.3082,170741,flicker
89.3120,171390,flicker
89.3157,171011,flicker
89.3199,715,flicker
89.3253,170809,flicker
89.3287,171152,flicker
89.3320,171219,flicker
89.3378,08,flicker
89.3404,170456,flicker
89.3444,170329,flicker
89.3491,170752,flicker
89.3526,170936,flicker
89.3574,170987,flicker
89.3607,171081,flicker
89.3649,171415,flicker
89.3690,170806,flicker
89.3738,171386,flicker
89.3771,170346,flicker
89.3812,171304,flicker
89.3853,170823,flicker
89.3895,171738,flicker
89.3935,171226,flicker
89.3976,170974,flicker
89.3992,1,flicker
89.4018,70929,flicker
89.4026,1706,flicker
89.4059,28,flicker
89.4071,170983,flicker
89.4099,171419,flicker
89.4140,170909,flicker
89.4182,171172,flicker
89.4224,171348,flicker
89.4262,171351,flicker
89.4303,171097,flicker
89.4346,170706,flicker
89.4395,171153,flicker
89.4426,171343,flicker
89.4467,170976,flicker
89.4509,170979,flicker
89.4552,171155,flicker
89.4590,171040,flicker
89.4631,171130,flicker
89.4672,170954,flicker
89.4720,170975,flicker
89.4754,170773,flicker
89.4795,171101,flicker
89.4836,170933,flicker
89.4881,171091,flicker
89.4918,170755,flicker
89.4959,171119,flicker
89.5010,170734,flicker
89.5054,71369,flicker
89.5091,171247,flicker
89.5137,171345,flicker
89.5167,170801,flicker
89.5210,171172,flicker
89.5246,171487,flicker
89.5263,1,flicker
89.5287,71666,flicker
89.5301,170,flicker
89.5328,768,flicker
89.5337,171193,flicker
89.5371,179,flicker
89.5412,170774,flicker
89.5454,170984,flicker
89.5492,170941,flicker
89.5551,726,flicker
89.5575,170766,flicker
89.5615,171275,flicker
89.5655,171141,flicker
89.5709,702,flicker
89.5739,171176,flicker
89.5778,171149,flicker
89.5819,171028,flicker
89.5862,170977,flicker
89.5903,170771,flicker
89.5942,171061,flicker
89.5983,171373,flicker
89.6024,171055,flicker
89.6074,170663,flicker
89.6105,171130,flicker
89.6147,171098,flicker
89.6188,170589,flicker
89.6237,171146,flicker
89.6269,171305,flicker
89.6310,170983,flicker
89.6352,171277,flicker
89.6399,171329,flicker
89.6433,171387,flicker
89.6474,171207,flicker
89.6517,171150,flicker
89.6559,171099,flicker
89.6577,170,flicker
89.6597,563,flicker
89.6610,170955,flicker
89.6638,171181,flicker
89.6680,171245,flicker
89.6723,171295,flicker
89.6761,171300,flicker
89.6802,171049,flicker
89.6845,171478,flicker
89.6893,171133,flicker
89.6925,171490,flicker
89.6966,171356,flicker
89.7008,171202,flicker
89.7058,170933,flicker
89.7089,171121,flicker
89.7130,170585,flicker
89.7173,171135,flicker
89.7218,170626,flicker
89.7253,170762,flicker
89.7293,171190,flicker
89.7334,171304,flicker
89.7376,71213,flicker
89.7421,171145,flicker
89.7471,170695,flicker
89.7498,171654,flicker
89.7542,762,flicker
89.7584,171342,flicker
89.7627,170770,flicker
89.7677,170713,flicker
89.7704,171474,flicker
89.7751,171101,flicker
89.7785,170825,flicker
89.7826,171050,flicker
89.7842,170,flicker
89.7890,785171081,flicker
89.7908,171029,flicker
89.7949,170541,flicker
89.7990,170737,flicker
89.8052,71483,flicker
89.8079,170755,flicker
89.8113,170919,flicker
89.8154,171688,flicker
89.8220,7073,flicker
89.8244,171558,flicker
89.8278,171016,flicker
89.8317,170906,flicker
89.8359,70915,flicker
89.8406,171445,flicker
89.8445,170875,flicker
89.8481,171281,flicker
89.8523,171355,flicker
89.8574,171543,flicker
89.8604,171519,flicker
89.8645,170831,flicker
89.8687,170987,flicker
89.8737,171339,flicker
89.8768,171384,flicker
89.8809,171368,flicker
89.8850,171368,flicker
89.8894,171374,flicker
89.8931,170658,flicker
89.8972,170928,flicker
89.9014,170617,flicker
89.9064,170987,flicker
89.9096,171424,flicker
89.9108,17,flicker
89.9137,0836,flicker
89.9149,17067,flicker
89.9178,3,flicker
89.9179,171484,flicker
89.9223,170694,flicker
89.9259,171419,flicker
89.9300,171292,flicker
89.9343,171342,flicker
89.9389,170923,flicker
89.9424,170887,flicker
89.9464,170708,flicker
89.9506,171274,flicker
89.9550,171298,flicker
89.9587,170670,flicker
89.9628,171214,flicker
89.9669,170862,flicker
89.9718,171080,flicker
89.9752,171379,flicker
89.9793,171106,flicker
89.9833,171032,flicker
89.9879,170545,flicker
89.9916,170748,flicker
89.9956,171075,flicker
89.9997,171153,flicker
90.0055,70,flicker
90.0086,170801,flicker
90.0120,171067,flicker
90.0163,170956,flicker
90.0221,170971,flicker
90.0243,170973,flicker
90.0283,171340,flicker
90.0324,171231,flicker
90.0382,7114917,flicker
90.0410,1167,flicker
90.0428,17113,flicker
90.0452,2,flicker
90.0455,171062,flicker
90.0489,171036,flicker
90.0532,7088,flicker
90.0574,171367,flicker
90.0620,170819,flicker
90.0653,171136,flicker
90.0707,712,flicker
90.0734,171276,flicker
90.0778,170967,flicker
90.0816,171406,flicker
90.0877,1,flicker
90.0906,170998,flicker
90.0948,171560,flicker
90.0980,171538,flicker
90.1024,7,flicker
90.1063,171231,flicker
90.1109,170772,flicker
90.1143,170823,flicker
90.1185,170906,flicker
90.1231,171047,flicker
90.1267,171257,flicker
90.1307,171044,flicker
90.1352,170910,flicker
90.1393,170866,flicker
90.1439,170892,flicker
90.1472,171383,flicker
90.1513,171229,flicker
90.1566,170825,flicker
90.1594,170377,flicker
90.1635,169895,flicker
90.1647,17,flicker
90.1677,0518,flicker
90.1690,1709,flicker
90.1718,85,flicker
90.1737,170900,flicker
90.1758,171005,flicker
90.1799,171443,flicker
90.1841,171409,flicker
90.1895,170903,flicker
90.1922,170840,flicker
90.1963,171391,flicker
90.2005,171448,flicker
90.2048,171071,flicker
90.2086,171473,flicker
90.2127,171069,flicker
90.2168,171081,flicker
90.2212,170452,flicker
90.2249,170277,flicker
90.2290,171331,flicker
90.2332,170871,flicker
90.2388,7127,flicker
90.2422,171288,flicker
90.2460,171321,flicker
90.2495,171203,flicker
90.2546,171131,flicker
90.2578,171260,flicker
90.2619,171078,flicker
90.2661,170614,flicker
90.2702,718,flicker
90.2745,171141,flicker
90.2794,170743,flicker
90.2833,171380,flicker
90.2875,71494,flicker
90.2907,170829,flicker
90.2919,1,flicker
90.2946,71420,flicker
90.2958,1710,flicker
90.2987,44,flicker
90.2999,171030,flicker
90.3035,171093,flicker
90.3069,170953,flicker
90.3109,171156,flicker
90.3151,171376,flicker
90.3194,17,flicker
90.3238,170829,flicker
90.3276,170794,flicker
90.3315,170802,flicker
90.3358,756,flicker
90.3407,170634,flicker
90.3449,171326,flicker
90.3479,171402,flicker
90.3538,17147,flicker
90.3564,171283,flicker
90.3606,170939,flicker
90.3642,170799,flicker
90.3684,171178,flicker
90.3725,171152,flicker
90.3765,171071,flicker
90.3806,171869,flicker
90.3847,171340,flicker
90.3895,171109,flicker
90.3929,171289,flicker
90.3970,171264,flicker
90.4012,171269,flicker
90.4061,171056,flicker
90.4093,171037,flicker
90.4133,170837,flicker
90.4177,171106,flicker
90.4193,1,flicker
90.4228,71285,flicker
90.4235,1705,flicker
90.4256,91,flicker
90.4258,170857,flicker
90.4298,170473,flicker
90.4338,170946,flicker
90.4384,171558,flicker
90.4420,170691,flicker
90.4461,171186,flicker
90.4503,171600,flicker
90.4548,170687,flicker
90.4584,170856,flicker
90.4625,170992,flicker
90.4666,170764,flicker
90.4711,171135,flicker
90.4748,171408,flicker
90.4789,171216,flicker
90.4830,171150,flicker
90.4878,170705,flicker
90.4912,171418,flicker
90.4953,171159,flicker
90.5000,171124,flicker
90.5050,7094,flicker
90.5084,170664,flicker
90.5127,170537,flicker
90.5159,171339,flicker
90.5205,171252,flicker
90.5243,171343,flicker
90.5280,171522,flicker
90.5321,170918,flicker
90.5363,71143,flicker
90.5403,171778,flicker
90.5446,171189,flicker
90.5499,171120,flicker
90.5512,171,flicker
90.5527,38,flicker
90.5544,1105,flicker
90.5571,171398,flicker
90.5616,171452,flicker
90.5649,171326,flicker
90.5709,7172,flicker
90.5738,170957,flicker
90.5781,171095,flicker
90.5813,171054,flicker
90.5856,10,flicker
90.5898,170960,flicker
90.5944,171205,flicker
90.5977,170986,flicker
90.6021,1153,flicker
90.6063,171523,flicker
90.6113,171195,flicker
90.6142,171204,flicker
90.6182,171021,flicker
90.6226,171085,flicker
90.6264,171401,flicker
90.6304,170747,flicker
90.6346,171192,flicker
90.6394,170786,flicker
90.6427,171591,flicker
90.6468,171456,flicker
90.6510,170969,flicker
90.6553,171024,flicker
90.6591,171063,flicker
90.6632,171150,flicker
90.6674,171029,flicker
90.6718,171189,flicker
90.6755,171373,flicker
90.6767,170,flicker
90.6796,800,flicker
90.6807,17084,flicker
90.6837,4,flicker
90.6839,171207,flicker
90.6889,171491,flicker
90.6919,171046,flicker
90.6960,171298,flicker
90.7003,171181,flicker
90.7053,171230,flicker
90.7083,171065,flicker
90.7124,171070,flicker
90.7167,171231,flicker
90.7209,171562,flicker
90.7248,170649,flicker
90.7287,170644,flicker
90.7328,170769,flicker
90.7374,171300,flicker
90.7412,171288,flicker
90.7451,171057,flicker
90.7492,171333,flicker
90.7543,170971,flicker
90.7574,171041,flicker
90.7615,170786,flicker
90.7657,171327,flicker
90.7712,170983,flicker
90.7738,170948,flicker
90.7779,171245,flicker
90.7820,171608,flicker
90.7862,7152,flicker
90.7905,171142,flicker
90.7957,170989,flicker
90.7985,171445,flicker
90.8027,7226,flicker
90.8075,1239,flicker
90.8089,17122,flicker
90.8106,6,flicker
90.8107,171064,flicker
90.8147,171429,flicker
90.8203,71265,flicker
90.8241,170833,flicker
90.8270,171073,flicker
90.8312,171690,flicker
90.8355,720,flicker
90.8399,171216,flicker
90.8441,171641,flicker
90.8475,171123,flicker
90.8517,171440,flicker
90.8561,171268,flicker
90.8598,170649,flicker
90.8639,170872,flicker
90.8680,171045,flicker
90.8724,170683,flicker
90.8762,171045,flicker
90.8803,171245,flicker
90.8845,171119,flicker
90.8886,170677,flicker
90.8926,170778,flicker
90.8967,171153,flicker
90.9009,170720,flicker
90.9053,171052,flicker
90.9089,170747,flicker
90.9131,171270,flicker
90.9172,171473,flicker
90.9215,171121,flicker
90.9253,170934,flicker
90.9295,171075,flicker
90.9308,17,flicker
90.9336,0814,flicker
90.9351,17129,flicker
90.9382,3,flicker
90.9388,171259,flicker
90.9417,171225,flicker
90.9458,170984,flicker
90.9499,171498,flicker
90.9543,170910,flicker
90.9584,171151,flicker
90.9622,170939,flicker
90.9668,171028,flicker
90.9716,71008,flicker
90.9757,171646,flicker
90.9801,170885,flicker
90.9828,171387,flicker
90.9873,171664,flicker
90.9909,170771,flicker
90.9950,171089,flicker
90.9991,171286,flicker
91.0038,170606,flicker
91.0073,171182,flicker
91.0114,171085,flicker
91.0156,171229,flicker
91.0197,7072,flicker
91.0241,170800,flicker
91.0285,171321,flicker
91.0318,171126,flicker
91.0372,76,flicker
91.0401,170812,flicker
91.0441,171114,flicker
91.0482,171198,flicker
91.0524,71267,flicker
91.0567,171383,flicker
91.0582,17,flicker
91.0608,1232,flicker
91.0626,1714,flicker
91.0646,02,flicker
91.0663,171562,flicker
91.0693,172091,flicker
91.0728,171659,flicker
91.0769,171587,flicker
91.0810,171388,flicker
91.0852,171794,flicker
91.0894,171443,flicker
91.0932,171049,flicker
91.0973,170760,flicker
91.1015,171093,flicker
91.1066,170611,flicker
91.1097,170941,flicker
91.1137,171174,flicker
91.1180,170899,flicker
91.1225,171373,flicker
91.1260,171071,flicker
91.1301,170825,flicker
91.1343,170550,flicker
91.1390,170845,flicker
91.1424,170943,flicker
91.1465,171097,flicker
91.1506,170922,flicker
91.1552,171402,flicker
91.1588,171116,flicker
91.1629,170897,flicker
91.1671,171081,flicker
91.1724,171746,flicker
91.1752,171288,flicker
91.1793,171208,flicker
91.1836,170697,flicker
91.1849,1,flicker
91.1876,71570,flicker
91.1895,1709,flicker
91.1916,47,flicker
91.1928,170993,flicker
91.1958,170621,flicker
91.1998,171165,flicker
91.2048,170586,flicker
91.2079,171038,flicker
91.2121,170840,flicker
91.2162,170962,flicker
91.2205,170666,flicker
91.2249,171080,flicker
91.2284,170805,flicker
91.2325,170863,flicker
91.2369,171390,flicker
91.2407,170571,flicker
91.2448,171100,flicker
91.2489,171637,flicker
91.2534,171329,flicker
91.2575,170560,flicker
91.2612,171018,flicker
91.2654,171655,flicker
91.2699,170984,flicker
91.2735,171285,flicker
91.2776,170746,flicker
91.2817,171332,flicker
91.2859,716,flicker
91.2899,7155,flicker
91.2943,171799,flicker
91.3010,171295,flicker
91.3030,171172,flicker
91.3063,170908,flicker
91.3108,171025,flicker
91.3125,1,flicker
91.3145,71116,flicker
91.3154,1708,flicker
91.3200,5176,flicker
91.3237,170705,flicker
91.3275,170983,flicker
91.3308,171289,flicker
91.3352,702,flicker
91.3392,171196,flicker
91.3443,171467,flicker
91.3475,171063,flicker
91.3531,17230,flicker
91.3565,170894,flicker
91.3598,171021,flicker
91.3636,171425,flicker
91.3677,170961,flicker
91.3725,171131,flicker
91.3759,171082,flicker
91.3800,170824,flicker
91.3841,170625,flicker
91.3887,171059,flicker
91.3923,170721,flicker
91.3963,171436,flicker
91.4005,171392,flicker
91.4048,171210,flicker
91.4086,171399,flicker
91.4127,171275,flicker
91.4169,171473,flicker
91.4212,170860,flicker
91.4255,170883,flicker
91.4291,170548,flicker
91.4334,171023,flicker
91.4387,170735,flicker
91.4415,171308,flicker
91.4426,171,flicker
91.4455,018,flicker
91.4472,171014,flicker
91.4498,170721,flicker
91.4540,171283,flicker
91.4578,170767,flicker
91.4619,170761,flicker
91.4665,171336,flicker
91.4706,171036,flicker
91.4742,170800,flicker
91.4783,171237,flicker
91.4824,170746,flicker
91.4874,170787,flicker
91.4910,170946,flicker
91.4947,170630,flicker
91.4991,170904,flicker
91.5039,170616,flicker
91.5070,170862,flicker
91.5111,170690,flicker
91.5153,171061,flicker
91.5198,171216,flicker
91.5242,171062,flicker
91.5275,171339,flicker
91.5315,171330,flicker
91.5362,171075,flicker
91.5398,171121,flicker
91.5438,170773,flicker
91.5479,170853,flicker
91.5521,7177,flicker
91.5577,171307,flicker
91.5605,170967,flicker
91.5643,171019,flicker
91.5703,7100317,flicker
91.5727,23,flicker
91.5747,171356,flicker
91.5775,171570,flicker
91.5807,171157,flicker
91.5856,70,flicker
91.5897,171016,flicker
91.5937,170826,flicker
91.5971,170687,flicker
91.6013,71,flicker
91.6067,170670,flicker
91.6096,170884,flicker
91.6135,171600,flicker
91.6194,71102,flicker
91.6224,170931,flicker
91.6263,170670,flicker
91.6298,170930,flicker
91.6354,1713,flicker
91.6381,170958,flicker
91.6421,171429,flicker
91.6462,171485,flicker
91.6522,171060,flicker
91.6548,170930,flicker
91.6585,171162,flicker
91.6626,171266,flicker
91.6671,171040,flicker
91.6713,171088,flicker
91.6749,171301,flicker
91.6790,170603,flicker
91.6833,171103,flicker
91.6878,171274,flicker
91.6913,170609,flicker
91.6955,171221,flicker
91.6969,17,flicker
91.6995,1269,flicker
91.7006,17120,flicker
91.7039,3,flicker
91.7044,170996,flicker
91.7077,171143,flicker
91.7118,171130,flicker
91.7159,171131,flicker
91.7202,170474,flicker
91.7241,170964,flicker
91.7281,171261,flicker
91.7330,170958,flicker
91.7365,7080,flicker
91.7406,171074,flicker
91.7447,170882,flicker
91.7486,170766,flicker
91.7545,170815,flicker
91.7568,170761,flicker
91.7609,171154,flicker
91.7651,170266,flicker
91.7696,171670,flicker
91.7733,171309,flicker
91.7774,171296,flicker
91.7815,170828,flicker
91.7862,171648,flicker
91.7896,170821,flicker
91.7937,171235,flicker
91.7978,170663,flicker
91.8020,71395,flicker
91.8065,171278,flicker
91.8111,170987,flicker
91.8146,171025,flicker
91.8195,704,flicker
91.8226,171362,flicker
91.8245,1,flicker
91.8265,71116,flicker
91.8281,1712,flicker
91.8305,27,flicker
91.8318,170873,flicker
91.8350,1728,flicker
91.8390,170917,flicker
91.8436,171017,flicker
91.8469,170874,flicker
91.8511,171452,flicker
91.8555,171694,flicker
91.8593,171340,flicker
91.8633,170839,flicker
91.8674,171111,flicker
91.8716,171044,flicker
91.8756,171227,flicker
91.8797,171582,flicker
91.8838,171400,flicker
91.8884,170474,flicker
91.8921,171232,flicker
91.8961,171777,flicker
91.9002,171434,flicker
91.9048,171008,flicker
91.9089,170823,flicker
91.9124,170752,flicker
91.9167,170632,flicker
91.9215,171315,flicker
91.9249,171174,flicker
91.9288,171257,flicker
91.9329,170621,flicker
91.9374,171003,flicker
91.9411,171291,flicker
91.9452,171086,flicker
91.9496,171070,flicker
91.9508,1,flicker
91.9536,71132,flicker
91.9548,1711,flicker
91.9575,34,flicker
91.9587,171501,flicker
91.9616,171175,flicker
91.9659,171053,flicker
91.9713,171234,flicker
91.9739,171016,flicker
91.9781,170904,flicker
91.9821,171072,flicker
91.9868,171252,flicker
91.9903,170873,flicker
91.9944,170651,flicker
91.9984,171254,flicker
92.0030,170983,flicker
92.0067,171213,flicker
92.0108,171046,flicker
92.0149,170838,flicker
92.0192,7093,flicker
92.0250,170731,flicker
92.0278,171979,flicker
92.0313,171304,flicker
92.0354,711,flicker
92.0410,171154,flicker
92.0440,170990,flicker
92.0477,171559,flicker
92.0519,7087,flicker
92.0559,170487,flicker
92.0604,171861,flicker
92.0641,170572,flicker
92.0683,7124,flicker
92.0729,171485,flicker
92.0771,171204,flicker
92.0816,171108,flicker
92.0830,171,flicker
92.0850,113,flicker
92.0920,171636,flicker
92.0927,170909,flicker
92.0967,171411,flicker
92.1028,171224,flicker
92.1059,170818,flicker
92.1092,170417,flicker
92.1132,170972,flicker
92.1173,170554,flicker
92.1219,170930,flicker
92.1254,171509,flicker
92.1295,170769,flicker
92.1337,171153,flicker
92.1380,170820,flicker
92.1420,171102,flicker
92.1459,171571,flicker
92.1501,171152,flicker
92.1551,170458,flicker
92.1582,170869,flicker
92.1623,171143,flicker
92.1664,171107,flicker
92.1709,171151,flicker
92.1748,170778,flicker
92.1787,171326,flicker
92.1829,171037,flicker
92.1877,170967,flicker
92.1910,170445,flicker
92.1951,171233,flicker
92.1995,170976,flicker
92.2039,171325,flicker
92.2074,171032,flicker
92.2088,171,flicker
92.2115,649,flicker
92.2127,170767,flicker
92.2158,170858,flicker
92.2199,171053,flicker
92.2237,171359,flicker
92.2278,170787,flicker
92.2319,170631,flicker
92.2367,171015,flicker
92.2401,171445,flicker
92.2442,171033,flicker
92.2483,170956,flicker
92.2528,170963,flicker
92.2565,170826,flicker
92.2606,171304,flicker
92.2648,171076,flicker
92.2689,70961,flicker
92.2732,170927,flicker
92.2777,171252,flicker
92.2812,171028,flicker
92.2859,171297,flicker
92.2895,170469,flicker
92.2934,170844,flicker
92.2975,171180,flicker
92.3030,7132,flicker
92.3071,171119,flicker
92.3113,171367,flicker
92.3139,171102,flicker
92.3192,710,flicker
92.3224,171120,flicker
92.3272,171076,flicker
92.3302,170956,flicker
92.3345,70,flicker
92.3386,72,flicker
92.3414,170498,flicker
92.3428,170991,flicker
92.3466,171046,flicker
92.3510,10,flicker
92.3557,170878,flicker
92.3596,170875,flicker
92.3630,171432,flicker
92.3675,1077,flicker
92.3717,171236,flicker
92.3757,170812,flicker
92.3794,171434,flicker
92.3835,170594,flicker
92.3879,170667,flicker
92.3917,170972,flicker
92.3958,171445,flicker
92.3999,170681,flicker
92.4044,171203,flicker
92.4081,170664,flicker
92.4121,171149,flicker
92.4163,170892,flicker
92.4206,170714,flicker
92.4244,171506,flicker
92.4285,170523,flicker
92.4328,171073,flicker
92.4370,171461,flicker
92.4408,171352,flicker
92.4449,171045,flicker
92.4491,170729,flicker
92.4535,171340,flicker
92.4572,170834,flicker
92.4613,171356,flicker
92.4628,170,flicker
92.4655,954,flicker
92.4672,17092,flicker
92.4698,7,flicker
92.4706,170790,flicker
92.4736,171339,flicker
92.4777,170884,flicker
92.4818,171014,flicker
92.4862,171132,flicker
92.4902,171243,flicker
92.4941,171135,flicker
92.4991,171084,flicker
92.5023,71391,flicker
92.5076,170883,flicker
92.5131,171433,flicker
92.5148,170537,flicker
92.5196,170861,flicker
92.5227,171277,flicker
92.5268,171093,flicker
92.5309,171178,flicker
92.5355,171087,flicker
92.5393,170768,flicker
92.5432,170968,flicker
92.5473,170667,flicker
92.5531,71161,flicker
92.5581,170943,flicker
92.5596,171618,flicker
92.5637,171166,flicker
92.5678,7179,flicker
92.5727,170838,flicker
92.5768,171120,flicker
92.5804,170710,flicker
92.5844,17037,flicker
92.5884,171048,flicker
92.5905,17,flicker
92.5924,1305,flicker
92.5939,17131,flicker
92.5964,2,flicker
92.5965,171052,flicker
92.6024,1765,flicker
92.6055,171151,flicker
92.6088,171052,flicker
92.6128,170808,flicker
92.6171,171181,flicker
92.6215,170615,flicker
92.6251,171278,flicker
92.6292,170980,flicker
92.6333,171357,flicker
92.6378,170659,flicker
92.6415,171245,flicker
92.6456,171109,flicker
92.6498,171042,flicker
92.6542,170996,flicker
92.6579,170583,flicker
92.6620,170865,flicker
92.6662,171066,flicker
92.6711,171222,flicker
92.6743,170968,flicker
92.6784,170322,flicker
92.6827,170943,flicker
92.6873,170484,flicker
92.6907,171651,flicker
92.6948,171347,flicker
92.6991,171180,flicker
92.7033,171193,flicker
92.7075,170601,flicker
92.7111,171447,flicker
92.7153,171458,flicker
92.7166,17,flicker
92.7197,1309,flicker
92.7210,17103,flicker
92.7234,5,flicker
92.7235,170953,flicker
92.7275,171090,flicker
92.7317,171630,flicker
92.7358,71349,flicker
92.7403,171204,flicker
92.7447,171264,flicker
92.7489,171037,flicker
92.7542,71,flicker
92.7571,170762,flicker
92.7604,171350,flicker
92.7644,171003,flicker
92.7696,81,flicker
92.7739,170882,flicker
92.7767,171751,flicker
92.7808,170791,flicker
92.7867,71,flicker
92.7907,171465,flicker
92.7943,170704,flicker
92.7973,171118,flicker
92.8028,70,flicker
92.8055,171016,flicker
92.8095,171691,flicker
92.8135,171283,flicker
92.8194,719,flicker
92.8220,171223,flicker
92.8267,171590,flicker
92.8302,170880,flicker
92.8343,5,flicker
92.8386,171158,flicker
92.8435,171091,flicker
92.8446,1,flicker
92.8463,71332,flicker
92.8476,1711,flicker
92.8505,6,flicker
92.8523,1717,flicker
92.8549,170413,flicker
92.8597,170692,flicker
92.8628,170715,flicker
92.8669,171128,flicker
92.8711,170994,flicker
92.8750,171002,flicker
92.8791,171313,flicker
92.8832,170957,flicker
92.8877,171017,flicker
92.8913,170856,flicker
92.8954,171289,flicker
92.8997,171132,flicker
92.9039,171025,flicker
92.9078,171015,flicker
92.9118,171235,flicker
92.9160,171182,flicker
92.9207,171281,flicker
92.9241,170691,flicker
92.9282,170958,flicker
92.9324,170940,flicker
92.9370,170602,flicker
92.9405,171311,flicker
92.9446,171328,flicker
92.9488,171148,flicker
92.9533,171062,flicker
92.9569,171146,flicker
92.9610,171125,flicker
92.9652,171397,flicker
92.9696,171243,flicker
92.9705,17,flicker
92.9733,0881,flicker
92.9743,1709,flicker
92.9774,41,flicker
92.9788,171258,flicker
92.9815,171080,flicker
92.9869,171139,flicker
92.9897,171305,flicker
92.9938,170875,flicker
92.9979,170993,flicker
93.0022,10,flicker
93.0063,170928,flicker
93.0102,170531,flicker
93.0143,170941,flicker
93.0204,71,flicker
93.0243,171024,flicker
93.0266,170793,flicker
93.0308,171408,flicker
93.0349,7115,flicker
93.0417,171190,flicker
93.0433,171450,flicker
93.0471,171451,flicker
93.0514,707,flicker
93.0595,171174,flicker
93.0596,170823,flicker
93.0635,171133,flicker
93.0675,71166,flicker
93.0724,171316,flicker
93.0758,171118,flicker
93.0799,171131,flicker
93.0858,171,flicker
93.0901,171425,flicker
93.0922,170914,flicker
93.0963,170936,flicker
93.0975,17,flicker
93.1022,113,flicker
93.1044,1,flicker
93.1062,171172,flicker
93.1093,170926,flicker
93.1125,170993,flicker
93.1167,171075,flicker
93.1211,171326,flicker
93.1248,170655,flicker
93.1290,170891,flicker
93.1331,170974,flicker
93.1376,170876,flicker
93.1413,171609,flicker
93.1454,170860,flicker
93.1495,170672,flicker
93.1545,170719,flicker
93.1577,171095,flicker
93.1618,171052,flicker
93.1658,171012,flicker
93.1707,171227,flicker
93.1741,171448,flicker
93.1782,171308,flicker
93.1822,171185,flicker
93.1873,171420,flicker
93.1904,170961,flicker
93.1944,170972,flicker
93.1987,171139,flicker
93.2039,171297,flicker
93.2068,170968,flicker
93.2108,171430,flicker
93.2149,170640,flicker
93.2194,171506,flicker
93.2232,171127,flicker
93.2242,1,flicker
93.2274,71503,flicker
93.2288,1709,flicker
93.2313,69,flicker
93.2326,171477,flicker
93.2357,170759,flicker
93.2396,171231,flicker
93.2437,171345,flicker
93.2478,171243,flicker
93.2522,171528,flicker
93.2559,171245,flicker
93.2600,171211,flicker
93.2648,171397,flicker
93.2692,171098,flicker
93.2723,171300,flicker
93.2764,171811,flicker
93.2807,170852,flicker
93.2854,172066,flicker
93.2887,170986,flicker
93.2927,170774,flicker
93.2968,170787,flicker
93.3017,5,flicker
93.3056,170977,flicker
93.3103,171322,flicker
93.3134,171342,flicker
93.3175,86,flicker
93.3216,171184,flicker
93.3257,171798,flicker
93.3298,171264,flicker
93.3338,71027,flicker
93.3382,171046,flicker
93.3433,171601,flicker
93.3470,171514,flicker
93.3502,172142,flicker
93.3543,171034,flicker
93.3558,171,flicker
93.3583,174,flicker
93.3597,171157,flicker
93.3624,171522,flicker
93.3665,171183,flicker
93.3709,171134,flicker
93.3747,170943,flicker
93.3788,170980,flicker
93.3830,170970,flicker
93.3877,170744,flicker
93.3912,171257,flicker
93.3952,171140,flicker
93.3994,171072,flicker
93.4040,171076,flicker
93.4075,170603,flicker
93.4115,170968,flicker
93.4157,170757,flicker
93.4208,171466,flicker
93.4238,170994,flicker
93.4279,171315,flicker
93.4321,171185,flicker
93.4364,171537,flicker
93.4402,171227,flicker
93.4443,170934,flicker
93.4486,171261,flicker
93.4528,171769,flicker
93.4566,171095,flicker
93.4607,170649,flicker
93.4648,170898,flicker
93.4695,171269,flicker
93.4731,171437,flicker
93.4771,171357,flicker
93.4812,170901,flicker
93.4828,170,flicker
93.4858,801,flicker
93.4873,17070,flicker
93.4894,7,flicker
93.4895,170907,flicker
93.4935,171198,flicker
93.4976,171226,flicker
93.5043,3,flicker
93.5075,170868,flicker
93.5105,171245,flicker
93.5140,171046,flicker
93.5189,171057,flicker
93.5223,171103,flicker
93.5262,171052,flicker
93.5303,171209,flicker
93.5359,70987,flicker
93.5388,170637,flicker
93.5435,171091,flicker
93.5481,171245,flicker
93.5524,714,flicker
93.5577,171237,flicker
93.5590,171271,flicker
93.5631,171387,flicker
93.5673,70927,flicker
93.5715,171076,flicker
93.5756,171304,flicker
93.5819,171275,flicker
93.5840,100,flicker
93.5901,170936,flicker
93.5928,171021,flicker
93.5958,171563,flicker
93.6017,711,flicker
93.6067,171230,flicker
93.6084,170999,flicker
93.6098,17,flicker
93.6123,0950,flicker
93.6133,17101,flicker
93.6164,9,flicker
93.6181,1,flicker
93.6216,171339,flicker
93.6264,171768,flicker
93.6287,171238,flicker
93.6327,171484,flicker
93.6378,171080,flicker
93.6409,171044,flicker
93.6450,171351,flicker
93.6492,171475,flicker
93.6543,171178,flicker
93.6573,171416,flicker
93.6613,170969,flicker
93.6655,171098,flicker
93.6708,171313,flicker
93.6737,171197,flicker
93.6777,171178,flicker
93.6820,170938,flicker
93.6861,170875,flicker
93.6901,170908,flicker
93.6942,171721,flicker
93.6983,170932,flicker
93.7032,171330,flicker
93.7065,171222,flicker
93.7106,171414,flicker
93.7147,171464,flicker
93.7192,171699,flicker
93.7229,171388,flicker
93.7269,171144,flicker
93.7310,171274,flicker
93.7359,171033,flicker
93.7373,1,flicker
93.7393,71213,flicker
93.7406,1706,flicker
93.7434,75,flicker
93.7445,170909,flicker
93.7475,170878,flicker
93.7520,171464,flicker
93.7557,171557,flicker
93.7597,171252,flicker
93.7639,171193,flicker
93.7681,7124,flicker
93.7743,171258,flicker
93.7772,171161,flicker
93.7804,171184,flicker
93.7845,7081,flicker
93.7906,170930,flicker
93.7930,171034,flicker
93.7976,171189,flicker
93.8022,7078,flicker
93.8062,170899,flicker
93.8093,171026,flicker
93.8130,170598,flicker
93.8191,1,flicker
93.8242,170919,flicker
93.8253,171430,flicker
93.8294,170596,flicker
93.8341,108,flicker
93.8389,171149,flicker
93.8436,171426,flicker
93.8458,171041,flicker
93.8499,170793,flicker
93.8545,170913,flicker
93.8584,171443,flicker
93.8621,170776,flicker
93.8634,1,flicker
93.8663,71591,flicker
93.8682,174,flicker
93.8721,6,flicker
93.8734,170882,flicker
93.8754,171366,flicker
93.8785,171193,flicker
93.8827,171169,flicker
93.8872,171760,flicker
93.8908,171106,flicker
93.8948,171680,flicker
93.8994,171249,flicker
93.9034,171032,flicker
93.9072,171298,flicker
93.9113,170914,flicker
93.9153,171356,flicker
93.9209,171088,flicker
93.9235,171402,flicker
93.9276,171256,flicker
93.9318,171227,flicker
93.9371,171240,flicker
93.9400,171058,flicker
93.9441,171087,flicker
93.9484,171608,flicker
93.9539,171071,flicker
93.9563,170783,flicker
93.9604,171325,flicker
93.9646,170372,flicker
93.9692,171134,flicker
93.9727,171154,flicker
93.9768,171256,flicker
93.9809,171355,flicker
93.9857,170551,flicker
93.9893,171463,flicker
93.9907,1,flicker
93.9932,71197,flicker
93.9946,1708,flicker
93.9978,21,flicker
93.9987,171118,flicker
94.0022,170407,flicker
94.0054,170928,flicker
94.0096,171374,flicker
94.0138,171516,flicker
94.0192,71171,flicker
94.0225,171191,flicker
94.0270,170974,flicker
94.0301,171178,flicker
94.0358,170936,flicker
94.0382,171185,flicker
94.0423,171218,flicker
94.0464,171319,flicker
94.0520,7109,flicker
94.0552,171010,flicker
94.0596,171031,flicker
94.0628,171285,flicker
94.0670,719,flicker
94.0714,171629,flicker
94.0756,171424,flicker
94.0792,170953,flicker
94.0834,708,flicker
94.0878,171115,flicker
94.0924,170784,flicker
94.0955,171011,flicker
94.0999,077,flicker
94.1049,171023,flicker
94.1080,171178,flicker
94.1119,171269,flicker
94.1162,170731,flicker
94.1177,1,flicker
94.1206,71279,flicker
94.1221,1714,flicker
94.1242,83,flicker
94.1253,171200,flicker
94.1283,171040,flicker
94.1324,171027,flicker
94.1376,171244,flicker
94.1406,170615,flicker
94.1447,170558,flicker
94.1489,170729,flicker
94.1531,170805,flicker
94.1570,170955,flicker
94.1611,170683,flicker
94.1653,171182,flicker
94.1693,171075,flicker
94.1734,171620,flicker
94.1775,171311,flicker
94.1817,171058,flicker
94.1868,171306,flicker
94.1898,171027,flicker
94.1938,170729,flicker
94.1980,171508,flicker
94.2028,170985,flicker
94.2062,171068,flicker
94.2102,171091,flicker
94.2144,171461,flicker
94.2188,171393,flicker
94.2226,171160,flicker
94.2270,171126,flicker
94.2307,171058,flicker
94.2358,170708,flicker
94.2390,170772,flicker
94.2431,171041,flicker
94.2444,1,flicker
94.2472,71127,flicker
94.2487,1715,flicker
94.2526,071280,flicker
94.2557,171422,flicker
94.2595,171142,flicker
94.2636,170801,flicker
94.2693,7113,flicker
94.2727,171176,flicker
94.2769,170168,flicker
94.2801,171129,flicker
94.2851,710,flicker
94.2882,170929,flicker
94.2922,171004,flicker
94.2963,170846,flicker
94.3019,7100,flicker
94.3071,171193,flicker
94.3087,171097,flicker
94.3126,171132,flicker
94.3179,1,flicker
94.3216,171105,flicker
94.3250,171378,flicker
94.3291,171063,flicker
94.3333,73,flicker
94.3382,171011,flicker
94.3419,170428,flicker
94.3454,170773,flicker
94.3510,098,flicker
94.3540,170862,flicker
94.3577,171443,flicker
94.3618,171007,flicker
94.3677,1716,flicker
94.3717,170782,flicker
94.3745,170974,flicker
94.3757,170,flicker
94.3782,889,flicker
94.3796,171511,flicker
94.3823,171010,flicker
94.3872,171154,flicker
94.3904,171267,flicker
94.3946,171114,flicker
94.3987,171906,flicker
94.4033,171005,flicker
94.4069,171390,flicker
94.4109,170894,flicker
94.4150,171340,flicker
94.4195,171127,flicker
94.4232,171304,flicker
94.4273,171216,flicker
94.4315,171494,flicker
94.4366,171223,flicker
94.4396,171214,flicker
94.4437,170770,flicker
94.4479,170794,flicker
94.4521,171342,flicker
94.4560,171157,flicker
94.4601,171297,flicker
94.4642,170906,flicker
94.4686,171122,flicker
94.4724,171045,flicker
94.4765,170942,flicker
94.4806,170598,flicker
94.4851,171779,flicker
94.4887,171349,flicker
94.4928,171253,flicker
94.4969,171578,flicker
94.5013,13,flicker
94.5034,71,flicker
94.5058,201,flicker
94.5066,171058,flicker
94.5093,171101,flicker
94.5135,170791,flicker
94.5176,7101,flicker
94.5225,171595,flicker
94.5264,171319,flicker
94.5298,171232,flicker
94.5355,718,flicker
94.5384,171024,flicker
94.5420,171147,flicker
94.5461,171688,flicker
94.5503,7104,flicker
94.5546,171268,flicker
94.5590,171527,flicker
94.5625,170875,flicker
94.5681,71,flicker
94.5716,171338,flicker
94.5750,170910,flicker
94.5789,170994,flicker
94.5850,7140,flicker
94.5877,171076,flicker
94.5911,171091,flicker
94.5952,171453,flicker
94.6020,17121,rest
94.6036,171501,rest
94.6077,170795,rest
94.6116,170989,rest
94.6157,171803,rest
94.6198,170867,rest
94.6239,170942,rest
94.6281,170933,rest
94.6293,17,rest
94.6322,1352,rest
94.6335,17106,rest
94.6364,4,rest
94.6371,170975,rest
94.6403,170814,rest
94.6444,170833,rest
94.6485,170964,rest
94.6531,171754,rest
94.6567,170729,rest
94.6608,170690,rest
94.6649,171704,rest
94.6701,171252,rest
94.6731,170978,rest
94.6771,171223,rest
94.6813,171254,rest
94.6858,171209,rest
94.6895,171269,rest
94.6936,170932,rest
94.6983,171008,rest
94.7022,171184,rest
94.7059,171363,rest
94.7099,171258,rest
94.7141,171031,rest
94.7186,170784,rest
94.7222,170824,rest
94.7263,170860,rest
94.7305,171041,rest
94.7350,171185,rest
94.7386,171176,rest
94.7426,171137,rest
94.7468,171043,rest
94.7513,171047,rest
94.7550,171162,rest
94.7561,17,rest
94.7591,0978,rest
94.7607,17082,rest
94.7640,0,rest
94.7642,170960,rest
94.7673,71078,rest
94.7715,170953,rest
94.7755,171205,rest
94.7810,171414,rest
94.7838,71283,rest
94.7882,170715,rest
94.7926,171034,rest
94.7960,171208,rest
94.8001,71274,rest
94.8045,170645,rest
94.8090,171175,rest
94.8123,171171,rest
94.8182,7135,rest
94.8215,171337,rest
94.8262,171337,rest
94.8291,170884,rest
94.8330,393,rest
94.8375,170969,rest
94.8438,170935,rest
94.8452,171373,rest
94.8496,198,rest
94.8538,171329,rest
94.8581,170888,rest
94.8620,170958,rest
94.8656,170762,rest
94.8699,170743,rest
94.8738,171140,rest
94.8778,171076,rest
94.8820,171417,rest
94.8833,1,rest
94.8864,71349,rest
94.8880,1705,rest
94.8902,65,rest
94.8918,171260,rest
94.8943,171232,rest
94.8985,171228,rest
94.9031,171185,rest
94.9065,170972,rest
94.9106,171049,rest
94.9147,171387,rest
94.9192,170505,rest
94.9229,171314,rest
94.9270,171177,rest
94.9312,170925,rest
94.9356,170866,rest
94.9393,171151,rest
94.9434,171251,rest
94.9475,171201,rest
94.9519,171211,rest
94.9557,170764,rest
94.9598,170919,rest
94.9639,171293,rest
94.9692,170751,rest
94.9721,171036,rest
94.9762,171288,rest
94.9803,171152,rest
94.9848,170904,rest
94.9884,170951,rest
94.9926,171210,rest
94.9967,171494,rest
95.0012,171250,rest
95.0049,171518,rest
95.0089,170959,rest
95.0102,1,rest
95.0131,71218,rest
95.0145,1710,rest
95.0172,51,rest
95.0189,171207,rest
95.0212,170996,rest
95.0253,171301,rest
95.0294,171278,rest
95.0336,71226,rest
95.0377,170884,rest
95.0421,170740,rest
95.0458,171262,rest
95.0514,70,rest
95.0542,171552,rest
95.0582,171211,rest
95.0621,170794,rest
95.0676,7,rest
95.0706,170760,rest
95.0745,171307,rest
95.0786,170776,rest
95.0829,103,rest
95.0882,170898,rest
95.0915,171380,rest
95.0950,171071,rest
95.0994,1765,rest
95.1033,171048,rest
95.1083,170697,rest
95.1114,170676,rest
95.1155,170646,rest
95.1199,170945,rest
95.1236,170797,rest
95.1277,170558,rest
95.1318,170561,rest
95.1365,170751,rest
95.1382,1,rest
95.1400,70728,rest
95.1411,1711,rest
95.1441,01,rest
95.1452,171427,rest
95.1482,171283,rest
95.1527,171356,rest
95.1566,170966,rest
95.1604,170999,rest
95.1647,171044,rest
95.1695,171468,rest
95.1728,171413,rest
95.1768,171061,rest
95.1810,171007,rest
95.1860,171307,rest
95.1891,171632,rest
95.1932,171331,rest
95.1974,171144,rest
95.2023,171055,rest
95.2055,171113,rest
95.2096,171161,rest
95.2140,171010,rest
95.2182,171196,rest
95.2219,170829,rest
95.2260,171415,rest
95.2301,170904,rest
95.2351,171274,rest
95.2383,170929,rest
95.2429,171547,rest
95.2465,171695,rest
95.2507,71683,rest
95.2552,171360,rest
95.2588,170721,rest
95.2629,171410,rest
95.2642,1,rest
95.2673,71168,rest
95.2685,1718,rest
95.2711,42,rest
95.2724,171550,rest
95.2752,171304,rest
95.2792,171118,rest
95.2835,7108,rest
95.2879,171053,rest
95.2918,171468,rest
95.2958,171324,rest
95.3000,7812,rest
95.3042,171361,rest
95.3089,171120,rest
95.3120,171012,rest
95.3163,07,rest
95.3209,170590,rest
95.3249,171451,rest
95.3295,170942,rest
95.3327,11,rest
95.3368,170710,rest
95.3418,171212,rest
95.3449,171116,rest
95.3505,180,rest
95.3541,171323,rest
95.3574,170613,rest
95.3612,171287,rest
95.3656,171287,rest
95.3698,171285,rest
95.3735,170771,rest
95.3775,171031,rest
95.3817,171210,rest
95.3858,170731,rest
95.3899,171204,rest
95.3911,1,rest
95.3940,70656,rest
95.3955,171,rest
95.3981,301,rest
95.3997,171644,rest
95.4024,171241,rest
95.4062,171351,rest
95.4103,170488,rest
95.4144,170952,rest
95.4189,171061,rest
95.4226,171309,rest
95.4267,171326,rest
95.4310,171480,rest
95.4354,170645,rest
95.4390,171569,rest
95.4431,171426,rest
95.4474,171197,rest
95.4515,171322,rest
95.4554,171218,rest
95.4595,171102,rest
95.4637,171334,rest
95.4680,170871,rest
95.4718,170815,rest
95.4759,170806,rest
95.4799,171126,rest
95.4845,171264,rest
95.4881,171062,rest
95.4922,171278,rest
95.4964,171463,rest
95.5006,70910,rest
95.5047,171234,rest
95.5097,171108,rest
95.5127,170785,rest
95.5185,7921,rest
95.5215,171028,rest
95.5229,171,rest
95.5257,113,rest
95.5275,171259,rest
95.5293,170736,rest
95.5348,78,rest
95.5386,170864,rest
95.5420,171664,rest
95.5464,170935,rest
95.5511,71,rest
95.5539,171129,rest
95.5587,170923,rest
95.5621,171133,rest
95.5661,70,rest
95.5702,171268,rest
95.5750,171131,rest
95.5798,170859,rest
95.5839,70,rest
95.5877,171118,rest
95.5905,171042,rest
95.5946,170420,rest
95.5992,170698,rest
95.6028,171033,rest
95.6069,170847,rest
95.6111,171448,rest
95.6152,70898,rest
95.6207,170737,rest
95.6238,171207,rest
95.6274,170715,rest
95.6317,70,rest
95.6359,170641,rest
95.6399,171136,rest
95.6438,170744,rest
95.6497,1710411,rest
95.6535,25,rest
95.6549,171199,rest
95.6564,170973,rest
95.6602,171055,rest
95.6645,171270,rest
95.6685,171189,rest
95.6725,170488,rest
95.6765,170665,rest
95.6809,170732,rest
95.6853,170850,rest
95.6888,170580,rest
95.6929,171021,rest
95.6973,170677,rest
95.7015,171393,rest
95.7055,170654,rest
95.7093,171017,rest
95.7135,171304,rest
95.7176,171005,rest
95.7216,171046,rest
95.7257,171163,rest
95.7298,171457,rest
95.7350,170528,rest
95.7380,170638,rest
95.7421,170829,rest
95.7462,170086,rest
95.7507,170320,rest
95.7544,170698,rest
95.7584,171125,rest
95.7626,170700,rest
95.7668,7033,rest
95.7724,171061,rest
95.7754,170946,rest
95.7765,17,rest
95.7791,0759,rest
95.7802,17047,rest
95.7834,1025,rest
95.7873,170523,rest
95.7939,170501,rest
95.7953,170966,rest
95.8012,70,rest
95.8038,170548,rest
95.8086,170618,rest
95.8117,170817,rest
95.8159,663,rest
95.8214,171124,rest
95.8250,170884,rest
95.8281,170081,rest
95.8324,699,rest
95.8367,171113,rest
95.8410,170852,rest
95.8445,171373,rest
95.8490,189,rest
95.8530,170822,rest
95.8568,170578,rest
95.8609,170785,rest
95.8650,170597,rest
95.8693,170779,rest
95.8732,170833,rest
95.8772,170961,rest
95.8814,170672,rest
95.8859,170702,rest
95.8895,170585,rest
95.8936,170443,rest
95.8977,170285,rest
95.9029,170712,rest
95.9034,17,rest
95.9059,0995,rest
95.9070,17080,rest
95.9101,1,rest
95.9102,171467,rest
95.9141,170966,rest
95.9192,170506,rest
95.9223,171041,rest
95.9264,170493,rest
95.9305,170813,rest
95.9352,170956,rest
95.9387,170669,rest
95.9428,170838,rest
95.9470,170558,rest
95.9520,170930,rest
95.9551,170611,rest
95.9591,170969,rest
95.9633,171453,rest
95.9686,170770,rest
95.9715,171004,rest
95.9755,171315,rest
95.9797,170745,rest
95.9843,170362,rest
95.9878,170876,rest
95.9919,170675,rest
95.9961,170384,rest
96.0006,171194,rest
96.0044,170503,rest
96.0083,170938,rest
96.0124,170995,rest
96.0175,170294,rest
96.0206,170396,rest
96.0247,170922,rest
96.0289,171266,rest
96.0308,17,rest
96.0349,8707,rest
96.0386,170715,rest
96.0418,170761,rest
96.0452,170856,rest
96.0509,7,rest
96.0535,170837,rest
96.0576,171159,rest
96.0616,170647,rest
96.0672,793,rest
96.0699,170192,rest
96.0739,170915,rest
96.0779,170260,rest
96.0824,7,rest
96.0873,170828,rest
96.0915,170397,rest
96.0949,170949,rest
96.0987,772,rest
96.1028,171287,rest
96.1070,170503,rest
96.1107,170369,rest
96.1148,170724,rest
96.1198,171405,rest
96.1230,170864,rest
96.1271,171078,rest
96.1312,170739,rest
96.1358,170798,rest
96.1394,170680,rest
96.1435,171275,rest
96.1476,170980,rest
96.1525,171296,rest
96.1558,170906,rest
96.1570,17,rest
96.1599,0843,rest
96.1609,1710,rest
96.1640,71,rest
96.1653,170781,rest
96.1685,171086,rest
96.1722,170978,rest
96.1762,171198,rest
96.1805,171343,rest
96.1849,170920,rest
96.1885,170646,rest
96.1926,171344,rest
96.1969,170764,rest
96.2015,170612,rest
96.2049,170896,rest
96.2091,171379,rest
96.2133,170944,rest
96.2175,170631,rest
96.2213,170613,rest
96.2254,170379,rest
96.2295,170476,rest
96.2338,170949,rest
96.2377,170925,rest
96.2419,170857,rest
96.2459,171157,rest
96.2500,71270,rest
96.2548,171079,rest
96.2583,170862,rest
96.2623,170482,rest
96.2664,170893,rest
96.2709,171034,rest
96.2745,170857,rest
96.2787,171076,rest
96.2844,1,rest
96.2876,0859,rest
96.2887,1710,rest
96.2913,48,rest
96.2933,170950,rest
96.2951,170496,rest
96.2993,7086,rest
96.3036,170483,rest
96.3082,171240,rest
96.3114,170780,rest
96.3177,713,rest
96.3208,170654,rest
96.3244,171198,rest
96.3278,171002,rest
96.3320,170750,rest
96.3369,171085,rest
96.3401,170684,rest
96.3442,170691,rest
96.3483,170967,rest
96.3526,171101,rest
96.3565,170853,rest
96.3605,171178,rest
96.3648,170514,rest
96.3697,170877,rest
96.3729,171388,rest
96.3769,170659,rest
96.3811,170623,rest
96.3861,170820,rest
96.3892,170928,rest
96.3933,171796,rest
96.3975,170416,rest
96.4018,170572,rest
96.4056,170856,rest
96.4097,171049,rest
96.4111,1,rest
96.4139,70861,rest
96.4157,1706,rest
96.4186,54,rest
96.4202,170980,rest
96.4220,171140,rest
96.4261,170886,rest
96.4302,170448,rest
96.4346,170667,rest
96.4384,171518,rest
96.4425,170610,rest
96.4467,170641,rest
96.4510,171285,rest
96.4548,171317,rest
96.4588,171135,rest
96.4631,170863,rest
96.4683,707,rest
96.4714,170933,rest
96.4758,171021,rest
96.4794,170890,rest
96.4837,170938,rest
96.4875,171610,rest
96.4916,170865,rest
96.4963,170691,rest
96.5055,171343,rest
96.5089,170868,rest
96.5121,171003,rest
96.5166,170937,rest
96.5206,171176,rest
96.5244,171620,rest
96.5287,171344,rest
96.5330,170754,rest
96.5367,171259,rest
96.5408,171086,rest
96.5419,170,rest
96.5449,709,rest
96.5464,171047,rest
96.5491,170698,rest
96.5535,171741,rest
96.5571,171283,rest
96.5612,170883,rest
96.5670,7119,rest
96.5698,170839,rest
96.5738,170995,rest
96.5776,170972,rest
96.5828,710,rest
96.5865,170464,rest
96.5902,171115,rest
96.5941,171115,rest
96.5999,10,rest
96.6032,171110,rest
96.6075,170874,rest
96.6104,170941,rest
96.6148,171006,rest
96.6188,170979,rest
96.6227,170811,rest
96.6268,171023,rest
96.6310,170793,rest
96.6357,170971,rest
96.6391,170969,rest
96.6432,170795,rest
96.6473,171053,rest
96.6520,171050,rest
96.6555,171171,rest
96.6596,171079,rest
96.6638,171421,rest
96.6680,170977,rest
96.6700,170,rest
96.6719,772,rest
96.6734,170817,rest
96.6760,171264,rest
96.6801,170574,rest
96.6848,170898,rest
96.6882,170992,rest
96.6923,171279,rest
96.6965,170998,rest
96.7009,171155,rest
96.7046,170755,rest
96.7087,170588,rest
96.7129,171176,rest
96.7175,171027,rest
96.7210,171620,rest
96.7251,171186,rest
96.7292,171047,rest
96.7345,171404,rest
96.7374,170846,rest
96.7415,170991,rest
96.7456,170943,rest
96.7498,7086,rest
96.7540,170763,rest
96.7581,171566,rest
96.7620,170902,rest
96.7662,71278,rest
96.7705,170492,rest
96.7744,171200,rest
96.7785,171480,rest
96.7825,70957,rest
96.7870,171350,rest
96.7907,170787,rest
96.7950,171286,rest
96.7969,170,rest
96.8009,5117,rest
96.8034,170949,rest
96.8083,171696,rest
96.8113,170646,rest
96.8166,711,rest
96.8195,170873,rest
96.8234,171008,rest
96.8275,171071,rest
96.8318,2,rest
96.8367,170846,rest
96.8406,170670,rest
96.8439,170989,rest
96.8488,171346,rest
96.8521,171503,rest
96.8562,170729,rest
96.8603,170622,rest
96.8645,171030,rest
96.8694,171205,rest
96.8725,170764,rest
96.8766,171161,rest
96.8809,171389,rest
96.8860,171084,rest
96.8889,171098,rest
96.8931,170982,rest
96.8972,170843,rest
96.9018,170814,rest
96.9053,170993,rest
96.9094,171098,rest
96.9136,170773,rest
96.9178,171217,rest
96.9217,171131,rest
96.9232,17,rest
96.9258,1225,rest
96.9270,17123,rest
96.9299,7,rest
96.9300,171013,rest
96.9343,171278,rest
96.9381,171443,rest
96.9422,171391,rest
96.9468,170960,rest
96.9504,171353,rest
96.9549,170975,rest
96.9635,171212,rest
96.9637,171338,rest
96.9684,171900,rest
96.9755,171040,rest
96.9761,171123,rest
96.9792,171637,rest
96.9841,171489,rest
96.9893,71152,rest
96.9917,171262,rest
96.9968,170909,rest
96.9996,170953,rest
97.0061,171220,rest
97.0083,171315,rest
97.0133,171642,rest
97.0160,171173,rest
97.0212,171174,rest
97.0242,171290,rest
97.0283,171346,rest
97.0333,74,rest
97.0394,171652,rest
97.0411,171866,rest
97.0446,171391,rest
97.0488,71395,rest
97.0500,17,rest
97.0546,835,rest
97.0569,171611,rest
97.0570,171366,rest
97.0610,171480,rest
97.0653,12,rest
97.0709,712,rest
97.0732,171678,rest
97.0787,171130,rest
97.0815,171443,rest
97.0856,171252,rest
97.0897,171539,rest
97.0938,171202,rest
97.1034,171191,rest
97.1062,170833,rest
97.1101,171611,rest
97.1143,171775,rest
97.1184,171416,rest
97.1225,170998,rest
97.1265,172093,rest
97.1307,171295,rest
97.1351,171360,rest
97.1388,171332,rest
97.1429,171260,rest
97.1470,171163,rest
97.1516,171239,rest
97.1552,171516,rest
97.1592,171804,rest
97.1634,171276,rest
97.1685,170870,rest
97.1717,171572,rest
97.1757,171113,rest
97.1774,17,rest
97.1799,1247,rest
97.1811,1714,rest
97.1848,62,rest
97.1863,171622,rest
97.1880,170944,rest
97.1922,171285,rest
97.1963,171178,rest
97.2006,171185,rest
97.2043,171171,rest
97.2084,171560,rest
97.2126,171353,rest
97.2170,170465,rest
97.2207,171491,rest
97.2248,171152,rest
97.2290,171439,rest
97.2330,71246,rest
97.2396,171531,rest
97.2426,171157,rest
97.2456,171822,rest
97.2496,72,rest
97.2543,171009,rest
97.2578,171124,rest
97.2623,170955,rest
97.2673,71081,rest
97.2699,170774,rest
97.2739,171129,rest
97.2781,171691,rest
97.2823,728,rest
97.2863,170993,rest
97.2907,171661,rest
97.2944,171202,rest
97.2985,71153,rest
97.3033,171241,rest
97.3055,1,rest
97.3068,71244,rest
97.3085,1711,rest
97.3108,24,rest
97.3122,171377,rest
97.3160,171364,rest
97.3191,171140,rest
97.3231,171084,rest
97.3272,171060,rest
97.3316,187,rest
97.3357,171402,rest
97.3398,171148,rest
97.3437,171965,rest
97.3478,17163,rest
97.3534,171265,rest
97.3566,171707,rest
97.3600,171799,rest
97.3665,171151,rest
97.3683,171514,rest
97.3723,170673,rest
97.3764,171360,rest
97.3805,171782,rest
97.3850,171232,rest
97.3886,171633,rest
97.3927,171239,rest
97.3970,171452,rest
97.4019,171587,rest
97.4052,171378,rest
97.4092,171531,rest
97.4133,171184,rest
97.4179,171266,rest
97.4215,171376,rest
97.4256,171186,rest
97.4298,171129,rest
97.4310,1,rest
97.4342,71296,rest
97.4354,171,rest
97.4378,346,rest
97.4392,171179,rest
97.4420,171047,rest
97.4461,171286,rest
97.4506,171105,rest
97.4542,171387,rest
97.4583,171435,rest
97.4626,171180,rest
97.4666,171511,rest
97.4705,170854,rest
97.4746,171899,rest
97.4787,171382,rest
97.4833,171093,rest
97.4870,171300,rest
97.4912,171692,rest
97.4951,171386,rest
97.4996,171699,rest
97.5034,171455,rest
97.5075,171386,rest
97.5116,171514,rest
97.5172,177,rest
97.5199,171343,rest
97.5239,171017,rest
97.5280,171538,rest
97.5322,7142,rest
97.5403,170992,rest
97.5407,171335,rest
97.5444,171270,rest
97.5526,171691,rest
97.5579,171484,rest
97.5607,171633,rest
97.5618,171,rest
97.5649,75,rest
97.5665,17182,rest
97.5693,171470,rest
97.5734,171551,rest
97.5771,171198,rest
97.5813,7148,rest
97.5865,171146,rest
97.5894,171086,rest
97.5935,170770,rest
97.5995,1,rest
97.6034,171133,rest
97.6057,171606,rest
97.6098,171395,rest
97.6141,171130,rest
97.6185,170874,rest
97.6221,171084,rest
97.6261,171233,rest
97.6303,171370,rest
97.6348,171394,rest
97.6385,171609,rest
97.6426,171042,rest
97.6468,171157,rest
97.6513,171028,rest
97.6548,171290,rest
97.6589,171765,rest
97.6631,171117,rest
97.6679,171420,rest
97.6713,170684,rest
97.6754,171772,rest
97.6795,171712,rest
97.6844,170837,rest
97.6877,170860,rest
97.6889,171,rest
97.6917,342,rest
97.6933,171456,rest
97.6960,171389,rest
97.7002,170740,rest
97.7041,171156,rest
97.7081,171579,rest
97.7123,171312,rest
97.7169,171555,rest
97.7204,171110,rest
97.7245,171392,rest
97.7286,171220,rest
97.7343,170987,rest
97.7368,171568,rest
97.7409,171298,rest
97.7450,171024,rest
97.7494,171381,rest
97.7535,171356,rest
97.7572,171046,rest
97.7614,171296,rest
97.7670,71,rest
97.7697,170769,rest
97.7736,171237,rest
97.7777,171299,rest
97.7828,171749,rest
97.7859,171327,rest
97.7901,171189,rest
97.7941,171334,rest
97.7984,71,rest
97.8036,171234,rest
97.8065,170526,rest
97.8105,171394,rest
97.8148,7136,rest
97.8163,1,rest
97.8204,190,rest
97.8229,171649,rest
97.8230,171287,rest
97.8269,171234,rest
97.8324,9,rest
97.8374,171360,rest
97.8392,171569,rest
97.8433,171196,rest
97.8484,174,rest
97.8527,170911,rest
97.8556,171489,rest
97.8596,171786,rest
97.8638,171248,rest
97.8682,171406,rest
97.8719,172000,rest
97.8761,171810,rest
97.8801,171310,rest
97.8845,171340,rest
97.8883,170919,rest
97.8924,171470,rest
97.8965,171171,rest
97.9016,171841,rest
97.9047,170972,rest
97.9088,171264,rest
97.9131,171048,rest
97.9178,171463,rest
97.9211,171777,rest
97.9252,171420,rest
97.9293,171462,rest
97.9337,171292,rest
97.9375,171262,rest
97.9416,171246,rest
97.9429,17,rest
97.9457,1365,rest
97.9473,17097,rest
97.9499,1,rest
97.9501,171352,rest
97.9538,171215,rest
97.9579,171465,rest
97.9623,171348,rest
97.9672,171540,rest
97.9702,171127,rest
97.9743,171111,rest
97.9788,171043,rest
97.9837,171103,rest
97.9866,172288,rest
97.9907,171080,rest
97.9948,171427,rest
97.9999,171053,rest
98.0031,171286,rest
98.0071,170811,rest
98.0112,171235,rest
98.0154,171165,rest
98.0194,171203,rest
98.0235,170979,rest
98.0277,171092,rest
98.0329,715,rest
98.0372,171138,rest
98.0399,170969,rest
98.0439,170905,rest
98.0522,170760,rest
98.0563,171544,rest
98.0604,170960,rest
98.0646,71421,rest
98.0692,171365,rest
98.0713,17,rest
98.0727,1166,rest
98.0739,1712,rest
98.0768,92,rest
98.0784,171207,rest
98.0829,171198,rest
98.0849,171301,rest
98.0891,171753,rest
98.0931,171539,rest
98.0975,117,rest
98.1017,171088,rest
98.1059,171477,rest
98.1095,171024,rest
98.1137,170883,rest
98.1177,171134,rest
98.1218,170931,rest
98.1259,171339,rest
98.1300,171204,rest
98.1342,170973,rest
98.1382,171160,rest
98.1423,170981,rest
98.1464,171404,rest
98.1510,170811,rest
98.1546,171455,rest
98.1587,170822,rest
98.1628,171408,rest
98.1675,171029,rest
98.1709,171560,rest
98.1751,171360,rest
98.1793,171090,rest
98.1844,170663,rest
98.1873,171457,rest
98.1914,171123,rest
98.1957,170798,rest
98.1970,1,rest
98.1997,70923,rest
98.2015,1713,rest
98.2037,14,rest
98.2047,171398,rest
98.2079,171208,rest
98.2119,170867,rest
98.2164,170972,rest
98.2201,171189,rest
98.2242,170830,rest
98.2283,171192,rest
98.2329,171152,rest
98.2365,171144,rest
98.2406,171102,rest
98.2447,171321,rest
98.2489,710,rest
98.2531,171100,rest
98.2581,171097,rest
98.2616,170748,rest
98.2655,171229,rest
98.2693,171346,rest
98.2733,171355,rest
98.2775,171211,rest
98.2817,171539,rest
98.2856,170495,rest
98.2897,171453,rest
98.2938,171129,rest
98.2992,70,rest
98.3023,171311,rest
98.3061,171274,rest
98.3102,171328,rest
98.3156,171594,rest
98.3184,171887,rest
98.3225,171660,rest
98.3266,171455,rest
98.3282,170,rest
98.3321,20156,rest
98.3359,171344,rest
98.3396,170732,rest
98.3430,171326,rest
98.3474,17504,rest
98.3527,171434,rest
98.3557,171250,rest
98.3594,171459,rest
98.3635,171761,rest
98.3678,171532,rest
98.3716,171391,rest
98.3757,171740,rest
98.3799,171342,rest
98.3841,171679,rest
98.3881,171582,rest
98.3921,171022,rest
98.3963,171279,rest
98.4009,171451,rest
98.4044,171557,rest
98.4085,171307,rest
98.4127,171275,rest
98.4175,171252,rest
98.4208,171449,rest
98.4249,171157,rest
98.4290,171150,rest
98.4333,171055,rest
98.4372,171672,rest
98.4413,171110,rest
98.4456,171800,rest
98.4508,171580,rest
98.4523,1,rest
98.4536,71247,rest
98.4546,171,rest
98.4577,782,rest
98.4591,171352,rest
98.4620,171294,rest
98.4669,171406,rest
98.4699,171061,rest
98.4741,171122,rest
98.4782,171592,rest
98.4827,171273,rest
98.4863,170927,rest
98.4904,170816,rest
98.4950,170850,rest
98.4988,714,rest
98.5029,171699,rest
98.5100,171211,rest
98.5109,171022,rest
98.5151,71530,rest
98.5200,171743,rest
98.5239,170962,rest
98.5274,171295,rest
98.5314,71070,rest
98.5361,171347,rest
98.5406,171241,rest
98.5442,171416,rest
98.5498,7139,rest
98.5521,171363,rest
98.5559,171483,rest
98.5601,171341,rest
98.5655,72004,rest
98.5684,171166,rest
98.5730,171057,rest
98.5764,171085,rest
98.5807,7066,rest
98.5846,329,rest
98.5858,171484,rest
98.5888,171701,rest
98.5928,171424,rest
98.5988,171,rest
98.6027,171458,rest
98.6052,171382,rest
98.6092,171001,rest
98.6135,171538,rest
98.6179,171628,rest
98.6215,170917,rest
98.6266,171102,rest
98.6297,171583,rest
98.6341,171684,rest
98.6389,171254,rest
98.6420,171418,rest
98.6461,170920,rest
98.6509,171385,rest
98.6543,171351,rest
98.6583,171477,rest
98.6625,171382,rest
98.6671,171181,rest
98.6706,171015,rest
98.6747,171277,rest
98.6789,170970,rest
98.6836,171096,rest
98.6871,170918,rest
98.6911,170971,rest
98.6955,171627,rest
98.7002,171406,rest
98.7035,170868,rest
98.7076,171176,rest
98.7092,17,rest
98.7118,1178,rest
98.7137,17061,rest
98.7158,2,rest
98.7162,171056,rest
98.7199,170428,rest
98.7239,170753,rest
98.7280,170935,rest
98.7328,171230,rest
98.7363,170620,rest
98.7404,171005,rest
98.7444,171344,rest
98.7491,170960,rest
98.7526,171472,rest
98.7566,170903,rest
98.7607,170936,rest
98.7657,171514,rest
98.7694,171528,rest
98.7731,170876,rest
98.7771,171159,rest
98.7812,71664,rest
98.7862,171200,rest
98.7901,171288,rest
98.7935,171116,rest
98.7985,170826,rest
98.8026,170953,rest
98.8058,171027,rest
98.8099,171466,rest
98.8142,739,rest
98.8185,170850,rest
98.8225,171358,rest
98.8263,171071,rest
98.8316,71573,rest
98.8347,171336,rest
98.8359,17,rest
98.8388,1334,rest
98.8403,17172,rest
98.8426,4,rest
98.8427,171014,rest
98.8468,171284,rest
98.8515,171386,rest
98.8550,171344,rest
98.8591,171445,rest
98.8644,1705,rest
98.8689,171811,rest
98.8717,171046,rest
98.8754,171279,rest
98.8796,170635,rest
98.8842,171210,rest
98.8877,171247,rest
98.8918,171235,rest
98.8960,170996,rest
98.9004,171067,rest
98.9043,170877,rest
98.9082,171496,rest
98.9125,171077,rest
98.9168,171596,rest
98.9205,171189,rest
98.9246,171255,rest
98.9287,171015,rest
98.9334,170860,rest
98.9370,171751,rest
98.9410,171053,rest
98.9451,170454,rest
98.9510,171375,rest
98.9533,171255,rest
98.9573,171229,rest
98.9616,170717,rest
98.9627,17,rest
98.9662,1294,rest
98.9680,17099,rest
98.9696,4,rest
98.9697,171172,rest
98.9737,170950,rest
98.9778,171492,rest
98.9824,170599,rest
98.9861,171177,rest
98.9902,171250,rest
98.9942,171193,rest
98.9991,171054,rest
99.0031,171586,rest
99.0065,171417,rest
99.0108,171099,rest
99.0151,171300,rest
99.0188,171197,rest
99.0229,171238,rest
99.0271,171312,rest
99.0327,78,rest
99.0356,171240,rest
99.0393,171278,rest
99.0434,171476,rest
99.0476,714,rest
99.0529,171489,rest
99.0561,171357,rest
99.0598,171229,rest
99.0641,7077,rest
99.0687,171520,rest
99.0726,171654,rest
99.0769,170831,rest
99.0815,171,rest
99.0848,171504,rest
99.0884,170896,rest
99.0898,17,rest
99.0925,1048,rest
99.0936,1713,rest
99.0967,78,rest
99.0982,1775,rest
99.1011,171279,rest
99.1049,170888,rest
99.1096,171214,rest
99.1131,171365,rest
99.1173,171337,rest
99.1211,171413,rest
99.1253,171213,rest
99.1294,171129,rest
99.1341,171216,rest
99.1376,170940,rest
99.1416,171257,rest
99.1459,171101,rest
99.1501,170583,rest
99.1540,171204,rest
99.1581,170957,rest
99.1622,171319,rest
99.1666,171061,rest
99.1704,171372,rest
99.1744,170876,rest
99.1786,171223,rest
99.1833,171426,rest
99.1867,170874,rest
99.1908,170761,rest
99.1950,171154,rest
99.2001,171532,rest
99.2031,171352,rest
99.2072,171645,rest
99.2115,171004,rest
99.2159,171454,rest
99.2172,1,rest
99.2195,71089,rest
99.2206,1708,rest
99.2236,52,rest
99.2248,171298,rest
99.2277,170659,rest
99.2335,170839,rest
99.2359,171165,rest
99.2400,170793,rest
99.2441,171242,rest
99.2502,7,rest
99.2527,171251,rest
99.2563,171273,rest
99.2605,170808,rest
99.2651,171360,rest
99.2687,171301,rest
99.2727,171092,rest
99.2768,171073,rest
99.2826,7083,rest
99.2851,171070,rest
99.2891,170758,rest
99.2932,171433,rest
99.2974,7136,rest
99.3016,171049,rest
99.3063,171177,rest
99.3097,171434,rest
99.3138,70976,rest
99.3193,171264,rest
99.3222,171246,rest
99.3260,171081,rest
99.3302,71527,rest
99.3344,171288,rest
99.3387,171460,rest
99.3424,171085,rest
99.3434,1,rest
99.3466,535,rest
99.3478,115,rest
99.3519,0,rest
99.3540,170981,rest
99.3563,171563,rest
99.3593,171354,rest
99.3649,1789,rest
99.3675,170791,rest
99.3711,171172,rest
99.3751,171368,rest
99.3793,170475,rest
99.3833,171428,rest
99.3874,171076,rest
99.3915,171135,rest
99.3956,170951,rest
99.4002,171333,rest
99.4038,170800,rest
99.4079,171156,rest
99.4120,170602,rest
99.4171,170940,rest
99.4201,171074,rest
99.4242,171044,rest
99.4285,170914,rest
99.4334,170995,rest
99.4366,170862,rest
99.4407,171524,rest
99.4451,170736,rest
99.4496,171303,rest
99.4529,171365,rest
99.4571,171366,rest
99.4614,171123,rest
99.4662,171668,rest
99.4693,171145,rest
99.4734,171481,rest
99.4747,170,rest
99.4777,960,rest
99.4791,171328,rest
99.4819,170791,rest
99.4857,170499,rest
99.4898,170572,rest
99.4939,170969,rest
99.4994,170847,rest
99.5021,170760,rest
99.5062,171227,rest
99.5103,171162,rest
99.5151,171235,rest
99.5186,171005,rest
99.5227,170944,rest
99.5269,170948,rest
99.5326,75,rest
99.5350,171525,rest
99.5391,171356,rest
99.5431,171276,rest
99.5474,7148,rest
99.5519,170724,rest
99.5562,171150,rest
99.5594,170733,rest
99.5646,7,rest
99.5678,170916,rest
99.5724,171764,rest
99.5759,171327,rest
99.5811,708,rest
99.5842,171109,rest
99.5882,171730,rest
99.5923,171111,rest
99.5968,713,rest
99.6006,170813,rest
99.6021,171,rest
99.6048,145,rest
99.6066,17152,rest
99.6086,0,rest
99.6087,171322,rest
99.6129,170942,rest
99.6170,170555,rest
99.6210,171817,rest
99.6251,171336,rest
99.6304,71,rest
99.6337,171058,rest
99.6385,171268,rest
99.6414,171256,rest
99.6456,7130,rest
99.6512,171359,rest
99.6540,171499,rest
99.6577,170952,rest
99.6623,711,rest
99.6666,171195,rest
99.6707,171432,rest
99.6741,171102,rest
99.6784,171000,rest
99.6827,171706,rest
99.6864,171256,rest
99.6905,171512,rest
99.6950,171302,rest
99.6993,171138,rest
99.7029,170935,rest
99.7069,171514,rest
99.7111,171436,rest
99.7161,170835,rest
99.7192,171349,rest
99.7233,170817,rest
99.7276,171180,rest
99.7291,17,rest
99.7316,1172,rest
99.7341,17090,rest
99.7355,7,rest
99.7356,170908,rest
99.7397,170968,rest
99.7438,170529,rest
99.7483,171304,rest
99.7520,171071,rest
99.7561,171206,rest
99.7602,171317,rest
99.7644,71102,rest
99.7686,170740,rest
99.7729,170506,rest
99.7767,171127,rest
99.7808,71305,rest
99.7850,171284,rest
99.7888,170896,rest
99.7930,171292,rest
99.7972,749,rest
99.8018,170813,rest
99.8054,171130,rest
99.8094,171483,rest
99.8135,717,rest
99.8179,171071,rest
99.8221,171118,rest
99.8258,170508,rest
99.8316,78,rest
99.8368,170566,rest
99.8380,170888,rest
99.8422,170749,rest
99.8463,171012,rest
99.8504,170790,rest
99.8545,170637,rest
99.8560,17,rest
99.8585,1362,rest
99.8598,17102,rest
99.8626,3,rest
99.8628,170931,rest
99.8670,171294,rest
99.8708,170945,rest
99.8749,170561,rest
99.8789,171061,rest
99.8837,170976,rest
99.8872,171035,rest
99.8913,171319,rest
99.8954,171191,rest
99.8996,170900,rest
99.9036,171254,rest
99.9077,171357,rest
99.9117,171335,rest
99.9162,171320,rest
99.9200,171104,rest
99.9241,171219,rest
99.9283,171170,rest
99.9329,170840,rest
99.9364,171213,rest
99.9404,171271,rest
99.9446,170940,rest
99.9498,170947,rest
99.9526,171562,rest
99.9568,171240,rest
99.9610,170836,rest
99.9667,171291,rest
99.9747,171081,rest
99.9748,170962,rest
99.9774,170813,rest
99.9819,718,rest
99.9874,1370,rest
99.9889,1712,rest
99.9907,14,rest
99.9933,170911,rest
99.9937,171193,rest
99.9991,179,rest
100.0018,170953,rest
100.0060,170850,rest
100.0100,170835,rest
100.0157,17111,rest
100.0182,171600,rest
100.0224,170811,rest
100.0265,171159,rest
100.0320,7089,rest
100.0352,171274,rest
100.0389,170983,rest
100.0431,170958,rest
100.0471,71281,rest
100.0517,170992,rest
100.0563,170909,rest
100.0592,171234,rest
100.0645,7106,rest
100.0678,170987,rest
100.0725,171496,rest
100.0757,171714,rest
100.0800,106,rest
100.0838,7079,rest
100.0894,711,rest
100.0927,171163,rest
100.0964,170568,rest
100.1001,171142,rest
100.1043,171072,rest
100.1084,171111,rest
100.1099,1,rest
100.1128,79,rest
100.1151,19,rest
100.1169,38,rest
100.1183,171006,rest
100.1207,171286,rest
100.1247,170910,rest
100.1288,170853,rest
100.1334,170901,rest
100.1369,171285,rest
100.1411,171263,rest
100.1453,170930,rest
100.1502,171240,rest
100.1533,171040,rest
100.1574,170756,rest
100.1616,170781,rest
100.1658,170967,rest
100.1697,171364,rest
100.1738,171153,rest
100.1781,171539,rest
100.1825,171283,rest
100.1861,171068,rest
100.1902,171090,rest
100.1945,171034,rest
100.1993,170887,rest
100.2025,171197,rest
100.2067,170862,rest
100.2108,170816,rest
100.2155,171574,rest
100.2189,171249,rest
100.2229,170901,rest
100.2272,171075,rest
100.2317,171048,rest
100.2353,171369,rest
100.2366,1,rest
100.2394,70978,rest
100.2406,1708,rest
100.2434,50,rest
100.2451,171057,rest
100.2484,170903,rest
100.2516,171265,rest
100.2563,171475,rest
100.2599,171022,rest
100.2655,1,rest
100.2681,170656,rest
100.2721,171418,rest
100.2763,171087,rest
100.2818,71196,rest
100.2863,171075,rest
100.2885,170889,rest
100.2926,171358,rest
100.2969,713,rest
100.3009,171225,rest
100.3052,171322,rest
100.3090,170795,rest
100.3148,7072,rest
100.3174,170794,rest
100.3218,171110,rest
100.3254,171581,rest
100.3307,7122,rest
100.3348,170575,rest
100.3378,170662,rest
100.3418,171525,rest
100.3461,10,rest
100.3508,171301,rest
100.3544,171112,rest
100.3581,171511,rest
100.3626,1713,rest
100.3668,170997,rest
100.3691,171,rest
100.3708,358,rest
100.3721,170927,rest
100.3746,171081,rest
100.3786,171562,rest
100.3828,171195,rest
100.3868,170945,rest
100.3909,171325,rest
100.3950,171081,rest
100.3995,171330,rest
100.4032,171346,rest
100.4073,171072,rest
100.4114,170826,rest
100.4158,171402,rest
100.4196,171472,rest
100.4236,171201,rest
100.4278,171216,rest
100.4330,171020,rest
100.4360,170970,rest
100.4401,171182,rest
100.4443,170665,rest
100.4484,170909,rest
100.4523,171268,rest
100.4564,170854,rest
100.4607,171075,rest
100.4658,170874,rest
100.4687,171385,rest
100.4728,171447,rest
100.4769,170954,rest
100.4816,170869,rest
100.4851,170983,rest
100.4892,171200,rest
100.4933,171526,rest
100.4948,171,rest
100.4981,281,rest
100.5000,171565,rest
100.5015,171366,rest
100.5056,171017,rest
100.5097,170964,rest
100.5143,171193,rest
100.5179,171212,rest
100.5219,171125,rest
100.5262,171146,rest
100.5302,70994,rest
100.5346,171089,rest
100.5389,171170,rest
100.5425,171255,rest
100.5480,707,rest
100.5507,170948,rest
100.5548,171117,rest
100.5588,170930,rest
100.5645,71,rest
100.5684,170672,rest
100.5711,171010,rest
100.5752,171364,rest
100.5804,0,rest
100.5838,170812,rest
100.5875,171297,rest
100.5916,171119,rest
100.5973,798,rest
100.6003,171559,rest
100.6047,170660,rest
100.6085,171051,rest
100.6121,171145,rest
100.6163,170817,rest
100.6203,171046,rest
100.6213,171,rest
100.6244,085,rest
100.6255,17148,rest
100.6285,0,rest
100.6286,171698,rest
100.6328,171077,rest
100.6366,170980,rest
100.6408,171016,rest
100.6449,170998,rest
100.6493,171206,rest
100.6531,171222,rest
100.6571,170920,rest
100.6613,171277,rest
100.6662,170922,rest
100.6694,171400,rest
100.6735,171216,rest
100.6777,171188,rest
100.6819,171503,rest
100.6859,171431,rest
100.6900,171350,rest
100.6941,171223,rest
100.6992,171645,rest
100.7022,171052,rest
100.7063,170909,rest
100.7106,171161,rest
100.7149,171352,rest
100.7186,171283,rest
100.7226,171631,rest
100.7268,171363,rest
100.7315,170789,rest
100.7350,171105,rest
100.7391,171217,rest
100.7432,170954,rest
100.7484,171018,rest
100.7501,17,rest
100.7514,1166,rest
100.7524,17137,rest
100.7554,0,rest
100.7565,170857,rest
100.7595,171865,rest
100.7648,170778,rest
100.7677,171380,rest
100.7718,170598,rest
100.7760,170888,rest
100.7814,714,rest
100.7843,171482,rest
100.7882,171375,rest
100.7924,171084,rest
100.7965,7114,rest
100.8021,171147,rest
100.8055,170976,rest
100.8088,171518,rest
100.8130,7154,rest
100.8195,170942,rest
100.8217,171132,rest
100.8251,171161,rest
100.8307,715,rest
100.8335,171278,rest
100.8376,170823,rest
100.8414,171378,rest
100.8458,17159,rest
100.8498,171411,rest
100.8541,170908,rest
100.8579,171039,rest
100.8620,171042,rest
100.8664,171256,rest
100.8702,171315,rest
100.8743,171364,rest
100.8758,1,rest
100.8784,71512,rest
100.8799,1711,rest
100.8824,09,rest
100.8847,171041,rest
100.8865,171368,rest
100.8906,171065,rest
100.8947,171813,rest
100.8996,171489,rest
100.9029,170964,rest
100.9071,171300,rest
100.9112,171298,rest
100.9154,171573,rest
100.9193,171062,rest
100.9233,171449,rest
100.9275,171190,rest
100.9318,170764,rest
100.9356,171126,rest
100.9397,171422,rest
100.9439,170677,rest
100.9484,171172,rest
100.9521,171160,rest
100.9561,170938,rest
100.9603,170777,rest
100.9647,171079,rest
100.9684,170320,rest
100.9725,171538,rest
100.9767,170882,rest
100.9813,171067,rest
100.9848,171229,rest
100.9889,171117,rest
100.9931,170919,rest
100.9977,170854,rest
101.0012,171387,rest
101.0028,1,rest
101.0053,71304,rest
101.0066,1711,rest
101.0094,63,rest
101.0111,171375,rest
101.0138,170563,rest
101.0176,171473,rest
101.0216,171005,rest
101.0259,170843,rest
101.0299,70705,rest
101.0349,170970,rest
101.0387,171013,rest
101.0421,171054,rest
101.0473,171104,rest
101.0504,170952,rest
101.0544,170567,rest
101.0585,171135,rest
101.0638,70,rest
101.0670,170944,rest
101.0715,171215,rest
101.0751,171079,rest
101.0805,71,rest
101.0841,171649,rest
101.0883,171201,rest
101.0916,171498,rest
101.0969,753,rest
101.0997,170881,rest
101.1036,170429,rest
101.1077,170965,rest
101.1119,171275,rest
101.1159,170913,rest
101.1200,170776,rest
101.1241,171287,rest
101.1282,171250,rest
101.1299,1,rest
101.1330,70887,rest
101.1342,1711,rest
101.1363,49,rest
101.1375,170978,rest
101.1405,171044,rest
101.1446,171058,rest
101.1501,170880,rest
101.1527,171074,rest
101.1568,171759,rest
101.1610,171396,rest
101.1660,171322,rest
101.1691,171180,rest
101.1732,171350,rest
101.1774,171201,rest
101.1818,170566,rest
101.1855,170982,rest
101.1896,171031,rest
101.1938,171035,rest
101.1982,171403,rest
101.2019,170612,rest
101.2060,171053,rest
101.2101,171300,rest
101.2153,170965,rest
101.2183,171017,rest
101.2224,170799,rest
101.2266,171405,rest
101.2316,170977,rest
101.2347,170951,rest
101.2387,171066,rest
101.2428,171233,rest
101.2475,171295,rest
101.2511,170865,rest
101.2551,171426,rest
101.2564,1,rest
101.2593,71304,rest
101.2602,171,rest
101.2648,375,rest
101.2691,171507,rest
101.2718,171281,rest
101.2757,171408,rest
101.2810,7095,rest
101.2842,171184,rest
101.2879,171035,rest
101.2920,170790,rest
101.2974,06,rest
101.3006,171276,rest
101.3051,170795,rest
101.3084,172096,rest
101.3142,7120,rest
101.3174,170934,rest
101.3211,171126,rest
101.3250,170204,rest
101.3289,71206,rest
101.3335,171298,rest
101.3378,170716,rest
101.3439,170999,rest
101.3453,171769,rest
101.3496,171187,rest
101.3534,171334,rest
101.3576,170952,rest
101.3633,795,rest
101.3671,171273,rest
101.3710,170755,rest
101.3740,171267,rest
101.3782,171260,rest
101.3825,171194,rest
101.3862,171146,rest
101.3874,171,rest
101.3903,098,rest
101.3914,171192,rest
101.3945,170975,rest
101.3989,171205,rest
101.4026,171426,rest
101.4067,171784,rest
101.4109,171043,rest
101.4152,170913,rest
101.4193,170651,rest
101.4231,170846,rest
101.4272,170779,rest
101.4316,171180,rest
101.4353,170559,rest
101.4394,171503,rest
101.4437,171185,rest
101.4480,171314,rest
101.4518,171370,rest
101.4558,170891,rest
101.4602,170952,rest
101.4644,171515,rest
101.4681,171313,rest
101.4722,171341,rest
101.4764,170845,rest
101.4807,171204,rest
101.4845,170702,rest
101.4886,170769,rest
101.4931,170956,rest
101.4969,71438,rest
101.5015,170554,rest
101.5060,171575,rest
101.5092,171426,rest
101.5133,70974,rest
101.5153,10,rest
101.5181,872,rest
101.5194,171334,rest
101.5214,171234,rest
101.5256,170717,rest
101.5310,7,rest
101.5343,171246,rest
101.5382,170819,rest
101.5419,170967,rest
101.5461,7074,rest
101.5503,171047,rest
101.5553,171597,rest
101.5583,170761,rest
101.5624,70659,rest
101.5669,171575,rest
101.5707,171104,rest
101.5758,171128,rest
101.5789,171442,rest
101.5840,171672,rest
101.5869,171460,rest
101.5911,170825,rest
101.5963,71023,rest
101.5993,171515,rest
101.6033,171132,rest
101.6074,170850,rest
101.6117,1789,rest
101.6169,170744,rest
101.6205,170612,rest
101.6238,170738,rest
101.6279,171509,rest
101.6324,171033,rest
101.6361,170902,rest
101.6401,171006,rest
101.6411,17,rest
101.6442,0787,rest
101.6457,17126,rest
101.6483,4,rest
101.6484,171007,rest
101.6524,171264,rest
101.6565,170982,rest
101.6608,171490,rest
101.6656,170953,rest
101.6688,171035,rest
101.6729,171301,rest
101.6771,171234,rest
101.6818,170879,rest
101.6852,170957,rest
101.6893,170908,rest
101.6935,171002,rest
101.6982,170900,rest
101.7016,170678,rest
101.7057,171096,rest
101.7100,170620,rest
101.7147,170393,rest
101.7179,171010,rest
101.7221,171024,rest
101.7261,170894,rest
101.7307,171010,rest
101.7343,171413,rest
101.7384,171130,rest
101.7425,171007,rest
101.7473,171295,rest
101.7507,171482,rest
101.7548,170739,rest
101.7589,170980,rest
101.7634,170710,rest
101.7671,171117,rest
101.7682,1,rest
101.7712,71136,rest
101.7722,1706,rest
101.7753,80,rest
101.7776,171572,rest
101.7798,170961,rest
101.7841,171043,rest
101.7876,170850,rest
101.7917,171164,rest
101.7969,7,rest
101.7999,171089,rest
101.8040,170462,rest
101.8088,171081,rest
101.8136,79,rest
101.8166,171167,rest
101.8204,170782,rest
101.8244,171113,rest
101.8287,79,rest
101.8338,170707,rest
101.8368,171440,rest
101.8408,171370,rest
101.8469,17132,rest
101.8501,170943,rest
101.8535,170966,rest
101.8572,171143,rest
101.8616,17090,rest
101.8662,171018,rest
101.8699,171012,rest
101.8736,170890,rest
101.8778,171166,rest
101.8819,170822,rest
101.8859,171236,rest
101.8901,171352,rest
101.8941,171198,rest
101.8954,1,rest
101.8985,70805,rest
101.8999,1714,rest
101.9023,48,rest
101.9038,171096,rest
101.9064,171055,rest
101.9105,171520,rest
101.9148,170952,rest
101.9187,171410,rest
101.9228,171221,rest
101.9269,170986,rest
101.9315,170854,rest
101.9351,171277,rest
101.9391,171328,rest
101.9434,170953,rest
101.9475,171570,rest
101.9514,170953,rest
101.9555,170822,rest
101.9601,170931,rest
101.9646,170845,rest
101.9678,170918,rest
101.9719,170924,rest
101.9762,170890,rest
101.9804,171095,rest
101.9842,170896,rest
101.9883,171275,rest
101.9930,171037,rest
101.9966,71395,rest
102.0011,171500,rest
102.0054,170570,rest
102.0088,171031,rest
102.0151,182,rest
102.0170,170453,rest
102.0216,170934,rest
102.0229,1,rest
102.0253,70770,rest
102.0266,1714,rest
102.0293,4,rest
102.0350,171497,rest
102.0396,170340,rest
102.0416,171427,rest
102.0458,71,rest
102.0502,171285,rest
102.0540,171227,rest
102.0580,171277,rest
102.0639,70748,rest
102.0676,171511,rest
102.0714,171694,rest
102.0743,171238,rest
102.0785,70990,rest
102.0828,171927,rest
102.0869,170486,rest
102.0907,171145,rest
102.0957,793,rest
102.0990,170853,rest
102.1030,170885,rest
102.1071,171271,rest
102.1114,171437,rest
102.1156,171307,rest
102.1194,171111,rest
102.1235,171142,rest
102.1276,171226,rest
102.1320,170955,rest
102.1357,171255,rest
102.1398,171611,rest
102.1440,171189,rest
102.1486,170761,rest
102.1500,1,rest
102.1522,71351,rest
102.1537,1714,rest
102.1562,49,rest
102.1575,171268,rest
102.1605,171548,rest
102.1650,170835,rest
102.1685,171367,rest
102.1726,171246,rest
102.1768,171510,rest
102.1816,170528,rest
102.1849,171258,rest
102.1891,170946,rest
102.1931,170973,rest
102.1978,170796,rest
102.2016,171189,rest
102.2054,171225,rest
102.2096,171114,rest
102.2139,171371,rest
102.2176,171104,rest
102.2218,171399,rest
102.2259,171171,rest
102.2310,171172,rest
102.2341,171070,rest
102.2381,170936,rest
102.2428,171119,rest
102.2467,171471,rest
102.2507,171251,rest
102.2545,170937,rest
102.2591,171076,rest
102.2645,71364,rest
102.2674,170831,rest
102.2716,171586,rest
102.2751,170722,rest
102.2800,171239,rest
102.2812,171,rest
102.2832,029,rest
102.2843,171132,rest
102.2873,171162,rest
102.2914,170804,rest
102.2955,70492,rest
102.3001,170768,rest
102.3038,171084,rest
102.3081,171552,rest
102.3120,170613,rest
102.3160,171174,rest
102.3201,171277,rest
102.3242,171035,rest
102.3283,70611,rest
102.3324,170991,rest
102.3375,171345,rest
102.3405,171112,rest
102.3473,7126,rest
102.3502,170966,rest
102.3535,170946,rest
102.3569,170940,rest
102.3626,118,rest
102.3654,171354,rest
102.3701,171410,rest
102.3737,171233,rest
102.3774,171245,rest
102.3818,171602,rest
102.3856,171120,rest
102.3897,170909,rest
102.3940,171253,rest
102.3981,170700,rest
102.4020,170889,rest
102.4061,171096,rest
102.4073,17,rest
102.4102,1112,rest
102.4116,17085,rest
102.4142,7,rest
102.4145,170943,rest
102.4183,170470,rest
102.4224,171219,rest
102.4268,171218,rest
102.4312,171356,rest
102.4347,171429,rest
102.4388,171269,rest
102.4430,170906,rest
102.4473,171234,rest
102.4511,171286,rest
102.4552,170698,rest
102.4593,170991,rest
102.4638,171168,rest
102.4678,170955,rest
102.4716,170787,rest
102.4762,170940,rest
102.4799,7105,rest
102.4853,171093,rest
102.4892,171310,rest
102.4921,171046,rest
102.4967,171228,rest
102.5003,171194,rest
102.5044,171437,rest
102.5090,171058,rest
102.5143,70759,rest
102.5181,170829,rest
102.5220,170815,rest
102.5249,171040,rest
102.5290,70962,rest
102.5333,171106,rest
102.5348,17,rest
102.5376,0999,rest
102.5389,1709,rest
102.5412,83,rest
102.5419,171374,rest
102.5463,170766,rest
102.5494,170988,rest
102.5535,170717,rest
102.5576,170768,rest
102.5619,7132,rest
102.5665,170948,rest
102.5700,171258,rest
102.5747,171138,rest
102.5782,70,rest
102.5824,171627,rest
102.5873,170745,rest
102.5904,170764,rest
102.5957,71,rest
102.6006,170855,rest
102.6030,171375,rest
102.6068,171053,rest
102.6112,17111,rest
102.6156,170889,rest
102.6221,170982,rest
102.6231,171329,rest
102.6273,170909,rest
102.6320,170552,rest
102.6354,171113,rest
102.6395,170878,rest
102.6437,170991,rest
102.6481,170617,rest
102.6518,171240,rest
102.6559,171035,rest
102.6602,171557,rest
102.6616,1,rest
102.6646,70869,rest
102.6660,1710,rest
102.6682,62,rest
102.6693,171416,rest
102.6723,170868,rest
102.6764,170827,rest
102.6809,170826,rest
102.6846,170886,rest
102.6887,171185,rest
102.6929,170925,rest
102.6975,170960,rest
102.7010,170502,rest
102.7051,171392,rest
102.7093,171226,rest
102.7137,171291,rest
102.7174,170821,rest
102.7214,171084,rest
102.7260,171312,rest
102.7303,170983,rest
102.7339,171500,rest
102.7378,171003,rest
102.7421,171165,rest
102.7479,70683,rest
102.7508,170573,rest
102.7542,170670,rest
102.7583,171049,rest
102.7629,170856,rest
102.7666,171142,rest
102.7706,171033,rest
102.7749,170874,rest
102.7789,71098,rest
102.7831,171469,rest
102.7876,171196,rest
102.7885,1,rest
102.7911,71046,rest
102.7923,170,rest
102.7970,26178,rest
102.8000,171007,rest
102.8044,170823,rest
102.8075,170942,rest
102.8125,170857,rest
102.8168,171159,rest
102.8198,170605,rest
102.8238,170726,rest
102.8283,170575,rest
102.8323,170955,rest
102.8365,170880,rest
102.8403,171076,rest
102.8462,599,rest
102.8492,170983,rest
102.8528,171115,rest
102.8566,171031,rest
102.8611,17124,rest
102.8655,171239,rest
102.8700,170882,rest
102.8731,171041,rest
102.8771,170616,rest
102.8817,171012,rest
102.8853,171297,rest
102.8894,171682,rest
102.8935,171324,rest
102.8984,170799,rest
102.9017,171279,rest
102.9058,170663,rest
102.9099,171435,rest
102.9150,170898,rest
102.9182,170829,rest
102.9198,170,rest
102.9222,655,rest
102.9235,170892,rest
102.9263,171025,rest
102.9304,170839,rest
102.9344,171195,rest
102.9385,170970,rest
102.9428,170800,rest
102.9472,171215,rest
102.9509,170935,rest
102.9550,170899,rest
102.9593,170930,rest
102.9635,171297,rest
102.9672,171237,rest
102.9714,171078,rest
102.9756,170939,rest
102.9800,170733,rest
102.9838,171022,rest
102.9878,171329,rest
102.9918,171053,rest
102.9967,171377,rest
103.0000,170951,rest
103.0041,171018,rest
103.0081,171188,rest
103.0132,171067,rest
103.0164,171216,rest
103.0205,170891,rest
103.0247,171504,rest
103.0297,170434,rest
103.0332,171603,rest
103.0368,170920,rest
103.0409,171012,rest
103.0464,70811,rest
103.0495,97,rest
103.0512,171402,rest
103.0542,171194,rest
103.0574,171315,rest
103.0615,70787,rest
103.0663,170725,rest
103.0706,171050,rest
103.0737,170907,rest
103.0792,7113,rest
103.0820,171270,rest
103.0861,170595,rest
103.0901,171114,rest
103.0946,75,rest
103.0991,171492,rest
103.1037,171318,rest
103.1065,170938,rest
103.1109,2,rest
103.1160,171177,rest
103.1189,171688,rest
103.1229,171561,rest
103.1271,170895,rest
103.1314,171129,rest
103.1352,171143,rest
103.1392,171011,rest
103.1433,171292,rest
103.1481,170974,rest
103.1515,171120,rest
103.1556,170858,rest
103.1598,171058,rest
103.1650,171280,rest
103.1679,171170,rest
103.1721,170901,rest
103.1733,170,rest
103.1761,973,rest
103.1779,17093,rest
103.1804,0,rest
103.1807,170976,rest
103.1843,171044,rest
103.1884,171174,rest
103.1926,170924,rest
103.1973,171007,rest
103.2007,171235,rest
103.2047,171092,rest
103.2091,171060,rest
103.2140,171040,rest
103.2171,170988,rest
103.2211,171014,rest
103.2254,171301,rest
103.2306,171345,rest
103.2334,171307,rest
103.2375,170966,rest
103.2417,171020,rest
103.2461,171067,rest
103.2498,171312,rest
103.2539,171343,rest
103.2589,170875,rest
103.2639,7093,rest
103.2670,170983,rest
103.2703,171072,rest
103.2745,170883,rest
103.2799,71352,rest
103.2833,170806,rest
103.2876,170758,rest
103.2908,171372,rest
103.2951,17,rest
103.2991,171094,rest
103.3002,17,rest
103.3031,1523,rest
103.3043,1710,rest
103.3071,79,rest
103.3081,171000,rest
103.3122,170921,rest
103.3154,171158,rest
103.3194,171334,rest
103.3236,171351,rest
103.3288,71,rest
103.3333,170874,rest
103.3362,170992,rest
103.3399,170742,rest
103.3441,71092,rest
103.3482,171310,rest
103.3523,171161,rest
103.3589,170576,rest
103.3604,170200,rest
103.3656,171105,rest
103.3686,170655,rest
103.3727,171005,rest
103.3769,171247,rest
103.3817,170958,rest
103.3851,170938,rest
103.3891,170947,rest
103.3933,171045,rest
103.3976,170988,rest
103.4014,171478,rest
103.4055,171023,rest
103.4096,170905,rest
103.4145,170746,rest
103.4177,171240,rest
103.4218,171176,rest
103.4261,171179,rest
103.4273,17,rest
103.4306,0903,rest
103.4321,1709,rest
103.4341,53,rest
103.4353,171201,rest
103.4383,170917,rest
103.4425,171389,rest
103.4466,171673,rest
103.4505,170873,rest
103.4546,170886,rest
103.4587,170995,rest
103.4631,171366,rest
103.4669,170973,rest
103.4711,171360,rest
103.4752,171212,rest
103.4793,171120,rest
103.4833,170850,rest
103.4874,171350,rest
103.4915,171235,rest
103.4973,171555,rest
103.4997,170782,rest
103.5037,171256,rest
103.5080,171338,rest
103.5128,170926,rest
103.5161,171042,rest
103.5201,171463,rest
103.5244,171452,rest
103.5284,70975,rest
103.5332,171444,rest
103.5366,170786,rest
103.5408,170854,rest
103.5470,707,rest
103.5493,171018,rest
103.5534,170699,rest
103.5546,17,rest
103.5571,0490,rest
103.5584,1716,rest
103.5611,0,rest
103.5631,1119,rest
103.5655,170961,rest
103.5696,171287,rest
103.5734,171310,rest
103.5776,71095,rest
103.5819,171187,rest
103.5857,170895,rest
103.5898,171438,rest
103.5959,72,rest
103.5987,170949,rest
103.6024,171275,rest
103.6061,171023,rest
103.6119,17144,rest
103.6148,171526,rest
103.6191,171519,rest
103.6232,170583,rest
103.6279,170865,rest
103.6308,171387,rest
103.6349,171074,rest
103.6389,171257,rest
103.6443,7,rest
103.6480,171238,rest
103.6519,170852,rest
103.6553,170640,rest
103.6614,741,rest
103.6652,171099,rest
103.6688,171298,rest
103.6717,170680,rest
103.6759,171078,rest
103.6801,170831,rest
103.6812,1,rest
103.6841,70965,rest
103.6853,1714,rest
103.6881,19,rest
103.6892,170961,rest
103.6925,171218,rest
103.6971,170716,rest
103.7004,170833,rest
103.7045,170848,rest
103.7088,170799,rest
103.7134,171332,rest
103.7167,171005,rest
103.7208,170548,rest
103.7251,170974,rest
103.7293,170658,rest
103.7336,171220,rest
103.7372,171033,rest
103.7413,170759,rest
103.7458,171446,rest
103.7495,171102,rest
103.7536,171195,rest
103.7577,170901,rest
103.7619,71158,rest
103.7669,171312,rest
103.7713,171177,rest
103.7746,171115,rest
103.7797,171269,rest
103.7823,171371,rest
103.7864,170743,rest
103.7905,171046,rest
103.7966,7168,rest
103.7994,170977,rest
103.8028,170743,rest
103.8069,171694,rest
103.8082,1,rest
103.8111,1441,rest
103.8123,1,rest
103.8153,35,rest
103.8189,170988,rest
103.8205,171474,rest
103.8235,170765,rest
103.8274,712,rest
103.8315,171050,rest
103.8362,171351,rest
103.8396,170637,rest
103.8439,17,rest
103.8491,171215,rest
103.8527,171375,rest
103.8562,171042,rest
103.8605,17077,rest
103.8654,171302,rest
103.8689,170880,rest
103.8724,171181,rest
103.8766,171113,rest
103.8814,171333,rest
103.8847,170914,rest
103.8887,171357,rest
103.8929,171166,rest
103.8974,171290,rest
103.9011,170889,rest
103.9052,171173,rest
103.9093,170938,rest
103.9139,171420,rest
103.9175,170732,rest
103.9215,170966,rest
103.9257,171350,rest
103.9307,170685,rest
103.9339,171340,rest
103.9379,171314,rest
103.9392,171,rest
103.9421,445,rest
103.9425,171055,rest
103.9466,171436,rest
103.9502,171561,rest
103.9543,170760,rest
103.9586,170772,rest
103.9630,171111,rest
103.9666,171042,rest
103.9707,171229,rest
103.9748,171169,rest
103.9800,170839,rest
103.9831,171164,rest
103.9871,171304,rest
103.9912,171445,rest
103.9956,171238,rest
103.9994,171065,rest
104.0035,171254,rest
104.0082,170938,rest
104.0133,71,rest
104.0162,171018,rest
104.0217,170863,rest
104.0240,170880,rest
104.0282,707,rest
104.0327,171278,rest
104.0371,171004,rest
104.0403,171147,rest
104.0446,740,rest
104.0493,170431,rest
104.0530,171372,rest
104.0567,171387,rest
104.0610,7161,rest
104.0658,171193,rest
104.0679,17,rest
104.0696,1101,rest
104.0713,17101,rest
104.0731,1,rest
104.0732,170786,rest
104.0773,714,rest
104.0817,171574,rest
104.0862,170790,rest
104.0895,170731,rest
104.0949,170937,rest
104.0979,171254,rest
104.1018,170959,rest
104.1058,171133,rest
104.1100,171179,rest
104.1141,171365,rest
104.1181,171355,rest
104.1222,170238,rest
104.1264,170827,rest
104.1308,171263,rest
104.1345,171257,rest
104.1386,171179,rest
104.1428,171067,rest
104.1475,171096,rest
104.1509,171258,rest
104.1551,170848,rest
104.1591,170592,rest
104.1641,171026,rest
104.1673,170915,rest
104.1714,170828,rest
104.1755,170948,rest
104.1803,171011,rest
104.1837,171239,rest
104.1878,170811,rest
104.1919,170778,rest
104.1932,17,rest
104.1964,1022,rest
104.1984,17143,rest
104.2001,9,rest
104.2001,171178,rest
104.2041,170854,rest
104.2085,171395,rest
104.2127,171299,rest
104.2165,171296,rest
104.2206,171188,rest
104.2248,171279,rest
104.2300,171266,rest
104.2329,171448,rest
104.2369,171147,rest
104.2411,171046,rest
104.2456,171467,rest
104.2493,170879,rest
104.2534,171200,rest
104.2574,171341,rest
104.2621,170805,rest
104.2656,170740,rest
104.2697,171258,rest
104.2738,170787,rest
104.2796,7088,rest
104.2827,170836,rest
104.2866,171086,rest
104.2902,171405,rest
104.2944,71197,rest
104.2989,170977,rest
104.3037,171263,rest
104.3071,171051,rest
104.3122,71,rest
104.3161,171298,rest
104.3197,171127,rest
104.3214,17,rest
104.3229,1373,rest
104.3243,1704,rest
104.3285,0112,rest
104.3314,171563,rest
104.3361,170971,rest
104.3405,171235,rest
104.3438,171459,rest
104.3477,74,rest
104.3519,170787,rest
104.3571,170707,rest
104.3600,170950,rest
104.3646,171014,rest
104.3681,171414,rest
104.3721,171199,rest
104.3763,170566,rest
104.3807,171143,rest
104.3844,171419,rest
104.3885,171434,rest
104.3926,171168,rest
104.3971,170565,rest
104.4008,170859,rest
104.4049,171327,rest
104.4090,171093,rest
104.4143,170796,rest
104.4175,171184,rest
104.4212,170998,rest
104.4254,170775,rest
104.4304,171352,rest
104.4335,170882,rest
104.4376,170875,rest
104.4418,170827,rest
104.4464,170831,rest
104.4480,1,rest
104.4500,71153,rest
104.4511,1709,rest
104.4540,50,rest
104.4552,171166,rest
104.4583,171055,rest
104.4632,171203,rest
104.4663,171107,rest
104.4704,171189,rest
104.4746,171498,rest
104.4791,171027,rest
104.4827,171267,rest
104.4867,171339,rest
104.4909,171088,rest
104.4959,171349,rest
104.4991,170877,rest
104.5031,171120,rest
104.5073,170871,rest
104.5119,170750,rest
104.5155,170787,rest
104.5195,170792,rest
104.5237,171028,rest
104.5285,171333,rest
104.5319,170754,rest
104.5359,170755,rest
104.5403,170897,rest
104.5459,717,rest
104.5491,171214,rest
104.5527,171068,rest
104.5564,171110,rest
104.5613,170869,rest
104.5658,171053,rest
104.5687,171100,rest
104.5728,171292,rest
104.5738,1,rest
104.5787,134010,rest
104.5812,9,rest
104.5831,171162,rest
104.5862,171357,rest
104.5892,170808,rest
104.5946,719,rest
104.5979,171129,rest
104.6017,171055,rest
104.6056,171151,rest
104.6109,170991,rest
104.6157,171610,rest
104.6181,171207,rest
104.6221,171029,rest
104.6275,170893,rest
104.6328,170957,rest
104.6385,171344,rest
104.6413,171054,rest
104.6475,171147,rest
104.6524,170928,rest
104.6534,170993,rest
104.6552,170859,rest
104.6624,170465,rest
104.6677,170956,rest
104.6739,171238,rest
104.6788,171254,rest
104.6827,170980,rest
104.6839,170817,rest
104.6875,171066,rest
104.6881,171374,rest
104.6920,171199,rest
104.6964,170638,rest
104.7005,170994,rest
104.7054,171189,rest
104.7070,171,rest
104.7083,252,rest
104.7101,170951,rest
104.7126,171260,rest
104.7179,171235,rest
104.7207,171015,rest
104.7261,170598,rest
104.7292,171053,rest
104.7363,170901,rest
104.7385,170783,rest
104.7449,171003,rest
104.7478,171155,rest
104.7510,170851,rest
104.7575,170991,rest
104.7582,170867,rest
104.7629,171644,rest
104.7676,171031,rest
104.7730,171171,rest
104.7788,170656,rest
104.7797,171340,rest
104.7820,170946,rest
104.7860,170902,rest
104.7902,171360,rest
104.7972,171012,rest
104.8005,171352,rest
104.8033,170763,rest
104.8069,170982,rest
104.8142,170936,rest
104.8155,171180,rest
104.8233,171048,rest
104.8242,170876,rest
104.8273,171242,rest
104.8313,170727,rest
104.8327,170,rest
104.8352,841,rest
104.8365,17093,rest
104.8392,9,rest
104.8397,170543,rest
104.8436,171325,rest
104.8498,170792,rest
104.8559,171194,rest
104.8573,171381,rest
104.8630,170720,rest
104.8661,171126,rest
104.8703,170926,rest
104.8743,170820,rest
104.8803,171134,rest
104.8831,171043,rest
104.8846,170989,rest
104.8886,171418,rest
104.8970,170832,rest
104.8972,170913,rest
104.9006,170773,rest
104.9048,171507,rest
104.9094,171188,rest
104.9136,171286,rest
104.9176,170946,rest
104.9218,171364,rest
104.9265,171049,rest
104.9318,171222,rest
104.9367,170675,rest
104.9396,171168,rest
104.9432,170805,rest
104.9466,170588,rest
104.9501,170997,rest
104.9542,170740,rest
104.9597,170852,rest
104.9607,17,rest
104.9637,1398,rest
104.9661,17074,rest
104.9683,5,rest
104.9714,171172,rest
104.9739,170608,rest
104.9742,170956,rest
104.9907,171703,rest
104.9909,171139,rest
104.9910,171136,rest
104.9920,171010,rest
104.9956,170706,rest
104.9991,171161,rest
105.0031,170802,rest
105.0083,171141,rest
105.0119,170731,rest
105.0157,171142,rest
105.0206,171058,rest
105.0243,171277,rest
105.0279,170999,rest
105.0348,171170,rest
105.0422,171060,rest
105.0479,170874,rest
105.0489,171401,rest
105.0496,171141,rest
105.0523,171921,rest
105.0615,171075,rest
105.0621,170834,rest
105.0661,170756,rest
105.0694,171362,rest
105.0732,170982,rest
105.0785,170593,rest
105.0834,170956,rest
105.0856,171230,rest
105.0870,1,rest
105.0917,70839,rest
105.0944,171110,rest
105.0972,170833,rest
105.1011,170840,rest
105.1018,171093,rest
105.1086,171338,rest
105.1126,170974,rest
105.1156,170816,rest
105.1202,171306,rest
105.1222,170939,rest
105.1276,170955,rest
105.1315,170760,rest
105.1359,170912,rest
105.1383,170832,rest
105.1439,171270,rest
105.1487,171226,rest
105.1536,171508,rest
105.1575,171243,rest
105.1613,171570,rest
105.1643,170972,rest
105.1684,171276,rest
105.1719,171066,rest
105.1771,170700,rest
105.1821,171380,rest
105.1865,170740,rest
105.1874,170673,rest
105.1914,170921,rest
105.1959,170927,rest
105.1998,171354,rest
105.2052,171011,rest
105.2240,171041,rest
105.2261,171039,rest
105.2265,171259,rest
105.2267,171259,rest
105.2288,170474,rest
105.2305,171137,rest
105.2315,170661,rest
105.2344,171265,rest
105.2364,170967,rest
105.2420,170653,rest
105.2474,171374,rest
105.2498,171311,rest
105.2547,171132,rest
105.2589,171113,rest
105.2619,171391,rest
105.2653,170356,rest
105.2717,170590,rest
105.2808,171011,rest
105.2836,171445,rest
105.2863,171564,rest
105.2904,170712,rest
105.2938,171386,rest
105.2953,171309,rest
105.3007,170996,rest
105.3053,171045,rest
105.3066,170712,rest
105.3142,170742,rest
105.3145,171172,rest
105.3252,171054,rest
105.3311,171211,rest
105.3350,170591,rest
105.3353,171482,rest
105.3367,170550,rest
105.3413,170754,rest
105.3460,170826,rest
105.3477,170862,rest
105.3498,170998,rest
105.3553,171126,rest
105.3585,171109,rest
105.3623,170825,rest
105.3662,170938,rest
105.3704,171090,rest
105.3737,171035,rest
105.3782,171209,rest
105.3808,170829,rest
105.3866,171232,rest
105.3881,170599,rest
105.3939,171160,rest
105.3968,170824,rest
105.4009,171339,rest
105.4050,170869,rest
105.4093,171277,rest
105.4127,170882,rest
105.4204,171413,rest
105.4264,171182,rest
105.4271,170710,rest
105.4297,171260,rest
105.4331,171449,rest
105.4391,171061,rest
105.4454,170825,rest
105.4494,170687,rest
105.4508,170974,rest
105.4540,170683,rest
105.4593,171281,rest
105.4637,171141,rest
105.4669,170893,rest
105.4697,1,rest
105.4718,71472,rest
105.4732,1710,rest
105.4746,86,rest
105.4777,170944,rest
105.4808,171062,rest
105.4874,171155,rest
105.4899,171228,rest
105.4989,171144,rest
105.5031,171420,rest
105.5065,170764,rest
105.5082,170630,rest
105.5089,170987,rest
105.5117,170949,rest
105.5154,170838,rest
105.5193,171143,rest
105.5246,170901,rest
105.5280,171193,rest
105.5365,171148,rest
105.5372,171117,rest
105.5435,171010,rest
105.5437,170996,rest
105.5481,170758,rest
105.5519,171141,rest
105.5571,170652,rest
105.5630,170859,rest
105.5641,171382,rest
105.5685,170710,rest
105.5735,170604,rest
105.5771,171208,rest
105.5872,171356,rest
105.5878,171154,rest
105.5896,171757,rest
105.5967,171021,rest
105.5984,171342,rest
105.6008,171,rest
105.6013,014,rest
105.6030,171326,rest
105.6055,170775,rest
105.6095,171284,rest
105.6143,171381,rest
105.6192,171204,rest
105.6244,171011,rest
105.6264,171103,rest
105.6315,171067,rest
105.6342,171035,rest
105.6396,170976,rest
105.6448,171130,rest
105.6471,170887,rest
105.6512,170970,rest
105.6569,171088,rest
105.6600,170550,rest
105.6628,170921,rest
105.6670,170855,rest
105.6739,170861,rest
105.6772,171141,rest
105.6817,171129,rest
105.6851,171569,rest
105.6878,170723,rest
105.6915,171497,rest
105.6956,171099,rest
105.7013,170782,rest
105.7068,171557,rest
105.7102,170549,rest
105.7148,170965,rest
105.7187,171197,rest
105.7201,171005,rest
105.7259,170458,rest
105.7290,171525,rest
105.7308,170913,rest
105.7350,170489,rest
105.7385,171021,rest
105.7410,171199,rest
105.7468,171216,rest
105.7489,171013,rest
105.7527,171075,rest
105.7605,171352,rest
105.7640,171095,rest
105.7691,171381,rest
105.7708,171225,rest
105.7740,170985,rest
105.7775,171225,rest
105.7816,171421,rest
105.7856,171008,rest
105.7923,171220,rest
105.7937,170931,rest
105.7979,170913,rest
105.8044,171224,rest
105.8070,171061,rest
105.8138,170863,rest
105.8140,170207,rest
105.8205,171043,rest
105.8255,171645,rest
105.8292,170619,rest
105.8323,170576,rest
105.8354,170831,rest
105.8420,170967,rest
105.8451,171248,rest
105.8472,170695,rest
105.8513,170991,rest
105.8528,170,rest
105.8563,970,rest
105.8594,170563,rest
105.8607,171251,rest
105.8636,170924,rest
105.8675,171424,rest
105.8712,170810,rest
105.8779,170844,rest
105.8816,170817,rest
105.8901,171118,rest
105.8925,171364,rest
105.8949,170848,rest
105.8998,170832,rest
105.9023,170874,rest
105.9051,170916,rest
105.9086,171412,rest
105.9123,171285,rest
105.9173,170830,rest
105.9208,171293,rest
105.9250,170623,rest
105.9289,170856,rest
105.9330,171056,rest
105.9374,171144,rest
105.9456,170786,rest
105.9463,171352,rest
105.9513,171448,rest
105.9561,171446,rest
105.9604,171012,rest
105.9639,170670,rest
105.9669,171113,rest
105.9718,171198,rest
105.9772,171203,rest
105.9812,170971,rest
105.9834,170791,rest
105.9859,17093,rest
105.9865,1,rest
105.9892,170519,rest
105.9905,171092,rest
105.9957,170759,rest
105.9991,171176,rest
106.0050,170733,rest
106.0070,170907,rest
106.0110,171100,rest
106.0150,170948,rest
106.0191,171083,rest
106.0253,170953,rest
106.0287,170785,rest
106.0333,171040,rest
106.0369,170764,rest
106.0393,171206,rest
106.0458,170872,rest
106.0498,170662,rest
106.0518,171032,rest
106.0559,171163,rest
106.0615,171664,rest
106.0643,170928,rest
106.0683,170543,rest
106.0729,171366,rest
106.0786,171206,rest
106.0815,170715,rest
106.0863,170837,rest
106.0920,170064,rest
106.0949,171236,rest
106.0988,170992,rest
106.1030,170775,rest
106.1056,171126,rest
106.1078,17,rest
106.1091,0943,rest
106.1108,17075,rest
106.1129,2,rest
106.1133,170609,rest
106.1192,171542,rest
106.1235,170413,rest
106.1256,170825,rest
106.1297,170332,rest
106.1338,170998,rest
106.1398,171004,rest
106.1537,171178,rest
106.1558,170949,rest
106.1559,170958,rest
106.1562,170577,rest
106.1590,170712,rest
106.1628,171119,rest
106.1663,171093,rest
106.1708,171308,rest
106.1746,170629,rest
106.1800,170374,rest
106.1850,170991,rest
106.1867,170751,rest
106.1954,170703,rest
106.1961,170958,rest
106.1992,170996,rest
106.2058,170996,rest
106.2081,170752,rest
106.2121,170758,rest
106.2155,171040,rest
106.2195,170655,rest
106.2242,171268,rest
106.2287,171091,rest
106.2344,170945,rest
106.2367,171072,rest
106.2397,1711,rest
106.2400,26,rest
106.2420,171215,rest
106.2442,170970,rest
106.2534,170593,rest
106.2563,171193,rest
106.2570,171049,rest
106.2609,170950,rest
106.2654,170851,rest
106.2690,171114,rest
106.2747,171405,rest
106.2772,170829,rest
106.2811,171094,rest
106.2854,170949,rest
106.2894,171062,rest
106.2955,171113,rest
106.3002,171115,rest
106.3030,170337,rest
106.3056,170568,rest
106.3111,170762,rest
106.3167,170340,rest
106.3178,170968,rest
106.3224,171123,rest
106.3317,170586,rest
106.3340,171027,rest
106.3351,170997,rest
106.3390,170877,rest
106.3471,170879,rest
106.3525,171343,rest
106.3580,170889,rest
106.3621,171275,rest
106.3650,170551,rest
106.3662,171162,rest
106.3674,171285,rest
106.3707,171339,rest
106.3714,171413,rest
106.3797,171325,rest
106.3828,171023,rest
106.3859,171187,rest
106.3893,170744,rest
106.3942,170817,rest
106.3975,171106,rest
106.4007,171356,rest
106.4052,171178,rest
106.4107,171156,rest
106.4178,170835,rest
106.4209,171251,rest
106.4224,171129,rest
106.4246,171149,rest
106.4304,170664,rest
106.4366,170631,rest
106.4397,170777,rest
106.4440,171107,rest
106.4452,170971,rest
106.4493,170600,rest
106.4538,171385,rest
106.4615,171408,rest
106.4645,171026,rest
106.4698,170954,rest
106.4703,170865,rest
106.4772,171348,rest
106.4793,171399,rest
106.4821,171213,rest
106.4881,171897,rest
106.4886,1,rest
106.4928,71398,rest
106.4972,171668,rest
106.5001,170689,rest
106.5045,171171,rest
106.5086,170613,rest
106.5093,170945,rest
106.5106,170816,rest
106.5148,170925,rest
106.5188,170492,rest
106.5258,170923,rest
106.5291,170813,rest
106.5366,170874,rest
106.5413,171030,rest
106.5479,170787,rest
106.5512,170328,rest
106.5568,171333,rest
106.5586,171260,rest
106.5606,170850,rest
106.5638,171004,rest
106.5681,171020,rest
106.5733,170713,rest
106.5739,171078,rest
106.5761,170873,rest
106.5802,171149,rest
106.5844,170818,rest
106.5884,170847,rest
106.5929,170998,rest
106.5964,171022,rest
106.6006,170802,rest
106.6048,170964,rest
106.6145,171053,rest
106.6161,171092,rest
106.6198,171302,rest
106.6211,170902,rest
106.6238,170232,rest
106.6266,170728,rest
106.6319,171021,rest
106.6344,171264,rest
106.6375,170831,rest
106.6431,170390,rest
106.6483,171230,rest
106.6512,171013,rest
106.6556,170891,rest
106.6618,170879,rest
106.6636,171051,rest
106.6687,171592,rest
106.6715,171078,rest
106.6762,171036,rest
106.6786,171002,rest
106.6823,171128,rest
106.6897,171431,rest
106.6923,171137,rest
106.6978,171020,rest
106.7027,171229,rest
106.7057,171225,rest
106.7098,170851,rest
106.7137,170633,rest
106.7182,170481,rest
106.7246,170963,rest
106.7283,170798,rest
106.7308,171187,rest
106.7340,171203,rest
106.7388,171150,rest
106.7413,171411,rest
106.7462,170953,rest
106.7493,171409,rest
106.7512,171051,rest
106.7541,170992,rest
106.7603,170682,rest
106.7619,171050,rest
106.7661,171250,rest
106.7686,171055,rest
106.7732,170732,rest
106.7838,170987,rest
106.7862,171062,rest
106.7893,170598,rest
106.7922,170826,rest
106.7963,170838,rest
106.7989,170896,rest
106.8058,171183,rest
106.8067,171418,rest
106.8096,170892,rest
106.8137,171585,rest
106.8178,170986,rest
106.8253,170765,rest
106.8298,171209,rest
106.8325,171161,rest
106.8371,170970,rest
106.8385,171247,rest
106.8426,171186,rest
106.8468,170992,rest
106.8505,171356,rest
106.8546,170859,rest
106.8596,171035,rest
106.8649,171290,rest
106.8674,171029,rest
106.8731,171481,rest
106.8760,171,rest
106.8768,021,rest
106.8798,171065,rest
106.8802,170971,rest
106.8839,170990,rest
106.8872,171072,rest
106.8915,170904,rest
106.8970,171235,rest
106.9001,171481,rest
106.9053,170856,rest
106.9116,171200,rest
106.9137,171287,rest
106.9206,171147,rest
106.9210,170936,rest
106.9240,171052,rest
106.9300,170980,rest
106.9331,170987,rest
106.9369,171370,rest
106.9433,170806,rest
106.9460,170908,rest
106.9500,170856,rest
106.9554,170997,rest
106.9592,170597,rest
106.9623,171279,rest
106.9669,171182,rest
106.9722,171533,rest
106.9735,171207,rest
106.9775,170808,rest
106.9815,171013,rest
106.9859,171000,rest
106.9917,171394,rest
106.9963,170867,rest
107.0001,171265,rest
107.0020,170940,rest
107.0039,17108,rest
107.0092,8,rest
107.0153,170831,rest
107.0183,171222,rest
107.0188,170959,rest
107.0194,171102,rest
107.0229,170944,rest
107.0282,171538,rest
107.0308,171037,rest
107.0351,170904,rest
107.0404,171253,rest
107.0436,171458,rest
107.0476,170798,rest
107.0514,171330,rest
107.0570,171279,rest
107.0603,171116,rest
107.0653,171326,rest
107.0697,170526,rest
107.0716,171260,rest
107.0780,171155,rest
107.0803,171176,rest
107.0885,171398,rest
107.0898,170994,rest
107.0926,171117,rest
107.0968,171186,rest
107.1023,170775,rest
107.1043,171189,rest
107.1084,170624,rest
107.1188,170992,rest
107.1215,170992,rest
107.1225,170680,rest
107.1259,171090,rest
107.1282,1,rest
107.1306,71179,rest
107.1333,1708,rest
107.1336,55,rest
107.1357,170938,rest
107.1375,171068,rest
107.1434,171347,rest
107.1478,170825,rest
107.1507,171162,rest
107.1537,170628,rest
107.1580,170796,rest
107.1620,170837,rest
107.1685,171003,rest
107.1729,170663,rest
107.1742,171078,rest
107.1808,170775,rest
107.1834,170625,rest
107.1886,171053,rest
107.1940,170807,rest
107.1967,171051,rest
107.2008,170904,rest
107.2049,170941,rest
107.2070,171090,rest
107.2110,171274,rest
107.2152,170816,rest
107.2221,170644,rest
107.2263,171184,rest
107.2321,171130,rest
107.2371,171398,rest
107.2394,170913,rest
107.2446,171279,rest
107.2474,171143,rest
107.2512,171328,rest
107.2548,171009,rest
107.2586,171071,rest
107.2604,171409,rest
107.2644,171718,rest
107.2670,170905,rest
107.2701,170947,rest
107.2724,171717,rest
107.2765,171249,rest
107.2807,170785,rest
107.2846,171475,rest
107.2911,170808,rest
107.2963,171588,rest
107.2991,171265,rest
107.3034,171844,rest
107.3051,170874,rest
107.3112,171062,rest
107.3170,171070,rest
107.3176,171507,rest
107.3215,170978,rest
107.3282,171412,rest
107.3319,171349,rest
107.3355,171569,rest
107.3398,170611,rest
107.3437,171151,rest
107.3492,170691,rest
107.3522,171291,rest
107.3552,170931,rest
107.3604,170749,rest
107.3632,171353,rest
107.3669,171027,rest
107.3707,171008,rest
107.3784,170582,rest
107.3810,170771,rest
107.3863,171027,rest
107.3885,172065,rest
107.3907,170799,rest
107.3956,171205,rest
107.3978,171480,rest
107.4012,171080,rest
107.4069,171334,rest
107.4075,170905,rest
107.4117,171176,rest
107.4163,171044,rest
107.4224,171699,rest
107.4241,171061,rest
107.4305,171106,rest
107.4338,171727,rest
107.4365,171605,rest
107.4406,171241,rest
107.4444,171686,rest
107.4485,171326,rest
107.4526,170997,rest
107.4599,170908,rest
107.4628,171092,rest
107.4648,171481,rest
107.4712,170497,rest
107.4739,170993,rest
107.4785,171023,rest
107.4813,171112,rest
107.4853,170658,rest
107.4913,171401,rest
107.4963,170749,rest
107.4999,170816,rest
107.5038,170900,rest
107.5093,170922,rest
107.5142,170928,rest
107.5194,171266,rest
107.5209,170896,rest
107.5219,170970,rest
107.5253,171396,rest
107.5282,171033,rest
107.5340,171306,rest
107.5364,170844,rest
107.5415,171128,rest
107.5445,170726,rest
107.5485,170967,rest
107.5527,170831,rest
107.5598,170602,rest
107.5631,170502,rest
107.5638,170443,rest
107.5674,171093,rest
107.5721,170862,rest
107.5795,170743,rest
107.5816,170576,rest
107.5866,170375,rest
107.5908,170509,rest
107.5936,170692,rest
107.5967,171360,rest
107.6013,171174,rest
107.6049,171021,rest
107.6083,170997,rest
107.6124,170648,rest
107.6167,171394,rest
107.6224,171333,rest
107.6247,170894,rest
107.6287,170810,rest
107.6329,170990,rest
107.6383,171051,rest
107.6475,170848,rest
107.6514,171207,rest
107.6523,171002,rest
107.6538,171032,rest
107.6543,171190,rest
107.6575,170663,rest
107.6620,171154,rest
107.6675,171402,rest
107.6694,171084,rest
107.6777,171088,rest
107.6781,170875,rest
107.6883,170487,rest
107.6894,170965,rest
107.6906,170826,rest
107.6946,170605,rest
107.6988,170852,rest
107.7028,170322,rest
107.7151,171107,rest
107.7208,170886,rest
107.7225,171029,rest
107.7229,170750,rest
107.7233,170665,rest
107.7272,171174,rest
107.7320,170559,rest
107.7356,171058,rest
107.7404,171109,rest
107.7437,170598,rest
107.7516,170923,rest
107.7537,170199,rest
107.7565,170987,rest
107.7612,171139,rest
107.7650,171199,rest
107.7679,171016,rest
107.7699,171209,rest
107.7743,171090,rest
107.7782,170845,rest
107.7825,171239,rest
107.7872,171058,rest
107.7914,171160,rest
107.7935,171441,rest
107.7983,170653,rest
107.8029,170692,rest
107.8067,171540,rest
107.8126,171254,rest
107.8152,170669,rest
107.8172,171055,rest
107.8219,171354,rest
107.8287,171739,rest
107.8306,170956,rest
107.8350,171215,rest
107.8399,170903,rest
107.8446,170750,rest
107.8493,170775,rest
107.8509,171353,rest
107.8553,171789,rest
107.8600,171466,rest
107.8639,170731,rest
107.8664,170852,rest
107.8704,171307,rest
107.8756,171225,rest
107.8802,171094,rest
107.8847,170454,rest
107.8878,171168,rest
107.8942,170936,rest
107.8971,171052,rest
107.9007,171080,rest
107.9039,170804,rest
107.9069,170885,rest
107.9084,171054,rest
107.9149,171131,rest
107.9176,171049,rest
107.9205,171156,rest
107.9266,170815,rest
107.9307,171119,rest
107.9353,170686,rest
107.9385,171205,rest
107.9412,171194,rest
107.9442,170576,rest
107.9481,171215,rest
107.9524,170620,rest
107.9579,170678,rest
107.9628,170628,rest
107.9666,171189,rest
107.9711,170968,rest
107.9727,170711,rest
107.9766,170814,rest
107.9810,170913,rest
107.9851,170479,rest
107.9897,170969,rest
107.9968,171012,rest
107.9990,171707,rest
108.0048,171216,rest
108.0073,171150,rest
108.0138,170863,rest
108.0160,171227,rest
108.0180,170956,rest
108.0192,17,rest
108.0237,1236,rest
108.0258,171105,rest
108.0263,171012,rest
108.0347,170930,rest
108.0382,171363,rest
108.0400,170478,rest
108.0476,171226,rest
108.0494,170984,rest
108.0538,170929,rest
108.0592,171206,rest
108.0613,171265,rest
108.0630,170880,rest
108.0705,171513,rest
108.0750,171008,rest
108.0785,170394,rest
108.0823,171764,rest
108.0863,170849,rest
108.0896,171003,rest
108.0952,171026,rest
108.0982,171052,rest
108.1032,171192,rest
108.1082,171178,rest
108.1108,170579,rest
108.1129,171584,rest
108.1198,170873,rest
108.1225,170643,rest
108.1269,171235,rest
108.1299,170138,rest
108.1336,170975,rest
108.1400,170813,rest
108.1434,171066,rest
108.1466,171013,rest
108.1485,17,rest
108.1513,1334,rest
108.1546,170890,rest
108.1552,171315,rest
108.1588,170493,rest
108.1630,171039,rest
108.1655,170500,rest
108.1703,171576,rest
108.1750,170841,rest
108.1815,171021,rest
108.1848,171163,rest
108.1859,170642,rest
108.1905,170857,rest
108.1950,170964,rest
108.1998,170692,rest
108.2025,170958,rest
108.2064,170697,rest
108.2122,170831,rest
108.2145,171013,rest
108.2203,170560,rest
108.2229,171071,rest
108.2282,171481,rest
108.2312,170906,rest
108.2377,171256,rest
108.2387,171276,rest
108.2452,170852,rest
108.2468,170747,rest
108.2514,170746,rest
108.2556,170621,rest
108.2595,171106,rest
108.2636,171420,rest
108.2688,171077,rest
108.2738,170933,rest
108.2753,17,rest
108.2758,1514,rest
108.2774,1711,rest
108.2800,74,rest
108.2823,171234,rest
108.2879,171181,rest
108.2896,170994,rest
108.2941,170614,rest
108.2992,170711,rest
108.3032,170853,rest
108.3079,170757,rest
108.3089,170932,rest
108.3132,170773,rest
108.3185,171229,rest
108.3228,171337,rest
108.3264,170963,rest
108.3302,171163,rest
108.3331,171546,rest
108.3410,171429,rest
108.3424,171392,rest
108.3456,171135,rest
108.3497,170995,rest
108.3539,170803,rest
108.3597,170976,rest
108.3632,170861,rest
108.3678,171361,rest
108.3723,171060,rest
108.3742,171045,rest
108.3785,171211,rest
108.3836,171056,rest
108.3866,170928,rest
108.3938,170850,rest
108.3950,170563,rest
108.3988,170874,rest
108.4005,1,rest
108.4046,71090,rest
108.4057,1711,rest
108.4079,71,rest
108.4105,170610,rest
108.4115,171280,rest
108.4164,170855,rest
108.4210,171040,rest
108.4244,171706,rest
108.4281,170639,rest
108.4372,170793,rest
108.4432,170803,rest
108.4500,170996,rest
108.4536,170961,rest
108.4542,170511,rest
108.4544,170841,rest
108.4567,170909,rest
108.4609,170412,rest
108.4648,171139,rest
108.4689,171319,rest
108.4724,171486,rest
108.4773,170751,rest
108.4811,170817,rest
108.4852,170675,rest
108.4913,171153,rest
108.4959,170998,rest
108.4987,170637,rest
108.5015,171095,rest
108.5082,170913,rest
108.5113,171491,rest
108.5152,170838,rest
108.5188,170929,rest
108.5233,171017,rest
108.5263,170698,rest
108.5276,1,rest
108.5298,70906,rest
108.5311,1707,rest
108.5336,50,rest
108.5357,170824,rest
108.5377,170623,rest
108.5456,171232,rest
108.5464,170926,rest
108.5504,171070,rest
108.5543,171052,rest
108.5593,171145,rest
108.5643,171215,rest
108.5699,170863,rest
108.5743,170626,rest
108.5773,170677,rest
108.5803,171079,rest
108.5831,171188,rest
108.5873,170983,rest
108.5938,170778,rest
108.5967,170685,rest
108.6008,170760,rest
108.6078,171417,rest
108.6105,170690,rest
108.6133,170935,rest
108.6177,171288,rest
108.6226,171141,rest
108.6262,171545,rest
108.6314,170737,rest
108.6337,171027,rest
108.6393,171072,rest
108.6417,171069,rest
108.6482,171268,rest
108.6510,170869,rest
108.6543,171113,rest
108.6557,1,rest
108.6580,70817,rest
108.6621,170462,rest
108.6646,171075,rest
108.6669,171053,rest
108.6707,170852,rest
108.6769,171282,rest
108.6783,170821,rest
108.6844,171325,rest
108.6867,170659,rest
108.6914,170974,rest
108.6961,170958,rest
108.6997,170847,rest
108.7040,170358,rest
108.7087,171004,rest
108.7129,171082,rest
108.7188,170751,rest
108.7222,170573,rest
108.7256,171072,rest
108.7274,171156,rest
108.7324,171119,rest
108.7370,170572,rest
108.7389,170848,rest
108.7429,171015,rest
108.7493,171137,rest
108.7543,171009,rest
108.7584,171059,rest
108.7619,171067,rest
108.7659,170630,rest
108.7692,171039,rest
108.7754,170902,rest
108.7784,171076,rest
108.7819,171143,rest
108.7854,171470,rest
108.7878,170,rest
108.7885,832,rest
108.7904,171017,rest
108.7922,170621,rest
108.7962,171133,rest
108.7998,171851,rest
108.8040,171206,rest
108.8098,170702,rest
108.8134,170671,rest
108.8182,171329,rest
108.8234,170833,rest
108.8271,171397,rest
108.8297,170819,rest
108.8349,170664,rest
108.8384,170392,rest
108.8437,171614,rest
108.8478,171157,rest
108.8503,171348,rest
108.8547,170837,rest
108.8644,171172,rest
108.8674,171298,rest
108.8682,171101,rest
108.8715,171294,rest
108.8737,171380,rest
108.8784,170948,rest
108.8820,171461,rest
108.8892,171109,rest
108.8901,171286,rest
108.8944,171000,rest
108.8985,170864,rest
108.9040,171231,rest
108.9095,171768,rest
108.9145,171123,rest
108.9169,171026,rest
108.9186,171570,rest
108.9216,171762,rest
108.9268,170951,rest
108.9298,171308,rest
108.9356,170910,rest
108.9396,170997,rest
108.9412,170910,rest
108.9467,170942,rest
108.9497,171572,rest
108.9524,170878,rest
108.9578,170741,rest
108.9641,171468,rest
108.9678,171173,rest
108.9705,171471,rest
108.9749,171203,rest
108.9785,170566,rest
108.9816,171027,rest
108.9869,171133,rest
108.9915,171026,rest
108.9928,171185,rest
108.9968,171304,rest
109.0009,170673,rest
109.0077,171375,rest
109.0090,170958,rest
109.0132,170944,rest
109.0180,171299,rest
109.0213,170840,rest
109.0270,171633,rest
109.0358,171370,rest
109.0363,170674,rest
109.0394,171179,rest
109.0415,17,rest
109.0422,0837,rest
109.0464,171581,rest
109.0469,171083,rest
109.0498,171643,rest
109.0578,171324,rest
109.0583,171232,rest
109.0637,171178,rest
109.0668,171140,rest
109.0752,170503,rest
109.0777,171431,rest
109.0799,171129,rest
109.0826,171032,rest
109.0872,171189,rest
109.0925,170965,rest
109.0955,170790,rest
109.0994,170744,rest
109.1038,171306,rest
109.1088,171565,rest
109.1133,171238,rest
109.1168,171528,rest
109.1204,171254,rest
109.1248,171399,rest
109.1299,171243,rest
109.1353,171606,rest
109.1366,170978,rest
109.1417,171038,rest
109.1455,171025,rest
109.1492,170789,rest
109.1544,171921,rest
109.1576,170673,rest
109.1620,170548,rest
109.1661,170636,rest
109.1685,17,rest
109.1702,0747,rest
109.1735,171281,rest
109.1751,171080,rest
109.1788,171113,rest
109.1819,170963,rest
109.1850,170855,rest
109.1907,170850,rest
109.1948,170955,rest
109.1983,171119,rest
109.2033,171265,rest
109.2077,170924,rest
109.2139,171049,rest
109.2160,171380,rest
109.2200,170814,rest
109.2248,170979,rest
109.2279,170573,rest
109.2314,171034,rest
109.2344,171413,rest
109.2396,170864,rest
109.2454,171242,rest
109.2475,171507,rest
109.2528,170705,rest
109.2552,171224,rest
109.2590,170993,rest
109.2630,170919,rest
109.2671,171068,rest
109.2719,171116,rest
109.2771,171118,rest
109.2811,171447,rest
109.2859,170719,rest
109.2904,171644,rest
109.2942,171002,rest
109.2969,170945,rest
109.3005,171140,rest
109.3016,171105,rest
109.3082,170993,rest
109.3097,171318,rest
109.3139,171455,rest
109.3185,170982,rest
109.3220,171112,rest
109.3249,170621,rest
109.3287,170490,rest
109.3341,171299,rest
109.3383,171380,rest
109.3406,170584,rest
109.3475,170668,rest
109.3492,171317,rest
109.3544,171497,rest
109.3583,170822,rest
109.3622,171775,rest
109.3674,171263,rest
109.3690,171230,rest
109.3732,171172,rest
109.3776,170751,rest
109.3817,171253,rest
109.3859,171071,rest
109.3911,171071,rest
109.3982,171607,rest
109.4025,171383,rest
109.4076,171051,rest
109.4081,171141,rest
109.4107,170887,rest
109.4146,171109,rest
109.4187,171704,rest
109.4202,17,rest
109.4244,0980,rest
109.4271,1708,rest
109.4296,16,rest
109.4332,170886,rest
109.4342,171222,rest
109.4358,170920,rest
109.4393,171166,rest
109.4450,171055,rest
109.4477,171172,rest
109.4516,171024,rest
109.4557,171027,rest
109.4601,170896,rest
109.4639,171092,rest
109.4709,170799,rest
109.4723,171309,rest
109.4758,171343,rest
109.4811,171042,rest
109.4875,171277,rest
109.4882,171144,rest
109.4925,170825,rest
109.4964,171386,rest
109.5003,170645,rest
109.5074,170695,rest
109.5088,170934,rest
109.5128,170891,rest
109.5170,171330,rest
109.5225,171227,rest
109.5292,171554,rest
109.5356,170775,rest
109.5365,170871,rest
109.5397,171422,rest
109.5440,171129,rest
109.5541,171308,rest
109.5556,170935,rest
109.5562,171240,rest
109.5575,170720,rest
109.5580,171084,rest
109.5620,170909,rest
109.5661,171322,rest
109.5710,171630,rest
109.5820,171193,rest
109.5871,171331,rest
109.5872,170527,rest
109.5874,171087,rest
109.5907,170841,rest
109.5948,170771,rest
109.5990,171731,rest
109.6030,171161,rest
109.6072,170997,rest
109.6112,170727,rest
109.6166,171227,rest
109.6193,170776,rest
109.6236,170506,rest
109.6276,171406,rest
109.6316,170580,rest
109.6369,171440,rest
109.6439,170888,rest
109.6447,171149,rest
109.6481,170879,rest
109.6521,171393,rest
109.6560,171290,rest
109.6603,170743,rest
109.6645,171400,rest
109.6685,171326,rest
109.6726,170712,rest
109.6741,1,rest
109.6767,71184,rest
109.6786,1712,rest
109.6805,25,rest
109.6837,171134,rest
109.6882,171338,rest
109.6890,171024,rest
109.6930,171024,rest
109.6972,170671,rest
109.7013,170901,rest
109.7056,171246,rest
109.7097,171380,rest
109.7138,170650,rest
109.7176,171255,rest
109.7219,171013,rest
109.7259,171457,rest
109.7367,170973,rest
109.7369,171053,rest
109.7382,171165,rest
109.7524,171286,rest
109.7541,171531,rest
109.7549,170944,rest
109.7554,170992,rest
109.7587,170918,rest
109.7627,171351,rest
109.7669,171091,rest
109.7716,171368,rest
109.7750,170648,rest
109.7791,171525,rest
109.7832,171260,rest
109.7877,171465,rest
109.7914,170374,rest
109.7965,170383,rest
109.7999,170504,rest
109.8015,1,rest
109.8069,71170,rest
109.8154,170983,rest
109.8197,171032,rest
109.8205,171238,rest
109.8207,171415,rest
109.8208,170658,rest
109.8304,171268,rest
109.8337,171022,rest
109.8370,170922,rest
109.8372,170433,rest
109.8480,170948,rest
109.8504,170343,rest
109.8524,170986,rest
109.8551,171060,rest
109.8614,171294,rest
109.8677,171167,rest
109.8703,170866,rest
109.8711,171027,rest
109.8734,170496,rest
109.8772,170595,rest
109.8818,170992,rest
109.8857,170882,rest
109.8897,171544,rest
109.8938,171000,rest
109.8978,171362,rest
109.9020,171182,rest
109.9061,170628,rest
109.9100,171121,rest
109.9143,171537,rest
109.9183,171588,rest
109.9235,171053,rest
109.9298,170931,rest
109.9306,170986,rest
109.9323,171,rest
109.9357,261,rest
109.9375,170752,rest
109.9389,171212,rest
109.9429,171162,rest
109.9485,171004,rest
109.9542,171251,rest
109.9552,171009,rest
109.9602,171393,rest
109.9675,170988,rest
109.9716,170775,rest
109.9753,171178,rest
109.9763,170861,rest
109.9882,171596,rest
109.9889,171166,rest
109.9922,171361,rest
109.9927,171031,rest
110.0009,171386,rest
110.0035,170569,rest
110.0047,171478,rest
110.0085,170872,rest
110.0126,170472,rest
110.0165,171213,rest
110.0213,170286,rest
110.0249,170515,rest
110.0290,171284,rest
110.0331,170809,rest
110.0378,170863,rest
110.0417,170964,rest
110.0472,170403,rest
110.0495,171039,rest
110.0534,170953,rest
110.0577,171146,rest
110.0596,171,rest
110.0615,166,rest
110.0633,171023,rest
110.0662,170842,rest
110.0698,171396,rest
110.0739,171209,rest
110.0781,170754,rest
110.0822,170749,rest
110.0863,170647,rest
110.0903,170810,rest
110.0946,171414,rest
110.0986,171021,rest
110.1040,170571,rest
110.1077,170651,rest
110.1127,170885,rest
110.1165,170795,rest
110.1210,171138,rest
110.1231,171067,rest
110.1273,171016,rest
110.1313,170921,rest
110.1354,170992,rest
110.1398,171600,rest
110.1435,171127,rest
110.1483,171416,rest
110.1519,170896,rest
110.1580,171019,rest
110.1604,170976,rest
110.1667,171582,rest
110.1694,170686,rest
110.1751,170901,rest
110.1784,171015,rest
110.1827,171416,rest
110.1855,170899,rest
110.1881,17,rest
110.1885,1441,rest
110.1904,17076,rest
110.1959,4,rest
110.1963,171194,rest
110.2008,171247,rest
110.2033,171181,rest
110.2051,170624,rest
110.2090,171184,rest
110.2133,171356,rest
110.2178,171107,rest
110.2222,171313,rest
110.2341,171060,rest
110.2345,171203,rest
110.2352,171451,rest
110.2437,171416,rest
110.2476,170960,rest
110.2538,171582,rest
110.2544,170780,rest
110.2550,171269,rest
110.2583,171249,rest
110.2626,171015,rest
110.2665,170826,rest
110.2710,171284,rest
110.2776,170511,rest
110.2825,170632,rest
110.2854,171260,rest
110.2921,171524,rest
110.2942,170864,rest
110.2972,170932,rest
110.2989,171121,rest
110.3031,171379,rest
110.3075,170919,rest
110.3115,171115,rest
110.3133,17,rest
110.3155,1104,rest
110.3170,1712,rest
110.3195,76,rest
110.3233,171082,rest
110.3257,171191,rest
110.3369,170669,rest
110.3370,171258,rest
110.3372,171655,rest
110.3439,171204,rest
110.3457,171093,rest
110.3489,171226,rest
110.3535,171232,rest
110.3642,170977,rest
110.3651,170972,rest
110.3661,171090,rest
110.3689,171211,rest
110.3729,171559,rest
110.3770,171136,rest
110.3812,171077,rest
110.3852,171062,rest
110.3912,171134,rest
110.3977,170963,rest
110.3982,170568,rest
110.4017,171039,rest
110.4127,170780,rest
110.4133,170669,rest
110.4139,171058,rest
110.4177,171046,rest
110.4276,170992,rest
110.4367,170678,rest
110.4376,171277,rest
110.4381,171192,rest
110.4386,170931,rest
110.4403,1,rest
110.4426,71168,rest
110.4441,1709,rest
110.4465,24,rest
110.4485,170781,rest
110.4527,171459,rest
110.4549,171229,rest
110.4591,170976,rest
110.4631,170569,rest
110.4672,171063,rest
110.4741,170862,rest
110.4771,171516,rest
110.4824,170547,rest
110.4866,171014,rest
110.4879,170925,rest
110.4918,170929,rest
110.4958,171299,rest
110.5000,171133,rest
110.5062,170606,rest
110.5082,170698,rest
110.5126,171101,rest
110.5163,171038,rest
110.5208,171400,rest
110.5269,171147,rest
110.5309,171613,rest
110.5354,171067,rest
110.5378,171194,rest
110.5409,171034,rest
110.5450,170808,rest
110.5538,170901,rest
110.5546,171089,rest
110.5573,171305,rest
110.5614,170869,rest
110.5655,170773,rest
110.5669,1,rest
110.5703,71361,rest
110.5721,171,rest
110.5736,395,rest
110.5753,171179,rest
110.5780,171030,rest
110.5870,171141,rest
110.5894,171285,rest
110.5900,171095,rest
110.5942,170748,rest
110.6040,171450,rest
110.6046,170746,rest
110.6066,171020,rest
110.6106,170648,rest
110.6147,170556,rest
110.6187,170582,rest
110.6255,170733,rest
110.6286,170923,rest
110.6329,170939,rest
110.6356,171189,rest
110.6408,171241,rest
110.6468,170569,rest
110.6509,171159,rest
110.6512,171161,rest
110.6590,170432,rest
110.6613,170996,rest
110.6652,170711,rest
110.6677,170924,rest
110.6719,171098,rest
110.6761,170976,rest
110.6802,171108,rest
110.6843,171081,rest
110.6884,171167,rest
110.6925,170954,rest
110.6935,1,rest
110.6965,71164,rest
110.6980,171,rest
110.7005,113,rest
110.7018,170680,rest
110.7054,171211,rest
110.7170,171205,rest
110.7177,170853,rest
110.7183,170762,rest
110.7212,170728,rest
110.7253,170510,rest
110.7294,171324,rest
110.7334,170972,rest
110.7382,170405,rest
110.7416,170863,rest
110.7457,171431,rest
110.7498,170693,rest
110.7543,171230,rest
110.7580,171350,rest
110.7621,171100,rest
110.7662,170855,rest
110.7707,171128,rest
110.7788,170988,rest
110.7796,170751,rest
110.7825,171042,rest
110.7862,171162,rest
110.7915,171130,rest
110.7959,171226,rest
110.7996,170832,rest
110.8043,170920,rest
110.8107,171183,rest
110.8158,170918,rest
110.8168,170854,rest
110.8209,170522,rest
110.8237,171146,rest
110.8254,170,rest
110.8275,905,rest
110.8291,17088,rest
110.8315,4,rest
110.8321,170952,rest
110.8373,171075,rest
110.8398,170745,rest
110.8534,170815,rest
110.8547,170987,rest
110.8551,171202,rest
110.8562,171120,rest
110.8612,171068,rest
110.8644,170595,rest
110.8683,171169,rest
110.8727,170615,rest
110.8768,170815,rest
110.8809,171187,rest
110.8849,170957,rest
110.8892,171030,rest
110.8931,171223,rest
110.8972,171352,rest
110.9014,170674,rest
110.9063,171107,rest
110.9111,171196,rest
110.9209,170917,rest
110.9233,170984,rest
110.9309,171242,rest
110.9337,171158,rest
110.9362,170790,rest
110.9363,171277,rest
110.9432,171091,rest
110.9532,170525,rest
110.9539,171231,rest
110.9612,170737,rest
110.9640,170889,rest
110.9645,171569,rest
110.9813,171304,rest
110.9817,170549,rest
110.9822,170897,rest
110.9826,170735,rest
110.9833,171112,rest
110.9839,170912,rest
110.9844,171499,rest
110.9873,170887,rest
110.9915,171150,rest
110.9956,170963,rest
110.9997,170704,rest
111.0040,171220,rest
111.0079,171259,rest
111.0118,170827,rest
111.0160,171042,rest
111.0208,171134,rest
111.0292,171104,rest
111.0298,170535,rest
111.0325,170802,rest
111.0361,170887,rest
111.0422,170455,rest
111.0472,170702,rest
111.0520,171199,rest
111.0549,170658,rest
111.0570,170934,rest
111.0611,171175,rest
111.0654,170843,rest
111.0701,171122,rest
111.0792,170639,rest
111.0811,171266,rest
111.0858,170941,rest
111.0866,171264,rest
111.0870,171035,rest
111.0940,171438,rest
111.0966,170622,rest
111.0989,170783,rest
111.1040,171211,rest
111.1063,171198,rest
111.1110,170961,rest
111.1142,171029,rest
111.1184,170948,rest
111.1225,170887,rest
111.1267,171368,rest
111.1307,170977,rest
111.1348,171394,rest
111.1391,171276,rest
111.1431,171305,rest
111.1471,171146,rest
111.1546,170837,rest
111.1555,171015,rest
111.1627,170977,rest
111.1654,170863,rest
111.1696,170748,rest
111.1737,170805,rest
111.1810,171159,rest
111.1859,171190,rest
111.1861,170419,rest
111.1880,170498,rest
111.1921,170415,rest
111.1962,170865,rest
111.2003,170878,rest
111.2045,171559,rest
111.2056,1,rest
111.2087,70511,rest
111.2101,1709,rest
111.2128,00,rest
111.2145,170995,rest
111.2172,170932,rest
111.2209,170974,rest
111.2250,171324,rest
111.2294,170803,rest
111.2335,170930,rest
111.2375,170663,rest
111.2493,170405,rest
111.2498,170837,rest
111.2519,170300,rest
111.2539,170974,rest
111.2656,170981,rest
111.2700,170967,rest
111.2709,170826,rest
111.2716,170793,rest
111.2739,171288,rest
111.2782,170951,rest
111.2822,170925,rest
111.2863,171221,rest
111.2904,171224,rest
111.2945,170963,rest
111.2986,170738,rest
111.3037,170804,rest
111.3069,170616,rest
111.3112,171141,rest
111.3156,170823,rest
111.3188,170601,rest
111.3229,171484,rest
111.3270,170904,rest
111.3312,171401,rest
111.3320,1,rest
111.3384,70830,rest
111.3506,171213,rest
111.3508,170891,rest
111.3509,170688,rest
111.3511,171210,rest
111.3515,170752,rest
111.3556,171176,rest
111.3597,171231,rest
111.3638,170834,rest
111.3679,171274,rest
111.3721,170951,rest
111.3762,171159,rest
111.3802,170829,rest
111.3843,170963,rest
111.3884,170667,rest
111.3925,170887,rest
111.3977,171027,rest
111.4010,170709,rest
111.4049,170816,rest
111.4150,170330,rest
111.4152,170853,rest
111.4171,171202,rest
111.4213,170781,rest
111.4254,171239,rest
111.4293,170609,rest
111.4334,170860,rest
111.4376,171031,rest
111.4417,170777,rest
111.4457,171375,rest
111.4498,170925,rest
111.4540,171008,rest
111.4582,170909,rest
111.4595,1,rest
111.4621,70959,rest
111.4634,1709,rest
111.4661,64,rest
111.4678,171505,rest
111.4704,170892,rest
111.4744,170577,rest
