time_s,value,state
0.0045,47041,none
0.0049,47019,none
0.0078,47999,none
0.0119,48352,none
0.0159,48333,none
0.0201,48948,none
0.0243,50383,none
0.0282,49767,none
0.0333,50741,none
0.0364,50758,none
0.0406,51653,none
0.0419,5,none
0.0447,1553,none
0.0466,5145,none
0.0489,7,none
0.0492,52434,none
0.0531,52980,none
0.0571,53439,none
0.0614,53715,none
0.0651,53812,none
0.0699,54276,none
0.0766,55316,none
0.0782,55530,none
0.0831,55498,none
0.0927,55425,none
0.0953,56195,none
0.0955,56439,none
0.1025,57479,none
0.1028,57506,none
0.1064,57723,none
0.1106,58314,none
0.1168,57847,none
0.1234,59177,none
0.1332,59213,none
0.1335,59753,none
0.1421,60658,none
0.1444,60543,none
0.1531,61250,none
0.1533,61391,none
0.1537,61556,none
0.1539,61805,none
0.1584,61797,none
0.1617,62808,none
0.1640,63344,none
0.1792,63649,none
0.1793,63726,none
0.1793,63922,none
0.1805,64469,none
0.1820,65181,none
0.1892,65362,none
0.1894,66174,none
0.1972,65373,none
0.1975,66708,none
0.2039,67016,none
0.2064,66876,none
0.2102,67497,none
0.2140,68326,none
0.2254,68269,none
0.2254,68686,none
0.2261,68615,none
0.2324,69062,none
0.2346,68610,none
0.2452,69971,none
0.2552,70521,none
0.2580,70713,none
0.2581,70463,none
0.2582,70492,none
0.2592,71378,none
0.2627,72323,none
0.2664,71710,none
0.2780,72648,none
0.2866,73333,none
0.2869,73243,none
0.2924,73554,none
0.2985,73401,none
0.3027,73757,none
0.3029,74237,none
0.3051,75589,none
0.3054,74597,none
0.3085,74917,none
0.3101,75532,none
0.3111,75598,none
0.3151,76081,none
0.3191,76691,none
0.3272,77543,none
0.3277,76458,none
0.3348,76894,none
0.3433,77804,none
0.3447,78004,none
0.3467,78428,none
0.3554,78247,none
0.3631,78445,none
0.3676,78977,none
0.3679,79887,none
0.3685,79884,none
0.3692,79860,none
0.3757,80184,none
0.3786,80899,none
0.3835,81311,none
0.3845,81325,none
0.3928,81048,none
0.3959,81844,none
0.3988,82236,none
0.4083,82814,none
0.4122,82630,none
0.4125,83162,none
0.4175,82672,none
0.4189,83246,none
0.4245,83095,none
0.4301,84327,none
0.4331,84098,none
0.4342,84315,none
0.4364,84589,none
0.4431,84731,none
0.4446,85447,none
0.4490,85535,none
0.4515,85988,none
0.4551,86232,none
0.4604,85933,none
0.4634,86760,none
0.4666,87250,none
0.4719,87113,none
0.4768,87568,none
0.4790,87525,none
0.4858,88410,none
0.4900,88783,none
0.4949,88972,none
0.4964,88631,none
0.5010,89260,none
0.5046,90034,none
0.5112,89481,none
0.5150,90326,none
0.5181,89857,none
0.5228,90463,none
0.5243,91019,none
0.5336,91050,none
0.5362,90863,none
0.5375,91670,none
0.5417,91448,none
0.5444,92454,none
0.5547,91588,none
0.5550,92787,none
0.5571,92424,none
0.5586,92607,none
0.5614,93315,none
0.5673,92997,none
0.5702,93680,none
0.5856,93137,none
0.5859,93818,none
0.5861,94056,none
0.5874,94722,none
0.5964,94934,none
0.5982,94580,none
0.5985,94676,none
0.6028,95612,none
0.6085,95544,none
0.6153,95621,none
0.6187,95927,none
0.6189,96067,none
0.6252,96925,none
0.6269,96611,none
0.6305,96942,none
0.6360,96711,none
0.6403,97532,none
0.6460,97220,none
0.6567,97954,none
0.6586,98561,none
0.6599,97847,none
0.6605,99045,none
0.6673,98589,none
0.6676,98773,none
0.6720,99313,none
0.6759,99148,none
0.6817,99695,none
0.6828,1,none
0.6843,00098,none
0.6912,100,none
0.6926,034,none
0.6932,100380,none
0.6969,100068,none
0.6976,100602,none
0.7008,101386,none
0.7046,100845,none
0.7100,101590,none
0.7124,100700,none
0.7170,101735,none
0.7229,102298,none
0.7285,102398,none
0.7313,102765,none
0.7363,102259,none
0.7398,102675,none
0.7463,102485,none
0.7470,103211,none
0.7510,103198,none
0.7655,103568,none
0.7695,104087,none
0.7696,103783,none
0.7743,103563,none
0.7824,104607,none
0.7825,104285,none
0.7846,105010,none
0.7882,105267,none
0.7890,105414,none
0.7921,105458,none
0.7996,105654,none
0.8002,105585,none
0.8026,106060,none
0.8095,106512,none
0.8108,105860,none
0.8126,106,none
0.8169,615,none
0.8208,106252,none
0.8211,107151,none
0.8252,106611,none
0.8286,107329,none
0.8324,107278,none
0.8380,107582,none
0.8414,108093,none
0.8583,107490,none
0.8729,108409,none
0.8732,108240,none
0.8750,108497,none
0.8799,108833,none
0.8814,109387,none
0.8848,108815,none
0.8850,109265,none
0.8863,109361,none
0.8864,109632,none
0.8865,109920,none
0.8920,109401,none
0.8942,109800,none
0.8972,110440,none
0.9044,110540,none
0.9052,109903,none
0.9120,110621,none
0.9153,110224,none
0.9170,111116,none
0.9222,110932,none
0.9296,111857,none
0.9338,111545,none
0.9341,111678,none
0.9465,111888,none
0.9468,112173,none
0.9485,111927,none
0.9489,112564,none
0.9559,112326,none
0.9562,112448,none
0.9645,113032,none
0.9648,113247,none
0.9682,112699,none
0.9724,113271,none
0.9817,113739,none
0.9821,113791,none
0.9898,113789,none
0.9901,113901,none
0.9938,113625,none
1.0005,113953,none
1.0020,114334,none
1.0047,114765,none
1.0089,114309,none
1.0146,114747,none
1.0157,114739,none
1.0208,115030,none
1.0262,115829,none
1.0279,115412,none
1.0335,115655,none
1.0360,115252,none
1.0403,116372,none
1.0471,116964,none
1.0482,116049,none
1.0526,116538,none
1.0572,116630,none
1.0645,116440,none
1.0669,117095,none
1.0708,116460,none
1.0731,11672,none
1.0733,3,none
1.0748,117202,none
1.0782,117363,none
1.0811,117705,none
1.0854,117828,none
1.0904,117871,none
1.0943,117864,none
1.0977,118430,none
1.1034,118499,none
1.1063,118219,none
1.1096,118276,none
1.1154,117965,none
1.1199,118856,none
1.1228,118999,none
1.1375,119053,none
1.1397,119095,none
1.1409,118813,none
1.1410,119062,none
1.1480,120147,none
1.1481,119521,none
1.1525,119699,none
1.1581,120054,none
1.1591,119809,none
1.1642,119995,none
1.1672,120451,none
1.1712,120754,none
1.1751,119887,none
1.1809,120838,none
1.1860,120498,none
1.1878,121094,none
1.1920,120804,none
1.1950,12,none
1.1963,1271,none
1.1980,1215,none
1.2000,92,none
1.2002,121142,none
1.2048,121226,none
1.2101,121949,none
1.2120,121344,none
1.2181,122295,none
1.2206,122428,none
1.2340,122299,none
1.2353,122071,none
1.2360,122016,none
1.2370,122207,none
1.2414,122458,none
1.2468,122347,none
1.2489,123366,none
1.2588,122409,none
1.2660,122989,none
1.2662,123648,none
1.2710,123400,none
1.2774,123521,none
1.2826,122727,none
1.2854,123613,none
1.2882,123986,none
1.2887,123885,none
1.2906,123577,none
1.2965,124504,none
1.3006,124467,none
1.3028,124322,none
1.3072,124392,none
1.3137,124203,none
1.3193,124254,none
1.3208,124591,none
1.3211,12,none
1.3235,5058,none
1.3240,12512,none
1.3283,7,none
1.3303,124843,none
1.3315,124988,none
1.3351,125301,none
1.3419,125149,none
1.3438,126014,none
1.3478,125531,none
1.3517,125561,none
1.3557,126018,none
1.3646,125929,none
1.3652,126322,none
1.3720,125810,none
1.3757,125375,none
1.3766,126081,none
1.3916,127039,none
1.3941,126910,none
1.3979,126623,none
1.4018,126850,none
1.4023,126572,none
1.4026,127330,none
1.4123,126663,none
1.4216,127009,none
1.4240,127683,none
1.4240,127301,none
1.4241,127997,none
1.4436,127810,none
1.4441,127810,none
1.4461,128132,none
1.4462,128012,none
1.4465,128855,none
1.4476,128309,none
1.4492,12,none
1.4594,8369,none
1.4609,129124,none
1.4636,128294,none
1.4650,129313,none
1.4688,129100,none
1.4706,128754,none
1.4714,128929,none
1.4774,129290,none
1.4809,129123,none
1.4860,129582,none
1.4885,129023,none
1.4928,129767,none
1.4963,129669,none
1.4991,129190,none
1.5056,129919,none
1.5098,129623,none
1.5150,130236,none
1.5166,129918,none
1.5230,129912,none
1.5256,130041,none
1.5276,129924,none
1.5314,130607,none
1.5402,130567,none
1.5432,130624,none
1.5465,131101,none
1.5512,130323,none
1.5537,131080,none
1.5586,131366,none
1.5642,131584,none
1.5683,131120,none
1.5744,130935,none
1.5765,131348,none
1.5768,131171,none
1.5825,131496,none
1.5889,131127,none
1.5909,130932,none
1.5910,131578,none
1.5962,131241,none
1.5993,131463,none
1.6057,131559,none
1.6080,131896,none
1.6126,132159,none
1.6164,131593,none
1.6208,132037,none
1.6255,132068,none
1.6286,131840,none
1.6331,132586,none
1.6360,132387,none
1.6425,132490,none
1.6429,132865,none
1.6477,132657,none
1.6516,133059,none
1.6564,132656,none
1.6633,133431,none
1.6653,133152,none
1.6707,133259,none
1.6778,132647,none
1.6781,133032,none
1.6794,133628,none
1.6875,133628,none
1.6876,133220,none
1.6933,133256,none
1.6977,133647,none
1.7009,134138,none
1.7034,1,none
1.7059,34444,none
1.7118,134363,none
1.7146,134062,none
1.7175,134113,none
1.7204,134080,none
1.7209,134080,none
1.7248,134460,none
1.7353,134472,none
1.7359,134095,none
1.7404,134753,none
1.7426,134481,none
1.7485,134338,none
1.7493,134696,none
1.7528,134460,none
1.7607,134744,none
1.7634,135268,none
1.7682,135734,none
1.7719,135285,none
1.7842,134997,none
1.7855,135080,none
1.7960,135569,none
1.7982,135559,none
1.8013,135211,none
1.8035,135164,none
1.8050,135239,none
1.8068,135937,none
1.8083,135997,none
1.8135,135633,none
1.8207,135150,none
1.8224,135746,none
1.8225,136230,none
1.8266,136293,none
1.8759,136200,none
1.8783,135951,none
1.8917,136686,none
1.9233,136859,none
1.9321,136468,none
1.9322,136253,none
1.9414,136177,none
1.9529,136427,none
1.9569,136741,none
1.9570,137237,none
1.9580,136422,none
1.9602,136597,none
1.9603,137012,none
1.9626,137081,none
1.9650,137350,none
1.9679,136584,none
1.9692,137030,none
1.9693,137418,none
1.9714,137632,none
1.9734,137674,none
1.9769,136953,none
1.9810,137969,none
1.9839,137777,none
1.9840,137591,none
1.9876,138208,none
1.9893,137071,none
1.9917,138297,none
1.9918,138458,none
1.9944,138417,none
1.9967,137984,none
1.9990,137780,none
2.0026,138176,none
2.0045,137926,none
2.0071,138204,none
2.0107,138253,none
2.0173,138214,none
2.0215,138917,none
2.0221,138614,none
2.0231,138597,none
2.0233,138677,none
2.0266,138946,none
2.0298,139204,none
2.0315,138787,none
2.0331,138774,none
2.0352,139149,none
2.0371,138646,none
2.0394,140083,none
2.0412,138862,none
2.0417,139200,none
2.0429,139159,none
2.0430,139177,none
2.0430,139340,none
2.0431,139627,none
2.0437,139803,none
2.0455,140003,none
2.0511,140073,none
2.0545,140266,none
2.0583,139772,none
2.0639,139943,none
2.0684,139790,none
2.0685,139404,none
2.0752,140150,none
2.0791,139363,none
2.0843,140238,none
2.0864,140417,none
2.0906,139911,none
2.0938,140335,none
2.0948,139133,none
2.0990,140921,none
2.1029,140420,none
2.1063,139856,none
2.1108,140660,none
2.1156,140620,none
2.1216,140574,none
2.1227,141053,none
2.1268,140758,none
2.1320,140583,none
2.1368,140425,none
2.1413,140582,none
2.1431,141211,none
2.1485,141098,none
2.1520,141099,none
2.1565,140698,none
2.1664,141235,none
2.1746,141417,none
2.1867,140932,none
2.1949,140558,none
2.1950,140830,none
2.1950,141312,none
2.1969,141699,none
2.2031,141320,none
2.2033,141685,none
2.2105,140686,none
2.2123,141372,none
2.2129,141804,none
2.2154,141333,none
2.2240,142023,none
2.2244,141093,none
2.2245,141904,none
2.2257,141907,none
2.2258,142118,none
2.2299,141780,none
2.2412,141859,none
2.2574,142029,none
2.2575,142265,none
2.2579,141557,none
2.2727,142177,none
2.2728,141909,none
2.2792,142472,none
2.2920,142746,none
2.3077,142045,none
2.3105,142813,none
2.3124,142089,none
2.3138,142209,none
2.3145,142492,none
2.3159,142847,none
2.3175,142468,none
2.3191,142475,none
2.3192,142498,none
2.3205,142141,none
2.3229,142170,none
2.3247,142743,none
2.3254,141975,none
2.3341,142777,none
2.3415,143582,none
2.3433,143699,none
2.3464,142595,none
2.3495,142437,none
2.3513,142840,none
2.3527,143217,none
2.3536,143733,none
2.3537,143237,none
2.3558,142838,none
2.3559,142856,none
2.3615,143579,none
2.3662,143777,none
2.3692,143362,none
2.3751,143721,none
2.3778,143349,none
2.3807,143863,none
2.3856,143472,none
2.3896,142851,none
2.3918,143488,none
2.4061,143918,none
2.4120,143660,none
2.4285,143690,none
2.4367,143021,none
2.4408,143290,none
2.4429,143989,none
2.4478,144338,none
2.4496,144235,none
2.4497,144061,none
2.4530,144657,none
2.4618,144471,none
2.4657,144171,none
2.4818,143704,none
2.4837,143938,none
2.4838,144478,none
2.4843,144995,none
2.4897,144080,none
2.5074,144770,none
2.5206,144626,none
2.5207,144569,none
2.5208,144453,none
2.5271,144665,none
2.5272,144812,none
2.5316,144635,none
2.5317,144707,none
2.5341,144308,none
2.5344,145121,none
2.5345,145238,none
2.5393,144479,none
2.5478,145277,none
2.5481,144900,none
2.5482,144521,none
2.5483,144929,none
2.5484,145013,none
2.5512,144882,none
2.5532,145135,none
2.5732,145339,none
2.5733,145289,none
2.5734,144847,none
2.5759,145498,none
2.5762,145536,none
2.5786,145103,none
2.5830,145668,none
2.6065,145768,none
2.6066,145010,none
2.6068,145507,none
2.6209,146014,none
2.6235,145442,none
2.6280,145117,none
2.6298,145933,none
2.6322,145444,none
2.6343,145681,none
2.6363,145951,none
2.6385,145373,none
2.6408,145459,none
2.6425,145734,none
2.6447,145688,none
2.6454,146250,none
2.6477,145888,none
2.6504,145981,none
2.6521,145026,none
2.6539,145046,none
2.6552,146058,none
2.6558,145612,none
2.6565,145947,none
2.6618,145651,none
2.6620,146172,none
2.6660,146165,none
2.6661,146120,none
2.6701,146475,none
2.6771,146473,none
2.6823,147314,none
2.7057,146375,none
2.7180,145905,none
2.7181,146350,none
2.7271,146362,none
2.7274,146295,none
2.7356,146753,none
2.7519,146466,none
2.7724,146468,none
2.7897,146387,none
2.7901,146627,none
2.7932,146705,none
2.7957,147011,none
2.8011,146824,none
2.8045,146583,none
2.8095,146484,none
2.8152,146463,none
2.8229,146544,none
2.8563,146764,none
2.8666,146800,none
2.8730,147033,none
2.8731,147073,none
2.8748,146587,none
2.8900,146694,none
2.8953,146192,none
2.8999,146817,none
2.9039,146858,none
2.9040,146498,none
2.9070,146884,none
2.9099,146748,none
2.9128,146696,none
2.9135,146976,none
2.9190,147157,none
2.9211,146686,none
2.9229,147390,none
2.9230,147406,none
2.9230,147151,none
2.9231,146701,none
2.9243,147205,none
2.9284,147195,none
2.9336,147090,none
2.9377,146663,none
2.9394,147234,none
2.9444,146953,none
2.9474,147350,none
2.9503,147067,none
2.9504,147966,none
2.9546,147830,none
2.9568,147072,none
2.9590,147300,none
2.9591,147282,none
2.9595,147211,none
2.9628,148136,none
2.9630,146650,none
2.9630,147367,none
2.9671,147465,none
2.9701,147796,none
2.9713,147757,none
2.9714,146951,none
2.9725,148012,none
2.9726,147505,none
2.9754,148192,none
2.9793,147858,none
2.9813,148095,none
2.9833,147430,none
2.9850,148027,none
2.9856,148101,none
2.9886,148138,none
2.9896,147569,none
2.9928,147976,none
2.9951,147528,none
2.9963,148709,none
2.9964,147955,none
2.9965,147912,none
2.9967,147886,none
2.9994,148400,none
3.0022,147828,none
3.0023,147853,none
3.0038,148043,none
3.0039,148049,none
3.0054,148113,none
3.0072,147962,none
3.0073,148501,none
3.0182,147959,none
3.0223,148691,none
3.0225,148462,none
3.0226,148258,none
3.0241,148385,none
3.0357,148443,none
3.0380,148869,none
3.0382,148136,none
3.0435,148951,none
3.0438,148905,none
3.0555,148748,none
3.0562,149033,none
3.0902,148154,none
3.0905,148906,none
3.0914,149284,none
3.0927,148458,none
3.0941,149251,none
3.0948,148546,none
3.0951,149010,none
3.0954,148969,none
3.0957,148708,none
3.0986,148460,none
3.1041,148695,none
3.1075,148825,none
3.1266,148893,none
3.1407,148271,none
3.1451,148989,none
3.1452,148335,none
3.1454,148569,none
3.1455,150013,none
3.1534,148630,none
3.1537,149287,none
3.1540,149126,none
3.1574,149173,none
3.1575,148884,none
3.1577,149206,none
3.1657,149218,none
3.1853,149373,none
3.1872,149684,none
3.1927,149363,none
3.1958,149500,none
3.1959,149787,none
3.2002,148622,none
3.2023,149335,none
3.2024,149799,none
3.2062,149155,none
3.2095,149251,none
3.2110,148681,none
3.2111,149641,none
3.2136,149220,none
3.2159,149260,none
3.2166,149418,none
3.2167,149136,none
3.2220,149475,none
3.2261,148948,none
3.2295,149749,none
3.2332,149347,none
3.2350,14,none
3.2368,9378,none
3.2391,14943,none
3.2396,4,none
3.2418,150037,none
3.2478,149261,none
3.2479,149530,none
3.2549,149436,none
3.2573,150235,none
3.2603,149710,none
3.2652,149757,none
3.2738,150063,none
3.2894,149080,none
3.2994,149858,none
3.3009,149547,none
3.3012,149401,none
3.3015,149672,none
3.3070,149771,none
3.3169,149530,none
3.3173,150168,none
3.3228,149370,none
3.3239,150057,none
3.3254,149830,none
3.3381,150127,none
3.3406,150514,none
3.3445,149864,none
3.3462,149948,none
3.3463,149962,none
3.3480,149725,none
3.3510,149933,none
3.3530,149678,none
3.3548,150253,none
3.3580,149408,none
3.3607,150334,none
3.3650,149900,none
3.3656,14982,none
3.3671,7,none
3.3684,150026,none
3.3716,149151,none
3.3772,150102,none
3.3829,150303,none
3.3832,150624,none
3.3911,149749,none
3.3953,150488,none
3.4007,150349,none
3.4014,150446,none
3.4048,150700,none
3.4173,150124,none
3.4176,149962,none
3.4192,150636,none
3.4267,150508,none
3.4393,151002,none
3.4402,150571,none
3.4518,150152,none
3.4527,150726,none
3.4561,150439,none
3.4597,150798,none
3.4633,150495,none
3.4672,150895,none
3.4716,149947,none
3.4738,150654,none
3.4741,150825,none
3.4744,150862,none
3.4746,150957,none
3.4812,150423,none
3.4849,151097,none
3.4864,150790,none
3.4873,1,none
3.4908,49952,none
3.4945,149877,none
3.4983,150196,none
3.5017,151113,none
3.5039,151401,none
3.5078,150393,none
3.5137,151158,none
3.5156,151366,none
3.5212,151005,none
3.5235,150843,none
3.5300,150262,none
3.5406,151225,none
3.5504,150862,none
3.5549,150690,none
3.5585,151071,none
3.5670,151070,none
3.5683,150998,none
3.5729,150938,none
3.5743,151626,none
3.5753,150539,none
3.5757,150531,none
3.5786,151119,none
3.5808,150821,none
3.5817,150913,none
3.5865,151256,none
3.5899,150350,none
3.5925,151171,none
3.5984,150871,none
3.6000,151186,none
3.6085,151094,none
3.6181,150860,none
3.6321,151296,none
3.6404,150911,none
3.6422,150989,none
3.6423,151191,none
3.6476,151001,none
3.6517,151411,none
3.6550,151038,none
3.6567,151475,none
3.6616,151231,none
3.6649,151548,none
3.6688,151391,none
3.6715,151451,none
3.6726,151575,none
3.6777,151461,none
3.6801,151187,none
3.6841,151701,none
3.6866,150795,none
3.6912,151653,none
3.6962,151625,none
3.6995,151360,none
3.7012,151769,none
3.7046,151385,none
3.7103,151329,none
3.7136,152179,none
3.7137,151200,none
3.7141,151792,none
3.7176,151478,none
3.7207,151862,none
3.7395,151450,none
3.7544,152202,none
3.7558,151391,none
3.7608,151608,none
3.7677,151604,none
3.7678,151710,none
3.7680,151434,none
3.7725,151936,none
3.7744,151035,none
3.7762,152201,none
3.7971,151719,none
3.8004,151810,none
3.8071,151719,none
3.8091,151996,none
3.8094,152000,none
3.8097,152537,none
3.8100,151821,none
3.8103,152462,none
3.8105,151844,none
3.8108,152227,none
3.8111,151780,none
3.8114,152053,none
3.8116,151557,none
3.8187,151764,none
3.8188,151676,none
3.8215,152081,flicker
3.8261,152285,flicker
3.8294,151428,flicker
3.8334,151635,flicker
3.8384,151662,flicker
3.8420,152436,flicker
3.8458,151601,flicker
3.8499,152332,flicker
3.8538,151736,flicker
3.8579,151968,flicker
3.8622,152659,flicker
3.8661,152262,flicker
3.8702,152411,flicker
3.8710,152,flicker
3.8744,362,flicker
3.8748,152249,flicker
3.8792,152429,flicker
3.8824,151693,flicker
3.8865,151933,flicker
3.8908,152167,flicker
3.8947,151906,flicker
3.8988,151963,flicker
3.9029,152550,flicker
3.9070,152044,flicker
3.9111,152866,flicker
3.9152,151995,flicker
3.9193,152073,flicker
3.9234,152202,flicker
3.9279,151963,flicker
3.9317,152699,flicker
3.9358,152688,flicker
3.9398,152577,flicker
3.9439,152252,flicker
3.9480,152032,flicker
3.9520,152838,flicker
3.9562,152686,flicker
3.9607,152287,flicker
3.9644,152459,flicker
3.9684,152073,flicker
3.9725,152103,flicker
3.9789,5,flicker
3.9807,152639,flicker
3.9848,151877,flicker
3.9889,151989,flicker
3.9938,152804,flicker
3.9971,152353,flicker
3.9989,152,flicker
4.0012,900,flicker
4.0028,15265,flicker
4.0053,9,flicker
4.0054,152382,flicker
4.0097,152942,flicker
4.0135,152276,flicker
4.0176,152461,flicker
4.0217,152544,flicker
4.0259,522,flicker
4.0302,152684,flicker
4.0340,152829,flicker
4.0381,153113,flicker
4.0428,152562,flicker
4.0465,152592,flicker
4.0504,153380,flicker
4.0545,152140,flicker
4.0586,152796,flicker
4.0628,152312,flicker
4.0667,152520,flicker
4.0708,152846,flicker
4.0750,152573,flicker
4.0792,152230,flicker
4.0831,153103,flicker
4.0872,152771,flicker
4.0914,152849,flicker
4.0955,152660,flicker
4.0996,153061,flicker
4.1036,152787,flicker
4.1077,152398,flicker
4.1122,152780,flicker
4.1159,152805,flicker
4.1200,152469,flicker
4.1243,152648,flicker
4.1246,15,flicker
4.1282,2453,flicker
4.1297,15302,flicker
4.1323,0,flicker
4.1324,153090,flicker
4.1365,152291,flicker
4.1405,152787,flicker
4.1447,152406,flicker
4.1488,153072,flicker
4.1530,152188,flicker
4.1573,152750,flicker
4.1617,153028,flicker
4.1653,152730,flicker
4.1693,152794,flicker
4.1734,151825,flicker
4.1783,152848,flicker
4.1814,153412,flicker
4.1855,153015,flicker
4.1897,153116,flicker
4.1939,52631,flicker
4.1982,153151,flicker
4.2021,153248,flicker
4.2060,152534,flicker
4.2102,531,flicker
4.2142,152808,flicker
4.2183,153029,flicker
4.2224,153218,flicker
4.2283,520,flicker
4.2309,152873,flicker
4.2347,152958,flicker
4.2388,152541,flicker
4.2432,529,flicker
4.2474,153366,flicker
4.2512,152707,flicker
4.2524,15,flicker
4.2551,2559,flicker
4.2553,1525,flicker
4.2593,45,flicker
4.2594,152854,flicker
4.2639,153241,flicker
4.2675,153010,flicker
4.2716,152993,flicker
4.2758,592,flicker
4.2798,52849,flicker
4.2840,153072,flicker
4.2879,153534,flicker
4.2931,5285,flicker
4.2965,153410,flicker
4.3002,153468,flicker
4.3043,153353,flicker
4.3084,52871,flicker
4.3126,152983,flicker
4.3173,153248,flicker
4.3208,153031,flicker
4.3249,153059,flicker
4.3291,153091,flicker
4.3330,152942,flicker
4.3371,153286,flicker
4.3412,153413,flicker
4.3460,153003,flicker
4.3495,153318,flicker
4.3535,153242,flicker
4.3577,153081,flicker
4.3617,153216,flicker
4.3657,153286,flicker
4.3698,153082,flicker
4.3740,153467,flicker
4.3783,153795,flicker
4.3786,1,flicker
4.3822,53199,flicker
4.3825,1535,flicker
4.3862,24,flicker
4.3878,152773,flicker
4.3905,153330,flicker
4.3945,153015,flicker
4.3987,153432,flicker
4.4026,153183,flicker
4.4068,153037,flicker
4.4109,153168,flicker
4.4150,153017,flicker
4.4190,153461,flicker
4.4231,153288,flicker
4.4280,153005,flicker
4.4314,153199,flicker
4.4354,152805,flicker
4.4395,153263,flicker
4.4436,152674,flicker
4.4477,152896,flicker
4.4517,153644,flicker
4.4559,153160,flicker
4.4603,153357,flicker
4.4641,153316,flicker
4.4681,152808,flicker
4.4722,153103,flicker
4.4764,53437,flicker
4.4822,153340,flicker
4.4851,153808,flicker
4.4887,153012,flicker
4.4939,53822,flicker
4.4972,153105,flicker
4.5009,153541,flicker
4.5050,153322,flicker
4.5059,1,flicker
4.5096,53092,flicker
4.5108,1542,flicker
4.5133,24,flicker
4.5138,153234,flicker
4.5174,153699,flicker
4.5215,153930,flicker
4.5269,534,flicker
4.5302,154497,flicker
4.5337,153144,flicker
4.5377,153334,flicker
4.5432,7,flicker
4.5466,153433,flicker
4.5502,153484,flicker
4.5543,153155,flicker
4.5585,342,flicker
4.5625,153682,flicker
4.5665,153472,flicker
4.5705,153439,flicker
4.5748,153342,flicker
4.5787,154161,flicker
4.5828,154371,flicker
4.5869,153419,flicker
4.5910,153670,flicker
4.5952,153223,flicker
4.5992,153667,flicker
4.6033,153442,flicker
4.6075,153802,flicker
4.6115,153566,flicker
4.6156,153676,flicker
4.6197,153481,flicker
4.6238,154315,flicker
4.6281,153323,flicker
4.6320,153829,flicker
4.6361,153599,flicker
4.6376,154,flicker
4.6403,613,flicker
4.6404,154016,flicker
4.6452,154017,flicker
4.6485,153756,flicker
4.6526,153357,flicker
4.6567,154012,flicker
4.6609,153995,flicker
4.6648,153867,flicker
4.6689,154290,flicker
4.6729,154349,flicker
4.6771,153985,flicker
4.6814,154293,flicker
4.6853,153535,flicker
4.6893,154211,flicker
4.6935,53884,flicker
4.6990,154138,flicker
4.7019,153839,flicker
4.7057,153344,flicker
4.7103,154086,flicker
4.7140,153733,flicker
4.7180,153476,flicker
4.7221,153717,flicker
4.7263,153818,flicker
4.7305,153913,flicker
4.7344,153244,flicker
4.7385,153740,flicker
4.7429,154250,flicker
4.7467,154752,flicker
4.7508,154001,flicker
4.7549,153656,flicker
4.7591,543,flicker
4.7640,154308,flicker
4.7664,154,flicker
4.7672,212,flicker
4.7694,153874,flicker
4.7713,153700,flicker
4.7759,153983,flicker
4.7798,154140,flicker
4.7836,154065,flicker
4.7876,154079,flicker
4.7969,153581,flicker
4.7999,153964,flicker
4.8040,154164,flicker
4.8082,154058,flicker
4.8122,154207,flicker
4.8163,154435,flicker
4.8204,154190,flicker
4.8246,154567,flicker
4.8286,153770,flicker
4.8327,153446,flicker
4.8367,154750,flicker
4.8409,154243,flicker
4.8450,153747,flicker
4.8490,154196,flicker
4.8531,153863,flicker
4.8573,154459,flicker
4.8617,154336,flicker
4.8654,154702,flicker
4.8695,153854,flicker
4.8737,154360,flicker
4.8778,154006,flicker
4.8820,154214,flicker
4.8860,154321,flicker
4.8901,153809,flicker
4.8904,153,flicker
4.8941,640,flicker
4.8944,15440,flicker
4.8982,6,flicker
4.8983,154704,flicker
4.9023,154146,flicker
4.9065,153967,flicker
4.9105,153962,flicker
4.9146,154436,flicker
4.9188,154387,flicker
4.9229,154343,flicker
4.9270,154271,flicker
4.9310,154373,flicker
4.9351,154137,flicker
4.9392,154198,flicker
4.9433,54361,flicker
4.9474,153300,flicker
4.9521,153985,flicker
4.9563,154430,flicker
4.9597,154462,flicker
4.9637,154325,flicker
4.9678,153993,flicker
4.9719,154143,flicker
4.9776,541,flicker
4.9813,153997,flicker
4.9842,154504,flicker
4.9883,154005,flicker
4.9929,154744,flicker
4.9965,153949,flicker
5.0006,154320,flicker
5.0047,154448,flicker
5.0096,154021,flicker
5.0129,154693,flicker
5.0170,154474,flicker
5.0174,15,flicker
5.0212,4317,flicker
5.0225,15475,flicker
5.0266,119,flicker
5.0308,155279,flicker
5.0334,154022,flicker
5.0374,154827,flicker
5.0424,154722,flicker
5.0457,154670,flicker
5.0497,155104,flicker
5.0539,154860,flicker
5.0580,154283,flicker
5.0621,154327,flicker
5.0661,154472,flicker
5.0702,155068,flicker
5.0744,154513,flicker
5.0785,154793,flicker
5.0825,154454,flicker
5.0866,154008,flicker
5.0908,154974,flicker
5.0952,154766,flicker
5.0989,155179,flicker
5.1030,154670,flicker
5.1072,154698,flicker
5.1118,154599,flicker
5.1153,154489,flicker
5.1194,154644,flicker
5.1236,154676,flicker
5.1278,154988,flicker
5.1317,154844,flicker
5.1357,154484,flicker
5.1399,154651,flicker
5.1441,155086,flicker
5.1445,15,flicker
5.1482,4785,flicker
5.1498,1550,flicker
5.1522,90,flicker
5.1530,154819,flicker
5.1564,154578,flicker
5.1605,155007,flicker
5.1646,154912,flicker
5.1686,154816,flicker
5.1727,154892,flicker
5.1779,154463,flicker
5.1809,154555,flicker
5.1849,154575,flicker
5.1890,155046,flicker
5.1935,154549,flicker
5.1972,154975,flicker
5.2014,154962,flicker
5.2054,154360,flicker
5.2105,154806,flicker
5.2136,154621,flicker
5.2177,154985,flicker
5.2218,155078,flicker
5.2266,154480,flicker
5.2300,155297,flicker
5.2341,154296,flicker
5.2382,155493,flicker
5.2436,54882,flicker
5.2469,155365,flicker
5.2506,155127,flicker
5.2547,154793,flicker
5.2587,55222,flicker
5.2646,154829,flicker
5.2669,154888,flicker
5.2710,154979,flicker
5.2729,1,flicker
5.2752,54981,flicker
5.2759,1547,flicker
5.2792,49,flicker
5.2799,154647,flicker
5.2833,154469,flicker
5.2873,154720,flicker
5.2915,551,flicker
5.2969,154959,flicker
5.2998,155082,flicker
5.3038,155261,flicker
5.3079,55050,flicker
5.3123,154969,flicker
5.3160,154591,flicker
5.3201,154845,flicker
5.3242,154729,flicker
5.3283,154833,flicker
5.3324,154741,flicker
5.3365,154909,flicker
5.3406,154798,flicker
5.3447,154826,flicker
5.3487,154526,flicker
5.3528,154427,flicker
5.3570,154870,flicker
5.3612,155074,flicker
5.3652,154740,flicker
5.3693,154624,flicker
5.3734,155084,flicker
5.3776,155189,flicker
5.3817,155239,flicker
5.3857,155307,flicker
5.3897,154468,flicker
5.3940,155011,flicker
5.3979,154811,flicker
5.4020,155197,flicker
5.4030,155,flicker
5.4065,214,flicker
5.4068,154974,flicker
5.4103,155324,flicker
5.4144,154408,flicker
5.4185,154893,flicker
5.4226,154972,flicker
5.4271,154394,flicker
5.4307,155116,flicker
5.4347,154845,flicker
5.4389,155160,flicker
5.4434,155468,flicker
5.4471,154419,flicker
5.4511,155204,flicker
5.4553,154896,flicker
5.4601,155044,flicker
5.4635,155420,flicker
5.4675,154561,flicker
5.4717,155057,flicker
5.4761,155119,flicker
5.4800,154985,flicker
5.4840,154875,flicker
5.4880,154629,flicker
5.4937,55393,flicker
5.4968,154793,flicker
5.5003,154941,flicker
5.5044,155543,flicker
5.5087,154994,flicker
5.5128,154800,flicker
5.5167,155057,flicker
5.5208,155503,flicker
5.5255,555,flicker
5.5296,155188,flicker
5.5313,155,flicker
5.5331,800,flicker
5.5345,154363,flicker
5.5372,155076,flicker
5.5425,591,flicker
5.5454,155004,flicker
5.5495,155177,flicker
5.5536,154959,flicker
5.5577,55223,flicker
5.5630,154735,flicker
5.5659,155558,flicker
5.5699,155926,flicker
5.5742,155395,flicker
5.5781,155110,flicker
5.5822,154866,flicker
5.5863,154852,flicker
5.5905,155192,flicker
5.5946,155376,flicker
5.5987,155465,flicker
5.6027,155324,flicker
5.6069,155302,flicker
5.6111,155477,flicker
5.6150,155227,flicker
5.6191,155404,flicker
5.6232,154961,flicker
5.6273,154979,flicker
5.6314,155309,flicker
5.6354,155088,flicker
5.6396,155253,flicker
5.6438,154674,flicker
5.6477,155022,flicker
5.6518,155300,flicker
5.6561,154806,flicker
5.6569,155,flicker
5.6601,091,flicker
5.6609,155069,flicker
5.6642,154937,flicker
5.6682,155520,flicker
5.6723,155162,flicker
5.6766,155513,flicker
5.6806,155253,flicker
5.6847,155319,flicker
5.6887,155454,flicker
5.6940,155192,flicker
5.6969,155359,flicker
5.7010,155273,flicker
5.7051,155415,flicker
5.7093,155290,flicker
5.7133,154481,flicker
5.7174,155677,flicker
5.7215,155486,flicker
5.7256,155891,flicker
5.7297,155932,flicker
5.7338,155148,flicker
5.7379,155710,flicker
5.7420,155637,flicker
5.7462,155669,flicker
5.7503,155223,flicker
5.7543,154929,flicker
5.7629,155545,flicker
5.7667,155603,flicker
5.7708,155729,flicker
5.7762,50,flicker
5.7799,155521,flicker
5.7830,155729,flicker
5.7841,15,flicker
5.7870,5470,flicker
5.7880,15579,flicker
5.7911,7,flicker
5.7912,154871,flicker
5.7953,155617,flicker
5.7993,155328,flicker
5.8035,155300,flicker
5.8080,15,flicker
5.8123,155550,flicker
5.8161,155449,flicker
5.8198,155840,flicker
5.8240,155439,flicker
5.8280,155443,flicker
5.8322,155218,flicker
5.8362,155690,flicker
5.8403,156105,flicker
5.8446,155238,flicker
5.8484,155324,flicker
5.8525,155391,flicker
5.8569,156440,flicker
5.8610,155635,flicker
5.8649,156008,flicker
5.8690,155770,flicker
5.8732,155280,flicker
5.8772,155409,flicker
5.8813,156112,flicker
5.8854,156376,flicker
5.8894,155736,flicker
5.8935,154553,flicker
5.8976,155409,flicker
5.9017,156044,flicker
5.9058,155434,flicker
5.9100,155405,flicker
5.9108,15,flicker
5.9141,5214,flicker
5.9149,15568,flicker
5.9182,0,flicker
5.9182,155450,flicker
5.9222,155947,flicker
5.9263,155780,flicker
5.9303,155655,flicker
5.9344,155759,flicker
5.9385,155640,flicker
5.9427,155803,flicker
5.9468,155300,flicker
5.9509,155685,flicker
5.9549,155799,flicker
5.9606,5594,flicker
5.9651,155788,flicker
5.9672,155902,flicker
5.9713,155545,flicker
5.9763,155648,flicker
5.9796,155824,flicker
5.9838,155596,flicker
5.9879,155387,flicker
5.9918,56032,flicker
5.9979,155463,flicker
6.0002,155552,flicker
6.0042,155736,flicker
6.0082,55389,flicker
6.0123,155818,flicker
6.0166,155141,flicker
6.0205,155863,flicker
6.0290,155293,flicker
6.0330,155891,flicker
6.0370,155829,flicker
6.0371,1,flicker
6.0455,956,flicker
6.0464,155571,flicker
6.0493,156215,flicker
6.0533,155833,flicker
6.0574,155674,flicker
6.0615,155291,flicker
6.0656,155033,flicker
6.0698,155559,flicker
6.0739,155721,flicker
6.0779,156006,flicker
6.0820,155711,flicker
6.0861,155664,flicker
6.0901,156091,flicker
6.0943,155966,flicker
6.0983,155782,flicker
6.1025,156534,flicker
6.1066,155430,flicker
6.1106,156027,flicker
6.1147,155976,flicker
6.1188,155990,flicker
6.1229,156275,flicker
6.1271,155931,flicker
6.1312,155692,flicker
6.1353,155787,flicker
6.1393,155293,flicker
6.1434,155984,flicker
6.1474,155473,flicker
6.1515,155547,flicker
6.1557,155482,flicker
6.1601,155768,flicker
6.1640,156157,flicker
6.1680,155688,flicker
6.1687,156,flicker
6.1721,061,flicker
6.1726,155436,flicker
6.1766,155759,flicker
6.1802,156236,flicker
6.1843,155820,flicker
6.1884,155875,flicker
6.1934,155167,flicker
6.1966,155768,flicker
6.2007,155318,flicker
6.2048,155469,flicker
6.2101,156106,flicker
6.2132,155442,flicker
6.2172,156236,flicker
6.2212,155610,flicker
6.2259,155732,flicker
6.2294,155749,flicker
6.2335,155427,flicker
6.2376,156080,flicker
6.2417,56380,flicker
6.2459,155720,flicker
6.2499,155606,flicker
6.2540,155409,flicker
6.2582,571,flicker
6.2624,156271,flicker
6.2663,155753,flicker
6.2703,155811,flicker
6.2745,556,flicker
6.2808,156086,flicker
6.2827,155963,flicker
6.2867,155438,flicker
6.2926,5,flicker
6.2952,155902,flicker
6.2964,155,flicker
6.2990,823,flicker
6.3002,155918,flicker
6.3031,155658,flicker
6.3073,5813,flicker
6.3120,155928,flicker
6.3154,155862,flicker
6.3195,155924,flicker
6.3253,156062,flicker
6.3277,156186,flicker
6.3317,155801,flicker
6.3358,156261,flicker
6.3400,156130,flicker
6.3442,155939,flicker
6.3483,155785,flicker
6.3523,155926,flicker
6.3565,155367,flicker
6.3606,156323,flicker
6.3646,155876,flicker
6.3687,155811,flicker
6.3728,155231,flicker
6.3770,155542,flicker
6.3809,156061,flicker
6.3850,155965,flicker
6.3891,155771,flicker
6.3935,155127,flicker
6.3974,155581,flicker
6.4014,156182,flicker
6.4055,155628,flicker
6.4101,155514,flicker
6.4137,155806,flicker
6.4178,156030,flicker
6.4220,156250,flicker
6.4229,15,flicker
6.4266,5977,flicker
6.4278,15550,flicker
6.4301,7,flicker
6.4301,156189,flicker
6.4342,156291,flicker
6.4383,155554,flicker
6.4428,155644,flicker
6.4465,155325,flicker
6.4506,155852,flicker
6.4547,155610,flicker
6.4594,156013,flicker
6.4629,156572,flicker
6.4669,155866,flicker
6.4710,156213,flicker
6.4751,156220,flicker
6.4793,156141,flicker
6.4834,156177,flicker
6.4875,156121,flicker
6.4922,563,flicker
6.4957,156260,flicker
6.4997,156365,flicker
6.5038,156102,flicker
6.5080,5351,flicker
6.5134,156943,flicker
6.5161,155764,flicker
6.5202,156302,flicker
6.5244,509,flicker
6.5288,155964,flicker
6.5325,156086,flicker
6.5366,155847,flicker
6.5419,5,flicker
6.5460,155916,flicker
6.5490,156379,flicker
6.5500,15,flicker
6.5531,6769,flicker
6.5541,1555,flicker
6.5573,9,flicker
6.5582,156028,flicker
6.5612,155912,flicker
6.5653,155895,flicker
6.5695,156530,flicker
6.5735,156209,flicker
6.5775,156514,flicker
6.5817,155938,flicker
6.5857,155981,flicker
6.5898,156003,flicker
6.5940,155442,flicker
6.5982,156219,flicker
6.6023,156740,flicker
6.6064,155767,flicker
6.6106,156087,flicker
6.6144,155811,flicker
6.6185,156246,flicker
6.6226,156066,flicker
6.6271,156052,flicker
6.6307,155933,flicker
6.6349,155904,flicker
6.6391,155676,flicker
6.6431,156462,flicker
6.6471,155946,flicker
6.6512,156284,flicker
6.6554,155924,flicker
6.6598,56123,flicker
6.6635,156183,flicker
6.6677,156235,flicker
6.6717,155777,flicker
6.6760,155773,flicker
6.6776,1,flicker
6.6800,55478,flicker
6.6805,1566,flicker
6.6840,74,flicker
6.6845,156603,flicker
6.6882,156620,flicker
6.6924,156235,flicker
6.6963,155756,flicker
6.7004,156263,flicker
6.7045,156188,flicker
6.7091,156903,flicker
6.7127,156092,flicker
6.7168,156104,flicker
6.7209,156875,flicker
6.7250,156440,flicker
6.7292,156738,flicker
6.7333,155971,flicker
6.7374,156471,flicker
6.7427,56293,flicker
6.7463,156035,flicker
6.7496,155963,flicker
6.7537,156011,flicker
6.7590,5,flicker
6.7621,156465,flicker
6.7659,156497,flicker
6.7700,156963,flicker
6.7745,155803,flicker
6.7782,156881,flicker
6.7823,156238,flicker
6.7864,156254,flicker
6.7905,56458,flicker
6.7947,156156,flicker
6.7988,156091,flicker
6.8028,156278,flicker
6.8029,1,flicker
6.8069,6133,flicker
6.8081,1568,flicker
6.8117,0,flicker
6.8120,156255,flicker
6.8162,155987,flicker
6.8193,156485,flicker
6.8234,156467,flicker
6.8282,156221,flicker
6.8315,156487,flicker
6.8356,156210,flicker
6.8398,156203,flicker
6.8441,156626,flicker
6.8480,155943,flicker
6.8520,155890,flicker
6.8560,156699,flicker
6.8601,157298,flicker
6.8642,156573,flicker
6.8683,156390,flicker
6.8725,155847,flicker
6.8771,156754,flicker
6.8807,156737,flicker
6.8847,156328,flicker
6.8888,156767,flicker
6.8932,155976,flicker
6.8972,156740,flicker
6.9013,156884,flicker
6.9052,156714,flicker
6.9100,155837,flicker
6.9134,156418,flicker
6.9175,155887,flicker
6.9219,156618,flicker
6.9259,156140,flicker
6.9298,155838,flicker
6.9339,156621,flicker
6.9346,156,flicker
6.9379,109,flicker
6.9386,156426,flicker
6.9423,156545,flicker
6.9463,155748,flicker
6.9503,156418,flicker
6.9543,156029,flicker
6.9603,56695,flicker
6.9637,156494,flicker
6.9669,156497,flicker
6.9709,156192,flicker
6.9760,156511,flicker
6.9791,156131,flicker
6.9832,156091,flicker
6.9872,156358,flicker
6.9920,156686,flicker
6.9954,155962,flicker
6.9995,156716,flicker
7.0036,156685,flicker
7.0091,5653,flicker
7.0123,157361,flicker
7.0159,156550,flicker
7.0200,156443,flicker
7.0241,564,flicker
7.0290,156071,flicker
7.0323,156991,flicker
7.0363,156120,flicker
7.0403,56929,flicker
7.0446,156451,flicker
7.0491,155964,flicker
7.0527,156481,flicker
7.0616,156668,flicker
7.0618,15,flicker
7.0650,6976,flicker
7.0660,15647,flicker
7.0690,8,flicker
7.0699,156921,flicker
7.0733,15651,flicker
7.0772,157235,flicker
7.0815,156637,flicker
7.0856,156371,flicker
7.0895,157002,flicker
7.0938,156373,flicker
7.0978,156600,flicker
7.1019,156248,flicker
7.1059,156218,flicker
7.1100,157201,flicker
7.1141,156100,flicker
7.1182,156315,flicker
7.1223,156404,flicker
7.1266,156509,flicker
7.1307,156827,flicker
7.1348,156242,flicker
7.1389,155964,flicker
7.1429,156427,flicker
7.1469,156261,flicker
7.1510,156391,flicker
7.1553,156463,flicker
7.1596,156299,flicker
7.1633,156431,flicker
7.1674,156316,flicker
7.1714,157388,flicker
7.1759,156158,flicker
7.1796,156516,flicker
7.1837,156719,flicker
7.1878,156468,flicker
7.1890,1,flicker
7.1920,6674,flicker
7.1933,1562,flicker
7.1965,4,flicker
7.1975,157444,flicker
7.2005,156547,flicker
7.2043,156583,flicker
7.2093,156626,flicker
7.2125,156342,flicker
7.2165,157061,flicker
7.2206,156566,flicker
7.2255,156666,flicker
7.2290,157201,flicker
7.2329,156138,flicker
7.2370,156700,flicker
7.2433,5,flicker
7.2472,156165,flicker
7.2494,157035,flicker
7.2534,156141,flicker
7.2576,562,flicker
7.2617,156774,flicker
7.2658,156983,flicker
7.2697,156752,flicker
7.2757,9,flicker
7.2785,156864,flicker
7.2820,157040,flicker
7.2861,156468,flicker
7.2903,0,flicker
7.2947,155858,flicker
7.2985,156570,flicker
7.3026,156666,flicker
7.3074,15673,flicker
7.3113,156886,flicker
7.3148,156976,flicker
7.3165,1,flicker
7.3189,56630,flicker
7.3194,1570,flicker
7.3286,156585,flicker
7.3312,156739,flicker
7.3353,157169,flicker
7.3394,156966,flicker
7.3435,156581,flicker
7.3475,156582,flicker
7.3517,157085,flicker
7.3558,156956,flicker
7.3599,156139,flicker
7.3639,156690,flicker
7.3680,156458,flicker
7.3722,156417,flicker
7.3762,157370,flicker
7.3803,157110,flicker
7.3844,157004,flicker
7.3885,156586,flicker
7.3926,156405,flicker
7.3967,156792,flicker
7.4009,156798,flicker
7.4050,156613,flicker
7.4091,156912,flicker
7.4132,156689,flicker
7.4172,156812,flicker
7.4215,156707,flicker
7.4258,156628,flicker
7.4295,156883,flicker
7.4335,156710,flicker
7.4377,156723,flicker
7.4438,5680,flicker
7.4463,6734,flicker
7.4470,1569,flicker
7.4500,10,flicker
7.4513,156745,flicker
7.4543,156717,flicker
7.4586,157028,flicker
7.4624,157010,flicker
7.4665,156769,flicker
7.4704,156502,flicker
7.4747,156268,flicker
7.4787,157093,flicker
7.4827,156609,flicker
7.4868,156221,flicker
7.4928,56,flicker
7.4951,156819,flicker
7.4993,156389,flicker
7.5032,156710,flicker
7.5076,15668,flicker
7.5115,157030,flicker
7.5155,157369,flicker
7.5195,156862,flicker
7.5238,57091,flicker
7.5279,156965,flicker
7.5319,157038,flicker
7.5360,157164,flicker
7.5401,156582,flicker
7.5442,157311,flicker
7.5483,156013,flicker
7.5524,156937,flicker
7.5566,156918,flicker
7.5607,156701,flicker
7.5647,157358,flicker
7.5687,156887,flicker
7.5730,157642,flicker
7.5752,156,flicker
7.5772,770,flicker
7.5782,156871,flicker
7.5812,156666,flicker
7.5852,156728,flicker
7.5893,156941,flicker
7.5934,156837,flicker
7.5974,157157,flicker
7.6015,157106,flicker
7.6056,156838,flicker
7.6099,157328,flicker
7.6138,156375,flicker
7.6179,157165,flicker
7.6223,157434,flicker
7.6263,156963,flicker
7.6303,157162,flicker
7.6343,156327,flicker
7.6385,156918,flicker
7.6425,156962,flicker
7.6465,157168,flicker
7.6507,156935,flicker
7.6548,156966,flicker
7.6596,157355,flicker
7.6630,157088,flicker
7.6670,156647,flicker
7.6715,157649,flicker
7.6755,156649,flicker
7.6793,156808,flicker
7.6834,157018,flicker
7.6875,156937,flicker
7.6922,156995,flicker
7.6959,156825,flicker
7.6999,157179,flicker
7.7005,157,flicker
7.7039,114,flicker
7.7045,157182,flicker
7.7088,157178,flicker
7.7121,156265,flicker
7.7162,157116,flicker
7.7203,157116,flicker
7.7244,57249,flicker
7.7303,156893,flicker
7.7326,156593,flicker
7.7368,156792,flicker
7.7419,157172,flicker
7.7448,156854,flicker
7.7489,157221,flicker
7.7530,157512,flicker
7.7572,56353,flicker
7.7613,157524,flicker
7.7656,157097,flicker
7.7694,156927,flicker
7.7737,57430,flicker
7.7785,157147,flicker
7.7827,157272,flicker
7.7859,156644,flicker
7.7900,57016,flicker
7.7942,156834,flicker
7.7990,156538,flicker
7.8029,156793,flicker
7.8064,577,flicker
7.8109,156543,flicker
7.8149,156646,flicker
7.8187,157221,flicker
7.8227,157160,flicker
7.8269,157424,flicker
7.8280,15,flicker
7.8309,6980,flicker
7.8310,15696,flicker
7.8350,9,flicker
7.8350,156647,flicker
7.8391,157274,flicker
7.8433,157135,flicker
7.8472,157063,flicker
7.8513,156883,flicker
7.8554,156970,flicker
7.8602,157301,flicker
7.8637,156812,flicker
7.8677,157228,flicker
7.8719,156937,flicker
7.8764,156837,flicker
7.8803,157137,flicker
7.8841,157172,flicker
7.8882,157094,flicker
7.8928,156723,flicker
7.8964,157312,flicker
7.9005,157260,flicker
7.9047,157555,flicker
7.9089,157283,flicker
7.9129,156551,flicker
7.9171,157384,flicker
7.9210,157258,flicker
7.9252,157134,flicker
7.9292,157014,flicker
7.9333,156840,flicker
7.9373,156701,flicker
7.9421,156998,flicker
7.9455,156819,flicker
7.9497,156783,flicker
7.9537,157157,flicker
7.9546,15,flicker
7.9581,6724,flicker
7.9587,15704,flicker
7.9619,4,flicker
7.9632,156911,flicker
7.9661,157501,flicker
7.9701,157672,flicker
7.9743,56988,flicker
7.9792,156958,flicker
7.9824,156957,flicker
7.9865,156408,flicker
7.9907,57673,flicker
7.9963,157171,flicker
7.9988,156880,flicker
8.0028,156926,flicker
8.0103,5,flicker
8.0118,157499,flicker
8.0152,157047,flicker
8.0193,157239,flicker
8.0236,5714,flicker
8.0283,157346,flicker
8.0317,157553,flicker
8.0358,156789,flicker
8.0399,57002,flicker
8.0439,156938,flicker
8.0482,157173,flicker
8.0521,157192,flicker
8.0574,523,flicker
8.0604,157152,flicker
8.0643,157034,flicker
8.0684,157214,flicker
8.0726,157291,flicker
8.0768,157341,flicker
8.0808,157404,flicker
8.0818,1,flicker
8.0848,57877,flicker
8.0859,1568,flicker
8.0890,17,flicker
8.0908,157999,flicker
8.0930,156650,flicker
8.0971,157406,flicker
8.1013,157144,flicker
8.1054,157169,flicker
8.1101,157325,flicker
8.1135,157136,flicker
8.1175,157156,flicker
8.1217,157728,flicker
8.1259,157681,flicker
8.1300,156827,flicker
8.1340,157183,flicker
8.1381,156923,flicker
8.1425,157748,flicker
8.1463,157203,flicker
8.1504,156970,flicker
8.1547,156911,flicker
8.1586,157237,flicker
8.1628,156861,flicker
8.1668,157396,flicker
8.1709,157244,flicker
8.1749,157267,flicker
8.1790,157825,flicker
8.1831,157039,flicker
8.1872,156933,flicker
8.1914,157844,flicker
8.1954,156553,flicker
8.1995,157164,flicker
8.2035,157519,flicker
8.2078,57065,flicker
8.2082,1,flicker
8.2118,57829,flicker
8.2132,156,flicker
8.2160,594,flicker
8.2161,157462,flicker
8.2200,156966,flicker
8.2244,156978,flicker
8.2282,157528,flicker
8.2324,156517,flicker
8.2364,156757,flicker
8.2416,157806,flicker
8.2445,157601,flicker
8.2486,157117,flicker
8.2527,157593,flicker
8.2569,57653,flicker
8.2618,157792,flicker
8.2650,157535,flicker
8.2691,157602,flicker
8.2733,517,flicker
8.2774,157468,flicker
8.2814,158069,flicker
8.2855,157544,flicker
8.2909,15745,flicker
8.2943,157427,flicker
8.2978,157458,flicker
8.3019,157355,flicker
8.3106,157194,flicker
8.3144,157108,flicker
8.3183,157491,flicker
8.3230,1577,flicker
8.3271,157721,flicker
8.3307,157697,flicker
8.3348,156560,flicker
8.3388,157807,flicker
8.3398,157,flicker
8.3429,517,flicker
8.3438,157373,flicker
8.3470,157516,flicker
8.3510,156627,flicker
8.3552,157240,flicker
8.3593,157075,flicker
8.3633,157591,flicker
8.3674,156960,flicker
8.3716,158184,flicker
8.3758,157213,flicker
8.3798,157515,flicker
8.3840,157462,flicker
8.3880,156913,flicker
8.3922,157575,flicker
8.3962,157342,flicker
8.4003,157084,flicker
8.4043,157544,flicker
8.4085,157368,flicker
8.4126,157442,flicker
8.4167,157416,flicker
8.4207,156978,flicker
8.4251,157297,flicker
8.4291,157201,flicker
8.4331,157157,flicker
8.4370,157541,flicker
8.4412,157626,flicker
8.4452,157305,flicker
8.4493,156914,flicker
8.4534,157419,flicker
8.4582,157584,flicker
8.4617,157582,flicker
8.4658,156663,flicker
8.4667,156,flicker
8.4698,941,flicker
8.4705,157680,flicker
8.4749,156818,flicker
8.4780,157722,flicker
8.4821,157117,flicker
8.4863,157349,flicker
8.4909,157993,flicker
8.4944,157180,flicker
8.4985,157930,flicker
8.5026,157431,flicker
8.5067,57537,flicker
8.5133,158185,flicker
8.5150,157387,flicker
8.5190,157421,flicker
8.5232,157164,flicker
8.5273,157230,flicker
8.5314,157484,flicker
8.5354,157084,flicker
8.5415,5781,flicker
8.5443,157878,flicker
8.5477,157544,flicker
8.5517,157613,flicker
8.5559,57350,flicker
8.5608,157494,flicker
8.5640,157676,flicker
8.5681,157027,flicker
8.5724,157517,flicker
8.5763,157428,flicker
8.5804,157420,flicker
8.5846,157982,flicker
8.5888,157376,flicker
8.5930,157185,flicker
8.5941,157,flicker
8.5969,607,flicker
8.5981,15759,flicker
8.6009,9,flicker
8.6009,156946,flicker
8.6051,157718,flicker
8.6094,156982,flicker
8.6132,157013,flicker
8.6173,157292,flicker
8.6217,157294,flicker
8.6262,157431,flicker
8.6296,157458,flicker
8.6336,157059,flicker
8.6381,157324,flicker
8.6423,157659,flicker
8.6461,157187,flicker
8.6501,157814,flicker
8.6542,157149,flicker
8.6582,157828,flicker
8.6625,157492,flicker
8.6666,157186,flicker
8.6706,157781,flicker
8.6751,157521,flicker
8.6789,157950,flicker
8.6828,157842,flicker
8.6869,157436,flicker
8.6919,157426,flicker
8.6952,157216,flicker
8.6993,157659,flicker
8.7033,157911,flicker
8.7079,157655,flicker
8.7116,158097,flicker
8.7157,157332,flicker
8.7197,157444,flicker
8.7207,15,flicker
8.7241,7656,flicker
8.7249,15773,flicker
8.7278,0,flicker
8.7279,158052,flicker
8.7321,158119,flicker
8.7361,157686,flicker
8.7403,157541,flicker
8.7443,157576,flicker
8.7484,157585,flicker
8.7525,157555,flicker
8.7565,57640,flicker
8.7615,158098,flicker
8.7648,156944,flicker
8.7689,157707,flicker
8.7780,157506,flicker
8.7817,157377,flicker
8.7852,157561,flicker
8.7894,57,flicker
8.7937,157311,flicker
8.7977,157805,flicker
8.8017,157883,flicker
8.8057,157172,flicker
8.8102,158031,flicker
8.8139,157101,flicker
8.8180,157457,flicker
8.8223,15389,flicker
8.8268,157609,flicker
8.8316,157817,flicker
8.8351,157051,flicker
8.8407,1,flicker
8.8435,157640,flicker
8.8472,158280,flicker
8.8473,15,flicker
8.8508,7805,flicker
8.8514,15711,flicker
8.8548,3,flicker
8.8549,157695,flicker
8.8596,157519,flicker
8.8630,158065,flicker
8.8671,157700,flicker
8.8714,157088,flicker
8.8757,158180,flicker
8.8794,157600,flicker
8.8835,157719,flicker
8.8876,157308,flicker
8.8917,157325,flicker
8.8958,157159,flicker
8.8999,157767,flicker
8.9040,157495,flicker
8.9082,157271,flicker
8.9129,157283,flicker
8.9163,157292,flicker
8.9204,157475,flicker
8.9246,157717,flicker
8.9289,157767,flicker
8.9327,157156,flicker
8.9367,157215,flicker
8.9409,157649,flicker
8.9452,158042,flicker
8.9490,157614,flicker
8.9531,157906,flicker
8.9579,157845,flicker
8.9613,157506,flicker
8.9654,157627,flicker
8.9695,157222,flicker
8.9737,158221,flicker
8.9745,1,flicker
8.9777,57659,flicker
8.9785,1580,flicker
8.9818,14,flicker
8.9825,157765,flicker
8.9860,157383,flicker
8.9905,53,flicker
8.9941,157661,flicker
8.9982,157320,flicker
9.0023,158177,flicker
9.0088,570,flicker
9.0119,158499,flicker
9.0148,158065,flicker
9.0187,157719,flicker
9.0230,157540,flicker
9.0269,157454,flicker
9.0310,158289,flicker
9.0350,158029,flicker
9.0393,574,flicker
9.0433,157741,flicker
9.0473,157864,flicker
9.0514,158000,flicker
9.0567,81,flicker
9.0605,158155,flicker
9.0638,158035,flicker
9.0678,157138,flicker
9.0721,1787,flicker
9.0763,157908,flicker
9.0801,157597,flicker
9.0842,157920,flicker
9.0883,157808,flicker
9.0930,157940,flicker
9.0965,157455,flicker
9.1006,157945,flicker
9.1009,1,flicker
9.1047,58201,flicker
9.1059,1575,flicker
9.1092,18,flicker
9.1100,157762,flicker
9.1129,157598,flicker
9.1170,157888,flicker
9.1211,157661,flicker
9.1255,157755,flicker
9.1293,158208,flicker
9.1335,156799,flicker
9.1375,157710,flicker
9.1423,157922,flicker
9.1458,157627,flicker
9.1498,157954,flicker
9.1539,158180,flicker
9.1581,157856,flicker
9.1620,157392,flicker
9.1661,157251,flicker
9.1704,158250,flicker
9.1743,158032,flicker
9.1784,158036,flicker
9.1825,158153,flicker
9.1868,157700,flicker
9.1913,157792,flicker
9.1949,157836,flicker
9.1990,158005,flicker
9.2031,157767,flicker
9.2080,157225,flicker
9.2113,158350,flicker
9.2154,157402,flicker
9.2194,158028,flicker
9.2237,158279,flicker
9.2276,157652,flicker
9.2286,1,flicker
9.2318,57690,flicker
9.2325,157,flicker
9.2358,829,flicker
9.2367,158131,flicker
9.2404,5776,flicker
9.2453,157822,flicker
9.2482,158125,flicker
9.2522,157959,flicker
9.2563,5710,flicker
9.2609,158188,flicker
9.2644,157800,flicker
9.2685,158575,flicker
9.2728,5856,flicker
9.2767,57576,flicker
9.2820,5821,flicker
9.2854,157766,flicker
9.2912,156,flicker
9.2935,158244,flicker
9.2972,157898,flicker
9.3013,157651,flicker
9.3058,57955,flicker
9.3097,157518,flicker
9.3136,158321,flicker
9.3177,157336,flicker
9.3220,15822,flicker
9.3262,158175,flicker
9.3301,157535,flicker
9.3341,158404,flicker
9.3382,157921,flicker
9.3425,157973,flicker
9.3464,157469,flicker
9.3504,157825,flicker
9.3545,157469,flicker
9.3587,157784,flicker
9.3600,158,flicker
9.3627,000,flicker
9.3634,157919,flicker
9.3669,157659,flicker
9.3710,157668,flicker
9.3755,158023,flicker
9.3791,158014,flicker
9.3832,157994,flicker
9.3874,157675,flicker
9.3916,157508,flicker
9.3955,158339,flicker
9.3997,157877,flicker
9.4039,157935,flicker
9.4081,157661,flicker
9.4119,157999,flicker
9.4159,158355,flicker
9.4201,158002,flicker
9.4249,158413,flicker
9.4283,157844,flicker
9.4323,158090,flicker
9.4364,158343,flicker
9.4406,157685,flicker
9.4447,158110,flicker
9.4487,157767,flicker
9.4528,158618,flicker
9.4571,158147,flicker
9.4612,158326,flicker
9.4652,158033,flicker
9.4692,158075,flicker
9.4737,157809,flicker
9.4774,157899,flicker
9.4815,158200,flicker
9.4857,158285,flicker
9.4870,157,flicker
9.4903,749,flicker
9.4912,158013,flicker
9.4940,157911,flicker
9.4980,157480,flicker
9.5021,159002,flicker
9.5061,57694,flicker
9.5108,158104,flicker
9.5143,158478,flicker
9.5183,158215,flicker
9.5225,58062,flicker
9.5267,157963,flicker
9.5307,158041,flicker
9.5347,158082,flicker
9.5390,52,flicker
9.5430,157758,flicker
9.5471,157457,flicker
9.5512,158126,flicker
9.5595,157985,flicker
9.5634,157827,flicker
9.5676,157505,flicker
9.5728,58,flicker
9.5758,158105,flicker
9.5799,158529,flicker
9.5839,158408,flicker
9.5880,157952,flicker
9.5921,158464,flicker
9.5962,158024,flicker
9.6003,157981,flicker
9.6046,157998,flicker
9.6087,157977,flicker
9.6127,158005,flicker
9.6136,15,flicker
9.6168,8035,flicker
9.6178,158456,flicker
9.6209,158471,flicker
9.6249,157642,flicker
9.6289,158389,flicker
9.6330,158015,flicker
9.6372,158518,flicker
9.6419,158797,flicker
9.6454,157834,flicker
9.6495,158145,flicker
9.6538,157843,flicker
9.6582,157690,flicker
9.6618,158190,flicker
9.6659,157826,flicker
9.6700,157939,flicker
9.6747,157833,flicker
9.6782,158256,flicker
9.6823,158130,flicker
9.6863,157826,flicker
9.6904,158587,flicker
9.6946,157850,flicker
9.6987,157924,flicker
9.7027,158020,flicker
9.7075,157905,flicker
9.7108,158003,flicker
9.7149,158207,flicker
9.7190,158463,flicker
9.7281,158199,flicker
9.7318,158631,flicker
9.7354,158095,flicker
9.7413,81,flicker
9.7447,8023,flicker
9.7461,15820,flicker
9.7479,4,flicker
9.7481,158293,flicker
9.7519,158267,flicker
9.7561,5805,flicker
9.7602,158090,flicker
9.7643,158173,flicker
9.7684,158175,flicker
9.7737,55,flicker
9.7782,158022,flicker
9.7807,157552,flicker
9.7847,158285,flicker
9.7897,5791,flicker
9.7943,158741,flicker
9.7969,158375,flicker
9.8269,158491,flicker
9.8272,158465,flicker
9.8273,158515,flicker
9.8273,157891,flicker
9.8275,158176,flicker
9.8276,158500,flicker
9.8276,158108,flicker
9.8301,158120,flicker
9.8339,157732,flicker
9.8396,158464,flicker
9.8421,158509,flicker
9.8461,158295,flicker
9.8502,158255,flicker
9.8543,158168,flicker
9.8583,158095,flicker
9.8624,158532,flicker
9.8666,158326,flicker
9.8673,15,flicker
9.8707,7955,flicker
9.8712,15785,flicker
9.8749,0,flicker
9.8749,158138,flicker
9.8788,158685,flicker
9.8829,158180,flicker
9.8871,158175,flicker
9.8915,158002,flicker
9.8952,158419,flicker
9.8993,157947,flicker
9.9035,158217,flicker
9.9078,157552,flicker
9.9115,158086,flicker
9.9156,158394,flicker
9.9198,158619,flicker
9.9248,158222,flicker
9.9280,157925,flicker
9.9320,158285,flicker
9.9362,158461,flicker
9.9403,158111,flicker
9.9443,158593,flicker
9.9484,158018,flicker
9.9525,158721,flicker
9.9567,158591,flicker
9.9607,158614,flicker
9.9648,158574,flicker
9.9689,157596,flicker
9.9741,158368,flicker
9.9772,158725,flicker
9.9813,158512,flicker
9.9853,157974,flicker
9.9894,58417,flicker
9.9940,159040,flicker
9.9969,15,flicker
9.9979,8494,flicker
9.9986,15814,flicker
10.0017,8,flicker
10.0018,158872,flicker
10.0058,57830,flicker
10.0099,158646,flicker
10.0143,158099,flicker
10.0182,158478,flicker
10.0223,25,flicker
10.0264,158324,flicker
10.0305,158836,flicker
10.0345,158064,flicker
10.0386,58942,flicker
10.0429,158354,flicker
10.0469,158396,flicker
10.0510,159077,flicker
10.0558,5831,flicker
10.0592,158389,flicker
10.0631,158599,flicker
10.0672,158456,flicker
10.0714,18771,flicker
10.0762,158039,flicker
10.0797,158553,flicker
10.0836,158281,flicker
10.0877,157559,flicker
10.0922,158438,flicker
10.0959,158475,flicker
10.1000,158219,flicker
10.1041,158243,flicker
10.1082,158197,flicker
10.1122,158554,flicker
10.1163,158384,flicker
10.1205,158024,flicker
10.1218,1,flicker
10.1246,58338,flicker
10.1260,1585,flicker
10.1287,10,flicker
10.1288,158039,flicker
10.1328,158082,flicker
10.1369,158602,flicker
10.1410,158356,flicker
10.1450,158317,flicker
10.1491,158931,flicker
10.1534,158096,flicker
10.1586,158425,flicker
10.1614,158387,flicker
10.1655,158248,flicker
10.1697,158172,flicker
10.1743,158464,flicker
10.1778,158206,flicker
10.1819,158561,flicker
10.1860,158282,flicker
10.1910,158059,flicker
10.1942,158211,flicker
10.1983,157997,flicker
10.2023,158632,flicker
10.2065,58768,flicker
10.2111,158478,flicker
10.2148,158389,flicker
10.2188,158455,flicker
10.2235,158715,flicker
10.2270,158700,flicker
10.2311,158675,flicker
10.2351,158385,flicker
10.2399,523,flicker
10.2442,158825,flicker
10.2480,158388,flicker
10.2489,1,flicker
10.2536,59124,flicker
10.2550,1584,flicker
10.2557,87,flicker
10.2569,158471,flicker
10.2599,158420,flicker
10.2638,158256,flicker
10.2679,158628,flicker
10.2721,158529,flicker
10.2761,158526,flicker
10.2802,158360,flicker
10.2843,157900,flicker
10.2884,58766,flicker
10.2926,158187,flicker
10.2969,158309,flicker
10.3008,158418,flicker
10.3058,584,flicker
10.3095,158455,flicker
10.3130,158376,flicker
10.3172,159054,flicker
10.3213,1882,flicker
10.3264,158152,flicker
10.3295,158154,flicker
10.3337,158182,flicker
10.3376,158559,flicker
10.3419,158716,flicker
10.3457,158498,flicker
10.3498,158114,flicker
10.3539,158501,flicker
10.3581,158824,flicker
10.3621,158503,flicker
10.3662,158618,flicker
10.3703,158220,flicker
10.3751,158719,flicker
10.3785,158527,flicker
10.3794,158,flicker
10.3827,776,flicker
10.3833,158214,flicker
10.3869,158296,flicker
10.3912,158337,flicker
10.3949,158706,flicker
10.3990,158001,flicker
10.4031,158396,flicker
10.4078,158453,flicker
10.4113,158718,flicker
10.4153,158022,flicker
10.4195,158839,flicker
10.4241,158757,flicker
10.4278,157982,flicker
10.4318,158455,flicker
10.4358,158433,flicker
10.4401,158672,flicker
10.4441,158383,flicker
10.4481,158083,flicker
10.4522,158563,flicker
10.4571,158053,flicker
10.4604,159111,flicker
10.4645,158170,flicker
10.4686,158099,flicker
10.4742,158502,flicker
10.4770,158151,flicker
10.4810,158030,flicker
10.4851,158472,flicker
10.4892,5740,flicker
10.4937,158849,flicker
10.4986,158460,flicker
10.5014,158051,flicker
10.5058,158395,flicker
10.5064,158,flicker
10.5097,376,flicker
10.5104,158166,flicker
10.5138,158353,flicker
10.5178,158471,flicker
10.5219,58387,flicker
10.5269,158363,flicker
10.5313,158630,flicker
10.5341,157879,flicker
10.5407,581,flicker
10.5437,58666,flicker
10.5467,158606,flicker
10.5506,158780,flicker
10.5547,5876,flicker
10.5589,158825,flicker
10.5636,158439,flicker
10.5669,157912,flicker
10.5719,19,flicker
10.5752,158119,flicker
10.5797,158853,flicker
10.5833,158922,flicker
10.5874,158389,flicker
10.5915,159330,flicker
10.5956,158120,flicker
10.5998,158689,flicker
10.6038,159227,flicker
10.6079,158188,flicker
10.6119,158506,flicker
10.6160,158460,flicker
10.6203,158172,flicker
10.6243,158741,flicker
10.6283,158514,flicker
10.6324,158845,flicker
10.6342,158,flicker
10.6366,469,flicker
10.6371,158762,flicker
10.6408,158648,flicker
10.6449,158540,flicker
10.6489,158849,flicker
10.6529,157786,flicker
10.6578,158773,flicker
10.6611,158163,flicker
10.6652,158172,flicker
10.6694,158499,flicker
10.6735,157794,flicker
10.6775,158697,flicker
10.6817,158439,flicker
10.6857,158405,flicker
10.6904,159294,flicker
10.6939,158103,flicker
10.6980,158374,flicker
10.7021,158569,flicker
10.7070,5,flicker
10.7103,157912,flicker
10.7153,157996,flicker
10.7186,158462,flicker
10.7227,158639,flicker
10.7270,158798,flicker
10.7307,158297,flicker
10.7348,158381,flicker
10.7396,158503,flicker
10.7437,158934,flicker
10.7471,158479,flicker
10.7512,158993,flicker
10.7554,279,flicker
10.7596,157913,flicker
10.7613,15,flicker
10.7639,8719,flicker
10.7649,15851,flicker
10.7677,4,flicker
10.7678,158283,flicker
10.7718,883,flicker
10.7762,159193,flicker
10.7802,158903,flicker
10.7840,158292,flicker
10.7884,158353,flicker
10.7922,158374,flicker
10.7963,158620,flicker
10.8004,159043,flicker
10.8045,59008,flicker
10.8090,158161,flicker
10.8129,158659,flicker
10.8168,159018,flicker
10.8259,159045,flicker
10.8298,158644,flicker
10.8336,157984,flicker
10.8394,15891,flicker
10.8419,158419,flicker
10.8462,158805,flicker
10.8495,158485,flicker
10.8537,158977,flicker
10.8577,158521,flicker
10.8618,159078,flicker
10.8659,158838,flicker
10.8700,158394,flicker
10.8750,158369,flicker
10.8782,158800,flicker
10.8823,159078,flicker
10.8864,158445,flicker
10.8884,15,flicker
10.8906,8706,flicker
10.8915,15770,flicker
10.8946,2,flicker
10.8947,158863,flicker
10.8987,158952,flicker
10.9028,159130,flicker
10.9073,158346,flicker
10.9109,158661,flicker
10.9150,159015,flicker
10.9192,158537,flicker
10.9235,158704,flicker
10.9273,158213,flicker
10.9314,158232,flicker
10.9355,159180,flicker
10.9399,158463,flicker
10.9438,159138,flicker
10.9478,158305,flicker
10.9519,158698,flicker
10.9561,158283,flicker
10.9602,159021,flicker
10.9642,159190,flicker
10.9683,158946,flicker
10.9727,159400,flicker
10.9765,158569,flicker
10.9806,159135,flicker
10.9847,158376,flicker
10.9898,158485,flicker
10.9929,158508,flicker
10.9970,158372,flicker
11.0010,158469,flicker
11.0060,158830,flicker
11.0094,158479,flicker
11.0135,159039,flicker
11.0151,1,flicker
11.0175,58886,flicker
11.0189,1587,flicker
11.0231,0,flicker
11.0259,158310,flicker
11.0308,158987,flicker
11.0357,158267,flicker
11.0393,58,flicker
11.0433,158677,flicker
11.0473,158826,flicker
11.0502,159294,flicker
11.0544,58,flicker
11.0586,158711,flicker
11.0628,159110,flicker
11.0673,158716,flicker
11.0723,158849,flicker
11.0753,158615,flicker
11.0790,158786,flicker
11.0831,158748,flicker
11.0872,158377,flicker
11.0921,158912,flicker
11.0953,157898,flicker
11.0994,158113,flicker
11.1035,159079,flicker
11.1082,159297,flicker
11.1117,159122,flicker
11.1158,158507,flicker
11.1199,158738,flicker
11.1243,158715,flicker
11.1282,158645,flicker
11.1322,159012,flicker
11.1363,158668,flicker
11.1405,158825,flicker
11.1412,1,flicker
11.1445,58326,flicker
11.1450,1585,flicker
11.1485,79,flicker
11.1491,158624,flicker
11.1527,158483,flicker
11.1578,158818,flicker
11.1608,159033,flicker
11.1649,158573,flicker
11.1691,158749,flicker
11.1742,158323,flicker
11.1772,158703,flicker
11.1813,158745,flicker
11.1854,158837,flicker
11.1905,158863,flicker
11.1937,158710,flicker
11.1977,158551,flicker
11.2017,159025,flicker
11.2063,158521,flicker
11.2100,159012,flicker
11.2140,158712,flicker
11.2181,159176,flicker
11.2233,158928,flicker
11.2263,158388,flicker
11.2304,158885,flicker
11.2345,158776,flicker
11.2387,59027,flicker
11.2462,159242,flicker
11.2469,158858,flicker
11.2510,158593,flicker
11.2556,158685,flicker
11.2591,158527,flicker
11.2632,158943,flicker
11.2673,158457,flicker
11.2715,58580,flicker
11.2724,15,flicker
11.2771,592,flicker
11.2782,159127,flicker
11.2797,158946,flicker
11.2837,158835,flicker
11.2879,582,flicker
11.2924,159080,flicker
11.2961,158512,flicker
11.3001,158557,flicker
11.3042,158377,flicker
11.3083,158515,flicker
11.3123,159038,flicker
11.3164,159035,flicker
11.3206,158789,flicker
11.3247,158889,flicker
11.3288,158539,flicker
11.3328,158970,flicker
11.3369,158859,flicker
11.3410,158965,flicker
11.3451,158474,flicker
11.3492,158818,flicker
11.3534,158390,flicker
11.3577,158781,flicker
11.3615,158653,flicker
11.3656,158471,flicker
11.3697,158870,flicker
11.3738,158903,flicker
11.3779,158574,flicker
11.3820,159044,flicker
11.3861,158970,flicker
11.3908,158731,flicker
11.3944,159045,flicker
11.3985,158623,flicker
11.3998,158,flicker
11.4025,819,flicker
11.4029,158952,flicker
11.4070,158789,flicker
11.4107,159078,flicker
11.4148,159335,flicker
11.4191,159202,flicker
11.4239,159187,flicker
11.4270,158585,flicker
11.4311,158944,flicker
11.4352,158639,flicker
11.4402,159201,flicker
11.4436,158497,flicker
11.4476,158687,flicker
11.4516,159107,flicker
11.4569,159100,flicker
11.4598,159397,flicker
11.4639,159263,flicker
11.4680,158299,flicker
11.4729,158655,flicker
11.4763,158881,flicker
11.4804,159059,flicker
11.4844,158951,flicker
11.4901,158816,flicker
11.4926,159344,flicker
11.4967,158638,flicker
11.5008,159446,flicker
11.5057,59,flicker
11.5097,158731,flicker
11.5132,159218,flicker
11.5172,158884,flicker
11.5238,5,flicker
11.5255,58945,flicker
11.5269,158,flicker
11.5295,824,flicker
11.5303,15933,flicker
11.5335,9,flicker
11.5336,158958,flicker
11.5384,595,flicker
11.5428,159110,flicker
11.5467,158942,flicker
11.5500,159686,flicker
11.5558,177,flicker
11.5588,159130,flicker
11.5631,160016,flicker
11.5663,159246,flicker
11.5704,159174,flicker
11.5745,159210,flicker
11.5791,159383,flicker
11.5827,159019,flicker
11.5868,158540,flicker
11.5911,159287,flicker
11.5950,159097,flicker
11.5991,158937,flicker
11.6032,159233,flicker
11.6075,159066,flicker
11.6114,159279,flicker
11.6155,158855,flicker
11.6197,159438,flicker
11.6237,159285,flicker
11.6277,158629,flicker
11.6318,159289,flicker
11.6359,158890,flicker
11.6405,159264,flicker
11.6442,159275,flicker
11.6482,158824,flicker
11.6524,159494,flicker
11.6537,15,flicker
11.6565,9048,flicker
11.6575,15951,flicker
11.6606,4,flicker
11.6608,159518,flicker
11.6648,158913,flicker
11.6688,159530,flicker
11.6729,158789,flicker
11.6769,158984,flicker
11.6810,159282,flicker
11.6855,159458,flicker
11.6892,159291,flicker
11.6934,158846,flicker
11.6974,159278,flicker
11.7015,159593,flicker
11.7068,159077,flicker
11.7096,159513,flicker
11.7137,158997,flicker
11.7178,159452,flicker
11.7233,159701,flicker
11.7260,158760,flicker
11.7301,159301,flicker
11.7342,159231,flicker
11.7384,589,flicker
11.7427,159325,flicker
11.7473,159516,flicker
11.7524,159663,flicker
11.7548,1821,flicker
11.7589,159480,flicker
11.7631,159069,flicker
11.7674,158300,flicker
11.7711,159103,flicker
11.7753,158726,flicker
11.7794,159155,flicker
11.7812,15,flicker
11.7834,9104,flicker
11.7841,15902,flicker
11.7875,5,flicker
11.7882,15923,flicker
11.7928,158796,flicker
11.7958,159243,flicker
11.8002,158979,flicker
11.8039,158921,flicker
11.8081,159142,flicker
11.8124,159127,flicker
11.8161,159244,flicker
11.8250,159493,flicker
11.8285,159664,flicker
11.8325,159022,flicker
11.8411,159511,flicker
11.8414,159465,flicker
11.8468,159194,flicker
11.8490,159239,flicker
11.8531,159082,flicker
11.8571,159091,flicker
11.8612,158918,flicker
11.8653,159375,flicker
11.8695,159000,flicker
11.8736,158756,flicker
11.8776,159567,flicker
11.8817,159473,flicker
11.8859,159504,flicker
11.8902,159154,flicker
11.8940,159102,flicker
11.8981,159617,flicker
11.9023,159571,flicker
11.9064,159979,flicker
11.9066,15,flicker
11.9104,8644,flicker
11.9106,1592,flicker
11.9145,71,flicker
11.9146,159209,flicker
11.9187,159669,flicker
11.9227,159054,flicker
11.9267,158995,flicker
11.9308,159246,flicker
11.9349,159315,flicker
11.9391,159475,flicker
11.9432,159294,flicker
11.9473,159048,flicker
11.9513,158492,flicker
11.9556,5920,flicker
11.9602,159702,flicker
11.9637,159707,flicker
11.9678,158927,flicker
11.9719,159522,flicker
11.9764,159013,flicker
11.9803,159345,flicker
11.9841,159522,flicker
11.9887,58764,flicker
11.9926,159714,flicker
11.9971,159076,flicker
12.0005,159256,flicker
12.0058,595,flicker
12.0088,159464,flicker
12.0142,159497,flicker
12.0169,159159,flicker
12.0224,159106,flicker
12.0252,159852,flicker
12.0292,159498,flicker
12.0333,159763,flicker
12.0337,1,flicker
12.0388,885159,flicker
12.0415,8,flicker
12.0416,159399,flicker
12.0455,159488,flicker
12.0499,159672,flicker
12.0539,158921,flicker
12.0586,159241,flicker
12.0623,159767,flicker
12.0660,159375,flicker
12.0702,15672,flicker
12.0747,159478,flicker
12.0787,159662,flicker
12.0824,159268,flicker
12.0865,159248,flicker
12.0909,158671,flicker
12.0954,159488,flicker
12.0989,159444,flicker
12.1029,159627,flicker
12.1074,158856,flicker
12.1112,159895,flicker
12.1152,159492,flicker
12.1193,159013,flicker
12.1234,159327,flicker
12.1275,159076,flicker
12.1316,159428,flicker
12.1357,159229,flicker
12.1401,159429,flicker
12.1439,159725,flicker
12.1480,159184,flicker
12.1521,160155,flicker
12.1570,159232,flicker
12.1602,159720,flicker
12.1609,1,flicker
12.1643,58737,flicker
12.1649,1591,flicker
12.1686,41,flicker
12.1694,159376,flicker
12.1729,159035,flicker
12.1766,159741,flicker
12.1806,159080,flicker
12.1848,159225,flicker
12.1902,159333,flicker
12.1930,159057,flicker
12.1971,159227,flicker
12.2011,159440,flicker
12.2060,159489,flicker
12.2093,159333,flicker
12.2134,158862,flicker
12.2175,158955,flicker
12.2220,159785,flicker
12.2260,159703,flicker
12.2298,159101,flicker
12.2339,158509,flicker
12.2391,158843,flicker
12.2422,159575,flicker
12.2462,159487,flicker
12.2503,159652,flicker
12.2545,159235,flicker
12.2585,159313,flicker
12.2627,159632,flicker
12.2667,159473,flicker
12.2725,159014,flicker
12.2749,159192,flicker
12.2790,159178,flicker
12.2831,159661,flicker
12.2872,59469,flicker
12.2875,1,flicker
12.2917,9462,flicker
12.2935,1582,flicker
12.2959,89,flicker
12.2975,159516,flicker
12.3003,158900,flicker
12.3046,58,flicker
12.3091,159127,flicker
12.3127,159205,flicker
12.3167,159457,flicker
12.3216,5,flicker
12.3242,159361,flicker
12.3287,159267,flicker
12.3322,158673,flicker
12.3364,159087,flicker
12.3404,160072,flicker
12.3446,159424,flicker
12.3487,159593,flicker
12.3528,159198,flicker
12.3568,159063,flicker
12.3609,159877,flicker
12.3650,159021,flicker
12.3691,159025,flicker
12.3746,158870,flicker
12.3774,159178,flicker
12.3815,159329,flicker
12.3855,159577,flicker
12.3908,159285,flicker
12.3937,159159,flicker
12.3978,159274,flicker
12.4019,159034,flicker
12.4062,159116,flicker
12.4101,158522,flicker
12.4142,159264,flicker
12.4158,1,flicker
12.4184,58992,flicker
12.4197,159,flicker
12.4230,770,flicker
12.4259,159688,flicker
12.4265,158909,flicker
12.4306,159897,flicker
12.4346,159578,flicker
12.4403,5,flicker
12.4431,159983,flicker
12.4471,159280,flicker
12.4512,159552,flicker
12.4556,59654,flicker
12.4592,159608,flicker
12.4633,158930,flicker
12.4674,159350,flicker
12.4716,59558,flicker
12.4777,159356,flicker
12.4797,159984,flicker
12.4848,159260,flicker
12.4879,59328,flicker
12.4920,159653,flicker
12.4961,159321,flicker
12.5009,160088,flicker
12.5043,159592,flicker
12.5088,159217,flicker
12.5125,159753,flicker
12.5165,159224,flicker
12.5217,159237,flicker
12.5247,159460,flicker
12.5288,159048,flicker
12.5329,159338,flicker
12.5372,596,flicker
12.5421,159303,flicker
12.5459,159787,flicker
12.5477,158,flicker
12.5493,661,flicker
12.5506,159919,flicker
12.5551,159600,flicker
12.5576,159598,flicker
12.5617,159383,flicker
12.5658,159628,flicker
12.5699,159273,flicker
12.5740,159551,flicker
12.5780,159635,flicker
12.5822,159748,flicker
12.5863,159024,flicker
12.5903,159921,flicker
12.5943,159322,flicker
12.5984,159138,flicker
12.6025,160041,flicker
12.6070,159573,flicker
12.6108,160275,flicker
12.6148,159730,flicker
12.6190,160028,flicker
12.6231,159377,flicker
12.6271,159425,flicker
12.6312,159901,flicker
12.6354,159190,flicker
12.6398,160059,flicker
12.6436,159428,flicker
12.6477,159484,flicker
12.6518,159863,flicker
12.6571,159425,flicker
12.6599,159772,flicker
12.6640,159269,flicker
12.6683,159427,flicker
12.6730,159729,flicker
12.6740,159,flicker
12.6763,671,flicker
12.6771,159900,flicker
12.6805,159504,flicker
12.6844,159360,flicker
12.6888,159478,flicker
12.6927,159459,flicker
12.6968,159398,flicker
12.7009,159776,flicker
12.7053,159389,flicker
12.7091,160305,flicker
12.7131,158959,flicker
12.7172,159935,flicker
12.7226,159675,flicker
12.7254,159611,flicker
12.7295,159368,flicker
12.7336,159175,flicker
12.7379,54,flicker
12.7419,159083,flicker
12.7461,159688,flicker
12.7501,159658,flicker
12.7544,594,flicker
12.7585,159799,flicker
12.7630,159526,flicker
12.7664,158979,flicker
12.7709,159053,flicker
12.7747,158761,flicker
12.7786,159871,flicker
12.7828,159913,flicker
12.7911,159723,flicker
12.7966,159163,flicker
12.7992,159796,flicker
12.8006,159,flicker
12.8046,769,flicker
12.8080,159506,flicker
12.8125,159717,flicker
12.8157,159568,flicker
12.8207,1553,flicker
12.8251,159561,flicker
12.8279,159554,flicker
12.8319,159339,flicker
12.8360,160053,flicker
12.8401,159468,flicker
12.8442,159377,flicker
12.8483,159076,flicker
12.8524,159405,flicker
12.8566,159710,flicker
12.8608,159460,flicker
12.8648,159893,flicker
12.8689,159745,flicker
12.8729,159297,flicker
12.8770,159133,flicker
12.8811,159649,flicker
12.8853,159699,flicker
12.8893,159156,flicker
12.8933,159134,flicker
12.8974,160061,flicker
12.9016,159627,flicker
12.9058,159292,flicker
12.9097,158606,flicker
12.9138,159695,flicker
12.9180,159365,flicker
12.9221,159758,flicker
12.9261,159342,flicker
12.9274,15,flicker
12.9303,9253,flicker
12.9314,15962,flicker
12.9345,3,flicker
12.9346,160092,flicker
12.9388,159580,flicker
12.9426,159640,flicker
12.9467,159238,flicker
12.9507,159612,flicker
12.9558,159929,flicker
12.9589,159314,flicker
12.9630,159943,flicker
12.9671,158951,flicker
12.9718,159906,flicker
12.9754,159389,flicker
12.9795,159809,flicker
12.9836,159973,flicker
12.9877,924,flicker
12.9918,159337,flicker
12.9960,159212,flicker
13.0000,160017,flicker
13.0050,160010,flicker
13.0082,159877,flicker
13.0122,159979,flicker
13.0163,159273,flicker
13.0225,594,flicker
13.0247,160317,flicker
13.0300,159829,flicker
13.0326,159975,flicker
13.0377,51,flicker
13.0408,159877,flicker
13.0451,159556,flicker
13.0494,159653,flicker
13.0532,59682,flicker
13.0547,1,flicker
13.0580,9463,flicker
13.0590,1596,flicker
13.0615,96,flicker
13.0627,160359,flicker
13.0654,159536,flicker
13.0695,60038,flicker
13.0743,159222,flicker
13.0778,160194,flicker
13.0819,159787,flicker
13.0861,1937,flicker
13.0902,160050,flicker
13.0945,159561,flicker
13.0982,160241,flicker
13.1023,159855,flicker
13.1065,159547,flicker
13.1105,160684,flicker
13.1146,159320,flicker
13.1187,159560,flicker
13.1228,159575,flicker
13.1268,159444,flicker
13.1309,159550,flicker
13.1351,159808,flicker
13.1395,160134,flicker
13.1433,160285,flicker
13.1474,159496,flicker
13.1514,159780,flicker
13.1558,159139,flicker
13.1596,159908,flicker
13.1637,159522,flicker
13.1679,159560,flicker
13.1721,159666,flicker
13.1760,159200,flicker
13.1801,159569,flicker
13.1811,1,flicker
13.1844,59903,flicker
13.1850,1595,flicker
13.1891,15,flicker
13.1899,159760,flicker
13.1924,159392,flicker
13.1965,159672,flicker
13.2007,159993,flicker
13.2047,59867,flicker
13.2095,160092,flicker
13.2133,159605,flicker
13.2171,159765,flicker
13.2223,160097,flicker
13.2251,159791,flicker
13.2292,159723,flicker
13.2333,159689,flicker
13.2380,5,flicker
13.2417,159809,flicker
13.2457,159902,flicker
13.2497,160118,flicker
13.2539,5950,flicker
13.2583,159719,flicker
13.2625,159834,flicker
13.2669,159927,flicker
13.2715,64,flicker
13.2747,159599,flicker
13.2785,159158,flicker
13.2826,160129,flicker
13.2866,59515,flicker
13.2908,5991,flicker
13.2950,159053,flicker
13.2997,160018,flicker
13.3044,59,flicker
13.3080,160059,flicker
13.3086,1,flicker
13.3113,59812,flicker
13.3124,1593,flicker
13.3153,58,flicker
13.3164,159327,flicker
13.3205,160004,flicker
13.3235,159553,flicker
13.3275,160045,flicker
13.3316,160001,flicker
13.3358,159915,flicker
13.3406,160009,flicker
13.3439,159833,flicker
13.3480,159521,flicker
13.3522,159446,flicker
13.3565,159820,flicker
13.3604,159610,flicker
13.3645,159474,flicker
13.3685,159689,flicker
13.3728,159844,flicker
13.3768,159947,flicker
13.3809,159548,flicker
13.3849,160072,flicker
13.3890,159631,flicker
13.3931,159547,flicker
13.3972,159993,flicker
13.4013,160309,flicker
13.4060,159793,flicker
13.4094,159521,flicker
13.4135,159757,flicker
13.4177,159354,flicker
13.4220,159813,flicker
13.4258,159492,flicker
13.4299,159978,flicker
13.4343,159709,flicker
13.4388,159755,flicker
13.4403,160,flicker
13.4423,239,flicker
13.4431,160299,flicker
13.4464,159665,flicker
13.4504,159400,flicker
13.4545,159635,flicker
13.4587,159870,flicker
13.4628,159912,flicker
13.4668,160109,flicker
13.4714,159775,flicker
13.4750,159506,flicker
13.4791,159864,flicker
13.4831,159980,flicker
13.4874,59859,flicker
13.4929,159440,flicker
13.4959,159970,flicker
13.4997,160156,flicker
13.5042,160093,flicker
13.5077,159603,flicker
13.5119,160805,flicker
13.5160,159719,flicker
13.5202,605,flicker
13.5242,159943,flicker
13.5282,159683,flicker
13.5325,159676,flicker
13.5387,1595,flicker
13.5406,159759,flicker
13.5459,159350,flicker
13.5489,159473,flicker
13.5536,616,flicker
13.5570,159554,flicker
13.5612,160431,flicker
13.5652,160117,flicker
13.5661,160,flicker
13.5693,11,flicker
13.5712,0,flicker
13.5733,159824,flicker
13.5774,159822,flicker
13.5815,159575,flicker
13.5856,159828,flicker
13.5897,159956,flicker
13.5938,159557,flicker
13.5978,159892,flicker
13.6020,160496,flicker
13.6062,159876,flicker
13.6102,160332,flicker
13.6143,159801,flicker
13.6185,160564,flicker
13.6226,159891,flicker
13.6266,159697,flicker
13.6307,160017,flicker
13.6348,159487,flicker
13.6392,159807,flicker
13.6430,160447,flicker
13.6470,160115,flicker
13.6512,159685,flicker
13.6558,159167,flicker
13.6593,159507,flicker
13.6634,159687,flicker
13.6677,159649,flicker
13.6722,160123,flicker
13.6757,160130,flicker
13.6799,160249,flicker
13.6839,159961,flicker
13.6881,159688,flicker
13.6921,159648,flicker
13.6937,16,flicker
13.6962,0000,flicker
13.6975,16030,flicker
13.7004,1,flicker
13.7005,160060,flicker
13.7059,5,flicker
13.7096,159921,flicker
13.7126,159688,flicker
13.7168,160505,flicker
13.7211,159906,flicker
13.7250,160239,flicker
13.7289,159910,flicker
13.7330,159318,flicker
13.7372,6035,flicker
13.7413,160209,flicker
13.7454,160000,flicker
13.7494,159979,flicker
13.7535,59774,flicker
13.7586,160216,flicker
13.7618,160305,flicker
13.7664,159832,flicker
13.7705,6041,flicker
13.7749,159680,flicker
13.7781,160585,flicker
13.7822,160358,flicker
13.7864,58,flicker
13.7905,160207,flicker
13.7958,160336,flicker
13.7987,160459,flicker
13.8030,159962,flicker
13.8069,160021,flicker
13.8109,159946,flicker
13.8149,159552,flicker
13.8192,160329,flicker
13.8205,16,flicker
13.8232,0030,flicker
13.8234,15992,flicker
13.8272,0,flicker
13.8273,159821,flicker
13.8313,160004,flicker
13.8355,160006,flicker
13.8455,160122,rest
13.8459,159477,rest
13.8514,159996,rest
13.8519,159397,rest
13.8566,160047,rest
13.8601,160391,rest
13.8642,160376,rest
13.8683,159291,rest
13.8726,159751,rest
13.8764,159961,rest
13.8804,160096,rest
13.8846,159847,rest
13.8894,160037,rest
13.8928,160036,rest
13.8969,159771,rest
13.9011,160205,rest
13.9051,160042,rest
13.9092,159738,rest
13.9133,159882,rest
13.9173,160248,rest
13.9218,159682,rest
13.9256,160066,rest
13.9297,159492,rest
13.9337,160162,rest
13.9384,160504,rest
13.9419,159443,rest
13.9461,160065,rest
13.9471,15,rest
13.9501,9566,rest
13.9509,15977,rest
13.9544,3,rest
13.9544,160093,rest
13.9583,160207,rest
13.9624,160299,rest
13.9665,159888,rest
13.9707,59872,rest
13.9754,159870,rest
13.9792,159752,rest
13.9829,160583,rest
13.9885,159986,rest
13.9911,160557,rest
13.9953,159563,rest
13.9994,160088,rest
14.0034,60,rest
14.0111,159726,rest
14.0120,160315,rest
14.0157,160021,rest
14.0199,6,rest
14.0248,160135,rest
14.0280,159575,rest
14.0340,160085,rest
14.0366,160292,rest
14.0405,159867,rest
14.0443,160194,rest
14.0484,160488,rest
14.0525,60450,rest
14.0567,160057,rest
14.0607,160359,rest
14.0656,160658,rest
14.0706,076,rest
14.0737,160404,rest
14.0757,1,rest
14.0771,59825,rest
14.0784,1601,rest
14.0812,75,rest
14.0815,160082,rest
14.0853,159861,rest
14.0895,160331,rest
14.0936,159355,rest
14.0977,159985,rest
14.1018,160140,rest
14.1059,159684,rest
14.1099,160597,rest
14.1140,160244,rest
14.1181,160142,rest
14.1234,160224,rest
14.1263,160205,rest
14.1303,159842,rest
14.1345,159568,rest
14.1389,159906,rest
14.1426,160490,rest
14.1467,159789,rest
14.1508,159869,rest
14.1549,160049,rest
14.1590,160217,rest
14.1631,160182,rest
14.1674,160191,rest
14.1716,160401,rest
14.1756,159952,rest
14.1796,159698,rest
14.1836,160545,rest
14.1884,160032,rest
14.1918,159690,rest
14.1959,160335,rest
14.1999,159500,rest
14.2004,1,rest
14.2041,0519,rest
14.2056,1593,rest
14.2082,1,rest
14.2084,160153,rest
14.2140,160488,rest
14.2165,160093,rest
14.2206,62,rest
14.2255,160434,rest
14.2314,160198,rest
14.2328,159545,rest
14.2373,160161,rest
14.2410,159998,rest
14.2450,160382,rest
14.2491,160159,rest
14.2542,160310,rest
14.2574,160213,rest
14.2615,160061,rest
14.2658,160254,rest
14.2739,159794,rest
14.2779,159621,rest
14.2819,160465,rest
14.2872,601,rest
14.2908,159973,rest
14.2942,159984,rest
14.2984,160437,rest
14.3026,160419,rest
14.3073,160032,rest
14.3105,160322,rest
14.3146,160676,rest
14.3202,587,rest
14.3235,160268,rest
14.3270,159902,rest
14.3311,160213,rest
14.3322,159,rest
14.3354,968,rest
14.3361,60300,rest
14.3397,160566,rest
14.3440,159595,rest
14.3474,159931,rest
14.3517,159921,rest
14.3557,160132,rest
14.3597,160585,rest
14.3638,159924,rest
14.3680,160346,rest
14.3720,159374,rest
14.3761,159869,rest
14.3802,160305,rest
14.3844,160258,rest
14.3889,159287,rest
14.3925,160411,rest
14.3965,159943,rest
14.4009,160224,rest
14.4049,160614,rest
14.4089,159961,rest
14.4130,160397,rest
14.4172,159670,rest
14.4214,159744,rest
14.4252,160111,rest
14.4293,159832,rest
14.4334,160135,rest
14.4387,159669,rest
14.4416,159932,rest
14.4457,160377,rest
14.4498,159744,rest
14.4548,160105,rest
14.4580,159934,rest
14.4593,16,rest
14.4622,0014,rest
14.4633,16007,rest
14.4662,2,rest
14.4662,159781,rest
14.4712,159963,rest
14.4744,159930,rest
14.4785,160049,rest
14.4826,160551,rest
14.4880,59945,rest
14.4910,160609,rest
14.4951,160361,rest
14.4992,160700,rest
14.5059,6027,rest
14.5086,160050,rest
14.5123,160766,rest
14.5153,160363,rest
14.5196,623,rest
14.5287,159902,rest
14.5319,160408,rest
14.5360,609,rest
14.5405,159865,rest
14.5441,159988,rest
14.5487,160202,rest
14.5524,160364,rest
14.5580,59934,rest
14.5612,160028,rest
14.5651,160446,rest
14.5695,160421,rest
14.5732,160795,rest
14.5777,159583,rest
14.5809,159609,rest
14.5850,160479,rest
14.5866,16,rest
14.5894,0058,rest
14.5906,16108,rest
14.5931,5,rest
14.5932,159707,rest
14.5973,159975,rest
14.6015,159616,rest
14.6058,160538,rest
14.6096,160163,rest
14.6137,160551,rest
14.6179,160251,rest
14.6219,160162,rest
14.6260,160147,rest
14.6301,160328,rest
14.6342,160316,rest
14.6383,160332,rest
14.6424,160375,rest
14.6464,159945,rest
14.6506,160063,rest
14.6554,159899,rest
14.6587,160714,rest
14.6628,160729,rest
14.6673,159670,rest
14.6711,160082,rest
14.6752,159912,rest
14.6793,160756,rest
14.6833,160566,rest
14.6888,159707,rest
14.6915,160281,rest
14.6955,159725,rest
14.6997,160607,rest
14.7037,1,rest
14.7042,9965,rest
14.7079,159898,rest
14.7120,160101,rest
14.7129,15,rest
14.7160,9946,rest
14.7168,1604,rest
14.7206,88,rest
14.7218,160265,rest
14.7243,160161,rest
14.7284,160875,rest
14.7325,159669,rest
14.7366,160371,rest
14.7408,160544,rest
14.7447,159763,rest
14.7489,160268,rest
14.7530,60244,rest
14.7608,160587,rest
14.7611,159998,rest
14.7654,159700,rest
14.7694,160601,rest
14.7736,159714,rest
14.7775,160587,rest
14.7816,159942,rest
14.7868,66,rest
14.7905,160671,rest
14.7939,160661,rest
14.7979,160268,rest
14.8022,695,rest
14.8066,160241,rest
14.8110,159947,rest
14.8143,159838,rest
14.8195,584,rest
14.8225,160889,rest
14.8271,159790,rest
14.8318,160274,rest
14.8349,160386,rest
14.8396,160706,rest
14.8404,1,rest
14.8431,60045,rest
14.8433,1598,rest
14.8471,56,rest
14.8473,160180,rest
14.8512,160212,rest
14.8553,160585,rest
14.8594,160687,rest
14.8635,160295,rest
14.8676,160389,rest
14.8723,160407,rest
14.8758,160609,rest
14.8799,160559,rest
14.8840,160271,rest
14.8881,160454,rest
14.8921,160183,rest
14.8962,160624,rest
14.9005,160433,rest
14.9048,160609,rest
14.9085,159989,rest
14.9127,160119,rest
14.9168,160319,rest
14.9215,160851,rest
14.9250,160943,rest
14.9291,160093,rest
14.9332,160356,rest
14.9376,160591,rest
14.9413,160401,rest
14.9454,160592,rest
14.9495,159985,rest
14.9550,160641,rest
14.9577,160439,rest
14.9618,160763,rest
14.9659,160461,rest
14.9665,1,rest
14.9708,60001,rest
14.9716,1604,rest
14.9741,92,rest
14.9746,160865,rest
14.9782,160443,rest
14.9822,160235,rest
14.9866,159929,rest
14.9905,160714,rest
14.9946,160261,rest
14.9986,160622,rest
15.0039,6027,rest
15.0090,160022,rest
15.0111,160940,rest
15.0152,160328,rest
15.0192,6061,rest
15.0245,160861,rest
15.0274,159881,rest
15.0314,161200,rest
15.0355,60317,rest
15.0396,160811,rest
15.0438,160529,rest
15.0479,160586,rest
15.0520,606,rest
15.0566,159979,rest
15.0611,160263,rest
15.0643,160714,rest
15.0683,6209,rest
15.0724,160874,rest
15.0771,160265,rest
15.0807,160400,rest
15.0847,160556,rest
15.0888,160509,rest
15.0929,160742,rest
15.0947,1,rest
15.0971,60276,rest
15.0988,160,rest
15.1011,447,rest
15.1026,160932,rest
15.1054,159556,rest
15.1094,161166,rest
15.1134,160572,rest
15.1175,160674,rest
15.1216,160751,rest
15.1257,159879,rest
15.1297,160697,rest
15.1340,160441,rest
15.1380,160651,rest
15.1420,160541,rest
15.1461,160760,rest
15.1504,160540,rest
15.1552,159819,rest
15.1585,160389,rest
15.1626,160298,rest
15.1667,160457,rest
15.1710,160332,rest
15.1749,159448,rest
15.1789,160379,rest
15.1831,160509,rest
15.1879,160202,rest
15.1913,160560,rest
15.1953,160082,rest
15.1994,160313,rest
15.2049,160620,rest
15.2075,160409,rest
15.2116,160916,rest
15.2157,160696,rest
15.2199,60781,rest
15.2282,161029,rest
15.2283,159977,rest
15.2303,16087,rest
15.2321,2,rest
15.2322,159820,rest
15.2363,160902,rest
15.2406,161102,rest
15.2445,161052,rest
15.2485,160564,rest
15.2528,659,rest
15.2577,160562,rest
15.2609,160009,rest
15.2650,160198,rest
15.2691,6050,rest
15.2732,160113,rest
15.2772,160269,rest
15.2817,160269,rest
15.2854,61,rest
15.2905,160751,rest
15.2937,159954,rest
15.2978,160211,rest
15.3018,60676,rest
15.3069,160664,rest
15.3105,160488,rest
15.3149,160433,rest
15.3183,640,rest
15.3222,160588,rest
15.3273,159762,rest
15.3304,160502,rest
15.3346,159470,rest
15.3388,160553,rest
15.3428,160511,rest
15.3468,161048,rest
15.3510,160363,rest
15.3512,16,rest
15.3553,0565,rest
15.3572,16071,rest
15.3591,0,rest
15.3592,160497,rest
15.3632,160772,rest
15.3673,160051,rest
15.3720,159977,rest
15.3755,160592,rest
15.3795,160114,rest
15.3837,160742,rest
15.3878,160552,rest
15.3922,159818,rest
15.3960,160295,rest
15.4001,160863,rest
15.4045,159870,rest
15.4083,160268,rest
15.4124,160050,rest
15.4165,160418,rest
15.4208,160524,rest
15.4248,160732,rest
15.4287,160635,rest
15.4330,160491,rest
15.4369,160121,rest
15.4410,160354,rest
15.4451,160869,rest
15.4492,160421,rest
15.4534,160567,rest
15.4574,160517,rest
15.4615,160834,rest
15.4656,160860,rest
15.4699,160059,rest
15.4738,160374,rest
15.4779,160640,rest
15.4788,16,rest
15.4820,0851,rest
15.4827,16019,rest
15.4862,0,rest
15.4877,160658,rest
15.4903,160948,rest
15.4944,160361,rest
15.4985,160864,rest
15.5075,160219,rest
15.5108,160789,rest
15.5148,161013,rest
15.5189,60874,rest
15.5238,160581,rest
15.5270,160651,rest
15.5313,160551,rest
15.5352,161104,rest
15.5395,161036,rest
15.5434,160826,rest
15.5475,159636,rest
15.5529,68,rest
15.5563,160805,rest
15.5599,160872,rest
15.5656,160720,rest
15.5681,160447,rest
15.5724,161112,rest
15.5766,160685,rest
15.5803,160374,rest
15.5845,10710,rest
15.5889,160821,rest
15.5947,160794,rest
15.5975,160764,rest
15.6008,160635,rest
15.6054,160369,rest
15.6074,1,rest
15.6090,60223,rest
15.6104,1606,rest
15.6130,78,rest
15.6145,160158,rest
15.6173,160830,rest
15.6213,161053,rest
15.6261,160853,rest
15.6295,160808,rest
15.6336,160230,rest
15.6381,160833,rest
15.6418,161135,rest
15.6459,159894,rest
15.6500,160755,rest
15.6548,160457,rest
15.6581,160338,rest
15.6622,160554,rest
15.6664,160652,rest
15.6705,160879,rest
15.6746,160494,rest
15.6787,160659,rest
15.6828,160913,rest
15.6882,160744,rest
15.6910,160390,rest
15.6951,160404,rest
15.6992,161192,rest
15.7058,60,rest
15.7076,160309,rest
15.7117,160771,rest
15.7154,160019,rest
15.7196,637,rest
15.7269,160536,rest
15.7280,160313,rest
15.7318,160670,rest
15.7332,1,rest
15.7360,0198,rest
15.7374,1606,rest
15.7407,0,rest
15.7423,161173,rest
15.7443,160403,rest
15.7484,161179,rest
15.7523,160224,rest
15.7567,160892,rest
15.7605,160768,rest
15.7646,160961,rest
15.7688,604,rest
15.7733,160667,rest
15.7770,160685,rest
15.7811,160857,rest
15.7862,609,rest
15.7892,161576,rest
15.7938,160316,rest
15.7974,161058,rest
15.8018,160167,rest
15.8057,160731,rest
15.8097,160821,rest
15.8138,160876,rest
15.8180,60180,rest
15.8225,160934,rest
15.8267,160871,rest
15.8305,160327,rest
15.8344,1657,rest
15.8391,160679,rest
15.8424,160686,rest
15.8465,161423,rest
15.8507,160814,rest
15.8552,160455,rest
15.8588,160978,rest
15.8629,160991,rest
15.8643,160,rest
15.8671,418,rest
15.8693,160270,rest
15.8715,160798,rest
15.8752,160434,rest
15.8793,160882,rest
15.8836,160654,rest
15.8875,160913,rest
15.8916,160223,rest
15.8958,160255,rest
15.8999,160532,rest
15.9044,161159,rest
15.9079,159791,rest
15.9120,160873,rest
15.9162,160318,rest
15.9206,160847,rest
15.9244,160926,rest
15.9286,160679,rest
15.9328,160681,rest
15.9375,160284,rest
15.9408,160786,rest
15.9449,160612,rest
15.9489,160511,rest
15.9536,160178,rest
15.9572,160330,rest
15.9613,160833,rest
15.9653,161057,rest
15.9706,160355,rest
15.9736,160848,rest
15.9777,160404,rest
15.9817,161154,rest
15.9868,602,rest
15.9904,160713,rest
15.9906,160,rest
15.9940,861,rest
15.9945,160718,rest
15.9981,160418,rest
16.0024,160711,rest
16.0065,161038,rest
16.0104,160674,rest
16.0145,160369,rest
16.0187,6130,rest
16.0235,160467,rest
16.0268,160696,rest
16.0309,161050,rest
16.0358,61,rest
16.0391,160535,rest
16.0431,160951,rest
16.0478,160433,rest
16.0530,1,rest
16.0563,160726,rest
16.0596,160930,rest
16.0642,160567,rest
16.0677,160437,rest
16.0765,161229,rest
16.0802,161008,rest
16.0841,161171,rest
16.0883,161009,rest
16.0924,160856,rest
16.0965,160620,rest
16.1005,160805,rest
16.1052,160468,rest
16.1086,160978,rest
16.1127,160727,rest
16.1169,161001,rest
16.1191,16,rest
16.1210,666,rest
16.1221,16093,rest
16.1250,1,rest
16.1251,160514,rest
16.1292,161064,rest
16.1333,161292,rest
16.1374,161257,rest
16.1414,160179,rest
16.1455,160380,rest
16.1497,160906,rest
16.1538,160702,rest
16.1578,160805,rest
16.1619,161495,rest
16.1661,161022,rest
16.1713,161120,rest
16.1742,160575,rest
16.1782,160941,rest
16.1825,161044,rest
16.1865,160664,rest
16.1907,160587,rest
16.1947,160637,rest
16.1988,161101,rest
16.2035,160781,rest
16.2071,160769,rest
16.2111,161243,rest
16.2152,160226,rest
16.2201,161019,rest
16.2233,161120,rest
16.2274,160724,rest
16.2315,161222,rest
16.2359,160511,rest
16.2397,160834,rest
16.2438,160857,rest
16.2447,16,rest
16.2479,1124,rest
16.2487,16117,rest
16.2522,02,rest
16.2568,160509,rest
16.2603,161555,rest
16.2643,161225,rest
16.2696,61,rest
16.2730,160398,rest
16.2766,160984,rest
16.2806,160910,rest
16.2851,600,rest
16.2894,160820,rest
16.2931,161148,rest
16.2972,161062,rest
16.3022,9,rest
16.3055,161120,rest
16.3096,161005,rest
16.3135,160772,rest
16.3191,604,rest
16.3218,161061,rest
16.3257,160713,rest
16.3298,161377,rest
16.3340,6606,rest
16.3381,160513,rest
16.3423,161090,rest
16.3462,160881,rest
16.3503,160154,rest
16.3544,160592,rest
16.3585,160763,rest
16.3626,161622,rest
16.3667,161327,rest
16.3708,161039,rest
16.3724,16,rest
16.3749,1090,rest
16.3753,1610,rest
16.3790,41,rest
16.3790,160868,rest
16.3831,160966,rest
16.3873,160423,rest
16.3914,160722,rest
16.3954,160983,rest
16.3995,161271,rest
16.4039,160559,rest
16.4076,160409,rest
16.4117,160524,rest
16.4158,160579,rest
16.4201,160671,rest
16.4240,160619,rest
16.4281,160897,rest
16.4322,160504,rest
16.4371,160924,rest
16.4404,161291,rest
16.4445,160135,rest
16.4486,159746,rest
16.4532,160633,rest
16.4568,160995,rest
16.4609,160801,rest
16.4649,160747,rest
16.4705,60,rest
16.4736,161394,rest
16.4773,161152,rest
16.4814,161286,rest
16.4860,160730,rest
16.4896,160973,rest
16.4936,161281,rest
16.4978,160914,rest
16.4979,1,rest
16.5029,07,rest
16.5065,4,rest
16.5081,160716,rest
16.5100,160777,rest
16.5141,160896,rest
16.5183,61,rest
16.5233,160543,rest
16.5264,160816,rest
16.5305,161569,rest
16.5346,60931,rest
16.5403,160711,rest
16.5433,160937,rest
16.5469,161021,rest
16.5511,910,rest
16.5551,160779,rest
16.5601,161310,rest
16.5633,160789,rest
16.5674,61352,rest
16.5721,161861,rest
16.5757,160339,rest
16.5797,161237,rest
16.5839,160853,rest
16.5880,160496,rest
16.5920,160949,rest
16.5961,160879,rest
16.6002,161081,rest
16.6043,160965,rest
16.6083,161055,rest
16.6124,160783,rest
16.6165,160733,rest
16.6208,160705,rest
16.6247,160598,rest
16.6253,1,rest
16.6288,60629,rest
16.6293,1610,rest
16.6330,57,rest
16.6343,160363,rest
16.6372,160715,rest
16.6412,160963,rest
16.6452,160899,rest
16.6493,160731,rest
16.6536,160537,rest
16.6575,161351,rest
16.6616,160942,rest
16.6657,161013,rest
16.6701,161049,rest
16.6739,160123,rest
16.6780,160977,rest
16.6824,160775,rest
16.6867,160492,rest
16.6902,161032,rest
16.6943,160079,rest
16.6984,160719,rest
16.7029,160882,rest
16.7067,160570,rest
16.7107,160976,rest
16.7148,160734,rest
16.7194,161017,rest
16.7230,161264,rest
16.7271,160666,rest
16.7312,160807,rest
16.7355,161167,rest
16.7396,160951,rest
16.7435,161304,rest
16.7476,160832,rest
16.7520,160852,rest
16.7558,160250,rest
16.7569,161,rest
16.7599,170,rest
16.7609,161163,rest
16.7640,160708,rest
16.7685,160980,rest
16.7722,160825,rest
16.7762,161311,rest
16.7803,161089,rest
16.7845,02,rest
16.7890,161630,rest
16.7930,160746,rest
16.7969,160815,rest
16.8009,5,rest
16.8062,160956,rest
16.8095,161097,rest
16.8131,160934,rest
16.8186,109,rest
16.8217,161411,rest
16.8255,160858,rest
16.8296,160923,rest
16.8337,160311,rest
16.8379,161028,rest
16.8419,161466,rest
16.8460,161125,rest
16.8500,160895,rest
16.8542,161157,rest
16.8583,161293,rest
16.8623,161055,rest
16.8665,160838,rest
16.8706,161282,rest
16.8746,160880,rest
16.8787,160865,rest
16.8829,160929,rest
16.8840,160,rest
16.8871,591,rest
16.8880,160451,rest
16.8911,161015,rest
16.8951,161316,rest
16.8992,161517,rest
16.9033,161415,rest
16.9073,160794,rest
16.9114,160585,rest
16.9155,161295,rest
16.9197,160758,rest
16.9237,161091,rest
16.9278,160227,rest
16.9320,160858,rest
16.9361,161389,rest
16.9403,161189,rest
16.9444,160804,rest
16.9483,161080,rest
16.9538,160420,rest
16.9566,160994,rest
16.9607,160909,rest
16.9647,160801,rest
16.9696,160872,rest
16.9728,160953,rest
16.9769,161581,rest
16.9811,161110,rest
16.9852,161312,rest
16.9894,160913,rest
16.9934,161476,rest
16.9975,161163,rest
17.0016,61619,rest
17.0083,160694,rest
17.0099,161286,rest
17.0109,16,rest
17.0139,1170,rest
17.0148,16095,rest
17.0181,1195,rest
17.0242,160982,rest
17.0264,160953,rest
17.0303,160723,rest
17.0343,60590,rest
17.0384,161150,rest
17.0426,161138,rest
17.0469,161325,rest
17.0518,696,rest
17.0553,161051,rest
17.0589,160618,rest
17.0630,161142,rest
17.0670,61134,rest
17.0720,161995,rest
17.0764,160886,rest
17.0797,160976,rest
17.0853,1136,rest
17.0882,160465,rest
17.0917,161044,rest
17.0957,161103,rest
17.0999,161258,rest
17.1040,161163,rest
17.1080,160185,rest
17.1121,161345,rest
17.1163,161359,rest
17.1204,161289,rest
17.1244,161101,rest
17.1285,161479,rest
17.1327,161206,rest
17.1368,160893,rest
17.1381,16,rest
17.1408,0767,rest
17.1409,16112,rest
17.1450,3,rest
17.1460,161009,rest
17.1490,160513,rest
17.1533,160715,rest
17.1572,161069,rest
17.1613,161049,rest
17.1654,161325,rest
17.1699,161441,rest
17.1736,160819,rest
17.1777,161253,rest
17.1818,161293,rest
17.1864,160806,rest
17.1902,160482,rest
17.1942,160500,rest
17.1981,161035,rest
17.2024,161025,rest
17.2063,160882,rest
17.2105,160964,rest
17.2145,160829,rest
17.2187,161156,rest
17.2227,161195,rest
17.2268,161010,rest
17.2309,161239,rest
17.2363,161139,rest
17.2393,160895,rest
17.2434,161055,rest
17.2475,161064,rest
17.2515,65,rest
17.2556,160570,rest
17.2606,160843,rest
17.2637,160905,rest
17.2656,1,rest
17.2679,61346,rest
17.2696,1612,rest
17.2720,97,rest
17.2731,160611,rest
17.2761,161472,rest
17.2801,160552,rest
17.2876,6079,rest
17.2925,161493,rest
17.2927,160156,rest
17.2966,161331,rest
17.3049,160815,rest
17.3089,160633,rest
17.3129,160511,rest
17.3245,160863,rest
17.3252,160927,rest
17.3293,160929,rest
17.3334,160798,rest
17.3375,161251,rest
17.3415,160886,rest
17.3456,161098,rest
17.3497,160325,rest
17.3538,160352,rest
17.3579,160865,rest
17.3620,161202,rest
17.3662,161077,rest
17.3702,160806,rest
17.3742,160776,rest
17.3783,161172,rest
17.3825,161400,rest
17.3866,161259,rest
17.3908,161107,rest
17.3949,160930,rest
17.3959,160,rest
17.3990,903,rest
17.3999,161027,rest
17.4035,160809,rest
17.4070,160360,rest
17.4111,160743,rest
17.4153,161226,rest
17.4196,160895,rest
17.4236,160668,rest
17.4277,160834,rest
17.4318,160908,rest
17.4357,160660,rest
17.4398,161378,rest
17.4439,160788,rest
17.4480,160623,rest
17.4530,160926,rest
17.4562,161343,rest
17.4603,161276,rest
17.4644,161576,rest
17.4688,160567,rest
17.4726,160684,rest
17.4767,161180,rest
17.4807,161804,rest
17.4854,161345,rest
17.4889,160608,rest
17.4930,161460,rest
17.4971,161521,rest
17.5013,6458,rest
17.5054,161010,rest
17.5096,160785,rest
17.5136,161462,rest
17.5182,161173,rest
17.5218,161545,rest
17.5229,161,rest
17.5258,395,rest
17.5269,161001,rest
17.5299,161014,rest
17.5343,161130,rest
17.5382,161560,rest
17.5422,161403,rest
17.5463,160981,rest
17.5518,161625,rest
17.5545,161345,rest
17.5586,160744,rest
17.5626,160832,rest
17.5668,160726,rest
17.5709,162063,rest
17.5749,161077,rest
17.5790,161135,rest
17.5832,161636,rest
17.5873,161421,rest
17.5913,161133,rest
17.5954,161155,rest
17.5996,161313,rest
17.6037,161370,rest
17.6078,161043,rest
17.6119,160814,rest
17.6160,161147,rest
17.6205,161617,rest
17.6242,161400,rest
17.6283,160928,rest
17.6323,161486,rest
17.6364,161029,rest
17.6405,160978,rest
17.6446,161452,rest
17.6487,161071,rest
17.6506,16,rest
17.6529,0958,rest
17.6536,16084,rest
17.6569,7,rest
17.6570,161535,rest
17.6610,161075,rest
17.6651,160901,rest
17.6706,160993,rest
17.6733,160983,rest
17.6773,161174,rest
17.6815,160778,rest
17.6863,161008,rest
17.6896,161243,rest
17.6937,160996,rest
17.6978,160982,rest
17.7021,160784,rest
17.7061,161407,rest
17.7101,161098,rest
17.7142,160990,rest
17.7185,161160,rest
17.7224,161265,rest
17.7265,161180,rest
17.7306,161327,rest
17.7349,160965,rest
17.7389,161230,rest
17.7430,161450,rest
17.7470,161252,rest
17.7511,61251,rest
17.7555,160886,rest
17.7605,161126,rest
17.7635,161124,rest
17.7692,665,rest
17.7725,161583,rest
17.7757,160132,rest
17.7766,16,rest
17.7798,1055,rest
17.7806,16186,rest
17.7846,4,rest
17.7855,161267,rest
17.7881,161033,rest
17.7922,161573,rest
17.7961,161600,rest
17.8003,61405,rest
17.8048,161136,rest
17.8084,161025,rest
17.8125,161053,rest
17.8166,61045,rest
17.8207,161253,rest
17.8254,160950,rest
17.8290,160741,rest
17.8349,68,rest
17.8376,160593,rest
17.8420,160747,rest
17.8453,160973,rest
17.8494,160968,rest
17.8535,160921,rest
17.8576,161621,rest
17.8617,161338,rest
17.8658,161383,rest
17.8700,161007,rest
17.8740,160815,rest
17.8780,161196,rest
17.8822,161161,rest
17.8864,161455,rest
17.8904,160752,rest
17.8944,160358,rest
17.8986,161159,rest
17.9027,160860,rest
17.9033,1,rest
17.9068,61110,rest
17.9072,1608,rest
17.9108,54,rest
17.9113,160723,rest
17.9149,161938,rest
17.9190,161041,rest
17.9232,161421,rest
17.9273,160792,rest
17.9314,160822,rest
17.9369,161295,rest
17.9395,161083,rest
17.9436,161122,rest
17.9477,160846,rest
17.9524,161255,rest
17.9560,161137,rest
17.9601,160760,rest
17.9641,160987,rest
17.9689,161130,rest
17.9724,161696,rest
17.9764,161471,rest
17.9804,160891,rest
17.9847,613,rest
17.9934,161313,rest
17.9936,161294,rest
17.9968,161858,rest
18.0017,161044,rest
18.0050,161418,rest
18.0091,161154,rest
18.0133,161888,rest
18.0174,65,rest
18.0233,161512,rest
18.0265,161013,rest
18.0297,161277,rest
18.0318,1,rest
18.0338,1,rest
18.0358,610,rest
18.0399,5,rest
18.0408,161501,rest
18.0426,161285,rest
18.0461,161160,rest
18.0501,61567,rest
18.0547,161012,rest
18.0597,161900,rest
18.0625,161238,rest
18.0679,7,rest
18.0728,161247,rest
18.0747,161368,rest
18.0789,161258,rest
18.0829,161658,rest
18.0870,161943,rest
18.0910,161563,rest
18.0951,161429,rest
18.0993,161565,rest
18.1035,161482,rest
18.1076,161336,rest
18.1117,161389,rest
18.1157,161220,rest
18.1199,161563,rest
18.1239,161445,rest
18.1280,161199,rest
18.1320,161775,rest
18.1362,161024,rest
18.1402,161684,rest
18.1443,161198,rest
18.1485,160721,rest
18.1525,161036,rest
18.1566,161259,rest
18.1581,1,rest
18.1608,61399,rest
18.1609,1615,rest
18.1648,92,rest
18.1660,161103,rest
18.1696,161525,rest
18.1729,161070,rest
18.1770,161141,rest
18.1813,161686,rest
18.1857,161392,rest
18.1893,161496,rest
18.1934,161194,rest
18.1975,161590,rest
18.2026,161897,rest
18.2057,162028,rest
18.2098,161241,rest
18.2139,160741,rest
18.2183,161304,rest
18.2221,161128,rest
18.2262,161313,rest
18.2303,161372,rest
18.2356,61,rest
18.2389,161395,rest
18.2427,161961,rest
18.2467,161229,rest
18.2516,613,rest
18.2557,161121,rest
18.2597,160632,rest
18.2631,161515,rest
18.2686,611,rest
18.2720,161790,rest
18.2754,160914,rest
18.2794,161073,rest
18.2837,6155,rest
18.2885,160947,rest
18.2895,161,rest
18.2919,281,rest
18.2931,161418,rest
18.2959,161646,rest
18.3000,61355,rest
18.3042,161416,rest
18.3082,161028,rest
18.3122,160912,rest
18.3164,617,rest
18.3214,161669,rest
18.3250,161226,rest
18.3290,161337,rest
18.3328,160861,rest
18.3372,161508,rest
18.3409,160939,rest
18.3450,161406,rest
18.3491,161090,rest
18.3540,161063,rest
18.3574,161461,rest
18.3614,161240,rest
18.3656,161224,rest
18.3701,161513,rest
18.3737,160909,rest
18.3777,161510,rest
18.3819,161552,rest
18.3861,161636,rest
18.3900,160846,rest
18.3941,160651,rest
18.3983,160902,rest
18.4032,161202,rest
18.4065,161373,rest
18.4105,161058,rest
18.4147,161010,rest
18.4158,16,rest
18.4195,0973,rest
18.4207,16175,rest
18.4228,9,rest
18.4229,161475,rest
18.4269,160847,rest
18.4311,160590,rest
18.4355,160960,rest
18.4392,161508,rest
18.4433,161427,rest
18.4474,161199,rest
18.4518,161827,rest
18.4557,161310,rest
18.4597,161643,rest
18.4638,161778,rest
18.4695,161268,rest
18.4721,161204,rest
18.4760,162366,rest
18.4802,162352,rest
18.4847,162229,rest
18.4884,161420,rest
18.4924,161754,rest
18.4965,162089,rest
18.5024,6,rest
18.5053,161984,rest
18.5090,161527,rest
18.5131,161145,rest
18.5187,6,rest
18.5212,161389,rest
18.5252,161494,rest
18.5293,161494,rest
18.5346,16,rest
18.5385,161291,rest
18.5418,161667,rest
18.5433,16,rest
18.5457,1422,rest
18.5463,16167,rest
18.5499,11018,rest
18.5549,161579,rest
18.5589,161471,rest
18.5621,161273,rest
18.5662,61202,rest
18.5709,161922,rest
18.5746,160655,rest
18.5785,161396,rest
18.5827,161551,rest
18.5866,160711,rest
18.5907,161415,rest
18.5949,160942,rest
18.5991,161718,rest
18.6030,161377,rest
18.6071,161317,rest
18.6112,161580,rest
18.6154,160965,rest
18.6194,160583,rest
18.6235,161218,rest
18.6276,160695,rest
18.6317,161188,rest
18.6361,160675,rest
18.6400,161563,rest
18.6441,161279,rest
18.6483,161210,rest
18.6532,161104,rest
18.6563,161303,rest
18.6604,162195,rest
18.6645,161577,rest
18.6693,161464,rest
18.6705,16,rest
18.6728,1662,rest
18.6736,16142,rest
18.6767,1,rest
18.6768,161921,rest
18.6809,161578,rest
18.6859,161595,rest
18.6890,161328,rest
18.6931,161304,rest
18.6972,160992,rest
18.7016,161468,rest
18.7054,161672,rest
18.7095,161871,rest
18.7136,161466,rest
18.7187,161054,rest
18.7218,161453,rest
18.7259,161612,rest
18.7300,161527,rest
18.7341,160653,rest
18.7382,161484,rest
18.7423,161889,rest
18.7465,161411,rest
18.7511,161317,rest
18.7548,161302,rest
18.7589,161427,rest
18.7629,161226,rest
18.7670,61523,rest
18.7713,161759,rest
18.7755,161426,rest
18.7793,161656,rest
18.7846,617,rest
18.7881,161629,rest
18.7915,161394,rest
18.7956,161320,rest
18.7965,1,rest
18.7999,61181,rest
18.8006,1614,rest
18.8039,51,rest
18.8046,161588,rest
18.8079,161339,rest
18.8119,161260,rest
18.8162,161571,rest
18.8203,161656,rest
18.8244,161225,rest
18.8284,160831,rest
18.8324,160817,rest
18.8365,161271,rest
18.8406,161458,rest
18.8447,161117,rest
18.8488,161061,rest
18.8530,161702,rest
18.8572,161895,rest
18.8612,161343,rest
18.8652,161227,rest
18.8693,160986,rest
18.8735,161334,rest
18.8775,160740,rest
18.8816,161298,rest
18.8859,161569,rest
18.8897,161331,rest
18.8938,161148,rest
18.8979,161430,rest
18.9020,161377,rest
18.9061,161651,rest
18.9102,161300,rest
18.9145,160775,rest
18.9184,161384,rest
18.9225,161497,rest
18.9266,161495,rest
18.9283,160,rest
18.9309,540,rest
18.9321,161274,rest
18.9360,161240,rest
18.9389,162014,rest
18.9430,161435,rest
18.9471,160669,rest
18.9516,161158,rest
18.9553,161506,rest
18.9594,161529,rest
18.9635,161651,rest
18.9684,161408,rest
18.9717,161445,rest
18.9758,161173,rest
18.9798,161043,rest
18.9842,161664,rest
18.9881,161317,rest
18.9922,161717,rest
18.9962,161344,rest
19.0003,61289,rest
19.0046,161299,rest
19.0086,161363,rest
19.0126,161530,rest
19.0177,160891,rest
19.0208,161756,rest
19.0249,161044,rest
19.0290,161306,rest
19.0332,69,rest
19.0388,161871,rest
19.0417,161538,rest
19.0455,161581,rest
19.0496,1614,rest
19.0545,161800,rest
19.0561,161,rest
19.0579,250,rest
19.0589,161619,rest
19.0625,161693,rest
19.0659,161869,rest
19.0703,162136,rest
19.0741,161198,rest
19.0782,161860,rest
19.0836,16,rest
19.0866,161429,rest
19.0906,162125,rest
19.0946,161023,rest
19.0987,162143,rest
19.1027,161527,rest
19.1068,161747,rest
19.1109,161371,rest
19.1151,161088,rest
19.1197,161369,rest
19.1232,161596,rest
19.1273,161336,rest
19.1316,161596,rest
19.1359,161558,rest
19.1397,161553,rest
19.1437,161948,rest
19.1479,161212,rest
19.1524,160830,rest
19.1562,160897,rest
19.1602,161304,rest
19.1642,161688,rest
19.1683,161234,rest
19.1723,161397,rest
19.1764,161508,rest
19.1808,162139,rest
19.1819,161,rest
19.1859,690,rest
19.1867,16115,rest
19.1887,9,rest
19.1888,161598,rest
19.1928,161159,rest
19.1969,161178,rest
19.2010,161458,rest
19.2053,161508,rest
19.2092,161728,rest
19.2133,161263,rest
19.2184,161346,rest
19.2215,162157,rest
19.2256,161123,rest
19.2297,161487,rest
19.2344,161543,rest
19.2380,161554,rest
19.2421,161301,rest
19.2461,160601,rest
19.2502,161389,rest
19.2544,161367,rest
19.2584,161416,rest
19.2625,161300,rest
19.2675,160883,rest
19.2707,161387,rest
19.2747,161071,rest
19.2788,161118,rest
19.2831,67,rest
19.2876,161503,rest
19.2911,161604,rest
19.2952,160845,rest
19.2994,686,rest
19.3035,161311,rest
19.3081,161353,rest
19.3096,161,rest
19.3120,474,rest
19.3134,16149,rest
19.3174,1,rest
19.3209,161209,rest
19.3240,161568,rest
19.3280,160932,rest
19.3322,160892,rest
19.3370,161245,rest
19.3403,161599,rest
19.3444,161865,rest
19.3485,161418,rest
19.3528,160864,rest
19.3574,161601,rest
19.3609,161576,rest
19.3649,162271,rest
19.3690,160867,rest
19.3731,161435,rest
19.3771,161261,rest
19.3813,161633,rest
19.3857,161698,rest
19.3895,161062,rest
19.3936,160683,rest
19.3977,161538,rest
19.4018,162239,rest
19.4065,161055,rest
19.4100,161707,rest
19.4140,160909,rest
19.4184,161271,rest
19.4222,161541,rest
19.4263,161545,rest
19.4304,160881,rest
19.4346,161348,rest
19.4378,16,rest
19.4386,1089,rest
19.4398,16174,rest
19.4427,5,rest
19.4427,161369,rest
19.4468,161508,rest
19.4511,161123,rest
19.4550,161744,rest
19.4591,162133,rest
19.4632,161681,rest
19.4676,161369,rest
19.4715,161989,rest
19.4755,161048,rest
19.4795,161768,rest
19.4840,162250,rest
19.4881,160950,rest
19.4920,162271,rest
19.4960,161413,rest
19.5015,162287,rest
19.5042,161563,rest
19.5083,161523,rest
19.5123,161526,rest
19.5175,161214,rest
19.5205,161598,rest
19.5246,162190,rest
19.5287,161470,rest
19.5328,162005,rest
19.5370,161262,rest
19.5411,161552,rest
19.5452,161114,rest
19.5512,1614,rest
19.5553,161816,rest
19.5575,161465,rest
19.5616,161254,rest
19.5618,16,rest
19.5671,186,rest
19.5720,6,rest
19.5739,161961,rest
19.5740,161428,rest
19.5779,161874,rest
19.5820,161818,rest
19.5868,161238,rest
19.5903,162195,rest
19.5942,161773,rest
19.5984,161658,rest
19.6024,161825,rest
19.6065,161702,rest
19.6106,161816,rest
19.6148,161272,rest
19.6189,162322,rest
19.6230,161658,rest
19.6270,161398,rest
19.6311,161337,rest
19.6364,160908,rest
19.6393,161665,rest
19.6434,161643,rest
19.6475,161820,rest
19.6522,161251,rest
19.6557,161519,rest
19.6598,161791,rest
19.6639,162383,rest
19.6685,161656,rest
19.6721,161473,rest
19.6761,161421,rest
19.6803,161413,rest
19.6845,161890,rest
19.6885,161491,rest
19.6889,1,rest
19.6926,61882,rest
19.6929,1614,rest
19.6966,16,rest
19.6969,161881,rest
19.7018,162064,rest
19.7048,161599,rest
19.7089,162212,rest
19.7130,160984,rest
19.7186,162159,rest
19.7212,161853,rest
19.7253,162211,rest
19.7294,161759,rest
19.7335,61251,rest
19.7407,162207,rest
19.7417,162377,rest
19.7458,161676,rest
19.7507,161833,rest
19.7540,161260,rest
19.7580,161586,rest
19.7621,161946,rest
19.7665,161055,rest
19.7704,161707,rest
19.7745,161716,rest
19.7785,161242,rest
19.7827,69,rest
19.7877,161930,rest
19.7914,161571,rest
19.7949,161699,rest
19.7990,61506,rest
19.8037,162060,rest
19.8076,161439,rest
19.8113,162078,rest
19.8155,63,rest
19.8165,1,rest
19.8199,1726,rest
19.8207,162,rest
19.8243,162,rest
19.8254,161448,rest
19.8277,161843,rest
19.8334,161473,rest
19.8360,161790,rest
19.8400,162065,rest
19.8441,161590,rest
19.8482,161700,rest
19.8523,161755,rest
19.8564,161646,rest
19.8604,161899,rest
19.8647,161935,rest
19.8686,161720,rest
19.8727,160626,rest
19.8768,161451,rest
19.8810,161618,rest
19.8851,161844,rest
19.8892,161203,rest
19.8933,161477,rest
19.8973,161494,rest
19.9026,161855,rest
19.9057,161396,rest
19.9097,160801,rest
19.9138,161088,rest
19.9183,161272,rest
19.9219,161593,rest
19.9260,161459,rest
19.9301,161451,rest
19.9343,161339,rest
19.9389,161562,rest
19.9425,161707,rest
19.9465,161607,rest
19.9471,161,rest
19.9510,515,rest
19.9532,161702,rest
19.9547,160752,rest
19.9588,162031,rest
19.9629,161718,rest
19.9671,61052,rest
19.9714,161660,rest
19.9754,161683,rest
19.9793,161414,rest
19.9835,61762,rest
19.9899,161066,rest
19.9917,161787,rest
19.9957,162077,rest
19.9998,161501,rest
20.0038,161909,rest
20.0079,161814,rest
20.0120,161859,rest
20.0163,162073,rest
20.0203,161474,rest
20.0244,162005,rest
20.0285,161919,rest
20.0326,62043,rest
20.0384,161249,rest
20.0407,161815,rest
20.0448,161822,rest
20.0490,688,rest
20.0547,161679,rest
20.0577,161879,rest
20.0613,161176,rest
20.0653,612,rest
20.0706,161369,rest
20.0751,161879,rest
20.0773,162,rest
20.0776,059,rest
20.0792,16161,rest
20.0817,161525,rest
20.0870,161580,rest
20.0907,161758,rest
20.0940,161819,rest
20.0982,16174,rest
20.1022,6185,rest
20.1069,160869,rest
20.1107,162115,rest
20.1150,161233,rest
20.1185,161880,rest
20.1230,161895,rest
20.1268,161880,rest
20.1308,161717,rest
20.1351,161548,rest
20.1390,161794,rest
20.1430,161502,rest
20.1472,161997,rest
20.1513,161984,rest
20.1554,162053,rest
20.1594,162032,rest
20.1637,161326,rest
20.1680,161755,rest
20.1719,161846,rest
20.1759,161328,rest
20.1799,161139,rest
20.1841,161531,rest
20.1886,161070,rest
20.1923,161835,rest
20.1963,161470,rest
20.2008,161669,rest
20.2016,16,rest
20.2047,1745,rest
20.2055,16158,rest
20.2087,3,rest
20.2088,161732,rest
20.2127,161887,rest
20.2169,161164,rest
20.2210,161717,rest
20.2251,161484,rest
20.2291,162184,rest
20.2334,161174,rest
20.2373,161458,rest
20.2415,161440,rest
20.2455,161646,rest
20.2510,161585,rest
20.2537,161235,rest
20.2578,161845,rest
20.2619,161606,rest
20.2669,6,rest
20.2708,161815,rest
20.2748,161248,rest
20.2783,161766,rest
20.2842,621,rest
20.2870,161707,rest
20.2915,162019,rest
20.2948,161490,rest
20.2987,62065,rest
20.3029,161202,rest
20.3075,161557,rest
20.3130,162039,rest
20.3172,112,rest
20.3193,161870,rest
20.3244,161732,rest
20.3274,161682,rest
20.3289,16,rest
20.3316,151,rest
20.3330,1616,rest
20.3356,8,rest
20.3372,161272,rest
20.3409,162043,rest
20.3444,162362,rest
20.3479,161883,rest
20.3520,161425,rest
20.3561,161884,rest
20.3602,162350,rest
20.3643,162147,rest
20.3691,161706,rest
20.3724,161422,rest
20.3765,161938,rest
20.3808,162230,rest
20.3848,162191,rest
20.3889,161355,rest
20.3930,161061,rest
20.3972,161614,rest
20.4014,162076,rest
20.4052,161985,rest
20.4093,161734,rest
20.4134,161693,rest
20.4177,161432,rest
20.4217,162101,rest
20.4258,161808,rest
20.4298,162195,rest
20.4352,161241,rest
20.4380,162081,rest
20.4421,160951,rest
20.4462,162307,rest
20.4510,161077,rest
20.4545,161703,rest
20.4556,1,rest
20.4586,61975,rest
20.4595,1615,rest
20.4626,93,rest
20.4635,161712,rest
20.4667,161881,rest
20.4709,161939,rest
20.4749,161848,rest
20.4789,162089,rest
20.4835,161642,rest
20.4873,161255,rest
20.4912,161468,rest
20.4953,161899,rest
20.5007,161579,rest
20.5036,161684,rest
20.5076,162015,rest
20.5118,161415,rest
20.5175,61575,rest
20.5201,161686,rest
20.5240,161924,rest
20.5281,161534,rest
20.5331,6203,rest
20.5363,162283,rest
20.5412,161796,rest
20.5445,162085,rest
20.5487,6180,rest
20.5530,6042,rest
20.5572,161984,rest
20.5617,161771,rest
20.5652,16213,rest
20.5691,161837,rest
20.5737,162539,rest
20.5783,161831,rest
20.5815,61,rest
20.5854,62186,rest
20.5865,1616,rest
20.5903,78,rest
20.5905,162463,rest
20.5941,161453,rest
20.5978,161884,rest
20.6022,161556,rest
20.6059,161599,rest
20.6100,161972,rest
20.6141,161205,rest
20.6182,161865,rest
20.6223,161901,rest
20.6264,161773,rest
20.6305,161773,rest
20.6353,162053,rest
20.6388,161914,rest
20.6429,162259,rest
20.6469,161721,rest
20.6513,162059,rest
20.6551,161820,rest
20.6591,162226,rest
20.6633,162058,rest
20.6678,162245,rest
20.6714,162017,rest
20.6755,160912,rest
20.6799,161323,rest
20.6845,161478,rest
20.6878,161395,rest
20.6919,161632,rest
20.6960,161669,rest
20.7013,161780,rest
20.7042,161540,rest
20.7083,161670,rest
20.7124,161700,rest
20.7131,161,rest
20.7168,344,rest
20.7171,161793,rest
20.7208,162151,rest
20.7248,161447,rest
20.7288,161964,rest
20.7333,161514,rest
20.7371,162244,rest
20.7412,161902,rest
20.7452,161481,rest
20.7493,162311,rest
20.7534,160950,rest
20.7575,161827,rest
20.7617,162063,rest
20.7657,61897,rest
20.7718,162291,rest
20.7740,161178,rest
20.7780,162111,rest
20.7834,161728,rest
20.7863,161934,rest
20.7903,162123,rest
20.7944,161714,rest
20.7985,61837,rest
20.8042,161902,rest
20.8068,162000,rest
20.8108,162342,rest
20.8164,6,rest
20.8195,162179,rest
20.8231,162112,rest
20.8272,161878,rest
20.8314,162238,rest
20.8360,161460,rest
20.8395,162274,rest
20.8409,162,rest
20.8435,120,rest
20.8438,162034,rest
20.8477,161407,rest
20.8517,161770,rest
20.8559,162005,rest
20.8599,162265,rest
20.8640,161917,rest
20.8683,161239,rest
20.8722,161816,rest
20.8763,162091,rest
20.8804,162475,rest
20.8849,162079,rest
20.8886,161777,rest
20.8926,161089,rest
20.8967,162252,rest
20.9011,162063,rest
20.9049,162026,rest
20.9090,161828,rest
20.9132,161528,rest
20.9183,161507,rest
20.9213,161903,rest
20.9254,161940,rest
20.9295,161356,rest
20.9345,161397,rest
20.9378,161831,rest
20.9419,161805,rest
20.9459,162124,rest
20.9510,161324,rest
20.9541,161826,rest
20.9582,161846,rest
20.9622,162257,rest
20.9671,161745,rest
20.9686,16,rest
20.9705,1229,rest
20.9716,16105,rest
20.9747,6,rest
20.9747,162399,rest
20.9786,161994,rest
20.9840,161741,rest
20.9870,161308,rest
20.9911,162187,rest
20.9950,161921,rest
21.0001,161789,rest
21.0032,161466,rest
21.0073,161449,rest
21.0114,162015,rest
21.0164,6,rest
21.0203,161964,rest
21.0237,162073,rest
21.0278,161685,rest
21.0342,616,rest
21.0376,162164,rest
21.0402,162023,rest
21.0443,162096,rest
21.0529,162763,rest
21.0565,161760,rest
21.0605,161955,rest
21.0660,1616,rest
21.0689,161966,rest
21.0728,162274,rest
21.0774,161729,rest
21.0821,6202,rest
21.0863,162425,rest
21.0901,161962,rest
21.0934,162504,rest
21.0941,16,rest
21.0990,173,rest
21.1016,36,rest
21.1040,161655,rest
21.1064,161677,rest
21.1097,162160,rest
21.1140,162139,rest
21.1184,162416,rest
21.1220,161915,rest
21.1262,162048,rest
21.1302,161988,rest
21.1345,161842,rest
21.1387,161866,rest
21.1426,161973,rest
21.1467,161371,rest
21.1509,161515,rest
21.1549,161526,rest
21.1589,162097,rest
21.1630,161827,rest
21.1683,161864,rest
21.1713,161994,rest
21.1753,161555,rest
21.1793,161950,rest
21.1838,162280,rest
21.1875,161597,rest
21.1916,162130,rest
21.1957,160825,rest
21.2007,162145,rest
21.2039,161677,rest
21.2080,162127,rest
21.2121,162481,rest
21.2169,162246,rest
21.2203,162484,rest
21.2212,1,rest
21.2244,62305,rest
21.2252,1617,rest
21.2285,98,rest
21.2293,162454,rest
21.2329,161627,rest
21.2367,161615,rest
21.2408,162066,rest
21.2448,161867,rest
21.2506,6194,rest
21.2536,161161,rest
21.2580,161899,rest
21.2613,162130,rest
21.2654,6214,rest
21.2701,162234,rest
21.2737,161453,rest
21.2777,162063,rest
21.2829,161699,rest
21.2860,161224,rest
21.2900,161667,rest
21.2941,162107,rest
21.2981,62125,rest
21.3026,162408,rest
21.3063,162016,rest
21.3104,161611,rest
21.3146,69,rest
21.3187,162139,rest
21.3230,162221,rest
21.3269,161985,rest
21.3309,12095,rest
21.3361,6,rest
21.3402,161990,rest
21.3437,161812,rest
21.3474,161451,rest
21.3514,62199,rest
21.3526,162,rest
21.3555,057,rest
21.3556,161592,rest
21.3596,161677,rest
21.3637,162111,rest
21.3679,161757,rest
21.3719,161639,rest
21.3760,161787,rest
21.3802,161943,rest
21.3849,161638,rest
21.3882,161613,rest
21.3924,161184,rest
21.3965,161596,rest
21.4005,161873,rest
21.4046,161768,rest
21.4087,161477,rest
21.4128,162422,rest
21.4174,161728,rest
21.4212,161986,rest
21.4252,162077,rest
21.4293,161537,rest
21.4341,161463,rest
21.4374,161681,rest
21.4414,162425,rest
21.4457,162278,rest
21.4499,161886,rest
21.4537,162033,rest
21.4578,161983,rest
21.4620,162082,rest
21.4669,161589,rest
21.4703,161866,rest
21.4743,161858,rest
21.4783,161982,rest
21.4789,162,rest
21.4827,183,rest
21.4837,161799,rest
21.4866,161540,rest
21.4906,162033,rest
21.4947,161644,rest
21.5004,161988,rest
21.5031,161847,rest
21.5071,161383,rest
21.5112,161811,rest
21.5163,161741,rest
21.5193,161997,rest
21.5234,162283,rest
21.5275,162199,rest
21.5317,62313,rest
21.5358,161697,rest
21.5400,162323,rest
21.5440,161741,rest
21.5492,59,rest
21.5529,162408,rest
21.5567,161604,rest
21.5604,161594,rest
21.5644,6270,rest
21.5691,161486,rest
21.5731,162062,rest
21.5766,161607,rest
21.5849,162254,rest
21.5892,161509,rest
21.5931,162462,rest
21.5973,162223,rest
21.6016,162078,rest
21.6053,162074,rest
21.6063,16,rest
21.6094,2258,rest
21.6103,16255,rest
21.6135,5,rest
21.6136,161803,rest
21.6187,162107,rest
21.6217,162117,rest
21.6258,161452,rest
21.6300,162278,rest
21.6341,161926,rest
21.6382,162033,rest
21.6423,162132,rest
21.6463,161982,rest
21.6504,162249,rest
21.6544,162369,rest
21.6586,162044,rest
21.6627,162156,rest
21.6672,162009,rest
21.6710,162778,rest
21.6751,162045,rest
21.6790,162554,rest
21.6833,162051,rest
21.6873,161928,rest
21.6913,162344,rest
21.6954,160864,rest
21.7006,162401,rest
21.7037,162443,rest
21.7077,161518,rest
21.7118,162422,rest
21.7160,62066,rest
21.7204,161842,rest
21.7242,162347,rest
21.7283,162330,rest
21.7369,1715,rest
21.7373,16244,rest
21.7405,6,rest
21.7405,162490,rest
21.7446,161824,rest
21.7487,61998,rest
21.7530,161718,rest
21.7574,162732,rest
21.7610,162137,rest
21.7651,6186,rest
21.7692,162268,rest
21.7733,161711,rest
21.7773,162353,rest
21.7815,6210,rest
21.7861,162012,rest
21.7908,162715,rest
21.7941,162598,rest
21.7979,22,rest
21.8019,161851,rest
21.8068,162139,rest
21.8109,162127,rest
21.8143,61927,rest
21.8186,162546,rest
21.8235,161892,rest
21.8271,162794,rest
21.8308,162027,rest
21.8347,161770,rest
21.8392,161880,rest
21.8430,162119,rest
21.8471,161699,rest
21.8512,162147,rest
21.8552,161676,rest
21.8593,162098,rest
21.8599,16,rest
21.8635,2332,rest
21.8649,1623,rest
21.8677,64,rest
21.8690,162190,rest
21.8716,161714,rest
21.8757,161755,rest
21.8798,162108,rest
21.8838,162366,rest
21.8879,161808,rest
21.8920,162081,rest
21.8963,162293,rest
21.9011,162089,rest
21.9044,161414,rest
21.9085,162206,rest
21.9126,161600,rest
21.9178,162096,rest
21.9208,162139,rest
21.9248,162198,rest
21.9290,161935,rest
21.9336,161784,rest
21.9372,162062,rest
21.9413,162120,rest
21.9453,162262,rest
21.9499,161884,rest
21.9535,162220,rest
21.9576,161950,rest
21.9616,161975,rest
21.9671,162424,rest
21.9700,162149,rest
21.9741,161822,rest
21.9782,161839,rest
21.9822,61849,rest
21.9863,162077,rest
21.9864,1,rest
21.9906,61723,rest
21.9920,1621,rest
21.9951,51,rest
21.9954,162006,rest
21.9985,162159,rest
22.0032,161768,rest
22.0068,161336,rest
22.0109,162317,rest
22.0150,682,rest
22.0193,162271,rest
22.0238,162635,rest
22.0273,161602,rest
22.0314,19,rest
22.0361,161949,rest
22.0408,162380,rest
22.0436,162105,rest
22.0519,161800,rest
22.0563,162108,rest
22.0600,161919,rest
22.0642,19,rest
22.0692,161675,rest
22.0722,162520,rest
22.0776,161807,rest
22.0805,162106,rest
22.0847,162461,rest
22.0886,162218,rest
22.0927,162511,rest
22.0988,161574,rest
22.1009,162023,rest
22.1050,162062,rest
22.1091,161993,rest
22.1132,162559,rest
22.1137,1,rest
22.1173,62201,rest
22.1188,1623,rest
22.1214,96,rest
22.1228,162138,rest
22.1255,161833,rest
22.1296,162491,rest
22.1340,162010,rest
22.1379,162139,rest
22.1420,162513,rest
22.1461,162122,rest
22.1511,162116,rest
22.1542,161759,rest
22.1583,162458,rest
22.1625,161788,rest
22.1678,161943,rest
22.1705,162306,rest
22.1746,161828,rest
22.1788,161677,rest
22.1839,162045,rest
22.1869,162462,rest
22.1910,162546,rest
22.1951,162273,rest
22.1992,62406,rest
22.2060,162291,rest
22.2075,162349,rest
22.2115,162343,rest
22.2161,161800,rest
22.2197,163204,rest
22.2238,161824,rest
22.2279,162168,rest
22.2321,162297,rest
22.2361,161489,rest
22.2402,162559,rest
22.2414,1,rest
22.2443,62189,rest
22.2454,162,rest
22.2489,020,rest
22.2502,162451,rest
22.2526,161556,rest
22.2567,162236,rest
22.2611,162038,rest
22.2648,61697,rest
22.2694,162540,rest
22.2733,162269,rest
22.2772,161537,rest
22.2818,625,rest
22.2855,162088,rest
22.2895,162243,rest
22.2934,161942,rest
22.2987,62,rest
22.3018,163002,rest
22.3058,162418,rest
22.3098,162436,rest
22.3139,62277,rest
22.3181,162616,rest
22.3233,162384,rest
22.3278,162464,rest
22.3305,16230,rest
22.3344,161793,rest
22.3386,161924,rest
22.3426,162561,rest
22.3468,162380,rest
22.3514,161977,rest
22.3548,162189,rest
22.3590,162131,rest
22.3631,162191,rest
22.3674,162637,rest
22.3715,161840,rest
22.3730,161,rest
22.3754,728,rest
22.3761,162590,rest
22.3795,162200,rest
22.3835,162119,rest
22.3876,161985,rest
22.3917,161570,rest
22.3958,162528,rest
22.4007,162816,rest
22.4040,161944,rest
22.4081,162319,rest
22.4122,162713,rest
22.4172,162463,rest
22.4204,162556,rest
22.4245,161759,rest
22.4286,161790,rest
22.4328,161914,rest
22.4368,162319,rest
22.4409,162035,rest
22.4449,162524,rest
22.4500,161840,rest
22.4532,162229,rest
22.4572,161843,rest
22.4613,162454,rest
22.4664,162145,rest
22.4695,161728,rest
22.4736,161558,rest
22.4777,162106,rest
22.4818,161766,rest
22.4859,161905,rest
22.4900,162607,rest
22.4941,162216,rest
22.4984,162043,rest
22.4998,162,rest
22.5023,376,rest
22.5038,16265,rest
22.5064,1,rest
22.5064,161846,rest
22.5105,162264,rest
22.5147,616,rest
22.5187,162301,rest
22.5230,162403,rest
22.5269,161680,rest
22.5318,161963,rest
22.5351,162391,rest
22.5392,162483,rest
22.5433,161733,rest
22.5475,616,rest
22.5517,162546,rest
22.5556,162400,rest
22.5597,161955,rest
22.5638,69,rest
22.5696,161826,rest
22.5721,162414,rest
22.5768,162429,rest
22.5802,162089,rest
22.5843,163221,rest
22.5883,162370,rest
22.5924,161970,rest
22.5985,16258,rest
22.6016,162471,rest
22.6052,162454,rest
22.6088,162012,rest
22.6129,162466,rest
22.6172,162496,rest
22.6211,162073,rest
22.6252,162959,rest
22.6263,16,rest
22.6293,1803,rest
22.6313,16283,rest
22.6334,9,rest
22.6334,162317,rest
22.6374,162671,rest
22.6416,162097,rest
22.6457,162327,rest
22.6498,162160,rest
22.6538,161856,rest
22.6579,162295,rest
22.6621,162152,rest
22.6661,162482,rest
22.6702,162491,rest
22.6743,162343,rest
22.6785,162052,rest
22.6827,162356,rest
22.6867,162422,rest
22.6908,163130,rest
22.6948,161490,rest
22.6996,162449,rest
22.7030,162176,rest
22.7071,161718,rest
22.7112,161892,rest
22.7154,162215,rest
22.7194,162382,rest
22.7234,162119,rest
22.7276,162154,rest
22.7326,162532,rest
22.7358,161601,rest
22.7399,162008,rest
22.7439,162433,rest
22.7489,162021,rest
22.7523,162607,rest
22.7531,16,rest
22.7564,2083,rest
22.7573,16210,rest
22.7604,5,rest
22.7605,162602,rest
22.7652,161636,rest
22.7686,162213,rest
22.7727,161509,rest
22.7768,162068,rest
22.7810,62050,rest
22.7851,162496,rest
22.7892,161693,rest
22.7933,161950,rest
22.7983,161932,rest
22.8014,162345,rest
22.8055,161856,rest
22.8096,162334,rest
22.8193,161784,rest
22.8218,162736,rest
22.8260,162581,rest
22.8308,62232,rest
22.8347,161766,rest
22.8391,162360,rest
22.8428,162357,rest
22.8466,160,rest
22.8505,162128,rest
22.8547,162103,rest
22.8587,162044,rest
22.8628,162327,rest
22.8671,162395,rest
22.8710,162507,rest
22.8751,161745,rest
22.8792,162497,rest
22.8797,16,rest
22.8832,2756,rest
22.8847,1622,rest
22.8874,11,rest
22.8876,162103,rest
22.8915,162396,rest
22.8955,162229,rest
22.9005,162415,rest
22.9037,162847,rest
22.9078,162655,rest
22.9120,162145,rest
22.9160,162480,rest
22.9201,162498,rest
22.9242,161932,rest
22.9284,161863,rest
22.9325,162324,rest
22.9368,162465,rest
22.9406,162444,rest
22.9447,161948,rest
22.9494,161918,rest
22.9530,162049,rest
22.9570,161987,rest
22.9611,162484,rest
22.9663,162680,rest
22.9693,162057,rest
22.9734,161991,rest
22.9774,162337,rest
22.9819,162504,rest
22.9858,161986,rest
22.9898,162107,rest
22.9938,162369,rest
22.9988,162145,rest
23.0021,162558,rest
23.0061,162191,rest
23.0074,1,rest
23.0102,61961,rest
23.0121,1617,rest
23.0149,03,rest
23.0161,161861,rest
23.0184,162858,rest
23.0226,162054,rest
23.0267,161677,rest
23.0308,62437,rest
23.0354,162107,rest
23.0390,162540,rest
23.0430,162004,rest
23.0472,612,rest
23.0513,6286,rest
23.0558,162607,rest
23.0595,162308,rest
23.0638,162460,rest
23.0680,161948,rest
23.0717,162503,rest
23.0758,162195,rest
23.0811,1288,rest
23.0849,162633,rest
23.0881,161705,rest
23.0921,163125,rest
23.0963,162410,rest
23.1004,162323,rest
23.1045,162685,rest
23.1086,162046,rest
23.1126,162809,rest
23.1172,162181,rest
23.1208,162513,rest
23.1249,162361,rest
23.1292,162059,rest
23.1336,163016,rest
23.1348,1,rest
23.1373,61728,rest
23.1377,1624,rest
23.1413,14,rest
23.1416,162600,rest
23.1455,161696,rest
23.1495,162776,rest
23.1536,162008,rest
23.1576,161892,rest
23.1618,162518,rest
23.1667,162498,rest
23.1701,162584,rest
23.1741,162427,rest
23.1783,162801,rest
23.1829,162653,rest
23.1863,162333,rest
23.1904,162476,rest
23.1945,162522,rest
23.2000,162665,rest
23.2027,162374,rest
23.2069,162481,rest
23.2109,162138,rest
23.2157,162158,rest
23.2191,163006,rest
23.2233,162750,rest
23.2273,162448,rest
23.2314,62448,rest
23.2384,162260,rest
23.2398,162801,rest
23.2437,162587,rest
23.2479,62505,rest
23.2550,162653,rest
23.2561,162307,rest
23.2602,162834,rest
23.2610,1,rest
23.2654,2,rest
23.2708,97,rest
23.2725,162229,rest
23.2726,162390,rest
23.2765,162554,rest
23.2806,69,rest
23.2861,162600,rest
23.2888,162152,rest
23.2929,162627,rest
23.2971,6269,rest
23.3010,162699,rest
23.3060,162164,rest
23.3094,162393,rest
23.3134,162364,rest
23.3183,162572,rest
23.3215,162643,rest
23.3256,162657,rest
23.3297,6936,rest
23.3353,162481,rest
23.3379,162379,rest
23.3419,162509,rest
23.3462,162630,rest
23.3506,162637,rest
23.3542,161909,rest
23.3583,162151,rest
23.3625,162421,rest
23.3666,162139,rest
23.3707,162658,rest
23.3748,162463,rest
23.3789,162218,rest
23.3829,162553,rest
23.3870,162486,rest
23.3873,1,rest
23.3913,62474,rest
23.3925,1624,rest
23.3953,15,rest
23.3963,162945,rest
23.3994,162103,rest
23.4034,161930,rest
23.4074,162307,rest
23.4116,162294,rest
23.4162,162339,rest
23.4198,162398,rest
23.4238,162382,rest
23.4280,161975,rest
23.4335,6111,rest
23.4363,162450,rest
23.4405,162494,rest
23.4445,161688,rest
23.4487,162317,rest
23.4526,162148,rest
23.4567,162602,rest
23.4607,162803,rest
23.4657,162534,rest
23.4689,162344,rest
23.4730,161393,rest
23.4771,162591,rest
23.4816,162410,rest
23.4854,162943,rest
23.4894,162138,rest
23.4935,162588,rest
23.4988,162576,rest
23.5017,162563,rest
23.5058,162224,rest
23.5098,162323,rest
23.5148,162253,rest
23.5181,162447,rest
23.5191,162,rest
23.5222,484,rest
23.5232,162487,rest
23.5263,162384,rest
23.5314,6,rest
23.5351,162742,rest
23.5386,162091,rest
23.5426,162630,rest
23.5468,624,rest
23.5514,162506,rest
23.5551,162231,rest
23.5591,162808,rest
23.5636,163064,rest
23.5673,162101,rest
23.5713,162523,rest
23.5754,162267,rest
23.5838,162559,rest
23.5882,162381,rest
23.5919,162746,rest
23.5961,1693,rest
23.6005,162415,rest
23.6042,162072,rest
23.6082,162688,rest
23.6123,162577,rest
23.6164,162115,rest
23.6205,162676,rest
23.6246,162186,rest
23.6287,162177,rest
23.6328,162668,rest
23.6368,161957,rest
23.6409,162605,rest
23.6451,162468,rest
23.6456,16,rest
23.6496,2274,rest
23.6506,16237,rest
23.6533,1,rest
23.6533,162230,rest
23.6573,162991,rest
23.6615,162550,rest
23.6664,162272,rest
23.6696,162453,rest
23.6737,162350,rest
23.6778,162577,rest
23.6820,162583,rest
23.6860,162420,rest
23.6901,162759,rest
23.6942,162621,rest
23.6987,162421,rest
23.7024,162523,rest
23.7065,162428,rest
23.7106,162127,rest
23.7151,162636,rest
23.7188,162429,rest
23.7229,162516,rest
23.7270,162804,rest
23.7311,6275,rest
23.7356,162111,rest
23.7393,162327,rest
23.7433,162720,rest
23.7476,162282,rest
23.7516,163022,rest
23.7556,162132,rest
23.7597,162370,rest
23.7647,162546,rest
23.7680,162738,rest
23.7721,162457,rest
23.7734,16,rest
23.7761,2590,rest
23.7763,16232,rest
23.7843,162581,rest
23.7884,162933,rest
23.7925,162830,rest
23.7966,162203,rest
23.8007,163318,rest
23.8048,161954,rest
23.8089,162870,rest
23.8136,76,rest
23.8173,162555,rest
23.8213,162490,rest
23.8253,161964,rest
23.8295,162300,rest
23.8335,162647,rest
23.8376,162866,rest
23.8416,162394,rest
23.8458,162812,rest
23.8513,162825,flicker
23.8541,162471,flicker
23.8581,162782,flicker
23.8621,162527,flicker
23.8663,162286,flicker
23.8703,162273,flicker
23.8744,162401,flicker
23.8785,162991,flicker
23.8827,162697,flicker
23.8868,162692,flicker
23.8908,162873,flicker
23.8949,162926,flicker
23.8993,162554,flicker
23.9003,1,flicker
23.9031,62814,flicker
23.9042,1624,flicker
23.9072,70,flicker
23.9082,163006,flicker
23.9113,163071,flicker
23.9154,162520,flicker
23.9195,162118,flicker
23.9236,162501,flicker
23.9277,162864,flicker
23.9319,162408,flicker
23.9361,162386,flicker
23.9401,162339,flicker
23.9440,162428,flicker
23.9488,162066,flicker
23.9522,162112,flicker
23.9563,162344,flicker
23.9604,162845,flicker
23.9648,162663,flicker
23.9686,162896,flicker
23.9727,162338,flicker
23.9768,162854,flicker
23.9824,162487,flicker
23.9850,162835,flicker
23.9891,162322,flicker
23.9932,162756,flicker
23.9982,629,flicker
24.0016,162686,flicker
24.0055,162540,flicker
24.0096,162410,flicker
24.0154,6,flicker
24.0188,162874,flicker
24.0220,162884,flicker
24.0260,163062,flicker
24.0272,1,flicker
24.0311,2112,flicker
24.0351,5,flicker
24.0366,162823,flicker
24.0384,162947,flicker
24.0424,162770,flicker
24.0470,68,flicker
24.0512,162982,flicker
24.0548,162470,flicker
24.0588,162910,flicker
24.0641,624,flicker
24.0680,162570,flicker
24.0712,162620,flicker
24.0751,162551,flicker
24.0796,65,flicker
24.0840,162537,flicker
24.0875,162509,flicker
24.0916,162584,flicker
24.0975,162615,flicker
24.0998,162346,flicker
24.1039,163007,flicker
24.1080,162698,flicker
24.1120,162980,flicker
24.1168,162435,flicker
24.1203,162672,flicker
24.1244,163314,flicker
24.1285,162545,flicker
24.1326,162925,flicker
24.1366,162942,flicker
24.1406,162746,flicker
24.1448,162941,flicker
24.1492,162153,flicker
24.1529,163781,flicker
24.1570,162768,flicker
24.1577,162,flicker
24.1613,955,flicker
24.1615,162829,flicker
24.1654,162552,flicker
24.1694,162820,flicker
24.1735,162828,flicker
24.1777,163401,flicker
24.1821,162825,flicker
24.1859,162280,flicker
24.1900,162563,flicker
24.1940,162948,flicker
24.1992,16,flicker
24.2023,162891,flicker
24.2064,162219,flicker
24.2103,163037,flicker
24.2144,162526,flicker
24.2185,162288,flicker
24.2228,162692,flicker
24.2267,162445,flicker
24.2319,162812,flicker
24.2348,162701,flicker
24.2389,162617,flicker
24.2430,162110,flicker
24.2488,162742,flicker
24.2512,163219,flicker
24.2553,162432,flicker
24.2594,162788,flicker
24.2646,162778,flicker
24.2678,162195,flicker
24.2718,163205,flicker
24.2759,162178,flicker
24.2815,162462,flicker
24.2840,163359,flicker
24.2850,16,flicker
24.2882,2367,flicker
24.2892,162716,flicker
24.2922,162243,flicker
24.2975,62,flicker
24.3014,162923,flicker
24.3046,163134,flicker
24.3086,162519,flicker
24.3139,27,flicker
24.3173,162951,flicker
24.3210,162995,flicker
24.3250,162887,flicker
24.3297,1621,flicker
24.3338,162503,flicker
24.3383,162689,flicker
24.3415,162945,flicker
24.3456,1316,flicker
24.3502,163210,flicker
24.3547,162878,flicker
24.3579,163223,flicker
24.3619,163226,flicker
24.3659,162659,flicker
24.3700,163144,flicker
24.3741,162758,flicker
24.3784,162801,flicker
24.3825,162874,flicker
24.3865,162505,flicker
24.3906,162624,flicker
24.3947,162595,flicker
24.3992,162672,flicker
24.4029,162597,flicker
24.4071,162262,flicker
24.4110,162567,flicker
24.4113,16,flicker
24.4152,2622,flicker
24.4154,16271,flicker
24.4192,2,flicker
24.4194,162522,flicker
24.4234,162874,flicker
24.4275,163343,flicker
24.4315,162225,flicker
24.4356,162489,flicker
24.4397,163191,flicker
24.4438,163030,flicker
24.4485,162083,flicker
24.4519,162832,flicker
24.4560,163111,flicker
24.4601,162901,flicker
24.4650,163009,flicker
24.4683,162423,flicker
24.4724,162624,flicker
24.4765,162897,flicker
24.4817,162668,flicker
24.4847,162984,flicker
24.4888,162155,flicker
24.4929,162530,flicker
24.4971,162788,flicker
24.5011,162798,flicker
24.5052,162818,flicker
24.5093,162088,flicker
24.5134,62110,flicker
24.5178,162557,flicker
24.5218,162635,flicker
24.5258,162542,flicker
24.5312,625,flicker
24.5344,163171,flicker
24.5380,162785,flicker
24.5390,1,flicker
24.5421,62130,flicker
24.5429,1631,flicker
24.5462,0,flicker
24.5470,162200,flicker
24.5504,162479,flicker
24.5549,162610,flicker
24.5586,163023,flicker
24.5626,624,flicker
24.5669,162318,flicker
24.5709,162508,flicker
24.5749,162805,flicker
24.5795,683,flicker
24.5837,163234,flicker
24.5871,162121,flicker
24.5912,163300,flicker
24.5975,162874,flicker
24.5995,162677,flicker
24.6036,162777,flicker
24.6077,162190,flicker
24.6117,162672,flicker
24.6158,162557,flicker
24.6199,163171,flicker
24.6240,162545,flicker
24.6281,162561,flicker
24.6322,162836,flicker
24.6364,162594,flicker
24.6405,162743,flicker
24.6446,163110,flicker
24.6487,162831,flicker
24.6527,162738,flicker
24.6567,162756,flicker
24.6609,161997,flicker
24.6651,162869,flicker
24.6658,1,flicker
24.6691,63178,flicker
24.6695,1628,flicker
24.6731,42,flicker
24.6734,162683,flicker
24.6772,163135,flicker
24.6815,163086,flicker
24.6854,162905,flicker
24.6895,162976,flicker
24.6936,162520,flicker
24.6977,162432,flicker
24.7022,162781,flicker
24.7059,162132,flicker
24.7100,163408,flicker
24.7141,162077,flicker
24.7184,163142,flicker
24.7224,162860,flicker
24.7264,162958,flicker
24.7314,163160,flicker
24.7346,162872,flicker
24.7386,162926,flicker
24.7427,162682,flicker
24.7472,62576,flicker
24.7511,162875,flicker
24.7551,162797,flicker
24.7592,162839,flicker
24.7642,68,flicker
24.7681,162344,flicker
24.7714,162717,flicker
24.7755,162797,flicker
24.7804,2,flicker
24.7841,162981,flicker
24.7878,162950,flicker
24.7919,162338,flicker
24.7940,1,flicker
24.7960,434,flicker
24.7971,69,flicker
24.8008,4,flicker
24.8023,162468,flicker
24.8048,162219,flicker
24.8083,163482,flicker
24.8130,62,flicker
24.8173,162577,flicker
24.8206,162812,flicker
24.8247,162602,flicker
24.8289,6248,flicker
24.8330,162966,flicker
24.8372,163301,flicker
24.8410,162535,flicker
24.8453,163365,flicker
24.8494,163371,flicker
24.8534,162661,flicker
24.8576,162743,flicker
24.8616,162763,flicker
24.8658,162775,flicker
24.8698,162888,flicker
24.8740,162904,flicker
24.8780,163123,flicker
24.8821,162865,flicker
24.8861,162718,flicker
24.8902,162753,flicker
24.8943,163407,flicker
24.8993,162911,flicker
24.9026,162786,flicker
24.9068,162815,flicker
24.9107,162668,flicker
24.9153,162468,flicker
24.9189,162908,flicker
24.9230,162587,flicker
24.9231,162,flicker
24.9272,981,flicker
24.9281,163006,flicker
24.9323,162922,flicker
24.9353,162832,flicker
24.9393,162935,flicker
24.9435,162700,flicker
24.9480,162871,flicker
24.9518,162247,flicker
24.9559,162902,flicker
24.9598,163065,flicker
24.9647,162804,flicker
24.9680,162963,flicker
24.9721,163033,flicker
24.9762,163067,flicker
24.9816,162969,flicker
24.9845,162623,flicker
24.9885,162432,flicker
24.9926,162558,flicker
24.9984,163021,flicker
25.0010,163357,flicker
25.0050,163148,flicker
25.0091,163055,flicker
25.0132,163175,flicker
25.0172,162563,flicker
25.0214,162936,flicker
25.0254,162184,flicker
25.0296,628,flicker
25.0343,163237,flicker
25.0386,162757,flicker
25.0422,163125,flicker
25.0459,6844,flicker
25.0502,162686,flicker
25.0516,162,flicker
25.0548,939,flicker
25.0567,162220,flicker
25.0582,162679,flicker
25.0623,652,flicker
25.0676,162188,flicker
25.0705,162691,flicker
25.0745,163004,flicker
25.0786,63229,flicker
25.0830,162550,flicker
25.0878,162442,flicker
25.0917,162963,flicker
25.0950,163004,flicker
25.0997,162595,flicker
25.1032,162911,flicker
25.1073,162435,flicker
25.1115,163144,flicker
25.1155,162832,flicker
25.1196,162989,flicker
25.1236,163146,flicker
25.1278,162572,flicker
25.1319,163415,flicker
25.1359,162776,flicker
25.1400,163032,flicker
25.1442,162173,flicker
25.1483,162875,flicker
25.1523,163384,flicker
25.1564,162710,flicker
25.1606,162947,flicker
25.1653,162940,flicker
25.1688,162442,flicker
25.1729,162828,flicker
25.1770,161915,flicker
25.1771,162,flicker
25.1819,908,flicker
25.1833,16304,flicker
25.1851,2,flicker
25.1852,162649,flicker
25.1893,163015,flicker
25.1933,162551,flicker
25.1976,162984,flicker
25.2015,163553,flicker
25.2056,162856,flicker
25.2096,163318,flicker
25.2147,163177,flicker
25.2179,163109,flicker
25.2219,162810,flicker
25.2260,163115,flicker
25.2312,163110,flicker
25.2344,163021,flicker
25.2384,162566,flicker
25.2425,163672,flicker
25.2467,62453,flicker
25.2540,163005,flicker
25.2548,162782,flicker
25.2589,162839,flicker
25.2635,63,flicker
25.2676,162932,flicker
25.2712,162753,flicker
25.2753,162635,flicker
25.2803,642,flicker
25.2840,163379,flicker
25.2881,162925,flicker
25.2917,162788,flicker
25.2958,625,flicker
25.3002,163244,flicker
25.3050,163122,flicker
25.3072,162,flicker
25.3080,712,flicker
25.3082,162567,flicker
25.3174,162553,flicker
25.3212,162705,flicker
25.3249,163068,flicker
25.3285,163038,flicker
25.3329,162856,flicker
25.3367,162740,flicker
25.3407,163040,flicker
25.3449,162605,flicker
25.3489,163438,flicker
25.3532,162938,flicker
25.3572,162800,flicker
25.3613,163015,flicker
25.3653,163244,flicker
25.3699,162596,flicker
25.3735,162552,flicker
25.3776,162719,flicker
25.3819,163141,flicker
25.3859,162607,flicker
25.3899,163067,flicker
25.3941,162993,flicker
25.3981,162984,flicker
25.4026,163139,flicker
25.4063,163214,flicker
25.4104,162626,flicker
25.4151,163194,flicker
25.4186,162716,flicker
25.4227,163423,flicker
25.4269,162919,flicker
25.4318,163133,flicker
25.4327,162,flicker
25.4349,632,flicker
25.4368,16291,flicker
25.4391,6,flicker
25.4391,163274,flicker
25.4433,163040,flicker
25.4474,162156,flicker
25.4519,162693,flicker
25.4555,163070,flicker
25.4595,162791,flicker
25.4639,163055,flicker
25.4679,162429,flicker
25.4718,162641,flicker
25.4759,162124,flicker
25.4804,162738,flicker
25.4842,162791,flicker
25.4882,163428,flicker
25.4923,162752,flicker
25.4968,162827,flicker
25.5005,163186,flicker
25.5046,163032,flicker
25.5087,162000,flicker
25.5182,163335,flicker
25.5211,163018,flicker
25.5251,162702,flicker
25.5292,6239,flicker
25.5343,629,flicker
25.5373,162861,flicker
25.5427,162916,flicker
25.5456,629,flicker
25.5512,162601,flicker
25.5542,162676,flicker
25.5580,162841,flicker
25.5592,16,flicker
25.5622,68129,flicker
25.5663,7,flicker
25.5676,162587,flicker
25.5709,162690,flicker
25.5743,162699,flicker
25.5784,6760,flicker
25.5835,162546,flicker
25.5866,162700,flicker
25.5906,162958,flicker
25.5947,162941,flicker
25.5990,163136,flicker
25.6028,163101,flicker
25.6070,162874,flicker
25.6111,163199,flicker
25.6152,163254,flicker
25.6194,163383,flicker
25.6235,162773,flicker
25.6274,162330,flicker
25.6316,162932,flicker
25.6356,163038,flicker
25.6397,162870,flicker
25.6440,163161,flicker
25.6480,162672,flicker
25.6520,163062,flicker
25.6561,163035,flicker
25.6602,162999,flicker
25.6643,163165,flicker
25.6684,162848,flicker
25.6725,163325,flicker
25.6767,162854,flicker
25.6812,163826,flicker
25.6848,163180,flicker
25.6857,1,flicker
25.6889,63651,flicker
25.6898,16300,flicker
25.6932,6,flicker
25.6935,163471,flicker
25.6973,163119,flicker
25.7013,163417,flicker
25.7053,162523,flicker
25.7095,163520,flicker
25.7136,163540,flicker
25.7176,162533,flicker
25.7216,163360,flicker
25.7257,163248,flicker
25.7313,163575,flicker
25.7340,163621,flicker
25.7381,163216,flicker
25.7421,162956,flicker
25.7474,162968,flicker
25.7505,163387,flicker
25.7547,162866,flicker
25.7587,162944,flicker
25.7628,24,flicker
25.7668,162874,flicker
25.7714,163104,flicker
25.7749,162662,flicker
25.7800,163153,flicker
25.7831,163602,flicker
25.7872,163440,flicker
25.7913,163379,flicker
25.7968,63,flicker
25.8004,163156,flicker
25.8037,162494,flicker
25.8077,162992,flicker
25.8119,635,flicker
25.8128,1,flicker
25.8165,2570,flicker
25.8185,1626,flicker
25.8200,43,flicker
25.8218,162836,flicker
25.8241,163276,flicker
25.8283,1642,flicker
25.8327,162837,flicker
25.8367,162825,flicker
25.8404,162782,flicker
25.8447,63047,flicker
25.8498,6886,flicker
25.8528,163174,flicker
25.8576,163187,flicker
25.8610,162773,flicker
25.8655,163058,flicker
25.8692,163602,flicker
25.8733,162490,flicker
25.8775,163154,flicker
25.8817,162539,flicker
25.8856,162950,flicker
25.8897,162760,flicker
25.8939,162625,flicker
25.8978,163641,flicker
25.9018,163467,flicker
25.9059,163290,flicker
25.9101,163258,flicker
25.9142,162969,flicker
25.9182,163585,flicker
25.9224,163507,flicker
25.9264,163216,flicker
25.9308,163645,flicker
25.9347,162961,flicker
25.9388,163396,flicker
25.9401,1,flicker
25.9429,62925,flicker
25.9440,1630,flicker
25.9478,58,flicker
25.9489,162553,flicker
25.9512,162649,flicker
25.9552,163111,flicker
25.9592,162581,flicker
25.9647,163251,flicker
25.9674,162779,flicker
25.9715,162274,flicker
25.9756,163257,flicker
25.9799,6223,flicker
25.9848,162849,flicker
25.9879,162831,flicker
25.9920,163008,flicker
25.9969,162617,flicker
26.0003,162714,flicker
26.0043,163223,flicker
26.0084,163184,flicker
26.0127,162788,flicker
26.0167,162467,flicker
26.0208,162958,flicker
26.0248,162390,flicker
26.0289,62943,flicker
26.0340,162222,flicker
26.0376,163485,flicker
26.0412,162625,flicker
26.0453,26,flicker
26.0500,162377,flicker
26.0534,162980,flicker
26.0576,162657,flicker
26.0630,69,flicker
26.0664,162338,flicker
26.0673,1,flicker
26.0709,62079,flicker
26.0720,1626,flicker
26.0739,24,flicker
26.0750,163552,flicker
26.0785,163146,flicker
26.0822,163189,flicker
26.0862,163329,flicker
26.0903,163390,flicker
26.0962,161,flicker
26.0993,163450,flicker
26.1027,162781,flicker
26.1067,162813,flicker
26.1109,163298,flicker
26.1155,163205,flicker
26.1191,162914,flicker
26.1231,162686,flicker
26.1273,162930,flicker
26.1318,163150,flicker
26.1354,162406,flicker
26.1394,162832,flicker
26.1437,163068,flicker
26.1480,162827,flicker
26.1518,162716,flicker
26.1559,162730,flicker
26.1600,162980,flicker
26.1641,162745,flicker
26.1681,162785,flicker
26.1722,163160,flicker
26.1763,162672,flicker
26.1809,162712,flicker
26.1846,163503,flicker
26.1887,162881,flicker
26.1930,163243,flicker
26.1978,162251,flicker
26.1992,162,flicker
26.2009,739,flicker
26.2021,163546,flicker
26.2051,162228,flicker
26.2091,163430,flicker
26.2136,162470,flicker
26.2173,163173,flicker
26.2215,162659,flicker
26.2254,162866,flicker
26.2308,162797,flicker
26.2338,162168,flicker
26.2379,162947,flicker
26.2420,163149,flicker
26.2460,6728,flicker
26.2500,163497,flicker
26.2542,162589,flicker
26.2594,163112,flicker
26.2623,163076,flicker
26.2674,162785,flicker
26.2719,162763,flicker
26.2746,162580,flicker
26.2788,6327,flicker
26.2833,163208,flicker
26.2871,162320,flicker
26.2910,163254,flicker
26.2965,1652,flicker
26.3000,163135,flicker
26.3034,162852,flicker
26.3075,163359,flicker
26.3115,62880,flicker
26.3159,162728,flicker
26.3206,163164,flicker
26.3243,163226,flicker
26.3253,162,flicker
26.3279,93,flicker
26.3294,1690,flicker
26.3321,162776,flicker
26.3368,162886,flicker
26.3402,163413,flicker
26.3444,16313,flicker
26.3487,163260,flicker
26.3532,162830,flicker
26.3565,163305,flicker
26.3607,163223,flicker
26.3647,163022,flicker
26.3688,163450,flicker
26.3729,162700,flicker
26.3771,162785,flicker
26.3812,163059,flicker
26.3852,162734,flicker
26.3893,163027,flicker
26.3934,162977,flicker
26.3976,162935,flicker
26.4016,163015,flicker
26.4056,163010,flicker
26.4099,162983,flicker
26.4139,162692,flicker
26.4179,163108,flicker
26.4220,163093,flicker
26.4262,162911,flicker
26.4306,162625,flicker
26.4343,162756,flicker
26.4384,163086,flicker
26.4426,162581,flicker
26.4477,162971,flicker
26.4507,163136,flicker
26.4509,163,flicker
26.4549,072,flicker
26.4560,16322,flicker
26.4589,0,flicker
26.4590,163574,flicker
26.4639,163312,flicker
26.4671,163318,flicker
26.4712,163019,flicker
26.4753,163245,flicker
26.4798,163021,flicker
26.4835,163300,flicker
26.4876,163117,flicker
26.4917,163168,flicker
26.4968,163070,flicker
26.5000,163210,flicker
26.5040,163087,flicker
26.5081,163152,flicker
26.5127,162593,flicker
26.5163,162898,flicker
26.5204,162867,flicker
26.5244,163187,flicker
26.5294,162605,flicker
26.5327,162629,flicker
26.5367,163161,flicker
26.5408,163050,flicker
26.5454,63,flicker
26.5496,163050,flicker
26.5533,162518,flicker
26.5573,162941,flicker
26.5614,163068,flicker
26.5657,162730,flicker
26.5695,162886,flicker
26.5736,162340,flicker
26.5778,162581,flicker
26.5783,1,flicker
26.5821,3094,flicker
26.5833,16324,flicker
26.5859,9,flicker
26.5860,162974,flicker
26.5900,163241,flicker
26.5958,6357,flicker
26.5993,163063,flicker
26.6024,163025,flicker
26.6064,162722,flicker
26.6106,162667,flicker
26.6149,163239,flicker
26.6187,163226,flicker
26.6227,163171,flicker
26.6269,162888,flicker
26.6311,162863,flicker
26.6350,163234,flicker
26.6391,163324,flicker
26.6434,163136,flicker
26.6474,162833,flicker
26.6515,163525,flicker
26.6557,162690,flicker
26.6597,162992,flicker
26.6644,162637,flicker
26.6679,162801,flicker
26.6719,163389,flicker
26.6760,163084,flicker
26.6808,162847,flicker
26.6842,163101,flicker
26.6883,162834,flicker
26.6925,163682,flicker
26.6973,163262,flicker
26.7006,163155,flicker
26.7047,163119,flicker
26.7057,16,flicker
26.7088,2753,flicker
26.7098,16328,flicker
26.7134,1,flicker
26.7136,163102,flicker
26.7170,162971,flicker
26.7211,162961,flicker
26.7251,163347,flicker
26.7297,163004,flicker
26.7334,163131,flicker
26.7374,163409,flicker
26.7416,163232,flicker
26.7457,62933,flicker
26.7509,163179,flicker
26.7538,162403,flicker
26.7579,162685,flicker
26.7626,162887,flicker
26.7662,162358,flicker
26.7703,162978,flicker
26.7744,162760,flicker
26.7802,63,flicker
26.7825,162468,flicker
26.7867,162878,flicker
26.7907,163340,flicker
26.7948,62172,flicker
26.8008,163372,flicker
26.8031,162842,flicker
26.8072,163090,flicker
26.8157,163581,flicker
26.8195,162908,flicker
26.8236,163056,flicker
26.8277,6314,flicker
26.8321,163385,flicker
26.8337,1,flicker
26.8360,62873,flicker
26.8361,1634,flicker
26.8399,74,flicker
26.8401,163355,flicker
26.8440,162686,flicker
26.8480,163126,flicker
26.8521,162460,flicker
26.8562,162967,flicker
26.8604,163545,flicker
26.8645,163209,flicker
26.8686,163456,flicker
26.8727,162682,flicker
26.8767,163422,flicker
26.8808,163353,flicker
26.8849,162847,flicker
26.8890,163427,flicker
26.8932,162914,flicker
26.8975,163282,flicker
26.9014,163722,flicker
26.9055,162994,flicker
26.9095,163128,flicker
26.9140,162589,flicker
26.9176,162805,flicker
26.9217,162644,flicker
26.9260,162873,flicker
26.9301,163130,flicker
26.9341,162672,flicker
26.9382,163107,flicker
26.9422,163341,flicker
26.9475,162850,flicker
26.9504,162557,flicker
26.9546,162186,flicker
26.9587,163330,flicker
26.9599,1,flicker
26.9636,63147,flicker
26.9638,1626,flicker
26.9669,57,flicker
26.9678,163419,flicker
26.9710,163308,flicker
26.9750,163213,flicker
26.9804,163581,flicker
26.9832,162762,flicker
26.9873,162917,flicker
26.9914,162730,flicker
26.9956,163199,flicker
26.9998,163640,flicker
27.0038,163326,flicker
27.0080,162553,flicker
27.0132,163300,flicker
27.0160,163364,flicker
27.0200,162948,flicker
27.0242,162743,flicker
27.0306,6232,flicker
27.0335,163068,flicker
27.0364,162615,flicker
27.0406,163695,flicker
27.0447,69,flicker
27.0496,162216,flicker
27.0529,163106,flicker
27.0569,163564,flicker
27.0610,62978,flicker
27.0653,162928,flicker
27.0692,162479,flicker
27.0733,162630,flicker
27.0821,163053,flicker
27.0858,162996,flicker
27.0869,1,flicker
27.0897,63278,flicker
27.0908,163,flicker
27.0949,961969,flicker
27.0979,162863,flicker
27.1021,163152,flicker
27.1061,162558,flicker
27.1102,163341,flicker
27.1143,163040,flicker
27.1184,162754,flicker
27.1224,163301,flicker
27.1266,162630,flicker
27.1307,163462,flicker
27.1347,162446,flicker
27.1388,163233,flicker
27.1430,163437,flicker
27.1471,162753,flicker
27.1511,163596,flicker
27.1552,163084,flicker
27.1594,163628,flicker
27.1637,163238,flicker
27.1676,162920,flicker
27.1716,163858,flicker
27.1758,162688,flicker
27.1801,163093,flicker
27.1839,163688,flicker
27.1880,163049,flicker
27.1921,164260,flicker
27.1966,163656,flicker
27.2003,163193,flicker
27.2044,163618,flicker
27.2086,162713,flicker
27.2127,633,flicker
27.2176,162947,flicker
27.2180,163,flicker
27.2212,290,flicker
27.2220,163365,flicker
27.2249,163298,flicker
27.2310,630,flicker
27.2336,162960,flicker
27.2371,163117,flicker
27.2412,163297,flicker
27.2456,163301,flicker
27.2494,162935,flicker
27.2536,163624,flicker
27.2577,163002,flicker
27.2669,163060,flicker
27.2701,163256,flicker
27.2740,163063,flicker
27.2834,163161,flicker
27.2872,163375,flicker
27.2905,162755,flicker
27.2946,162376,flicker
27.2991,163237,flicker
27.3027,162803,flicker
27.3067,163296,flicker
27.3123,621,flicker
27.3165,162817,flicker
27.3193,163413,flicker
27.3232,162823,flicker
27.3285,6305,flicker
27.3327,162747,flicker
27.3356,162882,flicker
27.3397,162981,flicker
27.3437,163510,flicker
27.3441,16,flicker
27.3478,2969,flicker
27.3481,16331,flicker
27.3518,5,flicker
27.3519,163043,flicker
27.3559,163076,flicker
27.3601,163242,flicker
27.3647,163651,flicker
27.3683,163819,flicker
27.3723,162668,flicker
27.3764,163232,flicker
27.3810,163436,flicker
27.3846,162232,flicker
27.3887,163190,flicker
27.3928,163196,flicker
27.3970,162989,flicker
27.4019,163031,flicker
27.4051,163211,flicker
27.4092,163610,flicker
27.4139,162892,flicker
27.4174,162787,flicker
27.4215,163492,flicker
27.4257,162641,flicker
27.4303,163295,flicker
27.4337,162375,flicker
27.4378,162964,flicker
27.4419,163176,flicker
27.4462,639,flicker
27.4503,162615,flicker
27.4542,162863,flicker
27.4584,163310,flicker
27.4628,163335,flicker
27.4668,162850,flicker
27.4706,162746,flicker
27.4713,1,flicker
27.4747,63147,flicker
27.4755,1635,flicker
27.4789,71,flicker
27.4803,163750,flicker
27.4832,163135,flicker
27.4870,163336,flicker
27.4911,163401,flicker
27.4964,163609,flicker
27.4993,163474,flicker
27.5034,162512,flicker
27.5075,163110,flicker
27.5127,162810,flicker
27.5159,163150,flicker
27.5199,163309,flicker
27.5239,163189,flicker
27.5293,162960,flicker
27.5321,162980,flicker
27.5361,163100,flicker
27.5402,163426,flicker
27.5444,63470,flicker
27.5487,162531,flicker
27.5543,162878,flicker
27.5568,162946,flicker
27.5653,163225,flicker
27.5689,162817,flicker
27.5730,163481,flicker
27.5790,1639,flicker
27.5825,162861,flicker
27.5853,163402,flicker
27.5894,162822,flicker
27.5935,162731,flicker
27.5985,163307,flicker
27.6001,1,flicker
27.6017,63038,flicker
27.6031,1631,flicker
27.6057,46,flicker
27.6059,163062,flicker
27.6100,163279,flicker
27.6140,163167,flicker
27.6180,163488,flicker
27.6221,163430,flicker
27.6264,162976,flicker
27.6304,163388,flicker
27.6344,163411,flicker
27.6386,163716,flicker
27.6428,163353,flicker
27.6473,162951,flicker
27.6510,163389,flicker
27.6550,163298,flicker
27.6593,163030,flicker
27.6643,163289,flicker
27.6672,163471,flicker
27.6713,163264,flicker
27.6754,163309,flicker
27.6795,163628,flicker
27.6836,163563,flicker
27.6877,162902,flicker
27.6918,163214,flicker
27.6967,162939,flicker
27.7000,163401,flicker
27.7041,163120,flicker
27.7082,162424,flicker
27.7124,631,flicker
27.7175,162969,flicker
27.7211,163093,flicker
27.7246,163715,flicker
27.7291,163282,flicker
27.7295,163,flicker
27.7327,269,flicker
27.7336,162576,flicker
27.7369,163149,flicker
27.7409,163490,flicker
27.7468,61,flicker
27.7497,163150,flicker
27.7545,162663,flicker
27.7575,163297,flicker
27.7616,163353,flicker
27.7655,162986,flicker
27.7696,163168,flicker
27.7737,163116,flicker
27.7779,6189,flicker
27.7819,163668,flicker
27.7861,163085,flicker
27.7902,163462,flicker
27.7945,163208,flicker
27.7987,163388,flicker
27.8024,163009,flicker
27.8065,163215,flicker
27.8106,63274,flicker
27.8150,163147,flicker
27.8195,163309,flicker
27.8229,163521,flicker
27.8270,6297,flicker
27.8312,163480,flicker
27.8358,163322,flicker
27.8394,163149,flicker
27.8435,1639,flicker
27.8476,162971,flicker
27.8517,163572,flicker
27.8557,162430,flicker
27.8568,163,flicker
27.8597,857,flicker
27.8618,16347,flicker
27.8638,1,flicker
27.8639,163024,flicker
27.8679,163254,flicker
27.8720,163058,flicker
27.8761,163711,flicker
27.8812,163098,flicker
27.8844,162794,flicker
27.8885,163503,flicker
27.8926,163178,flicker
27.8966,163516,flicker
27.9007,163386,flicker
27.9048,163019,flicker
27.9091,163240,flicker
27.9144,163679,flicker
27.9172,163319,flicker
27.9212,162812,flicker
27.9252,163340,flicker
27.9300,162783,flicker
27.9335,162844,flicker
27.9377,163627,flicker
27.9416,163711,flicker
27.9471,163324,flicker
27.9498,163184,flicker
27.9539,162585,flicker
27.9580,163196,flicker
27.9623,163214,flicker
27.9662,163121,flicker
27.9703,163185,flicker
27.9744,163545,flicker
27.9789,162783,flicker
27.9827,162607,flicker
27.9828,16,flicker
27.9867,3340,flicker
27.9868,16286,flicker
27.9908,6,flicker
27.9908,163011,flicker
27.9950,6344,flicker
27.9999,163308,flicker
28.0031,163185,flicker
28.0073,162966,flicker
28.0119,163016,flicker
28.0154,63365,flicker
28.0196,163144,flicker
28.0248,163341,flicker
28.0277,63055,flicker
28.0329,163429,flicker
28.0358,163175,flicker
28.0399,163452,flicker
28.0450,34,flicker
28.0506,163056,flicker
28.0523,163374,flicker
28.0564,162792,flicker
28.0604,63457,flicker
28.0650,163421,flicker
28.0691,162596,flicker
28.0728,163331,flicker
28.0781,163040,flicker
28.0815,163475,flicker
28.0850,163185,flicker
28.0891,163339,flicker
28.0949,1637,flicker
28.0985,163085,flicker
28.1014,163133,flicker
28.1055,163395,flicker
28.1096,163107,flicker
28.1103,16,flicker
28.1140,3470,flicker
28.1155,16359,flicker
28.1177,4,flicker
28.1178,162473,flicker
28.1219,163219,flicker
28.1260,163565,flicker
28.1302,163312,flicker
28.1342,163243,flicker
28.1384,163176,flicker
28.1424,163368,flicker
28.1464,163056,flicker
28.1505,163982,flicker
28.1546,162726,flicker
28.1588,163543,flicker
28.1630,163222,flicker
28.1670,163094,flicker
28.1711,163542,flicker
28.1751,163208,flicker
28.1793,163179,flicker
28.1833,163696,flicker
28.1875,162864,flicker
28.1916,163841,flicker
28.1968,163252,flicker
28.1997,163548,flicker
28.2037,163899,flicker
28.2078,163293,flicker
28.2127,163798,flicker
28.2162,162778,flicker
28.2202,163192,flicker
28.2242,163464,flicker
28.2285,162862,flicker
28.2327,163234,flicker
28.2368,162886,flicker
28.2382,16,flicker
28.2406,3039,flicker
28.2411,1635,flicker
28.2448,0,flicker
28.2449,162583,flicker
28.2506,163017,flicker
28.2534,163095,flicker
28.2571,163364,flicker
28.2614,163595,flicker
28.2653,163456,flicker
28.2694,163207,flicker
28.2734,162946,flicker
28.2785,62,flicker
28.2821,163009,flicker
28.2858,163471,flicker
28.2899,162767,flicker
28.2940,6316,flicker
28.2986,163549,flicker
28.3031,163314,flicker
28.3063,163638,flicker
28.3104,2,flicker
28.3154,162740,flicker
28.3190,162989,flicker
28.3227,163748,flicker
28.3268,16314,flicker
28.3315,163539,flicker
28.3350,162635,flicker
28.3390,162906,flicker
28.3431,1630,flicker
28.3479,162845,flicker
28.3513,163233,flicker
28.3553,163178,flicker
28.3594,163229,flicker
28.3641,163159,flicker
28.3654,1,flicker
28.3676,63402,flicker
28.3684,1639,flicker
28.3716,98,flicker
28.3723,162498,flicker
28.3759,163553,flicker
28.3800,163439,flicker
28.3840,163062,flicker
28.3881,163450,flicker
28.3923,162597,flicker
28.3964,163647,flicker
28.4004,163523,flicker
28.4045,163235,flicker
28.4086,162430,flicker
28.4133,162956,flicker
28.4168,163405,flicker
28.4209,163720,flicker
28.4251,163471,flicker
28.4290,163,flicker
28.4291,14,flicker
28.4333,162862,flicker
28.4373,163858,flicker
28.4414,163497,flicker
28.4463,163087,flicker
28.4495,163102,flicker
28.4536,162717,flicker
28.4578,163057,flicker
28.4626,163377,flicker
28.4660,163486,flicker
28.4701,163136,flicker
28.4741,163231,flicker
28.4783,163382,flicker
28.4824,162857,flicker
28.4864,163097,flicker
28.4905,162768,flicker
28.4915,1,flicker
28.4949,63177,flicker
28.4955,163,flicker
28.4990,129,flicker
28.4994,163085,flicker
28.5028,163540,flicker
28.5068,162830,flicker
28.5111,62775,flicker
28.5157,163102,flicker
28.5204,163134,flicker
28.5232,162836,flicker
28.5277,162994,flicker
28.5315,163082,flicker
28.5357,162878,flicker
28.5397,163393,flicker
28.5438,3,flicker
28.5479,163112,flicker
28.5520,163511,flicker
28.5561,163279,flicker
28.5602,63097,flicker
28.5664,163663,flicker
28.5688,163500,flicker
28.5724,164043,flicker
28.5766,63,flicker
28.5807,163358,flicker
28.5858,163249,flicker
28.5904,163072,flicker
28.5929,163063,flicker
28.5975,163261,flicker
28.6015,163797,flicker
28.6052,163311,flicker
28.6093,163693,flicker
28.6137,163286,flicker
28.6175,163969,flicker
28.6216,163364,flicker
28.6219,163,flicker
28.6256,141,flicker
28.6269,163111,flicker
28.6301,163515,flicker
28.6339,163306,flicker
28.6380,162943,flicker
28.6421,163573,flicker
28.6471,163110,flicker
28.6502,163645,flicker
28.6543,162804,flicker
28.6584,163343,flicker
28.6638,163595,flicker
28.6666,163201,flicker
28.6708,163260,flicker
28.6748,163085,flicker
28.6797,163507,flicker
28.6830,163075,flicker
28.6871,162453,flicker
28.6912,163801,flicker
28.6960,163126,flicker
28.6994,163812,flicker
28.7035,162929,flicker
28.7077,162725,flicker
28.7123,164117,flicker
28.7157,162618,flicker
28.7198,163166,flicker
28.7239,163468,flicker
28.7297,6242,flicker
28.7332,163402,flicker
28.7363,162889,flicker
28.7403,163376,flicker
28.7449,163387,flicker
28.7486,163293,flicker
28.7496,16,flicker
28.7526,3742,flicker
28.7537,16296,flicker
28.7567,9,flicker
28.7568,162917,flicker
28.7617,163167,flicker
28.7649,163002,flicker
28.7690,163043,flicker
28.7731,162842,flicker
28.7774,6320,flicker
28.7841,163576,flicker
28.7855,162969,flicker
28.7896,163325,flicker
28.7941,6398,flicker
28.7984,163213,flicker
28.8020,163550,flicker
28.8059,163139,flicker
28.8100,37,flicker
28.8143,163069,flicker
28.8193,162972,flicker
28.8223,163418,flicker
28.8272,6306,flicker
28.8314,163638,flicker
28.8346,163308,flicker
28.8386,162768,flicker
28.8480,163283,flicker
28.8509,163258,flicker
28.8550,162777,flicker
28.8593,163755,flicker
28.8632,163337,flicker
28.8673,163167,flicker
28.8714,163375,flicker
28.8756,162679,flicker
28.8761,16,flicker
28.8805,3595,flicker
28.8822,16310,flicker
28.8837,9,flicker
28.8837,163268,flicker
28.8878,163564,flicker
28.8920,163326,flicker
28.8971,163193,flicker
28.9000,163584,flicker
28.9041,163216,flicker
28.9084,163114,flicker
28.9124,163187,flicker
28.9164,162903,flicker
28.9206,162787,flicker
28.9247,163340,flicker
28.9292,162957,flicker
28.9328,163173,flicker
28.9369,163399,flicker
28.9411,163636,flicker
28.9454,163039,flicker
28.9492,163068,flicker
28.9533,162622,flicker
28.9574,162810,flicker
28.9625,163094,flicker
28.9656,163556,flicker
28.9697,163007,flicker
28.9738,163020,flicker
28.9789,163527,flicker
28.9820,163219,flicker
28.9861,163219,flicker
28.9902,162810,flicker
28.9945,162994,flicker
28.9984,163046,flicker
29.0025,163024,flicker
29.0033,16,flicker
29.0065,2848,flicker
29.0074,16257,flicker
29.0106,0,flicker
29.0123,163123,flicker
29.0148,162704,flicker
29.0188,162915,flicker
29.0229,162849,flicker
29.0317,163274,flicker
29.0355,163618,flicker
29.0394,162949,flicker
29.0437,163370,flicker
29.0477,163130,flicker
29.0516,163115,flicker
29.0557,162828,flicker
29.0602,638,flicker
29.0648,162762,flicker
29.0685,162331,flicker
29.0722,163193,flicker
29.0775,1635,flicker
29.0813,163032,flicker
29.0844,162870,flicker
29.0885,162646,flicker
29.0926,163035,flicker
29.0967,163357,flicker
29.1007,162781,flicker
29.1048,163610,flicker
29.1090,162573,flicker
29.1131,163462,flicker
29.1173,162942,flicker
29.1213,163179,flicker
29.1254,163028,flicker
29.1296,162602,flicker
29.1304,1,flicker
29.1336,63577,flicker
29.1344,1628,flicker
29.1376,08,flicker
29.1383,162975,flicker
29.1418,163215,flicker
29.1460,162785,flicker
29.1500,163301,flicker
29.1540,162762,flicker
29.1581,162742,flicker
29.1626,162801,flicker
29.1663,162699,flicker
29.1704,163878,flicker
29.1745,162806,flicker
29.1792,162910,flicker
29.1827,162918,flicker
29.1868,162504,flicker
29.1909,163902,flicker
29.1950,162809,flicker
29.1990,163339,flicker
29.2031,163149,flicker
29.2073,162611,flicker
29.2123,163068,flicker
29.2154,163188,flicker
29.2196,163214,flicker
29.2236,163223,flicker
29.2279,162917,flicker
29.2320,163536,flicker
29.2359,163122,flicker
29.2400,162610,flicker
29.2455,163244,flicker
29.2482,163146,flicker
29.2523,163267,flicker
29.2564,162859,flicker
29.2570,1,flicker
29.2607,294,flicker
29.2622,1,flicker
29.2647,7,flicker
29.2664,163134,flicker
29.2691,163442,flicker
29.2728,163058,flicker
29.2775,163411,flicker
29.2810,163453,flicker
29.2851,163180,flicker
29.2892,163516,flicker
29.2950,6,flicker
29.2984,163280,flicker
29.3016,163594,flicker
29.3058,162769,flicker
29.3097,3,flicker
29.3143,162613,flicker
29.3178,163258,flicker
29.3219,162993,flicker
29.3261,62966,flicker
29.3304,163647,flicker
29.3345,162948,flicker
29.3384,163154,flicker
29.3425,163245,flicker
29.3467,162832,flicker
29.3507,162420,flicker
29.3548,162754,flicker
29.3589,163386,flicker
29.3629,163215,flicker
29.3670,162908,flicker
29.3711,162939,flicker
29.3752,163144,flicker
29.3795,163213,flicker
29.3834,163538,flicker
29.3875,163115,flicker
29.3881,162,flicker
29.3917,925,flicker
29.3942,163086,flicker
29.3962,162720,flicker
29.3998,162982,flicker
29.4039,163161,flicker
29.4080,163011,flicker
29.4121,163003,flicker
29.4161,163230,flicker
29.4202,163386,flicker
29.4244,163168,flicker
29.4287,163247,flicker
29.4326,163373,flicker
29.4366,163373,flicker
29.4407,163534,flicker
29.4455,163123,flicker
29.4490,162903,flicker
29.4531,162778,flicker
29.4575,163130,flicker
29.4622,162651,flicker
29.4654,163437,flicker
29.4695,162641,flicker
29.4735,162831,flicker
29.4776,62962,flicker
29.4817,163160,flicker
29.4859,162748,flicker
29.4900,163105,flicker
29.4941,162949,flicker
29.4986,162553,flicker
29.5021,163170,flicker
29.5062,163028,flicker
29.5107,163065,flicker
29.5146,163336,flicker
29.5148,163,flicker
29.5186,279,flicker
29.5187,163231,flicker
29.5227,162438,flicker
29.5276,163241,flicker
29.5309,162572,flicker
29.5349,163090,flicker
29.5390,163276,flicker
29.5437,163666,flicker
29.5472,162777,flicker
29.5513,162329,flicker
29.5554,162933,flicker
29.5614,1630,flicker
29.5645,163212,flicker
29.5678,163125,flicker
29.5719,163059,flicker
29.5771,35,flicker
29.5801,162897,flicker
29.5841,163520,flicker
29.5882,162414,flicker
29.5924,637,flicker
29.5964,162757,flicker
29.6007,163140,flicker
29.6046,162811,flicker
29.6087,162157,flicker
29.6128,163392,flicker
29.6168,163236,flicker
29.6209,162881,flicker
29.6251,163227,flicker
29.6292,162795,flicker
29.6333,163374,flicker
29.6374,163060,flicker
29.6415,162868,flicker
29.6434,16,flicker
29.6456,3457,flicker
29.6464,16310,flicker
29.6496,4,flicker
29.6497,163437,flicker
29.6537,162769,flicker
29.6579,162678,flicker
29.6627,163597,flicker
29.6660,163132,flicker
29.6701,163361,flicker
29.6743,162875,flicker
29.6783,163487,flicker
29.6824,162870,flicker
29.6864,163243,flicker
29.6908,163785,flicker
29.6948,163147,flicker
29.6987,162706,flicker
29.7028,162513,flicker
29.7070,163345,flicker
29.7121,163149,flicker
29.7152,162784,flicker
29.7193,163589,flicker
29.7233,163488,flicker
29.7276,163092,flicker
29.7316,163399,flicker
29.7356,163033,flicker
29.7397,163301,flicker
29.7440,63268,flicker
29.7480,163429,flicker
29.7521,163694,flicker
29.7562,163463,flicker
29.7617,163652,flicker
29.7644,163710,flicker
29.7685,163321,flicker
29.7701,16,flicker
29.7726,3488,flicker
29.7730,16262,flicker
29.7784,628,flicker
29.7813,163409,flicker
29.7848,163128,flicker
29.7889,163139,flicker
29.7947,630,flicker
29.7974,163317,flicker
29.8013,163891,flicker
29.8054,163372,flicker
29.8094,63535,flicker
29.8134,162870,flicker
29.8187,163391,flicker
29.8216,163137,flicker
29.8277,168,flicker
29.8298,163778,flicker
29.8344,162974,flicker
29.8381,163247,flicker
29.8438,679,flicker
29.8469,163375,flicker
29.8511,163697,flicker
29.8545,163119,flicker
29.8587,16338,flicker
29.8626,163467,flicker
29.8674,163659,flicker
29.8711,163005,flicker
29.8749,163356,flicker
29.8794,163041,flicker
29.8831,163485,flicker
29.8872,163606,flicker
29.8913,163482,flicker
29.8961,162945,flicker
29.8975,16,flicker
29.8995,2946,flicker
29.9005,1632,flicker
29.9036,48,flicker
29.9046,163221,flicker
29.9078,163431,flicker
29.9130,163081,flicker
29.9160,163467,flicker
29.9200,163258,flicker
29.9241,163412,flicker
29.9283,163645,flicker
29.9323,163089,flicker
29.9365,163760,flicker
29.9405,162825,flicker
29.9447,162901,flicker
29.9489,163262,flicker
29.9528,162983,flicker
29.9570,163146,flicker
29.9609,163185,flicker
29.9650,163394,flicker
29.9691,163102,flicker
29.9732,163039,flicker
29.9784,163123,flicker
29.9814,163355,flicker
29.9854,163183,flicker
29.9896,163004,flicker
29.9938,6265,flicker
29.9996,162950,flicker
30.0020,162944,flicker
30.0059,163099,flicker
30.0101,627,flicker
30.0145,162831,flicker
30.0193,163000,flicker
30.0224,162929,flicker
30.0234,1,flicker
30.0275,311,flicker
30.0306,37,flicker
30.0328,163029,flicker
30.0360,163940,flicker
30.0391,162832,flicker
30.0429,647,flicker
30.0486,63,flicker
30.0511,163249,flicker
30.0552,163032,flicker
30.0614,6275,flicker
30.0644,635,flicker
30.0689,162806,flicker
30.0715,163507,flicker
30.0758,58,flicker
30.0803,162699,flicker
30.0845,163296,flicker
30.0879,162662,flicker
30.0932,16297,flicker
30.0967,162932,flicker
30.1014,163375,flicker
30.1042,163571,flicker
30.1102,131,flicker
30.1124,163367,flicker
30.1166,163260,flicker
30.1208,163600,flicker
30.1248,163982,flicker
30.1290,163111,flicker
30.1330,163424,flicker
30.1370,163402,flicker
30.1412,163493,flicker
30.1462,163246,flicker
30.1493,163666,flicker
30.1502,1,flicker
30.1535,63665,flicker
30.1546,163,flicker
30.1577,466,flicker
30.1593,163641,flicker
30.1622,163712,flicker
30.1657,163392,flicker
30.1698,163665,flicker
30.1739,163109,flicker
30.1781,163762,flicker
30.1821,163805,flicker
30.1862,162981,flicker
30.1906,163647,flicker
30.1945,163105,flicker
30.1985,163897,flicker
30.2026,163380,flicker
30.2066,163060,flicker
30.2120,163734,flicker
30.2148,162945,flicker
30.2189,163375,flicker
30.2230,163142,flicker
30.2271,62986,flicker
30.2315,163971,flicker
30.2355,163284,flicker
30.2396,163654,flicker
30.2449,163264,flicker
30.2476,163261,flicker
30.2517,163765,flicker
30.2559,163187,flicker
30.2599,63553,flicker
30.2651,163454,flicker
30.2687,163716,flicker
30.2723,163167,flicker
30.2766,163519,flicker
30.2804,163770,flicker
30.2814,163,flicker
30.2845,847,flicker
30.2861,163370,flicker
30.2887,163497,flicker
30.2927,63893,flicker
30.2984,162858,flicker
30.3012,163528,flicker
30.3049,163500,flicker
30.3092,6403,flicker
30.3154,162677,flicker
30.3180,163748,flicker
30.3215,163486,flicker
30.3304,163491,flicker
30.3342,163323,flicker
30.3377,163673,flicker
30.3420,163144,flicker
30.3472,163488,flicker
30.3500,163169,flicker
30.3541,162983,flicker
30.3583,163407,flicker
30.3624,162809,flicker
30.3664,163092,flicker
30.3705,163473,flicker
30.3746,163294,flicker
30.3790,163122,flicker
30.3828,163358,flicker
30.3869,163071,flicker
30.3911,163719,flicker
30.3956,163253,flicker
30.3991,163557,flicker
30.4032,163440,flicker
30.4074,164140,flicker
30.4082,16,flicker
30.4115,3717,flicker
30.4120,16373,flicker
30.4155,5,flicker
30.4156,163322,flicker
30.4196,163688,flicker
30.4237,163277,flicker
30.4280,162934,flicker
30.4319,163304,flicker
30.4360,163557,flicker
30.4402,163976,flicker
30.4442,163368,flicker
30.4484,163473,flicker
30.4524,163360,flicker
30.4566,163550,flicker
30.4610,163677,flicker
30.4647,163583,flicker
30.4687,163246,flicker
30.4729,162824,flicker
30.4771,163059,flicker
30.4813,163420,flicker
30.4852,163445,flicker
30.4892,163174,flicker
30.4951,163797,flicker
30.4976,163203,flicker
30.5016,164222,flicker
30.5056,162773,flicker
30.5098,63113,flicker
30.5144,162914,flicker
30.5181,163160,flicker
30.5231,163486,flicker
30.5263,162962,flicker
30.5304,163168,flicker
30.5345,162924,flicker
30.5364,16,flicker
30.5384,2735,flicker
30.5404,16269,flicker
30.5436,6344,flicker
30.5478,162955,flicker
30.5511,162977,flicker
30.5556,163597,flicker
30.5590,6318,flicker
30.5631,163606,flicker
30.5681,163153,flicker
30.5728,163345,flicker
30.5754,163405,flicker
30.5803,163601,flicker
30.5835,163257,flicker
30.5875,163597,flicker
30.5917,163122,flicker
30.5963,163623,flicker
30.5998,163320,flicker
30.6039,163372,flicker
30.6081,163422,flicker
30.6134,163434,flicker
30.6164,163654,flicker
30.6205,163644,flicker
30.6244,163502,flicker
30.6289,163382,flicker
30.6327,163792,flicker
30.6368,163636,flicker
30.6409,163723,flicker
30.6457,164100,flicker
30.6491,163071,flicker
30.6531,163966,flicker
30.6572,162925,flicker
30.6616,163137,flicker
30.6634,1,flicker
30.6655,63556,flicker
30.6673,1635,flicker
30.6696,59,flicker
30.6714,163634,flicker
30.6739,163507,flicker
30.6778,163190,flicker
30.6819,163454,flicker
30.6859,162883,flicker
30.6902,163440,flicker
30.6941,163291,flicker
30.6981,162804,flicker
30.7022,163555,flicker
30.7064,163413,flicker
30.7108,163024,flicker
30.7146,163208,flicker
30.7186,163187,flicker
30.7227,163717,flicker
30.7285,62,flicker
30.7309,163440,flicker
30.7359,163640,flicker
30.7392,162944,flicker
30.7436,163744,flicker
30.7474,162884,flicker
30.7514,163975,flicker
30.7555,163286,flicker
30.7596,63584,flicker
30.7637,163952,flicker
30.7679,163539,flicker
30.7720,163436,flicker
30.7761,698,flicker
30.7802,63,flicker
30.7842,163380,flicker
30.7897,163531,flicker
30.7919,1,flicker
30.7926,3483,flicker
30.7930,1634,flicker
30.7964,43,flicker
30.7980,163162,flicker
30.8006,163704,flicker
30.8046,163194,flicker
30.8088,63264,flicker
30.8136,163421,flicker
30.8169,163633,flicker
30.8210,163501,flicker
30.8276,63490,flicker
30.8301,164011,flicker
30.8336,162772,flicker
30.8375,163445,flicker
30.8415,63804,flicker
30.8459,163072,flicker
30.8504,163721,flicker
30.8546,163827,flicker
30.8580,163705,flicker
30.8620,163927,flicker
30.8666,163833,flicker
30.8702,163896,flicker
30.8743,163013,flicker
30.8784,163644,flicker
30.8828,163366,flicker
30.8866,163702,flicker
30.8908,163730,flicker
30.8957,163515,flicker
30.8988,163537,flicker
30.9029,163537,flicker
30.9071,163695,flicker
30.9116,163579,flicker
30.9152,163628,flicker
30.9170,1,flicker
30.9195,63801,flicker
30.9200,1638,flicker
30.9235,35,flicker
30.9241,163487,flicker
30.9277,163426,flicker
30.9316,163089,flicker
30.9357,163377,flicker
30.9398,163717,flicker
30.9442,163517,flicker
30.9480,163826,flicker
30.9521,163466,flicker
30.9562,163192,flicker
30.9606,163553,flicker
30.9644,163893,flicker
30.9685,163629,flicker
30.9726,163390,flicker
30.9768,163141,flicker
30.9808,163730,flicker
30.9849,163774,flicker
30.9889,162909,flicker
30.9932,63382,flicker
30.9973,163975,flicker
31.0014,163645,flicker
31.0054,163252,flicker
31.0106,163576,flicker
31.0137,163513,flicker
31.0177,163654,flicker
31.0218,163205,flicker
31.0271,63,flicker
31.0299,163385,flicker
31.0341,164188,flicker
31.0382,163690,flicker
31.0423,6388,flicker
31.0465,163725,flicker
31.0477,163,flicker
31.0513,498,flicker
31.0517,163495,flicker
31.0547,163688,flicker
31.0586,163899,flicker
31.0637,163530,flicker
31.0668,163093,flicker
31.0709,163405,flicker
31.0751,637,flicker
31.0794,163534,flicker
31.0840,164020,flicker
31.0874,163153,flicker
31.0915,6378,flicker
31.0967,163594,flicker
31.0998,164177,flicker
31.1036,163583,flicker
31.1080,16536,flicker
31.1123,163025,flicker
31.1163,163328,flicker
31.1200,163916,flicker
31.1242,163520,flicker
31.1284,163014,flicker
31.1323,163333,flicker
31.1364,163676,flicker
31.1406,163696,flicker
31.1454,163581,flicker
31.1487,163866,flicker
31.1528,163633,flicker
31.1570,163417,flicker
31.1610,163169,flicker
31.1653,163606,flicker
31.1692,163385,flicker
31.1734,164276,flicker
31.1743,163,flicker
31.1775,821,flicker
31.1792,163587,flicker
31.1815,163860,flicker
31.1856,163347,flicker
31.1898,163761,flicker
31.1945,163171,flicker
31.1978,163798,flicker
31.2019,164004,flicker
31.2061,163892,flicker
31.2113,163210,flicker
31.2142,163150,flicker
31.2183,163553,flicker
31.2224,163367,flicker
31.2279,163384,flicker
31.2306,163706,flicker
31.2348,162857,flicker
31.2388,163977,flicker
31.2429,63978,flicker
31.2471,164122,flicker
31.2514,164188,flicker
31.2553,163828,flicker
31.2594,6597,flicker
31.2643,163618,flicker
31.2675,163758,flicker
31.2717,163653,flicker
31.2761,163426,flicker
31.2798,163552,flicker
31.2839,163803,flicker
31.2880,163615,flicker
31.2922,163955,flicker
31.2962,163768,flicker
31.3003,164012,flicker
31.3011,16,flicker
31.3044,3262,flicker
31.3052,16360,flicker
31.3086,1,flicker
31.3128,163140,flicker
31.3166,163886,flicker
31.3207,163728,flicker
31.3262,16357,flicker
31.3290,163914,flicker
31.3330,162477,flicker
31.3371,163651,flicker
31.3412,163789,flicker
31.3453,163523,flicker
31.3496,163719,flicker
31.3536,163707,flicker
31.3577,163209,flicker
31.3617,163657,flicker
31.3658,163308,flicker
31.3699,163695,flicker
31.3741,163502,flicker
31.3785,164003,flicker
31.3822,163990,flicker
31.3862,163650,flicker
31.3904,163654,flicker
31.3945,163282,flicker
31.3986,163185,flicker
31.4026,163876,flicker
31.4068,163915,flicker
31.4114,163718,flicker
31.4149,163933,flicker
31.4190,163995,flicker
31.4231,163577,flicker
31.4275,163548,flicker
31.4284,16,flicker
31.4313,3617,flicker
31.4314,16291,flicker
31.4354,9,flicker
31.4355,163661,flicker
31.4397,163764,flicker
31.4440,163452,flicker
31.4483,163692,flicker
31.4519,163835,flicker
31.4559,163492,flicker
31.4605,163687,flicker
31.4646,163589,flicker
31.4683,163251,flicker
31.4724,163426,flicker
31.4765,163444,flicker
31.4805,163458,flicker
31.4845,163463,flicker
31.4886,163766,flicker
31.4936,163956,flicker
31.4970,163699,flicker
31.5010,163941,flicker
31.5050,163801,flicker
31.5107,163526,flicker
31.5133,163429,flicker
31.5173,163464,flicker
31.5214,163941,flicker
31.5256,63780,flicker
31.5298,163685,flicker
31.5344,163803,flicker
31.5379,163678,flicker
31.5431,6597,flicker
31.5460,163761,flicker
31.5511,163113,flicker
31.5551,163351,flicker
31.5560,16,flicker
31.5584,50,flicker
31.5591,1640,flicker
31.5631,33,flicker
31.5648,163626,flicker
31.5669,163273,flicker
31.5707,163107,flicker
31.5792,163719,flicker
31.5830,163238,flicker
31.5870,163020,flicker
31.5927,623,flicker
31.5954,164075,flicker
31.5993,163721,flicker
31.6036,163606,flicker
31.6075,163147,flicker
31.6126,163823,flicker
31.6156,163840,flicker
31.6197,163731,flicker
31.6238,163952,flicker
31.6279,163555,flicker
31.6320,164287,flicker
31.6361,163704,flicker
31.6403,164073,flicker
31.6443,163744,flicker
31.6484,163401,flicker
31.6525,163530,flicker
31.6566,164022,flicker
31.6614,163414,flicker
31.6648,164026,flicker
31.6689,164077,flicker
31.6730,164535,flicker
31.6773,163843,flicker
31.6813,163776,flicker
31.6828,1,flicker
31.6854,63851,flicker
31.6863,1636,flicker
31.6898,73,flicker
31.6900,164013,flicker
31.6942,164181,flicker
31.6978,164017,flicker
31.7017,163705,flicker
31.7061,163891,flicker
31.7101,163880,flicker
31.7139,163886,flicker
31.7180,163655,flicker
31.7221,164175,flicker
31.7266,163001,flicker
31.7306,164234,flicker
31.7345,163484,flicker
31.7386,163528,flicker
31.7436,163765,flicker
31.7467,163787,flicker
31.7508,164372,flicker
31.7549,163691,flicker
31.7591,61,flicker
31.7631,163718,flicker
31.7672,163219,flicker
31.7712,164129,flicker
31.7758,163576,flicker
31.7795,163707,flicker
31.7835,163552,flicker
31.7876,163755,flicker
31.7919,6581,flicker
31.7969,163020,flicker
31.8004,163908,flicker
31.8040,164165,flicker
31.8086,63,flicker
31.8129,64184,flicker
31.8137,1634,flicker
31.8164,39,flicker
31.8166,163861,flicker
31.8204,163471,flicker
31.8259,1,flicker
31.8290,163808,flicker
31.8327,163200,flicker
31.8368,163966,flicker
31.8429,356,flicker
31.8451,164112,flicker
31.8491,163655,flicker
31.8532,163181,flicker
31.8573,163388,flicker
31.8614,163907,flicker
31.8656,163729,flicker
31.8696,163660,flicker
31.8737,163236,flicker
31.8783,163615,flicker
31.8819,163912,flicker
31.8860,163533,flicker
31.8901,163543,flicker
31.8944,163740,flicker
31.8982,163928,flicker
31.9023,164213,flicker
31.9066,163907,flicker
31.9112,163466,flicker
31.9147,163857,flicker
31.9187,163896,flicker
31.9229,163835,flicker
31.9280,163468,flicker
31.9310,164151,flicker
31.9351,163782,flicker
31.9361,1,flicker
31.9392,63693,flicker
31.9409,1640,flicker
31.9434,91,flicker
31.9452,163550,flicker
31.9474,163592,flicker
31.9515,163354,flicker
31.9558,163707,flicker
31.9604,163370,flicker
31.9639,163314,flicker
31.9680,163579,flicker
31.9719,163547,flicker
31.9768,163313,flicker
31.9802,164461,flicker
31.9842,163487,flicker
31.9883,163551,flicker
31.9926,633,flicker
31.9980,164216,flicker
32.0008,164478,flicker
32.0048,163810,flicker
32.0100,632,flicker
32.0139,162732,flicker
32.0171,163823,flicker
32.0211,163791,flicker
32.0253,63732,flicker
32.0302,163394,flicker
32.0344,163128,flicker
32.0376,163631,flicker
32.0443,62,flicker
32.0461,163848,flicker
32.0498,163113,flicker
32.0539,162974,flicker
32.0589,635,flicker
32.0628,164213,flicker
32.0639,1,flicker
32.0663,63793,flicker
32.0685,1640,flicker
32.0704,45,flicker
32.0710,163397,flicker
32.0748,163560,flicker
32.0789,164057,flicker
32.0826,164138,flicker
32.0867,163646,flicker
32.0910,163719,flicker
32.0949,163944,flicker
32.0989,163609,flicker
32.1030,163555,flicker
32.1072,163659,flicker
32.1113,163876,flicker
32.1153,163834,flicker
32.1195,163655,flicker
32.1236,163999,flicker
32.1276,162604,flicker
32.1317,163910,flicker
32.1358,163813,flicker
32.1399,163804,flicker
32.1444,162594,flicker
32.1481,163748,flicker
32.1522,164363,flicker
32.1563,163398,flicker
32.1607,163472,flicker
32.1646,163931,flicker
32.1687,163504,flicker
32.1727,164537,flicker
32.1775,163743,flicker
32.1808,163374,flicker
32.1849,163656,flicker
32.1891,163669,flicker
32.1895,1,flicker
32.1943,64230,flicker
32.1954,1639,flicker
32.1973,32,flicker
32.1986,163784,flicker
32.2014,163886,flicker
32.2056,163388,flicker
32.2101,164406,flicker
32.2141,163438,flicker
32.2177,164538,flicker
32.2220,164161,flicker
32.2277,6361,flicker
32.2311,164136,flicker
32.2341,163615,flicker
32.2382,164045,flicker
32.2436,633,flicker
32.2465,163800,flicker
32.2518,163617,flicker
32.2547,163747,flicker
32.2604,163720,flicker
32.2628,163489,flicker
32.2669,163330,flicker
32.2709,163660,flicker
32.2754,633,flicker
32.2801,164658,flicker
32.2834,163835,flicker
32.2874,163340,flicker
32.2922,64573,flicker
32.2956,163177,flicker
32.2996,164147,flicker
32.3037,163982,flicker
32.3079,64063,flicker
32.3151,163805,flicker
32.3162,163818,flicker
32.3203,163654,flicker
32.3213,163,flicker
32.3255,163479,flicker
32.3296,163116,flicker
32.3328,163392,flicker
32.3366,164293,flicker
32.3407,746,flicker
32.3455,164325,flicker
32.3492,163645,flicker
32.3530,163527,flicker
32.3570,163646,flicker
32.3618,163810,flicker
32.3652,163778,flicker
32.3692,164117,flicker
32.3734,164224,flicker
32.3775,163599,flicker
32.3815,163660,flicker
32.3856,164262,flicker
32.3898,163721,flicker
32.3940,163884,flicker
32.3980,163323,flicker
32.4021,163836,flicker
32.4062,163980,flicker
32.4107,163786,flicker
32.4143,163839,flicker
32.4184,163884,flicker
32.4228,164154,flicker
32.4268,164061,flicker
32.4307,163995,flicker
32.4348,163818,flicker
32.4389,163521,flicker
32.4431,164193,flicker
32.4472,164327,flicker
32.4494,163,flicker
32.4512,507,flicker
32.4523,164048,flicker
32.4553,164220,flicker
32.4594,164302,flicker
32.4635,163385,flicker
32.4676,164201,flicker
32.4717,163643,flicker
32.4761,164459,flicker
32.4800,164277,flicker
32.4840,163433,flicker
32.4880,163884,flicker
32.4936,6,flicker
32.4969,164267,flicker
32.5003,164538,flicker
32.5044,163992,flicker
32.5108,6,flicker
32.5142,163419,flicker
32.5168,164070,flicker
32.5209,164570,flicker
32.5250,646,flicker
32.5290,163274,flicker
32.5332,163942,flicker
32.5373,164161,flicker
32.5416,164577,flicker
32.5459,163956,flicker
32.5495,163692,flicker
32.5547,164023,flicker
32.5585,641,flicker
32.5634,164033,flicker
32.5659,163295,flicker
32.5700,163697,flicker
32.5742,164144,flicker
32.5754,16,flicker
32.5786,3749,flicker
32.5804,16387,flicker
32.5822,3,flicker
32.5823,163794,flicker
32.5864,163467,flicker
32.5905,163798,flicker
32.5946,164142,flicker
32.5993,164192,flicker
32.6033,163645,flicker
32.6069,163506,flicker
32.6119,163730,flicker
32.6151,164039,flicker
32.6191,164431,flicker
32.6232,164301,flicker
32.6281,163516,flicker
32.6316,164036,flicker
32.6356,163654,flicker
32.6396,164504,flicker
32.6438,163867,flicker
32.6478,164167,flicker
32.6519,164573,flicker
32.6561,163904,flicker
32.6609,163981,flicker
32.6642,164712,flicker
32.6683,163681,flicker
32.6725,164385,flicker
32.6767,163750,flicker
32.6807,163927,flicker
32.6848,164239,flicker
32.6890,163538,flicker
32.6936,164104,flicker
32.6971,163883,flicker
32.7011,163914,flicker
32.7030,16,flicker
32.7053,3762,flicker
32.7068,16401,flicker
32.7093,1,flicker
32.7106,164529,flicker
32.7133,163787,flicker
32.7174,164357,flicker
32.7215,164101,flicker
32.7256,63999,flicker
32.7319,164216,flicker
32.7340,163831,flicker
32.7381,164135,flicker
32.7422,698,flicker
32.7468,163834,flicker
32.7502,164462,flicker
32.7543,163861,flicker
32.7586,675,flicker
32.7625,64141,flicker
32.7687,163670,flicker
32.7719,164209,flicker
32.7749,6380,flicker
32.7796,164094,flicker
32.7845,164275,flicker
32.7871,163721,flicker
32.7920,163701,flicker
32.7952,163594,flicker
32.7993,164210,flicker
32.8034,164404,flicker
32.8084,163723,flicker
32.8117,164309,flicker
32.8157,163393,flicker
32.8198,164092,flicker
32.8262,64140,flicker
32.8282,164117,flicker
32.8296,16,flicker
32.8321,4449,flicker
32.8332,16337,flicker
32.8362,0,flicker
32.8372,163900,flicker
32.8423,63,flicker
32.8454,164341,flicker
32.8485,163508,flicker
32.8526,163824,flicker
32.8568,1451,flicker
32.8621,681,flicker
32.8650,164094,flicker
32.8694,164327,flicker
32.8731,163520,flicker
32.8772,164594,flicker
32.8813,164471,flicker
32.8853,163842,flicker
32.8896,164101,flicker
32.8938,163366,flicker
32.8977,164014,flicker
32.9017,164389,flicker
32.9059,163839,flicker
32.9100,164619,flicker
32.9141,164279,flicker
32.9182,163882,flicker
32.9222,164031,flicker
32.9265,164233,flicker
32.9304,163837,flicker
32.9345,163915,flicker
32.9387,163978,flicker
32.9429,164287,flicker
32.9468,163677,flicker
32.9509,163896,flicker
32.9550,164037,flicker
32.9554,16,flicker
32.9601,3797,flicker
32.9616,1641,flicker
32.9632,55,flicker
32.9645,163984,flicker
32.9673,164427,flicker
32.9713,163669,flicker
32.9759,164257,flicker
32.9796,164138,flicker
32.9836,164316,flicker
32.9877,164042,flicker
32.9929,163810,flicker
32.9960,163892,flicker
33.0002,164485,flicker
33.0042,164383,flicker
33.0085,6801,flicker
33.0126,164023,flicker
33.0164,163929,flicker
33.0206,164125,flicker
33.0247,63851,flicker
33.0310,163666,flicker
33.0328,164249,flicker
33.0369,164420,flicker
33.0411,62,flicker
33.0480,164041,flicker
33.0493,164330,flicker
33.0534,163996,flicker
33.0581,62,flicker
33.0615,163971,flicker
33.0669,164741,flicker
33.0705,163607,flicker
33.0739,14166,flicker
33.0779,6408,flicker
33.0831,164133,flicker
33.0840,1,flicker
33.0861,64249,flicker
33.0866,1637,flicker
33.0944,163737,flicker
33.0984,163973,flicker
33.1025,164359,flicker
33.1067,163548,flicker
33.1110,164007,flicker
33.1150,163772,flicker
33.1188,164284,flicker
33.1229,164093,flicker
33.1270,163709,flicker
33.1311,164062,flicker
33.1352,163952,flicker
33.1393,163997,flicker
33.1435,163891,flicker
33.1477,163910,flicker
33.1517,163882,flicker
33.1557,163440,flicker
33.1598,164294,flicker
33.1638,164396,flicker
33.1679,163691,flicker
33.1721,164419,flicker
33.1764,164177,flicker
33.1804,164440,flicker
33.1844,164467,flicker
33.1886,164059,flicker
33.1932,164268,flicker
33.1967,163663,flicker
33.2007,164453,flicker
33.2048,164312,flicker
33.2095,163875,flicker
33.2111,1,flicker
33.2131,64270,flicker
33.2142,1638,flicker
33.2172,31,flicker
33.2184,164342,flicker
33.2212,164319,flicker
33.2256,163761,flicker
33.2294,164339,flicker
33.2335,163943,flicker
33.2376,163976,flicker
33.2436,6,flicker
33.2475,163966,flicker
33.2500,164268,flicker
33.2541,163714,flicker
33.2581,163920,flicker
33.2622,164668,flicker
33.2663,163567,flicker
33.2703,163904,flicker
33.2751,163678,flicker
33.2786,164330,flicker
33.2827,164430,flicker
33.2867,164459,flicker
33.2915,164336,flicker
33.2950,164321,flicker
33.2991,163927,flicker
33.3032,163717,flicker
33.3074,642,flicker
33.3132,164599,flicker
33.3155,163530,flicker
33.3196,164335,flicker
33.3249,60,flicker
33.3284,163876,flicker
33.3319,164260,flicker
33.3360,163035,flicker
33.3367,1,flicker
33.3417,35,flicker
33.3441,81,flicker
33.3456,163933,flicker
33.3484,164247,flicker
33.3523,163900,flicker
33.3564,163738,flicker
33.3611,163544,flicker
33.3647,163816,flicker
33.3687,163777,flicker
33.3728,163437,flicker
33.3776,163956,flicker
33.3810,164850,flicker
33.3850,164095,flicker
33.3893,164045,flicker
33.3943,164321,flicker
33.3973,163720,flicker
33.4014,164325,flicker
33.4056,164263,flicker
33.4099,164099,flicker
33.4138,163459,flicker
33.4180,163636,flicker
33.4220,164168,flicker
33.4261,164406,flicker
33.4302,164030,flicker
33.4343,164178,flicker
33.4384,163735,flicker
33.4424,164367,flicker
33.4465,163884,flicker
33.4506,163980,flicker
33.4548,164086,flicker
33.4599,164278,flicker
33.4629,164299,flicker
33.4670,163844,flicker
33.4671,164,flicker
33.4711,236,flicker
33.4723,164408,flicker
33.4757,163975,flicker
33.4793,164216,flicker
33.4834,164375,flicker
33.4874,164096,flicker
33.4917,164200,flicker
33.4956,164242,flicker
33.4998,164609,flicker
33.5038,164424,flicker
33.5080,63551,flicker
33.5127,163554,flicker
33.5161,163800,flicker
33.5202,163736,flicker
33.5243,164301,flicker
33.5284,163962,flicker
33.5325,164105,flicker
33.5366,164126,flicker
33.5408,64,flicker
33.5450,164095,flicker
33.5503,163863,flicker
33.5530,163334,flicker
33.5574,164110,flicker
33.5612,164573,flicker
33.5652,164723,flicker
33.5693,163684,flicker
33.5741,6598,flicker
33.5784,163837,flicker
33.5818,164110,flicker
33.5858,163865,flicker
33.5917,13,flicker
33.5950,164295,flicker
33.5963,164,flicker
33.5981,299,flicker
33.5995,16409,flicker
33.6021,7,flicker
33.6022,164049,flicker
33.6063,164214,flicker
33.6113,164442,flicker
33.6145,164040,flicker
33.6185,164951,flicker
33.6226,163857,flicker
33.6267,163776,flicker
33.6308,164495,flicker
33.6349,164121,flicker
33.6391,164439,flicker
33.6433,164025,flicker
33.6472,164362,flicker
33.6513,164856,flicker
33.6555,163810,flicker
33.6600,163660,flicker
33.6635,164568,flicker
33.6676,163931,flicker
33.6718,164220,flicker
33.6759,163718,flicker
33.6800,164168,flicker
33.6840,164396,flicker
33.6883,163947,flicker
33.6925,164613,flicker
33.6963,164027,flicker
33.7004,164021,flicker
33.7047,164100,flicker
33.7088,163751,flicker
33.7128,164422,flicker
33.7168,164153,flicker
33.7209,164213,flicker
33.7229,16,flicker
33.7254,4899,flicker
33.7270,16389,flicker
33.7291,4,flicker
33.7291,164717,flicker
33.7332,163728,flicker
33.7373,164394,flicker
33.7418,164275,flicker
33.7456,164653,flicker
33.7497,163730,flicker
33.7537,163909,flicker
33.7579,164134,flicker
33.7619,164324,flicker
33.7659,164058,flicker
33.7701,164005,flicker
33.7751,636,flicker
33.7785,164208,flicker
33.7824,164129,flicker
33.7864,164133,flicker
33.7907,164247,flicker
33.7948,163934,flicker
33.7987,164168,flicker
33.8028,164489,flicker
33.8071,697,flicker
33.8118,164668,flicker
33.8152,163833,flicker
33.8192,164266,flicker
33.8246,48,flicker
33.8284,164210,flicker
33.8323,164433,flicker
33.8356,164171,flicker
33.8397,164299,flicker
33.8439,164230,flicker
33.8479,164103,flicker
33.8485,16,flicker
33.8520,4508,flicker
33.8535,1642,flicker
33.8562,65,flicker
33.8575,140,rest
33.8607,164525,rest
33.8654,163802,rest
33.8684,164615,rest
33.8725,164112,rest
33.8766,164265,rest
33.8806,164865,rest
33.8847,164123,rest
33.8889,164531,rest
33.8934,163764,rest
33.8970,164871,rest
33.9011,163752,rest
33.9053,164308,rest
33.9093,164181,rest
33.9134,163528,rest
33.9175,164277,rest
33.9216,164437,rest
33.9258,164036,rest
33.9298,164270,rest
33.9339,164207,rest
33.9381,164037,rest
33.9422,164417,rest
33.9462,164029,rest
33.9503,164407,rest
33.9545,163969,rest
33.9585,163794,rest
33.9627,164221,rest
33.9667,164068,rest
33.9707,163394,rest
33.9756,164173,rest
33.9771,16,rest
33.9790,4085,rest
33.9802,1641,rest
33.9830,52,rest
33.9842,163993,rest
33.9872,164281,rest
33.9922,164312,rest
33.9953,164183,rest
33.9994,163825,rest
34.0035,164294,rest
34.0076,63904,rest
34.0123,163894,rest
34.0159,164129,rest
34.0199,164264,rest
34.0240,63841,rest
34.0284,164023,rest
34.0322,163603,rest
34.0363,164583,rest
34.0404,64481,rest
34.0451,164185,rest
34.0487,163516,rest
34.0527,164102,rest
34.0569,614,rest
34.0616,164112,rest
34.0658,164127,rest
34.0694,164026,rest
34.0733,6394,rest
34.0772,163977,rest
34.0822,164211,rest
34.0855,164377,rest
34.0907,63,rest
34.0936,164235,rest
34.0994,164125,rest
34.1019,164057,rest
34.1027,1,rest
34.1060,64333,rest
34.1067,1641,rest
34.1101,45,rest
34.1118,164263,rest
34.1142,163789,rest
34.1182,164548,rest
34.1223,164062,rest
34.1272,163764,rest
34.1306,164255,rest
34.1346,164230,rest
34.1387,164044,rest
34.1429,164043,rest
34.1469,163833,rest
34.1510,163913,rest
34.1552,163867,rest
34.1610,164452,rest
34.1633,164532,rest
34.1673,163991,rest
34.1715,163777,rest
34.1756,163720,rest
34.1797,164200,rest
34.1837,163741,rest
34.1880,163435,rest
34.1926,164491,rest
34.1962,163956,rest
34.2003,164236,rest
34.2042,164086,rest
34.2088,164363,rest
34.2124,164296,rest
34.2165,164157,rest
34.2206,164231,rest
34.2250,164635,rest
34.2290,164326,rest
34.2291,1,rest
34.2330,64580,rest
34.2342,1641,rest
34.2370,30,rest
34.2371,163808,rest
34.2423,164737,rest
34.2452,164213,rest
34.2493,164312,rest
34.2534,164010,rest
34.2590,163982,rest
34.2617,164354,rest
34.2657,164253,rest
34.2698,164119,rest
34.2749,163731,rest
34.2780,164050,rest
34.2821,164174,rest
34.2861,163765,rest
34.2903,64452,rest
34.2953,163695,rest
34.2997,164248,rest
34.3026,164138,rest
34.3078,64,rest
34.3119,163874,rest
34.3155,163738,rest
34.3192,164177,rest
34.3235,642,rest
34.3279,163951,rest
34.3317,164331,rest
34.3355,163507,rest
34.3407,643,rest
34.3444,163970,rest
34.3477,163790,rest
34.3517,164389,rest
34.3558,163573,rest
34.3603,163856,rest
34.3604,164,rest
34.3640,434,rest
34.3655,164250,rest
34.3681,163973,rest
34.3722,164151,rest
34.3763,164154,rest
34.3804,164128,rest
34.3845,164665,rest
34.3889,164194,rest
34.3932,163915,rest
34.3968,163754,rest
34.4008,164361,rest
34.4050,164322,rest
34.4091,164177,rest
34.4131,163626,rest
34.4172,163996,rest
34.4214,164506,rest
34.4255,164232,rest
34.4296,164226,rest
34.4336,164064,rest
34.4379,164821,rest
34.4427,164024,rest
34.4460,164385,rest
34.4500,163683,rest
34.4544,163980,rest
34.4589,164218,rest
34.4623,164385,rest
34.4664,163757,rest
34.4705,164031,rest
34.4750,163965,rest
34.4788,164442,rest
34.4830,164542,rest
34.4868,164409,rest
34.4876,163,rest
34.4911,930,rest
34.4926,164103,rest
34.4951,164256,rest
34.4991,164054,rest
34.5032,164116,rest
34.5073,63135,rest
34.5124,163541,rest
34.5156,163924,rest
34.5196,164084,rest
34.5241,164216,rest
34.5278,163783,rest
34.5319,163737,rest
34.5360,164242,rest
34.5402,6440,rest
34.5442,421,rest
34.5484,163260,rest
34.5530,163813,rest
34.5566,6,rest
34.5610,163998,rest
34.5655,164017,rest
34.5688,163990,rest
34.5730,650,rest
34.5776,163966,rest
34.5810,164522,rest
34.5851,164584,rest
34.5904,1638,rest
34.5934,164315,rest
34.5974,163552,rest
34.6016,164780,rest
34.6058,164317,rest
34.6103,163429,rest
34.6139,164685,rest
34.6141,164,rest
34.6179,114,rest
34.6181,16480,rest
34.6220,0,rest
34.6221,164151,rest
34.6265,163800,rest
34.6302,164305,rest
34.6343,164177,rest
34.6384,164247,rest
34.6425,164474,rest
34.6466,163679,rest
34.6507,164865,rest
34.6548,163714,rest
34.6599,164623,rest
34.6630,164042,rest
34.6670,163807,rest
34.6714,164252,rest
34.6755,164000,rest
34.6794,164491,rest
34.6835,164115,rest
34.6876,163701,rest
34.6924,164084,rest
34.6957,163428,rest
34.6998,163688,rest
34.7040,164003,rest
34.7083,164539,rest
34.7121,165122,rest
34.7162,164252,rest
34.7203,164802,rest
34.7254,164552,rest
34.7287,163720,rest
34.7327,164142,rest
34.7367,164499,rest
34.7408,63838,rest
34.7419,16,rest
34.7450,048,rest
34.7457,16407,rest
34.7490,2,rest
34.7491,164373,rest
34.7540,164813,rest
34.7572,641,rest
34.7623,163678,rest
34.7663,164198,rest
34.7697,164125,rest
34.7751,683,rest
34.7778,164237,rest
34.7817,165011,rest
34.7858,164104,rest
34.7901,645,rest
34.7944,163567,rest
34.7985,164387,rest
34.8029,164197,rest
34.8064,163937,rest
34.8104,164353,rest
34.8146,164254,rest
34.8186,164561,rest
34.8269,163956,rest
34.8312,164249,rest
34.8352,163551,rest
34.8402,64,rest
34.8444,164508,rest
34.8480,164284,rest
34.8514,164298,rest
34.8557,164167,rest
34.8596,163467,rest
34.8637,164322,rest
34.8678,164346,rest
34.8683,1,rest
34.8719,64346,rest
34.8734,1637,rest
34.8762,22,rest
34.8772,164069,rest
34.8801,164559,rest
34.8841,164084,rest
34.8883,164284,rest
34.8930,163779,rest
34.8964,163944,rest
34.9005,164275,rest
34.9047,164251,rest
34.9087,164140,rest
34.9128,164555,rest
34.9169,164201,rest
34.9211,164291,rest
34.9254,164095,rest
34.9293,163932,rest
34.9333,163787,rest
34.9377,163967,rest
34.9424,164225,rest
34.9456,164441,rest
34.9496,163762,rest
34.9541,164342,rest
34.9589,164047,rest
34.9620,164084,rest
34.9660,164296,rest
34.9702,164484,rest
34.9749,163973,rest
34.9783,164336,rest
34.9824,164594,rest
34.9865,164668,rest
34.9910,164060,rest
34.9949,163802,rest
34.9964,1,rest
34.9989,64069,rest
35.0004,1642,rest
35.0029,07,rest
35.0043,164339,rest
35.0072,163631,rest
35.0112,164397,rest
35.0153,164456,rest
35.0194,164823,rest
35.0250,164769,rest
35.0276,164103,rest
35.0316,163969,rest
35.0357,164055,rest
35.0400,164629,rest
35.0441,164014,rest
35.0480,163906,rest
35.0521,163639,rest
35.0574,448,rest
35.0615,163998,rest
35.0649,164270,rest
35.0684,164152,rest
35.0726,484,rest
35.0778,163718,rest
35.0820,164498,rest
35.0849,164763,rest
35.0892,16383,rest
35.0932,164231,rest
35.0972,163959,rest
35.1012,164524,rest
35.1055,164731,rest
35.1101,163875,rest
35.1135,164032,rest
35.1176,164041,rest
35.1217,164240,rest
35.1264,164458,rest
35.1277,163,rest
35.1299,988,rest
35.1307,164419,rest
35.1340,163908,rest
35.1381,163824,rest
35.1422,164807,rest
35.1463,164029,rest
35.1504,164542,rest
35.1546,163774,rest
35.1586,164210,rest
35.1627,163701,rest
35.1667,163970,rest
35.1709,164188,rest
35.1750,164060,rest
35.1790,164379,rest
35.1831,164164,rest
35.1873,163846,rest
35.1916,164177,rest
35.1955,164146,rest
35.1996,164231,rest
35.2038,164017,rest
35.2083,164408,rest
35.2118,164662,rest
35.2159,163609,rest
35.2200,163935,rest
35.2247,164085,rest
35.2283,163876,rest
35.2323,164348,rest
35.2364,163897,rest
35.2411,163901,rest
35.2447,164529,rest
35.2488,163915,rest
35.2529,164676,rest
35.2544,163,rest
35.2572,10,rest
35.2620,2,rest
35.2621,164222,rest
35.2654,164111,rest
35.2692,164617,rest
35.2735,164216,rest
35.2774,164181,rest
35.2814,164655,rest
35.2855,164014,rest
35.2897,645,rest
35.2941,164025,rest
35.2979,164458,rest
35.3020,164729,rest
35.3074,163757,rest
35.3101,164191,rest
35.3142,164186,rest
35.3183,164331,rest
35.3224,64626,rest
35.3268,164267,rest
35.3308,164472,rest
35.3347,164568,rest
35.3390,1656,rest
35.3431,164567,rest
35.3471,164475,rest
35.3511,164253,rest
35.3554,16398,rest
35.3593,163946,rest
35.3635,164618,rest
35.3676,163906,rest
35.3716,164683,rest
35.3757,163984,rest
35.3798,164427,rest
35.3808,16,rest
35.3838,4359,rest
35.3848,16427,rest
35.3879,0,rest
35.3880,163804,rest
35.3923,164173,rest
35.3961,163948,rest
35.4002,164207,rest
35.4044,164228,rest
35.4089,164463,rest
35.4126,163907,rest
35.4166,163946,rest
35.4207,163929,rest
35.4251,163960,rest
35.4289,163803,rest
35.4330,163746,rest
35.4371,164081,rest
35.4421,164756,rest
35.4454,164287,rest
35.4494,164072,rest
35.4536,163915,rest
35.4576,164554,rest
35.4617,163892,rest
35.4657,163629,rest
35.4699,164555,rest
35.4745,164129,rest
35.4780,164242,rest
35.4821,164099,rest
35.4862,164629,rest
35.4911,163821,rest
35.4944,163968,rest
35.4985,163957,rest
35.5026,164244,rest
35.5072,164584,rest
35.5091,16,rest
35.5109,4046,rest
35.5122,16367,rest
35.5149,6,rest
35.5150,164247,rest
35.5190,164247,rest
35.5239,164283,rest
35.5272,163986,rest
35.5313,164066,rest
35.5354,164302,rest
35.5395,64594,rest
35.5448,164481,rest
35.5482,164054,rest
35.5519,164621,rest
35.5560,644,rest
35.5600,164497,rest
35.5641,164588,rest
35.5682,164511,rest
35.5724,663,rest
35.5771,164300,rest
35.5804,164121,rest
35.5846,164382,rest
35.5891,60,rest
35.5933,164264,rest
35.5969,164120,rest
35.6013,164640,rest
35.6051,163925,rest
35.6091,164416,rest
35.6133,164349,rest
35.6174,164265,rest
35.6214,164585,rest
35.6260,164275,rest
35.6296,164240,rest
35.6337,164689,rest
35.6350,1,rest
35.6378,64207,rest
35.6389,1636,rest
35.6419,93,rest
35.6430,164297,rest
35.6460,163780,rest
35.6501,164926,rest
35.6542,164293,rest
35.6593,164397,rest
35.6624,164130,rest
35.6665,164437,rest
35.6708,164500,rest
35.6747,164051,rest
35.6787,164011,rest
35.6828,164388,rest
35.6870,164538,rest
35.6914,164126,rest
35.6952,163791,rest
35.6993,164569,rest
35.7034,164406,rest
35.7076,164437,rest
35.7115,164286,rest
35.7156,164191,rest
35.7197,164306,rest
35.7239,164507,rest
35.7279,164154,rest
35.7320,164800,rest
35.7361,164054,rest
35.7403,164345,rest
35.7445,164376,rest
35.7485,164394,rest
35.7526,164688,rest
35.7582,163704,rest
35.7608,164248,rest
35.7614,1,rest
35.7648,64684,rest
35.7654,1640,rest
35.7689,03,rest
35.7703,164581,rest
35.7740,164233,rest
35.7772,164150,rest
35.7812,164678,rest
35.7852,164296,rest
35.7899,6,rest
35.7943,163840,rest
35.7976,164376,rest
35.8016,163880,rest
35.8068,630,rest
35.8104,164414,rest
35.8145,163937,rest
35.8184,164313,rest
35.8221,64437,rest
35.8268,164671,rest
35.8313,164156,rest
35.8344,164362,rest
35.8385,164346,rest
35.8433,164468,rest
35.8467,164510,rest
35.8507,164389,rest
35.8549,164428,rest
35.8598,164281,rest
35.8631,164456,rest
35.8672,164191,rest
35.8713,164532,rest
35.8760,164121,rest
35.8796,164460,rest
35.8836,164706,rest
35.8877,164607,rest
35.8918,164148,rest
35.8934,164,rest
35.8958,227,rest
35.8974,164348,rest
35.8999,164381,rest
35.9041,164568,rest
35.9081,164591,rest
35.9122,164175,rest
35.9163,164209,rest
35.9204,164414,rest
35.9253,164061,rest
35.9287,163495,rest
35.9328,163958,rest
35.9368,163475,rest
35.9413,164444,rest
35.9450,164554,rest
35.9491,164339,rest
35.9532,164067,rest
35.9579,164237,rest
35.9613,164048,rest
35.9654,164616,rest
35.9695,163511,rest
35.9741,163820,rest
35.9778,164431,rest
35.9819,164700,rest
35.9859,164151,rest
35.9910,164491,rest
35.9941,163889,rest
35.9982,163913,rest
36.0023,164534,rest
36.0081,164124,rest
36.0106,164128,rest
36.0146,163622,rest
36.0188,163784,rest
36.0205,164,rest
36.0229,04,rest
36.0237,164146,rest
36.0287,164290,rest
36.0312,164248,rest
36.0351,163950,rest
36.0404,13,rest
36.0433,164635,rest
36.0473,163854,rest
36.0515,164475,rest
36.0565,6487,rest
36.0601,164407,rest
36.0640,164577,rest
36.0679,164320,rest
36.0721,635,rest
36.0772,164246,rest
36.0809,164370,rest
36.0844,163708,rest
36.0884,6,rest
36.0940,164369,rest
36.0972,164053,rest
36.1006,164461,rest
36.1064,164,rest
36.1099,164455,rest
36.1134,164807,rest
36.1171,164132,rest
36.1211,164422,rest
36.1253,164181,rest
36.1298,164321,rest
36.1334,164553,rest
36.1375,164555,rest
36.1422,164692,rest
36.1458,163791,rest
36.1464,163,rest
36.1498,696,rest
36.1514,16489,rest
36.1539,8,rest
36.1540,164122,rest
36.1581,164790,rest
36.1622,164192,rest
36.1663,164729,rest
36.1705,164778,rest
36.1750,164452,rest
36.1790,164770,rest
36.1826,164401,rest
36.1867,164966,rest
36.1915,164463,rest
36.1948,164357,rest
36.1989,164555,rest
36.2032,164057,rest
36.2078,164221,rest
36.2112,164010,rest
36.2153,164238,rest
36.2194,164174,rest
36.2240,164363,rest
36.2276,163871,rest
36.2317,164520,rest
36.2358,164030,rest
36.2399,63916,rest
36.2454,164732,rest
36.2483,164701,rest
36.2522,164221,rest
36.2563,163855,rest
36.2604,164743,rest
36.2644,164777,rest
36.2686,164029,rest
36.2737,164890,rest
36.2739,16,rest
36.2768,4361,rest
36.2780,16398,rest
36.2808,6,rest
36.2809,164518,rest
36.2849,164359,rest
36.2894,164374,rest
36.2936,164143,rest
36.2973,164489,rest
36.3014,164701,rest
36.3065,6435,rest
36.3102,164452,rest
36.3141,164747,rest
36.3178,163741,rest
36.3219,36,rest
36.3265,6416,rest
36.3314,165154,rest
36.3341,163744,rest
36.3382,6510,rest
36.3429,164555,rest
36.3465,164533,rest
36.3505,164261,rest
36.3546,163867,rest
36.3596,164425,rest
36.3627,164287,rest
36.3668,164630,rest
36.3710,164131,rest
36.3751,163886,rest
36.3791,164777,rest
36.3832,164425,rest
36.3874,164862,rest
36.3915,165127,rest
36.3955,164433,rest
36.3996,164250,rest
36.4011,16,rest
36.4038,4746,rest
36.4051,16462,rest
36.4079,6,rest
36.4079,163975,rest
36.4119,164035,rest
36.4160,164352,rest
36.4201,164862,rest
36.4243,163854,rest
36.4283,163901,rest
36.4324,163656,rest
36.4365,164248,rest
36.4407,164648,rest
36.4447,164501,rest
36.4487,164386,rest
36.4529,163947,rest
36.4571,163702,rest
36.4611,164378,rest
36.4651,164545,rest
36.4693,164261,rest
36.4740,164020,rest
36.4775,164515,rest
36.4815,164842,rest
36.4856,164745,rest
36.4908,164344,rest
36.4938,164245,rest
36.4979,164590,rest
36.5021,165068,rest
36.5074,164512,rest
36.5102,164126,rest
36.5143,163956,rest
36.5185,164722,rest
36.5226,164663,rest
36.5269,165036,rest
36.5276,1,rest
36.5307,64848,rest
36.5316,1646,rest
36.5347,22,rest
36.5366,164196,rest
36.5404,164534,rest
36.5430,164268,rest
36.5471,163944,rest
36.5512,164415,rest
36.5553,64781,rest
36.5594,163784,rest
36.5637,164553,rest
36.5676,164408,rest
36.5718,164989,rest
36.5761,164280,rest
36.5798,165279,rest
36.5839,164145,rest
36.5880,64486,rest
36.5923,164567,rest
36.5967,164471,rest
36.6003,164723,rest
36.6045,164400,rest
36.6089,164530,rest
36.6126,164690,rest
36.6167,164555,rest
36.6208,164935,rest
36.6250,164808,rest
36.6291,164161,rest
36.6331,164889,rest
36.6372,164033,rest
36.6416,164306,rest
36.6453,164551,rest
36.6495,164366,rest
36.6536,164811,rest
36.6541,1,rest
36.6578,64344,rest
36.6592,1647,rest
36.6618,60,rest
36.6633,164560,rest
36.6659,164131,rest
36.6700,164581,rest
36.6740,164680,rest
36.6781,164620,rest
36.6822,164085,rest
36.6865,164370,rest
36.6907,164722,rest
36.6946,163818,rest
36.6987,164478,rest
36.7028,164906,rest
36.7069,164221,rest
36.7110,164672,rest
36.7151,163713,rest
36.7191,164613,rest
36.7236,164785,rest
36.7274,164436,rest
36.7314,164678,rest
36.7355,164443,rest
36.7403,164761,rest
36.7437,165101,rest
36.7477,164448,rest
36.7518,164609,rest
36.7566,164134,rest
36.7601,164521,rest
36.7641,164071,rest
36.7683,164345,rest
36.7735,164547,rest
36.7766,163809,rest
36.7806,164739,rest
36.7819,1,rest
36.7846,64495,rest
36.7857,1645,rest
36.7887,30,rest
36.7903,164959,rest
36.7928,164234,rest
36.7969,164663,rest
36.8010,164821,rest
36.8054,164260,rest
36.8093,164267,rest
36.8134,163900,rest
36.8175,164474,rest
36.8221,6512,rest
36.8265,164468,rest
36.8298,165073,rest
36.8339,164571,rest
36.8379,64063,rest
36.8424,164727,rest
36.8466,164313,rest
36.8505,164628,rest
36.8545,163854,rest
36.8592,165002,rest
36.8625,164471,rest
36.8665,164388,rest
36.8707,164450,rest
36.8757,163980,rest
36.8788,164810,rest
36.8829,164623,rest
36.8871,164496,rest
36.8914,164013,rest
36.8952,163821,rest
36.8993,164347,rest
36.9035,164583,rest
36.9076,164857,rest
36.9117,163804,rest
36.9138,164,rest
36.9157,380,rest
36.9167,164384,rest
36.9198,164505,rest
36.9250,164842,rest
36.9281,164364,rest
36.9322,164356,rest
36.9363,164434,rest
36.9413,164855,rest
36.9444,164671,rest
36.9485,163952,rest
36.9526,163981,rest
36.9567,164783,rest
36.9607,165156,rest
36.9648,164199,rest
36.9689,164094,rest
36.9732,164321,rest
36.9771,164828,rest
36.9812,164507,rest
36.9853,163994,rest
36.9899,164373,rest
36.9936,164009,rest
36.9976,164641,rest
37.0017,164373,rest
37.0058,64746,rest
37.0121,164275,rest
37.0142,164794,rest
37.0182,164444,rest
37.0226,164338,rest
37.0263,164665,rest
37.0304,164151,rest
37.0345,164739,rest
37.0402,66616,rest
37.0439,30,rest
37.0440,164575,rest
37.0475,164514,rest
37.0509,164298,rest
37.0550,64700,rest
37.0592,163874,rest
37.0646,164481,rest
37.0672,164071,rest
37.0716,164687,rest
37.0762,164221,rest
37.0795,163936,rest
37.0836,164152,rest
37.0878,164055,rest
37.0919,164901,rest
37.0959,164001,rest
37.1000,164194,rest
37.1041,164486,rest
37.1082,164191,rest
37.1123,165516,rest
37.1164,164608,rest
37.1206,164235,rest
37.1249,164371,rest
37.1287,164851,rest
37.1328,164635,rest
37.1369,164569,rest
37.1410,164894,rest
37.1450,164757,rest
37.1491,164708,rest
37.1533,164601,rest
37.1577,164737,rest
37.1615,165221,rest
37.1656,164624,rest
37.1667,16,rest
37.1697,4625,rest
37.1711,16420,rest
37.1738,4,rest
37.1739,164277,rest
37.1779,164563,rest
37.1819,164276,rest
37.1860,164123,rest
37.1910,164420,rest
37.1942,164409,rest
37.1983,164563,rest
37.2024,165322,rest
37.2072,164561,rest
37.2106,164152,rest
37.2147,163687,rest
37.2188,164682,rest
37.2235,163805,rest
37.2270,164331,rest
37.2311,164523,rest
37.2352,164157,rest
37.2399,164825,rest
37.2434,164694,rest
37.2475,164938,rest
37.2515,164529,rest
37.2572,164200,rest
37.2599,165051,rest
37.2639,164321,rest
37.2680,164712,rest
37.2769,164232,rest
37.2803,164646,rest
37.2843,164742,rest
37.2889,164223,rest
37.2926,164833,rest
37.2940,16,rest
37.2967,4235,rest
37.2981,1649,rest
37.3008,31,rest
37.3030,164507,rest
37.3054,164017,rest
37.3089,164167,rest
37.3130,163911,rest
37.3171,163683,rest
37.3260,164659,rest
37.3294,164512,rest
37.3336,164259,rest
37.3388,62,rest
37.3422,164423,rest
37.3460,164540,rest
37.3500,164538,rest
37.3550,164,rest
37.3590,164401,rest
37.3621,165021,rest
37.3662,164440,rest
37.3704,164646,rest
37.3745,164465,rest
37.3786,163980,rest
37.3826,164544,rest
37.3868,164311,rest
37.3912,164039,rest
37.3951,164185,rest
37.3991,165075,rest
37.4032,164922,rest
37.4075,164342,rest
37.4115,164299,rest
37.4154,164275,rest
37.4196,164725,rest
37.4213,1,rest
37.4237,65052,rest
37.4254,1647,rest
37.4277,75,rest
37.4284,164419,rest
37.4318,164289,rest
37.4359,164761,rest
37.4412,165139,rest
37.4441,164854,rest
37.4482,164170,rest
37.4526,164566,rest
37.4567,164757,rest
37.4605,165033,rest
37.4645,164834,rest
37.4687,164216,rest
37.4737,164477,rest
37.4771,164346,rest
37.4809,164931,rest
37.4850,165148,rest
37.4893,164867,rest
37.4932,163957,rest
37.4973,163711,rest
37.5014,164433,rest
37.5063,164777,rest
37.5096,164140,rest
37.5137,164687,rest
37.5178,164055,rest
37.5224,164559,rest
37.5262,164783,rest
37.5301,164186,rest
37.5341,164532,rest
37.5399,6422,rest
37.5429,164582,rest
37.5466,164650,rest
37.5471,1,rest
37.5506,63585,rest
37.5512,1649,rest
37.5551,67,rest
37.5583,164448,rest
37.5588,164551,rest
37.5629,164483,rest
37.5670,163859,rest
37.5711,64596,rest
37.5761,164502,rest
37.5809,164476,rest
37.5834,164353,rest
37.5900,164416,rest
37.5924,164836,rest
37.5956,163851,rest
37.5997,164932,rest
37.6040,164,rest
37.6084,163901,rest
37.6125,165062,rest
37.6169,164923,rest
37.6202,164600,rest
37.6246,165124,rest
37.6284,164168,rest
37.6325,164666,rest
37.6368,164019,rest
37.6408,164777,rest
37.6448,164539,rest
37.6488,164693,rest
37.6530,164279,rest
37.6577,164759,rest
37.6611,164601,rest
37.6652,164941,rest
37.6694,164893,rest
37.6746,164698,rest
37.6777,164353,rest
37.6789,164,rest
37.6816,224,rest
37.6829,164659,rest
37.6859,164228,rest
37.6899,164418,rest
37.6940,164205,rest
37.6981,164473,rest
37.7025,164630,rest
37.7067,164063,rest
37.7104,164661,rest
37.7144,164152,rest
37.7185,164589,rest
37.7235,164699,rest
37.7267,163905,rest
37.7308,164631,rest
37.7348,163989,rest
37.7390,165118,rest
37.7431,164724,rest
37.7471,164537,rest
37.7513,164462,rest
37.7567,164743,rest
37.7596,164698,rest
37.7637,165081,rest
37.7678,164403,rest
37.7718,65263,rest
37.7759,163710,rest
37.7800,164289,rest
37.7840,164405,rest
37.7894,164884,rest
37.7923,164757,rest
37.7964,164270,rest
37.8004,164693,rest
37.8046,64348,rest
37.8056,1,rest
37.8088,4609,rest
37.8101,16491,rest
37.8127,5,rest
37.8128,164594,rest
37.8168,164822,rest
37.8218,650,rest
37.8259,164458,rest
37.8292,164676,rest
37.8332,164235,rest
37.8373,64755,rest
37.8417,164762,rest
37.8461,164494,rest
37.8497,164019,rest
37.8538,16286,rest
37.8587,165265,rest
37.8624,164717,rest
37.8659,164634,rest
37.8701,164236,rest
37.8742,163939,rest
37.8784,164770,rest
37.8824,164502,rest
37.8864,164806,rest
37.8911,164549,rest
37.8947,163811,rest
37.8988,164340,rest
37.9029,164963,rest
37.9069,165019,rest
37.9110,164232,rest
37.9151,164103,rest
37.9192,164481,rest
37.9240,164731,rest
37.9275,164113,rest
37.9316,164122,rest
37.9333,16,rest
37.9356,4183,rest
37.9361,16473,rest
37.9399,0,rest
37.9401,164441,rest
37.9438,164639,rest
37.9479,163987,rest
37.9520,164360,rest
37.9563,164912,rest
37.9601,164773,rest
37.9642,164339,rest
37.9683,164492,rest
37.9726,164804,rest
37.9766,164574,rest
37.9806,164253,rest
37.9847,164675,rest
37.9888,64647,rest
37.9936,163968,rest
37.9972,164540,rest
38.0011,164569,rest
38.0056,164370,rest
38.0093,164451,rest
38.0134,163959,rest
38.0175,164605,rest
38.0216,64963,rest
38.0269,164867,rest
38.0306,164183,rest
38.0338,165340,rest
38.0381,6402,rest
38.0425,164308,rest
38.0462,164967,rest
38.0506,164526,rest
38.0559,52,rest
38.0585,164272,rest
38.0597,16,rest
38.0626,4261,rest
38.0633,1647,rest
38.0666,75,rest
38.0673,164180,rest
38.0724,165288,rest
38.0748,164364,rest
38.0789,164977,rest
38.0830,164345,rest
38.0872,164279,rest
38.0912,164975,rest
38.0953,164077,rest
38.0994,164341,rest
38.1036,164996,rest
38.1076,164445,rest
38.1117,164587,rest
38.1158,164398,rest
38.1199,164397,rest
38.1241,164614,rest
38.1281,164260,rest
38.1323,164775,rest
38.1364,164353,rest
38.1413,164713,rest
38.1445,164230,rest
38.1486,164438,rest
38.1529,165141,rest
38.1571,164893,rest
38.1608,164732,rest
38.1649,164321,rest
38.1690,164059,rest
38.1736,165051,rest
38.1773,164158,rest
38.1813,164550,rest
38.1856,164829,rest
38.1859,1,rest
38.1901,63931,rest
38.1904,1646,rest
38.1936,05,rest
38.1945,164221,rest
38.1977,164879,rest
38.2018,164355,rest
38.2067,164448,rest
38.2100,164847,rest
38.2141,164542,rest
38.2182,164860,rest
38.2225,164707,rest
38.2267,164638,rest
38.2306,164454,rest
38.2346,164632,rest
38.2395,164172,rest
38.2428,164923,rest
38.2468,165182,rest
38.2509,164679,rest
38.2564,164275,rest
38.2591,164448,rest
38.2633,164579,rest
38.2674,164667,rest
38.2715,64741,rest
38.2756,164925,rest
38.2797,164129,rest
38.2838,164619,rest
38.2889,164806,rest
38.2919,164556,rest
38.2960,164643,rest
38.3001,164030,rest
38.3063,68,rest
38.3091,164372,rest
38.3128,164676,rest
38.3130,1,rest
38.3166,64434,rest
38.3169,1649,rest
38.3206,4,rest
38.3221,647,rest
38.3254,164231,rest
38.3295,164622,rest
38.3329,164336,rest
38.3371,16498,rest
38.3420,164950,rest
38.3460,164695,rest
38.3494,164453,rest
38.3534,164487,rest
38.3574,164301,rest
38.3615,164861,rest
38.3656,164588,rest
38.3698,164325,rest
38.3740,164078,rest
38.3780,164634,rest
38.3820,164844,rest
38.3862,164666,rest
38.3913,164255,rest
38.3945,164062,rest
38.3985,164970,rest
38.4026,164630,rest
38.4073,164955,rest
38.4108,163937,rest
38.4148,164414,rest
38.4190,164495,rest
38.4237,164713,rest
38.4274,164414,rest
38.4312,163866,rest
38.4353,164473,rest
38.4400,164188,rest
38.4405,1,rest
38.4435,64417,rest
38.4446,164,rest
38.4476,922,rest
38.4486,163699,rest
38.4520,164679,rest
38.4564,164855,rest
38.4598,165059,rest
38.4639,165115,rest
38.4681,163901,rest
38.4725,164605,rest
38.4762,164384,rest
38.4803,164801,rest
38.4844,164510,rest
38.4887,163617,rest
38.4926,164915,rest
38.4967,164178,rest
38.5008,164234,rest
38.5064,64188,rest
38.5103,163835,rest
38.5138,163952,rest
38.5174,163969,rest
38.5214,31,rest
38.5265,164267,rest
38.5296,164680,rest
38.5336,164924,rest
38.5383,164416,rest
38.5418,164424,rest
38.5459,164213,rest
38.5500,164164,rest
38.5555,6,rest
38.5582,164823,rest
38.5622,164645,rest
38.5664,164530,rest
38.5712,642914,rest
38.5747,28,rest
38.5763,164389,rest
38.5794,164823,rest
38.5831,164111,rest
38.5871,16369,rest
38.5920,164428,rest
38.5959,164739,rest
38.5993,164346,rest
38.6032,164500,rest
38.6077,164509,rest
38.6114,164156,rest
38.6156,164648,rest
38.6198,164761,rest
38.6245,164849,rest
38.6278,164349,rest
38.6319,164669,rest
38.6361,164335,rest
38.6411,164847,rest
38.6442,164559,rest
38.6483,164076,rest
38.6527,164274,rest
38.6570,164564,rest
38.6607,164267,rest
38.6647,164381,rest
38.6688,164276,rest
38.6728,164679,rest
38.6769,164027,rest
38.6810,164215,rest
38.6851,164643,rest
38.6898,164706,rest
38.6934,164943,rest
38.6975,164150,rest
38.6982,164,rest
38.7017,370,rest
38.7021,165145,rest
38.7060,164144,rest
38.7098,164774,rest
38.7139,164528,rest
38.7179,164255,rest
38.7234,165063,rest
38.7261,164708,rest
38.7301,163926,rest
38.7343,164183,rest
38.7401,164366,rest
38.7425,164405,rest
38.7466,164573,rest
38.7506,164678,rest
38.7552,164469,rest
38.7588,164717,rest
38.7629,164906,rest
38.7670,164517,rest
38.7712,64629,rest
38.7773,164110,rest
38.7795,164624,rest
38.7835,164454,rest
38.7877,6973,rest
38.7930,164909,rest
38.7962,164654,rest
38.7998,164501,rest
38.8040,164633,rest
38.8083,164586,rest
38.8122,164795,rest
38.8162,164571,rest
38.8203,64392,rest
38.8248,164676,rest
38.8259,16,rest
38.8286,4274,rest
38.8298,16513,rest
38.8325,1,rest
38.8326,164103,rest
38.8367,164006,rest
38.8411,164907,rest
38.8448,164648,rest
38.8489,164412,rest
38.8531,164690,rest
38.8582,164483,rest
38.8612,165272,rest
38.8653,164669,rest
38.8695,164477,rest
38.8744,164316,rest
38.8776,164577,rest
38.8817,164749,rest
38.8858,164597,rest
38.8907,164261,rest
38.8940,164355,rest
38.8981,164726,rest
38.9024,164611,rest
38.9065,164489,rest
38.9104,164559,rest
38.9145,164034,rest
38.9187,164194,rest
38.9230,164473,rest
38.9268,164394,rest
38.9309,164119,rest
38.9350,164489,rest
38.9400,164866,rest
38.9432,164578,rest
38.9473,164639,rest
38.9514,164557,rest
38.9524,16,rest
38.9571,4675,rest
38.9583,16455,rest
38.9595,4,rest
38.9603,164502,rest
38.9637,164863,rest
38.9677,164225,rest
38.9719,164204,rest
38.9759,164742,rest
38.9800,164804,rest
38.9841,164795,rest
38.9895,164139,rest
38.9924,164832,rest
38.9965,164511,rest
39.0005,165429,rest
39.0063,6445,rest
39.0097,164191,rest
39.0131,164890,rest
39.0170,163870,rest
39.0211,6460,rest
39.0254,164119,rest
39.0292,164376,rest
39.0333,164782,rest
39.0376,164566,rest
39.0419,164922,rest
39.0456,164278,rest
39.0497,164307,rest
39.0549,649,rest
39.0590,164075,rest
39.0619,164056,rest
39.0660,164862,rest
39.0702,6420,rest
39.0745,164547,rest
39.0785,164214,rest
39.0793,1,rest
39.0825,64375,rest
39.0838,1644,rest
39.0865,51,rest
39.0879,164329,rest
39.0916,164378,rest
39.0947,164757,rest
39.0988,164689,rest
39.1029,165016,rest
39.1071,164859,rest
39.1111,165303,rest
39.1152,164879,rest
39.1193,164647,rest
39.1234,165002,rest
39.1275,164707,rest
39.1315,164790,rest
39.1357,164687,rest
39.1399,164604,rest
39.1440,164744,rest
39.1481,164838,rest
39.1522,164753,rest
39.1568,164817,rest
39.1603,164946,rest
39.1645,165213,rest
39.1687,165101,rest
39.1732,164633,rest
39.1770,165171,rest
39.1808,164867,rest
39.1850,164540,rest
39.1892,164733,rest
39.1930,165232,rest
39.1971,164500,rest
39.2012,164921,rest
39.2056,165072,rest
39.2064,1,rest
39.2095,64649,rest
39.2104,164,rest
39.2135,557,rest
39.2144,164507,rest
39.2176,164847,rest
39.2228,164867,rest
39.2258,165296,rest
39.2300,165226,rest
39.2340,164722,rest
39.2381,64863,rest
39.2433,164619,rest
39.2472,164646,rest
39.2505,164785,rest
39.2546,6423,rest
39.2590,165038,rest
39.2630,164532,rest
39.2677,164752,rest
39.2710,6000,rest
39.2751,164757,rest
39.2794,164465,rest
39.2832,165169,rest
39.2873,164309,rest
39.2917,164501,rest
39.2957,164443,rest
39.2995,164853,rest
39.3050,650,rest
39.3089,164619,rest
39.3125,164918,rest
39.3160,164524,rest
39.3202,164514,rest
39.3251,164331,rest
39.3283,164464,rest
39.3323,164592,rest
39.3410,987,rest
39.3440,165121,rest
39.3447,164909,rest
39.3487,164168,rest
39.3541,16416,rest
39.3569,164546,rest
39.3609,164603,rest
39.3652,164525,rest
39.3701,16426,rest
39.3742,165000,rest
39.3778,164828,rest
39.3815,164453,rest
39.3856,164858,rest
39.3901,164214,rest
39.3937,163826,rest
39.3978,164787,rest
39.4020,164904,rest
39.4071,164736,rest
39.4102,163998,rest
39.4142,164501,rest
39.4184,164175,rest
39.4230,165055,rest
39.4266,164838,rest
39.4306,164218,rest
39.4348,164478,rest
39.4395,164588,rest
39.4429,164894,rest
39.4470,164821,rest
39.4511,164336,rest
39.4553,164535,rest
39.4593,165613,rest
39.4634,164944,rest
39.4643,164,rest
39.4675,934,rest
39.4684,164681,rest
39.4718,164856,rest
39.4758,164657,rest
39.4798,164700,rest
39.4840,165217,rest
39.4881,164611,rest
39.4926,165180,rest
39.4961,164441,rest
39.5002,164891,rest
39.5048,164777,rest
39.5085,164043,rest
39.5126,165124,rest
39.5166,164631,rest
39.5210,164830,rest
39.5248,164737,rest
39.5289,164202,rest
39.5330,165427,rest
39.5371,63993,rest
39.5412,64957,rest
39.5453,64792,rest
39.5500,164638,rest
39.5539,164925,rest
39.5575,164794,rest
39.5616,164891,rest
39.5657,164878,rest
39.5704,1,rest
39.5739,164917,rest
39.5780,164374,rest
39.5821,164826,rest
39.5862,64523,rest
39.5904,164561,rest
39.5916,16,rest
39.5973,831,rest
39.5986,164517,rest
39.5987,164529,rest
39.6027,6460,rest
39.6075,164758,rest
39.6110,165141,rest
39.6149,164898,rest
39.6190,164764,rest
39.6240,164951,rest
39.6272,164712,rest
39.6313,164818,rest
39.6354,164566,rest
39.6396,165231,rest
39.6437,165281,rest
39.6478,164369,rest
39.6518,165084,rest
39.6568,164895,rest
39.6599,165410,rest
39.6640,165002,rest
39.6682,164853,rest
39.6729,164926,rest
39.6764,164533,rest
39.6804,164833,rest
39.6846,165670,rest
39.6896,164956,rest
39.6927,165197,rest
39.6968,164549,rest
39.7010,164755,rest
39.7060,164764,rest
39.7091,164683,rest
39.7132,165085,rest
39.7174,164629,rest
39.7183,16,rest
39.7219,4926,rest
39.7223,16483,rest
39.7255,1,rest
39.7255,164594,rest
39.7295,164660,rest
39.7336,164198,rest
39.7383,164727,rest
39.7421,164977,rest
39.7461,164738,rest
39.7500,164895,rest
39.7549,164740,rest
39.7582,165320,rest
39.7623,164711,rest
39.7664,165077,rest
39.7707,164939,rest
39.7746,164150,rest
39.7787,164788,rest
39.7828,165416,rest
39.7871,64342,rest
39.7916,165001,rest
39.7960,164667,rest
39.7992,164665,rest
39.8037,165226,rest
39.8075,164739,rest
39.8116,164658,rest
39.8157,164296,rest
39.8198,647,rest
39.8238,165046,rest
39.8285,165196,rest
39.8321,164681,rest
39.8362,164972,rest
39.8401,165077,rest
39.8444,164916,rest
39.8450,16,rest
39.8483,5388,rest
39.8490,1642,rest
39.8541,459,rest
39.8565,164466,rest
39.8606,164532,rest
39.8647,164854,rest
39.8689,164309,rest
39.8729,163893,rest
39.8770,164337,rest
39.8811,165287,rest
39.8853,164598,rest
39.8898,164634,rest
39.8935,164468,rest
39.8976,164571,rest
39.9018,165153,rest
39.9058,164784,rest
39.9099,164313,rest
39.9141,164196,rest
39.9181,164631,rest
39.9223,165016,rest
39.9261,164660,rest
39.9302,164365,rest
39.9343,164047,rest
39.9396,164617,rest
39.9427,164659,rest
39.9468,164754,rest
39.9511,163790,rest
39.9552,164813,rest
39.9589,164720,rest
39.9630,164883,rest
39.9671,164886,rest
39.9725,164593,rest
39.9747,1,rest
39.9753,64930,rest
39.9766,1649,rest
39.9794,86,rest
39.9796,165165,rest
39.9835,164649,rest
39.9890,64,rest
39.9917,164811,rest
39.9959,164765,rest
39.9999,164893,rest
40.0050,165429,rest
40.0082,164535,rest
40.0122,165032,rest
40.0162,164660,rest
40.0205,658,rest
40.0247,165322,rest
40.0286,164216,rest
40.0326,164921,rest
40.0383,6630,rest
40.0410,164685,rest
40.0451,165538,rest
40.0492,164442,rest
40.0533,642,rest
40.0576,165021,rest
40.0620,165203,rest
40.0655,164855,rest
40.0696,6470,rest
40.0742,164443,rest
40.0779,164566,rest
40.0820,165059,rest
40.0867,64,rest
40.0907,164753,rest
40.0942,164720,rest
40.0982,164422,rest
40.0988,1,rest
40.1076,94,rest
40.1087,164928,rest
40.1107,164783,rest
40.1147,164309,rest
40.1187,164631,rest
40.1231,165165,rest
40.1270,164565,rest
40.1311,164542,rest
40.1352,164614,rest
40.1402,165116,rest
40.1434,164858,rest
40.1474,164919,rest
40.1515,164357,rest
40.1556,164217,rest
40.1602,164832,rest
40.1637,164995,rest
40.1679,164598,rest
40.1721,164934,rest
40.1761,164531,rest
40.1801,164735,rest
40.1844,165012,rest
40.1885,164397,rest
40.1924,164870,rest
40.1965,164497,rest
40.2006,164706,rest
40.2051,164536,rest
40.2089,164560,rest
40.2130,164368,rest
40.2171,164155,rest
40.2214,164285,rest
40.2253,164817,rest
40.2293,164279,rest
40.2303,164,rest
40.2334,795,rest
40.2343,164940,rest
40.2380,164803,rest
40.2417,164783,rest
40.2457,164569,rest
40.2497,164818,rest
40.2543,164474,rest
40.2579,164979,rest
40.2620,165161,rest
40.2661,164686,rest
40.2718,6,rest
40.2745,164242,rest
40.2786,164990,rest
40.2825,165033,rest
40.2871,164907,rest
40.2907,164959,rest
40.2948,164575,rest
40.2989,165051,rest
40.3030,64877,rest
40.3075,164453,rest
40.3113,165340,rest
40.3153,164237,rest
40.3201,6496,rest
40.3237,164831,rest
40.3276,164845,rest
40.3318,164511,rest
40.3359,1483,rest
40.3407,165050,rest
40.3440,164970,rest
40.3481,164960,rest
40.3532,6672,rest
40.3579,164632,rest
40.3590,164,rest
40.3604,666,rest
40.3610,165037,rest
40.3644,164628,rest
40.3686,164581,rest
40.3729,164316,rest
40.3767,165098,rest
40.3808,164699,rest
40.3850,164690,rest
40.3898,164454,rest
40.3932,164411,rest
40.3973,164692,rest
40.4014,164494,rest
40.4055,164840,rest
40.4096,163865,rest
40.4137,164415,rest
40.4177,164957,rest
40.4226,164958,rest
40.4260,164275,rest
40.4300,164250,rest
40.4342,164163,rest
40.4390,164357,rest
40.4422,165105,rest
40.4463,164968,rest
40.4506,164348,rest
40.4548,164195,rest
40.4587,164689,rest
40.4628,164635,rest
40.4670,164306,rest
40.4721,164208,rest
40.4750,164516,rest
40.4791,164419,rest
40.4832,164968,rest
40.4846,164,rest
40.4888,652,rest
40.4906,16493,rest
40.4914,6,rest
40.4915,164492,rest
40.4956,164536,rest
40.4996,164877,rest
40.5047,164126,rest
40.5078,164367,rest
40.5119,164741,rest
40.5160,164437,rest
40.5217,64,rest
40.5247,163917,rest
40.5285,164414,rest
40.5325,164413,rest
40.5367,164561,rest
40.5405,164535,rest
40.5448,164448,rest
40.5488,164066,rest
40.5530,688,rest
40.5570,6426,rest
40.5610,164836,rest
40.5654,164554,rest
40.5695,164554,rest
40.5733,164900,rest
40.5779,163957,rest
40.5816,164457,rest
40.5857,666,rest
40.5909,164234,rest
40.5938,165098,rest
40.5979,164817,rest
40.6038,16490,rest
40.6074,165016,rest
40.6105,164592,rest
40.6114,16,rest
40.6143,5589,rest
40.6144,16431,rest
40.6185,8,rest
40.6233,164137,rest
40.6274,164560,rest
40.6308,164699,rest
40.6348,164292,rest
40.6390,164315,rest
40.6429,165029,rest
40.6470,164262,rest
40.6512,164520,rest
40.6556,164731,rest
40.6594,164769,rest
40.6635,164393,rest
40.6677,164510,rest
40.6718,164376,rest
40.6757,163988,rest
40.6798,164707,rest
40.6842,164883,rest
40.6883,164338,rest
40.6921,164834,rest
40.6961,163925,rest
40.7004,164580,rest
40.7051,164550,rest
40.7086,164099,rest
40.7127,165172,rest
40.7170,163977,rest
40.7212,164959,rest
40.7250,164530,rest
40.7290,164798,rest
40.7330,164742,rest
40.7381,164115,rest
40.7403,16,rest
40.7413,4693,rest
40.7423,16497,rest
40.7453,0,rest
40.7463,164691,rest
40.7494,164792,rest
40.7536,64422,rest
40.7584,164503,rest
40.7618,164520,rest
40.7658,164626,rest
40.7701,164851,rest
40.7743,164136,rest
40.7781,164651,rest
40.7822,164661,rest
40.7863,64690,rest
40.7904,164705,rest
40.7953,164114,rest
40.7987,164454,rest
40.8027,64713,rest
40.8070,164755,rest
40.8120,164833,rest
40.8151,164366,rest
40.8232,164840,rest
40.8275,164976,rest
40.8314,164727,rest
40.8370,64887,rest
40.8408,164875,rest
40.8437,164911,rest
40.8482,164285,rest
40.8519,164851,rest
40.8567,164348,rest
40.8603,164453,rest
40.8641,164829,rest
40.8648,16,rest
40.8683,5029,rest
40.8687,16413,rest
40.8724,7,rest
40.8725,164670,rest
40.8765,165028,rest
40.8805,164476,rest
40.8846,164916,rest
40.8895,164321,rest
40.8928,164659,rest
40.8969,165049,rest
40.9011,164550,rest
40.9051,164824,rest
40.9093,164568,rest
40.9134,164570,rest
40.9176,164622,rest
40.9215,164352,rest
40.9255,164673,rest
40.9296,163845,rest
40.9338,164539,rest
40.9381,164647,rest
40.9421,164719,rest
40.9461,164975,rest
40.9504,164717,rest
40.9556,164281,rest
40.9585,163929,rest
40.9625,164570,rest
40.9665,164401,rest
40.9713,163564,rest
40.9747,164513,rest
40.9788,165052,rest
40.9829,164546,rest
40.9882,165035,rest
40.9911,164387,rest
40.9931,16,rest
40.9952,4188,rest
40.9964,16455,rest
40.9992,9,rest
41.0015,164327,rest
41.0041,165015,rest
41.0076,164460,rest
41.0117,164737,rest
41.0157,164595,rest
41.0219,66,rest
41.0246,164485,rest
41.0287,164265,rest
41.0321,165203,rest
41.0363,6428,rest
41.0414,164686,rest
41.0449,164719,rest
41.0489,163826,rest
41.0528,164831,rest
41.0566,164610,rest
41.0607,164643,rest
41.0648,165149,rest
41.0692,74,rest
41.0746,164809,rest
41.0772,163986,rest
41.0813,164930,rest
41.0865,644,rest
41.0900,164283,rest
41.0941,164825,rest
41.0976,164573,rest
41.1017,165077,rest
41.1062,165012,rest
41.1099,164636,rest
41.1139,164886,rest
41.1182,164219,rest
41.1200,1,rest
41.1224,64937,rest
41.1229,1648,rest
41.1263,12,rest
41.1270,164348,rest
41.1304,165249,rest
41.1345,164114,rest
41.1388,164487,rest
41.1427,164706,rest
41.1467,164600,rest
41.1509,163946,rest
41.1549,164597,rest
41.1590,164821,rest
41.1631,164940,rest
41.1676,164622,rest
41.1714,164557,rest
41.1755,164359,rest
41.1796,164690,rest
41.1837,164853,rest
41.1879,165017,rest
41.1919,165026,rest
41.1960,164823,rest
41.2000,164468,rest
41.2042,165139,rest
41.2082,165115,rest
41.2124,164851,rest
41.2163,164794,rest
41.2214,164937,rest
41.2247,165002,rest
41.2287,164512,rest
41.2327,164999,rest
41.2370,165026,rest
41.2410,164728,rest
41.2451,165135,rest
41.2455,1,rest
41.2491,64960,rest
41.2495,1645,rest
41.2543,34,rest
41.2545,164801,rest
41.2573,164341,rest
41.2614,165008,rest
41.2655,164562,rest
41.2751,164679,rest
41.2779,164734,rest
41.2820,164597,rest
41.2863,164772,rest
41.2902,164361,rest
41.2942,164920,rest
41.2983,164895,rest
41.3037,165005,rest
41.3065,164866,rest
41.3106,164814,rest
41.3146,164806,rest
41.3188,6581,rest
41.3246,164893,rest
41.3271,164880,rest
41.3311,164625,rest
41.3353,1664,rest
41.3396,164809,rest
41.3441,165197,rest
41.3476,164894,rest
41.3516,96,rest
41.3569,164644,rest
41.3600,164470,rest
41.3639,164423,rest
41.3682,164893,rest
41.3721,165136,rest
41.3742,1,rest
41.3761,64673,rest
41.3771,1648,rest
41.3802,35,rest
41.3813,164804,rest
41.3844,164923,rest
41.3885,164234,rest
41.3926,164287,rest
41.3967,165065,rest
41.4008,164892,rest
41.4048,164715,rest
41.4089,164528,rest
41.4130,164618,rest
41.4171,164723,rest
41.4214,164714,rest
41.4253,164486,rest
41.4294,163820,rest
41.4334,164152,rest
41.4376,164945,rest
41.4416,164797,rest
41.4457,165009,rest
41.4500,164517,rest
41.4548,164262,rest
41.4580,164630,rest
41.4621,164572,rest
41.4662,164151,rest
41.4705,164648,rest
41.4744,164410,rest
41.4785,165138,rest
41.4826,164788,rest
41.4877,165065,rest
41.4910,164275,rest
41.4950,164971,rest
41.4990,165015,rest
41.4993,1,rest
41.5032,4779,rest
41.5046,164,rest
41.5072,29,rest
41.5089,164704,rest
41.5119,165010,rest
41.5154,164578,rest
41.5196,6440,rest
41.5240,165448,rest
41.5276,164727,rest
41.5318,165594,rest
41.5363,64678,rest
41.5401,164856,rest
41.5441,164826,rest
41.5482,163848,rest
41.5526,165094,rest
41.5563,164878,rest
41.5604,165087,rest
41.5645,164964,rest
41.5689,14799,rest
41.5757,164641,rest
41.5770,164890,rest
41.5810,165038,rest
41.5850,64932,rest
41.5903,164795,rest
41.5933,165050,rest
41.5973,164844,rest
41.6014,164769,rest
41.6055,164939,rest
41.6095,164576,rest
41.6136,164899,rest
41.6178,164852,rest
41.6220,164773,rest
41.6260,165035,rest
41.6302,164571,rest
41.6312,165,rest
41.6342,319,rest
41.6350,16459,rest
41.6383,0,rest
41.6384,165015,rest
41.6425,165002,rest
41.6465,164844,rest
41.6505,164712,rest
41.6548,164401,rest
41.6589,164889,rest
41.6629,164618,rest
41.6671,163930,rest
41.6711,165152,rest
41.6751,164686,rest
41.6792,164965,rest
41.6833,164534,rest
41.6879,164852,rest
41.6915,164585,rest
41.6955,164504,rest
41.6997,164820,rest
41.7051,1,rest
41.7080,164340,rest
41.7120,164885,rest
41.7161,163906,rest
41.7206,165046,rest
41.7245,164955,rest
41.7284,164659,rest
41.7324,165144,rest
41.7377,164634,rest
41.7408,164707,rest
41.7448,164732,rest
41.7488,164320,rest
41.7540,164959,rest
41.7572,164917,rest
41.7577,16,rest
41.7612,4687,rest
41.7620,16496,rest
41.7652,9,rest
41.7653,165216,rest
41.7693,64427,rest
41.7738,164266,rest
41.7777,164801,rest
41.7818,165129,rest
41.7858,646,rest
41.7920,164521,rest
41.7940,164465,rest
41.7980,164863,rest
41.8034,640,rest
41.8069,164811,rest
41.8111,164407,rest
41.8145,164181,rest
41.8185,678,rest
41.8226,164107,rest
41.8281,165078,rest
41.8309,164692,rest
41.8349,6474,rest
41.8392,164601,rest
41.8431,164836,rest
41.8472,164846,rest
41.8526,6477,rest
41.8562,164667,rest
41.8595,164681,rest
41.8636,165008,rest
41.8677,164680,rest
41.8724,164685,rest
41.8759,164390,rest
41.8800,164894,rest
41.8841,165006,rest
41.8854,16,rest
41.8887,4696,rest
41.8893,16409,rest
41.8922,0,rest
41.8922,163838,rest
41.8963,164809,rest
41.9004,165176,rest
41.9054,164722,rest
41.9086,164338,rest
41.9126,164352,rest
41.9168,164950,rest
41.9210,165039,rest
41.9250,165046,rest
41.9291,164723,rest
41.9332,164874,rest
41.9374,163933,rest
41.9414,164949,rest
41.9455,164337,rest
41.9496,164675,rest
41.9546,164915,rest
41.9577,164774,rest
41.9618,164990,rest
41.9659,164946,rest
41.9708,164516,rest
41.9741,164765,rest
41.9783,164839,rest
41.9823,164742,rest
41.9877,164604,rest
41.9905,164867,rest
41.9945,165002,rest
41.9987,165064,rest
42.0028,164822,rest
42.0069,164696,rest
42.0109,164632,rest
42.0119,16,rest
42.0151,5085,rest
42.0158,16457,rest
42.0201,0,rest
42.0204,164871,rest
42.0234,165046,rest
42.0274,164251,rest
42.0315,164691,rest
42.0356,65370,rest
42.0408,164831,rest
42.0439,165204,rest
42.0479,164443,rest
42.0533,165345,rest
42.0561,164826,rest
42.0602,164670,rest
42.0643,165024,rest
42.0684,64876,rest
42.0737,165061,rest
42.0765,164731,rest
42.0806,165041,rest
42.0857,3,rest
42.0898,165002,rest
42.0929,165293,rest
42.0969,164529,rest
42.1012,165141,rest
42.1052,164790,rest
42.1093,164609,rest
42.1133,165072,rest
42.1176,164407,rest
42.1216,164957,rest
42.1257,164958,rest
42.1298,164340,rest
42.1339,165158,rest
42.1379,164298,rest
42.1393,16,rest
42.1420,5204,rest
42.1421,1654,rest
42.1462,35,rest
42.1475,165457,rest
42.1504,164166,rest
42.1544,164669,rest
42.1584,164749,rest
42.1625,164875,rest
42.1666,165222,rest
42.1711,164401,rest
42.1749,164623,rest
42.1790,164511,rest
42.1830,165020,rest
42.1879,164731,rest
42.1912,165039,rest
42.1953,164048,rest
42.1994,164960,rest
42.2045,165051,rest
42.2076,164633,rest
42.2116,164815,rest
42.2158,164485,rest
42.2205,165119,rest
42.2241,165083,rest
42.2280,164766,rest
42.2321,165212,rest
42.2366,164987,rest
42.2404,164716,rest
42.2445,165508,rest
42.2485,164793,rest
42.2535,165233,rest
42.2567,164879,rest
42.2608,164668,rest
42.2649,164801,rest
42.2668,1,rest
42.2691,64943,rest
42.2709,1649,rest
42.2731,72,rest
42.2738,164807,rest
42.2772,165220,rest
42.2813,165330,rest
42.2862,164469,rest
42.2895,164827,rest
42.2936,164938,rest
42.2977,165051,rest
42.3069,164755,rest
42.3100,165221,rest
42.3141,164716,rest
42.3182,64914,rest
42.3232,164973,rest
42.3265,164938,rest
42.3305,164650,rest
42.3393,164988,rest
42.3428,164863,rest
42.3469,165052,rest
42.3511,164462,rest
42.3553,164284,rest
42.3591,165121,rest
42.3632,165501,rest
42.3673,164725,rest
42.3714,164264,rest
42.3755,164284,rest
42.3796,164571,rest
42.3837,165091,rest
42.3879,165163,rest
42.3920,164308,rest
42.3931,1,rest
42.3960,64570,rest
42.3970,1650,rest
42.4001,42,rest
42.4020,164536,rest
42.4047,165283,rest
42.4083,164545,rest
42.4124,164547,rest
42.4166,164745,rest
42.4214,165046,rest
42.4247,164834,rest
42.4288,165088,rest
42.4330,164510,rest
42.4380,165093,rest
42.4411,165440,rest
42.4451,164808,rest
42.4493,164660,rest
42.4538,164605,rest
42.4576,164641,rest
42.4616,165320,rest
42.4656,165293,rest
42.4706,165099,rest
42.4739,164719,rest
42.4781,165204,rest
42.4820,165074,rest
42.4865,165075,rest
42.4902,164401,rest
42.4943,165223,rest
42.4984,164897,rest
42.5027,165309,rest
42.5067,165134,rest
42.5108,164629,rest
42.5148,164775,rest
42.5202,164739,rest
42.5205,1,rest
42.5230,65850,rest
42.5247,165,rest
42.5271,290,rest
42.5287,165468,rest
42.5313,165116,rest
42.5356,649,rest
42.5394,164975,rest
42.5442,165121,rest
42.5475,164988,rest
42.5529,587,rest
42.5566,164598,rest
42.5598,165784,rest
42.5639,165217,rest
42.5685,640,rest
42.5732,165623,rest
42.5763,165065,rest
42.5804,165324,rest
42.5858,165417,rest
42.5885,165776,rest
42.5926,165333,rest
42.5967,164894,rest
42.6010,164871,rest
42.6050,165760,rest
42.6090,165315,rest
42.6130,165733,rest
42.6173,164895,rest
42.6213,164923,rest
42.6253,165124,rest
42.6294,164181,rest
42.6336,165757,rest
42.6387,164999,rest
42.6417,165178,rest
42.6458,165507,rest
42.6500,164781,rest
42.6513,164,rest
42.6541,942,rest
42.6555,164815,rest
42.6582,165322,rest
42.6622,165022,rest
42.6664,164729,rest
42.6714,165425,rest
42.6745,164784,rest
42.6786,165366,rest
42.6827,165302,rest
42.6872,165017,rest
42.6909,165144,rest
42.6950,164590,rest
42.6991,164886,rest
42.7032,165296,rest
42.7073,164983,rest
42.7113,164920,rest
42.7155,164446,rest
42.7201,165157,rest
42.7238,164806,rest
42.7279,165249,rest
42.7318,165495,rest
42.7370,164119,rest
42.7401,164998,rest
42.7441,165601,rest
42.7483,165177,rest
42.7524,65041,rest
42.7586,164482,rest
42.7607,165454,rest
42.7649,164915,rest
42.7688,164549,rest
42.7730,165397,rest
42.7770,165211,rest
42.7789,165,rest
42.7810,362,rest
42.7821,16477,rest
42.7852,164514,rest
42.7892,165200,rest
42.7933,164647,rest
42.7974,165010,rest
42.8021,165173,rest
42.8056,165461,rest
42.8097,164652,rest
42.8137,164175,rest
42.8191,164530,rest
42.8219,164796,rest
42.8260,164731,rest
42.8301,164624,rest
42.8359,14,rest
42.8393,164484,rest
42.8426,165322,rest
42.8466,165028,rest
42.8507,1428,rest
42.8553,164573,rest
42.8594,165451,rest
42.8629,164814,rest
42.8671,165161,rest
42.8718,164152,rest
42.8753,164954,rest
42.8794,165444,rest
42.8834,165124,rest
42.8878,164865,rest
42.8917,164260,rest
42.8958,164274,rest
42.8999,164840,rest
42.9045,165022,rest
42.9051,16,rest
42.9081,4942,rest
42.9094,16517,rest
42.9120,1,rest
42.9121,164654,rest
42.9164,164966,rest
42.9212,164867,rest
42.9244,164946,rest
42.9284,164395,rest
42.9326,164275,rest
42.9374,164751,rest
42.9408,165403,rest
42.9449,164929,rest
42.9491,164862,rest
42.9536,164982,rest
42.9571,164818,rest
42.9612,164902,rest
42.9653,164918,rest
42.9707,164701,rest
42.9736,165024,rest
42.9777,164599,rest
42.9817,164900,rest
42.9858,65314,rest
42.9921,164569,rest
42.9940,164726,rest
42.9981,164968,rest
43.0025,164806,rest
43.0067,164539,rest
43.0105,164752,rest
43.0145,165037,rest
43.0186,645,rest
43.0228,165049,rest
43.0268,164959,rest
43.0313,164361,rest
43.0330,16,rest
43.0364,0016439,rest
43.0392,8,rest
43.0420,164533,rest
43.0431,164512,rest
43.0472,164733,rest
43.0532,6523,rest
43.0557,164746,rest
43.0604,165275,rest
43.0636,165022,rest
43.0694,64,rest
43.0723,164590,rest
43.0764,164884,rest
43.0805,165363,rest
43.0841,16406,rest
43.0882,164601,rest
43.0932,164998,rest
43.0970,164655,rest
43.1022,65,rest
43.1053,165036,rest
43.1095,164755,rest
43.1128,165509,rest
43.1191,164543,rest
43.1210,164761,rest
43.1251,164804,rest
43.1291,164818,rest
43.1333,164930,rest
43.1376,165226,rest
43.1414,165138,rest
43.1455,165179,rest
43.1496,164854,rest
43.1537,165062,rest
43.1578,164397,rest
43.1590,1,rest
43.1620,64537,rest
43.1640,1650,rest
43.1661,18,rest
43.1670,164757,rest
43.1711,164819,rest
43.1742,164714,rest
43.1784,164713,rest
43.1826,164737,rest
43.1872,164864,rest
43.1907,165628,rest
43.1948,164836,rest
43.1989,165272,rest
43.2029,164992,rest
43.2070,164866,rest
43.2111,165064,rest
43.2154,164897,rest
43.2203,165398,rest
43.2233,164744,rest
43.2275,165250,rest
43.2316,165362,rest
43.2364,164767,rest
43.2398,164953,rest
43.2438,165328,rest
43.2479,165276,rest
43.2526,165635,rest
43.2561,164881,rest
43.2602,164828,rest
43.2643,164718,rest
43.2687,164831,rest
43.2725,165033,rest
43.2766,165046,rest
43.2807,164726,rest
43.2867,165228,rest
43.2878,1,rest
43.2890,64871,rest
43.2899,1651,rest
43.2931,81,rest
43.2939,165027,rest
43.2971,164799,rest
43.3012,64676,rest
43.3054,165299,rest
43.3094,164619,rest
43.3137,164678,rest
43.3176,64975,rest
43.3222,164593,rest
43.3257,164948,rest
43.3302,164758,rest
43.3339,64637,rest
43.3381,164380,rest
43.3431,164718,rest
43.3465,164735,rest
43.3504,61,rest
43.3549,164461,rest
43.3594,164774,rest
43.3627,164481,rest
43.3670,16519,rest
43.3714,164309,rest
43.3758,164125,rest
43.3793,164830,rest
43.3831,165092,rest
43.3876,164872,rest
43.3913,164426,rest
43.3953,164911,rest
43.3997,164945,rest
43.4037,165239,rest
43.4076,165119,rest
43.4117,164307,rest
43.4161,165065,rest
43.4173,1644,rest
43.4199,24,rest
43.4209,165437,rest
43.4241,164915,rest
43.4281,164528,rest
43.4323,165254,rest
43.4368,164839,rest
43.4405,164512,rest
43.4446,164942,rest
43.4487,164669,rest
43.4528,165015,rest
43.4568,165008,rest
43.4609,165107,rest
43.4650,164922,rest
43.4703,164686,rest
43.4733,164995,rest
43.4773,165116,rest
43.4814,164911,rest
43.4867,165358,rest
43.4897,164799,rest
43.4937,165657,rest
43.4979,165127,rest
43.5019,64893,rest
43.5062,165121,rest
43.5100,165325,rest
43.5142,165514,rest
43.5184,164808,rest
43.5225,165104,rest
43.5265,165565,rest
43.5306,164947,rest
43.5349,164728,rest
43.5387,164967,rest
43.5428,165306,rest
43.5443,164,rest
43.5470,811,rest
43.5475,164663,rest
43.5557,164664,rest
43.5593,165309,rest
43.5634,165041,rest
43.5684,654,rest
43.5721,165502,rest
43.5757,165017,rest
43.5797,165398,rest
43.5856,1,rest
43.5881,165238,rest
43.5924,165106,rest
43.5962,164819,rest
43.6009,1,rest
43.6061,165068,rest
43.6085,164931,rest
43.6126,165472,rest
43.6167,164950,rest
43.6208,165241,rest
43.6248,164898,rest
43.6289,164725,rest
43.6330,165198,rest
43.6370,165111,rest
43.6411,165320,rest
43.6452,165272,rest
43.6494,164975,rest
43.6538,165195,rest
43.6576,164896,rest
43.6617,165369,rest
43.6658,164910,rest
43.6698,165028,rest
43.6710,16,rest
43.6739,5262,rest
43.6750,16474,rest
43.6781,8,rest
43.6781,164860,rest
43.6823,165265,rest
43.6865,164626,rest
43.6903,164977,rest
43.6944,164647,rest
43.6986,164684,rest
43.7031,164953,rest
43.7067,164731,rest
43.7108,165462,rest
43.7148,164993,rest
43.7201,165055,rest
43.7230,164770,rest
43.7271,164994,rest
43.7312,164971,rest
43.7361,165218,rest
43.7394,165337,rest
43.7435,164761,rest
43.7476,164958,rest
43.7518,165469,rest
43.7559,164259,rest
43.7600,164967,rest
43.7641,165339,rest
43.7681,64922,rest
43.7725,165064,rest
43.7769,164603,rest
43.7805,164711,rest
43.7849,675,rest
43.7887,165526,rest
43.7936,165286,rest
43.7969,164336,rest
43.7974,16,rest
43.8026,87147,rest
43.8050,165053,rest
43.8101,164736,rest
43.8141,164681,rest
43.8187,6,rest
43.8223,165716,rest
43.8256,165160,rest
43.8296,164745,rest
43.8337,164641,rest
43.8384,164860,rest
43.8418,164863,rest
43.8459,165074,rest
43.8501,164980,rest
43.8548,164492,rest
43.8582,165464,rest
43.8623,164745,rest
43.8664,165595,rest
43.8710,164501,flicker
43.8747,164397,flicker
43.8787,164737,flicker
43.8828,165096,flicker
43.8878,165033,flicker
43.8910,164519,flicker
43.8951,164418,flicker
43.8993,165219,flicker
43.9040,165376,flicker
43.9073,165436,flicker
43.9115,164949,flicker
43.9156,165078,flicker
43.9205,165236,flicker
43.9237,165422,flicker
43.9253,16,flicker
43.9279,5201,flicker
43.9282,16489,flicker
43.9320,5,flicker
43.9335,164950,flicker
43.9368,164687,flicker
43.9402,165124,flicker
43.9443,164597,flicker
43.9483,164252,flicker
43.9529,165175,flicker
43.9565,164974,flicker
43.9606,164955,flicker
43.9647,165205,flicker
43.9698,164681,flicker
43.9729,165080,flicker
43.9770,165048,flicker
43.9811,165033,flicker
43.9853,65289,flicker
43.9895,164257,flicker
43.9935,165033,flicker
43.9977,165406,flicker
44.0020,165436,flicker
44.0061,164840,flicker
44.0099,165015,flicker
44.0138,165268,flicker
44.0198,65224,flicker
44.0221,164770,flicker
44.0261,164663,flicker
44.0302,164663,flicker
44.0376,6,flicker
44.0387,164954,flicker
44.0429,165339,flicker
44.0491,165183,flicker
44.0510,164685,flicker
44.0531,1,flicker
44.0550,4828,flicker
44.0568,1653,flicker
44.0589,02,flicker
44.0601,164991,flicker
44.0630,165254,flicker
44.0672,652,flicker
44.0724,165453,flicker
44.0753,165356,flicker
44.0797,165165,flicker
44.0836,65475,flicker
44.0888,165006,flicker
44.0926,165117,flicker
44.0958,165396,flicker
44.0999,65592,flicker
44.1047,164677,flicker
44.1089,164972,flicker
44.1128,164819,flicker
44.1164,163,flicker
44.1206,165376,flicker
44.1254,165742,flicker
44.1287,164747,flicker
44.1327,165199,flicker
44.1368,164504,flicker
44.1410,165127,flicker
44.1449,164954,flicker
44.1490,164645,flicker
44.1531,165311,flicker
44.1576,164388,flicker
44.1613,164866,flicker
44.1655,165077,flicker
44.1696,164755,flicker
44.1739,165004,flicker
44.1777,164913,flicker
44.1784,1,flicker
44.1818,65406,flicker
44.1824,1653,flicker
44.1861,68,flicker
44.1886,165078,flicker
44.1900,165691,flicker
44.1941,164763,flicker
44.1984,165072,flicker
44.2031,165411,flicker
44.2064,165171,flicker
44.2105,166007,flicker
44.2145,165017,flicker
44.2190,165368,flicker
44.2227,164851,flicker
44.2268,164818,flicker
44.2309,165285,flicker
44.2351,65011,flicker
44.2400,164868,flicker
44.2432,165270,flicker
44.2473,165155,flicker
44.2533,164855,flicker
44.2555,164643,flicker
44.2596,165110,flicker
44.2637,165282,flicker
44.2678,65626,flicker
44.2731,165507,flicker
44.2760,165093,flicker
44.2801,164830,flicker
44.2847,65391,flicker
44.2883,164718,flicker
44.2924,165535,flicker
44.2966,164480,flicker
44.3007,65657,flicker
44.3055,164985,flicker
44.3071,1,flicker
44.3089,65378,flicker
44.3099,164,flicker
44.3129,744,flicker
44.3147,164742,flicker
44.3218,165224,flicker
44.3257,165424,flicker
44.3294,164433,flicker
44.3336,164057,flicker
44.3375,164953,flicker
44.3416,165072,flicker
44.3456,164953,flicker
44.3513,644,flicker
44.3548,164799,flicker
44.3581,164859,flicker
44.3628,165056,flicker
44.3661,164979,flicker
44.3705,164436,flicker
44.3743,164232,flicker
44.3784,164847,flicker
44.3826,165095,flicker
44.3866,165431,flicker
44.3907,164535,flicker
44.3947,164449,flicker
44.3989,165209,flicker
44.4041,165175,flicker
44.4072,164413,flicker
44.4112,164167,flicker
44.4153,165014,flicker
44.4200,165033,flicker
44.4234,165281,flicker
44.4275,165021,flicker
44.4317,164293,flicker
44.4329,1,flicker
44.4363,65174,flicker
44.4376,165,flicker
44.4399,015,flicker
44.4408,165005,flicker
44.4440,165266,flicker
44.4481,164824,flicker
44.4523,165498,flicker
44.4563,164610,flicker
44.4603,165722,flicker
44.4646,165022,flicker
44.4687,165199,flicker
44.4727,165042,flicker
44.4768,165529,flicker
44.4809,165263,flicker
44.4858,165428,flicker
44.4890,165213,flicker
44.4930,165255,flicker
44.4971,164375,flicker
44.5024,164559,flicker
44.5054,165427,flicker
44.5095,164486,flicker
44.5135,165481,flicker
44.5178,65,flicker
44.5218,165127,flicker
44.5258,165075,flicker
44.5315,164567,flicker
44.5357,653,flicker
44.5384,164804,flicker
44.5437,165194,flicker
44.5464,165502,flicker
44.5517,6403,flicker
44.5559,165290,flicker
44.5594,165234,flicker
44.5627,165041,flicker
44.5634,165,flicker
44.5670,90,flicker
44.5674,1600,flicker
44.5727,165209,flicker
44.5750,164541,flicker
44.5791,164890,flicker
44.5832,6531,flicker
44.5884,164527,flicker
44.5922,165380,flicker
44.5955,164893,flicker
44.5996,6891,flicker
44.6041,165310,flicker
44.6078,165267,flicker
44.6136,165615,flicker
44.6160,164527,flicker
44.6201,165672,flicker
44.6241,165069,flicker
44.6282,164568,flicker
44.6324,165051,flicker
44.6373,165207,flicker
44.6406,165657,flicker
44.6447,165345,flicker
44.6488,165004,flicker
44.6533,165479,flicker
44.6570,165103,flicker
44.6610,165381,flicker
44.6651,164963,flicker
44.6693,164821,flicker
44.6733,164971,flicker
44.6774,164498,flicker
44.6817,165542,flicker
44.6867,165359,flicker
44.6897,164528,flicker
44.6910,165,flicker
44.6938,480,flicker
44.6939,16498,flicker
44.6979,7,flicker
44.6980,165214,flicker
44.7024,165060,flicker
44.7060,165307,flicker
44.7101,165467,flicker
44.7143,164931,flicker
44.7198,1,flicker
44.7225,165543,flicker
44.7266,165720,flicker
44.7306,165476,flicker
44.7353,164902,flicker
44.7388,165555,flicker
44.7429,165108,flicker
44.7470,165331,flicker
44.7514,165147,flicker
44.7552,164966,flicker
44.7593,165152,flicker
44.7634,165150,flicker
44.7692,165454,flicker
44.7717,164882,flicker
44.7759,165094,flicker
44.7799,165474,flicker
44.7853,165652,flicker
44.7881,165221,flicker
44.7922,164923,flicker
44.7962,164875,flicker
44.8010,65339,flicker
44.8045,165576,flicker
44.8091,165652,flicker
44.8129,164585,flicker
44.8168,646,flicker
44.8180,6,flicker
44.8215,251,flicker
44.8231,16543,flicker
44.8248,5,flicker
44.8249,165576,flicker
44.8289,164567,flicker
44.8343,65,flicker
44.8375,165487,flicker
44.8419,165398,flicker
44.8454,164918,flicker
44.8512,1695,flicker
44.8541,164455,flicker
44.8577,164648,flicker
44.8623,165233,flicker
44.8658,164990,flicker
44.8706,164774,flicker
44.8741,165141,flicker
44.8782,165266,flicker
44.8822,164819,flicker
44.8871,165474,flicker
44.8904,164773,flicker
44.8945,165279,flicker
44.8986,165226,flicker
44.9034,165327,flicker
44.9068,165254,flicker
44.9108,164808,flicker
44.9150,164661,flicker
44.9197,165003,flicker
44.9231,166050,flicker
44.9272,165611,flicker
44.9314,164180,flicker
44.9362,165256,flicker
44.9395,165427,flicker
44.9436,165209,flicker
44.9452,16,flicker
44.9479,5595,flicker
44.9480,1646,flicker
44.9525,95,flicker
44.9532,165392,flicker
44.9559,165393,flicker
44.9601,165385,flicker
44.9641,165248,flicker
44.9689,164858,flicker
44.9724,166011,flicker
44.9765,165071,flicker
44.9805,165373,flicker
44.9849,164865,flicker
44.9888,164942,flicker
44.9928,165113,flicker
44.9969,164726,flicker
45.0018,165195,flicker
45.0052,165919,flicker
45.0092,164857,flicker
45.0132,165460,flicker
45.0173,64818,flicker
45.0215,165448,flicker
45.0256,165583,flicker
45.0305,165097,flicker
45.0349,1500,flicker
45.0392,165429,flicker
45.0427,165596,flicker
45.0469,165641,flicker
45.0501,65054,flicker
45.0548,165362,flicker
45.0587,165110,flicker
45.0625,165209,flicker
45.0671,165173,flicker
45.0707,164799,flicker
45.0717,1,flicker
45.0752,64932,flicker
45.0756,1648,flicker
45.0788,34,flicker
45.0806,165087,flicker
45.0836,164975,flicker
45.0871,164849,flicker
45.0911,165946,flicker
45.0952,165284,flicker
45.1007,6,flicker
45.1042,165239,flicker
45.1083,165369,flicker
45.1116,165040,flicker
45.1157,165209,flicker
45.1197,165383,flicker
45.1239,165105,flicker
45.1280,164956,flicker
45.1321,164905,flicker
45.1362,165451,flicker
45.1402,165741,flicker
45.1443,164983,flicker
45.1485,165687,flicker
45.1531,165508,flicker
45.1567,165354,flicker
45.1607,165253,flicker
45.1649,165671,flicker
45.1692,165048,flicker
45.1730,165180,flicker
45.1771,164922,flicker
45.1812,164931,flicker
45.1853,164590,flicker
45.1895,165243,flicker
45.1936,165517,flicker
45.1977,165070,flicker
45.1981,1,flicker
45.2023,65217,flicker
45.2034,1655,flicker
45.2058,83,flicker
45.2066,165274,flicker
45.2099,165775,flicker
45.2140,165088,flicker
45.2180,165115,flicker
45.2221,165166,flicker
45.2262,165137,flicker
45.2303,165751,flicker
45.2344,64735,flicker
45.2394,165270,flicker
45.2428,165164,flicker
45.2469,165761,flicker
45.2522,165170,flicker
45.2549,164384,flicker
45.2590,164804,flicker
45.2631,165793,flicker
45.2674,64824,flicker
45.2736,165167,flicker
45.2754,165078,flicker
45.2795,165485,flicker
45.2837,165755,flicker
45.2879,165841,flicker
45.2918,165196,flicker
45.2959,165122,flicker
45.3014,164736,flicker
45.3042,164927,flicker
45.3082,165367,flicker
45.3122,164161,flicker
45.3174,6,flicker
45.3206,164966,flicker
45.3246,165669,flicker
45.3250,1,flicker
45.3286,65409,flicker
45.3299,1650,flicker
45.3340,86,flicker
45.3370,165724,flicker
45.3413,165278,flicker
45.3465,165273,flicker
45.3509,164519,flicker
45.3532,164918,flicker
45.3573,165689,flicker
45.3614,165891,flicker
45.3661,16,flicker
45.3711,165006,flicker
45.3738,165170,flicker
45.3778,165664,flicker
45.3819,165258,flicker
45.3860,165928,flicker
45.3901,164578,flicker
45.3941,165644,flicker
45.3983,165417,flicker
45.4024,164889,flicker
45.4065,165608,flicker
45.4105,165196,flicker
45.4147,165415,flicker
45.4193,165049,flicker
45.4228,165079,flicker
45.4269,165557,flicker
45.4312,164638,flicker
45.4353,165220,flicker
45.4393,164823,flicker
45.4433,165443,flicker
45.4474,165467,flicker
45.4520,164993,flicker
45.4525,1,flicker
45.4556,65909,flicker
45.4565,1652,flicker
45.4597,28,flicker
45.4605,165413,flicker
45.4640,164898,flicker
45.4679,165138,flicker
45.4720,166043,flicker
45.4761,165167,flicker
45.4802,165389,flicker
45.4844,164834,flicker
45.4885,164953,flicker
45.4927,165523,flicker
45.4965,165700,flicker
45.5007,165766,flicker
45.5048,165589,flicker
45.5088,164847,flicker
45.5129,165958,flicker
45.5177,165534,flicker
45.5219,165399,flicker
45.5252,165172,flicker
45.5294,165036,flicker
45.5343,656,flicker
45.5381,165070,flicker
45.5417,165785,flicker
45.5457,165696,flicker
45.5499,6564,flicker
45.5555,165239,flicker
45.5590,165279,flicker
45.5622,165524,flicker
45.5673,655,flicker
45.5705,165290,flicker
45.5754,165496,flicker
45.5785,165327,flicker
45.5844,640816,flicker
45.5872,06,flicker
45.5901,165466,flicker
45.5908,165456,flicker
45.5948,165169,flicker
45.5999,24,flicker
45.6037,165883,flicker
45.6078,165201,flicker
45.6114,165830,flicker
45.6167,149,flicker
45.6208,165244,flicker
45.6252,164968,flicker
45.6277,165116,flicker
45.6317,165350,flicker
45.6360,164930,flicker
45.6399,165690,flicker
45.6440,165658,flicker
45.6481,165156,flicker
45.6524,165789,flicker
45.6564,165426,flicker
45.6604,165787,flicker
45.6646,165582,flicker
45.6689,165270,flicker
45.6727,165539,flicker
45.6767,164918,flicker
45.6809,165331,flicker
45.6854,165391,flicker
45.6890,165384,flicker
45.6931,165757,flicker
45.6973,164967,flicker
45.7017,165817,flicker
45.7055,165348,flicker
45.7095,165308,flicker
45.7104,16,flicker
45.7136,5311,flicker
45.7151,16497,flicker
45.7183,2,flicker
45.7183,165488,flicker
45.7219,165461,flicker
45.7259,165549,flicker
45.7300,165301,flicker
45.7352,164887,flicker
45.7383,165658,flicker
45.7424,165966,flicker
45.7464,165522,flicker
45.7505,65467,flicker
45.7564,164782,flicker
45.7594,165011,flicker
45.7629,165257,flicker
45.7670,657,flicker
45.7714,165342,flicker
45.7753,164783,flicker
45.7792,165037,flicker
45.7841,6524,flicker
45.7879,165211,flicker
45.7923,165363,flicker
45.7957,164689,flicker
45.8002,165531,flicker
45.8037,165604,flicker
45.8079,165492,flicker
45.8119,165096,flicker
45.8181,65,flicker
45.8207,165039,flicker
45.8249,165962,flicker
45.8284,165990,flicker
45.8325,65024,flicker
45.8378,164752,flicker
45.8388,16,flicker
45.8410,5187,flicker
45.8427,16533,flicker
45.8447,1,flicker
45.8448,165179,flicker
45.8496,164951,flicker
45.8537,165052,flicker
45.8570,164901,flicker
45.8611,165267,flicker
45.8654,166051,flicker
45.8694,165267,flicker
45.8734,165299,flicker
45.8775,165238,flicker
45.8817,165644,flicker
45.8861,165252,flicker
45.8899,164955,flicker
45.8939,165320,flicker
45.8980,165586,flicker
45.9026,165459,flicker
45.9061,165650,flicker
45.9102,164792,flicker
45.9146,165401,flicker
45.9194,165376,flicker
45.9225,165379,flicker
45.9266,165260,flicker
45.9308,164709,flicker
45.9348,165460,flicker
45.9391,165236,flicker
45.9430,165635,flicker
45.9471,165613,flicker
45.9529,165366,flicker
45.9554,165212,flicker
45.9595,165478,flicker
45.9639,165584,flicker
45.9655,16,flicker
45.9677,5420,flicker
45.9696,16527,flicker
45.9717,3,flicker
45.9718,165839,flicker
45.9758,165275,flicker
45.9800,165825,flicker
45.9843,165685,flicker
45.9881,165343,flicker
45.9921,165700,flicker
45.9962,165053,flicker
46.0004,65468,flicker
46.0052,165533,flicker
46.0098,165551,flicker
46.0137,165476,flicker
46.0177,6546,flicker
46.0216,164916,flicker
46.0249,165314,flicker
46.0292,164769,flicker
46.0337,658,flicker
46.0374,165201,flicker
46.0414,165261,flicker
46.0455,165319,flicker
46.0496,6120,flicker
46.0539,165260,flicker
46.0587,165646,flicker
46.0621,165344,flicker
46.0659,65862,flicker
46.0711,165001,flicker
46.0741,165806,flicker
46.0783,165292,flicker
46.0823,65353,flicker
46.0866,165426,flicker
46.0905,165232,flicker
46.0924,1,flicker
46.0946,65240,flicker
46.0956,1653,flicker
46.0987,99,flicker
46.1003,65,flicker
46.1031,165060,flicker
46.1075,165582,flicker
46.1109,165455,flicker
46.1152,165068,flicker
46.1195,165269,flicker
46.1232,165417,flicker
46.1273,165056,flicker
46.1315,165428,flicker
46.1360,165488,flicker
46.1398,165235,flicker
46.1437,165264,flicker
46.1478,165457,flicker
46.1521,165616,flicker
46.1561,164539,flicker
46.1602,165567,flicker
46.1642,165297,flicker
46.1690,165511,flicker
46.1724,166287,flicker
46.1765,164947,flicker
46.1806,166130,flicker
46.1849,165694,flicker
46.1889,165589,flicker
46.1928,165415,flicker
46.1970,164675,flicker
46.2014,165182,flicker
46.2052,164951,flicker
46.2092,165725,flicker
46.2134,166252,flicker
46.2187,165386,flicker
46.2208,1,flicker
46.2216,65691,flicker
46.2218,165,flicker
46.2256,876,flicker
46.2258,165793,flicker
46.2297,165139,flicker
46.2355,65,flicker
46.2384,165093,flicker
46.2421,165651,flicker
46.2462,165794,flicker
46.2504,165507,flicker
46.2544,164705,flicker
46.2585,165112,flicker
46.2625,165490,flicker
46.2669,165656,flicker
46.2707,165271,flicker
46.2748,165534,flicker
46.2789,165587,flicker
46.2831,669,flicker
46.2877,165585,flicker
46.2918,165364,flicker
46.2952,165679,flicker
46.2995,613,flicker
46.3036,165637,flicker
46.3079,165287,flicker
46.3121,165713,flicker
46.3158,67,flicker
46.3205,165765,flicker
46.3248,165599,flicker
46.3281,165426,flicker
46.3334,6,flicker
46.3371,165139,flicker
46.3408,165557,flicker
46.3446,165593,flicker
46.3487,165082,flicker
46.3500,164,flicker
46.3533,912,flicker
46.3541,164918,flicker
46.3567,165826,flicker
46.3608,165954,flicker
46.3649,164960,flicker
46.3694,165382,flicker
46.3731,165567,flicker
46.3772,165826,flicker
46.3813,165413,flicker
46.3863,165239,flicker
46.3895,165181,flicker
46.3935,165284,flicker
46.3978,165237,flicker
46.4018,165223,flicker
46.4059,164863,flicker
46.4100,164388,flicker
46.4141,164944,flicker
46.4185,165823,flicker
46.4223,165581,flicker
46.4265,165329,flicker
46.4305,165389,flicker
46.4355,165351,flicker
46.4386,165176,flicker
46.4427,165316,flicker
46.4469,165022,flicker
46.4514,165515,flicker
46.4550,165727,flicker
46.4590,165556,flicker
46.4632,165820,flicker
46.4680,165397,flicker
46.4714,165425,flicker
46.4755,165816,flicker
46.4767,164,flicker
46.4796,968,flicker
46.4805,16541,flicker
46.4837,8,flicker
46.4847,165505,flicker
46.4877,164766,flicker
46.4918,165647,flicker
46.4959,165577,flicker
46.5007,165599,flicker
46.5041,165446,flicker
46.5082,165027,flicker
46.5123,165268,flicker
46.5178,164677,flicker
46.5205,165925,flicker
46.5246,165388,flicker
46.5287,165203,flicker
46.5329,165276,flicker
46.5371,165411,flicker
46.5411,165521,flicker
46.5452,165301,flicker
46.5492,65707,flicker
46.5556,165494,flicker
46.5579,165085,flicker
46.5615,165299,flicker
46.5668,635,flicker
46.5703,165297,flicker
46.5738,165792,flicker
46.5786,165089,flicker
46.5820,165101,flicker
46.5862,6369,flicker
46.5903,165504,flicker
46.5945,165402,flicker
46.5984,165404,flicker
46.6030,165563,flicker
46.6032,16,flicker
46.6068,5627,flicker
46.6083,16498,flicker
46.6106,1,flicker
46.6107,165130,flicker
46.6148,165023,flicker
46.6199,165204,flicker
46.6229,165595,flicker
46.6270,164905,flicker
46.6311,165437,flicker
46.6355,164942,flicker
46.6393,165532,flicker
46.6434,165470,flicker
46.6475,165012,flicker
46.6522,165892,flicker
46.6556,165147,flicker
46.6598,165285,flicker
46.6640,165824,flicker
46.6685,165130,flicker
46.6722,165639,flicker
46.6763,164977,flicker
46.6803,165461,flicker
46.6850,165590,flicker
46.6885,164968,flicker
46.6925,165420,flicker
46.6967,165219,flicker
46.7011,165350,flicker
46.7050,165213,flicker
46.7089,165145,flicker
46.7131,165250,flicker
46.7173,164630,flicker
46.7214,165525,flicker
46.7254,165557,flicker
46.7295,165087,flicker
46.7310,16,flicker
46.7338,5790,flicker
46.7352,16578,flicker
46.7379,3,flicker
46.7380,165884,flicker
46.7417,165326,flicker
46.7458,165551,flicker
46.7500,6506,flicker
46.7553,68,flicker
46.7588,165236,flicker
46.7635,165181,flicker
46.7663,165586,flicker
46.7710,165453,flicker
46.7745,164902,flicker
46.7786,164722,flicker
46.7828,6580,flicker
46.7867,165682,flicker
46.7909,165249,flicker
46.7961,164884,flicker
46.8004,15,flicker
46.8034,165360,flicker
46.8082,165027,flicker
46.8125,164905,flicker
46.8170,539,flicker
46.8204,165417,flicker
46.8237,165219,flicker
46.8281,165781,flicker
46.8330,1678,flicker
46.8363,164950,flicker
46.8413,165897,flicker
46.8445,165660,flicker
46.8483,165799,flicker
46.8524,164894,flicker
46.8564,165181,flicker
46.8580,1,flicker
46.8605,65391,flicker
46.8620,1653,flicker
46.8647,71,flicker
46.8650,165187,flicker
46.8687,164975,flicker
46.8727,164907,flicker
46.8768,165423,flicker
46.8809,165676,flicker
46.8850,165591,flicker
46.8892,164511,flicker
46.8932,165133,flicker
46.8974,165344,flicker
46.9021,165448,flicker
46.9057,165819,flicker
46.9097,164804,flicker
46.9138,166028,flicker
46.9178,165521,flicker
46.9219,165632,flicker
46.9260,165336,flicker
46.9302,165447,flicker
46.9348,165765,flicker
46.9383,165033,flicker
46.9424,165784,flicker
46.9466,165572,flicker
46.9514,165176,flicker
46.9547,165691,flicker
46.9588,165266,flicker
46.9629,165597,flicker
46.9688,165687,flicker
46.9712,165008,flicker
46.9753,165554,flicker
46.9795,165273,flicker
46.9836,165455,flicker
46.9859,1,flicker
46.9875,65871,flicker
46.9878,165,flicker
46.9917,281,flicker
46.9918,165384,flicker
46.9957,165197,flicker
46.9998,65813,flicker
47.0074,165369,flicker
47.0080,165534,flicker
47.0121,166131,flicker
47.0163,165160,flicker
47.0203,165481,flicker
47.0243,165230,flicker
47.0284,165148,flicker
47.0338,165539,flicker
47.0366,165498,flicker
47.0407,165540,flicker
47.0448,165768,flicker
47.0489,65451,flicker
47.0542,165409,flicker
47.0578,165210,flicker
47.0613,165875,flicker
47.0657,165781,flicker
47.0694,165517,flicker
47.0736,165499,flicker
47.0776,165500,flicker
47.0858,165890,flicker
47.0910,165163,flicker
47.0943,164944,flicker
47.0980,65462,flicker
47.1022,165741,flicker
47.1070,165226,flicker
47.1104,165184,flicker
47.1155,1656615,flicker
47.1186,758,flicker
47.1210,165984,flicker
47.1233,165418,flicker
47.1267,165653,flicker
47.1308,165887,flicker
47.1349,165091,flicker
47.1390,165155,flicker
47.1431,165401,flicker
47.1474,165543,flicker
47.1523,166087,flicker
47.1554,165372,flicker
47.1595,165666,flicker
47.1636,165926,flicker
47.1677,164718,flicker
47.1718,165337,flicker
47.1759,165055,flicker
47.1800,165407,flicker
47.1851,165758,flicker
47.1883,165071,flicker
47.1922,165776,flicker
47.1964,165056,flicker
47.2008,165669,flicker
47.2046,165148,flicker
47.2086,165076,flicker
47.2128,165643,flicker
47.2178,165234,flicker
47.2209,165604,flicker
47.2250,165978,flicker
47.2291,165338,flicker
47.2333,65026,flicker
47.2375,6535,flicker
47.2416,6528,flicker
47.2426,1,flicker
47.2462,78,flicker
47.2477,165242,flicker
47.2505,164685,flicker
47.2542,164890,flicker
47.2588,658,flicker
47.2630,165643,flicker
47.2664,165543,flicker
47.2702,657,flicker
47.2755,165477,flicker
47.2783,165987,flicker
47.2824,166459,flicker
47.2875,165605,flicker
47.2906,165080,flicker
47.2947,164654,flicker
47.2988,165883,flicker
47.3029,165619,flicker
47.3069,165552,flicker
47.3112,165210,flicker
47.3169,165460,flicker
47.3192,165740,flicker
47.3233,165630,flicker
47.3274,164847,flicker
47.3316,165181,flicker
47.3364,165268,flicker
47.3397,165265,flicker
47.3438,165534,flicker
47.3480,6422,flicker
47.3533,165248,flicker
47.3563,165267,flicker
47.3603,165947,flicker
47.3643,164911,flicker
47.3685,165367,flicker
47.3702,165,flicker
47.3725,426,flicker
47.3731,16521,flicker
47.3765,7,flicker
47.3766,165073,flicker
47.3808,165884,flicker
47.3848,165447,flicker
47.3888,165182,flicker
47.3929,165577,flicker
47.3972,165301,flicker
47.4012,165541,flicker
47.4052,164941,flicker
47.4093,164844,flicker
47.4134,165910,flicker
47.4183,165341,flicker
47.4218,165465,flicker
47.4259,165731,flicker
47.4299,164588,flicker
47.4339,165488,flicker
47.4380,165462,flicker
47.4421,165454,flicker
47.4463,165292,flicker
47.4517,165320,flicker
47.4544,165858,flicker
47.4585,164713,flicker
47.4627,165201,flicker
47.4672,165236,flicker
47.4709,165049,flicker
47.4751,165796,flicker
47.4790,165009,flicker
47.4832,165559,flicker
47.4871,165792,flicker
47.4912,165132,flicker
47.4953,165610,flicker
47.4959,16,flicker
47.5006,5839,flicker
47.5019,16542,flicker
47.5035,4,flicker
47.5036,165266,flicker
47.5076,164980,flicker
47.5117,165683,flicker
47.5171,165434,flicker
47.5199,165165,flicker
47.5240,165709,flicker
47.5281,165253,flicker
47.5324,65805,flicker
47.5364,6574,flicker
47.5417,165599,flicker
47.5446,165802,flicker
47.5487,6560,flicker
47.5534,165456,flicker
47.5571,164912,flicker
47.5612,165635,flicker
47.5650,65667,flicker
47.5693,165216,flicker
47.5732,164878,flicker
47.5773,165407,flicker
47.5828,6583,flicker
47.5861,165373,flicker
47.5896,165408,flicker
47.5937,165844,flicker
47.6029,165580,flicker
47.6068,165747,flicker
47.6100,165147,flicker
47.6143,157,flicker
47.6182,165425,flicker
47.6224,165322,flicker
47.6241,16,flicker
47.6265,5342,flicker
47.6286,1648,flicker
47.6306,28,flicker
47.6318,165524,flicker
47.6347,164399,flicker
47.6387,164967,flicker
47.6428,165843,flicker
47.6469,164801,flicker
47.6520,165947,flicker
47.6552,165187,flicker
47.6593,165499,flicker
47.6634,165546,flicker
47.6677,165902,flicker
47.6715,165489,flicker
47.6755,165535,flicker
47.6797,165730,flicker
47.6846,165246,flicker
47.6879,165625,flicker
47.6920,165859,flicker
47.6961,165301,flicker
47.7002,165596,flicker
47.7042,165092,flicker
47.7083,165724,flicker
47.7125,165283,flicker
47.7171,165262,flicker
47.7206,165489,flicker
47.7247,165230,flicker
47.7288,165687,flicker
47.7331,65154,flicker
47.7374,164960,flicker
47.7416,165642,flicker
47.7453,165913,flicker
47.7503,165425,flicker
47.7525,1,flicker
47.7534,65501,flicker
47.7544,1644,flicker
47.7575,73,flicker
47.7585,165225,flicker
47.7616,165732,flicker
47.7657,165261,flicker
47.7698,164740,flicker
47.7738,164814,flicker
47.7780,165470,flicker
47.7821,65161,flicker
47.7874,165326,flicker
47.7907,165096,flicker
47.7944,165252,flicker
47.7990,165469,flicker
47.8026,165525,flicker
47.8066,165561,flicker
47.8107,164883,flicker
47.8150,661,flicker
47.8192,165328,flicker
47.8231,165400,flicker
47.8271,165685,flicker
47.8313,6,flicker
47.8361,165158,flicker
47.8394,165286,flicker
47.8435,165453,flicker
47.8477,658,flicker
47.8524,165135,flicker
47.8563,165028,flicker
47.8601,165989,flicker
47.8640,166034,flicker
47.8681,165162,flicker
47.8722,165053,flicker
47.8763,165540,flicker
47.8770,1,flicker
47.8805,65958,flicker
47.8847,387,flicker
47.8861,165775,flicker
47.8896,165147,flicker
47.8926,165495,flicker
47.8969,165894,flicker
47.9016,165790,flicker
47.9049,165280,flicker
47.9090,165056,flicker
47.9132,165976,flicker
47.9178,165524,flicker
47.9213,165665,flicker
47.9254,165344,flicker
47.9295,165138,flicker
47.9344,165139,flicker
47.9377,165235,flicker
47.9418,165426,flicker
47.9460,165847,flicker
47.9509,165225,flicker
47.9541,166153,flicker
47.9582,165142,flicker
47.9623,165156,flicker
47.9666,165647,flicker
47.9705,165549,flicker
47.9746,165848,flicker
47.9787,165975,flicker
47.9837,165583,flicker
47.9869,165592,flicker
47.9909,165376,flicker
47.9950,165586,flicker
48.0001,165871,flicker
48.0033,165795,flicker
48.0073,165889,flicker
48.0080,165,flicker
48.0115,337,flicker
48.0121,165405,flicker
48.0169,165869,flicker
48.0196,165343,flicker
48.0237,165481,flicker
48.0278,165376,flicker
48.0319,165771,flicker
48.0360,165369,flicker
48.0401,165474,flicker
48.0442,165505,flicker
48.0489,165179,flicker
48.0526,165750,flicker
48.0566,165379,flicker
48.0607,165589,flicker
48.0647,65623,flicker
48.0693,165943,flicker
48.0737,165647,flicker
48.0771,165281,flicker
48.0811,678,flicker
48.0868,165290,flicker
48.0895,165554,flicker
48.0935,165499,flicker
48.0976,6503,flicker
48.1017,165046,flicker
48.1067,165696,flicker
48.1100,164413,flicker
48.1152,60,flicker
48.1181,165292,flicker
48.1229,165314,flicker
48.1262,165959,flicker
48.1304,164835,flicker
48.1344,165197,flicker
48.1352,164,flicker
48.1385,883,flicker
48.1402,165713,flicker
48.1425,165809,flicker
48.1466,165171,flicker
48.1508,165847,flicker
48.1548,164976,flicker
48.1588,165531,flicker
48.1631,165848,flicker
48.1671,165264,flicker
48.1714,165742,flicker
48.1753,164925,flicker
48.1794,165301,flicker
48.1841,165369,flicker
48.1876,166033,flicker
48.1916,165797,flicker
48.1958,165485,flicker
48.2005,165400,flicker
48.2041,165401,flicker
48.2080,165219,flicker
48.2123,165314,flicker
48.2184,165698,flicker
48.2203,165480,flicker
48.2244,165750,flicker
48.2285,165470,flicker
48.2335,165936,flicker
48.2370,164953,flicker
48.2408,165310,flicker
48.2449,166241,flicker
48.2500,165466,flicker
48.2530,165025,flicker
48.2571,165127,flicker
48.2613,165547,flicker
48.2622,16,flicker
48.2664,517,flicker
48.2718,6,flicker
48.2722,165451,flicker
48.2737,164980,flicker
48.2776,165408,flicker
48.2837,65,flicker
48.2862,165103,flicker
48.2901,165191,flicker
48.2941,165057,flicker
48.2999,165828,flicker
48.3022,165404,flicker
48.3063,165671,flicker
48.3104,165612,flicker
48.3146,64856,flicker
48.3190,165566,flicker
48.3236,165498,flicker
48.3269,165400,flicker
48.3315,164699,flicker
48.3351,165134,flicker
48.3391,165234,flicker
48.3432,165218,flicker
48.3474,65115,flicker
48.3522,164878,flicker
48.3556,165301,flicker
48.3596,165416,flicker
48.3639,165183,flicker
48.3678,165665,flicker
48.3719,165323,flicker
48.3760,164959,flicker
48.3801,165318,flicker
48.3843,166056,flicker
48.3883,165248,flicker
48.3887,16,flicker
48.3923,4733,flicker
48.3938,16496,flicker
48.3965,6,flicker
48.3966,165765,flicker
48.4015,165862,flicker
48.4046,165577,flicker
48.4088,164950,flicker
48.4130,165807,flicker
48.4175,165922,flicker
48.4210,165882,flicker
48.4251,165525,flicker
48.4295,165437,flicker
48.4347,165753,flicker
48.4375,165504,flicker
48.4416,165598,flicker
48.4456,165140,flicker
48.4499,164871,flicker
48.4538,165135,flicker
48.4579,165310,flicker
48.4621,165381,flicker
48.4673,165421,flicker
48.4702,165988,flicker
48.4742,165902,flicker
48.4783,165516,flicker
48.4844,165796,flicker
48.4865,165837,flicker
48.4906,165363,flicker
48.4947,165311,flicker
48.4999,165147,flicker
48.5029,165954,flicker
48.5070,165538,flicker
48.5111,165125,flicker
48.5156,165773,flicker
48.5169,16,flicker
48.5195,5596,flicker
48.5212,16574,flicker
48.5235,6,flicker
48.5236,165617,flicker
48.5275,165111,flicker
48.5325,165889,flicker
48.5358,165325,flicker
48.5399,165645,flicker
48.5440,165613,flicker
48.5483,165489,flicker
48.5521,165951,flicker
48.5562,164990,flicker
48.5603,165271,flicker
48.5662,6,flicker
48.5701,165376,flicker
48.5725,165786,flicker
48.5766,165427,flicker
48.5822,92,flicker
48.5854,165539,flicker
48.5890,165692,flicker
48.5931,165465,flicker
48.6029,165553,flicker
48.6054,165093,flicker
48.6095,165531,flicker
48.6157,16,flicker
48.6177,165283,flicker
48.6222,165516,flicker
48.6259,165348,flicker
48.6300,164876,flicker
48.6341,165384,flicker
48.6382,164949,flicker
48.6422,165994,flicker
48.6430,16,flicker
48.6463,5881,flicker
48.6480,16545,flicker
48.6509,2,flicker
48.6519,165614,flicker
48.6545,165322,flicker
48.6586,165715,flicker
48.6627,165621,flicker
48.6674,165273,flicker
48.6710,165865,flicker
48.6750,165358,flicker
48.6792,165638,flicker
48.6836,165891,flicker
48.6872,165182,flicker
48.6913,165562,flicker
48.6957,165435,flicker
48.7006,165338,flicker
48.7036,165795,flicker
48.7077,165681,flicker
48.7118,165471,flicker
48.7165,165533,flicker
48.7202,165739,flicker
48.7242,165334,flicker
48.7282,165662,flicker
48.7333,165516,flicker
48.7365,165532,flicker
48.7406,165543,flicker
48.7447,165147,flicker
48.7493,66,flicker
48.7529,165125,flicker
48.7569,165075,flicker
48.7609,165836,flicker
48.7651,165699,flicker
48.7693,165925,flicker
48.7711,16,flicker
48.7733,5500,flicker
48.7742,1649,flicker
48.7773,70,flicker
48.7782,165522,flicker
48.7830,165268,flicker
48.7856,165710,flicker
48.7898,165459,flicker
48.7939,165331,flicker
48.7980,619,flicker
48.8021,657,flicker
48.8062,165797,flicker
48.8110,165334,flicker
48.8143,1,flicker
48.8185,6542,flicker
48.8245,165791,flicker
48.8271,165612,flicker
48.8307,619,flicker
48.8348,164852,flicker
48.8397,165299,flicker
48.8436,165664,flicker
48.8479,165438,flicker
48.8512,165198,flicker
48.8562,165232,flicker
48.8594,165425,flicker
48.8635,1538,flicker
48.8678,165451,flicker
48.8716,165640,flicker
48.8766,165592,flicker
48.8798,165681,flicker
48.8843,165415,flicker
48.8881,165690,flicker
48.8921,165215,flicker
48.8961,165528,flicker
48.8980,1,flicker
48.9010,65415,flicker
48.9018,1655,flicker
48.9044,86,flicker
48.9056,165948,flicker
48.9085,165413,flicker
48.9127,165576,flicker
48.9166,165689,flicker
48.9207,165375,flicker
48.9249,165606,flicker
48.9289,165732,flicker
48.9331,165959,flicker
48.9371,165133,flicker
48.9411,165836,flicker
48.9453,165656,flicker
48.9506,165853,flicker
48.9536,165750,flicker
48.9576,165461,flicker
48.9618,165771,flicker
48.9661,165679,flicker
48.9701,165618,flicker
48.9740,165599,flicker
48.9781,164977,flicker
48.9823,165842,flicker
48.9863,165790,flicker
48.9903,165255,flicker
48.9945,165884,flicker
49.0000,65191,flicker
49.0037,165381,flicker
49.0067,165309,flicker
49.0108,165819,flicker
49.0194,165268,flicker
49.0232,165156,flicker
49.0274,165452,flicker
49.0284,164,flicker
49.0325,93165393,flicker
49.0367,165431,flicker
49.0400,165398,flicker
49.0437,165622,flicker
49.0478,165097,flicker
49.0518,165606,flicker
49.0559,165361,flicker
49.0600,165865,flicker
49.0649,65062,flicker
49.0684,165191,flicker
49.0728,165459,flicker
49.0765,165062,flicker
49.0805,65261,flicker
49.0846,165077,flicker
49.0895,165693,flicker
49.0928,165276,flicker
49.0969,65020,flicker
49.1026,165766,flicker
49.1051,165518,flicker
49.1091,164835,flicker
49.1133,163,flicker
49.1173,165318,flicker
49.1216,165655,flicker
49.1256,165407,flicker
49.1296,165618,flicker
49.1337,165572,flicker
49.1378,165590,flicker
49.1419,165652,flicker
49.1460,165441,flicker
49.1502,165676,flicker
49.1542,165855,flicker
49.1551,164,flicker
49.1583,993,flicker
49.1593,165886,flicker
49.1626,165948,flicker
49.1666,165676,flicker
49.1707,165341,flicker
49.1747,165127,flicker
49.1789,165535,flicker
49.1831,166121,flicker
49.1869,165416,flicker
49.1910,165729,flicker
49.1952,165744,flicker
49.1993,165720,flicker
49.2035,165977,flicker
49.2074,165392,flicker
49.2116,165630,flicker
49.2157,165170,flicker
49.2198,165729,flicker
49.2238,165916,flicker
49.2279,165118,flicker
49.2328,164841,flicker
49.2361,165295,flicker
49.2402,165518,flicker
49.2443,165466,flicker
49.2487,165267,flicker
49.2526,165316,flicker
49.2566,165177,flicker
49.2606,165666,flicker
49.2651,165410,flicker
49.2690,165632,flicker
49.2731,165161,flicker
49.2772,165776,flicker
49.2813,65343,flicker
49.2814,165,flicker
49.2877,938,flicker
49.2890,16563,flicker
49.2898,6,flicker
49.2901,165336,flicker
49.2935,165796,flicker
49.2984,65593,flicker
49.3017,165712,flicker
49.3057,165128,flicker
49.3098,165508,flicker
49.3152,658,flicker
49.3182,165266,flicker
49.3222,166100,flicker
49.3262,165981,flicker
49.3304,4,flicker
49.3347,165465,flicker
49.3388,165249,flicker
49.3426,165752,flicker
49.3468,1681,flicker
49.3520,165873,flicker
49.3551,165472,flicker
49.3597,166022,flicker
49.3642,65282,flicker
49.3681,165565,flicker
49.3714,165392,flicker
49.3754,165393,flicker
49.3812,153,flicker
49.3836,165671,flicker
49.3879,165798,flicker
49.3919,165300,flicker
49.3959,165758,flicker
49.4008,165468,flicker
49.4040,165605,flicker
49.4081,165623,flicker
49.4086,16,flicker
49.4122,5114,flicker
49.4126,16537,flicker
49.4166,2,flicker
49.4170,166123,flicker
49.4205,165521,flicker
49.4246,165713,flicker
49.4286,165758,flicker
49.4328,165339,flicker
49.4368,165660,flicker
49.4409,165727,flicker
49.4450,165268,flicker
49.4494,165407,flicker
49.4532,165845,flicker
49.4573,165501,flicker
49.4615,165652,flicker
49.4656,165342,flicker
49.4697,165256,flicker
49.4739,165937,flicker
49.4777,165855,flicker
49.4823,165788,flicker
49.4860,165913,flicker
49.4901,165169,flicker
49.4941,165705,flicker
49.4984,65726,flicker
49.5029,165621,flicker
49.5064,165433,flicker
49.5105,165240,flicker
49.5148,164767,flicker
49.5187,165260,flicker
49.5228,165219,flicker
49.5269,165564,flicker
49.5323,165526,flicker
49.5351,165847,flicker
49.5362,16,flicker
49.5392,5412,flicker
49.5410,16578,flicker
49.5433,2,flicker
49.5443,165448,flicker
49.5488,165719,flicker
49.5515,166047,flicker
49.5555,165666,flicker
49.5596,165515,flicker
49.5660,6,flicker
49.5691,165627,flicker
49.5720,165185,flicker
49.5760,164879,flicker
49.5816,65544,flicker
49.5854,165752,flicker
49.5885,165506,flicker
49.5927,165611,flicker
49.5966,5476,flicker
49.6008,165859,flicker
49.6049,165415,flicker
49.6088,165073,flicker
49.6130,165739,flicker
49.6174,165251,flicker
49.6212,165813,flicker
49.6253,165871,flicker
49.6295,164968,flicker
49.6334,165804,flicker
49.6376,165206,flicker
49.6417,165368,flicker
49.6457,165613,flicker
49.6498,165283,flicker
49.6538,165422,flicker
49.6579,165453,flicker
49.6622,165473,flicker
49.6629,1,flicker
49.6667,65716,flicker
49.6686,1653,flicker
49.6703,72,flicker
49.6717,165325,flicker
49.6745,165483,flicker
49.6786,165503,flicker
49.6826,165347,flicker
49.6866,165810,flicker
49.6907,165692,flicker
49.6951,165268,flicker
49.6991,165422,flicker
49.7033,166030,flicker
49.7072,166042,flicker
49.7113,165577,flicker
49.7162,165205,flicker
49.7194,166058,flicker
49.7235,165496,flicker
49.7276,165490,flicker
49.7331,165068,flicker
49.7359,165287,flicker
49.7400,165746,flicker
49.7440,165713,flicker
49.7484,165451,flicker
49.7524,165624,flicker
49.7564,165108,flicker
49.7604,166215,flicker
49.7647,165660,flicker
49.7686,165386,flicker
49.7726,165470,flicker
49.7767,165141,flicker
49.7828,669,flicker
49.7870,165740,flicker
49.7891,165512,flicker
49.7913,1,flicker
49.7932,64961,flicker
49.7942,165,flicker
49.7974,8,flicker
49.7984,656,flicker
49.8014,165963,flicker
49.8055,165802,flicker
49.8095,164806,flicker
49.8137,614,flicker
49.8178,165542,flicker
49.8221,166098,flicker
49.8259,165447,flicker
49.8301,654,flicker
49.8352,164984,flicker
49.8383,165176,flicker
49.8424,165142,flicker
49.8464,6534,flicker
49.8515,165053,flicker
49.8553,165605,flicker
49.8587,165781,flicker
49.8641,10,flicker
49.8671,165805,flicker
49.8711,165226,flicker
49.8751,165248,flicker
49.8792,165898,flicker
49.8833,165917,flicker
49.8874,165554,flicker
49.8915,165713,flicker
49.8955,165630,flicker
49.9003,165647,flicker
49.9037,165800,flicker
49.9078,165882,flicker
49.9119,165173,flicker
49.9160,165903,flicker
49.9201,165483,flicker
49.9205,165,flicker
49.9242,485,flicker
49.9244,165596,flicker
49.9283,165942,flicker
49.9327,165653,flicker
49.9365,165913,flicker
49.9406,165405,flicker
49.9447,165813,flicker
49.9488,165419,flicker
49.9530,165737,flicker
49.9570,165029,flicker
49.9611,165262,flicker
49.9659,165591,flicker
49.9694,165174,flicker
49.9735,165867,flicker
49.9778,165254,flicker
49.9820,65827,flicker
49.9856,165560,flicker
49.9898,165742,flicker
49.9938,165628,flicker
49.9992,165108,flicker
50.0020,166305,flicker
50.0061,166361,flicker
50.0102,165548,flicker
50.0149,166225,flicker
50.0184,165822,flicker
50.0225,165892,flicker
50.0266,165930,flicker
50.0307,65187,flicker
50.0358,166097,flicker
50.0389,165350,flicker
50.0430,165883,flicker
50.0485,64615,flicker
50.0515,60,flicker
50.0524,165653,flicker
50.0554,165237,flicker
50.0594,165850,flicker
50.0645,663,flicker
50.0682,165646,flicker
50.0718,165423,flicker
50.0758,165629,flicker
50.0804,6572,flicker
50.0846,165293,flicker
50.0882,164900,flicker
50.0922,165657,flicker
50.1004,165280,flicker
50.1045,165594,flicker
50.1085,165793,flicker
50.1169,165257,flicker
50.1210,165733,flicker
50.1250,165849,flicker
50.1291,165876,flicker
50.1333,165730,flicker
50.1372,166059,flicker
50.1413,165636,flicker
50.1454,165655,flicker
50.1496,165495,flicker
50.1537,165797,flicker
50.1578,165636,flicker
50.1620,165470,flicker
50.1660,165267,flicker
50.1700,165534,flicker
50.1742,165931,flicker
50.1750,16,flicker
50.1782,5706,flicker
50.1789,16586,flicker
50.1825,0,flicker
50.1829,165880,flicker
50.1865,165715,flicker
50.1906,165587,flicker
50.1946,165018,flicker
50.1987,165143,flicker
50.2027,165965,flicker
50.2068,165605,flicker
50.2109,165827,flicker
50.2157,165535,flicker
50.2192,165501,flicker
50.2233,165575,flicker
50.2273,165896,flicker
50.2330,165710,flicker
50.2355,165869,flicker
50.2396,166178,flicker
50.2437,166313,flicker
50.2480,166251,flicker
50.2519,165895,flicker
50.2560,165741,flicker
50.2600,166335,flicker
50.2650,165467,flicker
50.2684,165727,flicker
50.2724,165598,flicker
50.2765,166129,flicker
50.2816,6,flicker
50.2856,165688,flicker
50.2889,165499,flicker
50.2929,165740,flicker
50.2971,165432,flicker
50.3011,165768,flicker
50.3025,16,flicker
50.3051,5884,flicker
50.3072,16570,flicker
50.3092,3,flicker
50.3093,165777,flicker
50.3134,65235,flicker
50.3184,165892,flicker
50.3215,165731,flicker
50.3256,165664,flicker
50.3312,6504,flicker
50.3354,165127,flicker
50.3380,165417,flicker
50.3420,165675,flicker
50.3466,165326,flicker
50.3502,165205,flicker
50.3543,165482,flicker
50.3583,165577,flicker
50.3666,165467,flicker
50.3708,165253,flicker
50.3749,165735,flicker
50.3790,165588,flicker
50.3830,165867,flicker
50.3870,165997,flicker
50.3911,165805,flicker
50.3953,164861,flicker
50.3995,165713,flicker
50.4036,165977,flicker
50.4076,165859,flicker
50.4117,165378,flicker
50.4161,165806,flicker
50.4198,165199,flicker
50.4239,165980,flicker
50.4281,165582,flicker
50.4300,1,flicker
50.4322,65031,flicker
50.4325,1658,flicker
50.4362,51,flicker
50.4376,165921,flicker
50.4403,165711,flicker
50.4444,165439,flicker
50.4485,165901,flicker
50.4526,165440,flicker
50.4566,165550,flicker
50.4611,165020,flicker
50.4650,165745,flicker
50.4690,165738,flicker
50.4730,165764,flicker
50.4771,165360,flicker
50.4819,166311,flicker
50.4853,165837,flicker
50.4895,165210,flicker
50.4935,166052,flicker
50.4985,165613,flicker
50.5017,165452,flicker
50.5058,165923,flicker
50.5099,165911,flicker
50.5141,166044,flicker
50.5182,165679,flicker
50.5222,165844,flicker
50.5264,165990,flicker
50.5304,65810,flicker
50.5349,166675,flicker
50.5386,165614,flicker
50.5427,166043,flicker
50.5482,66,flicker
50.5509,166079,flicker
50.5551,165843,flicker
50.5572,1,flicker
50.5591,65563,flicker
50.5601,165,flicker
50.5636,604,flicker
50.5652,166188,flicker
50.5674,165285,flicker
50.5714,165703,flicker
50.5755,165363,flicker
50.5796,6195,flicker
50.5837,165270,flicker
50.5886,165607,flicker
50.5918,166095,flicker
50.5960,650,flicker
50.6005,165807,flicker
50.6042,165515,flicker
50.6082,165657,flicker
50.6140,65958,flicker
50.6173,165398,flicker
50.6205,165603,flicker
50.6246,165790,flicker
50.6287,165685,flicker
50.6329,166237,flicker
50.6369,165375,flicker
50.6410,165879,flicker
50.6452,165957,flicker
50.6492,165716,flicker
50.6532,165602,flicker
50.6573,166045,flicker
50.6615,165915,flicker
50.6657,166250,flicker
50.6696,165660,flicker
50.6737,165928,flicker
50.6779,165435,flicker
50.6820,165237,flicker
50.6860,165601,flicker
50.6868,165,flicker
50.6901,556,flicker
50.6909,165399,flicker
50.6943,166261,flicker
50.6985,165629,flicker
50.7025,166548,flicker
50.7066,166117,flicker
50.7107,165628,flicker
50.7151,165439,flicker
50.7188,165411,flicker
50.7229,166044,flicker
50.7270,165389,flicker
50.7320,166123,flicker
50.7352,166178,flicker
50.7393,165975,flicker
50.7434,166015,flicker
50.7479,165963,flicker
50.7517,165732,flicker
50.7558,165565,flicker
50.7597,165267,flicker
50.7639,165736,flicker
50.7680,165428,flicker
50.7720,165945,flicker
50.7761,165262,flicker
50.7816,65,flicker
50.7850,165667,flicker
50.7885,165362,flicker
50.7925,165297,flicker
50.7967,63,flicker
50.8011,165726,flicker
50.8053,165961,flicker
50.8089,165795,flicker
50.8131,65924,flicker
50.8148,16 ,flicker
50.8172,11,flicker
50.8178,16582,flicker
50.8213,8,flicker
50.8214,165756,flicker
50.8253,165551,flicker
50.8336,164883,flicker
50.8377,165515,flicker
50.8418,165620,flicker
50.8459,69,flicker
50.8505,164987,flicker
50.8545,165562,flicker
50.8582,165394,flicker
50.8624,1659,flicker
50.8670,165546,flicker
50.8705,165057,flicker
50.8745,164836,flicker
50.8786,165991,flicker
50.8826,166268,flicker
50.8867,165432,flicker
50.8908,165279,flicker
50.8949,165562,flicker
50.8991,166053,flicker
50.9032,166109,flicker
50.9072,165863,flicker
50.9113,165421,flicker
50.9155,165723,flicker
50.9195,165773,flicker
50.9236,165371,flicker
50.9279,165930,flicker
50.9324,165672,flicker
50.9359,165501,flicker
50.9400,165476,flicker
50.9413,16,flicker
50.9442,5887,flicker
50.9458,16590,flicker
50.9482,7,flicker
50.9483,165772,flicker
50.9523,166609,flicker
50.9564,165330,flicker
50.9608,166184,flicker
50.9653,165347,flicker
50.9688,165294,flicker
50.9728,165970,flicker
50.9768,165588,flicker
50.9811,165668,flicker
50.9851,165741,flicker
50.9892,165848,flicker
50.9932,166163,flicker
50.9975,165765,flicker
51.0015,165918,flicker
51.0055,165878,flicker
51.0096,165682,flicker
51.0144,165649,flicker
51.0180,165501,flicker
51.0220,165446,flicker
51.0260,165797,flicker
51.0301,165597,flicker
51.0342,165799,flicker
51.0382,165734,flicker
51.0423,166014,flicker
51.0475,6,flicker
51.0508,165754,flicker
51.0548,166368,flicker
51.0588,165759,flicker
51.0648,68,flicker
51.0686,165812,flicker
51.0690,1,flicker
51.0711,66076,flicker
51.0721,1653,flicker
51.0751,41,flicker
51.0761,165118,flicker
51.0810,165624,flicker
51.0834,165684,flicker
51.0875,165422,flicker
51.0916,165303,flicker
51.1017,165792,flicker
51.1039,165783,flicker
51.1079,165978,flicker
51.1138,165,flicker
51.1173,166042,flicker
51.1208,165597,flicker
51.1244,165765,flicker
51.1285,165811,flicker
51.1327,165506,flicker
51.1366,165944,flicker
51.1407,165995,flicker
51.1449,165574,flicker
51.1495,166023,flicker
51.1530,166473,flicker
51.1571,165871,flicker
51.1613,165665,flicker
51.1656,165745,flicker
51.1695,165901,flicker
51.1736,165836,flicker
51.1776,165222,flicker
51.1817,165662,flicker
51.1858,166586,flicker
51.1899,165477,flicker
51.1940,165683,flicker
51.1948,1,flicker
51.1985,65564,flicker
51.2006,1652,flicker
51.2021,40,flicker
51.2037,165603,flicker
51.2062,165520,flicker
51.2103,165983,flicker
51.2151,165226,flicker
51.2185,165432,flicker
51.2226,166011,flicker
51.2267,166021,flicker
51.2310,165292,flicker
51.2351,165482,flicker
51.2392,165838,flicker
51.2431,165396,flicker
51.2473,166104,flicker
51.2514,165977,flicker
51.2555,165977,flicker
51.2595,165926,flicker
51.2651,166150,flicker
51.2677,165501,flicker
51.2717,165561,flicker
51.2758,165341,flicker
51.2799,65168,flicker
51.2859,165739,flicker
51.2884,166318,flicker
51.2922,166199,flicker
51.2978,165729,flicker
51.3004,165336,flicker
51.3045,165978,flicker
51.3087,165601,flicker
51.3128,65964,flicker
51.3168,165689,flicker
51.3215,165819,flicker
51.3250,166306,flicker
51.3267,165,flicker
51.3292,0,flicker
51.3295,165484,flicker
51.3341,165374,flicker
51.3373,165739,flicker
51.3414,165736,flicker
51.3456,96,flicker
51.3495,165620,flicker
51.3537,165558,flicker
51.3578,165634,flicker
51.3626,1612,flicker
51.3672,166157,flicker
51.3708,165644,flicker
51.3741,166259,flicker
51.3783,165579,flicker
51.3826,165924,flicker
51.3866,166085,flicker
51.3906,166107,flicker
51.3947,166427,flicker
51.3988,165937,flicker
51.4029,165702,flicker
51.4070,165931,flicker
51.4113,165563,flicker
51.4154,165537,flicker
51.4192,165614,flicker
51.4233,165686,flicker
51.4275,165473,flicker
51.4315,165351,flicker
51.4356,165876,flicker
51.4397,165762,flicker
51.4438,165694,flicker
51.4480,165365,flicker
51.4520,165780,flicker
51.4532,166,flicker
51.4561,105,flicker
51.4574,165092,flicker
51.4602,166241,flicker
51.4644,165255,flicker
51.4685,165074,flicker
51.4726,166289,flicker
51.4765,165510,flicker
51.4814,165865,flicker
51.4847,166108,flicker
51.4888,165898,flicker
51.4929,165638,flicker
51.4972,165356,flicker
51.5013,165800,flicker
51.5054,166375,flicker
51.5093,165638,flicker
51.5145,166017,flicker
51.5175,165831,flicker
51.5217,165851,flicker
51.5257,166245,flicker
51.5302,65343,flicker
51.5340,166119,flicker
51.5380,166576,flicker
51.5421,165539,flicker
51.5462,66065,flicker
51.5504,165657,flicker
51.5545,166023,flicker
51.5586,166049,flicker
51.5643,65,flicker
51.5668,165972,flicker
51.5708,165408,flicker
51.5748,166203,flicker
51.5790,65472,flicker
51.5799,16,flicker
51.5859,5878,flicker
51.5869,16579,flicker
51.5871,5,flicker
51.5872,165373,flicker
51.5912,165941,flicker
51.5953,65152,flicker
51.6001,165465,flicker
51.6043,165348,flicker
51.6076,165781,flicker
51.6119,165780,flicker
51.6168,165468,flicker
51.6199,165854,flicker
51.6240,166099,flicker
51.6283,165423,flicker
51.6327,165672,flicker
51.6363,165121,flicker
51.6403,165627,flicker
51.6446,165816,flicker
51.6487,165313,flicker
51.6527,165379,flicker
51.6568,165382,flicker
51.6609,166146,flicker
51.6656,165729,flicker
51.6690,165780,flicker
51.6731,166149,flicker
51.6774,165460,flicker
51.6816,166332,flicker
51.6855,166842,flicker
51.6895,166198,flicker
51.6936,165683,flicker
51.6979,165602,flicker
51.7018,166174,flicker
51.7059,165865,flicker
51.7070,16,flicker
51.7101,5364,flicker
51.7117,16635,flicker
51.7144,9,flicker
51.7145,165748,flicker
51.7182,166196,flicker
51.7223,166819,flicker
51.7264,166026,flicker
51.7312,166121,flicker
51.7347,165389,flicker
51.7388,166027,flicker
51.7428,166079,flicker
51.7480,165819,flicker
51.7510,166201,flicker
51.7551,165565,flicker
51.7591,165912,flicker
51.7641,651,flicker
51.7682,166239,flicker
51.7715,165523,flicker
51.7755,165618,flicker
51.7797,165758,flicker
51.7838,166158,flicker
51.7878,165944,flicker
51.7919,165395,flicker
51.7964,165996,flicker
51.8002,165841,flicker
51.8042,165620,flicker
51.8084,166028,flicker
51.8134,657,flicker
51.8173,165863,flicker
51.8212,165413,flicker
51.8247,165498,flicker
51.8288,65601,flicker
51.8330,165973,flicker
51.8353,16,flicker
51.8370,5994,flicker
51.8392,1655,flicker
51.8411,36,flicker
51.8421,165851,flicker
51.8456,165477,flicker
51.8503,165619,flicker
51.8533,165776,flicker
51.8575,165635,flicker
51.8616,166256,flicker
51.8657,165224,flicker
51.8697,165306,flicker
51.8738,165360,flicker
51.8781,165910,flicker
51.8820,165781,flicker
51.8861,165788,flicker
51.8902,165202,flicker
51.8944,166004,flicker
51.8985,165956,flicker
51.9026,165600,flicker
51.9066,166289,flicker
51.9107,165334,flicker
51.9156,166154,flicker
51.9189,165779,flicker
51.9230,165905,flicker
51.9271,165479,flicker
51.9314,165707,flicker
51.9356,166519,flicker
51.9394,165479,flicker
51.9435,165844,flicker
51.9490,166331,flicker
51.9517,165586,flicker
51.9557,166041,flicker
51.9601,165198,flicker
51.9609,1,flicker
51.9651,66289,flicker
51.9669,1653,flicker
51.9681,76,flicker
51.9690,165110,flicker
51.9722,165878,flicker
51.9765,165378,flicker
51.9815,166012,flicker
51.9845,166066,flicker
51.9885,165411,flicker
51.9926,165757,flicker
51.9968,65568,flicker
52.0013,165204,flicker
52.0052,165760,flicker
52.0090,165955,flicker
52.0133,166164,flicker
52.0176,166024,flicker
52.0213,165495,flicker
52.0254,165575,flicker
52.0296,6526,flicker
52.0336,165913,flicker
52.0388,165409,flicker
52.0431,165881,flicker
52.0460,65093,flicker
52.0506,165591,flicker
52.0550,165792,flicker
52.0582,165613,flicker
52.0638,65976,flicker
52.0665,165573,flicker
52.0712,165602,flicker
52.0764,165690,flicker
52.0787,650,flicker
52.0831,165290,flicker
52.0879,165659,flicker
52.0917,165523,flicker
52.0928,166,flicker
52.0955,183,flicker
52.0966,165356,flicker
52.0991,165343,flicker
52.1032,165933,flicker
52.1073,165425,flicker
52.1116,166247,flicker
52.1158,165810,flicker
52.1196,166210,flicker
52.1237,165789,flicker
52.1278,166142,flicker
52.1320,165925,flicker
52.1360,165420,flicker
52.1401,165990,flicker
52.1442,165718,flicker
52.1484,165672,flicker
52.1524,165503,flicker
52.1566,166011,flicker
52.1606,165605,flicker
52.1660,165871,flicker
52.1687,165758,flicker
52.1728,166067,flicker
52.1769,165985,flicker
52.1811,165734,flicker
52.1851,166208,flicker
52.1892,165639,flicker
52.1933,165622,flicker
52.1975,166037,flicker
52.2015,165419,flicker
52.2057,165906,flicker
52.2099,165919,flicker
52.2140,165625,flicker
52.2180,165857,flicker
52.2200,166,flicker
52.2220,047,flicker
52.2229,165485,flicker
52.2261,165907,flicker
52.2312,166151,flicker
52.2343,165818,flicker
52.2384,165891,flicker
52.2424,166452,flicker
52.2486,66,flicker
52.2521,165971,flicker
52.2547,165379,flicker
52.2591,165923,flicker
52.2632,65927,flicker
52.2673,165550,flicker
52.2711,166135,flicker
52.2753,165324,flicker
52.2797,65542,flicker
52.2836,166081,flicker
52.2886,165740,flicker
52.2925,165790,flicker
52.2970,6585,flicker
52.2998,165070,flicker
52.3049,166244,flicker
52.3081,166021,flicker
52.3176,165149,flicker
52.3203,165363,flicker
52.3245,165555,flicker
52.3297,165749,flicker
52.3326,165564,flicker
52.3367,165959,flicker
52.3408,165908,flicker
52.3449,65604,flicker
52.3457,16,flicker
52.3500,5872,flicker
52.3515,16503,flicker
52.3531,5,flicker
52.3535,166046,flicker
52.3572,166247,flicker
52.3614,61,flicker
52.3660,166537,flicker
52.3696,166013,flicker
52.3736,165629,flicker
52.3778,165607,flicker
52.3819,165354,flicker
52.3858,165854,flicker
52.3899,165165,flicker
52.3940,165671,flicker
52.3983,165314,flicker
52.4022,165568,flicker
52.4063,165518,flicker
52.4104,165482,flicker
52.4145,165553,flicker
52.4186,165427,flicker
52.4227,165981,flicker
52.4268,165931,flicker
52.4310,165569,flicker
52.4350,166097,flicker
52.4391,165983,flicker
52.4432,165637,flicker
52.4473,165629,flicker
52.4513,165850,flicker
52.4555,166217,flicker
52.4596,165470,flicker
52.4642,165728,flicker
52.4678,165538,flicker
52.4719,165603,flicker
52.4720,16,flicker
52.4759,5758,flicker
52.4761,1654,flicker
52.4809,57,flicker
52.4813,165564,flicker
52.4843,165845,flicker
52.4882,165521,flicker
52.4923,165917,flicker
52.4971,165313,flicker
52.5005,165505,flicker
52.5046,165962,flicker
52.5087,165515,flicker
52.5128,65966,flicker
52.5177,165490,flicker
52.5214,166324,flicker
52.5251,165941,flicker
52.5293,692,flicker
52.5335,165491,flicker
52.5380,165760,flicker
52.5415,165661,flicker
52.5456,651,flicker
52.5497,165517,flicker
52.5538,166312,flicker
52.5582,164732,flicker
52.5621,658,flicker
52.5666,165972,flicker
52.5702,165311,flicker
52.5743,166050,flicker
52.5783,165661,flicker
52.5837,166077,flicker
52.5867,165830,flicker
52.5907,165476,flicker
52.5962,6981,flicker
52.5996,165077,flicker
52.6007,1,flicker
52.6030,65635,flicker
52.6041,1658,flicker
52.6071,04,flicker
52.6082,166277,flicker
52.6112,165806,flicker
52.6153,165357,flicker
52.6194,165818,flicker
52.6235,166313,flicker
52.6277,166053,flicker
52.6320,165851,flicker
52.6357,165179,flicker
52.6398,166263,flicker
52.6439,165516,flicker
52.6485,165846,flicker
52.6521,166023,flicker
52.6562,165800,flicker
52.6603,165668,flicker
52.6644,166253,flicker
52.6685,166242,flicker
52.6726,165651,flicker
52.6767,165844,flicker
52.6808,165754,flicker
52.6849,166122,flicker
52.6890,165467,flicker
52.6935,166013,flicker
52.6975,165573,flicker
52.7013,165893,flicker
52.7054,166074,flicker
52.7095,165844,flicker
52.7144,165932,flicker
52.7176,165948,flicker
52.7217,165483,flicker
52.7259,166090,flicker
52.7314,165662,flicker
52.7335,166,flicker
52.7340,114,flicker
52.7355,165795,flicker
52.7381,166054,flicker
52.7421,165579,flicker
52.7472,166169,flicker
52.7505,165829,flicker
52.7546,165800,flicker
52.7588,166015,flicker
52.7631,165968,flicker
52.7672,165680,flicker
52.7708,165183,flicker
52.7749,165448,flicker
52.7792,679,flicker
52.7842,165877,flicker
52.7873,166405,flicker
52.7914,165792,flicker
52.7956,65743,flicker
52.7999,166211,flicker
52.8038,166118,flicker
52.8078,165825,flicker
52.8118,65344,flicker
52.8165,165235,flicker
52.8206,165875,flicker
52.8241,165382,flicker
52.8282,65744,flicker
52.8325,165645,flicker
52.8379,166027,flicker
52.8405,165617,flicker
52.8447,192,flicker
52.8488,165625,flicker
52.8542,165550,flicker
52.8570,165651,flicker
52.8582,165,flicker
52.8622,69716593,flicker
52.8652,5,flicker
52.8653,165996,flicker
52.8691,165130,flicker
52.8732,165615,flicker
52.8775,165870,flicker
52.8816,165898,flicker
52.8855,165925,flicker
52.8896,165120,flicker
52.8937,166173,flicker
52.8988,165329,flicker
52.9020,165859,flicker
52.9062,165674,flicker
52.9101,165661,flicker
52.9145,165966,flicker
52.9184,165976,flicker
52.9225,165927,flicker
52.9265,165611,flicker
52.9306,165653,flicker
52.9348,166333,flicker
52.9389,166106,flicker
52.9432,165504,flicker
52.9470,165964,flicker
52.9512,165630,flicker
52.9553,166452,flicker
52.9593,165843,flicker
52.9635,165493,flicker
52.9675,165639,flicker
52.9715,166488,flicker
52.9756,165792,flicker
52.9808,165358,flicker
52.9839,165937,flicker
52.9860,16,flicker
52.9880,6248,flicker
52.9890,16574,flicker
52.9920,4,flicker
52.9920,165561,flicker
52.9966,165792,flicker
53.0003,165693,flicker
53.0043,165873,flicker
53.0084,165642,flicker
53.0130,166358,flicker
53.0166,165514,flicker
53.0207,165729,flicker
53.0247,166027,flicker
53.0296,165899,flicker
53.0331,165395,flicker
53.0371,165565,flicker
53.0412,165872,flicker
53.0474,62,flicker
53.0505,165463,flicker
53.0537,165996,flicker
53.0577,166008,flicker
53.0631,633,flicker
53.0671,165345,flicker
53.0704,165787,flicker
53.0740,164780,flicker
53.0791,65,flicker
53.0837,165650,flicker
53.0869,165916,flicker
53.0903,165643,flicker
53.0962,666,flicker
53.0997,165744,flicker
53.1033,165767,flicker
53.1070,165433,flicker
53.1109,165730,flicker
53.1115,16,flicker
53.1154,5436,flicker
53.1156,16551,flicker
53.1190,7,flicker
53.1191,165746,flicker
53.1231,166214,flicker
53.1273,165786,flicker
53.1323,165642,flicker
53.1355,165905,flicker
53.1396,165944,flicker
53.1435,165319,flicker
53.1478,165494,flicker
53.1519,165759,flicker
53.1558,165578,flicker
53.1600,165976,flicker
53.1645,165766,flicker
53.1681,165507,flicker
53.1722,166099,flicker
53.1763,166023,flicker
53.1817,165542,flicker
53.1845,166078,flicker
53.1886,166120,flicker
53.1928,166021,flicker
53.1974,165388,flicker
53.2009,165605,flicker
53.2050,165288,flicker
53.2095,165549,flicker
53.2142,165796,flicker
53.2175,166097,flicker
53.2215,166019,flicker
53.2255,165755,flicker
53.2312,166174,flicker
53.2336,165342,flicker
53.2378,164604,flicker
53.2396,16,flicker
53.2419,5321,flicker
53.2434,1652,flicker
53.2465,2,flicker
53.2510,165167,flicker
53.2545,165499,flicker
53.2584,165426,flicker
53.2624,65604,flicker
53.2676,165271,flicker
53.2705,165397,flicker
53.2746,165548,flicker
53.2789,164846,flicker
53.2839,165540,flicker
53.2870,165297,flicker
53.2910,165182,flicker
53.2952,65256,flicker
53.3008,165501,flicker
53.3039,165126,flicker
53.3076,165631,flicker
53.3115,65365,flicker
53.3163,165292,flicker
53.3200,165666,flicker
53.3239,166003,flicker
53.3279,165581,flicker
53.3321,165283,flicker
53.3362,165524,flicker
53.3402,165522,flicker
53.3454,6537,flicker
53.3498,165901,flicker
53.3525,165166,flicker
53.3566,165222,flicker
53.3608,694,flicker
53.3657,165842,flicker
53.3673,1,flicker
53.3694,65799,flicker
53.3712,1646,flicker
53.3729,96,flicker
53.3731,165477,flicker
53.3771,165702,flicker
53.3811,165766,flicker
53.3853,165762,flicker
53.3894,165444,flicker
53.3935,166102,flicker
53.3977,165307,flicker
53.4017,165552,flicker
53.4057,165348,flicker
53.4098,164986,flicker
53.4145,165818,flicker
53.4181,165505,flicker
53.4222,165784,flicker
53.4262,165498,flicker
53.4308,165417,flicker
53.4343,165879,flicker
53.4384,165274,flicker
53.4426,165069,flicker
53.4479,165734,flicker
53.4508,164421,flicker
53.4549,165960,flicker
53.4591,165414,flicker
53.4632,166079,flicker
53.4671,165731,flicker
53.4712,165485,flicker
53.4753,165878,flicker
53.4807,165708,flicker
53.4835,165415,flicker
53.4876,165332,flicker
53.4917,165236,flicker
53.4958,65586,flicker
53.4960,165,flicker
53.5014,494,flicker
53.5032,165689,flicker
53.5040,165919,flicker
53.5081,164924,flicker
53.5122,66337,flicker
53.5174,164817,flicker
53.5210,165562,flicker
53.5245,165976,flicker
53.5287,6541,flicker
53.5329,165864,flicker
53.5371,165380,flicker
53.5409,165715,flicker
53.5452,165488,flicker
53.5492,165410,flicker
53.5531,165241,flicker
53.5572,164943,flicker
53.5615,165924,flicker
53.5655,165695,flicker
53.5695,165726,flicker
53.5736,165665,flicker
53.5791,6500,flicker
53.5827,165509,flicker
53.5860,165985,flicker
53.5901,165713,flicker
53.5962,65,flicker
53.5994,165262,flicker
53.6032,165504,flicker
53.6070,165933,flicker
53.6105,165418,flicker
53.6156,165428,flicker
53.6187,165239,flicker
53.6228,165707,flicker
53.6237,165,flicker
53.6269,387,flicker
53.6288,165843,flicker
53.6312,165584,flicker
53.6352,165687,flicker
53.6392,165735,flicker
53.6433,165804,flicker
53.6482,165599,flicker
53.6515,166483,flicker
53.6556,166003,flicker
53.6596,165939,flicker
53.6641,166666,flicker
53.6678,165475,flicker
53.6719,165820,flicker
53.6760,164872,flicker
53.6809,165460,flicker
53.6842,166200,flicker
53.6883,165396,flicker
53.6925,165468,flicker
53.6968,165771,flicker
53.7006,166120,flicker
53.7047,165683,flicker
53.7089,165225,flicker
53.7139,165765,flicker
53.7170,165489,flicker
53.7211,165943,flicker
53.7253,165854,flicker
53.7309,165831,flicker
53.7335,165825,flicker
53.7375,165227,flicker
53.7415,165849,flicker
53.7459,165778,flicker
53.7498,165840,flicker
53.7502,165,flicker
53.7538,381,flicker
53.7552,165967,flicker
53.7579,165668,flicker
53.7637,66188,flicker
53.7661,166034,flicker
53.7702,165521,flicker
53.7743,165192,flicker
53.7786,65270,flicker
53.7847,165774,flicker
53.7868,165517,flicker
53.7908,165368,flicker
53.7962,647,flicker
53.7990,165263,flicker
53.8035,165655,flicker
53.8071,165717,flicker
53.8112,64901,flicker
53.8157,165967,flicker
53.8203,165756,flicker
53.8235,165616,flicker
53.8292,65,flicker
53.8326,165564,flicker
53.8361,165790,flicker
53.8402,166040,flicker
53.8440,656,flicker
53.8488,166145,flicker
53.8523,165548,flicker
53.8565,165613,flicker
53.8646,166146,flicker
53.8690,165651,flicker
53.8727,164935,flicker
53.8769,1610,rest
53.8790,16,rest
53.8829,4515,rest
53.8868,65,rest
53.8891,165215,rest
53.8934,165497,rest
53.8980,165302,rest
53.9023,6,rest
53.9064,165821,rest
53.9095,165679,rest
53.9146,165652,rest
53.9178,165534,rest
53.9219,166010,rest
53.9259,165740,rest
53.9310,165491,rest
53.9341,165476,rest
53.9381,166066,rest
53.9424,165760,rest
53.9468,166082,rest
53.9505,165378,rest
53.9545,165733,rest
53.9587,165207,rest
53.9635,165716,rest
53.9668,165434,rest
53.9709,166023,rest
53.9750,165803,rest
53.9796,165863,rest
53.9833,165925,rest
53.9874,165658,rest
53.9914,165524,rest
53.9955,166284,rest
53.9999,165953,rest
54.0037,165647,rest
54.0038,16,rest
54.0078,5339,rest
54.0089,16539,rest
54.0120,4,rest
54.0124,165846,rest
54.0163,165343,rest
54.0202,165636,rest
54.0242,165740,rest
54.0285,653,rest
54.0347,66061,rest
54.0370,65521,rest
54.0406,165753,rest
54.0451,166119,rest
54.0496,165881,rest
54.0528,166050,rest
54.0569,165450,rest
54.0629,6562,rest
54.0662,166025,rest
54.0695,165540,rest
54.0733,165966,rest
54.0776,608,rest
54.0817,1650,rest
54.0869,166155,rest
54.0906,165546,rest
54.0939,165530,rest
54.0980,165298,rest
54.1021,165713,rest
54.1061,165823,rest
54.1118,65,rest
54.1144,166091,rest
54.1186,165781,rest
54.1226,165426,rest
54.1266,165201,rest
54.1307,165748,rest
54.1324,16,rest
54.1348,6068,rest
54.1355,1655,rest
54.1389,40,rest
54.1395,165387,rest
54.1430,165967,rest
54.1482,165936,rest
54.1513,165691,rest
54.1553,165300,rest
54.1594,165750,rest
54.1636,165618,rest
54.1675,166249,rest
54.1716,166329,rest
54.1759,166154,rest
54.1807,165952,rest
54.1839,165966,rest
54.1880,165561,rest
54.1921,165521,rest
54.1973,165478,rest
54.2004,166069,rest
54.2044,165727,rest
54.2087,165604,rest
54.2136,165947,rest
54.2167,165752,rest
54.2208,165885,rest
54.2249,165877,rest
54.2303,165375,rest
54.2333,165697,rest
54.2373,165687,rest
54.2413,165700,rest
54.2470,66,rest
54.2501,166023,rest
54.2539,165821,rest
54.2578,166328,rest
54.2630,165583,rest
54.2646,1653,rest
54.2658,90,rest
54.2667,165894,rest
54.2700,166019,rest
54.2740,165143,rest
54.2791,65802,rest
54.2828,165902,rest
54.2864,165832,rest
54.2904,165153,rest
54.2946,6567,rest
54.2988,166066,rest
54.3029,166080,rest
54.3068,165422,rest
54.3113,165638,rest
54.3155,165673,rest
54.3192,165409,rest
54.3232,166023,rest
54.3273,165721,rest
54.3319,165282,rest
54.3355,166244,rest
54.3395,164988,rest
54.3451,16,rest
54.3477,166001,rest
54.3529,165817,rest
54.3561,166504,rest
54.3611,655,rest
54.3643,166076,rest
54.3682,166127,rest
54.3723,165763,rest
54.3766,165938,rest
54.3809,165582,rest
54.3846,165448,rest
54.3887,166217,rest
54.3899,165,rest
54.3929,549,rest
54.3949,165819,rest
54.3969,165573,rest
54.4010,165779,rest
54.4051,165698,rest
54.4092,165793,rest
54.4135,166115,rest
54.4174,165821,rest
54.4214,165746,rest
54.4256,165763,rest
54.4301,165812,rest
54.4338,165990,rest
54.4378,165416,rest
54.4421,165969,rest
54.4464,166143,rest
54.4503,165881,rest
54.4544,166328,rest
54.4584,165921,rest
54.4629,166016,rest
54.4666,166389,rest
54.4707,165782,rest
54.4748,166094,rest
54.4791,165351,rest
54.4829,165852,rest
54.4871,165564,rest
54.4911,166100,rest
54.4954,165923,rest
54.4994,165216,rest
54.5035,165798,rest
54.5075,166170,rest
54.5131,165644,rest
54.5157,166238,rest
54.5172,16,rest
54.5198,5383,rest
54.5200,16585,rest
54.5238,0,rest
54.5239,165706,rest
54.5280,65377,rest
54.5341,166118,rest
54.5364,165655,rest
54.5404,166188,rest
54.5457,165762,rest
54.5485,165797,rest
54.5525,165878,rest
54.5566,165270,rest
54.5609,6574,rest
54.5665,166005,rest
54.5690,165900,rest
54.5730,165288,rest
54.5787,165928,rest
54.5812,165753,rest
54.5853,165752,rest
54.5895,165956,rest
54.5943,6,rest
54.5990,165570,rest
54.6017,165577,rest
54.6058,166030,rest
54.6099,165788,rest
54.6145,165591,rest
54.6181,165389,rest
54.6222,165885,rest
54.6281,11,rest
54.6316,165992,rest
54.6345,165677,rest
54.6386,165326,rest
54.6427,166170,rest
54.6437,16,rest
54.6475,6033,rest
54.6485,16579,rest
54.6508,2,rest
54.6509,166079,rest
54.6549,165610,rest
54.6591,165635,rest
54.6634,166052,rest
54.6672,165719,rest
54.6713,165499,rest
54.6756,166084,rest
54.6801,165962,rest
54.6837,165661,rest
54.6878,165434,rest
54.6920,165618,rest
54.6962,166090,rest
54.7000,165761,rest
54.7041,166327,rest
54.7082,165735,rest
54.7134,165638,rest
54.7164,165829,rest
54.7204,165959,rest
54.7245,166113,rest
54.7298,165657,rest
54.7328,165390,rest
54.7368,165586,rest
54.7410,166032,rest
54.7463,166029,rest
54.7492,165986,rest
54.7533,165884,rest
54.7573,165183,rest
54.7620,165322,rest
54.7656,165190,rest
54.7697,165805,rest
54.7704,1,rest
54.7737,65488,rest
54.7743,1659,rest
54.7778,4,rest
54.7799,165,rest
54.7851,165404,rest
54.7860,165414,rest
54.7901,165981,rest
54.7956,165814,rest
54.7983,166140,rest
54.8024,165581,rest
54.8065,165813,rest
54.8115,166313,rest
54.8147,166135,rest
54.8187,165712,rest
54.8228,165826,rest
54.8296,68,rest
54.8316,166025,rest
54.8352,166397,rest
54.8393,165768,rest
54.8440,6,rest
54.8483,165723,rest
54.8516,165511,rest
54.8557,166017,rest
54.8618,1691,rest
54.8648,166012,rest
54.8681,165749,rest
54.8721,166005,rest
54.8762,166570,rest
54.8802,166185,rest
54.8843,165735,rest
54.8885,165736,rest
54.8926,165460,rest
54.8966,165775,rest
54.8978,1,rest
54.9007,65981,rest
54.9017,1657,rest
54.9049,53,rest
54.9063,165830,rest
54.9090,165275,rest
54.9139,166419,rest
54.9172,165787,rest
54.9212,165437,rest
54.9256,166264,rest
54.9304,165567,rest
54.9336,166073,rest
54.9378,165189,rest
54.9417,166017,rest
54.9466,165931,rest
54.9498,165577,rest
54.9539,166107,rest
54.9581,165733,rest
54.9625,166120,rest
54.9663,165523,rest
54.9703,165944,rest
54.9745,165976,rest
54.9796,166269,rest
54.9826,165618,rest
54.9867,166512,rest
54.9908,165332,rest
54.9961,166570,rest
54.9992,165704,rest
55.0033,166363,rest
55.0073,165895,rest
55.0114,65821,rest
55.0181,165864,rest
55.0196,166094,rest
55.0236,165916,rest
55.0239,1,rest
55.0287,65483,rest
55.0300,1659,rest
55.0318,07,rest
55.0330,165375,rest
55.0359,166010,rest
55.0400,165722,rest
55.0443,65396,rest
55.0483,165685,rest
55.0524,166280,rest
55.0564,165358,rest
55.0605,66066,rest
55.0656,165710,rest
55.0694,165806,rest
55.0728,165774,rest
55.0769,6786,rest
55.0814,165559,rest
55.0851,165334,rest
55.0902,166026,rest
55.0943,6,rest
55.0980,165714,rest
55.1016,166087,rest
55.1056,165582,rest
55.1096,65967,rest
55.1138,166094,rest
55.1178,165497,rest
55.1218,166307,rest
55.1260,166075,rest
55.1303,165511,rest
55.1344,166697,rest
55.1384,165512,rest
55.1424,165901,rest
55.1469,166089,rest
55.1505,166062,rest
55.1515,1,rest
55.1547,65632,rest
55.1555,1654,rest
55.1587,41,rest
55.1596,165981,rest
55.1638,166374,rest
55.1669,166090,rest
55.1710,165887,rest
55.1751,165572,rest
55.1799,165840,rest
55.1833,165743,rest
55.1875,166086,rest
55.1916,166532,rest
55.1956,165626,rest
55.1998,165763,rest
55.2038,166138,rest
55.2080,165689,rest
55.2123,165561,rest
55.2161,166352,rest
55.2202,165952,rest
55.2244,166155,rest
55.2285,166327,rest
55.2325,165636,rest
55.2366,165892,rest
55.2406,165656,rest
55.2448,66062,rest
55.2488,165652,rest
55.2537,165759,rest
55.2571,165609,rest
55.2615,166166,rest
55.2656,166359,rest
55.2697,166292,rest
55.2735,165593,rest
55.2788,166409,rest
55.2800,1,rest
55.2816,65751,rest
55.2830,1657,rest
55.2857,48,rest
55.2859,166363,rest
55.2900,165836,rest
55.2939,65534,rest
55.2991,165524,rest
55.3023,165568,rest
55.3062,165939,rest
55.3106,166119,rest
55.3144,165802,rest
55.3185,166248,rest
55.3225,166130,rest
55.3317,165697,rest
55.3349,165549,rest
55.3393,165971,rest
55.3431,65984,rest
55.3477,165845,rest
55.3518,165358,rest
55.3554,165780,rest
55.3637,165635,rest
55.3690,165994,rest
55.3717,165472,rest
55.3759,166131,rest
55.3799,165876,rest
55.3840,165663,rest
55.3881,166045,rest
55.3923,165741,rest
55.3964,166275,rest
55.4004,165784,rest
55.4045,166135,rest
55.4087,165837,rest
55.4107,165,rest
55.4132,431,rest
55.4136,166326,rest
55.4168,165964,rest
55.4209,166788,rest
55.4250,166115,rest
55.4291,165834,rest
55.4331,165955,rest
55.4372,165710,rest
55.4414,165745,rest
55.4464,166721,rest
55.4496,166071,rest
55.4536,166169,rest
55.4578,165365,rest
55.4625,166139,rest
55.4659,165837,rest
55.4700,166276,rest
55.4741,166341,rest
55.4791,165915,rest
55.4823,165949,rest
55.4865,165505,rest
55.4905,165533,rest
55.4948,166065,rest
55.4987,165666,rest
55.5028,165976,rest
55.5069,165830,rest
55.5110,65687,rest
55.5154,166412,rest
55.5202,165378,rest
55.5233,166502,rest
55.5275,166275,rest
55.5316,165943,rest
55.5357,165849,rest
55.5366,165,rest
55.5396,760,rest
55.5406,16594,rest
55.5439,150,rest
55.5479,166056,rest
55.5520,166294,rest
55.5561,165749,rest
55.5602,165937,rest
55.5644,166047,rest
55.5683,165842,rest
55.5725,165818,rest
55.5766,652,rest
55.5806,165793,rest
55.5848,166292,rest
55.5889,165957,rest
55.5941,4,rest
55.5979,166096,rest
55.6013,166154,rest
55.6053,166011,rest
55.6094,15562,rest
55.6135,165687,rest
55.6184,165267,rest
55.6217,166104,rest
55.6262,165848,rest
55.6298,165992,rest
55.6339,165974,rest
55.6380,165403,rest
55.6421,165440,rest
55.6465,165732,rest
55.6502,165793,rest
55.6543,166647,rest
55.6585,166143,rest
55.6626,165675,rest
55.6632,16,rest
55.6667,6233,rest
55.6672,16605,rest
55.6707,3,rest
55.6711,165867,rest
55.6750,166142,rest
55.6789,165779,rest
55.6830,166136,rest
55.6871,165495,rest
55.6913,165746,rest
55.6954,165965,rest
55.6994,166075,rest
55.7035,165990,rest
55.7076,165729,rest
55.7119,165816,rest
55.7158,165910,rest
55.7199,166029,rest
55.7240,165818,rest
55.7294,165989,rest
55.7321,165775,rest
55.7362,166245,rest
55.7403,166217,rest
55.7456,165960,rest
55.7486,166057,rest
55.7528,165778,rest
55.7567,166239,rest
55.7625,165720,rest
55.7649,166863,rest
55.7690,166775,rest
55.7731,165806,rest
55.7784,166366,rest
55.7815,165824,rest
55.7856,165964,rest
55.7898,165910,rest
55.7908,1,rest
55.7937,570,rest
55.7949,1657,rest
55.7990,97,rest
55.8004,165955,rest
55.8026,166692,rest
55.8060,166015,rest
55.8101,686,rest
55.8141,166102,rest
55.8196,166179,rest
55.8224,165794,rest
55.8264,66142,rest
55.8314,165445,rest
55.8345,166134,rest
55.8392,165692,rest
55.8436,60,rest
55.8468,166003,rest
55.8512,165959,rest
55.8550,166802,rest
55.8593,669,rest
55.8643,165956,rest
55.8681,165944,rest
55.8715,165864,rest
55.8756,16965,rest
55.8809,165649,rest
55.8837,166120,rest
55.8884,166003,rest
55.8920,165582,rest
55.8960,166038,rest
55.9001,165896,rest
55.9042,165951,rest
55.9083,165761,rest
55.9132,165469,rest
55.9165,166447,rest
55.9179,1,rest
55.9206,66460,rest
55.9209,1666,rest
55.9247,22,rest
55.9248,166205,rest
55.9291,165506,rest
55.9329,166893,rest
55.9370,165828,rest
55.9411,166423,rest
55.9455,166732,rest
55.9493,165982,rest
55.9534,166912,rest
55.9575,166115,rest
55.9619,166348,rest
55.9664,166733,rest
55.9697,165860,rest
55.9740,166738,rest
55.9779,166337,rest
55.9828,166096,rest
55.9861,166023,rest
55.9902,166103,rest
55.9947,166179,rest
55.9984,166478,rest
56.0025,166203,rest
56.0066,166338,rest
56.0110,165981,rest
56.0147,165863,rest
56.0188,166035,rest
56.0229,166221,rest
56.0281,166442,rest
56.0311,166165,rest
56.0352,166693,rest
56.0394,166360,rest
56.0458,663,rest
56.0477,166284,rest
56.0486,166,rest
56.0516,204,rest
56.0525,166198,rest
56.0558,165593,rest
56.0608,66,rest
56.0649,166348,rest
56.0680,166200,rest
56.0724,166190,rest
56.0763,658,rest
56.0806,165984,rest
56.0859,165956,rest
56.0886,166044,rest
56.0938,6,rest
56.0974,166095,rest
56.1008,166109,rest
56.1049,166051,rest
56.1105,8,rest
56.1136,166271,rest
56.1187,166164,rest
56.1240,166171,rest
56.1254,166413,rest
56.1295,166110,rest
56.1335,166206,rest
56.1376,165552,rest
56.1418,166254,rest
56.1465,166082,rest
56.1500,166824,rest
56.1541,166178,rest
56.1582,165680,rest
56.1623,166145,rest
56.1664,166494,rest
56.1705,166034,rest
56.1746,166314,rest
56.1764,165,rest
56.1787,982,rest
56.1790,165771,rest
56.1827,166464,rest
56.1868,166435,rest
56.1909,166848,rest
56.1953,166444,rest
56.1992,166158,rest
56.2032,166062,rest
56.2073,166583,rest
56.2118,166020,rest
56.2155,166377,rest
56.2195,166359,rest
56.2237,166388,rest
56.2283,166732,rest
56.2319,165939,rest
56.2360,166227,rest
56.2400,165705,rest
56.2454,166250,rest
56.2482,165929,rest
56.2523,165871,rest
56.2564,166115,rest
56.2609,165667,rest
56.2650,166538,rest
56.2687,166457,rest
56.2728,166065,rest
56.2770,166631,rest
56.2810,166997,rest
56.2851,166731,rest
56.2892,166380,rest
56.2935,166206,rest
56.2977,166556,rest
56.3016,166106,rest
56.3036,166,rest
56.3056,626,rest
56.3067,16682,rest
56.3100,2,rest
56.3101,165943,rest
56.3145,166678,rest
56.3179,166249,rest
56.3220,167104,rest
56.3274,627,rest
56.3310,166290,rest
56.3358,166003,rest
56.3384,166724,rest
56.3434,701,rest
56.3472,166257,rest
56.3508,166295,rest
56.3547,166810,rest
56.3639,165840,rest
56.3679,166734,rest
56.3711,166238,rest
56.3754,1662,rest
56.3802,167085,rest
56.3841,166845,rest
56.3876,166572,rest
56.3917,166253,rest
56.3958,166329,rest
56.3999,166495,rest
56.4040,167075,rest
56.4080,166582,rest
56.4129,165706,rest
56.4162,166493,rest
56.4202,166813,rest
56.4245,166482,rest
56.4287,166617,rest
56.4297,16,rest
56.4326,5906,rest
56.4340,16651,rest
56.4367,7,rest
56.4368,166414,rest
56.4408,166749,rest
56.4459,166585,rest
56.4489,165982,rest
56.4530,166517,rest
56.4579,166566,rest
56.4620,166522,rest
56.4653,166975,rest
56.4694,166413,rest
56.4735,166327,rest
56.4789,166420,rest
56.4819,166425,rest
56.4859,166623,rest
56.4899,166240,rest
56.4940,66561,rest
56.4982,166338,rest
56.5025,166596,rest
56.5063,165942,rest
56.5105,166016,rest
56.5145,166482,rest
56.5186,166186,rest
56.5226,166697,rest
56.5268,66639,rest
56.5309,167032,rest
56.5350,166372,rest
56.5391,165780,rest
56.5436,166431,rest
56.5473,166527,rest
56.5513,166240,rest
56.5555,166666,rest
56.5569,1,rest
56.5596,52,rest
56.5609,6,rest
56.5637,52,rest
56.5659,166255,rest
56.5678,166751,rest
56.5719,166600,rest
56.5774,6634,rest
56.5808,166141,rest
56.5841,166363,rest
56.5882,166603,rest
56.5975,165937,rest
56.6007,166360,rest
56.6047,166359,rest
56.6103,61,rest
56.6134,166044,rest
56.6176,166154,rest
56.6209,166079,rest
56.6252,1646,rest
56.6291,66260,rest
56.6342,166289,rest
56.6381,166267,rest
56.6415,166550,rest
56.6459,166335,rest
56.6497,166280,rest
56.6537,166264,rest
56.6579,166143,rest
56.6621,166494,rest
56.6660,166223,rest
56.6701,166151,rest
56.6742,166631,rest
56.6785,166029,rest
56.6827,166302,rest
56.6847,1,rest
56.6865,66225,rest
56.6866,166,rest
56.6906,540,rest
56.6925,166686,rest
56.6957,165910,rest
56.6988,166170,rest
56.7029,166326,rest
56.7072,166528,rest
56.7114,165801,rest
56.7153,166215,rest
56.7193,166514,rest
56.7234,166345,rest
56.7281,166205,rest
56.7318,166474,rest
56.7357,165990,rest
56.7398,166637,rest
56.7439,167098,rest
56.7480,166498,rest
56.7520,165942,rest
56.7561,165745,rest
56.7604,65,rest
56.7651,167091,rest
56.7695,166293,rest
56.7726,165762,rest
56.7770,166234,rest
56.7807,165736,rest
56.7848,166437,rest
56.7889,166394,rest
56.7930,65794,rest
56.7971,166212,rest
56.8012,166232,rest
56.8055,166596,rest
56.8095,165915,rest
56.8137,166033,rest
56.8160,166,rest
56.8177,174,rest
56.8202,166403,rest
56.8217,166535,rest
56.8264,166482,rest
56.8301,166259,rest
56.8340,166142,rest
56.8380,166031,rest
56.8422,66,rest
56.8465,166508,rest
56.8505,165723,rest
56.8546,166231,rest
56.8602,655,rest
56.8627,166688,rest
56.8667,166524,rest
56.8708,166164,rest
56.8751,1665,rest
56.8797,166060,rest
56.8832,166490,rest
56.8872,166457,rest
56.8913,165881,rest
56.8957,166613,rest
56.9003,165691,rest
56.9037,166137,rest
56.9077,166378,rest
56.9119,165699,rest
56.9159,166617,rest
56.9200,166121,rest
56.9242,166288,rest
56.9287,166742,rest
56.9323,165978,rest
56.9364,166365,rest
56.9406,166537,rest
56.9409,16,rest
56.9448,6287,rest
56.9470,16616,rest
56.9486,8,rest
56.9487,165960,rest
56.9528,166827,rest
56.9569,165697,rest
56.9610,166301,rest
56.9656,166351,rest
56.9691,166290,rest
56.9732,166527,rest
56.9779,166543,rest
56.9817,166047,rest
56.9855,166088,rest
56.9896,165950,rest
56.9949,166307,rest
56.9978,166139,rest
57.0019,165814,rest
57.0060,166739,rest
57.0106,165824,rest
57.0154,166739,rest
57.0184,166046,rest
57.0223,165969,rest
57.0281,66,rest
57.0317,165473,rest
57.0354,165686,rest
57.0388,166392,rest
57.0429,166120,rest
57.0477,166461,rest
57.0511,166054,rest
57.0551,166489,rest
57.0592,66242,rest
57.0633,166127,rest
57.0674,166846,rest
57.0687,16,rest
57.0716,6403,rest
57.0727,16618,rest
57.0757,166232,rest
57.0810,166304,rest
57.0846,166496,rest
57.0882,166227,rest
57.0939,166127,rest
57.0964,166394,rest
57.1004,166446,rest
57.1043,166129,rest
57.1085,1669,rest
57.1142,66,rest
57.1176,165880,rest
57.1208,166118,rest
57.1249,1666,rest
57.1293,166356,rest
57.1330,166455,rest
57.1371,165546,rest
57.1412,165760,rest
57.1453,166249,rest
57.1494,166133,rest
57.1535,166747,rest
57.1575,165891,rest
57.1618,166313,rest
57.1657,166024,rest
57.1698,166152,rest
57.1739,166440,rest
57.1784,165859,rest
57.1824,166086,rest
57.1862,165928,rest
57.1903,166390,rest
57.1947,166071,rest
57.1960,16,rest
57.1985,5723,rest
57.2001,16675,rest
57.2026,5,rest
57.2026,166090,rest
57.2067,166393,rest
57.2112,165767,rest
57.2148,165920,rest
57.2190,166367,rest
57.2231,166479,rest
57.2276,166630,rest
57.2312,165697,rest
57.2353,165607,rest
57.2394,165768,rest
57.2447,166484,rest
57.2477,166519,rest
57.2519,166061,rest
57.2558,165944,rest
57.2616,166340,rest
57.2640,166167,rest
57.2681,166021,rest
57.2722,166035,rest
57.2781,6,rest
57.2807,166316,rest
57.2847,166644,rest
57.2886,166314,rest
57.2927,65519,rest
57.2988,165883,rest
57.3011,166163,rest
57.3051,166542,rest
57.3116,663,rest
57.3135,165667,rest
57.3172,166025,rest
57.3213,166054,rest
57.3227,16,rest
57.3255,649,rest
57.3267,1659,rest
57.3296,18,rest
57.3318,165674,rest
57.3339,166213,rest
57.3380,165923,rest
57.3442,6,rest
57.3473,165901,rest
57.3505,165752,rest
57.3542,166308,rest
57.3582,65959,rest
57.3627,166045,rest
57.3664,165966,rest
57.3705,165766,rest
57.3747,165971,rest
57.3794,165896,rest
57.3827,166016,rest
57.3868,166679,rest
57.3910,165963,rest
57.3952,166336,rest
57.3993,166194,rest
57.4033,165754,rest
57.4074,166388,rest
57.4121,165946,rest
57.4155,166811,rest
57.4196,166457,rest
57.4238,166860,rest
57.4283,166152,rest
57.4319,166063,rest
57.4360,166352,rest
57.4401,166138,rest
57.4446,166327,rest
57.4485,166129,rest
57.4496,1,rest
57.4525,66489,rest
57.4537,1660,rest
57.4569,47,rest
57.4580,165516,rest
57.4607,165599,rest
57.4647,165843,rest
57.4690,165666,rest
57.4730,165662,rest
57.4772,166288,rest
57.4812,165975,rest
57.4852,166167,rest
57.4893,166060,rest
57.4940,166364,rest
57.4975,166096,rest
57.5016,166290,rest
57.5056,166184,rest
57.5110,166482,rest
57.5139,166394,rest
57.5179,165776,rest
57.5220,166396,rest
57.5262,66472,rest
57.5315,166514,rest
57.5357,166261,rest
57.5385,166104,rest
57.5432,165971,rest
57.5468,166385,rest
57.5508,166235,rest
57.5548,166354,rest
57.5600,165759,rest
57.5630,166056,rest
57.5671,166373,rest
57.5712,166104,rest
57.5814,5169,rest
57.5825,1661,rest
57.5835,23,rest
57.5854,166024,rest
57.5877,166164,rest
57.5918,64,rest
57.5959,166140,rest
57.6001,166159,rest
57.6041,166324,rest
57.6099,65750,rest
57.6130,165722,rest
57.6163,165845,rest
57.6203,166226,rest
57.6287,166179,rest
57.6327,165716,rest
57.6369,165339,rest
57.6411,165410,rest
57.6456,166328,rest
57.6490,166340,rest
57.6531,165687,rest
57.6572,166161,rest
57.6614,165933,rest
57.6655,166227,rest
57.6695,165738,rest
57.6737,166040,rest
57.6779,166029,rest
57.6819,165851,rest
57.6860,165689,rest
57.6900,165593,rest
57.6952,165920,rest
57.6983,166186,rest
57.7023,165896,rest
57.7065,166135,rest
57.7072,166,rest
57.7107,155,rest
57.7113,166174,rest
57.7148,165715,rest
57.7187,166021,rest
57.7227,166724,rest
57.7277,166128,rest
57.7309,165666,rest
57.7350,165643,rest
57.7391,165902,rest
57.7436,165920,rest
57.7474,166023,rest
57.7515,165442,rest
57.7555,165622,rest
57.7605,166348,rest
57.7637,165966,rest
57.7678,166715,rest
57.7719,165833,rest
57.7762,6570,rest
57.7802,165967,rest
57.7852,165735,rest
57.7887,165364,rest
57.7939,644,rest
57.7967,165884,rest
57.8011,165546,rest
57.8048,166147,rest
57.8092,166244,rest
57.8129,165772,rest
57.8169,165997,rest
57.8210,165685,rest
57.8252,610,rest
57.8293,166140,rest
57.8340,165383,rest
57.8341,16,rest
57.8380,6176,rest
57.8397,16598,rest
57.8415,0,rest
57.8417,166507,rest
57.8458,166042,rest
57.8502,165720,rest
57.8538,166538,rest
57.8580,612,rest
57.8621,166331,rest
57.8661,166284,rest
57.8703,165652,rest
57.8743,166404,rest
57.8785,165463,rest
57.8825,165733,rest
57.8866,166465,rest
57.8907,165695,rest
57.8949,165905,rest
57.8989,165924,rest
57.9030,166358,rest
57.9071,166933,rest
57.9114,165667,rest
57.9153,166020,rest
57.9194,165938,rest
57.9236,165933,rest
57.9279,166415,rest
57.9317,166173,rest
57.9357,166181,rest
57.9399,165237,rest
57.9448,166099,rest
57.9480,165870,rest
57.9521,165974,rest
57.9563,166565,rest
57.9610,166106,rest
57.9617,16,rest
57.9644,5619,rest
57.9646,16645,rest
57.9685,1,rest
57.9686,165671,rest
57.9726,166143,rest
57.9767,165502,rest
57.9807,165833,rest
57.9849,166582,rest
57.9890,165993,rest
57.9934,166023,rest
57.9972,165852,rest
58.0012,165804,rest
58.0054,165702,rest
58.0103,166385,rest
58.0135,166087,rest
58.0176,165711,rest
58.0217,166037,rest
58.0274,655,rest
58.0302,165895,rest
58.0348,165697,rest
58.0381,165912,rest
58.0423,662,rest
58.0475,165642,rest
58.0505,165108,rest
58.0551,165750,rest
58.0587,66,rest
58.0635,165663,rest
58.0670,166516,rest
58.0710,166320,rest
58.0752,6589,rest
58.0791,6844,rest
58.0832,166269,rest
58.0890,165790,rest
58.0903,16,rest
58.0919,5964,rest
58.0932,16571,rest
58.0957,58,rest
58.1004,165845,rest
58.1036,166187,rest
58.1079,168,rest
58.1128,166400,rest
58.1160,166177,rest
58.1201,166546,rest
58.1242,664,rest
58.1290,166033,rest
58.1324,166834,rest
58.1374,165926,rest
58.1405,166434,rest
58.1450,166450,rest
58.1491,166203,rest
58.1528,166161,rest
58.1570,165389,rest
58.1611,166705,rest
58.1652,166218,rest
58.1692,165941,rest
58.1735,165431,rest
58.1777,165264,rest
58.1816,166026,rest
58.1857,166091,rest
58.1897,165934,rest
58.1939,165800,rest
58.1979,165187,rest
58.2020,166482,rest
58.2061,166539,rest
58.2102,165955,rest
58.2143,165405,rest
58.2154,1,rest
58.2184,65473,rest
58.2199,1664,rest
58.2225,10,rest
58.2230,165815,rest
58.2266,166381,rest
58.2307,165938,rest
58.2347,165642,rest
58.2388,166179,rest
58.2430,166390,rest
58.2470,165835,rest
58.2511,166048,rest
58.2552,166383,rest
58.2595,165828,rest
58.2636,165714,rest
58.2676,166015,rest
58.2716,165647,rest
58.2759,165814,rest
58.2798,166329,rest
58.2839,166068,rest
58.2879,166199,rest
58.2929,165833,rest
58.2962,166071,rest
58.3004,166190,rest
58.3043,166175,rest
58.3085,166121,rest
58.3129,165802,rest
58.3167,166105,rest
58.3207,165818,rest
58.3255,166518,rest
58.3289,166179,rest
58.3330,165906,rest
58.3371,165784,rest
58.3413,66240,rest
58.3426,1,rest
58.3462,6147,rest
58.3477,1659,rest
58.3495,41,rest
58.3506,166120,rest
58.3535,166586,rest
58.3587,48,rest
58.3619,166201,rest
58.3665,166200,rest
58.3699,166194,rest
58.3742,1677,rest
58.3783,166294,rest
58.3822,166221,rest
58.3870,165976,rest
58.3905,166266,rest
58.3957,166444,rest
58.3986,166599,rest
58.4027,166016,rest
58.4068,166507,rest
58.4109,166027,rest
58.4150,166314,rest
58.4191,165883,rest
58.4233,166145,rest
58.4280,166627,rest
58.4313,166587,rest
58.4354,166394,rest
58.4395,166038,rest
58.4439,165980,rest
58.4477,166539,rest
58.4518,166274,rest
58.4559,165941,rest
58.4602,165607,rest
58.4643,165970,rest
58.4682,166363,rest
58.4691,1,rest
58.4724,65870,rest
58.4731,166,rest
58.4767,454,rest
58.4782,165489,rest
58.4805,166055,rest
58.4846,166489,rest
58.4887,165953,rest
58.4936,166307,rest
58.4972,165732,rest
58.5011,166407,rest
58.5050,166267,rest
58.5099,165957,rest
58.5132,166655,rest
58.5173,165510,rest
58.5214,165570,rest
58.5264,165857,rest
58.5296,166295,rest
58.5337,166011,rest
58.5378,166021,rest
58.5430,662,rest
58.5472,166015,rest
58.5501,165902,rest
58.5542,166320,rest
58.5584,65955,rest
58.5627,166460,rest
58.5666,166009,rest
58.5706,165891,rest
58.5752,165856,rest
58.5790,166500,rest
58.5833,166232,rest
58.5870,166737,rest
58.5912,636,rest
58.5952,165915,rest
58.5993,165839,rest
58.5996,166,rest
58.6055,451,rest
58.6066,166247,rest
58.6075,166148,rest
58.6116,165885,rest
58.6157,165802,rest
58.6197,166183,rest
58.6285,166660,rest
58.6330,166346,rest
58.6369,165920,rest
58.6403,166075,rest
58.6452,166327,rest
58.6484,166634,rest
58.6525,166723,rest
58.6567,165586,rest
58.6609,166084,rest
58.6649,166660,rest
58.6690,165832,rest
58.6731,165392,rest
58.6771,166490,rest
58.6812,166200,rest
58.6852,166505,rest
58.6894,166111,rest
58.6935,166140,rest
58.6976,166174,rest
58.7016,166634,rest
58.7058,166702,rest
58.7100,166622,rest
58.7140,165489,rest
58.7180,165732,rest
58.7221,165982,rest
58.7268,166059,rest
58.7288,166,rest
58.7303,214,rest
58.7318,16519,rest
58.7344,5,rest
58.7345,165794,rest
58.7385,166296,rest
58.7434,166126,rest
58.7467,166106,rest
58.7508,165519,rest
58.7549,166216,rest
58.7604,166064,rest
58.7632,166336,rest
58.7672,166487,rest
58.7713,166069,rest
58.7767,166423,rest
58.7795,166130,rest
58.7835,166151,rest
58.7877,166536,rest
58.7924,166157,rest
58.7960,166591,rest
58.8000,166060,rest
58.8041,166296,rest
58.8082,66134,rest
58.8149,166179,rest
58.8165,165674,rest
58.8205,166618,rest
58.8251,6,rest
58.8287,166369,rest
58.8328,165869,rest
58.8369,166709,rest
58.8421,9,rest
58.8454,166385,rest
58.8497,166391,rest
58.8534,166782,rest
58.8548,16,rest
58.8574,5671,rest
58.8591,16575,rest
58.8614,0,rest
58.8622,165975,rest
58.8655,166205,rest
58.8696,166214,rest
58.8737,166469,rest
58.8778,166205,rest
58.8819,165777,rest
58.8860,165879,rest
58.8901,165945,rest
58.8942,166943,rest
58.8982,165787,rest
58.9023,166256,rest
58.9065,166462,rest
58.9106,166303,rest
58.9146,166058,rest
58.9187,165536,rest
58.9229,166006,rest
58.9276,165762,rest
58.9312,166131,rest
58.9353,165896,rest
58.9394,166161,rest
58.9437,166114,rest
58.9474,166284,rest
58.9515,166267,rest
58.9556,166280,rest
58.9602,166579,rest
58.9639,166614,rest
58.9680,166516,rest
58.9722,165903,rest
58.9761,165684,rest
58.9803,165178,rest
58.9817,16,rest
58.9844,5819,rest
58.9857,16605,rest
58.9885,8,rest
58.9894,166286,rest
58.9932,165907,rest
58.9966,165667,rest
59.0008,165889,rest
59.0047,166457,rest
59.0090,165865,rest
59.0130,165870,rest
59.0170,165853,rest
59.0211,165979,rest
59.0267,166049,rest
59.0295,165969,rest
59.0335,165995,rest
59.0375,165944,rest
59.0425,166017,rest
59.0457,166283,rest
59.0498,166651,rest
59.0539,166018,rest
59.0597,165767,rest
59.0621,165954,rest
59.0662,166150,rest
59.0703,166718,rest
59.0745,65968,rest
59.0787,166202,rest
59.0833,166200,rest
59.0868,166678,rest
59.0908,66122,rest
59.0962,67,rest
59.0993,166365,rest
59.1038,166518,rest
59.1072,165662,rest
59.1090,1,rest
59.1113,66206,rest
59.1119,1660,rest
59.1154,52,rest
59.1160,166388,rest
59.1195,165933,rest
59.1237,6,rest
59.1278,166333,rest
59.1323,165592,rest
59.1359,166579,rest
59.1400,165778,rest
59.1440,166648,rest
59.1481,165839,rest
59.1522,165806,rest
59.1563,165708,rest
59.1615,166206,rest
59.1645,166237,rest
59.1686,166143,rest
59.1727,165801,rest
59.1768,165653,rest
59.1808,165799,rest
59.1849,166655,rest
59.1892,166432,rest
59.1933,165409,rest
59.1973,166277,rest
59.2014,166190,rest
59.2057,166395,rest
59.2102,166375,rest
59.2137,165927,rest
59.2178,166265,rest
59.2218,165730,rest
59.2271,166136,rest
59.2300,166473,rest
59.2341,165787,rest
59.2352,1,rest
59.2385,65763,rest
59.2391,1663,rest
59.2423,11,rest
59.2430,166056,rest
59.2467,166162,rest
59.2506,165688,rest
59.2546,166230,rest
59.2599,166048,rest
59.2628,166632,rest
59.2669,166775,rest
59.2710,165690,rest
59.2759,166679,rest
59.2792,165934,rest
59.2833,165913,rest
59.2873,166683,rest
59.2929,632,rest
59.2966,166105,rest
59.3004,165990,rest
59.3039,166749,rest
59.3080,6658,rest
59.3123,166076,rest
59.3160,166420,rest
59.3202,166072,rest
59.3243,62,rest
59.3289,166217,rest
59.3335,165971,rest
59.3365,166296,rest
59.3406,66107,rest
59.3448,69,rest
59.3532,166422,rest
59.3571,166392,rest
59.3619,166072,rest
59.3653,165628,rest
59.3660,166,rest
59.3693,709,rest
59.3701,166393,rest
59.3751,1663,rest
59.3777,166147,rest
59.3820,166074,rest
59.3857,166664,rest
59.3898,166226,rest
59.3939,166389,rest
59.3980,166287,rest
59.4021,166093,rest
59.4062,166901,rest
59.4104,165737,rest
59.4144,166377,rest
59.4185,166383,rest
59.4227,166240,rest
59.4268,166649,rest
59.4308,165484,rest
59.4350,166495,rest
59.4390,166042,rest
59.4434,166531,rest
59.4471,166045,rest
59.4512,165519,rest
59.4553,166284,rest
59.4595,165901,rest
59.4635,166421,rest
59.4676,166842,rest
59.4717,166611,rest
59.4763,166283,rest
59.4799,165540,rest
59.4840,165946,rest
59.4880,166720,rest
59.4923,166052,rest
59.4935,166,rest
59.4962,752,rest
59.4964,165843,rest
59.5004,166361,rest
59.5045,166172,rest
59.5094,166424,rest
59.5126,166771,rest
59.5167,165666,rest
59.5208,166495,rest
59.5261,165994,rest
59.5291,166569,rest
59.5332,166447,rest
59.5372,166222,rest
59.5429,166370,rest
59.5454,166972,rest
59.5495,166294,rest
59.5536,165688,rest
59.5578,654,rest
59.5653,165755,rest
59.5660,166639,rest
59.5700,166528,rest
59.5752,624,rest
59.5794,165734,rest
59.5824,166333,rest
59.5865,166364,rest
59.5905,165883,rest
59.5956,166414,rest
59.5987,165872,rest
59.6027,166680,rest
59.6084,670,rest
59.6117,166628,rest
59.6150,166679,rest
59.6192,165754,rest
59.6202,16,rest
59.6242,016,rest
59.6278,3,rest
59.6279,166430,rest
59.6315,166327,rest
59.6364,165922,rest
59.6396,166595,rest
59.6448,166826,rest
59.6478,166292,rest
59.6519,166072,rest
59.6560,165634,rest
59.6604,166090,rest
59.6642,166643,rest
59.6683,166393,rest
59.6725,165740,rest
59.6772,166330,rest
59.6807,165884,rest
59.6848,166517,rest
59.6889,166649,rest
59.6938,165834,rest
59.6970,166284,rest
59.7011,166149,rest
59.7053,166329,rest
59.7093,166562,rest
59.7134,166121,rest
59.7175,165774,rest
59.7216,166551,rest
59.7259,165807,rest
59.7297,166374,rest
59.7338,165659,rest
59.7379,166505,rest
59.7421,166237,rest
59.7463,166637,rest
59.7471,16,rest
59.7503,6616,rest
59.7512,16611,rest
59.7543,2,rest
59.7543,165856,rest
59.7601,165890,rest
59.7625,166319,rest
59.7666,165534,rest
59.7707,166447,rest
59.7759,166300,rest
59.7788,166215,rest
59.7829,166311,rest
59.7870,166438,rest
59.7919,165515,rest
59.7954,166232,rest
59.7995,165981,rest
59.8034,165981,rest
59.8088,166718,rest
59.8118,166122,rest
59.8159,166341,rest
59.8199,166126,rest
59.8246,166193,rest
59.8281,166757,rest
59.8321,166591,rest
59.8363,166862,rest
59.8403,65874,rest
59.8445,166441,rest
59.8489,166349,rest
59.8526,165622,rest
59.8567,6687,rest
59.8609,165725,rest
59.8656,166605,rest
59.8695,166366,rest
59.8751,16321,rest
59.8783,66413,rest
59.8798,16621,rest
59.8813,6,rest
59.8816,166481,rest
59.8854,167106,rest
59.8895,166047,rest
59.8937,166523,rest
59.8978,166011,rest
59.9019,166047,rest
59.9059,166335,rest
59.9099,166329,rest
59.9140,166391,rest
59.9181,165293,rest
59.9222,166483,rest
59.9281,166291,rest
59.9306,166738,rest
59.9346,166429,rest
59.9386,166162,rest
59.9433,166414,rest
59.9468,166385,rest
59.9509,165902,rest
59.9551,166002,rest
59.9591,165744,rest
59.9633,166214,rest
59.9674,166175,rest
59.9716,166181,rest
59.9759,166270,rest
59.9796,165728,rest
59.9836,166595,rest
59.9877,166602,rest
59.9920,166399,rest
59.9961,166315,rest
60.0002,165721,rest
60.0014,1,rest
60.0041,66502,rest
60.0045,1663,rest
60.0093,23,rest
60.0105,166169,rest
60.0124,166500,rest
60.0165,166142,rest
60.0205,166060,rest
60.0247,664,rest
60.0317,166406,rest
60.0329,165896,rest
60.0370,166435,rest
60.0415,166065,rest
60.0452,166899,rest
60.0493,166605,rest
60.0534,165946,rest
60.0575,66904,rest
60.0645,166654,rest
60.0664,166830,rest
60.0698,166386,rest
60.0739,661,rest
60.0785,165995,rest
60.0825,166414,rest
60.0861,166263,rest
60.0913,6,rest
60.0949,166421,rest
60.0985,166081,rest
60.1025,166975,rest
60.1067,67,rest
60.1110,165934,rest
60.1149,165849,rest
60.1189,165965,rest
60.1245,157,rest
60.1282,166260,rest
60.1291,1,rest
60.1315,66314,rest
60.1325,1654,rest
60.1352,62,rest
60.1355,166037,rest
60.1394,166378,rest
60.1438,166612,rest
60.1475,166486,rest
60.1516,165907,rest
60.1558,165783,rest
60.1599,166307,rest
60.1640,166527,rest
60.1681,166093,rest
60.1721,165578,rest
60.1766,165603,rest
60.1803,166523,rest
60.1843,166261,rest
60.1885,166772,rest
60.1927,165710,rest
60.1968,165815,rest
60.2008,166193,rest
60.2050,165578,rest
60.2092,166206,rest
60.2130,165582,rest
60.2171,166143,rest
60.2212,165978,rest
60.2262,166602,rest
60.2294,166471,rest
60.2335,165838,rest
60.2376,166590,rest
60.2423,166389,rest
60.2458,166611,rest
60.2499,166355,rest
60.2540,165540,rest
60.2589,166147,rest
60.2613,166,rest
60.2623,015,rest
60.2633,166902,rest
60.2664,166511,rest
60.2704,165992,rest
60.2760,166399,rest
60.2787,166433,rest
60.2828,166350,rest
60.2868,166358,rest
60.2919,166321,rest
60.2949,166550,rest
60.2990,166387,rest
60.3031,166420,rest
60.3086,166150,rest
60.3114,165665,rest
60.3154,166212,rest
60.3195,166560,rest
60.3236,166538,rest
60.3277,166260,rest
60.3318,166260,rest
60.3359,166742,rest
60.3408,6573,rest
60.3442,166081,rest
60.3483,166329,rest
60.3523,166539,rest
60.3565,66966,rest
60.3634,166019,rest
60.3650,166516,rest
60.3688,166374,rest
60.3729,165784,rest
60.3772,166566,rest
60.3811,166410,rest
60.3852,166480,rest
60.3867,167,rest
60.3893,123,rest
60.3906,166238,rest
60.3933,166326,rest
60.3973,167053,rest
60.4014,166672,rest
60.4055,166773,rest
60.4096,166312,rest
60.4137,166746,rest
60.4178,166326,rest
60.4220,166198,rest
60.4265,166511,rest
60.4302,166364,rest
60.4343,166140,rest
60.4384,166003,rest
60.4426,166528,rest
60.4466,166539,rest
60.4507,166223,rest
60.4547,166312,rest
60.4595,166409,rest
60.4630,166305,rest
60.4671,166691,rest
60.4711,166051,rest
60.4753,166468,rest
60.4795,165489,rest
60.4835,166358,rest
60.4875,166811,rest
60.4919,165767,rest
60.4959,166235,rest
60.4998,165679,rest
60.5038,166492,rest
60.5082,166681,rest
60.5121,165978,rest
60.5132,16,rest
60.5162,6223,rest
60.5172,16644,rest
60.5202,8,rest
60.5203,166264,rest
60.5255,166311,rest
60.5284,166214,rest
60.5325,165441,rest
60.5366,166425,rest
60.5422,664,rest
60.5464,166422,rest
60.5489,166104,rest
60.5530,166218,rest
60.5575,166167,rest
60.5612,165996,rest
60.5653,166438,rest
60.5694,165545,rest
60.5751,66,rest
60.5777,166077,rest
60.5818,166436,rest
60.5858,166085,rest
60.5899,66073,rest
60.5941,165847,rest
60.5980,166526,rest
60.6021,166581,rest
60.6063,6317,rest
60.6115,166393,rest
60.6150,165863,rest
60.6187,166563,rest
60.6245,6266,rest
60.6278,166693,rest
60.6309,166557,rest
60.6350,165764,rest
60.6391,165635,rest
60.6403,16,rest
60.6434,5952,rest
60.6452,16596,rest
60.6472,5,rest
60.6473,166160,rest
60.6513,165816,rest
60.6555,166237,rest
60.6595,166172,rest
60.6636,166131,rest
60.6677,166224,rest
60.6719,165676,rest
60.6760,166515,rest
60.6799,166170,rest
60.6840,166575,rest
60.6882,166615,rest
60.6923,166174,rest
60.6963,166386,rest
60.7004,166432,rest
60.7046,166793,rest
60.7092,166914,rest
60.7128,166001,rest
60.7169,166450,rest
60.7210,166268,rest
60.7256,166364,rest
60.7291,166232,rest
60.7332,166263,rest
60.7373,167096,rest
60.7425,166065,rest
60.7455,166207,rest
60.7496,166027,rest
60.7537,165464,rest
60.7585,166164,rest
60.7619,165917,rest
60.7660,166474,rest
60.7677,16,rest
60.7701,6433,rest
60.7708,16613,rest
60.7742,1,rest
60.7757,166130,rest
60.7783,166018,rest
60.7823,166489,rest
60.7864,166395,rest
60.7923,6571,rest
60.7962,166129,rest
60.7988,166119,rest
60.8029,166025,rest
60.8082,166310,rest
60.8110,165647,rest
60.8151,165811,rest
60.8192,166205,rest
60.8256,166198,rest
60.8274,166525,rest
60.8315,166285,rest
60.8356,166841,rest
60.8398,606,rest
60.8465,166170,rest
60.8480,165934,rest
60.8521,165613,rest
60.8573,66575,rest
60.8607,165800,rest
60.8644,166259,rest
60.8685,166416,rest
60.8725,166269,rest
60.8768,166602,rest
60.8806,165925,rest
60.8847,165767,rest
60.8889,165999,rest
60.8931,166200,rest
60.8953,16,rest
60.8972,6107,rest
60.8986,16652,rest
60.9012,9,rest
60.9024,166484,rest
60.9053,166092,rest
60.9095,166194,rest
60.9135,166613,rest
60.9176,166416,rest
60.9217,166390,rest
60.9264,166252,rest
60.9299,166312,rest
60.9339,166230,rest
60.9382,166602,rest
60.9421,166168,rest
60.9462,166412,rest
60.9503,165915,rest
60.9545,166165,rest
60.9589,165848,rest
60.9627,166269,rest
60.9667,166417,rest
60.9708,166569,rest
60.9765,165929,rest
60.9791,166239,rest
60.9831,166253,rest
60.9872,166538,rest
60.9917,166666,rest
60.9955,166631,rest
60.9995,166103,rest
61.0035,166808,rest
61.0086,166026,rest
61.0119,166806,rest
61.0159,165832,rest
61.0199,165919,rest
61.0215,1,rest
61.0250,65883,rest
61.0263,1663,rest
61.0281,48,rest
61.0283,166141,rest
61.0323,165781,rest
61.0363,165700,rest
61.0405,66166,rest
61.0448,166563,rest
61.0487,165877,rest
61.0527,165696,rest
61.0571,165972,rest
61.0609,165726,rest
61.0650,166429,rest
61.0691,166066,rest
61.0732,65758,rest
61.0778,166256,rest
61.0814,166495,rest
61.0856,166457,rest
61.0899,166314,rest
61.0937,165895,rest
61.0978,165917,rest
61.1018,165843,rest
61.1062,66362,rest
61.1115,165729,rest
61.1142,165499,rest
61.1182,165532,rest
61.1223,166381,rest
61.1266,166423,rest
61.1307,166054,rest
61.1348,165527,rest
61.1387,166328,rest
61.1431,165919,rest
61.1469,165979,rest
61.1480,1,rest
61.1511,66559,rest
61.1521,165,rest
61.1552,908,rest
61.1560,166000,rest
61.1595,165979,rest
61.1633,166724,rest
61.1674,165871,rest
61.1715,165779,rest
61.1758,165701,rest
61.1796,166573,rest
61.1837,165977,rest
61.1879,166335,rest
61.1921,165362,rest
61.1962,166271,rest
61.2002,166182,rest
61.2045,166220,rest
61.2090,166249,rest
61.2124,165896,rest
61.2165,166511,rest
61.2206,166253,rest
61.2255,166134,rest
61.2288,166477,rest
61.2330,166243,rest
61.2374,166328,rest
61.2416,166498,rest
61.2454,166295,rest
61.2495,166130,rest
61.2534,165695,rest
61.2579,166880,rest
61.2616,166312,rest
61.2657,166091,rest
61.2698,166511,rest
61.2742,166146,rest
61.2765,1,rest
61.2781,66355,rest
61.2784,166,rest
61.2821,079,rest
61.2824,166550,rest
61.2862,166349,rest
61.2903,65471,rest
61.2959,166692,rest
61.2990,166035,rest
61.3028,166487,rest
61.3081,66,rest
61.3116,166074,rest
61.3153,166365,rest
61.3190,166191,rest
61.3232,166310,rest
61.3271,166623,rest
61.3312,165852,rest
61.3353,166613,rest
61.3399,165860,rest
61.3435,166007,rest
61.3476,166262,rest
61.3517,165821,rest
61.3558,166571,rest
61.3600,165829,rest
61.3641,166436,rest
61.3682,166352,rest
61.3722,166164,rest
61.3763,166555,rest
61.3805,165856,rest
61.3846,166352,rest
61.3886,165788,rest
61.3928,165700,rest
61.3969,166157,rest
61.4009,165704,rest
61.4050,166453,rest
61.4060,166,rest
61.4097,565,rest
61.4111,166142,rest
61.4132,166500,rest
61.4173,166757,rest
61.4214,166480,rest
61.4254,166537,rest
61.4295,166564,rest
61.4336,166319,rest
61.4377,166139,rest
61.4419,166601,rest
61.4460,165884,rest
61.4501,166068,rest
61.4542,166258,rest
61.4586,165838,rest
61.4625,166346,rest
61.4665,166046,rest
61.4706,165684,rest
61.4754,165528,rest
61.4789,166202,rest
61.4829,166582,rest
61.4868,166817,rest
61.4913,166209,rest
61.4951,165799,rest
61.4991,166233,rest
61.5032,166269,rest
61.5076,166331,rest
61.5114,165921,rest
61.5155,165673,rest
61.5196,165891,rest
61.5247,166289,rest
61.5278,166551,rest
61.5319,166215,rest
61.5334,16,rest
61.5360,6153,rest
61.5374,16588,rest
61.5402,165945,rest
61.5446,166620,rest
61.5483,166296,rest
61.5524,165700,rest
61.5576,166219,rest
61.5607,166091,rest
61.5647,165761,rest
61.5688,165655,rest
61.5749,66,rest
61.5779,165655,rest
61.5810,165971,rest
61.5851,166023,rest
61.5893,644,rest
61.5938,165508,rest
61.5975,165304,rest
61.6016,165990,rest
61.6066,666,rest
61.6104,166261,rest
61.6141,165319,rest
61.6180,166016,rest
61.6222,164,rest
61.6265,166426,rest
61.6316,165946,rest
61.6344,165573,rest
61.6401,16,rest
61.6429,166139,rest
61.6467,166246,rest
61.6507,165755,rest
61.6548,165668,rest
61.6592,166525,rest
61.6597,16,rest
61.6630,6270,rest
61.6640,16645,rest
61.6671,8,rest
61.6671,166268,rest
61.6713,165660,rest
61.6763,166277,rest
61.6793,166042,rest
61.6834,166103,rest
61.6877,166084,rest
61.6917,165867,rest
61.6957,166386,rest
61.6998,166057,rest
61.7040,166167,rest
61.7084,166184,rest
61.7122,165932,rest
61.7163,166541,rest
61.7205,165588,rest
61.7254,167136,rest
61.7285,166196,rest
61.7326,165642,rest
61.7367,166343,rest
61.7410,165577,rest
61.7449,166165,rest
61.7490,166251,rest
61.7531,166326,rest
61.7583,166376,rest
61.7613,165812,rest
61.7654,165790,rest
61.7695,166432,rest
61.7736,66029,rest
61.7782,166469,rest
61.7818,166385,rest
61.7859,166593,rest
61.7865,16,rest
61.7903,6092,rest
61.7924,16576,rest
61.7940,4,rest
61.7941,166251,rest
61.7982,166263,rest
61.8022,166495,rest
61.8073,166020,rest
61.8104,166631,rest
61.8145,166004,rest
61.8186,165266,rest
61.8240,63,rest
61.8268,166306,rest
61.8309,165708,rest
61.8350,166477,rest
61.8437,165977,rest
61.8475,166200,rest
61.8515,166673,rest
61.8561,6,rest
61.8596,166315,rest
61.8645,166170,rest
61.8682,166269,rest
61.8769,166510,rest
61.8802,165811,rest
61.8842,165923,rest
61.8884,166029,rest
61.8932,165784,rest
61.8965,165937,rest
61.9005,165847,rest
61.9047,166183,rest
61.9087,166638,rest
61.9129,166179,rest
61.9144,16,rest
61.9170,6461,rest
61.9185,16639,rest
61.9211,7,rest
61.9218,166356,rest
61.9255,166193,rest
61.9293,165948,rest
61.9334,165926,rest
61.9376,165875,rest
61.9426,166361,rest
61.9456,166684,rest
61.9497,166331,rest
61.9538,166232,rest
61.9587,166268,rest
61.9620,166175,rest
61.9661,166721,rest
61.9703,166541,rest
61.9747,166380,rest
61.9783,166045,rest
61.9824,166594,rest
61.9867,166555,rest
61.9918,165763,rest
61.9948,165702,rest
61.9988,166211,rest
62.0029,166507,rest
62.0070,16605,rest
62.0112,165668,rest
62.0152,165500,rest
62.0193,165592,rest
62.0244,166291,rest
62.0275,166706,rest
62.0316,165877,rest
62.0357,165970,rest
62.0398,65971,rest
62.0409,1,rest
62.0442,65913,rest
62.0462,1666,rest
62.0482,30,rest
62.0487,166401,rest
62.0522,166021,rest
62.0562,65803,rest
62.0608,166448,rest
62.0644,166432,rest
62.0685,166280,rest
62.0741,65,rest
62.0768,166281,rest
62.0809,166314,rest
62.0848,166251,rest
62.0890,66640,rest
62.0947,166126,rest
62.0976,165884,rest
62.1012,166221,rest
62.1053,66085,rest
62.1097,166399,rest
62.1138,166110,rest
62.1177,165506,rest
62.1219,1638,rest
62.1270,166446,rest
62.1299,166626,rest
62.1341,165496,rest
62.1381,165996,rest
62.1432,166322,rest
62.1464,166650,rest
62.1505,166279,rest
62.1545,165366,rest
62.1587,166158,rest
62.1628,166242,rest
62.1669,166340,rest
62.1677,1,rest
62.1710,66464,rest
62.1718,1657,rest
62.1750,63,rest
62.1765,166042,rest
62.1791,166598,rest
62.1832,166773,rest
62.1874,166515,rest
62.1915,166054,rest
62.1954,166367,rest
62.1995,166554,rest
62.2037,166612,rest
62.2085,166600,rest
62.2119,166093,rest
62.2160,166460,rest
62.2200,166306,rest
62.2248,166551,rest
62.2282,166819,rest
62.2323,166265,rest
62.2365,166324,rest
62.2417,166701,rest
62.2447,166449,rest
62.2488,166116,rest
62.2528,165756,rest
62.2570,65796,rest
62.2614,166197,rest
62.2651,166564,rest
62.2691,166348,rest
62.2741,165929,rest
62.2774,165929,rest
62.2815,166435,rest
62.2855,166307,rest
62.2899,166240,rest
62.2937,166365,rest
62.2978,166318,rest
62.2993,166,rest
62.3021,079,rest
62.3030,166376,rest
62.3061,165892,rest
62.3103,165521,rest
62.3142,166184,rest
62.3183,165804,rest
62.3225,166455,rest
62.3265,166756,rest
62.3306,166384,rest
62.3347,166026,rest
62.3406,235,rest
62.3430,166600,rest
62.3471,166465,rest
62.3512,165876,rest
62.3559,67,rest
62.3600,165987,rest
62.3635,166108,rest
62.3676,166715,rest
62.3718,1633,rest
62.3770,64,rest
62.3807,166447,rest
62.3840,166427,rest
62.3880,166738,rest
62.3925,166646,rest
62.3962,165584,rest
62.4002,166296,rest
62.4044,166326,rest
62.4094,166412,rest
62.4125,166328,rest
62.4166,166324,rest
62.4208,165998,rest
62.4254,166412,rest
62.4270,166,rest
62.4289,696,rest
62.4299,165975,rest
62.4331,166637,rest
62.4372,166807,rest
62.4416,166128,rest
62.4454,165834,rest
62.4495,166082,rest
62.4535,166248,rest
62.4577,165850,rest
62.4617,166222,rest
62.4658,166378,rest
62.4699,166471,rest
62.4741,166379,rest
62.4781,166264,rest
62.4822,166229,rest
62.4863,166523,rest
62.4918,166631,rest
62.4946,165943,rest
62.4986,166359,rest
62.5026,166035,rest
62.5069,65784,rest
62.5108,166374,rest
62.5152,166072,rest
62.5191,165567,rest
62.5239,166560,rest
62.5272,166408,rest
62.5313,165973,rest
62.5354,165746,rest
62.5398,166450,rest
62.5436,166238,rest
62.5477,166241,rest
62.5519,166470,rest
62.5527,166,rest
62.5562,210,rest
62.5574,16589,rest
62.5601,9,rest
62.5605,166270,rest
62.5642,167062,rest
62.5683,165939,rest
62.5723,65601,rest
62.5764,166159,rest
62.5806,166498,rest
62.5846,166198,rest
62.5887,63,rest
62.5937,165606,rest
62.5973,165613,rest
62.6010,166079,rest
62.6054,608,rest
62.6092,166379,rest
62.6132,165629,rest
62.6173,166400,rest
62.6257,166730,rest
62.6302,166471,rest
62.6338,165815,rest
62.6391,16678,rest
62.6425,166303,rest
62.6460,166162,rest
62.6501,166223,rest
62.6542,165874,rest
62.6583,166554,rest
62.6624,166288,rest
62.6665,166595,rest
62.6706,165925,rest
62.6747,166259,rest
62.6787,166361,rest
62.6790,16,rest
62.6829,6792,rest
62.6843,16606,rest
62.6870,1,rest
62.6871,166245,rest
62.6920,165829,rest
62.6951,166295,rest
62.6992,166039,rest
62.7033,166432,rest
62.7078,166028,rest
62.7117,165920,rest
62.7157,166344,rest
62.7197,166012,rest
62.7245,166077,rest
62.7279,166509,rest
62.7320,165613,rest
62.7361,166282,rest
62.7412,165723,rest
62.7444,166110,rest
62.7485,166569,rest
62.7525,165325,rest
62.7571,166540,rest
62.7607,166471,rest
62.7648,166020,rest
62.7689,166101,rest
62.7736,165923,rest
62.7770,166538,rest
62.7811,166381,rest
62.7852,166297,rest
62.7894,666,rest
62.7941,165812,rest
62.7976,166049,rest
62.8016,166034,rest
62.8064,165939,rest
62.8076,1,rest
62.8099,65805,rest
62.8106,1659,rest
62.8139,94,rest
62.8148,166558,rest
62.8180,165708,rest
62.8232,166522,rest
62.8264,166373,rest
62.8304,165841,rest
62.8345,165833,rest
62.8387,65,rest
62.8444,166121,rest
62.8467,166241,rest
62.8509,165460,rest
62.8554,66,rest
62.8592,166210,rest
62.8632,165850,rest
62.8672,166692,rest
62.8713,166003,rest
62.8754,165815,rest
62.8794,165721,rest
62.8835,166086,rest
62.8878,166614,rest
62.8918,166371,rest
62.8959,165818,rest
62.8999,165389,rest
62.9041,166594,rest
62.9082,166773,rest
62.9122,165908,rest
62.9163,166080,rest
62.9206,166629,rest
62.9245,166425,rest
62.9286,166317,rest
62.9327,166106,rest
62.9334,1,rest
62.9369,66029,rest
62.9383,1665,rest
62.9412,13,rest
62.9424,165859,rest
62.9450,166617,rest
62.9491,166415,rest
62.9532,165682,rest
62.9574,166262,rest
62.9615,166423,rest
62.9656,166832,rest
62.9696,166480,rest
62.9740,166196,rest
62.9777,166402,rest
62.9818,166286,rest
62.9860,166543,rest
62.9911,166451,rest
62.9941,165978,rest
62.9982,166061,rest
63.0023,166209,rest
63.0068,166429,rest
63.0105,166170,rest
63.0146,166226,rest
63.0187,165950,rest
63.0229,65682,rest
63.0271,166262,rest
63.0314,166121,rest
63.0351,166105,rest
63.0410,574,rest
63.0433,165689,rest
63.0478,166752,rest
63.0520,166606,rest
63.0557,69,rest
63.0598,166116,rest
63.0609,1,rest
63.0646,66247,rest
63.0649,1664,rest
63.0679,60,rest
63.0700,166374,rest
63.0730,6,rest
63.0771,165779,rest
63.0808,165615,rest
63.0843,166226,rest
63.0890,61,rest
63.0925,165875,rest
63.0966,166319,rest
63.1012,166214,rest
63.1049,166245,rest
63.1088,166568,rest
63.1129,166172,rest
63.1170,166433,rest
63.1256,166429,rest
63.1293,165779,rest
63.1336,165735,rest
63.1380,166204,rest
63.1419,166012,rest
63.1457,166498,rest
63.1498,166366,rest
63.1539,165245,rest
63.1580,166387,rest
63.1621,166516,rest
63.1662,166555,rest
63.1703,166336,rest
63.1744,165687,rest
63.1785,166140,rest
63.1826,166431,rest
63.1868,166552,rest
63.1908,166275,rest
63.1915,165,rest
63.1949,824,rest
63.1955,166571,rest
63.1991,165575,rest
63.2032,166558,rest
63.2080,166677,rest
63.2112,165830,rest
63.2153,166389,rest
63.2195,166324,rest
63.2236,166119,rest
63.2277,166170,rest
63.2318,166258,rest
63.2361,166300,rest
63.2415,166078,rest
63.2441,166705,rest
63.2482,166743,rest
63.2522,166477,rest
63.2564,66369,rest
63.2611,166468,rest
63.2646,165902,rest
63.2687,166250,rest
63.2731,165915,rest
63.2769,166554,rest
63.2809,165845,rest
63.2849,166739,rest
63.2894,166252,rest
63.2940,166015,rest
63.2972,166672,rest
63.3013,166008,rest
63.3070,6,rest
63.3107,166309,rest
63.3145,166129,rest
63.3178,166714,rest
63.3197,165,rest
63.3219,94,rest
63.3228,165700,rest
63.3261,166024,rest
63.3306,165953,rest
63.3341,165989,rest
63.3389,6575,rest
63.3436,166209,rest
63.3475,166279,rest
63.3506,166122,rest
63.3547,8,rest
63.3587,165720,rest
63.3629,166550,rest
63.3670,166312,rest
63.3710,165981,rest
63.3751,166145,rest
63.3791,166025,rest
63.3833,166346,rest
63.3875,166517,rest
63.3920,166167,rest
63.3956,166870,rest
63.3996,166183,rest
63.4038,166253,rest
63.4079,166322,rest
63.4119,165975,rest
63.4160,166091,rest
63.4201,166382,rest
63.4242,165997,rest
63.4283,165444,rest
63.4324,166508,rest
63.4366,166129,rest
63.4406,166039,rest
63.4447,167086,rest
63.4453,16,rest
63.4489,6021,rest
63.4492,16583,rest
63.4530,9,rest
63.4531,166302,rest
63.4574,166204,rest
63.4612,165981,rest
63.4653,165999,rest
63.4694,166566,rest
63.4743,166306,rest
63.4775,166296,rest
63.4816,166652,rest
63.4860,166164,rest
63.4899,166254,rest
63.4938,165670,rest
63.4979,165956,rest
63.5020,166116,rest
63.5070,166280,rest
63.5102,166452,rest
63.5144,165652,rest
63.5184,165657,rest
63.5228,601,rest
63.5279,166124,rest
63.5307,165966,rest
63.5348,165865,rest
63.5395,165833,rest
63.5430,166401,rest
63.5471,166412,rest
63.5512,166017,rest
63.5566,166021,rest
63.5594,166525,rest
63.5635,166030,rest
63.5676,166322,rest
63.5720,166016,rest
63.5730,16,rest
63.5760,5845,rest
63.5768,1661,rest
63.5798,59,rest
63.5808,166419,rest
63.5840,166171,rest
63.5884,166564,rest
63.5923,166065,rest
63.5963,166559,rest
63.6004,166315,rest
63.6045,9,rest
63.6090,166777,rest
63.6127,166296,rest
63.6167,166984,rest
63.6252,166191,rest
63.6300,166622,rest
63.6332,166232,rest
63.6372,166830,rest
63.6413,166208,rest
63.6454,166381,rest
63.6495,166470,rest
63.6536,165586,rest
63.6577,166738,rest
63.6625,166294,rest
63.6658,165970,rest
63.6700,166500,rest
63.6746,166036,rest
63.6783,166350,rest
63.6822,166289,rest
63.6864,166832,rest
63.6909,166635,rest
63.6945,166215,rest
63.6987,166502,rest
63.6998,1,rest
63.7028,66209,rest
63.7038,1667,rest
63.7075,87,rest
63.7077,166915,rest
63.7110,165792,rest
63.7151,166684,rest
63.7191,166435,rest
63.7233,166875,rest
63.7273,166712,rest
63.7314,166167,rest
63.7357,167136,rest
63.7400,166145,rest
63.7437,166563,rest
63.7477,166386,rest
63.7519,166597,rest
63.7561,66593,rest
63.7609,165809,rest
63.7644,166683,rest
63.7684,166685,rest
63.7740,166132,rest
63.7764,166583,rest
63.7805,166335,rest
63.7846,167032,rest
63.7905,62,rest
63.7933,165856,rest
63.7970,166397,rest
63.8011,166355,rest
63.8066,166690,rest
63.8092,166144,rest
63.8133,166158,rest
63.8174,165951,rest
63.8215,65925,rest
63.8269,166408,rest
63.8279,1,rest
63.8298,66335,rest
63.8317,1660,rest
63.8338,39,rest
63.8345,166306,rest
63.8384,166124,rest
63.8424,165735,rest
63.8462,166386,rest
63.8503,166138,rest
63.8557,6667,rest
63.8585,165869,rest
63.8625,166348,rest
63.8666,166466,rest
63.8719,1668,rest
63.8752,166271,rest
63.8790,165848,rest
63.8830,166127,rest
63.8871,166756,rest
63.8926,166557,rest
63.8952,166761,rest
63.8993,166318,rest
63.9034,166719,rest
63.9080,166514,rest
63.9118,166360,rest
63.9160,166070,rest
63.9206,166460,rest
63.9245,166280,rest
63.9291,166666,rest
63.9364,166411,rest
63.9365,166872,rest
63.9408,166435,rest
63.9447,166381,rest
63.9519,166914,rest
63.9532,166429,rest
63.9551,1,rest
63.9570,66142,rest
63.9577,166,rest
63.9610,463,rest
63.9633,166593,rest
63.9676,166662,rest
63.9776,166938,rest
63.9778,166295,rest
63.9778,166154,rest
63.9812,166344,rest
63.9921,167287,rest
63.9922,166503,rest
63.9935,165943,rest
64.0026,166152,rest
64.0027,166219,rest
64.0144,167127,rest
64.0145,166324,rest
64.0148,165881,rest
64.0212,166305,rest
64.0226,166924,rest
64.0301,166448,rest
64.0329,166474,rest
64.0347,165867,rest
64.0393,166161,rest
64.0431,166312,rest
64.0470,166397,rest
64.0511,166470,rest
64.0558,165544,rest
64.0591,166506,rest
64.0631,166145,rest
64.0687,166353,rest
64.0781,166769,rest
64.0781,165487,rest
64.0863,167199,rest
64.0865,166435,rest
64.0883,166,rest
64.0888,598,rest
64.0901,166375,rest
64.0927,165874,rest
64.0966,166468,rest
64.1011,166586,rest
64.1042,166710,rest
64.1086,166872,rest
64.1147,165506,rest
64.1173,166324,rest
64.1208,166680,rest
64.1257,166470,rest
64.1288,166240,rest
64.1354,165940,rest
64.1369,166585,rest
64.1413,166567,rest
64.1460,166550,rest
64.1503,166721,rest
64.1563,166724,rest
64.1579,166845,rest
64.1618,166577,rest
64.1658,166423,rest
64.1854,166478,rest
64.1855,165706,rest
64.1860,166262,rest
64.1867,166486,rest
64.1876,166806,rest
64.1911,166215,rest
64.1950,166314,rest
64.1989,166795,rest
64.2107,166063,rest
64.2108,166365,rest
64.2110,166546,rest
64.2146,166,rest
64.2147,154,rest
64.2167,166868,rest
64.2203,166204,rest
64.2291,165824,rest
64.2305,166260,rest
64.2318,166437,rest
64.2358,166760,rest
64.2468,166668,rest
64.2468,166619,rest
64.2484,166766,rest
64.2556,166053,rest
64.2558,166268,rest
64.2598,166239,rest
64.2666,166888,rest
64.2691,166681,rest
64.2723,166154,rest
64.2764,166729,rest
64.2807,166750,rest
64.2849,166183,rest
64.2891,166518,rest
64.2929,166065,rest
64.2994,166212,rest
64.3008,166431,rest
64.3117,166740,rest
64.3119,166925,rest
64.3130,166253,rest
64.3178,166250,rest
64.3235,165849,rest
64.3257,166219,rest
64.3300,166560,rest
64.3338,166227,rest
64.3468,166353,rest
64.3468,165829,rest
64.3470,166264,rest
64.3477,166164,rest
64.3504,166312,rest
64.3563,166478,rest
64.3644,165785,rest
64.3644,166404,rest
64.3670,166683,rest
64.3714,166285,rest
64.3747,166755,rest
64.3799,166011,rest
64.3854,166476,rest
64.4036,166570,rest
64.4037,166674,rest
64.4037,165899,rest
64.4041,166436,rest
64.4042,166738,rest
64.4078,166218,rest
64.4126,166644,rest
64.4169,166293,rest
64.4200,166371,rest
64.4241,166615,rest
64.4280,166293,rest
64.4324,166283,rest
64.4365,167039,rest
64.4410,165914,rest
64.4446,166634,rest
64.4483,166280,rest
64.4523,166052,rest
64.4570,166193,rest
64.4609,166415,rest
64.4654,166324,rest
64.4656,16,rest
64.4692,6831,rest
64.4696,16645,rest
64.4729,9,rest
64.4730,165848,rest
64.4768,166412,rest
64.4814,166191,rest
64.4853,166690,rest
64.4898,166732,rest
64.4937,166782,rest
64.4978,166093,rest
64.5016,166686,rest
64.5055,166121,rest
64.5097,166237,rest
64.5143,166198,rest
64.5236,166505,rest
64.5247,166673,rest
64.5265,166674,rest
64.5301,165968,rest
64.5357,166001,rest
64.5389,166271,rest
64.5431,166843,rest
64.5472,166307,rest
64.5516,166254,rest
64.5556,165890,rest
64.5594,166547,rest
64.5671,166441,rest
64.5672,166705,rest
64.5758,166823,rest
64.5817,166054,rest
64.5820,166907,rest
64.5838,166137,rest
64.5879,166523,rest
64.5915,166469,rest
64.5917,16,rest
64.5963,5830,rest
64.5977,1665,rest
64.5997,33,rest
64.5998,166443,rest
64.6058,166593,rest
64.6079,166754,rest
64.6126,166240,rest
64.6166,166502,rest
64.6202,166437,rest
64.6251,166192,rest
64.6288,166836,rest
64.6325,165989,rest
64.6372,167098,rest
64.6413,166064,rest
64.6449,166344,rest
64.6495,166682,rest
64.6535,166527,rest
64.6576,166597,rest
64.6618,166567,rest
64.6658,166263,rest
64.6695,166962,rest
64.6736,166240,rest
64.6775,166853,rest
64.6823,166276,rest
64.6860,166554,rest
64.6899,166235,rest
64.6941,166454,rest
64.6985,166556,rest
64.7025,166247,rest
64.7067,166942,rest
64.7108,166988,rest
64.7152,166497,rest
64.7185,166417,rest
64.7266,1,rest
64.7294,66207,rest
64.7314,166701,rest
64.7315,166675,rest
64.7331,166586,rest
64.7379,166961,rest
64.7390,166458,rest
64.7438,166535,rest
64.7474,166912,rest
64.7513,165903,rest
64.7562,166190,rest
64.7600,166091,rest
64.7641,166278,rest
64.7682,166583,rest
64.7725,166812,rest
64.7761,166386,rest
64.7807,166075,rest
64.7847,166281,rest
64.7887,166766,rest
64.7922,166113,rest
64.7970,166069,rest
64.8008,166161,rest
64.8046,165965,rest
64.8092,166271,rest
64.8137,166203,rest
64.8173,166609,rest
64.8429,166288,rest
64.8520,166620,rest
64.8521,166413,rest
64.8522,166413,rest
64.8539,166451,rest
64.8641,166359,rest
64.8642,166543,rest
64.8643,166527,rest
64.8689,166704,rest
64.8864,166112,rest
64.8865,167017,rest
64.8909,166836,rest
64.8910,167089,rest
64.8961,166303,rest
64.9192,166533,rest
64.9195,166432,rest
64.9196,166231,rest
64.9204,166936,rest
64.9205,166898,rest
64.9208,166358,rest
64.9224,166350,rest
64.9225,166597,rest
64.9243,166246,rest
64.9250,166933,rest
64.9257,166837,rest
64.9259,166262,rest
64.9259,166023,rest
64.9281,166326,rest
64.9316,166631,rest
64.9356,166682,rest
64.9397,165955,rest
64.9439,166005,rest
64.9501,166997,rest
64.9540,166470,rest
64.9691,166064,rest
64.9692,166300,rest
64.9695,166180,rest
64.9699,166313,rest
64.9762,166410,rest
64.9801,166416,rest
64.9812,166106,rest
64.9821,166276,rest
64.9889,166090,rest
64.9914,166293,rest
64.9979,165977,rest
65.0000,166346,rest
65.0031,167091,rest
65.0059,166839,rest
65.0093,166185,rest
65.0138,165889,rest
65.0179,166386,rest
65.0223,166289,rest
65.0262,166679,rest
65.0304,165741,rest
65.0345,166197,rest
65.0380,166019,rest
65.0427,166323,rest
65.0462,166282,rest
65.0507,166266,rest
65.0550,166007,rest
65.0591,166801,rest
65.0629,166702,rest
65.0667,166805,rest
65.0722,166296,rest
65.0749,165839,rest
65.0795,166938,rest
65.0837,166178,rest
65.0905,166369,rest
65.0918,166666,rest
65.0959,166052,rest
65.0999,166934,rest
65.1041,166559,rest
65.1051,166,rest
65.1079,550,rest
65.1090,166353,rest
65.1123,166323,rest
65.1158,166320,rest
65.1323,166153,rest
65.1324,165928,rest
65.1344,166270,rest
65.1345,165910,rest
65.1363,166521,rest
65.1407,166105,rest
65.1452,166235,rest
65.1490,166760,rest
65.1533,166390,rest
65.1575,166261,rest
65.1616,165946,rest
65.1650,166675,rest
65.1694,166320,rest
65.1763,165950,rest
65.1774,166511,rest
65.1819,166002,rest
65.1859,166779,rest
65.1897,166610,rest
65.1936,166644,rest
65.1984,166709,rest
65.2026,165964,rest
65.2060,166572,rest
65.2105,166792,rest
65.2177,166550,rest
65.2189,166805,rest
65.2228,166149,rest
65.2279,166338,rest
65.2326,166344,rest
65.2346,16,rest
65.2399,6227,rest
65.2402,166600,rest
65.2408,165919,rest
65.2428,166159,rest
65.2475,166677,rest
65.2512,166500,rest
65.2557,166953,rest
65.2592,166104,rest
65.2632,166566,rest
65.2693,166379,rest
65.2719,166018,rest
65.2763,166467,rest
65.2797,166492,rest
65.2845,166711,rest
65.2878,166173,rest
65.2919,166546,rest
65.2961,165884,rest
65.3006,166333,rest
65.3048,166137,rest
65.3089,166640,rest
65.3131,166225,rest
65.3176,166260,rest
65.3214,166563,rest
65.3252,166432,rest
65.3292,166581,rest
65.3330,166476,rest
65.3374,166536,rest
65.3412,166410,rest
65.3451,166715,rest
65.3499,166616,rest
65.3537,166732,rest
65.3575,165945,rest
65.3583,16,rest
65.3620,5895,rest
65.3631,16612,rest
65.3671,4,rest
65.3721,166856,rest
65.3943,166263,rest
65.3944,166333,rest
65.3944,166441,rest
65.3946,166115,rest
65.3947,166474,rest
65.3952,166539,rest
65.3952,166300,rest
65.3988,166420,rest
65.4033,166418,rest
65.4066,166680,rest
65.4115,166391,rest
65.4155,166343,rest
65.4189,165819,rest
65.4230,166457,rest
65.4274,166701,rest
65.4315,166111,rest
65.4393,166098,rest
65.4668,165838,rest
65.4683,165989,rest
65.4804,165889,rest
65.4804,166311,rest
65.4928,165694,rest
65.5316,166446,rest
65.5413,166039,rest
65.5746,166468,rest
65.5747,166096,rest
65.5747,166116,rest
65.5754,166293,rest
65.5761,166013,rest
65.5769,166261,rest
65.5775,166023,rest
65.5782,165752,rest
65.5788,165848,rest
65.5796,166065,rest
65.5798,166333,rest
65.5799,166079,rest
65.5806,165626,rest
65.5809,166208,rest
65.5810,165941,rest
65.5812,166402,rest
65.5818,166324,rest
65.5825,165797,rest
65.5831,166265,rest
65.5840,165952,rest
65.5845,166262,rest
65.5846,166022,rest
65.5847,165907,rest
65.5849,166532,rest
65.5853,166526,rest
65.5860,165920,rest
65.5868,166291,rest
65.5875,166389,rest
65.5882,166524,rest
65.5888,165955,rest
65.5895,166589,rest
65.5917,166368,rest
65.5956,166517,rest
65.5995,166794,rest
65.6037,166418,rest
65.6079,166037,rest
65.6125,166158,rest
65.6133,16,rest
65.6248,6164,rest
65.6249,166475,rest
65.6251,166276,rest
65.6252,165793,rest
65.6408,166230,rest
65.6433,165877,rest
65.6433,166948,rest
65.6436,166839,rest
65.6443,166744,rest
65.6491,166561,rest
65.6531,165689,rest
65.6830,166827,rest
65.6831,166580,rest
65.6837,165589,rest
65.6839,167005,rest
65.6840,166166,rest
65.6845,166657,rest
65.6853,166595,rest
65.6859,166305,rest
65.6917,166234,rest
65.6935,166015,rest
65.6975,166798,rest
65.7016,166284,rest
65.7060,166528,rest
65.7106,165975,rest
65.7162,166096,rest
65.7308,166409,rest
65.7348,166147,rest
65.7349,166303,rest
65.7350,166197,rest
65.7355,166471,rest
65.7392,166385,rest
65.7396,1,rest
65.7468,66616,rest
65.7468,166412,rest
65.7479,167034,rest
65.7571,166288,rest
65.7572,167066,rest
65.7596,166125,rest
65.7630,166773,rest
65.7710,166281,rest
65.7713,166226,rest
65.7758,166278,rest
65.7797,166351,rest
65.7840,166627,rest
65.7881,166532,rest
65.7922,166158,rest
65.7958,165864,rest
65.8009,165865,rest
65.8118,166359,rest
65.8119,166163,rest
65.8129,166076,rest
65.8169,166449,rest
65.8203,166060,rest
65.8244,166332,rest
65.8307,166432,rest
65.8331,166243,rest
65.8424,166449,rest
65.8425,166809,rest
65.8609,166361,rest
65.8610,165818,rest
65.8611,166309,rest
65.8679,166066,rest
65.8681,166440,rest
65.8686,166414,rest
65.8807,166539,rest
65.8808,166307,rest
65.8808,165794,rest
65.8813,166392,rest
65.8818,166385,rest
65.8922,166234,rest
65.8923,166780,rest
65.8948,166800,rest
65.8981,166375,rest
65.9037,166337,rest
65.9118,166311,rest
65.9118,166544,rest
65.9158,166052,rest
65.9197,165735,rest
65.9227,166443,rest
65.9273,166568,rest
65.9316,166682,rest
65.9355,166336,rest
65.9391,166033,rest
65.9537,166217,rest
65.9598,166293,rest
65.9598,166337,rest
65.9600,165980,rest
65.9607,166411,rest
65.9658,166315,rest
65.9688,166699,rest
65.9727,166732,rest
65.9759,165742,rest
65.9802,165601,rest
65.9965,166963,rest
65.9966,166398,rest
65.9966,165843,rest
65.9969,166180,rest
65.9979,1661,rest
66.0137,64,rest
66.0160,166458,rest
66.0161,166344,rest
66.0161,166578,rest
66.0170,165985,rest
66.0178,166778,rest
66.0252,165982,rest
66.0255,166590,rest
66.0304,166633,rest
66.0335,165587,rest
66.0457,166245,rest
66.0458,166215,rest
66.0459,166591,rest
66.0501,166344,rest
66.0537,166135,rest
66.0579,166833,rest
66.0620,166171,rest
66.0661,165999,rest
66.0911,166146,rest
66.0985,166377,rest
66.0986,167120,rest
66.0987,166106,rest
66.0992,166319,rest
66.0993,166400,rest
66.0998,166205,rest
66.1001,166290,rest
66.1035,166430,rest
66.1071,166576,rest
66.1119,166858,rest
66.1153,165710,rest
66.1193,166864,rest
66.1235,166287,rest
66.1249,166,rest
66.1277,748,rest
66.1288,166531,rest
66.1323,166636,rest
66.1364,167340,rest
66.1398,166449,rest
66.1444,166596,rest
66.1481,166726,rest
66.1521,165671,rest
66.1562,167215,rest
66.1602,166354,rest
66.1644,166501,rest
66.1685,166332,rest
66.1727,166698,rest
66.1766,166641,rest
66.1808,165883,rest
66.1848,165972,rest
66.1891,166627,rest
66.1931,166347,rest
66.1973,166748,rest
66.2057,166110,rest
66.2060,166722,rest
66.2099,166192,rest
66.2140,166388,rest
66.2179,166476,rest
66.2221,166049,rest
66.2261,166670,rest
66.2303,166476,rest
66.2344,165737,rest
66.2386,166715,rest
66.2428,165652,rest
66.2467,166582,rest
66.2508,166160,rest
66.2519,166,rest
66.2551,157,rest
66.2577,166570,rest
66.2595,166019,rest
