time_s,value,state
0.0093,-1239868,none
0.0099,-605523,none
0.0123,290299,none
0.0154,1840895,none
0.0201,338586,none
0.0240,-1279396,none
0.0277,-652561,none
0.0317,201850,none
0.0361,1783812,none
0.0421,439860,none
0.0482,-1269354,none
0.0489,-708184,none
0.0527,128608,none
0.0572,1722778,none
0.0606,525250,none
0.0651,-1270739,none
0.0693,-786511,none
0.0730,61334,none
0.0809,1758549,none
0.0816,663646,none
0.0821,-,none
0.0884,1252161,none
0.0920,-777500,none
0.0938,27078,none
0.0949,1666,none
0.1007,832,none
0.1012,766368,none
0.1041,-1177417,none
0.1086,-781264,none
0.1116,-554,none
0.1165,1624555,none
0.1201,861808,none
0.1253,-1181490,none
0.1295,-818169,none
0.1306,-69197,none
0.1346,1524679,none
0.1456,901876,none
0.1523,-1209158,none
0.1539,-882722,none
0.1541,-148750,none
0.1586,1462999,none
0.1669,1006279,none
0.1707,-1186772,none
0.1715,-935741,none
0.1746,-201702,none
0.1781,1365160,none
0.1800,1096929,none
0.1836,-1140366,none
0.1909,-958685,none
0.1925,-216466,none
0.1961,1304902,none
0.2016,1193174,none
0.2053,-1094584,none
0.2084,-980003,none
0.2100,-,none
0.2136,270857,none
0.2183,1231387,none
0.2225,1251424,none
0.2238,-105,none
0.2245,7568,none
0.2260,-102068,none
0.2285,0,none
0.2336,-295630,none
0.2346,1173880,none
0.2373,1349587,none
0.2428,-991010,none
0.2498,-1021501,none
0.2546,-305381,none
0.2576,1146608,none
0.2608,1427194,none
0.2633,-935978,none
0.2687,-1084184,none
0.2715,-350538,none
0.2748,1040678,none
0.2783,1472491,none
0.2820,-861549,none
0.2866,-1080115,none
0.2934,-367595,none
0.2969,977163,none
0.3027,1522320,none
0.3035,-830023,none
0.3069,-1149571,none
0.3111,-410263,none
0.3148,902640,none
0.3213,1576833,none
0.3250,-727399,none
0.3287,-1119863,none
0.3354,-401209,none
0.3359,877462,none
0.3403,1646499,none
0.3417,-,none
0.3442,664428,none
0.3462,-,none
0.3492,1230829,none
0.3528,-460591,none
0.3553,754457,none
0.3593,1639454,none
0.3601,-591799,none
0.3644,-1216099,none
0.3693,-465855,none
0.3750,721973,none
0.3771,1723573,none
0.3821,-488287,none
0.3883,-1286129,none
0.3918,-495003,none
0.3943,639831,none
0.3994,1708778,none
0.4028,-426623,none
0.4044,-1281843,none
0.4138,-516872,none
0.4155,599047,none
0.4196,1763996,none
0.4208,-320077,none
0.4277,-1302527,none
0.4316,-532377,none
0.4359,520272,none
0.4398,1762289,none
0.4419,-214443,none
0.4474,-1279670,none
0.4500,-562941,none
0.4563,462555,none
0.4602,1811753,none
0.4623,-104392,none
0.4665,-1325486,none
0.4676,-,none
0.4734,590848,none
0.4746,398724,none
0.4757,18,none
0.4823,37073,none
0.4842,7814,none
0.4873,-1301798,none
0.4874,-605798,none
0.4929,332541,none
0.4951,1810883,none
0.5021,112064,none
0.5063,-1296960,none
0.5086,-638136,none
0.5158,288519,none
0.5180,1835639,none
0.5229,247063,none
0.5258,-1299660,none
0.5304,-665571,none
0.5338,226387,none
0.5392,1766251,none
0.5419,346563,none
0.5450,-1286097,none
0.5494,-691193,none
0.5540,202105,none
0.5582,1718744,none
0.5625,449517,none
0.5661,-1278791,none
0.5717,-716037,none
0.5756,159533,none
0.5780,1744994,none
0.5856,579426,none
0.5887,-1213072,none
0.5907,-692866,none
0.5954,126731,none
0.5985,1751430,none
0.6018,723668,none
0.6045,-12,none
0.6068,37974,none
0.6092,-766891,none
0.6109,50217,none
0.6157,1740284,none
0.6198,843867,none
0.6254,-1129128,none
0.6271,-723471,none
0.6319,36460,none
0.6355,1690731,none
0.6406,984378,none
0.6427,-1122809,none
0.6472,-781821,none
0.6538,-21155,none
0.6542,1575011,none
0.6589,1043064,none
0.6630,-1078495,none
0.6675,-785965,none
0.6712,-57936,none
0.6768,1507432,none
0.6821,1144991,none
0.6851,-1048096,none
0.6879,-822317,none
0.6938,-99665,none
0.6967,1443001,none
0.7003,1235152,none
0.7050,-1016687,none
0.7091,-875815,none
0.7132,-142140,none
0.7164,1385978,none
0.7202,1329555,none
0.7217,-,none
0.7263,964927,none
0.7276,-,none
0.7285,875947,none
0.7304,-184,none
0.7333,903,none
0.7360,12914,none
0.7364,95,none
0.7386,1397002,none
0.7422,-956017,none
0.7451,-940802,none
0.7522,-240327,none
0.7534,1184757,none
0.7633,1403883,none
0.7656,-933750,none
0.7663,-1046612,none
0.7729,-334450,none
0.7815,1083261,none
0.7850,1437866,none
0.7856,-908305,none
0.7862,-1100406,none
0.7900,-403884,none
0.7939,947755,none
0.8011,1435590,none
0.8023,-877229,none
0.8191,-1139333,none
0.8223,-433042,none
0.8230,898580,none
0.8237,1523247,none
0.8245,-798333,none
0.8270,-1156168,none
0.8310,-446908,none
0.8349,835052,none
0.8473,1547900,none
0.8555,-709650,none
0.8563,-1157805,none
0.8570,-454341,none
0.8576,771625,none
0.8590,15,none
0.8596,81547,none
0.8613,-63189,none
0.8633,7,none
0.8650,-1230206,none
0.8679,-477696,none
0.8721,688318,none
0.8760,1615225,none
0.8802,-536512,none
0.8876,-1183173,none
0.8878,-490568,none
0.8950,629990,none
0.8979,1629960,none
0.9039,-449178,none
0.9081,-1248235,none
0.9093,-504098,none
0.9132,566883,none
0.9197,1663617,none
0.9207,-349861,none
0.9253,-1202332,none
0.9293,-505243,none
0.9332,506185,none
0.9403,1697834,none
0.9457,-226822,none
0.9515,-1209893,none
0.9524,-508974,none
0.9592,474218,none
0.9638,1712160,none
0.9680,-119140,none
0.9731,-1208233,none
0.9740,-518864,none
0.9767,409436,none
0.9842,1730143,none
0.9867,-5372,none
0.9891,-1142761,none
0.9903,-515325,none
0.9907,394244,none
0.9947,1761743,none
0.9988,108006,none
1.0031,-1111897,none
1.0073,-511448,none
1.0119,330702,none
1.0153,1754033,none
1.0194,227289,none
1.0297,-1107136,none
1.0309,-567846,none
1.0317,280941,none
1.0357,1737246,none
1.0402,320071,none
1.0476,-1132762,none
1.0514,-599401,none
1.0553,175328,none
1.0563,1609633,none
1.0602,366226,none
1.0644,-1170385,none
1.0685,-665330,none
1.0738,125200,none
1.0766,1587515,none
1.0807,433057,none
1.0849,-1181761,none
1.0898,-672669,none
1.0954,104777,none
1.1000,1509616,none
1.1016,490987,none
1.1030,-,none
1.1063,1144808,none
1.1084,-,none
1.1141,698929,none
1.1174,44245,none
1.1220,1475547,none
1.1227,597020,none
1.1234,-1084508,none
1.1260,-713775,none
1.1354,-11458,none
1.1362,1334037,none
1.1385,611901,none
1.1504,-1068074,none
1.1557,-663561,none
1.1560,-50441,none
1.1562,1204549,none
1.1584,627999,none
1.1649,-962989,none
1.1717,-699236,none
1.1724,-86824,none
1.1750,1095318,none
1.1790,665335,none
1.1836,-964879,none
1.1881,-640280,none
1.1914,-56421,none
1.1953,1047702,none
1.1995,746075,none
1.2073,-882263,none
1.2081,-634155,none
1.2119,-73909,none
1.2183,1047983,none
1.2204,854663,none
1.2239,-861103,none
1.2284,-634438,none
1.2302,-,none
1.2324,109907,none
1.2364,1023322,none
1.2376,9,none
1.2454,59290,none
1.2481,-861190,none
1.2494,-648740,none
1.2506,-129984,none
1.2529,921403,none
1.2571,954667,none
1.2610,-847835,none
1.2706,-685146,none
1.2708,-149329,none
1.2750,849117,none
1.2772,995472,none
1.2815,-783955,none
1.2855,-668090,none
1.2897,-167502,none
1.2937,797537,none
1.2984,1058052,none
1.3020,-753889,none
1.3062,-692210,none
1.3102,-188697,none
1.3144,770089,none
1.3186,1094173,none
1.3228,-686962,none
1.3264,-696906,none
1.3307,-213537,none
1.3346,735726,none
1.3433,1105358,none
1.3440,-647746,none
1.3472,-732807,none
1.3511,-226819,none
1.3546,656715,none
1.3592,1089457,none
1.3602,-,none
1.3634,621834,none
1.3647,-7,none
1.3709,32180,none
1.3726,-222850,none
1.3747,642322,none
1.3757,1144808,none
1.3799,-525938,none
1.3840,-709397,none
1.3932,-241391,none
1.3974,587025,none
1.4054,1074422,none
1.4111,-496137,none
1.4146,-744287,none
1.4155,-245206,none
1.4162,584259,none
1.4166,1224260,none
1.4220,-373911,none
1.4249,-703079,none
1.4289,-224478,none
1.4332,529912,none
1.4394,1195599,none
1.4439,-317731,none
1.4453,-719242,none
1.4494,-259739,none
1.4536,497806,none
1.4575,1163568,none
1.4617,-256831,none
1.4658,-730300,none
1.4704,-275396,none
1.4750,437157,none
1.4782,1187582,none
1.4890,-166192,none
1.4898,-712427,none
1.4905,-274599,none
1.4919,4,none
1.4942,22927,none
1.4962,110,none
1.4984,9477,none
1.5000,-107430,none
1.5040,-759287,none
1.5067,-281148,none
1.5108,368234,none
1.5150,1096894,none
1.5188,-3385,none
1.5235,-714545,none
1.5273,-258479,none
1.5314,374912,none
1.5354,1111852,none
1.5400,103371,none
1.5436,-684073,none
1.5478,-248717,none
1.5519,364200,none
1.5622,1087370,none
1.5633,185424,none
1.5644,-726715,none
1.5682,-267110,none
1.5725,336192,none
1.5766,1021433,none
1.5804,227362,none
1.5876,-655998,none
1.5898,-257231,none
1.5928,319179,none
1.5969,1126710,none
1.6008,392392,none
1.6060,-621865,none
1.6100,-261650,none
1.6132,303546,none
1.6175,927897,none
1.6188,3,none
1.6209,56084,none
1.6237,-597,none
1.6269,561,none
1.6306,-177319,none
1.6317,322207,none
1.6341,863004,none
1.6384,317452,none
1.6417,-582101,none
1.6461,-164514,none
1.6500,353574,none
1.6554,836782,none
1.6582,514967,none
1.6625,-637018,none
1.6667,-185744,none
1.6726,266894,none
1.6747,1002404,none
1.6787,634341,none
1.6829,-585615,none
1.6870,-162095,none
1.6910,266244,none
1.7009,891040,none
1.7034,688772,none
1.7049,-643523,none
1.7078,-211282,none
1.7116,215020,none
1.7158,971274,none
1.7197,811798,none
1.7237,-656437,none
1.7278,-206973,none
1.7379,228445,none
1.7393,984347,none
1.7404,879501,none
1.7422,-,none
1.7443,714871,none
1.7459,-,none
1.7482,273109,none
1.7497,207,none
1.7520,583,none
1.7535,974925,none
1.7567,941379,none
1.7612,-681848,none
1.7654,-241061,none
1.7688,215674,none
1.7730,991044,none
1.7770,1047594,none
1.7811,-649518,none
1.7853,-280095,none
1.7893,186737,none
1.7934,975101,none
1.7976,1087192,none
1.8060,-641253,none
1.8068,-285759,none
1.8099,168552,none
1.8141,955812,none
1.8181,1110217,none
1.8227,-607570,none
1.8286,-315143,none
1.8302,131215,none
1.8345,917050,none
1.8487,1093451,none
1.8504,-546129,none
1.8559,-326783,none
1.8567,138480,none
1.8573,934960,none
1.8590,1145049,none
1.8631,-476252,none
1.8672,-302718,none
1.8725,119892,none
1.8762,920228,none
1.8777,1,none
1.8822,137770,none
1.8833,-460608,none
1.8835,-267410,none
1.8892,133053,none
1.8981,961372,none
1.9018,1210979,none
1.9028,-367525,none
1.9086,-230261,none
1.9104,171514,none
1.9150,944216,none
1.9178,1230654,none
1.9204,-304337,none
1.9244,-291793,none
1.9285,132281,none
1.9326,912737,none
1.9368,1233796,none
1.9580,-178098,none
1.9677,-202654,none
1.9683,223489,none
1.9690,987286,none
1.9696,1307581,none
1.9699,-6573,none
1.9708,-148071,none
1.9722,308842,none
1.9734,1036591,none
1.9777,1339508,none
1.9817,76418,none
1.9858,-154193,none
1.9900,348810,none
1.9943,1047343,none
2.0134,1352483,none
2.0152,199096,none
2.0160,-141148,none
2.0164,338030,none
2.0170,1036590,none
2.0176,1379237,none
2.0186,275891,none
2.0230,-150502,none
2.0272,308333,none
2.0330,965319,none
2.0351,1373301,none
2.0428,372107,none
2.0513,-171080,none
2.0551,283622,none
2.0559,909422,none
2.0568,1310763,none
2.0596,398402,none
2.0638,-258414,none
2.0723,222250,none
2.0748,823685,none
2.0760,1228863,none
2.0801,461994,none
2.0863,-304081,none
2.0895,206026,none
2.0924,781089,none
2.1006,1291034,none
2.1017,526016,none
2.1059,-306048,none
2.1089,170300,none
2.1129,714270,none
2.1180,1207407,none
2.1220,571824,none
2.1263,-,none
2.1336,361225,none
2.1344,136594,none
2.1351,674078,none
2.1369,123,none
2.1375,3040,none
2.1394,653768,none
2.1460,-356968,none
2.1472,148819,none
2.1497,665209,none
2.1544,1287871,none
2.1675,748091,none
2.1689,-348743,none
2.1695,136948,none
2.1702,635558,none
2.1744,1254953,none
2.1784,835804,none
2.1825,-377525,none
2.1867,133840,none
2.1903,621670,none
2.1950,1237747,none
2.1988,923854,none
2.2034,-390554,none
2.2068,127812,none
2.2112,598233,none
2.2153,1228351,none
2.2195,995003,none
2.2235,-393497,none
2.2272,115948,none
2.2316,590535,none
2.2358,1325702,none
2.2399,1143431,none
2.2440,-375879,none
2.2480,131492,none
2.2523,573287,none
2.2577,1234439,none
2.2620,1135262,none
2.2638,-4295,none
2.2647,82,none
2.2675,68861,none
2.2712,507057,none
2.2759,1231655,none
2.2791,1200966,none
2.2825,-450514,none
2.2895,38781,none
2.2946,456377,none
2.2964,1140529,none
2.3052,1164181,none
2.3063,-476256,none
2.3068,-2562,none
2.3096,427195,none
2.3138,1145581,none
2.3178,1235650,none
2.3226,-428839,none
2.3261,-35579,none
2.3298,372819,none
2.3343,1120212,none
2.3390,1221892,none
2.3422,-423325,none
2.3463,-81426,none
2.3504,339798,none
2.3561,1079945,none
2.3651,1209641,none
2.3700,-414694,none
2.3708,-104048,none
2.3709,313211,none
2.3813,1074907,none
2.3821,1241350,none
2.3889,-363330,none
2.3896,-103424,none
2.3920,292126,none
2.3971,1080926,none
2.4006,1268852,none
2.4036,-314121,none
2.4062,-143324,none
2.4077,271910,none
2.4120,1057876,none
2.4205,1303560,none
2.4234,-250957,none
2.4249,-152553,none
2.4299,253455,none
2.4327,1023124,none
2.4365,1256164,none
2.4406,-215578,none
2.4449,-181728,none
2.4488,224559,none
2.4560,990915,none
2.4570,1254904,none
2.4611,-160331,none
2.4651,-230309,none
2.4694,204881,none
2.4753,946822,none
2.4775,1258277,none
2.4817,-93117,none
2.4854,-281673,none
2.4907,171179,none
2.4938,897701,none
2.4979,1254079,none
2.5020,-27402,none
2.5092,-304851,none
2.5141,172172,none
2.5210,864522,none
2.5222,1226875,none
2.5380,64199,none
2.5394,-344236,none
2.5402,141807,none
2.5408,813103,none
2.5414,1157011,none
2.5421,120996,none
2.5430,-350038,none
2.5480,134125,none
2.5521,770031,none
2.5561,1205786,none
2.5600,208969,none
2.5636,-374144,none
2.5675,111341,none
2.5757,724716,none
2.5792,1168373,none
2.5839,271389,none
2.5865,-413709,none
2.5893,88138,none
2.5921,680112,none
2.5963,1202245,none
2.6056,372422,none
2.6063,-417863,none
2.6224,71493,none
2.6234,630042,none
2.6248,1050742,none
2.6258,381292,none
2.6279,-496479,none
2.6330,10024,none
2.6335,582654,none
2.6372,1157409,none
2.6415,526158,none
2.6431,-461,none
2.6451,570,none
2.6469,26741,none
2.6495,557034,none
2.6551,1123538,none
2.6633,573936,none
2.6684,-483620,none
2.6720,27430,none
2.6804,528635,none
2.6909,1129634,none
2.6942,645190,none
2.6966,-520136,none
2.6981,-9223,none
2.6987,488115,none
2.7035,1158218,none
2.7057,741347,none
2.7070,-504201,none
2.7075,3141,none
2.7105,451714,none
2.7151,1074560,none
2.7196,779845,none
2.7266,-590997,none
2.7288,-70160,none
2.7314,409250,none
2.7355,1069522,none
2.7399,857061,none
2.7438,-584961,none
2.7477,-36966,none
2.7518,392000,none
2.7592,1102836,none
2.7601,938841,none
2.7612,-,none
2.7642,606563,none
2.7656,-,none
2.7715,91315,none
2.7723,347183,none
2.7741,1019,none
2.7762,199,none
2.7768,945874,none
2.7806,-638139,none
2.7846,-119297,none
2.7919,329176,none
2.7927,1041218,none
2.7970,1042097,none
2.8006,-605284,none
2.8059,-112841,none
2.8095,300984,none
2.8134,1016596,none
2.8174,1054978,none
2.8218,-595399,none
2.8256,-139780,none
2.8300,273046,none
2.8373,1010715,none
2.8381,1111217,none
2.8426,-557040,none
2.8463,-129462,none
2.8502,264182,none
2.8554,1030574,none
2.8581,1133353,none
2.8629,-515018,none
2.8724,-157955,none
2.8730,243446,none
2.8750,1010420,none
2.8789,1168235,none
2.8831,-446438,none
2.8879,-163806,none
2.8907,250689,none
2.8954,1018468,none
2.8969,1,none
2.9056,172160,none
2.9065,-401825,none
2.9073,-145057,none
2.9087,238793,none
2.9117,989828,none
2.9158,1156501,none
2.9215,-360170,none
2.9258,-173727,none
2.9314,221702,none
2.9324,1002490,none
2.9363,1266387,none
2.9402,-276273,none
2.9444,-233259,none
2.9485,173019,none
2.9588,935456,none
2.9697,1201769,none
2.9715,-260037,none
2.9725,-282149,none
2.9732,133618,none
2.9739,882718,none
2.9769,1119640,none
2.9814,-242605,none
2.9853,-388693,none
2.9893,72685,none
2.9935,791333,none
2.9978,1094056,none
3.0018,-191817,none
3.0054,-432513,none
3.0098,33537,none
3.0197,746469,none
3.0227,1090667,none
3.0234,-114734,none
3.0247,-4,none
3.0262,43578,none
3.0277,32947,none
3.0322,717413,none
3.0346,1090310,none
3.0440,-28346,none
3.0447,-499449,none
3.0466,13642,none
3.0508,667233,none
3.0557,1073773,none
3.0590,62230,none
3.0724,-476755,none
3.0729,31037,none
3.0735,652598,none
3.0779,1108732,none
3.0799,162580,none
3.0845,-502476,none
3.0876,6730,none
3.0990,611233,none
3.1058,1088898,none
3.1067,247003,none
3.1075,-524297,none
3.1087,-13704,none
3.1123,569795,none
3.1221,1036178,none
3.1255,313647,none
3.1334,-522199,none
3.1339,-9870,none
3.1341,539353,none
3.1387,1096494,none
3.1406,409964,none
3.1476,-559339,none
3.1490,-45767,none
3.1504,4,none
3.1532,96904,none
3.1551,104,none
3.1573,2187,none
3.1581,472001,none
3.1616,-546554,none
3.1655,-43694,none
3.1698,468267,none
3.1818,1057421,none
3.1854,578727,none
3.1894,-593248,none
3.1903,-80603,none
3.1909,433255,none
3.1944,1030466,none
3.1982,619617,none
3.2043,-594253,none
3.2121,-71365,none
3.2170,406194,none
3.2218,1026854,none
3.2220,698826,none
3.2280,-618683,none
3.2289,-114763,none
3.2311,362776,none
3.2354,1004025,none
3.2398,775342,none
3.2452,-633229,none
3.2478,-130068,none
3.2529,344945,none
3.2564,1063856,none
3.2610,876509,none
3.2649,-641982,none
3.2709,-129485,none
3.2777,306157,none
3.2786,973760,none
3.2843,888756,none
3.2909,-702732,none
3.2938,-166883,none
3.2954,282734,none
3.3013,980229,none
3.3068,983661,none
3.3089,-633621,none
3.3096,-122861,none
3.3209,327181,none
3.3239,1037184,none
3.3267,1074164,none
3.3282,-544419,none
3.3299,-73009,none
3.3351,372436,none
3.3375,1129057,none
3.3384,1202859,none
3.3439,-434480,none
3.3512,-5504,none
3.3525,407887,none
3.3548,1162654,none
3.3581,1235377,none
3.3669,-404349,none
3.3706,-28219,none
3.3736,364041,none
3.3775,1121579,none
3.3792,1238387,none
3.3836,-396025,none
3.3884,-110901,none
3.3948,306467,none
3.3953,1065184,none
3.4036,1204115,none
3.4066,-373405,none
3.4079,-129798,none
3.4120,262426,none
3.4146,10360,none
3.4167,93,none
3.4213,1203680,none
3.4219,-350118,none
3.4237,-165489,none
3.4354,218373,none
3.4394,982064,none
3.4440,1192363,none
3.4448,-318597,none
3.4463,-251167,none
3.4499,156989,none
3.4542,927243,none
3.4563,1130509,none
3.4609,-301464,none
3.4650,-304337,none
3.4689,123737,none
3.4729,898863,none
3.4772,1158515,none
3.4813,-237225,none
3.4854,-344323,none
3.4893,100996,none
3.4934,831709,none
3.4977,1142659,none
3.5017,-177629,none
3.5082,-432065,none
3.5098,50973,none
3.5143,771485,none
3.5204,1110526,none
3.5228,-112821,none
3.5263,-421513,none
3.5339,43051,none
3.5342,717622,none
3.5355,10,none
3.5402,78906,none
3.5417,-43829,none
3.5429,-476514,none
3.5482,19063,none
3.5508,668765,none
3.5543,983313,none
3.5722,510,none
3.5732,-504610,none
3.5734,2837,none
3.5740,646157,none
3.5755,1081790,none
3.5879,113972,none
3.5902,-524018,none
3.5964,-7785,none
3.6020,603282,none
3.6057,1005407,none
3.6063,200525,none
3.6069,-517779,none
3.6083,-10603,none
3.6120,594485,none
3.6164,1065976,none
3.6204,304185,none
3.6246,-537144,none
3.6305,-34380,none
3.6328,530044,none
3.6378,987537,none
3.6423,356752,none
3.6452,-561452,none
3.6491,-45744,none
3.6533,495651,none
3.6666,1062039,none
3.6673,464547,none
3.6679,-564406,none
3.6687,-60715,none
3.6693,457666,none
3.6735,1047142,none
3.6775,522572,none
3.6816,-593150,none
3.6856,-79397,none
3.6992,424760,none
3.6998,1011884,none
3.7005,605637,none
3.7021,-627754,none
3.7139,-109527,none
3.7175,383993,none
3.7221,1006914,none
3.7227,665412,none
3.7233,-631807,none
3.7268,-111783,none
3.7316,345254,none
3.7350,994437,none
3.7405,738992,none
3.7457,-665639,none
3.7523,-134068,none
3.7554,318742,none
3.7563,953846,none
3.7594,781598,none
3.7636,-688868,none
3.7679,-150509,none
3.7721,287420,none
3.7761,974807,none
3.7800,857741,none
3.7815,-,none
3.7842,700211,none
3.7853,-,none
3.7890,176583,none
3.7906,26,none
3.7923,5912,none
3.7972,923529,none
3.8053,887098,none
3.8060,-713186,none
3.8063,-200788,none
3.8092,233199,none
3.8128,947867,none
3.8171,965556,none
3.8214,-687843,none
3.8251,-209894,none
3.8326,202813,none
3.8339,910259,none
3.8378,976283,none
3.8476,-653463,none
3.8484,-239309,none
3.8496,191971,none
3.8536,918503,none
3.8580,1021247,none
3.8619,-610433,none
3.8659,-244666,none
3.8699,178903,none
3.8790,951031,none
3.8817,1060888,none
3.8825,-559276,none
3.8864,-248821,none
3.8902,168010,none
3.8946,908309,none
3.8988,1038558,none
3.9029,-526344,none
3.9098,-273144,none
3.9136,139532,none
3.9151,909162,none
3.9162,1,none
3.9221,075820,none
3.9235,-470194,none
3.9255,-276985,none
3.9277,128955,none
3.9345,885867,none
3.9411,1048802,none
3.9418,-426141,none
3.9439,-318154,none
3.9479,112116,none
3.9519,883148,none
3.9647,1094470,none
3.9653,-335963,none
3.9660,-327573,none
3.9710,99362,none
3.9791,859697,none
3.9839,1077056,none
3.9846,-275422,none
3.9853,-367263,none
3.9927,83707,none
3.9968,824465,none
4.0002,1068154,none
4.0011,-205483,none
4.0061,-423395,none
4.0141,59283,none
4.0147,763358,none
4.0177,1074375,none
4.0225,-115525,none
4.0257,-458048,none
4.0314,33859,none
4.0341,713235,none
4.0393,1031042,none
4.0410,-,none
4.0543,55054,none
4.0559,-469108,none
4.0564,27925,none
4.0572,678278,none
4.0580,1043189,none
4.0586,36196,none
4.0715,-521400,none
4.0724,-1147,none
4.0762,632736,none
4.0769,1018012,none
4.0804,121324,none
4.0829,-535523,none
4.0868,-6518,none
4.0934,604128,none
4.0966,1083269,none
4.0993,218714,none
4.1066,-510064,none
4.1074,3087,none
4.1119,581775,none
4.1159,1007325,none
4.1197,282598,none
4.1243,-568968,none
4.1281,-57114,none
4.1321,506787,none
4.1363,1065333,none
4.1402,383102,none
4.1456,-567322,flicker
4.1497,-75616,flicker
4.1525,472149,flicker
4.1574,1030421,flicker
4.1605,450955,flicker
4.1619,-,flicker
4.1648,652365,flicker
4.1660,-,flicker
4.1690,140322,flicker
4.1715,4,flicker
4.1726,01932,flicker
4.1735,101,flicker
4.1773,6838,flicker
4.1789,515014,flicker
4.1808,-601393,flicker
4.1849,-104993,flicker
4.1893,394142,flicker
4.1939,1035285,flicker
4.1972,610456,flicker
4.2014,-658380,flicker
4.2054,-151641,flicker
4.2109,332447,flicker
4.2136,935145,flicker
4.2177,630959,flicker
4.2218,-688276,flicker
4.2266,696,flicker
4.2309,308373,flicker
4.2340,1003034,flicker
4.2382,756041,flicker
4.2435,626,flicker
4.2475,-187167,flicker
4.2504,275246,flicker
4.2546,981064,flicker
4.2588,12419,flicker
4.2638,-720344,flicker
4.2668,-199777,flicker
4.2709,240868,flicker
4.2751,293,flicker
4.2794,830627,flicker
4.2832,-758957,flicker
4.2873,-245056,flicker
4.2915,0808,flicker
4.2961,915571,flicker
4.2976,8,flicker
4.2995,97409,flicker
4.3006,-744,flicker
4.3036,185,flicker
4.3051,-259169,flicker
4.3084,178692,flicker
4.3119,899562,flicker
4.3159,953864,flicker
4.3200,-715674,flicker
4.3266,-28688,flicker
4.3286,157485,flicker
4.3323,916877,flicker
4.3365,975510,flicker
4.3407,-677316,flicker
4.3448,-266697,flicker
4.3487,151959,flicker
4.3528,890224,flicker
4.3571,982394,flicker
4.3624,-648057,flicker
4.3652,-323508,flicker
4.3693,118427,flicker
4.3734,885718,flicker
4.3783,1003505,flicker
4.3816,-602007,flicker
4.3857,-290273,flicker
4.3903,116922,flicker
4.3939,884298,flicker
4.3979,1048067,flicker
4.4019,-545672,flicker
4.4065,-346971,flicker
4.4103,88021,flicker
4.4151,863619,flicker
4.4184,1017932,flicker
4.4196,-,flicker
4.4233,502277,flicker
4.4237,-,flicker
4.4266,314090,flicker
4.4283,8863,flicker
4.4306,6,flicker
4.4321,862000,flicker
4.4366,1032824,flicker
4.4390,-440242,flicker
4.4438,-338940,flicker
4.4472,79990,flicker
4.4511,840493,flicker
4.4553,1036561,flicker
4.4607,-376607,flicker
4.4636,-381246,flicker
4.4675,55184,flicker
4.4716,806596,flicker
4.4757,051094,flicker
4.4805,-297108,flicker
4.4839,-416674,flicker
4.4880,42309,flicker
4.4921,67033,flicker
4.4982,1032147,flicker
4.5003,-221219,flicker
4.5044,-432133,flicker
4.5127,727551,flicker
4.5167,1023072,flicker
4.5208,-151629,flicker
4.5265,49,flicker
4.5289,7493,flicker
4.5336,670750,flicker
4.5374,1000778,flicker
4.5432,-63,flicker
4.5459,-493259,flicker
4.5472,-,flicker
4.5503,3108,flicker
4.5537,636412,flicker
4.5548,987,flicker
4.5580,891,flicker
4.5593,17,flicker
4.5646,-553882,flicker
4.5668,-29508,flicker
4.5699,585343,flicker
4.5743,988042,flicker
4.5782,93475,flicker
4.5822,-553575,flicker
4.5862,-36736,flicker
4.5904,553848,flicker
4.5954,983066,flicker
4.5985,184372,flicker
4.6027,-554191,flicker
4.6068,-37021,flicker
4.6118,522371,flicker
4.6150,1007538,flicker
4.6190,275260,flicker
4.6232,-598529,flicker
4.6277,-84759,flicker
4.6313,467442,flicker
4.6354,956497,flicker
4.6404,328011,flicker
4.6446,-583645,flicker
4.6479,-81195,flicker
4.6518,435016,flicker
4.6567,936361,flicker
4.6605,396970,flicker
4.6641,-640623,flicker
4.6682,-113266,flicker
4.6730,397261,flicker
4.6768,988146,flicker
4.6807,491276,flicker
4.6821,-64,flicker
4.6847,1502,flicker
4.6865,-11437,flicker
4.6886,7,flicker
4.6888,368067,flicker
4.6940,385,flicker
4.6984,544104,flicker
4.7014,-695191,flicker
4.7052,-163737,flicker
4.7099,325862,flicker
4.7133,1016664,flicker
4.7173,671393,flicker
4.7215,-679774,flicker
4.7258,143,flicker
4.7304,288636,flicker
4.7349,934889,flicker
4.7379,685480,flicker
4.7436,726,flicker
4.7476,-177432,flicker
4.7515,252665,flicker
4.7543,898766,flicker
4.7585,3774,flicker
4.7626,-775143,flicker
4.7669,-204017,flicker
4.7715,214549,flicker
4.7763,9492,flicker
4.7793,809093,flicker
4.7829,-780559,flicker
4.7870,-240000,flicker
4.7928,880,flicker
4.7954,867491,flicker
4.8001,820616,flicker
4.8011,-,flicker
4.8034,781812,flicker
4.8049,-,flicker
4.8075,208693,flicker
4.8086,18,flicker
4.8121,0980,flicker
4.8132,87282,flicker
4.8156,1,flicker
4.8157,883218,flicker
4.8198,-759988,flicker
4.8240,-298871,flicker
4.8286,139007,flicker
4.8321,821985,flicker
4.8361,856776,flicker
4.8403,-734108,flicker
4.8446,-273677,flicker
4.8484,137057,flicker
4.8525,877717,flicker
4.8566,991920,flicker
4.8617,-664371,flicker
4.8648,-294681,flicker
4.8689,110559,flicker
4.8734,866015,flicker
4.8774,930432,flicker
4.8812,-648430,flicker
4.8853,-318311,flicker
4.8902,95728,flicker
4.8937,854433,flicker
4.8975,980020,flicker
4.9017,-577186,flicker
4.9066,-279764,flicker
4.9103,96438,flicker
4.9140,861741,flicker
4.9180,988825,flicker
4.9223,-526176,flicker
4.9266,-332438,flicker
4.9303,72792,flicker
4.9344,841177,flicker
4.9354,9,flicker
4.9386,96207,flicker
4.9399,-4605,flicker
4.9427,4,flicker
4.9445,-4562,flicker
4.9469,43317,flicker
4.9520,812688,flicker
4.9556,986637,flicker
4.9590,-389205,flicker
4.9642,-364368,flicker
4.9672,53331,flicker
4.9713,789849,flicker
4.9767,07,flicker
4.9809,-309199,flicker
4.9836,-451441,flicker
4.9878,17384,flicker
4.9920,26,flicker
4.9977,1014936,flicker
5.0014,-228520,flicker
5.0066,-435724,flicker
5.0104,21845,flicker
5.0122,709287,flicker
5.0164,1053223,flicker
5.0204,-135174,flicker
5.0246,-526371,flicker
5.0297,-21158,flicker
5.0328,639985,flicker
5.0368,882510,flicker
5.0411,-112434,flicker
5.0470,-516177,flicker
5.0495,-16274,flicker
5.0532,620129,flicker
5.0575,912322,flicker
5.0592,-,flicker
5.0621,11611,flicker
5.0640,-5,flicker
5.0656,43005,flicker
5.0669,-22075,flicker
5.0707,606227,flicker
5.0739,987081,flicker
5.0800,118945,flicker
5.0822,-563639,flicker
5.0860,-33823,flicker
5.0904,566099,flicker
5.0962,1009140,flicker
5.0983,197530,flicker
5.1023,-544922,flicker
5.1069,-28956,flicker
5.1112,529253,flicker
5.1148,975961,flicker
5.1188,267300,flicker
5.1236,-568284,flicker
5.1270,-62477,flicker
5.1310,473997,flicker
5.1351,943486,flicker
5.1396,335641,flicker
5.1443,-592674,flicker
5.1474,-79312,flicker
5.1516,440116,flicker
5.1564,992678,flicker
5.1601,427632,flicker
5.1639,-630656,flicker
5.1679,-109957,flicker
5.1721,411164,flicker
5.1776,215,flicker
5.1804,477661,flicker
5.1848,-647352,flicker
5.1858,-,flicker
5.1884,112069,flicker
5.1898,3,flicker
5.1939,801,flicker
5.1983,4120,flicker
5.2002,607230,flicker
5.2021,-629348,flicker
5.2050,-104680,flicker
5.2091,66,flicker
5.2137,937120,flicker
5.2171,610465,flicker
5.2212,-714373,flicker
5.2271,699,flicker
5.2300,292223,flicker
5.2351,884335,flicker
5.2381,672369,flicker
5.2420,6,flicker
5.2475,-158632,flicker
5.2508,291839,flicker
5.2548,976580,flicker
5.2585,719,flicker
5.2628,-738033,flicker
5.2664,-172617,flicker
5.2703,255901,flicker
5.2747,888974,flicker
5.2798,801713,flicker
5.2828,-761832,flicker
5.2867,-202703,flicker
5.2908,232384,flicker
5.2958,930323,flicker
5.2990,875219,flicker
5.3031,-736200,flicker
5.3074,-190565,flicker
5.3121,206736,flicker
5.3154,861153,flicker
5.3196,869644,flicker
5.3208,-736,flicker
5.3236,065,flicker
5.3250,-243389,flicker
5.3293,186628,flicker
5.3317,887404,flicker
5.3358,938980,flicker
5.3402,-672358,flicker
5.3455,-260087,flicker
5.3484,174074,flicker
5.3522,922330,flicker
5.3571,1010536,flicker
5.3624,-620245,flicker
5.3645,-243267,flicker
5.3686,158815,flicker
5.3736,903676,flicker
5.3782,989282,flicker
5.3809,-592709,flicker
5.3849,-274814,flicker
5.3893,136523,flicker
5.3939,882113,flicker
5.3973,996175,flicker
5.4013,-557886,flicker
5.4055,-301158,flicker
5.4114,109524,flicker
5.4138,886479,flicker
5.4177,1008945,flicker
5.4220,-486487,flicker
5.4281,2,flicker
5.4334,114298,flicker
5.4352,867271,flicker
5.4383,980828,flicker
5.4398,-,flicker
5.4437,97-,flicker
5.4478,339124,flicker
5.4495,782,flicker
5.4505,31,flicker
5.4517,83666,flicker
5.4546,2,flicker
5.4548,975753,flicker
5.4590,831,flicker
5.4637,-363632,flicker
5.4682,68191,flicker
5.4718,828999,flicker
5.4752,982366,flicker
5.4801,-301379,flicker
5.4837,-393131,flicker
5.4875,59756,flicker
5.4918,846,flicker
5.4968,1028993,flicker
5.5006,-211638,flicker
5.5038,-414675,flicker
5.5082,29,flicker
5.5129,739696,flicker
5.5171,1083630,flicker
5.5203,-112313,flicker
5.5245,-456867,flicker
5.5293,27218,flicker
5.5324,685314,flicker
5.5365,886543,flicker
5.5408,-102321,flicker
5.5452,-522055,flicker
5.5488,-15987,flicker
5.5529,632527,flicker
5.5571,995117,flicker
5.5616,28935,flicker
5.5652,-517615,flicker
5.5662,-,flicker
5.5692,5181,flicker
5.5735,611050,flicker
5.5752,89,flicker
5.5778,9037,flicker
5.5789,79003,flicker
5.5816,-590763,flicker
5.5857,-39660,flicker
5.5902,574225,flicker
5.5945,966495,flicker
5.5979,207305,flicker
5.6020,-520949,flicker
5.6067,-8560,flicker
5.6110,554875,flicker
5.6144,961982,flicker
5.6184,269462,flicker
5.6233,-574111,flicker
5.6273,-54709,flicker
5.6307,498999,flicker
5.6348,898209,flicker
5.6396,313150,flicker
5.6437,-577865,flicker
5.6471,-55009,flicker
5.6512,475887,flicker
5.6558,1020290,flicker
5.6600,450550,flicker
5.6635,-578371,flicker
5.6676,-59598,flicker
5.6718,438896,flicker
5.6765,885445,flicker
5.6801,455430,flicker
5.6840,-649019,flicker
5.6882,-106978,flicker
5.6937,05564,flicker
5.6978,990970,flicker
5.7007,605888,flicker
5.7024,-62,flicker
5.7045,8802,flicker
5.7062,-97075,flicker
5.7104,270,flicker
5.7138,951959,flicker
5.7182,648787,flicker
5.7209,-657414,flicker
5.7264,-10641,flicker
5.7290,344125,flicker
5.7336,922271,flicker
5.7372,701713,flicker
5.7422,6986,flicker
5.7462,-147224,flicker
5.7496,307363,flicker
5.7544,958179,flicker
5.7583,7519,flicker
5.7640,-702305,flicker
5.7668,-125983,flicker
5.7707,294439,flicker
5.7742,953926,flicker
5.7791,843382,flicker
5.7823,-734432,flicker
5.7864,-167615,flicker
5.7905,244328,flicker
5.7957,993577,flicker
5.7991,945484,flicker
5.8029,-706759,flicker
5.8080,-188353,flicker
5.8124,204028,flicker
5.8151,861606,flicker
5.8191,860553,flicker
5.8204,-,flicker
5.8233,745086,flicker
5.8249,-,flicker
5.8275,267032,flicker
5.8287,16,flicker
5.8314,9080,flicker
5.8324,8781,flicker
5.8355,74,flicker
5.8356,908901,flicker
5.8403,-697560,flicker
5.8444,-263139,flicker
5.8478,159772,flicker
5.8519,859323,flicker
5.8569,911615,flicker
5.8603,-657093,flicker
5.8642,-300205,flicker
5.8683,146843,flicker
5.8725,907223,flicker
5.8770,987065,flicker
5.8808,-591146,flicker
5.8847,-219760,flicker
5.8888,156920,flicker
5.8930,00925,flicker
5.8974,1008497,flicker
5.9019,-539268,flicker
5.9052,-273537,flicker
5.9095,1855,flicker
5.9147,891262,flicker
5.9186,941385,flicker
5.9216,-512176,flicker
5.9260,290370,flicker
5.9299,102886,flicker
5.9338,863816,flicker
5.9380,964075,flicker
5.9424,443,flicker
5.9463,-356893,flicker
5.9504,79459,flicker
5.9544,854942,flicker
5.9560,9,flicker
5.9587,20,flicker
5.9601,-31,flicker
5.9632,3,flicker
5.9660,-319825,flicker
5.9666,98304,flicker
5.9708,836754,flicker
5.9755,691,flicker
5.9819,-294628,flicker
5.9840,-414224,flicker
5.9870,63605,flicker
5.9928,941,flicker
5.9980,931298,flicker
6.0001,-222935,flicker
6.0034,-399830,flicker
6.0096,651,flicker
6.0121,754263,flicker
6.0162,951170,flicker
6.0199,-140085,flicker
6.0265,-4396,flicker
6.0290,59479,flicker
6.0344,722417,flicker
6.0374,1004353,flicker
6.0404,-30145,flicker
6.0448,-460229,flicker
6.0493,44330,flicker
6.0526,676895,flicker
6.0569,973908,flicker
6.0619,31747,flicker
6.0649,-509967,flicker
6.0689,9472,flicker
6.0734,621570,flicker
6.0785,967887,flicker
6.0813,118848,flicker
6.0828,-5,flicker
6.0854,29107,flicker
6.0855,-368,flicker
6.0911,595742,flicker
6.0942,990275,flicker
6.0978,213601,flicker
6.1018,-545392,flicker
6.1062,-21828,flicker
6.1102,553924,flicker
6.1143,953452,flicker
6.1181,275322,flicker
6.1230,-559691,flicker
6.1276,-41817,flicker
6.1304,510404,flicker
6.1345,884279,flicker
6.1386,324277,flicker
6.1446,-579041,flicker
6.1475,-54664,flicker
6.1509,486070,flicker
6.1550,973037,flicker
6.1593,323,flicker
6.1675,-578097,flicker
6.1680,-47040,flicker
6.1714,466654,flicker
6.1769,1058565,flicker
6.1798,546697,flicker
6.1837,-596683,flicker
6.1878,-66814,flicker
6.1921,1985,flicker
6.1990,926130,flicker
6.2005,566132,flicker
6.2025,-,flicker
6.2042,673840,flicker
6.2054,-,flicker
6.2084,2821,flicker
6.2126,71788,flicker
6.2138,9332,flicker
6.2166,13,flicker
6.2189,639210,flicker
6.2206,-658269,flicker
6.2251,-991,flicker
6.2303,362174,flicker
6.2338,963601,flicker
6.2369,730373,flicker
6.2418,-79,flicker
6.2468,85,flicker
6.2497,330391,flicker
6.2533,967986,flicker
6.2575,796720,flicker
6.2618,-687684,flicker
6.2656,-137689,flicker
6.2697,300581,flicker
6.2738,927738,flicker
6.2786,813536,flicker
6.2821,-720259,flicker
6.2861,-142217,flicker
6.2905,280386,flicker
6.2952,943205,flicker
6.2985,883812,flicker
6.3026,-710967,flicker
6.3080,-203333,flicker
6.3117,237761,flicker
6.3161,892355,flicker
6.3189,871369,flicker
6.3234,-698335,flicker
6.3280,-181568,flicker
6.3311,237306,flicker
6.3352,954865,flicker
6.3397,972056,flicker
6.3415,-636,flicker
6.3436,600,flicker
6.3452,-185613,flicker
6.3475,219223,flicker
6.3516,925005,flicker
6.3565,948764,flicker
6.3618,-614977,flicker
6.3639,-220653,flicker
6.3680,189226,flicker
6.3721,948308,flicker
6.3769,996659,flicker
6.3803,-557703,flicker
6.3844,-220110,flicker
6.3885,183660,flicker
6.3941,3076,flicker
6.4000,971139,flicker
6.4018,-530855,flicker
6.4049,-237338,flicker
6.4107,69,flicker
6.4156,922857,flicker
6.4179,1022229,flicker
6.4213,-467092,flicker
6.4255,254187,flicker
6.4303,145512,flicker
6.4335,892214,flicker
6.4377,1039289,flicker
6.4421,396,flicker
6.4477,-298106,flicker
6.4512,119741,flicker
6.4541,886613,flicker
6.4587,992,flicker
6.4644,358796,flicker
6.4655,-,flicker
6.4663,385919,flicker
6.4679,8881,flicker
6.4703,1,flicker
6.4716,834623,flicker
6.4761,0835,flicker
6.4797,-252446,flicker
6.4839,-353598,flicker
6.4867,86215,flicker
6.4913,805512,flicker
6.4955,1000163,flicker
6.4991,-215084,flicker
6.5031,-482716,flicker
6.5072,29488,flicker
6.5122,738808,flicker
6.5155,926793,flicker
6.5196,-152414,flicker
6.5237,-436036,flicker
6.5285,50352,flicker
6.5318,711367,flicker
6.5359,950479,flicker
6.5402,-63423,flicker
6.5450,-479913,flicker
6.5483,31971,flicker
6.5528,675107,flicker
6.5565,956649,flicker
6.5615,30218,flicker
6.5646,-485061,flicker
6.5686,27317,flicker
6.5735,645714,flicker
6.5776,1010839,flicker
6.5810,131432,flicker
6.5850,-505939,flicker
6.5898,14368,flicker
6.5945,608735,flicker
6.5968,974,flicker
6.5974,206,flicker
6.5991,201689,flicker
6.6015,-544151,flicker
6.6057,-19841,flicker
6.6110,556731,flicker
6.6141,959846,flicker
6.6179,272991,flicker
6.6221,-552331,flicker
6.6268,-39013,flicker
6.6306,514981,flicker
6.6342,934642,flicker
6.6384,334682,flicker
6.6426,56844,flicker
6.6476,-46607,flicker
6.6510,479940,flicker
6.6547,881817,flicker
6.6601,877 ,flicker
6.6662,581896,flicker
6.6676,-46975,flicker
6.6711,459430,flicker
6.6754,62,flicker
6.6828,526443,flicker
6.6845,-594938,flicker
6.6875,-69040,flicker
6.6929,18,flicker
6.6980,850493,flicker
6.6999,498310,flicker
6.7040,-659623,flicker
6.7097,32,flicker
6.7133,379166,flicker
6.7173,1049997,flicker
6.7202,687147,flicker
6.7217,-62,flicker
6.7245,6247,flicker
6.7263,-106,flicker
6.7297,344865,flicker
6.7338,912735,flicker
6.7366,661309,flicker
6.7408,-705239,flicker
6.7453,-143956,flicker
6.7490,298239,flicker
6.7530,959064,flicker
6.7572,781252,flicker
6.7620,-714327,flicker
6.7653,-156110,flicker
6.7694,270410,flicker
6.7736,910119,flicker
6.7789,777992,flicker
6.7817,-753971,flicker
6.7858,-180598,flicker
6.7901,236126,flicker
6.7946,889557,flicker
6.7980,833769,flicker
6.8021,-741836,flicker
6.8066,-176887,flicker
6.8110,227523,flicker
6.8144,895029,flicker
6.8185,860382,flicker
6.8230,-733652,flicker
6.8279,-224241,flicker
6.8310,178999,flicker
6.8350,863693,flicker
6.8399,873466,flicker
6.8412,-,flicker
6.8443,709848,flicker
6.8459,-,flicker
6.8473,228059,flicker
6.8489,17,flicker
6.8514,7448,flicker
6.8526,90683,flicker
6.8554,0,flicker
6.8556,944411,flicker
6.8599,596,flicker
6.8655,-281431,flicker
6.8697,146108,flicker
6.8739,880410,flicker
6.8765,887167,flicker
6.8802,63262,flicker
6.8849,-255671,flicker
6.8882,143253,flicker
6.8926,9,flicker
6.8965,971986,flicker
6.9005,-568870,flicker
6.9046,-256492,flicker
6.9089,131260,flicker
6.9138,890253,flicker
6.9168,958760,flicker
6.9210,-520756,flicker
6.9270,21,flicker
6.9293,115526,flicker
6.9334,875909,flicker
6.9374,969093,flicker
6.9416,49,flicker
6.9467,-341157,flicker
6.9520,83007,flicker
6.9538,848108,flicker
6.9581,2,flicker
6.9628,-399223,flicker
6.9663,-366330,flicker
6.9700,76870,flicker
6.9745,833642,flicker
6.9763,1,flicker
6.9793,039023,flicker
6.9807,-3070,flicker
6.9823,22,flicker
6.9837,-375293,flicker
6.9864,65575,flicker
6.9906,788056,flicker
6.9950,1009623,flicker
6.9988,-243787,flicker
7.0028,-436068,flicker
7.0076,3996,flicker
7.0124,737352,flicker
7.0155,922915,flicker
7.0194,-192654,flicker
7.0238,-509095,flicker
7.0289,8813,flicker
7.0317,689845,flicker
7.0356,979610,flicker
7.0399,-90679,flicker
7.0457,-474526,flicker
7.0480,15224,flicker
7.0521,656814,flicker
7.0567,897926,flicker
7.0611,-51791,flicker
7.0643,-562215,flicker
7.0683,-30528,flicker
7.0731,610887,flicker
7.0775,927850,flicker
7.0807,66350,flicker
7.0847,-533364,flicker
7.0895,-8231,flicker
7.0934,599117,flicker
7.0970,1005672,flicker
7.1011,172372,flicker
7.1023,-5,flicker
7.1054,69204,flicker
7.1076,-37485,flicker
7.1120,553840,flicker
7.1135,973126,flicker
7.1175,242054,flicker
7.1218,-557213,flicker
7.1267,-42217,flicker
7.1308,510548,flicker
7.1339,926723,flicker
7.1380,295829,flicker
7.1435,657,flicker
7.1464,-80136,flicker
7.1507,465259,flicker
7.1545,990503,flicker
7.1594,387097,flicker
7.1627,-606750,flicker
7.1667,-86220,flicker
7.1708,431894,flicker
7.1764,67,flicker
7.1798,434446,flicker
7.1838,-651116,flicker
7.1877,-119181,flicker
7.1917,3883,flicker
7.1961,945555,flicker
7.2008,529282,flicker
7.2042,-664109,flicker
7.2080,-127685,flicker
7.2125,356501,flicker
7.2159,935494,flicker
7.2199,578506,flicker
7.2242,-694543,flicker
7.2256,-,flicker
7.2285,154362,flicker
7.2301,3,flicker
7.2323,16992,flicker
7.2338,9265,flicker
7.2363,96,flicker
7.2375,649835,flicker
7.2406,-714629,flicker
7.2454,-180319,flicker
7.2486,293723,flicker
7.2527,905643,flicker
7.2568,703323,flicker
7.2614,-730769,flicker
7.2650,-170406,flicker
7.2691,276801,flicker
7.2736,908964,flicker
7.2784,773001,flicker
7.2818,-750928,flicker
7.2856,-179425,flicker
7.2901,248626,flicker
7.2946,909594,flicker
7.2986,809922,flicker
7.3022,-761145,flicker
7.3062,-199009,flicker
7.3106,57,flicker
7.3169,922457,flicker
7.3186,877256,flicker
7.3235,-747676,flicker
7.3270,-249397,flicker
7.3305,173923,flicker
7.3346,895287,flicker
7.3388,905641,flicker
7.3429,7,flicker
7.3480,-250082,flicker
7.3526,159223,flicker
7.3552,886270,flicker
7.3609,921-69,flicker
7.3637,38,flicker
7.3664,-288133,flicker
7.3681,132707,flicker
7.3715,849335,flicker
7.3769,80,flicker
7.3807,-671542,flicker
7.3840,-321489,flicker
7.3880,113406,flicker
7.3937,93,flicker
7.3977,969357,flicker
7.4008,-589499,flicker
7.4042,-264973,flicker
7.4100,2299,flicker
7.4127,886071,flicker
7.4165,1011888,flicker
7.4208,-533249,flicker
7.4250,8,flicker
7.4296,86599,flicker
7.4329,848554,flicker
7.4370,934557,flicker
7.4431,-16,flicker
7.4462,-340774,flicker
7.4493,57283,flicker
7.4534,827268,flicker
7.4600,971306,flicker
7.4616,-441467,flicker
7.4657,-418965,flicker
7.4697,33267,flicker
7.4739,791574,flicker
7.4791,900239,flicker
7.4810,-,flicker
7.4821,392815,flicker
7.4832,-,flicker
7.4862,428021,flicker
7.4876,2814,flicker
7.4903,7,flicker
7.4914,771315,flicker
7.4947,989902,flicker
7.4985,-285243,flicker
7.5025,-437817,flicker
7.5069,30880,flicker
7.5112,730204,flicker
7.5148,950940,flicker
7.5189,-219911,flicker
7.5234,-502090,flicker
7.5280,565,flicker
7.5312,683762,flicker
7.5353,935923,flicker
7.5400,-138498,flicker
7.5442,-534115,flicker
7.5476,-18647,flicker
7.5517,636193,flicker
7.5567,950480,flicker
7.5604,-51629,flicker
7.5641,-547889,flicker
7.5681,-26388,flicker
7.5723,604633,flicker
7.5764,982914,flicker
7.5804,45654,flicker
7.5846,-574630,flicker
7.5886,-37459,flicker
7.5931,573965,flicker
7.5967,959240,flicker
7.6008,120648,flicker
7.6054,-575650,flicker
7.6064,-,flicker
7.6103,648,flicker
7.6137,527292,flicker
7.6156,947,flicker
7.6172,582,flicker
7.6185,184621,flicker
7.6215,-652956,flicker
7.6269,9550,flicker
7.6311,484682,flicker
7.6336,968924,flicker
7.6377,296690,flicker
7.6420,6150,flicker
7.6465,-97230,flicker
7.6501,438635,flicker
7.6543,924081,flicker
7.6594,39,flicker
7.6626,-654441,flicker
7.6665,-115235,flicker
7.6705,409030,flicker
7.6759,9191,flicker
7.6791,414528,flicker
7.6841,-666917,flicker
7.6869,-131516,flicker
7.6933,37887,flicker
7.6960,916044,flicker
7.6991,484364,flicker
7.7032,-682159,flicker
7.7075,-140059,flicker
7.7123,348568,flicker
7.7155,951933,flicker
7.7196,582417,flicker
7.7238,-730029,flicker
7.7293,-200411,flicker
7.7320,289778,flicker
7.7360,883361,flicker
7.7403,621215,flicker
7.7419,-72,flicker
7.7449,7079,flicker
7.7471,-18515,flicker
7.7482,4,flicker
7.7484,288016,flicker
7.7524,967112,flicker
7.7568,744967,flicker
7.7616,-741011,flicker
7.7647,-201833,flicker
7.7687,247257,flicker
7.7736,862754,flicker
7.7776,737897,flicker
7.7811,-789058,flicker
7.7852,-235474,flicker
7.7898,219537,flicker
7.7940,930765,flicker
7.7978,848505,flicker
7.8015,-764404,flicker
7.8063,-227068,flicker
7.8111,191272,flicker
7.8139,841092,flicker
7.8179,804268,flicker
7.8221,-790405,flicker
7.8268,-262957,flicker
7.8310,163789,flicker
7.8344,852668,flicker
7.8384,877702,flicker
7.8443,767,flicker
7.8477,-254409,flicker
7.8507,141834,flicker
7.8549,880463,flicker
7.8611,9802-,flicker
7.8641,714074,flicker
7.8646,-,flicker
7.8675,314018,flicker
7.8691,10,flicker
7.8713,2931,flicker
7.8730,86863,flicker
7.8758,976,flicker
7.8825,-673003,flicker
7.8837,-309375,flicker
7.8879,89020,flicker
7.8983,885346,flicker
7.8999,-657606,flicker
7.9040,-381523,flicker
7.9095,152,flicker
7.9127,815144,flicker
7.9162,927973,flicker
7.9203,-592422,flicker
7.9247,-328736,flicker
7.9289,60458,flicker
7.9326,830641,flicker
7.9367,978423,flicker
7.9409,-516826,flicker
7.9458,-381531,flicker
7.9490,34092,flicker
7.9531,794380,flicker
7.9573,904915,flicker
7.9620,-484243,flicker
7.9654,-403432,flicker
7.9694,23118,flicker
7.9737,772701,flicker
7.9781,986047,flicker
7.9818,-379191,flicker
7.9859,-444995,flicker
7.9900,4907,flicker
7.9948,729374,flicker
7.9964,89,flicker
7.9983,3825,flicker
7.9994,-33941,flicker
8.0022,1,flicker
8.0039,-503972,flicker
8.0068,-12275,flicker
8.0118,693538,flicker
8.0147,968806,flicker
8.0186,-230529,flicker
8.0239,-509728,flicker
8.0279,-22195,flicker
8.0309,653322,flicker
8.0350,937593,flicker
8.0397,-159077,flicker
8.0443,-549086,flicker
8.0476,-43432,flicker
8.0514,603109,flicker
8.0557,923981,flicker
8.0604,-79644,flicker
8.0638,-559955,flicker
8.0678,-53943,flicker
8.0719,568579,flicker
8.0762,52,flicker
8.0803,25412,flicker
8.0842,-606811,flicker
8.0883,-74159,flicker
8.0927,279,flicker
8.0972,845025,flicker
8.1005,68836,flicker
8.1048,-615542,flicker
8.1089,8665,flicker
8.1132,498737,flicker
8.1169,966642,flicker
8.1211,193315,flicker
8.1229,-61,flicker
8.1269,23-7724,flicker
8.1305,462596,flicker
8.1334,850600,flicker
8.1375,232467,flicker
8.1423,6549,flicker
8.1458,-122715,flicker
8.1498,437950,flicker
8.1540,958954,flicker
8.1583,3483,flicker
8.1628,-628477,flicker
8.1662,-105304,flicker
8.1702,406033,flicker
8.1745,917805,flicker
8.1797,403680,flicker
8.1825,-679703,flicker
8.1865,-146252,flicker
8.1908,357103,flicker
8.1963,906774,flicker
8.1989,468533,flicker
8.2030,-695099,flicker
8.2071,-156153,flicker
8.2120,330095,flicker
8.2152,975663,flicker
8.2194,582661,flicker
8.2236,-727467,flicker
8.2285,-210933,flicker
8.2316,266003,flicker
8.2357,897320,flicker
8.2402,611234,flicker
8.2419,-,flicker
8.2448,749315,flicker
8.2465,-,flicker
8.2480,215075,flicker
8.2494,2,flicker
8.2521,43645,flicker
8.2532,8558,flicker
8.2566,50,flicker
8.2585,650115,flicker
8.2614,-795652,flicker
8.2644,-248574,flicker
8.2685,208665,flicker
8.2733,927191,flicker
8.2777,784245,flicker
8.2811,-775289,flicker
8.2849,-218113,flicker
8.2899,197984,flicker
8.2933,82121,flicker
8.2976,800584,flicker
8.3015,-805313,flicker
8.3054,-280435,flicker
8.3111,5327,flicker
8.3152,858688,flicker
8.3176,802187,flicker
8.3219,-805589,flicker
8.3274,282,flicker
8.3305,115680,flicker
8.3340,856368,flicker
8.3381,879475,flicker
8.3436,711,flicker
8.3474,-349389,flicker
8.3517,79280,flicker
8.3545,842355,flicker
8.3599,634,flicker
8.3632,-746746,flicker
8.3668,-310054,flicker
8.3709,76399,flicker
8.3752,305,flicker
8.3803,23723,flicker
8.3823,-710,flicker
8.3832,460,flicker
8.3845,-381174,flicker
8.3873,29250,flicker
8.3931,79826,flicker
8.3956,887634,flicker
8.3996,-681729,flicker
8.4037,-360159,flicker
8.4093,21046,flicker
8.4130,773574,flicker
8.4159,888093,flicker
8.4200,-632477,flicker
8.4247,-405525,flicker
8.4288,-585,flicker
8.4324,764485,flicker
8.4365,898040,flicker
8.4408,-567883,flicker
8.4458,-423516,flicker
8.4488,-16298,flicker
8.4529,749454,flicker
8.4573,942982,flicker
8.4619,-494629,flicker
8.4653,-460539,flicker
8.4692,-31279,flicker
8.4735,718039,flicker
8.4780,944911,flicker
8.4815,-423996,flicker
8.4856,-527784,flicker
8.4900,-53785,flicker
8.4943,666326,flicker
8.4979,945226,flicker
8.4992,-,flicker
8.5019,347858,flicker
8.5030,-,flicker
8.5065,544083,flicker
8.5075,-6449,flicker
8.5103,2,flicker
8.5127,627219,flicker
8.5143,937331,flicker
8.5183,-258393,flicker
8.5233,-572242,flicker
8.5274,-80074,flicker
8.5306,587633,flicker
8.5347,898700,flicker
8.5389,-189948,flicker
8.5444,-598263,flicker
8.5471,-88755,flicker
8.5511,552045,flicker
8.5552,903618,flicker
8.5600,-107839,flicker
8.5644,-619237,flicker
8.5675,-113969,flicker
8.5716,511813,flicker
8.5763,909360,flicker
8.5798,-30772,flicker
8.5838,-641312,flicker
8.5880,-111026,flicker
8.5930,482595,flicker
8.5961,907020,flicker
8.6002,54572,flicker
8.6044,-665132,flicker
8.6087,1430,flicker
8.6133,440815,flicker
8.6166,922487,flicker
8.6210,147963,flicker
8.6251,6519,flicker
8.6301,145151,flicker
8.6330,403113,flicker
8.6345,845,flicker
8.6371,899,flicker
8.6382,204003,flicker
8.6427,7165,flicker
8.6457,-189419,flicker
8.6498,363241,flicker
8.6535,928291,flicker
8.6593,31319,flicker
8.6633,-687502,flicker
8.6664,-165296,flicker
8.6699,347067,flicker
8.6741,897379,flicker
8.6791,382573,flicker
8.6822,-756921,flicker
8.6863,-216844,flicker
8.6904,299395,flicker
8.6951,899096,flicker
8.6985,462681,flicker
8.7027,-739609,flicker
8.7068,-199648,flicker
8.7112,277109,flicker
8.7149,874942,flicker
8.7190,527999,flicker
8.7234,-765750,flicker
8.7284,-221291,flicker
8.7313,242338,flicker
8.7353,893724,flicker
8.7400,614326,flicker
8.7438,-778601,flicker
8.7477,-254822,flicker
8.7518,212331,flicker
8.7561,890442,flicker
8.7607,692031,flicker
8.7625,-79,flicker
8.7641,1802,flicker
8.7654,-23656,flicker
8.7681,5,flicker
8.7682,195964,flicker
8.7726,918168,flicker
8.7768,776249,flicker
8.7807,-806728,flicker
8.7846,-266175,flicker
8.7887,156115,flicker
8.7942,855944,flicker
8.7974,787025,flicker
8.8010,-823931,flicker
8.8050,-313590,flicker
8.8102,113831,flicker
8.8132,836022,flicker
8.8173,810455,flicker
8.8215,-812723,flicker
8.8266,-297020,flicker
8.8296,105919,flicker
8.8337,827240,flicker
8.8378,858653,flicker
8.8424,7831,flicker
8.8470,-362239,flicker
8.8508,68800,flicker
8.8544,817565,flicker
8.8599,6899,flicker
8.8668,-747075,flicker
8.8674,-312195,flicker
8.8706,73316,flicker
8.8765,35,flicker
8.8799,915168,flicker
8.8812,-,flicker
8.8828,699305,flicker
8.8838,-,flicker
8.8870,394184,flicker
8.8884,258,flicker
8.8913,3,flicker
8.8918,72,flicker
8.8953,2,flicker
8.8960,909938,flicker
8.8993,-667700,flicker
8.9033,-358539,flicker
8.9098,21789,flicker
8.9123,786794,flicker
8.9156,939911,flicker
8.9197,-604145,flicker
8.9240,-430963,flicker
8.9281,-11000,flicker
8.9320,754055,flicker
8.9361,937284,flicker
8.9402,-546427,flicker
8.9449,-443108,flicker
8.9484,-20501,flicker
8.9525,733287,flicker
8.9567,922367,flicker
8.9613,-489968,flicker
8.9648,-512194,flicker
8.9688,-55991,flicker
8.9736,699699,flicker
8.9777,892230,flicker
8.9818,-426432,flicker
8.9852,-516115,flicker
8.9898,-49092,flicker
8.9940,683573,flicker
8.9976,987829,flicker
9.0017,-318455,flicker
9.0061,-555436,flicker
9.0072,-,flicker
9.0110,58107,flicker
9.0148,639069,flicker
9.0165,96,flicker
9.0180,3339,flicker
9.0195,-2438,flicker
9.0221,93,flicker
9.0240,-554232,flicker
9.0269,-60064,flicker
9.0303,589988,flicker
9.0343,905449,flicker
9.0386,-181703,flicker
9.0439,-619415,flicker
9.0467,-101339,flicker
9.0508,553742,flicker
9.0549,989057,flicker
9.0596,-55955,flicker
9.0631,-594371,flicker
9.0671,-99627,flicker
9.0713,514213,flicker
9.0774,8189,flicker
9.0822,-21591,flicker
9.0839,-700329,flicker
9.0878,-147963,flicker
9.0920,824,flicker
9.0969,855822,flicker
9.1000,68365,flicker
9.1042,-661191,flicker
9.1087,126,flicker
9.1131,454827,flicker
9.1164,941924,flicker
9.1204,201632,flicker
9.1265,-6683,flicker
9.1316,-142268,flicker
9.1328,418133,flicker
9.1368,921200,flicker
9.1439,2887-6,flicker
9.1460,66467,flicker
9.1479,-1443,flicker
9.1493,14,flicker
9.1539,384885,flicker
9.1552,900943,flicker
9.1596,340264,flicker
9.1616,-694672,flicker
9.1660,-164701,flicker
9.1696,351580,flicker
9.1737,789462,flicker
9.1800,374646,flicker
9.1819,-717008,flicker
9.1860,-176401,flicker
9.1902,330621,flicker
9.1948,968195,flicker
9.1985,538610,flicker
9.2024,-692818,flicker
9.2067,-153209,flicker
9.2116,303725,flicker
9.2152,899974,flicker
9.2187,566654,flicker
9.2235,-762542,flicker
9.2282,-206828,flicker
9.2312,256528,flicker
9.2351,861181,flicker
9.2400,620675,flicker
9.2439,-774975,flicker
9.2483,-226441,flicker
9.2515,234171,flicker
9.2557,878547,flicker
9.2606,708187,flicker
9.2624,-,flicker
9.2638,788488,flicker
9.2653,-,flicker
9.2679,234944,flicker
9.2693,2,flicker
9.2720,08846,flicker
9.2731,8421,flicker
9.2777,1791,flicker
9.2808,-814461,flicker
9.2860,-240889,flicker
9.2897,186951,flicker
9.2929,911372,flicker
9.2968,872195,flicker
9.3018,-771660,flicker
9.3051,-233784,flicker
9.3106,20,flicker
9.3139,841165,flicker
9.3172,812205,flicker
9.3223,-799383,flicker
9.3254,-275396,flicker
9.3312,23,flicker
9.3346,847382,flicker
9.3407,880150,flicker
9.3425,-755814,flicker
9.3459,-308022,flicker
9.3502,98163,flicker
9.3557,810863,flicker
9.3580,843983,flicker
9.3628,-743274,flicker
9.3663,-307012,flicker
9.3702,82844,flicker
9.3746,841106,flicker
9.3798,900103,flicker
9.3830,-681289,flicker
9.3867,-331993,flicker
9.3908,60786,flicker
9.3952,799885,flicker
9.3968,8,flicker
9.3990,61889,flicker
9.4006,-653,flicker
9.4030,990,flicker
9.4043,-341171,flicker
9.4072,37489,flicker
9.4116,808941,flicker
9.4155,925665,flicker
9.4195,-579294,flicker
9.4236,-360223,flicker
9.4290,29663,flicker
9.4317,792579,flicker
9.4358,941709,flicker
9.4401,-508512,flicker
9.4451,-374973,flicker
9.4481,19764,flicker
9.4522,763932,flicker
9.4571,908648,flicker
9.4617,-445840,flicker
9.4651,-440975,flicker
9.4686,-3688,flicker
9.4736,739811,flicker
9.4773,880556,flicker
9.4819,-380165,flicker
9.4849,-438696,flicker
9.4891,3950,flicker
9.4931,717614,flicker
9.4985,931136,flicker
9.5014,-284607,flicker
9.5060,-488010,flicker
9.5100,-12968,flicker
9.5150,665289,flicker
9.5177,873356,flicker
9.5192,-,flicker
9.5219,220394,flicker
9.5231,-,flicker
9.5263,58,flicker
9.5275,04,flicker
9.5303,9,flicker
9.5327,628648,flicker
9.5342,918623,flicker
9.5383,-116786,flicker
9.5436,-528536,flicker
9.5483,-38287,flicker
9.5505,594924,flicker
9.5547,903596,flicker
9.5589,373,flicker
9.5630,-554644,flicker
9.6247,-38425,flicker
9.6284,563276,flicker
9.6292,881153,flicker
9.6296,39781,flicker
9.6299,-589601,flicker
9.6300,-64315,flicker
9.6302,527969,flicker
9.6303,923567,flicker
9.6304,154860,flicker
9.6306,-572406,flicker
9.6308,-61653,flicker
9.6309,498447,flicker
9.6318,9429023535,flicker
9.6329,0-91298,flicker
9.6332,447863,flicker
9.6385,876879,flicker
9.6434,282077,flicker
9.6453,-645359,flicker
9.6470,-,flicker
9.6491,113800,flicker
9.6545,408196,flicker
9.6565,933,flicker
9.6572,071,flicker
9.6586,383811,flicker
9.6620,-662202,flicker
9.6652,-131170,flicker
9.6692,373007,flicker
9.6737,895468,flicker
9.6792,441091,flicker
9.6816,-680757,flicker
9.6858,-133958,flicker
9.6903,346136,flicker
9.6953,926394,flicker
9.6979,545221,flicker
9.7020,-694685,flicker
9.7069,-145326,flicker
9.7111,312920,flicker
9.7150,920418,flicker
9.7185,600515,flicker
9.7228,-720914,flicker
9.7273,-160382,flicker
9.7307,283663,flicker
9.7348,907024,flicker
9.7396,669202,flicker
9.7455,-755387,flicker
9.7473,-208972,flicker
9.7512,240366,flicker
9.7553,826605,flicker
9.7605,691814,flicker
9.7641,-797574,flicker
9.7676,-216792,flicker
9.7717,222623,flicker
9.7759,1142,flicker
9.7810,813409,flicker
9.7828,-77,flicker
9.7846,6972,flicker
9.7864,-21984,flicker
9.7881,3,flicker
9.7886,198685,flicker
9.7933,851136,flicker
9.7962,802685,flicker
9.8012,-794597,flicker
9.8045,-263886,flicker
9.8087,573,flicker
9.8139,865882,flicker
9.8179,875810,flicker
9.8222,-757786,flicker
9.8258,-254364,flicker
9.8290,145283,flicker
9.8337,873118,flicker
9.8372,883174,flicker
9.8415,72990,flicker
9.8458,-265901,flicker
9.8513,116210,flicker
9.8551,861048,flicker
9.8587,885660,flicker
9.8632,-698622,flicker
9.8661,-284490,flicker
9.8703,99694,flicker
9.8748,848770,flicker
9.8793,902220,flicker
9.8832,-662514,flicker
9.8864,-291021,flicker
9.8905,80663,flicker
9.8964,834995,flicker
9.8987,920321,flicker
9.8996,-,flicker
9.9027,608380,flicker
9.9041,-,flicker
9.9072,339447,flicker
9.9088,543,flicker
9.9114,5,flicker
9.9135,81888,flicker
9.9150,2,flicker
9.9151,918094,flicker
9.9191,-556943,flicker
9.9237,-329960,flicker
9.9278,47040,flicker
9.9328,802914,flicker
9.9355,935367,flicker
9.9402,-478720,flicker
9.9450,-365392,flicker
9.9483,30296,flicker
9.9519,777265,flicker
9.9565,944800,flicker
9.9612,-410053,flicker
9.9662,-414817,flicker
9.9682,9494,flicker
9.9726,746229,flicker
9.9779,929599,flicker
9.9815,-339875,flicker
9.9847,-468814,flicker
9.9888,-14832,flicker
9.9938,696704,flicker
9.9985,860952,flicker
10.0010,-286021,flicker
10.0052,-512811,flicker
10.0103,-27763,flicker
10.0137,653471,flicker
10.0174,916130,flicker
10.0215,-179792,flicker
10.0268,-519947,flicker
10.0286,-,flicker
10.0313,27445,flicker
10.0339,621329,flicker
10.0353,88,flicker
10.0380,9655,flicker
10.0390,-97065,flicker
10.0436,-517592,flicker
10.0479,-23636,flicker
10.0512,593753,flicker
10.0543,883864,flicker
10.0586,-9946,flicker
10.0627,-551938,flicker
10.0675,-41255,flicker
10.0708,554077,flicker
10.0751,889500,flicker
10.0817,76227,flicker
10.0831,-579415,flicker
10.0871,-52472,flicker
10.0936,52213,flicker
10.0958,863967,flicker
10.0996,152554,flicker
10.1048,-606622,flicker
10.1077,-83755,flicker
10.1128,475433,flicker
10.1157,920556,flicker
10.1198,256853,flicker
10.1242,-582170,flicker
10.1304,-76352,flicker
10.1321,448866,flicker
10.1362,910366,flicker
10.1406,329193,flicker
10.1461,-651082,flicker
10.1487,-119366,flicker
10.1526,397268,flicker
10.1571,880026,flicker
10.1617,394650,flicker
10.1633,-6,flicker
10.1649,66764,flicker
10.1660,-1246,flicker
10.1689,29,flicker
10.1721,373049,flicker
10.1736,948206,flicker
10.1784,514032,flicker
10.1823,-679516,flicker
10.1854,-142082,flicker
10.1899,333996,flicker
10.1944,895583,flicker
10.1992,563411,flicker
10.2019,-709533,flicker
10.2071,-150206,flicker
10.2105,303493,flicker
10.2162,901260,flicker
10.2182,631632,flicker
10.2224,-736824,flicker
10.2268,156,flicker
10.2308,264066,flicker
10.2369,877605,flicker
10.2423,683324,flicker
10.2436,-765599,flicker
10.2471,-192551,flicker
10.2520,238453,flicker
10.2578,911162,flicker
10.2600,776141,flicker
10.2639,782,flicker
10.2679,-221706,flicker
10.2720,208146,flicker
10.2795,889406,flicker
10.2801,812231,flicker
10.2816,-,flicker
10.2838,796141,flicker
10.2860,-,flicker
10.2893,222053,flicker
10.2909,1,flicker
10.2947,803928539,flicker
10.2971,45,flicker
10.2999,840418,flicker
10.3002,-782687,flicker
10.3043,-262920,flicker
10.3085,148604,flicker
10.3142,866283,flicker
10.3164,882393,flicker
10.3205,-750624,flicker
10.3252,-235754,flicker
10.3311,137339,flicker
10.3329,863493,flicker
10.3369,851804,flicker
10.3419,-73175,flicker
10.3462,-283444,flicker
10.3519,106144,flicker
10.3552,847178,flicker
10.3574,896006,flicker
10.3619,-689962,flicker
10.3667,-291320,flicker
10.3697,82106,flicker
10.3748,840401,flicker
10.3783,886570,flicker
10.3828,-658179,flicker
10.3861,-312296,flicker
10.3904,60192,flicker
10.3953,810890,flicker
10.3984,879894,flicker
10.4025,-607996,flicker
10.4073,-326720,flicker
10.4122,48458,flicker
10.4150,805617,flicker
10.4164,8,flicker
10.4189,91047,flicker
10.4202,-5339,flicker
10.4237,75,flicker
10.4260,-342644,flicker
10.4281,48489,flicker
10.4354,797805,flicker
10.4358,903802,flicker
10.4397,-464805,flicker
10.4441,-3970,flicker
10.4500,30955,flicker
10.4528,779430,flicker
10.4578,948272,flicker
10.4603,-373946,flicker
10.4640,-460545,flicker
10.4694,4619,flicker
10.4721,734559,flicker
10.4766,931403,flicker
10.4803,-296596,flicker
10.4844,-449833,flicker
10.4885,11429,flicker
10.4939,32,flicker
10.4981,947403,flicker
10.5027,-214082,flicker
10.5059,-511156,flicker
10.5091,-21724,flicker
10.5138,641126,flicker
10.5171,923372,flicker
10.5212,-130305,flicker
10.5269,4905,flicker
10.5310,-17578,flicker
10.5347,617729,flicker
10.5390,906095,flicker
10.5403,-,flicker
10.5418,39,flicker
10.5468,541910,flicker
10.5487,-3551,flicker
10.5498,2,flicker
10.5509,579113,flicker
10.5540,872306,flicker
10.5685,-570667,flicker
10.5687,-46158,flicker
10.5704,550107,flicker
10.5750,82,flicker
10.5817,113662,flicker
10.5839,-568431,flicker
10.5872,-49511,flicker
10.5926,517674,flicker
10.5949,906987,flicker
10.6004,217268,flicker
10.6032,-579082,flicker
10.6073,-59088,flicker
10.6128,486747,flicker
10.6154,892996,flicker
10.6196,289569,flicker
10.6239,-601215,flicker
10.6285,-79490,flicker
10.6318,440993,flicker
10.6359,903731,flicker
10.6402,357178,flicker
10.6456,-623538,flicker
10.6487,-85203,flicker
10.6524,410516,flicker
10.6568,915996,flicker
10.6630,447388,flicker
10.6646,-667242,flicker
10.6657,-,flicker
10.6688,123985,flicker
10.6729,373764,flicker
10.6747,864,flicker
10.6774,980,flicker
10.6800,500922,flicker
10.6811,-677019,flicker
10.6851,-116752,flicker
10.6897,354942,flicker
10.6949,914288,flicker
10.6978,599244,flicker
10.7014,-701109,flicker
10.7061,-128677,flicker
10.7115,321896,flicker
10.7149,872772,flicker
10.7179,645390,flicker
10.7220,-734526,flicker
10.7281,-144332,flicker
10.7321,287190,flicker
10.7343,899143,flicker
10.7383,717804,flicker
10.7433,-749848,flicker
10.7483,-150453,flicker
10.7507,265826,flicker
10.7547,891294,flicker
10.7590,842,flicker
10.7640,-758869,flicker
10.7679,-183180,flicker
10.7716,227872,flicker
10.7756,854194,flicker
10.7794,94,flicker
10.7841,-777288,flicker
10.7907,-217361,flicker
10.7923,202088,flicker
10.7968,7238,flicker
10.8012,856506,flicker
10.8029,-743,flicker
10.8044,562,flicker
10.8067,-21139,flicker
10.8080,2,flicker
10.8082,192391,flicker
10.8125,932327,flicker
10.8164,949859,flicker
10.8202,-694210,flicker
10.8245,-192013,flicker
10.8295,174057,flicker
10.8326,869255,flicker
10.8366,898112,flicker
10.8409,-688127,flicker
10.8468,-235813,flicker
10.8490,136376,flicker
10.8530,874734,flicker
10.8572,924000,flicker
10.8633,-650641,flicker
10.8655,-258849,flicker
10.8694,115184,flicker
10.8735,869375,flicker
10.8788,901851,flicker
10.8817,-617122,flicker
10.8857,-246353,flicker
10.8899,100646,flicker
10.8946,864201,flicker
10.8980,954814,flicker
10.9021,-544251,flicker
10.9067,-281192,flicker
10.9109,78264,flicker
10.9144,823889,flicker
10.9185,904282,flicker
10.9198,-,flicker
10.9234,503558,flicker
10.9252,-,flicker
10.9283,344666,flicker
10.9304,567,flicker
10.9307,98,flicker
10.9318,80092,flicker
10.9349,3,flicker
10.9350,882411,flicker
10.9403,-441270,flicker
10.9442,-355767,flicker
10.9472,48672,flicker
10.9513,787231,flicker
10.9555,891739,flicker
10.9603,-359562,flicker
10.9636,-430540,flicker
10.9676,22839,flicker
10.9718,753521,flicker
10.9767,905304,flicker
10.9800,-273089,flicker
10.9842,-452990,flicker
10.9885,13841,flicker
10.9925,017,flicker
10.9977,910232,flicker
11.0009,-178574,flicker
11.0071,-446884,flicker
11.0087,26576,flicker
11.0134,672753,flicker
11.0169,939536,flicker
11.0209,-99960,flicker
11.0266,52235,flicker
11.0297,-13490,flicker
11.0352,622947,flicker
11.0380,970424,flicker
11.0430,-281,flicker
11.0461,-179,flicker
11.0473,-,flicker
11.0499,1784,flicker
11.0568,581585,flicker
11.0581,854874,flicker
11.0597,34945,flicker
11.0635,-584727,flicker
11.0660,-50162,flicker
11.0706,537485,flicker
11.0743,877058,flicker
11.0789,133667,flicker
11.0823,-596497,flicker
11.0864,-56563,flicker
11.0906,506637,flicker
11.0961,906994,flicker
11.0992,234080,flicker
11.1029,-571021,flicker
11.1072,-53494,flicker
11.1126,488623,flicker
11.1155,891342,flicker
11.1192,307590,flicker
11.1235,-593371,flicker
11.1283,-66525,flicker
11.1315,454323,flicker
11.1356,919670,flicker
11.1399,394353,flicker
11.1446,-617213,flicker
11.1479,-90603,flicker
11.1520,413886,flicker
11.1566,903871,flicker
11.1611,467766,flicker
11.1642,-650649,flicker
11.1683,-100157,flicker
11.1731,394476,flicker
11.1773,955320,flicker
11.1807,571659,flicker
11.1820,-66,flicker
11.1847,3529,flicker
11.1857,-11771,flicker
11.1888,7,flicker
11.1894,350707,flicker
11.1932,911133,flicker
11.1976,620123,flicker
11.2011,-703669,flicker
11.2057,-139017,flicker
11.2099,311344,flicker
11.2139,877055,flicker
11.2175,669207,flicker
11.2216,-736012,flicker
11.2274,1685,flicker
11.2309,285833,flicker
11.2346,888646,flicker
11.2401,731995,flicker
11.2423,-750487,flicker
11.2471,-150317,flicker
11.2508,268452,flicker
11.2544,928768,flicker
11.2596,08,flicker
11.2641,-753244,flicker
11.2669,-181952,flicker
11.2709,230237,flicker
11.2750,022,flicker
11.2795,857775,flicker
11.2841,-749072,flicker
11.2901,-202161,flicker
11.2922,206740,flicker
11.2955,615,flicker
11.3002,847745,flicker
11.3020,-,flicker
11.3048,749110,flicker
11.3065,-,flicker
11.3082,235471,flicker
11.3092,18,flicker
11.3133,25848,flicker
11.3184,873580,flicker
11.3205,-711509,flicker
11.3245,-231140,flicker
11.3292,168717,flicker
11.3335,040,flicker
11.3373,887801,flicker
11.3414,-676130,flicker
11.3454,-220249,flicker
11.3486,155100,flicker
11.3546,916936,flicker
11.3569,940661,flicker
11.3614,-621736,flicker
11.3650,-214032,flicker
11.3690,140631,flicker
11.3735,885771,flicker
11.3780,932751,flicker
11.3814,-588752,flicker
11.3854,-271731,flicker
11.3901,101110,flicker
11.3960,862274,flicker
11.3977,931973,flicker
11.4018,-538805,flicker
11.4064,-253599,flicker
11.4109,95871,flicker
11.4141,840983,flicker
11.4182,911149,flicker
11.4229,-481160,flicker
11.4281,-323094,flicker
11.4304,60208,flicker
11.4346,809004,flicker
11.4359,9,flicker
11.4389,15897,flicker
11.4404,-4140,flicker
11.4429,5,flicker
11.4453,345,flicker
11.4474,56481,flicker
11.4510,782054,flicker
11.4553,918213,flicker
11.4611,-344489,flicker
11.4633,-424742,flicker
11.4674,21801,flicker
11.4714,739969,flicker
11.4803,-278862,flicker
11.4840,-480951,flicker
11.4879,4217,flicker
11.4932,84,flicker
11.4967,858695,flicker
11.5007,-197505,flicker
11.5043,-461434,flicker
11.5086,18662,flicker
11.5129,670955,flicker
11.5168,838118,flicker
11.5209,-118006,flicker
11.5249,5259,flicker
11.5300,-7755,flicker
11.5343,634356,flicker
11.5425,903211,flicker
11.5438,-3367,flicker
11.5452,-517387,flicker
11.5495,4552,flicker
11.5535,607226,flicker
11.5576,845246,flicker
11.5629,62154,flicker
11.5641,-5,flicker
11.5657,47019,flicker
11.5671,-9007,flicker
11.5710,577007,flicker
11.5739,975602,flicker
11.5787,204278,flicker
11.5821,-545239,flicker
11.5861,-21454,flicker
11.5904,533193,flicker
11.5947,848991,flicker
11.5989,228788,flicker
11.6025,-573056,flicker
11.6069,-47403,flicker
11.6112,499940,flicker
11.6159,911669,flicker
11.6189,334595,flicker
11.6235,-575225,flicker
11.6285,-51373,flicker
11.6321,467303,flicker
11.6354,939034,flicker
11.6399,414411,flicker
11.6444,-619757,flicker
11.6478,-83598,flicker
11.6517,419178,flicker
11.6562,879019,flicker
11.6606,457657,flicker
11.6642,-622606,flicker
11.6681,-74504,flicker
11.6722,397829,flicker
11.6786,945217,flicker
11.6804,565003,flicker
11.6846,-666921,flicker
11.6858,-,flicker
11.6885,109752,flicker
11.6898,3,flicker
11.6934,48222,flicker
11.6948,855,flicker
11.6968,710,flicker
11.6978,582937,flicker
11.7010,-714023,flicker
11.7049,-143774,flicker
11.7095,316255,flicker
11.7139,911347,flicker
11.7172,694313,flicker
11.7213,-718791,flicker
11.7257,13180,flicker
11.7331,301888,flicker
11.7343,864199,flicker
11.7392,714760,flicker
11.7420,-759434,flicker
11.7472,-161756,flicker
11.7500,266484,flicker
11.7543,883688,flicker
11.7584,85,flicker
11.7629,-749293,flicker
11.7681,-146473,flicker
11.7710,254879,flicker
11.7761,902229,flicker
11.7789,845466,flicker
11.7834,-746400,flicker
11.7887,-163805,flicker
11.7910,218084,flicker
11.7957,907622,flicker
11.7993,868481,flicker
11.8032,-737077,flicker
11.8075,-191639,flicker
11.8122,185995,flicker
11.8155,922412,flicker
11.8196,915837,flicker
11.8208,-699,flicker
11.8239,399,flicker
11.8253,-220588,flicker
11.8284,158988,flicker
11.8323,876671,flicker
11.8360,876996,flicker
11.8401,-676579,flicker
11.8459,-238273,flicker
11.8489,144710,flicker
11.8525,888604,flicker
11.8565,908971,flicker
11.8631,-640629,flicker
11.8647,-235899,flicker
11.8687,131698,flicker
11.8733,891233,flicker
11.8804,895686,flicker
11.8811,-610516,flicker
11.8851,-232061,flicker
11.8898,108852,flicker
11.8943,857376,flicker
11.8974,913680,flicker
11.9015,-554376,flicker
11.9062,-245989,flicker
11.9109,88216,flicker
11.9146,828002,flicker
11.9179,893418,flicker
11.9221,-505099,flicker
11.9269,-322657,flicker
11.9302,57405,flicker
11.9342,797538,flicker
11.9385,900185,flicker
11.9404,-,flicker
11.9436,430511,flicker
11.9450,-,flicker
11.9466,343800,flicker
11.9475,4301,flicker
11.9506,6,flicker
11.9521,773281,flicker
11.9548,891001,flicker
11.9590,358083,flicker
11.9642,-401325,flicker
11.9671,22629,flicker
11.9711,725186,flicker
11.9753,86477,flicker
11.9809,-285006,flicker
11.9844,-471270,flicker
11.9888,-3839,flicker
11.9918,676564,flicker
11.9963,859992,flicker
11.9998,-213690,flicker
12.0040,-467854,flicker
12.0084,0,flicker
12.0123,641893,flicker
12.0181,843040,flicker
12.0223,-134305,flicker
12.0245,-544395,flicker
12.0294,-34351,flicker
12.0333,597248,flicker
12.0367,897988,flicker
12.0410,-30943,flicker
12.0453,-532012,flicker
12.0490,-33909,flicker
12.0530,566723,flicker
12.0573,892682,flicker
12.0631,38389,flicker
12.0655,-560601,flicker
12.0671,-,flicker
12.0694,50743,flicker
12.0736,524041,flicker
12.0754,86,flicker
12.0788,6331,flicker
12.0806,11303,flicker
12.0817,3,flicker
12.0818,-613147,flicker
12.0858,-80382,flicker
12.0900,481073,flicker
12.0953,797856,flicker
12.0981,174765,flicker
12.1022,-599465,flicker
12.1064,-80117,flicker
12.1116,464500,flicker
12.1145,927160,flicker
12.1186,304630,flicker
12.1231,-586752,flicker
12.1272,-76611,flicker
12.1309,429697,flicker
12.1350,853722,flicker
12.1393,334417,flicker
12.1439,-671785,flicker
12.1473,-133534,flicker
12.1513,382141,flicker
12.1555,925130,flicker
12.1600,446646,flicker
12.1637,-649483,flicker
12.1677,-105728,flicker
12.1719,358666,flicker
12.1762,841826,flicker
12.1802,479778,flicker
12.1841,-728503,flicker
12.1883,-168984,flicker
12.1925,154,flicker
12.1971,877853,flicker
12.2009,580145,flicker
12.2027,-71,flicker
12.2051,9793,flicker
12.2067,-16359,flicker
12.2105,282,flicker
12.2131,873002,flicker
12.2173,627587,flicker
12.2225,-746512,flicker
12.2251,-168589,flicker
12.2295,264303,flicker
12.2333,869641,flicker
12.2374,701467,flicker
12.2429,744,flicker
12.2459,-201721,flicker
12.2506,227630,flicker
12.2568,897949,flicker
12.2587,792231,flicker
12.2631,774,flicker
12.2674,-187971,flicker
12.2707,206002,flicker
12.2743,844274,flicker
12.2794,776244,flicker
12.2824,-812240,flicker
12.2865,-240512,flicker
12.2909,163993,flicker
12.2960,825923,flicker
12.2988,805287,flicker
12.3029,-788362,flicker
12.3071,-246653,flicker
12.3123,147879,flicker
12.3152,880122,flicker
12.3193,866056,flicker
12.3205,-,flicker
12.3235,750598,flicker
12.3244,-,flicker
12.3279,253749,flicker
12.3296,13,flicker
12.3315,2340,flicker
12.3327,8535,flicker
12.3356,21,flicker
12.3372,843723,flicker
12.3398,-730783,flicker
12.3448,-294753,flicker
12.3480,95793,flicker
12.3521,858352,flicker
12.3566,868526,flicker
12.3611,-695559,flicker
12.3644,-276089,flicker
12.3684,91539,flicker
12.3731,844858,flicker
12.3774,905683,flicker
12.3808,-638001,flicker
12.3849,-302087,flicker
12.3890,60090,flicker
12.3937,818592,flicker
12.3971,877716,flicker
12.4012,-601522,flicker
12.4054,-300198,flicker
12.4095,47401,flicker
12.4138,802432,flicker
12.4176,874809,flicker
12.4217,-542369,flicker
12.4269,44,flicker
12.4341,23585,flicker
12.4346,774707,flicker
12.4381,858952,flicker
12.4435,483,flicker
12.4474,-363511,flicker
12.4510,15252,flicker
12.4545,747839,flicker
12.4559,8,flicker
12.4595,90276,flicker
12.4614,-4045,flicker
12.4626,52,flicker
12.4637,-443016,flicker
12.4668,-16956,flicker
12.4708,701051,flicker
12.4751,72,flicker
12.4794,-341274,flicker
12.4863,-486449,flicker
12.4872,-25069,flicker
12.4924,51,flicker
12.4964,822569,flicker
12.5002,-271992,flicker
12.5037,-522200,flicker
12.5081,2,flicker
12.5124,611181,flicker
12.5173,808691,flicker
12.5201,-196712,flicker
12.5250,-5163,flicker
12.5283,4,flicker
12.5329,579648,flicker
12.5378,876156,flicker
12.5408,-79978,flicker
12.5455,-592055,flicker
12.5492,-75648,flicker
12.5527,539143,flicker
12.5569,816863,flicker
12.5617,-18747,flicker
12.5651,-572808,flicker
12.5691,-59128,flicker
12.5732,526090,flicker
12.5786,889550,flicker
12.5814,96107,flicker
12.5826,-6,flicker
12.5855,14317,flicker
12.5871,-94188,flicker
12.5905,475537,flicker
12.5942,777461,flicker
12.5982,146237,flicker
12.6019,-633289,flicker
12.6062,-97134,flicker
12.6104,462023,flicker
12.6142,897047,flicker
12.6182,263592,flicker
12.6230,-584938,flicker
12.6271,-74129,flicker
12.6312,436321,flicker
12.6347,877556,flicker
12.6389,331805,flicker
12.6434,-667524,flicker
12.6470,-133927,flicker
12.6510,378848,flicker
12.6552,903534,flicker
12.6599,418036,flicker
12.6634,-665832,flicker
12.6674,-125306,flicker
12.6716,354546,flicker
12.6775,42,flicker
12.6810,464200,flicker
12.6848,-712220,flicker
12.6880,-151824,flicker
12.6937,266,flicker
12.6977,875389,flicker
12.7013,563418,flicker
12.7044,-722567,flicker
12.7054,-,flicker
12.7102,68785,flicker
12.7136,94141,flicker
12.7161,8705,flicker
12.7167,94,flicker
12.7183,623661,flicker
12.7212,-748069,flicker
12.7250,1,flicker
12.7291,269401,flicker
12.7343,852607,flicker
12.7373,676333,flicker
12.7435,-7881,flicker
12.7460,-204723,flicker
12.7495,239087,flicker
12.7535,888421,flicker
12.7598,784740,flicker
12.7617,-776828,flicker
12.7657,-193015,flicker
12.7699,223203,flicker
12.7741,883686,flicker
12.7795,815071,flicker
12.7822,-781829,flicker
12.7862,-185945,flicker
12.7903,199396,flicker
12.7950,868993,flicker
12.7986,852297,flicker
12.8027,-767502,flicker
12.8068,-240284,flicker
12.8121,161708,flicker
12.8149,865908,flicker
12.8189,861543,flicker
12.8232,-755726,flicker
12.8279,-234895,flicker
12.8313,143300,flicker
12.8354,847259,flicker
12.8397,860463,flicker
12.8413,-737,flicker
12.8441,946,flicker
12.8465,-288588,flicker
12.8478,107043,flicker
12.8518,865385,flicker
12.8560,897866,flicker
12.8613,-691487,flicker
12.8649,-287178,flicker
12.8681,97920,flicker
12.8731,856761,flicker
12.8772,915447,flicker
12.8825,-648770,flicker
12.8845,-290311,flicker
12.8887,69992,flicker
12.8934,830064,flicker
12.8968,889018,flicker
12.9009,-612940,flicker
12.9050,-285358,flicker
12.9104,63219,flicker
12.9132,823325,flicker
12.9173,899665,flicker
12.9214,-553441,flicker
12.9256,33,flicker
12.9298,34901,flicker
12.9358,782780,flicker
12.9380,924729,flicker
12.9421,4286,flicker
12.9466,-359562,flicker
12.9510,17592,flicker
12.9550,750295,flicker
12.9588,919411,flicker
12.9597,-,flicker
12.9626,19517,flicker
12.9671,412175,flicker
12.9684,-1075,flicker
12.9706,7,flicker
12.9721,702235,flicker
12.9760,4,flicker
12.9805,-389360,flicker
12.9849,-496203,flicker
12.9873,-49402,flicker
12.9935,6522,flicker
12.9959,875568,flicker
13.0001,-294258,flicker
13.0039,-520666,flicker
13.0074,-53201,flicker
13.0125,607975,flicker
13.0156,869421,flicker
13.0197,-217078,flicker
13.0239,-556835,flicker
13.0282,-79880,flicker
13.0323,563488,flicker
13.0361,872341,flicker
13.0402,-124672,flicker
13.0455,-607977,flicker
13.0485,-92533,flicker
13.0525,532153,flicker
13.0566,803394,flicker
13.0620,-66239,flicker
13.0648,-600968,flicker
13.0688,-93726,flicker
13.0735,507336,flicker
13.0778,917456,flicker
13.0815,47402,flicker
13.0852,-624008,flicker
13.0863,-,flicker
13.0896,102360,flicker
13.0951,468202,flicker
13.0967,771,flicker
13.0976,791,flicker
13.1000,83575,flicker
13.1017,-682398,flicker
13.1061,-155941,flicker
13.1104,415528,flicker
13.1139,895096,flicker
13.1179,203262,flicker
13.1225,-634479,flicker
13.1279,-124895,flicker
13.1307,401613,flicker
13.1343,829941,flicker
13.1385,262550,flicker
13.1436,-705147,flicker
13.1467,-171770,flicker
13.1507,359950,flicker
13.1549,864430,flicker
13.1609,5849,flicker
13.1645,-696236,flicker
13.1682,-162935,flicker
13.1713,345339,flicker
13.1772,83126,flicker
13.1802,448140,flicker
13.1851,-710952,flicker
13.1877,-162193,flicker
13.1919,21,flicker
13.1967,851371,flicker
13.2008,514857,flicker
13.2044,-743897,flicker
13.2082,192778,flicker
13.2133,284674,flicker
13.2163,872543,flicker
13.2204,592869,flicker
13.2213,-75,flicker
13.2248,8,flicker
13.2266,196,flicker
13.2288,6,flicker
13.2304,254527,flicker
13.2327,843155,flicker
13.2367,644309,flicker
13.2425,-58,flicker
13.2468,-208937,flicker
13.2500,226484,flicker
13.2532,841171,flicker
13.2585,703109,flicker
13.2616,-812037,flicker
13.2654,-247440,flicker
13.2695,196390,flicker
13.2737,838652,flicker
13.2790,762072,flicker
13.2818,-814242,flicker
13.2859,-223502,flicker
13.2900,188516,flicker
13.2957,832024,flicker
13.2982,800408,flicker
13.3023,-802523,flicker
13.3065,-239600,flicker
13.3109,164762,flicker
13.3146,841562,flicker
13.3187,850883,flicker
13.3232,-777078,flicker
13.3273,-248977,flicker
13.3310,143477,flicker
13.3350,866795,flicker
13.3397,882665,flicker
13.3398,-,flicker
13.3440,739858,flicker
13.3452,-,flicker
13.3474,279086,flicker
13.3490,11,flicker
13.3515,5484,flicker
13.3528,84113,flicker
13.3556,4,flicker
13.3562,874629,flicker
13.3605,-721748,flicker
13.3638,-320291,flicker
13.3678,84551,flicker
13.3720,867670,flicker
13.3766,905787,flicker
13.3803,-670570,flicker
13.3842,-278314,flicker
13.3883,87676,flicker
13.3929,839483,flicker
13.3970,912953,flicker
13.4007,-627720,flicker
13.4048,-262401,flicker
13.4103,70881,flicker
13.4130,833291,flicker
13.4170,891454,flicker
13.4211,-592169,flicker
13.4254,6,flicker
13.4316,42192,flicker
13.4349,809142,flicker
13.4376,926358,flicker
13.4418,518,flicker
13.4465,-313128,flicker
13.4499,35553,flicker
13.4539,769540,flicker
13.4581,852217,flicker
13.4638,-487548,flicker
13.4661,-441750,flicker
13.4676,-,flicker
13.4702,18804,flicker
13.4750,7601,flicker
13.4796,668,flicker
13.4823,-3956,flicker
13.4827,68,flicker
13.4847,-455453,flicker
13.4867,-25276,flicker
13.4909,679872,flicker
13.4966,907308,flicker
13.4989,-325507,flicker
13.5030,-499866,flicker
13.5071,-46207,flicker
13.5115,631307,flicker
13.5153,874545,flicker
13.5194,-246604,flicker
13.5236,-524915,flicker
13.5289,-58927,flicker
13.5317,596134,flicker
13.5358,853042,flicker
13.5401,-172436,flicker
13.5447,-567031,flicker
13.5481,-67052,flicker
13.5521,564620,flicker
13.5566,876247,flicker
13.5624,-75362,flicker
13.5644,-589214,flicker
13.5685,-85032,flicker
13.5730,525175,flicker
13.5776,849703,flicker
13.5808,-3222,flicker
13.5849,-617409,flicker
13.5895,-91880,flicker
13.5937,497568,flicker
13.5976,863887,flicker
13.6013,90702,flicker
13.6027,-6,flicker
13.6055,40351,flicker
13.6070,-1129,flicker
13.6100,76,flicker
13.6123,464702,flicker
13.6136,868397,flicker
13.6176,181202,flicker
13.6218,-627757,flicker
13.6277,-114984,flicker
13.6310,430934,flicker
13.6341,860096,flicker
13.6382,246312,flicker
13.6444,6,flicker
13.6481,-145987,flicker
13.6507,388571,flicker
13.6546,896271,flicker
13.6588,346440,flicker
13.6650,-669487,flicker
13.6669,-143067,flicker
13.6709,361713,flicker
13.6774,521,flicker
13.6810,398153,flicker
13.6839,-712119,flicker
13.6876,-163506,flicker
13.6934,139,flicker
13.6968,876295,flicker
13.7002,496619,flicker
13.7039,-726823,flicker
13.7084,1193,flicker
13.7121,296303,flicker
13.7162,872317,flicker
13.7202,567429,flicker
13.7217,-,flicker
13.7262,74258,flicker
13.7296,178808,flicker
13.7313,2,flicker
13.7328,64600,flicker
13.7340,8273,flicker
13.7365,54,flicker
13.7377,593048,flicker
13.7408,-789990,flicker
13.7462,-212166,flicker
13.7488,234562,flicker
13.7529,887807,flicker
13.7570,708008,flicker
13.7624,-786996,flicker
13.7651,-224967,flicker
13.7692,208734,flicker
13.7734,784057,flicker
13.7782,685108,flicker
13.7815,-830738,flicker
13.7857,-231853,flicker
13.7901,188713,flicker
13.7947,847989,flicker
13.7979,804732,flicker
13.8021,-803707,flicker
13.8067,-230761,flicker
13.8110,167295,flicker
13.8143,821262,flicker
13.8184,807828,flicker
13.8230,-800252,flicker
13.8289,-275464,flicker
13.8307,144784,flicker
13.8348,820264,flicker
13.8391,837700,flicker
13.8459,759429,flicker
13.8471,-251236,flicker
13.8511,140350,flicker
13.8553,886851,flicker
13.8566,9,flicker
13.8617,2-1,flicker
13.8638,98,flicker
13.8656,-245320,flicker
13.8700,128630,flicker
13.8716,879187,flicker
13.8762,0,flicker
13.8842,-682199,flicker
13.8851,-227963,flicker
13.8880,105954,flicker
13.8941,5517,flicker
13.8968,901085,flicker
13.9023,-647225,flicker
13.9044,-306270,flicker
13.9087,46,flicker
13.9128,832593,flicker
13.9194,882541,flicker
13.9210,-599472,flicker
13.9252,694,flicker
13.9292,60839,flicker
13.9343,826291,flicker
13.9373,972446,flicker
13.9427,-524359,flicker
13.9455,-284065,flicker
13.9498,35045,flicker
13.9540,766293,flicker
13.9577,812891,flicker
13.9632,-526273,flicker
13.9658,-393639,flicker
13.9699,-7391,flicker
13.9741,740349,flicker
13.9793,893698,flicker
13.9808,-,flicker
13.9822,424010,flicker
13.9838,-4,flicker
13.9863,06943,flicker
13.9875,-1020,flicker
13.9904,8,flicker
13.9922,704847,flicker
13.9956,829975,flicker
13.9987,-364169,flicker
14.0027,-443052,flicker
14.0068,-20153,flicker
14.0114,668111,flicker
14.0150,886370,flicker
14.0191,-272402,flicker
14.0233,-529639,flicker
14.0284,-51040,flicker
14.0314,614137,flicker
14.0354,842080,flicker
14.0401,-201516,flicker
14.0445,-532083,flicker
14.0478,-53354,flicker
14.0519,585643,flicker
14.0562,920542,flicker
14.0604,-88635,flicker
14.0642,-554171,flicker
14.0682,-67228,flicker
14.0727,541213,flicker
14.0769,861715,flicker
14.0805,-33376,flicker
14.0846,-626231,flicker
14.0887,-88986,flicker
14.0937,506320,flicker
14.0976,851035,flicker
14.1010,52662,flicker
14.1052,-609333,flicker
14.1065,-,flicker
14.1098,94685,flicker
14.1139,478598,flicker
14.1153,853,flicker
14.1174,180,flicker
14.1190,133629,flicker
14.1215,-627161,flicker
14.1276,106,flicker
14.1321,441630,flicker
14.1365,837344,flicker
14.1389,209850,flicker
14.1445,-692,rest
14.1488,-124177,rest
14.1510,409810,rest
14.1560,906845,rest
14.1595,311475,rest
14.1643,668369,rest
14.1665,-135581,rest
14.1707,375519,rest
14.1749,3026,rest
14.1792,402334,rest
14.1848,-685870,rest
14.1872,-154822,rest
14.1912,338209,rest
14.1965,856114,rest
14.1993,446592,rest
14.2034,-721474,rest
14.2078,-171215,rest
14.2125,303302,rest
14.2157,812596,rest
14.2198,497039,rest
14.2240,-751537,rest
14.2287,-190454,rest
14.2321,285251,rest
14.2361,877777,rest
14.2403,606015,rest
14.2412,-75,rest
14.2448,4409,rest
14.2473,-18664,rest
14.2484,9,rest
14.2485,261295,rest
14.2525,852905,rest
14.2567,667202,rest
14.2623,-783661,rest
14.2649,-223855,rest
14.2689,234400,rest
14.2732,858690,rest
14.2787,741616,rest
14.2812,-786214,rest
14.2853,-197547,rest
14.2898,224513,rest
14.2936,858460,rest
14.2977,791263,rest
14.3017,-799801,rest
14.3062,-246486,rest
14.3104,186996,rest
14.3142,826179,rest
14.3180,821230,rest
14.3222,-776272,rest
14.3272,-228112,rest
14.3310,185516,rest
14.3344,864181,rest
14.3386,862649,rest
14.3449,-750238,rest
14.3468,-228275,rest
14.3508,171996,rest
14.3549,869950,rest
14.3615,355,rest
14.3651,713512,rest
14.3666,-,rest
14.3684,230159,rest
14.3700,15,rest
14.3714,2495,rest
14.3729,91005,rest
14.3757,993,rest
14.3809,-669080,rest
14.3855,-268677,rest
14.3877,123405,rest
14.3939,68,rest
14.3964,915106,rest
14.4029,-634203,rest
14.4042,-253476,rest
14.4084,191,rest
14.4125,888410,rest
14.4178,966242,rest
14.4205,-580867,rest
14.4250,2,rest
14.4290,83337,rest
14.4342,852620,rest
14.4373,925113,rest
14.4413,-554570,rest
14.4458,-273983,rest
14.4491,72811,rest
14.4533,829386,rest
14.4575,951762,rest
14.4620,-487839,rest
14.4656,-323242,rest
14.4697,54841,rest
14.4738,807057,rest
14.4781,921578,rest
14.4825,-429140,rest
14.4861,-405534,rest
14.4901,21028,rest
14.4946,763974,rest
14.4963,91,rest
14.4983,6752,rest
14.4994,-35523,rest
14.5024,4,rest
14.5026,-406205,rest
14.5065,25819,rest
14.5119,735597,rest
14.5147,938107,rest
14.5189,-264660,rest
14.5234,-472301,rest
14.5277,-5205,rest
14.5311,679057,rest
14.5352,921176,rest
14.5396,-200473,rest
14.5434,-514428,rest
14.5475,-28029,rest
14.5516,633090,rest
14.5561,895553,rest
14.5607,-121584,rest
14.5640,-546657,rest
14.5680,-34886,rest
14.5721,595369,rest
14.5765,891717,rest
14.5802,-34914,rest
14.5844,-593065,rest
14.5884,-57662,rest
14.5930,559857,rest
14.5969,911443,rest
14.6008,51453,rest
14.6048,-573413,rest
14.6096,-47630,rest
14.6135,532701,rest
14.6171,879578,rest
14.6212,122683,rest
14.6222,-63,rest
14.6255,23,rest
14.6271,860,rest
14.6326,493763,rest
14.6336,876299,rest
14.6377,219554,rest
14.6419,643,rest
14.6466,-78739,rest
14.6531,475304,rest
14.6545,947975,rest
14.6583,236,rest
14.6630,-602966,rest
14.6667,-67022,rest
14.6715,449140,rest
14.6748,862286,rest
14.6797,374082,rest
14.6827,-653697,rest
14.6868,-103832,rest
14.6934,422646,rest
14.6949,1001817,rest
14.6990,510019,rest
14.7031,-622823,rest
14.7073,-88105,rest
14.7129,389407,rest
14.7154,894894,rest
14.7194,535463,rest
14.7236,-708397,rest
14.7295,-144228,rest
14.7318,347292,rest
14.7358,918582,rest
14.7402,620415,rest
14.7419,-,rest
14.7452,700295,rest
14.7468,-,rest
14.7482,138231,rest
14.7494,31,rest
14.7523,9298,rest
14.7540,9233,rest
14.7565,92,rest
14.7578,699252,rest
14.7619,-734137,rest
14.7646,-164111,rest
14.7686,288352,rest
14.7732,876603,rest
14.7771,733361,rest
14.7814,-761510,rest
14.7850,-165435,rest
14.7894,272827,rest
14.7941,938257,rest
14.7973,838548,rest
14.8014,-743084,rest
14.8060,-176732,rest
14.8096,46830,rest
14.8143,896053,rest
14.8199,857880,rest
14.8232,-755319,rest
14.8278,2063,rest
14.8305,220798,rest
14.8347,861295,rest
14.8388,865558,rest
14.8428,-7378,rest
14.8472,-186815,rest
14.8527,209827,rest
14.8548,916484,rest
14.8588,1270,rest
14.8645,-695677,rest
14.8671,-199657,rest
14.8713,182009,rest
14.8771,17959,rest
14.8794,50726,rest
14.8813,-6752,rest
14.8845,43,rest
14.8865,-249039,rest
14.8897,149574,rest
14.8927,875548,rest
14.8959,06,rest
14.9032,-654894,rest
14.9055,-265941,rest
14.9117,126511,rest
14.9133,895254,rest
14.9177,870,rest
14.9220,-591257,rest
14.9252,-262783,rest
14.9303,096,rest
14.9329,873211,rest
14.9396,922478,rest
14.9418,-567645,rest
14.9448,287672,rest
14.9502,88408,rest
14.9529,864204,rest
14.9573,979777,rest
14.9615,-487959,rest
14.9653,-302055,rest
14.9694,71787,rest
14.9737,831811,rest
14.9779,959233,rest
14.9817,-431379,rest
14.9858,-380790,rest
14.9902,41603,rest
14.9942,788386,rest
14.9981,856907,rest
14.9993,-,rest
15.0022,386442,rest
15.0041,-3,rest
15.0066,41441,rest
15.0080,50197,rest
15.0133,758192,rest
15.0145,946450,rest
15.0186,-290840,rest
15.0230,-470217,rest
15.0268,3255,rest
15.0321,696199,rest
15.0348,889852,rest
15.0395,-238512,rest
15.0434,-476370,rest
15.0480,-4501,rest
15.0512,655737,rest
15.0556,914084,rest
15.0600,-146115,rest
15.0637,-513481,rest
15.0676,-19263,rest
15.0718,615738,rest
15.0766,928178,rest
15.0802,-57954,rest
15.0840,-557219,rest
15.0881,-44148,rest
15.0937,628,rest
15.0971,911711,rest
15.1027,13349,rest
15.1049,-591174,rest
15.1096,74,rest
15.1150,533581,rest
15.1180,860348,rest
15.1210,78773,rest
15.1261,-149,rest
15.1305,83392,rest
15.1350,494807,rest
15.1362,861,rest
15.1372,171,rest
15.1400,163498,rest
15.1416,-616929,rest
15.1468,-95344,rest
15.1496,461198,rest
15.1536,869234,rest
15.1580,246871,rest
15.1635,-624259,rest
15.1659,-95424,rest
15.1701,439273,rest
15.1742,900878,rest
15.1787,339345,rest
15.1825,-645493,rest
15.1865,-110862,rest
15.1907,412391,rest
15.1957,971410,rest
15.1987,459210,rest
15.2029,-644447,rest
15.2070,-112168,rest
15.2125,380728,rest
15.2151,900491,rest
15.2192,491365,rest
15.2233,-704388,rest
15.2295,-145901,rest
15.2321,338607,rest
15.2355,923950,rest
15.2398,584788,rest
15.2461,-714985,rest
15.2478,-161090,rest
15.2519,307582,rest
15.2562,844056,rest
15.2579,6,rest
15.2606,12839,rest
15.2624,-747,rest
15.2642,266,rest
15.2655,-176840,rest
15.2684,280735,rest
15.2726,893060,rest
15.2770,699791,rest
15.2807,-757252,rest
15.2847,-173994,rest
15.2891,269999,rest
15.2938,906105,rest
15.2971,776964,rest
15.3011,-767497,rest
15.3053,-180006,rest
15.3102,235309,rest
15.3138,867557,rest
15.3175,800013,rest
15.3216,-785044,rest
15.3265,-226747,rest
15.3297,202683,rest
15.3339,867806,rest
15.3380,872815,rest
15.3444,753860,rest
15.3462,-215258,rest
15.3503,182967,rest
15.3543,889797,rest
15.3608,88,rest
15.3643,-738110,rest
15.3688,-229981,rest
15.3728,157599,rest
15.3748,869230,rest
15.3800,883750,rest
15.3815,-,rest
15.3830,719491,rest
15.3847,-,rest
15.3872,266734,rest
15.3889,137,rest
15.3912,828,rest
15.3928,881184,rest
15.3968,935643,rest
15.3994,-675288,rest
15.4036,-270756,rest
15.4096,113,rest
15.4139,869189,rest
15.4166,926323,rest
15.4200,-638375,rest
15.4242,-298388,rest
15.4291,87505,rest
15.4322,862471,rest
15.4363,965138,rest
15.4404,-585882,rest
15.4458,-232951,rest
15.4486,85231,rest
15.4527,834159,rest
15.4569,910066,rest
15.4627,-560676,rest
15.4649,-326686,rest
15.4689,43529,rest
15.4732,792233,rest
15.4785,916156,rest
15.4814,-501422,rest
15.4855,-351921,rest
15.4899,26251,rest
15.4942,760175,rest
15.4977,860926,rest
15.5018,-449034,rest
15.5067,-417244,rest
15.5081,-,rest
15.5105,1393,rest
15.5141,731098,rest
15.5157,943,rest
15.5182,710,rest
15.5195,-354907,rest
15.5229,-461098,rest
15.5277,-17909,rest
15.5307,680530,rest
15.5346,878901,rest
15.5387,-291772,rest
15.5458,-525144,rest
15.5468,-43612,rest
15.5509,636440,rest
15.5551,835978,rest
15.5597,-223417,rest
15.5635,-515603,rest
15.5674,-31575,rest
15.5715,627506,rest
15.5777,16,rest
15.5842,-110306,rest
15.5845,-568513,rest
15.5879,-53455,rest
15.5921,80,rest
15.5967,833045,rest
15.6019,-52914,rest
15.6044,-558163,rest
15.6104,87,rest
15.6126,565267,rest
15.6169,904996,rest
15.6220,61118,rest
15.6248,-596532,rest
15.6294,-69167,rest
15.6335,520517,rest
15.6369,843317,rest
15.6417,25,rest
15.6474,0875,rest
15.6489,-79145,rest
15.6493,490602,rest
15.6533,920755,rest
15.6575,234478,rest
15.6620,-594178,rest
15.6660,-76898,rest
15.6697,465624,rest
15.6739,868096,rest
15.6783,308132,rest
15.6820,-655466,rest
15.6861,-116627,rest
15.6903,420257,rest
15.6953,975856,rest
15.6984,433555,rest
15.7025,-610572,rest
15.7067,-82949,rest
15.7112,412162,rest
15.7148,896840,rest
15.7188,464244,rest
15.7233,-691703,rest
15.7284,-137524,rest
15.7312,361764,rest
15.7353,895370,rest
15.7398,540268,rest
15.7440,-699808,rest
15.7478,-146869,rest
15.7517,330480,rest
15.7562,925622,rest
15.7613,628041,rest
15.7629,-,rest
15.7641,714226,rest
15.7652,-,rest
15.7681,155279,rest
15.7692,30,rest
15.7723,4832,rest
15.7740,84832,rest
15.7763,4,rest
15.7767,642941,rest
15.7804,-760897,rest
15.7845,-178555,rest
15.7885,269151,rest
15.7932,933881,rest
15.7973,777286,rest
15.8008,-757179,rest
15.8049,-194627,rest
15.8092,458,rest
15.8133,849013,rest
15.8200,761617,rest
15.8213,-793900,rest
15.8257,212,rest
15.8301,209248,rest
15.8354,863030,rest
15.8377,837642,rest
15.8421,7,rest
15.8483,-219387,rest
15.8517,196801,rest
15.8542,889455,rest
15.8583,8048,rest
15.8651,-744306,rest
15.8688,-196429,rest
15.8705,181229,rest
15.8762,2,rest
15.8809,895726,rest
15.8829,-728272,rest
15.8885,-267843,rest
15.8915,140526,rest
15.8952,73121,rest
15.8968,1,rest
15.9005,905,rest
15.9053,-686580,rest
15.9076,-247573,rest
15.9099,132238,rest
15.9118,878535,rest
15.9180,217,rest
15.9217,-663673,rest
15.9265,-309611,rest
15.9278,91428,rest
15.9333,861218,rest
15.9359,907213,rest
15.9402,-617795,rest
15.9448,-271471,rest
15.9489,88676,rest
15.9524,870156,rest
15.9566,1009960,rest
15.9608,-546593,rest
15.9650,-288097,rest
15.9687,57133,rest
15.9732,810728,rest
15.9788,845603,rest
15.9811,-551798,rest
15.9851,-361457,rest
15.9898,30108,rest
15.9942,790190,rest
15.9974,987619,rest
16.0015,-436999,rest
16.0061,-332900,rest
16.0107,26498,rest
16.0147,762283,rest
16.0179,819118,rest
16.0192,-,rest
16.0220,431315,rest
16.0235,-4,rest
16.0273,69506,rest
16.0296,-23968,rest
16.0302,706021,rest
16.0343,925593,rest
16.0383,-311895,rest
16.0427,4134,rest
16.0471,39,rest
16.0518,665393,rest
16.0548,875118,rest
16.0599,-259757,rest
16.0632,-523603,rest
16.0670,-47396,rest
16.0712,610364,rest
16.0755,096,rest
16.0804,-198636,rest
16.0881,-546883,rest
16.0888,-53200,rest
16.0923,594,rest
16.0960,168,rest
16.1010,-46690,rest
16.1061,-534045,rest
16.1088,-50768,rest
16.1131,545275,rest
16.1168,759939,rest
16.1203,-54833,rest
16.1258,-0,rest
16.1299,-92269,rest
16.1344,507511,rest
16.1371,893935,rest
16.1409,79680,rest
16.1423,-,rest
16.1471,605092,rest
16.1484,-,rest
16.1490,97495,rest
16.1503,4,rest
16.1531,72742,rest
16.1543,8172,rest
16.1572,62,rest
16.1586,140717,rest
16.1623,-632847,rest
16.1654,-107639,rest
16.1695,451432,rest
16.1736,908640,rest
16.1781,250122,rest
16.1821,-626513,rest
16.1859,-114231,rest
16.1902,410248,rest
16.1966,887258,rest
16.1982,313776,rest
16.2024,-685761,rest
16.2067,-151632,rest
16.2134,365928,rest
16.2145,896550,rest
16.2186,402280,rest
16.2235,-682538,rest
16.2287,-144221,rest
16.2314,335807,rest
16.2349,931402,rest
16.2398,499982,rest
16.2435,-735886,rest
16.2474,-195436,rest
16.2513,282900,rest
16.2558,807405,rest
16.2624,513642,rest
16.2638,-764091,rest
16.2677,-195468,rest
16.2718,265462,rest
16.2769,890317,rest
16.2784,6,rest
16.2801,34579,rest
16.2818,-7655,rest
16.2841,19,rest
16.2854,-209072,rest
16.2883,239559,rest
16.2925,845822,rest
16.2964,666944,rest
16.3005,-793516,rest
16.3048,-213471,rest
16.3101,0,rest
16.3132,883602,rest
16.3196,773156,rest
16.3211,-822977,rest
16.3253,234,rest
16.3299,173353,rest
16.3346,824635,rest
16.3400,779682,rest
16.3428,-826442,rest
16.3460,-261962,rest
16.3514,147832,rest
16.3537,847183,rest
16.3581,51,rest
16.3627,-808807,rest
16.3671,-247188,rest
16.3701,122652,rest
16.3744,788215,rest
16.3789,760306,rest
16.3824,-835161,rest
16.3867,-292060,rest
16.3908,91919,rest
16.3950,823976,rest
16.3990,875523,rest
16.4005,-,rest
16.4029,766570,rest
16.4042,-3,rest
16.4070,10735,rest
16.4086,71938,rest
16.4139,829327,rest
16.4152,878156,rest
16.4193,-736271,rest
16.4234,-314423,rest
16.4280,59290,rest
16.4316,813739,rest
16.4356,929324,rest
16.4400,-678051,rest
16.4445,-352240,rest
16.4488,21352,rest
16.4520,785802,rest
16.4565,873275,rest
16.4609,-654344,rest
16.4649,-341365,rest
16.4683,7173,rest
16.4733,756747,rest
16.4776,832603,rest
16.4807,-608709,rest
16.4848,-312914,rest
16.4889,9546,rest
16.4941,759324,rest
16.4971,894173,rest
16.5013,-534008,rest
16.5053,-365509,rest
16.5098,-9313,rest
16.5135,720620,rest
16.5175,835705,rest
16.5219,-492202,rest
16.5273,459,rest
16.5302,36683,rest
16.5343,684736,rest
16.5370,878,rest
16.5381,263,rest
16.5395,-390561,rest
16.5424,-4956,rest
16.5472,-55693,rest
16.5513,636587,rest
16.5554,837210,rest
16.5621,-326100,rest
16.5629,-521345,rest
16.5688,68,rest
16.5722,602120,rest
16.5759,862267,rest
16.5791,-239735,rest
16.5837,-563483,rest
16.5876,-88212,rest
16.5915,23,rest
16.5982,899070,rest
16.6020,-144920,rest
16.6036,-581413,rest
16.6085,-18,rest
16.6127,525075,rest
16.6174,810218,rest
16.6206,-91543,rest
16.6242,-638891,rest
16.6306,-114457,rest
16.6325,489056,rest
16.6363,895667,rest
16.6408,22750,rest
16.6476,-618878,rest
16.6486,-105192,rest
16.6527,462270,rest
16.6568,878227,rest
16.6615,111450,rest
16.6630,-622,rest
16.6651,749,rest
16.6663,-11967,rest
16.6692,3,rest
16.6693,428031,rest
16.6735,838025,rest
16.6777,179137,rest
16.6814,-683877,rest
16.6855,-154703,rest
16.6900,388888,rest
16.6939,843557,rest
16.6991,250844,rest
16.7019,-693947,rest
16.7066,-156714,rest
16.7106,359497,rest
16.7146,921972,rest
16.7183,361375,rest
16.7229,-695277,rest
16.7281,-162009,rest
16.7305,323657,rest
16.7346,847462,rest
16.7392,403015,rest
16.7434,-730707,rest
16.7482,-187015,rest
16.7510,297173,rest
16.7552,818038,rest
16.7610,466667,rest
16.7642,-750517,rest
16.7674,-188654,rest
16.7715,272579,rest
16.7769,5395,rest
16.7828,551495,rest
16.7842,-771892,rest
16.7854,-,rest
16.7879,203677,rest
16.7892,24,rest
16.7922,5,rest
16.7938,03,rest
16.7966,3,rest
16.7984,653194,rest
16.8002,-788662,rest
16.8045,-206819,rest
16.8102,224,rest
16.8136,839827,rest
16.8175,678754,rest
16.8216,-832973,rest
16.8252,51,rest
16.8289,179616,rest
16.8345,822551,rest
16.8383,729754,rest
16.8412,-834945,rest
16.8460,-226948,rest
16.8493,176657,rest
16.8534,807803,rest
16.8591,78394,rest
16.8644,-837792,rest
16.8670,-267017,rest
16.8702,133416,rest
16.8741,842619,rest
16.8783,827602,rest
16.8822,-803765,rest
16.8862,-242122,rest
16.8904,137960,rest
16.8955,827437,rest
16.8985,849502,rest
16.9026,-775949,rest
16.9067,-291301,rest
16.9112,97627,rest
16.9149,833875,rest
16.9162,84,rest
16.9190,0618,rest
16.9201,-7518,rest
16.9232,29,rest
16.9244,-296885,rest
16.9282,84703,rest
16.9312,827334,rest
16.9353,898656,rest
16.9397,-700328,rest
16.9443,-330552,rest
16.9476,64673,rest
16.9517,817091,rest
16.9565,861581,rest
16.9604,-667899,rest
16.9641,-294309,rest
16.9681,56411,rest
16.9728,820946,rest
16.9773,929012,rest
16.9805,-607784,rest
16.9846,-315724,rest
16.9886,38891,rest
16.9937,794121,rest
16.9968,828166,rest
17.0009,-574015,rest
17.0050,-338680,rest
17.0095,22503,rest
17.0132,786451,rest
17.0172,981978,rest
17.0214,-462368,rest
17.0257,393,rest
17.0300,21582,rest
17.0345,742555,rest
17.0395,858267,rest
17.0404,-,rest
17.0426,4213,rest
17.0468,64423,rest
17.0487,-31249,rest
17.0511,695658,rest
17.0542,847714,rest
17.0601,32607,rest
17.0631,-480500,rest
17.0683,-25910,rest
17.0710,660734,rest
17.0749,194,rest
17.0792,-262932,rest
17.0843,-492218,rest
17.0869,-39709,rest
17.0931,6193,rest
17.0957,813440,rest
17.1007,-211313,rest
17.1039,-536803,rest
17.1076,-50302,rest
17.1129,585910,rest
17.1156,956539,rest
17.1196,-87367,rest
17.1239,-540243,rest
17.1289,-62172,rest
17.1319,541110,rest
17.1360,816183,rest
17.1404,-51308,rest
17.1457,-624500,rest
17.1484,-94160,rest
17.1524,507362,rest
17.1567,854613,rest
17.1617,41219,rest
17.1647,-604817,rest
17.1659,-,rest
17.1688,82261,rest
17.1733,492941,rest
17.1740,803,rest
17.1774,901,rest
17.1792,117474,rest
17.1812,-615556,rest
17.1852,-89351,rest
17.1897,463542,rest
17.1935,904244,rest
17.1985,240710,rest
17.2017,-607917,rest
17.2064,-93065,rest
17.2104,431593,rest
17.2141,808308,rest
17.2179,270400,rest
17.2221,-674916,rest
17.2269,-130828,rest
17.2314,401095,rest
17.2343,876226,rest
17.2386,389827,rest
17.2441,-649076,rest
17.2474,-105933,rest
17.2508,386844,rest
17.2548,946023,rest
17.2606,0879,rest
17.2636,-677847,rest
17.2697,-135570,rest
17.2713,343636,rest
17.2766,34,rest
17.2799,512242,rest
17.2857,-717586,rest
17.2877,-140617,rest
17.2933,230,rest
17.2978,886186,rest
17.3004,623275,rest
17.3028,-717,rest
17.3041,072,rest
17.3059,-144204,rest
17.3102,2,rest
17.3144,860737,rest
17.3185,679220,rest
17.3204,-745619,rest
17.3261,608,rest
17.3288,274229,rest
17.3328,926562,rest
17.3372,784772,rest
17.3413,-751969,rest
17.3460,-173211,rest
17.3495,254032,rest
17.3532,890560,rest
17.3574,811706,rest
17.3622,-762420,rest
17.3654,-172020,rest
17.3696,229793,rest
17.3737,886456,rest
17.3780,833847,rest
17.3819,-771608,rest
17.3859,-195774,rest
17.3901,198333,rest
17.3945,900810,rest
17.3982,898583,rest
17.4023,-725056,rest
17.4071,-186942,rest
17.4113,187174,rest
17.4151,908445,rest
17.4187,887105,rest
17.4200,-,rest
17.4230,721049,rest
17.4243,-,rest
17.4287,211571,rest
17.4303,15,rest
17.4310,7008,rest
17.4326,87984,rest
17.4351,6,rest
17.4353,882337,rest
17.4399,-693805,rest
17.4439,-225459,rest
17.4475,133469,rest
17.4514,878841,rest
17.4558,907345,rest
17.4604,-649571,rest
17.4652,-248459,rest
17.4681,112893,rest
17.4719,882900,rest
17.4795,896755,rest
17.4805,-612676,rest
17.4842,-225794,rest
17.4883,113437,rest
17.4939,861917,rest
17.4970,951498,rest
17.5007,-548896,rest
17.5047,-272946,rest
17.5104,497,rest
17.5134,823911,rest
17.5178,907267,rest
17.5217,-510362,rest
17.5258,-287344,rest
17.5294,57300,rest
17.5339,799528,rest
17.5375,905241,rest
17.5419,-443703,rest
17.5478,-383032,rest
17.5497,33376,rest
17.5539,768760,rest
17.5553,88,rest
17.5581,564,rest
17.5601,-3806,rest
17.5639,-413640,rest
17.5680,19647,rest
17.5703,726895,rest
17.5747,19,rest
17.5789,-303294,rest
17.5831,-474689,rest
17.5872,-1696,rest
17.5908,689224,rest
17.5954,884666,rest
17.5992,-212149,rest
17.6030,-481303,rest
17.6071,333,rest
17.6128,653824,rest
17.6152,915811,rest
17.6193,-117153,rest
17.6235,-497946,rest
17.6281,-18804,rest
17.6317,612067,rest
17.6357,838051,rest
17.6400,-67536,rest
17.6447,-558434,rest
17.6490,-39829,rest
17.6522,579509,rest
17.6567,884023,rest
17.6611,35166,rest
17.6647,-567780,rest
17.6685,-48092,rest
17.6735,547236,rest
17.6772,920499,rest
17.6824,147824,rest
17.6835,-5,rest
17.6849,60949,rest
17.6860,-38777,rest
17.6907,520577,rest
17.6938,914020,rest
17.6981,208054,rest
17.7013,-578384,rest
17.7054,-61515,rest
17.7110,481050,rest
17.7137,890299,rest
17.7178,281287,rest
17.7218,-604487,rest
17.7261,7851,rest
17.7305,446633,rest
17.7379,931297,rest
17.7388,375037,rest
17.7425,629141,rest
17.7476,-101163,rest
17.7505,404074,rest
17.7545,879416,rest
17.7589,3217,rest
17.7634,-667271,rest
17.7681,-113085,rest
17.7724,376272,rest
17.7757,9092,rest
17.7807,520776,rest
17.7847,-677646,rest
17.7874,-115399,rest
17.7914,53503,rest
17.7959,884030,rest
17.8004,584647,rest
17.8024,-,rest
17.8050,708871,rest
17.8061,-,rest
17.8094,13649,rest
17.8136,16777,rest
17.8159,9153,rest
17.8163,97,rest
17.8179,671168,rest
17.8203,-724814,rest
17.8247,-15658,rest
17.8294,289060,rest
17.8333,896628,rest
17.8369,718301,rest
17.8419,-761074,rest
17.8460,06,rest
17.8500,263149,rest
17.8538,868285,rest
17.8570,758957,rest
17.8624,-779985,rest
17.8654,-195036,rest
17.8692,239936,rest
17.8733,889528,rest
17.8790,818374,rest
17.8815,-767270,rest
17.8857,-154418,rest
17.8899,235432,rest
17.8943,919225,rest
17.8984,870667,rest
17.9021,-745745,rest
17.9068,-190607,rest
17.9123,204959,rest
17.9143,897555,rest
17.9184,889124,rest
17.9230,-728511,rest
17.9287,-206459,rest
17.9306,175151,rest
17.9347,873270,rest
17.9393,868638,rest
17.9409,-709,rest
17.9432,188,rest
17.9453,-253706,rest
17.9471,151684,rest
17.9511,880005,rest
17.9553,901771,rest
17.9600,-666561,rest
17.9636,-234781,rest
17.9675,146976,rest
17.9717,903838,rest
17.9775,29981,rest
17.9802,-625452,rest
17.9867,-227570,rest
17.9880,126771,rest
17.9939,87471,rest
17.9973,939463,rest
18.0014,-573252,rest
18.0044,-246892,rest
18.0103,07470,rest
18.0135,863853,rest
18.0172,929237,rest
18.0210,-527657,rest
18.0271,2651,rest
18.0291,85186,rest
18.0334,832927,rest
18.0372,916835,rest
18.0414,-466597,rest
18.0471,-301514,rest
18.0494,72227,rest
18.0536,811475,rest
18.0581,81,rest
18.0626,399921,rest
18.0646,-,rest
18.0658,405751,rest
18.0670,3406,rest
18.0699,6,rest
18.0712,76723,rest
18.0740,5,rest
18.0742,881197,rest
18.0796,-345165,rest
18.0823,-427192,rest
18.0863,27228,rest
18.0905,722359,rest
18.0950,916787,rest
18.0987,-244886,rest
18.1027,-489586,rest
18.1068,-202,rest
18.1113,679980,rest
18.1150,902951,rest
18.1190,-167605,rest
18.1233,-487058,rest
18.1278,-5436,rest
18.1313,631631,rest
18.1354,889811,rest
18.1397,-88754,rest
18.1454,-540528,rest
18.1477,-19875,rest
18.1518,603061,rest
18.1567,885613,rest
18.1607,-15464,rest
18.1642,-557301,rest
18.1682,-32761,rest
18.1727,573752,rest
18.1774,931371,rest
18.1805,87505,rest
18.1846,-569560,rest
18.1856,-,rest
18.1887,40113,rest
18.1938,550165,rest
18.1953,90,rest
18.1969,1334,rest
18.1983,17124,rest
18.2010,6,rest
18.2011,-579414,rest
18.2051,-51902,rest
18.2107,15,rest
18.2152,919239,rest
18.2201,255874,rest
18.2215,-599751,rest
18.2256,68537,rest
18.2301,471843,rest
18.2337,912139,rest
18.2379,328992,rest
18.2422,62,rest
18.2466,-79815,rest
18.2510,452175,rest
18.2547,935806,rest
18.2583,418173,rest
18.2630,-642532,rest
18.2678,-105749,rest
18.2709,412564,rest
18.2766,382,rest
18.2803,493764,rest
18.2831,-656140,rest
18.2870,-95291,rest
18.2935,89,rest
18.3002,963304,rest
18.3004,583619,rest
18.3034,-681164,rest
18.3079,-130878,rest
18.3128,343128,rest
18.3157,873296,rest
18.3198,604660,rest
18.3212,-72,rest
18.3240,6551,rest
18.3256,-14480,rest
18.3288,1,rest
18.3297,320414,rest
18.3320,909286,rest
18.3361,692757,rest
18.3404,-730078,rest
18.3465,-151839,rest
18.3485,298884,rest
18.3526,914437,rest
18.3567,769302,rest
18.3612,-750724,rest
18.3653,-175865,rest
18.3690,268153,rest
18.3731,899752,rest
18.3775,810556,rest
18.3816,-762666,rest
18.3853,-159716,rest
18.3896,254931,rest
18.3942,919518,rest
18.3976,862373,rest
18.4017,-742708,rest
18.4060,-157384,rest
18.4105,233138,rest
18.4146,933776,rest
18.4181,896943,rest
18.4223,-724966,rest
18.4275,-185204,rest
18.4310,202180,rest
18.4344,904186,rest
18.4386,877310,rest
18.4403,-,rest
18.4432,715824,rest
18.4451,-,rest
18.4467,241368,rest
18.4481,16,rest
18.4509,9920,rest
18.4526,8949,rest
18.4549,99,rest
18.4562,901384,rest
18.4612,-681907,rest
18.4631,-245938,rest
18.4673,151787,rest
18.4713,919745,rest
18.4772,34,rest
18.4809,-626765,rest
18.4842,-230839,rest
18.4878,144944,rest
18.4938,242,rest
18.4977,978141,rest
18.5014,-563458,rest
18.5043,-220063,rest
18.5083,2445,rest
18.5129,891801,rest
18.5171,963572,rest
18.5210,-533847,rest
18.5268,-757,rest
18.5290,104190,rest
18.5332,852536,rest
18.5369,922141,rest
18.5436,-49956,rest
18.5457,-330906,rest
18.5516,60831,rest
18.5534,817752,rest
18.5574,896778,rest
18.5633,-437353,rest
18.5655,-348507,rest
18.5696,64197,rest
18.5739,795655,rest
18.5753,9,rest
18.5798,28825,rest
18.5815,-3509,rest
18.5819,50,rest
18.5831,-395705,rest
18.5861,33499,rest
18.5902,756227,rest
18.5953,852825,rest
18.5983,-304905,rest
18.6024,-430767,rest
18.6065,23384,rest
18.6122,710427,rest
18.6147,938090,rest
18.6187,-202161,rest
18.6232,-486559,rest
18.6273,1479,rest
18.6315,657937,rest
18.6353,852737,rest
18.6398,-151144,rest
18.6448,-484804,rest
18.6474,3511,rest
18.6516,634074,rest
18.6558,894902,rest
18.6602,-59981,rest
18.6639,-533304,rest
18.6679,-16316,rest
18.6721,598451,rest
18.6781,2,rest
18.6806,49630,rest
18.6858,-561543,rest
18.6884,-33627,rest
18.6934,554111,rest
18.6969,864088,rest
18.7008,110504,rest
18.7020,-5,rest
18.7048,72060,rest
18.7058,-48577,rest
18.7105,5192,rest
18.7134,854583,rest
18.7173,194940,rest
18.7221,-603921,rest
18.7257,-704,rest
18.7314,490439,rest
18.7343,975523,rest
18.7376,312991,rest
18.7419,586,rest
18.7461,-62438,rest
18.7500,462848,rest
18.7541,883654,rest
18.7582,588,rest
18.7629,-644101,rest
18.7670,-101028,rest
18.7722,423248,rest
18.7746,999305,rest
18.7798,486212,rest
18.7828,-635294,rest
18.7867,-95622,rest
18.7913,39898,rest
18.7964,908527,rest
18.8001,505529,rest
18.8041,-687162,rest
18.8088,-128232,rest
18.8116,006,rest
18.8159,893429,rest
18.8216,580387,rest
18.8244,-708676,rest
18.8254,-,rest
18.8277,141639,rest
18.8288,3,rest
18.8320,23871,rest
18.8334,9019,rest
18.8358,58,rest
18.8372,650197,rest
18.8403,-728780,rest
18.8445,-139629,rest
18.8481,295880,rest
18.8522,925439,rest
18.8571,720193,rest
18.8615,-756252,rest
18.8646,-187696,rest
18.8687,260892,rest
18.8729,921011,rest
18.8772,800061,rest
18.8809,-765194,rest
18.8851,-200139,rest
18.8902,232285,rest
18.8938,882639,rest
18.8978,801651,rest
18.9015,-786251,rest
18.9057,-197451,rest
18.9101,213673,rest
18.9137,885140,rest
18.9177,853287,rest
18.9219,-765412,rest
18.9269,-211574,rest
18.9303,184489,rest
18.9342,903452,rest
18.9383,876228,rest
18.9432,-743294,rest
18.9465,-202971,rest
18.9505,170939,rest
18.9547,903737,rest
18.9594,891257,rest
18.9611,-719,rest
18.9628,303,rest
18.9642,-232297,rest
18.9670,137416,rest
18.9711,903936,rest
18.9771,4003,rest
18.9814,-671194,rest
18.9835,-275268,rest
18.9874,107493,rest
18.9917,756,rest
18.9963,895792,rest
19.0011,-660846,rest
19.0038,-272175,rest
19.0143,851307,rest
19.0183,903377,rest
19.0202,-605150,rest
19.0265,2686,rest
19.0289,74113,rest
19.0335,835861,rest
19.0366,930104,rest
19.0408,-554908,rest
19.0455,-286252,rest
19.0488,57938,rest
19.0534,807195,rest
19.0571,924231,rest
19.0631,-499139,rest
19.0652,-378913,rest
19.0692,17849,rest
19.0734,764225,rest
19.0785,918244,rest
19.0799,-,rest
19.0816,441119,rest
19.0825,-,rest
19.0857,424017,rest
19.0873,-6016,rest
19.0915,725199,rest
19.0956,829402,rest
19.0981,-391592,rest
19.1022,-490800,rest
19.1064,-25457,rest
19.1106,683413,rest
19.1146,901757,rest
19.1184,-280446,rest
19.1231,-511014,rest
19.1271,-30255,rest
19.1307,644739,rest
19.1348,907939,rest
19.1396,-203404,rest
19.1448,-536019,rest
19.1471,-43402,rest
19.1514,607253,rest
19.1555,829092,rest
19.1606,-144594,rest
19.1645,-552775,rest
19.1676,-42945,rest
19.1727,579826,rest
19.1764,870960,rest
19.1800,-39261,rest
19.1840,-591550,rest
19.1881,-54112,rest
19.1935,52,rest
19.1967,790304,rest
19.2015,14964,rest
19.2047,-615534,rest
19.2061,-,rest
19.2088,30,rest
19.2173,522430,rest
19.2186,903584,rest
19.2204,152689,rest
19.2210,-592907,rest
19.2272,5371,rest
19.2334,501894,rest
19.2353,957491,rest
19.2374,256078,rest
19.2416,6085,rest
19.2473,-73927,rest
19.2497,459497,rest
19.2553,849006,rest
19.2581,288843,rest
19.2621,62895,rest
19.2673,-109803,rest
19.2706,424261,rest
19.2761,890204,rest
19.2791,385107,rest
19.2824,-645744,rest
19.2869,-102336,rest
19.2908,404822,rest
19.2956,884967,rest
19.2989,462470,rest
19.3029,-671397,rest
19.3069,-117990,rest
19.3113,379439,rest
19.3151,937870,rest
19.3192,566114,rest
19.3235,-696449,rest
19.3284,-139625,rest
19.3315,341702,rest
19.3356,883250,rest
19.3399,605491,rest
19.3410,-71,rest
19.3440,8440,rest
19.3458,-13646,rest
19.3479,8,rest
19.3480,322320,rest
19.3519,915357,rest
19.3567,686459,rest
19.3606,-730934,rest
19.3642,-157198,rest
19.3683,280835,rest
19.3730,830315,rest
19.3770,700831,rest
19.3806,-784600,rest
19.3847,-184852,rest
19.3889,262389,rest
19.3936,922405,rest
19.3970,817989,rest
19.4012,-758639,rest
19.4052,-144354,rest
19.4112,502,rest
19.4156,896049,rest
19.4178,837698,rest
19.4216,-758433,rest
19.4277,206236,rest
19.4308,208780,rest
19.4338,909299,rest
19.4380,882421,rest
19.4435,7385,rest
19.4494,-191506,rest
19.4510,188848,rest
19.4544,866968,rest
19.4587,3492,rest
19.4604,-,rest
19.4649,32633,rest
19.4667,-,rest
19.4682,231215,rest
19.4691,17,rest
19.4708,1311,rest
19.4726,89683,rest
19.4770,923,rest
19.4822,-667952,rest
19.4842,-231964,rest
19.4871,156406,rest
19.4915,08,rest
19.4963,927420,rest
19.4999,-628524,rest
19.5035,-205386,rest
19.5099,1519,rest
19.5138,886145,rest
19.5181,891958,rest
19.5199,-600721,rest
19.5256,-20301,rest
19.5308,134382,rest
19.5335,886900,rest
19.5369,983245,rest
19.5413,-530412,rest
19.5463,2831,rest
19.5510,100058,rest
19.5539,856775,rest
19.5590,902985,rest
19.5608,-498516,rest
19.5652,-284375,rest
19.5690,84940,rest
19.5733,836348,rest
19.5792,962123,rest
19.5813,-426790,rest
19.5853,-356783,rest
19.5899,55693,rest
19.5942,791243,rest
19.5961,83,rest
19.5977,8563,rest
19.5990,-3938,rest
19.6018,57,rest
19.6030,-414212,rest
19.6065,31587,rest
19.6109,764043,rest
19.6141,990400,rest
19.6182,-269157,rest
19.6226,-454054,rest
19.6290,20870,rest
19.6310,711966,rest
19.6346,790439,rest
19.6387,-248330,rest
19.6438,-484293,rest
19.6473,4273,rest
19.6511,681161,rest
19.6551,1022556,rest
19.6607,-95189,rest
19.6643,-494933,rest
19.6673,-4196,rest
19.6715,633624,rest
19.6768,847771,rest
19.6801,-73734,rest
19.6838,-555439,rest
19.6879,-24497,rest
19.6935,041,rest
19.6984,925749,rest
19.7013,44397,rest
19.7042,-515028,rest
19.7101,613,rest
19.7137,579745,rest
19.7174,825833,rest
19.7207,87090,rest
19.7222,-59,rest
19.7248,7,rest
19.7263,-368,rest
19.7316,543169,rest
19.7328,850657,rest
19.7369,195778,rest
19.7414,-570,rest
19.7472,-28229,rest
19.7509,531816,rest
19.7534,873481,rest
19.7575,274243,rest
19.7620,-564325,rest
19.7657,-27516,rest
19.7697,502813,rest
19.7739,904085,rest
19.7788,373228,rest
19.7821,-602146,rest
19.7861,-56059,rest
19.7902,462661,rest
19.7962,1012511,rest
19.7984,486020,rest
19.8024,-592322,rest
19.8067,-46597,rest
19.8122,427587,rest
19.8148,900820,rest
19.8189,505314,rest
19.8232,-662750,rest
19.8274,-97092,rest
19.8313,380843,rest
19.8353,859382,rest
19.8398,556226,rest
19.8400,-,rest
19.8441,685555,rest
19.8454,-,rest
19.8476,93692,rest
19.8492,3,rest
19.8517,65539,rest
19.8531,9318,rest
19.8560,32,rest
19.8575,651819,rest
19.8605,-697438,rest
19.8640,-108601,rest
19.8680,330210,rest
19.8721,862381,rest
19.8785,65,rest
19.8804,-745893,rest
19.8844,-144596,rest
19.8885,306176,rest
19.8943,24,rest
19.8967,766571,rest
19.9034,-732365,rest
19.9049,-114171,rest
19.9108,956,rest
19.9156,982523,rest
19.9178,881930,rest
19.9213,-720831,rest
19.9273,13,rest
19.9304,257802,rest
19.9349,864164,rest
19.9387,792313,rest
19.9430,-761663,rest
19.9469,-199560,rest
19.9500,227542,rest
19.9541,933103,rest
19.9583,155,rest
19.9628,-710966,rest
19.9678,-168688,rest
19.9733,218477,rest
19.9748,896030,rest
19.9761,8,rest
19.9791,51708,rest
19.9806,-7072,rest
19.9826,40,rest
19.9840,-201702,rest
19.9870,194965,rest
19.9930,926,rest
19.9963,906712,rest
20.0020,-659933,rest
20.0032,-183909,rest
20.0074,188645,rest
20.0128,959949,rest
20.0154,947551,rest
20.0195,-605937,rest
20.0237,-174169,rest
20.0293,172106,rest
20.0319,904997,rest
20.0359,882061,rest
20.0401,-598321,rest
20.0447,-215577,rest
20.0483,137477,rest
20.0524,905521,rest
20.0566,908543,rest
20.0612,-536726,rest
20.0648,-211034,rest
20.0688,132169,rest
20.0729,865448,rest
20.0774,839680,rest
20.0813,-501469,rest
20.0852,-280153,rest
20.0894,106719,rest
20.0939,867597,rest
20.0974,927012,rest
20.0989,-,rest
20.1015,396963,rest
20.1028,-,rest
20.1060,285919,rest
20.1074,100,rest
20.1099,735,rest
20.1117,827811,rest
20.1138,823724,rest
20.1179,-355136,rest
20.1220,-377189,rest
20.1270,80051,rest
20.1305,804054,rest
20.1343,899619,rest
20.1384,-249109,rest
20.1428,3558,rest
20.1474,88852,rest
20.1529,761419,rest
20.1556,830056,rest
20.1590,5,rest
20.1640,-428251,rest
20.1677,60927,rest
20.1731,722214,rest
20.1759,851644,rest
20.1800,-107943,rest
20.1838,-433862,rest
20.1875,57902,rest
20.1918,419,rest
20.1964,924644,rest
20.2011,-9713,rest
20.2039,-466472,rest
20.2081,43485,rest
20.2126,654162,rest
20.2166,801213,rest
20.2202,26847,rest
20.2264,16,rest
20.2301,24442,rest
20.2337,632208,rest
20.2348,911,rest
20.2367,253,rest
20.2378,158613,rest
20.2425,-93547,rest
20.2473,38378,rest
20.2497,595474,rest
20.2534,958868,rest
20.2571,250215,rest
20.2630,-484059,rest
20.2653,26680,rest
20.2694,560072,rest
20.2735,857281,rest
20.2795,290532,rest
20.2817,-583668,rest
20.2857,-31743,rest
20.2901,513990,rest
20.2956,890381,rest
20.2981,371874,rest
20.3022,-560951,rest
20.3067,-20999,rest
20.3113,497868,rest
20.3144,949928,rest
20.3186,461317,rest
20.3230,-588826,rest
20.3273,-35369,rest
20.3308,456350,rest
20.3349,875752,rest
20.3396,504743,rest
20.3438,-629264,rest
20.3472,-55449,rest
20.3513,426592,rest
20.3554,903594,rest
20.3599,575035,rest
20.3615,-641,rest
20.3637,470,rest
20.3638,-51521,rest
20.3677,398800,rest
20.3718,913664,rest
20.3770,651911,rest
20.3800,-677175,rest
20.3840,-87206,rest
20.3882,367928,rest
20.3924,3891,rest
20.4005,731153,rest
20.4034,-703807,rest
20.4085,-107172,rest
20.4089,334126,rest
20.4128,882766,rest
20.4174,743780,rest
20.4214,-740882,rest
20.4253,90,rest
20.4295,315318,rest
20.4348,915557,rest
20.4376,804569,rest
20.4417,739004,rest
20.4460,-120227,rest
20.4499,294097,rest
20.4537,920371,rest
20.4592,8769,rest
20.4635,-730725,rest
20.4679,-122976,rest
20.4713,266666,rest
20.4742,922003,rest
20.4789,870911,rest
20.4802,-,rest
20.4824,704135,rest
20.4835,-,rest
20.4865,164822,rest
20.4880,244,rest
20.4907,036,rest
20.4919,943540,rest
20.4955,892523,rest
20.4988,-664812,rest
20.5029,-142970,rest
20.5070,233641,rest
20.5115,973713,rest
20.5154,933365,rest
20.5192,-634133,rest
20.5234,-160501,rest
20.5288,200920,rest
20.5320,946941,rest
20.5356,925103,rest
20.5399,-611078,rest
20.5448,-182672,rest
20.5479,178508,rest
20.5520,920063,rest
20.5564,899527,rest
20.5606,-581494,rest
20.5643,-205880,rest
20.5684,152087,rest
20.5725,903380,rest
20.5772,929046,rest
20.5813,-524681,rest
20.5848,-217348,rest
20.5893,138090,rest
20.5933,890984,rest
20.5974,919991,rest
20.6012,-474137,rest
20.6053,-271446,rest
20.6096,161,rest
20.6139,861069,rest
20.6157,90,rest
20.6180,6032,rest
20.6210,-41452,rest
20.6218,3,rest
20.6221,-336017,rest
20.6275,723,rest
20.6308,831407,rest
20.6349,881108,rest
20.6386,-352093,rest
20.6423,3627,rest
20.6464,72199,rest
20.6515,796482,rest
20.6545,880127,rest
20.6597,-268482,rest
20.6646,-9,rest
20.6672,67104,rest
20.6711,753825,rest
20.6755,883497,rest
20.6792,-191810,rest
20.6835,-429255,rest
20.6872,52320,rest
20.6915,1921,rest
20.6958,883540,rest
20.7003,-121464,rest
20.7036,-463567,rest
20.7095,51,rest
20.7124,681637,rest
20.7176,969792,rest
20.7202,-21440,rest
20.7242,-461820,rest
20.7291,33191,rest
20.7324,640983,rest
20.7363,864957,rest
20.7405,22103,rest
20.7416,-53,rest
20.7448,6496,rest
20.7454,143,rest
20.7498,599826,rest
20.7527,803542,rest
20.7568,76663,rest
20.7631,-545123,rest
20.7650,-9170,rest
20.7691,575045,rest
20.7732,924750,rest
20.7781,209597,rest
20.7817,-540825,rest
20.7855,-13473,rest
20.7899,535659,rest
20.7950,907175,rest
20.7977,270644,rest
20.8018,-567366,rest
20.8063,-35409,rest
20.8105,495091,rest
20.8147,874778,rest
20.8182,321652,rest
20.8228,-583776,rest
20.8272,-44296,rest
20.8310,458406,rest
20.8346,857695,rest
20.8388,385595,rest
20.8433,-649981,rest
20.8475,-93435,rest
20.8514,419804,rest
20.8552,880921,rest
20.8602,458536,rest
20.8616,-,rest
20.8633,643780,rest
20.8646,-,rest
20.8674,71849,rest
20.8684,4,rest
20.8715,00962,rest
20.8728,8949,rest
20.8757,0,rest
20.8775,4473,rest
20.8801,-680769,rest
20.8843,-100721,rest
20.8879,361612,rest
20.8976,591085,rest
20.9022,-719828,rest
20.9043,-137322,rest
20.9086,3,rest
20.9129,916996,rest
20.9176,688269,rest
20.9208,-719575,rest
20.9250,2081,rest
20.9289,305604,rest
20.9356,901936,rest
20.9370,726465,rest
20.9415,-76005,rest
20.9468,-150380,rest
20.9502,274507,rest
20.9549,917306,rest
20.9595,772688,rest
20.9617,-770647,rest
20.9668,-156380,rest
20.9698,246856,rest
20.9741,899226,rest
20.9792,793522,rest
20.9822,-776238,rest
20.9862,-190137,rest
20.9903,221696,rest
20.9954,898052,rest
20.9964,8,rest
20.9985,55629,rest
20.9997,-749,rest
21.0026,430,rest
21.0041,-161962,rest
21.0067,201724,rest
21.0113,904325,rest
21.0148,855548,rest
21.0189,-740968,rest
21.0232,-216822,rest
21.0286,162134,rest
21.0313,880259,rest
21.0354,846483,rest
21.0398,-714050,rest
21.0456,-211752,rest
21.0476,151636,rest
21.0517,911060,rest
21.0559,882949,rest
21.0619,-680727,rest
21.0641,-213882,rest
21.0681,130752,rest
21.0723,865936,rest
21.0775,841935,rest
21.0807,-657132,rest
21.0845,-229585,rest
21.0886,108589,rest
21.0930,65,rest
21.0998,896700,rest
21.1017,-592733,rest
21.1057,-262412,rest
21.1097,90994,rest
21.1133,823713,rest
21.1181,843239,rest
21.1194,-,rest
21.1214,557076,rest
21.1231,-,rest
21.1271,275343,rest
21.1284,6295,rest
21.1295,9,rest
21.1306,804108,rest
21.1337,870547,rest
21.1378,-504092,rest
21.1421,35658,rest
21.1467,35016,rest
21.1502,775968,rest
21.1549,810069,rest
21.1586,431,rest
21.1630,-390364,rest
21.1680,25160,rest
21.1712,749628,rest
21.1748,768332,rest
21.1797,-381138,rest
21.1828,-424779,rest
21.1868,19726,rest
21.1935,71888,rest
21.1954,858115,rest
21.1994,-273916,rest
21.2049,-446414,rest
21.2073,13646,rest
21.2124,679167,rest
21.2156,848059,rest
21.2196,-195327,rest
21.2239,-507485,rest
21.2282,-14799,rest
21.2319,631485,rest
21.2360,866843,rest
21.2402,-120974,rest
21.2455,-527254,rest
21.2466,-,rest
21.2483,23540,rest
21.2525,599452,rest
21.2535,836,rest
21.2568,420,rest
21.2579,-46636,rest
21.2619,-547507,rest
21.2648,-36899,rest
21.2688,565509,rest
21.2731,825506,rest
21.2774,29074,rest
21.2816,-585399,rest
21.2852,-52648,rest
21.2897,537789,rest
21.2952,906475,rest
21.2975,148080,rest
21.3015,-586760,rest
21.3065,-66114,rest
21.3102,491764,rest
21.3140,850271,rest
21.3179,195366,rest
21.3221,-597759,rest
21.3269,-66514,rest
21.3302,462326,rest
21.3343,866272,rest
21.3386,272146,rest
21.3443,64,rest
21.3471,-112760,rest
21.3537,412899,rest
21.3548,824224,rest
21.3602,324434,rest
21.3630,-662196,rest
21.3671,-110329,rest
21.3712,390634,rest
21.3773,70,rest
21.3808,443485,rest
21.3834,-678,rest
21.3837,251,rest
21.3864,-12308,rest
21.3876,2,rest
21.3877,357271,rest
21.3932,2853,rest
21.3961,480796,rest
21.4012,-732670,rest
21.4064,-156570,rest
21.4092,315405,rest
21.4122,896585,rest
21.4170,580133,rest
21.4210,-728455,rest
21.4260,51,rest
21.4290,297945,rest
21.4334,845601,rest
21.4392,610955,rest
21.4415,-770196,rest
21.4465,11,rest
21.4512,261930,rest
21.4531,880739,rest
21.4584,686777,rest
21.4620,-785104,rest
21.4654,-177852,rest
21.4719,240139,rest
21.4738,885624,rest
21.4781,738726,rest
21.4825,-813165,rest
21.4859,-215549,rest
21.4901,201352,rest
21.4946,832215,rest
21.4983,757100,rest
21.4995,-,rest
21.5024,822487,rest
21.5039,-,rest
21.5067,241343,rest
21.5078,17,rest
21.5123,2185,rest
21.5146,84953,rest
21.5147,1,rest
21.5148,792278,rest
21.5186,-799507,rest
21.5231,-225261,rest
21.5275,163506,rest
21.5309,857923,rest
21.5350,838702,rest
21.5398,-779533,rest
21.5462,-272375,rest
21.5477,121027,rest
21.5515,839926,rest
21.5558,827645,rest
21.5598,-750769,rest
21.5645,-259414,rest
21.5679,103165,rest
21.5719,869889,rest
21.5771,855887,rest
21.5811,-717285,rest
21.5842,-283023,rest
21.5882,83568,rest
21.5937,844305,rest
21.5970,875472,rest
21.6006,-680551,rest
21.6047,-298779,rest
21.6090,249,rest
21.6154,816632,rest
21.6190,867566,rest
21.6212,-636745,rest
21.6253,32024,rest
21.6299,41129,rest
21.6339,790416,rest
21.6353,85,rest
21.6381,6463,rest
21.6398,-5923,rest
21.6435,479,rest
21.6469,12497,rest
21.6503,772781,rest
21.6543,857340,rest
21.6621,-530204,rest
21.6627,-404823,rest
21.6683,296,rest
21.6734,742671,rest
21.6767,828018,rest
21.6785,-474253,rest
21.6828,-457340,rest
21.6866,-13982,rest
21.6912,715811,rest
21.6951,864625,rest
21.6993,-378127,rest
21.7029,-487675,rest
21.7071,-20943,rest
21.7133,680322,rest
21.7152,822774,rest
21.7193,-308686,rest
21.7235,-497989,rest
21.7297,-26016,rest
21.7317,650054,rest
21.7358,930716,rest
21.7401,-201379,rest
21.7447,-541976,rest
21.7480,-50700,rest
21.7521,600914,rest
21.7564,819455,rest
21.7581,-,rest
21.7609,164408,rest
21.7630,-5,rest
21.7644,78002,rest
21.7662,-66264,rest
21.7699,561406,rest
21.7731,869487,rest
21.7775,-73967,rest
21.7811,-579160,rest
21.7848,-65845,rest
21.7892,533850,rest
21.7940,855625,rest
21.7972,11620,rest
21.8012,-610866,rest
21.8054,-87327,rest
21.8098,493061,rest
21.8139,831630,rest
21.8176,77918,rest
21.8218,-636371,rest
21.8265,-106255,rest
21.8299,457305,rest
21.8341,860919,rest
21.8381,173057,rest
21.8441,6322,rest
21.8489,-117801,rest
21.8518,422512,rest
21.8549,895512,rest
21.8607,63,rest
21.8652,-662027,rest
21.8704,-130886,rest
21.8711,384664,rest
21.8752,906611,rest
21.8795,344041,rest
21.8832,-682614,rest
21.8844,-,rest
21.8876,145208,rest
21.8891,3,rest
21.8914,3625,rest
21.8931,19,rest
21.8964,4,rest
21.8981,396400,rest
21.8999,-736975,rest
21.9040,-182298,rest
21.9086,308064,rest
21.9120,5776,rest
21.9178,467938,rest
21.9221,-754744,rest
21.9242,-193090,rest
21.9298,274960,rest
21.9323,847481,rest
21.9364,527571,rest
21.9407,-781972,rest
21.9467,-208028,rest
21.9488,242827,rest
21.9528,822699,rest
21.9570,570062,rest
21.9617,-799564,rest
21.9651,-204949,rest
21.9692,226326,rest
21.9733,865554,rest
21.9788,648874,rest
21.9815,-821865,rest
21.9856,-233552,rest
21.9898,194135,rest
21.9945,849607,rest
21.9979,704352,rest
22.0020,-844070,rest
22.0064,-254912,rest
22.0108,161498,rest
22.0143,849872,rest
22.0184,771281,rest
22.0201,-837,rest
22.0232,631,rest
22.0240,-260301,rest
22.0290,143843,rest
22.0306,814849,rest
22.0347,782551,rest
22.0393,-832393,rest
22.0441,-268644,rest
22.0470,120929,rest
22.0511,828857,rest
22.0552,815019,rest
22.0601,-815737,rest
22.0636,-295927,rest
22.0675,91925,rest
22.0716,830350,rest
22.0766,808857,rest
22.0799,-784869,rest
22.0839,-277120,rest
22.0879,78579,rest
22.0924,818848,rest
22.0968,830945,rest
22.1002,-754302,rest
22.1044,-343223,rest
22.1101,6,rest
22.1146,808500,rest
22.1182,840552,rest
22.1208,-712486,rest
22.1250,3251,rest
22.1315,37916,rest
22.1340,778298,rest
22.1372,858905,rest
22.1382,-,rest
22.1430,53-,rest
22.1473,357189,rest
22.1491,158,rest
22.1504,74,rest
22.1524,76536,rest
22.1535,0,rest
22.1536,867315,rest
22.1596,42,rest
22.1622,-400191,rest
22.1670,-3067,rest
22.1699,754439,rest
22.1743,885260,rest
22.1795,-526758,rest
22.1823,-379363,rest
22.1863,-4470,rest
22.1905,723685,rest
22.1955,921243,rest
22.1986,-467346,rest
22.2026,-472559,rest
22.2068,-42288,rest
22.2115,673317,rest
22.2150,842094,rest
22.2191,-414973,rest
22.2233,-501536,rest
22.2289,-59815,rest
22.2314,629044,rest
22.2354,895802,rest
22.2398,-332937,rest
22.2440,-569233,rest
22.2477,-85941,rest
22.2518,576725,rest
22.2565,894047,rest
22.2620,-258809,rest
22.2643,-582144,rest
22.2657,-,rest
22.2682,104032,rest
22.2729,537950,rest
22.2744,92,rest
22.2776,3868,rest
22.2806,-165575,rest
22.2822,-625740,rest
22.2847,-130873,rest
22.2887,488100,rest
22.2935,837378,rest
22.2974,-113184,rest
22.3010,-665086,rest
22.3051,-143245,rest
22.3109,5272,rest
22.3184,878327,rest
22.3188,-13971,rest
22.3298,-691957,rest
22.3305,-166974,rest
22.3319,411112,rest
22.3367,829038,rest
22.3403,43074,rest
22.3434,-693471,rest
22.3466,1408,rest
22.3512,373198,rest
22.3548,843978,rest
22.3590,135394,rest
22.3625,-705441,rest
22.3671,-188743,rest
22.3707,347650,rest
22.3763,50,rest
22.3806,252130,rest
22.3840,-707482,rest
22.3872,-196684,rest
22.3931,2,rest
22.3957,775468,rest
22.4006,248024,rest
22.4025,-78,rest
22.4033,6331,rest
22.4048,-2421,rest
22.4077,87,rest
22.4124,834216,rest
22.4171,357111,rest
22.4197,-790229,rest
22.4240,-243943,rest
22.4285,239003,rest
22.4320,877176,rest
22.4361,460797,rest
22.4403,-801545,rest
22.4448,-251534,rest
22.4488,201946,rest
22.4526,786984,rest
22.4567,476970,rest
22.4618,-851716,rest
22.4654,-290495,rest
22.4689,162520,rest
22.4732,829212,rest
22.4775,562803,rest
22.4826,-859498,rest
22.4853,-280474,rest
22.4897,141142,rest
22.4948,823447,rest
22.4975,631138,rest
22.5016,-902027,rest
22.5062,-322590,rest
22.5103,102720,rest
22.5145,790140,rest
22.5180,682390,rest
22.5193,-,rest
22.5225,899869,rest
22.5240,-,rest
22.5273,296887,rest
22.5297,93,rest
22.5303,804,rest
22.5313,8043,rest
22.5344,37,rest
22.5360,733539,rest
22.5391,-905230,rest
22.5435,-347641,rest
22.5468,57018,rest
22.5508,736436,rest
22.5550,726620,rest
22.5592,962,rest
22.5641,-375603,rest
22.5682,31120,rest
22.5716,799182,rest
22.5758,812565,rest
22.5798,8600,rest
22.5851,-348593,rest
22.5892,25312,rest
22.5930,766127,rest
22.5975,799052,rest
22.6019,837927,rest
22.6041,-410188,rest
22.6082,-19470,rest
22.6131,733855,rest
22.6163,768608,rest
22.6205,-804652,rest
22.6255,213,rest
22.6301,-23005,rest
22.6334,724437,rest
22.6389,821051,rest
22.6414,-743508,rest
22.6469,3,rest
22.6493,-25541,rest
22.6535,725393,rest
22.6591,835565,rest
22.6614,-684,rest
22.6616,361,rest
22.6628,-427588,rest
22.6661,-45803,rest
22.6696,707776,rest
22.6739,875188,rest
22.6789,-612122,rest
22.6820,-429255,rest
22.6860,-52048,rest
22.6901,688053,rest
22.6949,803127,rest
22.6983,-572184,rest
22.7024,-507080,rest
22.7069,-72993,rest
22.7115,676052,rest
22.7148,893476,rest
22.7188,-463806,rest
22.7233,-515683,rest
22.7277,-68785,rest
22.7310,650673,rest
22.7351,831628,rest
22.7398,-402732,rest
22.7443,-548929,rest
22.7478,-81330,rest
22.7515,610997,rest
22.7562,808716,rest
22.7606,-317077,rest
22.7638,-548115,rest
22.7680,-70942,rest
22.7720,595267,rest
22.7764,61,rest
22.7829,203356,rest
22.7847,-595200,rest
22.7862,-9816,rest
22.7883,0,rest
22.7893,540576,rest
22.7932,805549,rest
22.7967,-158395,rest
22.8006,-635064,rest
22.8048,-103507,rest
22.8109,07581,rest
22.8157,841468,rest
22.8186,-63707,rest
22.8214,-646482,rest
22.8254,11976,rest
22.8299,474013,rest
22.8350,883894,rest
22.8377,46399,rest
22.8436,650405,rest
22.8457,-126682,rest
22.8498,447747,rest
22.8539,801538,rest
22.8600,3,rest
22.8643,-667812,rest
22.8673,-132965,rest
22.8703,424890,rest
22.8748,81452,rest
22.8826,188522,rest
22.8837,-665784,rest
22.8867,-126823,rest
22.8933,404848,rest
22.8949,956125,rest
22.8989,331112,rest
22.9030,-675917,rest
22.9044,-,rest
22.9072,144838,rest
22.9130,368266,rest
22.9139,845,rest
22.9154,340,rest
22.9163,357187,rest
22.9196,-719683,rest
22.9238,-168428,rest
22.9281,332552,rest
22.9317,870621,rest
22.9358,462434,rest
22.9400,-733218,rest
22.9457,-172073,rest
22.9481,307808,rest
22.9522,804175,rest
22.9565,481752,rest
22.9627,-756829,rest
22.9645,-177879,rest
22.9687,290564,rest
22.9737,851482,rest
22.9779,588009,rest
22.9815,-739684,rest
22.9850,-134120,rest
22.9894,294769,rest
22.9936,916003,rest
22.9977,684217,rest
23.0013,-760141,rest
23.0056,-171512,rest
23.0105,247231,rest
23.0145,824827,rest
23.0177,659003,rest
23.0219,-809118,rest
23.0275,-200885,rest
23.0300,224692,rest
23.0341,942643,rest
23.0383,849800,rest
23.0398,-77,rest
23.0429,9999,rest
23.0453,-20139,rest
23.0464,6,rest
23.0465,192071,rest
23.0506,816433,rest
23.0546,751897,rest
23.0595,-819121,rest
23.0635,-237255,rest
23.0670,165061,rest
23.0710,873554,rest
23.0767,74,rest
23.0797,-778691,rest
23.0856,-209648,rest
23.0875,162270,rest
23.0929,25,rest
23.0963,826934,rest
23.1012,-756236,rest
23.1040,-263839,rest
23.1082,233,rest
23.1130,876599,rest
23.1169,880151,rest
23.1217,-705392,rest
23.1252,-225006,rest
23.1286,129474,rest
23.1331,847302,rest
23.1367,876946,rest
23.1410,-681555,rest
23.1462,-298441,rest
23.1488,93629,rest
23.1529,843295,rest
23.1576,876121,rest
23.1582,-,rest
23.1623,629095,rest
23.1636,-,rest
23.1652,297684,rest
23.1668,769,rest
23.1693,63,rest
23.1705,84468,rest
23.1734,6,rest
23.1735,983775,rest
23.1787,-538863,rest
23.1817,-292236,rest
23.1857,65472,rest
23.1900,805403,rest
23.1952,837656,rest
23.1980,-534032,rest
23.2020,-383490,rest
23.2064,41107,rest
23.2112,787318,rest
23.2144,897966,rest
23.2185,-433261,rest
23.2226,-386295,rest
23.2276,36358,rest
23.2317,769054,rest
23.2348,939804,rest
23.2394,-347211,rest
23.2436,-437639,rest
23.2471,19535,rest
23.2512,722236,rest
23.2553,924822,rest
23.2610,-285168,rest
23.2637,-467681,rest
23.2677,-1664,rest
23.2717,671151,rest
23.2774,4093,rest
23.2800,-240089,rest
23.2851,-502389,rest
23.2870,-,rest
23.2907,10719,rest
23.2926,637202,rest
23.2944,8,rest
23.2968,43965,rest
23.2987,-1520,rest
23.3004,73,rest
23.3019,-539305,rest
23.3045,-26049,rest
23.3104,160,rest
23.3129,916560,rest
23.3178,-38572,rest
23.3209,-531780,rest
23.3270,109,rest
23.3309,582867,rest
23.3338,859400,rest
23.3372,27044,rest
23.3416,896,rest
23.3457,-43955,rest
23.3498,552594,rest
23.3542,956319,rest
23.3580,157208,rest
23.3621,55543,rest
23.3668,-33895,rest
23.3707,524666,rest
23.3748,823003,rest
23.3794,178706,rest
23.3826,-591579,rest
23.3876,-56739,rest
23.3905,492145,rest
23.3954,921274,rest
23.3986,301659,rest
23.4027,-617942,rest
23.4069,-75975,rest
23.4124,452340,rest
23.4150,900703,rest
23.4192,364657,rest
23.4207,-6,rest
23.4233,46278,rest
23.4244,-92897,rest
23.4290,417528,rest
23.4314,960993,rest
23.4356,475679,rest
23.4400,-634495,rest
23.4445,-79715,rest
23.4479,402431,rest
23.4519,934448,rest
23.4565,543007,rest
23.4604,-678482,rest
23.4643,-118648,rest
23.4683,352258,rest
23.4730,886361,rest
23.4773,587390,rest
23.4807,-690388,rest
23.4847,-100287,rest
23.4889,337606,rest
23.4943,952486,rest
23.4973,681265,rest
23.5011,-727557,rest
23.5052,-153278,rest
23.5113,8379,rest
23.5136,867579,rest
23.5175,696197,rest
23.5239,-765361,rest
23.5265,-153129,rest
23.5304,64227,rest
23.5351,985459,rest
23.5379,820497,rest
23.5395,-,rest
23.5422,687,rest
23.5466,185672,rest
23.5480,2,rest
23.5502,23633,rest
23.5519,8143,rest
23.5543,37,rest
23.5550,745490,rest
23.5599,-799771,rest
23.5633,-216304,rest
23.5667,198860,rest
23.5707,906584,rest
23.5757,73,rest
23.5790,-746844,rest
23.5838,-159986,rest
23.5872,205581,rest
23.5932,0539,rest
23.5969,840053,rest
23.5996,-740485,rest
23.6037,-213746,rest
23.6099,169917,rest
23.6116,958115,rest
23.6157,1011966,rest
23.6199,-661650,rest
23.6260,-205428,rest
23.6297,146318,rest
23.6321,867107,rest
23.6362,814936,rest
23.6404,-708418,rest
23.6453,-321360,rest
23.6485,84076,rest
23.6527,822783,rest
23.6567,867311,rest
23.6614,-647684,rest
23.6649,-284227,rest
23.6689,92938,rest
23.6732,853783,rest
23.6748,9,rest
23.6781,31611,rest
23.6802,-5704,rest
23.6813,61,rest
23.6824,-287657,rest
23.6854,92250,rest
23.6896,828371,rest
23.6940,849986,rest
23.6977,-532129,rest
23.7018,-341283,rest
23.7062,75299,rest
23.7105,827963,rest
23.7141,959711,rest
23.7182,-428350,rest
23.7227,-359570,rest
23.7266,66818,rest
23.7308,800345,rest
23.7346,944827,rest
23.7387,-362531,rest
23.7434,-389955,rest
23.7469,54302,rest
23.7509,765151,rest
23.7550,909968,rest
23.7596,-292218,rest
23.7632,-484565,rest
23.7674,11507,rest
23.7713,706843,rest
23.7775,9302,rest
23.7813,-211450,rest
23.7840,-456833,rest
23.7880,18474,rest
23.7934,830,rest
23.7965,941358,rest
23.7984,-,rest
23.8000,131126,rest
23.8015,-4,rest
23.8043,99188,rest
23.8060,-1937,rest
23.8112,634557,rest
23.8124,913610,rest
23.8165,-59919,rest
23.8205,-519715,rest
23.8251,8,rest
23.8292,601324,rest
23.8328,899568,rest
23.8368,19186,rest
23.8415,5705,rest
23.8457,-31317,rest
23.8492,562565,rest
23.8533,868902,rest
23.8574,92821,rest
23.8626,-560976,rest
23.8656,-29892,rest
23.8696,541165,rest
23.8739,898692,rest
23.8791,188713,rest
23.8820,-576891,rest
23.8861,-48276,rest
23.8902,506339,rest
23.8947,899639,rest
23.8983,264255,rest
23.9024,-592789,rest
23.9066,-61080,rest
23.9119,468963,rest
23.9148,972302,rest
23.9188,364338,rest
23.9233,-627802,rest
23.9243,-,rest
23.9276,88508,rest
23.9311,420884,rest
23.9324,882,rest
23.9352,064,rest
23.9368,403582,rest
23.9397,-686469,rest
23.9440,-126198,rest
23.9476,382437,rest
23.9516,948973,rest
23.9562,521149,rest
23.9603,-686001,rest
23.9645,-122677,rest
23.9681,354914,rest
23.9721,867647,rest
23.9765,545432,rest
23.9805,-713559,rest
23.9843,-142320,rest
23.9885,330255,rest
23.9929,56,rest
23.9995,675655,rest
24.0025,-692695,rest
24.0050,-117408,rest
24.0108,1442,rest
24.0156,932230,rest
24.0190,702286,rest
24.0221,-748096,rest
24.0256,-174970,rest
24.0310,685,rest
24.0350,897940,rest
24.0402,753448,rest
24.0422,-771742,rest
24.0464,-195502,rest
24.0500,37,rest
24.0540,925868,rest
24.0589,834933,rest
24.0610,-77,rest
24.0623,1418,rest
24.0648,-22125,rest
24.0665,19660,rest
24.0711,852297,rest
24.0788,814031,rest
24.0793,-785184,rest
24.0829,258,rest
24.0872,177449,rest
24.0923,878574,rest
24.0963,862659,rest
24.0994,40221,rest
24.1035,-238478,rest
24.1076,166633,rest
24.1125,906111,rest
24.1174,207,rest
24.1203,-695387,rest
24.1238,-230093,rest
24.1287,156916,rest
24.1319,924805,rest
24.1361,956608,rest
24.1405,-664494,rest
24.1442,-255615,rest
24.1483,118681,rest
24.1524,866553,rest
24.1567,884812,rest
24.1612,-656602,flicker
24.1652,-286646,flicker
24.1691,89011,flicker
24.1733,855740,flicker
24.1774,974127,flicker
24.1790,-,flicker
24.1810,586370,flicker
24.1822,-,flicker
24.1852,286417,flicker
24.1865,691,flicker
24.1896,05,flicker
24.1909,80907,flicker
24.1934,1,flicker
24.1939,896352,flicker
24.1979,-562239,flicker
24.2015,-362926,flicker
24.2059,35724,flicker
24.2102,793146,flicker
24.2137,966724,flicker
24.2178,-479639,flicker
24.2221,-366938,flicker
24.2271,24360,flicker
24.2305,767566,flicker
24.2342,864482,flicker
24.2384,-441598,flicker
24.2449,-442472,flicker
24.2465,-2635,flicker
24.2507,722660,flicker
24.2547,838412,flicker
24.2621,37771,flicker
24.2647,497016,flicker
24.2688,-14946,flicker
24.2728,689001,flicker
24.2754,968237,flicker
24.2806,-258196,flicker
24.2834,-476940,flicker
24.2876,-13529,flicker
24.2931,649906,flicker
24.2956,794557,flicker
24.2998,-243130,flicker
24.3038,-560064,flicker
24.3053,-,flicker
24.3102,16,flicker
24.3132,614304,flicker
24.3158,88,flicker
24.3164,8273,flicker
24.3190,-1254,flicker
24.3203,49,flicker
24.3213,-564894,flicker
24.3253,-38915,flicker
24.3286,587849,flicker
24.3325,856508,flicker
24.3366,-55148,flicker
24.3424,-583,flicker
24.3464,-49162,flicker
24.3495,558850,flicker
24.3530,876391,flicker
24.3571,45573,flicker
24.3625,-590616,flicker
24.3653,-55971,flicker
24.3694,534378,flicker
24.3735,840226,flicker
24.3783,111075,flicker
24.3817,-600146,flicker
24.3857,-66687,flicker
24.3899,497703,flicker
24.3954,848197,flicker
24.3980,202711,flicker
24.4022,-600845,flicker
24.4064,-69636,flicker
24.4111,475119,flicker
24.4148,863108,flicker
24.4185,288561,flicker
24.4234,-621699,flicker
24.4275,-73689,flicker
24.4308,449500,flicker
24.4349,928022,flicker
24.4393,389896,flicker
24.4415,-6,flicker
24.4433,30588,flicker
24.4445,-80136,flicker
24.4484,417654,flicker
24.4514,889917,flicker
24.4554,461776,flicker
24.4602,-658576,flicker
24.4638,-100073,flicker
24.4677,386471,flicker
24.4718,912487,flicker
24.4784,43003,flicker
24.4812,-666262,flicker
24.4856,-93969,flicker
24.4882,373812,flicker
24.4931,889722,flicker
24.4970,585926,flicker
24.5005,-694555,flicker
24.5045,-105962,flicker
24.5099,341135,flicker
24.5137,903160,flicker
24.5169,657652,flicker
24.5210,-728907,flicker
24.5253,1520,flicker
24.5291,313143,flicker
24.5335,947410,flicker
24.5399,757402,flicker
24.5417,-725807,flicker
24.5464,-137343,flicker
24.5500,285191,flicker
24.5537,891580,flicker
24.5580,7705,flicker
24.5625,-759703,flicker
24.5636,-,flicker
24.5679,166052,flicker
24.5689,2,flicker
24.5701,59735,flicker
24.5711,9207,flicker
24.5769,55834265,flicker
24.5784,-748552,flicker
24.5823,-140238,flicker
24.5864,247481,flicker
24.5918,895635,flicker
24.5950,846243,flicker
24.5990,-734122,flicker
24.6029,-173190,flicker
24.6070,222204,flicker
24.6113,895250,flicker
24.6152,850966,flicker
24.6193,-715373,flicker
24.6234,-178123,flicker
24.6283,201723,flicker
24.6315,949861,flicker
24.6357,926640,flicker
24.6398,-667651,flicker
24.6445,-199148,flicker
24.6479,180709,flicker
24.6519,902249,flicker
24.6563,915737,flicker
24.6605,-636065,flicker
24.6643,-263758,flicker
24.6684,141140,flicker
24.6730,884060,flicker
24.6773,890172,flicker
24.6807,-608591,flicker
24.6847,-229632,flicker
24.6890,147820,flicker
24.6940,888542,flicker
24.6982,916098,flicker
24.6999,-549,flicker
24.7011,614,flicker
24.7023,-262074,flicker
24.7053,130441,flicker
24.7101,891410,flicker
24.7137,990337,flicker
24.7176,-462148,flicker
24.7216,-263599,flicker
24.7258,23458,flicker
24.7308,868958,flicker
24.7356,891222,flicker
24.7384,-428705,flicker
24.7423,23,flicker
24.7469,109611,flicker
24.7508,850976,flicker
24.7545,1010448,flicker
24.7599,3708,flicker
24.7641,-349950,flicker
24.7674,83670,flicker
24.7708,797637,flicker
24.7751,6547,flicker
24.7802,-294353,flicker
24.7842,-404103,flicker
24.7885,67757,flicker
24.7923,756380,flicker
24.7956,30,flicker
24.8020,-200994,flicker
24.8069,-423913,flicker
24.8099,56023,flicker
24.8117,720109,flicker
24.8175,852002,flicker
24.8194,-,flicker
24.8200,144111,flicker
24.8214,-,flicker
24.8242,470602,flicker
24.8260,3728,flicker
24.8285,5,flicker
24.8314,678215,flicker
24.8322,888796,flicker
24.8364,-48945,flicker
24.8406,-467770,flicker
24.8451,40382,flicker
24.8487,664682,flicker
24.8527,890540,flicker
24.8569,33638,flicker
24.8625,-516118,flicker
24.8649,17435,flicker
24.8690,614883,flicker
24.8733,875800,flicker
24.8781,115475,flicker
24.8814,-506602,flicker
24.8855,20851,flicker
24.8899,586304,flicker
24.8953,889121,flicker
24.8980,182822,flicker
24.9018,-542598,flicker
24.9066,-12893,flicker
24.9107,541043,flicker
24.9141,898828,flicker
24.9182,269635,flicker
24.9230,-575490,flicker
24.9274,-33615,flicker
24.9306,511859,flicker
24.9346,974251,flicker
24.9387,368385,flicker
24.9438,-564128,flicker
24.9452,-,flicker
24.9469,28353,flicker
24.9510,477679,flicker
24.9524,888,flicker
24.9551,217,flicker
24.9557,41544,flicker
24.9595,0,flicker
24.9604,-617215,flicker
24.9633,-53412,flicker
24.9673,441990,flicker
24.9715,933096,flicker
24.9758,08,flicker
24.9806,-640552,flicker
24.9857,-72222,flicker
24.9882,414381,flicker
24.9937,793,flicker
24.9993,541995,flicker
25.0012,-656109,flicker
25.0043,-69799,flicker
25.0108,908,flicker
25.0142,981709,flicker
25.0185,675839,flicker
25.0221,-665104,flicker
25.0248,-88979,flicker
25.0304,349876,flicker
25.0329,869692,flicker
25.0370,651936,flicker
25.0415,72,flicker
25.0457,-152439,flicker
25.0497,303314,flicker
25.0559,914765,flicker
25.0580,751348,flicker
25.0640,733408,flicker
25.0657,-134675,flicker
25.0698,286620,flicker
25.0739,910042,flicker
25.0800,802001,flicker
25.0820,-75,flicker
25.0821,1525,flicker
25.0838,-16783,flicker
25.0861,1,flicker
25.0862,255391,flicker
25.0903,914899,flicker
25.0950,847893,flicker
25.0985,-728894,flicker
25.1026,-122388,flicker
25.1068,257938,flicker
25.1115,902280,flicker
25.1148,832687,flicker
25.1189,-730871,flicker
25.1231,-176243,flicker
25.1275,223940,flicker
25.1312,925865,flicker
25.1352,873611,flicker
25.1400,-696808,flicker
25.1447,-180429,flicker
25.1480,200736,flicker
25.1517,930945,flicker
25.1562,884647,flicker
25.1604,-671490,flicker
25.1640,-188629,flicker
25.1681,181728,flicker
25.1728,903758,flicker
25.1777,919922,flicker
25.1807,-624807,flicker
25.1845,-222839,flicker
25.1886,155657,flicker
25.1936,902767,flicker
25.1968,874626,flicker
25.1981,-,flicker
25.2009,595724,flicker
25.2027,-,flicker
25.2049,202523,flicker
25.2064,14,flicker
25.2090,356,flicker
25.2110,8,flicker
25.2134,0,flicker
25.2165,936712,flicker
25.2202,-533202,flicker
25.2213,-263198,flicker
25.2266,119526,flicker
25.2303,867289,flicker
25.2336,897143,flicker
25.2377,-490729,flicker
25.2421,2996,flicker
25.2477,107599,flicker
25.2518,849213,flicker
25.2548,888125,flicker
25.2587,-221,flicker
25.2630,-330200,flicker
25.2699,95574,flicker
25.2709,820370,flicker
25.2747,871082,flicker
25.2793,-355294,flicker
25.2828,-396459,flicker
25.2868,67052,flicker
25.2914,782101,flicker
25.2969,1017865,flicker
25.2991,-232910,flicker
25.3032,-364923,flicker
25.3079,71854,flicker
25.3119,737064,flicker
25.3156,859953,flicker
25.3196,-210922,flicker
25.3238,-493780,flicker
25.3297,19848,flicker
25.3319,681473,flicker
25.3337,8,flicker
25.3360,98758,flicker
25.3373,-1152,flicker
25.3401,79,flicker
25.3417,-470971,flicker
25.3454,30294,flicker
25.3483,662487,flicker
25.3524,846089,flicker
25.3566,-54359,flicker
25.3630,-531196,flicker
25.3647,1640,flicker
25.3689,624358,flicker
25.3730,876008,flicker
25.3772,45595,flicker
25.3811,-541990,flicker
25.3851,-2868,flicker
25.3896,591753,flicker
25.3936,913911,flicker
25.3979,141718,flicker
25.4016,-535489,flicker
25.4058,-10800,flicker
25.4107,553631,flicker
25.4144,800900,flicker
25.4180,177145,flicker
25.4221,-586261,flicker
25.4263,386,flicker
25.4308,534908,flicker
25.4349,883171,flicker
25.4404,290141,flicker
25.4441,-5679,flicker
25.4472,-24669,flicker
25.4524,504721,flicker
25.4549,909807,flicker
25.4598,378189,flicker
25.4612,-5,flicker
25.4630,66578,flicker
25.4650,-27579,flicker
25.4682,475154,flicker
25.4712,910164,flicker
25.4778,543,flicker
25.4810,-605268,flicker
25.4856,-50524,flicker
25.4876,442200,flicker
25.4918,0592,flicker
25.4965,509790,flicker
25.5015,-638667,flicker
25.5040,-66507,flicker
25.5082,05501,flicker
25.5125,857783,flicker
25.5177,555014,flicker
25.5203,-673505,flicker
25.5264,841,flicker
25.5320,381040,flicker
25.5352,934672,flicker
25.5372,668194,flicker
25.5410,-662602,flicker
25.5453,-76811,flicker
25.5492,359151,flicker
25.5531,912579,flicker
25.5572,717684,flicker
25.5616,-714157,flicker
25.5654,-119529,flicker
25.5695,317538,flicker
25.5737,898229,flicker
25.5785,765710,flicker
25.5795,-,flicker
25.5818,731106,flicker
25.5832,-,flicker
25.5859,116524,flicker
25.5871,2,flicker
25.5901,93591,flicker
25.5915,9206,flicker
25.5950,27,flicker
25.5970,806679,flicker
25.5982,-753647,flicker
25.6023,-158740,flicker
25.6068,241798,flicker
25.6114,820787,flicker
25.6146,745306,flicker
25.6187,-784956,flicker
25.6231,-184934,flicker
25.6295,221838,flicker
25.6310,912868,flicker
25.6350,883092,flicker
25.6399,-709011,flicker
25.6450,-162432,flicker
25.6473,220143,flicker
25.6513,893075,flicker
25.6562,847557,flicker
25.6604,-710562,flicker
25.6637,-194783,flicker
25.6677,197734,flicker
25.6723,890878,flicker
25.6764,881295,flicker
25.6801,-665389,flicker
25.6841,-192202,flicker
25.6883,190087,flicker
25.6927,2,flicker
25.6976,909810,flicker
25.7013,-616946,flicker
25.7050,-197769,flicker
25.7088,169020,flicker
25.7129,900655,flicker
25.7143,8,flicker
25.7178,67419,flicker
25.7196,-588,flicker
25.7210,316,flicker
25.7226,-224934,flicker
25.7255,2388,flicker
25.7297,899867,flicker
25.7335,898164,flicker
25.7377,-521294,flicker
25.7422,-2347,flicker
25.7505,141715,flicker
25.7515,891850,flicker
25.7539,881070,flicker
25.7582,46,flicker
25.7631,-289534,flicker
25.7663,125021,flicker
25.7716,879122,flicker
25.7744,901682,flicker
25.7786,388,flicker
25.7853,-280459,flicker
25.7869,129243,flicker
25.7909,860101,flicker
25.7951,943477,flicker
25.7990,2581,flicker
25.8038,-328839,flicker
25.8081,111735,flicker
25.8113,819628,flicker
25.8152,894271,flicker
25.8201,-244371,flicker
25.8244,-397536,flicker
25.8286,77736,flicker
25.8318,762493,flicker
25.8357,901679,flicker
25.8370,-,flicker
25.8399,163607,flicker
25.8413,-,flicker
25.8453,416615,flicker
25.8465,6593,flicker
25.8479,4,flicker
25.8490,724197,flicker
25.8521,894255,flicker
25.8564,-95081,flicker
25.8609,-441158,flicker
25.8643,54225,flicker
25.8684,681040,flicker
25.8730,817389,flicker
25.8772,-52201,flicker
25.8808,-488434,flicker
25.8848,37225,flicker
25.8895,655059,flicker
25.8950,925264,flicker
25.8971,70332,flicker
25.9012,-480379,flicker
25.9053,37708,flicker
25.9100,609145,flicker
25.9137,841576,flicker
25.9176,113175,flicker
25.9219,-541202,flicker
25.9259,23,flicker
25.9324,569642,flicker
25.9351,904922,flicker
25.9386,225656,flicker
25.9424,5355,flicker
25.9464,37,flicker
25.9508,536532,flicker
25.9564,907173,flicker
25.9588,282258,flicker
25.9637,-547220,flicker
25.9654,-,flicker
25.9668,12256,flicker
25.9710,495347,flicker
25.9720,855,flicker
25.9764,7536,flicker
25.9801,-591391,flicker
25.9833,-51044,flicker
25.9874,459636,flicker
25.9958,433596,flicker
25.9999,-625671,flicker
26.0047,-63302,flicker
26.0080,416175,flicker
26.0120,871696,flicker
26.0159,478148,flicker
26.0200,-660220,flicker
26.0247,-50,flicker
26.0296,387841,flicker
26.0334,880930,flicker
26.0382,559415,flicker
26.0411,-660756,flicker
26.0448,741,flicker
26.0493,360327,flicker
26.0550,848886,flicker
26.0578,604750,flicker
26.0626,69378,flicker
26.0656,-94568,flicker
26.0695,329439,flicker
26.0736,908704,flicker
26.0789,689719,flicker
26.0815,-734441,flicker
26.0856,-127297,flicker
26.0899,288897,flicker
26.0942,850435,flicker
26.0983,705014,flicker
26.0997,-77,flicker
26.1020,7053,flicker
26.1030,-14290,flicker
26.1063,0,flicker
26.1065,259797,flicker
26.1102,862351,flicker
26.1142,735495,flicker
26.1183,-790670,flicker
26.1231,-140089,flicker
26.1269,240736,flicker
26.1306,918511,flicker
26.1347,869791,flicker
26.1396,-764941,flicker
26.1434,-185390,flicker
26.1470,191044,flicker
26.1511,823720,flicker
26.1552,775682,flicker
26.1602,-783071,flicker
26.1646,-233190,flicker
26.1674,158814,flicker
26.1716,830623,flicker
26.1781,0,flicker
26.1811,-756336,flicker
26.1849,-263366,flicker
26.1879,137849,flicker
26.1936,827895,flicker
26.1971,782548,flicker
26.2002,-729494,flicker
26.2044,-224916,flicker
26.2086,585,flicker
26.2127,877443,flicker
26.2210,873181,flicker
26.2231,-656782,flicker
26.2244,-,flicker
26.2248,224941,flicker
26.2259,14,flicker
26.2294,3540,flicker
26.2319,85108,flicker
26.2329,9,flicker
26.2331,882998,flicker
26.2371,-612186,flicker
26.2430,2301,flicker
26.2483,111267,flicker
26.2498,849190,flicker
26.2535,878473,flicker
26.2596,-590,flicker
26.2619,-222180,flicker
26.2672,123163,flicker
26.2708,856734,flicker
26.2741,868100,flicker
26.2794,-503974,flicker
26.2826,-309569,flicker
26.2862,97415,flicker
26.2904,840071,flicker
26.2953,839186,flicker
26.2986,-445633,flicker
26.3026,-332495,flicker
26.3067,87439,flicker
26.3113,823042,flicker
26.3160,885448,flicker
26.3190,-365043,flicker
26.3232,-391884,flicker
26.3276,62775,flicker
26.3315,782785,flicker
26.3356,794093,flicker
26.3399,-326833,flicker
26.3447,-434091,flicker
26.3484,50520,flicker
26.3518,751560,flicker
26.3531,88,flicker
26.3562,3673,flicker
26.3585,-20744,flicker
26.3617,-413076,flicker
26.3648,60555,flicker
26.3682,718206,flicker
26.3733,785169,flicker
26.3772,-156112,flicker
26.3822,-454692,flicker
26.3845,49436,flicker
26.3887,686574,flicker
26.3942,900620,flicker
26.3976,-37374,flicker
26.4009,-474792,flicker
26.4050,39355,flicker
26.4094,5918,flicker
26.4143,852677,flicker
26.4188,22353,flicker
26.4216,-499718,flicker
26.4269,03,flicker
26.4299,620973,flicker
26.4349,825094,flicker
26.4378,89414,flicker
26.4422,502,flicker
26.4461,8199,flicker
26.4517,592895,flicker
26.4544,887447,flicker
26.4601,9,flicker
26.4632,-525835,flicker
26.4683,637,flicker
26.4712,547604,flicker
26.4748,8148,flicker
26.4793,262284,flicker
26.4811,-58,flicker
26.4839,1007,flicker
26.4864,-35353,flicker
26.4870,506137,flicker
26.4914,813,flicker
26.4954,300483,flicker
26.4996,-589052,flicker
26.5038,-38359,flicker
26.5099,4792,flicker
26.5140,901733,flicker
26.5168,408970,flicker
26.5197,-562095,flicker
26.5239,-11033,flicker
26.5294,465050,flicker
26.5320,851595,flicker
26.5361,464332,flicker
26.5403,-622681,flicker
26.5453,-57241,flicker
26.5484,431725,flicker
26.5525,893899,flicker
26.5566,553962,flicker
26.5617,-632516,flicker
26.5647,-57751,flicker
26.5688,400484,flicker
26.5733,858345,flicker
26.5776,592281,flicker
26.5812,-672720,flicker
26.5852,-85063,flicker
26.5896,364606,flicker
26.5937,887352,flicker
26.5975,666183,flicker
26.5988,-,flicker
26.6016,698736,flicker
26.6033,-,flicker
26.6062,96485,flicker
26.6080,3,flicker
26.6104,44134,flicker
26.6111,9577,flicker
26.6139,54,flicker
26.6142,749529,flicker
26.6181,-714915,flicker
26.6226,-102350,flicker
26.6265,309450,flicker
26.6309,846362,flicker
26.6344,726285,flicker
26.6386,-765203,flicker
26.6432,-143437,flicker
26.6469,269511,flicker
26.6508,891708,flicker
26.6550,831076,flicker
26.6591,736252,flicker
26.6645,-148885,flicker
26.6671,249193,flicker
26.6713,888684,flicker
26.6758,74,flicker
26.6802,-732576,flicker
26.6856,-156355,flicker
26.6881,224897,flicker
26.6923,407,flicker
26.6965,803185,flicker
26.7030,-725749,flicker
26.7041,-205149,flicker
26.7100,04,flicker
26.7143,907517,flicker
26.7176,897520,flicker
26.7204,-660260,flicker
26.7257,14,flicker
26.7304,198071,flicker
26.7333,898684,flicker
26.7364,8,flicker
26.7372,74428,flicker
26.7395,-6395,flicker
26.7409,89,flicker
26.7424,-198758,flicker
26.7459,176695,flicker
26.7491,912634,flicker
26.7531,905855,flicker
26.7575,-593512,flicker
26.7616,-199574,flicker
26.7655,167824,flicker
26.7696,904072,flicker
26.7737,922328,flicker
26.7787,-543908,flicker
26.7819,-253495,flicker
26.7859,134165,flicker
26.7900,875230,flicker
26.7944,845168,flicker
26.7983,-518987,flicker
26.8023,-257000,flicker
26.8065,128466,flicker
26.8112,877462,flicker
26.8146,899709,flicker
26.8187,-432227,flicker
26.8233,-282322,flicker
26.8279,118661,flicker
26.8310,851153,flicker
26.8351,882821,flicker
26.8396,-374133,flicker
26.8438,-378711,flicker
26.8474,82405,flicker
26.8514,819565,flicker
26.8562,885396,flicker
26.8577,-,flicker
26.8612,297397,flicker
26.8628,-,flicker
26.8638,383103,flicker
26.8652,87409,flicker
26.8690,793551,flicker
26.8720,918264,flicker
26.8771,-210932,flicker
26.8805,-398384,flicker
26.8842,72623,flicker
26.8883,742146,flicker
26.8940,836821,flicker
26.8965,-168975,flicker
26.9006,-453699,flicker
26.9047,47585,flicker
26.9094,697576,flicker
26.9129,840416,flicker
26.9170,-88901,flicker
26.9211,-483010,flicker
26.9254,5,flicker
26.9331,661950,flicker
26.9336,883787,flicker
26.9394,13917,flicker
26.9418,-500260,flicker
26.9458,28935,flicker
26.9499,632650,flicker
26.9542,894710,flicker
26.9581,874,flicker
26.9626,-514531,flicker
26.9670,17060,flicker
26.9716,592506,flicker
26.9746,796104,flicker
26.9792,129068,flicker
26.9827,-551422,flicker
26.9842,-,flicker
26.9866,4794,flicker
26.9911,868,flicker
26.9932,6,flicker
26.9951,460,flicker
26.9968,234339,flicker
26.9990,-538372,flicker
27.0030,-602,flicker
27.0074,544488,flicker
27.0120,922282,flicker
27.0153,311352,flicker
27.0194,-535321,flicker
27.0235,-5635,flicker
27.0282,498185,flicker
27.0317,875128,flicker
27.0358,362410,flicker
27.0399,-594323,flicker
27.0448,-44435,flicker
27.0484,458242,flicker
27.0521,959087,flicker
27.0566,472463,flicker
27.0608,-613785,flicker
27.0657,-78381,flicker
27.0686,396161,flicker
27.0731,843721,flicker
27.0785,483925,flicker
27.0809,-672071,flicker
27.0849,-100414,flicker
27.0894,368042,flicker
27.0934,911004,flicker
27.0973,584332,flicker
27.1013,-685587,flicker
27.1058,-117498,flicker
27.1103,339041,flicker
27.1139,825214,flicker
27.1177,597310,flicker
27.1188,-720,flicker
27.1218,115,flicker
27.1231,-116709,flicker
27.1268,318850,flicker
27.1302,964794,flicker
27.1341,732020,flicker
27.1382,-740048,flicker
27.1429,-135932,flicker
27.1465,269929,flicker
27.1505,838908,flicker
27.1546,704301,flicker
27.1608,79,flicker
27.1648,-193881,flicker
27.1684,230246,flicker
27.1710,865462,flicker
27.1752,6134,flicker
27.1798,-799431,flicker
27.1844,-164618,flicker
27.1874,221271,flicker
27.1916,2183,flicker
27.1963,753888,flicker
27.2012,-804959,flicker
27.2039,-239782,flicker
27.2081,067,flicker
27.2124,819257,flicker
27.2165,792353,flicker
27.2223,-762748,flicker
27.2249,-226945,flicker
27.2297,73352,flicker
27.2326,853351,flicker
27.2387,810342,flicker
27.2409,-,flicker
27.2428,727040,flicker
27.2440,-,flicker
27.2452,229614,flicker
27.2465,6,flicker
27.2491,74,flicker
27.2513,873167,flicker
27.2541,891232,flicker
27.2575,-675301,flicker
27.2627,2458,flicker
27.2655,157619,flicker
27.2696,870121,flicker
27.2736,846536,flicker
27.2782,-649841,flicker
27.2821,-242628,flicker
27.2857,143340,flicker
27.2898,876051,flicker
27.2952,913059,flicker
27.2982,-583020,flicker
27.3020,-258681,flicker
27.3064,126312,flicker
27.3106,876391,flicker
27.3155,895819,flicker
27.3184,-544966,flicker
27.3228,-257844,flicker
27.3278,113527,flicker
27.3310,853957,flicker
27.3348,933740,flicker
27.3395,-484758,flicker
27.3434,-292645,flicker
27.3477,81779,flicker
27.3511,829225,flicker
27.3553,881459,flicker
27.3604,-446177,flicker
27.3635,-377067,flicker
27.3676,50130,flicker
27.3717,787990,flicker
27.3731,85,flicker
27.3778,743-90,flicker
27.3804,-377431,flicker
27.3863,48285,flicker
27.3918,757552,flicker
27.3923,874058,flicker
27.3963,-309603,flicker
27.4003,-448836,flicker
27.4044,24003,flicker
27.4104,00,flicker
27.4137,863313,flicker
27.4174,-237496,flicker
27.4209,-438878,flicker
27.4251,6,flicker
27.4308,667593,flicker
27.4334,778087,flicker
27.4378,-191061,flicker
27.4422,54,flicker
27.4460,-11732,flicker
27.4506,622954,flicker
27.4536,821103,flicker
27.4601,-2902,flicker
27.4622,-525147,flicker
27.4673,-13419,flicker
27.4700,596186,flicker
27.4756,871227,flicker
27.4789,5670,flicker
27.4823,-532809,flicker
27.4863,-22898,flicker
27.4905,560887,flicker
27.4951,760107,flicker
27.4990,37942,flicker
27.5001,-60,flicker
27.5027,4833,flicker
27.5040,-63209,flicker
27.5069,521904,flicker
27.5127,768068,flicker
27.5150,125402,flicker
27.5191,-562443,flicker
27.5232,-32820,flicker
27.5279,513377,flicker
27.5314,870044,flicker
27.5355,229009,flicker
27.5398,-558546,flicker
27.5447,-34095,flicker
27.5477,474860,flicker
27.5518,824986,flicker
27.5564,278359,flicker
27.5611,-612586,flicker
27.5642,-77342,flicker
27.5682,429656,flicker
27.5731,828408,flicker
27.5775,349961,flicker
27.5812,-609019,flicker
27.5846,-65929,flicker
27.5891,410921,flicker
27.5941,801282,flicker
27.5969,407820,flicker
27.6010,-657419,flicker
27.6054,-84527,flicker
27.6101,375430,flicker
27.6146,957673,flicker
27.6174,560955,flicker
27.6186,-,flicker
27.6215,655213,flicker
27.6231,-,flicker
27.6263,90905,flicker
27.6279,34,flicker
27.6304,0417,flicker
27.6317,79020,flicker
27.6337,3,flicker
27.6354,510781,flicker
27.6379,-748758,flicker
27.6423,1482,flicker
27.6468,286340,flicker
27.6505,794042,flicker
27.6556,578718,flicker
27.6585,-778736,flicker
27.6634,-189,flicker
27.6668,270215,flicker
27.6709,840433,flicker
27.6763,7151,flicker
27.6800,-790252,flicker
27.6838,-163536,flicker
27.6881,250141,flicker
27.6914,818337,flicker
27.6958,690507,flicker
27.6998,-818673,flicker
27.7034,-205010,flicker
27.7092,2237,flicker
27.7123,804733,flicker
27.7172,752793,flicker
27.7203,-799887,flicker
27.7240,-211368,flicker
27.7285,196660,flicker
27.7321,868658,flicker
27.7362,859835,flicker
27.7404,-756177,flicker
27.7455,-204255,flicker
27.7485,184120,flicker
27.7526,827954,flicker
27.7542,8,flicker
27.7568,30677,flicker
27.7581,-7541,flicker
27.7616,79,flicker
27.7633,-237720,flicker
27.7649,154405,flicker
27.7689,856901,flicker
27.7732,875910,flicker
27.7780,-718434,flicker
27.7820,-260129,flicker
27.7854,130293,flicker
27.7897,802326,flicker
27.7953,789551,flicker
27.7981,-719633,flicker
27.8017,-264504,flicker
27.8064,118246,flicker
27.8107,841466,flicker
27.8149,867634,flicker
27.8181,-650161,flicker
27.8223,-274634,flicker
27.8270,97201,flicker
27.8308,831016,flicker
27.8344,837549,flicker
27.8387,-619221,flicker
27.8433,-289361,flicker
27.8470,88788,flicker
27.8508,832581,flicker
27.8550,900503,flicker
27.8595,-558726,flicker
27.8632,-300275,flicker
27.8672,72453,flicker
27.8714,816208,flicker
27.8756,94940,flicker
27.8767,-,flicker
27.8806,502049,flicker
27.8823,-3,flicker
27.8852,62730,flicker
27.8865,4770,flicker
27.8877,5,flicker
27.8884,780673,flicker
27.8926,877615,flicker
27.8972,-438725,flicker
27.9000,-394227,flicker
27.9043,27680,flicker
27.9085,82,flicker
27.9125,820509,flicker
27.9180,-391956,flicker
27.9212,-442792,flicker
27.9248,1,flicker
27.9288,711511,flicker
27.9341,899753,flicker
27.9376,-288492,flicker
27.9415,-462224,flicker
27.9452,02,flicker
27.9494,659798,flicker
27.9575,750471,flicker
27.9579,-268679,flicker
27.9620,-517846,flicker
27.9658,-25578,flicker
27.9696,623081,flicker
27.9738,833257,flicker
27.9783,-162024,flicker
27.9820,-521810,flicker
27.9860,-29702,flicker
27.9903,584072,flicker
27.9951,943705,flicker
27.9983,-58214,flicker
28.0024,-580090,flicker
28.0035,-,flicker
28.0066,58747,flicker
28.0081,5,flicker
28.0117,42370,flicker
28.0133,8056,flicker
28.0147,84,flicker
28.0148,-26463,flicker
28.0188,-611510,flicker
28.0230,-78922,flicker
28.0290,500686,flicker
28.0311,809070,flicker
28.0351,51416,flicker
28.0398,-580073,flicker
28.0442,-73027,flicker
28.0475,474367,flicker
28.0516,771525,flicker
28.0560,113381,flicker
28.0604,-638808,flicker
28.0640,-110249,flicker
28.0679,435470,flicker
28.0722,818269,flicker
28.0769,207398,flicker
28.0803,-646308,flicker
28.0843,-109855,flicker
28.0886,398997,flicker
28.0930,820514,flicker
28.0966,274595,flicker
28.1007,-689600,flicker
28.1049,-142851,flicker
28.1096,371471,flicker
28.1131,845212,flicker
28.1171,366947,flicker
28.1212,-672058,flicker
28.1255,4,flicker
28.1319,353487,flicker
28.1339,851661,flicker
28.1350,4,flicker
28.1377,36284,flicker
28.1395,-686,flicker
28.1418,40,flicker
28.1440,-29,flicker
28.1462,327943,flicker
28.1499,927523,flicker
28.1541,539358,flicker
28.1584,7158,flicker
28.1631,-155171,flicker
28.1680,278164,flicker
28.1704,809752,flicker
28.1745,553921,flicker
28.1791,-786664,flicker
28.1827,-197521,flicker
28.1867,234177,flicker
28.1915,89,flicker
28.1958,592799,flicker
28.2024,-816663,flicker
28.2032,-195203,flicker
28.2078,2092,flicker
28.2115,803114,flicker
28.2163,642110,flicker
28.2215,-858325,flicker
28.2244,-246656,flicker
28.2292,77,flicker
28.2335,771115,flicker
28.2407,690134,flicker
28.2420,-859643,flicker
28.2441,-242209,flicker
28.2494,155438,flicker
28.2522,784172,flicker
28.2565,735104,flicker
28.2581,-,flicker
28.2616,850411,flicker
28.2627,-,flicker
28.2646,284271,flicker
28.2656,125,flicker
28.2686,460,flicker
28.2696,756792,flicker
28.2734,754324,flicker
28.2777,-817108,flicker
28.2810,-283307,flicker
28.2850,121895,flicker
28.2894,804538,flicker
28.2941,839034,flicker
28.2973,-769481,flicker
28.3015,-263974,flicker
28.3056,110775,flicker
28.3104,795524,flicker
28.3140,823010,flicker
28.3178,-742747,flicker
28.3220,-299749,flicker
28.3262,81155,flicker
28.3301,788441,flicker
28.3342,814970,flicker
28.3383,-707205,flicker
28.3439,-306395,flicker
28.3472,71973,flicker
28.3506,800767,flicker
28.3547,832699,flicker
28.3597,-662696,flicker
28.3633,-292164,flicker
28.3669,66412,flicker
28.3711,793659,flicker
28.3759,839771,flicker
28.3800,-608788,flicker
28.3833,-330006,flicker
28.3876,50039,flicker
28.3923,803562,flicker
28.3938,863,flicker
28.3956,813,flicker
28.3967,-542180,flicker
28.3998,-330768,flicker
28.4038,47550,flicker
28.4093,13,flicker
28.4127,886799,flicker
28.4166,-474197,flicker
28.4202,-427248,flicker
28.4266,9828,flicker
28.4284,755864,flicker
28.4324,865279,flicker
28.4366,-406544,flicker
28.4414,3784,flicker
28.4450,18393,flicker
28.4502,729322,flicker
28.4530,874105,flicker
28.4572,-324089,flicker
28.4626,-430465,flicker
28.4652,7353,flicker
28.4693,686744,flicker
28.4736,860609,flicker
28.4795,-265204,flicker
28.4816,-512917,flicker
28.4857,-37720,flicker
28.4899,623355,flicker
28.4949,808270,flicker
28.4980,-208484,flicker
28.5021,-511539,flicker
28.5064,-29316,flicker
28.5109,596403,flicker
28.5144,803595,flicker
28.5156,-,flicker
28.5185,133582,flicker
28.5196,-51,flicker
28.5231,6731,flicker
28.5253,-26454,flicker
28.5277,569497,flicker
28.5308,850648,flicker
28.5348,-44276,flicker
28.5392,-561426,flicker
28.5434,-57368,flicker
28.5475,521283,flicker
28.5512,781792,flicker
28.5555,11185,flicker
28.5600,-607931,flicker
28.5640,-81963,flicker
28.5676,475959,flicker
28.5718,704187,flicker
28.5758,58971,flicker
28.5800,-633894,flicker
28.5840,-98903,flicker
28.5881,454731,flicker
28.5924,974,flicker
28.5969,224187,flicker
28.6020,-568756,flicker
28.6054,-69839,flicker
28.6087,430892,flicker
28.6133,844632,flicker
28.6180,253035,flicker
28.6210,-627173,flicker
28.6252,10396,flicker
28.6299,383422,flicker
28.6346,802035,flicker
28.6387,302329,flicker
28.6405,-,flicker
28.6419,676762,flicker
28.6434,-,flicker
28.6458,309,flicker
28.6472,4,flicker
28.6501,6496,flicker
28.6524,80648,flicker
28.6537,4,flicker
28.6542,370568,flicker
28.6582,-703,flicker
28.6627,-140838,flicker
28.6670,313825,flicker
28.6706,774940,flicker
28.6743,431546,flicker
28.6804,7768,flicker
28.6835,-166283,flicker
28.6867,283302,flicker
28.6907,802784,flicker
28.6953,512975,flicker
28.6987,-758520,flicker
28.7028,-177845,flicker
28.7070,247475,flicker
28.7127,807429,flicker
28.7151,571429,flicker
28.7192,-791226,flicker
28.7233,-178110,flicker
28.7278,227132,flicker
28.7315,818522,flicker
28.7356,648254,flicker
28.7399,-828818,flicker
28.7455,-233809,flicker
28.7478,187648,flicker
28.7519,746677,flicker
28.7565,640198,flicker
28.7617,-856554,flicker
28.7643,-240160,flicker
28.7683,165376,flicker
28.7729,777906,flicker
28.7747,73,flicker
28.7773,2508,flicker
28.7799,-83493,flicker
28.7806,5,flicker
28.7807,-244071,flicker
28.7847,156044,flicker
28.7890,777714,flicker
28.7932,778244,flicker
28.7975,-807792,flicker
28.8011,-264390,flicker
28.8052,138221,flicker
28.8098,760401,flicker
28.8146,775602,flicker
28.8177,-789015,flicker
28.8217,-255960,flicker
28.8262,126535,flicker
28.8309,790851,flicker
28.8339,799870,flicker
28.8380,-752222,flicker
28.8424,684,flicker
28.8481,119003,flicker
28.8520,828953,flicker
28.8549,890820,flicker
28.8600,-684127,flicker
28.8643,-284690,flicker
28.8668,102296,flicker
28.8708,25477,flicker
28.8752,892565,flicker
28.8806,-649338,flicker
28.8841,-287090,flicker
28.8896,82306,flicker
28.8920,796300,flicker
28.8955,809139,flicker
28.9012,635646,flicker
28.9022,-31,flicker
28.9036,9830,flicker
28.9052,60564,flicker
28.9095,443,flicker
28.9123,919833,flicker
28.9176,-543028,flicker
28.9199,-273410,flicker
28.9256,7586,flicker
28.9292,794628,flicker
28.9349,842095,flicker
28.9363,-511108,flicker
28.9405,-385459,flicker
28.9456,34745,flicker
28.9486,780797,flicker
28.9527,917712,flicker
28.9568,-416799,flicker
28.9625,-338345,flicker
28.9649,47756,flicker
28.9690,762951,flicker
28.9733,845293,flicker
28.9787,-374254,flicker
28.9814,-451789,flicker
28.9854,-1841,flicker
28.9899,707739,flicker
28.9944,841520,flicker
28.9978,-304661,flicker
29.0019,-465200,flicker
29.0066,928,flicker
29.0107,668056,flicker
29.0141,911593,flicker
29.0183,-192072,flicker
29.0194,-,flicker
29.0224,490559,flicker
29.0242,-,flicker
29.0271,11665,flicker
29.0292,62,flicker
29.0305,1600,flicker
29.0319,78800,flicker
29.0346,1,flicker
29.0360,-166479,flicker
29.0388,-524085,flicker
29.0443,-27052,flicker
29.0473,592594,flicker
29.0511,847661,flicker
29.0551,-65047,flicker
29.0602,-521004,flicker
29.0634,-31754,flicker
29.0674,545242,flicker
29.0715,816661,flicker
29.0777,4696,flicker
29.0798,-555847,flicker
29.0838,-54883,flicker
29.0878,510218,flicker
29.0943,753,flicker
29.0962,60489,flicker
29.1017,-608496,flicker
29.1046,-81191,flicker
29.1100,7,flicker
29.1134,828886,flicker
29.1172,158391,flicker
29.1207,-585605,flicker
29.1255,43,flicker
29.1290,457863,flicker
29.1335,840535,flicker
29.1377,224354,flicker
29.1433,-6185,flicker
29.1489,-102334,flicker
29.1494,411727,flicker
29.1551,824415,flicker
29.1573,3,flicker
29.1581,00124,flicker
29.1594,-6561,flicker
29.1616,9,flicker
29.1634,-23,flicker
29.1662,376113,flicker
29.1705,842736,flicker
29.1765,371069,flicker
29.1810,-673678,flicker
29.1825,-128175,flicker
29.1868,339441,flicker
29.1917,782762,flicker
29.1961,29,flicker
29.2032,-726840,flicker
29.2035,-156818,flicker
29.2068,304737,flicker
29.2118,836855,flicker
29.2150,510235,flicker
29.2190,-724356,flicker
29.2232,-140497,flicker
29.2278,291847,flicker
29.2313,816112,flicker
29.2353,568534,flicker
29.2397,-771530,flicker
29.2445,-189429,flicker
29.2479,252137,flicker
29.2517,819116,flicker
29.2564,645358,flicker
29.2613,-788805,flicker
29.2640,-206156,flicker
29.2680,226733,flicker
29.2729,817421,flicker
29.2769,692650,flicker
29.2785,-,flicker
29.2804,803109,flicker
29.2821,-1,flicker
29.2844,82885,flicker
29.2856,2078,flicker
29.2885,02,flicker
29.2902,812282,flicker
29.2943,749216,flicker
29.2975,-815873,flicker
29.3009,-221846,flicker
29.3049,192520,flicker
29.3099,837481,flicker
29.3154,832776,flicker
29.3173,-775357,flicker
29.3213,-197114,flicker
29.3258,787,flicker
29.3304,777452,flicker
29.3353,786638,flicker
29.3397,-789783,flicker
29.3420,-271546,flicker
29.3461,298,flicker
29.3503,745101,flicker
29.3553,755977,flicker
29.3584,-776245,flicker
29.3637,26004,flicker
29.3679,121053,flicker
29.3705,826101,flicker
29.3750,875448,flicker
29.3790,-706834,flicker
29.3835,-252473,flicker
29.3868,113403,flicker
29.3929,7789,flicker
29.3954,864765,flicker
29.4001,-677443,flicker
29.4032,-288376,flicker
29.4076,96450,flicker
29.4120,813489,flicker
29.4132,8899,flicker
29.4156,41,flicker
29.4169,-629548,flicker
29.4196,-278841,flicker
29.4237,77340,flicker
29.4290,820096,flicker
29.4319,912881,flicker
29.4360,-579992,flicker
29.4402,-277750,flicker
29.4445,69530,flicker
29.4483,809432,flicker
29.4523,862869,flicker
29.4566,-547872,flicker
29.4612,-351054,flicker
29.4647,32480,flicker
29.4688,775868,flicker
29.4732,890662,flicker
29.4780,-476241,flicker
29.4812,-356292,flicker
29.4851,21819,flicker
29.4896,746918,flicker
29.4939,815972,flicker
29.4975,-425617,flicker
29.5016,-430027,flicker
29.5056,1992,flicker
29.5103,710663,flicker
29.5142,836361,flicker
29.5179,-351302,flicker
29.5220,-483421,flicker
29.5268,-6460,flicker
29.5305,673488,flicker
29.5343,823086,flicker
29.5355,-,flicker
29.5385,272338,flicker
29.5400,-458,flicker
29.5427,7,flicker
29.5442,-97,flicker
29.5469,640043,flicker
29.5507,892683,flicker
29.5548,-171485,flicker
29.5591,48,flicker
29.5634,-13865,flicker
29.5689,595197,flicker
29.5734,812336,flicker
29.5755,-117127,flicker
29.5816,-560037,flicker
29.5834,-58330,flicker
29.5875,543195,flicker
29.5917,07416,flicker
29.5976,-52580,flicker
29.6001,-586188,flicker
29.6057,-65139,flicker
29.6081,516420,flicker
29.6138,780487,flicker
29.6162,22652,flicker
29.6202,-595890,flicker
29.6247,14,flicker
29.6298,490239,flicker
29.6356,788281,flicker
29.6370,101262,flicker
29.6412,-565767,flicker
29.6454,-53585,flicker
29.6491,473929,flicker
29.6532,855760,flicker
29.6574,202378,flicker
29.6587,-,flicker
29.6622,593130,flicker
29.6638,-7,flicker
29.6654,7466,flicker
29.6670,422,flicker
29.6694,344,flicker
29.6709,812114,flicker
29.6737,260150,flicker
29.6783,-620136,flicker
29.6817,-90318,flicker
29.6858,391725,flicker
29.6899,902198,flicker
29.6944,372275,flicker
29.6982,-666036,flicker
29.7023,-125193,flicker
29.7068,341977,flicker
29.7107,756045,flicker
29.7149,375035,flicker
29.7186,-711746,flicker
29.7230,-154192,flicker
29.7281,317465,flicker
29.7309,866428,flicker
29.7351,500055,flicker
29.7396,-724298,flicker
29.7437,-169590,flicker
29.7473,282671,flicker
29.7513,822579,flicker
29.7561,546038,flicker
29.7599,-776385,flicker
29.7637,-196674,flicker
29.7678,248679,flicker
29.7719,763939,flicker
29.7767,580930,flicker
29.7805,-792872,flicker
29.7842,-207989,flicker
29.7882,233891,flicker
29.7943,3125691,flicker
29.7965,096,flicker
29.8009,-80342,flicker
29.8018,2,flicker
29.8028,-198914,flicker
29.8046,209993,flicker
29.8090,085,flicker
29.8135,716967,flicker
29.8189,-821844,flicker
29.8257,-234901,flicker
29.8263,177782,flicker
29.8308,4,flicker
29.8347,778925,flicker
29.8377,-809336,flicker
29.8417,-214899,flicker
29.8461,157933,flicker
29.8510,789465,flicker
29.8557,815588,flicker
29.8584,986,flicker
29.8626,-235053,flicker
29.8663,144895,flicker
29.8721,795870,flicker
29.8743,826775,flicker
29.8790,-780458,flicker
29.8838,-261662,flicker
29.8865,116905,flicker
29.8907,785819,flicker
29.8949,859059,flicker
29.8992,-739551,flicker
29.9030,-267678,flicker
29.9071,101858,flicker
29.9119,784960,flicker
29.9153,837787,flicker
29.9167,-,flicker
29.9194,717864,flicker
29.9204,-29,flicker
29.9236,9439,flicker
29.9250,75269,flicker
29.9286,782358,flicker
29.9317,876102,flicker
29.9358,-661978,flicker
29.9400,-272504,flicker
29.9443,63077,flicker
29.9479,795397,flicker
29.9520,915080,flicker
29.9567,-621867,flicker
29.9606,-295595,flicker
29.9647,39943,flicker
29.9685,758050,flicker
29.9732,850064,flicker
29.9779,-595499,flicker
29.9807,-367815,flicker
29.9847,7872,flicker
29.9891,752548,flicker
29.9937,909252,flicker
29.9976,-513600,flicker
30.0012,-361043,flicker
30.0053,3153,flicker
30.0101,724295,flicker
30.0135,862629,flicker
30.0176,-465343,flicker
30.0219,-438398,flicker
30.0267,-27332,flicker
30.0308,683443,flicker
30.0340,882303,flicker
30.0381,-381935,flicker
30.0393,-,flicker
30.0423,4235,flicker
30.0470,30791,flicker
30.0485,62,flicker
30.0503,9896,flicker
30.0516,80623,flicker
30.0544,9,flicker
30.0546,-334937,flicker
30.0593,-487996,flicker
30.0630,-58876,flicker
30.0679,590141,flicker
30.0709,900923,flicker
30.0752,2328,flicker
30.0797,-533581,flicker
30.0843,-73605,flicker
30.0872,544029,flicker
30.0916,963,flicker
30.0959,-188312,flicker
30.0998,-583358,flicker
30.1038,-100570,flicker
30.1079,497652,flicker
30.1128,775129,flicker
30.1159,-118549,flicker
30.1199,-599130,flicker
30.1246,-1076,flicker
30.1287,471532,flicker
30.1332,788750,flicker
30.1370,-40309,flicker
30.1407,-623599,flicker
30.1459,-129371,flicker
30.1500,425310,flicker
30.1528,811887,flicker
30.1569,39667,flicker
30.1614,-620469,flicker
30.1653,-128634,flicker
30.1691,391251,flicker
30.1735,740940,flicker
30.1746,888,flicker
30.1782,96,flicker
30.1798,-68916,flicker
30.1814,6,flicker
30.1829,-165537,flicker
30.1856,355624,flicker
30.1900,781916,flicker
30.1949,177405,flicker
30.1978,-656238,flicker
30.2019,-142679,flicker
30.2072,343149,flicker
30.2112,776562,flicker
30.2159,253360,flicker
30.2183,-716527,flicker
30.2232,-176692,flicker
30.2272,294733,flicker
30.2307,718894,flicker
30.2346,308101,flicker
30.2390,-750968,flicker
30.2443,-192770,flicker
30.2472,280768,flicker
30.2510,815538,flicker
30.2552,425320,flicker
30.2601,-769096,flicker
30.2634,-206469,flicker
30.2674,243958,flicker
30.2716,673748,flicker
30.2765,432262,flicker
30.2800,-820569,flicker
30.2838,-217263,flicker
30.2879,235960,flicker
30.2929,852760,flicker
30.2977,608331,flicker
30.2993,-,flicker
30.3002,784182,flicker
30.3016,-19,flicker
30.3043,4307,flicker
30.3054,2255,flicker
30.3084,9,flicker
30.3098,730,flicker
30.3140,616672,flicker
30.3166,-832188,flicker
30.3207,-223203,flicker
30.3264,9756,flicker
30.3305,788497,flicker
30.3347,696529,flicker
30.3379,-833751,flicker
30.3418,-295,flicker
30.3458,171298,flicker
30.3504,777640,flicker
30.3562,737400,flicker
30.3589,-824223,flicker
30.3618,-232300,flicker
30.3661,170213,flicker
30.3698,794458,flicker
30.3756,801036,flicker
30.3794,-792475,flicker
30.3821,-226325,flicker
30.3862,157939,flicker
30.3904,795995,flicker
30.3948,822948,flicker
30.3985,-775172,flicker
30.4026,-245502,flicker
30.4068,138965,flicker
30.4113,791867,flicker
30.4157,813270,flicker
30.4190,-745196,flicker
30.4205,-,flicker
30.4235,239776,flicker
30.4278,131040,flicker
30.4290,8,flicker
30.4313,30470,flicker
30.4328,8915,flicker
30.4355,42,flicker
30.4377,-687591,flicker
30.4416,-248490,flicker
30.4457,16,flicker
30.4485,825449,flicker
30.4534,860578,flicker
30.4567,-665745,flicker
30.4612,20,flicker
30.4653,104882,flicker
30.4683,834571,flicker
30.4733,894418,flicker
30.4765,-610202,flicker
30.4810,-248905,flicker
30.4847,86669,flicker
30.4887,812811,flicker
30.4934,872040,flicker
30.4986,-573338,flicker
30.5009,-295896,flicker
30.5050,70282,flicker
30.5094,0675,flicker
30.5139,869083,flicker
30.5189,-518244,flicker
30.5231,-284020,flicker
30.5256,66113,flicker
30.5302,792661,flicker
30.5348,909197,flicker
30.5383,-435867,flicker
30.5462,37940,flicker
30.5514,754998,flicker
30.5546,848040,flicker
30.5547,-3,flicker
30.5585,3,flicker
30.5604,34,flicker
30.5627,901,flicker
30.5636,33257,flicker
30.5671,722564,flicker
30.5707,871262,flicker
30.5750,2975,flicker
30.5812,-416129,flicker
30.5842,18193,flicker
30.5869,668197,flicker
30.5928,867,flicker
30.5962,-244826,flicker
30.6012,-481357,flicker
30.6041,-11220,flicker
30.6075,626231,flicker
30.6134,949435,flicker
30.6156,-132596,flicker
30.6197,-462930,flicker
30.6239,-13222,flicker
30.6286,579279,flicker
30.6321,827398,flicker
30.6361,-114915,flicker
30.6402,-556823,flicker
30.6464,-58714,flicker
30.6484,534420,flicker
30.6525,806568,flicker
30.6566,-22698,flicker
30.6612,-553173,flicker
30.6651,-47615,flicker
30.6688,510387,flicker
30.6733,842392,flicker
30.6783,54048,flicker
30.6795,-,flicker
30.6811,559593,flicker
30.6826,-6,flicker
30.6852,3171,flicker
30.6864,473,flicker
30.6896,629,flicker
30.6910,833103,flicker
30.6943,135028,flicker
30.6981,-602549,flicker
30.7016,-91796,flicker
30.7060,429692,flicker
30.7111,828062,flicker
30.7143,201211,flicker
30.7180,-623129,flicker
30.7222,-110326,flicker
30.7271,384790,flicker
30.7305,807339,flicker
30.7347,266629,flicker
30.7385,-671412,flicker
30.7434,-140105,flicker
30.7470,347751,flicker
30.7516,843501,flicker
30.7549,356047,flicker
30.7606,6958,flicker
30.7635,-146612,flicker
30.7685,320547,flicker
30.7737,810566,flicker
30.7765,411363,flicker
30.7798,-720890,flicker
30.7845,-157899,flicker
30.7886,294273,flicker
30.7920,177,flicker
30.7971,9474,flicker
30.8008,-756979,flicker
30.8057,-183916,flicker
30.8083,261996,flicker
30.8128,835534,flicker
30.8140,562,flicker
30.8184,659-78508,flicker
30.8203,4,flicker
30.8205,-209678,flicker
30.8264,2641,flicker
30.8287,815351,flicker
30.8337,623442,flicker
30.8371,-803895,flicker
30.8419,-225020,flicker
30.8452,055,flicker
30.8494,805982,flicker
30.8540,684844,flicker
30.8576,-824500,flicker
30.8627,-223877,flicker
30.8657,191230,flicker
30.8701,843882,flicker
30.8742,771602,flicker
30.8787,-816348,flicker
30.8822,-214432,flicker
30.8859,165665,flicker
30.8903,751221,flicker
30.8961,740667,flicker
30.8982,-842381,flicker
30.9023,-278763,flicker
30.9071,13261,flicker
30.9113,787039,flicker
30.9169,815989,flicker
30.9187,-797450,flicker
30.9234,-254218,flicker
30.9271,124450,flicker
30.9310,811729,flicker
30.9351,831742,flicker
30.9366,-,flicker
30.9395,764947,flicker
30.9411,-26,flicker
30.9443,9308,flicker
30.9463,11302,flicker
30.9474,8,flicker
30.9475,794239,flicker
30.9515,854469,flicker
30.9561,-730521,flicker
30.9601,-298139,flicker
30.9638,86953,flicker
30.9678,812291,flicker
30.9720,871828,flicker
30.9769,-696575,flicker
30.9809,-294951,flicker
30.9843,73886,flicker
30.9883,795365,flicker
30.9994,-660385,flicker
31.0012,-295246,flicker
31.0047,60415,flicker
31.0100,0318,flicker
31.0131,925444,flicker
31.0191,-585084,flicker
31.0216,-298860,flicker
31.0255,560,flicker
31.0314,789548,flicker
31.0336,858321,flicker
31.0378,-555735,flicker
31.0419,376,flicker
31.0459,37305,flicker
31.0500,764016,flicker
31.0547,872743,flicker
31.0591,-484017,flicker
31.0608,-,flicker
31.0621,612,flicker
31.0663,35900,flicker
31.0692,75,flicker
31.0707,0844,flicker
31.0725,84535,flicker
31.0746,1,flicker
31.0772,-419265,flicker
31.0787,-397937,flicker
31.0831,17341,flicker
31.0866,723912,flicker
31.0907,891261,flicker
31.0964,-330153,flicker
31.0990,-434274,flicker
31.1030,5581,flicker
31.1072,679896,flicker
31.1118,856082,flicker
31.1154,-270495,flicker
31.1194,-476192,flicker
31.1235,-11884,flicker
31.1294,635601,flicker
31.1316,856081,flicker
31.1357,-189318,flicker
31.1402,-494150,flicker
31.1444,-23720,flicker
31.1481,593711,flicker
31.1521,862808,flicker
31.1566,-114231,flicker
31.1611,-526830,flicker
31.1646,-35574,flicker
31.1686,560261,flicker
31.1730,838399,flicker
31.1772,-42927,flicker
31.1808,-559296,flicker
31.1849,-48593,flicker
31.1898,528118,flicker
31.1938,825735,flicker
31.1954,318,flicker
31.1978,95,flicker
31.1994,-5657,flicker
31.2012,66,flicker
31.2013,-50646,flicker
31.2058,493982,flicker
31.2103,806313,flicker
31.2151,101546,flicker
31.2177,-586953,flicker
31.2219,-74535,flicker
31.2267,454466,flicker
31.2306,818227,flicker
31.2341,190090,flicker
31.2382,-616885,flicker
31.2439,945,flicker
31.2467,420921,flicker
31.2510,817891,flicker
31.2558,254150,flicker
31.2591,-638114,flicker
31.2638,-102144,flicker
31.2669,396474,flicker
31.2710,852314,flicker
31.2752,421,flicker
31.2799,-675953,flicker
31.2839,-125643,flicker
31.2895,357827,flicker
31.2914,811999,flicker
31.2968,413279,flicker
31.2996,-680476,flicker
31.3037,-114324,flicker
31.3080,87,flicker
31.3124,841127,flicker
31.3165,489380,flicker
31.3181,-,flicker
31.3201,706835,flicker
31.3211,-1,flicker
31.3260,41830,flicker
31.3284,4,flicker
31.3299,817923,flicker
31.3346,559647,flicker
31.3368,-738575,flicker
31.3407,-153148,flicker
31.3466,281546,flicker
31.3488,831513,flicker
31.3528,628667,flicker
31.3573,-756051,flicker
31.3618,-160608,flicker
31.3651,263822,flicker
31.3692,877068,flicker
31.3733,731534,flicker
31.3787,-773265,flicker
31.3816,-175854,flicker
31.3856,233688,flicker
31.3899,783760,flicker
31.3947,709319,flicker
31.3981,-815116,flicker
31.4020,-208423,flicker
31.4064,203714,flicker
31.4118,833217,flicker
31.4143,800422,flicker
31.4184,-784725,flicker
31.4231,-208287,flicker
31.4278,192988,flicker
31.4307,792684,flicker
31.4347,806649,flicker
31.4395,-780184,flicker
31.4437,-221798,flicker
31.4471,172392,flicker
31.4484,8,flicker
31.4511,21971,flicker
31.4522,8649,flicker
31.4552,92,flicker
31.4567,-733176,flicker
31.4601,-189497,flicker
31.4641,172154,flicker
31.4676,846372,flicker
31.4717,896786,flicker
31.4764,-701221,flicker
31.4803,-248324,flicker
31.4842,138205,flicker
31.4880,828983,flicker
31.4926,882663,flicker
31.4967,-680325,flicker
31.5003,-229474,flicker
31.5044,133191,flicker
31.5100,6641,flicker
31.5139,950612,flicker
31.5176,-614541,flicker
31.5208,-232965,flicker
31.5250,0938,flicker
31.5293,830149,flicker
31.5338,949852,flicker
31.5373,-588176,flicker
31.5414,272,flicker
31.5458,70616,flicker
31.5509,803144,flicker
31.5535,898669,flicker
31.5579,09,flicker
31.5639,-301895,flicker
31.5666,57272,flicker
31.5717,791253,flicker
31.5749,932978,flicker
31.5770,-4,flicker
31.5802,63,flicker
31.5824,104,flicker
31.5830,37607,flicker
31.5880,756016,flicker
31.5927,921355,flicker
31.5945,-432742,flicker
31.5992,-387697,flicker
31.6027,2110,flicker
31.6070,712417,flicker
31.6123,865487,flicker
31.6150,-380559,flicker
31.6191,-411724,flicker
31.6232,57,flicker
31.6278,666464,flicker
31.6314,912947,flicker
31.6355,-293292,flicker
31.6398,-472963,flicker
31.6441,-39981,flicker
31.6490,604522,flicker
31.6518,836463,flicker
31.6563,-244974,flicker
31.6606,-495604,flicker
31.6646,-48389,flicker
31.6682,570449,flicker
31.6729,846357,flicker
31.6770,-172306,flicker
31.6806,-527967,flicker
31.6846,-64482,flicker
31.6888,526463,flicker
31.6936,745645,flicker
31.6981,-128504,flicker
31.6993,-,flicker
31.7010,607723,flicker
31.7024,-9,flicker
31.7051,2555,flicker
31.7064,497,flicker
31.7096,138,flicker
31.7114,853391,flicker
31.7133,-9113,flicker
31.7174,-583074,flicker
31.7215,-79330,flicker
31.7274,6500,flicker
31.7308,792948,flicker
31.7346,45714,flicker
31.7400,-628392,flicker
31.7422,-115329,flicker
31.7465,421749,flicker
31.7507,824168,flicker
31.7543,139030,flicker
31.7586,56,flicker
31.7630,-131469,flicker
31.7670,388117,flicker
31.7710,818843,flicker
31.7750,147,flicker
31.7793,-666357,flicker
31.7845,-143460,flicker
31.7876,352834,flicker
31.7914,0167,flicker
31.7979,292054,flicker
31.7996,-700821,flicker
31.8047,-157115,flicker
31.8077,320828,flicker
31.8121,811758,flicker
31.8160,356029,flicker
31.8198,-723149,flicker
31.8244,-168917,flicker
31.8294,304810,flicker
31.8321,802991,flicker
31.8333,439,flicker
31.8362,908,flicker
31.8376,-732149,flicker
31.8404,-167989,flicker
31.8458,281959,flicker
31.8485,827115,flicker
31.8529,524364,flicker
31.8567,-765998,flicker
31.8619,-196264,flicker
31.8648,252215,flicker
31.8689,774296,flicker
31.8731,566267,flicker
31.8777,-777782,flicker
31.8812,-188530,flicker
31.8853,237805,flicker
31.8901,835597,flicker
31.8939,661820,flicker
31.8991,-795181,flicker
31.9017,-207811,flicker
31.9061,218286,flicker
31.9105,807258,flicker
31.9142,708903,flicker
31.9181,-812748,flicker
31.9229,-194732,flicker
31.9276,203819,flicker
31.9304,817141,flicker
31.9344,776867,flicker
31.9386,-805786,flicker
31.9437,-206429,flicker
31.9468,180557,flicker
31.9509,760945,flicker
31.9550,761598,flicker
31.9563,-,flicker
31.9610,0213226,flicker
31.9638,640,flicker
31.9658,16861,flicker
31.9673,2,flicker
31.9679,829961,flicker
31.9745,859628,flicker
31.9755,-751525,flicker
31.9804,-214493,flicker
31.9843,160654,flicker
31.9878,820446,flicker
31.9935,47,flicker
31.9970,-736944,flicker
32.0029,-226484,flicker
32.0043,134516,flicker
32.0085,291,flicker
32.0132,889065,flicker
32.0181,-683323,flicker
32.0206,-248377,flicker
32.0268,12291,flicker
32.0301,836969,flicker
32.0341,916383,flicker
32.0371,-644187,flicker
32.0416,-268559,flicker
32.0458,5,flicker
32.0498,815257,flicker
32.0549,898639,flicker
32.0595,-607487,flicker
32.0616,-262553,flicker
32.0672,84658,flicker
32.0696,804600,flicker
32.0737,916341,flicker
32.0796,-554053,flicker
32.0808,-,flicker
32.0820,289067,flicker
32.0861,65714,flicker
32.0876,80,flicker
32.0901,6083,flicker
32.0918,86994,flicker
32.0946,5,flicker
32.0961,-515960,flicker
32.0983,-292515,flicker
32.1024,55135,flicker
32.1066,781550,flicker
32.1113,905882,flicker
32.1149,-435563,flicker
32.1187,-333174,flicker
32.1230,43081,flicker
32.1279,755991,flicker
32.1310,874720,flicker
32.1352,-373142,flicker
32.1400,-413162,flicker
32.1443,13256,flicker
32.1481,697601,flicker
32.1517,907235,flicker
32.1563,-297602,flicker
32.1603,-410035,flicker
32.1643,9481,flicker
32.1680,651145,flicker
32.1721,838004,flicker
32.1779,-252693,flicker
32.1807,-494085,flicker
32.1843,-26064,flicker
32.1884,615019,flicker
32.1946,833127,flicker
32.1967,-180622,flicker
32.2008,-465990,flicker
32.2048,-13981,flicker
32.2090,83058,flicker
32.2137,856782,flicker
32.2163,-10,flicker
32.2188,1522,flicker
32.2213,-521331,flicker
32.2214,-39540,flicker
32.2272,34396,flicker
32.2301,792896,flicker
32.2339,-47702,flicker
32.2381,-586667,flicker
32.2434,-672,flicker
32.2467,501288,flicker
32.2510,897125,flicker
32.2540,79247,flicker
32.2581,-562837,flicker
32.2624,-59357,flicker
32.2662,465994,flicker
32.2704,723460,flicker
32.2748,862,flicker
32.2821,-635182,flicker
32.2837,-103232,flicker
32.2889,435553,flicker
32.2914,825189,flicker
32.2952,99,flicker
32.2996,-611110,flicker
32.3042,-86767,flicker
32.3079,413666,flicker
32.3113,787808,flicker
32.3164,261620,flicker
32.3201,-655174,flicker
32.3236,-116170,flicker
32.3289,386737,flicker
32.3318,808387,flicker
32.3359,357014,flicker
32.3374,-,flicker
32.3401,661635,flicker
32.3419,-1,flicker
32.3452,01774,flicker
32.3472,3746,flicker
32.3481,66,flicker
32.3497,836184,flicker
32.3523,452275,flicker
32.3566,-684940,flicker
32.3614,-113759,flicker
32.3646,342082,flicker
32.3686,813200,flicker
32.3730,514503,flicker
32.3787,-709363,flicker
32.3810,-120764,flicker
32.3851,326621,flicker
32.3893,870041,flicker
32.3939,617405,flicker
32.3975,-714472,flicker
32.4014,-126678,flicker
32.4062,298683,flicker
32.4106,795526,flicker
32.4140,623259,flicker
32.4179,-758562,flicker
32.4219,-147014,flicker
32.4279,282316,flicker
32.4306,893127,flicker
32.4342,769857,flicker
32.4384,-744915,flicker
32.4445,149689,flicker
32.4466,254971,flicker
32.4506,856022,flicker
32.4547,788709,flicker
32.4606,715,flicker
32.4652,-192065,flicker
32.4672,219176,flicker
32.4695,8,flicker
32.4711,49888,flicker
32.4727,8232,flicker
32.4751,9,flicker
32.4775,69,flicker
32.4796,-215192,flicker
32.4835,200383,flicker
32.4874,815788,flicker
32.4933,370,flicker
32.4962,-745515,flicker
32.5011,-209652,flicker
32.5041,182848,flicker
32.5127,896051,flicker
32.5176,-708755,flicker
32.5203,-191361,flicker
32.5248,701,flicker
32.5290,859640,flicker
32.5324,886855,flicker
32.5367,-691743,flicker
32.5427,-3521,flicker
32.5474,146841,flicker
32.5509,856248,flicker
32.5529,936315,flicker
32.5572,-639547,flicker
32.5627,-233828,flicker
32.5653,131488,flicker
32.5694,842095,flicker
32.5735,894029,flicker
32.5796,-617027,flicker
32.5817,-211047,flicker
32.5858,114818,flicker
32.5900,851974,flicker
32.5947,936480,flicker
32.5971,-,flicker
32.5981,569473,flicker
32.5995,-228,flicker
32.6022,830,flicker
32.6023,93116,flicker
32.6065,834343,flicker
32.6109,893822,flicker
32.6152,-532265,flicker
32.6185,-281796,flicker
32.6232,65897,flicker
32.6280,795569,flicker
32.6314,883711,flicker
32.6348,-479200,flicker
32.6396,-362068,flicker
32.6434,40115,flicker
32.6485,762636,flicker
32.6512,902536,flicker
32.6558,-404637,flicker
32.6601,-369177,flicker
32.6646,36588,flicker
32.6685,735162,flicker
32.6718,944260,flicker
32.6761,3154,flicker
32.6814,-386003,flicker
32.6842,20446,flicker
32.6899,680429,flicker
32.6923,891166,flicker
32.6970,-270511,flicker
32.7011,-469703,flicker
32.7045,-25480,flicker
32.7106,1746,flicker
32.7136,857495,flicker
32.7171,-202115,flicker
32.7187,-,flicker
32.7211,514802,flicker
32.7226,-4,flicker
32.7266,8293,flicker
32.7292,65,flicker
32.7316,855140,flicker
32.7351,-128518,flicker
32.7374,-537476,flicker
32.7430,7,flicker
32.7465,543682,flicker
32.7523,852773,flicker
32.7564,-49189,flicker
32.7584,-604500,flicker
32.7619,-74009,flicker
32.7663,498219,flicker
32.7710,841675,flicker
32.7755,17843,flicker
32.7788,-591553,flicker
32.7839,-80939,flicker
32.7864,469419,flicker
32.7906,824261,flicker
32.7954,83058,flicker
32.7987,-625091,flicker
32.8028,-99980,flicker
32.8069,431717,flicker
32.8115,913036,flicker
32.8154,199985,flicker
32.8192,-632341,flicker
32.8234,-116783,flicker
32.8278,394510,flicker
32.8315,901119,flicker
32.8356,268729,flicker
32.8398,-660203,flicker
32.8458,-134402,flicker
32.8478,353675,flicker
32.8519,824567,flicker
32.8533,309,flicker
32.8565,403,flicker
32.8578,-72519,flicker
32.8604,4,flicker
32.8612,-176906,flicker
32.8648,311595,flicker
32.8683,836816,flicker
32.8728,394029,flicker
32.8798,-731537,flicker
32.8806,-179130,flicker
32.8847,279257,flicker
32.8893,821383,flicker
32.8934,464722,flicker
32.8975,-761141,flicker
32.9011,-185828,flicker
32.9052,261797,flicker
32.9103,884804,flicker
32.9136,565158,flicker
32.9175,-783186,flicker
32.9216,-215396,flicker
32.9264,216331,flicker
32.9297,784526,flicker
32.9339,575155,flicker
32.9380,-826687,flicker
32.9432,-233602,flicker
32.9472,196086,flicker
32.9502,832317,flicker
32.9543,679535,flicker
32.9586,87,flicker
32.9655,-242228,flicker
32.9669,173171,flicker
32.9716,790928,flicker
32.9753,704652,flicker
32.9768,-,flicker
32.9801,849253,flicker
32.9819,-27,flicker
32.9840,1090,flicker
32.9852,14815,flicker
32.9871,8,flicker
32.9872,775716,flicker
32.9917,7533,flicker
32.9965,-839308,flicker
32.9998,-242543,flicker
33.0038,139078,flicker
33.0078,848469,flicker
33.0127,865572,flicker
33.0160,-788367,flicker
33.0199,-256676,flicker
33.0244,11189,flicker
33.0286,772901,flicker
33.0327,814716,flicker
33.0364,-798542,flicker
33.0405,-326880,flicker
33.0444,69184,flicker
33.0486,770230,flicker
33.0526,826903,flicker
33.0568,-765684,flicker
33.0625,-305029,flicker
33.0649,69064,flicker
33.0690,784719,flicker
33.0731,860817,flicker
33.0780,-720868,flicker
33.0813,-354732,flicker
33.0854,41736,flicker
33.0896,779675,flicker
33.0942,856451,flicker
33.0981,-682490,flicker
33.0991,-,flicker
33.1018,279583,flicker
33.1063,47817,flicker
33.1072,80,flicker
33.1117,1381,flicker
33.1130,9319,flicker
33.1141,30,flicker
33.1152,-619514,flicker
33.1183,-285075,flicker
33.1226,37772,flicker
33.1279,763438,flicker
33.1308,860720,flicker
33.1346,-601914,flicker
33.1390,-385346,flicker
33.1433,-4810,flicker
33.1486,736750,flicker
33.1509,878236,flicker
33.1551,-544101,flicker
33.1598,-384482,flicker
33.1639,-17121,flicker
33.1683,700508,flicker
33.1714,851755,flicker
33.1773,48351,flicker
33.1803,-439864,flicker
33.1851,-36247,flicker
33.1883,668196,flicker
33.1921,889667,flicker
33.1972,-396986,flicker
33.2013,-482786,flicker
33.2042,-51824,flicker
33.2099,1325,flicker
33.2127,845752,flicker
33.2167,-341698,flicker
33.2227,-497620,flicker
33.2249,-63366,flicker
33.2304,750,flicker
33.2352,853655,flicker
33.2388,-264640,flicker
33.2406,-5650,flicker
33.2411,69,flicker
33.2412,-90483,flicker
33.2460,526524,flicker
33.2494,875234,flicker
33.2534,-186479,flicker
33.2580,-5904,flicker
33.2618,-101487,flicker
33.2659,491248,flicker
33.2702,800433,flicker
33.2748,-124278,flicker
33.2800,2,flicker
33.2840,-105733,flicker
33.2880,468974,flicker
33.2905,816702,flicker
33.2944,-31078,flicker
33.2989,-651881,flicker
33.3025,-126916,flicker
33.3066,426732,flicker
33.3108,895902,flicker
33.3148,81987,flicker
33.3190,-622567,flicker
33.3232,-120965,flicker
33.3288,397310,flicker
33.3311,902603,flicker
33.3352,164779,flicker
33.3397,-662223,flicker
33.3439,-158236,flicker
33.3478,344873,flicker
33.3516,817044,flicker
33.3563,205009,flicker
33.3575,-,flicker
33.3601,722734,flicker
33.3620,-2,flicker
33.3639,00162,flicker
33.3650,3038,flicker
33.3681,20,flicker
33.3695,815084,flicker
33.3725,279216,flicker
33.3772,-727299,flicker
33.3814,-182337,flicker
33.3844,288092,flicker
33.3885,844002,flicker
33.3941,369576,flicker
33.3969,-766038,flicker
33.4009,-216859,flicker
33.4049,253788,flicker
33.4092,58,flicker
33.4162,462022,flicker
33.4177,-792218,flicker
33.4235,-235635,flicker
33.4256,213719,flicker
33.4299,763160,flicker
33.4337,484101,flicker
33.4377,-814523,flicker
33.4421,2556,flicker
33.4462,191436,flicker
33.4519,790426,flicker
33.4545,569961,flicker
33.4584,1,flicker
33.4642,-247786,flicker
33.4663,169913,flicker
33.4722,794820,flicker
33.4745,643303,flicker
33.4794,-844733,flicker
33.4827,-260212,flicker
33.4869,148994,flicker
33.4885,7,flicker
33.4924,9393,flicker
33.4955,6,flicker
33.4988,-865487,flicker
33.5004,-241477,flicker
33.5032,132882,flicker
33.5074,827020,flicker
33.5130,779528,flicker
33.5155,-851641,flicker
33.5196,-288488,flicker
33.5237,91408,flicker
33.5290,730423,flicker
33.5319,746370,flicker
33.5360,-856726,flicker
33.5401,-324293,flicker
33.5458,68641,flicker
33.5483,740675,flicker
33.5524,792413,flicker
33.5566,-824831,flicker
33.5609,-340619,flicker
33.5647,59007,flicker
33.5687,743651,flicker
33.5732,832332,flicker
33.5772,-774588,flicker
33.5810,-324938,flicker
33.5851,40827,flicker
33.5897,776780,flicker
33.5937,842344,flicker
33.5986,-741906,flicker
33.6016,-316916,flicker
33.6062,39341,flicker
33.6104,772968,flicker
33.6144,830283,flicker
33.6160,-7,flicker
33.6179,14099,flicker
33.6190,-371,flicker
33.6224,090,flicker
33.6228,12326,flicker
33.6266,752877,flicker
33.6312,814112,flicker
33.6343,-668474,flicker
33.6384,-345621,flicker
33.6431,19316,flicker
33.6466,776239,flicker
33.6506,982062,flicker
33.6548,-558684,flicker
33.6591,3153,flicker
33.6632,-4052,flicker
33.6694,717840,flicker
33.6711,728828,flicker
33.6774,5,flicker
33.6809,-435961,flicker
33.6838,-21566,flicker
33.6875,722849,flicker
33.6929,582,flicker
33.6980,-422450,flicker
33.7023,-367235,flicker
33.7040,2820,flicker
33.7082,689326,flicker
33.7128,935329,flicker
33.7162,-357251,flicker
33.7203,-461782,flicker
33.7252,-172,flicker
33.7297,622480,flicker
33.7331,825624,flicker
33.7381,-339494,flicker
33.7401,-,flicker
33.7411,522992,flicker
33.7432,-6,flicker
33.7450,26,flicker
33.7465,7,flicker
33.7494,677,flicker
33.7522,844384,flicker
33.7531,-256909,flicker
33.7573,-559708,flicker
33.7619,-83260,flicker
33.7653,533172,flicker
33.7694,808351,flicker
33.7737,-193532,flicker
33.7793,-581925,flicker
33.7822,-82225,flicker
33.7858,511806,flicker
33.7899,848758,flicker
33.7948,-97729,flicker
33.7981,-615580,flicker
33.8022,-100068,flicker
33.8064,480349,flicker
33.8111,789749,flicker
33.8150,-29845,flicker
33.8186,-614815,flicker
33.8229,-92170,flicker
33.8272,466368,flicker
33.8308,953488,flicker
33.8349,124478,flicker
33.8394,-633738,flicker
33.8442,-115630,flicker
33.8478,423818,flicker
33.8513,753009,flicker
33.8561,122290,flicker
33.8597,-674794,flicker
33.8641,-137427,flicker
33.8677,387484,flicker
33.8719,877231,flicker
33.8729,259,flicker
33.8762,163,flicker
33.8782,-626624,flicker
33.8800,-103579,flicker
33.8841,376960,flicker
33.8882,916183,flicker
33.8926,320,flicker
33.8973,-692439,flicker
33.9007,-158230,flicker
33.9070,321208,flicker
33.9091,803325,flicker
33.9140,662,flicker
33.9172,-733598,flicker
33.9221,-173302,flicker
33.9267,301252,flicker
33.9299,886108,flicker
33.9346,4858,flicker
33.9391,-737933,flicker
33.9427,-173950,flicker
33.9484,269023,flicker
33.9508,823681,flicker
33.9552,2,flicker
33.9591,-775376,flicker
33.9626,-201642,flicker
33.9672,239705,flicker
33.9705,917426,flicker
33.9747,666947,flicker
33.9790,-771057,flicker
33.9824,-203177,flicker
33.9865,209610,flicker
33.9907,793401,flicker
33.9956,646338,flicker
33.9967,-,flicker
33.9988,837002,flicker
34.0004,-25,flicker
34.0029,1494,flicker
34.0041,16924,flicker
34.0069,9,flicker
34.0071,794765,flicker
34.0117,718030,flicker
34.0155,-829199,flicker
34.0192,-234198,flicker
34.0234,167969,flicker
34.0283,803080,flicker
34.0316,761215,flicker
34.0356,-826306,flicker
34.0399,-247735,flicker
34.0446,149275,flicker
34.0486,796803,flicker
34.0520,840846,flicker
34.0565,-787179,flicker
34.0609,-263257,flicker
34.0646,126484,flicker
34.0684,800908,flicker
34.0731,828678,flicker
34.0777,-780243,flicker
34.0808,-275749,flicker
34.0848,108965,flicker
34.0895,780837,flicker
34.0958,852308,flicker
34.0971,-735950,flicker
34.1012,-260851,flicker
34.1053,103500,flicker
34.1104,833019,flicker
34.1143,915217,flicker
34.1176,-688962,flicker
34.1192,-,flicker
34.1217,251493,flicker
34.1286,8179,flicker
34.1301,9309,flicker
34.1319,86982,flicker
34.1339,6,flicker
34.1340,-674487,flicker
34.1381,-324785,flicker
34.1436,46494,flicker
34.1473,807584,flicker
34.1503,953095,flicker
34.1545,-599500,flicker
34.1588,293363,flicker
34.1629,44011,flicker
34.1670,793375,flicker
34.1709,903775,flicker
34.1768,518,rest
34.1801,-384439,rest
34.1839,10654,rest
34.1873,758689,rest
34.1919,922247,rest
34.1954,-504093,rest
34.2027,-345982,rest
34.2043,13618,rest
34.2081,756,rest
34.2129,935027,rest
34.2181,-437423,rest
34.2202,-445499,rest
34.2261,305,rest
34.2285,680296,rest
34.2328,946921,rest
34.2374,-366260,rest
34.2405,-440351,rest
34.2468,-36080,rest
34.2486,633489,rest
34.2528,877551,rest
34.2544,-32,rest
34.2569,4395,rest
34.2587,-54646,rest
34.2610,6,rest
34.2619,-75941,rest
34.2655,574324,rest
34.2691,846890,rest
34.2734,-245080,rest
34.2777,-527169,rest
34.2814,-72263,rest
34.2855,555327,rest
34.2899,1015329,rest
34.2947,-123068,rest
34.2978,-555492,rest
34.3018,-92699,rest
34.3063,493843,rest
34.3112,796642,rest
34.3142,-115691,rest
34.3182,-676259,rest
34.3230,-138249,rest
34.3273,455895,rest
34.3308,889578,rest
34.3346,8841,rest
34.3388,-627925,rest
34.3453,-114021,rest
34.3469,438871,rest
34.3510,822380,rest
34.3551,66321,rest
34.3608,670012,rest
34.3647,-142298,rest
34.3674,403965,rest
34.3716,866468,rest
34.3784,175230,rest
34.3801,-670922,rest
34.3813,-13,rest
34.3838,8329,rest
34.3851,38349,rest
34.3879,4,rest
34.3880,877762,rest
34.3937,4568,rest
34.3987,-671088,rest
34.4008,-155382,rest
34.4043,349673,rest
34.4091,848599,rest
34.4125,311235,rest
34.4166,-701232,rest
34.4209,-159298,rest
34.4249,5,rest
34.4290,875356,rest
34.4343,411218,rest
34.4383,-723848,rest
34.4415,-174602,rest
34.4461,299842,rest
34.4508,863902,rest
34.4534,482232,rest
34.4595,48,rest
34.4619,-188424,rest
34.4684,273472,rest
34.4701,895259,rest
34.4740,581787,rest
34.4789,-740792,rest
34.4821,-182268,rest
34.4862,253089,rest
34.4904,896903,rest
34.4946,638168,rest
34.4985,-781907,rest
34.4998,-,rest
34.5026,224053,rest
34.5067,218955,rest
34.5070,80,rest
34.5113,6739,rest
34.5140,65775,rest
34.5148,5,rest
34.5164,-820339,rest
34.5190,-232159,rest
34.5232,202528,rest
34.5282,837847,rest
34.5312,744114,rest
34.5353,-809932,rest
34.5397,-232009,rest
34.5440,190373,rest
34.5476,798917,rest
34.5517,779195,rest
34.5562,-803209,rest
34.5611,-255738,rest
34.5651,170199,rest
34.5682,861212,rest
34.5725,865557,rest
34.5774,-758069,rest
34.5819,-224457,rest
34.5845,157087,rest
34.5886,833318,rest
34.5952,873700,rest
34.5970,-747739,rest
34.6009,-271781,rest
34.6049,130198,rest
34.6099,847164,rest
34.6133,892227,rest
34.6173,-709479,rest
34.6214,-214039,rest
34.6272,1405,rest
34.6303,864779,rest
34.6337,911406,rest
34.6354,-6,rest
34.6378,80100,rest
34.6392,-2604,rest
34.6420,5,rest
34.6478,826765,rest
34.6514,907625,rest
34.6553,-654675,rest
34.6602,-29,rest
34.6628,68094,rest
34.6680,818800,rest
34.6708,907866,rest
34.6747,-603185,rest
34.6792,-283670,rest
34.6828,64422,rest
34.6869,807161,rest
34.6915,89970,rest
34.6964,-548871,rest
34.7005,-322884,rest
34.7033,52567,rest
34.7094,792232,rest
34.7116,909958,rest
34.7168,-484944,rest
34.7197,-308460,rest
34.7238,52725,rest
34.7296,778237,rest
34.7320,946055,rest
34.7360,-410579,rest
34.7402,-363161,rest
34.7447,30491,rest
34.7484,726362,rest
34.7524,871294,rest
34.7534,-,rest
34.7570,364145,rest
34.7581,-,rest
34.7622,423481,rest
34.7644,616,rest
34.7647,3,rest
34.7659,6885,rest
34.7688,72,rest
34.7704,931514,rest
34.7734,-271277,rest
34.7779,-453189,rest
34.7811,-6492,rest
34.7852,636562,rest
34.7901,861319,rest
34.7944,-219557,rest
34.7980,-504085,rest
34.8016,-28055,rest
34.8062,604026,rest
34.8107,947260,rest
34.8149,-108940,rest
34.8180,-535520,rest
34.8222,-37863,rest
34.8276,562170,rest
34.8315,917846,rest
34.8344,-38296,rest
34.8385,-577243,rest
34.8431,-54766,rest
34.8466,519591,rest
34.8507,813861,rest
34.8548,10828,rest
34.8605,59583,rest
34.8639,-73029,rest
34.8674,494908,rest
34.8712,887281,rest
34.8774,2,rest
34.8811,-573065,rest
34.8830,-,rest
34.8842,64860,rest
34.8876,463336,rest
34.8890,8,rest
34.8920,52952,rest
34.8943,1758,rest
34.8958,41,rest
34.8971,-616483,rest
34.8999,-85112,rest
34.9039,438167,rest
34.9088,33317,rest
34.9128,258550,rest
34.9167,-644005,rest
34.9204,-106008,rest
34.9259,092,rest
34.9326,886468,rest
34.9331,360008,rest
34.9367,-650889,rest
34.9421,94,rest
34.9472,389715,rest
34.9525,935139,rest
34.9531,467938,rest
34.9576,-48,rest
34.9646,-93883,rest
34.9662,363980,rest
34.9731,862330,rest
34.9740,512048,rest
34.9790,-702343,rest
34.9821,-134324,rest
34.9859,327313,rest
34.9900,892834,rest
34.9954,597110,rest
34.9982,-701929,rest
35.0022,-134693,rest
35.0065,306678,rest
35.0110,920621,rest
35.0151,680226,rest
35.0163,-,rest
35.0187,730617,rest
35.0202,-147,rest
35.0231,977,rest
35.0247,276034,rest
35.0282,873489,rest
35.0314,714908,rest
35.0351,-764343,rest
35.0397,-168377,rest
35.0438,243824,rest
35.0476,878680,rest
35.0514,783770,rest
35.0559,-767332,rest
35.0614,114,rest
35.0646,232808,rest
35.0688,884464,rest
35.0745,838054,rest
35.0768,-765834,rest
35.0801,-196985,rest
35.0845,202159,rest
35.0883,844950,rest
35.0927,587,rest
35.0974,-759248,rest
35.1009,-237217,rest
35.1047,173345,rest
35.1108,37,rest
35.1131,878000,rest
35.1176,-730360,rest
35.1218,-193374,rest
35.1260,174692,rest
35.1311,7,rest
35.1350,876335,rest
35.1385,-708008,rest
35.1408,-,rest
35.1445,225815,rest
35.1457,147570,rest
35.1468,877,rest
35.1501,006,rest
35.1512,93376,rest
35.1538,7,rest
35.1541,-657300,rest
35.1582,2425,rest
35.1628,130709,rest
35.1666,871504,rest
35.1706,912448,rest
35.1746,-628709,rest
35.1800,-241745,rest
35.1840,119189,rest
35.1866,856364,rest
35.1927,93881,rest
35.1969,-587662,rest
35.2015,-276888,rest
35.2034,82795,rest
35.2071,843513,rest
35.2113,961103,rest
35.2153,-535007,rest
35.2193,-253922,rest
35.2235,83212,rest
35.2294,819906,rest
35.2316,925593,rest
35.2357,-498802,rest
35.2400,-311841,rest
35.2449,55061,rest
35.2481,787158,rest
35.2521,920027,rest
35.2564,-430277,rest
35.2616,-376217,rest
35.2644,34019,rest
35.2685,748674,rest
35.2730,926071,rest
35.2741,-35,rest
35.2769,3274,rest
35.2781,-41663,rest
35.2808,8,rest
35.2809,18099,rest
35.2849,708521,rest
35.2895,899642,rest
35.2936,-286126,rest
35.2972,-462566,rest
35.3012,3048,rest
35.3054,672953,rest
35.3101,936211,rest
35.3136,-197221,rest
35.3177,-472869,rest
35.3217,791,rest
35.3271,625038,rest
35.3306,886100,rest
35.3340,-145911,rest
35.3381,-520185,rest
35.3437,21249,rest
35.3471,586863,rest
35.3505,941434,rest
35.3545,-43663,rest
35.3589,55,rest
35.3636,-34296,rest
35.3693,554989,rest
35.3710,894615,rest
35.3769,89,rest
35.3810,-570279,rest
35.3832,-44663,rest
35.3874,525873,rest
35.3923,37,rest
35.3966,129001,rest
35.3994,-,rest
35.3996,583755,rest
35.4010,-58,rest
35.4036,811,rest
35.4054,48025,rest
35.4095,346,rest
35.4135,199212,rest
35.4168,-603674,rest
35.4205,-79427,rest
35.4253,433800,rest
35.4287,861666,rest
35.4330,252182,rest
35.4371,-621065,rest
35.4407,-93541,rest
35.4467,409234,rest
35.4487,872659,rest
35.4529,319761,rest
35.4575,-659206,rest
35.4620,-110724,rest
35.4651,373588,rest
35.4692,837322,rest
35.4734,382547,rest
35.4791,-696102,rest
35.4816,-136840,rest
35.4856,353000,rest
35.4899,948748,rest
35.4945,519577,rest
35.4980,-664722,rest
35.5020,-104723,rest
35.5066,333221,rest
35.5110,879560,rest
35.5143,555153,rest
35.5183,-725148,rest
35.5230,-160553,rest
35.5274,289836,rest
35.5294,8,rest
35.5306,57467,rest
35.5317,6162,rest
35.5347,28,rest
35.5362,-740652,rest
35.5395,-160850,rest
35.5448,273951,rest
35.5471,898624,rest
35.5511,711892,rest
35.5556,-752853,rest
35.5613,1652,rest
35.5640,245114,rest
35.5677,861942,rest
35.5730,746728,rest
35.5762,-781286,rest
35.5811,-197596,rest
35.5844,213149,rest
35.5880,851036,rest
35.5932,02,rest
35.5975,-780830,rest
35.6014,-204405,rest
35.6044,193043,rest
35.6103,282,rest
35.6141,804189,rest
35.6180,-787272,rest
35.6208,-178690,rest
35.6251,7313,rest
35.6304,846235,rest
35.6337,833577,rest
35.6373,-758113,rest
35.6436,-218560,rest
35.6453,153810,rest
35.6501,850213,rest
35.6538,869609,rest
35.6552,-7,rest
35.6595,21-12,rest
35.6622,20,rest
35.6642,146056,rest
35.6665,857702,rest
35.6699,879032,rest
35.6740,-691823,rest
35.6795,-247082,rest
35.6822,118327,rest
35.6863,852887,rest
35.6905,909150,rest
35.6957,-642479,rest
35.6986,-269700,rest
35.7027,101015,rest
35.7068,876787,rest
35.7113,979087,rest
35.7150,-575386,rest
35.7190,-191614,rest
35.7233,106073,rest
35.7276,830598,rest
35.7314,893932,rest
35.7354,-569995,rest
35.7399,-275373,rest
35.7449,69532,rest
35.7481,795132,rest
35.7518,894993,rest
35.7564,-521542,rest
35.7606,-306599,rest
35.7642,54975,rest
35.7683,772674,rest
35.7728,879828,rest
35.7771,-458381,rest
35.7786,-,rest
35.7806,361966,rest
35.7819,2,rest
35.7846,6476,rest
35.7863,731,rest
35.7888,644,rest
35.7907,873977,rest
35.7932,-394894,rest
35.7974,-405297,rest
35.8011,16390,rest
35.8050,704752,rest
35.8093,166,rest
35.8144,-307897,rest
35.8178,-460401,rest
35.8234,-9612,rest
35.8258,657308,rest
35.8310,893110,rest
35.8341,-233752,rest
35.8378,-468042,rest
35.8422,52,rest
35.8464,620476,rest
35.8524,846065,rest
35.8547,-180960,rest
35.8587,54,rest
35.8627,-36181,rest
35.8694,579073,rest
35.8708,846115,rest
35.8749,83,rest
35.8801,-534544,rest
35.8832,-23539,rest
35.8873,566147,rest
35.8917,908769,rest
35.8960,18578,rest
35.8996,-543705,rest
35.9034,-30656,rest
35.9075,531846,rest
35.9127,887075,rest
35.9136,9748,rest
35.9157,9,rest
35.9171,-585737,rest
35.9199,-59307,rest
35.9240,492771,rest
35.9282,860898,rest
35.9321,166001,rest
35.9362,-592703,rest
35.9408,-68155,rest
35.9452,462178,rest
35.9489,910517,rest
35.9526,262933,rest
35.9568,-597541,rest
35.9616,-72539,rest
35.9649,428763,rest
35.9689,896870,rest
35.9734,321678,rest
35.9776,-625686,rest
35.9818,-91582,rest
35.9852,399538,rest
35.9899,922051,rest
35.9941,413262,rest
35.9976,-650475,rest
36.0017,-101809,rest
36.0064,366186,rest
36.0112,973539,rest
36.0141,507397,rest
36.0181,-672998,rest
36.0226,-123410,rest
36.0280,319445,rest
36.0311,832808,rest
36.0344,511019,rest
36.0354,-,rest
36.0386,734598,rest
36.0399,-16,rest
36.0431,7202,rest
36.0445,28311,rest
36.0467,4,rest
36.0468,931530,rest
36.0508,635312,rest
36.0550,-714226,rest
36.0599,-150201,rest
36.0631,266075,rest
36.0672,923914,rest
36.0713,704666,rest
36.0772,76983,rest
36.0799,-184909,rest
36.0838,214689,rest
36.0901,905817,rest
36.0923,762143,rest
36.0967,-808322,rest
36.1001,-223835,rest
36.1041,170092,rest
36.1110,56,rest
36.1127,11031,rest
36.1178,-847414,rest
36.1205,-256689,rest
36.1247,140561,rest
36.1290,814883,rest
36.1327,802445,rest
36.1368,-819752,rest
36.1414,-2463,rest
36.1455,123031,rest
36.1521,805189,rest
36.1539,793748,rest
36.1575,-815593,rest
36.1590,-,rest
36.1625,252436,rest
36.1656,105003,rest
36.1665,81,rest
36.1696,0248,rest
36.1710,81205,rest
36.1737,7,rest
36.1739,-784496,rest
36.1792,-291728,rest
36.1818,86473,rest
36.1860,810147,rest
36.1901,877295,rest
36.1945,-734778,rest
36.1987,-296885,rest
36.2023,64121,rest
36.2066,802776,rest
36.2112,857814,rest
36.2147,-703705,rest
36.2187,-281945,rest
36.2232,64669,rest
36.2272,805928,rest
36.2311,917857,rest
36.2351,-649844,rest
36.2397,-262793,rest
36.2434,37084,rest
36.2478,766737,rest
36.2515,925692,rest
36.2557,-616362,rest
36.2604,-332890,rest
36.2643,-4852,rest
36.2679,736741,rest
36.2721,858255,rest
36.2764,509,rest
36.2803,-327931,rest
36.2847,-4224,rest
36.2894,709718,rest
36.2931,886679,rest
36.2943,-51,rest
36.2977,4509,rest
36.3007,-428295,rest
36.3008,-44737,rest
36.3048,664737,rest
36.3100,840551,rest
36.3141,-462101,rest
36.3171,-457581,rest
36.3212,-51068,rest
36.3267,631752,rest
36.3307,906033,rest
36.3335,-379243,rest
36.3376,-492171,rest
36.3435,714,rest
36.3469,579164,rest
36.3500,857485,rest
36.3565,-309115,rest
36.3594,-541928,rest
36.3624,-88053,rest
36.3669,544503,rest
36.3706,816022,rest
36.3746,-249343,rest
36.3800,-582708,rest
36.3826,-103456,rest
36.3867,509309,rest
36.3914,8495,rest
36.3959,-160592,rest
36.3993,-599444,rest
36.4048,-99187,rest
36.4086,479958,rest
36.4113,803480,rest
36.4129,-,rest
36.4156,81196,rest
36.4174,-,rest
36.4195,637240,rest
36.4204,-1,rest
36.4236,09960,rest
36.4249,4600,rest
36.4281,64,rest
36.4302,840125,rest
36.4318,15808,rest
36.4358,-616789,rest
36.4402,-110387,rest
36.4450,433021,rest
36.4482,845506,rest
36.4522,106113,rest
36.4569,-631964,rest
36.4614,-118517,rest
36.4647,403121,rest
36.4686,883867,rest
36.4732,199076,rest
36.4781,-670179,rest
36.4814,-144734,rest
36.4850,364645,rest
36.4895,837955,rest
36.4934,250645,rest
36.4972,-675507,rest
36.5014,-147652,rest
36.5059,337677,rest
36.5102,862682,rest
36.5137,336665,rest
36.5177,-713624,rest
36.5223,-164655,rest
36.5268,313805,rest
36.5301,889768,rest
36.5341,437654,rest
36.5383,-723034,rest
36.5398,-,rest
36.5447,163824,rest
36.5471,283516,rest
36.5488,8,rest
36.5505,53931,rest
36.5518,4876,rest
36.5546,97,rest
36.5564,-759194,rest
36.5603,-191148,rest
36.5636,252503,rest
36.5669,840695,rest
36.5711,557298,rest
36.5753,77599,rest
36.5802,-193903,rest
36.5842,233198,rest
36.5879,848931,rest
36.5930,628430,rest
36.5970,0294,rest
36.6025,-216582,rest
36.6069,204560,rest
36.6092,782877,rest
36.6122,649339,rest
36.6176,-826777,rest
36.6201,-226329,rest
36.6246,129,rest
36.6288,832618,rest
36.6342,762047,rest
36.6366,-809160,rest
36.6410,-170961,rest
36.6460,197365,rest
36.6488,884027,rest
36.6529,822999,rest
36.6571,-791306,rest
36.6616,-201690,rest
36.6653,158456,rest
36.6693,895787,rest
36.6735,887189,rest
36.6745,-7,rest
36.6798,73632,rest
36.6814,-2392,rest
36.6816,18,rest
36.6829,122006,rest
36.6857,782277,rest
36.6904,781208,rest
36.6949,-786488,rest
36.6989,-311266,rest
36.7020,88852,rest
36.7067,841750,rest
36.7113,900912,rest
36.7166,-716802,rest
36.7192,-260850,rest
36.7231,92766,rest
36.7277,817597,rest
36.7337,871648,rest
36.7362,-694750,rest
36.7392,-286227,rest
36.7436,68392,rest
36.7480,804417,rest
36.7554,888398,rest
36.7565,-659127,rest
36.7600,-260015,rest
36.7642,63448,rest
36.7684,791596,rest
36.7719,865647,rest
36.7762,91,rest
36.7814,-324967,rest
36.7863,31165,rest
36.7914,761501,rest
36.7939,851964,rest
36.7967,-573026,rest
36.7977,-,rest
36.8014,322763,rest
36.8035,3,rest
36.8045,3950,rest
36.8056,765,rest
36.8088,8,rest
36.8101,968,rest
36.8136,-461139,rest
36.8170,-352073,rest
36.8230,15035,rest
36.8254,720821,rest
36.8292,050,rest
36.8348,-443888,rest
36.8390,-482325,rest
36.8417,-30433,rest
36.8462,673773,rest
36.8496,828384,rest
36.8536,-372095,rest
36.8587,-478,rest
36.8628,-20914,rest
36.8664,657416,rest
36.8700,949635,rest
36.8743,-253317,rest
36.8795,-471004,rest
36.8823,-14280,rest
36.8864,611731,rest
36.8907,795844,rest
36.8955,-220732,rest
36.8988,-526625,rest
36.9028,-32839,rest
36.9069,589086,rest
36.9121,921758,rest
36.9150,-99995,rest
36.9191,-546912,rest
36.9233,-37574,rest
36.9285,557063,rest
36.9315,872507,rest
36.9326,-2976,rest
36.9355,0,rest
36.9371,-565562,rest
36.9398,-49424,rest
36.9441,525559,rest
36.9479,905230,rest
36.9520,62688,rest
36.9566,-565310,rest
36.9609,-49168,rest
36.9647,496727,rest
36.9683,846634,rest
36.9727,132530,rest
36.9773,-582177,rest
36.9820,-64586,rest
36.9847,466636,rest
36.9893,886478,rest
36.9935,220431,rest
36.9973,-612093,rest
37.0011,-90782,rest
37.0052,420361,rest
37.0102,924280,rest
37.0141,311415,rest
37.0174,-599534,rest
37.0216,-69051,rest
37.0267,399584,rest
37.0312,911609,rest
37.0338,388924,rest
37.0381,-649378,rest
37.0425,103,rest
37.0465,364171,rest
37.0514,873819,rest
37.0547,432948,rest
37.0549,-,rest
37.0588,679447,rest
37.0601,-127,rest
37.0630,587,rest
37.0650,327600,rest
37.0667,903679,rest
37.0708,522349,rest
37.0751,23,rest
37.0804,-155540,rest
37.0833,293597,rest
37.0873,848376,rest
37.0914,566237,rest
37.0965,-735400,rest
37.1008,196,rest
37.1039,272244,rest
37.1088,885404,rest
37.1119,645143,rest
37.1158,-759157,rest
37.1205,-164714,rest
37.1241,252471,rest
37.1289,861708,rest
37.1335,700864,rest
37.1362,-783722,rest
37.1405,-174024,rest
37.1459,225391,rest
37.1486,856319,rest
37.1526,736726,rest
37.1569,-802333,rest
37.1617,-180093,rest
37.1649,199938,rest
37.1690,843323,rest
37.1736,774524,rest
37.1786,-794081,rest
37.1799,-,rest
37.1813,188925,rest
37.1854,185880,rest
37.1866,865,rest
37.1899,779,rest
37.1918,84096,rest
37.1936,4,rest
37.1943,-763949,rest
37.1978,-205099,rest
37.2017,156323,rest
37.2062,854326,rest
37.2108,861676,rest
37.2162,-742578,rest
37.2182,-222446,rest
37.2226,137830,rest
37.2266,860038,rest
37.2312,853833,rest
37.2346,-722559,rest
37.2387,-234486,rest
37.2431,122818,rest
37.2469,841133,rest
37.2509,892143,rest
37.2551,-683643,rest
37.2597,-222598,rest
37.2632,116459,rest
37.2673,854842,rest
37.2714,905553,rest
37.2758,64243,rest
37.2803,-208442,rest
37.2851,87952,rest
37.2883,803971,rest
37.2920,44389,rest
37.2964,-622446,rest
37.3018,-260731,rest
37.3046,62974,rest
37.3101,911,rest
37.3138,903157,rest
37.3157,-55,rest
37.3168,8876,rest
37.3181,-29967,rest
37.3206,3,rest
37.3207,33764,rest
37.3257,6405,rest
37.3302,876365,rest
37.3346,-508672,rest
37.3373,-365405,rest
37.3413,18692,rest
37.3453,737472,rest
37.3492,879394,rest
37.3534,-439694,rest
37.3576,-398166,rest
37.3624,15049,rest
37.3657,700575,rest
37.3696,865346,rest
37.3739,-368387,rest
37.3792,-439005,rest
37.3820,-9759,rest
37.3861,656186,rest
37.3903,857600,rest
37.3959,-286844,rest
37.3984,-459620,rest
37.4024,-7873,rest
37.4067,640490,rest
37.4121,867493,rest
37.4148,-214658,rest
37.4188,-515949,rest
37.4234,-28130,rest
37.4278,596130,rest
37.4311,810256,rest
37.4324,-,rest
37.4353,144386,rest
37.4369,-,rest
37.4399,523295,rest
37.4411,-25,rest
37.4440,023,rest
37.4464,5712,rest
37.4481,16,rest
37.4494,938407,rest
37.4516,-5091,rest
37.4564,-518220,rest
37.4611,-24360,rest
37.4644,541406,rest
37.4680,870356,rest
37.4721,55312,rest
37.4769,-572888,rest
37.4816,-52437,rest
37.4844,503093,rest
37.4885,876872,rest
37.4941,341,rest
37.4969,-589858,rest
37.5016,-66474,rest
37.5084,471879,rest
37.5098,865023,rest
37.5140,203770,rest
37.5185,57915,rest
37.5246,-60209,rest
37.5257,443445,rest
37.5310,867865,rest
37.5339,282731,rest
37.5406,-630402,rest
37.5417,-86920,rest
37.5465,405748,rest
37.5500,856559,rest
37.5541,347370,rest
37.5584,-,rest
37.5636,96848,rest
37.5667,385843,rest
37.5679,8,rest
37.5704,66503,rest
37.5721,4341,rest
37.5767,-65,rest
37.5798,-86710,rest
37.5847,368359,rest
37.5881,872950,rest
37.5913,521732,rest
37.5959,600,rest
37.6011,-97035,rest
37.6035,346974,rest
37.6078,958258,rest
37.6117,647387,rest
37.6155,-678855,rest
37.6201,-104228,rest
37.6240,313674,rest
37.6290,852702,rest
37.6325,624141,rest
37.6360,-755802,rest
37.6406,-149452,rest
37.6445,275452,rest
37.6489,885412,rest
37.6523,719208,rest
37.6574,-759784,rest
37.6621,-122605,rest
37.6646,262070,rest
37.6687,870833,rest
37.6736,742481,rest
37.6781,-780311,rest
37.6816,-150762,rest
37.6851,234604,rest
37.6899,859019,rest
37.6938,794570,rest
37.6956,-7,rest
37.6974,66748,rest
37.6986,-1652,rest
37.7014,22,rest
37.7031,216782,rest
37.7063,869251,rest
37.7104,844727,rest
37.7150,-749777,rest
37.7180,-203173,rest
37.7220,191030,rest
37.7266,867285,rest
37.7308,842626,rest
37.7343,-725537,rest
37.7384,-179035,rest
37.7427,8144,rest
37.7467,911734,rest
37.7517,913631,rest
37.7563,-678698,rest
37.7592,-170117,rest
37.7642,163666,rest
37.7674,92,rest
37.7720,919924,rest
37.7769,-649296,rest
37.7798,-195545,rest
37.7836,140959,rest
37.7884,873316,rest
37.7928,896828,rest
37.7975,368,rest
37.8003,-209723,rest
37.8070,111191,rest
37.8092,841201,rest
37.8135,851,rest
37.8171,-593747,rest
37.8188,-,rest
37.8205,264462,rest
37.8230,8,rest
37.8249,1342,rest
37.8266,808,rest
37.8288,97,rest
37.8309,9,rest
37.8342,-540754,rest
37.8366,-275791,rest
37.8410,72437,rest
37.8456,795933,rest
37.8489,883198,rest
37.8530,-484628,rest
37.8576,-332701,rest
37.8619,51553,rest
37.8657,776604,rest
37.8694,895287,rest
37.8737,-409017,rest
37.8795,-358120,rest
37.8817,53223,rest
37.8858,752013,rest
37.8901,958236,rest
37.8944,-315252,rest
37.8982,-393008,rest
37.9021,38884,rest
37.9073,706189,rest
37.9111,855868,rest
37.9165,-279168,rest
37.9186,-442184,rest
37.9233,15158,rest
37.9273,661893,rest
37.9309,879844,rest
37.9349,-192864,rest
37.9393,-465496,rest
37.9431,9156,rest
37.9472,626229,rest
37.9513,842632,rest
37.9528,-121,rest
37.9559,393,rest
37.9577,-486146,rest
37.9602,7741,rest
37.9637,599998,rest
37.9677,889596,rest
37.9718,-25767,rest
37.9768,-516702,rest
37.9800,-5543,rest
37.9841,570353,rest
37.9882,876698,rest
37.9939,686,rest
37.9981,-535928,rest
38.0012,-26288,rest
38.0046,536918,rest
38.0094,866714,rest
38.0127,124457,rest
38.0168,-546612,rest
38.0210,-30311,rest
38.0252,9795,rest
38.0294,892490,rest
38.0349,213553,rest
38.0403,-586339,rest
38.0426,-55099,rest
38.0456,460930,rest
38.0505,846188,rest
38.0537,269552,rest
38.0594,6080,rest
38.0633,-75373,rest
38.0671,431811,rest
38.0718,909859,rest
38.0742,373791,rest
38.0758,-,rest
38.0797,605959,rest
38.0809,-630,rest
38.0824,09,rest
38.0840,41381,rest
38.0865,2,rest
38.0866,900442,rest
38.0908,445666,rest
38.0958,-654084,rest
38.0988,-100784,rest
38.1028,370612,rest
38.1070,877722,rest
38.1113,511281,rest
38.1152,-684479,rest
38.1192,-110833,rest
38.1233,347027,rest
38.1280,888230,rest
38.1316,576808,rest
38.1356,-706829,rest
38.1400,-120014,rest
38.1446,326673,rest
38.1479,875431,rest
38.1520,640114,rest
38.1567,-717343,rest
38.1608,-108778,rest
38.1643,309121,rest
38.1684,933825,rest
38.1730,732277,rest
38.1774,-741904,rest
38.1809,-138340,rest
38.1848,274915,rest
38.1898,923067,rest
38.1934,788256,rest
38.1975,-754326,rest
38.1980,-,rest
38.2011,137259,rest
38.2057,250874,rest
38.2071,85,rest
38.2100,2157,rest
38.2120,77343,rest
38.2134,4,rest
38.2135,-778840,rest
38.2175,-218130,rest
38.2217,208901,rest
38.2262,873944,rest
38.2302,839040,rest
38.2339,-740406,rest
38.2380,-144392,rest
38.2439,163,rest
38.2472,918520,rest
38.2513,883779,rest
38.2577,-727269,rest
38.2604,-190789,rest
38.2628,176943,rest
38.2673,871510,rest
38.2733,848606,rest
38.2752,-703034,rest
38.2801,-187998,rest
38.2831,170328,rest
38.2875,913720,rest
38.2915,341,rest
38.2992,-651490,rest
38.2996,-177286,rest
38.3060,152701,rest
38.3085,887424,rest
38.3120,37,rest
38.3169,-617146,rest
38.3205,-236352,rest
38.3263,109399,rest
38.3282,847750,rest
38.3341,027,rest
38.3377,052,rest
38.3407,-25512,rest
38.3410,8,rest
38.3421,88829,rest
38.3462,809931,rest
38.3488,844725,rest
38.3527,-552882,rest
38.3574,-272264,rest
38.3614,80913,rest
38.3657,804720,rest
38.3691,889122,rest
38.3733,-474448,rest
38.3779,-333310,rest
38.3825,69575,rest
38.3855,786006,rest
38.3897,878342,rest
38.3942,-407745,rest
38.3978,-382412,rest
38.4018,49700,rest
38.4064,759357,rest
38.4106,904979,rest
38.4142,-321739,rest
38.4182,-390707,rest
38.4229,53283,rest
38.4269,729737,rest
38.4305,894149,rest
38.4346,-241461,rest
38.4388,-448556,rest
38.4433,26991,rest
38.4476,686441,rest
38.4510,888252,rest
38.4521,-,rest
38.4552,167075,rest
38.4566,-,rest
38.4602,414214,rest
38.4626,439,rest
38.4632,11,rest
38.4648,66019,rest
38.4673,1,rest
38.4674,887116,rest
38.4714,-93353,rest
38.4758,4990,rest
38.4807,20801,rest
38.4842,618323,rest
38.4897,849303,rest
38.4931,-7803,rest
38.4969,-530994,rest
38.5014,32,rest
38.5064,597724,rest
38.5084,905225,rest
38.5134,96416,rest
38.5167,-503689,rest
38.5226,14085,rest
38.5261,573370,rest
38.5288,860193,rest
38.5336,156494,rest
38.5370,-519388,rest
38.5425,0,rest
38.5467,542269,rest
38.5534,887196,rest
38.5539,247141,rest
38.5577,-525127,rest
38.5620,705,rest
38.5657,512061,rest
38.5698,907778,rest
38.5740,322619,rest
38.5795,-526419,rest
38.5808,-,rest
38.5820,1179,rest
38.5862,486729,rest
38.5875,92,rest
38.5903,9385,rest
38.5921,40037,rest
38.5947,8,rest
38.5964,-580485,rest
38.5985,-41671,rest
38.6025,438888,rest
38.6067,986132,rest
38.6114,501484,rest
38.6153,-602687,rest
38.6189,-62161,rest
38.6231,390551,rest
38.6283,875427,rest
38.6312,512074,rest
38.6353,-674237,rest
38.6400,-99428,rest
38.6441,353476,rest
38.6483,887940,rest
38.6517,593053,rest
38.6564,-691339,rest
38.6605,-102016,rest
38.6640,322240,rest
38.6680,898005,rest
38.6730,654054,rest
38.6773,-726315,rest
38.6804,-111928,rest
38.6844,295054,rest
38.6888,911641,rest
38.6939,710532,rest
38.6968,-747178,rest
38.7008,-142529,rest
38.7049,264243,rest
38.7100,882974,rest
38.7134,753209,rest
38.7142,-7,rest
38.7173,72004,rest
38.7188,-1621,rest
38.7213,06,rest
38.7225,237012,rest
38.7262,867117,rest
38.7296,800437,rest
38.7336,-769039,rest
38.7378,-164640,rest
38.7431,15914,rest
38.7466,911939,rest
38.7504,877795,rest
38.7550,-738499,rest
38.7582,-171584,rest
38.7629,188377,rest
38.7664,867782,rest
38.7706,844952,rest
38.7749,776,rest
38.7793,-213075,rest
38.7837,157035,rest
38.7879,892608,rest
38.7927,880802,rest
38.7953,70824,rest
38.8000,-217153,rest
38.8067,136639,rest
38.8081,854352,rest
38.8122,888177,rest
38.8157,61,rest
38.8206,-242376,rest
38.8248,110072,rest
38.8280,835866,rest
38.8326,884071,rest
38.8342,-,rest
38.8365,653707,rest
38.8378,-,rest
38.8408,281843,rest
38.8421,79,rest
38.8444,183,rest
38.8458,8219,rest
38.8483,96,rest
38.8497,916021,rest
38.8524,-593181,rest
38.8588,-69,rest
38.8610,72973,rest
38.8662,798635,rest
38.8688,889881,rest
38.8749,-567120,rest
38.8776,-346864,rest
38.8822,50911,rest
38.8851,777384,rest
38.8895,948950,rest
38.8941,-474488,rest
38.8975,-352199,rest
38.9015,36773,rest
38.9064,756784,rest
38.9106,899729,rest
38.9138,-419362,rest
38.9179,-388519,rest
38.9224,26474,rest
38.9270,715638,rest
38.9302,885143,rest
38.9343,-350537,rest
38.9384,-443948,rest
38.9438,-960,rest
38.9466,671229,rest
38.9507,922056,rest
38.9548,-264805,rest
38.9595,-468697,rest
38.9614,-,rest
38.9630,12728,rest
38.9671,629177,rest
38.9681,9,rest
38.9712,34965,rest
38.9727,-1896,rest
38.9772,2484,rest
38.9798,-18229,rest
38.9849,586255,rest
38.9877,854124,rest
38.9919,-142514,rest
38.9974,5,rest
39.0013,-70598,rest
39.0042,538773,rest
39.0094,869359,rest
39.0131,-54505,rest
39.0165,-73,rest
39.0211,-65753,rest
39.0256,511923,rest
39.0308,843325,rest
39.0338,11324,rest
39.0370,-586037,rest
39.0416,-63338,rest
39.0449,487717,rest
39.0489,912100,rest
39.0531,134853,rest
39.0572,-602382,rest
39.0621,-86473,rest
39.0654,450127,rest
39.0695,919697,rest
39.0736,201209,rest
39.0790,-613759,rest
39.0818,-99981,rest
39.0858,400787,rest
39.0900,848544,rest
39.0946,243101,rest
39.0959,-6,rest
39.0981,64254,rest
39.0993,-1263,rest
39.1022,34,rest
39.1038,374127,rest
39.1065,918443,rest
39.1110,358364,rest
39.1153,-677983,rest
39.1186,-143014,rest
39.1229,331656,rest
39.1271,868968,rest
39.1309,401591,rest
39.1350,-707176,rest
39.1397,-160875,rest
39.1436,300114,rest
39.1476,812234,rest
39.1514,447644,rest
39.1560,-739666,rest
39.1602,-163493,rest
39.1642,276960,rest
39.1678,918411,rest
39.1721,577832,rest
39.1768,-728992,rest
39.1801,-158265,rest
39.1842,253025,rest
39.1883,865177,rest
39.1924,92437,rest
39.1973,-799351,rest
39.2017,-204512,rest
39.2052,201588,rest
39.2096,807654,rest
39.2128,640946,rest
39.2193,-840988,rest
39.2212,-235259,rest
39.2253,775,rest
39.2267,814,rest
39.2300,45,rest
39.2321,689875,rest
39.2343,-858849,rest
39.2375,-254281,rest
39.2416,151468,rest
39.2478,798151,rest
39.2501,730312,rest
39.2560,-849065,rest
39.2587,-239622,rest
39.2630,145524,rest
39.2661,821623,rest
39.2703,785827,rest
39.2757,86,rest
39.2810,-262941,rest
39.2839,123055,rest
39.2876,789499,rest
39.2907,792650,rest
39.2951,-795077,rest
39.2989,-257043,rest
39.3029,108641,rest
39.3071,847699,rest
39.3123,855858,rest
39.3153,-754520,rest
39.3193,-255583,rest
39.3235,90066,rest
39.3287,789047,rest
39.3316,784416,rest
39.3357,-750241,rest
39.3399,-306313,rest
39.3452,60615,rest
39.3480,809067,rest
39.3521,887072,rest
39.3533,-67,rest
39.3565,7166,rest
39.3581,-28295,rest
39.3604,2,rest
39.3615,55135,rest
39.3644,787875,rest
39.3684,848343,rest
39.3728,-639622,rest
39.3776,-280958,rest
39.3810,48359,rest
39.3848,768740,rest
39.3897,894710,rest
39.3942,-572855,rest
39.3981,-359873,rest
39.4012,12193,rest
39.4058,746106,rest
39.4099,894817,rest
39.4136,-508321,rest
39.4176,-368049,rest
39.4217,2127,rest
39.4267,717175,rest
39.4299,855392,rest
39.4340,-450301,rest
39.4381,-433587,rest
39.4441,11678,rest
39.4464,690167,rest
39.4504,903901,rest
39.4546,-362454,rest
39.4600,48543,rest
39.4649,-28792,rest
39.4685,647400,rest
39.4733,840957,rest
39.4746,-,rest
39.4755,298392,rest
39.4771,-,rest
39.4813,7681-5,rest
39.4836,24,rest
39.4858,62526,rest
39.4876,1,rest
39.4904,902048,rest
39.4922,-206552,rest
39.4970,-5063,rest
39.5013,-39296,rest
39.5074,582763,rest
39.5088,881492,rest
39.5134,-124960,rest
39.5164,-544050,rest
39.5201,-43199,rest
39.5262,5455,rest
39.5284,845488,rest
39.5341,-49235,rest
39.5378,-564624,rest
39.5407,-55053,rest
39.5454,515545,rest
39.5487,879765,rest
39.5528,42270,rest
39.5569,-576601,rest
39.5614,-62844,rest
39.5651,486236,rest
39.5691,866305,rest
39.5734,121754,rest
39.5787,-607200,rest
39.5815,-92797,rest
39.5856,445487,rest
39.5900,832821,rest
39.5943,181114,rest
39.5983,-614147,rest
39.5993,-,rest
39.6019,89064,rest
39.6064,415371,rest
39.6085,93,rest
39.6106,2057,rest
39.6135,29344,rest
39.6142,0,rest
39.6143,-641780,rest
39.6183,-108385,rest
39.6230,383134,rest
39.6273,839405,rest
39.6311,329515,rest
39.6347,-671983,rest
39.6390,-126597,rest
39.6438,359938,rest
39.6473,932634,rest
39.6511,465800,rest
39.6553,-676867,rest
39.6601,-127045,rest
39.6647,325337,rest
39.6675,858086,rest
39.6716,494439,rest
39.6767,-719618,rest
39.6798,-151247,rest
39.6838,289446,rest
39.6880,875337,rest
39.6936,6570,rest
39.6965,-741429,rest
39.7015,-148729,rest
39.7056,258727,rest
39.7096,885481,rest
39.7127,373,rest
39.7172,-768761,rest
39.7208,-178694,rest
39.7254,227527,rest
39.7289,850645,rest
39.7335,680836,rest
39.7348,-80,rest
39.7372,5549,rest
39.7382,-19599,rest
39.7425,223,rest
39.7465,842900,rest
39.7505,746455,rest
39.7536,-823062,rest
39.7580,-2012,rest
39.7624,175188,rest
39.7673,840494,rest
39.7715,760940,rest
39.7760,-8289,rest
39.7782,-203430,rest
39.7823,157143,rest
39.7887,836511,rest
39.7914,804525,rest
39.7946,81338,rest
39.7995,-243164,rest
39.8029,121068,rest
39.8081,835365,rest
39.8129,855237,rest
39.8156,-780643,rest
39.8198,238131,rest
39.8246,98960,rest
39.8280,86,rest
39.8331,795779,rest
39.8369,-777313,rest
39.8402,-284054,rest
39.8448,6619,rest
39.8492,792168,rest
39.8530,824292,rest
39.8545,-,rest
39.8561,732599,rest
39.8574,-,rest
39.8603,302854,rest
39.8619,497,rest
39.8640,33,rest
39.8656,78940,rest
39.8681,3,rest
39.8682,867152,rest
39.8731,-672740,rest
39.8768,-277865,rest
39.8804,44794,rest
39.8846,760059,rest
39.8888,834012,rest
39.8936,-641031,rest
39.8969,-335079,rest
39.9009,21544,rest
39.9051,760264,rest
39.9100,965250,rest
39.9137,-539140,rest
39.9173,-330590,rest
39.9214,16894,rest
39.9261,735328,rest
39.9296,835945,rest
39.9337,-526358,rest
39.9378,-432407,rest
39.9421,25919,rest
39.9466,699889,rest
39.9502,900861,rest
39.9544,-433881,rest
39.9595,4392,rest
39.9646,-24128,rest
39.9674,664500,rest
39.9708,823078,rest
39.9759,38477,rest
39.9802,-477949,rest
39.9818,-,rest
39.9835,39877,rest
39.9870,632198,rest
39.9879,9,rest
39.9930,4517-8,rest
39.9952,1,rest
39.9983,-490347,rest
40.0001,-38954,rest
40.0061,583828,rest
40.0085,781772,rest
40.0122,-237016,rest
40.0159,-533794,rest
40.0197,-57351,rest
40.0239,558979,rest
40.0282,879868,rest
40.0320,-130609,rest
40.0361,-546610,rest
40.0404,-52023,rest
40.0452,531244,rest
40.0485,873812,rest
40.0525,-43343,rest
40.0568,-592829,rest
40.0617,-78874,rest
40.0648,486731,rest
40.0689,788912,rest
40.0731,14865,rest
40.0784,-594815,rest
40.0811,-81431,rest
40.0852,468469,rest
40.0895,878000,rest
40.0939,128202,rest
40.0975,-581560,rest
40.1016,-78153,rest
40.1064,434201,rest
40.1113,796994,rest
40.1139,164217,rest
40.1150,-6,rest
40.1180,40913,rest
40.1192,-1083,rest
40.1221,47,rest
40.1235,400986,rest
40.1269,855034,rest
40.1303,274983,rest
40.1344,-635791,rest
40.1387,-99336,rest
40.1433,381688,rest
40.1472,924618,rest
40.1508,379743,rest
40.1551,-681429,rest
40.1596,-137648,rest
40.1631,336211,rest
40.1672,835451,rest
40.1713,420259,rest
40.1762,-703971,rest
40.1799,-136304,rest
40.1835,323445,rest
40.1877,883809,rest
40.1923,507905,rest
40.1959,-701965,rest
40.1999,-128064,rest
40.2043,299379,rest
40.2083,6096,rest
40.2135,562409,rest
40.2169,-756389,rest
40.2231,-169569,rest
40.2253,256547,rest
40.2292,878010,rest
40.2327,633849,rest
40.2368,-785088,rest
40.2382,-,rest
40.2413,91,rest
40.2479,226805,rest
40.2494,834193,rest
40.2513,684034,rest
40.2555,-806210,rest
40.2573,-196783,rest
40.2623,209788,rest
40.2654,863650,rest
40.2695,740241,rest
40.2746,-81237,rest
40.2785,-219231,rest
40.2822,178845,rest
40.2859,859804,rest
40.2902,842685,rest
40.2956,-791174,rest
40.2983,-234529,rest
40.3023,153529,rest
40.3065,853242,rest
40.3119,836078,rest
40.3147,-796418,rest
40.3187,-216148,rest
40.3233,126087,rest
40.3286,837128,rest
40.3310,828432,rest
40.3351,-776004,rest
40.3396,-260737,rest
40.3437,106772,rest
40.3474,816289,rest
40.3515,837690,rest
40.3559,-748295,rest
40.3603,-288370,rest
40.3637,85052,rest
40.3678,809734,rest
40.3721,847832,rest
40.3734,-70,rest
40.3767,8152,rest
40.3791,-299730,rest
40.3802,77564,rest
40.3843,803393,rest
40.3884,862409,rest
40.3944,6494,rest
40.3993,-303446,rest
40.4051,59770,rest
40.4055,789934,rest
40.4091,082,rest
40.4139,-587304,rest
40.4173,-327996,rest
40.4234,52027,rest
40.4259,793567,rest
40.4294,953473,rest
40.4338,-510635,rest
40.4376,-319500,rest
40.4432,0460,rest
40.4471,767233,rest
40.4519,908823,rest
40.4564,-459773,rest
40.4580,-400698,rest
40.4626,20828,rest
40.4662,733717,rest
40.4702,997167,rest
40.4788,-413076,rest
40.4846,14994,rest
40.4875,689819,rest
40.4910,934728,rest
40.4926,-,rest
40.4955,308044,rest
40.4978,-,rest
40.4990,460339,rest
40.5002,-117,rest
40.5030,89,rest
40.5040,64103,rest
40.5071,1,rest
40.5075,925711,rest
40.5129,-234417,rest
40.5153,-489251,rest
40.5194,-27454,rest
40.5237,597490,rest
40.5284,834479,rest
40.5317,-178967,rest
40.5358,-552748,rest
40.5400,-50058,rest
40.5455,568072,rest
40.5481,887731,rest
40.5522,-82011,rest
40.5565,-532908,rest
40.5608,-32294,rest
40.5645,547987,rest
40.5686,1002709,rest
40.5729,36740,rest
40.5780,-572873,rest
40.5808,-60870,rest
40.5854,501051,rest
40.5892,915787,rest
40.5939,88026,rest
40.5972,-611548,rest
40.6013,-91697,rest
40.6060,449101,rest
40.6103,819162,rest
40.6136,138170,rest
40.6177,-637632,rest
40.6190,-,rest
40.6218,103203,rest
40.6266,423962,rest
40.6280,924,rest
40.6302,463,rest
40.6314,26494,rest
40.6341,3,rest
40.6342,-616610,rest
40.6382,-99232,rest
40.6429,402460,rest
40.6464,881161,rest
40.6505,324478,rest
40.6547,-637654,rest
40.6593,-107558,rest
40.6628,362078,rest
40.6669,962072,rest
40.6710,417460,rest
40.6764,756,rest
40.6807,-133961,rest
40.6837,323624,rest
40.6876,821974,rest
40.6932,226,rest
40.6968,-746351,rest
40.7009,-174942,rest
40.7042,276370,rest
40.7087,926,rest
40.7149,559171,rest
40.7176,-742453,rest
40.7202,-161637,rest
40.7257,622,rest
40.7299,903757,rest
40.7339,607422,rest
40.7385,-786272,rest
40.7407,-215578,rest
40.7456,211233,rest
40.7488,822203,rest
40.7529,640174,rest
40.7543,-82,rest
40.7570,8321,rest
40.7580,-22294,rest
40.7612,5,rest
40.7618,191593,rest
40.7652,888978,rest
40.7692,746787,rest
40.7735,-822073,rest
40.7780,-224629,rest
40.7815,162100,rest
40.7856,813417,rest
40.7898,723797,rest
40.7942,-856230,rest
40.7980,-242289,rest
40.8020,132568,rest
40.8066,850426,rest
40.8109,800153,rest
40.8144,-833460,rest
40.8185,-279646,rest
40.8228,102705,rest
40.8270,778690,rest
40.8307,783368,rest
40.8348,-816000,rest
40.8397,-292739,rest
40.8434,81718,rest
40.8471,847265,rest
40.8511,896705,rest
40.8558,-759148,rest
40.8600,-302863,rest
40.8635,62987,rest
40.8675,725860,rest
40.8717,728546,rest
40.8730,-,rest
40.8759,71094,rest
40.8770,-,rest
40.8804,364184,rest
40.8821,448,rest
40.8840,11,rest
40.8857,79895,rest
40.8906,8,rest
40.8910,921431,rest
40.8922,-659657,rest
40.8973,-262376,rest
40.9003,74459,rest
40.9045,792448,rest
40.9099,2,rest
40.9139,-603376,rest
40.9181,-315831,rest
40.9209,42468,rest
40.9266,77908,rest
40.9307,932047,rest
40.9341,-563488,rest
40.9375,-333891,rest
40.9415,25,rest
40.9456,752983,rest
40.9517,965667,rest
40.9539,-500612,rest
40.9578,-412493,rest
40.9620,-9203,rest
40.9658,714074,rest
40.9699,872797,rest
40.9756,414,rest
40.9796,-437946,rest
40.9838,-16645,rest
40.9876,683418,rest
40.9905,939407,rest
40.9958,-362726,rest
40.9986,-457967,rest
40.9999,-,rest
41.0027,27697,rest
41.0069,637000,rest
41.0085,92,rest
41.0121,0488,rest
41.0137,-30069,rest
41.0150,5,rest
41.0163,-505424,rest
41.0191,-46877,rest
41.0233,591671,rest
41.0279,963218,rest
41.0314,-211852,rest
41.0355,-558553,rest
41.0400,-81557,rest
41.0449,537939,rest
41.0478,947090,rest
41.0519,-141799,rest
41.0561,-576444,rest
41.0604,-85762,rest
41.0642,507341,rest
41.0683,871325,rest
41.0728,-85929,rest
41.0770,-627891,rest
41.0806,-109305,rest
41.0846,472757,rest
41.0894,869123,rest
41.0932,8108,rest
41.0970,-623618,rest
41.1010,-102992,rest
41.1052,445204,rest
41.1101,912745,rest
41.1133,102848,rest
41.1174,-615339,rest
41.1216,-112496,rest
41.1277,09,rest
41.1299,838492,rest
41.1352,157046,rest
41.1362,-6,rest
41.1379,64433,rest
41.1395,-1424,rest
41.1433,16909,rest
41.1463,888018,rest
41.1522,244602,rest
41.1574,-688625,rest
41.1585,-162513,rest
41.1632,331889,rest
41.1666,879488,rest
41.1708,321567,rest
41.1750,75,rest
41.1798,-169702,rest
41.1837,307519,rest
41.1878,810946,rest
41.1916,368752,rest
41.1952,-748523,rest
41.2006,-190054,rest
41.2034,277545,rest
41.2079,900759,rest
41.2131,512318,rest
41.2157,-743071,rest
41.2199,-173786,rest
41.2240,254717,rest
41.2284,874164,rest
41.2321,552090,rest
41.2362,-786219,rest
41.2404,-221111,rest
41.2448,219281,rest
41.2485,873908,rest
41.2526,638472,rest
41.2537,-,rest
41.2568,798977,rest
41.2569,-,rest
41.2612,217073,rest
41.2638,1,rest
41.2649,95668,rest
41.2661,8319,rest
41.2689,21,rest
41.2701,653680,rest
41.2736,-837896,rest
41.2779,-248034,rest
41.2812,167195,rest
41.2853,849918,rest
41.2898,735438,rest
41.2941,-840149,rest
41.2977,-235314,rest
41.3017,148184,rest
41.3065,824186,rest
41.3104,783060,rest
41.3140,-848895,rest
41.3181,-252193,rest
41.3228,121623,rest
41.3269,809211,rest
41.3304,802140,rest
41.3345,-834026,rest
41.3388,-279743,rest
41.3432,84334,rest
41.3468,795031,rest
41.3509,818501,rest
41.3553,-813685,rest
41.3598,-297251,rest
41.3633,61388,rest
41.3672,749684,rest
41.3714,768837,rest
41.3772,800,rest
41.3805,-314453,rest
41.3852,51145,rest
41.3948,804037,rest
41.3953,921713,rest
41.3960,-713027,rest
41.3973,-323706,rest
41.4012,31806,rest
41.4045,746854,rest
41.4099,412,rest
41.4135,-696265,rest
41.4179,-364126,rest
41.4213,11610,rest
41.4250,435,rest
41.4291,814524,rest
41.4330,-638798,rest
41.4369,-331696,rest
41.4413,3148,rest
41.4456,767418,rest
41.4502,963295,rest
41.4533,-541520,rest
41.4601,-354997,rest
41.4615,16347,rest
41.4656,730798,rest
41.4697,900409,rest
41.4739,-489625,rest
41.4795,-405880,rest
41.4819,-1896,rest
41.4861,706871,rest
41.4905,920862,rest
41.4953,-416341,rest
41.4985,-472120,rest
41.5026,-28553,rest
41.5066,659749,rest
41.5116,835747,rest
41.5129,-,rest
41.5147,351122,rest
41.5160,-4,rest
41.5188,84032,rest
41.5198,-3715,rest
41.5232,9,rest
41.5247,636545,rest
41.5275,927578,rest
41.5311,-253226,rest
41.5352,-501459,rest
41.5396,-35579,rest
41.5438,595261,rest
41.5475,774284,rest
41.5516,-213207,rest
41.5567,-545943,rest
41.5602,-47079,rest
41.5639,576044,rest
41.5679,920142,rest
41.5721,-72640,rest
41.5768,-528944,rest
41.5803,-36172,rest
41.5843,554002,rest
41.5885,1015852,rest
41.5940,27,rest
41.5972,-559830,rest
41.6021,-56451,rest
41.6050,504406,rest
41.6094,811345,rest
41.6132,48598,rest
41.6171,-620813,rest
41.6212,-85903,rest
41.6259,469134,rest
41.6295,814712,rest
41.6335,140809,rest
41.6377,-568374,rest
41.6392,-,rest
41.6419,61,rest
41.6460,469404,rest
41.6483,910,rest
41.6503,478,rest
41.6515,247711,rest
41.6542,-625570,rest
41.6593,9362,rest
41.6634,420410,rest
41.6671,904518,rest
41.6711,330020,rest
41.6748,640,rest
41.6789,-81797,rest
41.6831,407643,rest
41.6880,875481,rest
41.6913,38815,rest
41.6961,-630325,rest
41.7000,-64775,rest
41.7058,390261,rest
41.7081,1026706,rest
41.7114,31223,rest
41.7161,-645079,rest
41.7205,-99768,rest
41.7241,337624,rest
41.7281,863140,rest
41.7324,517261,rest
41.7359,-711358,rest
41.7401,-133345,rest
41.7455,301149,rest
41.7482,867658,rest
41.7523,588873,rest
41.7567,-745389,rest
41.7620,-154034,rest
41.7646,269691,rest
41.7686,896188,rest
41.7733,674322,rest
41.7761,-769,rest
41.7772,592,rest
41.7789,-178801,rest
41.7811,233142,rest
41.7850,845610,rest
41.7893,703311,rest
41.7939,-799161,rest
41.7973,-175303,rest
41.8014,214838,rest
41.8062,853076,rest
41.8104,751658,rest
41.8138,-814874,rest
41.8178,-170022,rest
41.8222,199293,rest
41.8266,905026,rest
41.8313,863534,rest
41.8343,-777603,rest
41.8386,-193983,rest
41.8431,158522,rest
41.8465,796812,rest
41.8506,759211,rest
41.8547,-813094,rest
41.8590,21696,rest
41.8630,5446,rest
41.8675,851150,rest
41.8730,882316,rest
41.8754,-733639,rest
41.8795,-226802,rest
41.8833,129343,rest
41.8876,853476,rest
41.8932,8829-,rest
41.8963,709666,rest
41.8982,-,rest
41.9011,307003,rest
41.9030,916,rest
41.9039,73,rest
41.9048,80778,rest
41.9091,9879758,rest
41.9137,-670659,rest
41.9162,-223812,rest
41.9202,108722,rest
41.9247,82708,rest
41.9286,926190,rest
41.9333,-611500,rest
41.9381,-270981,rest
41.9409,81121,rest
41.9451,808571,rest
41.9490,958134,rest
41.9550,-550229,rest
41.9571,-283986,rest
41.9621,64138,rest
41.9652,786879,rest
41.9693,932705,rest
41.9735,-510772,rest
41.9789,-311036,rest
41.9816,54213,rest
41.9857,765587,rest
41.9898,921122,rest
41.9951,-457445,rest
41.9980,-403171,rest
42.0021,21204,rest
42.0067,737848,rest
42.0108,887071,rest
42.0145,-389843,rest
42.0185,-426580,rest
42.0231,18609,rest
42.0275,703608,rest
42.0297,87,rest
42.0308,3585,rest
42.0320,-31126,rest
42.0349,2,rest
42.0350,-423543,rest
42.0391,20945,rest
42.0440,673321,rest
42.0471,934598,rest
42.0513,-205326,rest
42.0555,-474395,rest
42.0601,-1900,rest
42.0635,631754,rest
42.0677,900008,rest
42.0722,-139701,rest
42.0765,-450317,rest
42.0799,14675,rest
42.0840,610644,rest
42.0882,1014655,rest
42.0926,-33097,rest
42.0970,-530044,rest
42.1004,-33200,rest
42.1046,554898,rest
42.1100,4,rest
42.1136,2659,rest
42.1177,-564872,rest
42.1209,-41818,rest
42.1266,282,rest
42.1296,1020941,rest
42.1348,149080,rest
42.1375,-536107,rest
42.1415,3465,rest
42.1456,481179,rest
42.1505,849783,rest
42.1542,155335,rest
42.1557,-6,rest
42.1578,05353,rest
42.1588,-75404,rest
42.1633,448629,rest
42.1660,962862,rest
42.1701,270911,rest
42.1762,-637,rest
42.1784,-106349,rest
42.1833,396472,rest
42.1872,736371,rest
42.1909,261743,rest
42.1960,-661916,rest
42.1987,-91660,rest
42.2028,398560,rest
42.2071,1050794,rest
42.2123,478229,rest
42.2151,-618072,rest
42.2192,-78820,rest
42.2234,361498,rest
42.2288,883823,rest
42.2315,465813,rest
42.2356,-718615,rest
42.2397,-148313,rest
42.2446,309083,rest
42.2479,901140,rest
42.2520,558930,rest
42.2567,-692605,rest
42.2613,-105131,rest
42.2643,298495,rest
42.2683,950151,rest
42.2730,659510,rest
42.2740,-,rest
42.2773,753429,rest
42.2786,-,rest
42.2807,175103,rest
42.2823,2,rest
42.2848,46257,rest
42.2860,7783,rest
42.2889,76,rest
42.2915,596334,rest
42.2932,-813798,rest
42.2970,-186526,rest
42.3011,232465,rest
42.3052,896292,rest
42.3100,746736,rest
42.3135,-798432,rest
42.3175,-176423,rest
42.3217,211745,rest
42.3262,830377,rest
42.3299,739564,rest
42.3339,-816183,rest
42.3381,-197035,rest
42.3428,192947,rest
42.3467,839583,rest
42.3502,808641,rest
42.3544,-784904,rest
42.3586,-182903,rest
42.3627,181880,rest
42.3666,913104,rest
42.3710,896318,rest
42.3763,71,rest
42.3803,-208349,rest
42.3840,148503,rest
42.3875,824944,rest
42.3914,7,rest
42.3959,-742898,rest
42.3997,-265122,rest
42.4038,124410,rest
42.4098,83448,rest
42.4120,86357,rest
42.4135,-695,rest
42.4161,380,rest
42.4179,-222701,rest
42.4224,129338,rest
42.4242,850552,rest
42.4286,884968,rest
42.4322,-648792,rest
42.4363,-258627,rest
42.4409,15,rest
42.4449,837073,rest
42.4488,921168,rest
42.4532,-583195,rest
42.4582,-233347,rest
42.4625,1034,rest
42.4662,842647,rest
42.4703,929657,rest
42.4744,-535682,rest
42.4774,-274750,rest
42.4814,88479,rest
42.4855,819488,rest
42.4898,916261,rest
42.4943,-473601,rest
42.4977,-310064,rest
42.5018,78988,rest
42.5065,799482,rest
42.5100,861775,rest
42.5147,-420291,rest
42.5182,-383792,rest
42.5225,61417,rest
42.5271,774784,rest
42.5317,902896,rest
42.5334,-,rest
42.5346,319342,rest
42.5356,-3,rest
42.5391,43570,rest
42.5408,7793,rest
42.5430,1,rest
42.5452,750226,rest
42.5483,1011341,rest
42.5510,-221323,rest
42.5555,-429575,rest
42.5597,40887,rest
42.5638,697311,rest
42.5673,933440,rest
42.5715,-157185,rest
42.5757,445593,rest
42.5808,34390,rest
42.5838,656132,rest
42.5879,902745,rest
42.5932,977,rest
42.6061,-474976,rest
42.6062,24791,rest
42.6064,620819,rest
42.6097,951404,rest
42.6126,4236,rest
42.6167,-500254,rest
42.6209,14733,rest
42.6252,589620,rest
42.6291,177,rest
42.6334,67930,rest
42.6410,-515282,rest
42.6415,-431,rest
42.6458,556651,rest
42.6493,986302,rest
42.6533,173264,rest
42.6592,133-,rest
42.6631,11871,rest
42.6665,514905,rest
42.6680,831,rest
42.6697,275,rest
42.6699,187687,rest
42.6741,-602363,rest
42.6789,-58139,rest
42.6821,475230,rest
42.6862,859934,rest
42.6905,281154,rest
42.6952,-573713,rest
42.6996,-41431,rest
42.7025,468326,rest
42.7068,923557,rest
42.7122,391158,rest
42.7148,-553468,rest
42.7189,-9311,rest
42.7232,447909,rest
42.7275,980145,rest
42.7314,468506,rest
42.7353,-605795,rest
42.7396,-53787,rest
42.7441,399421,rest
42.7481,963331,rest
42.7517,542129,rest
42.7563,-639151,rest
42.7608,-69533,rest
42.7640,360068,rest
42.7680,879961,rest
42.7727,563156,rest
42.7781,-699289,rest
42.7804,-118186,rest
42.7844,322756,rest
42.7890,895721,rest
42.7931,647268,rest
42.7951,-71,rest
42.7967,1120,rest
42.7981,-10187,rest
42.8008,2,rest
42.8009,299924,rest
42.8049,891980,rest
42.8099,692112,rest
42.8137,-757045,rest
42.8172,-108780,rest
42.8213,279040,rest
42.8255,3038,rest
42.8305,706673,rest
42.8348,-788742,rest
42.8394,-159948,rest
42.8432,251773,rest
42.8460,859753,rest
42.8509,791699,rest
42.8544,-768125,rest
42.8584,1123,rest
42.8628,248589,rest
42.8672,939740,rest
42.8719,881600,rest
42.8758,-738917,rest
42.8795,-153324,rest
42.8828,212476,rest
42.8868,839242,rest
42.8911,25158,rest
42.8954,-737285,rest
42.9004,-202744,rest
42.9035,192476,rest
42.9088,68,rest
42.9128,972198,rest
42.9145,-,rest
42.9158,654562,rest
42.9168,-,rest
42.9196,192123,rest
42.9209,17,rest
42.9240,82,rest
42.9257,727,rest
42.9283,9,rest
42.9286,887195,rest
42.9320,-668494,rest
42.9361,-235638,rest
42.9402,152083,rest
42.9456,867164,rest
42.9483,955843,rest
42.9525,-595353,rest
42.9567,-215878,rest
42.9612,144700,rest
42.9649,885822,rest
42.9689,1018831,rest
42.9730,-545534,rest
42.9772,-205534,rest
42.9823,125429,rest
42.9853,849897,rest
42.9896,959981,rest
42.9959,-514254,rest
42.9974,-288371,rest
43.0015,85359,rest
43.0062,822887,rest
43.0103,986175,rest
43.0151,-453257,rest
43.0179,-322015,rest
43.0220,68770,rest
43.0272,783202,rest
43.0310,892640,rest
43.0343,-421471,rest
43.0384,-370313,rest
43.0438,54058,rest
43.0469,757742,rest
43.0485,1,rest
43.0508,019878,rest
43.0524,-3009,rest
43.0548,47,rest
43.0560,-401553,rest
43.0595,35972,rest
43.0639,712431,rest
43.0670,944387,rest
43.0712,-252927,rest
43.0808,15254,rest
43.0836,660810,rest
43.0877,852205,rest
43.0918,23622,rest
43.0963,-500265,rest
43.1000,11592,rest
43.1039,630250,rest
43.1080,996028,rest
43.1136,-73136,rest
43.1162,-469871,rest
43.1202,13233,rest
43.1256,0,rest
43.1291,862704,rest
43.1343,-42535,rest
43.1367,-551219,rest
43.1418,-261,rest
43.1455,556060,rest
43.1497,908911,rest
43.1532,59474,rest
43.1575,-520977,rest
43.1630,-17119,rest
43.1653,537675,rest
43.1694,1051472,rest
43.1737,181993,rest
43.1748,-5,rest
43.1791,78032,rest
43.1811,-60190,rest
43.1833,472132,rest
43.1858,761560,rest
43.1899,154165,rest
43.1956,-633350,rest
43.1982,-91110,rest
43.2022,444905,rest
43.2065,915429,rest
43.2110,269843,rest
43.2145,-581753,rest
43.2186,-54502,rest
43.2232,430862,rest
43.2284,917956,rest
43.2309,365378,rest
43.2351,-633137,rest
43.2395,-84115,rest
43.2435,404129,rest
43.2474,957361,rest
43.2514,468080,rest
43.2562,-633648,rest
43.2597,-81025,rest
43.2642,368860,rest
43.2677,1000397,rest
43.2719,544350,rest
43.2776,-687288,rest
43.2807,-138329,rest
43.2841,308711,rest
43.2883,864629,rest
43.2925,5058,rest
43.2971,-741040,rest
43.2987,-,rest
43.3027,158994,rest
43.3036,2,rest
43.3047,81973,rest
43.3061,8806,rest
43.3094,26,rest
43.3108,621431,rest
43.3132,-754578,rest
43.3170,-142224,rest
43.3210,269577,rest
43.3266,381,rest
43.3309,637705,rest
43.3345,-797060,rest
43.3388,-165002,rest
43.3432,239137,rest
43.3459,857794,rest
43.3497,740721,rest
43.3538,-794091,rest
43.3591,15097,rest
43.3637,229342,rest
43.3683,891485,rest
43.3701,802855,rest
43.3763,-8084,rest
43.3793,-200525,rest
43.3854,187380,rest
43.3867,804432,rest
43.3907,766074,rest
43.3961,-799459,rest
43.3989,-219281,rest
43.4030,176420,rest
43.4072,872583,rest
43.4116,884330,rest
43.4153,-739225,rest
43.4194,-199927,rest
43.4234,166393,rest
43.4288,841397,rest
43.4319,869369,rest
43.4335,-718,rest
43.4357,780,rest
43.4372,-238935,rest
43.4399,149609,rest
43.4446,848305,rest
43.4483,863688,rest
43.4521,-681667,rest
43.4565,-255763,rest
43.4606,143147,rest
43.4661,867974,rest
43.4687,974827,rest
43.4730,-599230,rest
43.4781,-229260,rest
43.4815,135954,rest
43.4848,863426,rest
43.4891,893256,rest
43.4934,-587814,rest
43.4986,-231024,rest
43.5012,125047,rest
43.5054,871099,rest
43.5113,995465,rest
43.5145,-496465,rest
43.5176,-232728,rest
43.5217,118007,rest
43.5271,835131,rest
43.5310,950293,rest
43.5341,-462787,rest
43.5382,-339893,rest
43.5439,69439,rest
43.5474,793173,rest
43.5505,929686,rest
43.5520,-,rest
43.5547,391195,rest
43.5561,-,rest
43.5589,357104,rest
43.5594,6620,rest
43.5631,6,rest
43.5662,767652,rest
43.5668,972393,rest
43.5708,-315434,rest
43.5773,47,rest
43.5807,36746,rest
43.5838,714629,rest
43.5873,840931,rest
43.5927,224,rest
43.5970,-458550,rest
43.6004,27307,rest
43.6036,688930,rest
43.6081,00,rest
43.6123,-124877,rest
43.6188,-441282,rest
43.6200,26167,rest
43.6245,686,rest
43.6288,884253,rest
43.6334,-116398,rest
43.6372,-517882,rest
43.6406,-5785,rest
43.6450,602131,rest
43.6487,840313,rest
43.6527,-37437,rest
43.6569,-517519,rest
43.6621,7691,rest
43.6650,588308,rest
43.6691,905703,rest
43.6733,63227,rest
43.6780,-523310,rest
43.6803,-,rest
43.6814,3400,rest
43.6856,552785,rest
43.6874,843,rest
43.6899,038,rest
43.6914,11620,rest
43.6940,2,rest
43.6962,-579916,rest
43.6979,-39178,rest
43.7020,516668,rest
43.7065,947019,rest
43.7106,244541,rest
43.7150,-530726,rest
43.7183,-13117,rest
43.7226,496303,rest
43.7273,967067,rest
43.7306,310617,rest
43.7347,-580555,rest
43.7392,-48996,rest
43.7436,443478,rest
43.7470,953268,rest
43.7510,380754,rest
43.7556,-605391,rest
43.7607,-74706,rest
43.7637,409528,rest
43.7674,903292,rest
43.7716,445167,rest
43.7777,-662172,rest
43.7803,-98228,rest
43.7838,372995,rest
43.7879,880044,rest
43.7932,9414,rest
43.7974,-678830,rest
43.8010,-104202,rest
43.8043,349970,rest
43.8085,67731,rest
43.8149,560683,rest
43.8165,-71,rest
43.8168,4933,rest
43.8187,-11801,rest
43.8206,5,rest
43.8208,321649,rest
43.8265,0901,rest
43.8298,644177,rest
43.8337,-721325,rest
43.8387,-118346,rest
43.8414,302757,rest
43.8454,886886,rest
43.8510,688388,rest
43.8535,-760535,rest
43.8581,-122837,rest
43.8622,281116,rest
43.8660,871957,rest
43.8698,746080,rest
43.8761,-778915,rest
43.8781,-155097,rest
43.8821,252048,rest
43.8862,882839,rest
43.8904,804657,rest
43.8958,-763555,rest
43.8985,-156431,rest
43.9026,242317,rest
43.9067,919407,rest
43.9111,886274,rest
43.9150,-728924,rest
43.9191,-177703,rest
43.9232,213766,rest
43.9279,866678,rest
43.9313,820599,rest
43.9328,-,rest
43.9354,738608,rest
43.9367,-,rest
43.9398,212287,rest
43.9413,18,rest
43.9447,7943,rest
43.9467,89218,rest
43.9476,5,rest
43.9489,931111,rest
43.9519,-671765,rest
43.9563,-189265,rest
43.9604,177003,rest
43.9640,880050,rest
43.9682,891169,rest
43.9728,-659466,rest
43.9770,-211665,rest
43.9804,161401,rest
43.9846,872539,rest
43.9887,914554,rest
43.9938,-610018,rest
43.9968,-219896,rest
44.0009,154059,rest
44.0050,881004,rest
44.0094,34,rest
44.0143,-553217,rest
44.0177,-197409,rest
44.0231,150110,rest
44.0256,879371,rest
44.0311,421,rest
44.0359,-502562,rest
44.0399,-240865,rest
44.0433,132578,rest
44.0460,869868,rest
44.0519,943267,rest
44.0544,-447854,rest
44.0585,2994,rest
44.0629,110204,rest
44.0677,842490,rest
44.0681,9,rest
44.0726,61712,rest
44.0745,-3632,rest
44.0747,02,rest
44.0761,-277544,rest
44.0793,114836,rest
44.0828,802366,rest
44.0869,909835,rest
44.0918,137,rest
44.0970,-394530,rest
44.1004,66185,rest
44.1033,750857,rest
44.1096,90831,rest
44.1127,-247408,rest
44.1169,-421303,rest
44.1197,61210,rest
44.1239,714596,rest
44.1296,983380,rest
44.1320,-142613,rest
44.1361,-426731,rest
44.1403,43981,rest
44.1448,668658,rest
44.1484,952277,rest
44.1526,-82983,rest
44.1566,-489470,rest
44.1616,16378,rest
44.1648,628574,rest
44.1688,882123,rest
44.1732,-22889,rest
44.1778,-510489,flicker
44.1812,12794,flicker
44.1852,598563,flicker
44.1898,867866,flicker
44.1949,45293,flicker
44.1964,-5,flicker
44.1975,19414,flicker
44.1976,3905,flicker
44.2033,570261,flicker
44.2071,1042607,flicker
44.2107,192097,flicker
44.2139,-544043,flicker
44.2180,-19890,flicker
44.2225,523733,flicker
44.2269,901668,flicker
44.2315,208398,flicker
44.2345,-546669,flicker
44.2387,-26794,flicker
44.2439,488603,flicker
44.2475,1037837,flicker
44.2508,328817,flicker
44.2549,-551974,flicker
44.2612,440,flicker
44.2651,429901,flicker
44.2677,939790,flicker
44.2712,363187,flicker
44.2770,676,flicker
44.2815,-102297,flicker
44.2855,378451,flicker
44.2877,870324,flicker
44.2927,850,flicker
44.2980,-682073,flicker
44.3023,-129349,flicker
44.3044,343946,flicker
44.3083,165,flicker
44.3133,493440,flicker
44.3169,-704757,flicker
44.3186,-,flicker
44.3225,131018,flicker
44.3242,3,flicker
44.3245,16763,flicker
44.3258,8599,flicker
44.3289,26,flicker
44.3318,530656,flicker
44.3328,-738341,flicker
44.3368,-152302,flicker
44.3413,89,flicker
44.3456,870038,flicker
44.3512,592535,flicker
44.3545,-752363,flicker
44.3583,-149902,flicker
44.3623,266296,flicker
44.3671,903,flicker
44.3700,685457,flicker
44.3749,-796999,flicker
44.3803,-188628,flicker
44.3822,229413,flicker
44.3863,920247,flicker
44.3907,766528,flicker
44.3943,79622,flicker
44.3991,-195993,flicker
44.4027,197133,flicker
44.4075,821270,flicker
44.4120,12,flicker
44.4161,-814054,flicker
44.4195,-222349,flicker
44.4233,174167,flicker
44.4277,820792,flicker
44.4314,784967,flicker
44.4351,-797611,flicker
44.4394,-227315,flicker
44.4440,162139,flicker
44.4481,846802,flicker
44.4491,8,flicker
44.4515,43596,flicker
44.4528,-761,flicker
44.4561,938,flicker
44.4573,-237761,flicker
44.4603,141149,flicker
44.4651,836780,flicker
44.4679,838612,flicker
44.4720,-738339,flicker
44.4768,-238381,flicker
44.4813,123371,flicker
44.4842,826069,flicker
44.4883,846616,flicker
44.4946,-707346,flicker
44.4965,-287477,flicker
44.5006,97057,flicker
44.5047,818435,flicker
44.5090,7148,flicker
44.5181,-657840,flicker
44.5189,-255654,flicker
44.5211,99461,flicker
44.5252,43560,flicker
44.5297,961465,flicker
44.5345,-586137,flicker
44.5396,-303409,flicker
44.5416,67109,flicker
44.5466,801015,flicker
44.5501,875977,flicker
44.5539,-560684,flicker
44.5595,3,flicker
44.5632,58525,flicker
44.5665,800590,flicker
44.5702,880270,flicker
44.5714,-,flicker
44.5749,933,flicker
44.5803,342154,flicker
44.5822,5910,flicker
44.5825,3,flicker
44.5838,780380,flicker
44.5881,1019790,flicker
44.5908,-381084,flicker
44.5952,-371972,flicker
44.5991,39613,flicker
44.6030,732282,flicker
44.6072,908382,flicker
44.6117,-353960,flicker
44.6153,-455809,flicker
44.6194,1687,flicker
44.6235,688169,flicker
44.6295,928678,flicker
44.6317,-276575,flicker
44.6357,-446502,flicker
44.6400,5655,flicker
44.6445,646158,flicker
44.6480,877776,flicker
44.6522,-216888,flicker
44.6565,-518578,flicker
44.6621,-31107,flicker
44.6644,599201,flicker
44.6685,844286,flicker
44.6731,-136947,flicker
44.6785,-510748,flicker
44.6808,-14827,flicker
44.6849,571696,flicker
44.6896,869056,flicker
44.6934,-62342,flicker
44.6976,-533788,flicker
44.6992,-,flicker
44.7013,29464,flicker
44.7060,547095,flicker
44.7077,844,flicker
44.7099,512,flicker
44.7119,20861,flicker
44.7137,-570015,flicker
44.7177,-45226,flicker
44.7218,519039,flicker
44.7283,873128,flicker
44.7300,109345,flicker
44.7341,-562534,flicker
44.7382,-39232,flicker
44.7425,483337,flicker
44.7463,883659,flicker
44.7505,175987,flicker
44.7546,-588412,flicker
44.7596,-61379,flicker
44.7628,453724,flicker
44.7668,904223,flicker
44.7710,267893,flicker
44.7751,625024,flicker
44.7812,-84510,flicker
44.7832,409050,flicker
44.7874,839972,flicker
44.7933,0,flicker
44.7971,-670217,flicker
44.8011,-114884,flicker
44.8041,378077,flicker
44.8079,905175,flicker
44.8142,414951,flicker
44.8160,-672536,flicker
44.8201,-104766,flicker
44.8251,3770,flicker
44.8287,838036,flicker
44.8338,454139,flicker
44.8350,-71,flicker
44.8365,5935,flicker
44.8379,-12989,flicker
44.8406,9,flicker
44.8408,330539,flicker
44.8470,936868,flicker
44.8487,579542,flicker
44.8528,-694808,flicker
44.8570,-98529,flicker
44.8616,308590,flicker
44.8657,864891,flicker
44.8692,584464,flicker
44.8734,-771669,flicker
44.8791,-153816,flicker
44.8815,267729,flicker
44.8856,842153,flicker
44.8899,645536,flicker
44.8944,-796022,flicker
44.8983,-170136,flicker
44.9020,247114,flicker
44.9063,877910,flicker
44.9114,733715,flicker
44.9143,-809403,flicker
44.9184,-184166,flicker
44.9227,230079,flicker
44.9270,847965,flicker
44.9317,759218,flicker
44.9348,-807856,flicker
44.9395,-202135,flicker
44.9435,201657,flicker
44.9471,865515,flicker
44.9511,842908,flicker
44.9525,-,flicker
44.9553,772243,flicker
44.9558,-,flicker
44.9609,218443,flicker
44.9622,17,flicker
44.9635,8549,flicker
44.9653,85900,flicker
44.9675,2,flicker
44.9692,845138,flicker
44.9717,-752776,flicker
44.9760,218464,flicker
44.9811,160948,flicker
44.9839,858161,flicker
44.9880,869208,flicker
44.9945,76,flicker
44.9983,-238163,flicker
45.0014,141675,flicker
45.0044,836501,flicker
45.0087,656,flicker
45.0132,-698579,flicker
45.0185,-271917,flicker
45.0209,120536,flicker
45.0263,6073,flicker
45.0317,963403,flicker
45.0352,-622751,flicker
45.0374,-240223,flicker
45.0436,33,flicker
45.0477,838982,flicker
45.0503,940506,flicker
45.0536,-591681,flicker
45.0579,72,flicker
45.0626,75836,flicker
45.0660,818263,flicker
45.0702,954285,flicker
45.0768,-53579,flicker
45.0792,-280727,flicker
45.0825,68513,flicker
45.0876,792362,flicker
45.0893,8,flicker
45.0907,89950,flicker
45.0922,-5068,flicker
45.0947,90,flicker
45.0975,-365455,flicker
45.0986,31852,flicker
45.1027,757712,flicker
45.1070,942909,flicker
45.1114,-429787,flicker
45.1150,-397554,flicker
45.1190,24288,flicker
45.1233,719437,flicker
45.1284,893822,flicker
45.1314,-376064,flicker
45.1356,-456091,flicker
45.1399,2235,flicker
45.1444,681341,flicker
45.1478,884957,flicker
45.1520,-298451,flicker
45.1564,-457058,flicker
45.1611,4345,flicker
45.1641,642627,flicker
45.1683,895465,flicker
45.1731,-214806,flicker
45.1771,-521055,flicker
45.1806,-22970,flicker
45.1846,604321,flicker
45.1891,870152,flicker
45.1932,-143167,flicker
45.1971,-516442,flicker
45.2010,-20980,flicker
45.2051,580515,flicker
45.2104,907622,flicker
45.2120,-,flicker
45.2134,55592,flicker
45.2153,-5,flicker
45.2174,66582,flicker
45.2189,-40338,flicker
45.2220,540565,flicker
45.2271,878453,flicker
45.2303,27654,flicker
45.2338,-588901,flicker
45.2379,-56254,flicker
45.2437,6,flicker
45.2465,812000,flicker
45.2518,76448,flicker
45.2554,-555268,flicker
45.2585,-33727,flicker
45.2642,494111,flicker
45.2666,952643,flicker
45.2707,191736,flicker
45.2751,6187,flicker
45.2796,-87990,flicker
45.2846,439111,flicker
45.2870,858024,flicker
45.2936,4,flicker
45.2957,-614087,flicker
45.3007,-85759,flicker
45.3034,409606,flicker
45.3080,938791,flicker
45.3121,342377,flicker
45.3158,-640794,flicker
45.3199,-106280,flicker
45.3241,374614,flicker
45.3290,910690,flicker
45.3322,401568,flicker
45.3362,-686413,flicker
45.3374,-,flicker
45.3403,125427,flicker
45.3414,3,flicker
45.3449,25174,flicker
45.3475,8312,flicker
45.3484,93,flicker
45.3497,445608,flicker
45.3526,-731219,flicker
45.3567,-152306,flicker
45.3615,303526,flicker
45.3650,900796,flicker
45.3689,540342,flicker
45.3733,-728789,flicker
45.3774,-133846,flicker
45.3812,278490,flicker
45.3853,891079,flicker
45.3898,625726,flicker
45.3958,-775254,flicker
45.3976,-172743,flicker
45.4017,233457,flicker
45.4063,864237,flicker
45.4108,656609,flicker
45.4143,-810524,flicker
45.4186,-190050,flicker
45.4226,215771,flicker
45.4269,919587,flicker
45.4304,755862,flicker
45.4345,-823451,flicker
45.4387,-199936,flicker
45.4438,169654,flicker
45.4473,798013,flicker
45.4510,737961,flicker
45.4550,-850804,flicker
45.4600,-272886,flicker
45.4636,135595,flicker
45.4672,798670,flicker
45.4714,769865,flicker
45.4730,-826,flicker
45.4758,713,flicker
45.4779,-258115,flicker
45.4799,122151,flicker
45.4836,794075,flicker
45.4877,788579,flicker
45.4931,-797653,flicker
45.4976,-253793,flicker
45.5001,113495,flicker
45.5042,855576,flicker
45.5084,89,flicker
45.5126,-738613,flicker
45.5166,-293769,flicker
45.5206,88657,flicker
45.5249,78,flicker
45.5298,843890,flicker
45.5342,-724818,flicker
45.5380,-314113,flicker
45.5411,65028,flicker
45.5456,798603,flicker
45.5505,906200,flicker
45.5532,-657644,flicker
45.5578,-288,flicker
45.5618,65987,flicker
45.5670,787369,flicker
45.5696,896978,flicker
45.5744,-61162,flicker
45.5787,-310394,flicker
45.5824,51996,flicker
45.5867,786025,flicker
45.5905,956792,flicker
45.5914,-,flicker
45.5949,539413,flicker
45.5967,-,flicker
45.5983,276674,flicker
45.5997,5363,flicker
45.6024,1,flicker
45.6034,767557,flicker
45.6066,880968,flicker
45.6112,-509659,flicker
45.6147,-378172,flicker
45.6188,19215,flicker
45.6231,734346,flicker
45.6289,881936,flicker
45.6311,-444656,flicker
45.6352,-401176,flicker
45.6395,4217,flicker
45.6440,703155,flicker
45.6486,871518,flicker
45.6516,-375012,flicker
45.6561,-441360,flicker
45.6601,-11415,flicker
45.6639,661032,flicker
45.6679,846725,flicker
45.6725,-309666,flicker
45.6768,-507896,flicker
45.6813,-28971,flicker
45.6843,623517,flicker
45.6885,931409,flicker
45.6940,114,flicker
45.6977,-497943,flicker
45.7011,-25640,flicker
45.7074,588726,flicker
45.7091,891492,flicker
45.7134,-115030,flicker
45.7175,-527110,flicker
45.7187,-,flicker
45.7212,42891,flicker
45.7266,547448,flicker
45.7287,867,flicker
45.7294,112,flicker
45.7310,-53726,flicker
45.7335,-574452,flicker
45.7376,-58960,flicker
45.7419,073,flicker
45.7467,873558,flicker
45.7508,37913,flicker
45.7541,-576093,flicker
45.7583,571,flicker
45.7625,479589,flicker
45.7684,963899,flicker
45.7704,146390,flicker
45.7764,-8011,flicker
45.7802,-71734,flicker
45.7839,434311,flicker
45.7867,824091,flicker
45.7913,15969,flicker
45.7960,-651769,flicker
45.7998,-125055,flicker
45.8065,387546,flicker
45.8077,844625,flicker
45.8129,507,flicker
45.8175,-659622,flicker
45.8198,-122463,flicker
45.8258,361681,flicker
45.8283,943996,flicker
45.8328,363389,flicker
45.8359,-661956,flicker
45.8402,-124607,flicker
45.8450,333228,flicker
45.8482,874310,flicker
45.8522,398232,flicker
45.8533,-722,flicker
45.8565,124,flicker
45.8581,-16003,flicker
45.8608,8,flicker
45.8613,285893,flicker
45.8646,982751,flicker
45.8687,543259,flicker
45.8730,-722217,flicker
45.8775,-160897,flicker
45.8809,245190,flicker
45.8850,767404,flicker
45.8896,484786,flicker
45.8941,-827276,flicker
45.8988,-228093,flicker
45.9014,203900,flicker
45.9064,859447,flicker
45.9112,621414,flicker
45.9153,-835488,flicker
45.9178,-224458,flicker
45.9219,172793,flicker
45.9276,802797,flicker
45.9308,623491,flicker
45.9343,-890103,flicker
45.9383,-263490,flicker
45.9425,3882,flicker
45.9476,789201,flicker
45.9506,708234,flicker
45.9555,-883250,flicker
45.9602,-287542,flicker
45.9653,11223,flicker
45.9697,793824,flicker
45.9711,764713,flicker
45.9724,-,flicker
45.9769,855467,flicker
45.9788,-,flicker
45.9793,286503,flicker
45.9804,944,flicker
45.9836,12,flicker
45.9847,77520,flicker
45.9874,1,flicker
45.9876,801390,flicker
45.9917,83661,flicker
45.9978,-275981,flicker
46.0008,85702,flicker
46.0048,788447,flicker
46.0095,842051,flicker
46.0127,-827,flicker
46.0190,-346229,flicker
46.0203,48997,flicker
46.0274,746581,flicker
46.0294,802132,flicker
46.0348,7818,flicker
46.0373,-340210,flicker
46.0423,43547,flicker
46.0488,781313,flicker
46.0496,893584,flicker
46.0532,71436,flicker
46.0591,-314954,flicker
46.0634,42343,flicker
46.0664,758836,flicker
46.0703,897737,flicker
46.0740,-1534,flicker
46.0780,-337072,flicker
46.0820,26539,flicker
46.0863,766099,flicker
46.0898,929758,flicker
46.0953,-613246,flicker
46.0981,-342512,flicker
46.1021,8491,flicker
46.1066,735118,flicker
46.1082,94,flicker
46.1107,6654,flicker
46.1120,-56598,flicker
46.1144,4,flicker
46.1157,-426813,flicker
46.1186,-23362,flicker
46.1231,692140,flicker
46.1273,863251,flicker
46.1308,-522335,flicker
46.1350,-463232,flicker
46.1399,-44481,flicker
46.1442,664543,flicker
46.1478,913671,flicker
46.1513,-426292,flicker
46.1559,-472479,flicker
46.1606,-43588,flicker
46.1638,633500,flicker
46.1676,914085,flicker
46.1718,-360679,flicker
46.1761,53,flicker
46.1804,-71673,flicker
46.1867,586264,flicker
46.1881,846309,flicker
46.1924,2,flicker
46.1969,-557457,flicker
46.2033,-73439,flicker
46.2045,562749,flicker
46.2088,1,flicker
46.2142,-219432,flicker
46.2192,-577779,flicker
46.2212,-70953,flicker
46.2264,35907,flicker
46.2324,915744,flicker
46.2339,-99648,flicker
46.2361,-5,flicker
46.2388,67372,flicker
46.2407,-68299,flicker
46.2431,515383,flicker
46.2466,987626,flicker
46.2503,-411,flicker
46.2537,-633200,flicker
46.2605,1666,flicker
46.2626,457863,flicker
46.2663,890500,flicker
46.2724,54276,flicker
46.2744,-611284,flicker
46.2791,-99206,flicker
46.2824,437592,flicker
46.2864,830005,flicker
46.2907,120102,flicker
46.2963,-630489,flicker
46.2987,-114544,flicker
46.3028,408447,flicker
46.3069,872518,flicker
46.3126,209087,flicker
46.3151,-650237,flicker
46.3192,-131161,flicker
46.3233,377593,flicker
46.3283,964803,flicker
46.3316,321948,flicker
46.3356,-657516,flicker
46.3399,-137865,flicker
46.3444,339016,flicker
46.3483,890934,flicker
46.3520,365513,flicker
46.3566,-740767,flicker
46.3568,-,flicker
46.3613,185385,flicker
46.3643,2,flicker
46.3645,90759,flicker
46.3659,8557,flicker
46.3683,82,flicker
46.3695,430976,flicker
46.3731,-742939,flicker
46.3775,-170182,flicker
46.3806,273503,flicker
46.3847,930577,flicker
46.3889,535191,flicker
46.3941,-757985,flicker
46.3991,-188480,flicker
46.4012,231269,flicker
46.4052,822278,flicker
46.4097,501,flicker
46.4144,-818554,flicker
46.4180,-220793,flicker
46.4233,200892,flicker
46.4262,803543,flicker
46.4299,943,flicker
46.4345,-852947,flicker
46.4401,-250648,flicker
46.4436,171996,flicker
46.4472,829441,flicker
46.4504,689656,flicker
46.4551,-855970,flicker
46.4599,-239209,flicker
46.4626,166465,flicker
46.4679,821963,flicker
46.4707,747474,flicker
46.4767,4,flicker
46.4797,-269986,flicker
46.4845,140009,flicker
46.4890,818157,flicker
46.4917,808637,flicker
46.4931,-819,flicker
46.4973,3203,flicker
46.5011,131391,flicker
46.5046,803800,flicker
46.5080,821726,flicker
46.5128,-796559,flicker
46.5158,-282687,flicker
46.5203,115774,flicker
46.5241,804982,flicker
46.5284,831014,flicker
46.5322,-764596,flicker
46.5364,-290122,flicker
46.5405,107451,flicker
46.5448,847855,flicker
46.5486,935863,flicker
46.5527,-696611,flicker
46.5569,-283822,flicker
46.5621,93196,flicker
46.5650,805660,flicker
46.5691,888317,flicker
46.5732,-678146,flicker
46.5778,-317766,flicker
46.5814,71349,flicker
46.5855,804888,flicker
46.5899,916487,flicker
46.5945,-619474,flicker
46.5978,-279008,flicker
46.6018,70313,flicker
46.6064,803567,flicker
46.6104,948756,flicker
46.6116,-,flicker
46.6142,556381,flicker
46.6154,-,flicker
46.6183,332808,flicker
46.6199,4505,flicker
46.6226,0,flicker
46.6238,776062,flicker
46.6278,880117,flicker
46.6310,-519121,flicker
46.6347,-378387,flicker
46.6387,33307,flicker
46.6430,763242,flicker
46.6489,1055992,flicker
46.6509,-395498,flicker
46.6551,-363707,flicker
46.6603,29104,flicker
46.6647,717451,flicker
46.6673,765121,flicker
46.6715,-417064,flicker
46.6758,494,flicker
46.6798,-9261,flicker
46.6853,688132,flicker
46.6910,960518,flicker
46.6949,-266066,flicker
46.6968,-436055,flicker
46.7004,9,flicker
46.7065,653221,flicker
46.7083,928015,flicker
46.7129,-206071,flicker
46.7180,-540824,flicker
46.7206,-26296,flicker
46.7248,609234,flicker
46.7297,923311,flicker
46.7337,-124911,flicker
46.7370,-521000,flicker
46.7381,-,flicker
46.7413,51,flicker
46.7463,576823,flicker
46.7484,936,flicker
46.7512,650,flicker
46.7534,-31451,flicker
46.7537,-568926,flicker
46.7576,-42018,flicker
46.7623,536962,flicker
46.7661,873979,flicker
46.7698,33161,flicker
46.7741,-543900,flicker
46.7800,-27416,flicker
46.7821,527263,flicker
46.7861,848722,flicker
46.7903,99910,flicker
46.7949,-590692,flicker
46.7986,-58796,flicker
46.8025,481937,flicker
46.8071,87,flicker
46.8113,175803,flicker
46.8161,-598413,flicker
46.8192,-66925,flicker
46.8234,457148,flicker
46.8288,93273,flicker
46.8320,286554,flicker
46.8366,-606535,flicker
46.8405,-68521,flicker
46.8443,426592,flicker
46.8481,940710,flicker
46.8524,375666,flicker
46.8561,-627937,flicker
46.8606,-85252,flicker
46.8652,390947,flicker
46.8681,995376,flicker
46.8726,470509,flicker
46.8747,-66,flicker
46.8768,4589,flicker
46.8784,-11197,flicker
46.8803,9,flicker
46.8804,344677,flicker
46.8844,864733,flicker
46.8888,477364,flicker
46.8942,-708666,flicker
46.8970,-124855,flicker
46.9009,304654,flicker
46.9049,875743,flicker
46.9101,560688,flicker
46.9134,-763283,flicker
46.9173,-171704,flicker
46.9213,276054,flicker
46.9259,863311,flicker
46.9306,630544,flicker
46.9338,-782826,flicker
46.9377,-176741,flicker
46.9433,548,flicker
46.9473,863613,flicker
46.9500,696056,flicker
46.9558,-805838,flicker
46.9583,-211320,flicker
46.9626,225041,flicker
46.9667,879385,flicker
46.9706,790908,flicker
46.9765,872,flicker
46.9793,-195807,flicker
46.9841,210089,flicker
46.9895,859507,flicker
46.9916,809588,flicker
46.9927,-,flicker
46.9952,005,flicker
46.9997,233576,flicker
47.0010,18,flicker
47.0032,9023,flicker
47.0047,81491,flicker
47.0074,2,flicker
47.0077,837898,flicker
47.0117,-768788,flicker
47.0162,-215047,flicker
47.0196,175191,flicker
47.0238,863448,flicker
47.0286,883884,flicker
47.0329,-742386,flicker
47.0360,-262429,flicker
47.0401,151765,flicker
47.0448,829578,flicker
47.0483,875362,flicker
47.0523,-701962,flicker
47.0566,-209000,flicker
47.0614,159109,flicker
47.0661,862868,flicker
47.0692,917404,flicker
47.0733,-664208,flicker
47.0782,-259217,flicker
47.0815,132811,flicker
47.0851,840408,flicker
47.0896,909502,flicker
47.0941,-611811,flicker
47.0980,-246845,flicker
47.1015,127325,flicker
47.1062,869682,flicker
47.1106,950080,flicker
47.1146,-558930,flicker
47.1179,-220950,flicker
47.1223,116382,flicker
47.1268,847779,flicker
47.1278,9,flicker
47.1302,25794,flicker
47.1317,-5217,flicker
47.1342,72,flicker
47.1353,-329740,flicker
47.1384,90107,flicker
47.1441,837361,flicker
47.1471,1007728,flicker
47.1506,-419735,flicker
47.1548,-286971,flicker
47.1591,79,flicker
47.1634,812213,flicker
47.1696,1002741,flicker
47.1728,-354713,flicker
47.1769,-395923,flicker
47.1797,57821,flicker
47.1853,759510,flicker
47.1875,944662,flicker
47.1934,42,flicker
47.1963,-423305,flicker
47.2010,45940,flicker
47.2060,714608,flicker
47.2081,949350,flicker
47.2143,218,flicker
47.2230,-441334,flicker
47.2234,33359,flicker
47.2258,678439,flicker
47.2286,976428,flicker
47.2335,-139207,flicker
47.2367,-460351,flicker
47.2413,29,flicker
47.2485,637198,flicker
47.2507,855115,flicker
47.2523,-,flicker
47.2530,94597,flicker
47.2546,-5,flicker
47.2573,59910,flicker
47.2593,-11639,flicker
47.2629,601881,flicker
47.2654,917921,flicker
47.2694,16712,flicker
47.2736,-490532,flicker
47.2778,21030,flicker
47.2818,582744,flicker
47.2859,948405,flicker
47.2900,102357,flicker
47.2947,-545742,flicker
47.2986,-17321,flicker
47.3023,536153,flicker
47.3065,862791,flicker
47.3109,153990,flicker
47.3146,-573784,flicker
47.3186,-33574,flicker
47.3231,504353,flicker
47.3282,977963,flicker
47.3309,270522,flicker
47.3350,-571616,flicker
47.3397,-41701,flicker
47.3445,468910,flicker
47.3479,866092,flicker
47.3513,317616,flicker
47.3562,-567251,flicker
47.3606,-34060,flicker
47.3653,448079,flicker
47.3677,962663,flicker
47.3720,410044,flicker
47.3769,-629238,flicker
47.3788,-,flicker
47.3803,72352,flicker
47.3842,407341,flicker
47.3858,867,flicker
47.3882,291,flicker
47.3894,440943,flicker
47.3947,57097,flicker
47.3992,-77216,flicker
47.4028,379440,flicker
47.4046,946453,flicker
47.4088,6905,flicker
47.4163,-675030,flicker
47.4174,-96849,flicker
47.4219,347320,flicker
47.4254,823,flicker
47.4307,667660,flicker
47.4340,-712840,flicker
47.4375,-135277,flicker
47.4425,8912,flicker
47.4472,827152,flicker
47.4515,616103,flicker
47.4556,-788811,flicker
47.4579,-165922,flicker
47.4626,258681,flicker
47.4660,838039,flicker
47.4701,701197,flicker
47.4747,7,flicker
47.4799,-172251,flicker
47.4833,250794,flicker
47.4887,868511,flicker
47.4914,775686,flicker
47.4950,7248,flicker
47.4999,-170424,flicker
47.5051,238990,flicker
47.5076,872862,flicker
47.5114,093,flicker
47.5131,-773,flicker
47.5159,397,flicker
47.5181,-17518,flicker
47.5199,1,flicker
47.5202,218597,flicker
47.5241,857109,flicker
47.5295,865753,flicker
47.5320,-740595,flicker
47.5357,-196257,flicker
47.5398,198245,flicker
47.5442,868645,flicker
47.5488,897326,flicker
47.5521,-711510,flicker
47.5567,-191573,flicker
47.5606,186625,flicker
47.5652,865424,flicker
47.5684,905658,flicker
47.5730,-677267,flicker
47.5777,-218441,flicker
47.5809,164910,flicker
47.5849,872273,flicker
47.5897,928996,flicker
47.5937,-636773,flicker
47.5979,-242525,flicker
47.6012,143002,flicker
47.6053,861528,flicker
47.6107,942239,flicker
47.6153,-589388,flicker
47.6176,-228055,flicker
47.6217,137123,flicker
47.6259,7589,flicker
47.6307,977828,flicker
47.6317,-,flicker
47.6348,530508,flicker
47.6363,-,flicker
47.6393,248027,flicker
47.6407,12,flicker
47.6425,393,flicker
47.6438,85805,flicker
47.6475,1027879,flicker
47.6524,-465157,flicker
47.6548,-319474,flicker
47.6586,5,flicker
47.6635,824073,flicker
47.6682,905437,flicker
47.6711,-438369,flicker
47.6757,-329927,flicker
47.6808,22,flicker
47.6832,805307,flicker
47.6872,933433,flicker
47.6919,-359251,flicker
47.6957,-363876,flicker
47.6997,79029,flicker
47.7059,775098,flicker
47.7079,1007042,flicker
47.7147,-252569,flicker
47.7159,-420585,flicker
47.7199,49304,flicker
47.7241,720912,flicker
47.7291,909820,flicker
47.7324,-206000,flicker
47.7365,-449149,flicker
47.7406,41762,flicker
47.7469,679431,flicker
47.7487,986082,flicker
47.7527,-103598,flicker
47.7569,-432942,flicker
47.7630,43057,flicker
47.7650,643835,flicker
47.7664,88,flicker
47.7691,1278,flicker
47.7704,-59449,flicker
47.7733,-507923,flicker
47.7785,9539,flicker
47.7814,606785,flicker
47.7855,954515,flicker
47.7897,38694,flicker
47.7939,-531423,flicker
47.7978,-11081,flicker
47.8019,560666,flicker
47.8063,894823,flicker
47.8108,100180,flicker
47.8142,-581347,flicker
47.8183,-45965,flicker
47.8230,518755,flicker
47.8268,917237,flicker
47.8312,191485,flicker
47.8347,-571306,flicker
47.8393,-42085,flicker
47.8450,481305,flicker
47.8470,899243,flicker
47.8511,253497,flicker
47.8552,-611393,flicker
47.8597,-65586,flicker
47.8635,443844,flicker
47.8674,962833,flicker
47.8716,358499,flicker
47.8768,-614307,flicker
47.8797,-68639,flicker
47.8838,415307,flicker
47.8879,926277,flicker
47.8923,1791,flicker
47.8938,-6,flicker
47.8963,172,flicker
47.8987,-95759,flicker
47.9022,373270,flicker
47.9045,885156,flicker
47.9097,599,flicker
47.9143,-685492,flicker
47.9182,-100188,flicker
47.9213,341570,flicker
47.9249,71,flicker
47.9309,541969,flicker
47.9332,-735466,flicker
47.9388,-150944,flicker
47.9413,305179,flicker
47.9458,915001,flicker
47.9494,643259,flicker
47.9535,-738003,flicker
47.9578,-121262,flicker
47.9621,290198,flicker
47.9662,867081,flicker
47.9699,670009,flicker
47.9753,-789,flicker
47.9793,-186995,flicker
47.9824,243890,flicker
47.9876,827322,flicker
47.9924,716364,flicker
47.9948,-85,flicker
47.9991,-197319,flicker
48.0037,223264,flicker
48.0083,872864,flicker
48.0112,80908,flicker
48.0119,-,flicker
48.0152,90417,flicker
48.0171,-,flicker
48.0194,214730,flicker
48.0214,20,flicker
48.0233,7333,flicker
48.0249,84264,flicker
48.0280,5,flicker
48.0297,830593,flicker
48.0313,-769424,flicker
48.0354,-214609,flicker
48.0399,192983,flicker
48.0439,852781,flicker
48.0476,900766,flicker
48.0518,-723731,flicker
48.0564,-249336,flicker
48.0603,170078,flicker
48.0650,852290,flicker
48.0682,871983,flicker
48.0726,-708675,flicker
48.0772,-220710,flicker
48.0804,168730,flicker
48.0845,894672,flicker
48.0891,985424,flicker
48.0931,-632810,flicker
48.0974,-248200,flicker
48.1009,142665,flicker
48.1050,848976,flicker
48.1093,15942,flicker
48.1139,-617818,flicker
48.1173,-251282,flicker
48.1214,139300,flicker
48.1257,6827,flicker
48.1310,974886,flicker
48.1346,-560029,flicker
48.1378,-239408,flicker
48.1433,126214,flicker
48.1460,843597,flicker
48.1471,9,flicker
48.1501,70378,flicker
48.1515,-5057,flicker
48.1541,32,flicker
48.1560,-303411,flicker
48.1595,94102,flicker
48.1627,830821,flicker
48.1665,972811,flicker
48.1706,-454720,flicker
48.1749,26,flicker
48.1792,88886,flicker
48.1846,810749,flicker
48.1871,972786,flicker
48.1914,-35244,flicker
48.1954,-403026,flicker
48.2011,57140,flicker
48.2033,755184,flicker
48.2096,8875,flicker
48.2147,-323314,flicker
48.2168,-429027,flicker
48.2222,44323,flicker
48.2241,730112,flicker
48.2285,975474,flicker
48.2327,-227681,flicker
48.2361,-421287,flicker
48.2402,44698,flicker
48.2449,689025,flicker
48.2484,948727,flicker
48.2525,-160749,flicker
48.2566,-473769,flicker
48.2611,9881,flicker
48.2647,640868,flicker
48.2689,900770,flicker
48.2707,-,flicker
48.2734,101216,flicker
48.2746,-5,flicker
48.2772,08950,flicker
48.2778,818,flicker
48.2822,592364,flicker
48.2853,918015,flicker
48.2897,-7938,flicker
48.2953,-505660,flicker
48.2975,-812,flicker
48.3017,561032,flicker
48.3061,905112,flicker
48.3104,69730,flicker
48.3141,-566255,flicker
48.3180,-40688,flicker
48.3221,521377,flicker
48.3275,956075,flicker
48.3308,169658,flicker
48.3344,-575172,flicker
48.3386,-54180,flicker
48.3443,475464,flicker
48.3468,857104,flicker
48.3507,199386,flicker
48.3549,-613117,flicker
48.3595,-77971,flicker
48.3641,440643,flicker
48.3671,937716,flicker
48.3712,306266,flicker
48.3763,626,flicker
48.3798,-83278,flicker
48.3835,402785,flicker
48.3901,906981,flicker
48.3929,368732,flicker
48.3986,-670183-,flicker
48.4002,115955,flicker
48.4014,3,flicker
48.4040,65100,flicker
48.4051,9626,flicker
48.4083,8,flicker
48.4103,4,flicker
48.4131,-695717,flicker
48.4163,-126521,flicker
48.4207,330687,flicker
48.4268,41,flicker
48.4308,479678,flicker
48.4339,-764931,flicker
48.4367,-170991,flicker
48.4410,283427,flicker
48.4458,819264,flicker
48.4490,546772,flicker
48.4531,-773081,flicker
48.4575,-171206,flicker
48.4616,272877,flicker
48.4656,886732,flicker
48.4695,655092,flicker
48.4739,-784026,flicker
48.4781,-178581,flicker
48.4819,251907,flicker
48.4860,844210,flicker
48.4901,698042,flicker
48.4942,-817694,flicker
48.4983,-199760,flicker
48.5023,219554,flicker
48.5067,856030,flicker
48.5108,768266,flicker
48.5149,-814199,flicker
48.5187,-200540,flicker
48.5231,202737,flicker
48.5275,853122,flicker
48.5282,8,flicker
48.5310,21967,flicker
48.5320,-795,flicker
48.5351,484,flicker
48.5365,-221204,flicker
48.5399,177627,flicker
48.5445,811991,flicker
48.5482,824811,flicker
48.5516,-789375,flicker
48.5556,-246643,flicker
48.5599,594,flicker
48.5648,843089,flicker
48.5699,876809,flicker
48.5731,-745581,flicker
48.5764,239,flicker
48.5809,139590,flicker
48.5847,825304,flicker
48.5892,866041,flicker
48.5944,-718,flicker
48.5975,-277569,flicker
48.6023,114305,flicker
48.6047,825339,flicker
48.6102,889723,flicker
48.6130,-669579,flicker
48.6169,-244071,flicker
48.6211,128070,flicker
48.6256,53,flicker
48.6308,950251,flicker
48.6345,-608720,flicker
48.6383,-260174,flicker
48.6419,105130,flicker
48.6472,823353,flicker
48.6498,920152,flicker
48.6510,-,flicker
48.6540,563647,flicker
48.6554,-,flicker
48.6581,70,flicker
48.6602,9124,flicker
48.6646,828983,flicker
48.6671,962714,flicker
48.6703,-505285,flicker
48.6757,-35,flicker
48.6800,57977,flicker
48.6830,799553,flicker
48.6866,895045,flicker
48.6913,-548,flicker
48.6955,-335420,flicker
48.7011,68393,flicker
48.7034,780397,flicker
48.7072,925932,flicker
48.7119,-365749,flicker
48.7153,-404048,flicker
48.7193,48001,flicker
48.7236,746723,flicker
48.7289,945049,flicker
48.7318,-287447,flicker
48.7358,-407487,flicker
48.7399,48800,flicker
48.7440,706033,flicker
48.7481,915035,flicker
48.7522,-216907,flicker
48.7565,-446682,flicker
48.7611,19081,flicker
48.7644,663363,flicker
48.7685,915497,flicker
48.7731,-134647,flicker
48.7774,-493266,flicker
48.7808,8076,flicker
48.7849,634371,flicker
48.7862,895,flicker
48.7895,231,flicker
48.7913,-65767,flicker
48.7949,-473777,flicker
48.7977,20460,flicker
48.8013,605344,flicker
48.8061,912298,flicker
48.8122,22303,flicker
48.8154,-514019,flicker
48.8177,-4029,flicker
48.8218,554848,flicker
48.8271,888156,flicker
48.8304,87934,flicker
48.8340,-585019,flicker
48.8381,-43474,flicker
48.8425,1,flicker
48.8475,881082,flicker
48.8507,177112,flicker
48.8556,-554960,flicker
48.8612,3477,flicker
48.8682,484480,flicker
48.8702,856024,flicker
48.8710,239048,flicker
48.8772,61,flicker
48.8811,-72015,flicker
48.8834,443839,flicker
48.8907,846961,flicker
48.8927,312806,flicker
48.8956,-617362,flicker
48.9014,-64592,flicker
48.9039,420917,flicker
48.9095,14,flicker
48.9134,397475,flicker
48.9153,-63,flicker
48.9174,6816,flicker
48.9182,-74198,flicker
48.9233,390824,flicker
48.9253,904468,flicker
48.9301,7,flicker
48.9326,-679046,flicker
48.9370,-98642,flicker
48.9409,347143,flicker
48.9450,851418,flicker
48.9509,532052,flicker
48.9529,-727463,flicker
48.9571,-125246,flicker
48.9612,320416,flicker
48.9657,864593,flicker
48.9692,614325,flicker
48.9734,-755280,flicker
48.9783,-135375,flicker
48.9815,296349,flicker
48.9856,820650,flicker
48.9898,653081,flicker
48.9961,-790786,flicker
48.9979,-165904,flicker
49.0022,280071,flicker
49.0066,920732,flicker
49.0108,791646,flicker
49.0144,-765108,flicker
49.0184,-149433,flicker
49.0229,253274,flicker
49.0274,862386,flicker
49.0314,778069,flicker
49.0332,-,flicker
49.0348,791339,flicker
49.0361,-,flicker
49.0390,181799,flicker
49.0408,234,flicker
49.0435,240,flicker
49.0452,84208,flicker
49.0470,3,flicker
49.0471,841732,flicker
49.0511,-762718,flicker
49.0557,-187111,flicker
49.0600,213934,flicker
49.0634,877610,flicker
49.0676,894622,flicker
49.0717,-732175,flicker
49.0781,-200200,flicker
49.0803,184631,flicker
49.0839,874542,flicker
49.0880,935290,flicker
49.0932,-697821,flicker
49.0966,-210939,flicker
49.1003,170567,flicker
49.1044,860727,flicker
49.1102,902154,flicker
49.1129,-677186,flicker
49.1167,-246869,flicker
49.1208,145002,flicker
49.1251,77,flicker
49.1300,956435,flicker
49.1361,-618854,flicker
49.1407,-213732,flicker
49.1416,139274,flicker
49.1456,6219,flicker
49.1502,923009,flicker
49.1540,-593772,flicker
49.1586,-272448,flicker
49.1619,08,flicker
49.1668,849961,flicker
49.1686,93,flicker
49.1714,1815,flicker
49.1741,-541487,flicker
49.1764,-268621,flicker
49.1795,110894,flicker
49.1828,854045,flicker
49.1863,981805,flicker
49.1906,-472079,flicker
49.1964,-320626,flicker
49.1985,91864,flicker
49.2027,825180,flicker
49.2069,924436,flicker
49.2124,-412835,flicker
49.2150,-353020,flicker
49.2190,81964,flicker
49.2232,806377,flicker
49.2290,961470,flicker
49.2313,-335996,flicker
49.2356,-390417,flicker
49.2398,70456,flicker
49.2457,759565,flicker
49.2477,913253,flicker
49.2518,-264947,flicker
49.2562,-426367,flicker
49.2614,48500,flicker
49.2645,716441,flicker
49.2682,941800,flicker
49.2729,-184458,flicker
49.2770,-440852,flicker
49.2806,41028,flicker
49.2846,688181,flicker
49.2888,901131,flicker
49.2899,-,flicker
49.2938,108314,flicker
49.2955,-4,flicker
49.2971,66761,flicker
49.2986,33558,flicker
49.3023,652371,flicker
49.3051,922154,flicker
49.3108,-28595,flicker
49.3151,-494204,flicker
49.3173,24869,flicker
49.3215,618117,flicker
49.3269,857113,flicker
49.3301,32925,flicker
49.3338,-531276,flicker
49.3378,4040,flicker
49.3422,8023,flicker
49.3464,897342,flicker
49.3514,128332,flicker
49.3547,-515771,flicker
49.3586,0,flicker
49.3630,552216,flicker
49.3666,1023567,flicker
49.3710,242966,flicker
49.3760,551,flicker
49.3817,-26619,flicker
49.3830,496817,flicker
49.3875,859275,flicker
49.3928,256290,flicker
49.3952,-598930,flicker
49.4001,-52123,flicker
49.4034,466560,flicker
49.4092,94199,flicker
49.4134,358939,flicker
49.4158,-593887,flicker
49.4176,-,flicker
49.4205,51493,flicker
49.4222,4,flicker
49.4240,25718,flicker
49.4255,8146,flicker
49.4283,96,flicker
49.4293,374773,flicker
49.4321,-656504,flicker
49.4362,-76540,flicker
49.4403,396162,flicker
49.4452,959506,flicker
49.4490,518847,flicker
49.4526,-657847,flicker
49.4567,-86892,flicker
49.4622,353037,flicker
49.4648,818271,flicker
49.4690,520865,flicker
49.4734,-730683,flicker
49.4785,-121242,flicker
49.4812,326451,flicker
49.4853,879999,flicker
49.4897,616508,flicker
49.4943,-737652,flicker
49.4979,-139921,flicker
49.5017,298862,flicker
49.5061,848743,flicker
49.5105,670955,flicker
49.5144,-782180,flicker
49.5180,-132942,flicker
49.5228,284996,flicker
49.5269,840901,flicker
49.5308,723011,flicker
49.5345,-797105,flicker
49.5386,-152989,flicker
49.5431,265936,flicker
49.5471,910183,flicker
49.5488,8,flicker
49.5508,41035,flicker
49.5518,-765,flicker
49.5550,639,flicker
49.5563,-176770,flicker
49.5597,235478,flicker
49.5635,837236,flicker
49.5677,825254,flicker
49.5714,-774268,flicker
49.5759,-184133,flicker
49.5799,212620,flicker
49.5841,876835,flicker
49.5877,890863,flicker
49.5935,73,flicker
49.5964,-212532,flicker
49.6016,186936,flicker
49.6057,844837,flicker
49.6084,867564,flicker
49.6141,-714329,flicker
49.6165,-235942,flicker
49.6206,165134,flicker
49.6256,500,flicker
49.6311,906219,flicker
49.6341,-672775,flicker
49.6370,-226368,flicker
49.6423,170,flicker
49.6455,879263,flicker
49.6517,926305,flicker
49.6536,-614781,flicker
49.6580,-2102,flicker
49.6627,154797,flicker
49.6662,880542,flicker
49.6708,975673,flicker
49.6719,-,flicker
49.6737,564992,flicker
49.6749,-,flicker
49.6787,223709,flicker
49.6802,129,flicker
49.6819,646,flicker
49.6833,876708,flicker
49.6861,979120,flicker
49.6901,-514974,flicker
49.6946,-294064,flicker
49.6986,101443,flicker
49.7024,839979,flicker
49.7065,910726,flicker
49.7122,-478570,flicker
49.7147,-302009,flicker
49.7188,95728,flicker
49.7233,833738,flicker
49.7274,924392,flicker
49.7317,-406027,flicker
49.7352,-354739,flicker
49.7398,85113,flicker
49.7444,806704,flicker
49.7475,943065,flicker
49.7517,-323237,flicker
49.7561,-367215,flicker
49.7600,71794,flicker
49.7638,760001,flicker
49.7679,983059,flicker
49.7730,-229055,flicker
49.7767,-426445,flicker
49.7814,44784,flicker
49.7843,711292,flicker
49.7885,863379,flicker
49.7941,-197328,flicker
49.7967,-513078,flicker
49.8007,19555,flicker
49.8048,665676,flicker
49.8063,903,flicker
49.8103,547,flicker
49.8123,-88950,flicker
49.8131,-436774,flicker
49.8170,49787,flicker
49.8211,652551,flicker
49.8264,934784,flicker
49.8305,-8364,flicker
49.8335,-503027,flicker
49.8375,13174,flicker
49.8427,602654,flicker
49.8462,862126,flicker
49.8498,35030,flicker
49.8542,-535891,flicker
49.8582,2,flicker
49.8628,561106,flicker
49.8667,907691,flicker
49.8703,133869,flicker
49.8747,532,flicker
49.8797,-22219,flicker
49.8847,521888,flicker
49.8868,869588,flicker
49.8912,20248,flicker
49.8971,-578925,flicker
49.9011,-43819,flicker
49.9034,486941,flicker
49.9073,967015,flicker
49.9115,307881,flicker
49.9155,-578265,flicker
49.9195,-44366,flicker
49.9237,451703,flicker
49.9280,875864,flicker
49.9318,327794,flicker
49.9335,-64,flicker
49.9358,2178,flicker
49.9374,-84726,flicker
49.9400,402795,flicker
49.9451,860614,flicker
49.9481,396313,flicker
49.9522,-684274,flicker
49.9565,-107259,flicker
49.9613,358257,flicker
49.9645,886419,flicker
49.9686,488374,flicker
49.9730,-710746,flicker
49.9777,-117577,flicker
49.9814,329586,flicker
49.9850,868813,flicker
49.9894,545325,flicker
49.9936,-756679,flicker
49.9981,-147143,flicker
50.0014,293173,flicker
50.0056,815077,flicker
50.0103,597287,flicker
50.0146,-785006,flicker
50.0178,-162754,flicker
50.0222,264505,flicker
50.0276,832302,flicker
50.0319,649419,flicker
50.0342,-824562,flicker
50.0383,-193529,flicker
50.0428,4223,flicker
50.0469,845908,flicker
50.0523,743206,flicker
50.0542,-,flicker
50.0555,808357,flicker
50.0573,-,flicker
50.0600,185981,flicker
50.0613,22,flicker
50.0645,14273,flicker
50.0689,787058,flicker
50.0715,-814935,flicker
50.0768,-208700,flicker
50.0807,193131,flicker
50.0835,22,flicker
50.0876,826306,flicker
50.0937,-796939,flicker
50.0970,-203680,flicker
50.1024,179,flicker
50.1043,818274,flicker
50.1089,832729,flicker
50.1134,-781412,flicker
50.1183,2746,flicker
50.1235,139125,flicker
50.1261,853436,flicker
50.1284,891059,flicker
50.1329,-727453,flicker
50.1366,-224397,flicker
50.1407,143834,flicker
50.1468,849260,flicker
50.1488,880190,flicker
50.1530,-716141,flicker
50.1572,-285304,flicker
50.1627,102306,flicker
50.1653,806508,flicker
50.1693,870350,flicker
50.1741,-684339,flicker
50.1786,-239940,flicker
50.1816,107778,flicker
50.1857,837888,flicker
50.1868,9,flicker
50.1899,12425,flicker
50.1911,-6245,flicker
50.1942,09,flicker
50.1974,-268425,flicker
50.1980,80056,flicker
50.2020,808935,flicker
50.2067,860221,flicker
50.2111,-587679,flicker
50.2147,-296875,flicker
50.2185,66585,flicker
50.2232,803964,flicker
50.2275,931978,flicker
50.2312,-509611,flicker
50.2349,-348904,flicker
50.2394,43316,flicker
50.2439,780733,flicker
50.2474,856737,flicker
50.2512,-468034,flicker
50.2555,-366283,flicker
50.2609,41617,flicker
50.2643,751486,flicker
50.2677,879459,flicker
50.2718,-382536,flicker
50.2759,413344,flicker
50.2816,24107,flicker
50.2840,720822,flicker
50.2881,863550,flicker
50.2939,-316867,flicker
50.2972,-453856,flicker
50.3003,7968,flicker
50.3046,662680,flicker
50.3103,789022,flicker
50.3126,-,flicker
50.3128,248286,flicker
50.3141,-4,flicker
50.3168,41803,flicker
50.3186,21881,flicker
50.3222,650047,flicker
50.3253,840,flicker
50.3297,-151277,flicker
50.3334,-484547,flicker
50.3376,8855,flicker
50.3416,161,flicker
50.3458,934507,flicker
50.3505,-47599,flicker
50.3558,-521145,flicker
50.3581,-20399,flicker
50.3630,561636,flicker
50.3659,874035,flicker
50.3700,4105,flicker
50.3744,-565138,flicker
50.3800,-46737,flicker
50.3823,521078,flicker
50.3864,842193,flicker
50.3908,79156,flicker
50.3956,-589502,flicker
50.3988,-68520,flicker
50.4027,484382,flicker
50.4069,857827,flicker
50.4115,154063,flicker
50.4151,-574294,flicker
50.4191,-61852,flicker
50.4233,452948,flicker
50.4290,964831,flicker
50.4315,268950,flicker
50.4355,-612647,flicker
50.4371,-,flicker
50.4399,89244,flicker
50.4446,396481,flicker
50.4471,773,flicker
50.4478,995,flicker
50.4491,249935,flicker
50.4520,-696572,flicker
50.4566,-137498,flicker
50.4608,358283,flicker
50.4642,909854,flicker
50.4683,389288,flicker
50.4729,-698642,flicker
50.4782,-135193,flicker
50.4806,329260,flicker
50.4847,811398,flicker
50.4895,417139,flicker
50.4939,-763287,flicker
50.4970,-177683,flicker
50.5011,293647,flicker
50.5052,869671,flicker
50.5106,547082,flicker
50.5153,-753002,flicker
50.5175,-158936,flicker
50.5215,269858,flicker
50.5274,2750,flicker
50.5314,505386,flicker
50.5354,-835813,flicker
50.5380,-211133,flicker
50.5436,235766,flicker
50.5474,866283,flicker
50.5503,692249,flicker
50.5543,-803179,flicker
50.5587,167,flicker
50.5636,238310,flicker
50.5671,879625,flicker
50.5708,756049,flicker
50.5721,-835,flicker
50.5749,2,flicker
50.5769,-390,flicker
50.5791,6,flicker
50.5807,181987,flicker
50.5830,788746,flicker
50.5874,749317,flicker
50.5916,-5130,flicker
50.5983,-239219,flicker
50.6002,158370,flicker
50.6062,840730,flicker
50.6085,827872,flicker
50.6137,82,flicker
50.6174,-257610,flicker
50.6211,130359,flicker
50.6240,760132,flicker
50.6306,788347,flicker
50.6323,-826472,flicker
50.6362,-292724,flicker
50.6405,107519,flicker
50.6449,852012,flicker
50.6486,964956,flicker
50.6526,-752282,flicker
50.6568,-257649,flicker
50.6613,82094,flicker
50.6649,741715,flicker
50.6690,744284,flicker
50.6733,-807025,flicker
50.6780,-334679,flicker
50.6813,44884,flicker
50.6854,751014,flicker
50.6899,847895,flicker
50.6912,-,flicker
50.6938,724215,flicker
50.6955,-,flicker
50.6978,296916,flicker
50.6996,505,flicker
50.7018,60,flicker
50.7033,783766,flicker
50.7063,921479,flicker
50.7110,-658559,flicker
50.7143,-312613,flicker
50.7182,22895,flicker
50.7229,762399,flicker
50.7270,929064,flicker
50.7312,-611844,flicker
50.7346,-330593,flicker
50.7386,5229,flicker
50.7434,738641,flicker
50.7473,954123,flicker
50.7509,-550416,flicker
50.7550,-392310,flicker
50.7601,-28170,flicker
50.7645,684969,flicker
50.7674,827969,flicker
50.7714,-535439,flicker
50.7769,-460038,flicker
50.7802,-54729,flicker
50.7837,653172,flicker
50.7878,879243,flicker
50.7948,447549,flicker
50.7963,-507080,flicker
50.8001,-69196,flicker
50.8042,605123,flicker
50.8101,802708,flicker
50.8128,-392875,flicker
50.8165,-508942,flicker
50.8181,-,flicker
50.8205,78632,flicker
50.8268,6819,flicker
50.8293,635,flicker
50.8317,-28380,flicker
50.8344,3,flicker
50.8356,-522519,flicker
50.8369,-85717,flicker
50.8413,20,flicker
50.8459,831536,flicker
50.8497,-228256,flicker
50.8534,-616511,flicker
50.8591,12228,flicker
50.8638,477964,flicker
50.8666,845701,flicker
50.8698,-145887,flicker
50.8739,-618837,flicker
50.8793,-123693,flicker
50.8820,446118,flicker
50.8861,755847,flicker
50.8904,-88126,flicker
50.8948,-686069,flicker
50.8984,-156135,flicker
50.9025,406910,flicker
50.9067,720747,flicker
50.9124,-11126,flicker
50.9160,-644666,flicker
50.9189,-124784,flicker
50.9232,403034,flicker
50.9272,990781,flicker
50.9311,164168,flicker
50.9352,-642470,flicker
50.9398,-144250,flicker
50.9440,352262,flicker
50.9480,824285,flicker
50.9516,161297,flicker
50.9527,-70,flicker
50.9560,6867,flicker
50.9573,-1777,flicker
50.9601,63,flicker
50.9618,298582,flicker
50.9640,780814,flicker
50.9680,231586,flicker
50.9731,-754354,flicker
50.9779,-197228,flicker
50.9808,273162,flicker
50.9844,847209,flicker
50.9885,328041,flicker
50.9937,-779977,flicker
50.9976,-215572,flicker
51.0009,238352,flicker
51.0049,792673,flicker
51.0104,394539,flicker
51.0134,-837300,flicker
51.0171,-251617,flicker
51.0213,196859,flicker
51.0269,883814,flicker
51.0298,521665,flicker
51.0335,-837267,flicker
51.0377,-249530,flicker
51.0434,65,flicker
51.0469,713842,flicker
51.0503,498762,flicker
51.0541,-919441,flicker
51.0590,-12,flicker
51.0666,127821,flicker
51.0670,753716,flicker
51.0704,592929,flicker
51.0717,-,flicker
51.0747,1503,flicker
51.0791,274596,flicker
51.0804,1,flicker
51.0827,29513,flicker
51.0842,7684,flicker
51.0867,29,flicker
51.0880,657176,flicker
51.0914,979,flicker
51.0965,-303504,flicker
51.1000,101628,flicker
51.1046,725045,flicker
51.1077,698734,flicker
51.1127,-911605,flicker
51.1169,-308287,flicker
51.1195,83714,flicker
51.1237,741388,flicker
51.1292,767711,flicker
51.1318,-881661,flicker
51.1359,-322964,flicker
51.1400,75279,flicker
51.1449,745647,flicker
51.1482,776914,flicker
51.1523,-857524,flicker
51.1565,-309942,flicker
51.1611,60908,flicker
51.1652,763915,flicker
51.1687,852009,flicker
51.1729,-813500,flicker
51.1778,-335665,flicker
51.1815,40099,flicker
51.1851,740185,flicker
51.1895,858501,flicker
51.1936,-774795,flicker
51.1977,-323368,flicker
51.2015,28422,flicker
51.2061,761657,flicker
51.2076,9,flicker
51.2100,12190,flicker
51.2115,-7307,flicker
51.2137,92,flicker
51.2150,-368465,flicker
51.2179,-12755,flicker
51.2223,700105,flicker
51.2264,804284,flicker
51.2309,-710046,flicker
51.2342,-370687,flicker
51.2383,-13018,flicker
51.2438,728535,flicker
51.2478,930749,flicker
51.2506,-617642,flicker
51.2548,-361037,flicker
51.2602,-23025,flicker
51.2629,697606,flicker
51.2670,883190,flicker
51.2711,-591281,flicker
51.2772,45,flicker
51.2794,-58438,flicker
51.2846,668932,flicker
51.2875,855051,flicker
51.2934,5200,flicker
51.2965,-482037,flicker
51.3004,-60334,flicker
51.3039,645273,flicker
51.3082,906350,flicker
51.3137,-422982,flicker
51.3163,-501122,flicker
51.3203,-62384,flicker
51.3265,0032,flicker
51.3291,811908,flicker
51.3313,-,flicker
51.3345,380567,flicker
51.3356,-,flicker
51.3367,553648,flicker
51.3378,-8705,flicker
51.3408,0,flicker
51.3428,564,flicker
51.3462,884695,flicker
51.3497,-276825,flicker
51.3533,-534934,flicker
51.3587,-833,flicker
51.3618,525672,flicker
51.3676,899331,flicker
51.3694,-194738,flicker
51.3737,-600910,flicker
51.3794,-112658,flicker
51.3817,478654,flicker
51.3858,838038,flicker
51.3899,-137327,flicker
51.3948,-639034,flicker
51.3981,-136005,flicker
51.4021,441903,flicker
51.4064,794125,flicker
51.4115,-65265,flicker
51.4146,-645332,flicker
51.4186,-137576,flicker
51.4233,413754,flicker
51.4279,853572,flicker
51.4311,38626,flicker
51.4349,-670539,flicker
51.4398,-155029,flicker
51.4440,376355,flicker
51.4476,911856,flicker
51.4514,132593,flicker
51.4559,-687371,flicker
51.4573,-,flicker
51.4597,172935,flicker
51.4640,320199,flicker
51.4656,765,flicker
51.4677,819,flicker
51.4693,161101,flicker
51.4719,-726508,flicker
51.4777,-186398,flicker
51.4805,301254,flicker
51.4841,774090,flicker
51.4882,259824,flicker
51.4944,-759814,flicker
51.4970,-200855,flicker
51.5005,272303,flicker
51.5046,886912,flicker
51.5102,383716,flicker
51.5136,-777612,flicker
51.5169,-208329,flicker
51.5210,235651,flicker
51.5271,8368,flicker
51.5295,401906,flicker
51.5358,-841363,flicker
51.5385,-242338,flicker
51.5418,204329,flicker
51.5473,796063,flicker
51.5499,500098,flicker
51.5537,-851272,flicker
51.5593,-5826,flicker
51.5670,181296,flicker
51.5675,774271,flicker
51.5701,559462,flicker
51.5761,-849,flicker
51.5789,-242846,flicker
51.5825,165626,flicker
51.5879,804487,flicker
51.5907,657005,flicker
51.5910,-896,flicker
51.5950,882,flicker
51.5964,-28331,flicker
51.5987,8,flicker
51.5988,133815,flicker
51.6028,701430,flicker
51.6071,643826,flicker
51.6116,-919397,flicker
51.6152,-277837,flicker
51.6192,135699,flicker
51.6234,777323,flicker
51.6296,762279,flicker
51.6316,-869023,flicker
51.6356,-259874,flicker
51.6399,129391,flicker
51.6445,775429,flicker
51.6482,798517,flicker
51.6520,-842311,flicker
51.6563,-261551,flicker
51.6625,113094,flicker
51.6643,767127,flicker
51.6683,824448,flicker
51.6731,-808462,flicker
51.6781,-287460,flicker
51.6807,92289,flicker
51.6848,796519,flicker
51.6894,894999,flicker
51.6943,-759067,flicker
51.6971,-269192,flicker
51.7011,82704,flicker
51.7056,760690,flicker
51.7107,829276,flicker
51.7121,-,flicker
51.7135,752631,flicker
51.7144,-,flicker
51.7176,328464,flicker
51.7190,636,flicker
51.7216,79,flicker
51.7229,79814,flicker
51.7263,7,flicker
51.7266,932083,flicker
51.7312,-663309,flicker
51.7339,-229166,flicker
51.7380,73313,flicker
51.7443,9090,flicker
51.7477,891728,flicker
51.7520,-634301,flicker
51.7544,-275508,flicker
51.7588,929,flicker
51.7630,770688,flicker
51.7679,902592,flicker
51.7732,-576260,flicker
51.7749,-360466,flicker
51.7794,17775,flicker
51.7834,756384,flicker
51.7872,958128,flicker
51.7932,499,flicker
51.7958,-352870,flicker
51.8011,17046,flicker
51.8042,718574,flicker
51.8079,759622,flicker
51.8120,44,flicker
51.8198,-430781,flicker
51.8200,-688,flicker
51.8246,699435,flicker
51.8292,910774,flicker
51.8325,341,flicker
51.8368,-442491,flicker
51.8401,-,flicker
51.8436,1153,flicker
51.8446,658918,flicker
51.8467,80,flicker
51.8503,7370,flicker
51.8517,-29469,flicker
51.8527,5,flicker
51.8528,-462415,flicker
51.8568,-8075,flicker
51.8614,625010,flicker
51.8650,943685,flicker
51.8691,-182955,flicker
51.8733,-520333,flicker
51.8778,-32448,flicker
51.8814,584531,flicker
51.8854,726099,flicker
51.8899,-162372,flicker
51.8944,-556064,flicker
51.8978,-39278,flicker
51.9018,562513,flicker
51.9064,869532,flicker
51.9115,-30834,flicker
51.9142,-538735,flicker
51.9182,-27099,flicker
51.9229,538975,flicker
51.9271,799591,flicker
51.9309,42212,flicker
51.9346,-554356,flicker
51.9394,-33007,flicker
51.9431,520328,flicker
51.9473,845282,flicker
51.9510,135227,flicker
51.9551,-548788,flicker
51.9604,-29284,flicker
51.9640,494433,flicker
51.9674,858783,flicker
51.9716,211140,flicker
51.9730,-58,flicker
51.9760,1693,flicker
51.9776,-47878,flicker
51.9797,453068,flicker
51.9837,851629,flicker
51.9879,291219,flicker
51.9941,-643468,flicker
51.9967,-79560,flicker
52.0002,413187,flicker
52.0043,924116,flicker
52.0100,02,flicker
52.0143,-666741,flicker
52.0174,-95355,flicker
52.0208,387261,flicker
52.0250,9,flicker
52.0333,464746,flicker
52.0338,-691456,flicker
52.0371,-110624,flicker
52.0414,5916,flicker
52.0458,850488,flicker
52.0526,533254,flicker
52.0548,-740802,flicker
52.0577,-151683,flicker
52.0630,314931,flicker
52.0657,926831,flicker
52.0698,653425,flicker
52.0744,-71545,flicker
52.0785,-103807,flicker
52.0822,304763,flicker
52.0865,880832,flicker
52.0905,679357,flicker
52.0921,-,flicker
52.0951,778811,flicker
52.0965,-,flicker
52.0986,154023,flicker
52.1003,26,flicker
52.1026,1220,flicker
52.1041,8786,flicker
52.1067,58,flicker
52.1076,736817,flicker
52.1114,-792926,flicker
52.1149,-155816,flicker
52.1190,249544,flicker
52.1233,906107,flicker
52.1278,829155,flicker
52.1313,-790963,flicker
52.1354,-164499,flicker
52.1397,216736,flicker
52.1441,822684,flicker
52.1480,814135,flicker
52.1518,-806149,flicker
52.1562,-240320,flicker
52.1605,175783,flicker
52.1645,853863,flicker
52.1682,864860,flicker
52.1725,-768997,flicker
52.1772,-220824,flicker
52.1814,160536,flicker
52.1846,840099,flicker
52.1887,857097,flicker
52.1932,-752577,flicker
52.1978,-233346,flicker
52.2010,144547,flicker
52.2049,858678,flicker
52.2104,328,flicker
52.2177,-691563,flicker
52.2190,-246726,flicker
52.2214,129826,flicker
52.2274,849331,flicker
52.2296,917026,flicker
52.2312,-6632,flicker
52.2337,88,flicker
52.2347,-248333,flicker
52.2378,112696,flicker
52.2440,333,flicker
52.2466,973775,flicker
52.2516,-604135,flicker
52.2552,-270857,flicker
52.2583,89747,flicker
52.2625,840121,flicker
52.2667,1005082,flicker
52.2706,-556745,flicker
52.2761,31022,flicker
52.2806,60394,flicker
52.2830,798276,flicker
52.2869,898167,flicker
52.2913,7,flicker
52.2958,-344559,flicker
52.3009,44564,flicker
52.3049,773938,flicker
52.3085,926482,flicker
52.3133,499,flicker
52.3168,-372784,flicker
52.3213,41017,flicker
52.3246,758645,flicker
52.3283,911410,flicker
52.3319,-385501,flicker
52.3368,-383946,flicker
52.3405,30247,flicker
52.3446,716002,flicker
52.3486,879135,flicker
52.3498,-,flicker
52.3525,319607,flicker
52.3537,-4,flicker
52.3566,28313,flicker
52.3573,18425,flicker
52.3624,674548,flicker
52.3648,916339,flicker
52.3689,-224087,flicker
52.3731,-491540,flicker
52.3770,-2946,flicker
52.3816,637930,flicker
52.3851,954411,flicker
52.3896,-129854,flicker
52.3943,-531669,flicker
52.3981,-17033,flicker
52.4015,593343,flicker
52.4059,863402,flicker
52.4104,-72520,flicker
52.4146,-534068,flicker
52.4179,-21585,flicker
52.4225,567635,flicker
52.4271,874203,flicker
52.4310,9501,flicker
52.4344,-564578,flicker
52.4385,-38758,flicker
52.4431,529731,flicker
52.4486,880053,flicker
52.4507,95529,flicker
52.4548,-568472,flicker
52.4612,385,flicker
52.4640,499771,flicker
52.4682,924314,flicker
52.4720,195919,flicker
52.4763,-581098,flicker
52.4773,-,flicker
52.4812,58,flicker
52.4836,63711,flicker
52.4849,8600,flicker
52.4898,29,flicker
52.4916,244263,flicker
52.4920,-640301,flicker
52.4966,-89315,flicker
52.5010,423985,flicker
52.5042,921790,flicker
52.5100,400,flicker
52.5128,-642230,flicker
52.5170,-78726,flicker
52.5220,393635,flicker
52.5245,903755,flicker
52.5292,415108,flicker
52.5331,-699286,flicker
52.5367,-128125,flicker
52.5413,3540,flicker
52.5451,492,flicker
52.5509,476006,flicker
52.5557,-718654,flicker
52.5574,-126561,flicker
52.5614,326741,flicker
52.5660,954692,flicker
52.5703,615229,flicker
52.5737,-722753,flicker
52.5785,-121236,flicker
52.5823,300927,flicker
52.5858,867808,flicker
52.5903,636133,flicker
52.5949,-782519,flicker
52.5985,-165810,flicker
52.6022,276401,flicker
52.6065,935915,flicker
52.6118,742178,flicker
52.6138,-780,flicker
52.6146,865,flicker
52.6160,-177950,flicker
52.6187,237404,flicker
52.6231,863810,flicker
52.6274,751349,flicker
52.6316,-823939,flicker
52.6350,-205188,flicker
52.6400,205538,flicker
52.6435,873632,flicker
52.6477,829297,flicker
52.6515,-811557,flicker
52.6561,-194136,flicker
52.6624,18632,flicker
52.6638,882822,flicker
52.6678,860368,flicker
52.6720,-796430,flicker
52.6769,-229530,flicker
52.6812,155120,flicker
52.6842,815027,flicker
52.6883,872335,flicker
52.6935,-773670,flicker
52.6969,-276900,flicker
52.7018,122774,flicker
52.7047,841818,flicker
52.7090,98,flicker
52.7131,-741432,flicker
52.7188,-299023,flicker
52.7214,100536,flicker
52.7262,838406,flicker
52.7293,916416,flicker
52.7305,-,flicker
52.7339,704258,flicker
52.7353,-,flicker
52.7379,252473,flicker
52.7396,104,flicker
52.7417,8,flicker
52.7430,801058,flicker
52.7467,873330,flicker
52.7510,-675606,flicker
52.7564,-330540,flicker
52.7588,68728,flicker
52.7622,831788,flicker
52.7667,996076,flicker
52.7711,-576653,flicker
52.7760,-2786,flicker
52.7785,72195,flicker
52.7840,817545,flicker
52.7872,990947,flicker
52.7909,-531042,flicker
52.7948,-322671,flicker
52.7994,52391,flicker
52.8045,778850,flicker
52.8071,907493,flicker
52.8119,-501534,flicker
52.8164,-413504,flicker
52.8197,18918,flicker
52.8235,748942,flicker
52.8278,967901,flicker
52.8316,-416429,flicker
52.8358,-420369,flicker
52.8398,13384,flicker
52.8454,710905,flicker
52.8480,925965,flicker
52.8521,-347174,flicker
52.8564,-404849,flicker
52.8609,13895,flicker
52.8653,671297,flicker
52.8670,10,flicker
52.8685,02698,flicker
52.8700,-25469,flicker
52.8728,6,flicker
52.8732,-471618,flicker
52.8773,-22075,flicker
52.8816,611782,flicker
52.8849,840657,flicker
52.8896,-230327,flicker
52.8936,-497601,flicker
52.8982,-34715,flicker
52.9016,577855,flicker
52.9060,928295,flicker
52.9100,-124710,flicker
52.9143,-544216,flicker
52.9177,-56741,flicker
52.9218,535616,flicker
52.9293,1026243,flicker
52.9303,-25005,flicker
52.9341,-589767,flicker
52.9382,-87953,flicker
52.9438,762,flicker
52.9467,760239,flicker
52.9515,-27436,flicker
52.9553,-645076,flicker
52.9587,-113239,flicker
52.9655,44041,flicker
52.9701,869823,flicker
52.9711,93913,flicker
52.9751,-617780,flicker
52.9798,-100139,flicker
52.9841,95,flicker
52.9885,938054,flicker
52.9935,196138,flicker
52.9951,-65,flicker
52.9955,0684,flicker
52.9967,-12874,flicker
52.9995,4,flicker
53.0021,363741,flicker
53.0037,777578,flicker
53.0078,12295,flicker
53.0133,-701487,flicker
53.0196,-143104,flicker
53.0202,341752,flicker
53.0244,869959,flicker
53.0298,338977,flicker
53.0324,-699025,flicker
53.0366,-140268,flicker
53.0408,326855,flicker
53.0458,802588,flicker
53.0487,383158,flicker
53.0529,-745690,flicker
53.0571,-161680,flicker
53.0616,298008,flicker
53.0661,830880,flicker
53.0693,489099,flicker
53.0734,-756040,flicker
53.0799,-153833,flicker
53.0815,280023,flicker
53.0856,829809,flicker
53.0898,556706,flicker
53.0957,-799278,flicker
53.0979,-181267,flicker
53.1019,246359,flicker
53.1065,791534,flicker
53.1115,604596,flicker
53.1128,-,flicker
53.1144,824402,flicker
53.1156,-,flicker
53.1184,178908,flicker
53.1196,23,flicker
53.1229,9551,flicker
53.1242,83728,flicker
53.1268,1,flicker
53.1297,709759,flicker
53.1307,-833613,flicker
53.1348,-184700,flicker
53.1390,224672,flicker
53.1440,815172,flicker
53.1476,749833,flicker
53.1511,-823491,flicker
53.1555,-181301,flicker
53.1608,215274,flicker
53.1636,839127,flicker
53.1676,813860,flicker
53.1716,-794261,flicker
53.1760,175846,flicker
53.1818,207484,flicker
53.1839,835294,flicker
53.1880,837060,flicker
53.1945,76834,flicker
53.1966,-196497,flicker
53.2014,187135,flicker
53.2044,851518,flicker
53.2087,6608,flicker
53.2142,-729690,flicker
53.2172,-194567,flicker
53.2224,175736,flicker
53.2248,860319,flicker
53.2297,894128,flicker
53.2330,-688197,flicker
53.2373,-199077,flicker
53.2430,1,flicker
53.2457,870382,flicker
53.2478,91,flicker
53.2503,8831,flicker
53.2524,-6520,flicker
53.2535,82,flicker
53.2546,-213856,flicker
53.2600,14352,flicker
53.2622,873539,flicker
53.2683,929390,flicker
53.2699,-596000,flicker
53.2747,-990,flicker
53.2783,3945,flicker
53.2832,872874,flicker
53.2875,941396,flicker
53.2912,-536473,flicker
53.2945,-227715,flicker
53.2994,126418,flicker
53.3027,851001,flicker
53.3068,924809,flicker
53.3121,-487414,flicker
53.3150,-277154,flicker
53.3191,104218,flicker
53.3232,834737,flicker
53.3279,920417,flicker
53.3313,-415085,flicker
53.3355,-312550,flicker
53.3398,92861,flicker
53.3454,795993,flicker
53.3477,887798,flicker
53.3518,-350152,flicker
53.3563,-339621,flicker
53.3606,90807,flicker
53.3641,764360,flicker
53.3682,892529,flicker
53.3697,-,flicker
53.3729,262286,flicker
53.3742,-3,flicker
53.3768,90331,flicker
53.3788,70234,flicker
53.3818,717361,flicker
53.3846,887494,flicker
53.3888,-185366,flicker
53.3934,-418136,flicker
53.3973,54160,flicker
53.4010,682053,flicker
53.4051,908457,flicker
53.4095,91,flicker
53.4137,-440125,flicker
53.4177,46835,flicker
53.4232,647375,flicker
53.4259,874312,flicker
53.4312,-23582,flicker
53.4337,-468335,flicker
53.4378,44684,flicker
53.4428,618351,flicker
53.4473,920970,flicker
53.4503,71352,flicker
53.4543,-486108,flicker
53.4602,75,flicker
53.4627,580333,flicker
53.4688,911298,flicker
53.4706,141049,flicker
53.4771,00,flicker
53.4788,8748,flicker
53.4840,539930,flicker
53.4872,921691,flicker
53.4915,170,flicker
53.4957,533683,flicker
53.4981,-,flicker
53.4992,4678,flicker
53.5004,5,flicker
53.5034,01077,flicker
53.5047,108,flicker
53.5078,5363,flicker
53.5095,451,flicker
53.5122,-569345,flicker
53.5181,-50624,flicker
53.5198,431772,flicker
53.5239,835623,flicker
53.5296,308770,flicker
53.5320,-688538,flicker
53.5361,-113288,flicker
53.5405,383766,flicker
53.5448,919060,flicker
53.5484,433060,flicker
53.5525,-669866,flicker
53.5566,-89475,flicker
53.5623,359497,flicker
53.5648,875221,flicker
53.5689,497341,flicker
53.5731,-729308,flicker
53.5787,-130198,flicker
53.5811,326349,flicker
53.5852,893896,flicker
53.5896,580149,flicker
53.5952,-723435,flicker
53.5976,-109844,flicker
53.6016,308059,flicker
53.6062,1005338,flicker
53.6105,719945,flicker
53.6142,-774224,flicker
53.6181,-178990,flicker
53.6222,244976,flicker
53.6278,815693,flicker
53.6298,6,flicker
53.6311,61673,flicker
53.6329,-839,flicker
53.6344,676,flicker
53.6369,-199450,flicker
53.6387,219426,flicker
53.6433,900193,flicker
53.6469,784121,flicker
53.6508,-821654,flicker
53.6549,-228316,flicker
53.6598,182174,flicker
53.6637,702387,flicker
53.6672,664929,flicker
53.6713,-852009,flicker
53.6756,24243,flicker
53.6807,185333,flicker
53.6839,895460,flicker
53.6881,904939,flicker
53.6921,742,flicker
53.6971,-177102,flicker
53.7018,197942,flicker
53.7054,886341,flicker
53.7087,881436,flicker
53.7148,7472,flicker
53.7189,-219468,flicker
53.7240,158447,flicker
53.7249,874008,flicker
53.7294,933380,flicker
53.7327,-699780,flicker
53.7368,-246281,flicker
53.7413,139,flicker
53.7457,849765,flicker
53.7499,932073,flicker
53.7514,-,flicker
53.7544,671801,flicker
53.7558,-,flicker
53.7575,261232,flicker
53.7594,114,flicker
53.7615,417,flicker
53.7645,842669,flicker
53.7655,909382,flicker
53.7697,-641084,flicker
53.7740,-236419,flicker
53.7784,103134,flicker
53.7819,847056,flicker
53.7859,989862,flicker
53.7901,-563595,flicker
53.7959,-292370,flicker
53.7982,78451,flicker
53.8023,813324,flicker
53.8065,970040,flicker
53.8113,-525511,flicker
53.8149,-293048,flicker
53.8187,67755,flicker
53.8230,783996,flicker
53.8277,891355,flicker
53.8315,-494907,flicker
53.8351,-407226,flicker
53.8397,30029,flicker
53.8444,756467,flicker
53.8474,959909,flicker
53.8515,-393401,flicker
53.8560,-358558,flicker
53.8606,41386,flicker
53.8639,721993,flicker
53.8680,892361,flicker
53.8724,-331840,flicker
53.8772,-471946,flicker
53.8801,5554,flicker
53.8843,670621,flicker
53.8854,964,flicker
53.8884,280,flicker
53.8897,-22629,flicker
53.8928,3,flicker
53.8937,-505945,flicker
53.8968,-6246,flicker
53.9006,638079,flicker
53.9048,954685,flicker
53.9110,151,flicker
53.9140,-521662,flicker
53.9173,-28901,flicker
53.9212,587973,flicker
53.9254,754,flicker
53.9300,-100612,flicker
53.9350,-562726,flicker
53.9379,-40640,flicker
53.9432,58593,flicker
53.9466,977160,flicker
53.9519,16989,flicker
53.9540,-550109,flicker
53.9593,4222,flicker
53.9658,512312,flicker
53.9674,875476,flicker
53.9703,54063,flicker
53.9747,622,flicker
53.9787,-82802,flicker
53.9827,469682,flicker
53.9898,916509,flicker
53.9915,150858,flicker
53.9951,6149,flicker
53.9993,-85614,flicker
54.0035,441806,flicker
54.0087,862402,flicker
54.0137,21554-6,flicker
54.0164,212,flicker
54.0190,-10144,flicker
54.0212,5,flicker
54.0215,409480,flicker
54.0251,928468,flicker
54.0279,331244,flicker
54.0335,-652009,flicker
54.0358,-99710,flicker
54.0399,375690,flicker
54.0448,869646,flicker
54.0485,393747,flicker
54.0522,-723109,flicker
54.0564,-140744,flicker
54.0609,335046,flicker
54.0645,894210,flicker
54.0686,491023,flicker
54.0730,-731242,flicker
54.0780,-145586,flicker
54.0813,316238,flicker
54.0850,886897,flicker
54.0896,556171,flicker
54.0939,-767980,flicker
54.0974,-163288,flicker
54.1014,280215,flicker
54.1060,835137,flicker
54.1105,601421,flicker
54.1137,-790256,flicker
54.1177,-165377,flicker
54.1219,264088,flicker
54.1273,855421,flicker
54.1300,686424,flicker
54.1314,-,flicker
54.1342,819999,flicker
54.1359,-,flicker
54.1383,192560,flicker
54.1398,23,flicker
54.1426,94,flicker
54.1443,702,flicker
54.1486,749452,flicker
54.1534,-818152,flicker
54.1562,-183218,flicker
54.1594,223977,flicker
54.1629,835055,flicker
54.1677,801122,flicker
54.1714,-811308,flicker
54.1752,-203527,flicker
54.1807,199732,rest
54.1838,858637,rest
54.1879,847416,rest
54.1931,77,rest
54.2007,-192633,rest
54.2011,183746,rest
54.2038,845161,rest
54.2097,861207,rest
54.2133,-765788,rest
54.2162,-230600,rest
54.2201,160154,rest
54.2251,8361,rest
54.2322,862780,rest
54.2345,-724435,rest
54.2367,-229187,rest
54.2410,152848,rest
54.2468,868440,rest
54.2488,939329,rest
54.2529,-670253,rest
54.2571,-219220,rest
54.2621,137419,rest
54.2653,841528,rest
54.2662,90,rest
54.2693,9936,rest
54.2706,-6461,rest
54.2738,50,rest
54.2767,-2308,rest
54.2777,175,rest
54.2843,844814,rest
54.2857,945803,rest
54.2900,-588802,rest
54.2944,-265413,rest
54.2980,97502,rest
54.3020,830662,rest
54.3063,895657,rest
54.3110,-550574,rest
54.3144,-317903,rest
54.3184,82075,rest
54.3231,822239,rest
54.3272,964239,rest
54.3307,-449761,rest
54.3348,-348584,rest
54.3398,80236,rest
54.3438,798638,rest
54.3472,980527,rest
54.3512,-374904,rest
54.3555,-374691,rest
54.3599,66237,rest
54.3635,765091,rest
54.3676,935009,rest
54.3717,-307420,rest
54.3781,-380665,rest
54.3812,58863,rest
54.3840,719469,rest
54.3881,904979,rest
54.3898,-,rest
54.3933,235361,rest
54.3943,-4,rest
54.3976,26624,rest
54.3992,38487,rest
54.4017,682075,rest
54.4045,1000732,rest
54.4102,139157,rest
54.4142,-406066,rest
54.4167,37192,rest
54.4208,630560,rest
54.4265,0010,rest
54.4305,-77056,rest
54.4346,-530458,rest
54.4372,-26300,rest
54.4414,560914,rest
54.4471,742589,rest
54.4495,-69826,rest
54.4536,-553755,rest
54.4592,-317,rest
54.4622,553202,rest
54.4667,891186,rest
54.4700,59717,rest
54.4759,-5429,rest
54.4786,-20353,rest
54.4838,515405,rest
54.4863,802226,rest
54.4906,117218,rest
54.4952,-587594,rest
54.4987,-43327,rest
54.5027,487756,rest
54.5069,899355,rest
54.5119,226984,rest
54.5134,-,rest
54.5150,587158,rest
54.5166,-,rest
54.5191,47279,rest
54.5203,4,rest
54.5232,57450,rest
54.5265,8637,rest
54.5276,85,rest
54.5296,290704,rest
54.5315,-644153,rest
54.5356,-79371,rest
54.5399,417990,rest
54.5454,883421,rest
54.5479,384798,rest
54.5519,-677238,rest
54.5563,-98654,rest
54.5607,388652,rest
54.5643,844903,rest
54.5683,445522,rest
54.5729,-695724,rest
54.5769,-98066,rest
54.5805,368160,rest
54.5847,852279,rest
54.5889,530141,rest
54.5932,-709427,rest
54.5973,-98198,rest
54.6011,358257,rest
54.6052,880901,rest
54.6104,617718,rest
54.6134,-729596,rest
54.6175,-106687,rest
54.6216,325142,rest
54.6276,01,rest
54.6328,683975,rest
54.6363,-755135,rest
54.6380,-108521,rest
54.6424,110,rest
54.6462,861422,rest
54.6474,7,rest
54.6509,50612,rest
54.6526,-766,rest
54.6543,796,rest
54.6557,-115627,rest
54.6598,295097,rest
54.6626,875023,rest
54.6666,803583,rest
54.6708,-766785,rest
54.6768,12,rest
54.6800,275021,rest
54.6832,865194,rest
54.6872,842630,rest
54.6914,78,rest
54.6960,-126572,rest
54.7002,264997,rest
54.7048,915242,rest
54.7080,923572,rest
54.7142,-700852,rest
54.7157,-115922,rest
54.7198,243057,rest
54.7244,88890,rest
54.7291,892885,rest
54.7347,-703871,rest
54.7363,-174212,rest
54.7404,209570,rest
54.7458,891806,rest
54.7485,893036,rest
54.7526,-660458,rest
54.7567,-169488,rest
54.7615,203295,rest
54.7649,919766,rest
54.7691,995465,rest
54.7707,-,rest
54.7733,598174,rest
54.7746,-,rest
54.7785,186264,rest
54.7799,175,rest
54.7813,249,rest
54.7830,900448,rest
54.7854,967448,rest
54.7899,-567828,rest
54.7940,-172394,rest
54.7976,165011,rest
54.8017,892179,rest
54.8064,983558,rest
54.8124,-521905,rest
54.8140,-245080,rest
54.8181,131158,rest
54.8226,865031,rest
54.8266,937102,rest
54.8305,-471850,rest
54.8346,-299424,rest
54.8387,114847,rest
54.8440,851079,rest
54.8468,900068,rest
54.8510,-410772,rest
54.8551,-238475,rest
54.8598,142108,rest
54.8633,842325,rest
54.8673,963621,rest
54.8714,-319756,rest
54.8761,-334476,rest
54.8800,99952,rest
54.8836,783724,rest
54.8879,968992,rest
54.8922,299,rest
54.8968,-402568,rest
54.9014,67427,rest
54.9046,716195,rest
54.9058,946,rest
54.9090,001,rest
54.9104,-172661,rest
54.9126,-423167,rest
54.9165,45050,rest
54.9207,666994,rest
54.9266,9080,rest
54.9302,-108002,rest
54.9342,-484565,rest
54.9369,26328,rest
54.9413,642,rest
54.9457,898621,rest
54.9518,-28685,rest
54.9533,-472141,rest
54.9586,3124,rest
54.9623,607006,rest
54.9666,920735,rest
54.9696,51225,rest
54.9759,-51064,rest
54.9782,4487,rest
54.9835,561940,rest
54.9863,958059,rest
54.9903,135982,rest
54.9958,-545398,rest
54.9987,-21553,rest
55.0025,514155,rest
55.0067,946455,rest
55.0128,197743,rest
55.0148,-579262,rest
55.0188,-48424,rest
55.0230,452603,rest
55.0278,890176,rest
55.0320,254837,rest
55.0330,-63,rest
55.0352,2773,rest
55.0378,-82977,rest
55.0398,413702,rest
55.0442,861980,rest
55.0475,329751,rest
55.0517,-670264,rest
55.0564,-95153,rest
55.0610,383839,rest
55.0639,887361,rest
55.0679,420694,rest
55.0726,-683875,rest
55.0769,-99712,rest
55.0803,361033,rest
55.0844,912179,rest
55.0886,507535,rest
55.0938,-731859,rest
55.0971,-137139,rest
55.1007,315037,rest
55.1049,842759,rest
55.1097,550664,rest
55.1138,-756982,rest
55.1172,-133451,rest
55.1212,298227,rest
55.1257,19,rest
55.1302,621227,rest
55.1356,-795834,rest
55.1377,-162264,rest
55.1435,7295,rest
55.1475,847820,rest
55.1524,686254,rest
55.1543,-809008,rest
55.1555,-,rest
55.1583,76,rest
55.1600,2,rest
55.1633,0421,rest
55.1651,87276,rest
55.1663,4,rest
55.1664,776712,rest
55.1706,-820181,rest
55.1769,652,rest
55.1808,208772,rest
55.1840,850207,rest
55.1869,803068,rest
55.1914,-61,rest
55.1959,-215704,rest
55.2020,178116,rest
55.2050,801854,rest
55.2076,806450,rest
55.2124,-812498,rest
55.2155,-235573,rest
55.2195,161171,rest
55.2237,870670,rest
55.2291,905978,rest
55.2319,-763830,rest
55.2359,-233354,rest
55.2401,138587,rest
55.2442,814360,rest
55.2482,890089,rest
55.2524,-745841,rest
55.2565,-265308,rest
55.2609,106047,rest
55.2646,818862,rest
55.2686,890131,rest
55.2731,-718277,rest
55.2779,-271282,rest
55.2811,88332,rest
55.2851,805916,rest
55.2863,89,rest
55.2898,4119,rest
55.2908,-6806,rest
55.2936,50,rest
55.2940,-245542,rest
55.2974,81999,rest
55.3015,800143,rest
55.3057,930336,rest
55.3117,-624368,rest
55.3138,-312959,rest
55.3178,49617,rest
55.3220,785532,rest
55.3269,932874,rest
55.3301,-576976,rest
55.3342,-340734,rest
55.3384,32554,rest
55.3431,761112,rest
55.3465,921705,rest
55.3506,-517659,rest
55.3547,-382855,rest
55.3599,18737,rest
55.3629,731905,rest
55.3669,807833,rest
55.3711,-468706,rest
55.3755,43101,rest
55.3801,7316,rest
55.3857,704565,rest
55.3875,918612,rest
55.3918,34,rest
55.3961,-407502,rest
55.4012,19562,rest
55.4039,664867,rest
55.4082,03,rest
55.4126,302247,rest
55.4152,-50,rest
55.4161,4005,rest
55.4176,-15449,rest
55.4213,625583,rest
55.4256,971767,rest
55.4285,-168125,rest
55.4325,-485191,rest
55.4366,-11392,rest
55.4409,590783,rest
55.4452,872758,rest
55.4489,-123418,rest
55.4530,-547692,rest
55.4573,-44020,rest
55.4613,537456,rest
55.4653,801141,rest
55.4693,-62955,rest
55.4737,-588898,rest
55.4792,-59850,rest
55.4817,501768,rest
55.4858,869150,rest
55.4899,41524,rest
55.4957,-581852,rest
55.4980,-64062,rest
55.5021,469846,rest
55.5065,785628,rest
55.5108,97162,rest
55.5145,-612246,rest
55.5185,-75670,rest
55.5232,450687,rest
55.5271,843440,rest
55.5310,199363,rest
55.5321,-,rest
55.5350,635631,rest
55.5368,-,rest
55.5399,84674,rest
55.5411,4,rest
55.5438,14014,rest
55.5454,8216,rest
55.5472,68,rest
55.5487,266014,rest
55.5515,-664580,rest
55.5554,-91532,rest
55.5604,389076,rest
55.5639,830372,rest
55.5678,347151,rest
55.5718,-717289,rest
55.5773,-124000,rest
55.5806,356190,rest
55.5840,869431,rest
55.5882,452060,rest
55.5946,718549,rest
55.5964,-119596,rest
55.6004,333439,rest
55.6046,858920,rest
55.6099,521375,rest
55.6133,-749432,rest
55.6169,-134072,rest
55.6209,305141,rest
55.6279,314,rest
55.6301,575465,rest
55.6342,-774598,rest
55.6374,-133723,rest
55.6416,285997,rest
55.6478,811722,rest
55.6496,629399,rest
55.6540,-809354,rest
55.6581,-95,rest
55.6626,259571,rest
55.6694,836294,rest
55.6702,700406,rest
55.6713,-824,rest
55.6747,11,rest
55.6760,000,rest
55.6798,245013,rest
55.6824,834634,rest
55.6865,768293,rest
55.6932,-8388,rest
55.6950,-149331,rest
55.7019,238909,rest
55.7029,865977,rest
55.7071,842141,rest
55.7112,-792476,rest
55.7152,-187205,rest
55.7192,197785,rest
55.7233,767545,rest
55.7281,768328,rest
55.7320,-793614,rest
55.7356,-188982,rest
55.7398,196069,rest
55.7441,916033,rest
55.7480,964449,rest
55.7521,-697520,rest
55.7563,-156493,rest
55.7614,188196,rest
55.7649,874488,rest
55.7683,874859,rest
55.7731,-711858,rest
55.7777,-226035,rest
55.7809,139164,rest
55.7849,824550,rest
55.7894,853369,rest
55.7914,-,rest
55.7933,676703,rest
55.7946,-,rest
55.7971,202473,rest
55.7981,148,rest
55.8012,594,rest
55.8027,869743,rest
55.8054,905666,rest
55.8120,-602150,rest
55.8135,-224999,rest
55.8175,136402,rest
55.8218,871926,rest
55.8271,972565,rest
55.8302,-536929,rest
55.8339,-238950,rest
55.8380,128114,rest
55.8423,517,rest
55.8464,963879,rest
55.8543,-466881,rest
55.8562,-251974,rest
55.8585,107882,rest
55.8634,824569,rest
55.8668,878710,rest
55.8708,-436907,rest
55.8765,53,rest
55.8794,87931,rest
55.8831,799133,rest
55.8888,931678,rest
55.8915,-347950,rest
55.8957,-379076,rest
55.9000,52548,rest
55.9035,734992,rest
55.9079,4,rest
55.9124,-280712,rest
55.9162,-427552,rest
55.9210,38327,rest
55.9241,689520,rest
55.9260,950,rest
55.9283,389,rest
55.9301,-196826,rest
55.9323,-414475,rest
55.9363,35351,rest
55.9405,644309,rest
55.9450,870612,rest
55.9486,-147438,rest
55.9528,-476910,rest
55.9568,14253,rest
55.9613,602125,rest
55.9652,854272,rest
55.9691,-80161,rest
55.9733,-527835,rest
55.9779,-15038,rest
55.9827,561179,rest
55.9855,787860,rest
55.9901,-13498,rest
55.9944,-529608,rest
55.9982,-10895,rest
56.0019,534378,rest
56.0066,838567,rest
56.0101,83988,rest
56.0148,-559499,rest
56.0183,-29007,rest
56.0229,508538,rest
56.0272,836450,rest
56.0305,152095,rest
56.0347,-613792,rest
56.0388,-65624,rest
56.0433,462810,rest
56.0475,840569,rest
56.0510,248464,rest
56.0521,-588,rest
56.0551,705,rest
56.0565,-28072,rest
56.0619,450425,rest
56.0634,834155,rest
56.0674,330880,rest
56.0715,-649608,rest
56.0777,63549,rest
56.0798,422123,rest
56.0838,842707,rest
56.0879,400960,rest
56.0927,-657756,rest
56.0970,-68649,rest
56.1003,403897,rest
56.1043,903299,rest
56.1085,0676,rest
56.1168,-678227,rest
56.1173,-74784,rest
56.1230,371952,rest
56.1249,844177,rest
56.1290,63,rest
56.1369,-723660,rest
56.1370,-97120,rest
56.1433,347368,rest
56.1460,893394,rest
56.1495,49563,rest
56.1547,-747732,rest
56.1584,-104350,rest
56.1629,313894,rest
56.1662,882996,rest
56.1698,707289,rest
56.1710,-,rest
56.1754,782320,rest
56.1767,-,rest
56.1784,11,rest
56.1797,8,rest
56.1824,395,rest
56.1848,82274,rest
56.1876,9,rest
56.1881,742781,rest
56.1911,-796496,rest
56.1946,11927,rest
56.1990,276578,rest
56.2050,908095,rest
56.2088,837898,rest
56.2113,-775032,rest
56.2159,-131074,rest
56.2189,250536,rest
56.2232,843748,rest
56.2275,837387,rest
56.2312,-767691,rest
56.2354,-161507,rest
56.2398,233996,rest
56.2437,861468,rest
56.2479,860949,rest
56.2517,-739154,rest
56.2563,-163982,rest
56.2606,222217,rest
56.2642,928749,rest
56.2682,949294,rest
56.2723,-683425,rest
56.2784,-151072,rest
56.2805,192559,rest
56.2845,876718,rest
56.2886,912452,rest
56.2939,-670556,rest
56.2972,-211587,rest
56.3010,161739,rest
56.3050,889850,rest
56.3063,98,rest
56.3094,731,rest
56.3108,20,rest
56.3133,7,rest
56.3155,-155765,rest
56.3172,156927,rest
56.3213,878099,rest
56.3269,956529,rest
56.3314,-589558,rest
56.3336,-257980,rest
56.3377,96180,rest
56.3434,3,rest
56.3485,977015,rest
56.3509,-541829,rest
56.3545,-269829,rest
56.3583,68,rest
56.3632,811397,rest
56.3689,942318,rest
56.3708,-491236,rest
56.3766,85,rest
56.3799,59628,rest
56.3833,764682,rest
56.3888,921198,rest
56.3929,-431395,rest
56.3953,-381802,rest
56.4001,28752,rest
56.4041,722288,rest
56.4078,876,rest
56.4125,-383312,rest
56.4158,-439183,rest
56.4198,-10091,rest
56.4239,655735,rest
56.4282,903353,rest
56.4298,-,rest
56.4320,301705,rest
56.4336,-4,rest
56.4360,43594,rest
56.4360,100,rest
56.4413,636981,rest
56.4450,804557,rest
56.4483,-261455,rest
56.4525,-540550,rest
56.4565,-40074,rest
56.4608,587534,rest
56.4648,958393,rest
56.4689,-124305,rest
56.4732,-504987,rest
56.4773,-25108,rest
56.4811,546045,rest
56.4852,821255,rest
56.4899,-100416,rest
56.4936,611379,rest
56.4985,-83745,rest
56.5016,502015,rest
56.5061,794719,rest
56.5099,-7858,rest
56.5140,-594869,rest
56.5180,-68049,rest
56.5220,475101,rest
56.5265,902554,rest
56.5302,100403,rest
56.5343,-636606,rest
56.5386,-104130,rest
56.5439,424096,rest
56.5466,765074,rest
56.5508,125751,rest
56.5523,-,rest
56.5548,684391,rest
56.5560,-,rest
56.5610,253,rest
56.5649,94202,rest
56.5678,873455,rest
56.5690,262069,rest
56.5712,-662127,rest
56.5760,-111658,rest
56.5794,373821,rest
56.5835,748367,rest
56.5875,282273,rest
56.5919,71149,rest
56.5960,-120463,rest
56.6028,361162,rest
56.6041,792511,rest
56.6083,27,rest
56.6129,-721187,rest
56.6165,-124497,rest
56.6204,341286,rest
56.6265,15,rest
56.6308,493102,rest
56.6336,-738650,rest
56.6368,-120910,rest
56.6414,365,rest
56.6461,803911,rest
56.6503,560737,rest
56.6532,-776791,rest
56.6573,-149333,rest
56.6626,291414,rest
56.6654,847003,rest
56.6694,650564,rest
56.6736,-783443,rest
56.6783,-133994,rest
56.6817,281776,rest
56.6858,990650,rest
56.6871,8,rest
56.6901,20320,rest
56.6919,-7903,rest
56.6943,34,rest
56.6967,-151918,rest
56.6982,235371,rest
56.7022,716695,rest
56.7064,654274,rest
56.7122,-869037,rest
56.7146,-215083,rest
56.7186,204374,rest
56.7229,790607,rest
56.7275,783002,rest
56.7318,-806936,rest
56.7350,-181672,rest
56.7393,204586,rest
56.7440,849412,rest
56.7474,836433,rest
56.7514,-782179,rest
56.7559,-154564,rest
56.7599,195834,rest
56.7637,861386,rest
56.7677,868982,rest
56.7719,-748064,rest
56.7765,-210411,rest
56.7801,169955,rest
56.7842,849714,rest
56.7883,873890,rest
56.7930,-713403,rest
56.7969,-182986,rest
56.8005,165302,rest
56.8047,848858,rest
56.8090,713,rest
56.8139,683454,rest
56.8155,-2,rest
56.8169,24471,rest
56.8185,1380,rest
56.8210,62,rest
56.8223,847215,rest
56.8261,944830,rest
56.8292,-618820,rest
56.8333,-178838,rest
56.8376,129011,rest
56.8434,586,rest
56.8471,951120,rest
56.8498,-569385,rest
56.8560,-232947,rest
56.8580,98607,rest
56.8635,2341,rest
56.8666,921446,rest
56.8703,-535284,rest
56.8756,-352632,rest
56.8827,791436,rest
56.8880,891010,rest
56.8921,-473785,rest
56.8951,-346474,rest
56.9004,994,rest
56.9053,763275,rest
56.9077,890631,rest
56.9126,-393853,rest
56.9155,-392195,rest
56.9194,708,rest
56.9245,729864,rest
56.9278,894660,rest
56.9330,-324357,rest
56.9357,-404316,rest
56.9404,34997,rest
56.9439,686516,rest
56.9450,893,rest
56.9483,589,rest
56.9501,-250292,rest
56.9521,-425687,rest
56.9564,17923,rest
56.9614,640527,rest
56.9644,787939,rest
56.9686,-204401,rest
56.9730,-499919,rest
56.9772,-3560,rest
56.9807,609320,rest
56.9848,886965,rest
56.9899,-91397,rest
56.9935,-511615,rest
56.9971,-6663,rest
57.0012,574093,rest
57.0054,762187,rest
57.0098,-52963,rest
57.0136,-538802,rest
57.0176,-12497,rest
57.0217,548289,rest
57.0265,864776,rest
57.0307,68776,rest
57.0340,-571701,rest
57.0381,-39900,rest
57.0427,511308,rest
57.0466,801207,rest
57.0504,138797,rest
57.0545,-589375,rest
57.0588,4162,rest
57.0627,488595,rest
57.0680,1000277,rest
57.0692,3,rest
57.0709,00122,rest
57.0727,-577,rest
57.0756,789,rest
57.0766,-49255,rest
57.0790,432721,rest
57.0831,812290,rest
57.0874,290967,rest
57.0915,677710,rest
57.0963,-102837,rest
57.0995,389070,rest
57.1036,870940,rest
57.1136,-680495,rest
57.1167,-98839,rest
57.1203,360656,rest
57.1243,467,rest
57.1286,439985,rest
57.1325,-728831,rest
57.1367,-112314,rest
57.1408,341426,rest
57.1453,823603,rest
57.1490,527134,rest
57.1528,-747621,rest
57.1570,-117468,rest
57.1618,313733,rest
57.1651,863613,rest
57.1691,610401,rest
57.1734,-764441,rest
57.1775,-117459,rest
57.1821,288500,rest
57.1855,811540,rest
57.1898,646137,rest
57.1917,-,rest
57.1943,821719,rest
57.1957,-,rest
57.1979,158852,rest
57.1995,257,rest
57.2020,712,rest
57.2032,825275,rest
57.2067,718809,rest
57.2104,-822575,rest
57.2142,-162266,rest
57.2183,244960,rest
57.2230,852370,rest
57.2269,769500,rest
57.2306,-816265,rest
57.2347,-160930,rest
57.2392,228039,rest
57.2435,814949,rest
57.2474,808489,rest
57.2511,-796135,rest
57.2553,-178476,rest
57.2595,206933,rest
57.2634,834116,rest
57.2675,840126,rest
57.2716,-762761,rest
57.2766,-172127,rest
57.2804,190207,rest
57.2838,842972,rest
57.2880,846667,rest
57.2924,-737083,rest
57.2961,-189937,rest
57.3002,179109,rest
57.3044,855626,rest
57.3086,01703,rest
57.3131,-678174,rest
57.3190,-197561,rest
57.3209,158754,rest
57.3250,71913,rest
57.3300,409,rest
57.3318,-643500,rest
57.3330,-164353,rest
57.3375,153072,rest
57.3415,6411,rest
57.3466,908125,rest
57.3505,-600018,rest
57.3535,-223235,rest
57.3581,129,rest
57.3620,861634,rest
57.3675,964778,rest
57.3722,-530484,rest
57.3743,-232289,rest
57.3785,101217,rest
57.3825,834563,rest
57.3862,907685,rest
57.3905,-494173,rest
57.3958,-286788,rest
57.3985,78811,rest
57.4026,796736,rest
57.4067,916257,rest
57.4115,-419556,rest
57.4150,-332486,rest
57.4190,59603,rest
57.4234,756131,rest
57.4277,885547,rest
57.4313,-375133,rest
57.4355,-385814,rest
57.4398,27151,rest
57.4441,687712,rest
57.4477,827733,rest
57.4490,-,rest
57.4518,322231,rest
57.4528,-427,rest
57.4563,389,rest
57.4578,19494,rest
57.4611,659433,rest
57.4644,859237,rest
57.4682,-229328,rest
57.4729,-481034,rest
57.4770,-1795,rest
57.4805,609739,rest
57.4845,899693,rest
57.4892,-137053,rest
57.4944,-490784,rest
57.4972,-8033,rest
57.5010,580079,rest
57.5051,913669,rest
57.5099,-49346,rest
57.5133,-552779,rest
57.5173,-41159,rest
57.5215,527049,rest
57.5270,440,rest
57.5300,6896,rest
57.5348,-583257,rest
57.5379,-63627,rest
57.5421,9042,rest
57.5464,881658,rest
57.5503,104035,rest
57.5542,-598457,rest
57.5583,-73949,rest
57.5628,455307,rest
57.5676,786564,rest
57.5709,156118,rest
57.5724,-,rest
57.5748,3966,rest
57.5801,91994,rest
57.5816,42,rest
57.5829,0499,rest
57.5839,83308,rest
57.5869,5,rest
57.5870,238295,rest
57.5929,-65,rest
57.5965,-116290,rest
57.5999,389596,rest
57.6034,913354,rest
57.6079,3583,rest
57.6122,-656071,rest
57.6169,-95976,rest
57.6217,359096,rest
57.6238,844250,rest
57.6285,399468,rest
57.6321,-754763,rest
57.6361,-162825,rest
57.6403,310529,rest
57.6449,781013,rest
57.6484,446529,rest
57.6525,-761731,rest
57.6567,-141281,rest
57.6621,298641,rest
57.6648,850554,rest
57.6688,551935,rest
57.6733,-766960,rest
57.6776,-147493,rest
57.6814,281923,rest
57.6852,825319,rest
57.6894,603495,rest
57.6941,-801464,rest
57.6976,-179429,rest
57.7016,248144,rest
57.7063,924879,rest
57.7074,75,rest
57.7100,1244,rest
57.7120,-81427,rest
57.7139,4,rest
57.7141,-131499,rest
57.7180,234148,rest
57.7225,788845,rest
57.7269,697032,rest
57.7303,-866181,rest
57.7345,-217311,rest
57.7385,179231,rest
57.7429,761533,rest
57.7467,744188,rest
57.7508,-849609,rest
57.7550,-232143,rest
57.7594,165270,rest
57.7631,820930,rest
57.7671,794306,rest
57.7713,-829378,rest
57.7772,243,rest
57.7813,159058,rest
57.7844,804072,rest
57.7878,831119,rest
57.7922,-787371,rest
57.7958,-242396,rest
57.7999,134549,rest
57.8042,819181,rest
57.8086,863832,rest
57.8125,-746344,rest
57.8163,-200597,rest
57.8207,134543,rest
57.8304,871287,rest
57.8318,-,rest
57.8334,715289,rest
57.8348,-2,rest
57.8368,26865,rest
57.8378,10978,rest
57.8414,471,rest
57.8472,950477,rest
57.8495,-650736,rest
57.8532,-232728,rest
57.8574,78568,rest
57.8617,800656,rest
57.8654,903764,rest
57.8696,-627134,rest
57.8741,-319958,rest
57.8781,34268,rest
57.8818,768813,rest
57.8859,904510,rest
57.8901,-578260,rest
57.8949,-327118,rest
57.8982,27639,rest
57.9023,753107,rest
57.9065,914264,rest
57.9114,-509777,rest
57.9146,-375585,rest
57.9186,6808,rest
57.9229,711741,rest
57.9272,871137,rest
57.9310,-455253,rest
57.9351,-394980,rest
57.9395,-2453,rest
57.9437,668628,rest
57.9474,923909,rest
57.9515,-373014,rest
57.9526,-,rest
57.9563,497322,rest
57.9578,-,rest
57.9601,49184,rest
57.9625,6,rest
57.9638,06480,rest
57.9654,7978,rest
57.9678,83,rest
57.9692,-329109,rest
57.9721,-502898,rest
57.9767,-50556,rest
57.9801,581719,rest
57.9842,1006229,rest
57.9884,-199810,rest
57.9925,574169,rest
57.9974,-89601,rest
58.0006,513464,rest
58.0048,784215,rest
58.0100,180811,rest
58.0129,-638322,rest
58.0170,-108373,rest
58.0211,490630,rest
58.0258,813546,rest
58.0297,-77362,rest
58.0335,-622556,rest
58.0381,-91545,rest
58.0438,75311,rest
58.0464,785449,rest
58.0499,9887,rest
58.0544,-658641,rest
58.0581,109504,rest
58.0629,452852,rest
58.0661,767439,rest
58.0702,98184,rest
58.0757,6317,rest
58.0799,-91319,rest
58.0834,438742,rest
58.0866,844081,rest
58.0877,1,rest
58.0910,88,rest
58.0932,9,rest
58.0950,60,rest
58.0962,-95666,rest
58.0989,407220,rest
58.1030,795343,rest
58.1074,26411,rest
58.1119,-685562,rest
58.1165,-115433,rest
58.1194,376663,rest
58.1236,837793,rest
58.1282,365904,rest
58.1317,-686049,rest
58.1358,-104320,rest
58.1400,359148,rest
58.1453,818631,rest
58.1481,433671,rest
58.1522,-730061,rest
58.1566,-127896,rest
58.1607,332641,rest
58.1644,847749,rest
58.1685,531613,rest
58.1730,-732684,rest
58.1782,-123670,rest
58.1808,312082,rest
58.1849,832480,rest
58.1895,584563,rest
58.1939,-772471,rest
58.1972,-139465,rest
58.2013,287435,rest
58.2062,905448,rest
58.2100,704825,rest
58.2115,-,rest
58.2136,788746,rest
58.2148,-1,rest
58.2177,60379,rest
58.2193,2539,rest
58.2219,59,rest
58.2238,863014,rest
58.2260,747105,rest
58.2325,-826361,rest
58.2342,-176918,rest
58.2383,217936,rest
58.2429,822237,rest
58.2464,761768,rest
58.2505,-835488,rest
58.2546,-191284,rest
58.2588,930,rest
58.2634,830376,rest
58.2678,839831,rest
58.2734,-810131,rest
58.2755,-205433,rest
58.2806,32,rest
58.2848,829803,rest
58.2905,837737,rest
58.2931,-794758,rest
58.2956,-234900,rest
58.2999,139175,rest
58.3041,792309,rest
58.3080,19120,rest
58.3125,-775140,rest
58.3168,-241495,rest
58.3209,131541,rest
58.3243,840053,rest
58.3293,868093,rest
58.3325,-725727,rest
58.3365,-235008,rest
58.3407,126224,rest
58.3413,8,rest
58.3452,49524,rest
58.3466,8962,rest
58.3488,13,rest
58.3499,-680981,rest
58.3529,-197966,rest
58.3572,115701,rest
58.3615,842335,rest
58.3651,900801,rest
58.3692,-635445,rest
58.3736,-241617,rest
58.3787,92270,rest
58.3815,821249,rest
58.3856,896892,rest
58.3899,-589869,rest
58.3944,-234580,rest
58.3979,73516,rest
58.4020,801089,rest
58.4064,874177,rest
58.4108,-545840,rest
58.4143,-306584,rest
58.4184,54091,rest
58.4232,770010,rest
58.4269,908792,rest
58.4308,-463292,rest
58.4348,-358574,rest
58.4391,32712,rest
58.4436,724039,rest
58.4471,881573,rest
58.4512,-399880,rest
58.4554,-395235,rest
58.4602,13641,rest
58.4635,678422,rest
58.4676,885239,rest
58.4689,-,rest
58.4717,324939,rest
58.4734,-443,rest
58.4765,659,rest
58.4771,-7389,rest
58.4803,628170,rest
58.4840,851705,rest
58.4881,-256515,rest
58.4937,5441,rest
58.4970,-33711,rest
58.5014,592511,rest
58.5047,857671,rest
58.5087,175426,rest
58.5140,-531855,rest
58.5167,-39908,rest
58.5208,546754,rest
58.5265,7028,rest
58.5302,-92497,rest
58.5331,-611336,rest
58.5372,-73207,rest
58.5415,14,rest
58.5458,801789,rest
58.5514,-22507,rest
58.5536,-583786,rest
58.5580,50,rest
58.5619,494720,rest
58.5659,865259,rest
58.5699,80793,rest
58.5745,-61267,rest
58.5790,-77765,rest
58.5824,460315,rest
58.5865,763374,rest
58.5905,125901,rest
58.5919,-,rest
58.5951,648036,rest
58.5965,-8,rest
58.5986,5392,rest
58.5995,436,rest
58.6027,086,rest
58.6041,856775,rest
58.6069,252325,rest
58.6121,-653267,rest
58.6150,-88104,rest
58.6191,408629,rest
58.6233,854460,rest
58.6288,334382,rest
58.6315,-679572,rest
58.6355,-101178,rest
58.6401,384851,rest
58.6449,912693,rest
58.6477,449399,rest
58.6519,-701413,rest
58.6566,-114112,rest
58.6610,349071,rest
58.6641,806137,rest
58.6682,466887,rest
58.6729,-744233,rest
58.6770,-130392,rest
58.6805,327554,rest
58.6846,872059,rest
58.6889,575684,rest
58.6935,-753327,rest
58.6969,-119933,rest
58.7010,309357,rest
58.7051,837016,rest
58.7094,625449,rest
58.7150,-788299,rest
58.7175,-151065,rest
58.7215,284232,rest
58.7258,7276,rest
58.7273,7,rest
58.7309,4128,rest
58.7325,-79405,rest
58.7338,8,rest
58.7343,-126700,rest
58.7403,281193,rest
58.7423,846374,rest
58.7464,757641,rest
58.7502,-803659,rest
58.7543,-164535,rest
58.7585,48689,rest
58.7629,892323,rest
58.7682,840630,rest
58.7714,-777707,rest
58.7766,304,rest
58.7792,241334,rest
58.7845,892895,rest
58.7891,877150,rest
58.7917,-762188,rest
58.7970,118,rest
58.7999,201088,rest
58.8048,880022,rest
58.8091,929790,rest
58.8132,-725914,rest
58.8162,-196340,rest
58.8207,179151,rest
58.8247,855361,rest
58.8282,843,rest
58.8330,-732207,rest
58.8364,-228129,rest
58.8418,141005,rest
58.8444,849033,rest
58.8501,875002,rest
58.8511,-,rest
58.8526,695065,rest
58.8541,-20,rest
58.8590,2414,rest
58.8620,879785,rest
58.8656,945554,rest
58.8695,-628682,rest
58.8735,-220872,rest
58.8784,116237,rest
58.8812,869934,rest
58.8853,969954,rest
58.8898,-587476,rest
58.8948,-270266,rest
58.8976,84690,rest
58.9017,824471,rest
58.9064,897527,rest
58.9103,-562463,rest
58.9140,-330766,rest
58.9181,54019,rest
58.9226,801788,rest
58.9267,875172,rest
58.9305,-507253,rest
58.9345,-324382,rest
58.9387,60010,rest
58.9429,765322,rest
58.9470,889664,rest
58.9509,-426239,rest
58.9550,-377464,rest
58.9596,42429,rest
58.9638,726251,rest
58.9672,884353,rest
58.9714,-355126,rest
58.9727,-,rest
58.9756,15,rest
58.9798,17843,rest
58.9809,67,rest
58.9841,7904,rest
58.9855,92442,rest
58.9877,7,rest
58.9892,-259963,rest
58.9926,-444498,rest
58.9959,1461,rest
59.0000,626864,rest
59.0041,958586,rest
59.0085,19129,rest
59.0130,-514084,rest
59.0175,-28724,rest
59.0207,568201,rest
59.0258,06,rest
59.0297,-146520,rest
59.0334,-582590,rest
59.0369,-59666,rest
59.0413,267,rest
59.0454,947025,rest
59.0503,-25110,rest
59.0533,-601510,rest
59.0596,-73735,rest
59.0615,486160,rest
59.0655,806655,rest
59.0696,9512,rest
59.0742,-47215,rest
59.0783,-97788,rest
59.0835,462645,rest
59.0860,875708,rest
59.0903,131305,rest
59.0959,-622650,rest
59.0983,-92499,rest
59.1025,437944,rest
59.1065,884242,rest
59.1082,2,rest
59.1115,05047,rest
59.1128,-6682,rest
59.1147,42,rest
59.1157,-114913,rest
59.1188,395058,rest
59.1229,907387,rest
59.1274,296463,rest
59.1311,-661233,rest
59.1352,-111871,rest
59.1394,367685,rest
59.1437,887721,rest
59.1475,358457,rest
59.1516,-722836,rest
59.1565,-148756,rest
59.1602,319180,rest
59.1638,866177,rest
59.1679,437355,rest
59.1728,-758967,rest
59.1783,-166349,rest
59.1802,298927,rest
59.1843,878776,rest
59.1887,510595,rest
59.1934,-781379,rest
59.1966,-175608,rest
59.2007,269302,rest
59.2050,864451,rest
59.2092,724,rest
59.2137,-802920,rest
59.2191,-183134,rest
59.2212,247745,rest
59.2259,934051,rest
59.2294,697340,rest
59.2307,-,rest
59.2335,837089,rest
59.2352,-2,rest
59.2376,25534,rest
59.2389,192,rest
59.2422,870,rest
59.2441,810615,rest
59.2458,674631,rest
59.2499,-880310,rest
59.2542,-264391,rest
59.2597,711,rest
59.2635,767369,rest
59.2699,706996,rest
59.2712,-884641,rest
59.2764,99,rest
59.2796,161600,rest
59.2862,807802,rest
59.2878,799591,rest
59.2911,-832384,rest
59.2978,-224219,rest
59.2991,171346,rest
59.3031,831815,rest
59.3083,8149,rest
59.3131,-808413,rest
59.3167,-225905,rest
59.3196,155319,rest
59.3238,830949,rest
59.3288,857951,rest
59.3318,-764198,rest
59.3359,-235245,rest
59.3402,140794,rest
59.3455,860288,rest
59.3483,926015,rest
59.3523,-723700,rest
59.3566,-262812,rest
59.3610,112494,rest
59.3646,809063,rest
59.3657,853,rest
59.3686,149,rest
59.3702,-698091,rest
59.3730,-259507,rest
59.3782,107974,rest
59.3809,843443,rest
59.3850,874418,rest
59.3895,-644614,rest
59.3939,-275687,rest
59.3973,102824,rest
59.4014,856506,rest
59.4062,958327,rest
59.4102,-561273,rest
59.4138,-233356,rest
59.4178,92546,rest
59.4225,825798,rest
59.4279,943630,rest
59.4301,-516651,rest
59.4342,-341975,rest
59.4384,53992,rest
59.4428,782671,rest
59.4465,904070,rest
59.4506,-463372,rest
59.4547,-376133,rest
59.4595,37143,rest
59.4635,747160,rest
59.4669,868716,rest
59.4711,-401415,rest
59.4762,-387065,rest
59.4792,35480,rest
59.4834,707532,rest
59.4875,835909,rest
59.4881,-,rest
59.4918,383,rest
59.4931,-4,rest
59.4959,163,rest
59.4979,19495,rest
59.5007,673862,rest
59.5040,884908,rest
59.5081,438,rest
59.5123,-441893,rest
59.5167,15038,rest
59.5202,632004,rest
59.5246,32,rest
59.5291,-148412,rest
59.5328,-488246,rest
59.5393,-6150,rest
59.5408,587331,rest
59.5459,802214,rest
59.5489,-109168,rest
59.5530,-596628,rest
59.5592,-44414,rest
59.5611,554882,rest
59.5652,871794,rest
59.5693,16418,rest
59.5735,-538228,rest
59.5782,-11357,rest
59.5816,536513,rest
59.5857,777337,rest
59.5899,69086,rest
59.5941,-602115,rest
59.5980,-51064,rest
59.6021,505033,rest
59.6064,813034,rest
59.6109,176142,rest
59.6124,-,rest
59.6144,573325,rest
59.6154,-,rest
59.6185,22138,rest
59.6199,49,rest
59.6229,4286,rest
59.6249,89584,rest
59.6268,8,rest
59.6277,275713,rest
59.6309,-606663,rest
59.6349,-48192,rest
59.6392,457088,rest
59.6438,824310,rest
59.6478,332085,rest
59.6513,-644947,rest
59.6556,-66045,rest
59.6601,428558,rest
59.6635,901283,rest
59.6676,444137,rest
59.6719,-641613,rest
59.6762,-56849,rest
59.6799,404709,rest
59.6840,878066,rest
59.6881,514638,rest
59.6928,-704727,rest
59.6963,-93276,rest
59.7004,378117,rest
59.7046,929387,rest
59.7087,3965,rest
59.7132,-691874,rest
59.7188,-77997,rest
59.7236,361270,rest
59.7252,929248,rest
59.7299,687162,rest
59.7332,-740188,rest
59.7376,-104430,rest
59.7415,2758,rest
59.7461,874204,rest
59.7482,71,rest
59.7505,6350,rest
59.7520,-7762,rest
59.7537,28,rest
59.7540,-117038,rest
59.7580,4,rest
59.7630,906011,rest
59.7685,798641,rest
59.7701,-778728,rest
59.7761,-174,rest
59.7784,276867,rest
59.7827,863970,rest
59.7874,806285,rest
59.7911,-777095,rest
59.7947,-141139,rest
59.7994,261068,rest
59.8028,886573,rest
59.8070,869333,rest
59.8119,-747670,rest
59.8151,-164823,rest
59.8192,238639,rest
59.8237,885892,rest
59.8282,879949,rest
59.8315,-727116,rest
59.8356,-152117,rest
59.8397,224137,rest
59.8442,900565,rest
59.8481,932467,rest
59.8520,-678733,rest
59.8564,-184166,rest
59.8609,199511,rest
59.8642,898370,rest
59.8683,897437,rest
59.8696,-,rest
59.8727,663977,rest
59.8738,-1,rest
59.8771,71371,rest
59.8783,1888,rest
59.8806,92,rest
59.8821,918954,rest
59.8847,918212,rest
59.8890,-608555,rest
59.8935,-153606,rest
59.8970,174910,rest
59.9011,892691,rest
59.9055,888760,rest
59.9099,-577799,rest
59.9137,-207105,rest
59.9175,148009,rest
59.9217,900835,rest
59.9261,915671,rest
59.9298,-506028,rest
59.9339,-214622,rest
59.9380,150805,rest
59.9423,8527,rest
59.9467,917039,rest
59.9510,-439919,rest
59.9548,-240777,rest
59.9594,129040,rest
59.9638,46,rest
59.9670,886772,rest
59.9743,-378819,rest
59.9756,-311899,rest
59.9794,111165,rest
59.9835,811195,rest
59.9876,901705,rest
59.9917,-30135,rest
59.9964,-359941,rest
60.0008,90979,rest
60.0017,7,rest
60.0064,71707,rest
60.0077,900903,rest
60.0093,-229692,rest
60.0124,-387920,rest
60.0158,81618,rest
60.0199,715224,rest
60.0244,875805,rest
60.0292,-152257,rest
60.0322,-440332,rest
60.0362,66562,rest
60.0405,685135,rest
60.0454,936245,rest
60.0486,-56238,rest
60.0527,-459110,rest
60.0568,49873,rest
60.0619,648606,rest
60.0649,893402,rest
60.0689,1733,rest
60.0732,-529003,rest
60.0777,20674,rest
60.0814,604102,rest
60.0854,850595,rest
60.0899,86196,rest
60.0942,-529991,rest
60.0977,20115,rest
60.1018,576076,rest
60.1064,871287,rest
60.1104,167161,rest
60.1141,-527085,rest
60.1182,17828,rest
60.1227,551035,rest
60.1267,885018,rest
60.1279,2,rest
60.1305,58926,rest
60.1317,-5616,rest
60.1345,44,rest
60.1346,-419,rest
60.1388,518440,rest
60.1438,909421,rest
60.1469,337447,rest
60.1510,-579642,rest
60.1551,-7970,rest
60.1613,484,rest
60.1633,877566,rest
60.1673,408966,rest
60.1715,-612152,rest
60.1757,39,rest
60.1802,456689,rest
60.1850,890564,rest
60.1879,496069,rest
60.1921,64463,rest
60.1964,-43290,rest
60.2015,425643,rest
60.2043,897045,rest
60.2085,682,rest
60.2138,-657309,rest
60.2174,-35671,rest
60.2235,399940,rest
60.2257,887884,rest
60.2290,79,rest
60.2334,-705348,rest
60.2399,-60158,rest
60.2413,370712,rest
60.2455,920771,rest
60.2493,714547,rest
60.2502,-,rest
60.2534,729427,rest
60.2547,-8,rest
60.2576,1,rest
60.2582,2,rest
60.2617,029,rest
60.2631,900268,rest
60.2657,769663,rest
60.2698,-760462,rest
60.2739,-97459,rest
60.2790,310455,rest
60.2820,938403,rest
60.2861,856422,rest
60.2903,-754770,rest
60.2952,-122082,rest
60.2984,269584,rest
60.3025,890417,rest
60.3067,867646,rest
60.3112,-767741,rest
60.3148,-151061,rest
60.3188,241633,rest
60.3232,885575,rest
60.3276,874155,rest
60.3312,-752407,rest
60.3353,-163142,rest
60.3397,212130,rest
60.3438,862775,rest
60.3477,900036,rest
60.3517,-724113,rest
60.3565,-196635,rest
60.3607,189283,rest
60.3640,911639,rest
60.3680,913843,rest
60.3723,-688567,rest
60.3769,-158640,rest
60.3803,181588,rest
60.3844,915632,rest
60.3855,961,rest
60.3887,370,rest
60.3900,-648032,rest
60.3934,-209941,rest
60.3971,138489,rest
60.4008,864966,rest
60.4051,874185,rest
60.4103,-641081,rest
60.4131,-232676,rest
60.4172,118436,rest
60.4213,855478,rest
60.4270,0339,rest
60.4316,-572995,rest
60.4342,-254091,rest
60.4377,98895,rest
60.4429,838404,rest
60.4463,933060,rest
60.4500,-506620,rest
60.4542,-300924,rest
60.4590,2693,rest
60.4628,819009,rest
60.4671,908153,rest
60.4716,-441536,rest
60.4762,0996,rest
60.4800,76621,rest
60.4840,771338,rest
60.4881,967799,rest
60.4910,-358056,rest
60.4959,-397603,rest
60.4990,31731,rest
60.5032,710638,rest
60.5077,871481,rest
60.5118,330387,rest
60.5137,-465,rest
60.5155,120,rest
60.5156,-3221,rest
60.5196,659692,rest
60.5238,896243,rest
60.5288,-235142,rest
60.5319,-489273,rest
60.5359,-1406,rest
60.5402,623140,rest
60.5462,839608,rest
60.5483,-170936,rest
60.5527,-501039,rest
60.5566,-8540,rest
60.5607,588911,rest
60.5646,955117,rest
60.5687,-48639,rest
60.5731,-537430,rest
60.5784,-28193,rest
60.5810,542624,rest
60.5851,829601,rest
60.5898,-14099,rest
60.5940,-609093,rest
60.5974,-64476,rest
60.6016,500293,rest
60.6061,881116,rest
60.6103,97784,rest
60.6138,-609596,rest
60.6179,-73044,rest
60.6223,462836,rest
60.6267,761229,rest
60.6303,132678,rest
60.6314,-,rest
60.6343,645003,rest
60.6359,-,rest
60.6386,93251,rest
60.6404,43,rest
60.6428,8183,rest
60.6451,96012,rest
60.6465,4,rest
60.6466,288747,rest
60.6506,-628377,rest
60.6550,-80759,rest
60.6593,408197,rest
60.6629,832345,rest
60.6670,300578,rest
60.6712,-697621,rest
60.6771,121,rest
60.6807,372823,rest
60.6842,964382,rest
60.6878,451582,rest
60.6927,-696916,rest
60.6958,-117726,rest
60.7009,344205,rest
60.7041,852681,rest
60.7091,7342,rest
60.7135,-773215,rest
60.7166,-177950,rest
60.7203,289998,rest
60.7258,821,rest
60.7297,575625,rest
60.7331,-772751,rest
60.7367,-157132,rest
60.7430,265287,rest
60.7449,804361,rest
60.7490,566931,rest
60.7530,-851588,rest
60.7575,-207324,rest
60.7624,231923,rest
60.7653,852861,rest
60.7665,70,rest
60.7694,1137,rest
60.7710,-83805,rest
60.7735,5,rest
60.7737,-196972,rest
60.7791,216360,rest
60.7817,833050,rest
60.7858,718333,rest
60.7899,-864048,rest
60.7954,-224331,rest
60.7981,188007,rest
60.8022,805541,rest
60.8067,769782,rest
60.8112,-849406,rest
60.8146,-232036,rest
60.8186,171562,rest
60.8228,854685,rest
60.8271,892656,rest
60.8310,-798967,rest
60.8350,-235258,rest
60.8391,141361,rest
60.8435,763573,rest
60.8473,768203,rest
60.8514,-826918,rest
60.8555,-279701,rest
60.8601,118607,rest
60.8637,837756,rest
60.8678,914879,rest
60.8720,-748201,rest
60.8768,-212479,rest
60.8803,115417,rest
60.8842,839291,rest
60.8882,821594,rest
60.8896,-,rest
60.8928,756188,rest
60.8941,-2,rest
60.8965,80364,rest
60.8980,82171,rest
60.9018,813855,rest
60.9046,886565,rest
60.9110,693,rest
60.9164,-265037,rest
60.9176,71378,rest
60.9210,824933,rest
60.9252,908,rest
60.9294,-645288,rest
60.9342,-293415,rest
60.9386,58154,rest
60.9417,800654,rest
60.9468,815158,rest
60.9496,-603949,rest
60.9538,-288860,rest
60.9582,218,rest
60.9629,795178,rest
60.9677,952919,rest
60.9713,-506119,rest
60.9743,-315429,rest
60.9795,43318,rest
60.9824,751898,rest
60.9865,834908,rest
60.9910,-472501,rest
60.9955,-396663,rest
60.9988,12815,rest
61.0030,705693,rest
61.0073,892700,rest
61.0114,-384007,rest
61.0152,-453745,rest
61.0167,-,rest
61.0193,11381,rest
61.0205,6,rest
61.0234,60786,rest
61.0244,9074,rest
61.0286,27,rest
61.0296,-301371,rest
61.0316,-482025,rest
61.0356,-24029,rest
61.0399,605748,rest
61.0443,889302,rest
61.0480,-228528,rest
61.0521,-555436,rest
61.0563,-55791,rest
61.0605,565285,rest
61.0644,786277,rest
61.0684,-168110,rest
61.0730,-570974,rest
61.0770,-48475,rest
61.0807,547195,rest
61.0848,880900,rest
61.0897,-53546,rest
61.0934,-610064,rest
61.0971,-71760,rest
61.1012,513554,rest
61.1053,801518,rest
61.1102,-161,rest
61.1135,-597943,rest
61.1176,-65367,rest
61.1217,488526,rest
61.1263,1050170,rest
61.1299,164378,rest
61.1340,-616153,rest
61.1381,-94784,rest
61.1425,247,rest
61.1469,732807,rest
61.1474,1,rest
61.1525,28668,rest
61.1543,-706,rest
61.1545,828,rest
61.1560,-143378,rest
61.1595,396694,rest
61.1626,914392,rest
61.1667,286754,rest
61.1709,-657996,rest
61.1768,31,rest
61.1795,381541,rest
61.1832,810448,rest
61.1872,323487,rest
61.1916,-7348,rest
61.1962,-146622,rest
61.2005,340100,rest
61.2036,844692,rest
61.2078,1462,rest
61.2128,-727813,rest
61.2165,-131101,rest
61.2211,329447,rest
61.2241,910035,rest
61.2301,527733,rest
61.2324,-759948,rest
61.2364,-150530,rest
61.2405,286893,rest
61.2451,860222,rest
61.2486,570708,rest
61.2528,-803406,rest
61.2570,-186090,rest
61.2620,250225,rest
61.2651,798996,rest
61.2691,603913,rest
61.2704,-,rest
61.2733,837629,rest
61.2742,-,rest
61.2779,172710,rest
61.2794,236,rest
61.2814,945,rest
61.2825,857106,rest
61.2855,707460,rest
61.2898,-853530,rest
61.2941,-205481,rest
61.2978,211729,rest
61.3019,819684,rest
61.3063,731847,rest
61.3116,-854715,rest
61.3142,-203030,rest
61.3183,181639,rest
61.3231,848920,rest
61.3272,808438,rest
61.3306,-844950,rest
61.3347,-210855,rest
61.3393,163542,rest
61.3431,810942,rest
61.3469,828890,rest
61.3510,-822591,rest
61.3552,-224895,rest
61.3598,143602,rest
61.3633,849318,rest
61.3674,849372,rest
61.3716,-798232,rest
61.3760,-229459,rest
61.3797,110497,rest
61.3838,794499,rest
61.3879,787454,rest
61.3933,-790199,rest
61.3961,-272817,rest
61.4002,101013,rest
61.4043,823224,rest
61.4056,86,rest
61.4098,3933,rest
61.4128,-726207,rest
61.4136,-222957,rest
61.4166,93138,rest
61.4207,836462,rest
61.4250,04689,rest
61.4294,-672263,rest
61.4335,-255861,rest
61.4371,64752,rest
61.4414,795814,rest
61.4460,929071,rest
61.4494,-620643,rest
61.4534,-324614,rest
61.4596,9,rest
61.4625,766073,rest
61.4673,865531,rest
61.4701,-582831,rest
61.4745,-335320,rest
61.4794,14391,rest
61.4821,731814,rest
61.4862,875745,rest
61.4904,-512137,rest
61.4967,-362159,rest
61.4984,-1332,rest
61.5026,691908,rest
61.5068,817623,rest
61.5123,-458657,rest
61.5149,-456704,rest
61.5190,-25773,rest
61.5232,657986,rest
61.5277,918140,rest
61.5289,-,rest
61.5313,352148,rest
61.5328,-47,rest
61.5354,6023,rest
61.5365,-36541,rest
61.5398,602349,rest
61.5442,752399,rest
61.5477,-321999,rest
61.5518,-560400,rest
61.5563,-64770,rest
61.5602,573652,rest
61.5640,842815,rest
61.5681,-203937,rest
61.5724,-548042,rest
61.5767,-55056,rest
61.5804,548774,rest
61.5845,802506,rest
61.5894,-126063,rest
61.5935,-615294,rest
61.5970,-70476,rest
61.6009,528554,rest
61.6051,884653,rest
61.6099,3098,rest
61.6132,-582774,rest
61.6173,-57804,rest
61.6215,500704,rest
61.6269,24,rest
61.6336,58531,rest
61.6353,-636093,rest
61.6378,-89582,rest
61.6434,51,rest
61.6500,852777,rest
61.6510,171954,rest
61.6525,-,rest
61.6542,622378,rest
61.6555,-,rest
61.6584,55,rest
61.6629,112,rest
61.6648,8118,rest
61.6679,88,rest
61.6699,217035,rest
61.6706,-664834,rest
61.6760,10,rest
61.6800,402598,rest
61.6842,834974,rest
61.6869,312145,rest
61.6926,683,rest
61.6955,-101194,rest
61.7005,384732,rest
61.7036,822948,rest
61.7078,8119,rest
61.7118,-716007,rest
61.7159,-114481,rest
61.7226,355920,rest
61.7238,885664,rest
61.7281,497449,rest
61.7324,-716341,rest
61.7361,-102385,rest
61.7403,337755,rest
61.7453,827691,rest
61.7483,538931,rest
61.7524,-763822,rest
61.7566,-137288,rest
61.7617,310504,rest
61.7648,825914,rest
61.7688,614009,rest
61.7730,-773473,rest
61.7784,-123956,rest
61.7811,305663,rest
61.7852,917820,rest
61.7864,7,rest
61.7896,31280,rest
61.7917,-7907,rest
61.7938,05,rest
61.7969,-119880,rest
61.7975,281864,rest
61.8016,893653,rest
61.8067,792170,rest
61.8114,8031,rest
61.8143,-150720,rest
61.8203,242078,rest
61.8252,829976,rest
61.8286,812030,rest
61.8303,-817155,rest
61.8349,-173009,rest
61.8387,213091,rest
61.8438,848969,rest
61.8467,833098,rest
61.8508,-804993,rest
61.8549,-196303,rest
61.8601,178679,rest
61.8630,865342,rest
61.8671,871087,rest
61.8712,-778620,rest
61.8756,148,rest
61.8799,158502,rest
61.8855,870492,rest
61.8876,861500,rest
61.8919,760,rest
61.8981,-198100,rest
61.9013,141551,rest
61.9040,881889,rest
61.9102,4689,rest
61.9149,707228,rest
61.9170,-222813,rest
61.9202,1068,rest
61.9208,35,rest
61.9228,846065,rest
61.9252,933413,rest
61.9291,-683567,rest
61.9327,-251474,rest
61.9367,75813,rest
61.9420,8,rest
61.9476,894701,rest
61.9502,-646619,rest
61.9547,-240672,rest
61.9572,56118,rest
61.9617,777020,rest
61.9654,853665,rest
61.9695,-617032,rest
61.9738,-312645,rest
61.9789,24559,rest
61.9818,756220,rest
61.9859,897844,rest
61.9900,-537868,rest
61.9946,-362584,rest
61.9982,6790,rest
62.0023,716458,rest
62.0065,861864,rest
62.0111,-471760,rest
62.0146,-416293,rest
62.0186,-8532,rest
62.0230,678689,rest
62.0270,865764,rest
62.0317,-399810,rest
62.0352,-492421,rest
62.0366,-,rest
62.0395,37311,rest
62.0437,635791,rest
62.0449,100,rest
62.0474,5066,rest
62.0490,-285993,rest
62.0515,-505892,rest
62.0561,-51310,rest
62.0605,580364,rest
62.0638,754678,rest
62.0678,-273460,rest
62.0726,-595067,rest
62.0771,-76000,rest
62.0801,551317,rest
62.0842,917670,rest
62.0884,-128172,rest
62.0929,-587097,rest
62.0971,-63834,rest
62.1006,524297,rest
62.1047,758607,rest
62.1104,-92497,rest
62.1140,-622867,rest
62.1170,-81632,rest
62.1211,494850,rest
62.1254,09018,rest
62.1304,50098,rest
62.1343,-595864,rest
62.1425,-78912,rest
62.1429,465203,rest
62.1458,845276,rest
62.1504,104753,rest
62.1539,-645827,rest
62.1593,137,rest
62.1625,434176,rest
62.1670,943029,rest
62.1722,237231,rest
62.1732,-626,rest
62.1744,753,rest
62.1745,-88814,rest
62.1796,395231,rest
62.1825,779512,rest
62.1866,240162,rest
62.1927,-711211,rest
62.1948,-131774,rest
62.1989,365226,rest
62.2030,886302,rest
62.2071,371181,rest
62.2123,-709086,rest
62.2153,-125346,rest
62.2194,348794,rest
62.2235,772421,rest
62.2285,400647,rest
62.2317,-753800,rest
62.2357,-129054,rest
62.2399,326996,rest
62.2445,897461,rest
62.2480,546511,rest
62.2521,-755760,rest
62.2564,-143303,rest
62.2630,299230,rest
62.2644,809059,rest
62.2685,575842,rest
62.2729,-794890,rest
62.2771,-149192,rest
62.2808,285828,rest
62.2849,873835,rest
62.2894,679556,rest
62.2909,-,rest
62.2951,810117,rest
62.2962,-,rest
62.2972,156066,rest
62.2985,263,rest
62.3013,488,rest
62.3022,886895,rest
62.3061,754816,rest
62.3101,-819686,rest
62.3141,-165260,rest
62.3177,237621,rest
62.3218,876571,rest
62.3276,98152,rest
62.3302,-824193,rest
62.3357,-188628,rest
62.3393,214044,rest
62.3435,806854,rest
62.3464,787134,rest
62.3520,-811753,rest
62.3546,-213799,rest
62.3595,194641,rest
62.3631,844814,rest
62.3668,848592,rest
62.3710,-767069,rest
62.3764,1,rest
62.3815,209595,rest
62.3850,943128,rest
62.3876,951879,rest
62.3916,721564,rest
62.3970,-190125,rest
62.3996,167962,rest
62.4037,847636,rest
62.4080,1717,rest
62.4125,-733294,rest
62.4169,-182952,rest
62.4203,157655,rest
62.4243,903709,rest
62.4258,10,rest
62.4290,00046,rest
62.4313,-64411,rest
62.4323,5,rest
62.4325,-225904,rest
62.4364,116228,rest
62.4408,837150,rest
62.4447,809565,rest
62.4488,-659317,rest
62.4529,-246447,rest
62.4570,105182,rest
62.4614,868792,rest
62.4656,1015780,rest
62.4692,-545092,rest
62.4733,-210740,rest
62.4793,101557,rest
62.4815,822070,rest
62.4856,857665,rest
62.4900,-535783,rest
62.4963,-328523,rest
62.4978,52401,rest
62.5020,783952,rest
62.5062,946396,rest
62.5114,-443098,rest
62.5143,-327638,rest
62.5184,44476,rest
62.5231,744491,rest
62.5272,877355,rest
62.5312,-388477,rest
62.5348,-397887,rest
62.5393,28431,rest
62.5437,692396,rest
62.5470,847807,rest
62.5486,-,rest
62.5512,323668,rest
62.5526,-45,rest
62.5553,8996,rest
62.5555,6112,rest
62.5601,655081,rest
62.5637,954575,rest
62.5675,-204617,rest
62.5717,-470901,rest
62.5772,304,rest
62.5825,608473,rest
62.5852,837197,rest
62.5899,-168764,rest
62.5940,-551482,rest
62.5975,-32045,rest
62.6004,574199,rest
62.6062,961413,rest
62.6085,-30417,rest
62.6131,-546423,rest
62.6167,-33896,rest
62.6208,538741,rest
62.6262,73,rest
62.6314,19770,rest
62.6343,-579924,rest
62.6375,-60531,rest
62.6431,01,rest
62.6469,811397,rest
62.6497,89965,rest
62.6543,-625001,rest
62.6580,817,rest
62.6627,460757,rest
62.6664,899762,rest
62.6701,205841,rest
62.6733,-,rest
62.6744,624968,rest
62.6758,-,rest
62.6783,81923,rest
62.6796,42,rest
62.6828,3609,rest
62.6848,89267,rest
62.6863,9,rest
62.6878,272911,rest
62.6905,-683580,rest
62.6958,-122137,rest
62.6991,387601,rest
62.7027,860474,rest
62.7068,347644,rest
62.7113,-678089,rest
62.7156,-107055,rest
62.7191,364131,rest
62.7232,878250,rest
62.7277,439596,rest
62.7323,-735015,rest
62.7355,-135318,rest
62.7397,329531,rest
62.7445,849629,rest
62.7486,500345,rest
62.7519,-770644,rest
62.7563,-161979,rest
62.7604,299416,rest
62.7641,857964,rest
62.7682,579124,rest
62.7731,-789735,rest
62.7783,-154844,rest
62.7805,272744,rest
62.7846,876227,rest
62.7890,652354,rest
62.7948,-809097,rest
62.7972,-159991,rest
62.8010,244451,rest
62.8052,868582,rest
62.8062,7,rest
62.8097,12040,rest
62.8114,-8545,rest
62.8132,09,rest
62.8145,-196465,rest
62.8174,208384,rest
62.8215,808219,rest
62.8268,741526,rest
62.8297,-861739,rest
62.8338,-162983,rest
62.8379,204456,rest
62.8434,871425,rest
62.8465,823459,rest
62.8501,-840500,rest
62.8543,-225348,rest
62.8587,171102,rest
62.8626,798722,rest
62.8665,828668,rest
62.8708,-822487,rest
62.8769,276,rest
62.8789,141918,rest
62.8840,860870,rest
62.8902,855365,rest
62.8929,-793621,rest
62.8966,-215660,rest
62.9010,12964,rest
62.9041,823542,rest
62.9082,837592,rest
62.9120,-777261,rest
62.9173,2520,rest
62.9203,106557,rest
62.9246,866975,rest
62.9290,953628,rest
62.9300,-,rest
62.9321,05176,rest
62.9338,-2,rest
62.9374,1241,rest
62.9403,86272,rest
62.9427,818384,rest
62.9460,907785,rest
62.9495,-684249,rest
62.9528,-272135,rest
62.9572,57330,rest
62.9608,791325,rest
62.9661,826997,rest
62.9689,-662836,rest
62.9732,-283822,rest
62.9784,45071,rest
62.9812,795213,rest
62.9853,980314,rest
62.9895,-546499,rest
62.9942,-299647,rest
62.9978,31318,rest
63.0017,748053,rest
63.0061,872397,rest
63.0103,-516475,rest
63.0141,-401890,rest
63.0180,-965,rest
63.0223,706562,rest
63.0271,912915,rest
63.0315,-429816,rest
63.0344,-447964,rest
63.0386,-15560,rest
63.0436,659759,rest
63.0467,834875,rest
63.0508,-372142,rest
63.0550,-480198,rest
63.0564,-,rest
63.0598,27164,rest
63.0628,6,rest
63.0639,28219,rest
63.0652,9054,rest
63.0672,71,rest
63.0689,-263814,rest
63.0714,-530310,rest
63.0777,45551,rest
63.0795,584990,rest
63.0836,790275,rest
63.0878,-207938,rest
63.0940,569,rest
63.0961,-49767,rest
63.1002,564888,rest
63.1053,836511,rest
63.1083,-102373,rest
63.1136,-559904,rest
63.1165,-35771,rest
63.1206,551284,rest
63.1251,14040,rest
63.1315,-18162,rest
63.1329,-584199,rest
63.1368,-38529,rest
63.1424,44,rest
63.1457,904852,rest
63.1494,98644,rest
63.1533,-599151,rest
63.1579,-50,rest
63.1629,485322,rest
63.1663,871930,rest
63.1721,167185,rest
63.1742,-622754,rest
63.1790,-67971,rest
63.1822,454229,rest
63.1860,874499,rest
63.1870,2,rest
63.1902,64835,rest
63.1918,-626,rest
63.1957,160,rest
63.1960,-70449,rest
63.1984,426890,rest
63.2025,841400,rest
63.2066,313199,rest
63.2120,-677881,rest
63.2147,-87366,rest
63.2188,403136,rest
63.2231,892599,rest
63.2281,432052,rest
63.2311,-694861,rest
63.2352,-96087,rest
63.2397,369890,rest
63.2438,881780,rest
63.2476,507731,rest
63.2515,-732523,rest
63.2562,-115963,rest
63.2604,342215,rest
63.2639,913239,rest
63.2680,608855,rest
63.2721,-738986,rest
63.2768,-101754,rest
63.2802,319462,rest
63.2843,960220,rest
63.2885,703824,rest
63.2936,-776203,rest
63.2966,-147590,rest
63.3008,274117,rest
63.3048,817573,rest
63.3107,71363-,rest
63.3150,827647,rest
63.3160,-,rest
63.3189,168061,rest
63.3209,251,rest
63.3224,483,rest
63.3232,933646,rest
63.3255,846392,rest
63.3309,-802155,rest
63.3335,-147377,rest
63.3376,236274,rest
63.3419,443,rest
63.3464,789213,rest
63.3528,-818656,rest
63.3543,-207002,rest
63.3602,94,rest
63.3627,886519,rest
63.3683,903943,rest
63.3703,-783772,rest
63.3746,9,rest
63.3819,179966,rest
63.3860,834166,rest
63.3882,825386,rest
63.3915,-7955,rest
63.3966,2086,rest
63.4021,156966,rest
63.4042,904180,rest
63.4091,938216,rest
63.4133,-726757,rest
63.4154,-189297,rest
63.4195,137555,rest
63.4236,873579,rest
63.4279,943975,rest
63.4320,-708200,rest
63.4358,-249812,rest
63.4400,87031,rest
63.4465,821391,rest
63.4480,84,rest
63.4481,1160,rest
63.4495,-70576,rest
63.4522,3,rest
63.4523,-258271,rest
63.4565,76145,rest
63.4608,830394,rest
63.4651,947066,rest
63.4686,-624132,rest
63.4730,-267334,rest
63.4773,66638,rest
63.4811,806860,rest
63.4850,880149,rest
63.4895,-584979,rest
63.4937,-302140,rest
63.4976,41008,rest
63.5014,782237,rest
63.5058,917815,rest
63.5108,-521683,rest
63.5137,-353837,rest
63.5177,26499,rest
63.5219,738830,rest
63.5269,873687,rest
63.5309,-453915,rest
63.5342,-393507,rest
63.5383,18507,rest
63.5428,703256,rest
63.5472,882615,rest
63.5505,-371413,rest
63.5547,-458102,rest
63.5589,293,rest
63.5636,654292,rest
63.5671,878073,rest
63.5687,-,rest
63.5732,293402,rest
63.5750,-47,rest
63.5754,7400,rest
63.5766,-16388,rest
63.5805,614783,rest
63.5842,917660,rest
63.5875,-201636,rest
63.5931,55020,rest
63.5962,-42095,rest
63.6016,577242,rest
63.6043,747008,rest
63.6086,-1518,rest
63.6126,-576401,rest
63.6162,-33510,rest
63.6201,564252,rest
63.6247,877,rest
63.6299,-13432,rest
63.6367,-573439,rest
63.6371,-33848,rest
63.6425,54335,rest
63.6466,856562,rest
63.6492,71234,rest
63.6530,-592908,rest
63.6571,-49956,rest
63.6615,502832,rest
63.6657,861354,rest
63.6693,153361,rest
63.6735,-605316,rest
63.6788,-50252,rest
63.6816,482679,rest
63.6857,806868,rest
63.6899,213489,rest
63.6911,-,rest
63.6946,668160,rest
63.6963,-,rest
63.6980,82896,rest
63.6995,44,rest
63.7021,9493,rest
63.7032,96456,rest
63.7062,0,rest
63.7077,367921,rest
63.7116,-622496,rest
63.7144,-55067,rest
63.7184,431754,rest
63.7230,894891,rest
63.7275,415075,rest
63.7309,-665791,rest
63.7348,-64514,rest
63.7393,393058,rest
63.7436,907244,rest
63.7471,513577,rest
63.7512,-715312,rest
63.7558,-104135,rest
63.7600,350984,rest
63.7648,927200,rest
63.7676,582577,rest
63.7718,-736259,rest
63.7763,-114293,rest
63.7805,321509,rest
63.7840,884848,rest
63.7881,619328,rest
63.7936,79153,rest
63.7978,-149511,rest
63.8014,282678,rest
63.8045,922874,rest
63.8086,34521,rest
63.8129,-805212,rest
63.8185,-164135,rest
63.8228,257352,rest
63.8250,856599,rest
63.8261,74,rest
63.8296,0019,rest
63.8320,-8395,rest
63.8332,50,rest
63.8344,-171435,rest
63.8373,233468,rest
63.8416,64,rest
63.8461,822961,rest
63.8506,-823232,rest
63.8550,-190592,rest
63.8583,2080,rest
63.8622,921937,rest
63.8674,902022,rest
63.8701,-795513,rest
63.8747,-1974,rest
63.8787,175035,rest
63.8837,837768,rest
63.8864,826816,rest
63.8908,-800850,rest
63.8956,-219278,rest
63.8987,153345,rest
63.9028,865600,rest
63.9070,876669,rest
63.9128,-766068,rest
63.9151,-230442,rest
63.9192,126206,rest
63.9233,860360,rest
63.9287,840513,rest
63.9314,-746155,rest
63.9355,-248183,rest
63.9397,108878,rest
63.9443,858978,rest
63.9478,957144,rest
63.9491,-,rest
63.9519,663454,rest
63.9530,-2,rest
63.9562,52688,rest
63.9574,92857,rest
63.9628,830331,rest
63.9643,886425,rest
63.9683,-641799,rest
63.9730,-279458,rest
63.9770,71828,rest
63.9822,822589,rest
63.9847,981266,rest
63.9891,-558580,rest
63.9934,-270029,rest
63.9972,52317,rest
64.0011,775065,rest
64.0057,850785,rest
64.0100,-537179,rest
64.0136,-413953,rest
64.0174,3447,rest
64.0216,733292,rest
64.0264,886322,rest
64.0304,-451275,rest
64.0338,-381744,rest
64.0379,21122,rest
64.0431,705647,rest
64.0473,927741,rest
64.0505,-362485,rest
64.0544,-493115,rest
64.0604,1602,rest
64.0631,641249,rest
64.0692,827296,rest
64.0709,-300814,rest
64.0715,-,rest
64.0751,077,rest
64.0798,23497,rest
64.0810,6,rest
64.0830,23649,rest
64.0841,108,rest
64.0872,7500,rest
64.0885,-146217,rest
64.0922,-517283,rest
64.0968,-41465,rest
64.0995,558090,rest
64.1035,697454,rest
64.1093,-114,rest
64.1128,-632503,rest
64.1174,-68389,rest
64.1201,542144,rest
64.1258,100022,rest
64.1284,8135,rest
64.1339,-566904,rest
64.1362,-58549,rest
64.1405,500151,rest
64.1455,818347,rest
64.1491,31813,rest
64.1527,-645952,rest
64.1570,-90214,rest
64.1615,460631,rest
64.1658,885204,rest
64.1691,146717,rest
64.1735,-633565,rest
64.1780,-86590,rest
64.1815,437986,rest
64.1854,843180,rest
64.1897,210716,rest
64.1948,-663338,flicker
64.1988,-98760,flicker
64.2023,404850,flicker
64.2063,896073,flicker
64.2076,3,flicker
64.2109,20156,flicker
64.2121,-679,flicker
64.2141,990,flicker
64.2152,-105424,flicker
64.2182,390380,flicker
64.2230,872789,flicker
64.2270,398739,flicker
64.2318,-722617,flicker
64.2346,-115726,flicker
64.2391,358220,flicker
64.2433,827264,flicker
64.2468,447106,flicker
64.2509,-743636,flicker
64.2551,-128213,flicker
64.2598,336520,flicker
64.2647,977321,flicker
64.2673,612762,flicker
64.2715,-752816,flicker
64.2762,-146604,flicker
64.2800,292641,flicker
64.2837,851901,flicker
64.2879,604877,flicker
64.2926,-824409,flicker
64.2967,-177232,flicker
64.3001,254726,flicker
64.3042,879674,flicker
64.3094,94,flicker
64.3175,-841055,flicker
64.3184,-181379,flicker
64.3236,232356,flicker
64.3250,827622,flicker
64.3294,726300,flicker
64.3311,-,flicker
64.3329,869427,flicker
64.3341,-,flicker
64.3370,218247,flicker
64.3385,2054,flicker
64.3412,9,flicker
64.3428,842,flicker
64.3463,779188,flicker
64.3493,-847960,flicker
64.3533,-187421,flicker
64.3592,192,flicker
64.3625,828840,flicker
64.3673,801895,flicker
64.3698,-829752,flicker
64.3740,-211756,flicker
64.3787,177973,flicker
64.3820,849253,flicker
64.3861,838645,flicker
64.3903,-784749,flicker
64.3950,-187621,flicker
64.3986,176367,flicker
64.4024,911652,flicker
64.4066,899306,flicker
64.4111,-735481,flicker
64.4148,-197645,flicker
64.4188,156772,flicker
64.4230,873665,flicker
64.4277,870206,flicker
64.4311,-722654,flicker
64.4352,-248119,flicker
64.4397,122391,flicker
64.4443,871974,flicker
64.4476,903081,flicker
64.4517,-658503,flicker
64.4560,-213182,flicker
64.4604,129771,flicker
64.4640,873461,flicker
64.4651,930,flicker
64.4680,216,flicker
64.4696,-601908,flicker
64.4730,-232071,flicker
64.4772,106759,flicker
64.4803,851000,flicker
64.4844,889584,flicker
64.4885,-561275,flicker
64.4943,293,flicker
64.4969,92777,flicker
64.5012,832742,flicker
64.5049,877414,flicker
64.5104,-496620,flicker
64.5132,-295191,flicker
64.5171,80920,flicker
64.5213,798858,flicker
64.5270,820,flicker
64.5324,-421403,flicker
64.5374,-348944,flicker
64.5378,68273,flicker
64.5420,757261,flicker
64.5462,884211,flicker
64.5504,-340613,flicker
64.5542,-391358,flicker
64.5600,238,flicker
64.5642,716861,flicker
64.5676,874707,flicker
64.5713,-269217,flicker
64.5753,21,flicker
64.5803,49764,flicker
64.5831,671020,flicker
64.5868,961877,flicker
64.5881,-,flicker
64.5927,6348,flicker
64.5951,80,flicker
64.5967,9161,flicker
64.5999,621763,flicker
64.6053,854192,flicker
64.6078,-105384,flicker
64.6115,533093,flicker
64.6159,-3611,flicker
64.6211,596407,flicker
64.6237,865279,flicker
64.6285,-14121,flicker
64.6325,-557865,flicker
64.6359,-4145,flicker
64.6401,575703,flicker
64.6448,897188,flicker
64.6482,93025,flicker
64.6523,-544763,flicker
64.6565,-4091,flicker
64.6609,541225,flicker
64.6646,866073,flicker
64.6687,149751,flicker
64.6732,-570664,flicker
64.6786,-18301,flicker
64.6810,507803,flicker
64.6851,889977,flicker
64.6898,259957,flicker
64.6943,-617074,flicker
64.6974,-46502,flicker
64.7015,476201,flicker
64.7063,893256,flicker
64.7109,335941,flicker
64.7127,-,flicker
64.7138,611842,flicker
64.7149,-,flicker
64.7179,41840,flicker
64.7189,44,flicker
64.7224,6683,flicker
64.7242,88527,flicker
64.7263,7,flicker
64.7270,411622,flicker
64.7308,-678048,flicker
64.7342,-68611,flicker
64.7384,402209,flicker
64.7437,863863,flicker
64.7470,488616,flicker
64.7507,-699880,flicker
64.7547,-77785,flicker
64.7606,8387,flicker
64.7635,890385,flicker
64.7684,575286,flicker
64.7715,-710775,flicker
64.7754,0,flicker
64.7814,369383,flicker
64.7845,906797,flicker
64.7875,665747,flicker
64.7929,-741803,flicker
64.7965,-76547,flicker
64.7998,341729,flicker
64.8040,896801,flicker
64.8099,05550,flicker
64.8140,-786017,flicker
64.8173,-104680,flicker
64.8203,308076,flicker
64.8255,88,flicker
64.8290,763289,flicker
64.8330,-798062,flicker
64.8380,-115440,flicker
64.8408,291523,flicker
64.8454,879126,flicker
64.8469,81,flicker
64.8489,7524,flicker
64.8500,-78956,flicker
64.8530,9,flicker
64.8531,-132840,flicker
64.8574,267929,flicker
64.8623,899196,flicker
64.8656,859592,flicker
64.8694,-755210,flicker
64.8736,-109358,flicker
64.8782,263735,flicker
64.8822,923532,flicker
64.8858,895787,flicker
64.8899,-730140,flicker
64.8947,-119992,flicker
64.8981,238889,flicker
64.9022,949740,flicker
64.9063,911922,flicker
64.9109,-696720,flicker
64.9151,-136153,flicker
64.9185,221558,flicker
64.9228,949443,flicker
64.9270,902679,flicker
64.9309,-672976,flicker
64.9349,-162917,flicker
64.9392,193129,flicker
64.9437,926895,flicker
64.9472,932409,flicker
64.9513,-623387,flicker
64.9561,-169325,flicker
64.9601,179332,flicker
64.9636,922122,flicker
64.9677,928397,flicker
64.9690,-,flicker
64.9719,577414,flicker
64.9740,-17,flicker
64.9773,8597,flicker
64.9791,15580,flicker
64.9799,8,flicker
64.9814,895966,flicker
64.9841,931376,flicker
64.9882,-520422,flicker
64.9940,233,flicker
64.9972,144370,flicker
65.0007,876251,flicker
65.0050,941932,flicker
65.0103,471,flicker
65.0135,-254048,flicker
65.0172,125172,flicker
65.0221,851146,flicker
65.0254,100900,flicker
65.0299,-386721,flicker
65.0352,-377213,flicker
65.0390,69799,flicker
65.0424,771706,flicker
65.0459,9351,flicker
65.0502,-317391,flicker
65.0550,-402645,flicker
65.0586,60050,flicker
65.0619,724790,flicker
65.0674,895872,flicker
65.0701,-262231,flicker
65.0747,-250,flicker
65.0787,51299,flicker
65.0840,692541,flicker
65.0881,916458,flicker
65.0909,-167663,flicker
65.0921,-,flicker
65.0952,476702,flicker
65.1002,24133,flicker
65.1015,6,flicker
65.1029,46389,flicker
65.1045,8938,flicker
65.1070,03,flicker
65.1072,-93825,flicker
65.1115,-523417,flicker
65.1151,12716,flicker
65.1193,611065,flicker
65.1234,894834,flicker
65.1278,-17856,flicker
65.1315,-544980,flicker
65.1356,-1463,flicker
65.1399,576323,flicker
65.1444,845397,flicker
65.1483,60311,flicker
65.1521,-576944,flicker
65.1562,-16296,flicker
65.1611,546841,flicker
65.1646,879174,flicker
65.1685,162782,flicker
65.1729,-570411,flicker
65.1770,-22571,flicker
65.1807,516108,flicker
65.1848,874372,flicker
65.1893,238704,flicker
65.1938,-603217,flicker
65.1977,-31791,flicker
65.2012,485968,flicker
65.2059,1000489,flicker
65.2102,368061,flicker
65.2140,-627099,flicker
65.2176,-58641,flicker
65.2217,436969,flicker
65.2263,786931,flicker
65.2280,3,flicker
65.2298,51274,flicker
65.2310,-6793,flicker
65.2339,29,flicker
65.2341,-65512,flicker
65.2381,423121,flicker
65.2423,3701,flicker
65.2469,505367,flicker
65.2506,-692172,flicker
65.2547,-70174,flicker
65.2595,393629,flicker
65.2629,9436,flicker
65.2676,559783,flicker
65.2739,-717389,flicker
65.2765,-88820,flicker
65.2792,364627,flicker
65.2837,893741,flicker
65.2875,612577,flicker
65.2931,774,flicker
65.2959,-97729,flicker
65.3007,329825,flicker
65.3047,896559,flicker
65.3077,682670,flicker
65.3130,-788338,flicker
65.3159,-116881,flicker
65.3199,305818,flicker
65.3243,879508,flicker
65.3292,729466,flicker
65.3330,-808001,flicker
65.3363,-118420,flicker
65.3408,289405,flicker
65.3451,957889,flicker
65.3486,854693,flicker
65.3501,-,flicker
65.3527,783100,flicker
65.3538,-,flicker
65.3569,162751,flicker
65.3581,243,flicker
65.3624,588,flicker
65.3642,853396,flicker
65.3651,814049,flicker
65.3691,-805895,flicker
65.3733,-173183,flicker
65.3780,226088,flicker
65.3814,910313,flicker
65.3855,863864,flicker
65.3897,-766742,flicker
65.3945,-139838,flicker
65.3980,215033,flicker
65.4019,952465,flicker
65.4062,910241,flicker
65.4109,-740113,flicker
65.4142,-201117,flicker
65.4183,170617,flicker
65.4230,889649,flicker
65.4267,887283,flicker
65.4306,-715566,flicker
65.4348,-199982,flicker
65.4391,157245,flicker
65.4438,898903,flicker
65.4474,915528,flicker
65.4511,-678918,flicker
65.4551,-203281,flicker
65.4601,137810,flicker
65.4636,869686,flicker
65.4675,882709,flicker
65.4716,-646187,flicker
65.4781,-236880,flicker
65.4798,116114,flicker
65.4839,868766,flicker
65.4856,935,flicker
65.4879,586,flicker
65.4893,-569505,flicker
65.4923,-5,flicker
65.4970,106461,flicker
65.5055,836511,flicker
65.5058,857899,flicker
65.5089,-4194,flicker
65.5135,-315735,flicker
65.5175,70828,flicker
65.5211,800709,flicker
65.5252,887492,flicker
65.5292,-458,flicker
65.5336,-356748,flicker
65.5403,58083,flicker
65.5431,771130,flicker
65.5463,856705,flicker
65.5507,94,flicker
65.5552,-354135,flicker
65.5596,56007,flicker
65.5620,729349,flicker
65.5682,975330,flicker
65.5727,-284751,flicker
65.5741,-447967,flicker
65.5789,15532,flicker
65.5825,663164,flicker
65.5862,919295,flicker
65.5905,-225099,flicker
65.5950,-502619,flicker
65.5988,-10827,flicker
65.6026,613803,flicker
65.6067,845086,flicker
65.6084,-,flicker
65.6130,156444,flicker
65.6147,-528,flicker
65.6149,562,flicker
65.6162,-17190,flicker
65.6191,588837,flicker
65.6232,948025,flicker
65.6299,-42611,flicker
65.6313,-590309,flicker
65.6353,-52350,flicker
65.6399,537646,flicker
65.6440,854865,flicker
65.6489,11086,flicker
65.6522,-614292,flicker
65.6564,-61541,flicker
65.6601,502831,flicker
65.6653,858574,flicker
65.6681,112138,flicker
65.6731,-601831,flicker
65.6771,-64589,flicker
65.6815,474460,flicker
65.6846,880314,flicker
65.6887,183593,flicker
65.6939,-640576,flicker
65.6973,-78503,flicker
65.7008,442011,flicker
65.7050,855984,flicker
65.7100,258088,flicker
65.7136,-666538,flicker
65.7179,-78307,flicker
65.7214,413028,flicker
65.7270,903499,flicker
65.7301,365602,flicker
65.7316,-,flicker
65.7338,702559,flicker
65.7349,-,flicker
65.7378,107884,flicker
65.7386,37,flicker
65.7434,86,flicker
65.7462,424251,flicker
65.7504,-726263,flicker
65.7546,-101158,flicker
65.7589,360441,flicker
65.7628,875632,flicker
65.7670,514973,flicker
65.7706,-752885,flicker
65.7754,-124308,flicker
65.7792,329097,flicker
65.7840,843639,flicker
65.7876,572174,flicker
65.7913,820,flicker
65.7954,-140955,flicker
65.7997,305049,flicker
65.8050,884475,flicker
65.8090,658241,flicker
65.8118,-810271,flicker
65.8161,-144163,flicker
65.8214,283684,flicker
65.8238,860576,flicker
65.8292,712576,flicker
65.8322,-828247,flicker
65.8360,-147201,flicker
65.8403,269319,flicker
65.8453,865840,flicker
65.8487,768308,flicker
65.8524,-830063,flicker
65.8566,-168171,flicker
65.8611,244138,flicker
65.8652,849919,flicker
65.8667,81,flicker
65.8688,5182,flicker
65.8698,-80718,flicker
65.8731,7,flicker
65.8733,-169747,flicker
65.8799,229336,flicker
65.8815,885234,flicker
65.8852,861999,flicker
65.8896,-772659,flicker
65.8939,-141053,flicker
65.8975,216470,flicker
65.9015,925252,flicker
65.9063,874513,flicker
65.9109,-746244,flicker
65.9154,-159714,flicker
65.9180,195944,flicker
65.9227,927388,flicker
65.9276,913747,flicker
65.9307,-709938,flicker
65.9343,-190604,flicker
65.9385,170788,flicker
65.9436,899861,flicker
65.9475,875991,flicker
65.9507,-686670,flicker
65.9549,-214626,flicker
65.9592,48,flicker
65.9632,901561,flicker
65.9675,920634,flicker
65.9719,-628085,flicker
65.9755,-202579,flicker
65.9805,125453,flicker
65.9850,869733,flicker
65.9876,924567,flicker
65.9888,-,flicker
65.9924,580867,flicker
65.9944,-24,flicker
65.9958,1655,flicker
65.9966,10475,flicker
65.9998,4,flicker
65.9999,847303,flicker
66.0040,883577,flicker
66.0095,53639,flicker
66.0140,-291014,flicker
66.0177,87665,flicker
66.0205,817431,flicker
66.0248,902,flicker
66.0293,-458346,flicker
66.0341,-366580,flicker
66.0386,66207,flicker
66.0412,777338,flicker
66.0468,8656,flicker
66.0530,-379451,flicker
66.0536,-409035,flicker
66.0578,48605,flicker
66.0627,735574,flicker
66.0656,897485,flicker
66.0695,-297700,flicker
66.0737,-437372,flicker
66.0785,46404,flicker
66.0818,702604,flicker
66.0859,907599,flicker
66.0901,-218081,flicker
66.0945,-510391,flicker
66.0992,15172,flicker
66.1023,663017,flicker
66.1065,881731,flicker
66.1112,-132522,flicker
66.1125,-,flicker
66.1146,517509,flicker
66.1187,19642,flicker
66.1198,6,flicker
66.1230,35978,flicker
66.1243,9615,flicker
66.1278,97,flicker
66.1284,-20427,flicker
66.1310,-530070,flicker
66.1351,10415,flicker
66.1394,600315,flicker
66.1439,870079,flicker
66.1476,24991,flicker
66.1514,-582065,flicker
66.1560,-17089,flicker
66.1601,563378,flicker
66.1640,915909,flicker
66.1687,121329,flicker
66.1721,-565468,flicker
66.1765,-13601,flicker
66.1815,529627,flicker
66.1846,877534,flicker
66.1883,193405,flicker
66.1926,20,flicker
66.1973,-33516,flicker
66.2019,489349,flicker
66.2053,889825,flicker
66.2088,277177,flicker
66.2152,-632637,flicker
66.2169,-52060,flicker
66.2210,460921,flicker
66.2269,25,flicker
66.2298,373046,flicker
66.2339,-663352,flicker
66.2399,-70144,flicker
66.2415,419976,flicker
66.2465,929489,flicker
66.2483,4,flicker
66.2498,53589,flicker
66.2513,-6869,flicker
66.2538,60,flicker
66.2540,-76615,flicker
66.2584,414,flicker
66.2623,923681,flicker
66.2662,532629,flicker
66.2710,-747416,flicker
66.2749,-135110,flicker
66.2794,346169,flicker
66.2838,0,flicker
66.2891,617957,flicker
66.2925,-753250,flicker
66.2955,-113560,flicker
66.2989,321798,flicker
66.3038,965502,flicker
66.3072,708525,flicker
66.3137,-787611,flicker
66.3153,-152908,flicker
66.3194,275712,flicker
66.3235,855164,flicker
66.3281,692945,flicker
66.3326,-842900,flicker
66.3358,-165149,flicker
66.3400,250576,flicker
66.3455,882155,flicker
66.3487,786389,flicker
66.3522,-825084,flicker
66.3565,-172075,flicker
66.3616,235294,flicker
66.3644,878583,flicker
66.3686,832730,flicker
66.3696,-,flicker
66.3730,823932,flicker
66.3744,-1,flicker
66.3773,83448,flicker
66.3794,2135,flicker
66.3808,75,flicker
66.3823,875615,flicker
66.3850,837216,flicker
66.3894,-807395,flicker
66.3940,-186447,flicker
66.3974,185654,flicker
66.4013,884063,flicker
66.4059,873869,flicker
66.4101,-773487,flicker
66.4151,-215139,flicker
66.4182,164878,flicker
66.4218,887680,flicker
66.4267,879639,flicker
66.4314,-747636,flicker
66.4341,-213638,flicker
66.4382,143898,flicker
66.4431,73,flicker
66.4465,896532,flicker
66.4516,-703464,flicker
66.4568,-258491,flicker
66.4587,115871,flicker
66.4641,872385,flicker
66.4678,911836,flicker
66.4711,652822,flicker
66.4755,-204886,flicker
66.4798,116764,flicker
66.4834,6532,flicker
66.4881,918898,flicker
66.4922,-610448,flicker
66.4961,-255445,flicker
66.5004,91081,flicker
66.5018,8,flicker
66.5041,0,flicker
66.5046,831,flicker
66.5085,48,flicker
66.5105,-557640,flicker
66.5123,-301737,flicker
66.5160,72451,flicker
66.5206,813899,flicker
66.5256,71,flicker
66.5292,-478765,flicker
66.5329,-372209,flicker
66.5378,48175,flicker
66.5416,767767,flicker
66.5449,927470,flicker
66.5490,349,flicker
66.5545,-388886,flicker
66.5590,37893,flicker
66.5628,724462,flicker
66.5662,951591,flicker
66.5714,-319185,flicker
66.5750,625,flicker
66.5780,1986,flicker
66.5830,665223,flicker
66.5866,934465,flicker
66.5898,-256983,flicker
66.5945,-533238,flicker
66.5979,-30806,flicker
66.6020,615471,flicker
66.6062,879441,flicker
66.6108,-188528,flicker
66.6143,-577310,flicker
66.6184,-38333,flicker
66.6227,585625,flicker
66.6273,837270,flicker
66.6275,-,flicker
66.6315,116940,flicker
66.6330,-605,flicker
66.6347,360,flicker
66.6348,-47489,flicker
66.6393,562186,flicker
66.6454,916260,flicker
66.6470,6126,flicker
66.6512,-605210,flicker
66.6553,-50011,flicker
66.6608,526679,flicker
66.6634,853972,flicker
66.6675,81535,flicker
66.6716,-621392,flicker
66.6763,-61607,flicker
66.6803,491852,flicker
66.6839,873464,flicker
66.6880,173576,flicker
66.6940,6316,flicker
66.6963,-68993,flicker
66.7014,463345,flicker
66.7052,973930,flicker
66.7097,290795,flicker
66.7131,64362,flicker
66.7180,-78693,flicker
66.7233,425843,flicker
66.7253,870675,flicker
66.7304,319581,flicker
66.7335,-699232,flicker
66.7391,-108262,flicker
66.7421,388731,flicker
66.7459,995666,flicker
66.7498,466148,flicker
66.7510,-,flicker
66.7536,707636,flicker
66.7551,-,flicker
66.7595,204,flicker
66.7620,92,flicker
66.7638,861607,flicker
66.7676,478456,flicker
66.7703,-767859,flicker
66.7742,145,flicker
66.7796,311801,flicker
66.7830,933101,flicker
66.7864,596598,flicker
66.7912,-783776,flicker
66.7954,-165163,flicker
66.7993,272400,flicker
66.8026,869565,flicker
66.8072,109,flicker
66.8124,-856406,flicker
66.8161,-209339,flicker
66.8206,235602,flicker
66.8239,879457,flicker
66.8275,715982,flicker
66.8319,-852310,flicker
66.8356,-202870,flicker
66.8397,215755,flicker
66.8444,835324,flicker
66.8493,728125,flicker
66.8518,-886139,flicker
66.8563,-230700,flicker
66.8606,187712,flicker
66.8644,854321,flicker
66.8687,822399,flicker
66.8728,-855647,flicker
66.8773,-223412,flicker
66.8811,167838,flicker
66.8846,829899,flicker
66.8861,80,flicker
66.8888,8586,flicker
66.8906,-85092,flicker
66.8933,6,flicker
66.8945,-231192,flicker
66.8977,151351,flicker
66.9010,852217,flicker
66.9051,842845,flicker
66.9099,-824060,flicker
66.9138,-277861,flicker
66.9174,117453,flicker
66.9214,838345,flicker
66.9265,847785,flicker
66.9301,-793702,flicker
66.9337,-290027,flicker
66.9378,107514,flicker
66.9432,4144,flicker
66.9466,867643,flicker
66.9516,-742604,flicker
66.9564,-272126,flicker
66.9583,94229,flicker
66.9630,850975,flicker
66.9672,987834,flicker
66.9706,-669062,flicker
66.9763,284,flicker
66.9792,70388,flicker
66.9839,819228,flicker
66.9881,857448,flicker
66.9916,-669225,flicker
66.9963,-307596,flicker
66.9998,56843,flicker
67.0034,803590,flicker
67.0077,940,flicker
67.0092,-,flicker
67.0118,96443,flicker
67.0137,-33,flicker
67.0160,2194,flicker
67.0188,37666,flicker
67.0211,781279,flicker
67.0246,84518,flicker
67.0289,-540361,flicker
67.0338,-373639,flicker
67.0385,32551,flicker
67.0404,763685,flicker
67.0449,981445,flicker
67.0485,-422260,flicker
67.0525,-411028,flicker
67.0566,13896,flicker
67.0614,705562,flicker
67.0655,808067,flicker
67.0689,-403391,flicker
67.0731,-522433,flicker
67.0778,-25505,flicker
67.0812,659014,flicker
67.0853,872974,flicker
67.0896,-295256,flicker
67.0950,-496374,flicker
67.0976,-10181,flicker
67.1016,641913,flicker
67.1060,869076,flicker
67.1108,-215017,flicker
67.1141,-552244,flicker
67.1181,-28610,flicker
67.1227,596864,flicker
67.1266,821909,flicker
67.1319,-139166,flicker
67.1332,-,flicker
67.1344,577450,flicker
67.1354,-,flicker
67.1387,31538,flicker
67.1404,5,flicker
67.1438,70208,flicker
67.1459,8695,flicker
67.1467,64,flicker
67.1469,-26340,flicker
67.1509,-590719,flicker
67.1550,-36982,flicker
67.1608,52,flicker
67.1635,854723,flicker
67.1675,57609,flicker
67.1726,-615054,flicker
67.1755,-47771,flicker
67.1811,515601,flicker
67.1849,901613,flicker
67.1877,164928,flicker
67.1920,6111,flicker
67.1965,-44545,flicker
67.2020,485500,flicker
67.2064,860448,flicker
67.2092,227129,flicker
67.2140,63852,flicker
67.2172,-64868,flicker
67.2237,454324,flicker
67.2256,894167,flicker
67.2289,325244,flicker
67.2333,-658839,flicker
67.2369,-72959,flicker
67.2419,4,flicker
67.2468,895685,flicker
67.2498,407901,flicker
67.2537,-684703,flicker
67.2584,-81856,flicker
67.2633,080,flicker
67.2659,952953,flicker
67.2677,5,flicker
67.2697,19943,flicker
67.2730,-7137,flicker
67.2753,93,flicker
67.2758,-96324,flicker
67.2780,355286,flicker
67.2825,858408,flicker
67.2865,545920,flicker
67.2901,-767727,flicker
67.2954,-131122,flicker
67.2982,325833,flicker
67.3025,908314,flicker
67.3066,636917,flicker
67.3126,-781165,flicker
67.3147,-129824,flicker
67.3187,301977,flicker
67.3231,880063,flicker
67.3271,690888,flicker
67.3311,-831278,flicker
67.3351,-174172,flicker
67.3398,264542,flicker
67.3442,874202,flicker
67.3476,754830,flicker
67.3516,-838446,flicker
67.3562,-159115,flicker
67.3601,238712,flicker
67.3639,890916,flicker
67.3679,813864,flicker
67.3723,-832539,flicker
67.3768,-210602,flicker
67.3802,214156,flicker
67.3843,852973,flicker
67.3885,845655,flicker
67.3905,-,flicker
67.3930,810710,flicker
67.3944,-1,flicker
67.3966,95352,flicker
67.3981,1957,flicker
67.4007,16,flicker
67.4018,913573,flicker
67.4048,914922,flicker
67.4106,77151,flicker
67.4141,-168365,flicker
67.4171,175298,flicker
67.4231,879308,flicker
67.4257,864541,flicker
67.4305,-777573,flicker
67.4348,-255539,flicker
67.4376,127411,flicker
67.4426,865438,flicker
67.4463,862861,flicker
67.4498,-743757,flicker
67.4540,-249608,flicker
67.4583,16,flicker
67.4630,887232,flicker
67.4682,991174,flicker
67.4704,-666706,flicker
67.4767,23,flicker
67.4811,92245,flicker
67.4832,823401,flicker
67.4869,858895,flicker
67.4930,79,flicker
67.4956,-324903,flicker
67.4994,40085,flicker
67.5037,805473,flicker
67.5083,962535,flicker
67.5115,5863,flicker
67.5174,-283652,flicker
67.5199,39701,flicker
67.5217,7,flicker
67.5246,67759,flicker
67.5256,880,flicker
67.5276,83,flicker
67.5299,596,flicker
67.5339,-415872,flicker
67.5358,-3850,flicker
67.5402,722884,flicker
67.5447,895420,flicker
67.5481,-471507,flicker
67.5522,-443378,flicker
67.5565,-15093,flicker
67.5620,677426,flicker
67.5645,949603,flicker
67.5686,-387632,flicker
67.5732,-492733,flicker
67.5773,-38019,flicker
67.5809,628893,flicker
67.5850,777678,flicker
67.5895,-355512,flicker
67.5941,-578991,flicker
67.5973,-58130,flicker
67.6014,591277,flicker
67.6061,971976,flicker
67.6104,-205705,flicker
67.6137,-538246,flicker
67.6177,-49510,flicker
67.6224,571478,flicker
67.6267,892912,flicker
67.6309,-153501,flicker
67.6341,-610486,flicker
67.6383,-84746,flicker
67.6454,515115,flicker
67.6464,892460,flicker
67.6473,-6,flicker
67.6505,9556,flicker
67.6517,-670,flicker
67.6546,255,flicker
67.6557,-107908,flicker
67.6605,45389,flicker
67.6634,718763,flicker
67.6675,-21153,flicker
67.6712,-650156,flicker
67.6754,351,flicker
67.6798,458801,flicker
67.6849,915495,flicker
67.6890,137109,flicker
67.6916,-669348,flicker
67.6970,-108939,flicker
67.6997,435619,flicker
67.7040,872564,flicker
67.7098,0657,flicker
67.7133,-660412,flicker
67.7180,-99009,flicker
67.7202,410391,flicker
67.7264,974,flicker
67.7290,322566,flicker
67.7354,-701971,flicker
67.7365,-134000,flicker
67.7424,3618,flicker
67.7466,862935,flicker
67.7504,361472,flicker
67.7532,-758014,flicker
67.7571,-158452,flicker
67.7626,323955,flicker
67.7652,868103,flicker
67.7693,450862,flicker
67.7707,-,flicker
67.7735,775444,flicker
67.7748,-,flicker
67.7785,167578,flicker
67.7801,304,flicker
67.7816,660,flicker
67.7832,82715,flicker
67.7856,1,flicker
67.7857,506706,flicker
67.7898,-821813,flicker
67.7947,-188591,flicker
67.7980,271705,flicker
67.8020,893066,flicker
67.8065,624656,flicker
67.8112,-815681,flicker
67.8144,-162002,flicker
67.8184,263403,flicker
67.8229,867724,flicker
67.8276,666438,flicker
67.8322,-868257,flicker
67.8349,-203468,flicker
67.8392,216952,flicker
67.8433,818426,flicker
67.8484,703246,flicker
67.8512,-880818,flicker
67.8555,-225326,flicker
67.8597,197003,flicker
67.8647,912903,flicker
67.8676,843442,flicker
67.8720,-849823,flicker
67.8769,-202899,flicker
67.8799,176697,flicker
67.8839,818891,flicker
67.8881,786635,flicker
67.8923,86371,flicker
67.8968,-245268,flicker
67.9020,145533,flicker
67.9056,881724,flicker
67.9074,87,flicker
67.9086,0510,flicker
67.9110,-80743,flicker
67.9128,2,flicker
67.9135,-245643,flicker
67.9174,131568,flicker
67.9209,856256,flicker
67.9267,5891,flicker
67.9295,-800878,flicker
67.9335,-282113,flicker
67.9381,100809,flicker
67.9414,847122,flicker
67.9459,879894,flicker
67.9501,-750219,flicker
67.9539,-299557,flicker
67.9583,607,flicker
67.9638,852478,flicker
67.9669,902293,flicker
67.9721,-706220,flicker
67.9743,-264829,flicker
67.9791,84182,flicker
67.9823,842218,flicker
67.9864,898606,flicker
67.9906,-651575,flicker
67.9961,-319909,flicker
67.9990,60167,flicker
68.0028,821718,flicker
68.0069,960775,flicker
68.0124,-572104,flicker
68.0151,-320484,flicker
68.0191,44143,flicker
68.0233,789202,flicker
68.0293,920781,flicker
68.0311,-,flicker
68.0315,521603,flicker
68.0325,-36,flicker
68.0355,8070,flicker
68.0371,24184,flicker
68.0409,737852,flicker
68.0451,880213,flicker
68.0478,-467631,flicker
68.0519,-459643,flicker
68.0561,-6241,flicker
68.0605,699506,flicker
68.0642,902731,flicker
68.0683,-374451,flicker
68.0730,-488673,flicker
68.0770,-17271,flicker
68.0827,652245,flicker
68.0847,945183,flicker
68.0894,-277619,flicker
68.0936,-538964,flicker
68.0976,-36836,flicker
68.1011,616010,flicker
68.1052,855499,flicker
68.1097,-212996,flicker
68.1143,-578490,flicker
68.1179,-44061,flicker
68.1216,578706,flicker
68.1259,929048,flicker
68.1304,-104941,flicker
68.1339,-581905,flicker
68.1379,-43220,flicker
68.1435,559034,flicker
68.1472,836110,flicker
68.1502,-33943,flicker
68.1516,-,flicker
68.1543,628186,flicker
68.1555,-,flicker
68.1597,2702,flicker
68.1633,953,flicker
68.1653,9815,flicker
68.1678,53,flicker
68.1693,117162,flicker
68.1708,-585737,flicker
68.1750,57,flicker
68.1793,487998,flicker
68.1834,917639,flicker
68.1897,163917,flicker
68.1928,-662559,flicker
68.1956,-100339,flicker
68.2000,436359,flicker
68.2042,895896,flicker
68.2095,2465,flicker
68.2119,-673647,flicker
68.2180,-106225,flicker
68.2203,406806,flicker
68.2260,962460,flicker
68.2281,353717,flicker
68.2331,-672694,flicker
68.2364,-99553,flicker
68.2404,379697,flicker
68.2451,917148,flicker
68.2485,412435,flicker
68.2526,-755562,flicker
68.2567,-156910,flicker
68.2612,329279,flicker
68.2655,867516,flicker
68.2689,476215,flicker
68.2731,-756731,flicker
68.2782,-135665,flicker
68.2822,317007,flicker
68.2854,975990,flicker
68.2864,6,flicker
68.2896,06202,flicker
68.2909,-7933,flicker
68.2942,97,flicker
68.2968,-184356,flicker
68.2977,266322,flicker
68.3017,838976,flicker
68.3064,593719,flicker
68.3113,-853259,flicker
68.3141,-202308,flicker
68.3181,243904,flicker
68.3225,971567,flicker
68.3275,752018,flicker
68.3305,-837378,flicker
68.3345,-170562,flicker
68.3390,226128,flicker
68.3439,844450,flicker
68.3468,725002,flicker
68.3509,-884444,flicker
68.3551,-245975,flicker
68.3594,1,flicker
68.3636,894986,flicker
68.3679,865893,flicker
68.3714,-838835,flicker
68.3772,22762,flicker
68.3816,166710,flicker
68.3854,848988,flicker
68.3882,825340,flicker
68.3921,849,flicker
68.3965,-271095,flicker
68.4021,133213,flicker
68.4042,864854,flicker
68.4101,868023,flicker
68.4118,-,flicker
68.4124,812011,flicker
68.4135,-2,flicker
68.4165,38202,flicker
68.4180,129,flicker
68.4207,737,flicker
68.4224,910946,flicker
68.4249,204,flicker
68.4296,-771327,flicker
68.4342,-260417,flicker
68.4369,99325,flicker
68.4415,16,flicker
68.4461,841712,flicker
68.4501,-762080,flicker
68.4534,-340490,flicker
68.4577,536,flicker
68.4646,844065,flicker
68.4667,941901,flicker
68.4720,-680693,flicker
68.4766,-271187,flicker
68.4779,72517,flicker
68.4837,831590,flicker
68.4861,937694,flicker
68.4903,-643482,flicker
68.4946,-320203,flicker
68.4984,42808,flicker
68.5024,791972,flicker
68.5066,838478,flicker
68.5112,-605972,flicker
68.5151,-364375,flicker
68.5188,28033,flicker
68.5230,776532,flicker
68.5289,1070229,flicker
68.5311,-465006,flicker
68.5352,-358572,flicker
68.5397,7856,flicker
68.5438,708270,flicker
68.5460,781,flicker
68.5475,051,flicker
68.5491,-486654,flicker
68.5517,-503786,flicker
68.5562,-30437,flicker
68.5604,666358,flicker
68.5646,1031398,flicker
68.5680,-323857,flicker
68.5728,-458716,flicker
68.5769,-29117,flicker
68.5816,617740,flicker
68.5844,810012,flicker
68.5885,-313458,flicker
68.5937,-587583,flicker
68.5973,-72255,flicker
68.6007,580305,flicker
68.6049,912713,flicker
68.6093,-188051,flicker
68.6131,-564091,flicker
68.6171,-58045,flicker
68.6213,554153,flicker
68.6271,7009,flicker
68.6305,-111775,flicker
68.6347,-621714,flicker
68.6398,-77404,flicker
68.6420,517606,flicker
68.6459,973837,flicker
68.6503,13199,flicker
68.6541,-635873,flicker
68.6582,92356,flicker
68.6625,470697,flicker
68.6675,885333,flicker
68.6687,7,flicker
68.6704,3906,flicker
68.6717,-666,flicker
68.6746,8,flicker
68.6763,1931,flicker
68.6793,429282,flicker
68.6827,903976,flicker
68.6867,172962,flicker
68.6913,-68339,flicker
68.6960,-124465,flicker
68.6993,400914,flicker
68.7050,892262,flicker
68.7072,238547,flicker
68.7118,-722206,flicker
68.7155,-140122,flicker
68.7195,366990,flicker
68.7237,926236,flicker
68.7287,346334,flicker
68.7319,-742823,flicker
68.7359,-149509,flicker
68.7400,343360,flicker
68.7451,918574,flicker
68.7482,432573,flicker
68.7523,-755311,flicker
68.7565,-151304,flicker
68.7614,319827,flicker
68.7646,859351,flicker
68.7687,496561,flicker
68.7729,-796629,flicker
68.7780,-176011,flicker
68.7810,282631,flicker
68.7850,909167,flicker
68.7897,598726,flicker
68.7903,-,flicker
68.7937,810210,flicker
68.7954,-,flicker
68.7974,181668,flicker
68.7985,255,flicker
68.8014,392,flicker
68.8030,901675,flicker
68.8062,672309,flicker
68.8110,-849608,flicker
68.8142,-202821,flicker
68.8178,225193,flicker
68.8226,900116,flicker
68.8266,741983,flicker
68.8302,-861056,flicker
68.8342,-202343,flicker
68.8384,209626,flicker
68.8428,842448,flicker
68.8470,745145,flicker
68.8506,-882613,flicker
68.8547,-251654,flicker
68.8602,171514,flicker
68.8631,894314,flicker
68.8670,881427,flicker
68.8718,-833029,flicker
68.8771,2,flicker
68.8812,162287,flicker
68.8836,846496,flicker
68.8879,814857,flicker
68.8918,804,flicker
68.8964,-267631,flicker
68.9014,138516,flicker
68.9038,867990,flicker
68.9097,07086,flicker
68.9128,-781423,flicker
68.9186,-237655,flicker
68.9203,129170,flicker
68.9287,1946,flicker
68.9315,-76154,flicker
68.9335,4,flicker
68.9337,-281243,flicker
68.9382,80264,flicker
68.9410,837238,flicker
68.9450,60,flicker
68.9495,-733731,flicker
68.9558,-297178,flicker
68.9577,62276,flicker
68.9623,36142,flicker
68.9664,962176,flicker
68.9709,-659950,flicker
68.9736,-300814,flicker
68.9782,42351,flicker
68.9817,805336,flicker
68.9857,910947,flicker
68.9902,-618866,flicker
68.9945,-339288,flicker
68.9980,30063,flicker
69.0022,777205,flicker
69.0065,926687,flicker
69.0114,-543609,flicker
69.0145,-375146,flicker
69.0185,9189,flicker
69.0231,753964,flicker
69.0271,949522,flicker
69.0308,-466065,flicker
69.0350,-465891,flicker
69.0393,-12382,flicker
69.0439,698374,flicker
69.0472,961753,flicker
69.0486,-,flicker
69.0513,383779,flicker
69.0524,-45,flicker
69.0555,2142,flicker
69.0571,-17257,flicker
69.0618,652999,flicker
69.0636,877779,flicker
69.0677,-336233,flicker
69.0718,-565544,flicker
69.0764,-52452,flicker
69.0802,607133,flicker
69.0841,946569,flicker
69.0882,-214562,flicker
69.0926,343,flicker
69.0968,-44166,flicker
69.1021,576830,flicker
69.1054,944671,flicker
69.1088,1311,flicker
69.1145,-594177,flicker
69.1178,-64171,flicker
69.1210,550225,flicker
69.1252,63,flicker
69.1299,-57464,flicker
69.1342,-645130,flicker
69.1373,-77253,flicker
69.1416,510243,flicker
69.1467,912349,flicker
69.1500,50006,flicker
69.1538,-599363,flicker
69.1596,-593,flicker
69.1625,497720,flicker
69.1680,904168,flicker
69.1738,138838,flicker
69.1743,-654550,flicker
69.1762,-,flicker
69.1785,227,flicker
69.1829,302,flicker
69.1849,8973,flicker
69.1879,01,flicker
69.1902,222958,flicker
69.1912,-675267,flicker
69.1967,1041,flicker
69.2003,422553,flicker
69.2036,944980,flicker
69.2074,329272,flicker
69.2122,90,flicker
69.2151,-99240,flicker
69.2194,405846,flicker
69.2240,982968,flicker
69.2287,434902,flicker
69.2320,-712554,flicker
69.2360,-120069,flicker
69.2410,356477,flicker
69.2450,505,flicker
69.2481,505615,flicker
69.2525,-747168,flicker
69.2577,-133425,flicker
69.2612,319941,flicker
69.2661,93,flicker
69.2694,571297,flicker
69.2743,-804801,flicker
69.2770,-181799,flicker
69.2809,272654,flicker
69.2850,808902,flicker
69.2901,581756,flicker
69.2945,-832427,flicker
69.2973,-166261,flicker
69.3018,275337,flicker
69.3056,979488,flicker
69.3075,7,flicker
69.3099,53674,flicker
69.3106,-8299,flicker
69.3135,17,flicker
69.3150,-175424,flicker
69.3176,240086,flicker
69.3223,872841,flicker
69.3266,750330,flicker
69.3306,-859034,flicker
69.3340,-200724,flicker
69.3380,216187,flicker
69.3437,990,flicker
69.3462,840404,flicker
69.3507,-834466,flicker
69.3568,-201661,flicker
69.3591,188531,flicker
69.3641,44,flicker
69.3683,820390,flicker
69.3709,-833446,flicker
69.3762,-233619,flicker
69.3792,169695,flicker
69.3831,880364,flicker
69.3900,909568,flicker
69.3913,-772704,flicker
69.3959,-232965,flicker
69.3999,155733,flicker
69.4035,857334,flicker
69.4092,30,flicker
69.4130,-767940,flicker
69.4178,-227226,flicker
69.4213,156092,flicker
69.4257,920543,flicker
69.4283,993398,flicker
69.4300,-,flicker
69.4330,678996,flicker
69.4341,-2,flicker
69.4363,34092,flicker
69.4378,1244,flicker
69.4406,01,flicker
69.4422,8829,flicker
69.4450,897673,flicker
69.4488,-668802,flicker
69.4529,-246338,flicker
69.4569,109363,flicker
69.4620,879452,flicker
69.4650,993041,flicker
69.4691,-579252,flicker
69.4732,-272235,flicker
69.4779,93324,flicker
69.4814,841258,flicker
69.4855,940657,flicker
69.4898,-543292,flicker
69.4944,-307159,flicker
69.4978,74023,flicker
69.5018,817182,flicker
69.5061,967709,flicker
69.5102,-466941,flicker
69.5152,-344931,flicker
69.5182,53023,flicker
69.5224,770178,flicker
69.5272,936262,flicker
69.5308,-405273,flicker
69.5346,-450140,flicker
69.5388,12966,flicker
69.5433,716121,flicker
69.5469,829456,flicker
69.5510,-351446,flicker
69.5554,-438067,flicker
69.5596,22043,flicker
69.5643,691068,flicker
69.5658,10,flicker
69.5674,48266,flicker
69.5688,-204598,flicker
69.5715,-461164,flicker
69.5763,13711,flicker
69.5808,645897,flicker
69.5838,855265,flicker
69.5879,-178461,flicker
69.5929,-564686,flicker
69.5961,-32806,flicker
69.6001,593689,flicker
69.6042,983829,flicker
69.6099,4319,flicker
69.6138,-554395,flicker
69.6183,-29659,flicker
69.6206,560368,flicker
69.6249,898110,flicker
69.6296,15302,flicker
69.6329,-625444,flicker
69.6370,-60833,flicker
69.6419,13,flicker
69.6466,871537,flicker
69.6502,97934,flicker
69.6534,-599332,flicker
69.6580,-866,flicker
69.6621,508964,flicker
69.6664,1015244,flicker
69.6698,239465,flicker
69.6741,-602523,flicker
69.6787,-49947,flicker
69.6821,471425,flicker
69.6862,1056124,flicker
69.6904,333251,flicker
69.6912,-655,flicker
69.6954,670,flicker
69.6977,-95187,flicker
69.6985,415652,flicker
69.7025,834187,flicker
69.7068,323350,flicker
69.7122,-713118,flicker
69.7152,-113106,flicker
69.7189,389498,flicker
69.7232,1009932,flicker
69.7279,489615,flicker
69.7312,-708361,flicker
69.7353,-108857,flicker
69.7398,359929,flicker
69.7442,874454,flicker
69.7478,511424,flicker
69.7517,-759339,flicker
69.7563,-132520,flicker
69.7604,333664,flicker
69.7640,1016888,flicker
69.7680,656547,flicker
69.7723,-765920,flicker
69.7775,-127360,flicker
69.7809,301378,flicker
69.7845,893741,flicker
69.7889,663481,flicker
69.7935,-821513,flicker
69.7976,-180134,flicker
69.8008,263215,flicker
69.8049,936041,flicker
69.8100,748914,flicker
69.8116,-,flicker
69.8132,835824,flicker
69.8142,-,flicker
69.8172,187828,flicker
69.8182,23,flicker
69.8213,5914,flicker
69.8225,83789,flicker
69.8261,9,flicker
69.8266,755076,flicker
69.8300,-853880,flicker
69.8336,-225197,flicker
69.8377,215256,flicker
69.8419,21870,flicker
69.8467,786377,flicker
69.8515,-827580,flicker
69.8543,-159319,flicker
69.8584,338,flicker
69.8628,980528,flicker
69.8680,939326,flicker
69.8705,-768487,flicker
69.8749,-193291,flicker
69.8793,196108,flicker
69.8828,848693,flicker
69.8868,822688,flicker
69.8913,692,flicker
69.8954,-238835,flicker
69.8995,182523,flicker
69.9056,929510,flicker
69.9076,976556,flicker
69.9123,-684910,flicker
69.9162,-98372,flicker
69.9196,207494,flicker
69.9238,938619,flicker
69.9285,910974,flicker
69.9323,-671748,flicker
69.9360,-191068,flicker
69.9401,154321,flicker
69.9450,928866,flicker
69.9471,1,flicker
69.9484,045693,flicker
69.9503,-58807,flicker
69.9524,9,flicker
69.9539,-241588,flicker
69.9566,121265,flicker
69.9613,883540,flicker
69.9647,905023,flicker
69.9688,-581280,flicker
69.9732,-281215,flicker
69.9776,98925,flicker
69.9811,852542,flicker
69.9851,921892,flicker
69.9897,-506945,flicker
69.9944,-294973,flicker
69.9975,96026,flicker
70.0015,834900,flicker
70.0062,957666,flicker
70.0104,-420036,flicker
70.0143,-346199,flicker
70.0179,77405,flicker
70.0221,786803,flicker
70.0267,914479,flicker
70.0302,-348281,flicker
70.0343,-365784,flicker
70.0383,75643,flicker
70.0430,746240,flicker
70.0479,944928,flicker
70.0507,-261537,flicker
70.0549,-459732,flicker
70.0593,29481,flicker
70.0630,685026,flicker
70.0671,806252,flicker
70.0685,-,flicker
70.0712,225233,flicker
70.0724,-4,flicker
70.0772,233324,flicker
70.0809,669106,flicker
70.0860,1016424,flicker
70.0876,-71217,flicker
70.0919,5221,flicker
70.0960,6698,flicker
70.1008,626255,flicker
70.1061,818875,flicker
70.1087,-38049,flicker
70.1131,-562583,flicker
70.1166,4838,flicker
70.1207,601776,flicker
70.1245,1000557,flicker
70.1290,115214,flicker
70.1335,-542100,flicker
70.1367,10481,flicker
70.1413,57358,flicker
70.1452,945922,flicker
70.1505,190754,flicker
70.1531,-598494,flicker
70.1574,-20853,flicker
70.1626,527067,flicker
70.1662,865955,flicker
70.1695,245598,flicker
70.1736,-595981,flicker
70.1782,-21590,flicker
70.1832,501888,flicker
70.1858,966201,flicker
70.1900,359810,flicker
70.1916,-,flicker
70.1948,617358,flicker
70.1961,-,flicker
70.1983,30425,flicker
70.1998,4,flicker
70.2022,78785,flicker
70.2036,9105,flicker
70.2063,15,flicker
70.2085,422610,flicker
70.2112,-652007,flicker
70.2146,-38289,flicker
70.2186,446845,flicker
70.2229,955922,flicker
70.2276,515410,flicker
70.2314,-689845,flicker
70.2350,-64894,flicker
70.2393,420274,flicker
70.2441,943638,flicker
70.2481,616704,flicker
70.2514,-701578,flicker
70.2556,-70826,flicker
70.2597,383754,flicker
70.2640,988669,flicker
70.2680,703132,flicker
70.2719,-723845,flicker
70.2770,-79660,flicker
70.2803,350766,flicker
70.2842,951477,flicker
70.2882,756397,flicker
70.2931,-780467,flicker
70.2978,-123121,flicker
70.3005,321039,flicker
70.3046,984956,flicker
70.3099,839552,flicker
70.3135,-785528,flicker
70.3170,-137253,flicker
70.3210,277359,flicker
70.3260,851159,flicker
70.3273,7,flicker
70.3292,82185,flicker
70.3303,-8107,flicker
70.3333,91,flicker
70.3348,-134529,flicker
70.3375,275663,flicker
70.3416,5997,flicker
70.3464,926065,flicker
70.3511,-753049,flicker
70.3565,-156795,flicker
70.3589,242626,flicker
70.3635,98,flicker
70.3678,864306,flicker
70.3710,-752883,flicker
70.3747,-184114,flicker
70.3792,230062,flicker
70.3830,966114,flicker
70.3866,1031106,flicker
70.3921,-6672,flicker
70.3963,-164486,flicker
70.4008,212853,flicker
70.4031,941677,flicker
70.4073,955979,flicker
70.4118,-663154,flicker
70.4152,-174364,flicker
70.4193,187346,flicker
70.4235,936690,flicker
70.4281,960319,flicker
70.4326,-628472,flicker
70.4357,-164962,flicker
70.4401,167103,flicker
70.4445,934921,flicker
70.4483,995839,flicker
70.4492,-,flicker
70.4521,564396,flicker
70.4537,-,flicker
70.4563,232010,flicker
70.4582,131,flicker
70.4606,208,flicker
70.4622,892884,flicker
70.4644,976365,flicker
70.4685,-527576,flicker
70.4727,-281717,flicker
70.4771,104801,flicker
70.4817,861155,flicker
70.4850,913632,flicker
70.4892,-472425,flicker
70.4936,-310511,flicker
70.4979,94646,flicker
70.5012,829155,flicker
70.5054,918677,flicker
70.5101,-397710,flicker
70.5151,-353336,flicker
70.5176,81496,flicker
70.5217,780961,flicker
70.5264,921192,flicker
70.5299,-308564,flicker
70.5340,-368831,flicker
70.5381,76524,flicker
70.5430,745058,flicker
70.5466,931768,flicker
70.5504,-226518,flicker
70.5545,-430612,flicker
70.5588,790,flicker
70.5635,697279,flicker
70.5667,887983,flicker
70.5724,-155307,flicker
70.5751,-460043,flicker
70.5798,45516,flicker
70.5832,667536,flicker
70.5847,906,flicker
70.5877,341,flicker
70.5878,-59538,flicker
70.5938,-519506,flicker
70.5959,19550,flicker
70.6000,622508,flicker
70.6036,854572,flicker
70.6092,133,flicker
70.6136,-545985,flicker
70.6169,15187,flicker
70.6213,592011,flicker
70.6246,883466,flicker
70.6296,122239,flicker
70.6346,36,flicker
70.6368,13086,flicker
70.6413,571815,flicker
70.6458,880785,flicker
70.6489,370,flicker
70.6534,-573690,flicker
70.6573,2742,flicker
70.6622,535952,flicker
70.6653,230,flicker
70.6695,310574,flicker
70.6748,-595649,flicker
70.6781,-16929,flicker
70.6817,505893,flicker
70.6887,96,flicker
70.6913,389357,flicker
70.6945,-604902,flicker
70.6981,-1308,flicker
70.7046,92755,flicker
70.7086,914051,flicker
70.7116,478220,flicker
70.7131,-651,flicker
70.7142,579,flicker
70.7154,-29617,flicker
70.7197,459264,flicker
70.7225,934733,flicker
70.7271,566740,flicker
70.7312,-658054,flicker
70.7347,-12898,flicker
70.7389,440978,flicker
70.7435,947241,flicker
70.7474,639291,flicker
70.7511,-702093,flicker
70.7553,-56845,flicker
70.7599,400807,flicker
70.7637,929829,flicker
70.7675,714733,flicker
70.7715,-733382,flicker
70.7764,-68095,flicker
70.7816,382610,flicker
70.7838,948697,flicker
70.7879,782496,flicker
70.7930,-751027,flicker
70.7963,-72759,flicker
70.8002,358873,flicker
70.8044,954072,flicker
70.8086,5299,flicker
70.8131,-747370,flicker
70.8180,-79268,flicker
70.8210,333683,flicker
70.8257,5,flicker
70.8291,890243,flicker
70.8300,-,flicker
70.8331,743898,flicker
70.8348,-9,flicker
70.8371,0885,flicker
70.8381,315,flicker
70.8418,490,flicker
70.8460,1,flicker
70.8474,912311,flicker
70.8500,-714669,flicker
70.8542,-116321,flicker
70.8579,288880,flicker
70.8624,970647,flicker
70.8658,955647,flicker
70.8699,-683836,flicker
70.8757,16101,flicker
70.8786,261095,flicker
70.8829,980029,flicker
70.8863,978516,flicker
70.8906,-645437,flicker
70.8955,-117140,flicker
70.8986,249840,flicker
70.9026,1007037,flicker
70.9069,1041120,flicker
70.9117,-595370,flicker
70.9149,-121968,flicker
70.9190,228602,flicker
70.9234,958303,flicker
70.9278,945461,flicker
70.9322,-586619,flicker
70.9354,-173097,flicker
70.9395,194954,flicker
70.9444,949468,flicker
70.9477,982725,flicker
70.9518,-524444,flicker
70.9560,-215366,flicker
70.9602,161767,flicker
70.9641,910912,flicker
70.9652,941,flicker
70.9681,175,flicker
70.9696,-47668,flicker
70.9723,9,flicker
70.9725,-237301,flicker
70.9769,144790,flicker
70.9810,901366,flicker
70.9845,953009,flicker
70.9886,-396858,flicker
70.9939,-275656,flicker
70.9969,135647,flicker
71.0010,854225,flicker
71.0051,925349,flicker
71.0101,-337496,flicker
71.0134,-317726,flicker
71.0173,116145,flicker
71.0214,799036,flicker
71.0265,930575,flicker
71.0304,-259180,flicker
71.0337,-382975,flicker
71.0378,87207,flicker
71.0431,429,flicker
71.0466,825943,flicker
71.0510,-204858,flicker
71.0542,-424650,flicker
71.0591,80678,flicker
71.0640,719487,flicker
71.0665,935437,flicker
71.0705,-91368,flicker
71.0764,862,flicker
71.0803,56635,flicker
71.0831,677566,flicker
71.0892,975037,flicker
71.0904,5,flicker
71.0912,956,flicker
71.0932,-5,flicker
71.0965,0637,flicker
71.0983,44627,flicker
71.0992,636112,flicker
71.1034,896961,flicker
71.1077,68004,flicker
71.1127,-535081,flicker
71.1156,27726,flicker
71.1197,600110,flicker
71.1239,853240,flicker
71.1285,150569,flicker
71.1323,-557814,flicker
71.1360,13448,flicker
71.1403,572797,flicker
71.1450,952651,flicker
71.1486,267081,flicker
71.1525,-550706,flicker
71.1566,17471,flicker
71.1614,540091,flicker
71.1647,884246,flicker
71.1688,323388,flicker
71.1730,-589888,flicker
71.1777,1738,flicker
71.1811,507003,flicker
71.1852,912447,flicker
71.1895,418545,flicker
71.1939,-625380,flicker
71.1975,-20239,flicker
71.2016,473946,flicker
71.2063,918630,flicker
71.2120,496414,flicker
71.2137,-,flicker
71.2139,643208,flicker
71.2154,-,flicker
71.2180,18374,flicker
71.2192,44,flicker
71.2227,3376,flicker
71.2244,91384,flicker
71.2267,8,flicker
71.2272,572753,flicker
71.2303,-690978,flicker
71.2344,-47989,flicker
71.2385,410994,flicker
71.2441,903406,flicker
71.2472,638715,flicker
71.2508,-721085,flicker
71.2549,-49680,flicker
71.2596,387715,flicker
71.2642,918590,flicker
71.2671,708668,flicker
71.2713,-744734,flicker
71.2767,6,flicker
71.2821,360719,flicker
71.2857,911353,flicker
71.2876,769264,flicker
71.2920,775,flicker
71.2966,-86994,flicker
71.3020,330223,flicker
71.3056,921993,flicker
71.3107,823449,flicker
71.3125,-770057,flicker
71.3163,-91394,flicker
71.3207,312144,flicker
71.3247,010,flicker
71.3288,841584,flicker
71.3332,-774889,flicker
71.3368,-113816,flicker
71.3427,257,flicker
71.3455,936337,flicker
71.3471,89,flicker
71.3494,9505,flicker
71.3508,-7298,flicker
71.3532,17,flicker
71.3545,-112845,flicker
71.3574,272226,flicker
71.3632,966103,flicker
71.3655,925354,flicker
71.3695,-705801,flicker
71.3739,-129656,flicker
71.3787,244922,flicker
71.3819,939674,flicker
71.3860,923426,flicker
71.3902,-682425,flicker
71.3948,-168955,flicker
71.3983,221091,flicker
71.4025,961806,flicker
71.4065,931331,flicker
71.4117,-632970,flicker
71.4147,-111352,flicker
71.4188,214492,flicker
71.4228,953453,flicker
71.4275,951239,flicker
71.4312,-590397,flicker
71.4352,-153262,flicker
71.4396,187669,flicker
71.4433,932528,flicker
71.4482,958258,flicker
71.4515,-540232,flicker
71.4560,-182694,flicker
71.4616,55074,flicker
71.4641,910588,flicker
71.4701,926244,flicker
71.4714,-,flicker
71.4721,493016,flicker
71.4738,-2,flicker
71.4779,18666,flicker
71.4796,1416,flicker
71.4802,66,flicker
71.4819,873143,flicker
71.4843,913679,flicker
71.4884,-432501,flicker
71.4939,299641,flicker
71.4971,106823,flicker
71.5007,828190,flicker
71.5048,891161,flicker
71.5114,3896,flicker
71.5146,-316714,flicker
71.5186,94593,flicker
71.5224,762789,flicker
71.5267,891831,flicker
71.5316,2962,flicker
71.5342,-395491,flicker
71.5410,65433,flicker
71.5429,717815,flicker
71.5460,848152,flicker
71.5501,-231712,flicker
71.5542,-440746,flicker
71.5590,5211,flicker
71.5633,677942,flicker
71.5701,874553,flicker
71.5704,-148581,flicker
71.5745,-475276,flicker
71.5792,36918,flicker
71.5827,642301,flicker
71.5866,848701,flicker
71.5929,-65,flicker
71.5955,-536813,flicker
71.6005,16993,flicker
71.6021,6,flicker
71.6031,03511,flicker
71.6044,936,flicker
71.6072,973,flicker
71.6074,39691,flicker
71.6118,-546070,flicker
71.6155,-6464,flicker
71.6194,559653,flicker
71.6236,810560,flicker
71.6296,92183,flicker
71.6318,-596729,flicker
71.6358,-31064,flicker
71.6400,514707,flicker
71.6446,894105,flicker
71.6481,208282,flicker
71.6522,-593559,flicker
71.6567,-31232,flicker
71.6611,491838,flicker
71.6647,876977,flicker
71.6685,265946,flicker
71.6730,-615509,flicker
71.6769,-47516,flicker
71.6813,453055,flicker
71.6849,887468,flicker
71.6895,358786,flicker
71.6947,-679221,flicker
71.6976,-74449,flicker
71.7014,421326,flicker
71.7060,816738,flicker
71.7107,399865,flicker
71.7138,-694151,flicker
71.7178,-68922,flicker
71.7219,404917,flicker
71.7273,1014321,flicker
71.7304,581239,flicker
71.7314,-702,flicker
71.7341,816,flicker
71.7360,-72014,flicker
71.7383,354319,flicker
71.7435,898714,flicker
71.7473,594704,flicker
71.7505,-787431,flicker
71.7546,-145537,flicker
71.7589,9812,flicker
71.7634,827757,flicker
71.7672,610967,flicker
71.7729,-822703,flicker
71.7752,-135182,flicker
71.7801,283192,flicker
71.7839,870160,flicker
71.7884,711968,flicker
71.7917,8294,flicker
71.7970,-182957,flicker
71.8024,256042,flicker
71.8053,854708,flicker
71.8079,751998,flicker
71.8127,-850494,flicker
71.8162,-158663,flicker
71.8201,241826,flicker
71.8257,949,flicker
71.8285,860078,flicker
71.8339,-823046,flicker
71.8376,-162409,flicker
71.8407,221964,flicker
71.8465,842269,flicker
71.8496,816406,flicker
71.8509,-,flicker
71.8529,821039,flicker
71.8541,-,flicker
71.8571,217544,flicker
71.8590,18,flicker
71.8623,3957,flicker
71.8633,87938,flicker
71.8651,6,flicker
71.8652,865554,flicker
71.8693,-790061,flicker
71.8735,-171756,flicker
71.8790,174872,flicker
71.8815,892842,flicker
71.8856,886690,flicker
71.8898,-761348,flicker
71.8954,-242714,flicker
71.8981,128570,flicker
71.9021,844409,flicker
71.9063,825798,flicker
71.9106,-744917,flicker
71.9146,-213670,flicker
71.9184,132814,flicker
71.9229,909189,flicker
71.9274,1002955,flicker
71.9312,-652745,flicker
71.9348,-183342,flicker
71.9393,104809,flicker
71.9435,830951,flicker
71.9471,824519,flicker
71.9512,-672537,flicker
71.9558,-305860,flicker
71.9602,54331,flicker
71.9644,822715,flicker
71.9675,978345,flicker
71.9723,-565657,flicker
71.9774,-246952,flicker
71.9802,54907,flicker
71.9841,783938,flicker
71.9853,80,flicker
71.9881,6322,flicker
71.9885,-5534,flicker
71.9932,07,flicker
71.9962,-436672,flicker
71.9964,494,flicker
72.0004,739599,flicker
72.0045,869859,flicker
72.0088,4867,flicker
72.0131,-374906,flicker
72.0184,16487,flicker
72.0223,696644,flicker
72.0250,772972,flicker
72.0300,-406201,flicker
72.0338,-472249,flicker
72.0373,-16870,flicker
72.0425,45,flicker
72.0462,831683,flicker
72.0525,-305775,flicker
72.0536,-470651,flicker
72.0579,186,flicker
72.0639,610995,flicker
72.0660,958603,flicker
72.0702,-196649,flicker
72.0759,52460,flicker
72.0789,-42737,flicker
72.0827,549274,flicker
72.0882,759342,flicker
72.0907,-175352,flicker
72.0951,-610175,flicker
72.0999,-82058,flicker
72.1028,506663,flicker
72.1069,745758,flicker
72.1081,-,flicker
72.1123,88666,flicker
72.1134,-6,flicker
72.1151,08272,flicker
72.1164,-78414,flicker
72.1203,487382,flicker
72.1232,890808,flicker
72.1285,33162,flicker
72.1314,-631725,flicker
72.1354,-92563,flicker
72.1397,444323,flicker
72.1450,725881,flicker
72.1478,77189,flicker
72.1519,-689465,flicker
72.1563,-123155,flicker
72.1609,414462,flicker
72.1641,875681,flicker
72.1683,213418,flicker
72.1730,-670812,flicker
72.1779,-101389,flicker
72.1808,391994,flicker
72.1846,796007,flicker
72.1889,262566,flicker
72.1944,-765076,flicker
72.1973,-155910,flicker
72.2011,354972,flicker
72.2052,841773,flicker
72.2112,379839,flicker
72.2143,-731842,flicker
72.2174,-107337,flicker
72.2215,350434,flicker
72.2264,997002,flicker
72.2305,525970,flicker
72.2319,-,flicker
72.2338,767104,flicker
72.2349,-,flicker
72.2379,150596,flicker
72.2395,2,flicker
72.2422,6433,flicker
72.2439,7,flicker
72.2466,07,flicker
72.2500,481867,flicker
72.2502,-863780,flicker
72.2543,-212825,flicker
72.2595,247009,flicker
72.2632,860031,flicker
72.2666,601316,flicker
72.2708,-859641,flicker
72.2750,170,flicker
72.2795,232779,flicker
72.2855,841641,flicker
72.2872,658808,flicker
72.2921,-897898,flicker
72.2967,-219892,flicker
72.2995,200165,flicker
72.3035,833683,flicker
72.3101,7155,flicker
72.3127,-910289,flicker
72.3160,-231767,flicker
72.3202,178875,flicker
72.3241,787782,flicker
72.3301,714644,flicker
72.3322,-895573,flicker
72.3363,-203177,flicker
72.3405,186816,flicker
72.3449,872803,flicker
72.3486,825327,flicker
72.3527,-845574,flicker
72.3568,-228254,flicker
72.3612,160040,flicker
72.3652,858670,flicker
72.3666,8,flicker
72.3691,64083,flicker
72.3705,-8061,flicker
72.3731,95,flicker
72.3744,-232457,flicker
72.3782,141554,flicker
72.3816,864953,flicker
72.3854,874536,flicker
72.3896,-781617,flicker
72.3962,-269096,flicker
72.3976,115104,flicker
72.4017,837739,flicker
72.4059,877462,flicker
72.4103,-739428,flicker
72.4144,-253648,flicker
72.4182,101430,flicker
72.4227,861145,flicker
72.4268,847833,flicker
72.4312,-703924,flicker
72.4346,-222072,flicker
72.4386,99667,flicker
72.4431,852525,flicker
72.4476,997642,flicker
72.4509,-609011,flicker
72.4552,-260308,flicker
72.4599,67924,flicker
72.4635,803344,flicker
72.4679,817083,flicker
72.4714,-612056,flicker
72.4771,36641,flicker
72.4801,26337,flicker
72.4847,778295,flicker
72.4883,921181,flicker
72.4893,-,flicker
72.4929,508040,flicker
72.4940,-3,flicker
72.4960,143,flicker
72.4974,338,flicker
72.5019,741802,flicker
72.5072,830756,flicker
72.5092,-462566,flicker
72.5130,-572,flicker
72.5168,-8352,flicker
72.5205,690804,flicker
72.5250,936671,flicker
72.5299,-355241,flicker
72.5328,-438990,flicker
72.5370,-9725,flicker
72.5413,649275,flicker
72.5468,883354,flicker
72.5495,-296059,flicker
72.5534,-544319,flicker
72.5590,-5058,flicker
72.5617,585790,flicker
72.5687,789876,flicker
72.5697,-241386,flicker
72.5744,-5284,flicker
72.5794,-42344,flicker
72.5860,570541,flicker
72.5862,911095,flicker
72.5902,-120286,flicker
72.5949,-604368,flicker
72.5989,-71282,flicker
72.6026,515194,flicker
72.6066,745264,flicker
72.6111,-73759,flicker
72.6148,-650545,flicker
72.6160,-,flicker
72.6189,89065,flicker
72.6198,4,flicker
72.6233,84386,flicker
72.6248,8353,flicker
72.6272,42,flicker
72.6277,41306,flicker
72.6312,-621519,flicker
72.6353,-74843,flicker
72.6397,472083,flicker
72.6456,872986,flicker
72.6475,138386,flicker
72.6516,-665761,flicker
72.6560,-100681,flicker
72.6600,426687,flicker
72.6644,822168,flicker
72.6679,200246,flicker
72.6727,-685416,flicker
72.6788,-104307,flicker
72.6804,402998,flicker
72.6845,853199,flicker
72.6885,285854,flicker
72.6932,-713512,flicker
72.6979,-111129,flicker
72.7009,377549,flicker
72.7048,795134,flicker
72.7109,368881,flicker
72.7136,-745288,flicker
72.7172,-119415,flicker
72.7212,355960,flicker
72.7268,076,flicker
72.7300,504432,flicker
72.7381,-753504,flicker
72.7388,-121911,flicker
72.7434,328056,flicker
72.7473,839340,flicker
72.7502,539930,flicker
72.7517,-822,flicker
72.7541,261,flicker
72.7554,-172045,flicker
72.7584,2015,flicker
72.7641,848821,flicker
72.7675,618483,flicker
72.7765,-829861,flicker
72.7768,-154902,flicker
72.7786,275420,flicker
72.7830,960968,flicker
72.7868,752493,flicker
72.7925,-85057,flicker
72.7953,-194752,flicker
72.7993,236005,flicker
72.8034,806472,flicker
72.8073,707500,flicker
72.8118,-888001,flicker
72.8164,-207928,flicker
72.8201,219062,flicker
72.8239,941682,flicker
72.8282,885243,flicker
72.8325,-835160,flicker
72.8360,-184925,flicker
72.8401,191884,flicker
72.8449,808609,flicker
72.8482,759750,flicker
72.8523,-876061,flicker
72.8565,-228843,flicker
72.8610,163425,flicker
72.8648,895767,flicker
72.8687,929998,flicker
72.8698,-,flicker
72.8731,793791,flicker
72.8746,-,flicker
72.8776,219923,flicker
72.8790,146,flicker
72.8810,128,flicker
72.8820,84775,flicker
72.8851,2,flicker
72.8852,822102,flicker
72.8897,-809537,flicker
72.8938,-275314,flicker
72.8986,113507,flicker
72.9014,834049,flicker
72.9064,883267,flicker
72.9107,-740008,flicker
72.9143,-235394,flicker
72.9179,122369,flicker
72.9219,872105,flicker
72.9274,887046,flicker
72.9310,-700739,flicker
72.9342,-217932,flicker
72.9386,106052,flicker
72.9446,48087,flicker
72.9480,822856,flicker
72.9508,-665414,flicker
72.9547,-277445,flicker
72.9588,9989,flicker
72.9634,838170,flicker
72.9671,886594,flicker
72.9711,-581762,flicker
72.9770,3185,flicker
72.9796,73050,flicker
72.9850,831873,flicker
72.9927,988409,flicker
72.9932,-490556,flicker
72.9972,3,flicker
73.0025,68962,flicker
73.0066,785452,flicker
73.0081,84,flicker
73.0082,9210,flicker
73.0098,-45467,flicker
73.0136,471,flicker
73.0167,27253,flicker
73.0202,729373,flicker
73.0246,017,flicker
73.0298,-364487,flicker
73.0329,-392857,flicker
73.0369,28752,flicker
73.0420,690654,flicker
73.0450,830818,flicker
73.0499,-309128,flicker
73.0530,-483692,flicker
73.0571,2081,flicker
73.0621,653176,flicker
73.0652,935399,flicker
73.0694,-195968,flicker
73.0736,-500053,flicker
73.0790,-7265,flicker
73.0816,604949,flicker
73.0857,820994,flicker
73.0899,-137769,flicker
73.0946,-574501,flicker
73.0981,-31752,flicker
73.1021,573132,flicker
73.1064,806671,flicker
73.1110,-52735,flicker
73.1144,-568523,flicker
73.1185,-23788,flicker
73.1230,544788,flicker
73.1272,823795,flicker
73.1308,42634,flicker
73.1324,-63,flicker
73.1349,2361,flicker
73.1362,-63130,flicker
73.1397,503418,flicker
73.1435,793473,flicker
73.1472,112678,flicker
73.1513,-612783,flicker
73.1555,-42527,flicker
73.1599,497635,flicker
73.1636,851896,flicker
73.1676,229947,flicker
73.1717,-652036,flicker
73.1766,-60504,flicker
73.1799,466153,flicker
73.1840,885689,flicker
73.1881,333416,flicker
73.1930,-645725,flicker
73.1964,-50452,flicker
73.2004,448066,flicker
73.2046,897601,flicker
73.2088,184,flicker
73.2132,-683914,flicker
73.2169,-59052,flicker
73.2221,414548,flicker
73.2260,864725,flicker
73.2296,4894,flicker
73.2333,-716221,flicker
73.2397,-76559,flicker
73.2417,381608,flicker
73.2456,901436,flicker
73.2502,577513,flicker
73.2519,-,flicker
73.2538,747167,flicker
73.2549,-,flicker
73.2590,763,flicker
73.2635,60299,flicker
73.2655,8347,flicker
73.2667,69,flicker
73.2692,605163,flicker
73.2703,-791680,flicker
73.2746,-150,flicker
73.2792,333651,flicker
73.2825,895779,flicker
73.2886,699800,flicker
73.2907,-810162,flicker
73.2963,-105254,flicker
73.2987,311189,flicker
73.3028,856089,flicker
73.3070,736755,flicker
73.3124,-839706,flicker
73.3151,-121926,flicker
73.3192,276055,flicker
73.3233,859926,flicker
73.3287,787208,flicker
73.3315,-836163,flicker
73.3356,-142517,flicker
73.3399,253680,flicker
73.3441,849954,flicker
73.3479,808262,flicker
73.3520,-827271,flicker
73.3561,-145190,flicker
73.3607,241177,flicker
73.3642,879927,flicker
73.3684,854056,flicker
73.3731,-787071,flicker
73.3770,-151202,flicker
73.3807,224816,flicker
73.3847,894342,flicker
73.3863,9,flicker
73.3892,06734,flicker
73.3916,-7444,flicker
73.3932,4,flicker
73.3952,-159952,flicker
73.3970,209016,flicker
73.4011,922615,flicker
73.4052,893642,flicker
73.4098,-710165,flicker
73.4134,-141537,flicker
73.4175,193449,flicker
73.4219,910479,flicker
73.4265,909010,flicker
73.4301,-674266,flicker
73.4339,-187934,flicker
73.4379,162278,flicker
73.4429,930670,flicker
73.4462,1010090,flicker
73.4503,-591451,flicker
73.4545,-161339,flicker
73.4592,143144,flicker
73.4625,885462,flicker
73.4666,957121,flicker
73.4707,-569086,flicker
73.4765,2626,flicker
73.4789,93793,flicker
73.4844,843175,flicker
73.4871,870889,flicker
73.4913,-535635,flicker
73.4957,-304774,flicker
73.4994,75215,flicker
73.5035,807069,flicker
73.5091,21,flicker
73.5128,442891,flicker
73.5154,-3,flicker
73.5167,49693,flicker
73.5181,61532,flicker
73.5211,761707,flicker
73.5249,923746,flicker
73.5283,-373572,flicker
73.5322,-381882,flicker
73.5362,38640,flicker
73.5405,707928,flicker
73.5456,910823,flicker
73.5486,-299755,flicker
73.5527,-440290,flicker
73.5568,9843,flicker
73.5620,641694,flicker
73.5650,898052,flicker
73.5690,-229323,flicker
73.5732,-507127,flicker
73.5777,-17431,flicker
73.5814,598128,flicker
73.5854,917443,flicker
73.5896,-151152,flicker
73.5942,-547592,flicker
73.5977,-43025,flicker
73.6018,552008,flicker
73.6060,792055,flicker
73.6118,-108064,flicker
73.6141,-599970,flicker
73.6182,-60084,flicker
73.6229,517898,flicker
73.6269,782150,flicker
73.6320,-18050,flicker
73.6347,-626171,flicker
73.6363,-,flicker
73.6388,72355,flicker
73.6409,4,flicker
73.6438,86246,flicker
73.6454,8688,flicker
73.6469,76,flicker
73.6484,105146,flicker
73.6511,-624767,flicker
73.6551,-77759,flicker
73.6602,454226,flicker
73.6639,840941,flicker
73.6674,182796,flicker
73.6714,-644454,flicker
73.6772,84114,flicker
73.6807,421172,flicker
73.6843,862947,flicker
73.6878,271741,flicker
73.6921,7017,flicker
73.6965,-115116,flicker
73.7021,381249,flicker
73.7043,784840,flicker
73.7085,20034,flicker
73.7131,-738297,flicker
73.7182,-113645,flicker
73.7213,354684,flicker
73.7264,65,flicker
73.7303,442899,flicker
73.7336,-768781,flicker
73.7370,-125000,flicker
73.7412,27132,flicker
73.7455,826756,flicker
73.7496,493749,flicker
73.7558,-800962,flicker
73.7575,-140667,flicker
73.7618,304342,flicker
73.7659,828815,flicker
73.7673,5,flicker
73.7697,79199,flicker
73.7710,-834,flicker
73.7740,372,flicker
73.7758,137,flicker
73.7791,282140,flicker
73.7825,822460,flicker
73.7869,641065,flicker
73.7903,-866776,flicker
73.7949,-158750,flicker
73.7984,260736,flicker
73.8025,833196,flicker
73.8066,698843,flicker
73.8120,-875389,flicker
73.8148,-161614,flicker
73.8189,245705,flicker
73.8232,888903,flicker
73.8285,810663,flicker
73.8312,-846836,flicker
73.8353,-168509,flicker
73.8397,217908,flicker
73.8438,853824,flicker
73.8476,827362,flicker
73.8517,-847905,flicker
73.8562,-206309,flicker
73.8604,183886,flicker
73.8639,844845,flicker
73.8680,817198,flicker
73.8724,-834863,flicker
73.8770,-182926,flicker
73.8804,171148,flicker
73.8844,866063,flicker
73.8886,882465,flicker
73.8903,-,flicker
73.8937,791854,flicker
73.8961,-,flicker
73.8968,232657,flicker
73.8983,138,flicker
73.9008,128,flicker
73.9020,838166,flicker
73.9049,846301,flicker
73.9101,-759129,flicker
73.9131,-210234,flicker
73.9172,134014,flicker
73.9213,874972,flicker
73.9260,904530,flicker
73.9295,-708501,flicker
73.9336,-180652,flicker
73.9377,120989,flicker
73.9430,60,flicker
73.9463,873786,flicker
73.9527,-662212,flicker
73.9541,-210450,flicker
73.9594,0830,flicker
73.9636,855506,flicker
73.9673,917683,flicker
73.9704,-596478,flicker
73.9765,31,flicker
73.9788,76146,flicker
73.9842,821818,flicker
73.9887,880202,flicker
73.9910,-539907,flicker
73.9967,-321837,flicker
73.9991,57882,flicker
74.0032,791870,flicker
74.0090,9753,flicker
74.0116,-445853,flicker
74.0156,-391914,flicker
74.0198,21227,flicker
74.0238,720511,flicker
74.0247,837,flicker
74.0285,357,flicker
74.0302,-402768,flicker
74.0319,-464121,flicker
74.0359,-3221,flicker
74.0401,670474,flicker
74.0454,851865,flicker
74.0483,-315239,flicker
74.0523,-430956,flicker
74.0566,12641,flicker
74.0618,639280,flicker
74.0646,869703,flicker
74.0687,-226406,flicker
74.0730,-484222,flicker
74.0771,-7197,flicker
74.0810,599751,flicker
74.0851,821979,flicker
74.0896,-166786,flicker
74.0939,-556057,flicker
74.0974,-31765,flicker
74.1015,566633,flicker
74.1057,856140,flicker
74.1102,-68578,flicker
74.1138,-581119,flicker
74.1179,-41528,flicker
74.1221,530462,flicker
74.1269,777018,flicker
74.1305,-5373,flicker
74.1343,-616255,flicker
74.1384,-61633,flicker
74.1432,500456,flicker
74.1466,839264,flicker
74.1507,112874,flicker
74.1523,-61,flicker
74.1548,8476,flicker
74.1567,-56486,flicker
74.1600,479542,flicker
74.1630,885114,flicker
74.1670,213510,flicker
74.1712,-643567,flicker
74.1754,75,flicker
74.1800,441859,flicker
74.1845,838024,flicker
74.1875,292057,flicker
74.1974,-79615,flicker
74.2010,410902,flicker
74.2039,858042,flicker
74.2082,759,rest
74.2131,-694432,rest
74.2163,-75854,rest
74.2211,383059,rest
74.2247,885827,rest
74.2289,471687,rest
74.2326,-740461,rest
74.2367,-106384,rest
74.2423,6,rest
74.2451,832964,rest
74.2497,530295,rest
74.2544,-782871,rest
74.2575,-126084,rest
74.2633,191,rest
74.2672,858705,rest
74.2697,619933,rest
74.2712,-,rest
74.2736,805182,rest
74.2751,-,rest
74.2785,118039,rest
74.2796,30,rest
74.2817,3678,rest
74.2829,83524,rest
74.2858,4,rest
74.2859,672330,rest
74.2900,-859723,rest
74.2952,-165223,rest
74.2981,261215,rest
74.3022,926324,rest
74.3064,800290,rest
74.3112,-839788,rest
74.3145,-155467,rest
74.3186,234987,rest
74.3227,856662,rest
74.3278,785367,rest
74.3309,-870460,rest
74.3350,-171285,rest
74.3393,208258,rest
74.3439,825123,rest
74.3473,823838,rest
74.3514,-853171,rest
74.3558,-206446,rest
74.3601,176270,rest
74.3636,861563,rest
74.3677,887513,rest
74.3718,-816612,rest
74.3764,-212057,rest
74.3800,150212,rest
74.3841,862518,rest
74.3884,889487,rest
74.3932,-791839,rest
74.3965,-230925,rest
74.4005,126552,rest
74.4046,838632,rest
74.4064,91,rest
74.4091,4581,rest
74.4105,-74686,rest
74.4128,3,rest
74.4129,-265252,rest
74.4169,102195,rest
74.4211,829629,rest
74.4253,208,rest
74.4321,-715800,rest
74.4354,-196567,rest
74.4374,100321,rest
74.4415,37974,rest
74.4458,963918,rest
74.4526,-657481,rest
74.4538,-294376,rest
74.4579,5376,rest
74.4624,792204,rest
74.4671,942585,rest
74.4702,-612687,rest
74.4749,3117,rest
74.4786,28718,rest
74.4825,762419,rest
74.4865,853777,rest
74.4916,-576,rest
74.4960,-401252,rest
74.5001,-5906,rest
74.5043,731533,rest
74.5071,955987,rest
74.5125,-461304,rest
74.5152,-440442,rest
74.5193,-14425,rest
74.5234,676829,rest
74.5286,829696,rest
74.5296,-,rest
74.5316,423889,rest
74.5326,-4,rest
74.5357,57531,rest
74.5372,-24930,rest
74.5416,638758,rest
74.5451,892639,rest
74.5480,-321584,rest
74.5520,-544650,rest
74.5563,-52966,rest
74.5613,587938,rest
74.5644,803633,rest
74.5685,-264135,rest
74.5726,-534485,rest
74.5771,-43079,rest
74.5807,573480,rest
74.5849,900676,rest
74.5890,-137401,rest
74.5934,-570569,rest
74.5973,-56737,rest
74.6012,527760,rest
74.6054,877116,rest
74.6103,-62378,rest
74.6135,-625347,rest
74.6176,-94300,rest
74.6219,478570,rest
74.6265,758800,rest
74.6300,-7823,rest
74.6341,-666504,rest
74.6381,-107810,rest
74.6447,44,rest
74.6466,833344,rest
74.6524,113976,rest
74.6553,-,rest
74.6557,655298,rest
74.6574,-,rest
74.6588,57,rest
74.6637,1149,rest
74.6656,7606,rest
74.6667,27,rest
74.6679,176520,rest
74.6709,-680911,rest
74.6772,9,rest
74.6808,404531,rest
74.6844,888062,rest
74.6872,319318,rest
74.6934,70755,rest
74.6970,-108177,rest
74.7004,371547,rest
74.7036,787944,rest
74.7080,573,rest
74.7123,-750714,rest
74.7171,-116944,rest
74.7232,360431,rest
74.7254,834931,rest
74.7299,693,rest
74.7325,-759636,rest
74.7366,-108879,rest
74.7408,332973,rest
74.7449,829475,rest
74.7487,552544,rest
74.7528,-808490,rest
74.7571,-133862,rest
74.7621,307669,rest
74.7651,881713,rest
74.7692,653967,rest
74.7733,-825104,rest
74.7782,-120034,rest
74.7814,278071,rest
74.7856,840825,rest
74.7871,6,rest
74.7896,89328,rest
74.7909,-8702,rest
74.7941,50,rest
74.7969,-146140,rest
74.7978,254323,rest
74.8020,822738,rest
74.8064,749052,rest
74.8108,-876022,rest
74.8142,-157552,rest
74.8184,229199,rest
74.8227,824785,rest
74.8275,790238,rest
74.8307,-863184,rest
74.8347,-177810,rest
74.8389,210188,rest
74.8432,812905,rest
74.8484,813952,rest
74.8511,-839200,rest
74.8555,-151025,rest
74.8598,207653,rest
74.8634,859306,rest
74.8674,885974,rest
74.8720,-794046,rest
74.8778,-173376,rest
74.8797,182457,rest
74.8838,845353,rest
74.8881,858229,rest
74.8925,-767385,rest
74.8963,-183939,rest
74.9002,172539,rest
74.9043,914580,rest
74.9100,1024014,rest
74.9120,-,rest
74.9125,687065,rest
74.9136,-1,rest
74.9166,48471,rest
74.9181,1446,rest
74.9207,16,rest
74.9218,853471,rest
74.9257,844349,rest
74.9289,-706479,rest
74.9331,-221529,rest
74.9372,104521,rest
74.9414,540,rest
74.9454,933048,rest
74.9499,-632552,rest
74.9534,-186036,rest
74.9585,121,rest
74.9621,836160,rest
74.9668,897438,rest
74.9699,-581171,rest
74.9750,-28327,rest
74.9785,64734,rest
74.9848,812412,rest
74.9862,860415,rest
74.9908,-517941,rest
74.9951,-291189,rest
74.9985,61288,rest
75.0026,785969,rest
75.0072,918910,rest
75.0125,-421856,rest
75.0149,-359933,rest
75.0190,47023,rest
75.0233,721096,rest
75.0276,826795,rest
75.0320,-374047,rest
75.0354,-411866,rest
75.0395,21889,rest
75.0415,6,rest
75.0439,77258,rest
75.0464,102,rest
75.0477,9271,rest
75.0494,-238422,rest
75.0518,-426219,rest
75.0562,-1888,rest
75.0614,599776,rest
75.0641,727267,rest
75.0682,-248764,rest
75.0723,-582190,rest
75.0770,-58432,rest
75.0813,565126,rest
75.0845,856848,rest
75.0887,-122430,rest
75.0934,-559351,rest
75.0972,-35308,rest
75.1009,544494,rest
75.1050,765899,rest
75.1098,-59089,rest
75.1134,-603904,rest
75.1173,-54031,rest
75.1214,517044,rest
75.1261,824015,rest
75.1302,57923,rest
75.1337,-597079,rest
75.1378,-51279,rest
75.1430,494924,rest
75.1470,975137,rest
75.1500,187536,rest
75.1541,-623192,rest
75.1599,7888,rest
75.1631,435119,rest
75.1672,758011,rest
75.1706,191334,rest
75.1722,-682,rest
75.1748,6,rest
75.1763,-967,rest
75.1799,403284,rest
75.1828,862619,rest
75.1869,336177,rest
75.1911,69725,rest
75.1968,-96267,rest
75.1994,384888,rest
75.2036,890259,rest
75.2077,414212,rest
75.2122,-728104,rest
75.2156,-101546,rest
75.2196,351303,rest
75.2238,825048,rest
75.2288,469590,rest
75.2320,-798832,rest
75.2361,-144446,rest
75.2402,316036,rest
75.2458,836032,rest
75.2484,545061,rest
75.2525,-805854,rest
75.2566,-121739,rest
75.2618,302796,rest
75.2647,817609,rest
75.2688,623910,rest
75.2730,-847080,rest
75.2774,-149338,rest
75.2811,276522,rest
75.2852,830693,rest
75.2900,681216,rest
75.2906,-,rest
75.2939,869311,rest
75.2952,-,rest
75.2975,134913,rest
75.2988,265,rest
75.3016,507,rest
75.3026,94614,rest
75.3060,9,rest
75.3063,849921,rest
75.3104,-838877,rest
75.3139,-139150,rest
75.3180,238568,rest
75.3222,792785,rest
75.3267,760203,rest
75.3303,-884707,rest
75.3344,-197074,rest
75.3384,191101,rest
75.3433,852214,rest
75.3467,855709,rest
75.3507,-831337,rest
75.3554,-173431,rest
75.3606,832,rest
75.3647,826376,rest
75.3694,812442,rest
75.3729,-823936,rest
75.3755,-198181,rest
75.3802,168858,rest
75.3835,857145,rest
75.3876,892340,rest
75.3929,75747,rest
75.3970,-181785,rest
75.4008,163643,rest
75.4040,867162,rest
75.4097,642,rest
75.4138,-721784,rest
75.4174,-157657,rest
75.4231,159263,rest
75.4245,879345,rest
75.4256,91,rest
75.4294,5370,rest
75.4308,-66606,rest
75.4326,6,rest
75.4327,-170811,rest
75.4368,143194,rest
75.4424,732,rest
75.4466,888291,rest
75.4504,-616936,rest
75.4549,-191155,rest
75.4573,122357,rest
75.4628,864233,rest
75.4654,878201,rest
75.4695,-560116,rest
75.4738,-257251,rest
75.4786,105991,rest
75.4818,847723,rest
75.4859,892323,rest
75.4901,-474767,rest
75.4952,-284110,rest
75.4982,99353,rest
75.5024,812374,rest
75.5064,853381,rest
75.5111,-408303,rest
75.5147,-334068,rest
75.5186,83299,rest
75.5231,775923,rest
75.5274,902908,rest
75.5310,-313029,rest
75.5351,-381156,rest
75.5398,68570,rest
75.5435,718671,rest
75.5474,845247,rest
75.5483,-,rest
75.5515,244491,rest
75.5528,-40,rest
75.5557,8075,rest
75.5567,58020,rest
75.5603,686501,rest
75.5637,862753,rest
75.5679,-160696,rest
75.5719,-469612,rest
75.5764,42266,rest
75.5808,641780,rest
75.5842,860719,rest
75.5884,-72957,rest
75.5927,-496089,rest
75.5965,30084,rest
75.6006,618301,rest
75.6047,958746,rest
75.6116,415,rest
75.6138,-503750,rest
75.6185,12260,rest
75.6212,560555,rest
75.6261,738737,rest
75.6299,55591,rest
75.6334,-590484,rest
75.6374,-24989,rest
75.6421,194,rest
75.6468,844942,rest
75.6514,185584,rest
75.6553,-572661,rest
75.6581,-20687,rest
75.6637,498533,rest
75.6661,780991,rest
75.6702,234430,rest
75.6720,-,rest
75.6747,398,rest
75.6761,-,rest
75.6795,0522,rest
75.6811,46,rest
75.6829,7661,rest
75.6848,8345,rest
75.6888,73,rest
75.6907,345186,rest
75.6909,-657102,rest
75.6953,-37141,rest
75.6989,438839,rest
75.7030,843847,rest
75.7071,423102,rest
75.7126,-677875,rest
75.7153,-33051,rest
75.7194,412323,rest
75.7235,841412,rest
75.7285,511885,rest
75.7317,-727458,rest
75.7357,-57322,rest
75.7400,384433,rest
75.7445,882282,rest
75.7480,601406,rest
75.7522,-759293,rest
75.7565,-77560,rest
75.7608,351479,rest
75.7644,912393,rest
75.7685,704678,rest
75.7730,-800196,rest
75.7776,-79141,rest
75.7808,319139,rest
75.7849,886397,rest
75.7891,747245,rest
75.7948,-831804,rest
75.7972,-119039,rest
75.8013,286489,rest
75.8057,849114,rest
75.8070,7,rest
75.8098,66142,rest
75.8117,-8488,rest
75.8136,48,rest
75.8148,-101160,rest
75.8177,276101,rest
75.8219,871180,rest
75.8265,827139,rest
75.8300,-835686,rest
75.8340,-162471,rest
75.8381,233612,rest
75.8434,859867,rest
75.8476,848045,rest
75.8505,-805054,rest
75.8546,-139110,rest
75.8591,224937,rest
75.8627,890004,rest
75.8668,880623,rest
75.8709,-778812,rest
75.8752,1291,rest
75.8798,210617,rest
75.8835,872426,rest
75.8889,876807,rest
75.8917,-747811,rest
75.8958,9621,rest
75.9008,176561,rest
75.9049,898449,rest
75.9089,918567,rest
75.9120,-689422,rest
75.9170,-119888,rest
75.9201,181059,rest
75.9245,9026,rest
75.9293,897635,rest
75.9309,-,rest
75.9328,659862,rest
75.9345,-1,rest
75.9390,73383,rest
75.9393,1496,rest
75.9408,56,rest
75.9415,896518,rest
75.9451,934408,rest
75.9488,-580515,rest
75.9528,-182459,rest
75.9570,136063,rest
75.9615,892466,rest
75.9652,952663,rest
75.9692,-529143,rest
75.9734,-238253,rest
75.9787,107080,rest
75.9815,835163,rest
75.9856,936309,rest
75.9897,-472457,rest
75.9947,-339830,rest
75.9979,73419,rest
76.0020,789514,rest
76.0065,898609,rest
76.0108,-392236,rest
76.0144,-347522,rest
76.0183,68335,rest
76.0230,744448,rest
76.0275,861558,rest
76.0316,-335820,rest
76.0348,-393963,rest
76.0396,51946,rest
76.0432,701130,rest
76.0470,871153,rest
76.0512,-258163,rest
76.0553,-456627,rest
76.0599,24958,rest
76.0635,656202,rest
76.0651,857,rest
76.0675,479,rest
76.0689,-178929,rest
76.0717,-487912,rest
76.0763,12582,rest
76.0801,620851,rest
76.0839,792348,rest
76.0880,-111778,rest
76.0923,5624,rest
76.0969,-12662,rest
76.1014,585967,rest
76.1045,808993,rest
76.1098,-7513,rest
76.1131,-590,rest
76.1176,-16227,rest
76.1239,558173,rest
76.1265,807487,rest
76.1292,90331,rest
76.1337,-587595,rest
76.1371,-21361,rest
76.1416,3256,rest
76.1456,802841,rest
76.1499,177793,rest
76.1571,-613397,rest
76.1593,-32070,rest
76.1620,502500,rest
76.1663,903852,rest
76.1699,295856,rest
76.1760,-617934,rest
76.1784,-31669,rest
76.1822,476715,rest
76.1863,858455,rest
76.1905,371497,rest
76.1921,-670,rest
76.1954,010,rest
76.1958,-45371,rest
76.1986,446905,rest
76.2027,901640,rest
76.2068,488089,rest
76.2125,-678816,rest
76.2150,-35028,rest
76.2191,418538,rest
76.2232,869132,rest
76.2285,535101,rest
76.2314,-737688,rest
76.2354,-68490,rest
76.2401,380682,rest
76.2466,929916,rest
76.2492,642980,rest
76.2520,-753881,rest
76.2563,-69529,rest
76.2609,360471,rest
76.2652,868858,rest
76.2682,665456,rest
76.2729,-802374,rest
76.2770,-91062,rest
76.2805,321123,rest
76.2846,951262,rest
76.2894,795363,rest
76.2933,-812792,rest
76.2970,-101485,rest
76.3010,284690,rest
76.3055,853267,rest
76.3099,765278,rest
76.3112,-,rest
76.3134,862386,rest
76.3149,-,rest
76.3174,140937,rest
76.3186,249,rest
76.3216,778,rest
76.3230,873633,rest
76.3272,849522,rest
76.3297,-835715,rest
76.3338,-110761,rest
76.3379,234220,rest
76.3436,8117,rest
76.3462,861650,rest
76.3516,-828394,rest
76.3553,-193005,rest
76.3584,183104,rest
76.3637,871061,rest
76.3666,873340,rest
76.3708,-807530,rest
76.3804,168595,rest
76.3832,875234,rest
76.3871,861346,rest
76.3930,7714,rest
76.3970,-213736,rest
76.4006,144235,rest
76.4034,876024,rest
76.4078,901,rest
76.4136,-724366,rest
76.4166,-188488,rest
76.4215,131020,rest
76.4241,876940,rest
76.4283,89700,rest
76.4327,-685415,rest
76.4385,-175973,rest
76.4420,118770,rest
76.4444,870323,rest
76.4459,93,rest
76.4490,8949,rest
76.4511,-61855,rest
76.4525,4,rest
76.4527,-222144,rest
76.4568,82850,rest
76.4621,826517,rest
76.4648,900266,rest
76.4690,-573337,rest
76.4732,-315871,rest
76.4776,45567,rest
76.4815,778307,rest
76.4854,902903,rest
76.4898,-510679,rest
76.4944,-362316,rest
76.4976,23777,rest
76.5017,737936,rest
76.5063,807547,rest
76.5125,-461807,rest
76.5140,-436106,rest
76.5180,805,rest
76.5227,690791,rest
76.5270,883917,rest
76.5311,-350882,rest
76.5345,-423005,rest
76.5390,5056,rest
76.5435,649382,rest
76.5471,859555,rest
76.5510,-280839,rest
76.5550,-509111,rest
76.5604,-28011,rest
76.5636,594327,rest
76.5673,867974,rest
76.5688,-,rest
76.5714,194246,rest
76.5725,-53,rest
76.5762,4660,rest
76.5789,-35705,rest
76.5796,567745,rest
76.5836,854388,rest
76.5880,-108868,rest
76.5921,589,rest
76.5998,-62712,rest
76.6016,515688,rest
76.6052,809864,rest
76.6090,-39544,rest
76.6124,-632955,rest
76.6168,-92662,rest
76.6207,481542,rest
76.6264,58,rest
76.6296,67383,rest
76.6346,-628725,rest
76.6370,-79607,rest
76.6414,466,rest
76.6452,819553,rest
76.6502,145687,rest
76.6534,-662874,rest
76.6581,-9715,rest
76.6635,414529,rest
76.6667,747851,rest
76.6708,207852,rest
76.6738,-706246,rest
76.6783,-108291,rest
76.6819,393207,rest
76.6860,869432,rest
76.6902,348504,rest
76.6921,-,rest
76.6946,718100,rest
76.6960,-,rest
76.6985,98496,rest
76.6998,37,rest
76.7025,3326,rest
76.7036,8002,rest
76.7066,06,rest
76.7080,397736,rest
76.7119,-777011,rest
76.7147,-137306,rest
76.7188,336613,rest
76.7230,806550,rest
76.7275,489072,rest
76.7314,-789279,rest
76.7353,-111998,rest
76.7396,323358,rest
76.7442,891560,rest
76.7475,608726,rest
76.7515,-819554,rest
76.7561,-130670,rest
76.7605,290328,rest
76.7639,790555,rest
76.7680,609324,rest
76.7729,-884710,rest
76.7771,-159698,rest
76.7810,263336,rest
76.7844,821836,rest
76.7888,701195,rest
76.7934,-877568,rest
76.7967,-138758,rest
76.8007,260478,rest
76.8050,882618,rest
76.8091,1611,rest
76.8141,-856939,rest
76.8212,-135879,rest
76.8219,239426,rest
76.8267,35857,rest
76.8316,87862,rest
76.8333,-8686,rest
76.8343,99,rest
76.8365,-182109,rest
76.8377,205375,rest
76.8435,51,rest
76.8475,825245,rest
76.8503,-830251,rest
76.8540,-147324,rest
76.8603,020,rest
76.8633,904239,rest
76.8702,885367,rest
76.8706,-803053,rest
76.8746,-224720,rest
76.8792,147328,rest
76.8831,867394,rest
76.8867,865202,rest
76.8912,0667,rest
76.8963,-164031,rest
76.8997,149015,rest
76.9031,867266,rest
76.9077,86442,rest
76.9119,-733677,rest
76.9179,-191473,rest
76.9195,128753,rest
76.9237,887264,rest
76.9280,909321,rest
76.9319,-672446,rest
76.9359,-156188,rest
76.9401,117860,rest
76.9444,862088,rest
76.9486,850310,rest
76.9498,-,rest
76.9524,640541,rest
76.9537,-2,rest
76.9566,91244,rest
76.9590,74014,rest
76.9633,834406,rest
76.9646,832343,rest
76.9687,-567217,rest
76.9730,-308769,rest
76.9792,82581,rest
76.9810,832591,rest
76.9852,1032681,rest
76.9896,-437180,rest
76.9953,-304867,rest
76.9973,65149,rest
77.0015,760848,rest
77.0058,710630,rest
77.0103,-461878,rest
77.0140,-442189,rest
77.0179,26014,rest
77.0224,723681,rest
77.0267,966235,rest
77.0308,-288315,rest
77.0342,-378209,rest
77.0383,44322,rest
77.0441,74,rest
77.0470,790281,rest
77.0527,-272620,rest
77.0551,-467368,rest
77.0604,7,rest
77.0661,639550,rest
77.0681,863790,rest
77.0711,-161494,rest
77.0754,5836,rest
77.0795,271,rest
77.0834,609860,rest
77.0845,739,rest
77.0874,072,rest
77.0891,-118608,rest
77.0918,575,rest
77.0960,-642,rest
77.1013,582180,rest
77.1046,814535,rest
77.1079,5338,rest
77.1138,-576020,rest
77.1161,-12301,rest
77.1201,550731,rest
77.1243,71691,rest
77.1294,92193,rest
77.1354,-593980,rest
77.1366,-26601,rest
77.1412,515963,rest
77.1463,863869,rest
77.1489,210502,rest
77.1530,-605742,rest
77.1572,-24535,rest
77.1629,488712,rest
77.1652,802148,rest
77.1693,265266,rest
77.1737,-649750,rest
77.1782,-53084,rest
77.1816,453494,rest
77.1857,829030,rest
77.1900,365976,rest
77.1946,-664235,rest
77.1985,-35357,rest
77.2022,440100,rest
77.2066,848752,rest
77.2111,456349,rest
77.2127,-708,rest
77.2144,435,rest
77.2157,-48602,rest
77.2186,415648,rest
77.2229,862623,rest
77.2294,533820,rest
77.2308,-738095,rest
77.2348,-52076,rest
77.2396,388338,rest
77.2436,893189,rest
77.2472,624795,rest
77.2512,-767021,rest
77.2559,-77811,rest
77.2599,356557,rest
77.2640,877247,rest
77.2677,697803,rest
77.2718,-811475,rest
77.2763,-77921,rest
77.2800,339864,rest
77.2841,901400,rest
77.2882,750461,rest
77.2929,-820214,rest
77.2969,-85807,rest
77.3004,313063,rest
77.3045,938284,rest
77.3088,582,rest
77.3136,-816569,rest
77.3171,-97494,rest
77.3230,287668,rest
77.3250,836412,rest
77.3294,773016,rest
77.3309,-,rest
77.3332,848005,rest
77.3346,-,rest
77.3373,157599,rest
77.3384,241,rest
77.3415,59,rest
77.3428,87746,rest
77.3462,826274,rest
77.3507,-809026,rest
77.3538,-116199,rest
77.3604,250588,rest
77.3619,954703,rest
77.3659,948277,rest
77.3700,-742123,rest
77.3745,-1554,rest
77.3786,211777,rest
77.3849,913734,rest
77.3864,853225,rest
77.3921,-739108,rest
77.3955,-163364,rest
77.3987,199456,rest
77.4029,930288,rest
77.4070,999020,rest
77.4114,-658258,rest
77.4152,-126879,rest
77.4192,177175,rest
77.4233,901478,rest
77.4277,870223,rest
77.4316,-654423,rest
77.4357,-159594,rest
77.4398,161424,rest
77.4451,919280,rest
77.4478,930796,rest
77.4520,-573238,rest
77.4565,-193043,rest
77.4605,140929,rest
77.4644,897775,rest
77.4659,93,rest
77.4684,8492,rest
77.4691,-51297,rest
77.4725,4,rest
77.4730,-220010,rest
77.4770,122950,rest
77.4806,852250,rest
77.4847,914445,rest
77.4889,-449184,rest
77.4932,-315404,rest
77.4973,91019,rest
77.5010,804187,rest
77.5052,866880,rest
77.5097,-384072,rest
77.5134,-333431,rest
77.5174,77944,rest
77.5218,754045,rest
77.5266,799387,rest
77.5299,-325633,rest
77.5339,-409453,rest
77.5380,59159,rest
77.5439,1,rest
77.5480,779978,rest
77.5510,-243836,rest
77.5544,-405765,rest
77.5603,34,rest
77.5640,687281,rest
77.5677,920232,rest
77.5707,-119371,rest
77.5768,519,rest
77.5794,29018,rest
77.5838,638930,rest
77.5871,756073,rest
77.5890,-,rest
77.5930,5,rest
77.5960,295,rest
77.5989,21917,rest
77.6011,615418,rest
77.6035,827659,rest
77.6097,41,rest
77.6121,-531374,rest
77.6167,18925,rest
77.6207,582681,rest
77.6241,852401,rest
77.6292,132217,rest
77.6322,-564354,rest
77.6362,2350,rest
77.6404,546150,rest
77.6450,729723,rest
77.6486,172971,rest
77.6527,-593436,rest
77.6567,1786,rest
77.6622,524532,rest
77.6649,916808,rest
77.6690,335007,rest
77.6735,-574281,rest
77.6779,23556,rest
77.6813,501133,rest
77.6854,816034,rest
77.6896,370231,rest
77.6944,-657616,rest
77.6980,-27311,rest
77.7018,465792,rest
77.7060,906972,rest
77.7105,486481,rest
77.7121,-,rest
77.7141,644034,rest
77.7181,3079,rest
77.7197,44,rest
77.7225,3081,rest
77.7244,9056,rest
77.7273,51,rest
77.7296,566197,rest
77.7305,-728561,rest
77.7345,-55572,rest
77.7388,399094,rest
77.7436,876943,rest
77.7468,619569,rest
77.7509,-751556,rest
77.7553,-49778,rest
77.7596,370959,rest
77.7640,896374,rest
77.7674,692800,rest
77.7719,-803599,rest
77.7756,60431,rest
77.7810,353410,rest
77.7837,841709,rest
77.7878,721940,rest
77.7937,-822053,rest
77.7960,-63789,rest
77.8001,334688,rest
77.8041,906832,rest
77.8091,816922,rest
77.8124,-810443,rest
77.8166,-65012,rest
77.8205,322629,rest
77.8248,8451,rest
77.8293,831435,rest
77.8344,-798060,rest
77.8369,-78575,rest
77.8413,5,rest
77.8456,897097,rest
77.8474,8,rest
77.8506,52943,rest
77.8521,-7806,rest
77.8533,63,rest
77.8534,-94058,rest
77.8576,278914,rest
77.8632,927574,rest
77.8657,867844,rest
77.8697,-750429,rest
77.8763,-75311,rest
77.8779,263348,rest
77.8820,980256,rest
77.8861,988393,rest
77.8905,-687028,rest
77.8956,-125867,rest
77.8984,219485,rest
77.9025,935604,rest
77.9066,837395,rest
77.9113,-698869,rest
77.9148,-99546,rest
77.9189,214573,rest
77.9231,948512,rest
77.9276,905931,rest
77.9312,-622578,rest
77.9353,-110392,rest
77.9397,207560,rest
77.9454,951749,rest
77.9475,876569,rest
77.9517,-565943,rest
77.9563,-172366,rest
77.9600,173877,rest
77.9639,939473,rest
77.9681,893412,rest
77.9697,-,rest
77.9724,511127,rest
77.9737,-1,rest
77.9766,40224,rest
77.9780,1797,rest
77.9803,79,rest
77.9817,920419,rest
77.9845,880223,rest
77.9885,-433118,rest
77.9948,-237242,rest
77.9967,151550,rest
78.0007,866542,rest
78.0049,864848,rest
78.0107,339,rest
78.0139,-251749,rest
78.0175,144112,rest
78.0213,820969,rest
78.0261,861961,rest
78.0295,-293271,rest
78.0336,-358318,rest
78.0377,106203,rest
78.0420,683,rest
78.0463,793594,rest
78.0521,-223025,rest
78.0545,-379674,rest
78.0584,104907,rest
78.0647,732319,rest
78.0663,809666,rest
78.0705,-143895,rest
78.0747,49,rest
78.0795,80476,rest
78.0832,694576,rest
78.0898,794215,rest
78.0910,-49517,rest
78.0965,-466064,rest
78.0991,77252,rest
78.1004,6,rest
78.1032,72588,rest
78.1041,8134,rest
78.1074,62,rest
78.1090,48775,rest
78.1114,-487772,rest
78.1154,70323,rest
78.1197,645133,rest
78.1237,879443,rest
78.1280,153001,rest
78.1319,-509655,rest
78.1359,51240,rest
78.1402,595226,rest
78.1454,855833,rest
78.1483,230876,rest
78.1524,-546157,rest
78.1565,34268,rest
78.1609,551574,rest
78.1646,898882,rest
78.1687,327084,rest
78.1730,-576858,rest
78.1776,22159,rest
78.1810,516827,rest
78.1851,893890,rest
78.1894,401970,rest
78.1943,-627507,rest
78.1974,2699,rest
78.2015,481070,rest
78.2061,866062,rest
78.2101,471399,rest
78.2138,-649858,rest
78.2178,4236,rest
78.2220,455784,rest
78.2272,903454,rest
78.2290,5,rest
78.2302,54463,rest
78.2312,-7156,rest
78.2343,03,rest
78.2344,-38707,rest
78.2384,407412,rest
78.2427,878016,rest
78.2465,610951,rest
78.2507,-753339,rest
78.2547,-50355,rest
78.2590,787,rest
78.2630,894151,rest
78.2688,686894,rest
78.2716,-792274,rest
78.2754,53,rest
78.2800,354736,rest
78.2837,902621,rest
78.2893,742503,rest
78.2917,-829256,rest
78.2970,-92415,rest
78.2998,310710,rest
78.3038,853996,rest
78.3100,674,rest
78.3137,-842958,rest
78.3178,-82271,rest
78.3227,299122,rest
78.3244,893591,rest
78.3291,826853,rest
78.3327,-825593,rest
78.3367,-110563,rest
78.3426,26937,rest
78.3462,879745,rest
78.3497,839411,rest
78.3512,-,rest
78.3531,814862,rest
78.3542,-,rest
78.3574,126975,rest
78.3615,30,rest
78.3638,913854,rest
78.3660,916054,rest
78.3694,-769483,rest
78.3736,-148624,rest
78.3786,212043,rest
78.3817,873361,rest
78.3858,804451,rest
78.3899,-772424,rest
78.3945,-167367,rest
78.3981,199537,rest
78.4021,930461,rest
78.4066,897156,rest
78.4118,-701468,rest
78.4145,-105592,rest
78.4186,199328,rest
78.4229,956804,rest
78.4280,926699,rest
78.4309,-648784,rest
78.4350,-145016,rest
78.4393,169107,rest
78.4436,908934,rest
78.4473,884260,rest
78.4514,-611076,rest
78.4556,-182775,rest
78.4602,145009,rest
78.4636,900103,rest
78.4677,918199,rest
78.4718,-542618,rest
78.4768,-227571,rest
78.4801,131620,rest
78.4841,876223,rest
78.4854,814,rest
78.4885,471,rest
78.4899,-497767,rest
78.4935,-271673,rest
78.4964,118776,rest
78.5005,840058,rest
78.5046,870031,rest
78.5095,-404798,rest
78.5128,-323929,rest
78.5168,91048,rest
78.5210,785013,rest
78.5258,923154,rest
78.5292,-317088,rest
78.5332,-373655,rest
78.5374,70799,rest
78.5427,723132,rest
78.5461,791851,rest
78.5497,-277536,rest
78.5537,-437777,rest
78.5592,82,rest
78.5631,688959,rest
78.5669,863147,rest
78.5701,-160421,rest
78.5744,460056,rest
78.5793,45116,rest
78.5824,648830,rest
78.5865,741854,rest
78.5918,-11415,rest
78.5954,-512647,rest
78.5990,25761,rest
78.6030,616299,rest
78.6072,821568,rest
78.6091,-6,rest
78.6113,855,rest
78.6135,-536,rest
78.6151,050,rest
78.6166,13320,rest
78.6193,584019,rest
78.6234,756539,rest
78.6286,55982,rest
78.6316,-576477,rest
78.6356,-3212,rest
78.6401,546207,rest
78.6444,801503,rest
78.6479,158032,rest
78.6520,-568885,rest
78.6563,-4377,rest
78.6617,519496,rest
78.6643,816750,rest
78.6684,247385,rest
78.6728,-620255,rest
78.6772,-20772,rest
78.6807,479331,rest
78.6848,800288,rest
78.6894,316255,rest
78.6936,-643955,rest
78.6971,-24018,rest
78.7011,450769,rest
78.7053,834968,rest
78.7099,407473,rest
78.7135,-683296,rest
78.7176,-30417,rest
78.7221,428890,rest
78.7262,827651,rest
78.7299,494514,rest
78.7313,-,rest
78.7340,727892,rest
78.7351,-,rest
78.7380,47719,rest
78.7392,40,rest
78.7426,1321,rest
78.7446,84912,rest
78.7462,7,rest
78.7463,561064,rest
78.7504,-758029,rest
78.7544,-61384,rest
78.7608,659,rest
78.7633,854038,rest
78.7690,642970,rest
78.7711,-803718,rest
78.7799,344591,rest
78.7835,847259,rest
78.7874,689154,rest
78.7924,-842455,rest
78.7954,-86127,rest
78.7995,319986,rest
78.8036,873340,rest
78.8096,6692,rest
78.8121,-853105,rest
78.8172,-99048,rest
78.8199,286735,rest
78.8249,5284,rest
78.8290,783905,rest
78.8326,-853459,rest
78.8364,-122878,rest
78.8420,6762,rest
78.8452,883470,rest
78.8491,840012,rest
78.8544,-819025,rest
78.8569,-104152,rest
78.8615,246932,rest
78.8650,888880,rest
78.8666,84,rest
78.8691,5848,rest
78.8703,-80581,rest
78.8732,0,rest
78.8734,-150080,rest
78.8780,212330,rest
78.8814,897247,rest
78.8855,853271,rest
78.8897,-770369,rest
78.8953,-127705,rest
78.8978,202179,rest
78.9019,919282,rest
78.9065,876220,rest
78.9105,-729764,rest
78.9142,-128833,rest
78.9183,194074,rest
78.9227,927056,rest
78.9272,891720,rest
78.9306,-689339,rest
78.9346,-151504,rest
78.9393,167480,rest
78.9436,924242,rest
78.9469,891950,rest
78.9511,-640483,rest
78.9551,-183825,rest
78.9603,141758,rest
78.9633,893247,rest
78.9674,984246,rest
78.9715,-562265,rest
78.9758,2447,rest
78.9805,99380,rest
78.9841,848899,rest
78.9907,872258,rest
78.9922,-539643,rest
78.9936,-3,rest
78.9983,00200,rest
78.9994,70916,rest
79.0005,803420,rest
79.0043,862207,rest
79.0087,466,rest
79.0127,-337213,rest
79.0180,57581,rest
79.0213,751675,rest
79.0250,448,rest
79.0293,-400220,rest
79.0348,-443009,rest
79.0378,24093,rest
79.0425,99,rest
79.0468,834691,rest
79.0500,-309168,rest
79.0535,-453618,rest
79.0620,663192,rest
79.0675,844583,rest
79.0703,-234120,rest
79.0743,-525578,rest
79.0784,-5146,rest
79.0827,625463,rest
79.0862,814951,rest
79.0907,-149212,rest
79.0951,-589958,rest
79.0985,-26500,rest
79.1026,586709,rest
79.1068,829464,rest
79.1111,-52062,rest
79.1136,-,rest
79.1149,584082,rest
79.1167,-,rest
79.1189,22026,rest
79.1200,5,rest
79.1233,64110,rest
79.1241,9414,rest
79.1282,21,rest
79.1285,75135,rest
79.1313,-622739,rest
79.1353,-58821,rest
79.1398,501819,rest
79.1447,730207,rest
79.1479,87005,rest
79.1518,-652324,rest
79.1560,-60373,rest
79.1604,486451,rest
79.1641,938314,rest
79.1681,257619,rest
79.1724,-626466,rest
79.1769,-44423,rest
79.1808,457570,rest
79.1845,817696,rest
79.1897,277790,rest
79.1934,-721936,rest
79.1969,-104136,rest
79.2009,405893,rest
79.2050,895315,rest
79.2095,399313,rest
79.2132,-711732,rest
79.2172,-79632,rest
79.2214,385122,rest
79.2264,840782,rest
79.2300,443509,rest
79.2337,-799969,rest
79.2377,-136946,rest
79.2427,331617,rest
79.2465,850699,rest
79.2477,5,rest
79.2500,28977,rest
79.2515,-8065,rest
79.2541,69,rest
79.2551,-118044,rest
79.2584,3159,rest
79.2634,887401,rest
79.2668,631061,rest
79.2705,-848170,rest
79.2751,-168778,rest
79.2789,278434,rest
79.2833,843526,rest
79.2876,684572,rest
79.2912,83282,rest
79.2951,-162416,rest
79.2994,259961,rest
79.3034,860754,rest
79.3082,731863,rest
79.3134,9062,rest
79.3170,-184493,rest
79.3206,224176,rest
79.3242,800020,rest
79.3281,750429,rest
79.3333,-918371,rest
79.3361,-191775,rest
79.3402,203537,rest
79.3447,856154,rest
79.3484,816725,rest
79.3526,-882585,rest
79.3568,-196178,rest
79.3610,184371,rest
79.3647,880406,rest
79.3688,878116,rest
79.3702,-,rest
79.3731,846315,rest
79.3741,-,rest
79.3790,216607,rest
79.3812,148230,rest
79.3828,818566,rest
79.3853,821546,rest
79.3897,-849904,rest
79.3939,-231995,rest
79.3975,132001,rest
79.4016,877960,rest
79.4059,866213,rest
79.4100,-799810,rest
79.4145,-210353,rest
79.4179,122415,rest
79.4221,879267,rest
79.4271,893455,rest
79.4307,-751507,rest
79.4344,-261882,rest
79.4386,88925,rest
79.4433,852657,rest
79.4467,861355,rest
79.4507,-710362,rest
79.4550,-282928,rest
79.4591,516,rest
79.4641,846889,rest
79.4677,892954,rest
79.4738,-642400,rest
79.4766,-275371,rest
79.4796,63652,rest
79.4838,813627,rest
79.4878,847601,rest
79.4930,557,rest
79.4969,-360534,rest
79.5001,35671,rest
79.5079,786191,rest
79.5086,877339,rest
79.5105,-504610,rest
79.5134,79,rest
79.5177,33731,rest
79.5228,738509,rest
79.5252,828539,rest
79.5297,440,rest
79.5340,-437726,rest
79.5387,7335,rest
79.5409,681376,rest
79.5457,827813,rest
79.5493,-363248,rest
79.5531,-480427,rest
79.5573,-3785,rest
79.5620,637991,rest
79.5654,818895,rest
79.5695,-279287,rest
79.5739,-513684,rest
79.5788,-18716,rest
79.5818,611999,rest
79.5859,813760,rest
79.5902,-186013,rest
79.5951,-622558,rest
79.5982,-48741,rest
79.6022,580715,rest
79.6067,851564,rest
79.6116,-79373,rest
79.6146,-585503,rest
79.6187,-45125,rest
79.6229,539857,rest
79.6273,861641,rest
79.6291,4,rest
79.6309,953,rest
79.6319,-638,rest
79.6350,080,rest
79.6365,-71992,rest
79.6400,498955,rest
79.6440,872218,rest
79.6474,101472,rest
79.6515,-650540,rest
79.6557,-80372,rest
79.6601,450463,rest
79.6637,813260,rest
79.6678,156167,rest
79.6721,-697906,rest
79.6766,-101470,rest
79.6801,423413,rest
79.6842,858237,rest
79.6885,261575,rest
79.6936,-734120,rest
79.6974,-116265,rest
79.7006,390509,rest
79.7047,825268,rest
79.7106,328169,rest
79.7129,-737569,rest
79.7170,-99937,rest
79.7210,375121,rest
79.7273,676,rest
79.7299,423969,rest
79.7340,-774697,rest
79.7374,-116863,rest
79.7417,42247,rest
79.7463,977356,rest
79.7508,567156,rest
79.7521,-,rest
79.7539,805780,rest
79.7552,-,rest
79.7593,438238,rest
79.7624,555,rest
79.7643,77930,rest
79.7664,5,rest
79.7666,519618,rest
79.7703,-895742,rest
79.7760,19585,rest
79.7792,247686,rest
79.7827,873885,rest
79.7866,663241,rest
79.7922,-75,rest
79.7961,-196663,rest
79.7994,218733,rest
79.8031,775184,rest
79.8072,651725,rest
79.8126,-947564,rest
79.8153,-213542,rest
79.8194,204159,rest
79.8234,863100,rest
79.8278,764695,rest
79.8317,-922015,rest
79.8358,-182128,rest
79.8398,189807,rest
79.8443,828800,rest
79.8480,789880,rest
79.8521,-917388,rest
79.8566,-247770,rest
79.8607,150916,rest
79.8645,825060,rest
79.8686,803721,rest
79.8732,-886030,rest
79.8778,-227603,rest
79.8808,137405,rest
79.8849,838685,rest
79.8864,84,rest
79.8894,2310,rest
79.8899,-86015,rest
79.8932,4,rest
79.8938,-248830,rest
79.8972,111852,rest
79.9013,874102,rest
79.9054,916843,rest
79.9113,-797506,rest
79.9136,-235944,rest
79.9176,91603,rest
79.9219,843966,rest
79.9261,828267,rest
79.9299,-796450,rest
79.9340,-288471,rest
79.9381,59198,rest
79.9435,824486,rest
79.9466,874484,rest
79.9504,-730370,rest
79.9546,-238540,rest
79.9594,54421,rest
79.9627,815842,rest
79.9668,908108,rest
79.9709,-664535,rest
79.9753,338978,rest
79.9793,14969,rest
79.9832,776698,rest
79.9873,913710,rest
79.9931,99,rest
79.9972,-369835,rest
79.9998,-2736,rest
80.0037,730270,rest
80.0098,40-,rest
80.0138,555027,rest
80.0155,-45,rest
80.0161,7908,rest
80.0172,-32726,rest
80.0210,680300,rest
80.0249,800007,rest
80.0287,-489978,rest
80.0324,-464593,rest
80.0364,-32779,rest
80.0408,643065,rest
80.0453,827046,rest
80.0488,-395642,rest
80.0528,-544864,rest
80.0570,-62180,rest
80.0620,592930,rest
80.0651,907349,rest
80.0692,-283048,rest
80.0734,-554933,rest
80.0784,-69253,rest
80.0817,551205,rest
80.0856,734049,rest
80.0900,-255039,rest
80.0943,-664244,rest
80.0979,-97367,rest
80.1019,533591,rest
80.1062,878389,rest
80.1115,-99827,rest
80.1143,-606792,rest
80.1184,-76911,rest
80.1229,506147,rest
80.1282,959696,rest
80.1306,-2042,rest
80.1347,-672815,rest
80.1359,-,rest
80.1390,117915,rest
80.1405,4,rest
80.1435,40344,rest
80.1452,7356,rest
80.1470,73,rest
80.1471,8669,rest
80.1512,-708582,rest
80.1553,-129925,rest
80.1595,412159,rest
80.1642,913758,rest
80.1675,172071,rest
80.1717,-721664,rest
80.1760,-149199,rest
80.1798,366626,rest
80.1839,798200,rest
80.1880,197232,rest
80.1932,-776573,rest
80.1962,-167656,rest
80.2003,336632,rest
80.2044,945542,rest
80.2095,355530,rest
80.2138,-795711,rest
80.2167,-186256,rest
80.2207,296232,rest
80.2250,49,rest
80.2295,350687,rest
80.2342,-855223,rest
80.2372,-192579,rest
80.2430,865,rest
80.2463,929643,rest
80.2499,536215,rest
80.2536,-840170,rest
80.2584,1,rest
80.2625,252564,rest
80.2662,798163,rest
80.2699,532617,rest
80.2715,-922,rest
80.2756,-42,rest
80.2787,209766,rest
80.2837,869861,rest
80.2864,648277,rest
80.2906,-935995,rest
80.2962,-208443,rest
80.2985,202658,rest
80.3027,814659,rest
80.3069,683013,rest
80.3126,-956678,rest
80.3150,-247238,rest
80.3190,165446,rest
80.3233,813059,rest
80.3276,737639,rest
80.3314,-965398,rest
80.3355,-266324,rest
80.3398,141861,rest
80.3440,843699,rest
80.3477,817719,rest
80.3518,-930372,rest
80.3561,-294629,rest
80.3612,101111,rest
80.3641,772898,rest
80.3682,795121,rest
80.3727,-921248,rest
80.3774,-311718,rest
80.3805,85285,rest
80.3846,813362,rest
80.3889,847808,rest
80.3906,-,rest
80.3933,876694,rest
80.3946,-,rest
80.3969,281426,rest
80.3983,8512,rest
80.4009,7,rest
80.4021,841510,rest
80.4051,914324,rest
80.4106,-818223,rest
80.4133,-282651,rest
80.4173,60249,rest
80.4214,802360,rest
80.4257,353,rest
80.4305,-816112,rest
80.4344,-326164,rest
80.4399,35001,rest
80.4419,797141,rest
80.4474,903356,rest
80.4501,-738404,rest
80.4542,-332304,rest
80.4585,03,rest
80.4632,791664,rest
80.4672,930253,rest
80.4707,-678644,rest
80.4763,605,rest
80.4803,-8039,rest
80.4837,751112,rest
80.4871,871329,rest
80.4928,62511,rest
80.4967,-399138,rest
80.4995,-23491,rest
80.5033,713909,rest
80.5093,72,rest
80.5134,-543495,rest
80.5170,-502938,rest
80.5187,-,rest
80.5197,60227,rest
80.5243,3,rest
80.5255,3,rest
80.5289,754,rest
80.5308,-472673,rest
80.5321,-520603,rest
80.5361,-59399,rest
80.5403,623991,rest
80.5451,886909,rest
80.5485,-370395,rest
80.5526,-564895,rest
80.5567,-73656,rest
80.5614,582821,rest
80.5648,867515,rest
80.5689,-278308,rest
80.5731,-588072,rest
80.5776,-78913,rest
80.5812,550097,rest
80.5853,859430,rest
80.5900,-194510,rest
80.5948,-663384,rest
80.5976,-103756,rest
80.6017,503607,rest
80.6059,827041,rest
80.6104,-116308,rest
80.6140,-668664,rest
80.6180,-104407,rest
80.6222,477934,rest
80.6266,856249,rest
80.6304,-5204,rest
80.6345,-703514,rest
80.6385,-127703,rest
80.6432,437082,rest
80.6467,813037,rest
80.6478,6,rest
80.6508,7027,rest
80.6523,-711,rest
80.6551,996,rest
80.6564,-12973,rest
80.6597,6,rest
80.6603,419933,rest
80.6632,881202,rest
80.6672,199601,rest
80.6714,-725414,rest
80.6764,-131207,rest
80.6802,392362,rest
80.6836,869512,rest
80.6877,273057,rest
80.6928,74636,rest
80.6961,-133096,rest
80.7004,364382,rest
80.7073,910878,rest
80.7086,386830,rest
80.7129,-777647,rest
80.7164,-138197,rest
80.7204,339117,rest
80.7247,5155,rest
80.7295,441241,rest
80.7333,-820337,rest
80.7394,-165880,rest
80.7412,303644,rest
80.7457,846957,rest
80.7491,518059,rest
80.7532,-855286,rest
80.7591,-12831,rest
80.7616,267533,rest
80.7665,865830,rest
80.7729,620639,rest
80.7738,-886734,rest
80.7750,-,rest
80.7785,190084,rest
80.7797,24,rest
80.7819,5503,rest
80.7843,84356,rest
80.7859,8,rest
80.7860,674563,rest
80.7901,-925734,rest
80.7954,-187142,rest
80.7982,230999,rest
80.8024,852382,rest
80.8066,752146,rest
80.8121,-918969,rest
80.8147,-181028,rest
80.8187,212578,rest
80.8228,855121,rest
80.8282,801219,rest
80.8310,-918259,rest
80.8352,-245598,rest
80.8396,173765,rest
80.8439,822155,rest
80.8474,808196,rest
80.8515,-892668,rest
80.8563,-205261,rest
80.8601,164923,rest
80.8638,855811,rest
80.8679,896017,rest
80.8727,-851210,rest
80.8768,-266294,rest
80.8802,133476,rest
80.8843,818794,rest
80.8884,816905,rest
80.8932,-840738,rest
80.8966,-222966,rest
80.9007,133739,rest
80.9048,901496,rest
80.9066,95,rest
80.9105,20-9,rest
80.9154,-210517,rest
80.9173,112785,rest
80.9212,847251,rest
80.9262,860605,rest
80.9295,7519,rest
80.9339,-288389,rest
80.9399,83055,rest
80.9421,861321,rest
80.9459,5821,rest
80.9508,-666208,rest
80.9561,-244768,rest
80.9594,77623,rest
80.9627,832018,rest
80.9665,811,rest
80.9704,-628483,rest
80.9761,-325415,rest
80.9786,53618,rest
80.9831,808258,rest
80.9867,898352,rest
80.9911,5403,rest
80.9952,-356178,rest
80.9992,46394,rest
81.0033,778083,rest
81.0073,1000508,rest
81.0117,-436248,rest
81.0154,-369025,rest
81.0194,30477,rest
81.0236,716535,rest
81.0290,846353,rest
81.0305,-,rest
81.0318,409980,rest
81.0328,-5,rest
81.0358,09204,rest
81.0373,-17807,rest
81.0415,662819,rest
81.0449,982604,rest
81.0482,-287919,rest
81.0522,-509871,rest
81.0564,-16084,rest
81.0610,618181,rest
81.0645,814007,rest
81.0686,-248936,rest
81.0731,-626621,rest
81.0778,-56027,rest
81.0809,583801,rest
81.0850,826574,rest
81.0896,-123818,rest
81.0938,-600352,rest
81.0972,-26992,rest
81.1013,571549,rest
81.1055,908414,rest
81.1096,-9070,rest
81.1137,-605994,rest
81.1177,-45673,rest
81.1218,534527,rest
81.1266,793786,rest
81.1300,53406,rest
81.1341,-643257,rest
81.1385,-52010,rest
81.1430,504460,rest
81.1471,941117,rest
81.1505,196614,rest
81.1520,-,rest
81.1546,617812,rest
81.1558,-,rest
81.1589,32,rest
81.1634,3038,rest
81.1651,8428,rest
81.1671,17,rest
81.1693,248826,rest
81.1740,-685466,rest
81.1753,-74899,rest
81.1796,442295,rest
81.1833,962556,rest
81.1874,381561,rest
81.1917,742,rest
81.1962,-96503,rest
81.2013,394887,rest
81.2037,857194,rest
81.2090,167,rest
81.2137,-756120,rest
81.2162,-99095,rest
81.2201,372647,rest
81.2244,3570,rest
81.2293,554927,rest
81.2325,-788452,rest
81.2366,-122920,rest
81.2425,33512,rest
81.2460,902153,rest
81.2498,600811,rest
81.2529,-822315,rest
81.2572,-131499,rest
81.2616,306142,rest
81.2652,886739,rest
81.2693,675624,rest
81.2734,-875818,rest
81.2781,-161750,rest
81.2816,273127,rest
81.2857,903892,rest
81.2869,7,rest
81.2898,57478,rest
81.2911,-8795,rest
81.2943,35,rest
81.2960,-175173,rest
81.2980,247409,rest
81.3021,865347,rest
81.3062,769664,rest
81.3116,-898205,rest
81.3144,-185029,rest
81.3184,232479,rest
81.3231,863711,rest
81.3273,840061,rest
81.3307,-865765,rest
81.3348,-194909,rest
81.3392,210509,rest
81.3434,883519,rest
81.3471,890510,rest
81.3512,-835397,rest
81.3554,-231968,rest
81.3598,181496,rest
81.3635,871325,rest
81.3676,887891,rest
81.3720,-809672,rest
81.3767,-226029,rest
81.3800,177278,rest
81.3840,893044,rest
81.3880,874996,rest
81.3930,-776259,rest
81.3964,-203950,rest
81.4004,173715,rest
81.4045,916187,rest
81.4088,7096,rest
81.4139,690873,rest
81.4156,-,rest
81.4168,155153,rest
81.4178,166,rest
81.4210,617,rest
81.4225,938088,rest
81.4266,1222,rest
81.4303,-633364,rest
81.4338,-198775,rest
81.4399,131876,rest
81.4417,889402,rest
81.4458,912531,rest
81.4495,-620948,rest
81.4537,-262511,rest
81.4594,04,rest
81.4624,871297,rest
81.4666,977527,rest
81.4700,-534322,rest
81.4743,0,rest
81.4791,83037,rest
81.4827,831743,rest
81.4864,904228,rest
81.4906,-479416,rest
81.4953,-346865,rest
81.4987,78396,rest
81.5027,799689,rest
81.5071,1003085,rest
81.5122,-362527,rest
81.5150,-354313,rest
81.5191,62711,rest
81.5233,734580,rest
81.5288,987854,rest
81.5315,-301165,rest
81.5355,-468644,rest
81.5397,17236,rest
81.5447,674828,rest
81.5461,866,rest
81.5478,826,rest
81.5490,-247867,rest
81.5520,-500549,rest
81.5563,5141,rest
81.5606,636670,rest
81.5642,982409,rest
81.5683,-130498,rest
81.5727,-540241,rest
81.5771,-9159,rest
81.5806,586574,rest
81.5846,847009,rest
81.5888,-68910,rest
81.5935,-619579,rest
81.5970,-41735,rest
81.6010,549108,rest
81.6053,904885,rest
81.6102,37763,rest
81.6138,-600763,rest
81.6175,-42278,rest
81.6215,518515,rest
81.6272,869,rest
81.6303,127413,rest
81.6355,-629583,rest
81.6381,-61877,rest
81.6435,788,rest
81.6477,888971,rest
81.6513,214917,rest
81.6543,-656342,rest
81.6598,-66556,rest
81.6627,439655,rest
81.6666,903541,rest
81.6707,302728,rest
81.6712,-702,rest
81.6760,-185,rest
81.6795,406553,rest
81.6840,925184,rest
81.6879,409363,rest
81.6912,-758625,rest
81.6968,-122994,rest
81.6994,354457,rest
81.7034,876987,rest
81.7078,63,rest
81.7121,-790355,rest
81.7178,-123720,rest
81.7201,326174,rest
81.7242,84985,rest
81.7290,533826,rest
81.7327,-841861,rest
81.7384,-150127,rest
81.7403,296790,rest
81.7454,899712,rest
81.7485,648742,rest
81.7526,-865795,rest
81.7568,-143018,rest
81.7613,275786,rest
81.7649,873944,rest
81.7690,699674,rest
81.7732,-897326,rest
81.7785,-167806,rest
81.7813,258102,rest
81.7853,901278,rest
81.7895,790605,rest
81.7905,-,rest
81.7939,900313,rest
81.7950,-,rest
81.7977,173255,rest
81.7988,22,rest
81.8017,0124,rest
81.8033,81177,rest
81.8061,8,rest
81.8063,760246,rest
81.8106,-915006,rest
81.8141,-212089,rest
81.8181,200942,rest
81.8223,858244,rest
81.8267,851449,rest
81.8305,-864529,rest
81.8345,-172527,rest
81.8387,196613,rest
81.8433,901216,rest
81.8468,905136,rest
81.8509,-835622,rest
81.8550,-218777,rest
81.8594,160828,rest
81.8632,866286,rest
81.8673,888076,rest
81.8715,-810895,rest
81.8763,-223816,rest
81.8796,142905,rest
81.8837,872913,rest
81.8880,920391,rest
81.8927,-762003,rest
81.8965,-221201,rest
81.9001,126073,rest
81.9042,879187,rest
81.9085,117,rest
81.9125,7096,rest
81.9167,-207764,rest
81.9212,115648,rest
81.9250,879209,rest
81.9271,98,rest
81.9290,3139,rest
81.9303,-63921,rest
81.9332,5,rest
81.9335,-230291,rest
81.9369,96930,rest
81.9421,9,rest
81.9460,918937,rest
81.9509,-597456,rest
81.9534,-324955,rest
81.9578,54821,rest
81.9628,810905,rest
81.9656,959545,rest
81.9697,-513128,rest
81.9742,-39,rest
81.9779,55629,rest
81.9833,768636,rest
81.9861,918296,rest
81.9903,-447330,rest
81.9947,-435955,rest
81.9983,17396,rest
82.0024,721525,rest
82.0067,913493,rest
82.0125,-369088,rest
82.0148,-459729,rest
82.0188,5759,rest
82.0232,665321,rest
82.0282,856189,rest
82.0311,-294693,rest
82.0352,-504376,rest
82.0395,1026,rest
82.0435,636423,rest
82.0475,936338,rest
82.0487,-,rest
82.0516,180757,rest
82.0532,-54,rest
82.0564,1375,rest
82.0581,-18534,rest
82.0617,596010,rest
82.0639,847549,rest
82.0680,-116682,rest
82.0722,-605394,rest
82.0768,-44681,rest
82.0803,556080,rest
82.0844,878533,rest
82.0884,-17548,rest
82.0942,-619722,rest
82.0969,-55846,rest
82.1007,513358,rest
82.1048,766109,rest
82.1096,51760,rest
82.1132,-648429,rest
82.1172,-59902,rest
82.1213,489175,rest
82.1269,38,rest
82.1311,212704,rest
82.1345,-643428,rest
82.1377,-61411,rest
82.1420,594,rest
82.1464,799710,rest
82.1501,240882,rest
82.1553,-676577,rest
82.1586,-61685,rest
82.1634,54,rest
82.1682,892680,rest
82.1704,358364,rest
82.1717,-,rest
82.1753,727372,rest
82.1769,-,rest
82.1788,171,rest
82.1800,4,rest
82.1834,0716,rest
82.1853,9511,rest
82.1883,17,rest
82.1900,483326,rest
82.1912,-737325,rest
82.1954,-76934,rest
82.1991,386748,rest
82.2031,903513,rest
82.2082,5435,rest
82.2125,-797636,rest
82.2167,-123465,rest
82.2196,342234,rest
82.2238,928152,rest
82.2292,636781,rest
82.2319,-814309,rest
82.2359,-107153,rest
82.2401,320535,rest
82.2446,919932,rest
82.2482,700071,rest
82.2523,-868070,rest
82.2564,-146964,rest
82.2618,284007,rest
82.2646,855773,rest
82.2687,734543,rest
82.2732,-896807,rest
82.2774,-177967,rest
82.2810,254558,rest
82.2851,863045,rest
82.2896,773323,rest
82.2940,-888105,rest
82.2974,-179204,rest
82.3014,249406,rest
82.3061,905228,rest
82.3074,8,rest
82.3102,96047,rest
82.3118,-8353,rest
82.3138,10,rest
82.3149,-135144,rest
82.3179,241736,rest
82.3223,946594,rest
82.3264,931247,rest
82.3301,-831056,rest
82.3342,-201644,rest
82.3384,190103,rest
82.3433,868895,rest
82.3469,874854,rest
82.3506,-809807,rest
82.3548,-225954,rest
82.3597,177579,rest
82.3632,913259,rest
82.3670,939518,rest
82.3711,-759318,rest
82.3763,-219459,rest
82.3794,161259,rest
82.3835,930203,rest
82.3875,987958,rest
82.3939,689615,rest
82.3957,-204496,rest
82.3997,141909,rest
82.4039,902279,rest
82.4094,28,rest
82.4163,-662142,rest
82.4167,-259892,rest
82.4204,119585,rest
82.4246,299,rest
82.4287,993972,rest
82.4302,-,rest
82.4329,575598,rest
82.4339,-,rest
82.4367,255747,rest
82.4377,116,rest
82.4428,22770,rest
82.4479,1003537,rest
82.4505,-515420,rest
82.4532,-360057,rest
82.4572,65410,rest
82.4619,817634,rest
82.4654,936445,rest
82.4695,-470020,rest
82.4737,-378264,rest
82.4780,60952,rest
82.4818,774680,rest
82.4858,929396,rest
82.4900,-394396,rest
82.4945,-409416,rest
82.4981,45711,rest
82.5022,727805,rest
82.5064,1036688,rest
82.5109,-282923,rest
82.5145,-473390,rest
82.5186,16744,rest
82.5231,669325,rest
82.5273,894181,rest
82.5309,-248455,rest
82.5350,-538407,rest
82.5395,-13037,rest
82.5435,623868,rest
82.5474,822638,rest
82.5514,-166641,rest
82.5557,-578652,rest
82.5574,-,rest
82.5603,15121,rest
82.5637,600612,rest
82.5649,874,rest
82.5678,923,rest
82.5695,-51975,rest
82.5727,-592935,rest
82.5764,-22019,rest
82.5804,579408,rest
82.5841,886656,rest
82.5882,50625,rest
82.5952,-607605,rest
82.5966,-33656,rest
82.6006,537401,rest
82.6045,1010406,rest
82.6104,86,rest
82.6142,-607851,rest
82.6184,-40581,rest
82.6220,492415,rest
82.6252,1895,rest
82.6311,214129,rest
82.6336,-712250,rest
82.6380,-109230,rest
82.6417,423613,rest
82.6466,671519,rest
82.6498,17,rest
82.6538,-717269,rest
82.6599,-66286,rest
82.6629,440096,rest
82.6677,1088377,rest
82.6704,494698,rest
82.6751,707,rest
82.6792,-74098,rest
82.6832,396807,rest
82.6865,848239,rest
82.6933,464752-80,rest
82.6948,7967,rest
82.6963,-14028,rest
82.6987,0,rest
82.6988,356161,rest
82.7028,950876,rest
82.7071,608739,rest
82.7126,-781463,rest
82.7152,-100592,rest
82.7192,344392,rest
82.7234,892474,rest
82.7293,642220,rest
82.7315,-865507,rest
82.7356,-150113,rest
82.7397,298864,rest
82.7442,882723,rest
82.7479,701876,rest
82.7520,-880914,rest
82.7565,-135546,rest
82.7622,277443,rest
82.7643,914621,rest
82.7684,796807,rest
82.7728,-889501,rest
82.7774,-150396,rest
82.7810,253380,rest
82.7848,914127,rest
82.7891,857939,rest
82.7935,-865076,rest
82.7971,-172919,rest
82.8012,222656,rest
82.8056,893933,rest
82.8102,864898,rest
82.8117,-,rest
82.8135,865510,rest
82.8146,-,rest
82.8176,191713,rest
82.8192,20,rest
82.8217,1701,rest
82.8227,89052,rest
82.8262,877178,rest
82.8305,-835232,rest
82.8347,-216979,rest
82.8403,171807,rest
82.8434,894449,rest
82.8464,796,rest
82.8506,-803585,rest
82.8580,-207581,rest
82.8587,170847,rest
82.8633,907794,rest
82.8672,962921,rest
82.8709,-733863,rest
82.8762,-205637,rest
82.8792,155736,rest
82.8831,911920,rest
82.8872,961479,rest
82.8916,638,rest
82.8961,-211204,rest
82.9010,132638,rest
82.9036,904986,rest
82.9090,7,rest
82.9132,-641340,rest
82.9163,-225447,rest
82.9212,100462,rest
82.9257,62,rest
82.9294,920266,rest
82.9329,-598469,rest
82.9363,-274574,rest
82.9404,85473,rest
82.9453,849550,rest
82.9474,94,rest
82.9486,3408,rest
82.9496,-5234,rest
82.9527,35,rest
82.9541,-362692,rest
82.9569,55711,rest
82.9615,790879,rest
82.9652,937945,rest
82.9691,-450482,rest
82.9732,-401110,rest
82.9779,48622,rest
82.9814,743145,rest
82.9855,971621,rest
82.9897,-351649,rest
82.9944,-437337,rest
82.9977,29239,rest
83.0018,692964,rest
83.0062,895283,rest
83.0108,-293318,rest
83.0142,-460487,rest
83.0182,17838,rest
83.0227,648699,rest
83.0287,883719,rest
83.0305,-218566,rest
83.0347,-568016,rest
83.0391,-24180,rest
83.0449,607240,rest
83.0470,864395,rest
83.0511,-131436,rest
83.0551,-574668,rest
83.0613,-30712,rest
83.0635,571041,rest
83.0674,881847,rest
83.0690,-,rest
83.0715,41392,rest
83.0725,-6,rest
83.0773,22-8,rest
83.0829,529404,rest
83.0858,900951,rest
83.0882,65189,rest
83.0927,-644596,rest
83.0979,-68630,rest
83.1002,487527,rest
83.1043,758509,rest
83.1099,104267,rest
83.1130,-667993,rest
83.1165,-63785,rest
83.1206,481453,rest
83.1250,04,rest
83.1304,259724,rest
83.1357,-681493,rest
83.1395,-72300,rest
83.1418,440195,rest
83.1463,854569,rest
83.1494,323400,rest
83.1536,-717011,rest
83.1581,-80385,rest
83.1618,1615,rest
83.1674,953202,rest
83.1726,473063,rest
83.1746,-726145,rest
83.1786,-68662,rest
83.1824,69,rest
83.1865,937682,rest
83.1918,535111,rest
83.1973,-790298,rest
83.2002,-115662,rest
83.2018,3,rest
83.2026,42428,rest
83.2043,8536,rest
83.2069,45,rest
83.2088,570524,rest
83.2108,-842879,rest
83.2149,-118032,rest
83.2189,317753,rest
83.2232,847819,rest
83.2276,638111,rest
83.2315,-880194,rest
83.2353,-150422,rest
83.2398,289028,rest
83.2443,900788,rest
83.2478,748383,rest
83.2517,-882660,rest
83.2564,-140780,rest
83.2603,275086,rest
83.2640,859313,rest
83.2681,759479,rest
83.2728,-907867,rest
83.2772,-187382,rest
83.2805,231802,rest
83.2844,792418,rest
83.2887,767778,rest
83.2934,-887793,rest
83.2970,-179309,rest
83.3008,245928,rest
83.3050,962107,rest
83.3096,59,rest
83.3135,-798180,rest
83.3176,-112391,rest
83.3214,243597,rest
83.3257,86,rest
83.3305,93489,rest
83.3321,-834,rest
83.3336,489,rest
83.3353,-237237,rest
83.3377,204759,rest
83.3436,3164,rest
83.3503,982190,rest
83.3513,-729795,rest
83.3541,-145481,rest
83.3598,16,rest
83.3635,931479,rest
83.3690,870280,rest
83.3705,-723971,rest
83.3762,1,rest
83.3805,190048,rest
83.3835,969797,rest
83.3869,1078059,rest
83.3928,-610695,rest
83.3970,1,rest
83.4004,176613,rest
83.4037,926103,rest
83.4075,897223,rest
83.4139,-622291,rest
83.4156,-276568,rest
83.4196,127535,rest
83.4242,912122,rest
83.4284,946324,rest
83.4320,-522439,rest
83.4361,-199073,rest
83.4402,155535,rest
83.4455,890148,rest
83.4483,947254,rest
83.4500,-,rest
83.4524,454214,rest
83.4539,-,rest
83.4565,343151,rest
83.4576,108,rest
83.4611,523,rest
83.4628,835200,rest
83.4647,936856,rest
83.4688,-374595,rest
83.4730,-324384,rest
83.4777,114197,rest
83.4811,800566,rest
83.4851,976258,rest
83.4897,-282119,rest
83.4950,-424771,rest
83.4975,71559,rest
83.5015,732084,rest
83.5064,788833,rest
83.5104,-255430,rest
83.5138,-412503,rest
83.5179,80251,rest
83.5227,709150,rest
83.5287,1099816,rest
83.5302,-93486,rest
83.5343,-213785,rest
83.5385,143702,rest
83.5431,658566,rest
83.5466,506594,rest
83.5507,-192280,rest
83.5549,-640126,rest
83.5597,-25348,rest
83.5645,594199,rest
83.5671,802404,rest
83.5712,-1310,rest
83.5762,-553601,rest
83.5796,16046,rest
83.5835,588776,rest
83.5845,864,rest
83.5876,694,rest
83.5890,118046,rest
83.5938,-573,rest
83.5960,5493,rest
83.6016,560900,rest
83.6060,875270,rest
83.6081,210018,rest
83.6136,-607066,rest
83.6162,-594,rest
83.6204,528460,rest
83.6263,900,rest
83.6303,325079,rest
83.6350,-610813,rest
83.6367,10901,rest
83.6412,5051,rest
83.6456,868988,rest
83.6514,375835,rest
83.6531,-693754,rest
83.6590,-3178,rest
83.6622,462559,rest
83.6662,953045,rest
83.6705,504471,rest
83.6737,-694380,rest
83.6779,366,rest
83.6824,427414,rest
83.6891,830113,rest
83.6902,523467,rest
83.6958,768,rest
83.7005,-56380,rest
83.7033,405052,rest
83.7072,906169,rest
83.7109,639803,rest
83.7123,-76,rest
83.7156,7692,rest
83.7175,-42616,rest
83.7186,385892,rest
83.7229,911116,rest
83.7273,700688,rest
83.7316,-818048,rest
83.7351,-69164,rest
83.7394,359955,rest
83.7441,928624,rest
83.7479,790753,rest
83.7514,-830175,rest
83.7560,-78611,rest
83.7602,333478,rest
83.7637,862603,rest
83.7678,792298,rest
83.7720,-843170,rest
83.7764,-85369,rest
83.7801,327149,rest
83.7841,949045,rest
83.7884,893216,rest
83.7940,-800205,rest
83.7968,-90289,rest
83.8006,312922,rest
83.8046,938583,rest
83.8100,889621,rest
83.8130,-780823,rest
83.8170,-106260,rest
83.8211,294491,rest
83.8272,0461,rest
83.8315,1068706,rest
83.8336,-,rest
83.8347,703695,rest
83.8364,-,rest
83.8394,67321,rest
83.8410,27,rest
83.8417,1709,rest
83.8435,93038,rest
83.8459,2,rest
83.8487,851044,rest
83.8497,-756295,rest
83.8540,-171538,rest
83.8582,251,rest
83.8623,961052,rest
83.8664,969104,rest
83.8718,-662991,rest
83.8743,-89824,rest
83.8806,36,rest
83.8849,986745,rest
83.8892,965116,rest
83.8907,-626793,rest
83.8952,-125792,rest
83.8989,210751,rest
83.9029,966842,rest
83.9072,905803,rest
83.9116,-582796,rest
83.9153,-147500,rest
83.9193,203393,rest
83.9235,967070,rest
83.9278,999531,rest
83.9319,-498167,rest
83.9357,-181902,rest
83.9398,177063,rest
83.9454,930643,rest
83.9480,854641,rest
83.9522,-463314,rest
83.9564,-281870,rest
83.9611,155683,rest
83.9651,887298,rest
83.9666,9,rest
83.9685,56580,rest
83.9696,-3573,rest
83.9733,02,rest
83.9749,-290863,rest
83.9793,144140,rest
83.9809,834738,rest
83.9850,867385,rest
83.9893,-304314,rest
83.9938,-332750,rest
83.9980,133591,rest
84.0013,795466,rest
84.0060,1073167,rest
84.0113,-170805,rest
84.0137,-396600,rest
84.0176,97112,rest
84.0222,728656,rest
84.0263,834320,rest
84.0320,-153268,rest
84.0342,-502623,rest
84.0381,50176,rest
84.0425,7895,rest
84.0471,809011,rest
84.0519,-79018,rest
84.0545,-535396,rest
84.0596,40533,rest
84.0630,649769,rest
84.0667,788371,rest
84.0709,21511,rest
84.0771,52,rest
84.0800,48566,rest
84.0842,633597,rest
84.0874,864090,rest
84.0932,28198,rest
84.0959,25710,rest
84.0981,52288,rest
84.1021,607275,rest
84.1040,878761,rest
84.1081,18,rest
84.1151,-583230,rest
84.1183,24704,rest
84.1201,566559,rest
84.1261,9114,rest
84.1290,317804,rest
84.1336,-614865,rest
84.1373,13586,rest
84.1412,530395,rest
84.1467,891657,rest
84.1500,382743,rest
84.1528,-646197,rest
84.1571,6077,rest
84.1611,502458,rest
84.1654,889449,rest
84.1692,474713,rest
84.1734,-694686,rest
84.1790,-18958,rest
84.1815,460743,rest
84.1856,959189,rest
84.1897,587428,rest
84.1943,-726173,rest
84.1979,-32639,rest
84.2019,432720,rest
84.2062,932017,rest
84.2116,649230,flicker
84.2158,-772691,flicker
84.2173,-,flicker
84.2184,59205,flicker
84.2195,3,flicker
84.2229,98755,flicker
84.2241,930,flicker
84.2269,159,flicker
84.2287,720900,flicker
84.2307,-808383,flicker
84.2347,-64262,flicker
84.2395,374114,flicker
84.2442,893523,flicker
84.2470,747625,flicker
84.2511,-829429,flicker
84.2559,-65746,flicker
84.2602,348540,flicker
84.2637,955059,flicker
84.2676,846432,flicker
84.2716,-828337,flicker
84.2781,-108355,flicker
84.2808,320058,flicker
84.2838,895926,flicker
84.2880,849709,flicker
84.2936,-815166,flicker
84.2964,-79584,flicker
84.3003,311871,flicker
84.3043,968431,flicker
84.3100,152,flicker
84.3169,-778972,flicker
84.3183,-109713,flicker
84.3208,289968,flicker
84.3268,48956,flicker
84.3297,917230,flicker
84.3351,-757128,flicker
84.3372,-132932,flicker
84.3414,608,flicker
84.3461,987787,flicker
84.3502,964619,flicker
84.3520,-720,flicker
84.3543,164,flicker
84.3558,-144494,flicker
84.3578,245095,flicker
84.3623,959308,flicker
84.3658,944861,flicker
84.3700,-686142,flicker
84.3752,188,flicker
84.3792,227292,flicker
84.3826,984341,flicker
84.3863,986298,flicker
84.3905,-623890,flicker
84.3964,-124707,flicker
84.3986,220987,flicker
84.4028,986129,flicker
84.4068,963518,flicker
84.4116,-581798,flicker
84.4150,-136179,flicker
84.4191,199046,flicker
84.4232,960983,flicker
84.4277,949730,flicker
84.4313,-532148,flicker
84.4354,-255823,flicker
84.4397,155694,flicker
84.4444,919756,flicker
84.4477,935443,flicker
84.4519,-458868,flicker
84.4564,-280275,flicker
84.4608,146181,flicker
84.4642,881030,flicker
84.4683,930659,flicker
84.4694,-,flicker
84.4728,385557,flicker
84.4751,-,flicker
84.4772,354896,flicker
84.4775,124,flicker
84.4805,039,flicker
84.4822,829075,flicker
84.4846,900929,flicker
84.4892,-302217,flicker
84.4937,-371900,flicker
84.4970,117318,flicker
84.5010,789637,flicker
84.5051,1064685,flicker
84.5102,-180684,flicker
84.5147,-408423,flicker
84.5173,85929,flicker
84.5215,711839,flicker
84.5262,715435,flicker
84.5302,-205030,flicker
84.5338,-521704,flicker
84.5378,46983,flicker
84.5422,9,flicker
84.5472,936229,flicker
84.5505,-47895,flicker
84.5543,-473758,flicker
84.5599,2560,flicker
84.5630,656889,flicker
84.5683,846728,flicker
84.5706,14097,flicker
84.5750,5,flicker
84.5796,18556,flicker
84.5848,610394,flicker
84.5870,867982,flicker
84.5936,01,flicker
84.5974,-574461,flicker
84.6001,8327,flicker
84.6034,568551,flicker
84.6047,80,flicker
84.6099,2873,flicker
84.6138,-610815,flicker
84.6175,5035,flicker
84.6241,553383,flicker
84.6262,1009431,flicker
84.6280,323109,flicker
84.6324,-586311,flicker
84.6361,17597,flicker
84.6403,509804,flicker
84.6454,885882,flicker
84.6484,362856,flicker
84.6526,-699744,flicker
84.6568,-49495,flicker
84.6621,454407,flicker
84.6648,931162,flicker
84.6689,458504,flicker
84.6731,-689579,flicker
84.6775,-30657,flicker
84.6812,433026,flicker
84.6853,987427,flicker
84.6894,577468,flicker
84.6940,-765223,flicker
84.6976,-90347,flicker
84.7018,371604,flicker
84.7061,834882,flicker
84.7108,559025,flicker
84.7143,-820211,flicker
84.7181,-101057,flicker
84.7227,354100,flicker
84.7272,975143,flicker
84.7304,725278,flicker
84.7313,-82,flicker
84.7345,4990,flicker
84.7358,-80232,flicker
84.7386,331912,flicker
84.7462,867764,flicker
84.7471,713042,flicker
84.7509,-887498,flicker
84.7550,-126944,flicker
84.7600,290521,flicker
84.7633,895911,flicker
84.7672,779010,flicker
84.7713,-884881,flicker
84.7755,1101,flicker
84.7819,275556,flicker
84.7863,893361,flicker
84.7877,823033,flicker
84.7931,-882934,flicker
84.7962,-182902,flicker
84.8000,231434,flicker
84.8041,884364,flicker
84.8126,-861299,flicker
84.8173,-144885,flicker
84.8204,226292,flicker
84.8261,936126,flicker
84.8288,929327,flicker
84.8335,-813409,flicker
84.8375,-190224,flicker
84.8415,95,flicker
84.8455,911330,flicker
84.8491,869111,flicker
84.8507,-,flicker
84.8534,801901,flicker
84.8551,-,flicker
84.8577,228,flicker
84.8581,6,flicker
84.8616,5686,flicker
84.8634,90366,flicker
84.8668,8,flicker
84.8688,888111,flicker
84.8731,-760036,flicker
84.8746,-196768,flicker
84.8820,903735,flicker
84.8884,907509,flicker
84.8907,-710302,flicker
84.8950,215451,flicker
84.8984,133813,flicker
84.9025,908972,flicker
84.9065,913731,flicker
84.9115,-650869,flicker
84.9152,-209805,flicker
84.9187,123488,flicker
84.9229,889632,flicker
84.9273,913651,flicker
84.9311,-588957,flicker
84.9352,-256764,flicker
84.9397,103855,flicker
84.9447,853997,flicker
84.9479,887581,flicker
84.9515,-529375,flicker
84.9562,-346499,flicker
84.9606,71940,flicker
84.9638,808432,flicker
84.9679,880433,flicker
84.9726,-452313,flicker
84.9774,-383485,flicker
84.9804,54376,flicker
84.9844,750643,flicker
84.9855,88,flicker
84.9884,5326,flicker
84.9902,-3834,flicker
84.9938,67,flicker
84.9965,-440420,flicker
84.9966,28494,flicker
85.0007,697912,flicker
85.0047,786595,flicker
85.0106,321,flicker
85.0147,-479679,flicker
85.0180,21029,flicker
85.0232,667398,flicker
85.0264,895927,flicker
85.0295,-211507,flicker
85.0344,-509979,flicker
85.0383,9125,flicker
85.0418,25001,flicker
85.0461,889327,flicker
85.0507,-120695,flicker
85.0540,-593407,flicker
85.0582,24,flicker
85.0626,587246,flicker
85.0684,797871,flicker
85.0708,-50329,flicker
85.0747,2,flicker
85.0791,-30229,flicker
85.0827,554885,flicker
85.0866,806292,flicker
85.0910,4375,flicker
85.0952,-621511,flicker
85.1000,-30638,flicker
85.1031,532855,flicker
85.1084,820,flicker
85.1137,130184,flicker
85.1153,-6,flicker
85.1155,38146,flicker
85.1167,-42148,flicker
85.1206,497278,flicker
85.1237,901162,flicker
85.1282,239313,flicker
85.1317,-662041,flicker
85.1358,-50937,flicker
85.1400,468304,flicker
85.1452,878262,flicker
85.1481,318981,flicker
85.1522,-733128,flicker
85.1566,-91342,flicker
85.1613,415481,flicker
85.1650,827282,flicker
85.1686,387319,flicker
85.1729,-747388,flicker
85.1775,-66284,flicker
85.1809,404588,flicker
85.1849,918052,flicker
85.1896,515892,flicker
85.1937,-782537,flicker
85.1975,-95573,flicker
85.2014,356301,flicker
85.2061,862156,flicker
85.2106,556215,flicker
85.2141,-829451,flicker
85.2177,-121470,flicker
85.2219,328972,flicker
85.2265,906100,flicker
85.2313,657743,flicker
85.2342,-854667,flicker
85.2356,-,flicker
85.2383,114588,flicker
85.2402,3,flicker
85.2425,08246,flicker
85.2440,8791,flicker
85.2464,01,flicker
85.2477,705748,flicker
85.2505,-900301,flicker
85.2546,-149023,flicker
85.2596,275189,flicker
85.2633,859778,flicker
85.2669,752501,flicker
85.2710,-905448,flicker
85.2753,16220,flicker
85.2799,245657,flicker
85.2839,877228,flicker
85.2878,805117,flicker
85.2921,-901597,flicker
85.2957,-163356,flicker
85.3009,226985,flicker
85.3038,863964,flicker
85.3096,33,flicker
85.3120,-868689,flicker
85.3164,-176766,flicker
85.3212,209625,flicker
85.3255,895714,flicker
85.3302,819,flicker
85.3326,-842183,flicker
85.3373,-188814,flicker
85.3415,184777,flicker
85.3450,900989,flicker
85.3488,879413,flicker
85.3559,-813975,flicker
85.3573,-215634,flicker
85.3617,153735,flicker
85.3652,891287,flicker
85.3665,8,flicker
85.3693,98749,flicker
85.3711,-777,flicker
85.3734,160,flicker
85.3753,-203248,flicker
85.3792,139960,flicker
85.3816,886222,flicker
85.3858,893018,flicker
85.3899,-733318,flicker
85.3942,-161971,flicker
85.3980,137342,flicker
85.4021,885023,flicker
85.4063,898378,flicker
85.4111,-683747,flicker
85.4147,-227639,flicker
85.4184,100901,flicker
85.4229,871048,flicker
85.4275,887726,flicker
85.4308,-624141,flicker
85.4348,-270858,flicker
85.4396,83323,flicker
85.4440,841032,flicker
85.4471,889608,flicker
85.4512,-556021,flicker
85.4555,-375856,flicker
85.4605,45436,flicker
85.4636,789702,flicker
85.4676,843634,flicker
85.4722,-482379,flicker
85.4786,-414085,flicker
85.4798,31464,flicker
85.4840,735261,flicker
85.4881,924330,flicker
85.4893,-,flicker
85.4934,382619,flicker
85.4954,-4,flicker
85.4963,24206,flicker
85.4977,2479,flicker
85.5003,0,flicker
85.5015,686750,flicker
85.5045,849956,flicker
85.5109,32187,flicker
85.5135,-515541,flicker
85.5172,-10358,flicker
85.5208,638604,flicker
85.5255,855559,flicker
85.5316,2393,flicker
85.5336,-520718,flicker
85.5389,-11511,flicker
85.5446,606216,flicker
85.5461,790191,flicker
85.5505,-168393,flicker
85.5541,-582744,flicker
85.5596,-798,flicker
85.5621,572643,flicker
85.5676,844086,flicker
85.5700,-64772,flicker
85.5762,-604365,flicker
85.5788,-45480,flicker
85.5829,528980,flicker
85.5863,845392,flicker
85.5908,19030,flicker
85.5960,-636641,flicker
85.5986,-58420,flicker
85.6027,488700,flicker
85.6069,811111,flicker
85.6124,91617,flicker
85.6153,-703953,flicker
85.6165,-,flicker
85.6191,92603,flicker
85.6233,442899,flicker
85.6250,808,flicker
85.6291,838,flicker
85.6309,182802,flicker
85.6315,-715400,flicker
85.6355,-91638,flicker
85.6397,424994,flicker
85.6442,913629,flicker
85.6478,311120,flicker
85.6520,-723712,flicker
85.6562,-96557,flicker
85.6607,391034,flicker
85.6642,825767,flicker
85.6683,360086,flicker
85.6725,-794132,flicker
85.6778,-127916,flicker
85.6806,361631,flicker
85.6847,840946,flicker
85.6890,460052,flicker
85.6931,-785298,flicker
85.6972,-98873,flicker
85.7010,346924,flicker
85.7051,880866,flicker
85.7102,542093,flicker
85.7135,-850041,flicker
85.7174,-140388,flicker
85.7220,309621,flicker
85.7273,9346,flicker
85.7297,617904,flicker
85.7340,-883449,flicker
85.7397,-163239,flicker
85.7427,277772,flicker
85.7463,962,flicker
85.7512,683689,flicker
85.7528,-92,flicker
85.7573,4016,flicker
85.7584,-177210,flicker
85.7587,252035,flicker
85.7630,840961,flicker
85.7666,718627,flicker
85.7706,-928678,flicker
85.7750,1748,flicker
85.7794,230294,flicker
85.7846,888153,flicker
85.7902,809240,flicker
85.7921,-918273,flicker
85.7954,197043,flicker
85.8002,200013,flicker
85.8034,878129,flicker
85.8078,818582,flicker
85.8120,-908779,flicker
85.8158,-208702,flicker
85.8198,174201,flicker
85.8239,875416,flicker
85.8296,866776,flicker
85.8323,-876930,flicker
85.8362,-251986,flicker
85.8423,149215,flicker
85.8450,882242,flicker
85.8485,874780,flicker
85.8526,-841598,flicker
85.8567,-231135,flicker
85.8613,134362,flicker
85.8649,882374,flicker
85.8689,896599,flicker
85.8700,-,flicker
85.8732,795800,flicker
85.8746,-,flicker
85.8788,237668,flicker
85.8794,11,flicker
85.8814,2753,flicker
85.8831,87560,flicker
85.8853,7,flicker
85.8854,912483,flicker
85.8895,-756854,flicker
85.8942,-215517,flicker
85.8976,104771,flicker
85.9017,886101,flicker
85.9062,972197,flicker
85.9104,-695448,flicker
85.9140,-275450,flicker
85.9181,62329,flicker
85.9230,832892,flicker
85.9270,869563,flicker
85.9309,-667276,flicker
85.9345,-359726,flicker
85.9386,30256,flicker
85.9434,803665,flicker
85.9471,913311,flicker
85.9509,-590748,flicker
85.9550,-353801,flicker
85.9598,22857,flicker
85.9636,752502,flicker
85.9673,847216,flicker
85.9714,-536721,flicker
85.9766,-472744,flicker
85.9808,-19523,flicker
85.9837,689152,flicker
85.9878,844936,flicker
85.9920,439,flicker
85.9963,-454457,flicker
85.9974,-,flicker
86.0009,11104,flicker
86.0050,650134,flicker
86.0072,873,flicker
86.0091,400,flicker
86.0108,-36249,flicker
86.0149,-96,flicker
86.0166,-31292,flicker
86.0205,611967,flicker
86.0259,152,flicker
86.0290,-291124,flicker
86.0345,-609250,flicker
86.0373,-71269,flicker
86.0424,67,flicker
86.0466,856634,flicker
86.0501,-196878,flicker
86.0533,-626858,flicker
86.0589,-4839,flicker
86.0627,533995,flicker
86.0668,791565,flicker
86.0715,-115170,flicker
86.0745,-691320,flicker
86.0795,963,flicker
86.0829,498521,flicker
86.0877,829762,flicker
86.0902,-6118,flicker
86.0948,-688861,flicker
86.0984,-98261,flicker
86.1024,473411,flicker
86.1067,805941,flicker
86.1109,77738,flicker
86.1147,-691741,flicker
86.1188,-101435,flicker
86.1229,441756,flicker
86.1273,990280,flicker
86.1311,236156,flicker
86.1327,-73,flicker
86.1352,5525,flicker
86.1365,-1290,flicker
86.1394,33,flicker
86.1396,395620,flicker
86.1442,837595,flicker
86.1475,259060,flicker
86.1516,-751619,flicker
86.1560,-125043,flicker
86.1602,373079,flicker
86.1641,886543,flicker
86.1680,363231,flicker
86.1723,-799470,flicker
86.1772,-154219,flicker
86.1809,330618,flicker
86.1844,839338,flicker
86.1885,425649,flicker
86.1932,-849081,flicker
86.1967,-163393,flicker
86.2007,308079,flicker
86.2052,954723,flicker
86.2098,562550,flicker
86.2137,-867435,flicker
86.2171,-181417,flicker
86.2213,262273,flicker
86.2255,09136,flicker
86.2297,543947,flicker
86.2348,-950511,flicker
86.2395,-220772,flicker
86.2417,233641,flicker
86.2463,833382,flicker
86.2499,644885,flicker
86.2515,-,flicker
86.2540,955857,flicker
86.2553,-,flicker
86.2597,09665,flicker
86.2622,9917,flicker
86.2655,8682,flicker
86.2670,98,flicker
86.2690,724063,flicker
86.2712,-959506,flicker
86.2747,-244003,flicker
86.2796,90,flicker
86.2845,878484,flicker
86.2890,825533,flicker
86.2916,-930066,flicker
86.2951,210249,flicker
86.3004,181447,flicker
86.3031,863932,flicker
86.3074,821456,flicker
86.3118,-929790,flicker
86.3154,-235240,flicker
86.3195,148294,flicker
86.3258,8,flicker
86.3286,862699,flicker
86.3331,-896581,flicker
86.3360,-248799,flicker
86.3403,122648,flicker
86.3447,841562,flicker
86.3482,836479,flicker
86.3523,-894519,flicker
86.3567,-315620,flicker
86.3609,91993,flicker
86.3645,832983,flicker
86.3687,849974,flicker
86.3732,-833947,flicker
86.3778,-291153,flicker
86.3809,90415,flicker
86.3851,840189,flicker
86.3864,8,flicker
86.3893,49687,flicker
86.3909,-7853,flicker
86.3935,83,flicker
86.3961,-280117,flicker
86.3974,90215,flicker
86.4014,866793,flicker
86.4056,887200,flicker
86.4102,-714392,flicker
86.4137,-246937,flicker
86.4178,90724,flicker
86.4219,867185,flicker
86.4266,945257,flicker
86.4314,-647669,flicker
86.4342,-337233,flicker
86.4385,60264,flicker
86.4429,831694,flicker
86.4467,950530,flicker
86.4506,-568625,flicker
86.4548,-381271,flicker
86.4589,610,flicker
86.4640,794156,flicker
86.4680,950357,flicker
86.4713,-498366,flicker
86.4761,-414234,flicker
86.4794,84,flicker
86.4834,736561,flicker
86.4874,904748,flicker
86.4938,-425409,flicker
86.4959,-467154,flicker
86.5018,4644,flicker
86.5038,681343,flicker
86.5081,76524,flicker
86.5121,330855,flicker
86.5134,-5,flicker
86.5162,10422,flicker
86.5171,-2728,flicker
86.5202,1,flicker
86.5207,622660,flicker
86.5246,89,flicker
86.5298,-282445,flicker
86.5338,-580577,flicker
86.5375,-44810,flicker
86.5420,578215,flicker
86.5449,891032,flicker
86.5496,-188545,flicker
86.5532,-635630,flicker
86.5576,-7625,flicker
86.5615,543172,flicker
86.5661,898835,flicker
86.5696,-103462,flicker
86.5745,-635517,flicker
86.5778,778,flicker
86.5831,508015,flicker
86.5867,837484,flicker
86.5912,-22852,flicker
86.5944,-678193,flicker
86.5981,-93002,flicker
86.6025,476851,flicker
86.6065,903254,flicker
86.6110,83545,flicker
86.6144,-703012,flicker
86.6185,-117984,flicker
86.6228,435352,flicker
86.6276,902795,flicker
86.6317,168189,flicker
86.6349,-752055,flicker
86.6360,-,flicker
86.6392,143514,flicker
86.6438,391199,flicker
86.6455,958,flicker
86.6472,258,flicker
86.6486,268753,flicker
86.6514,-794939,flicker
86.6555,-170412,flicker
86.6604,345917,flicker
86.6635,836459,flicker
86.6676,316256,flicker
86.6720,-842876,flicker
86.6770,-172981,flicker
86.6799,323289,flicker
86.6840,917429,flicker
86.6881,443113,flicker
86.6925,-840902,flicker
86.6966,-163704,flicker
86.7005,290501,flicker
86.7045,882578,flicker
86.7093,511372,flicker
86.7143,-905952,flicker
86.7168,-216187,flicker
86.7209,249745,flicker
86.7266,069,flicker
86.7295,611095,flicker
86.7344,-928569,flicker
86.7373,-208200,flicker
86.7415,2902,flicker
86.7470,866925,flicker
86.7505,650725,flicker
86.7551,-987137,flicker
86.7581,-245944,flicker
86.7620,188702,flicker
86.7664,843380,flicker
86.7701,720643,flicker
86.7712,-988,flicker
86.7743,3,flicker
86.7758,-337,flicker
86.7784,174940,flicker
86.7827,793785,flicker
86.7900,729584,flicker
86.7922,-988989,flicker
86.7962,762,flicker
86.8006,142541,flicker
86.8033,840794,flicker
86.8070,834427,flicker
86.8116,-945504,flicker
86.8151,-265179,flicker
86.8192,140357,flicker
86.8236,894325,flicker
86.8280,904230,flicker
86.8315,-905808,flicker
86.8356,-271181,flicker
86.8417,11,flicker
86.8441,42552,flicker
86.8492,877946,flicker
86.8520,-893091,flicker
86.8564,-328092,flicker
86.8607,77059,flicker
86.8643,840914,flicker
86.8683,893151,flicker
86.8729,-840522,flicker
86.8770,-306881,flicker
86.8806,67276,flicker
86.8847,812642,flicker
86.8889,898507,flicker
86.8903,-,flicker
86.8945,799301,flicker
86.8959,-,flicker
86.8971,288009,flicker
86.8982,550,flicker
86.9011,07,flicker
86.9027,82394,flicker
86.9054,0,flicker
86.9057,900735,flicker
86.9115,-746622,flicker
86.9149,-292293,flicker
86.9175,44878,flicker
86.9216,829351,flicker
86.9269,1024415,flicker
86.9298,-655046,flicker
86.9339,-314798,flicker
86.9380,19138,flicker
86.9430,768129,flicker
86.9469,872627,flicker
86.9503,-641934,flicker
86.9545,-466479,flicker
86.9598,2049,flicker
86.9629,731529,flicker
86.9671,952049,flicker
86.9732,-532913,flicker
86.9749,-454383,flicker
86.9797,-25904,flicker
86.9834,685253,flicker
86.9872,934450,flicker
86.9921,433,flicker
86.9979,-509799,flicker
87.0002,-40978,flicker
87.0036,636389,flicker
87.0082,966132,flicker
87.0121,-369618,flicker
87.0171,-557148,flicker
87.0187,-,flicker
87.0203,58107,flicker
87.0242,590254,flicker
87.0254,81,flicker
87.0286,5709,flicker
87.0307,-32161,flicker
87.0325,2,flicker
87.0330,-616479,flicker
87.0364,-78620,flicker
87.0406,547961,flicker
87.0458,907643,flicker
87.0487,-211747,flicker
87.0528,-652094,flicker
87.0569,-87867,flicker
87.0635,512891,flicker
87.0650,892377,flicker
87.0691,-116716,flicker
87.0733,-715628,flicker
87.0779,-128937,flicker
87.0814,470315,flicker
87.0855,844917,flicker
87.0897,-30988,flicker
87.0942,-704617,flicker
87.0980,-126458,flicker
87.1019,451487,flicker
87.1066,866918,flicker
87.1115,78460,flicker
87.1154,-740693,flicker
87.1183,-146586,flicker
87.1232,410551,flicker
87.1270,892376,flicker
87.1305,168403,flicker
87.1346,-730225,flicker
87.1396,-124647,flicker
87.1437,385578,flicker
87.1477,944227,flicker
87.1510,279443,flicker
87.1523,-78,flicker
87.1558,6330,flicker
87.1578,-1568,flicker
87.1593,3,flicker
87.1602,344973,flicker
87.1636,794809,flicker
87.1674,304920,flicker
87.1715,-834425,flicker
87.1774,1942,flicker
87.1802,324346,flicker
87.1852,962331,flicker
87.1912,480618,flicker
87.1944,-832554,flicker
87.1969,-162282,flicker
87.2016,0109,flicker
87.2076,896785,flicker
87.2109,524357,flicker
87.2135,-888284,flicker
87.2196,-191790,flicker
87.2219,258883,flicker
87.2268,871475,flicker
87.2298,594761,flicker
87.2331,-938485,flicker
87.2372,-194963,flicker
87.2416,9,flicker
87.2475,864979,flicker
87.2512,674985,flicker
87.2568,-960180,flicker
87.2595,-198278,flicker
87.2616,215099,flicker
87.2667,841187,flicker
87.2707,718360,flicker
87.2717,-,flicker
87.2751,979504-,flicker
87.2795,245973,flicker
87.2810,1,flicker
87.2821,76596,flicker
87.2832,8200,flicker
87.2861,76,flicker
87.2878,758799,flicker
87.2908,-96624,flicker
87.2949,-237384,flicker
87.3001,173441,flicker
87.3040,868323,flicker
87.3071,844445,flicker
87.3116,-923019,flicker
87.3151,-238104,flicker
87.3191,154498,flicker
87.3231,895832,flicker
87.3276,905055,flicker
87.3315,-884227,flicker
87.3353,-263426,flicker
87.3395,134866,flicker
87.3442,864318,flicker
87.3476,924546,flicker
87.3517,-852428,flicker
87.3564,-265963,flicker
87.3605,111724,flicker
87.3640,862784,flicker
87.3681,913851,flicker
87.3730,-827220,flicker
87.3770,-288664,flicker
87.3804,96637,flicker
87.3845,864447,flicker
87.3886,1007724,flicker
87.3935,-753138,flicker
87.3968,-299185,flicker
87.4009,67505,flicker
87.4049,834514,flicker
87.4061,9,flicker
87.4093,02828,flicker
87.4108,-7324,flicker
87.4131,45,flicker
87.4144,-312864,flicker
87.4173,53546,flicker
87.4214,831716,flicker
87.4265,68171,flicker
87.4341,-651454,flicker
87.4346,-343367,flicker
87.4377,48834,flicker
87.4433,0955,flicker
87.4466,1037268,flicker
87.4523,-582607,flicker
87.4541,-390544,flicker
87.4598,24,flicker
87.4625,750671,flicker
87.4665,964220,flicker
87.4707,-518262,flicker
87.4769,425,flicker
87.4806,-23153,flicker
87.4850,691083,flicker
87.4869,868851,flicker
87.4924,3,flicker
87.4953,-496767,flicker
87.4997,-35350,flicker
87.5056,650571,flicker
87.5074,968899,flicker
87.5122,-364183,flicker
87.5156,-569699,flicker
87.5196,-59800,flicker
87.5270,59441,flicker
87.5285,895184,flicker
87.5298,-,flicker
87.5320,294826,flicker
87.5337,-,flicker
87.5361,623511,flicker
87.5374,-7998,flicker
87.5401,9,flicker
87.5414,562803,flicker
87.5454,926191,flicker
87.5484,-184908,flicker
87.5525,-600887,flicker
87.5566,-65491,flicker
87.5623,526095,flicker
87.5647,996520,flicker
87.5688,-86313,flicker
87.5732,-677758,flicker
87.5774,-111268,flicker
87.5811,475433,flicker
87.5851,840165,flicker
87.5896,-35886,flicker
87.5943,-709947,flicker
87.5974,-129078,flicker
87.6016,438295,flicker
87.6060,999926,flicker
87.6107,101465,flicker
87.6139,-704977,flicker
87.6179,-134946,flicker
87.6222,388703,flicker
87.6274,977079,flicker
87.6309,178985,flicker
87.6343,-779717,flicker
87.6385,-178080,flicker
87.6446,31,flicker
87.6466,816757,flicker
87.6509,201403,flicker
87.6566,-821368,flicker
87.6583,-,flicker
87.6589,181615,flicker
87.6647,308242,flicker
87.6657,872,flicker
87.6671,032,flicker
87.6688,321662,flicker
87.6712,-880624,flicker
87.6761,-212275,flicker
87.6800,272200,flicker
87.6834,856076,flicker
87.6876,416203,flicker
87.6919,88975,flicker
87.6961,-207884,flicker
87.7016,264705,flicker
87.7039,935798,flicker
87.7085,5303,flicker
87.7129,-909695,flicker
87.7169,-202125,flicker
87.7204,231502,flicker
87.7264,882570,flicker
87.7288,601380,flicker
87.7335,-973370,flicker
87.7369,-272504,flicker
87.7430,1356,flicker
87.7452,888211,flicker
87.7499,656211,flicker
87.7538,-991354,flicker
87.7586,-231654,flicker
87.7626,9,flicker
87.7674,919282,flicker
87.7719,781807,flicker
87.7746,-984229,flicker
87.7782,329,flicker
87.7847,146223,flicker
87.7861,833801,flicker
87.7909,745349,flicker
87.7925,-999,flicker
87.7945,222,flicker
87.7964,-31057,flicker
87.7987,199,flicker
87.8046,847111,flicker
87.8089,821259,flicker
87.8109,-957536,flicker
87.8160,-300399,flicker
87.8194,103644,flicker
87.8228,832568,flicker
87.8281,842108,flicker
87.8309,-923623,flicker
87.8350,-325765,flicker
87.8394,98233,flicker
87.8436,891448,flicker
87.8479,883089,flicker
87.8515,-860577,flicker
87.8562,-282571,flicker
87.8598,96525,flicker
87.8645,873965,flicker
87.8678,920223,flicker
87.8723,-815651,flicker
87.8769,-324446,flicker
87.8802,77778,flicker
87.8842,863695,flicker
87.8883,939906,flicker
87.8933,-760733,flicker
87.8970,-307944,flicker
87.9006,68410,flicker
87.9046,866002,flicker
87.9104,9960-,flicker
87.9132,685711,flicker
87.9142,-,flicker
87.9181,296848,flicker
87.9193,533,flicker
87.9210,60,flicker
87.9226,83104,flicker
87.9254,372,flicker
87.9335,-629449,flicker
87.9345,-387278,flicker
87.9375,21588,flicker
87.9431,795644,flicker
87.9456,961507,flicker
87.9498,-565213,flicker
87.9538,-421608,flicker
87.9579,7,flicker
87.9627,739929,flicker
87.9670,964292,flicker
87.9703,-486586,flicker
87.9756,480583,flicker
87.9792,-11326,flicker
87.9825,697260,flicker
87.9865,943024,flicker
87.9909,-411241,flicker
87.9958,-554779,flicker
87.9988,-35943,flicker
88.0030,649496,flicker
88.0072,986518,flicker
88.0128,-313558,flicker
88.0152,-540116,flicker
88.0194,-32839,flicker
88.0235,613390,flicker
88.0293,980954,flicker
88.0317,-227774,flicker
88.0358,-631722,flicker
88.0371,-,flicker
88.0398,75636,flicker
88.0443,561556,flicker
88.0457,95,flicker
88.0481,6242,flicker
88.0496,-13348,flicker
88.0521,5,flicker
88.0522,-633047,flicker
88.0563,-72894,flicker
88.0617,524904,flicker
88.0643,924010,flicker
88.0685,-56453,flicker
88.0732,-696783,flicker
88.0775,-111039,flicker
88.0810,476825,flicker
88.0849,878116,flicker
88.0894,30747,flicker
88.0936,-708937,flicker
88.0982,-105900,flicker
88.1016,453920,flicker
88.1059,957341,flicker
88.1104,149499,flicker
88.1135,-702832,flicker
88.1177,-105382,flicker
88.1217,427435,flicker
88.1265,927427,flicker
88.1315,222306,flicker
88.1340,-779074,flicker
88.1382,-150586,flicker
88.1430,389238,flicker
88.1477,900789,flicker
88.1504,316085,flicker
88.1545,-752091,flicker
88.1603,1008,flicker
88.1633,373280,flicker
88.1670,927085,flicker
88.1717,414430,flicker
88.1731,-8,flicker
88.1757,25014,flicker
88.1791,20,flicker
88.1818,336808,flicker
88.1842,915719,flicker
88.1908,502575,flicker
88.1926,-858411,flicker
88.1959,-1413,flicker
88.2004,304282,flicker
88.2049,888518,flicker
88.2093,568455,flicker
88.2120,-899828,flicker
88.2162,8236,flicker
88.2202,288051,flicker
88.2255,970534,flicker
88.2300,710190,flicker
88.2328,-892694,flicker
88.2367,-16876,flicker
88.2412,269585,flicker
88.2449,919755,flicker
88.2489,760663,flicker
88.2537,-943779,flicker
88.2574,-204777,flicker
88.2612,256,flicker
88.2653,887035,flicker
88.2692,784568,flicker
88.2744,-947114,flicker
88.2789,-208373,flicker
88.2832,2168,flicker
88.2886,944439,flicker
88.2903,898751,flicker
88.2932,-,flicker
88.2946,910778,flicker
88.2964,-,flicker
88.2981,86,flicker
88.2997,1,flicker
88.3022,2105,flicker
88.3051,8815,flicker
88.3064,49,flicker
88.3082,858554,flicker
88.3104,-906331,flicker
88.3150,-235919,flicker
88.3183,162611,flicker
88.3228,901364,flicker
88.3271,914751,flicker
88.3306,-855858,flicker
88.3347,-239119,flicker
88.3394,159420,flicker
88.3437,932912,flicker
88.3475,974198,flicker
88.3511,-806895,flicker
88.3558,-246705,flicker
88.3597,134083,flicker
88.3633,912020,flicker
88.3674,966729,flicker
88.3716,-776551,flicker
88.3780,-269289,flicker
88.3797,108101,flicker
88.3838,873954,flicker
88.3880,951199,flicker
88.3934,723,flicker
88.3982,-313025,flicker
88.4013,94988,flicker
88.4043,877935,flicker
88.4095,010279,flicker
88.4137,-635444,flicker
88.4166,-227562,flicker
88.4208,101489,flicker
88.4264,3744,flicker
88.4308,1066987,flicker
88.4325,-563,flicker
88.4331,880,flicker
88.4347,-354038,flicker
88.4371,61544,flicker
88.4418,54,flicker
88.4459,933369,flicker
88.4495,-533524,flicker
88.4547,-444092,flicker
88.4576,22609,flicker
88.4624,762121,flicker
88.4658,1102001,flicker
88.4699,-405105,flicker
88.4756,-33,flicker
88.4782,11853,flicker
88.4829,703559,flicker
88.4863,985392,flicker
88.4906,-372668,flicker
88.4956,-566683,flicker
88.4985,-42921,flicker
88.5026,630546,flicker
88.5067,953135,flicker
88.5120,-283816,flicker
88.5149,-558558,flicker
88.5190,-39317,flicker
88.5231,608274,flicker
88.5278,907153,flicker
88.5313,-207186,flicker
88.5354,-602088,flicker
88.5395,-53234,flicker
88.5439,571144,flicker
88.5477,945471,flicker
88.5492,-,flicker
88.5518,94058,flicker
88.5529,-,flicker
88.5561,633068,flicker
88.5573,-6061,flicker
88.5601,3,flicker
88.5618,531412,flicker
88.5641,976131,flicker
88.5681,3383,flicker
88.5728,-676107,flicker
88.5771,-92189,flicker
88.5805,483656,flicker
88.5845,966410,flicker
88.5891,90377,flicker
88.5934,-708132,flicker
88.5974,-110647,flicker
88.6009,442339,flicker
88.6053,932043,flicker
88.6100,173632,flicker
88.6146,-736970,flicker
88.6173,-124279,flicker
88.6214,405686,flicker
88.6262,893900,flicker
88.6308,246457,flicker
88.6337,-780538,flicker
88.6378,-138429,flicker
88.6421,805,flicker
88.6461,969109,flicker
88.6519,384984,flicker
88.6562,-772586,flicker
88.6584,-122267,flicker
88.6628,353901,flicker
88.6664,929282,flicker
88.6706,451358,flicker
88.6748,84592,flicker
88.6823,150334,flicker
88.6847,314823,flicker
88.6866,837,flicker
88.6884,388,flicker
88.6900,504612,flicker
88.6911,-879337,flicker
88.6967,-155813,flicker
88.6992,302789,flicker
88.7034,965466,flicker
88.7090,33,flicker
88.7116,-889579,flicker
88.7160,-159911,flicker
88.7200,276890,flicker
88.7246,892022,flicker
88.7295,824,flicker
88.7334,-936500,flicker
88.7374,-188472,flicker
88.7403,250745,flicker
88.7454,931977,flicker
88.7484,785853,flicker
88.7525,-943231,flicker
88.7566,-188616,flicker
88.7615,223272,flicker
88.7653,802264,flicker
88.7688,730847,flicker
88.7730,-958927,flicker
88.7778,-202442,flicker
88.7819,213714,flicker
88.7852,941771,flicker
88.7896,928892,flicker
88.7939,-877256,flicker
88.7985,-232253,flicker
88.8016,179706,flicker
88.8061,890462,flicker
88.8105,853729,flicker
88.8125,-875,flicker
88.8139,361,flicker
88.8152,-168446,flicker
88.8180,195835,flicker
88.8227,971282,flicker
88.8268,998412,flicker
88.8303,-802108,flicker
88.8344,-217618,flicker
88.8389,155212,flicker
88.8435,885876,flicker
88.8470,904563,flicker
88.8509,-795372,flicker
88.8549,-291042,flicker
88.8601,126453,flicker
88.8642,898600,flicker
88.8672,906326,flicker
88.8714,-740921,flicker
88.8757,2078,flicker
88.8812,146320,flicker
88.8844,931070,flicker
88.8902,1034247,flicker
88.8920,-639780,flicker
88.8968,-248826,flicker
88.8999,128724,flicker
88.9041,901120,flicker
88.9099,3,flicker
88.9138,-590297,flicker
88.9169,-243335,flicker
88.9212,124073,flicker
88.9261,884210,flicker
88.9292,1098,flicker
88.9307,-,flicker
88.9343,92950,flicker
88.9360,-,flicker
88.9387,325026,flicker
88.9390,828,flicker
88.9419,85,flicker
88.9435,81637,flicker
88.9453,3,flicker
88.9455,942447,flicker
88.9500,-462271,flicker
88.9534,-449934,flicker
88.9578,3456,flicker
88.9623,761584,flicker
88.9666,1007275,flicker
88.9717,-371074,flicker
88.9738,-458719,flicker
88.9781,28678,flicker
88.9826,713586,flicker
88.9860,997826,flicker
88.9901,-284590,flicker
88.9959,-465924,flicker
88.9982,29240,flicker
89.0023,671901,flicker
89.0065,961118,flicker
89.0107,-217069,flicker
89.0146,-536944,flicker
89.0186,-8783,flicker
89.0229,626665,flicker
89.0272,896513,flicker
89.0317,-143178,flicker
89.0352,-591692,flicker
89.0396,-22732,flicker
89.0438,583656,flicker
89.0474,941711,flicker
89.0514,-26327,flicker
89.0561,-621042,flicker
89.0571,-,flicker
89.0608,35359,flicker
89.0639,555024,flicker
89.0653,98,flicker
89.0678,6198,flicker
89.0694,82639,flicker
89.0728,-653950,flicker
89.0764,-59838,flicker
89.0802,505081,flicker
89.0842,1043884,flicker
89.0884,195207,flicker
89.0930,-691490,flicker
89.0971,-86192,flicker
89.1006,456549,flicker
89.1048,904660,flicker
89.1109,417,flicker
89.1132,-731768,flicker
89.1190,-98556,flicker
89.1211,428518,flicker
89.1252,62620,flicker
89.1303,310411,flicker
89.1365,-766976,flicker
89.1375,-101873,flicker
89.1440,404212,flicker
89.1461,1010142,flicker
89.1498,477919,flicker
89.1540,-759667,flicker
89.1582,967,flicker
89.1628,369071,flicker
89.1667,942790,flicker
89.1710,524946,flicker
89.1762,8411,flicker
89.1789,-139422,flicker
89.1841,333078,flicker
89.1866,853089,flicker
89.1911,3,flicker
89.1927,86,flicker
89.1953,6951,flicker
89.1978,-12904,flicker
89.1989,6,flicker
89.1990,322181,flicker
89.2030,1046014,flicker
89.2073,762708,flicker
89.2117,-892569,flicker
89.2154,-163229,flicker
89.2194,279203,flicker
89.2235,918499,flicker
89.2285,763162,flicker
89.2318,-933062,flicker
89.2358,-191574,flicker
89.2399,250212,flicker
89.2448,925047,flicker
89.2481,815309,flicker
89.2522,-915443,flicker
89.2566,-179297,flicker
89.2609,246920,flicker
89.2649,909375,flicker
89.2685,861482,flicker
89.2730,-900282,flicker
89.2788,-213820,flicker
89.2808,219311,flicker
89.2849,983914,flicker
89.2894,945952,flicker
89.2936,-840816,flicker
89.2976,-171221,flicker
89.3013,213934,flicker
89.3061,928659,flicker
89.3102,935036,flicker
89.3116,-,flicker
89.3136,830083,flicker
89.3139,-,flicker
89.3177,209309,flicker
89.3182,1,flicker
89.3223,76264,flicker
89.3237,9126,flicker
89.3264,01,flicker
89.3281,899023,flicker
89.3300,-814521,flicker
89.3341,-279119,flicker
89.3382,152795,flicker
89.3427,960928,flicker
89.3470,1040208,flicker
89.3505,-714781,flicker
89.3546,-188076,flicker
89.3589,5462,flicker
89.3631,928393,flicker
89.3670,1010138,flicker
89.3718,-687555,flicker
89.3754,-2576,flicker
89.3798,117664,flicker
89.3849,901359,flicker
89.3876,989788,flicker
89.3932,613,flicker
89.3971,-261845,flicker
89.4035,110291,flicker
89.4037,879360,flicker
89.4084,9819,flicker
89.4121,-570551,flicker
89.4180,-336691,flicker
89.4221,83682,flicker
89.4243,855582,flicker
89.4290,1021163,flicker
89.4324,-486882,flicker
89.4365,-410059,flicker
89.4424,5613,flicker
89.4450,803608,flicker
89.4468,8,flicker
89.4507,81711,flicker
89.4525,-4394,flicker
89.4542,96,flicker
89.4560,-450437,flicker
89.4570,50848,flicker
89.4616,771010,flicker
89.4662,1044697,flicker
89.4693,-294966,flicker
89.4734,-480018,flicker
89.4785,39179,flicker
89.4816,719694,flicker
89.4856,954291,flicker
89.4898,-235602,flicker
89.4950,-469751,flicker
89.4979,44859,flicker
89.5021,687191,flicker
89.5062,978203,flicker
89.5119,-146103,flicker
89.5143,-577080,flicker
89.5184,-11555,flicker
89.5230,632519,flicker
89.5275,1023924,flicker
89.5307,-33937,flicker
89.5348,-535470,flicker
89.5395,10859,flicker
89.5439,590880,flicker
89.5471,922331,flicker
89.5511,16733,flicker
89.5556,-605005,flicker
89.5600,-34040,flicker
89.5647,542197,flicker
89.5675,998549,flicker
89.5722,142184,flicker
89.5726,-6,flicker
89.5760,22948,flicker
89.5780,-42037,flicker
89.5809,500243,flicker
89.5839,972476,flicker
89.5881,210301,flicker
89.5939,-688665,flicker
89.5962,-72577,flicker
89.6003,445698,flicker
89.6045,957021,flicker
89.6096,303560,flicker
89.6134,-719669,flicker
89.6167,-79266,flicker
89.6208,414698,flicker
89.6270,55,flicker
89.6299,396513,flicker
89.6337,-780219,flicker
89.6379,-113932,flicker
89.6421,74,flicker
89.6473,921101,flicker
89.6496,459050,flicker
89.6542,-809880,flicker
89.6596,1,flicker
89.6620,345317,flicker
89.6669,924105,flicker
89.6713,544404,flicker
89.6745,-880872,flicker
89.6797,877,flicker
89.6823,298783,flicker
89.6867,875364,flicker
89.6914,603133,flicker
89.6971,-901691,flicker
89.6988,-159116,flicker
89.7001,2,flicker
89.7050,93700,flicker
89.7062,102,flicker
89.7069,7882,flicker
89.7072,779205,flicker
89.7123,-899180,flicker
89.7150,-136441,flicker
89.7191,273859,flicker
89.7232,1009593,flicker
89.7278,856306,flicker
89.7315,-911843,flicker
89.7355,-185318,flicker
89.7396,224176,flicker
89.7443,877594,flicker
89.7477,802181,flicker
89.7519,-943905,flicker
89.7563,-211734,flicker
89.7606,199336,flicker
89.7649,907247,flicker
89.7683,885589,flicker
89.7727,-907990,flicker
89.7797,-229489,flicker
89.7809,173045,flicker
89.7846,875120,flicker
89.7893,815621,flicker
89.7936,-897365,flicker
89.7981,-248676,flicker
89.8010,166951,flicker
89.8051,974892,flicker
89.8108,1011213,flicker
89.8144,-800911,flicker
89.8178,-207138,flicker
89.8215,148355,flicker
89.8263,900904,flicker
89.8301,908785,flicker
89.8320,-806,flicker
89.8338,065,flicker
89.8352,-286480,flicker
89.8379,116462,flicker
89.8443,920824,flicker
89.8464,991088,flicker
89.8501,-721284,flicker
89.8543,-212109,flicker
89.8600,26187,flicker
89.8661,896209,flicker
89.8711,942361,flicker
89.8713,-680106,flicker
89.8755,-303816,flicker
89.8823,97100,flicker
89.8832,883838,flicker
89.8871,1030129,flicker
89.8914,538,flicker
89.8991,-329885,flicker
89.8994,77583,flicker
89.9047,847379,flicker
89.9080,931659,flicker
89.9127,-545050,flicker
89.9163,-352168,flicker
89.9197,67573,flicker
89.9265,811288,flicker
89.9282,966723,flicker
89.9321,-454554,flicker
89.9362,-447894,flicker
89.9405,37705,flicker
89.9445,753981,flicker
89.9490,1009033,flicker
89.9500,-,flicker
89.9526,357782,flicker
89.9538,-,flicker
89.9567,493966,flicker
89.9579,1596,flicker
89.9612,2,flicker
89.9640,708989,flicker
89.9648,904132,flicker
89.9690,-301436,flicker
89.9731,-539128,flicker
89.9793,9168,flicker
89.9812,675870,flicker
89.9853,943725,flicker
89.9896,-198818,flicker
89.9946,-565871,flicker
89.9976,5528,flicker
90.0017,637354,flicker
90.0065,939265,flicker
90.0115,-104863,flicker
90.0143,-575935,flicker
90.0181,-7176,flicker
90.0227,609552,flicker
90.0270,1020171,flicker
90.0304,10347,flicker
90.0345,-619826,flicker
90.0390,-40789,flicker
90.0431,558694,flicker
90.0468,932834,flicker
90.0508,78931,flicker
90.0550,-609120,flicker
90.0607,-31744,flicker
90.0636,522543,flicker
90.0673,1003991,flicker
90.0713,184049,flicker
90.0760,-664762,flicker
90.0772,-,flicker
90.0795,62870,flicker
90.0837,474136,flicker
90.0859,92,flicker
90.0878,9588,flicker
90.0893,23105,flicker
90.0922,-7289,flicker
90.0997,-88568,flicker
90.1015,442619,flicker
90.1069,1033554,flicker
90.1083,374315,flicker
90.1127,95,flicker
90.1176,-70508,flicker
90.1211,400465,flicker
90.1248,904646,flicker
90.1287,390279,flicker
90.1332,-826396,flicker
90.1373,-133833,flicker
90.1411,541,flicker
90.1480,986353,flicker
90.1495,542841,flicker
90.1564,-834916,flicker
90.1576,-132880,flicker
90.1627,321524,flicker
90.1660,987081,flicker
90.1696,612712,flicker
90.1738,-887745,flicker
90.1787,-164956,flicker
90.1819,286924,flicker
90.1861,921972,flicker
90.1902,664250,flicker
90.1960,-937997,flicker
90.1984,-207229,flicker
90.2024,247274,flicker
90.2065,881389,flicker
90.2123,706496,flicker
90.2142,-96,flicker
90.2147,2289,flicker
90.2164,-19510,flicker
90.2187,1,flicker
90.2189,240937,flicker
90.2232,883918,flicker
90.2283,763023,flicker
90.2312,-948966,flicker
90.2352,-226436,flicker
90.2400,223147,flicker
90.2442,918918,flicker
90.2475,853076,flicker
90.2516,-907095,flicker
90.2563,-185586,flicker
90.2603,221920,flicker
90.2645,929259,flicker
90.2679,871208,flicker
90.2726,-888057,flicker
90.2774,-222839,flicker
90.2804,194236,flicker
90.2844,947453,flicker
90.2889,940064,flicker
90.2943,-818510,flicker
90.2979,-210040,flicker
90.3007,189846,flicker
90.3048,941283,flicker
90.3101,924083,flicker
90.3132,-798317,flicker
90.3172,-180280,flicker
90.3212,180530,flicker
90.3265,927660,flicker
90.3299,928674,flicker
90.3310,-,flicker
90.3335,752882,flicker
90.3350,-,flicker
90.3377,262659,flicker
90.3388,1,flicker
90.3420,23,flicker
90.3435,911,flicker
90.3465,7,flicker
90.3481,104913,flicker
90.3515,5,flicker
90.3530,-660415,flicker
90.3547,-218248,flicker
90.3584,4920,flicker
90.3637,951128,flicker
90.3675,1029044,flicker
90.3711,-614497,flicker
90.3750,-344,flicker
90.3792,132491,flicker
90.3827,902812,flicker
90.3869,1008353,flicker
90.3912,5619,flicker
90.3959,-328616,flicker
90.3992,103661,flicker
90.4035,870401,flicker
90.4079,106088,flicker
90.4123,-478562,flicker
90.4175,-377840,flicker
90.4217,73192,flicker
90.4254,816821,flicker
90.4280,958636,flicker
90.4337,425,flicker
90.4365,-490892,flicker
90.4427,39206,flicker
90.4444,762853,flicker
90.4493,76944,flicker
90.4550,-335714,flicker
90.4589,-450215,flicker
90.4609,47289,flicker
90.4654,722033,flicker
90.4692,1030307,flicker
90.4713,-2338,flicker
90.4729,43,flicker
90.4745,-503293,flicker
90.4782,18020,flicker
90.4809,669667,flicker
90.4851,836730,flicker
90.4898,-192688,flicker
90.4947,-543511,flicker
90.4973,13011,flicker
90.5014,639055,flicker
90.5061,1064075,flicker
90.5104,-49778,flicker
90.5137,-580766,flicker
90.5179,-11211,flicker
90.5225,584268,flicker
90.5269,807956,flicker
90.5310,-33695,flicker
90.5343,-635404,flicker
90.5383,-42827,flicker
90.5435,557164,flicker
90.5467,1008409,flicker
90.5506,136529,flicker
90.5547,-595596,flicker
90.5588,20011,flicker
90.5634,524820,flicker
90.5669,955159,flicker
90.5715,191141,flicker
90.5752,-647892,flicker
90.5831,-41745,flicker
90.5857,481216,flicker
90.5875,1041543,flicker
90.5917,1463,flicker
90.5974,688511,flicker
90.5987,-6264,flicker
90.5998,2,flicker
90.6012,431830,flicker
90.6040,948265,flicker
90.6093,639,flicker
90.6141,-745373,flicker
90.6163,-89194,flicker
90.6203,393774,flicker
90.6251,918466,flicker
90.6299,34,flicker
90.6348,-814084,flicker
90.6369,-116163,flicker
90.6408,347771,flicker
90.6459,989466,flicker
90.6492,560792,flicker
90.6531,-849896,flicker
90.6572,-129455,flicker
90.6617,310742,flicker
90.6653,913868,flicker
90.6694,598882,flicker
90.6738,-913443,flicker
90.6783,-173370,flicker
90.6823,280196,flicker
90.6858,926328,flicker
90.6899,698335,flicker
90.6956,-929162,flicker
90.6980,-158096,flicker
90.7021,263908,flicker
90.7064,884742,flicker
90.7108,721764,flicker
90.7145,-951831,flicker
90.7158,-,flicker
90.7185,174000,flicker
90.7228,249914,flicker
90.7243,933,flicker
90.7274,263,flicker
90.7301,845845,flicker
90.7309,-924288,flicker
90.7349,-191158,flicker
90.7397,212092,flicker
90.7438,867192,flicker
90.7472,805628,flicker
90.7514,-931578,flicker
90.7558,-206771,flicker
90.7607,203320,flicker
90.7640,911569,flicker
90.7678,892384,flicker
90.7724,-871431,flicker
90.7783,-196976,flicker
90.7805,189745,flicker
90.7840,947211,flicker
90.7882,945900,flicker
90.7933,-817958,flicker
90.7973,-202212,flicker
90.8004,171437,flicker
90.8045,923536,flicker
90.8105,929623,flicker
90.8137,-799493,flicker
90.8168,-256355,flicker
90.8209,141663,flicker
90.8268,177,flicker
90.8299,966462,flicker
90.8352,-729487,flicker
90.8399,-231345,flicker
90.8426,137821,flicker
90.8456,920050,flicker
90.8502,974780,flicker
90.8520,-669,flicker
90.8537,684,flicker
90.8550,-275616,flicker
90.8621,122831,flicker
90.8622,912289,flicker
90.8659,1001584,flicker
90.8700,-606228,flicker
90.8745,-625,flicker
90.8793,112414,flicker
90.8835,883670,flicker
90.8885,980854,flicker
90.8909,-544180,flicker
90.8948,322,flicker
90.8995,78543,flicker
90.9033,833949,flicker
90.9087,920278,flicker
90.9117,-482540,flicker
90.9152,-384427,flicker
90.9198,75673,flicker
90.9238,797563,flicker
90.9289,958410,flicker
90.9324,-384562,flicker
90.9358,-465630,flicker
90.9396,48769,flicker
90.9443,738476,flicker
90.9484,972203,flicker
90.9525,-290319,flicker
90.9563,-457311,flicker
90.9609,58496,flicker
90.9646,707657,flicker
90.9683,972280,flicker
90.9694,-,flicker
90.9727,208314,flicker
90.9740,-,flicker
90.9780,500592,flicker
90.9800,3433,flicker
90.9806,9,flicker
90.9823,663087,flicker
90.9848,866391,flicker
90.9892,-131221,flicker
90.9940,-563148,flicker
90.9970,11427,flicker
91.0011,624798,flicker
91.0053,982098,flicker
91.0099,-11783,flicker
91.0147,-565911,flicker
91.0175,983,flicker
91.0216,586649,flicker
91.0275,909777,flicker
91.0301,61054,flicker
91.0340,-605411,flicker
91.0380,-22025,flicker
91.0436,549469,flicker
91.0471,831623,flicker
91.0506,115008,flicker
91.0543,-621046,flicker
91.0593,-14678,flicker
91.0629,523617,flicker
91.0668,939887,flicker
91.0708,245713,flicker
91.0751,63,flicker
91.0792,-21213,flicker
91.0846,488633,flicker
91.0874,923431,flicker
91.0915,4,flicker
91.0958,-684983,flicker
91.0979,-,flicker
91.1003,31944,flicker
91.1043,455820,flicker
91.1055,90,flicker
91.1085,99416,flicker
91.1119,4,flicker
91.1135,-752421,flicker
91.1170,-56578,flicker
91.1199,424039,flicker
91.1245,391,flicker
91.1287,502501,flicker
91.1324,-795301,flicker
91.1367,-82127,flicker
91.1404,384861,flicker
91.1454,936444,flicker
91.1486,587880,flicker
91.1527,-828781,flicker
91.1569,-82125,flicker
91.1622,360306,flicker
91.1650,913966,flicker
91.1692,648713,flicker
91.1732,-873134,flicker
91.1787,-113669,flicker
91.1813,333208,flicker
91.1854,968358,flicker
91.1897,765599,flicker
91.1945,-885123,flicker
91.1978,-96138,flicker
91.2019,320815,flicker
91.2062,967887,flicker
91.2106,816454,flicker
91.2141,-894429,flicker
91.2182,-142199,flicker
91.2228,283490,flicker
91.2279,971805,flicker
91.2305,896256,flicker
91.2318,-87,flicker
91.2347,7641,flicker
91.2363,-10975,flicker
91.2390,4,flicker
91.2394,265478,flicker
91.2428,935221,flicker
91.2470,874248,flicker
91.2510,-876246,flicker
91.2552,-165815,flicker
91.2599,225383,flicker
91.2635,929015,flicker
91.2673,907989,flicker
91.2715,-833092,flicker
91.2761,-147037,flicker
91.2803,214508,flicker
91.2837,978387,flicker
91.2879,976827,flicker
91.2936,76,flicker
91.2999,-172283,flicker
91.3005,190457,flicker
91.3045,956104,flicker
91.3101,578,flicker
91.3151,-759695,flicker
91.3171,-198100,flicker
91.3207,159326,flicker
91.3247,25870,flicker
91.3294,941301,flicker
91.3332,-710405,flicker
91.3374,-203043,flicker
91.3427,140,flicker
91.3455,943600,flicker
91.3551,1007110,flicker
91.3555,-635400,flicker
91.3572,-,flicker
91.3576,236914,flicker
91.3587,13,flicker
91.3625,3581,flicker
91.3641,90732,flicker
91.3656,7,flicker
91.3673,912840,flicker
91.3697,-589725,flicker
91.3758,-322,flicker
91.3799,112000,flicker
91.3825,887646,flicker
91.3862,943398,flicker
91.3912,-503822,flicker
91.3968,38,flicker
91.4000,121442,flicker
91.4042,863116,flicker
91.4075,935555,flicker
91.4109,41880,flicker
91.4157,-427382,flicker
91.4199,94396,flicker
91.4244,813700,flicker
91.4290,1080335,flicker
91.4314,-286433,flicker
91.4353,-401329,flicker
91.4395,91496,flicker
91.4439,755947,flicker
91.4476,888161,flicker
91.4517,-268239,flicker
91.4563,-466491,flicker
91.4607,64713,flicker
91.4640,716222,flicker
91.4680,863749,flicker
91.4726,-172949,flicker
91.4789,-474825,flicker
91.4803,69512,flicker
91.4844,694225,flicker
91.4860,9,flicker
91.4891,14651,flicker
91.4913,-64564,flicker
91.4946,-538705,flicker
91.4967,37666,flicker
91.5008,654057,flicker
91.5050,860609,flicker
91.5109,12578,flicker
91.5136,-551504,flicker
91.5172,39669,flicker
91.5213,622785,flicker
91.5270,274,flicker
91.5338,124830,flicker
91.5341,-572820,flicker
91.5379,23293,flicker
91.5418,88778,flicker
91.5463,911157,flicker
91.5515,197678,flicker
91.5544,-568897,flicker
91.5582,770,flicker
91.5629,560254,flicker
91.5683,986430,flicker
91.5728,308688,flicker
91.5750,-631,flicker
91.5789,5856,flicker
91.5830,512849,flicker
91.5875,908256,flicker
91.5946,369019,flicker
91.5952,-657757,flicker
91.5998,6174,flicker
91.6032,492497,flicker
91.6078,004559,flicker
91.6117,491791,flicker
91.6130,-7,flicker
91.6172,08727,flicker
91.6197,-25497,flicker
91.6207,429123,flicker
91.6240,893898,flicker
91.6302,531006,flicker
91.6319,-802526,flicker
91.6360,-66034,flicker
91.6401,389502,flicker
91.6458,1033322,flicker
91.6483,677054,flicker
91.6523,-805556,flicker
91.6567,-71206,flicker
91.6615,355267,flicker
91.6646,858102,flicker
91.6687,638754,flicker
91.6729,-914908,flicker
91.6783,-108972,flicker
91.6813,332588,flicker
91.6851,976857,flicker
91.6894,798436,flicker
91.6953,-876163,flicker
91.6974,-73655,flicker
91.7015,312902,flicker
91.7058,908797,flicker
91.7109,773275,flicker
91.7138,-912109,flicker
91.7179,-120727,flicker
91.7223,286703,flicker
91.7269,937117,flicker
91.7302,864568,flicker
91.7312,-,flicker
91.7343,870914,flicker
91.7359,-,flicker
91.7384,122755,flicker
91.7404,2,flicker
91.7428,68486,flicker
91.7448,9605,flicker
91.7466,67,flicker
91.7479,914983,flicker
91.7507,-833701,flicker
91.7548,-110487,flicker
91.7598,253007,flicker
91.7629,940307,flicker
91.7671,887386,flicker
91.7712,-815309,flicker
91.7756,14526,flicker
91.7798,229487,flicker
91.7845,957063,flicker
91.7901,926897,flicker
91.7921,-766526,flicker
91.7971,1471,flicker
91.8015,212588,flicker
91.8068,979801,flicker
91.8105,1007484,flicker
91.8122,-708868,flicker
91.8168,-161135,flicker
91.8204,180420,flicker
91.8247,550,flicker
91.8288,983134,flicker
91.8338,-668145,flicker
91.8367,-188664,flicker
91.8426,254,flicker
91.8451,940677,flicker
91.8492,936053,flicker
91.8550,-616908,flicker
91.8574,-209498,flicker
91.8627,155596,flicker
91.8654,930368,flicker
91.8694,945825,flicker
91.8706,-546,flicker
91.8737,089,flicker
91.8750,-255026,flicker
91.8789,139631,flicker
91.8818,897676,flicker
91.8858,978531,flicker
91.8899,-473133,flicker
91.8950,-359149,flicker
91.8981,110409,flicker
91.9022,852382,flicker
91.9063,878917,flicker
91.9107,-412180,flicker
91.9145,-344068,flicker
91.9186,118935,flicker
91.9228,806417,flicker
91.9275,1016759,flicker
91.9321,-284844,flicker
91.9350,-412572,flicker
91.9397,91987,flicker
91.9444,765537,flicker
91.9477,919850,flicker
91.9514,-236352,flicker
91.9560,-449127,flicker
91.9602,73704,flicker
91.9648,713948,flicker
91.9677,944414,flicker
91.9719,-141496,flicker
91.9782,499921,flicker
91.9802,49380,flicker
91.9841,670279,flicker
91.9883,841853,flicker
91.9894,-,flicker
91.9923,5804,flicker
91.9979,585658,flicker
91.9991,1599,flicker
92.0006,5,flicker
92.0022,634245,flicker
92.0047,905097,flicker
92.0097,46093,flicker
92.0130,-553264,flicker
92.0168,28915,flicker
92.0211,605895,flicker
92.0254,9,flicker
92.0305,119491,flicker
92.0365,-596516,flicker
92.0378,10659,flicker
92.0440,65,flicker
92.0458,925809,flicker
92.0501,216348,flicker
92.0554,-606151,flicker
92.0580,5620,flicker
92.0634,533012,flicker
92.0660,960722,flicker
92.0701,312178,flicker
92.0745,6,flicker
92.0798,-474,flicker
92.0835,495806,flicker
92.0886,1102843,flicker
92.0913,459087,flicker
92.0964,682847,flicker
92.0988,-31675,flicker
92.1030,419802,flicker
92.1072,724836,flicker
92.1119,366036,flicker
92.1153,-804159,flicker
92.1169,-,flicker
92.1194,66039,flicker
92.1236,396127,flicker
92.1255,93,flicker
92.1277,5013,flicker
92.1296,56055,flicker
92.1316,7,flicker
92.1317,-798088,flicker
92.1358,-59375,flicker
92.1399,372637,flicker
92.1458,923345,flicker
92.1480,631261,flicker
92.1521,-859683,flicker
92.1563,-90524,flicker
92.1607,331925,flicker
92.1644,920965,flicker
92.1684,687994,flicker
92.1727,-910706,flicker
92.1776,-104451,flicker
92.1808,305145,flicker
92.1848,935204,flicker
92.1897,761787,flicker
92.1939,-921998,flicker
92.1979,-131084,flicker
92.2012,270565,flicker
92.2062,874825,flicker
92.2105,772776,flicker
92.2135,-933267,flicker
92.2176,-160095,flicker
92.2217,248565,flicker
92.2267,902257,flicker
92.2298,842277,flicker
92.2341,-890885,flicker
92.2381,-157156,flicker
92.2447,242126,flicker
92.2463,909344,flicker
92.2503,876841,flicker
92.2518,-85,flicker
92.2545,8259,flicker
92.2562,-15898,flicker
92.2591,1,flicker
92.2599,218266,flicker
92.2641,958627,flicker
92.2667,935596,flicker
92.2708,-810678,flicker
92.2759,-161650,flicker
92.2804,200059,flicker
92.2834,924702,flicker
92.2873,931595,flicker
92.2915,78084,flicker
92.2967,-190238,flicker
92.2997,173058,flicker
92.3037,937793,flicker
92.3080,940629,flicker
92.3121,-732016,flicker
92.3160,-171824,flicker
92.3217,166927,flicker
92.3243,929505,flicker
92.3287,985299,flicker
92.3325,-671264,flicker
92.3364,-213749,flicker
92.3405,145181,flicker
92.3458,915673,flicker
92.3487,940204,flicker
92.3528,-621061,flicker
92.3570,-277421,flicker
92.3623,123329,flicker
92.3650,892557,flicker
92.3691,975051,flicker
92.3705,-,flicker
92.3733,541038,flicker
92.3743,-,flicker
92.3780,302336,flicker
92.3803,10,flicker
92.3814,3559,flicker
92.3827,85248,flicker
92.3855,7,flicker
92.3856,933864,flicker
92.3898,-476243,flicker
92.3946,-404848,flicker
92.3979,81465,flicker
92.4019,802005,flicker
92.4061,932195,flicker
92.4106,-386295,flicker
92.4142,-406828,flicker
92.4183,77018,flicker
92.4227,760824,flicker
92.4274,1054685,flicker
92.4317,-269390,flicker
92.4347,-470343,flicker
92.4393,44519,flicker
92.4437,706223,flicker
92.4470,905406,flicker
92.4511,-239805,flicker
92.4552,-567330,flicker
92.4598,4110,flicker
92.4637,652956,flicker
92.4690,855776,flicker
92.4716,-154088,flicker
92.4765,-562662,flicker
92.4802,10982,flicker
92.4843,624554,flicker
92.4879,943714,flicker
92.4930,-42879,flicker
92.4977,-589395,flicker
92.4994,-,flicker
92.5002,4373,flicker
92.5043,584833,flicker
92.5054,9,flicker
92.5086,19,flicker
92.5103,775,flicker
92.5151,-604454,flicker
92.5166,-18972,flicker
92.5207,542853,flicker
92.5263,2647,flicker
92.5296,124434,flicker
92.5349,-644274,flicker
92.5380,-48017,flicker
92.5415,487957,flicker
92.5461,960678,flicker
92.5495,210672,flicker
92.5534,-699931,flicker
92.5579,88,flicker
92.5624,439267,flicker
92.5659,896071,flicker
92.5701,278661,flicker
92.5761,-7362,flicker
92.5784,-84138,flicker
92.5822,402182,flicker
92.5862,1000284,flicker
92.5904,406771,flicker
92.5955,-774992,flicker
92.5986,-103779,flicker
92.6026,361345,flicker
92.6068,917659,flicker
92.6114,471909,flicker
92.6164,-838355,flicker
92.6190,-131755,flicker
92.6231,311063,flicker
92.6281,818506,flicker
92.6318,485752,flicker
92.6330,-9,flicker
92.6354,05437,flicker
92.6368,-1422,flicker
92.6397,33,flicker
92.6413,292895,flicker
92.6442,923869,flicker
92.6479,627887,flicker
92.6518,-928211,flicker
92.6564,-151874,flicker
92.6605,260329,flicker
92.6650,890329,flicker
92.6681,667140,flicker
92.6730,-978089,flicker
92.6771,-196063,flicker
92.6809,229552,flicker
92.6845,861413,flicker
92.6892,737395,flicker
92.6938,-972254,flicker
92.6979,-151261,flicker
92.7009,227542,flicker
92.7051,836704,flicker
92.7097,749794,flicker
92.7148,-963755,flicker
92.7173,-206823,flicker
92.7214,201409,flicker
92.7260,912612,flicker
92.7296,871613,flicker
92.7337,-900231,flicker
92.7378,-172442,flicker
92.7430,948,flicker
92.7466,936782,flicker
92.7511,916904,flicker
92.7542,-878212,flicker
92.7558,-,flicker
92.7596,284,flicker
92.7631,156736,flicker
92.7656,852,flicker
92.7679,345,flicker
92.7693,811673,flicker
92.7706,-876143,flicker
92.7748,23094,flicker
92.7793,145606,flicker
92.7839,920129,flicker
92.7894,947205,flicker
92.7917,-789851,flicker
92.7960,-186338,flicker
92.8004,144199,flicker
92.8036,896897,flicker
92.8077,71,flicker
92.8119,-764985,flicker
92.8162,-246322,flicker
92.8204,113427,flicker
92.8238,895174,flicker
92.8286,938868,flicker
92.8326,-687137,flicker
92.8361,-211824,flicker
92.8403,126957,flicker
92.8459,900395,flicker
92.8483,968908,flicker
92.8524,-616920,flicker
92.8566,-268977,flicker
92.8610,97877,flicker
92.8647,859364,flicker
92.8688,951706,flicker
92.8732,-557032,flicker
92.8781,-392600,flicker
92.8811,67518,flicker
92.8852,820030,flicker
92.8898,883914,flicker
92.8902,-481,flicker
92.8940,477,flicker
92.8965,-420505,flicker
92.8975,59831,flicker
92.9016,786495,flicker
92.9060,839393,flicker
92.9106,-404628,flicker
92.9139,-446341,flicker
92.9179,64195,flicker
92.9223,748940,flicker
92.9266,942719,flicker
92.9305,-284932,flicker
92.9344,-461365,flicker
92.9386,56953,flicker
92.9432,708009,flicker
92.9472,863838,flicker
92.9507,-215051,flicker
92.9549,-524226,flicker
92.9597,35924,flicker
92.9634,666632,flicker
92.9671,892498,flicker
92.9713,-110949,flicker
92.9759,-537668,flicker
92.9796,32583,flicker
92.9835,647240,flicker
92.9876,879233,flicker
92.9924,-18669,flicker
92.9961,-564358,flicker
92.9998,15920,flicker
93.0040,607168,flicker
93.0101,1080,flicker
93.0134,45775,flicker
93.0149,-,flicker
93.0175,584071,flicker
93.0193,1298,flicker
93.0203,0,flicker
93.0216,580133,flicker
93.0259,807,flicker
93.0291,159150,flicker
93.0331,-585397,flicker
93.0389,7670,flicker
93.0425,539469,flicker
93.0453,894960,flicker
93.0494,240592,flicker
93.0539,-637165,flicker
93.0581,-14,flicker
93.0628,496768,flicker
93.0671,884150,flicker
93.0706,322684,flicker
93.0736,-686523,flicker
93.0784,-27730,flicker
93.0818,468236,flicker
93.0859,1046953,flicker
93.0901,491682,flicker
93.0958,-712438,flicker
93.0982,-32913,flicker
93.1023,415430,flicker
93.1065,837612,flicker
93.1110,458129,flicker
93.1146,-816608,flicker
93.1186,-73863,flicker
93.1230,378567,flicker
93.1274,889520,flicker
93.1310,581997,flicker
93.1351,-824378,flicker
93.1361,-,flicker
93.1395,56245,flicker
93.1439,359588,flicker
93.1455,931,flicker
93.1473,983,flicker
93.1486,66330,flicker
93.1514,2,flicker
93.1515,-892679,flicker
93.1559,-88954,flicker
93.1607,320381,flicker
93.1645,891683,flicker
93.1682,707458,flicker
93.1723,-932449,flicker
93.1771,-118317,flicker
93.1811,290307,flicker
93.1843,909642,flicker
93.1884,780854,flicker
93.1928,-921402,flicker
93.1970,-113775,flicker
93.2009,276066,flicker
93.2047,909170,flicker
93.2095,807658,flicker
93.2129,-913566,flicker
93.2170,-134382,flicker
93.2211,250201,flicker
93.2258,908265,flicker
93.2306,848770,flicker
93.2334,-877931,flicker
93.2375,-162933,flicker
93.2418,31,flicker
93.2461,953640,flicker
93.2516,913463,flicker
93.2541,-831575,flicker
93.2587,1039,flicker
93.2636,213305,flicker
93.2662,955868,flicker
93.2730,954363,flicker
93.2746,-797376,flicker
93.2772,-1821,flicker
93.2836,927707,flicker
93.2868,874628,flicker
93.2922,-779798,flicker
93.2950,-201843,flicker
93.2995,169513,flicker
93.3030,928017,flicker
93.3073,923864,flicker
93.3126,-709594,flicker
93.3153,-188662,flicker
93.3194,171094,flicker
93.3235,943303,flicker
93.3283,979131,flicker
93.3326,-631718,flicker
93.3358,-228582,flicker
93.3400,147120,flicker
93.3446,937783,flicker
93.3480,937901,flicker
93.3523,-582713,flicker
93.3564,-241683,flicker
93.3610,141306,flicker
93.3650,910244,flicker
93.3685,937183,flicker
93.3728,-510613,flicker
93.3783,-339134,flicker
93.3808,113125,flicker
93.3849,865885,flicker
93.3896,924621,flicker
93.3906,-,flicker
93.3936,425090,flicker
93.3955,-,flicker
93.3972,384099,flicker
93.3985,99,flicker
93.4012,434,flicker
93.4022,8179,flicker
93.4055,14,flicker
93.4068,991862,flicker
93.4104,-325633,flicker
93.4139,-410256,flicker
93.4176,83562,flicker
93.4224,768317,flicker
93.4267,963141,flicker
93.4305,-241043,flicker
93.4341,-493864,flicker
93.4381,59596,flicker
93.4433,711952,flicker
93.4472,786157,flicker
93.4504,-198460,flicker
93.4546,-514462,flicker
93.4597,52822,flicker
93.4632,695497,flicker
93.4668,948292,flicker
93.4710,-50509,flicker
93.4753,579,flicker
93.4800,35223,flicker
93.4869,659363,flicker
93.4878,854938,flicker
93.4917,136,flicker
93.4964,-533702,flicker
93.4996,49387,flicker
93.5050,636253,flicker
93.5081,937800,flicker
93.5137,366,flicker
93.5173,-544952,flicker
93.5201,42213,flicker
93.5243,596808,flicker
93.5260,9,flicker
93.5284,26,flicker
93.5303,960,flicker
93.5326,14,flicker
93.5344,-609024,flicker
93.5364,8076,flicker
93.5410,581,flicker
93.5455,922856,flicker
93.5504,276309,flicker
93.5544,-625589,flicker
93.5570,3807,flicker
93.5615,513617,flicker
93.5654,952495,flicker
93.5692,362230,flicker
93.5734,-683821,flicker
93.5787,-21064,flicker
93.5815,473239,flicker
93.5856,1000441,flicker
93.5898,486832,flicker
93.5944,-717160,flicker
93.5979,-38385,flicker
93.6020,423845,flicker
93.6062,944280,flicker
93.6107,531552,flicker
93.6143,-787882,flicker
93.6183,-69603,flicker
93.6227,372311,flicker
93.6271,863806,flicker
93.6307,566404,flicker
93.6348,-857803,flicker
93.6398,-103372,flicker
93.6435,343657,flicker
93.6482,1032193,flicker
93.6512,745246,flicker
93.6524,-,flicker
93.6557,860398,flicker
93.6570,-7403,flicker
93.6601,3,flicker
93.6626,314715,flicker
93.6635,875546,flicker
93.6675,685067,flicker
93.6718,-953915,flicker
93.6764,-140501,flicker
93.6803,273993,flicker
93.6839,866605,flicker
93.6881,759904,flicker
93.6923,-935710,flicker
93.6978,-133717,flicker
93.7003,253639,flicker
93.7044,899122,flicker
93.7110,0,flicker
93.7135,-925058,flicker
93.7168,-163891,flicker
93.7208,229864,flicker
93.7268,971,flicker
93.7333,824351,flicker
93.7338,-898126,flicker
93.7373,-171267,flicker
93.7430,04,flicker
93.7474,976158,flicker
93.7509,954320,flicker
93.7536,-835641,flicker
93.7580,-6,flicker
93.7630,189661,flicker
93.7681,952000,flicker
93.7716,922478,flicker
93.7742,-821755,flicker
93.7757,-,flicker
93.7794,215879,flicker
93.7824,154593,flicker
93.7840,923,flicker
93.7863,690,flicker
93.7876,940246,flicker
93.7909,-77,flicker
93.7950,-226784,flicker
93.7990,128617,flicker
93.8029,901957,flicker
93.8073,880743,flicker
93.8111,-732575,flicker
93.8162,-198179,flicker
93.8194,130624,flicker
93.8236,914735,flicker
93.8282,889978,flicker
93.8314,-674443,flicker
93.8355,-265040,flicker
93.8397,115956,flicker
93.8448,904590,flicker
93.8477,925853,flicker
93.8518,-594721,flicker
93.8563,-282532,flicker
93.8605,106158,flicker
93.8645,878394,flicker
93.8683,926121,flicker
93.8729,-515786,flicker
93.8780,-367505,flicker
93.8808,82330,flicker
93.8846,832734,flicker
93.8894,960603,flicker
93.8933,-426522,flicker
93.8973,-440847,flicker
93.9016,54224,flicker
93.9052,773373,flicker
93.9112,942363,flicker
93.9126,-34,flicker
93.9133,5216,flicker
93.9145,-46032,flicker
93.9173,6,flicker
93.9174,53963,flicker
93.9215,738290,flicker
93.9266,922197,flicker
93.9312,-257777,flicker
93.9338,-499038,flicker
93.9379,45902,flicker
93.9428,698920,flicker
93.9466,900344,flicker
93.9502,-173204,flicker
93.9543,-536657,flicker
93.9598,3122,flicker
93.9652,651511,flicker
93.9677,935217,flicker
93.9716,-81502,flicker
93.9749,5764,flicker
93.9802,2564,flicker
93.9838,613883,flicker
93.9889,790294,flicker
93.9914,-25735,flicker
93.9953,630052,flicker
94.0005,-15430,flicker
94.0034,578387,flicker
94.0098,9629,flicker
94.0122,95951,flicker
94.0162,-593045,flicker
94.0202,6419,flicker
94.0247,557819,flicker
94.0283,1367,flicker
94.0341,176914,flicker
94.0365,-,flicker
94.0392,642828,flicker
94.0412,-28525,flicker
94.0423,51140,flicker
94.0455,4,flicker
94.0476,974588,flicker
94.0488,299442,flicker
94.0540,-644914,flicker
94.0567,-24126,flicker
94.0611,478030,flicker
94.0649,982891,flicker
94.0689,381985,flicker
94.0731,-741325,flicker
94.0781,-83230,flicker
94.0812,411817,flicker
94.0853,875486,flicker
94.0895,420359,flicker
94.0952,-807401,flicker
94.0976,-117400,flicker
94.1017,376040,flicker
94.1061,937399,flicker
94.1121,541049,flicker
94.1140,-813801,flicker
94.1181,-85803,flicker
94.1229,350778,flicker
94.1274,969522,flicker
94.1303,637855,flicker
94.1345,-860691,flicker
94.1391,-122624,flicker
94.1446,310916,flicker
94.1474,849778,flicker
94.1508,619240,flicker
94.1550,-943794,flicker
94.1566,-,flicker
94.1599,136156,flicker
94.1639,292003,flicker
94.1656,91,flicker
94.1673,9939,flicker
94.1685,7307,flicker
94.1713,11,flicker
94.1730,-931981,flicker
94.1769,-112695,flicker
94.1813,279878,flicker
94.1837,925616,flicker
94.1878,780954,flicker
94.1931,-946062,flicker
94.1966,-158987,flicker
94.2000,235472,flicker
94.2041,910302,flicker
94.2085,338,flicker
94.2134,-924583,flicker
94.2167,-165730,flicker
94.2235,208668,flicker
94.2248,925043,flicker
94.2297,862989,rest
94.2335,-903754,rest
94.2375,-205097,rest
94.2414,813,rest
94.2458,881865,rest
94.2497,863937,rest
94.2533,-874118,rest
94.2578,-2335,rest
94.2619,161415,rest
94.2665,938603,rest
94.2696,967330,rest
94.2739,-810422,rest
94.2786,-237069,rest
94.2819,134982,rest
94.2860,900026,rest
94.2903,912670,rest
94.2920,-7,rest
94.2962,82075,rest
94.2977,-2508,rest
94.2983,27,rest
94.3000,121110,rest
94.3025,912821,rest
94.3065,931979,rest
94.3111,-716130,rest
94.3147,-277036,rest
94.3188,109741,rest
94.3230,889392,rest
94.3277,887698,rest
94.3311,-667728,rest
94.3352,-290092,rest
94.3398,106402,rest
94.3436,896090,rest
94.3476,940320,rest
94.3515,-580233,rest
94.3560,-338338,rest
94.3599,407,rest
94.3640,851541,rest
94.3680,872062,rest
94.3735,-517195,rest
94.3762,-406592,rest
94.3805,72141,rest
94.3844,819214,rest
94.3886,1032617,rest
94.3933,-378772,rest
94.3966,-450144,rest
94.4007,57137,rest
94.4048,763063,rest
94.4101,921401,rest
94.4114,-,rest
94.4130,323929,rest
94.4145,-,rest
94.4171,503598,rest
94.4183,36,rest
94.4212,573,rest
94.4228,7127,rest
94.4262,78,rest
94.4281,878295,rest
94.4295,-241743,rest
94.4335,-531841,rest
94.4379,31352,rest
94.4424,84,rest
94.4464,982471,rest
94.4511,-115312,rest
94.4541,-551453,rest
94.4589,15391,rest
94.4621,636746,rest
94.4662,922246,rest
94.4704,-54645,rest
94.4758,64,rest
94.4803,-18543,rest
94.4829,583876,rest
94.4867,904518,rest
94.4926,1,rest
94.4960,-598692,rest
94.4997,-22670,rest
94.5032,553135,rest
94.5087,02,rest
94.5125,140061,rest
94.5161,-689331,rest
94.5195,-66949,rest
94.5236,501966,rest
94.5288,911334,rest
94.5317,206410,rest
94.5358,-691005,rest
94.5369,-,rest
94.5400,57813,rest
94.5461,478154,rest
94.5474,9,rest
94.5481,86088,rest
94.5497,3386,rest
94.5523,51,rest
94.5535,-725431,rest
94.5564,-77976,rest
94.5616,433602,rest
94.5646,862003,rest
94.5686,364249,rest
94.5729,-747824,rest
94.5781,-66103,rest
94.5809,403230,rest
94.5850,1016567,rest
94.5894,526074,rest
94.5937,-794435,rest
94.5973,-92558,rest
94.6014,350617,rest
94.6059,919849,rest
94.6104,542251,rest
94.6137,-863680,rest
94.6178,-125708,rest
94.6224,312461,rest
94.6265,937484,rest
94.6305,632672,rest
94.6341,-911334,rest
94.6385,-144356,rest
94.6433,277522,rest
94.6469,903960,rest
94.6505,669232,rest
94.6548,-970253,rest
94.6600,-163374,rest
94.6634,239880,rest
94.6669,882992,rest
94.6710,730864,rest
94.6718,-9,rest
94.6766,259817,rest
94.6798,59,rest
94.6818,221202,rest
94.6849,870398,rest
94.6874,749360,rest
94.6928,972,rest
94.6991,-176337,rest
94.6997,205466,rest
94.7038,890044,rest
94.7082,234,rest
94.7141,-938378,rest
94.7187,-217664,rest
94.7203,172617,rest
94.7249,9019,rest
94.7305,879973,rest
94.7335,-898511,rest
94.7393,-204852,rest
94.7414,155918,rest
94.7467,088,rest
94.7544,893605,rest
94.7553,-868011,rest
94.7571,-215632,rest
94.7618,127843,rest
94.7653,884036,rest
94.7693,879634,rest
94.7736,-835353,rest
94.7791,-229193,rest
94.7816,116521,rest
94.7857,898625,rest
94.7899,957178,rest
94.7946,-761993,rest
94.7961,-,rest
94.7980,234923,rest
94.7993,9,rest
94.8021,8397,rest
94.8039,860,rest
94.8064,185,rest
94.8080,817523,rest
94.8116,-750321,rest
94.8144,-328835,rest
94.8184,71227,rest
94.8228,867676,rest
94.8283,956309,rest
94.8308,-648837,rest
94.8348,-293400,rest
94.8391,67245,rest
94.8447,43145,rest
94.8503,875704,rest
94.8525,-596327,rest
94.8560,-391542,rest
94.8610,93,rest
94.8651,806514,rest
94.8680,787675,rest
94.8718,-526343,rest
94.8771,-442536,rest
94.8805,48099,rest
94.8840,777630,rest
94.8881,996984,rest
94.8933,-360469,rest
94.8968,-451128,rest
94.9003,46966,rest
94.9044,735150,rest
94.9092,948880,rest
94.9138,-296892,rest
94.9168,-477762,rest
94.9209,40138,rest
94.9254,684551,rest
94.9291,824634,rest
94.9301,-237,rest
94.9332,028,rest
94.9346,-58487,rest
94.9372,7,rest
94.9374,-3685,rest
94.9423,645018,rest
94.9459,889219,rest
94.9495,-133142,rest
94.9537,-568856,rest
94.9578,339,rest
94.9622,621578,rest
94.9676,897277,rest
94.9702,-22714,rest
94.9743,-616042,rest
94.9798,243,rest
94.9844,571136,rest
94.9865,835366,rest
94.9905,43984,rest
94.9951,-607934,rest
94.9987,-14688,rest
95.0027,550868,rest
95.0081,931481,rest
95.0117,181478,rest
95.0157,-638762,rest
95.0191,-35910,rest
95.0234,507076,rest
95.0274,861708,rest
95.0321,232541,rest
95.0356,-689754,rest
95.0398,-40067,rest
95.0447,474680,rest
95.0478,912293,rest
95.0519,339885,rest
95.0532,-,rest
95.0561,702128,rest
95.0572,-413,rest
95.0610,64,rest
95.0627,440366,rest
95.0643,876282,rest
95.0683,398140,rest
95.0727,-800821,rest
95.0781,-102220,rest
95.0806,393838,rest
95.0847,923924,rest
95.0892,528881,rest
95.0945,79932,rest
95.0978,-68628,rest
95.1026,376636,rest
95.1071,992179,rest
95.1109,645071,rest
95.1135,-841488,rest
95.1181,-80935,rest
95.1230,335302,rest
95.1260,891038,rest
95.1299,603,rest
95.1346,-919756,rest
95.1410,-122607,rest
95.1432,297844,rest
95.1465,915272,rest
95.1510,716494,rest
95.1543,-944865,rest
95.1596,10246,rest
95.1639,273077,rest
95.1672,817325,rest
95.1707,694093,rest
95.1751,953,rest
95.1801,155999,rest
95.1831,255104,rest
95.1847,961,rest
95.1870,345,rest
95.1885,86720,rest
95.1932,-930,rest
95.1959,-110493,rest
95.1995,238496,rest
95.2060,929551,rest
95.2076,823913,rest
95.2132,-918383,rest
95.2158,-190397,rest
95.2198,192651,rest
95.2244,919,rest
95.2288,903366,rest
95.2339,-851941,rest
95.2367,-152949,rest
95.2413,194370,rest
95.2450,941590,rest
95.2488,949958,rest
95.2532,-814211,rest
95.2569,-185546,rest
95.2621,161697,rest
95.2650,899782,rest
95.2690,840926,rest
95.2731,-804544,rest
95.2776,-243534,rest
95.2813,138372,rest
95.2854,934036,rest
95.2898,1078348,rest
95.2945,-675850,rest
95.2982,-141584,rest
95.3017,138693,rest
95.3063,901095,rest
95.3110,788489,rest
95.3128,-72,rest
95.3141,3889,rest
95.3156,-2900,rest
95.3181,42,rest
95.3182,96596,rest
95.3228,874150,rest
95.3272,902995,rest
95.3314,-610888,rest
95.3346,-305107,rest
95.3387,98681,rest
95.3433,861525,rest
95.3481,909331,rest
95.3510,-533455,rest
95.3553,-351457,rest
95.3596,85382,rest
95.3633,817364,rest
95.3673,829949,rest
95.3716,-460099,rest
95.3761,-449732,rest
95.3796,64267,rest
95.3837,780519,rest
95.3878,982610,rest
95.3927,-316975,rest
95.3963,-426270,rest
95.4001,68437,rest
95.4041,730268,rest
95.4085,9,rest
95.4125,2800,rest
95.4174,-509806,rest
95.4205,36974,rest
95.4260,688927,rest
95.4301,933772,rest
95.4315,-,rest
95.4329,154689,rest
95.4344,-,rest
95.4374,553746,rest
95.4392,25,rest
95.4411,134,rest
95.4423,65243,rest
95.4454,5,rest
95.4470,979492,rest
95.4493,-46883,rest
95.4533,-568956,rest
95.4637,599161,rest
95.4665,796644,rest
95.4699,-23911,rest
95.4762,-640152,rest
95.4779,-21891,rest
95.4820,562562,rest
95.4861,913112,rest
95.4905,121104,rest
95.4955,-603561,rest
95.4984,-7951,rest
95.5025,540342,rest
95.5066,1011605,rest
95.5111,232973,rest
95.5148,-646170,rest
95.5188,-40006,rest
95.5231,480879,rest
95.5283,816148,rest
95.5312,239511,rest
95.5353,-729514,rest
95.5397,-59959,rest
95.5438,446098,rest
95.5475,859595,rest
95.5516,339611,rest
95.5565,-727817,rest
95.5575,-,rest
95.5610,42572,rest
95.5639,434229,rest
95.5650,9,rest
95.5680,17525,rest
95.5695,4529,rest
95.5721,33,rest
95.5732,-793832,rest
95.5769,-78334,rest
95.5803,378137,rest
95.5844,940230,rest
95.5886,548918,rest
95.5933,-831236,rest
95.5974,-91156,rest
95.6008,345558,rest
95.6048,921834,rest
95.6105,073,rest
95.6135,-881882,rest
95.6192,-115036,rest
95.6213,318441,rest
95.6260,941091,rest
95.6298,702480,rest
95.6335,-921190,rest
95.6376,-123638,rest
95.6421,277577,rest
95.6463,891614,rest
95.6499,711427,rest
95.6540,-978236,rest
95.6583,1621,rest
95.6634,247234,rest
95.6671,891917,rest
95.6722,788418,rest
95.6746,-962637,rest
95.6800,-160955,rest
95.6827,220959,rest
95.6868,854574,rest
95.6922,489-,rest
95.6956,2844,rest
95.6970,-193,rest
95.7002,730,rest
95.7015,200920,rest
95.7032,880677,rest
95.7090,8490,rest
95.7129,-910546,rest
95.7165,-178853,rest
95.7217,195104,rest
95.7237,939742,rest
95.7283,845857,rest
95.7319,-872407,rest
95.7360,-171293,rest
95.7402,177216,rest
95.7453,941402,rest
95.7483,948704,rest
95.7523,-797033,rest
95.7564,-147992,rest
95.7609,172413,rest
95.7651,930370,rest
95.7687,935580,rest
95.7732,-773851,rest
95.7774,-210542,rest
95.7810,130055,rest
95.7851,884396,rest
95.7893,901580,rest
95.7938,-722401,rest
95.7977,-237114,rest
95.8015,117075,rest
95.8057,894107,rest
95.8107,932047,rest
95.8138,-658638,rest
95.8148,-,rest
95.8179,261887,rest
95.8228,101476,rest
95.8240,873,rest
95.8272,594,rest
95.8286,963531,rest
95.8303,-579484,rest
95.8344,-351532,rest
95.8383,75966,rest
95.8434,822046,rest
95.8470,854046,rest
95.8506,-523810,rest
95.8547,-424949,rest
95.8589,89,rest
95.8639,787080,rest
95.8678,936231,rest
95.8742,-402949,rest
95.8761,-440235,rest
95.8806,51,rest
95.8850,748682,rest
95.8898,962384,rest
95.8916,-315744,rest
95.8967,-482529,rest
95.8997,30629,rest
95.9038,696786,rest
95.9100,941,rest
95.9139,-243162,rest
95.9166,-546425,rest
95.9210,7764,rest
95.9246,651067,rest
95.9289,898914,rest
95.9326,-151558,rest
95.9367,-580600,rest
95.9422,-1021,rest
95.9467,613329,rest
95.9490,834658,rest
95.9505,-6736,rest
95.9530,6,rest
95.9543,-616769,rest
95.9599,-18289,rest
95.9621,579957,rest
95.9653,837107,rest
95.9694,39241,rest
95.9736,-593072,rest
95.9780,-7149,rest
95.9819,550583,rest
95.9858,891833,rest
95.9899,140354,rest
95.9947,-659593,rest
95.9981,-41962,rest
96.0022,502206,rest
96.0065,892092,rest
96.0127,216016,rest
96.0145,-673333,rest
96.0185,-51075,rest
96.0228,467553,rest
96.0272,907843,rest
96.0309,321078,rest
96.0350,-741812,rest
96.0398,-68902,rest
96.0435,429662,rest
96.0477,795026,rest
96.0513,355062,rest
96.0560,-758683,rest
96.0599,-48297,rest
96.0636,412586,rest
96.0677,957521,rest
96.0722,525547,rest
96.0738,-,rest
96.0765,794917,rest
96.0783,-669,rest
96.0800,64,rest
96.0813,371885,rest
96.0841,925048,rest
96.0883,575634,rest
96.0930,-856715,rest
96.0966,-98442,rest
96.1005,333057,rest
96.1046,916903,rest
96.1099,442,rest
96.1147,-919247,rest
96.1175,-122076,rest
96.1210,288821,rest
96.1258,934171,rest
96.1292,719509,rest
96.1333,-948772,rest
96.1374,-138942,rest
96.1430,550,rest
96.1470,845547,rest
96.1512,724265,rest
96.1538,-991731,rest
96.1579,-174138,rest
96.1633,224893,rest
96.1660,868469,rest
96.1701,767067,rest
96.1754,9756,rest
96.1796,-144933,rest
96.1837,218133,rest
96.1875,928292,rest
96.1907,854278,rest
96.1959,-922730,rest
96.1976,-,rest
96.1988,183644,rest
96.2029,181853,rest
96.2042,85,rest
96.2071,9369,rest
96.2091,769,rest
96.2115,-914267,rest
96.2159,-157138,rest
96.2194,178719,rest
96.2234,956003,rest
96.2289,998405,rest
96.2316,-818755,rest
96.2357,-194443,rest
96.2398,142043,rest
96.2453,865275,rest
96.2479,795548,rest
96.2520,-842781,rest
96.2562,-243723,rest
96.2619,126295,rest
96.2643,906075,rest
96.2684,946145,rest
96.2730,-729056,rest
96.2774,-166700,rest
96.2807,138328,rest
96.2848,901579,rest
96.2893,823949,rest
96.2935,-698406,rest
96.2971,-246485,rest
96.3012,119038,rest
96.3059,888100,rest
96.3101,863912,rest
96.3135,-615995,rest
96.3176,-280211,rest
96.3217,117726,rest
96.3268,881471,rest
96.3306,865098,rest
96.3320,-53,rest
96.3339,1444,rest
96.3351,-31608,rest
96.3380,7,rest
96.3382,111951,rest
96.3422,49122,rest
96.3469,874843,rest
96.3515,-436878,rest
96.3545,-390168,rest
96.3588,32,rest
96.3657,799226,rest
96.3689,821140,rest
96.3708,-362920,rest
96.3769,4065,rest
96.3805,95715,rest
96.3848,769525,rest
96.3902,842399,rest
96.3924,-257684,rest
96.3970,4720,rest
96.4008,77550,rest
96.4037,732887,rest
96.4104,774526,rest
96.4118,-168967,rest
96.4165,-487178,rest
96.4199,85433,rest
96.4259,101,rest
96.4296,943958,rest
96.4334,-11017,rest
96.4364,-467012,rest
96.4407,97951,rest
96.4457,679168,rest
96.4486,873587,rest
96.4527,53603,rest
96.4539,-,rest
96.4569,566222,rest
96.4581,370,rest
96.4620,60,rest
96.4634,62940,rest
96.4650,9,rest
96.4651,894949,rest
96.4691,147666,rest
96.4732,-565088,rest
96.4785,36326,rest
96.4814,591079,rest
96.4856,812383,rest
96.4898,196601,rest
96.4951,-625119,rest
96.4978,16940,rest
96.5019,557848,rest
96.5063,864496,rest
96.5109,312902,rest
96.5143,-647036,rest
96.5183,23383,rest
96.5226,528772,rest
96.5267,958135,rest
96.5306,447436,rest
96.5346,-709067,rest
96.5391,-21001,rest
96.5438,483384,rest
96.5472,900322,rest
96.5511,501971,rest
96.5552,-710376,rest
96.5608,38778,rest
96.5634,474457,rest
96.5674,967707,rest
96.5715,604817,rest
96.5756,773976,rest
96.5779,-,rest
96.5809,27529,rest
96.5838,409928,rest
96.5848,90,rest
96.5879,1547,rest
96.5893,6196,rest
96.5920,6,rest
96.5940,-839175,rest
96.5976,-26999,rest
96.6048,393695,rest
96.6050,963607,rest
96.6086,3619,rest
96.6128,-878517,rest
96.6173,-80068,rest
96.6206,350327,rest
96.6261,924991,rest
96.6317,780,rest
96.6334,-895093,rest
96.6374,-66815,rest
96.6421,332811,rest
96.6455,16,rest
96.6506,856906,rest
96.6571,-885930,rest
96.6578,-93798,rest
96.6623,297735,rest
96.6657,937305,rest
96.6698,827399,rest
96.6766,-884451,rest
96.6781,-96661,rest
96.6821,282113,rest
96.6863,992018,rest
96.6905,906568,rest
96.6956,-830372,rest
96.6986,-45553,rest
96.7027,270466,rest
96.7070,952177,rest
96.7112,851230,rest
96.7143,-8,rest
96.7150,20314,rest
96.7167,-94512,rest
96.7207,236902,rest
96.7231,984832,rest
96.7276,911827,rest
96.7314,-768065,rest
96.7354,-85258,rest
96.7396,227825,rest
96.7439,986446,rest
96.7477,911321,rest
96.7518,-728133,rest
96.7562,-102283,rest
96.7601,187736,rest
96.7641,955659,rest
96.7682,887311,rest
96.7723,-682539,rest
96.7771,-163308,rest
96.7810,166846,rest
96.7846,956223,rest
96.7886,904035,rest
96.7929,-614292,rest
96.7975,-218072,rest
96.8009,148751,rest
96.8052,917016,rest
96.8096,904946,rest
96.8147,-531324,rest
96.8173,-343382,rest
96.8215,117935,rest
96.8261,876781,rest
96.8296,934879,rest
96.8307,-,rest
96.8337,429144,rest
96.8347,-,rest
96.8377,327543,rest
96.8394,1,rest
96.8420,276,rest
96.8434,21,rest
96.8488,4,rest
96.8502,812259,rest
96.8551,-382343,rest
96.8566,-390412,rest
96.8583,108124,rest
96.8628,792617,rest
96.8664,880418,rest
96.8707,-279786,rest
96.8748,417,rest
96.8833,85794,rest
96.8863,752376,rest
96.8900,901358,rest
96.8910,-193561,rest
96.8958,-478448,rest
96.8992,69866,rest
96.9033,695391,rest
96.9086,882,rest
96.9121,-122118,rest
96.9198,-550183,rest
96.9211,54350,rest
96.9252,662743,rest
96.9299,895059,rest
96.9323,17213,rest
96.9361,-529714,rest
96.9406,51194,rest
96.9446,642256,rest
96.9498,876934,rest
96.9524,91506,rest
96.9567,-582527,rest
96.9612,28534,rest
96.9647,595186,rest
96.9658,8,rest
96.9689,05544,rest
96.9707,1559,rest
96.9730,97,rest
96.9742,-638600,rest
96.9779,908,rest
96.9811,553897,rest
96.9853,928036,rest
96.9896,284534,rest
96.9939,-636163,rest
96.9975,16359,rest
97.0017,530396,rest
97.0060,821987,rest
97.0101,324763,rest
97.0139,-718039,rest
97.0180,-19090,rest
97.0223,499086,rest
97.0266,1028615,rest
97.0307,504665,rest
97.0344,-702706,rest
97.0385,-10558,rest
97.0431,453534,rest
97.0466,904702,rest
97.0507,530734,rest
97.0553,-787838,rest
97.0592,397,rest
97.0663,421782,rest
97.0676,868917,rest
97.0739,590365,rest
97.0755,-841737,rest
97.0811,-53945,rest
97.0836,394947,rest
97.0876,1032484,rest
97.0938,50,rest
97.0978,849617,rest
97.0996,-3784,rest
97.0998,2,rest
97.1029,356826,rest
97.1040,858283,rest
97.1098,816,rest
97.1145,-923428,rest
97.1178,-82744,rest
97.1204,332884,rest
97.1265,962,rest
97.1286,824061,rest
97.1342,-904061,rest
97.1376,-67625,rest
97.1409,306667,rest
97.1460,924767,rest
97.1493,806536,rest
97.1531,-912997,rest
97.1580,107,rest
97.1618,264789,rest
97.1660,921908,rest
97.1699,842653,rest
97.1741,-891657,rest
97.1789,-122672,rest
97.1818,249176,rest
97.1858,959336,rest
97.1901,861999,rest
97.1951,-852751,rest
97.1982,-127920,rest
97.2023,229931,rest
97.2065,990023,rest
97.2117,934824,rest
97.2146,-803471,rest
97.2156,-,rest
97.2187,143585,rest
97.2231,195993,rest
97.2237,945,rest
97.2270,947,rest
97.2290,84406,rest
97.2310,9,rest
97.2311,-779587,rest
97.2352,-142575,rest
97.2397,179440,rest
97.2436,948728,rest
97.2483,886855,rest
97.2514,-716591,rest
97.2561,-177436,rest
97.2605,168274,rest
97.2648,935835,rest
97.2679,903830,rest
97.2726,-642447,rest
97.2766,-221853,rest
97.2804,160523,rest
97.2842,938893,rest
97.2883,984398,rest
97.2935,-540165,rest
97.2971,-273645,rest
97.3007,131654,rest
97.3047,892837,rest
97.3096,878463,rest
97.3143,-505830,rest
97.3170,-410066,rest
97.3211,97508,rest
97.3254,3992,rest
97.3311,829718,rest
97.3345,-413505,rest
97.3396,-369493,rest
97.3437,110517,rest
97.3460,816292,rest
97.3508,884900,rest
97.3526,-31,rest
97.3539,8386,rest
97.3562,-42497,rest
97.3585,09,rest
97.3627,769502,rest
97.3677,881579,rest
97.3704,-231344,rest
97.3759,4733,rest
97.3797,75863,rest
97.3835,740116,rest
97.3878,880113,rest
97.3908,-135855,rest
97.3971,-511839,rest
97.3989,68624,rest
97.4029,698816,rest
97.4073,788208,rest
97.4125,-60435,rest
97.4156,-542792,rest
97.4193,48492,rest
97.4235,669635,rest
97.4280,830534,rest
97.4316,52808,rest
97.4357,-572288,rest
97.4399,38020,rest
97.4446,633705,rest
97.4481,805229,rest
97.4522,137582,rest
97.4564,-570993,rest
97.4608,50288,rest
97.4644,603078,rest
97.4686,871835,rest
97.4728,253936,rest
97.4730,-,rest
97.4769,602454,rest
97.4784,395,rest
97.4808,12,rest
97.4823,58345,rest
97.4849,1,rest
97.4850,884650,rest
97.4893,343829,rest
97.4937,-637803,rest
97.4976,32749,rest
97.5013,547355,rest
97.5061,891485,rest
97.5106,422003,rest
97.5136,-682258,rest
97.5176,20194,rest
97.5218,508445,rest
97.5268,869915,rest
97.5310,494294,rest
97.5342,-739937,rest
97.5381,-498,rest
97.5430,460503,rest
97.5464,895761,rest
97.5505,587681,rest
97.5545,-780151,rest
97.5608,17,rest
97.5648,443675,rest
97.5673,896130,rest
97.5709,657035,rest
97.5753,873,rest
97.5808,-6781,rest
97.5832,419724,rest
97.5875,938201,rest
97.5917,41,rest
97.5963,-852027,rest
97.5988,-,rest
97.6021,4521,rest
97.6039,400951,rest
97.6055,94,rest
97.6098,05578,rest
97.6171,-875552,rest
97.6174,-29849,rest
97.6233,368923,rest
97.6253,944501,rest
97.6297,4252,rest
97.6352,-872903,rest
97.6405,-55800,rest
97.6432,335273,rest
97.6449,978387,rest
97.6500,867494,rest
97.6529,-846606,rest
97.6571,-68740,rest
97.6622,315567,rest
97.6652,999995,rest
97.6693,897250,rest
97.6735,-821245,rest
97.6777,-65027,rest
97.6818,291845,rest
97.6858,1000748,rest
97.6899,870526,rest
97.6942,-786226,rest
97.6980,-70193,rest
97.7020,275567,rest
97.7062,1043509,rest
97.7121,933562,rest
97.7145,-735444,rest
97.7183,-19856,rest
97.7228,269144,rest
97.7285,1021523,rest
97.7307,916924,rest
97.7320,-69,rest
97.7347,1122,rest
97.7360,-93925,rest
97.7392,222471,rest
97.7436,999798,rest
97.7470,923665,rest
97.7512,-652544,rest
97.7558,-147532,rest
97.7600,192000,rest
97.7634,975177,rest
97.7675,992999,rest
97.7720,-562708,rest
97.7766,222349,rest
97.7799,165336,rest
97.7840,930982,rest
97.7879,806150,rest
97.7933,-543833,rest
97.7965,-294691,rest
97.8003,149083,rest
97.8043,904123,rest
97.8102,82,rest
97.8151,-432443,rest
97.8189,-333691,rest
97.8208,133279,rest
97.8264,53,rest
97.8342,870402,rest
97.8350,-354522,rest
97.8372,-383828,rest
97.8428,1481,rest
97.8454,808072,rest
97.8517,887226,rest
97.8531,-,rest
97.8539,259782,rest
97.8553,-,rest
97.8580,481,rest
97.8593,8,rest
97.8618,02,rest
97.8646,7581,rest
97.8670,79,rest
97.8682,851834,rest
97.8699,-182291,rest
97.8751,-8,rest
97.8798,81535,rest
97.8844,725665,rest
97.8867,868320,rest
97.8910,-88329,rest
97.8955,-561495,rest
97.8990,48252,rest
97.9028,682187,rest
97.9068,812555,rest
97.9131,2485,rest
97.9150,-544489,rest
97.9190,59458,rest
97.9233,648546,rest
97.9286,893960,rest
97.9314,115877,rest
97.9355,-571575,rest
97.9396,41700,rest
97.9456,609535,rest
97.9478,820882,rest
97.9519,174779,rest
97.9564,-619265,rest
97.9608,14630,rest
97.9645,573087,rest
97.9683,935463,rest
97.9729,304299,rest
97.9779,-633650,rest
97.9805,16962,rest
97.9846,536845,rest
97.9858,8,rest
97.9890,55594,rest
97.9908,3467,rest
97.9930,27,rest
97.9952,-710592,rest
97.9969,-16258,rest
98.0009,495096,rest
98.0051,886734,rest
98.0099,448293,rest
98.0133,-758296,rest
98.0174,-38943,rest
98.0214,453435,rest
98.0257,6938,rest
98.0308,573812,rest
98.0347,-767934,rest
98.0380,-14744,rest
98.0426,428125,rest
98.0469,932725,rest
98.0505,633127,rest
98.0543,-840872,rest
98.0587,67,rest
98.0638,377213,rest
98.0676,861342,rest
98.0733,660665,rest
98.0751,-907116,rest
98.0790,69,rest
98.0862,358534,rest
98.0897,933525,rest
98.0921,767499,rest
98.0952,-902683,rest
98.1002,-71457,rest
98.1034,331933,rest
98.1078,02,rest
98.1130,773894,rest
98.1159,-917165,rest
98.1170,-1011,rest
98.1200,99,rest
98.1227,303070,rest
98.1240,952549,rest
98.1288,843956,rest
98.1321,-899746,rest
98.1361,-109013,rest
98.1408,275,rest
98.1448,938723,rest
98.1498,841400,rest
98.1530,-892657,rest
98.1567,-155522,rest
98.1620,244144,rest
98.1648,968823,rest
98.1689,882495,rest
98.1730,-854355,rest
98.1782,-135909,rest
98.1812,231050,rest
98.1853,975539,rest
98.1895,881340,rest
98.1947,-816613,rest
98.1977,-127951,rest
98.2017,217354,rest
98.2067,977884,rest
98.2105,886876,rest
98.2139,-767176,rest
98.2181,-128329,rest
98.2224,198621,rest
98.2269,972526,rest
98.2303,882276,rest
98.2345,-715688,rest
98.2361,-,rest
98.2387,121320,rest
98.2433,180794,rest
98.2449,946,rest
98.2468,283,rest
98.2480,903643,rest
98.2509,-649086,rest
98.2551,-207825,rest
98.2601,138195,rest
98.2636,929252,rest
98.2672,953072,rest
98.2713,-590746,rest
98.2771,089,rest
98.2807,102018,rest
98.2844,864123,rest
98.2877,751553,rest
98.2927,-546083,rest
98.2961,-410964,rest
98.2999,82243,rest
98.3041,833918,rest
98.3098,8732,rest
98.3125,-416237,rest
98.3167,-347129,rest
98.3231,106896,rest
98.3252,795615,rest
98.3301,838096,rest
98.3333,-347371,rest
98.3368,-473843,rest
98.3411,0,rest
98.3465,750820,rest
98.3508,906967,rest
98.3540,-246795,rest
98.3593,-485342,rest
98.3617,61557,rest
98.3658,709294,rest
98.3697,888634,rest
98.3710,-157,rest
98.3739,650,rest
98.3756,-564895,rest
98.3798,19344,rest
98.3819,651408,rest
98.3861,830757,rest
98.3903,-87894,rest
98.3948,-601594,rest
98.3984,8088,rest
98.4024,609271,rest
98.4066,835598,rest
98.4126,38437,rest
98.4147,-604774,rest
98.4186,5170,rest
98.4230,586523,rest
98.4274,852765,rest
98.4310,116012,rest
98.4352,-633609,rest
98.4397,-11653,rest
98.4443,553628,rest
98.4475,888623,rest
98.4516,226025,rest
98.4563,-666854,rest
98.4600,-25493,rest
98.4638,512767,rest
98.4680,874662,rest
98.4728,300443,rest
98.4773,-718127,rest
98.4802,-52105,rest
98.4842,466579,rest
98.4887,883247,rest
98.4938,88034,rest
98.4955,-,rest
98.4966,775270,rest
98.4986,-617,rest
98.5007,86,rest
98.5026,423417,rest
98.5049,880774,rest
98.5106,466620,rest
98.5131,-813274,rest
98.5171,-83968,rest
98.5211,383741,rest
98.5253,86681,rest
98.5296,547312,rest
98.5351,-862706,rest
98.5376,-82171,rest
98.5429,63935,rest
98.5481,887664,rest
98.5535,626197,rest
98.5559,-923239,rest
98.5580,-120844,rest
98.5641,328863,rest
98.5662,868579,rest
98.5705,688746,rest
98.5764,-8,rest
98.5805,-112756,rest
98.5840,311273,rest
98.5866,877368,rest
98.5917,7434,rest
98.5951,-959243,rest
98.6001,-136938,rest
98.6032,285104,rest
98.6076,889157,rest
98.6130,786710,rest
98.6154,-947236,rest
98.6172,-,rest
98.6194,140556,rest
98.6237,260065,rest
98.6259,94,rest
98.6286,01,rest
98.6296,83202,rest
98.6326,0,rest
98.6359,-908131,rest
98.6365,-124602,rest
98.6400,244608,rest
98.6458,961804,rest
98.6481,858815,rest
98.6522,-889785,rest
98.6566,-171453,rest
98.6609,204920,rest
98.6645,946490,rest
98.6686,873043,rest
98.6729,-851495,rest
98.6792,-184727,rest
98.6808,189854,rest
98.6850,965435,rest
98.6893,874602,rest
98.6959,-807670,rest
98.6973,-155381,rest
98.7014,174784,rest
98.7056,951565,rest
98.7103,860873,rest
98.7138,-765907,rest
98.7177,-205360,rest
98.7219,142464,rest
98.7288,956234,rest
98.7301,933497,rest
98.7342,-689786,rest
98.7382,-227631,rest
98.7431,123005,rest
98.7464,914167,rest
98.7506,908141,rest
98.7518,-64,rest
98.7548,1146,rest
98.7561,-31039,rest
98.7589,9439,rest
98.7659,877429,rest
98.7673,873403,rest
98.7734,-566097,rest
98.7751,-361348,rest
98.7796,74454,rest
98.7833,819308,rest
98.7875,793585,rest
98.7917,50337,rest
98.7962,-384565,rest
98.8015,70177,rest
98.8039,788365,rest
98.8100,596,rest
98.8138,-406948,rest
98.8171,-484844,rest
98.8203,39177,rest
98.8246,8,rest
98.8334,861505,rest
98.8340,-325719,rest
98.8366,-504777,rest
98.8410,26432,rest
98.8455,688942,rest
98.8488,807862,rest
98.8530,-241201,rest
98.8594,-5458,rest
98.8619,26347,rest
98.8671,662974,rest
98.8693,838140,rest
98.8706,-,rest
98.8736,130323,rest
98.8749,-,rest
98.8784,599138,rest
98.8800,-3226,rest
98.8830,61570,rest
98.8857,5,rest
98.8858,815491,rest
98.8900,-50744,rest
98.8948,-633133,rest
98.8979,-23391,rest
98.9020,573685,rest
98.9063,914779,rest
98.9108,92446,rest
98.9144,-627617,rest
98.9184,-30612,rest
98.9226,540371,rest
98.9269,910568,rest
98.9307,175425,rest
98.9348,-685397,rest
98.9390,-51270,rest
98.9436,499851,rest
98.9471,871361,rest
98.9513,249448,rest
98.9554,-743907,rest
98.9598,-83192,rest
98.9635,453229,rest
98.9676,831885,rest
98.9717,322242,rest
98.9766,-773199,rest
98.9799,-71440,rest
98.9840,428399,rest
98.9880,881375,rest
98.9927,418963,rest
98.9963,-814413,rest
98.9978,-,rest
99.0003,82596,rest
99.0045,394699,rest
99.0062,84,rest
99.0088,7298,rest
99.0104,4871,rest
99.0126,96,rest
99.0143,-870696,rest
99.0168,-112098,rest
99.0208,355862,rest
99.0251,5013,rest
99.0299,613976,rest
99.0339,-904783,rest
99.0373,-129116,rest
99.0428,320002,rest
99.0458,927069,rest
99.0495,685952,rest
99.0536,-945766,rest
99.0598,35,rest
99.0636,289368,rest
99.0669,891843,rest
99.0700,727247,rest
99.0745,8128,rest
99.0797,-161136,rest
99.0833,257898,rest
99.0864,883495,rest
99.0918,7036,rest
99.0948,-979517,rest
99.0996,-215023,rest
99.1028,222898,rest
99.1074,8943,rest
99.1113,792272,rest
99.1170,-959992,rest
99.1194,-154478,rest
99.1233,213768,rest
99.1281,941798,rest
99.1314,862843,rest
99.1329,-9,rest
99.1356,33416,rest
99.1367,-1994,rest
99.1396,77,rest
99.1414,178095,rest
99.1441,906571,rest
99.1478,805256,rest
99.1519,-916611,rest
99.1564,-206810,rest
99.1605,161292,rest
99.1642,932185,rest
99.1683,879610,rest
99.1726,-866181,rest
99.1772,-247104,rest
99.1806,135623,rest
99.1846,928132,rest
99.1888,832622,rest
99.1936,-828333,rest
99.1970,-242550,rest
99.2010,124785,rest
99.2051,934490,rest
99.2101,940237,rest
99.2133,-733721,rest
99.2174,-224767,rest
99.2215,110585,rest
99.2262,903650,rest
99.2297,798473,rest
99.2338,-706988,rest
99.2379,-255148,rest
99.2428,100589,rest
99.2461,891969,rest
99.2503,846256,rest
99.2514,-,rest
99.2543,630559,rest
99.2547,-,rest
99.2602,20,rest
99.2635,63,rest
99.2652,8542,rest
99.2668,63,rest
99.2685,864783,rest
99.2727,-534217,rest
99.2751,-40331,rest
99.2794,61292,rest
99.2842,801332,rest
99.2870,818306,rest
99.2914,458,rest
99.2955,-425540,rest
99.3010,52582,rest
99.3034,758306,rest
99.3083,813542,rest
99.3118,-372761,rest
99.3157,-500088,rest
99.3198,36821,rest
99.3256,190,rest
99.3285,810909,rest
99.3331,-269712,rest
99.3362,-543592,rest
99.3425,30793,rest
99.3444,693029,rest
99.3485,819582,rest
99.3526,-170291,rest
99.3571,-553227,rest
99.3613,34537,rest
99.3649,661373,rest
99.3690,778995,rest
99.3731,-81000,rest
99.3778,-605909,rest
99.3813,5775,rest
99.3854,626703,rest
99.3863,8,rest
99.3897,14909,rest
99.3913,2361,rest
99.3939,6,rest
99.3966,-613427,rest
99.3976,2592,rest
99.4017,594637,rest
99.4060,821817,rest
99.4101,109076,rest
99.4140,-649881,rest
99.4181,-10215,rest
99.4227,560303,rest
99.4269,819128,rest
99.4304,196364,rest
99.4345,-654045,rest
99.4386,-8071,rest
99.4439,537119,rest
99.4470,880460,rest
99.4509,303644,rest
99.4550,-682255,rest
99.4597,-8978,rest
99.4639,502715,rest
99.4673,843126,rest
99.4714,382350,rest
99.4760,-753572,rest
99.4796,-26660,rest
99.4837,473693,rest
99.4877,892666,rest
99.4935,8437,rest
99.4976,-780337,rest
99.5009,-41369,rest
99.5063,435035,rest
99.5083,861674,rest
99.5126,541569,rest
99.5136,-,rest
99.5165,840058,rest
99.5176,-5804,rest
99.5205,7,rest
99.5223,399033,rest
99.5249,873,rest
99.5295,636804,rest
99.5333,-871623,rest
99.5401,-59087,rest
99.5413,388625,rest
99.5450,9,rest
99.5459,0423,rest
99.5493,740901,rest
99.5533,-899100,rest
99.5594,1,rest
99.5630,349042,rest
99.5664,897228,rest
99.5697,755094,rest
99.5742,-35,rest
99.5780,-84274,rest
99.5831,318849,rest
99.5861,928627,rest
99.5906,83486,rest
99.5947,-919118,rest
99.6006,-103656,rest
99.6024,293376,rest
99.6066,979909,rest
99.6120,884717,rest
99.6147,-890083,rest
99.6188,-102664,rest
99.6230,263408,rest
99.6276,997612,rest
99.6311,903268,rest
99.6353,-877464,rest
99.6369,-,rest
99.6394,147955,rest
99.6438,212829,rest
99.6457,969,rest
99.6475,824,rest
99.6487,85222,rest
99.6516,0,rest
99.6517,-876356,rest
99.6563,-176532,rest
99.6605,182789,rest
99.6639,938546,rest
99.6680,834675,rest
99.6725,-837580,rest
99.6769,-189040,rest
99.6803,167633,rest
99.6843,975179,rest
99.6886,925960,rest
99.6935,-762651,rest
99.6967,-171283,rest
99.7008,153990,rest
99.7051,955906,rest
99.7098,887863,rest
99.7139,-728273,rest
99.7172,-188581,rest
99.7212,137579,rest
99.7255,3811,rest
99.7295,901434,rest
99.7351,-658295,rest
99.7378,-257718,rest
99.7420,109476,rest
99.7464,890104,rest
99.7499,824910,rest
99.7540,-610603,rest
99.7597,3140,rest
99.7633,85559,rest
99.7670,847448,rest
99.7704,813293,rest
99.7722,-53,rest
99.7746,5,rest
99.7757,306,rest
99.7792,5,rest
99.7797,71183,rest
99.7827,801686,rest
99.7867,845091,rest
99.7924,3,rest
99.7952,-411850,rest
99.8003,64488,rest
99.8045,756548,rest
99.8073,786270,rest
99.8125,-372541,rest
99.8155,-494826,rest
99.8195,33117,rest
99.8238,708493,rest
99.8288,840000,rest
99.8319,-253134,rest
99.8359,-568583,rest
99.8401,14028,rest
99.8444,673462,rest
99.8489,837471,rest
99.8523,-165878,rest
99.8564,-600397,rest
99.8610,4712,rest
99.8646,639712,rest
99.8686,893346,rest
99.8730,-47441,rest
99.8783,-606506,rest
99.8809,2482,rest
99.8850,599749,rest
99.8895,907624,rest
99.8946,54114,rest
99.8957,-,rest
99.8974,617209,rest
99.8987,-211,rest
99.9014,96,rest
99.9026,55682,rest
99.9056,4,rest
99.9069,856658,rest
99.9103,115283,rest
99.9137,-687379,rest
99.9178,-53169,rest
99.9220,517615,rest
99.9267,738945,rest
99.9301,160078,rest
99.9343,-711356,rest
99.9384,-52114,rest
99.9429,484568,rest
99.9465,1045206,rest
99.9506,369221,rest
99.9547,-741442,rest
99.9592,-77570,rest
99.9629,432075,rest
99.9670,814941,rest
99.9711,346299,rest
99.9770,8502,rest
99.9806,-83220,rest
99.9850,400676,rest
99.9875,883878,rest
99.9917,822,rest
99.9959,-823157,rest
100.0010,-84410,rest
100.0040,380119,rest
100.0094,86,rest
100.0134,544998,rest
100.0171,-895719,rest
100.0187,-,rest
100.0203,107605,rest
100.0259,4368,rest
100.0293,048,rest
100.0316,5963,rest
100.0334,62,rest
100.0355,-945573,rest
100.0372,-112256,rest
100.0411,322203,rest
100.0460,24,rest
100.0505,715621,rest
100.0536,-945250,rest
100.0580,-110877,rest
100.0612,300124,rest
100.0657,871321,rest
100.0694,724517,rest
100.0736,-983112,rest
100.0784,-136374,rest
100.0817,264243,rest
100.0857,891096,rest
100.0899,805990,rest
100.0952,-958980,rest
100.0981,-178482,rest
100.1022,230010,rest
100.1063,914887,rest
100.1108,806862,rest
100.1145,-945215,rest
100.1185,-156152,rest
100.1227,213665,rest
100.1278,930490,rest
100.1308,813108,rest
100.1349,-905675,rest
100.1393,-180834,rest
100.1435,197068,rest
100.1472,960551,rest
100.1513,869312,rest
100.1526,-8,rest
100.1560,52227,rest
100.1567,-1398,rest
100.1601,71,rest
100.1622,198727,rest
100.1636,978557,rest
100.1677,881500,rest
100.1718,-818018,rest
100.1766,-191900,rest
100.1801,160150,rest
100.1841,959827,rest
100.1881,918595,rest
100.1925,3,rest
100.1968,-176094,rest
100.2017,145076,rest
100.2045,935597,rest
100.2090,906067,rest
100.2128,-711782,rest
100.2168,-233896,rest
100.2209,107783,rest
100.2263,07433,rest
100.2305,849447,rest
100.2342,-658539,rest
100.2377,-280270,rest
100.2428,7769,rest
100.2464,868703,rest
100.2504,889684,rest
100.2538,-579056,rest
100.2594,-358439,rest
100.2619,64999,rest
100.2673,817070,rest
100.2707,817167,rest
100.2746,-50580,rest
100.2791,383359,rest
100.2812,59,rest
100.2824,590,rest
100.2838,7663,rest
100.2865,72,rest
100.2875,101260,rest
100.2907,8,rest
100.2909,-379354,rest
100.2952,-461519,rest
100.2987,27453,rest
100.3028,694472,rest
100.3073,744398,rest
100.3122,-370519,rest
100.3152,-552986,rest
100.3192,-6378,rest
100.3235,656402,rest
100.3287,838664,rest
100.3315,-253131,rest
100.3356,-595128,rest
100.3397,-21371,rest
100.3451,620656,rest
100.3479,769101,rest
100.3520,-176670,rest
100.3562,-648206,rest
100.3607,-31993,rest
100.3643,593336,rest
100.3684,871620,rest
100.3728,-25469,rest
100.3771,-599365,rest
100.3813,-13743,rest
100.3848,573000,rest
100.3897,852583,rest
100.3939,41384,rest
100.3981,-657402,rest
100.4012,-50227,rest
100.4053,527489,rest
100.4064,8,rest
100.4107,46038,rest
100.4128,131,rest
100.4145,899,rest
100.4157,-691236,rest
100.4176,-55927,rest
100.4217,487157,rest
100.4264,855420,rest
100.4299,214944,rest
100.4339,-721655,rest
100.4381,-63373,rest
100.4437,5364,rest
100.4481,831853,rest
100.4505,299209,rest
100.4545,-790382,rest
100.4603,9754,rest
100.4637,420435,rest
100.4677,876740,rest
100.4739,417805,rest
100.4764,-816540,rest
100.4793,-88396,rest
100.4847,392791,rest
100.4872,876856,rest
100.4914,86836,rest
100.4956,-874352,rest
100.5011,-103446,rest
100.5036,357593,rest
100.5084,16,rest
100.5123,591018,rest
100.5167,-907368,rest
100.5200,-114563,rest
100.5248,3295,rest
100.5292,855769,rest
100.5329,632462,rest
100.5355,-,rest
100.5392,956833,rest
100.5410,-136335,rest
100.5423,306784,rest
100.5449,8750,rest
100.5502,706946,rest
100.5544,-980182,rest
100.5579,-153660,rest
100.5624,273788,rest
100.5653,904447,rest
100.5692,782472,rest
100.5735,-968310,rest
100.5773,-151574,rest
100.5825,249814,rest
100.5854,889824,rest
100.5896,798226,rest
100.5948,-957953,rest
100.5978,-148792,rest
100.6018,231828,rest
100.6062,1005870,rest
100.6109,957312,rest
100.6142,-896457,rest
100.6182,-205301,rest
100.6226,185533,rest
100.6269,906122,rest
100.6306,802871,rest
100.6346,-924778,rest
100.6391,-216237,rest
100.6434,162381,rest
100.6470,944917,rest
100.6510,875921,rest
100.6552,-847656,rest
100.6570,-,rest
100.6602,175109,rest
100.6637,163708,rest
100.6651,946,rest
100.6673,494,rest
100.6689,855169,rest
100.6716,-816180,rest
100.6765,-201285,rest
100.6801,140111,rest
100.6839,957730,rest
100.6879,950490,rest
100.6933,-737752,rest
100.6961,-200343,rest
100.7001,126612,rest
100.7043,918296,rest
100.7086,98,rest
100.7137,-702520,rest
100.7181,-320024,rest
100.7230,74325,rest
100.7249,867235,rest
100.7292,895632,rest
100.7330,-643989,rest
100.7371,-316617,rest
100.7425,21,rest
100.7467,832801,rest
100.7497,1020615,rest
100.7535,-524715,rest
100.7594,42,rest
100.7622,26119,rest
100.7661,749164,rest
100.7698,885470,rest
100.7743,-49403,rest
100.7788,-470270,rest
100.7837,-4583,rest
100.7862,690231,rest
100.7910,98391,rest
100.7924,38,rest
100.7946,7808,rest
100.7960,-54382,rest
100.7984,0,rest
100.7985,-38839,rest
100.8025,626476,rest
100.8068,725786,rest
100.8123,-380512,rest
100.8149,-618872,rest
100.8190,-56880,rest
100.8231,598458,rest
100.8278,1001832,rest
100.8312,-209332,rest
100.8353,-639962,rest
100.8396,-77281,rest
100.8437,549853,rest
100.8476,651394,rest
100.8518,-222258,rest
100.8563,-702650,rest
100.8609,-94838,rest
100.8644,529138,rest
100.8681,843298,rest
100.8726,-49421,rest
100.8767,-666350,rest
100.8811,-82938,rest
100.8844,507475,rest
100.8892,820326,rest
100.8935,17025,rest
100.8972,-710571,rest
100.9008,-90631,rest
100.9054,470161,rest
100.9101,843017,rest
100.9131,131504,rest
100.9142,-,rest
100.9172,746863,rest
100.9186,-10,rest
100.9213,3531,rest
100.9224,43644,rest
100.9261,0,rest
100.9286,831202,rest
100.9296,212348,rest
100.9336,-774783,rest
100.9377,-99042,rest
100.9427,407738,rest
100.9465,861498,rest
100.9500,315322,rest
100.9542,-851459,rest
100.9585,1410,rest
100.9628,365702,rest
100.9685,943000,rest
100.9706,461965,rest
100.9765,80162,rest
100.9790,-118676,rest
100.9841,333695,rest
100.9872,789611,rest
100.9931,12,rest
100.9981,-930685,rest
101.0002,-150812,rest
101.0034,305284,rest
101.0079,25,rest
101.0118,594376,rest
101.0164,-952222,rest
101.0198,-147729,rest
101.0251,288890,rest
101.0296,951482,rest
101.0325,714829,rest
101.0360,-989880,rest
101.0374,-,rest
101.0401,150955,rest
101.0465,245490,rest
101.0477,8,rest
101.0484,64762,rest
101.0500,7031,rest
101.0524,30,rest
101.0538,-103249,rest
101.0565,6,rest
101.0566,-212683,rest
101.0610,209442,rest
101.0648,942748,rest
101.0688,852720,rest
101.0731,-996024,rest
101.0780,-208163,rest
101.0812,166766,rest
101.0852,863566,rest
101.0895,776538,rest
101.0943,-1016641,rest
101.0978,-258613,rest
101.1016,137794,rest
101.1062,856245,rest
101.1103,802764,rest
101.1138,-972498,rest
101.1181,-227091,rest
101.1228,139854,rest
101.1288,892246,rest
101.1302,848579,rest
101.1343,-930565,rest
101.1389,-240204,rest
101.1432,117819,rest
101.1475,907094,rest
101.1508,884292,rest
101.1549,-877206,rest
101.1601,-212583,rest
101.1634,98006,rest
101.1670,873892,rest
101.1713,828480,rest
101.1727,-8,rest
101.1754,02,rest
101.1777,7,rest
101.1797,32,rest
101.1800,63542,rest
101.1843,882204,rest
101.1876,902777,rest
101.1920,7591,rest
101.1999,-289143,rest
101.2001,62484,rest
101.2064,863614,rest
101.2093,1022327,rest
101.2121,-663036,rest
101.2167,-321467,rest
101.2203,39481,rest
101.2248,18,rest
101.2294,828497,rest
101.2329,-647217,rest
101.2381,-403452,rest
101.2411,11841,rest
101.2465,66,rest
101.2492,879945,rest
101.2541,-546669,rest
101.2584,-443011,rest
101.2626,-014,rest
101.2658,709721,rest
101.2714,855801,rest
101.2744,-475199,rest
101.2794,-5151,rest
101.2830,-24721,rest
101.2861,655930,rest
101.2913,870772,rest
101.2944,3885,rest
101.2995,547603,rest
101.3008,-3,rest
101.3022,9201,rest
101.3034,6137,rest
101.3064,73,rest
101.3075,790471,rest
101.3117,-317433,rest
101.3146,-647227,rest
101.3186,-61989,rest
101.3229,587065,rest
101.3286,1026214,rest
101.3310,-141387,rest
101.3350,-651091,rest
101.3395,-73662,rest
101.3437,532416,rest
101.3473,772779,rest
101.3514,-135902,rest
101.3561,-693212,rest
101.3609,-101006,rest
101.3638,491502,rest
101.3678,950308,rest
101.3726,21977,rest
101.3769,-725475,rest
101.3810,-126361,rest
101.3841,440257,rest
101.3884,799638,rest
101.3932,60542,rest
101.3976,-800104,rest
101.4007,-151935,rest
101.4047,407109,rest
101.4096,924037,rest
101.4135,201963,rest
101.4170,-796993,rest
101.4211,-144530,rest
101.4274,739,rest
101.4297,49445,rest
101.4303,304,rest
101.4339,121,rest
101.4356,-842066,rest
101.4405,-160744,rest
101.4421,333312,rest
101.4456,866695,rest
101.4503,353326,rest
101.4540,-890147,rest
101.4581,1758,rest
101.4621,291672,rest
101.4678,937120,rest
101.4730,489616,rest
101.4746,-945865,rest
101.4799,-202605,rest
101.4829,253900,rest
101.4866,843077,rest
101.4917,51447,rest
101.4971,-1006777,rest
101.5031,-222605,rest
101.5032,226563,rest
101.5071,884696,rest
101.5115,612847,rest
101.5162,-1037330,rest
101.5193,-230132,rest
101.5236,200391,rest
101.5281,868412,rest
101.5322,696089,rest
101.5357,-1061680,rest
101.5401,-245049,rest
101.5450,173895,rest
101.5484,852202,rest
101.5521,714549,rest
101.5532,-,rest
101.5563,1055585,rest
101.5578,-265,rest
101.5606,398,rest
101.5631,148025,rest
101.5645,847787,rest
101.5687,807291,rest
101.5734,-1017990,rest
101.5785,-244461,rest
101.5812,139751,rest
101.5849,852554,rest
101.5893,829150,rest
101.5934,-986200,rest
101.5973,-260219,rest
101.6013,119500,rest
101.6058,854262,rest
101.6101,814205,rest
101.6137,-959157,rest
101.6176,-278480,rest
101.6225,103553,rest
101.6263,880588,rest
101.6304,909425,rest
101.6340,-890083,rest
101.6382,-237116,rest
101.6433,96944,rest
101.6469,894622,rest
101.6504,937237,rest
101.6546,-845097,rest
101.6589,251,rest
101.6656,72948,rest
101.6698,851302,rest
101.6709,886669,rest
101.6767,808-,rest
101.6806,313250,rest
101.6843,32433,rest
101.6852,849,rest
101.6873,109,rest
101.6883,91183,rest
101.6939,405,rest
101.6980,-367469,rest
101.7011,14610,rest
101.7056,806995,rest
101.7078,808511,rest
101.7123,-687870,rest
101.7160,-387610,rest
101.7200,18339,rest
101.7248,788943,rest
101.7298,943237,rest
101.7323,-566556,rest
101.7364,-490897,rest
101.7412,-162,rest
101.7455,717250,rest
101.7505,756968,rest
101.7528,-514241,rest
101.7586,-465222,rest
101.7615,5418,rest
101.7651,697575,rest
101.7691,943274,rest
101.7733,-377149,rest
101.7778,-487378,rest
101.7815,-3371,rest
101.7856,637990,rest
101.7898,931335,rest
101.7943,-287680,rest
101.7982,-588094,rest
101.8020,-46633,rest
101.8064,593044,rest
101.8106,783746,rest
101.8121,-24,rest
101.8142,4948,rest
101.8159,-63212,rest
101.8183,1,rest
101.8184,-57080,rest
101.8230,562235,rest
101.8268,713700,rest
101.8314,-165538,rest
101.8347,-662258,rest
101.8389,-61718,rest
101.8437,547695,rest
101.8471,793242,rest
101.8512,-34617,rest
101.8552,-646347,rest
101.8597,-50128,rest
101.8638,517201,rest
101.8675,931854,rest
101.8715,105543,rest
101.8764,-712141,rest
101.8798,-83832,rest
101.8838,473706,rest
101.8880,797894,rest
101.8934,161647,rest
101.8963,-743963,rest
101.9003,-83584,rest
101.9044,445215,rest
101.9096,985214,rest
101.9138,321965,rest
101.9166,-753659,rest
101.9207,-76597,rest
101.9264,09963,rest
101.9293,865702,rest
101.9359,356441,rest
101.9375,-853043,rest
101.9388,-13,rest
101.9415,4,rest
101.9419,6042,rest
101.9454,0,rest
101.9458,886344,rest
101.9496,461217,rest
101.9551,-855168,rest
101.9579,-96,rest
101.9623,341759,rest
101.9672,884469,rest
101.9704,536170,rest
101.9740,-925429,rest
101.9786,-145027,rest
101.9832,308086,rest
101.9862,824747,rest
101.9907,577568,rest
101.9952,-971824,rest
101.9985,-145634,rest
102.0026,296910,rest
102.0069,1042078,rest
102.0123,785624,rest
102.0149,-956084,rest
102.0190,-142799,rest
102.0232,262404,rest
102.0276,798381,rest
102.0313,665734,rest
102.0354,-1030915,rest
102.0398,-184848,rest
102.0449,243290,rest
102.0477,1023557,rest
102.0518,928682,rest
102.0563,-944472,rest
102.0568,-,rest
102.0603,146608,rest
102.0641,217218,rest
102.0651,8,rest
102.0682,85575,rest
102.0696,8050,rest
102.0728,23,rest
102.0746,-966372,rest
102.0769,-199924,rest
102.0805,184383,rest
102.0845,889527,rest
102.0888,848371,rest
102.0934,-932490,rest
102.0969,-204995,rest
102.1010,169564,rest
102.1052,920382,rest
102.1096,855001,rest
102.1133,-893979,rest
102.1173,-194332,rest
102.1214,158606,rest
102.1260,927522,rest
102.1296,891541,rest
102.1337,-845678,rest
102.1378,-196855,rest
102.1438,13538,rest
102.1460,917301,rest
102.1501,903529,rest
102.1541,-784088,rest
102.1594,184,rest
102.1637,129680,rest
102.1674,916610,rest
102.1706,870400,rest
102.1747,-733165,rest
102.1800,-218292,rest
102.1828,115550,rest
102.1870,904224,rest
102.1913,99,rest
102.1929,6,rest
102.1962,54286,rest
102.1981,-2721,rest
102.1992,74,rest
102.1993,95919,rest
102.2033,881194,rest
102.2076,09914,rest
102.2120,-537707,rest
102.2169,-339485,rest
102.2198,63489,rest
102.2239,787122,rest
102.2289,728137,rest
102.2320,-543721,rest
102.2362,-435840,rest
102.2403,39317,rest
102.2453,750814,rest
102.2484,904599,rest
102.2525,-420526,rest
102.2566,-470290,rest
102.2615,24619,rest
102.2649,696556,rest
102.2689,829738,rest
102.2733,-341056,rest
102.2778,-515748,rest
102.2812,12639,rest
102.2852,669816,rest
102.2895,876213,rest
102.2945,-231711,rest
102.2976,-549530,rest
102.3017,8414,rest
102.3058,634280,rest
102.3100,869314,rest
102.3140,-146704,rest
102.3150,-,rest
102.3180,647921,rest
102.3196,-34,rest
102.3230,304,rest
102.3245,5862,rest
102.3267,07,rest
102.3299,859017,rest
102.3304,-31515,rest
102.3345,-616076,rest
102.3385,-12885,rest
102.3432,575346,rest
102.3467,1003951,rest
102.3507,101486,rest
102.3550,-652921,rest
102.3597,-45626,rest
102.3631,507177,rest
102.3672,783958,rest
102.3714,110803,rest
102.3770,-729638,rest
102.3794,-71090,rest
102.3835,477719,rest
102.3877,931191,rest
102.3927,269414,rest
102.3959,-743189,rest
102.3999,-69388,rest
102.4040,440646,rest
102.4099,871433,rest
102.4131,325036,rest
102.4164,-811263,rest
102.4204,-95658,rest
102.4252,417807,rest
102.4294,925030,rest
102.4327,441221,rest
102.4368,-813463,rest
102.4414,-7195,rest
102.4456,397238,rest
102.4466,9,rest
102.4509,27675,rest
102.4528,540,rest
102.4532,219,rest
102.4543,-873599,rest
102.4583,-110848,rest
102.4619,359995,rest
102.4654,916761,rest
102.4695,612473,rest
102.4738,-906447,rest
102.4790,-89378,rest
102.4818,338752,rest
102.4859,949729,rest
102.4901,705246,rest
102.4947,-956378,rest
102.4982,-133360,rest
102.5023,302236,rest
102.5064,896432,rest
102.5112,716905,rest
102.5149,-989787,rest
102.5187,-138214,rest
102.5231,289411,rest
102.5273,940216,rest
102.5309,821259,rest
102.5351,-951464,rest
102.5395,-153990,rest
102.5444,251801,rest
102.5473,917117,rest
102.5515,833327,rest
102.5557,-934434,rest
102.5602,-162056,rest
102.5638,238346,rest
102.5679,982941,rest
102.5720,917370,rest
102.5734,-,rest
102.5768,880286,rest
102.5787,-137,rest
102.5801,379,rest
102.5816,229887,rest
102.5843,982139,rest
102.5883,930600,rest
102.5931,-861152,rest
102.5966,-185975,rest
102.6007,192549,rest
102.6050,970865,rest
102.6095,935926,rest
102.6130,-815744,rest
102.6171,-177274,rest
102.6211,177539,rest
102.6261,973016,rest
102.6297,973219,rest
102.6335,-760992,rest
102.6375,-194287,rest
102.6432,47,rest
102.6466,938695,rest
102.6516,909472,rest
102.6545,-724942,rest
102.6584,25,rest
102.6630,133343,rest
102.6665,937730,rest
102.6713,951573,rest
102.6747,-640968,rest
102.6791,-241876,rest
102.6825,124907,rest
102.6867,911657,rest
102.6931,6405,rest
102.6977,-569229,rest
102.6992,-336926,rest
102.7008,9,rest
102.7030,3012,rest
102.7044,859,rest
102.7074,27,rest
102.7098,49,rest
102.7117,-489907,rest
102.7154,-382548,rest
102.7193,70488,rest
102.7237,797445,rest
102.7288,885463,rest
102.7317,-415473,rest
102.7359,-430175,rest
102.7400,60295,rest
102.7453,754981,rest
102.7481,926748,rest
102.7522,-312836,rest
102.7563,-480222,rest
102.7614,38589,rest
102.7645,703230,rest
102.7685,881050,rest
102.7729,-241454,rest
102.7784,-544991,rest
102.7809,9141,rest
102.7850,660183,rest
102.7892,960200,rest
102.7940,-118247,rest
102.7972,-557666,rest
102.8013,12111,rest
102.8055,625921,rest
102.8106,903664,rest
102.8136,-54048,rest
102.8177,-633811,rest
102.8222,-28251,rest
102.8268,573426,rest
102.8302,895333,rest
102.8313,3181,rest
102.8341,3,rest
102.8353,-64806,rest
102.8382,0,rest
102.8383,-38429,rest
102.8427,536673,rest
102.8464,913198,rest
102.8505,143334,rest
102.8546,-678097,rest
102.8607,49126,rest
102.8629,501898,rest
102.8669,961016,rest
102.8709,242835,rest
102.8772,7328,rest
102.8793,-70526,rest
102.8835,460099,rest
102.8895,961959,rest
102.8915,334448,rest
102.8959,-777503,rest
102.8997,-81570,rest
102.9037,410366,rest
102.9092,900981,rest
102.9125,400281,rest
102.9160,-854399,rest
102.9203,-119581,rest
102.9249,70,rest
102.9292,954298,rest
102.9324,520674,rest
102.9365,-877196,rest
102.9410,-1080,rest
102.9451,352391,rest
102.9490,888451,rest
102.9535,561414,rest
102.9547,-,rest
102.9571,933785,rest
102.9583,-13,rest
102.9621,3118,rest
102.9635,32930,rest
102.9652,3,rest
102.9653,920941,rest
102.9693,667645,rest
102.9735,-956602,rest
102.9788,-135247,rest
102.9815,306077,rest
102.9856,956293,rest
102.9897,746158,rest
102.9948,-980275,rest
102.9980,-153651,rest
103.0020,266004,rest
103.0066,924311,rest
103.0119,806920,rest
103.0143,-974466,rest
103.0184,-172607,rest
103.0226,247866,rest
103.0278,928585,rest
103.0307,851380,rest
103.0349,-950682,rest
103.0390,-178328,rest
103.0442,220915,rest
103.0471,918745,rest
103.0511,855130,rest
103.0555,-925934,rest
103.0598,-188120,rest
103.0636,201723,rest
103.0676,944652,rest
103.0718,902108,rest
103.0764,-886155,rest
103.0776,-,rest
103.0799,197788,rest
103.0840,185209,rest
103.0853,96,rest
103.0880,6936,rest
103.0897,92085,rest
103.0923,7,rest
103.0930,-836336,rest
103.0967,-200430,rest
103.1004,167428,rest
103.1044,956560,rest
103.1099,964553,rest
103.1131,-792158,rest
103.1167,-214869,rest
103.1208,140368,rest
103.1251,453,rest
103.1296,930984,rest
103.1341,-737281,rest
103.1373,-243389,rest
103.1434,2400,rest
103.1476,917895,rest
103.1523,956038,rest
103.1540,-673020,rest
103.1595,3062,rest
103.1645,99750,rest
103.1690,893891,rest
103.1701,935233,rest
103.1754,-6005,rest
103.1790,-341714,rest
103.1835,97057,rest
103.1863,866160,rest
103.1907,960550,rest
103.1956,-510674,rest
103.1987,-381643,rest
103.2027,74014,rest
103.2069,813848,rest
103.2125,926772,rest
103.2143,-43,rest
103.2150,1675,rest
103.2166,-45157,rest
103.2190,6,rest
103.2191,55887,rest
103.2233,763343,rest
103.2281,938064,rest
103.2318,-338588,rest
103.2355,-507664,rest
103.2398,33153,rest
103.2440,717232,rest
103.2477,957584,rest
103.2519,-238365,rest
103.2565,-553720,rest
103.2614,15394,rest
103.2641,679308,rest
103.2683,926261,rest
103.2731,-160061,rest
103.2768,-577577,rest
103.2806,5394,rest
103.2847,634488,rest
103.2888,937107,rest
103.2933,-59303,rest
103.2969,-579570,rest
103.3010,-1095,rest
103.3052,592262,rest
103.3101,933372,rest
103.3133,25962,rest
103.3174,-638374,rest
103.3218,-37190,rest
103.3260,540175,rest
103.3300,927313,rest
103.3338,115932,rest
103.3351,-,rest
103.3379,681932,rest
103.3382,-52,rest
103.3435,832,rest
103.3454,5028,rest
103.3461,48,rest
103.3477,944535,rest
103.3502,209133,rest
103.3544,-699629,rest
103.3592,51,rest
103.3635,467766,rest
103.3680,922534,rest
103.3706,293720,rest
103.3763,-787447,rest
103.3789,-103300,rest
103.3829,419928,rest
103.3870,921857,rest
103.3913,565,rest
103.3955,-801619,rest
103.3998,-83209,rest
103.4034,393700,rest
103.4075,921173,rest
103.4119,481833,rest
103.4157,-870406,rest
103.4198,-126647,rest
103.4251,401,rest
103.4291,904527,rest
103.4335,555141,rest
103.4364,-908245,rest
103.4404,-114098,rest
103.4448,324362,rest
103.4502,1044297,rest
103.4526,710498,rest
103.4568,-943487,rest
103.4578,-,rest
103.4623,148300,rest
103.4649,275295,rest
103.4664,8,rest
103.4690,95325,rest
103.4701,6921,rest
103.4732,43,rest
103.4746,-101783,rest
103.4772,3,rest
103.4779,-204841,rest
103.4813,234709,rest
103.4853,928489,rest
103.4898,791649,rest
103.4951,-1008680,rest
103.4976,-169343,rest
103.5017,224423,rest
103.5061,907404,rest
103.5104,806140,rest
103.5141,-1006415,rest
103.5182,-232088,rest
103.5230,183143,rest
103.5270,915797,rest
103.5313,863562,rest
103.5346,-965437,rest
103.5389,-212776,rest
103.5449,162095,rest
103.5485,926842,rest
103.5510,885261,rest
103.5550,-940002,rest
103.5610,2057,rest
103.5651,127906,rest
103.5673,913116,rest
103.5716,910161,rest
103.5757,90,rest
103.5804,-228009,rest
103.5852,114060,rest
103.5899,918990,rest
103.5919,980386,rest
103.5929,-8,rest
103.5968,46575,rest
103.5981,-260,rest
103.6000,886,rest
103.6001,80584,rest
103.6041,887865,rest
103.6084,9310,rest
103.6130,-796487,rest
103.6169,-299710,rest
103.6216,46261,rest
103.6246,852544,rest
103.6289,863738,rest
103.6328,-779444,rest
103.6370,-382076,rest
103.6431,5,rest
103.6463,832158,rest
103.6496,921824,rest
103.6533,-676175,rest
103.6595,-342,rest
103.6634,38150,rest
103.6670,806182,rest
103.6697,960828,rest
103.6740,-582811,rest
103.6792,-439417,rest
103.6823,390,rest
103.6860,746491,rest
103.6902,902480,rest
103.6949,-519878,rest
103.6985,-433386,rest
103.7024,7791,rest
103.7067,701937,rest
103.7111,986185,rest
103.7150,-416428,rest
103.7165,-,rest
103.7188,523036,rest
103.7199,-3,rest
103.7229,4782,rest
103.7244,634,rest
103.7281,236,rest
103.7306,857405,rest
103.7312,-367186,rest
103.7352,-607708,rest
103.7394,-70351,rest
103.7440,588348,rest
103.7476,998322,rest
103.7516,-225800,rest
103.7560,-663759,rest
103.7602,-95574,rest
103.7640,536008,rest
103.7680,868356,rest
103.7724,-166429,rest
103.7772,-677650,rest
103.7803,-103357,rest
103.7845,506800,rest
103.7885,953340,rest
103.7951,-32982,rest
103.7968,-679534,rest
103.8007,-100556,rest
103.8049,464144,rest
103.8095,949095,rest
103.8134,47744,rest
103.8172,-740813,rest
103.8213,-133049,rest
103.8265,17490,rest
103.8311,968079,rest
103.8358,148919,rest
103.8382,-770546,rest
103.8419,-152332,rest
103.8463,367065,rest
103.8500,932954,rest
103.8512,210,rest
103.8540,724,rest
103.8554,-851197,rest
103.8600,-81385,rest
103.8626,316088,rest
103.8682,867913,rest
103.8704,291828,rest
103.8749,1578,rest
103.8790,-195102,rest
103.8837,285988,rest
103.8889,949976,rest
103.8909,417816,rest
103.8955,-927919,rest
103.8990,-207857,rest
103.9032,244268,rest
103.9079,8709,rest
103.9122,481024,rest
103.9196,-999732,rest
103.9202,-222688,rest
103.9243,221849,rest
103.9290,868614,rest
103.9319,546192,rest
103.9359,-1049841,rest
103.9401,-264640,rest
103.9450,185044,rest
103.9483,826468,rest
103.9524,611342,rest
103.9566,-1093010,rest
103.9618,-240664,rest
103.9647,175767,rest
103.9687,877558,rest
103.9729,715224,rest
103.9748,-,rest
103.9774,1075309,rest
103.9794,-240,rest
103.9809,326,rest
103.9826,168715,rest
103.9852,867302,rest
103.9895,788225,rest
103.9944,-1046952,rest
103.9982,-264730,rest
104.0015,131646,rest
104.0061,879631,rest
104.0115,821355,rest
104.0137,-1018387,rest
104.0178,-255070,rest
104.0224,115057,rest
104.0271,857903,rest
104.0305,820343,rest
104.0344,-991043,rest
104.0384,-278200,rest
104.0436,102203,rest
104.0485,886463,rest
104.0505,888819,rest
104.0549,-932939,rest
104.0599,-252732,rest
104.0633,82289,rest
104.0669,868023,rest
104.0711,916185,rest
104.0764,-888118,rest
104.0799,-288761,rest
104.0834,55842,rest
104.0875,846095,rest
104.0934,0,rest
104.0967,-855258,rest
104.0995,-,rest
104.0998,312467,rest
104.1016,5,rest
104.1040,0112,rest
104.1055,867,rest
104.1092,369,rest
104.1110,10169,rest
104.1126,63,rest
104.1128,-732748,rest
104.1161,-309248,rest
104.1203,40256,rest
104.1245,328,rest
104.1303,870486,rest
104.1345,-697431,rest
104.1366,-388481,rest
104.1421,27,rest
104.1450,802605,rest
104.1493,1047613,rest
104.1530,-580717,rest
104.1575,-42197,rest
104.1622,1929,rest
104.1680,747667,rest
104.1695,934011,rest
104.1736,-529375,rest
104.1778,-538797,rest
104.1816,-32656,rest
104.1858,679484,rest
104.1899,853681,rest
104.1951,-449903,rest
104.1980,-541280,rest
104.2021,-25951,rest
104.2063,659040,rest
104.2116,947098,rest
104.2144,-325453,rest
104.2185,-562075,rest
104.2227,-30494,rest
104.2274,615095,rest
104.2309,945454,rest
104.2324,-24,rest
104.2349,6247,rest
104.2363,-61033,rest
104.2392,2,rest
104.2395,-62997,rest
104.2435,569431,rest
104.2482,870967,rest
104.2516,-180545,rest
104.2565,-654335,rest
104.2624,-84905,rest
104.2720,523241,rest
104.2730,844948,rest
104.2778,-93409,rest
104.2866,-695490,rest
104.2869,-93581,rest
104.2883,493644,rest
104.2893,981819,rest
104.3021,61526,rest
104.3053,-661690,rest
104.3055,-84770,rest
104.3061,454973,rest
104.3128,874902,rest
104.3135,96316,rest
104.3189,-737046,rest
104.3229,-109547,rest
104.3303,416489,rest
104.3374,862716,rest
104.3391,199047,rest
104.3402,-789090,rest
104.3420,-130556,rest
104.3469,378163,rest
104.3535,915009,rest
104.3536,319336,rest
104.3551,-,rest
104.3590,805843,rest
104.3612,-12,rest
104.3624,0448,rest
104.3642,3522,rest
104.3662,14,rest
104.3700,899021,rest
104.3729,403252,rest
104.3824,-899550,rest
104.3868,-162944,rest
104.3869,303579,rest
104.3871,843526,rest
104.3940,468952,rest
104.3999,-941516,rest
104.4046,-164538,rest
104.4050,280692,rest
104.4076,879108,rest
104.4116,562834,rest
104.4189,-984869,rest
104.4239,-169906,rest
104.4307,254945,rest
104.4348,879508,rest
104.4356,638144,rest
104.4364,-1034698,rest
104.4403,-194090,rest
104.4494,232042,rest
104.4507,874475,rest
104.4562,714330,rest
104.4592,-1034836,rest
104.4634,-197964,rest
104.4683,218488,rest
104.4685,894629,rest
104.4756,782279,rest
104.4788,-1014946,rest
104.4812,-,rest
104.4875,188883,rest
104.4876,200004,rest
104.4930,855296,rest
104.4958,801205,rest
104.4981,-986993,rest
104.5004,-206584,rest
104.5017,186893,rest
104.5108,897369,rest
104.5115,840749,rest
104.5140,-947983,rest
104.5218,-192776,rest
104.5221,178205,rest
104.5265,897257,rest
104.5303,847697,rest
104.5368,-911279,rest
104.5424,-211014,rest
104.5494,163255,rest
104.5516,944118,rest
104.5539,946057,rest
104.5618,-830294,rest
104.5625,-169691,rest
104.5632,161603,rest
104.5696,941015,rest
104.5737,947530,rest
104.5827,-783011,rest
104.5865,-203230,rest
104.5879,133852,rest
104.5940,919814,rest
104.5962,898958,rest
104.6014,-735090,rest
104.6038,-238115,rest
104.6039,122727,rest
104.6082,930815,rest
104.6141,983221,rest
104.6169,-6,rest
104.6194,37645,rest
104.6216,-253820,rest
104.6234,112543,rest
104.6273,895607,rest
104.6283,928674,rest
104.6357,-568425,rest
104.6368,-316098,rest
104.6413,98387,rest
104.6474,862665,rest
104.6569,908545,rest
104.6601,-494272,rest
104.6634,-421754,rest
104.6642,72592,rest
104.6656,804687,rest
104.6734,881909,rest
104.6750,-402549,rest
104.6786,-459391,rest
104.6822,86341,rest
104.6925,805194,rest
104.6960,973481,rest
104.6996,-275553,rest
104.7007,-424453,rest
104.7022,94014,rest
104.7063,771836,rest
104.7107,907513,rest
104.7198,-191959,rest
104.7205,-457226,rest
104.7263,91414,rest
104.7308,727857,rest
104.7314,913837,rest
104.7384,-93524,rest
104.7413,-537840,rest
104.7440,51932,rest
104.7462,6837,rest
104.7483,09,rest
104.7504,865659,rest
104.7522,-10551,rest
104.7562,-571027,rest
104.7612,36255,rest
104.7639,636112,rest
104.7678,883021,rest
104.7751,82576,rest
104.7761,-579555,rest
104.7802,36138,rest
104.7842,611444,rest
104.7926,1008447,rest
104.7965,208266,rest
104.7985,-589522,rest
104.8014,30027,rest
104.8072,566038,rest
104.8091,887923,rest
104.8128,253827,rest
104.8170,-634674,rest
104.8212,25302,rest
104.8263,544686,rest
104.8328,944522,rest
104.8358,359466,rest
104.8369,-682086,rest
104.8431,16989,rest
104.8472,508993,rest
104.8499,943510,rest
104.8570,452763,rest
104.8595,-708381,rest
104.8658,23206,rest
104.8683,487737,rest
104.8722,1021287,rest
104.8748,572551,rest
104.8784,-786738,rest
104.8820,-328,rest
104.8844,449101,rest
104.8870,876840,rest
104.8940,582351,rest
104.8955,-846182,rest
104.9009,-18942,rest
104.9065,414686,rest
104.9079,940505,rest
104.9122,689997,rest
104.9168,-886648,rest
104.9214,-16114,rest
104.9273,385888,rest
104.9294,999885,rest
104.9393,793459,rest
104.9430,-922259,rest
104.9457,-67437,rest
104.9466,328350,rest
104.9480,870771,rest
104.9529,761460,rest
104.9582,-965437,rest
104.9635,-79355,rest
104.9644,292831,rest
104.9725,898391,rest
104.9727,787337,rest
104.9796,-972525,rest
104.9809,-138608,rest
104.9899,237277,rest
104.9936,893196,rest
104.9951,817404,rest
104.9974,-,rest
104.9994,960203,rest
105.0018,-182075,rest
105.0045,189259,rest
105.0064,900892,rest
105.0105,789761,rest
105.0171,-945690,rest
105.0218,-178629,rest
105.0225,172533,rest
105.0273,900223,rest
105.0318,830222,rest
105.0393,-894553,rest
105.0416,-177590,rest
105.0431,155702,rest
105.0545,928115,rest
105.0553,853776,rest
105.0599,-846459,rest
105.0611,-179743,rest
105.0698,142015,rest
105.0736,922851,rest
105.0756,884442,rest
105.0775,-791125,rest
105.0824,-220377,rest
105.0871,118163,rest
105.0875,915634,rest
105.0979,897326,rest
105.1006,-718432,rest
105.1025,-269101,rest
105.1063,101752,rest
105.1107,898563,rest
105.1120,896992,rest
105.1164,-642402,rest
105.1187,-,rest
105.1205,313600,rest
105.1217,8,rest
105.1253,8458,rest
105.1293,873044,rest
105.1320,846778,rest
105.1343,-573284,rest
105.1366,-361643,rest
105.1416,81854,rest
105.1465,830046,rest
105.1487,890301,rest
105.1527,-477854,rest
105.1576,-443472,rest
105.1616,50485,rest
105.1669,775618,rest
105.1694,934799,rest
105.1760,-375281,rest
105.1785,-469611,rest
105.1820,40050,rest
105.1871,727336,rest
105.1923,880108,rest
105.1958,-292474,rest
105.1986,-498665,rest
105.2035,22592,rest
105.2079,675009,rest
105.2103,786440,rest
105.2146,-228525,rest
105.2216,-572625,rest
105.2236,1672,rest
105.2279,644214,rest
105.2306,929894,rest
105.2368,-97869,rest
105.2416,-614994,rest
105.2450,-28475,rest
105.2484,581991,rest
105.2521,885122,rest
105.2554,-5483,rest
105.2616,-661878,rest
105.2669,-58869,rest
105.2686,525541,rest
105.2743,925439,rest
105.2775,96789,rest
105.2821,-690987,rest
105.2845,-79867,rest
105.2866,489989,rest
105.2890,987383,rest
105.2966,209630,rest
105.2998,-717252,rest
105.3027,-98233,rest
105.3073,437871,rest
105.3110,920980,rest
105.3136,257065,rest
105.3187,-806284,rest
105.3229,-148875,rest
105.3251,384175,rest
105.3309,981337,rest
105.3363,376383,rest
105.3463,-844219,rest
105.3527,-162057,rest
105.3535,333774,rest
105.3536,871836,rest
105.3537,408747,rest
105.3586,-920158,rest
105.3632,-183611,rest
105.3654,308227,rest
105.3733,969283,rest
105.3747,558905,rest
105.3760,-,rest
105.3827,944162,rest
105.3858,-197961,rest
105.3868,268038,rest
105.3875,939730,rest
105.3940,613211,rest
105.3967,-1005784,rest
105.3988,-219455,rest
105.4028,225206,rest
105.4093,884368,rest
105.4116,672871,rest
105.4184,-1048550,rest
105.4219,-268974,rest
105.4252,188480,rest
105.4280,878864,rest
105.4338,727223,rest
105.4371,-1057517,rest
105.4409,-229274,rest
105.4459,181048,rest
105.4482,871027,rest
105.4598,775126,rest
105.4651,-1048262,rest
105.4682,-296673,rest
105.4699,147420,rest
105.4731,937055,rest
105.4746,881180,rest
105.4780,-1000393,rest
105.4830,-272471,rest
105.4876,130494,rest
105.4910,890370,rest
105.4961,848878,rest
105.5013,-990957,rest
105.5050,-342133,rest
105.5071,90998,rest
105.5118,866431,rest
105.5138,870026,rest
105.5144,-941762,rest
105.5175,-297870,rest
105.5221,87002,rest
105.5272,912304,rest
105.5295,932170,rest
105.5340,-877522,rest
105.5384,-295926,rest
105.5466,73934,rest
105.5501,903348,rest
105.5527,933592,rest
105.5572,-830461,rest
105.5630,-311139,rest
105.5647,56717,rest
105.5692,901297,rest
105.5706,993506,rest
105.5778,-750938,rest
105.5815,-313184,rest
105.5840,42667,rest
105.5872,884982,rest
105.5933,998356,rest
105.5978,-687741,rest
105.5992,-444484,rest
105.6054,1244,rest
105.6103,835684,rest
105.6134,981542,rest
105.6167,-614927,rest
105.6208,-516894,rest
105.6266,-26961,rest
105.6291,778008,rest
105.6344,966968,rest
105.6374,-522030,rest
105.6423,-528016,rest
105.6445,-34299,rest
105.6461,737176,rest
105.6486,956302,rest
105.6581,-421159,rest
105.6598,-566370,rest
105.6634,-51187,rest
105.6658,691293,rest
105.6698,1023649,rest
105.6760,-303096,rest
105.6794,-601401,rest
105.6832,-72098,rest
105.6868,643350,rest
105.6896,977533,rest
105.6941,-223159,rest
105.6996,-658741,rest
105.7025,-101710,rest
105.7090,598323,rest
105.7149,995080,rest
105.7205,-112392,rest
105.7236,-710190,rest
105.7301,-123678,rest
105.7307,556054,rest
105.7357,1202231,rest
105.7372,52912,rest
105.7411,-690010,rest
105.7429,-141330,rest
105.7466,492214,rest
105.7530,1026360,rest
105.7554,88046,rest
105.7627,-761723,rest
105.7712,-189117,rest
105.7735,431888,rest
105.7773,1000584,rest
105.7834,184835,rest
105.7870,-806586,rest
105.7872,-214970,rest
105.7876,386547,rest
105.7897,1160030,rest
105.7931,333873,rest
105.7980,-804486,rest
105.8062,-226773,rest
105.8098,330082,rest
105.8137,958084,rest
105.8182,341295,rest
105.8202,-910725,rest
105.8203,-276946,rest
105.8264,283933,rest
105.8336,1087167,rest
105.8338,509492,rest
105.8449,-878511,rest
105.8452,-256267,rest
105.8456,245639,rest
105.8489,962738,rest
105.8576,537038,rest
105.8580,-979593,rest
105.8615,-317824,rest
105.8653,192405,rest
105.8691,925022,rest
105.8735,620066,rest
105.8775,-1041029,rest
105.8777,-,rest
105.8819,312956,rest
105.8856,186960,rest
105.8898,1095355,rest
105.8909,8247,rest
105.8938,09,rest
105.8957,-968901,rest
105.8981,-274043,rest
105.9029,208206,rest
105.9065,929603,rest
105.9102,830805,rest
105.9148,-977035,rest
105.9184,-254916,rest
105.9226,239282,rest
105.9268,1034218,rest
105.9309,1009407,rest
105.9349,-875415,rest
105.9389,-187158,rest
105.9431,280384,rest
105.9548,1098546,rest
105.9550,1104001,rest
105.9552,-819737,rest
105.9594,-159008,rest
105.9635,268697,rest
105.9676,1054849,rest
105.9718,1103263,rest
105.9759,-802163,rest
105.9801,-195549,rest
105.9841,241268,rest
105.9882,1091285,rest
105.9924,1150053,rest
105.9965,-769847,rest
106.0006,-216507,rest
106.0044,199320,rest
106.0087,1046291,rest
106.0128,1106010,rest
106.0145,-7,rest
106.0168,62395,rest
106.0182,-2432,rest
106.0208,92,rest
106.0227,158229,rest
106.0250,995178,rest
106.0292,1097009,rest
106.0333,-731068,rest
106.0381,-250513,rest
