time_s,value,state
0.0038,66011,none
0.0071,65703,none
0.0110,66854,none
0.0150,67615,none
0.0190,68005,none
0.0231,67452,none
0.0281,68295,none
0.0313,68770,none
0.0357,69493,none
0.0394,69822,none
0.0436,70460,none
0.0477,70435,none
0.0520,70857,none
0.0560,71909,none
0.0600,71691,none
0.0639,71985,none
0.0696,72752,none
0.0730,73144,none
0.0768,73081,none
0.0805,73818,none
0.0886,74213,none
0.0901,74614,none
0.0915,7,none
0.0933,4797,none
0.0950,7565,none
0.0986,4,none
0.1020,76175,none
0.1026,76088,none
0.1053,77069,none
0.1104,76597,none
0.1206,77084,none
0.1252,78041,none
0.1269,78020,none
0.1270,78338,none
0.1350,79069,none
0.1364,80097,none
0.1400,79944,none
0.1535,80234,none
0.1545,80324,none
0.1587,80866,none
0.1614,81022,none
0.1614,81815,none
0.1674,81657,none
0.1679,82338,none
0.1729,82912,none
0.1768,83035,none
0.1870,83358,none
0.1900,83661,none
0.1907,84439,none
0.1928,84813,none
0.2020,85254,none
0.2046,85493,none
0.2054,85910,none
0.2081,85764,none
0.2176,86474,none
0.2188,87108,none
0.2198,87180,none
0.2212,8737,none
0.2240,0,none
0.2291,87588,none
0.2305,88128,none
0.2359,88406,none
0.2364,89193,none
0.2405,89389,none
0.2465,88883,none
0.2509,90181,none
0.2555,90580,none
0.2615,90857,none
0.2635,90655,none
0.2693,91403,none
0.2703,91476,none
0.2731,91836,none
0.2797,92150,none
0.2847,92522,none
0.2934,92416,none
0.2990,93258,none
0.2993,93451,none
0.2993,93912,none
0.3082,94771,none
0.3159,94789,none
0.3215,94736,none
0.3253,94464,none
0.3255,95717,none
0.3256,96047,none
0.3268,95942,none
0.3376,96985,none
0.3424,96668,none
0.3475,97209,none
0.3511,96928,none
0.3539,96854,none
0.3581,97689,none
0.3597,98382,none
0.3617,98557,none
0.3635,98348,none
0.3650,99186,none
0.3687,99419,none
0.3725,99759,none
0.3781,100053,none
0.3813,100222,none
0.3885,100372,none
0.3908,100817,none
0.4080,101223,none
0.4120,101225,none
0.4226,101350,none
0.4246,101507,none
0.4272,102000,none
0.4301,102872,none
0.4348,102660,none
0.4351,102921,none
0.4372,103002,none
0.4376,103051,none
0.4379,104526,none
0.4456,104349,none
0.4457,104592,none
0.4498,104597,none
0.4522,105162,none
0.4548,105727,none
0.4615,105653,none
0.4664,105786,none
0.4706,106987,none
0.4749,106381,none
0.4752,106611,none
0.4773,10,none
0.4842,6516,none
0.4871,107759,none
0.4892,107070,none
0.4895,108128,none
0.4943,108169,none
0.5022,108395,none
0.5139,108662,none
0.5197,108201,none
0.5391,109124,none
0.5392,109203,none
0.5404,110395,none
0.5408,110075,none
0.5415,109975,none
0.5419,110704,none
0.5420,110453,none
0.5420,110542,none
0.5443,111006,none
0.5445,111085,none
0.5479,111510,none
0.5517,111972,none
0.5593,112365,none
0.5607,112029,none
0.5659,112657,none
0.5707,112694,none
0.5724,112939,none
0.5790,112926,none
0.5856,113652,none
0.5860,113332,none
0.5930,114115,none
0.5954,114102,none
0.6009,114692,none
0.6042,114515,none
0.6123,115003,none
0.6124,114990,none
0.6137,115578,none
0.6140,115753,none
0.6199,115851,none
0.6230,116342,none
0.6256,116297,none
0.6352,116197,none
0.6360,116835,none
0.6379,117326,none
0.6429,116961,none
0.6470,117656,none
0.6531,118416,none
0.6567,118369,none
0.6611,118609,none
0.6627,118146,none
0.6709,118590,none
0.6713,118507,none
0.6783,119055,none
0.6784,119637,none
0.6879,119447,none
0.6881,119778,none
0.6908,119629,none
0.6964,119729,none
0.7019,120552,none
0.7094,120660,none
0.7205,120469,none
0.7214,120693,none
0.7220,121565,none
0.7223,121034,none
0.7243,121200,none
0.7313,121671,none
0.7346,122293,none
0.7374,122352,none
0.7397,122361,none
0.7442,122139,none
0.7445,122571,none
0.7497,122628,none
0.7520,122743,none
0.7617,123198,none
0.7619,123366,none
0.7647,123854,none
0.7695,123827,none
0.7726,123898,none
0.7773,124154,none
0.7872,124581,none
0.7931,124462,none
0.7931,124764,none
0.7974,124280,none
0.8027,125610,none
0.8045,125489,none
0.8100,126064,none
0.8101,125942,none
0.8142,126628,none
0.8282,125548,none
0.8282,126197,none
0.8296,126723,none
0.8370,126351,none
0.8391,126818,none
0.8489,126891,none
0.8546,127576,none
0.8546,127314,none
0.8547,127619,none
0.8548,128470,none
0.8616,1,none
0.8618,28613,none
0.8678,128462,none
0.8691,128380,none
0.8818,128527,none
0.8868,128623,none
0.8900,129027,none
0.8901,129560,none
0.8902,129752,none
0.8951,129605,none
0.8952,130043,none
0.9038,129768,none
0.9041,129750,none
0.9046,130421,none
0.9087,130473,none
0.9123,131168,none
0.9159,130368,flicker
0.9212,130834,flicker
0.9241,130918,flicker
0.9282,131125,flicker
0.9327,131085,flicker
0.9367,131315,flicker
0.9411,131658,flicker
0.9446,131852,flicker
0.9486,131833,flicker
0.9527,131744,flicker
0.9569,132259,flicker
0.9613,132091,flicker
0.9650,132481,flicker
0.9691,132491,flicker
0.9732,132717,flicker
0.9774,132994,flicker
0.9814,132871,flicker
0.9855,133137,flicker
0.9871,134,flicker
0.9898,134,flicker
0.9916,134113,flicker
0.9937,133964,flicker
0.9978,134090,flicker
1.0019,134052,flicker
1.0060,134500,flicker
1.0101,134239,flicker
1.0142,134842,flicker
1.0183,135073,flicker
1.0226,134848,flicker
1.0265,135418,flicker
1.0306,135014,flicker
1.0346,135546,flicker
1.0389,135727,flicker
1.0431,135143,flicker
1.0471,135583,flicker
1.0511,135833,flicker
1.0553,136528,flicker
1.0599,136287,flicker
1.0633,136274,flicker
1.0674,136902,flicker
1.0722,136425,flicker
1.0757,137013,flicker
1.0797,137148,flicker
1.0838,137256,flicker
1.0880,137595,flicker
1.0923,137201,flicker
1.0963,137079,flicker
1.1003,137398,flicker
1.1044,137597,flicker
1.1085,137904,flicker
1.1125,138458,flicker
1.1143,137,flicker
1.1166,968,flicker
1.1181,137531,flicker
1.1207,138459,flicker
1.1248,38428,flicker
1.1290,138722,flicker
1.1330,138814,flicker
1.1370,138570,flicker
1.1432,317,flicker
1.1455,138958,flicker
1.1495,139572,flicker
1.1534,139572,flicker
1.1577,3955,flicker
1.1621,140128,flicker
1.1657,139973,flicker
1.1698,139947,flicker
1.1740,40319,flicker
1.1787,140382,flicker
1.1821,140755,flicker
1.1862,140720,flicker
1.1903,40608,flicker
1.1945,140620,flicker
1.1986,140838,flicker
1.2027,141034,flicker
1.2067,141512,flicker
1.2108,141343,flicker
1.2150,141327,flicker
1.2191,141718,flicker
1.2232,141614,flicker
1.2272,142418,flicker
1.2312,141853,flicker
1.2353,142589,flicker
1.2395,142515,flicker
1.2411,142,flicker
1.2436,642,flicker
1.2450,14244,flicker
1.2476,5,flicker
1.2477,142438,flicker
1.2518,142851,flicker
1.2560,143022,flicker
1.2602,143311,flicker
1.2641,142838,flicker
1.2682,143294,flicker
1.2724,143795,flicker
1.2766,143196,flicker
1.2805,142938,flicker
1.2845,143960,flicker
1.2888,143833,flicker
1.2939,143363,flicker
1.2968,143377,flicker
1.3009,143604,flicker
1.3051,144575,flicker
1.3091,143832,flicker
1.3132,144425,flicker
1.3173,144070,flicker
1.3215,143825,flicker
1.3259,144805,flicker
1.3298,144882,flicker
1.3338,144840,flicker
1.3377,145257,flicker
1.3420,45062,flicker
1.3464,145279,flicker
1.3502,145344,flicker
1.3545,145686,flicker
1.3584,4492,flicker
1.3630,145816,flicker
1.3665,145834,flicker
1.3675,14,flicker
1.3706,6209,flicker
1.3722,14612,flicker
1.3757,14615,flicker
1.3788,146249,flicker
1.3828,146588,flicker
1.3869,146246,flicker
1.3912,46527,flicker
1.3951,146858,flicker
1.3992,146464,flicker
1.4033,146965,flicker
1.4092,47,flicker
1.4116,147558,flicker
1.4156,147518,flicker
1.4197,146545,flicker
1.4251,445,flicker
1.4285,147249,flicker
1.4320,147581,flicker
1.4360,147431,flicker
1.4404,147306,flicker
1.4444,147501,flicker
1.4484,148177,flicker
1.4525,148368,flicker
1.4566,148148,flicker
1.4607,148465,flicker
1.4647,148337,flicker
1.4688,148772,flicker
1.4732,148748,flicker
1.4776,148367,flicker
1.4811,148770,flicker
1.4852,148516,flicker
1.4893,148557,flicker
1.4934,148612,flicker
1.4945,14,flicker
1.4975,8739,flicker
1.4991,14880,flicker
1.5017,6,flicker
1.5017,148730,flicker
1.5058,149226,flicker
1.5100,149338,flicker
1.5141,149364,flicker
1.5180,149548,flicker
1.5223,149490,flicker
1.5262,149083,flicker
1.5303,149755,flicker
1.5343,149745,flicker
1.5386,150119,flicker
1.5433,150383,flicker
1.5468,149717,flicker
1.5508,150201,flicker
1.5554,150200,flicker
1.5598,150302,flicker
1.5632,150560,flicker
1.5672,150326,flicker
1.5715,150313,flicker
1.5755,150571,flicker
1.5795,150870,flicker
1.5835,150806,flicker
1.5879,151378,flicker
1.5927,150870,flicker
1.5958,150888,flicker
1.5999,151122,flicker
1.6040,151243,flicker
1.6081,51632,flicker
1.6126,151296,flicker
1.6164,151631,flicker
1.6205,151485,flicker
1.6223,15,flicker
1.6246,5,flicker
1.6286,6,flicker
1.6295,152215,flicker
1.6327,152261,flicker
1.6367,152274,flicker
1.6410,5221,flicker
1.6457,151751,flicker
1.6490,152368,flicker
1.6531,152293,flicker
1.6615,152338,flicker
1.6656,152568,flicker
1.6697,152681,flicker
1.6739,261,flicker
1.6782,152619,flicker
1.6818,153064,flicker
1.6859,152752,flicker
1.6917,1,flicker
1.6942,153162,flicker
1.6982,153612,flicker
1.7023,153089,flicker
1.7065,153253,flicker
1.7106,153963,flicker
1.7147,153730,flicker
1.7188,153124,flicker
1.7228,153862,flicker
1.7271,153746,flicker
1.7309,153755,flicker
1.7351,153566,flicker
1.7395,154015,flicker
1.7437,154112,flicker
1.7474,154149,flicker
1.7489,1,flicker
1.7515,54271,flicker
1.7527,1540,flicker
1.7557,89,flicker
1.7572,154400,flicker
1.7598,154427,flicker
1.7638,154327,flicker
1.7679,154295,flicker
1.7722,154530,flicker
1.7761,154758,flicker
1.7801,154467,flicker
1.7842,154549,flicker
1.7884,154346,flicker
1.7928,154911,flicker
1.7965,155121,flicker
1.8006,154898,flicker
1.8049,154725,flicker
1.8088,55511,flicker
1.8134,155220,flicker
1.8170,155838,flicker
1.8213,155289,flicker
1.8252,55394,flicker
1.8300,155547,flicker
1.8334,155784,flicker
1.8375,155151,flicker
1.8416,55433,flicker
1.8463,155654,flicker
1.8502,155407,flicker
1.8539,155783,flicker
1.8580,55661,flicker
1.8633,155733,flicker
1.8664,156225,flicker
1.8703,155803,flicker
1.8744,5600,flicker
1.8785,56495,flicker
1.8799,1563,flicker
1.8825,76,flicker
1.8836,155985,flicker
1.8866,156351,flicker
1.8908,56400,flicker
1.8952,156588,flicker
1.8989,156548,flicker
1.9030,156681,flicker
1.9071,57023,flicker
1.9122,157099,flicker
1.9153,156490,flicker
1.9194,157079,flicker
1.9252,1694,flicker
1.9281,156702,flicker
1.9318,157542,flicker
1.9358,156854,flicker
1.9399,157353,flicker
1.9441,157313,flicker
1.9481,156972,flicker
1.9521,157836,flicker
1.9562,157644,flicker
1.9603,157694,flicker
1.9644,157328,flicker
1.9686,157338,flicker
1.9726,157946,flicker
1.9768,157955,flicker
1.9808,157943,flicker
1.9849,157898,flicker
1.9891,157669,flicker
1.9931,158036,flicker
1.9972,157688,flicker
2.0013,158254,flicker
2.0024,1,flicker
2.0057,57561,flicker
2.0069,158,flicker
2.0096,180,flicker
2.0110,158591,flicker
2.0137,158324,flicker
2.0178,158337,flicker
2.0220,158353,flicker
2.0261,158362,flicker
2.0299,158659,flicker
2.0340,158466,flicker
2.0382,158942,flicker
2.0424,158510,flicker
2.0464,158244,flicker
2.0504,159098,flicker
2.0547,158837,flicker
2.0594,158470,flicker
2.0627,158897,flicker
2.0668,159275,flicker
2.0709,158949,flicker
2.0751,158965,flicker
2.0791,158425,flicker
2.0832,159200,flicker
2.0873,159418,flicker
2.0966,159792,flicker
2.0997,158923,flicker
2.1038,159228,flicker
2.1078,159295,flicker
2.1119,159726,flicker
2.1160,160034,flicker
2.1201,160023,flicker
2.1260,588,flicker
2.1283,159843,flicker
2.1324,159653,flicker
2.1333,160,flicker
2.1365,387,flicker
2.1378,159857,flicker
2.1423,159,flicker
2.1451,160021,flicker
2.1487,160049,flicker
2.1528,159935,flicker
2.1571,160407,flicker
2.1610,159542,flicker
2.1651,160264,flicker
2.1692,160214,flicker
2.1735,160013,flicker
2.1774,160216,flicker
2.1815,160425,flicker
2.1856,159960,flicker
2.1897,160350,flicker
2.1939,160175,flicker
2.1980,160087,flicker
2.2021,160695,flicker
2.2061,160238,flicker
2.2104,160524,flicker
2.2145,160838,flicker
2.2185,160578,flicker
2.2225,160581,flicker
2.2268,160413,flicker
2.2307,160638,flicker
2.2348,160180,flicker
2.2391,161128,flicker
2.2432,160924,flicker
2.2471,160860,flicker
2.2512,161014,flicker
2.2556,161037,flicker
2.2601,160936,flicker
2.2610,16,flicker
2.2634,1003,flicker
2.2648,16083,flicker
2.2676,7,flicker
2.2676,160998,flicker
2.2720,161009,flicker
2.2764,161332,flicker
2.2798,161900,flicker
2.2839,161071,flicker
2.2881,161211,flicker
2.2922,161353,flicker
2.2963,161350,flicker
2.3003,161501,flicker
2.3044,161420,flicker
2.3088,161848,flicker
2.3126,161668,flicker
2.3167,161337,flicker
2.3208,161656,flicker
2.3250,161620,flicker
2.3290,161797,flicker
2.3330,161661,flicker
2.3371,161746,flicker
2.3424,61,flicker
2.3455,161879,flicker
2.3495,161581,flicker
2.3536,162153,flicker
2.3576,61860,flicker
2.3618,162440,flicker
2.3658,161953,flicker
2.3699,161822,flicker
2.3754,67,flicker
2.3789,162694,flicker
2.3823,162449,flicker
2.3864,162566,flicker
2.3882,16,flicker
2.3905,4,flicker
2.3917,627,flicker
2.3945,6,flicker
2.3947,162377,flicker
2.3986,162781,flicker
2.4027,163121,flicker
2.4084,1228,flicker
2.4113,162258,flicker
2.4150,162891,flicker
2.4191,162686,flicker
2.4233,162787,flicker
2.4272,162699,flicker
2.4313,162843,flicker
2.4354,162306,flicker
2.4396,162774,flicker
2.4438,162927,flicker
2.4477,163028,flicker
2.4518,162876,flicker
2.4560,162693,flicker
2.4602,163150,flicker
2.4641,162767,flicker
2.4682,163178,flicker
2.4724,162931,flicker
2.4764,163234,flicker
2.4805,162821,flicker
2.4846,163002,flicker
2.4888,163225,flicker
2.4932,163203,flicker
2.4969,163675,flicker
2.5010,163488,flicker
2.5053,163445,flicker
2.5092,163642,flicker
2.5133,163361,flicker
2.5146,16,flicker
2.5174,3804,flicker
2.5191,16393,flicker
2.5215,7,flicker
2.5216,163420,flicker
2.5257,163598,flicker
2.5298,163838,flicker
2.5338,163825,flicker
2.5381,164205,flicker
2.5420,163752,flicker
2.5463,163391,flicker
2.5501,163927,flicker
2.5543,163599,flicker
2.5590,164014,flicker
2.5624,164035,flicker
2.5665,164181,flicker
2.5706,163979,flicker
2.5764,601,flicker
2.5789,164216,flicker
2.5839,163979,flicker
2.5870,163911,flicker
2.5926,6390,flicker
2.5953,164042,flicker
2.5993,164371,flicker
2.6034,163954,flicker
2.6075,63654,flicker
2.6118,164067,flicker
2.6157,164360,flicker
2.6198,164117,flicker
2.6239,6219,flicker
2.6279,164074,flicker
2.6324,164003,flicker
2.6363,164056,flicker
2.6419,816,flicker
2.6451,4085,flicker
2.6469,1645,flicker
2.6485,15,flicker
2.6497,164488,flicker
2.6526,164089,flicker
2.6567,164710,flicker
2.6608,164675,flicker
2.6648,164310,flicker
2.6689,164523,flicker
2.6732,164408,flicker
2.6771,164551,flicker
2.6812,164596,flicker
2.6853,164953,flicker
2.6895,164448,flicker
2.6937,165020,flicker
2.6978,164883,flicker
2.7018,164176,flicker
2.7059,164724,flicker
2.7100,165305,flicker
2.7139,164394,flicker
2.7180,165166,flicker
2.7225,164569,flicker
2.7269,165277,flicker
2.7305,164655,flicker
2.7345,164820,flicker
2.7389,164846,flicker
2.7433,164758,flicker
2.7468,164996,flicker
2.7509,165137,flicker
2.7562,164792,flicker
2.7598,165098,flicker
2.7632,165306,flicker
2.7677,165297,flicker
2.7689,1,flicker
2.7717,65030,flicker
2.7735,1655,flicker
2.7755,27,flicker
2.7779,165435,flicker
2.7795,165274,flicker
2.7836,165393,flicker
2.7878,165446,flicker
2.7922,165509,flicker
2.7959,165250,flicker
2.8000,164953,flicker
2.8041,165345,flicker
2.8083,65,flicker
2.8134,165057,flicker
2.8164,165905,flicker
2.8205,165213,flicker
2.8246,165417,flicker
2.8287,165403,flicker
2.8327,165279,flicker
2.8368,165697,flicker
2.8410,6514,flicker
2.8451,165785,flicker
2.8498,165868,flicker
2.8533,165337,flicker
2.8573,65245,flicker
2.8614,165308,flicker
2.8658,165971,flicker
2.8696,165845,flicker
2.8739,16562,flicker
2.8785,165753,flicker
2.8821,166030,flicker
2.8860,165506,flicker
2.8902,165906,flicker
2.8946,165681,flicker
2.8959,1,flicker
2.8983,66427,flicker
2.8996,1662,flicker
2.9024,50,flicker
2.9042,166137,flicker
2.9066,165902,flicker
2.9106,166603,flicker
2.9147,166250,flicker
2.9188,165836,flicker
2.9229,166227,flicker
2.9270,165505,flicker
2.9311,166111,flicker
2.9351,165888,flicker
2.9393,165805,flicker
2.9434,166055,flicker
2.9475,166770,flicker
2.9516,166541,flicker
2.9559,166422,flicker
2.9599,166065,flicker
2.9638,166544,flicker
2.9679,166536,flicker
2.9721,166106,flicker
2.9761,166461,flicker
2.9802,166799,flicker
2.9843,166492,flicker
2.9885,165931,flicker
2.9928,166147,flicker
2.9966,166297,flicker
3.0006,166230,flicker
3.0049,166291,flicker
3.0092,166769,flicker
3.0130,166485,flicker
3.0171,166866,flicker
3.0213,166915,flicker
3.0259,166390,flicker
3.0276,167,flicker
3.0294,060,flicker
3.0306,166426,flicker
3.0335,166660,flicker
3.0378,166166,flicker
3.0420,166161,flicker
3.0458,166945,flicker
3.0499,166458,flicker
3.0539,166941,flicker
3.0584,166952,flicker
3.0622,166674,flicker
3.0663,166607,flicker
3.0704,166909,flicker
3.0789,166895,flicker
3.0826,166729,flicker
3.0867,166869,flicker
3.0909,66708,flicker
3.0964,167031,flicker
3.0990,166605,flicker
3.1031,166506,flicker
3.1125,166478,flicker
3.1155,167195,flicker
3.1196,166943,flicker
3.1257,7,flicker
3.1288,166530,flicker
3.1319,166745,flicker
3.1360,166744,flicker
3.1402,18,flicker
3.1443,166517,flicker
3.1482,166770,flicker
3.1522,166937,flicker
3.1532,166,flicker
3.1564,749,flicker
3.1576,167149,flicker
3.1605,167027,flicker
3.1645,167235,flicker
3.1686,167605,flicker
3.1728,167445,flicker
3.1769,166698,flicker
3.1810,166820,flicker
3.1850,166882,flicker
3.1891,167336,flicker
3.1937,167073,flicker
3.1973,166743,flicker
3.2014,167382,flicker
3.2056,167205,flicker
3.2099,167377,flicker
3.2137,167554,flicker
3.2178,167498,flicker
3.2220,166832,flicker
3.2261,167258,flicker
3.2302,167484,flicker
3.2342,167860,flicker
3.2390,167441,flicker
3.2432,167195,flicker
3.2464,167359,flicker
3.2505,167541,flicker
3.2546,167594,flicker
3.2591,167467,flicker
3.2630,167305,flicker
3.2670,167766,flicker
3.2713,167372,flicker
3.2758,167924,flicker
3.2792,167824,flicker
3.2803,16,flicker
3.2833,7792,flicker
3.2843,168344,flicker
3.2875,167383,flicker
3.2964,167429,flicker
3.2997,167819,flicker
3.3038,168158,flicker
3.3080,6748,flicker
3.3120,67848,flicker
3.3162,167226,flicker
3.3202,167148,flicker
3.3261,6772,flicker
3.3291,167959,flicker
3.3324,167125,flicker
3.3366,167727,flicker
3.3424,668,flicker
3.3454,168116,flicker
3.3488,168324,flicker
3.3529,168245,flicker
3.3582,67899,flicker
3.3617,168162,flicker
3.3652,167838,flicker
3.3693,167835,flicker
3.3736,16802,flicker
3.3775,167795,flicker
3.3817,168006,flicker
3.3858,168113,flicker
3.3898,167930,flicker
3.3939,167934,flicker
3.3980,168373,flicker
3.4021,167991,flicker
3.4062,168263,flicker
3.4075,16,flicker
3.4104,7723,flicker
3.4116,16803,flicker
3.4143,1,flicker
3.4144,167812,flicker
3.4185,168038,flicker
3.4226,167699,flicker
3.4272,167939,flicker
3.4307,167747,flicker
3.4348,167916,flicker
3.4391,168157,flicker
3.4430,167904,flicker
3.4471,168513,flicker
3.4512,168637,flicker
3.4554,167583,flicker
3.4599,168196,flicker
3.4635,168636,flicker
3.4676,168351,flicker
3.4719,168135,flicker
3.4763,168704,flicker
3.4799,167650,flicker
3.4840,168690,flicker
3.4882,167888,flicker
3.4922,168028,flicker
3.4963,168555,flicker
3.5004,168421,flicker
3.5045,167944,flicker
3.5086,68443,flicker
3.5130,168265,flicker
3.5173,167957,flicker
3.5209,168328,flicker
3.5250,168444,flicker
3.5290,168244,flicker
3.5331,168270,flicker
3.5345,16,flicker
3.5373,7884,flicker
3.5384,16855,flicker
3.5415,168407,flicker
3.5468,168665,flicker
3.5496,167853,flicker
3.5536,168489,flicker
3.5593,181,flicker
3.5625,168537,flicker
3.5660,168616,flicker
3.5701,168312,flicker
3.5741,68474,flicker
3.5796,168502,flicker
3.5824,168914,flicker
3.5864,168573,flicker
3.5906,6858,flicker
3.5946,168470,flicker
3.5988,168471,flicker
3.6028,168674,flicker
3.6084,16367,flicker
3.6113,168702,flicker
3.6151,168476,flicker
3.6191,169070,flicker
3.6233,168492,flicker
3.6275,169132,flicker
3.6315,168397,flicker
3.6357,168626,flicker
3.6396,168394,flicker
3.6437,168494,flicker
3.6478,168604,flicker
3.6519,168662,flicker
3.6561,168649,flicker
3.6602,168427,flicker
3.6615,16,flicker
3.6643,8447,flicker
3.6656,16870,flicker
3.6683,8,flicker
3.6684,168922,flicker
3.6726,168779,flicker
3.6771,168599,flicker
3.6807,168767,flicker
3.6848,168777,flicker
3.6890,168890,flicker
3.6930,168947,flicker
3.6971,168913,flicker
3.7011,168565,flicker
3.7055,169898,flicker
3.7097,168867,flicker
3.7134,169005,flicker
3.7174,168815,flicker
3.7220,168865,flicker
3.7268,168895,flicker
3.7297,169025,flicker
3.7338,169400,flicker
3.7380,169051,flicker
3.7424,168628,flicker
3.7461,168937,flicker
3.7502,168700,flicker
3.7545,168794,flicker
3.7587,169303,flicker
3.7625,168750,flicker
3.7666,168906,flicker
3.7707,168640,flicker
3.7765,66,flicker
3.7790,168640,flicker
3.7830,168202,flicker
3.7871,168906,flicker
3.7885,1,flicker
3.7913,8814,flicker
3.7930,692,flicker
3.7953,16,flicker
3.7967,169022,flicker
3.7994,169394,flicker
3.8034,169429,flicker
3.8077,169313,flicker
3.8118,168926,flicker
3.8158,168767,flicker
3.8198,169166,flicker
3.8240,69350,flicker
3.8284,169264,flicker
3.8321,169052,flicker
3.8362,169624,flicker
3.8405,9376,flicker
3.8451,168911,flicker
3.8486,169069,flicker
3.8526,169223,flicker
3.8568,169641,flicker
3.8609,169355,flicker
3.8649,169629,flicker
3.8690,168945,flicker
3.8731,169071,flicker
3.8774,169193,flicker
3.8814,168947,flicker
3.8855,169373,flicker
3.8896,169425,flicker
3.8938,169575,flicker
3.8977,169753,flicker
3.9018,169181,flicker
3.9059,169274,flicker
3.9106,169339,flicker
3.9142,169691,flicker
3.9153,1,flicker
3.9183,69672,flicker
3.9199,1692,flicker
3.9225,19,flicker
3.9235,169507,flicker
3.9266,169506,flicker
3.9306,169294,flicker
3.9347,169412,flicker
3.9389,169106,flicker
3.9431,169549,flicker
3.9468,169338,flicker
3.9509,169314,flicker
3.9551,169400,flicker
3.9594,169220,flicker
3.9632,169496,flicker
3.9673,169748,flicker
3.9715,169500,flicker
3.9762,169929,flicker
3.9796,169505,flicker
3.9837,169349,flicker
3.9878,169527,flicker
3.9922,169040,flicker
3.9962,169430,flicker
4.0002,169807,flicker
4.0046,168877,flicker
4.0083,69285,flicker
4.0131,169205,flicker
4.0165,169281,flicker
4.0208,169215,flicker
4.0248,69,flicker
4.0289,169374,flicker
4.0333,169372,flicker
4.0369,169421,flicker
4.0428,701,flicker
4.0459,70008,flicker
4.0472,1697,flicker
4.0492,53,flicker
4.0503,169820,flicker
4.0533,169630,flicker
4.0588,67,flicker
4.0618,169708,flicker
4.0656,169990,flicker
4.0697,170066,flicker
4.0739,6563,flicker
4.0779,169816,flicker
4.0820,169496,flicker
4.0861,169891,flicker
4.0915,195,flicker
4.0954,169656,flicker
4.0985,169559,flicker
4.1026,169707,flicker
4.1066,169584,flicker
4.1107,169908,flicker
4.1147,170289,flicker
4.1188,169530,flicker
4.1230,169255,flicker
4.1274,169616,flicker
4.1311,169335,flicker
4.1352,169633,flicker
4.1393,169799,flicker
4.1435,169463,flicker
4.1475,170309,flicker
4.1516,169262,flicker
4.1561,169708,flicker
4.1601,169582,flicker
4.1640,169651,flicker
4.1681,169725,flicker
4.1723,169851,flicker
4.1738,170,flicker
4.1763,067,flicker
4.1775,169192,flicker
4.1803,169506,flicker
4.1844,169895,flicker
4.1888,169684,flicker
4.1926,169801,flicker
4.1967,169827,flicker
4.2008,169780,flicker
4.2050,170160,flicker
4.2092,169958,flicker
4.2131,169758,flicker
4.2171,169665,flicker
4.2213,169496,flicker
4.2260,169535,flicker
4.2296,169370,flicker
4.2337,169589,flicker
4.2376,170031,flicker
4.2418,69896,flicker
4.2484,170123,flicker
4.2499,169900,flicker
4.2540,169503,flicker
4.2581,69952,flicker
4.2624,170058,flicker
4.2664,169713,flicker
4.2704,169382,flicker
4.2747,6961,flicker
4.2787,170184,flicker
4.2827,169534,flicker
4.2868,169461,flicker
4.2909,70013,flicker
4.2958,170437,flicker
4.2991,169693,flicker
4.3002,169,flicker
4.3032,912,flicker
4.3047,17009,flicker
4.3074,748,flicker
4.3117,169611,flicker
4.3155,170062,flicker
4.3196,169532,flicker
4.3236,69685,flicker
4.3282,169712,flicker
4.3318,169965,flicker
4.3360,169534,flicker
4.3402,1966,flicker
4.3447,169988,flicker
4.3483,169741,flicker
4.3524,170243,flicker
4.3564,169791,flicker
4.3605,169262,flicker
4.3646,169689,flicker
4.3687,170008,flicker
4.3730,170163,flicker
4.3769,169972,flicker
4.3810,169962,flicker
4.3851,169925,flicker
4.3892,169676,flicker
4.3934,170070,flicker
4.3973,169724,flicker
4.4014,169826,flicker
4.4057,170021,flicker
4.4098,169890,flicker
4.4137,169739,flicker
4.4178,169254,flicker
4.4222,170272,flicker
4.4263,169854,flicker
4.4276,16,flicker
4.4301,9955,flicker
4.4312,17007,flicker
4.4342,3,flicker
4.4343,170555,flicker
4.4386,169810,flicker
4.4429,170642,flicker
4.4466,170210,flicker
4.4506,170164,flicker
4.4551,170479,flicker
4.4589,169582,flicker
4.4629,169895,flicker
4.4670,170754,flicker
4.4714,169909,flicker
4.4767,6973,flicker
4.4793,169908,flicker
4.4834,170123,flicker
4.4875,169846,flicker
4.4919,169785,flicker
4.4957,170135,flicker
4.4998,169857,flicker
4.5038,169951,flicker
4.5080,70175,flicker
4.5124,170292,flicker
4.5161,170373,flicker
4.5202,170361,flicker
4.5245,7015,flicker
4.5285,170055,flicker
4.5326,170228,flicker
4.5366,170292,flicker
4.5421,6984,flicker
4.5450,170362,flicker
4.5489,169801,flicker
4.5531,170154,flicker
4.5541,17,flicker
4.5586,6810,flicker
4.5612,71,flicker
4.5627,170115,flicker
4.5653,170405,flicker
4.5694,169900,flicker
4.5736,1705,flicker
4.5777,170079,flicker
4.5822,169992,flicker
4.5858,170467,flicker
4.5900,170681,flicker
4.5940,170013,flicker
4.5982,170515,flicker
4.6023,170505,flicker
4.6063,170107,flicker
4.6108,169457,flicker
4.6144,170311,flicker
4.6186,170523,flicker
4.6227,169985,flicker
4.6270,169760,flicker
4.6309,170444,flicker
4.6350,170170,flicker
4.6392,170103,flicker
4.6431,170215,flicker
4.6472,170573,flicker
4.6513,170233,flicker
4.6556,170528,flicker
4.6596,169952,flicker
4.6636,170210,flicker
4.6677,170438,flicker
4.6720,170303,flicker
4.6765,170381,flicker
4.6800,170282,flicker
4.6811,17,flicker
4.6841,0257,flicker
4.6852,1701,flicker
4.6885,78,flicker
4.6898,170217,flicker
4.6929,169674,flicker
4.6964,170209,flicker
4.7005,170174,flicker
4.7046,170074,flicker
4.7102,7,flicker
4.7135,170095,flicker
4.7169,170505,flicker
4.7212,170434,flicker
4.7259,170109,flicker
4.7291,170163,flicker
4.7333,170462,flicker
4.7374,169970,flicker
4.7417,70182,flicker
4.7464,170346,flicker
4.7497,170058,flicker
4.7537,170707,flicker
4.7579,6997,flicker
4.7625,170370,flicker
4.7660,170171,flicker
4.7701,170552,flicker
4.7784,170522,flicker
4.7824,169984,flicker
4.7866,170497,flicker
4.7923,7,flicker
4.7948,170972,flicker
4.7988,170428,flicker
4.8028,170709,flicker
4.8088,17,flicker
4.8112,70869,flicker
4.8123,1701,flicker
4.8151,34,flicker
4.8156,170556,flicker
4.8193,170486,flicker
4.8234,170301,flicker
4.8280,170005,flicker
4.8317,170334,flicker
4.8357,170755,flicker
4.8397,170497,flicker
4.8438,169692,flicker
4.8479,170246,flicker
4.8520,170277,flicker
4.8561,170253,flicker
4.8603,170576,flicker
4.8643,170209,flicker
4.8684,169704,flicker
4.8726,170722,flicker
4.8768,170511,flicker
4.8808,169866,flicker
4.8848,170325,flicker
4.8890,170685,flicker
4.8931,170310,flicker
4.8971,170590,flicker
4.9011,170373,flicker
4.9055,170495,flicker
4.9098,170243,flicker
4.9134,170474,flicker
4.9176,170375,flicker
4.9219,170549,flicker
4.9265,170663,flicker
4.9299,170285,flicker
4.9339,170758,flicker
4.9351,1,flicker
4.9381,70362,flicker
4.9396,170,flicker
4.9424,534,flicker
4.9433,170260,flicker
4.9463,170610,flicker
4.9503,170320,flicker
4.9551,170584,flicker
4.9587,169936,flicker
4.9626,170438,flicker
4.9667,170557,flicker
4.9708,171177,flicker
4.9759,170527,flicker
4.9790,169963,flicker
4.9831,170277,flicker
4.9872,170963,flicker
4.9930,7066,flicker
4.9954,170241,flicker
4.9995,171064,flicker
5.0036,170470,flicker
5.0078,70524,flicker
5.0121,170350,flicker
5.0158,170698,flicker
5.0199,170582,flicker
5.0243,17062,flicker
5.0287,170558,flicker
5.0322,169876,flicker
5.0364,170487,flicker
5.0405,170720,flicker
5.0445,170660,flicker
5.0486,170751,flicker
5.0527,170537,flicker
5.0587,17,flicker
5.0609,170076,flicker
5.0650,170136,flicker
5.0664,170,flicker
5.0692,509,flicker
5.0706,170695,flicker
5.0733,170262,flicker
5.0774,170553,flicker
5.0814,170893,flicker
5.0856,170259,flicker
5.0896,170958,flicker
5.0937,170819,flicker
5.0977,170671,flicker
5.1018,171189,flicker
5.1063,170259,flicker
5.1105,170382,flicker
5.1142,170503,flicker
5.1183,170418,flicker
5.1225,170581,flicker
5.1264,170326,flicker
5.1306,170242,flicker
5.1346,170454,flicker
5.1389,170993,flicker
5.1429,170909,flicker
5.1469,170773,flicker
5.1510,170491,flicker
5.1553,170781,flicker
5.1596,170519,flicker
5.1633,170479,flicker
5.1674,171202,flicker
5.1719,170604,flicker
5.1757,170535,flicker
5.1798,170535,flicker
5.1839,171431,flicker
5.1886,170264,flicker
5.1925,70181,flicker
5.1936,170,flicker
5.1961,819,flicker
5.1975,170474,flicker
5.2002,170587,flicker
5.2044,170377,flicker
5.2088,170684,flicker
5.2126,170524,flicker
5.2166,170479,flicker
5.2206,170771,flicker
5.2250,170598,flicker
5.2290,170452,flicker
5.2330,169797,flicker
5.2370,170697,flicker
5.2411,170307,flicker
5.2453,170965,flicker
5.2494,170330,flicker
5.2535,170494,flicker
5.2595,1705,flicker
5.2616,170293,flicker
5.2657,170912,flicker
5.2698,170496,flicker
5.2741,70718,flicker
5.2784,170528,flicker
5.2821,170464,flicker
5.2862,170770,flicker
5.2905,1,flicker
5.2947,170804,flicker
5.2986,170640,flicker
5.3026,170330,flicker
5.3067,170752,flicker
5.3108,171133,flicker
5.3148,170724,flicker
5.3189,170190,flicker
5.3203,17,flicker
5.3232,0006,flicker
5.3247,17057,flicker
5.3276,5,flicker
5.3277,170938,flicker
5.3312,170776,flicker
5.3353,170807,flicker
5.3395,170669,flicker
5.3437,170959,flicker
5.3477,171042,flicker
5.3518,170460,flicker
5.3558,170515,flicker
5.3602,171079,flicker
5.3640,170535,flicker
5.3681,170861,flicker
5.3723,170670,flicker
5.3763,170987,flicker
5.3804,170808,flicker
5.3845,170794,flicker
5.3888,170400,flicker
5.3933,170621,flicker
5.3969,170925,flicker
5.4010,170790,flicker
5.4052,170777,flicker
5.4096,170627,flicker
5.4133,170877,flicker
5.4174,170824,flicker
5.4217,170883,flicker
5.4258,170490,flicker
5.4296,170275,flicker
5.4336,170887,flicker
5.4377,170667,flicker
5.4420,762,flicker
5.4461,170808,flicker
5.4471,17,flicker
5.4501,0675,flicker
5.4517,17115,flicker
5.4544,9,flicker
5.4547,170687,flicker
5.4604,70,flicker
5.4623,170829,flicker
5.4664,170522,flicker
5.4705,171076,flicker
5.4746,170863,flicker
5.4789,170680,flicker
5.4830,170885,flicker
5.4869,170779,flicker
5.4912,7174,flicker
5.4955,171154,flicker
5.4993,170527,flicker
5.5033,170773,flicker
5.5088,718,flicker
5.5116,170635,flicker
5.5156,171085,flicker
5.5196,171339,flicker
5.5254,71027,flicker
5.5281,170890,flicker
5.5320,170921,flicker
5.5362,170763,flicker
5.5403,170341,flicker
5.5445,170057,flicker
5.5483,170976,flicker
5.5525,170439,flicker
5.5567,170755,flicker
5.5606,170859,flicker
5.5647,170649,flicker
5.5688,170408,flicker
5.5729,170458,flicker
5.5744,17,flicker
5.5771,0577,flicker
5.5783,17074,flicker
5.5812,0,flicker
5.5827,170855,flicker
5.5852,170701,flicker
5.5893,170863,flicker
5.5936,170344,flicker
5.5975,170727,flicker
5.6017,170914,flicker
5.6060,171190,flicker
5.6100,170820,flicker
5.6139,170647,flicker
5.6180,170666,flicker
5.6224,171006,flicker
5.6267,170999,flicker
5.6302,170597,flicker
5.6343,170761,flicker
5.6386,170939,flicker
5.6430,171002,flicker
5.6467,170899,flicker
5.6507,170595,flicker
5.6551,170698,flicker
5.6592,171005,flicker
5.6630,170432,flicker
5.6671,170799,flicker
5.6714,170614,flicker
5.6753,170689,flicker
5.6794,170934,flicker
5.6835,170416,flicker
5.6878,170676,flicker
5.6918,70795,flicker
5.6962,170596,flicker
5.7000,171348,flicker
5.7013,1,flicker
5.7040,70643,flicker
5.7052,1710,flicker
5.7086,28,flicker
5.7097,170376,flicker
5.7122,170627,flicker
5.7162,170469,flicker
5.7203,171276,flicker
5.7245,743,flicker
5.7293,170639,flicker
5.7326,171246,flicker
5.7367,170989,flicker
5.7433,70,flicker
5.7452,170386,flicker
5.7490,170833,flicker
5.7532,170790,flicker
5.7591,70622,flicker
5.7613,170315,flicker
5.7654,170963,flicker
5.7695,170841,flicker
5.7779,170535,flicker
5.7820,171010,flicker
5.7861,171094,flicker
5.7901,170678,flicker
5.7941,170978,flicker
5.7982,171166,flicker
5.8023,170386,flicker
5.8065,170965,flicker
5.8106,170557,flicker
5.8147,170902,flicker
5.8187,170682,flicker
5.8227,170630,flicker
5.8269,170747,flicker
5.8283,1,flicker
5.8310,70148,flicker
5.8325,1702,flicker
5.8351,62,flicker
5.8366,170535,flicker
5.8393,170917,flicker
5.8442,170857,flicker
5.8474,170827,flicker
5.8515,170809,flicker
5.8558,170676,flicker
5.8605,171297,flicker
5.8637,171099,flicker
5.8677,170468,flicker
5.8727,170786,flicker
5.8765,171093,flicker
5.8803,170703,flicker
5.8843,171350,flicker
5.8885,171142,flicker
5.8924,171251,flicker
5.8964,170772,flicker
5.9006,170872,flicker
5.9048,170898,flicker
5.9089,170721,flicker
5.9130,170870,flicker
5.9170,170496,flicker
5.9217,170811,flicker
5.9254,170435,flicker
5.9292,171040,flicker
5.9333,171171,flicker
5.9374,170940,flicker
5.9416,70710,flicker
5.9459,170549,flicker
5.9497,171359,flicker
5.9538,171001,flicker
5.9583,171098,flicker
5.9593,170,flicker
5.9621,799,flicker
5.9631,170921,flicker
5.9662,170769,flicker
5.9702,170488,flicker
5.9744,1,flicker
5.9787,170723,flicker
5.9825,170711,flicker
5.9866,170590,flicker
5.9925,7023,flicker
5.9955,171352,flicker
5.9989,170930,flicker
6.0029,170852,flicker
6.0087,1,flicker
6.0112,170420,flicker
6.0152,170786,flicker
6.0193,170546,flicker
6.0235,170665,flicker
6.0276,170723,flicker
6.0316,170957,flicker
6.0357,171070,flicker
6.0399,170597,flicker
6.0441,170702,flicker
6.0480,171151,flicker
6.0521,170890,flicker
6.0562,170946,flicker
6.0611,171229,flicker
6.0644,170705,flicker
6.0684,171007,flicker
6.0726,171084,flicker
6.0771,170772,flicker
6.0808,170374,flicker
6.0850,171007,flicker
6.0859,170,flicker
6.0892,993,flicker
6.0904,170591,flicker
6.0938,171017,flicker
6.0973,170861,flicker
6.1013,170509,flicker
6.1056,171078,flicker
6.1094,171221,flicker
6.1136,170971,flicker
6.1176,170979,flicker
6.1220,171223,flicker
6.1259,171056,flicker
6.1299,171086,flicker
6.1340,170620,flicker
6.1388,171390,flicker
6.1425,170334,flicker
6.1463,171289,flicker
6.1504,170726,flicker
6.1550,170651,flicker
6.1597,170599,flicker
6.1628,170582,flicker
6.1668,170968,flicker
6.1713,171256,flicker
6.1751,170914,flicker
6.1792,171149,flicker
6.1833,171451,flicker
6.1873,171041,flicker
6.1916,780,flicker
6.1959,170936,flicker
6.1997,171153,flicker
6.2036,170865,flicker
6.2078,70923,flicker
6.2122,171118,flicker
6.2133,170,flicker
6.2160,713,flicker
6.2173,170594,flicker
6.2201,171582,flicker
6.2282,171203,flicker
6.2323,170989,flicker
6.2364,170714,flicker
6.2405,71098,flicker
6.2448,171032,flicker
6.2487,170628,flicker
6.2528,170349,flicker
6.2592,0794,flicker
6.2614,171143,flicker
6.2652,170881,flicker
6.2692,170902,flicker
6.2751,1766,flicker
6.2777,170965,flicker
6.2815,171227,flicker
6.2856,170922,flicker
6.2898,171399,flicker
6.2940,170893,flicker
6.2978,171548,flicker
6.3020,171187,flicker
6.3061,170919,flicker
6.3107,171187,flicker
6.3143,170917,flicker
6.3184,171538,flicker
6.3226,170964,flicker
6.3267,171443,flicker
6.3306,171391,flicker
6.3347,170938,flicker
6.3392,171507,flicker
6.3406,170,flicker
6.3433,786,flicker
6.3443,17131,flicker
6.3470,5,flicker
6.3471,171419,flicker
6.3511,171141,flicker
6.3555,170443,flicker
6.3597,171194,flicker
6.3635,171403,flicker
6.3676,170896,flicker
6.3717,171058,flicker
6.3762,171081,flicker
6.3799,171189,flicker
6.3839,171046,flicker
6.3881,171302,flicker
6.3926,171096,flicker
6.3962,171011,flicker
6.4003,171654,flicker
6.4043,171350,flicker
6.4093,171169,flicker
6.4127,171466,flicker
6.4168,171163,flicker
6.4207,171032,flicker
6.4250,71171,flicker
6.4290,171272,flicker
6.4330,170936,flicker
6.4371,171674,flicker
6.4414,70950,flicker
6.4458,171149,flicker
6.4494,170649,flicker
6.4535,171313,flicker
6.4617,170964,flicker
6.4658,170967,flicker
6.4672,17,flicker
6.4699,0985,flicker
6.4709,17113,flicker
6.4741,1586,flicker
6.4784,170696,flicker
6.4822,171386,flicker
6.4863,170946,flicker
6.4905,70933,flicker
6.4953,171431,flicker
6.4995,170887,flicker
6.5029,171295,flicker
6.5083,171338,flicker
6.5109,171329,flicker
6.5149,170635,flicker
6.5190,170191,flicker
6.5232,170745,flicker
6.5273,171179,flicker
6.5313,171072,flicker
6.5354,170890,flicker
6.5396,170715,flicker
6.5436,170984,flicker
6.5477,170972,flicker
6.5518,171356,flicker
6.5559,171235,flicker
6.5600,171191,flicker
6.5641,171196,flicker
6.5682,171374,flicker
6.5724,170856,flicker
6.5765,171311,flicker
6.5806,171043,flicker
6.5846,170728,flicker
6.5890,170599,flicker
6.5934,170597,flicker
6.5949,17,flicker
6.5970,1817,flicker
6.5985,17071,flicker
6.6009,6,flicker
6.6026,171464,flicker
6.6052,171445,flicker
6.6097,170552,flicker
6.6133,170896,flicker
6.6173,171127,flicker
6.6218,171145,flicker
6.6265,171493,flicker
6.6297,170818,flicker
6.6337,170788,flicker
6.6381,171097,flicker
6.6431,171013,flicker
6.6460,171250,flicker
6.6501,171309,flicker
6.6543,171226,flicker
6.6587,170719,flicker
6.6624,171308,flicker
6.6665,170794,flicker
6.6706,170828,flicker
6.6758,727,flicker
6.6789,171013,flicker
6.6834,171153,flicker
6.6870,170857,flicker
6.6911,791,flicker
6.6952,171453,flicker
6.7000,171152,flicker
6.7034,171081,flicker
6.7119,170673,flicker
6.7160,171000,flicker
6.7198,170879,flicker
6.7203,1,flicker
6.7239,09,flicker
6.7257,70,flicker
6.7282,8,flicker
6.7309,170662,flicker
6.7320,171376,flicker
6.7361,171137,flicker
6.7404,17168,flicker
6.7446,171404,flicker
6.7491,170627,flicker
6.7527,170934,flicker
6.7568,1786,flicker
6.7616,170967,flicker
6.7648,171178,flicker
6.7690,170738,flicker
6.7731,171440,flicker
6.7772,170679,flicker
6.7813,171022,flicker
6.7854,170694,flicker
6.7895,171123,flicker
6.7936,170945,flicker
6.7976,171056,flicker
6.8017,171111,flicker
6.8059,170984,flicker
6.8101,171456,flicker
6.8139,171389,flicker
6.8180,171206,flicker
6.8224,171045,flicker
6.8269,171458,flicker
6.8303,171306,flicker
6.8344,171048,flicker
6.8389,171209,flicker
6.8436,171126,flicker
6.8467,170635,flicker
6.8478,1,flicker
6.8508,71215,flicker
6.8524,1710,flicker
6.8555,62,flicker
6.8570,170754,flicker
6.8595,170679,flicker
6.8632,171047,flicker
6.8672,171551,flicker
6.8716,171121,flicker
6.8755,70818,flicker
6.8804,170803,flicker
6.8838,171303,flicker
6.8879,171797,flicker
6.8918,71410,flicker
6.8972,170835,flicker
6.9001,171185,flicker
6.9041,171536,flicker
6.9083,171139,flicker
6.9123,171125,flicker
6.9163,171401,flicker
6.9204,171101,flicker
6.9246,71246,flicker
6.9303,171734,flicker
6.9332,171411,flicker
6.9368,171384,flicker
6.9410,748,flicker
6.9459,170973,flicker
6.9494,170988,flicker
6.9533,170954,flicker
6.9586,70,flicker
6.9614,171272,flicker
6.9658,170761,flicker
6.9696,170969,flicker
6.9737,170936,flicker
6.9778,171216,flicker
6.9790,170,flicker
6.9833,814,flicker
6.9847,171430,flicker
6.9861,171606,flicker
6.9901,171115,flicker
6.9949,171530,flicker
6.9982,171037,flicker
7.0023,170885,flicker
7.0065,171378,flicker
7.0106,171242,flicker
7.0146,171132,flicker
7.0187,171577,flicker
7.0228,171214,flicker
7.0277,170994,flicker
7.0311,171111,flicker
7.0352,170956,flicker
7.0392,171421,flicker
7.0441,171305,flicker
7.0475,171075,flicker
7.0515,171496,flicker
7.0557,171443,flicker
7.0602,171206,flicker
7.0638,170865,flicker
7.0679,171009,flicker
7.0723,171526,flicker
7.0763,171402,flicker
7.0802,171295,flicker
7.0842,171153,flicker
7.0884,171327,flicker
7.0936,170712,flicker
7.0966,170954,flicker
7.1006,171188,flicker
7.1050,170643,flicker
7.1061,171,flicker
7.1091,250,flicker
7.1109,17137,flicker
7.1130,1,flicker
7.1131,171843,flicker
7.1171,170842,flicker
7.1216,171401,flicker
7.1254,71040,flicker
7.1306,170943,flicker
7.1336,171458,flicker
7.1375,170653,flicker
7.1420,171155,flicker
7.1459,170504,flicker
7.1498,170852,flicker
7.1539,171268,flicker
7.1597,771,flicker
7.1637,171396,flicker
7.1662,171151,flicker
7.1703,170952,flicker
7.1744,71641,flicker
7.1790,171574,flicker
7.1829,171013,flicker
7.1866,170871,flicker
7.1926,79,flicker
7.1960,171171,flicker
7.1989,170774,flicker
7.2031,170748,flicker
7.2072,171408,flicker
7.2113,171095,flicker
7.2154,171483,flicker
7.2195,170960,flicker
7.2238,313,flicker
7.2290,170857,flicker
7.2318,171212,flicker
7.2332,17,flicker
7.2359,1020,flicker
7.2367,17078,flicker
7.2400,1,flicker
7.2401,170970,flicker
7.2441,170916,flicker
7.2481,170990,flicker
7.2522,170452,flicker
7.2564,170756,flicker
7.2612,170849,flicker
7.2645,171004,flicker
7.2686,171337,flicker
7.2727,170984,flicker
7.2772,170716,flicker
7.2809,170800,flicker
7.2850,171040,flicker
7.2892,170694,flicker
7.2942,171165,flicker
7.2974,171059,flicker
7.3014,171118,flicker
7.3056,170846,flicker
7.3103,171457,flicker
7.3136,171029,flicker
7.3177,170968,flicker
7.3222,170667,flicker
7.3272,170952,flicker
7.3301,171279,flicker
7.3342,171039,flicker
7.3386,170512,flicker
7.3434,171186,flicker
7.3465,171119,flicker
7.3507,170773,flicker
7.3554,171025,flicker
7.3602,171112,flicker
7.3617,17,flicker
7.3628,1165,flicker
7.3642,17176,flicker
7.3670,2,flicker
7.3670,171073,flicker
7.3712,170439,flicker
7.3765,170772,flicker
7.3794,171125,flicker
7.3834,170278,flicker
7.3873,171065,flicker
7.3934,171155,flicker
7.3957,171401,flicker
7.3997,170871,flicker
7.4037,171257,flicker
7.4095,708,flicker
7.4120,171061,flicker
7.4160,170904,flicker
7.4201,170451,flicker
7.4243,70954,flicker
7.4299,170694,flicker
7.4326,171599,flicker
7.4366,170860,flicker
7.4423,0,flicker
7.4457,170417,flicker
7.4488,170605,flicker
7.4529,170939,flicker
7.4572,72,flicker
7.4611,170860,flicker
7.4657,170766,flicker
7.4693,171379,flicker
7.4748,79,flicker
7.4782,171189,flicker
7.4816,170830,flicker
7.4857,170917,flicker
7.4872,17,flicker
7.4898,0984,flicker
7.4910,1709,flicker
7.4939,32,flicker
7.4951,171180,flicker
7.4980,171075,flicker
7.5021,171076,flicker
7.5062,170980,flicker
7.5105,170857,flicker
7.5143,171501,flicker
7.5184,170618,flicker
7.5226,171220,flicker
7.5267,170701,flicker
7.5308,171199,flicker
7.5348,171613,flicker
7.5391,171284,flicker
7.5434,171336,flicker
7.5471,171379,flicker
7.5512,171429,flicker
7.5555,171060,flicker
7.5594,171117,flicker
7.5635,170996,flicker
7.5676,171102,flicker
7.5719,171097,flicker
7.5761,171203,flicker
7.5801,171562,flicker
7.5840,171233,flicker
7.5882,170917,flicker
7.5931,171314,flicker
7.5962,171208,flicker
7.6003,171050,flicker
7.6047,170650,flicker
7.6087,170827,flicker
7.6129,171384,flicker
7.6143,17,flicker
7.6168,0963,flicker
7.6181,1704,flicker
7.6209,39,flicker
7.6219,170758,flicker
7.6250,170635,flicker
7.6292,171253,flicker
7.6332,170788,flicker
7.6372,171343,flicker
7.6414,71133,flicker
7.6458,171143,flicker
7.6496,171086,flicker
7.6536,171057,flicker
7.6579,70724,flicker
7.6644,170408,flicker
7.6659,171329,flicker
7.6699,170826,flicker
7.6798,170776,flicker
7.6823,171020,flicker
7.6864,171465,flicker
7.6963,171335,flicker
7.6987,170962,flicker
7.7028,170802,flicker
7.7069,170755,flicker
7.7111,171039,flicker
7.7150,171434,flicker
7.7191,171262,flicker
7.7234,171239,flicker
7.7274,171149,flicker
7.7314,171030,flicker
7.7355,171206,flicker
7.7396,170896,flicker
7.7404,1,flicker
7.7438,71267,flicker
7.7449,1715,flicker
7.7479,53,flicker
7.7495,171196,flicker
7.7520,171294,flicker
7.7561,171097,flicker
7.7610,170720,flicker
7.7642,170438,flicker
7.7682,170674,flicker
7.7724,171019,flicker
7.7767,170925,flicker
7.7806,170814,flicker
7.7846,171400,flicker
7.7890,170957,flicker
7.7934,170997,flicker
7.7970,170743,flicker
7.8011,170800,flicker
7.8054,171402,flicker
7.8094,171144,flicker
7.8134,171143,flicker
7.8175,171409,flicker
7.8219,171277,flicker
7.8267,170825,flicker
7.8297,171304,flicker
7.8339,171237,flicker
7.8384,170781,flicker
7.8422,70544,flicker
7.8473,171110,flicker
7.8505,171008,flicker
7.8546,170982,flicker
7.8599,171190,flicker
7.8625,171103,flicker
7.8666,170592,flicker
7.8677,1,flicker
7.8708,71176,flicker
7.8723,1712,flicker
7.8748,8,flicker
7.8762,748,flicker
7.8793,171055,flicker
7.8831,171058,flicker
7.8872,170960,flicker
7.8928,0,flicker
7.8955,171021,flicker
7.8994,171587,flicker
7.9034,171216,flicker
7.9077,7,flicker
7.9124,171002,flicker
7.9158,170642,flicker
7.9198,170927,flicker
7.9251,6,flicker
7.9291,171022,flicker
7.9321,171195,flicker
7.9362,171615,flicker
7.9417,8,flicker
7.9450,171171,flicker
7.9490,171390,flicker
7.9526,171017,flicker
7.9568,171018,flicker
7.9613,171162,flicker
7.9649,170846,flicker
7.9690,171471,flicker
7.9732,171454,flicker
7.9781,170926,flicker
7.9812,171139,flicker
7.9854,170851,flicker
7.9895,171625,flicker
7.9946,171934,flicker
7.9977,171205,flicker
7.9993,171,flicker
8.0018,106,flicker
8.0030,170993,flicker
8.0059,171536,flicker
8.0103,170795,flicker
8.0140,171277,flicker
8.0181,170817,flicker
8.0224,171060,flicker
8.0274,171138,flicker
8.0304,170955,flicker
8.0345,170602,flicker
8.0388,171068,flicker
8.0428,171144,flicker
8.0468,171312,flicker
8.0509,171353,flicker
8.0552,171221,flicker
8.0598,170971,flicker
8.0633,170570,flicker
8.0673,171287,flicker
8.0716,170996,flicker
8.0768,171203,flicker
8.0796,170402,flicker
8.0836,170349,flicker
8.0883,171252,flicker
8.0925,171393,flicker
8.0960,170894,flicker
8.1001,170805,flicker
8.1041,171176,flicker
8.1083,71390,flicker
8.1134,171196,flicker
8.1169,171050,flicker
8.1206,170856,flicker
8.1250,171265,flicker
8.1269,170,flicker
8.1287,983,flicker
8.1300,171354,flicker
8.1328,171187,flicker
8.1369,171291,flicker
8.1472,171084,flicker
8.1492,171136,flicker
8.1533,171118,flicker
8.1587,717,flicker
8.1627,170941,flicker
8.1959,171477,flicker
8.1960,170479,flicker
8.1960,171244,flicker
8.1961,170473,flicker
8.1962,171118,flicker
8.1976,171113,flicker
8.1979,170643,flicker
8.1980,171184,flicker
8.1983,170593,flicker
8.2027,171145,flicker
8.2082,17153,flicker
8.2117,171277,flicker
8.2147,170864,flicker
8.2188,170546,flicker
8.2230,171308,flicker
8.2271,171243,flicker
8.2311,171200,flicker
8.2352,171017,flicker
8.2393,171210,flicker
8.2437,171315,flicker
8.2476,170900,flicker
8.2517,170412,flicker
8.2527,171,flicker
8.2558,120,flicker
8.2571,170895,flicker
8.2598,171036,flicker
8.2639,170914,flicker
8.2680,171026,flicker
8.2723,170954,flicker
8.2772,171095,flicker
8.2804,171106,flicker
8.2844,171120,flicker
8.2886,171016,flicker
8.2926,170889,flicker
8.2966,171156,flicker
8.3007,170960,flicker
8.3050,171431,flicker
8.3094,171799,flicker
8.3130,171177,flicker
8.3171,170613,flicker
8.3213,171122,flicker
8.3260,170880,flicker
8.3294,171136,flicker
8.3336,170733,flicker
8.3376,171710,flicker
8.3422,170977,flicker
8.3458,170506,flicker
8.3500,170776,flicker
8.3540,171432,flicker
8.3606,7,flicker
8.3646,170555,flicker
8.3664,170711,flicker
8.3703,171072,flicker
8.3761,70830,flicker
8.3792,170720,flicker
8.3806,17,flicker
8.3827,0816,flicker
8.3839,17121,flicker
8.3867,4,flicker
8.3868,171125,flicker
8.3969,170931,flicker
8.3991,170940,flicker
8.4031,171014,flicker
8.4073,7070,flicker
8.4144,171441,flicker
8.4155,171288,flicker
8.4196,170836,flicker
8.4244,5,flicker
8.4277,171298,flicker
8.4318,170900,flicker
8.4359,171133,flicker
8.4401,170988,flicker
8.4445,170581,flicker
8.4482,171304,flicker
8.4522,171022,flicker
8.4565,170972,flicker
8.4605,170624,flicker
8.4646,170736,flicker
8.4686,171247,flicker
8.4755,171201,flicker
8.4770,171365,flicker
8.4810,170825,flicker
8.4851,171128,flicker
8.4892,170699,flicker
8.4934,170593,flicker
8.4973,170990,flicker
8.5014,170864,flicker
8.5057,171167,flicker
8.5070,17,flicker
8.5101,1322,flicker
8.5115,17089,flicker
8.5137,5,flicker
8.5138,170968,flicker
8.5179,170819,flicker
8.5224,171305,flicker
8.5268,171139,flicker
8.5301,170937,flicker
8.5343,170723,flicker
8.5385,170413,flicker
8.5437,170691,flicker
8.5465,171303,flicker
8.5506,170918,flicker
8.5549,170707,flicker
8.5600,170727,flicker
8.5629,171315,flicker
8.5671,170935,flicker
8.5711,171587,flicker
8.5752,71034,flicker
8.5794,171413,flicker
8.5841,170398,flicker
8.5875,171011,flicker
8.5922,171260,flicker
8.5957,170773,flicker
8.5997,170833,flicker
8.6038,171183,flicker
8.6099,7,flicker
8.6137,171085,flicker
8.6162,170909,flicker
8.6202,170988,flicker
8.6245,71150,flicker
8.6292,170798,flicker
8.6326,171506,flicker
8.6338,17,flicker
8.6366,0851,flicker
8.6375,17070,flicker
8.6453,171075,flicker
8.6492,170352,flicker
8.6530,171096,flicker
8.6586,70858,flicker
8.6614,171293,flicker
8.6661,170860,flicker
8.6694,171201,flicker
8.6736,171382,flicker
8.6779,170563,flicker
8.6817,171004,flicker
8.6857,171226,flicker
8.6899,170964,flicker
8.6940,170726,flicker
8.6981,170641,flicker
8.7022,171298,flicker
8.7062,170843,flicker
8.7103,171190,flicker
8.7144,171072,flicker
8.7186,171086,flicker
8.7226,170911,flicker
8.7272,170566,flicker
8.7308,171011,flicker
8.7349,171084,flicker
8.7392,170854,flicker
8.7435,171166,flicker
8.7472,171200,flicker
8.7514,171357,flicker
8.7559,171366,flicker
8.7596,170725,flicker
8.7607,17,flicker
8.7636,1368,flicker
8.7646,1708,flicker
8.7676,01,flicker
8.7690,171838,flicker
8.7720,171204,flicker
8.7759,171164,flicker
8.7799,171124,flicker
8.7840,171582,flicker
8.7886,171103,flicker
8.7924,170614,flicker
8.7963,170874,flicker
8.8005,171772,flicker
8.8047,171196,flicker
8.8086,171536,flicker
8.8129,170976,flicker
8.8168,170814,flicker
8.8210,170813,flicker
8.8254,171163,flicker
8.8291,171087,flicker
8.8332,171530,flicker
8.8373,170317,flicker
8.8419,171074,flicker
8.8457,171212,flicker
8.8496,170743,flicker
8.8537,171061,flicker
8.8579,7114,flicker
8.8644,171272,flicker
8.8668,171493,flicker
8.8701,171293,flicker
8.8743,72,flicker
8.8783,171085,flicker
8.8828,171234,flicker
8.8872,171322,flicker
8.8887,1,flicker
8.8907,71452,flicker
8.8923,1708,flicker
8.8953,61,flicker
8.8968,171321,flicker
8.8987,170944,flicker
8.9028,171078,flicker
8.9081,83,flicker
8.9128,171285,flicker
8.9152,171173,flicker
8.9193,170838,flicker
8.9251,17848,flicker
8.9281,170949,flicker
8.9315,170784,flicker
8.9356,171094,flicker
8.9398,171098,flicker
8.9438,170871,flicker
8.9479,171154,flicker
8.9521,171168,flicker
8.9561,171467,flicker
8.9605,170684,flicker
8.9642,171628,flicker
8.9684,171099,flicker
8.9726,170825,flicker
8.9767,170709,flicker
8.9808,171055,flicker
8.9848,170956,flicker
8.9891,171294,flicker
8.9934,171080,flicker
8.9971,171711,flicker
9.0012,170909,flicker
9.0056,171361,flicker
9.0099,171425,flicker
9.0134,170896,flicker
9.0149,1,flicker
9.0176,68901,flicker
9.0186,1712,flicker
9.0218,54,flicker
9.0231,170987,flicker
9.0265,171356,flicker
9.0298,171114,flicker
9.0339,170779,flicker
9.0390,171717,flicker
9.0431,171415,flicker
9.0462,171301,flicker
9.0503,171370,flicker
9.0544,171274,flicker
9.0596,170820,flicker
9.0625,171385,flicker
9.0666,171148,flicker
9.0707,171288,flicker
9.0749,71134,flicker
9.0791,171471,flicker
9.0834,171463,flicker
9.0871,171568,flicker
9.0913,71318,flicker
9.0959,170917,flicker
9.0999,171336,flicker
9.1036,171507,flicker
9.1077,71,flicker
9.1129,171537,flicker
9.1161,171173,flicker
9.1199,170812,flicker
9.1250,768,flicker
9.1293,171010,flicker
9.1323,171147,flicker
9.1364,171162,flicker
9.1417,709211,flicker
9.1446,71109,flicker
9.1466,171,flicker
9.1486,111,flicker
9.1497,170940,flicker
9.1527,171708,flicker
9.1569,171230,flicker
9.1610,171028,flicker
9.1650,170941,flicker
9.1692,171213,flicker
9.1732,172130,flicker
9.1777,171460,flicker
9.1813,170678,flicker
9.1854,171462,flicker
9.1896,171366,flicker
9.1939,171121,flicker
9.1978,170796,flicker
9.2018,171163,flicker
9.2060,170732,flicker
9.2104,170981,flicker
9.2141,171071,flicker
9.2182,170954,flicker
9.2224,171070,flicker
9.2266,171400,flicker
9.2305,171434,flicker
9.2346,171224,flicker
9.2389,171332,flicker
9.2432,171043,flicker
9.2469,171129,flicker
9.2510,171263,flicker
9.2553,171220,flicker
9.2596,170891,flicker
9.2633,171434,flicker
9.2674,171337,flicker
9.2719,170869,flicker
9.2758,171,flicker
9.2763,33,flicker
9.2781,1186,flicker
9.2799,171120,flicker
9.2846,170902,flicker
9.2888,171166,flicker
9.2924,170886,flicker
9.2961,170692,flicker
9.3002,171576,flicker
9.3044,171744,flicker
9.3087,171242,flicker
9.3125,171456,flicker
9.3166,170740,flicker
9.3206,171269,flicker
9.3259,7,flicker
9.3298,171632,flicker
9.3329,171788,flicker
9.3370,171383,flicker
9.3421,71420,flicker
9.3457,171656,flicker
9.3498,171445,flicker
9.3534,170548,flicker
9.3576,711,flicker
9.3619,171248,flicker
9.3657,171166,flicker
9.3707,171383,flicker
9.3754,11,flicker
9.3790,170845,flicker
9.3823,171631,flicker
9.3861,171474,flicker
9.3904,189,flicker
9.3953,171392,flicker
9.3988,171471,flicker
9.3998,17,flicker
9.4026,1025,flicker
9.4037,17119,flicker
9.4077,1170946,flicker
9.4109,171442,flicker
9.4148,171022,flicker
9.4189,171484,flicker
9.4231,171594,flicker
9.4271,171566,flicker
9.4312,171076,flicker
9.4353,170915,flicker
9.4394,171598,flicker
9.4438,171019,flicker
9.4476,171383,flicker
9.4517,171149,flicker
9.4559,171005,flicker
9.4604,171129,flicker
9.4641,171328,flicker
9.4681,171631,flicker
9.4723,171302,flicker
9.4764,171235,flicker
9.4806,171017,flicker
9.4846,171846,flicker
9.4890,171126,flicker
9.4930,170820,flicker
9.4968,171487,flicker
9.5008,171274,flicker
9.5051,171374,flicker
9.5093,171277,flicker
9.5131,170944,flicker
9.5172,171416,flicker
9.5214,171095,flicker
9.5263,171188,flicker
9.5275,17,flicker
9.5296,1350,flicker
9.5308,17136,flicker
9.5337,5,flicker
9.5350,171290,flicker
9.5377,171418,flicker
9.5437,70965,flicker
9.5459,170629,flicker
9.5501,171601,flicker
9.5541,171098,flicker
9.5583,727,flicker
9.5636,170982,flicker
9.5677,171007,flicker
9.5705,171158,flicker
9.5747,734,flicker
9.5806,171001,flicker
9.5834,171267,flicker
9.5868,171399,flicker
9.5910,708,flicker
9.5951,171151,flicker
9.6002,171623,flicker
9.6033,171802,flicker
9.6074,748,flicker
9.6132,171625,flicker
9.6157,170981,flicker
9.6196,171075,flicker
9.6237,71549,flicker
9.6287,171719,flicker
9.6327,170924,flicker
9.6361,171071,flicker
9.6453,171209,flicker
9.6483,171533,flicker
9.6524,171265,flicker
9.6535,17,flicker
9.6566,1330,flicker
9.6580,1706,flicker
9.6606,81,flicker
9.6618,171333,flicker
9.6648,171124,flicker
9.6688,171621,flicker
9.6729,171220,flicker
9.6775,171651,flicker
9.6810,171473,flicker
9.6851,171388,flicker
9.6892,171437,flicker
9.6935,171205,flicker
9.6974,171212,flicker
9.7015,170719,flicker
9.7057,171623,flicker
9.7101,170951,flicker
9.7138,171377,flicker
9.7179,171513,flicker
9.7222,171397,flicker
9.7263,171272,flicker
9.7303,171217,flicker
9.7344,171900,flicker
9.7386,171800,flicker
9.7427,171128,flicker
9.7467,171751,flicker
9.7508,171391,flicker
9.7549,171019,flicker
9.7599,171495,flicker
9.7630,171302,flicker
9.7671,171294,flicker
9.7713,171268,flicker
9.7758,171409,flicker
9.7794,170864,flicker
9.7807,1,flicker
9.7835,71527,flicker
9.7847,1712,flicker
9.7876,04,flicker
9.7892,170850,flicker
9.7926,171521,flicker
9.7957,171291,flicker
9.7998,171138,flicker
9.8039,171046,flicker
9.8081,71342,flicker
9.8133,170950,flicker
9.8162,171301,flicker
9.8203,170986,flicker
9.8256,7,flicker
9.8296,171170,flicker
9.8326,171418,flicker
9.8367,170974,flicker
9.8409,71119,flicker
9.8453,171468,flicker
9.8492,171051,flicker
9.8531,170979,flicker
9.8572,70852,flicker
9.8616,170957,flicker
9.8654,171348,flicker
9.8694,170723,flicker
9.8736,171270,flicker
9.8777,170941,flicker
9.8817,170964,flicker
9.8858,171718,flicker
9.8900,171374,flicker
9.8941,170970,flicker
9.8981,171009,flicker
9.9023,171307,flicker
9.9064,171301,flicker
9.9078,1,flicker
9.9112,70824,flicker
9.9129,1711,flicker
9.9145,87,flicker
9.9158,171218,flicker
9.9186,170964,flicker
9.9227,171208,flicker
9.9270,171108,flicker
9.9309,171016,flicker
9.9350,171073,flicker
9.9391,170942,flicker
9.9441,171180,flicker
9.9474,171724,flicker
9.9514,171183,flicker
9.9556,171360,flicker
9.9604,171677,flicker
9.9637,171488,flicker
9.9678,171434,flicker
9.9721,170926,flicker
9.9764,171088,flicker
9.9802,171305,flicker
9.9841,171416,flicker
9.9884,171093,flicker
9.9931,171079,flicker
9.9964,171410,flicker
10.0005,170895,flicker
10.0048,171073,flicker
10.0087,170657,flicker
10.0129,171280,flicker
10.0170,170817,flicker
10.0215,171209,flicker
10.0254,170810,flicker
10.0292,170681,flicker
10.0334,171005,flicker
10.0349,1,flicker
10.0374,71428,flicker
10.0388,1711,flicker
10.0416,10,flicker
10.0431,171192,flicker
10.0457,170621,flicker
10.0498,171252,flicker
10.0537,171212,flicker
10.0579,71136,flicker
10.0648,170843,flicker
10.0662,171164,flicker
10.0702,170925,flicker
10.0747,171462,flicker
10.0784,171433,flicker
10.0825,170880,flicker
10.0865,171046,flicker
10.0907,71458,flicker
10.0958,171340,flicker
10.0996,171445,flicker
10.1029,170619,flicker
10.1070,71139,flicker
10.1118,171443,flicker
10.1153,170354,flicker
10.1193,170867,flicker
10.1235,7300,flicker
10.1285,171491,flicker
10.1322,171275,flicker
10.1358,171358,flicker
10.1398,171368,flicker
10.1439,171470,flicker
10.1480,171074,flicker
10.1521,171422,flicker
10.1562,171498,flicker
10.1613,171286,flicker
10.1628,1,flicker
10.1644,70848,flicker
10.1658,171,flicker
10.1685,214,flicker
10.1696,171009,flicker
10.1726,171549,flicker
10.1777,171071,flicker
10.1807,171317,flicker
10.1848,171400,flicker
10.1891,171222,flicker
10.1932,171026,flicker
10.1972,171210,flicker
10.2013,171449,flicker
10.2057,171512,flicker
10.2100,171614,flicker
10.2135,171495,flicker
10.2176,171331,flicker
10.2219,171210,flicker
10.2259,171168,flicker
10.2301,171185,flicker
10.2341,171073,flicker
10.2385,171277,flicker
10.2428,171744,flicker
10.2463,171456,flicker
10.2504,171515,flicker
10.2546,171188,flicker
10.2589,171430,flicker
10.2627,171427,flicker
10.2667,170860,flicker
10.2709,171781,flicker
10.2766,171327,flicker
10.2792,170881,flicker
10.2832,171657,flicker
10.2872,171542,flicker
10.2914,71148,flicker
10.2930,171,flicker
10.2984,58,flicker
10.2996,171297,flicker
10.2998,171478,flicker
10.3036,171457,flicker
10.3077,71194,flicker
10.3126,171491,flicker
10.3160,171116,flicker
10.3204,170506,flicker
10.3242,09,flicker
10.3293,171037,flicker
10.3323,171485,flicker
10.3366,170913,flicker
10.3421,703,flicker
10.3457,170977,flicker
10.3493,171152,flicker
10.3529,171162,flicker
10.3587,72,flicker
10.3617,171741,flicker
10.3652,171254,flicker
10.3692,171357,flicker
10.3734,171466,flicker
10.3787,171684,flicker
10.3815,171602,flicker
10.3857,171423,flicker
10.3897,171500,flicker
10.3938,171123,flicker
10.3979,171237,flicker
10.4020,171236,flicker
10.4061,171383,flicker
10.4103,171402,flicker
10.4143,171306,flicker
10.4184,170998,flicker
10.4204,17,flicker
10.4228,1413,flicker
10.4246,17111,flicker
10.4270,8,flicker
10.4276,171176,flicker
10.4307,170988,flicker
10.4347,170893,flicker
10.4391,171325,flicker
10.4429,170884,flicker
10.4470,171287,flicker
10.4511,171206,flicker
10.4553,170917,flicker
10.4606,171541,flicker
10.4635,171100,flicker
10.4676,170808,flicker
10.4718,171312,flicker
10.4764,171128,flicker
10.4797,170774,flicker
10.4838,171327,flicker
10.4893,171630,flicker
10.4931,171054,flicker
10.4961,171524,flicker
10.5002,171457,flicker
10.5043,170889,flicker
10.5086,171351,flicker
10.5128,171134,flicker
10.5168,171077,flicker
10.5207,171312,flicker
10.5264,71,flicker
10.5302,170974,flicker
10.5331,171087,flicker
10.5371,171119,flicker
10.5412,70948,flicker
10.5466,171508,flicker
10.5480,17,flicker
10.5494,1561,flicker
10.5510,17102,flicker
10.5534,5,flicker
10.5535,171090,flicker
10.5593,719,flicker
10.5625,171686,flicker
10.5657,171137,flicker
10.5699,171606,flicker
10.5750,785,flicker
10.5783,171543,flicker
10.5821,171733,flicker
10.5863,171563,flicker
10.5905,170725,flicker
10.5949,171335,flicker
10.5986,171470,flicker
10.6026,171535,flicker
10.6069,171693,flicker
10.6114,170949,flicker
10.6150,171195,flicker
10.6190,171489,flicker
10.6232,170942,flicker
10.6272,171153,flicker
10.6313,171101,flicker
10.6359,171385,flicker
10.6398,171586,flicker
10.6443,171304,flicker
10.6477,171693,flicker
10.6518,171641,flicker
10.6563,170871,flicker
10.6602,171268,flicker
10.6642,171286,flicker
10.6682,171052,flicker
10.6748,170849,flicker
10.6765,1,flicker
10.6808,71346,flicker
10.6817,171083,flicker
10.6833,171427,flicker
10.6859,171695,flicker
10.6898,171059,flicker
10.6945,71369,flicker
10.6977,171239,flicker
10.7013,171147,flicker
10.7059,171673,flicker
10.7095,171003,flicker
10.7133,171173,flicker
10.7173,171312,flicker
10.7217,171356,flicker
10.7256,171523,flicker
10.7297,171011,flicker
10.7337,171569,flicker
10.7381,171537,flicker
10.7425,171429,flicker
10.7460,171340,flicker
10.7500,171102,flicker
10.7543,171030,flicker
10.7596,171443,flicker
10.7623,170907,flicker
10.7664,171230,flicker
10.7705,170950,flicker
10.7759,71,flicker
10.7790,171425,flicker
10.7829,170889,flicker
10.7870,170782,flicker
10.7911,7144,flicker
10.7963,171605,flicker
10.7999,170752,flicker
10.8013,1,flicker
10.8034,71418,flicker
10.8043,1715,flicker
10.8090,12,flicker
10.8121,171376,flicker
10.8156,170989,flicker
10.8197,171173,flicker
10.8239,749,flicker
10.8282,171317,flicker
10.8320,171184,flicker
10.8361,170923,flicker
10.8414,0,flicker
10.8452,170919,flicker
10.8485,171684,flicker
10.8525,171470,flicker
10.8567,171360,flicker
10.8607,171172,flicker
10.8648,170917,flicker
10.8689,171225,flicker
10.8730,171086,flicker
10.8775,171228,flicker
10.8811,171632,flicker
10.8852,171687,flicker
10.8894,170996,flicker
10.8942,170935,flicker
10.8977,170909,flicker
10.9017,170837,flicker
10.9058,171191,flicker
10.9103,171521,flicker
10.9140,171434,flicker
10.9180,171279,flicker
10.9225,170620,flicker
10.9266,171168,rest
10.9271,1,rest
10.9306,71637,rest
10.9316,171,rest
10.9344,020,rest
10.9361,171242,rest
10.9387,171578,rest
10.9432,170935,rest
10.9467,171529,rest
10.9507,171147,rest
10.9551,171006,rest
10.9598,171497,rest
10.9631,171568,rest
10.9671,171563,rest
10.9717,171307,rest
10.9753,170793,rest
10.9794,171663,rest
10.9835,171069,rest
10.9876,171675,rest
10.9923,171226,rest
10.9959,171117,rest
10.9999,171181,rest
11.0040,170989,rest
11.0081,71001,rest
11.0125,171136,rest
11.0167,171540,rest
11.0205,171443,rest
11.0264,712,rest
11.0298,171406,rest
11.0333,171193,rest
11.0368,171222,rest
11.0410,11,rest
11.0453,171470,rest
11.0495,171136,rest
11.0531,171706,rest
11.0573,7962,rest
11.0587,7,rest
11.0623,71,rest
11.0643,17089,rest
11.0659,9,rest
11.0659,171335,rest
11.0696,171811,rest
11.0737,7107,rest
11.0787,171503,rest
11.0822,171317,rest
11.0860,171177,rest
11.0915,17197,rest
11.0945,171587,rest
11.0990,171753,rest
11.1023,171829,rest
11.1065,171262,rest
11.1107,171146,rest
11.1146,171503,rest
11.1187,170850,rest
11.1228,171434,rest
11.1274,171335,rest
11.1310,171739,rest
11.1351,171695,rest
11.1392,171107,rest
11.1434,170883,rest
11.1474,171101,rest
11.1515,171883,rest
11.1557,171601,rest
11.1605,171939,rest
11.1638,171201,rest
11.1679,171354,rest
11.1722,171113,rest
11.1764,171249,rest
11.1802,171639,rest
11.1843,171007,rest
11.1854,171,rest
11.1885,437,rest
11.1899,171175,rest
11.1933,171617,rest
11.1965,171268,rest
11.2006,171208,rest
11.2048,171090,rest
11.2091,171282,rest
11.2130,171414,rest
11.2171,171141,rest
11.2214,171510,rest
11.2252,71124,rest
11.2312,71545,rest
11.2335,171123,rest
11.2377,170711,rest
11.2417,171049,rest
11.2457,171185,rest
11.2497,170750,rest
11.2538,170938,rest
11.2580,707,rest
11.2627,170964,rest
11.2664,171274,rest
11.2703,171076,rest
11.2760,79,rest
11.2787,170998,rest
11.2832,171174,rest
11.2867,171149,rest
11.2927,71774,rest
11.2957,171092,rest
11.2991,171660,rest
11.3030,171503,rest
11.3090,73,rest
11.3128,171135,rest
11.3141,17,rest
11.3153,1079,rest
11.3164,17114,rest
11.3194,0,rest
11.3194,171126,rest
11.3237,1703,rest
11.3281,171574,rest
11.3331,171618,rest
11.3358,171694,rest
11.3414,1719,rest
11.3445,171462,rest
11.3487,171339,rest
11.3522,171384,rest
11.3563,171160,rest
11.3605,171372,rest
11.3645,171283,rest
11.3686,171277,rest
11.3726,171296,rest
11.3773,171392,rest
11.3808,171225,rest
11.3849,170995,rest
11.3891,170858,rest
11.3941,170828,rest
11.3973,171450,rest
11.4014,171360,rest
11.4056,171112,rest
11.4099,171413,rest
11.4136,171457,rest
11.4177,171077,rest
11.4221,170891,rest
11.4270,171373,rest
11.4300,171352,rest
11.4342,171022,rest
11.4385,171542,rest
11.4401,17,rest
11.4424,0843,rest
11.4438,17129,rest
11.4464,0,rest
11.4465,171715,rest
11.4506,171082,rest
11.4547,171894,rest
11.4591,171261,rest
11.4628,171340,rest
11.4669,171228,rest
11.4709,171266,rest
11.4751,171209,rest
11.4793,171188,rest
11.4833,170970,rest
11.4873,171096,rest
11.4932,7162,rest
11.4962,171264,rest
11.4997,170956,rest
11.5037,170940,rest
11.5079,7094,rest
11.5124,170999,rest
11.5162,171630,rest
11.5201,171265,rest
11.5290,170808,rest
11.5328,171770,rest
11.5366,171596,rest
11.5424,705,rest
11.5463,171082,rest
11.5489,171084,rest
11.5528,171599,rest
11.5580,7126,rest
11.5623,171022,rest
11.5653,171554,rest
11.5662,17,rest
11.5693,0781,rest
11.5707,17155,rest
11.5746,17121,rest
11.5775,170946,rest
11.5817,171192,rest
11.5858,170992,rest
11.5898,171307,rest
11.5938,170799,rest
11.5979,171356,rest
11.6020,171443,rest
11.6061,171513,rest
11.6106,171489,rest
11.6143,171203,rest
11.6184,171446,rest
11.6226,171004,rest
11.6274,171452,rest
11.6308,171129,rest
11.6348,170715,rest
11.6390,171043,rest
11.6433,171131,rest
11.6471,171062,rest
11.6511,171389,rest
11.6556,171431,rest
11.6603,170896,rest
11.6634,171163,rest
11.6675,170801,rest
11.6720,171089,rest
11.6759,171024,rest
11.6798,171151,rest
11.6839,170561,rest
11.6881,170935,rest
11.6931,171502,rest
11.6940,1,rest
11.6962,70815,rest
11.6974,1716,rest
11.7003,76,rest
11.7019,171386,rest
11.7045,170950,rest
11.7095,171060,rest
11.7126,170977,rest
11.7167,170819,rest
11.7208,171184,rest
11.7249,71006,rest
11.7292,171459,rest
11.7335,171462,rest
11.7372,171371,rest
11.7414,7129,rest
11.7453,171156,rest
11.7495,171100,rest
11.7536,171327,rest
11.7591,73,rest
11.7623,171590,rest
11.7660,171769,rest
11.7699,171500,rest
11.7741,71030,rest
11.7783,171409,rest
11.7836,171334,rest
11.7863,171236,rest
11.7917,7,rest
11.7947,171432,rest
11.7986,171301,rest
11.8027,171199,rest
11.8082,17159,rest
11.8117,170942,rest
11.8157,171511,rest
11.8191,171231,rest
11.8202,1,rest
11.8232,70937,rest
11.8249,1711,rest
11.8274,54,rest
11.8282,171168,rest
11.8314,171207,rest
11.8355,171217,rest
11.8397,171174,rest
11.8437,171062,rest
11.8478,170994,rest
11.8519,171145,rest
11.8560,171093,rest
11.8605,170818,rest
11.8644,171172,rest
11.8682,171497,rest
11.8726,171233,rest
11.8768,170848,rest
11.8808,171081,rest
11.8848,171414,rest
11.8890,170765,rest
11.8936,171183,rest
11.8969,170975,rest
11.9010,170964,rest
11.9056,170982,rest
11.9097,170741,rest
11.9133,171359,rest
11.9174,170726,rest
11.9218,170983,rest
11.9259,171297,rest
11.9297,170786,rest
11.9338,171309,rest
11.9381,170718,rest
11.9427,171126,rest
11.9461,170856,rest
11.9501,171353,rest
11.9513,170,rest
11.9544,802,rest
11.9559,170763,rest
11.9592,171205,rest
11.9624,171129,rest
11.9665,172045,rest
11.9706,170660,rest
11.9765,70255,rest
11.9816,170865,rest
11.9829,171164,rest
11.9870,170903,rest
11.9926,710,rest
11.9959,170968,rest
12.0002,171329,rest
12.0035,171073,rest
12.0076,70763,rest
12.0122,171005,rest
12.0171,170975,rest
12.0198,171183,rest
12.0240,733,rest
12.0280,7112,rest
12.0323,171002,rest
12.0366,171852,rest
12.0448,170658,rest
12.0484,171348,rest
12.0526,171874,rest
12.0568,171186,rest
12.0611,170741,rest
12.0648,171200,rest
12.0689,171137,rest
12.0731,171083,rest
12.0773,171326,rest
12.0790,170,rest
12.0812,826,rest
12.0827,17144,rest
12.0853,8,rest
12.0854,170657,rest
12.0895,171523,rest
12.0940,170832,rest
12.0976,170909,rest
12.1017,171452,rest
12.1058,171574,rest
12.1099,171186,rest
12.1141,171104,rest
12.1181,170948,rest
12.1222,171580,rest
12.1273,170981,rest
12.1304,171496,rest
12.1345,171605,rest
12.1387,170935,rest
12.1436,170868,rest
12.1467,171207,rest
12.1508,171654,rest
12.1551,171390,rest
12.1600,171489,rest
12.1631,171027,rest
12.1672,171030,rest
12.1715,171400,rest
12.1766,171425,rest
12.1795,171090,rest
12.1836,171279,rest
12.1878,171239,rest
12.1919,171136,rest
12.1960,171711,rest
12.2000,171273,rest
12.2041,171194,rest
12.2054,17,rest
12.2132,9,rest
12.2143,170935,rest
12.2164,171112,rest
12.2206,171003,rest
12.2247,71588,rest
12.2291,170942,rest
12.2329,171099,rest
12.2369,171141,rest
12.2410,71436,rest
12.2460,171016,rest
12.2492,171356,rest
12.2533,171558,rest
12.2574,71974,rest
12.2622,171172,rest
12.2656,170945,rest
12.2697,171423,rest
12.2748,7,rest
12.2784,171147,rest
12.2824,171123,rest
12.2861,171204,rest
12.2902,171421,rest
12.2947,171637,rest
12.2983,170908,rest
12.3024,170911,rest
12.3066,171632,rest
12.3111,171065,rest
12.3147,171338,rest
12.3188,171506,rest
12.3230,170758,rest
12.3272,171525,rest
12.3312,171620,rest
12.3324,17,rest
12.3353,1784,rest
12.3365,17108,rest
12.3393,6,rest
12.3394,170840,rest
12.3434,171271,rest
12.3475,170866,rest
12.3516,170782,rest
12.3559,171142,rest
12.3599,170856,rest
12.3639,171355,rest
12.3680,171633,rest
12.3723,171422,rest
12.3762,171288,rest
12.3804,171047,rest
12.3845,170598,rest
12.3887,171163,rest
12.3930,171595,rest
12.3966,171591,rest
12.4007,171208,rest
12.4050,170894,rest
12.4101,170936,rest
12.4131,171354,rest
12.4172,171653,rest
12.4216,170749,rest
12.4257,171456,rest
12.4294,171241,rest
12.4335,171533,rest
12.4376,170971,rest
12.4435,7077,rest
12.4467,171568,rest
12.4499,170669,rest
12.4553,171532,rest
12.4581,170745,rest
12.4590,17,rest
12.4630,1228,rest
12.4643,17107,rest
12.4662,5,rest
12.4673,171155,rest
12.4703,171386,rest
12.4755,7080,rest
12.4791,171153,rest
12.4826,170643,rest
12.4867,171111,rest
12.4909,7141,rest
12.4960,171223,rest
12.4991,171137,rest
12.5032,170798,rest
12.5074,732,rest
12.5120,171353,rest
12.5164,170716,rest
12.5195,171432,rest
12.5250,1099,rest
12.5280,171878,rest
12.5318,171603,rest
12.5360,171392,rest
12.5420,1715,rest
12.5444,171195,rest
12.5485,171062,rest
12.5523,171436,rest
12.5564,171129,rest
12.5611,171052,rest
12.5645,171411,rest
12.5687,170966,rest
12.5728,171250,rest
12.5771,171527,rest
12.5809,171246,rest
12.5850,171628,rest
12.5863,1,rest
12.5892,71409,rest
12.5907,1712,rest
12.5935,54,rest
12.5946,171806,rest
12.5973,171200,rest
12.6014,171346,rest
12.6057,171450,rest
12.6100,171309,rest
12.6137,171183,rest
12.6178,171474,rest
12.6222,171632,rest
12.6273,171208,rest
12.6301,171439,rest
12.6342,171037,rest
12.6386,171167,rest
12.6434,171037,rest
12.6465,171182,rest
12.6505,171302,rest
12.6547,171558,rest
12.6598,171367,rest
12.6628,171015,rest
12.6669,171707,rest
12.6711,171358,rest
12.6764,171400,rest
12.6836,170968,rest
12.6854,170892,rest
12.6874,171519,rest
12.6935,7,rest
12.6964,171258,rest
12.6999,171189,rest
12.7038,171242,rest
12.7079,71430,rest
12.7127,171841,rest
12.7144,1,rest
12.7162,71598,rest
12.7174,1718,rest
12.7202,20,rest
12.7220,171444,rest
12.7250,171335,rest
12.7285,171262,rest
12.7325,171601,rest
12.7366,171439,rest
12.7458,170670,rest
12.7494,171922,rest
12.7529,171261,rest
12.7583,17125,rest
12.7620,171713,rest
12.7657,171865,rest
12.7694,171533,rest
12.7748,1,rest
12.7778,171027,rest
12.7829,171623,rest
12.7863,171578,rest
12.7898,171435,rest
12.7941,171731,rest
12.7980,171234,rest
12.8021,170773,rest
12.8062,171223,rest
12.8105,170627,rest
12.8144,171242,rest
12.8186,171064,rest
12.8226,171222,rest
12.8275,170630,rest
12.8308,170948,rest
12.8349,171654,rest
12.8392,170957,rest
12.8432,171217,rest
12.8446,171,rest
12.8472,546,rest
12.8489,171513,rest
12.8514,171204,rest
12.8555,171486,rest
12.8597,171238,rest
12.8636,171457,rest
12.8677,171351,rest
12.8720,171302,rest
12.8759,171346,rest
12.8801,170973,rest
12.8840,171277,rest
12.8883,171287,rest
12.8932,170965,rest
12.8963,170973,rest
12.9004,171348,rest
12.9049,171367,rest
12.9099,171439,rest
12.9127,171145,rest
12.9168,171084,rest
12.9210,171189,rest
12.9250,71147,rest
12.9306,171439,rest
12.9340,171184,rest
12.9373,171052,rest
12.9425,171425,rest
12.9455,171551,rest
12.9496,170905,rest
12.9536,171504,rest
12.9593,717,rest
12.9620,170808,rest
12.9661,171496,rest
12.9700,171479,rest
12.9717,171,rest
12.9755,521,rest
12.9783,171128,rest
12.9831,171088,rest
12.9873,171068,rest
12.9908,166,rest
12.9962,170933,rest
12.9991,171211,rest
13.0029,171169,rest
13.0070,171247,rest
13.0111,170999,rest
13.0151,170763,rest
13.0192,171456,rest
13.0234,171602,rest
13.0274,171222,rest
13.0315,171825,rest
13.0355,170895,rest
13.0397,171102,rest
13.0447,171448,rest
13.0478,171354,rest
13.0519,171164,rest
13.0561,171303,rest
13.0602,171386,rest
13.0643,170983,rest
13.0684,171190,rest
13.0726,171061,rest
13.0765,171050,rest
13.0807,171653,rest
13.0848,171472,rest
13.0891,171058,rest
13.0939,171198,rest
13.0972,171779,rest
13.0985,17,rest
13.1012,0952,rest
13.1025,17097,rest
13.1062,8,rest
13.1063,171249,rest
13.1098,171364,rest
13.1134,170864,rest
13.1175,171597,rest
13.1220,171078,rest
13.1266,170972,rest
13.1300,171527,rest
13.1340,171380,rest
13.1381,171404,rest
13.1434,171043,rest
13.1462,171323,rest
13.1503,170950,rest
13.1550,170809,rest
13.1591,171266,rest
13.1627,170832,rest
13.1667,170999,rest
13.1707,171282,rest
13.1766,7,rest
13.1811,170588,rest
13.1831,171967,rest
13.1872,171552,rest
13.1926,709,rest
13.1964,171287,rest
13.1996,170773,rest
13.2049,171507,rest
13.2092,713,rest
13.2129,171300,rest
13.2158,171659,rest
13.2199,171508,rest
13.2240,71362,rest
13.2255,17,rest
13.2281,254,rest
13.2293,17106,rest
13.2323,4,rest
13.2340,171485,rest
13.2363,171192,rest
13.2404,7130,rest
13.2445,171062,rest
13.2495,171242,rest
13.2529,171247,rest
13.2582,1507,rest
13.2615,170850,rest
13.2652,171420,rest
13.2691,171550,rest
13.2732,171563,rest
13.2774,171171,rest
13.2813,171172,rest
13.2855,171014,rest
13.2897,171485,rest
13.2938,171195,rest
13.2978,170851,rest
13.3019,171565,rest
13.3060,171122,rest
13.3110,171070,rest
13.3141,171149,rest
13.3182,171163,rest
13.3229,170864,rest
13.3266,171568,rest
13.3306,171180,rest
13.3346,171458,rest
13.3389,171012,rest
13.3432,171555,rest
13.3468,171446,rest
13.3510,171341,rest
13.3521,1,rest
13.3554,71439,rest
13.3565,1716,rest
13.3598,23,rest
13.3618,170963,rest
13.3633,171536,rest
13.3673,171721,rest
13.3717,170364,rest
13.3762,171656,rest
13.3796,171103,rest
13.3837,171391,rest
13.3884,171005,rest
13.3934,171179,rest
13.3960,171145,rest
13.4001,170673,rest
13.4042,171660,rest
13.4084,710,rest
13.4126,171126,rest
13.4166,171508,rest
13.4206,171304,rest
13.4299,171621,rest
13.4336,171353,rest
13.4370,170988,rest
13.4411,71421,rest
13.4464,171364,rest
13.4499,171108,rest
13.4539,171286,rest
13.4575,7164,rest
13.4618,171503,rest
13.4663,171223,rest
13.4699,171488,rest
13.4742,130,rest
13.4791,171107,rest
13.4801,1,rest
13.4827,70752,rest
13.4837,1718,rest
13.4861,62,rest
13.4877,171894,rest
13.4914,171242,rest
13.4943,171212,rest
13.4984,171557,rest
13.5026,171396,rest
13.5081,113,rest
13.5117,171412,rest
13.5149,171134,rest
13.5189,171869,rest
13.5231,171294,rest
13.5275,171374,rest
13.5312,171457,rest
13.5353,171690,rest
13.5394,171791,rest
13.5435,171134,rest
13.5475,171077,rest
13.5516,171816,rest
13.5558,171785,rest
13.5607,171234,rest
13.5640,170809,rest
13.5680,171379,rest
13.5723,171632,rest
13.5769,171116,rest
13.5803,171030,rest
13.5844,170963,rest
13.5890,171524,rest
13.5931,171164,rest
13.5969,171350,rest
13.6009,171415,rest
13.6053,171040,rest
13.6097,171360,rest
13.6111,171,rest
13.6131,017,rest
13.6143,171316,rest
13.6172,171484,rest
13.6215,171605,rest
13.6268,171596,rest
13.6296,171417,rest
13.6336,171439,rest
13.6376,171298,rest
13.6418,71173,rest
13.6486,171591,rest
13.6501,171030,rest
13.6541,171280,rest
13.6582,70656,rest
13.6625,171847,rest
13.6664,171053,rest
13.6704,171702,rest
13.6747,73,rest
13.6802,171468,rest
13.6833,171473,rest
13.6869,171314,rest
13.6910,7155,rest
13.6951,171388,rest
13.7003,170825,rest
13.7032,171114,rest
13.7087,78,rest
13.7121,171003,rest
13.7156,171324,rest
13.7196,171030,rest
13.7237,71074,rest
13.7286,171516,rest
13.7319,171575,rest
13.7360,171786,rest
13.7372,170,rest
13.7419,9,rest
13.7442,171377,rest
13.7494,171739,rest
13.7525,171299,rest
13.7565,171549,rest
13.7606,171116,rest
13.7646,171291,rest
13.7687,171085,rest
13.7729,171120,rest
13.7769,171355,rest
13.7810,171035,rest
13.7851,171449,rest
13.7893,171435,rest
13.7933,170977,rest
13.7974,170850,rest
13.8015,171393,rest
13.8057,171317,rest
13.8100,171187,rest
13.8138,171253,rest
13.8179,170882,rest
13.8222,171188,rest
13.8270,171630,rest
13.8302,171353,rest
13.8343,171062,rest
13.8387,171333,rest
13.8426,171152,rest
13.8466,171643,rest
13.8507,171349,rest
13.8548,171440,rest
13.8600,171379,rest
13.8631,170749,rest
13.8643,17,rest
13.8670,1660,rest
13.8682,17171,rest
13.8713,7,rest
13.8719,171463,rest
13.8752,171392,rest
13.8793,171839,rest
13.8835,170981,rest
13.8877,171155,rest
13.8922,171582,rest
13.8957,171371,rest
13.8998,171359,rest
13.9039,171405,rest
13.9096,75,rest
13.9130,171133,rest
13.9163,171034,rest
13.9203,171431,rest
13.9259,7166,rest
13.9296,170980,rest
13.9327,171478,rest
13.9368,171181,rest
13.9408,71391,rest
13.9454,171593,rest
13.9489,171050,rest
13.9531,171192,rest
13.9585,1,rest
13.9621,170661,rest
13.9654,171021,rest
13.9694,170922,rest
13.9735,71615,rest
13.9783,170673,rest
13.9818,171101,rest
13.9859,171378,rest
13.9899,171122,rest
13.9914,17,rest
13.9940,1471,rest
13.9950,17108,rest
13.9981,7,rest
13.9981,171513,rest
14.0022,171520,rest
14.0065,171194,rest
14.0104,171456,rest
14.0145,171075,rest
14.0185,170931,rest
14.0227,171702,rest
14.0268,171159,rest
14.0308,171224,rest
14.0349,171593,rest
14.0391,171135,rest
14.0433,171226,rest
14.0472,171092,rest
14.0518,171296,rest
14.0558,170887,rest
14.0601,171112,rest
14.0636,170937,rest
14.0677,171082,rest
14.0721,171079,rest
14.0766,171303,rest
14.0801,171381,rest
14.0842,171515,rest
14.0884,171465,rest
14.0933,171301,rest
14.0964,171790,rest
14.1005,171336,rest
14.1048,171555,rest
14.1099,171017,rest
14.1128,171520,rest
14.1169,171106,rest
14.1185,17,rest
14.1210,1154,rest
14.1223,17122,rest
14.1325,171348,rest
14.1333,171250,rest
14.1373,171294,rest
14.1423,171362,rest
14.1455,171663,rest
14.1496,171094,rest
14.1537,171063,rest
14.1580,71333,rest
14.1619,171955,rest
14.1673,171112,rest
14.1702,171285,rest
14.1795,171391,rest
14.1835,171637,rest
14.1865,171660,rest
14.1906,71475,rest
14.1952,171250,rest
14.1991,170947,rest
14.2029,171786,rest
14.2111,171318,rest
14.2154,171202,rest
14.2193,171343,rest
14.2235,73,rest
14.2275,171601,rest
14.2320,170983,rest
14.2357,171840,rest
14.2399,171448,rest
14.2439,171552,rest
14.2449,1,rest
14.2480,71104,rest
14.2494,1715,rest
14.2520,61,rest
14.2532,171276,rest
14.2562,170895,rest
14.2607,170781,rest
14.2643,171458,rest
14.2684,171275,rest
14.2726,171599,rest
14.2769,171037,rest
14.2808,171221,rest
14.2849,171466,rest
14.2891,171384,rest
14.2935,170933,rest
14.2971,171191,rest
14.3012,171361,rest
14.3057,171334,rest
14.3095,171564,rest
14.3135,171212,rest
14.3175,171010,rest
14.3219,171269,rest
14.3262,171053,rest
14.3298,171426,rest
14.3339,171037,rest
14.3386,171587,rest
14.3425,70952,rest
14.3462,171508,rest
14.3503,171245,rest
14.3546,171489,rest
14.3597,171249,rest
14.3626,170973,rest
14.3668,171735,rest
14.3708,170998,rest
14.3722,1,rest
14.3763,118,rest
14.3794,11,rest
14.3814,171436,rest
14.3832,171478,rest
14.3872,171311,rest
14.3914,712,rest
14.3959,170999,rest
14.4010,171472,rest
14.4037,171425,rest
14.4093,7,rest
14.4128,171958,rest
14.4160,171506,rest
14.4200,171408,rest
14.4242,780,rest
14.4283,171343,rest
14.4329,171209,rest
14.4365,171266,rest
14.4452,171110,rest
14.4487,170504,rest
14.4528,171284,rest
14.4569,171107,rest
14.4609,170870,rest
14.4650,71391,rest
14.4722,171584,rest
14.4735,171505,rest
14.4775,7037,rest
14.4814,171327,rest
14.4865,171376,rest
14.4897,171593,rest
14.4938,171111,rest
14.4978,171154,rest
14.4987,1,rest
14.5019,71451,rest
14.5033,170,rest
14.5061,963,rest
14.5077,171196,rest
14.5102,170807,rest
14.5142,171095,rest
14.5182,170913,rest
14.5225,171514,rest
14.5270,171316,rest
14.5307,170768,rest
14.5347,171412,rest
14.5390,171153,rest
14.5430,171100,rest
14.5469,171867,rest
14.5510,170998,rest
14.5554,171442,rest
14.5597,171165,rest
14.5633,171115,rest
14.5674,171055,rest
14.5718,171576,rest
14.5757,171523,rest
14.5797,171404,rest
14.5838,171575,rest
14.5882,171860,rest
14.5925,171480,rest
14.5961,171017,rest
14.6002,171723,rest
14.6043,171190,rest
14.6085,7326,rest
14.6134,171535,rest
14.6170,170973,rest
14.6207,170831,rest
14.6256,171303,rest
14.6290,170978,rest
14.6305,171,rest
14.6330,326,rest
14.6332,171249,rest
14.6371,171612,rest
14.6419,171220,rest
14.6452,171374,rest
14.6493,171263,rest
14.6534,171484,rest
14.6576,71413,rest
14.6658,171453,rest
14.6660,171011,rest
14.6699,171184,rest
14.6756,7121,rest
14.6795,171609,rest
14.6824,171392,rest
14.6862,171126,rest
14.6921,73,rest
14.6947,171138,rest
14.6986,171329,rest
14.7027,171603,rest
14.7069,171293,rest
14.7110,171020,rest
14.7149,171529,rest
14.7190,171393,rest
14.7231,171439,rest
14.7274,171312,rest
14.7313,171401,rest
14.7353,171102,rest
14.7395,171069,rest
14.7436,171765,rest
14.7476,171622,rest
14.7517,171579,rest
14.7559,171496,rest
14.7570,171,rest
14.7599,349,rest
14.7615,171316,rest
14.7641,171453,rest
14.7681,171121,rest
14.7723,171360,rest
14.7768,171335,rest
14.7804,171078,rest
14.7845,170855,rest
14.7888,171573,rest
14.7927,171712,rest
14.7968,171371,rest
14.8009,171372,rest
14.8051,171447,rest
14.8095,171483,rest
14.8133,171402,rest
14.8174,170746,rest
14.8216,171716,rest
14.8265,171514,rest
14.8296,171563,rest
14.8336,170878,rest
14.8380,171233,rest
14.8421,171104,rest
14.8459,170684,rest
14.8500,171101,rest
14.8543,171627,rest
14.8587,171127,rest
14.8623,171431,rest
14.8664,171672,rest
14.8705,171487,rest
14.8749,171268,rest
14.8788,171303,rest
14.8829,171570,rest
14.8842,17,rest
14.8869,1575,rest
14.8879,17201,rest
14.8915,2,rest
14.8925,171288,rest
14.8951,171089,rest
14.8992,171354,rest
14.9033,171542,rest
14.9090,715,rest
14.9116,171314,rest
14.9157,171882,rest
14.9197,171433,rest
14.9239,718,rest
14.9279,171599,rest
14.9329,172069,rest
14.9361,171463,rest
14.9403,172126,rest
14.9444,171390,rest
14.9484,171574,rest
14.9525,171083,rest
14.9567,1319,rest
14.9610,171538,rest
14.9647,171285,rest
14.9688,171383,rest
14.9730,171264,rest
14.9771,171374,rest
14.9812,171662,rest
14.9853,170980,rest
14.9895,171633,rest
14.9937,171288,rest
14.9975,171269,rest
15.0016,171514,rest
15.0058,170773,rest
15.0099,171335,rest
15.0111,17,rest
15.0139,1386,rest
15.0150,17104,rest
15.0180,2,rest
15.0180,171519,rest
15.0222,171397,rest
15.0267,171616,rest
15.0304,171470,rest
15.0344,171459,rest
15.0386,170761,rest
15.0431,171218,rest
15.0467,170985,rest
15.0507,171345,rest
15.0552,171317,rest
15.0592,171451,rest
15.0630,171509,rest
15.0671,170713,rest
15.0714,171491,rest
15.0769,170904,rest
15.0795,171297,rest
15.0836,171821,rest
15.0879,171394,rest
15.0925,171268,rest
15.0958,170920,rest
15.0999,171483,rest
15.1040,171528,rest
15.1082,71325,rest
15.1142,172136,rest
15.1165,171319,rest
15.1204,171196,rest
15.1245,71829,rest
15.1286,171514,rest
15.1327,170582,rest
15.1368,171475,rest
15.1384,17,rest
15.1409,480,rest
15.1428,17,rest
15.1451,4,rest
15.1486,170875,rest
15.1491,170681,rest
15.1531,170713,rest
15.1572,71348,rest
15.1619,171375,rest
15.1659,171523,rest
15.1695,171267,rest
15.1737,3,rest
15.1781,172017,rest
15.1818,170961,rest
15.1859,170543,rest
15.1901,171601,rest
15.1950,171308,rest
15.1982,171554,rest
15.2023,171402,rest
15.2065,171642,rest
15.2106,171393,rest
15.2146,171543,rest
15.2186,171246,rest
15.2228,171037,rest
15.2270,171185,rest
15.2309,171266,rest
15.2350,171503,rest
15.2393,171408,rest
15.2435,171148,rest
15.2473,171243,rest
15.2514,171450,rest
15.2556,171147,rest
15.2602,171518,rest
15.2637,171649,rest
15.2648,1,rest
15.2678,71143,rest
15.2693,1712,rest
15.2721,85,rest
15.2737,171061,rest
15.2761,170760,rest
15.2802,171131,rest
15.2843,171777,rest
15.2888,171483,rest
15.2938,171349,rest
15.2966,171395,rest
15.3007,171354,rest
15.3053,171351,rest
15.3089,71280,rest
15.3140,171492,rest
15.3179,171209,rest
15.3216,171366,rest
15.3255,170999,rest
15.3293,170809,rest
15.3334,171632,rest
15.3376,171367,rest
15.3416,7535,rest
15.3457,171273,rest
15.3499,171112,rest
15.3540,171572,rest
15.3598,71059,rest
15.3630,171479,rest
15.3667,171296,rest
15.3703,171468,rest
15.3744,7105,rest
15.3785,170729,rest
15.3841,171395,rest
15.3866,171603,rest
15.3908,71041,rest
15.3956,1253,rest
15.3968,1714,rest
15.3993,84,rest
15.4013,171137,rest
15.4030,171563,rest
15.4080,2,rest
15.4115,171127,rest
15.4154,171281,rest
15.4194,170782,rest
15.4248,71,rest
15.4292,171480,rest
15.4319,171129,rest
15.4359,171371,rest
15.4400,170844,rest
15.4441,171099,rest
15.4480,171156,rest
15.4521,171294,rest
15.4563,171310,rest
15.4604,171222,rest
15.4644,171093,rest
15.4685,171578,rest
15.4726,171100,rest
15.4777,171374,rest
15.4808,170899,rest
15.4850,171509,rest
15.4892,170849,rest
15.4935,171341,rest
15.4972,171094,rest
15.5013,171084,rest
15.5058,171188,rest
15.5099,171697,rest
15.5135,171996,rest
15.5177,171338,rest
15.5190,1,rest
15.5221,71425,rest
15.5235,1712,rest
15.5267,99,rest
15.5280,171598,rest
15.5300,170959,rest
15.5341,171320,rest
15.5387,171150,rest
15.5436,170967,rest
15.5465,171352,rest
15.5505,171820,rest
15.5546,171591,rest
15.5592,171486,rest
15.5627,171587,rest
15.5668,171278,rest
15.5714,171568,rest
15.5759,170546,rest
15.5793,171608,rest
15.5833,171317,rest
15.5873,171476,rest
15.5935,3,rest
15.5963,170959,rest
15.5998,171717,rest
15.6037,171038,rest
15.6095,71,rest
15.6124,170759,rest
15.6160,171172,rest
15.6201,171248,rest
15.6242,7641,rest
15.6287,171117,rest
15.6335,170749,rest
15.6366,171311,rest
15.6407,2,rest
15.6459,171623,rest
15.6471,1,rest
15.6497,71202,rest
15.6510,1712,rest
15.6529,19,rest
15.6547,171503,rest
15.6572,170793,rest
15.6610,171488,rest
15.6651,170826,rest
15.6692,170848,rest
15.6752,11,rest
15.6775,170800,rest
15.6838,171685,rest
15.6860,171752,rest
15.6898,171490,rest
15.6938,171350,rest
15.6979,171392,rest
15.7020,171166,rest
15.7061,171888,rest
15.7105,171675,rest
15.7143,171471,rest
15.7183,171120,rest
15.7225,172105,rest
15.7266,171513,rest
15.7307,171435,rest
15.7348,171755,rest
15.7389,170874,rest
15.7439,171466,rest
15.7471,171366,rest
15.7511,171080,rest
15.7555,171266,rest
15.7598,171640,rest
15.7635,171150,rest
15.7676,171033,rest
15.7718,171260,rest
15.7732,1,rest
15.7763,71831,rest
15.7776,171,rest
15.7799,426,rest
15.7812,171453,rest
15.7840,171463,rest
15.7882,172010,rest
15.7924,171207,rest
15.7962,171417,rest
15.8003,171643,rest
15.8045,171356,rest
15.8087,171078,rest
15.8127,171238,rest
15.8168,171092,rest
15.8212,171340,rest
15.8265,171269,rest
15.8291,171553,rest
15.8332,172093,rest
15.8371,171392,rest
15.8413,71700,rest
15.8466,171471,rest
15.8494,171567,rest
15.8535,171533,rest
15.8578,71065,rest
15.8644,171664,rest
15.8659,171216,rest
15.8699,171454,rest
15.8741,713,rest
15.8781,170805,rest
15.8831,171533,rest
15.8863,171198,rest
15.8904,71376,rest
15.8959,171366,rest
15.8991,171164,rest
15.9027,171191,rest
15.9041,171,rest
15.9086,974,rest
15.9120,171169,rest
15.9153,171408,rest
15.9191,171541,rest
15.9232,171439,rest
15.9273,171536,rest
15.9315,171062,rest
15.9354,171555,rest
15.9395,171752,rest
15.9447,171075,rest
15.9477,171554,rest
15.9518,170952,rest
15.9560,171507,rest
15.9605,170638,rest
15.9642,171075,rest
15.9684,171388,rest
15.9724,171438,rest
15.9766,171270,rest
15.9805,171193,rest
15.9846,171504,rest
15.9890,170974,rest
15.9933,170969,rest
15.9969,170728,rest
16.0010,171421,rest
16.0054,171195,rest
16.0095,171219,rest
16.0133,171228,rest
16.0174,171366,rest
16.0222,172175,rest
16.0260,171215,rest
16.0297,171300,rest
16.0315,171,rest
16.0338,106,rest
16.0352,17138,rest
16.0382,5,rest
16.0384,171386,rest
16.0430,171447,rest
16.0460,170992,rest
16.0501,171371,rest
16.0543,171103,rest
16.0584,171615,rest
16.0625,171527,rest
16.0665,171377,rest
16.0706,171235,rest
16.0750,171141,rest
16.0788,171251,rest
16.0829,171111,rest
16.0870,171001,rest
16.0929,6,rest
16.0961,171460,rest
16.0993,171187,rest
16.1033,171658,rest
16.1076,712,rest
16.1119,170988,rest
16.1161,171614,rest
16.1198,171737,rest
16.1239,71239,rest
16.1292,171267,rest
16.1321,170917,rest
16.1362,171272,rest
16.1402,70666,rest
16.1444,171634,rest
16.1485,171059,rest
16.1525,171445,rest
16.1568,171105,rest
16.1582,17,rest
16.1607,1219,rest
16.1620,17132,rest
16.1648,0,rest
16.1649,171287,rest
16.1689,171107,rest
16.1731,171258,rest
16.1772,171525,rest
16.1812,171301,rest
16.1853,171349,rest
16.1895,171437,rest
16.1936,171563,rest
16.1976,171239,rest
16.2017,171351,rest
16.2058,171342,rest
16.2099,171615,rest
16.2139,171605,rest
16.2180,171440,rest
16.2223,171821,rest
16.2263,171217,rest
16.2303,171579,rest
16.2344,171323,rest
16.2388,171619,rest
16.2427,171066,rest
16.2468,171681,rest
16.2508,171480,rest
16.2552,171131,rest
16.2590,172053,rest
16.2632,170923,rest
16.2672,171081,rest
16.2715,171063,rest
16.2764,171130,rest
16.2795,172015,rest
16.2836,171619,rest
16.2848,17,rest
16.2878,1600,rest
16.2892,17065,rest
16.2920,0,rest
16.2921,171166,rest
16.2961,170347,rest
16.3000,171345,rest
16.3046,171506,rest
16.3083,71590,rest
16.3125,171201,rest
16.3171,171793,rest
16.3206,171538,rest
16.3249,171099,rest
16.3286,171366,rest
16.3328,171679,rest
16.3368,171540,rest
16.3426,7,rest
16.3455,171516,rest
16.3491,171753,rest
16.3532,171470,rest
16.3573,71801,rest
16.3624,171574,rest
16.3661,170923,rest
16.3697,171443,rest
16.3738,70,rest
16.3784,171368,rest
16.3831,171074,rest
16.3862,171101,rest
16.3902,171044,rest
16.3942,171027,rest
16.3983,171294,rest
16.4024,171619,rest
16.4065,171126,rest
16.4114,170668,rest
16.4128,17,rest
16.4147,1691,rest
16.4158,17134,rest
16.4187,7,rest
16.4201,171307,rest
16.4229,171066,rest
16.4278,171687,rest
16.4311,171381,rest
16.4351,171306,rest
16.4393,171320,rest
16.4433,171391,rest
16.4474,171810,rest
16.4515,171278,rest
16.4557,171340,rest
16.4604,171206,rest
16.4640,171855,rest
16.4680,171033,rest
16.4723,171160,rest
16.4765,171799,rest
16.4803,171773,rest
16.4844,170812,rest
16.4887,171917,rest
16.4930,171479,rest
16.4968,171635,rest
16.5008,171210,rest
16.5049,171155,rest
16.5092,171260,rest
16.5130,171596,rest
16.5170,171751,rest
16.5216,171463,rest
16.5260,171405,rest
16.5293,171769,rest
16.5335,171296,rest
16.5380,171673,rest
16.5397,17,rest
16.5419,49,rest
16.5457,82,rest
16.5472,171664,rest
16.5499,171529,rest
16.5539,170757,rest
16.5636,171196,rest
16.5662,171257,rest
16.5703,171158,rest
16.5746,71,rest
16.5785,171432,rest
16.5835,171230,rest
16.5883,171260,rest
16.5923,71071,rest
16.5958,171132,rest
16.5992,171266,rest
16.6031,171132,rest
16.6088,71449,rest
16.6121,171380,rest
16.6154,171634,rest
16.6207,171203,rest
16.6237,170999,rest
16.6277,171170,rest
16.6318,171412,rest
16.6359,171176,rest
16.6400,171405,rest
16.6443,171319,rest
16.6481,171324,rest
16.6522,171561,rest
16.6564,171369,rest
16.6605,171376,rest
16.6646,171924,rest
16.6662,1,rest
16.6687,71357,rest
16.6700,17112,rest
16.6727,0,rest
16.6737,169073,rest
16.6769,171505,rest
16.6809,171149,rest
16.6851,171361,rest
16.6891,171448,rest
16.6933,171556,rest
16.6974,171422,rest
16.7015,171964,rest
16.7057,171135,rest
16.7099,171427,rest
16.7137,171481,rest
16.7178,171745,rest
16.7223,171016,rest
16.7269,171517,rest
16.7300,171292,rest
16.7341,171736,rest
16.7384,171233,rest
16.7425,171445,rest
16.7465,171261,rest
16.7506,170990,rest
16.7548,171138,rest
16.7600,170666,rest
16.7629,171392,rest
16.7670,171664,rest
16.7712,171376,rest
16.7764,170928,rest
16.7793,171650,rest
16.7834,171719,rest
16.7874,171454,rest
16.7916,71,rest
16.7966,1064,rest
16.7981,1710,rest
16.7997,87,rest
16.8011,170735,rest
16.8038,171417,rest
16.8079,70898,rest
16.8120,171339,rest
16.8162,171408,rest
16.8202,171184,rest
16.8259,76,rest
16.8284,171402,rest
16.8336,171911,rest
16.8378,171149,rest
16.8407,71878,rest
16.8453,171652,rest
16.8495,171252,rest
16.8539,171307,rest
16.8572,17564,rest
16.8618,171629,rest
16.8652,170951,rest
16.8693,171208,rest
16.8735,171297,rest
16.8776,171546,rest
16.8817,171611,rest
16.8857,171394,rest
16.8899,170965,rest
16.8942,171686,rest
16.8980,170881,rest
16.9021,171206,rest
16.9063,171184,rest
16.9103,171220,rest
16.9143,171005,rest
16.9184,171501,rest
16.9200,1,rest
16.9226,71113,rest
16.9238,1714,rest
16.9267,76,rest
16.9278,171209,rest
16.9308,171509,rest
16.9348,171310,rest
16.9391,171589,rest
16.9439,171691,rest
16.9471,171085,rest
16.9512,171411,rest
16.9556,171288,rest
16.9601,171179,rest
16.9637,171453,rest
16.9676,171327,rest
16.9721,171829,rest
16.9759,170932,rest
16.9799,171283,rest
16.9840,171216,rest
16.9884,171615,rest
16.9925,171556,rest
16.9964,171469,rest
17.0005,171120,rest
17.0049,171137,rest
17.0088,171402,rest
17.0127,171488,rest
17.0168,171699,rest
17.0209,171214,rest
17.0256,171071,rest
17.0291,171134,rest
17.0331,171681,rest
17.0372,171289,rest
17.0415,7254,rest
17.0475,171818,rest
17.0506,171731,rest
17.0521,171,rest
17.0536,423,rest
17.0554,171290,rest
17.0579,0,rest
17.0633,171219,rest
17.0660,171419,rest
17.0710,171589,rest
17.0756,72,rest
17.0782,171892,rest
17.0823,171618,rest
17.0864,171238,rest
17.0947,171254,rest
17.0988,170877,rest
17.1028,171187,rest
17.1070,171063,rest
17.1111,171578,rest
17.1151,171221,rest
17.1191,171539,rest
17.1233,171763,rest
17.1275,171169,rest
17.1315,171541,rest
17.1355,171060,rest
17.1397,170909,rest
17.1440,171729,rest
17.1479,170978,rest
17.1519,171380,rest
17.1561,170808,rest
17.1610,171625,rest
17.1644,170952,rest
17.1685,171102,rest
17.1725,171340,rest
17.1771,169873,rest
17.1787,171,rest
17.1807,552,rest
17.1817,171101,rest
17.1848,171623,rest
17.1890,171450,rest
17.1940,170844,rest
17.1971,171338,rest
17.2012,171108,rest
17.2053,171188,rest
17.2094,170981,rest
17.2134,170923,rest
17.2175,171245,rest
17.2218,171057,rest
17.2257,171560,rest
17.2297,171967,rest
17.2338,171072,rest
17.2381,170803,rest
17.2433,170919,rest
17.2462,170960,rest
17.2504,171136,rest
17.2545,171815,rest
17.2596,170946,rest
17.2625,171660,rest
17.2666,171637,rest
17.2707,171736,rest
17.2766,712,rest
17.2791,171304,rest
17.2831,171045,rest
17.2871,171202,rest
17.2912,71579,rest
17.2955,171166,rest
17.2995,171181,rest
17.3038,171355,rest
17.3053,17,rest
17.3077,154,rest
17.3088,17135,rest
17.3121,172244,rest
17.3158,171087,rest
17.3198,171547,rest
17.3293,171353,rest
17.3321,170811,rest
17.3362,171343,rest
17.3404,71920,rest
17.3472,171085,rest
17.3485,171476,rest
17.3526,171145,rest
17.3582,1,rest
17.3619,171418,rest
17.3650,171312,rest
17.3690,171719,rest
17.3731,170989,rest
17.3776,171405,rest
17.3813,171027,rest
17.3854,171898,rest
17.3897,171404,rest
17.3945,171031,rest
17.3977,171228,rest
17.4018,171756,rest
17.4059,171358,rest
17.4102,171029,rest
17.4141,171019,rest
17.4181,171416,rest
17.4223,171612,rest
17.4273,171779,rest
17.4304,171731,rest
17.4318,17,rest
17.4346,1760,rest
17.4357,17129,rest
17.4389,0,rest
17.4390,171254,rest
17.4434,171495,rest
17.4469,171429,rest
17.4510,171173,rest
17.4553,171403,rest
17.4599,171162,rest
17.4632,171126,rest
17.4673,171110,rest
17.4715,171651,rest
17.4765,171336,rest
17.4797,171732,rest
17.4838,171448,rest
17.4879,171019,rest
17.4920,171350,rest
17.4962,170870,rest
17.5002,171118,rest
17.5043,170913,rest
17.5102,7110,rest
17.5139,171117,rest
17.5164,170727,rest
17.5205,171189,rest
17.5261,71,rest
17.5298,171407,rest
17.5329,171571,rest
17.5369,171148,rest
17.5428,71418,rest
17.5461,171851,rest
17.5493,171786,rest
17.5533,171613,rest
17.5575,7150,rest
17.5618,1161,rest
17.5631,1714,rest
17.5657,91,rest
17.5669,171304,rest
17.5698,171242,rest
17.5754,1,rest
17.5789,171175,rest
17.5820,171383,rest
17.5861,170851,rest
17.5918,7,rest
17.5949,171617,rest
17.5985,171139,rest
17.6026,171667,rest
17.6066,171586,rest
17.6107,171378,rest
17.6147,171009,rest
17.6188,171680,rest
17.6231,171393,rest
17.6271,171221,rest
17.6311,171628,rest
17.6352,171025,rest
17.6393,171434,rest
17.6434,171268,rest
17.6475,171904,rest
17.6516,171388,rest
17.6558,171595,rest
17.6598,171874,rest
17.6639,171269,rest
17.6680,171747,rest
17.6722,171407,rest
17.6768,171444,rest
17.6803,170842,rest
17.6844,171124,rest
17.6857,1,rest
17.6887,71548,rest
17.6901,1714,rest
17.6933,39,rest
17.6947,170700,rest
17.6968,171464,rest
17.7009,171926,rest
17.7050,171851,rest
17.7096,171251,rest
17.7132,171066,rest
17.7173,171180,rest
17.7215,171136,rest
17.7254,171654,rest
17.7295,171514,rest
17.7335,171353,rest
17.7376,171505,rest
17.7421,171528,rest
17.7460,171582,rest
17.7500,170789,rest
17.7540,171598,rest
17.7586,171528,rest
17.7623,171166,rest
17.7663,171629,rest
17.7704,171924,rest
17.7763,7,rest
17.7800,171044,rest
17.7828,170929,rest
17.7869,170747,rest
17.7926,7,rest
17.7953,171299,rest
17.7991,171662,rest
17.8031,170726,rest
17.8074,741,rest
17.8125,171249,rest
17.8143,1,rest
17.8155,71706,rest
17.8172,1710,rest
17.8196,81,rest
17.8210,170906,rest
17.8243,171775,rest
17.8278,171472,rest
17.8318,171196,rest
17.8359,171251,rest
17.8460,171512,rest
17.8486,171565,rest
17.8524,171609,rest
17.8564,171238,rest
17.8605,171092,rest
17.8646,171378,rest
17.8687,171054,rest
17.8728,170950,rest
17.8772,171329,rest
17.8810,171155,rest
17.8851,171331,rest
17.8893,171121,rest
17.8937,171560,rest
17.8975,171159,rest
17.9015,170971,rest
17.9057,171157,rest
17.9100,171062,rest
17.9137,170696,rest
17.9178,170926,rest
17.9221,170566,rest
17.9263,171342,rest
17.9301,171211,rest
17.9342,171309,rest
17.9385,171212,rest
17.9427,171516,rest
17.9439,171,rest
17.9465,087,rest
17.9476,171444,rest
17.9507,171625,rest
17.9554,170808,rest
17.9594,171775,rest
17.9629,171073,rest
17.9670,171114,rest
17.9712,171195,rest
17.9762,170826,rest
17.9794,171319,rest
17.9834,171351,rest
17.9876,171675,rest
17.9917,71386,rest
17.9960,171458,rest
17.9998,171513,rest
18.0038,171600,rest
18.0094,7100,rest
18.0120,170976,rest
18.0162,171465,rest
18.0203,171286,rest
18.0244,710,rest
18.0284,171797,rest
18.0331,171679,rest
18.0367,171630,rest
18.0423,767,rest
18.0449,170939,rest
18.0489,170940,rest
18.0530,171700,rest
18.0584,19,rest
18.0612,171507,rest
18.0657,171275,rest
18.0695,171221,rest
18.0712,170,rest
18.0742,74,rest
18.0756,17769,rest
18.0778,171463,rest
18.0819,170922,rest
18.0867,170981,rest
18.0900,171177,rest
18.0947,170959,rest
18.0981,171647,rest
18.1022,171252,rest
18.1063,171845,rest
18.1103,171245,rest
18.1144,171267,rest
18.1185,171306,rest
18.1226,170982,rest
18.1271,171355,rest
18.1308,171459,rest
18.1349,171627,rest
18.1392,171446,rest
18.1435,171106,rest
18.1472,171236,rest
18.1513,170970,rest
18.1555,171184,rest
18.1604,171543,rest
18.1636,171137,rest
18.1677,171464,rest
18.1722,171601,rest
18.1772,170931,rest
18.1800,170791,rest
18.1841,171238,rest
18.1884,171113,rest
18.1931,171302,rest
18.1964,170958,rest
18.1976,171,rest
18.2005,569,rest
18.2022,17159,rest
18.2047,4,rest
18.2048,171352,rest
18.2092,171400,rest
18.2129,170984,rest
18.2169,171180,rest
18.2213,171935,rest
18.2253,171332,rest
18.2292,171894,rest
18.2332,171374,rest
18.2373,171412,rest
18.2415,17111,rest
18.2460,171363,rest
18.2496,171544,rest
18.2537,171470,rest
18.2579,710,rest
18.2646,171584,rest
18.2660,171085,rest
18.2701,171852,rest
18.2744,712,rest
18.2797,171135,rest
18.2833,171618,rest
18.2865,171638,rest
18.2907,71061,rest
18.2955,171220,rest
18.2997,171256,rest
18.3030,171201,rest
18.3070,171037,rest
18.3111,171327,rest
18.3152,171093,rest
18.3192,170941,rest
18.3235,122,rest
18.3249,17,rest
18.3275,817,rest
18.3300,17113,rest
18.3320,5,rest
18.3323,172009,rest
18.3356,171763,rest
18.3398,171409,rest
18.3438,171462,rest
18.3479,171286,rest
18.3520,170992,rest
18.3562,170923,rest
18.3605,171830,rest
18.3643,170937,rest
18.3684,171238,rest
18.3726,171007,rest
18.3767,171610,rest
18.3808,171094,rest
18.3848,171097,rest
18.3890,171204,rest
18.3934,171055,rest
18.3971,171103,rest
18.4012,171649,rest
18.4055,171269,rest
18.4103,171246,rest
18.4134,171165,rest
18.4176,171035,rest
18.4218,171569,rest
18.4262,171144,rest
18.4298,171326,rest
18.4339,171671,rest
18.4386,171230,rest
18.4428,171173,rest
18.4462,171077,rest
18.4503,171372,rest
18.4519,17,rest
18.4548,1115,rest
18.4565,17132,rest
18.4595,6,rest
18.4610,171237,rest
18.4626,171702,rest
18.4667,171180,rest
18.4708,170787,rest
18.4752,71245,rest
18.4818,171488,rest
18.4831,171018,rest
18.4872,171327,rest
18.4913,71013,rest
18.4966,171375,rest
18.4995,171498,rest
18.5038,171379,rest
18.5079,710,rest
18.5119,171726,rest
18.5164,171520,rest
18.5199,171475,rest
18.5241,12,rest
18.5283,171417,rest
18.5324,171367,rest
18.5365,171657,rest
18.5450,170971,rest
18.5490,171422,rest
18.5527,171298,rest
18.5569,171162,rest
18.5614,171396,rest
18.5650,171151,rest
18.5691,171203,rest
18.5753,171675,rest
18.5773,170587,rest
18.5785,1,rest
18.5814,71198,rest
18.5831,1714,rest
18.5856,07,rest
18.5866,171152,rest
18.5898,171083,rest
18.5937,171598,rest
18.5979,170922,rest
18.6019,170978,rest
18.6060,171251,rest
18.6102,171052,rest
18.6143,171435,rest
18.6183,171221,rest
18.6225,170775,rest
18.6269,171591,rest
18.6305,171444,rest
18.6346,171421,rest
18.6392,171313,rest
18.6431,171208,rest
18.6470,171229,rest
18.6510,171063,rest
18.6556,171680,rest
18.6604,171290,rest
18.6633,171286,rest
18.6674,171699,rest
18.6717,171492,rest
18.6760,171110,rest
18.6801,171458,rest
18.6838,170975,rest
18.6880,171409,rest
18.6929,171569,rest
18.6961,171795,rest
18.7001,170926,rest
18.7044,171265,rest
18.7057,1,rest
18.7098,133,rest
18.7130,68,rest
18.7147,171099,rest
18.7167,171455,rest
18.7207,171465,rest
18.7249,73,rest
18.7302,170892,rest
18.7336,171230,rest
18.7371,171522,rest
18.7413,743,rest
18.7460,171084,rest
18.7498,171314,rest
18.7535,171607,rest
18.7577,75,rest
18.7617,171425,rest
18.7667,171377,rest
18.7698,171081,rest
18.7739,704,rest
18.7780,171201,rest
18.7833,171347,rest
18.7870,171573,rest
18.7904,171488,rest
18.7951,170884,rest
18.7986,171097,rest
18.8026,170780,rest
18.8068,171530,rest
18.8111,171064,rest
18.8148,171428,rest
18.8189,171196,rest
18.8231,171560,rest
18.8272,171481,rest
18.8312,171541,rest
18.8353,171173,rest
18.8365,170,rest
18.8394,990,rest
18.8409,171819,rest
18.8436,171516,rest
18.8476,171479,rest
18.8517,171803,rest
18.8559,171567,rest
18.8608,171484,rest
18.8641,171726,rest
18.8681,171636,rest
18.8725,171906,rest
18.8765,171303,rest
18.8804,171738,rest
18.8845,171501,rest
18.8888,171990,rest
18.8933,171897,rest
18.8968,171034,rest
18.9008,171570,rest
18.9050,171531,rest
18.9098,171408,rest
18.9131,171293,rest
18.9172,171446,rest
18.9215,171348,rest
18.9263,171432,rest
18.9296,171107,rest
18.9336,171271,rest
18.9382,171311,rest
18.9427,171125,rest
18.9459,171180,rest
18.9500,171342,rest
18.9546,171493,rest
18.9583,71030,rest
18.9635,171915,rest
18.9645,171,rest
18.9674,313,rest
18.9690,171234,rest
18.9706,171575,rest
18.9746,71379,rest
18.9791,171410,rest
18.9828,171497,rest
18.9869,171027,rest
18.9925,790,rest
18.9954,171423,rest
18.9998,171436,rest
19.0032,171379,rest
19.0074,7159,rest
19.0119,171529,rest
19.0162,170762,rest
19.0197,171361,rest
19.0237,71238,rest
19.0285,171592,rest
19.0320,171683,rest
19.0381,171039,rest
19.0402,170917,rest
19.0445,171406,rest
19.0484,171556,rest
19.0524,171688,rest
19.0565,171341,rest
19.0607,171257,rest
19.0647,171640,rest
19.0688,171667,rest
19.0729,171310,rest
19.0771,171309,rest
19.0811,171138,rest
19.0852,171543,rest
19.0894,171150,rest
19.0908,17,rest
19.0934,1090,rest
19.0946,17107,rest
19.0975,0,rest
19.0976,170846,rest
19.1016,171026,rest
19.1058,171724,rest
19.1099,171352,rest
19.1138,171231,rest
19.1179,171320,rest
19.1222,170671,rest
19.1269,171400,rest
19.1302,171675,rest
19.1344,170527,rest
19.1386,170718,rest
19.1429,171234,rest
19.1467,171205,rest
19.1508,171046,rest
19.1549,171295,rest
19.1595,171264,rest
19.1630,171275,rest
19.1670,171183,rest
19.1713,171189,rest
19.1760,171653,rest
19.1795,171205,rest
19.1836,171328,rest
19.1876,171312,rest
19.1922,171344,rest
19.1957,171663,rest
19.1998,171084,rest
19.2039,171561,rest
19.2082,171674,rest
19.2122,171442,rest
19.2163,171155,rest
19.2176,17,rest
19.2203,1432,rest
19.2219,17106,rest
19.2245,171414,rest
19.2294,171113,rest
19.2326,171452,rest
19.2369,171332,rest
19.2410,71,rest
19.2451,171307,rest
19.2492,171690,rest
19.2548,171605,rest
19.2591,11,rest
19.2616,171842,rest
19.2659,171382,rest
19.2695,171088,rest
19.2748,15,rest
19.2788,171551,rest
19.2819,171186,rest
19.2859,171204,rest
19.2901,171242,rest
19.2944,171321,rest
19.2981,170969,rest
19.3022,171450,rest
19.3065,170942,rest
19.3109,171297,rest
19.3146,170954,rest
19.3186,171059,rest
19.3228,171220,rest
19.3274,171228,rest
19.3310,171768,rest
19.3350,171055,rest
19.3391,171083,rest
19.3432,171304,rest
19.3449,1,rest
19.3473,72169,rest
19.3487,1712,rest
19.3514,38,rest
19.3532,171157,rest
19.3558,171448,rest
19.3603,171782,rest
19.3637,171515,rest
19.3677,171007,rest
19.3725,170977,rest
19.3766,171180,rest
19.3802,171080,rest
19.3843,171788,rest
19.3885,171275,rest
19.3926,171637,rest
19.3965,170929,rest
19.4006,171054,rest
19.4050,170669,rest
19.4089,171493,rest
19.4128,171281,rest
19.4169,171061,rest
19.4211,171348,rest
19.4266,171,rest
19.4293,170941,rest
19.4334,171775,rest
19.4376,170967,rest
19.4415,71215,rest
19.4458,171651,rest
19.4498,170930,rest
19.4539,171383,rest
19.4584,171703,rest
19.4620,171163,rest
19.4661,171199,rest
19.4702,170738,rest
19.4715,1,rest
19.4744,71140,rest
19.4760,1706,rest
19.4785,28,rest
19.4798,171059,rest
19.4825,171170,rest
19.4866,171294,rest
19.4924,713,rest
19.4951,171310,rest
19.4990,170905,rest
19.5030,171566,rest
19.5071,71421,rest
19.5116,171359,rest
19.5153,171619,rest
19.5194,171786,rest
19.5248,7131,rest
19.5275,171495,rest
19.5317,171286,rest
19.5357,171381,rest
19.5398,171210,rest
19.5440,170868,rest
19.5480,170964,rest
19.5521,171199,rest
19.5562,171267,rest
19.5603,171208,rest
19.5644,171303,rest
19.5685,171097,rest
19.5726,171295,rest
19.5768,171850,rest
19.5808,171569,rest
19.5849,171758,rest
19.5892,170733,rest
19.5935,171168,rest
19.5972,170902,rest
19.5987,1,rest
19.6013,71258,rest
19.6024,1712,rest
19.6055,92,rest
19.6068,171678,rest
19.6096,171223,rest
19.6136,171717,rest
19.6176,171485,rest
19.6219,171014,rest
19.6267,171314,rest
19.6299,171277,rest
19.6340,171170,rest
19.6386,171465,rest
19.6423,171266,rest
19.6465,170992,rest
19.6505,171903,rest
19.6546,171206,rest
19.6587,713,rest
19.6630,171335,rest
19.6676,171482,rest
19.6711,170974,rest
19.6753,171644,rest
19.6794,171597,rest
19.6832,171603,rest
19.6873,171081,rest
19.6918,171575,rest
19.6955,171229,rest
19.6996,171418,rest
19.7036,171166,rest
19.7078,71711,rest
19.7136,171694,rest
19.7165,171190,rest
19.7210,171677,rest
19.7242,171889,rest
19.7291,171599,rest
19.7304,171,rest
19.7323,549,rest
19.7341,171177,rest
19.7365,171290,rest
19.7407,1714,rest
19.7449,171752,rest
19.7493,171285,rest
19.7529,171780,rest
19.7584,171516,rest
19.7620,171679,rest
19.7656,171424,rest
19.7692,171624,rest
19.7734,171383,rest
19.7780,171500,rest
19.7817,171622,rest
19.7856,171864,rest
19.7897,171848,rest
19.7945,171465,rest
19.7979,171563,rest
19.8019,171790,rest
19.8061,171417,rest
19.8108,171686,rest
19.8143,171470,rest
19.8183,171374,rest
19.8224,171028,rest
19.8273,171612,rest
19.8307,171008,rest
19.8349,171500,rest
19.8389,171585,rest
19.8438,171173,rest
19.8471,171147,rest
19.8511,171160,rest
19.8554,170936,rest
19.8577,171,rest
19.8593,777,rest
19.8607,17131,rest
19.8634,7,rest
19.8634,170810,rest
19.8675,171702,rest
19.8718,171223,rest
19.8759,171401,rest
19.8798,171570,rest
19.8839,171495,rest
19.8881,170553,rest
19.8927,171114,rest
19.8963,171510,rest
19.9003,171083,rest
19.9043,170968,rest
19.9085,71377,rest
19.9137,171172,rest
19.9167,171025,rest
19.9208,171333,rest
19.9265,170906,rest
19.9290,171355,rest
19.9330,171660,rest
19.9371,171349,rest
19.9413,71415,rest
19.9456,171458,rest
19.9494,171715,rest
19.9537,171079,rest
19.9581,172141,rest
19.9624,171173,rest
19.9658,171064,rest
19.9699,171676,rest
19.9740,71712,rest
19.9792,171415,rest
19.9832,171417,rest
19.9846,17,rest
19.9863,1299,rest
19.9875,17071,rest
19.9905,93,rest
19.9947,171117,rest
19.9986,171170,rest
20.0037,171035,rest
20.0069,171159,rest
20.0117,171418,rest
20.0149,171594,rest
20.0190,171469,rest
20.0232,171327,rest
20.0274,171365,rest
20.0313,171630,rest
20.0354,171386,rest
20.0397,171610,rest
20.0441,171584,rest
20.0478,171439,rest
20.0518,171120,rest
20.0559,171127,rest
20.0601,171658,rest
20.0641,171446,rest
20.0682,171156,rest
20.0724,170984,rest
20.0773,171533,rest
20.0806,171425,rest
20.0847,171173,rest
20.0889,171737,rest
20.0928,171312,rest
20.0969,170860,rest
20.1010,170907,rest
20.1052,171317,rest
20.1107,171410,rest
20.1117,17,rest
20.1133,1519,rest
20.1148,17183,rest
20.1173,8,rest
20.1188,171737,rest
20.1217,171421,rest
20.1258,171284,rest
20.1298,171318,rest
20.1338,171644,rest
20.1382,170921,rest
20.1426,171591,rest
20.1460,171093,rest
20.1501,170832,rest
20.1542,171255,rest
20.1583,71271,rest
20.1627,172005,rest
20.1671,170916,rest
20.1706,171409,rest
20.1748,7125,rest
20.1805,171168,rest
20.1834,171109,rest
20.1870,171308,rest
20.1913,172079,rest
20.1952,171290,rest
20.1993,171143,rest
20.2034,171798,rest
20.2091,716,rest
20.2127,171510,rest
20.2160,171159,rest
20.2198,171531,rest
20.2239,7177,rest
20.2293,1215,rest
20.2324,171798,rest
20.2373,171066,rest
20.2390,17,rest
20.2402,1355,rest
20.2413,1717,rest
20.2443,08,rest
20.2453,171432,rest
20.2484,171616,rest
20.2525,171214,rest
20.2584,1,rest
20.2610,171325,rest
20.2653,171164,rest
20.2689,171605,rest
20.2730,171878,rest
20.2776,171648,rest
20.2812,171501,rest
20.2852,171664,rest
20.2894,171374,rest
20.2940,170922,rest
20.2976,171380,rest
20.3017,171017,rest
20.3059,171851,rest
20.3099,171872,rest
20.3140,171086,rest
20.3180,171229,rest
20.3225,171538,rest
20.3268,172000,rest
20.3304,170817,rest
20.3344,171622,rest
20.3387,171266,rest
20.3431,171514,rest
20.3467,171576,rest
20.3508,171575,rest
20.3550,171153,rest
20.3600,171339,rest
20.3631,171430,rest
20.3646,1,rest
20.3673,71482,rest
20.3688,1712,rest
20.3716,11,rest
20.3736,171017,rest
20.3763,171615,rest
20.3796,171762,rest
20.3836,171362,rest
20.3880,171252,rest
20.3918,71206,rest
20.3987,171430,rest
20.3999,171666,rest
20.4040,171566,rest
20.4094,171567,rest
20.4122,171421,rest
20.4163,171499,rest
20.4204,171475,rest
20.4245,71066,rest
20.4316,171144,rest
20.4327,171609,rest
20.4368,171864,rest
20.4426,171820,rest
20.4450,171531,rest
20.4491,170973,rest
20.4532,171094,rest
20.4574,171592,rest
20.4615,171278,rest
20.4655,171932,rest
20.4696,171417,rest
20.4757,7,rest
20.4781,171738,rest
20.4819,171642,rest
20.4859,170964,rest
20.4903,2,rest
20.4955,171687,rest
20.4971,171,rest
20.4982,503,rest
20.4999,171441,rest
20.5024,170962,rest
20.5064,171853,rest
20.5109,171710,rest
20.5146,171825,rest
20.5187,171758,rest
20.5229,171417,rest
20.5270,171337,rest
20.5310,171137,rest
20.5351,171048,rest
20.5392,171969,rest
20.5440,171671,rest
20.5474,171123,rest
20.5515,171606,rest
20.5558,171163,rest
20.5605,171530,rest
20.5638,171141,rest
20.5678,171602,rest
20.5721,171635,rest
20.5765,171382,rest
20.5802,171688,rest
20.5843,171407,rest
20.5886,171018,rest
20.5931,171065,rest
20.5967,171579,rest
20.6006,171252,rest
20.6050,171163,rest
20.6097,171496,rest
20.6130,171318,rest
20.6170,171378,rest
20.6213,170941,rest
20.6229,171,rest
20.6263,325,rest
20.6284,171673,rest
20.6294,171040,rest
20.6334,171462,rest
20.6380,171390,rest
20.6427,171532,rest
20.6457,172001,rest
20.6498,171448,rest
20.6539,171540,rest
20.6592,7,rest
20.6624,171498,rest
20.6662,171644,rest
20.6702,171433,rest
20.6757,736,rest
20.6789,171543,rest
20.6828,171980,rest
20.6867,171589,rest
20.6925,0,rest
20.6954,171298,rest
20.6996,171439,rest
20.7031,171738,rest
20.7073,736,rest
20.7121,171928,rest
20.7154,171361,rest
20.7196,171206,rest
20.7236,5,rest
20.7279,171427,rest
20.7323,171533,rest
20.7359,171548,rest
20.7419,17152,rest
20.7441,171899,rest
20.7485,171777,rest
20.7502,171,rest
20.7522,579,rest
20.7531,171787,rest
20.7564,171467,rest
20.7609,171710,rest
20.7645,171637,rest
20.7686,171268,rest
20.7727,171607,rest
20.7768,171347,rest
20.7808,171471,rest
20.7849,171171,rest
20.7892,171357,rest
20.7934,171615,rest
20.7972,171756,rest
20.8013,171483,rest
20.8057,171715,rest
20.8107,171260,rest
20.8137,171317,rest
20.8178,171520,rest
20.8220,171404,rest
20.8269,171614,rest
20.8301,171049,rest
20.8342,171834,rest
20.8386,171077,rest
20.8425,171534,rest
20.8464,171384,rest
20.8505,171869,rest
20.8547,171345,rest
20.8600,171691,rest
20.8628,171407,rest
20.8668,171668,rest
20.8711,171849,rest
20.8764,171458,rest
20.8774,17,rest
20.8792,1632,rest
20.8805,17189,rest
20.8833,3,rest
20.8834,171296,rest
20.8873,171130,rest
20.8916,7130,rest
20.8960,171755,rest
20.8999,171398,rest
20.9038,171575,rest
20.9093,7,rest
20.9121,171603,rest
20.9163,171623,rest
20.9201,171226,rest
20.9243,71172,rest
20.9294,171265,rest
20.9326,171678,rest
20.9365,171334,rest
20.9421,7,flicker
20.9450,171108,flicker
20.9506,171135,flicker
20.9529,171368,flicker
20.9582,776,flicker
20.9621,171426,flicker
20.9657,171407,flicker
20.9693,171247,flicker
20.9776,171229,flicker
20.9817,171594,flicker
20.9857,171858,flicker
20.9898,171333,flicker
20.9942,171684,flicker
20.9979,170870,flicker
21.0020,171213,flicker
21.0030,17,flicker
21.0062,2015,flicker
21.0075,17159,flicker
21.0102,7,flicker
21.0112,171211,flicker
21.0144,171609,flicker
21.0185,171533,flicker
21.0226,171109,flicker
21.0270,171017,flicker
21.0307,171533,flicker
21.0348,171222,flicker
21.0392,171892,flicker
21.0435,171404,flicker
21.0471,171458,flicker
21.0512,171658,flicker
21.0556,171054,flicker
21.0594,171587,flicker
21.0635,170965,flicker
21.0676,171370,flicker
21.0718,170499,flicker
21.0768,171055,flicker
21.0799,171320,flicker
21.0839,171299,flicker
21.0882,171139,flicker
21.0938,171211,flicker
21.0962,171221,flicker
21.1004,171738,flicker
21.1048,171359,flicker
21.1092,171787,flicker
21.1126,170840,flicker
21.1167,171150,flicker
21.1208,171602,flicker
21.1272,7,flicker
21.1302,171478,flicker
21.1313,1,flicker
21.1331,71035,flicker
21.1346,1708,flicker
21.1372,88,flicker
21.1384,171531,flicker
21.1418,171818,flicker
21.1454,171393,flicker
21.1495,170950,flicker
21.1536,171457,flicker
21.1599,71,flicker
21.1619,171484,flicker
21.1661,171754,flicker
21.1700,171311,flicker
21.1756,714,flicker
21.1791,171579,flicker
21.1830,171517,flicker
21.1864,170865,flicker
21.1905,7115,flicker
21.1949,171050,flicker
21.1996,171721,flicker
21.2028,171855,flicker
21.2070,730,flicker
21.2114,171069,flicker
21.2154,171379,flicker
21.2192,171347,flicker
21.2233,171387,flicker
21.2283,171966,flicker
21.2315,171323,flicker
21.2355,171245,flicker
21.2397,171303,flicker
21.2440,171671,flicker
21.2478,171312,flicker
21.2519,171461,flicker
21.2560,171479,flicker
21.2575,1,flicker
21.2604,71297,flicker
21.2621,1715,flicker
21.2642,43,flicker
21.2654,171859,flicker
21.2683,171016,flicker
21.2725,171074,flicker
21.2765,171395,flicker
21.2806,171447,flicker
21.2846,171571,flicker
21.2890,171078,flicker
21.2938,171471,flicker
21.2971,170478,flicker
21.3011,171396,flicker
21.3053,171484,flicker
21.3100,171063,flicker
21.3133,170914,flicker
21.3174,171722,flicker
21.3216,171111,flicker
21.3263,171222,flicker
21.3298,171292,flicker
21.3338,171472,flicker
21.3388,171297,flicker
21.3429,171127,flicker
21.3461,171311,flicker
21.3503,170853,flicker
21.3543,170831,flicker
21.3584,70969,flicker
21.3641,171304,flicker
21.3668,171079,flicker
21.3707,170943,flicker
21.3758,171067,flicker
21.3789,171488,flicker
21.3830,171405,flicker
21.3871,171754,flicker
21.3889,171,flicker
21.3913,86,flicker
21.3926,171040,flicker
21.3955,171361,flicker
21.4000,171576,flicker
21.4034,171363,flicker
21.4093,7,flicker
21.4116,171968,flicker
21.4166,171673,flicker
21.4199,171349,flicker
21.4240,714,flicker
21.4283,171684,flicker
21.4335,171190,flicker
21.4362,171691,flicker
21.4405,710,flicker
21.4445,171103,flicker
21.4488,170887,flicker
21.4526,171393,flicker
21.4568,11391,flicker
21.4610,171826,flicker
21.4658,170824,flicker
21.4690,171548,flicker
21.4731,171177,flicker
21.4774,171279,flicker
21.4812,171079,flicker
21.4853,171304,flicker
21.4895,171090,flicker
21.4942,171104,flicker
21.4976,171439,flicker
21.5017,171510,flicker
21.5059,171698,flicker
21.5105,171176,flicker
21.5140,171332,flicker
21.5153,171,flicker
21.5182,346,flicker
21.5194,171605,flicker
21.5224,171870,flicker
21.5265,171513,flicker
21.5304,171503,flicker
21.5345,171176,flicker
21.5389,170704,flicker
21.5434,170706,flicker
21.5468,171424,flicker
21.5509,171877,flicker
21.5556,171462,flicker
21.5600,171521,flicker
21.5631,170960,flicker
21.5672,171371,flicker
21.5717,171462,flicker
21.5758,170987,flicker
21.5796,171365,flicker
21.5836,171389,flicker
21.5880,171574,flicker
21.5918,171039,flicker
21.5960,171199,flicker
21.6002,171558,flicker
21.6042,171363,flicker
21.6094,7179,flicker
21.6134,171085,flicker
21.6164,171519,flicker
21.6205,171376,flicker
21.6259,72,flicker
21.6300,171334,flicker
21.6328,171848,flicker
21.6369,171670,flicker
21.6425,71271,flicker
21.6459,72,flicker
21.6478,17178,flicker
21.6493,3,flicker
21.6494,171183,flicker
21.6533,170932,flicker
21.6589,715,flicker
21.6617,171205,flicker
21.6663,171409,flicker
21.6698,171227,flicker
21.6739,10,flicker
21.6787,171097,flicker
21.6838,170692,flicker
21.6861,171355,flicker
21.6919,5,flicker
21.6944,171140,flicker
21.6992,171343,flicker
21.7024,171137,flicker
21.7084,1711,flicker
21.7117,171329,flicker
21.7149,171553,flicker
21.7188,171533,flicker
21.7230,171330,flicker
21.7274,171298,flicker
21.7311,171357,flicker
21.7352,171318,flicker
21.7393,171139,flicker
21.7443,171890,flicker
21.7475,171265,flicker
21.7516,171420,flicker
21.7557,170849,flicker
21.7602,171151,flicker
21.7639,171393,flicker
21.7680,171580,flicker
21.7689,17,flicker
21.7721,1671,flicker
21.7734,17135,flicker
21.7764,3,flicker
21.7764,171006,flicker
21.7803,171177,flicker
21.7843,171570,flicker
21.7887,171280,flicker
21.7933,171768,flicker
21.7967,171171,flicker
21.8008,171440,flicker
21.8049,171105,flicker
21.8104,171659,flicker
21.8130,171586,flicker
21.8171,171219,flicker
21.8215,171352,flicker
21.8253,171505,flicker
21.8295,171434,flicker
21.8336,171306,flicker
21.8379,171773,flicker
21.8426,71050,flicker
21.8458,171065,flicker
21.8499,171669,flicker
21.8540,171441,flicker
21.8587,171458,flicker
21.8622,171860,flicker
21.8662,171668,flicker
21.8704,171271,flicker
21.8746,170910,flicker
21.8785,171254,flicker
21.8826,171410,flicker
21.8867,171636,flicker
21.8910,71445,flicker
21.8951,171203,flicker
21.8975,17,flicker
21.9000,1452,flicker
21.9016,17134,flicker
21.9031,8,flicker
21.9032,171364,flicker
21.9088,701,flicker
21.9115,171117,flicker
21.9161,171580,flicker
21.9195,171090,flicker
21.9248,759,flicker
21.9278,171055,flicker
21.9319,171124,flicker
21.9359,171686,flicker
21.9413,11,flicker
21.9443,170874,flicker
21.9485,170974,flicker
21.9523,171158,flicker
21.9580,171005,flicker
21.9605,171253,flicker
21.9646,171289,flicker
21.9687,171418,flicker
21.9728,170918,flicker
21.9773,171427,flicker
21.9810,171258,flicker
21.9851,171622,flicker
21.9892,171392,flicker
21.9933,171685,flicker
21.9992,1,flicker
22.0027,171233,flicker
22.0056,171047,flicker
22.0107,171693,flicker
22.0138,171440,flicker
22.0178,171110,flicker
22.0221,171566,flicker
22.0234,1,flicker
22.0262,71185,flicker
22.0278,1710,flicker
22.0301,76,flicker
22.0318,171225,flicker
22.0342,170791,flicker
22.0386,171413,flicker
22.0427,171062,flicker
22.0465,171756,flicker
22.0505,171225,flicker
22.0549,171161,flicker
22.0589,171540,flicker
22.0631,171694,flicker
22.0671,171244,flicker
22.0711,171102,flicker
22.0757,170984,flicker
22.0794,171518,flicker
22.0834,171415,flicker
22.0876,171257,flicker
22.0928,171493,flicker
22.0957,170830,flicker
22.0997,171297,flicker
22.1038,171403,flicker
22.1086,171239,flicker
22.1120,171187,flicker
22.1161,171436,flicker
22.1202,171720,flicker
22.1244,70670,flicker
22.1286,171263,flicker
22.1326,171353,flicker
22.1374,171159,flicker
22.1408,717,flicker
22.1463,171442,flicker
22.1493,170978,flicker
22.1500,1,flicker
22.1531,71571,flicker
22.1548,1711,flicker
22.1612,170932,flicker
22.1652,171474,flicker
22.1693,170713,flicker
22.1750,17,flicker
22.1778,171243,flicker
22.1824,171131,flicker
22.1858,171114,flicker
22.1900,17139,flicker
22.1940,171267,flicker
22.1981,171529,flicker
22.2024,171185,flicker
22.2063,171459,flicker
22.2106,171682,flicker
22.2145,171515,flicker
22.2185,171036,flicker
22.2227,171121,flicker
22.2268,171418,flicker
22.2308,171720,flicker
22.2349,171018,flicker
22.2391,171534,flicker
22.2435,171404,flicker
22.2472,171243,flicker
22.2513,171472,flicker
22.2555,171380,flicker
22.2596,171313,flicker
22.2635,171356,flicker
22.2676,171171,flicker
22.2720,171278,flicker
22.2765,170568,flicker
22.2780,1,flicker
22.2800,71937,flicker
22.2810,171,flicker
22.2841,567,flicker
22.2855,171491,flicker
22.2883,171351,flicker
22.2928,171515,flicker
22.2965,171356,flicker
22.3004,171424,flicker
22.3048,171710,flicker
22.3103,712,flicker
22.3129,171620,flicker
22.3173,171341,flicker
22.3215,171169,flicker
22.3253,171568,flicker
22.3292,171264,flicker
22.3332,171756,flicker
22.3373,171222,flicker
22.3417,171334,flicker
22.3455,171198,flicker
22.3496,171149,flicker
22.3537,171322,flicker
22.3597,170887,flicker
22.3619,170923,flicker
22.3660,171752,flicker
22.3701,171755,flicker
22.3742,171450,flicker
22.3787,171693,flicker
22.3824,171572,flicker
22.3865,171386,flicker
22.3921,7131,flicker
22.3957,171415,flicker
22.3994,170908,flicker
22.4029,171748,flicker
22.4071,171623,flicker
22.4088,171,flicker
22.4110,301,flicker
22.4125,171020,flicker
22.4151,170963,flicker
22.4192,171234,flicker
22.4234,171421,flicker
22.4276,171397,flicker
22.4315,171301,flicker
22.4356,171708,flicker
22.4398,171472,flicker
22.4442,171553,flicker
22.4486,171307,flicker
22.4520,171447,flicker
22.4561,170960,flicker
22.4606,171244,flicker
22.4642,171167,flicker
22.4683,171474,flicker
22.4725,171662,flicker
22.4768,171030,flicker
22.4806,171146,flicker
22.4847,171381,flicker
22.4890,171547,flicker
22.4930,171247,flicker
22.4970,171083,flicker
22.5011,171469,flicker
22.5055,171945,flicker
22.5096,171532,flicker
22.5134,171588,flicker
22.5175,171195,flicker
22.5219,171462,flicker
22.5268,171269,flicker
22.5298,170650,flicker
22.5339,170750,flicker
22.5352,171,flicker
22.5383,241,flicker
22.5398,171075,flicker
22.5423,170961,flicker
22.5463,171369,flicker
22.5504,171912,flicker
22.5547,171218,flicker
22.5586,71217,flicker
22.5656,170979,flicker
22.5667,171369,flicker
22.5708,171399,flicker
22.5758,171065,flicker
22.5789,171387,flicker
22.5831,170845,flicker
22.5872,171398,flicker
22.5927,7,flicker
22.5976,171041,flicker
22.5995,171158,flicker
22.6035,171223,flicker
22.6124,170841,flicker
22.6158,170905,flicker
22.6199,171195,flicker
22.6255,77,flicker
22.6297,171063,flicker
22.6323,171580,flicker
22.6364,171195,flicker
22.6422,7,flicker
22.6453,171391,flicker
22.6486,171308,flicker
22.6527,171235,flicker
22.6569,170849,flicker
22.6611,171376,flicker
22.6626,170,flicker
22.6650,844,flicker
22.6663,17117,flicker
22.6691,2,flicker
22.6691,171611,flicker
22.6732,171007,flicker
22.6772,171281,flicker
22.6813,171249,flicker
22.6855,172230,flicker
22.6897,171554,flicker
22.6945,171506,flicker
22.6977,171288,flicker
22.7018,170966,flicker
22.7061,171786,flicker
22.7100,171179,flicker
22.7141,171616,flicker
22.7182,171027,flicker
22.7224,171304,flicker
22.7272,171640,flicker
22.7305,171363,flicker
22.7345,171178,flicker
22.7389,171344,flicker
22.7436,171028,flicker
22.7470,171700,flicker
22.7510,171088,flicker
22.7554,171290,flicker
22.7603,171573,flicker
22.7633,171744,flicker
22.7674,171366,flicker
22.7720,171255,flicker
22.7763,171478,flicker
22.7798,171342,flicker
22.7838,171381,flicker
22.7887,171869,flicker
22.7906,17,flicker
22.7934,1254,flicker
22.7950,17106,flicker
22.7960,3,flicker
22.7961,171508,flicker
22.8001,171820,flicker
22.8042,171201,flicker
22.8105,7,flicker
22.8125,171287,flicker
22.8167,171279,flicker
22.8206,171650,flicker
22.8250,171007,flicker
22.8288,171546,flicker
22.8329,171523,flicker
22.8370,171421,flicker
22.8432,7,flicker
22.8462,171677,flicker
22.8494,171791,flicker
22.8534,171669,flicker
22.8576,72063,flicker
22.8621,171527,flicker
22.8662,171302,flicker
22.8698,171725,flicker
22.8757,71252,flicker
22.8792,171245,flicker
22.8823,171479,flicker
22.8863,171611,flicker
22.8915,1,flicker
22.8949,171438,flicker
22.8984,171079,flicker
22.9025,170963,flicker
22.9067,17107,flicker
22.9111,171343,flicker
22.9159,171266,flicker
22.9169,17,flicker
22.9189,1251,flicker
22.9199,17127,flicker
22.9230,7,flicker
22.9231,171432,flicker
22.9276,171088,flicker
22.9312,171326,flicker
22.9353,171255,flicker
22.9394,171000,flicker
22.9439,171492,flicker
22.9476,171561,flicker
22.9517,170827,flicker
22.9559,171203,flicker
22.9604,171221,flicker
22.9639,171417,flicker
22.9682,171397,flicker
22.9725,171169,flicker
22.9766,171352,flicker
22.9804,171848,flicker
22.9844,171292,flicker
22.9887,171376,flicker
22.9930,171407,flicker
22.9971,171479,flicker
23.0008,171985,flicker
23.0051,171620,flicker
23.0098,171354,flicker
23.0131,171630,flicker
23.0172,171705,flicker
23.0215,171308,flicker
23.0263,171617,flicker
23.0299,171210,flicker
23.0337,171534,flicker
23.0379,171413,flicker
23.0429,171640,flicker
23.0448,17,flicker
23.0459,1163,flicker
23.0470,17137,flicker
23.0500,4,flicker
23.0500,171094,flicker
23.0541,171368,flicker
23.0582,71217,flicker
23.0629,171278,flicker
23.0665,171488,flicker
23.0706,171253,flicker
23.0761,171647,flicker
23.0788,171202,flicker
23.0829,171277,flicker
23.0868,171466,flicker
23.0910,71777,flicker
23.0966,171752,flicker
23.1000,171262,flicker
23.1032,171654,flicker
23.1073,71477,flicker
23.1118,171426,flicker
23.1162,171584,flicker
23.1206,171240,flicker
23.1254,1,flicker
23.1280,171132,flicker
23.1323,171306,flicker
23.1360,171391,flicker
23.1402,171387,flicker
23.1445,171918,flicker
23.1483,171181,flicker
23.1523,171603,flicker
23.1581,1753,flicker
23.1606,171223,flicker
23.1646,171213,flicker
23.1688,171463,flicker
23.1701,1,flicker
23.1729,71136,flicker
23.1738,1716,flicker
23.1770,46,flicker
23.1785,171350,flicker
23.1812,171210,flicker
23.1852,171076,flicker
23.1892,171645,flicker
23.1934,171364,flicker
23.1975,171566,flicker
23.2016,171522,flicker
23.2059,171944,flicker
23.2103,171289,flicker
23.2139,171494,flicker
23.2179,171801,flicker
23.2223,171488,flicker
23.2265,171162,flicker
23.2302,171302,flicker
23.2343,171475,flicker
23.2385,171182,flicker
23.2431,172142,flicker
23.2466,171606,flicker
23.2507,171348,flicker
23.2550,171615,flicker
23.2594,171471,flicker
23.2629,172000,flicker
23.2670,171516,flicker
23.2716,171322,flicker
23.2757,171215,flicker
23.2794,171489,flicker
23.2834,171334,flicker
23.2881,171247,flicker
23.2938,70893,flicker
23.2960,171279,flicker
23.2977,1,flicker
23.2999,71427,flicker
23.3014,1712,flicker
23.3039,42,flicker
23.3053,171401,flicker
23.3081,171279,flicker
23.3125,171384,flicker
23.3163,171129,flicker
23.3203,171389,flicker
23.3245,71674,flicker
23.3295,170997,flicker
23.3326,171160,flicker
23.3367,170937,flicker
23.3409,7193,flicker
23.3450,171300,flicker
23.3501,171214,flicker
23.3541,170892,flicker
23.3620,170923,flicker
23.3654,170990,flicker
23.3695,171277,flicker
23.3759,110,flicker
23.3787,171607,flicker
23.3820,171264,flicker
23.3858,171295,flicker
23.3918,1707,flicker
23.3941,171340,flicker
23.3981,171384,flicker
23.4022,171109,flicker
23.4065,171644,flicker
23.4112,171610,flicker
23.4146,171392,flicker
23.4187,170954,flicker
23.4227,171407,flicker
23.4275,171457,flicker
23.4290,171,flicker
23.4310,499,flicker
23.4321,171600,flicker
23.4351,171484,flicker
23.4391,171323,flicker
23.4438,171246,flicker
23.4475,171285,flicker
23.4514,170870,flicker
23.4556,171250,flicker
23.4601,171097,flicker
23.4636,171374,flicker
23.4677,171256,flicker
23.4722,171280,flicker
23.4777,170889,flicker
23.4804,171325,flicker
23.4842,171774,flicker
23.4887,171040,flicker
23.4926,171307,flicker
23.4964,171187,flicker
23.5005,171563,flicker
23.5048,171017,flicker
23.5097,171224,flicker
23.5128,171069,flicker
23.5169,171352,flicker
23.5217,171975,flicker
23.5256,171364,flicker
23.5292,171478,flicker
23.5332,171498,flicker
23.5374,171536,flicker
23.5415,71361,flicker
23.5457,171609,flicker
23.5505,171372,flicker
23.5538,171377,flicker
23.5553,171,flicker
23.5600,60,flicker
23.5620,171053,flicker
23.5671,171545,flicker
23.5702,170694,flicker
23.5759,0,flicker
23.5784,171923,flicker
23.5833,172001,flicker
23.5865,171694,flicker
23.5907,7143,flicker
23.5955,171290,flicker
23.6002,171384,flicker
23.6030,171303,flicker
23.6090,710,flicker
23.6114,171136,flicker
23.6153,171381,flicker
23.6193,171010,flicker
23.6248,1,flicker
23.6291,170357,flicker
23.6317,171608,flicker
23.6358,171344,flicker
23.6399,171416,flicker
23.6439,171440,flicker
23.6479,171370,flicker
23.6520,171883,flicker
23.6562,171219,flicker
23.6607,171436,flicker
23.6644,171353,flicker
23.6686,171296,flicker
23.6726,171387,flicker
23.6778,170792,flicker
23.6808,171004,flicker
23.6819,171,flicker
23.6849,149,flicker
23.6860,171146,flicker
23.6893,171367,flicker
23.6934,171048,flicker
23.6971,171668,flicker
23.7012,171583,flicker
23.7056,171182,flicker
23.7101,171569,flicker
23.7137,171606,flicker
23.7176,171417,flicker
23.7221,170708,flicker
23.7261,171105,flicker
23.7299,171410,flicker
23.7340,170725,flicker
23.7382,171462,flicker
23.7439,170832,flicker
23.7463,171267,flicker
23.7503,171086,flicker
23.7548,171632,flicker
23.7589,171636,flicker
23.7626,170938,flicker
23.7667,171642,flicker
23.7709,170915,flicker
23.7750,171354,flicker
23.7792,171390,flicker
23.7831,171506,flicker
23.7872,171268,flicker
23.7914,71386,flicker
23.7963,171230,flicker
23.8000,171099,flicker
23.8037,171640,flicker
23.8078,71387,flicker
23.8094,17,flicker
23.8121,864,flicker
23.8146,17136,flicker
23.8160,3,flicker
23.8161,171053,flicker
23.8200,170577,flicker
23.8261,711,flicker
23.8296,171602,flicker
23.8326,171478,flicker
23.8364,170958,flicker
23.8419,762,flicker
23.8451,171029,flicker
23.8495,171433,flicker
23.8528,171071,flicker
23.8570,171430,flicker
23.8613,171777,flicker
23.8650,171274,flicker
23.8691,171184,flicker
23.8734,170290,flicker
23.8774,171274,flicker
23.8815,171065,flicker
23.8855,170691,flicker
23.8897,170933,flicker
23.8942,171326,flicker
23.8978,171657,flicker
23.9019,171255,flicker
23.9060,171758,flicker
23.9106,170819,flicker
23.9143,171213,flicker
23.9183,171202,flicker
23.9224,171073,flicker
23.9269,171009,flicker
23.9307,171722,flicker
23.9347,171475,flicker
23.9359,17,flicker
23.9388,0872,flicker
23.9399,17118,flicker
23.9435,0,flicker
23.9451,170903,flicker
23.9470,171129,flicker
23.9511,170838,flicker
23.9553,171081,flicker
23.9600,171001,flicker
23.9634,171174,flicker
23.9675,171589,flicker
23.9717,170751,flicker
23.9763,171433,flicker
23.9797,171101,flicker
23.9838,171175,flicker
23.9880,170913,flicker
23.9920,171334,flicker
23.9961,171168,flicker
24.0002,171426,flicker
24.0045,170915,flicker
24.0087,171263,flicker
24.0126,171318,flicker
24.0166,171187,flicker
24.0207,171154,flicker
24.0273,7,flicker
24.0290,171499,flicker
24.0331,171278,flicker
24.0371,171113,flicker
24.0425,7,flicker
24.0457,171645,flicker
24.0501,170740,flicker
24.0535,171282,flicker
24.0576,71664,flicker
24.0627,7141,flicker
24.0659,70634,flicker
24.0677,1716,flicker
24.0710,29,flicker
24.0724,170871,flicker
24.0741,1087,flicker
24.0788,171199,flicker
24.0827,170854,flicker
24.0863,171452,flicker
24.0922,0,flicker
24.0954,171037,flicker
24.0986,171537,flicker
24.1027,171334,flicker
24.1069,17139,flicker
24.1110,171763,flicker
24.1166,171551,flicker
24.1190,171183,flicker
24.1232,171088,flicker
24.1277,171410,flicker
24.1313,171160,flicker
24.1354,171027,flicker
24.1395,171421,flicker
24.1439,171542,flicker
24.1477,171038,flicker
24.1518,171129,flicker
24.1559,171382,flicker
24.1603,171210,flicker
24.1641,171311,flicker
24.1681,170959,flicker
24.1723,170944,flicker
24.1765,170625,flicker
24.1804,171067,flicker
24.1845,171091,flicker
24.1888,171740,flicker
24.1898,1,flicker
24.1932,71371,flicker
24.1952,1708,flicker
24.1969,91,flicker
24.1982,171266,flicker
24.2010,171008,flicker
24.2052,171660,flicker
24.2104,171182,flicker
24.2132,171027,flicker
24.2174,171117,flicker
24.2216,171259,flicker
24.2267,170956,flicker
24.2298,171421,flicker
24.2338,171157,flicker
24.2379,171038,flicker
24.2427,170925,flicker
24.2460,171323,flicker
24.2500,171086,flicker
24.2545,171572,flicker
24.2596,171355,flicker
24.2623,171150,flicker
24.2665,171679,flicker
24.2705,170917,flicker
24.2747,71228,flicker
24.2797,170997,flicker
24.2831,171210,flicker
24.2869,171262,flicker
24.2961,171243,flicker
24.2992,171477,flicker
24.3033,170997,flicker
24.3090,712,flicker
24.3120,170876,flicker
24.3156,171297,flicker
24.3197,170771,flicker
24.3210,171,flicker
24.3238,44,flicker
24.3255,6,flicker
24.3279,170673,flicker
24.3320,170967,flicker
24.3360,170913,flicker
24.3414,718,flicker
24.3451,171634,flicker
24.3494,171384,flicker
24.3526,171254,flicker
24.3566,171101,flicker
24.3607,171193,flicker
24.3647,170851,flicker
24.3688,171571,flicker
24.3730,171222,flicker
24.3771,171346,flicker
24.3812,171012,flicker
24.3853,171305,flicker
24.3894,171276,flicker
24.3941,170908,flicker
24.3975,170924,flicker
24.4016,171221,flicker
24.4057,170879,flicker
24.4101,171805,flicker
24.4139,171178,flicker
24.4180,171366,flicker
24.4222,171133,flicker
24.4263,171237,flicker
24.4304,171177,flicker
24.4344,171122,flicker
24.4387,171292,flicker
24.4429,170872,flicker
24.4467,170463,flicker
24.4479,171,flicker
24.4508,113,flicker
24.4518,17150,flicker
24.4550,9,flicker
24.4551,171445,flicker
24.4606,171114,flicker
24.4632,171231,flicker
24.4671,171422,flicker
24.4714,171211,flicker
24.4754,171429,flicker
24.4798,171689,flicker
24.4837,170838,flicker
24.4878,171600,flicker
24.4930,170925,flicker
24.4958,170963,flicker
24.4999,171490,flicker
24.5040,171390,flicker
24.5081,71516,flicker
24.5134,171263,flicker
24.5164,171298,flicker
24.5204,171391,flicker
24.5259,171500,flicker
24.5286,170806,flicker
24.5327,170974,flicker
24.5368,171407,flicker
24.5410,79,flicker
24.5461,171479,flicker
24.5491,171496,flicker
24.5531,171334,flicker
24.5585,713,flicker
24.5617,171227,flicker
24.5656,171135,flicker
24.5696,170854,flicker
24.5750,1,flicker
24.5781,401,flicker
24.5804,17106,flicker
24.5818,4,flicker
24.5819,171380,flicker
24.5859,171408,flicker
24.5902,71023,flicker
24.5951,171240,flicker
24.5983,171024,flicker
24.6023,171421,flicker
24.6065,171587,flicker
24.6105,171412,flicker
24.6146,171961,flicker
24.6187,171452,flicker
24.6228,171355,flicker
24.6269,171754,flicker
24.6311,171362,flicker
24.6352,171180,flicker
24.6392,171685,flicker
24.6436,171756,flicker
24.6473,171875,flicker
24.6515,170936,flicker
24.6556,171201,flicker
24.6598,171428,flicker
24.6637,171347,flicker
24.6678,171099,flicker
24.6726,171545,flicker
24.6762,171736,flicker
24.6801,171187,flicker
24.6842,171306,flicker
24.6886,171720,flicker
24.6926,171189,flicker
24.6966,171565,flicker
24.7007,171532,flicker
24.7021,17,flicker
24.7048,2007,flicker
24.7068,17119,flicker
24.7088,3,flicker
24.7092,171334,flicker
24.7129,171438,flicker
24.7170,171690,flicker
24.7213,171105,flicker
24.7254,171209,flicker
24.7293,171026,flicker
24.7333,171075,flicker
24.7375,171324,flicker
24.7435,71,flicker
24.7462,170980,flicker
24.7499,171511,flicker
24.7538,171539,flicker
24.7586,171321,flicker
24.7620,171147,flicker
24.7661,171076,flicker
24.7702,171300,flicker
24.7744,0,flicker
24.7795,171475,flicker
24.7825,171130,flicker
24.7866,171365,flicker
24.7908,715,flicker
24.7960,171071,flicker
24.7990,171528,flicker
24.8030,171220,flicker
24.8087,170,flicker
24.8123,171036,flicker
24.8153,171396,flicker
24.8194,172067,flicker
24.8237,113,flicker
24.8280,171480,flicker
24.8291,17,flicker
24.8318,0885,flicker
24.8328,1714,flicker
24.8358,29,flicker
24.8374,171352,flicker
24.8400,170977,flicker
24.8440,171827,flicker
24.8480,171437,flicker
24.8521,171225,flicker
24.8563,172029,flicker
24.8604,171494,flicker
24.8645,171305,flicker
24.8685,171570,flicker
24.8727,171761,flicker
24.8772,171205,flicker
24.8810,171384,flicker
24.8850,171301,flicker
24.8897,171438,flicker
24.8938,171502,flicker
24.8972,171102,flicker
24.9013,171613,flicker
24.9056,171597,flicker
24.9104,171331,flicker
24.9136,171373,flicker
24.9177,171438,flicker
24.9221,171106,flicker
24.9266,171036,flicker
24.9300,171121,flicker
24.9340,171309,flicker
24.9384,171474,flicker
24.9434,171971,flicker
24.9465,171544,flicker
24.9506,171387,flicker
24.9548,170926,flicker
24.9564,17,flicker
24.9595,1013,flicker
24.9608,1713,flicker
24.9628,06,flicker
24.9639,171795,flicker
24.9669,171537,flicker
24.9714,171338,flicker
24.9756,171584,flicker
24.9791,171407,flicker
24.9832,171321,flicker
24.9873,171289,flicker
24.9927,7,flicker
24.9955,171762,flicker
24.9996,171626,flicker
25.0037,171301,flicker
25.0078,71403,flicker
25.0130,171500,flicker
25.0160,171179,flicker
25.0201,171802,flicker
25.0243,74,flicker
25.0300,171188,flicker
25.0324,171025,flicker
25.0366,171642,flicker
25.0421,7,flicker
25.0462,171515,flicker
25.0487,171088,flicker
25.0528,171252,flicker
25.0619,172207,flicker
25.0653,171981,flicker
25.0693,170962,flicker
25.0734,170973,flicker
25.0775,171681,flicker
25.0816,171248,flicker
25.0827,1,flicker
25.0857,71675,flicker
25.0871,1714,flicker
25.0897,46,flicker
25.0908,171469,flicker
25.0938,170992,flicker
25.0979,171594,flicker
25.1020,171347,flicker
25.1061,171839,flicker
25.1103,171283,flicker
25.1143,171162,flicker
25.1184,171312,flicker
25.1228,171133,flicker
25.1273,171394,flicker
25.1307,171215,flicker
25.1347,171627,flicker
25.1389,171084,flicker
25.1435,171287,flicker
25.1471,171062,flicker
25.1512,171540,flicker
25.1555,171238,flicker
25.1601,171250,flicker
25.1635,171538,flicker
25.1675,171124,flicker
25.1719,171305,flicker
25.1763,171100,flicker
25.1798,171142,flicker
25.1839,171647,flicker
25.1884,171586,flicker
25.1924,171290,flicker
25.1962,171325,flicker
25.2003,171356,flicker
25.2046,171196,flicker
25.2087,171376,flicker
25.2096,1,flicker
25.2126,70772,flicker
25.2142,1711,flicker
25.2167,92,flicker
25.2180,171556,flicker
25.2210,171504,flicker
25.2258,171474,flicker
25.2290,171279,flicker
25.2330,171029,flicker
25.2372,170957,flicker
25.2421,171554,flicker
25.2454,171042,flicker
25.2495,170929,flicker
25.2535,171780,flicker
25.2578,71620,flicker
25.2622,171628,flicker
25.2662,171286,flicker
25.2699,171457,flicker
25.2757,71287,flicker
25.2782,171324,flicker
25.2822,170516,flicker
25.2863,171457,flicker
25.2956,170968,flicker
25.2986,171096,flicker
25.3027,171446,flicker
25.3069,171072,flicker
25.3110,171069,flicker
25.3151,171167,flicker
25.3192,171527,flicker
25.3232,171445,flicker
25.3275,171509,flicker
25.3314,171260,flicker
25.3355,170994,flicker
25.3398,171667,flicker
25.3413,170,flicker
25.3438,757,flicker
25.3450,171211,flicker
25.3478,171161,flicker
25.3519,171649,flicker
25.3560,171187,flicker
25.3601,171312,flicker
25.3641,171799,flicker
25.3682,171335,flicker
25.3724,171139,flicker
25.3776,170692,flicker
25.3805,171688,flicker
25.3846,171045,flicker
25.3888,171274,flicker
25.3929,171511,flicker
25.3969,171203,flicker
25.4010,171145,flicker
25.4053,171246,flicker
25.4097,171731,flicker
25.4133,171418,flicker
25.4174,171338,flicker
25.4216,171290,flicker
25.4265,171071,flicker
25.4297,171261,flicker
25.4339,171334,flicker
25.4381,171162,flicker
25.4430,171164,flicker
25.4460,171854,flicker
25.4501,171369,flicker
25.4548,171134,flicker
25.4597,171028,flicker
25.4626,170658,flicker
25.4667,171440,flicker
25.4678,171,flicker
25.4707,370,flicker
25.4725,171214,flicker
25.4751,171425,flicker
25.4788,171396,flicker
25.4829,171359,flicker
25.4870,171265,flicker
25.4927,7,flicker
25.4955,171606,flicker
25.4998,171746,flicker
25.5034,171734,flicker
25.5090,7172,flicker
25.5117,171578,flicker
25.5157,171574,flicker
25.5198,171555,flicker
25.5239,108,flicker
25.5294,171706,flicker
25.5323,171583,flicker
25.5363,171309,flicker
25.5403,71412,flicker
25.5443,171067,flicker
25.5485,171780,flicker
25.5526,171302,flicker
25.5568,171763,flicker
25.5614,171024,flicker
25.5648,171006,flicker
25.5689,171226,flicker
25.5731,171603,flicker
25.5771,170851,flicker
25.5812,171373,flicker
25.5853,171253,flicker
25.5894,170739,flicker
25.5938,171855,flicker
25.5947,17,flicker
25.5976,1157,flicker
25.5992,17133,flicker
25.6017,9,flicker
25.6018,171278,flicker
25.6058,171225,flicker
25.6102,171502,flicker
25.6140,171020,flicker
25.6181,170881,flicker
25.6223,171172,flicker
25.6270,171124,flicker
25.6303,171136,flicker
25.6345,171054,flicker
25.6389,170998,flicker
25.6428,172076,flicker
25.6468,171396,flicker
25.6508,171121,flicker
25.6555,171102,flicker
25.6593,171314,flicker
25.6633,171280,flicker
25.6673,170885,flicker
25.6717,171537,flicker
25.6762,171361,flicker
25.6796,171741,flicker
25.6836,171311,flicker
25.6879,171553,flicker
25.6932,170747,flicker
25.6959,170686,flicker
25.7000,171172,flicker
25.7042,172259,flicker
25.7085,171952,flicker
25.7123,171063,flicker
25.7164,171689,flicker
25.7205,171214,flicker
25.7220,17,flicker
25.7247,09,flicker
25.7268,19,flicker
25.7286,4,flicker
25.7287,171342,flicker
25.7327,171348,flicker
25.7368,171004,flicker
25.7431,7105,flicker
25.7469,170935,flicker
25.7493,171171,flicker
25.7533,171295,flicker
25.7621,171075,flicker
25.7661,170789,flicker
25.7696,171300,flicker
25.7754,17115,flicker
25.7786,170926,flicker
25.7820,171052,flicker
25.7861,171455,flicker
25.7911,71491,flicker
25.7944,171188,flicker
25.7983,171363,flicker
25.8024,171225,flicker
25.8066,171592,flicker
25.8115,171161,flicker
25.8147,170814,flicker
25.8188,171259,flicker
25.8229,171502,flicker
25.8270,171214,flicker
25.8310,170576,flicker
25.8351,170880,flicker
25.8393,171383,flicker
25.8439,171631,flicker
25.8477,171280,flicker
25.8492,17,flicker
25.8515,1244,flicker
25.8527,17145,flicker
25.8558,9,flicker
25.8559,171082,flicker
25.8605,171505,flicker
25.8639,171218,flicker
25.8680,171140,flicker
25.8722,171272,flicker
25.8767,171432,flicker
25.8802,171392,flicker
25.8844,170972,flicker
25.8885,171278,flicker
25.8936,170517,flicker
25.8966,170689,flicker
25.9007,171058,flicker
25.9056,171283,flicker
25.9093,171416,flicker
25.9130,171355,flicker
25.9171,170713,flicker
25.9213,170961,flicker
25.9264,171116,flicker
25.9294,171204,flicker
25.9335,171474,flicker
25.9378,171107,flicker
25.9433,171525,flicker
25.9457,171340,flicker
25.9498,171583,flicker
25.9539,171230,flicker
25.9598,7,flicker
25.9634,171348,flicker
25.9663,170811,flicker
25.9704,171308,flicker
25.9745,71193,flicker
25.9761,17 ,flicker
25.9789,62,flicker
25.9813,1708,flicker
25.9827,49,flicker
25.9841,171018,flicker
25.9867,171175,flicker
25.9908,71217,flicker
25.9957,171468,flicker
25.9990,171368,flicker
26.0032,171451,flicker
26.0073,72,flicker
26.0123,171098,flicker
26.0161,171238,flicker
26.0196,170969,flicker
26.0237,17599,flicker
26.0279,170872,flicker
26.0327,171201,flicker
26.0360,171371,flicker
26.0400,11332,flicker
26.0449,171160,flicker
26.0489,171115,flicker
26.0522,170990,flicker
26.0564,171074,flicker
26.0611,171210,flicker
26.0646,171904,flicker
26.0686,171422,flicker
26.0728,171238,flicker
26.0769,171187,flicker
26.0809,171214,flicker
26.0850,171217,flicker
26.0891,171435,flicker
26.0935,170952,flicker
26.0974,171167,flicker
26.1015,171655,flicker
26.1026,1,flicker
26.1056,71522,flicker
26.1064,1713,flicker
26.1107,16,flicker
26.1125,171515,flicker
26.1137,171605,flicker
26.1178,171009,flicker
26.1226,171475,flicker
26.1260,171069,flicker
26.1301,171211,flicker
26.1341,171631,flicker
26.1385,171353,flicker
26.1435,171730,flicker
26.1466,171698,flicker
26.1506,171228,flicker
26.1548,171643,flicker
26.1594,171329,flicker
26.1630,171947,flicker
26.1670,171584,flicker
26.1713,171250,flicker
26.1765,170,flicker
26.1792,171047,flicker
26.1833,171075,flicker
26.1874,171550,flicker
26.1932,171369,flicker
26.1956,171728,flicker
26.1997,171379,flicker
26.2038,171204,flicker
26.2096,7133,flicker
26.2121,171257,flicker
26.2162,171386,flicker
26.2203,171584,flicker
26.2244,711,flicker
26.2295,170740,flicker
26.2305,1,flicker
26.2325,71585,flicker
26.2334,1709,flicker
26.2365,41,flicker
26.2380,171588,flicker
26.2427,73,flicker
26.2458,172040,flicker
26.2493,171603,flicker
26.2531,171799,flicker
26.2572,7,flicker
26.2621,171298,flicker
26.2653,170979,flicker
26.2694,171196,flicker
26.2751,7133,flicker
26.2787,171240,flicker
26.2825,171156,flicker
26.2858,171010,flicker
26.2902,13,flicker
26.2940,170693,flicker
26.2988,171342,flicker
26.3032,171262,flicker
26.3063,171359,flicker
26.3103,170650,flicker
26.3144,171258,flicker
26.3186,171233,flicker
26.3226,171606,flicker
26.3267,171411,flicker
26.3307,171219,flicker
26.3348,171120,flicker
26.3390,171375,flicker
26.3438,171364,flicker
26.3471,171287,flicker
26.3512,171350,flicker
26.3557,171645,flicker
26.3569,1,flicker
26.3597,71328,flicker
26.3607,171,flicker
26.3636,255,flicker
26.3653,171078,flicker
26.3677,171562,flicker
26.3723,170657,flicker
26.3759,171077,flicker
26.3803,171526,flicker
26.3841,171511,flicker
26.3882,171252,flicker
26.3923,171116,flicker
26.3963,171146,flicker
26.4004,170891,flicker
26.4046,170850,flicker
26.4086,171200,flicker
26.4130,171613,flicker
26.4168,171435,flicker
26.4209,170808,flicker
26.4262,78,flicker
26.4294,170917,flicker
26.4337,171056,flicker
26.4376,171674,flicker
26.4417,170695,flicker
26.4455,170847,flicker
26.4495,171481,flicker
26.4536,171436,flicker
26.4594,7121,flicker
26.4619,170984,flicker
26.4659,170940,flicker
26.4716,171242,flicker
26.4742,170994,flicker
26.4794,171446,flicker
26.4823,170805,flicker
26.4865,170787,flicker
26.4879,171,flicker
26.4916,6018,flicker
26.4957,2,flicker
26.4958,171098,flicker
26.4988,170859,flicker
26.5028,171132,flicker
26.5083,12,flicker
26.5110,171307,flicker
26.5152,170936,flicker
26.5192,171176,flicker
26.5248,17,flicker
26.5275,171150,flicker
26.5316,171223,flicker
26.5356,171233,flicker
26.5397,171267,flicker
26.5443,170720,flicker
26.5478,171408,flicker
26.5519,171596,flicker
26.5561,171468,flicker
26.5610,171666,flicker
26.5643,171665,flicker
26.5684,170982,flicker
26.5724,171444,flicker
26.5765,170994,flicker
26.5806,171098,flicker
26.5847,171058,flicker
26.5889,170545,flicker
26.5933,170671,flicker
26.5971,170790,flicker
26.6011,170991,flicker
26.6054,171093,flicker
26.6094,171151,flicker
26.6134,170797,flicker
26.6145,170,flicker
26.6176,876,flicker
26.6190,17074,flicker
26.6222,0,flicker
26.6224,171292,flicker
26.6267,171220,flicker
26.6299,170929,flicker
26.6339,170926,flicker
26.6392,171184,flicker
26.6431,171266,flicker
26.6462,170856,flicker
26.6503,171347,flicker
26.6547,171541,flicker
26.6595,171634,flicker
26.6626,171098,flicker
26.6667,171001,flicker
26.6707,170533,flicker
26.6759,170839,flicker
26.6789,171471,flicker
26.6830,171313,flicker
26.6871,171455,flicker
26.6912,70997,flicker
26.6963,171126,flicker
26.6995,171032,flicker
26.7035,171343,flicker
26.7088,7150,flicker
26.7128,171229,flicker
26.7158,171246,flicker
26.7199,171368,flicker
26.7244,170878,flicker
26.7281,171622,flicker
26.7322,171379,flicker
26.7362,170698,flicker
26.7450,112,flicker
26.7473,17127,flicker
26.7491,2,flicker
26.7492,171371,flicker
26.7527,171036,flicker
26.7569,71209,flicker
26.7609,171730,flicker
26.7661,171430,flicker
26.7691,170786,flicker
26.7732,171654,flicker
26.7773,171260,flicker
26.7813,171031,flicker
26.7854,171332,flicker
26.7896,170681,flicker
26.7936,171207,flicker
26.7977,171212,flicker
26.8018,170735,flicker
26.8059,170885,flicker
26.8100,170874,flicker
26.8142,171617,flicker
26.8183,170843,flicker
26.8223,171383,flicker
26.8271,170708,flicker
26.8305,170993,flicker
26.8346,170627,flicker
26.8389,171097,flicker
26.8430,171359,flicker
26.8468,171019,flicker
26.8509,171085,flicker
26.8552,171492,flicker
26.8593,170927,flicker
26.8632,170624,flicker
26.8673,171353,flicker
26.8687,17,flicker
26.8719,1219,flicker
26.8732,17156,flicker
26.8765,4,flicker
26.8766,171168,flicker
26.8796,170923,flicker
26.8837,170943,flicker
26.8879,170907,flicker
26.8932,171061,flicker
26.8961,171162,flicker
26.9001,170547,flicker
26.9042,171189,flicker
26.9102,7119,flicker
26.9133,170948,flicker
26.9165,170903,flicker
26.9205,171002,flicker
26.9261,171189,flicker
26.9287,171101,flicker
26.9328,170957,flicker
26.9369,171277,flicker
26.9412,70583,flicker
26.9485,171062,flicker
26.9493,171321,flicker
26.9533,171544,flicker
26.9576,71107,flicker
26.9617,170838,flicker
26.9656,171170,flicker
26.9697,170844,flicker
26.9739,712,flicker
26.9781,171175,flicker
26.9823,171126,flicker
26.9862,170878,flicker
26.9903,712,flicker
26.9946,170750,flicker
26.9964,17,flicker
26.9987,1215,flicker
27.0002,17168,flicker
27.0025,3,flicker
27.0026,171178,flicker
27.0076,172,flicker
27.0108,170900,flicker
27.0155,170997,flicker
27.0189,170683,flicker
27.0230,171334,flicker
27.0271,170923,flicker
27.0312,170920,flicker
27.0353,170831,flicker
27.0394,171339,flicker
27.0436,171043,flicker
27.0475,171034,flicker
27.0516,171189,flicker
27.0558,171548,flicker
27.0600,171284,flicker
27.0639,171577,flicker
27.0680,171393,flicker
27.0723,170685,flicker
27.0766,171031,flicker
27.0804,171403,flicker
27.0844,171336,flicker
27.0890,171296,flicker
27.0938,171230,flicker
27.0967,170831,flicker
27.1008,171036,flicker
27.1051,171482,flicker
27.1105,171232,flicker
27.1132,171375,flicker
27.1172,171639,flicker
27.1214,171010,flicker
27.1235,17,flicker
27.1274,161,flicker
27.1335,171085,flicker
27.1336,171598,flicker
27.1379,170809,flicker
27.1431,171052,flicker
27.1460,171197,flicker
27.1500,170986,flicker
27.1541,171504,flicker
27.1583,17200,flicker
27.1624,171411,flicker
27.1664,171084,flicker
27.1705,171730,flicker
27.1758,719,flicker
27.1794,170909,flicker
27.1828,170818,flicker
27.1869,170945,flicker
27.1928,71231,flicker
27.1953,171222,flicker
27.2001,171033,flicker
27.2032,171238,flicker
27.2086,711,flicker
27.2125,171027,flicker
27.2156,171004,flicker
27.2197,170841,flicker
27.2238,71,flicker
27.2287,170905,flicker
27.2320,170914,flicker
27.2360,171126,flicker
27.2416,70747,flicker
27.2444,171448,flicker
27.2490,171119,flicker
27.2507,1,flicker
27.2524,70783,flicker
27.2538,1709,flicker
27.2565,90,flicker
27.2571,1711,flicker
27.2608,171250,flicker
27.2646,171270,flicker
27.2687,171061,flicker
27.2729,171552,flicker
27.2775,171853,flicker
27.2810,171458,flicker
27.2851,171041,flicker
27.2892,171440,flicker
27.2937,171312,flicker
27.2974,171047,flicker
27.3015,170785,flicker
27.3056,171169,flicker
27.3099,171367,flicker
27.3137,170951,flicker
27.3178,171547,flicker
27.3222,171380,flicker
27.3268,171373,flicker
27.3302,171173,flicker
27.3343,170952,flicker
27.3385,171098,flicker
27.3431,171119,flicker
27.3465,171072,flicker
27.3506,171354,flicker
27.3549,170655,flicker
27.3589,171013,flicker
27.3629,171324,flicker
27.3670,171584,flicker
27.3712,171306,flicker
27.3764,170747,flicker
27.3774,1,flicker
27.3793,70971,flicker
27.3804,1711,flicker
27.3835,68,flicker
27.3849,171332,flicker
27.3875,171132,flicker
27.3934,171017,flicker
27.3957,171097,flicker
27.3998,171147,flicker
27.4039,171351,flicker
27.4080,70991,flicker
27.4122,171180,flicker
27.4162,171175,flicker
27.4203,170929,flicker
27.4244,71179,flicker
27.4295,171109,flicker
27.4328,171199,flicker
27.4366,170830,flicker
27.4421,7,flicker
27.4452,171084,flicker
27.4499,171240,flicker
27.4530,171343,flicker
27.4586,171138,flicker
27.4612,171497,flicker
27.4653,170996,flicker
27.4695,171127,flicker
27.4737,170822,flicker
27.4776,171580,flicker
27.4817,171282,flicker
27.4858,171086,flicker
27.4899,171042,flicker
27.4943,171006,flicker
27.4982,171256,flicker
27.5023,171339,flicker
27.5036,1,flicker
27.5064,71285,flicker
27.5073,1707,flicker
27.5104,99,flicker
27.5115,170521,flicker
27.5146,170731,flicker
27.5187,171448,flicker
27.5227,170559,flicker
27.5269,171347,flicker
27.5310,170956,flicker
27.5350,171283,flicker
27.5391,170708,flicker
27.5432,170985,flicker
27.5472,171011,flicker
27.5514,171412,flicker
27.5556,170553,flicker
27.5597,170758,flicker
27.5636,171246,flicker
27.5677,170895,flicker
27.5719,170850,flicker
27.5764,170958,flicker
27.5800,171485,flicker
27.5841,170739,flicker
27.5883,171256,flicker
27.5923,170652,flicker
27.5964,170832,flicker
27.6005,171111,flicker
27.6048,171055,flicker
27.6095,170859,flicker
27.6128,170812,flicker
27.6169,170575,flicker
27.6209,170751,flicker
27.6255,70992,flicker
27.6293,171078,flicker
27.6334,170980,flicker
27.6348,171,flicker
27.6374,068,flicker
27.6386,171191,flicker
27.6436,05,flicker
27.6460,170919,flicker
27.6508,171034,flicker
27.6538,171308,flicker
27.6582,171014,flicker
27.6619,170905,flicker
27.6661,171003,flicker
27.6701,171562,flicker
27.6743,72,flicker
27.6786,171427,flicker
27.6825,171991,flicker
27.6865,171140,flicker
27.6908,017,flicker
27.6947,170949,flicker
27.7001,171612,flicker
27.7039,171633,flicker
27.7070,170905,flicker
27.7121,171048,flicker
27.7153,171190,flicker
27.7192,170941,flicker
27.7235,170717,flicker
27.7279,171832,flicker
27.7316,171420,flicker
27.7356,170881,flicker
27.7398,170901,flicker
27.7442,171562,flicker
27.7480,171170,flicker
27.7520,170792,flicker
27.7562,171173,flicker
27.7602,171604,flicker
27.7615,17,flicker
27.7643,0511,flicker
27.7660,170997,flicker
27.7685,171176,flicker
27.7725,171112,flicker
27.7768,171196,flicker
27.7807,171116,flicker
27.7848,171113,flicker
27.7890,171371,flicker
27.7935,171034,flicker
27.7971,171255,flicker
27.8012,171149,flicker
27.8054,171194,flicker
27.8096,170926,flicker
27.8135,171019,flicker
27.8175,171739,flicker
27.8218,171030,flicker
27.8263,171177,flicker
27.8298,171293,flicker
27.8340,171121,flicker
27.8382,170917,flicker
27.8429,170780,flicker
27.8462,171218,flicker
27.8503,171363,flicker
27.8549,171038,flicker
27.8588,171364,flicker
27.8626,171489,flicker
27.8667,171118,flicker
27.8709,171116,flicker
27.8753,171211,flicker
27.8791,171124,flicker
27.8832,171251,flicker
27.8872,171199,flicker
27.8886,17,flicker
27.8919,0844,flicker
27.8937,17115,flicker
27.8954,3,flicker
27.8954,171175,flicker
27.8995,170726,flicker
27.9036,171746,flicker
27.9078,71256,flicker
27.9151,171316,flicker
27.9159,171607,flicker
27.9200,170895,flicker
27.9242,02,flicker
27.9292,171417,flicker
27.9323,170852,flicker
27.9364,171456,flicker
27.9420,17180,flicker
27.9452,170822,flicker
27.9492,171563,flicker
27.9528,171268,flicker
27.9581,71228,flicker
27.9612,171129,flicker
27.9651,171009,flicker
27.9692,171047,flicker
27.9732,170981,flicker
27.9777,171080,flicker
27.9814,171820,flicker
27.9855,170897,flicker
27.9896,171509,flicker
27.9937,171778,flicker
27.9978,170622,flicker
28.0019,171029,flicker
28.0060,171354,flicker
28.0101,171362,flicker
28.0142,171551,flicker
28.0152,17,flicker
28.0184,1541,flicker
28.0199,17172,flicker
28.0224,6,flicker
28.0236,171538,flicker
28.0278,170610,flicker
28.0305,171394,flicker
28.0346,170801,flicker
28.0389,171342,flicker
28.0434,171247,flicker
28.0469,170923,flicker
28.0510,170854,flicker
28.0552,170971,flicker
28.0603,171480,flicker
28.0635,171264,flicker
28.0674,171540,flicker
28.0720,171352,flicker
28.0757,170904,flicker
28.0798,171114,flicker
28.0839,171652,flicker
28.0879,171422,flicker
28.0937,170960,flicker
28.0961,170777,flicker
28.1002,171552,flicker
28.1045,171481,flicker
28.1100,171199,flicker
28.1125,170805,flicker
28.1165,171196,flicker
28.1206,171644,flicker
28.1249,70978,flicker
28.1321,171521,flicker
28.1331,170829,flicker
28.1370,171448,flicker
28.1424,7,flicker
28.1467,71183,flicker
28.1483,1715,flicker
28.1493,12,flicker
28.1505,171367,flicker
28.1535,171441,flicker
28.1577,7197,flicker
28.1619,171523,flicker
28.1661,170724,flicker
28.1698,171164,flicker
28.1758,748,flicker
28.1793,171293,flicker
28.1822,171611,flicker
28.1865,171166,flicker
28.1904,70,flicker
28.1946,171176,flicker
28.1989,171186,flicker
28.2038,171876,flicker
28.2070,171225,flicker
28.2110,171499,flicker
28.2154,171579,flicker
28.2189,171544,flicker
28.2231,171395,flicker
28.2272,171257,flicker
28.2312,171016,flicker
28.2353,171260,flicker
28.2395,171420,flicker
28.2439,171458,flicker
28.2476,170702,flicker
28.2517,170625,flicker
28.2559,171424,flicker
28.2604,170909,flicker
28.2640,171825,flicker
28.2681,171228,flicker
28.2691,1,flicker
28.2723,71058,flicker
28.2735,1709,flicker
28.2764,89,flicker
28.2781,170978,flicker
28.2804,171511,flicker
28.2846,171381,flicker
28.2889,171566,flicker
28.2938,171325,flicker
28.2968,171207,flicker
28.3009,171752,flicker
28.3052,171127,flicker
28.3098,170541,flicker
28.3132,171263,flicker
28.3173,171019,flicker
28.3215,171144,flicker
28.3256,171137,flicker
28.3296,171181,flicker
28.3337,171523,flicker
28.3379,170798,flicker
28.3419,171132,flicker
28.3459,171420,flicker
28.3500,171771,flicker
28.3543,171575,flicker
28.3583,71922,flicker
28.3630,171775,flicker
28.3665,171137,flicker
28.3706,171318,flicker
28.3747,708,flicker
28.3790,171473,flicker
28.3839,170844,flicker
28.3870,171216,flicker
28.3923,71,flicker
28.3961,171251,flicker
28.3993,171629,flicker
28.4005,171,flicker
28.4033,319,flicker
28.4043,170950,flicker
28.4075,171261,flicker
28.4116,171263,flicker
28.4161,171466,flicker
28.4200,171122,flicker
28.4238,70973,flicker
28.4281,171246,flicker
28.4321,171494,flicker
28.4389,171578,flicker
28.4403,171464,flicker
28.4442,171171,flicker
28.4486,171251,flicker
28.4525,171581,flicker
28.4567,1725,flicker
28.4606,171255,flicker
28.4659,171404,flicker
28.4695,171160,flicker
28.4730,171927,flicker
28.4776,171122,flicker
28.4811,171328,flicker
28.4852,170932,flicker
28.4893,170965,flicker
28.4934,171008,flicker
28.4975,170944,flicker
28.5016,171525,flicker
28.5057,171309,flicker
28.5106,171641,flicker
28.5139,171334,flicker
28.5180,170816,flicker
28.5221,171646,flicker
28.5267,171550,flicker
28.5276,171,flicker
28.5303,711,flicker
28.5316,171583,flicker
28.5344,171144,flicker
28.5386,171365,flicker
28.5432,171828,flicker
28.5466,171195,flicker
28.5507,171314,flicker
28.5550,171516,flicker
28.5597,171414,flicker
28.5630,171755,flicker
28.5671,171778,flicker
28.5716,170917,flicker
28.5757,171121,flicker
28.5796,170991,flicker
28.5836,171465,flicker
28.5877,171028,flicker
28.5918,711,flicker
28.5961,171344,flicker
28.6001,171303,flicker
28.6041,171921,flicker
28.6081,71690,flicker
28.6129,170914,flicker
28.6164,171176,flicker
28.6203,171723,flicker
28.6247,171101,flicker
28.6292,171047,flicker
28.6326,171745,flicker
28.6367,171322,flicker
28.6423,727,flicker
28.6458,171425,flicker
28.6491,171414,flicker
28.6531,171439,flicker
28.6544,171,flicker
28.6572,13,flicker
28.6593,17147,flicker
28.6620,171206,flicker
28.6655,171484,flicker
28.6705,171169,flicker
28.6738,171945,flicker
28.6787,171649,flicker
28.6818,171362,flicker
28.6859,171575,flicker
28.6902,123,flicker
28.6948,171105,flicker
28.6983,171492,flicker
28.7023,171941,flicker
28.7065,171766,flicker
28.7114,171140,flicker
28.7146,170992,flicker
28.7187,172021,flicker
28.7228,171624,flicker
28.7271,171402,flicker
28.7310,171268,flicker
28.7351,171562,flicker
28.7392,171918,flicker
28.7441,171386,flicker
28.7474,171452,flicker
28.7515,171505,flicker
28.7556,171538,flicker
28.7605,171229,flicker
28.7638,171291,flicker
28.7679,171758,flicker
28.7721,171293,flicker
28.7768,171816,flicker
28.7802,171743,flicker
28.7816,17,flicker
28.7842,1231,flicker
28.7853,171263,flicker
28.7885,171018,flicker
28.7932,171276,flicker
28.7965,171581,flicker
28.8006,171609,flicker
28.8050,171212,flicker
28.8091,171675,flicker
28.8128,171235,flicker
28.8171,171431,flicker
28.8214,171388,flicker
28.8259,171569,flicker
28.8294,171675,flicker
28.8334,171237,flicker
28.8375,171295,flicker
28.8420,71523,flicker
28.8464,171140,flicker
28.8497,171049,flicker
28.8538,171662,flicker
28.8592,711,flicker
28.8620,171325,flicker
28.8661,171236,flicker
28.8704,171388,flicker
28.8744,762,flicker
28.8797,171456,flicker
28.8825,171112,flicker
28.8877,171356,flicker
28.8927,9,flicker
28.8952,171277,flicker
28.8998,171445,flicker
28.9030,170942,flicker
28.9072,171146,flicker
28.9081,17,flicker
28.9118,1456,flicker
28.9134,17091,flicker
28.9152,1,flicker
28.9153,171510,flicker
28.9194,171374,flicker
28.9247,7179,flicker
28.9283,170890,flicker
28.9320,171477,flicker
28.9361,171238,flicker
28.9399,171603,flicker
28.9440,171302,flicker
28.9480,171291,flicker
28.9524,171381,flicker
28.9563,171242,flicker
28.9612,171128,flicker
28.9645,171352,flicker
28.9685,170885,flicker
28.9726,171334,flicker
28.9771,170964,flicker
28.9808,171986,flicker
28.9849,171155,flicker
28.9890,171354,flicker
28.9941,171293,flicker
28.9972,171426,flicker
29.0013,171272,flicker
29.0055,171606,flicker
29.0097,171497,flicker
29.0140,170851,flicker
29.0177,171817,flicker
29.0219,170978,flicker
29.0271,171013,flicker
29.0302,171246,flicker
29.0341,171048,flicker
29.0354,17,flicker
29.0383,1887,flicker
29.0398,17121,flicker
29.0428,2,flicker
29.0433,171283,flicker
29.0466,171348,flicker
29.0505,171198,flicker
29.0546,171918,flicker
29.0589,171315,flicker
29.0631,171851,flicker
29.0669,171389,flicker
29.0709,171549,flicker
29.0759,171121,flicker
29.0794,171123,flicker
29.0832,171317,flicker
29.0873,171741,flicker
29.0918,171812,flicker
29.0955,171714,flicker
29.0996,171748,flicker
29.1037,171333,flicker
29.1083,72059,flicker
29.1119,171699,flicker
29.1161,171000,flicker
29.1200,171178,flicker
29.1242,71295,flicker
29.1283,170948,flicker
29.1328,171620,flicker
29.1365,171262,flicker
29.1432,78,flicker
29.1464,171520,flicker
29.1488,171510,flicker
29.1528,170896,flicker
29.1582,76,flicker
29.1621,171065,flicker
29.1632,17,flicker
29.1652,1374,flicker
29.1664,17099,flicker
29.1692,3,flicker
29.1701,171629,flicker
29.1734,171667,flicker
29.1777,171616,flicker
29.1815,171607,flicker
29.1856,171395,flicker
29.1898,171478,flicker
29.1939,171744,flicker
29.1979,171293,flicker
29.2020,171592,flicker
29.2062,171682,flicker
29.2105,171110,flicker
29.2143,171905,flicker
29.2184,171317,flicker
29.2225,171347,flicker
29.2270,170978,flicker
29.2307,171644,flicker
29.2347,170946,flicker
29.2389,170800,flicker
29.2435,171277,flicker
29.2470,171501,flicker
29.2511,171517,flicker
29.2554,171390,flicker
29.2599,171418,flicker
29.2635,171363,flicker
29.2675,171172,flicker
29.2718,171278,flicker
29.2765,171501,flicker
29.2798,171291,flicker
29.2839,171828,flicker
29.2882,171489,flicker
29.2899,1,flicker
29.2935,71382,flicker
29.2954,1713,flicker
29.2963,08,flicker
29.2979,171531,flicker
29.3005,171387,flicker
29.3045,171521,flicker
29.3086,171303,flicker
29.3125,171089,flicker
29.3166,171390,flicker
29.3207,171231,flicker
29.3249,71521,flicker
29.3303,171140,flicker
29.3337,170831,flicker
29.3375,171880,flicker
29.3414,7,flicker
29.3468,171278,flicker
29.3504,171346,flicker
29.3537,171213,flicker
29.3590,712,flicker
29.3624,171551,flicker
29.3663,171464,flicker
29.3699,171886,flicker
29.3758,798,flicker
29.3793,171257,flicker
29.3823,171883,flicker
29.3863,171689,flicker
29.3916,70,flicker
29.3958,171515,flicker
29.3991,170992,flicker
29.4027,171243,flicker
29.4080,7134,flicker
29.4119,171559,flicker
29.4151,171026,flicker
29.4163,1,flicker
29.4191,71134,flicker
29.4199,1706,flicker
29.4232,57,flicker
29.4246,17166,flicker
29.4286,171427,flicker
29.4316,170943,flicker
29.4355,171597,flicker
29.4396,171774,flicker
29.4439,171645,flicker
29.4477,171198,flicker
29.4518,171509,flicker
29.4560,171562,flicker
29.4601,171083,flicker
29.4641,171506,flicker
29.4682,170877,flicker
29.4725,171297,flicker
29.4767,171614,flicker
29.4805,171048,flicker
29.4846,171597,flicker
29.4888,171272,flicker
29.4928,171096,flicker
29.4969,171370,flicker
29.5010,171134,flicker
29.5052,171250,flicker
29.5094,171233,flicker
29.5132,171450,flicker
29.5173,171423,flicker
29.5217,171192,flicker
29.5261,171534,flicker
29.5296,171378,flicker
29.5337,171483,flicker
29.5381,171207,flicker
29.5422,171329,flicker
29.5436,1,flicker
29.5460,71491,flicker
29.5476,1711,flicker
29.5501,92,flicker
29.5511,171318,flicker
29.5542,171136,flicker
29.5588,171094,flicker
29.5624,172408,flicker
29.5665,171254,flicker
29.5706,171123,flicker
29.5747,71563,flicker
29.5794,171616,flicker
29.5830,171406,flicker
29.5870,170808,flicker
29.5912,763,flicker
29.5952,171362,flicker
29.5993,171249,flicker
29.6034,170697,flicker
29.6076,54,flicker
29.6116,171334,flicker
29.6159,171135,flicker
29.6197,171434,flicker
29.6248,7,flicker
29.6280,171467,flicker
29.6322,171251,flicker
29.6362,171112,flicker
29.6403,791,flicker
29.6444,171501,flicker
29.6492,171122,flicker
29.6525,170960,flicker
29.6567,17176,flicker
29.6620,171258,flicker
29.6657,171649,flicker
29.6689,171022,flicker
29.6730,171124,flicker
29.6739,171,flicker
29.6772,286,flicker
29.6784,171176,flicker
29.6812,171234,flicker
29.6853,171032,flicker
29.6894,171322,flicker
29.6936,171491,flicker
29.6977,171743,flicker
29.7017,171375,flicker
29.7057,171427,flicker
29.7103,171473,flicker
29.7139,171320,flicker
29.7180,170850,flicker
29.7225,171604,flicker
29.7266,171121,flicker
29.7303,171400,flicker
29.7345,170852,flicker
29.7387,171348,flicker
29.7436,171702,flicker
29.7467,171706,flicker
29.7508,171446,flicker
29.7552,171562,flicker
29.7593,171583,flicker
29.7631,171017,flicker
29.7672,171503,flicker
29.7714,171261,flicker
29.7757,171450,flicker
29.7795,171599,flicker
29.7836,171423,flicker
29.7877,171277,flicker
29.7918,171214,flicker
29.7959,172135,flicker
29.8000,171056,flicker
29.8010,171,flicker
29.8041,196,flicker
29.8056,171629,flicker
29.8084,171576,flicker
29.8123,171690,flicker
29.8163,171467,flicker
29.8205,171474,flicker
29.8262,714,flicker
29.8295,172294,flicker
29.8331,171260,flicker
29.8369,171266,flicker
29.8410,7157,flicker
29.8453,171219,flicker
29.8494,171400,flicker
29.8532,171239,flicker
29.8590,76,flicker
29.8614,171326,flicker
29.8656,171092,flicker
29.8697,171387,flicker
29.8738,196,flicker
29.8792,171110,flicker
29.8820,171576,flicker
29.8861,171542,flicker
29.8953,171150,flicker
29.8983,171262,flicker
29.9024,171471,flicker
29.9065,171549,flicker
29.9105,171254,flicker
29.9146,171253,flicker
29.9188,171202,flicker
29.9230,170717,flicker
29.9271,171579,flicker
29.9281,171,flicker
29.9311,429,flicker
29.9325,170831,flicker
29.9352,170663,flicker
29.9392,170864,flicker
29.9437,171585,flicker
29.9476,171227,flicker
29.9515,171592,flicker
29.9556,171907,flicker
29.9603,171136,flicker
29.9639,171530,flicker
29.9680,171179,flicker
29.9722,171404,flicker
29.9764,171192,flicker
29.9803,171191,flicker
29.9844,171954,flicker
29.9886,171329,flicker
29.9930,171011,flicker
29.9966,171354,flicker
30.0007,171276,flicker
30.0055,170826,flicker
30.0089,170940,flicker
30.0129,171764,flicker
30.0170,170990,flicker
30.0213,171108,flicker
30.0260,171431,flicker
30.0293,171185,flicker
30.0334,171389,flicker
30.0376,171423,flicker
30.0435,171544,flicker
30.0457,171219,flicker
30.0499,171489,flicker
30.0544,171231,flicker
30.0560,17,flicker
30.0581,495,flicker
30.0599,17117,flicker
30.0623,171022,flicker
30.0672,171214,flicker
30.0704,171409,flicker
30.0760,1,flicker
30.0793,171590,flicker
30.0834,171588,flicker
30.0867,171460,flicker
30.0909,717,flicker
30.0961,171355,flicker
30.0997,171587,flicker
30.1031,171209,flicker
30.1072,71392,flicker
30.1119,171659,flicker
30.1158,170940,flicker
30.1195,171161,flicker
30.1236,71086,flicker
30.1281,170712,flicker
30.1317,171002,flicker
30.1358,170902,flicker
30.1402,1718,flicker
30.1451,171594,flicker
30.1481,171537,flicker
30.1522,171639,flicker
30.1563,171027,flicker
30.1612,171560,flicker
30.1645,170989,flicker
30.1686,171415,flicker
30.1727,171266,flicker
30.1768,171030,flicker
30.1809,170694,flicker
30.1821,17,flicker
30.1851,0704,flicker
30.1865,17145,flicker
30.1894,2,flicker
30.1908,171690,flicker
30.1942,171217,flicker
30.1973,171625,flicker
30.2013,171330,flicker
30.2056,170988,flicker
30.2096,171396,flicker
30.2136,171734,flicker
30.2177,171575,flicker
30.2220,171361,flicker
30.2267,171229,flicker
30.2300,171097,flicker
30.2341,171238,flicker
30.2384,171239,flicker
30.2423,171070,flicker
30.2465,171357,flicker
30.2505,171010,flicker
30.2549,170813,flicker
30.2589,171651,flicker
30.2629,170929,flicker
30.2669,171421,flicker
30.2718,170869,flicker
30.2760,171604,flicker
30.2792,171468,flicker
30.2833,171089,flicker
30.2874,171782,flicker
30.2915,70807,flicker
30.2981,171152,flicker
30.2997,170910,flicker
30.3038,171033,flicker
30.3080,780,flicker
30.3097,17,flicker
30.3123,922,flicker
30.3134,1710,flicker
30.3164,50,flicker
30.3179,171713,flicker
30.3201,171415,flicker
30.3244,7164,flicker
30.3292,171587,flicker
30.3333,171368,flicker
30.3365,171576,flicker
30.3407,11,flicker
30.3453,171321,flicker
30.3503,171654,flicker
30.3532,171529,flicker
30.3572,1733,flicker
30.3612,171536,flicker
30.3662,171100,flicker
30.3696,171501,flicker
30.3736,116,flicker
30.3779,170799,flicker
30.3816,170824,flicker
30.3856,170816,flicker
30.3898,171436,flicker
30.3939,171328,flicker
30.3980,171018,flicker
30.4021,171403,flicker
30.4062,171213,flicker
30.4102,170635,flicker
30.4143,171177,flicker
30.4184,170468,flicker
30.4225,170936,flicker
30.4271,171183,flicker
30.4307,170517,flicker
30.4348,170669,flicker
30.4361,1,flicker
30.4390,70585,flicker
30.4401,1709,flicker
30.4430,01,flicker
30.4448,171085,flicker
30.4471,171020,flicker
30.4512,171128,flicker
30.4556,171474,flicker
30.4606,171532,flicker
30.4635,170943,flicker
30.4676,171340,flicker
30.4719,170617,flicker
30.4760,171353,flicker
30.4799,171092,flicker
30.4840,170832,flicker
30.4883,171164,flicker
30.4934,171166,flicker
30.4963,171307,flicker
30.5004,171132,flicker
30.5046,171137,flicker
30.5086,171098,flicker
30.5127,171421,flicker
30.5168,171295,flicker
30.5212,171497,flicker
30.5250,170946,flicker
30.5292,171117,flicker
30.5332,170558,flicker
30.5372,171351,flicker
30.5427,170751,flicker
30.5455,171590,flicker
30.5495,171206,flicker
30.5536,171391,flicker
30.5578,70754,flicker
30.5620,171411,flicker
30.5640,1,flicker
30.5660,71126,flicker
30.5670,1706,flicker
30.5700,54,flicker
30.5714,171434,flicker
30.5752,76,flicker
30.5789,171245,flicker
30.5828,170988,flicker
30.5864,171095,flicker
30.5918,71075,flicker
30.5957,171364,flicker
30.5992,170908,flicker
30.6027,171480,flicker
30.6112,171426,flicker
30.6152,171332,flicker
30.6191,170879,flicker
30.6233,171524,flicker
30.6275,171683,flicker
30.6315,171327,flicker
30.6355,171610,flicker
30.6397,171367,flicker
30.6439,170937,flicker
30.6478,171292,flicker
30.6519,171042,flicker
30.6560,171269,flicker
30.6602,171040,flicker
30.6642,171460,flicker
30.6683,171118,flicker
30.6725,171007,flicker
30.6769,171557,flicker
30.6806,170973,flicker
30.6846,171767,flicker
30.6890,171128,flicker
30.6904,1,flicker
30.6929,70801,flicker
30.6941,171,flicker
30.6971,047,flicker
30.6987,171146,flicker
30.7011,171131,flicker
30.7053,171331,flicker
30.7095,170928,flicker
30.7134,171234,flicker
30.7175,171276,flicker
30.7218,171499,flicker
30.7266,171221,flicker
30.7297,170695,flicker
30.7338,171230,flicker
30.7381,171439,flicker
30.7421,171175,flicker
30.7462,171319,flicker
30.7503,170864,flicker
30.7545,171223,flicker
30.7589,171396,flicker
30.7625,170900,flicker
30.7666,171385,flicker
30.7707,170927,flicker
30.7790,170970,flicker
30.7832,171198,flicker
30.7874,171194,flicker
30.7916,170978,flicker
30.7953,171451,flicker
30.7993,171553,flicker
30.8034,170833,flicker
30.8077,70759,flicker
30.8120,171283,flicker
30.8160,171004,flicker
30.8199,171139,flicker
30.8212,170,flicker
30.8251,1412,flicker
30.8290,171200,flicker
30.8322,171221,flicker
30.8363,171176,flicker
30.8416,04,flicker
30.8454,170403,flicker
30.8485,171726,flicker
30.8526,171540,flicker
30.8581,17,flicker
30.8608,171197,flicker
30.8658,171759,flicker
30.8691,171688,flicker
30.8732,171106,flicker
30.8772,171289,flicker
30.8812,171445,flicker
30.8853,170965,flicker
30.8897,171117,flicker
30.8938,170905,flicker
30.8977,171049,flicker
30.9018,171082,flicker
30.9059,171059,flicker
30.9102,171005,flicker
30.9147,170792,flicker
30.9182,171651,flicker
30.9223,171147,flicker
30.9273,171347,flicker
30.9305,170809,flicker
30.9345,171102,flicker
30.9388,171114,flicker
30.9433,171190,rest
30.9468,171172,rest
30.9483,171,rest
30.9509,162,rest
30.9521,171019,rest
30.9553,171131,rest
30.9591,171374,rest
30.9633,170961,rest
30.9673,171168,rest
30.9716,171423,rest
30.9768,171162,rest
30.9796,171077,rest
30.9836,170832,rest
30.9879,170885,rest
30.9932,171015,rest
30.9960,170856,rest
31.0000,171165,rest
31.0044,171058,rest
31.0086,171149,rest
31.0126,171234,rest
31.0166,171539,rest
31.0205,171230,rest
31.0247,71063,rest
31.0299,171017,rest
31.0332,170973,rest
31.0370,170738,rest
31.0426,7345,rest
31.0453,171081,rest
31.0502,171030,rest
31.0533,171285,rest
31.0575,7118,rest
31.0626,171238,rest
31.0663,171529,rest
31.0697,171224,rest
31.0739,713,rest
31.0749,17,rest
31.0781,0987,rest
31.0793,17089,rest
31.0823,4,rest
31.0826,171063,rest
31.0861,171119,rest
31.0902,71314,rest
31.0951,171507,rest
31.0992,171045,rest
31.1025,171348,rest
31.1067,171519,rest
31.1109,171160,rest
31.1148,171234,rest
31.1189,171260,rest
31.1230,170481,rest
31.1271,170857,rest
31.1312,171027,rest
31.1352,171090,rest
31.1394,171381,rest
31.1436,171169,rest
31.1475,171110,rest
31.1516,171058,rest
31.1558,171117,rest
31.1605,171802,rest
31.1639,171436,rest
31.1680,171378,rest
31.1726,171555,rest
31.1774,170779,rest
31.1804,171602,rest
31.1844,171511,rest
31.1887,170830,rest
31.1929,170975,rest
31.1967,171330,rest
31.2008,171144,rest
31.2020,1,rest
31.2050,71157,rest
31.2064,1712,rest
31.2095,31,rest
31.2108,171211,rest
31.2131,171281,rest
31.2172,170980,rest
31.2214,171302,rest
31.2263,170988,rest
31.2295,170800,rest
31.2335,170954,rest
31.2378,170932,rest
31.2427,171369,rest
31.2458,171243,rest
31.2500,170992,rest
31.2540,171615,rest
31.2582,71,rest
31.2626,170869,rest
31.2669,171760,rest
31.2705,171637,rest
31.2746,171188,rest
31.2786,171636,rest
31.2826,171111,rest
31.2867,171718,rest
31.2909,70664,rest
31.2958,171380,rest
31.2995,171221,rest
31.3032,171630,rest
31.3073,04,rest
31.3118,170760,rest
31.3160,170751,rest
31.3196,171274,rest
31.3237,713,rest
31.3290,171599,rest
31.3308,1,rest
31.3322,71519,rest
31.3335,171,rest
31.3359,192,rest
31.3373,171169,rest
31.3419,71,rest
31.3448,170906,rest
31.3483,171063,rest
31.3524,170864,rest
31.3565,171044,rest
31.3615,171006,rest
31.3646,170948,rest
31.3687,171108,rest
31.3728,171136,rest
31.3771,171191,rest
31.3809,171624,rest
31.3850,171604,rest
31.3892,171299,rest
31.3939,171760,rest
31.3974,171357,rest
31.4015,171104,rest
31.4057,171216,rest
31.4101,171702,rest
31.4138,171009,rest
31.4179,171520,rest
31.4222,171100,rest
31.4272,171119,rest
31.4302,170935,rest
31.4342,171419,rest
31.4385,170997,rest
31.4431,170938,rest
31.4465,171190,rest
31.4506,171311,rest
31.4548,171145,rest
31.4564,1,rest
31.4594,71457,rest
31.4609,171,rest
31.4631,072,rest
31.4649,171225,rest
31.4670,171155,rest
31.4712,171094,rest
31.4762,171397,rest
31.4793,170812,rest
31.4834,170506,rest
31.4877,171326,rest
31.4917,170892,rest
31.4957,170929,rest
31.4997,170916,rest
31.5038,171146,rest
31.5096,710,rest
31.5132,171274,rest
31.5162,171139,rest
31.5202,170853,rest
31.5255,718,rest
31.5285,170779,rest
31.5325,170993,rest
31.5366,171127,rest
31.5421,7085,rest
31.5448,170796,rest
31.5490,171444,rest
31.5530,171305,rest
31.5587,705,rest
31.5614,171308,rest
31.5653,171139,rest
31.5694,171493,rest
31.5751,70923,rest
31.5785,171425,rest
31.5818,171512,rest
31.5858,171357,rest
31.5869,171,rest
31.5900,17,rest
31.5915,170869,rest
31.5954,171408,rest
31.5983,170803,rest
31.6022,170910,rest
31.6063,171855,rest
31.6110,170652,rest
31.6145,170929,rest
31.6185,170821,rest
31.6227,171212,rest
31.6273,171063,rest
31.6309,170789,rest
31.6350,171360,rest
31.6391,170993,rest
31.6443,171338,rest
31.6473,171233,rest
31.6513,171614,rest
31.6555,171550,rest
31.6597,171262,rest
31.6636,170824,rest
31.6677,171358,rest
31.6720,170994,rest
31.6771,171474,rest
31.6800,170941,rest
31.6840,171187,rest
31.6883,171174,rest
31.6936,171051,rest
31.6965,171106,rest
31.7006,171141,rest
31.7047,170652,rest
31.7101,71214,rest
31.7129,171268,rest
31.7141,17,rest
31.7170,0948,rest
31.7187,17129,rest
31.7214,8,rest
31.7215,171462,rest
31.7265,171068,rest
31.7291,170581,rest
31.7332,171172,rest
31.7373,171072,rest
31.7416,71383,rest
31.7456,170989,rest
31.7497,170873,rest
31.7539,170854,rest
31.7579,7122,rest
31.7643,171363,rest
31.7660,170836,rest
31.7701,171122,rest
31.7754,71,rest
31.7784,171078,rest
31.7829,171206,rest
31.7865,171773,rest
31.7906,141,rest
31.7954,171285,rest
31.8001,170809,rest
31.8030,171278,rest
31.8070,7,rest
31.8113,171384,rest
31.8162,170221,rest
31.8193,171043,rest
31.8234,71282,rest
31.8285,170770,rest
31.8323,171598,rest
31.8361,171349,rest
31.8399,171111,rest
31.8415,17,rest
31.8438,0747,rest
31.8449,17153,rest
31.8479,8,rest
31.8489,170685,rest
31.8520,171198,rest
31.8562,171289,rest
31.8607,171255,rest
31.8643,170738,rest
31.8684,171037,rest
31.8725,171352,rest
31.8767,170909,rest
31.8807,171204,rest
31.8848,171422,rest
31.8889,171119,rest
31.8931,170727,rest
31.8971,170902,rest
31.9011,171649,rest
31.9055,170774,rest
31.9100,170929,rest
31.9135,171020,rest
31.9175,171033,rest
31.9219,170704,rest
31.9265,171441,rest
31.9299,171322,rest
31.9339,170896,rest
31.9382,171085,rest
31.9427,171150,rest
31.9463,170809,rest
31.9503,170957,rest
31.9545,171201,rest
31.9588,171329,rest
31.9626,171429,rest
31.9667,170868,rest
31.9683,1,rest
31.9709,70887,rest
31.9721,1710,rest
31.9753,50,rest
31.9764,171274,rest
31.9791,171071,rest
31.9831,171514,rest
31.9871,171308,rest
31.9932,708,rest
31.9962,171116,rest
31.9999,170967,rest
32.0037,170743,rest
32.0078,723,rest
32.0124,171190,rest
32.0165,171056,rest
32.0200,170917,rest
32.0240,70758,rest
32.0286,171080,rest
32.0330,171082,rest
32.0363,170867,rest
32.0419,99,rest
32.0457,170893,rest
32.0495,171198,rest
32.0528,171708,rest
32.0581,0,rest
32.0611,170870,rest
32.0661,171105,rest
32.0694,171512,rest
32.0733,170635,rest
32.0773,171118,rest
32.0814,170864,rest
32.0854,171340,rest
32.0897,170980,rest
32.0939,170716,rest
32.0952,1,rest
32.0978,71279,rest
32.0990,1709,rest
32.1018,58,rest
32.1035,171166,rest
32.1060,171620,rest
32.1104,171378,rest
32.1142,171585,rest
32.1183,170834,rest
32.1224,170916,rest
32.1269,170747,rest
32.1305,171256,rest
32.1346,171000,rest
32.1391,171148,rest
32.1443,171197,rest
32.1470,170914,rest
32.1511,171547,rest
32.1553,171608,rest
32.1601,170955,rest
32.1633,170750,rest
32.1673,171071,rest
32.1717,171006,rest
32.1772,171033,rest
32.1797,170741,rest
32.1838,170849,rest
32.1884,170646,rest
32.1934,170835,rest
32.1960,171041,rest
32.2001,171383,rest
32.2048,171226,rest
32.2100,171025,rest
32.2125,171165,rest
32.2165,170783,rest
32.2207,171281,rest
32.2217,1,rest
32.2247,70827,rest
32.2262,1714,rest
32.2292,59,rest
32.2307,170866,rest
32.2330,170606,rest
32.2370,171144,rest
32.2427,799,rest
32.2453,171040,rest
32.2500,171081,rest
32.2534,171494,rest
32.2590,712,rest
32.2619,171489,rest
32.2665,170877,rest
32.2698,171087,rest
32.2740,73,rest
32.2780,54,rest
32.2880,171539,rest
32.2907,170867,rest
32.2949,170947,rest
32.2985,170927,rest
32.3025,171602,rest
32.3067,17041,rest
32.3117,171017,rest
32.3162,171031,rest
32.3191,171047,rest
32.3231,170861,rest
32.3280,171251,rest
32.3312,171213,rest
32.3353,170582,rest
32.3396,171010,rest
32.3436,171080,rest
32.3476,171341,rest
32.3517,171306,rest
32.3533,171,rest
32.3559,246,rest
32.3574,171170,rest
32.3600,171139,rest
32.3640,171342,rest
32.3681,170969,rest
32.3724,171299,rest
32.3763,171263,rest
32.3805,171288,rest
32.3846,170963,rest
32.3888,170986,rest
32.3927,170871,rest
32.3967,170851,rest
32.4008,171378,rest
32.4052,171101,rest
32.4098,171480,rest
32.4133,171385,rest
32.4173,171078,rest
32.4220,170774,rest
32.4262,171043,rest
32.4295,171081,rest
32.4336,171483,rest
32.4381,170844,rest
32.4430,170751,rest
32.4459,171319,rest
32.4501,171198,rest
32.4542,171442,rest
32.4586,170719,rest
32.4629,170468,rest
32.4664,170803,rest
32.4704,170945,rest
32.4747,70785,rest
32.4802,170598,rest
32.4820,171,rest
32.4835,114,rest
32.4846,171493,rest
32.4869,170936,rest
32.4910,70384,rest
32.4962,170942,rest
32.4992,170981,rest
32.5032,171261,rest
32.5090,126,rest
32.5121,171318,rest
32.5156,170939,rest
32.5196,171425,rest
32.5295,170720,rest
32.5320,171336,rest
32.5361,171635,rest
32.5402,171673,rest
32.5443,171243,rest
32.5483,171177,rest
32.5524,171712,rest
32.5567,171687,rest
32.5610,171663,rest
32.5647,171342,rest
32.5688,171199,rest
32.5730,170709,rest
32.5771,171581,rest
32.5811,171251,rest
32.5851,171857,rest
32.5893,171413,rest
32.5935,170980,rest
32.5975,171184,rest
32.6016,171273,rest
32.6058,171486,rest
32.6073,171,rest
32.6102,466,rest
32.6119,17104,rest
32.6138,1,rest
32.6139,171152,rest
32.6179,171372,rest
32.6223,171340,rest
32.6272,171698,rest
32.6302,171028,rest
32.6343,171174,rest
32.6386,170944,rest
32.6437,171832,rest
32.6466,171259,rest
32.6507,171182,rest
32.6549,171629,rest
32.6600,171292,rest
32.6631,171620,rest
32.6672,171153,rest
32.6713,170823,rest
32.6760,171297,rest
32.6795,170957,rest
32.6835,171298,rest
32.6880,170663,rest
32.6919,170506,rest
32.6959,171163,rest
32.6999,171228,rest
32.7039,171476,rest
32.7081,171561,rest
32.7122,171556,rest
32.7163,171016,rest
32.7203,170783,rest
32.7246,70905,rest
32.7318,171151,rest
32.7328,171095,rest
32.7343,171,rest
32.7367,324,rest
32.7381,17093,rest
32.7426,72,rest
32.7449,170909,rest
32.7491,171097,rest
32.7532,171126,rest
32.7586,1,rest
32.7619,170918,rest
32.7669,171427,rest
32.7695,170940,rest
32.7752,70943,rest
32.7781,170927,rest
32.7823,171304,rest
32.7859,170731,rest
32.7901,1726,rest
32.7943,171472,rest
32.7988,171408,rest
32.8046,171174,rest
32.8064,171370,rest
32.8109,170913,rest
32.8145,171435,rest
32.8186,171791,rest
32.8229,171432,rest
32.8279,171182,rest
32.8309,171217,rest
32.8350,171703,rest
32.8391,171273,rest
32.8439,172025,rest
32.8473,171075,rest
32.8514,171144,rest
32.8556,171139,rest
32.8598,171749,rest
32.8613,17,rest
32.8637,1310,rest
32.8652,17133,rest
32.8678,3,rest
32.8678,171119,rest
32.8726,171147,rest
32.8765,171813,rest
32.8801,171641,rest
32.8842,171878,rest
32.8888,171090,rest
32.8929,171725,rest
32.8966,171305,rest
32.9006,171532,rest
32.9047,171197,rest
32.9107,7,rest
32.9133,171343,rest
32.9171,171370,rest
32.9215,171304,rest
32.9253,171350,rest
32.9292,171108,rest
32.9333,171257,rest
32.9375,171064,rest
32.9429,170974,rest
32.9457,171105,rest
32.9497,170879,rest
32.9539,170792,rest
32.9579,71246,rest
32.9622,171318,rest
32.9662,171074,rest
32.9702,172070,rest
32.9744,787,rest
32.9819,171357,rest
32.9825,171211,rest
32.9866,171235,rest
32.9882,1,rest
32.9920,07,rest
32.9966,14,rest
32.9978,171405,rest
32.9988,171080,rest
33.0030,171401,rest
33.0088,7,rest
33.0115,171234,rest
33.0158,170653,rest
33.0193,170928,rest
33.0235,7,rest
33.0282,170841,rest
33.0325,171184,rest
33.0358,171346,rest
33.0399,171255,rest
33.0443,171767,rest
33.0480,171499,rest
33.0521,170934,rest
33.0562,171247,rest
33.0610,170883,rest
33.0645,171329,rest
33.0686,171221,rest
33.0727,171480,rest
33.0768,170636,rest
33.0808,171054,rest
33.0849,171083,rest
33.0891,171404,rest
33.0940,171187,rest
33.0973,171172,rest
33.1013,170924,rest
33.1058,171758,rest
33.1095,171174,rest
33.1135,171452,rest
33.1147,1,rest
33.1178,71385,rest
33.1190,1711,rest
33.1221,94,rest
33.1235,171056,rest
33.1269,171143,rest
33.1299,171178,rest
33.1340,171513,rest
33.1383,171738,rest
33.1433,171087,rest
33.1463,171305,rest
33.1504,171119,rest
33.1546,171289,rest
33.1591,170977,rest
33.1627,171083,rest
33.1667,171393,rest
33.1709,171462,rest
33.1763,170772,rest
33.1791,171517,rest
33.1831,171098,rest
33.1873,171299,rest
33.1919,171124,rest
33.1957,171047,rest
33.1997,171070,rest
33.2036,171095,rest
33.2099,7,rest
33.2120,171036,rest
33.2161,171008,rest
33.2200,171388,rest
33.2253,714,rest
33.2299,171257,rest
33.2323,170823,rest
33.2365,171195,rest
33.2406,171319,rest
33.2452,171830,rest
33.2461,170,rest
33.2488,859,rest
33.2500,171132,rest
33.2530,171394,rest
33.2622,170972,rest
33.2652,171313,rest
33.2691,170686,rest
33.2752,70946,rest
33.2786,171462,rest
33.2816,171114,rest
33.2856,171511,rest
33.2897,171279,rest
33.2942,170895,rest
33.2978,171250,rest
33.3019,171282,rest
33.3062,171260,rest
33.3109,171013,rest
33.3143,170957,rest
33.3184,171216,rest
33.3226,171186,rest
33.3270,171206,rest
33.3306,170648,rest
33.3347,171294,rest
33.3391,171431,rest
33.3439,171059,rest
33.3470,171422,rest
33.3511,170829,rest
33.3554,170967,rest
33.3596,171125,rest
33.3634,171296,rest
33.3675,171270,rest
33.3721,171526,rest
33.3736,171,rest
33.3758,089,rest
33.3774,171222,rest
33.3798,171154,rest
33.3839,171189,rest
33.3881,171068,rest
33.3927,171367,rest
33.3962,171677,rest
33.4002,171863,rest
33.4044,171288,rest
33.4086,7119,rest
33.4134,170712,rest
33.4166,171139,rest
33.4207,170973,rest
33.4252,171571,rest
33.4289,171651,rest
33.4330,171889,rest
33.4371,171416,rest
33.4429,7,rest
33.4461,171351,rest
33.4495,170961,rest
33.4535,171530,rest
33.4589,71,rest
33.4622,172036,rest
33.4658,171162,rest
33.4698,171491,rest
33.4740,716,rest
33.4789,171340,rest
33.4828,171398,rest
33.4863,171428,rest
33.4917,717,rest
33.4956,170845,rest
33.4987,171511,rest
33.4998,17,rest
33.5026,1189,rest
33.5043,17129,rest
33.5120,171190,rest
33.5150,171418,rest
33.5190,171229,rest
33.5233,171467,rest
33.5272,171263,rest
33.5313,171334,rest
33.5354,171438,rest
33.5395,171256,rest
33.5436,171142,rest
33.5477,171308,rest
33.5518,170916,rest
33.5559,171286,rest
33.5601,171209,rest
33.5641,171672,rest
33.5682,171089,rest
33.5723,170817,rest
33.5773,170737,rest
33.5805,170839,rest
33.5846,171184,rest
33.5888,171561,rest
33.5932,171040,rest
33.5968,171298,rest
33.6009,171246,rest
33.6052,171141,rest
33.6096,171665,rest
33.6133,170895,rest
33.6173,171001,rest
33.6217,170996,rest
33.6264,171179,rest
33.6276,17,rest
33.6297,1298,rest
33.6309,17107,rest
33.6337,9,rest
33.6338,171504,rest
33.6380,171388,rest
33.6426,171418,rest
33.6460,171249,rest
33.6501,171312,rest
33.6545,172025,rest
33.6585,171895,rest
33.6624,171650,rest
33.6664,171111,rest
33.6705,170639,rest
33.6747,71591,rest
33.6788,170849,rest
33.6832,171708,rest
33.6870,171438,rest
33.6911,724,rest
33.6952,171752,rest
33.6992,171344,rest
33.7035,171667,rest
33.7076,17,rest
33.7119,171209,rest
33.7158,171557,rest
33.7197,171269,rest
33.7249,756,rest
33.7291,171471,rest
33.7321,170922,rest
33.7361,171117,rest
33.7402,7119,rest
33.7449,170627,rest
33.7485,171884,rest
33.7526,171132,rest
33.7541,17,rest
33.7566,120,rest
33.7582,1711,rest
33.7607,1,rest
33.7621,171496,rest
33.7655,171506,rest
33.7689,170994,rest
33.7731,171472,rest
33.7779,171427,rest
33.7812,171403,rest
33.7853,171341,rest
33.7894,171380,rest
33.7935,171227,rest
33.7975,171644,rest
33.8016,171008,rest
33.8057,171130,rest
33.8101,171306,rest
33.8139,171101,rest
33.8180,171324,rest
33.8223,171804,rest
33.8268,171603,rest
33.8303,170954,rest
33.8344,171809,rest
33.8387,171900,rest
33.8429,171352,rest
33.8467,171269,rest
33.8508,171166,rest
33.8550,171480,rest
33.8594,171237,rest
33.8631,171104,rest
33.8671,170953,rest
33.8715,171430,rest
33.8765,171182,rest
33.8795,171734,rest
33.8805,1,rest
33.8836,70818,rest
33.8850,1716,rest
33.8877,37,rest
33.8895,170877,rest
33.8920,171272,rest
33.8960,171594,rest
33.9000,171809,rest
33.9043,171289,rest
33.9083,71384,rest
33.9134,171177,rest
33.9163,171395,rest
33.9205,171255,rest
33.9246,7109,rest
33.9298,171501,rest
33.9327,171227,rest
33.9368,171470,rest
33.9410,71,rest
33.9461,170993,rest
33.9491,171021,rest
33.9531,171231,rest
33.9574,7303,rest
33.9624,171476,rest
33.9655,171183,rest
33.9697,171389,rest
33.9749,71,rest
33.9789,171536,rest
33.9820,171583,rest
33.9860,170779,rest
33.9902,10,rest
33.9942,171472,rest
33.9983,170869,rest
34.0024,171175,rest
34.0078,17130,rest
34.0112,1345,rest
34.0127,1714,rest
34.0147,94,rest
34.0160,171179,rest
34.0187,171538,rest
34.0229,171275,rest
34.0276,171179,rest
34.0310,170891,rest
34.0351,171468,rest
34.0392,171021,rest
34.0434,171166,rest
34.0474,170874,rest
34.0516,171809,rest
34.0557,171269,rest
34.0604,170864,rest
34.0637,171539,rest
34.0678,171193,rest
34.0721,171792,rest
34.0762,171770,rest
34.0802,170893,rest
34.0842,171209,rest
34.0886,171125,rest
34.0929,171351,rest
34.0965,171577,rest
34.1006,171303,rest
34.1051,171234,rest
34.1105,171495,rest
34.1131,171337,rest
34.1170,170960,rest
34.1213,171360,rest
34.1254,171502,rest
34.1293,171377,rest
34.1334,171163,rest
34.1348,1,rest
34.1376,71437,rest
34.1394,1715,rest
34.1423,84,rest
34.1445,171634,rest
34.1457,171547,rest
34.1498,171635,rest
34.1539,171386,rest
34.1598,171451,rest
34.1622,171254,rest
34.1662,171623,rest
34.1703,171246,rest
34.1764,7,rest
34.1797,171695,rest
34.1826,171343,rest
34.1866,171187,rest
34.1909,7121,rest
34.1955,170931,rest
34.1990,171437,rest
34.2030,171550,rest
34.2072,7128,rest
34.2120,171366,rest
34.2153,171916,rest
34.2194,171578,rest
34.2235,415,rest
34.2282,171231,rest
34.2318,171605,rest
34.2358,171307,rest
34.2400,105,rest
34.2459,171886,rest
34.2490,170910,rest
34.2522,170510,rest
34.2564,170659,rest
34.2604,171597,rest
34.2618,1,rest
34.2645,71239,rest
34.2655,1712,rest
34.2686,82,rest
34.2702,171310,rest
34.2727,171546,rest
34.2767,171129,rest
34.2808,171024,rest
34.2849,171166,rest
34.2891,171140,rest
34.2936,171215,rest
34.2972,171654,rest
34.3013,171453,rest
34.3056,170579,rest
34.3101,171666,rest
34.3136,171176,rest
34.3177,171196,rest
34.3220,171031,rest
34.3261,171256,rest
34.3300,171203,rest
34.3341,170980,rest
34.3384,171648,rest
34.3425,171423,rest
34.3465,170991,rest
34.3506,171373,rest
34.3549,171040,rest
34.3598,171723,rest
34.3628,171281,rest
34.3669,170892,rest
34.3711,171144,rest
34.3764,171501,rest
34.3792,171437,rest
34.3832,171469,rest
34.3873,170767,rest
34.3930,171452,rest
34.3944,171,rest
34.3956,297,rest
34.3966,171276,rest
34.3996,171574,rest
34.4037,171542,rest
34.4079,1790,rest
34.4119,170924,rest
34.4160,171704,rest
34.4201,171893,rest
34.4264,7,rest
34.4289,171404,rest
34.4325,171518,rest
34.4365,171733,rest
34.4418,7126,rest
34.4451,171318,rest
34.4488,171260,rest
34.4529,171164,rest
34.4571,83,rest
34.4627,171515,rest
34.4658,171649,rest
34.4694,171283,rest
34.4734,171119,rest
34.4778,171285,rest
34.4816,171303,rest
34.4857,171565,rest
34.4898,171247,rest
34.4943,171390,rest
34.4980,171452,rest
34.5020,171521,rest
34.5062,171439,rest
34.5103,171497,rest
34.5144,171705,rest
34.5186,171000,rest
34.5200,171,rest
34.5226,515,rest
34.5240,17185,rest
34.5266,2,rest
34.5267,170911,rest
34.5307,170983,rest
34.5348,171713,rest
34.5391,171612,rest
34.5441,171292,rest
34.5471,171089,rest
34.5511,171124,rest
34.5555,171284,rest
34.5599,171159,rest
34.5634,171643,rest
34.5675,170944,rest
34.5723,171480,rest
34.5759,171515,rest
34.5798,171675,rest
34.5839,171539,rest
34.5882,171398,rest
34.5922,171391,rest
34.5963,170911,rest
34.6004,171208,rest
34.6053,171525,rest
34.6100,171329,rest
34.6127,171243,rest
34.6168,171378,rest
34.6208,170984,rest
34.6276,71661,rest
34.6310,171293,rest
34.6333,171101,rest
34.6373,170950,rest
34.6432,711,rest
34.6468,171437,rest
34.6480,17,rest
34.6495,1251,rest
34.6510,17118,rest
34.6536,5,rest
34.6536,171169,rest
34.6577,71712,rest
34.6626,171261,rest
34.6658,172234,rest
34.6699,172300,rest
34.6757,7,rest
34.6798,172001,rest
34.6822,171114,rest
34.6864,171966,rest
34.6918,709,rest
34.6951,171206,rest
34.6998,171164,rest
34.7027,171012,rest
34.7111,171048,rest
34.7158,170811,rest
34.7191,171320,rest
34.7233,171360,rest
34.7274,171134,rest
34.7315,171234,rest
34.7355,171170,rest
34.7397,171236,rest
34.7437,171202,rest
34.7477,171423,rest
34.7519,171021,rest
34.7560,171068,rest
34.7604,171054,rest
34.7642,171752,rest
34.7683,171232,rest
34.7725,171123,rest
34.7738,17,rest
34.7775,1085,rest
34.7791,17112,rest
34.7806,8,rest
34.7806,171112,rest
34.7846,170916,rest
34.7889,170892,rest
34.7938,171560,rest
34.7970,171133,rest
34.8010,171180,rest
34.8053,171349,rest
34.8101,171013,rest
34.8134,171010,rest
34.8175,171633,rest
34.8217,171387,rest
34.8267,171588,rest
34.8299,170583,rest
34.8339,171053,rest
34.8380,171203,rest
34.8433,171489,rest
34.8461,170741,rest
34.8502,171357,rest
34.8544,171306,rest
34.8589,171367,rest
34.8625,171217,rest
34.8666,171491,rest
34.8706,170863,rest
34.8753,170717,rest
34.8790,171617,rest
34.8830,171273,rest
34.8870,171588,rest
34.8911,70831,rest
34.8954,171315,rest
34.8994,171177,rest
34.9009,17,rest
34.9034,1109,rest
34.9046,1714,rest
34.9076,86,rest
34.9091,176,rest
34.9117,171169,rest
34.9158,171011,rest
34.9198,171499,rest
34.9252,763,rest
34.9280,171301,rest
34.9324,171424,rest
34.9362,171420,rest
34.9417,79,rest
34.9453,171259,rest
34.9490,171035,rest
34.9527,171491,rest
34.9585,171540,rest
34.9607,171356,rest
34.9648,171717,rest
34.9689,170853,rest
34.9731,171182,rest
34.9772,171204,rest
34.9813,171417,rest
34.9854,171118,rest
34.9895,170876,rest
34.9935,171434,rest
34.9976,171252,rest
35.0017,171069,rest
35.0059,171433,rest
35.0101,171501,rest
35.0140,170962,rest
35.0181,171887,rest
35.0223,171215,rest
35.0263,171164,rest
35.0273,1,rest
35.0304,71135,rest
35.0318,1713,rest
35.0346,84,rest
35.0360,171046,rest
35.0388,171302,rest
35.0433,170977,rest
35.0468,171011,rest
35.0509,171119,rest
35.0552,171028,rest
35.0602,171334,rest
35.0632,171487,rest
35.0672,171079,rest
35.0714,171281,rest
35.0760,171669,rest
35.0795,171604,rest
35.0836,170706,rest
35.0878,171552,rest
35.0920,171442,rest
35.0960,171447,rest
35.1000,171257,rest
35.1043,170994,rest
35.1082,171608,rest
35.1124,171078,rest
35.1165,171053,rest
35.1205,171618,rest
35.1254,171211,rest
35.1287,171206,rest
35.1328,170728,rest
35.1369,170919,rest
35.1428,171245,rest
35.1451,171235,rest
35.1492,170949,rest
35.1533,171214,rest
35.1546,1,rest
35.1579,71104,rest
35.1591,1712,rest
35.1615,78,rest
35.1628,171072,rest
35.1656,171250,rest
35.1697,170947,rest
35.1753,715,rest
35.1778,171836,rest
35.1820,171023,rest
35.1861,171020,rest
35.1901,71459,rest
35.1950,171767,rest
35.1985,170947,rest
35.2024,171224,rest
35.2067,171119,rest
35.2110,171235,rest
35.2147,170782,rest
35.2188,171227,rest
35.2231,171143,rest
35.2271,171100,rest
35.2312,170833,rest
35.2353,170988,rest
35.2393,170958,rest
35.2436,171258,rest
35.2475,170999,rest
35.2516,170974,rest
35.2558,171115,rest
35.2607,171144,rest
35.2638,171042,rest
35.2679,171362,rest
35.2724,171282,rest
35.2770,171151,rest
35.2802,170926,rest
35.2844,171172,rest
35.2859,170,rest
35.2886,978,rest
35.2906,171238,rest
35.2928,170802,rest
35.2967,171376,rest
35.3007,171421,rest
35.3049,171049,rest
35.3091,171689,rest
35.3130,171905,rest
35.3171,171461,rest
35.3215,171238,rest
35.3269,171003,rest
35.3294,171496,rest
35.3335,171000,rest
35.3377,171428,rest
35.3417,171151,rest
35.3459,171182,rest
35.3500,171305,rest
35.3541,171268,rest
35.3584,170927,rest
35.3622,170718,rest
35.3663,171669,rest
35.3704,170910,rest
35.3746,748,rest
35.3800,170881,rest
35.3828,171137,rest
35.3869,171391,rest
35.3909,70,rest
35.3951,171510,rest
35.3992,171687,rest
35.4032,171005,rest
35.4073,754,rest
35.4116,171396,rest
35.4130,171,rest
35.4157,265,rest
35.4167,171315,rest
35.4195,171570,rest
35.4253,3,rest
35.4280,171079,rest
35.4319,171703,rest
35.4360,170923,rest
35.4411,7,rest
35.4448,170693,rest
35.4483,171558,rest
35.4523,170998,rest
35.4565,171672,rest
35.4605,170953,rest
35.4646,170984,rest
35.4686,171444,rest
35.4728,171489,rest
35.4772,171536,rest
35.4809,171159,rest
35.4850,171105,rest
35.4894,171492,rest
35.4939,171377,rest
35.4973,171830,rest
35.5015,170975,rest
35.5056,171028,rest
35.5105,171293,rest
35.5138,171395,rest
35.5178,171615,rest
35.5221,171768,rest
35.5267,171481,rest
35.5302,171493,rest
35.5343,171651,rest
35.5385,171617,rest
35.5401,171,rest
35.5435,476,rest
35.5443,17134,rest
35.5465,3,rest
35.5465,170630,rest
35.5506,171323,rest
35.5548,171043,rest
35.5591,171369,rest
35.5628,171159,rest
35.5669,171734,rest
35.5712,171189,rest
35.5766,171230,rest
35.5793,171613,rest
35.5834,171408,rest
35.5874,171288,rest
35.5942,7,rest
35.5959,170757,rest
35.5997,171046,rest
35.6038,171216,rest
35.6079,71354,rest
35.6126,171626,rest
35.6169,171193,rest
35.6202,171282,rest
35.6248,171080,rest
35.6287,171603,rest
35.6325,171172,rest
35.6365,171809,rest
35.6429,71,rest
35.6466,171570,rest
35.6489,171519,rest
35.6530,171079,rest
35.6613,171023,rest
35.6653,171343,rest
35.6664,17,rest
35.6694,1188,rest
35.6708,17148,rest
35.6757,8171419,rest
35.6777,171320,rest
35.6817,171700,rest
35.6858,171198,rest
35.6898,171316,rest
35.6939,171425,rest
35.6980,171299,rest
35.7021,171290,rest
35.7062,171662,rest
35.7103,171394,rest
35.7145,171491,rest
35.7186,171646,rest
35.7226,171686,rest
35.7272,171136,rest
35.7308,171418,rest
35.7349,171573,rest
35.7390,171510,rest
35.7432,171191,rest
35.7471,170507,rest
35.7512,171322,rest
35.7555,171261,rest
35.7606,171372,rest
35.7638,171263,rest
35.7677,171402,rest
35.7720,170901,rest
35.7769,171710,rest
35.7800,171156,rest
35.7840,171427,rest
35.7884,171188,rest
35.7928,171447,rest
35.7941,17,rest
35.7963,1487,rest
35.7978,1710,rest
35.8005,23,rest
35.8015,171513,rest
35.8048,171561,rest
35.8092,170788,rest
35.8127,171155,rest
35.8168,171667,rest
35.8209,171508,rest
35.8263,171191,rest
35.8293,171059,rest
35.8332,171231,rest
35.8373,171294,rest
35.8414,71549,rest
35.8457,171272,rest
35.8498,171054,rest
35.8537,171211,rest
35.8580,171550,rest
35.8618,171408,rest
35.8659,171174,rest
35.8700,171196,rest
35.8792,171351,rest
35.8828,170614,rest
35.8864,171669,rest
35.8922,4,rest
35.8958,171553,rest
35.8991,170664,rest
35.9029,170721,rest
35.9070,11,rest
35.9126,170622,rest
35.9160,171793,rest
35.9193,171368,rest
35.9205,1,rest
35.9251,17,rest
35.9276,54,rest
35.9299,171232,rest
35.9319,171340,rest
35.9356,171085,rest
35.9397,171084,rest
35.9441,171414,rest
35.9483,171674,rest
35.9520,171082,rest
35.9561,171133,rest
35.9611,171099,rest
35.9642,171298,rest
35.9683,170931,rest
35.9725,170846,rest
35.9765,171069,rest
35.9806,171030,rest
35.9847,171480,rest
35.9890,170787,rest
35.9929,171067,rest
35.9970,171495,rest
36.0011,171585,rest
36.0054,171141,rest
36.0095,171145,rest
36.0134,170754,rest
36.0175,171151,rest
36.0219,171174,rest
36.0265,170867,rest
36.0299,170966,rest
36.0340,171111,rest
36.0385,170980,rest
36.0427,171374,rest
36.0463,171555,rest
36.0481,1,rest
36.0503,71057,rest
36.0520,171,rest
36.0547,373,rest
36.0561,171051,rest
36.0586,0663,rest
36.0626,171702,rest
36.0674,171058,rest
36.0709,171135,rest
36.0756,170960,rest
36.0791,171378,rest
36.0830,170857,rest
36.0871,171146,rest
36.0913,790,rest
36.0959,171548,rest
36.0996,171606,rest
36.1035,171535,rest
36.1077,7191,rest
36.1126,171153,rest
36.1165,171277,rest
36.1199,171395,rest
36.1252,7,rest
36.1291,171348,rest
36.1327,171209,rest
36.1364,171173,rest
36.1404,71852,rest
36.1458,171092,rest
36.1493,171776,rest
36.1527,171232,rest
36.1584,71638,rest
36.1608,171480,rest
36.1661,171084,rest
36.1694,171542,rest
36.1732,171409,rest
36.1784,171020,rest
36.1795,171,rest
36.1813,243,rest
36.1823,17105,rest
36.1854,4,rest
36.1855,171144,rest
36.1896,171302,rest
36.1936,170954,rest
36.1977,171328,rest
36.2018,170735,rest
36.2061,171382,rest
36.2105,171403,rest
36.2141,170913,rest
36.2182,171630,rest
36.2224,170872,rest
36.2265,171163,rest
36.2305,171134,rest
36.2345,171174,rest
36.2388,171440,rest
36.2434,171101,rest
36.2469,171258,rest
36.2510,171020,rest
36.2556,171277,rest
36.2603,171088,rest
36.2633,170982,rest
36.2674,171488,rest
36.2716,170475,rest
36.2762,171086,rest
36.2796,170950,rest
36.2837,171285,rest
36.2883,171186,rest
36.2919,71153,rest
36.2963,171606,rest
36.3002,171309,rest
36.3044,171333,rest
36.3056,17,rest
36.3086,1042,rest
36.3101,17127,rest
36.3127,6,rest
36.3128,171367,rest
36.3165,171509,rest
36.3206,171432,rest
36.3259,171342,rest
36.3288,171157,rest
36.3329,171460,rest
36.3370,171222,rest
36.3426,143,rest
36.3453,171203,rest
36.3494,171079,rest
36.3534,171115,rest
36.3589,12,rest
36.3615,171306,rest
36.3661,171082,rest
36.3697,171270,rest
36.3739,171481,rest
36.3782,171120,rest
36.3821,171408,rest
36.3862,170790,rest
36.3903,06,rest
36.3948,171546,rest
36.3985,171366,rest
36.4026,171239,rest
36.4067,171393,rest
36.4117,170670,rest
36.4148,171269,rest
36.4189,171476,rest
36.4230,171068,rest
36.4273,170886,rest
36.4312,171041,rest
36.4322,17,rest
36.4353,1403,rest
36.4367,17069,rest
36.4394,0,rest
36.4404,171343,rest
36.4435,171292,rest
36.4475,171131,rest
36.4516,171750,rest
36.4557,171374,rest
36.4601,171211,rest
36.4639,171411,rest
36.4681,171594,rest
36.4724,171415,rest
36.4763,170930,rest
36.4803,171049,rest
36.4844,171103,rest
36.4887,171123,rest
36.4930,170763,rest
36.4967,171374,rest
36.5008,171364,rest
36.5052,170928,rest
36.5098,170912,rest
36.5131,171215,rest
36.5172,171022,rest
36.5216,171313,rest
36.5255,171123,rest
36.5295,171200,rest
36.5336,171179,rest
36.5378,171624,rest
36.5420,171559,rest
36.5460,171676,rest
36.5500,170830,rest
36.5541,171331,rest
36.5587,71492,rest
36.5597,17,rest
36.5623,1095,rest
36.5635,1714,rest
36.5663,18,rest
36.5680,170855,rest
36.5704,171196,rest
36.5754,171470,rest
36.5786,171605,rest
36.5827,170599,rest
36.5868,171578,rest
36.5926,78,rest
36.5950,171022,rest
36.5992,171274,rest
36.6032,171568,rest
36.6073,71469,rest
36.6126,170947,rest
36.6156,171295,rest
36.6196,171191,rest
36.6255,7131,rest
36.6278,170536,rest
36.6319,171587,rest
36.6359,170944,rest
36.6450,171629,rest
36.6483,170938,rest
36.6523,171671,rest
36.6565,171245,rest
36.6605,171231,rest
36.6646,172122,rest
36.6687,170938,rest
36.6729,171280,rest
36.6770,171766,rest
36.6811,171571,rest
36.6851,171390,rest
36.6863,1,rest
36.6893,71371,rest
36.6908,1710,rest
36.6933,66,rest
36.6946,171148,rest
36.6975,171214,rest
36.7015,171352,rest
36.7056,170862,rest
36.7101,171257,rest
36.7138,170998,rest
36.7179,171327,rest
36.7223,171118,rest
36.7272,171352,rest
36.7302,171158,rest
36.7343,171325,rest
36.7386,171497,rest
36.7433,171500,rest
36.7466,171514,rest
36.7506,171126,rest
36.7553,171887,rest
36.7590,170963,rest
36.7630,171060,rest
36.7670,171612,rest
36.7713,171345,rest
36.7756,171086,rest
36.7794,171037,rest
36.7835,171024,rest
36.7875,171243,rest
36.7933,171123,rest
36.7957,171469,rest
36.7998,171940,rest
36.8039,171306,rest
36.8081,763,rest
36.8130,171539,rest
36.8145,1,rest
36.8163,71245,rest
36.8179,171,rest
36.8203,273,rest
36.8217,171156,rest
36.8246,171105,rest
36.8285,171360,rest
36.8326,172135,rest
36.8367,171545,rest
36.8408,71615,rest
36.8454,171316,rest
36.8490,171379,rest
36.8531,171295,rest
36.8585,71,rest
36.8614,171424,rest
36.8654,171084,rest
36.8709,171239,rest
36.8737,171232,rest
36.8777,171360,rest
36.8818,171514,rest
36.8858,171206,rest
36.8900,170856,rest
36.8944,171135,rest
36.8981,171323,rest
36.9022,171580,rest
36.9065,170903,rest
36.9108,170856,rest
36.9145,171454,rest
36.9186,171167,rest
36.9227,170928,rest
36.9270,171543,rest
36.9309,170955,rest
36.9349,171222,rest
36.9391,171328,rest
36.9434,171161,rest
36.9446,171,rest
36.9473,261,rest
36.9484,171434,rest
36.9515,171103,rest
36.9558,171550,rest
36.9599,171069,rest
36.9637,171501,rest
36.9677,170899,rest
36.9721,171606,rest
36.9769,171835,rest
36.9801,171409,rest
36.9841,172201,rest
36.9890,171702,rest
36.9930,171586,rest
36.9964,171545,rest
37.0005,171013,rest
37.0047,171543,rest
37.0090,171154,rest
37.0128,171899,rest
37.0169,171653,rest
37.0212,170990,rest
37.0251,71210,rest
37.0304,170839,rest
37.0334,171209,rest
37.0374,171410,rest
37.0417,171207,rest
37.0456,171221,rest
37.0497,171162,rest
37.0537,171283,rest
37.0579,71558,rest
37.0651,171618,rest
37.0660,171506,rest
37.0702,170921,rest
37.0718,17,rest
37.0743,529,rest
37.0751,171268,rest
37.0790,171109,rest
37.0826,171684,rest
37.0865,171742,rest
37.0906,71317,rest
37.0948,171338,rest
37.0993,171590,rest
37.1030,171761,rest
37.1071,765,rest
37.1117,171261,rest
37.1153,171452,rest
37.1193,171455,rest
37.1236,771,rest
37.1278,171368,rest
37.1318,171242,rest
37.1358,171322,rest
37.1399,170885,rest
37.1442,171176,rest
37.1479,171150,rest
37.1521,170798,rest
37.1562,171337,rest
37.1614,171451,rest
37.1643,171560,rest
37.1684,171089,rest
37.1725,171395,rest
37.1777,171369,rest
37.1807,171575,rest
37.1848,170939,rest
37.1890,171298,rest
37.1934,171378,rest
37.1971,171341,rest
37.1985,17,rest
37.2012,1190,rest
37.2026,17135,rest
37.2054,9,rest
37.2055,171494,rest
37.2100,171479,rest
37.2135,171507,rest
37.2176,170972,rest
37.2219,171598,rest
37.2258,170950,rest
37.2300,171005,rest
37.2340,170742,rest
37.2382,170780,rest
37.2438,171031,rest
37.2464,171400,rest
37.2505,171165,rest
37.2547,171160,rest
37.2588,171559,rest
37.2629,171868,rest
37.2667,171350,rest
37.2708,171273,rest
37.2751,71320,rest
37.2798,171242,rest
37.2833,171001,rest
37.2872,171397,rest
37.2913,71270,rest
37.2964,171348,rest
37.3003,171367,rest
37.3037,170949,rest
37.3079,71006,rest
37.3140,171312,rest
37.3166,171357,rest
37.3200,171248,rest
37.3260,7,rest
37.3283,909,rest
37.3302,1708,rest
37.3332,70,rest
37.3348,171408,rest
37.3364,171208,rest
37.3417,73,rest
37.3456,171445,rest
37.3487,171025,rest
37.3527,171535,rest
37.3570,16,rest
37.3610,171428,rest
37.3651,171434,rest
37.3691,170910,rest
37.3734,170659,rest
37.3773,170908,rest
37.3814,171497,rest
37.3855,171218,rest
37.3896,171313,rest
37.3940,171344,rest
37.3978,170918,rest
37.4019,170785,rest
37.4060,171333,rest
37.4101,171290,rest
37.4142,170909,rest
37.4183,171336,rest
37.4224,171649,rest
37.4265,171112,rest
37.4305,171110,rest
37.4346,171449,rest
37.4389,171005,rest
37.4429,171455,rest
37.4469,171314,rest
37.4510,171124,rest
37.4523,1,rest
37.4553,71082,rest
37.4567,1713,rest
37.4597,39,rest
37.4610,171077,rest
37.4633,171125,rest
37.4674,171310,rest
37.4717,171649,rest
37.4756,171577,rest
37.4797,171404,rest
37.4838,171114,rest
37.4881,170989,rest
37.4923,171338,rest
37.4962,171468,rest
37.5003,171585,rest
37.5043,171569,rest
37.5094,171168,rest
37.5125,171112,rest
37.5166,170922,rest
37.5207,171248,rest
37.5251,171291,rest
37.5289,171637,rest
37.5330,171862,rest
37.5370,171294,rest
37.5412,71441,rest
37.5459,172146,rest
37.5494,171782,rest
37.5534,171434,rest
37.5576,71607,rest
37.5633,171322,rest
37.5659,170850,rest
37.5699,171111,rest
37.5741,78,rest
37.5783,171459,rest
37.5797,1,rest
37.5824,71126,rest
37.5841,171,rest
37.5862,031,rest
37.5875,171102,rest
37.5911,171198,rest
37.5945,171169,rest
37.5985,171571,rest
37.6026,171449,rest
37.6069,170,rest
37.6110,171579,rest
37.6150,171524,rest
37.6191,171618,rest
37.6232,171177,rest
37.6273,171662,rest
37.6312,170854,rest
37.6353,171211,rest
37.6395,170921,rest
37.6438,171251,rest
37.6476,171200,rest
37.6517,171660,rest
37.6559,171647,rest
37.6600,171586,rest
37.6640,170813,rest
37.6681,171058,rest
37.6723,171523,rest
37.6765,170936,rest
37.6804,171268,rest
37.6845,171816,rest
37.6888,170985,rest
37.6936,171014,rest
37.6968,171557,rest
37.7009,170953,rest
37.7051,171286,rest
37.7092,171014,rest
37.7104,171,rest
37.7133,071,rest
37.7143,171606,rest
37.7174,171438,rest
37.7217,170764,rest
37.7263,170789,rest
37.7296,170956,rest
37.7336,171237,rest
37.7379,171726,rest
37.7423,171168,rest
37.7462,170740,rest
37.7501,170987,rest
37.7546,171534,rest
37.7595,171384,rest
37.7624,170921,rest
37.7665,171353,rest
37.7705,171207,rest
37.7777,717,rest
37.7793,171064,rest
37.7829,171552,rest
37.7869,170926,rest
37.7930,7,rest
37.7962,171260,rest
37.7992,171177,rest
37.8033,171444,rest
37.8077,744,rest
37.8115,170890,rest
37.8173,170912,rest
37.8197,171508,rest
37.8251,709,rest
37.8280,171225,rest
37.8320,170939,rest
37.8361,171683,rest
37.8370,17,rest
37.8417,1,rest
37.8450,171375,rest
37.8488,171040,rest
37.8526,171151,rest
37.8582,114,rest
37.8612,171589,rest
37.8648,171402,rest
37.8689,171327,rest
37.8731,171609,rest
37.8771,171499,rest
37.8812,171231,rest
37.8852,171412,rest
37.8893,171364,rest
37.8934,171100,rest
37.8975,171299,rest
37.9016,170780,rest
37.9057,171229,rest
37.9103,171286,rest
37.9140,171166,rest
37.9181,171230,rest
37.9223,171017,rest
37.9262,171075,rest
37.9302,171045,rest
37.9343,171281,rest
37.9386,171113,rest
37.9436,171089,rest
37.9468,171003,rest
37.9509,171548,rest
37.9551,171297,rest
37.9590,171524,rest
37.9631,171058,rest
37.9643,17,rest
37.9672,1647,rest
37.9688,17117,rest
37.9715,2,rest
37.9716,171439,rest
37.9756,171722,rest
37.9796,171020,rest
37.9835,170848,rest
37.9878,171012,rest
37.9933,171196,rest
37.9961,171510,rest
38.0000,171233,rest
38.0044,171696,rest
38.0081,171361,rest
38.0122,171329,rest
38.0163,171254,rest
38.0204,171736,rest
38.0245,71442,rest
38.0289,171191,rest
38.0334,171772,rest
38.0368,171236,rest
38.0428,1,rest
38.0454,171294,rest
38.0499,171610,rest
38.0531,170798,rest
38.0573,707,rest
38.0625,171503,rest
38.0654,171847,rest
38.0703,171094,rest
38.0789,171123,rest
38.0828,170979,rest
38.0859,171125,rest
38.0917,78,rest
38.0941,100,rest
38.0959,1711,rest
38.0982,81,rest
38.1001,171522,rest
38.1023,171320,rest
38.1066,171392,rest
38.1106,170953,rest
38.1146,171248,rest
38.1187,171139,rest
38.1228,171149,rest
38.1272,171584,rest
38.1309,171153,rest
38.1350,171110,rest
38.1392,171465,rest
38.1438,171247,rest
38.1474,171350,rest
38.1515,170750,rest
38.1557,171606,rest
38.1599,171402,rest
38.1639,171421,rest
38.1678,171072,rest
38.1721,171228,rest
38.1765,171197,rest
38.1802,171304,rest
38.1843,171677,rest
38.1887,171118,rest
38.1935,170687,rest
38.1965,171196,rest
38.2005,170613,rest
38.2051,171614,rest
38.2090,71,rest
38.2132,171172,rest
38.2178,171526,rest
38.2188,1,rest
38.2215,70687,rest
38.2231,1713,rest
38.2253,82,rest
38.2270,171307,rest
38.2293,171686,rest
38.2334,171292,rest
38.2375,171216,rest
38.2436,7,rest
38.2467,171444,rest
38.2497,171504,rest
38.2539,171845,rest
38.2620,171164,rest
38.2666,171352,rest
38.2702,171411,rest
38.2744,71147,rest
38.2794,171544,rest
38.2826,171305,rest
38.2866,170847,rest
38.2925,711,rest
38.2956,171611,rest
38.2990,170878,rest
38.3030,171272,rest
38.3072,17127,rest
38.3117,171729,rest
38.3161,171119,rest
38.3195,170875,rest
38.3235,139,rest
38.3289,171512,rest
38.3317,170860,rest
38.3358,170821,rest
38.3400,171153,rest
38.3448,171397,rest
38.3463,1,rest
38.3481,71463,rest
38.3493,1712,rest
38.3521,49,rest
38.3534,171397,rest
38.3564,170745,rest
38.3610,171309,rest
38.3644,171126,rest
38.3685,170717,rest
38.3727,171160,rest
38.3768,171154,rest
38.3811,171122,rest
38.3850,171007,rest
38.3891,171110,rest
38.3941,170947,rest
38.3972,171308,rest
38.4013,171742,rest
38.4056,171681,rest
38.4100,171403,rest
38.4136,171085,rest
38.4177,171203,rest
38.4219,171437,rest
38.4259,171258,rest
38.4299,171127,rest
38.4340,171700,rest
38.4388,171205,rest
38.4434,171358,rest
38.4465,170814,rest
38.4505,171139,rest
38.4547,171129,rest
38.4595,171378,rest
38.4627,171528,rest
38.4668,171228,rest
38.4712,171259,rest
38.4753,171627,rest
38.4767,1709,rest
38.4795,39,rest
38.4810,171228,rest
38.4833,171417,rest
38.4873,171279,rest
38.4923,171290,rest
38.4957,171028,rest
38.4996,171368,rest
38.5037,171580,rest
38.5078,71348,rest
38.5145,171626,rest
38.5160,171094,rest
38.5200,171192,rest
38.5242,71928,rest
38.5315,171321,rest
38.5325,171440,rest
38.5364,171146,rest
38.5408,122,rest
38.5448,171468,rest
38.5493,171547,rest
38.5530,171404,rest
38.5571,116,rest
38.5621,170423,rest
38.5655,171200,rest
38.5694,170989,rest
38.5735,1718,rest
38.5781,171027,rest
38.5815,171511,rest
38.5857,171069,rest
38.5900,170964,rest
38.5939,170748,rest
38.5980,171104,rest
38.6021,171278,rest
38.6037,171,rest
38.6061,061,rest
38.6074,171289,rest
38.6102,170704,rest
38.6143,171074,rest
38.6184,171566,rest
38.6225,170920,rest
38.6268,171049,rest
38.6307,170686,rest
38.6347,171235,rest
38.6390,171183,rest
38.6439,171487,rest
38.6470,171139,rest
38.6511,171329,rest
38.6555,171251,rest
38.6598,171269,rest
38.6634,171082,rest
38.6675,171207,rest
38.6718,171036,rest
38.6761,171374,rest
38.6798,171673,rest
38.6839,171451,rest
38.6882,171243,rest
38.6930,171069,rest
38.6963,171335,rest
38.7004,171781,rest
38.7046,171658,rest
38.7090,171764,rest
38.7126,171496,rest
38.7167,170976,rest
38.7208,171295,rest
38.7296,171302,rest
38.7312,17,rest
38.7332,1437,rest
38.7348,17141,rest
38.7371,8,rest
38.7372,171167,rest
38.7413,171175,rest
38.7454,170856,rest
38.7495,171107,rest
38.7535,171124,rest
38.7631,171041,rest
38.7660,170971,rest
38.7699,171696,rest
38.7740,71039,rest
38.7783,171159,rest
38.7823,171346,rest
38.7864,171212,rest
38.7905,912,rest
38.7955,171241,rest
38.7986,171229,rest
38.8027,171438,rest
38.8080,71275,rest
38.8115,171407,rest
38.8151,171088,rest
38.8191,171715,rest
38.8234,1706,rest
38.8277,171425,rest
38.8314,171325,rest
38.8355,171296,rest
38.8397,171601,rest
38.8447,171178,rest
38.8478,171302,rest
38.8519,171238,rest
38.8560,170997,rest
38.8573,17,rest
38.8601,0961,rest
38.8612,17146,rest
38.8641,6,rest
38.8642,170788,rest
38.8682,171211,rest
38.8725,171229,rest
38.8765,170899,rest
38.8805,171268,rest
38.8846,171098,rest
38.8889,171268,rest
38.8933,170896,rest
38.8969,171250,rest
38.9010,171883,rest
38.9052,170841,rest
38.9101,171334,rest
38.9133,170878,rest
38.9174,171231,rest
38.9218,171692,rest
38.9268,171043,rest
38.9297,171072,rest
38.9338,171282,rest
38.9385,171482,rest
38.9423,171127,rest
38.9460,171757,rest
38.9501,171073,rest
38.9547,171624,rest
38.9591,171333,rest
38.9624,171409,rest
38.9665,171078,rest
38.9706,171446,rest
38.9747,71615,rest
38.9793,171643,rest
38.9829,171259,rest
38.9843,17,rest
38.9870,1170,rest
38.9880,1710,rest
38.9912,8,rest
38.9925,170659,rest
38.9962,171370,rest
38.9999,171049,rest
39.0036,171276,rest
39.0079,171608,rest
39.0117,170899,rest
39.0157,171025,rest
39.0198,171597,rest
39.0286,170807,rest
39.0322,171080,rest
39.0363,171512,rest
39.0404,18,rest
39.0451,171817,rest
39.0499,171304,rest
39.0526,171194,rest
39.0568,9,rest
39.0614,171131,rest
39.0661,171176,rest
39.0692,171221,rest
39.0730,171362,rest
39.0775,171147,rest
39.0812,171287,rest
39.0853,171192,rest
39.0895,170830,rest
39.0941,171165,rest
39.0977,171338,rest
39.1018,171129,rest
39.1058,171171,rest
39.1101,171256,rest
39.1114,17,rest
39.1141,1316,rest
39.1155,1709,rest
39.1181,36,rest
39.1193,171060,rest
39.1223,171276,rest
39.1266,171236,rest
39.1304,170860,rest
39.1344,171369,rest
39.1389,171125,rest
39.1437,171324,rest
39.1467,171323,rest
39.1508,171311,rest
39.1555,171347,rest
39.1595,171236,rest
39.1631,171535,rest
39.1672,171294,rest
39.1716,170689,rest
39.1754,171335,rest
39.1796,171162,rest
39.1836,171721,rest
39.1881,171204,rest
39.1927,171386,rest
39.1959,171205,rest
39.2000,171766,rest
39.2044,171219,rest
39.2099,7,rest
39.2128,171471,rest
39.2179,171401,rest
39.2205,171089,rest
39.2247,70,rest
39.2288,7190,rest
39.2331,171267,rest
39.2397,171199,rest
39.2411,171570,rest
39.2427,1709,rest
39.2453,09,rest
39.2463,170741,rest
39.2492,171446,rest
39.2532,170731,rest
39.2583,746,rest
39.2622,171218,rest
39.2656,171514,rest
39.2696,171064,rest
39.2737,71094,rest
39.2798,171287,rest
39.2827,171199,rest
39.2861,171547,rest
39.2920,17115,rest
39.2943,171103,rest
39.2983,171583,rest
39.3030,171597,rest
39.3066,171142,rest
39.3113,171007,rest
39.3147,171071,rest
39.3188,171037,rest
39.3229,171418,rest
39.3278,171468,rest
39.3311,171045,rest
39.3351,171444,rest
39.3393,171322,rest
39.3433,171202,rest
39.3474,171434,rest
39.3515,171598,rest
39.3558,171477,rest
39.3602,170909,rest
39.3638,171410,rest
39.3652,1,rest
39.3680,70950,rest
39.3690,1712,rest
39.3724,40,rest
39.3741,170982,rest
39.3765,171307,rest
39.3802,171201,rest
39.3843,170970,rest
39.3888,171279,rest
39.3925,171713,rest
39.3966,170921,rest
39.4007,171888,rest
39.4050,171472,rest
39.4099,170957,rest
39.4130,170997,rest
39.4171,171390,rest
39.4213,171491,rest
39.4267,171345,rest
39.4293,170307,rest
39.4334,171424,rest
39.4378,171531,rest
39.4429,171019,rest
39.4457,171184,rest
39.4498,171087,rest
39.4539,171225,rest
39.4595,71,rest
39.4622,171560,rest
39.4664,171951,rest
39.4705,171422,rest
39.4786,171661,rest
39.4827,171640,rest
39.4867,171006,rest
39.4909,71169,rest
39.4966,171246,rest
39.4982,170,rest
39.4995,955,rest
39.5007,171550,rest
39.5031,171572,rest
39.5073,741,rest
39.5114,171027,rest
39.5157,171206,rest
39.5204,171218,rest
39.5236,171687,rest
39.5278,171675,rest
39.5320,171377,rest
39.5360,170970,rest
39.5400,7387,rest
39.5441,171205,rest
39.5488,171162,rest
39.5522,171152,rest
39.5564,171150,rest
39.5605,171518,rest
39.5645,171270,rest
39.5686,171192,rest
39.5728,171568,rest
39.5773,171176,rest
39.5809,171683,rest
39.5850,172052,rest
39.5891,170823,rest
39.5936,171223,rest
39.5973,171490,rest
39.6014,171017,rest
39.6058,171181,rest
39.6101,171397,rest
39.6137,170733,rest
39.6178,171548,rest
39.6222,170580,rest
39.6234,171,rest
39.6261,317,rest
39.6272,171662,rest
39.6302,171371,rest
39.6342,171305,rest
39.6386,171313,rest
39.6424,171399,rest
39.6465,171187,rest
39.6505,170827,rest
39.6549,171084,rest
39.6599,170964,rest
39.6628,171347,rest
39.6669,171458,rest
39.6713,171306,rest
39.6766,170826,rest
39.6792,171190,rest
39.6833,171401,rest
39.6874,171332,rest
39.6916,171469,rest
39.6956,171207,rest
39.6997,170883,rest
39.7038,171473,rest
39.7128,171092,rest
39.7162,171014,rest
39.7203,171135,rest
39.7244,715,rest
39.7287,171693,rest
39.7334,171111,rest
39.7372,171399,rest
39.7422,780,rest
39.7461,171209,rest
39.7492,171142,rest
39.7501,171,rest
39.7530,481,rest
39.7548,170913,rest
39.7571,171339,rest
39.7618,171376,rest
39.7652,171296,rest
39.7693,170749,rest
39.7738,956,rest
39.7784,171044,rest
39.7824,171651,rest
39.7862,171648,rest
39.7915,1,rest
39.7939,170904,rest
39.7986,170847,rest
39.8028,171693,rest
39.8062,171234,rest
39.8111,171407,rest
39.8145,171027,rest
39.8186,170902,rest
39.8226,171351,rest
39.8277,171123,rest
39.8307,171572,rest
39.8349,171104,rest
39.8392,171053,rest
39.8442,171513,rest
39.8471,171017,rest
39.8512,171397,rest
39.8556,171612,rest
39.8597,171477,rest
39.8635,171154,rest
39.8676,171683,rest
39.8723,171605,rest
39.8767,171183,rest
39.8784,171,rest
39.8799,361,rest
39.8801,17125,rest
39.8840,9,rest
39.8840,171259,rest
39.8884,171720,rest
39.8935,171254,rest
39.8963,171331,rest
39.9004,171106,rest
39.9048,171198,rest
39.9087,171318,rest
39.9127,171576,rest
39.9167,171108,rest
39.9217,171623,rest
39.9250,71374,rest
39.9298,171573,rest
39.9340,170932,rest
39.9373,171056,rest
39.9416,171461,rest
39.9455,171181,rest
39.9495,171383,rest
39.9536,170820,rest
39.9583,171135,rest
39.9618,171255,rest
39.9660,171344,rest
39.9700,170857,rest
39.9761,71,rest
39.9782,170956,rest
39.9827,171450,rest
39.9864,171430,rest
39.9906,4,rest
39.9949,171545,rest
39.9994,171681,rest
40.0028,171426,rest
40.0041,17,rest
40.0069,638,rest
40.0085,710,rest
40.0122,170973,rest
40.0158,171493,rest
40.0192,171316,rest
40.0236,175,rest
40.0283,171423,rest
40.0315,171056,rest
40.0356,170829,rest
40.0398,171377,rest
40.0443,170829,rest
40.0478,171125,rest
40.0519,171143,rest
40.0560,171592,rest
40.0611,171563,rest
40.0642,170839,rest
40.0683,171377,rest
40.0725,170973,rest
40.0768,171574,rest
40.0806,170940,rest
40.0847,171514,rest
40.0890,171387,rest
40.0935,171251,rest
40.0971,171474,rest
40.1012,171254,rest
40.1054,170704,rest
40.1104,171107,rest
40.1134,171208,rest
40.1175,171265,rest
40.1222,171747,rest
40.1265,171270,rest
40.1298,170977,rest
40.1315,17,rest
40.1339,1250,rest
40.1352,1713,rest
40.1382,54,rest
40.1401,171133,rest
40.1421,171438,rest
40.1462,171091,rest
40.1502,171223,rest
40.1544,171455,rest
40.1589,171479,rest
40.1625,171588,rest
40.1666,171241,rest
40.1707,171225,rest
40.1748,71276,rest
40.1803,171316,rest
40.1831,171169,rest
40.1873,171214,rest
40.1930,7,rest
40.1960,171261,rest
40.2003,171277,rest
40.2040,171152,rest
40.2094,70,rest
40.2133,170892,rest
40.2163,171396,rest
40.2199,171422,rest
40.2241,70,rest
40.2286,171402,rest
40.2331,171557,rest
40.2364,171399,rest
40.2423,7,rest
40.2454,170873,rest
40.2488,170851,rest
40.2528,170998,rest
40.2585,71,rest
40.2618,71478,rest
40.2628,1713,rest
40.2656,83,rest
40.2666,171519,rest
40.2691,170932,rest
40.2733,1706,rest
40.2776,171286,rest
40.2823,171321,rest
40.2855,171146,rest
40.2895,171633,rest
40.2938,171604,rest
40.2979,171286,rest
40.3018,171763,rest
40.3059,171258,rest
40.3112,171473,rest
40.3140,171537,rest
40.3181,171492,rest
40.3223,171040,rest
40.3267,170958,rest
40.3304,170915,rest
40.3345,171172,rest
40.3389,170799,rest
40.3433,171770,rest
40.3469,171189,rest
40.3509,171870,rest
40.3553,171203,rest
40.3593,171318,rest
40.3633,171446,rest
40.3674,171554,rest
40.3716,171015,rest
40.3769,171381,rest
40.3796,170967,rest
40.3837,171268,rest
40.3846,1,rest
40.3881,71531,rest
40.3892,1712,rest
40.3930,58,rest
40.3946,171257,rest
40.3960,171432,rest
40.4001,171489,rest
40.4042,171288,rest
40.4100,71137,rest
40.4126,171220,rest
40.4166,170887,rest
40.4206,171625,rest
40.4247,71696,rest
40.4316,171650,rest
40.4330,171367,rest
40.4369,171069,rest
40.4412,71554,rest
40.4452,171923,rest
40.4492,170630,rest
40.4533,171493,rest
40.4585,18,rest
40.4615,171830,rest
40.4658,171372,rest
40.4697,170976,rest
40.4738,70827,rest
40.4780,171224,rest
40.4828,171749,rest
40.4870,171291,rest
40.4903,93,rest
40.4955,171030,rest
40.4991,171439,rest
40.5025,171446,rest
40.5085,174,rest
40.5113,171334,rest
40.5135,1,rest
40.5148,71381,rest
40.5161,171,rest
40.5189,291,rest
40.5200,171591,rest
40.5231,171466,rest
40.5271,171393,rest
40.5313,171325,rest
40.5353,171231,rest
40.5394,171089,rest
40.5441,171245,rest
40.5478,171387,rest
40.5516,170377,rest
40.5557,171243,rest
40.5603,171503,rest
40.5639,171174,rest
40.5681,171364,rest
40.5727,171213,rest
40.5763,171336,rest
40.5803,171551,rest
40.5844,171606,rest
40.5892,171363,rest
40.5934,171401,rest
40.5968,171596,rest
40.6008,171366,rest
40.6051,171317,rest
40.6098,171183,rest
40.6131,171346,rest
40.6172,171165,rest
40.6215,171711,rest
40.6254,7137,rest
40.6294,171471,rest
40.6337,171395,rest
40.6381,171481,rest
40.6420,170968,rest
40.6437,171,rest
40.6458,433,rest
40.6473,171185,rest
40.6500,171280,rest
40.6544,171536,rest
40.6583,171207,rest
40.6622,171295,rest
40.6663,171224,rest
40.6704,170558,rest
40.6762,171603,rest
40.6786,170957,rest
40.6827,171367,rest
40.6868,171208,rest
40.6910,708,rest
40.6975,171420,rest
40.6991,170838,rest
40.7032,171746,rest
40.7073,70786,rest
40.7118,171130,rest
40.7158,171070,rest
40.7196,170983,rest
40.7260,17133,rest
40.7281,171561,rest
40.7318,171351,rest
40.7360,171298,rest
40.7402,171244,rest
40.7441,171037,rest
40.7482,171167,rest
40.7523,171292,rest
40.7589,171469,rest
40.7606,171216,rest
40.7647,171927,rest
40.7688,171837,rest
40.7701,17,rest
40.7729,0787,rest
40.7740,17105,rest
40.7778,6,rest
40.7781,171392,rest
40.7810,171150,rest
40.7851,171815,rest
40.7892,170927,rest
40.7939,171142,rest
40.7975,171028,rest
40.8016,171025,rest
40.8057,171181,rest
40.8105,171312,rest
40.8139,171299,rest
40.8180,171341,rest
40.8222,171640,rest
40.8264,171368,rest
40.8302,171383,rest
40.8344,171678,rest
40.8386,171632,rest
40.8431,171488,rest
40.8465,171332,rest
40.8506,171460,rest
40.8549,171106,rest
40.8591,171209,rest
40.8629,171264,rest
40.8670,171654,rest
40.8712,171332,rest
40.8761,171083,rest
40.8794,171090,rest
40.8834,171381,rest
40.8876,171754,rest
40.8916,71128,rest
40.8959,171328,rest
40.8974,17,rest
40.9000,1543,rest
40.9009,17109,rest
40.9038,7,rest
40.9056,171472,rest
40.9095,171065,rest
40.9122,171215,rest
40.9161,171088,rest
40.9202,171235,rest
40.9259,170804,rest
40.9286,171180,rest
40.9326,171466,rest
40.9366,171399,rest
40.9407,71430,flicker
40.9455,171484,flicker
40.9498,171497,flicker
40.9531,171528,flicker
40.9572,171415,flicker
40.9616,171276,flicker
40.9653,170980,flicker
40.9694,171345,flicker
40.9736,77,flicker
40.9777,171107,flicker
40.9819,171326,flicker
40.9859,171295,flicker
40.9900,171130,flicker
40.9943,171738,flicker
40.9981,171150,flicker
41.0021,171282,flicker
41.0063,171992,flicker
41.0103,171463,flicker
41.0145,171581,flicker
41.0185,171732,flicker
41.0228,171414,flicker
41.0240,17,flicker
41.0268,0642,flicker
41.0280,1709,flicker
41.0308,95,flicker
41.0324,171606,flicker
41.0350,171196,flicker
41.0393,171053,flicker
41.0432,171638,flicker
41.0472,171325,flicker
41.0513,171366,flicker
41.0556,171330,flicker
41.0595,171420,flicker
41.0636,171341,flicker
41.0677,171840,flicker
41.0719,171437,flicker
41.0765,171667,flicker
41.0800,171526,flicker
41.0841,171468,flicker
41.0885,171356,flicker
41.0931,171478,flicker
41.0964,171437,flicker
41.1004,171327,flicker
41.1053,171565,flicker
41.1096,171328,flicker
41.1128,171453,flicker
41.1168,171976,flicker
41.1212,171393,flicker
41.1267,171559,flicker
41.1291,171143,flicker
41.1332,171164,flicker
41.1374,171262,flicker
41.1434,171263,flicker
41.1455,171054,flicker
41.1496,171694,flicker
41.1508,1,flicker
41.1537,71653,flicker
41.1552,1715,flicker
41.1579,9,flicker
41.1596,729,flicker
41.1619,171874,flicker
41.1661,170733,flicker
41.1701,171366,flicker
41.1758,7,flicker
41.1788,171052,flicker
41.1827,171489,flicker
41.1866,171600,flicker
41.1907,71,flicker
41.1959,171611,flicker
41.1988,171400,flicker
41.2029,171230,flicker
41.2113,171269,flicker
41.2152,171158,flicker
41.2193,171173,flicker
41.2234,7112,flicker
41.2282,171081,flicker
41.2317,171146,flicker
41.2381,171564,flicker
41.2398,171241,flicker
41.2438,170934,flicker
41.2480,171351,flicker
41.2520,170912,flicker
41.2562,171556,flicker
41.2603,171044,flicker
41.2643,171101,flicker
41.2684,171615,flicker
41.2725,171199,flicker
41.2769,171378,flicker
41.2780,1,flicker
41.2807,71625,flicker
41.2822,1709,flicker
41.2849,62,flicker
41.2864,171260,flicker
41.2891,171289,flicker
41.2942,171379,flicker
41.2971,171448,flicker
41.3012,171430,flicker
41.3055,172117,flicker
41.3102,171162,flicker
41.3136,171001,flicker
41.3176,170991,flicker
41.3219,171384,flicker
41.3265,171627,flicker
41.3299,171488,flicker
41.3340,171228,flicker
41.3384,171460,flicker
41.3437,170940,flicker
41.3462,171119,flicker
41.3503,171460,flicker
41.3550,171210,flicker
41.3603,171783,flicker
41.3626,171219,flicker
41.3667,171252,flicker
41.3709,171499,flicker
41.3759,171665,flicker
41.3791,171466,flicker
41.3831,170836,flicker
41.3872,170974,flicker
41.3914,70991,flicker
41.3957,171384,flicker
41.4005,170726,flicker
41.4037,171592,flicker
41.4050,1,flicker
41.4078,134,flicker
41.4088,171,flicker
41.4120,480,flicker
41.4133,171285,flicker
41.4169,171751,flicker
41.4199,171590,flicker
41.4241,7129,flicker
41.4283,171352,flicker
41.4333,171308,flicker
41.4364,171549,flicker
41.4450,171370,flicker
41.4501,171143,flicker
41.4531,171162,flicker
41.4584,71,flicker
41.4615,171299,flicker
41.4653,170698,flicker
41.4691,171232,flicker
41.4733,171591,flicker
41.4782,171297,flicker
41.4814,171553,flicker
41.4855,171359,flicker
41.4897,171478,flicker
41.4939,170865,flicker
41.4978,170838,flicker
41.5019,171281,flicker
41.5060,171487,flicker
41.5104,171268,flicker
41.5141,170915,flicker
41.5182,171596,flicker
41.5224,170988,flicker
41.5265,171076,flicker
41.5305,171275,flicker
41.5346,171227,flicker
41.5359,17,flicker
41.5389,1464,flicker
41.5403,17111,flicker
41.5428,4,flicker
41.5430,171427,flicker
41.5470,171080,flicker
41.5511,171019,flicker
41.5553,171076,flicker
41.5600,171188,flicker
41.5633,171176,flicker
41.5674,171004,flicker
41.5717,171343,flicker
41.5761,171262,flicker
41.5799,171034,flicker
41.5839,171303,flicker
41.5882,171639,flicker
41.5921,171579,flicker
41.5962,171526,flicker
41.6003,171067,flicker
41.6045,171613,flicker
41.6085,171116,flicker
41.6126,171305,flicker
41.6165,171415,flicker
41.6207,171239,flicker
41.6249,171104,flicker
41.6292,171213,flicker
41.6330,171339,flicker
41.6371,171285,flicker
41.6412,7771,flicker
41.6455,171269,flicker
41.6494,170762,flicker
41.6544,171302,flicker
41.6576,171556,flicker
41.6626,171207,flicker
41.6636,171,flicker
41.6657,102,flicker
41.6669,171587,flicker
41.6698,171450,flicker
41.6740,715,flicker
41.6783,171305,flicker
41.6828,171441,flicker
41.6863,171532,flicker
41.6904,7106,flicker
41.6958,171059,flicker
41.7003,171390,flicker
41.7026,171681,flicker
41.7087,17074,flicker
41.7114,171474,flicker
41.7150,170774,flicker
41.7189,170791,flicker
41.7232,171941,flicker
41.7271,171110,flicker
41.7313,171212,flicker
41.7353,171244,flicker
41.7395,171742,flicker
41.7439,171208,flicker
41.7476,171565,flicker
41.7517,170939,flicker
41.7559,170803,flicker
41.7607,171854,flicker
41.7640,171041,flicker
41.7681,171705,flicker
41.7722,171181,flicker
41.7764,171822,flicker
41.7804,171098,flicker
41.7845,171489,flicker
41.7889,172208,flicker
41.7903,17,flicker
41.7933,1362,flicker
41.7941,17139,flicker
41.7968,3,flicker
41.7968,170964,flicker
41.8009,171612,flicker
41.8052,171639,flicker
41.8097,170772,flicker
41.8132,171102,flicker
41.8172,171313,flicker
41.8216,171394,flicker
41.8263,171264,flicker
41.8295,171277,flicker
41.8336,171105,flicker
41.8378,171725,flicker
41.8424,171444,flicker
41.8464,171350,flicker
41.8500,171645,flicker
41.8541,171379,flicker
41.8584,171356,flicker
41.8623,171364,flicker
41.8664,171057,flicker
41.8705,171455,flicker
41.8753,171343,flicker
41.8791,171608,flicker
41.8829,171223,flicker
41.8869,171720,flicker
41.8911,7563,flicker
41.8954,171022,flicker
41.9007,171429,flicker
41.9033,171070,flicker
41.9088,7538,flicker
41.9116,171388,flicker
41.9162,170519,flicker
41.9174,17,flicker
41.9196,0897,flicker
41.9213,17092,flicker
41.9249,1298,flicker
41.9280,170896,flicker
41.9325,171192,flicker
41.9379,171355,flicker
41.9402,170879,flicker
41.9454,171007,flicker
41.9483,170826,flicker
41.9524,170953,flicker
41.9566,171520,flicker
41.9610,171503,flicker
41.9647,171390,flicker
41.9688,171095,flicker
41.9730,170870,flicker
41.9777,171298,flicker
41.9811,171682,flicker
41.9851,171138,flicker
41.9893,171283,flicker
41.9939,171403,flicker
41.9974,171277,flicker
42.0016,171213,flicker
42.0057,170977,flicker
42.0101,171411,flicker
42.0139,171206,flicker
42.0179,171608,flicker
42.0223,171202,flicker
42.0269,171746,flicker
42.0302,171444,flicker
42.0343,171809,flicker
42.0386,171220,flicker
42.0436,171425,flicker
42.0448,17,flicker
42.0467,1500,flicker
42.0478,17128,flicker
42.0508,1,flicker
42.0522,171100,flicker
42.0551,171550,flicker
42.0590,171098,flicker
42.0630,171274,flicker
42.0671,171071,flicker
42.0714,171008,flicker
42.0754,170768,flicker
42.0796,171278,flicker
42.0836,171191,flicker
42.0879,171121,flicker
42.0924,171218,flicker
42.0959,170745,flicker
42.0999,172155,flicker
42.1040,171011,flicker
42.1081,70932,flicker
42.1124,170974,flicker
42.1171,171236,flicker
42.1203,171273,flicker
42.1289,171171,flicker
42.1334,171413,flicker
42.1368,171602,flicker
42.1409,7130,flicker
42.1457,171356,flicker
42.1498,171366,flicker
42.1531,171274,flicker
42.1572,71108,flicker
42.1614,170787,flicker
42.1670,171517,flicker
42.1695,170609,flicker
42.1710,1,flicker
42.1756,13170,flicker
42.1783,6,flicker
42.1794,171052,flicker
42.1844,171131,flicker
42.1859,171070,flicker
42.1902,1705,flicker
42.1949,171238,flicker
42.1989,171473,flicker
42.2031,171129,flicker
42.2065,171359,flicker
42.2114,170999,flicker
42.2145,171552,flicker
42.2186,171281,flicker
42.2228,171567,flicker
42.2279,171194,flicker
42.2310,171398,flicker
42.2350,171317,flicker
42.2391,171227,flicker
42.2441,171088,flicker
42.2474,170969,flicker
42.2514,170803,flicker
42.2557,170733,flicker
42.2600,171270,flicker
42.2637,171071,flicker
42.2678,171082,flicker
42.2721,171239,flicker
42.2763,171285,flicker
42.2801,170915,flicker
42.2842,171800,flicker
42.2885,170839,flicker
42.2929,170993,flicker
42.2966,171140,flicker
42.2977,1,flicker
42.3006,71226,flicker
42.3022,1714,flicker
42.3049,88,flicker
42.3061,170823,flicker
42.3092,171192,flicker
42.3130,171436,flicker
42.3170,171089,flicker
42.3213,171401,flicker
42.3266,171536,flicker
42.3292,171519,flicker
42.3333,170522,flicker
42.3375,171106,flicker
42.3419,76,flicker
42.3488,171792,flicker
42.3504,171228,flicker
42.3538,171290,flicker
42.3579,171456,flicker
42.3623,171556,flicker
42.3661,170877,flicker
42.3702,170878,flicker
42.3744,7124,flicker
42.3786,171279,flicker
42.3826,171348,flicker
42.3882,171116,flicker
42.3909,170804,flicker
42.3951,170881,flicker
42.3988,171600,flicker
42.4029,171239,flicker
42.4125,170474,flicker
42.4153,171355,flicker
42.4194,171488,flicker
42.4235,71062,flicker
42.4252,1,flicker
42.4286,0882,flicker
42.4303,1709,flicker
42.4317,40,flicker
42.4332,170555,flicker
42.4357,171713,flicker
42.4442,171335,flicker
42.4481,170947,flicker
42.4522,171249,flicker
42.4562,171351,flicker
42.4603,171357,flicker
42.4644,170992,flicker
42.4685,171140,flicker
42.4728,171408,flicker
42.4768,171617,flicker
42.4809,171370,flicker
42.4848,171018,flicker
42.4890,171312,flicker
42.4935,171188,flicker
42.4973,171274,flicker
42.5013,171181,flicker
42.5054,171006,flicker
42.5098,171290,flicker
42.5135,171544,flicker
42.5176,171328,flicker
42.5219,171583,flicker
42.5267,172071,flicker
42.5299,171300,flicker
42.5340,171789,flicker
42.5383,171710,flicker
42.5423,171564,flicker
42.5463,172023,flicker
42.5504,171731,flicker
42.5516,1,flicker
42.5549,71708,flicker
42.5561,1709,flicker
42.5593,27,flicker
42.5606,171356,flicker
42.5627,171799,flicker
42.5668,171475,flicker
42.5717,171579,flicker
42.5772,70,flicker
42.5792,171080,flicker
42.5832,171193,flicker
42.5873,171263,flicker
42.5915,7130,flicker
42.5962,171284,flicker
42.6003,171274,flicker
42.6037,171192,flicker
42.6081,171632,flicker
42.6118,171713,flicker
42.6159,170952,flicker
42.6200,171545,flicker
42.6253,743,flicker
42.6298,171269,flicker
42.6323,171315,flicker
42.6364,171163,flicker
42.6406,7,flicker
42.6456,171537,flicker
42.6488,171110,flicker
42.6528,171244,flicker
42.6620,171149,flicker
42.6651,171606,flicker
42.6692,171430,flicker
42.6752,170,flicker
42.6775,171321,flicker
42.6816,171759,flicker
42.6831,171,flicker
42.6856,273,flicker
42.6867,171503,flicker
42.6898,171283,flicker
42.6938,171773,flicker
42.6979,170919,flicker
42.7020,171460,flicker
42.7061,171263,flicker
42.7103,171519,flicker
42.7144,172042,flicker
42.7184,170869,flicker
42.7226,171342,flicker
42.7272,171094,flicker
42.7306,171021,flicker
42.7347,171358,flicker
42.7389,171244,flicker
42.7430,171099,flicker
42.7470,171232,flicker
42.7511,170900,flicker
42.7555,171229,flicker
42.7596,171463,flicker
42.7635,171042,flicker
42.7675,170978,flicker
42.7719,171515,flicker
42.7758,171027,flicker
42.7805,171376,flicker
42.7839,171354,flicker
42.7885,171246,flicker
42.7933,171533,flicker
42.7962,171765,flicker
42.8002,171575,flicker
42.8048,171295,flicker
42.8086,171061,flicker
42.8102,171,flicker
42.8126,406,flicker
42.8141,17129,flicker
42.8167,6,flicker
42.8168,171216,flicker
42.8209,171064,flicker
42.8263,171044,flicker
42.8291,171655,flicker
42.8331,170910,flicker
42.8371,171357,flicker
42.8413,70860,flicker
42.8463,171155,flicker
42.8495,171900,flicker
42.8536,171238,flicker
42.8580,171478,flicker
42.8617,171323,flicker
42.8658,171369,flicker
42.8699,171300,flicker
42.8741,706,flicker
42.8787,171514,flicker
42.8826,171377,flicker
42.8863,171136,flicker
42.8905,7148,flicker
42.8955,171485,flicker
42.8986,171207,flicker
42.9035,171107,flicker
42.9085,112,flicker
42.9109,171317,flicker
42.9156,171465,flicker
42.9190,171361,flicker
42.9232,171528,flicker
42.9273,172150,flicker
42.9316,171431,flicker
42.9355,171238,flicker
42.9368,171,flicker
42.9396,283,flicker
42.9413,171750,flicker
42.9440,171150,flicker
42.9480,171486,flicker
42.9518,171106,flicker
42.9560,171062,flicker
42.9607,171488,flicker
42.9642,171112,flicker
42.9683,170976,flicker
42.9724,171232,flicker
42.9769,171291,flicker
42.9805,171501,flicker
42.9847,171321,flicker
42.9889,171072,flicker
42.9938,171334,flicker
42.9970,171169,flicker
43.0010,171379,flicker
43.0054,170930,flicker
43.0097,171137,flicker
43.0132,171812,flicker
43.0173,171211,flicker
43.0216,171095,flicker
43.0260,171740,flicker
43.0297,171575,flicker
43.0337,171337,flicker
43.0381,171444,flicker
43.0431,171099,flicker
43.0461,171672,flicker
43.0501,171067,flicker
43.0542,171269,flicker
43.0591,171247,flicker
43.0625,171306,flicker
43.0633,17,flicker
43.0665,1224,flicker
43.0680,17125,flicker
43.0706,9,flicker
43.0707,171167,flicker
43.0747,171159,flicker
43.0789,171546,flicker
43.0829,170819,flicker
43.0871,171133,flicker
43.0930,7,flicker
43.0951,171080,flicker
43.0999,171296,flicker
43.1033,171173,flicker
43.1075,71395,flicker
43.1120,170996,flicker
43.1162,170970,flicker
43.1225,171577,flicker
43.1244,170874,flicker
43.1292,171022,flicker
43.1320,170996,flicker
43.1361,171351,flicker
43.1419,7,flicker
43.1446,170867,flicker
43.1487,171363,flicker
43.1525,171239,flicker
43.1567,171573,flicker
43.1608,171172,flicker
43.1648,171610,flicker
43.1689,170846,flicker
43.1731,171469,flicker
43.1771,170583,flicker
43.1812,171210,flicker
43.1852,170779,flicker
43.1894,171040,flicker
43.1916,17,flicker
43.1936,0795,flicker
43.1950,1710,flicker
43.1976,82,flicker
43.1977,170965,flicker
43.2017,170977,flicker
43.2058,171158,flicker
43.2099,171010,flicker
43.2139,171126,flicker
43.2180,171049,flicker
43.2224,170939,flicker
43.2264,170757,flicker
43.2304,171158,flicker
43.2345,170818,flicker
43.2388,171465,flicker
43.2433,170922,flicker
43.2468,171545,flicker
43.2510,171202,flicker
43.2551,170666,flicker
43.2598,171424,flicker
43.2631,170946,flicker
43.2672,171467,flicker
43.2715,171243,flicker
43.2756,170968,flicker
43.2796,170540,flicker
43.2837,171097,flicker
43.2883,171766,flicker
43.2925,170786,flicker
43.2959,170482,flicker
43.3000,171374,flicker
43.3041,171279,flicker
43.3088,171418,flicker
43.3122,171458,flicker
43.3164,170728,flicker
43.3178,17,flicker
43.3204,0851,flicker
43.3216,1709,flicker
43.3254,51,flicker
43.3270,171029,flicker
43.3288,170914,flicker
43.3328,170949,flicker
43.3368,171110,flicker
43.3409,170828,flicker
43.3451,171366,flicker
43.3491,171257,flicker
43.3532,170904,flicker
43.3573,71386,flicker
43.3628,170854,flicker
43.3655,171300,flicker
43.3696,170929,flicker
43.3737,71026,flicker
43.3789,170840,flicker
43.3823,170807,flicker
43.3860,171129,flicker
43.3919,17080,flicker
43.3952,170884,flicker
43.3983,171171,flicker
43.4024,171344,flicker
43.4066,10606,flicker
43.4109,170626,flicker
43.4147,171044,flicker
43.4188,171150,flicker
43.4229,170842,flicker
43.4280,171414,flicker
43.4310,170935,flicker
43.4351,170899,flicker
43.4392,170636,flicker
43.4437,171136,flicker
43.4457,1,flicker
43.4474,71201,flicker
43.4486,1710,flicker
43.4515,72,flicker
43.4532,170478,flicker
43.4556,170750,flicker
43.4598,171017,flicker
43.4638,171155,flicker
43.4680,171254,flicker
43.4722,171360,flicker
43.4764,171491,flicker
43.4807,170858,flicker
43.4843,170997,flicker
43.4887,170768,flicker
43.4929,171097,flicker
43.4966,171075,flicker
43.5006,170921,flicker
43.5049,171183,flicker
43.5101,171179,flicker
43.5129,171257,flicker
43.5170,170970,flicker
43.5213,171438,flicker
43.5253,171056,flicker
43.5295,171012,flicker
43.5335,170962,flicker
43.5382,170615,flicker
43.5425,170959,flicker
43.5458,170659,flicker
43.5498,171162,flicker
43.5539,170977,flicker
43.5580,71622,flicker
43.5623,170739,flicker
43.5663,171317,flicker
43.5703,170835,flicker
43.5715,1,flicker
43.5745,1262,flicker
43.5761,171,flicker
43.5786,34,flicker
43.5813,171177,flicker
43.5827,170752,flicker
43.5866,170982,flicker
43.5909,7,flicker
43.5955,170964,flicker
43.5990,170713,flicker
43.6030,171025,flicker
43.6071,71059,flicker
43.6126,170892,flicker
43.6157,171027,flicker
43.6195,170853,flicker
43.6237,170943,flicker
43.6278,171748,flicker
43.6318,171299,flicker
43.6359,171266,flicker
43.6445,170776,flicker
43.6482,171343,flicker
43.6522,171060,flicker
43.6564,171455,flicker
43.6606,170822,flicker
43.6646,171186,flicker
43.6686,171048,flicker
43.6727,170579,flicker
43.6769,170476,flicker
43.6809,171429,flicker
43.6850,170498,flicker
43.6891,170988,flicker
43.6933,170978,flicker
43.6972,171057,flicker
43.7014,170902,flicker
43.7026,171,flicker
43.7056,204,flicker
43.7070,170893,flicker
43.7096,170622,flicker
43.7136,171312,flicker
43.7177,170755,flicker
43.7221,170986,flicker
43.7268,170920,flicker
43.7300,170703,flicker
43.7341,170850,flicker
43.7383,171045,flicker
43.7426,171348,flicker
43.7464,170880,flicker
43.7504,170607,flicker
43.7547,170839,flicker
43.7587,70958,flicker
43.7630,171295,flicker
43.7672,170837,flicker
43.7714,170951,flicker
43.7765,171597,flicker
43.7792,171457,flicker
43.7832,171328,flicker
43.7874,170897,flicker
43.7931,170703,flicker
43.7957,170471,flicker
43.7996,171262,flicker
43.8037,170929,flicker
43.8080,78,flicker
43.8123,171045,flicker
43.8160,171229,flicker
43.8201,170916,flicker
43.8243,71094,flicker
43.8287,170752,flicker
43.8304,170,flicker
43.8339,644,flicker
43.8351,17082,flicker
43.8365,7,flicker
43.8366,170739,flicker
43.8422,707,flicker
43.8458,171845,flicker
43.8490,170947,flicker
43.8530,170373,flicker
43.8585,79,flicker
43.8611,170794,flicker
43.8654,170936,flicker
43.8693,171307,flicker
43.8781,170766,flicker
43.8818,170637,flicker
43.8857,170961,flicker
43.8899,170814,flicker
43.8940,171065,flicker
43.8979,171357,flicker
43.9020,170981,flicker
43.9062,170805,flicker
43.9106,171037,flicker
43.9143,170995,flicker
43.9184,170292,flicker
43.9225,170803,flicker
43.9274,170966,flicker
43.9308,170431,flicker
43.9348,170725,flicker
43.9390,171207,flicker
43.9438,171047,flicker
43.9472,171143,flicker
43.9512,171369,flicker
43.9554,170692,flicker
43.9566,17,flicker
43.9594,0900,flicker
43.9605,17066,flicker
43.9635,6,flicker
43.9635,171309,flicker
43.9676,170963,flicker
43.9719,170904,flicker
43.9767,170781,flicker
43.9799,171475,flicker
43.9840,170653,flicker
43.9883,170717,flicker
43.9926,170872,flicker
43.9963,171108,flicker
44.0004,170987,flicker
44.0048,171676,flicker
44.0093,170876,flicker
44.0126,171068,flicker
44.0167,170323,flicker
44.0213,170646,flicker
44.0251,170939,flicker
44.0291,170899,flicker
44.0331,171505,flicker
44.0375,170984,flicker
44.0430,170719,flicker
44.0454,171330,flicker
44.0495,171288,flicker
44.0536,171366,flicker
44.0577,71345,flicker
44.0643,171231,flicker
44.0659,170667,flicker
44.0700,170742,flicker
44.0796,171128,flicker
44.0823,170737,flicker
44.0835,17,flicker
44.0864,0876,flicker
44.0885,1711,flicker
44.0923,409,flicker
44.0950,170971,flicker
44.0988,171003,flicker
44.1027,171254,flicker
44.1069,170562,flicker
44.1111,170493,flicker
44.1151,170827,flicker
44.1192,170696,flicker
44.1251,1086,flicker
44.1273,171026,flicker
44.1315,170822,flicker
44.1356,170570,flicker
44.1397,170814,flicker
44.1438,170865,flicker
44.1478,170824,flicker
44.1520,170758,flicker
44.1560,171450,flicker
44.1604,170282,flicker
44.1642,170671,flicker
44.1682,171254,flicker
44.1724,170990,flicker
44.1766,171122,flicker
44.1805,170774,flicker
44.1846,171221,flicker
44.1889,170673,flicker
44.1934,170952,flicker
44.1970,170903,flicker
44.2011,171152,flicker
44.2052,170470,flicker
44.2096,170950,flicker
44.2109,1,flicker
44.2134,70867,flicker
44.2147,1704,flicker
44.2174,22,flicker
44.2185,170923,flicker
44.2217,171036,flicker
44.2269,170759,flicker
44.2298,171075,flicker
44.2338,170626,flicker
44.2380,171123,flicker
44.2420,170996,flicker
44.2461,170807,flicker
44.2502,170746,flicker
44.2545,171326,flicker
44.2587,170660,flicker
44.2625,170426,flicker
44.2666,171067,flicker
44.2707,170876,flicker
44.2769,7,flicker
44.2794,170820,flicker
44.2831,170918,flicker
44.2871,171102,flicker
44.2925,170841,flicker
44.2953,171248,flicker
44.2994,170760,flicker
44.3034,170837,flicker
44.3090,7,flicker
44.3142,170717,flicker
44.3159,170610,flicker
44.3199,170891,flicker
44.3239,70980,flicker
44.3292,171129,flicker
44.3323,171057,flicker
44.3363,170722,flicker
44.3404,70,flicker
44.3422,10,flicker
44.3451,668,flicker
44.3464,170893,flicker
44.3485,171064,flicker
44.3526,170674,flicker
44.3578,7100,flicker
44.3616,171113,flicker
44.3649,170746,flicker
44.3690,170578,flicker
44.3732,171340,flicker
44.3780,170817,flicker
44.3813,171009,flicker
44.3854,171046,flicker
44.3895,171139,flicker
44.3937,171193,flicker
44.3977,170631,flicker
44.4017,170969,flicker
44.4059,170931,flicker
44.4103,170457,flicker
44.4140,170999,flicker
44.4181,170875,flicker
44.4223,170846,flicker
44.4268,170572,flicker
44.4305,171079,flicker
44.4345,171211,flicker
44.4389,170915,flicker
44.4433,171101,flicker
44.4468,170950,flicker
44.4509,170749,flicker
44.4552,170845,flicker
44.4595,170647,flicker
44.4632,170488,flicker
44.4673,170848,flicker
44.4684,170,flicker
44.4715,773,flicker
44.4730,171042,flicker
44.4763,171159,flicker
44.4795,170858,flicker
44.4836,170987,flicker
44.4881,170572,flicker
44.4926,170681,flicker
44.4960,170477,flicker
44.5000,171138,flicker
44.5043,171396,flicker
44.5097,171091,flicker
44.5123,170840,flicker
44.5164,170590,flicker
44.5205,170861,flicker
44.5247,170839,flicker
44.5287,170850,flicker
44.5328,170642,flicker
44.5369,171640,flicker
44.5427,170839,flicker
44.5451,170951,flicker
44.5492,171163,flicker
44.5533,170863,flicker
44.5575,171085,flicker
44.5616,171385,flicker
44.5657,170814,flicker
44.5697,170933,flicker
44.5749,78,flicker
44.5779,170873,flicker
44.5820,170771,flicker
44.5861,170717,flicker
44.5917,7108,flicker
44.5952,170789,flicker
44.5967,17,flicker
44.5984,0746,flicker
44.5999,17126,flicker
44.6024,4,flicker
44.6025,170679,flicker
44.6067,170596,flicker
44.6106,171069,flicker
44.6147,171006,flicker
44.6188,170716,flicker
44.6229,170902,flicker
44.6278,171243,flicker
44.6311,171127,flicker
44.6352,171124,flicker
44.6394,171048,flicker
44.6438,170283,flicker
44.6475,171090,flicker
44.6516,170701,flicker
44.6560,170741,flicker
44.6598,171081,flicker
44.6639,171297,flicker
44.6680,170696,flicker
44.6723,170717,flicker
44.6772,170827,flicker
44.6802,171019,flicker
44.6844,171197,flicker
44.6887,171305,flicker
44.6932,170858,flicker
44.6968,170841,flicker
44.7009,170943,flicker
44.7056,171325,flicker
44.7103,171008,flicker
44.7130,170839,flicker
44.7171,171084,flicker
44.7215,171238,flicker
44.7225,17,flicker
44.7267,0891,flicker
44.7277,17097,flicker
44.7295,6,flicker
44.7296,171067,flicker
44.7336,171157,flicker
44.7377,170457,flicker
44.7430,171101,flicker
44.7458,171059,flicker
44.7499,170647,flicker
44.7544,170865,flicker
44.7582,70468,flicker
44.7657,170870,flicker
44.7664,170502,flicker
44.7704,170418,flicker
44.7754,170741,flicker
44.7785,171359,flicker
44.7826,170892,flicker
44.7867,170828,flicker
44.7910,76,flicker
44.7965,170776,flicker
44.7990,171155,flicker
44.8031,170892,flicker
44.8073,71440,flicker
44.8130,170841,flicker
44.8157,170886,flicker
44.8196,170787,flicker
44.8251,70,flicker
44.8290,170610,flicker
44.8318,171046,flicker
44.8359,171311,flicker
44.8414,708,flicker
44.8450,170285,flicker
44.8483,170998,flicker
44.8496,17,flicker
44.8523,0646,flicker
44.8532,17079,flicker
44.8564,3,flicker
44.8579,170694,flicker
44.8605,170587,flicker
44.8646,171378,flicker
44.8687,170067,flicker
44.8728,171145,flicker
44.8772,170730,flicker
44.8810,171275,flicker
44.8850,170640,flicker
44.8892,171063,flicker
44.8942,170933,flicker
44.8974,171226,flicker
44.9014,171125,flicker
44.9056,171374,flicker
44.9098,170781,flicker
44.9138,170697,flicker
44.9179,170300,flicker
44.9221,170769,flicker
44.9267,170911,flicker
44.9301,171048,flicker
44.9342,170900,flicker
44.9384,170974,flicker
44.9434,171267,flicker
44.9465,170156,flicker
44.9506,171425,flicker
44.9548,171657,flicker
44.9591,171466,flicker
44.9629,171093,flicker
44.9670,170809,flicker
44.9713,170691,flicker
44.9769,171158,flicker
44.9782,1,flicker
44.9793,70978,flicker
44.9803,1705,flicker
44.9834,74,flicker
44.9850,171220,flicker
44.9877,171056,flicker
44.9917,170527,flicker
44.9962,170928,flicker
44.9997,171077,flicker
45.0038,170819,flicker
45.0081,170843,flicker
45.0120,171304,flicker
45.0161,171071,flicker
45.0202,170897,flicker
45.0258,171006,flicker
45.0285,170663,flicker
45.0325,170900,flicker
45.0366,170988,flicker
45.0423,7062,flicker
45.0458,170614,flicker
45.0489,170727,flicker
45.0530,171002,flicker
45.0572,704,flicker
45.0623,170869,flicker
45.0653,171133,flicker
45.0694,170817,flicker
45.0736,7,flicker
45.0777,170864,flicker
45.0818,170756,flicker
45.0858,170382,flicker
45.0913,11,flicker
45.0951,170768,flicker
45.0980,170921,flicker
45.1021,170616,flicker
45.1031,1,flicker
45.1063,71036,flicker
45.1080,1704,flicker
45.1108,78,flicker
45.1123,171217,flicker
45.1145,171356,flicker
45.1185,171086,flicker
45.1227,170917,flicker
45.1267,171149,flicker
45.1308,170857,flicker
45.1349,170549,flicker
45.1390,170493,flicker
45.1437,171161,flicker
45.1472,170622,flicker
45.1513,170785,flicker
45.1555,170678,flicker
45.1601,171362,flicker
45.1637,171131,flicker
45.1678,170842,flicker
45.1720,170994,flicker
45.1759,170749,flicker
45.1799,170822,flicker
45.1841,171161,flicker
45.1883,170651,flicker
45.1931,170426,flicker
45.1964,170567,flicker
45.2004,170591,flicker
45.2047,170445,flicker
45.2096,171156,flicker
45.2127,170919,flicker
45.2168,171209,flicker
45.2211,170881,flicker
45.2270,171521,flicker
45.2292,170994,flicker
45.2307,1,flicker
45.2332,70750,flicker
45.2346,1710,flicker
45.2374,94,flicker
45.2390,170593,flicker
45.2420,170795,flicker
45.2455,170668,flicker
45.2496,170774,flicker
45.2537,170810,flicker
45.2578,71082,flicker
45.2628,171034,flicker
45.2660,171082,flicker
45.2700,171133,flicker
45.2742,71266,flicker
45.2787,170894,flicker
45.2826,170706,flicker
45.2865,171211,flicker
45.2906,70550,flicker
45.2956,170807,flicker
45.2990,170913,flicker
45.3029,170778,flicker
45.3070,71,flicker
45.3122,170931,flicker
45.3152,171006,flicker
45.3193,170618,flicker
45.3234,17065,flicker
45.3286,171135,flicker
45.3318,170933,flicker
45.3356,170756,flicker
45.3398,170979,flicker
45.3443,171146,flicker
45.3480,170831,flicker
45.3520,170880,flicker
45.3561,171075,flicker
45.3576,1,flicker
45.3604,70833,flicker
45.3613,170,flicker
45.3643,763,flicker
45.3658,170769,flicker
45.3684,170955,flicker
45.3725,171058,flicker
45.3769,171165,flicker
45.3807,170855,flicker
45.3847,171066,flicker
45.3889,170834,flicker
45.3930,170942,flicker
45.3970,170388,flicker
45.4011,170395,flicker
45.4057,171009,flicker
45.4100,171367,flicker
45.4134,171278,flicker
45.4175,170934,flicker
45.4219,171071,flicker
45.4267,171168,flicker
45.4299,170286,flicker
45.4339,170370,flicker
45.4383,170010,flicker
45.4428,171366,flicker
45.4462,170346,flicker
45.4503,170659,flicker
45.4550,171060,flicker
45.4594,171040,flicker
45.4626,171067,flicker
45.4667,171613,flicker
45.4709,170653,flicker
45.4753,171158,flicker
45.4791,170895,flicker
45.4831,171056,flicker
45.4872,171260,flicker
45.4885,170,flicker
45.4918,851,flicker
45.4931,170753,flicker
45.4954,170804,flicker
45.4994,170737,flicker
45.5035,170911,flicker
45.5077,7080,flicker
45.5122,170854,flicker
45.5159,170635,flicker
45.5200,170878,flicker
45.5241,7019,flicker
45.5284,170818,flicker
45.5327,170976,flicker
45.5364,170693,flicker
45.5405,786,flicker
45.5449,171066,flicker
45.5487,170887,flicker
45.5527,170816,flicker
45.5584,172 ,flicker
45.5609,70637,flicker
45.5650,170586,flicker
45.5691,170925,flicker
45.5732,171222,flicker
45.5775,171321,flicker
45.5814,170941,flicker
45.5855,171203,flicker
45.5896,170415,flicker
45.5937,170629,flicker
45.5977,170865,flicker
45.6018,171171,flicker
45.6060,171319,flicker
45.6103,171058,flicker
45.6142,171298,flicker
45.6158,17,flicker
45.6182,1036,flicker
45.6194,17040,flicker
45.6223,0,flicker
45.6224,171334,flicker
45.6264,170859,flicker
45.6305,170437,flicker
45.6346,170854,flicker
45.6388,170875,flicker
45.6429,171117,flicker
45.6469,171077,flicker
45.6510,171098,flicker
45.6556,170570,flicker
45.6603,171426,flicker
45.6633,170830,flicker
45.6674,170543,flicker
45.6716,170740,flicker
45.6756,170852,flicker
45.6796,170676,flicker
45.6837,170584,flicker
45.6879,170547,flicker
45.6925,170672,flicker
45.6960,170359,flicker
45.7001,170722,flicker
45.7042,170542,flicker
45.7087,170419,flicker
45.7124,170606,flicker
45.7165,171354,flicker
45.7206,171204,flicker
45.7265,7,flicker
45.7290,170845,flicker
45.7331,170888,flicker
45.7370,171037,flicker
45.7428,704,flicker
45.7488,473,flicker
45.7493,171166,flicker
45.7503,171226,flicker
45.7534,170936,flicker
45.7576,7019,flicker
45.7620,170492,flicker
45.7662,170507,flicker
45.7698,170470,flicker
45.7739,71044,flicker
45.7787,170930,flicker
45.7820,170935,flicker
45.7862,171193,flicker
45.7903,7020,flicker
45.7954,170770,flicker
45.7985,170831,flicker
45.8025,170950,flicker
45.8068,171129,flicker
45.8113,170951,flicker
45.8150,170949,flicker
45.8190,171461,flicker
45.8232,17194,flicker
45.8275,170363,flicker
45.8315,170857,flicker
45.8353,170866,flicker
45.8395,170710,flicker
45.8435,171050,flicker
45.8476,170799,flicker
45.8517,170797,flicker
45.8558,170703,flicker
45.8600,170668,flicker
45.8640,171156,flicker
45.8681,170729,flicker
45.8690,17,flicker
45.8723,1088,flicker
45.8734,17069,flicker
45.8762,7,flicker
45.8773,170732,flicker
45.8804,170694,flicker
45.8845,171053,flicker
45.8889,170881,flicker
45.8927,170385,flicker
45.8969,170958,flicker
45.9008,171162,flicker
45.9051,171169,flicker
45.9095,171154,flicker
45.9131,171041,flicker
45.9172,171701,flicker
45.9215,170949,flicker
45.9257,170409,flicker
45.9295,170499,flicker
45.9336,170834,flicker
45.9380,170847,flicker
45.9424,171139,flicker
45.9460,170990,flicker
45.9500,171044,flicker
45.9544,170799,flicker
45.9598,171077,flicker
45.9624,171295,flicker
45.9664,170875,flicker
45.9704,170698,flicker
45.9752,170305,flicker
45.9787,170419,flicker
45.9827,170838,flicker
45.9868,170626,flicker
45.9923,170918,flicker
45.9951,171034,flicker
45.9962,1,flicker
45.9991,70818,flicker
46.0001,1706,flicker
46.0032,20,flicker
46.0046,170720,flicker
46.0091,170689,flicker
46.0114,171344,flicker
46.0155,170858,flicker
46.0196,171230,flicker
46.0237,71136,flicker
46.0283,170790,flicker
46.0319,170695,flicker
46.0360,170771,flicker
46.0464,170899,flicker
46.0483,170813,flicker
46.0524,170912,flicker
46.0565,170843,flicker
46.0613,170401,flicker
46.0647,170776,flicker
46.0687,170549,flicker
46.0729,171157,flicker
46.0781,171355,flicker
46.0810,170552,flicker
46.0851,170859,flicker
46.0893,170421,flicker
46.0933,170841,flicker
46.0974,170366,flicker
46.1015,170734,flicker
46.1056,171622,flicker
46.1098,171170,flicker
46.1138,171010,flicker
46.1179,170826,flicker
46.1222,170919,flicker
46.1239,1,flicker
46.1262,70961,flicker
46.1276,1708,flicker
46.1303,95,flicker
46.1320,170843,flicker
46.1344,170553,flicker
46.1386,170990,flicker
46.1434,171104,flicker
46.1466,170380,flicker
46.1506,171134,flicker
46.1552,170860,flicker
46.1596,170771,flicker
46.1629,171343,flicker
46.1670,170721,flicker
46.1713,170800,flicker
46.1758,171080,flicker
46.1795,170808,flicker
46.1835,170451,flicker
46.1877,170862,flicker
46.1918,171027,flicker
46.1958,170540,flicker
46.1998,170728,flicker
46.2039,171048,flicker
46.2095,170524,flicker
46.2121,171007,flicker
46.2162,170639,flicker
46.2203,170541,flicker
46.2260,764,flicker
46.2285,170557,flicker
46.2327,170810,flicker
46.2367,170668,flicker
46.2409,0,flicker
46.2451,170877,flicker
46.2490,170360,flicker
46.2531,170891,flicker
46.2544,170,flicker
46.2573,61,flicker
46.2588,04,flicker
46.2613,170777,flicker
46.2654,170745,flicker
46.2694,171120,flicker
46.2751,70890,flicker
46.2782,171081,flicker
46.2820,170864,flicker
46.2858,170513,flicker
46.2901,1702,flicker
46.2941,171120,flicker
46.2997,171068,flicker
46.3023,170640,flicker
46.3075,1770,flicker
46.3110,170921,flicker
46.3146,170894,flicker
46.3187,171509,flicker
46.3228,170606,flicker
46.3268,170848,flicker
46.3309,170852,flicker
46.3350,170834,flicker
46.3392,170743,flicker
46.3434,171152,flicker
46.3473,171193,flicker
46.3514,170948,flicker
46.3555,170649,flicker
46.3603,171146,flicker
46.3637,170867,flicker
46.3678,170999,flicker
46.3722,170847,flicker
46.3762,170958,flicker
46.3801,170900,flicker
46.3812,170,flicker
46.3842,722,flicker
46.3858,170705,flicker
46.3885,171060,flicker
46.3932,171342,flicker
46.3964,170963,flicker
46.4005,171100,flicker
46.4048,171210,flicker
46.4097,170459,flicker
46.4128,170844,flicker
46.4169,170674,flicker
46.4217,170619,flicker
46.4267,171303,flicker
46.4293,170634,flicker
46.4334,170614,flicker
46.4374,170912,flicker
46.4416,71028,flicker
46.4456,170622,flicker
46.4498,171162,flicker
46.4538,170848,flicker
46.4594,7064,flicker
46.4621,171338,flicker
46.4660,171027,flicker
46.4701,171006,flicker
46.4757,71,flicker
46.4786,171033,flicker
46.4827,171193,flicker
46.4866,170840,flicker
46.4907,71070,flicker
46.4971,170895,flicker
46.4989,170932,flicker
46.5030,170736,flicker
46.5086,0111,flicker
46.5121,03,flicker
46.5137,170846,flicker
46.5154,170997,flicker
46.5193,171223,flicker
46.5252,7074,flicker
46.5284,171143,flicker
46.5326,170986,flicker
46.5358,171094,flicker
46.5399,170817,flicker
46.5445,171136,flicker
46.5480,170756,flicker
46.5521,170502,flicker
46.5563,171018,flicker
46.5606,170206,flicker
46.5644,171252,flicker
46.5684,170611,flicker
46.5726,170303,flicker
46.5770,171263,flicker
46.5808,171214,flicker
46.5849,170941,flicker
46.5891,171292,flicker
46.5940,170489,flicker
46.5971,171090,flicker
46.6012,171251,flicker
46.6055,170951,flicker
46.6101,170378,flicker
46.6136,171425,flicker
46.6176,171368,flicker
46.6219,170521,flicker
46.6264,171519,flicker
46.6303,171233,flicker
46.6340,170998,flicker
46.6353,17,flicker
46.6383,0914,flicker
46.6399,17073,flicker
46.6423,3,flicker
46.6432,170458,flicker
46.6463,170824,flicker
46.6504,171328,flicker
46.6547,171052,flicker
46.6597,171053,flicker
46.6627,171117,flicker
46.6668,170983,flicker
46.6709,170838,flicker
46.6750,170323,flicker
46.6791,171040,flicker
46.6831,170628,flicker
46.6872,170769,flicker
46.6915,70949,flicker
46.6957,170918,flicker
46.6996,171021,flicker
46.7037,170867,flicker
46.7078,79,flicker
46.7130,171140,flicker
46.7168,170651,flicker
46.7200,170722,flicker
46.7259,70,flicker
46.7290,171360,flicker
46.7325,170792,flicker
46.7364,170402,flicker
46.7421,797,flicker
46.7446,171153,flicker
46.7488,170880,flicker
46.7529,170921,flicker
46.7570,700,flicker
46.7623,170817,flicker
46.7639,17,flicker
46.7652,0968,flicker
46.7665,17067,flicker
46.7691,0,flicker
46.7692,170462,flicker
46.7734,10672,flicker
46.7781,170823,flicker
46.7816,170942,flicker
46.7855,171417,flicker
46.7897,170792,flicker
46.7941,171052,flicker
46.7978,171063,flicker
46.8019,170865,flicker
46.8060,170546,flicker
46.8101,170836,flicker
46.8142,170773,flicker
46.8183,171248,flicker
46.8224,171508,flicker
46.8265,171149,flicker
46.8306,170307,flicker
46.8347,170873,flicker
46.8389,171285,flicker
46.8438,171040,flicker
46.8470,171082,flicker
46.8510,170875,flicker
46.8555,170789,flicker
46.8595,170763,flicker
46.8634,171092,flicker
46.8675,171104,flicker
46.8721,170837,flicker
46.8768,170752,flicker
46.8797,170641,flicker
46.8838,171285,flicker
46.8881,170650,flicker
46.8897,17,flicker
46.8925,0899,flicker
46.8945,17106,flicker
46.8962,1,flicker
46.8964,170388,flicker
46.9002,170704,flicker
46.9049,170961,flicker
46.9095,170716,flicker
46.9125,170901,flicker
46.9166,171144,flicker
46.9207,170843,flicker
46.9253,170870,flicker
46.9289,170662,flicker
46.9330,171477,flicker
46.9370,170680,flicker
46.9413,11117,flicker
46.9454,171034,flicker
46.9494,170847,flicker
46.9535,170373,flicker
46.9577,70953,flicker
46.9627,170718,flicker
46.9667,170390,flicker
46.9699,170756,flicker
46.9740,7020,flicker
46.9782,170948,flicker
46.9825,170619,flicker
46.9863,170853,flicker
46.9904,7014,flicker
46.9946,170737,flicker
46.9986,171297,flicker
47.0027,170777,flicker
47.0068,1956,flicker
47.0120,170992,flicker
47.0158,170847,flicker
47.0171,1,flicker
47.0190,70281,flicker
47.0202,1704,flicker
47.0232,54,flicker
47.0248,170959,flicker
47.0273,170928,flicker
47.0314,170829,flicker
47.0354,171124,flicker
47.0396,170989,flicker
47.0437,170689,flicker
47.0477,170471,flicker
47.0518,170920,flicker
47.0559,170981,flicker
47.0600,170639,flicker
47.0640,170803,flicker
47.0682,171001,flicker
47.0725,171061,flicker
47.0769,170864,flicker
47.0805,170844,flicker
47.0845,170371,flicker
47.0888,171062,flicker
47.0927,170688,flicker
47.0968,170991,flicker
47.1009,170724,flicker
47.1051,171096,flicker
47.1093,170956,flicker
47.1132,170873,flicker
47.1173,171169,flicker
47.1216,170613,flicker
47.1264,170641,flicker
47.1296,170812,flicker
47.1337,171028,flicker
47.1379,171045,flicker
47.1431,170650,flicker
47.1444,1,flicker
47.1461,70933,flicker
47.1474,1709,flicker
47.1500,89,flicker
47.1512,171008,flicker
47.1546,170859,flicker
47.1601,171370,flicker
47.1624,171086,flicker
47.1664,170758,flicker
47.1706,170658,flicker
47.1748,7032,flicker
47.1790,170583,flicker
47.1829,171296,flicker
47.1869,171044,flicker
47.1927,171331,flicker
47.1951,171283,flicker
47.1992,170891,flicker
47.2033,170724,flicker
47.2074,70835,flicker
47.2127,171339,flicker
47.2157,170947,flicker
47.2197,171011,flicker
47.2251,7088,flicker
47.2285,170782,flicker
47.2322,170563,flicker
47.2361,170582,flicker
47.2404,0,flicker
47.2455,171537,flicker
47.2491,170948,flicker
47.2526,170435,flicker
47.2568,170743,flicker
47.2607,170657,flicker
47.2648,171324,flicker
47.2688,170645,flicker
47.2700,1,flicker
47.2730,70452,flicker
47.2748,170,flicker
47.2773,932,flicker
47.2784,170912,flicker
47.2813,170542,flicker
47.2853,170823,flicker
47.2896,171097,flicker
47.2938,170745,flicker
47.2976,170886,flicker
47.3017,170798,flicker
47.3057,170736,flicker
47.3109,170849,flicker
47.3140,170740,flicker
47.3180,171107,flicker
47.3222,170981,flicker
47.3265,171193,flicker
47.3303,170534,flicker
47.3344,170809,flicker
47.3390,171094,flicker
47.3427,170897,flicker
47.3467,170699,flicker
47.3508,171192,flicker
47.3551,171068,flicker
47.3594,170918,flicker
47.3632,171025,flicker
47.3672,171040,flicker
47.3715,170791,flicker
47.3756,170390,flicker
47.3794,170615,flicker
47.3835,171067,flicker
47.3878,171356,flicker
47.3918,170756,flicker
47.3958,171014,flicker
47.3999,170742,flicker
47.4011,171,flicker
47.4040,239,flicker
47.4056,171168,flicker
47.4097,171310,flicker
47.4123,170872,flicker
47.4164,170818,flicker
47.4204,170034,flicker
47.4261,170240,flicker
47.4286,170687,flicker
47.4327,170032,flicker
47.4368,170613,flicker
47.4410,7,flicker
47.4464,170652,flicker
47.4493,171061,flicker
47.4532,170822,flicker
47.4573,71023,flicker
47.4622,170749,flicker
47.4656,170856,flicker
47.4697,170720,flicker
47.4737,70971,flicker
47.4779,170656,flicker
47.4833,171041,flicker
47.4859,171050,flicker
47.4901,0,flicker
47.4945,170874,flicker
47.4992,170811,flicker
47.5024,170882,flicker
47.5066,171366,flicker
47.5106,171059,flicker
47.5146,170974,flicker
47.5187,171240,flicker
47.5229,171199,flicker
47.5272,171094,flicker
47.5282,17,flicker
47.5310,0770,flicker
47.5320,17087,flicker
47.5351,5,flicker
47.5352,171320,flicker
47.5392,170569,flicker
47.5433,171042,flicker
47.5474,171197,flicker
47.5514,170829,flicker
47.5559,170805,flicker
47.5601,171024,flicker
47.5638,170908,flicker
47.5678,171232,flicker
47.5720,171110,flicker
47.5761,170503,flicker
47.5801,170840,flicker
47.5842,170656,flicker
47.5885,171213,flicker
47.5926,170860,flicker
47.5966,171089,flicker
47.6007,171291,flicker
47.6049,170827,flicker
47.6100,170865,flicker
47.6130,171172,flicker
47.6170,171029,flicker
47.6216,171171,flicker
47.6252,170924,flicker
47.6293,170625,flicker
47.6334,171004,flicker
47.6374,171493,flicker
47.6422,170198,flicker
47.6457,170979,flicker
47.6498,170600,flicker
47.6539,170712,flicker
47.6557,17,flicker
47.6591,517098,flicker
47.6621,8,flicker
47.6637,170769,flicker
47.6663,170858,flicker
47.6702,171206,flicker
47.6749,170498,flicker
47.6785,171064,flicker
47.6826,171795,flicker
47.6866,171125,flicker
47.6925,71,flicker
47.6958,171500,flicker
47.6990,170884,flicker
47.7030,170132,flicker
47.7086,70,flicker
47.7124,171284,flicker
47.7153,170824,flicker
47.7194,171342,flicker
47.7236,176,flicker
47.7278,171366,flicker
47.7317,170538,flicker
47.7358,170381,flicker
47.7400,170680,flicker
47.7445,171227,flicker
47.7481,170861,flicker
47.7522,171161,flicker
47.7564,170932,flicker
47.7610,170904,flicker
47.7645,171194,flicker
47.7685,171153,flicker
47.7728,171476,flicker
47.7768,170865,flicker
47.7808,171137,flicker
47.7820,1,flicker
47.7850,71367,flicker
47.7864,1704,flicker
47.7890,67,flicker
47.7922,171208,flicker
47.7936,170891,flicker
47.7972,170853,flicker
47.8013,170721,flicker
47.8056,171424,flicker
47.8097,170903,flicker
47.8136,170736,flicker
47.8177,171126,flicker
47.8219,170712,flicker
47.8265,170846,flicker
47.8302,171203,flicker
47.8342,170783,flicker
47.8384,171083,flicker
47.8426,170803,flicker
47.8464,171228,flicker
47.8505,170904,flicker
47.8551,170848,flicker
47.8602,171171,flicker
47.8628,170843,flicker
47.8669,171070,flicker
47.8711,170887,flicker
47.8764,171011,flicker
47.8791,170977,flicker
47.8832,171193,flicker
47.8873,170752,flicker
47.8918,170822,flicker
47.8955,171443,flicker
47.8996,171119,flicker
47.9037,170814,flicker
47.9092,171673,flicker
47.9104,1,flicker
47.9119,71027,flicker
47.9132,1713,flicker
47.9161,09,flicker
47.9178,171072,flicker
47.9201,171032,flicker
47.9264,71,flicker
47.9302,171140,flicker
47.9324,171009,flicker
47.9364,170944,flicker
47.9453,170956,flicker
47.9489,170676,flicker
47.9530,171079,flicker
47.9570,71072,flicker
47.9612,171237,flicker
47.9653,170685,flicker
47.9693,170510,flicker
47.9735,70891,flicker
47.9785,171308,flicker
47.9817,171352,flicker
47.9857,170711,flicker
47.9899,170997,flicker
47.9942,170509,flicker
47.9979,171062,flicker
48.0020,170492,flicker
48.0062,171332,flicker
48.0103,171120,flicker
48.0143,170728,flicker
48.0184,171108,flicker
48.0225,171383,flicker
48.0267,170625,flicker
48.0308,170731,flicker
48.0349,170875,flicker
48.0361,1,flicker
48.0391,70768,flicker
48.0405,1709,flicker
48.0430,30,flicker
48.0444,171639,flicker
48.0472,171416,flicker
48.0512,170391,flicker
48.0556,170963,flicker
48.0600,171287,flicker
48.0634,171471,flicker
48.0675,170722,flicker
48.0719,171269,flicker
48.0758,171537,flicker
48.0798,170804,flicker
48.0839,170587,flicker
48.0882,170756,flicker
48.0925,170798,flicker
48.0962,171309,flicker
48.1003,171018,flicker
48.1048,171439,flicker
48.1096,170927,flicker
48.1126,170861,flicker
48.1167,171088,flicker
48.1209,170751,flicker
48.1263,170734,flicker
48.1291,171125,flicker
48.1332,170781,flicker
48.1372,170998,flicker
48.1417,171052,flicker
48.1454,171170,flicker
48.1495,170973,flicker
48.1535,171128,flicker
48.1577,09,flicker
48.1645,171370,flicker
48.1660,171205,flicker
48.1672,170,flicker
48.1699,500,flicker
48.1709,170736,flicker
48.1742,1804,flicker
48.1801,171261,flicker
48.1826,170884,flicker
48.1864,170939,flicker
48.1917,7,flicker
48.1945,170993,flicker
48.2001,171263,flicker
48.2029,171368,flicker
48.2084,7,flicker
48.2113,170755,flicker
48.2150,171203,flicker
48.2191,170888,flicker
48.2249,170,flicker
48.2280,170225,flicker
48.2315,170930,flicker
48.2355,171743,flicker
48.2397,171568,flicker
48.2444,171197,flicker
48.2478,170457,flicker
48.2519,170605,flicker
48.2560,170992,flicker
48.2609,171154,flicker
48.2642,171093,flicker
48.2682,170713,flicker
48.2724,170857,flicker
48.2767,170753,flicker
48.2806,171146,flicker
48.2848,171373,flicker
48.2890,170929,flicker
48.2931,170943,flicker
48.2951,170,flicker
48.2969,943,flicker
48.2979,170487,flicker
48.3010,170675,flicker
48.3056,171095,flicker
48.3094,171274,flicker
48.3133,170840,flicker
48.3174,170542,flicker
48.3218,171064,flicker
48.3270,171357,flicker
48.3297,171283,flicker
48.3338,170810,flicker
48.3380,170520,flicker
48.3432,171808,flicker
48.3461,171141,flicker
48.3501,170942,flicker
48.3546,171036,flicker
48.3598,170387,flicker
48.3624,171202,flicker
48.3665,170730,flicker
48.3707,170377,flicker
48.3749,170939,flicker
48.3790,170729,flicker
48.3829,170985,flicker
48.3870,170763,flicker
48.3928,78,flicker
48.3960,170932,flicker
48.3995,170687,flicker
48.4034,170923,flicker
48.4096,71004,flicker
48.4116,171037,flicker
48.4158,171166,flicker
48.4199,171419,flicker
48.4212,171,flicker
48.4239,98,flicker
48.4251,17093,flicker
48.4304,5,flicker
48.4307,170930,flicker
48.4321,171084,flicker
48.4362,170318,flicker
48.4417,75,flicker
48.4461,171371,flicker
48.4485,171224,flicker
48.4527,171567,flicker
48.4567,170924,flicker
48.4608,170826,flicker
48.4648,170671,flicker
48.4689,170508,flicker
48.4732,171016,flicker
48.4771,171109,flicker
48.4812,170887,flicker
48.4854,171014,flicker
48.4895,171000,flicker
48.4937,171264,flicker
48.4976,170705,flicker
48.5017,170836,flicker
48.5059,171285,flicker
48.5100,170562,flicker
48.5141,171195,flicker
48.5181,171267,flicker
48.5224,170349,flicker
48.5263,170671,flicker
48.5305,170338,flicker
48.5345,171108,flicker
48.5389,170957,flicker
48.5440,170853,flicker
48.5470,170900,flicker
48.5484,17,flicker
48.5509,0435,flicker
48.5523,17093,flicker
48.5552,0,flicker
48.5554,170770,flicker
48.5603,171014,flicker
48.5632,170544,flicker
48.5672,171132,flicker
48.5715,170156,flicker
48.5755,170689,flicker
48.5797,170590,flicker
48.5837,171128,flicker
48.5879,170638,flicker
48.5930,170848,flicker
48.5959,170633,flicker
48.6000,170777,flicker
48.6043,170956,flicker
48.6086,170765,flicker
48.6123,170636,flicker
48.6165,171466,flicker
48.6205,170829,flicker
48.6246,70946,flicker
48.6297,170546,flicker
48.6338,171236,flicker
48.6372,171024,flicker
48.6420,7064,flicker
48.6461,171522,flicker
48.6493,170842,flicker
48.6533,170769,flicker
48.6588,702,flicker
48.6627,170426,flicker
48.6657,171016,flicker
48.6697,170704,flicker
48.6753,78,flicker
48.6778,618,flicker
48.6789,17083,flicker
48.6819,2,flicker
48.6821,171106,flicker
48.6862,171008,flicker
48.6943,170676,flicker
48.6988,171010,flicker
48.7025,171234,flicker
48.7067,172,flicker
48.7109,170913,flicker
48.7154,170912,flicker
48.7188,170786,flicker
48.7230,170863,flicker
48.7283,170901,flicker
48.7312,171162,flicker
48.7351,170790,flicker
48.7393,170616,flicker
48.7434,170917,flicker
48.7474,170983,flicker
48.7515,170695,flicker
48.7557,171131,flicker
48.7599,170853,flicker
48.7639,170846,flicker
48.7680,170779,flicker
48.7722,170689,flicker
48.7763,170528,flicker
48.7802,171332,flicker
48.7844,171279,flicker
48.7886,170968,flicker
48.7930,171048,flicker
48.7966,170949,flicker
48.8008,171255,flicker
48.8021,1,flicker
48.8052,71313,flicker
48.8066,1710,flicker
48.8090,48,flicker
48.8105,171227,flicker
48.8130,171014,flicker
48.8172,170597,flicker
48.8214,170494,flicker
48.8257,170880,flicker
48.8298,170684,flicker
48.8336,170439,flicker
48.8376,171456,flicker
48.8419,170836,flicker
48.8460,170637,flicker
48.8499,170359,flicker
48.8543,171223,flicker
48.8581,170786,flicker
48.8622,171447,flicker
48.8662,170953,flicker
48.8704,170862,flicker
48.8745,170606,flicker
48.8787,170803,flicker
48.8827,171172,flicker
48.8868,170358,flicker
48.8926,70,flicker
48.8960,171206,flicker
48.8990,171060,flicker
48.9031,170953,flicker
48.9073,78,flicker
48.9121,170878,flicker
48.9159,171178,flicker
48.9196,170829,flicker
48.9255,3,flicker
48.9278,170708,flicker
48.9288,1,flicker
48.9319,70538,flicker
48.9332,1707,flicker
48.9359,40,flicker
48.9370,171157,flicker
48.9409,171160,flicker
48.9441,170899,flicker
48.9482,171181,flicker
48.9523,170884,flicker
48.9565,171082,flicker
48.9611,171179,flicker
48.9645,170490,flicker
48.9686,170642,flicker
48.9728,170801,flicker
48.9768,171171,flicker
48.9809,170272,flicker
48.9850,171575,flicker
48.9891,170840,flicker
48.9937,170488,flicker
48.9973,170780,flicker
49.0014,170656,flicker
49.0057,170525,flicker
49.0101,170534,flicker
49.0137,170592,flicker
49.0178,170501,flicker
49.0221,170869,flicker
49.0266,170597,flicker
49.0301,170713,flicker
49.0341,170797,flicker
49.0385,171023,flicker
49.0437,170387,flicker
49.0464,170237,flicker
49.0506,171186,flicker
49.0548,170694,flicker
49.0560,1,flicker
49.0588,70727,flicker
49.0605,1710,flicker
49.0628,08,flicker
49.0645,170576,flicker
49.0671,170674,flicker
49.0713,171018,flicker
49.0763,170965,flicker
49.0794,170694,flicker
49.0834,171049,flicker
49.0874,170970,flicker
49.0928,171048,flicker
49.0957,170877,flicker
49.0998,171250,flicker
49.1038,170920,flicker
49.1082,171071,flicker
49.1120,170921,flicker
49.1161,170860,flicker
49.1202,171123,flicker
49.1244,769,flicker
49.1297,170869,flicker
49.1327,170748,flicker
49.1366,171061,flicker
49.1408,7887,flicker
49.1460,170755,flicker
49.1489,170790,flicker
49.1529,171139,flicker
49.1571,70596,flicker
49.1631,170763,flicker
49.1658,171410,flicker
49.1694,170556,flicker
49.1748,4,flicker
49.1779,171190,flicker
49.1823,171684,flicker
49.1833,1,flicker
49.1857,71124,flicker
49.1867,170,flicker
49.1898,973,flicker
49.1913,1,flicker
49.1940,170529,flicker
49.1982,171082,flicker
49.2021,171109,flicker
49.2063,170910,flicker
49.2108,171155,flicker
49.2144,170843,flicker
49.2185,170833,flicker
49.2226,170860,flicker
49.2276,170961,flicker
49.2308,171392,flicker
49.2349,171081,flicker
49.2390,171165,flicker
49.2431,170844,flicker
49.2471,170975,flicker
49.2512,171150,flicker
49.2555,171138,flicker
49.2595,170770,flicker
49.2636,171114,flicker
49.2677,170953,flicker
49.2721,170909,flicker
49.2771,170207,flicker
49.2801,170533,flicker
49.2841,171100,flicker
49.2884,171361,flicker
49.2933,170786,flicker
49.2964,170888,flicker
49.3004,170485,flicker
49.3048,170737,flicker
49.3091,170794,flicker
49.3127,171041,flicker
49.3138,170,flicker
49.3168,912,flicker
49.3183,171294,flicker
49.3211,170977,flicker
49.3254,170711,flicker
49.3290,170855,flicker
49.3332,170801,flicker
49.3372,170748,flicker
49.3430,7,flicker
49.3467,171521,flicker
49.3504,170875,flicker
49.3537,170615,flicker
49.3578,7089,flicker
49.3619,170874,flicker
49.3671,170800,flicker
49.3700,170626,flicker
49.3742,7111,flicker
49.3784,171135,flicker
49.3831,171052,flicker
49.3865,170447,flicker
49.3906,7094,flicker
49.3955,171032,flicker
49.3988,170854,flicker
49.4028,170549,flicker
49.4083,02,flicker
49.4127,170640,flicker
49.4151,170565,flicker
49.4192,170665,flicker
49.4250,1705,flicker
49.4292,170806,flicker
49.4316,171089,flicker
49.4356,171103,flicker
49.4397,170962,flicker
49.4412,17,flicker
49.4438,1227,flicker
49.4450,17110,flicker
49.4478,5,flicker
49.4479,170851,flicker
49.4519,170725,flicker
49.4561,170904,flicker
49.4601,171110,flicker
49.4642,170610,flicker
49.4684,170914,flicker
49.4728,171140,flicker
49.4779,170637,flicker
49.4806,170744,flicker
49.4847,170849,flicker
49.4889,170733,flicker
49.4930,171579,flicker
49.4970,171109,flicker
49.5011,170704,flicker
49.5054,170611,flicker
49.5104,170829,flicker
49.5134,171247,flicker
49.5174,171031,flicker
49.5218,170454,flicker
49.5266,170812,flicker
49.5299,170979,flicker
49.5340,171189,flicker
49.5386,170979,flicker
49.5437,170918,flicker
49.5463,170995,flicker
49.5504,170865,flicker
49.5549,170674,flicker
49.5589,170767,flicker
49.5627,170975,flicker
49.5668,170716,flicker
49.5680,17,flicker
49.5710,0230,flicker
49.5726,17078,flicker
49.5756,6,flicker
49.5768,171112,flicker
49.5789,171073,flicker
49.5830,171150,flicker
49.5871,170767,flicker
49.5928,7803,flicker
49.5973,170904,flicker
49.5995,170762,flicker
49.6035,170714,flicker
49.6096,7,flicker
49.6121,171170,flicker
49.6158,170332,flicker
49.6199,170376,flicker
49.6252,751,flicker
49.6281,170457,flicker
49.6322,170624,flicker
49.6363,170511,flicker
49.6405,741,flicker
49.6455,170730,flicker
49.6485,170353,flicker
49.6526,171061,flicker
49.6567,70455,flicker
49.6619,170757,flicker
49.6649,170906,flicker
49.6690,170656,flicker
49.6733,17892,flicker
49.6783,170330,flicker
49.6813,170493,flicker
49.6854,170845,flicker
49.6896,170865,flicker
49.6937,170944,flicker
49.6949,17,flicker
49.6977,0623,flicker
49.6986,17063,flicker
49.7018,1,flicker
49.7019,170570,flicker
49.7059,170928,flicker
49.7101,170829,flicker
49.7141,171100,flicker
49.7182,171248,flicker
49.7225,170480,flicker
49.7273,170653,flicker
49.7305,170713,flicker
49.7346,171010,flicker
49.7389,170721,flicker
49.7439,170837,flicker
49.7469,171034,flicker
49.7509,170822,flicker
49.7553,171167,flicker
49.7600,171149,flicker
49.7632,171165,flicker
49.7674,170530,flicker
49.7715,170965,flicker
49.7768,170720,flicker
49.7796,171206,flicker
49.7837,171517,flicker
49.7879,170481,flicker
49.7919,170738,flicker
49.7960,170931,flicker
49.8001,170912,flicker
49.8042,170841,flicker
49.8084,70569,flicker
49.8135,171079,flicker
49.8172,170616,flicker
49.8206,170492,flicker
49.8222,17,flicker
49.8250,1177,flicker
49.8261,1705,flicker
49.8288,00,flicker
49.8289,171079,flicker
49.8329,170827,flicker
49.8369,171084,flicker
49.8411,70730,flicker
49.8453,170367,flicker
49.8493,170686,flicker
49.8534,170940,flicker
49.8575,15,flicker
49.8616,171057,flicker
49.8663,171051,flicker
49.8697,170483,flicker
49.8739,71035,flicker
49.8788,170852,flicker
49.8829,170342,flicker
49.8861,171224,flicker
49.8902,71070,flicker
49.8955,170211,flicker
49.8988,170540,flicker
49.9025,170640,flicker
49.9078,798,flicker
49.9113,170518,flicker
49.9149,170935,flicker
49.9189,171121,flicker
49.9230,170966,flicker
49.9273,170831,flicker
49.9311,170829,flicker
49.9353,170773,flicker
49.9395,170841,flicker
49.9443,171333,flicker
49.9476,170605,flicker
49.9491,17,flicker
49.9517,1236,flicker
49.9528,17096,flicker
49.9558,2,flicker
49.9572,171259,flicker
49.9605,170946,flicker
49.9640,170890,flicker
49.9680,170757,flicker
49.9722,170788,flicker
49.9769,170581,flicker
49.9803,171487,flicker
49.9844,170751,flicker
49.9887,171165,flicker
49.9933,171159,flicker
49.9967,170886,flicker
50.0008,170789,flicker
50.0051,171038,flicker
50.0104,171064,flicker
50.0132,170830,flicker
50.0172,171057,flicker
50.0220,170739,flicker
50.0263,170786,flicker
50.0298,170934,flicker
50.0335,170746,flicker
50.0378,170977,flicker
50.0423,170566,flicker
50.0459,170613,flicker
50.0499,171151,flicker
50.0543,170910,flicker
50.0603,70784,flicker
50.0623,170420,flicker
50.0667,171174,flicker
50.0704,170718,flicker
50.0796,70572,flicker
50.0812,1709,flicker
50.0829,15,flicker
50.0840,170988,flicker
50.0868,170851,flicker
50.0909,71009,flicker
50.0953,170792,flicker
50.0991,171189,flicker
50.1032,170613,flicker
50.1073,70707,flicker
50.1126,170677,flicker
50.1162,170853,flicker
50.1196,170967,flicker
50.1238,7107,flicker
50.1285,171005,flicker
50.1323,171149,flicker
50.1360,170599,flicker
50.1414,70751,flicker
50.1454,170631,flicker
50.1487,171040,flicker
50.1525,170994,flicker
50.1565,171340,flicker
50.1606,171119,flicker
50.1646,170724,flicker
50.1687,170648,flicker
50.1729,171081,flicker
50.1769,171081,flicker
50.1810,170685,flicker
50.1851,170961,flicker
50.1892,170437,flicker
50.1934,171184,flicker
50.1975,171182,flicker
50.2016,170941,flicker
50.2032,1,flicker
50.2058,70720,flicker
50.2068,1710,flicker
50.2098,15,flicker
50.2122,170691,flicker
50.2138,170936,flicker
50.2179,171049,flicker
50.2222,170753,flicker
50.2268,170444,flicker
50.2301,171068,flicker
50.2342,170233,flicker
50.2385,171236,flicker
50.2434,170922,flicker
50.2466,171114,flicker
50.2506,171174,flicker
50.2553,170527,flicker
50.2605,170724,flicker
50.2629,170488,flicker
50.2670,170564,flicker
50.2716,170653,flicker
50.2753,170441,flicker
50.2794,170965,flicker
50.2834,171217,flicker
50.2875,170045,flicker
50.2924,170871,flicker
50.2957,171305,flicker
50.2997,171014,flicker
50.3039,170525,flicker
50.3096,70771,flicker
50.3126,170495,flicker
50.3163,170851,flicker
50.3203,170596,flicker
50.3244,171149,flicker
50.3290,171118,flicker
50.3303,1,flicker
50.3326,70829,flicker
50.3340,170,flicker
50.3366,964,flicker
50.3378,170488,flicker
50.3416,170777,flicker
50.3448,170603,flicker
50.3489,170457,flicker
50.3530,171050,flicker
50.3572,0550,flicker
50.3612,170457,flicker
50.3660,170574,flicker
50.3694,171018,flicker
50.3735,170652,flicker
50.3779,170992,flicker
50.3817,171201,flicker
50.3858,170864,flicker
50.3900,170747,flicker
50.3940,170603,flicker
50.3981,170963,flicker
50.4022,170760,flicker
50.4063,170543,flicker
50.4104,170577,flicker
50.4145,170845,flicker
50.4186,170820,flicker
50.4227,170500,flicker
50.4269,170778,flicker
50.4309,170914,flicker
50.4349,170666,flicker
50.4391,170957,flicker
50.4432,171057,flicker
50.4474,170750,flicker
50.4514,170947,flicker
50.4555,170958,flicker
50.4570,1,flicker
50.4596,70706,flicker
50.4611,170,flicker
50.4636,985,flicker
50.4648,170539,flicker
50.4678,170860,flicker
50.4720,171138,flicker
50.4768,170519,flicker
50.4800,171014,flicker
50.4841,171077,flicker
50.4888,170407,flicker
50.4924,170316,flicker
50.4964,170728,flicker
50.5005,171202,flicker
50.5048,170506,flicker
50.5099,170451,flicker
50.5129,171058,flicker
50.5170,171108,flicker
50.5211,170756,flicker
50.5256,170891,flicker
50.5292,170578,flicker
50.5333,170802,flicker
50.5375,171127,flicker
50.5428,170730,flicker
50.5455,171021,flicker
50.5496,170494,flicker
50.5537,170927,flicker
50.5579,783,flicker
50.5654,171127,flicker
50.5660,171269,flicker
50.5701,171023,flicker
50.5754,71,flicker
50.5796,170740,flicker
50.5825,170435,flicker
50.5865,170651,flicker
50.5882,170,flicker
50.5921,3911,flicker
50.5947,170941,flicker
50.5988,170307,flicker
50.6029,170606,flicker
50.6116,170859,flicker
50.6152,171184,flicker
50.6193,171066,flicker
50.6234,70525,flicker
50.6281,171254,flicker
50.6316,170941,flicker
50.6356,171035,flicker
50.6399,171137,flicker
50.6439,171102,flicker
50.6479,170747,flicker
50.6520,170853,flicker
50.6562,170961,flicker
50.6603,170885,flicker
50.6645,170883,flicker
50.6684,170820,flicker
50.6726,170900,flicker
50.6767,170609,flicker
50.6807,170539,flicker
50.6848,170857,flicker
50.6889,170205,flicker
50.6930,170919,flicker
50.6971,171213,flicker
50.7012,170422,flicker
50.7054,170736,flicker
50.7099,170999,flicker
50.7135,170669,flicker
50.7146,170,flicker
50.7176,596,flicker
50.7187,17076,flicker
50.7218,2,flicker
50.7220,170723,flicker
50.7270,171352,flicker
50.7300,170247,flicker
50.7340,170952,flicker
50.7384,170979,flicker
50.7429,170184,flicker
50.7462,171015,flicker
50.7504,170161,flicker
50.7545,170904,flicker
50.7599,171261,flicker
50.7627,171019,flicker
50.7668,170995,flicker
50.7716,170511,flicker
50.7756,170863,flicker
50.7790,170713,flicker
50.7831,170495,flicker
50.7872,170606,flicker
50.7914,71116,flicker
50.7969,170995,flicker
50.7996,171186,flicker
50.8036,171042,flicker
50.8077,70707,flicker
50.8118,170595,flicker
50.8165,170899,flicker
50.8201,170683,flicker
50.8254,705,flicker
50.8287,170541,flicker
50.8323,171460,flicker
50.8364,170800,flicker
50.8405,7050,flicker
50.8419,17,flicker
50.8455,1404,flicker
50.8469,17087,flicker
50.8487,8,flicker
50.8489,170288,flicker
50.8528,170798,flicker
50.8570,762,flicker
50.8611,170869,flicker
50.8657,170605,flicker
50.8691,170363,flicker
50.8748,1766,flicker
50.8773,170858,flicker
50.8814,170952,flicker
50.8860,170736,flicker
50.8896,170372,flicker
50.8947,170888,flicker
50.8979,170930,flicker
50.9019,170688,flicker
50.9060,171239,flicker
50.9110,170801,flicker
50.9142,170905,flicker
50.9183,170802,flicker
50.9224,170791,flicker
50.9266,171172,flicker
50.9306,171045,flicker
50.9347,170839,flicker
50.9388,171097,flicker
50.9431,170553,flicker
50.9469,170678,flicker
50.9510,171009,flicker
50.9554,170928,flicker
50.9618,170791,rest
50.9635,170846,rest
50.9675,170903,rest
50.9686,17,rest
50.9718,0649,rest
50.9729,17120,rest
50.9757,3,rest
50.9771,171171,rest
50.9797,170827,rest
50.9838,170649,rest
50.9883,171126,rest
50.9924,170776,rest
50.9961,170852,rest
51.0002,170995,rest
51.0045,170819,rest
51.0088,170468,rest
51.0125,170754,rest
51.0166,170670,rest
51.0209,170840,rest
51.0253,170642,rest
51.0289,171206,rest
51.0329,170426,rest
51.0370,171336,rest
51.0429,171077,rest
51.0452,170876,rest
51.0494,170993,rest
51.0534,171294,rest
51.0576,7292,rest
51.0622,170505,rest
51.0658,170948,rest
51.0698,170617,rest
51.0740,7108,rest
51.0793,170709,rest
51.0827,171499,rest
51.0862,171097,rest
51.0924,7,rest
51.0945,170547,rest
51.0958,1,rest
51.0987,71414,rest
51.1004,1705,rest
51.1026,80,rest
51.1031,171092,rest
51.1075,171373,rest
51.1109,171250,rest
51.1149,170832,rest
51.1190,171021,rest
51.1231,171539,rest
51.1272,170984,rest
51.1312,170936,rest
51.1354,171198,rest
51.1398,171290,rest
51.1442,171309,rest
51.1476,171347,rest
51.1517,170467,rest
51.1559,171155,rest
51.1602,170747,rest
51.1640,171315,rest
51.1681,170683,rest
51.1723,170809,rest
51.1772,171021,rest
51.1805,170965,rest
51.1845,171293,rest
51.1888,170927,rest
51.1927,170808,rest
51.1968,171668,rest
51.2008,171229,rest
51.2051,171025,rest
51.2102,171019,rest
51.2132,171078,rest
51.2172,171288,rest
51.2215,171271,rest
51.2230,1,rest
51.2257,71020,rest
51.2271,1710,rest
51.2295,51,rest
51.2309,171335,rest
51.2337,170890,rest
51.2379,171083,rest
51.2419,170837,rest
51.2459,170644,rest
51.2500,170874,rest
51.2545,171284,rest
51.2583,170808,rest
51.2626,170811,rest
51.2664,170856,rest
51.2705,171003,rest
51.2747,171235,rest
51.2787,170591,rest
51.2828,170722,rest
51.2869,170846,rest
51.2929,71035,rest
51.2965,171155,rest
51.2993,171035,rest
51.3033,170939,rest
51.3074,70645,rest
51.3119,171343,rest
51.3159,170885,rest
51.3196,171428,rest
51.3254,76,rest
51.3289,171163,rest
51.3320,170474,rest
51.3361,171278,rest
51.3404,79,rest
51.3455,171131,rest
51.3489,171230,rest
51.3526,170853,rest
51.3542,170,rest
51.3567,9,rest
51.3582,1087,rest
51.3609,170823,rest
51.3666,171040,rest
51.3688,170891,rest
51.3731,171177,rest
51.3773,170823,rest
51.3811,171005,rest
51.3852,170770,rest
51.3894,170838,rest
51.3936,170704,rest
51.3975,171189,rest
51.4016,171023,rest
51.4057,170592,rest
51.4098,170736,rest
51.4139,170572,rest
51.4180,170823,rest
51.4222,170505,rest
51.4264,171348,rest
51.4304,170833,rest
51.4344,170577,rest
51.4387,170891,rest
51.4435,171511,rest
51.4467,171082,rest
51.4508,170874,rest
51.4551,171047,rest
51.4602,170860,rest
51.4630,171577,rest
51.4671,170927,rest
51.4714,170776,rest
51.4765,171439,rest
51.4796,170904,rest
51.4806,171,rest
51.4835,195,rest
51.4852,17116,rest
51.4880,6,rest
51.4884,170965,rest
51.4938,7100,rest
51.4975,170997,rest
51.4999,171022,rest
51.5040,171342,rest
51.5083,7080,rest
51.5124,171062,rest
51.5170,170773,rest
51.5205,171298,rest
51.5245,71,rest
51.5296,170970,rest
51.5336,170866,rest
51.5369,170816,rest
51.5408,71350,rest
51.5452,171468,rest
51.5498,170996,rest
51.5531,171418,rest
51.5573,7139,rest
51.5620,171385,rest
51.5664,170631,rest
51.5696,170955,rest
51.5751,7,rest
51.5778,171292,rest
51.5827,171093,rest
51.5860,171467,rest
51.5901,7,rest
51.5948,171422,rest
51.5989,170714,rest
51.6024,171110,rest
51.6066,1077,rest
51.6082,17,rest
51.6118,054,rest
51.6140,17137,rest
51.6146,3,rest
51.6146,170519,rest
51.6187,171414,rest
51.6228,171155,rest
51.6273,170835,rest
51.6309,170777,rest
51.6350,171238,rest
51.6392,171033,rest
51.6441,170652,rest
51.6474,171408,rest
51.6514,171060,rest
51.6556,171072,rest
51.6600,171711,rest
51.6637,171534,rest
51.6678,170850,rest
51.6721,170913,rest
51.6772,171407,rest
51.6801,170673,rest
51.6842,171350,rest
51.6884,171350,rest
51.6925,171128,rest
51.6965,171192,rest
51.7006,170852,rest
51.7050,171294,rest
51.7096,170931,rest
51.7130,171283,rest
51.7171,171250,rest
51.7214,171036,rest
51.7258,171008,rest
51.7292,171414,rest
51.7334,171093,rest
51.7345,17,rest
51.7375,0980,rest
51.7388,17089,rest
51.7430,7,rest
51.7433,171068,rest
51.7457,170966,rest
51.7497,170970,rest
51.7538,171151,rest
51.7581,71202,rest
51.7625,170966,rest
51.7661,171088,rest
51.7702,171236,rest
51.7744,71286,rest
51.7812,170774,rest
51.7826,170577,rest
51.7867,171015,rest
51.7909,170864,rest
51.7948,171336,rest
51.7990,171179,rest
51.8030,170672,rest
51.8071,71189,rest
51.8112,171198,rest
51.8158,171227,rest
51.8195,171160,rest
51.8250,7093,rest
51.8285,171370,rest
51.8317,171040,rest
51.8359,171267,rest
51.8399,11313,rest
51.8453,171363,rest
51.8486,171614,rest
51.8522,170882,rest
51.8563,170800,rest
51.8607,170593,rest
51.8622,1,rest
51.8645,71128,rest
51.8659,1708,rest
51.8685,60,rest
51.8698,171049,rest
51.8727,171038,rest
51.8773,171498,rest
51.8808,171472,rest
51.8849,171463,rest
51.8890,171000,rest
51.8937,171081,rest
51.8972,171357,rest
51.9013,171587,rest
51.9055,171413,rest
51.9105,171298,rest
51.9136,171357,rest
51.9177,171313,rest
51.9219,171702,rest
51.9269,171021,rest
51.9299,170728,rest
51.9340,171651,rest
51.9383,171134,rest
51.9428,170841,rest
51.9466,171383,rest
51.9505,171739,rest
51.9548,170997,rest
51.9597,170904,rest
51.9628,171078,rest
51.9668,170843,rest
51.9712,170782,rest
51.9751,170900,rest
51.9793,171270,rest
51.9833,171535,rest
51.9874,171513,rest
51.9887,1,rest
51.9933,154,rest
51.9988,2,rest
51.9996,171122,rest
51.9997,170620,rest
52.0036,171045,rest
52.0081,171456,rest
52.0120,171315,rest
52.0160,170637,rest
52.0200,170745,rest
52.0266,71252,rest
52.0294,170700,rest
52.0325,171893,rest
52.0364,171249,rest
52.0424,7067,rest
52.0451,171701,rest
52.0494,170851,rest
52.0528,171256,rest
52.0612,171345,rest
52.0661,171137,rest
52.0692,171426,rest
52.0735,10634,rest
52.0775,171146,rest
52.0816,171584,rest
52.0856,171297,rest
52.0897,171125,rest
52.0945,171198,rest
52.0979,171407,rest
52.1020,170667,rest
52.1062,171630,rest
52.1103,171556,rest
52.1143,170896,rest
52.1161,1,rest
52.1184,70749,rest
52.1199,1713,rest
52.1225,35,rest
52.1235,170542,rest
52.1272,171348,rest
52.1306,171294,rest
52.1348,171184,rest
52.1389,170969,rest
52.1429,171545,rest
52.1470,171324,rest
52.1511,171238,rest
52.1554,170932,rest
52.1602,171230,rest
52.1635,171112,rest
52.1676,171123,rest
52.1719,171295,rest
52.1759,171351,rest
52.1798,171011,rest
52.1839,171185,rest
52.1889,171130,rest
52.1926,171338,rest
52.1964,171679,rest
52.2003,171024,rest
52.2046,171280,rest
52.2092,171199,rest
52.2126,171338,rest
52.2167,170577,rest
52.2209,171210,rest
52.2250,7116,rest
52.2293,171011,rest
52.2335,171393,rest
52.2372,170933,rest
52.2413,170997,rest
52.2454,171191,rest
52.2468,171,rest
52.2495,324,rest
52.2506,170953,rest
52.2536,170883,rest
52.2577,71292,rest
52.2646,171349,rest
52.2659,171311,rest
52.2699,170857,rest
52.2741,782,rest
52.2783,170822,rest
52.2832,170726,rest
52.2870,170881,rest
52.2906,15,rest
52.2950,171049,rest
52.2990,171514,rest
52.3028,171799,rest
52.3113,171746,rest
52.3151,171412,rest
52.3191,170987,rest
52.3232,170549,rest
52.3272,170810,rest
52.3314,170796,rest
52.3354,171110,rest
52.3396,171424,rest
52.3443,171286,rest
52.3477,170898,rest
52.3518,170914,rest
52.3561,171409,rest
52.3607,171064,rest
52.3641,170458,rest
52.3682,171099,rest
52.3726,171067,rest
52.3746,170,rest
52.3773,959,rest
52.3784,17105,rest
52.3805,2,rest
52.3806,171197,rest
52.3846,171464,rest
52.3890,171385,rest
52.3941,171321,rest
52.3969,171231,rest
52.4010,171503,rest
52.4054,171430,rest
52.4096,170687,rest
52.4133,171186,rest
52.4173,171159,rest
52.4218,171391,rest
52.4261,171575,rest
52.4297,171320,rest
52.4337,171587,rest
52.4385,170896,rest
52.4424,171038,rest
52.4460,170992,rest
52.4501,170535,rest
52.4552,171395,rest
52.4588,171786,rest
52.4624,170725,rest
52.4665,171473,rest
52.4706,171170,rest
52.4765,171412,rest
52.4789,171198,rest
52.4830,171090,rest
52.4870,171396,rest
52.4911,71332,rest
52.4953,171632,rest
52.4999,171279,rest
52.5009,17,rest
52.5034,0909,rest
52.5043,17093,rest
52.5077,70540,rest
52.5116,170897,rest
52.5158,171156,rest
52.5198,170953,rest
52.5240,170449,rest
52.5280,170952,rest
52.5321,171138,rest
52.5361,171005,rest
52.5403,7140,rest
52.5443,171351,rest
52.5485,170885,rest
52.5534,171073,rest
52.5581,171325,rest
52.5613,171409,rest
52.5649,171532,rest
52.5690,171174,rest
52.5732,1,rest
52.5782,171457,rest
52.5812,171203,rest
52.5854,171303,rest
52.5895,171165,rest
52.5945,170975,rest
52.5977,172204,rest
52.6017,171254,rest
52.6058,171265,rest
52.6102,170892,rest
52.6140,171529,rest
52.6180,170822,rest
52.6222,170849,rest
52.6264,171237,rest
52.6274,17,rest
52.6304,0749,rest
52.6320,17096,rest
52.6344,1,rest
52.6345,171610,rest
52.6387,171011,rest
52.6437,171655,rest
52.6467,171053,rest
52.6508,170817,rest
52.6553,171101,rest
52.6600,171185,rest
52.6632,171344,rest
52.6673,170974,rest
52.6716,170626,rest
52.6758,170657,rest
52.6795,171182,rest
52.6837,171086,rest
52.6878,171601,rest
52.6929,171504,rest
52.6959,171512,rest
52.6999,171218,rest
52.7050,171079,rest
52.7095,70823,rest
52.7124,171507,rest
52.7165,171521,rest
52.7205,171304,rest
52.7246,171421,rest
52.7288,170863,rest
52.7328,170584,rest
52.7368,171629,rest
52.7410,71198,rest
52.7451,171349,rest
52.7495,171393,rest
52.7534,170936,rest
52.7547,17,rest
52.7574,876,rest
52.7593,72,rest
52.7618,01,rest
52.7634,171306,rest
52.7655,171179,rest
52.7696,170886,rest
52.7751,7,rest
52.7779,171461,rest
52.7820,170648,rest
52.7862,171326,rest
52.7943,171033,rest
52.7989,171534,rest
52.8024,171019,rest
52.8083,17147,rest
52.8118,171015,rest
52.8148,171648,rest
52.8188,171008,rest
52.8229,170983,rest
52.8271,170830,rest
52.8310,171695,rest
52.8351,170627,rest
52.8392,170917,rest
52.8437,171110,rest
52.8474,171203,rest
52.8515,171296,rest
52.8557,171111,rest
52.8606,170932,rest
52.8638,171198,rest
52.8679,171277,rest
52.8721,171304,rest
52.8765,171115,rest
52.8803,171243,rest
52.8816,1,rest
52.8844,71651,rest
52.8854,1711,rest
52.8886,36,rest
52.8898,171310,rest
52.8925,171279,rest
52.8966,171216,rest
52.9007,170712,rest
52.9049,170967,rest
52.9096,171715,rest
52.9129,171587,rest
52.9171,171131,rest
52.9214,171592,rest
52.9269,171242,rest
52.9294,171044,rest
52.9334,171470,rest
52.9377,170737,rest
52.9429,171764,rest
52.9457,171033,rest
52.9498,170369,rest
52.9541,171024,rest
52.9596,171518,rest
52.9621,171385,rest
52.9662,171479,rest
52.9704,171099,rest
52.9761,7,rest
52.9795,171229,rest
52.9829,171704,rest
52.9867,171387,rest
52.9908,71625,rest
52.9950,171000,rest
52.9997,171050,rest
53.0039,170908,rest
53.0085,71277,rest
53.0125,0811,rest
53.0140,171,rest
53.0154,207,rest
53.0174,170951,rest
53.0195,171247,rest
53.0250,7,rest
53.0276,171429,rest
53.0318,171491,rest
53.0361,171163,rest
53.0400,71705,rest
53.0448,170922,rest
53.0492,171284,rest
53.0522,171306,rest
53.0564,171437,rest
53.0611,171593,rest
53.0645,171577,rest
53.0686,170658,rest
53.0727,170512,rest
53.0768,171129,rest
53.0809,171141,rest
53.0850,171110,rest
53.0891,170907,rest
53.0932,171164,rest
53.0974,171083,rest
53.1014,171475,rest
53.1055,171518,rest
53.1097,171171,rest
53.1136,171047,rest
53.1177,171395,rest
53.1220,171173,rest
53.1261,171329,rest
53.1301,171023,rest
53.1342,171177,rest
53.1356,1,rest
53.1384,71452,rest
53.1403,171,rest
53.1425,120,rest
53.1445,171494,rest
53.1465,171614,rest
53.1506,171053,rest
53.1546,171075,rest
53.1587,71301,rest
53.1640,171308,rest
53.1673,171472,rest
53.1713,171610,rest
53.1760,171186,rest
53.1792,171298,rest
53.1833,171193,rest
53.1874,171477,rest
53.1915,71532,rest
53.1965,171790,rest
53.1997,170871,rest
53.2037,170972,rest
53.2082,171880,rest
53.2121,171545,rest
53.2162,171585,rest
53.2202,171378,rest
53.2254,716,rest
53.2290,170675,rest
53.2324,171335,rest
53.2365,171192,rest
53.2407,71039,rest
53.2448,171508,rest
53.2490,171120,rest
53.2550,171048,rest
53.2571,171110,rest
53.2618,171680,rest
53.2652,171335,rest
53.2668,171,rest
53.2694,631,rest
53.2707,171571,rest
53.2753,7,rest
53.2786,171403,rest
53.2823,172089,rest
53.2858,171372,rest
53.2898,171283,rest
53.2942,171688,rest
53.2979,171530,rest
53.3021,170821,rest
53.3062,171405,rest
53.3114,171382,rest
53.3144,171411,rest
53.3184,171635,rest
53.3225,171823,rest
53.3273,171560,rest
53.3309,171401,rest
53.3349,171200,rest
53.3389,171388,rest
53.3430,171376,rest
53.3471,171245,rest
53.3512,171333,rest
53.3556,171391,rest
53.3595,171338,rest
53.3636,171143,rest
53.3676,171440,rest
53.3722,170774,rest
53.3769,171164,rest
53.3800,171282,rest
53.3840,171373,rest
53.3883,171228,rest
53.3931,171136,rest
53.3948,17,rest
53.3963,1102,rest
53.3977,17150,rest
53.4004,3,rest
53.4004,171504,rest
53.4052,171073,rest
53.4099,170987,rest
53.4128,171351,rest
53.4169,171355,rest
53.4209,171452,rest
53.4253,171086,rest
53.4290,170973,rest
53.4331,171245,rest
53.4372,171305,rest
53.4415,71205,rest
53.4486,171367,rest
53.4496,171675,rest
53.4536,170970,rest
53.4589,7163,rest
53.4619,171524,rest
53.4659,171534,rest
53.4700,171024,rest
53.4756,71,rest
53.4783,171057,rest
53.4830,171293,rest
53.4864,171562,rest
53.4906,7154,rest
53.4946,171547,rest
53.5003,171071,rest
53.5029,171587,rest
53.5069,7110,rest
53.5116,170620,rest
53.5152,171569,rest
53.5192,170571,rest
53.5205,17,rest
53.5233,80,rest
53.5251,1,rest
53.5276,171444,rest
53.5330,171204,rest
53.5358,171014,rest
53.5398,17323,rest
53.5438,170818,rest
53.5495,171330,rest
53.5520,171575,rest
53.5561,171123,rest
53.5603,171334,rest
53.5642,171342,rest
53.5683,171326,rest
53.5724,171420,rest
53.5770,171704,rest
53.5807,171027,rest
53.5847,170944,rest
53.5888,170741,rest
53.5936,171655,rest
53.5970,170757,rest
53.6011,171474,rest
53.6053,171605,rest
53.6103,170867,rest
53.6134,171113,rest
53.6174,171150,rest
53.6217,171292,rest
53.6261,171166,rest
53.6298,170949,rest
53.6338,171595,rest
53.6383,171644,rest
53.6429,170788,rest
53.6461,171075,rest
53.6469,17,rest
53.6502,1201,rest
53.6514,1712,rest
53.6544,32,rest
53.6561,171466,rest
53.6590,171249,rest
53.6627,171261,rest
53.6666,170754,rest
53.6709,171579,rest
53.6749,171395,rest
53.6790,171330,rest
53.6830,171849,rest
53.6870,171721,rest
53.6912,71339,rest
53.6953,171392,rest
53.6999,171043,rest
53.7035,170839,rest
53.7076,71038,rest
53.7128,171239,rest
53.7160,171364,rest
53.7198,171565,rest
53.7240,71167,rest
53.7291,170689,rest
53.7330,171043,rest
53.7363,170902,rest
53.7404,70946,rest
53.7460,171479,rest
53.7487,170861,rest
53.7528,171477,rest
53.7567,70838,rest
53.7610,171096,rest
53.7651,171064,rest
53.7691,171408,rest
53.7751,1713,rest
53.7775,1048,rest
53.7786,1711,rest
53.7813,09,rest
53.7831,171562,rest
53.7854,171314,rest
53.7895,171924,rest
53.7937,171109,rest
53.7976,171031,rest
53.8018,171197,rest
53.8059,171331,rest
53.8102,170745,rest
53.8141,171089,rest
53.8181,170918,rest
53.8223,171369,rest
53.8268,170928,rest
53.8305,170873,rest
53.8345,171041,rest
53.8387,171505,rest
53.8430,171122,rest
53.8468,171227,rest
53.8509,171622,rest
53.8551,171540,rest
53.8602,171321,rest
53.8632,171189,rest
53.8674,171092,rest
53.8716,171677,rest
53.8770,171702,rest
53.8796,171000,rest
53.8836,171891,rest
53.8880,170927,rest
53.8920,171167,rest
53.8959,171207,rest
53.9000,171202,rest
53.9018,1,rest
53.9042,71404,rest
53.9066,1713,rest
53.9096,16,rest
53.9110,171176,rest
53.9125,171195,rest
53.9165,171469,rest
53.9209,171468,rest
53.9247,71581,rest
53.9306,171038,rest
53.9329,171622,rest
53.9371,171277,rest
53.9417,171017,rest
53.9451,171276,rest
53.9492,171269,rest
53.9533,171677,rest
53.9575,171117,rest
53.9615,171756,rest
53.9656,171528,rest
53.9697,171200,rest
53.9759,71,rest
53.9779,171219,rest
53.9820,171309,rest
53.9860,171132,rest
53.9903,171406,rest
53.9946,171376,rest
53.9984,171519,rest
54.0025,171162,rest
54.0068,119,rest
54.0109,171220,rest
54.0151,171605,rest
54.0207,171246,rest
54.0230,171793,rest
54.0272,171151,rest
54.0283,1,rest
54.0312,71298,rest
54.0322,171,rest
54.0352,115,rest
54.0366,170957,rest
54.0394,171102,rest
54.0441,171202,rest
54.0475,171468,rest
54.0516,171109,rest
54.0557,171185,rest
54.0604,171156,rest
54.0639,170900,rest
54.0680,171260,rest
54.0723,171246,rest
54.0766,171427,rest
54.0803,170995,rest
54.0844,171218,rest
54.0886,171519,rest
54.0930,171347,rest
54.0968,171170,rest
54.1008,171461,rest
54.1050,171526,rest
54.1092,171091,rest
54.1131,171009,rest
54.1171,171468,rest
54.1216,171593,rest
54.1261,171402,rest
54.1294,171089,rest
54.1335,171465,rest
54.1382,171105,rest
54.1427,171175,rest
54.1458,171610,rest
54.1499,170841,rest
54.1541,171689,rest
54.1554,1,rest
54.1584,71442,rest
54.1597,171,rest
54.1622,114,rest
54.1636,170936,rest
54.1665,171010,rest
54.1705,170842,rest
54.1745,71077,rest
54.1812,170799,rest
54.1833,171112,rest
54.1868,171113,rest
54.1921,710,rest
54.1953,171261,rest
54.1997,171171,rest
54.2032,170902,rest
54.2073,70861,rest
54.2117,170750,rest
54.2164,171014,rest
54.2196,171033,rest
54.2256,1707,rest
54.2280,170760,rest
54.2321,171009,rest
54.2360,170946,rest
54.2403,794,rest
54.2457,116,rest
54.2485,170815,rest
54.2533,170993,rest
54.2565,171054,rest
54.2607,170917,rest
54.2646,171382,rest
54.2687,170799,rest
54.2729,171074,rest
54.2769,171006,rest
54.2810,171063,rest
54.2851,171418,rest
54.2862,170,rest
54.2892,884,rest
54.2905,171017,rest
54.2933,171325,rest
54.2973,171023,rest
54.3014,171506,rest
54.3058,170812,rest
54.3097,171070,rest
54.3137,171543,rest
54.3178,171633,rest
54.3220,171102,rest
54.3270,171341,rest
54.3301,171332,rest
54.3342,170757,rest
54.3386,171232,rest
54.3430,171345,rest
54.3465,171168,rest
54.3506,170899,rest
54.3549,170390,rest
54.3589,171087,rest
54.3629,170848,rest
54.3670,171306,rest
54.3712,170617,rest
54.3755,171496,rest
54.3793,170729,rest
54.3833,170488,rest
54.3875,170510,rest
54.3916,71352,rest
54.3964,171244,rest
54.4006,170857,rest
54.4039,170968,rest
54.4087,171032,rest
54.4121,171062,rest
54.4132,171,rest
54.4162,583,rest
54.4176,17076,rest
54.4202,9,rest
54.4203,170628,rest
54.4246,171152,rest
54.4286,170439,rest
54.4326,170823,rest
54.4366,171409,rest
54.4408,71088,rest
54.4454,170859,rest
54.4490,170882,rest
54.4530,170671,rest
54.4583,708,rest
54.4618,171130,rest
54.4654,171119,rest
54.4694,170933,rest
54.4735,7922,rest
54.4787,171290,rest
54.4818,171082,rest
54.4859,171402,rest
54.4945,171072,rest
54.4990,171667,rest
54.5023,170611,rest
54.5064,170908,rest
54.5106,170605,rest
54.5144,171478,rest
54.5185,170831,rest
54.5226,170915,rest
54.5269,170234,rest
54.5308,171177,rest
54.5349,171028,rest
54.5391,171381,rest
54.5401,17,rest
54.5443,1173,rest
54.5463,17098,rest
54.5472,9,rest
54.5473,170589,rest
54.5513,171287,rest
54.5555,170828,rest
54.5601,171048,rest
54.5637,171032,rest
54.5679,170617,rest
54.5719,171207,rest
54.5760,170721,rest
54.5800,171469,rest
54.5840,171373,rest
54.5883,170916,rest
54.5927,171178,rest
54.5964,170988,rest
54.6004,171166,rest
54.6048,171136,rest
54.6087,171304,rest
54.6128,171672,rest
54.6169,171940,rest
54.6210,171823,rest
54.6264,171013,rest
54.6291,171365,rest
54.6332,171339,rest
54.6374,171759,rest
54.6427,171586,rest
54.6455,171358,rest
54.6496,171270,rest
54.6537,171210,rest
54.6578,71646,rest
54.6629,171312,rest
54.6662,171746,rest
54.6673,17,rest
54.6702,1816,rest
54.6718,17145,rest
54.6789,171355,rest
54.6825,171555,rest
54.6865,171497,rest
54.6906,711,rest
54.6958,171331,rest
54.6988,171402,rest
54.7029,170891,rest
54.7070,714,rest
54.7116,171272,rest
54.7152,171331,rest
54.7193,171639,rest
54.7236,17,rest
54.7281,171235,rest
54.7321,171479,rest
54.7356,171279,rest
54.7399,1741,rest
54.7438,171223,rest
54.7479,171485,rest
54.7520,171660,rest
54.7562,171498,rest
54.7603,171168,rest
54.7644,171777,rest
54.7684,171252,rest
54.7725,171620,rest
54.7768,171138,rest
54.7808,171893,rest
54.7850,171880,rest
54.7889,171209,rest
54.7935,171454,rest
54.7947,1,rest
54.7970,71338,rest
54.7984,1716,rest
54.8012,03,rest
54.8023,171707,rest
54.8055,171291,rest
54.8098,171550,rest
54.8135,171285,rest
54.8176,171233,rest
54.8219,171482,rest
54.8266,171850,rest
54.8298,171383,rest
54.8339,170871,rest
54.8383,171083,rest
54.8431,170918,rest
54.8462,170953,rest
54.8503,171294,rest
54.8548,171001,rest
54.8601,171165,rest
54.8627,171528,rest
54.8667,171284,rest
54.8710,171183,rest
54.8763,171393,rest
54.8790,171610,rest
54.8831,171125,rest
54.8872,170658,rest
54.8916,171474,rest
54.8954,171780,rest
54.8994,171484,rest
54.9036,171506,rest
54.9129,171504,rest
54.9159,171046,rest
54.9200,171043,rest
54.9214,1,rest
54.9241,1220,rest
54.9258,1717,rest
54.9281,0,rest
54.9294,1714786,rest
54.9324,171703,rest
54.9364,171597,rest
54.9418,76,rest
54.9460,171387,rest
54.9487,171217,rest
54.9527,170876,rest
54.9568,7165,rest
54.9612,171283,rest
54.9651,171208,rest
54.9692,171260,rest
54.9746,1716,rest
54.9782,171988,rest
54.9815,171067,rest
54.9855,171297,rest
54.9896,171845,rest
54.9937,171428,rest
54.9977,171599,rest
55.0018,170708,rest
55.0060,171356,rest
55.0108,171158,rest
55.0141,171364,rest
55.0182,171425,rest
55.0224,171156,rest
55.0264,171390,rest
55.0305,171691,rest
55.0346,171475,rest
55.0388,171019,rest
55.0430,171553,rest
55.0469,171637,rest
55.0482,1,rest
55.0510,71437,rest
55.0527,1714,rest
55.0553,48,rest
55.0563,171340,rest
55.0595,171210,rest
55.0634,171357,rest
55.0675,171759,rest
55.0717,171978,rest
55.0760,171853,rest
55.0796,171094,rest
55.0838,172076,rest
55.0880,171440,rest
55.0927,171457,rest
55.0961,172050,rest
55.1001,171151,rest
55.1042,171739,rest
55.1084,170944,rest
55.1125,171268,rest
55.1166,171303,rest
55.1209,171444,rest
55.1250,71036,rest
55.1288,171363,rest
55.1330,171308,rest
55.1370,171164,rest
55.1413,171432,rest
55.1453,170979,rest
55.1494,171126,rest
55.1534,171370,rest
55.1576,750,rest
55.1633,171709,rest
55.1657,171539,rest
55.1698,171222,rest
55.1739,11,rest
55.1793,171259,rest
55.1808,171,rest
55.1826,314,rest
55.1841,171557,rest
55.1863,171084,rest
55.1918,71057,rest
55.1945,171113,rest
55.1985,171067,rest
55.2025,171230,rest
55.2087,8,rest
55.2111,171826,rest
55.2150,171479,rest
55.2190,171339,rest
55.2246,1,rest
55.2282,171045,rest
55.2312,171662,rest
55.2353,171405,rest
55.2395,171440,rest
55.2435,171279,rest
55.2476,170995,rest
55.2518,171606,rest
55.2559,172005,rest
55.2599,172069,rest
55.2640,171306,rest
55.2681,171486,rest
55.2724,171682,rest
55.2764,171889,rest
55.2803,170930,rest
55.2844,171375,rest
55.2887,171533,rest
55.2930,171672,rest
55.2969,171479,rest
55.3010,171999,rest
55.3052,171334,rest
55.3072,171,rest
55.3095,690,rest
55.3107,171851,rest
55.3133,171607,rest
55.3173,171545,rest
55.3216,171662,rest
55.3270,171056,rest
55.3295,170814,rest
55.3336,171414,rest
55.3383,171352,rest
55.3426,171093,rest
55.3459,171752,rest
55.3500,171704,rest
55.3541,171064,rest
55.3597,171865,rest
55.3623,171273,rest
55.3664,171151,rest
55.3705,170954,rest
55.3747,71318,rest
55.3786,171791,rest
55.3828,171730,rest
55.3868,171759,rest
55.3911,717,rest
55.3957,171072,rest
55.3992,171372,rest
55.4032,171429,rest
55.4075,19,rest
55.4117,171229,rest
55.4160,171156,rest
55.4197,170753,rest
55.4238,32,rest
55.4286,171052,rest
55.4320,171435,rest
55.4334,170,rest
55.4360,814,rest
55.4372,171603,rest
55.4417,17112,rest
55.4455,170933,rest
55.4486,171148,rest
55.4525,171197,rest
55.4582,11272,rest
55.4609,171294,rest
55.4655,171124,rest
55.4689,171366,rest
55.4730,171340,rest
55.4775,171210,rest
55.4811,171184,rest
55.4852,171562,rest
55.4893,171460,rest
55.4933,171594,rest
55.4975,171337,rest
55.5016,170826,rest
55.5057,170806,rest
55.5104,171378,rest
55.5138,171348,rest
55.5179,171377,rest
55.5222,171178,rest
55.5269,171213,rest
55.5302,171235,rest
55.5343,171725,rest
55.5386,171176,rest
55.5428,171142,rest
55.5466,171811,rest
55.5507,171118,rest
55.5549,171199,rest
55.5590,171433,rest
55.5607,17,rest
55.5630,0721,rest
55.5643,17079,rest
55.5671,2,rest
55.5671,171106,rest
55.5714,171638,rest
55.5759,171723,rest
55.5794,172045,rest
55.5834,171076,rest
55.5877,171227,rest
55.5917,707,rest
55.5962,170959,rest
55.6003,171632,rest
55.6041,171785,rest
55.6083,171225,rest
55.6122,171534,rest
55.6162,171270,rest
55.6203,171507,rest
55.6248,71355,rest
55.6285,171457,rest
55.6326,171196,rest
55.6367,171395,rest
55.6424,714,rest
55.6450,170735,rest
55.6490,170965,rest
55.6531,171199,rest
55.6619,171146,rest
55.6655,171328,rest
55.6695,171204,rest
55.6737,20,rest
55.6783,171415,rest
55.6817,171271,rest
55.6859,171135,rest
55.6871,17,rest
55.6900,813,rest
55.6915,1,rest
55.6941,171554,rest
55.6984,171462,rest
55.7022,170866,rest
55.7083,1716,rest
55.7113,171069,rest
55.7146,171279,rest
55.7186,171206,rest
55.7228,171216,rest
55.7272,170905,rest
55.7309,171202,rest
55.7350,171169,rest
55.7391,171420,rest
55.7432,171639,rest
55.7474,171167,rest
55.7514,171300,rest
55.7555,171704,rest
55.7597,171056,rest
55.7637,170998,rest
55.7678,171019,rest
55.7721,171217,rest
55.7761,171334,rest
55.7802,171387,rest
55.7842,171594,rest
55.7885,170944,rest
55.7934,171424,rest
55.7966,171569,rest
55.8005,171604,rest
55.8049,171016,rest
55.8091,171712,rest
55.8130,171367,rest
55.8143,1,rest
55.8170,71739,rest
55.8180,1717,rest
55.8212,43,rest
55.8224,171048,rest
55.8253,170927,rest
55.8292,171603,rest
55.8333,171146,rest
55.8374,171905,rest
55.8418,171506,rest
55.8456,171419,rest
55.8497,171120,rest
55.8538,171156,rest
55.8585,171081,rest
55.8622,171102,rest
55.8662,171483,rest
55.8702,171478,rest
55.8744,71129,rest
55.8792,171040,rest
55.8824,171225,rest
55.8865,171445,rest
55.8908,730,rest
55.8952,171452,rest
55.8988,171562,rest
55.9029,171191,rest
55.9081,7161,rest
55.9119,171455,rest
55.9152,171664,rest
55.9194,171521,rest
55.9234,71398,rest
55.9277,171269,rest
55.9317,171399,rest
55.9358,171286,rest
55.9416,171511,rest
55.9451,71093,rest
55.9466,1709,rest
55.9480,59,rest
55.9495,171046,rest
55.9521,171317,rest
55.9563,171191,rest
55.9603,171494,rest
55.9644,171848,rest
55.9685,170745,rest
55.9728,171213,rest
55.9772,171314,rest
55.9807,170772,rest
55.9848,171226,rest
55.9890,171545,rest
55.9933,171460,rest
55.9971,171040,rest
56.0012,171852,rest
56.0054,171302,rest
56.0105,171105,rest
56.0136,170904,rest
56.0176,171590,rest
56.0219,171671,rest
56.0260,171196,rest
56.0299,171688,rest
56.0340,171214,rest
56.0383,171272,rest
56.0424,171615,rest
56.0465,171287,rest
56.0504,171030,rest
56.0547,171695,rest
56.0590,171288,rest
56.0627,170776,rest
56.0668,171285,rest
56.0679,1,rest
56.0710,71493,rest
56.0723,171,rest
56.0758,172,rest
56.0779,171654,rest
56.0791,171576,rest
56.0832,171007,rest
56.0872,172107,rest
56.0929,71384,rest
56.0959,171626,rest
56.0995,171327,rest
56.1036,170961,rest
56.1098,71,rest
56.1120,171585,rest
56.1161,171423,rest
56.1200,171981,rest
56.1256,78,rest
56.1286,170925,rest
56.1323,171412,rest
56.1364,170924,rest
56.1406,71359,rest
56.1457,171840,rest
56.1488,171332,rest
56.1529,171050,rest
56.1571,564,rest
56.1613,171383,rest
56.1654,171326,rest
56.1692,171176,rest
56.1733,171299,rest
56.1775,171682,rest
56.1815,171541,rest
56.1856,171062,rest
56.1897,171093,rest
56.1939,171334,rest
56.1980,170901,rest
56.1991,171,rest
56.2020,367,rest
56.2040,171375,rest
56.2061,170627,rest
56.2102,171574,rest
56.2142,171276,rest
56.2183,171218,rest
56.2225,171464,rest
56.2265,171164,rest
56.2306,171454,rest
56.2347,171220,rest
56.2391,171676,rest
56.2436,171593,rest
56.2472,171211,rest
56.2512,171463,rest
56.2555,170792,rest
56.2603,171745,rest
56.2634,171443,rest
56.2675,171452,rest
56.2717,171037,rest
56.2770,171285,rest
56.2798,171483,rest
56.2838,170953,rest
56.2880,171177,rest
56.2930,171130,rest
56.2961,171326,rest
56.3002,170959,rest
56.3047,171023,rest
56.3088,171138,rest
56.3125,171061,rest
56.3166,171147,rest
56.3207,171514,rest
56.3250,171419,rest
56.3264,17,rest
56.3290,1023,rest
56.3303,17178,rest
56.3330,9,rest
56.3331,171177,rest
56.3371,171137,rest
56.3428,76,rest
56.3463,171118,rest
56.3495,171257,rest
56.3535,171357,rest
56.3591,71,rest
56.3621,171481,rest
56.3660,170932,rest
56.3699,171321,rest
56.3741,039,rest
56.3787,171565,rest
56.3830,171765,rest
56.3862,171128,rest
56.3904,7140,rest
56.3945,171557,rest
56.3989,171707,rest
56.4028,170908,rest
56.4083,7,rest
56.4114,171060,rest
56.4152,171320,rest
56.4190,171325,rest
56.4242,1718,rest
56.4278,171205,rest
56.4318,171212,rest
56.4355,171490,rest
56.4396,171449,rest
56.4446,171252,rest
56.4477,171009,rest
56.4518,171653,rest
56.4528,17,rest
56.4559,1447,rest
56.4572,17133,rest
56.4600,7,rest
56.4602,171081,rest
56.4642,171673,rest
56.4682,171368,rest
56.4723,171256,rest
56.4773,171033,rest
56.4805,171231,rest
56.4845,171259,rest
56.4888,170547,rest
56.4937,171654,rest
56.4968,171435,rest
56.5009,171045,rest
56.5052,171284,rest
56.5094,170966,rest
56.5132,171417,rest
56.5173,171189,rest
56.5215,171218,rest
56.5265,171263,rest
56.5296,171322,rest
56.5337,171102,rest
56.5380,171003,rest
56.5421,171257,rest
56.5460,171007,rest
56.5501,171163,rest
56.5543,171204,rest
56.5587,171045,rest
56.5624,171312,rest
56.5665,171503,rest
56.5706,170950,rest
56.5747,70846,rest
56.5789,171643,rest
56.5808,17,rest
56.5833,1413,rest
56.5851,17135,rest
56.5869,8,rest
56.5883,170624,rest
56.5914,171587,rest
56.5952,171598,rest
56.5992,171075,rest
56.6033,171418,rest
56.6076,7118,rest
56.6116,171126,rest
56.6159,171226,rest
56.6197,171464,rest
56.6251,7174,rest
56.6280,170868,rest
56.6321,171714,rest
56.6361,171498,rest
56.6404,715,rest
56.6456,171248,rest
56.6490,171172,rest
56.6526,171141,rest
56.6566,171372,rest
56.6609,171455,rest
56.6648,171135,rest
56.6689,171400,rest
56.6732,17167,rest
56.6777,171334,rest
56.6812,171314,rest
56.6853,170756,rest
56.6894,170787,rest
56.6938,171184,rest
56.6976,171084,rest
56.7016,171610,rest
56.7058,171843,rest
56.7067,17,rest
56.7098,1200,rest
56.7101,1718,rest
56.7140,74,rest
56.7154,171245,rest
56.7181,171191,rest
56.7225,171553,rest
56.7266,170820,rest
56.7305,170968,rest
56.7345,171258,rest
56.7388,171844,rest
56.7428,170742,rest
56.7468,170905,rest
56.7509,170856,rest
56.7553,170659,rest
56.7598,171158,rest
56.7631,171206,rest
56.7672,171143,rest
56.7715,171080,rest
56.7755,171310,rest
56.7795,170993,rest
56.7835,171353,rest
56.7878,170829,rest
56.7921,171042,rest
56.7960,171761,rest
56.7999,171223,rest
56.8040,171295,rest
56.8082,71315,rest
56.8128,171770,rest
56.8164,171154,rest
56.8204,171682,rest
56.8246,171390,rest
56.8286,171145,rest
56.8327,171048,rest
56.8339,1,rest
56.8368,71140,rest
56.8386,1710,rest
56.8410,5,rest
56.8421,171505,rest
56.8451,171404,rest
56.8493,171615,rest
56.8532,171436,rest
56.8616,170990,rest
56.8655,170980,rest
56.8696,171547,rest
56.8737,17067,rest
56.8781,171346,rest
56.8819,171635,rest
56.8861,171450,rest
56.8902,71380,rest
56.8943,171416,rest
56.8987,171264,rest
56.9025,171654,rest
56.9065,170874,rest
56.9106,171404,rest
56.9146,170694,rest
56.9187,170825,rest
56.9228,171590,rest
56.9276,171330,rest
56.9310,171449,rest
56.9351,170774,rest
56.9393,170908,rest
56.9436,170750,rest
56.9476,171046,rest
56.9515,171362,rest
56.9556,170832,rest
56.9600,171373,rest
56.9616,1,rest
56.9638,71194,rest
56.9656,1713,rest
56.9679,88,rest
56.9691,171056,rest
56.9722,170576,rest
56.9765,171492,rest
56.9801,171467,rest
56.9842,170955,rest
56.9885,171035,rest
56.9934,171626,rest
56.9965,171502,rest
57.0007,171080,rest
57.0050,171070,rest
57.0091,171002,rest
57.0129,171005,rest
57.0170,171165,rest
57.0213,171226,rest
57.0253,171646,rest
57.0295,171095,rest
57.0335,170922,rest
57.0378,171253,rest
57.0419,171286,rest
57.0457,170847,rest
57.0497,171356,rest
57.0539,171712,rest
57.0581,7179,rest
57.0634,171404,rest
57.0667,171351,rest
57.0703,171326,rest
57.0757,0,rest
57.0785,170972,rest
57.0832,171014,rest
57.0867,171202,rest
57.0883,1,rest
57.0920,1081709,rest
57.0957,64,rest
57.0973,171627,rest
57.0990,171309,rest
57.1030,170956,rest
57.1072,15,rest
57.1113,171312,rest
57.1160,171545,rest
57.1195,171589,rest
57.1249,1,rest
57.1292,171202,rest
57.1321,171231,rest
57.1359,171322,rest
57.1412,84,rest
57.1450,171433,rest
57.1486,171785,rest
57.1522,171370,rest
57.1563,171387,rest
57.1604,170839,rest
57.1645,171523,rest
57.1686,171013,rest
57.1727,170759,rest
57.1770,171238,rest
57.1810,171127,rest
57.1850,171714,rest
57.1890,171583,rest
57.1935,171587,rest
57.1972,171005,rest
57.2013,171424,rest
57.2056,170882,rest
57.2097,171732,rest
57.2138,171311,rest
57.2152,1,rest
57.2178,71316,rest
57.2189,1711,rest
57.2220,95,rest
57.2234,171320,rest
57.2260,171045,rest
57.2301,171366,rest
57.2342,171648,rest
57.2384,171437,rest
57.2434,171642,rest
57.2464,170894,rest
57.2505,171037,rest
57.2547,171485,rest
57.2597,171057,rest
57.2628,171098,rest
57.2668,171207,rest
57.2710,171708,rest
57.2762,171127,rest
57.2793,171975,rest
57.2834,171387,rest
57.2875,171509,rest
57.2914,70912,rest
57.2955,170839,rest
57.2997,171153,rest
57.3037,171110,rest
57.3079,757,rest
57.3136,171282,rest
57.3161,171042,rest
57.3202,171428,rest
57.3248,171328,rest
57.3283,171266,rest
57.3324,170830,rest
57.3365,171359,rest
57.3412,71332,rest
57.3423,1 ,rest
57.3457,628,rest
57.3474,170,rest
57.3489,984,rest
57.3505,171369,rest
57.3529,171445,rest
57.3570,71148,rest
57.3617,171124,rest
57.3653,171303,rest
57.3692,171488,rest
57.3747,7140,rest
57.3775,171366,rest
57.3816,171159,rest
57.3857,171005,rest
57.3899,1711,rest
57.3949,171505,rest
57.3980,171197,rest
57.4021,171326,rest
57.4062,171255,rest
57.4102,171618,rest
57.4143,171135,rest
57.4184,171479,rest
57.4227,171737,rest
57.4267,171597,rest
57.4307,171530,rest
57.4348,171775,rest
57.4393,171653,rest
57.4442,171507,rest
57.4471,171183,rest
57.4512,171629,rest
57.4554,171382,rest
57.4600,171478,rest
57.4635,170961,rest
57.4676,171097,rest
57.4718,171170,rest
57.4734,171,rest
57.4757,529,rest
57.4769,170931,rest
57.4799,171493,rest
57.4839,171082,rest
57.4882,171464,rest
57.4936,170926,rest
57.4963,171939,rest
57.5004,170649,rest
57.5047,170974,rest
57.5090,171071,rest
57.5126,171602,rest
57.5167,171255,rest
57.5209,171531,rest
57.5252,171211,rest
57.5290,171380,rest
57.5331,171235,rest
57.5372,171186,rest
57.5414,71455,rest
57.5467,171478,rest
57.5498,171993,rest
57.5536,171871,rest
57.5589,78,rest
57.5627,171493,rest
57.5660,171127,rest
57.5700,171479,rest
57.5741,71226,rest
57.5790,171344,rest
57.5823,171438,rest
57.5864,171059,rest
57.5905,71463,rest
57.5950,170940,rest
57.5986,171245,rest
57.6002,17,rest
57.6027,1220,rest
57.6038,17116,rest
57.6069,71215,rest
57.6120,171309,rest
57.6151,171236,rest
57.6191,171110,rest
57.6233,411,rest
57.6281,171745,rest
57.6314,171484,rest
57.6355,170833,rest
57.6396,171163,rest
57.6437,170876,rest
57.6478,170933,rest
57.6519,171582,rest
57.6560,171142,rest
57.6602,171909,rest
57.6643,171231,rest
57.6684,172004,rest
57.6724,171632,rest
57.6767,171113,rest
57.6807,170814,rest
57.6847,171039,rest
57.6888,171422,rest
57.6932,171365,rest
57.6970,171572,rest
57.7010,171436,rest
57.7053,171159,rest
57.7102,171119,rest
57.7133,171127,rest
57.7174,171350,rest
57.7218,171395,rest
57.7266,171454,rest
57.7280,17,rest
57.7297,0795,rest
57.7310,17162,rest
57.7339,2,rest
57.7339,170561,rest
57.7384,171229,rest
57.7438,171425,rest
57.7462,171292,rest
57.7502,171360,rest
57.7545,170935,rest
57.7600,171534,rest
57.7625,171478,rest
57.7666,171284,rest
57.7712,171343,rest
57.7762,171163,rest
57.7790,171364,rest
57.7830,171453,rest
57.7870,171413,rest
57.7912,7125,rest
57.7980,171408,rest
57.7994,171575,rest
57.8034,171343,rest
57.8076,71014,rest
57.8129,171256,rest
57.8158,171068,rest
57.8199,171686,rest
57.8239,638,rest
57.8289,171242,rest
57.8322,171164,rest
57.8363,171617,rest
57.8417,712,rest
57.8445,171167,rest
57.8485,171075,rest
57.8526,171562,rest
57.8538,17,rest
57.8567,610,rest
57.8582,1714,rest
57.8616,5,rest
57.8631,171108,rest
57.8649,170985,rest
57.8689,171263,rest
57.8749,1,rest
57.8772,171133,rest
57.8812,171245,rest
57.8853,171032,rest
57.8895,170865,rest
57.8935,171701,rest
57.8976,171515,rest
57.9017,171384,rest
57.9059,171045,rest
57.9103,171184,rest
57.9140,170993,rest
57.9181,170850,rest
57.9223,171368,rest
57.9270,171256,rest
57.9305,170862,rest
57.9345,170858,rest
57.9388,170864,rest
57.9435,171146,rest
57.9468,171205,rest
57.9508,171176,rest
57.9553,171092,rest
57.9603,171077,rest
57.9632,171464,rest
57.9672,170212,rest
57.9716,172000,rest
57.9766,171101,rest
57.9797,171201,rest
57.9809,17,rest
57.9838,1515,rest
57.9853,17127,rest
57.9879,7,rest
57.9890,171063,rest
57.9920,171297,rest
57.9959,170568,rest
58.0000,171373,rest
58.0042,171159,rest
58.0082,171268,rest
58.0123,171294,rest
58.0164,171151,rest
58.0205,170457,rest
58.0248,17107,rest
58.0287,171007,rest
58.0328,171057,rest
58.0369,171220,rest
58.0429,71358,rest
58.0463,171271,rest
58.0493,170763,rest
58.0533,171219,rest
58.0574,70750,rest
58.0620,171119,rest
58.0660,171163,rest
58.0697,171150,rest
58.0751,706,rest
58.0787,171438,rest
58.0820,171409,rest
58.0860,171160,rest
58.0902,70972,rest
58.0949,170884,rest
58.0985,171056,rest
58.1025,171457,rest
58.1068,17177,rest
58.1078,1,rest
58.1117,0870,rest
58.1133,1712,rest
58.1147,15,rest
58.1159,170964,rest
58.1188,171191,rest
58.1229,171207,rest
58.1271,171250,rest
58.1312,171248,rest
58.1352,171223,rest
58.1394,171536,rest
58.1434,171280,rest
58.1476,171010,rest
58.1516,171591,rest
58.1557,171027,rest
58.1598,171095,rest
58.1639,170682,rest
58.1680,170889,rest
58.1722,171344,rest
58.1772,171248,rest
58.1804,171759,rest
58.1843,170947,rest
58.1887,171407,rest
58.1936,171275,rest
58.1966,171120,rest
58.2007,170879,rest
58.2051,171388,rest
58.2100,171237,rest
58.2130,171141,rest
58.2171,171252,rest
58.2218,171526,rest
58.2254,171189,rest
58.2294,171199,rest
58.2335,171347,rest
58.2344,1,rest
58.2378,71299,rest
58.2390,171,rest
58.2425,334,rest
58.2443,170906,rest
58.2458,171116,rest
58.2499,171702,rest
58.2541,170844,rest
58.2584,170885,rest
58.2623,171674,rest
58.2663,170907,rest
58.2703,171089,rest
58.2763,7113,rest
58.2795,171077,rest
58.2826,171156,rest
58.2867,171225,rest
58.2908,71620,rest
58.2950,171120,rest
58.2999,171126,rest
58.3038,171356,rest
58.3091,1795,rest
58.3127,171077,rest
58.3162,171057,rest
58.3199,170745,rest
58.3252,170850,rest
58.3283,170775,rest
58.3319,171075,rest
58.3359,170901,rest
58.3443,170856,rest
58.3488,171301,rest
58.3523,171131,rest
58.3564,171346,rest
58.3609,171111,rest
58.3626,1,rest
58.3646,71067,rest
58.3657,171,rest
58.3687,080,rest
58.3702,171293,rest
58.3729,171423,rest
58.3777,171144,rest
58.3809,171578,rest
58.3850,171210,rest
58.3891,171406,rest
58.3934,171597,rest
58.3974,171518,rest
58.4015,171363,rest
58.4056,171131,rest
58.4099,171506,rest
58.4138,171712,rest
58.4178,171298,rest
58.4221,171133,rest
58.4267,171729,rest
58.4302,171160,rest
58.4343,171548,rest
58.4385,171781,rest
58.4431,171141,rest
58.4465,171323,rest
58.4506,171358,rest
58.4550,171009,rest
58.4588,171450,rest
58.4629,171321,rest
58.4669,171784,rest
58.4711,171641,rest
58.4756,170888,rest
58.4792,171185,rest
58.4833,171607,rest
58.4875,171340,rest
58.4932,71679,rest
58.4962,332,rest
58.4975,17174,rest
58.4997,1,rest
58.5000,171602,rest
58.5038,170791,rest
58.5079,71483,rest
58.5127,171482,rest
58.5170,171496,rest
58.5202,171858,rest
58.5261,171211,rest
58.5284,171628,rest
58.5325,171258,rest
58.5366,171239,rest
58.5408,71053,rest
58.5453,171384,rest
58.5491,170878,rest
58.5530,171514,rest
58.5588,7,rest
58.5621,171221,rest
58.5653,171634,rest
58.5699,170837,rest
58.5736,714,rest
58.5779,171089,rest
58.5830,171318,rest
58.5857,171060,rest
58.5900,17703,rest
58.5947,170945,rest
58.5981,171258,rest
58.6022,170880,rest
58.6062,170953,rest
58.6114,171402,rest
58.6144,171265,rest
58.6185,171420,rest
58.6201,171,rest
58.6226,652,rest
58.6238,17100,rest
58.6267,3,rest
58.6271,171167,rest
58.6308,171256,rest
58.6349,170746,rest
58.6391,171513,rest
58.6434,171231,rest
58.6473,171080,rest
58.6513,171211,rest
58.6555,170869,rest
58.6604,170917,rest
58.6636,171162,rest
58.6676,171086,rest
58.6719,171145,rest
58.6760,171464,rest
58.6799,171129,rest
58.6840,171284,rest
58.6882,171112,rest
58.6924,171746,rest
58.6964,171039,rest
58.7005,170940,rest
58.7050,171497,rest
58.7093,71444,rest
58.7128,171343,rest
58.7169,170723,rest
58.7210,171386,rest
58.7259,171388,rest
58.7291,171479,rest
58.7332,171050,rest
58.7377,171561,rest
58.7414,171120,rest
58.7455,171363,rest
58.7466,17,rest
58.7496,0939,rest
58.7513,17128,rest
58.7536,7,rest
58.7537,171750,rest
58.7578,71267,rest
58.7645,171707,rest
58.7663,171608,rest
58.7701,171052,rest
58.7750,7060,rest
58.7790,170956,rest
58.7830,171303,rest
58.7865,171264,rest
58.7906,7,rest
58.7948,171355,rest
58.7994,171202,rest
58.8030,171126,rest
58.8084,71320,rest
58.8119,171076,rest
58.8151,171362,rest
58.8192,171348,rest
58.8235,776,rest
58.8286,171436,rest
58.8321,171084,rest
58.8356,170976,rest
58.8399,17165,rest
58.8443,171036,rest
58.8479,171229,rest
58.8519,171534,rest
58.8561,171180,rest
58.8607,171521,rest
58.8643,171149,rest
58.8683,171010,rest
58.8726,171021,rest
58.8740,17,rest
58.8767,1142,rest
58.8776,17140,rest
58.8806,6,rest
58.8807,170875,rest
58.8847,170986,rest
58.8890,171143,rest
58.8930,171456,rest
58.8970,170685,rest
58.9011,171453,rest
58.9054,170696,rest
58.9097,171162,rest
58.9135,172015,rest
58.9176,171368,rest
58.9218,171318,rest
58.9266,171276,rest
58.9298,171223,rest
58.9339,171225,rest
58.9382,171426,rest
58.9423,171188,rest
58.9462,171084,rest
58.9502,170833,rest
58.9545,171041,rest
58.9603,71156,rest
58.9628,170951,rest
58.9669,171338,rest
58.9708,170989,rest
58.9770,710,rest
58.9790,171547,rest
58.9835,171122,rest
58.9871,171084,rest
58.9924,7135,rest
58.9958,171697,rest
59.0008,171181,rest
59.0019,1,rest
59.0035,71492,rest
59.0053,1712,rest
59.0077,6,rest
59.0088,7305,rest
59.0125,171594,rest
59.0168,171058,rest
59.0200,171161,rest
59.0241,7129,rest
59.0295,171423,rest
59.0328,171805,rest
59.0364,171826,rest
59.0404,7164,rest
59.0449,171379,rest
59.0497,170661,rest
59.0528,171169,rest
59.0569,171318,rest
59.0610,171181,rest
59.0650,171233,rest
59.0690,171499,rest
59.0732,171352,rest
59.0773,170782,rest
59.0813,171189,rest
59.0854,171305,rest
59.0897,171716,rest
59.0945,171468,rest
59.0978,171367,rest
59.1019,171080,rest
59.1061,171231,rest
59.1105,171541,rest
59.1141,171530,rest
59.1182,171900,rest
59.1223,170981,rest
59.1267,171357,rest
59.1305,171279,rest
59.1321,171,rest
59.1346,747,rest
59.1361,171432,rest
59.1390,171149,rest
59.1433,171281,rest
59.1468,171304,rest
59.1509,170963,rest
59.1554,171860,rest
59.1595,170784,rest
59.1632,170994,rest
59.1673,171501,rest
59.1716,171053,rest
59.1762,171444,rest
59.1796,171063,rest
59.1837,171471,rest
59.1880,171963,rest
59.1928,171408,rest
59.1960,171495,rest
59.2001,171525,rest
59.2045,171361,rest
59.2089,171214,rest
59.2124,171343,rest
59.2165,171109,rest
59.2206,171397,rest
59.2265,7091,rest
59.2289,171093,rest
59.2329,171563,rest
59.2370,171683,rest
59.2426,7145,rest
59.2453,171092,rest
59.2494,170947,rest
59.2535,171359,rest
59.2592,71647,rest
59.2627,171,rest
59.2642,171458,rest
59.2664,171034,rest
59.2697,171501,rest
59.2739,712,rest
59.2789,171023,rest
59.2821,171365,rest
59.2861,171598,rest
59.2951,171645,rest
59.2986,171264,rest
59.3026,171613,rest
59.3067,171770,rest
59.3112,171143,rest
59.3150,171516,rest
59.3190,171401,rest
59.3230,171252,rest
59.3272,171171,rest
59.3312,171177,rest
59.3353,171172,rest
59.3395,170805,rest
59.3442,171500,rest
59.3476,171271,rest
59.3517,172032,rest
59.3558,171550,rest
59.3604,171230,rest
59.3639,171748,rest
59.3680,171773,rest
59.3723,171279,rest
59.3773,171432,rest
59.3803,171822,rest
59.3844,171404,rest
59.3856,170,rest
59.3887,779,rest
59.3900,17089,rest
59.3932,7,rest
59.3934,171257,rest
59.3968,171494,rest
59.4009,171270,rest
59.4052,170811,rest
59.4098,170963,rest
59.4131,171379,rest
59.4172,171662,rest
59.4216,171295,rest
59.4269,171177,rest
59.4295,171556,rest
59.4336,171540,rest
59.4387,171954,rest
59.4420,171399,rest
59.4459,171421,rest
59.4499,171542,rest
59.4541,172117,rest
59.4598,171508,rest
59.4624,171494,rest
59.4664,171194,rest
59.4704,171273,rest
59.4752,170798,rest
59.4787,171369,rest
59.4827,171330,rest
59.4868,171174,rest
59.4917,171594,rest
59.4951,171276,rest
59.4991,171708,rest
59.5032,171743,rest
59.5085,713,rest
59.5127,171189,rest
59.5137,17,rest
59.5162,1724,rest
59.5174,17134,rest
59.5196,0,rest
59.5204,171516,rest
59.5239,171136,rest
59.5278,170986,rest
59.5319,171090,rest
59.5359,171411,rest
59.5403,712,rest
59.5450,171572,rest
59.5499,171572,rest
59.5526,171801,rest
59.5565,170955,rest
59.5609,171515,rest
59.5648,171562,rest
59.5688,171096,rest
59.5729,171179,rest
59.5777,171530,rest
59.5810,171241,rest
59.5851,171393,rest
59.5893,171572,rest
59.5934,171268,rest
59.5975,171558,rest
59.6016,171566,rest
59.6057,171421,rest
59.6106,171489,rest
59.6139,171535,rest
59.6179,171637,rest
59.6222,170956,rest
59.6268,171618,rest
59.6302,171209,rest
59.6343,171172,rest
59.6388,171591,rest
59.6404,1,rest
59.6429,71290,rest
59.6447,1717,rest
59.6466,50,rest
59.6477,171386,rest
59.6507,171481,rest
59.6551,171408,rest
59.6593,171710,rest
59.6635,171246,rest
59.6670,171058,rest
59.6713,171512,rest
59.6755,171811,rest
59.6796,171674,rest
59.6834,172049,rest
59.6875,171589,rest
59.6935,7161,rest
59.6960,171723,rest
59.6999,171193,rest
59.7039,171088,rest
59.7082,171168,rest
59.7121,171565,rest
59.7162,171271,rest
59.7203,171728,rest
59.7262,171180,rest
59.7285,171156,rest
59.7326,171699,rest
59.7367,171293,rest
59.7430,7144,rest
59.7461,171244,rest
59.7491,171175,rest
59.7530,171318,rest
59.7573,709,rest
59.7623,171541,rest
59.7657,171376,rest
59.7670,1,rest
59.7695,71358,rest
59.7708,171,rest
59.7747,271,rest
59.7782,171704,rest
59.7821,171588,rest
59.7859,171446,rest
59.7911,1130,rest
59.7942,171569,rest
59.7982,171290,rest
59.8022,172023,rest
59.8065,17145,rest
59.8105,171613,rest
59.8154,171328,rest
59.8187,171484,rest
59.8227,171696,rest
59.8269,171259,rest
59.8309,171376,rest
59.8349,171568,rest
59.8391,171085,rest
59.8438,171069,rest
59.8473,171208,rest
59.8513,171460,rest
59.8555,171584,rest
59.8603,171446,rest
59.8636,170973,rest
59.8677,171422,rest
59.8721,171242,rest
59.8772,171151,rest
59.8800,171793,rest
59.8841,171355,rest
59.8884,170989,rest
59.8930,171243,rest
59.8965,171788,rest
59.8979,171,rest
59.9006,445,rest
59.9017,170977,rest
59.9048,171428,rest
59.9090,171734,rest
59.9128,171498,rest
59.9169,171419,rest
59.9211,171118,rest
59.9256,171174,rest
59.9294,171260,rest
59.9334,170872,rest
59.9374,171680,rest
59.9416,71532,rest
59.9458,171268,rest
59.9499,171199,rest
59.9538,171430,rest
59.9597,171725,rest
59.9621,171267,rest
59.9661,171243,rest
59.9701,171014,rest
59.9743,71290,rest
59.9783,171812,rest
59.9824,171284,rest
59.9865,171080,rest
59.9907,7143,rest
59.9965,171725,rest
59.9989,171374,rest
60.0030,171578,rest
60.0071,712,rest
60.0123,171551,rest
60.0162,171459,rest
60.0202,171201,rest
60.0249,8,rest
60.0276,580,rest
60.0292,171323,rest
60.0324,170985,rest
60.0357,171520,rest
60.0398,171376,rest
60.0439,171731,rest
60.0479,171391,rest
60.0520,171706,rest
60.0562,171225,rest
60.0602,171651,rest
60.0643,171689,rest
60.0684,171415,rest
60.0726,171033,rest
60.0772,171067,rest
60.0807,171514,rest
60.0848,171570,rest
60.0889,171398,rest
60.0932,171018,rest
60.0971,171124,rest
60.1012,171256,rest
60.1054,171371,rest
60.1100,170855,rest
60.1135,171080,rest
60.1176,171360,rest
60.1219,171262,rest
60.1260,171703,rest
60.1299,171123,rest
60.1340,171510,rest
60.1383,171481,rest
60.1422,171056,rest
60.1463,170998,rest
60.1504,170793,rest
60.1513,171,rest
60.1551,238,rest
60.1566,171594,rest
60.1586,171157,rest
60.1628,171536,rest
60.1669,171325,rest
60.1713,171620,rest
60.1754,171202,rest
60.1791,171553,rest
60.1832,171834,rest
60.1872,171260,rest
60.1915,71357,rest
60.1963,171604,rest
60.1995,171129,rest
60.2036,171640,rest
60.2096,171466,rest
60.2118,171266,rest
60.2159,171786,rest
60.2200,171150,rest
60.2241,71898,rest
60.2283,172077,rest
60.2323,171587,rest
60.2364,171724,rest
60.2405,70935,rest
60.2446,171271,rest
60.2495,171801,rest
60.2528,171762,rest
60.2613,171472,rest
60.2651,171544,rest
60.2691,171267,rest
60.2748,171459,rest
60.2774,171960,rest
60.2784,17,rest
60.2815,1140,rest
60.2830,17135,rest
60.2855,5,rest
60.2856,171306,rest
60.2896,171674,rest
60.2937,171517,rest
60.2978,171507,rest
60.3019,171641,rest
60.3060,171644,rest
60.3108,171198,rest
60.3142,171269,rest
60.3183,171485,rest
60.3224,170912,rest
60.3267,171667,rest
60.3306,171048,rest
60.3347,171603,rest
60.3389,171317,rest
60.3432,171904,rest
60.3470,171599,rest
60.3510,170931,rest
60.3553,171299,rest
60.3597,171121,rest
60.3633,170952,rest
60.3674,171150,rest
60.3719,170958,rest
60.3764,171109,rest
60.3797,171396,rest
60.3838,171589,rest
60.3882,170989,rest
60.3940,171493,rest
60.3962,171610,rest
60.4002,171955,rest
60.4047,171600,rest
60.4063,1,rest
60.4094,71098,rest
60.4115,1721,rest
60.4125,33,rest
60.4139,171845,rest
60.4166,171445,rest
60.4208,172184,rest
60.4264,7,rest
60.4300,171349,rest
60.4330,171214,rest
60.4371,171660,rest
60.4412,71908,rest
60.4465,171562,rest
60.4496,171092,rest
60.4535,171374,rest
60.4582,171086,rest
60.4616,171932,rest
60.4657,171380,rest
60.4698,171070,rest
60.4741,142,rest
60.4811,171430,rest
60.4822,171275,rest
60.4862,171780,rest
60.4905,171449,rest
60.4951,171216,rest
60.4986,171297,rest
60.5026,171254,rest
60.5080,1710,rest
60.5117,171104,rest
60.5158,171751,rest
60.5190,171118,rest
60.5231,171463,rest
60.5279,171564,rest
60.5313,171485,rest
60.5323,1,rest
60.5354,71183,rest
60.5366,172,rest
60.5395,084,rest
60.5404,171736,rest
60.5436,171527,rest
60.5476,171491,rest
60.5517,171004,rest
60.5559,171695,rest
60.5610,171377,rest
60.5640,171395,rest
60.5681,171436,rest
60.5722,172066,rest
60.5764,171463,rest
60.5805,172311,rest
60.5846,171944,rest
60.5892,171556,rest
60.5935,171473,rest
60.5970,171795,rest
60.6010,171351,rest
60.6052,171125,rest
60.6100,171975,rest
60.6134,171631,rest
60.6174,171187,rest
60.6215,171879,rest
60.6262,171242,rest
60.6296,171488,rest
60.6337,171321,rest
60.6386,170922,rest
60.6433,171311,rest
60.6461,171555,rest
60.6500,170772,rest
60.6546,171518,rest
60.6601,170795,rest
60.6624,171367,rest
60.6634,171,rest
60.6664,938,rest
60.6679,171449,rest
60.6706,171301,rest
60.6752,171258,rest
60.6787,170787,rest
60.6828,171517,rest
60.6869,170979,rest
60.6910,70982,rest
60.6953,171663,rest
60.6992,171423,rest
60.7033,170992,rest
60.7075,7020,rest
60.7119,171714,rest
60.7160,171218,rest
60.7198,171277,rest
60.7239,715,rest
60.7280,171196,rest
60.7321,171570,rest
60.7362,170990,rest
60.7417,719,rest
60.7447,171378,rest
60.7492,171530,rest
60.7525,171221,rest
60.7567,784,rest
60.7620,171066,rest
60.7650,171438,rest
60.7688,171205,rest
60.7730,171509,rest
60.7771,171571,rest
60.7812,172294,rest
60.7852,171719,rest
60.7894,171690,rest
60.7903,17,rest
60.7935,1298,rest
60.7949,17188,rest
60.7975,0,rest
60.7976,171286,rest
60.8016,171510,rest
60.8058,171737,rest
60.8101,171166,rest
60.8138,171799,rest
60.8180,171982,rest
60.8221,171667,rest
60.8264,171842,rest
60.8303,171116,rest
60.8343,171332,rest
60.8386,172077,rest
60.8438,171451,rest
60.8467,171376,rest
60.8507,171097,rest
60.8550,171395,rest
60.8595,171478,rest
60.8630,171156,rest
60.8671,170806,rest
60.8716,172249,rest
60.8757,171588,rest
60.8794,171198,rest
60.8835,171188,rest
60.8877,170944,rest
60.8929,171352,rest
60.8958,171542,rest
60.8999,171489,rest
60.9040,171278,rest
60.9081,71214,rest
60.9128,171268,rest
60.9164,171555,rest
60.9179,17,rest
60.9204,1334,rest
60.9215,17120,rest
60.9245,5,rest
60.9246,171118,rest
60.9286,171282,rest
60.9327,171513,rest
60.9367,171625,rest
60.9465,170831,rest
60.9492,171072,rest
60.9531,171395,rest
60.9573,750,flicker
60.9613,171297,flicker
60.9669,171487,flicker
60.9697,171439,flicker
60.9737,27,flicker
60.9787,171411,flicker
60.9820,171632,flicker
60.9859,171387,flicker
60.9942,171914,flicker
60.9986,171350,flicker
61.0023,171332,flicker
61.0080,1727,flicker
61.0116,171523,flicker
61.0155,171254,flicker
61.0188,171620,flicker
61.0231,171556,flicker
61.0278,171178,flicker
61.0310,171054,flicker
61.0352,171030,flicker
61.0392,171308,flicker
61.0440,171239,flicker
61.0454,17,flicker
61.0473,0909,flicker
61.0485,17149,flicker
61.0514,0,flicker
61.0531,171720,flicker
61.0556,171377,flicker
61.0602,171117,flicker
61.0638,170894,flicker
61.0679,170791,flicker
61.0722,171583,flicker
61.0767,171579,flicker
61.0802,171357,flicker
61.0842,171258,flicker
61.0885,171035,flicker
61.0932,171515,flicker
61.0965,171670,flicker
61.1006,171342,flicker
61.1049,171172,flicker
61.1097,171238,flicker
61.1129,171721,flicker
61.1171,171748,flicker
61.1213,171482,flicker
61.1255,171516,flicker
61.1294,171664,flicker
61.1334,171131,flicker
61.1375,171164,flicker
61.1417,171689,flicker
61.1457,171024,flicker
61.1498,171113,flicker
61.1538,171715,flicker
61.1584,171273,flicker
61.1620,171326,flicker
61.1661,171455,flicker
61.1702,171268,flicker
61.1714,1,flicker
61.1744,71101,flicker
61.1744,17,flicker
61.1759,8,flicker
61.1784,66,flicker
61.1800,171611,flicker
61.1826,171710,flicker
61.1866,171149,flicker
61.1907,71401,flicker
61.1970,171795,flicker
61.1997,171220,flicker
61.2030,171719,flicker
61.2090,7,flicker
61.2118,171146,flicker
61.2155,171391,flicker
61.2195,171848,flicker
61.2235,7135,flicker
61.2286,171357,flicker
61.2319,171148,flicker
61.2358,171640,flicker
61.2399,71804,flicker
61.2452,171395,flicker
61.2490,171602,flicker
61.2522,171424,flicker
61.2564,171525,flicker
61.2605,171239,flicker
61.2644,171284,flicker
61.2685,171216,flicker
61.2727,170824,flicker
61.2776,170629,flicker
61.2810,171161,flicker
61.2849,171364,flicker
61.2890,171198,flicker
61.2932,171342,flicker
61.2973,171493,flicker
61.2989,1,flicker
61.3013,71320,flicker
61.3026,1714,flicker
61.3054,03,flicker
61.3065,172005,flicker
61.3107,171323,flicker
61.3137,171421,flicker
61.3178,171830,flicker
61.3220,171791,flicker
61.3269,171391,flicker
61.3300,171072,flicker
61.3341,171356,flicker
61.3386,171311,flicker
61.3425,170987,flicker
61.3463,171458,flicker
61.3504,171036,flicker
61.3548,171499,flicker
61.3588,171737,flicker
61.3627,171734,flicker
61.3668,171121,flicker
61.3710,171678,flicker
61.3753,76,flicker
61.3806,7165,flicker
61.3843,171210,flicker
61.3874,170912,flicker
61.3928,170880,flicker
61.3955,171893,flicker
61.3996,171196,flicker
61.4037,171371,flicker
61.4092,171053,flicker
61.4120,171364,flicker
61.4161,171348,flicker
61.4201,171491,flicker
61.4260,7,flicker
61.4293,71361,flicker
61.4307,1714,flicker
61.4324,48,flicker
61.4340,172072,flicker
61.4365,171484,flicker
61.4407,71103,flicker
61.4462,171530,flicker
61.4489,171275,flicker
61.4529,171202,flicker
61.4570,7261,flicker
61.4612,170940,flicker
61.4651,171192,flicker
61.4692,171440,flicker
61.4775,171545,flicker
61.4816,171742,flicker
61.4857,171492,flicker
61.4899,171388,flicker
61.4939,171270,flicker
61.4979,171760,flicker
61.5020,171683,flicker
61.5062,171350,flicker
61.5102,171787,flicker
61.5143,171662,flicker
61.5184,171114,flicker
61.5226,171488,flicker
61.5267,171608,flicker
61.5306,170824,flicker
61.5347,171276,flicker
61.5389,170920,flicker
61.5430,171063,flicker
61.5470,171278,flicker
61.5511,171419,flicker
61.5556,171551,flicker
61.5571,171,flicker
61.5596,141,flicker
61.5605,171526,flicker
61.5635,171336,flicker
61.5675,171545,flicker
61.5719,171135,flicker
61.5765,170874,flicker
61.5799,172039,flicker
61.5840,171314,flicker
61.5881,170955,flicker
61.5929,171327,flicker
61.5963,171471,flicker
61.6003,171610,flicker
61.6045,171616,flicker
61.6087,171393,flicker
61.6126,171615,flicker
61.6167,171663,flicker
61.6210,171554,flicker
61.6256,171450,flicker
61.6290,171399,flicker
61.6330,171294,flicker
61.6371,171340,flicker
61.6415,171252,flicker
61.6454,171314,flicker
61.6494,170894,flicker
61.6535,171339,flicker
61.6596,170807,flicker
61.6617,171263,flicker
61.6658,171485,flicker
61.6699,171052,flicker
61.6741,71423,flicker
61.6790,170982,flicker
61.6822,171439,flicker
61.6832,171,flicker
61.6863,366,flicker
61.6876,17179,flicker
61.6906,170830,flicker
61.6979,170940,flicker
61.6987,171138,flicker
61.7028,171099,flicker
61.7069,170607,flicker
61.7113,171100,flicker
61.7150,171732,flicker
61.7190,171559,flicker
61.7234,108,flicker
61.7275,171296,flicker
61.7314,171040,flicker
61.7355,171287,flicker
61.7396,171615,flicker
61.7437,171700,flicker
61.7477,171277,flicker
61.7518,171339,flicker
61.7561,171215,flicker
61.7600,171160,flicker
61.7641,171565,flicker
61.7682,171443,flicker
61.7723,170750,flicker
61.7764,171140,flicker
61.7805,171371,flicker
61.7846,171463,flicker
61.7887,171495,flicker
61.7936,171150,flicker
61.7969,171021,flicker
61.8011,171272,flicker
61.8053,171989,flicker
61.8092,170982,flicker
61.8102,17,flicker
61.8134,1148,flicker
61.8147,17162,flicker
61.8174,2,flicker
61.8175,171763,flicker
61.8222,170779,flicker
61.8260,171709,flicker
61.8298,172125,flicker
61.8338,171363,flicker
61.8381,171264,flicker
61.8420,171653,flicker
61.8462,171604,flicker
61.8502,171402,flicker
61.8548,170950,flicker
61.8587,171505,flicker
61.8625,171593,flicker
61.8665,171688,flicker
61.8707,171623,flicker
61.8750,171405,flicker
61.8788,171405,flicker
61.8829,171561,flicker
61.8870,171555,flicker
61.8923,7194,flicker
61.8963,171418,flicker
61.9003,171401,flicker
61.9040,171336,flicker
61.9120,171433,flicker
61.9158,171343,flicker
61.9198,171444,flicker
61.9240,7311,flicker
61.9291,171283,flicker
61.9321,170961,flicker
61.9362,171916,flicker
61.9375,17,flicker
61.9403,647,flicker
61.9419,1716 ,flicker
61.9459,171324,flicker
61.9487,171345,flicker
61.9526,171443,flicker
61.9567,70,flicker
61.9610,171185,flicker
61.9651,170934,flicker
61.9689,171637,flicker
61.9730,170999,flicker
61.9771,171224,flicker
61.9812,171036,flicker
61.9853,171788,flicker
61.9895,171539,flicker
61.9936,171338,flicker
61.9976,171599,flicker
62.0017,171638,flicker
62.0058,171502,flicker
62.0100,171645,flicker
62.0140,171172,flicker
62.0181,171286,flicker
62.0223,171157,flicker
62.0263,170592,flicker
62.0305,171575,flicker
62.0345,171440,flicker
62.0388,170961,flicker
62.0434,171942,flicker
62.0467,170998,flicker
62.0508,171281,flicker
62.0550,171379,flicker
62.0591,171305,flicker
62.0631,171042,flicker
62.0646,1,flicker
62.0673,70984,flicker
62.0683,1708,flicker
62.0717,32,flicker
62.0727,171468,flicker
62.0757,171045,flicker
62.0796,171069,flicker
62.0836,171175,flicker
62.0880,171334,flicker
62.0927,171272,flicker
62.0960,171651,flicker
62.1000,170900,flicker
62.1041,171557,flicker
62.1086,171752,flicker
62.1123,171123,flicker
62.1163,171434,flicker
62.1205,170946,flicker
62.1246,71003,flicker
62.1290,171596,flicker
62.1334,171280,flicker
62.1369,171734,flicker
62.1410,718,flicker
62.1458,171555,flicker
62.1491,171339,flicker
62.1532,171554,flicker
62.1575,713,flicker
62.1626,170819,flicker
62.1655,171053,flicker
62.1696,171234,flicker
62.1737,71446,flicker
62.1786,171655,flicker
62.1821,171249,flicker
62.1861,171486,flicker
62.1902,72,flicker
62.1956,1643,flicker
62.1972,171,flicker
62.1986,624,flicker
62.1999,171407,flicker
62.2024,171298,flicker
62.2065,71685,flicker
62.2110,170700,flicker
62.2147,171435,flicker
62.2188,171507,flicker
62.2229,171581,flicker
62.2273,170959,flicker
62.2310,171973,flicker
62.2351,171475,flicker
62.2393,171167,flicker
62.2435,171395,flicker
62.2475,171671,flicker
62.2515,171806,flicker
62.2556,171628,flicker
62.2600,170960,flicker
62.2638,171440,flicker
62.2679,171701,flicker
62.2721,172085,flicker
62.2763,171223,flicker
62.2802,171209,flicker
62.2843,171671,flicker
62.2887,171234,flicker
62.2941,171124,flicker
62.2966,171051,flicker
62.3006,171316,flicker
62.3050,171331,flicker
62.3093,171027,flicker
62.3131,171355,flicker
62.3171,171555,flicker
62.3182,1,flicker
62.3213,71592,flicker
62.3230,171,flicker
62.3263,567,flicker
62.3281,171642,flicker
62.3294,171233,flicker
62.3334,171428,flicker
62.3378,171400,flicker
62.3421,171687,flicker
62.3457,171166,flicker
62.3498,171163,flicker
62.3540,171193,flicker
62.3580,70892,flicker
62.3653,171448,flicker
62.3663,171111,flicker
62.3703,171552,flicker
62.3746,794,flicker
62.3793,171162,flicker
62.3826,171640,flicker
62.3881,170855,flicker
62.3910,171800,flicker
62.3961,171348,flicker
62.3990,171508,flicker
62.4031,171230,flicker
62.4072,71166,flicker
62.4114,171285,flicker
62.4154,171318,flicker
62.4196,171514,flicker
62.4237,71215,flicker
62.4287,170878,flicker
62.4334,171143,flicker
62.4358,171410,flicker
62.4419,71,flicker
62.4445,171389,flicker
62.4482,171110,flicker
62.4495,171,flicker
62.4523,228,flicker
62.4542,171038,flicker
62.4564,171273,flicker
62.4605,171160,flicker
62.4646,171321,flicker
62.4686,171450,flicker
62.4727,171522,flicker
62.4771,171422,flicker
62.4809,171625,flicker
62.4850,171159,flicker
62.4891,171606,flicker
62.4938,171381,flicker
62.4973,170922,flicker
62.5014,170979,flicker
62.5055,170749,flicker
62.5102,171027,flicker
62.5137,170643,flicker
62.5177,171090,flicker
62.5220,171640,flicker
62.5260,171624,flicker
62.5304,171841,flicker
62.5342,171021,flicker
62.5385,171405,flicker
62.5424,170817,flicker
62.5464,170918,flicker
62.5505,171345,flicker
62.5556,170978,flicker
62.5591,171636,flicker
62.5637,171088,flicker
62.5670,171339,flicker
62.5711,171115,flicker
62.5752,171249,flicker
62.5765,17,flicker
62.5795,1394,flicker
62.5811,17145,flicker
62.5833,2,flicker
62.5834,171369,flicker
62.5875,171125,flicker
62.5919,171255,flicker
62.5961,171211,flicker
62.5997,171599,flicker
62.6038,171326,flicker
62.6080,719,flicker
62.6128,171115,flicker
62.6162,171471,flicker
62.6220,170929,flicker
62.6258,171338,flicker
62.6284,171498,flicker
62.6324,171071,flicker
62.6365,171396,flicker
62.6408,71556,flicker
62.6456,171262,flicker
62.6495,171709,flicker
62.6534,171535,flicker
62.6571,71377,flicker
62.6616,171367,flicker
62.6662,170715,flicker
62.6704,170999,flicker
62.6734,171523,flicker
62.6784,171653,flicker
62.6816,171272,flicker
62.6857,171473,flicker
62.6900,1719,flicker
62.6948,171136,flicker
62.6991,171441,flicker
62.7024,171549,flicker
62.7036,17,flicker
62.7063,1304,flicker
62.7075,17099,flicker
62.7103,3,flicker
62.7104,171603,flicker
62.7145,171166,flicker
62.7185,171330,flicker
62.7226,171072,flicker
62.7272,171655,flicker
62.7308,171624,flicker
62.7349,171612,flicker
62.7390,171530,flicker
62.7439,171249,flicker
62.7471,171658,flicker
62.7514,171424,flicker
62.7554,171075,flicker
62.7596,172226,flicker
62.7635,171677,flicker
62.7676,171139,flicker
62.7720,171659,flicker
62.7758,170891,flicker
62.7800,171239,flicker
62.7840,171396,flicker
62.7884,171240,flicker
62.7930,171304,flicker
62.7964,171541,flicker
62.8004,171152,flicker
62.8047,171068,flicker
62.8093,171027,flicker
62.8127,171110,flicker
62.8168,171472,flicker
62.8212,171636,flicker
62.8250,70990,flicker
62.8296,171086,flicker
62.8314,17,flicker
62.8333,1819,flicker
62.8343,1717,flicker
62.8374,85,flicker
62.8389,171156,flicker
62.8421,171846,flicker
62.8454,171523,flicker
62.8495,171046,flicker
62.8536,171299,flicker
62.8583,171079,flicker
62.8618,171710,flicker
62.8659,171650,flicker
62.8700,171301,flicker
62.8750,71600,flicker
62.8783,171351,flicker
62.8824,171540,flicker
62.8864,171147,flicker
62.8908,702,flicker
62.8974,171324,flicker
62.8987,170927,flicker
62.9028,171417,flicker
62.9069,7140,flicker
62.9110,171850,flicker
62.9164,170977,flicker
62.9192,171288,flicker
62.9235,121,flicker
62.9277,171320,flicker
62.9334,171578,flicker
62.9355,171247,flicker
62.9398,17122,flicker
62.9452,171448,flicker
62.9487,171216,flicker
62.9520,170958,flicker
62.9561,171680,flicker
62.9570,1,flicker
62.9603,71461,flicker
62.9618,1715,flicker
62.9642,07,flicker
62.9652,171510,flicker
62.9684,171078,flicker
62.9724,171536,flicker
62.9766,171039,flicker
62.9806,171297,flicker
62.9847,171352,flicker
62.9888,170749,flicker
62.9931,171127,flicker
62.9970,171759,flicker
63.0011,171457,flicker
63.0054,171489,flicker
63.0099,171432,flicker
63.0134,171256,flicker
63.0174,171578,flicker
63.0216,170999,flicker
63.0262,171119,flicker
63.0297,171123,flicker
63.0338,170880,flicker
63.0381,170913,flicker
63.0430,171419,flicker
63.0462,171432,flicker
63.0503,171247,flicker
63.0545,171222,flicker
63.0586,171623,flicker
63.0626,171142,flicker
63.0666,170784,flicker
63.0710,171647,flicker
63.0762,171323,flicker
63.0789,171329,flicker
63.0830,171646,flicker
63.0845,1,flicker
63.0871,71646,flicker
63.0887,1712,flicker
63.0923,4,flicker
63.0966,171112,flicker
63.0994,170869,flicker
63.1036,171176,flicker
63.1082,171361,flicker
63.1117,171190,flicker
63.1157,171504,flicker
63.1199,171095,flicker
63.1241,71181,flicker
63.1280,171166,flicker
63.1321,171322,flicker
63.1375,170743,flicker
63.1404,171593,flicker
63.1447,171202,flicker
63.1486,171337,flicker
63.1526,171088,flicker
63.1568,170868,flicker
63.1609,171218,flicker
63.1649,171356,flicker
63.1690,171247,flicker
63.1734,16,flicker
63.1794,171369,flicker
63.1816,170977,flicker
63.1854,171429,flicker
63.1896,171795,flicker
63.1936,171323,flicker
63.1976,171746,flicker
63.2017,171778,flicker
63.2059,171431,flicker
63.2110,171764,flicker
63.2141,171773,flicker
63.2150,171,flicker
63.2181,776,flicker
63.2196,171665,flicker
63.2224,171496,flicker
63.2264,171406,flicker
63.2306,171634,flicker
63.2346,170959,flicker
63.2389,171427,flicker
63.2433,171584,flicker
63.2468,171334,flicker
63.2509,171710,flicker
63.2553,171632,flicker
63.2595,171229,flicker
63.2632,171724,flicker
63.2674,170472,flicker
63.2716,171289,flicker
63.2758,171833,flicker
63.2796,171205,flicker
63.2837,171126,flicker
63.2880,171489,flicker
63.2936,171180,flicker
63.2961,171400,flicker
63.3001,171007,flicker
63.3044,171133,flicker
63.3089,171487,flicker
63.3124,171425,flicker
63.3165,171537,flicker
63.3207,171581,flicker
63.3247,7106,flicker
63.3295,171436,flicker
63.3330,171314,flicker
63.3370,171561,flicker
63.3412,171474,flicker
63.3430,17,flicker
63.3452,1265,flicker
63.3467,17113,flicker
63.3492,9,flicker
63.3493,171262,flicker
63.3533,171800,flicker
63.3591,713,flicker
63.3625,171158,flicker
63.3656,171276,flicker
63.3697,171435,flicker
63.3754,7,flicker
63.3779,171433,flicker
63.3821,171931,flicker
63.3861,171061,flicker
63.3915,1,flicker
63.3948,171332,flicker
63.3984,171611,flicker
63.4024,171760,flicker
63.4078,71,flicker
63.4114,171184,flicker
63.4149,171309,flicker
63.4189,171119,flicker
63.4231,11289,flicker
63.4274,171264,flicker
63.4311,170966,flicker
63.4352,171997,flicker
63.4394,171411,flicker
63.4435,171820,flicker
63.4475,171414,flicker
63.4516,171428,flicker
63.4557,170904,flicker
63.4598,171593,flicker
63.4639,171540,flicker
63.4680,171561,flicker
63.4691,17,flicker
63.4722,1644,flicker
63.4742,1709,flicker
63.4762,29,flicker
63.4774,170777,flicker
63.4804,171124,flicker
63.4844,171512,flicker
63.4889,171321,flicker
63.4927,171253,flicker
63.4967,171484,flicker
63.5007,170767,flicker
63.5050,171964,flicker
63.5097,171346,flicker
63.5131,171128,flicker
63.5171,171308,flicker
63.5214,171663,flicker
63.5264,171361,flicker
63.5294,172024,flicker
63.5335,171447,flicker
63.5381,171444,flicker
63.5424,171593,flicker
63.5460,171541,flicker
63.5500,172073,flicker
63.5540,171364,flicker
63.5586,171928,flicker
63.5622,171437,flicker
63.5663,171417,flicker
63.5704,171026,flicker
63.5748,171916,flicker
63.5787,171268,flicker
63.5827,171559,flicker
63.5868,171916,flicker
63.5914,171479,flicker
63.5951,172026,flicker
63.5962,1,flicker
63.5991,71461,flicker
63.6006,1713,flicker
63.6031,20,flicker
63.6045,170878,flicker
63.6081,171115,flicker
63.6113,171151,flicker
63.6155,171068,flicker
63.6195,171142,flicker
63.6278,170754,flicker
63.6319,170993,flicker
63.6360,171040,flicker
63.6415,784,flicker
63.6441,171183,flicker
63.6483,171416,flicker
63.6523,171118,flicker
63.6566,170900,flicker
63.6606,171587,flicker
63.6646,171405,flicker
63.6687,171115,flicker
63.6729,171422,flicker
63.6775,171203,flicker
63.6810,171222,flicker
63.6851,171326,flicker
63.6892,171277,flicker
63.6934,172158,flicker
63.6974,171139,flicker
63.7014,171714,flicker
63.7056,171046,flicker
63.7099,171610,flicker
63.7138,171278,flicker
63.7179,171182,flicker
63.7220,171297,flicker
63.7264,171352,flicker
63.7279,171,flicker
63.7302,395,flicker
63.7313,171340,flicker
63.7343,171270,flicker
63.7385,171632,flicker
63.7436,171461,flicker
63.7465,170889,flicker
63.7506,171568,flicker
63.7549,171202,flicker
63.7593,171141,flicker
63.7629,170839,flicker
63.7670,171565,flicker
63.7712,171194,flicker
63.7766,170830,flicker
63.7794,171359,flicker
63.7835,170930,flicker
63.7882,171059,flicker
63.7931,171501,flicker
63.7959,171288,flicker
63.7998,171222,flicker
63.8039,171537,flicker
63.8101,711,flicker
63.8136,171668,flicker
63.8161,171127,flicker
63.8203,171256,flicker
63.8265,71,flicker
63.8313,171108,flicker
63.8327,171129,flicker
63.8366,171284,flicker
63.8408,71370,flicker
63.8465,170938,flicker
63.8490,171084,flicker
63.8531,171310,flicker
63.8548,171,flicker
63.8583,887778,flicker
63.8613,170966,flicker
63.8653,171369,flicker
63.8709,171357,flicker
63.8748,1722,flicker
63.8781,171191,flicker
63.8820,171711,flicker
63.8859,171524,flicker
63.8900,171353,flicker
63.8943,171274,flicker
63.8981,171067,flicker
63.9022,171314,flicker
63.9064,171927,flicker
63.9105,171616,flicker
63.9144,171499,flicker
63.9186,170983,flicker
63.9227,171681,flicker
63.9268,171286,flicker
63.9308,171397,flicker
63.9349,171297,flicker
63.9391,171426,flicker
63.9432,171536,flicker
63.9472,171797,flicker
63.9513,171280,flicker
63.9556,171104,flicker
63.9597,171422,flicker
63.9636,170611,flicker
63.9677,171240,flicker
63.9720,171414,flicker
63.9769,171151,flicker
63.9802,171154,flicker
63.9818,171,flicker
63.9841,621,flicker
63.9858,171516,flicker
63.9884,171513,flicker
63.9931,171272,flicker
63.9964,171113,flicker
64.0004,171256,flicker
64.0049,170887,flicker
64.0096,171906,flicker
64.0127,171346,flicker
64.0168,171493,flicker
64.0211,172066,flicker
64.0260,171238,flicker
64.0292,170899,flicker
64.0332,171371,flicker
64.0374,171286,flicker
64.0429,171352,flicker
64.0456,171507,flicker
64.0496,170947,flicker
64.0537,171026,flicker
64.0637,171787,flicker
64.0660,171418,flicker
64.0701,171098,flicker
64.0750,171159,flicker
64.0783,171942,flicker
64.0824,171070,flicker
64.0865,171763,flicker
64.0907,71727,flicker
64.0963,171885,flicker
64.0989,171674,flicker
64.1029,170852,flicker
64.1070,71114,flicker
64.1087,1,flicker
64.1114,663,flicker
64.1140,17140,flicker
64.1152,5,flicker
64.1153,171172,flicker
64.1193,171101,flicker
64.1234,5,flicker
64.1279,171483,flicker
64.1316,171665,flicker
64.1356,171274,flicker
64.1398,171147,flicker
64.1446,171435,flicker
64.1479,171131,flicker
64.1520,170954,flicker
64.1562,171212,flicker
64.1611,171053,flicker
64.1643,171190,flicker
64.1684,171268,flicker
64.1725,171452,flicker
64.1766,171393,flicker
64.1807,171291,flicker
64.1848,171027,flicker
64.1890,171549,flicker
64.1938,171843,flicker
64.1970,171698,flicker
64.2011,171627,flicker
64.2054,171516,flicker
64.2102,171315,flicker
64.2135,171600,flicker
64.2176,171170,flicker
64.2222,171220,flicker
64.2258,170932,flicker
64.2298,170772,flicker
64.2339,171517,flicker
64.2349,17,flicker
64.2383,0896,flicker
64.2395,17114,flicker
64.2423,9,flicker
64.2432,170929,flicker
64.2463,171565,flicker
64.2503,171040,flicker
64.2546,171179,flicker
64.2595,171059,flicker
64.2626,171873,flicker
64.2667,171557,flicker
64.2711,171513,flicker
64.2751,171299,flicker
64.2790,171048,flicker
64.2831,171490,flicker
64.2873,171119,flicker
64.2913,170874,flicker
64.2954,171106,flicker
64.2995,171932,flicker
64.3036,171286,flicker
64.3093,7,flicker
64.3138,170996,flicker
64.3160,171351,flicker
64.3200,171717,flicker
64.3241,170880,flicker
64.3281,171579,flicker
64.3323,171351,flicker
64.3365,171247,flicker
64.3405,71279,flicker
64.3451,171374,flicker
64.3487,171706,flicker
64.3527,171413,flicker
64.3583,35,flicker
64.3611,171870,flicker
64.3628,17,flicker
64.3650,1688,flicker
64.3665,1720,flicker
64.3691,66,flicker
64.3702,171603,flicker
64.3734,174,flicker
64.3784,171420,flicker
64.3815,171434,flicker
64.3855,171487,flicker
64.3897,171085,flicker
64.3938,170905,flicker
64.3978,171645,flicker
64.4018,171800,flicker
64.4060,171675,flicker
64.4103,170917,flicker
64.4143,171559,flicker
64.4183,171638,flicker
64.4223,171061,flicker
64.4264,171020,flicker
64.4305,171502,flicker
64.4346,171334,flicker
64.4389,171312,flicker
64.4433,171152,flicker
64.4470,171304,flicker
64.4511,171980,flicker
64.4555,171455,flicker
64.4596,171244,flicker
64.4634,171149,flicker
64.4674,171170,flicker
64.4721,171058,flicker
64.4764,171574,flicker
64.4798,171370,flicker
64.4838,171402,flicker
64.4880,171351,flicker
64.4897,1,flicker
64.4929,71544,flicker
64.4942,1713,flicker
64.4961,05,flicker
64.4973,171380,flicker
64.5002,170917,flicker
64.5045,171602,flicker
64.5097,171297,flicker
64.5124,171500,flicker
64.5165,171550,flicker
64.5208,171341,flicker
64.5263,171110,flicker
64.5289,171680,flicker
64.5330,171541,flicker
64.5370,171558,flicker
64.5416,171270,flicker
64.5453,171730,flicker
64.5493,171290,flicker
64.5534,171291,flicker
64.5576,71349,flicker
64.5625,171342,flicker
64.5658,170940,flicker
64.5698,171582,flicker
64.5740,71400,flicker
64.5790,171760,flicker
64.5822,171449,flicker
64.5862,171025,flicker
64.5951,171567,flicker
64.5986,171190,flicker
64.6025,171218,flicker
64.6069,62,flicker
64.6111,171288,flicker
64.6158,171550,flicker
64.6190,171276,flicker
64.6205,171,flicker
64.6232,33,flicker
64.6242,7,flicker
64.6276,171007,flicker
64.6334,171145,flicker
64.6354,171235,flicker
64.6395,171439,flicker
64.6440,171310,flicker
64.6477,170975,flicker
64.6517,171079,flicker
64.6559,171081,flicker
64.6606,170749,flicker
64.6641,170975,flicker
64.6681,171471,flicker
64.6722,171077,flicker
64.6763,171276,flicker
64.6804,171335,flicker
64.6845,170761,flicker
64.6889,170582,flicker
64.6937,171205,flicker
64.6970,171393,flicker
64.7010,171206,flicker
64.7052,171785,flicker
64.7104,171739,flicker
64.7131,170771,flicker
64.7172,171908,flicker
64.7217,171288,flicker
64.7255,171516,flicker
64.7297,171137,flicker
64.7337,171032,flicker
64.7386,171701,flicker
64.7437,171159,flicker
64.7461,171139,flicker
64.7472,171,flicker
64.7500,642,flicker
64.7520,171578,flicker
64.7545,172052,flicker
64.7592,171512,flicker
64.7624,171045,flicker
64.7664,171727,flicker
64.7705,171223,flicker
64.7757,171099,flicker
64.7788,171245,flicker
64.7828,170836,flicker
64.7869,171733,flicker
64.7913,171554,flicker
64.7951,171461,flicker
64.7991,171336,flicker
64.8034,171004,flicker
64.8134,171374,flicker
64.8156,170862,flicker
64.8196,171458,flicker
64.8239,702,flicker
64.8279,171493,flicker
64.8320,170795,flicker
64.8361,170957,flicker
64.8447,171620,flicker
64.8484,170928,flicker
64.8524,170897,flicker
64.8567,191,flicker
64.8606,171024,flicker
64.8653,170529,flicker
64.8688,171087,flicker
64.8731,170844,flicker
64.8745,1,flicker
64.8779,946,flicker
64.8791,17138,flicker
64.8811,6,flicker
64.8821,171551,flicker
64.8852,171764,flicker
64.8894,171880,flicker
64.8938,170434,flicker
64.8974,171602,flicker
64.9015,171210,flicker
64.9057,171186,flicker
64.9103,171649,flicker
64.9138,170997,flicker
64.9179,171731,flicker
64.9221,170674,flicker
64.9267,171316,flicker
64.9302,171336,flicker
64.9343,171054,flicker
64.9386,171040,flicker
64.9427,171103,flicker
64.9466,170521,flicker
64.9507,171058,flicker
64.9551,171101,flicker
64.9600,170978,flicker
64.9630,171070,flicker
64.9671,171461,flicker
64.9715,170960,flicker
64.9765,171155,flicker
64.9794,171458,flicker
64.9835,171254,flicker
64.9879,171540,flicker
64.9930,170829,flicker
64.9958,171028,flicker
64.9998,171055,flicker
65.0011,17,flicker
65.0044,1118,flicker
65.0059,1717,flicker
65.0082,7,flicker
65.0097,100,flicker
65.0124,171478,flicker
65.0163,171019,flicker
65.0204,170951,flicker
65.0245,703,flicker
65.0291,171459,flicker
65.0327,171384,flicker
65.0369,170913,flicker
65.0409,737,flicker
65.0449,170691,flicker
65.0493,171025,flicker
65.0531,170895,flicker
65.0573,1,flicker
65.0615,171097,flicker
65.0663,171314,flicker
65.0696,170627,flicker
65.0737,114,flicker
65.0785,171160,flicker
65.0819,170986,flicker
65.0859,171203,flicker
65.0901,171116,flicker
65.0946,171273,flicker
65.0982,171008,flicker
65.1023,170958,flicker
65.1081,17114,flicker
65.1105,171226,flicker
65.1149,170937,flicker
65.1187,171289,flicker
65.1228,171339,flicker
65.1279,171128,flicker
65.1293,1,flicker
65.1310,71084,flicker
65.1323,1711,flicker
65.1350,61,flicker
65.1363,170748,flicker
65.1392,171617,flicker
65.1432,170796,flicker
65.1474,171079,flicker
65.1514,170679,flicker
65.1555,171239,flicker
65.1606,171665,flicker
65.1637,171106,flicker
65.1678,170919,flicker
65.1721,170956,flicker
65.1769,171751,flicker
65.1801,170956,flicker
65.1842,171080,flicker
65.1885,171171,flicker
65.1932,171031,flicker
65.1965,170821,flicker
65.2005,171000,flicker
65.2048,170683,flicker
65.2090,171537,flicker
65.2129,171008,flicker
65.2169,171159,flicker
65.2217,171176,flicker
65.2268,170986,flicker
65.2293,171490,flicker
65.2334,171269,flicker
65.2376,171365,flicker
65.2420,171273,flicker
65.2458,170957,flicker
65.2497,170947,flicker
65.2538,171176,flicker
65.2551,1,flicker
65.2583,71453,flicker
65.2599,1711,flicker
65.2620,86,flicker
65.2632,171255,flicker
65.2662,171211,flicker
65.2702,171737,flicker
65.2743,71190,flicker
65.2786,170700,flicker
65.2828,170928,flicker
65.2866,171346,flicker
65.2907,70874,flicker
65.2957,170655,flicker
65.2990,170694,flicker
65.3029,171354,flicker
65.3071,171047,flicker
65.3112,170806,flicker
65.3153,171534,flicker
65.3193,171240,flicker
65.3282,171149,flicker
65.3316,170820,flicker
65.3357,171391,flicker
65.3444,171020,flicker
65.3481,171362,flicker
65.3522,170984,flicker
65.3562,170988,flicker
65.3603,171748,flicker
65.3644,171056,flicker
65.3685,171093,flicker
65.3726,171110,flicker
65.3771,170988,flicker
65.3808,170997,flicker
65.3824,1,flicker
65.3849,71151,flicker
65.3865,1710,flicker
65.3890,42,flicker
65.3900,170979,flicker
65.3940,171251,flicker
65.3971,171032,flicker
65.4013,171322,flicker
65.4055,171047,flicker
65.4104,171066,flicker
65.4135,170982,flicker
65.4176,171158,flicker
65.4219,170470,flicker
65.4267,171120,flicker
65.4299,170477,flicker
65.4340,170860,flicker
65.4388,171536,flicker
65.4434,170996,flicker
65.4464,171053,flicker
65.4504,170671,flicker
65.4546,171096,flicker
65.4596,171254,flicker
65.4627,171467,flicker
65.4668,170892,flicker
65.4712,171314,flicker
65.4765,171377,flicker
65.4792,171457,flicker
65.4832,171051,flicker
65.4873,171155,flicker
65.4914,71017,flicker
65.4971,171152,flicker
65.4996,170593,flicker
65.5037,171450,flicker
65.5078,71148,flicker
65.5088,1,flicker
65.5127,71143,flicker
65.5140,170,flicker
65.5160,499,flicker
65.5171,171414,flicker
65.5201,171180,flicker
65.5243,71374,flicker
65.5285,171171,flicker
65.5324,170662,flicker
65.5365,170602,flicker
65.5417,71,flicker
65.5447,171457,flicker
65.5491,171205,flicker
65.5530,170748,flicker
65.5570,170756,flicker
65.5615,171301,flicker
65.5651,171094,flicker
65.5692,170857,flicker
65.5734,1194,flicker
65.5774,171144,flicker
65.5816,171002,flicker
65.5856,170840,flicker
65.5898,170931,flicker
65.5938,171293,flicker
65.5979,171491,flicker
65.6019,171549,flicker
65.6062,171054,flicker
65.6102,171221,flicker
65.6143,171109,flicker
65.6183,171486,flicker
65.6225,171139,flicker
65.6268,170744,flicker
65.6306,170859,flicker
65.6347,171154,flicker
65.6390,171173,flicker
65.6401,171,flicker
65.6439,186,flicker
65.6454,171297,flicker
65.6470,171254,flicker
65.6511,171269,flicker
65.6554,170575,flicker
65.6600,171050,flicker
65.6634,170871,flicker
65.6674,170899,flicker
65.6721,171478,flicker
65.6758,170652,flicker
65.6798,171084,flicker
65.6838,170988,flicker
65.6887,171190,flicker
65.6922,171084,flicker
65.6962,171246,flicker
65.7004,171092,flicker
65.7048,170514,flicker
65.7104,170913,flicker
65.7128,171211,flicker
65.7167,171025,flicker
65.7207,171103,flicker
65.7266,171096,flicker
65.7289,171466,flicker
65.7330,171377,flicker
65.7371,171270,flicker
65.7413,71017,flicker
65.7464,171234,flicker
65.7503,170945,flicker
65.7550,171128,flicker
65.7576,171287,flicker
65.7618,727,flicker
65.7668,171278,flicker
65.7684,171,flicker
65.7701,768,flicker
65.7720,17075,flicker
65.7741,171420,flicker
65.7783,171403,flicker
65.7826,171204,flicker
65.7882,170944,flicker
65.7904,170688,flicker
65.7955,170807,flicker
65.7986,171136,flicker
65.8026,171429,flicker
65.8078,1754,flicker
65.8114,170879,flicker
65.8166,171468,flicker
65.8191,171470,flicker
65.8246,109,flicker
65.8277,171172,flicker
65.8319,171189,flicker
65.8354,171151,flicker
65.8395,171225,flicker
65.8438,171586,flicker
65.8477,170814,flicker
65.8518,171290,flicker
65.8559,171429,flicker
65.8610,171039,flicker
65.8641,171577,flicker
65.8682,170750,flicker
65.8723,170907,flicker
65.8766,171174,flicker
65.8805,171555,flicker
65.8846,170969,flicker
65.8888,171299,flicker
65.8934,171694,flicker
65.8944,17,flicker
65.8969,1696,flicker
65.8983,17084,flicker
65.9009,3,flicker
65.9010,171158,flicker
65.9054,171078,flicker
65.9101,171220,flicker
65.9134,171069,flicker
65.9174,171270,flicker
65.9217,170935,flicker
65.9267,171407,flicker
65.9297,170890,flicker
65.9338,171275,flicker
65.9381,171537,flicker
65.9419,171481,flicker
65.9460,170552,flicker
65.9501,171780,flicker
65.9546,171325,flicker
65.9587,171281,flicker
65.9624,170967,flicker
65.9665,171383,flicker
65.9706,171387,flicker
65.9754,171006,flicker
65.9789,171232,flicker
65.9829,171097,flicker
65.9869,171570,flicker
65.9924,75,flicker
65.9953,171499,flicker
66.0001,171435,flicker
66.0034,170904,flicker
66.0078,171016,flicker
66.0120,171101,flicker
66.0157,171384,flicker
66.0197,171236,flicker
66.0208,17,flicker
66.0239,851,flicker
66.0255,17135 ,flicker
66.0282,171456,flicker
66.0336,171059,flicker
66.0362,171110,flicker
66.0403,78,flicker
66.0448,171431,flicker
66.0493,171408,flicker
66.0544,170891,flicker
66.0567,171259,flicker
66.0620,171090,flicker
66.0648,171566,flicker
66.0689,170994,flicker
66.0744,119,flicker
66.0776,171466,flicker
66.0821,171443,flicker
66.0853,170793,flicker
66.0898,171255,flicker
66.0936,171038,flicker
66.0978,171490,flicker
66.1017,171143,flicker
66.1058,171119,flicker
66.1099,171288,flicker
66.1142,171390,flicker
66.1181,171645,flicker
66.1221,171433,flicker
66.1267,171431,flicker
66.1304,171347,flicker
66.1344,171342,flicker
66.1387,171126,flicker
66.1427,171120,flicker
66.1468,170924,flicker
66.1482,17,flicker
66.1508,1207,flicker
66.1519,1715,flicker
66.1552,36,flicker
66.1564,171328,flicker
66.1601,171160,flicker
66.1631,171345,flicker
66.1672,171556,flicker
66.1717,171561,flicker
66.1757,171017,flicker
66.1798,171652,flicker
66.1836,171573,flicker
66.1878,170819,flicker
66.1927,171204,flicker
66.1958,170789,flicker
66.1999,171169,flicker
66.2041,171271,flicker
66.2101,716,flicker
66.2130,171380,flicker
66.2165,171456,flicker
66.2204,171434,flicker
66.2267,7086,flicker
66.2290,171001,flicker
66.2328,170669,flicker
66.2369,171126,flicker
66.2461,171183,flicker
66.2492,171212,flicker
66.2532,171693,flicker
66.2587,01,flicker
66.2628,170979,flicker
66.2671,170782,flicker
66.2697,170733,flicker
66.2792,71139,flicker
66.2806,1713,flicker
66.2821,26,flicker
66.2835,171240,flicker
66.2860,171344,flicker
66.2902,71295,flicker
66.2944,171698,flicker
66.2983,171546,flicker
66.3025,171040,flicker
66.3065,171401,flicker
66.3118,171418,flicker
66.3146,170766,flicker
66.3187,171196,flicker
66.3229,170632,flicker
66.3269,171330,flicker
66.3310,171399,flicker
66.3351,170378,flicker
66.3393,171269,flicker
66.3433,171261,flicker
66.3476,171755,flicker
66.3515,171044,flicker
66.3556,171459,flicker
66.3602,170860,flicker
66.3638,171136,flicker
66.3679,171501,flicker
66.3721,171783,flicker
66.3765,171098,flicker
66.3802,171108,flicker
66.3843,171640,flicker
66.3887,171542,flicker
66.3927,171485,flicker
66.3965,171441,flicker
66.4007,171521,flicker
66.4024,1,flicker
66.4051,71401,flicker
66.4066,1711,flicker
66.4090,74,flicker
66.4104,171690,flicker
66.4130,171246,flicker
66.4170,171043,flicker
66.4213,171306,flicker
66.4255,171115,flicker
66.4293,171410,flicker
66.4334,171278,flicker
66.4376,171512,flicker
66.4429,171242,flicker
66.4457,171635,flicker
66.4498,171544,flicker
66.4540,171531,flicker
66.4590,171683,flicker
66.4621,171534,flicker
66.4662,171525,flicker
66.4703,171545,flicker
66.4757,73,flicker
66.4786,171267,flicker
66.4827,171222,flicker
66.4867,171118,flicker
66.4909,706,flicker
66.4959,171195,flicker
66.4991,171225,flicker
66.5031,171064,flicker
66.5086,703,flicker
66.5113,171118,flicker
66.5154,171514,flicker
66.5194,171208,flicker
66.5237,11,flicker
66.5278,171289,flicker
66.5321,171778,flicker
66.5338,171,flicker
66.5359,311,flicker
66.5374,171036,flicker
66.5413,17142,flicker
66.5440,171123,flicker
66.5482,171491,flicker
66.5522,171229,flicker
66.5565,171123,flicker
66.5604,171336,flicker
66.5645,171654,flicker
66.5686,171341,flicker
66.5727,171284,flicker
66.5768,171380,flicker
66.5809,171384,flicker
66.5850,171131,flicker
66.5891,171598,flicker
66.5936,171341,flicker
66.5973,171307,flicker
66.6013,171300,flicker
66.6056,171118,flicker
66.6102,171381,flicker
66.6136,171269,flicker
66.6177,171353,flicker
66.6222,171654,flicker
66.6263,170931,flicker
66.6302,171627,flicker
66.6342,171318,flicker
66.6385,171294,flicker
66.6430,171497,flicker
66.6465,171992,flicker
66.6505,171127,flicker
66.6548,171283,flicker
66.6595,171339,flicker
66.6606,171,flicker
66.6628,523,flicker
66.6637,17086,flicker
66.6669,2,flicker
66.6669,171701,flicker
66.6712,171565,flicker
66.6766,171138,flicker
66.6793,171239,flicker
66.6834,171156,flicker
66.6874,171280,flicker
66.6914,171261,flicker
66.6958,171170,flicker
66.6999,170922,flicker
66.7038,171175,flicker
66.7093,707,flicker
66.7125,171487,flicker
66.7162,171858,flicker
66.7203,170913,flicker
66.7252,171570,flicker
66.7293,171467,flicker
66.7324,171240,flicker
66.7365,171338,flicker
66.7407,36,flicker
66.7454,171408,flicker
66.7488,171483,flicker
66.7529,171216,flicker
66.7571,752,flicker
66.7617,171555,flicker
66.7652,171372,flicker
66.7693,171854,flicker
66.7734,708,flicker
66.7796,171431,flicker
66.7817,171121,flicker
66.7857,171304,flicker
66.7874,17,flicker
66.7898,1434,flicker
66.7910,17139,flicker
66.7939,0,flicker
66.7940,171118,flicker
66.7980,170549,flicker
66.8021,171327,flicker
66.8062,171254,flicker
66.8103,170944,flicker
66.8143,171510,flicker
66.8184,171533,flicker
66.8226,171548,flicker
66.8267,171684,flicker
66.8307,171114,flicker
66.8348,171318,flicker
66.8390,171678,flicker
66.8432,170893,flicker
66.8472,171746,flicker
66.8513,171225,flicker
66.8554,171593,flicker
66.8597,171294,flicker
66.8638,171116,flicker
66.8677,171136,flicker
66.8719,171697,flicker
66.8761,171858,flicker
66.8800,170832,flicker
66.8841,171502,flicker
66.8884,171042,flicker
66.8931,171789,flicker
66.8964,171206,flicker
66.9004,171348,flicker
66.9046,171186,flicker
66.9090,171448,flicker
66.9128,171316,flicker
66.9143,17,flicker
66.9168,1498,flicker
66.9182,17125,flicker
66.9209,1,flicker
66.9210,171084,flicker
66.9250,17,flicker
66.9251,365,flicker
66.9295,171577,flicker
66.9331,171115,flicker
66.9372,171614,flicker
66.9417,171289,flicker
66.9454,171606,flicker
66.9495,170972,flicker
66.9536,171308,flicker
66.9579,171444,flicker
66.9626,171111,flicker
66.9660,171019,flicker
66.9700,171075,flicker
66.9742,7,flicker
66.9785,171347,flicker
66.9831,171630,flicker
66.9863,170997,flicker
66.9906,771,flicker
66.9949,171069,flicker
66.9991,170973,flicker
67.0049,171488,flicker
67.0070,171372,flicker
67.0119,170882,flicker
67.0150,171794,flicker
67.0191,171296,flicker
67.0234,71423,flicker
67.0289,171530,flicker
67.0316,171448,flicker
67.0355,171179,flicker
67.0397,171751,flicker
67.0410,17,flicker
67.0437,1568,flicker
67.0448,17121,flicker
67.0478,6,flicker
67.0479,171415,flicker
67.0519,171074,flicker
67.0560,171527,flicker
67.0601,171066,flicker
67.0641,171913,flicker
67.0683,171352,flicker
67.0724,171501,flicker
67.0766,171008,flicker
67.0806,171668,flicker
67.0847,171484,flicker
67.0888,171405,flicker
67.0931,171127,flicker
67.0971,171330,flicker
67.1012,171093,flicker
67.1055,171250,flicker
67.1096,171817,flicker
67.1133,171335,flicker
67.1175,171295,flicker
67.1217,171215,flicker
67.1262,171488,flicker
67.1298,171765,flicker
67.1339,171383,flicker
67.1382,171570,flicker
67.1430,171633,flicker
67.1461,171392,flicker
67.1502,171461,flicker
67.1544,171136,flicker
67.1594,171441,flicker
67.1626,171140,flicker
67.1668,171503,flicker
67.1681,1,flicker
67.1707,71506,flicker
67.1719,17142,flicker
67.1747,7,flicker
67.1762,171413,flicker
67.1790,171158,flicker
67.1830,171347,flicker
67.1870,171702,flicker
67.1928,7137,flicker
67.1956,171512,flicker
67.1995,170988,flicker
67.2037,170800,flicker
67.2076,7136,flicker
67.2117,171513,flicker
67.2157,171710,flicker
67.2198,170990,flicker
67.2251,792,flicker
67.2282,171253,flicker
67.2327,171743,flicker
67.2362,172283,flicker
67.2418,90,flicker
67.2453,171529,flicker
67.2485,171104,flicker
67.2526,171163,flicker
67.2568,70723,flicker
67.2620,171276,flicker
67.2652,171486,flicker
67.2690,171207,flicker
67.2732,11084,flicker
67.2772,171497,flicker
67.2826,171171,flicker
67.2862,170908,flicker
67.2895,171482,flicker
67.2937,171546,flicker
67.2951,1,flicker
67.2977,71670,flicker
67.2988,1711,flicker
67.3017,17,flicker
67.3032,171327,flicker
67.3059,171734,flicker
67.3102,170978,flicker
67.3140,171437,flicker
67.3181,171483,flicker
67.3224,171275,flicker
67.3264,171126,flicker
67.3304,171333,flicker
67.3345,171175,flicker
67.3388,171989,flicker
67.3431,171292,flicker
67.3469,171564,flicker
67.3510,171809,flicker
67.3554,171699,flicker
67.3600,171582,flicker
67.3632,171169,flicker
67.3673,171512,flicker
67.3716,171721,flicker
67.3768,171317,flicker
67.3796,171350,flicker
67.3837,171695,flicker
67.3881,171807,flicker
67.3926,171895,flicker
67.3960,171174,flicker
67.4000,171116,flicker
67.4049,171432,flicker
67.4083,171378,flicker
67.4123,171328,flicker
67.4164,171120,flicker
67.4206,171277,flicker
67.4221,1,flicker
67.4252,70971,flicker
67.4278,171,flicker
67.4288,580,flicker
67.4298,171540,flicker
67.4329,170856,flicker
67.4369,171313,flicker
67.4411,71413,flicker
67.4465,171004,flicker
67.4492,171104,flicker
67.4533,171193,flicker
67.4575,716,flicker
67.4615,171121,flicker
67.4658,171187,flicker
67.4697,171742,flicker
67.4750,794,flicker
67.4780,171678,flicker
67.4820,171158,flicker
67.4860,171256,flicker
67.4902,75,flicker
67.4951,171370,flicker
67.4983,171366,flicker
67.5024,170739,flicker
67.5079,13,flicker
67.5108,171201,flicker
67.5148,171031,flicker
67.5189,170616,flicker
67.5232,171529,flicker
67.5270,171012,flicker
67.5311,171577,flicker
67.5352,171290,flicker
67.5394,171039,flicker
67.5436,170869,flicker
67.5475,171749,flicker
67.5517,171409,flicker
67.5527,171,flicker
67.5558,948,flicker
67.5571,171519,flicker
67.5607,171068,flicker
67.5640,171568,flicker
67.5681,171365,flicker
67.5722,171360,flicker
67.5766,171383,flicker
67.5803,171261,flicker
67.5843,171616,flicker
67.5888,171165,flicker
67.5931,171595,flicker
67.5967,171588,flicker
67.6007,171499,flicker
67.6053,172153,flicker
67.6104,171133,flicker
67.6131,171790,flicker
67.6172,171447,flicker
67.6214,171851,flicker
67.6255,71173,flicker
67.6305,171209,flicker
67.6339,171228,flicker
67.6379,171546,flicker
67.6430,171127,flicker
67.6458,171574,flicker
67.6499,171361,flicker
67.6540,171518,flicker
67.6598,171463,flicker
67.6622,171609,flicker
67.6663,171638,flicker
67.6704,171400,flicker
67.6756,171534,flicker
67.6787,171448,flicker
67.6798,171,flicker
67.6827,100,flicker
67.6842,171422,flicker
67.6868,171597,flicker
67.6924,71,flicker
67.6960,171314,flicker
67.6992,170875,flicker
67.7031,171287,flicker
67.7073,71635,flicker
67.7122,171298,flicker
67.7154,171540,flicker
67.7195,171163,flicker
67.7286,171397,flicker
67.7318,171245,flicker
67.7359,170990,flicker
67.7419,1,flicker
67.7441,171414,flicker
67.7482,171953,flicker
67.7523,171273,flicker
67.7579,1712,flicker
67.7612,171168,flicker
67.7646,171560,flicker
67.7687,171172,flicker
67.7728,171239,flicker
67.7771,171182,flicker
67.7810,171217,flicker
67.7850,171505,flicker
67.7892,171523,flicker
67.7935,171418,flicker
67.7973,171495,flicker
67.8014,171407,flicker
67.8058,171230,flicker
67.8070,171,flicker
67.8102,142,flicker
67.8123,171223,flicker
67.8138,171394,flicker
67.8179,171542,flicker
67.8221,171458,flicker
67.8262,171276,flicker
67.8301,171562,flicker
67.8342,171649,flicker
67.8384,171405,flicker
67.8432,171370,flicker
67.8465,171449,flicker
67.8506,171010,flicker
67.8548,171427,flicker
67.8598,171560,flicker
67.8629,171060,flicker
67.8670,171031,flicker
67.8713,171364,flicker
67.8764,171205,flicker
67.8793,171693,flicker
67.8833,171133,flicker
67.8880,171362,flicker
67.8916,71319,flicker
67.8960,171690,flicker
67.9004,171362,flicker
67.9038,171426,flicker
67.9093,71,flicker
67.9122,171223,flicker
67.9162,171892,flicker
67.9203,171501,flicker
67.9244,71759,flicker
67.9298,171768,flicker
67.9327,171262,flicker
67.9343,171,flicker
67.9366,433,flicker
67.9384,17165,flicker
67.9420,112,flicker
67.9459,171170,flicker
67.9489,171639,flicker
67.9530,171178,flicker
67.9583,717,flicker
67.9619,171450,flicker
67.9658,171234,flicker
67.9694,171066,flicker
67.9736,7127,flicker
67.9805,171807,flicker
67.9824,171435,flicker
67.9859,171197,flicker
67.9900,171526,flicker
67.9943,171377,flicker
67.9981,171111,flicker
68.0022,171602,flicker
68.0063,171667,flicker
68.0107,171069,flicker
68.0144,171659,flicker
68.0185,171219,flicker
68.0226,171494,flicker
68.0270,171305,flicker
68.0308,171437,flicker
68.0349,171729,flicker
68.0390,171411,flicker
68.0439,171190,flicker
68.0472,171685,flicker
68.0513,171909,flicker
68.0555,171535,flicker
68.0603,171334,flicker
68.0619,17,flicker
68.0636,2124,flicker
68.0648,17140,flicker
68.0677,0,flicker
68.0677,171028,flicker
68.0720,171882,flicker
68.0765,171823,flicker
68.0800,171567,flicker
68.0840,171849,flicker
68.0883,171967,flicker
68.0924,171595,flicker
68.0964,171477,flicker
68.1004,171199,flicker
68.1048,171966,flicker
68.1091,171598,flicker
68.1127,171524,flicker
68.1168,171327,flicker
68.1211,171435,flicker
68.1264,171096,flicker
68.1291,171662,flicker
68.1332,171229,flicker
68.1373,171478,flicker
68.1417,171557,flicker
68.1456,171398,flicker
68.1496,171109,flicker
68.1537,171421,flicker
68.1585,171365,flicker
68.1619,171303,flicker
68.1660,171488,flicker
68.1701,171303,flicker
68.1742,71118,flicker
68.1785,171439,flicker
68.1830,171049,flicker
68.1865,171747,flicker
68.1876,17,flicker
68.1906,1387,flicker
68.1920,177,flicker
68.1950,8,flicker
68.1950,171576,flicker
68.1987,171607,flicker
68.2028,171358,flicker
68.2082,7108,flicker
68.2114,171107,flicker
68.2151,171813,flicker
68.2192,171316,flicker
68.2233,71366,flicker
68.2277,171400,flicker
68.2315,171209,flicker
68.2356,171331,flicker
68.2410,171,flicker
68.2439,170987,flicker
68.2480,171404,flicker
68.2520,171189,flicker
68.2561,171309,flicker
68.2611,171574,flicker
68.2644,171470,flicker
68.2684,170983,flicker
68.2725,171681,flicker
68.2769,170951,flicker
68.2806,171589,flicker
68.2847,171720,flicker
68.2890,171448,flicker
68.2930,171864,flicker
68.2970,171155,flicker
68.3011,171679,flicker
68.3054,171737,flicker
68.3101,171112,flicker
68.3135,171706,flicker
68.3152,17,flicker
68.3175,1312,flicker
68.3191,17147,flicker
68.3218,7,flicker
68.3219,171587,flicker
68.3260,171208,flicker
68.3298,171038,flicker
68.3339,171202,flicker
68.3383,171401,flicker
68.3426,171518,flicker
68.3465,171299,flicker
68.3503,170956,flicker
68.3545,171169,flicker
68.3585,1768,flicker
68.3627,171286,flicker
68.3667,170947,flicker
68.3710,171364,flicker
68.3766,71126,flicker
68.3794,171014,flicker
68.3832,171516,flicker
68.3872,171164,flicker
68.3924,171743,flicker
68.3953,171771,flicker
68.3994,171079,flicker
68.4035,171164,flicker
68.4077,709,flicker
68.4118,171574,flicker
68.4165,171944,flicker
68.4199,171141,flicker
68.4254,714,flicker
68.4284,171243,flicker
68.4322,171690,flicker
68.4363,171428,flicker
68.4406,71,flicker
68.4449,1134,flicker
68.4474,17101,flicker
68.4488,7,flicker
68.4490,171532,flicker
68.4527,171322,flicker
68.4583,77,flicker
68.4610,171414,flicker
68.4651,171645,flicker
68.4691,171092,flicker
68.4784,171407,flicker
68.4815,171473,flicker
68.4855,171323,flicker
68.4896,171489,flicker
68.4939,171614,flicker
68.4977,170727,flicker
68.5018,170986,flicker
68.5060,171384,flicker
68.5101,171118,flicker
68.5141,171604,flicker
68.5182,171417,flicker
68.5223,171070,flicker
68.5266,171515,flicker
68.5306,171282,flicker
68.5346,171433,flicker
68.5387,171616,flicker
68.5429,171264,flicker
68.5469,171477,flicker
68.5509,171651,flicker
68.5552,171156,flicker
68.5597,171231,flicker
68.5633,171424,flicker
68.5673,171300,flicker
68.5690,1,flicker
68.5717,71437,flicker
68.5736,1714,flicker
68.5756,19,flicker
68.5771,171889,flicker
68.5798,171190,flicker
68.5838,171487,flicker
68.5880,172162,flicker
68.5923,171317,flicker
68.5961,171173,flicker
68.6002,171296,flicker
68.6047,171347,flicker
68.6087,170872,flicker
68.6126,171310,flicker
68.6169,171793,flicker
68.6206,171562,flicker
68.6249,171706,flicker
68.6299,171361,flicker
68.6329,171484,flicker
68.6370,171381,flicker
68.6412,73,flicker
68.6464,170827,flicker
68.6499,171177,flicker
68.6535,171871,flicker
68.6575,72028,flicker
68.6630,171021,flicker
68.6664,171668,flicker
68.6698,171539,flicker
68.6753,74,flicker
68.6781,171409,flicker
68.6830,171459,flicker
68.6863,171612,flicker
68.6920,70,flicker
68.6950,171426,flicker
68.6967,1,flicker
68.6991,71714,flicker
68.7006,171,flicker
68.7026,280,flicker
68.7037,171594,flicker
68.7085,79,flicker
68.7109,171679,flicker
68.7149,171941,flicker
68.7189,171220,flicker
68.7231,171453,flicker
68.7277,171706,flicker
68.7312,171532,flicker
68.7353,171310,flicker
68.7396,171461,flicker
68.7435,171744,flicker
68.7476,171709,flicker
68.7517,171181,flicker
68.7558,171628,flicker
68.7607,171102,flicker
68.7639,171487,flicker
68.7680,171190,flicker
68.7724,171238,flicker
68.7766,171232,flicker
68.7803,171185,flicker
68.7845,171244,flicker
68.7887,171318,flicker
68.7933,171753,flicker
68.7968,171453,flicker
68.8008,171078,flicker
68.8051,171307,flicker
68.8097,171396,flicker
68.8131,171597,flicker
68.8172,171303,flicker
68.8215,171733,flicker
68.8229,1,flicker
68.8263,71224,flicker
68.8282,171,flicker
68.8295,322,flicker
68.8310,171153,flicker
68.8336,171475,flicker
68.8378,171471,flicker
68.8419,171444,flicker
68.8459,170926,flicker
68.8500,170986,flicker
68.8542,171181,flicker
68.8585,171169,flicker
68.8624,171628,flicker
68.8664,171666,flicker
68.8705,171413,flicker
68.8760,171993,flicker
68.8788,170873,flicker
68.8828,171251,flicker
68.8868,171147,flicker
68.8926,7,flicker
68.8955,171175,flicker
68.8993,171231,flicker
68.9032,171266,flicker
68.9081,171336,flicker
68.9114,171155,flicker
68.9155,171192,flicker
68.9196,171078,flicker
68.9258,7,flicker
68.9281,171363,flicker
68.9319,171032,flicker
68.9360,171417,flicker
68.9401,71590,flicker
68.9471,171474,flicker
68.9483,171528,flicker
68.9524,171359,flicker
68.9536,171,flicker
68.9566,649,flicker
68.9583,171189,flicker
68.9606,171456,flicker
68.9647,170848,flicker
68.9688,171325,flicker
68.9729,171842,flicker
68.9770,171022,flicker
68.9811,170659,flicker
68.9852,171104,flicker
68.9893,171169,flicker
68.9935,170936,flicker
68.9974,171111,flicker
69.0015,171726,flicker
69.0056,171477,flicker
69.0097,171101,flicker
69.0138,171192,flicker
69.0179,171130,flicker
69.0226,171791,flicker
69.0269,171463,flicker
69.0303,171081,flicker
69.0344,171498,flicker
69.0388,171384,flicker
69.0428,171133,flicker
69.0466,171202,flicker
69.0507,171533,flicker
69.0549,172037,flicker
69.0591,171066,flicker
69.0630,171436,flicker
69.0670,171785,flicker
69.0713,171828,flicker
69.0759,171611,flicker
69.0796,170915,flicker
69.0808,17,flicker
69.0835,1303,flicker
69.0846,17165,flicker
69.0879,6,flicker
69.0880,171678,flicker
69.0921,171000,flicker
69.0957,171618,flicker
69.0998,171375,flicker
69.1039,171571,flicker
69.1086,171365,flicker
69.1121,171360,flicker
69.1162,170923,flicker
69.1203,171273,flicker
69.1246,71552,flicker
69.1288,171689,flicker
69.1327,171484,flicker
69.1368,171189,flicker
69.1409,71,flicker
69.1460,171303,flicker
69.1491,171518,flicker
69.1531,171224,flicker
69.1573,715,flicker
69.1623,171368,flicker
69.1659,171207,flicker
69.1695,171343,flicker
69.1737,41,flicker
69.1779,171794,flicker
69.1820,171637,flicker
69.1860,171471,flicker
69.1915,171595,flicker
69.1941,171051,flicker
69.1981,171069,flicker
69.2023,171534,flicker
69.2067,1,flicker
69.2081,17,flicker
69.2105,193,flicker
69.2132,17152,flicker
69.2145,1,flicker
69.2146,171171,flicker
69.2186,171772,flicker
69.2227,171362,flicker
69.2272,171747,flicker
69.2309,171476,flicker
69.2350,171639,flicker
69.2391,171243,flicker
69.2434,171341,flicker
69.2473,171707,flicker
69.2514,171362,flicker
69.2555,171326,flicker
69.2602,171314,flicker
69.2637,171410,flicker
69.2678,172034,flicker
69.2720,171447,flicker
69.2760,171240,flicker
69.2800,170888,flicker
69.2841,170430,flicker
69.2884,171252,flicker
69.2936,171551,flicker
69.2964,171124,flicker
69.3005,171440,flicker
69.3047,171839,flicker
69.3089,171279,flicker
69.3128,171427,flicker
69.3169,171598,flicker
69.3212,171605,flicker
69.3252,171744,flicker
69.3292,171383,flicker
69.3333,170873,flicker
69.3334,17,flicker
69.3374,1467,flicker
69.3390,17114,flicker
69.3461,171212,flicker
69.3502,171711,flicker
69.3538,171097,flicker
69.3588,171036,flicker
69.3621,171095,flicker
69.3661,171703,flicker
69.3702,171100,flicker
69.3743,71759,flicker
69.3784,171543,flicker
69.3828,171663,flicker
69.3866,171549,flicker
69.3908,32,flicker
69.3948,171479,flicker
69.4000,171100,flicker
69.4029,171121,flicker
69.4070,71449,flicker
69.4124,170421,flicker
69.4159,171402,flicker
69.4193,171523,flicker
69.4248,7157,flicker
69.4284,171318,flicker
69.4321,171522,flicker
69.4357,171560,flicker
69.4414,1714,flicker
69.4448,171605,flicker
69.4481,171648,flicker
69.4521,171628,flicker
69.4563,171847,flicker
69.4604,171467,flicker
69.4616,1,flicker
69.4644,71168,flicker
69.4660,1717,flicker
69.4685,56,flicker
69.4699,171810,flicker
69.4726,171658,flicker
69.4771,170745,flicker
69.4808,171402,flicker
69.4848,171380,flicker
69.4890,171533,flicker
69.4932,172043,flicker
69.4971,171578,flicker
69.5013,171877,flicker
69.5054,171724,flicker
69.5097,171278,flicker
69.5135,171095,flicker
69.5176,171602,flicker
69.5219,171732,flicker
69.5258,171622,flicker
69.5299,171491,flicker
69.5340,171574,flicker
69.5382,171054,flicker
69.5426,171089,flicker
69.5463,171663,flicker
69.5505,171358,flicker
69.5549,171482,flicker
69.5602,7,flicker
69.5643,171294,flicker
69.5669,171378,flicker
69.5710,171767,flicker
69.5750,171322,flicker
69.5791,171500,flicker
69.5831,171416,flicker
69.5874,170878,flicker
69.5928,171251,flicker
69.5944,171,flicker
69.5955,292,flicker
69.5967,171641,flicker
69.5995,171474,flicker
69.6036,171768,flicker
69.6099,71116,flicker
69.6128,171285,flicker
69.6160,171142,flicker
69.6200,171836,flicker
69.6242,7186,flicker
69.6289,171615,flicker
69.6323,171922,flicker
69.6364,171321,flicker
69.6418,717,flicker
69.6448,171601,flicker
69.6488,171910,flicker
69.6529,171688,flicker
69.6583,7883,flicker
69.6618,171523,flicker
69.6654,171710,flicker
69.6691,171180,flicker
69.6748,1719,flicker
69.6782,171242,flicker
69.6826,171634,flicker
69.6856,171788,flicker
69.6897,171068,flicker
69.6937,171181,flicker
69.6978,171089,flicker
69.7019,171541,flicker
69.7060,170965,flicker
69.7102,171332,flicker
69.7142,171512,flicker
69.7184,171364,flicker
69.7201,171,flicker
69.7227,665,flicker
69.7239,170874,flicker
69.7273,171493,flicker
69.7306,171331,flicker
69.7347,171681,flicker
69.7388,171460,flicker
69.7435,171744,flicker
69.7470,171927,flicker
69.7510,171014,flicker
69.7556,171225,flicker
69.7603,171517,flicker
69.7634,171230,flicker
69.7674,171550,flicker
69.7717,171803,flicker
69.7760,171508,flicker
69.7797,171442,flicker
69.7838,171496,flicker
69.7882,171230,flicker
69.7933,171986,flicker
69.7962,171652,flicker
69.8002,171160,flicker
69.8050,170903,flicker
69.8084,71299,flicker
69.8150,171881,flicker
69.8169,171346,flicker
69.8214,171456,flicker
69.8257,171478,flicker
69.8289,171692,flicker
69.8330,171268,flicker
69.8371,171482,flicker
69.8412,71136,flicker
69.8475,171546,flicker
69.8492,17,flicker
69.8495,1438,flicker
69.8506,17146,flicker
69.8534,7,flicker
69.8535,171482,flicker
69.8588,748,flicker
69.8633,171778,flicker
69.8657,171974,flicker
69.8698,171682,flicker
69.8742,71265,flicker
69.8787,171425,flicker
69.8822,171369,flicker
69.8863,171408,flicker
69.8919,7,flicker
69.8951,171428,flicker
69.8994,171419,flicker
69.9026,171594,flicker
69.9067,71468,flicker
69.9113,170934,flicker
69.9158,171424,flicker
69.9199,171687,flicker
69.9233,171433,flicker
69.9276,170969,flicker
69.9313,171878,flicker
69.9354,171632,flicker
69.9395,171388,flicker
69.9436,170663,flicker
69.9477,171813,flicker
69.9518,171253,flicker
69.9559,171579,flicker
69.9606,171739,flicker
69.9642,171359,flicker
69.9682,171312,flicker
69.9723,171505,flicker
69.9733,17,flicker
69.9764,1186,flicker
69.9781,17164,flicker
69.9804,9,flicker
69.9818,171306,flicker
69.9845,170922,flicker
69.9888,171738,flicker
69.9930,171473,flicker
69.9968,170853,flicker
70.0009,171526,flicker
70.0052,171370,flicker
70.0091,171399,flicker
70.0132,171521,flicker
70.0173,171712,flicker
70.0216,171582,flicker
70.0256,171422,flicker
70.0296,171360,flicker
70.0337,171631,flicker
70.0379,171046,flicker
70.0422,171367,flicker
70.0460,171583,flicker
70.0501,171530,flicker
70.0543,171178,flicker
70.0583,71514,flicker
70.0646,171405,flicker
70.0672,171535,flicker
70.0707,171613,flicker
70.0752,171499,flicker
70.0787,171273,flicker
70.0828,171688,flicker
70.0869,171267,flicker
70.0910,71661,flicker
70.0964,171510,flicker
70.0998,171069,flicker
70.1011,1,flicker
70.1033,71333,flicker
70.1051,1710,flicker
70.1076,27,flicker
70.1088,171566,flicker
70.1115,171425,flicker
70.1156,171357,flicker
70.1197,171189,flicker
70.1253,73,flicker
70.1285,171584,flicker
70.1324,170965,flicker
70.1361,171296,flicker
70.1403,76,flicker
70.1452,171660,flicker
70.1483,171376,flicker
70.1525,170887,flicker
70.1584,71117,flicker
70.1610,171276,flicker
70.1648,171277,flicker
70.1688,171480,flicker
70.1731,171019,flicker
70.1776,171231,flicker
70.1811,171030,flicker
70.1853,171656,flicker
70.1894,171154,flicker
70.1935,171045,flicker
70.1975,171124,flicker
70.2016,171239,flicker
70.2057,171169,flicker
70.2101,171443,flicker
70.2139,171583,flicker
70.2180,171476,flicker
70.2223,171433,flicker
70.2269,171376,flicker
70.2285,1,flicker
70.2303,71439,flicker
70.2316,171,flicker
70.2344,311,flicker
70.2358,171077,flicker
70.2387,171208,flicker
70.2431,171141,flicker
70.2467,171281,flicker
70.2507,171781,flicker
70.2551,170996,flicker
70.2597,171021,flicker
70.2632,171726,flicker
70.2672,171353,flicker
70.2715,171516,flicker
70.2755,171266,flicker
70.2796,170877,flicker
70.2835,171673,flicker
70.2878,171506,flicker
70.2923,171019,flicker
70.2963,171549,flicker
70.2999,171900,flicker
70.3041,171332,flicker
70.3094,171647,flicker
70.3123,171427,flicker
70.3163,170982,flicker
70.3204,171382,flicker
70.3259,171365,flicker
70.3286,171749,flicker
70.3327,171495,flicker
70.3368,171868,flicker
70.3410,71764,flicker
70.3458,171926,flicker
70.3490,171634,flicker
70.3532,171482,flicker
70.3574,7180,flicker
70.3588,171,flicker
70.3624,00,flicker
70.3648,171354,flicker
70.3655,171912,flicker
70.3696,171241,flicker
70.3756,0,flicker
70.3781,171169,flicker
70.3825,170825,flicker
70.3860,171112,flicker
70.3913,62,flicker
70.3942,170825,flicker
70.3984,171298,flicker
70.4023,171181,flicker
70.4064,171387,flicker
70.4106,171341,flicker
70.4146,171093,flicker
70.4187,170870,flicker
70.4229,171205,flicker
70.4270,171059,flicker
70.4310,170755,flicker
70.4351,171842,flicker
70.4393,171712,flicker
70.4434,171679,flicker
70.4474,171464,flicker
70.4514,171453,flicker
70.4556,171346,flicker
70.4596,171185,flicker
70.4638,171462,flicker
70.4679,171572,flicker
70.4721,171253,flicker
70.4761,171057,flicker
70.4802,171482,flicker
70.4843,171484,flicker
70.4853,171,flicker
70.4891,376,flicker
70.4902,17150,flicker
70.4927,5,flicker
70.4928,171907,flicker
70.4965,171232,flicker
70.5006,171650,flicker
70.5049,171608,flicker
70.5101,171169,flicker
70.5129,172226,flicker
70.5170,170788,flicker
70.5212,171423,flicker
70.5263,171239,flicker
70.5293,171233,flicker
70.5334,171200,flicker
70.5376,171389,flicker
70.5421,170676,flicker
70.5461,171415,flicker
70.5498,171588,flicker
70.5538,171589,flicker
70.5599,7133,flicker
70.5626,171718,flicker
70.5669,171289,flicker
70.5704,170827,flicker
70.5744,171643,flicker
70.5786,171275,flicker
70.5826,171010,flicker
70.5867,171049,flicker
70.5914,17132,flicker
70.5969,171799,flicker
70.5990,171528,flicker
70.6031,171375,flicker
70.6073,171495,flicker
70.6119,171317,flicker
70.6131,17,flicker
70.6154,1930,flicker
70.6169,17143,flicker
70.6194,6,flicker
70.6195,171509,flicker
70.6237,171767,flicker
70.6278,170721,flicker
70.6317,171233,flicker
70.6358,171333,flicker
70.6401,171529,flicker
70.6445,171627,flicker
70.6481,171795,flicker
70.6521,171655,flicker
70.6566,171168,flicker
70.6605,171706,flicker
70.6645,171537,flicker
70.6686,171609,flicker
70.6728,171299,flicker
70.6777,171637,flicker
70.6808,171477,flicker
70.6849,171551,flicker
70.6892,171466,flicker
70.6937,171385,flicker
70.6972,171976,flicker
70.7013,171311,flicker
70.7056,171571,flicker
70.7105,171104,flicker
70.7136,171067,flicker
70.7177,171116,flicker
70.7221,171571,flicker
70.7265,171495,flicker
70.7301,171557,flicker
70.7341,171362,flicker
70.7385,170812,flicker
70.7399,17,flicker
70.7432,1703,flicker
70.7450,17117,flicker
70.7464,1,flicker
70.7464,171655,flicker
70.7505,171246,flicker
70.7547,172172,flicker
70.7595,171460,flicker
70.7627,171501,flicker
70.7669,171562,flicker
70.7714,171470,flicker
70.7767,171239,flicker
70.7793,171508,flicker
70.7834,171372,flicker
70.7878,171400,flicker
70.7968,171577,flicker
70.7999,171339,flicker
70.8037,171386,flicker
70.8078,71664,flicker
70.8151,171780,flicker
70.8162,171447,flicker
70.8201,171179,flicker
70.8256,7,flicker
70.8285,171269,flicker
70.8338,171284,flicker
70.8365,171313,flicker
70.8420,77,flicker
70.8455,171582,flicker
70.8495,171343,flicker
70.8529,171097,flicker
70.8586,7,flicker
70.8611,171248,flicker
70.8661,171835,flicker
70.8674,17,flicker
70.8693,1549,flicker
70.8705,1714,flicker
70.8734,5,flicker
70.8754,15,flicker
70.8780,171317,flicker
70.8815,171059,flicker
70.8856,171244,flicker
70.8898,171428,flicker
70.8941,171246,flicker
70.8980,171492,flicker
70.9021,170902,flicker
70.9061,170989,flicker
70.9102,171003,flicker
70.9143,171074,flicker
70.9184,171416,flicker
70.9225,171022,flicker
70.9266,171573,flicker
70.9309,171085,flicker
70.9348,171664,flicker
70.9389,171445,flicker
70.9435,170978,flicker
70.9470,171088,flicker
70.9511,171698,flicker
70.9555,171299,flicker
70.9603,171456,flicker
70.9634,171433,flicker
70.9675,171307,flicker
70.9719,171521,flicker
70.9782,171525,rest
70.9798,171381,rest
70.9839,171326,rest
70.9882,171585,rest
70.9935,171317,rest
70.9949,1,rest
70.9964,71295,rest
70.9981,1712,rest
71.0004,03,rest
71.0019,171249,rest
71.0045,171606,rest
71.0088,171174,rest
71.0130,171386,rest
71.0167,171672,rest
71.0210,171106,rest
71.0251,714,rest
71.0293,171651,rest
71.0337,171325,rest
71.0373,171194,rest
71.0428,7,rest
71.0454,171025,rest
71.0501,171146,rest
71.0537,170985,rest
71.0582,171116,rest
71.0619,171305,rest
71.0658,171346,rest
71.0699,170769,rest
71.0749,171245,rest
71.0781,171654,rest
71.0823,171773,rest
71.0863,171099,rest
71.0938,70,rest
71.0951,171189,rest
71.0987,171759,rest
71.1028,171620,rest
71.1086,128,rest
71.1109,171123,rest
71.1161,171689,rest
71.1199,171168,rest
71.1213,1,rest
71.1232,71319,rest
71.1242,171,rest
71.1280,279,rest
71.1296,172032,rest
71.1314,171400,rest
71.1355,171238,rest
71.1396,171037,rest
71.1438,171150,rest
71.1477,171405,rest
71.1518,171389,rest
71.1560,171099,rest
71.1601,171361,rest
71.1641,171462,rest
71.1683,171096,rest
71.1725,171013,rest
71.1775,171152,rest
71.1807,171117,rest
71.1847,170819,rest
71.1890,171232,rest
71.1934,171453,rest
71.1969,170827,rest
71.2010,171579,rest
71.2053,171101,rest
71.2103,171566,rest
71.2135,171404,rest
71.2175,171001,rest
71.2216,171225,rest
71.2267,171182,rest
71.2298,171249,rest
71.2338,171529,rest
71.2382,171333,rest
71.2431,170984,rest
71.2461,171243,rest
71.2502,171123,rest
71.2513,171,rest
71.2547,026,rest
71.2565,171410,rest
71.2585,171292,rest
71.2627,170952,rest
71.2666,170644,rest
71.2707,171485,rest
71.2749,7027,rest
71.2800,171299,rest
71.2831,171843,rest
71.2870,170861,rest
71.2953,171361,rest
71.2994,170627,rest
71.3034,171145,rest
71.3075,71501,rest
71.3129,171302,rest
71.3162,171175,rest
71.3198,171076,rest
71.3240,7160,rest
71.3281,171544,rest
71.3324,171214,rest
71.3363,170532,rest
71.3404,7128,rest
71.3444,171743,rest
71.3484,171562,rest
71.3532,171003,rest
71.3567,171321,rest
71.3607,171394,rest
71.3709,171275,rest
71.3732,171208,rest
71.3777,170950,rest
71.3790,171,rest
71.3813,370,rest
71.3827,171128,rest
71.3853,171276,rest
71.3896,171241,rest
71.3937,171340,rest
71.3978,171062,rest
71.4017,171243,rest
71.4060,171309,rest
71.4104,171495,rest
71.4140,170947,rest
71.4181,171271,rest
71.4222,171095,rest
71.4268,171239,rest
71.4304,171203,rest
71.4345,171461,rest
71.4389,171059,rest
71.4438,171281,rest
71.4468,171851,rest
71.4508,171322,rest
71.4552,171395,rest
71.4600,171395,rest
71.4633,171148,rest
71.4674,171390,rest
71.4717,171012,rest
71.4766,171603,rest
71.4795,171298,rest
71.4836,171571,rest
71.4887,171215,rest
71.4922,171055,rest
71.4959,171502,rest
71.5000,171537,rest
71.5044,171303,rest
71.5060,170,rest
71.5094,906,rest
71.5106,171340,rest
71.5123,171706,rest
71.5164,171357,rest
71.5205,171232,rest
71.5246,71265,rest
71.5293,171595,rest
71.5328,171110,rest
71.5371,171110,rest
71.5410,170777,rest
71.5456,171386,rest
71.5492,171174,rest
71.5533,171657,rest
71.5625,171733,rest
71.5665,171559,rest
71.5697,171138,rest
71.5738,7126,rest
71.5780,171825,rest
71.5830,170822,rest
71.5863,171150,rest
71.5919,792,rest
71.5946,171860,rest
71.5989,171486,rest
71.6025,171215,rest
71.6066,1434,rest
71.6112,171340,rest
71.6151,171111,rest
71.6188,171728,rest
71.6229,170904,rest
71.6277,171022,rest
71.6312,170863,rest
71.6324,171,rest
71.6352,527,rest
71.6368,171545,rest
71.6394,171796,rest
71.6440,171422,rest
71.6476,171465,rest
71.6516,171083,rest
71.6557,170953,rest
71.6606,171293,rest
71.6639,171200,rest
71.6680,171632,rest
71.6721,171160,rest
71.6761,171449,rest
71.6803,170958,rest
71.6844,171629,rest
71.6887,171787,rest
71.6930,171473,rest
71.6966,171208,rest
71.7007,171573,rest
71.7050,171230,rest
71.7092,171211,rest
71.7131,171277,rest
71.7171,171143,rest
71.7219,171303,rest
71.7256,171188,rest
71.7294,171775,rest
71.7334,171147,rest
71.7378,171773,rest
71.7466,171515,rest
71.7504,171139,rest
71.7541,171555,rest
71.7582,7310,rest
71.7593,17,rest
71.7622,1280,rest
71.7633,17116,rest
71.7666,1,rest
71.7675,171496,rest
71.7704,171354,rest
71.7746,7155,rest
71.7793,170708,rest
71.7829,171322,rest
71.7872,171391,rest
71.7909,170922,rest
71.7952,171025,rest
71.7990,171458,rest
71.8031,171118,rest
71.8073,7145,rest
71.8127,08,rest
71.8160,171017,rest
71.8196,171102,rest
71.8238,170838,rest
71.8281,171079,rest
71.8321,171169,rest
71.8359,171407,rest
71.8451,170887,rest
71.8493,171604,rest
71.8524,171562,rest
71.8565,171036,rest
71.8611,171245,rest
71.8646,171353,rest
71.8686,171765,rest
71.8728,171363,rest
71.8769,170689,rest
71.8809,171491,rest
71.8851,171584,rest
71.8863,17,rest
71.8892,1024,rest
71.8900,17083,rest
71.8936,7,rest
71.8937,171240,rest
71.8973,171519,rest
71.9014,171474,rest
71.9055,171669,rest
71.9107,171432,rest
71.9137,170769,rest
71.9178,171861,rest
71.9220,171236,rest
71.9263,171221,rest
71.9301,170911,rest
71.9341,171027,rest
71.9384,171101,rest
71.9429,171370,rest
71.9464,171279,rest
71.9505,171070,rest
71.9548,171648,rest
71.9591,170852,rest
71.9629,171377,rest
71.9669,171225,rest
71.9710,170617,rest
71.9751,171189,rest
71.9794,171080,rest
71.9833,171201,rest
71.9878,171471,rest
71.9919,171402,rest
71.9956,171317,rest
71.9997,171491,rest
72.0038,171262,rest
72.0095,171373,rest
72.0122,170999,rest
72.0140,17,rest
72.0161,1307,rest
72.0177,17129,rest
72.0202,9,rest
72.0215,170945,rest
72.0243,171191,rest
72.0285,171308,rest
72.0326,171554,rest
72.0366,171201,rest
72.0407,71332,rest
72.0471,171585,rest
72.0490,171413,rest
72.0529,171892,rest
72.0587,71,rest
72.0615,171897,rest
72.0661,171423,rest
72.0705,171274,rest
72.0735,171590,rest
72.0784,170819,rest
72.0818,170823,rest
72.0857,171100,rest
72.0898,171501,rest
72.0943,171185,rest
72.0981,171365,rest
72.1021,171402,rest
72.1063,171381,rest
72.1103,171031,rest
72.1144,171398,rest
72.1184,171740,rest
72.1226,171501,rest
72.1274,171338,rest
72.1308,171292,rest
72.1348,171400,rest
72.1390,171378,rest
72.1406,1,rest
72.1433,71537,rest
72.1443,1713,rest
72.1472,71,rest
72.1489,171702,rest
72.1513,171490,rest
72.1555,171367,rest
72.1605,171148,rest
72.1637,171446,rest
72.1677,171331,rest
72.1720,171139,rest
72.1762,171029,rest
72.1799,171212,rest
72.1840,171263,rest
72.1883,171245,rest
72.1934,171221,rest
72.1963,171163,rest
72.2004,171206,rest
72.2053,171299,rest
72.2087,171352,rest
72.2128,171620,rest
72.2168,171291,rest
72.2211,171389,rest
72.2264,170812,rest
72.2291,171163,rest
72.2331,170848,rest
72.2373,171576,rest
72.2414,71450,rest
72.2455,172078,rest
72.2496,171368,rest
72.2538,171602,rest
72.2595,793,rest
72.2625,171365,rest
72.2659,171117,rest
72.2668,1,rest
72.2700,71389,rest
72.2716,1716,rest
72.2753,0,rest
72.2792,170991,rest
72.2833,170945,rest
72.2864,172016,rest
72.2958,170967,rest
72.3004,171218,rest
72.3028,171667,rest
72.3083,1127,rest
72.3111,171490,rest
72.3159,171320,rest
72.3193,171700,rest
72.3233,613,rest
72.3276,171353,rest
72.3315,171185,rest
72.3359,170986,rest
72.3401,171375,rest
72.3439,171451,rest
72.3485,171425,rest
72.3519,171025,rest
72.3561,171035,rest
72.3611,171081,rest
72.3643,171334,rest
72.3683,170698,rest
72.3725,171356,rest
72.3773,171475,rest
72.3807,171384,rest
72.3847,172050,rest
72.3888,171219,rest
72.3930,171899,rest
72.3970,170630,rest
72.3984,171,rest
72.4011,101,rest
72.4022,171798,rest
72.4054,171296,rest
72.4104,171462,rest
72.4134,171298,rest
72.4174,170858,rest
72.4218,171333,rest
72.4265,171303,rest
72.4298,171273,rest
72.4338,170981,rest
72.4383,171496,rest
72.4425,171666,rest
72.4461,171606,rest
72.4503,171310,rest
72.4547,171050,rest
72.4600,171491,rest
72.4625,171331,rest
72.4666,171064,rest
72.4708,171158,rest
72.4761,171306,rest
72.4790,171009,rest
72.4830,171486,rest
72.4871,170889,rest
72.4912,71095,rest
72.4968,171202,rest
72.4994,171049,rest
72.5035,171589,rest
72.5090,7,rest
72.5124,171154,rest
72.5161,171764,rest
72.5199,171369,rest
72.5240,71346,rest
72.5252,170,rest
72.5286,44,rest
72.5297,171431,rest
72.5325,170905,rest
72.5364,171100,rest
72.5406,7198,rest
72.5455,171124,rest
72.5489,171620,rest
72.5527,171953,rest
72.5610,171085,rest
72.5650,170807,rest
72.5691,171443,rest
72.5733,171538,rest
72.5779,171505,rest
72.5815,171752,rest
72.5854,170944,rest
72.5896,171586,rest
72.5936,170930,rest
72.5977,171034,rest
72.6018,171277,rest
72.6059,171224,rest
72.6101,171315,rest
72.6141,171653,rest
72.6182,171524,rest
72.6223,171539,rest
72.6270,170987,rest
72.6306,171182,rest
72.6347,171915,rest
72.6389,171393,rest
72.6435,171413,rest
72.6468,171586,rest
72.6509,171522,rest
72.6518,171,rest
72.6553,404,rest
72.6564,171773,rest
72.6592,171048,rest
72.6634,171184,rest
72.6673,171312,rest
72.6716,171576,rest
72.6756,170912,rest
72.6796,170970,rest
72.6837,170911,rest
72.6880,171185,rest
72.6922,171421,rest
72.6961,171510,rest
72.7001,171654,rest
72.7044,172100,rest
72.7088,171172,rest
72.7125,171474,rest
72.7165,171213,rest
72.7207,171686,rest
72.7254,171463,rest
72.7289,171015,rest
72.7328,171304,rest
72.7370,171142,rest
72.7421,171387,rest
72.7451,171234,rest
72.7493,171390,rest
72.7533,171413,rest
72.7575,71167,rest
72.7617,171324,rest
72.7661,171187,rest
72.7697,171318,rest
72.7750,73,rest
72.7780,171229,rest
72.7801,171,rest
72.7821,651,rest
72.7830,17153,rest
72.7861,8,rest
72.7862,171372,rest
72.7904,17427,rest
72.7955,171382,rest
72.7989,171206,rest
72.8025,171185,rest
72.8067,171047,rest
72.8117,171558,rest
72.8148,171345,rest
72.8189,171294,rest
72.8231,171312,rest
72.8271,171410,rest
72.8312,171277,rest
72.8353,171199,rest
72.8395,171205,rest
72.8434,171456,rest
72.8476,171531,rest
72.8517,170966,rest
72.8559,171111,rest
72.8605,170946,rest
72.8639,171201,rest
72.8680,171734,rest
72.8723,171352,rest
72.8773,171382,rest
72.8803,171041,rest
72.8844,171371,rest
72.8887,171567,rest
72.8936,170846,rest
72.8968,171255,rest
72.9009,171275,rest
72.9051,171467,rest
72.9067,17,rest
72.9097,1563,rest
72.9117,17182,rest
72.9132,0,rest
72.9132,171118,rest
72.9173,171146,rest
72.9216,171186,rest
72.9258,171074,rest
72.9295,171209,rest
72.9336,171601,rest
72.9379,171404,rest
72.9421,171151,rest
72.9458,170990,rest
72.9499,171808,rest
72.9541,171704,rest
72.9582,171527,rest
72.9623,171143,rest
72.9663,171468,rest
72.9704,171683,rest
72.9762,171575,rest
72.9787,171026,rest
72.9828,171332,rest
72.9868,170852,rest
72.9910,71256,rest
72.9973,171905,rest
72.9994,171789,rest
73.0033,171634,rest
73.0091,775,rest
73.0128,171234,rest
73.0172,171026,rest
73.0196,170826,rest
73.0238,7606,rest
73.0293,171422,rest
73.0327,170923,rest
73.0343,17,rest
73.0360,1842,rest
73.0373,17167,rest
73.0405,1140,rest
73.0453,171346,rest
73.0492,171140,rest
73.0523,171446,rest
73.0565,170643,rest
73.0608,171367,rest
73.0646,171860,rest
73.0687,171389,rest
73.0730,171443,rest
73.0780,171507,rest
73.0810,171104,rest
73.0851,172339,rest
73.0893,171125,rest
73.0935,171893,rest
73.0974,171169,rest
73.1015,171842,rest
73.1056,172057,rest
73.1097,171501,rest
73.1138,171924,rest
73.1178,171449,rest
73.1220,171215,rest
73.1262,171264,rest
73.1302,171397,rest
73.1344,171342,rest
73.1386,171555,rest
73.1428,170991,rest
73.1465,170666,rest
73.1506,171498,rest
73.1550,171182,rest
73.1599,171531,rest
73.1614,17,rest
73.1630,2252,rest
73.1647,1711,rest
73.1670,64,rest
73.1685,172009,rest
73.1713,171334,rest
73.1754,171297,rest
73.1793,171127,rest
73.1834,172032,rest
73.1876,171045,rest
73.1923,171249,rest
73.1957,171670,rest
73.1998,171410,rest
73.2041,171273,rest
73.2096,79,rest
73.2139,171590,rest
73.2162,170933,rest
73.2203,171645,rest
73.2245,71574,rest
73.2297,171296,rest
73.2326,170781,rest
73.2367,171181,rest
73.2409,71654,rest
73.2452,171208,rest
73.2504,171923,rest
73.2531,171812,rest
73.2573,28,rest
73.2622,171584,rest
73.2654,171464,rest
73.2695,171390,rest
73.2736,26,rest
73.2776,171375,rest
73.2822,171448,rest
73.2858,171356,rest
73.2867,1,rest
73.2901,71533,rest
73.2912,172,rest
73.2940,82,rest
73.2950,170826,rest
73.2981,171501,rest
73.3022,171509,rest
73.3064,171673,rest
73.3114,171643,rest
73.3146,171701,rest
73.3187,171559,rest
73.3227,171286,rest
73.3269,171205,rest
73.3309,171136,rest
73.3350,171675,rest
73.3391,171453,rest
73.3432,170843,rest
73.3474,171153,rest
73.3514,171614,rest
73.3556,171326,rest
73.3603,171376,rest
73.3636,171304,rest
73.3678,171939,rest
73.3722,171313,rest
73.3766,171068,rest
73.3800,171640,rest
73.3842,171055,rest
73.3886,171678,rest
73.3927,171677,rest
73.3964,171328,rest
73.4005,171462,rest
73.4048,171279,rest
73.4095,171482,rest
73.4128,172151,rest
73.4138,1,rest
73.4170,71399,rest
73.4183,1715,rest
73.4211,20,rest
73.4224,171205,rest
73.4262,171571,rest
73.4292,171875,rest
73.4332,171486,rest
73.4375,171585,rest
73.4429,171032,rest
73.4456,171480,rest
73.4497,171495,rest
73.4537,171501,rest
73.4593,171794,rest
73.4619,170941,rest
73.4660,171493,rest
73.4701,171654,rest
73.4760,7198,rest
73.4800,171412,rest
73.4825,171259,rest
73.4865,171852,rest
73.4924,7,rest
73.4956,171914,rest
73.4989,171344,rest
73.5030,171467,rest
73.5071,18,rest
73.5121,171442,rest
73.5152,171395,rest
73.5193,171084,rest
73.5255,7290,rest
73.5290,171673,rest
73.5317,171742,rest
73.5357,171693,rest
73.5399,171020,rest
73.5415,1,rest
73.5442,70889,rest
73.5457,1712,rest
73.5480,53,rest
73.5495,171357,rest
73.5521,171242,rest
73.5563,171500,rest
73.5603,171642,rest
73.5643,171283,rest
73.5684,171363,rest
73.5726,171303,rest
73.5767,171263,rest
73.5807,171332,rest
73.5848,171056,rest
73.5890,171578,rest
73.5936,171815,rest
73.5973,171341,rest
73.6015,171234,rest
73.6060,171108,rest
73.6095,171274,rest
73.6135,171974,rest
73.6175,171988,rest
73.6219,171455,rest
73.6265,171923,rest
73.6299,171355,rest
73.6340,171244,rest
73.6384,171587,rest
73.6432,171570,rest
73.6463,171613,rest
73.6504,171425,rest
73.6549,171652,rest
73.6586,71747,rest
73.6635,171191,rest
73.6670,171109,rest
73.6711,171988,rest
73.6727,171,rest
73.6749,878,rest
73.6763,171160,rest
73.6790,170963,rest
73.6831,172018,rest
73.6875,171584,rest
73.6913,71698,rest
73.6961,171357,rest
73.6999,170869,rest
73.7036,171369,rest
73.7090,7,rest
73.7138,170844,rest
73.7160,171232,rest
73.7201,171351,rest
73.7253,7164,rest
73.7299,171320,rest
73.7323,171378,rest
73.7363,170828,rest
73.7405,501,rest
73.7459,171943,rest
73.7494,171546,rest
73.7527,172097,rest
73.7588,5,rest
73.7633,170949,rest
73.7650,171787,rest
73.7691,171858,rest
73.7743,71,rest
73.7781,171194,rest
73.7815,171499,rest
73.7856,171491,rest
73.7897,171461,rest
73.7938,171503,rest
73.7978,172447,rest
73.7991,172,rest
73.8020,025,rest
73.8036,171364,rest
73.8060,171561,rest
73.8102,171360,rest
73.8142,171235,rest
73.8183,171347,rest
73.8224,171970,rest
73.8267,171156,rest
73.8307,171759,rest
73.8347,171323,rest
73.8388,171508,rest
73.8437,171254,rest
73.8470,171186,rest
73.8511,172371,rest
73.8553,171414,rest
73.8599,171857,rest
73.8635,171493,rest
73.8675,171335,rest
73.8720,171655,rest
73.8768,171724,rest
73.8798,171615,rest
73.8838,171839,rest
73.8882,171712,rest
73.8932,171830,rest
73.8961,171530,rest
73.9002,171322,rest
73.9044,171515,rest
73.9085,171459,rest
73.9125,171541,rest
73.9165,171126,rest
73.9210,171412,rest
73.9268,171656,rest
73.9280,170,rest
73.9288,905,rest
73.9301,17136,rest
73.9329,7,rest
73.9330,171514,rest
73.9370,171588,rest
73.9413,718,rest
73.9456,171752,rest
73.9495,171365,rest
73.9534,171608,rest
73.9584,71799,rest
73.9617,171065,rest
73.9657,171348,rest
73.9698,171371,rest
73.9740,71781,rest
73.9785,171234,rest
73.9824,171234,rest
73.9862,171486,rest
73.9903,7112,rest
73.9956,171159,rest
73.9986,171344,rest
74.0027,171457,rest
74.0067,73,rest
74.0108,171407,rest
74.0154,171038,rest
74.0191,171023,rest
74.0232,1028,rest
74.0284,171066,rest
74.0313,171206,rest
74.0353,171505,rest
74.0398,171311,rest
74.0446,171087,rest
74.0477,171602,rest
74.0518,171349,rest
74.0530,17,rest
74.0559,1687,rest
74.0574,17144,rest
74.0600,7,rest
74.0601,171291,rest
74.0640,171485,rest
74.0681,171172,rest
74.0723,171416,rest
74.0764,171549,rest
74.0804,170971,rest
74.0845,171552,rest
74.0887,171540,rest
74.0935,171807,rest
74.0968,171745,rest
74.1008,171121,rest
74.1052,171664,rest
74.1099,171728,rest
74.1131,171583,rest
74.1172,171358,rest
74.1215,171784,rest
74.1267,171545,rest
74.1297,171186,rest
74.1338,171198,rest
74.1380,171480,rest
74.1436,171585,rest
74.1459,172216,rest
74.1500,171526,rest
74.1550,171856,rest
74.1602,171518,rest
74.1624,171510,rest
74.1664,171475,rest
74.1705,171717,rest
74.1747,71203,rest
74.1815,171744,rest
74.1829,17,rest
74.1830,1914,rest
74.1840,1711,rest
74.1869,27,rest
74.1869,171628,rest
74.1927,7,rest
74.1969,171613,rest
74.1992,171359,rest
74.2033,171390,rest
74.2088,12,rest
74.2128,171412,rest
74.2159,170870,rest
74.2197,171316,rest
74.2238,71097,rest
74.2284,171613,rest
74.2322,171059,rest
74.2361,171394,rest
74.2402,14,rest
74.2446,171182,rest
74.2484,171592,rest
74.2524,170840,rest
74.2579,1588,rest
74.2618,170542,rest
74.2648,171783,rest
74.2688,171289,rest
74.2730,170899,rest
74.2773,171542,rest
74.2811,171681,rest
74.2852,171606,rest
74.2894,171739,rest
74.2940,171354,rest
74.2976,171226,rest
74.3016,171213,rest
74.3057,171147,rest
74.3072,1,rest
74.3100,71154,rest
74.3110,1711,rest
74.3139,63,rest
74.3149,171047,rest
74.3180,170906,rest
74.3222,171122,rest
74.3267,171163,rest
74.3304,171040,rest
74.3344,171366,rest
74.3387,171545,rest
74.3430,171508,rest
74.3467,171968,rest
74.3509,171249,rest
74.3551,170847,rest
74.3601,171378,rest
74.3630,171835,rest
74.3671,171514,rest
74.3717,171407,rest
74.3760,171684,rest
74.3795,171773,rest
74.3836,170639,rest
74.3878,171562,rest
74.3926,171130,rest
74.3958,171076,rest
74.3998,171599,rest
74.4042,171437,rest
74.4098,715,rest
74.4135,171414,rest
74.4165,171435,rest
74.4204,171029,rest
74.4246,71540,rest
74.4316,171059,rest
74.4327,171501,rest
74.4345,1,rest
74.4368,71343,rest
74.4382,17148,rest
74.4470,171478,rest
74.4491,171281,rest
74.4531,171209,rest
74.4573,7104,rest
74.4623,171363,rest
74.4654,171269,rest
74.4695,171242,rest
74.4756,73,rest
74.4787,171479,rest
74.4819,171630,rest
74.4859,170923,rest
74.4919,70974,rest
74.4951,171355,rest
74.4983,170983,rest
74.5024,171268,rest
74.5075,17177,rest
74.5111,171501,rest
74.5145,171315,rest
74.5187,171055,rest
74.5228,171545,rest
74.5270,171376,rest
74.5310,171269,rest
74.5351,171390,rest
74.5392,171464,rest
74.5433,171573,rest
74.5474,171325,rest
74.5515,170703,rest
74.5558,171381,rest
74.5608,171268,rest
74.5621,17,rest
74.5637,1527,rest
74.5651,1709,rest
74.5678,40,rest
74.5688,171794,rest
74.5721,172138,rest
74.5769,171107,rest
74.5802,171656,rest
74.5842,171430,rest
74.5886,170914,rest
74.5934,171247,rest
74.5966,171036,rest
74.6006,170988,rest
74.6048,171302,rest
74.6101,171673,rest
74.6129,171644,rest
74.6171,171347,rest
74.6212,171559,rest
74.6255,171686,rest
74.6293,171224,rest
74.6333,171001,rest
74.6375,171497,rest
74.6417,71339,rest
74.6489,171091,rest
74.6499,171451,rest
74.6538,171108,rest
74.6587,170954,rest
74.6620,170910,rest
74.6661,171103,rest
74.6702,171367,rest
74.6762,170803,rest
74.6784,171107,rest
74.6825,170944,rest
74.6866,171039,rest
74.6877,1,rest
74.6907,1071,rest
74.6952,58,rest
74.6967,171351,rest
74.6990,171840,rest
74.7030,171514,rest
74.7072,71335,rest
74.7124,171592,rest
74.7153,171235,rest
74.7194,171619,rest
74.7236,790,rest
74.7282,171167,rest
74.7317,171150,rest
74.7357,171000,rest
74.7456,171135,rest
74.7480,171137,rest
74.7521,171515,rest
74.7612,171148,rest
74.7644,171508,rest
74.7685,171072,rest
74.7726,170942,rest
74.7767,171130,rest
74.7808,171131,rest
74.7849,171475,rest
74.7890,171898,rest
74.7934,171254,rest
74.7972,171407,rest
74.8013,170967,rest
74.8055,171471,rest
74.8101,170626,rest
74.8137,170757,rest
74.8151,1,rest
74.8177,71575,rest
74.8188,1716,rest
74.8220,95,rest
74.8232,171237,rest
74.8262,170862,rest
74.8301,171034,rest
74.8341,171180,rest
74.8387,171211,rest
74.8436,171074,rest
74.8463,171356,rest
74.8504,171308,rest
74.8548,171056,rest
74.8595,171599,rest
74.8628,171633,rest
74.8669,171971,rest
74.8712,171416,rest
74.8753,170974,rest
74.8791,171580,rest
74.8832,171036,rest
74.8873,171332,rest
74.8929,171040,rest
74.8955,171338,rest
74.8996,171492,rest
74.9037,170789,rest
74.9091,170653,rest
74.9119,171087,rest
74.9159,171056,rest
74.9201,171412,rest
74.9299,171490,rest
74.9323,171390,rest
74.9364,171265,rest
74.9407,70,rest
74.9447,70656,rest
74.9461,1713,rest
74.9487,36,rest
74.9499,171022,rest
74.9528,170984,rest
74.9570,71078,rest
74.9612,171220,rest
74.9657,171281,rest
74.9693,170922,rest
74.9734,715,rest
74.9782,171531,rest
74.9818,171408,rest
74.9856,171040,rest
74.9898,17133,rest
74.9940,171310,rest
74.9979,171331,rest
75.0020,171742,rest
75.0062,171571,rest
75.0103,171461,rest
75.0144,171162,rest
75.0184,171339,rest
75.0226,171142,rest
75.0269,171463,rest
75.0308,171234,rest
75.0349,171288,rest
75.0389,171095,rest
75.0434,171279,rest
75.0470,170981,rest
75.0511,171201,rest
75.0554,171209,rest
75.0600,171417,rest
75.0635,171294,rest
75.0675,170962,rest
75.0719,170885,rest
75.0735,171,rest
75.0757,784,rest
75.0769,171168,rest
75.0800,171435,rest
75.0840,171344,rest
75.0884,170833,rest
75.0937,171191,rest
75.0964,170947,rest
75.1005,171028,rest
75.1047,171324,rest
75.1095,171523,rest
75.1126,171290,rest
75.1167,170973,rest
75.1209,171576,rest
75.1271,171687,rest
75.1290,171115,rest
75.1331,171503,rest
75.1371,171423,rest
75.1413,71632,rest
75.1465,170536,rest
75.1496,171567,rest
75.1535,171115,rest
75.1577,171344,rest
75.1617,171198,rest
75.1658,171678,rest
75.1699,171700,rest
75.1761,7,rest
75.1792,171127,rest
75.1822,171871,rest
75.1863,171541,rest
75.1914,75,rest
75.1954,171037,rest
75.1987,171577,rest
75.2000,171,rest
75.2027,464,rest
75.2038,17132,rest
75.2085,17177,rest
75.2127,171791,rest
75.2150,171968,rest
75.2191,171705,rest
75.2250,716,rest
75.2292,171660,rest
75.2315,171722,rest
75.2355,172142,rest
75.2415,1715,rest
75.2437,171885,rest
75.2477,171465,rest
75.2518,171097,rest
75.2560,171496,rest
75.2600,171601,rest
75.2641,171246,rest
75.2682,171615,rest
75.2724,171274,rest
75.2765,170986,rest
75.2805,171387,rest
75.2847,172025,rest
75.2889,171216,rest
75.2930,171540,rest
75.2969,170924,rest
75.3009,172101,rest
75.3052,171572,rest
75.3092,171395,rest
75.3134,171313,rest
75.3175,170908,rest
75.3217,171369,rest
75.3265,170914,rest
75.3278,17,rest
75.3297,1512,rest
75.3309,17141,rest
75.3337,1,rest
75.3338,170929,rest
75.3384,171226,rest
75.3421,171430,rest
75.3461,171097,rest
75.3501,171159,rest
75.3546,171490,rest
75.3589,170871,rest
75.3624,170915,rest
75.3665,171190,rest
75.3706,171270,rest
75.3747,70810,rest
75.3791,170942,rest
75.3830,171156,rest
75.3870,171231,rest
75.3916,171612,rest
75.3952,171224,rest
75.3993,171148,rest
75.4034,171096,rest
75.4091,71,rest
75.4123,171171,rest
75.4162,170892,rest
75.4198,171216,rest
75.4286,171580,rest
75.4323,171324,rest
75.4362,170931,rest
75.4403,71369,rest
75.4453,171128,rest
75.4485,171525,rest
75.4526,171382,rest
75.4538,17,rest
75.4582,017,rest
75.4626,171196,rest
75.4666,171612,rest
75.4689,171282,rest
75.4747,114,rest
75.4772,170954,rest
75.4813,171287,rest
75.4854,170992,rest
75.4895,171257,rest
75.4935,172010,rest
75.4976,171792,rest
75.5017,171315,rest
75.5060,170969,rest
75.5107,171303,rest
75.5140,171215,rest
75.5180,171352,rest
75.5222,171071,rest
75.5273,171567,rest
75.5303,170847,rest
75.5344,171099,rest
75.5387,171188,rest
75.5432,171347,rest
75.5468,171283,rest
75.5508,171481,rest
75.5551,171597,rest
75.5595,171568,rest
75.5631,171403,rest
75.5672,171376,rest
75.5714,171484,rest
75.5763,171382,rest
75.5795,171225,rest
75.5809,1,rest
75.5836,71322,rest
75.5854,1708,rest
75.5878,64,rest
75.5889,171510,rest
75.5930,171427,rest
75.5959,170640,rest
75.6000,170652,rest
75.6043,171554,rest
75.6099,171202,rest
75.6123,171085,rest
75.6164,170898,rest
75.6204,171456,rest
75.6258,171489,rest
75.6286,171556,rest
75.6327,171226,rest
75.6368,170993,rest
75.6451,171357,rest
75.6493,171281,rest
75.6532,171954,rest
75.6620,170767,rest
75.6656,170864,rest
75.6696,171289,rest
75.6756,7143,rest
75.6778,171615,rest
75.6819,171155,rest
75.6860,171353,rest
75.6901,71279,rest
75.6944,171422,rest
75.6985,170977,rest
75.7024,171670,rest
75.7065,171202,rest
75.7117,1173,rest
75.7132,1712,rest
75.7147,57,rest
75.7161,170973,rest
75.7188,171129,rest
75.7229,171101,rest
75.7273,171650,rest
75.7311,171409,rest
75.7352,171660,rest
75.7394,170988,rest
75.7433,171346,rest
75.7474,171373,rest
75.7515,171514,rest
75.7556,171426,rest
75.7599,171744,rest
75.7639,171354,rest
75.7680,171367,rest
75.7722,171544,rest
75.7770,171613,rest
75.7803,171807,rest
75.7845,171331,rest
75.7887,171849,rest
75.7936,171142,rest
75.7966,171020,rest
75.8007,171603,rest
75.8052,171228,rest
75.8106,171714,rest
75.8131,171645,rest
75.8173,171063,rest
75.8214,170978,rest
75.8258,171285,rest
75.8293,171307,rest
75.8334,171364,rest
75.8377,172001,rest
75.8386,171,rest
75.8429,365,rest
75.8443,171115,rest
75.8458,171157,rest
75.8499,171164,rest
75.8539,170596,rest
75.8598,7,rest
75.8627,171132,rest
75.8668,171199,rest
75.8703,171097,rest
75.8748,171027,rest
75.8785,170973,rest
75.8826,171541,rest
75.8867,171014,rest
75.8910,7143,rest
75.8953,171461,rest
75.9003,171450,rest
75.9031,171526,rest
75.9072,7156,rest
75.9115,171530,rest
75.9157,170950,rest
75.9195,170961,rest
75.9236,713,rest
75.9280,171452,rest
75.9324,170890,rest
75.9358,171049,rest
75.9401,7120,rest
75.9454,170420,rest
75.9490,171140,rest
75.9523,171393,rest
75.9563,170921,rest
75.9604,171336,rest
75.9645,171035,rest
75.9659,171,rest
75.9686,129,rest
75.9697,171253,rest
75.9728,171230,rest
75.9774,170884,rest
75.9809,171392,rest
75.9850,171447,rest
75.9891,171072,rest
75.9939,171515,rest
75.9973,171476,rest
76.0014,171519,rest
76.0055,171246,rest
76.0104,170846,rest
76.0137,171427,rest
76.0177,171457,rest
76.0220,171022,rest
76.0260,171376,rest
76.0300,170866,rest
76.0341,170953,rest
76.0384,171342,rest
76.0431,171022,rest
76.0464,170928,rest
76.0505,170740,rest
76.0549,170947,rest
76.0606,171138,rest
76.0628,171175,rest
76.0669,171689,rest
76.0712,171306,rest
76.0767,170949,rest
76.0792,170930,rest
76.0833,171202,rest
76.0877,171206,rest
76.0920,171347,rest
76.0931,17,rest
76.0956,1142,rest
76.0969,17159,rest
76.0997,6,rest
76.0998,171348,rest
76.1037,171011,rest
76.1080,71303,rest
76.1136,171311,rest
76.1162,171582,rest
76.1201,170851,rest
76.1254,718,rest
76.1289,171540,rest
76.1324,171422,rest
76.1365,171105,rest
76.1407,705,rest
76.1460,171948,rest
76.1491,171361,rest
76.1531,170913,rest
76.1589,7112,rest
76.1618,170996,rest
76.1662,171333,rest
76.1693,171460,rest
76.1734,71267,rest
76.1786,171503,rest
76.1816,170928,rest
76.1857,171628,rest
76.1899,1198,rest
76.1951,171187,rest
76.1983,171426,rest
76.2022,171531,rest
76.2062,171286,rest
76.2103,171505,rest
76.2144,171340,rest
76.2185,170785,rest
76.2203,17,rest
76.2226,1087,rest
76.2237,17124,rest
76.2267,1,rest
76.2268,171105,rest
76.2308,171845,rest
76.2348,171203,rest
76.2390,171248,rest
76.2438,170989,rest
76.2472,171127,rest
76.2514,170864,rest
76.2554,171604,rest
76.2601,171572,rest
76.2635,171678,rest
76.2676,171397,rest
76.2718,171527,rest
76.2759,171115,rest
76.2799,170986,rest
76.2840,171495,rest
76.2883,171423,rest
76.2928,171542,rest
76.2964,171545,rest
76.3004,171227,rest
76.3046,171581,rest
76.3089,171786,rest
76.3126,170752,rest
76.3167,171087,rest
76.3211,171053,rest
76.3267,171370,rest
76.3290,171408,rest
76.3332,171348,rest
76.3373,171061,rest
76.3414,71327,rest
76.3454,171057,rest
76.3473,1,rest
76.3497,71509,rest
76.3511,1716,rest
76.3536,59,rest
76.3549,171353,rest
76.3578,171304,rest
76.3618,171705,rest
76.3659,171036,rest
76.3700,171532,rest
76.3759,71102,rest
76.3794,170927,rest
76.3824,171196,rest
76.3864,171314,rest
76.3906,719,rest
76.3956,171517,rest
76.3988,171447,rest
76.4028,171602,rest
76.4076,71189,rest
76.4133,171448,rest
76.4152,171163,rest
76.4192,171721,rest
76.4234,794,rest
76.4280,171655,rest
76.4319,170922,rest
76.4356,170900,rest
76.4397,171494,rest
76.4438,171099,rest
76.4478,171001,rest
76.4519,171451,rest
76.4562,171769,rest
76.4601,171220,rest
76.4642,171296,rest
76.4683,171254,rest
76.4724,171536,rest
76.4738,1,rest
76.4766,71615,rest
76.4783,1718,rest
76.4806,71,rest
76.4822,171005,rest
76.4847,171295,rest
76.4890,171754,rest
76.4934,171573,rest
76.4969,171531,rest
76.5010,171258,rest
76.5054,171653,rest
76.5102,171522,rest
76.5133,171041,rest
76.5174,171245,rest
76.5217,171252,rest
76.5266,171410,rest
76.5297,171693,rest
76.5338,171544,rest
76.5381,170970,rest
76.5427,171772,rest
76.5461,171335,rest
76.5502,171474,rest
76.5547,171537,rest
76.5594,71576,rest
76.5626,171261,rest
76.5667,171265,rest
76.5707,170844,rest
76.5748,71708,rest
76.5802,171350,rest
76.5831,171427,rest
76.5871,171389,rest
76.5912,71342,rest
76.5954,171557,rest
76.5995,171180,rest
76.6012,1,rest
76.6035,71082,rest
76.6051,1713,rest
76.6095,08,rest
76.6117,171747,rest
76.6166,171374,rest
76.6199,171178,rest
76.6240,171514,rest
76.6286,171694,rest
76.6321,171522,rest
76.6362,171273,rest
76.6405,70,rest
76.6453,171278,rest
76.6485,171696,rest
76.6526,171999,rest
76.6568,711,rest
76.6613,171143,rest
76.6652,171308,rest
76.6691,171184,rest
76.6732,17152,rest
76.6774,171452,rest
76.6823,171368,rest
76.6855,171331,rest
76.6895,171602,rest
76.6944,171582,rest
76.6977,171096,rest
76.7018,171633,rest
76.7059,171259,rest
76.7102,171440,rest
76.7141,171574,rest
76.7181,171186,rest
76.7223,171231,rest
76.7269,171838,rest
76.7304,171437,rest
76.7323,171,rest
76.7345,980,rest
76.7359,170815,rest
76.7388,171680,rest
76.7431,171202,rest
76.7468,171211,rest
76.7509,170930,rest
76.7552,171370,rest
76.7606,171342,rest
76.7633,171410,rest
76.7673,171409,rest
76.7716,171621,rest
76.7755,170953,rest
76.7802,171222,rest
76.7837,171435,rest
76.7880,171515,rest
76.7924,171461,rest
76.7960,171455,rest
76.8000,171290,rest
76.8041,170772,rest
76.8089,171498,rest
76.8125,171275,rest
76.8166,171943,rest
76.8205,171849,rest
76.8247,71599,rest
76.8298,171263,rest
76.8330,171571,rest
76.8369,171295,rest
76.8430,71,rest
76.8459,171446,rest
76.8500,171398,rest
76.8533,171611,rest
76.8575,71,rest
76.8590,7,rest
76.8617,24,rest
76.8645,171039,rest
76.8656,171367,rest
76.8697,171780,rest
76.8748,7140,rest
76.8786,171646,rest
76.8822,171331,rest
76.8861,171546,rest
76.8902,7095,rest
76.8953,171745,rest
76.8988,171440,rest
76.9024,171513,rest
76.9081,1174,rest
76.9107,171168,rest
76.9150,171470,rest
76.9190,171174,rest
76.9246,1704,rest
76.9276,171281,rest
76.9317,171509,rest
76.9352,171471,rest
76.9394,171670,rest
76.9438,171405,rest
76.9475,171729,rest
76.9516,171680,rest
76.9557,171123,rest
76.9598,171558,rest
76.9639,171167,rest
76.9680,171534,rest
76.9722,171704,rest
76.9766,171403,rest
76.9804,171802,rest
76.9844,171663,rest
76.9853,17,rest
76.9886,1601,rest
76.9900,17177,rest
76.9930,4,rest
76.9933,171466,rest
76.9967,171779,rest
77.0008,171547,rest
77.0051,171487,rest
77.0095,171323,rest
77.0131,171416,rest
77.0172,171509,rest
77.0221,171334,rest
77.0262,171999,rest
77.0296,171726,rest
77.0335,171077,rest
77.0385,171757,rest
77.0422,171087,rest
77.0460,171347,rest
77.0499,171816,rest
77.0543,171523,rest
77.0583,71694,rest
77.0623,171205,rest
77.0663,171356,rest
77.0704,171710,rest
77.0756,7197,rest
77.0793,171607,rest
77.0827,171238,rest
77.0868,171859,rest
77.0909,71599,rest
77.0960,171721,rest
77.0997,171183,rest
77.1032,171545,rest
77.1073,71732,rest
77.1124,171746,rest
77.1140,17,rest
77.1155,1377,rest
77.1168,17182,rest
77.1195,9,rest
77.1196,172034,rest
77.1237,7142,rest
77.1289,171351,rest
77.1320,171631,rest
77.1359,170946,rest
77.1401,71506,rest
77.1446,172001,rest
77.1483,171809,rest
77.1544,172171,rest
77.1564,171568,rest
77.1614,171782,rest
77.1646,171206,rest
77.1687,171563,rest
77.1728,171310,rest
77.1769,171142,rest
77.1810,171545,rest
77.1851,171962,rest
77.1892,171461,rest
77.1934,171482,rest
77.1974,171500,rest
77.2014,171597,rest
77.2057,171327,rest
77.2102,171476,rest
77.2137,171688,rest
77.2178,171146,rest
77.2221,172087,rest
77.2265,171266,rest
77.2301,170816,rest
77.2342,171648,rest
77.2386,171638,rest
77.2400,17,rest
77.2430,1195,rest
77.2441,17154,rest
77.2465,6,rest
77.2466,171601,rest
77.2507,171360,rest
77.2557,171960,rest
77.2589,172014,rest
77.2629,171609,rest
77.2670,171819,rest
77.2714,171725,rest
77.2767,171008,rest
77.2793,171188,rest
77.2835,171848,rest
77.2878,171909,rest
77.2916,71257,rest
77.2959,171477,rest
77.2999,170952,rest
77.3047,171155,rest
77.3091,7,rest
77.3130,171580,rest
77.3165,171347,rest
77.3203,171209,rest
77.3244,7131,rest
77.3292,171575,rest
77.3325,171308,rest
77.3380,171541,rest
77.3412,171692,rest
77.3449,171585,rest
77.3489,171515,rest
77.3530,171372,rest
77.3571,71107,rest
77.3613,171671,rest
77.3654,171767,rest
77.3669,17,rest
77.3694,1713,rest
77.3709,1714,rest
77.3755,852,rest
77.3776,171054,rest
77.3817,171978,rest
77.3858,171832,rest
77.3900,17821,rest
77.3969,171254,rest
77.3980,171231,rest
77.4022,171256,rest
77.4080,1746,rest
77.4108,171358,rest
77.4154,171642,rest
77.4186,171612,rest
77.4228,171664,rest
77.4267,170943,rest
77.4308,171553,rest
77.4349,172038,rest
77.4391,171204,rest
77.4433,171770,rest
77.4473,171549,rest
77.4513,172000,rest
77.4556,171231,rest
77.4595,171119,rest
77.4636,171234,rest
77.4677,171256,rest
77.4720,171477,rest
77.4768,171804,rest
77.4801,171619,rest
77.4841,171651,rest
77.4884,170684,rest
77.4924,171390,rest
77.4939,1,rest
77.4966,71096,rest
77.4984,1717,rest
77.5006,30,rest
77.5023,171485,rest
77.5049,171073,rest
77.5098,171488,rest
77.5128,171264,rest
77.5169,171206,rest
77.5211,171405,rest
77.5262,171321,rest
77.5291,172163,rest
77.5333,171875,rest
77.5377,171689,rest
77.5421,171456,rest
77.5459,171707,rest
77.5496,171382,rest
77.5537,171731,rest
77.5578,70894,rest
77.5619,171491,rest
77.5670,171683,rest
77.5702,171277,rest
77.5743,7133,rest
77.5785,171440,rest
77.5828,171213,rest
77.5866,171601,rest
77.5906,71520,rest
77.5947,171071,rest
77.5989,171497,rest
77.6029,171408,rest
77.6083,14,rest
77.6123,171697,rest
77.6159,171642,rest
77.6193,171143,rest
77.6204,1,rest
77.6233,1753,rest
77.6248,11,rest
77.6287,32,rest
77.6299,171785,rest
77.6320,171627,rest
77.6357,171677,rest
77.6418,1710,rest
77.6439,171708,rest
77.6495,171612,rest
77.6520,171459,rest
77.6563,171908,rest
77.6606,171394,rest
77.6643,171652,rest
77.6684,171566,rest
77.6726,171617,rest
77.6767,171507,rest
77.6808,171959,rest
77.6848,172196,rest
77.6890,171381,rest
77.6935,171178,rest
77.6971,171405,rest
77.7011,171580,rest
77.7054,171318,rest
77.7101,171858,rest
77.7134,171575,rest
77.7175,171661,rest
77.7219,171610,rest
77.7258,171706,rest
77.7299,170912,rest
77.7340,171143,rest
77.7382,171962,rest
77.7425,171282,rest
77.7462,171804,rest
77.7479,1,rest
77.7503,71451,rest
77.7517,171,rest
77.7549,066,rest
77.7563,171404,rest
77.7588,171612,rest
77.7627,171835,rest
77.7667,171370,rest
77.7709,171347,rest
77.7751,171391,rest
77.7791,171537,rest
77.7832,171691,rest
77.7871,171589,rest
77.7917,171733,rest
77.7954,171459,rest
77.7995,171369,rest
77.8035,171813,rest
77.8077,71778,rest
77.8137,171451,rest
77.8159,171303,rest
77.8200,170873,rest
77.8241,71540,rest
77.8292,171209,rest
77.8327,171562,rest
77.8365,171559,rest
77.8405,730,rest
77.8471,171799,rest
77.8486,171173,rest
77.8527,171370,rest
77.8618,171047,rest
77.8650,171477,rest
77.8690,171570,rest
77.8746,7156,rest
77.8777,1243,rest
77.8807,171,rest
77.8815,363,rest
77.8829,171863,rest
77.8859,171194,rest
77.8912,17122,rest
77.8937,171516,rest
77.8979,171813,rest
77.9018,171727,rest
77.9060,171664,rest
77.9102,171871,rest
77.9141,170915,rest
77.9182,171184,rest
77.9224,171585,rest
77.9265,171390,rest
77.9306,171657,rest
77.9347,171481,rest
77.9389,171512,rest
77.9431,171527,rest
77.9469,171522,rest
77.9510,171093,rest
77.9553,171430,rest
77.9595,171358,rest
77.9633,171233,rest
77.9674,171243,rest
77.9717,171374,rest
77.9763,171348,rest
77.9797,171182,rest
77.9838,171325,rest
77.9881,171671,rest
77.9932,171471,rest
77.9961,171070,rest
78.0002,171504,rest
78.0046,171145,rest
78.0065,171,rest
78.0086,630,rest
78.0101,171189,rest
78.0125,171720,rest
78.0165,170969,rest
78.0208,170903,rest
78.0257,171630,rest
78.0290,171901,rest
78.0330,171704,rest
78.0370,171589,rest
78.0411,171810,rest
78.0454,171390,rest
78.0493,171654,rest
78.0534,171494,rest
78.0588,79,rest
78.0618,171196,rest
78.0658,171480,rest
78.0702,171390,rest
78.0740,707,rest
78.0787,171722,rest
78.0821,171380,rest
78.0862,171856,rest
78.0921,71,rest
78.0951,171524,rest
78.0988,171311,rest
78.1025,171334,rest
78.1068,7115,rest
78.1120,171445,rest
78.1149,171523,rest
78.1189,171816,rest
78.1251,17139,rest
78.1276,171136,rest
78.1314,171680,rest
78.1325,171,rest
78.1354,363,rest
78.1367,171197,rest
78.1395,171261,rest
78.1435,171697,rest
78.1476,171318,rest
78.1517,172174,rest
78.1558,171840,rest
78.1603,171772,rest
78.1640,171918,rest
78.1681,171279,rest
78.1722,171868,rest
78.1765,171264,rest
78.1805,171522,rest
78.1845,171265,rest
78.1888,172133,rest
78.1937,170396,rest
78.1968,171322,rest
78.2008,171984,rest
78.2052,171654,rest
78.2093,171192,rest
78.2131,171288,rest
78.2173,172145,rest
78.2215,171691,rest
78.2267,171398,rest
78.2296,171520,rest
78.2336,171701,rest
78.2379,171636,rest
78.2430,171667,rest
78.2459,171402,rest
78.2500,171468,rest
78.2543,171569,rest
78.2597,171243,rest
78.2609,171,rest
78.2624,166,rest
78.2641,17136,rest
78.2663,5,rest
78.2664,171777,rest
78.2705,171901,rest
78.2749,171473,rest
78.2787,171250,rest
78.2828,171526,rest
78.2868,172034,rest
78.2911,0,rest
78.2953,171206,rest
78.2993,171665,rest
78.3033,171627,rest
78.3091,71324,rest
78.3127,171361,rest
78.3156,171788,rest
78.3196,171995,rest
78.3251,7,rest
78.3292,171617,rest
78.3320,171846,rest
78.3360,171131,rest
78.3401,71368,rest
78.3471,171813,rest
78.3484,171257,rest
78.3524,171967,rest
78.3582,2203,rest
78.3606,171303,rest
78.3656,172087,rest
78.3696,171327,rest
78.3747,110,rest
78.3775,171286,rest
78.3818,171369,rest
78.3852,171743,rest
78.3865,17,rest
78.3894,2247,rest
78.3903,1717,rest
78.3938,68,rest
78.3949,171616,rest
78.3974,171640,rest
78.4016,171121,rest
78.4057,171242,rest
78.4107,171224,rest
78.4139,171818,rest
78.4180,171326,rest
78.4221,171646,rest
78.4273,171706,rest
78.4302,171499,rest
78.4343,171521,rest
78.4387,171081,rest
78.4434,171518,rest
78.4467,171285,rest
78.4508,172128,rest
78.4551,171343,rest
78.4589,171110,rest
78.4631,171311,rest
78.4672,171557,rest
78.4713,171909,rest
78.4758,171406,rest
78.4795,171278,rest
78.4836,171431,rest
78.4880,171809,rest
78.4917,171252,rest
78.4957,171815,rest
78.4998,171864,rest
78.5039,171710,rest
78.5080,71742,rest
78.5122,171738,rest
78.5139,1,rest
78.5165,72037,rest
78.5180,1714,rest
78.5203,21,rest
78.5220,171728,rest
78.5252,171773,rest
78.5285,171622,rest
78.5326,171383,rest
78.5367,171774,rest
78.5410,71724,rest
78.5459,171546,rest
78.5497,171706,rest
78.5531,171363,rest
78.5586,799,rest
78.5615,171775,rest
78.5660,171407,rest
78.5695,171414,rest
78.5784,171704,rest
78.5827,171474,rest
78.5860,171211,rest
78.5900,7128,rest
78.5946,171780,rest
78.5983,170985,rest
78.6026,171120,rest
78.6064,171616,rest
78.6107,172059,rest
78.6145,170884,rest
78.6186,171605,rest
78.6227,171389,rest
78.6269,171740,rest
78.6309,171748,rest
78.6350,171055,rest
78.6391,171197,rest
78.6438,171346,rest
78.6456,171,rest
78.6474,705,rest
78.6490,171264,rest
78.6515,171029,rest
78.6556,171767,rest
78.6603,171429,rest
78.6637,171310,rest
78.6677,171390,rest
78.6720,171904,rest
78.6768,171343,rest
78.6801,171031,rest
78.6841,171259,rest
78.6885,171835,rest
78.6926,171439,rest
78.6965,171510,rest
78.7005,171479,rest
78.7048,171344,rest
78.7099,171911,rest
78.7130,171619,rest
78.7169,171875,rest
78.7213,171503,rest
78.7263,171765,rest
78.7292,171550,rest
78.7333,171097,rest
78.7380,171593,rest
78.7419,171558,rest
78.7456,171452,rest
78.7497,171444,rest
78.7538,171402,rest
78.7579,751,rest
78.7631,171514,rest
78.7665,171698,rest
78.7702,171403,rest
78.7719,171,rest
78.7750,969,rest
78.7771,171883,rest
78.7784,171925,rest
78.7825,171659,rest
78.7865,171299,rest
78.7907,171063,rest
78.7949,171310,rest
78.7989,171356,rest
78.8029,171230,rest
78.8085,717,rest
78.8122,171401,rest
78.8155,171400,rest
78.8194,171229,rest
78.8235,7226,rest
78.8277,171446,rest
78.8317,171134,rest
78.8358,171225,rest
78.8412,107,rest
78.8447,171463,rest
78.8485,171147,rest
78.8521,171418,rest
78.8564,171129,rest
78.8607,171597,rest
78.8644,171567,rest
78.8685,171319,rest
78.8727,171427,rest
78.8775,171841,rest
78.8808,171650,rest
78.8849,171224,rest
78.8891,171319,rest
78.8932,171363,rest
78.8973,171343,rest
78.8989,17,rest
78.9013,1347,rest
78.9027,17152,rest
78.9054,5,rest
78.9055,171344,rest
78.9104,171061,rest
78.9136,171045,rest
78.9177,171731,rest
78.9220,171579,rest
78.9264,171408,rest
78.9299,171310,rest
78.9340,171281,rest
78.9382,171165,rest
78.9433,171446,rest
78.9463,171139,rest
78.9504,171684,rest
78.9546,171366,rest
78.9604,171290,rest
78.9627,171233,rest
78.9668,171633,rest
78.9714,171544,rest
78.9763,171100,rest
78.9790,171662,rest
78.9831,171150,rest
78.9872,171653,rest
78.9914,71684,rest
78.9957,171159,rest
78.9996,171516,rest
79.0036,171444,rest
79.0088,7160,rest
79.0120,171234,rest
79.0163,171234,rest
79.0201,171233,rest
79.0253,71477,rest
79.0285,1317,rest
79.0312,17130,rest
79.0323,6,rest
79.0325,171068,rest
79.0365,171065,rest
79.0421,7,rest
79.0448,171358,rest
79.0487,171825,rest
79.0528,171409,rest
79.0569,171141,rest
79.0610,171245,rest
79.0651,171371,rest
79.0691,170744,rest
79.0735,1711,rest
79.0775,171276,rest
79.0817,171765,rest
79.0856,171345,rest
79.0897,171078,rest
79.0945,171092,rest
79.0980,171493,rest
79.1020,171368,rest
79.1061,171392,rest
79.1107,171662,rest
79.1143,171801,rest
79.1183,171666,rest
79.1227,171466,rest
79.1270,171224,rest
79.1307,171674,rest
79.1347,171098,rest
79.1388,171221,rest
79.1437,171249,rest
79.1471,171416,rest
79.1512,171492,rest
79.1524,17,rest
79.1555,1575,rest
79.1575,1713,rest
79.1596,12,rest
79.1609,171023,rest
79.1634,171309,rest
79.1675,171208,rest
79.1719,171136,rest
79.1759,170992,rest
79.1798,171963,rest
79.1839,171594,rest
79.1883,171163,rest
79.1929,171783,rest
79.1962,170994,rest
79.2002,171058,rest
79.2047,171452,rest
79.2098,171430,rest
79.2125,171474,rest
79.2166,171290,rest
79.2208,171623,rest
79.2257,171637,rest
79.2290,171972,rest
79.2330,171315,rest
79.2371,171746,rest
79.2430,171313,rest
79.2454,170905,rest
79.2495,171525,rest
79.2535,171475,rest
79.2589,7097,rest
79.2617,171756,rest
79.2666,170977,rest
79.2699,171015,rest
79.2741,748,rest
79.2795,171547,rest
79.2811,1,rest
79.2823,71533,rest
79.2840,1713,rest
79.2862,98,rest
79.2879,171480,rest
79.2921,171297,rest
79.2945,171896,rest
79.2985,171094,rest
79.3026,171131,rest
79.3068,171271,rest
79.3109,171221,rest
79.3149,170690,rest
79.3190,171270,rest
79.3231,171403,rest
79.3273,171261,rest
79.3313,170709,rest
79.3354,171443,rest
79.3397,171377,rest
79.3437,171714,rest
79.3478,170909,rest
79.3518,171813,rest
79.3560,171532,rest
79.3604,171175,rest
79.3641,171087,rest
79.3682,171216,rest
79.3726,171319,rest
79.3766,171200,rest
79.3805,171034,rest
79.3845,171327,rest
79.3889,171510,rest
79.3939,171557,rest
79.3969,171496,rest
79.4010,171388,rest
79.4052,171285,rest
79.4062,1,rest
79.4095,71154,rest
79.4107,1717,rest
79.4132,01,rest
79.4144,172013,rest
79.4173,171278,rest
79.4216,171454,rest
79.4259,171311,rest
79.4296,171264,rest
79.4337,171574,rest
79.4382,171463,rest
79.4434,171588,rest
79.4460,171304,rest
79.4501,171390,rest
79.4546,171522,rest
79.4597,170559,rest
79.4624,171641,rest
79.4664,171648,rest
79.4706,171214,rest
79.4763,171370,rest
79.4789,171508,rest
79.4829,171299,rest
79.4869,171428,rest
79.4913,171639,rest
79.4952,171235,rest
79.4992,171056,rest
79.5033,171101,rest
79.5094,71,rest
79.5130,171596,rest
79.5164,171054,rest
79.5197,171049,rest
79.5240,748,rest
79.5288,171660,rest
79.5321,171373,rest
79.5337,1,rest
79.5361,71778,rest
79.5374,171,rest
79.5420,113,rest
79.5447,171170,rest
79.5491,171674,rest
79.5525,171321,rest
79.5567,3,rest
79.5609,171174,rest
79.5649,171189,rest
79.5689,171477,rest
79.5734,171329,rest
79.5773,171333,rest
79.5812,170890,rest
79.5852,171220,rest
79.5895,171191,rest
79.5935,171877,rest
79.5975,171351,rest
79.6016,171640,rest
79.6058,171724,rest
79.6100,170981,rest
79.6139,171497,rest
79.6180,171315,rest
79.6221,171340,rest
79.6263,171602,rest
79.6303,171939,rest
79.6344,171674,rest
79.6386,171393,rest
79.6427,171085,rest
79.6467,171414,rest
79.6508,171431,rest
79.6551,172126,rest
79.6590,171494,rest
79.6631,171250,rest
79.6641,171,rest
79.6672,550,rest
79.6685,171291,rest
79.6716,171395,rest
79.6757,171221,rest
79.6794,171599,rest
79.6835,171286,rest
79.6878,171592,rest
79.6918,171507,rest
79.6960,171232,rest
79.7000,171547,rest
79.7041,171464,rest
79.7090,171692,rest
79.7122,171327,rest
79.7163,171624,rest
79.7204,171337,rest
79.7246,71468,rest
79.7292,171511,rest
79.7329,171699,rest
79.7368,170623,rest
79.7413,171305,rest
79.7450,171495,rest
79.7491,171675,rest
79.7532,171353,rest
79.7573,71157,rest
79.7625,171755,rest
79.7655,171345,rest
79.7695,171821,rest
79.7738,715,rest
79.7783,171726,rest
79.7819,171870,rest
79.7861,171707,rest
79.7915,7411,rest
79.7942,75,rest
79.7960,171473,rest
79.7984,171076,rest
79.8024,171486,rest
79.8078,112,rest
79.8115,170927,rest
79.8147,171774,rest
79.8188,171432,rest
79.8229,171482,rest
79.8269,171571,rest
79.8310,171671,rest
79.8351,172024,rest
79.8393,171107,rest
79.8439,171673,rest
79.8474,171543,rest
79.8515,171842,rest
79.8556,171698,rest
79.8598,171250,rest
79.8638,171457,rest
79.8678,171616,rest
79.8721,171500,rest
79.8762,171484,rest
79.8802,171287,rest
79.8842,171587,rest
79.8885,171239,rest
79.8929,171647,rest
79.8966,171591,rest
79.9007,171673,rest
79.9050,171808,rest
79.9096,171823,rest
79.9129,171989,rest
79.9171,171093,rest
79.9185,17,rest
79.9213,1464,rest
79.9230,17123,rest
79.9254,4,rest
79.9255,171459,rest
79.9293,171646,rest
79.9334,171652,rest
79.9377,171299,rest
79.9419,170368,rest
79.9457,171360,rest
79.9498,171502,rest
79.9539,171544,rest
79.9581,1701,rest
79.9621,171380,rest
79.9661,171914,rest
79.9703,171811,rest
79.9763,71756,rest
79.9786,171749,rest
79.9827,171421,rest
79.9867,171285,rest
79.9908,7117,rest
79.9956,171357,rest
79.9992,171211,rest
80.0031,171493,rest
80.0072,7832,rest
80.0119,171200,rest
80.0153,171149,rest
80.0194,171316,rest
80.0236,75,rest
80.0285,171524,rest
80.0318,171549,rest
80.0359,171317,rest
80.0399,71537,rest
80.0448,171113,rest
80.0458,1,rest
80.0482,71365,rest
80.0496,1713,rest
80.0522,70,rest
80.0537,171269,rest
80.0565,171530,rest
80.0607,171276,rest
80.0645,171503,rest
80.0686,171292,rest
80.0728,171479,rest
80.0768,171112,rest
80.0808,171278,rest
80.0849,171213,rest
80.0891,171295,rest
80.0931,171467,rest
80.0972,171264,rest
80.1013,171232,rest
80.1055,171404,rest
80.1103,171036,rest
80.1136,171403,rest
80.1177,171097,rest
80.1222,171769,rest
80.1262,171439,rest
80.1300,171640,rest
80.1341,171122,rest
80.1384,171835,rest
80.1429,171330,rest
80.1464,171299,rest
80.1505,171093,rest
80.1548,171030,rest
80.1588,171943,rest
80.1629,171296,rest
80.1670,171964,rest
80.1711,171935,rest
80.1720,1,rest
80.1753,71068,rest
80.1772,171,rest
80.1792,177,rest
80.1804,171618,rest
80.1833,171145,rest
80.1875,171725,rest
80.1917,171089,rest
80.1955,171195,rest
80.1996,171160,rest
80.2037,170948,rest
80.2079,77,rest
80.2133,171658,rest
80.2161,170978,rest
80.2201,171362,rest
80.2243,71815,rest
80.2291,170743,rest
80.2328,171532,rest
80.2365,170985,rest
80.2407,713,rest
80.2447,171496,rest
80.2489,171609,rest
80.2529,171062,rest
80.2572,774,rest
80.2613,171389,rest
80.2655,171258,rest
80.2693,171410,rest
80.2734,71147,rest
80.2775,170948,rest
80.2819,171161,rest
80.2856,171369,rest
80.2900,171412,rest
80.2939,171346,rest
80.2979,170957,rest
80.3020,171531,rest
80.3034,171,rest
80.3063,330,rest
80.3082,17142,rest
80.3103,171347,rest
80.3146,171471,rest
80.3185,171632,rest
80.3226,171966,rest
80.3266,171554,rest
80.3307,171601,rest
80.3348,171131,rest
80.3389,170992,rest
80.3434,171624,rest
80.3471,171505,rest
80.3512,171564,rest
80.3555,171509,rest
80.3600,170930,rest
80.3635,171504,rest
80.3675,171345,rest
80.3721,171294,rest
80.3765,171708,rest
80.3798,171386,rest
80.3839,171088,rest
80.3882,171921,rest
80.3923,171356,rest
80.3963,171133,rest
80.4003,171653,rest
80.4045,171757,rest
80.4088,171621,rest
80.4126,171467,rest
80.4167,171228,rest
80.4210,172191,rest
80.4251,171475,rest
80.4290,171523,rest
80.4300,171,rest
80.4331,622,rest
80.4347,171849,rest
80.4373,170991,rest
80.4417,171399,rest
80.4454,170887,rest
80.4494,171264,rest
80.4536,171464,rest
80.4577,71349,rest
80.4621,171626,rest
80.4660,171172,rest
80.4700,171719,rest
80.4744,171627,rest
80.4783,171438,rest
80.4823,171806,rest
80.4863,171541,rest
80.4905,712,rest
80.4945,171072,rest
80.4995,171241,rest
80.5028,171752,rest
80.5087,717,rest
80.5116,171165,rest
80.5157,171293,rest
80.5191,171414,rest
80.5233,170972,rest
80.5276,171619,rest
80.5314,171344,rest
80.5355,171163,rest
80.5397,171781,rest
80.5437,171050,rest
80.5478,171732,rest
80.5519,171799,rest
80.5562,171752,rest
80.5577,171,rest
80.5601,590,rest
80.5616,170995,rest
80.5643,170755,rest
80.5683,171372,rest
80.5724,171434,rest
80.5766,171662,rest
80.5806,171088,rest
80.5846,171194,rest
80.5887,171240,rest
80.5932,171669,rest
80.5970,170940,rest
80.6010,171356,rest
80.6056,171398,rest
80.6100,171746,rest
80.6133,171547,rest
80.6174,171444,rest
80.6217,171433,rest
80.6268,171249,rest
80.6298,171226,rest
80.6339,171432,rest
80.6381,171536,rest
80.6431,171116,rest
80.6462,171803,rest
80.6502,171438,rest
80.6545,171235,rest
80.6585,171132,rest
80.6625,171519,rest
80.6665,171049,rest
80.6710,171147,rest
80.6753,171715,rest
80.6788,171789,rest
80.6829,171654,rest
80.6842,17,rest
80.6870,1354,rest
80.6888,17138,rest
80.6912,171397,rest
80.6971,171578,rest
80.6994,172051,rest
80.7034,170964,rest
80.7094,720,rest
80.7120,171315,rest
80.7157,171412,rest
80.7198,171563,rest
80.7257,7,rest
80.7282,171277,rest
80.7321,171711,rest
80.7362,171259,rest
80.7419,712,rest
80.7454,170871,rest
80.7489,171459,rest
80.7527,171639,rest
80.7580,68,rest
80.7613,171184,rest
80.7651,171691,rest
80.7690,171611,rest
80.7746,1,rest
80.7774,171453,rest
80.7813,171152,rest
80.7853,171756,rest
80.7896,171001,rest
80.7943,171489,rest
80.7976,171173,rest
80.8017,171221,rest
80.8058,171646,rest
80.8100,171579,rest
80.8114,17,rest
80.8140,1451,rest
80.8151,1711,rest
80.8181,66,rest
80.8191,171230,rest
80.8223,171535,rest
80.8264,171507,rest
80.8304,171602,rest
80.8345,171321,rest
80.8387,171149,rest
80.8430,171136,rest
80.8468,171535,rest
80.8509,171376,rest
80.8551,171098,rest
80.8598,171596,rest
80.8632,171701,rest
80.8673,171014,rest
80.8723,171031,rest
80.8766,170851,rest
80.8796,171352,rest
80.8836,171517,rest
80.8880,170785,rest
80.8921,171435,rest
80.8960,171501,rest
80.9000,171590,rest
80.9043,171593,rest
80.9087,170944,rest
80.9123,171676,rest
80.9164,171207,rest
80.9206,171224,rest
80.9251,170998,rest
80.9288,171369,rest
80.9328,171731,rest
80.9369,171387,rest
80.9380,1,rest
80.9414,71260,rest
80.9425,1712,rest
80.9451,72,rest
80.9462,171352,rest
80.9493,171621,rest
80.9532,171464,rest
80.9574,70885,rest
80.9621,171245,rest
80.9656,171266,rest
80.9697,171662,rest
80.9738,72106,rest
80.9781,171736,rest
80.9821,171466,rest
80.9861,170873,rest
80.9902,7114,flicker
80.9966,171545,flicker
80.9985,171641,flicker
81.0024,171619,flicker
81.0117,171624,flicker
81.0147,171601,flicker
81.0189,171520,flicker
81.0230,171887,flicker
81.0271,170950,flicker
81.0311,171392,flicker
81.0352,171208,flicker
81.0394,171480,flicker
81.0442,171253,flicker
81.0475,171559,flicker
81.0516,172016,flicker
81.0557,171558,flicker
81.0604,171300,flicker
81.0639,171606,flicker
81.0653,1,flicker
81.0680,71686,flicker
81.0691,1712,flicker
81.0722,79,flicker
81.0735,171689,flicker
81.0767,171352,flicker
81.0803,171678,flicker
81.0844,171622,flicker
81.0886,171551,flicker
81.0936,171547,flicker
81.0966,171367,flicker
81.1007,171256,flicker
81.1050,171638,flicker
81.1096,171310,flicker
81.1130,171422,flicker
81.1171,170967,flicker
81.1215,171645,flicker
81.1260,171438,flicker
81.1295,172015,flicker
81.1335,171187,flicker
81.1378,171217,flicker
81.1423,171112,flicker
81.1459,171484,flicker
81.1499,171187,flicker
81.1543,171554,flicker
81.1585,171344,flicker
81.1622,171513,flicker
81.1663,171385,flicker
81.1703,171562,flicker
81.1745,71609,flicker
81.1792,171250,flicker
81.1828,171894,flicker
81.1867,171249,flicker
81.1923,71191,flicker
81.1960,71280,flicker
81.1971,1711,flicker
81.1997,51,flicker
81.2009,171872,flicker
81.2031,171921,flicker
81.2074,192,flicker
81.2116,171146,flicker
81.2163,170749,flicker
81.2195,171983,flicker
81.2252,776,flicker
81.2286,171270,flicker
81.2326,171351,flicker
81.2360,170489,flicker
81.2442,171532,flicker
81.2483,170804,flicker
81.2523,171511,flicker
81.2578,3,flicker
81.2617,171362,flicker
81.2650,171634,flicker
81.2688,170970,flicker
81.2729,171491,flicker
81.2772,171818,flicker
81.2810,171367,flicker
81.2850,171188,flicker
81.2892,171100,flicker
81.2932,171272,flicker
81.2973,171453,flicker
81.3014,170946,flicker
81.3055,171318,flicker
81.3103,171721,flicker
81.3138,171527,flicker
81.3179,171061,flicker
81.3193,1,flicker
81.3220,71201,flicker
81.3230,171,flicker
81.3260,505,flicker
81.3274,171037,flicker
81.3301,170621,flicker
81.3342,171269,flicker
81.3385,171441,flicker
81.3429,171625,flicker
81.3464,171584,flicker
81.3505,171530,flicker
81.3549,171567,flicker
81.3595,171742,flicker
81.3629,171256,flicker
81.3670,171448,flicker
81.3712,171310,flicker
81.3755,171027,flicker
81.3792,171493,flicker
81.3833,171057,flicker
81.3876,171593,flicker
81.3928,171461,flicker
81.3956,171172,flicker
81.3997,171321,flicker
81.4038,171549,flicker
81.4085,171009,flicker
81.4120,171533,flicker
81.4161,171264,flicker
81.4202,171985,flicker
81.4243,7751,flicker
81.4290,171499,flicker
81.4326,171668,flicker
81.4366,171717,flicker
81.4422,71,flicker
81.4455,171500,flicker
81.4504,171765,flicker
81.4516,171,flicker
81.4530,463,flicker
81.4539,17129,flicker
81.4572,149,flicker
81.4620,171332,flicker
81.4658,171536,flicker
81.4694,171436,flicker
81.4735,1270,flicker
81.4784,171212,flicker
81.4821,171659,flicker
81.4858,171488,flicker
81.4914,71,flicker
81.4939,171744,flicker
81.4981,171433,flicker
81.5022,171291,flicker
81.5063,171568,flicker
81.5104,171527,flicker
81.5144,172109,flicker
81.5185,171345,flicker
81.5226,171541,flicker
81.5271,171347,flicker
81.5308,171083,flicker
81.5349,171069,flicker
81.5390,170966,flicker
81.5439,170954,flicker
81.5472,171280,flicker
81.5512,171063,flicker
81.5554,171635,flicker
81.5595,170922,flicker
81.5637,171252,flicker
81.5677,171058,flicker
81.5719,171141,flicker
81.5768,170984,flicker
81.5778,17,flicker
81.5800,1422,flicker
81.5818,17129,flicker
81.5840,0,flicker
81.5841,171304,flicker
81.5883,171757,flicker
81.5926,171119,flicker
81.5963,171462,flicker
81.6004,171692,flicker
81.6047,171293,flicker
81.6089,171928,flicker
81.6128,171580,flicker
81.6168,171509,flicker
81.6210,171002,flicker
81.6254,172091,flicker
81.6291,171595,flicker
81.6332,170928,flicker
81.6373,171289,flicker
81.6414,71295,flicker
81.6467,171158,flicker
81.6498,171255,flicker
81.6536,171630,flicker
81.6582,171435,flicker
81.6619,171100,flicker
81.6659,171262,flicker
81.6700,171290,flicker
81.6746,171433,flicker
81.6785,171710,flicker
81.6824,171646,flicker
81.6864,171650,flicker
81.6906,719,flicker
81.6948,172129,flicker
81.6988,171413,flicker
81.7028,171529,flicker
81.7040,17,flicker
81.7082,47117103,flicker
81.7115,3,flicker
81.7128,171356,flicker
81.7152,171299,flicker
81.7194,171096,flicker
81.7249,10,flicker
81.7277,171657,flicker
81.7320,171390,flicker
81.7356,171341,flicker
81.7414,171,flicker
81.7448,171738,flicker
81.7479,171304,flicker
81.7519,171011,flicker
81.7561,171080,flicker
81.7610,171014,flicker
81.7642,171327,flicker
81.7683,171194,flicker
81.7725,171175,flicker
81.7771,171014,flicker
81.7807,171528,flicker
81.7847,171182,flicker
81.7889,171747,flicker
81.7934,171880,flicker
81.7970,171449,flicker
81.8011,170887,flicker
81.8053,171386,flicker
81.8099,171760,flicker
81.8134,171522,flicker
81.8175,171595,flicker
81.8219,171388,flicker
81.8265,171560,flicker
81.8298,171197,flicker
81.8315,1,flicker
81.8339,71341,flicker
81.8352,1714,flicker
81.8383,78,flicker
81.8396,171601,flicker
81.8430,171275,flicker
81.8463,171528,flicker
81.8503,172066,flicker
81.8546,171244,flicker
81.8595,71866,flicker
81.8646,171686,flicker
81.8667,171805,flicker
81.8709,170774,flicker
81.8761,171335,flicker
81.8789,171788,flicker
81.8830,172017,flicker
81.8871,171685,flicker
81.8912,72085,flicker
81.8967,171474,flicker
81.8995,171632,flicker
81.9035,171060,flicker
81.9084,171854,flicker
81.9117,171300,flicker
81.9158,171734,flicker
81.9199,171286,flicker
81.9257,7,flicker
81.9289,171206,flicker
81.9323,171434,flicker
81.9364,171593,flicker
81.9404,71311,flicker
81.9450,171589,flicker
81.9486,171327,flicker
81.9527,171570,flicker
81.9569,7191,flicker
81.9610,1712,flicker
81.9635,1715,flicker
81.9649,27,flicker
81.9663,171587,flicker
81.9691,171744,flicker
81.9749,142,flicker
81.9775,171593,flicker
81.9814,171112,flicker
81.9854,171263,flicker
81.9895,171560,flicker
81.9939,171055,flicker
81.9977,171553,flicker
82.0018,171799,flicker
82.0059,171469,flicker
82.0101,170883,flicker
82.0141,171115,flicker
82.0182,171611,flicker
82.0223,171483,flicker
82.0269,171543,flicker
82.0305,171564,flicker
82.0346,171598,flicker
82.0388,171512,flicker
82.0428,171507,flicker
82.0470,171558,flicker
82.0510,171183,flicker
82.0552,171308,flicker
82.0593,171572,flicker
82.0633,171042,flicker
82.0673,170725,flicker
82.0719,171311,flicker
82.0766,171629,flicker
82.0797,171083,flicker
82.0837,171386,flicker
82.0880,171477,flicker
82.0890,171,flicker
82.0920,676,flicker
82.0936,171480,flicker
82.0961,171521,flicker
82.1001,171190,flicker
82.1044,171179,flicker
82.1090,171711,flicker
82.1126,171725,flicker
82.1165,171404,flicker
82.1207,171035,flicker
82.1260,171299,flicker
82.1289,171262,flicker
82.1330,171320,flicker
82.1370,170960,flicker
82.1425,7186,flicker
82.1454,172170,flicker
82.1494,171037,flicker
82.1534,171595,flicker
82.1580,171771,flicker
82.1620,171379,flicker
82.1656,171413,flicker
82.1698,171174,flicker
82.1755,7149,flicker
82.1782,170957,flicker
82.1821,171451,flicker
82.1861,171075,flicker
82.1902,71180,flicker
82.1950,171513,flicker
82.1996,171287,flicker
82.2044,171395,flicker
82.2067,171298,flicker
82.2107,171294,flicker
82.2149,170966,flicker
82.2159,171,flicker
82.2189,236,flicker
82.2204,171198,flicker
82.2233,704,flicker
82.2279,171161,flicker
82.2313,171226,flicker
82.2353,170728,flicker
82.2394,170850,flicker
82.2439,171427,flicker
82.2475,171160,flicker
82.2516,171249,flicker
82.2558,170878,flicker
82.2607,171365,flicker
82.2639,171719,flicker
82.2680,171745,flicker
82.2722,171070,flicker
82.2763,171366,flicker
82.2803,171600,flicker
82.2844,171211,flicker
82.2887,171669,flicker
82.2937,171557,flicker
82.2967,170879,flicker
82.3008,171527,flicker
82.3050,170802,flicker
82.3098,171026,flicker
82.3131,171167,flicker
82.3172,171374,flicker
82.3214,170925,flicker
82.3262,171212,flicker
82.3296,170815,flicker
82.3336,171493,flicker
82.3378,171092,flicker
82.3419,171227,flicker
82.3431,171,flicker
82.3459,454,flicker
82.3472,171090,flicker
82.3500,170973,flicker
82.3541,171482,flicker
82.3590,171467,flicker
82.3623,170985,flicker
82.3663,171525,flicker
82.3704,171044,flicker
82.3750,171583,flicker
82.3786,171180,flicker
82.3827,171500,flicker
82.3868,171408,flicker
82.3911,17100,flicker
82.3952,171122,flicker
82.3991,171379,flicker
82.4032,171405,flicker
82.4074,7150,flicker
82.4117,170685,flicker
82.4171,171058,flicker
82.4197,170823,flicker
82.4257,717,flicker
82.4287,171766,flicker
82.4323,171526,flicker
82.4360,170951,flicker
82.4402,49,flicker
82.4446,171262,flicker
82.4484,170897,flicker
82.4524,171234,flicker
82.4580,171400,flicker
82.4606,170877,flicker
82.4647,171309,flicker
82.4688,171409,flicker
82.4698,171,flicker
82.4729,358,flicker
82.4745,17087,flicker
82.4769,1,flicker
82.4770,171258,flicker
82.4810,170946,flicker
82.4851,171843,flicker
82.4894,171658,flicker
82.4935,171141,flicker
82.4974,171580,flicker
82.5015,171200,flicker
82.5057,171245,flicker
82.5102,171107,flicker
82.5138,171107,flicker
82.5179,171513,flicker
82.5221,171579,flicker
82.5268,171168,flicker
82.5303,171301,flicker
82.5344,171703,flicker
82.5385,171444,flicker
82.5432,171521,flicker
82.5466,171058,flicker
82.5507,171281,flicker
82.5550,171159,flicker
82.5592,171397,flicker
82.5630,171593,flicker
82.5671,171173,flicker
82.5713,171905,flicker
82.5761,170847,flicker
82.5793,171594,flicker
82.5834,171340,flicker
82.5880,171281,flicker
82.5923,171605,flicker
82.5958,171116,flicker
82.5971,17,flicker
82.5998,1791,flicker
82.6007,17144,flicker
82.6039,0,flicker
82.6042,171179,flicker
82.6092,171595,flicker
82.6121,170983,flicker
82.6162,171619,flicker
82.6203,171231,flicker
82.6258,7,flicker
82.6298,171234,flicker
82.6327,171239,flicker
82.6368,171537,flicker
82.6451,171308,flicker
82.6490,171419,flicker
82.6531,171179,flicker
82.6588,712,flicker
82.6614,171438,flicker
82.6654,170957,flicker
82.6694,171619,flicker
82.6736,718,flicker
82.6777,171363,flicker
82.6832,171256,flicker
82.6860,171330,flicker
82.6945,170915,flicker
82.6982,171224,flicker
82.7022,171359,flicker
82.7076,179,flicker
82.7107,171589,flicker
82.7147,171216,flicker
82.7186,171334,flicker
82.7228,171316,flicker
82.7239,17,flicker
82.7270,1320,flicker
82.7285,17105,flicker
82.7308,9,flicker
82.7309,171534,flicker
82.7350,171057,flicker
82.7391,171159,flicker
82.7440,171338,flicker
82.7473,171802,flicker
82.7514,171515,flicker
82.7555,170998,flicker
82.7596,171157,flicker
82.7637,171283,flicker
82.7677,171494,flicker
82.7720,171311,flicker
82.7763,171430,flicker
82.7800,171422,flicker
82.7841,171027,flicker
82.7884,171567,flicker
82.7924,171363,flicker
82.7964,171241,flicker
82.8005,171372,flicker
82.8048,171164,flicker
82.8090,171226,flicker
82.8129,171829,flicker
82.8170,171187,flicker
82.8211,170981,flicker
82.8259,171733,flicker
82.8292,171298,flicker
82.8333,171080,flicker
82.8375,171205,flicker
82.8416,171148,flicker
82.8457,171376,flicker
82.8498,171522,flicker
82.8511,1,flicker
82.8541,71258,flicker
82.8555,1716,flicker
82.8579,62,flicker
82.8596,170971,flicker
82.8620,171785,flicker
82.8661,171557,flicker
82.8701,171435,flicker
82.8743,711,flicker
82.8791,171033,flicker
82.8829,171493,flicker
82.8865,171341,flicker
82.8907,71563,flicker
82.8957,171852,flicker
82.8993,171491,flicker
82.9029,171004,flicker
82.9070,70902,flicker
82.9118,171612,flicker
82.9152,171154,flicker
82.9193,171237,flicker
82.9234,71038,flicker
82.9286,728,flicker
82.9316,171255,flicker
82.9357,171622,flicker
82.9416,115,flicker
82.9449,172112,flicker
82.9487,171336,flicker
82.9525,171474,flicker
82.9566,1713,flicker
82.9603,171412,flicker
82.9643,171250,flicker
82.9684,171237,flicker
82.9726,171173,flicker
82.9767,171664,flicker
82.9775,1,flicker
82.9808,70982,flicker
82.9821,1711,flicker
82.9848,23,flicker
82.9858,171600,flicker
82.9890,171393,flicker
82.9930,171451,flicker
82.9971,171086,flicker
83.0012,171320,flicker
83.0055,171380,flicker
83.0096,171728,flicker
83.0135,171468,flicker
83.0176,171131,flicker
83.0219,171099,flicker
83.0264,171468,flicker
83.0299,171531,flicker
83.0340,171347,flicker
83.0382,171541,flicker
83.0423,171483,flicker
83.0463,171224,flicker
83.0503,171142,flicker
83.0546,171424,flicker
83.0593,171202,flicker
83.0626,171206,flicker
83.0668,171089,flicker
83.0709,171000,flicker
83.0753,171512,flicker
83.0790,171517,flicker
83.0831,171439,flicker
83.0874,171457,flicker
83.0915,171431,flicker
83.0954,171397,flicker
83.0995,170907,flicker
83.1036,171106,flicker
83.1083,171049,flicker
83.1099,171,flicker
83.1118,285,flicker
83.1129,171256,flicker
83.1159,170921,flicker
83.1200,171100,flicker
83.1241,171438,flicker
83.1282,171338,flicker
83.1323,171387,flicker
83.1364,171172,flicker
83.1406,71,flicker
83.1455,171784,flicker
83.1492,172090,flicker
83.1533,171213,flicker
83.1569,7117,flicker
83.1619,171153,flicker
83.1660,171382,flicker
83.1696,171717,flicker
83.1734,716,flicker
83.1779,171262,flicker
83.1819,171377,flicker
83.1860,170709,flicker
83.1898,2,flicker
83.1939,171644,flicker
83.1987,171093,flicker
83.2020,171031,flicker
83.2061,171263,flicker
83.2110,171739,flicker
83.2142,171191,flicker
83.2183,171587,flicker
83.2224,171253,flicker
83.2267,171652,flicker
83.2306,171226,flicker
83.2347,171673,flicker
83.2361,171,flicker
83.2388,227,flicker
83.2398,171095,flicker
83.2433,171098,flicker
83.2469,171118,flicker
83.2510,171461,flicker
83.2553,171282,flicker
83.2593,171067,flicker
83.2633,171434,flicker
83.2674,171332,flicker
83.2717,171168,flicker
83.2758,171356,flicker
83.2799,171493,flicker
83.2840,171181,flicker
83.2882,171285,flicker
83.2920,170961,flicker
83.2963,171272,flicker
83.3003,171287,flicker
83.3045,170753,flicker
83.3086,171105,flicker
83.3125,170896,flicker
83.3166,171343,flicker
83.3207,171631,flicker
83.3257,171320,flicker
83.3290,171619,flicker
83.3330,171285,flicker
83.3371,171028,flicker
83.3418,171096,flicker
83.3453,171475,flicker
83.3493,171054,flicker
83.3534,171074,flicker
83.3577,171493,flicker
83.3617,171066,flicker
83.3629,171,flicker
83.3658,354,flicker
83.3674,17186,flicker
83.3698,5,flicker
83.3699,171458,flicker
83.3740,17072,flicker
83.3787,171106,flicker
83.3827,171004,flicker
83.3863,171424,flicker
83.3904,7083,flicker
83.3949,171578,flicker
83.3985,171220,flicker
83.4026,171165,flicker
83.4070,17128,flicker
83.4109,171787,flicker
83.4162,171508,flicker
83.4192,171235,flicker
83.4248,1737,flicker
83.4275,171392,flicker
83.4314,171488,flicker
83.4355,170456,flicker
83.4395,171096,flicker
83.4441,171569,flicker
83.4476,171073,flicker
83.4517,171518,flicker
83.4560,171178,flicker
83.4599,171033,flicker
83.4641,171682,flicker
83.4681,171132,flicker
83.4723,171547,flicker
83.4767,170882,flicker
83.4804,171076,flicker
83.4845,171617,flicker
83.4888,171606,flicker
83.4904,17,flicker
83.4928,1153,flicker
83.4942,17120,flicker
83.4968,9,flicker
83.4969,171382,flicker
83.5009,171835,flicker
83.5052,170890,flicker
83.5097,171210,flicker
83.5133,171464,flicker
83.5173,171305,flicker
83.5215,171600,flicker
83.5265,171665,flicker
83.5296,171340,flicker
83.5336,171623,flicker
83.5379,171580,flicker
83.5427,171483,flicker
83.5459,171848,flicker
83.5500,171347,flicker
83.5544,171448,flicker
83.5591,171424,flicker
83.5624,171040,flicker
83.5665,170759,flicker
83.5705,171505,flicker
83.5748,70957,flicker
83.5795,171133,flicker
83.5835,171153,flicker
83.5871,171769,flicker
83.5911,7087,flicker
83.5961,171467,flicker
83.6009,170802,flicker
83.6034,171374,flicker
83.6075,712,flicker
83.6118,171351,flicker
83.6169,171160,flicker
83.6183,17,flicker
83.6197,1242,flicker
83.6215,1714,flicker
83.6238,4,flicker
83.6257,74,flicker
83.6279,171355,flicker
83.6320,171226,flicker
83.6361,170975,flicker
83.6453,170846,flicker
83.6485,170958,flicker
83.6525,170636,flicker
83.6566,71089,flicker
83.6619,171582,flicker
83.6647,171074,flicker
83.6688,171346,flicker
83.6745,171,flicker
83.6776,171083,flicker
83.6818,171766,flicker
83.6853,171133,flicker
83.6894,171398,flicker
83.6939,171773,flicker
83.6977,171241,flicker
83.7017,171818,flicker
83.7057,171713,flicker
83.7098,171443,flicker
83.7139,171108,flicker
83.7180,171165,flicker
83.7221,171012,flicker
83.7270,170735,flicker
83.7303,171436,flicker
83.7343,171028,flicker
83.7387,171515,flicker
83.7436,170994,flicker
83.7445,1,flicker
83.7467,71540,flicker
83.7477,1711,flicker
83.7508,63,flicker
83.7521,171630,flicker
83.7550,171305,flicker
83.7591,170535,flicker
83.7631,171384,flicker
83.7671,171519,flicker
83.7715,171211,flicker
83.7763,170928,flicker
83.7794,171949,flicker
83.7835,171001,flicker
83.7884,171105,flicker
83.7918,171437,flicker
83.7959,171474,flicker
83.7999,170986,flicker
83.8043,170720,flicker
83.8093,171653,flicker
83.8122,171099,flicker
83.8163,170737,flicker
83.8204,171509,flicker
83.8245,171805,flicker
83.8286,171723,flicker
83.8326,171078,flicker
83.8368,171325,flicker
83.8409,71367,flicker
83.8463,170952,flicker
83.8492,171572,flicker
83.8533,171455,flicker
83.8575,171162,flicker
83.8617,171067,flicker
83.8654,171352,flicker
83.8695,171391,flicker
83.8714,1,flicker
83.8749,16513,flicker
83.8780,2,flicker
83.8802,171417,flicker
83.8819,171369,flicker
83.8859,171174,flicker
83.8901,7130,flicker
83.8941,171393,flicker
83.9000,171070,flicker
83.9023,170782,flicker
83.9066,171180,flicker
83.9108,171541,flicker
83.9148,171158,flicker
83.9188,171165,flicker
83.9229,171627,flicker
83.9269,171241,flicker
83.9309,171192,flicker
83.9350,171113,flicker
83.9392,171178,flicker
83.9433,171145,flicker
83.9473,171576,flicker
83.9514,171063,flicker
83.9555,171014,flicker
83.9597,171299,flicker
83.9639,171433,flicker
83.9679,171073,flicker
83.9721,171040,flicker
83.9764,171171,flicker
83.9801,171683,flicker
83.9842,171419,flicker
83.9884,171254,flicker
83.9927,171728,flicker
83.9967,171076,flicker
83.9983,1,flicker
84.0007,71116,flicker
84.0019,1714,flicker
84.0049,76,flicker
84.0065,171005,flicker
84.0105,171251,flicker
84.0129,171317,flicker
84.0170,171527,flicker
84.0212,171629,flicker
84.0267,171218,flicker
84.0295,171922,flicker
84.0334,171357,flicker
84.0379,171896,flicker
84.0416,71908,flicker
84.0467,171669,flicker
84.0498,171594,flicker
84.0538,170769,flicker
84.0579,71501,flicker
84.0626,171491,flicker
84.0678,171133,flicker
84.0703,170796,flicker
84.0744,7175,flicker
84.0791,171607,flicker
84.0837,171412,flicker
84.0866,171844,flicker
84.0949,171287,flicker
84.0992,171463,flicker
84.1030,171758,flicker
84.1072,71,flicker
84.1113,171337,flicker
84.1159,170950,flicker
84.1205,171698,flicker
84.1249,16,flicker
84.1281,171429,flicker
84.1292,171,flicker
84.1323,053,flicker
84.1337,171411,flicker
84.1358,171348,flicker
84.1414,71,flicker
84.1447,171373,flicker
84.1486,171279,flicker
84.1521,170951,flicker
84.1564,171589,flicker
84.1608,171191,flicker
84.1645,171259,flicker
84.1685,171355,flicker
84.1727,171443,flicker
84.1771,171361,flicker
84.1808,171120,flicker
84.1849,171554,flicker
84.1890,171667,flicker
84.1932,171314,flicker
84.1972,171555,flicker
84.2013,171293,flicker
84.2054,171550,flicker
84.2097,171864,flicker
84.2135,171619,flicker
84.2176,171173,flicker
84.2220,171476,flicker
84.2268,171485,flicker
84.2300,171495,flicker
84.2340,171283,flicker
84.2383,171844,flicker
84.2426,171483,flicker
84.2464,171259,flicker
84.2505,171598,flicker
84.2550,170826,flicker
84.2569,171,flicker
84.2591,405,flicker
84.2601,171211,flicker
84.2627,171138,flicker
84.2668,171299,flicker
84.2711,171199,flicker
84.2752,170957,flicker
84.2791,171462,flicker
84.2832,171290,flicker
84.2877,171325,flicker
84.2935,7118,flicker
84.2963,171206,flicker
84.2996,171436,flicker
84.3037,171231,flicker
84.3079,7160,flicker
84.3133,171262,flicker
84.3173,171228,flicker
84.3202,171373,flicker
84.3243,171475,flicker
84.3284,171373,flicker
84.3324,171184,flicker
84.3365,171562,flicker
84.3419,7185,flicker
84.3453,170858,flicker
84.3489,171483,flicker
84.3529,171527,flicker
84.3570,718,flicker
84.3614,171072,flicker
84.3658,171628,flicker
84.3692,171339,flicker
84.3750,706,flicker
84.3780,170993,flicker
84.3822,171919,flicker
84.3836,17,flicker
84.3857,1916,flicker
84.3866,17119,flicker
84.3897,7,flicker
84.3949,171557,flicker
84.3984,171240,flicker
84.4020,171275,flicker
84.4061,172002,flicker
84.4105,171616,flicker
84.4143,170889,flicker
84.4184,171597,flicker
84.4225,171211,flicker
84.4269,171650,flicker
84.4306,171195,flicker
84.4348,171117,flicker
84.4388,171724,flicker
84.4433,170792,flicker
84.4470,171145,flicker
84.4511,171248,flicker
84.4553,171179,flicker
84.4604,171457,flicker
84.4635,171252,flicker
84.4676,171448,flicker
84.4718,172071,flicker
84.4767,171221,flicker
84.4799,172018,flicker
84.4840,171619,flicker
84.4884,171602,flicker
84.4922,171202,flicker
84.4963,171130,flicker
84.5003,170860,flicker
84.5048,171270,flicker
84.5088,171799,flicker
84.5100,17,flicker
84.5128,1435,flicker
84.5145,17116,flicker
84.5167,9,flicker
84.5181,171786,flicker
84.5212,171833,flicker
84.5250,7289,flicker
84.5305,171320,flicker
84.5334,171718,flicker
84.5371,171081,flicker
84.5414,171480,flicker
84.5455,171162,flicker
84.5494,171559,flicker
84.5535,171374,flicker
84.5577,71277,flicker
84.5633,171061,flicker
84.5658,171259,flicker
84.5699,171111,flicker
84.5741,7176,flicker
84.5782,171535,flicker
84.5822,171489,flicker
84.5868,171093,flicker
84.5949,171421,flicker
84.5987,171389,flicker
84.6027,171236,flicker
84.6087,719,flicker
84.6117,171358,flicker
84.6152,171443,flicker
84.6191,171115,flicker
84.6252,74,flicker
84.6283,171040,flicker
84.6320,171292,flicker
84.6355,171450,flicker
84.6378,1,flicker
84.6396,71579,flicker
84.6406,1711,flicker
84.6440,62,flicker
84.6451,171113,flicker
84.6477,171550,flicker
84.6519,171331,flicker
84.6559,170927,flicker
84.6611,171658,flicker
84.6641,171206,flicker
84.6682,171057,flicker
84.6723,171156,flicker
84.6766,171558,flicker
84.6805,171463,flicker
84.6846,171289,flicker
84.6889,171090,flicker
84.6932,171584,flicker
84.6969,171634,flicker
84.7010,171401,flicker
84.7053,171585,flicker
84.7103,171215,flicker
84.7134,171723,flicker
84.7175,171218,flicker
84.7219,171692,flicker
84.7268,171439,flicker
84.7297,171299,flicker
84.7337,171663,flicker
84.7384,171025,flicker
84.7430,171006,flicker
84.7460,171298,flicker
84.7501,171348,flicker
84.7542,171607,flicker
84.7596,171379,flicker
84.7625,171485,flicker
84.7639,1,flicker
84.7665,71380,flicker
84.7678,1720,flicker
84.7710,36,flicker
84.7723,171396,flicker
84.7764,171446,flicker
84.7788,170941,flicker
84.7829,170893,flicker
84.7870,171552,flicker
84.7930,171516,flicker
84.7953,171195,flicker
84.7993,171922,flicker
84.8034,171402,flicker
84.8076,171174,flicker
84.8116,171850,flicker
84.8156,171013,flicker
84.8198,171113,flicker
84.8239,71684,flicker
84.8284,171496,flicker
84.8327,171662,flicker
84.8362,171554,flicker
84.8403,24,flicker
84.8445,171752,flicker
84.8494,171403,flicker
84.8532,171510,flicker
84.8567,71676,flicker
84.8608,171450,flicker
84.8648,171145,flicker
84.8699,171008,flicker
84.8731,171185,flicker
84.8779,171893,flicker
84.8820,171493,flicker
84.8856,171889,flicker
84.8895,171357,flicker
84.8939,170969,flicker
84.8956,171,flicker
84.8976,430,flicker
84.8997,171018,flicker
84.9017,171215,flicker
84.9058,171238,flicker
84.9107,171615,flicker
84.9140,171588,flicker
84.9181,171112,flicker
84.9222,171425,flicker
84.9265,171359,flicker
84.9303,170872,flicker
84.9344,171614,flicker
84.9387,171178,flicker
84.9429,170867,flicker
84.9468,171317,flicker
84.9508,171695,flicker
84.9551,171004,flicker
84.9591,171972,flicker
84.9632,171779,flicker
84.9673,171049,flicker
84.9718,171283,flicker
84.9760,171309,flicker
84.9796,171462,flicker
84.9836,171223,flicker
84.9878,171162,flicker
84.9924,171390,flicker
84.9959,171089,flicker
85.0000,171063,flicker
85.0041,171448,flicker
85.0087,170918,flicker
85.0123,171544,flicker
85.0163,171390,flicker
85.0205,171582,flicker
85.0222,171,flicker
85.0246,48,flicker
85.0262,76,flicker
85.0290,171674,flicker
85.0330,171417,flicker
85.0373,170981,flicker
85.0411,716,flicker
85.0452,171361,flicker
85.0499,171361,flicker
85.0532,171339,flicker
85.0589,79,flicker
85.0619,171532,flicker
85.0659,171310,flicker
85.0696,171912,flicker
85.0750,7,flicker
85.0787,171659,flicker
85.0819,170991,flicker
85.0860,171003,flicker
85.0945,171102,flicker
85.0993,171562,flicker
85.1025,171653,flicker
85.1080,1719,flicker
85.1107,171537,flicker
85.1151,171546,flicker
85.1189,171291,flicker
85.1229,170948,flicker
85.1275,171454,flicker
85.1312,171575,flicker
85.1352,170980,flicker
85.1394,171397,flicker
85.1435,171489,flicker
85.1475,171415,flicker
85.1494,17,flicker
85.1516,1976,flicker
85.1529,17134,flicker
85.1556,8,flicker
85.1557,171550,flicker
85.1599,171207,flicker
85.1638,171624,flicker
85.1679,171289,flicker
85.1722,171267,flicker
85.1763,171385,flicker
85.1802,171371,flicker
85.1843,171443,flicker
85.1885,171697,flicker
85.1928,171364,flicker
85.1966,171574,flicker
85.2007,171300,flicker
85.2051,171379,flicker
85.2108,171039,flicker
85.2131,171475,flicker
85.2173,171509,flicker
85.2216,171483,flicker
85.2259,171147,flicker
85.2293,170891,flicker
85.2334,171663,flicker
85.2377,171312,flicker
85.2425,171683,flicker
85.2458,171253,flicker
85.2498,171705,flicker
85.2542,171163,flicker
85.2586,171065,flicker
85.2621,170817,flicker
85.2662,171261,flicker
85.2703,171321,flicker
85.2759,7,flicker
85.2787,1497,flicker
85.2798,17126,flicker
85.2826,7,flicker
85.2828,171031,flicker
85.2867,170938,flicker
85.2927,721,flicker
85.2955,171278,flicker
85.2993,171701,flicker
85.3031,171169,flicker
85.3072,71045,flicker
85.3115,171667,flicker
85.3156,170796,flicker
85.3213,170774,flicker
85.3236,171449,flicker
85.3279,171416,flicker
85.3318,171146,flicker
85.3358,171415,flicker
85.3413,71700,flicker
85.3450,171626,flicker
85.3489,171299,flicker
85.3531,171748,flicker
85.3580,745,flicker
85.3614,171392,flicker
85.3654,171348,flicker
85.3687,171138,flicker
85.3728,170549,flicker
85.3771,171183,flicker
85.3810,170988,flicker
85.3851,171727,flicker
85.3891,171169,flicker
85.3941,171757,flicker
85.3973,171532,flicker
85.4014,171476,flicker
85.4027,17,flicker
85.4055,1500,flicker
85.4070,1711,flicker
85.4100,24,flicker
85.4124,170950,flicker
85.4137,170971,flicker
85.4178,171349,flicker
85.4219,171214,flicker
85.4267,171295,flicker
85.4300,171260,flicker
85.4341,171461,flicker
85.4384,171455,flicker
85.4434,170962,flicker
85.4466,171285,flicker
85.4506,171268,flicker
85.4552,171486,flicker
85.4588,171130,flicker
85.4628,171041,flicker
85.4669,171498,flicker
85.4715,171417,flicker
85.4759,171672,flicker
85.4792,171721,flicker
85.4833,171579,flicker
85.4876,171101,flicker
85.4935,17114,flicker
85.4956,171112,flicker
85.4997,171222,flicker
85.5038,171281,flicker
85.5079,71652,flicker
85.5121,171283,flicker
85.5162,171697,flicker
85.5202,170989,flicker
85.5254,7,flicker
85.5293,171342,flicker
85.5305,1,flicker
85.5324,71292,flicker
85.5335,1708,flicker
85.5365,99,flicker
85.5382,171352,flicker
85.5415,171525,flicker
85.5451,171356,flicker
85.5489,171308,flicker
85.5529,171294,flicker
85.5571,171304,flicker
85.5617,170744,flicker
85.5652,172020,flicker
85.5693,171506,flicker
85.5754,13,flicker
85.5784,171043,flicker
85.5817,171545,flicker
85.5857,170626,flicker
85.5910,11,flicker
85.5940,171453,flicker
85.5989,171418,flicker
85.6021,171851,flicker
85.6063,171025,flicker
85.6111,171170,flicker
85.6145,171513,flicker
85.6185,171526,flicker
85.6226,171528,flicker
85.6267,170955,flicker
85.6307,171050,flicker
85.6348,171363,flicker
85.6390,171307,flicker
85.6432,171504,flicker
85.6473,171383,flicker
85.6513,171576,flicker
85.6554,171545,flicker
85.6566,1,flicker
85.6598,71547,flicker
85.6602,1714,flicker
85.6636,02,flicker
85.6649,171154,flicker
85.6676,171152,flicker
85.6719,171655,flicker
85.6766,170952,flicker
85.6799,171220,flicker
85.6841,171216,flicker
85.6882,171181,flicker
85.6927,170529,flicker
85.6963,171018,flicker
85.7004,171049,flicker
85.7050,171250,flicker
85.7100,171651,flicker
85.7129,171501,flicker
85.7169,171187,flicker
85.7210,171900,flicker
85.7255,171041,flicker
85.7291,171009,flicker
85.7331,171356,flicker
85.7372,170666,flicker
85.7414,71431,flicker
85.7483,171601,flicker
85.7499,171683,flicker
85.7537,171270,flicker
85.7577,171293,flicker
85.7627,171040,flicker
85.7660,171291,flicker
85.7700,171434,flicker
85.7753,7111,flicker
85.7782,171570,flicker
85.7828,171895,flicker
85.7843,1,flicker
85.7864,71305,flicker
85.7881,171,flicker
85.7910,519,flicker
85.7911,171729,flicker
85.7949,171260,flicker
85.7987,171297,flicker
85.8028,171373,flicker
85.8087,7175,flicker
85.8113,171756,flicker
85.8155,171393,flicker
85.8192,171440,flicker
85.8233,7829,flicker
85.8277,171394,flicker
85.8329,171562,flicker
85.8355,171073,flicker
85.8397,171067,flicker
85.8439,171470,flicker
85.8479,171708,flicker
85.8520,171382,flicker
85.8561,171304,flicker
85.8604,171074,flicker
85.8642,171768,flicker
85.8683,171005,flicker
85.8727,171288,flicker
85.8770,170697,flicker
85.8807,171717,flicker
85.8848,171584,flicker
85.8889,171996,flicker
85.8933,170807,flicker
85.8970,171389,flicker
85.9011,171755,flicker
85.9055,171854,flicker
85.9095,171380,flicker
85.9136,170753,flicker
85.9153,171,flicker
85.9175,169,flicker
85.9190,171663,flicker
85.9219,171426,flicker
85.9265,170986,flicker
85.9299,171245,flicker
85.9339,171374,flicker
85.9382,171492,flicker
85.9422,171131,flicker
85.9461,171289,flicker
85.9502,171302,flicker
85.9547,171255,flicker
85.9585,171520,flicker
85.9625,171456,flicker
85.9666,171076,flicker
85.9708,171486,flicker
85.9756,171458,flicker
85.9789,171767,flicker
85.9830,171506,flicker
85.9871,171363,flicker
85.9912,71459,flicker
85.9964,171402,flicker
85.9994,171411,flicker
86.0035,171292,flicker
86.0077,7106,flicker
86.0130,171272,flicker
86.0168,171286,flicker
86.0202,171264,flicker
86.0240,711,flicker
86.0287,171242,flicker
86.0323,171146,flicker
86.0362,171346,flicker
86.0418,7,flicker
86.0445,14,flicker
86.0462,171299,flicker
86.0487,171046,flicker
86.0526,171145,flicker
86.0567,71330,flicker
86.0608,171507,flicker
86.0649,171251,flicker
86.0690,171842,flicker
86.0746,14,flicker
86.0774,171688,flicker
86.0814,171260,flicker
86.0854,171805,flicker
86.0897,171117,flicker
86.0937,171766,flicker
86.0978,171592,flicker
86.1020,172094,flicker
86.1059,171372,flicker
86.1101,171350,flicker
86.1141,171629,flicker
86.1182,171344,flicker
86.1223,171875,flicker
86.1268,171401,flicker
86.1305,171474,flicker
86.1345,171531,flicker
86.1390,172041,flicker
86.1429,171822,flicker
86.1468,171826,flicker
86.1509,171919,flicker
86.1551,170929,flicker
86.1596,171269,flicker
86.1633,171321,flicker
86.1673,171655,flicker
86.1688,171,flicker
86.1716,417,flicker
86.1734,171287,flicker
86.1757,170951,flicker
86.1796,170745,flicker
86.1837,171256,flicker
86.1879,171552,flicker
86.1922,171348,flicker
86.1961,171313,flicker
86.2002,171472,flicker
86.2044,171246,flicker
86.2094,171444,flicker
86.2123,171722,flicker
86.2164,171093,flicker
86.2206,171884,flicker
86.2247,71128,flicker
86.2319,171322,flicker
86.2330,171438,flicker
86.2369,171679,flicker
86.2411,71873,flicker
86.2465,171258,flicker
86.2494,171641,flicker
86.2535,171699,flicker
86.2575,7187,flicker
86.2627,171507,flicker
86.2656,171278,flicker
86.2701,171572,flicker
86.2739,7097,flicker
86.2781,170962,flicker
86.2827,171102,flicker
86.2864,171204,flicker
86.2914,71295,flicker
86.2952,170970,flicker
86.2963,17,flicker
86.2985,1259,flicker
86.3002,17099,flicker
86.3025,3,flicker
86.3025,171316,flicker
86.3066,171110,flicker
86.3115,171042,flicker
86.3149,170873,flicker
86.3190,171177,flicker
86.3230,170869,flicker
86.3272,171337,flicker
86.3312,171284,flicker
86.3352,171622,flicker
86.3394,171661,flicker
86.3436,171366,flicker
86.3475,171155,flicker
86.3516,171445,flicker
86.3558,171322,flicker
86.3600,170819,flicker
86.3640,171138,flicker
86.3680,171399,flicker
86.3721,171461,flicker
86.3765,171311,flicker
86.3804,171389,flicker
86.3844,170979,flicker
86.3886,171510,flicker
86.3927,171523,flicker
86.3967,171476,flicker
86.4008,171191,flicker
86.4051,171596,flicker
86.4092,171240,flicker
86.4131,171277,flicker
86.4172,171357,flicker
86.4216,171603,flicker
86.4235,17,flicker
86.4267,1325,flicker
86.4286,17133,flicker
86.4294,3,flicker
86.4309,171126,flicker
86.4336,171390,flicker
86.4378,171593,flicker
86.4430,171187,flicker
86.4460,171664,flicker
86.4499,171750,flicker
86.4541,171773,flicker
86.4587,171369,flicker
86.4622,171105,flicker
86.4663,172000,flicker
86.4704,171606,flicker
86.4745,71381,flicker
86.4787,171635,flicker
86.4828,171927,flicker
86.4868,171152,flicker
86.4910,7175,flicker
86.4964,171697,flicker
86.4990,171515,flicker
86.5032,171395,flicker
86.5078,171303,flicker
86.5114,171261,flicker
86.5155,171539,flicker
86.5195,171269,flicker
86.5252,71414,flicker
86.5286,172041,flicker
86.5321,171720,flicker
86.5361,171130,flicker
86.5402,71,flicker
86.5446,171348,flicker
86.5482,171262,flicker
86.5498,17,flicker
86.5525,2205,flicker
86.5544,17097,flicker
86.5564,3,flicker
86.5581,171085,flicker
86.5606,171266,flicker
86.5646,171459,flicker
86.5687,171586,flicker
86.5729,171649,flicker
86.5781,171235,flicker
86.5811,171315,flicker
86.5851,171045,flicker
86.5892,171454,flicker
86.5936,171225,flicker
86.5973,171379,flicker
86.6015,171148,flicker
86.6056,171672,flicker
86.6100,171736,flicker
86.6138,171325,flicker
86.6179,170956,flicker
86.6222,171471,flicker
86.6270,171142,flicker
86.6302,171706,flicker
86.6342,171899,flicker
86.6387,170784,flicker
86.6428,171427,flicker
86.6465,171237,flicker
86.6506,171356,flicker
86.6549,171324,flicker
86.6597,171266,flicker
86.6629,171233,flicker
86.6670,171426,flicker
86.6718,171382,flicker
86.6758,170936,flicker
86.6776,17,flicker
86.6793,1519,flicker
86.6807,1720,flicker
86.6835,19,flicker
86.6844,171157,flicker
86.6882,171563,flicker
86.6932,171088,flicker
86.6957,171270,flicker
86.6997,171457,flicker
86.7039,172052,flicker
86.7080,71305,flicker
86.7145,171413,flicker
86.7162,171343,flicker
86.7203,171225,flicker
86.7290,171478,flicker
86.7332,171540,flicker
86.7368,171430,flicker
86.7413,171450,flicker
86.7449,171616,flicker
86.7489,171588,flicker
86.7530,171540,flicker
86.7572,7147,flicker
86.7626,171259,flicker
86.7660,170926,flicker
86.7694,171725,flicker
86.7736,784,flicker
86.7783,171381,flicker
86.7833,171861,flicker
86.7858,171532,flicker
86.7913,17153,flicker
86.7945,171106,flicker
86.7981,170839,flicker
86.8022,171288,flicker
86.8032,1,flicker
86.8064,71284,flicker
86.8078,178,flicker
86.8105,1,flicker
86.8123,171369,flicker
86.8148,170887,flicker
86.8187,171401,flicker
86.8227,170994,flicker
86.8269,171279,flicker
86.8308,171620,flicker
86.8349,171701,flicker
86.8390,171167,flicker
86.8432,171472,flicker
86.8473,171642,flicker
86.8513,171050,flicker
86.8555,170981,flicker
86.8600,171695,flicker
86.8636,171119,flicker
86.8677,171305,flicker
86.8720,171738,flicker
86.8771,171149,flicker
86.8800,171202,flicker
86.8841,171495,flicker
86.8889,171099,flicker
86.8924,171270,flicker
86.8964,171205,flicker
86.9005,170872,flicker
86.9047,171543,flicker
86.9090,171614,flicker
86.9128,171574,flicker
86.9169,170950,flicker
86.9220,171471,flicker
86.9256,171294,flicker
86.9292,171239,flicker
86.9332,170980,flicker
86.9344,171,flicker
86.9377,122,flicker
86.9387,171312,flicker
86.9418,171370,flicker
86.9456,171181,flicker
86.9496,171538,flicker
86.9537,170976,flicker
86.9583,171363,flicker
86.9620,171558,flicker
86.9661,172108,flicker
86.9701,171401,flicker
86.9742,71475,flicker
86.9793,171100,flicker
86.9825,171370,flicker
86.9865,171516,flicker
86.9906,71324,flicker
86.9954,171349,flicker
86.9993,171598,flicker
87.0030,171177,flicker
87.0087,71,flicker
87.0112,170955,flicker
87.0160,171272,flicker
87.0193,171351,flicker
87.0234,71404,flicker
87.0275,171539,flicker
87.0326,171938,flicker
87.0356,171128,flicker
87.0399,111,flicker
87.0439,171462,flicker
87.0480,171197,flicker
87.0523,171487,flicker
87.0562,171184,flicker
87.0612,171203,flicker
87.0633,170,flicker
87.0643,677,flicker
87.0656,171568,flicker
87.0684,171355,flicker
87.0725,171362,flicker
87.0766,171469,flicker
87.0808,171308,flicker
87.0848,171668,flicker
87.0889,171947,flicker
87.0931,171581,flicker
87.0971,171045,flicker
87.1012,171316,flicker
87.1055,171224,flicker
87.1100,171006,flicker
87.1134,171881,flicker
87.1175,172053,flicker
87.1223,171572,flicker
87.1257,171471,flicker
87.1298,171464,flicker
87.1359,7136,flicker
87.1395,171392,flicker
87.1424,171121,flicker
87.1474,171246,flicker
87.1503,171700,flicker
87.1546,171314,flicker
87.1590,171415,flicker
87.1626,171161,flicker
87.1667,171544,flicker
87.1709,171132,flicker
87.1750,171517,flicker
87.1790,171410,flicker
87.1830,171448,flicker
87.1872,171445,flicker
87.1890,171,flicker
87.1921,050,flicker
87.1933,17097,flicker
87.1954,9,flicker
87.1955,171155,flicker
87.1995,171362,flicker
87.2035,171585,flicker
87.2077,171515,flicker
87.2118,171535,flicker
87.2159,171568,flicker
87.2199,171267,flicker
87.2260,171228,flicker
87.2283,171572,flicker
87.2322,171178,flicker
87.2363,171559,flicker
87.2434,115,flicker
87.2445,171308,flicker
87.2487,171360,flicker
87.2528,171447,flicker
87.2569,702,flicker
87.2621,171493,flicker
87.2656,171728,flicker
87.2691,171829,flicker
87.2743,171577,flicker
87.2773,171304,flicker
87.2814,171473,flicker
87.2855,171327,flicker
87.2897,171261,flicker
87.2938,171131,flicker
87.2978,171896,flicker
87.3019,171550,flicker
87.3060,171392,flicker
87.3107,171552,flicker
87.3142,171156,flicker
87.3156,17,flicker
87.3183,0937,flicker
87.3193,17142,flicker
87.3223,9,flicker
87.3224,171551,flicker
87.3270,171303,flicker
87.3305,171017,flicker
87.3346,171125,flicker
87.3388,171421,flicker
87.3429,171461,flicker
87.3469,171551,flicker
87.3510,171585,flicker
87.3553,171072,flicker
87.3600,170812,flicker
87.3633,171260,flicker
87.3674,170903,flicker
87.3719,171270,flicker
87.3760,171101,flicker
87.3798,171325,flicker
87.3839,171057,flicker
87.3880,171556,flicker
87.3924,171601,flicker
87.3963,171230,flicker
87.4003,171117,flicker
87.4044,171163,flicker
87.4095,171324,flicker
87.4125,171073,flicker
87.4166,171380,flicker
87.4212,171269,flicker
87.4248,71951,flicker
87.4292,171323,flicker
87.4330,171360,flicker
87.4370,171639,flicker
87.4413,718,flicker
87.4428,7,flicker
87.4465,734,flicker
87.4481,17111,flicker
87.4494,6,flicker
87.4506,171068,flicker
87.4534,170941,flicker
87.4579,170877,flicker
87.4616,171182,flicker
87.4657,171292,flicker
87.4698,171498,flicker
87.4739,71195,flicker
87.4784,171524,flicker
87.4822,171065,flicker
87.4862,171493,flicker
87.4924,71,flicker
87.4959,171766,flicker
87.4985,171373,flicker
87.5026,172003,flicker
87.5080,7,flicker
87.5114,171291,flicker
87.5150,170814,flicker
87.5189,171066,flicker
87.5232,17164,flicker
87.5273,171478,flicker
87.5322,171901,flicker
87.5354,171227,flicker
87.5394,170936,flicker
87.5443,171192,flicker
87.5476,171281,flicker
87.5517,171334,flicker
87.5560,171038,flicker
87.5605,170966,flicker
87.5640,171365,flicker
87.5681,171846,flicker
87.5691,1,flicker
87.5723,71395,flicker
87.5740,1713,flicker
87.5764,63,flicker
87.5781,171317,flicker
87.5804,171326,flicker
87.5845,171308,flicker
87.5889,171430,flicker
87.5928,171124,flicker
87.5968,170729,flicker
87.6008,171228,flicker
87.6052,171031,flicker
87.6100,170793,flicker
87.6132,171510,flicker
87.6172,171599,flicker
87.6215,171763,flicker
87.6267,171859,flicker
87.6298,171189,flicker
87.6337,171312,flicker
87.6379,171952,flicker
87.6422,171613,flicker
87.6459,172110,flicker
87.6500,171705,flicker
87.6543,171611,flicker
87.6589,171285,flicker
87.6623,171491,flicker
87.6664,171457,flicker
87.6705,171757,flicker
87.6751,171478,flicker
87.6788,171566,flicker
87.6828,170991,flicker
87.6869,171239,flicker
87.6911,71,flicker
87.6966,171054,flicker
87.6982,1,flicker
87.6992,71641,flicker
87.7009,1714,flicker
87.7032,66,flicker
87.7048,171376,flicker
87.7083,1,flicker
87.7119,170982,flicker
87.7161,171704,flicker
87.7197,170946,flicker
87.7239,776,flicker
87.7279,171583,flicker
87.7333,171553,flicker
87.7362,171347,flicker
87.7414,15,flicker
87.7456,171137,flicker
87.7494,171406,flicker
87.7524,171569,flicker
87.7583,77,flicker
87.7606,171859,flicker
87.7648,171393,flicker
87.7688,171250,flicker
87.7731,1724,flicker
87.7770,171329,flicker
87.7819,171717,flicker
87.7853,171682,flicker
87.7893,171389,flicker
87.7941,171662,flicker
87.7975,171096,flicker
87.8015,170953,flicker
87.8057,171347,flicker
87.8100,172030,flicker
87.8138,171427,flicker
87.8179,171317,flicker
87.8222,171214,flicker
87.8235,1,flicker
87.8262,71098,flicker
87.8280,1715,flicker
87.8302,15,flicker
87.8313,171387,flicker
87.8343,171664,flicker
87.8386,171109,flicker
87.8431,171401,flicker
87.8466,171186,flicker
87.8507,171178,flicker
87.8554,171660,flicker
87.8604,171409,flicker
87.8630,171346,flicker
87.8671,171528,flicker
87.8715,171713,flicker
87.8765,171613,flicker
87.8794,171260,flicker
87.8835,171316,flicker
87.8876,171462,flicker
87.8933,170910,flicker
87.8958,171536,flicker
87.8998,171514,flicker
87.9041,172009,flicker
87.9098,171463,flicker
87.9122,171421,flicker
87.9162,171192,flicker
87.9203,171365,flicker
87.9248,171427,flicker
87.9285,171131,flicker
87.9326,171488,flicker
87.9367,171439,flicker
87.9429,713,flicker
87.9456,171270,flicker
87.9497,171391,flicker
87.9532,171221,flicker
87.9545,1714,flicker
87.9585,01719,flicker
87.9626,171645,flicker
87.9657,171838,flicker
87.9695,171873,flicker
87.9756,71,flicker
87.9790,171690,flicker
87.9826,171813,flicker
87.9860,171487,flicker
87.9912,71419,flicker
87.9943,171594,flicker
87.9988,171457,flicker
88.0024,170980,flicker
88.0065,167,flicker
88.0108,171930,flicker
88.0148,171848,flicker
88.0187,171418,flicker
88.0228,172099,flicker
88.0276,171504,flicker
88.0309,171551,flicker
88.0350,171077,flicker
88.0392,171033,flicker
88.0442,171134,flicker
88.0473,171467,flicker
88.0514,171550,flicker
88.0555,171361,flicker
88.0603,171153,flicker
88.0638,171347,flicker
88.0678,171136,flicker
88.0719,171404,flicker
88.0760,171562,flicker
88.0801,171321,flicker
88.0818,171,flicker
88.0842,271,flicker
88.0855,171693,flicker
88.0886,171090,flicker
88.0931,171541,flicker
88.0965,171928,flicker
88.1005,171036,flicker
88.1049,171042,flicker
88.1091,171566,flicker
88.1128,171544,flicker
88.1169,171193,flicker
88.1212,171152,flicker
88.1252,171142,flicker
88.1293,171479,flicker
88.1334,171319,flicker
88.1376,171404,flicker
88.1420,170939,flicker
88.1456,171078,flicker
88.1497,171006,flicker
88.1538,171069,flicker
88.1583,171581,flicker
88.1620,171335,flicker
88.1661,171738,flicker
88.1702,170945,flicker
88.1759,708,flicker
88.1787,171477,flicker
88.1828,171092,flicker
88.1866,171414,flicker
88.1908,7117,flicker
88.1948,170973,flicker
88.1994,171732,flicker
88.2045,171331,flicker
88.2091,517,flicker
88.2119,1724,flicker
88.2142,17141,flicker
88.2152,5,flicker
88.2158,170935,flicker
88.2195,171382,flicker
88.2235,724,flicker
88.2288,171248,flicker
88.2332,171075,flicker
88.2358,170942,flicker
88.2417,17173,flicker
88.2440,171068,flicker
88.2482,171401,flicker
88.2522,171497,flicker
88.2563,171541,flicker
88.2604,171605,flicker
88.2644,171318,flicker
88.2685,171473,flicker
88.2727,171933,flicker
88.2767,171341,flicker
88.2808,171174,flicker
88.2848,171350,flicker
88.2890,171486,flicker
88.2943,171116,flicker
88.2972,171331,flicker
88.3012,171470,flicker
88.3056,172089,flicker
88.3101,171557,flicker
88.3136,171419,flicker
88.3176,171660,flicker
88.3220,171826,flicker
88.3267,171720,flicker
88.3300,171238,flicker
88.3342,171297,flicker
88.3352,17,flicker
88.3384,1204,flicker
88.3399,17144,flicker
88.3424,5,flicker
88.3442,170953,flicker
88.3463,171455,flicker
88.3504,171480,flicker
88.3546,171557,flicker
88.3595,171485,flicker
88.3628,171197,flicker
88.3668,171970,flicker
88.3710,171750,flicker
88.3759,171468,flicker
88.3792,171634,flicker
88.3833,171354,flicker
88.3873,171639,flicker
88.3920,171263,flicker
88.3956,171304,flicker
88.3996,171219,flicker
88.4036,171860,flicker
88.4097,171374,flicker
88.4119,171256,flicker
88.4159,171211,flicker
88.4200,171494,flicker
88.4259,171555,flicker
88.4283,171293,flicker
88.4324,171556,flicker
88.4364,171238,flicker
88.4406,71343,flicker
88.4454,171424,flicker
88.4489,171649,flicker
88.4530,171395,flicker
88.4570,71297,flicker
88.4622,171296,flicker
88.4637,1,flicker
88.4653,71871,flicker
88.4668,1712,flicker
88.4692,34,flicker
88.4708,171580,flicker
88.4751,171898,flicker
88.4774,171748,flicker
88.4815,171425,flicker
88.4856,171787,flicker
88.4898,171580,flicker
88.4939,171230,flicker
88.4980,171809,flicker
88.5020,171403,flicker
88.5061,171584,flicker
88.5104,171826,flicker
88.5142,171324,flicker
88.5183,171404,flicker
88.5224,171000,flicker
88.5269,171417,flicker
88.5307,171448,flicker
88.5349,171136,flicker
88.5388,171363,flicker
88.5431,171095,flicker
88.5470,171424,flicker
88.5511,171530,flicker
88.5554,171143,flicker
88.5601,171725,flicker
88.5634,171509,flicker
88.5674,171676,flicker
88.5718,172001,flicker
88.5758,171611,flicker
88.5798,171799,flicker
88.5839,171197,flicker
88.5882,171367,flicker
88.5900,1,flicker
88.5935,71311,flicker
88.5952,1713,flicker
88.5962,23,flicker
88.5975,171605,flicker
88.6003,171342,flicker
88.6045,171342,flicker
88.6101,171306,flicker
88.6126,171392,flicker
88.6167,171538,flicker
88.6207,171159,flicker
88.6249,71031,flicker
88.6313,172009,flicker
88.6330,171105,flicker
88.6371,171772,flicker
88.6427,171337,flicker
88.6454,171507,flicker
88.6494,171664,flicker
88.6535,172066,flicker
88.6593,171753,flicker
88.6617,171447,flicker
88.6658,171447,flicker
88.6699,171473,flicker
88.6741,779,flicker
88.6793,171327,flicker
88.6822,171369,flicker
88.6863,171672,flicker
88.6905,7151,flicker
88.6952,171573,flicker
88.6986,171428,flicker
88.7027,171234,flicker
88.7068,7121,flicker
88.7114,171354,flicker
88.7150,171790,flicker
88.7164,1,flicker
88.7191,71492,flicker
88.7201,171,flicker
88.7247,5114,flicker
88.7282,171212,flicker
88.7313,171346,flicker
88.7355,171365,flicker
88.7397,171682,flicker
88.7437,171674,flicker
88.7477,172313,flicker
88.7518,171203,flicker
88.7560,171694,flicker
88.7602,171184,flicker
88.7641,171545,flicker
88.7682,171370,flicker
88.7723,171525,flicker
88.7765,171369,flicker
88.7805,171477,flicker
88.7846,171461,flicker
88.7887,171300,flicker
88.7930,171828,flicker
88.7968,171703,flicker
88.8009,170880,flicker
88.8052,171830,flicker
88.8101,172055,flicker
88.8134,171676,flicker
88.8174,171244,flicker
88.8216,171359,flicker
88.8265,171724,flicker
88.8296,172058,flicker
88.8337,171588,flicker
88.8379,171751,flicker
88.8431,171400,flicker
88.8460,171671,flicker
88.8472,171,flicker
88.8501,591,flicker
88.8517,171731,flicker
88.8544,171881,flicker
88.8595,171289,flicker
88.8624,171846,flicker
88.8665,171459,flicker
88.8706,171818,flicker
88.8748,170956,flicker
88.8788,171435,flicker
88.8829,171538,flicker
88.8870,172292,flicker
88.8918,171446,flicker
88.8953,171242,flicker
88.8993,172021,flicker
88.9033,171478,flicker
88.9090,72,flicker
88.9125,171734,flicker
88.9158,171694,flicker
88.9197,171605,flicker
88.9239,71800,flicker
88.9283,171607,flicker
88.9322,171279,flicker
88.9361,171909,flicker
88.9415,71805,flicker
88.9447,171704,flicker
88.9484,171338,flicker
88.9525,171380,flicker
88.9567,1886,flicker
88.9608,171524,flicker
88.9658,171200,flicker
88.9690,171505,flicker
88.9732,171573,flicker
88.9748,17,flicker
88.9772,1655,flicker
88.9785,17118,flicker
88.9812,9,flicker
88.9813,171897,flicker
88.9852,171210,flicker
88.9894,171469,flicker
88.9939,171327,flicker
88.9976,171482,flicker
89.0018,171679,flicker
89.0058,171556,flicker
89.0108,171352,flicker
89.0140,171405,flicker
89.0180,171585,flicker
89.0221,171852,flicker
89.0263,171722,flicker
89.0304,171021,flicker
89.0344,170540,flicker
89.0386,171467,flicker
89.0429,171952,flicker
89.0467,171572,flicker
89.0508,171498,flicker
89.0551,171478,flicker
89.0592,171795,flicker
89.0631,171452,flicker
89.0672,171802,flicker
89.0719,171657,flicker
89.0754,171346,flicker
89.0795,171769,flicker
89.0836,171229,flicker
89.0878,171687,flicker
89.0919,171547,flicker
89.0959,171435,flicker
89.1000,171976,flicker
89.1010,17,flicker
89.1042,1625,flicker
89.1054,17165,flicker
89.1087,6,flicker
89.1092,172203,flicker
89.1122,171501,flicker
89.1164,171409,flicker
89.1204,171565,flicker
89.1251,171266,flicker
89.1287,171670,flicker
89.1327,171256,flicker
89.1368,171401,flicker
89.1426,7119,flicker
89.1466,171282,flicker
89.1491,171374,flicker
89.1532,171137,flicker
89.1574,15,flicker
89.1619,171269,flicker
89.1655,171716,flicker
89.1697,171251,flicker
89.1751,160,flicker
89.1778,171741,flicker
89.1824,171580,flicker
89.1860,171329,flicker
89.1916,750,flicker
89.1950,171185,flicker
89.1984,171327,flicker
89.2024,171382,flicker
89.2066,171384,flicker
89.2107,171767,flicker
89.2148,171922,flicker
89.2187,171130,flicker
89.2228,171360,flicker
89.2276,171317,flicker
89.2296,17,flicker
89.2311,1481,flicker
89.2325,17159,flicker
89.2351,9,flicker
89.2362,171048,flicker
89.2393,172116,flicker
89.2442,171731,flicker
89.2474,171330,flicker
89.2515,171391,flicker
89.2557,171690,flicker
89.2607,171783,flicker
89.2638,171818,flicker
89.2678,171378,flicker
89.2721,171842,flicker
89.2763,171706,flicker
89.2802,171567,flicker
89.2842,171861,flicker
89.2886,171826,flicker
89.2937,171116,flicker
89.2966,171391,flicker
89.3006,171548,flicker
89.3052,171617,flicker
89.3104,171190,flicker
89.3131,171614,flicker
89.3171,171729,flicker
89.3214,171469,flicker
89.3254,171977,flicker
89.3294,171203,flicker
89.3334,171382,flicker
89.3376,171551,flicker
89.3417,172038,flicker
89.3457,171196,flicker
89.3498,171426,flicker
89.3539,171708,flicker
89.3552,1,flicker
89.3590,1136,flicker
89.3603,1712,flicker
89.3622,63,flicker
89.3634,171346,flicker
89.3663,171372,flicker
89.3702,171547,flicker
89.3760,7,flicker
89.3791,171715,flicker
89.3826,171301,flicker
89.3866,171119,flicker
89.3925,1,flicker
89.3954,171540,flicker
89.3989,171520,flicker
89.4030,171537,flicker
89.4073,71666,flicker
89.4112,171107,flicker
89.4162,171337,flicker
89.4195,171357,flicker
89.4249,7136,flicker
89.4289,171599,flicker
89.4318,171661,flicker
89.4358,171415,flicker
89.4412,7182,flicker
89.4457,171461,flicker
89.4481,171698,flicker
89.4522,171603,flicker
89.4575,1110,flicker
89.4621,171058,flicker
89.4645,171693,flicker
89.4686,171386,flicker
89.4728,171717,flicker
89.4769,171787,flicker
89.4810,171802,flicker
89.4825,1,flicker
89.4850,71132,flicker
89.4862,1715,flicker
89.4891,01,flicker
89.4906,171123,flicker
89.4932,170883,flicker
89.4972,171311,flicker
89.5013,171257,flicker
89.5055,171486,flicker
89.5096,171578,flicker
89.5137,171486,flicker
89.5178,171311,flicker
89.5221,171589,flicker
89.5264,171961,flicker
89.5301,171262,flicker
89.5341,171624,flicker
89.5385,171997,flicker
89.5428,171340,flicker
89.5464,171597,flicker
89.5505,171234,flicker
89.5547,171086,flicker
89.5595,171034,flicker
89.5629,171871,flicker
89.5670,171668,flicker
89.5711,171255,flicker
89.5751,171835,flicker
89.5794,171329,flicker
89.5834,171181,flicker
89.5874,171265,flicker
89.5926,171705,flicker
89.5957,171412,flicker
89.5998,171298,flicker
89.6037,171571,flicker
89.6098,7,flicker
89.6127,171730,flicker
89.6139,171,flicker
89.6160,477,flicker
89.6172,171558,flicker
89.6202,171604,flicker
89.6261,72,flicker
89.6290,171655,flicker
89.6327,171877,flicker
89.6366,171945,flicker
89.6407,712,flicker
89.6448,171060,flicker
89.6490,171542,flicker
89.6529,171482,flicker
89.6583,74,flicker
89.6618,171226,flicker
89.6652,172019,flicker
89.6693,171591,flicker
89.6754,374,flicker
89.6782,171459,flicker
89.6829,171151,flicker
89.6857,171454,flicker
89.6947,171611,flicker
89.6979,171593,flicker
89.7020,171916,flicker
89.7065,17159,flicker
89.7103,171211,flicker
89.7143,171545,flicker
89.7184,171083,flicker
89.7226,170931,flicker
89.7267,171060,flicker
89.7308,171792,flicker
89.7348,171479,flicker
89.7390,171742,flicker
89.7413,17,flicker
89.7431,1405,flicker
89.7444,17099,flicker
89.7471,6,flicker
89.7472,171320,flicker
89.7512,171512,flicker
89.7555,171439,flicker
89.7599,171182,flicker
89.7635,171908,flicker
89.7675,171812,flicker
89.7718,171436,flicker
89.7762,171245,flicker
89.7799,171511,flicker
89.7839,171170,flicker
89.7882,171369,flicker
89.7935,171484,flicker
89.7964,171635,flicker
89.8004,171422,flicker
89.8049,171561,flicker
89.8092,171512,flicker
89.8128,170884,flicker
89.8167,171372,flicker
89.8209,171758,flicker
89.8257,171509,flicker
89.8290,171672,flicker
89.8331,171132,flicker
89.8376,171721,flicker
89.8414,171321,flicker
89.8455,171600,flicker
89.8495,170941,flicker
89.8536,171625,flicker
89.8578,112,flicker
89.8634,171495,flicker
89.8660,171507,flicker
89.8671,17,flicker
89.8700,1426,flicker
89.8712,17134,flicker
89.8741,8,flicker
89.8743,76,flicker
89.8782,171626,flicker
89.8823,171788,flicker
89.8863,171358,flicker
89.8922,7167,flicker
89.8946,171664,flicker
89.8988,171145,flicker
89.9028,171590,flicker
89.9069,7162,flicker
89.9111,170756,flicker
89.9156,172019,flicker
89.9191,171547,flicker
89.9246,171530,flicker
89.9276,171790,flicker
89.9314,171332,flicker
89.9355,171736,flicker
89.9421,1,flicker
89.9452,171285,flicker
89.9484,171682,flicker
89.9519,171214,flicker
89.9561,171665,flicker
89.9603,171447,flicker
89.9642,171814,flicker
89.9683,171596,flicker
89.9724,171869,flicker
89.9765,171376,flicker
89.9806,171685,flicker
89.9846,171500,flicker
89.9887,172008,flicker
89.9932,171783,flicker
89.9943,17,flicker
89.9970,1593,flicker
89.9982,17109,flicker
90.0010,9,flicker
90.0026,171582,flicker
90.0053,171662,flicker
90.0098,171788,flicker
90.0135,171573,flicker
90.0174,171532,flicker
90.0217,171670,flicker
90.0261,171251,flicker
90.0298,170989,flicker
90.0339,171869,flicker
90.0381,171404,flicker
90.0429,171656,flicker
90.0461,171500,flicker
90.0502,171849,flicker
90.0548,171280,flicker
90.0589,171633,flicker
90.0625,171432,flicker
90.0666,171793,flicker
90.0709,171505,flicker
90.0759,171166,flicker
90.0789,171667,flicker
90.0830,171380,flicker
90.0871,171847,flicker
90.0913,171324,flicker
90.0953,171114,flicker
90.0994,171249,flicker
90.1034,171852,flicker
90.1076,71631,flicker
90.1124,171173,flicker
90.1157,170891,flicker
90.1198,171878,flicker
90.1216,1,flicker
90.1254,16417,flicker
90.1298,5,flicker
90.1312,171718,flicker
90.1321,172069,flicker
90.1362,171546,flicker
90.1404,677,flicker
90.1474,171903,flicker
90.1485,171409,flicker
90.1526,171615,flicker
90.1609,171450,flicker
90.1649,171669,flicker
90.1690,171392,flicker
90.1745,703,flicker
90.1785,171719,flicker
90.1813,171275,flicker
90.1854,171197,flicker
90.1896,171789,flicker
90.1939,171132,flicker
90.1977,171228,flicker
90.2018,171208,flicker
90.2059,171752,flicker
90.2102,171723,flicker
90.2141,171603,flicker
90.2181,171413,flicker
90.2222,171721,flicker
90.2263,171663,flicker
90.2304,171658,flicker
90.2345,171119,flicker
90.2389,171286,flicker
90.2429,171254,flicker
90.2468,171471,flicker
90.2485,1,flicker
90.2509,71234,flicker
90.2522,1713,flicker
90.2552,87,flicker
90.2568,170653,flicker
90.2602,171523,flicker
90.2632,171111,flicker
90.2673,171173,flicker
90.2716,171426,flicker
90.2755,170862,flicker
90.2796,171129,flicker
90.2836,171502,flicker
90.2879,171142,flicker
90.2933,171629,flicker
90.2960,171482,flicker
90.3001,171128,flicker
90.3047,171407,flicker
90.3085,171383,flicker
90.3123,171776,flicker
90.3164,171622,flicker
90.3206,171130,flicker
90.3250,171538,flicker
90.3287,171502,flicker
90.3328,171744,flicker
90.3369,171349,flicker
90.3416,171469,flicker
90.3453,171664,flicker
90.3492,171987,flicker
90.3533,170903,flicker
90.3575,71672,flicker
90.3627,171495,flicker
90.3657,171995,flicker
90.3697,171814,flicker
90.3738,71997,flicker
90.3788,171050,flicker
90.3802,171,flicker
90.3820,655,flicker
90.3839,171721,flicker
90.3861,171661,flicker
90.3943,171430,flicker
90.3985,171492,flicker
90.4024,171688,flicker
90.4084,7175,flicker
90.4106,171857,flicker
90.4152,171335,flicker
90.4189,171306,flicker
90.4230,171502,flicker
90.4272,171856,flicker
90.4312,171723,flicker
90.4352,171324,flicker
90.4393,171651,flicker
90.4435,171521,flicker
90.4475,171531,flicker
90.4516,171634,flicker
90.4557,171704,flicker
90.4600,171982,flicker
90.4639,171403,flicker
90.4680,171175,flicker
90.4722,171157,flicker
90.4765,171189,flicker
90.4802,171392,flicker
90.4843,171550,flicker
90.4886,171197,flicker
90.4927,171108,flicker
90.4967,170918,flicker
90.5008,171481,flicker
90.5051,171237,flicker
90.5067,171,flicker
90.5090,937,flicker
90.5102,171544,flicker
90.5131,171392,flicker
90.5171,171495,flicker
90.5217,171299,flicker
90.5255,171821,flicker
90.5294,171957,flicker
90.5335,171435,flicker
90.5377,171340,flicker
90.5429,171616,flicker
90.5458,171770,flicker
90.5499,171551,flicker
90.5542,171704,flicker
90.5634,171255,flicker
90.5663,170932,flicker
90.5704,171277,flicker
90.5753,171741,flicker
90.5787,170898,flicker
90.5827,171524,flicker
90.5867,171581,flicker
90.5909,71330,flicker
90.5954,171987,flicker
90.5992,171286,flicker
90.6032,171814,flicker
90.6073,161,flicker
90.6113,171592,flicker
90.6161,171556,flicker
90.6195,171807,flicker
90.6253,71,flicker
90.6292,171497,flicker
90.6320,171276,flicker
90.6336,170,flicker
90.6359,897,flicker
90.6373,171580,flicker
90.6402,118,flicker
90.6453,170826,flicker
90.6482,171767,flicker
90.6523,171634,flicker
90.6578,1137,flicker
90.6607,171464,flicker
90.6647,171847,flicker
90.6687,171005,flicker
90.6728,171773,flicker
90.6772,171518,flicker
90.6810,171324,flicker
90.6851,171534,flicker
90.6893,171463,flicker
90.6936,170882,flicker
90.6974,171776,flicker
90.7014,171413,flicker
90.7056,171663,flicker
90.7098,171131,flicker
90.7137,170842,flicker
90.7178,171549,flicker
90.7220,171702,flicker
90.7265,171576,flicker
90.7302,171874,flicker
90.7342,171343,flicker
90.7385,171638,flicker
90.7431,171209,flicker
90.7465,171454,flicker
90.7506,171273,flicker
90.7549,171188,flicker
90.7597,171697,flicker
90.7609,17,flicker
90.7629,1956,flicker
90.7639,17157,flicker
90.7670,6,flicker
90.7670,171261,flicker
90.7715,171147,flicker
90.7753,171631,flicker
90.7794,171551,flicker
90.7835,171760,flicker
90.7882,171480,flicker
90.7917,171565,flicker
90.7956,171560,flicker
90.7997,171784,flicker
90.8038,171953,flicker
90.8080,75,flicker
90.8128,171358,flicker
90.8168,171524,flicker
90.8202,171411,flicker
90.8251,171388,flicker
90.8284,171460,flicker
90.8325,170901,flicker
90.8366,171411,flicker
90.8407,171769,flicker
90.8449,171701,flicker
90.8489,171250,flicker
90.8530,171385,flicker
90.8571,71391,flicker
90.8614,171900,flicker
90.8666,172051,flicker
90.8695,171893,flicker
90.8747,71585,flicker
90.8778,171799,flicker
90.8825,171550,flicker
90.8858,171908,flicker
90.8867,17,flicker
90.8941,171423,flicker
90.8987,171187,flicker
90.9023,171846,flicker
90.9064,172075,flicker
90.9104,171951,flicker
90.9144,171744,flicker
90.9185,171561,flicker
90.9227,171514,flicker
90.9275,171395,flicker
90.9308,171481,flicker
90.9349,171850,flicker
90.9390,171793,flicker
90.9439,171373,flicker
90.9472,171158,flicker
90.9513,172000,flicker
90.9555,171772,flicker
90.9595,171497,flicker
90.9636,171152,flicker
90.9676,171294,flicker
90.9719,171749,flicker
90.9763,171802,flicker
90.9800,171075,flicker
90.9840,171573,flicker
90.9883,171402,flicker
90.9925,171784,rest
90.9964,171635,rest
91.0004,171489,rest
91.0047,171717,rest
91.0098,171383,rest
91.0128,171656,rest
91.0138,1,rest
91.0168,71062,rest
91.0182,1717,rest
91.0211,34,rest
91.0222,172048,rest
91.0265,171571,rest
91.0291,171989,rest
91.0332,171342,rest
91.0373,171612,rest
91.0415,711,rest
91.0486,171029,rest
91.0498,171277,rest
91.0537,171901,rest
91.0583,171882,rest
91.0620,171428,rest
91.0661,171657,rest
91.0701,171595,rest
91.0757,171207,rest
91.0782,171738,rest
91.0823,171292,rest
91.0864,171306,rest
91.0962,171019,rest
91.0993,171638,rest
91.1029,171248,rest
91.1070,702,rest
91.1117,171253,rest
91.1152,171522,rest
91.1192,171395,rest
91.1234,71686,rest
91.1285,171777,rest
91.1315,170872,rest
91.1356,171695,rest
91.1397,172067,rest
91.1413,1,rest
91.1440,71667,rest
91.1452,1711,rest
91.1479,88,rest
91.1496,171294,rest
91.1521,171375,rest
91.1561,171440,rest
91.1602,171599,rest
91.1642,171445,rest
91.1683,171668,rest
91.1726,170720,rest
91.1767,171522,rest
91.1806,171451,rest
91.1847,171773,rest
91.1890,171759,rest
91.1931,171238,rest
91.1971,171837,rest
91.2013,171554,rest
91.2055,171088,rest
91.2098,171484,rest
91.2135,171122,rest
91.2176,171167,rest
91.2218,171319,rest
91.2259,171394,rest
91.2298,171466,rest
91.2339,171294,rest
91.2381,171198,rest
91.2430,170813,rest
91.2462,171611,rest
91.2503,171683,rest
91.2546,171122,rest
91.2587,171505,rest
91.2626,171413,rest
91.2666,171154,rest
91.2678,1,rest
91.2709,71423,rest
91.2721,171,rest
91.2750,216,rest
91.2772,171549,rest
91.2790,171740,rest
91.2830,172008,rest
91.2872,171724,rest
91.2960,171263,rest
91.2996,171728,rest
91.3035,171485,rest
91.3087,719,rest
91.3127,171657,rest
91.3159,171579,rest
91.3200,171868,rest
91.3241,71464,rest
91.3283,171993,rest
91.3325,171361,rest
91.3363,171091,rest
91.3417,745,rest
91.3450,171672,rest
91.3487,170649,rest
91.3527,171074,rest
91.3569,76,rest
91.3620,171514,rest
91.3650,171441,rest
91.3691,171406,rest
91.3743,17130,rest
91.3778,171335,rest
91.3814,171756,rest
91.3855,171160,rest
91.3896,171754,rest
91.3938,171776,rest
91.3977,171902,rest
91.3989,171,rest
91.4018,534,rest
91.4034,171422,rest
91.4060,171657,rest
91.4108,170952,rest
91.4141,170890,rest
91.4182,171313,rest
91.4223,171692,rest
91.4271,171161,rest
91.4305,171325,rest
91.4346,171476,rest
91.4388,171441,rest
91.4428,171560,rest
91.4469,171615,rest
91.4510,171030,rest
91.4552,170899,rest
91.4596,171383,rest
91.4633,171177,rest
91.4674,171568,rest
91.4717,171196,rest
91.4761,170922,rest
91.4797,171296,rest
91.4837,171179,rest
91.4881,171300,rest
91.4919,171407,rest
91.4962,171302,rest
91.5003,171320,rest
91.5045,171583,rest
91.5086,171975,rest
91.5124,171633,rest
91.5165,171533,rest
91.5206,170956,rest
91.5263,171192,rest
91.5274,171,rest
91.5288,614,rest
91.5304,17141,rest
91.5329,3,rest
91.5329,171185,rest
91.5370,171581,rest
91.5418,171462,rest
91.5453,171657,rest
91.5494,171136,rest
91.5535,171462,rest
91.5592,718,rest
91.5617,171594,rest
91.5657,171707,rest
91.5697,171731,rest
91.5740,17,rest
91.5783,171904,rest
91.5827,171236,rest
91.5862,171338,rest
91.5903,51,rest
91.5947,171565,rest
91.5985,171903,rest
91.6025,171785,rest
91.6067,705,rest
91.6117,171708,rest
91.6149,171678,rest
91.6189,171833,rest
91.6246,131,rest
91.6281,171170,rest
91.6312,171493,rest
91.6353,171609,rest
91.6395,171600,rest
91.6435,171508,rest
91.6476,171797,rest
91.6517,171187,rest
91.6528,17,rest
91.6558,1120,rest
91.6575,17160,rest
91.6601,0,rest
91.6602,170993,rest
91.6641,171846,rest
91.6681,171552,rest
91.6722,171327,rest
91.6763,171194,rest
91.6803,171622,rest
91.6844,171407,rest
91.6887,171450,rest
91.6926,171287,rest
91.6967,171272,rest
91.7008,171262,rest
91.7051,171359,rest
91.7101,171468,rest
91.7132,171511,rest
91.7172,171398,rest
91.7216,171202,rest
91.7257,171507,rest
91.7296,171865,rest
91.7336,170953,rest
91.7380,171422,rest
91.7430,171051,rest
91.7459,172002,rest
91.7500,171336,rest
91.7543,171207,rest
91.7586,171319,rest
91.7623,171697,rest
91.7663,171507,rest
91.7705,171496,rest
91.7751,170954,rest
91.7788,171388,rest
91.7799,17,rest
91.7828,0772,rest
91.7844,17122,rest
91.7868,8,rest
91.7869,171277,rest
91.7929,71243,rest
91.7950,171325,rest
91.7993,171505,rest
91.8032,171394,rest
91.8074,712,rest
91.8134,171580,rest
91.8160,171837,rest
91.8196,171771,rest
91.8249,713,rest
91.8287,171258,rest
91.8319,171797,rest
91.8360,171450,rest
91.8402,7056,rest
91.8457,171418,rest
91.8485,171885,rest
91.8524,171826,rest
91.8579,178,rest
91.8606,171269,rest
91.8648,171768,rest
91.8688,171908,rest
91.8730,171736,rest
91.8769,171237,rest
91.8810,171267,rest
91.8852,171491,rest
91.8893,171882,rest
91.8933,171962,rest
91.8974,171740,rest
91.9015,171532,rest
91.9057,171022,rest
91.9067,17,rest
91.9098,1324,rest
91.9109,1713,rest
91.9138,51,rest
91.9153,171622,rest
91.9179,171084,rest
91.9224,171356,rest
91.9269,171362,rest
91.9302,171263,rest
91.9343,170789,rest
91.9385,170724,rest
91.9430,171450,rest
91.9467,171337,rest
91.9508,171171,rest
91.9551,171032,rest
91.9603,171359,rest
91.9631,171200,rest
91.9671,171150,rest
91.9713,171252,rest
91.9767,171295,rest
91.9794,171663,rest
91.9834,171402,rest
91.9877,171368,rest
91.9923,171421,rest
91.9957,171089,rest
91.9998,171550,rest
92.0039,170842,rest
92.0094,171443,rest
92.0121,171072,rest
92.0162,170936,rest
92.0203,171496,rest
92.0244,171346,rest
92.0285,171476,rest
92.0326,170973,rest
92.0342,1,rest
92.0367,71242,rest
92.0379,1718,rest
92.0408,9,rest
92.0425,171075,rest
92.0451,171218,rest
92.0491,171304,rest
92.0532,171782,rest
92.0584,1,rest
92.0616,171566,rest
92.0655,171630,rest
92.0695,170965,rest
92.0737,1,rest
92.0789,171408,rest
92.0818,171818,rest
92.0859,171575,rest
92.0900,7127,rest
92.0953,171166,rest
92.0983,171026,rest
92.1023,171163,rest
92.1080,171231,rest
92.1105,171125,rest
92.1145,171385,rest
92.1187,171504,rest
92.1228,171562,rest
92.1271,171048,rest
92.1309,171452,rest
92.1350,171316,rest
92.1392,170707,rest
92.1433,171115,rest
92.1473,171443,rest
92.1514,171480,rest
92.1555,171558,rest
92.1599,171458,rest
92.1612,1,rest
92.1637,71943,rest
92.1649,1716,rest
92.1678,51,rest
92.1688,171406,rest
92.1719,171220,rest
92.1764,171077,rest
92.1800,171367,rest
92.1842,171040,rest
92.1884,170878,rest
92.1931,171151,rest
92.1964,171644,rest
92.2005,170847,rest
92.2048,171511,rest
92.2098,171298,rest
92.2128,171456,rest
92.2169,171275,rest
92.2211,171228,rest
92.2267,171150,rest
92.2293,171538,rest
92.2333,171218,rest
92.2379,171401,rest
92.2419,171765,rest
92.2456,171513,rest
92.2496,171546,rest
92.2538,171340,rest
92.2594,171232,rest
92.2621,171320,rest
92.2662,171374,rest
92.2702,171084,rest
92.2744,171389,rest
92.2785,171300,rest
92.2825,171471,rest
92.2865,171528,rest
92.2880,1,rest
92.2907,1258,rest
92.2916,171 ,rest
92.2953,99,rest
92.2970,171483,rest
92.2991,171145,rest
92.3030,171957,rest
92.3070,71391,rest
92.3118,171806,rest
92.3154,171231,rest
92.3194,171405,rest
92.3234,70943,rest
92.3282,171152,rest
92.3317,171686,rest
92.3358,171255,rest
92.3446,171454,rest
92.3480,171480,rest
92.3520,171483,rest
92.3562,170984,rest
92.3604,171784,rest
92.3643,171822,rest
92.3684,171323,rest
92.3726,171342,rest
92.3767,171366,rest
92.3807,170704,rest
92.3848,171627,rest
92.3890,171586,rest
92.3930,170894,rest
92.3972,171618,rest
92.4012,171383,rest
92.4055,171543,rest
92.4102,171575,rest
92.4135,171337,rest
92.4176,171513,rest
92.4187,171,rest
92.4219,553,rest
92.4232,171293,rest
92.4271,171320,rest
92.4301,171569,rest
92.4341,171791,rest
92.4384,171322,rest
92.4434,171531,rest
92.4463,171405,rest
92.4503,171580,rest
92.4549,171396,rest
92.4602,171619,rest
92.4627,171563,rest
92.4668,171588,rest
92.4710,171108,rest
92.4750,171739,rest
92.4790,171936,rest
92.4832,170977,rest
92.4872,171361,rest
92.4913,71690,rest
92.4963,171729,rest
92.4995,171717,rest
92.5036,171658,rest
92.5079,734,rest
92.5128,172031,rest
92.5159,171552,rest
92.5200,171744,rest
92.5245,71385,rest
92.5282,171729,rest
92.5323,171809,rest
92.5364,171502,rest
92.5406,71,rest
92.5457,171554,rest
92.5474,171,rest
92.5487,192,rest
92.5501,171550,rest
92.5528,171773,rest
92.5570,148,rest
92.5621,171422,rest
92.5651,171486,rest
92.5693,171111,rest
92.5782,172033,rest
92.5814,171375,rest
92.5855,171467,rest
92.5897,171249,rest
92.5943,171340,rest
92.5978,171498,rest
92.6019,171436,rest
92.6061,171605,rest
92.6108,171525,rest
92.6142,171677,rest
92.6183,171762,rest
92.6224,171340,rest
92.6269,171898,rest
92.6306,171494,rest
92.6347,171014,rest
92.6390,171417,rest
92.6432,171411,rest
92.6470,171489,rest
92.6510,171864,rest
92.6552,171128,rest
92.6596,171897,rest
92.6633,171395,rest
92.6674,171257,rest
92.6718,171349,rest
92.6729,17,rest
92.6762,1216,rest
92.6774,17161,rest
92.6797,4,rest
92.6798,171509,rest
92.6838,171809,rest
92.6882,171532,rest
92.6927,171509,rest
92.6962,171286,rest
92.7002,171674,rest
92.7052,171421,rest
92.7099,171290,rest
92.7125,171459,rest
92.7166,172055,rest
92.7208,171865,rest
92.7248,171908,rest
92.7289,171664,rest
92.7330,171282,rest
92.7371,171099,rest
92.7413,75,rest
92.7457,171656,rest
92.7496,171597,rest
92.7535,171540,rest
92.7576,71321,rest
92.7627,171478,rest
92.7658,171639,rest
92.7698,171261,rest
92.7741,71,rest
92.7781,171427,rest
92.7823,171513,rest
92.7863,171689,rest
92.7904,776,rest
92.7955,172108,rest
92.7987,170919,rest
92.8001,17,rest
92.8026,1400,rest
92.8037,17193,rest
92.8069,177,rest
92.8123,171650,rest
92.8155,171446,rest
92.8191,171581,rest
92.8243,71342,rest
92.8273,171330,rest
92.8326,171383,rest
92.8355,171664,rest
92.8395,171374,rest
92.8437,171530,rest
92.8477,171313,rest
92.8517,171895,rest
92.8559,171404,rest
92.8609,171481,rest
92.8640,171594,rest
92.8682,171433,rest
92.8723,171040,rest
92.8766,171549,rest
92.8805,171714,rest
92.8846,171563,rest
92.8886,171426,rest
92.8932,171370,rest
92.8969,171534,rest
92.9009,170985,rest
92.9052,171657,rest
92.9096,171575,rest
92.9133,171837,rest
92.9173,171321,rest
92.9216,171229,rest
92.9263,171250,rest
92.9274,1,rest
92.9296,71478,rest
92.9313,1714,rest
92.9337,25,rest
92.9350,171331,rest
92.9382,171465,rest
92.9421,171366,rest
92.9460,171912,rest
92.9500,171281,rest
92.9544,171625,rest
92.9591,171313,rest
92.9623,171730,rest
92.9664,171889,rest
92.9705,171057,rest
92.9748,171905,rest
92.9787,171283,rest
92.9828,171819,rest
92.9869,171846,rest
92.9914,171471,rest
92.9952,171455,rest
92.9992,171689,rest
93.0033,171375,rest
93.0075,724,rest
93.0122,171324,rest
93.0158,171515,rest
93.0197,171893,rest
93.0249,716,rest
93.0279,171905,rest
93.0328,171415,rest
93.0362,171492,rest
93.0403,713,rest
93.0447,171679,rest
93.0484,171429,rest
93.0525,171357,rest
93.0540,1,rest
93.0578,71471,rest
93.0608,0,rest
93.0624,171359,rest
93.0665,171465,rest
93.0689,171192,rest
93.0731,171801,rest
93.0770,171153,rest
93.0812,171671,rest
93.0852,171656,rest
93.0895,171390,rest
93.0936,171288,rest
93.0975,171701,rest
93.1016,171384,rest
93.1058,171409,rest
93.1099,172059,rest
93.1139,172108,rest
93.1180,171549,rest
93.1221,171775,rest
93.1262,171698,rest
93.1303,171560,rest
93.1344,171897,rest
93.1388,171791,rest
93.1433,171473,rest
93.1467,171703,rest
93.1507,171698,rest
93.1552,171555,rest
93.1601,171427,rest
93.1630,171511,rest
93.1672,171634,rest
93.1715,171702,rest
93.1760,170990,rest
93.1796,172019,rest
93.1810,1,rest
93.1836,71275,rest
93.1848,1720,rest
93.1878,03,rest
93.1894,171935,rest
93.1919,171622,rest
93.1958,171771,rest
93.1999,171253,rest
93.2041,171764,rest
93.2094,171467,rest
93.2122,171525,rest
93.2163,171532,rest
93.2204,171429,rest
93.2262,7145,rest
93.2326,170933,rest
93.2328,171048,rest
93.2368,171670,rest
93.2454,171430,rest
93.2491,171218,rest
93.2532,171291,rest
93.2573,71612,rest
93.2640,171269,rest
93.2656,171809,rest
93.2695,171072,rest
93.2783,171155,rest
93.2818,171550,rest
93.2859,170957,rest
93.2901,71037,rest
93.2950,171189,rest
93.2984,171003,rest
93.3023,171744,rest
93.3065,171696,rest
93.3076,1,rest
93.3106,71977,rest
93.3121,1713,rest
93.3146,23,rest
93.3158,171250,rest
93.3187,171146,rest
93.3229,171327,rest
93.3269,171351,rest
93.3310,171657,rest
93.3351,171497,rest
93.3392,171924,rest
93.3435,171426,rest
93.3474,171762,rest
93.3514,171535,rest
93.3557,171132,rest
93.3603,171747,rest
93.3637,171338,rest
93.3678,170846,rest
93.3719,170957,rest
93.3762,171274,rest
93.3803,171760,rest
93.3842,171899,rest
93.3885,171814,rest
93.3929,171363,rest
93.3965,171615,rest
93.4006,171592,rest
93.4048,171586,rest
93.4097,171454,rest
93.4130,171701,rest
93.4171,171363,rest
93.4213,171240,rest
93.4258,171966,rest
93.4293,171349,rest
93.4334,170953,rest
93.4380,172591,rest
93.4398,171,rest
93.4416,606,rest
93.4429,171659,rest
93.4457,171446,rest
93.4498,171512,rest
93.4539,171605,rest
93.4587,171618,rest
93.4621,171688,rest
93.4662,171206,rest
93.4702,171313,rest
93.4744,71191,rest
93.4790,171358,rest
93.4827,171651,rest
93.4867,171741,rest
93.4920,7161,rest
93.4961,171499,rest
93.4990,171326,rest
93.5030,171957,rest
93.5072,7133,rest
93.5118,171481,rest
93.5154,171843,rest
93.5194,171982,rest
93.5252,719,rest
93.5288,171524,rest
93.5318,171049,rest
93.5359,170872,rest
93.5399,72193,rest
93.5453,171662,rest
93.5481,171544,rest
93.5522,171327,rest
93.5564,170847,rest
93.5604,171300,rest
93.5645,171266,rest
93.5655,172,rest
93.5685,186,rest
93.5699,171421,rest
93.5727,171729,rest
93.5767,171408,rest
93.5808,171677,rest
93.5849,171464,rest
93.5890,172338,rest
93.5934,171947,rest
93.5972,171514,rest
93.6013,172045,rest
93.6054,172066,rest
93.6101,171633,rest
93.6136,172019,rest
93.6177,171939,rest
93.6219,171992,rest
93.6260,171630,rest
93.6300,171757,rest
93.6341,171325,rest
93.6384,171550,rest
93.6426,171301,rest
93.6464,171603,rest
93.6504,171440,rest
93.6547,170997,rest
93.6591,171147,rest
93.6628,171824,rest
93.6668,171589,rest
93.6711,171716,rest
93.6754,171019,rest
93.6792,171320,rest
93.6832,171674,rest
93.6874,171349,rest
93.6931,170978,rest
93.6943,17,rest
93.6956,1313,rest
93.6967,17136,rest
93.6996,2,rest
93.6997,171852,rest
93.7037,171625,rest
93.7097,71440,rest
93.7125,171666,rest
93.7160,171279,rest
93.7201,171609,rest
93.7243,717,rest
93.7288,171268,rest
93.7324,171366,rest
93.7365,171444,rest
93.7426,71,rest
93.7448,171876,rest
93.7488,171379,rest
93.7528,171363,rest
93.7581,718,rest
93.7616,171488,rest
93.7652,171566,rest
93.7692,171560,rest
93.7749,73,rest
93.7776,171628,rest
93.7816,171490,rest
93.7857,171872,rest
93.7914,71015,rest
93.7939,171540,rest
93.7986,171830,rest
93.8020,171428,rest
93.8062,171508,rest
93.8106,172045,rest
93.8143,171107,rest
93.8184,171355,rest
93.8198,17,rest
93.8226,1295,rest
93.8236,17157,rest
93.8266,2,rest
93.8266,171627,rest
93.8307,171428,rest
93.8348,171856,rest
93.8389,171303,rest
93.8430,171797,rest
93.8471,171320,rest
93.8513,171333,rest
93.8555,171270,rest
93.8601,171454,rest
93.8635,171510,rest
93.8676,171638,rest
93.8719,171650,rest
93.8766,171760,rest
93.8798,171569,rest
93.8839,171205,rest
93.8882,171871,rest
93.8925,171235,rest
93.8962,171962,rest
93.9003,171227,rest
93.9045,171744,rest
93.9087,171609,rest
93.9126,171483,rest
93.9167,171302,rest
93.9209,171763,rest
93.9250,171699,rest
93.9290,171287,rest
93.9331,171027,rest
93.9373,172019,rest
93.9416,171890,rest
93.9455,171173,rest
93.9470,17,rest
93.9495,1409,rest
93.9506,1712,rest
93.9535,72,rest
93.9554,171447,rest
93.9594,171549,rest
93.9618,171365,rest
93.9658,172018,rest
93.9699,171601,rest
93.9752,71489,rest
93.9788,171614,rest
93.9823,170803,rest
93.9863,171369,rest
93.9905,7197,rest
93.9955,172446,rest
93.9987,171310,rest
94.0028,171166,rest
94.0081,712,rest
94.0119,170902,rest
94.0151,171564,rest
94.0191,170971,rest
94.0233,73,rest
94.0276,171504,rest
94.0315,171102,rest
94.0356,171368,rest
94.0414,3,rest
94.0437,171439,rest
94.0479,171565,rest
94.0519,171040,rest
94.0560,171603,rest
94.0601,170664,rest
94.0642,171079,rest
94.0682,171783,rest
94.0726,171552,rest
94.0729,1,rest
94.0766,71013,rest
94.0781,1713,rest
94.0805,15,rest
94.0819,171622,rest
94.0846,171610,rest
94.0887,171777,rest
94.0930,171392,rest
94.0969,171786,rest
94.1010,171225,rest
94.1054,171022,rest
94.1096,170918,rest
94.1134,171617,rest
94.1174,171328,rest
94.1218,170980,rest
94.1263,171132,rest
94.1298,171431,rest
94.1339,170993,rest
94.1382,171229,rest
94.1424,171270,rest
94.1461,171797,rest
94.1502,171440,rest
94.1545,171242,rest
94.1588,171284,rest
94.1625,171489,rest
94.1665,171582,rest
94.1708,171405,rest
94.1759,171544,rest
94.1788,171599,rest
94.1829,171417,rest
94.1870,171314,rest
94.1918,171411,rest
94.1952,171577,rest
94.1993,171189,rest
94.2008,1,rest
94.2034,71222,rest
94.2045,1711,rest
94.2075,90,rest
94.2084,170807,rest
94.2116,171127,rest
94.2157,171153,rest
94.2198,171636,rest
94.2239,71236,rest
94.2288,171583,rest
94.2322,171066,rest
94.2362,171802,rest
94.2403,71841,rest
94.2456,171168,rest
94.2493,171482,rest
94.2526,171232,rest
94.2567,7189,rest
94.2620,171456,rest
94.2649,171832,rest
94.2690,171581,rest
94.2749,17123,rest
94.2781,171440,rest
94.2812,171516,rest
94.2853,171450,rest
94.2895,171008,rest
94.2937,171523,rest
94.2981,171509,rest
94.3017,171557,rest
94.3059,170883,rest
94.3100,171303,rest
94.3140,171914,rest
94.3181,171597,rest
94.3223,171432,rest
94.3270,171298,rest
94.3279,1,rest
94.3304,71197,rest
94.3318,1714,rest
94.3345,88,rest
94.3356,171060,rest
94.3386,171818,rest
94.3434,171778,rest
94.3467,170920,rest
94.3508,171315,rest
94.3552,171230,rest
94.3598,171340,rest
94.3632,171309,rest
94.3672,171355,rest
94.3719,170422,rest
94.3756,171588,rest
94.3795,171379,rest
94.3836,171371,rest
94.3879,171385,rest
94.3923,171511,rest
94.3959,171450,rest
94.4000,171460,rest
94.4043,171451,rest
94.4098,172051,rest
94.4123,171285,rest
94.4164,170912,rest
94.4205,171121,rest
94.4247,7123,rest
94.4296,171578,rest
94.4328,171600,rest
94.4370,171023,rest
94.4411,71628,rest
94.4455,171025,rest
94.4499,171399,rest
94.4547,171120,rest
94.4595,71171,rest
94.4621,137,rest
94.4644,171181,rest
94.4656,171617,rest
94.4697,171183,rest
94.4741,171456,rest
94.4779,171294,rest
94.4819,170995,rest
94.4861,170970,rest
94.4918,71026,rest
94.4948,171639,rest
94.4983,171594,rest
94.5024,171638,rest
94.5108,171131,rest
94.5147,171768,rest
94.5188,171284,rest
94.5229,171874,rest
94.5271,171384,rest
94.5312,171604,rest
94.5352,171965,rest
94.5393,171441,rest
94.5436,171175,rest
94.5475,172065,rest
94.5516,171681,rest
94.5557,171421,rest
94.5601,171390,rest
94.5638,171795,rest
94.5679,171412,rest
94.5720,171567,rest
94.5764,170826,rest
94.5802,171519,rest
94.5843,171150,rest
94.5859,171,rest
94.5887,732,rest
94.5902,171396,rest
94.5927,171727,rest
94.5967,171520,rest
94.6008,171777,rest
94.6051,172086,rest
94.6094,171551,rest
94.6130,171413,rest
94.6171,171041,rest
94.6213,171677,rest
94.6259,171171,rest
94.6295,171798,rest
94.6336,170905,rest
94.6378,171228,rest
94.6422,171449,rest
94.6458,171600,rest
94.6498,171319,rest
94.6548,172047,rest
94.6584,171510,rest
94.6623,171599,rest
94.6663,171233,rest
94.6704,171643,rest
94.6755,171399,rest
94.6785,171533,rest
94.6826,170881,rest
94.6868,170961,rest
94.6926,7,rest
94.6974,171038,rest
94.6991,171372,rest
94.7031,171759,rest
94.7128,171319,rest
94.7144,171,rest
94.7154,406,rest
94.7166,17180,rest
94.7194,1,rest
94.7195,170875,rest
94.7288,171362,rest
94.7319,171364,rest
94.7359,171773,rest
94.7400,72,rest
94.7441,171181,rest
94.7482,171214,rest
94.7522,170405,rest
94.7584,1718,rest
94.7616,171920,rest
94.7646,171911,rest
94.7686,171135,rest
94.7728,171685,rest
94.7768,170902,rest
94.7809,171721,rest
94.7851,171193,rest
94.7892,171449,rest
94.7937,171816,rest
94.7974,171382,rest
94.8014,171284,rest
94.8055,171506,rest
94.8097,171492,rest
94.8138,171178,rest
94.8179,171407,rest
94.8221,171813,rest
94.8273,171758,rest
94.8302,171198,rest
94.8343,171706,rest
94.8385,171507,rest
94.8400,17,rest
94.8433,1652,rest
94.8442,17170,rest
94.8465,8,rest
94.8465,171465,rest
94.8506,171422,rest
94.8549,171498,rest
94.8595,171604,rest
94.8629,171240,rest
94.8670,171517,rest
94.8713,171012,rest
94.8759,171265,rest
94.8792,171318,rest
94.8833,171478,rest
94.8875,171436,rest
94.8932,171452,rest
94.8956,170970,rest
94.8997,171653,rest
94.9038,171235,rest
94.9093,171632,rest
94.9120,171281,rest
94.9161,171873,rest
94.9202,171598,rest
94.9295,171285,rest
94.9327,171905,rest
94.9368,171473,rest
94.9424,171238,rest
94.9447,171685,rest
94.9488,171567,rest
94.9530,171322,rest
94.9592,714,rest
94.9622,170772,rest
94.9654,171486,rest
94.9665,17,rest
94.9694,1487,rest
94.9710,17135,rest
94.9735,171433,rest
94.9781,171726,rest
94.9817,171646,rest
94.9857,171842,rest
94.9912,4,rest
94.9948,171230,rest
94.9981,171719,rest
95.0021,170835,rest
95.0064,17130,rest
95.0111,171474,rest
95.0144,171646,rest
95.0185,171746,rest
95.0226,171235,rest
95.0267,171715,rest
95.0308,170926,rest
95.0348,171356,rest
95.0391,171580,rest
95.0434,171514,rest
95.0472,171639,rest
95.0512,171056,rest
95.0554,171311,rest
95.0601,171346,rest
95.0636,171765,rest
95.0677,171668,rest
95.0719,170667,rest
95.0766,171220,rest
95.0799,171513,rest
95.0840,171717,rest
95.0884,171748,rest
95.0932,172074,rest
95.0948,17,rest
95.0963,1117,rest
95.0977,1713,rest
95.1004,68,rest
95.1015,172361,rest
95.1047,171295,rest
95.1094,171520,rest
95.1127,171617,rest
95.1168,170827,rest
95.1220,171578,rest
95.1254,171749,rest
95.1292,171988,rest
95.1333,171378,rest
95.1376,171188,rest
95.1415,171981,rest
95.1454,171461,rest
95.1496,171003,rest
95.1537,171497,rest
95.1583,171180,rest
95.1618,171123,rest
95.1659,171549,rest
95.1700,171647,rest
95.1742,718,rest
95.1783,170903,rest
95.1823,171303,rest
95.1865,171433,rest
95.1918,70,rest
95.1958,171766,rest
95.1997,171022,rest
95.2028,171261,rest
95.2086,16,rest
95.2122,171017,rest
95.2151,170789,rest
95.2192,171145,rest
95.2203,1,rest
95.2234,138,rest
95.2248,71,rest
95.2276,51,rest
95.2293,171405,rest
95.2315,171704,rest
95.2356,171504,rest
95.2416,17100,rest
95.2437,171245,rest
95.2480,171386,rest
95.2520,171486,rest
95.2561,171720,rest
95.2604,171829,rest
95.2643,171892,rest
95.2683,171621,rest
95.2725,171407,rest
95.2765,171801,rest
95.2808,171950,rest
95.2847,171136,rest
95.2889,171378,rest
95.2931,171342,rest
95.2972,171925,rest
95.3012,171571,rest
95.3053,171698,rest
95.3103,172204,rest
95.3135,171960,rest
95.3175,171908,rest
95.3219,171555,rest
95.3273,171491,rest
95.3298,171127,rest
95.3338,171887,rest
95.3383,171514,rest
95.3422,171836,rest
95.3464,171634,rest
95.3476,1,rest
95.3504,71474,rest
95.3513,1715,rest
95.3545,61,rest
95.3557,171113,rest
95.3601,171240,rest
95.3625,171554,rest
95.3666,171472,rest
95.3708,171456,rest
95.3756,171791,rest
95.3791,171696,rest
95.3831,171374,rest
95.3873,171606,rest
95.3913,171449,rest
95.3953,171565,rest
95.3994,171148,rest
95.4035,171737,rest
95.4121,171676,rest
95.4159,171830,rest
95.4199,171408,rest
95.4240,71350,rest
95.4284,171480,rest
95.4327,171536,rest
95.4372,171615,rest
95.4416,156,rest
95.4454,171331,rest
95.4487,171721,rest
95.4527,171233,rest
95.4568,677,rest
95.4609,171007,rest
95.4659,171722,rest
95.4691,171418,rest
95.4732,71036,rest
95.4749,1,rest
95.4779,1327,rest
95.4802,1717,rest
95.4814,12,rest
95.4837,171796,rest
95.4854,171563,rest
95.4896,171990,rest
95.4938,171644,rest
95.4977,171686,rest
95.5018,171471,rest
95.5059,171301,rest
95.5103,171641,rest
95.5142,171480,rest
95.5182,171703,rest
95.5223,171246,rest
95.5271,171077,rest
95.5305,171255,rest
95.5345,171160,rest
95.5387,171539,rest
95.5435,171723,rest
95.5469,171416,rest
95.5510,171477,rest
95.5553,171867,rest
95.5597,171247,rest
95.5634,171550,rest
95.5674,171615,rest
95.5717,171398,rest
95.5768,171507,rest
95.5798,171399,rest
95.5837,171791,rest
95.5882,171539,rest
95.5941,17100,rest
95.5961,171007,rest
95.6003,171553,rest
95.6044,171138,rest
95.6057,171,rest
95.6083,335,rest
95.6094,171392,rest
95.6125,172059,rest
95.6165,172106,rest
95.6206,171519,rest
95.6247,71773,rest
95.6298,171447,rest
95.6328,171337,rest
95.6370,171410,rest
95.6426,171448,rest
95.6452,171472,rest
95.6492,171611,rest
95.6533,171541,rest
95.6589,1,rest
95.6623,171256,rest
95.6656,171024,rest
95.6697,171521,rest
95.6739,71686,rest
95.6783,171334,rest
95.6826,171363,rest
95.6862,171348,rest
95.6918,7,rest
95.6945,171613,rest
95.6994,171487,rest
95.7025,171415,rest
95.7067,793,rest
95.7116,171399,rest
95.7156,171335,rest
95.7190,171611,rest
95.7231,11870,rest
95.7285,171684,rest
95.7319,171582,rest
95.7334,171,rest
95.7353,414,rest
95.7363,171599,rest
95.7395,171589,rest
95.7440,171512,rest
95.7476,171516,rest
95.7516,170899,rest
95.7558,171648,rest
95.7607,172166,rest
95.7640,171959,rest
95.7680,170969,rest
95.7724,171446,rest
95.7769,171553,rest
95.7804,171189,rest
95.7844,171548,rest
95.7886,171737,rest
95.7934,171609,rest
95.7968,171212,rest
95.8009,171794,rest
95.8052,171576,rest
95.8100,171706,rest
95.8131,172085,rest
95.8171,171538,rest
95.8214,171402,rest
95.8255,171789,rest
95.8295,171927,rest
95.8336,171771,rest
95.8380,171339,rest
95.8431,171947,rest
95.8458,171593,rest
95.8499,171545,rest
95.8546,170927,rest
95.8598,171773,rest
95.8611,171,rest
95.8623,169,rest
95.8634,171280,rest
95.8664,171974,rest
95.8705,171345,rest
95.8746,1716,rest
95.8787,170946,rest
95.8827,171979,rest
95.8868,171774,rest
95.8914,171175,rest
95.8950,171130,rest
95.8991,171487,rest
95.9032,171434,rest
95.9090,7237,rest
95.9127,171515,rest
95.9155,171606,rest
95.9196,171693,rest
95.9254,115,rest
95.9290,171655,rest
95.9325,171168,rest
95.9361,171584,rest
95.9401,182,rest
95.9442,171320,rest
95.9493,171376,rest
95.9524,171381,rest
95.9583,1,rest
95.9606,172076,rest
95.9651,171328,rest
95.9690,172122,rest
95.9728,171615,rest
95.9771,171588,rest
95.9811,171514,rest
95.9852,171556,rest
95.9866,171,rest
95.9893,788,rest
95.9904,171250,rest
95.9941,171475,rest
95.9975,171542,rest
96.0016,171684,rest
96.0058,171465,rest
96.0107,171511,rest
96.0138,171333,rest
96.0179,171510,rest
96.0220,171628,rest
96.0271,171284,rest
96.0302,170628,rest
96.0342,171438,rest
96.0386,171651,rest
96.0426,171614,rest
96.0466,171139,rest
96.0507,171530,rest
96.0549,171623,rest
96.0606,171231,rest
96.0631,171164,rest
96.0671,171769,rest
96.0716,171625,rest
96.0764,171321,rest
96.0794,171115,rest
96.0835,171363,rest
96.0876,171598,rest
96.0932,171418,rest
96.0957,171041,rest
96.0998,171334,rest
96.1042,171747,rest
96.1090,171302,rest
96.1122,170943,rest
96.1131,17,rest
96.1162,1262,rest
96.1177,17132,rest
96.1202,6,rest
96.1203,171560,rest
96.1244,171337,rest
96.1286,171545,rest
96.1327,171413,rest
96.1368,171567,rest
96.1408,71202,rest
96.1457,171909,rest
96.1491,171173,rest
96.1530,170997,rest
96.1573,71868,rest
96.1614,171457,rest
96.1667,171764,rest
96.1694,171465,rest
96.1737,7642,rest
96.1792,171518,rest
96.1820,171648,rest
96.1858,171114,rest
96.1900,7373,rest
96.1948,171472,rest
96.1998,171454,rest
96.2023,171260,rest
96.2080,17148,rest
96.2107,170931,rest
96.2146,171729,rest
96.2187,171209,rest
96.2228,171600,rest
96.2271,171548,rest
96.2309,171772,rest
96.2350,171417,rest
96.2391,171223,rest
96.2407,17,rest
96.2438,1800,rest
96.2451,17150,rest
96.2472,4,rest
96.2482,171371,rest
96.2514,171739,rest
96.2555,171155,rest
96.2600,171353,rest
96.2637,171717,rest
96.2677,171703,rest
96.2720,171221,rest
96.2760,171766,rest
96.2800,171217,rest
96.2841,171878,rest
96.2884,171615,rest
96.2934,171227,rest
96.2965,171437,rest
96.3005,171929,rest
96.3049,171350,rest
96.3103,171633,rest
96.3127,171060,rest
96.3169,171734,rest
96.3215,171481,rest
96.3267,79,rest
96.3303,171504,rest
96.3334,171411,rest
96.3382,171807,rest
96.3417,172220,rest
96.3456,172043,rest
96.3496,171694,rest
96.3540,171273,rest
96.3599,7,rest
96.3634,171739,rest
96.3662,171239,rest
96.3681,1,rest
96.3702,71316,rest
96.3718,1710,rest
96.3746,31,rest
96.3766,171276,rest
96.3785,171500,rest
96.3824,171317,rest
96.3865,171512,rest
96.3925,777,rest
96.3947,171910,rest
96.3991,171451,rest
96.4030,171448,rest
96.4084,748,rest
96.4119,171419,rest
96.4153,171750,rest
96.4193,171291,rest
96.4234,7907,rest
96.4282,171513,rest
96.4321,171229,rest
96.4357,171499,rest
96.4398,171470,rest
96.4443,171514,rest
96.4480,171585,rest
96.4521,170763,rest
96.4564,17165,rest
96.4603,171536,rest
96.4653,171669,rest
96.4685,171855,rest
96.4726,171559,rest
96.4767,171290,rest
96.4808,170995,rest
96.4848,171233,rest
96.4889,171561,rest
96.4934,171696,rest
96.4947,1,rest
96.4972,71267,rest
96.4988,1715,rest
96.5012,50,rest
96.5025,172032,rest
96.5054,171670,rest
96.5102,170974,rest
96.5135,171276,rest
96.5175,171016,rest
96.5218,171538,rest
96.5265,171644,rest
96.5300,171575,rest
96.5340,171551,rest
96.5383,170900,rest
96.5436,171062,rest
96.5462,171365,rest
96.5503,171376,rest
96.5547,171961,rest
96.5599,171667,rest
96.5627,171136,rest
96.5668,171287,rest
96.5713,171324,rest
96.5753,171353,rest
96.5792,171642,rest
96.5832,171194,rest
96.5876,171571,rest
96.5924,171107,rest
96.5954,171554,rest
96.5995,171331,rest
96.6036,171258,rest
96.6093,171481,rest
96.6118,171507,rest
96.6159,171317,rest
96.6200,171613,rest
96.6255,7145171,rest
96.6303,251,rest
96.6321,171564,rest
96.6323,171352,rest
96.6363,171024,rest
96.6404,71715,rest
96.6446,171153,rest
96.6487,171334,rest
96.6527,171208,rest
96.6571,171164,rest
96.6617,171456,rest
96.6650,170914,rest
96.6692,171393,rest
96.6750,3,rest
96.6773,171363,rest
96.6818,171322,rest
96.6855,171364,rest
96.6896,171474,rest
96.6942,171174,rest
96.6978,171657,rest
96.7019,171518,rest
96.7061,171190,rest
96.7106,170952,rest
96.7142,171308,rest
96.7182,171453,rest
96.7225,171029,rest
96.7273,171369,rest
96.7307,171398,rest
96.7348,171228,rest
96.7388,171050,rest
96.7429,171529,rest
96.7469,171015,rest
96.7510,171347,rest
96.7526,170,rest
96.7554,993,rest
96.7570,171393,rest
96.7603,170947,rest
96.7634,171222,rest
96.7674,171474,rest
96.7718,171346,rest
96.7767,171455,rest
96.7797,171522,rest
96.7838,171597,rest
96.7882,170867,rest
96.7933,171386,rest
96.7961,171091,rest
96.8002,171089,rest
96.8044,171482,rest
96.8089,171238,rest
96.8126,172037,rest
96.8166,171681,rest
96.8208,171605,rest
96.8265,171722,rest
96.8288,171535,rest
96.8330,171587,rest
96.8370,171667,rest
96.8431,7,rest
96.8460,171293,rest
96.8495,171813,rest
96.8535,171556,rest
96.8593,71,rest
96.8622,170799,rest
96.8666,171186,rest
96.8698,171159,rest
96.8740,71395,rest
96.8790,171474,rest
96.8806,17,rest
96.8826,1280,rest
96.8843,17116,rest
96.8862,5,rest
96.8862,171290,rest
96.8920,799,rest
96.8956,171309,rest
96.8991,170802,rest
96.9026,171750,rest
96.9078,7106,rest
96.9114,171112,rest
96.9151,171447,rest
96.9190,171284,rest
96.9243,75,rest
96.9281,170741,rest
96.9312,171264,rest
96.9354,171068,rest
96.9396,170822,rest
96.9443,171629,rest
96.9476,170703,rest
96.9517,171504,rest
96.9559,171282,rest
96.9605,171410,rest
96.9640,171091,rest
96.9682,171224,rest
96.9723,170943,rest
96.9769,171182,rest
96.9806,171019,rest
96.9846,171412,rest
96.9887,171329,rest
96.9927,171798,rest
96.9970,171290,rest
97.0009,171066,rest
97.0052,171528,rest
97.0064,17,rest
97.0102,1038,rest
97.0118,17114,rest
97.0132,1,rest
97.0148,171864,rest
97.0172,171389,rest
97.0216,172186,rest
97.0264,171449,rest
97.0295,171891,rest
97.0336,171891,rest
97.0379,171869,rest
97.0421,171711,rest
97.0459,171382,rest
97.0500,171109,rest
97.0542,171290,rest
97.0588,170978,rest
97.0627,171174,rest
97.0665,170899,rest
97.0705,171373,rest
97.0747,171525,rest
97.0787,171468,rest
97.0828,171495,rest
97.0869,171499,rest
97.0956,171748,rest
97.0993,171791,rest
97.1034,171506,rest
97.1074,71553,rest
97.1116,171356,rest
97.1156,170987,rest
97.1197,171428,rest
97.1238,71256,rest
97.1292,171232,rest
97.1325,171215,rest
97.1336,1,rest
97.1361,71584,rest
97.1377,1711,rest
97.1420,61713,rest
97.1450,170622,rest
97.1487,170903,rest
97.1524,171536,rest
97.1568,130,rest
97.1625,171572,rest
97.1650,171737,rest
97.1688,171257,rest
97.1732,1162,rest
97.1772,171788,rest
97.1812,171191,rest
97.1853,171909,rest
97.1893,171518,rest
97.1937,171208,rest
97.1976,171146,rest
97.2017,170645,rest
97.2058,171164,rest
97.2099,171338,rest
97.2140,171792,rest
97.2181,171250,rest
97.2221,171310,rest
97.2265,171177,rest
97.2303,171569,rest
97.2343,171298,rest
97.2388,171310,rest
97.2432,171135,rest
97.2466,171356,rest
97.2507,171610,rest
97.2551,171149,rest
97.2589,171130,rest
97.2602,1,rest
97.2631,71381,rest
97.2648,1715,rest
97.2671,93,rest
97.2685,171297,rest
97.2715,170773,rest
97.2763,170680,rest
97.2794,171427,rest
97.2835,171765,rest
97.2878,171156,rest
97.2922,170987,rest
97.2958,171219,rest
97.2999,171257,rest
97.3041,171488,rest
97.3081,71024,rest
97.3122,170978,rest
97.3167,171255,rest
97.3204,171234,rest
97.3262,170824,rest
97.3286,171267,rest
97.3326,170612,rest
97.3367,171391,rest
97.3411,7153,rest
97.3482,171335,rest
97.3490,171312,rest
97.3532,171080,rest
97.3575,7108,rest
97.3642,171457,rest
97.3654,171112,rest
97.3695,171330,rest
97.3737,71035,rest
97.3779,171510,rest
97.3819,171255,rest
97.3859,171258,rest
97.3869,1,rest
97.3901,71418,rest
97.3916,1715,rest
97.3942,09,rest
97.3954,170849,rest
97.3983,170976,rest
97.4024,171681,rest
97.4087,1713,rest
97.4106,171196,rest
97.4146,171132,rest
97.4187,171177,rest
97.4229,171836,rest
97.4269,171194,rest
97.4310,171266,rest
97.4350,170960,rest
97.4392,171491,rest
97.4433,171258,rest
97.4474,171502,rest
97.4514,171562,rest
97.4556,171299,rest
97.4601,171029,rest
97.4637,171622,rest
97.4678,171329,rest
97.4720,171517,rest
97.4760,171147,rest
97.4802,171636,rest
97.4842,171520,rest
97.4885,171409,rest
97.4932,170751,rest
97.4965,171071,rest
97.5006,171089,rest
97.5050,171601,rest
97.5094,171517,rest
97.5130,171761,rest
97.5171,171467,rest
97.5187,170,rest
97.5213,716,rest
97.5225,171304,rest
97.5253,171948,rest
97.5294,171110,rest
97.5334,170780,rest
97.5375,171435,rest
97.5417,171110,rest
97.5456,171050,rest
97.5497,170438,rest
97.5538,170896,rest
97.5580,71174,rest
97.5628,171413,rest
97.5667,171189,rest
97.5706,171268,rest
97.5744,71207,rest
97.5786,171728,rest
97.5827,171292,rest
97.5879,171619,rest
97.5917,705,rest
97.5959,171167,rest
97.5992,171559,rest
97.6030,170689,rest
97.6083,714,rest
97.6118,170202,rest
97.6160,171311,rest
97.6194,171313,rest
97.6247,71,rest
97.6282,172316,rest
97.6320,171395,rest
97.6357,171026,rest
97.6398,71463,rest
97.6447,171128,rest
97.6457,171,rest
97.6485,564,rest
97.6494,171314,rest
97.6522,171887,rest
97.6578,17290,rest
97.6604,171775,rest
97.6653,171547,rest
97.6693,171186,rest
97.6727,170888,rest
97.6771,171451,rest
97.6808,171054,rest
97.6849,171764,rest
97.6891,171305,rest
97.6936,171280,rest
97.6973,171320,rest
97.7013,171543,rest
97.7054,171042,rest
97.7099,171177,rest
97.7136,170952,rest
97.7177,171064,rest
97.7219,171206,rest
97.7262,171376,rest
97.7300,171252,rest
97.7340,171423,rest
97.7384,171454,rest
97.7428,171148,rest
97.7463,171835,rest
97.7504,171558,rest
97.7552,171870,rest
97.7600,171781,rest
97.7627,171797,rest
97.7669,171571,rest
97.7711,171469,rest
97.7725,17,rest
97.7761,1691,rest
97.7771,17143,rest
97.7792,9,rest
97.7793,171269,rest
97.7833,171494,rest
97.7876,171488,rest
97.7927,171123,rest
97.7956,171435,rest
97.7997,171635,rest
97.8037,171797,rest
97.8093,71,rest
97.8137,171388,rest
97.8160,171966,rest
97.8200,171658,rest
97.8254,713,rest
97.8290,171663,rest
97.8325,171507,rest
97.8364,171312,rest
97.8456,171498,rest
97.8491,171338,rest
97.8528,171491,rest
97.8570,71614,rest
97.8617,171689,rest
97.8654,171865,rest
97.8692,171072,rest
97.8734,15,rest
97.8774,171267,rest
97.8825,171369,rest
97.8856,171288,rest
97.8915,713,rest
97.8944,171562,rest
97.8987,171564,rest
97.9003,17,rest
97.9020,1316,rest
97.9031,17132,rest
97.9061,4,rest
97.9078,171238,rest
97.9102,170536,rest
97.9142,171199,rest
97.9183,171334,rest
97.9225,171389,rest
97.9266,171750,rest
97.9307,171602,rest
97.9348,171246,rest
97.9389,171208,rest
97.9443,171418,rest
97.9471,171127,rest
97.9513,171287,rest
97.9556,171132,rest
97.9596,171383,rest
97.9634,171675,rest
97.9675,171236,rest
97.9719,171736,rest
97.9762,171447,rest
97.9798,171294,rest
97.9839,171407,rest
97.9882,171777,rest
97.9925,171392,rest
97.9963,171291,rest
98.0004,172164,rest
98.0046,171567,rest
98.0097,171579,rest
98.0126,171464,rest
98.0167,171554,rest
98.0209,171762,rest
98.0252,171285,rest
98.0267,17,rest
98.0289,0964,rest
98.0307,1716,rest
98.0331,29,rest
98.0344,171647,rest
98.0372,171654,rest
98.0417,171748,rest
98.0454,171699,rest
98.0495,171284,rest
98.0535,171209,rest
98.0576,71418,rest
98.0626,171633,rest
98.0664,171494,rest
98.0699,170976,rest
98.0754,729,rest
98.0783,171794,rest
98.0827,171969,rest
98.0863,171667,rest
98.0905,71,rest
98.0947,171318,rest
98.0989,171552,rest
98.1035,171453,rest
98.1069,171186,rest
98.1110,171320,rest
98.1149,170631,rest
98.1190,171433,rest
98.1232,171338,rest
98.1277,170592,rest
98.1315,171381,rest
98.1355,171489,rest
98.1416,1,rest
98.1437,171505,rest
98.1478,171206,rest
98.1519,171308,rest
98.1529,1,rest
98.1559,71244,rest
98.1573,1712,rest
98.1605,84,rest
98.1619,170915,rest
98.1642,172075,rest
98.1682,171249,rest
98.1723,171270,rest
98.1765,171449,rest
98.1805,171379,rest
98.1846,171764,rest
98.1887,171020,rest
98.1929,171425,rest
98.1969,171428,rest
98.2010,171497,rest
98.2053,171907,rest
98.2097,171097,rest
98.2132,171224,rest
98.2173,171678,rest
98.2216,171503,rest
98.2263,171304,rest
98.2297,171255,rest
98.2338,171456,rest
98.2388,171532,rest
98.2429,171321,rest
98.2462,171834,rest
98.2503,171745,rest
98.2544,171026,rest
98.2595,170941,rest
98.2624,171558,rest
98.2665,172002,rest
98.2706,171815,rest
98.2755,171499,rest
98.2788,171579,rest
98.2802,1,rest
98.2829,71345,rest
98.2839,171,rest
98.2872,679,rest
98.2884,171511,rest
98.2926,171586,rest
98.2952,171630,rest
98.2992,171548,rest
98.3033,171759,rest
98.3090,7,rest
98.3127,171365,rest
98.3158,171359,rest
98.3199,171306,rest
98.3240,7168,rest
98.3282,171039,rest
98.3321,171257,rest
98.3362,171892,rest
98.3403,70570,rest
98.3448,171370,rest
98.3495,171630,rest
98.3526,171420,rest
98.3567,783,rest
98.3607,7356,rest
98.3649,171752,rest
98.3704,171477,rest
98.3730,171438,rest
98.3774,171251,rest
98.3812,171753,rest
98.3853,171553,rest
98.3895,170920,rest
98.3936,171365,rest
98.3976,171148,rest
98.4017,171535,rest
98.4058,171437,rest
98.4099,171727,rest
98.4113,171,rest
98.4140,211,rest
98.4149,171526,rest
98.4182,171748,rest
98.4223,171511,rest
98.4266,171615,rest
98.4304,171484,rest
98.4344,171732,rest
98.4386,171910,rest
98.4434,171446,rest
98.4467,171335,rest
98.4508,171672,rest
98.4551,171614,rest
98.4594,171379,rest
98.4632,171419,rest
98.4672,171094,rest
98.4715,171606,rest
98.4765,171221,rest
98.4795,172159,rest
98.4836,171327,rest
98.4880,171813,rest
98.4928,171270,rest
98.4964,171133,rest
98.5000,171393,rest
98.5041,171897,rest
98.5096,7,rest
98.5123,171527,rest
98.5163,171625,rest
98.5208,171769,rest
98.5249,171127,rest
98.5287,171546,rest
98.5327,171569,rest
98.5368,171671,rest
98.5379,171,rest
98.5427,420,rest
98.5440,17187,rest
98.5450,6,rest
98.5451,171343,rest
98.5491,171525,rest
98.5532,171403,rest
98.5635,171357,rest
98.5655,171545,rest
98.5696,171998,rest
98.5739,71264,rest
98.5784,171787,rest
98.5820,171065,rest
98.5860,171918,rest
98.5901,71720,rest
98.5951,171611,rest
98.5983,171620,rest
98.6024,171649,rest
98.6078,764,rest
98.6108,171711,rest
98.6148,171539,rest
98.6187,171788,rest
98.6229,171079,rest
98.6269,172057,rest
98.6310,171622,rest
98.6352,171654,rest
98.6393,172059,rest
98.6436,171295,rest
98.6474,171889,rest
98.6515,171649,rest
98.6557,171343,rest
98.6597,171778,rest
98.6638,171867,rest
98.6649,171,rest
98.6679,684,rest
98.6695,17196,rest
98.6720,7,rest
98.6720,171362,rest
98.6761,171318,rest
98.6802,171834,rest
98.6843,171627,rest
98.6884,171772,rest
98.6925,171273,rest
98.6966,171177,rest
98.7007,171622,rest
98.7048,171744,rest
98.7090,171406,rest
98.7131,171364,rest
98.7171,171591,rest
98.7214,171241,rest
98.7258,171665,rest
98.7293,171398,rest
98.7334,171584,rest
98.7377,171647,rest
98.7426,171506,rest
98.7458,171763,rest
98.7498,171575,rest
98.7545,171296,rest
98.7580,71781,rest
98.7622,171543,rest
98.7667,171776,rest
98.7703,171346,rest
98.7749,171349,rest
98.7785,171796,rest
98.7826,171892,rest
98.7867,171676,rest
98.7923,79217,rest
98.7951,1141,rest
98.7964,17165,rest
98.7994,9,rest
98.7996,171722,rest
98.8031,171624,rest
98.8089,9 ,rest
98.8115,71745,rest
98.8161,172140,rest
98.8196,171528,rest
98.8247,7194,rest
98.8289,171412,rest
98.8324,171896,rest
98.8359,171862,rest
98.8400,5,rest
98.8440,171259,rest
98.8486,171374,rest
98.8522,171972,rest
98.8564,35,rest
98.8617,171386,rest
98.8646,172049,rest
98.8686,171652,rest
98.8728,171415,rest
98.8778,171931,rest
98.8810,171164,rest
98.8850,171490,rest
98.8893,171442,rest
98.8940,171199,rest
98.8973,171366,rest
98.9014,171815,rest
98.9055,171125,rest
98.9100,171201,rest
98.9137,171204,rest
98.9178,171484,rest
98.9190,17,rest
98.9220,1681,rest
98.9233,17160,rest
98.9261,0,rest
98.9271,171489,rest
98.9300,171798,rest
98.9342,171395,rest
98.9385,171832,rest
98.9432,171796,rest
98.9464,171668,rest
98.9505,171304,rest
98.9548,171648,rest
98.9588,171193,rest
98.9628,171366,rest
98.9669,171348,rest
98.9713,171540,rest
98.9765,171153,rest
98.9792,171392,rest
98.9833,171472,rest
98.9876,171061,rest
98.9930,171229,rest
98.9956,171588,rest
98.9996,171651,rest
99.0039,171698,rest
99.0084,171390,rest
99.0120,171425,rest
99.0161,171590,rest
99.0201,171758,rest
99.0243,171342,rest
99.0284,171106,rest
99.0324,171448,rest
99.0365,171147,rest
99.0407,71912,rest
99.0462,170960,rest
99.0479,17,rest
99.0489,1294,rest
99.0504,1711,rest
99.0529,04,rest
99.0540,171329,rest
99.0586,171474,rest
99.0613,171324,rest
99.0653,171722,rest
99.0693,171542,rest
99.0735,171734,rest
99.0776,171311,rest
99.0816,171338,rest
99.0857,171632,rest
99.0942,171801,rest
99.0983,171654,rest
99.1021,171749,rest
99.1062,171726,rest
99.1103,171768,rest
99.1143,171724,rest
99.1185,171288,rest
99.1226,171632,rest
99.1271,171617,rest
99.1307,171240,rest
99.1348,170950,rest
99.1390,171686,rest
99.1430,171944,rest
99.1471,171826,rest
99.1512,171298,rest
99.1553,171377,rest
99.1600,171224,rest
99.1635,171526,rest
99.1676,171457,rest
99.1721,171217,rest
99.1734,1,rest
99.1768,71555,rest
99.1779,1715,rest
99.1799,39,rest
99.1821,171547,rest
99.1841,171715,rest
99.1884,171574,rest
99.1923,171423,rest
99.1965,171481,rest
99.2005,171406,rest
99.2047,171203,rest
99.2088,171212,rest
99.2127,171097,rest
99.2168,170936,rest
99.2210,171480,rest
99.2250,171684,rest
99.2292,171223,rest
99.2332,171518,rest
99.2372,172126,rest
99.2432,71464,rest
99.2484,170584,rest
99.2495,171661,rest
99.2536,171501,rest
99.2593,723,rest
99.2620,171736,rest
99.2659,171847,rest
99.2700,171627,rest
99.2743,755,rest
99.2786,171317,rest
99.2835,171110,rest
99.2864,171460,rest
99.2906,84,rest
99.2948,171231,rest
99.2992,172042,rest
99.3004,1,rest
99.3028,71231,rest
99.3042,1715,rest
99.3069,2,rest
99.3079,171565,rest
99.3122,171326,rest
99.3152,171531,rest
99.3192,171582,rest
99.3247,71,rest
99.3277,171204,rest
99.3315,171297,rest
99.3355,171586,rest
99.3397,171728,rest
99.3437,171648,rest
99.3478,171555,rest
99.3519,171439,rest
99.3561,171444,rest
99.3602,171871,rest
99.3642,171726,rest
99.3682,171379,rest
99.3727,171092,rest
99.3768,171355,rest
99.3806,171104,rest
99.3847,171901,rest
99.3890,171103,rest
99.3937,171179,rest
99.3971,171333,rest
99.4011,171597,rest
99.4054,171825,rest
99.4101,171481,rest
99.4134,171409,rest
99.4175,171528,rest
99.4218,171643,rest
99.4270,171182,rest
99.4280,1,rest
99.4298,71860,rest
99.4306,1705,rest
99.4338,91,rest
99.4351,171454,rest
99.4382,171225,rest
99.4433,171274,rest
99.4462,171561,rest
99.4503,171949,rest
99.4545,171886,rest
99.4586,171045,rest
99.4625,171126,rest
99.4666,171100,rest
99.4708,171089,rest
99.4761,171478,rest
99.4789,171347,rest
99.4830,171297,rest
99.4871,171281,rest
99.4929,170802,rest
99.4953,171106,rest
99.4994,171209,rest
99.5034,171439,rest
99.5092,171759,rest
99.5116,171585,rest
99.5157,171636,rest
99.5198,171867,rest
99.5294,171051,rest
99.5322,171944,rest
99.5363,171308,rest
99.5419,5,rest
99.5462,170749,rest
99.5486,171626,rest
99.5527,171367,rest
99.5568,171584,rest
99.5582,171,rest
99.5608,504,rest
99.5619,171719,rest
99.5649,171470,rest
99.5690,170993,rest
99.5734,171355,rest
99.5772,171502,rest
99.5813,171212,rest
99.5854,171878,rest
99.5914,170948,rest
99.5938,171511,rest
99.5978,172086,rest
99.6020,171714,rest
99.6059,171483,rest
99.6106,171514,rest
99.6143,171221,rest
99.6183,171513,rest
99.6223,170967,rest
99.6265,171931,rest
99.6305,171385,rest
99.6345,171285,rest
99.6388,171626,rest
99.6434,171637,rest
99.6470,171865,rest
99.6510,171530,rest
99.6553,171286,rest
99.6598,171515,rest
99.6632,170958,rest
99.6673,172069,rest
99.6718,171356,rest
99.6766,170894,rest
99.6797,171287,rest
99.6837,171359,rest
99.6852,171,rest
99.6881,651,rest
99.6891,171651,rest
99.6930,171935,rest
99.6962,172033,rest
99.7002,171727,rest
99.7045,171373,rest
99.7085,171494,rest
99.7124,171390,rest
99.7165,171260,rest
99.7207,171357,rest
99.7247,71900,rest
99.7290,171478,rest
99.7331,171682,rest
99.7369,171936,rest
99.7410,71886,rest
99.7471,171170,rest
99.7493,171818,rest
99.7534,171579,rest
99.7579,171677,rest
99.7615,171467,rest
99.7656,171900,rest
99.7697,171720,rest
99.7755,71,rest
99.7785,171693,rest
99.7828,171462,rest
99.7861,171195,rest
99.7920,713,rest
99.7946,171176,rest
99.7984,171389,rest
99.8024,171172,rest
99.8066,171262,rest
99.8108,171629,rest
99.8119,171,rest
99.8148,700,rest
99.8158,171585,rest
99.8189,171501,rest
99.8231,117,rest
99.8272,171259,rest
99.8314,171216,rest
99.8353,171312,rest
99.8394,171476,rest
99.8434,171367,rest
99.8475,171620,rest
99.8516,170846,rest
99.8558,171692,rest
99.8598,171296,rest
99.8639,171240,rest
99.8680,171091,rest
99.8722,172107,rest
99.8764,171509,rest
99.8803,171290,rest
99.8845,171778,rest
99.8886,170986,rest
99.8932,171332,rest
99.8968,171205,rest
99.9008,171142,rest
99.9050,171851,rest
99.9089,171007,rest
99.9132,171717,rest
99.9172,171718,rest
99.9215,171789,rest
99.9258,171925,rest
99.9294,171074,rest
99.9335,171381,rest
99.9379,171323,rest
99.9393,17,rest
99.9427,1440,rest
99.9439,17192,rest
99.9458,9,rest
99.9459,171481,rest
99.9499,171286,rest
99.9540,171452,rest
99.9585,171025,rest
99.9622,171468,rest
99.9663,170658,rest
99.9705,171401,rest
99.9765,71742,rest
99.9790,171489,rest
99.9827,171091,rest
99.9868,171101,rest
99.9909,71349,rest
99.9962,171350,rest
99.9995,171321,rest
100.0032,170973,rest
100.0091,72,rest
100.0122,171785,rest
100.0157,171359,rest
100.0195,171326,rest
100.0238,707,rest
100.0288,171484,rest
100.0318,171388,rest
100.0359,171348,rest
100.0401,71536,rest
100.0455,171267,rest
100.0482,171627,rest
100.0523,171147,rest
100.0564,171868,rest
100.0605,171252,rest
100.0646,171729,rest
100.0657,17,rest
100.0687,1961,rest
100.0702,17126,rest
100.0730,8,rest
100.0747,1750,rest
100.0778,171948,rest
100.0811,171344,rest
100.0851,171250,rest
100.0892,171022,rest
100.0936,171828,rest
100.0974,171291,rest
100.1014,171162,rest
100.1056,171505,rest
100.1106,170982,rest
100.1139,170926,rest
100.1178,171418,rest
100.1221,171123,rest
100.1260,171208,rest
100.1302,171468,rest
100.1342,171525,rest
100.1386,171589,rest
100.1429,171054,rest
100.1465,171057,rest
100.1506,170806,rest
100.1548,171222,rest
100.1592,171320,rest
100.1629,170698,rest
100.1670,171268,rest
100.1713,171039,rest
100.1768,171619,rest
100.1793,171912,rest
100.1834,171348,rest
100.1879,171761,rest
100.1919,171188,rest
100.1930,1,rest
100.1957,70972,rest
100.1968,1717,rest
100.1998,07,rest
100.2013,171328,rest
100.2039,170985,rest
100.2081,171540,rest
100.2120,171444,rest
100.2161,171285,rest
100.2202,171276,rest
100.2244,7150,rest
100.2305,171740,rest
100.2325,170950,rest
100.2366,171550,rest
100.2407,71748,rest
100.2459,170957,rest
100.2491,171357,rest
100.2530,171422,rest
100.2573,770,rest
100.2612,171383,rest
100.2654,171344,rest
100.2694,170925,rest
100.2736,79,rest
100.2786,171485,rest
100.2817,171527,rest
100.2858,171342,rest
100.2915,3 ,rest
100.2940,71105,rest
100.2982,171352,rest
100.3022,171603,rest
100.3063,171817,rest
100.3104,171206,rest
100.3144,171197,rest
100.3185,171352,rest
100.3198,1,rest
100.3227,71549,rest
100.3235,1719,rest
100.3273,29,rest
100.3290,171995,rest
100.3309,171275,rest
100.3349,171182,rest
100.3391,171463,rest
100.3431,171067,rest
100.3472,171003,rest
100.3513,171501,rest
100.3555,171724,rest
100.3600,171018,rest
100.3636,170926,rest
100.3678,171318,rest
100.3721,171366,rest
100.3764,170984,rest
100.3799,171955,rest
100.3841,171189,rest
100.3884,172035,rest
100.3926,170739,rest
100.3965,171601,rest
100.4005,171546,rest
100.4046,171637,rest
100.4098,171226,rest
100.4128,171026,rest
100.4169,171019,rest
100.4211,171620,rest
100.4257,171448,rest
100.4291,171150,rest
100.4332,171445,rest
100.4378,171070,rest
100.4432,171458,rest
100.4456,171169,rest
100.4497,170909,rest
100.4510,171,rest
100.4541,688,rest
100.4555,170936,rest
100.4596,171578,rest
100.4620,171042,rest
100.4661,171288,rest
100.4701,170998,rest
100.4765,71484,rest
100.4783,171541,rest
100.4825,171227,rest
100.4865,171384,rest
100.4907,715,rest
100.4948,171702,rest
100.4992,171744,rest
100.5032,171234,rest
100.5084,712,rest
100.5125,171556,rest
100.5165,171248,rest
100.5192,171236,rest
100.5234,7,rest
100.5278,171827,rest
100.5326,171094,rest
100.5356,171462,rest
100.5412,746,rest
100.5441,171305,rest
100.5481,171215,rest
100.5520,171001,rest
100.5563,171108,rest
100.5607,171074,rest
100.5643,171416,rest
100.5684,170833,rest
100.5725,171321,rest
100.5775,171210,rest
100.5792,171,rest
100.5807,242,rest
100.5821,17069,rest
100.5847,0,rest
100.5848,171421,rest
100.5889,170879,rest
100.5947,171259,rest
100.5971,170901,rest
100.6011,171327,rest
100.6053,171324,rest
100.6094,171370,rest
100.6134,171583,rest
100.6175,171426,rest
100.6218,171022,rest
100.6263,171293,rest
100.6298,171178,rest
100.6339,170914,rest
100.6384,171341,rest
100.6427,171078,rest
100.6465,171761,rest
100.6503,171657,rest
100.6548,171392,rest
100.6587,171493,rest
100.6626,171507,rest
100.6667,171498,rest
100.6710,171364,rest
100.6752,171916,rest
100.6792,171329,rest
100.6831,171313,rest
100.6874,171513,rest
100.6918,171171,rest
100.6953,171303,rest
100.6994,171165,rest
100.7036,171125,rest
100.7047,17,rest
100.7085,1394,rest
100.7099,17132,rest
100.7117,4,rest
100.7128,171276,rest
100.7158,171262,rest
100.7199,171020,rest
100.7242,7478,rest
100.7293,170841,rest
100.7327,171434,rest
100.7364,171471,rest
100.7424,71,rest
100.7448,171246,rest
100.7486,171371,rest
100.7527,171750,rest
100.7580,711,rest
100.7609,171638,rest
100.7659,171400,rest
100.7692,171274,rest
100.7733,1,rest
100.7776,171858,rest
100.7814,171269,rest
100.7871,171229,rest
100.7896,171198,rest
100.7937,171442,rest
100.7977,171643,rest
100.8018,171632,rest
100.8060,171555,rest
100.8105,171130,rest
100.8143,171272,rest
100.8182,171929,rest
100.8223,171311,rest
100.8271,171654,rest
100.8305,171320,rest
100.8319,17,rest
100.8346,1465,rest
100.8357,1710,rest
100.8388,05,rest
100.8402,171326,rest
100.8428,171194,rest
100.8469,171823,rest
100.8510,171090,rest
100.8552,171481,rest
100.8597,171250,rest
100.8633,171676,rest
100.8674,171120,rest
100.8717,171524,rest
100.8757,171502,rest
100.8798,171560,rest
100.8838,171200,rest
100.8882,171159,rest
100.8920,171724,rest
100.8960,171695,rest
100.9001,171442,rest
100.9044,171509,rest
100.9091,171307,rest
100.9125,171375,rest
100.9165,171371,rest
100.9208,171343,rest
100.9258,171604,rest
100.9288,171780,rest
100.9329,171186,rest
100.9370,171463,rest
100.9415,171209,rest
100.9454,171648,rest
100.9495,171374,rest
100.9534,171538,rest
100.9575,71240,rest
100.9590,1 ,rest
100.9630,036,rest
100.9657,171,rest
100.9658,518,rest
100.9672,171411,rest
100.9698,170644,rest
100.9755,71,rest
100.9780,170910,rest
100.9825,171266,rest
100.9862,171413,rest
100.9906,171553,rest
100.9953,171200,rest
100.9992,171070,rest
101.0027,171079,rest
101.0089,171267,rest
101.0154,171370,rest
101.0160,170778,rest
101.0217,171343,rest
101.0244,171246,rest
101.0280,171417,rest
101.0341,171197,rest
101.0358,171242,rest
101.0399,171542,rest
101.0446,171691,rest
101.0476,171065,rest
101.0519,171168,rest
101.0560,171382,rest
101.0599,171243,rest
101.0644,171702,rest
101.0690,171222,rest
101.0743,171067,rest
101.0776,170990,rest
101.0805,171319,rest
101.0849,170923,rest
101.0863,1,rest
101.0893,71441,rest
101.0910,1710,rest
101.0930,48,rest
101.0948,171461,rest
101.0977,171199,rest
101.1017,171268,rest
101.1066,171508,rest
101.1095,171108,rest
101.1138,171495,rest
101.1182,171444,rest
101.1219,171595,rest
101.1258,171580,rest
101.1312,171324,rest
101.1342,170885,rest
101.1391,171295,rest
101.1423,171050,rest
101.1467,171338,rest
101.1508,171604,rest
101.1545,171489,rest
101.1600,171646,rest
101.1631,172146,rest
101.1667,171285,rest
101.1742,171086,rest
101.1771,171381,rest
101.1853,171144,rest
101.1854,171495,rest
101.1880,171098,rest
101.1913,170915,rest
101.1972,171243,rest
101.1998,171139,rest
101.2039,171054,rest
101.2074,171604,rest
101.2139,170960,rest
101.2153,1,rest
101.2182,71416,rest
101.2196,171,rest
101.2209,234,rest
101.2232,170808,rest
101.2240,171219,rest
101.2282,170473,rest
101.2355,171251,rest
101.2366,171320,rest
101.2419,171316,rest
101.2461,170753,rest
101.2487,171824,rest
101.2643,171530,rest
101.2646,171334,rest
101.2701,171463,rest
101.2702,171301,rest
101.2708,171233,rest
101.2729,171292,rest
101.2780,171400,rest
101.2831,171143,rest
101.2864,170882,rest
101.2936,171400,rest
101.2941,171582,rest
101.2981,171353,rest
101.3049,171187,rest
101.3064,171309,rest
101.3114,170801,rest
101.3205,170462,rest
101.3238,171341,rest
101.3239,171156,rest
101.3262,170973,rest
101.3310,171435,rest
101.3346,171518,rest
101.3388,171462,rest
101.3451,171318,rest
101.3494,171,rest
101.3516,792,rest
101.3517,171680,rest
101.3517,171287,rest
101.3555,171055,rest
101.3600,171416,rest
101.3639,171404,rest
101.3703,171404,rest
101.3723,171308,rest
101.3776,171140,rest
101.3880,170955,rest
101.3903,170727,rest
101.3903,171517,rest
101.3925,171179,rest
101.3969,171255,rest
101.3998,171326,rest
101.4050,171420,rest
101.4092,171323,rest
101.4133,171421,rest
101.4162,171686,rest
101.4210,171453,rest
101.4249,171170,rest
101.4299,170904,rest
101.4370,171412,rest
101.4435,171689,rest
101.4436,171260,rest
101.4454,171241,rest
101.4547,171180,rest
101.4577,171357,rest
101.4583,171189,rest
101.4643,170616,rest
101.4678,171203,rest
101.4768,171260,rest
101.4808,171031,rest
101.4809,171190,rest
101.4816,171374,rest
101.4825,171202,rest
101.4887,171260,rest
101.4932,171429,rest
101.4988,171263,rest
101.5046,171727,rest
101.5104,171225,rest
101.5112,170913,rest
101.5112,171291,rest
101.5175,171578,rest
101.5240,170749,rest
101.5256,171190,rest
101.5281,171318,rest
101.5330,170793,rest
101.5358,171379,rest
101.5418,170943,rest
101.5454,171229,rest
101.5506,171143,rest
101.5539,170726,rest
101.5583,171734,rest
101.5601,171402,rest
101.5648,171692,rest
101.5681,171404,rest
101.5723,170983,rest
101.5768,171301,rest
101.5829,171737,rest
101.5847,171346,rest
101.5937,171724,rest
101.5947,171255,rest
101.5998,171155,rest
101.6009,171162,rest
101.6022,17154,rest
101.6071,2,rest
101.6094,171563,rest
101.6129,171210,rest
101.6178,170812,rest
101.6181,171363,rest
101.6211,171553,rest
101.6278,171067,rest
101.6296,171132,rest
101.6378,171066,rest
101.6390,171748,rest
101.6418,170861,rest
101.6501,171297,rest
101.6518,171528,rest
101.6602,171011,rest
101.6605,171130,rest
101.6623,171633,rest
101.6695,170892,rest
101.6728,171265,rest
101.6778,171251,rest
101.6789,170861,rest
101.6844,171074,rest
101.6889,171518,rest
101.6922,171235,rest
101.6959,171705,rest
101.7016,171160,rest
101.7122,171231,rest
101.7127,171385,rest
101.7154,171590,rest
101.7164,171045,rest
101.7203,171415,rest
101.7286,171274,rest
101.7311,171420,rest
101.7317,171726,rest
101.7330,171350,rest
101.7375,171451,rest
101.7408,171624,rest
101.7482,171244,rest
101.7483,170979,rest
101.7569,171079,rest
101.7585,171172,rest
101.7610,171167,rest
101.7649,171654,rest
101.7719,171081,rest
101.7737,171510,rest
101.7788,171444,rest
101.7863,171471,rest
101.7911,171091,rest
101.7950,171413,rest
101.7957,171329,rest
101.8033,170970,rest
101.8058,171068,rest
101.8090,170891,rest
101.8125,171197,rest
101.8161,170964,rest
101.8194,171374,rest
101.8286,171599,rest
101.8292,171631,rest
101.8313,171233,rest
101.8400,171182,rest
101.8400,171377,rest
101.8450,171403,rest
101.8538,171574,rest
101.8576,171303,rest
101.8580,171681,rest
101.8591,171753,rest
101.8609,171647,rest
101.8636,171454,rest
101.8720,171320,rest
101.8723,171718,rest
101.8770,171390,rest
101.8830,171310,rest
101.8984,171629,rest
101.8986,170901,rest
101.8987,171738,rest
101.8994,170972,rest
101.9001,171578,rest
101.9053,171908,rest
101.9127,171407,rest
101.9128,170953,rest
101.9211,170991,rest
101.9224,171455,rest
101.9249,171696,rest
101.9284,171321,rest
101.9406,171488,rest
101.9406,171150,rest
101.9408,171709,rest
101.9547,171721,rest
101.9712,171372,rest
101.9817,171535,rest
101.9833,171745,rest
101.9911,171248,rest
101.9911,171154,rest
101.9914,171889,rest
101.9915,171099,rest
101.9919,170895,rest
101.9926,171060,rest
101.9937,171455,rest
101.9955,171420,rest
102.0036,171410,rest
102.0048,171512,rest
102.0055,171588,rest
102.0274,171099,rest
102.0274,171397,rest
102.0276,171644,rest
102.0468,171654,rest
102.0480,171185,rest
102.0480,171619,rest
102.0532,171321,rest
102.0555,171739,rest
102.0556,172042,rest
102.0557,171612,rest
102.0570,171515,rest
102.0580,171517,rest
102.0584,171552,rest
102.0605,171808,rest
102.0616,171474,rest
102.0640,171662,rest
102.0686,171835,rest
102.0716,171414,rest
102.0816,171018,rest
102.0856,171002,rest
102.0857,171878,rest
102.0882,171374,rest
102.0922,171116,rest
102.0987,171401,rest
102.1039,171491,rest
102.1077,171255,rest
102.1113,171292,rest
102.1139,171454,rest
102.1162,171304,rest
102.1230,171483,rest
102.1289,171562,rest
102.1290,171131,rest
102.1324,170675,rest
102.1370,171636,rest
102.1382,171063,rest
102.1429,171939,rest
102.1577,171497,rest
102.1613,171718,rest
102.1613,171257,rest
102.1614,171036,rest
102.1657,171106,rest
102.1658,171429,rest
102.1783,171393,rest
102.1786,171215,rest
102.1872,171804,rest
102.2026,171835,rest
102.2087,171259,rest
102.2125,171323,rest
102.2206,171477,rest
102.2288,170521,rest
102.2306,171226,rest
102.2309,171601,rest
102.2329,171535,rest
102.2337,171556,rest
102.2340,171405,rest
102.2432,170772,rest
102.2433,171203,rest
102.2472,171736,rest
102.2544,171629,rest
102.2601,171462,rest
102.2603,171559,rest
102.2642,171389,rest
102.2643,171628,rest
102.2660,171068,rest
102.2664,171511,rest
102.2683,171449,rest
102.2725,171113,rest
102.2761,170942,rest
102.2780,171769,rest
102.2780,171288,rest
102.2826,171497,rest
102.2891,171387,rest
102.2926,171785,rest
102.2931,171387,rest
102.2971,171496,rest
102.3013,171331,rest
102.3065,170989,rest
102.3100,171190,rest
102.3137,171320,rest
102.3212,171125,rest
102.3246,171205,rest
102.3260,171992,rest
102.3302,171243,rest
102.3346,171262,rest
102.3399,171400,rest
102.3456,171614,rest
102.3481,170946,rest
102.3510,171072,rest
102.3558,171649,rest
102.3591,170790,rest
102.3652,171189,rest
102.3672,171666,rest
102.3691,170996,rest
102.3741,171731,rest
102.3766,171905,rest
102.3793,171286,rest
102.3829,171912,rest
102.3873,171590,rest
102.3916,171645,rest
102.3969,171261,rest
102.3995,171226,rest
102.4035,171841,rest
102.4079,171532,rest
102.4164,170730,rest
102.4165,171404,rest
102.4199,170921,rest
102.4250,171375,rest
102.4295,170803,rest
102.4325,171043,rest
102.4389,171247,rest
102.4405,170886,rest
102.4457,171043,rest
102.4489,171650,rest
102.4525,171422,rest
102.4570,171040,rest
102.4607,171304,rest
102.4648,171645,rest
102.4692,171599,rest
102.4732,171420,rest
102.4798,171266,rest
102.4821,171489,rest
102.4868,171092,rest
102.4893,171053,rest
102.4925,171,rest
102.4976,401,rest
102.4977,170902,rest
102.4979,171205,rest
102.5036,171045,rest
102.5065,171179,rest
102.5105,171708,rest
102.5142,171428,rest
102.5191,171251,rest
102.5225,170987,rest
102.5325,171334,rest
102.5326,171347,rest
102.5370,171369,rest
102.5386,171353,rest
102.5660,171410,rest
102.5700,171325,rest
102.5701,170875,rest
102.5702,171572,rest
102.5714,171055,rest
102.5736,171571,rest
102.5737,171689,rest
102.5742,171244,rest
102.5753,171133,rest
102.5801,171640,rest
102.5876,171377,rest
102.5891,171025,rest
102.5919,171085,rest
102.5987,171463,rest
102.6037,171826,rest
102.6083,171330,rest
102.6190,171774,rest
102.6191,171470,rest
102.6207,171890,rest
102.6210,171532,rest
102.6226,17116,rest
102.6251,2,rest
102.6252,171388,rest
102.6300,171432,rest
102.6341,171487,rest
102.6380,171367,rest
102.6431,171329,rest
102.6456,171853,rest
102.6496,171092,rest
102.6539,171615,rest
102.6583,171446,rest
102.6635,171284,rest
102.6658,170962,rest
102.6713,171210,rest
102.6776,171067,rest
102.6825,171452,rest
102.6826,171617,rest
102.6870,171896,rest
102.6901,171547,rest
102.6953,170742,rest
102.6994,171170,rest
102.7024,171204,rest
102.7065,171226,rest
102.7135,171484,rest
102.7163,171130,rest
102.7191,171256,rest
102.7230,171494,rest
102.7300,171410,rest
102.7348,171511,rest
102.7355,171541,rest
102.7393,171196,rest
102.7440,171237,rest
102.7449,17,rest
102.7501,1280,rest
102.7516,171474,rest
102.7524,171421,rest
102.7560,171138,rest
102.7598,171353,rest
102.7653,171240,rest
102.7707,171545,rest
102.7731,171339,rest
102.7774,171327,rest
102.7831,171147,rest
102.7845,170917,rest
102.7890,171283,rest
102.7924,171224,rest
102.8014,171796,rest
102.8017,171349,rest
102.8061,170988,rest
102.8104,171287,rest
102.8141,171085,rest
102.8188,171320,rest
102.8220,171657,rest
102.8267,170954,rest
102.8302,171350,rest
102.8383,171347,rest
102.8432,171459,rest
102.8435,171512,rest
102.8514,171510,rest
102.8517,171302,rest
102.8556,171188,rest
102.8612,171818,rest
102.8624,171229,rest
102.8675,171895,rest
102.8711,170923,rest
102.8740,17,rest
102.8759,1750,rest
102.8780,17130,rest
102.8796,3,rest
102.8821,171238,rest
102.8843,171258,rest
102.8881,170991,rest
102.8928,171427,rest
102.8968,171868,rest
102.9016,171411,rest
102.9044,171626,rest
102.9082,171224,rest
102.9152,170866,rest
102.9158,171609,rest
102.9202,171263,rest
102.9249,171484,rest
102.9291,171077,rest
102.9323,171789,rest
102.9385,171041,rest
102.9405,170959,rest
102.9487,171292,rest
102.9490,171752,rest
102.9539,171689,rest
102.9568,171778,rest
102.9609,171534,rest
102.9661,171386,rest
102.9713,171213,rest
102.9747,172024,rest
102.9811,171384,rest
102.9811,171296,rest
102.9867,171472,rest
102.9930,171635,rest
102.9933,171461,rest
102.9972,171390,rest
102.9984,1,rest
103.0035,71576,rest
103.0054,1719,rest
103.0065,20,rest
103.0096,171957,rest
103.0108,171052,rest
103.0166,171672,rest
103.0240,171615,rest
103.0265,171531,rest
103.0266,171603,rest
103.0323,171188,rest
103.0343,171507,rest
103.0432,171207,rest
103.0433,171662,rest
103.0469,171538,rest
103.0544,171202,rest
103.0546,171779,rest
103.0618,171389,rest
103.0632,171387,rest
103.0750,171179,rest
103.0752,170753,rest
103.0753,170967,rest
103.0856,171398,rest
103.0857,171334,rest
103.0987,171194,rest
103.1023,171251,rest
103.1068,171572,rest
103.1107,171315,rest
103.1110,171054,rest
103.1111,172004,rest
103.1207,171002,rest
103.1419,171280,rest
103.1510,171439,rest
103.1576,171530,rest
103.1624,171929,rest
103.1682,171118,rest
103.1684,170725,rest
103.1806,171548,rest
103.1833,171495,rest
103.1866,170983,rest
103.1929,171021,rest
103.1933,171185,rest
103.1957,171540,rest
103.2017,171264,rest
103.2017,171854,rest
103.2018,171734,rest
103.2064,171359,rest
103.2067,170988,rest
103.2070,171366,rest
103.2205,171681,rest
103.2211,171237,rest
103.2219,171415,rest
103.2228,171479,rest
103.2236,171063,rest
103.2250,172018,rest
103.2254,171621,rest
103.2259,171209,rest
103.2268,171761,rest
103.2276,171722,rest
103.2280,171410,rest
103.2368,171869,rest
103.2375,171165,rest
103.2423,171013,rest
103.2467,171010,rest
103.2504,171448,rest
103.2618,171376,rest
103.2619,171448,rest
103.2620,171670,rest
103.2641,171528,rest
103.2646,171916,rest
103.2686,171332,rest
103.2718,171675,rest
103.2817,171023,rest
103.2857,171559,rest
103.2908,171746,rest
103.2945,171559,rest
103.2951,171292,rest
103.2974,171200,rest
103.3017,171153,rest
103.3054,171379,rest
103.3085,171330,rest
103.3135,171746,rest
103.3193,171557,rest
103.3232,171395,rest
103.3261,171463,rest
103.3309,171619,rest
103.3331,171672,rest
103.3376,171351,rest
103.3436,171190,rest
103.3479,171611,rest
103.3505,171593,rest
103.3555,171502,rest
103.3590,171826,rest
103.3671,171389,rest
103.3687,171681,rest
103.3703,171920,rest
103.3747,171468,rest
103.3795,171241,rest
103.3828,171597,rest
103.3844,171,rest
103.3867,630,rest
103.3928,171310,rest
103.3930,171721,rest
103.3963,171104,rest
103.4000,170917,rest
103.4032,171783,rest
103.4072,171241,rest
103.4146,171345,rest
103.4156,171648,rest
103.4205,171794,rest
103.4291,171468,rest
103.4293,171660,rest
103.4396,171229,rest
103.4419,171628,rest
103.4426,171000,rest
103.4441,171563,rest
103.4500,171303,rest
103.4534,171217,rest
103.4571,171575,rest
103.4639,171277,rest
103.4667,171820,rest
103.4684,171360,rest
103.4738,171070,rest
103.4774,171440,rest
103.4822,171280,rest
103.4881,171397,rest
103.4892,171837,rest
103.4946,171278,rest
103.4999,171596,rest
103.5021,171173,rest
103.5113,171356,rest
103.5113,171856,rest
103.5124,171,rest
103.5133,161,rest
103.5148,171321,rest
103.5174,171224,rest
103.5215,171197,rest
103.5257,171541,rest
103.5297,171598,rest
103.5338,171672,rest
103.5379,171558,rest
103.5420,171250,rest
103.5462,171562,rest
103.5504,171390,rest
103.5545,171498,rest
103.5587,171536,rest
103.5626,171598,rest
103.5669,171251,rest
103.5708,171645,rest
103.5750,171286,rest
103.5792,171622,rest
103.5912,171633,rest
103.5916,171988,rest
103.5920,171920,rest
103.5956,171409,rest
103.5996,171608,rest
103.6039,171507,rest
103.6081,171856,rest
103.6121,171035,rest
103.6161,171681,rest
103.6201,171397,rest
103.6242,171546,rest
103.6285,171806,rest
103.6325,171307,rest
103.6365,170814,rest
103.6380,171,rest
103.6407,159,rest
103.6426,171671,rest
103.6449,171328,rest
103.6489,171419,rest
103.6529,171406,rest
103.6570,171541,rest
103.6613,171794,rest
103.6653,172065,rest
103.6695,171492,rest
103.6735,171815,rest
