time_s,value,state
0.0055,65345,none
0.0070,65908,none
0.0115,66071,none
0.0152,66605,none
0.0193,67018,none
0.0236,67446,none
0.0292,68225,none
0.0316,68799,none
0.0356,68880,none
0.0400,68937,none
0.0440,69829,none
0.0479,70340,none
0.0523,70490,none
0.0559,71036,none
0.0635,71298,none
0.0662,71521,none
0.0687,72012,none
0.0727,72506,none
0.0871,73073,none
0.0874,73256,none
0.0877,73591,none
0.0923,73985,none
0.0963,74667,none
0.1087,74465,none
0.1133,75010,none
0.1159,75598,none
0.1214,75880,none
0.1272,76412,none
0.1319,76788,none
0.1654,77139,none
0.1749,77997,none
0.1750,77690,none
0.1752,78325,none
0.1753,78946,none
0.1754,78917,none
0.1757,79329,none
0.1874,79261,none
0.1883,79771,none
0.1935,80742,none
0.1938,81117,none
0.1941,81085,none
0.1944,81863,none
0.1947,82025,none
0.1951,82400,none
0.1954,83202,none
0.1957,82894,none
0.1960,83513,none
0.1963,83763,none
0.1966,84252,none
0.2157,84431,none
0.2196,84707,none
0.2224,85368,none
0.2264,86217,none
0.2443,85921,none
0.2485,86584,none
0.2498,86734,none
0.2507,87070,none
0.2517,87358,none
0.2530,87861,none
0.2589,87794,none
0.2593,88535,none
0.2597,88981,none
0.2601,89255,none
0.2604,89447,none
0.2607,89863,none
0.2610,89907,none
0.2751,90222,none
0.2792,90778,none
0.2812,91427,none
0.2816,91429,none
0.2820,92124,none
0.2856,91949,none
0.2923,92311,none
0.2965,93220,none
0.2992,93121,none
0.3041,94304,none
0.3080,93700,none
0.3122,94209,none
0.3141,94056,none
0.3191,94792,none
0.3247,95299,none
0.3298,95251,none
0.3305,96027,none
0.3400,95649,none
0.3405,96420,none
0.3456,96233,none
0.3479,96762,none
0.3536,97154,none
0.3554,97117,none
0.3595,97707,none
0.3638,97752,none
0.3676,98286,none
0.3727,98717,none
0.3747,9,none
0.3924,8697,none
0.3925,99462,none
0.3928,99513,none
0.4023,99673,none
0.4070,99784,none
0.4073,100543,none
0.4091,101011,none
0.4274,101412,none
0.4408,101616,none
0.4419,101366,none
0.4423,102408,none
0.4426,101892,none
0.4429,102642,none
0.4432,102932,none
0.4453,103172,none
0.4457,103088,none
0.4461,103834,none
0.4463,103746,none
0.4481,103995,none
0.4500,104332,none
0.4551,104466,none
0.4602,104609,none
0.4628,104963,none
0.4667,105348,none
0.4708,105429,none
0.4785,105938,none
0.4803,106133,none
0.4835,106470,none
0.4868,106553,none
0.4918,106931,none
0.4955,107102,none
0.4992,107452,none
0.5040,107983,none
0.5058,108,none
0.5083,109,none
0.5091,108618,none
0.5111,108404,none
0.5165,108282,none
0.5269,109188,none
0.5306,109046,none
0.5322,109667,none
0.5335,109565,none
0.5370,110239,none
0.5409,110209,none
0.5453,110479,none
0.5491,110582,none
0.5527,110866,none
0.5571,110954,none
0.5599,111546,none
0.5640,111946,none
0.5692,111948,none
0.5735,112454,none
0.5917,112536,none
0.5939,113198,none
0.5950,113277,none
0.5963,113413,none
0.5981,113176,none
0.5996,113724,none
0.6020,113464,none
0.6070,114279,none
0.6096,114251,none
0.6162,114451,none
0.6236,115041,none
0.6237,114963,none
0.6255,115949,none
0.6333,115283,none
0.6345,115631,none
0.6358,11607,none
0.6453,2,none
0.6473,116044,none
0.6503,116356,none
0.6534,116512,none
0.6554,116624,none
0.6663,116451,none
0.6686,117328,none
0.6704,117414,none
0.6724,117122,none
0.6740,118092,none
0.6775,117914,none
0.6802,118698,none
0.6846,118324,none
0.6888,118729,none
0.6918,119109,none
0.6965,119429,none
0.7009,119271,none
0.7045,119602,none
0.7083,119837,none
0.7128,119761,none
0.7260,120551,none
0.7282,120651,none
0.7322,120541,none
0.7346,121352,none
0.7370,121204,none
0.7390,121470,none
0.7535,121330,none
0.7540,122024,none
0.7544,121419,none
0.7548,122183,none
0.7567,121885,none
0.7603,12,none
0.7686,2091,none
0.7733,122929,none
0.7746,123110,none
0.7747,122576,none
0.7748,123110,none
0.7911,123276,none
0.7912,123804,none
0.7914,123809,none
0.7915,123885,none
0.8078,123936,none
0.8195,124236,none
0.8200,124186,none
0.8203,124291,none
0.8207,124673,none
0.8214,124896,none
0.8221,125487,none
0.8225,126138,none
0.8278,125241,none
0.8315,125720,none
0.8368,126562,none
0.8431,126258,none
0.8451,126378,none
0.8600,126734,none
0.8630,126284,none
0.8661,126852,none
0.8747,127282,none
0.8931,127051,none
0.8942,127354,none
0.8957,127043,none
0.8960,127678,none
0.8963,127686,none
0.8966,128070,none
0.8969,128464,none
0.8970,128522,none
0.8973,128900,none
0.8975,129092,none
0.9035,129045,none
0.9046,129587,none
0.9094,129256,none
0.9198,129639,none
0.9213,129827,none
0.9228,129740,none
0.9252,129827,none
0.9287,129996,none
0.9329,130210,none
0.9385,130520,none
0.9423,130464,none
0.9462,130418,none
0.9513,131098,none
0.9545,130551,none
0.9596,131268,none
0.9760,131342,none
0.9774,131629,none
0.9797,131950,none
0.9815,132198,none
0.9834,132144,none
0.9850,132097,none
0.9885,132021,none
0.9914,133125,none
0.9963,132931,none
1.0006,132813,none
1.0048,133216,none
1.0084,133300,none
1.0114,133405,none
1.0144,1,none
1.0146,33373,none
1.0159,1334,none
1.0195,76,none
1.0222,133920,none
1.0246,133856,none
1.0281,134118,none
1.0323,134380,none
1.0362,134873,none
1.0413,134187,none
1.0447,134521,none
1.0487,135031,none
1.0530,135291,none
1.0569,134906,none
1.0597,135350,none
1.0653,135484,none
1.0693,135665,none
1.0735,135788,none
1.0778,136094,none
1.0822,135898,none
1.0862,136239,none
1.0895,136088,none
1.1008,136164,none
1.1011,136671,none
1.1031,136871,none
1.1097,137289,none
1.1119,136743,none
1.1136,136871,none
1.1186,137413,none
1.1231,137358,none
1.1265,137043,none
1.1307,137507,none
1.1346,137597,none
1.1392,137724,none
1.1407,1,none
1.1435,38017,none
1.1460,138139,none
1.1490,138691,none
1.1508,138057,none
1.1705,138520,none
1.1706,138655,none
1.1707,138582,none
1.1708,138783,none
1.1752,138668,none
1.1769,138845,none
1.1817,138641,none
1.1826,139898,none
1.1869,139234,none
1.1910,139656,none
1.1957,139745,none
1.2075,139939,none
1.2243,139970,none
1.2256,140184,none
1.2273,140392,none
1.2282,140222,none
1.2292,140712,none
1.2305,140405,none
1.2323,140628,none
1.2344,141097,none
1.2363,141145,none
1.2412,141321,none
1.2450,141470,none
1.2492,141440,none
1.2531,141164,none
1.2571,141623,none
1.2617,141796,none
1.2652,141763,none
1.2699,141997,none
1.2719,142,none
1.2730,086,none
1.2750,142034,none
1.2776,142469,none
1.2840,142515,none
1.2910,142988,none
1.2929,142695,none
1.2945,143045,none
1.3012,142928,none
1.3018,143232,none
1.3056,143009,none
1.3241,142932,none
1.3298,143727,none
1.3379,143345,none
1.3406,143458,none
1.3407,143995,none
1.3423,143626,none
1.3586,144368,none
1.3608,144047,none
1.3628,143992,none
1.3655,144405,none
1.3679,143830,none
1.3703,144681,none
1.3734,144755,none
1.3739,145161,none
1.3745,144800,none
1.3749,144694,none
1.3752,144681,none
1.3813,145437,none
1.3873,145898,none
1.3912,145113,none
1.3919,145051,none
1.3997,145392,none
1.4073,145608,none
1.4140,145308,none
1.4177,145447,none
1.4265,145509,none
1.4276,145868,none
1.4285,146116,none
1.4294,146394,none
1.4299,145971,none
1.4304,146434,none
1.4330,146625,none
1.4367,146908,none
1.4410,146761,none
1.4453,146292,none
1.4486,146056,none
1.4608,146651,none
1.4735,147064,none
1.4745,146611,none
1.4887,146894,none
1.4906,147094,none
1.4917,147289,none
1.4977,147116,none
1.5075,147345,none
1.5175,147337,none
1.5179,147283,none
1.5181,147088,none
1.5240,148241,none
1.5241,147763,none
1.5246,148434,none
1.5256,148265,none
1.5342,148319,none
1.5360,147845,none
1.5381,148294,none
1.5395,147814,none
1.5418,148464,none
1.5432,148625,none
1.5442,148603,none
1.5461,148909,none
1.5472,149347,none
1.5491,149235,none
1.5529,148728,none
1.5563,149293,none
1.5603,149054,none
1.5647,149226,none
1.5687,149614,none
1.5744,149857,none
1.5773,149785,none
1.5817,150022,none
1.5850,149354,none
1.5891,150299,none
1.5931,149951,none
1.5974,150316,none
1.6011,150267,none
1.6056,149832,none
1.6085,150086,none
1.6135,150105,none
1.6202,150252,none
1.6218,150134,none
1.6273,151178,none
1.6303,150828,none
1.6349,150796,none
1.6382,151239,none
1.6432,150683,none
1.6472,151406,none
1.6516,151419,none
1.6549,151311,none
1.6577,151251,none
1.6583,150983,none
1.6755,151579,none
1.6780,151438,none
1.6805,151275,none
1.6830,151119,none
1.6865,151091,none
1.6889,151449,none
1.6933,151626,none
1.6968,151930,none
1.6987,152185,none
1.7009,151717,none
1.7039,152538,none
1.7082,152679,none
1.7128,151906,none
1.7166,153004,none
1.7208,152591,none
1.7271,152828,none
1.7317,152826,none
1.7352,152149,none
1.7385,152652,none
1.7413,152682,none
1.7478,153051,none
1.7499,152787,none
1.7544,152926,none
1.7575,153614,none
1.7784,152986,none
1.7911,153187,none
1.7918,153459,none
1.7923,153179,none
1.7926,153377,none
1.7929,153308,none
1.7933,153477,none
1.7938,154056,none
1.7944,153993,none
1.7945,153967,none
1.7971,153730,flicker
1.8011,154422,flicker
1.8051,154795,flicker
1.8100,154085,flicker
1.8134,154181,flicker
1.8177,536,flicker
1.8213,154173,flicker
1.8254,154378,flicker
1.8295,154630,flicker
1.8336,154475,flicker
1.8376,154053,flicker
1.8419,154378,flicker
1.8463,154965,flicker
1.8500,155126,flicker
1.8540,154564,flicker
1.8582,155151,flicker
1.8628,154957,flicker
1.8664,154965,flicker
1.8704,154978,flicker
1.8746,154896,flicker
1.8788,155148,flicker
1.8827,154887,flicker
1.8868,155730,flicker
1.8910,155048,flicker
1.8954,154899,flicker
1.8991,155088,flicker
1.9032,155541,flicker
1.9043,1,flicker
1.9073,55230,flicker
1.9087,1550,flicker
1.9115,62,flicker
1.9136,155951,flicker
1.9155,155621,flicker
1.9196,155625,flicker
1.9238,155695,flicker
1.9280,58,flicker
1.9322,156310,flicker
1.9360,156047,flicker
1.9400,156067,flicker
1.9443,596,flicker
1.9488,156837,flicker
1.9524,156043,flicker
1.9564,156191,flicker
1.9607,56,flicker
1.9650,156218,flicker
1.9688,156217,flicker
1.9728,156483,flicker
1.9783,5667,flicker
1.9810,156108,flicker
1.9851,157153,flicker
1.9892,156727,flicker
1.9949,56,flicker
1.9974,156780,flicker
2.0015,156995,flicker
2.0056,156907,flicker
2.0105,568,flicker
2.0142,156952,flicker
2.0179,157036,flicker
2.0220,157294,flicker
2.0261,157246,flicker
2.0306,157277,flicker
2.0343,157335,flicker
2.0353,157,flicker
2.0384,548,flicker
2.0398,157467,flicker
2.0425,157573,flicker
2.0466,157842,flicker
2.0507,157301,flicker
2.0547,157346,flicker
2.0589,157561,flicker
2.0629,157751,flicker
2.0670,157582,flicker
2.0711,157682,flicker
2.0753,157597,flicker
2.0798,157428,flicker
2.0834,157601,flicker
2.0875,158179,flicker
2.0916,157710,flicker
2.0961,157766,flicker
2.0999,158414,flicker
2.1040,158187,flicker
2.1081,157807,flicker
2.1123,158236,flicker
2.1163,158483,flicker
2.1204,158478,flicker
2.1244,158977,flicker
2.1286,158700,flicker
2.1327,158864,flicker
2.1367,158625,flicker
2.1409,159266,flicker
2.1451,158985,flicker
2.1491,158272,flicker
2.1532,158248,flicker
2.1572,158513,flicker
2.1615,5926,flicker
2.1631,15,flicker
2.1654,54,flicker
2.1666,158871,flicker
2.1696,158870,flicker
2.1736,159455,flicker
2.1797,583,flicker
2.1818,158793,flicker
2.1858,159666,flicker
2.1899,159241,flicker
2.1942,15981,flicker
2.1981,159017,flicker
2.2022,159410,flicker
2.2063,159314,flicker
2.2121,579,flicker
2.2150,159782,flicker
2.2188,159665,flicker
2.2228,159688,flicker
2.2270,5974,flicker
2.2316,159770,flicker
2.2352,159837,flicker
2.2391,159586,flicker
2.2433,55,flicker
2.2473,159765,flicker
2.2514,159821,flicker
2.2554,160104,flicker
2.2616,16023,flicker
2.2641,160234,flicker
2.2677,159753,flicker
2.2718,160298,flicker
2.2772,10,flicker
2.2803,160482,flicker
2.2842,160153,flicker
2.2883,160320,flicker
2.2899,160,flicker
2.2924,573,flicker
2.2936,16000,flicker
2.2966,3,flicker
2.2967,160908,flicker
2.3005,160710,flicker
2.3046,160325,flicker
2.3088,161052,flicker
2.3132,160593,flicker
2.3169,160974,flicker
2.3210,160953,flicker
2.3251,161166,flicker
2.3294,160697,flicker
2.3332,160329,flicker
2.3373,160784,flicker
2.3415,160995,flicker
2.3461,160737,flicker
2.3496,160928,flicker
2.3537,160868,flicker
2.3580,161397,flicker
2.3629,161368,flicker
2.3660,161065,flicker
2.3701,161124,flicker
2.3743,161375,flicker
2.3786,161112,flicker
2.3824,161297,flicker
2.3865,160997,flicker
2.3906,161510,flicker
2.3962,161181,flicker
2.3988,161755,flicker
2.4029,161205,flicker
2.4070,161432,flicker
2.4134,61216,flicker
2.4163,161680,flicker
2.4178,16,flicker
2.4194,1471,flicker
2.4209,16193,flicker
2.4235,9,flicker
2.4236,161514,flicker
2.4290,161676,flicker
2.4316,161612,flicker
2.4356,161937,flicker
2.4403,161720,flicker
2.4456,61590,flicker
2.4493,161626,flicker
2.4521,162345,flicker
2.4562,162065,flicker
2.4604,61581,flicker
2.4647,162330,flicker
2.4691,162160,flicker
2.4725,162446,flicker
2.4785,6188,flicker
2.4809,162452,flicker
2.4849,161905,flicker
2.4890,162311,flicker
2.4934,65,flicker
2.4975,161832,flicker
2.5015,162090,flicker
2.5053,162207,flicker
2.5109,4,flicker
2.5137,162599,flicker
2.5176,162698,flicker
2.5217,162669,flicker
2.5259,162384,flicker
2.5299,162368,flicker
2.5339,162494,flicker
2.5380,162244,flicker
2.5423,163118,flicker
2.5438,1,flicker
2.5467,62689,flicker
2.5484,1629,flicker
2.5504,57,flicker
2.5514,162695,flicker
2.5544,162415,flicker
2.5586,162831,flicker
2.5629,162805,flicker
2.5667,162913,flicker
2.5708,162532,flicker
2.5751,162274,flicker
2.5791,162889,flicker
2.5831,162653,flicker
2.5872,163054,flicker
2.5915,163004,flicker
2.5955,162523,flicker
2.5995,162964,flicker
2.6036,162542,flicker
2.6079,162874,flicker
2.6120,163135,flicker
2.6159,162943,flicker
2.6200,163329,flicker
2.6243,163535,flicker
2.6291,162655,flicker
2.6323,163060,flicker
2.6364,162639,flicker
2.6405,163010,flicker
2.6452,163478,flicker
2.6487,163872,flicker
2.6527,163100,flicker
2.6569,163625,flicker
2.6618,163701,flicker
2.6650,163838,flicker
2.6692,163647,flicker
2.6707,1,flicker
2.6734,63331,flicker
2.6742,1630,flicker
2.6774,1,flicker
2.6788,78,flicker
2.6816,163365,flicker
2.6856,163647,flicker
2.6896,163345,flicker
2.6937,63600,flicker
2.6979,163729,flicker
2.7023,163843,flicker
2.7060,163664,flicker
2.7117,6,flicker
2.7149,163767,flicker
2.7183,163916,flicker
2.7223,163580,flicker
2.7265,63721,flicker
2.7308,163931,flicker
2.7347,164198,flicker
2.7388,164470,flicker
2.7441,6393,flicker
2.7472,163512,flicker
2.7511,163614,flicker
2.7552,164666,flicker
2.7594,163988,flicker
2.7633,164023,flicker
2.7674,164409,flicker
2.7715,163943,flicker
2.7757,164196,flicker
2.7801,164124,flicker
2.7838,164063,flicker
2.7879,164335,flicker
2.7921,163618,flicker
2.7963,164102,flicker
2.8002,165238,flicker
2.8016,164,flicker
2.8043,565,flicker
2.8056,164229,flicker
2.8085,164446,flicker
2.8125,164373,flicker
2.8166,164545,flicker
2.8207,164673,flicker
2.8248,164261,flicker
2.8293,164490,flicker
2.8330,164528,flicker
2.8371,164534,flicker
2.8413,164731,flicker
2.8457,164657,flicker
2.8494,164295,flicker
2.8534,164598,flicker
2.8576,164668,flicker
2.8620,164345,flicker
2.8658,164650,flicker
2.8699,164332,flicker
2.8739,165039,flicker
2.8786,164541,flicker
2.8821,164448,flicker
2.8862,164855,flicker
2.8903,164617,flicker
2.8950,164634,flicker
2.8985,165130,flicker
2.9026,164606,flicker
2.9067,164547,flicker
2.9110,165156,flicker
2.9149,165111,flicker
2.9190,165091,flicker
2.9231,165032,flicker
2.9278,164964,flicker
2.9298,164,flicker
2.9313,846,flicker
2.9328,165007,flicker
2.9354,165449,flicker
2.9394,165243,flicker
2.9452,650,flicker
2.9486,164838,flicker
2.9517,164901,flicker
2.9558,165538,flicker
2.9614,165127,flicker
2.9640,165139,flicker
2.9682,164969,flicker
2.9722,165453,flicker
2.9778,65,flicker
2.9810,164878,flicker
2.9845,165670,flicker
2.9886,165233,flicker
2.9928,653,flicker
2.9972,165188,flicker
3.0009,165603,flicker
3.0050,165493,flicker
3.0092,64,flicker
3.0136,165483,flicker
3.0173,165894,flicker
3.0214,165482,flicker
3.0258,16536,flicker
3.0297,165303,flicker
3.0337,166001,flicker
3.0378,165744,flicker
3.0419,166062,flicker
3.0460,165652,flicker
3.0500,165921,flicker
3.0541,165704,flicker
3.0554,165,flicker
3.0583,879,flicker
3.0601,166167,flicker
3.0624,165797,flicker
3.0664,165632,flicker
3.0705,166538,flicker
3.0746,166059,flicker
3.0789,165746,flicker
3.0828,165899,flicker
3.0869,165973,flicker
3.0911,165819,flicker
3.0956,166372,flicker
3.0992,166183,flicker
3.1033,166013,flicker
3.1075,165488,flicker
3.1119,166275,flicker
3.1156,165803,flicker
3.1197,165821,flicker
3.1240,165810,flicker
3.1282,165798,flicker
3.1320,166113,flicker
3.1360,165670,flicker
3.1402,166378,flicker
3.1452,165991,flicker
3.1484,166087,flicker
3.1524,166023,flicker
3.1566,166489,flicker
3.1620,165920,flicker
3.1647,166586,flicker
3.1688,166482,flicker
3.1730,166249,flicker
3.1774,165811,flicker
3.1811,165661,flicker
3.1823,166,flicker
3.1852,198,flicker
3.1865,166311,flicker
3.1894,166762,flicker
3.1950,661,flicker
3.1978,165860,flicker
3.2016,166489,flicker
3.2057,166634,flicker
3.2102,166264,flicker
3.2139,166786,flicker
3.2180,166525,flicker
3.2220,165767,flicker
3.2262,66511,flicker
3.2316,166564,flicker
3.2344,166648,flicker
3.2385,166223,flicker
3.2427,6615,flicker
3.2480,166456,flicker
3.2508,166618,flicker
3.2548,166904,flicker
3.2592,1666,flicker
3.2634,166917,flicker
3.2672,166530,flicker
3.2716,166708,flicker
3.2754,166586,flicker
3.2797,166639,flicker
3.2836,166350,flicker
3.2876,166912,flicker
3.2917,165981,flicker
3.2963,166914,flicker
3.3002,166825,flicker
3.3040,166951,flicker
3.3081,166590,flicker
3.3094,16,flicker
3.3122,6487,flicker
3.3133,16699,flicker
3.3163,1,flicker
3.3164,166925,flicker
3.3204,167056,flicker
3.3245,167283,flicker
3.3290,166804,flicker
3.3326,167385,flicker
3.3368,166865,flicker
3.3409,167191,flicker
3.3450,166850,flicker
3.3491,166709,flicker
3.3531,166791,flicker
3.3575,167146,flicker
3.3617,167200,flicker
3.3654,166741,flicker
3.3695,166667,flicker
3.3737,166839,flicker
3.3782,167366,flicker
3.3818,167127,flicker
3.3859,166821,flicker
3.3900,166910,flicker
3.3945,166544,flicker
3.3982,166611,flicker
3.4023,167534,flicker
3.4064,166946,flicker
3.4109,166739,flicker
3.4146,167197,flicker
3.4187,167368,flicker
3.4229,166875,flicker
3.4270,6676,flicker
3.4334,166997,flicker
3.4351,167053,flicker
3.4361,16,flicker
3.4392,7508,flicker
3.4405,16732,flicker
3.4435,7,flicker
3.4436,167187,flicker
3.4474,167359,flicker
3.4514,167274,flicker
3.4555,167154,flicker
3.4596,67424,flicker
3.4639,167072,flicker
3.4678,167417,flicker
3.4719,167872,flicker
3.4774,6747,flicker
3.4805,166886,flicker
3.4842,166748,flicker
3.4883,167290,flicker
3.4940,67,flicker
3.4983,167042,flicker
3.5006,167506,flicker
3.5047,166860,flicker
3.5093,16716,flicker
3.5129,167314,flicker
3.5170,167246,flicker
3.5211,167128,flicker
3.5253,167248,flicker
3.5293,167890,flicker
3.5334,167347,flicker
3.5374,167427,flicker
3.5416,167293,flicker
3.5456,167044,flicker
3.5498,168017,flicker
3.5538,167401,flicker
3.5580,167627,flicker
3.5621,167689,flicker
3.5632,16,flicker
3.5661,7522,flicker
3.5674,1669,flicker
3.5702,04,flicker
3.5713,167368,flicker
3.5744,167444,flicker
3.5785,167369,flicker
3.5825,167567,flicker
3.5866,167697,flicker
3.5908,167420,flicker
3.5954,167445,flicker
3.5989,167394,flicker
3.6030,167703,flicker
3.6072,167485,flicker
3.6114,167885,flicker
3.6153,167708,flicker
3.6194,167579,flicker
3.6236,167234,flicker
3.6279,167706,flicker
3.6317,167867,flicker
3.6358,167855,flicker
3.6399,167749,flicker
3.6441,167593,flicker
3.6481,167544,flicker
3.6521,167761,flicker
3.6563,167688,flicker
3.6607,167675,flicker
3.6644,168188,flicker
3.6686,167924,flicker
3.6727,167538,flicker
3.6768,6720,flicker
3.6808,168167,flicker
3.6856,167659,flicker
3.6893,167455,flicker
3.6901,1,flicker
3.6931,7528,flicker
3.6944,1683,flicker
3.6974,3,flicker
3.6999,168019,flicker
3.7013,168077,flicker
3.7054,167652,flicker
3.7096,68152,flicker
3.7136,168236,flicker
3.7177,167686,flicker
3.7218,168244,flicker
3.7274,64,flicker
3.7305,167374,flicker
3.7341,167802,flicker
3.7381,168062,flicker
3.7439,88,flicker
3.7471,167664,flicker
3.7505,167929,flicker
3.7545,168171,flicker
3.7607,1795,flicker
3.7641,167862,flicker
3.7668,167976,flicker
3.7709,167790,flicker
3.7751,168577,flicker
3.7791,168303,flicker
3.7832,167722,flicker
3.7873,168058,flicker
3.7915,167572,flicker
3.7962,168184,flicker
3.7996,168166,flicker
3.8037,168462,flicker
3.8078,167962,flicker
3.8119,168180,flicker
3.8160,168566,flicker
3.8171,1,flicker
3.8201,68059,flicker
3.8216,1676,flicker
3.8242,96,flicker
3.8254,167598,flicker
3.8283,167954,flicker
3.8324,167863,flicker
3.8365,168517,flicker
3.8406,168114,flicker
3.8452,168497,flicker
3.8488,168161,flicker
3.8528,168478,flicker
3.8571,168258,flicker
3.8614,167947,flicker
3.8651,168197,flicker
3.8692,168274,flicker
3.8734,168222,flicker
3.8779,168477,flicker
3.8815,167886,flicker
3.8856,168359,flicker
3.8899,168205,flicker
3.8941,168120,flicker
3.8979,168218,flicker
3.9020,168503,flicker
3.9061,168284,flicker
3.9110,168314,flicker
3.9143,168150,flicker
3.9184,167982,flicker
3.9225,168433,flicker
3.9267,688,flicker
3.9331,168266,flicker
3.9348,167995,flicker
3.9389,168332,flicker
3.9433,168292,flicker
3.9471,168434,flicker
3.9480,168,flicker
3.9512,203,flicker
3.9527,168604,flicker
3.9553,168411,flicker
3.9608,6,flicker
3.9641,168760,flicker
3.9675,168618,flicker
3.9716,168298,flicker
3.9774,68108,flicker
3.9800,168679,flicker
3.9839,168973,flicker
3.9880,168359,flicker
3.9922,68705,flicker
3.9966,168613,flicker
4.0003,168491,flicker
4.0043,168248,flicker
4.0087,66,flicker
4.0127,168419,flicker
4.0167,168217,flicker
4.0208,168608,flicker
4.0249,168840,flicker
4.0290,168587,flicker
4.0330,169062,flicker
4.0371,168900,flicker
4.0413,168262,flicker
4.0453,168548,flicker
4.0494,169043,flicker
4.0535,168526,flicker
4.0576,168380,flicker
4.0625,168830,flicker
4.0658,168388,flicker
4.0699,168451,flicker
4.0741,168963,flicker
4.0750,168,flicker
4.0781,721,flicker
4.0791,168726,flicker
4.0822,168448,flicker
4.0863,168330,flicker
4.0905,168568,flicker
4.0952,168582,flicker
4.0986,169066,flicker
4.1026,168263,flicker
4.1070,168635,flicker
4.1117,168615,flicker
4.1150,169354,flicker
4.1190,168859,flicker
4.1232,168664,flicker
4.1285,168299,flicker
4.1314,168496,flicker
4.1354,168950,flicker
4.1396,168928,flicker
4.1450,168704,flicker
4.1478,168770,flicker
4.1518,168434,flicker
4.1560,168877,flicker
4.1601,68715,flicker
4.1647,168769,flicker
4.1686,168867,flicker
4.1724,168890,flicker
4.1778,684,flicker
4.1809,168636,flicker
4.1846,168799,flicker
4.1892,168616,flicker
4.1933,168887,flicker
4.1969,168728,flicker
4.2010,168496,flicker
4.2022,16,flicker
4.2051,8513,flicker
4.2066,16841,flicker
4.2094,872,flicker
4.2136,168369,flicker
4.2174,168772,flicker
4.2215,168690,flicker
4.2257,68330,flicker
4.2300,169074,flicker
4.2338,168755,flicker
4.2379,169243,flicker
4.2434,688,flicker
4.2467,169241,flicker
4.2501,168542,flicker
4.2542,168793,flicker
4.2601,1694,flicker
4.2628,168850,flicker
4.2665,168532,flicker
4.2706,169253,flicker
4.2769,1931,flicker
4.2797,169146,flicker
4.2829,168743,flicker
4.2870,169206,flicker
4.2911,168624,flicker
4.2952,169056,flicker
4.2993,169140,flicker
4.3034,168544,flicker
4.3075,168756,flicker
4.3116,169301,flicker
4.3157,169286,flicker
4.3198,168951,flicker
4.3239,169030,flicker
4.3280,169150,flicker
4.3294,16,flicker
4.3321,9245,flicker
4.3332,16886,flicker
4.3361,6,flicker
4.3377,168898,flicker
4.3403,168914,flicker
4.3447,169392,flicker
4.3485,169031,flicker
4.3525,168785,flicker
4.3568,169045,flicker
4.3611,169486,flicker
4.3648,169149,flicker
4.3689,169222,flicker
4.3731,169151,flicker
4.3776,168905,flicker
4.3812,169054,flicker
4.3853,169222,flicker
4.3894,168741,flicker
4.3938,169507,flicker
4.3976,169874,flicker
4.4016,169354,flicker
4.4058,168822,flicker
4.4102,169346,flicker
4.4141,169073,flicker
4.4181,169042,flicker
4.4223,169238,flicker
4.4272,168700,flicker
4.4304,169341,flicker
4.4345,169116,flicker
4.4386,169135,flicker
4.4427,693,flicker
4.4469,169319,flicker
4.4509,169203,flicker
4.4550,169149,flicker
4.4568,1,flicker
4.4605,9462,flicker
4.4631,3,flicker
4.4648,169402,flicker
4.4672,169074,flicker
4.4713,168964,flicker
4.4755,699,flicker
4.4800,168968,flicker
4.4836,169455,flicker
4.4877,169299,flicker
4.4919,692,flicker
4.4970,169219,flicker
4.5000,169576,flicker
4.5041,168968,flicker
4.5083,6,flicker
4.5123,169364,flicker
4.5164,169128,flicker
4.5205,169542,flicker
4.5246,169213,flicker
4.5287,169093,flicker
4.5328,169131,flicker
4.5369,169323,flicker
4.5410,169407,flicker
4.5450,169605,flicker
4.5491,169541,flicker
4.5532,169053,flicker
4.5574,169269,flicker
4.5616,169679,flicker
4.5656,169330,flicker
4.5696,169183,flicker
4.5737,169527,flicker
4.5782,169530,flicker
4.5819,169453,flicker
4.5831,1,flicker
4.5860,69096,flicker
4.5872,1692,flicker
4.5901,95,flicker
4.5914,169015,flicker
4.5945,169655,flicker
4.5983,168800,flicker
4.6024,169297,flicker
4.6066,169731,flicker
4.6109,169000,flicker
4.6147,169501,flicker
4.6188,169636,flicker
4.6229,169576,flicker
4.6270,169001,flicker
4.6311,168881,flicker
4.6352,169506,flicker
4.6393,169383,flicker
4.6441,169113,flicker
4.6475,169616,flicker
4.6515,168923,flicker
4.6557,169439,flicker
4.6599,63,flicker
4.6642,169139,flicker
4.6679,169076,flicker
4.6720,169804,flicker
4.6774,6957,flicker
4.6802,169446,flicker
4.6843,169125,flicker
4.6886,169161,flicker
4.6939,690,flicker
4.6966,169506,flicker
4.7007,169518,flicker
4.7048,169386,flicker
4.7090,6902,flicker
4.7104,1,flicker
4.7135,8888,flicker
4.7146,1692,flicker
4.7171,09,flicker
4.7186,170079,flicker
4.7212,169643,flicker
4.7265,69303,flicker
4.7296,169577,flicker
4.7334,169416,flicker
4.7375,169671,flicker
4.7418,6941,flicker
4.7461,169007,flicker
4.7498,169203,flicker
4.7539,169844,flicker
4.7582,688,flicker
4.7628,169015,flicker
4.7662,168919,flicker
4.7703,169258,flicker
4.7766,169346,flicker
4.7785,169686,flicker
4.7826,169570,flicker
4.7867,169485,flicker
4.7908,169722,flicker
4.7949,168512,flicker
4.7990,169652,flicker
4.8031,169572,flicker
4.8072,169053,flicker
4.8113,169009,flicker
4.8154,169534,flicker
4.8194,169755,flicker
4.8236,169335,flicker
4.8278,169744,flicker
4.8318,169869,flicker
4.8358,169558,flicker
4.8400,169434,flicker
4.8421,169,flicker
4.8441,564,flicker
4.8452,169282,flicker
4.8482,169564,flicker
4.8522,168846,flicker
4.8566,169479,flicker
4.8607,169389,flicker
4.8646,170121,flicker
4.8686,169373,flicker
4.8727,170136,flicker
4.8774,169901,flicker
4.8809,169507,flicker
4.8850,169193,flicker
4.8892,169195,flicker
4.8935,169421,flicker
4.8973,169375,flicker
4.9014,168929,flicker
4.9055,169408,flicker
4.9100,169236,flicker
4.9138,169479,flicker
4.9178,169496,flicker
4.9220,169338,flicker
4.9276,6989,flicker
4.9309,169926,flicker
4.9348,168986,flicker
4.9383,169558,flicker
4.9433,694,flicker
4.9466,169456,flicker
4.9506,169330,flicker
4.9547,169725,flicker
4.9592,169244,flicker
4.9629,169408,flicker
4.9670,169526,flicker
4.9684,169,flicker
4.9710,263,flicker
4.9721,169691,flicker
4.9754,06,flicker
4.9796,169260,flicker
4.9834,169378,flicker
4.9874,169433,flicker
4.9924,64,flicker
4.9959,169645,flicker
4.9997,169589,flicker
5.0038,170016,flicker
5.0081,190,flicker
5.0126,169230,flicker
5.0161,169751,flicker
5.0202,169479,flicker
5.0244,169965,flicker
5.0285,169646,flicker
5.0326,169600,flicker
5.0366,169846,flicker
5.0407,168913,flicker
5.0449,169589,flicker
5.0488,169535,flicker
5.0529,169588,flicker
5.0571,169835,flicker
5.0613,170200,flicker
5.0652,169426,flicker
5.0693,169537,flicker
5.0737,170072,flicker
5.0784,169611,flicker
5.0817,169431,flicker
5.0858,169857,flicker
5.0899,169827,flicker
5.0950,169423,flicker
5.0963,169,flicker
5.0980,756,flicker
5.0990,169577,flicker
5.1022,169649,flicker
5.1062,169789,flicker
5.1117,169404,flicker
5.1144,169587,flicker
5.1185,169584,flicker
5.1228,169177,flicker
5.1276,169805,flicker
5.1310,170076,flicker
5.1348,169702,flicker
5.1390,169382,flicker
5.1436,169471,flicker
5.1471,169391,flicker
5.1512,169301,flicker
5.1553,169959,flicker
5.1596,169317,flicker
5.1639,169969,flicker
5.1676,169615,flicker
5.1717,169845,flicker
5.1764,169522,flicker
5.1799,169440,flicker
5.1840,169540,flicker
5.1882,169811,flicker
5.1925,170119,flicker
5.1963,170100,flicker
5.2004,169669,flicker
5.2045,169521,flicker
5.2091,169755,flicker
5.2127,169471,flicker
5.2168,169264,flicker
5.2209,169515,flicker
5.2218,169,flicker
5.2266,23163,flicker
5.2291,8,flicker
5.2296,169540,flicker
5.2332,169203,flicker
5.2373,169716,flicker
5.2425,695,flicker
5.2455,169747,flicker
5.2496,170149,flicker
5.2537,169872,flicker
5.2580,1,flicker
5.2623,169679,flicker
5.2660,169603,flicker
5.2701,169387,flicker
5.2742,170439,flicker
5.2783,169795,flicker
5.2824,169986,flicker
5.2865,169682,flicker
5.2906,169831,flicker
5.2949,169730,flicker
5.2988,170300,flicker
5.3029,169702,flicker
5.3071,169589,flicker
5.3117,169940,flicker
5.3152,169953,flicker
5.3193,169811,flicker
5.3233,169914,flicker
5.3277,169922,flicker
5.3315,169654,flicker
5.3356,169612,flicker
5.3399,170172,flicker
5.3441,169786,flicker
5.3479,169533,flicker
5.3491,17,flicker
5.3520,0316,flicker
5.3531,16982,flicker
5.3560,4,flicker
5.3563,169536,flicker
5.3602,169212,flicker
5.3643,170364,flicker
5.3684,169996,flicker
5.3724,169436,flicker
5.3770,169630,flicker
5.3808,169503,flicker
5.3847,169530,flicker
5.3888,170084,flicker
5.3933,169494,flicker
5.3971,169912,flicker
5.4012,170076,flicker
5.4054,169360,flicker
5.4110,9,flicker
5.4136,169368,flicker
5.4175,169877,flicker
5.4216,169509,flicker
5.4259,16,flicker
5.4302,169701,flicker
5.4339,169767,flicker
5.4383,169701,flicker
5.4423,692,flicker
5.4468,170026,flicker
5.4506,169942,flicker
5.4544,170054,flicker
5.4604,69882,flicker
5.4640,169519,flicker
5.4669,169603,flicker
5.4707,169672,flicker
5.4762,96,flicker
5.4790,927,flicker
5.4804,17007,flicker
5.4831,0,flicker
5.4832,169931,flicker
5.4872,170109,flicker
5.4914,76,flicker
5.4959,170556,flicker
5.4994,169914,flicker
5.5034,169941,flicker
5.5083,100,flicker
5.5117,169868,flicker
5.5158,169620,flicker
5.5198,170059,flicker
5.5242,169860,flicker
5.5281,169520,flicker
5.5321,170111,flicker
5.5362,169472,flicker
5.5405,170007,flicker
5.5446,170232,flicker
5.5485,170246,flicker
5.5526,169676,flicker
5.5568,169928,flicker
5.5608,169801,flicker
5.5650,170098,flicker
5.5691,169681,flicker
5.5732,169871,flicker
5.5775,169628,flicker
5.5813,169786,flicker
5.5854,169622,flicker
5.5895,170014,flicker
5.5944,169937,flicker
5.5977,169952,flicker
5.6018,169873,flicker
5.6020,1,flicker
5.6061,70028,flicker
5.6074,1697,flicker
5.6103,75,flicker
5.6119,170023,flicker
5.6141,169814,flicker
5.6182,169589,flicker
5.6223,170132,flicker
5.6269,169526,flicker
5.6304,169967,flicker
5.6345,169741,flicker
5.6387,170374,flicker
5.6431,169723,flicker
5.6468,169964,flicker
5.6509,169883,flicker
5.6551,169639,flicker
5.6596,169950,flicker
5.6632,170141,flicker
5.6673,169773,flicker
5.6715,169654,flicker
5.6756,7026,flicker
5.6801,169957,flicker
5.6837,169914,flicker
5.6882,170057,flicker
5.6939,695,flicker
5.6962,169808,flicker
5.7001,169894,flicker
5.7042,170041,flicker
5.7083,69910,flicker
5.7125,169599,flicker
5.7165,169733,flicker
5.7206,170051,flicker
5.7248,6965,flicker
5.7292,169926,flicker
5.7302,1,flicker
5.7329,69815,flicker
5.7341,1697,flicker
5.7369,97,flicker
5.7387,169717,flicker
5.7416,170190,flicker
5.7451,170003,flicker
5.7492,169667,flicker
5.7533,170044,flicker
5.7577,1692,flicker
5.7621,170040,flicker
5.7656,169838,flicker
5.7698,170141,flicker
5.7738,170580,flicker
5.7779,169711,flicker
5.7820,169774,flicker
5.7861,169412,flicker
5.7902,169716,flicker
5.7943,169343,flicker
5.7984,170200,flicker
5.8025,169925,flicker
5.8066,169865,flicker
5.8109,170057,flicker
5.8148,170023,flicker
5.8189,170268,flicker
5.8230,169860,flicker
5.8274,169950,flicker
5.8311,169899,flicker
5.8352,169584,flicker
5.8395,169961,flicker
5.8440,169658,flicker
5.8476,169473,flicker
5.8517,169815,flicker
5.8557,170185,flicker
5.8601,170012,flicker
5.8613,170,flicker
5.8640,101,flicker
5.8651,169855,flicker
5.8681,169420,flicker
5.8721,169858,flicker
5.8763,169900,flicker
5.8804,169987,flicker
5.8845,169629,flicker
5.8885,169943,flicker
5.8930,170289,flicker
5.8968,169555,flicker
5.9009,170125,flicker
5.9049,170062,flicker
5.9092,170488,flicker
5.9132,170170,flicker
5.9173,169768,flicker
5.9213,169710,flicker
5.9258,169747,flicker
5.9295,169831,flicker
5.9335,169634,flicker
5.9380,169832,flicker
5.9419,71,flicker
5.9467,170336,flicker
5.9499,169917,flicker
5.9540,169985,flicker
5.9608,6979,flicker
5.9626,170216,flicker
5.9663,169613,flicker
5.9705,170277,flicker
5.9763,6994,flicker
5.9788,169811,flicker
5.9828,169982,flicker
5.9869,170072,flicker
5.9883,169,flicker
5.9911,02,flicker
5.9954,169834,flicker
5.9991,170376,flicker
6.0031,169725,flicker
6.0086,00,flicker
6.0119,170140,flicker
6.0155,170448,flicker
6.0195,169312,flicker
6.0247,17026,flicker
6.0279,169669,flicker
6.0319,170194,flicker
6.0360,170606,flicker
6.0400,169896,flicker
6.0444,169869,flicker
6.0482,170159,flicker
6.0523,169917,flicker
6.0564,169956,flicker
6.0609,170062,flicker
6.0650,169839,flicker
6.0687,169839,flicker
6.0729,169907,flicker
6.0769,170122,flicker
6.0810,169612,flicker
6.0851,170329,flicker
6.0893,170035,flicker
6.0936,169711,flicker
6.0974,169963,flicker
6.1015,170200,flicker
6.1056,170208,flicker
6.1100,169944,flicker
6.1138,170052,flicker
6.1152,17,flicker
6.1179,0309,flicker
6.1192,16983,flicker
6.1220,5,flicker
6.1222,170280,flicker
6.1267,170161,flicker
6.1305,169915,flicker
6.1342,170429,flicker
6.1385,169825,flicker
6.1428,170020,flicker
6.1465,170416,flicker
6.1506,170052,flicker
6.1547,169776,flicker
6.1592,170278,flicker
6.1629,170139,flicker
6.1670,170486,flicker
6.1712,169772,flicker
6.1755,170448,flicker
6.1797,170181,flicker
6.1834,169746,flicker
6.1889,169850,flicker
6.1931,6,flicker
6.1957,170417,flicker
6.1998,170320,flicker
6.2039,169810,flicker
6.2080,69964,flicker
6.2124,169810,flicker
6.2163,170420,flicker
6.2202,170411,flicker
6.2244,69888,flicker
6.2289,169816,flicker
6.2325,170115,flicker
6.2366,169846,flicker
6.2423,7039316,flicker
6.2448,9703,flicker
6.2459,17032,flicker
6.2489,7,flicker
6.2490,170414,flicker
6.2530,169862,flicker
6.2573,170312,flicker
6.2618,169726,flicker
6.2653,170427,flicker
6.2694,170124,flicker
6.2739,16978,flicker
6.2780,170470,flicker
6.2817,170200,flicker
6.2858,169438,flicker
6.2899,169591,flicker
6.2946,169998,flicker
6.2981,170190,flicker
6.3021,170579,flicker
6.3063,169454,flicker
6.3111,170396,flicker
6.3145,169516,flicker
6.3186,170062,flicker
6.3226,170195,flicker
6.3270,170123,flicker
6.3309,169802,flicker
6.3349,170264,flicker
6.3390,169899,flicker
6.3436,170370,flicker
6.3473,170499,flicker
6.3513,170093,flicker
6.3556,170310,flicker
6.3600,170529,flicker
6.3636,170077,flicker
6.3677,169957,flicker
6.3690,1,flicker
6.3718,69689,flicker
6.3730,1699,flicker
6.3761,26,flicker
6.3776,170053,flicker
6.3800,170253,flicker
6.3841,170365,flicker
6.3882,170027,flicker
6.3928,169899,flicker
6.3964,169719,flicker
6.4005,170224,flicker
6.4046,170034,flicker
6.4094,170273,flicker
6.4128,170200,flicker
6.4169,170576,flicker
6.4210,170126,flicker
6.4266,697,flicker
6.4293,169894,flicker
6.4332,169574,flicker
6.4376,169987,flicker
6.4425,680,flicker
6.4456,169716,flicker
6.4496,170223,flicker
6.4537,170035,flicker
6.4579,69669,flicker
6.4621,170211,flicker
6.4660,169911,flicker
6.4701,170246,flicker
6.4743,6976,flicker
6.4786,170029,flicker
6.4824,170521,flicker
6.4865,170386,flicker
6.4919,05,flicker
6.4947,169968,flicker
6.4956,1,flicker
6.4988,70296,flicker
6.5001,1696,flicker
6.5029,84,flicker
6.5044,170149,flicker
6.5073,1676,flicker
6.5115,170242,flicker
6.5152,170520,flicker
6.5192,170144,flicker
6.5248,17079,flicker
6.5278,170078,flicker
6.5316,170337,flicker
6.5357,170180,flicker
6.5399,170270,flicker
6.5438,169803,flicker
6.5479,170619,flicker
6.5521,170484,flicker
6.5563,170208,flicker
6.5608,170260,flicker
6.5643,170331,flicker
6.5684,170447,flicker
6.5726,170287,flicker
6.5766,170415,flicker
6.5807,170481,flicker
6.5849,170188,flicker
6.5891,169821,flicker
6.5933,170336,flicker
6.5971,170152,flicker
6.6012,170454,flicker
6.6054,169900,flicker
6.6097,169894,flicker
6.6135,169403,flicker
6.6176,169654,flicker
6.6217,169413,flicker
6.6228,1,flicker
6.6265,70124,flicker
6.6280,1704,flicker
6.6299,18,flicker
6.6312,170153,flicker
6.6341,170387,flicker
6.6381,169725,flicker
6.6427,169428,flicker
6.6463,169905,flicker
6.6503,169721,flicker
6.6544,169925,flicker
6.6594,169904,flicker
6.6627,169840,flicker
6.6668,170049,flicker
6.6709,170210,flicker
6.6769,76,flicker
6.6794,170000,flicker
6.6831,170154,flicker
6.6875,170127,flicker
6.6914,170371,flicker
6.6961,170278,flicker
6.6995,170230,flicker
6.7035,169594,flicker
6.7087,65 ,flicker
6.7123,170486,flicker
6.7159,170037,flicker
6.7200,170572,flicker
6.7257,701,flicker
6.7284,170356,flicker
6.7322,169852,flicker
6.7363,170035,flicker
6.7405,69885,flicker
6.7465,169691,flicker
6.7486,169723,flicker
6.7498,1,flicker
6.7528,70293,flicker
6.7543,1697,flicker
6.7579,6170010,flicker
6.7615,169596,flicker
6.7650,169774,flicker
6.7691,169998,flicker
6.7745,17,flicker
6.7781,170570,flicker
6.7814,170232,flicker
6.7856,170409,flicker
6.7897,169543,flicker
6.7937,169891,flicker
6.7979,169882,flicker
6.8018,170356,flicker
6.8061,170191,flicker
6.8102,170041,flicker
6.8142,169781,flicker
6.8183,170476,flicker
6.8224,169583,flicker
6.8265,170384,flicker
6.8305,170765,flicker
6.8346,170197,flicker
6.8389,169908,flicker
6.8432,169891,flicker
6.8470,170039,flicker
6.8511,169777,flicker
6.8552,169673,flicker
6.8597,170286,flicker
6.8634,170421,flicker
6.8675,169996,flicker
6.8716,170299,flicker
6.8760,170084,flicker
6.8798,170167,flicker
6.8809,169,flicker
6.8839,873,flicker
6.8849,170576,flicker
6.8880,169830,flicker
6.8923,169693,flicker
6.8962,170347,flicker
6.9002,170142,flicker
6.9043,170429,flicker
6.9093,170013,flicker
6.9127,170247,flicker
6.9166,170205,flicker
6.9207,170184,flicker
6.9251,170031,flicker
6.9291,169854,flicker
6.9329,170140,flicker
6.9373,170570,flicker
6.9426,1706,flicker
6.9452,169786,flicker
6.9494,169707,flicker
6.9535,170149,flicker
6.9577,70575,flicker
6.9620,170147,flicker
6.9659,169946,flicker
6.9699,170578,flicker
6.9748,9,flicker
6.9782,169736,flicker
6.9821,169966,flicker
6.9862,170101,flicker
6.9905,693,flicker
6.9949,170265,flicker
6.9985,170167,flicker
7.0025,170047,flicker
7.0069,0234,flicker
7.0083,170,flicker
7.0111,61,flicker
7.0127,170043,flicker
7.0150,169996,flicker
7.0191,170913,flicker
7.0232,170119,flicker
7.0276,170420,flicker
7.0313,169869,flicker
7.0355,170536,flicker
7.0395,170176,flicker
7.0439,169959,flicker
7.0478,170041,flicker
7.0517,170091,flicker
7.0559,171338,flicker
7.0605,170573,flicker
7.0641,170405,flicker
7.0682,170339,flicker
7.0722,170391,flicker
7.0765,170169,flicker
7.0804,169702,flicker
7.0845,170328,flicker
7.0887,170102,flicker
7.0933,170015,flicker
7.0968,170273,flicker
7.1008,169853,flicker
7.1051,170232,flicker
7.1094,170320,flicker
7.1132,170154,flicker
7.1173,170006,flicker
7.1214,170349,flicker
7.1258,170246,flicker
7.1297,170237,flicker
7.1338,170512,flicker
7.1350,17,flicker
7.1378,0246,flicker
7.1387,17091,flicker
7.1421,3,flicker
7.1425,170819,flicker
7.1460,170113,flicker
7.1501,170531,flicker
7.1541,170151,flicker
7.1583,170293,flicker
7.1624,170130,flicker
7.1665,170371,flicker
7.1706,170336,flicker
7.1747,708,flicker
7.1788,72,flicker
7.1836,170221,flicker
7.1897,170214,flicker
7.1926,170001,flicker
7.1952,6966,flicker
7.1995,169794,flicker
7.2041,170232,flicker
7.2074,170040,flicker
7.2124,169996,flicker
7.2156,170328,flicker
7.2197,170297,flicker
7.2239,011,flicker
7.2287,170563,flicker
7.2320,169959,flicker
7.2364,170055,flicker
7.2402,698,flicker
7.2449,170027,flicker
7.2488,169817,flicker
7.2524,169867,flicker
7.2583,17,flicker
7.2611,169979,flicker
7.2626,16,flicker
7.2648,9812,flicker
7.2659,17022,flicker
7.2689,4,flicker
7.2689,170185,flicker
7.2743,16974,flicker
7.2780,169641,flicker
7.2812,170565,flicker
7.2852,170049,flicker
7.2893,170105,flicker
7.2936,170075,flicker
7.2976,170134,flicker
7.3016,170108,flicker
7.3058,170335,flicker
7.3102,169696,flicker
7.3140,170057,flicker
7.3180,170056,flicker
7.3221,170048,flicker
7.3262,169633,flicker
7.3303,170232,flicker
7.3344,170294,flicker
7.3384,170054,flicker
7.3428,170009,flicker
7.3467,169872,flicker
7.3508,169953,flicker
7.3550,170584,flicker
7.3602,170472,flicker
7.3630,170380,flicker
7.3671,169940,flicker
7.3712,170493,flicker
7.3767,169947,flicker
7.3794,170101,flicker
7.3835,170266,flicker
7.3877,169643,flicker
7.3894,16,flicker
7.3934,9930,flicker
7.3940,17021,flicker
7.3958,0,flicker
7.3959,170213,flicker
7.3998,170569,flicker
7.4040,169887,flicker
7.4087,169925,flicker
7.4123,170189,flicker
7.4164,169922,flicker
7.4204,170075,flicker
7.4247,170157,flicker
7.4285,170357,flicker
7.4326,170250,flicker
7.4371,170146,flicker
7.4410,7,flicker
7.4450,169618,flicker
7.4491,170005,flicker
7.4532,170442,flicker
7.4574,74,flicker
7.4637,170182,flicker
7.4668,169793,flicker
7.4695,170116,flicker
7.4753,7032,flicker
7.4785,170104,flicker
7.4820,170192,flicker
7.4860,169812,flicker
7.4902,6979,flicker
7.4954,170040,flicker
7.5002,170106,flicker
7.5024,170363,flicker
7.5070,7,flicker
7.5454,170464,flicker
7.5464,170261,flicker
7.5466,169813,flicker
7.5492,170122,flicker
7.5493,169667,flicker
7.5500,170014,flicker
7.5504,170019,flicker
7.5504,170054,flicker
7.5506,170021,flicker
7.5507,170140,flicker
7.5508,169834,flicker
7.5514,170403,flicker
7.5561,170382,flicker
7.5617,70,flicker
7.5646,170478,flicker
7.5682,169652,flicker
7.5720,169925,flicker
7.5764,170195,flicker
7.5801,170027,flicker
7.5843,170164,flicker
7.5883,170506,flicker
7.5933,170524,flicker
7.5966,169903,flicker
7.6007,169913,flicker
7.6047,169661,flicker
7.6090,170338,flicker
7.6129,170163,flicker
7.6170,170450,flicker
7.6211,170376,flicker
7.6253,170013,flicker
7.6293,170066,flicker
7.6334,169841,flicker
7.6374,170250,flicker
7.6419,170235,flicker
7.6430,1,flicker
7.6456,70249,flicker
7.6468,1695,flicker
7.6498,68,flicker
7.6514,170251,flicker
7.6538,170617,flicker
7.6579,70320,flicker
7.6623,170494,flicker
7.6666,170251,flicker
7.6705,170577,flicker
7.6743,70521,flicker
7.6787,170088,flicker
7.6830,170222,flicker
7.6868,169845,flicker
7.6907,70634,flicker
7.6957,169654,flicker
7.6991,170256,flicker
7.7030,170284,flicker
7.7071,70002,flicker
7.7118,169883,flicker
7.7158,169956,flicker
7.7194,170630,flicker
7.7235,70360,flicker
7.7278,169818,flicker
7.7330,169621,flicker
7.7358,169884,flicker
7.7451,170282,flicker
7.7490,169971,flicker
7.7521,170672,flicker
7.7574,72,flicker
7.7606,170233,flicker
7.7655,170429,flicker
7.7688,169785,flicker
7.7700,1,flicker
7.7728,69722,flicker
7.7744,10,flicker
7.7768,4,flicker
7.7782,170141,flicker
7.7816,170136,flicker
7.7849,170172,flicker
7.7890,170281,flicker
7.7940,170176,flicker
7.7972,169989,flicker
7.8013,169987,flicker
7.8054,169899,flicker
7.8096,169914,flicker
7.8135,169882,flicker
7.8176,170289,flicker
7.8219,170038,flicker
7.8262,169603,flicker
7.8300,170139,flicker
7.8341,169948,flicker
7.8381,169783,flicker
7.8427,169851,flicker
7.8463,169907,flicker
7.8504,170696,flicker
7.8546,169797,flicker
7.8594,169854,flicker
7.8628,169926,flicker
7.8668,170400,flicker
7.8710,170552,flicker
7.8754,169974,flicker
7.8791,170050,flicker
7.8832,169869,flicker
7.8875,170031,flicker
7.8916,169854,flicker
7.8959,170566,flicker
7.8967,1,flicker
7.8997,70753,flicker
7.9006,170,flicker
7.9036,351,flicker
7.9050,169867,flicker
7.9080,170237,flicker
7.9119,170450,flicker
7.9159,170224,flicker
7.9201,170138,flicker
7.9245,170224,flicker
7.9293,170010,flicker
7.9324,169660,flicker
7.9365,170432,flicker
7.9465,170007,flicker
7.9487,169569,flicker
7.9528,170316,flicker
7.9571,70425,flicker
7.9636,170348,flicker
7.9669,170329,flicker
7.9692,170621,flicker
7.9735,70189,flicker
7.9780,170269,flicker
7.9821,169966,flicker
7.9862,170169,flicker
7.9910,68,flicker
7.9942,170444,flicker
7.9990,170089,flicker
8.0020,170027,flicker
8.0062,169994,flicker
8.0105,170068,flicker
8.0144,170038,flicker
8.0183,170435,flicker
8.0226,170105,flicker
8.0266,170224,flicker
8.0279,169,flicker
8.0307,880,flicker
8.0324,170009,flicker
8.0348,170159,flicker
8.0389,169672,flicker
8.0435,170108,flicker
8.0471,169771,flicker
8.0511,170226,flicker
8.0553,169477,flicker
8.0596,170042,flicker
8.0634,169813,flicker
8.0675,169880,flicker
8.0718,169694,flicker
8.0758,170055,flicker
8.0798,169890,flicker
8.0840,169898,flicker
8.0880,170330,flicker
8.0923,170605,flicker
8.0962,170297,flicker
8.1002,169765,flicker
8.1044,169938,flicker
8.1086,170603,flicker
8.1125,170064,flicker
8.1166,169794,flicker
8.1209,169949,flicker
8.1252,170176,flicker
8.1290,170427,flicker
8.1331,170331,flicker
8.1371,170007,flicker
8.1424,170152,flicker
8.1453,169644,flicker
8.1494,169345,flicker
8.1536,170146,flicker
8.1549,169,flicker
8.1578,972,flicker
8.1592,169852,flicker
8.1618,170135,flicker
8.1659,170143,flicker
8.1699,170197,flicker
8.1743,170394,flicker
8.1782,170465,flicker
8.1822,170287,flicker
8.1863,170016,flicker
8.1921,6969,flicker
8.1948,169698,flicker
8.1986,170175,flicker
8.2026,170015,flicker
8.2083,69663,flicker
8.2111,170149,flicker
8.2152,170379,flicker
8.2190,170351,flicker
8.2248,7024,flicker
8.2275,169990,flicker
8.2323,169854,flicker
8.2369,169604,flicker
8.2396,70441,flicker
8.2443,170355,flicker
8.2483,170298,flicker
8.2528,169981,flicker
8.2561,169923,flicker
8.2605,170518,flicker
8.2644,170763,flicker
8.2682,169917,flicker
8.2724,170412,flicker
8.2766,169750,flicker
8.2805,170244,flicker
8.2818,16,flicker
8.2846,9703,flicker
8.2858,16984,flicker
8.2887,4,flicker
8.2888,169717,flicker
8.2928,170043,flicker
8.2968,170352,flicker
8.3009,169868,flicker
8.3052,169992,flicker
8.3095,169933,flicker
8.3133,169938,flicker
8.3173,169891,flicker
8.3216,169970,flicker
8.3259,169778,flicker
8.3296,170131,flicker
8.3338,170101,flicker
8.3378,170085,flicker
8.3425,170385,flicker
8.3460,169411,flicker
8.3501,169997,flicker
8.3542,170101,flicker
8.3590,170538,flicker
8.3624,170277,flicker
8.3665,170254,flicker
8.3706,169867,flicker
8.3751,170051,flicker
8.3790,170242,flicker
8.3829,169954,flicker
8.3869,169869,flicker
8.3918,169976,flicker
8.3952,169929,flicker
8.3993,170327,flicker
8.4033,170075,flicker
8.4081,170116,flicker
8.4096,17,flicker
8.4115,0428,flicker
8.4127,17007,flicker
8.4156,7,flicker
8.4157,170141,flicker
8.4198,170529,flicker
8.4243,169592,flicker
8.4286,170380,flicker
8.4321,169995,flicker
8.4362,170186,flicker
8.4403,73,flicker
8.4474,170044,flicker
8.4484,170133,flicker
8.4525,170030,flicker
8.4568,69980,flicker
8.4609,169820,flicker
8.4654,170132,flicker
8.4709,169717,flicker
8.4730,170630,flicker
8.4772,170387,flicker
8.4812,170229,flicker
8.4853,170109,flicker
8.4895,69940,flicker
8.4937,169886,flicker
8.4987,170193,flicker
8.5024,170177,flicker
8.5106,170049,flicker
8.5140,170695,flicker
8.5181,170586,flicker
8.5222,170521,flicker
8.5265,170562,flicker
8.5304,170409,flicker
8.5345,170332,flicker
8.5358,16,flicker
8.5387,9921,flicker
8.5408,17030,flicker
8.5429,2,flicker
8.5435,170080,flicker
8.5467,169788,flicker
8.5508,170362,flicker
8.5549,170127,flicker
8.5597,169738,flicker
8.5631,169933,flicker
8.5672,170333,flicker
8.5713,169859,flicker
8.5756,169973,flicker
8.5798,170021,flicker
8.5836,169889,flicker
8.5878,170582,flicker
8.5924,170171,flicker
8.5959,169888,flicker
8.5999,170451,flicker
8.6041,170776,flicker
8.6083,169911,flicker
8.6123,170391,flicker
8.6165,170159,flicker
8.6204,169965,flicker
8.6252,169981,flicker
8.6286,170632,flicker
8.6328,170288,flicker
8.6369,170202,flicker
8.6413,170302,flicker
8.6450,170530,flicker
8.6492,170274,flicker
8.6532,169809,flicker
8.6588,170169,flicker
8.6614,170373,flicker
8.6628,17,flicker
8.6656,0483,flicker
8.6669,1703,flicker
8.6696,03,flicker
8.6704,170360,flicker
8.6745,169911,flicker
8.6779,170160,flicker
8.6819,169995,flicker
8.6862,170287,flicker
8.6904,170237,flicker
8.6949,170576,flicker
8.6983,170395,flicker
8.7023,170086,flicker
8.7067,7026,flicker
8.7110,170240,flicker
8.7147,170791,flicker
8.7188,170154,flicker
8.7250,69733,flicker
8.7270,170290,flicker
8.7310,170013,flicker
8.7351,170780,flicker
8.7398,7008,flicker
8.7439,170373,flicker
8.7474,170139,flicker
8.7515,169564,flicker
8.7575,760,flicker
8.7598,170041,flicker
8.7638,169990,flicker
8.7679,170694,flicker
8.7720,170087,flicker
8.7767,170381,flicker
8.7802,170676,flicker
8.7843,170164,flicker
8.7885,170188,flicker
8.7898,1,flicker
8.7925,70025,flicker
8.7942,1701,flicker
8.7965,16,flicker
8.7978,170518,flicker
8.8008,170537,flicker
8.8048,170097,flicker
8.8097,170607,flicker
8.8130,170111,flicker
8.8170,170402,flicker
8.8212,170219,flicker
8.8259,170069,flicker
8.8293,170083,flicker
8.8334,170408,flicker
8.8376,170141,flicker
8.8421,170232,flicker
8.8457,170688,flicker
8.8499,170081,flicker
8.8540,170463,flicker
8.8583,170677,flicker
8.8621,169944,flicker
8.8663,170476,flicker
8.8703,170577,flicker
8.8749,170552,flicker
8.8785,170707,flicker
8.8826,169891,flicker
8.8869,170325,flicker
8.8913,170686,flicker
8.8949,170538,flicker
8.8989,170689,flicker
8.9031,170422,flicker
8.9072,70402,flicker
8.9115,170614,flicker
8.9159,170014,flicker
8.9195,170333,flicker
8.9205,170,flicker
8.9236,028,flicker
8.9243,170323,flicker
8.9277,170603,flicker
8.9318,170339,flicker
8.9358,171109,flicker
8.9412,7067,flicker
8.9451,170367,flicker
8.9484,170792,flicker
8.9522,170523,flicker
8.9582,4,flicker
8.9611,170097,flicker
8.9653,170104,flicker
8.9686,170816,flicker
8.9743,7,flicker
8.9776,170595,flicker
8.9811,170719,flicker
8.9850,169955,flicker
8.9940,170122,flicker
8.9977,170086,flicker
9.0013,170425,flicker
9.0056,6966,flicker
9.0100,170336,flicker
9.0140,170432,flicker
9.0185,170412,flicker
9.0219,170143,flicker
9.0261,170356,flicker
9.0300,170128,flicker
9.0341,169926,flicker
9.0384,170347,flicker
9.0428,170382,flicker
9.0465,169797,flicker
9.0481,170,flicker
9.0506,578,flicker
9.0519,170405,flicker
9.0547,170259,flicker
9.0594,170198,flicker
9.0629,170281,flicker
9.0669,170540,flicker
9.0711,170647,flicker
9.0759,170543,flicker
9.0793,170337,flicker
9.0834,170502,flicker
9.0874,170218,flicker
9.0918,170428,flicker
9.0956,170136,flicker
9.0997,170377,flicker
9.1038,170150,flicker
9.1087,170417,flicker
9.1119,170290,flicker
9.1160,170482,flicker
9.1201,170242,flicker
9.1245,170181,flicker
9.1289,170039,flicker
9.1324,170170,flicker
9.1365,169704,flicker
9.1410,170125,flicker
9.1448,169818,flicker
9.1489,170623,flicker
9.1529,170603,flicker
9.1572,170205,flicker
9.1612,170127,flicker
9.1653,169909,flicker
9.1693,169977,flicker
9.1742,170231,flicker
9.1754,170,flicker
9.1775,393,flicker
9.1785,170728,flicker
9.1816,170484,flicker
9.1857,170411,flicker
9.1901,170402,flicker
9.1939,169878,flicker
9.1979,171019,flicker
9.2021,170446,flicker
9.2062,69847,flicker
9.2109,170448,flicker
9.2151,170287,flicker
9.2184,170398,flicker
9.2227,755,flicker
9.2272,170344,flicker
9.2315,170275,flicker
9.2348,170170,flicker
9.2391,740,flicker
9.2445,717,flicker
9.2483,170069,flicker
9.2522,170480,flicker
9.2559,708,flicker
9.2595,170198,flicker
9.2636,171026,flicker
9.2676,170510,flicker
9.2727,1025,flicker
9.2766,170190,flicker
9.2799,170431,flicker
9.2840,170479,flicker
9.2881,170178,flicker
9.2926,170345,flicker
9.2965,170396,flicker
9.3004,170245,flicker
9.3017,17,flicker
9.3045,0346,flicker
9.3049,17060,flicker
9.3087,1,flicker
9.3092,170632,flicker
9.3126,170803,flicker
9.3168,170238,flicker
9.3209,170682,flicker
9.3257,170434,flicker
9.3292,170471,flicker
9.3331,170258,flicker
9.3372,170417,flicker
9.3416,170651,flicker
9.3458,170017,flicker
9.3495,169704,flicker
9.3536,170276,flicker
9.3580,170768,flicker
9.3622,170314,flicker
9.3659,170239,flicker
9.3700,170018,flicker
9.3746,170516,flicker
9.3786,170479,flicker
9.3823,170263,flicker
9.3864,170618,flicker
9.3910,169721,flicker
9.3949,170644,flicker
9.3987,170551,flicker
9.4028,170123,flicker
9.4072,170633,flicker
9.4117,170100,flicker
9.4150,170321,flicker
9.4191,170807,flicker
9.4244,703,flicker
9.4277,170489,flicker
9.4301,17,flicker
9.4317,0092,flicker
9.4334,17031,flicker
9.4355,5,flicker
9.4371,170218,flicker
9.4410,170413,flicker
9.4437,170576,flicker
9.4478,169807,flicker
9.4519,170920,flicker
9.4575,781,flicker
9.4608,170634,flicker
9.4647,170486,flicker
9.4696,170624,flicker
9.4725,707,flicker
9.4777,170227,flicker
9.4806,170623,flicker
9.4847,170780,flicker
9.4903,70104,flicker
9.4939,170409,flicker
9.4970,170640,flicker
9.5010,170785,flicker
9.5067,732,flicker
9.5103,170806,flicker
9.5136,170719,flicker
9.5174,170026,flicker
9.5274,170198,flicker
9.5298,170646,flicker
9.5338,170514,flicker
9.5380,170249,flicker
9.5424,169969,flicker
9.5461,170040,flicker
9.5502,170111,flicker
9.5544,170374,flicker
9.5557,1,flicker
9.5585,70666,flicker
9.5595,1707,flicker
9.5625,34,flicker
9.5639,170376,flicker
9.5666,170467,flicker
9.5708,170258,flicker
9.5753,170782,flicker
9.5789,170404,flicker
9.5830,170580,flicker
9.5871,170133,flicker
9.5918,170891,flicker
9.5953,169955,flicker
9.5994,170313,flicker
9.6035,169899,flicker
9.6079,169890,flicker
9.6117,170067,flicker
9.6159,169869,flicker
9.6198,170861,flicker
9.6243,170492,flicker
9.6281,170262,flicker
9.6322,170340,flicker
9.6362,170185,flicker
9.6416,170443,flicker
9.6444,170534,flicker
9.6485,170394,flicker
9.6526,170482,flicker
9.6580,170032,flicker
9.6608,170025,flicker
9.6649,170561,flicker
9.6690,170273,flicker
9.6743,704,flicker
9.6804,170451,flicker
9.6813,170638,flicker
9.6826,1,flicker
9.6854,70458,flicker
9.6871,1707,flicker
9.6909,19,flicker
9.6944,170562,flicker
9.6979,170468,flicker
9.7018,170834,flicker
9.7074,170731,flicker
9.7099,170392,flicker
9.7140,170097,flicker
9.7181,170193,flicker
9.7224,76,flicker
9.7275,170131,flicker
9.7304,170265,flicker
9.7345,170606,flicker
9.7398,78,flicker
9.7437,170444,flicker
9.7468,170347,flicker
9.7509,170778,flicker
9.7567,05,flicker
9.7600,170153,flicker
9.7644,170928,flicker
9.7673,170520,flicker
9.7716,78,flicker
9.7764,170032,flicker
9.7806,170466,flicker
9.7837,170627,flicker
9.7879,170491,flicker
9.7924,170678,flicker
9.7960,170975,flicker
9.8001,170450,flicker
9.8042,170516,flicker
9.8083,170272,flicker
9.8124,170089,flicker
9.8134,170,flicker
9.8165,657,flicker
9.8174,170889,flicker
9.8206,170767,flicker
9.8252,170390,flicker
9.8288,170776,flicker
9.8328,170340,flicker
9.8369,170581,flicker
9.8412,170401,flicker
9.8451,170666,flicker
9.8492,170447,flicker
9.8536,170673,flicker
9.8576,171010,flicker
9.8615,170111,flicker
9.8656,170230,flicker
9.8697,170493,flicker
9.8741,170590,flicker
9.8779,170784,flicker
9.8820,170089,flicker
9.8860,170973,flicker
9.8903,170204,flicker
9.8943,170541,flicker
9.8984,170318,flicker
9.9024,170118,flicker
9.9075,170672,flicker
9.9106,170079,flicker
9.9148,170491,flicker
9.9188,170600,flicker
9.9246,16995,flicker
9.9271,170367,flicker
9.9312,170197,flicker
9.9353,170019,flicker
9.9398,170483,flicker
9.9409,170,flicker
9.9435,202,flicker
9.9447,17018,flicker
9.9482,5,flicker
9.9483,170643,flicker
9.9516,169692,flicker
9.9573,79,flicker
9.9611,170466,flicker
9.9639,170293,flicker
9.9680,170219,flicker
9.9723,70656,flicker
9.9769,170744,flicker
9.9803,170389,flicker
9.9844,170434,flicker
9.9899,4,flicker
9.9927,170436,flicker
9.9967,170694,flicker
10.0009,170272,flicker
10.0049,70186,flicker
10.0100,170567,flicker
10.0131,170758,flicker
10.0172,170646,flicker
10.0215,170057,flicker
10.0254,170274,flicker
10.0294,169760,flicker
10.0335,170137,flicker
10.0376,170715,flicker
10.0419,170479,flicker
10.0459,170229,flicker
10.0499,170435,flicker
10.0541,170250,flicker
10.0582,170352,flicker
10.0622,170403,flicker
10.0663,170492,flicker
10.0679,17,flicker
10.0704,0408,flicker
10.0714,17100,flicker
10.0745,7,flicker
10.0745,170472,flicker
10.0787,170707,flicker
10.0827,170721,flicker
10.0868,170492,flicker
10.0912,170675,flicker
10.0950,170002,flicker
10.0992,170171,flicker
10.1032,170105,flicker
10.1075,169982,flicker
10.1114,170531,flicker
10.1155,170259,flicker
10.1195,170389,flicker
10.1248,170476,flicker
10.1278,170257,flicker
10.1318,170116,flicker
10.1359,170356,flicker
10.1403,170296,flicker
10.1441,170395,flicker
10.1482,170623,flicker
10.1523,170209,flicker
10.1565,77,flicker
10.1611,169603,flicker
10.1651,170026,flicker
10.1687,170563,flicker
10.1732,170390,flicker
10.1769,170093,flicker
10.1810,170394,flicker
10.1850,170199,flicker
10.1893,7091,flicker
10.1936,170706,flicker
10.1958,17,flicker
10.1974,0325,flicker
10.1990,17067,flicker
10.2015,0,flicker
10.2015,170221,flicker
10.2061,7068,flicker
10.2103,170111,flicker
10.2138,170932,flicker
10.2178,170800,flicker
10.2221,702,flicker
10.2262,170290,flicker
10.2306,170353,flicker
10.2342,170047,flicker
10.2385,703,flicker
10.2431,170891,flicker
10.2465,170147,flicker
10.2506,170444,flicker
10.2547,70766,flicker
10.2596,170484,flicker
10.2636,170480,flicker
10.2680,170407,flicker
10.2711,170284,flicker
10.2759,170515,flicker
10.2793,170491,flicker
10.2834,170101,flicker
10.2875,170342,flicker
10.2918,170439,flicker
10.2957,170287,flicker
10.2998,170789,flicker
10.3039,170249,flicker
10.3083,171109,flicker
10.3120,170298,flicker
10.3161,170684,flicker
10.3203,170879,flicker
10.3215,17,flicker
10.3244,0484,flicker
10.3260,17115,flicker
10.3284,4,flicker
10.3285,170243,flicker
10.3325,170400,flicker
10.3366,170495,flicker
10.3408,170561,flicker
10.3448,170254,flicker
10.3489,170402,flicker
10.3530,170577,flicker
10.3573,170447,flicker
10.3612,170181,flicker
10.3653,169934,flicker
10.3694,170190,flicker
10.3742,170423,flicker
10.3776,170296,flicker
10.3817,170076,flicker
10.3859,170165,flicker
10.3901,170775,flicker
10.3940,170815,flicker
10.3981,170371,flicker
10.4022,169821,flicker
10.4067,170520,flicker
10.4103,170116,flicker
10.4144,170291,flicker
10.4185,170261,flicker
10.4228,1059,flicker
10.4271,169808,flicker
10.4308,170425,flicker
10.4349,169631,flicker
10.4390,70089,flicker
10.4435,170384,flicker
10.4477,170482,flicker
10.4488,1,flicker
10.4513,70331,flicker
10.4526,1698,flicker
10.4555,2,flicker
10.4568,716,flicker
10.4595,170211,flicker
10.4636,170378,flicker
10.4677,170860,flicker
10.4732,7023,flicker
10.4765,170554,flicker
10.4800,170608,flicker
10.4840,170514,flicker
10.4892,77,flicker
10.4932,170646,flicker
10.4964,169979,flicker
10.5005,169836,flicker
10.5059,75,flicker
10.5097,170040,flicker
10.5128,170577,flicker
10.5168,170461,flicker
10.5211,170328,flicker
10.5254,170441,flicker
10.5292,170332,flicker
10.5332,171006,flicker
10.5373,170451,flicker
10.5414,170583,flicker
10.5455,170175,flicker
10.5496,170264,flicker
10.5537,170895,flicker
10.5582,170479,flicker
10.5619,170482,flicker
10.5660,170622,flicker
10.5702,169832,flicker
10.5746,170130,flicker
10.5762,1,flicker
10.5783,70772,flicker
10.5799,1711,flicker
10.5824,51,flicker
10.5836,170628,flicker
10.5865,170678,flicker
10.5911,170736,flicker
10.5947,170339,flicker
10.5988,170094,flicker
10.6028,170378,flicker
10.6078,170461,flicker
10.6110,171047,flicker
10.6151,170299,flicker
10.6192,170196,flicker
10.6239,169982,flicker
10.6274,170452,flicker
10.6315,170216,flicker
10.6356,170304,flicker
10.6399,170339,flicker
10.6438,170505,flicker
10.6479,170470,flicker
10.6520,170435,flicker
10.6565,170766,flicker
10.6602,171158,flicker
10.6643,170739,flicker
10.6684,170406,flicker
10.6733,170538,flicker
10.6766,170347,flicker
10.6807,170143,flicker
10.6848,170145,flicker
10.6894,170387,flicker
10.6930,170360,flicker
10.6971,170611,flicker
10.7011,170893,flicker
10.7055,170309,flicker
10.7072,170,flicker
10.7093,533,flicker
10.7104,169785,flicker
10.7135,170480,flicker
10.7175,171153,flicker
10.7217,40,flicker
10.7258,170202,flicker
10.7307,170540,flicker
10.7339,170329,flicker
10.7381,7056,flicker
10.7423,170171,flicker
10.7464,170880,flicker
10.7503,170730,flicker
10.7545,06,flicker
10.7595,170649,flicker
10.7626,170605,flicker
10.7666,170580,flicker
10.7710,03,flicker
10.7758,170256,flicker
10.7791,170483,flicker
10.7831,170595,flicker
10.7872,170516,flicker
10.7915,170430,flicker
10.7954,170098,flicker
10.7995,170089,flicker
10.8036,170427,flicker
10.8078,170437,flicker
10.8118,170602,flicker
10.8158,171009,flicker
10.8200,170091,flicker
10.8245,169973,flicker
10.8281,170430,flicker
10.8322,170238,flicker
10.8336,170,flicker
10.8364,973,flicker
10.8382,170640,flicker
10.8409,170332,flicker
10.8445,170408,flicker
10.8486,170381,flicker
10.8527,170541,flicker
10.8573,169904,flicker
10.8609,170285,flicker
10.8649,170661,flicker
10.8692,170319,flicker
10.8735,170722,flicker
10.8773,170570,flicker
10.8813,169893,flicker
10.8856,170309,flicker
10.8900,170528,flicker
10.8936,170953,flicker
10.8978,170435,flicker
10.9018,170500,flicker
10.9062,170419,flicker
10.9101,170860,flicker
10.9141,170611,flicker
10.9182,170627,flicker
10.9226,170510,flicker
10.9264,170417,flicker
10.9305,170431,flicker
10.9346,170495,flicker
10.9390,169942,flicker
10.9428,170041,flicker
10.9470,170521,flicker
10.9513,170519,flicker
10.9557,170006,flicker
10.9592,170698,flicker
10.9605,170,flicker
10.9633,491,flicker
10.9645,170233,flicker
10.9674,170103,flicker
10.9716,7046,flicker
10.9759,170366,flicker
10.9798,170645,flicker
10.9838,170676,flicker
10.9891,703,flicker
10.9927,170988,flicker
10.9966,170686,flicker
11.0001,170525,flicker
11.0056,73,flicker
11.0084,170505,flicker
11.0124,169913,flicker
11.0165,170341,flicker
11.0208,170265,flicker
11.0248,170438,flicker
11.0288,170852,flicker
11.0329,170570,flicker
11.0370,170558,flicker
11.0415,170221,flicker
11.0452,170560,flicker
11.0493,169948,flicker
11.0534,170333,flicker
11.0577,170467,flicker
11.0616,170522,flicker
11.0657,170468,flicker
11.0698,170184,flicker
11.0741,170414,flicker
11.0780,170456,flicker
11.0821,170620,flicker
11.0862,170424,flicker
11.0879,17,flicker
11.0905,0489,flicker
11.0914,17089,flicker
11.0943,4,flicker
11.0944,170904,flicker
11.0984,169928,flicker
11.1026,170760,flicker
11.1069,170348,flicker
11.1108,170239,flicker
11.1148,170647,flicker
11.1191,170742,flicker
11.1231,170725,flicker
11.1271,170654,flicker
11.1312,170773,flicker
11.1355,170469,flicker
11.1398,170189,flicker
11.1435,170672,flicker
11.1476,170125,flicker
11.1517,170452,flicker
11.1568,170007,flicker
11.1599,170505,flicker
11.1640,170335,flicker
11.1681,170505,flicker
11.1723,70625,flicker
11.1765,170386,flicker
11.1807,170666,flicker
11.1844,170485,flicker
11.1886,70360,flicker
11.1929,170632,flicker
11.1968,170754,flicker
11.2009,170232,flicker
11.2059,170194,flicker
11.2091,170620,flicker
11.2131,169854,flicker
11.2142,1,flicker
11.2172,70233,flicker
11.2186,1703,flicker
11.2215,06,flicker
11.2228,170766,flicker
11.2254,170407,flicker
11.2295,170652,flicker
11.2336,170249,flicker
11.2378,77,flicker
11.2420,170723,flicker
11.2462,170515,flicker
11.2500,169607,flicker
11.2557,03,flicker
11.2583,170234,flicker
11.2623,170660,flicker
11.2664,170734,flicker
11.2708,1797,flicker
11.2747,170305,flicker
11.2788,170603,flicker
11.2828,170676,flicker
11.2869,170287,flicker
11.2910,170840,flicker
11.2950,170125,flicker
11.2991,170055,flicker
11.3033,170483,flicker
11.3080,170558,flicker
11.3114,170946,flicker
11.3155,170415,flicker
11.3197,169953,flicker
11.3241,170322,flicker
11.3278,170939,flicker
11.3319,170703,flicker
11.3361,170700,flicker
11.3406,170323,flicker
11.3426,1,flicker
11.3442,70457,flicker
11.3457,1700,flicker
11.3483,86,flicker
11.3497,170582,flicker
11.3526,170049,flicker
11.3577,170702,flicker
11.3606,170545,flicker
11.3647,170312,flicker
11.3688,170502,flicker
11.3731,170356,flicker
11.3770,170079,flicker
11.3811,170852,flicker
11.3853,170198,flicker
11.3894,170512,flicker
11.3933,170424,flicker
11.3974,170647,flicker
11.4016,169946,flicker
11.4063,170355,flicker
11.4098,170707,flicker
11.4138,170311,flicker
11.4181,170200,flicker
11.4229,170790,flicker
11.4261,170356,flicker
11.4302,170281,flicker
11.4343,169999,flicker
11.4402,7,flicker
11.4438,170073,flicker
11.4467,170954,flicker
11.4507,170709,flicker
11.4556,170813,flicker
11.4589,170326,flicker
11.4629,170328,flicker
11.4671,170823,flicker
11.4729,7037,flicker
11.4753,99,flicker
11.4765,170182,flicker
11.4794,170496,flicker
11.4835,170414,flicker
11.4885,70571,flicker
11.4921,170342,flicker
11.4960,170714,flicker
11.4999,170263,flicker
11.5042,70257,flicker
11.5093,170351,flicker
11.5125,170439,flicker
11.5162,170383,flicker
11.5215,1707,flicker
11.5252,170449,flicker
11.5287,170089,flicker
11.5326,170723,flicker
11.5368,170816,flicker
11.5414,170666,flicker
11.5449,170396,flicker
11.5490,170410,flicker
11.5531,169816,flicker
11.5572,170167,flicker
11.5613,170743,flicker
11.5654,170798,flicker
11.5695,170786,flicker
11.5744,170729,flicker
11.5777,170481,flicker
11.5818,170139,flicker
11.5860,170048,flicker
11.5909,170356,flicker
11.5940,170397,flicker
11.5982,170782,flicker
11.5992,170,flicker
11.6023,555,flicker
11.6036,170526,flicker
11.6073,170347,flicker
11.6104,170404,flicker
11.6145,170515,flicker
11.6186,170354,flicker
11.6233,170183,flicker
11.6268,170465,flicker
11.6309,170106,flicker
11.6351,170247,flicker
11.6400,169863,flicker
11.6432,170421,flicker
11.6473,170568,flicker
11.6514,170855,flicker
11.6559,170109,flicker
11.6596,170435,flicker
11.6637,170064,flicker
11.6678,170005,flicker
11.6724,170651,flicker
11.6760,170125,flicker
11.6801,170518,flicker
11.6841,170239,flicker
11.6883,70303,flicker
11.6934,170295,flicker
11.6971,170430,flicker
11.7005,170471,flicker
11.7059,70,flicker
11.7099,170272,flicker
11.7128,170276,flicker
11.7169,170169,flicker
11.7211,701,flicker
11.7256,170239,flicker
11.7278,169,flicker
11.7293,833,flicker
11.7302,17061,flicker
11.7333,2,flicker
11.7333,170084,flicker
11.7388,70,flicker
11.7428,170144,flicker
11.7456,170307,flicker
11.7497,170431,flicker
11.7539,7741,flicker
11.7581,170666,flicker
11.7621,170262,flicker
11.7661,170061,flicker
11.7704,170704,flicker
11.7748,170387,flicker
11.7783,170382,flicker
11.7824,170576,flicker
11.7866,170338,flicker
11.7908,170231,flicker
11.7948,170550,flicker
11.7988,170166,flicker
11.8029,170631,flicker
11.8071,170554,rest
11.8113,170022,rest
11.8152,169976,rest
11.8194,170633,rest
11.8238,170673,rest
11.8275,170253,rest
11.8316,170158,rest
11.8357,170533,rest
11.8402,170033,rest
11.8439,170018,rest
11.8480,170603,rest
11.8523,170255,rest
11.8526,169,rest
11.8563,976,rest
11.8580,17016,rest
11.8603,7,rest
11.8604,170067,rest
11.8644,169711,rest
11.8685,169982,rest
11.8732,170490,rest
11.8767,170204,rest
11.8808,170860,rest
11.8848,170148,rest
11.8895,170391,rest
11.8930,169921,rest
11.8971,170391,rest
11.9013,170095,rest
11.9058,170333,rest
11.9094,170270,rest
11.9135,170174,rest
11.9178,170608,rest
11.9220,170219,rest
11.9258,170782,rest
11.9299,170320,rest
11.9340,170601,rest
11.9384,170420,rest
11.9422,170739,rest
11.9463,170175,rest
11.9504,170294,rest
11.9563,7016,rest
11.9588,170537,rest
11.9632,170422,rest
11.9668,170605,rest
11.9714,170775,rest
11.9750,170682,rest
11.9791,170418,rest
11.9804,17,rest
11.9832,0067,rest
11.9842,17066,rest
11.9891,1707,rest
11.9917,170252,rest
11.9954,170254,rest
11.9995,170785,rest
12.0047,7,rest
12.0088,170670,rest
12.0120,170507,rest
12.0160,170182,rest
12.0216,170657,rest
12.0241,170403,rest
12.0282,170491,rest
12.0323,170683,rest
12.0364,170607,rest
12.0406,170380,rest
12.0446,170262,rest
12.0487,170587,rest
12.0528,170338,rest
12.0574,170647,rest
12.0610,170209,rest
12.0651,170210,rest
12.0692,170236,rest
12.0745,170717,rest
12.0774,170298,rest
12.0814,170379,rest
12.0856,170438,rest
12.0906,170130,rest
12.0937,170446,rest
12.0979,170250,rest
12.1019,170289,rest
12.1068,170010,rest
12.1088,1,rest
12.1101,70556,rest
12.1111,1705,rest
12.1142,55,rest
12.1156,170323,rest
12.1183,170204,rest
12.1237,170092,rest
12.1265,169671,rest
12.1306,170302,rest
12.1347,170686,rest
12.1390,170589,rest
12.1430,170286,rest
12.1471,170338,rest
12.1511,170500,rest
12.1555,170298,rest
12.1594,169963,rest
12.1634,169802,rest
12.1674,170291,rest
12.1724,170910,rest
12.1757,169716,rest
12.1797,170541,rest
12.1841,170895,rest
12.1886,170007,rest
12.1921,170330,rest
12.1962,170381,rest
12.2002,170548,rest
12.2057,70450,rest
12.2085,170088,rest
12.2135,170325,rest
12.2166,170206,rest
12.2220,708,rest
12.2254,170029,rest
12.2296,170474,rest
12.2330,169652,rest
12.2340,1,rest
12.2374,74,rest
12.2412,00,rest
12.2429,170100,rest
12.2453,170267,rest
12.2494,170031,rest
12.2536,023,rest
12.2582,170832,rest
12.2617,170296,rest
12.2658,170372,rest
12.2699,170321,rest
12.2740,170098,rest
12.2781,170073,rest
12.2822,170081,rest
12.2863,170223,rest
12.2912,169860,rest
12.2945,170245,rest
12.2986,170343,rest
12.3027,170071,rest
12.3068,169883,rest
12.3108,170578,rest
12.3149,170202,rest
12.3190,170072,rest
12.3240,170179,rest
12.3272,170750,rest
12.3313,170526,rest
12.3354,170164,rest
12.3403,169870,rest
12.3436,170412,rest
12.3477,169845,rest
12.3521,170618,rest
12.3568,170301,rest
12.3600,170284,rest
12.3616,1,rest
12.3641,69910,rest
12.3653,1699,rest
12.3682,96,rest
12.3686,169867,rest
12.3729,170085,rest
12.3764,170393,rest
12.3804,170418,rest
12.3847,170689,rest
12.3893,170390,rest
12.3928,169971,rest
12.3968,170270,rest
12.4009,170168,rest
12.4055,170415,rest
12.4091,170101,rest
12.4132,170413,rest
12.4173,170522,rest
12.4218,170497,rest
12.4264,170227,rest
12.4296,170150,rest
12.4337,170714,rest
12.4396,7016,rest
12.4420,170483,rest
12.4460,170457,rest
12.4500,170004,rest
12.4542,69813,rest
12.4590,170049,rest
12.4633,170140,rest
12.4665,170459,rest
12.4710,170153,rest
12.4747,170343,rest
12.4788,170385,rest
12.4828,169667,rest
12.4887,93,rest
12.4913,0471,rest
12.4924,1700,rest
12.4953,13,rest
12.4965,170869,rest
12.4993,170149,rest
12.5038,0,rest
12.5082,170216,rest
12.5115,170508,rest
12.5156,170589,rest
12.5207,17,rest
12.5246,170373,rest
12.5279,170345,rest
12.5320,170762,rest
12.5361,170338,rest
12.5406,169916,rest
12.5443,169840,rest
12.5484,170642,rest
12.5525,170070,rest
12.5570,170030,rest
12.5607,170481,rest
12.5648,170398,rest
12.5689,170267,rest
12.5734,170349,rest
12.5771,170282,rest
12.5812,170142,rest
12.5853,170244,rest
12.5904,169779,rest
12.5934,170208,rest
12.5975,170156,rest
12.6017,169743,rest
12.6060,169990,rest
12.6098,169853,rest
12.6139,169618,rest
12.6150,1,rest
12.6181,70158,rest
12.6194,169,rest
12.6223,827,rest
12.6233,169894,rest
12.6262,170500,rest
12.6303,170148,rest
12.6345,170138,rest
12.6388,170364,rest
12.6426,170283,rest
12.6467,169995,rest
12.6508,170558,rest
12.6551,170122,rest
12.6596,170416,rest
12.6631,170119,rest
12.6671,170381,rest
12.6718,169793,rest
12.6754,170432,rest
12.6794,169764,rest
12.6835,169934,rest
12.6888,700,rest
12.6920,170072,rest
12.6959,169837,rest
12.7000,169985,rest
12.7043,170670,rest
12.7081,170000,rest
12.7122,170485,rest
12.7163,170620,rest
12.7221,7083,rest
12.7249,170031,rest
12.7293,170270,rest
12.7327,169855,rest
12.7381,99,rest
12.7417,170381,rest
12.7458,170143,rest
12.7468,170,rest
12.7491,496,rest
12.7506,170115,rest
12.7534,17011,rest
12.7576,170327,rest
12.7617,170136,rest
12.7655,170289,rest
12.7698,7,rest
12.7750,170259,rest
12.7789,170708,rest
12.7819,169714,rest
12.7860,170197,rest
12.7904,170372,rest
12.7944,170042,rest
12.7983,170302,rest
12.8023,169563,rest
12.8067,170779,rest
12.8105,170271,rest
12.8146,170185,rest
12.8188,169918,rest
12.8230,170286,rest
12.8269,169728,rest
12.8310,170433,rest
12.8351,170001,rest
12.8398,170608,rest
12.8433,170389,rest
12.8474,170163,rest
12.8517,169348,rest
12.8563,170091,rest
12.8597,170186,rest
12.8638,170143,rest
12.8679,170010,rest
12.8726,170005,rest
12.8739,16,rest
12.8761,9952,rest
12.8772,17023,rest
12.8802,3,rest
12.8802,169993,rest
12.8842,170151,rest
12.8887,170261,rest
12.8925,170427,rest
12.8965,170107,rest
12.9006,170131,rest
12.9048,170083,rest
12.9088,169657,rest
12.9129,169915,rest
12.9170,170301,rest
12.9228,6962,rest
12.9257,170038,rest
12.9301,170498,rest
12.9334,170127,rest
12.9392,709,rest
12.9423,170378,rest
12.9459,170431,rest
12.9500,170062,rest
12.9552,706,rest
12.9582,169699,rest
12.9621,169971,rest
12.9661,170450,rest
12.9721,71,rest
12.9754,170021,rest
12.9784,170240,rest
12.9825,170190,rest
12.9885,702,rest
12.9912,170468,rest
12.9949,169983,rest
12.9989,170056,rest
13.0003,17,rest
13.0045,511983,rest
13.0091,170266,rest
13.0121,170109,rest
13.0153,170457,rest
13.0196,9,rest
13.0242,170325,rest
13.0276,169986,rest
13.0317,170594,rest
13.0358,170617,rest
13.0399,170128,rest
13.0440,170426,rest
13.0481,170622,rest
13.0522,170496,rest
13.0563,170281,rest
13.0603,170892,rest
13.0645,170099,rest
13.0686,169894,rest
13.0730,170258,rest
13.0768,169995,rest
13.0808,170215,rest
13.0850,170495,rest
13.0897,170006,rest
13.0932,170224,rest
13.0972,170292,rest
13.1013,170769,rest
13.1056,170607,rest
13.1095,171281,rest
13.1136,170687,rest
13.1177,170233,rest
13.1227,170229,rest
13.1259,170661,rest
13.1271,1,rest
13.1300,70058,rest
13.1311,1701,rest
13.1342,42,rest
13.1345,170155,rest
13.1389,170011,rest
13.1423,169599,rest
13.1464,170312,rest
13.1505,170277,rest
13.1547,169955,rest
13.1587,170280,rest
13.1628,170275,rest
13.1668,170492,rest
13.1713,170061,rest
13.1751,170226,rest
13.1792,170201,rest
13.1832,169938,rest
13.1879,170090,rest
13.1914,170288,rest
13.1955,170317,rest
13.1996,170396,rest
13.2059,702,rest
13.2079,170170,rest
13.2119,170170,rest
13.2160,170331,rest
13.2220,0,rest
13.2260,170298,rest
13.2283,170125,rest
13.2324,170307,rest
13.2376,69,rest
13.2414,169932,rest
13.2447,170426,rest
13.2488,170004,rest
13.2543,01,rest
13.2571,69563,rest
13.2587,1701,rest
13.2611,97,rest
13.2626,170215,rest
13.2652,170245,rest
13.2693,170089,rest
13.2736,169979,rest
13.2774,170094,rest
13.2815,170499,rest
13.2857,170294,rest
13.2901,170251,rest
13.2938,170374,rest
13.2979,170001,rest
13.3020,170303,rest
13.3066,170342,rest
13.3102,170181,rest
13.3143,170571,rest
13.3184,169995,rest
13.3229,170020,rest
13.3266,170144,rest
13.3307,170299,rest
13.3350,170185,rest
13.3395,170268,rest
13.3430,170251,rest
13.3471,170738,rest
13.3514,170554,rest
13.3555,170186,rest
13.3593,170492,rest
13.3634,170352,rest
13.3676,170064,rest
13.3725,170455,rest
13.3758,170559,rest
13.3798,170494,rest
13.3812,1,rest
13.3842,70488,rest
13.3856,1701,rest
13.3885,37,rest
13.3901,170303,rest
13.3923,170308,rest
13.3963,170307,rest
13.4003,170847,rest
13.4047,170688,rest
13.4087,169865,rest
13.4126,170658,rest
13.4167,170388,rest
13.4211,170408,rest
13.4251,170272,rest
13.4291,170151,rest
13.4331,170388,rest
13.4373,170710,rest
13.4419,170402,rest
13.4455,170320,rest
13.4497,170124,rest
13.4537,70186,rest
13.4579,170458,rest
13.4626,170456,rest
13.4659,170138,rest
13.4713,7033,rest
13.4743,170283,rest
13.4790,169981,rest
13.4824,170615,rest
13.4866,64,rest
13.4913,170152,rest
13.4955,170036,rest
13.4989,170259,rest
13.5039,705,rest
13.5086,169907,rest
13.5109,169989,rest
13.5123,170,rest
13.5152,236,rest
13.5170,169827,rest
13.5194,170085,rest
13.5235,170387,rest
13.5274,170069,rest
13.5314,169794,rest
13.5356,170328,rest
13.5399,170617,rest
13.5438,169741,rest
13.5479,170282,rest
13.5519,170511,rest
13.5560,169987,rest
13.5600,170302,rest
13.5641,170216,rest
13.5684,170094,rest
13.5726,170496,rest
13.5766,170057,rest
13.5807,170086,rest
13.5847,170279,rest
13.5895,170527,rest
13.5929,170302,rest
13.5970,170456,rest
13.6011,170272,rest
13.6061,170737,rest
13.6093,171113,rest
13.6134,170489,rest
13.6174,170339,rest
13.6218,170224,rest
13.6257,170560,rest
13.6299,170342,rest
13.6338,170436,rest
13.6382,170485,rest
13.6397,170,rest
13.6420,526,rest
13.6431,17033,rest
13.6461,9,rest
13.6461,170606,rest
13.6503,170781,rest
13.6545,170158,rest
13.6589,170364,rest
13.6625,170303,rest
13.6665,170432,rest
13.6749,170029,rest
13.6788,170450,rest
13.6830,170135,rest
13.6874,170751,rest
13.6914,170154,rest
13.6954,170515,rest
13.6993,170658,rest
13.7036,7022,rest
13.7093,170254,rest
13.7119,170297,rest
13.7158,170408,rest
13.7201,170277,rest
13.7239,170876,rest
13.7280,170199,rest
13.7321,170271,rest
13.7363,5,rest
13.7404,170462,rest
13.7444,170812,rest
13.7485,169898,rest
13.7537,09,rest
13.7577,170689,rest
13.7609,170309,rest
13.7650,170103,rest
13.7662,170,rest
13.7710,17025,rest
13.7731,7,rest
13.7733,170825,rest
13.7772,170586,rest
13.7813,170674,rest
13.7855,170801,rest
13.7896,170557,rest
13.7935,169944,rest
13.7976,170683,rest
13.8018,170183,rest
13.8063,171162,rest
13.8100,170331,rest
13.8141,170682,rest
13.8182,170300,rest
13.8228,170119,rest
13.8264,170347,rest
13.8305,170199,rest
13.8345,170800,rest
13.8391,170167,rest
13.8428,170297,rest
13.8468,170687,rest
13.8509,170377,rest
13.8551,170316,rest
13.8591,170734,rest
13.8631,170387,rest
13.8675,169875,rest
13.8715,170400,rest
13.8754,170526,rest
13.8795,170603,rest
13.8838,170506,rest
13.8880,170527,rest
13.8920,169898,rest
13.8931,17,rest
13.8959,0200,rest
13.8970,17044,rest
13.9000,5,rest
13.9002,170737,rest
13.9041,170268,rest
13.9082,170489,rest
13.9123,170341,rest
13.9164,170677,rest
13.9209,170683,rest
13.9246,170637,rest
13.9287,170690,rest
13.9328,170733,rest
13.9375,170040,rest
13.9410,170707,rest
13.9451,170509,rest
13.9494,170228,rest
13.9538,170721,rest
13.9574,170263,rest
13.9614,170574,rest
13.9656,170484,rest
13.9712,17055,rest
13.9738,170387,rest
13.9778,170548,rest
13.9819,170290,rest
13.9862,01,rest
13.9911,170572,rest
13.9943,170628,rest
13.9983,170391,rest
14.0034,17069,rest
14.0065,170208,rest
14.0115,170244,rest
14.0148,170421,rest
14.0189,170554,rest
14.0199,17,rest
14.0229,0511,rest
14.0244,1703,rest
14.0270,23,rest
14.0271,170277,rest
14.0311,169897,rest
14.0353,170562,rest
14.0394,170578,rest
14.0434,170123,rest
14.0474,170703,rest
14.0516,170562,rest
14.0559,170789,rest
14.0597,170515,rest
14.0638,170204,rest
14.0681,170301,rest
14.0729,170154,rest
14.0761,170553,rest
14.0802,170446,rest
14.0844,169977,rest
14.0893,170783,rest
14.0925,170924,rest
14.0966,170367,rest
14.1011,170056,rest
14.1051,169999,rest
14.1089,170501,rest
14.1130,170510,rest
14.1174,171010,rest
14.1214,170388,rest
14.1253,170758,rest
14.1294,170720,rest
14.1335,170456,rest
14.1379,170075,rest
14.1420,170494,rest
14.1458,170343,rest
14.1469,1,rest
14.1499,70228,rest
14.1515,1704,rest
14.1543,94,rest
14.1567,170336,rest
14.1581,170449,rest
14.1621,170119,rest
14.1663,170067,rest
14.1704,17,rest
14.1709,552,rest
14.1747,170646,rest
14.1785,170861,rest
14.1826,170548,rest
14.1869,7028,rest
14.1912,170239,rest
14.1950,170737,rest
14.1992,170489,rest
14.2041,170644,rest
14.2072,170137,rest
14.2113,170422,rest
14.2154,170446,rest
14.2196,72,rest
14.2241,170340,rest
14.2278,170343,rest
14.2318,170545,rest
14.2360,70739,rest
14.2410,170689,rest
14.2446,170476,rest
14.2482,170525,rest
14.2526,03,rest
14.2565,170632,rest
14.2605,170231,rest
14.2646,170465,rest
14.2688,1701,rest
14.2734,170434,rest
14.2746,1,rest
14.2769,70672,rest
14.2780,1702,rest
14.2809,83,rest
14.2825,170136,rest
14.2851,170015,rest
14.2893,170578,rest
14.2932,169815,rest
14.2973,170540,rest
14.3014,170702,rest
14.3059,170377,rest
14.3096,170505,rest
14.3138,170320,rest
14.3179,170214,rest
14.3221,170013,rest
14.3260,170639,rest
14.3301,170368,rest
14.3342,170438,rest
14.3391,170344,rest
14.3424,170343,rest
14.3465,170637,rest
14.3508,171019,rest
14.3553,170590,rest
14.3587,170295,rest
14.3628,170516,rest
14.3670,170535,rest
14.3717,170316,rest
14.3751,170359,rest
14.3792,170427,rest
14.3834,170624,rest
14.3875,170468,rest
14.3915,170299,rest
14.3956,170168,rest
14.3999,170535,rest
14.4009,1,rest
14.4043,70311,rest
14.4061,170,rest
14.4079,616,rest
14.4092,170716,rest
14.4120,170417,rest
14.4161,170119,rest
14.4207,170542,rest
14.4243,170923,rest
14.4284,170851,rest
14.4325,170394,rest
14.4369,170069,rest
14.4407,170555,rest
14.4448,169953,rest
14.4492,170338,rest
14.4544,70,rest
14.4581,170812,rest
14.4612,170281,rest
14.4652,170661,rest
14.4711,70,rest
14.4736,170302,rest
14.4776,170907,rest
14.4816,170567,rest
14.4869,7016,rest
14.4909,170623,rest
14.4948,170652,rest
14.4980,170412,rest
14.5031,7067,rest
14.5064,170911,rest
14.5103,170567,rest
14.5144,170632,rest
14.5200,103,rest
14.5228,170236,rest
14.5267,170597,rest
14.5281,1,rest
14.5308,70400,rest
14.5320,170,rest
14.5349,437,rest
14.5365,170201,rest
14.5390,170512,rest
14.5431,170965,rest
14.5471,170279,rest
14.5513,170595,rest
14.5554,170485,rest
14.5595,170438,rest
14.5635,170208,rest
14.5678,170621,rest
14.5722,170952,rest
14.5758,170570,rest
14.5799,170606,rest
14.5842,169885,rest
14.5889,170889,rest
14.5922,170714,rest
14.5963,170084,rest
14.6004,170353,rest
14.6053,170564,rest
14.6086,170537,rest
14.6128,170507,rest
14.6168,170640,rest
14.6210,170285,rest
14.6250,170238,rest
14.6291,170357,rest
14.6333,170399,rest
14.6376,170389,rest
14.6414,170425,rest
14.6454,170315,rest
14.6496,170254,rest
14.6541,170283,rest
14.6578,171023,rest
14.6591,170,rest
14.6618,680,rest
14.6636,170550,rest
14.6660,170419,rest
14.6705,170509,rest
14.6742,170803,rest
14.6782,171158,rest
14.6824,170544,rest
14.6872,170594,rest
14.6905,169969,rest
14.6946,170604,rest
14.6991,170448,rest
14.7041,706,rest
14.7076,170404,rest
14.7111,170904,rest
14.7151,170629,rest
14.7193,703,rest
14.7241,170584,rest
14.7285,170131,rest
14.7315,170543,rest
14.7374,75,rest
14.7411,170601,rest
14.7438,170177,rest
14.7479,170299,rest
14.7530,70325,rest
14.7561,170563,rest
14.7602,170217,rest
14.7642,170163,rest
14.7684,70264,rest
14.7725,170871,rest
14.7765,170660,rest
14.7806,170260,rest
14.7848,170028,rest
14.7861,170,rest
14.7890,234,rest
14.7913,170840,rest
14.7929,170502,rest
14.7970,170352,rest
14.8011,170624,rest
14.8053,170721,rest
14.8093,170769,rest
14.8135,170754,rest
14.8176,170389,rest
14.8222,170698,rest
14.8257,170748,rest
14.8298,170408,rest
14.8339,170625,rest
14.8384,170328,rest
14.8421,170725,rest
14.8462,170701,rest
14.8504,170721,rest
14.8551,170272,rest
14.8584,170025,rest
14.8625,170308,rest
14.8667,170515,rest
14.8711,170919,rest
14.8748,170739,rest
14.8789,170497,rest
14.8832,170599,rest
14.8875,170316,rest
14.8912,170654,rest
14.8954,170945,rest
14.8994,170681,rest
14.9044,170262,rest
14.9076,170500,rest
14.9117,170690,rest
14.9127,170,rest
14.9158,601,rest
14.9175,17020,rest
14.9202,2,rest
14.9204,170490,rest
14.9240,170876,rest
14.9281,170414,rest
14.9322,170794,rest
14.9367,170520,rest
14.9404,170863,rest
14.9444,170708,rest
14.9486,170659,rest
14.9530,170988,rest
14.9570,170679,rest
14.9609,170785,rest
14.9650,170325,rest
14.9692,70528,rest
14.9736,170816,rest
14.9775,170950,rest
14.9813,170335,rest
14.9867,7066,rest
14.9896,170893,rest
14.9940,170532,rest
14.9978,170825,rest
15.0019,7,rest
15.0063,170691,rest
15.0103,171218,rest
15.0141,171142,rest
15.0184,170448,rest
15.0223,170445,rest
15.0264,170412,rest
15.0305,169987,rest
15.0347,170567,rest
15.0387,170660,rest
15.0399,17,rest
15.0429,0637,rest
15.0445,17093,rest
15.0469,6,rest
15.0470,170705,rest
15.0510,170516,rest
15.0552,170792,rest
15.0592,170554,rest
15.0633,170506,rest
15.0674,170689,rest
15.0714,170426,rest
15.0756,170334,rest
15.0797,170716,rest
15.0839,170377,rest
15.0882,170496,rest
15.0919,170433,rest
15.0961,170755,rest
15.1002,170096,rest
15.1042,170339,rest
15.1083,170391,rest
15.1124,170571,rest
15.1165,170526,rest
15.1215,170206,rest
15.1248,170479,rest
15.1288,170815,rest
15.1331,170781,rest
15.1381,170740,rest
15.1411,170313,rest
15.1451,170498,rest
15.1493,170935,rest
15.1533,170209,rest
15.1578,170350,rest
15.1615,170821,rest
15.1656,170659,rest
15.1670,1,rest
15.1700,70192,rest
15.1714,1704,rest
15.1738,30,rest
15.1752,170594,rest
15.1779,170213,rest
15.1820,170501,rest
15.1865,170451,rest
15.1902,171028,rest
15.1943,171011,rest
15.1988,170655,rest
15.2026,7,rest
15.2072,170257,rest
15.2107,171111,rest
15.2148,170638,rest
15.2190,70531,rest
15.2236,170153,rest
15.2272,170540,rest
15.2312,170951,rest
15.2365,7097,rest
15.2404,170617,rest
15.2435,170677,rest
15.2476,170477,rest
15.2527,709,rest
15.2566,170551,rest
15.2599,170198,rest
15.2639,170618,rest
15.2683,1704,rest
15.2729,170591,rest
15.2762,170646,rest
15.2803,170647,rest
15.2845,171019,rest
15.2886,170386,rest
15.2926,170506,rest
15.2938,1,rest
15.2968,71348,rest
15.2986,1706,rest
15.3008,21,rest
15.3020,170313,rest
15.3049,170720,rest
15.3090,170936,rest
15.3131,170860,rest
15.3172,170146,rest
15.3213,170621,rest
15.3254,170548,rest
15.3295,170158,rest
15.3337,170494,rest
15.3390,170539,rest
15.3418,170124,rest
15.3458,170522,rest
15.3501,170175,rest
15.3552,170655,rest
15.3582,170663,rest
15.3622,170593,rest
15.3666,170042,rest
15.3711,170308,rest
15.3746,170441,rest
15.3786,170681,rest
15.3827,170292,rest
15.3876,170777,rest
15.3909,171020,rest
15.3950,170550,rest
15.3992,170087,rest
15.4037,170251,rest
15.4073,170453,rest
15.4114,170473,rest
15.4155,170092,rest
15.4204,170250,rest
15.4238,170844,rest
15.4250,170,rest
15.4278,989,rest
15.4294,170854,rest
15.4319,171204,rest
15.4361,7049,rest
15.4409,170164,rest
15.4444,170586,rest
15.4485,170652,rest
15.4535,708,rest
15.4577,170543,rest
15.4611,170756,rest
15.4647,170404,rest
15.4689,70853,rest
15.4735,170378,rest
15.4771,170692,rest
15.4811,170408,rest
15.4862,70482,rest
15.4895,170696,rest
15.4940,170731,rest
15.4975,170875,rest
15.5015,70074,rest
15.5090,170727,rest
15.5098,170421,rest
15.5138,170895,rest
15.5180,079,rest
15.5245,170966,rest
15.5261,170488,rest
15.5302,170790,rest
15.5345,170307,rest
15.5384,170772,rest
15.5424,170575,rest
15.5465,171185,rest
15.5507,170988,rest
15.5518,170,rest
15.5548,926,rest
15.5564,170592,rest
15.5589,170215,rest
15.5630,170415,rest
15.5671,171283,rest
15.5711,170518,rest
15.5752,170575,rest
15.5793,170645,rest
15.5835,170575,rest
15.5876,171020,rest
15.5916,170078,rest
15.5957,170887,rest
15.5999,170530,rest
15.6045,170388,rest
15.6089,170670,rest
15.6121,170629,rest
15.6163,171138,rest
15.6212,170659,rest
15.6244,170319,rest
15.6285,170755,rest
15.6326,170671,rest
15.6371,170462,rest
15.6408,170181,rest
15.6448,170418,rest
15.6490,170096,rest
15.6536,170767,rest
15.6572,170335,rest
15.6613,170370,rest
15.6653,170541,rest
15.6700,170708,rest
15.6735,170757,rest
15.6776,170852,rest
15.6789,17,rest
15.6817,0549,rest
15.6829,17040,rest
15.6861,737,rest
15.6901,170665,rest
15.6941,170424,rest
15.6986,170909,rest
15.7036,03,rest
15.7068,170927,rest
15.7104,170721,rest
15.7145,170834,rest
15.7198,7043,rest
15.7228,170155,rest
15.7268,170400,rest
15.7309,170577,rest
15.7355,170694,rest
15.7394,170386,rest
15.7432,170881,rest
15.7473,169970,rest
15.7565,170343,rest
15.7597,170675,rest
15.7637,170065,rest
15.7695,7,rest
15.7738,170408,rest
15.7763,170534,rest
15.7800,170850,rest
15.7842,170413,rest
15.7890,170564,rest
15.7923,170004,rest
15.7964,170247,rest
15.8005,170416,rest
15.8051,170847,rest
15.8063,17,rest
15.8087,0944,rest
15.8102,17059,rest
15.8128,1,rest
15.8140,170593,rest
15.8169,170251,rest
15.8220,170279,rest
15.8251,170735,rest
15.8291,171115,rest
15.8333,170759,rest
15.8378,170261,rest
15.8417,170464,rest
15.8456,170566,rest
15.8497,171116,rest
15.8545,170742,rest
15.8578,170764,rest
15.8619,170553,rest
15.8661,170715,rest
15.8707,170583,rest
15.8742,170147,rest
15.8783,170349,rest
15.8824,170192,rest
15.8878,170419,rest
15.8906,170563,rest
15.8947,170167,rest
15.8988,170683,rest
15.9053,170068,rest
15.9070,170433,rest
15.9111,170471,rest
15.9152,170114,rest
15.9196,170242,rest
15.9234,170543,rest
15.9275,170784,rest
15.9316,170461,rest
15.9325,1,rest
15.9362,70491,rest
15.9378,1701,rest
15.9398,11,rest
15.9415,170382,rest
15.9439,170452,rest
15.9480,170588,rest
15.9536,700,rest
15.9563,170460,rest
15.9603,170659,rest
15.9644,170577,rest
15.9690,170869,rest
15.9726,170742,rest
15.9766,170103,rest
15.9808,170710,rest
15.9864,6,rest
15.9891,170272,rest
15.9930,170446,rest
15.9971,170424,rest
16.0028,70500,rest
16.0089,170753,rest
16.0094,170778,rest
16.0135,170957,rest
16.0185,01,rest
16.0223,170611,rest
16.0260,169958,rest
16.0299,170411,rest
16.0358,170747,rest
16.0381,170093,rest
16.0422,170478,rest
16.0462,170460,rest
16.0504,170521,rest
16.0545,170616,rest
16.0585,170466,rest
16.0600,1,rest
16.0628,70791,rest
16.0637,1702,rest
16.0668,74,rest
16.0682,170544,rest
16.0709,170536,rest
16.0750,170228,rest
16.0791,170066,rest
16.0831,171014,rest
16.0878,170646,rest
16.0913,170418,rest
16.0954,170489,rest
16.0996,170223,rest
16.1046,170657,rest
16.1077,171039,rest
16.1118,170479,rest
16.1161,170373,rest
16.1203,170519,rest
16.1242,170190,rest
16.1282,170542,rest
16.1323,170837,rest
16.1368,170531,rest
16.1406,169927,rest
16.1446,170209,rest
16.1486,170885,rest
16.1529,170143,rest
16.1569,170614,rest
16.1610,170078,rest
16.1650,171030,rest
16.1695,170819,rest
16.1733,171011,rest
16.1774,170846,rest
16.1814,170860,rest
16.1874,170289,rest
16.1897,170520,rest
16.1909,170,rest
16.1938,657,rest
16.1949,170814,rest
16.1979,170824,rest
16.2024,170682,rest
16.2062,170668,rest
16.2102,170713,rest
16.2142,170408,rest
16.2198,8,rest
16.2234,170614,rest
16.2270,170385,rest
16.2306,170674,rest
16.2362,79,rest
16.2392,171006,rest
16.2435,171000,rest
16.2471,170963,rest
16.2511,171042,rest
16.2555,170251,rest
16.2598,170455,rest
16.2634,170077,rest
16.2687,41,rest
16.2725,170615,rest
16.2756,170384,rest
16.2797,170394,rest
16.2839,170848,rest
16.2889,170563,rest
16.2921,170574,rest
16.2961,170424,rest
16.3002,170272,rest
16.3045,170219,rest
16.3084,170920,rest
16.3125,170026,rest
16.3168,170522,rest
16.3186,170,rest
16.3209,711,rest
16.3222,170650,rest
16.3248,170415,rest
16.3289,170407,rest
16.3330,170804,rest
16.3372,170621,rest
16.3412,170121,rest
16.3453,170588,rest
16.3494,170377,rest
16.3543,170594,rest
16.3575,170399,rest
16.3616,171041,rest
16.3659,170554,rest
16.3705,170479,rest
16.3739,170983,rest
16.3781,170998,rest
16.3822,170429,rest
16.3872,170678,rest
16.3903,170921,rest
16.3944,170230,rest
16.3986,170597,rest
16.4028,170796,rest
16.4067,170474,rest
16.4108,170982,rest
16.4149,170320,rest
16.4195,170633,rest
16.4231,169799,rest
16.4272,170894,rest
16.4313,170521,rest
16.4356,170486,rest
16.4395,170211,rest
16.4436,170164,rest
16.4447,170,rest
16.4477,935,rest
16.4492,17050,rest
16.4520,05,rest
16.4562,170518,rest
16.4601,170162,rest
16.4642,170883,rest
16.4683,7047,rest
16.4730,170586,rest
16.4770,170506,rest
16.4804,170559,rest
16.4863,73,rest
16.4888,170697,rest
16.4928,170432,rest
16.4968,170223,rest
16.5022,60,rest
16.5057,170379,rest
16.5093,170137,rest
16.5132,170202,rest
16.5173,170912,rest
16.5216,170621,rest
16.5255,170319,rest
16.5296,170121,rest
16.5337,169972,rest
16.5383,170273,rest
16.5419,170596,rest
16.5460,170415,rest
16.5501,170659,rest
16.5542,170863,rest
16.5582,170041,rest
16.5623,170233,rest
16.5664,171037,rest
16.5712,170658,rest
16.5725,17,rest
16.5747,0545,rest
16.5762,17029,rest
16.5787,3,rest
16.5800,170447,rest
16.5828,170385,rest
16.5879,170417,rest
16.5910,170170,rest
16.5951,170635,rest
16.5992,170234,rest
16.6042,170222,rest
16.6074,170140,rest
16.6115,170028,rest
16.6158,170227,rest
16.6204,170493,rest
16.6238,170438,rest
16.6279,170386,rest
16.6320,170782,rest
16.6374,6995,rest
16.6406,170032,rest
16.6447,170293,rest
16.6486,170431,rest
16.6533,170486,rest
16.6566,170817,rest
16.6606,170497,rest
16.6648,170363,rest
16.6692,170616,rest
16.6729,170527,rest
16.6770,170380,rest
16.6811,170093,rest
16.6856,170225,rest
16.6904,170739,rest
16.6934,170602,rest
16.6975,170538,rest
16.6991,1,rest
16.7031,029703,rest
16.7058,9,rest
16.7074,170500,rest
16.7100,170705,rest
16.7139,170695,rest
16.7196,70370,rest
16.7231,170476,rest
16.7269,170444,rest
16.7318,170750,rest
16.7357,0,rest
16.7393,170807,rest
16.7429,170619,rest
16.7467,169839,rest
16.7524,056,rest
16.7565,170813,rest
16.7595,170354,rest
16.7630,170399,rest
16.7679,004,rest
16.7721,170474,rest
16.7753,170096,rest
16.7794,170602,rest
16.7847,17029,rest
16.7886,170484,rest
16.7918,171218,rest
16.7958,170678,rest
16.7999,170599,rest
16.8047,170706,rest
16.8081,170327,rest
16.8122,170464,rest
16.8163,170246,rest
16.8207,170693,rest
16.8246,170178,rest
16.8260,1,rest
16.8286,70539,rest
16.8297,1701,rest
16.8328,18,rest
16.8341,170477,rest
16.8369,170729,rest
16.8409,170337,rest
16.8449,171035,rest
16.8491,170899,rest
16.8536,170688,rest
16.8572,170575,rest
16.8613,170367,rest
16.8655,170296,rest
16.8704,170578,rest
16.8736,170268,rest
16.8777,170164,rest
16.8818,170452,rest
16.8864,170643,rest
16.8900,170312,rest
16.8941,170367,rest
16.8982,170416,rest
16.9027,170527,rest
16.9065,170224,rest
16.9105,170103,rest
16.9146,170277,rest
16.9190,170104,rest
16.9228,169940,rest
16.9269,170701,rest
16.9309,170378,rest
16.9352,70325,rest
16.9395,170233,rest
16.9439,170195,rest
16.9486,170857,rest
16.9529,70767,rest
16.9566,170396,rest
16.9580,170,rest
16.9596,727,rest
16.9610,170397,rest
16.9638,169930,rest
16.9680,7046,rest
16.9721,170100,rest
16.9761,170565,rest
16.9801,170028,rest
16.9847,170241,rest
16.9883,170738,rest
16.9924,170873,rest
16.9965,170085,rest
17.0007,00,rest
17.0051,169800,rest
17.0088,169913,rest
17.0129,170186,rest
17.0178,170766,rest
17.0211,169968,rest
17.0252,170223,rest
17.0292,170501,rest
17.0334,170544,rest
17.0375,170265,rest
17.0416,170500,rest
17.0457,170511,rest
17.0497,170527,rest
17.0539,170184,rest
17.0579,169782,rest
17.0620,170212,rest
17.0663,170163,rest
17.0709,170227,rest
17.0743,170283,rest
17.0784,170578,rest
17.0826,170325,rest
17.0840,17,rest
17.0867,0464,rest
17.0878,17016,rest
17.0907,7,rest
17.0908,170533,rest
17.0948,170178,rest
17.0990,170411,rest
17.1038,170037,rest
17.1071,170474,rest
17.1112,170082,rest
17.1153,170771,rest
17.1196,170496,rest
17.1236,170292,rest
17.1277,170365,rest
17.1316,170410,rest
17.1360,170379,rest
17.1399,170012,rest
17.1441,170223,rest
17.1480,170536,rest
17.1534,170406,rest
17.1562,170835,rest
17.1603,170498,rest
17.1645,170395,rest
17.1689,169741,rest
17.1726,170007,rest
17.1767,170000,rest
17.1808,170013,rest
17.1867,170594,rest
17.1891,170255,rest
17.1932,170206,rest
17.1973,170269,rest
17.2019,170006,rest
17.2055,169737,rest
17.2096,170919,rest
17.2107,17,rest
17.2137,0368,rest
17.2156,17045,rest
17.2194,7,rest
17.2229,170378,rest
17.2259,170184,rest
17.2299,170336,rest
17.2343,173,rest
17.2382,170445,rest
17.2423,170276,rest
17.2463,170415,rest
17.2517,03,rest
17.2552,170810,rest
17.2593,170009,rest
17.2628,169914,rest
17.2688,70,rest
17.2716,170646,rest
17.2751,170275,rest
17.2791,170087,rest
17.2849,170413,rest
17.2873,170400,rest
17.2914,170825,rest
17.2955,170594,rest
17.2997,170826,rest
17.3041,170240,rest
17.3078,170235,rest
17.3119,170352,rest
17.3160,170747,rest
17.3202,170290,rest
17.3242,170535,rest
17.3283,170362,rest
17.3324,170623,rest
17.3370,170256,rest
17.3386,1,rest
17.3406,70811,rest
17.3416,1703,rest
17.3446,79,rest
17.3456,170653,rest
17.3490,170428,rest
17.3536,170441,rest
17.3569,171043,rest
17.3611,170024,rest
17.3651,170633,rest
17.3695,170871,rest
17.3733,170015,rest
17.3774,170027,rest
17.3816,170993,rest
17.3861,169916,rest
17.3897,170244,rest
17.3938,170557,rest
17.3979,170426,rest
17.4023,170575,rest
17.4064,170913,rest
17.4102,170637,rest
17.4142,170159,rest
17.4192,170417,rest
17.4225,170524,rest
17.4265,170763,rest
17.4307,170874,rest
17.4354,170661,rest
17.4389,170468,rest
17.4430,170515,rest
17.4473,170694,rest
17.4523,708,rest
17.4558,170066,rest
17.4594,170133,rest
17.4634,169992,rest
17.4646,1,rest
17.4691,70470,rest
17.4714,1703,rest
17.4716,85,rest
17.4729,170648,rest
17.4758,169995,rest
17.4798,170220,rest
17.4841,939,rest
17.4885,170691,rest
17.4921,170636,rest
17.4966,170201,rest
17.5015,703,rest
17.5050,171008,rest
17.5085,170003,rest
17.5126,170709,rest
17.5169,057,rest
17.5219,170223,rest
17.5249,170776,rest
17.5290,170295,rest
17.5333,1693,rest
17.5380,170123,rest
17.5413,170610,rest
17.5453,170213,rest
17.5495,170859,rest
17.5541,170293,rest
17.5577,170194,rest
17.5617,170831,rest
17.5658,169831,rest
17.5702,170344,rest
17.5740,170400,rest
17.5781,170280,rest
17.5823,170090,rest
17.5870,170585,rest
17.5904,170962,rest
17.5978,170513,rest
17.5990,170368,rest
17.6002,170114,rest
17.6042,170537,rest
17.6071,170551,rest
17.6109,170544,rest
17.6154,170776,rest
17.6205,170492,rest
17.6237,170856,rest
17.6516,170245,rest
17.6524,170302,rest
17.6525,170092,rest
17.6621,170434,rest
17.6652,170368,rest
17.6684,170556,rest
17.6733,170719,rest
17.6765,170228,rest
17.6806,169911,rest
17.6848,170690,rest
17.6888,170127,rest
17.6928,170360,rest
17.6969,170699,rest
17.7015,170635,rest
17.7051,170976,rest
17.7092,170667,rest
17.7132,170390,rest
17.7175,170528,rest
17.7215,170663,rest
17.7225,170,rest
17.7256,508,rest
17.7270,171053,rest
17.7297,170053,rest
17.7354,0,rest
17.7384,170434,rest
17.7419,170341,rest
17.7460,170657,rest
17.7506,71,rest
17.7543,170369,rest
17.7585,170474,rest
17.7625,170699,rest
17.7669,10,rest
17.7714,171095,rest
17.7754,170619,rest
17.7788,170346,rest
17.7830,170302,rest
17.7875,170545,rest
17.7911,170180,rest
17.7952,170412,rest
17.7995,170414,rest
17.8036,170297,rest
17.8075,170272,rest
17.8116,170842,rest
17.8159,170330,rest
17.8198,170585,rest
17.8240,170828,rest
17.8280,170082,rest
17.8321,170183,rest
17.8369,170660,rest
17.8403,170232,rest
17.8444,170415,rest
17.8485,170849,rest
17.8492,17,rest
17.8527,0242,rest
17.8539,17027,rest
17.8567,9,rest
17.8568,170439,rest
17.8608,170490,rest
17.8648,170409,rest
17.8700,170623,rest
17.8730,170419,rest
17.8771,170254,rest
17.8813,170349,rest
17.8861,170966,rest
17.8894,169901,rest
17.8936,169946,rest
17.8976,170588,rest
17.9021,170607,rest
17.9058,170530,rest
17.9099,170528,rest
17.9140,170701,rest
17.9184,170513,rest
17.9223,170293,rest
17.9263,170507,rest
17.9303,170084,rest
17.9353,170436,rest
17.9386,170381,rest
17.9426,170458,rest
17.9467,170543,rest
17.9511,170274,rest
17.9551,170595,rest
17.9590,170011,rest
17.9631,170443,rest
17.9672,70592,rest
17.9723,170106,rest
17.9755,170265,rest
17.9767,17,rest
17.9796,0643,rest
17.9810,17011,rest
17.9838,17429,rest
17.9879,170775,rest
17.9922,170255,rest
17.9959,170146,rest
18.0013,703,rest
18.0048,170052,rest
18.0082,170727,rest
18.0123,170464,rest
18.0181,05,rest
18.0219,170040,rest
18.0246,170123,rest
18.0286,170633,rest
18.0333,170641,rest
18.0371,170590,rest
18.0410,170856,rest
18.0451,170457,rest
18.0492,170180,rest
18.0535,170193,rest
18.0574,170383,rest
18.0615,170206,rest
18.0656,170474,rest
18.0703,170297,rest
18.0737,170853,rest
18.0778,170297,rest
18.0820,170733,rest
18.0864,170894,rest
18.0901,170220,rest
18.0942,170296,rest
18.0984,170818,rest
18.1026,170170,rest
18.1039,1,rest
18.1065,70773,rest
18.1079,1703,rest
18.1106,94,rest
18.1119,170236,rest
18.1148,170325,rest
18.1195,170103,rest
18.1228,170720,rest
18.1270,170403,rest
18.1310,170591,rest
18.1354,170397,rest
18.1393,170452,rest
18.1435,170901,rest
18.1474,170754,rest
18.1519,170631,rest
18.1556,170459,rest
18.1597,170374,rest
18.1638,170048,rest
18.1683,170680,rest
18.1725,170522,rest
18.1761,170080,rest
18.1802,170188,rest
18.1849,170797,rest
18.1884,170530,rest
18.1925,170613,rest
18.1966,170326,rest
18.2009,70397,rest
18.2051,170316,rest
18.2090,170992,rest
18.2139,170207,rest
18.2185,7035,rest
18.2215,170256,rest
18.2271,170238,rest
18.2309,170781,rest
18.2312,1,rest
18.2346,01811,rest
18.2377,536,rest
18.2404,170841,rest
18.2424,170114,rest
18.2458,170644,rest
18.2517,69965,rest
18.2541,170218,rest
18.2580,170087,rest
18.2621,170645,rest
18.2664,170102,rest
18.2704,170163,rest
18.2744,170549,rest
18.2786,170311,rest
18.2847,17060,rest
18.2869,170750,rest
18.2925,170231,rest
18.2949,170448,rest
18.2990,170032,rest
18.3034,170447,rest
18.3072,170769,rest
18.3113,170037,rest
18.3154,169987,rest
18.3195,170166,rest
18.3235,170905,rest
18.3276,170606,rest
18.3319,170391,rest
18.3361,170070,rest
18.3400,170134,rest
18.3440,170430,rest
18.3482,170237,rest
18.3523,170763,rest
18.3563,169855,rest
18.3604,170318,rest
18.3615,170,rest
18.3646,770,rest
18.3659,170591,rest
18.3687,170193,rest
18.3727,170290,rest
18.3768,170418,rest
18.3811,170538,rest
18.3852,170325,rest
18.3891,170253,rest
18.3932,170764,rest
18.3975,170946,rest
18.4022,170821,rest
18.4055,170330,rest
18.4096,170260,rest
18.4138,170612,rest
18.4181,170594,rest
18.4219,170567,rest
18.4259,170492,rest
18.4301,170651,rest
18.4346,170435,rest
18.4383,170527,rest
18.4423,170461,rest
18.4464,170796,rest
18.4506,70512,rest
18.4552,170703,rest
18.4589,170203,rest
18.4628,170269,rest
18.4674,170509,rest
18.4711,170381,rest
18.4751,170582,rest
18.4792,170483,rest
18.4833,71085,rest
18.4878,170758,rest
18.4903,170,rest
18.4915,314,rest
18.4926,170300,rest
18.4956,170416,rest
18.5016,70540,rest
18.5048,170706,rest
18.5079,170575,rest
18.5120,170187,rest
18.5169,70465,rest
18.5216,170359,rest
18.5244,170482,rest
18.5284,170513,rest
18.5346,170561,rest
18.5366,170815,rest
18.5406,170172,rest
18.5447,170478,rest
18.5489,170465,rest
18.5535,170458,rest
18.5570,170362,rest
18.5611,170403,rest
18.5653,170238,rest
18.5698,170342,rest
18.5734,170276,rest
18.5775,170522,rest
18.5816,170412,rest
18.5859,171040,rest
18.5898,169841,rest
18.5939,170609,rest
18.5980,170512,rest
18.6029,170492,rest
18.6062,170504,rest
18.6103,170648,rest
18.6144,171163,rest
18.6160,170,rest
18.6185,690,rest
18.6193,17022,rest
18.6225,0,rest
18.6226,170459,rest
18.6267,170490,rest
18.6309,170825,rest
18.6359,170108,rest
18.6390,170759,rest
18.6431,170750,rest
18.6472,170426,rest
18.6522,170057,rest
18.6553,170456,rest
18.6594,170077,rest
18.6636,170131,rest
18.6678,170911,rest
18.6722,170858,rest
18.6758,170346,rest
18.6799,170554,rest
18.6840,70423,rest
18.6885,170698,rest
18.6924,170550,rest
18.6963,170088,rest
18.7006,7002,rest
18.7056,170378,rest
18.7092,170259,rest
18.7134,170611,rest
18.7171,170646,rest
18.7209,169990,rest
18.7251,170952,rest
18.7292,170268,rest
18.7333,7026,rest
18.7381,170427,rest
18.7420,170474,rest
18.7430,17,rest
18.7455,0476,rest
18.7466,17026,rest
18.7498,70898,rest
18.7559,170106,rest
18.7578,170363,rest
18.7619,170549,rest
18.7680,692,rest
18.7704,170555,rest
18.7741,170679,rest
18.7782,170643,rest
18.7834,17013,rest
18.7876,170449,rest
18.7905,169913,rest
18.7946,170541,rest
18.7988,170294,rest
18.8036,170786,rest
18.8069,170085,rest
18.8110,170407,rest
18.8151,170168,rest
18.8199,170251,rest
18.8233,170367,rest
18.8274,170288,rest
18.8315,170322,rest
18.8355,170680,rest
18.8397,170889,rest
18.8438,170258,rest
18.8480,170438,rest
18.8521,170261,rest
18.8561,170422,rest
18.8602,170534,rest
18.8642,170134,rest
18.8686,170371,rest
18.8703,17,rest
18.8724,0651,rest
18.8733,17058,rest
18.8765,6,rest
18.8779,170352,rest
18.8806,170233,rest
18.8850,170404,rest
18.8889,170665,rest
18.8930,171018,rest
18.8970,169917,rest
18.9013,170363,rest
18.9056,170646,rest
18.9094,171028,rest
18.9134,170883,rest
18.9180,170118,rest
18.9223,170738,rest
18.9258,170579,rest
18.9297,170444,rest
18.9340,70692,rest
18.9381,170385,rest
18.9423,170913,rest
18.9462,170079,rest
18.9519,170205,rest
18.9543,170090,rest
18.9584,170431,rest
18.9625,170508,rest
18.9680,70356,rest
18.9709,170476,rest
18.9755,170803,rest
18.9817,170619,rest
18.9830,170286,rest
18.9875,170541,rest
18.9917,170776,rest
18.9953,170276,rest
18.9966,1,rest
19.0012,0059172,rest
19.0037,4,rest
19.0065,170326,rest
19.0077,170504,rest
19.0117,170422,rest
19.0160,8,rest
19.0201,170676,rest
19.0240,170559,rest
19.0282,170571,rest
19.0323,170400,rest
19.0362,170417,rest
19.0403,170169,rest
19.0444,169682,rest
19.0486,170474,rest
19.0526,170823,rest
19.0567,170350,rest
19.0609,170317,rest
19.0650,170006,rest
19.0696,170644,rest
19.0732,170168,rest
19.0772,170383,rest
19.0814,170541,rest
19.0854,170501,rest
19.0895,170285,rest
19.0936,169878,rest
19.0979,170333,rest
19.1021,170668,rest
19.1059,170703,rest
19.1099,170576,rest
19.1142,170479,rest
19.1183,170689,rest
19.1223,170616,rest
19.1235,1,rest
19.1265,70338,rest
19.1277,170,rest
19.1305,607,rest
19.1323,170168,rest
19.1356,170520,rest
19.1387,170452,rest
19.1427,170002,rest
19.1469,170439,rest
19.1513,170580,rest
19.1550,170809,rest
19.1591,170404,rest
19.1632,170306,rest
19.1679,170538,rest
19.1714,169891,rest
19.1755,170259,rest
19.1796,170176,rest
19.1844,170410,rest
19.1878,170447,rest
19.1919,170634,rest
19.1962,170488,rest
19.2007,170638,rest
19.2042,170232,rest
19.2083,170534,rest
19.2124,170553,rest
19.2166,170370,rest
19.2206,170137,rest
19.2246,170335,rest
19.2287,170645,rest
19.2329,70324,rest
19.2381,170643,rest
19.2412,169972,rest
19.2451,170495,rest
19.2509,70,rest
19.2549,170072,rest
19.2568,170,rest
19.2576,152,rest
19.2589,170037,rest
19.2616,170147,rest
19.2660,19,rest
19.2713,171151,rest
19.2741,170280,rest
19.2780,170364,rest
19.2837,169968,rest
19.2861,170598,rest
19.2902,170365,rest
19.2943,170137,rest
19.2984,170589,rest
19.3025,170725,rest
19.3067,170472,rest
19.3108,171038,rest
19.3149,170234,rest
19.3195,170578,rest
19.3230,170270,rest
19.3271,170137,rest
19.3313,170012,rest
19.3354,170367,rest
19.3394,170168,rest
19.3435,170079,rest
19.3477,169926,rest
19.3520,170729,rest
19.3558,170268,rest
19.3599,170703,rest
19.3640,170563,rest
19.3682,169749,rest
19.3721,170588,rest
19.3762,170017,rest
19.3804,170338,rest
19.3815,170,rest
19.3846,248,rest
19.3858,170107,rest
19.3886,170191,rest
19.3927,170067,rest
19.3967,170127,rest
19.4015,169732,rest
19.4049,170441,rest
19.4090,169895,rest
19.4130,170042,rest
19.4188,170179,rest
19.4213,170744,rest
19.4253,170068,rest
19.4295,170280,rest
19.4338,170039,rest
19.4376,170156,rest
19.4417,170437,rest
19.4458,170622,rest
19.4517,70,rest
19.4547,170338,rest
19.4586,170714,rest
19.4622,170149,rest
19.4669,171084,rest
19.4704,170487,rest
19.4745,170029,rest
19.4786,170706,rest
19.4830,1704,rest
19.4869,170235,rest
19.4909,170318,rest
19.4950,170038,rest
19.5048,170427,rest
19.5073,170452,rest
19.5084,170,rest
19.5114,811,rest
19.5125,170660,rest
19.5163,170268,rest
19.5196,170514,rest
19.5237,169936,rest
19.5278,170060,rest
19.5321,170255,rest
19.5359,169591,rest
19.5400,171064,rest
19.5441,170349,rest
19.5487,170344,rest
19.5525,170419,rest
19.5564,170396,rest
19.5605,170298,rest
19.5647,170611,rest
19.5695,170394,rest
19.5728,170313,rest
19.5770,170430,rest
19.5810,170225,rest
19.5858,169821,rest
19.5892,170127,rest
19.5933,170560,rest
19.5974,169797,rest
19.6020,170300,rest
19.6057,169921,rest
19.6097,169931,rest
19.6139,170134,rest
19.6186,170181,rest
19.6220,170193,rest
19.6261,170386,rest
19.6304,170674,rest
19.6352,170294,rest
19.6364,17,rest
19.6384,0529,rest
19.6394,17000,rest
19.6425,5,rest
19.6426,170470,rest
19.6465,170386,rest
19.6515,170027,rest
19.6547,170039,rest
19.6588,170372,rest
19.6630,170249,rest
19.6686,169934,rest
19.6711,170547,rest
19.6752,170457,rest
19.6793,170483,rest
19.6839,170333,rest
19.6879,170430,rest
19.6919,170390,rest
19.6957,170656,rest
19.6999,7050,rest
19.7048,170242,rest
19.7080,169931,rest
19.7120,170148,rest
19.7174,70108,rest
19.7218,170190,rest
19.7249,169622,rest
19.7285,169982,rest
19.7327,70566,rest
19.7368,170559,rest
19.7418,170368,rest
19.7462,170505,rest
19.7506,7075,rest
19.7542,169953,rest
19.7571,170322,rest
19.7612,170652,rest
19.7625,16,rest
19.7654,695,rest
19.7656,702,rest
19.7694,9,rest
19.7696,170459,rest
19.7736,170451,rest
19.7778,170909,rest
19.7818,169811,rest
19.7867,170070,rest
19.7899,170362,rest
19.7940,170448,rest
19.7981,170362,rest
19.8025,170641,rest
19.8063,169669,rest
19.8104,170691,rest
19.8145,170666,rest
19.8193,170077,rest
19.8229,170591,rest
19.8268,170212,rest
19.8309,170082,rest
19.8359,170230,rest
19.8390,170511,rest
19.8431,170318,rest
19.8473,170724,rest
19.8520,170299,rest
19.8556,170111,rest
19.8595,170060,rest
19.8636,170155,rest
19.8687,170379,rest
19.8718,170333,rest
19.8759,170731,rest
19.8802,170159,rest
19.8844,170397,rest
19.8886,170366,rest
19.8894,17,rest
19.8923,0278,rest
19.8933,1702,rest
19.8964,38,rest
19.8978,170051,rest
19.9016,170083,rest
19.9046,170450,rest
19.9086,170389,rest
19.9129,169992,rest
19.9182,170659,rest
19.9210,170184,rest
19.9250,170096,rest
19.9293,170757,rest
19.9373,170607,rest
19.9422,170179,rest
19.9455,170218,rest
19.9498,706,rest
19.9544,169980,rest
19.9580,170293,rest
19.9619,170443,rest
19.9667,170435,rest
19.9701,170728,rest
19.9745,170627,rest
19.9783,170747,rest
19.9841,70012,rest
19.9874,170728,rest
19.9907,170372,rest
19.9947,170465,rest
19.9989,701,rest
20.0032,170502,rest
20.0079,170486,rest
20.0111,170816,rest
20.0153,7051,rest
20.0197,0211,rest
20.0203,1705,rest
20.0238,93,rest
20.0256,170939,rest
20.0275,170397,rest
20.0332,17039,rest
20.0367,169805,rest
20.0398,170394,rest
20.0448,170121,rest
20.0480,170669,rest
20.0522,170509,rest
20.0561,170533,rest
20.0602,170345,rest
20.0644,170811,rest
20.0684,170376,rest
20.0725,170752,rest
20.0766,170548,rest
20.0809,170593,rest
20.0852,170861,rest
20.0889,170281,rest
20.0930,170481,rest
20.0972,170417,rest
20.1020,170583,rest
20.1053,170370,rest
20.1094,170537,rest
20.1136,170285,rest
20.1183,170448,rest
20.1217,170573,rest
20.1257,170305,rest
20.1299,170611,rest
20.1346,170506,rest
20.1380,170606,rest
20.1421,170485,rest
20.1437,1,rest
20.1464,70136,rest
20.1475,170,rest
20.1507,339,rest
20.1527,170845,rest
20.1545,169793,rest
20.1585,170246,rest
20.1626,170253,rest
20.1669,170595,rest
20.1716,170260,rest
20.1749,170122,rest
20.1790,170506,rest
20.1835,170794,rest
20.1872,170196,rest
20.1913,170698,rest
20.1954,170282,rest
20.1996,7062,rest
20.2043,170414,rest
20.2089,170324,rest
20.2126,170712,rest
20.2163,170088,rest
20.2203,171314,rest
20.2248,170383,rest
20.2281,170111,rest
20.2327,170031,rest
20.2363,170837,rest
20.2404,170587,rest
20.2445,170293,rest
20.2498,0,rest
20.2535,170263,rest
20.2568,170922,rest
20.2609,170567,rest
20.2697,170173,rest
20.2732,170459,rest
20.2743,170,rest
20.2773,201,rest
20.2784,170201,rest
20.2822,170324,rest
20.2855,169830,rest
20.2897,170649,rest
20.2937,170448,rest
20.2978,170735,rest
20.3019,170041,rest
20.3059,170754,rest
20.3101,170579,rest
20.3143,170389,rest
20.3186,170514,rest
20.3226,170844,rest
20.3265,170416,rest
20.3307,170843,rest
20.3347,170391,rest
20.3387,170545,rest
20.3428,170474,rest
20.3470,170303,rest
20.3515,170644,rest
20.3552,170663,rest
20.3593,170702,rest
20.3636,170360,rest
20.3683,170438,rest
20.3715,170465,rest
20.3756,170484,rest
20.3797,170036,rest
20.3846,170234,rest
20.3879,170257,rest
20.3920,170167,rest
20.3961,170667,rest
20.4004,170095,rest
20.4019,170,rest
20.4043,700,rest
20.4058,171133,rest
20.4084,170185,rest
20.4126,170316,rest
20.4172,170411,rest
20.4212,170725,rest
20.4247,171014,rest
20.4289,170725,rest
20.4335,70469,rest
20.4370,170120,rest
20.4411,170358,rest
20.4452,170890,rest
20.4497,170385,rest
20.4538,170973,rest
20.4575,170428,rest
20.4617,170204,rest
20.4659,704,rest
20.4715,170386,rest
20.4749,169608,rest
20.4782,170359,rest
20.4822,70783,rest
20.4863,170336,rest
20.4903,170435,rest
20.4944,170767,rest
20.4988,170243,rest
20.5027,170695,rest
20.5067,170461,rest
20.5107,170488,rest
20.5149,6936,rest
20.5203,170937,rest
20.5231,170769,rest
20.5272,170331,rest
20.5285,17,rest
20.5337,034103,rest
20.5356,170282,rest
20.5395,170064,rest
20.5444,170665,rest
20.5478,171067,rest
20.5522,170506,rest
20.5558,170373,rest
20.5599,170392,rest
20.5640,170469,rest
20.5686,169985,rest
20.5722,170360,rest
20.5764,170500,rest
20.5805,170228,rest
20.5850,170481,rest
20.5887,170555,rest
20.5927,170826,rest
20.5968,170192,rest
20.6011,170191,rest
20.6050,170526,rest
20.6091,170520,rest
20.6133,169947,rest
20.6178,170240,rest
20.6214,170728,rest
20.6254,170395,rest
20.6299,170325,rest
20.6342,170524,rest
20.6378,169838,rest
20.6419,170344,rest
20.6459,170393,rest
20.6512,170038,rest
20.6541,170716,rest
20.6554,17,rest
20.6583,0422,rest
20.6595,17030,rest
20.6623,5,rest
20.6632,170294,rest
20.6668,170693,rest
20.6705,170113,rest
20.6746,170385,rest
20.6787,170392,rest
20.6830,170059,rest
20.6870,170657,rest
20.6910,170596,rest
20.6950,170661,rest
20.6993,690,rest
20.7034,170235,rest
20.7081,170642,rest
20.7130,170187,rest
20.7167,70478,rest
20.7205,170074,rest
20.7238,170410,rest
20.7278,171086,rest
20.7330,170305,rest
20.7360,170588,rest
20.7401,170406,rest
20.7442,170508,rest
20.7501,705,rest
20.7528,170440,rest
20.7566,170880,rest
20.7613,170761,rest
20.7650,169896,rest
20.7691,170588,rest
20.7732,169477,rest
20.7770,169752,rest
20.7819,1697951,rest
20.7852,70038,rest
20.7865,1703,rest
20.7893,74,rest
20.7902,170017,rest
20.7934,170521,rest
20.7989,17036,rest
20.8023,170092,rest
20.8059,170206,rest
20.8098,170188,rest
20.8139,170159,rest
20.8183,170462,rest
20.8220,170497,rest
20.8261,170784,rest
20.8303,170085,rest
20.8352,170109,rest
20.8384,169649,rest
20.8425,170477,rest
20.8467,170445,rest
20.8515,170335,rest
20.8548,170379,rest
20.8589,170210,rest
20.8630,170613,rest
20.8678,170111,rest
20.8712,170462,rest
20.8753,170383,rest
20.8797,170174,rest
20.8838,170534,rest
20.8876,170392,rest
20.8917,170612,rest
20.8958,170474,rest
20.9001,170283,rest
20.9040,170392,rest
20.9081,170233,rest
20.9094,1,rest
20.9122,70561,rest
20.9132,1700,rest
20.9164,05,rest
20.9177,170694,rest
20.9205,170439,rest
20.9245,169834,rest
20.9285,170649,rest
20.9327,70301,rest
20.9371,170459,rest
20.9422,170129,rest
20.9457,170632,rest
20.9491,70565,rest
20.9534,170544,rest
20.9585,169985,rest
20.9614,170369,rest
20.9666,0,rest
20.9700,169856,rest
20.9746,170564,rest
20.9777,170085,rest
20.9823,170052,rest
20.9859,170135,rest
20.9900,170538,rest
20.9941,170220,rest
21.0003,4,rest
21.0030,170031,rest
21.0064,170814,rest
21.0105,170077,rest
21.0161,6,rest
21.0188,170134,rest
21.0228,170594,rest
21.0269,170262,rest
21.0311,170079,rest
21.0352,170452,rest
21.0392,170084,rest
21.0402,170,rest
21.0432,727,rest
21.0447,170500,rest
21.0474,170323,rest
21.0515,170358,rest
21.0555,170606,rest
21.0596,170645,rest
21.0637,170753,rest
21.0678,169729,rest
21.0720,170197,rest
21.0761,170453,rest
21.0801,170440,rest
21.0850,170205,rest
21.0884,170458,rest
21.0925,170098,rest
21.0965,170868,rest
21.1010,170056,rest
21.1047,170123,rest
21.1088,170594,rest
21.1130,170670,rest
21.1182,170012,rest
21.1211,170926,rest
21.1251,170208,rest
21.1293,170493,rest
21.1344,170399,rest
21.1374,170294,rest
21.1415,170272,rest
21.1457,169517,rest
21.1513,170489,rest
21.1539,170497,rest
21.1580,170079,rest
21.1620,170299,rest
21.1666,170393,rest
21.1688,170,rest
21.1703,675,rest
21.1714,170234,rest
21.1744,170588,rest
21.1784,170186,rest
21.1838,70,rest
21.1875,170467,rest
21.1907,170186,rest
21.1950,169970,rest
21.1993,170031,rest
21.2031,170093,rest
21.2071,170809,rest
21.2112,170142,rest
21.2172,703,rest
21.2213,170279,rest
21.2235,170233,rest
21.2277,170490,rest
21.2331,70542,rest
21.2358,170637,rest
21.2398,169963,rest
21.2440,170931,rest
21.2495,7028,rest
21.2536,170299,rest
21.2563,170303,rest
21.2604,170320,rest
21.2645,70648,rest
21.2688,170503,rest
21.2726,170423,rest
21.2767,170307,rest
21.2827,170308,rest
21.2858,170357,rest
21.2891,170696,rest
21.2931,170386,rest
21.2943,169,rest
21.2973,781,rest
21.2990,170257,rest
21.3014,170573,rest
21.3054,170239,rest
21.3094,170167,rest
21.3136,170335,rest
21.3178,170683,rest
21.3218,170593,rest
21.3258,170556,rest
21.3300,170040,rest
21.3344,169985,rest
21.3383,170240,rest
21.3422,170085,rest
21.3464,170227,rest
21.3513,170515,rest
21.3545,170891,rest
21.3586,169891,rest
21.3628,169892,rest
21.3674,170626,rest
21.3709,169625,rest
21.3750,169943,rest
21.3791,169916,rest
21.3836,169891,rest
21.3873,170231,rest
21.3914,170268,rest
21.3955,170513,rest
21.4000,170761,rest
21.4039,170368,rest
21.4078,171117,rest
21.4118,170630,rest
21.4162,170326,rest
21.4202,170485,rest
21.4220,17,rest
21.4242,0362,rest
21.4259,17004,rest
21.4282,7,rest
21.4283,170269,rest
21.4331,170354,rest
21.4364,170256,rest
21.4405,170882,rest
21.4449,170202,rest
21.4490,170317,rest
21.4528,170110,rest
21.4569,170303,rest
21.4610,170431,rest
21.4665,7049,rest
21.4698,171254,rest
21.4741,170454,rest
21.4777,170571,rest
21.4829,7018,rest
21.4858,170658,rest
21.4907,170319,rest
21.4940,170030,rest
21.4981,693,rest
21.5021,170270,rest
21.5061,170132,rest
21.5104,170920,rest
21.5148,70339,rest
21.5188,170254,rest
21.5224,170391,rest
21.5265,170598,rest
21.5348,170448,rest
21.5388,170340,rest
21.5429,170608,rest
21.5489,170371,rest
21.5514,046,rest
21.5527,1703,rest
21.5562,60,rest
21.5565,170268,rest
21.5593,170534,rest
21.5635,170777,rest
21.5682,170049,rest
21.5718,170599,rest
21.5757,170046,rest
21.5798,170711,rest
21.5840,170404,rest
21.5880,170012,rest
21.5921,170605,rest
21.5962,170725,rest
21.6017,170476,rest
21.6044,170606,rest
21.6085,170338,rest
21.6126,170375,rest
21.6174,170634,rest
21.6209,169817,rest
21.6249,170797,rest
21.6292,170277,rest
21.6335,170668,rest
21.6378,170241,rest
21.6412,170017,rest
21.6453,170023,rest
21.6509,170348,rest
21.6535,170242,rest
21.6576,170465,rest
21.6617,170032,rest
21.6674,7,rest
21.6701,170439,rest
21.6752,170860,rest
21.6768,17,rest
21.6781,0051,rest
21.6790,17006,rest
21.6825,2,rest
21.6843,170383,rest
21.6863,169936,rest
21.6905,170205,rest
21.6944,170852,rest
21.7006,170432,rest
21.7028,170107,rest
21.7068,170562,rest
21.7108,170540,rest
21.7166,7064,rest
21.7192,170513,rest
21.7238,170157,rest
21.7276,170706,rest
21.7316,1704,rest
21.7360,170127,rest
21.7395,170441,rest
21.7436,170854,rest
21.7478,70338,rest
21.7523,170406,rest
21.7560,170429,rest
21.7601,170526,rest
21.7642,170049,rest
21.7682,170359,rest
21.7731,170408,rest
21.7764,170184,rest
21.7806,7,rest
21.7849,170491,rest
21.7894,170099,rest
21.7928,170525,rest
21.7987,170334,rest
21.8010,169460,rest
21.8026,17,rest
21.8051,0565,rest
21.8063,1703,rest
21.8091,94,rest
21.8111,170434,rest
21.8133,170125,rest
21.8178,170755,flicker
21.8215,171128,flicker
21.8255,170997,flicker
21.8298,170623,flicker
21.8342,170249,flicker
21.8379,170387,flicker
21.8419,170347,flicker
21.8460,170256,flicker
21.8503,169922,flicker
21.8543,170882,flicker
21.8583,170573,flicker
21.8625,170438,flicker
21.8668,169996,flicker
21.8707,170578,flicker
21.8748,170755,flicker
21.8788,169908,flicker
21.8833,170279,flicker
21.8870,169781,flicker
21.8911,170350,flicker
21.8953,170583,flicker
21.8995,169726,flicker
21.9034,170696,flicker
21.9074,169771,flicker
21.9116,169842,flicker
21.9159,170366,flicker
21.9198,170808,flicker
21.9239,170191,flicker
21.9280,170273,flicker
21.9293,1,flicker
21.9322,70475,flicker
21.9336,1700,flicker
21.9361,23,flicker
21.9377,170432,flicker
21.9404,170213,flicker
21.9443,170313,flicker
21.9486,701,flicker
21.9528,170102,flicker
21.9577,170586,flicker
21.9610,170529,flicker
21.9661,70,flicker
21.9691,170275,flicker
21.9730,170051,flicker
21.9771,170171,flicker
21.9828,747,flicker
21.9864,170650,flicker
21.9894,170301,flicker
21.9935,170131,flicker
21.9989,70117,flicker
22.0021,170529,flicker
22.0059,170756,flicker
22.0099,170148,flicker
22.0148,7000,flicker
22.0186,170742,flicker
22.0221,170503,flicker
22.0262,170344,flicker
22.0319,170197,flicker
22.0346,170401,flicker
22.0386,170502,flicker
22.0427,170797,flicker
22.0468,170310,flicker
22.0512,170151,flicker
22.0549,170156,flicker
22.0560,1,flicker
22.0590,70163,flicker
22.0606,1705,flicker
22.0631,52,flicker
22.0644,170517,flicker
22.0673,170097,flicker
22.0713,170397,flicker
22.0754,170542,flicker
22.0797,170708,flicker
22.0843,170172,flicker
22.0878,170643,flicker
22.0918,170406,flicker
22.0959,170062,flicker
22.1002,170177,flicker
22.1040,170302,flicker
22.1081,170119,flicker
22.1123,171220,flicker
22.1165,170548,flicker
22.1206,170533,flicker
22.1246,170279,flicker
22.1286,170413,flicker
22.1330,170412,flicker
22.1368,170229,flicker
22.1409,170057,flicker
22.1451,170062,flicker
22.1495,170770,flicker
22.1533,170391,flicker
22.1574,170274,flicker
22.1614,170730,flicker
22.1670,170428,flicker
22.1696,170224,flicker
22.1737,170026,flicker
22.1778,170381,flicker
22.1825,170598,flicker
22.1839,1,flicker
22.1861,70549,flicker
22.1873,170,flicker
22.1902,296,flicker
22.1915,170689,flicker
22.1942,170028,flicker
22.1985,170348,flicker
22.2025,170529,flicker
22.2065,170320,flicker
22.2106,170408,flicker
22.2149,169991,flicker
22.2188,170538,flicker
22.2229,170362,flicker
22.2270,170441,flicker
22.2312,70073,flicker
22.2356,170699,flicker
22.2393,170204,flicker
22.2444,170931,flicker
22.2482,725,flicker
22.2523,171003,flicker
22.2556,170474,flicker
22.2597,170809,flicker
22.2639,70437,flicker
22.2691,170928,flicker
22.2720,170720,flicker
22.2762,170791,flicker
22.2805,170799,flicker
22.2844,170395,flicker
22.2884,170334,flicker
22.2925,169951,flicker
22.2966,170644,flicker
22.3009,170333,flicker
22.3048,170055,flicker
22.3088,170015,flicker
22.3130,170567,flicker
22.3147,170,flicker
22.3177,494,flicker
22.3187,169983,flicker
22.3212,170838,flicker
22.3252,170254,flicker
22.3294,170560,flicker
22.3335,170159,flicker
22.3376,170557,flicker
22.3416,170021,flicker
22.3457,170088,flicker
22.3502,170024,flicker
22.3539,170555,flicker
22.3580,169920,flicker
22.3622,170713,flicker
22.3666,170741,flicker
22.3703,170555,flicker
22.3744,170323,flicker
22.3787,170309,flicker
22.3829,170858,flicker
22.3867,170386,flicker
22.3908,170020,flicker
22.3949,170422,flicker
22.3993,170555,flicker
22.4031,170227,flicker
22.4071,170320,flicker
22.4113,170639,flicker
22.4156,170717,flicker
22.4195,170285,flicker
22.4235,170070,flicker
22.4276,170290,flicker
22.4318,70138,flicker
22.4364,170119,flicker
22.4402,170241,flicker
22.4416,16,flicker
22.4441,9859,flicker
22.4452,17045,flicker
22.4502,17072,flicker
22.4533,170038,flicker
22.4567,170144,flicker
22.4604,170067,flicker
22.4650,70387,flicker
22.4690,170373,flicker
22.4727,170548,flicker
22.4768,170191,flicker
22.4822,170592,flicker
22.4850,170344,flicker
22.4890,170032,flicker
22.4932,170188,flicker
22.4983,7013,flicker
22.5015,170338,flicker
22.5058,170459,flicker
22.5099,170310,flicker
22.5138,16957,flicker
22.5179,169970,flicker
22.5224,169884,flicker
22.5260,169986,flicker
22.5303,17425,flicker
22.5345,170278,flicker
22.5389,169792,flicker
22.5423,169787,flicker
22.5464,169904,flicker
22.5510,170154,flicker
22.5546,170540,flicker
22.5587,170784,flicker
22.5628,170307,flicker
22.5673,169739,flicker
22.5688,17,flicker
22.5710,0735,flicker
22.5720,1700,flicker
22.5751,32,flicker
22.5761,170434,flicker
22.5792,170502,flicker
22.5837,170925,flicker
22.5874,169985,flicker
22.5914,170163,flicker
22.5956,170078,flicker
22.6008,169863,flicker
22.6038,170521,flicker
22.6078,170557,flicker
22.6120,170290,flicker
22.6163,170618,flicker
22.6202,170312,flicker
22.6242,171077,flicker
22.6283,170502,flicker
22.6328,170471,flicker
22.6365,169980,flicker
22.6407,170380,flicker
22.6447,170089,flicker
22.6494,170456,flicker
22.6529,170555,flicker
22.6570,170328,flicker
22.6611,170205,flicker
22.6657,170079,flicker
22.6693,170713,flicker
22.6734,170134,flicker
22.6775,170409,flicker
22.6822,169907,flicker
22.6857,170313,flicker
22.6898,170539,flicker
22.6938,170264,flicker
22.6949,1,flicker
22.7002,7021701,flicker
22.7021,76,flicker
22.7034,170465,flicker
22.7063,170569,flicker
22.7103,170680,flicker
22.7144,709,flicker
22.7191,170203,flicker
22.7226,170331,flicker
22.7267,170788,flicker
22.7320,70589,flicker
22.7371,170276,flicker
22.7389,170422,flicker
22.7430,170233,flicker
22.7488,718,flicker
22.7519,169995,flicker
22.7558,169887,flicker
22.7594,170327,flicker
22.7637,4,flicker
22.7698,170087,flicker
22.7728,170476,flicker
22.7758,170224,flicker
22.7800,170511,flicker
22.7841,170690,flicker
22.7881,170478,flicker
22.7921,170944,flicker
22.7965,170474,flicker
22.8008,170194,flicker
22.8045,169896,flicker
22.8085,169908,flicker
22.8127,170079,flicker
22.8176,169992,flicker
22.8209,170221,flicker
22.8250,170609,flicker
22.8262,169,flicker
22.8291,629,flicker
22.8301,170260,flicker
22.8332,170149,flicker
22.8372,170172,flicker
22.8414,170437,flicker
22.8454,170714,flicker
22.8503,170203,flicker
22.8536,170395,flicker
22.8577,170341,flicker
22.8619,170081,flicker
22.8663,169745,flicker
22.8700,170097,flicker
22.8741,170235,flicker
22.8781,169694,flicker
22.8827,170202,flicker
22.8864,170362,flicker
22.8904,170316,flicker
22.8946,170079,flicker
22.8990,170135,flicker
22.9028,170156,flicker
22.9068,170751,flicker
22.9109,170308,flicker
22.9157,170575,flicker
22.9191,170476,flicker
22.9232,170319,flicker
22.9274,169827,flicker
22.9317,170638,flicker
22.9355,170139,flicker
22.9396,169913,flicker
22.9438,170369,flicker
22.9480,698,flicker
22.9523,170654,flicker
22.9546,170,flicker
22.9560,462,flicker
22.9572,170483,flicker
22.9602,170336,flicker
22.9648,170558,flicker
22.9683,170282,flicker
22.9724,170473,flicker
22.9765,170247,flicker
22.9822,70508,flicker
22.9853,170459,flicker
22.9887,170256,flicker
22.9929,170046,flicker
22.9981,67,flicker
23.0013,170420,flicker
23.0052,170125,flicker
23.0093,170304,flicker
23.0176,170109,flicker
23.0226,169993,flicker
23.0256,170056,flicker
23.0299,730,flicker
23.0341,169632,flicker
23.0386,170048,flicker
23.0420,170217,flicker
23.0463,170102,flicker
23.0503,170204,flicker
23.0543,170326,flicker
23.0584,170207,flicker
23.0625,170404,flicker
23.0674,169899,flicker
23.0707,170154,flicker
23.0749,170321,flicker
23.0790,170018,flicker
23.0806,169,flicker
23.0831,996,flicker
23.0842,17020,flicker
23.0871,1,flicker
23.0872,169964,flicker
23.0912,169907,flicker
23.0953,169523,flicker
23.0998,170186,flicker
23.1034,170290,flicker
23.1075,169890,flicker
23.1117,170113,flicker
23.1162,170525,flicker
23.1198,169283,flicker
23.1239,170532,flicker
23.1281,169851,flicker
23.1323,169843,flicker
23.1362,169616,flicker
23.1403,169847,flicker
23.1444,169540,flicker
23.1488,170725,flicker
23.1526,170465,flicker
23.1568,170026,flicker
23.1608,170335,flicker
23.1658,170115,flicker
23.1690,169720,flicker
23.1730,169939,flicker
23.1772,170299,flicker
23.1818,170062,flicker
23.1854,170404,flicker
23.1895,170358,flicker
23.1937,170337,flicker
23.1978,7049,flicker
23.2024,170254,flicker
23.2062,169884,flicker
23.2078,17,flicker
23.2100,0272,flicker
23.2121,17032,flicker
23.2155,692,flicker
23.2184,170302,flicker
23.2222,170215,flicker
23.2263,170507,flicker
23.2309,170189,flicker
23.2345,170382,flicker
23.2386,169906,flicker
23.2427,170330,flicker
23.2469,70349,flicker
23.2515,169725,flicker
23.2551,170432,flicker
23.2591,169537,flicker
23.2649,7,flicker
23.2676,170368,flicker
23.2714,170791,flicker
23.2755,169856,flicker
23.2797,170264,flicker
23.2840,170383,flicker
23.2878,170241,flicker
23.2918,170384,flicker
23.2960,170393,flicker
23.3010,170268,flicker
23.3041,169888,flicker
23.3082,170014,flicker
23.3123,170209,flicker
23.3166,170250,flicker
23.3205,170313,flicker
23.3246,169997,flicker
23.3287,170102,flicker
23.3332,170032,flicker
23.3347,17,flicker
23.3369,0242,flicker
23.3380,17066,flicker
23.3409,8,flicker
23.3428,170196,flicker
23.3451,170253,flicker
23.3497,170447,flicker
23.3538,170147,flicker
23.3574,170191,flicker
23.3615,170129,flicker
23.3659,170308,flicker
23.3697,170636,flicker
23.3739,170290,flicker
23.3779,170317,flicker
23.3829,170431,flicker
23.3861,170516,flicker
23.3901,170783,flicker
23.3943,170132,flicker
23.3985,170174,flicker
23.4025,170063,flicker
23.4066,170045,flicker
23.4106,170045,flicker
23.4150,170013,flicker
23.4189,170629,flicker
23.4230,169819,flicker
23.4270,170480,flicker
23.4323,170796,flicker
23.4352,170383,flicker
23.4393,169635,flicker
23.4435,170526,flicker
23.4477,7079,flicker
23.4519,170051,flicker
23.4561,170931,flicker
23.4599,169889,flicker
23.4611,17,flicker
23.4648,0116,flicker
23.4668,17010,flicker
23.4681,9,flicker
23.4691,170424,flicker
23.4722,170477,flicker
23.4762,170577,flicker
23.4803,70431,flicker
23.4848,170215,flicker
23.4888,170590,flicker
23.4926,169816,flicker
23.4969,707,flicker
23.5012,170628,flicker
23.5055,170242,flicker
23.5090,169840,flicker
23.5131,70171,flicker
23.5174,170150,flicker
23.5214,170288,flicker
23.5253,170576,flicker
23.5304,772,flicker
23.5345,170153,flicker
23.5377,170118,flicker
23.5418,170019,flicker
23.5461,169848,flicker
23.5499,169809,flicker
23.5540,169563,flicker
23.5581,170014,flicker
23.5622,170036,flicker
23.5663,170211,flicker
23.5704,169949,flicker
23.5745,170405,flicker
23.5786,170219,flicker
23.5827,170495,flicker
23.5868,170137,flicker
23.5879,1,flicker
23.5909,70074,flicker
23.5925,1701,flicker
23.5950,27,flicker
23.5967,170078,flicker
23.5991,169923,flicker
23.6031,170040,flicker
23.6072,170047,flicker
23.6114,170730,flicker
23.6156,170128,flicker
23.6196,170091,flicker
23.6236,169811,flicker
23.6279,170242,flicker
23.6323,170058,flicker
23.6359,170409,flicker
23.6400,170400,flicker
23.6443,170311,flicker
23.6487,170068,flicker
23.6523,170152,flicker
23.6564,170263,flicker
23.6605,170391,flicker
23.6651,170021,flicker
23.6687,169863,flicker
23.6728,170184,flicker
23.6768,170005,flicker
23.6811,695,flicker
23.6859,170408,flicker
23.6893,170589,flicker
23.6934,170035,flicker
23.6984,702,flicker
23.7020,170191,flicker
23.7055,169994,flicker
23.7096,169613,flicker
23.7151,69731,flicker
23.7185,70460,flicker
23.7206,1696,flicker
23.7219,87,flicker
23.7232,170329,flicker
23.7260,170589,flicker
23.7316,699,flicker
23.7349,169390,flicker
23.7383,170329,flicker
23.7424,170041,flicker
23.7466,701,flicker
23.7519,169724,flicker
23.7547,169958,flicker
23.7588,169948,flicker
23.7641,700,flicker
23.7670,170130,flicker
23.7711,170526,flicker
23.7752,170282,flicker
23.7794,169742,flicker
23.7836,170130,flicker
23.7874,170188,flicker
23.7916,170391,flicker
23.7958,170146,flicker
23.8002,170020,flicker
23.8039,170178,flicker
23.8079,170479,flicker
23.8120,170686,flicker
23.8164,169785,flicker
23.8203,170402,flicker
23.8243,170445,flicker
23.8284,169981,flicker
23.8326,170337,flicker
23.8366,169977,flicker
23.8407,170012,flicker
23.8448,170398,flicker
23.8461,169,flicker
23.8490,923,flicker
23.8501,170077,flicker
23.8531,169854,flicker
23.8571,170311,flicker
23.8612,170369,flicker
23.8663,170218,flicker
23.8694,170340,flicker
23.8734,170096,flicker
23.8777,170074,flicker
23.8827,170149,flicker
23.8858,170422,flicker
23.8899,170355,flicker
23.8939,170093,flicker
23.8984,170287,flicker
23.9022,170549,flicker
23.9062,170969,flicker
23.9103,170479,flicker
23.9145,170445,flicker
23.9185,170027,flicker
23.9226,170281,flicker
23.9267,170556,flicker
23.9317,170303,flicker
23.9349,170311,flicker
23.9390,170317,flicker
23.9432,170242,flicker
23.9473,70198,flicker
23.9518,169987,flicker
23.9569,170363,flicker
23.9612,170413,flicker
23.9636,170163,flicker
23.9683,170521,flicker
23.9718,170282,flicker
23.9727,169,flicker
23.9759,767,flicker
23.9772,17071,flicker
23.9803,9,flicker
23.9806,170201,flicker
23.9841,169950,flicker
23.9881,170829,flicker
23.9922,170124,flicker
23.9965,6980,flicker
24.0008,170251,flicker
24.0050,170257,flicker
24.0086,169771,flicker
24.0139,703,flicker
24.0175,170497,flicker
24.0212,170424,flicker
24.0250,170660,flicker
24.0293,7048,flicker
24.0338,170343,flicker
24.0390,170327,flicker
24.0414,170583,flicker
24.0471,170023,flicker
24.0496,170492,flicker
24.0537,169958,flicker
24.0578,170321,flicker
24.0619,170093,flicker
24.0660,169913,flicker
24.0701,170278,flicker
24.0742,170622,flicker
24.0783,170231,flicker
24.0827,170108,flicker
24.0865,170567,flicker
24.0906,170284,flicker
24.0947,170379,flicker
24.0990,170228,flicker
24.1003,169,flicker
24.1028,792,flicker
24.1041,16985,flicker
24.1069,6,flicker
24.1070,170346,flicker
24.1110,170007,flicker
24.1159,170535,flicker
24.1192,170771,flicker
24.1233,170208,flicker
24.1278,170582,flicker
24.1325,170248,flicker
24.1356,169889,flicker
24.1398,170256,flicker
24.1438,170481,flicker
24.1480,170603,flicker
24.1520,170427,flicker
24.1562,170011,flicker
24.1602,170511,flicker
24.1644,169966,flicker
24.1684,170205,flicker
24.1725,170294,flicker
24.1765,170814,flicker
24.1810,170242,flicker
24.1848,170405,flicker
24.1890,170424,flicker
24.1929,170219,flicker
24.1983,7048,flicker
24.2016,170502,flicker
24.2054,170009,flicker
24.2095,170242,flicker
24.2148,7018,flicker
24.2184,170559,flicker
24.2216,170134,flicker
24.2257,170559,flicker
24.2267,17,flicker
24.2318,22740,flicker
24.2342,170150,flicker
24.2392,170195,flicker
24.2421,169584,flicker
24.2464,69919,flicker
24.2514,170203,flicker
24.2544,169934,flicker
24.2586,170658,flicker
24.2643,750,flicker
24.2667,170108,flicker
24.2708,170408,flicker
24.2748,170256,flicker
24.2791,169455,flicker
24.2833,170343,flicker
24.2872,170207,flicker
24.2912,169759,flicker
24.2957,170007,flicker
24.2997,169980,flicker
24.3035,170554,flicker
24.3076,169786,flicker
24.3118,170471,flicker
24.3162,170571,flicker
24.3200,170143,flicker
24.3240,170084,flicker
24.3283,170321,flicker
24.3327,170248,flicker
24.3363,170329,flicker
24.3404,169875,flicker
24.3445,170160,flicker
24.3489,169952,flicker
24.3527,170387,flicker
24.3538,1,flicker
24.3569,70150,flicker
24.3580,1703,flicker
24.3609,43,flicker
24.3630,169996,flicker
24.3655,170141,flicker
24.3691,170240,flicker
24.3732,170122,flicker
24.3773,170310,flicker
24.3817,170227,flicker
24.3854,170677,flicker
24.3896,170461,flicker
24.3937,170413,flicker
24.3982,170122,flicker
24.4020,169939,flicker
24.4060,170300,flicker
24.4100,169968,flicker
24.4144,170113,flicker
24.4182,169991,flicker
24.4224,170221,flicker
24.4264,170106,flicker
24.4306,70164,flicker
24.4351,170273,flicker
24.4390,170061,flicker
24.4428,170162,flicker
24.4473,169687,flicker
24.4510,170123,flicker
24.4551,169539,flicker
24.4595,169853,flicker
24.4649,7021,flicker
24.4674,169943,flicker
24.4715,170545,flicker
24.4756,169966,flicker
24.4806,170643,flicker
24.4818,1,flicker
24.4838,70293,flicker
24.4851,1703,flicker
24.4880,98,flicker
24.4895,169970,flicker
24.4920,170500,flicker
24.4974,70250,flicker
24.5001,169734,flicker
24.5043,170398,flicker
24.5083,170548,flicker
24.5127,16980,flicker
24.5177,169675,flicker
24.5213,170016,flicker
24.5247,170791,flicker
24.5301,16954,flicker
24.5334,169988,flicker
24.5370,170014,flicker
24.5411,170494,flicker
24.5453,170159,flicker
24.5493,170233,flicker
24.5534,169897,flicker
24.5575,170152,flicker
24.5616,170020,flicker
24.5664,169509,flicker
24.5698,170146,flicker
24.5739,170050,flicker
24.5780,170070,flicker
24.5822,170533,flicker
24.5862,170453,flicker
24.5902,170368,flicker
24.5944,169648,flicker
24.5992,169742,flicker
24.6025,170363,flicker
24.6067,170087,flicker
24.6108,170133,flicker
24.6121,170,flicker
24.6151,309,flicker
24.6167,170131,flicker
24.6189,170218,flicker
24.6230,170156,flicker
24.6272,170529,flicker
24.6320,170507,flicker
24.6353,170088,flicker
24.6394,169801,flicker
24.6435,170482,flicker
24.6481,170026,flicker
24.6517,170590,flicker
24.6558,169733,flicker
24.6600,169851,flicker
24.6646,169886,flicker
24.6681,170172,flicker
24.6722,170275,flicker
24.6763,170195,flicker
24.6808,169891,flicker
24.6845,170374,flicker
24.6886,169692,flicker
24.6928,170280,flicker
24.6969,70,flicker
24.7016,169624,flicker
24.7060,170156,flicker
24.7090,170078,flicker
24.7133,6982,flicker
24.7173,169856,flicker
24.7215,169952,flicker
24.7254,170465,flicker
24.7300,169922,flicker
24.7336,170738,flicker
24.7378,170022,flicker
24.7391,170,flicker
24.7418,212,flicker
24.7429,170234,flicker
24.7471,36,flicker
24.7507,170271,flicker
24.7546,170171,flicker
24.7583,170387,flicker
24.7639,08,flicker
24.7674,169900,flicker
24.7707,169621,flicker
24.7746,169862,flicker
24.7802,46,flicker
24.7831,170517,flicker
24.7868,170261,flicker
24.7909,169773,flicker
24.7968,170169,flicker
24.7992,170086,flicker
24.8032,170146,flicker
24.8073,169561,flicker
24.8115,169935,flicker
24.8160,169627,flicker
24.8196,169312,flicker
24.8237,169597,flicker
24.8281,170402,flicker
24.8330,169865,flicker
24.8360,170206,flicker
24.8401,169740,flicker
24.8443,170271,flicker
24.8491,169909,flicker
24.8524,170546,flicker
24.8565,170020,flicker
24.8607,169701,flicker
24.8652,170771,flicker
24.8667,17,flicker
24.8688,0137,flicker
24.8700,17009,flicker
24.8729,1,flicker
24.8729,170081,flicker
24.8770,170576,flicker
24.8812,7058,flicker
24.8854,170300,flicker
24.8894,170268,flicker
24.8933,170253,flicker
24.8979,170375,flicker
24.9016,170392,flicker
24.9056,170473,flicker
24.9098,170561,flicker
24.9140,731,flicker
24.9182,170005,flicker
24.9223,170146,flicker
24.9261,170358,flicker
24.9304,60,flicker
24.9349,170254,flicker
24.9387,170099,flicker
24.9431,170373,flicker
24.9467,095,flicker
24.9511,170367,flicker
24.9559,170306,flicker
24.9590,169946,flicker
24.9631,170167,flicker
24.9671,169736,flicker
24.9712,170506,flicker
24.9753,170424,flicker
24.9799,71,flicker
24.9851,169941,flicker
24.9884,169846,flicker
24.9917,170538,flicker
24.9932,17,flicker
24.9959,8,flicker
24.9963,73,flicker
24.9999,7,flicker
25.0011,169966,flicker
25.0043,170173,flicker
25.0081,170087,flicker
25.0122,8,flicker
25.0175,170098,flicker
25.0205,170476,flicker
25.0244,169922,flicker
25.0300,649,flicker
25.0333,170086,flicker
25.0368,170031,flicker
25.0408,170621,flicker
25.0450,169858,flicker
25.0497,170007,flicker
25.0531,169845,flicker
25.0572,170727,flicker
25.0613,170189,flicker
25.0664,170466,flicker
25.0695,170309,flicker
25.0736,170747,flicker
25.0777,170153,flicker
25.0827,169735,flicker
25.0859,170048,flicker
25.0900,169758,flicker
25.0940,170184,flicker
25.0985,170006,flicker
25.1023,170097,flicker
25.1064,170459,flicker
25.1105,170511,flicker
25.1149,170448,flicker
25.1187,170108,flicker
25.1201,17,flicker
25.1228,0232,flicker
25.1238,1696,flicker
25.1268,30,flicker
25.1278,169801,flicker
25.1315,170333,flicker
25.1351,170288,flicker
25.1392,169947,flicker
25.1432,169981,flicker
25.1497,169650,flicker
25.1514,170358,flicker
25.1555,169846,flicker
25.1596,169791,flicker
25.1646,170026,flicker
25.1678,170177,flicker
25.1719,170276,flicker
25.1760,169993,flicker
25.1820,2,flicker
25.1844,170451,flicker
25.1889,170094,flicker
25.1923,170017,flicker
25.1980,697,flicker
25.2009,169786,flicker
25.2055,169815,flicker
25.2088,170038,flicker
25.2133,170120,flicker
25.2172,169835,flicker
25.2220,170144,flicker
25.2251,170108,flicker
25.2294,7017,flicker
25.2337,169984,flicker
25.2381,170050,flicker
25.2426,170010,flicker
25.2474,7011,flicker
25.2504,70378,flicker
25.2524,1697,flicker
25.2538,96,flicker
25.2550,170181,flicker
25.2580,170090,flicker
25.2622,05,flicker
25.2702,170536,flicker
25.2706,170240,flicker
25.2743,170518,flicker
25.2791,1735,flicker
25.2834,170132,flicker
25.2875,170050,flicker
25.2910,170170,flicker
25.2948,170163,flicker
25.2995,170057,flicker
25.3030,169930,flicker
25.3070,170773,flicker
25.3113,170577,flicker
25.3156,170186,flicker
25.3193,170213,flicker
25.3234,170509,flicker
25.3276,170286,flicker
25.3324,170707,flicker
25.3357,170320,flicker
25.3398,170275,flicker
25.3440,170734,flicker
25.3484,170031,flicker
25.3521,169815,flicker
25.3562,170051,flicker
25.3604,169882,flicker
25.3647,170233,flicker
25.3685,170720,flicker
25.3726,170372,flicker
25.3737,1,flicker
25.3769,70043,flicker
25.3782,1702,flicker
25.3811,05,flicker
25.3827,170467,flicker
25.3849,170207,flicker
25.3890,169941,flicker
25.3933,170619,flicker
25.3973,169891,flicker
25.4013,169989,flicker
25.4054,170539,flicker
25.4094,169507,flicker
25.4139,170633,flicker
25.4177,169751,flicker
25.4218,170197,flicker
25.4258,170427,flicker
25.4312,170570,flicker
25.4340,170259,flicker
25.4381,170362,flicker
25.4423,170825,flicker
25.4469,170201,flicker
25.4505,170224,flicker
25.4546,170271,flicker
25.4587,169657,flicker
25.4632,170360,flicker
25.4668,171198,flicker
25.4710,169749,flicker
25.4751,170005,flicker
25.4791,169997,flicker
25.4842,169867,flicker
25.4873,170256,flicker
25.4914,169835,flicker
25.4957,69921,flicker
25.4998,169815,flicker
25.5052,170512,flicker
25.5081,170111,flicker
25.5095,169899,flicker
25.5121,172,flicker
25.5165,169736,flicker
25.5206,170049,flicker
25.5248,169716,flicker
25.5288,170490,flicker
25.5330,170099,flicker
25.5371,170458,flicker
25.5409,169994,flicker
25.5463,169928,flicker
25.5493,169673,flicker
25.5528,170356,flicker
25.5569,170567,flicker
25.5610,170463,flicker
25.5658,170404,flicker
25.5692,170001,flicker
25.5733,170479,flicker
25.5775,170326,flicker
25.5830,170414,flicker
25.5856,170037,flicker
25.5897,170368,flicker
25.5939,170341,flicker
25.5985,169749,flicker
25.6020,170753,flicker
25.6060,170558,flicker
25.6101,170158,flicker
25.6148,170517,flicker
25.6183,170450,flicker
25.6224,170712,flicker
25.6265,170200,flicker
25.6311,169972,flicker
25.6336,170,flicker
25.6348,481,flicker
25.6358,170027,flicker
25.6389,169978,flicker
25.6429,170323,flicker
25.6473,170308,flicker
25.6511,170489,flicker
25.6552,169926,flicker
25.6593,170556,flicker
25.6642,170350,flicker
25.6675,170670,flicker
25.6716,170357,flicker
25.6758,170544,flicker
25.6799,697,flicker
25.6845,170685,flicker
25.6890,170250,flicker
25.6922,170403,flicker
25.6978,6980,flicker
25.7005,170649,flicker
25.7043,170070,flicker
25.7091,170587,flicker
25.7137,700,flicker
25.7183,170548,flicker
25.7208,170107,flicker
25.7248,170635,flicker
25.7305,705,flicker
25.7339,170646,flicker
25.7372,170465,flicker
25.7412,170470,flicker
25.7465,6986,flicker
25.7502,170584,flicker
25.7538,170152,flicker
25.7576,170360,flicker
25.7592,170,flicker
25.7631,812,flicker
25.7663,170171,flicker
25.7707,170105,flicker
25.7740,170597,flicker
25.7824,170374,flicker
25.7884,170794,flicker
25.7904,170547,flicker
25.7945,170316,flicker
25.7990,170292,flicker
25.8027,170784,flicker
25.8068,170375,flicker
25.8108,170400,flicker
25.8156,170597,flicker
25.8190,170734,flicker
25.8231,170457,flicker
25.8272,170046,flicker
25.8317,170597,flicker
25.8354,170022,flicker
25.8396,170012,flicker
25.8439,170346,flicker
25.8479,170381,flicker
25.8518,170466,flicker
25.8559,170570,flicker
25.8600,170889,flicker
25.8644,170071,flicker
25.8682,171041,flicker
25.8723,170208,flicker
25.8764,170611,flicker
25.8810,169996,flicker
25.8846,170232,flicker
25.8861,17,flicker
25.8887,0441,flicker
25.8899,17035,flicker
25.8928,5,flicker
25.8929,170240,flicker
25.8982,0,flicker
25.9014,169817,flicker
25.9064,169963,flicker
25.9093,170728,flicker
25.9136,170123,flicker
25.9174,170155,flicker
25.9215,170483,flicker
25.9255,169929,flicker
25.9298,170259,flicker
25.9337,169783,flicker
25.9378,170312,flicker
25.9420,170539,flicker
25.9471,71,flicker
25.9511,169911,flicker
25.9555,170040,flicker
25.9584,170583,flicker
25.9625,3,flicker
25.9676,170413,flicker
25.9711,169818,flicker
25.9747,170428,flicker
25.9789,70135,flicker
25.9833,170128,flicker
25.9870,170544,flicker
25.9911,170177,flicker
25.9954,7014,flicker
25.9999,170299,flicker
26.0041,170497,flicker
26.0075,170499,flicker
26.0117,746,flicker
26.0134,1,flicker
26.0158,0458,flicker
26.0175,1705,flicker
26.0202,20,flicker
26.0215,170539,flicker
26.0239,170142,flicker
26.0291,5,flicker
26.0322,170292,flicker
26.0361,170123,flicker
26.0402,169827,flicker
26.0452,17089,flicker
26.0492,170174,flicker
26.0526,170162,flicker
26.0566,170197,flicker
26.0608,170487,flicker
26.0655,169882,flicker
26.0689,170272,flicker
26.0730,170183,flicker
26.0771,170430,flicker
26.0816,170768,flicker
26.0853,170141,flicker
26.0893,169827,flicker
26.0935,170507,flicker
26.0979,170751,flicker
26.1017,170101,flicker
26.1058,170142,flicker
26.1100,170667,flicker
26.1142,170193,flicker
26.1181,170306,flicker
26.1222,170419,flicker
26.1262,170425,flicker
26.1307,170251,flicker
26.1349,170230,flicker
26.1386,170686,flicker
26.1429,170083,flicker
26.1433,170,flicker
26.1477,607,flicker
26.1492,170277,flicker
26.1509,169874,flicker
26.1550,170124,flicker
26.1590,169649,flicker
26.1633,7048,flicker
26.1678,170729,flicker
26.1723,170489,flicker
26.1759,170796,flicker
26.1803,170617,flicker
26.1836,170774,flicker
26.1877,170610,flicker
26.1918,170940,flicker
26.1960,7092,flicker
26.2005,170428,flicker
26.2053,170250,flicker
26.2082,170364,flicker
26.2123,170757,flicker
26.2176,170244,flicker
26.2204,170196,flicker
26.2245,170279,flicker
26.2302,170255,flicker
26.2327,169903,flicker
26.2368,170345,flicker
26.2412,170540,flicker
26.2467,70,flicker
26.2502,170044,flicker
26.2535,170441,flicker
26.2580,170184,flicker
26.2615,170449,flicker
26.2664,170679,flicker
26.2696,170582,flicker
26.2706,170,flicker
26.2737,343,flicker
26.2748,170490,flicker
26.2781,1695,flicker
26.2827,170468,flicker
26.2867,170950,flicker
26.2911,170467,flicker
26.2943,170036,flicker
26.2989,170911,flicker
26.3024,170516,flicker
26.3064,170107,flicker
26.3107,170249,flicker
26.3149,169872,flicker
26.3193,170625,flicker
26.3228,169920,flicker
26.3270,170189,flicker
26.3321,170354,flicker
26.3352,170398,flicker
26.3393,170399,flicker
26.3433,170244,flicker
26.3483,170134,flicker
26.3515,170846,flicker
26.3557,170741,flicker
26.3598,170157,flicker
26.3642,170641,flicker
26.3684,170786,flicker
26.3720,170276,flicker
26.3761,170281,flicker
26.3811,170669,flicker
26.3843,170587,flicker
26.3883,170465,flicker
26.3925,170357,flicker
26.3972,170210,flicker
26.3984,17,flicker
26.4008,0515,flicker
26.4019,17036,flicker
26.4047,4,flicker
26.4048,170246,flicker
26.4088,170835,flicker
26.4133,170440,flicker
26.4170,170594,flicker
26.4213,171482,flicker
26.4253,170657,flicker
26.4307,708,flicker
26.4343,170942,flicker
26.4379,171060,flicker
26.4419,171359,flicker
26.4463,170697,flicker
26.4498,171017,flicker
26.4539,170815,flicker
26.4580,170724,flicker
26.4622,70,flicker
26.4671,170846,flicker
26.4711,170292,flicker
26.4744,170222,flicker
26.4793,170535,flicker
26.4826,170364,flicker
26.4867,170395,flicker
26.4907,170935,flicker
26.4962,70212,flicker
26.5003,170735,flicker
26.5050,170962,flicker
26.5075,170417,flicker
26.5125,7033,flicker
26.5155,169933,flicker
26.5194,170581,flicker
26.5237,170598,flicker
26.5247,17,flicker
26.5280,03,flicker
26.5285,0,flicker
26.5317,8,flicker
26.5322,170529,flicker
26.5366,170469,flicker
26.5409,170459,flicker
26.5441,170814,flicker
26.5488,170618,flicker
26.5528,171083,flicker
26.5563,170310,flicker
26.5605,170566,flicker
26.5651,170493,flicker
26.5686,170453,flicker
26.5728,170070,flicker
26.5769,170766,flicker
26.5821,170721,flicker
26.5850,170154,flicker
26.5891,170556,flicker
26.5932,170466,flicker
26.5979,170498,flicker
26.6013,170571,flicker
26.6054,170853,flicker
26.6096,171180,flicker
26.6142,170926,flicker
26.6178,170850,flicker
26.6218,170591,flicker
26.6260,170473,flicker
26.6306,170418,flicker
26.6341,170566,flicker
26.6382,170766,flicker
26.6423,170695,flicker
26.6470,170452,flicker
26.6505,170179,flicker
26.6518,17,flicker
26.6546,0740,flicker
26.6557,17113,flicker
26.6587,5,flicker
26.6600,170662,flicker
26.6632,170611,flicker
26.6669,170780,flicker
26.6710,170953,flicker
26.6751,170544,flicker
26.6799,170497,flicker
26.6833,170558,flicker
26.6874,170734,flicker
26.6916,170508,flicker
26.6978,0,flicker
26.7004,170639,flicker
26.7041,170520,flicker
26.7079,170521,flicker
26.7121,7054,flicker
26.7164,169885,flicker
26.7209,170929,flicker
26.7242,170938,flicker
26.7285,7035,flicker
26.7329,170801,flicker
26.7368,170324,flicker
26.7406,170828,flicker
26.7449,703,flicker
26.7490,170340,flicker
26.7538,170809,flicker
26.7570,170772,flicker
26.7617,05,flicker
26.7671,170473,flicker
26.7693,170498,flicker
26.7734,171026,flicker
26.7778,105,flicker
26.7819,70605,flicker
26.7835,1703,flicker
26.7857,43,flicker
26.7867,170646,flicker
26.7898,170654,flicker
26.7939,170061,flicker
26.7984,170764,flicker
26.8021,170661,flicker
26.8062,170390,flicker
26.8103,170785,flicker
26.8148,171127,flicker
26.8184,170618,flicker
26.8225,170573,flicker
26.8267,170591,flicker
26.8317,170816,flicker
26.8348,170651,flicker
26.8389,170041,flicker
26.8433,170578,flicker
26.8483,171044,flicker
26.8512,170267,flicker
26.8553,170460,flicker
26.8595,170090,flicker
26.8641,170571,flicker
26.8676,170917,flicker
26.8717,170614,flicker
26.8759,170577,flicker
26.8803,170292,flicker
26.8840,170612,flicker
26.8880,169988,flicker
26.8924,170223,flicker
26.8968,170292,flicker
26.9004,170917,flicker
26.9044,170824,flicker
26.9088,170713,flicker
26.9099,170,flicker
26.9131,241,flicker
26.9147,170396,flicker
26.9168,170333,flicker
26.9208,170836,flicker
26.9249,170678,flicker
26.9304,732,flicker
26.9335,170809,flicker
26.9372,171115,flicker
26.9414,170358,flicker
26.9455,794,flicker
26.9500,170721,flicker
26.9537,170579,flicker
26.9578,170600,flicker
26.9621,170379,flicker
26.9659,170765,flicker
26.9700,170433,flicker
26.9741,170632,flicker
26.9798,70,flicker
26.9831,170784,flicker
26.9867,170514,flicker
26.9904,170299,flicker
26.9963,711,flicker
26.9991,170613,flicker
27.0036,170197,flicker
27.0068,170710,flicker
27.0111,7037,flicker
27.0167,170506,flicker
27.0196,170425,flicker
27.0232,170313,flicker
27.0290,1705,flicker
27.0319,170781,flicker
27.0357,170198,flicker
27.0373,169,flicker
27.0396,977,flicker
27.0412,170629,flicker
27.0438,170627,flicker
27.0480,170813,flicker
27.0519,170450,flicker
27.0560,170566,flicker
27.0601,170785,flicker
27.0650,170397,flicker
27.0683,170481,flicker
27.0724,170079,flicker
27.0765,170463,flicker
27.0816,170009,flicker
27.0847,170632,flicker
27.0888,170250,flicker
27.0928,170592,flicker
27.0975,170516,flicker
27.1011,170799,flicker
27.1053,170509,flicker
27.1092,170883,flicker
27.1141,170662,flicker
27.1174,170806,flicker
27.1215,170688,flicker
27.1257,170541,flicker
27.1304,171093,flicker
27.1339,170851,flicker
27.1380,170567,flicker
27.1420,170638,flicker
27.1466,170709,flicker
27.1502,170666,flicker
27.1543,171043,flicker
27.1584,170575,flicker
27.1631,170905,flicker
27.1643,170,flicker
27.1666,971,flicker
27.1677,17074,flicker
27.1707,2,flicker
27.1708,170234,flicker
27.1748,170607,flicker
27.1792,171048,flicker
27.1830,170677,flicker
27.1870,170878,flicker
27.1913,170680,flicker
27.1959,170757,flicker
27.1994,170664,flicker
27.2034,170757,flicker
27.2078,170912,flicker
27.2132,0,flicker
27.2167,170702,flicker
27.2199,170848,flicker
27.2239,170519,flicker
27.2292,703,flicker
27.2334,170609,flicker
27.2366,170840,flicker
27.2403,170112,flicker
27.2445,708,flicker
27.2491,171073,flicker
27.2532,170624,flicker
27.2567,171056,flicker
27.2620,718,flicker
27.2650,170527,flicker
27.2690,170682,flicker
27.2731,170201,flicker
27.2777,7092,flicker
27.2814,170637,flicker
27.2853,170612,flicker
27.2895,171249,flicker
27.2906,17,flicker
27.2936,0280,flicker
27.2951,17060,flicker
27.2979,4,flicker
27.2983,170529,flicker
27.3018,170364,flicker
27.3058,170844,flicker
27.3100,170549,flicker
27.3148,170747,flicker
27.3181,170750,flicker
27.3222,170820,flicker
27.3271,170745,flicker
27.3314,170748,flicker
27.3345,171194,flicker
27.3386,170659,flicker
27.3428,170578,flicker
27.3479,170740,flicker
27.3509,170586,flicker
27.3550,170710,flicker
27.3592,171173,flicker
27.3638,170483,flicker
27.3673,170631,flicker
27.3714,170323,flicker
27.3756,170786,flicker
27.3802,170647,flicker
27.3838,170463,flicker
27.3878,170900,flicker
27.3918,170233,flicker
27.3964,170483,flicker
27.4000,170651,flicker
27.4041,170861,flicker
27.4083,170655,flicker
27.4131,170565,flicker
27.4164,170584,flicker
27.4175,17,flicker
27.4205,0669,flicker
27.4219,17075,flicker
27.4246,4,flicker
27.4255,170751,flicker
27.4294,170334,flicker
27.4328,171112,flicker
27.4369,170246,flicker
27.4410,170595,flicker
27.4455,170949,flicker
27.4492,170670,flicker
27.4533,171061,flicker
27.4574,170421,flicker
27.4622,170888,flicker
27.4656,170621,flicker
27.4697,170180,flicker
27.4738,170304,flicker
27.4780,7107,flicker
27.4823,170672,flicker
27.4872,170307,flicker
27.4902,170326,flicker
27.4945,737,flicker
27.4992,170861,flicker
27.5024,170518,flicker
27.5066,170493,flicker
27.5107,170350,flicker
27.5155,170656,flicker
27.5189,170505,flicker
27.5229,170739,flicker
27.5320,171007,flicker
27.5354,170281,flicker
27.5393,170281,flicker
27.5437,1709,flicker
27.5489,70382,flicker
27.5502,1705,flicker
27.5516,08,flicker
27.5532,171164,flicker
27.5557,170595,flicker
27.5598,170809,flicker
27.5645,170454,flicker
27.5680,170479,flicker
27.5721,170709,flicker
27.5762,170079,flicker
27.5810,170348,flicker
27.5844,171302,flicker
27.5885,170565,flicker
27.5926,170685,flicker
27.5972,170599,flicker
27.6008,170123,flicker
27.6048,170765,flicker
27.6089,170415,flicker
27.6138,170548,flicker
27.6171,170827,flicker
27.6212,170650,flicker
27.6254,171075,flicker
27.6303,170516,flicker
27.6335,170634,flicker
27.6376,170663,flicker
27.6418,170782,flicker
27.6460,171119,flicker
27.6499,170623,flicker
27.6540,170877,flicker
27.6583,170693,flicker
27.6628,170814,flicker
27.6663,171152,flicker
27.6704,170734,flicker
27.6713,1,flicker
27.6745,70856,flicker
27.6755,171,flicker
27.6801,1763,flicker
27.6829,170830,flicker
27.6876,171026,flicker
27.6909,170836,flicker
27.6956,170687,flicker
27.6991,170938,flicker
27.7031,170962,flicker
27.7072,171257,flicker
27.7130,706,flicker
27.7159,170610,flicker
27.7195,170910,flicker
27.7236,170978,flicker
27.7278,70732,flicker
27.7324,170776,flicker
27.7362,170623,flicker
27.7400,170483,flicker
27.7442,7218,flicker
27.7487,170435,flicker
27.7527,171374,flicker
27.7565,170757,flicker
27.7606,73,flicker
27.7652,170998,flicker
27.7698,170962,flicker
27.7728,170912,flicker
27.7770,784,flicker
27.7820,170771,flicker
27.7854,171005,flicker
27.7892,170546,flicker
27.7935,170673,flicker
27.7991,170817,flicker
27.8015,170859,flicker
27.8030,170,flicker
27.8056,768,flicker
27.8067,170958,flicker
27.8097,170673,flicker
27.8143,170552,flicker
27.8191,170506,flicker
27.8219,170716,flicker
27.8260,170458,flicker
27.8305,170747,flicker
27.8342,170595,flicker
27.8383,171202,flicker
27.8424,170422,flicker
27.8475,170781,flicker
27.8506,170895,flicker
27.8547,170676,flicker
27.8590,170558,flicker
27.8636,171051,flicker
27.8670,170729,flicker
27.8711,170738,flicker
27.8752,170525,flicker
27.8798,170497,flicker
27.8834,170531,flicker
27.8874,170727,flicker
27.8915,171086,flicker
27.8962,170753,flicker
27.8997,170557,flicker
27.9039,170384,flicker
27.9081,170750,flicker
27.9123,171115,flicker
27.9162,170724,flicker
27.9202,170767,flicker
27.9243,169860,flicker
27.9289,170943,flicker
27.9304,170,flicker
27.9325,291,flicker
27.9338,170590,flicker
27.9367,170744,flicker
27.9407,170717,flicker
27.9466,702,flicker
27.9493,170462,flicker
27.9533,170746,flicker
27.9571,170609,flicker
27.9620,170492,flicker
27.9653,170992,flicker
27.9694,170814,flicker
27.9735,171027,flicker
27.9789,708,flicker
27.9819,170524,flicker
27.9858,170974,flicker
27.9899,170678,flicker
27.9941,7068,flicker
27.9983,170338,flicker
28.0031,170471,flicker
28.0062,171024,flicker
28.0121,07,flicker
28.0155,170930,flicker
28.0188,170308,flicker
28.0226,170609,flicker
28.0269,7044,flicker
28.0315,170313,flicker
28.0351,170786,flicker
28.0390,170322,flicker
28.0449,170010,flicker
28.0472,170623,flicker
28.0513,170596,flicker
28.0555,170714,flicker
28.0570,17,flicker
28.0595,0963,flicker
28.0604,17035,flicker
28.0638,9,flicker
28.0649,170727,flicker
28.0677,171328,flicker
28.0718,170594,flicker
28.0759,170506,flicker
28.0807,170975,flicker
28.0841,170848,flicker
28.0881,170946,flicker
28.0923,171252,flicker
28.0974,170385,flicker
28.1005,171007,flicker
28.1045,170949,flicker
28.1087,171180,flicker
28.1131,170281,flicker
28.1169,170398,flicker
28.1209,170931,flicker
28.1250,170759,flicker
28.1299,170595,flicker
28.1332,170227,flicker
28.1373,170465,flicker
28.1417,170307,flicker
28.1459,170695,flicker
28.1496,170254,flicker
28.1537,170205,flicker
28.1579,170226,flicker
28.1624,170377,flicker
28.1660,170310,flicker
28.1700,170830,flicker
28.1742,170680,flicker
28.1788,170924,flicker
28.1824,170697,flicker
28.1835,17,flicker
28.1865,0469,flicker
28.1876,1702,flicker
28.1905,64,flicker
28.1925,170865,flicker
28.1953,170419,flicker
28.1987,170705,flicker
28.2029,170233,flicker
28.2071,170900,flicker
28.2111,05,flicker
28.2164,170745,flicker
28.2199,170370,flicker
28.2233,170875,flicker
28.2276,7032,flicker
28.2328,170343,flicker
28.2366,170639,flicker
28.2397,170744,flicker
28.2452,705,flicker
28.2481,170671,flicker
28.2520,170447,flicker
28.2561,170909,flicker
28.2616,6990,flicker
28.2651,170109,flicker
28.2693,170056,flicker
28.2725,170775,flicker
28.2767,7095,flicker
28.2812,170360,flicker
28.2860,170699,flicker
28.2891,170356,flicker
28.2935,702,flicker
28.2977,170145,flicker
28.3017,170384,flicker
28.3053,170585,flicker
28.3094,170413,flicker
28.3108,1,flicker
28.3144,70322,flicker
28.3158,170,flicker
28.3175,181,flicker
28.3188,170195,flicker
28.3217,170449,flicker
28.3257,170637,flicker
28.3306,170534,flicker
28.3339,170696,flicker
28.3380,170426,flicker
28.3421,170141,flicker
28.3471,170515,flicker
28.3503,170391,flicker
28.3544,170496,flicker
28.3585,170283,flicker
28.3629,170141,flicker
28.3667,170117,flicker
28.3708,170442,flicker
28.3748,170637,flicker
28.3796,170512,flicker
28.3831,170461,flicker
28.3871,170313,flicker
28.3914,170579,flicker
28.3968,170408,flicker
28.3994,170464,flicker
28.4035,170223,flicker
28.4077,170374,flicker
28.4125,170689,flicker
28.4158,170087,flicker
28.4199,169320,flicker
28.4240,170109,flicker
28.4288,170383,flicker
28.4322,170443,flicker
28.4363,170321,flicker
28.4404,169916,flicker
28.4423,169,flicker
28.4461,64175,flicker
28.4491,170013,flicker
28.4531,170359,flicker
28.4568,170212,flicker
28.4610,735,flicker
28.4655,170355,flicker
28.4693,170574,flicker
28.4732,170547,flicker
28.4774,692,flicker
28.4818,170720,flicker
28.4868,170476,flicker
28.4897,170735,flicker
28.4948,717,flicker
28.4981,170325,flicker
28.5018,170380,flicker
28.5060,169975,flicker
28.5110,1013,flicker
28.5142,170584,flicker
28.5182,170537,flicker
28.5223,170252,flicker
28.5266,3,flicker
28.5312,170514,flicker
28.5347,170330,flicker
28.5387,170576,flicker
28.5430,17014,flicker
28.5478,170637,flicker
28.5516,170226,flicker
28.5551,170387,flicker
28.5592,170810,flicker
28.5641,170704,flicker
28.5674,170178,flicker
28.5687,170,flicker
28.5715,572,flicker
28.5725,17021,flicker
28.5755,2,flicker
28.5756,170331,flicker
28.5802,170550,flicker
28.5838,170530,flicker
28.5878,170008,flicker
28.5920,170129,flicker
28.5969,170279,flicker
28.6001,170206,flicker
28.6042,170756,flicker
28.6083,170088,flicker
28.6130,170688,flicker
28.6165,170027,flicker
28.6206,170323,flicker
28.6248,170897,flicker
28.6294,170942,flicker
28.6329,170201,flicker
28.6370,169892,flicker
28.6414,170586,flicker
28.6458,170359,flicker
28.6493,170442,flicker
28.6534,170237,flicker
28.6575,170549,flicker
28.6617,704,flicker
28.6659,170375,flicker
28.6701,170012,flicker
28.6739,170253,flicker
28.6789,170142,flicker
28.6830,170639,flicker
28.6862,169897,flicker
28.6906,170483,flicker
28.6949,0716,flicker
28.6998,9861,flicker
28.7036,170815,flicker
28.7041,170554,flicker
28.7074,170406,flicker
28.7114,170724,flicker
28.7158,169830,flicker
28.7190,170774,flicker
28.7232,170283,flicker
28.7288,79,flicker
28.7324,170259,flicker
28.7368,170502,flicker
28.7408,170463,flicker
28.7439,170483,flicker
28.7479,170546,flicker
28.7525,169727,flicker
28.7563,169971,flicker
28.7620,04,flicker
28.7646,170390,flicker
28.7703,170040,flicker
28.7724,170894,flicker
28.7767,107,flicker
28.7824,170394,flicker
28.7869,170607,flicker
28.7892,170208,flicker
28.7940,170730,flicker
28.7968,170364,flicker
28.8023,169881,flicker
28.8058,170230,flicker
28.8093,170536,flicker
28.8140,170283,flicker
28.8173,170410,flicker
28.8214,169905,flicker
28.8225,17,flicker
28.8257,0388,flicker
28.8270,17058,flicker
28.8299,7,flicker
28.8308,170277,flicker
28.8336,170263,flicker
28.8378,170057,flicker
28.8419,170257,flicker
28.8463,169972,flicker
28.8502,170352,flicker
28.8541,170563,flicker
28.8583,170321,flicker
28.8631,170054,flicker
28.8665,170217,flicker
28.8705,170618,flicker
28.8747,170393,flicker
28.8790,169802,flicker
28.8828,170481,flicker
28.8869,170266,flicker
28.8910,170198,flicker
28.8959,170113,flicker
28.8993,170448,flicker
28.9034,169919,flicker
28.9074,169775,flicker
28.9116,70396,flicker
28.9209,170540,flicker
28.9223,169660,flicker
28.9240,170261,flicker
28.9281,664,flicker
28.9322,169908,flicker
28.9362,169944,flicker
28.9412,170291,flicker
28.9444,701,flicker
28.9493,170091,flicker
28.9510,17,flicker
28.9531,0073,flicker
28.9547,1701,flicker
28.9566,97,flicker
28.9578,170434,flicker
28.9620,169871,flicker
28.9649,170220,flicker
28.9688,170396,flicker
28.9729,169939,flicker
28.9783,69,flicker
28.9817,170272,flicker
28.9861,169971,flicker
28.9893,170093,flicker
28.9936,704,flicker
28.9996,170189,flicker
29.0020,170504,flicker
29.0057,170142,flicker
29.0099,6584,flicker
29.0147,170486,flicker
29.0203,170380,flicker
29.0224,170100,flicker
29.0264,170090,flicker
29.0313,170404,flicker
29.0343,170260,flicker
29.0384,170299,flicker
29.0426,170344,flicker
29.0470,170375,flicker
29.0507,170077,flicker
29.0548,170681,flicker
29.0589,170452,flicker
29.0637,169918,flicker
29.0671,170374,flicker
29.0711,170493,flicker
29.0754,170123,flicker
29.0766,1,flicker
29.0797,70041,flicker
29.0811,1702,flicker
29.0834,40,flicker
29.0848,170223,flicker
29.0876,170243,flicker
29.0917,170276,flicker
29.0965,170358,flicker
29.0998,170175,flicker
29.1039,170222,flicker
29.1081,169653,flicker
29.1138,170203,flicker
29.1162,170267,flicker
29.1203,170242,flicker
29.1245,170051,flicker
29.1287,1708,flicker
29.1341,170070,flicker
29.1367,170274,flicker
29.1408,170500,flicker
29.1456,170220,flicker
29.1495,169379,flicker
29.1531,170333,flicker
29.1572,170329,flicker
29.1620,169991,flicker
29.1660,170170,flicker
29.1695,169985,flicker
29.1736,170278,flicker
29.1787,170438,flicker
29.1819,170582,flicker
29.1859,170007,flicker
29.1900,170424,flicker
29.1951,169812,flicker
29.1989,170440,flicker
29.2024,170414,flicker
29.2038,1,flicker
29.2066,70207,flicker
29.2083,1702,flicker
29.2116,707,flicker
29.2156,170096,flicker
29.2199,170236,flicker
29.2244,170446,flicker
29.2273,169912,flicker
29.2327,170674,flicker
29.2350,170453,flicker
29.2391,170176,flicker
29.2434,66,flicker
29.2488,169554,flicker
29.2515,170096,flicker
29.2556,170759,flicker
29.2596,70311,flicker
29.2646,170852,flicker
29.2691,170439,flicker
29.2719,170562,flicker
29.2761,69969,flicker
29.2801,170531,flicker
29.2855,170089,flicker
29.2883,171023,flicker
29.2925,170491,flicker
29.2975,170228,flicker
29.3005,170120,flicker
29.3046,169694,flicker
29.3087,170609,flicker
29.3134,169855,flicker
29.3169,170472,flicker
29.3210,170426,flicker
29.3251,170618,flicker
29.3303,170238,flicker
29.3314,1,flicker
29.3333,70417,flicker
29.3344,170,flicker
29.3374,406,flicker
29.3390,170482,flicker
29.3416,170256,flicker
29.3468,170425,flicker
29.3497,170343,flicker
29.3538,170039,flicker
29.3580,169907,flicker
29.3629,170158,flicker
29.3661,170194,flicker
29.3702,169986,flicker
29.3744,170605,flicker
29.3785,170496,flicker
29.3826,170187,flicker
29.3866,170793,flicker
29.3907,170098,flicker
29.3952,170587,flicker
29.3988,169877,flicker
29.4029,170274,flicker
29.4071,170053,flicker
29.4116,170273,flicker
29.4153,169858,flicker
29.4194,170571,flicker
29.4234,169596,flicker
29.4281,170127,flicker
29.4316,170404,flicker
29.4358,170458,flicker
29.4398,170509,flicker
29.4456,7062,flicker
29.4486,170045,flicker
29.4521,169955,flicker
29.4562,169874,flicker
29.4605,69,flicker
29.4621,169,flicker
29.4650,94,flicker
29.4666,170155,flicker
29.4685,169971,flicker
29.4725,170467,flicker
29.4767,69840,flicker
29.4813,169858,flicker
29.4848,170465,flicker
29.4890,169870,flicker
29.4950,153,flicker
29.4978,169655,flicker
29.5019,169917,flicker
29.5054,170551,flicker
29.5109,70650,flicker
29.5151,170702,flicker
29.5179,170055,flicker
29.5246,170472,flicker
29.5260,170501,flicker
29.5311,170434,flicker
29.5340,170501,flicker
29.5381,170495,flicker
29.5442,17005,flicker
29.5485,170981,flicker
29.5516,170128,flicker
29.5545,170336,flicker
29.5587,170148,flicker
29.5637,170113,flicker
29.5668,170802,flicker
29.5709,170652,flicker
29.5750,170234,flicker
29.5800,170594,flicker
29.5831,170339,flicker
29.5872,170324,flicker
29.5888,170,flicker
29.5914,334,flicker
29.5933,170577,flicker
29.5964,171015,flicker
29.5997,170666,flicker
29.6037,169803,flicker
29.6078,170507,flicker
29.6119,169834,flicker
29.6159,170330,flicker
29.6210,17058,flicker
29.6246,170252,flicker
29.6293,170532,flicker
29.6323,170336,flicker
29.6372,169863,flicker
29.6407,170032,flicker
29.6464,170179,flicker
29.6487,170193,flicker
29.6529,170433,flicker
29.6570,170239,flicker
29.6612,7011,flicker
29.6654,170315,flicker
29.6692,170219,flicker
29.6733,170334,flicker
29.6784,170522,flicker
29.6816,170101,flicker
29.6857,170475,flicker
29.6897,170469,flicker
29.6942,170671,flicker
29.6979,170210,flicker
29.7020,170795,flicker
29.7064,170436,flicker
29.7103,7083,flicker
29.7146,170444,flicker
29.7171,17,flicker
29.7189,0446,flicker
29.7212,17012,flicker
29.7225,7,flicker
29.7230,170056,flicker
29.7279,7086,flicker
29.7324,170894,flicker
29.7358,170269,flicker
29.7389,170546,flicker
29.7430,70483,flicker
29.7475,170317,flicker
29.7518,170452,flicker
29.7552,170184,flicker
29.7596,7,flicker
29.7649,170133,flicker
29.7677,170636,flicker
29.7716,170632,flicker
29.7765,17038,flicker
29.7802,170428,flicker
29.7845,170324,flicker
29.7880,170174,flicker
29.7942,161,flicker
29.7973,170421,flicker
29.8004,170697,flicker
29.8043,170054,flicker
29.8084,170354,flicker
29.8136,170233,flicker
29.8166,170562,flicker
29.8207,170472,flicker
29.8248,170440,flicker
29.8294,170096,flicker
29.8330,170552,flicker
29.8371,170248,flicker
29.8412,169485,flicker
29.8424,17,flicker
29.8457,0242,flicker
29.8470,17051,flicker
29.8494,7,flicker
29.8495,170505,flicker
29.8535,170360,flicker
29.8576,170169,flicker
29.8623,170284,flicker
29.8658,170255,flicker
29.8699,170830,flicker
29.8742,170362,flicker
29.8788,170426,flicker
29.8821,170570,flicker
29.8862,170007,flicker
29.8904,170571,flicker
29.8950,170445,flicker
29.8985,170241,flicker
29.9026,170830,flicker
29.9068,170494,flicker
29.9118,170465,flicker
29.9149,170435,flicker
29.9190,170870,flicker
29.9231,170185,flicker
29.9277,170574,flicker
29.9313,170299,flicker
29.9354,170103,flicker
29.9395,170750,flicker
29.9438,739,flicker
29.9482,170236,flicker
29.9523,170283,flicker
29.9559,170879,flicker
29.9617,7019,flicker
29.9646,170210,flicker
29.9689,170334,flicker
29.9698,17,flicker
29.9723,0244,flicker
29.9736,17015,flicker
29.9766,6,flicker
29.9773,170605,flicker
29.9805,170619,flicker
29.9845,170180,flicker
29.9886,171179,flicker
29.9929,786,flicker
29.9973,170646,flicker
30.0012,170461,flicker
30.0050,170472,flicker
30.0102,00,flicker
30.0141,170306,flicker
30.0174,170338,flicker
30.0214,171066,flicker
30.0255,170058,flicker
30.0298,170410,flicker
30.0337,170561,flicker
30.0378,170657,flicker
30.0422,17496,flicker
30.0467,170251,flicker
30.0510,170563,flicker
30.0542,170812,flicker
30.0584,170202,flicker
30.0631,170427,flicker
30.0665,170582,flicker
30.0705,170384,flicker
30.0747,170115,flicker
30.0797,170457,flicker
30.0828,170865,flicker
30.0869,170514,flicker
30.0910,170654,flicker
30.0964,170587,flicker
30.0983,16,flicker
30.0993,9853,flicker
30.1004,1710,flicker
30.1033,93,flicker
30.1045,170139,flicker
30.1076,170577,flicker
30.1123,170343,flicker
30.1156,170975,flicker
30.1197,170409,flicker
30.1240,170852,flicker
30.1285,170314,flicker
30.1320,170716,flicker
30.1361,170484,flicker
30.1402,170594,flicker
30.1445,170287,flicker
30.1485,170577,flicker
30.1525,171150,flicker
30.1566,170642,flicker
30.1612,170410,flicker
30.1648,170594,flicker
30.1688,170779,flicker
30.1730,170201,flicker
30.1793,170032,flicker
30.1811,170216,flicker
30.1852,170387,flicker
30.1893,170455,flicker
30.1942,170479,flicker
30.1976,170725,flicker
30.2016,170901,flicker
30.2057,170592,flicker
30.2110,7091,flicker
30.2148,170460,flicker
30.2182,170415,flicker
30.2221,169866,flicker
30.2231,1,flicker
30.2269,70634,flicker
30.2283,1707,flicker
30.2303,01,flicker
30.2313,170308,flicker
30.2344,170754,flicker
30.2385,170475,flicker
30.2443,170799,flicker
30.2467,170963,flicker
30.2508,169990,flicker
30.2549,170913,flicker
30.2601,84,flicker
30.2633,170281,flicker
30.2684,170514,flicker
30.2713,170600,flicker
30.2755,71,flicker
30.2811,170395,flicker
30.2839,170382,flicker
30.2876,170994,flicker
30.2927,1714,flicker
30.2965,170632,flicker
30.3004,171002,flicker
30.3040,170805,flicker
30.3082,170988,flicker
30.3129,170184,flicker
30.3163,170279,flicker
30.3204,170595,flicker
30.3245,170758,flicker
30.3293,170330,flicker
30.3327,170820,flicker
30.3368,170824,flicker
30.3409,170190,flicker
30.3453,170210,flicker
30.3491,170539,flicker
30.3503,1,flicker
30.3532,70344,flicker
30.3544,1705,flicker
30.3573,28,flicker
30.3584,170701,flicker
30.3625,170493,flicker
30.3654,170031,flicker
30.3696,170712,flicker
30.3739,170608,flicker
30.3782,170346,flicker
30.3819,170480,flicker
30.3859,170566,flicker
30.3901,171114,flicker
30.3947,169862,flicker
30.3982,170698,flicker
30.4023,170598,flicker
30.4064,170495,flicker
30.4106,783,flicker
30.4151,170360,flicker
30.4195,170087,flicker
30.4229,170400,flicker
30.4275,170989,flicker
30.4310,170310,flicker
30.4351,170372,flicker
30.4392,170409,flicker
30.4437,169739,flicker
30.4474,170729,flicker
30.4515,170324,flicker
30.4557,170683,flicker
30.4598,7028,flicker
30.4641,170267,flicker
30.4688,170255,flicker
30.4720,170338,flicker
30.4769,170608,flicker
30.4802,170001,flicker
30.4817,170,flicker
30.4842,279,flicker
30.4855,170623,flicker
30.4884,170706,flicker
30.4925,170624,flicker
30.4970,170348,flicker
30.5006,170122,flicker
30.5048,170552,flicker
30.5099,70,flicker
30.5134,170311,flicker
30.5182,170397,flicker
30.5211,170961,flicker
30.5253,790,flicker
30.5295,170292,flicker
30.5342,170961,flicker
30.5378,170477,flicker
30.5416,170412,flicker
30.5461,170185,flicker
30.5498,170146,flicker
30.5539,170394,flicker
30.5580,170664,flicker
30.5624,170767,flicker
30.5662,170409,flicker
30.5703,170891,flicker
30.5744,170570,flicker
30.5793,170513,flicker
30.5826,170689,flicker
30.5867,170865,flicker
30.5907,170760,flicker
30.5959,170233,flicker
30.5989,170359,flicker
30.6030,170149,flicker
30.6072,170561,flicker
30.6083,170,flicker
30.6113,557,flicker
30.6127,170224,flicker
30.6154,170642,flicker
30.6195,170751,flicker
30.6235,170506,flicker
30.6286,170896,flicker
30.6318,170362,flicker
30.6359,170439,flicker
30.6399,170294,flicker
30.6443,170827,flicker
30.6482,170465,flicker
30.6523,170331,flicker
30.6563,170663,flicker
30.6610,170654,flicker
30.6645,170232,flicker
30.6686,170538,flicker
30.6728,170239,flicker
30.6769,2,flicker
30.6812,170776,flicker
30.6857,170536,flicker
30.6891,170699,flicker
30.6944,170903,flicker
30.6972,170649,flicker
30.7013,170246,flicker
30.7056,170278,flicker
30.7097,7039,flicker
30.7141,170779,flicker
30.7189,170676,flicker
30.7224,170500,flicker
30.7307,170645,flicker
30.7348,170057,flicker
30.7361,170,flicker
30.7386,375,flicker
30.7397,171364,flicker
30.7425,10337,flicker
30.7469,170806,flicker
30.7510,170664,flicker
30.7548,170163,flicker
30.7594,79,flicker
30.7637,170173,flicker
30.7681,170270,flicker
30.7725,170124,flicker
30.7765,170282,flicker
30.7797,170263,flicker
30.7838,169843,flicker
30.7873,170601,flicker
30.7938,1706,flicker
30.7966,170359,flicker
30.8005,170218,flicker
30.8037,169900,flicker
30.8079,170090,flicker
30.8126,170537,flicker
30.8160,170221,flicker
30.8202,170564,flicker
30.8243,170724,flicker
30.8284,170257,flicker
30.8324,170206,flicker
30.8365,170068,flicker
30.8406,170884,flicker
30.8454,170606,flicker
30.8489,170387,flicker
30.8530,170269,flicker
30.8570,170531,flicker
30.8616,171092,flicker
30.8629,17,flicker
30.8652,0545,flicker
30.8666,17070,flicker
30.8693,0,flicker
30.8694,170178,flicker
30.8733,170406,flicker
30.8780,170330,flicker
30.8816,170635,flicker
30.8857,170357,flicker
30.8898,170470,flicker
30.8944,170212,flicker
30.8989,170533,flicker
30.9020,169965,flicker
30.9061,170282,flicker
30.9112,170144,flicker
30.9143,170282,flicker
30.9185,170392,flicker
30.9225,170262,flicker
30.9271,170640,flicker
30.9308,170027,flicker
30.9350,170334,flicker
30.9389,170754,flicker
30.9432,17059,flicker
30.9477,170248,flicker
30.9513,170197,flicker
30.9553,170181,flicker
30.9595,02,flicker
30.9636,170193,flicker
30.9683,170416,flicker
30.9759,170838,flicker
30.9760,170726,flicker
30.9804,170575,flicker
30.9844,170457,flicker
30.9881,170453,flicker
30.9891,1,flicker
30.9923,027,flicker
30.9937,13,flicker
30.9964,1,flicker
30.9996,170355,flicker
31.0011,169937,flicker
31.0044,170255,flicker
31.0101,17034,flicker
31.0129,170752,flicker
31.0175,170380,flicker
31.0208,170444,flicker
31.0253,17010,flicker
31.0295,170556,flicker
31.0334,170264,flicker
31.0379,169730,flicker
31.0426,17059,flicker
31.0478,170518,flicker
31.0495,170378,flicker
31.0535,170392,flicker
31.0578,170168,flicker
31.0627,170685,flicker
31.0658,170443,flicker
31.0699,170542,flicker
31.0742,170193,flicker
31.0788,170247,flicker
31.0822,170030,flicker
31.0863,170939,flicker
31.0905,170075,flicker
31.0952,170238,flicker
31.0986,169864,flicker
31.1027,170713,flicker
31.1069,170370,flicker
31.1120,170650,flicker
31.1150,170025,flicker
31.1162,1,flicker
31.1192,69956,flicker
31.1202,1703,flicker
31.1234,76,flicker
31.1236,170331,flicker
31.1281,170458,flicker
31.1314,170024,flicker
31.1355,170456,flicker
31.1396,170979,flicker
31.1451,170072,flicker
31.1478,170338,flicker
31.1518,170843,flicker
31.1562,170330,flicker
31.1616,170333,flicker
31.1641,170343,flicker
31.1682,170513,flicker
31.1724,170872,flicker
31.1766,170476,flicker
31.1806,170605,flicker
31.1847,170440,flicker
31.1887,170201,flicker
31.1934,170107,flicker
31.1969,170439,flicker
31.2010,170413,flicker
31.2051,170376,flicker
31.2105,170298,flicker
31.2137,170661,flicker
31.2174,170664,flicker
31.2215,170479,flicker
31.2262,75,flicker
31.2308,170230,flicker
31.2338,170698,flicker
31.2379,170118,flicker
31.2440,70048,flicker
31.2489,170516,flicker
31.2502,170915,flicker
31.2520,170565,flicker
31.2543,169689,flicker
31.2587,170624,flicker
31.2632,170526,flicker
31.2665,170940,flicker
31.2707,169830,flicker
31.2750,709,flicker
31.2826,170454,flicker
31.2830,171064,flicker
31.2870,170650,flicker
31.2913,170263,flicker
31.2958,169706,flicker
31.3003,169832,flicker
31.3034,170509,flicker
31.3075,171004,flicker
31.3124,169729,flicker
31.3157,170341,flicker
31.3198,170995,flicker
31.3239,170431,flicker
31.3288,170626,flicker
31.3321,170469,flicker
31.3362,170500,flicker
31.3411,170401,flicker
31.3450,170312,flicker
31.3490,170335,flicker
31.3526,170374,flicker
31.3567,170546,flicker
31.3612,170231,flicker
31.3651,170426,flicker
31.3690,170552,flicker
31.3732,170104,flicker
31.3741,170,flicker
31.3778,493,flicker
31.3793,170617,flicker
31.3813,170432,flicker
31.3853,170396,flicker
31.3895,170595,flicker
31.3951,170240,flicker
31.3976,170702,flicker
31.4017,170278,flicker
31.4060,170378,flicker
31.4112,170929,flicker
31.4140,170724,flicker
31.4181,170565,flicker
31.4223,170416,flicker
31.4270,169949,flicker
31.4308,170292,flicker
31.4345,170606,flicker
31.4386,170392,flicker
31.4434,170229,flicker
31.4481,170332,flicker
31.4509,170283,flicker
31.4550,170839,flicker
31.4606,692,flicker
31.4633,170194,flicker
31.4672,170447,flicker
31.4713,170561,flicker
31.4762,170549,flicker
31.4796,170599,flicker
31.4837,170450,flicker
31.4877,170563,flicker
31.4920,70248,flicker
31.4961,170607,flicker
31.5008,170407,flicker
31.5020,170,flicker
31.5048,569,flicker
31.5055,170607,flicker
31.5138,170374,flicker
31.5166,170409,flicker
31.5206,170455,flicker
31.5260,59,flicker
31.5290,169903,flicker
31.5335,170415,flicker
31.5396,170831,flicker
31.5410,170298,flicker
31.5457,170742,flicker
31.5498,171004,flicker
31.5533,170312,flicker
31.5575,169999,flicker
31.5618,170859,flicker
31.5664,170338,flicker
31.5697,169817,flicker
31.5737,170713,flicker
31.5780,170522,flicker
31.5819,170513,flicker
31.5860,170822,flicker
31.5902,170548,flicker
31.5951,170740,flicker
31.5983,169858,flicker
31.6024,170280,flicker
31.6065,170311,flicker
31.6110,170487,flicker
31.6147,170565,flicker
31.6188,170349,flicker
31.6232,170983,flicker
31.6289,171068,flicker
31.6305,17,flicker
31.6312,0700,flicker
31.6322,16980,flicker
31.6352,7,flicker
31.6353,170629,flicker
31.6393,170536,flicker
31.6435,170292,flicker
31.6483,170149,flicker
31.6519,170661,flicker
31.6559,169992,flicker
31.6603,170668,flicker
31.6648,170582,flicker
31.6680,170596,flicker
31.6721,170319,flicker
31.6782,67,flicker
31.6826,170507,flicker
31.6844,170586,flicker
31.6885,170206,flicker
31.6935,170372,flicker
31.6967,170496,flicker
31.7007,170411,flicker
31.7050,170315,flicker
31.7105,73,flicker
31.7133,170519,flicker
31.7171,170315,flicker
31.7216,170253,flicker
31.7259,170382,flicker
31.7294,170324,flicker
31.7337,170148,flicker
31.7377,170323,flicker
31.7434,701,flicker
31.7466,170631,flicker
31.7499,170566,flicker
31.7540,170133,flicker
31.7552,16,flicker
31.7581,943,flicker
31.7595,12,flicker
31.7659,170505,flicker
31.7665,170377,flicker
31.7703,170796,flicker
31.7761,177,flicker
31.7793,170244,flicker
31.7826,170450,flicker
31.7867,170382,flicker
31.7911,170039,flicker
31.7950,170533,flicker
31.7990,170470,flicker
31.8032,170490,flicker
31.8073,170183,flicker
31.8122,170491,flicker
31.8154,170036,flicker
31.8196,170460,flicker
31.8236,170323,flicker
31.8288,170049,rest
31.8318,169904,rest
31.8359,170297,rest
31.8400,170381,rest
31.8442,170392,rest
31.8482,170237,rest
31.8522,170513,rest
31.8567,170692,rest
31.8612,170100,rest
31.8646,170358,rest
31.8687,170458,rest
31.8729,170424,rest
31.8779,170879,rest
31.8810,170507,rest
31.8827,1,rest
31.8852,70425,rest
31.8865,1704,rest
31.8891,78,rest
31.8913,170590,rest
31.8937,170423,rest
31.8973,170268,rest
31.9014,170097,rest
31.9058,170187,rest
31.9101,169771,rest
31.9140,170248,rest
31.9178,170117,rest
31.9219,170408,rest
31.9265,169944,rest
31.9301,170088,rest
31.9344,170025,rest
31.9386,169702,rest
31.9428,170492,rest
31.9465,170347,rest
31.9506,170258,rest
31.9549,170894,rest
31.9590,70404,rest
31.9631,170066,rest
31.9681,170204,rest
31.9711,170632,rest
31.9767,7011,rest
31.9797,170451,rest
31.9835,170177,rest
31.9874,170020,rest
31.9939,02,rest
31.9976,170181,rest
32.0001,170339,rest
32.0038,170506,rest
32.0092,7062,rest
32.0122,0249,rest
32.0137,1708,rest
32.0163,98,rest
32.0182,170800,rest
32.0202,170121,rest
32.0245,70,rest
32.0326,170111,rest
32.0330,170527,rest
32.0365,170140,rest
32.0425,16,rest
32.0461,170521,rest
32.0501,170548,rest
32.0536,170540,rest
32.0571,170424,rest
32.0612,170193,rest
32.0652,170331,rest
32.0693,170324,rest
32.0735,170501,rest
32.0781,170845,rest
32.0816,170562,rest
32.0858,170111,rest
32.0898,170564,rest
32.0950,170110,rest
32.0980,170533,rest
32.1021,170524,rest
32.1063,171105,rest
32.1115,170522,rest
32.1144,170200,rest
32.1185,170366,rest
32.1227,170637,rest
32.1270,170724,rest
32.1309,170517,rest
32.1350,170493,rest
32.1360,1,rest
32.1390,70531,rest
32.1405,170,rest
32.1440,107,rest
32.1459,170429,rest
32.1472,170075,rest
32.1512,170505,rest
32.1555,170444,rest
32.1598,170474,rest
32.1636,170443,rest
32.1677,170367,rest
32.1717,170063,rest
32.1764,170625,rest
32.1799,170396,rest
32.1840,170920,rest
32.1882,170687,rest
32.1930,170297,rest
32.1974,170183,rest
32.2004,170404,rest
32.2045,170214,rest
32.2087,70,rest
32.2135,170734,rest
32.2169,170033,rest
32.2209,170285,rest
32.2250,70493,rest
32.2293,170368,rest
32.2336,171002,rest
32.2373,170127,rest
32.2427,7102,rest
32.2471,170470,rest
32.2503,170496,rest
32.2538,170434,rest
32.2600,703,rest
32.2633,170688,rest
32.2662,170330,rest
32.2677,170,rest
32.2701,704,rest
32.2713,170512,rest
32.2749,170456,rest
32.2790,170353,rest
32.2824,170629,rest
32.2865,170708,rest
32.2905,170728,rest
32.2957,170453,rest
32.2987,170405,rest
32.3029,170824,rest
32.3071,170386,rest
32.3112,170338,rest
32.3151,170887,rest
32.3192,170519,rest
32.3233,170343,rest
32.3278,170325,rest
32.3315,170116,rest
32.3355,170409,rest
32.3398,170444,rest
32.3441,170367,rest
32.3479,170863,rest
32.3519,170529,rest
32.3561,170197,rest
32.3608,170228,rest
32.3642,170198,rest
32.3683,170737,rest
32.3727,170564,rest
32.3773,170519,rest
32.3807,170386,rest
32.3847,170260,rest
32.3888,170831,rest
32.3934,170086,rest
32.3949,170,rest
32.3971,570,rest
32.3985,170428,rest
32.4012,170860,rest
32.4052,170372,rest
32.4097,170642,rest
32.4134,170504,rest
32.4175,170424,rest
32.4216,169904,rest
32.4261,170511,rest
32.4301,170295,rest
32.4339,170473,rest
32.4379,170748,rest
32.4428,170382,rest
32.4462,170606,rest
32.4502,170333,rest
32.4543,170770,rest
32.4591,70269,rest
32.4625,170553,rest
32.4668,171163,rest
32.4709,171107,rest
32.4760,703,rest
32.4804,170490,rest
32.4840,170554,rest
32.4874,170288,rest
32.4925,786,rest
32.4958,170639,rest
32.5003,170439,rest
32.5039,170987,rest
32.5078,70,rest
32.5122,170844,rest
32.5162,170763,rest
32.5200,170490,rest
32.5213,17,rest
32.5253,58192,rest
32.5282,170857,rest
32.5326,170311,rest
32.5379,170719,rest
32.5409,170375,rest
32.5449,170521,rest
32.5486,170178,rest
32.5527,170290,rest
32.5569,170529,rest
32.5611,170607,rest
32.5659,170143,rest
32.5691,170232,rest
32.5732,170126,rest
32.5777,170552,rest
32.5813,170725,rest
32.5854,170577,rest
32.5897,170260,rest
32.5939,170457,rest
32.5981,169995,rest
32.6018,170593,rest
32.6059,170297,rest
32.6106,170666,rest
32.6146,170308,rest
32.6182,170567,rest
32.6225,170404,rest
32.6278,170794,rest
32.6305,170045,rest
32.6345,170077,rest
32.6387,169921,rest
32.6435,170615,rest
32.6469,169988,rest
32.6481,17,rest
32.6511,0191,rest
32.6534,17051,rest
32.6552,1,rest
32.6554,170184,rest
32.6596,170632,rest
32.6638,170643,rest
32.6675,170221,rest
32.6715,170545,rest
32.6767,750,rest
32.6799,171058,rest
32.6844,170156,rest
32.6881,170593,rest
32.6925,170032,rest
32.6960,170089,rest
32.7001,171003,rest
32.7043,170721,rest
32.7088,170313,rest
32.7127,170318,rest
32.7165,170395,rest
32.7206,170957,rest
32.7248,70461,rest
32.7326,170518,rest
32.7338,170259,rest
32.7370,170392,rest
32.7425,0,rest
32.7454,170267,rest
32.7499,170303,rest
32.7534,170614,rest
32.7589,70980,rest
32.7629,170487,rest
32.7670,171053,rest
32.7699,169977,rest
32.7740,70492,rest
32.7755,1,rest
32.7783,0659,rest
32.7806,1701,rest
32.7820,83,rest
32.7832,170395,rest
32.7862,170694,rest
32.7919,170518,rest
32.7943,170553,rest
32.7985,170836,rest
32.8025,171175,rest
32.8068,170422,rest
32.8110,170676,rest
32.8148,169966,rest
32.8189,170686,rest
32.8230,170794,rest
32.8279,170628,rest
32.8311,170702,rest
32.8353,170312,rest
32.8394,170133,rest
32.8438,170782,rest
32.8476,170647,rest
32.8517,170823,rest
32.8557,170731,rest
32.8603,170664,rest
32.8640,170640,rest
32.8681,170177,rest
32.8722,170753,rest
32.8774,170509,rest
32.8803,170128,rest
32.8844,170564,rest
32.8886,170549,rest
32.8931,170856,rest
32.8969,170889,rest
32.9008,170708,rest
32.9020,1,rest
32.9049,70478,rest
32.9065,1704,rest
32.9093,71,rest
32.9109,170237,rest
32.9132,170352,rest
32.9172,170222,rest
32.9213,170745,rest
32.9260,170405,rest
32.9298,170373,rest
32.9336,170505,rest
32.9377,170466,rest
32.9421,170460,rest
32.9459,169701,rest
32.9500,170833,rest
32.9542,170418,rest
32.9603,70,rest
32.9627,170887,rest
32.9670,170691,rest
32.9705,170704,rest
32.9757,170008,rest
32.9786,170522,rest
32.9827,170641,rest
32.9868,170631,rest
32.9911,76,rest
32.9958,170688,rest
33.0002,170710,rest
33.0032,170554,rest
33.0092,709,rest
33.0118,170464,rest
33.0163,170439,rest
33.0199,170475,rest
33.0238,704,rest
33.0281,170619,rest
33.0327,170255,rest
33.0344,170,rest
33.0360,207,rest
33.0378,170829,rest
33.0402,170101,rest
33.0445,170478,rest
33.0484,170685,rest
33.0524,170544,rest
33.0564,170568,rest
33.0615,170184,rest
33.0647,170827,rest
33.0688,170530,rest
33.0728,170265,rest
33.0777,170333,rest
33.0810,170040,rest
33.0851,170802,rest
33.0893,170511,rest
33.0941,170764,rest
33.0974,170729,rest
33.1015,170743,rest
33.1058,170501,rest
33.1102,170587,rest
33.1138,170127,rest
33.1179,170380,rest
33.1220,170439,rest
33.1269,170462,rest
33.1302,170644,rest
33.1342,170611,rest
33.1384,170145,rest
33.1427,170084,rest
33.1466,170312,rest
33.1507,170877,rest
33.1548,170897,rest
33.1603,170704,rest
33.1620,170,rest
33.1629,144,rest
33.1643,170275,rest
33.1671,170736,rest
33.1712,170461,rest
33.1752,70019,rest
33.1820,170753,rest
33.1876,170642,rest
33.1878,170181,rest
33.1922,70118,rest
33.1957,170246,rest
33.1998,170569,rest
33.2040,170568,rest
33.2084,170217,rest
33.2121,170724,rest
33.2162,170353,rest
33.2208,170360,rest
33.2249,170553,rest
33.2285,170827,rest
33.2325,170305,rest
33.2367,170531,rest
33.2410,70,rest
33.2470,170835,rest
33.2498,170177,rest
33.2531,170335,rest
33.2572,7023,rest
33.2623,170821,rest
33.2657,170478,rest
33.2694,170544,rest
33.2751,7711,rest
33.2779,170430,rest
33.2829,170130,rest
33.2861,170737,rest
33.2873,170,rest
33.2902,532,rest
33.2921,7,rest
33.2969,170562,rest
33.3002,170679,rest
33.3022,171101,rest
33.3077,170489,rest
33.3106,170753,rest
33.3145,170378,rest
33.3186,170735,rest
33.3227,170780,rest
33.3276,170642,rest
33.3309,170107,rest
33.3349,170402,rest
33.3391,170900,rest
33.3442,170902,rest
33.3473,170643,rest
33.3513,170720,rest
33.3556,170677,rest
33.3604,170531,rest
33.3637,170317,rest
33.3677,170720,rest
33.3721,169955,rest
33.3763,170447,rest
33.3800,170420,rest
33.3841,170734,rest
33.3882,170535,rest
33.3937,170430,rest
33.3964,170057,rest
33.4005,170282,rest
33.4048,170913,rest
33.4099,170899,rest
33.4128,170800,rest
33.4140,17,rest
33.4169,0994,rest
33.4180,17075,rest
33.4209,8,rest
33.4210,170324,rest
33.4256,170360,rest
33.4292,170532,rest
33.4332,170338,rest
33.4374,170391,rest
33.4425,170658,rest
33.4455,170740,rest
33.4497,170770,rest
33.4539,170526,rest
33.4600,70,rest
33.4633,170813,rest
33.4676,170787,rest
33.4702,170280,rest
33.4744,7063,rest
33.4793,170622,rest
33.4829,170426,rest
33.4865,170621,rest
33.4906,70837,rest
33.4952,170353,rest
33.5012,170730,rest
33.5029,170331,rest
33.5075,78,rest
33.5114,170568,rest
33.5163,170216,rest
33.5193,170304,rest
33.5235,170439,rest
33.5285,170664,rest
33.5316,170698,rest
33.5357,170739,rest
33.5417,1797,rest
33.5442,530,rest
33.5458,17060,rest
33.5480,9,rest
33.5483,170690,rest
33.5521,170917,rest
33.5574,170,rest
33.5604,170535,rest
33.5646,170986,rest
33.5695,171117,rest
33.5727,170857,rest
33.5783,70,rest
33.5814,170700,rest
33.5855,170639,rest
33.5894,170542,rest
33.5933,170762,rest
33.5972,761,rest
33.6037,170808,rest
33.6057,170388,rest
33.6110,7519,rest
33.6178,170444,rest
33.6182,170566,rest
33.6217,170578,rest
33.6269,170597,rest
33.6299,170865,rest
33.6339,170436,rest
33.6382,170950,rest
33.6430,170754,rest
33.6463,171073,rest
33.6505,170389,rest
33.6544,169916,rest
33.6590,170649,rest
33.6634,171153,rest
33.6668,170818,rest
33.6681,1,rest
33.6709,70629,rest
33.6725,1708,rest
33.6763,1030,rest
33.6797,170541,rest
33.6831,170294,rest
33.6872,171102,rest
33.6919,170470,rest
33.6959,170437,rest
33.6997,170201,rest
33.7036,170865,rest
33.7078,72,rest
33.7124,170558,rest
33.7169,170165,rest
33.7205,170170,rest
33.7251,7082,rest
33.7293,170545,rest
33.7324,170890,rest
33.7373,170797,rest
33.7410,170670,rest
33.7446,170232,rest
33.7487,170703,rest
33.7527,170331,rest
33.7583,708,rest
33.7611,170870,rest
33.7652,171148,rest
33.7692,170349,rest
33.7734,170562,rest
33.7779,170242,rest
33.7814,170809,rest
33.7855,170201,rest
33.7900,177,rest
33.7940,170610,rest
33.7956,1,rest
33.7984,70918,rest
33.8001,170,rest
33.8019,866,rest
33.8043,170678,rest
33.8062,170593,rest
33.8107,170533,rest
33.8142,170277,rest
33.8183,170684,rest
33.8224,170181,rest
33.8273,170638,rest
33.8305,170258,rest
33.8347,170783,rest
33.8389,170589,rest
33.8433,170488,rest
33.8470,170197,rest
33.8510,170404,rest
33.8552,169890,rest
33.8603,171028,rest
33.8633,170541,rest
33.8675,170763,rest
33.8717,170662,rest
33.8760,170577,rest
33.8797,171030,rest
33.8838,170352,rest
33.8879,170535,rest
33.8923,170979,rest
33.8961,170093,rest
33.9002,170167,rest
33.9043,170622,rest
33.9087,170278,rest
33.9130,170656,rest
33.9166,170304,rest
33.9207,170500,rest
33.9254,170221,rest
33.9268,170,rest
33.9289,500,rest
33.9299,170735,rest
33.9330,170356,rest
33.9370,170382,rest
33.9415,170833,rest
33.9452,170572,rest
33.9493,170562,rest
33.9534,170482,rest
33.9591,0,rest
33.9630,170671,rest
33.9670,170544,rest
33.9699,170242,rest
33.9751,73,rest
33.9790,170821,rest
33.9841,170316,rest
33.9863,170579,rest
33.9919,71,rest
33.9947,170658,rest
33.9993,170569,rest
34.0059,170699,rest
34.0067,171007,rest
34.0116,170775,rest
34.0149,171171,rest
34.0189,170304,rest
34.0246,9,rest
34.0301,170897,rest
34.0312,170553,rest
34.0353,170832,rest
34.0397,1706,rest
34.0437,170662,rest
34.0481,170924,rest
34.0524,170818,rest
34.0540,170,rest
34.0559,908,rest
34.0571,17120,rest
34.0601,9,rest
34.0613,170988,rest
34.0641,170601,rest
34.0681,170402,rest
34.0722,170626,rest
34.0767,170897,rest
34.0809,170827,rest
34.0845,171204,rest
34.0887,170708,rest
34.0935,170583,rest
34.0970,170696,rest
34.1009,170419,rest
34.1050,171077,rest
34.1096,170438,rest
34.1137,170571,rest
34.1173,170504,rest
34.1216,170733,rest
34.1262,170963,rest
34.1298,170740,rest
34.1337,170580,rest
34.1377,170447,rest
34.1422,170091,rest
34.1462,170953,rest
34.1500,170800,rest
34.1541,170666,rest
34.1594,170390,rest
34.1623,170893,rest
34.1664,170356,rest
34.1707,170254,rest
34.1748,171042,rest
34.1788,170502,rest
34.1803,17,rest
34.1828,0192,rest
34.1842,17063,rest
34.1869,0,rest
34.1886,170609,rest
34.1922,170589,rest
34.1951,170863,rest
34.1992,170259,rest
34.2033,170870,rest
34.2089,170540,rest
34.2115,170680,rest
34.2156,170690,rest
34.2200,170758,rest
34.2239,70362,rest
34.2282,170704,rest
34.2326,170597,rest
34.2373,170558,rest
34.2402,170493,rest
34.2448,170478,rest
34.2495,170484,rest
34.2524,170585,rest
34.2567,7,rest
34.2629,171043,rest
34.2648,170629,rest
34.2688,170746,rest
34.2751,708,rest
34.2773,170909,rest
34.2826,170544,rest
34.2858,170028,rest
34.2894,170505,rest
34.2939,170122,rest
34.2985,170902,rest
34.3016,170646,rest
34.3059,170874,rest
34.3099,0293,rest
34.3115,1703,rest
34.3139,68,rest
34.3151,170826,rest
34.3181,170615,rest
34.3222,171003,rest
34.3264,171220,rest
34.3303,170505,rest
34.3343,170663,rest
34.3386,170991,rest
34.3434,170641,rest
34.3467,170931,rest
34.3508,170450,rest
34.3548,170724,rest
34.3592,170242,rest
34.3631,170620,rest
34.3672,170219,rest
34.3714,170083,rest
34.3758,170504,rest
34.3794,170692,rest
34.3835,170547,rest
34.3877,171154,rest
34.3920,170499,rest
34.3962,170681,rest
34.3999,170441,rest
34.4040,170145,rest
34.4089,171194,rest
34.4122,170789,rest
34.4163,170088,rest
34.4204,170694,rest
34.4250,170936,rest
34.4286,170386,rest
34.4327,170536,rest
34.4340,1,rest
34.4368,70863,rest
34.4380,1704,rest
34.4415,38,rest
34.4435,171032,rest
34.4450,170342,rest
34.4491,170205,rest
34.4531,170439,rest
34.4588,170555,rest
34.4613,170878,rest
34.4654,170656,rest
34.4697,170531,rest
34.4754,0,rest
34.4789,170946,rest
34.4828,170940,rest
34.4859,170097,rest
34.4916,9,rest
34.4951,170147,rest
34.4990,170816,rest
34.5023,170305,rest
34.5080,70,rest
34.5110,170253,rest
34.5155,170504,rest
34.5187,170555,rest
34.5229,766,rest
34.5300,171093,rest
34.5310,171030,rest
34.5350,170724,rest
34.5394,170617,rest
34.5433,170507,rest
34.5473,171058,rest
34.5514,170569,rest
34.5557,170306,rest
34.5601,170271,rest
34.5610,1,rest
34.5638,70531,rest
34.5648,170,rest
34.5679,233,rest
34.5693,170758,rest
34.5719,170720,rest
34.5773,169940,rest
34.5801,170546,rest
34.5842,170532,rest
34.5884,170810,rest
34.5935,170386,rest
34.5965,170476,rest
34.6006,170255,rest
34.6047,170845,rest
34.6099,170161,rest
34.6131,170298,rest
34.6170,170443,rest
34.6213,170761,rest
34.6259,170514,rest
34.6295,170356,rest
34.6334,170324,rest
34.6374,170541,rest
34.6434,170469,rest
34.6457,170531,rest
34.6497,170455,rest
34.6539,170364,rest
34.6583,170589,rest
34.6628,171239,rest
34.6661,171187,rest
34.6702,170606,rest
34.6747,170996,rest
34.6784,170641,rest
34.6825,170332,rest
34.6866,170619,rest
34.6912,170839,rest
34.6924,170,rest
34.6949,821,rest
34.6961,170457,rest
34.6990,170821,rest
34.7030,170203,rest
34.7085,701,rest
34.7114,171085,rest
34.7162,170669,rest
34.7233,170911,rest
34.7237,170871,rest
34.7279,170896,rest
34.7322,170258,rest
34.7358,170282,rest
34.7421,6999,rest
34.7447,170361,rest
34.7481,169864,rest
34.7522,170350,rest
34.7563,78,rest
34.7608,169853,rest
34.7651,170871,rest
34.7700,170396,rest
34.7733,9,rest
34.7783,170713,rest
34.7808,170700,rest
34.7849,170121,rest
34.7903,170619,rest
34.7931,170121,rest
34.7972,170509,rest
34.8013,170630,rest
34.8055,170858,rest
34.8101,170777,rest
34.8136,170281,rest
34.8178,170147,rest
34.8192,170,rest
34.8218,465,rest
34.8229,170236,rest
34.8271,170816,rest
34.8299,170584,rest
34.8341,170206,rest
34.8383,171010,rest
34.8428,170520,rest
34.8464,170882,rest
34.8504,171042,rest
34.8545,170464,rest
34.8597,171543,rest
34.8627,170792,rest
34.8668,170548,rest
34.8709,170582,rest
34.8759,170784,rest
34.8792,170301,rest
34.8833,170812,rest
34.8873,170470,rest
34.8930,170743,rest
34.8955,170805,rest
34.8996,170411,rest
34.9038,170129,rest
34.9098,170758,rest
34.9119,170431,rest
34.9160,170704,rest
34.9201,170081,rest
34.9255,170397,rest
34.9283,170518,rest
34.9324,170777,rest
34.9370,170332,rest
34.9412,170461,rest
34.9455,170623,rest
34.9471,170,rest
34.9488,888,rest
34.9500,17037,rest
34.9532,3,rest
34.9533,170384,rest
34.9578,170440,rest
34.9614,170904,rest
34.9653,170058,rest
34.9710,170789,rest
34.9740,170590,rest
34.9783,170771,rest
34.9816,171155,rest
34.9857,170433,rest
34.9912,05,rest
34.9946,170388,rest
35.0000,170341,rest
35.0024,170380,rest
35.0076,174,rest
35.0126,170848,rest
35.0152,170979,rest
35.0184,170664,rest
35.0242,184,rest
35.0290,170939,rest
35.0327,170719,rest
35.0352,170469,rest
35.0391,170873,rest
35.0451,170888,rest
35.0472,170192,rest
35.0513,170632,rest
35.0556,170569,rest
35.0616,170141,rest
35.0636,171020,rest
35.0677,170768,rest
35.0719,170484,rest
35.0731,17,rest
35.0768,0912,rest
35.0785,17149,rest
35.0798,7,rest
35.0799,170712,rest
35.0839,170289,rest
35.0881,169949,rest
35.0938,170716,rest
35.0964,170162,rest
35.1005,170457,rest
35.1052,170650,rest
35.1104,170464,rest
35.1126,170323,rest
35.1167,170664,rest
35.1209,170522,rest
35.1252,170817,rest
35.1290,170868,rest
35.1331,170697,rest
35.1372,170097,rest
35.1423,170611,rest
35.1453,170111,rest
35.1494,170811,rest
35.1535,170587,rest
35.1589,170068,rest
35.1617,170468,rest
35.1658,170512,rest
35.1700,170786,rest
35.1756,73,rest
35.1789,170097,rest
35.1826,170214,rest
35.1864,170698,rest
35.1908,170858,rest
35.1945,170727,rest
35.1986,170107,rest
35.1999,17,rest
35.2027,0325,rest
35.2042,17104,rest
35.2081,10,rest
35.2117,170404,rest
35.2155,170777,rest
35.2192,170543,rest
35.2248,697,rest
35.2280,170904,rest
35.2317,170402,rest
35.2355,170361,rest
35.2397,70430,rest
35.2440,171352,rest
35.2485,170483,rest
35.2518,170690,rest
35.2563,09,rest
35.2605,170421,rest
35.2650,170212,rest
35.2683,170456,rest
35.2739,70467,rest
35.2766,170374,rest
35.2805,170782,rest
35.2846,170432,rest
35.2897,97,rest
35.2930,170576,rest
35.2972,170987,rest
35.3010,170875,rest
35.3052,170566,rest
35.3098,170445,rest
35.3133,170567,rest
35.3174,170362,rest
35.3216,170369,rest
35.3267,170720,rest
35.3280,1,rest
35.3297,70113,rest
35.3311,1702,rest
35.3338,20,rest
35.3348,170034,rest
35.3379,170588,rest
35.3430,170364,rest
35.3461,170448,rest
35.3501,170643,rest
35.3544,170461,rest
35.3591,170823,rest
35.3625,170472,rest
35.3665,170409,rest
35.3707,169919,rest
35.3751,170826,rest
35.3788,171119,rest
35.3829,170789,rest
35.3872,170540,rest
35.3914,170616,rest
35.3952,170830,rest
35.3994,170167,rest
35.4034,170282,rest
35.4079,170329,rest
35.4116,170339,rest
35.4157,170478,rest
35.4198,170811,rest
35.4250,74,rest
35.4282,170655,rest
35.4334,169975,rest
35.4362,170110,rest
35.4410,170243,rest
35.4443,170254,rest
35.4484,170209,rest
35.4526,170053,rest
35.4536,1,rest
35.4582,010,rest
35.4609,3,rest
35.4626,170293,rest
35.4657,170197,rest
35.4690,170557,rest
35.4741,74,rest
35.4780,170826,rest
35.4819,171031,rest
35.4853,170202,rest
35.4911,699,rest
35.4938,170798,rest
35.4976,170376,rest
35.5017,170261,rest
35.5060,761,rest
35.5106,170259,rest
35.5146,170128,rest
35.5181,170752,rest
35.5224,1701,rest
35.5266,170188,rest
35.5310,170789,rest
35.5345,170048,rest
35.5406,698,rest
35.5433,170250,rest
35.5467,170632,rest
35.5508,170680,rest
35.5550,170397,rest
35.5590,170791,rest
35.5631,170791,rest
35.5672,170644,rest
35.5713,170422,rest
35.5761,170786,rest
35.5795,170734,rest
35.5805,1,rest
35.5836,70097,rest
35.5851,1706,rest
35.5878,02,rest
35.5893,170403,rest
35.5924,170274,rest
35.5959,170836,rest
35.6000,170104,rest
35.6041,169774,rest
35.6091,170214,rest
35.6123,169668,rest
35.6163,170701,rest
35.6207,170626,rest
35.6256,170281,rest
35.6287,170227,rest
35.6327,170105,rest
35.6369,169820,rest
35.6412,169847,rest
35.6451,169834,rest
35.6491,170228,rest
35.6532,169715,rest
35.6577,170479,rest
35.6614,169901,rest
35.6655,169568,rest
35.6697,169914,rest
35.6740,170479,rest
35.6779,170648,rest
35.6819,169935,rest
35.6860,170321,rest
35.6906,169691,rest
35.6942,169962,rest
35.6983,170205,rest
35.7024,170213,rest
35.7070,170278,rest
35.7106,170557,rest
35.7117,170,rest
35.7147,062,rest
35.7162,170443,rest
35.7188,170089,rest
35.7240,706,rest
35.7274,170743,rest
35.7312,170562,rest
35.7352,170302,rest
35.7394,07,rest
35.7450,170328,rest
35.7478,170426,rest
35.7515,170054,rest
35.7575,6947,rest
35.7611,170022,rest
35.7642,170510,rest
35.7679,170273,rest
35.7722,16974,rest
35.7766,169572,rest
35.7803,170366,rest
35.7843,170407,rest
35.7901,02,rest
35.7929,170269,rest
35.7977,170418,rest
35.8010,170132,rest
35.8049,170676,rest
35.8095,170011,rest
35.8130,170150,rest
35.8170,169907,rest
35.8212,170129,rest
35.8261,170249,rest
35.8293,169855,rest
35.8334,170097,rest
35.8376,170194,rest
35.8386,170,rest
35.8417,590,rest
35.8431,170224,rest
35.8458,170097,rest
35.8498,170193,rest
35.8540,170268,rest
35.8589,170627,rest
35.8621,170159,rest
35.8662,169927,rest
35.8704,170204,rest
35.8753,170030,rest
35.8785,169801,rest
35.8826,169894,rest
35.8868,170090,rest
35.8927,306,rest
35.8963,169823,rest
35.9002,170777,rest
35.9031,170377,rest
35.9076,170461,rest
35.9113,170466,rest
35.9154,170304,rest
35.9195,170426,rest
35.9242,170720,rest
35.9277,169976,rest
35.9317,169809,rest
35.9359,169934,rest
35.9407,170279,rest
35.9440,169833,rest
35.9482,170499,rest
35.9523,170148,rest
35.9568,170464,rest
35.9604,170132,rest
35.9645,170581,rest
35.9658,170,rest
35.9686,334,rest
35.9703,170621,rest
35.9741,178,rest
35.9775,170219,rest
35.9812,170298,rest
35.9851,170361,rest
35.9893,98,rest
35.9935,170007,rest
35.9977,170133,rest
36.0014,170366,rest
36.0056,078,rest
36.0100,170058,rest
36.0144,170519,rest
36.0177,170277,rest
36.0222,705,rest
36.0272,170314,rest
36.0300,170486,rest
36.0342,169537,rest
36.0386,104,rest
36.0427,170145,rest
36.0465,170392,rest
36.0505,170207,rest
36.0547,170167,rest
36.0598,170490,rest
36.0628,170241,rest
36.0669,169819,rest
36.0710,170115,rest
36.0754,170066,rest
36.0792,170367,rest
36.0833,170504,rest
36.0875,170221,rest
36.0921,170512,rest
36.0931,17,rest
36.0957,0441,rest
36.0968,17082,rest
36.0997,5,rest
36.0998,169955,rest
36.1038,169761,rest
36.1085,170592,rest
36.1120,170276,rest
36.1161,170239,rest
36.1203,170509,rest
36.1252,170744,rest
36.1284,169706,rest
36.1324,169846,rest
36.1366,170468,rest
36.1418,170447,rest
36.1447,170020,rest
36.1488,170162,rest
36.1529,170053,rest
36.1573,170200,rest
36.1611,170574,rest
36.1652,170437,rest
36.1694,170212,rest
36.1745,170203,rest
36.1775,170353,rest
36.1816,170654,rest
36.1858,170377,rest
36.1899,707,rest
36.1944,170207,rest
36.1995,170348,rest
36.2021,170750,rest
36.2063,703,rest
36.2105,170513,rest
36.2151,170455,rest
36.2185,170743,rest
36.2197,17,rest
36.2240,582101,rest
36.2269,170150,rest
36.2314,170071,rest
36.2349,170268,rest
36.2405,701,rest
36.2438,170075,rest
36.2473,170259,rest
36.2512,170264,rest
36.2565,703,rest
36.2595,170522,rest
36.2637,170031,rest
36.2677,170283,rest
36.2728,70520,rest
36.2763,170297,rest
36.2803,170450,rest
36.2840,170166,rest
36.2899,7076,rest
36.2930,170507,rest
36.2963,170071,rest
36.3004,170674,rest
36.3045,170545,rest
36.3090,170377,rest
36.3127,169900,rest
36.3168,170271,rest
36.3209,169992,rest
36.3256,170454,rest
36.3291,170222,rest
36.3331,170212,rest
36.3373,170673,rest
36.3418,170608,rest
36.3454,170674,rest
36.3465,17,rest
36.3495,1147,rest
36.3506,1704,rest
36.3537,70,rest
36.3547,170572,rest
36.3587,171287,rest
36.3619,171083,rest
36.3660,170881,rest
36.3701,170724,rest
36.3747,171146,rest
36.3783,171077,rest
36.3824,170938,rest
36.3865,170498,rest
36.3917,170281,rest
36.3946,170934,rest
36.3987,171083,rest
36.4028,170588,rest
36.4084,170477,rest
36.4110,171140,rest
36.4151,170431,rest
36.4195,170500,rest
36.4237,170853,rest
36.4274,170883,rest
36.4315,170309,rest
36.4355,171371,rest
36.4399,70803,rest
36.4443,171025,rest
36.4494,170530,rest
36.4520,170592,rest
36.4565,170625,rest
36.4601,170593,rest
36.4642,170735,rest
36.4683,170791,rest
36.4726,720,rest
36.4770,71112,rest
36.4784,1708,rest
36.4807,07,rest
36.4822,170344,rest
36.4847,170429,rest
36.4889,19,rest
36.4941,170973,rest
36.4972,170843,rest
36.5012,170758,rest
36.5054,05,rest
36.5123,170494,rest
36.5134,170752,rest
36.5174,170298,rest
36.5233,706,rest
36.5258,170755,rest
36.5298,170555,rest
36.5339,170739,rest
36.5380,170740,rest
36.5422,170697,rest
36.5462,170978,rest
36.5504,170558,rest
36.5545,171005,rest
36.5594,170726,rest
36.5625,170559,rest
36.5666,170865,rest
36.5714,171012,rest
36.5753,170853,rest
36.5789,171006,rest
36.5830,170360,rest
36.5873,170483,rest
36.5918,170572,rest
36.5953,170105,rest
36.6009,170272,rest
36.6036,170378,rest
36.6052,170,rest
36.6079,259,rest
36.6097,170563,rest
36.6117,170372,rest
36.6157,170518,rest
36.6200,170780,rest
36.6252,171079,rest
36.6281,170653,rest
36.6321,170377,rest
36.6363,170201,rest
36.6406,170479,rest
36.6444,170500,rest
36.6486,170661,rest
36.6527,170683,rest
36.6568,170485,rest
36.6610,170528,rest
36.6649,170531,rest
36.6690,170447,rest
36.6736,170655,rest
36.6772,170437,rest
36.6813,171020,rest
36.6854,170520,rest
36.6900,170868,rest
36.6936,170263,rest
36.6977,170566,rest
36.7018,170481,rest
36.7070,72,rest
36.7102,170583,rest
36.7141,170269,rest
36.7183,170885,rest
36.7240,70612,rest
36.7267,171029,rest
36.7305,171112,rest
36.7316,170,rest
36.7346,818,rest
36.7363,170661,rest
36.7394,170563,rest
36.7427,170574,rest
36.7468,170405,rest
36.7509,170963,rest
36.7552,70841,rest
36.7594,170615,rest
36.7639,170602,rest
36.7673,170355,rest
36.7714,170649,rest
36.7760,170987,rest
36.7796,170121,rest
36.7838,170724,rest
36.7887,17097,rest
36.7931,170368,rest
36.7960,170347,rest
36.8001,170795,rest
36.8061,170592,rest
36.8083,170256,rest
36.8123,170719,rest
36.8165,170601,rest
36.8206,170299,rest
36.8255,171067,rest
36.8287,170708,rest
36.8329,170349,rest
36.8369,170335,rest
36.8414,170752,rest
36.8452,170970,rest
36.8492,170174,rest
36.8533,170936,rest
36.8579,170768,rest
36.8590,170,rest
36.8615,620,rest
36.8629,170986,rest
36.8658,170806,rest
36.8697,170657,rest
36.8742,170970,rest
36.8780,170882,rest
36.8821,170414,rest
36.8861,170903,rest
36.8917,170511,rest
36.8943,171251,rest
36.8983,170744,rest
36.9025,170780,rest
36.9069,170775,rest
36.9107,170463,rest
36.9148,170965,rest
36.9189,170713,rest
36.9231,170598,rest
36.9271,170558,rest
36.9312,170733,rest
36.9352,170308,rest
36.9410,170860,rest
36.9434,170531,rest
36.9475,171022,rest
36.9517,170854,rest
36.9558,7042,rest
36.9601,171118,rest
36.9647,170827,rest
36.9688,170542,rest
36.9723,748,rest
36.9764,171365,rest
36.9812,170551,rest
36.9844,170354,rest
36.9857,170,rest
36.9901,554,rest
36.9921,17050,rest
36.9926,6,rest
36.9927,170963,rest
36.9968,170623,rest
37.0009,170243,rest
37.0050,70298,rest
37.0093,170565,rest
37.0143,170591,rest
37.0183,170463,rest
37.0215,692,rest
37.0259,170134,rest
37.0308,170554,rest
37.0361,170114,rest
37.0377,170889,rest
37.0429,170587,rest
37.0459,170544,rest
37.0499,170149,rest
37.0541,170215,rest
37.0585,170584,rest
37.0622,170730,rest
37.0663,170295,rest
37.0704,170352,rest
37.0760,170590,rest
37.0786,170624,rest
37.0827,170461,rest
37.0869,170618,rest
37.0912,170474,rest
37.0950,170942,rest
37.0991,170396,rest
37.1032,170196,rest
37.1074,170934,rest
37.1115,170649,rest
37.1126,17,rest
37.1156,0798,rest
37.1165,17030,rest
37.1196,8,rest
37.1197,170678,rest
37.1239,170641,rest
37.1278,170654,rest
37.1319,170547,rest
37.1360,170908,rest
37.1407,170378,rest
37.1442,170925,rest
37.1483,170706,rest
37.1525,170584,rest
37.1568,170217,rest
37.1606,170450,rest
37.1648,170731,rest
37.1688,170441,rest
37.1740,70834,rest
37.1778,170414,rest
37.1822,170540,rest
37.1862,170015,rest
37.1907,7019,rest
37.1934,170250,rest
37.1974,170631,rest
37.2015,170511,rest
37.2070,70582,rest
37.2110,170652,rest
37.2139,170571,rest
37.2179,169917,rest
37.2239,74,rest
37.2270,170503,rest
37.2303,170817,rest
37.2343,169961,rest
37.2385,5,rest
37.2398,7,rest
37.2429,796,rest
37.2443,16999,rest
37.2465,3,rest
37.2482,170801,rest
37.2507,170329,rest
37.2564,1708,rest
37.2594,170293,rest
37.2629,170410,rest
37.2670,170581,rest
37.2712,707,rest
37.2762,170539,rest
37.2797,170454,rest
37.2834,169777,rest
37.2877,355,rest
37.2920,169957,rest
37.2963,170682,rest
37.2998,170400,rest
37.3059,170525,rest
37.3080,170237,rest
37.3121,170106,rest
37.3162,170613,rest
37.3203,170136,rest
37.3245,170544,rest
37.3285,170334,rest
37.3325,170184,rest
37.3367,170387,rest
37.3409,170286,rest
37.3449,170239,rest
37.3490,170402,rest
37.3530,170702,rest
37.3578,170510,rest
37.3612,170433,rest
37.3653,170385,rest
37.3666,1,rest
37.3696,70561,rest
37.3697,1707,rest
37.3738,51,rest
37.3761,170937,rest
37.3776,170578,rest
37.3817,170757,rest
37.3860,170097,rest
37.3910,170914,rest
37.3940,170209,rest
37.3981,170012,rest
37.4022,170730,rest
37.4067,170407,rest
37.4104,170473,rest
37.4144,170583,rest
37.4186,170563,rest
37.4231,170629,rest
37.4267,170203,rest
37.4308,170675,rest
37.4350,170835,rest
37.4395,170179,rest
37.4441,170546,rest
37.4472,170181,rest
37.4513,170725,rest
37.4559,170208,rest
37.4595,170544,rest
37.4636,170329,rest
37.4677,170496,rest
37.4736,7031,rest
37.4768,170626,rest
37.4800,170400,rest
37.4841,170854,rest
37.4897,73,rest
37.4924,170108,rest
37.4943,1,rest
37.4964,70057,rest
37.4980,1705,rest
37.5005,72,rest
37.5016,170699,rest
37.5057,170654,rest
37.5087,170423,rest
37.5127,170190,rest
37.5168,170870,rest
37.5221,706,rest
37.5262,170425,rest
37.5292,170233,rest
37.5333,170322,rest
37.5374,170213,rest
37.5421,170443,rest
37.5455,170362,rest
37.5497,170345,rest
37.5557,73,rest
37.5584,170338,rest
37.5619,170435,rest
37.5660,170657,rest
37.5701,170145,rest
37.5747,170391,rest
37.5783,170293,rest
37.5824,170052,rest
37.5865,170724,rest
37.5910,170396,rest
37.5950,170497,rest
37.5988,170149,rest
37.6029,170092,rest
37.6077,170752,rest
37.6111,170769,rest
37.6152,170222,rest
37.6193,170288,rest
37.6243,171123,rest
37.6256,170,rest
37.6275,386,rest
37.6287,170242,rest
37.6316,170088,rest
37.6360,170505,rest
37.6402,170295,rest
37.6441,170387,rest
37.6479,170540,rest
37.6520,170392,rest
37.6565,170508,rest
37.6604,170735,rest
37.6643,170611,rest
37.6684,170404,rest
37.6727,170521,rest
37.6770,170503,rest
37.6807,170628,rest
37.6848,170716,rest
37.6907,170335,rest
37.6930,170460,rest
37.6970,170439,rest
37.7012,170390,rest
37.7058,170472,rest
37.7094,170613,rest
37.7135,170307,rest
37.7179,170237,rest
37.7229,709,rest
37.7262,170729,rest
37.7326,170404,rest
37.7348,170543,rest
37.7382,7022,rest
37.7427,170009,rest
37.7464,170371,rest
37.7503,170279,rest
37.7516,170,rest
37.7545,47,rest
37.7552,1,rest
37.7592,7,rest
37.7593,171049,rest
37.7639,170869,rest
37.7667,169946,rest
37.7765,170056,rest
37.7812,170495,rest
37.7831,170153,rest
37.7889,1054,rest
37.7921,169533,rest
37.7956,170125,rest
37.7995,170241,rest
37.8038,06,rest
37.8084,170349,rest
37.8124,170876,rest
37.8159,170476,rest
37.8200,171082,rest
37.8242,170382,rest
37.8281,170157,rest
37.8322,170377,rest
37.8364,170593,rest
37.8411,170479,rest
37.8445,170185,rest
37.8487,170348,rest
37.8527,169821,rest
37.8573,170151,rest
37.8609,170459,rest
37.8650,170775,rest
37.8691,169979,rest
37.8734,170339,rest
37.8779,170752,rest
37.8786,17,rest
37.8814,0580,rest
37.8824,17067,rest
37.8855,9,rest
37.8857,170843,rest
37.8900,170251,rest
37.8941,170076,rest
37.8979,170940,rest
37.9018,170499,rest
37.9075,708,rest
37.9112,170837,rest
37.9146,170458,rest
37.9193,170107,rest
37.9239,70680,rest
37.9268,169978,rest
37.9318,169880,rest
37.9347,170031,rest
37.9394,170492,rest
37.9439,169913,rest
37.9469,170485,rest
37.9510,170550,rest
37.9557,169964,rest
37.9602,170094,rest
37.9633,170557,rest
37.9674,170237,rest
37.9725,170609,rest
37.9756,170085,rest
37.9797,170329,rest
37.9837,170139,rest
37.9895,75,rest
37.9930,170129,rest
37.9961,170143,rest
38.0021,169842,rest
38.0043,170244,rest
38.0056,17,rest
38.0086,0303,rest
38.0102,17040,rest
38.0124,0,rest
38.0141,170280,rest
38.0166,170423,rest
38.0207,170232,rest
38.0256,170469,rest
38.0289,170460,rest
38.0329,170042,rest
38.0372,7035,rest
38.0415,170572,rest
38.0454,170216,rest
38.0494,170182,rest
38.0538,103,rest
38.0580,170337,rest
38.0629,170315,rest
38.0658,170221,rest
38.0699,169936,rest
38.0750,170626,rest
38.0780,169749,rest
38.0821,170610,rest
38.0865,170442,rest
38.0907,170332,rest
38.0944,169939,rest
38.0985,170190,rest
38.1026,170283,rest
38.1069,170159,rest
38.1107,170115,rest
38.1148,169995,rest
38.1190,170709,rest
38.1233,170454,rest
38.1271,170335,rest
38.1312,170343,rest
38.1325,1,rest
38.1356,70321,rest
38.1363,1708,rest
38.1397,44,rest
38.1416,170119,rest
38.1437,169985,rest
38.1478,170205,rest
38.1517,169973,rest
38.1561,170347,rest
38.1607,170450,rest
38.1640,170014,rest
38.1681,169992,rest
38.1727,170097,rest
38.1763,170078,rest
38.1804,170136,rest
38.1845,170518,rest
38.1900,170247,rest
38.1931,170388,rest
38.1968,170458,rest
38.2008,170351,rest
38.2111,170194,rest
38.2152,170544,rest
38.2173,170568,rest
38.2216,7019,rest
38.2258,170994,rest
38.2299,170339,rest
38.2337,170697,rest
38.2389,7026,rest
38.2424,170682,rest
38.2464,170637,rest
38.2500,170352,rest
38.2556,63,rest
38.2594,170448,rest
38.2608,1,rest
38.2635,70623,rest
38.2653,1702,rest
38.2665,18,rest
38.2675,170081,rest
38.2710,170160,rest
38.2747,170004,rest
38.2787,170474,rest
38.2828,170299,rest
38.2886,00,rest
38.2923,170914,rest
38.2966,170586,rest
38.2992,170471,rest
38.3035,170555,rest
38.3078,170113,rest
38.3117,171016,rest
38.3155,170651,rest
38.3198,170550,rest
38.3246,170503,rest
38.3279,170379,rest
38.3321,169492,rest
38.3360,170459,rest
38.3417,170756,rest
38.3442,170713,rest
38.3483,170985,rest
38.3525,169869,rest
38.3574,170563,rest
38.3609,170648,rest
38.3647,170740,rest
38.3688,170158,rest
38.3732,170832,rest
38.3776,170240,rest
38.3811,170470,rest
38.3853,171506,rest
38.3866,1,rest
38.3907,69875,rest
38.3919,1704,rest
38.3934,24,rest
38.3945,170145,rest
38.3975,170847,rest
38.4016,170152,rest
38.4073,170445,rest
38.4097,170462,rest
38.4138,170224,rest
38.4180,170784,rest
38.4228,170734,rest
38.4266,170302,rest
38.4303,170329,rest
38.4343,170112,rest
38.4390,170024,rest
38.4425,170323,rest
38.4467,170496,rest
38.4507,170351,rest
38.4556,170724,rest
38.4592,170000,rest
38.4630,170112,rest
38.4671,169802,rest
38.4719,170404,rest
38.4759,170836,rest
38.4794,170555,rest
38.4835,170487,rest
38.4895,1705,rest
38.4927,170773,rest
38.4959,170149,rest
38.4998,170475,rest
38.5052,02,rest
38.5086,170593,rest
38.5133,170327,rest
38.5165,170180,rest
38.5177,169,rest
38.5212,05,rest
38.5250,170180,rest
38.5287,170596,rest
38.5335,170749,rest
38.5369,06,rest
38.5412,170920,rest
38.5456,170189,rest
38.5491,169903,rest
38.5534,170926,rest
38.5573,170233,rest
38.5622,170674,rest
38.5654,170322,rest
38.5695,170625,rest
38.5742,170377,rest
38.5777,170156,rest
38.5817,170497,rest
38.5859,170157,rest
38.5910,170361,rest
38.5941,171199,rest
38.5981,170081,rest
38.6024,170383,rest
38.6067,170828,rest
38.6108,170254,rest
38.6146,170496,rest
38.6187,169953,rest
38.6233,170719,rest
38.6268,170540,rest
38.6309,170363,rest
38.6353,170188,rest
38.6393,170282,rest
38.6440,170144,rest
38.6455,170,rest
38.6473,873,rest
38.6485,170312,rest
38.6514,170653,rest
38.6559,170968,rest
38.6605,170881,rest
38.6639,170322,rest
38.6681,170502,rest
38.6725,170524,rest
38.6765,170480,rest
38.6801,170696,rest
38.6842,170415,rest
38.6889,170394,rest
38.6931,170391,rest
38.6967,170111,rest
38.7005,170575,rest
38.7048,7043,rest
38.7099,170592,rest
38.7136,170492,rest
38.7170,170888,rest
38.7235,70,rest
38.7283,170795,rest
38.7293,170866,rest
38.7333,170395,rest
38.7392,700,rest
38.7446,169857,rest
38.7457,169828,rest
38.7497,170416,rest
38.7540,7052,rest
38.7586,170790,rest
38.7627,170426,rest
38.7661,170692,rest
38.7715,73010,rest
38.7758,95,rest
38.7783,17008,rest
38.7804,4,rest
38.7805,170620,rest
38.7825,170533,rest
38.7887,17014,rest
38.7942,170537,rest
38.7948,170246,rest
38.7988,170156,rest
38.8061,170700,rest
38.8081,170186,rest
38.8112,170248,rest
38.8152,170549,rest
38.8194,170260,rest
38.8238,169831,rest
38.8279,170233,rest
38.8316,170591,rest
38.8357,170371,rest
38.8398,170433,rest
38.8439,170363,rest
38.8480,170831,rest
38.8521,169891,rest
38.8579,170774,rest
38.8603,170313,rest
38.8644,170064,rest
38.8686,170342,rest
38.8738,170367,rest
38.8767,170350,rest
38.8807,170485,rest
38.8851,170865,rest
38.8893,170477,rest
38.8936,170253,rest
38.8972,170446,rest
38.8982,17,rest
38.9013,0209,rest
38.9027,17091,rest
38.9055,0,rest
38.9059,170780,rest
38.9099,170421,rest
38.9136,170350,rest
38.9177,170630,rest
38.9219,70699,rest
38.9260,170385,rest
38.9312,170548,rest
38.9356,170804,rest
38.9389,170812,rest
38.9424,043,rest
38.9471,170282,rest
38.9504,170283,rest
38.9546,170776,rest
38.9588,170360,rest
38.9631,171119,rest
38.9668,71105,rest
38.9712,170570,rest
38.9760,170620,rest
38.9799,170707,rest
38.9832,170744,rest
38.9878,170716,rest
38.9914,170446,rest
38.9954,170421,rest
38.9995,170918,rest
39.0049,7115,rest
39.0103,171125,rest
39.0118,170386,rest
39.0159,170747,rest
39.0202,0,rest
39.0242,170384,rest
39.0256,17,rest
39.0283,0026,rest
39.0293,17046,rest
39.0324,1,rest
39.0324,170637,rest
39.0381,170,rest
39.0428,170399,rest
39.0447,170452,rest
39.0487,170231,rest
39.0572,170458,rest
39.0614,170156,rest
39.0657,170294,rest
39.0692,170466,rest
39.0740,170745,rest
39.0776,171166,rest
39.0815,170839,rest
39.0856,170883,rest
39.0897,170564,rest
39.0938,170760,rest
39.0979,170724,rest
39.1019,170386,rest
39.1068,170854,rest
39.1102,170591,rest
39.1143,170738,rest
39.1184,171732,rest
39.1227,170773,rest
39.1267,170649,rest
39.1307,170409,rest
39.1349,170453,rest
39.1401,170979,rest
39.1429,170771,rest
39.1470,170750,rest
39.1513,170347,rest
39.1527,17,rest
39.1565,0652,rest
39.1579,17002,rest
39.1593,9,rest
39.1594,170705,rest
39.1635,170477,rest
39.1675,170092,rest
39.1735,7057,rest
39.1770,170375,rest
39.1812,170671,rest
39.1839,170709,rest
39.1882,170438,rest
39.1927,170299,rest
39.1964,170661,rest
39.2003,170784,rest
39.2048,170529,rest
39.2085,170171,rest
39.2125,170071,rest
39.2167,170288,rest
39.2226,701,rest
39.2265,170636,rest
39.2305,170261,rest
39.2330,170739,rest
39.2388,19,rest
39.2416,170383,rest
39.2458,170080,rest
39.2494,170562,rest
39.2551,7440,rest
39.2587,170188,rest
39.2626,171009,rest
39.2658,171271,rest
39.2719,01,rest
39.2742,170503,rest
39.2782,170193,rest
39.2796,1,rest
39.2823,70371,rest
39.2835,1706,rest
39.2863,67,rest
39.2881,170397,rest
39.2912,170036,rest
39.2945,169998,rest
39.2987,170937,rest
39.3027,170156,rest
39.3072,170154,rest
39.3108,170052,rest
39.3150,170358,rest
39.3191,170654,rest
39.3232,170052,rest
39.3272,170477,rest
39.3313,170627,rest
39.3356,170322,rest
39.3404,170261,rest
39.3437,170473,rest
39.3477,170295,rest
39.3518,170542,rest
39.3568,169991,rest
39.3600,170514,rest
39.3641,170399,rest
39.3685,170941,rest
39.3732,170482,rest
39.3764,170128,rest
39.3806,170211,rest
39.3848,170277,rest
39.3894,170646,rest
39.3928,170318,rest
39.3969,170089,rest
39.4010,170707,rest
39.4055,170541,rest
39.4070,1,rest
39.4092,70087,rest
39.4106,1702,rest
39.4134,20,rest
39.4145,170523,rest
39.4174,170208,rest
39.4218,170743,rest
39.4255,170398,rest
39.4297,170028,rest
39.4337,170673,rest
39.4393,17068,rest
39.4419,170790,rest
39.4461,170186,rest
39.4502,170240,rest
39.4559,704,rest
39.4590,170396,rest
39.4625,170777,rest
39.4665,170397,rest
39.4708,170699,rest
39.4747,170410,rest
39.4788,170540,rest
39.4830,170446,rest
39.4882,7086,rest
39.4913,169914,rest
39.4952,170386,rest
39.4993,170329,rest
39.5045,707,rest
39.5082,170002,rest
39.5126,169938,rest
39.5157,169758,rest
39.5199,721,rest
39.5242,170563,rest
39.5286,170463,rest
39.5320,170841,rest
39.5363,8,rest
39.5380,170,rest
39.5409,31,rest
39.5424,170502,rest
39.5456,170449,rest
39.5486,169673,rest
39.5538,17065,rest
39.5567,170077,rest
39.5607,170363,rest
39.5649,170249,rest
39.5689,170147,rest
39.5740,170328,rest
39.5771,170103,rest
39.5812,170290,rest
39.5853,170649,rest
39.5901,170359,rest
39.5935,170500,rest
39.5975,170292,rest
39.6017,170031,rest
39.6069,170242,rest
39.6099,170222,rest
39.6140,170508,rest
39.6181,170451,rest
39.6226,170193,rest
39.6262,170820,rest
39.6303,170657,rest
39.6345,170676,rest
39.6391,170060,rest
39.6427,170260,rest
39.6467,170244,rest
39.6510,170328,rest
39.6551,170875,rest
39.6590,170439,rest
39.6631,170658,rest
39.6643,170,rest
39.6672,511,rest
39.6685,17051,rest
39.6713,8,rest
39.6720,170177,rest
39.6754,170520,rest
39.6795,170545,rest
39.6836,170432,rest
39.6886,170168,rest
39.6918,169964,rest
39.6958,169848,rest
39.7000,170492,rest
39.7041,70666,rest
39.7089,170605,rest
39.7131,169970,rest
39.7163,170412,rest
39.7210,170597,rest
39.7245,169938,rest
39.7286,170995,rest
39.7327,170657,rest
39.7369,70263,rest
39.7419,170285,rest
39.7461,170283,rest
39.7493,170650,rest
39.7532,70319,rest
39.7594,170051,rest
39.7617,170210,rest
39.7655,170515,rest
39.7710,7044,rest
39.7741,170049,rest
39.7778,170478,rest
39.7819,169811,rest
39.7868,9,rest
39.7907,169936,rest
39.7921,17,rest
39.7951,0294,rest
39.7965,17101,rest
39.7982,8,rest
39.7983,170599,rest
39.8027,17535,rest
39.8085,170055,rest
39.8116,170117,rest
39.8148,170096,rest
39.8188,170940,rest
39.8231,170514,rest
39.8269,170414,rest
39.8310,170530,rest
39.8352,170270,rest
39.8400,170190,rest
39.8433,170237,rest
39.8474,170316,rest
39.8517,170242,rest
39.8567,169972,rest
39.8597,170373,rest
39.8638,169987,rest
39.8679,169800,rest
39.8722,170034,rest
39.8761,170582,rest
39.8802,170044,rest
39.8845,170444,rest
39.8888,170230,rest
39.8925,170613,rest
39.8965,170598,rest
39.9007,170673,rest
39.9053,170595,rest
39.9088,170574,rest
39.9129,170622,rest
39.9171,170542,rest
39.9185,17,rest
39.9221,0228,rest
39.9235,1704,rest
39.9252,28,rest
39.9268,170375,rest
39.9293,170464,rest
39.9335,170682,rest
39.9382,170126,rest
39.9417,170161,rest
39.9457,170418,rest
39.9498,170418,rest
39.9557,7,rest
39.9585,169806,rest
39.9621,170167,rest
39.9663,170009,rest
39.9704,695,rest
39.9745,170609,rest
39.9786,170313,rest
39.9826,170217,rest
39.9867,70085,rest
39.9923,170680,rest
39.9950,170119,rest
39.9989,170091,rest
40.0032,705,rest
40.0073,169978,rest
40.0120,170272,rest
40.0153,170377,rest
40.0196,74,rest
40.0240,170459,rest
40.0286,170646,rest
40.0317,170451,rest
40.0369,1010,rest
40.0412,170231,rest
40.0442,169946,rest
40.0455,1,rest
40.0481,70163,rest
40.0494,1696,rest
40.0525,57,rest
40.0530,1,rest
40.0565,170369,rest
40.0611,170157,rest
40.0645,170838,rest
40.0686,170455,rest
40.0730,170547,rest
40.0768,170558,rest
40.0809,169933,rest
40.0850,169892,rest
40.0897,169815,rest
40.0932,170321,rest
40.0972,170332,rest
40.1014,170637,rest
40.1056,170403,rest
40.1096,170322,rest
40.1137,170028,rest
40.1177,169875,rest
40.1223,170483,rest
40.1259,170277,rest
40.1300,169876,rest
40.1341,170035,rest
40.1388,170347,rest
40.1423,170472,rest
40.1464,170467,rest
40.1505,169908,rest
40.1560,170650,rest
40.1587,170008,rest
40.1628,170190,rest
40.1669,170125,rest
40.1716,170177,rest
40.1728,1,rest
40.1751,70406,rest
40.1761,1703,rest
40.1792,20,rest
40.1806,170501,rest
40.1834,170653,rest
40.1884,170969,rest
40.1915,170200,rest
40.1955,170579,rest
40.1997,170709,rest
40.2042,170795,rest
40.2079,170872,rest
40.2119,170194,rest
40.2160,170286,rest
40.2203,7,rest
40.2262,170367,rest
40.2295,170278,rest
40.2328,170052,rest
40.2367,612,rest
40.2408,170479,rest
40.2450,170571,rest
40.2491,170526,rest
40.2544,7047,rest
40.2579,170720,rest
40.2613,170625,rest
40.2652,170277,rest
40.2696,645,rest
40.2744,170694,rest
40.2775,170327,rest
40.2816,170787,rest
40.2859,172,rest
40.2912,170089,rest
40.2941,170070,rest
40.2980,170110,rest
40.2994,1,rest
40.3021,70602,rest
40.3033,170,rest
40.3063,355,rest
40.3076,170736,rest
40.3103,170656,rest
40.3143,170641,rest
40.3184,170718,rest
40.3230,170444,rest
40.3267,170600,rest
40.3307,169942,rest
40.3348,170286,rest
40.3397,170475,rest
40.3430,170594,rest
40.3471,170687,rest
40.3512,170885,rest
40.3563,170148,rest
40.3594,170442,rest
40.3634,170406,rest
40.3677,170678,rest
40.3728,170833,rest
40.3758,170603,rest
40.3799,171019,rest
40.3840,170246,rest
40.3887,170459,rest
40.3922,170742,rest
40.3962,170169,rest
40.4005,169913,rest
40.4050,170731,rest
40.4089,170414,rest
40.4127,170472,rest
40.4167,170712,rest
40.4211,169930,rest
40.4249,170747,rest
40.4290,170098,rest
40.4300,17,rest
40.4331,0579,rest
40.4345,17050,rest
40.4373,4,rest
40.4379,170937,rest
40.4413,170453,rest
40.4454,170980,rest
40.4495,170345,rest
40.4537,70192,rest
40.4595,170264,rest
40.4620,170788,rest
40.4661,170463,rest
40.4701,723,rest
40.4744,170111,rest
40.4786,170346,rest
40.4824,170250,rest
40.4870,170437,rest
40.4905,170518,rest
40.4946,170402,rest
40.4987,170238,rest
40.5043,0,rest
40.5073,170752,rest
40.5114,170500,rest
40.5151,170588,rest
40.5204,736,rest
40.5233,170323,rest
40.5273,170657,rest
40.5317,170477,rest
40.5357,170644,rest
40.5397,170649,rest
40.5437,170955,rest
40.5478,170390,rest
40.5520,170682,rest
40.5572,170737,rest
40.5588,17,rest
40.5601,0240,rest
40.5618,17046,rest
40.5642,0,rest
40.5642,169902,rest
40.5683,170080,rest
40.5727,170880,rest
40.5765,170170,rest
40.5806,170404,rest
40.5847,169892,rest
40.5894,170225,rest
40.5929,170514,rest
40.5970,170940,rest
40.6010,170324,rest
40.6061,170338,rest
40.6093,170561,rest
40.6133,169870,rest
40.6175,170810,rest
40.6222,170534,rest
40.6257,170593,rest
40.6297,170058,rest
40.6338,170675,rest
40.6383,170554,rest
40.6420,170449,rest
40.6461,170517,rest
40.6503,170439,rest
40.6553,170369,rest
40.6584,170163,rest
40.6625,170776,rest
40.6666,170412,rest
40.6718,170766,rest
40.6748,170246,rest
40.6789,170690,rest
40.6830,170089,rest
40.6844,17,rest
40.6875,0883,rest
40.6889,17052,rest
40.6911,2,rest
40.6912,169761,rest
40.6952,171003,rest
40.6995,170762,rest
40.7039,170269,rest
40.7075,170479,rest
40.7116,170493,rest
40.7159,170826,rest
40.7200,7079,rest
40.7247,170749,rest
40.7294,170426,rest
40.7322,170339,rest
40.7363,75,rest
40.7405,170261,rest
40.7447,170347,rest
40.7485,170149,rest
40.7530,69965,rest
40.7573,170388,rest
40.7621,170448,rest
40.7652,169814,rest
40.7710,68,rest
40.7738,169962,rest
40.7772,170064,rest
40.7813,170180,rest
40.7869,706,rest
40.7898,170524,rest
40.7935,169881,rest
40.7977,170021,rest
40.8018,170518,rest
40.8063,170681,rest
40.8100,170540,rest
40.8109,17,rest
40.8140,0490,rest
40.8154,17024,rest
40.8181,6,rest
40.8193,170578,rest
40.8228,170734,rest
40.8263,170414,rest
40.8304,170512,rest
40.8345,170307,rest
40.8389,170147,rest
40.8427,170574,rest
40.8468,170508,rest
40.8509,170528,rest
40.8553,170820,rest
40.8591,170182,rest
40.8632,170790,rest
40.8673,170935,rest
40.8718,170390,rest
40.8755,169980,rest
40.8796,170605,rest
40.8839,170569,rest
40.8880,170021,rest
40.8918,170115,rest
40.8960,170152,rest
40.9000,170729,rest
40.9047,170140,rest
40.9082,170482,rest
40.9123,170704,rest
40.9165,170113,rest
40.9209,170535,rest
40.9252,170534,rest
40.9287,170795,rest
40.9328,170308,rest
40.9376,170863,rest
40.9388,1,rest
40.9410,70714,rest
40.9421,1699,rest
40.9451,97,rest
40.9462,170440,rest
40.9492,170142,rest
40.9537,170695,rest
40.9574,170318,rest
40.9615,170513,rest
40.9658,170263,rest
40.9698,7044,rest
40.9747,170295,rest
40.9784,170493,rest
40.9820,170708,rest
40.9862,08,rest
40.9917,170336,rest
40.9947,170388,rest
40.9983,170201,rest
41.0040,7,rest
41.0071,170328,rest
41.0109,170543,rest
41.0147,170731,rest
41.0199,74,rest
41.0231,170784,rest
41.0270,170692,rest
41.0311,170083,rest
41.0366,755,rest
41.0407,170032,rest
41.0444,170926,rest
41.0475,170453,rest
41.0518,170826,rest
41.0562,170633,rest
41.0598,170821,rest
41.0639,171209,rest
41.0654,1,rest
41.0681,70311,rest
41.0691,170,rest
41.0722,899,rest
41.0734,170195,rest
41.0762,170563,rest
41.0803,171099,rest
41.0844,170444,rest
41.0890,170272,rest
41.0926,170909,rest
41.0967,170526,rest
41.1010,170549,rest
41.1050,169901,rest
41.1089,170104,rest
41.1130,170060,rest
41.1171,170446,rest
41.1227,169835,rest
41.1253,170275,rest
41.1294,170314,rest
41.1336,170571,rest
41.1383,170742,rest
41.1417,170934,rest
41.1458,171122,rest
41.1500,170661,rest
41.1542,701,rest
41.1585,170389,rest
41.1627,170315,rest
41.1663,170303,rest
41.1713,170470,rest
41.1745,170769,rest
41.1786,170457,rest
41.1827,170489,rest
41.1870,170523,rest
41.1909,169947,rest
41.1950,170584,rest
41.1961,170,rest
41.1990,751,rest
41.2005,170268,rest
41.2039,169665,rest
41.2072,170254,rest
41.2113,170369,rest
41.2154,170740,rest
41.2197,7184,rest
41.2245,170428,rest
41.2283,170312,rest
41.2318,170374,rest
41.2379,7017,rest
41.2408,170569,rest
41.2443,170469,rest
41.2482,170319,rest
41.2528,170333,rest
41.2564,170176,rest
41.2605,169465,rest
41.2646,170507,rest
41.2698,7036,rest
41.2730,170307,rest
41.2769,170166,rest
41.2809,170448,rest
41.2865,176,rest
41.2898,170347,rest
41.2934,170412,rest
41.2974,170566,rest
41.3016,170606,rest
41.3056,170267,rest
41.3096,170848,rest
41.3137,170300,rest
41.3179,170772,rest
41.3231,170386,rest
41.3241,17,rest
41.3260,0620,rest
41.3271,16995,rest
41.3301,8,rest
41.3302,170517,rest
41.3342,170752,rest
41.3391,171018,rest
41.3424,170477,rest
41.3465,170054,rest
41.3506,170133,rest
41.3552,170230,rest
41.3588,170495,rest
41.3629,170441,rest
41.3670,170470,rest
41.3721,170476,rest
41.3752,170469,rest
41.3793,170861,rest
41.3835,170349,rest
41.3885,170273,rest
41.3916,170084,rest
41.3956,170972,rest
41.4006,170293,rest
41.4044,170324,rest
41.4079,170185,rest
41.4120,170193,rest
41.4161,170384,rest
41.4208,170750,rest
41.4243,170819,rest
41.4284,170198,rest
41.4325,170424,rest
41.4373,171165,rest
41.4407,170503,rest
41.4448,170403,rest
41.4489,170318,rest
41.4499,17,rest
41.4532,0024,rest
41.4544,1702,rest
41.4571,89,rest
41.4582,170156,rest
41.4612,170762,rest
41.4653,170450,rest
41.4695,9,rest
41.4739,170530,rest
41.4776,170604,rest
41.4819,170787,rest
41.4859,7046,rest
41.4914,170437,rest
41.4941,170525,rest
41.4980,170496,rest
41.5037,738,rest
41.5075,170404,rest
41.5105,170830,rest
41.5144,170591,rest
41.5187,723,rest
41.5239,170646,rest
41.5271,170044,rest
41.5308,170615,rest
41.5350,794,rest
41.5392,170769,rest
41.5438,170798,rest
41.5472,170471,rest
41.5514,170765,rest
41.5557,170383,rest
41.5595,170440,rest
41.5636,170666,rest
41.5677,170150,rest
41.5718,170791,rest
41.5759,170842,rest
41.5771,17,rest
41.5800,0317,rest
41.5816,1705,rest
41.5842,52,rest
41.5845,170437,rest
41.5893,169981,rest
41.5923,170531,rest
41.5963,170888,rest
41.6005,170113,rest
41.6047,170753,rest
41.6086,170341,rest
41.6127,170517,rest
41.6169,170808,rest
41.6214,170529,rest
41.6250,170718,rest
41.6291,170027,rest
41.6334,170590,rest
41.6383,170549,rest
41.6414,170994,rest
41.6455,170466,rest
41.6497,170926,rest
41.6542,170370,rest
41.6578,170715,rest
41.6619,170588,rest
41.6660,171028,rest
41.6706,170287,rest
41.6742,170193,rest
41.6782,170421,rest
41.6824,170277,rest
41.6870,170562,rest
41.6906,170363,rest
41.6947,170490,rest
41.6987,170455,rest
41.7044,170536,rest
41.7061,17,rest
41.7070,0485,rest
41.7083,1708,rest
41.7111,37,rest
41.7121,170347,rest
41.7151,170417,rest
41.7199,170756,rest
41.7234,170432,rest
41.7275,170419,rest
41.7315,170433,rest
41.7374,170520,rest
41.7397,170853,rest
41.7438,170602,rest
41.7479,170176,rest
41.7533,71,rest
41.7563,170241,rest
41.7603,170589,rest
41.7644,169976,rest
41.7684,171102,rest
41.7727,170329,rest
41.7766,170265,rest
41.7806,169908,rest
41.7860,11,rest
41.7888,170472,rest
41.7930,170521,rest
41.7970,170873,rest
41.8015,1705,rest
41.8068,170677,rest
41.8097,171043,rest
41.8134,170471,rest
41.8178,170302,rest
41.8217,170216,rest
41.8257,171043,rest
41.8298,170502,rest
41.8310,1,rest
41.8339,70710,rest
41.8353,1700,flicker
41.8384,57,flicker
41.8399,170796,flicker
41.8421,171083,flicker
41.8462,170397,flicker
41.8504,170329,flicker
41.8551,170412,flicker
41.8585,170563,flicker
41.8626,170331,flicker
41.8668,170510,flicker
41.8712,170973,flicker
41.8753,170566,flicker
41.8790,170711,flicker
41.8831,170603,flicker
41.8874,170711,flicker
41.8913,170437,flicker
41.8953,170177,flicker
41.8994,169892,flicker
41.9041,170883,flicker
41.9083,170459,flicker
41.9117,170489,flicker
41.9158,170041,flicker
41.9202,170592,flicker
41.9240,170596,flicker
41.9282,170268,flicker
41.9322,170148,flicker
41.9375,170573,flicker
41.9404,170218,flicker
41.9445,170123,flicker
41.9486,170228,flicker
41.9528,70240,flicker
41.9577,170624,flicker
41.9592,1,flicker
41.9609,71050,flicker
41.9622,1703,flicker
41.9649,84,flicker
41.9660,170170,flicker
41.9696,170275,flicker
41.9732,170343,flicker
41.9775,170338,flicker
41.9818,170641,flicker
41.9856,70146,flicker
41.9898,169981,flicker
41.9943,170548,flicker
41.9978,170711,flicker
42.0032,70563,flicker
42.0064,170518,flicker
42.0100,170764,flicker
42.0142,170588,flicker
42.0197,7041,flicker
42.0230,170672,flicker
42.0264,170509,flicker
42.0305,170668,flicker
42.0363,70369,flicker
42.0393,170661,flicker
42.0428,170380,flicker
42.0469,170468,flicker
42.0514,751,flicker
42.0556,170571,flicker
42.0611,170620,flicker
42.0633,171025,flicker
42.0675,170679,flicker
42.0718,170707,flicker
42.0756,170314,flicker
42.0797,170673,flicker
42.0838,170840,flicker
42.0886,170358,flicker
42.0904,170,flicker
42.0919,238,flicker
42.0934,171072,flicker
42.0961,170293,flicker
42.1002,171041,flicker
42.1052,169758,flicker
42.1083,170372,flicker
42.1124,170666,flicker
42.1166,170539,flicker
42.1212,170520,flicker
42.1247,170564,flicker
42.1288,170519,flicker
42.1330,170109,flicker
42.1372,703,flicker
42.1418,170325,flicker
42.1455,170628,flicker
42.1495,170542,flicker
42.1540,170368,flicker
42.1575,170912,flicker
42.1616,170569,flicker
42.1657,170286,flicker
42.1713,751,flicker
42.1745,169973,flicker
42.1782,170623,flicker
42.1821,170550,flicker
42.1863,170390,flicker
42.1903,171099,flicker
42.1943,170637,flicker
42.1985,170663,flicker
42.2027,7009,flicker
42.2072,170503,flicker
42.2121,170406,flicker
42.2158,170680,flicker
42.2163,170,flicker
42.2202,3117061,flicker
42.2235,170598,flicker
42.2280,171074,flicker
42.2325,170487,flicker
42.2371,78,flicker
42.2407,170684,flicker
42.2438,170192,flicker
42.2477,170739,flicker
42.2529,706,flicker
42.2563,170186,flicker
42.2599,170097,flicker
42.2640,170153,flicker
42.2698,76,flicker
42.2729,170616,flicker
42.2763,170034,flicker
42.2803,170358,flicker
42.2857,760,flicker
42.2889,170910,flicker
42.2927,170164,flicker
42.2968,170421,flicker
42.3019,1701,flicker
42.3055,170435,flicker
42.3091,170656,flicker
42.3131,170603,flicker
42.3174,170723,flicker
42.3223,170350,flicker
42.3254,170287,flicker
42.3295,170325,flicker
42.3337,170115,flicker
42.3383,170869,flicker
42.3418,170362,flicker
42.3428,170,flicker
42.3459,745,flicker
42.3473,170012,flicker
42.3501,170083,flicker
42.3547,170025,flicker
42.3582,170532,flicker
42.3623,170387,flicker
42.3664,170850,flicker
42.3714,170183,flicker
42.3746,170211,flicker
42.3787,170408,flicker
42.3829,170607,flicker
42.3872,170448,flicker
42.3909,170446,flicker
42.3950,170424,flicker
42.3991,170847,flicker
42.4037,169847,flicker
42.4073,170124,flicker
42.4114,170369,flicker
42.4155,169845,flicker
42.4207,169986,flicker
42.4237,170501,flicker
42.4278,170640,flicker
42.4320,170195,flicker
42.4370,170119,flicker
42.4401,170244,flicker
42.4442,170187,flicker
42.4483,170152,flicker
42.4525,7011,flicker
42.4567,170177,flicker
42.4615,170693,flicker
42.4650,171032,flicker
42.4705,7336,flicker
42.4736,79,flicker
42.4749,17068,flicker
42.4780,0,flicker
42.4795,169976,flicker
42.4816,170389,flicker
42.4852,707,flicker
42.4900,170190,flicker
42.4935,170761,flicker
42.4974,170680,flicker
42.5017,015,flicker
42.5065,170565,flicker
42.5105,170107,flicker
42.5138,170385,flicker
42.5180,704,flicker
42.5220,171139,flicker
42.5269,170929,flicker
42.5305,170310,flicker
42.5346,108,flicker
42.5388,170141,flicker
42.5432,170504,flicker
42.5467,170283,flicker
42.5508,170201,flicker
42.5553,170528,flicker
42.5589,170463,flicker
42.5630,170431,flicker
42.5671,170355,flicker
42.5716,170154,flicker
42.5753,170350,flicker
42.5793,170401,flicker
42.5837,170387,flicker
42.5885,170302,flicker
42.5917,170243,flicker
42.5958,170288,flicker
42.5972,17,flicker
42.5999,0525,flicker
42.6018,17015,flicker
42.6042,3,flicker
42.6048,170899,flicker
42.6080,170400,flicker
42.6121,170113,flicker
42.6164,169946,flicker
42.6216,170349,flicker
42.6244,170342,flicker
42.6285,170677,flicker
42.6326,169986,flicker
42.6371,170223,flicker
42.6408,170521,flicker
42.6448,170426,flicker
42.6490,170007,flicker
42.6535,170180,flicker
42.6572,170651,flicker
42.6612,170128,flicker
42.6653,170802,flicker
42.6701,171160,flicker
42.6736,170258,flicker
42.6777,170511,flicker
42.6818,170217,flicker
42.6862,171287,flicker
42.6899,170293,flicker
42.6940,170166,flicker
42.6981,170376,flicker
42.7026,170636,flicker
42.7063,171083,flicker
42.7104,170477,flicker
42.7147,170491,flicker
42.7188,700,flicker
42.7234,170502,flicker
42.7247,17,flicker
42.7276,0910,flicker
42.7292,17059,flicker
42.7309,1,flicker
42.7322,170727,flicker
42.7361,170360,flicker
42.7391,170584,flicker
42.7432,170119,flicker
42.7473,170582,flicker
42.7521,170566,flicker
42.7555,170040,flicker
42.7596,170217,flicker
42.7642,170334,flicker
42.7683,170668,flicker
42.7719,170567,flicker
42.7759,170278,flicker
42.7800,170337,flicker
42.7857,1703,flicker
42.7884,170181,flicker
42.7930,170979,flicker
42.7964,170392,flicker
42.8009,697,flicker
42.8067,170125,flicker
42.8097,170340,flicker
42.8128,169860,flicker
42.8170,170285,flicker
42.8210,170149,flicker
42.8251,170326,flicker
42.8292,170677,flicker
42.8333,170576,flicker
42.8382,170309,flicker
42.8415,170323,flicker
42.8456,170426,flicker
42.8498,170686,flicker
42.8508,1,flicker
42.8538,70358,flicker
42.8541,1699,flicker
42.8579,40,flicker
42.8590,170728,flicker
42.8620,170519,flicker
42.8661,170572,flicker
42.8703,170415,flicker
42.8742,170631,flicker
42.8784,170239,flicker
42.8824,170792,flicker
42.8867,702,flicker
42.8916,170327,flicker
42.8951,170594,flicker
42.8989,170262,flicker
42.9033,170289,flicker
42.9083,170023,flicker
42.9111,170497,flicker
42.9153,169743,flicker
42.9199,170542,flicker
42.9237,170390,flicker
42.9275,170233,flicker
42.9317,170249,flicker
42.9363,170841,flicker
42.9398,170422,flicker
42.9440,170397,flicker
42.9480,170607,flicker
42.9527,170428,flicker
42.9562,170637,flicker
42.9603,171092,flicker
42.9646,170161,flicker
42.9697,7092,flicker
42.9733,169987,flicker
42.9773,170751,flicker
42.9791,1,flicker
42.9812,70609,flicker
42.9825,1701,flicker
42.9852,50,flicker
42.9869,170523,flicker
42.9890,169721,flicker
42.9931,170833,flicker
42.9971,170644,flicker
43.0014,7,flicker
43.0071,170940,flicker
43.0096,170081,flicker
43.0135,170236,flicker
43.0198,69911,flicker
43.0246,170237,flicker
43.0258,169818,flicker
43.0299,170145,flicker
43.0341,69859,flicker
43.0383,170749,flicker
43.0426,170399,flicker
43.0464,170233,flicker
43.0504,170321,flicker
43.0553,170434,flicker
43.0586,170421,flicker
43.0627,170467,flicker
43.0668,170304,flicker
43.0718,170379,flicker
43.0750,169882,flicker
43.0791,170210,flicker
43.0832,170343,flicker
43.0889,170349,flicker
43.0914,170177,flicker
43.0954,170303,flicker
43.0997,169971,flicker
43.1054,170292,flicker
43.1078,170648,flicker
43.1086,170,flicker
43.1118,617,flicker
43.1133,170191,flicker
43.1161,170609,flicker
43.1208,170288,flicker
43.1242,169824,flicker
43.1283,170496,flicker
43.1327,170422,flicker
43.1372,170183,flicker
43.1406,170270,flicker
43.1447,170514,flicker
43.1488,170084,flicker
43.1531,7032,flicker
43.1576,170255,flicker
43.1634,170536,flicker
43.1667,170243,flicker
43.1698,79,flicker
43.1740,170153,flicker
43.1781,170398,flicker
43.1816,170182,flicker
43.1864,170392,flicker
43.1897,170380,flicker
43.1937,170489,flicker
43.1979,170647,flicker
43.2037,170549,flicker
43.2067,170137,flicker
43.2110,170516,flicker
43.2144,169989,flicker
43.2199,726,flicker
43.2244,170825,flicker
43.2267,170593,flicker
43.2307,170564,flicker
43.2359,170545,flicker
43.2377,170,flicker
43.2390,960,flicker
43.2405,17105,flicker
43.2429,8,flicker
43.2430,170557,flicker
43.2470,170026,flicker
43.2513,744,flicker
43.2559,170278,flicker
43.2596,170023,flicker
43.2652,170480,flicker
43.2679,749,flicker
43.2731,169958,flicker
43.2781,170130,flicker
43.2801,170414,flicker
43.2840,0431,flicker
43.2899,170368,flicker
43.2941,170170,flicker
43.2964,170738,flicker
43.3021,1702,flicker
43.3057,170264,flicker
43.3095,170439,flicker
43.3126,170069,flicker
43.3167,170396,flicker
43.3211,170504,flicker
43.3248,170373,flicker
43.3289,170194,flicker
43.3332,169987,flicker
43.3374,170224,flicker
43.3413,170516,flicker
43.3453,170634,flicker
43.3494,170111,flicker
43.3540,169924,flicker
43.3576,170740,flicker
43.3617,170351,flicker
43.3630,17,flicker
43.3660,0081,flicker
43.3669,17050,flicker
43.3699,4,flicker
43.3719,170191,flicker
43.3740,170545,flicker
43.3781,170452,flicker
43.3822,170706,flicker
43.3874,170138,flicker
43.3904,170495,flicker
43.3944,170098,flicker
43.3986,170207,flicker
43.4030,169872,flicker
43.4068,170905,flicker
43.4108,170531,flicker
43.4150,170521,flicker
43.4195,170320,flicker
43.4231,170691,flicker
43.4272,170451,flicker
43.4314,170150,flicker
43.4368,704,flicker
43.4403,170595,flicker
43.4438,170477,flicker
43.4477,169774,flicker
43.4523,169749,flicker
43.4559,170534,flicker
43.4599,170058,flicker
43.4642,170601,flicker
43.4683,758,flicker
43.4729,170372,flicker
43.4768,170073,flicker
43.4805,169996,flicker
43.4847,761,flicker
43.4891,170418,flicker
43.4908,1,flicker
43.4934,70545,flicker
43.4945,1701,flicker
43.4968,33,flicker
43.4979,170146,flicker
43.5016,170405,flicker
43.5051,170196,flicker
43.5092,170443,flicker
43.5132,170445,flicker
43.5184,76,flicker
43.5235,170303,flicker
43.5255,169922,flicker
43.5297,170427,flicker
43.5339,08,flicker
43.5397,170548,flicker
43.5428,170617,flicker
43.5460,170340,flicker
43.5515,170409,flicker
43.5547,170799,flicker
43.5585,170390,flicker
43.5624,170518,flicker
43.5665,170494,flicker
43.5714,170769,flicker
43.5747,170761,flicker
43.5787,170336,flicker
43.5830,170404,flicker
43.5874,169583,flicker
43.5910,170489,flicker
43.5952,170322,flicker
43.5993,170479,flicker
43.6037,170259,flicker
43.6074,169764,flicker
43.6115,170207,flicker
43.6157,170522,flicker
43.6169,1,flicker
43.6203,70768,flicker
43.6215,1703,flicker
43.6238,29,flicker
43.6255,170480,flicker
43.6281,170309,flicker
43.6321,170412,flicker
43.6373,170406,flicker
43.6404,170436,flicker
43.6444,170700,flicker
43.6484,170578,flicker
43.6529,170345,flicker
43.6567,170083,flicker
43.6608,170176,flicker
43.6649,170426,flicker
43.6703,70152,flicker
43.6741,170118,flicker
43.6779,170567,flicker
43.6814,170018,flicker
43.6855,701,flicker
43.6899,170078,flicker
43.6942,170204,flicker
43.6975,170228,flicker
43.7024,170014,flicker
43.7057,170758,flicker
43.7098,170241,flicker
43.7140,170619,flicker
43.7196,700,flicker
43.7229,170294,flicker
43.7266,170438,flicker
43.7303,170268,flicker
43.7365,7035,flicker
43.7415,170144,flicker
43.7429,170702,flicker
43.7468,170682,flicker
43.7478,170,flicker
43.7508,02,flicker
43.7524,4,flicker
43.7553,170427,flicker
43.7590,170295,flicker
43.7631,170245,flicker
43.7681,170490,flicker
43.7713,170122,flicker
43.7753,169978,flicker
43.7794,170272,flicker
43.7850,69973,flicker
43.7893,170519,flicker
43.7924,170125,flicker
43.7960,170026,flicker
43.8002,170282,flicker
43.8054,170719,flicker
43.8081,170234,flicker
43.8122,170128,flicker
43.8165,170608,flicker
43.8209,170334,flicker
43.8245,171079,flicker
43.8287,170642,flicker
43.8327,170300,flicker
43.8375,170519,flicker
43.8410,170281,flicker
43.8451,170480,flicker
43.8491,170438,flicker
43.8542,170284,flicker
43.8573,170377,flicker
43.8614,170770,flicker
43.8655,170157,flicker
43.8698,169982,flicker
43.8738,170359,flicker
43.8750,17,flicker
43.8778,0229,flicker
43.8789,17026,flicker
43.8818,2,flicker
43.8821,170117,flicker
43.8864,170057,flicker
43.8900,170555,flicker
43.8941,170721,flicker
43.8982,170562,flicker
43.9046,170153,flicker
43.9065,170453,flicker
43.9106,170513,flicker
43.9149,169898,flicker
43.9193,170487,flicker
43.9236,169928,flicker
43.9269,170049,flicker
43.9310,170324,flicker
43.9363,170795,flicker
43.9402,170140,flicker
43.9434,170502,flicker
43.9475,170382,flicker
43.9528,170667,flicker
43.9569,170277,flicker
43.9597,170129,flicker
43.9638,170256,flicker
43.9696,7062,flicker
43.9721,170351,flicker
43.9773,169959,flicker
43.9810,170970,flicker
43.9845,701,flicker
43.9890,170467,flicker
43.9935,170380,flicker
43.9966,170666,flicker
44.0008,797,flicker
44.0021,1,flicker
44.0053,0361,flicker
44.0063,17039,flicker
44.0088,0,flicker
44.0089,170477,flicker
44.0131,170233,flicker
44.0186,754,flicker
44.0236,170600,flicker
44.0253,170478,flicker
44.0293,170523,flicker
44.0362,0533,flicker
44.0389,70403,flicker
44.0423,170224,flicker
44.0457,170135,flicker
44.0510,1710,flicker
44.0548,170540,flicker
44.0581,170574,flicker
44.0634,170484,flicker
44.0663,170364,flicker
44.0714,169903,flicker
44.0744,170207,flicker
44.0785,170142,flicker
44.0826,170449,flicker
44.0876,170303,flicker
44.0907,170189,flicker
44.0948,170038,flicker
44.0990,169948,flicker
44.1033,170245,flicker
44.1071,170496,flicker
44.1112,170085,flicker
44.1154,170785,flicker
44.1207,170064,flicker
44.1235,170568,flicker
44.1277,170572,flicker
44.1292,17,flicker
44.1317,0650,flicker
44.1330,17051,flicker
44.1358,8,flicker
44.1374,170539,flicker
44.1399,170400,flicker
44.1440,170258,flicker
44.1483,170292,flicker
44.1526,169851,flicker
44.1563,170897,flicker
44.1604,170353,flicker
44.1646,170162,flicker
44.1699,171013,flicker
44.1727,170208,flicker
44.1767,171250,flicker
44.1809,170296,flicker
44.1858,170358,flicker
44.1891,170967,flicker
44.1931,170426,flicker
44.1972,169847,flicker
44.2021,170371,flicker
44.2065,170062,flicker
44.2096,170367,flicker
44.2139,170397,flicker
44.2191,7011,flicker
44.2222,170371,flicker
44.2264,171012,flicker
44.2300,170169,flicker
44.2342,7007,flicker
44.2385,170324,flicker
44.2442,170434,flicker
44.2464,170028,flicker
44.2505,70933,flicker
44.2551,170329,flicker
44.2573,1,flicker
44.2600,70383,flicker
44.2620,1706,flicker
44.2628,99,flicker
44.2642,170207,flicker
44.2677,170050,flicker
44.2710,169900,flicker
44.2750,170018,flicker
44.2791,170308,flicker
44.2847,7,flicker
44.2910,170725,flicker
44.2919,170243,flicker
44.2956,170185,flicker
44.2997,169990,flicker
44.3055,170671,flicker
44.3079,169848,flicker
44.3120,170329,flicker
44.3162,170376,flicker
44.3213,170535,flicker
44.3243,170446,flicker
44.3284,170102,flicker
44.3325,170360,flicker
44.3376,170234,flicker
44.3410,170624,flicker
44.3449,170429,flicker
44.3511,170070,flicker
44.3543,78,flicker
44.3574,170463,flicker
44.3625,170456,flicker
44.3667,170361,flicker
44.3700,170202,flicker
44.3734,170434,flicker
44.3782,170507,flicker
44.3816,170202,flicker
44.3820,1,flicker
44.3861,70850,flicker
44.3874,170,flicker
44.3898,697,flicker
44.3913,170868,flicker
44.3939,170596,flicker
44.3982,170769,flicker
44.4027,170566,flicker
44.4063,170057,flicker
44.4102,170379,flicker
44.4145,171343,flicker
44.4190,170682,flicker
44.4226,170668,flicker
44.4267,170387,flicker
44.4307,169978,flicker
44.4356,170915,flicker
44.4389,170317,flicker
44.4430,170429,flicker
44.4471,170693,flicker
44.4525,709,flicker
44.4569,170024,flicker
44.4605,169977,flicker
44.4640,170601,flicker
44.4677,785,flicker
44.4724,170614,flicker
44.4765,170738,flicker
44.4813,170559,flicker
44.4839,170484,flicker
44.4884,170641,flicker
44.4922,170845,flicker
44.4962,170409,flicker
44.5005,697,flicker
44.5055,169949,flicker
44.5087,169842,flicker
44.5135,171082,flicker
44.5149,170,flicker
44.5169,4,flicker
44.5188,709,flicker
44.5217,170438,flicker
44.5264,170721,flicker
44.5305,170599,flicker
44.5334,170485,flicker
44.5376,170561,flicker
44.5414,170357,flicker
44.5454,170944,flicker
44.5495,170543,flicker
44.5542,169915,flicker
44.5577,170303,flicker
44.5618,170924,flicker
44.5660,169871,flicker
44.5703,170545,flicker
44.5741,170707,flicker
44.5781,170487,flicker
44.5823,170297,flicker
44.5876,170128,flicker
44.5905,170535,flicker
44.5947,170230,flicker
44.5987,170205,flicker
44.6033,170290,flicker
44.6069,170563,flicker
44.6110,170350,flicker
44.6151,170263,flicker
44.6195,170700,flicker
44.6232,170341,flicker
44.6273,170197,flicker
44.6314,170424,flicker
44.6366,170134,flicker
44.6396,170054,flicker
44.6410,17,flicker
44.6438,0213,flicker
44.6449,17036,flicker
44.6478,0,flicker
44.6482,170787,flicker
44.6523,170151,flicker
44.6560,170051,flicker
44.6601,169895,flicker
44.6642,170640,flicker
44.6686,7030,flicker
44.6728,170086,flicker
44.6779,170216,flicker
44.6806,170297,flicker
44.6851,170567,flicker
44.6890,170492,flicker
44.6928,170221,flicker
44.6969,170703,flicker
44.7020,170197,flicker
44.7052,170629,flicker
44.7093,170409,flicker
44.7133,170331,flicker
44.7181,170141,flicker
44.7219,170852,flicker
44.7257,170534,flicker
44.7298,170257,flicker
44.7359,704,flicker
44.7394,169966,flicker
44.7425,170653,flicker
44.7461,170660,flicker
44.7518,70,flicker
44.7574,170022,flicker
44.7592,170773,flicker
44.7625,170407,flicker
44.7681,70476,flicker
44.7725,0468,flicker
44.7739,17034,flicker
44.7750,2,flicker
44.7753,170389,flicker
44.7788,170269,flicker
44.7831,57,flicker
44.7872,170498,flicker
44.7919,170350,flicker
44.7952,170587,flicker
44.8011,1701,flicker
44.8071,170404,flicker
44.8077,170097,flicker
44.8116,169979,flicker
44.8159,170749,flicker
44.8202,169932,flicker
44.8239,170328,flicker
44.8281,170448,flicker
44.8322,170631,flicker
44.8367,170285,flicker
44.8404,170471,flicker
44.8444,170194,flicker
44.8487,170408,flicker
44.8540,170338,flicker
44.8567,170699,flicker
44.8607,169932,flicker
44.8649,170006,flicker
44.8697,170847,flicker
44.8730,170185,flicker
44.8771,170431,flicker
44.8815,170028,flicker
44.8866,170398,flicker
44.8894,170084,flicker
44.8935,170210,flicker
44.8950,17,flicker
44.8978,0233,flicker
44.8990,17046,flicker
44.9019,3,flicker
44.9021,170301,flicker
44.9058,170749,flicker
44.9100,170177,flicker
44.9140,170606,flicker
44.9187,170075,flicker
44.9222,170365,flicker
44.9263,170185,flicker
44.9304,170579,flicker
44.9349,170654,flicker
44.9386,170008,flicker
44.9427,170662,flicker
44.9469,170370,flicker
44.9509,70895,flicker
44.9561,170361,flicker
44.9596,170414,flicker
44.9634,170833,flicker
44.9679,170343,flicker
44.9714,170593,flicker
44.9756,170157,flicker
44.9797,170637,flicker
44.9838,754,flicker
44.9915,170789,flicker
44.9922,170790,flicker
44.9959,169962,flicker
45.0000,71186,flicker
45.0047,170275,flicker
45.0089,170072,flicker
45.0123,170421,flicker
45.0183,70237,flicker
45.0207,170502,flicker
45.0230,17,flicker
45.0246,0400,flicker
45.0258,17013,flicker
45.0287,6,flicker
45.0288,170742,flicker
45.0352,17582,flicker
45.0388,170697,flicker
45.0414,170843,flicker
45.0451,170645,flicker
45.0494,17730,flicker
45.0537,170479,flicker
45.0591,170677,flicker
45.0615,171137,flicker
45.0658,170650,flicker
45.0709,170710,flicker
45.0738,170267,flicker
45.0779,170302,flicker
45.0819,170622,flicker
45.0868,170115,flicker
45.0901,170654,flicker
45.0942,170764,flicker
45.0983,170792,flicker
45.1031,170576,flicker
45.1065,170523,flicker
45.1106,170303,flicker
45.1148,170645,flicker
45.1192,170732,flicker
45.1229,170113,flicker
45.1270,170234,flicker
45.1311,170303,flicker
45.1357,169960,flicker
45.1393,170771,flicker
45.1433,170029,flicker
45.1475,170185,flicker
45.1489,1,flicker
45.1526,70534,flicker
45.1545,1703,flicker
45.1557,99,flicker
45.1569,170523,flicker
45.1598,170404,flicker
45.1638,170340,flicker
45.1686,170326,flicker
45.1720,170778,flicker
45.1761,170276,flicker
45.1804,171094,flicker
45.1846,170635,flicker
45.1893,170157,flicker
45.1925,170702,flicker
45.1966,170506,flicker
45.2016,170589,flicker
45.2049,170602,flicker
45.2090,170403,flicker
45.2130,170313,flicker
45.2175,170181,flicker
45.2222,170330,flicker
45.2253,170166,flicker
45.2295,170502,flicker
45.2336,703,flicker
45.2380,170622,flicker
45.2421,170158,flicker
45.2458,170138,flicker
45.2506,170215,flicker
45.2541,170345,flicker
45.2581,170329,flicker
45.2622,170223,flicker
45.2664,70398,flicker
45.2712,170297,flicker
45.2751,170809,flicker
45.2762,1,flicker
45.2786,70250,flicker
45.2799,1697,flicker
45.2828,90,flicker
45.2834,020,flicker
45.2884,170393,flicker
45.2917,170367,flicker
45.2949,170616,flicker
45.2991,170987,flicker
45.3040,170455,flicker
45.3072,170387,flicker
45.3113,170196,flicker
45.3154,170465,flicker
45.3198,170705,flicker
45.3236,170085,flicker
45.3277,170091,flicker
45.3318,169973,flicker
45.3363,170475,flicker
45.3400,170600,flicker
45.3440,170578,flicker
45.3483,170349,flicker
45.3526,170808,flicker
45.3572,170219,flicker
45.3605,170378,flicker
45.3646,170694,flicker
45.3688,170435,flicker
45.3730,170359,flicker
45.3768,170336,flicker
45.3811,170820,flicker
45.3862,169973,flicker
45.3891,170261,flicker
45.3932,170492,flicker
45.3974,170366,flicker
45.4017,170636,flicker
45.4031,1,flicker
45.4055,70346,flicker
45.4067,1706,flicker
45.4097,08,flicker
45.4109,170961,flicker
45.4139,170404,flicker
45.4196,170212,flicker
45.4219,170678,flicker
45.4260,170342,flicker
45.4302,170977,flicker
45.4346,170244,flicker
45.4383,169873,flicker
45.4424,170187,flicker
45.4465,170282,flicker
45.4514,171021,flicker
45.4553,170935,flicker
45.4588,170282,flicker
45.4631,170757,flicker
45.4685,170163,flicker
45.4710,170445,flicker
45.4751,170610,flicker
45.4793,170602,flicker
45.4835,70269,flicker
45.4876,170757,flicker
45.4927,170825,flicker
45.4956,170704,flicker
45.5016,7051,flicker
45.5051,170808,flicker
45.5084,170495,flicker
45.5121,170387,flicker
45.5177,0,flicker
45.5206,170510,flicker
45.5243,170502,flicker
45.5284,170422,flicker
45.5326,70196,flicker
45.5369,289,flicker
45.5383,170585,flicker
45.5408,170931,flicker
45.5448,170508,flicker
45.5489,170498,flicker
45.5541,170393,flicker
45.5571,170834,flicker
45.5612,170692,flicker
45.5653,170509,flicker
45.5702,169986,flicker
45.5734,170172,flicker
45.5775,170010,flicker
45.5817,170522,flicker
45.5863,170359,flicker
45.5899,170145,flicker
45.5940,170076,flicker
45.5980,170316,flicker
45.6026,170474,flicker
45.6062,170244,flicker
45.6104,170128,flicker
45.6144,170496,flicker
45.6191,170521,flicker
45.6226,170404,flicker
45.6267,170396,flicker
45.6311,170128,flicker
45.6359,170452,flicker
45.6389,170281,flicker
45.6430,170368,flicker
45.6476,170099,flicker
45.6519,170477,flicker
45.6559,170323,flicker
45.6595,170688,flicker
45.6606,170,flicker
45.6635,160,flicker
45.6640,17062,flicker
45.6677,0,flicker
45.6685,170778,flicker
45.6717,170752,flicker
45.6759,170314,flicker
45.6800,170422,flicker
45.6853,70495,flicker
45.6894,170723,flicker
45.6924,170874,flicker
45.6963,170654,flicker
45.7006,13,flicker
45.7047,170877,flicker
45.7087,170185,flicker
45.7127,170703,flicker
45.7180,706,flicker
45.7217,170534,flicker
45.7251,170682,flicker
45.7292,170244,flicker
45.7333,7053,flicker
45.7388,170839,flicker
45.7416,170820,flicker
45.7454,171081,flicker
45.7497,7094,flicker
45.7543,170522,flicker
45.7578,170725,flicker
45.7618,170431,flicker
45.7661,703,flicker
45.7703,170186,flicker
45.7756,170471,flicker
45.7782,170657,flicker
45.7836,7019,flicker
45.7868,170982,flicker
45.7881,17,flicker
45.7906,0060,flicker
45.7918,17038,flicker
45.7946,3,flicker
45.7947,170699,flicker
45.7989,03,flicker
45.8032,170491,flicker
45.8077,169863,flicker
45.8110,170493,flicker
45.8151,170670,flicker
45.8195,170751,flicker
45.8233,170989,flicker
45.8274,170137,flicker
45.8315,170066,flicker
45.8366,170269,flicker
45.8397,170172,flicker
45.8437,170495,flicker
45.8478,170715,flicker
45.8525,170772,flicker
45.8561,170377,flicker
45.8602,170251,flicker
45.8644,170423,flicker
45.8688,169965,flicker
45.8725,170688,flicker
45.8766,170437,flicker
45.8808,170417,flicker
45.8857,171029,flicker
45.8888,170626,flicker
45.8929,170414,flicker
45.8971,170376,flicker
45.9017,170628,flicker
45.9056,170213,flicker
45.9094,170535,flicker
45.9134,170083,flicker
45.9137,17,flicker
45.9177,0273,flicker
45.9192,1706,flicker
45.9216,37,flicker
45.9231,170258,flicker
45.9257,170697,flicker
45.9299,170620,flicker
45.9343,171006,flicker
45.9380,170859,flicker
45.9420,170640,flicker
45.9462,170884,flicker
45.9507,170320,flicker
45.9544,170444,flicker
45.9585,170694,flicker
45.9625,170100,flicker
45.9674,170318,flicker
45.9707,170365,flicker
45.9749,170497,flicker
45.9790,170045,flicker
45.9835,170460,flicker
45.9871,170160,flicker
45.9913,170701,flicker
45.9954,170792,flicker
45.9996,70198,flicker
46.0045,170452,flicker
46.0080,169667,flicker
46.0117,170322,flicker
46.0159,6,flicker
46.0210,170524,flicker
46.0247,170317,flicker
46.0281,170295,flicker
46.0324,079,flicker
46.0378,170168,flicker
46.0411,170306,flicker
46.0426,1,flicker
46.0445,70716,flicker
46.0456,1708,flicker
46.0503,26,flicker
46.0531,170028,flicker
46.0579,170502,flicker
46.0609,170232,flicker
46.0650,170798,flicker
46.0700,170362,flicker
46.0732,170926,flicker
46.0773,170664,flicker
46.0813,170446,flicker
46.0863,170533,flicker
46.0895,170631,flicker
46.0936,170463,flicker
46.0977,171137,flicker
46.1025,170848,flicker
46.1059,170649,flicker
46.1100,170265,flicker
46.1143,170897,flicker
46.1190,169931,flicker
46.1223,170670,flicker
46.1264,170425,flicker
46.1307,170339,flicker
46.1352,170863,flicker
46.1387,169948,flicker
46.1427,170214,flicker
46.1471,170672,flicker
46.1521,170505,flicker
46.1551,170671,flicker
46.1591,170378,flicker
46.1634,170478,flicker
46.1678,170225,flicker
46.1697,1,flicker
46.1715,70283,flicker
46.1729,1705,flicker
46.1756,17,flicker
46.1767,170623,flicker
46.1796,170685,flicker
46.1843,170420,flicker
46.1878,170066,flicker
46.1919,170119,flicker
46.1960,170235,flicker
46.2002,7023,flicker
46.2075,170438,flicker
46.2083,170360,flicker
46.2124,170107,flicker
46.2172,170524,flicker
46.2206,170223,flicker
46.2247,170024,flicker
46.2289,170259,flicker
46.2349,70,flicker
46.2373,170552,flicker
46.2416,170291,flicker
46.2452,170432,flicker
46.2505,797,flicker
46.2563,170996,flicker
46.2579,170379,flicker
46.2615,170435,flicker
46.2671,72,flicker
46.2700,170599,flicker
46.2742,170561,flicker
46.2781,170209,flicker
46.2835,79,flicker
46.2874,170637,flicker
46.2909,170724,flicker
46.2950,170204,flicker
46.2994,170389,flicker
46.3006,170,flicker
46.3025,14,flicker
46.3037,1019,flicker
46.3075,170154,flicker
46.3114,170351,flicker
46.3165,170593,flicker
46.3194,7034,flicker
46.3265,170572,flicker
46.3286,170049,flicker
46.3312,170252,flicker
46.3363,170200,flicker
46.3394,170512,flicker
46.3434,170008,flicker
46.3477,170483,flicker
46.3526,170196,flicker
46.3557,170788,flicker
46.3598,170404,flicker
46.3641,170306,flicker
46.3683,170520,flicker
46.3721,170408,flicker
46.3763,170678,flicker
46.3803,170684,flicker
46.3849,170678,flicker
46.3894,170315,flicker
46.3926,170613,flicker
46.3968,170352,flicker
46.4013,170922,flicker
46.4049,170917,flicker
46.4090,170181,flicker
46.4131,170186,flicker
46.4177,170794,flicker
46.4216,170395,flicker
46.4254,170577,flicker
46.4264,170,flicker
46.4295,636,flicker
46.4309,170693,flicker
46.4340,170315,flicker
46.4387,170404,flicker
46.4420,170528,flicker
46.4458,170388,flicker
46.4505,170767,flicker
46.4541,171229,flicker
46.4581,170483,flicker
46.4624,170400,flicker
46.4676,0,flicker
46.4719,170426,flicker
46.4764,170774,flicker
46.4787,170698,flicker
46.4840,70202,flicker
46.4882,170724,flicker
46.4923,170159,flicker
46.4950,170846,flicker
46.4993,70519,flicker
46.5054,170741,flicker
46.5082,170576,flicker
46.5116,170353,flicker
46.5164,7461,flicker
46.5202,170781,flicker
46.5241,170490,flicker
46.5278,171063,flicker
46.5320,7071,flicker
46.5375,170523,flicker
46.5425,170692,flicker
46.5442,170630,flicker
46.5485,08,flicker
46.5549,170112,flicker
46.5564,17,flicker
46.5577,0610,flicker
46.5602,17066,flicker
46.5605,9,flicker
46.5606,170277,flicker
46.5665,170826,flicker
46.5687,170524,flicker
46.5729,170677,flicker
46.5770,170601,flicker
46.5810,170425,flicker
46.5861,170789,flicker
46.5893,170065,flicker
46.5934,169997,flicker
46.5974,171028,flicker
46.6020,170873,flicker
46.6057,170813,flicker
46.6097,170603,flicker
46.6139,170203,flicker
46.6182,170083,flicker
46.6220,170292,flicker
46.6261,170711,flicker
46.6305,170486,flicker
46.6354,170705,flicker
46.6384,170414,flicker
46.6425,170557,flicker
46.6465,170409,flicker
46.6511,170373,flicker
46.6547,170586,flicker
46.6588,170776,flicker
46.6629,171275,flicker
46.6673,171014,flicker
46.6711,170517,flicker
46.6752,170737,flicker
46.6794,170238,flicker
46.6809,1,flicker
46.6836,0,flicker
46.6853,70,flicker
46.6879,64,flicker
46.6899,170286,flicker
46.6917,170127,flicker
46.6957,170516,flicker
46.6998,1,flicker
46.7002,0441,flicker
46.7039,170549,flicker
46.7081,170962,flicker
46.7120,170347,flicker
46.7167,170814,flicker
46.7203,170368,flicker
46.7244,170100,flicker
46.7286,170295,flicker
46.7332,170675,flicker
46.7367,170739,flicker
46.7407,170550,flicker
46.7449,170247,flicker
46.7503,70981,flicker
46.7546,170572,flicker
46.7586,170683,flicker
46.7612,170330,flicker
46.7667,704,flicker
46.7706,170303,flicker
46.7744,170720,flicker
46.7776,170739,flicker
46.7818,170829,flicker
46.7860,170432,flicker
46.7899,170091,flicker
46.7940,170573,flicker
46.7997,7786,flicker
46.8025,170647,flicker
46.8065,170621,flicker
46.8085,1,flicker
46.8114,70332,flicker
46.8140,17023,flicker
46.8145,8,flicker
46.8156,170282,flicker
46.8192,170481,flicker
46.8231,170340,flicker
46.8268,170447,flicker
46.8309,170482,flicker
46.8359,170675,flicker
46.8390,170317,flicker
46.8431,170445,flicker
46.8473,170831,flicker
46.8520,170610,flicker
46.8554,170339,flicker
46.8595,170289,flicker
46.8637,170368,flicker
46.8679,170618,flicker
46.8720,170716,flicker
46.8761,170302,flicker
46.8801,170579,flicker
46.8849,170342,flicker
46.8889,170824,flicker
46.8925,170845,flicker
46.8965,170598,flicker
46.9010,170926,flicker
46.9047,170039,flicker
46.9087,170486,flicker
46.9128,170568,flicker
46.9185,170672,flicker
46.9210,170509,flicker
46.9250,170203,flicker
46.9292,170310,flicker
46.9338,170676,flicker
46.9350,1,flicker
46.9374,70264,flicker
46.9387,1707,flicker
46.9415,59,flicker
46.9425,170343,flicker
46.9455,170365,flicker
46.9504,170487,flicker
46.9538,170496,flicker
46.9578,170729,flicker
46.9619,170541,flicker
46.9664,170223,flicker
46.9704,170396,flicker
46.9743,170082,flicker
46.9785,170063,flicker
46.9842,0,flicker
46.9870,170452,flicker
46.9908,170478,flicker
46.9947,170207,flicker
47.0003,7087,flicker
47.0033,170691,flicker
47.0084,170399,flicker
47.0119,170817,flicker
47.0154,70,flicker
47.0196,170253,flicker
47.0244,170689,flicker
47.0301,170438,flicker
47.0316,170191,flicker
47.0361,170697,flicker
47.0397,170346,flicker
47.0438,170617,flicker
47.0482,170252,flicker
47.0524,170757,flicker
47.0567,171088,flicker
47.0603,170399,flicker
47.0644,170795,flicker
47.0658,170,flicker
47.0687,392,flicker
47.0710,170740,flicker
47.0726,170303,flicker
47.0767,170736,flicker
47.0807,170767,flicker
47.0867,169816,flicker
47.0889,170999,flicker
47.0930,170351,flicker
47.0980,170458,flicker
47.1022,170241,flicker
47.1053,170875,flicker
47.1094,170454,flicker
47.1136,170391,flicker
47.1179,170804,flicker
47.1219,170281,flicker
47.1258,170513,flicker
47.1300,170505,flicker
47.1342,170484,flicker
47.1389,171106,flicker
47.1423,170577,flicker
47.1464,170309,flicker
47.1505,170650,flicker
47.1549,170657,flicker
47.1589,169959,flicker
47.1627,170229,flicker
47.1681,170238,flicker
47.1708,170517,flicker
47.1749,170757,flicker
47.1791,170358,flicker
47.1838,170562,flicker
47.1872,170396,flicker
47.1913,170406,flicker
47.1924,170,flicker
47.1960,652,flicker
47.1977,170209,flicker
47.1999,170226,flicker
47.2036,170704,flicker
47.2077,170609,flicker
47.2118,170333,flicker
47.2165,70435,flicker
47.2202,170555,flicker
47.2247,170145,flicker
47.2282,170096,flicker
47.2340,712,flicker
47.2370,170382,flicker
47.2412,170209,flicker
47.2448,170459,flicker
47.2487,170526,flicker
47.2534,171068,flicker
47.2574,170855,flicker
47.2610,170709,flicker
47.2666,705,flicker
47.2696,170506,flicker
47.2747,170500,flicker
47.2780,170855,flicker
47.2816,172,flicker
47.2860,170499,flicker
47.2906,170352,flicker
47.2946,170594,flicker
47.2981,170585,flicker
47.3030,170456,flicker
47.3060,170203,flicker
47.3101,170250,flicker
47.3164,170198,flicker
47.3183,170415,flicker
47.3196,17,flicker
47.3225,0294,flicker
47.3236,17088,flicker
47.3265,8,flicker
47.3266,170613,flicker
47.3308,169806,flicker
47.3359,170379,flicker
47.3387,170346,flicker
47.3428,170526,flicker
47.3471,170505,flicker
47.3514,170370,flicker
47.3552,170583,flicker
47.3593,170437,flicker
47.3634,170068,flicker
47.3687,170533,flicker
47.3715,170496,flicker
47.3756,170729,flicker
47.3797,170914,flicker
47.3847,170359,flicker
47.3879,170720,flicker
47.3920,170231,flicker
47.3962,171036,flicker
47.4006,170936,flicker
47.4048,170250,flicker
47.4084,170667,flicker
47.4124,170249,flicker
47.4181,170570,flicker
47.4207,170027,flicker
47.4248,170776,flicker
47.4289,170098,flicker
47.4340,170340,flicker
47.4371,170878,flicker
47.4411,170227,flicker
47.4453,170454,flicker
47.4468,17,flicker
47.4499,0870,flicker
47.4513,17033,flicker
47.4534,9,flicker
47.4535,170425,flicker
47.4575,170033,flicker
47.4618,170454,flicker
47.4672,170461,flicker
47.4698,170622,flicker
47.4739,170411,flicker
47.4780,170737,flicker
47.4823,7061,flicker
47.4869,170586,flicker
47.4904,170786,flicker
47.4946,170370,flicker
47.4987,70,flicker
47.5030,170307,flicker
47.5080,170925,flicker
47.5108,170605,flicker
47.5150,722,flicker
47.5230,170587,flicker
47.5234,170137,flicker
47.5272,170273,flicker
47.5317,79,flicker
47.5361,170755,flicker
47.5408,170772,flicker
47.5442,170329,flicker
47.5478,170707,flicker
47.5523,170471,flicker
47.5565,170442,flicker
47.5599,170487,flicker
47.5641,170779,flicker
47.5685,170868,flicker
47.5725,171285,flicker
47.5740,17,flicker
47.5763,0737,flicker
47.5785,1702,flicker
47.5805,84,flicker
47.5813,170500,flicker
47.5849,169627,flicker
47.5886,170209,flicker
47.5928,170196,flicker
47.5970,170936,flicker
47.6012,170375,flicker
47.6052,170384,flicker
47.6092,170549,flicker
47.6132,170434,flicker
47.6182,170581,flicker
47.6214,170664,flicker
47.6255,170543,flicker
47.6296,170341,flicker
47.6349,170451,flicker
47.6378,170146,flicker
47.6418,170886,flicker
47.6461,170285,flicker
47.6504,170510,flicker
47.6548,170588,flicker
47.6583,170447,flicker
47.6623,171282,flicker
47.6680,170902,flicker
47.6705,170807,flicker
47.6746,170375,flicker
47.6788,170659,flicker
47.6843,170857,flicker
47.6869,170176,flicker
47.6910,170661,flicker
47.6951,170814,flicker
47.7011,170750,flicker
47.7028,1,flicker
47.7033,70820,flicker
47.7043,1698,flicker
47.7075,64,flicker
47.7088,170302,flicker
47.7115,170553,flicker
47.7158,751,flicker
47.7202,170440,flicker
47.7245,170683,flicker
47.7279,170497,flicker
47.7321,7037,flicker
47.7363,170794,flicker
47.7405,170203,flicker
47.7463,170758,flicker
47.7485,170968,flicker
47.7528,170527,flicker
47.7569,170897,flicker
47.7606,171041,flicker
47.7648,7056,flicker
47.7695,170616,flicker
47.7735,169952,flicker
47.7770,170259,flicker
47.7824,70841,flicker
47.7857,170769,flicker
47.7898,170558,flicker
47.7935,170632,flicker
47.7977,749,flicker
47.8019,170887,flicker
47.8066,171016,flicker
47.8102,170494,flicker
47.8139,170604,flicker
47.8187,170489,flicker
47.8231,170450,flicker
47.8262,169871,flicker
47.8274,1,flicker
47.8303,70183,flicker
47.8318,170,flicker
47.8347,240,flicker
47.8362,170692,flicker
47.8385,170264,flicker
47.8426,170852,flicker
47.8466,171163,flicker
47.8520,170572,flicker
47.8548,170674,flicker
47.8590,170593,flicker
47.8630,170577,flicker
47.8674,171037,flicker
47.8712,170715,flicker
47.8753,170299,flicker
47.8795,169961,flicker
47.8838,170915,flicker
47.8876,170497,flicker
47.8917,170608,flicker
47.8960,170544,flicker
47.9003,170291,flicker
47.9043,170494,flicker
47.9081,170658,flicker
47.9122,170668,flicker
47.9166,171002,flicker
47.9212,170548,flicker
47.9247,170310,flicker
47.9286,170215,flicker
47.9329,170456,flicker
47.9378,170195,flicker
47.9409,170762,flicker
47.9449,170924,flicker
47.9511,170436,flicker
47.9532,170562,flicker
47.9573,170716,flicker
47.9586,170,flicker
47.9614,962,flicker
47.9619,170372,flicker
47.9671,17016,flicker
47.9697,170253,flicker
47.9744,169852,flicker
47.9777,170570,flicker
47.9830,76,flicker
47.9874,170118,flicker
47.9901,170703,flicker
47.9941,170495,flicker
47.9983,758,flicker
48.0040,170572,flicker
48.0070,170700,flicker
48.0105,170798,flicker
48.0148,4,flicker
48.0192,170233,flicker
48.0237,170403,flicker
48.0271,170523,flicker
48.0314,172,flicker
48.0356,170795,flicker
48.0403,170935,flicker
48.0436,170341,flicker
48.0477,4,flicker
48.0521,170221,flicker
48.0556,170604,flicker
48.0599,170721,flicker
48.0638,170169,flicker
48.0691,170005,flicker
48.0719,170773,flicker
48.0760,170647,flicker
48.0802,170626,flicker
48.0853,170275,flicker
48.0863,170,flicker
48.0884,014,flicker
48.0894,170545,flicker
48.0925,170677,flicker
48.0965,170353,flicker
48.1009,170151,flicker
48.1048,170455,flicker
48.1089,170418,flicker
48.1129,170414,flicker
48.1173,170713,flicker
48.1211,170689,flicker
48.1251,170218,flicker
48.1294,170896,flicker
48.1345,169946,flicker
48.1374,170728,flicker
48.1415,170901,flicker
48.1459,170417,flicker
48.1514,170073,flicker
48.1538,170591,flicker
48.1580,170198,flicker
48.1621,170102,flicker
48.1664,170494,flicker
48.1703,170733,flicker
48.1744,170217,flicker
48.1784,170003,flicker
48.1830,170618,flicker
48.1866,170326,flicker
48.1907,170526,flicker
48.1948,170420,flicker
48.1994,170062,flicker
48.2030,170745,flicker
48.2071,171263,flicker
48.2112,170998,flicker
48.2122,170,flicker
48.2158,339,flicker
48.2171,170188,flicker
48.2194,170719,flicker
48.2235,170303,flicker
48.2276,170489,flicker
48.2327,76,flicker
48.2364,170562,flicker
48.2399,170821,flicker
48.2439,170017,flicker
48.2496,75,flicker
48.2524,170482,flicker
48.2566,170570,flicker
48.2603,170790,flicker
48.2656,7835,flicker
48.2699,170858,flicker
48.2730,170473,flicker
48.2767,171022,flicker
48.2821,07,flicker
48.2861,170991,flicker
48.2904,170249,flicker
48.2931,170372,flicker
48.2975,059,flicker
48.3023,170851,flicker
48.3054,170075,flicker
48.3102,170685,flicker
48.3138,170390,flicker
48.3183,170515,flicker
48.3218,171084,flicker
48.3259,170673,flicker
48.3300,170785,flicker
48.3349,170468,flicker
48.3382,170738,flicker
48.3391,170,flicker
48.3423,708,flicker
48.3436,17060,flicker
48.3464,8,flicker
48.3465,170252,flicker
48.3506,170742,flicker
48.3545,170194,flicker
48.3596,170745,flicker
48.3631,170683,flicker
48.3675,170461,flicker
48.3711,170666,flicker
48.3757,170421,flicker
48.3794,170511,flicker
48.3837,170367,flicker
48.3877,170667,flicker
48.3914,170420,flicker
48.3956,170638,flicker
48.3998,170481,flicker
48.4037,170610,flicker
48.4078,170580,flicker
48.4119,170320,flicker
48.4164,170727,flicker
48.4210,170397,flicker
48.4242,170390,flicker
48.4283,170664,flicker
48.4330,170519,flicker
48.4367,170900,flicker
48.4405,170429,flicker
48.4447,170929,flicker
48.4503,170390,flicker
48.4528,170753,flicker
48.4569,170348,flicker
48.4612,170303,flicker
48.4668,7397,flicker
48.4694,827,flicker
48.4711,17001,flicker
48.4733,6,flicker
48.4742,170967,flicker
48.4774,170699,flicker
48.4817,707,flicker
48.4859,170020,flicker
48.4909,170226,flicker
48.4939,170431,flicker
48.4981,170589,flicker
48.5022,7056,flicker
48.5064,170347,flicker
48.5104,170732,flicker
48.5147,170709,flicker
48.5184,170355,flicker
48.5230,170357,flicker
48.5270,170260,flicker
48.5308,170489,flicker
48.5355,170240,flicker
48.5389,170650,flicker
48.5430,170376,flicker
48.5472,170088,flicker
48.5515,170407,flicker
48.5556,170207,flicker
48.5594,170989,flicker
48.5638,17106,flicker
48.5696,170857,flicker
48.5736,170491,flicker
48.5758,170375,flicker
48.5799,170549,flicker
48.5845,170660,flicker
48.5882,170713,flicker
48.5921,170643,flicker
48.5930,17,flicker
48.5962,0895,flicker
48.5976,17066,flicker
48.6004,6,flicker
48.6016,170693,flicker
48.6044,170539,flicker
48.6085,170604,flicker
48.6128,170547,flicker
48.6169,170611,flicker
48.6208,170573,flicker
48.6249,170905,flicker
48.6290,170932,flicker
48.6340,170706,flicker
48.6372,171031,flicker
48.6413,170451,flicker
48.6455,170312,flicker
48.6499,170664,flicker
48.6543,170675,flicker
48.6576,170677,flicker
48.6617,170493,flicker
48.6666,170935,flicker
48.6704,170195,flicker
48.6740,170668,flicker
48.6781,171001,flicker
48.6836,170167,flicker
48.6863,170255,flicker
48.6904,170646,flicker
48.6946,170856,flicker
48.6989,170329,flicker
48.7036,170932,flicker
48.7068,170392,flicker
48.7109,170492,flicker
48.7158,7036,flicker
48.7230,170942,flicker
48.7234,170856,flicker
48.7245,17017,flicker
48.7273,0,flicker
48.7274,170648,flicker
48.7319,170329,flicker
48.7365,170452,flicker
48.7398,170483,flicker
48.7437,170533,flicker
48.7494,700,flicker
48.7524,170220,flicker
48.7565,170747,flicker
48.7619,170342,flicker
48.7652,170075,flicker
48.7702,7,flicker
48.7745,171060,flicker
48.7766,170415,flicker
48.7821,7090,flicker
48.7852,170994,flicker
48.7889,171122,flicker
48.7929,170655,flicker
48.7979,78,flicker
48.8027,170555,flicker
48.8068,170530,flicker
48.8098,170539,flicker
48.8140,1721,flicker
48.8186,170443,flicker
48.8218,170616,flicker
48.8256,170938,flicker
48.8297,170230,flicker
48.8345,170583,flicker
48.8378,170535,flicker
48.8419,170575,flicker
48.8461,170470,flicker
48.8477,1,flicker
48.8502,70745,flicker
48.8513,1703,flicker
48.8543,99,flicker
48.8558,170633,flicker
48.8585,170529,flicker
48.8625,170781,flicker
48.8677,170451,flicker
48.8708,170309,flicker
48.8748,170823,flicker
48.8788,170797,flicker
48.8843,170607,flicker
48.8872,170660,flicker
48.8912,170651,flicker
48.8952,170729,flicker
48.8996,170187,flicker
48.9039,170683,flicker
48.9075,170614,flicker
48.9118,170065,flicker
48.9160,170677,flicker
48.9209,171113,flicker
48.9238,170615,flicker
48.9279,170475,flicker
48.9327,170348,flicker
48.9374,170423,flicker
48.9403,170585,flicker
48.9443,170750,flicker
48.9503,7041,flicker
48.9541,170986,flicker
48.9581,170412,flicker
48.9610,171367,flicker
48.9653,170993,flicker
48.9697,170714,flicker
48.9732,170532,flicker
48.9743,1,flicker
48.9771,70402,flicker
48.9781,1709,flicker
48.9825,69,flicker
48.9853,170347,flicker
48.9854,170020,flicker
48.9895,170379,flicker
48.9937,170333,flicker
48.9995,09,flicker
49.0047,170682,flicker
49.0058,170350,flicker
49.0098,170595,flicker
49.0141,70,flicker
49.0185,170527,flicker
49.0225,170518,flicker
49.0267,170765,flicker
49.0309,78,flicker
49.0351,170794,flicker
49.0390,170674,flicker
49.0428,170499,flicker
49.0468,171150,flicker
49.0509,170602,flicker
49.0549,170666,flicker
49.0590,170580,flicker
49.0642,170402,flicker
49.0675,170388,flicker
49.0713,170444,flicker
49.0754,170520,flicker
49.0796,170675,flicker
49.0841,171115,flicker
49.0877,170599,flicker
49.0919,170634,flicker
49.0962,170689,flicker
49.1004,170369,flicker
49.1021,1,flicker
49.1042,70670,flicker
49.1059,1705,flicker
49.1083,96,flicker
49.1097,170830,flicker
49.1126,170447,flicker
49.1167,170562,flicker
49.1206,170868,flicker
49.1247,170550,flicker
49.1290,170880,flicker
49.1340,170250,flicker
49.1368,170313,flicker
49.1409,170326,flicker
49.1451,170272,flicker
49.1501,170827,flicker
49.1533,170497,flicker
49.1574,170400,flicker
49.1614,171233,flicker
49.1663,170402,flicker
49.1696,170487,flicker
49.1738,170710,flicker
49.1778,171006,flicker
49.1828,170970,flicker
49.1862,170591,flicker
49.1902,170989,flicker
49.1942,170943,flicker
49.1989,171392,flicker
49.2026,170594,flicker
49.2065,170272,flicker
49.2106,170931,flicker
49.2148,7089,flicker
49.2197,170980,flicker
49.2230,170346,flicker
49.2274,170435,flicker
49.2290,1,flicker
49.2332,0,flicker
49.2352,54,flicker
49.2370,170709,flicker
49.2401,170498,flicker
49.2434,170637,flicker
49.2488,700,flicker
49.2519,170589,flicker
49.2569,170261,flicker
49.2598,171047,flicker
49.2648,706,flicker
49.2683,170576,flicker
49.2720,170488,flicker
49.2761,170663,flicker
49.2814,70412,flicker
49.2846,170568,flicker
49.2888,169914,flicker
49.2941,170222,flicker
49.2980,170426,flicker
49.3009,170450,flicker
49.3051,170352,flicker
49.3091,170298,flicker
49.3148,171298,flicker
49.3171,170550,flicker
49.3213,170387,flicker
49.3254,170598,flicker
49.3294,170707,flicker
49.3343,170530,flicker
49.3376,170254,flicker
49.3416,170543,flicker
49.3458,170814,flicker
49.3508,170276,flicker
49.3540,170998,flicker
49.3581,170633,flicker
49.3594,170,flicker
49.3622,891,flicker
49.3632,170366,flicker
49.3663,170572,flicker
49.3703,170443,flicker
49.3744,170691,flicker
49.3785,170685,flicker
49.3833,170351,flicker
49.3868,170856,flicker
49.3909,170171,flicker
49.3950,170587,flicker
49.3995,170835,flicker
49.4040,170455,flicker
49.4072,170317,flicker
49.4114,170477,flicker
49.4155,170571,flicker
49.4199,170596,flicker
49.4236,170464,flicker
49.4276,170283,flicker
49.4336,170483,flicker
49.4359,170404,flicker
49.4399,170817,flicker
49.4441,170805,flicker
49.4497,7,flicker
49.4528,171206,flicker
49.4568,170717,flicker
49.4605,170841,flicker
49.4655,7029,flicker
49.4700,170496,flicker
49.4729,170902,flicker
49.4770,171061,flicker
49.4828,70726,flicker
49.4858,170728,flicker
49.4871,17,flicker
49.4891,0539,flicker
49.4902,17078,flicker
49.4932,0,flicker
49.4933,170833,flicker
49.4981,170431,flicker
49.5014,170256,flicker
49.5055,170684,flicker
49.5098,170393,flicker
49.5151,1,flicker
49.5182,170554,flicker
49.5219,170407,flicker
49.5260,170892,flicker
49.5345,170506,flicker
49.5382,170378,flicker
49.5424,171054,flicker
49.5466,70446,flicker
49.5509,170142,flicker
49.5549,169944,flicker
49.5588,170727,flicker
49.5630,170690,flicker
49.5673,170080,flicker
49.5710,170363,flicker
49.5751,170483,flicker
49.5793,170483,flicker
49.5837,170860,flicker
49.5874,170314,flicker
49.5916,170575,flicker
49.5958,170513,flicker
49.6008,170641,flicker
49.6039,170159,flicker
49.6079,170691,flicker
49.6120,170880,flicker
49.6125,17,flicker
49.6164,0050,flicker
49.6185,17044,flicker
49.6201,6,flicker
49.6202,170362,flicker
49.6243,170254,flicker
49.6285,170105,flicker
49.6329,170197,flicker
49.6369,170582,flicker
49.6409,170167,flicker
49.6451,170655,flicker
49.6497,170364,flicker
49.6529,170824,flicker
49.6570,170696,flicker
49.6611,170393,flicker
49.6664,169976,flicker
49.6693,170361,flicker
49.6734,170550,flicker
49.6777,170044,flicker
49.6820,170771,flicker
49.6864,170272,flicker
49.6898,170778,flicker
49.6939,171123,flicker
49.6981,169890,flicker
49.7021,170205,flicker
49.7061,170852,flicker
49.7104,171041,flicker
49.7151,170384,flicker
49.7189,170579,flicker
49.7227,170420,flicker
49.7269,170482,flicker
49.7324,17059,flicker
49.7367,170639,flicker
49.7391,170914,flicker
49.7405,1,flicker
49.7431,70379,flicker
49.7442,1710,flicker
49.7473,38,flicker
49.7494,170393,flicker
49.7513,170703,flicker
49.7554,170492,flicker
49.7595,170444,flicker
49.7637,5,flicker
49.7706,170403,flicker
49.7732,170129,flicker
49.7758,170363,flicker
49.7800,170437,flicker
49.7849,170389,flicker
49.7881,170377,flicker
49.7922,170263,flicker
49.7975,40,flicker
49.8008,170326,flicker
49.8045,170144,flicker
49.8086,170439,flicker
49.8130,170507,flicker
49.8170,170282,flicker
49.8210,170232,flicker
49.8250,170499,flicker
49.8292,170021,flicker
49.8336,170456,flicker
49.8372,170394,flicker
49.8413,170203,flicker
49.8455,170514,flicker
49.8500,170065,flicker
49.8540,170755,flicker
49.8577,170454,flicker
49.8618,170650,flicker
49.8667,170747,flicker
49.8676,1,flicker
49.8701,70277,flicker
49.8714,1706,flicker
49.8742,46,flicker
49.8751,170231,flicker
49.8783,169961,flicker
49.8828,170678,flicker
49.8864,170272,flicker
49.8905,170161,flicker
49.8948,170223,flicker
49.9002,170482,flicker
49.9028,170434,flicker
49.9069,170214,flicker
49.9113,170543,flicker
49.9157,170178,flicker
49.9196,170236,flicker
49.9233,170114,flicker
49.9273,170468,flicker
49.9325,170380,flicker
49.9355,170734,flicker
49.9396,170583,flicker
49.9438,170016,flicker
49.9486,170270,flicker
49.9525,169903,flicker
49.9561,170591,flicker
49.9601,170446,flicker
49.9643,7021,flicker
49.9684,169884,flicker
49.9730,170563,flicker
49.9765,170720,flicker
49.9807,170515,flicker
49.9853,170365,flicker
49.9888,170215,flicker
49.9929,170615,flicker
49.9938,1,flicker
49.9983,0610,flicker
50.0013,4,flicker
50.0031,170468,flicker
50.0061,170428,flicker
50.0093,170635,flicker
50.0136,044,flicker
50.0178,170825,flicker
50.0229,170300,flicker
50.0257,170110,flicker
50.0300,98,flicker
50.0347,170287,flicker
50.0380,170625,flicker
50.0420,170323,flicker
50.0467,17066,flicker
50.0507,170703,flicker
50.0554,170683,flicker
50.0585,170219,flicker
50.0626,7,flicker
50.0670,170500,flicker
50.0721,170390,flicker
50.0750,170398,flicker
50.0789,170507,flicker
50.0840,170691,flicker
50.0875,170090,flicker
50.0912,170181,flicker
50.0953,170844,flicker
50.0998,170170,flicker
50.1038,170413,flicker
50.1076,170260,flicker
50.1119,170365,flicker
50.1161,170487,flicker
50.1204,170376,flicker
50.1215,1,flicker
50.1241,70843,flicker
50.1253,1703,flicker
50.1280,26,flicker
50.1290,170546,flicker
50.1333,170873,flicker
50.1362,170013,flicker
50.1403,170244,flicker
50.1445,170465,flicker
50.1495,170203,flicker
50.1526,170023,flicker
50.1567,170868,flicker
50.1608,170445,flicker
50.1654,169777,flicker
50.1695,170185,flicker
50.1733,170841,flicker
50.1772,170655,flicker
50.1818,170295,flicker
50.1862,170203,flicker
50.1895,170438,flicker
50.1936,170651,flicker
50.1989,73,flicker
50.2022,170223,flicker
50.2072,170646,flicker
50.2100,170960,flicker
50.2146,170550,flicker
50.2192,170510,flicker
50.2222,170420,flicker
50.2263,170357,flicker
50.2322,7,flicker
50.2350,169787,flicker
50.2396,170462,flicker
50.2432,170435,flicker
50.2470,69757,flicker
50.2519,169843,flicker
50.2546,170,flicker
50.2559,442,flicker
50.2576,170606,flicker
50.2592,170333,flicker
50.2644,70741,flicker
50.2676,170770,flicker
50.2730,170278,flicker
50.2756,170614,flicker
50.2797,70822,flicker
50.2841,170676,flicker
50.2882,170549,flicker
50.2928,170732,flicker
50.2960,169936,flicker
50.3006,170648,flicker
50.3042,170232,flicker
50.3082,170273,flicker
50.3126,170464,flicker
50.3171,170029,flicker
50.3206,170519,flicker
50.3247,169916,flicker
50.3288,170202,flicker
50.3334,170439,flicker
50.3369,170265,flicker
50.3410,170093,flicker
50.3452,170581,flicker
50.3497,170529,flicker
50.3533,170620,flicker
50.3574,170665,flicker
50.3615,170439,flicker
50.3667,170844,flicker
50.3697,170447,flicker
50.3738,170413,flicker
50.3782,170456,flicker
50.3793,170,flicker
50.3822,111,flicker
50.3839,17044,flicker
50.3861,0,flicker
50.3862,170439,flicker
50.3902,170202,flicker
50.3950,170059,flicker
50.3994,170577,flicker
50.4026,170517,flicker
50.4066,170462,flicker
50.4107,170385,flicker
50.4152,170322,flicker
50.4189,170337,flicker
50.4230,170087,flicker
50.4271,170224,flicker
50.4315,170216,flicker
50.4353,170358,flicker
50.4393,170459,flicker
50.4435,170499,flicker
50.4480,169994,flicker
50.4516,170270,flicker
50.4557,170494,flicker
50.4599,170888,flicker
50.4640,70730,flicker
50.4683,170083,flicker
50.4727,169897,flicker
50.4763,170326,flicker
50.4810,170133,flicker
50.4844,170247,flicker
50.4885,170232,flicker
50.4926,170386,flicker
50.4978,170003,flicker
50.5008,170541,flicker
50.5050,170391,flicker
50.5069,17,flicker
50.5091,0341,flicker
50.5102,17068,flicker
50.5131,9,flicker
50.5132,170300,flicker
50.5172,170115,flicker
50.5212,170472,flicker
50.5253,170270,flicker
50.5315,70,flicker
50.5343,170301,flicker
50.5377,170154,flicker
50.5417,170104,flicker
50.5478,206,flicker
50.5506,170780,flicker
50.5540,170381,flicker
50.5582,170572,flicker
50.5623,170144,flicker
50.5672,170509,flicker
50.5705,170290,flicker
50.5746,170185,flicker
50.5787,170476,flicker
50.5835,169495,flicker
50.5868,170019,flicker
50.5909,170648,flicker
50.5950,169802,flicker
50.6005,170572,flicker
50.6032,169786,flicker
50.6072,170444,flicker
50.6116,170428,flicker
50.6158,170201,flicker
50.6196,170477,flicker
50.6236,170502,flicker
50.6280,170592,flicker
50.6322,170561,flicker
50.6336,17,flicker
50.6361,0224,flicker
50.6376,17014,flicker
50.6402,5,flicker
50.6414,170411,flicker
50.6443,170279,flicker
50.6493,170456,flicker
50.6524,169998,flicker
50.6565,170474,flicker
50.6606,169938,flicker
50.6649,170157,flicker
50.6689,170172,flicker
50.6729,170700,flicker
50.6769,169854,flicker
50.6815,170471,flicker
50.6851,170604,flicker
50.6892,170484,flicker
50.6934,170213,flicker
50.6980,170762,flicker
50.7015,170500,flicker
50.7056,170230,flicker
50.7097,170221,flicker
50.7157,1,flicker
50.7179,170675,flicker
50.7219,170133,flicker
50.7271,170775,flicker
50.7313,170195,flicker
50.7343,170924,flicker
50.7383,169942,flicker
50.7424,170185,flicker
50.7467,701,flicker
50.7509,170440,flicker
50.7557,170353,flicker
50.7589,170570,flicker
50.7600,1,flicker
50.7644,03723,flicker
50.7672,44,flicker
50.7702,170057,flicker
50.7715,170343,flicker
50.7753,170529,flicker
50.7797,1750,flicker
50.7838,170199,flicker
50.7877,170592,flicker
50.7917,169996,flicker
50.7979,1785,flicker
50.8018,170259,flicker
50.8039,170432,flicker
50.8079,170566,flicker
50.8121,170037,flicker
50.8171,170763,flicker
50.8202,170099,flicker
50.8243,170027,flicker
50.8285,170424,flicker
50.8334,170403,flicker
50.8366,170572,flicker
50.8407,170335,flicker
50.8449,170233,flicker
50.8493,169891,flicker
50.8531,170422,flicker
50.8572,170554,flicker
50.8613,170539,flicker
50.8660,170439,flicker
50.8695,170430,flicker
50.8736,170910,flicker
50.8779,170651,flicker
50.8825,170591,flicker
50.8858,170401,flicker
50.8873,1,flicker
50.8900,70351,flicker
50.8913,170,flicker
50.8940,844,flicker
50.8951,170474,flicker
50.8986,170510,flicker
50.9022,170804,flicker
50.9062,170481,flicker
50.9111,170146,flicker
50.9148,170208,flicker
50.9186,170598,flicker
50.9226,170318,flicker
50.9267,170693,flicker
50.9310,170906,flicker
50.9351,170756,flicker
50.9390,170480,flicker
50.9431,170417,flicker
50.9476,170368,flicker
50.9514,170245,flicker
50.9554,170434,flicker
50.9596,170619,flicker
50.9645,170543,flicker
50.9677,171073,flicker
50.9718,170108,flicker
50.9762,170735,flicker
50.9813,704,flicker
50.9846,171148,flicker
50.9887,170427,flicker
50.9923,170618,flicker
50.9965,705,flicker
51.0011,170278,flicker
51.0056,170048,flicker
51.0086,170560,flicker
51.0128,70417,flicker
51.0179,170720,flicker
51.0197,170,flicker
51.0218,654,flicker
51.0245,169804,flicker
51.0251,170790,flicker
51.0293,7,flicker
51.0343,170210,flicker
51.0374,170414,flicker
51.0415,170439,flicker
51.0456,170498,flicker
51.0504,170719,flicker
51.0538,170525,flicker
51.0578,170389,flicker
51.0631,17034,flicker
51.0679,170294,flicker
51.0701,170784,flicker
51.0744,170691,flicker
51.0784,170571,flicker
51.0828,170387,flicker
51.0865,170319,flicker
51.0906,170333,flicker
51.0947,170063,flicker
51.0999,170523,flicker
51.1029,170464,flicker
51.1070,170580,flicker
51.1111,170141,flicker
51.1155,170489,flicker
51.1193,169962,flicker
51.1233,170198,flicker
51.1276,170251,flicker
51.1319,170120,flicker
51.1360,170027,flicker
51.1397,170515,flicker
51.1440,170797,flicker
51.1454,170,flicker
51.1484,787,flicker
51.1499,17055,flicker
51.1520,6,flicker
51.1521,170195,flicker
51.1561,170475,flicker
51.1605,170143,flicker
51.1648,170194,flicker
51.1684,170010,flicker
51.1725,170401,flicker
51.1768,170349,flicker
51.1811,170494,flicker
51.1848,170233,flicker
51.1889,170369,flicker
51.1930,170135,flicker
51.1976,170975,flicker
51.2012,170578,flicker
51.2053,170544,flicker
51.2093,170382,flicker
51.2137,6983,flicker
51.2181,170710,flicker
51.2226,170381,flicker
51.2271,170155,flicker
51.2315,7087,flicker
51.2346,171058,flicker
51.2383,170388,flicker
51.2422,170655,flicker
51.2464,7074,flicker
51.2508,170355,flicker
51.2561,170860,flicker
51.2595,170245,flicker
51.2627,170498,flicker
51.2672,170601,flicker
51.2708,170366,flicker
51.2719,17,flicker
51.2749,0753,flicker
51.2763,17037,flicker
51.2805,17019,flicker
51.2836,170728,flicker
51.2875,170509,flicker
51.2913,170192,flicker
51.2956,17048,flicker
51.3000,170858,flicker
51.3037,170160,flicker
51.3076,170433,flicker
51.3120,170806,flicker
51.3165,170453,flicker
51.3200,170522,flicker
51.3242,170347,flicker
51.3282,170537,flicker
51.3328,170471,flicker
51.3363,170556,flicker
51.3404,170312,flicker
51.3445,170193,flicker
51.3491,170494,flicker
51.3527,170406,flicker
51.3568,170602,flicker
51.3611,170492,flicker
51.3658,170366,flicker
51.3691,170529,flicker
51.3731,170487,flicker
51.3774,170225,flicker
51.3823,170550,flicker
51.3855,170158,flicker
51.3896,170207,flicker
51.3940,170430,flicker
51.3983,170335,flicker
51.3998,17,flicker
51.4019,0340,flicker
51.4037,1703,flicker
51.4060,78,flicker
51.4074,170666,flicker
51.4101,170343,flicker
51.4144,170542,flicker
51.4183,170896,flicker
51.4223,170301,flicker
51.4265,170702,flicker
51.4314,170842,flicker
51.4346,170517,flicker
51.4388,170588,flicker
51.4428,170321,flicker
51.4481,170819,flicker
51.4510,170774,flicker
51.4551,170237,flicker
51.4592,170263,flicker
51.4639,170035,flicker
51.4675,170470,flicker
51.4715,170529,flicker
51.4758,170246,flicker
51.4810,70386,flicker
51.4845,170294,flicker
51.4880,170901,flicker
51.4922,170312,flicker
51.4963,7041,flicker
51.5005,170474,flicker
51.5055,170549,flicker
51.5094,170345,flicker
51.5142,697,flicker
51.5181,170164,flicker
51.5218,170569,flicker
51.5248,170296,flicker
51.5260,1,flicker
51.5303,0917,flicker
51.5345,74,flicker
51.5369,170438,flicker
51.5371,170255,flicker
51.5412,169795,flicker
51.5455,1704,flicker
51.5498,170433,flicker
51.5540,170260,flicker
51.5575,170664,flicker
51.5634,570,flicker
51.5663,170216,flicker
51.5698,170283,flicker
51.5739,170311,flicker
51.5781,170110,flicker
51.5824,171278,flicker
51.5862,169781,flicker
51.5903,170254,flicker
51.5944,170278,flicker
51.5996,170178,flicker
51.6026,170658,flicker
51.6067,170553,flicker
51.6108,170448,flicker
51.6152,170630,flicker
51.6190,170419,flicker
51.6230,170371,flicker
51.6273,170235,flicker
51.6318,170003,flicker
51.6355,170449,flicker
51.6394,170491,flicker
51.6437,170444,flicker
51.6479,170306,flicker
51.6517,170230,flicker
51.6528,1,flicker
51.6559,70473,flicker
51.6574,1701,flicker
51.6599,71,flicker
51.6614,170238,flicker
51.6644,170129,flicker
51.6683,170378,flicker
51.6722,170485,flicker
51.6763,170176,flicker
51.6815,170675,flicker
51.6846,170365,flicker
51.6886,170510,flicker
51.6927,170439,flicker
51.6983,170680,flicker
51.7012,169775,flicker
51.7049,170979,flicker
51.7091,170438,flicker
51.7134,170200,flicker
51.7173,170158,flicker
51.7215,170607,flicker
51.7256,169943,flicker
51.7343,169884,flicker
51.7379,170350,flicker
51.7419,170302,flicker
51.7476,70,flicker
51.7507,169833,flicker
51.7547,170422,flicker
51.7582,170137,flicker
51.7642,7016,flicker
51.7672,170214,flicker
51.7711,170624,flicker
51.7746,170091,flicker
51.7801,70391,flicker
51.7831,70922,flicker
51.7846,1700,flicker
51.7869,64,flicker
51.7881,170215,flicker
51.7911,169981,flicker
51.7961,17057,flicker
51.8005,170043,flicker
51.8038,170184,flicker
51.8074,170316,flicker
51.8117,169687,flicker
51.8161,170120,flicker
51.8197,170354,flicker
51.8237,169954,flicker
51.8279,170294,flicker
51.8329,170301,flicker
51.8360,170937,flicker
51.8401,171010,flicker
51.8444,170406,flicker
51.8503,170269,rest
51.8524,170870,rest
51.8565,170755,rest
51.8607,170676,rest
51.8651,170501,rest
51.8688,170238,rest
51.8729,170500,rest
51.8770,170440,rest
51.8814,170382,rest
51.8852,170548,rest
51.8893,170645,rest
51.8935,170409,rest
51.8980,170737,rest
51.9016,170326,rest
51.9057,170228,rest
51.9100,170713,rest
51.9111,170,rest
51.9142,728,rest
51.9162,170009,rest
51.9180,169953,rest
51.9222,170914,rest
51.9262,170396,rest
51.9314,70899,rest
51.9352,170748,rest
51.9395,170720,rest
51.9436,170307,rest
51.9468,7075,rest
51.9510,170853,rest
51.9554,170758,rest
51.9590,170702,rest
51.9633,170279,rest
51.9671,170422,rest
51.9711,170299,rest
51.9757,170614,rest
51.9803,170396,rest
51.9838,170313,rest
51.9877,170167,rest
51.9919,170573,rest
51.9960,79,rest
52.0005,170096,rest
52.0042,170724,rest
52.0080,170338,rest
52.0140,705,rest
52.0167,170743,rest
52.0207,170597,rest
52.0244,170624,rest
52.0287,7048,rest
52.0342,170648,rest
52.0373,170428,rest
52.0386,170,rest
52.0409,506,rest
52.0424,17024,rest
52.0463,1039,rest
52.0503,170823,rest
52.0541,170454,rest
52.0572,170639,rest
52.0614,170288,rest
52.0658,170396,rest
52.0700,170786,rest
52.0736,170629,rest
52.0777,169892,rest
52.0821,170183,rest
52.0859,169938,rest
52.0900,170673,rest
52.0941,170588,rest
52.0991,169724,rest
52.1023,170360,rest
52.1064,170495,rest
52.1105,170480,rest
52.1161,170730,rest
52.1186,170597,rest
52.1227,169897,rest
52.1268,170545,rest
52.1322,170466,rest
52.1350,170971,rest
52.1391,170869,rest
52.1433,170322,rest
52.1488,170130,rest
52.1514,170283,rest
52.1555,170538,rest
52.1596,170844,rest
52.1650,170305,rest
52.1666,17,rest
52.1679,0932,rest
52.1692,17086,rest
52.1719,5,rest
52.1731,170832,rest
52.1761,170706,rest
52.1803,169963,rest
52.1842,170742,rest
52.1883,170175,rest
52.1923,170132,rest
52.1977,170243,rest
52.2006,170070,rest
52.2046,170812,rest
52.2088,171063,rest
52.2132,170907,rest
52.2170,170790,rest
52.2210,170860,rest
52.2253,170369,rest
52.2306,3,rest
52.2353,170741,rest
52.2374,170890,rest
52.2416,170501,rest
52.2458,7078,rest
52.2503,170355,rest
52.2542,170304,rest
52.2581,170669,rest
52.2621,7044,rest
52.2667,170144,rest
52.2705,170326,rest
52.2743,170509,rest
52.2841,170567,rest
52.2872,170550,rest
52.2907,170271,rest
52.2922,1,rest
52.2952,0511,rest
52.2999,78,rest
52.3022,170694,rest
52.3051,170586,rest
52.3071,170496,rest
52.3114,563,rest
52.3180,170539,rest
52.3219,170452,rest
52.3235,170887,rest
52.3276,170604,rest
52.3316,170870,rest
52.3358,170371,rest
52.3399,170949,rest
52.3440,170827,rest
52.3482,170931,rest
52.3521,170241,rest
52.3562,170800,rest
52.3605,170356,rest
52.3655,170140,rest
52.3686,170520,rest
52.3727,170647,rest
52.3767,170858,rest
52.3812,170668,rest
52.3849,170672,rest
52.3890,171036,rest
52.3932,170410,rest
52.3981,171112,rest
52.4013,170751,rest
52.4053,170684,rest
52.4095,170468,rest
52.4141,170998,rest
52.4177,170226,rest
52.4218,170960,rest
52.4233,170,rest
52.4259,681,rest
52.4269,170411,rest
52.4302,172,rest
52.4345,170524,rest
52.4381,170808,rest
52.4422,170398,rest
52.4472,170915,rest
52.4504,170949,rest
52.4545,171230,rest
52.4586,171593,rest
52.4631,170738,rest
52.4668,171265,rest
52.4709,170828,rest
52.4749,170943,rest
52.4803,7076,rest
52.4836,170751,rest
52.4873,170330,rest
52.4915,170749,rest
52.4959,170741,rest
52.4996,170874,rest
52.5036,170222,rest
52.5079,170484,rest
52.5119,170930,rest
52.5164,170490,rest
52.5200,170493,rest
52.5241,170254,rest
52.5289,711,rest
52.5336,170204,rest
52.5364,170927,rest
52.5406,170795,rest
52.5448,705,rest
52.5500,170616,rest
52.5512,170,rest
52.5530,780,rest
52.5543,170446,rest
52.5570,170378,rest
52.5613,171033,rest
52.5651,170509,rest
52.5692,170238,rest
52.5733,170825,rest
52.5775,170809,rest
52.5824,170634,rest
52.5856,170607,rest
52.5896,170312,rest
52.5938,170690,rest
52.5985,170415,rest
52.6020,171155,rest
52.6061,170143,rest
52.6102,170516,rest
52.6152,170759,rest
52.6183,171206,rest
52.6225,169892,rest
52.6267,170331,rest
52.6315,170834,rest
52.6347,170177,rest
52.6389,170864,rest
52.6430,171110,rest
52.6478,170472,rest
52.6511,170798,rest
52.6553,170471,rest
52.6593,170168,rest
52.6647,171058,rest
52.6675,170037,rest
52.6716,170179,rest
52.6758,170785,rest
52.6769,170,rest
52.6808,548,rest
52.6822,170444,rest
52.6839,170409,rest
52.6881,170877,rest
52.6921,170068,rest
52.6967,170739,rest
52.7003,170230,rest
52.7043,170949,rest
52.7085,170470,rest
52.7132,170670,rest
52.7167,170567,rest
52.7208,170391,rest
52.7248,170295,rest
52.7292,697,rest
52.7335,170402,rest
52.7375,170715,rest
52.7422,170880,rest
52.7457,70,rest
52.7512,170531,rest
52.7555,170722,rest
52.7576,170474,rest
52.7618,70348,rest
52.7662,170499,rest
52.7701,170725,rest
52.7740,170645,rest
52.7783,706,rest
52.7824,170340,rest
52.7873,171002,rest
52.7906,170597,rest
52.7946,70,rest
52.7992,170768,rest
52.8033,170957,rest
52.8044,17,rest
52.8067,0690,rest
52.8078,17075,rest
52.8108,0,rest
52.8111,169692,rest
52.8152,170325,rest
52.8191,171543,rest
52.8231,170574,rest
52.8273,170976,rest
52.8318,170543,rest
52.8354,170857,rest
52.8395,170663,rest
52.8436,170278,rest
52.8490,171075,rest
52.8518,170322,rest
52.8559,170525,rest
52.8600,171079,rest
52.8644,170566,rest
52.8682,170790,rest
52.8723,170228,rest
52.8764,170371,rest
52.8808,170846,rest
52.8846,170369,rest
52.8886,170322,rest
52.8929,170640,rest
52.8971,170951,rest
52.9010,170127,rest
52.9050,170950,rest
52.9092,170583,rest
52.9136,170284,rest
52.9174,170735,rest
52.9214,170417,rest
52.9255,170181,rest
52.9300,170339,rest
52.9318,17,rest
52.9338,0708,rest
52.9349,17050,rest
52.9378,9,rest
52.9379,170927,rest
52.9420,170457,rest
52.9465,170797,rest
52.9501,170406,rest
52.9542,170617,rest
52.9583,170443,rest
52.9630,170482,rest
52.9665,171031,rest
52.9706,170364,rest
52.9747,170783,rest
52.9794,170438,rest
52.9829,171074,rest
52.9870,170349,rest
52.9912,170372,rest
52.9966,7102,rest
52.9997,170500,rest
53.0033,170829,rest
53.0074,170570,rest
53.0117,52,rest
53.0160,170572,rest
53.0205,171116,rest
53.0239,170669,rest
53.0281,707,rest
53.0323,170359,rest
53.0366,170367,rest
53.0404,170428,rest
53.0462,90,rest
53.0493,170737,rest
53.0528,170760,rest
53.0566,170535,rest
53.0580,17,rest
53.0607,1147,rest
53.0619,17073,rest
53.0649,6,rest
53.0663,170630,rest
53.0689,170831,rest
53.0730,170464,rest
53.0771,170948,rest
53.0814,170411,rest
53.0853,170674,rest
53.0894,170524,rest
53.0935,170511,rest
53.0984,170785,rest
53.1017,170395,rest
53.1058,170275,rest
53.1101,170750,rest
53.1157,170823,rest
53.1181,170302,rest
53.1222,170542,rest
53.1263,170520,rest
53.1310,170432,rest
53.1345,170414,rest
53.1385,170501,rest
53.1428,171290,rest
53.1467,170460,rest
53.1508,170425,rest
53.1549,170906,rest
53.1591,170525,rest
53.1638,170678,rest
53.1672,170522,rest
53.1714,170282,rest
53.1754,170343,rest
53.1802,170483,rest
53.1836,170997,rest
53.1852,1,rest
53.1878,70028,rest
53.1890,1707,rest
53.1919,32,rest
53.1934,170445,rest
53.1969,170634,rest
53.2001,170696,rest
53.2041,170472,rest
53.2082,170913,rest
53.2138,74,rest
53.2181,170469,rest
53.2207,170214,rest
53.2246,170612,rest
53.2293,170446,rest
53.2327,170169,rest
53.2368,170845,rest
53.2409,170255,rest
53.2452,7017,rest
53.2494,170330,rest
53.2544,170117,rest
53.2573,170871,rest
53.2620,66,rest
53.2658,170193,rest
53.2706,170360,rest
53.2737,170203,rest
53.2790,712,rest
53.2820,170505,rest
53.2860,170476,rest
53.2900,170852,rest
53.2943,7091,rest
53.2991,170447,rest
53.3030,170434,rest
53.3065,170611,rest
53.3109,732,rest
53.3150,70379,rest
53.3165,1703,rest
53.3187,66,rest
53.3202,170577,rest
53.3229,170483,rest
53.3269,170215,rest
53.3315,171105,rest
53.3351,170462,rest
53.3392,170570,rest
53.3434,170446,rest
53.3482,170857,rest
53.3515,170771,rest
53.3556,170654,rest
53.3598,170461,rest
53.3639,170712,rest
53.3679,170851,rest
53.3720,171047,rest
53.3761,170856,rest
53.3809,170570,rest
53.3843,170943,rest
53.3884,170174,rest
53.3926,170677,rest
53.3980,170696,rest
53.4006,170301,rest
53.4047,170898,rest
53.4088,170674,rest
53.4134,169748,rest
53.4172,170596,rest
53.4211,171101,rest
53.4253,170628,rest
53.4296,170731,rest
53.4335,170355,rest
53.4376,170630,rest
53.4386,1,rest
53.4417,70835,rest
53.4431,170,rest
53.4457,53,rest
53.4470,1082,rest
53.4499,170419,rest
53.4545,171328,rest
53.4614,170548,rest
53.4621,170338,rest
53.4670,170649,rest
53.4703,170759,rest
53.4752,171165,rest
53.4785,70161,rest
53.4833,170418,rest
53.4871,170341,rest
53.4913,170281,rest
53.4949,70679,rest
53.4993,170793,rest
53.5043,170759,rest
53.5071,170829,rest
53.5113,70537,rest
53.5177,170954,rest
53.5226,170647,rest
53.5236,170191,rest
53.5277,70701,rest
53.5349,170658,rest
53.5362,170805,rest
53.5399,171231,rest
53.5456,6,rest
53.5485,170860,rest
53.5522,170913,rest
53.5563,170502,rest
53.5618,1705,rest
53.5648,170698,rest
53.5686,170316,rest
53.5703,170,rest
53.5727,930,rest
53.5738,170998,rest
53.5769,170588,rest
53.5818,170930,rest
53.5850,170846,rest
53.5891,170735,rest
53.5932,170845,rest
53.5980,171160,rest
53.6013,170323,rest
53.6054,170662,rest
53.6096,170726,rest
53.6147,170894,rest
53.6177,171018,rest
53.6218,171063,rest
53.6259,170491,rest
53.6306,170479,rest
53.6341,170283,rest
53.6382,170432,rest
53.6425,170573,rest
53.6473,170527,rest
53.6505,170406,rest
53.6546,170731,rest
53.6589,170797,rest
53.6632,170397,rest
53.6669,170315,rest
53.6710,170601,rest
53.6751,170482,rest
53.6799,170571,rest
53.6833,170868,rest
53.6874,170813,rest
53.6914,171071,rest
53.6963,170796,rest
53.6982,170,rest
53.6997,500,rest
53.7013,17064,rest
53.7037,7,rest
53.7038,170737,rest
53.7078,170779,rest
53.7126,170314,rest
53.7161,170592,rest
53.7201,170619,rest
53.7242,170554,rest
53.7289,170523,rest
53.7325,170651,rest
53.7366,170613,rest
53.7407,170343,rest
53.7455,170921,rest
53.7488,170645,rest
53.7530,170573,rest
53.7571,170374,rest
53.7620,170259,rest
53.7652,170197,rest
53.7693,170369,rest
53.7733,170675,rest
53.7789,081,rest
53.7831,171074,rest
53.7860,170468,rest
53.7897,170869,rest
53.7940,737,rest
53.7985,170452,rest
53.8023,171151,rest
53.8082,170311,rest
53.8104,170742,rest
53.8144,170977,rest
53.8184,170939,rest
53.8226,170859,rest
53.8240,17,rest
53.8267,0979,rest
53.8286,17051,rest
53.8307,0,rest
53.8308,170029,rest
53.8348,170678,rest
53.8389,170497,rest
53.8431,170404,rest
53.8476,170221,rest
53.8512,170926,rest
53.8553,170685,rest
53.8595,170730,rest
53.8643,170245,rest
53.8676,170699,rest
53.8716,170612,rest
53.8758,170258,rest
53.8809,170864,rest
53.8840,170751,rest
53.8880,170427,rest
53.8923,170652,rest
53.8975,171274,rest
53.9003,170703,rest
53.9044,171040,rest
53.9088,170782,rest
53.9144,170508,rest
53.9167,170356,rest
53.9208,170490,rest
53.9250,170592,rest
53.9294,170633,rest
53.9331,170668,rest
53.9372,171032,rest
53.9414,170703,rest
53.9473,6,rest
53.9498,170442,rest
53.9528,17,rest
53.9537,1029,rest
53.9551,17120,rest
53.9577,2,rest
53.9578,170689,rest
53.9624,170281,rest
53.9660,169929,rest
53.9701,170549,rest
53.9740,170698,rest
53.9788,170924,rest
53.9823,170790,rest
53.9864,170306,rest
53.9906,170182,rest
53.9947,2,rest
53.9995,170711,rest
54.0030,170560,rest
54.0068,170672,rest
54.0125,71,rest
54.0156,170570,rest
54.0194,170997,rest
54.0232,170480,rest
54.0276,170664,rest
54.0318,170192,rest
54.0356,171411,rest
54.0397,170300,rest
54.0438,702,rest
54.0481,170668,rest
54.0522,170673,rest
54.0561,170726,rest
54.0616,178,rest
54.0649,170597,rest
54.0684,170540,rest
54.0724,170505,rest
54.0767,170702,rest
54.0784,17,rest
54.0810,0567,rest
54.0822,1712,rest
54.0847,52,rest
54.0859,170178,rest
54.0889,170834,rest
54.0929,170677,rest
54.0973,170417,rest
54.1010,170682,rest
54.1051,170991,rest
54.1093,170488,rest
54.1141,170562,rest
54.1175,170913,rest
54.1216,170825,rest
54.1256,170679,rest
54.1304,170894,rest
54.1339,170832,rest
54.1380,171037,rest
54.1421,170890,rest
54.1467,170775,rest
54.1503,170498,rest
54.1544,171086,rest
54.1584,171141,rest
54.1629,170543,rest
54.1666,170351,rest
54.1706,170157,rest
54.1750,170560,rest
54.1804,170515,rest
54.1830,170575,rest
54.1870,170498,rest
54.1912,170154,rest
54.1970,170709,rest
54.1993,170637,rest
54.2034,170823,rest
54.2047,1,rest
54.2076,70628,rest
54.2091,1705,rest
54.2128,16,rest
54.2149,170911,rest
54.2158,170925,rest
54.2198,170861,rest
54.2239,170956,rest
54.2298,70598,rest
54.2345,170553,rest
54.2362,170333,rest
54.2403,170908,rest
54.2450,170543,rest
54.2486,170680,rest
54.2527,170856,rest
54.2568,171047,rest
54.2625,7046,rest
54.2671,170712,rest
54.2693,170592,rest
54.2731,170951,rest
54.2774,7027,rest
54.2817,170363,rest
54.2855,170335,rest
54.2894,170307,rest
54.2938,028,rest
54.2980,170873,rest
54.3027,170645,rest
54.3059,170283,rest
54.3102,186,rest
54.3145,170446,rest
54.3188,170847,rest
54.3223,170835,rest
54.3275,171324,rest
54.3310,170535,rest
54.3327,1,rest
54.3347,70385,rest
54.3357,1703,rest
54.3387,05,rest
54.3402,170546,rest
54.3427,170742,rest
54.3470,170871,rest
54.3510,170361,rest
54.3551,170473,rest
54.3592,170622,rest
54.3638,170931,rest
54.3673,170945,rest
54.3713,170791,rest
54.3755,171142,rest
54.3801,170566,rest
54.3836,171086,rest
54.3877,170674,rest
54.3920,170944,rest
54.3964,170536,rest
54.4001,171159,rest
54.4041,170727,rest
54.4082,170760,rest
54.4134,170433,rest
54.4164,170794,rest
54.4205,170879,rest
54.4247,170776,rest
54.4292,170706,rest
54.4328,170414,rest
54.4369,170474,rest
54.4410,171039,rest
54.4458,170455,rest
54.4492,170199,rest
54.4533,170825,rest
54.4574,170321,rest
54.4583,1,rest
54.4620,70628,rest
54.4644,1706,rest
54.4656,31,rest
54.4667,170859,rest
54.4697,170443,rest
54.4737,170557,rest
54.4795,702,rest
54.4826,170434,rest
54.4861,170623,rest
54.4902,170320,rest
54.4944,706,rest
54.4985,170807,rest
54.5039,171018,rest
54.5072,170269,rest
54.5108,703,rest
54.5153,170802,rest
54.5196,170663,rest
54.5230,170348,rest
54.5271,709,rest
54.5316,171073,rest
54.5362,170337,rest
54.5393,170697,rest
54.5437,779,rest
54.5486,170643,rest
54.5516,170878,rest
54.5557,170401,rest
54.5611,17072,rest
54.5641,170341,rest
54.5680,170840,rest
54.5721,170645,rest
54.5770,17070,rest
54.5808,170716,rest
54.5844,170556,rest
54.5885,170773,rest
54.5896,170,rest
54.5926,856,rest
54.5938,170511,rest
54.5967,171142,rest
54.6007,170944,rest
54.6048,170320,rest
54.6090,170395,rest
54.6138,170482,rest
54.6171,170797,rest
54.6212,170791,rest
54.6253,170443,rest
54.6302,170421,rest
54.6335,170622,rest
54.6377,170919,rest
54.6417,170597,rest
54.6468,170985,rest
54.6499,170457,rest
54.6540,170846,rest
54.6583,170691,rest
54.6633,170717,rest
54.6663,170375,rest
54.6704,170528,rest
54.6745,170408,rest
54.6791,170636,rest
54.6827,171199,rest
54.6867,170633,rest
54.6917,170724,rest
54.6958,170091,rest
54.6991,170451,rest
54.7031,170470,rest
54.7072,170934,rest
54.7118,171000,rest
54.7154,170738,rest
54.7169,17,rest
54.7196,1076,rest
54.7206,17092,rest
54.7237,4,rest
54.7238,170978,rest
54.7284,170672,rest
54.7318,170567,rest
54.7359,170405,rest
54.7400,170493,rest
54.7458,741,rest
54.7489,170783,rest
54.7523,170616,rest
54.7564,170746,rest
54.7607,17056,rest
54.7653,170700,rest
54.7686,170782,rest
54.7728,170939,rest
54.7770,8,rest
54.7813,170365,rest
54.7850,170494,rest
54.7891,170389,rest
54.7934,707,rest
54.7982,170986,rest
54.8022,170382,rest
54.8056,170291,rest
54.8101,780,rest
54.8149,170501,rest
54.8178,170637,rest
54.8219,170324,rest
54.8261,170833,rest
54.8305,170442,rest
54.8342,171184,rest
54.8383,170215,rest
54.8425,170744,rest
54.8440,17,rest
54.8467,0551,rest
54.8481,17089,rest
54.8506,1,rest
54.8507,170462,rest
54.8547,170741,rest
54.8588,170137,rest
54.8635,170648,rest
54.8670,171427,rest
54.8711,170799,rest
54.8755,170268,rest
54.8798,170384,rest
54.8834,170331,rest
54.8874,170976,rest
54.8918,171127,rest
54.8967,170312,rest
54.8997,170354,rest
54.9038,170803,rest
54.9083,169995,rest
54.9123,171105,rest
54.9162,170739,rest
54.9202,170948,rest
54.9243,171112,rest
54.9295,170983,rest
54.9325,170673,rest
54.9366,170573,rest
54.9412,170465,rest
54.9453,170052,rest
54.9489,170211,rest
54.9530,170533,rest
54.9571,170782,rest
54.9617,170597,rest
54.9657,170862,rest
54.9694,170401,rest
54.9706,17,rest
54.9734,0707,rest
54.9754,17097,rest
54.9789,1,rest
54.9831,170276,rest
54.9862,170483,rest
54.9899,170433,rest
54.9947,170488,rest
54.9981,170831,rest
55.0021,171166,rest
55.0062,170562,rest
55.0105,72,rest
55.0149,170772,rest
55.0189,170331,rest
55.0226,170495,rest
55.0283,49,rest
55.0313,170643,rest
55.0351,170856,rest
55.0390,170972,rest
55.0444,739,rest
55.0477,170766,rest
55.0513,170600,rest
55.0554,170513,rest
55.0612,759,rest
55.0646,170597,rest
55.0681,170665,rest
55.0718,170447,rest
55.0760,170662,rest
55.0802,170785,rest
55.0841,170467,rest
55.0882,170802,rest
55.0923,170627,rest
55.0968,170762,rest
55.0979,17,rest
55.1005,0780,rest
55.1017,17086,rest
55.1046,0,rest
55.1057,170724,rest
55.1087,170231,rest
55.1134,170417,rest
55.1168,170804,rest
55.1209,170440,rest
55.1250,170383,rest
55.1300,170212,rest
55.1332,170942,rest
55.1373,170699,rest
55.1415,170390,rest
55.1458,170886,rest
55.1496,171129,rest
55.1537,170562,rest
55.1578,170885,rest
55.1622,171158,rest
55.1660,170378,rest
55.1701,170975,rest
55.1742,170382,rest
55.1787,171186,rest
55.1824,170465,rest
55.1864,171176,rest
55.1906,170641,rest
55.1951,170632,rest
55.1987,170750,rest
55.2028,170657,rest
55.2070,170817,rest
55.2131,170526,rest
55.2152,170907,rest
55.2192,170488,rest
55.2233,170493,rest
55.2249,17,rest
55.2286,0613,rest
55.2298,1701,rest
55.2316,06,rest
55.2328,170353,rest
55.2357,170874,rest
55.2398,170724,rest
55.2439,70659,rest
55.2504,170849,rest
55.2523,170789,rest
55.2561,170582,rest
55.2603,702,rest
55.2644,170661,rest
55.2700,170631,rest
55.2730,170682,rest
55.2767,7000,rest
55.2818,170728,rest
55.2866,170755,rest
55.2890,170848,rest
55.2943,720,rest
55.2986,170625,rest
55.3018,170742,rest
55.3053,169886,rest
55.3101,702,rest
55.3147,170532,rest
55.3175,170369,rest
55.3216,170391,rest
55.3258,170425,rest
55.3301,170502,rest
55.3339,170745,rest
55.3380,170705,rest
55.3421,170691,rest
55.3468,170579,rest
55.3503,170979,rest
55.3513,1,rest
55.3544,71151,rest
55.3554,1706,rest
55.3585,81,rest
55.3588,170325,rest
55.3631,170297,rest
55.3666,170767,rest
55.3707,171020,rest
55.3749,170867,rest
55.3795,170398,rest
55.3831,170873,rest
55.3871,170578,rest
55.3913,171418,rest
55.3956,171352,rest
55.3994,170601,rest
55.4036,170739,rest
55.4076,170339,rest
55.4134,7087,rest
55.4167,171037,rest
55.4201,170521,rest
55.4241,170618,rest
55.4283,170456,rest
55.4322,170257,rest
55.4363,170429,rest
55.4404,170952,rest
55.4447,72,rest
55.4487,170369,rest
55.4542,170646,rest
55.4570,170856,rest
55.4613,170731,rest
55.4650,170111,rest
55.4691,170440,rest
55.4735,170917,rest
55.4785,706,rest
55.4817,170306,rest
55.4829,170,rest
55.4854,488,rest
55.4867,169902,rest
55.4896,170862,rest
55.4937,70126,rest
55.4981,170424,rest
55.5021,170419,rest
55.5059,170418,rest
55.5103,17000,rest
55.5151,170649,rest
55.5186,170825,rest
55.5223,170183,rest
55.5265,076,rest
55.5308,170231,rest
55.5348,171115,rest
55.5387,170753,rest
55.5430,77,rest
55.5471,171182,rest
55.5519,171098,rest
55.5552,170713,rest
55.5612,17063,rest
55.5641,171278,rest
55.5674,170636,rest
55.5714,170370,rest
55.5756,170806,rest
55.5799,170507,rest
55.5837,170944,rest
55.5878,170567,rest
55.5920,171167,rest
55.5969,170602,rest
55.6001,170641,rest
55.6042,171133,rest
55.6084,170409,rest
55.6094,170,rest
55.6124,610,rest
55.6139,170447,rest
55.6166,171062,rest
55.6206,170224,rest
55.6249,170446,rest
55.6290,170149,rest
55.6329,170921,rest
55.6370,170928,rest
55.6411,170109,rest
55.6457,170576,rest
55.6493,170330,rest
55.6534,170622,rest
55.6576,170155,rest
55.6621,170602,rest
55.6656,170715,rest
55.6697,170720,rest
55.6739,170443,rest
55.6785,170069,rest
55.6820,170551,rest
55.6862,170648,rest
55.6902,171021,rest
55.6945,170117,rest
55.6984,170523,rest
55.7026,170482,rest
55.7067,170657,rest
55.7113,170739,rest
55.7148,170882,rest
55.7189,170786,rest
55.7230,170319,rest
55.7285,70850,rest
55.7316,170608,rest
55.7353,170723,rest
55.7367,170,rest
55.7394,322,rest
55.7404,17016,rest
55.7453,1794,rest
55.7483,170701,rest
55.7518,170945,rest
55.7558,170156,rest
55.7600,7021,rest
55.7642,170948,rest
55.7680,170445,rest
55.7722,170572,rest
55.7767,70,rest
55.7818,170515,rest
55.7844,170590,rest
55.7886,170649,rest
55.7928,706,rest
55.7976,170407,rest
55.8009,170139,rest
55.8049,170494,rest
55.8092,170098,rest
55.8134,170577,rest
55.8172,170430,rest
55.8213,170724,rest
55.8255,170385,rest
55.8301,170363,rest
55.8336,170344,rest
55.8377,170837,rest
55.8418,170733,rest
55.8466,170227,rest
55.8500,170061,rest
55.8541,170138,rest
55.8584,170498,rest
55.8630,169869,rest
55.8645,17,rest
55.8664,0709,rest
55.8675,17036,rest
55.8704,8,rest
55.8705,170341,rest
55.8747,170485,rest
55.8793,170358,rest
55.8827,170270,rest
55.8869,170735,rest
55.8913,170241,rest
55.8953,170783,rest
55.8991,170163,rest
55.9033,170590,rest
55.9075,170754,rest
55.9117,170409,rest
55.9156,170944,rest
55.9196,170627,rest
55.9237,170861,rest
55.9283,170366,rest
55.9319,170516,rest
55.9360,170355,rest
55.9401,170742,rest
55.9447,170748,rest
55.9483,170459,rest
55.9524,170670,rest
55.9570,170402,rest
55.9610,169934,rest
55.9647,170499,rest
55.9687,170403,rest
55.9731,170935,rest
55.9775,170350,rest
55.9811,170349,rest
55.9851,170659,rest
55.9893,170579,rest
55.9910,1,rest
55.9949,70862,rest
55.9965,17068,rest
55.9974,6,rest
55.9989,170656,rest
56.0016,170488,rest
56.0056,170569,rest
56.0099,708,rest
56.0147,170493,rest
56.0186,170534,rest
56.0220,170982,rest
56.0276,7753,rest
56.0308,170497,rest
56.0343,170797,rest
56.0384,170319,rest
56.0440,31,rest
56.0475,169992,rest
56.0507,170414,rest
56.0548,170385,rest
56.0589,170237,rest
56.0633,170759,rest
56.0670,169889,rest
56.0711,170357,rest
56.0768,176,rest
56.0799,170952,rest
56.0834,170431,rest
56.0876,170195,rest
56.0916,170359,rest
56.0962,170515,rest
56.0998,170239,rest
56.1039,170611,rest
56.1106,17055,rest
56.1126,170435,rest
56.1168,170145,rest
56.1179,1,rest
56.1203,70778,rest
56.1218,1710,rest
56.1244,30,rest
56.1261,170487,rest
56.1288,170327,rest
56.1326,170711,rest
56.1367,170386,rest
56.1408,170712,rest
56.1453,170891,rest
56.1490,170894,rest
56.1531,170821,rest
56.1572,170536,rest
56.1615,170871,rest
56.1654,170847,rest
56.1694,170602,rest
56.1736,170589,rest
56.1781,170742,rest
56.1817,170768,rest
56.1858,170759,rest
56.1900,170427,rest
56.1947,170625,rest
56.1982,170476,rest
56.2022,170485,rest
56.2063,170397,rest
56.2113,170324,rest
56.2146,170552,rest
56.2186,171042,rest
56.2227,170106,rest
56.2273,170601,rest
56.2309,170599,rest
56.2350,170843,rest
56.2391,170321,rest
56.2449,702211,rest
56.2482,70382,rest
56.2505,1704,rest
56.2529,78,rest
56.2543,170556,rest
56.2555,170674,rest
56.2610,70494,rest
56.2638,170338,rest
56.2682,170444,rest
56.2719,170515,rest
56.2761,702,rest
56.2806,170051,rest
56.2852,170961,rest
56.2883,171166,rest
56.2941,79,rest
56.2976,170534,rest
56.3023,171013,rest
56.3047,170683,rest
56.3130,170354,rest
56.3172,170460,rest
56.3210,170350,rest
56.3252,170010,rest
56.3297,170595,rest
56.3333,170551,rest
56.3374,170702,rest
56.3415,170910,rest
56.3459,170794,rest
56.3503,170917,rest
56.3538,170676,rest
56.3579,170789,rest
56.3627,171126,rest
56.3661,170413,rest
56.3702,170701,rest
56.3714,1,rest
56.3743,70366,rest
56.3754,1706,rest
56.3784,16,rest
56.3799,170040,rest
56.3826,170403,rest
56.3867,170193,rest
56.3909,170866,rest
56.3963,170842,rest
56.3988,170705,rest
56.4029,170262,rest
56.4072,170375,rest
56.4123,170624,rest
56.4152,170361,rest
56.4193,170469,rest
56.4234,170268,rest
56.4284,170576,rest
56.4316,170140,rest
56.4357,170668,rest
56.4398,170715,rest
56.4444,170679,rest
56.4480,170993,rest
56.4521,170529,rest
56.4562,170320,rest
56.4619,170526,rest
56.4644,170685,rest
56.4684,170457,rest
56.4727,171117,rest
56.4775,170283,rest
56.4807,170884,rest
56.4849,170774,rest
56.4890,170768,rest
56.4932,71,rest
56.4975,170544,rest
56.5014,170140,rest
56.5029,170,rest
56.5054,574,rest
56.5067,170631,rest
56.5117,70458,rest
56.5144,170402,rest
56.5176,170316,rest
56.5217,170530,rest
56.5279,10,rest
56.5309,170823,rest
56.5353,170357,rest
56.5382,170839,rest
56.5436,79,rest
56.5473,171076,rest
56.5505,170297,rest
56.5545,170448,rest
56.5600,1709,rest
56.5630,170455,rest
56.5671,169986,rest
56.5709,170391,rest
56.5752,170951,rest
56.5791,170877,rest
56.5831,170493,rest
56.5872,170689,rest
56.5914,170891,rest
56.5960,170515,rest
56.5996,170717,rest
56.6036,170792,rest
56.6078,170185,rest
56.6128,170775,rest
56.6159,170594,rest
56.6200,170495,rest
56.6241,170593,rest
56.6294,170091,rest
56.6305,170,rest
56.6328,213,rest
56.6344,17107,rest
56.6364,5,rest
56.6364,170563,rest
56.6405,170555,rest
56.6455,170901,rest
56.6487,171123,rest
56.6528,170722,rest
56.6570,170191,rest
56.6616,170579,rest
56.6651,170415,rest
56.6692,171017,rest
56.6732,170125,rest
56.6783,170819,rest
56.6815,170915,rest
56.6856,170580,rest
56.6897,170651,rest
56.6951,70,rest
56.6980,170750,rest
56.7030,169909,rest
56.7060,170525,rest
56.7106,170378,rest
56.7142,170946,rest
56.7183,170462,rest
56.7224,170699,rest
56.7266,74,rest
56.7310,170437,rest
56.7350,170867,rest
56.7388,170667,rest
56.7430,6,rest
56.7473,170810,rest
56.7513,170241,rest
56.7552,170382,rest
56.7566,17,rest
56.7594,83,rest
56.7608,757,rest
56.7637,5,rest
56.7638,170871,rest
56.7675,170898,rest
56.7716,170579,rest
56.7762,706,rest
56.7807,170215,rest
56.7838,170510,rest
56.7879,170538,rest
56.7935,6,rest
56.7967,170540,rest
56.8004,170001,rest
56.8043,170670,rest
56.8085,170799,rest
56.8133,170467,rest
56.8166,170419,rest
56.8207,170382,rest
56.8248,170543,rest
56.8296,170247,rest
56.8330,170207,rest
56.8371,170299,rest
56.8412,170376,rest
56.8457,170997,rest
56.8494,170613,rest
56.8536,169996,rest
56.8576,170952,rest
56.8622,170225,rest
56.8658,170433,rest
56.8699,170281,rest
56.8740,170212,rest
56.8788,170138,rest
56.8822,170498,rest
56.8835,17,rest
56.8862,0548,rest
56.8874,17055,rest
56.8903,1,rest
56.8904,170740,rest
56.8952,170476,rest
56.8986,170374,rest
56.9027,170502,rest
56.9069,170617,rest
56.9117,170662,rest
56.9149,170648,rest
56.9190,171019,rest
56.9232,169984,rest
56.9273,7526,rest
56.9317,170375,rest
56.9360,171245,rest
56.9397,170629,rest
56.9440,170460,rest
56.9478,171211,rest
56.9519,170563,rest
56.9559,170893,rest
56.9608,171015,rest
56.9641,170130,rest
56.9682,170351,rest
56.9723,170274,rest
56.9770,170947,rest
56.9804,171110,rest
56.9847,170282,rest
56.9890,170251,rest
56.9940,70083,rest
56.9982,170615,rest
57.0016,170697,rest
57.0050,170636,rest
57.0105,7040,rest
57.0138,0144,rest
57.0158,1703,rest
57.0174,63,rest
57.0187,170404,rest
57.0215,170773,rest
57.0269,70280,rest
57.0312,169920,rest
57.0357,170711,rest
57.0378,170487,rest
57.0424,70826,rest
57.0463,170716,rest
57.0502,170870,rest
57.0542,170915,rest
57.0585,0,rest
57.0628,170751,rest
57.0668,170138,rest
57.0706,170568,rest
57.0765,170934,rest
57.0788,170345,rest
57.0828,170496,rest
57.0869,170590,rest
57.0911,171023,rest
57.0960,170501,rest
57.0993,170694,rest
57.1034,170311,rest
57.1077,170527,rest
57.1125,170638,rest
57.1156,170689,rest
57.1197,170621,rest
57.1239,170116,rest
57.1290,170784,rest
57.1320,171173,rest
57.1361,171233,rest
57.1371,1,rest
57.1403,70997,rest
57.1415,1704,rest
57.1446,94,rest
57.1467,170637,rest
57.1484,170637,rest
57.1525,170679,rest
57.1568,170767,rest
57.1609,171284,rest
57.1647,170435,rest
57.1689,170452,rest
57.1729,170358,rest
57.1778,170441,rest
57.1811,170627,rest
57.1852,170856,rest
57.1894,170238,rest
57.1938,170238,rest
57.1987,171326,rest
57.2016,171273,rest
57.2057,170138,rest
57.2107,170627,rest
57.2141,170748,rest
57.2181,171073,rest
57.2221,170375,rest
57.2270,171074,rest
57.2303,170213,rest
57.2344,170443,rest
57.2388,170852,rest
57.2427,70644,rest
57.2469,170838,rest
57.2526,170802,rest
57.2549,170758,rest
57.2595,170275,rest
57.2632,170683,rest
57.2642,1,rest
57.2673,70566,rest
57.2688,1709,rest
57.2713,30,rest
57.2726,170949,rest
57.2772,1707,rest
57.2800,170508,rest
57.2843,170825,rest
57.2877,170604,rest
57.2919,76,rest
57.2965,170793,rest
57.3001,170804,rest
57.3042,170191,rest
57.3100,170483,rest
57.3123,170509,rest
57.3164,171083,rest
57.3205,170881,rest
57.3245,170546,rest
57.3291,170054,rest
57.3327,170340,rest
57.3367,170686,rest
57.3410,170533,rest
57.3453,170766,rest
57.3492,170486,rest
57.3532,170873,rest
57.3573,170677,rest
57.3622,170594,rest
57.3655,170177,rest
57.3696,170922,rest
57.3737,170648,rest
57.3781,171167,rest
57.3818,170375,rest
57.3859,170475,rest
57.3903,170340,rest
57.3915,1,rest
57.3948,70709,rest
57.3960,1705,rest
57.3983,32,rest
57.3999,170191,rest
57.4025,170511,rest
57.4064,170506,rest
57.4109,170855,rest
57.4151,170898,rest
57.4187,170791,rest
57.4228,170148,rest
57.4272,170536,rest
57.4310,170471,rest
57.4351,170499,rest
57.4392,170386,rest
57.4436,170641,rest
57.4474,170466,rest
57.4515,170579,rest
57.4556,170540,rest
57.4601,170738,rest
57.4638,170600,rest
57.4679,170062,rest
57.4720,170308,rest
57.4763,170513,rest
57.4803,170728,rest
57.4843,170747,rest
57.4884,170659,rest
57.4926,704,rest
57.4971,171025,rest
57.5010,171159,rest
57.5056,170671,rest
57.5092,171280,rest
57.5130,170992,rest
57.5170,170529,rest
57.5212,170781,rest
57.5224,171,rest
57.5254,08,rest
57.5268,767,rest
57.5296,170679,rest
57.5341,170235,rest
57.5375,170601,rest
57.5418,701,rest
57.5461,170425,rest
57.5510,170612,rest
57.5539,170714,rest
57.5597,1786,rest
57.5626,170503,rest
57.5661,170531,rest
57.5702,170547,rest
57.5744,170541,rest
57.5796,170905,rest
57.5826,170421,rest
57.5867,170839,rest
57.5907,170756,rest
57.5967,170913,rest
57.5990,170764,rest
57.6031,170334,rest
57.6071,170365,rest
57.6117,170954,rest
57.6155,171078,rest
57.6194,170663,rest
57.6237,170404,rest
57.6283,170391,rest
57.6317,170911,rest
57.6358,170618,rest
57.6400,170952,rest
57.6451,171379,rest
57.6481,170570,rest
57.6496,17,rest
57.6522,0757,rest
57.6535,17094,rest
57.6562,1,rest
57.6563,171158,rest
57.6619,170867,rest
57.6644,170281,rest
57.6686,170258,rest
57.6728,170671,rest
57.6770,170922,rest
57.6813,170839,rest
57.6849,170842,rest
57.6890,170666,rest
57.6940,170472,rest
57.6978,170692,rest
57.7013,170822,rest
57.7054,170527,rest
57.7101,170403,rest
57.7146,170260,rest
57.7177,170269,rest
57.7218,170464,rest
57.7267,170464,rest
57.7302,170849,rest
57.7342,170921,rest
57.7382,170865,rest
57.7436,7055,rest
57.7468,170525,rest
57.7506,170680,rest
57.7553,170630,rest
57.7589,7451,rest
57.7636,170587,rest
57.7669,170964,rest
57.7709,170837,rest
57.7752,70319,rest
57.7765,7,rest
57.7793,410,rest
57.7810,17064,rest
57.7835,8,rest
57.7837,170588,rest
57.7874,170710,rest
57.7916,7055,rest
57.7970,170185,rest
57.8000,170793,rest
57.8040,170382,rest
57.8080,1,rest
57.8122,170810,rest
57.8166,170664,rest
57.8203,170711,rest
57.8242,170624,rest
57.8285,170724,rest
57.8324,170477,rest
57.8365,170991,rest
57.8407,170958,rest
57.8456,170523,rest
57.8488,170583,rest
57.8529,171107,rest
57.8571,170514,rest
57.8621,170829,rest
57.8651,170420,rest
57.8692,170718,rest
57.8734,170613,rest
57.8783,170580,rest
57.8816,170970,rest
57.8856,170526,rest
57.8900,170702,rest
57.8953,170617,rest
57.8979,170715,rest
57.9020,170377,rest
57.9033,1,rest
57.9063,70805,rest
57.9078,1700,rest
57.9111,86,rest
57.9125,170325,rest
57.9143,170903,rest
57.9185,170667,rest
57.9227,171021,rest
57.9269,170759,rest
57.9307,170014,rest
57.9349,170373,rest
57.9389,170475,rest
57.9433,170667,rest
57.9473,170044,rest
57.9513,170436,rest
57.9552,170429,rest
57.9608,00,rest
57.9638,170822,rest
57.9682,170479,rest
57.9722,170988,rest
57.9758,170266,rest
57.9808,170218,rest
57.9839,170567,rest
57.9883,170464,rest
57.9923,708,rest
57.9975,170409,rest
58.0008,170107,rest
58.0044,170496,rest
58.0153,170272,rest
58.0167,170194,rest
58.0208,170040,rest
58.0315,170446,rest
58.0328,1,rest
58.0332,70500,rest
58.0344,1704,rest
58.0372,51,rest
58.0388,170542,rest
58.0427,121,rest
58.0462,170553,rest
58.0500,170187,rest
58.0542,170594,rest
58.0579,170420,rest
58.0629,170779,rest
58.0658,170412,rest
58.0700,170636,rest
58.0742,170669,rest
58.0784,170453,rest
58.0827,170274,rest
58.0863,170719,rest
58.0905,170539,rest
58.0951,171263,rest
58.0986,170451,rest
58.1027,170402,rest
58.1068,171000,rest
58.1119,170573,rest
58.1150,170617,rest
58.1193,170278,rest
58.1232,170105,rest
58.1292,170248,rest
58.1314,170671,rest
58.1354,171146,rest
58.1397,170396,rest
58.1444,170598,rest
58.1481,169900,rest
58.1519,169866,rest
58.1562,170707,rest
58.1577,1,rest
58.1604,70351,rest
58.1622,1707,rest
58.1642,95,rest
58.1652,170713,rest
58.1684,170714,rest
58.1723,170524,rest
58.1766,71,rest
58.1824,170480,rest
58.1857,170481,rest
58.1890,170958,rest
58.1939,170514,rest
58.1969,170678,rest
58.2010,170385,rest
58.2053,170792,rest
58.2109,170404,rest
58.2134,169967,rest
58.2175,170836,rest
58.2215,170843,rest
58.2260,170366,rest
58.2297,170376,rest
58.2337,170428,rest
58.2381,170508,rest
58.2422,7047,rest
58.2464,170175,rest
58.2505,170293,rest
58.2551,170763,rest
58.2585,716,rest
58.2638,170338,rest
58.2669,170385,rest
58.2707,170331,rest
58.2749,7067,rest
58.2792,170900,rest
58.2837,170855,rest
58.2895,170708,rest
58.2912,170585,rest
58.2929,170812,rest
58.2965,170757,rest
58.2993,170489,rest
58.3034,170577,rest
58.3075,169923,rest
58.3121,170245,rest
58.3160,170845,rest
58.3198,170569,rest
58.3239,170718,rest
58.3285,170767,rest
58.3321,170219,rest
58.3362,170562,rest
58.3404,170438,rest
58.3453,170670,rest
58.3485,170487,rest
58.3526,170246,rest
58.3567,170772,rest
58.3609,170452,rest
58.3648,170451,rest
58.3689,170490,rest
58.3731,170687,rest
58.3777,170461,rest
58.3812,170900,rest
58.3853,170039,rest
58.3895,170625,rest
58.3943,170832,rest
58.3976,170371,rest
58.4017,169865,rest
58.4061,170487,rest
58.4101,170463,rest
58.4144,170185,rest
58.4156,170,rest
58.4181,686,rest
58.4194,170472,rest
58.4222,170278,rest
58.4275,170647,rest
58.4304,170623,rest
58.4344,171115,rest
58.4387,171014,rest
58.4439,169954,rest
58.4468,170513,rest
58.4509,170639,rest
58.4550,170357,rest
58.4599,170890,rest
58.4636,170582,rest
58.4673,170679,rest
58.4713,170332,rest
58.4761,170483,rest
58.4801,170511,rest
58.4836,170033,rest
58.4877,170125,rest
58.4929,70,rest
58.4963,170373,rest
58.5017,170996,rest
58.5048,170548,rest
58.5093,171437,rest
58.5128,170437,rest
58.5165,169877,rest
58.5206,170833,rest
58.5267,3,rest
58.5312,170047,rest
58.5328,170678,rest
58.5369,170742,rest
58.5424,751,rest
58.5486,18,rest
58.5493,170690,rest
58.5494,170441,rest
58.5533,170364,rest
58.5576,17003,rest
58.5619,170592,rest
58.5660,170554,rest
58.5701,170454,rest
58.5738,170706,rest
58.5779,170585,rest
58.5819,170462,rest
58.5860,170656,rest
58.5902,170281,rest
58.5952,170275,rest
58.5983,170501,rest
58.6024,169845,rest
58.6066,170247,rest
58.6114,170718,rest
58.6148,170230,rest
58.6188,170273,rest
58.6229,170383,rest
58.6279,170650,rest
58.6311,170581,rest
58.6353,170475,rest
58.6395,170316,rest
58.6443,170284,rest
58.6475,170165,rest
58.6516,170518,rest
58.6559,170875,rest
58.6614,170413,rest
58.6638,170383,rest
58.6679,170245,rest
58.6694,17,rest
58.6720,0536,rest
58.6731,17056,rest
58.6766,6,rest
58.6792,170111,rest
58.6803,170943,rest
58.6843,170382,rest
58.6887,170627,rest
58.6928,170848,rest
58.6966,170909,rest
58.7007,169961,rest
58.7049,170196,rest
58.7095,170694,rest
58.7133,170735,rest
58.7171,170317,rest
58.7212,170754,rest
58.7254,9,rest
58.7298,170290,rest
58.7336,170336,rest
58.7402,170256,rest
58.7420,170492,rest
58.7459,7052,rest
58.7502,170418,rest
58.7541,170971,rest
58.7582,170541,rest
58.7628,170046,rest
58.7663,170695,rest
58.7704,170525,rest
58.7745,75,rest
58.7822,169759,rest
58.7827,169947,rest
58.7867,170462,rest
58.7921,7096,rest
58.7956,170291,rest
58.7970,1,rest
58.7991,70027,rest
58.8006,1706,rest
58.8032,09,rest
58.8045,170374,rest
58.8087,104,rest
58.8126,170749,rest
58.8161,170463,rest
58.8196,170404,rest
58.8244,170307,rest
58.8285,170535,rest
58.8320,170374,rest
58.8359,170246,rest
58.8401,170646,rest
58.8445,170547,rest
58.8482,170423,rest
58.8524,170649,rest
58.8566,170951,rest
58.8607,170933,rest
58.8647,170653,rest
58.8687,170321,rest
58.8728,170506,rest
58.8776,169945,rest
58.8810,171036,rest
58.8850,170368,rest
58.8893,170556,rest
58.8942,170668,rest
58.8973,170491,rest
58.9014,170549,rest
58.9057,170339,rest
58.9098,170797,rest
58.9137,171007,rest
58.9179,170471,rest
58.9219,170258,rest
58.9264,170555,rest
58.9282,170,rest
58.9301,606,rest
58.9311,170418,rest
58.9343,170291,rest
58.9383,170939,rest
58.9436,170124,rest
58.9465,170310,rest
58.9506,170479,rest
58.9546,170506,rest
58.9595,170319,rest
58.9634,170109,rest
58.9670,170318,rest
58.9710,169935,rest
58.9759,170199,rest
58.9792,170752,rest
58.9833,170515,rest
58.9874,170898,rest
58.9927,0,rest
58.9970,170531,rest
59.0004,170692,rest
59.0039,170380,rest
59.0080,77,rest
59.0125,170586,rest
59.0169,170689,rest
59.0202,170653,rest
59.0244,7063,rest
59.0286,170423,rest
59.0339,170687,rest
59.0366,170719,rest
59.0418,0,rest
59.0457,170053,rest
59.0501,170846,rest
59.0533,170624,rest
59.0545,17,rest
59.0572,4,rest
59.0586,778,rest
59.0611,6,rest
59.0613,169959,rest
59.0652,170315,rest
59.0693,170921,rest
59.0743,17085,rest
59.0781,170437,rest
59.0828,170657,rest
59.0864,170875,rest
59.0899,170976,rest
59.0945,170428,rest
59.0984,171183,rest
59.1021,169975,rest
59.1064,170396,rest
59.1114,170726,rest
59.1144,170764,rest
59.1186,170487,rest
59.1228,170758,rest
59.1271,170474,rest
59.1310,170820,rest
59.1349,170711,rest
59.1390,170775,rest
59.1434,170215,rest
59.1473,170751,rest
59.1513,171114,rest
59.1553,170335,rest
59.1614,170279,rest
59.1636,170559,rest
59.1676,170062,rest
59.1718,170361,rest
59.1761,170101,rest
59.1800,170596,rest
59.1815,17,rest
59.1841,0729,rest
59.1853,17009,rest
59.1881,6,rest
59.1882,170367,rest
59.1926,170526,rest
59.1967,170530,rest
59.2005,170720,rest
59.2045,170504,rest
59.2089,170607,rest
59.2136,170820,rest
59.2171,170811,rest
59.2209,170670,rest
59.2251,7022,rest
59.2295,170685,rest
59.2345,170543,rest
59.2381,170261,rest
59.2416,7783,rest
59.2458,170847,rest
59.2508,170765,rest
59.2545,170951,rest
59.2579,709,rest
59.2623,170093,rest
59.2669,170416,rest
59.2701,170626,rest
59.2756,76,rest
59.2796,170467,rest
59.2853,170323,rest
59.2864,170559,rest
59.2908,7072,rest
59.2953,170897,rest
59.2988,171043,rest
59.3056,170430,rest
59.3069,170916,rest
59.3080,17,rest
59.3112,0487,rest
59.3132,17094,rest
59.3151,1,rest
59.3162,170430,rest
59.3193,170690,rest
59.3235,170786,rest
59.3290,170563,rest
59.3315,170511,rest
59.3356,170732,rest
59.3397,170449,rest
59.3445,170522,rest
59.3479,170315,rest
59.3520,170691,rest
59.3561,170474,rest
59.3611,170536,rest
59.3642,170158,rest
59.3683,170338,rest
59.3726,170748,rest
59.3774,170200,rest
59.3806,170383,rest
59.3847,170356,rest
59.3890,170350,rest
59.3934,170304,rest
59.3974,170130,rest
59.4011,170743,rest
59.4054,170362,rest
59.4103,170624,rest
59.4136,170682,rest
59.4175,170203,rest
59.4216,170544,rest
59.4260,170197,rest
59.4308,170312,rest
59.4339,170885,rest
59.4349,17,rest
59.4380,0422,rest
59.4394,16971,rest
59.4422,6,rest
59.4438,170669,rest
59.4462,170491,rest
59.4502,170241,rest
59.4544,170594,rest
59.4588,170196,rest
59.4635,170833,rest
59.4667,170179,rest
59.4707,170901,rest
59.4753,170417,rest
59.4794,170554,rest
59.4831,170312,rest
59.4874,170554,rest
59.4924,700,rest
59.4997,170426,rest
59.4998,170158,rest
59.5035,170283,rest
59.5085,7,rest
59.5121,170446,rest
59.5161,170904,rest
59.5200,170207,rest
59.5241,7038,rest
59.5282,170276,rest
59.5329,170334,rest
59.5364,170467,rest
59.5404,170696,rest
59.5449,170264,rest
59.5486,170621,rest
59.5526,170695,rest
59.5578,07,rest
59.5621,170470,rest
59.5641,1,rest
59.5651,70158,rest
59.5663,1704,rest
59.5691,58,rest
59.5701,170311,rest
59.5750,1705,rest
59.5776,170611,rest
59.5823,170216,rest
59.5856,170643,rest
59.5897,170589,rest
59.5943,170653,rest
59.5979,170671,rest
59.6018,170766,rest
59.6059,170525,rest
59.6101,170706,rest
59.6141,170999,rest
59.6182,170087,rest
59.6223,170388,rest
59.6277,170786,rest
59.6305,170784,rest
59.6345,170215,rest
59.6388,170334,rest
59.6431,170867,rest
59.6469,171193,rest
59.6511,170574,rest
59.6552,170572,rest
59.6609,170194,rest
59.6632,170832,rest
59.6673,170954,rest
59.6716,170441,rest
59.6759,170546,rest
59.6796,170843,rest
59.6837,170322,rest
59.6878,170946,rest
59.6923,170524,rest
59.6937,170,rest
59.6960,500,rest
59.6976,170515,rest
59.7002,171027,rest
59.7042,170634,rest
59.7101,170689,rest
59.7124,170101,rest
59.7165,170743,rest
59.7206,170642,rest
59.7252,170367,rest
59.7288,170495,rest
59.7328,170508,rest
59.7372,170700,rest
59.7430,70552,rest
59.7479,170661,rest
59.7496,170937,rest
59.7534,170443,rest
59.7589,7002,rest
59.7619,170413,rest
59.7665,170859,rest
59.7698,170509,rest
59.7740,749,rest
59.7785,170650,rest
59.7825,170365,rest
59.7874,170345,rest
59.7913,31,rest
59.7957,170922,rest
59.7995,170589,rest
59.8033,170417,rest
59.8067,170469,rest
59.8112,170248,rest
59.8148,170614,rest
59.8160,1,rest
59.8189,70322,rest
59.8203,170,rest
59.8233,826,rest
59.8247,17412,rest
59.8291,170311,rest
59.8312,170132,rest
59.8353,170459,rest
59.8395,170996,rest
59.8436,170569,rest
59.8476,170532,rest
59.8516,170424,rest
59.8559,170593,rest
59.8607,170697,rest
59.8639,170577,rest
59.8680,170870,rest
59.8722,170652,rest
59.8766,170205,rest
59.8808,170853,rest
59.8844,170276,rest
59.8886,170808,rest
59.8939,170190,rest
59.8967,170685,rest
59.9008,170740,rest
59.9050,170211,rest
59.9093,170119,rest
59.9132,170140,rest
59.9173,170814,rest
59.9213,170258,rest
59.9271,170443,rest
59.9295,170742,rest
59.9335,170601,rest
59.9381,170543,rest
59.9419,170234,rest
59.9459,170472,rest
59.9473,170,rest
59.9500,068,rest
59.9510,170124,rest
59.9541,170725,rest
59.9587,170557,rest
59.9623,170238,rest
59.9663,170414,rest
59.9705,170334,rest
59.9766,170325,rest
59.9786,170610,rest
59.9827,170991,rest
59.9868,170824,rest
59.9919,170831,rest
59.9950,170545,rest
59.9991,170268,rest
60.0032,170602,rest
60.0075,733,rest
60.0117,170392,rest
60.0162,170610,rest
60.0196,170929,rest
60.0244,70127,rest
60.0286,170676,rest
60.0322,170676,rest
60.0360,170824,rest
60.0418,718,rest
60.0446,170646,rest
60.0483,170070,rest
60.0524,170396,rest
60.0576,704,rest
60.0608,170448,rest
60.0646,170528,rest
60.0687,169966,rest
60.0730,170364,rest
60.0743,7,rest
60.0771,220,rest
60.0788,17029,rest
60.0814,0,rest
60.0818,170510,rest
60.0851,170621,rest
60.0893,170157,rest
60.0937,170588,rest
60.0979,170437,rest
60.1015,169999,rest
60.1056,170516,rest
60.1108,170179,rest
60.1138,170707,rest
60.1179,170694,rest
60.1220,170390,rest
60.1269,170571,rest
60.1302,170477,rest
60.1343,170731,rest
60.1384,170459,rest
60.1436,170570,rest
60.1465,170308,rest
60.1506,170488,rest
60.1548,170286,rest
60.1600,170491,rest
60.1629,170963,rest
60.1670,170400,rest
60.1712,170229,rest
60.1757,170656,rest
60.1797,170525,rest
60.1834,170308,rest
60.1875,170575,rest
60.1920,170594,rest
60.1957,170645,rest
60.1998,170377,rest
60.2008,17,rest
60.2039,0188,rest
60.2055,17035,rest
60.2082,6,rest
60.2085,170667,rest
60.2121,170306,rest
60.2162,170273,rest
60.2203,170534,rest
60.2249,170266,rest
60.2285,170621,rest
60.2326,171149,rest
60.2371,170635,rest
60.2414,170396,rest
60.2448,170931,rest
60.2490,170433,rest
60.2530,170623,rest
60.2576,170532,rest
60.2612,170792,rest
60.2653,170301,rest
60.2694,170172,rest
60.2749,6973,rest
60.2783,170225,rest
60.2818,170694,rest
60.2858,170206,rest
60.2911,76,rest
60.2946,170518,rest
60.2982,170295,rest
60.3022,170595,rest
60.3078,15,rest
60.3113,170578,rest
60.3147,170390,rest
60.3186,170519,rest
60.3242,170429,rest
60.3272,170459,rest
60.3287,1,rest
60.3309,70734,rest
60.3322,1705,rest
60.3349,25,rest
60.3359,170848,rest
60.3391,170512,rest
60.3443,170535,rest
60.3473,170724,rest
60.3513,170145,rest
60.3554,170547,rest
60.3605,170419,rest
60.3636,170868,rest
60.3677,171332,rest
60.3720,170535,rest
60.3769,170137,rest
60.3800,170109,rest
60.3841,170842,rest
60.3882,170773,rest
60.3928,170486,rest
60.3964,170952,rest
60.4006,170354,rest
60.4046,170307,rest
60.4100,170751,rest
60.4128,170516,rest
60.4169,170516,rest
60.4209,170803,rest
60.4260,170194,rest
60.4292,170659,rest
60.4332,170588,rest
60.4375,170684,rest
60.4417,170262,rest
60.4456,170745,rest
60.4496,170498,rest
60.4538,170182,rest
60.4548,1,rest
60.4579,0286,rest
60.4595,1,rest
60.4620,4,rest
60.4649,170382,rest
60.4663,170552,rest
60.4702,170836,rest
60.4745,171112,rest
60.4783,170335,rest
60.4824,170471,rest
60.4866,170602,rest
60.4912,171086,rest
60.4947,170469,rest
60.4988,170515,rest
60.5029,170242,rest
60.5075,170057,rest
60.5111,170504,rest
60.5152,170343,rest
60.5193,170882,rest
60.5234,70805,rest
60.5289,170722,rest
60.5318,170624,rest
60.5357,170165,rest
60.5413,705,rest
60.5440,170248,rest
60.5479,170712,rest
60.5520,170472,rest
60.5562,70312,rest
60.5611,170295,rest
60.5650,170966,rest
60.5684,171013,rest
60.5747,17032,rest
60.5774,170683,rest
60.5808,170515,rest
60.5819,1,rest
60.5848,70452,rest
60.5866,1706,rest
60.5889,96,rest
60.5902,170521,rest
60.5931,170606,rest
60.5971,170499,rest
60.6012,170651,rest
60.6054,170477,rest
60.6102,170207,rest
60.6135,170329,rest
60.6176,170294,rest
60.6218,170595,rest
60.6269,170433,rest
60.6299,170761,rest
60.6339,170392,rest
60.6381,170483,rest
60.6434,170275,rest
60.6462,171035,rest
60.6503,170925,rest
60.6547,170352,rest
60.6593,170367,rest
60.6626,170352,rest
60.6667,170290,rest
60.6708,170220,rest
60.6758,170789,rest
60.6790,171089,rest
60.6831,170253,rest
60.6872,170451,rest
60.6924,170859,rest
60.6954,170413,rest
60.6995,171042,rest
60.7036,170555,rest
60.7083,170418,rest
60.7098,1,rest
60.7118,70713,rest
60.7129,1705,rest
60.7159,48,rest
60.7174,170715,rest
60.7200,170338,rest
60.7242,700,rest
60.7287,170819,rest
60.7330,170356,rest
60.7364,170376,rest
60.7406,7056,rest
60.7452,170449,rest
60.7494,170563,rest
60.7528,170772,rest
60.7570,758,rest
60.7614,170778,rest
60.7652,170575,rest
60.7691,170758,rest
60.7743,701,rest
60.7781,170599,rest
60.7825,170281,rest
60.7856,170385,rest
60.7908,714,rest
60.7939,170775,rest
60.7979,170034,rest
60.8019,170580,rest
60.8063,777,rest
60.8105,171113,rest
60.8147,170533,rest
60.8183,170577,rest
60.8234,17068,rest
60.8270,170513,rest
60.8317,170777,rest
60.8349,170840,rest
60.8389,170947,rest
60.8408,170,rest
60.8430,907,rest
60.8443,170261,rest
60.8470,171085,rest
60.8510,170658,rest
60.8551,170889,rest
60.8602,170754,rest
60.8633,170921,rest
60.8674,170862,rest
60.8717,170358,rest
60.8760,170368,rest
60.8797,170419,rest
60.8838,170593,rest
60.8879,170721,rest
60.8926,170746,rest
60.8961,170606,rest
60.9002,170145,rest
60.9043,170328,rest
60.9095,170602,rest
60.9126,170561,rest
60.9166,170856,rest
60.9208,170211,rest
60.9251,170561,rest
60.9289,170868,rest
60.9330,170652,rest
60.9371,170862,rest
60.9417,170674,rest
60.9453,170723,rest
60.9493,170625,rest
60.9535,170468,rest
60.9582,170673,rest
60.9617,170472,rest
60.9658,170423,rest
60.9671,17,rest
60.9699,0480,rest
60.9708,17036,rest
60.9744,0,rest
60.9749,170561,rest
60.9780,170862,rest
60.9821,170398,rest
60.9862,170622,rest
60.9914,72,rest
60.9947,170119,rest
60.9986,170489,rest
61.0026,170312,rest
61.0072,170688,rest
61.0108,170351,rest
61.0149,170290,rest
61.0190,170887,rest
61.0237,170507,rest
61.0272,170793,rest
61.0312,170495,rest
61.0353,170418,rest
61.0400,70549,rest
61.0444,170565,rest
61.0479,170492,rest
61.0517,170765,rest
61.0560,758,rest
61.0602,170159,rest
61.0640,170680,rest
61.0681,170696,rest
61.0722,170468,rest
61.0765,170825,rest
61.0804,170430,rest
61.0845,170594,rest
61.0887,170801,rest
61.0930,171092,rest
61.0943,16,rest
61.0968,9952,rest
61.0981,17073,rest
61.1009,0,rest
61.1018,170159,rest
61.1051,170716,rest
61.1091,170571,rest
61.1132,170564,rest
61.1173,170010,rest
61.1214,170147,rest
61.1260,170428,rest
61.1296,170458,rest
61.1337,170509,rest
61.1379,170206,rest
61.1424,169971,rest
61.1460,171004,rest
61.1501,171011,rest
61.1542,170426,rest
61.1591,170181,rest
61.1624,170194,rest
61.1664,170187,rest
61.1705,170589,rest
61.1749,170622,rest
61.1788,170108,rest
61.1829,170721,rest
61.1869,170489,rest
61.1914,170689,rest
61.1952,170500,rest
61.1993,170094,rest
61.2033,170698,rest
61.2093,169881,rest
61.2115,170470,rest
61.2156,170464,rest
61.2197,171010,rest
61.2207,1,rest
61.2239,70119,rest
61.2253,7,rest
61.2280,62,rest
61.2306,170683,rest
61.2320,170535,rest
61.2361,171044,rest
61.2420,730,rest
61.2445,170811,rest
61.2487,170352,rest
61.2525,170668,rest
61.2573,17030,rest
61.2609,170964,rest
61.2647,170123,rest
61.2688,170264,rest
61.2746,70571,rest
61.2777,170183,rest
61.2822,170829,rest
61.2852,170103,rest
61.2894,707,rest
61.2938,170125,rest
61.2984,170873,rest
61.3016,170260,rest
61.3076,6980,rest
61.3100,169936,rest
61.3141,170668,rest
61.3180,170657,rest
61.3231,1729,rest
61.3269,170971,rest
61.3315,170760,rest
61.3344,170435,rest
61.3386,170468,rest
61.3435,170746,rest
61.3467,170576,rest
61.3483,1,rest
61.3508,70275,rest
61.3519,1711,rest
61.3549,06,rest
61.3571,170759,rest
61.3594,170427,rest
61.3631,170577,rest
61.3672,170111,rest
61.3712,169975,rest
61.3758,170762,rest
61.3794,170555,rest
61.3835,170355,rest
61.3876,170769,rest
61.3921,170323,rest
61.3958,170363,rest
61.4000,170132,rest
61.4040,170917,rest
61.4082,170603,rest
61.4123,170637,rest
61.4163,170540,rest
61.4204,169907,rest
61.4249,170763,rest
61.4287,170580,rest
61.4327,170510,rest
61.4367,170829,rest
61.4414,170069,rest
61.4449,170752,rest
61.4490,170614,rest
61.4531,170373,rest
61.4577,170210,rest
61.4622,170370,rest
61.4654,170191,rest
61.4696,170440,rest
61.4747,170439,rest
61.4777,170327,rest
61.4788,170,rest
61.4818,436,rest
61.4827,170435,rest
61.4859,170457,rest
61.4916,704,rest
61.4943,170154,rest
61.4982,170494,rest
61.5023,170679,rest
61.5073,170058,rest
61.5105,170574,rest
61.5146,170565,rest
61.5188,170166,rest
61.5229,728,rest
61.5276,170578,rest
61.5311,170846,rest
61.5351,171040,rest
61.5395,614,rest
61.5442,170111,rest
61.5487,170323,rest
61.5514,171065,rest
61.5569,75,rest
61.5599,170106,rest
61.5650,170184,rest
61.5678,170727,rest
61.5739,1701,rest
61.5767,170075,rest
61.5801,170658,rest
61.5842,171013,rest
61.5883,170463,rest
61.5936,170730,rest
61.5965,171099,rest
61.6007,170401,rest
61.6048,170434,rest
61.6057,170,rest
61.6088,806,rest
61.6103,17059,rest
61.6129,7,rest
61.6129,170386,rest
61.6170,170595,rest
61.6212,170186,rest
61.6255,170904,rest
61.6292,170150,rest
61.6334,170278,rest
61.6376,170220,rest
61.6419,170987,rest
61.6457,169760,rest
61.6498,170788,rest
61.6541,170199,rest
61.6583,170682,rest
61.6621,170409,rest
61.6661,170243,rest
61.6702,170467,rest
61.6747,170428,rest
61.6789,170259,rest
61.6826,170653,rest
61.6867,170238,rest
61.6913,70363,rest
61.6953,170149,rest
61.6990,170245,rest
61.7030,170210,rest
61.7077,170806,rest
61.7112,170011,rest
61.7153,170429,rest
61.7194,170280,rest
61.7254,7131,rest
61.7283,170912,rest
61.7319,170454,rest
61.7333,17,rest
61.7357,0844,rest
61.7370,17032,rest
61.7403,068,rest
61.7443,170243,rest
61.7480,170359,rest
61.7521,170047,rest
61.7564,78,rest
61.7605,170178,rest
61.7653,170262,rest
61.7687,170819,rest
61.7727,70563,rest
61.7770,170054,rest
61.7820,170565,rest
61.7849,170363,rest
61.7903,705,rest
61.7941,170486,rest
61.7979,170249,rest
61.8013,170632,rest
61.8104,170109,rest
61.8146,170396,rest
61.8177,170586,rest
61.8239,1701,rest
61.8261,170635,rest
61.8300,170277,rest
61.8340,170160,rest
61.8383,171071,rest
61.8432,170721,rest
61.8463,170519,rest
61.8505,170398,rest
61.8546,170464,rest
61.8592,170440,flicker
61.8606,1,flicker
61.8629,70353,flicker
61.8644,1701,flicker
61.8669,78,flicker
61.8684,170510,flicker
61.8710,170399,flicker
61.8755,170607,flicker
61.8791,170352,flicker
61.8832,170359,flicker
61.8873,171097,flicker
61.8919,170328,flicker
61.8955,170148,flicker
61.8997,171093,flicker
61.9038,170786,flicker
61.9079,70225,flicker
61.9125,170678,flicker
61.9161,170706,flicker
61.9203,170980,flicker
61.9245,170597,flicker
61.9291,170586,flicker
61.9324,170933,flicker
61.9364,170239,flicker
61.9409,170920,flicker
61.9450,170679,flicker
61.9487,170688,flicker
61.9528,170447,flicker
61.9571,74,flicker
61.9617,169916,flicker
61.9655,170665,flicker
61.9693,170907,flicker
61.9734,170706,flicker
61.9778,170667,flicker
61.9815,170366,flicker
61.9857,170204,flicker
61.9872,1,flicker
61.9903,70685,flicker
61.9917,170,flicker
61.9939,301,flicker
61.9951,170639,flicker
61.9980,170702,flicker
62.0020,170608,flicker
62.0077,73,flicker
62.0107,170468,flicker
62.0151,170487,flicker
62.0184,170504,flicker
62.0226,705,flicker
62.0285,170639,flicker
62.0309,170704,flicker
62.0347,170558,flicker
62.0390,772,flicker
62.0433,170514,flicker
62.0481,170421,flicker
62.0520,170800,flicker
62.0555,17074,flicker
62.0596,170355,flicker
62.0636,170140,flicker
62.0682,170675,flicker
62.0717,170243,flicker
62.0764,170236,flicker
62.0803,170239,flicker
62.0839,170374,flicker
62.0881,170273,flicker
62.0923,170416,flicker
62.0962,169924,flicker
62.1003,170175,flicker
62.1044,170101,flicker
62.1091,170522,flicker
62.1130,170561,flicker
62.1167,170184,flicker
62.1181,170,flicker
62.1208,333,flicker
62.1222,170662,flicker
62.1256,170714,flicker
62.1292,170318,flicker
62.1331,170697,flicker
62.1372,170229,flicker
62.1427,170438,flicker
62.1454,170412,flicker
62.1496,170410,flicker
62.1536,170158,flicker
62.1580,171004,flicker
62.1619,170017,flicker
62.1658,170994,flicker
62.1699,170058,flicker
62.1744,170322,flicker
62.1790,170488,flicker
62.1822,170461,flicker
62.1863,170259,flicker
62.1917,170640,flicker
62.1945,170636,flicker
62.1986,170232,flicker
62.2028,170348,flicker
62.2072,170645,flicker
62.2114,170416,flicker
62.2150,170547,flicker
62.2191,170434,flicker
62.2239,170249,flicker
62.2278,170554,flicker
62.2314,170682,flicker
62.2354,170533,flicker
62.2413,71129,flicker
62.2441,170770,flicker
62.2457,170,flicker
62.2478,093,flicker
62.2494,171088,flicker
62.2519,170373,flicker
62.2616,170833,flicker
62.2645,170301,flicker
62.2682,170759,flicker
62.2737,9,flicker
62.2772,170890,flicker
62.2813,170559,flicker
62.2852,170671,flicker
62.2900,170826,flicker
62.2932,170451,flicker
62.2981,700,flicker
62.3024,170487,flicker
62.3053,170221,flicker
62.3098,170632,flicker
62.3133,170735,flicker
62.3189,170865,flicker
62.3230,1706,flicker
62.3268,170685,flicker
62.3301,170409,flicker
62.3338,170236,flicker
62.3379,170597,flicker
62.3433,170503,flicker
62.3460,170688,flicker
62.3501,170364,flicker
62.3543,170490,flicker
62.3599,170702,flicker
62.3624,170457,flicker
62.3666,170783,flicker
62.3710,170577,flicker
62.3725,17,flicker
62.3754,0533,flicker
62.3765,17045,flicker
62.3789,5,flicker
62.3790,170357,flicker
62.3830,170389,flicker
62.3870,170154,flicker
62.3916,170218,flicker
62.3953,170413,flicker
62.3993,169948,flicker
62.4036,170659,flicker
62.4088,170526,flicker
62.4116,170473,flicker
62.4156,170355,flicker
62.4200,170161,flicker
62.4245,170073,flicker
62.4280,170491,flicker
62.4321,171020,flicker
62.4361,170026,flicker
62.4421,170760,flicker
62.4443,170868,flicker
62.4484,170284,flicker
62.4526,170208,flicker
62.4573,170733,flicker
62.4608,171063,flicker
62.4650,170536,flicker
62.4689,170390,flicker
62.4746,177,flicker
62.4778,170432,flicker
62.4813,170401,flicker
62.4853,170464,flicker
62.4914,709,flicker
62.4945,170889,flicker
62.4978,170828,flicker
62.4991,17,flicker
62.5017,0549,flicker
62.5029,17074,flicker
62.5073,174,flicker
62.5108,170151,flicker
62.5150,169937,flicker
62.5181,170506,flicker
62.5224,7,flicker
62.5269,170553,flicker
62.5307,170445,flicker
62.5345,170298,flicker
62.5404,7008,flicker
62.5438,170904,flicker
62.5492,170433,flicker
62.5509,170359,flicker
62.5561,7057,flicker
62.5593,170660,flicker
62.5638,170281,flicker
62.5682,170713,flicker
62.5714,170743,flicker
62.5760,170189,flicker
62.5801,170574,flicker
62.5836,170682,flicker
62.5878,170746,flicker
62.5928,170204,flicker
62.5959,170490,flicker
62.6000,169879,flicker
62.6041,171035,flicker
62.6091,170812,flicker
62.6123,170505,flicker
62.6164,170580,flicker
62.6207,170774,flicker
62.6251,170425,flicker
62.6261,17,flicker
62.6287,0641,flicker
62.6299,1707,flicker
62.6329,54,flicker
62.6347,170646,flicker
62.6369,170618,flicker
62.6412,170311,flicker
62.6453,170915,flicker
62.6491,170773,flicker
62.6532,170316,flicker
62.6575,170789,flicker
62.6614,170833,flicker
62.6656,170369,flicker
62.6696,170825,flicker
62.6740,170412,flicker
62.6779,170427,flicker
62.6820,170434,flicker
62.6860,170459,flicker
62.6906,170745,flicker
62.6942,170241,flicker
62.6983,170517,flicker
62.7024,170192,flicker
62.7068,170115,flicker
62.7106,170778,flicker
62.7147,170533,flicker
62.7187,170413,flicker
62.7236,170453,flicker
62.7270,170783,flicker
62.7310,170335,flicker
62.7352,170462,flicker
62.7405,7329,flicker
62.7442,170475,flicker
62.7489,170665,flicker
62.7524,170470,flicker
62.7528,1,flicker
62.7563,70309,flicker
62.7579,1709,flicker
62.7597,52,flicker
62.7609,170927,flicker
62.7639,170874,flicker
62.7679,170251,flicker
62.7740,70594,flicker
62.7764,169651,flicker
62.7815,170186,flicker
62.7843,171175,flicker
62.7885,7,flicker
62.7938,170738,flicker
62.7973,170278,flicker
62.8007,170520,flicker
62.8049,9997,flicker
62.8093,170580,flicker
62.8145,170987,flicker
62.8171,170877,flicker
62.8222,1708,flicker
62.8266,171035,flicker
62.8302,171443,flicker
62.8336,170607,flicker
62.8376,170089,flicker
62.8423,170447,flicker
62.8457,170480,flicker
62.8499,169944,flicker
62.8540,170526,flicker
62.8587,170305,flicker
62.8621,170497,flicker
62.8662,170326,flicker
62.8704,170517,flicker
62.8750,170177,flicker
62.8787,170262,flicker
62.8827,170643,flicker
62.8844,170,flicker
62.8867,496,flicker
62.8879,170780,flicker
62.8914,170510,flicker
62.8949,170542,flicker
62.8990,170273,flicker
62.9033,170556,flicker
62.9077,170670,flicker
62.9115,171036,flicker
62.9153,170410,flicker
62.9194,170974,flicker
62.9241,170751,flicker
62.9277,170540,flicker
62.9317,170442,flicker
62.9360,170286,flicker
62.9402,170524,flicker
62.9448,170279,flicker
62.9481,170076,flicker
62.9522,170179,flicker
62.9569,171149,flicker
62.9605,170473,flicker
62.9646,170377,flicker
62.9686,170647,flicker
62.9729,170785,flicker
62.9768,170583,flicker
62.9809,170615,flicker
62.9850,170302,flicker
62.9893,170569,flicker
62.9934,170848,flicker
62.9976,170472,flicker
63.0014,170388,flicker
63.0066,7020,flicker
63.0103,170731,flicker
63.0129,170,flicker
63.0138,774,flicker
63.0158,170391,flicker
63.0178,170773,flicker
63.0221,89,flicker
63.0264,170504,flicker
63.0311,170376,flicker
63.0341,171245,flicker
63.0399,6970,flicker
63.0427,170879,flicker
63.0467,170470,flicker
63.0507,171058,flicker
63.0564,7056,flicker
63.0599,170636,flicker
63.0636,170669,flicker
63.0669,170320,flicker
63.0725,110,flicker
63.0753,170592,flicker
63.0800,170547,flicker
63.0835,170691,flicker
63.0877,170349,flicker
63.0920,170315,flicker
63.0960,170876,flicker
63.0997,170917,flicker
63.1038,170369,flicker
63.1085,170933,flicker
63.1120,170048,flicker
63.1160,170824,flicker
63.1202,170772,flicker
63.1253,170396,flicker
63.1284,170440,flicker
63.1326,170219,flicker
63.1366,170220,flicker
63.1384,170,flicker
63.1414,231,flicker
63.1436,170683,flicker
63.1448,170610,flicker
63.1489,170399,flicker
63.1531,170948,flicker
63.1583,170481,flicker
63.1611,170733,flicker
63.1652,170420,flicker
63.1694,170432,flicker
63.1738,170428,flicker
63.1777,170279,flicker
63.1816,170519,flicker
63.1857,170402,flicker
63.1911,170834,flicker
63.1939,170533,flicker
63.1980,170658,flicker
63.2022,170183,flicker
63.2071,170060,flicker
63.2103,170650,flicker
63.2144,170583,flicker
63.2185,170807,flicker
63.2233,170983,flicker
63.2267,170499,flicker
63.2307,170073,flicker
63.2349,170247,flicker
63.2407,70715,flicker
63.2439,170453,flicker
63.2473,170988,flicker
63.2512,170704,flicker
63.2555,731,flicker
63.2601,170472,flicker
63.2643,170862,flicker
63.2661,171,flicker
63.2676,001,flicker
63.2690,17069,flicker
63.2718,5,flicker
63.2721,170796,flicker
63.2760,170902,flicker
63.2799,170670,flicker
63.2840,170357,flicker
63.2903,7123,flicker
63.2930,170556,flicker
63.2967,170926,flicker
63.3004,170248,flicker
63.3046,7095,flicker
63.3089,170892,flicker
63.3133,170751,flicker
63.3167,170774,flicker
63.3210,170006,flicker
63.3255,170582,flicker
63.3291,171016,flicker
63.3332,170497,flicker
63.3373,170485,flicker
63.3419,170531,flicker
63.3454,170508,flicker
63.3495,170769,flicker
63.3537,170395,flicker
63.3580,170503,flicker
63.3618,170834,flicker
63.3660,170729,flicker
63.3700,170340,flicker
63.3747,170943,flicker
63.3782,170516,flicker
63.3824,170076,flicker
63.3864,170846,flicker
63.3909,170857,flicker
63.3926,17,flicker
63.3947,0780,flicker
63.3959,17101,flicker
63.3987,9,flicker
63.3998,170845,flicker
63.4030,170748,flicker
63.4073,170835,flicker
63.4110,170956,flicker
63.4151,171071,flicker
63.4192,170401,flicker
63.4239,170810,flicker
63.4274,170754,flicker
63.4315,170146,flicker
63.4355,170405,flicker
63.4399,170703,flicker
63.4437,170465,flicker
63.4479,170874,flicker
63.4519,170891,flicker
63.4563,171075,flicker
63.4601,170660,flicker
63.4642,170964,flicker
63.4684,170677,flicker
63.4731,170643,flicker
63.4766,170636,flicker
63.4807,170615,flicker
63.4847,170459,flicker
63.4889,703,flicker
63.4934,170497,flicker
63.4973,170799,flicker
63.5011,170839,flicker
63.5055,010,flicker
63.5101,170737,flicker
63.5139,170672,flicker
63.5175,170795,flicker
63.5189,1,flicker
63.5218,0723,flicker
63.5235,7,flicker
63.5259,10,flicker
63.5273,170632,flicker
63.5297,170686,flicker
63.5339,170184,flicker
63.5392,70612,flicker
63.5424,170449,flicker
63.5469,170605,flicker
63.5505,170502,flicker
63.5544,170957,flicker
63.5587,170825,flicker
63.5626,170756,flicker
63.5666,171027,flicker
63.5710,170633,flicker
63.5750,170681,flicker
63.5792,169648,flicker
63.5830,170399,flicker
63.5871,170482,flicker
63.5914,171080,flicker
63.5953,170824,flicker
63.5993,170036,flicker
63.6035,170578,flicker
63.6079,170370,flicker
63.6118,170559,flicker
63.6158,170829,flicker
63.6199,170641,flicker
63.6242,170115,flicker
63.6281,170538,flicker
63.6323,170509,flicker
63.6363,170243,flicker
63.6408,170599,flicker
63.6445,170499,flicker
63.6455,1,flicker
63.6486,70288,flicker
63.6503,1702,flicker
63.6528,82,flicker
63.6537,170128,flicker
63.6573,170818,flicker
63.6613,170707,flicker
63.6649,170718,flicker
63.6690,171062,flicker
63.6733,170615,flicker
63.6772,170602,flicker
63.6814,170418,flicker
63.6854,169831,flicker
63.6901,170673,flicker
63.6936,170797,flicker
63.6977,170713,flicker
63.7018,170965,flicker
63.7064,170443,flicker
63.7100,170431,flicker
63.7141,170866,flicker
63.7181,170962,flicker
63.7224,70,flicker
63.7266,170302,flicker
63.7317,170400,flicker
63.7345,171039,flicker
63.7387,170569,flicker
63.7433,170610,flicker
63.7479,170615,flicker
63.7511,170871,flicker
63.7551,7045,flicker
63.7616,170323,flicker
63.7639,170386,flicker
63.7673,170704,flicker
63.7715,707,flicker
63.7758,170352,flicker
63.7780,170,flicker
63.7818,325,flicker
63.7833,170347,flicker
63.7838,170425,flicker
63.7880,7012,flicker
63.7922,170857,flicker
63.7971,170882,flicker
63.8005,170596,flicker
63.8061,170248,flicker
63.8089,171135,flicker
63.8124,170882,flicker
63.8165,170772,flicker
63.8208,1,flicker
63.8251,170503,flicker
63.8288,170530,flicker
63.8329,170682,flicker
63.8370,170769,flicker
63.8413,170564,flicker
63.8456,170258,flicker
63.8492,170889,flicker
63.8534,170820,flicker
63.8585,170676,flicker
63.8615,170282,flicker
63.8660,170683,flicker
63.8699,170755,flicker
63.8740,170811,flicker
63.8782,170982,flicker
63.8820,170092,flicker
63.8862,170337,flicker
63.8917,170609,flicker
63.8943,170548,flicker
63.8983,171042,flicker
63.9026,170110,flicker
63.9040,170,flicker
63.9078,549,flicker
63.9100,17034,flicker
63.9106,8,flicker
63.9107,170679,flicker
63.9149,170668,flicker
63.9189,170681,flicker
63.9231,70851,flicker
63.9273,170717,flicker
63.9312,170917,flicker
63.9359,170263,flicker
63.9401,170873,flicker
63.9451,17066,flicker
63.9481,170862,flicker
63.9533,170799,flicker
63.9565,170561,flicker
63.9610,02,flicker
63.9642,170974,flicker
63.9684,170697,flicker
63.9730,170488,flicker
63.9763,170682,flicker
63.9812,170824,flicker
63.9844,170357,flicker
63.9900,5,flicker
63.9948,170614,flicker
63.9986,170870,flicker
64.0008,170560,flicker
64.0065,75,flicker
64.0094,171057,flicker
64.0139,170442,flicker
64.0195,171166,flicker
64.0213,170950,flicker
64.0264,171018,flicker
64.0295,170308,flicker
64.0307,17,flicker
64.0335,0815,flicker
64.0351,17027,flicker
64.0389,17092,flicker
64.0421,170505,flicker
64.0462,170870,flicker
64.0499,171104,flicker
64.0551,705,flicker
64.0585,170520,flicker
64.0630,171156,flicker
64.0663,170635,flicker
64.0749,170343,flicker
64.0787,170658,flicker
64.0827,170417,flicker
64.0868,170882,flicker
64.0913,170870,flicker
64.0950,170727,flicker
64.0991,170305,flicker
64.1032,171179,flicker
64.1078,170551,flicker
64.1117,170754,flicker
64.1155,170777,flicker
64.1196,171011,flicker
64.1242,170767,flicker
64.1280,170688,flicker
64.1319,170588,flicker
64.1360,170777,flicker
64.1410,170433,flicker
64.1441,170626,flicker
64.1483,171279,flicker
64.1524,170367,flicker
64.1568,170957,flicker
64.1579,17,flicker
64.1605,0120,flicker
64.1616,17024,flicker
64.1647,7,flicker
64.1648,170413,flicker
64.1687,170322,flicker
64.1747,170524,flicker
64.1769,170658,flicker
64.1810,170753,flicker
64.1853,170031,flicker
64.1896,170677,flicker
64.1933,170440,flicker
64.1973,170755,flicker
64.2015,170421,flicker
64.2059,170825,flicker
64.2099,170847,flicker
64.2138,171076,flicker
64.2178,170435,flicker
64.2224,170651,flicker
64.2269,170961,flicker
64.2302,170630,flicker
64.2342,170454,flicker
64.2385,70093,flicker
64.2448,170658,flicker
64.2475,171159,flicker
64.2506,170269,flicker
64.2559,7,flicker
64.2592,170963,flicker
64.2630,170523,flicker
64.2687,170972,flicker
64.2731,170698,flicker
64.2752,170780,flicker
64.2793,170415,flicker
64.2834,170617,flicker
64.2844,17,flicker
64.2892,0271706,flicker
64.2918,1,flicker
64.2935,170695,flicker
64.2965,170721,flicker
64.3000,170449,flicker
64.3057,170,flicker
64.3114,170739,flicker
64.3121,170795,flicker
64.3161,170291,flicker
64.3223,170808,flicker
64.3244,171139,flicker
64.3284,170926,flicker
64.3325,170687,flicker
64.3366,170233,flicker
64.3421,170968,flicker
64.3448,171039,flicker
64.3489,170849,flicker
64.3531,171099,flicker
64.3579,170734,flicker
64.3612,170234,flicker
64.3653,171071,flicker
64.3696,170536,flicker
64.3736,170330,flicker
64.3776,170136,flicker
64.3817,170610,flicker
64.3859,170110,flicker
64.3907,170569,flicker
64.3940,169982,flicker
64.3981,170377,flicker
64.4025,171055,flicker
64.4078,170309,flicker
64.4104,170588,flicker
64.4116,17,flicker
64.4145,0620,flicker
64.4155,1707,flicker
64.4185,15,flicker
64.4201,170414,flicker
64.4232,170237,flicker
64.4268,170336,flicker
64.4308,170138,flicker
64.4349,171040,flicker
64.4395,170768,flicker
64.4431,170770,flicker
64.4472,170304,flicker
64.4514,170694,flicker
64.4555,709,flicker
64.4598,170091,flicker
64.4652,170421,flicker
64.4677,170873,flicker
64.4725,170528,flicker
64.4759,170658,flicker
64.4800,170455,flicker
64.4844,170832,flicker
64.4886,170719,flicker
64.4932,170391,flicker
64.4963,170554,flicker
64.5006,170501,flicker
64.5056,170185,flicker
64.5094,170100,flicker
64.5128,170254,flicker
64.5169,170532,flicker
64.5225,7037,flicker
64.5258,170614,flicker
64.5302,170259,flicker
64.5338,170802,flicker
64.5394,70471,flicker
64.5423,70429,flicker
64.5436,1703,flicker
64.5455,61,flicker
64.5473,170826,flicker
64.5496,170685,flicker
64.5548,7,flicker
64.5593,171060,flicker
64.5628,170769,flicker
64.5660,170620,flicker
64.5703,020,flicker
64.5761,171170,flicker
64.5796,171106,flicker
64.5825,170138,flicker
64.5866,170705,flicker
64.5911,171094,flicker
64.5947,171141,flicker
64.5988,170883,flicker
64.6029,169842,flicker
64.6073,170910,flicker
64.6110,170602,flicker
64.6153,170544,flicker
64.6193,170727,flicker
64.6237,170746,flicker
64.6275,171007,flicker
64.6316,170492,flicker
64.6356,170446,flicker
64.6398,170888,flicker
64.6438,171004,flicker
64.6479,170320,flicker
64.6522,170597,flicker
64.6565,170636,flicker
64.6606,170780,flicker
64.6643,170661,flicker
64.6654,1,flicker
64.6684,70941,flicker
64.6702,170,flicker
64.6728,836,flicker
64.6743,170612,flicker
64.6767,170109,flicker
64.6814,170512,flicker
64.6848,170828,flicker
64.6905,170627,flicker
64.6930,170326,flicker
64.6971,170933,flicker
64.7012,170810,flicker
64.7061,170642,flicker
64.7094,170172,flicker
64.7134,170596,flicker
64.7177,170877,flicker
64.7220,170607,flicker
64.7265,170438,flicker
64.7299,170409,flicker
64.7340,171118,flicker
64.7394,7,flicker
64.7423,170720,flicker
64.7469,170710,flicker
64.7516,170757,flicker
64.7559,701,flicker
64.7590,170547,flicker
64.7638,170352,flicker
64.7669,171362,flicker
64.7714,170419,flicker
64.7759,170664,flicker
64.7790,170488,flicker
64.7831,170443,flicker
64.7883,02,flicker
64.7925,171123,flicker
64.7962,170463,flicker
64.7972,170,flicker
64.7995,232,flicker
64.8012,170629,flicker
64.8050,170893,flicker
64.8077,170355,flicker
64.8118,170909,flicker
64.8158,170181,flicker
64.8202,704,flicker
64.8250,170282,flicker
64.8285,170743,flicker
64.8325,170158,flicker
64.8364,170260,flicker
64.8414,170833,flicker
64.8445,170260,flicker
64.8486,170416,flicker
64.8528,170444,flicker
64.8579,170384,flicker
64.8611,170324,flicker
64.8650,170219,flicker
64.8693,170411,flicker
64.8737,170243,flicker
64.8776,170191,flicker
64.8814,170452,flicker
64.8856,170470,flicker
64.8902,170758,flicker
64.8941,170659,flicker
64.8978,170333,flicker
64.9019,170372,flicker
64.9067,170798,flicker
64.9101,169891,flicker
64.9143,170359,flicker
64.9182,170092,flicker
64.9237,170401,flicker
64.9251,170,flicker
64.9265,499,flicker
64.9278,17021,flicker
64.9306,7,flicker
64.9307,170873,flicker
64.9346,171381,flicker
64.9400,170310,flicker
64.9428,170409,flicker
64.9469,169970,flicker
64.9510,170580,flicker
64.9564,170053,flicker
64.9592,170249,flicker
64.9633,170637,flicker
64.9674,170798,flicker
64.9774,170566,flicker
64.9802,170382,flicker
64.9838,170529,flicker
64.9885,170055,flicker
64.9920,170602,flicker
64.9961,170776,flicker
65.0002,170374,flicker
65.0063,704,flicker
65.0092,170688,flicker
65.0124,170591,flicker
65.0165,170646,flicker
65.0207,70569,flicker
65.0256,170580,flicker
65.0295,170301,flicker
65.0330,170343,flicker
65.0373,745,flicker
65.0413,170800,flicker
65.0462,170507,flicker
65.0493,170520,flicker
65.0503,17,flicker
65.0550,7391063,flicker
65.0579,170749,flicker
65.0624,170689,flicker
65.0657,170573,flicker
65.0715,1758,flicker
65.0751,170422,flicker
65.0783,170525,flicker
65.0821,170769,flicker
65.0863,170860,flicker
65.0906,171288,flicker
65.0944,170448,flicker
65.0984,170759,flicker
65.1026,170447,flicker
65.1072,170541,flicker
65.1108,171137,flicker
65.1149,170459,flicker
65.1193,170486,flicker
65.1236,170107,flicker
65.1271,170548,flicker
65.1314,170641,flicker
65.1353,170322,flicker
65.1407,170900,flicker
65.1435,170422,flicker
65.1476,170637,flicker
65.1518,170930,flicker
65.1575,170716,flicker
65.1599,170330,flicker
65.1640,171151,flicker
65.1681,170551,flicker
65.1732,170474,flicker
65.1763,170604,flicker
65.1776,17,flicker
65.1804,0005,flicker
65.1821,17067,flicker
65.1846,5,flicker
65.1847,170430,flicker
65.1897,170959,flicker
65.1927,170301,flicker
65.1968,170970,flicker
65.2009,170345,flicker
65.2054,170361,flicker
65.2091,170770,flicker
65.2132,170782,flicker
65.2172,170341,flicker
65.2226,758,flicker
65.2256,170420,flicker
65.2295,170943,flicker
65.2336,170890,flicker
65.2397,6998,flicker
65.2426,170334,flicker
65.2459,170877,flicker
65.2501,170399,flicker
65.2548,70620,flicker
65.2582,170115,flicker
65.2624,170535,flicker
65.2665,170499,flicker
65.2720,7054,flicker
65.2752,170406,flicker
65.2796,170406,flicker
65.2828,170610,flicker
65.2883,7047,flicker
65.2935,170497,flicker
65.2953,170619,flicker
65.2992,170363,flicker
65.3034,7033,flicker
65.3036,17,flicker
65.3083,0928,flicker
65.3096,17007,flicker
65.3114,1,flicker
65.3115,170412,flicker
65.3155,170788,flicker
65.3220,3,flicker
65.3245,170648,flicker
65.3287,170263,flicker
65.3320,170702,flicker
65.3378,170196,flicker
65.3401,170329,flicker
65.3442,170380,flicker
65.3484,170714,flicker
65.3525,170743,flicker
65.3568,170164,flicker
65.3613,170679,flicker
65.3647,170611,flicker
65.3688,170833,flicker
65.3732,170948,flicker
65.3770,170692,flicker
65.3811,170204,flicker
65.3852,171180,flicker
65.3897,170728,flicker
65.3934,170413,flicker
65.3975,170689,flicker
65.4017,170680,flicker
65.4070,170105,flicker
65.4098,170072,flicker
65.4138,170935,flicker
65.4183,171325,flicker
65.4224,171139,flicker
65.4267,171003,flicker
65.4303,170164,flicker
65.4315,17,flicker
65.4343,0387,flicker
65.4356,1706,flicker
65.4385,85,flicker
65.4400,170812,flicker
65.4426,170528,flicker
65.4466,170581,flicker
65.4508,170639,flicker
65.4558,170015,flicker
65.4589,169937,flicker
65.4630,170359,flicker
65.4671,170547,flicker
65.4716,170351,flicker
65.4761,170725,flicker
65.4793,170364,flicker
65.4835,170295,flicker
65.4884,171115,flicker
65.4924,170407,flicker
65.4958,170415,flicker
65.4999,170221,flicker
65.5046,170288,flicker
65.5081,170636,flicker
65.5121,169837,flicker
65.5162,170132,flicker
65.5219,703,flicker
65.5259,170806,flicker
65.5296,170548,flicker
65.5326,170439,flicker
65.5421,170602,flicker
65.5449,170912,flicker
65.5492,170131,flicker
65.5532,170882,flicker
65.5576,170512,flicker
65.5591,1,flicker
65.5614,70497,flicker
65.5624,1708,flicker
65.5655,78,flicker
65.5666,170558,flicker
65.5697,170600,flicker
65.5747,170701,flicker
65.5777,170107,flicker
65.5819,170471,flicker
65.5861,171271,flicker
65.5901,170989,flicker
65.5941,169997,flicker
65.5982,170505,flicker
65.6024,170729,flicker
65.6069,170724,flicker
65.6104,170369,flicker
65.6145,170792,flicker
65.6187,170219,flicker
65.6236,170414,flicker
65.6269,170500,flicker
65.6310,170511,flicker
65.6350,170482,flicker
65.6396,170659,flicker
65.6432,170571,flicker
65.6474,170467,flicker
65.6516,170181,flicker
65.6566,170512,flicker
65.6596,170075,flicker
65.6638,170898,flicker
65.6678,170800,flicker
65.6722,170522,flicker
65.6760,169964,flicker
65.6802,170241,flicker
65.6842,170789,flicker
65.6890,170672,flicker
65.6903,170,flicker
65.6924,689,flicker
65.6942,170466,flicker
65.6965,170817,flicker
65.7005,170523,flicker
65.7049,170448,flicker
65.7088,170417,flicker
65.7129,170409,flicker
65.7169,169912,flicker
65.7217,170377,flicker
65.7251,170265,flicker
65.7293,170774,flicker
65.7333,170354,flicker
65.7392,70053,flicker
65.7424,170283,flicker
65.7459,170302,flicker
65.7498,170159,flicker
65.7542,170508,flicker
65.7579,170540,flicker
65.7621,170741,flicker
65.7661,170562,flicker
65.7714,70,flicker
65.7748,170719,flicker
65.7784,170749,flicker
65.7826,170878,flicker
65.7867,703,flicker
65.7909,170413,flicker
65.7950,170655,flicker
65.7989,170221,flicker
65.8031,0,flicker
65.8080,170794,flicker
65.8113,170598,flicker
65.8153,170607,flicker
65.8163,17,flicker
65.8194,0319,flicker
65.8205,170,flicker
65.8239,170418,flicker
65.8281,170434,flicker
65.8316,170897,flicker
65.8358,171043,flicker
65.8404,170353,flicker
65.8439,170565,flicker
65.8480,171075,flicker
65.8522,170128,flicker
65.8570,170164,flicker
65.8603,170355,flicker
65.8645,170876,flicker
65.8687,170572,flicker
65.8729,170434,flicker
65.8770,170019,flicker
65.8808,170140,flicker
65.8854,170801,flicker
65.8892,170098,flicker
65.8931,170826,flicker
65.8971,170443,flicker
65.9014,171098,flicker
65.9061,170333,flicker
65.9095,171027,flicker
65.9135,170084,flicker
65.9176,170508,flicker
65.9223,170318,flicker
65.9258,170515,flicker
65.9300,170443,flicker
65.9340,170825,flicker
65.9386,170477,flicker
65.9423,170501,flicker
65.9434,170,flicker
65.9464,216,flicker
65.9480,17070,flicker
65.9504,7,flicker
65.9507,170315,flicker
65.9566,170876,flicker
65.9586,170026,flicker
65.9627,170360,flicker
65.9668,170972,flicker
65.9715,170131,flicker
65.9751,170272,flicker
65.9795,170351,flicker
65.9832,170768,flicker
65.9882,170586,flicker
65.9919,170685,flicker
65.9955,170446,flicker
65.9996,170881,flicker
66.0048,705,flicker
66.0078,170854,flicker
66.0125,170379,flicker
66.0167,170583,flicker
66.0210,170725,flicker
66.0258,730,flicker
66.0292,170382,flicker
66.0323,170546,flicker
66.0365,704,flicker
66.0410,170542,flicker
66.0454,170640,flicker
66.0487,170973,flicker
66.0530,70447,flicker
66.0571,170257,flicker
66.0615,170158,flicker
66.0660,170991,flicker
66.0694,171057,flicker
66.0705,17,flicker
66.0740,0457,flicker
66.0759,17076,flicker
66.0773,0,flicker
66.0774,170491,flicker
66.0815,170411,flicker
66.0873,1708,flicker
66.0920,170614,flicker
66.0945,170437,flicker
66.0979,170300,flicker
66.1021,170696,flicker
66.1070,170425,flicker
66.1101,170772,flicker
66.1142,170872,flicker
66.1184,170196,flicker
66.1228,170449,flicker
66.1269,170554,flicker
66.1308,170715,flicker
66.1347,170251,flicker
66.1394,170820,flicker
66.1429,170878,flicker
66.1470,170700,flicker
66.1513,170205,flicker
66.1558,170521,flicker
66.1601,170585,flicker
66.1634,170195,flicker
66.1676,170412,flicker
66.1727,170089,flicker
66.1757,170671,flicker
66.1798,169975,flicker
66.1839,170866,flicker
66.1893,170491,flicker
66.1921,170821,flicker
66.1962,170958,flicker
66.1979,17,flicker
66.2003,0788,flicker
66.2019,17033,flicker
66.2048,8,flicker
66.2065,170791,flicker
66.2085,170888,flicker
66.2125,170364,flicker
66.2167,170498,flicker
66.2221,169894,flicker
66.2248,170336,flicker
66.2289,170195,flicker
66.2331,170840,flicker
66.2372,7020,flicker
66.2413,170640,flicker
66.2456,170874,flicker
66.2497,171041,flicker
66.2553,7,flicker
66.2585,170461,flicker
66.2617,170292,flicker
66.2658,170645,flicker
66.2716,7022,flicker
66.2746,170782,flicker
66.2782,170245,flicker
66.2822,170244,flicker
66.2881,7061,flicker
66.2910,170649,flicker
66.2944,170724,flicker
66.2986,169994,flicker
66.3032,755,flicker
66.3077,170788,flicker
66.3116,170203,flicker
66.3150,170879,flicker
66.3193,17041,flicker
66.3234,170295,flicker
66.3253,1,flicker
66.3275,70799,flicker
66.3293,1705,flicker
66.3314,47,flicker
66.3331,170200,flicker
66.3356,170350,flicker
66.3400,170235,flicker
66.3436,170315,flicker
66.3477,170595,flicker
66.3519,170515,flicker
66.3562,170571,flicker
66.3601,170152,flicker
66.3642,170383,flicker
66.3682,170444,flicker
66.3725,170015,flicker
66.3764,171088,flicker
66.3805,170744,flicker
66.3846,170363,flicker
66.3894,170784,flicker
66.3928,170338,flicker
66.3969,170735,flicker
66.4010,170593,flicker
66.4058,170860,flicker
66.4095,170587,flicker
66.4133,170789,flicker
66.4173,170386,flicker
66.4222,170397,flicker
66.4255,170358,flicker
66.4296,170398,flicker
66.4339,170330,flicker
66.4394,170433,flicker
66.4419,170418,flicker
66.4460,170415,flicker
66.4501,170089,flicker
66.4514,1,flicker
66.4543,70618,flicker
66.4558,1704,flicker
66.4583,05,flicker
66.4596,170130,flicker
66.4624,170292,flicker
66.4665,170731,flicker
66.4712,170789,flicker
66.4747,170337,flicker
66.4788,170041,flicker
66.4829,170434,flicker
66.4875,170739,flicker
66.4911,170303,flicker
66.4952,170151,flicker
66.4993,170139,flicker
66.5047,170466,flicker
66.5075,170437,flicker
66.5115,170904,flicker
66.5156,170337,flicker
66.5203,170517,flicker
66.5238,170608,flicker
66.5279,170511,flicker
66.5320,170672,flicker
66.5377,704,flicker
66.5413,170636,flicker
66.5443,170805,flicker
66.5484,170608,flicker
66.5545,0,flicker
66.5573,170347,flicker
66.5607,170673,flicker
66.5648,170223,flicker
66.5703,17033,flicker
66.5734,170527,flicker
66.5781,170577,flicker
66.5792,1,flicker
66.5812,70316,flicker
66.5822,1703,flicker
66.5853,68,flicker
66.5869,17014,flicker
66.5901,170415,flicker
66.5949,170181,flicker
66.5976,170268,flicker
66.6017,170534,flicker
66.6061,170875,flicker
66.6100,170638,flicker
66.6140,170416,flicker
66.6180,170827,flicker
66.6229,170420,flicker
66.6269,170618,flicker
66.6304,170268,flicker
66.6344,170653,flicker
66.6392,170488,flicker
66.6426,170599,flicker
66.6467,170396,flicker
66.6510,171079,flicker
66.6551,170449,flicker
66.6590,170401,flicker
66.6631,170365,flicker
66.6672,169995,flicker
66.6719,170378,flicker
66.6754,170352,flicker
66.6795,170526,flicker
66.6837,170517,flicker
66.6882,170571,flicker
66.6918,170787,flicker
66.6958,170164,flicker
66.6999,170270,flicker
66.7046,170300,flicker
66.7082,170673,flicker
66.7097,170,flicker
66.7122,889,flicker
66.7134,170343,flicker
66.7164,170260,flicker
66.7211,170539,flicker
66.7245,170811,flicker
66.7286,170861,flicker
66.7328,170145,flicker
66.7379,70,flicker
66.7417,170707,flicker
66.7453,170364,flicker
66.7495,170625,flicker
66.7544,700,flicker
66.7580,170830,flicker
66.7615,170377,flicker
66.7655,170770,flicker
66.7697,078,flicker
66.7740,170029,flicker
66.7784,170274,flicker
66.7819,170515,flicker
66.7861,57,flicker
66.7902,170312,flicker
66.7950,170917,flicker
66.7983,170847,flicker
66.8025,75,flicker
66.8079,170550,flicker
66.8108,170462,flicker
66.8146,170549,flicker
66.8190,08,flicker
66.8240,170539,flicker
66.8271,171174,flicker
66.8310,170662,flicker
66.8358,170416,flicker
66.8374,10,flicker
66.8394,79,flicker
66.8412,170173,flicker
66.8443,171035,flicker
66.8474,170322,flicker
66.8516,170963,flicker
66.8563,170478,flicker
66.8597,170812,flicker
66.8638,170421,flicker
66.8679,170562,flicker
66.8729,170284,flicker
66.8761,170346,flicker
66.8802,170600,flicker
66.8843,170948,flicker
66.8887,170798,flicker
66.8925,170470,flicker
66.8966,170415,flicker
66.9006,170172,flicker
66.9050,170651,flicker
66.9089,170324,flicker
66.9129,170262,flicker
66.9172,170095,flicker
66.9219,170558,flicker
66.9253,170601,flicker
66.9293,170448,flicker
66.9334,170579,flicker
66.9381,170332,flicker
66.9416,170339,flicker
66.9457,170370,flicker
66.9498,170555,flicker
66.9544,170289,flicker
66.9580,170277,flicker
66.9621,170405,flicker
66.9634,170,flicker
66.9662,268,flicker
66.9678,17020,flicker
66.9705,5,flicker
66.9711,170262,flicker
66.9748,170841,flicker
66.9784,170534,flicker
66.9825,170325,flicker
66.9875,170500,flicker
66.9908,170215,flicker
66.9950,170290,flicker
66.9991,170657,flicker
67.0045,70393,flicker
67.0106,170674,flicker
67.0112,170622,flicker
67.0153,170354,flicker
67.0214,8,flicker
67.0243,170155,flicker
67.0277,170412,flicker
67.0317,169932,flicker
67.0360,7080,flicker
67.0401,170105,flicker
67.0448,170373,flicker
67.0481,170766,flicker
67.0571,170408,flicker
67.0604,170381,flicker
67.0646,170830,flicker
67.0688,83,flicker
67.0729,170212,flicker
67.0780,170685,flicker
67.0809,170342,flicker
67.0872,17043,flicker
67.0900,170276,flicker
67.0916,17,flicker
67.0932,0843,flicker
67.0946,16990,flicker
67.0973,7,flicker
67.0974,170760,flicker
67.1014,171010,flicker
67.1061,170787,flicker
67.1095,170789,flicker
67.1136,170613,flicker
67.1177,170194,flicker
67.1224,169991,flicker
67.1260,170619,flicker
67.1302,170772,flicker
67.1341,170659,flicker
67.1388,170253,flicker
67.1423,170802,flicker
67.1464,170177,flicker
67.1507,170879,flicker
67.1551,170499,flicker
67.1588,170309,flicker
67.1628,170618,flicker
67.1670,170670,flicker
67.1719,170905,flicker
67.1751,170501,flicker
67.1791,170863,flicker
67.1834,170803,flicker
67.1878,170342,flicker
67.1915,170040,flicker
67.1956,170897,flicker
67.1996,170355,flicker
67.2050,170854,flicker
67.2078,170554,flicker
67.2120,170350,flicker
67.2160,170126,flicker
67.2178,17,flicker
67.2204,04,flicker
67.2218,17054,flicker
67.2243,5,flicker
67.2247,169985,flicker
67.2284,171096,flicker
67.2324,170827,flicker
67.2367,72,flicker
67.2409,170378,flicker
67.2476,170029,flicker
67.2491,170327,flicker
67.2534,170300,flicker
67.2574,169949,flicker
67.2612,170060,flicker
67.2653,170884,flicker
67.2695,7090,flicker
67.2735,170309,flicker
67.2778,170385,flicker
67.2834,170150,flicker
67.2868,7026,flicker
67.2903,170302,flicker
67.2953,170235,flicker
67.2981,170134,flicker
67.3026,690,flicker
67.3066,170493,flicker
67.3102,170189,flicker
67.3143,170180,flicker
67.3186,170771,flicker
67.3226,170047,flicker
67.3266,170318,flicker
67.3307,170379,flicker
67.3349,170386,flicker
67.3391,170132,flicker
67.3430,170553,flicker
67.3443,17,flicker
67.3472,0588,flicker
67.3482,1703,flicker
67.3512,19,flicker
67.3522,170285,flicker
67.3561,170361,flicker
67.3594,170853,flicker
67.3636,170225,flicker
67.3676,170361,flicker
67.3724,170360,flicker
67.3758,170309,flicker
67.3799,170109,flicker
67.3840,170844,flicker
67.3893,170240,flicker
67.3921,170091,flicker
67.3962,169996,flicker
67.4005,169957,flicker
67.4047,170216,flicker
67.4086,170465,flicker
67.4126,170251,flicker
67.4168,170112,flicker
67.4228,5,flicker
67.4279,169980,flicker
67.4290,170852,flicker
67.4332,170583,flicker
67.4383,170419,flicker
67.4413,170697,flicker
67.4454,170232,flicker
67.4497,170910,flicker
67.4539,169753,flicker
67.4577,170556,flicker
67.4618,170457,flicker
67.4659,170411,flicker
67.4706,170624,flicker
67.4723,1,flicker
67.4741,70570,flicker
67.4752,1699,flicker
67.4782,66,flicker
67.4797,170399,flicker
67.4822,170878,flicker
67.4865,706,flicker
67.4911,170374,flicker
67.4947,170583,flicker
67.4987,170398,flicker
67.5028,70393,flicker
67.5084,170794,flicker
67.5111,169942,flicker
67.5151,170141,flicker
67.5197,170212,flicker
67.5233,170370,flicker
67.5273,170759,flicker
67.5314,170573,flicker
67.5357,777,flicker
67.5400,170075,flicker
67.5444,170497,flicker
67.5478,170588,flicker
67.5536,70741,flicker
67.5564,171005,flicker
67.5609,169976,flicker
67.5642,170677,flicker
67.5698,17064,flicker
67.5736,170258,flicker
67.5768,170868,flicker
67.5806,170224,flicker
67.5864,1706,flicker
67.5901,169811,flicker
67.5933,170671,flicker
67.5970,170280,flicker
67.5981,1,flicker
67.6011,70654,flicker
67.6028,1703,flicker
67.6055,64,flicker
67.6072,170524,flicker
67.6093,170359,flicker
67.6133,170632,flicker
67.6175,170207,flicker
67.6223,170615,flicker
67.6257,170474,flicker
67.6297,170670,flicker
67.6339,170031,flicker
67.6391,170496,flicker
67.6420,169970,flicker
67.6461,170404,flicker
67.6503,170637,flicker
67.6546,170392,flicker
67.6584,170140,flicker
67.6625,170774,flicker
67.6667,170836,flicker
67.6712,170260,flicker
67.6748,170408,flicker
67.6789,170443,flicker
67.6831,170544,flicker
67.6871,170167,flicker
67.6913,170143,flicker
67.6953,170544,flicker
67.6995,170102,flicker
67.7036,170330,flicker
67.7075,170326,flicker
67.7116,170777,flicker
67.7158,170926,flicker
67.7204,170828,flicker
67.7239,170313,flicker
67.7280,171063,flicker
67.7297,170,flicker
67.7322,304,flicker
67.7328,170509,flicker
67.7372,170399,flicker
67.7405,170755,flicker
67.7445,170633,flicker
67.7488,170263,flicker
67.7539,169827,flicker
67.7567,170643,flicker
67.7608,170667,flicker
67.7649,170488,flicker
67.7692,747,flicker
67.7745,170351,flicker
67.7773,170439,flicker
67.7812,170589,flicker
67.7855,70847,flicker
67.7906,170530,flicker
67.7941,170449,flicker
67.7977,170532,flicker
67.8020,789,flicker
67.8063,170655,flicker
67.8107,170593,flicker
67.8141,170504,flicker
67.8185,10,flicker
67.8227,170679,flicker
67.8264,170290,flicker
67.8304,170603,flicker
67.8345,170277,flicker
67.8390,170878,flicker
67.8427,170910,flicker
67.8468,170743,flicker
67.8510,170892,flicker
67.8559,170423,flicker
67.8576,17,flicker
67.8591,0482,flicker
67.8601,17041,flicker
67.8632,5,flicker
67.8632,170927,flicker
67.8673,170465,flicker
67.8718,170518,flicker
67.8755,170387,flicker
67.8796,170161,flicker
67.8837,170479,flicker
67.8885,170567,flicker
67.8919,170299,flicker
67.8960,171123,flicker
67.9002,170188,flicker
67.9049,170298,flicker
67.9082,170130,flicker
67.9123,169759,flicker
67.9167,170561,flicker
67.9211,170286,flicker
67.9246,170761,flicker
67.9287,170376,flicker
67.9328,170513,flicker
67.9373,170826,flicker
67.9410,170656,flicker
67.9451,170478,flicker
67.9493,170370,flicker
67.9539,170522,flicker
67.9574,170621,flicker
67.9615,170130,flicker
67.9656,170876,flicker
67.9709,170583,flicker
67.9738,170454,flicker
67.9779,170658,flicker
67.9820,170019,flicker
67.9830,17,flicker
67.9866,0608,flicker
67.9882,1699,flicker
67.9902,90,flicker
67.9905,170705,flicker
67.9943,170254,flicker
67.9994,170424,flicker
68.0028,170456,flicker
68.0065,170733,flicker
68.0106,170773,flicker
68.0147,170153,flicker
68.0190,7064,flicker
68.0234,170768,flicker
68.0270,170896,flicker
68.0311,171134,flicker
68.0372,754,flicker
68.0400,170397,flicker
68.0435,170931,flicker
68.0476,170382,flicker
68.0519,1695,flicker
68.0559,170607,flicker
68.0604,170548,flicker
68.0639,170920,flicker
68.0699,72,flicker
68.0741,170512,flicker
68.0762,170392,flicker
68.0803,170640,flicker
68.0844,169772,flicker
68.0900,170137,flicker
68.0926,170619,flicker
68.0967,170283,flicker
68.1009,170299,flicker
68.1061,170354,flicker
68.1090,170067,flicker
68.1102,1,flicker
68.1131,70645,flicker
68.1142,1704,flicker
68.1171,51,flicker
68.1191,170263,flicker
68.1222,170912,flicker
68.1253,170858,flicker
68.1294,170409,flicker
68.1337,170551,flicker
68.1387,170591,flicker
68.1417,170502,flicker
68.1458,170048,flicker
68.1499,170681,flicker
68.1544,170426,flicker
68.1581,170711,flicker
68.1622,170294,flicker
68.1663,170907,flicker
68.1710,170317,flicker
68.1745,170586,flicker
68.1785,170374,flicker
68.1827,170623,flicker
68.1875,170670,flicker
68.1908,170063,flicker
68.1950,170301,flicker
68.1991,170754,flicker
68.2037,170474,flicker
68.2072,169990,flicker
68.2113,170457,flicker
68.2161,170736,flicker
68.2199,170724,flicker
68.2236,170298,flicker
68.2278,170878,flicker
68.2319,170258,flicker
68.2381,170721,flicker
68.2400,70499,flicker
68.2413,1702,flicker
68.2442,79,flicker
68.2452,170581,flicker
68.2484,170809,flicker
68.2536,706,flicker
68.2572,170334,flicker
68.2606,170679,flicker
68.2646,169886,flicker
68.2703,704,flicker
68.2733,170691,flicker
68.2774,170985,flicker
68.2810,170561,flicker
68.2866,70712,flicker
68.2895,170420,flicker
68.2932,170141,flicker
68.2973,170640,flicker
68.3027,70691,flicker
68.3062,170128,flicker
68.3097,170404,flicker
68.3137,170295,flicker
68.3182,70,flicker
68.3233,169936,flicker
68.3261,170896,flicker
68.3302,170552,flicker
68.3343,170223,flicker
68.3389,170087,flicker
68.3424,170293,flicker
68.3465,170511,flicker
68.3507,170259,flicker
68.3553,170806,flicker
68.3588,170859,flicker
68.3629,170872,flicker
68.3643,1,flicker
68.3671,70885,flicker
68.3690,1705,flicker
68.3719,58,flicker
68.3736,170586,flicker
68.3752,170667,flicker
68.3793,170665,flicker
68.3834,170781,flicker
68.3879,170851,flicker
68.3915,170106,flicker
68.3956,169951,flicker
68.3998,170356,flicker
68.4050,170672,flicker
68.4080,170257,flicker
68.4120,170930,flicker
68.4162,170769,flicker
68.4204,170439,flicker
68.4243,171356,flicker
68.4285,170210,flicker
68.4326,170935,flicker
68.4370,170519,flicker
68.4407,170371,flicker
68.4448,171122,flicker
68.4489,170709,flicker
68.4533,170703,flicker
68.4571,171093,flicker
68.4612,170879,flicker
68.4660,171052,flicker
68.4699,170390,flicker
68.4735,171514,flicker
68.4776,170451,flicker
68.4817,170532,flicker
68.4859,73,flicker
68.4905,170661,flicker
68.4918,1,flicker
68.4946,71390,flicker
68.4959,170,flicker
68.4983,772,flicker
68.4997,170404,flicker
68.5031,171157,flicker
68.5062,171020,flicker
68.5103,170355,flicker
68.5144,170271,flicker
68.5187,704,flicker
68.5230,170735,flicker
68.5275,170210,flicker
68.5308,170563,flicker
68.5350,70,flicker
68.5394,170647,flicker
68.5441,170308,flicker
68.5472,170688,flicker
68.5525,70731,flicker
68.5558,170676,flicker
68.5595,170480,flicker
68.5636,170484,flicker
68.5690,170682,flicker
68.5727,170031,flicker
68.5759,170667,flicker
68.5800,171084,flicker
68.5841,170582,flicker
68.5890,170751,flicker
68.5923,171093,flicker
68.5963,170698,flicker
68.6005,170291,flicker
68.6051,170765,flicker
68.6086,170816,flicker
68.6127,170431,flicker
68.6169,169954,flicker
68.6180,1,flicker
68.6211,70534,flicker
68.6224,169,flicker
68.6250,870,flicker
68.6261,170202,flicker
68.6292,170339,flicker
68.6334,170380,flicker
68.6383,170642,flicker
68.6414,170433,flicker
68.6455,170040,flicker
68.6496,170490,flicker
68.6541,170730,flicker
68.6578,170425,flicker
68.6619,170829,flicker
68.6664,170370,flicker
68.6706,170380,flicker
68.6742,170202,flicker
68.6782,169786,flicker
68.6824,170086,flicker
68.6867,170550,flicker
68.6906,170367,flicker
68.6946,171011,flicker
68.6988,170487,flicker
68.7033,170907,flicker
68.7069,171007,flicker
68.7110,170741,flicker
68.7152,170727,flicker
68.7198,170387,flicker
68.7233,170821,flicker
68.7274,170471,flicker
68.7316,170269,flicker
68.7363,170562,flicker
68.7397,170819,flicker
68.7438,170657,flicker
68.7482,170523,flicker
68.7501,170,flicker
68.7532,5310,flicker
68.7572,170190,flicker
68.7606,170525,flicker
68.7643,170549,flicker
68.7685,70,flicker
68.7726,170789,flicker
68.7770,170773,flicker
68.7807,170443,flicker
68.7866,7,flicker
68.7906,170738,flicker
68.7930,170655,flicker
68.7970,170497,flicker
68.8017,7510,flicker
68.8070,170512,flicker
68.8093,170624,flicker
68.8134,170993,flicker
68.8192,7085,flicker
68.8222,170504,flicker
68.8257,170652,flicker
68.8298,171234,flicker
68.8348,76,flicker
68.8392,170267,flicker
68.8421,171088,flicker
68.8462,170133,flicker
68.8503,170482,flicker
68.8549,170272,flicker
68.8585,170729,flicker
68.8626,170341,flicker
68.8668,170704,flicker
68.8710,170726,flicker
68.8749,170635,flicker
68.8763,170,flicker
68.8795,248,flicker
68.8808,17037,flicker
68.8831,2,flicker
68.8832,170129,flicker
68.8881,170785,flicker
68.8912,169828,flicker
68.8953,170148,flicker
68.8995,170454,flicker
68.9048,170392,flicker
68.9076,170024,flicker
68.9117,170715,flicker
68.9159,170372,flicker
68.9203,170417,flicker
68.9240,170266,flicker
68.9281,170762,flicker
68.9323,170538,flicker
68.9370,170567,flicker
68.9404,170543,flicker
68.9445,170789,flicker
68.9487,170808,flicker
68.9541,170610,flicker
68.9568,170418,flicker
68.9609,170342,flicker
68.9650,170421,flicker
68.9703,70511,flicker
68.9741,170602,flicker
68.9774,170460,flicker
68.9814,170585,flicker
68.9870,19,flicker
68.9896,170838,flicker
68.9936,170683,flicker
68.9979,170946,flicker
69.0019,70866,flicker
69.0029,17,flicker
69.0074,0224,flicker
69.0088,17042,flicker
69.0101,0,flicker
69.0105,170500,flicker
69.0141,170837,flicker
69.0188,170695,flicker
69.0223,170177,flicker
69.0264,170795,flicker
69.0305,169930,flicker
69.0358,70,flicker
69.0391,170905,flicker
69.0428,170119,flicker
69.0469,170004,flicker
69.0510,70738,flicker
69.0554,170595,flicker
69.0598,170632,flicker
69.0633,170777,flicker
69.0690,705,flicker
69.0728,170606,flicker
69.0760,170841,flicker
69.0797,171044,flicker
69.0855,170794,flicker
69.0878,170398,flicker
69.0920,170172,flicker
69.0960,170764,flicker
69.1001,170131,flicker
69.1044,170859,flicker
69.1083,170541,flicker
69.1124,170887,flicker
69.1166,170273,flicker
69.1215,170685,flicker
69.1247,170018,flicker
69.1288,170132,flicker
69.1299,17,flicker
69.1330,0885,flicker
69.1343,17078,flicker
69.1370,4,flicker
69.1371,171199,flicker
69.1411,170635,flicker
69.1452,170719,flicker
69.1493,170781,flicker
69.1535,170676,flicker
69.1576,170102,flicker
69.1616,170729,flicker
69.1659,170431,flicker
69.1703,170717,flicker
69.1739,170827,flicker
69.1779,170553,flicker
69.1821,170114,flicker
69.1870,170344,flicker
69.1903,170454,flicker
69.1943,170398,flicker
69.1985,170334,flicker
69.2038,170612,flicker
69.2066,170433,flicker
69.2107,170752,flicker
69.2149,170877,flicker
69.2194,170367,flicker
69.2230,170912,flicker
69.2271,170784,flicker
69.2312,170433,flicker
69.2365,703,flicker
69.2396,170539,flicker
69.2435,170799,flicker
69.2478,170061,flicker
69.2518,70,flicker
69.2574,170344,flicker
69.2587,17,flicker
69.2600,0826,flicker
69.2610,17056,flicker
69.2639,9,flicker
69.2655,170232,flicker
69.2689,170281,flicker
69.2722,170618,flicker
69.2762,170504,flicker
69.2803,170237,flicker
69.2846,7000,flicker
69.2901,170846,flicker
69.2933,170421,flicker
69.2968,170608,flicker
69.3010,7093,flicker
69.3053,170368,flicker
69.3099,170797,flicker
69.3132,170936,flicker
69.3174,94,flicker
69.3218,170468,flicker
69.3262,170686,flicker
69.3295,170756,flicker
69.3351,756,flicker
69.3387,170556,flicker
69.3420,170499,flicker
69.3459,170079,flicker
69.3500,170616,flicker
69.3548,170468,flicker
69.3582,170449,flicker
69.3623,170815,flicker
69.3664,171031,flicker
69.3712,170548,flicker
69.3746,170622,flicker
69.3787,170998,flicker
69.3829,170503,flicker
69.3840,1,flicker
69.3878,70508,flicker
69.3893,1701,flicker
69.3910,78,flicker
69.3927,170554,flicker
69.3951,170742,flicker
69.3995,170314,flicker
69.4035,171102,flicker
69.4073,170160,flicker
69.4114,170743,flicker
69.4156,170484,flicker
69.4201,170687,flicker
69.4237,170483,flicker
69.4278,170618,flicker
69.4319,170162,flicker
69.4367,170668,flicker
69.4401,170962,flicker
69.4442,170865,flicker
69.4484,170637,flicker
69.4528,170474,flicker
69.4565,170471,flicker
69.4606,170426,flicker
69.4647,170487,flicker
69.4694,170664,flicker
69.4729,170166,flicker
69.4770,170761,flicker
69.4813,170633,flicker
69.4854,1700,flicker
69.4898,170752,flicker
69.4933,170185,flicker
69.4977,170167,flicker
69.5021,170608,flicker
69.5057,170923,flicker
69.5097,170451,flicker
69.5111,1,flicker
69.5138,70788,flicker
69.5151,1708,flicker
69.5184,53,flicker
69.5200,170339,flicker
69.5221,170439,flicker
69.5261,171294,flicker
69.5302,170622,flicker
69.5351,171298,flicker
69.5384,170188,flicker
69.5425,170382,flicker
69.5466,170545,flicker
69.5522,7448,flicker
69.5553,170680,flicker
69.5591,170130,flicker
69.5630,170206,flicker
69.5673,170561,flicker
69.5722,170683,flicker
69.5752,170635,flicker
69.5793,170680,flicker
69.5844,3,flicker
69.5878,170604,flicker
69.5916,169460,flicker
69.5957,170119,flicker
69.5999,169926,flicker
69.6043,169969,flicker
69.6081,171018,flicker
69.6121,170573,flicker
69.6162,170586,flicker
69.6208,170281,flicker
69.6244,170699,flicker
69.6285,170480,flicker
69.6327,170295,flicker
69.6377,170450,flicker
69.6392,1,flicker
69.6408,70707,flicker
69.6421,1705,flicker
69.6449,72,flicker
69.6460,170224,flicker
69.6491,170345,flicker
69.6542,170470,flicker
69.6572,170613,flicker
69.6613,170204,flicker
69.6656,170425,flicker
69.6700,170804,flicker
69.6736,169751,flicker
69.6776,170435,flicker
69.6819,170114,flicker
69.6879,75,flicker
69.6924,170426,flicker
69.6941,170408,flicker
69.6984,170343,flicker
69.7026,170064,flicker
69.7063,170215,flicker
69.7104,170558,flicker
69.7146,170676,flicker
69.7187,704,flicker
69.7233,170547,flicker
69.7275,170378,flicker
69.7309,170319,flicker
69.7357,170769,flicker
69.7391,170644,flicker
69.7432,170724,flicker
69.7476,170496,flicker
69.7520,170724,flicker
69.7555,170206,flicker
69.7596,170912,flicker
69.7636,170515,flicker
69.7696,7010,flicker
69.7724,40,flicker
69.7741,170545,flicker
69.7763,170080,flicker
69.7801,170459,flicker
69.7861,699,flicker
69.7890,170457,flicker
69.7923,169990,flicker
69.7964,170049,flicker
69.8006,70396,flicker
69.8054,170391,flicker
69.8099,170408,flicker
69.8130,170242,flicker
69.8171,700,flicker
69.8229,170478,flicker
69.8264,170760,flicker
69.8292,170976,flicker
69.8334,170189,flicker
69.8382,170744,flicker
69.8416,170537,flicker
69.8456,170861,flicker
69.8498,170739,flicker
69.8545,170976,flicker
69.8579,170882,flicker
69.8620,170024,flicker
69.8662,170657,flicker
69.8707,170833,flicker
69.8743,170825,flicker
69.8785,170576,flicker
69.8827,170353,flicker
69.8877,170022,flicker
69.8907,170210,flicker
69.8948,170195,flicker
69.8962,170,flicker
69.8989,281,flicker
69.8993,17103,flicker
69.9031,1,flicker
69.9039,170573,flicker
69.9070,170374,flicker
69.9111,170565,flicker
69.9153,170774,flicker
69.9202,170869,flicker
69.9234,170485,flicker
69.9275,170511,flicker
69.9318,171020,flicker
69.9362,170571,flicker
69.9398,170500,flicker
69.9439,170968,flicker
69.9483,170771,flicker
69.9526,170577,flicker
69.9562,170565,flicker
69.9603,170954,flicker
69.9644,170510,flicker
69.9699,169910,flicker
69.9726,170399,flicker
69.9773,170651,flicker
69.9808,170446,flicker
69.9849,70577,flicker
69.9901,170944,flicker
69.9933,170460,flicker
69.9978,170753,flicker
70.0012,70911,flicker
70.0058,170506,flicker
70.0101,170292,flicker
70.0135,170886,flicker
70.0181,170204,flicker
70.0217,170554,flicker
70.0227,17,flicker
70.0258,0736,flicker
70.0269,17071,flicker
70.0298,3,flicker
70.0302,171013,flicker
70.0352,170678,flicker
70.0381,170453,flicker
70.0422,170670,flicker
70.0463,170751,flicker
70.0517,7023,flicker
70.0547,170308,flicker
70.0586,170535,flicker
70.0627,170891,flicker
70.0690,04,flicker
70.0722,170402,flicker
70.0750,170555,flicker
70.0790,170760,flicker
70.0833,05,flicker
70.0884,170874,flicker
70.0921,170861,flicker
70.0955,170571,flicker
70.0996,170630,flicker
70.1036,170517,flicker
70.1077,170691,flicker
70.1118,170863,flicker
70.1160,170918,flicker
70.1207,170747,flicker
70.1241,170724,flicker
70.1282,170658,flicker
70.1324,170229,flicker
70.1372,170724,flicker
70.1406,170940,flicker
70.1446,170565,flicker
70.1487,170667,flicker
70.1499,17,flicker
70.1532,0647,flicker
70.1550,1706,flicker
70.1569,24,flicker
70.1582,170454,flicker
70.1610,170727,flicker
70.1653,170298,flicker
70.1696,170776,flicker
70.1733,170506,flicker
70.1773,170828,flicker
70.1815,170608,flicker
70.1858,170682,flicker
70.1897,170464,flicker
70.1938,170389,flicker
70.1979,170299,flicker
70.2028,170370,flicker
70.2061,170806,flicker
70.2102,171353,flicker
70.2143,171159,flicker
70.2201,7077,flicker
70.2227,170632,flicker
70.2273,170751,flicker
70.2307,170752,flicker
70.2355,170268,flicker
70.2389,170652,flicker
70.2430,170866,flicker
70.2472,170705,flicker
70.2523,70,flicker
70.2572,170168,flicker
70.2593,170194,flicker
70.2636,170248,flicker
70.2695,7070,flicker
70.2726,170835,flicker
70.2757,170703,flicker
70.2770,1,flicker
70.2799,70700,flicker
70.2814,1705,flicker
70.2869,92170815,flicker
70.2880,170645,flicker
70.2921,170870,flicker
70.2962,169970,flicker
70.3006,170432,flicker
70.3046,170702,flicker
70.3085,170751,flicker
70.3125,170146,flicker
70.3167,170473,flicker
70.3210,170743,flicker
70.3249,170735,flicker
70.3289,170718,flicker
70.3331,170333,flicker
70.3374,171106,flicker
70.3413,170791,flicker
70.3455,170598,flicker
70.3495,170622,flicker
70.3549,170640,flicker
70.3576,171102,flicker
70.3616,170816,flicker
70.3658,171010,flicker
70.3702,170799,flicker
70.3740,170443,flicker
70.3781,170661,flicker
70.3823,170922,flicker
70.3873,170670,flicker
70.3903,170909,flicker
70.3944,170399,flicker
70.3987,170799,flicker
70.4030,170330,flicker
70.4039,1,flicker
70.4068,70527,flicker
70.4080,1701,flicker
70.4109,67,flicker
70.4119,170170,flicker
70.4152,170664,flicker
70.4197,170823,flicker
70.4232,170638,flicker
70.4273,170603,flicker
70.4315,170200,flicker
70.4367,169800,flicker
70.4395,169971,flicker
70.4435,170199,flicker
70.4479,170504,flicker
70.4521,170183,flicker
70.4563,170634,flicker
70.4600,170320,flicker
70.4641,170563,flicker
70.4691,170510,flicker
70.4723,170598,flicker
70.4763,170831,flicker
70.4812,170837,flicker
70.4855,171177,flicker
70.4887,170141,flicker
70.4927,170319,flicker
70.4973,171037,flicker
70.5011,90,flicker
70.5053,170723,flicker
70.5106,170540,flicker
70.5132,170566,flicker
70.5189,7010,flicker
70.5222,170422,flicker
70.5255,170563,flicker
70.5296,170579,flicker
70.5309,1,flicker
70.5349,16,flicker
70.5381,00,flicker
70.5409,170205,flicker
70.5423,170411,flicker
70.5460,170350,flicker
70.5502,00,flicker
70.5549,170211,flicker
70.5583,170670,flicker
70.5624,170631,flicker
70.5669,100,flicker
70.5711,170430,flicker
70.5747,170560,flicker
70.5788,170705,flicker
70.5829,170948,flicker
70.5873,170226,flicker
70.5910,170452,flicker
70.5951,170197,flicker
70.5992,170867,flicker
70.6034,170617,flicker
70.6075,170836,flicker
70.6115,170329,flicker
70.6156,170352,flicker
70.6198,170373,flicker
70.6238,170675,flicker
70.6279,170790,flicker
70.6320,170352,flicker
70.6369,170261,flicker
70.6402,170308,flicker
70.6443,170992,flicker
70.6485,170612,flicker
70.6532,170885,flicker
70.6566,170419,flicker
70.6607,170236,flicker
70.6619,170,flicker
70.6648,568,flicker
70.6664,170713,flicker
70.6695,170848,flicker
70.6731,170320,flicker
70.6771,170271,flicker
70.6812,170544,flicker
70.6859,170074,flicker
70.6893,170801,flicker
70.6934,170690,flicker
70.6981,170559,flicker
70.7020,170904,flicker
70.7057,170257,flicker
70.7098,170400,flicker
70.7140,170519,flicker
70.7185,170761,flicker
70.7221,170342,flicker
70.7262,170549,flicker
70.7303,170187,flicker
70.7355,70261,flicker
70.7389,170813,flicker
70.7431,170457,flicker
70.7468,170509,flicker
70.7521,703,flicker
70.7557,171011,flicker
70.7590,170461,flicker
70.7631,170879,flicker
70.7687,09,flicker
70.7722,170855,flicker
70.7756,170611,flicker
70.7794,169950,flicker
70.7849,03,flicker
70.7890,170678,flicker
70.7905,16,flicker
70.7925,9999,flicker
70.7948,17033,flicker
70.7958,8,flicker
70.7959,170338,flicker
70.8016,7035,flicker
70.8050,169944,flicker
70.8082,170336,flicker
70.8122,169983,flicker
70.8166,178,flicker
70.8209,169831,flicker
70.8252,170731,flicker
70.8286,170615,flicker
70.8327,170510,flicker
70.8369,170316,flicker
70.8409,170386,flicker
70.8450,170493,flicker
70.8491,170533,flicker
70.8537,170198,flicker
70.8573,170236,flicker
70.8614,170395,flicker
70.8655,170232,flicker
70.8701,170430,flicker
70.8736,170679,flicker
70.8777,170685,flicker
70.8819,170463,flicker
70.8866,170751,flicker
70.8901,169806,flicker
70.8941,170123,flicker
70.8983,169957,flicker
70.9029,170307,flicker
70.9064,170863,flicker
70.9105,170164,flicker
70.9147,170257,flicker
70.9160,17,flicker
70.9191,0430,flicker
70.9205,17048,flicker
70.9228,6,flicker
70.9240,170359,flicker
70.9269,170637,flicker
70.9310,170600,flicker
70.9353,170279,flicker
70.9392,170204,flicker
70.9433,170567,flicker
70.9475,170640,flicker
70.9523,170011,flicker
70.9556,170249,flicker
70.9597,170500,flicker
70.9638,170339,flicker
70.9687,170724,flicker
70.9720,169796,flicker
70.9760,170286,flicker
70.9802,170513,flicker
70.9854,70553,flicker
70.9888,170119,flicker
70.9931,170597,flicker
70.9967,170416,flicker
71.0010,170585,flicker
71.0047,170547,flicker
71.0088,170295,flicker
71.0129,170533,flicker
71.0185,7,flicker
71.0216,170766,flicker
71.0252,170430,flicker
71.0293,170383,flicker
71.0345,70,flicker
71.0382,170620,flicker
71.0421,170896,flicker
71.0435,1,flicker
71.0457,70542,flicker
71.0474,1706,flicker
71.0498,8,flicker
71.0511,176,flicker
71.0563,170079,flicker
71.0597,170464,flicker
71.0621,169635,flicker
71.0677,3,flicker
71.0716,170611,flicker
71.0759,170160,flicker
71.0784,170682,flicker
71.0829,721,flicker
71.0871,170524,flicker
71.0918,170638,flicker
71.0948,170050,flicker
71.0990,170234,flicker
71.1033,170084,flicker
71.1071,170177,flicker
71.1112,170383,flicker
71.1153,169873,flicker
71.1196,170294,flicker
71.1235,170496,flicker
71.1276,169987,flicker
71.1318,170522,flicker
71.1368,169993,flicker
71.1399,170650,flicker
71.1440,170663,flicker
71.1481,170525,flicker
71.1532,170219,flicker
71.1563,170193,flicker
71.1603,170262,flicker
71.1646,169841,flicker
71.1693,170238,flicker
71.1707,1,flicker
71.1727,70294,flicker
71.1739,1701,flicker
71.1767,84,flicker
71.1779,170099,flicker
71.1810,170650,flicker
71.1861,170418,flicker
71.1891,170215,flicker
71.1931,170383,flicker
71.1972,170397,flicker
71.2018,170486,flicker
71.2054,170047,flicker
71.2095,169985,flicker
71.2136,170396,flicker
71.2183,170154,flicker
71.2218,170596,flicker
71.2259,170629,flicker
71.2300,170259,flicker
71.2348,170458,flicker
71.2382,170405,flicker
71.2423,170554,flicker
71.2465,170074,flicker
71.2506,70168,flicker
71.2550,170311,flicker
71.2597,170128,flicker
71.2633,170122,flicker
71.2669,70192,flicker
71.2713,170269,flicker
71.2760,170436,flicker
71.2791,169967,flicker
71.2833,70545,flicker
71.2878,170355,flicker
71.2919,170386,flicker
71.2956,170014,flicker
71.3015,779,flicker
71.3040,17,flicker
71.3068,170510,flicker
71.3083,170657,flicker
71.3119,170303,flicker
71.3178,7,flicker
71.3210,169588,flicker
71.3243,170607,flicker
71.3283,170173,flicker
71.3341,1703,flicker
71.3371,170055,flicker
71.3406,170572,flicker
71.3447,170655,flicker
71.3488,170488,flicker
71.3534,170564,flicker
71.3570,170468,flicker
71.3611,170941,flicker
71.3651,170332,flicker
71.3700,169909,flicker
71.3734,170554,flicker
71.3774,170289,flicker
71.3816,170434,flicker
71.3876,169676,flicker
71.3902,170494,flicker
71.3938,170587,flicker
71.3980,170128,flicker
71.4028,170666,flicker
71.4061,170554,flicker
71.4102,170751,flicker
71.4144,170206,flicker
71.4194,170195,flicker
71.4225,170317,flicker
71.4266,170582,flicker
71.4278,170,flicker
71.4309,252,flicker
71.4323,17065,flicker
71.4349,17091,flicker
71.4393,170188,flicker
71.4432,170335,flicker
71.4471,170283,flicker
71.4523,170242,flicker
71.4553,170114,flicker
71.4594,170154,flicker
71.4635,170735,flicker
71.4681,170121,flicker
71.4724,170414,flicker
71.4758,170708,flicker
71.4799,170623,flicker
71.4849,169876,flicker
71.4880,169967,flicker
71.4921,170144,flicker
71.4964,170103,flicker
71.5014,169929,flicker
71.5045,170536,flicker
71.5087,170282,flicker
71.5126,169900,flicker
71.5180,70,flicker
71.5231,170176,flicker
71.5249,169809,flicker
71.5290,170296,flicker
71.5332,705,flicker
71.5378,170360,flicker
71.5425,170206,flicker
71.5456,170361,flicker
71.5496,051,flicker
71.5540,170241,flicker
71.5558,17,flicker
71.5583,0203,flicker
71.5595,17026,flicker
71.5617,3,flicker
71.5618,170369,flicker
71.5661,07,flicker
71.5712,170162,flicker
71.5745,169946,flicker
71.5782,170141,flicker
71.5837,1703,flicker
71.5891,170541,flicker
71.5905,170432,flicker
71.5945,170069,flicker
71.5986,170495,flicker
71.6036,170593,flicker
71.6068,170348,flicker
71.6109,170002,flicker
71.6151,169922,flicker
71.6199,170241,flicker
71.6232,170001,flicker
71.6273,170405,flicker
71.6315,170384,flicker
71.6363,170091,flicker
71.6396,170616,flicker
71.6437,169773,flicker
71.6480,170563,flicker
71.6527,170323,flicker
71.6560,170313,flicker
71.6601,170229,flicker
71.6642,170569,flicker
71.6685,169679,flicker
71.6724,170214,flicker
71.6765,170296,flicker
71.6806,169818,flicker
71.6816,17,flicker
71.6851,0365,flicker
71.6869,16977,flicker
71.6887,9,flicker
71.6900,170629,flicker
71.6929,169889,flicker
71.6970,170169,flicker
71.7012,170467,flicker
71.7051,169866,flicker
71.7094,170730,flicker
71.7134,170131,flicker
71.7191,170961,flicker
71.7215,170510,flicker
71.7256,170176,flicker
71.7297,169666,flicker
71.7345,170474,flicker
71.7379,170186,flicker
71.7420,170240,flicker
71.7462,170514,flicker
71.7503,70131,flicker
71.7547,170343,flicker
71.7589,170305,flicker
71.7629,170670,flicker
71.7678,7029,flicker
71.7708,170146,flicker
71.7747,169789,flicker
71.7788,170447,flicker
71.7844,7,flicker
71.7876,170281,flicker
71.7913,170378,flicker
71.7953,170292,flicker
71.7995,041,flicker
71.8045,169980,flicker
71.8079,170406,flicker
71.8089,1,flicker
71.8116,69783,flicker
71.8129,1696,flicker
71.8175,610000,flicker
71.8202,170011,flicker
71.8241,170326,flicker
71.8280,170188,flicker
71.8337,170124,flicker
71.8365,170261,flicker
71.8403,170149,flicker
71.8443,170107,flicker
71.8489,16902,flicker
71.8531,170375,flicker
71.8569,170595,flicker
71.8608,170447,flicker
71.8649,170197,flicker
71.8695,169904,rest
71.8730,170080,rest
71.8771,169636,rest
71.8813,170685,rest
71.8863,170582,rest
71.8894,169895,rest
71.8935,170099,rest
71.8977,170022,rest
71.9026,170937,rest
71.9058,169992,rest
71.9099,170254,rest
71.9141,170228,rest
71.9191,170238,rest
71.9222,170838,rest
71.9263,170225,rest
71.9304,170079,rest
71.9357,170677,rest
71.9368,1,rest
71.9386,70470,rest
71.9398,1703,rest
71.9427,10,rest
71.9443,170305,rest
71.9469,170064,rest
71.9513,170434,rest
71.9549,169902,rest
71.9590,170242,rest
71.9632,170402,rest
71.9678,169985,rest
71.9713,170421,rest
71.9754,170643,rest
71.9802,171166,rest
71.9841,170626,rest
71.9877,170064,rest
71.9918,170476,rest
71.9961,170095,rest
72.0019,718,rest
72.0066,170069,rest
72.0082,169839,rest
72.0123,169864,rest
72.0170,170454,rest
72.0205,170322,rest
72.0246,170342,rest
72.0287,170440,rest
72.0329,707,rest
72.0400,170398,rest
72.0410,170583,rest
72.0451,170520,rest
72.0493,726,rest
72.0537,169882,rest
72.0575,170166,rest
72.0615,169844,rest
72.0627,1,rest
72.0657,019,rest
72.0668,169,rest
72.0697,6,rest
72.0727,170379,rest
72.0740,170654,rest
72.0778,169481,rest
72.0838,33,rest
72.0864,169938,rest
72.0901,170036,rest
72.0942,170217,rest
72.0983,169799,rest
72.1031,169763,rest
72.1065,170236,rest
72.1106,170078,rest
72.1147,170035,rest
72.1188,169995,rest
72.1229,170269,rest
72.1270,170496,rest
72.1311,170789,rest
72.1354,170353,rest
72.1393,170568,rest
72.1434,170467,rest
72.1476,169858,rest
72.1525,170417,rest
72.1557,170298,rest
72.1597,170365,rest
72.1639,169844,rest
72.1686,170819,rest
72.1720,170216,rest
72.1762,169943,rest
72.1803,170086,rest
72.1854,170581,rest
72.1884,170116,rest
72.1925,169885,rest
72.1935,169,rest
72.1967,827,rest
72.1973,170172,rest
72.2013,170118,rest
72.2048,170402,rest
72.2089,170203,rest
72.2130,169988,rest
72.2172,170150,rest
72.2212,170695,rest
72.2253,169937,rest
72.2294,170000,rest
72.2337,7010,rest
72.2378,170539,rest
72.2422,169917,rest
72.2459,170571,rest
72.2508,709,rest
72.2557,170107,rest
72.2581,170777,rest
72.2622,170110,rest
72.2676,70526,rest
72.2706,169948,rest
72.2745,170123,rest
72.2785,170404,rest
72.2843,69,rest
72.2872,170415,rest
72.2908,170303,rest
72.2949,170094,rest
72.2991,736,rest
72.3036,170314,rest
72.3078,169885,rest
72.3113,170149,rest
72.3156,039,rest
72.3213,170001,rest
72.3228,170,rest
72.3238,330,rest
72.3252,169898,rest
72.3277,170368,rest
72.3330,174,rest
72.3371,170239,rest
72.3399,170317,rest
72.3440,169925,rest
72.3484,170166,rest
72.3533,170597,rest
72.3563,170343,rest
72.3605,170321,rest
72.3646,170528,rest
72.3692,170115,rest
72.3727,169845,rest
72.3768,170130,rest
72.3810,170114,rest
72.3862,170453,rest
72.3892,170143,rest
72.3933,169936,rest
72.3973,170151,rest
72.4018,169864,rest
72.4055,170348,rest
72.4096,170194,rest
72.4138,170001,rest
72.4181,169942,rest
72.4219,170181,rest
72.4260,170181,rest
72.4304,170592,rest
72.4345,170349,rest
72.4383,170369,rest
72.4423,170030,rest
72.4467,170493,rest
72.4478,17,rest
72.4510,0266,rest
72.4527,17048,rest
72.4546,5,rest
72.4547,170612,rest
72.4587,169947,rest
72.4629,170348,rest
72.4678,170336,rest
72.4711,169915,rest
72.4752,169842,rest
72.4793,170267,rest
72.4835,170277,rest
72.4874,170071,rest
72.4915,169962,rest
72.4958,170013,rest
72.5006,170586,rest
72.5038,170411,rest
72.5080,169914,rest
72.5120,170692,rest
72.5175,1709,rest
72.5209,170132,rest
72.5256,170503,rest
72.5284,169975,rest
72.5337,695,rest
72.5369,170335,rest
72.5407,170207,rest
72.5447,169814,rest
72.5490,1,rest
72.5539,170061,rest
72.5576,170478,rest
72.5611,170549,rest
72.5668,78,rest
72.5694,170145,rest
72.5735,170402,rest
72.5748,17,rest
72.5776,0439,rest
72.5786,17065,rest
72.5817,8,rest
72.5834,92,rest
72.5859,170297,rest
72.5901,170491,rest
72.5939,170163,rest
72.5981,170496,rest
72.6023,170463,rest
72.6062,170521,rest
72.6103,170095,rest
72.6144,170589,rest
72.6189,170395,rest
72.6226,170239,rest
72.6267,170278,rest
72.6308,170669,rest
72.6349,170083,rest
72.6390,170085,rest
72.6431,170016,rest
72.6473,170031,rest
72.6522,170253,rest
72.6554,170594,rest
72.6595,170606,rest
72.6636,170597,rest
72.6681,170672,rest
72.6718,170418,rest
72.6758,170403,rest
72.6801,170911,rest
72.6850,170197,rest
72.6881,169997,rest
72.6922,170709,rest
72.6964,170189,rest
72.7008,170239,rest
72.7022,1,rest
72.7045,70146,rest
72.7062,1705,rest
72.7086,51,rest
72.7099,170175,rest
72.7128,169939,rest
72.7185,170082,rest
72.7209,170171,rest
72.7250,170385,rest
72.7291,170599,rest
72.7341,169921,rest
72.7374,169983,rest
72.7415,170153,rest
72.7457,170407,rest
72.7515,170272,rest
72.7541,170299,rest
72.7578,170599,rest
72.7621,170632,rest
72.7673,5,rest
72.7704,170147,rest
72.7742,170377,rest
72.7784,170724,rest
72.7825,726,rest
72.7867,170623,rest
72.7906,170190,rest
72.7947,170277,rest
72.8003,710,rest
72.8031,170626,rest
72.8069,170300,rest
72.8111,170528,rest
72.8152,70421,rest
72.8195,170748,rest
72.8239,170505,rest
72.8275,170211,rest
72.8289,1,rest
72.8317,2,rest
72.8326,10,rest
72.8357,233,rest
72.8368,170395,rest
72.8398,170437,rest
72.8438,170319,rest
72.8479,170478,rest
72.8520,170731,rest
72.8561,170408,rest
72.8602,170733,rest
72.8644,170493,rest
72.8685,170327,rest
72.8725,170841,rest
72.8767,170835,rest
72.8807,170462,rest
72.8851,170722,rest
72.8889,170376,rest
72.8930,170627,rest
72.8970,170642,rest
72.9020,170524,rest
72.9052,170040,rest
72.9094,170482,rest
72.9135,170796,rest
72.9188,170768,rest
72.9217,170158,rest
72.9258,170611,rest
72.9299,170112,rest
72.9353,170433,rest
72.9380,170681,rest
72.9422,170744,rest
72.9462,170242,rest
72.9506,170234,rest
72.9544,170503,rest
72.9586,170543,rest
72.9599,170,rest
72.9626,804,rest
72.9636,170775,rest
72.9682,175,rest
72.9709,170470,rest
72.9750,170534,rest
72.9790,170461,rest
72.9848,70844,rest
72.9905,170988,rest
72.9912,170277,rest
72.9955,170298,rest
73.0011,170334,rest
73.0035,171188,rest
73.0076,170592,rest
73.0127,170677,rest
73.0166,170623,rest
73.0201,170407,rest
73.0240,170634,rest
73.0282,170427,rest
73.0341,7,rest
73.0366,170765,rest
73.0411,170444,rest
73.0445,170372,rest
73.0487,7060,rest
73.0527,703,rest
73.0573,170619,rest
73.0618,170110,rest
73.0650,170571,rest
73.0699,170813,rest
73.0732,170553,rest
73.0773,170606,rest
73.0830,1702,rest
73.0862,170423,rest
73.0877,170,rest
73.0898,754,rest
73.0907,17054,rest
73.0936,3,rest
73.0937,170361,rest
73.0977,170417,rest
73.1019,170459,rest
73.1061,169889,rest
73.1100,170707,rest
73.1141,170641,rest
73.1193,170925,rest
73.1224,170690,rest
73.1265,170339,rest
73.1306,170586,rest
73.1347,170221,rest
73.1387,171038,rest
73.1427,170319,rest
73.1469,170587,rest
73.1513,170108,rest
73.1551,170457,rest
73.1591,170581,rest
73.1633,170835,rest
73.1681,171008,rest
73.1714,170915,rest
73.1757,170523,rest
73.1798,170635,rest
73.1841,170729,rest
73.1879,170949,rest
73.1920,170729,rest
73.1961,170888,rest
73.2003,170479,rest
73.2043,171326,rest
73.2085,170641,rest
73.2125,171168,rest
73.2137,17,rest
73.2167,087,rest
73.2191,17084,rest
73.2212,0,rest
73.2219,170651,rest
73.2247,170767,rest
73.2288,171245,rest
73.2334,170497,rest
73.2371,170695,rest
73.2412,170733,rest
73.2454,170619,rest
73.2499,170692,rest
73.2534,170729,rest
73.2576,170508,rest
73.2618,170673,rest
73.2658,70949,rest
73.2705,170685,rest
73.2740,170735,rest
73.2780,170833,rest
73.2835,70590,rest
73.2869,170909,rest
73.2908,170531,rest
73.2943,170527,rest
73.2987,09,rest
73.3025,170786,rest
73.3066,170479,rest
73.3107,170904,rest
73.3168,2,rest
73.3194,170486,rest
73.3231,170867,rest
73.3272,171031,rest
73.3316,11,rest
73.3359,170643,rest
73.3395,170302,rest
73.3404,1,rest
73.3435,70549,rest
73.3449,1708,rest
73.3476,64,rest
73.3487,170510,rest
73.3517,170479,rest
73.3557,170536,rest
73.3598,170986,rest
73.3640,171176,rest
73.3687,170825,rest
73.3721,170977,rest
73.3762,170899,rest
73.3803,170771,rest
73.3848,170755,rest
73.3885,171023,rest
73.3926,170928,rest
73.3968,170462,rest
73.4018,171423,rest
73.4049,171069,rest
73.4090,171146,rest
73.4131,170612,rest
73.4182,170785,rest
73.4213,170688,rest
73.4254,170977,rest
73.4297,170965,rest
73.4347,170662,rest
73.4377,170602,rest
73.4418,170961,rest
73.4459,170913,rest
73.4507,171037,rest
73.4541,170917,rest
73.4582,171549,rest
73.4623,170941,rest
73.4671,170998,rest
73.4681,1,rest
73.4705,70743,rest
73.4720,1709,rest
73.4745,71,rest
73.4760,170934,rest
73.4787,170783,rest
73.4829,7021,rest
73.4874,170786,rest
73.4913,170748,rest
73.4951,170595,rest
73.5008,704,rest
73.5041,170549,rest
73.5077,171188,rest
73.5114,170623,rest
73.5156,701,rest
73.5205,170281,rest
73.5242,170722,rest
73.5278,170443,rest
73.5333,7022,rest
73.5365,170793,rest
73.5403,170698,rest
73.5442,170998,rest
73.5494,7052,rest
73.5527,170559,rest
73.5577,170650,rest
73.5606,170463,rest
73.5694,170802,rest
73.5730,170869,rest
73.5769,171066,rest
73.5823,078,rest
73.5857,171148,rest
73.5892,170912,rest
73.5933,171037,rest
73.5978,75,rest
73.5982,170,rest
73.6034,556,rest
73.6045,170836,rest
73.6056,170997,rest
73.6097,170423,rest
73.6139,170486,rest
73.6183,171196,rest
73.6220,170246,rest
73.6261,171320,rest
73.6303,170697,rest
73.6348,170548,rest
73.6384,170175,rest
73.6425,170826,rest
73.6466,170633,rest
73.6516,170949,rest
73.6548,170936,rest
73.6588,170956,rest
73.6630,170844,rest
73.6673,170800,rest
73.6712,170811,rest
73.6752,170615,rest
73.6794,170627,rest
73.6839,170998,rest
73.6876,170828,rest
73.6916,170599,rest
73.6959,170809,rest
73.7005,170664,rest
73.7039,170893,rest
73.7080,170763,rest
73.7121,170995,rest
73.7165,170669,rest
73.7203,171439,rest
73.7244,171090,rest
73.7255,171,rest
73.7285,107,rest
73.7299,170690,rest
73.7333,170907,rest
73.7367,170607,rest
73.7407,170718,rest
73.7452,170715,rest
73.7498,170755,rest
73.7531,170823,rest
73.7572,171086,rest
73.7613,170699,rest
73.7653,70765,rest
73.7697,170789,rest
73.7740,171237,rest
73.7777,171070,rest
73.7818,70537,rest
73.7874,170512,rest
73.7903,170477,rest
73.7940,170789,rest
73.7982,04,rest
73.8036,170711,rest
73.8070,170752,rest
73.8104,170640,rest
73.8156,17092,rest
73.8200,170659,rest
73.8227,171148,rest
73.8268,170539,rest
73.8322,176,rest
73.8354,170572,rest
73.8391,170653,rest
73.8431,170262,rest
73.8474,170991,rest
73.8514,169888,rest
73.8528,170,rest
73.8555,907,rest
73.8566,17063,rest
73.8595,7,rest
73.8596,170477,rest
73.8637,170318,rest
73.8686,170612,rest
73.8718,170794,rest
73.8759,170269,rest
73.8801,171275,rest
73.8843,170535,rest
73.8882,170162,rest
73.8923,170861,rest
73.8966,171091,rest
73.9008,171073,rest
73.9046,170732,rest
73.9087,170095,rest
73.9129,170357,rest
73.9172,170155,rest
73.9210,170426,rest
73.9250,170513,rest
73.9294,170690,rest
73.9337,170879,rest
73.9374,170513,rest
73.9415,170482,rest
73.9456,170237,rest
73.9500,171238,rest
73.9538,170489,rest
73.9578,170727,rest
73.9620,170015,rest
73.9664,170794,rest
73.9701,170763,rest
73.9742,170813,rest
73.9784,170855,rest
73.9799,17,rest
73.9841,628103,rest
73.9882,171026,rest
73.9910,170269,rest
73.9949,170679,rest
74.0002,70547,rest
74.0036,170680,rest
74.0073,170081,rest
74.0115,170540,rest
74.0170,755,rest
74.0200,170736,rest
74.0234,170761,rest
74.0275,170945,rest
74.0319,170454,rest
74.0357,170413,rest
74.0397,170597,rest
74.0438,170767,rest
74.0480,71059,rest
74.0525,171002,rest
74.0563,170157,rest
74.0602,170136,rest
74.0645,17,rest
74.0685,170185,rest
74.0731,170986,rest
74.0767,170539,rest
74.0808,170581,rest
74.0852,170264,rest
74.0889,170733,rest
74.0930,170609,rest
74.0989,104,rest
74.1022,170290,rest
74.1053,170594,rest
74.1069,17,rest
74.1094,0656,rest
74.1109,17043,rest
74.1135,7,rest
74.1147,170580,rest
74.1176,170171,rest
74.1217,170685,rest
74.1258,171060,rest
74.1299,170175,rest
74.1342,170587,rest
74.1380,171007,rest
74.1422,170571,rest
74.1463,170601,rest
74.1514,170494,rest
74.1545,170537,rest
74.1585,170958,rest
74.1627,170828,rest
74.1677,170378,rest
74.1708,170383,rest
74.1749,170954,rest
74.1791,170790,rest
74.1836,170590,rest
74.1872,170776,rest
74.1913,170696,rest
74.1954,170499,rest
74.1999,170495,rest
74.2036,170256,rest
74.2077,170530,rest
74.2118,170291,rest
74.2162,170312,rest
74.2200,170314,rest
74.2241,170796,rest
74.2282,171046,rest
74.2330,170731,rest
74.2342,1,rest
74.2364,70122,rest
74.2381,1712,rest
74.2405,68,rest
74.2419,170219,rest
74.2447,170420,rest
74.2491,170270,rest
74.2528,170825,rest
74.2569,170486,rest
74.2610,171273,rest
74.2670,70,rest
74.2692,170483,rest
74.2732,170216,rest
74.2773,170081,rest
74.2826,70728,rest
74.2863,170323,rest
74.2899,170332,rest
74.2937,170933,rest
74.2979,70263,rest
74.3031,170823,rest
74.3062,171053,rest
74.3101,170686,rest
74.3142,7082,rest
74.3191,170216,rest
74.3225,170428,rest
74.3265,170855,rest
74.3314,76,rest
74.3360,170484,rest
74.3387,170798,rest
74.3428,170416,rest
74.3473,101,rest
74.3514,170124,rest
74.3560,170418,rest
74.3593,170518,rest
74.3609,1,rest
74.3634,70761,rest
74.3647,1704,rest
74.3676,35,rest
74.3690,170821,rest
74.3715,170281,rest
74.3756,170376,rest
74.3798,170747,rest
74.3841,170588,rest
74.3879,170614,rest
74.3920,170159,rest
74.3961,170605,rest
74.4010,170715,rest
74.4043,170936,rest
74.4084,170471,rest
74.4126,170695,rest
74.4175,170305,rest
74.4207,171287,rest
74.4248,170889,rest
74.4290,170411,rest
74.4334,170685,rest
74.4371,170693,rest
74.4411,170717,rest
74.4455,170644,rest
74.4494,171058,rest
74.4535,170127,rest
74.4575,170720,rest
74.4617,170531,rest
74.4660,170518,rest
74.4698,170402,rest
74.4739,170202,rest
74.4781,170468,rest
74.4825,170613,rest
74.4862,170838,rest
74.4903,170873,rest
74.4918,170,rest
74.4951,580,rest
74.4962,170337,rest
74.4996,170131,rest
74.5026,170196,rest
74.5068,170712,rest
74.5111,170302,rest
74.5166,703,rest
74.5195,170665,rest
74.5231,170836,rest
74.5272,170191,rest
74.5321,170691,rest
74.5354,170690,rest
74.5395,171085,rest
74.5436,171276,rest
74.5495,70502,rest
74.5523,170426,rest
74.5558,170643,rest
74.5599,171046,rest
74.5642,7050,rest
74.5684,170869,rest
74.5731,170807,rest
74.5763,170672,rest
74.5820,7089,rest
74.5860,170663,rest
74.5886,170102,rest
74.5927,170514,rest
74.5969,170664,rest
74.6011,170375,rest
74.6050,170839,rest
74.6091,170677,rest
74.6132,171051,rest
74.6180,171175,rest
74.6193,170,rest
74.6214,718,rest
74.6227,170899,rest
74.6256,169974,rest
74.6296,170554,rest
74.6342,171062,rest
74.6378,170750,rest
74.6419,170461,rest
74.6460,170631,rest
74.6510,170868,rest
74.6542,171082,rest
74.6582,170202,rest
74.6625,171015,rest
74.6671,170805,rest
74.6705,170272,rest
74.6748,170467,rest
74.6789,170287,rest
74.6830,170688,rest
74.6869,171287,rest
74.6910,170022,rest
74.6952,169987,rest
74.7002,170335,rest
74.7034,170343,rest
74.7075,170553,rest
74.7115,170169,rest
74.7165,171387,rest
74.7198,170659,rest
74.7238,170828,rest
74.7279,171026,rest
74.7326,170385,rest
74.7361,170129,rest
74.7402,170529,rest
74.7444,170260,rest
74.7454,17,rest
74.7508,0617080,rest
74.7525,2,rest
74.7526,170268,rest
74.7567,170478,rest
74.7612,170410,rest
74.7670,70,rest
74.7697,170592,rest
74.7733,170500,rest
74.7770,170564,rest
74.7813,7065,rest
74.7859,170976,rest
74.7897,170513,rest
74.7953,170757,rest
74.7975,170257,rest
74.8028,170999,rest
74.8057,170275,rest
74.8098,171176,rest
74.8156,7030,rest
74.8182,170010,rest
74.8224,170666,rest
74.8274,170907,rest
74.8304,170975,rest
74.8344,170769,rest
74.8479,170130,rest
74.8480,170866,rest
74.8489,171301,rest
74.8508,70310,rest
74.8556,170819,rest
74.8608,170154,rest
74.8672,170491,rest
74.8700,170308,rest
74.8737,170465,rest
74.8758,170825,rest
74.8768,17068,rest
74.8803,5,rest
74.8823,170595,rest
74.8837,170600,rest
74.8885,171175,rest
74.8918,170747,rest
74.8962,170715,rest
74.9005,170549,rest
74.9042,170325,rest
74.9081,170163,rest
74.9122,170856,rest
74.9179,70,rest
74.9204,170402,rest
74.9245,170455,rest
74.9286,170258,rest
74.9339,170285,rest
74.9367,170654,rest
74.9408,170898,rest
74.9450,170684,rest
74.9502,170417,rest
74.9533,170710,rest
74.9574,170445,rest
74.9613,170566,rest
74.9655,170601,rest
74.9704,170444,rest
74.9736,170338,rest
74.9777,170559,rest
74.9823,170842,rest
74.9859,171026,rest
74.9900,170965,rest
74.9942,171556,rest
74.9987,170967,rest
74.9997,1,rest
75.0023,70485,rest
75.0037,1710,rest
75.0064,36,rest
75.0074,171168,rest
75.0106,170641,rest
75.0147,76,rest
75.0194,170961,rest
75.0248,170600,rest
75.0269,170912,rest
75.0326,79,rest
75.0364,170228,rest
75.0402,170727,rest
75.0433,170866,rest
75.0493,169891,rest
75.0526,170513,rest
75.0555,170582,rest
75.0596,170661,rest
75.0637,170054,rest
75.0685,170452,rest
75.0719,170120,rest
75.0760,170482,rest
75.0802,170377,rest
75.0846,170911,rest
75.0886,170417,rest
75.0924,170280,rest
75.0966,170341,rest
75.1010,170504,rest
75.1047,170652,rest
75.1088,170524,rest
75.1129,170896,rest
75.1174,170589,rest
75.1211,170792,rest
75.1252,170867,rest
75.1267,1,rest
75.1293,70737,rest
75.1303,1707,rest
75.1334,52,rest
75.1349,170531,rest
75.1375,170422,rest
75.1416,170596,rest
75.1457,170530,rest
75.1520,170361,rest
75.1538,170514,rest
75.1580,170845,rest
75.1621,170308,rest
75.1664,170707,rest
75.1702,170560,rest
75.1743,170421,rest
75.1784,169909,rest
75.1829,170644,rest
75.1866,169960,rest
75.1907,170664,rest
75.1949,170828,rest
75.1995,170746,rest
75.2030,170066,rest
75.2070,170513,rest
75.2112,170226,rest
75.2157,170576,rest
75.2194,170419,rest
75.2235,170677,rest
75.2276,170319,rest
75.2322,170267,rest
75.2358,170400,rest
75.2398,170085,rest
75.2441,170652,rest
75.2482,704,rest
75.2529,171224,rest
75.2563,170752,rest
75.2575,170,rest
75.2604,286,rest
75.2623,170503,rest
75.2662,136,rest
75.2692,170426,rest
75.2726,170442,rest
75.2767,169938,rest
75.2823,704,rest
75.2852,169878,rest
75.2891,170513,rest
75.2931,170580,rest
75.2974,04,rest
75.3014,9,rest
75.3058,170039,rest
75.3115,170047,rest
75.3145,170548,rest
75.3178,103,rest
75.3224,170692,rest
75.3263,170347,rest
75.3302,170031,rest
75.3348,170804,rest
75.3382,170107,rest
75.3429,170620,rest
75.3464,170293,rest
75.3510,170072,rest
75.3552,170139,rest
75.3587,170211,rest
75.3627,170883,rest
75.3668,170467,rest
75.3709,170517,rest
75.3750,170625,rest
75.3792,170248,rest
75.3843,170580,rest
75.3855,170,rest
75.3873,392,rest
75.3886,170641,rest
75.3914,170745,rest
75.3955,170693,rest
75.3999,170814,rest
75.4037,170618,rest
75.4078,170816,rest
75.4119,170117,rest
75.4163,171009,rest
75.4209,170561,rest
75.4244,170560,rest
75.4286,170718,rest
75.4340,170460,rest
75.4365,170146,rest
75.4406,170399,rest
75.4448,170579,rest
75.4491,170649,rest
75.4530,169979,rest
75.4569,170758,rest
75.4611,170700,rest
75.4664,170117,rest
75.4692,170879,rest
75.4733,170765,rest
75.4775,170044,rest
75.4817,088,rest
75.4858,170549,rest
75.4922,170201,rest
75.4939,170283,rest
75.4995,700,rest
75.5022,171065,rest
75.5067,170129,rest
75.5104,170674,rest
75.5120,170,rest
75.5145,792,rest
75.5161,17026,rest
75.5184,7,rest
75.5185,170686,rest
75.5225,170010,rest
75.5266,170790,rest
75.5318,703,rest
75.5350,170763,rest
75.5389,171062,rest
75.5430,170603,rest
75.5483,7091,rest
75.5516,170240,rest
75.5552,170336,rest
75.5593,170461,rest
75.5636,031,rest
75.5685,170461,rest
75.5722,170324,rest
75.5757,170365,rest
75.5813,052,rest
75.5840,170174,rest
75.5880,170690,rest
75.5921,170597,rest
75.5963,170668,rest
75.6007,170407,rest
75.6043,170255,rest
75.6085,170882,rest
75.6127,170329,rest
75.6167,170671,rest
75.6208,170578,rest
75.6249,170337,rest
75.6290,170589,rest
75.6333,170263,rest
75.6372,170509,rest
75.6384,17,rest
75.6412,0505,rest
75.6422,17007,rest
75.6455,8,rest
75.6456,170233,rest
75.6499,170159,rest
75.6535,170278,rest
75.6576,170672,rest
75.6618,171291,rest
75.6665,170679,rest
75.6699,170312,rest
75.6740,169752,rest
75.6783,170009,rest
75.6830,170018,rest
75.6863,169772,rest
75.6904,170361,rest
75.6945,170482,rest
75.7001,170537,rest
75.7027,170474,rest
75.7068,170498,rest
75.7109,170638,rest
75.7154,170492,rest
75.7191,170395,rest
75.7232,170241,rest
75.7273,170661,rest
75.7331,170561,rest
75.7357,170902,rest
75.7395,170591,rest
75.7437,170303,rest
75.7497,707,rest
75.7524,169971,rest
75.7559,170466,rest
75.7604,170580,rest
75.7660,700,rest
75.7684,545,rest
75.7699,1707,rest
75.7730,23,rest
75.7741,170881,rest
75.7764,170643,rest
75.7820,70,rest
75.7847,170257,rest
75.7887,170170,rest
75.7928,170585,rest
75.7982,7194,rest
75.8029,170423,rest
75.8051,170404,rest
75.8092,170344,rest
75.8134,692,rest
75.8175,170577,rest
75.8223,170398,rest
75.8256,171050,rest
75.8301,17028,rest
75.8344,170463,rest
75.8379,170128,rest
75.8419,170218,rest
75.8477,107,rest
75.8514,170630,rest
75.8553,170598,rest
75.8584,171028,rest
75.8624,170731,rest
75.8670,170375,rest
75.8706,170825,rest
75.8747,170437,rest
75.8789,170207,rest
75.8835,170788,rest
75.8870,170307,rest
75.8911,170033,rest
75.8924,1,rest
75.8952,70475,rest
75.8969,1704,rest
75.8998,61,rest
75.9017,170957,rest
75.9034,170296,rest
75.9075,170614,rest
75.9117,170745,rest
75.9167,170463,rest
75.9198,169860,rest
75.9238,170323,rest
75.9280,170299,rest
75.9328,170755,rest
75.9361,170532,rest
75.9402,170723,rest
75.9444,170517,rest
75.9499,170039,rest
75.9526,170229,rest
75.9566,170456,rest
75.9608,171281,rest
75.9649,70,rest
75.9694,170676,rest
75.9738,170513,rest
75.9771,170144,rest
75.9815,170256,rest
75.9853,170370,rest
75.9894,170062,rest
75.9936,170626,rest
75.9989,7,rest
76.0017,171101,rest
76.0058,170597,rest
76.0102,170802,rest
76.0159,70283,rest
76.0190,170696,rest
76.0205,1,rest
76.0222,70878,rest
76.0235,1706,rest
76.0262,96,rest
76.0278,170156,rest
76.0307,170992,rest
76.0345,170053,rest
76.0385,170487,rest
76.0426,170628,rest
76.0483,7056,rest
76.0511,170031,rest
76.0549,170559,rest
76.0590,170824,rest
76.0640,704,rest
76.0688,170532,rest
76.0713,170775,rest
76.0754,170285,rest
76.0797,70,rest
76.0845,170672,rest
76.0884,170956,rest
76.0918,170790,rest
76.0960,170747,rest
76.1001,170679,rest
76.1041,170499,rest
76.1082,170461,rest
76.1123,170853,rest
76.1176,171215,rest
76.1205,170623,rest
76.1245,170057,rest
76.1287,170629,rest
76.1331,170741,rest
76.1368,170328,rest
76.1410,170873,rest
76.1451,170708,rest
76.1506,170681,rest
76.1523,170,rest
76.1533,791,rest
76.1546,170001,rest
76.1574,170462,rest
76.1614,170475,rest
76.1656,170552,rest
76.1696,170378,rest
76.1737,170381,rest
76.1779,170710,rest
76.1835,170416,rest
76.1860,170582,rest
76.1901,170507,rest
76.1942,170592,rest
76.1991,171244,rest
76.2024,170551,rest
76.2065,170654,rest
76.2106,170634,rest
76.2164,170751,rest
76.2188,170614,rest
76.2228,170125,rest
76.2270,170581,rest
76.2314,170568,rest
76.2351,170820,rest
76.2392,170233,rest
76.2435,170244,rest
76.2487,7,rest
76.2535,170653,rest
76.2556,170434,rest
76.2598,170209,rest
76.2652,70,rest
76.2688,170442,rest
76.2726,170500,rest
76.2761,169847,rest
76.2770,170,rest
76.2810,444,rest
76.2830,17051,rest
76.2843,7,rest
76.2844,170973,rest
76.2884,170566,rest
76.2925,170278,rest
76.2981,70,rest
76.3007,170429,rest
76.3048,169827,rest
76.3088,170597,rest
76.3144,7,rest
76.3182,170804,rest
76.3212,170529,rest
76.3252,170307,rest
76.3297,17627,rest
76.3342,170602,rest
76.3376,170401,rest
76.3416,170917,rest
76.3479,171060,rest
76.3498,170640,rest
76.3539,170299,rest
76.3580,170644,rest
76.3622,170703,rest
76.3662,170785,rest
76.3703,170194,rest
76.3744,170710,rest
76.3785,170534,rest
76.3828,170569,rest
76.3867,170863,rest
76.3908,170663,rest
76.3949,170736,rest
76.3995,170317,rest
76.4032,170422,rest
76.4040,17,rest
76.4072,0666,rest
76.4082,17059,rest
76.4113,6,rest
76.4115,170776,rest
76.4167,170928,rest
76.4195,170962,rest
76.4236,170127,rest
76.4278,170452,rest
76.4322,170380,rest
76.4358,171157,rest
76.4399,170239,rest
76.4443,170761,rest
76.4486,170332,rest
76.4522,170856,rest
76.4563,170400,rest
76.4606,170786,rest
76.4653,170410,rest
76.4686,170554,rest
76.4727,170619,rest
76.4773,170757,rest
76.4814,171017,rest
76.4850,170922,rest
76.4891,170186,rest
76.4934,170027,rest
76.4973,70606,rest
76.5018,170646,rest
76.5067,170448,rest
76.5103,170520,rest
76.5138,170590,rest
76.5178,170705,rest
76.5218,170708,rest
76.5259,170671,rest
76.5305,170486,rest
76.5321,1,rest
76.5342,70517,rest
76.5352,1710,rest
76.5382,30,rest
76.5397,170506,rest
76.5424,170632,rest
76.5467,7099,rest
76.5509,170696,rest
76.5554,170233,rest
76.5587,170006,rest
76.5642,70,rest
76.5671,170966,rest
76.5711,170872,rest
76.5751,170258,rest
76.5792,169869,rest
76.5840,170574,rest
76.5874,170903,rest
76.5915,170482,rest
76.5959,73,rest
76.6006,170208,rest
76.6043,170598,rest
76.6079,170737,rest
76.6120,170809,rest
76.6163,170733,rest
76.6202,170444,rest
76.6242,170592,rest
76.6285,170531,rest
76.6332,170727,rest
76.6366,170653,rest
76.6406,170860,rest
76.6448,170466,rest
76.6498,170947,rest
76.6529,170476,rest
76.6570,170755,rest
76.6582,1,rest
76.6614,70386,rest
76.6627,1711,rest
76.6654,35,rest
76.6679,170089,rest
76.6693,170673,rest
76.6734,170769,rest
76.6776,171340,rest
76.6817,170537,rest
76.6858,170394,rest
76.6898,170595,rest
76.6939,171395,rest
76.6982,170815,rest
76.7022,170527,rest
76.7061,170806,rest
76.7103,170644,rest
76.7149,170594,rest
76.7185,170419,rest
76.7225,171140,rest
76.7267,170471,rest
76.7320,170924,rest
76.7350,170306,rest
76.7392,170409,rest
76.7431,170713,rest
76.7478,170512,rest
76.7513,170306,rest
76.7554,170512,rest
76.7599,170650,rest
76.7652,7,rest
76.7681,170462,rest
76.7718,170799,rest
76.7759,170815,rest
76.7801,7062,rest
76.7847,170756,rest
76.7859,1,rest
76.7882,70158,rest
76.7906,1704,rest
76.7922,95,rest
76.7944,170461,rest
76.7971,170195,rest
76.8008,170330,rest
76.8047,170321,rest
76.8086,170226,rest
76.8138,707,rest
76.8172,170797,rest
76.8221,170847,rest
76.8252,170496,rest
76.8298,17094,rest
76.8338,170123,rest
76.8385,170640,rest
76.8421,170319,rest
76.8458,170852,rest
76.8496,170630,rest
76.8536,170439,rest
76.8577,170283,rest
76.8618,170790,rest
76.8665,170740,rest
76.8701,170496,rest
76.8742,170732,rest
76.8783,170752,rest
76.8834,170826,rest
76.8864,170377,rest
76.8905,170768,rest
76.8946,170977,rest
76.8998,170489,rest
76.9028,170623,rest
76.9069,170503,rest
76.9112,170864,rest
76.9124,1,rest
76.9155,70156,rest
76.9170,170,rest
76.9192,319,rest
76.9203,170901,rest
76.9233,170424,rest
76.9275,170296,rest
76.9326,170807,rest
76.9356,170772,rest
76.9396,170802,rest
76.9438,170505,rest
76.9490,170757,rest
76.9519,170179,rest
76.9560,170931,rest
76.9601,170541,rest
76.9647,170888,rest
76.9683,171057,rest
76.9724,170556,rest
76.9766,170516,rest
76.9811,170370,rest
76.9847,170746,rest
76.9888,170936,rest
76.9929,170388,rest
76.9978,170912,rest
77.0011,170551,rest
77.0052,170681,rest
77.0096,170932,rest
77.0145,712,rest
77.0185,170057,rest
77.0225,170621,rest
77.0257,170303,rest
77.0299,703,rest
77.0348,170732,rest
77.0382,170227,rest
77.0421,171455,rest
77.0434,170,rest
77.0467,461,rest
77.0482,170961,rest
77.0503,170572,rest
77.0543,170667,rest
77.0584,170769,rest
77.0640,3,rest
77.0667,170655,rest
77.0707,170836,rest
77.0748,170776,rest
77.0791,171151,rest
77.0834,170597,rest
77.0871,170321,rest
77.0912,170740,rest
77.0954,170706,rest
77.0999,170692,rest
77.1036,170663,rest
77.1076,170642,rest
77.1118,170522,rest
77.1164,170573,rest
77.1200,170282,rest
77.1241,170462,rest
77.1282,170858,rest
77.1322,170738,rest
77.1371,170682,rest
77.1404,170921,rest
77.1446,170410,rest
77.1486,170311,rest
77.1527,170352,rest
77.1568,170317,rest
77.1609,170567,rest
77.1650,171096,rest
77.1691,170422,rest
77.1702,170,rest
77.1732,504,rest
77.1743,17039,rest
77.1772,3,rest
77.1773,170913,rest
77.1817,170116,rest
77.1856,170552,rest
77.1895,170568,rest
77.1939,170207,rest
77.1980,170210,rest
77.2018,170811,rest
77.2060,170453,rest
77.2100,170528,rest
77.2149,170631,rest
77.2182,170528,rest
77.2224,170326,rest
77.2264,170589,rest
77.2323,7034,rest
77.2367,170729,rest
77.2393,170570,rest
77.2428,170649,rest
77.2470,170385,rest
77.2524,709,rest
77.2563,170547,rest
77.2632,170558,rest
77.2642,170802,rest
77.2687,70530,rest
77.2729,170321,rest
77.2755,170670,rest
77.2815,7042,rest
77.2845,170523,rest
77.2878,170587,rest
77.2920,170436,rest
77.2962,70714,rest
77.2973,17,rest
77.3005,524,rest
77.3019,17084,rest
77.3047,8,rest
77.3050,170435,rest
77.3083,170733,rest
77.3151,7677,rest
77.3203,171028,rest
77.3206,170887,rest
77.3246,170607,rest
77.3303,709,rest
77.3336,170654,rest
77.3375,170840,rest
77.3411,170536,rest
77.3472,176,rest
77.3508,170405,rest
77.3536,170079,rest
77.3575,170991,rest
77.3616,170450,rest
77.3663,169812,rest
77.3697,170278,rest
77.3738,170531,rest
77.3780,170642,rest
77.3824,169638,rest
77.3862,170645,rest
77.3902,169926,rest
77.3943,170640,rest
77.3996,170956,rest
77.4025,170141,rest
77.4067,170604,rest
77.4108,170161,rest
77.4163,170633,rest
77.4189,170634,rest
77.4230,170268,rest
77.4244,17,rest
77.4273,0338,rest
77.4286,17008,rest
77.4314,3,rest
77.4317,170469,rest
77.4353,170320,rest
77.4394,170662,rest
77.4437,171184,rest
77.4492,1707,rest
77.4516,171097,rest
77.4557,170257,rest
77.4598,171005,rest
77.4651,170354,rest
77.4680,170579,rest
77.4721,169973,rest
77.4762,170666,rest
77.4809,170931,rest
77.4846,170310,rest
77.4885,170656,rest
77.4926,170210,rest
77.4971,171092,rest
77.5014,171062,rest
77.5048,170774,rest
77.5099,170720,rest
77.5133,170560,rest
77.5181,170406,rest
77.5212,170429,rest
77.5253,170608,rest
77.5297,170413,rest
77.5336,170612,rest
77.5376,170242,rest
77.5417,171171,rest
77.5459,70283,rest
77.5503,170556,rest
77.5520,17,rest
77.5540,0371,rest
77.5557,17032,rest
77.5581,0,rest
77.5595,170683,rest
77.5632,170378,rest
77.5663,170397,rest
77.5704,170510,rest
77.5745,171054,rest
77.5786,170288,rest
77.5831,170505,rest
77.5868,170289,rest
77.5909,170861,rest
77.5960,05,rest
77.5992,170913,rest
77.6032,171254,rest
77.6073,170148,rest
77.6114,170662,rest
77.6158,170155,rest
77.6196,170585,rest
77.6236,170286,rest
77.6278,171115,rest
77.6322,170204,rest
77.6360,170708,rest
77.6400,170715,rest
77.6442,170716,rest
77.6485,170909,rest
77.6525,170255,rest
77.6565,170954,rest
77.6606,170793,rest
77.6650,170150,rest
77.6687,170388,rest
77.6728,170404,rest
77.6771,170570,rest
77.6784,1,rest
77.6813,70999,rest
77.6830,1708,rest
77.6851,73,rest
77.6861,170532,rest
77.6892,170395,rest
77.6935,170306,rest
77.6977,170560,rest
77.7015,170837,rest
77.7056,170856,rest
77.7097,170601,rest
77.7142,170818,rest
77.7179,170554,rest
77.7219,170338,rest
77.7261,171138,rest
77.7307,170599,rest
77.7342,170145,rest
77.7383,170781,rest
77.7425,170427,rest
77.7467,772,rest
77.7511,171123,rest
77.7556,171067,rest
77.7590,170562,rest
77.7674,170424,rest
77.7715,171151,rest
77.7759,170999,rest
77.7804,70,rest
77.7835,170576,rest
77.7875,170438,rest
77.7916,170738,rest
77.7976,764,rest
77.8007,170338,rest
77.8039,171181,rest
77.8051,1,rest
77.8080,70722,rest
77.8096,170,rest
77.8121,95,rest
77.8137,76,rest
77.8164,170432,rest
77.8203,170736,rest
77.8243,170242,rest
77.8312,7073,rest
77.8327,170844,rest
77.8375,170661,rest
77.8410,170214,rest
77.8449,169993,rest
77.8494,170252,rest
77.8530,170443,rest
77.8571,170184,rest
77.8612,170426,rest
77.8657,170637,rest
77.8694,170455,rest
77.8735,170447,rest
77.8776,170837,rest
77.8823,171153,rest
77.8858,170470,rest
77.8899,170483,rest
77.8940,170326,rest
77.8984,170693,rest
77.9022,170237,rest
77.9063,170442,rest
77.9104,170562,rest
77.9153,170578,rest
77.9185,170261,rest
77.9226,170326,rest
77.9268,170847,rest
77.9310,170593,rest
77.9350,170603,rest
77.9364,171,rest
77.9391,091,rest
77.9402,170483,rest
77.9432,170368,rest
77.9476,170966,rest
77.9516,170239,rest
77.9554,170588,rest
77.9596,170088,rest
77.9640,170990,rest
77.9677,170572,rest
77.9718,170885,rest
77.9759,170712,rest
77.9806,170803,rest
77.9841,171079,rest
77.9882,170390,rest
77.9924,170507,rest
77.9964,70572,rest
78.0008,170341,rest
78.0064,170588,rest
78.0089,170307,rest
78.0143,7,rest
78.0176,170848,rest
78.0209,170562,rest
78.0250,170419,rest
78.0305,763,rest
78.0335,170626,rest
78.0381,170236,rest
78.0415,170493,rest
78.0471,70,rest
78.0504,170303,rest
78.0541,170536,rest
78.0578,170449,rest
78.0636,437,rest
78.0664,090,rest
78.0683,17045,rest
78.0706,9,rest
78.0713,170776,rest
78.0745,170420,rest
78.0783,170302,rest
78.0831,170755,rest
78.0865,170394,rest
78.0906,170553,rest
78.0962,17037,rest
78.0993,170888,rest
78.1029,170809,rest
78.1070,170541,rest
78.1111,170257,rest
78.1156,170314,rest
78.1192,171009,rest
78.1233,170375,rest
78.1275,170282,rest
78.1318,170812,rest
78.1356,170414,rest
78.1397,170435,rest
78.1439,170711,rest
78.1486,170870,rest
78.1520,170015,rest
78.1562,170724,rest
78.1603,170640,rest
78.1645,171046,rest
78.1684,170865,rest
78.1725,170795,rest
78.1767,170400,rest
78.1811,171028,rest
78.1848,170485,rest
78.1889,170515,rest
78.1901,17,rest
78.1930,0560,rest
78.1943,17043,rest
78.1978,8,rest
78.1996,170970,rest
78.2012,170808,rest
78.2053,170428,rest
78.2095,170296,rest
78.2139,170352,rest
78.2175,170666,rest
78.2216,170877,rest
78.2258,170689,rest
78.2303,170422,rest
78.2340,169845,rest
78.2380,170834,rest
78.2422,170887,rest
78.2463,70659,rest
78.2517,170488,rest
78.2546,170236,rest
78.2589,170386,rest
78.2626,70586,rest
78.2670,170753,rest
78.2715,170452,rest
78.2749,170437,rest
78.2805,70,rest
78.2834,170975,rest
78.2877,170662,rest
78.2913,170369,rest
78.2954,71077,rest
78.3000,171019,rest
78.3045,170435,rest
78.3077,170388,rest
78.3132,704,rest
78.3167,170110,rest
78.3183,17,rest
78.3200,0557,rest
78.3212,1705,rest
78.3241,87,rest
78.3257,170723,rest
78.3293,170973,rest
78.3322,169996,rest
78.3363,169712,rest
78.3405,170548,rest
78.3449,1709,rest
78.3504,170486,rest
78.3536,170910,rest
78.3568,170246,rest
78.3610,170514,rest
78.3655,170897,rest
78.3691,171081,rest
78.3732,170759,rest
78.3773,170804,rest
78.3816,171021,rest
78.3855,169982,rest
78.3896,170613,rest
78.3937,170574,rest
78.3982,170335,rest
78.4019,170679,rest
78.4060,170271,rest
78.4102,170708,rest
78.4148,170788,rest
78.4182,170317,rest
78.4224,170707,rest
78.4266,170390,rest
78.4310,170741,rest
78.4346,170694,rest
78.4387,170701,rest
78.4431,170206,rest
78.4445,1,rest
78.4470,70610,rest
78.4483,1703,rest
78.4510,17,rest
78.4522,170608,rest
78.4551,170703,rest
78.4592,170760,rest
78.4646,170665,rest
78.4674,170252,rest
78.4715,170689,rest
78.4756,171183,rest
78.4797,70995,rest
78.4842,171280,rest
78.4891,170609,rest
78.4925,170360,rest
78.4961,70776,rest
78.5006,170783,rest
78.5047,170649,rest
78.5085,170205,rest
78.5127,702,rest
78.5180,170722,rest
78.5213,170399,rest
78.5248,170838,rest
78.5290,740,rest
78.5334,170784,rest
78.5372,170394,rest
78.5411,170742,rest
78.5454,7044,rest
78.5494,170935,rest
78.5543,170715,rest
78.5575,170741,rest
78.5617,70844,rest
78.5658,170856,rest
78.5704,170503,rest
78.5715,1,rest
78.5739,70079,rest
78.5753,1707,rest
78.5780,20,rest
78.5801,170421,rest
78.5825,170814,rest
78.5862,170654,rest
78.5903,170836,rest
78.5944,171197,rest
78.5985,170584,rest
78.6025,171063,rest
78.6066,170936,rest
78.6108,170558,rest
78.6152,170351,rest
78.6190,170677,rest
78.6230,171066,rest
78.6272,170570,rest
78.6324,170854,rest
78.6353,170935,rest
78.6395,170426,rest
78.6436,171020,rest
78.6483,170698,rest
78.6517,170842,rest
78.6558,170369,rest
78.6600,170131,rest
78.6653,170856,rest
78.6681,170632,rest
78.6722,170312,rest
78.6764,170716,rest
78.6811,170217,rest
78.6845,170609,rest
78.6886,170465,rest
78.6928,170821,rest
78.6973,170728,rest
78.6995,1,rest
78.7009,70603,rest
78.7020,1701,rest
78.7049,68,rest
78.7060,170555,rest
78.7091,170442,rest
78.7137,170342,rest
78.7173,170651,rest
78.7214,171287,rest
78.7256,170447,rest
78.7297,17056,rest
78.7338,170582,rest
78.7379,170510,rest
78.7420,170568,rest
78.7461,7081,rest
78.7503,170523,rest
78.7548,170606,rest
78.7583,170371,rest
78.7624,79,rest
78.7666,170484,rest
78.7706,170438,rest
78.7747,170115,rest
78.7798,7076,rest
78.7837,170514,rest
78.7874,171049,rest
78.7911,170370,rest
78.7967,7060,rest
78.7998,170110,rest
78.8034,170557,rest
78.8074,170598,rest
78.8128,740,rest
78.8167,170513,rest
78.8199,170690,rest
78.8238,170452,rest
78.8248,1,rest
78.8279,70536,rest
78.8294,170,rest
78.8323,075,rest
78.8339,169713,rest
78.8361,169904,rest
78.8401,170146,rest
78.8442,170470,rest
78.8488,170304,rest
78.8524,170450,rest
78.8565,170240,rest
78.8606,170552,rest
78.8652,170570,rest
78.8688,170335,rest
78.8729,170164,rest
78.8771,170396,rest
78.8823,170399,rest
78.8852,170630,rest
78.8893,170043,rest
78.8935,170267,rest
78.8981,170659,rest
78.9016,170411,rest
78.9057,170521,rest
78.9099,170815,rest
78.9153,170737,rest
78.9179,170578,rest
78.9220,170533,rest
78.9263,170146,rest
78.9305,170575,rest
78.9344,170514,rest
78.9385,170435,rest
78.9426,170202,rest
78.9477,170200,rest
78.9507,170487,rest
78.9548,170738,rest
78.9560,17,rest
78.9590,0250,rest
78.9605,17049,rest
78.9633,2,rest
78.9637,170287,rest
78.9671,170291,rest
78.9712,170000,rest
78.9753,170564,rest
78.9800,170878,rest
78.9835,170344,rest
78.9876,170255,rest
78.9920,170141,rest
78.9963,170243,rest
78.9999,170328,rest
79.0039,170448,rest
79.0084,171043,rest
79.0123,702,rest
79.0165,170401,rest
79.0212,170805,rest
79.0245,170709,rest
79.0292,170355,rest
79.0326,170557,rest
79.0367,171091,rest
79.0408,170774,rest
79.0464,09,rest
79.0497,171045,rest
79.0538,170332,rest
79.0572,170477,rest
79.0625,70,rest
79.0655,169965,rest
79.0695,170682,rest
79.0736,170150,rest
79.0786,170316,rest
79.0818,170778,rest
79.0831,17,rest
79.0859,0520,rest
79.0869,17018,rest
79.0900,4,rest
79.0915,170343,rest
79.0948,0,rest
79.0995,170425,rest
79.1023,170442,rest
79.1064,170569,rest
79.1105,170327,rest
79.1146,170824,rest
79.1186,170408,rest
79.1227,170690,rest
79.1268,169984,rest
79.1317,170377,rest
79.1350,170359,rest
79.1391,170116,rest
79.1433,170438,rest
79.1484,169904,rest
79.1514,170594,rest
79.1555,170687,rest
79.1596,170385,rest
79.1647,170328,rest
79.1678,170694,rest
79.1719,170610,rest
79.1762,170426,rest
79.1808,170522,rest
79.1842,170602,rest
79.1883,169784,rest
79.1925,170724,rest
79.1971,170779,rest
79.2005,170633,rest
79.2046,170801,rest
79.2089,170290,rest
79.2103,17,rest
79.2135,0159,rest
79.2157,1703,rest
79.2169,25,rest
79.2180,170583,rest
79.2211,170857,rest
79.2252,170758,rest
79.2298,170438,rest
79.2333,170150,rest
79.2375,170418,rest
79.2416,170557,rest
79.2460,170364,rest
79.2497,170611,rest
79.2538,170312,rest
79.2582,170537,rest
79.2620,70413,rest
79.2669,170758,rest
79.2706,170864,rest
79.2743,170347,rest
79.2785,7015,rest
79.2829,169773,rest
79.2869,170715,rest
79.2906,170705,rest
79.2949,7020,rest
79.2992,170915,rest
79.3036,170431,rest
79.3071,169970,rest
79.3113,70,rest
79.3165,170725,rest
79.3194,170617,rest
79.3235,170268,rest
79.3291,7003,rest
79.3321,170175,rest
79.3367,171084,rest
79.3385,1,rest
79.3398,69769,rest
79.3415,1705,rest
79.3441,6,rest
79.3453,751,rest
79.3481,169962,rest
79.3534,170574,rest
79.3562,170504,rest
79.3603,170409,rest
79.3645,170596,rest
79.3685,170623,rest
79.3726,170563,rest
79.3767,170167,rest
79.3810,169960,rest
79.3849,170673,rest
79.3890,170869,rest
79.3931,170132,rest
79.3975,170332,rest
79.4013,170707,rest
79.4053,170071,rest
79.4096,170327,rest
79.4146,170481,rest
79.4177,170642,rest
79.4217,170635,rest
79.4259,170240,rest
79.4304,170576,rest
79.4341,170113,rest
79.4382,170369,rest
79.4424,169859,rest
79.4469,170163,rest
79.4504,170737,rest
79.4545,170020,rest
79.4586,170670,rest
79.4632,170421,rest
79.4645,1,rest
79.4668,70627,rest
79.4680,1705,rest
79.4710,61,rest
79.4722,170578,rest
79.4751,169944,rest
79.4796,170386,rest
79.4832,170069,rest
79.4873,170330,rest
79.4914,170267,rest
79.4981,175,rest
79.4995,170466,rest
79.5036,170180,rest
79.5082,170333,rest
79.5120,719,rest
79.5174,170239,rest
79.5207,170231,rest
79.5241,170650,rest
79.5300,70179,rest
79.5325,170215,rest
79.5365,170537,rest
79.5405,170217,rest
79.5452,734 ,rest
79.5501,170033,rest
79.5533,169946,rest
79.5569,169881,rest
79.5625,7,rest
79.5652,170171,rest
79.5698,170709,rest
79.5732,169506,rest
79.5792,1012,rest
79.5822,170714,rest
79.5858,169786,rest
79.5897,170170,rest
79.5958,170059171,rest
79.5979,030,rest
79.5988,170307,rest
79.6020,170362,rest
79.6060,169914,rest
79.6102,170444,rest
79.6150,170288,rest
79.6183,170504,rest
79.6225,170691,rest
79.6266,170414,rest
79.6310,170598,rest
79.6347,170355,rest
79.6388,170702,rest
79.6430,170564,rest
79.6472,171062,rest
79.6511,170153,rest
79.6552,170184,rest
79.6595,170248,rest
79.6646,170619,rest
79.6676,170179,rest
79.6716,170274,rest
79.6758,170145,rest
79.6805,170270,rest
79.6839,170440,rest
79.6880,169998,rest
79.6921,170634,rest
79.6975,169948,rest
79.7006,170338,rest
79.7043,170340,rest
79.7085,170132,rest
79.7133,170283,rest
79.7167,170255,rest
79.7208,170661,rest
79.7220,170,rest
79.7249,585,rest
79.7264,170457,rest
79.7296,170326,rest
79.7330,170269,rest
79.7371,170759,rest
79.7417,170233,rest
79.7456,169894,rest
79.7495,170173,rest
79.7537,170396,rest
79.7580,170392,rest
79.7632,70112,rest
79.7665,170028,rest
79.7700,170528,rest
79.7743,170712,rest
79.7793,7043,rest
79.7823,170419,rest
79.7863,170637,rest
79.7905,170117,rest
79.7946,7079,rest
79.8015,170495,rest
79.8027,170373,rest
79.8068,170143,rest
79.8123,70610,rest
79.8153,170202,rest
79.8192,170422,rest
79.8232,170687,rest
79.8281,17022,rest
79.8367,170191,rest
79.8369,170171,rest
79.8396,170078,rest
79.8438,170797,rest
79.8477,170828,rest
79.8494,17,rest
79.8518,0890,rest
79.8533,17026,rest
79.8560,6,rest
79.8561,170252,rest
79.8601,170567,rest
79.8647,170712,rest
79.8682,170543,rest
79.8724,170230,rest
79.8764,170457,rest
79.8815,170492,rest
79.8846,170842,rest
79.8886,170601,rest
79.8928,169969,rest
79.8987,169839,rest
79.9010,170780,rest
79.9050,170658,rest
79.9092,170121,rest
79.9137,170680,rest
79.9175,170146,rest
79.9215,170307,rest
79.9257,170576,rest
79.9301,170364,rest
79.9339,170237,rest
79.9378,170420,rest
79.9421,170387,rest
79.9467,170382,rest
79.9505,170533,rest
79.9543,170471,rest
79.9584,170305,rest
79.9627,170772,rest
79.9669,170428,rest
79.9706,170128,rest
79.9748,170060,rest
79.9762,17,rest
79.9791,0790,rest
79.9806,17028,rest
79.9829,2,rest
79.9847,170667,rest
79.9870,169653,rest
79.9911,170323,rest
79.9959,170309,rest
79.9999,170776,rest
80.0035,170444,rest
80.0076,170499,rest
80.0127,7108,rest
80.0184,170157,rest
80.0198,170530,rest
80.0239,170204,rest
80.0296,7062,rest
80.0330,170136,rest
80.0364,170717,rest
80.0403,170729,rest
80.0445,762,rest
80.0513,170107,rest
80.0539,170450,rest
80.0572,170089,rest
80.0619,736,rest
80.0650,170319,rest
80.0699,170470,rest
80.0747,170278,rest
80.0772,170051,rest
80.0831,170323,rest
80.0853,170613,rest
80.0893,170724,rest
80.0938,172,rest
80.0985,170724,rest
80.1030,170796,rest
80.1040,1,rest
80.1058,70173,rest
80.1071,1698,rest
80.1099,69,rest
80.1113,170021,rest
80.1151,170395,rest
80.1181,170422,rest
80.1222,169992,rest
80.1263,170482,rest
80.1311,170273,rest
80.1346,170416,rest
80.1386,170096,rest
80.1427,170482,rest
80.1481,170079,rest
80.1508,170702,rest
80.1549,170446,rest
80.1591,169934,rest
80.1635,170227,rest
80.1672,170177,rest
80.1715,170557,rest
80.1755,170330,rest
80.1811,170412,rest
80.1836,170584,rest
80.1876,170325,rest
80.1921,170180,rest
80.1972,170721,rest
80.2000,170001,rest
80.2040,170469,rest
80.2083,170396,rest
80.2138,170200,rest
80.2163,170127,rest
80.2204,170490,rest
80.2247,170432,rest
80.2293,70401,rest
80.2327,170204,rest
80.2338,170,rest
80.2369,116,rest
80.2384,17048,rest
80.2409,9,rest
80.2410,170257,rest
80.2452,17,rest
80.2494,170382,rest
80.2533,170189,rest
80.2573,170395,rest
80.2620,170312,rest
80.2657,169996,rest
80.2697,170244,rest
80.2737,169946,rest
80.2793,702,rest
80.2852,170408,rest
80.2860,170530,rest
80.2901,169948,rest
80.2944,7018,rest
80.3003,170431,rest
80.3032,170009,rest
80.3065,169997,rest
80.3166,170084,rest
80.3194,170253,rest
80.3250,169488,rest
80.3273,734,rest
80.3334,169796,rest
80.3354,170181,rest
80.3401,170144,rest
80.3434,170235,rest
80.3483,170400,rest
80.3515,170335,rest
80.3556,169973,rest
80.3601,170381,rest
80.3640,325,rest
80.3657,17035,rest
80.3679,1,rest
80.3686,170939,rest
80.3720,170318,rest
80.3761,170689,rest
80.3806,170393,rest
80.3843,170402,rest
80.3884,170447,rest
80.3925,171111,rest
80.3978,170050,rest
80.4007,170157,rest
80.4047,170193,rest
80.4089,170463,rest
80.4142,170398,rest
80.4170,170252,rest
80.4211,170625,rest
80.4253,170361,rest
80.4298,170522,rest
80.4335,170277,rest
80.4375,170647,rest
80.4416,170284,rest
80.4459,170307,rest
80.4498,170457,rest
80.4539,170391,rest
80.4580,170091,rest
80.4624,170159,rest
80.4670,170465,rest
80.4703,170065,rest
80.4744,170189,rest
80.4788,170814,rest
80.4834,170323,rest
80.4867,170422,rest
80.4879,17,rest
80.4913,0964,rest
80.4924,17073,rest
80.4952,8,rest
80.4969,170277,rest
80.4990,170470,rest
80.5031,170110,rest
80.5073,170283,rest
80.5117,170258,rest
80.5153,170260,rest
80.5195,170559,rest
80.5235,170491,rest
80.5293,69,rest
80.5323,170443,rest
80.5371,170186,rest
80.5411,170129,rest
80.5443,704,rest
80.5484,170406,rest
80.5541,169864,rest
80.5577,170678,rest
80.5616,743,rest
80.5648,170491,rest
80.5698,170182,rest
80.5731,170479,rest
80.5769,170154,rest
80.5814,170502,rest
80.5850,170398,rest
80.5890,170498,rest
80.5942,1638,rest
80.5978,170904,rest
80.6021,170922,rest
80.6066,170318,rest
80.6096,170285,rest
80.6141,170484,rest
80.6152,16,rest
80.6177,9892,rest
80.6190,17050,rest
80.6218,1,rest
80.6230,170347,rest
80.6261,169852,rest
80.6306,170730,rest
80.6341,170520,rest
80.6382,170610,rest
80.6423,170327,rest
80.6472,170749,rest
80.6505,170632,rest
80.6546,170771,rest
80.6588,170772,rest
80.6632,170188,rest
80.6669,170025,rest
80.6710,169814,rest
80.6752,170507,rest
80.6796,171096,rest
80.6833,170295,rest
80.6873,170190,rest
80.6917,170153,rest
80.6962,170463,rest
80.6997,170483,rest
80.7037,170787,rest
80.7080,170994,rest
80.7122,170685,rest
80.7161,170172,rest
80.7201,170710,rest
80.7243,170129,rest
80.7293,170392,rest
80.7325,170853,rest
80.7365,170602,rest
80.7407,170366,rest
80.7413,17,rest
80.7447,269,rest
80.7459,100,rest
80.7489,69,rest
80.7502,170178,rest
80.7538,170580,rest
80.7573,170242,rest
80.7614,702,rest
80.7656,170370,rest
80.7697,170086,rest
80.7734,170436,rest
80.7794,7,rest
80.7826,170631,rest
80.7866,170531,rest
80.7898,170456,rest
80.7939,70678,rest
80.7984,170646,rest
80.8022,170542,rest
80.8062,170360,rest
80.8114,70364,rest
80.8147,170298,rest
80.8192,170450,rest
80.8225,170319,rest
80.8272,735,rest
80.8320,170022,rest
80.8348,170485,rest
80.8389,170366,rest
80.8449,1691,rest
80.8474,170405,rest
80.8524,170330,rest
80.8553,170576,rest
80.8595,170186,rest
80.8639,170564,rest
80.8676,170468,rest
80.8686,1,rest
80.8717,70784,rest
80.8731,1702,rest
80.8758,88,rest
80.8768,170521,rest
80.8799,170114,rest
80.8840,170506,rest
80.8881,170548,rest
80.8922,170444,rest
80.8965,170646,rest
80.9003,170308,rest
80.9045,170273,rest
80.9086,170313,rest
80.9134,170884,rest
80.9167,170631,rest
80.9208,170689,rest
80.9249,170840,rest
80.9294,171171,rest
80.9338,170464,rest
80.9372,170537,rest
80.9413,170245,rest
80.9461,170396,rest
80.9495,170524,rest
80.9536,170206,rest
80.9577,170203,rest
80.9631,171066,rest
80.9659,170555,rest
80.9700,170184,rest
80.9741,170325,rest
80.9800,701,rest
80.9828,170796,rest
80.9867,170522,rest
80.9905,170464,rest
80.9952,170287,rest
80.9987,170789,rest
80.9999,171,rest
81.0028,083,rest
81.0046,170550,rest
81.0070,170637,rest
81.0115,70621,rest
81.0164,171450,rest
81.0194,170227,rest
81.0232,171157,rest
81.0279,170618,rest
81.0315,170151,rest
81.0355,170068,rest
81.0396,170308,rest
81.0455,70,rest
81.0485,170350,rest
81.0526,170307,rest
81.0560,170476,rest
81.0606,700,rest
81.0649,170115,rest
81.0685,170675,rest
81.0724,170844,rest
81.0780,771,rest
81.0813,170765,rest
81.0852,170649,rest
81.0888,170246,rest
81.0932,17026,rest
81.0972,170702,rest
81.1014,170435,rest
81.1051,170392,rest
81.1093,170395,rest
81.1140,170498,rest
81.1175,170210,rest
81.1215,170679,rest
81.1256,170154,rest
81.1274,170,rest
81.1298,499,rest
81.1307,17046,rest
81.1338,4,rest
81.1339,170738,rest
81.1379,169970,rest
81.1422,170844,rest
81.1466,170159,rest
81.1502,170257,rest
81.1543,170892,rest
81.1584,170497,rest
81.1633,170457,rest
81.1666,170623,rest
81.1707,170525,rest
81.1749,170674,rest
81.1798,170714,rest
81.1830,170912,rest
81.1870,170362,rest
81.1913,170629,rest
81.1956,170866,rest
81.1993,170969,rest
81.2035,170342,rest
81.2076,170711,rest
81.2126,170627,rest
81.2157,170234,rest
81.2198,170112,rest
81.2240,170875,rest
81.2291,170713,rest
81.2321,170653,rest
81.2362,170849,rest
81.2403,170805,rest
81.2464,708,rest
81.2493,170812,rest
81.2538,170611,rest
81.2550,17,rest
81.2568,0898,rest
81.2584,17031,rest
81.2612,3,rest
81.2618,170754,rest
81.2649,170798,rest
81.2690,169782,rest
81.2731,170425,rest
81.2787,7,rest
81.2819,170325,rest
81.2855,170856,rest
81.2895,170125,rest
81.2937,72,rest
81.2981,170952,rest
81.3022,170123,rest
81.3060,170488,rest
81.3101,72,rest
81.3151,7075,rest
81.3185,170493,rest
81.3246,170817,rest
81.3265,170293,rest
81.3309,170514,rest
81.3346,170358,rest
81.3386,170355,rest
81.3429,7033,rest
81.3474,170752,rest
81.3511,170592,rest
81.3555,170534,rest
81.3592,170602,rest
81.3642,170931,rest
81.3673,170824,rest
81.3714,170708,rest
81.3755,170562,rest
81.3800,170479,rest
81.3814,17,rest
81.3837,1237,rest
81.3853,17022,rest
81.3877,0,rest
81.3890,171034,rest
81.3919,170276,rest
81.3965,170897,rest
81.4000,170172,rest
81.4041,170523,rest
81.4083,170537,rest
81.4133,170052,rest
81.4165,170363,rest
81.4206,170247,rest
81.4249,170566,rest
81.4292,170761,rest
81.4328,170729,rest
81.4369,170636,rest
81.4410,170888,rest
81.4456,170747,rest
81.4493,171072,rest
81.4533,170318,rest
81.4576,170581,rest
81.4625,170585,rest
81.4656,169953,rest
81.4697,170647,rest
81.4738,170782,rest
81.4800,171039,rest
81.4820,170792,rest
81.4861,170690,rest
81.4911,170342,rest
81.4955,7098,rest
81.4991,170906,rest
81.5029,171005,rest
81.5068,170579,rest
81.5082,17,rest
81.5114,0453,rest
81.5125,17083,rest
81.5147,9,rest
81.5163,170559,rest
81.5188,170972,rest
81.5229,170253,rest
81.5271,710,rest
81.5316,170682,rest
81.5355,170645,rest
81.5393,170561,rest
81.5450,70624,rest
81.5478,170229,rest
81.5516,170922,rest
81.5557,170589,rest
81.5601,70786,rest
81.5653,170706,rest
81.5685,170038,rest
81.5721,170608,rest
81.5776,70,rest
81.5809,170453,rest
81.5843,170866,rest
81.5884,170095,rest
81.5949,0738,rest
81.5977,170063,rest
81.6016,170273,rest
81.6056,170402,rest
81.6090,170563,rest
81.6134,170856,rest
81.6171,170475,rest
81.6212,170952,rest
81.6253,170672,rest
81.6302,170876,rest
81.6335,171011,rest
81.6347,17,rest
81.6376,0639,rest
81.6387,1707,rest
81.6417,19,rest
81.6438,170858,rest
81.6466,170808,rest
81.6499,171070,rest
81.6540,170644,rest
81.6581,170650,rest
81.6628,170801,rest
81.6663,170689,rest
81.6704,170866,rest
81.6745,170113,rest
81.6788,170906,rest
81.6827,170973,rest
81.6867,170371,rest
81.6909,170416,rest
81.6957,170582,rest
81.6990,170310,rest
81.7031,170965,rest
81.7073,170900,rest
81.7115,170328,rest
81.7155,170508,rest
81.7195,170889,rest
81.7237,170730,rest
81.7284,170728,rest
81.7318,170771,rest
81.7359,170531,rest
81.7400,170149,rest
81.7458,70449,rest
81.7495,170662,rest
81.7532,170569,rest
81.7566,170442,rest
81.7617,70,rest
81.7648,70429,rest
81.7665,1699,rest
81.7686,83,rest
81.7699,170831,rest
81.7728,170511,rest
81.7771,7093,rest
81.7813,170357,rest
81.7860,170005,rest
81.7898,170814,rest
81.7950,792,rest
81.7983,171046,rest
81.8025,170694,rest
81.8060,170388,rest
81.8098,705,rest
81.8139,171036,rest
81.8186,170981,rest
81.8238,170864,rest
81.8261,170700,rest
81.8308,170384,rest
81.8342,170514,rest
81.8383,170293,rest
81.8426,171000,rest
81.8473,170345,rest
81.8506,170648,rest
81.8547,170690,rest
81.8589,170898,rest
81.8637,170399,rest
81.8671,170687,rest
81.8711,170206,rest
81.8752,170239,rest
81.8811,170952,flicker
81.8834,170437,flicker
81.8875,170658,flicker
81.8917,170829,flicker
81.8930,170,flicker
81.8962,271,flicker
81.8974,170708,flicker
81.8998,170807,flicker
81.9038,170540,flicker
81.9080,170914,flicker
81.9128,170833,flicker
81.9161,170838,flicker
81.9202,170980,flicker
81.9244,170687,flicker
81.9293,170649,flicker
81.9325,171297,flicker
81.9366,170668,flicker
81.9408,170364,flicker
81.9450,170563,flicker
81.9489,170187,flicker
81.9531,170605,flicker
81.9572,170261,flicker
81.9620,170605,flicker
81.9653,170887,flicker
81.9695,170834,flicker
81.9737,170922,flicker
81.9785,170797,flicker
81.9817,170587,flicker
81.9858,170430,flicker
81.9899,170318,flicker
81.9942,170875,flicker
81.9980,170956,flicker
82.0022,170332,flicker
82.0064,170938,flicker
82.0105,7,flicker
82.0155,170473,flicker
82.0189,170492,flicker
82.0216,170,flicker
82.0226,516,flicker
82.0242,170690,flicker
82.0278,170311,flicker
82.0308,169989,flicker
82.0349,170050,flicker
82.0390,170709,flicker
82.0447,708,flicker
82.0485,170653,flicker
82.0518,170970,flicker
82.0572,170488,flicker
82.0604,170575,flicker
82.0644,170189,flicker
82.0692,70698,flicker
82.0720,170614,flicker
82.0770,170504,flicker
82.0805,170622,flicker
82.0840,70791,flicker
82.0884,170974,flicker
82.0932,170259,flicker
82.0966,1785,flicker
82.1016,170652,flicker
82.1065,170822,flicker
82.1091,170635,flicker
82.1131,17048,flicker
82.1177,170395,flicker
82.1218,170330,flicker
82.1251,170229,flicker
82.1307,7,flicker
82.1337,170481,flicker
82.1382,170746,flicker
82.1416,170416,flicker
82.1467,170388,flicker
82.1483,17,flicker
82.1496,0537,flicker
82.1506,17011,flicker
82.1537,8,flicker
82.1538,170707,flicker
82.1579,170648,flicker
82.1623,170411,flicker
82.1660,170598,flicker
82.1701,170438,flicker
82.1743,170201,flicker
82.1786,170419,flicker
82.1824,170812,flicker
82.1864,170981,flicker
82.1908,170800,flicker
82.1953,170808,flicker
82.1987,170620,flicker
82.2028,170535,flicker
82.2070,170446,flicker
82.2115,170846,flicker
82.2161,170405,flicker
82.2193,170576,flicker
82.2234,170619,flicker
82.2290,170289,flicker
82.2315,170593,flicker
82.2356,170418,flicker
82.2397,170452,flicker
82.2453,17113,flicker
82.2479,170647,flicker
82.2520,169952,flicker
82.2563,170488,flicker
82.2603,722,flicker
82.2648,170580,flicker
82.2694,170462,flicker
82.2725,170949,flicker
82.2739,17,flicker
82.2778,82076,flicker
82.2812,170474,flicker
82.2849,170221,flicker
82.2890,170446,flicker
82.2951,70,flicker
82.2984,170452,flicker
82.3015,170659,flicker
82.3052,170030,flicker
82.3094,70505,flicker
82.3139,170948,flicker
82.3178,170456,flicker
82.3216,171038,flicker
82.3259,7080,flicker
82.3303,170170,flicker
82.3342,170748,flicker
82.3388,170158,flicker
82.3424,1766,flicker
82.3468,170513,flicker
82.3517,170648,flicker
82.3553,170395,flicker
82.3585,170132,flicker
82.3632,170139,flicker
82.3676,170637,flicker
82.3710,170517,flicker
82.3749,170835,flicker
82.3794,170502,flicker
82.3830,170493,flicker
82.3871,170662,flicker
82.3914,171087,flicker
82.3956,170859,flicker
82.3995,170665,flicker
82.4013,17,flicker
82.4036,0764,flicker
82.4053,17036,flicker
82.4076,7,flicker
82.4077,170304,flicker
82.4125,170747,flicker
82.4158,170446,flicker
82.4199,170413,flicker
82.4242,170725,flicker
82.4288,170492,flicker
82.4322,170534,flicker
82.4363,170405,flicker
82.4405,170409,flicker
82.4454,170450,flicker
82.4486,170630,flicker
82.4527,170681,flicker
82.4569,170834,flicker
82.4613,170325,flicker
82.4659,170595,flicker
82.4691,170178,flicker
82.4734,170730,flicker
82.4778,170590,flicker
82.4817,170227,flicker
82.4855,169824,flicker
82.4896,170461,flicker
82.4943,170505,flicker
82.4982,170650,flicker
82.5020,170755,flicker
82.5061,171040,flicker
82.5102,70649,flicker
82.5149,170435,flicker
82.5198,170706,flicker
82.5227,170840,flicker
82.5277,7007,flicker
82.5314,750,flicker
82.5329,17053,flicker
82.5347,7,flicker
82.5350,170280,flicker
82.5406,170356,flicker
82.5428,170098,flicker
82.5482,170189,flicker
82.5510,170525,flicker
82.5551,170578,flicker
82.5610,78,flicker
82.5637,170529,flicker
82.5688,170422,flicker
82.5731,170696,flicker
82.5769,726,flicker
82.5801,170532,flicker
82.5853,170503,flicker
82.5879,170614,flicker
82.5923,17059,flicker
82.5963,170562,flicker
82.6002,170311,flicker
82.6045,170014,flicker
82.6084,170567,flicker
82.6125,170058,flicker
82.6165,170435,flicker
82.6206,170690,flicker
82.6248,170695,flicker
82.6292,170269,flicker
82.6331,170636,flicker
82.6370,170391,flicker
82.6412,170941,flicker
82.6457,170235,flicker
82.6493,171003,flicker
82.6535,170298,flicker
82.6545,17,flicker
82.6577,0681,flicker
82.6590,17075,flicker
82.6618,7,flicker
82.6636,170801,flicker
82.6657,170516,flicker
82.6698,170805,flicker
82.6739,170826,flicker
82.6785,170503,flicker
82.6829,170197,flicker
82.6866,170655,flicker
82.6903,170577,flicker
82.6948,170607,flicker
82.6986,170783,flicker
82.7025,170347,flicker
82.7067,170611,flicker
82.7112,170309,flicker
82.7154,170806,flicker
82.7189,170436,flicker
82.7230,170628,flicker
82.7274,170620,flicker
82.7322,170668,flicker
82.7353,170384,flicker
82.7395,170933,flicker
82.7457,171006,flicker
82.7479,170773,flicker
82.7517,169838,flicker
82.7559,170676,flicker
82.7600,781,flicker
82.7642,170245,flicker
82.7691,170204,flicker
82.7747,170641,flicker
82.7776,170574,flicker
82.7805,170672,flicker
82.7814,1,flicker
82.7848,70945,flicker
82.7867,1700,flicker
82.7885,00,flicker
82.7900,170773,flicker
82.7935,170293,flicker
82.7967,170896,flicker
82.8008,170821,flicker
82.8049,170440,flicker
82.8092,7426,flicker
82.8134,170750,flicker
82.8183,170254,flicker
82.8215,170783,flicker
82.8272,7075,flicker
82.8300,170208,flicker
82.8339,170742,flicker
82.8377,170509,flicker
82.8418,170137,flicker
82.8462,170492,flicker
82.8500,170297,flicker
82.8541,170384,flicker
82.8582,170495,flicker
82.8626,170643,flicker
82.8674,170932,flicker
82.8704,170092,flicker
82.8746,170389,flicker
82.8796,170428,flicker
82.8830,170802,flicker
82.8869,170975,flicker
82.8909,170518,flicker
82.8954,170676,flicker
82.8992,170628,flicker
82.9033,171000,flicker
82.9075,170516,flicker
82.9091,1,flicker
82.9124,70924,flicker
82.9136,1704,flicker
82.9155,72,flicker
82.9170,170185,flicker
82.9197,170798,flicker
82.9239,170808,flicker
82.9294,170390,flicker
82.9319,170587,flicker
82.9360,170767,flicker
82.9401,170653,flicker
82.9445,170546,flicker
82.9483,170334,flicker
82.9524,170372,flicker
82.9566,170813,flicker
82.9613,170395,flicker
82.9648,170497,flicker
82.9688,170459,flicker
82.9730,170393,flicker
82.9775,170886,flicker
82.9811,170639,flicker
82.9852,170590,flicker
82.9893,170128,flicker
82.9946,7002,flicker
83.0011,170992,flicker
83.0019,170857,flicker
83.0058,170351,flicker
83.0116,705,flicker
83.0172,170965,flicker
83.0181,170537,flicker
83.0222,170766,flicker
83.0283,7096,flicker
83.0323,170304,flicker
83.0351,170469,flicker
83.0385,170791,flicker
83.0396,170,flicker
83.0427,68,flicker
83.0442,170257,flicker
83.0475,170896,flicker
83.0507,170767,flicker
83.0549,170515,flicker
83.0604,7074,flicker
83.0649,170802,flicker
83.0672,170606,flicker
83.0712,170687,flicker
83.0755,709,flicker
83.0800,170044,flicker
83.0840,170157,flicker
83.0875,170919,flicker
83.0919,16,flicker
83.0979,170835,flicker
83.1003,170634,flicker
83.1040,171037,flicker
83.1082,170277,flicker
83.1134,170915,flicker
83.1163,170543,flicker
83.1204,170363,flicker
83.1247,170760,flicker
83.1293,170762,flicker
83.1327,170381,flicker
83.1369,170719,flicker
83.1408,170525,flicker
83.1452,170562,flicker
83.1495,170537,flicker
83.1531,170727,flicker
83.1574,170654,flicker
83.1619,170986,flicker
83.1656,170891,flicker
83.1667,17,flicker
83.1695,0360,flicker
83.1705,17104,flicker
83.1737,2,flicker
83.1738,170718,flicker
83.1779,170603,flicker
83.1818,170547,flicker
83.1858,170444,flicker
83.1903,170413,flicker
83.1945,170740,flicker
83.1983,170627,flicker
83.2024,170803,flicker
83.2065,170500,flicker
83.2112,170326,flicker
83.2145,170450,flicker
83.2186,170728,flicker
83.2231,170654,flicker
83.2272,170514,flicker
83.2314,170173,flicker
83.2350,170633,flicker
83.2391,170440,flicker
83.2434,171,flicker
83.2483,170275,flicker
83.2514,170696,flicker
83.2557,170694,flicker
83.2620,7047,flicker
83.2650,170875,flicker
83.2682,170803,flicker
83.2721,170899,flicker
83.2761,70562,flicker
83.2804,171008,flicker
83.2847,170905,flicker
83.2883,170372,flicker
83.2939,6,flicker
83.2995,9712,flicker
83.3006,17027,flicker
83.3007,4,flicker
83.3008,170356,flicker
83.3047,170445,flicker
83.3089,7639,flicker
83.3130,170582,flicker
83.3175,170463,flicker
83.3211,170318,flicker
83.3269,7,flicker
83.3323,170584,flicker
83.3333,170841,flicker
83.3374,170883,flicker
83.3434,72,flicker
83.3463,170697,flicker
83.3499,170836,flicker
83.3539,170921,flicker
83.3579,170293,flicker
83.3628,170857,flicker
83.3660,170116,flicker
83.3701,170654,flicker
83.3743,171014,flicker
83.3792,171095,flicker
83.3825,170939,flicker
83.3866,170646,flicker
83.3907,170853,flicker
83.3951,170104,flicker
83.3989,170757,flicker
83.4030,170962,flicker
83.4071,170403,flicker
83.4113,170620,flicker
83.4153,170387,flicker
83.4194,170952,flicker
83.4206,17,flicker
83.4236,1374,flicker
83.4246,1707,flicker
83.4275,45,flicker
83.4291,170904,flicker
83.4316,171061,flicker
83.4357,170904,flicker
83.4401,170659,flicker
83.4443,170913,flicker
83.4481,170698,flicker
83.4522,171014,flicker
83.4562,170994,flicker
83.4607,170944,flicker
83.4644,170607,flicker
83.4685,171098,flicker
83.4726,171503,flicker
83.4770,171023,flicker
83.4808,170646,flicker
83.4850,171050,flicker
83.4890,170226,flicker
83.4946,170496,flicker
83.4971,171136,flicker
83.5012,170850,flicker
83.5055,170298,flicker
83.5097,170804,flicker
83.5135,170633,flicker
83.5177,170373,flicker
83.5222,170407,flicker
83.5264,170635,flicker
83.5303,170682,flicker
83.5341,170695,flicker
83.5381,170812,flicker
83.5434,170852,flicker
83.5466,170077,flicker
83.5470,1,flicker
83.5505,70598,flicker
83.5516,1703,flicker
83.5545,64,flicker
83.5561,170899,flicker
83.5588,170590,flicker
83.5637,170369,flicker
83.5668,170759,flicker
83.5708,170737,flicker
83.5754,7,flicker
83.5792,170427,flicker
83.5832,170021,flicker
83.5872,170674,flicker
83.5914,170320,flicker
83.5960,170527,flicker
83.5995,170867,flicker
83.6036,170517,flicker
83.6079,170452,flicker
83.6125,170672,flicker
83.6160,170432,flicker
83.6201,170190,flicker
83.6242,170723,flicker
83.6300,170349,flicker
83.6323,170703,flicker
83.6364,169896,flicker
83.6406,170635,flicker
83.6452,169620,flicker
83.6487,170480,flicker
83.6528,170463,flicker
83.6569,170135,flicker
83.6618,170906,flicker
83.6651,170769,flicker
83.6692,170509,flicker
83.6734,170164,flicker
83.6735,1,flicker
83.6784,70589,flicker
83.6803,1704,flicker
83.6815,44,flicker
83.6826,170314,flicker
83.6856,170413,flicker
83.6897,170489,flicker
83.6943,170540,flicker
83.6978,170760,flicker
83.7019,170702,flicker
83.7061,171133,flicker
83.7108,170370,flicker
83.7142,170164,flicker
83.7183,170537,flicker
83.7225,170331,flicker
83.7271,170506,flicker
83.7306,170767,flicker
83.7347,169979,flicker
83.7388,170943,flicker
83.7433,170709,flicker
83.7470,170180,flicker
83.7511,170369,flicker
83.7555,170584,flicker
83.7600,170487,flicker
83.7633,170693,flicker
83.7675,171298,flicker
83.7716,170137,flicker
83.7773,170612,flicker
83.7798,170675,flicker
83.7838,170456,flicker
83.7879,170308,flicker
83.7935,70696,flicker
83.7962,170642,flicker
83.8003,170394,flicker
83.8017,1,flicker
83.8044,70698,flicker
83.8054,1708,flicker
83.8085,9,flicker
83.8101,101,flicker
83.8129,170432,flicker
83.8178,170887,flicker
83.8209,170881,flicker
83.8260,7,flicker
83.8311,170867,flicker
83.8332,170497,flicker
83.8371,170984,flicker
83.8415,170608,flicker
83.8461,170634,flicker
83.8494,170772,flicker
83.8535,170162,flicker
83.8576,170419,flicker
83.8621,170632,flicker
83.8658,170317,flicker
83.8698,170555,flicker
83.8740,170778,flicker
83.8785,170322,flicker
83.8822,170635,flicker
83.8862,170470,flicker
83.8904,170696,flicker
83.8945,170679,flicker
83.8985,170646,flicker
83.9026,170263,flicker
83.9069,170330,flicker
83.9112,170426,flicker
83.9149,170243,flicker
83.9190,170575,flicker
83.9232,169917,flicker
83.9279,170581,flicker
83.9314,170356,flicker
83.9325,170,flicker
83.9355,657,flicker
83.9370,170375,flicker
83.9398,170762,flicker
83.9444,170242,flicker
83.9477,170456,flicker
83.9518,170169,flicker
83.9560,170567,flicker
83.9604,170484,flicker
83.9641,170361,flicker
83.9681,170851,flicker
83.9723,170556,flicker
83.9769,170165,flicker
83.9805,170403,flicker
83.9846,170567,flicker
83.9887,170984,flicker
83.9929,719,flicker
83.9995,170430,flicker
84.0010,170796,flicker
84.0052,170576,flicker
84.0093,17,flicker
84.0134,170556,flicker
84.0174,170508,flicker
84.0217,170444,flicker
84.0274,703,flicker
84.0321,170738,flicker
84.0352,170686,flicker
84.0379,170775,flicker
84.0431,71278,flicker
84.0473,170688,flicker
84.0504,170663,flicker
84.0542,170347,flicker
84.0599,70470,flicker
84.0638,798,flicker
84.0653,17086,flicker
84.0666,7,flicker
84.0667,170144,flicker
84.0705,170501,flicker
84.0765,7071,flicker
84.0799,170613,flicker
84.0831,170120,flicker
84.0870,170526,flicker
84.0914,86,flicker
84.0956,170720,flicker
84.0993,170205,flicker
84.1034,169929,flicker
84.1076,170485,flicker
84.1116,170790,flicker
84.1156,170439,flicker
84.1197,170168,flicker
84.1239,170535,flicker
84.1288,170550,flicker
84.1320,170171,flicker
84.1361,170553,flicker
84.1402,170543,flicker
84.1450,170103,flicker
84.1484,170578,flicker
84.1525,170078,flicker
84.1567,170878,flicker
84.1615,171206,flicker
84.1648,170542,flicker
84.1689,170589,flicker
84.1731,170477,flicker
84.1776,170288,flicker
84.1812,170633,flicker
84.1853,170892,flicker
84.1870,17,flicker
84.1894,0451,flicker
84.1904,17110,flicker
84.1935,8,flicker
84.1941,170518,flicker
84.1976,170822,flicker
84.2016,170744,flicker
84.2058,170783,flicker
84.2106,169924,flicker
84.2139,170381,flicker
84.2180,170409,flicker
84.2221,170592,flicker
84.2267,170691,flicker
84.2303,170839,flicker
84.2344,171351,flicker
84.2385,170967,flicker
84.2433,170710,flicker
84.2467,171170,flicker
84.2509,170585,flicker
84.2550,170693,flicker
84.2591,70106,flicker
84.2636,170026,flicker
84.2680,170533,flicker
84.2714,170757,flicker
84.2765,70164,flicker
84.2803,170698,flicker
84.2839,170412,flicker
84.2877,170445,flicker
84.2918,70474,flicker
84.2962,170703,flicker
84.3011,170942,flicker
84.3040,171503,flicker
84.3082,7087,flicker
84.3124,170927,flicker
84.3137,1,flicker
84.3165,70768,flicker
84.3183,17105,flicker
84.3204,8,flicker
84.3220,170880,flicker
84.3245,170257,flicker
84.3289,170331,flicker
84.3329,170326,flicker
84.3368,170342,flicker
84.3417,11,flicker
84.3454,170643,flicker
84.3494,170547,flicker
84.3532,170242,flicker
84.3573,170602,flicker
84.3616,170706,flicker
84.3654,170599,flicker
84.3696,170595,flicker
84.3737,170714,flicker
84.3783,170661,flicker
84.3818,170426,flicker
84.3859,170658,flicker
84.3901,170328,flicker
84.3946,170461,flicker
84.3983,171233,flicker
84.4023,170985,flicker
84.4067,170779,flicker
84.4113,170471,flicker
84.4146,170533,flicker
84.4187,170859,flicker
84.4229,170812,flicker
84.4273,170217,flicker
84.4310,170252,flicker
84.4351,170421,flicker
84.4393,170843,flicker
84.4394,1,flicker
84.4440,70453,flicker
84.4454,1711,flicker
84.4474,32,flicker
84.4486,170497,flicker
84.4516,170764,flicker
84.4556,170142,flicker
84.4601,169919,flicker
84.4648,170766,flicker
84.4678,169856,flicker
84.4721,171206,flicker
84.4765,170690,flicker
84.4810,170663,flicker
84.4843,171137,flicker
84.4884,170553,flicker
84.4943,70811,flicker
84.4968,170431,flicker
84.5019,171178,flicker
84.5051,170462,flicker
84.5090,745,flicker
84.5130,170229,flicker
84.5178,170591,flicker
84.5214,171106,flicker
84.5266,7015,flicker
84.5304,170481,flicker
84.5344,171179,flicker
84.5376,170826,flicker
84.5435,7,flicker
84.5463,170525,flicker
84.5503,170280,flicker
84.5539,170570,flicker
84.5597,708,flicker
84.5629,170654,flicker
84.5674,171067,flicker
84.5686,1,flicker
84.5703,70716,flicker
84.5716,1703,flicker
84.5744,3,flicker
84.5758,743,flicker
84.5790,171172,flicker
84.5825,170905,flicker
84.5866,170294,flicker
84.5912,018,flicker
84.5957,169966,flicker
84.5989,170500,flicker
84.6030,170625,flicker
84.6075,106,flicker
84.6118,170667,flicker
84.6162,170258,flicker
84.6199,170823,flicker
84.6235,171184,flicker
84.6285,170590,flicker
84.6317,170800,flicker
84.6358,171393,flicker
84.6400,170774,flicker
84.6445,170810,flicker
84.6481,170937,flicker
84.6522,170737,flicker
84.6563,170756,flicker
84.6615,170628,flicker
84.6645,170570,flicker
84.6686,170594,flicker
84.6729,170775,flicker
84.6774,170981,flicker
84.6809,170668,flicker
84.6851,170473,flicker
84.6890,170716,flicker
84.6936,170400,flicker
84.6953,1,flicker
84.6974,70792,flicker
84.6990,1706,flicker
84.7015,40,flicker
84.7029,171115,flicker
84.7057,170533,flicker
84.7111,17065,flicker
84.7137,170357,flicker
84.7178,170817,flicker
84.7219,170559,flicker
84.7261,170636,flicker
84.7300,170584,flicker
84.7341,170799,flicker
84.7382,171377,flicker
84.7426,170385,flicker
84.7467,170857,flicker
84.7505,170374,flicker
84.7547,171039,flicker
84.7597,170416,flicker
84.7631,170854,flicker
84.7671,170311,flicker
84.7711,170629,flicker
84.7751,70495,flicker
84.7830,170634,flicker
84.7835,170876,flicker
84.7873,170597,flicker
84.7916,70618,flicker
84.7956,170501,flicker
84.8002,170846,flicker
84.8037,170979,flicker
84.8094,704,flicker
84.8126,170979,flicker
84.8169,170360,flicker
84.8201,170526,flicker
84.8267,70,flicker
84.8294,18,flicker
84.8321,170071,flicker
84.8330,170564,flicker
84.8365,170311,flicker
84.8415,170,flicker
84.8448,170883,flicker
84.8492,170710,flicker
84.8530,169999,flicker
84.8570,170465,flicker
84.8621,171075,flicker
84.8651,170919,flicker
84.8692,170826,flicker
84.8734,170659,flicker
84.8779,171029,flicker
84.8815,170104,flicker
84.8856,170640,flicker
84.8898,170789,flicker
84.8947,170598,flicker
84.8980,170833,flicker
84.9022,170817,flicker
84.9062,170208,flicker
84.9112,170752,flicker
84.9144,170814,flicker
84.9186,170534,flicker
84.9226,171135,flicker
84.9269,170212,flicker
84.9308,170985,flicker
84.9349,170790,flicker
84.9390,170616,flicker
84.9437,170890,flicker
84.9471,170843,flicker
84.9514,170923,flicker
84.9529,17,flicker
84.9554,0555,flicker
84.9569,17029,flicker
84.9597,9,flicker
84.9601,170513,flicker
84.9635,170590,flicker
84.9677,170479,flicker
84.9717,170726,flicker
84.9764,170462,flicker
84.9799,170736,flicker
84.9840,170293,flicker
84.9881,170551,flicker
84.9930,170709,flicker
84.9962,170552,flicker
85.0005,170839,flicker
85.0047,170376,flicker
85.0102,171071,flicker
85.0126,170250,flicker
85.0168,170914,flicker
85.0211,170279,flicker
85.0266,170764,flicker
85.0290,170554,flicker
85.0331,170543,flicker
85.0372,170582,flicker
85.0415,70640,flicker
85.0459,170431,flicker
85.0504,170822,flicker
85.0537,170979,flicker
85.0591,706,flicker
85.0621,170793,flicker
85.0658,171409,flicker
85.0699,170880,flicker
85.0741,70510,flicker
85.0786,170530,flicker
85.0815,17,flicker
85.0824,0502,flicker
85.0837,17032,flicker
85.0863,1,flicker
85.0864,170325,flicker
85.0905,170540,flicker
85.0945,170908,flicker
85.0986,170470,flicker
85.1027,170760,flicker
85.1068,170523,flicker
85.1114,170523,flicker
85.1161,170191,flicker
85.1191,170501,flicker
85.1232,170140,flicker
85.1277,170356,flicker
85.1315,170394,flicker
85.1354,170701,flicker
85.1396,171120,flicker
85.1442,170627,flicker
85.1486,170785,flicker
85.1523,170588,flicker
85.1560,170766,flicker
85.1605,170436,flicker
85.1647,170427,flicker
85.1682,170461,flicker
85.1724,170369,flicker
85.1771,170695,flicker
85.1806,170471,flicker
85.1847,170046,flicker
85.1888,170740,flicker
85.1932,170721,flicker
85.1969,170876,flicker
85.2010,170688,flicker
85.2052,170564,flicker
85.2065,17,flicker
85.2093,0550,flicker
85.2110,1707,flicker
85.2133,53,flicker
85.2144,170476,flicker
85.2175,170009,flicker
85.2215,170632,flicker
85.2269,171046,flicker
85.2297,170784,flicker
85.2338,170255,flicker
85.2379,170421,flicker
85.2424,170407,flicker
85.2461,170596,flicker
85.2501,170118,flicker
85.2544,170768,flicker
85.2596,7090,flicker
85.2631,171012,flicker
85.2666,170462,flicker
85.2709,170708,flicker
85.2763,7,flicker
85.2792,170589,flicker
85.2829,170707,flicker
85.2870,170989,flicker
85.2927,722,flicker
85.2976,170718,flicker
85.2993,170754,flicker
85.3034,170686,flicker
85.3077,74,flicker
85.3118,170568,flicker
85.3163,169956,flicker
85.3199,170706,flicker
85.3256,0,flicker
85.3292,170601,flicker
85.3327,170580,flicker
85.3340,1,flicker
85.3362,70777,flicker
85.3377,1707,flicker
85.3411,7,flicker
85.3449,171304,flicker
85.3486,171283,flicker
85.3526,171168,flicker
85.3568,170956,flicker
85.3614,171098,flicker
85.3649,170544,flicker
85.3690,170986,flicker
85.3732,171234,flicker
85.3775,170614,flicker
85.3817,170434,flicker
85.3853,170489,flicker
85.3895,170056,flicker
85.3939,170619,flicker
85.3980,170394,flicker
85.4017,170001,flicker
85.4058,170557,flicker
85.4106,170965,flicker
85.4140,170916,flicker
85.4181,170829,flicker
85.4223,170341,flicker
85.4274,170807,flicker
85.4304,170302,flicker
85.4345,169913,flicker
85.4387,170931,flicker
85.4432,170878,flicker
85.4468,170291,flicker
85.4509,170756,flicker
85.4550,170360,flicker
85.4597,170629,flicker
85.4632,170064,flicker
85.4642,170,flicker
85.4673,507,flicker
85.4687,170493,flicker
85.4714,170584,flicker
85.4762,170037,flicker
85.4795,170427,flicker
85.4836,171024,flicker
85.4878,170189,flicker
85.4932,70542,flicker
85.4963,170385,flicker
85.5012,170182,flicker
85.5043,170563,flicker
85.5084,170866,flicker
85.5123,170292,flicker
85.5165,170054,flicker
85.5207,170633,flicker
85.5262,70687,flicker
85.5299,171067,flicker
85.5336,171050,flicker
85.5387,170380,flicker
85.5410,170525,flicker
85.5452,706,flicker
85.5497,170012,flicker
85.5535,170878,flicker
85.5580,170076,flicker
85.5615,170409,flicker
85.5660,170732,flicker
85.5701,171066,flicker
85.5739,70,flicker
85.5783,170516,flicker
85.5832,171109,flicker
85.5866,170560,flicker
85.5906,106,flicker
85.5950,302,flicker
85.5970,170521,flicker
85.5983,170118,flicker
85.6024,170771,flicker
85.6069,170,flicker
85.6112,170601,flicker
85.6155,170394,flicker
85.6188,170719,flicker
85.6229,170556,flicker
85.6282,170152,flicker
85.6311,170602,flicker
85.6352,170387,flicker
85.6393,170594,flicker
85.6443,170447,flicker
85.6474,170190,flicker
85.6515,170813,flicker
85.6558,171047,flicker
85.6604,170338,flicker
85.6638,170628,flicker
85.6679,170172,flicker
85.6721,170705,flicker
85.6776,170385,flicker
85.6802,171047,flicker
85.6843,170538,flicker
85.6886,170890,flicker
85.6931,170809,flicker
85.6970,170810,flicker
85.7007,170424,flicker
85.7049,170418,flicker
85.7092,170904,flicker
85.7130,170522,flicker
85.7171,170710,flicker
85.7195,17,flicker
85.7212,0718,flicker
85.7219,17076,flicker
85.7258,3,flicker
85.7277,170680,flicker
85.7294,170883,flicker
85.7334,170292,flicker
85.7377,170514,flicker
85.7429,170343,flicker
85.7458,170690,flicker
85.7498,170407,flicker
85.7541,170729,flicker
85.7601,170647,flicker
85.7622,170698,flicker
85.7662,170476,flicker
85.7707,170452,flicker
85.7745,70383,flicker
85.7790,170390,flicker
85.7827,170904,flicker
85.7874,170695,flicker
85.7910,7710,flicker
85.7954,170865,flicker
85.8001,170570,flicker
85.8060,170377,flicker
85.8072,170465,flicker
85.8115,170156,flicker
85.8164,171079,flicker
85.8197,170329,flicker
85.8251,75,flicker
85.8290,170183,flicker
85.8330,170992,flicker
85.8361,170944,flicker
85.8402,709,flicker
85.8452,170703,flicker
85.8466,17,flicker
85.8482,0700,flicker
85.8496,17058,flicker
85.8522,8,flicker
85.8534,170499,flicker
85.8565,170501,flicker
85.8615,170642,flicker
85.8645,170971,flicker
85.8686,170155,flicker
85.8728,171237,flicker
85.8773,170771,flicker
85.8813,170993,flicker
85.8850,170709,flicker
85.8892,170274,flicker
85.8935,171111,flicker
85.8973,169985,flicker
85.9015,170557,flicker
85.9056,170335,flicker
85.9105,170729,flicker
85.9137,170561,flicker
85.9178,170632,flicker
85.9221,170631,flicker
85.9262,170631,flicker
85.9304,170703,flicker
85.9342,170983,flicker
85.9384,170831,flicker
85.9427,170381,flicker
85.9473,170638,flicker
85.9505,170182,flicker
85.9548,170390,flicker
85.9593,170443,flicker
85.9633,170506,flicker
85.9669,170593,flicker
85.9711,170481,flicker
85.9723,17,flicker
85.9753,0712,flicker
85.9768,1705,flicker
85.9792,28,flicker
85.9805,170517,flicker
85.9834,170742,flicker
85.9880,170600,flicker
85.9927,171117,flicker
85.9961,170452,flicker
85.9997,170420,flicker
86.0041,170180,flicker
86.0079,70582,flicker
86.0121,170495,flicker
86.0165,170552,flicker
86.0205,170787,flicker
86.0251,171087,flicker
86.0286,700,flicker
86.0329,170811,flicker
86.0373,170981,flicker
86.0408,170962,flicker
86.0450,170813,flicker
86.0490,70621,flicker
86.0535,170149,flicker
86.0573,169982,flicker
86.0621,170277,flicker
86.0654,170484,flicker
86.0715,170634,flicker
86.0739,170181,flicker
86.0789,170002,flicker
86.0816,170411,flicker
86.0857,170894,flicker
86.0904,07,flicker
86.0940,170063,flicker
86.0980,170299,flicker
86.0989,1,flicker
86.1021,70404,flicker
86.1038,1705,flicker
86.1062,47,flicker
86.1072,170585,flicker
86.1105,170373,flicker
86.1145,170690,flicker
86.1185,170517,flicker
86.1226,170951,flicker
86.1275,170483,flicker
86.1308,170366,flicker
86.1348,170053,flicker
86.1390,170235,flicker
86.1437,170435,flicker
86.1472,170690,flicker
86.1513,170681,flicker
86.1554,170890,flicker
86.1603,170693,flicker
86.1636,170394,flicker
86.1676,170264,flicker
86.1718,170613,flicker
86.1762,170516,flicker
86.1806,170762,flicker
86.1840,170214,flicker
86.1882,170820,flicker
86.1932,170169,flicker
86.1963,169933,flicker
86.2004,170373,flicker
86.2045,170651,flicker
86.2089,169908,flicker
86.2132,170403,flicker
86.2168,170481,flicker
86.2209,170595,flicker
86.2266,170796,flicker
86.2268,1,flicker
86.2291,70260,flicker
86.2302,1705,flicker
86.2332,12,flicker
86.2344,170384,flicker
86.2374,171174,flicker
86.2419,170598,flicker
86.2461,170793,flicker
86.2496,170613,flicker
86.2538,170407,flicker
86.2597,70955,flicker
86.2627,170213,flicker
86.2661,170704,flicker
86.2702,170359,flicker
86.2753,170045,flicker
86.2782,171094,flicker
86.2823,171149,flicker
86.2864,170585,flicker
86.2906,725,flicker
86.2955,170685,flicker
86.3006,170438,flicker
86.3028,170365,flicker
86.3084,701,flicker
86.3113,170602,flicker
86.3163,170804,flicker
86.3193,170793,flicker
86.3247,7068,flicker
86.3287,170068,flicker
86.3318,170494,flicker
86.3356,170856,flicker
86.3405,105,flicker
86.3473,170359,flicker
86.3481,170896,flicker
86.3526,170907,flicker
86.3564,170444,flicker
86.3580,0,flicker
86.3602,10,flicker
86.3620,170795,flicker
86.3651,169920,flicker
86.3683,170818,flicker
86.3725,170707,flicker
86.3769,170561,flicker
86.3806,170397,flicker
86.3847,170386,flicker
86.3889,170872,flicker
86.3933,170463,flicker
86.3970,170407,flicker
86.4011,170860,flicker
86.4053,170549,flicker
86.4099,170563,flicker
86.4135,170949,flicker
86.4175,170347,flicker
86.4217,171006,flicker
86.4261,170383,flicker
86.4298,170665,flicker
86.4339,170052,flicker
86.4383,170554,flicker
86.4423,170816,flicker
86.4473,170218,flicker
86.4502,171051,flicker
86.4544,170948,flicker
86.4591,170777,flicker
86.4625,170400,flicker
86.4667,170581,flicker
86.4708,170611,flicker
86.4756,170514,flicker
86.4800,170702,flicker
86.4833,170791,flicker
86.4844,170,flicker
86.4872,224,flicker
86.4881,17066,flicker
86.4915,7,flicker
86.4922,170662,flicker
86.4953,170726,flicker
86.4994,170404,flicker
86.5035,170040,flicker
86.5078,7019,flicker
86.5122,170966,flicker
86.5173,170056,flicker
86.5202,170952,flicker
86.5262,102,flicker
86.5285,170369,flicker
86.5331,170550,flicker
86.5373,170173,flicker
86.5405,74,flicker
86.5449,170489,flicker
86.5498,170460,flicker
86.5528,170262,flicker
86.5588,70875,flicker
86.5615,170683,flicker
86.5650,170167,flicker
86.5691,170218,flicker
86.5746,7050,flicker
86.5778,171027,flicker
86.5813,170839,flicker
86.5854,170598,flicker
86.5914,17381,flicker
86.5944,170788,flicker
86.5990,171020,flicker
86.6018,170921,flicker
86.6060,170105,flicker
86.6106,170299,flicker
86.6123,170,flicker
86.6141,852,flicker
86.6152,17082,flicker
86.6182,0,flicker
86.6182,170601,flicker
86.6223,170536,flicker
86.6276,170822,flicker
86.6305,170490,flicker
86.6346,170762,flicker
86.6387,170248,flicker
86.6435,170404,flicker
86.6469,170416,flicker
86.6510,170621,flicker
86.6551,170685,flicker
86.6594,170569,flicker
86.6632,169734,flicker
86.6673,170658,flicker
86.6715,170550,flicker
86.6758,170667,flicker
86.6796,170711,flicker
86.6837,170235,flicker
86.6880,170739,flicker
86.6922,170462,flicker
86.6960,170692,flicker
86.7001,170860,flicker
86.7044,170426,flicker
86.7089,169956,flicker
86.7128,170303,flicker
86.7165,170810,flicker
86.7206,170769,flicker
86.7251,170322,flicker
86.7300,170795,flicker
86.7329,169870,flicker
86.7371,170668,flicker
86.7383,17,flicker
86.7414,0143,flicker
86.7427,17068,flicker
86.7451,5,flicker
86.7452,170390,flicker
86.7492,170428,flicker
86.7535,170453,flicker
86.7578,170675,flicker
86.7615,170968,flicker
86.7656,170425,flicker
86.7702,170333,flicker
86.7754,70505,flicker
86.7792,170746,flicker
86.7832,170521,flicker
86.7874,170455,flicker
86.7904,702,flicker
86.7944,052,flicker
86.7984,70456,flicker
86.8048,170749,flicker
86.8075,170339,flicker
86.8115,170246,flicker
86.8160,707,flicker
86.8190,170852,flicker
86.8232,170290,flicker
86.8275,192,flicker
86.8317,170494,flicker
86.8362,170818,flicker
86.8400,171089,flicker
86.8452,7049,flicker
86.8487,170372,flicker
86.8518,170496,flicker
86.8558,170539,flicker
86.8603,170811,flicker
86.8640,170622,flicker
86.8651,17,flicker
86.8681,0307,flicker
86.8696,17093,flicker
86.8721,3,flicker
86.8722,170608,flicker
86.8767,170252,flicker
86.8803,170727,flicker
86.8845,170467,flicker
86.8885,170417,flicker
86.8928,170518,flicker
86.8967,170013,flicker
86.9008,171029,flicker
86.9049,171014,flicker
86.9095,170339,flicker
86.9131,170629,flicker
86.9172,170451,flicker
86.9214,170722,flicker
86.9266,170606,flicker
86.9295,170434,flicker
86.9335,170522,flicker
86.9377,170391,flicker
86.9425,170459,flicker
86.9458,170758,flicker
86.9499,170789,flicker
86.9541,170207,flicker
86.9586,170399,flicker
86.9624,170585,flicker
86.9663,170419,flicker
86.9705,170493,flicker
86.9753,170419,flicker
86.9786,170271,flicker
86.9827,170409,flicker
86.9869,170030,flicker
86.9910,70320,flicker
86.9921,17,flicker
86.9952,557,flicker
86.9966,17088,flicker
86.9993,0,flicker
87.0004,170250,flicker
87.0032,170203,flicker
87.0073,70565,flicker
87.0116,170663,flicker
87.0158,170338,flicker
87.0198,170881,flicker
87.0239,70,flicker
87.0285,170481,flicker
87.0328,170120,flicker
87.0360,170683,flicker
87.0402,70,flicker
87.0458,170498,flicker
87.0492,170620,flicker
87.0523,171037,flicker
87.0566,7070,flicker
87.0610,170460,flicker
87.0649,170152,flicker
87.0702,170455,flicker
87.0729,171020,flicker
87.0775,170162,flicker
87.0821,170573,flicker
87.0851,170032,flicker
87.0910,05,flicker
87.0939,170738,flicker
87.0974,170290,flicker
87.1015,170557,flicker
87.1068,17024,flicker
87.1101,170380,flicker
87.1144,170256,flicker
87.1179,170039,flicker
87.1192,1,flicker
87.1220,70527,flicker
87.1233,1708,flicker
87.1263,18,flicker
87.1276,170166,flicker
87.1302,170262,flicker
87.1343,170515,flicker
87.1385,170042,flicker
87.1427,170263,flicker
87.1466,170734,flicker
87.1507,170099,flicker
87.1548,170072,flicker
87.1599,170958,flicker
87.1629,170003,flicker
87.1670,170402,flicker
87.1712,170377,flicker
87.1755,170724,flicker
87.1793,170674,flicker
87.1835,170716,flicker
87.1876,171132,flicker
87.1921,169998,flicker
87.1957,171126,flicker
87.1998,170589,flicker
87.2039,170803,flicker
87.2083,170710,flicker
87.2125,170162,flicker
87.2162,170645,flicker
87.2204,170707,flicker
87.2248,170611,flicker
87.2285,170890,flicker
87.2326,170327,flicker
87.2367,170732,flicker
87.2413,170230,flicker
87.2449,170439,flicker
87.2459,1,flicker
87.2490,70483,flicker
87.2505,1705,flicker
87.2530,08,flicker
87.2541,170575,flicker
87.2590,1752,flicker
87.2613,170845,flicker
87.2653,170715,flicker
87.2697,169860,flicker
87.2740,170085,flicker
87.2780,171137,flicker
87.2817,170483,flicker
87.2858,170745,flicker
87.2918,70,flicker
87.2942,170566,flicker
87.2989,170711,flicker
87.3027,170576,flicker
87.3075,5,flicker
87.3108,170486,flicker
87.3145,170895,flicker
87.3186,170655,flicker
87.3230,02,flicker
87.3280,170701,flicker
87.3309,170700,flicker
87.3350,170999,flicker
87.3394,170857,flicker
87.3434,170266,flicker
87.3473,170870,flicker
87.3513,170635,flicker
87.3554,170265,flicker
87.3599,170214,flicker
87.3638,170281,flicker
87.3678,170689,flicker
87.3719,170699,flicker
87.3734,1,flicker
87.3769,70443,flicker
87.3786,170,flicker
87.3801,773,flicker
87.3816,170346,flicker
87.3841,170769,flicker
87.3883,170841,flicker
87.3935,170511,flicker
87.3964,170107,flicker
87.4005,170470,flicker
87.4046,170618,flicker
87.4099,170401,flicker
87.4128,170433,flicker
87.4169,170601,flicker
87.4211,170652,flicker
87.4255,170549,flicker
87.4292,170639,flicker
87.4332,170651,flicker
87.4375,170429,flicker
87.4427,170629,flicker
87.4456,170214,flicker
87.4496,170563,flicker
87.4539,170464,flicker
87.4582,170904,flicker
87.4629,170814,flicker
87.4660,170842,flicker
87.4702,170556,flicker
87.4747,170530,flicker
87.4783,170555,flicker
87.4824,170444,flicker
87.4866,169992,flicker
87.4911,170831,flicker
87.4950,170235,flicker
87.4988,169957,flicker
87.5030,170326,flicker
87.5040,17,flicker
87.5071,15,flicker
87.5088,4,flicker
87.5121,170782,flicker
87.5153,170410,flicker
87.5195,170576,flicker
87.5240,170088,flicker
87.5280,169886,flicker
87.5328,171028,flicker
87.5357,171205,flicker
87.5416,692,flicker
87.5445,170314,flicker
87.5494,170464,flicker
87.5537,170118,flicker
87.5610,170863,flicker
87.5646,170188,flicker
87.5696,170167,flicker
87.5726,170116,flicker
87.5766,170753,flicker
87.5807,170850,flicker
87.5848,170297,flicker
87.5891,060,flicker
87.5933,170512,flicker
87.5976,170579,flicker
87.6012,170175,flicker
87.6053,170507,flicker
87.6099,170202,flicker
87.6135,170439,flicker
87.6176,170660,flicker
87.6217,170431,flicker
87.6258,170237,flicker
87.6299,170757,flicker
87.6312,17,flicker
87.6340,0450,flicker
87.6350,17020,flicker
87.6381,5,flicker
87.6383,170261,flicker
87.6426,170360,flicker
87.6463,170410,flicker
87.6503,170556,flicker
87.6545,170307,flicker
87.6593,170908,flicker
87.6626,169987,flicker
87.6667,170117,flicker
87.6709,169812,flicker
87.6756,170472,flicker
87.6790,170628,flicker
87.6832,170354,flicker
87.6875,170807,flicker
87.6919,170375,flicker
87.6955,170777,flicker
87.6995,170668,flicker
87.7039,170505,flicker
87.7090,170230,flicker
87.7118,170500,flicker
87.7159,170384,flicker
87.7200,170160,flicker
87.7252,170357,flicker
87.7282,170126,flicker
87.7323,170883,flicker
87.7366,169974,flicker
87.7417,70,flicker
87.7449,170337,flicker
87.7492,170541,flicker
87.7528,170717,flicker
87.7578,170353,flicker
87.7595,17,flicker
87.7610,0470,flicker
87.7622,1705,flicker
87.7650,17,flicker
87.7661,169804,flicker
87.7693,170599,flicker
87.7733,70459,flicker
87.7783,170262,flicker
87.7821,170611,flicker
87.7865,170825,flicker
87.7897,704,flicker
87.7941,170049,flicker
87.7990,170142,flicker
87.8027,170390,flicker
87.8061,7010,flicker
87.8109,170662,flicker
87.8144,170416,flicker
87.8196,170655,flicker
87.8227,170556,flicker
87.8277,0544,flicker
87.8311,170356,flicker
87.8347,170103,flicker
87.8394,1709,flicker
87.8434,170132,flicker
87.8470,170440,flicker
87.8510,170297,flicker
87.8555,17044,flicker
87.8640,170499,flicker
87.8676,170312,flicker
87.8715,170334,flicker
87.8764,170319,flicker
87.8797,170685,flicker
87.8838,170458,flicker
87.8850,1,flicker
87.8880,70383,flicker
87.8893,1702,flicker
87.8922,57,flicker
87.8939,170583,flicker
87.8961,170601,flicker
87.9002,170389,flicker
87.9043,170418,flicker
87.9092,170636,flicker
87.9125,170599,flicker
87.9166,170542,flicker
87.9207,170558,flicker
87.9251,170725,flicker
87.9289,170227,flicker
87.9330,170725,flicker
87.9373,170393,flicker
87.9415,170650,flicker
87.9461,170356,flicker
87.9493,170862,flicker
87.9535,170846,flicker
87.9582,170516,flicker
87.9616,170185,flicker
87.9657,170299,flicker
87.9699,170656,flicker
87.9757,7007,flicker
87.9785,170593,flicker
87.9823,170302,flicker
87.9880,170475,flicker
87.9911,170374,flicker
87.9964,779,flicker
87.9992,170236,flicker
88.0049,171132,flicker
88.0081,170673,flicker
88.0127,706,flicker
88.0155,0610,flicker
88.0172,1709,flicker
88.0202,15,flicker
88.0218,170225,flicker
88.0245,1,flicker
88.0277,170811,flicker
88.0325,170227,flicker
88.0354,170282,flicker
88.0412,7,flicker
88.0441,170083,flicker
88.0483,170424,flicker
88.0517,170833,flicker
88.0581,70560,flicker
88.0601,170582,flicker
88.0641,170092,flicker
88.0691,170431,flicker
88.0735,170801,flicker
88.0764,171227,flicker
88.0809,170668,flicker
88.0849,170788,flicker
88.0900,7079,flicker
88.0939,170344,flicker
88.0981,170435,flicker
88.1011,170448,flicker
88.1050,170228,flicker
88.1098,170254,flicker
88.1132,170603,flicker
88.1173,170635,flicker
88.1214,170115,flicker
88.1259,170593,flicker
88.1296,170267,flicker
88.1337,170629,flicker
88.1379,170906,flicker
88.1390,1,flicker
88.1421,70678,flicker
88.1435,1702,flicker
88.1459,68,flicker
88.1474,170541,flicker
88.1501,170791,flicker
88.1542,170763,flicker
88.1585,170771,flicker
88.1624,170656,flicker
88.1664,170473,flicker
88.1707,170830,flicker
88.1749,170471,flicker
88.1788,170916,flicker
88.1830,170569,flicker
88.1870,170939,flicker
88.1916,171423,flicker
88.1955,170922,flicker
88.1992,170826,flicker
88.2033,170552,flicker
88.2080,170219,flicker
88.2116,170607,flicker
88.2157,170853,flicker
88.2198,170536,flicker
88.2242,170338,flicker
88.2280,170198,flicker
88.2320,170326,flicker
88.2361,170356,flicker
88.2408,170506,flicker
88.2443,170690,flicker
88.2485,170517,flicker
88.2527,170120,flicker
88.2568,703,flicker
88.2615,170804,flicker
88.2674,170773,flicker
88.2691,170829,flicker
88.2712,170,flicker
88.2730,2,flicker
88.2745,17,flicker
88.2776,170382,flicker
88.2815,170104,flicker
88.2853,170807,flicker
88.2908,171004,flicker
88.2934,170679,flicker
88.2975,170644,flicker
88.3016,170623,flicker
88.3076,70389,flicker
88.3099,170385,flicker
88.3139,170412,flicker
88.3180,170529,flicker
88.3222,7029,flicker
88.3270,170457,flicker
88.3302,170339,flicker
88.3344,170444,flicker
88.3388,733,flicker
88.3430,171190,flicker
88.3474,170654,flicker
88.3507,170797,flicker
88.3549,170948,flicker
88.3595,170398,flicker
88.3640,170654,flicker
88.3673,170587,flicker
88.3712,170540,flicker
88.3762,170808,flicker
88.3795,170328,flicker
88.3835,170532,flicker
88.3877,170302,flicker
88.3924,170896,flicker
88.3958,170791,flicker
88.3975,170,flicker
88.3999,587,flicker
88.4011,17092,flicker
88.4040,7,flicker
88.4041,169913,flicker
88.4088,170434,flicker
88.4122,170909,flicker
88.4163,170307,flicker
88.4205,170848,flicker
88.4256,170366,flicker
88.4293,170491,flicker
88.4330,170450,flicker
88.4371,170860,flicker
88.4414,170008,flicker
88.4450,170222,flicker
88.4491,170499,flicker
88.4532,170355,flicker
88.4582,170278,flicker
88.4625,170384,flicker
88.4654,170670,flicker
88.4695,171318,flicker
88.4743,171137,flicker
88.4779,170605,flicker
88.4818,170744,flicker
88.4860,170380,flicker
88.4901,737,flicker
88.4947,170605,flicker
88.4991,170636,flicker
88.5033,171123,flicker
88.5080,744,flicker
88.5118,170626,flicker
88.5155,170877,flicker
88.5189,171233,flicker
88.5229,7015,flicker
88.5243,7,flicker
88.5273,105,flicker
88.5288,1703,flicker
88.5311,57,flicker
88.5340,170662,flicker
88.5351,170379,flicker
88.5397,170432,flicker
88.5442,170409,flicker
88.5473,171220,flicker
88.5514,170707,flicker
88.5571,70,flicker
88.5603,170179,flicker
88.5640,170531,flicker
88.5678,170785,flicker
88.5741,704,flicker
88.5764,170780,flicker
88.5808,170559,flicker
88.5864,170708,flicker
88.5884,170562,flicker
88.5929,170281,flicker
88.5965,170496,flicker
88.6006,170066,flicker
88.6069,170276,flicker
88.6088,170399,flicker
88.6129,170148,flicker
88.6170,170477,flicker
88.6211,170375,flicker
88.6259,170743,flicker
88.6293,169823,flicker
88.6334,170543,flicker
88.6375,170399,flicker
88.6423,170509,flicker
88.6456,170910,flicker
88.6498,170601,flicker
88.6509,1,flicker
88.6539,70353,flicker
88.6552,1703,flicker
88.6587,92,flicker
88.6603,169902,flicker
88.6621,170676,flicker
88.6661,170372,flicker
88.6703,170130,flicker
88.6748,170748,flicker
88.6793,170283,flicker
88.6825,170353,flicker
88.6868,170856,flicker
88.6911,170808,flicker
88.6949,170323,flicker
88.6989,170961,flicker
88.7033,170191,flicker
88.7077,170174,flicker
88.7122,170842,flicker
88.7152,170149,flicker
88.7195,170722,flicker
88.7238,170431,flicker
88.7280,170392,flicker
88.7317,170815,flicker
88.7358,170315,flicker
88.7403,170634,flicker
88.7439,170517,flicker
88.7480,170268,flicker
88.7522,170395,flicker
88.7567,170485,flicker
88.7608,170757,flicker
88.7648,170654,flicker
88.7688,170858,flicker
88.7741,706,flicker
88.7779,170517,flicker
88.7797,1,flicker
88.7808,70486,flicker
88.7824,1707,flicker
88.7849,30,flicker
88.7861,170576,flicker
88.7898,170605,flicker
88.7931,170330,flicker
88.7972,170489,flicker
88.8013,170968,flicker
88.8065,7041,flicker
88.8102,170314,flicker
88.8156,169999,flicker
88.8189,170521,flicker
88.8224,01,flicker
88.8261,169825,flicker
88.8301,170568,flicker
88.8340,170690,flicker
88.8383,09,flicker
88.8427,170225,flicker
88.8464,170333,flicker
88.8505,170790,flicker
88.8548,170726,flicker
88.8595,170650,flicker
88.8627,170470,flicker
88.8668,170432,flicker
88.8710,170327,flicker
88.8754,170730,flicker
88.8797,170799,flicker
88.8832,170465,flicker
88.8873,170647,flicker
88.8922,170143,flicker
88.8955,170720,flicker
88.8996,170835,flicker
88.9040,170801,flicker
88.9055,1,flicker
88.9081,70827,flicker
88.9093,1708,flicker
88.9119,77,flicker
88.9132,170135,flicker
88.9160,170049,flicker
88.9202,170878,flicker
88.9246,170225,flicker
88.9283,170501,flicker
88.9324,170570,flicker
88.9367,170713,flicker
88.9411,170707,flicker
88.9447,170832,flicker
88.9488,171106,flicker
88.9530,170010,flicker
88.9573,170523,flicker
88.9610,170155,flicker
88.9651,170533,flicker
88.9692,170257,flicker
88.9738,170739,flicker
88.9784,171169,flicker
88.9815,170319,flicker
88.9856,170505,flicker
88.9903,170560,flicker
88.9946,170447,flicker
88.9981,170855,flicker
89.0020,170219,flicker
89.0073,70194,flicker
89.0104,170842,flicker
89.0143,170856,flicker
89.0187,170502,flicker
89.0239,779,flicker
89.0271,170149,flicker
89.0306,170431,flicker
89.0317,1,flicker
89.0348,70571,flicker
89.0364,170,flicker
89.0395,439,flicker
89.0412,171148,flicker
89.0430,170201,flicker
89.0470,169863,flicker
89.0511,170465,flicker
89.0567,70178,flicker
89.0596,170041,flicker
89.0641,170541,flicker
89.0693,169854,flicker
89.0718,170964,flicker
89.0769,170766,flicker
89.0798,170956,flicker
89.0839,170757,flicker
89.0883,77,flicker
89.0947,170705,flicker
89.0969,170324,flicker
89.1013,170944,flicker
89.1045,170874,flicker
89.1096,171030,flicker
89.1126,170204,flicker
89.1167,170371,flicker
89.1208,170352,flicker
89.1260,170364,flicker
89.1290,170331,flicker
89.1330,170731,flicker
89.1372,170671,flicker
89.1423,170757,flicker
89.1454,170254,flicker
89.1494,170829,flicker
89.1536,170628,flicker
89.1577,170343,flicker
89.1618,170585,flicker
89.1630,170,flicker
89.1658,146,flicker
89.1671,170982,flicker
89.1702,170463,flicker
89.1745,170520,flicker
89.1781,170191,flicker
89.1822,170654,flicker
89.1863,170491,flicker
89.1909,170591,flicker
89.1945,170570,flicker
89.1986,170742,flicker
89.2027,170523,flicker
89.2071,170614,flicker
89.2112,170772,flicker
89.2149,170888,flicker
89.2191,170339,flicker
89.2249,170344,flicker
89.2273,170328,flicker
89.2313,170689,flicker
89.2358,170773,flicker
89.2405,171045,flicker
89.2436,171194,flicker
89.2477,170764,flicker
89.2519,169988,flicker
89.2572,79,flicker
89.2611,170624,flicker
89.2644,170529,flicker
89.2684,170502,flicker
89.2725,6,flicker
89.2774,170525,flicker
89.2812,170233,flicker
89.2846,170730,flicker
89.2905,7517,flicker
89.2936,85,flicker
89.2971,17091,flicker
89.2973,2,flicker
89.2986,170452,flicker
89.3010,170231,flicker
89.3052,702,flicker
89.3100,170112,flicker
89.3146,170990,flicker
89.3178,170377,flicker
89.3216,00,flicker
89.3257,773,flicker
89.3299,170608,flicker
89.3339,170784,flicker
89.3386,170856,flicker
89.3420,70128,flicker
89.3464,170548,flicker
89.3503,170822,flicker
89.3548,170464,flicker
89.3596,64,flicker
89.3630,171103,flicker
89.3678,170502,flicker
89.3708,170813,flicker
89.3763,77,flicker
89.3791,171257,flicker
89.3838,170982,flicker
89.3882,170321,flicker
89.3927,73,flicker
89.3967,169991,flicker
89.4007,170018,flicker
89.4036,170249,flicker
89.4085,169896,flicker
89.4116,170303,flicker
89.4157,170571,flicker
89.4176,17,flicker
89.4199,0538,flicker
89.4213,17063,flicker
89.4247,8,flicker
89.4268,170736,flicker
89.4280,170329,flicker
89.4321,170501,flicker
89.4363,170861,flicker
89.4404,170469,flicker
89.4447,170731,flicker
89.4488,171237,flicker
89.4528,170474,flicker
89.4571,170442,flicker
89.4608,170320,flicker
89.4648,170630,flicker
89.4690,170594,flicker
89.4733,170907,flicker
89.4771,170220,flicker
89.4812,170948,flicker
89.4854,170131,flicker
89.4895,70647,flicker
89.4940,170234,flicker
89.4989,170839,flicker
89.5017,170243,flicker
89.5059,170222,flicker
89.5107,171187,flicker
89.5140,170431,flicker
89.5182,170548,flicker
89.5233,7,flicker
89.5272,171013,flicker
89.5304,171091,flicker
89.5373,170150,flicker
89.5388,170233,flicker
89.5433,170625,flicker
89.5448,1,flicker
89.5467,70677,flicker
89.5480,1704,flicker
89.5508,59,flicker
89.5522,170589,flicker
89.5556,170527,flicker
89.5591,170337,flicker
89.5631,170503,flicker
89.5672,170307,flicker
89.5731,708,flicker
89.5758,170326,flicker
89.5808,170552,flicker
89.5841,170443,flicker
89.5883,103,flicker
89.5922,170692,flicker
89.5964,170277,flicker
89.6007,170835,flicker
89.6043,170488,flicker
89.6130,170660,flicker
89.6166,170214,flicker
89.6209,170509,flicker
89.6249,170127,flicker
89.6287,170197,flicker
89.6327,170746,flicker
89.6369,170619,flicker
89.6411,170610,flicker
89.6451,170726,flicker
89.6491,170798,flicker
89.6533,170615,flicker
89.6580,170939,flicker
89.6614,170671,flicker
89.6655,171000,flicker
89.6698,170549,flicker
89.6714,1,flicker
89.6747,70677,flicker
89.6767,1710,flicker
89.6778,56,flicker
89.6788,170384,flicker
89.6819,170131,flicker
89.6862,170282,flicker
89.6903,170091,flicker
89.6942,170131,flicker
89.6983,170635,flicker
89.7030,170800,flicker
89.7069,170601,flicker
89.7106,170167,flicker
89.7147,170704,flicker
89.7189,170572,flicker
89.7236,170244,flicker
89.7270,170221,flicker
89.7310,170409,flicker
89.7352,170522,flicker
89.7397,170344,flicker
89.7439,170482,flicker
89.7475,170331,flicker
89.7515,170241,flicker
89.7561,170449,flicker
89.7597,170684,flicker
89.7638,170667,flicker
89.7681,170496,flicker
89.7721,708,flicker
89.7765,170748,flicker
89.7814,170726,flicker
89.7848,170101,flicker
89.7897,170138,flicker
89.7925,170545,flicker
89.7974,170599,flicker
89.7988,1,flicker
89.8007,70388,flicker
89.8018,1705,flicker
89.8048,3,flicker
89.8065,73,flicker
89.8094,170629,flicker
89.8130,170624,flicker
89.8171,170916,flicker
89.8222,70,flicker
89.8258,170444,flicker
89.8295,170727,flicker
89.8335,170387,flicker
89.8377,48,flicker
89.8420,170862,flicker
89.8462,170325,flicker
89.8498,170538,flicker
89.8543,170,flicker
89.8586,170362,flicker
89.8625,170794,flicker
89.8663,170715,flicker
89.8704,170536,flicker
89.8755,170369,flicker
89.8785,170537,flicker
89.8826,170076,flicker
89.8867,170428,flicker
89.8912,170691,flicker
89.8949,170725,flicker
89.8990,171083,flicker
89.9032,170787,flicker
89.9079,170655,flicker
89.9116,170715,flicker
89.9154,170937,flicker
89.9195,170348,flicker
89.9240,170524,flicker
89.9259,1,flicker
89.9277,70690,flicker
89.9290,1705,flicker
89.9317,76,flicker
89.9328,170728,flicker
89.9360,170735,flicker
89.9407,170614,flicker
89.9444,170900,flicker
89.9481,170992,flicker
89.9524,170976,flicker
89.9571,171003,flicker
89.9605,170648,flicker
89.9645,170707,flicker
89.9687,170094,flicker
89.9749,170691,flicker
89.9768,170487,flicker
89.9809,171206,flicker
89.9850,170576,flicker
89.9897,169754,flicker
89.9942,170507,flicker
89.9973,170305,flicker
90.0015,170788,flicker
90.0071,7005,flicker
90.0109,170685,flicker
90.0141,170955,flicker
90.0179,170219,flicker
90.0220,704,flicker
90.0266,170807,flicker
90.0309,170605,flicker
90.0342,170642,flicker
90.0383,70731,flicker
90.0426,170869,flicker
90.0466,170225,flicker
90.0517,170302,flicker
90.0561,171014,flicker
90.0575,170,flicker
90.0606,351170274,flicker
90.0629,170212,flicker
90.0669,170878,flicker
90.0711,70961,flicker
90.0754,170639,flicker
90.0795,170288,flicker
90.0866,170485,flicker
90.0876,170724,flicker
90.0925,170422,flicker
90.0956,170242,flicker
90.0997,170747,flicker
90.1039,170860,flicker
90.1079,170339,flicker
90.1120,170957,flicker
90.1161,171040,flicker
90.1202,170852,flicker
90.1246,170551,flicker
90.1294,170582,flicker
90.1324,171106,flicker
90.1366,170575,flicker
90.1409,170143,flicker
90.1447,170665,flicker
90.1488,170557,flicker
90.1530,170149,flicker
90.1576,170669,flicker
90.1611,170313,flicker
90.1652,170697,flicker
90.1694,170366,flicker
90.1741,170611,flicker
90.1775,170460,flicker
90.1816,170764,flicker
90.1831,170,flicker
90.1858,054,flicker
90.1875,170874,flicker
90.1907,170740,flicker
90.1939,170775,flicker
90.1986,170939,flicker
90.2021,170813,flicker
90.2073,170726,flicker
90.2103,170496,flicker
90.2144,170673,flicker
90.2185,170607,flicker
90.2232,170772,flicker
90.2275,170785,flicker
90.2310,170281,flicker
90.2349,170909,flicker
90.2393,170717,flicker
90.2433,170324,flicker
90.2471,170219,flicker
90.2513,170992,flicker
90.2559,170913,flicker
90.2602,170451,flicker
90.2635,170421,flicker
90.2684,170573,flicker
90.2722,170663,flicker
90.2768,170735,flicker
90.2799,170316,flicker
90.2840,170233,flicker
90.2897,7,flicker
90.2922,170535,flicker
90.2965,170866,flicker
90.3024,170590,flicker
90.3056,170371,flicker
90.3091,170278,flicker
90.3106,17,flicker
90.3127,0794,flicker
90.3137,17056,flicker
90.3167,7,flicker
90.3168,170349,flicker
90.3221,70,flicker
90.3264,170442,flicker
90.3301,170795,flicker
90.3332,170741,flicker
90.3375,1,flicker
90.3416,170512,flicker
90.3467,170030,flicker
90.3513,170825,flicker
90.3537,170777,flicker
90.3582,171191,flicker
90.3618,170713,flicker
90.3659,170110,flicker
90.3700,170604,flicker
90.3749,170770,flicker
90.3787,170172,flicker
90.3823,170530,flicker
90.3865,170699,flicker
90.3907,170488,flicker
90.3946,170589,flicker
90.3987,170549,flicker
90.4028,171110,flicker
90.4076,171214,flicker
90.4110,170740,flicker
90.4151,170850,flicker
90.4192,171237,flicker
90.4239,170167,flicker
90.4274,170641,flicker
90.4315,170992,flicker
90.4358,171067,flicker
90.4360,17,flicker
90.4403,0250,flicker
90.4421,1705,flicker
90.4437,60,flicker
90.4452,170553,flicker
90.4479,170914,flicker
90.4519,170816,flicker
90.4575,170236,flicker
90.4601,170566,flicker
90.4643,170653,flicker
90.4683,170935,flicker
90.4733,170646,flicker
90.4765,170821,flicker
90.4806,171121,flicker
90.4852,170712,flicker
90.4900,170167,flicker
90.4929,170727,flicker
90.4970,170335,flicker
90.5011,170513,flicker
90.5058,170474,flicker
90.5095,170795,flicker
90.5133,170278,flicker
90.5178,170628,flicker
90.5233,7078,flicker
90.5263,171027,flicker
90.5303,170785,flicker
90.5339,169949,flicker
90.5392,7,flicker
90.5425,170912,flicker
90.5462,170526,flicker
90.5519,170491,flicker
90.5551,170428,flicker
90.5585,7101,flicker
90.5628,170535,flicker
90.5642,1,flicker
90.5679,70382,flicker
90.5693,1705,flicker
90.5709,6,flicker
90.5726,11,flicker
90.5757,170728,flicker
90.5803,170819,flicker
90.5831,170702,flicker
90.5892,7020,flicker
90.5920,170326,flicker
90.5954,170298,flicker
90.5994,170815,flicker
90.6054,1776,flicker
90.6101,170663,flicker
90.6117,171039,flicker
90.6158,170661,flicker
90.6199,170513,flicker
90.6249,170812,flicker
90.6281,170529,flicker
90.6321,171124,flicker
90.6363,170182,flicker
90.6405,170509,flicker
90.6444,170986,flicker
90.6485,170986,flicker
90.6527,170821,flicker
90.6575,170750,flicker
90.6609,170976,flicker
90.6649,170345,flicker
90.6691,171097,flicker
90.6735,170697,flicker
90.6773,171180,flicker
90.6813,171233,flicker
90.6856,170753,flicker
90.6908,170522,flicker
90.6936,171124,flicker
90.6947,170,flicker
90.6978,890,flicker
90.6988,170878,flicker
90.7021,170664,flicker
90.7062,170525,flicker
90.7099,170692,flicker
90.7140,170582,flicker
90.7182,171117,flicker
90.7226,170742,flicker
90.7263,170664,flicker
90.7304,170802,flicker
90.7350,170734,flicker
90.7393,170517,flicker
90.7428,170858,flicker
90.7468,170742,flicker
90.7509,170812,flicker
90.7555,170766,flicker
90.7591,170195,flicker
90.7632,170448,flicker
90.7675,170157,flicker
90.7723,170329,flicker
90.7755,170536,flicker
90.7796,170640,flicker
90.7837,171077,flicker
90.7878,70290,flicker
90.7924,170616,flicker
90.7972,170642,flicker
90.8001,170456,flicker
90.8043,7046,flicker
90.8085,170680,flicker
90.8130,170260,flicker
90.8165,170395,flicker
90.8221,71061,flicker
90.8249,14,flicker
90.8265,170851,flicker
90.8288,170738,flicker
90.8329,170306,flicker
90.8373,17044,flicker
90.8426,170684,flicker
90.8453,170634,flicker
90.8492,170505,flicker
90.8534,170417,flicker
90.8578,170113,flicker
90.8615,170795,flicker
90.8656,170516,flicker
90.8697,170288,flicker
90.8741,170647,flicker
90.8780,170854,flicker
90.8820,170411,flicker
90.8861,170303,flicker
90.8914,170234,flicker
90.8943,170645,flicker
90.8984,170548,flicker
90.9025,170879,flicker
90.9078,170870,flicker
90.9107,171352,flicker
90.9148,171019,flicker
90.9189,170745,flicker
90.9236,170083,flicker
90.9271,170593,flicker
90.9311,171218,flicker
90.9353,170327,flicker
90.9396,171073,flicker
90.9434,170188,flicker
90.9475,170294,flicker
90.9486,16,flicker
90.9517,9901,flicker
90.9530,17117,flicker
90.9559,8,flicker
90.9566,170854,flicker
90.9598,170610,flicker
90.9639,170617,flicker
90.9681,170705,flicker
90.9726,170462,flicker
90.9762,170410,flicker
90.9803,170619,flicker
90.9849,170566,flicker
90.9889,170536,flicker
90.9926,170639,flicker
90.9967,171073,flicker
91.0008,171010,flicker
91.0053,170774,flicker
91.0100,170844,flicker
91.0130,170591,flicker
91.0174,170547,flicker
91.0220,170710,flicker
91.0254,170868,flicker
91.0295,170849,flicker
91.0336,171170,flicker
91.0392,7075,flicker
91.0425,171195,flicker
91.0472,170461,flicker
91.0506,170591,flicker
91.0551,7036,flicker
91.0588,170286,flicker
91.0631,170246,flicker
91.0672,170802,flicker
91.0715,7004,flicker
91.0754,170846,flicker
91.0767,17,flicker
91.0795,0878,flicker
91.0812,17060,flicker
91.0827,2,flicker
91.0828,170632,flicker
91.0870,743,flicker
91.0921,70793,flicker
91.0953,170474,flicker
91.0993,170530,flicker
91.1035,170739,flicker
91.1078,170514,flicker
91.1122,170463,flicker
91.1154,170562,flicker
91.1198,170030,flicker
91.1242,170479,flicker
91.1277,170617,flicker
91.1318,170570,flicker
91.1360,170881,flicker
91.1404,170535,flicker
91.1441,170759,flicker
91.1482,170545,flicker
91.1524,170241,flicker
91.1569,171236,flicker
91.1605,170900,flicker
91.1646,171027,flicker
91.1689,170343,flicker
91.1737,170512,flicker
91.1769,170678,flicker
91.1810,170540,flicker
91.1851,170821,flicker
91.1899,170536,flicker
91.1933,170917,flicker
91.1974,170469,flicker
91.2018,170582,flicker
91.2022,17,flicker
91.2059,0878,flicker
91.2080,17079,flicker
91.2097,6,flicker
91.2098,170988,flicker
91.2138,170745,flicker
91.2179,171028,flicker
91.2224,170612,flicker
91.2261,170698,flicker
91.2302,170463,flicker
91.2342,170646,flicker
91.2405,170797,flicker
91.2424,170617,flicker
91.2466,170741,flicker
91.2506,170267,flicker
91.2549,76,flicker
91.2611,170885,flicker
91.2630,170721,flicker
91.2684,170711,flicker
91.2712,170805,flicker
91.2757,170773,flicker
91.2793,170644,flicker
91.2838,170023,flicker
91.2876,7649,flicker
91.2920,170731,flicker
91.2961,170807,flicker
91.2999,170524,flicker
91.3060,78,flicker
91.3095,170135,flicker
91.3121,170102,flicker
91.3161,170624,flicker
91.3204,7054,flicker
91.3248,170559,flicker
91.3288,170669,flicker
91.3304,1,flicker
91.3327,70404,flicker
91.3344,1707,flicker
91.3372,547,flicker
91.3412,170704,flicker
91.3452,170866,flicker
91.3497,170802,flicker
91.3531,170680,flicker
91.3579,170751,flicker
91.3612,170447,flicker
91.3653,170938,flicker
91.3696,170994,flicker
91.3738,170729,flicker
91.3776,170366,flicker
91.3817,170529,flicker
91.3858,170855,flicker
91.3912,170757,flicker
91.3940,170660,flicker
91.3981,170651,flicker
91.4022,170560,flicker
91.4072,170732,flicker
91.4104,170440,flicker
91.4144,170515,flicker
91.4186,170674,flicker
91.4230,170433,flicker
91.4278,170424,flicker
91.4308,170462,flicker
91.4351,170401,flicker
91.4397,170686,flicker
91.4431,171161,flicker
91.4472,170883,flicker
91.4515,170860,flicker
91.4557,170663,flicker
91.4573,1,flicker
91.4596,70495,flicker
91.4606,1706,flicker
91.4636,44,flicker
91.4648,170401,flicker
91.4677,170589,flicker
91.4723,170286,flicker
91.4767,170572,flicker
91.4800,170564,flicker
91.4841,170441,flicker
91.4888,171041,flicker
91.4923,170586,flicker
91.4964,170884,flicker
91.5005,170404,flicker
91.5057,170666,flicker
91.5086,171162,flicker
91.5127,170979,flicker
91.5170,170362,flicker
91.5222,705,flicker
91.5256,170930,flicker
91.5291,170345,flicker
91.5333,170935,flicker
91.5389,7,flicker
91.5418,170658,flicker
91.5462,170464,flicker
91.5522,170686,flicker
91.5541,170424,flicker
91.5584,170545,flicker
91.5629,170548,flicker
91.5660,170541,flicker
91.5715,702,flicker
91.5747,170451,flicker
91.5783,170497,flicker
91.5824,170685,flicker
91.5868,1092,flicker
91.5884,7,flicker
91.5913,806,flicker
91.5927,171351,flicker
91.5947,171038,flicker
91.5988,170716,flicker
91.6029,170530,flicker
91.6071,170136,flicker
91.6110,170738,flicker
91.6151,170794,flicker
91.6193,170945,flicker
91.6235,170301,flicker
91.6275,170585,flicker
91.6315,171164,flicker
91.6356,170517,flicker
91.6402,170510,flicker
91.6439,170696,flicker
91.6479,170746,flicker
91.6521,170681,flicker
91.6564,170934,flicker
91.6602,170664,flicker
91.6643,171022,flicker
91.6685,170883,flicker
91.6730,171023,flicker
91.6766,170649,flicker
91.6807,171252,flicker
91.6849,170290,flicker
91.6895,170063,flicker
91.6930,170756,flicker
91.6971,170480,flicker
91.7012,170636,flicker
91.7064,170812,flicker
91.7094,170775,flicker
91.7135,169984,flicker
91.7145,170,flicker
91.7177,998,flicker
91.7190,170671,flicker
91.7224,170893,flicker
91.7265,170577,flicker
91.7298,170629,flicker
91.7340,170662,flicker
91.7386,170188,flicker
91.7426,170962,flicker
91.7462,170621,flicker
91.7504,170670,flicker
91.7547,170236,flicker
91.7586,170838,flicker
91.7626,170834,flicker
91.7670,170595,flicker
91.7716,170640,flicker
91.7749,170436,flicker
91.7790,171140,flicker
91.7831,170399,flicker
91.7887,70,flicker
91.7919,170847,flicker
91.7961,170541,flicker
91.7995,170899,flicker
91.8037,7098,flicker
91.8083,170548,flicker
91.8126,170638,flicker
91.8158,170845,flicker
91.8200,70630,flicker
91.8256,170731,flicker
91.8293,170579,flicker
91.8322,170618,flicker
91.8365,05,flicker
91.8408,171004,flicker
91.8430,170,flicker
91.8448,625,flicker
91.8460,17095,flicker
91.8486,7,flicker
91.8487,170489,flicker
91.8529,170921,flicker
91.8576,171077,flicker
91.8609,170432,flicker
91.8650,170909,flicker
91.8692,170926,flicker
91.8742,170632,flicker
91.8773,170243,flicker
91.8814,170049,flicker
91.8855,170734,flicker
91.8913,170593,rest
91.8939,170954,rest
91.8978,170705,rest
91.9019,170419,rest
91.9062,170447,rest
91.9103,170600,rest
91.9141,170817,rest
91.9183,170646,rest
91.9229,170360,rest
91.9265,170792,rest
91.9306,170586,rest
91.9347,170846,rest
91.9403,170516,rest
91.9429,170490,rest
91.9469,170671,rest
91.9512,170881,rest
91.9554,170485,rest
91.9592,170935,rest
91.9633,170675,rest
91.9675,170416,rest
91.9691,17,rest
91.9727,0671,rest
91.9743,17113,rest
91.9756,8,rest
91.9757,170873,rest
91.9797,170478,rest
91.9841,170565,rest
91.9883,170631,rest
91.9927,171113,rest
91.9962,170696,rest
92.0002,170133,rest
92.0044,755,rest
92.0087,170789,rest
92.0139,170357,rest
92.0180,170329,rest
92.0208,7057,rest
92.0264,170699,rest
92.0292,170069,rest
92.0330,170523,rest
92.0372,7086,rest
92.0419,170128,rest
92.0458,170830,rest
92.0493,170431,rest
92.0551,7035,rest
92.0587,170268,rest
92.0616,170272,rest
92.0667,170589,rest
92.0709,170774,rest
92.0746,171067,rest
92.0793,724,rest
92.0822,170666,rest
92.0867,170256,rest
92.0905,712,rest
92.0972,170485,rest
92.1009,170346,rest
92.1025,17044,rest
92.1026,0,rest
92.1028,170432,rest
92.1075,170519,rest
92.1107,170221,rest
92.1148,170511,rest
92.1193,170416,rest
92.1242,170504,rest
92.1271,170947,rest
92.1312,170672,rest
92.1353,170399,rest
92.1400,171025,rest
92.1435,170750,rest
92.1476,170562,rest
92.1519,170788,rest
92.1569,171040,rest
92.1599,170582,rest
92.1640,170859,rest
92.1682,170858,rest
92.1727,171250,rest
92.1763,170800,rest
92.1804,171004,rest
92.1846,171034,rest
92.1890,170909,rest
92.1930,170893,rest
92.1968,170685,rest
92.2011,170871,rest
92.2053,170852,rest
92.2090,170413,rest
92.2131,170476,rest
92.2174,170696,rest
92.2220,170820,rest
92.2235,17,rest
92.2255,0575,rest
92.2267,1708,rest
92.2296,53,rest
92.2307,171026,rest
92.2340,170889,rest
92.2385,170795,rest
92.2418,170465,rest
92.2459,170422,rest
92.2510,170560,rest
92.2549,170581,rest
92.2582,170549,rest
92.2623,171020,rest
92.2666,170014,rest
92.2713,170553,rest
92.2746,170495,rest
92.2787,170820,rest
92.2828,170087,rest
92.2870,72,rest
92.2928,170395,rest
92.2976,170694,rest
92.2992,171289,rest
92.3034,710,rest
92.3100,170351,rest
92.3120,170813,rest
92.3165,170916,rest
92.3198,76,rest
92.3241,170917,rest
92.3291,170689,rest
92.3325,171340,rest
92.3361,170486,rest
92.3409,170109,rest
92.3442,170511,rest
92.3484,170485,rest
92.3499,1,rest
92.3524,70716,rest
92.3540,1711,rest
92.3566,20,rest
92.3592,170404,rest
92.3607,170628,rest
92.3647,170406,rest
92.3688,170693,rest
92.3731,170497,rest
92.3770,170368,rest
92.3811,170540,rest
92.3852,170441,rest
92.3901,170009,rest
92.3934,170312,rest
92.3975,171073,rest
92.4016,170975,rest
92.4070,170865,rest
92.4097,170672,rest
92.4138,171000,rest
92.4181,170588,rest
92.4224,170869,rest
92.4261,170717,rest
92.4303,171088,rest
92.4344,170782,rest
92.4387,170749,rest
92.4430,170870,rest
92.4466,170936,rest
92.4507,170502,rest
92.4549,171333,rest
92.4592,170228,rest
92.4630,170666,rest
92.4674,170587,rest
92.4715,170826,rest
92.4753,171004,rest
92.4767,1,rest
92.4794,70822,rest
92.4806,1708,rest
92.4839,63,rest
92.4849,170428,rest
92.4886,170399,rest
92.4917,171343,rest
92.4958,170350,rest
92.4999,170352,rest
92.5042,70,rest
92.5085,170505,rest
92.5124,170524,rest
92.5168,170514,rest
92.5213,170873,rest
92.5245,170837,rest
92.5285,170826,rest
92.5326,170042,rest
92.5369,770,rest
92.5424,170249,rest
92.5451,171110,rest
92.5490,170505,rest
92.5546,709,rest
92.5572,169993,rest
92.5618,170699,rest
92.5654,170549,rest
92.5712,718,rest
92.5737,170661,rest
92.5777,170467,rest
92.5818,170738,rest
92.5862,79,rest
92.5904,171193,rest
92.5941,170568,rest
92.5991,170983,rest
92.6023,170541,rest
92.6039,1,rest
92.6067,70692,rest
92.6082,1705,rest
92.6105,09,rest
92.6121,170554,rest
92.6146,170864,rest
92.6186,170723,rest
92.6239,170759,rest
92.6269,170791,rest
92.6309,170689,rest
92.6351,170614,rest
92.6399,170739,rest
92.6433,170712,rest
92.6473,170564,rest
92.6515,170401,rest
92.6564,170449,rest
92.6596,170384,rest
92.6637,171045,rest
92.6678,170767,rest
92.6723,170566,rest
92.6760,170583,rest
92.6800,170679,rest
92.6844,170356,rest
92.6891,170811,rest
92.6925,170682,rest
92.6964,170483,rest
92.7006,170752,rest
92.7054,170757,rest
92.7089,170686,rest
92.7129,170595,rest
92.7170,171221,rest
92.7213,170472,rest
92.7252,170519,rest
92.7292,170919,rest
92.7334,170492,rest
92.7352,170,rest
92.7382,597,rest
92.7403,170439,rest
92.7416,170031,rest
92.7456,170305,rest
92.7498,170747,rest
92.7555,7070,rest
92.7584,169813,rest
92.7623,170746,rest
92.7673,170581,rest
92.7714,70,rest
92.7755,170656,rest
92.7787,171002,rest
92.7829,170893,rest
92.7873,170617,rest
92.7911,170451,rest
92.7956,170142,rest
92.7988,170811,rest
92.8031,7181,rest
92.8077,170746,rest
92.8124,170601,rest
92.8153,170191,rest
92.8197,7,rest
92.8237,170740,rest
92.8281,170909,rest
92.8319,170556,rest
92.8376,4,rest
92.8410,170815,rest
92.8462,170358,rest
92.8480,170384,rest
92.8525,1729,rest
92.8566,170148,rest
92.8610,170755,rest
92.8627,170,rest
92.8644,490,rest
92.8657,170713,rest
92.8686,170192,rest
92.8730,170751,rest
92.8767,170618,rest
92.8807,170457,rest
92.8849,170304,rest
92.8892,170118,rest
92.8931,170572,rest
92.8971,170754,rest
92.9013,170637,rest
92.9058,170290,rest
92.9094,171030,rest
92.9135,170636,rest
92.9177,170310,rest
92.9219,170136,rest
92.9258,170617,rest
92.9299,170640,rest
92.9341,170907,rest
92.9386,170463,rest
92.9422,170804,rest
92.9463,170218,rest
92.9505,170686,rest
92.9550,170896,rest
92.9586,170318,rest
92.9627,170921,rest
92.9670,170313,rest
92.9714,170358,rest
92.9750,170373,rest
92.9791,170709,rest
92.9832,170412,rest
92.9874,70551,rest
92.9889,17,rest
92.9917,837,rest
92.9950,17029,rest
92.9965,7,rest
92.9968,170945,rest
92.9999,170603,rest
93.0045,170228,rest
93.0078,170303,rest
93.0118,171062,rest
93.0161,170289,rest
93.0202,70,rest
93.0249,170844,rest
93.0290,170641,rest
93.0340,170717,rest
93.0373,171122,rest
93.0407,710,rest
93.0458,7060,rest
93.0504,170564,rest
93.0545,170699,rest
93.0574,170561,rest
93.0615,170738,rest
93.0652,170609,rest
93.0712,757,rest
93.0740,170451,rest
93.0783,170012,rest
93.0815,170766,rest
93.0858,709,rest
93.0899,170566,rest
93.0940,170784,rest
93.0980,170447,rest
93.1040,170762,rest
93.1077,170663,rest
93.1109,170543,rest
93.1143,170796,rest
93.1155,17,rest
93.1185,0120,rest
93.1195,1701,rest
93.1231,170394,rest
93.1268,170483,rest
93.1317,170500,rest
93.1348,170773,rest
93.1392,170959,rest
93.1440,170327,rest
93.1470,170803,rest
93.1511,170121,rest
93.1552,170378,rest
93.1593,170868,rest
93.1634,170980,rest
93.1675,170583,rest
93.1726,171133,rest
93.1757,170797,rest
93.1798,170780,rest
93.1840,170893,rest
93.1882,170790,rest
93.1925,169998,rest
93.1964,170821,rest
93.2008,170501,rest
93.2051,170896,rest
93.2084,170706,rest
93.2125,170699,rest
93.2167,170995,rest
93.2208,170488,rest
93.2250,170752,rest
93.2289,170950,rest
93.2331,170608,rest
93.2374,170617,rest
93.2416,171049,rest
93.2438,1,rest
93.2453,70697,rest
93.2467,1706,rest
93.2494,90,rest
93.2505,170072,rest
93.2553,170731,rest
93.2586,170613,rest
93.2617,170250,rest
93.2659,170762,rest
93.2699,69965,rest
93.2743,170706,rest
93.2789,170577,rest
93.2836,169839,rest
93.2867,170393,rest
93.2910,170589,rest
93.2951,170794,rest
93.2986,170970,rest
93.3028,701,rest
93.3072,170682,rest
93.3135,170462,rest
93.3149,170239,rest
93.3202,7070,rest
93.3235,170690,rest
93.3277,170872,rest
93.3328,170180,rest
93.3358,17058,rest
93.3402,170435,rest
93.3444,170771,rest
93.3481,170683,rest
93.3519,171031,rest
93.3564,170436,rest
93.3604,170459,rest
93.3641,170430,rest
93.3682,170584,rest
93.3695,1,rest
93.3726,70239,rest
93.3738,1705,rest
93.3764,66,rest
93.3776,170671,rest
93.3805,170371,rest
93.3846,170158,rest
93.3892,170849,rest
93.3928,170532,rest
93.3969,170842,rest
93.4010,170427,rest
93.4060,170696,rest
93.4091,170495,rest
93.4132,170079,rest
93.4174,170505,rest
93.4220,170268,rest
93.4256,171144,rest
93.4296,170888,rest
93.4338,170858,rest
93.4385,170668,rest
93.4419,170574,rest
93.4460,170543,rest
93.4501,170819,rest
93.4547,170642,rest
93.4583,170693,rest
93.4624,170736,rest
93.4665,170755,rest
93.4711,170972,rest
93.4747,170632,rest
93.4788,170324,rest
93.4829,170695,rest
93.4885,170199,rest
93.4912,170386,rest
93.4952,170938,rest
93.4993,170709,rest
93.5013,170,rest
93.5058,3,rest
93.5082,170800,rest
93.5115,170612,rest
93.5163,170467,rest
93.5218,705,rest
93.5265,170768,rest
93.5279,170413,rest
93.5324,170536,rest
93.5386,7103,rest
93.5410,170466,rest
93.5449,170100,rest
93.5485,170883,rest
93.5538,7025,rest
93.5572,170579,rest
93.5607,170406,rest
93.5648,170503,rest
93.5690,7018,rest
93.5732,170245,rest
93.5772,170470,rest
93.5812,170453,rest
93.5873,178,rest
93.5901,170213,rest
93.5936,171291,rest
93.5975,170443,rest
93.6028,1012,rest
93.6059,170900,rest
93.6099,170912,rest
93.6140,170563,rest
93.6181,171180,rest
93.6227,170744,rest
93.6263,170409,rest
93.6278,17,rest
93.6305,0671,rest
93.6325,17054,rest
93.6345,2,rest
93.6346,171012,rest
93.6395,170431,rest
93.6426,170892,rest
93.6467,170696,rest
93.6509,171050,rest
93.6557,170519,rest
93.6590,170766,rest
93.6631,171112,rest
93.6674,170408,rest
93.6728,170559,rest
93.6755,170810,rest
93.6796,170209,rest
93.6837,170558,rest
93.6880,170366,rest
93.6918,170723,rest
93.6958,170516,rest
93.7001,170522,rest
93.7045,170523,rest
93.7081,170097,rest
93.7123,170500,rest
93.7165,170525,rest
93.7208,170665,rest
93.7245,170603,rest
93.7286,170431,rest
93.7328,170525,rest
93.7377,170298,rest
93.7409,170614,rest
93.7450,170456,rest
93.7492,170284,rest
93.7533,70843,rest
93.7545,1,rest
93.7599,0559,rest
93.7614,170053,rest
93.7615,170698,rest
93.7656,170729,rest
93.7705,170551,rest
93.7737,170797,rest
93.7778,170748,rest
93.7819,170404,rest
93.7861,8,rest
93.7919,170465,rest
93.7949,170647,rest
93.7983,170619,rest
93.8031,170559,rest
93.8064,170785,rest
93.8105,170496,rest
93.8146,171185,rest
93.8195,17108,rest
93.8237,170496,rest
93.8275,170487,rest
93.8310,170699,rest
93.8353,3,rest
93.8397,170309,rest
93.8446,170168,rest
93.8474,170534,rest
93.8523,170200,rest
93.8556,170433,rest
93.8597,170582,rest
93.8638,170953,rest
93.8680,170229,rest
93.8726,170854,rest
93.8761,170408,rest
93.8802,170472,rest
93.8816,17,rest
93.8843,0428,rest
93.8860,17036,rest
93.8888,7,rest
93.8889,170244,rest
93.8924,170454,rest
93.8965,170297,rest
93.9008,171141,rest
93.9051,170921,rest
93.9089,170243,rest
93.9129,170355,rest
93.9173,170434,rest
93.9222,170242,rest
93.9252,170637,rest
93.9293,170637,rest
93.9336,170449,rest
93.9390,170687,rest
93.9417,171003,rest
93.9457,170346,rest
93.9498,170489,rest
93.9542,170461,rest
93.9586,170777,rest
93.9621,170279,rest
93.9663,170734,rest
93.9723,775,rest
93.9773,170246,rest
93.9786,170218,rest
93.9826,170419,rest
93.9881,17033,rest
93.9908,170270,rest
93.9949,170471,rest
93.9991,170340,rest
94.0035,170830,rest
94.0072,170843,rest
94.0081,17,rest
94.0112,0468,rest
94.0126,1702,rest
94.0154,51,rest
94.0155,170504,rest
94.0201,170127,rest
94.0235,170176,rest
94.0276,170447,rest
94.0321,170182,rest
94.0360,701,rest
94.0411,170185,rest
94.0442,170739,rest
94.0481,170587,rest
94.0536,701,rest
94.0564,170565,rest
94.0604,170211,rest
94.0645,170291,rest
94.0688,703,rest
94.0732,170633,rest
94.0774,170644,rest
94.0808,170523,rest
94.0863,1764,rest
94.0895,170507,rest
94.0933,170637,rest
94.0973,170360,rest
94.1015,705,rest
94.1060,170187,rest
94.1105,170604,rest
94.1136,170575,rest
94.1179,170342,rest
94.1230,170509,rest
94.1259,170238,rest
94.1300,170183,rest
94.1342,170542,rest
94.1355,1,rest
94.1383,70638,rest
94.1397,1706,rest
94.1423,45,rest
94.1435,170670,rest
94.1464,170571,rest
94.1505,170208,rest
94.1555,169916,rest
94.1587,170120,rest
94.1628,170633,rest
94.1670,170598,rest
94.1719,170364,rest
94.1751,170453,rest
94.1791,170392,rest
94.1833,170453,rest
94.1883,170488,rest
94.1915,170955,rest
94.1956,170582,rest
94.1999,170628,rest
94.2047,170949,rest
94.2079,170990,rest
94.2119,170671,rest
94.2161,171037,rest
94.2213,170178,rest
94.2242,169840,rest
94.2283,170135,rest
94.2324,170426,rest
94.2371,170453,rest
94.2406,170232,rest
94.2447,170679,rest
94.2488,170343,rest
94.2538,170190,rest
94.2570,170032,rest
94.2611,170532,rest
94.2653,169759,rest
94.2667,170,rest
94.2699,345,rest
94.2713,170517,rest
94.2735,170110,rest
94.2775,170651,rest
94.2816,171109,rest
94.2858,7656,rest
94.2912,169992,rest
94.2944,170447,rest
94.2980,169934,rest
94.3022,709,rest
94.3071,170472,rest
94.3106,170869,rest
94.3144,170354,rest
94.3199,70552,rest
94.3241,170297,rest
94.3267,170423,rest
94.3308,170661,rest
94.3363,721,rest
94.3396,170502,rest
94.3431,170763,rest
94.3471,171006,rest
94.3570,170679,rest
94.3602,169956,rest
94.3635,170497,rest
94.3677,170586,rest
94.3731,170222,rest
94.3759,170344,rest
94.3799,170762,rest
94.3840,170207,rest
94.3893,170460,rest
94.3923,170421,rest
94.3932,170,rest
94.3963,112,rest
94.3975,170773,rest
94.4006,170519,rest
94.4054,170594,rest
94.4086,170171,rest
94.4127,170427,rest
94.4169,170544,rest
94.4218,169970,rest
94.4252,170490,rest
94.4291,170627,rest
94.4335,170464,rest
94.4386,169933,rest
94.4415,170131,rest
94.4454,170675,rest
94.4496,170111,rest
94.4548,170951,rest
94.4585,170843,rest
94.4618,170106,rest
94.4661,170974,rest
94.4713,170192,rest
94.4747,170243,rest
94.4784,170622,rest
94.4824,170108,rest
94.4877,170296,rest
94.4916,171096,rest
94.4946,171101,rest
94.4988,170907,rest
94.5045,170129,rest
94.5091,170533,rest
94.5110,170585,rest
94.5152,170512,rest
94.5213,7561,rest
94.5237,722,rest
94.5265,17084,rest
94.5278,0,rest
94.5307,170534,rest
94.5339,170527,rest
94.5357,170671,rest
94.5404,170555,rest
94.5439,170048,rest
94.5479,170170,rest
94.5524,77,rest
94.5574,170172,rest
94.5608,171182,rest
94.5650,170520,rest
94.5687,170633,rest
94.5734,170685,rest
94.5767,170381,rest
94.5807,170722,rest
94.5851,108,rest
94.5909,170608,rest
94.5957,170626,rest
94.6005,170607,rest
94.6018,170346,rest
94.6068,0,rest
94.6122,170681,rest
94.6143,170427,rest
94.6177,170315,rest
94.6232,170244,rest
94.6257,170274,rest
94.6297,170471,rest
94.6340,170775,rest
94.6390,170202,rest
94.6420,170074,rest
94.6461,170684,rest
94.6476,17,rest
94.6503,0586,rest
94.6513,17160,rest
94.6544,0,rest
94.6548,170153,rest
94.6584,170123,rest
94.6625,170641,rest
94.6668,170801,rest
94.6721,170422,rest
94.6750,170326,rest
94.6790,169979,rest
94.6832,170156,rest
94.6897,170615,rest
94.6915,170501,rest
94.6956,169743,rest
94.6998,170631,rest
94.7053,170398,rest
94.7076,170657,rest
94.7116,170908,rest
94.7158,170818,rest
94.7224,170777,rest
94.7241,170352,rest
94.7281,170552,rest
94.7322,170474,rest
94.7368,170609,rest
94.7404,170304,rest
94.7444,170118,rest
94.7485,170997,rest
94.7532,170091,rest
94.7568,170874,rest
94.7608,170421,rest
94.7649,170444,rest
94.7701,170576,rest
94.7731,170185,rest
94.7741,1,rest
94.7772,70254,rest
94.7786,1705,rest
94.7813,65,rest
94.7826,170013,rest
94.7867,170419,rest
94.7906,170110,rest
94.7936,169982,rest
94.7977,170201,rest
94.8021,7014,rest
94.8061,170583,rest
94.8101,170713,rest
94.8141,170539,rest
94.8199,0203,rest
94.8226,170890,rest
94.8274,170458,rest
94.8304,170773,rest
94.8345,70333,rest
94.8433,170053,rest
94.8441,170286,rest
94.8469,170713,rest
94.8512,170205,rest
94.8559,170621,rest
94.8591,170180,rest
94.8632,170263,rest
94.8674,170375,rest
94.8725,170094,rest
94.8755,170380,rest
94.8796,170880,rest
94.8838,170710,rest
94.8878,170535,rest
94.8919,170837,rest
94.8960,170583,rest
94.9001,170387,rest
94.9021,1,rest
94.9048,70901,rest
94.9062,1702,rest
94.9082,07,rest
94.9096,170432,rest
94.9124,170597,rest
94.9165,170107,rest
94.9210,170156,rest
94.9247,170436,rest
94.9287,170557,rest
94.9332,170658,rest
94.9376,171035,rest
94.9411,170422,rest
94.9451,170816,rest
94.9495,170468,rest
94.9540,170644,rest
94.9575,170311,rest
94.9615,170594,rest
94.9656,170503,rest
94.9699,702,rest
94.9745,170837,rest
94.9806,170130,rest
94.9824,170676,rest
94.9884,772,rest
94.9908,171530,rest
94.9947,170358,rest
94.9994,170373,rest
95.0035,170684,rest
95.0067,170086,rest
95.0107,169975,rest
95.0148,170183,rest
95.0191,75,rest
95.0237,170640,rest
95.0283,170509,rest
95.0328,170333,rest
95.0339,170,rest
95.0354,662,rest
95.0366,170707,rest
95.0411,171316,rest
95.0435,170220,rest
95.0475,170018,rest
95.0521,10,rest
95.0563,170616,rest
95.0614,169960,rest
95.0647,170707,rest
95.0696,70,rest
95.0730,170546,rest
95.0766,170765,rest
95.0822,170675,rest
95.0845,170755,rest
95.0890,170795,rest
95.0938,169889,rest
95.0966,170171,rest
95.1021,101,rest
95.1063,169966,rest
95.1101,169954,rest
95.1137,170207,rest
95.1172,170338,rest
95.1222,169736,rest
95.1254,170619,rest
95.1296,170321,rest
95.1336,170352,rest
95.1382,170709,rest
95.1418,170318,rest
95.1459,170623,rest
95.1500,170439,rest
95.1554,170086,rest
95.1581,170517,rest
95.1595,17,rest
95.1622,0396,rest
95.1634,17033,rest
95.1662,8,rest
95.1664,170203,rest
95.1715,170120,rest
95.1746,170532,rest
95.1787,170642,rest
95.1827,170782,rest
95.1869,170991,rest
95.1909,170676,rest
95.1951,170315,rest
95.1991,170158,rest
95.2039,170235,rest
95.2073,171069,rest
95.2120,170291,rest
95.2156,170276,rest
95.2207,170588,rest
95.2243,170743,rest
95.2278,170778,rest
95.2319,171137,rest
95.2365,170862,rest
95.2401,171035,rest
95.2442,170480,rest
95.2482,170198,rest
95.2528,170748,rest
95.2575,170285,rest
95.2606,170577,rest
95.2647,170661,rest
95.2707,7077,rest
95.2757,170907,rest
95.2769,170355,rest
95.2813,169903,rest
95.2865,713,rest
95.2894,149,rest
95.2909,1703,rest
95.2940,92,rest
95.2943,170707,rest
95.2974,170109,rest
95.3026,703,rest
95.3061,170236,rest
95.3102,170939,rest
95.3141,170515,rest
95.3199,706,rest
95.3242,170114,rest
95.3270,170340,rest
95.3301,170203,rest
95.3343,170686,rest
95.3391,170319,rest
95.3425,170455,rest
95.3465,170495,rest
95.3510,1703,rest
95.3559,171081,rest
95.3601,170053,rest
95.3630,170873,rest
95.3671,170142,rest
95.3721,170691,rest
95.3752,170531,rest
95.3794,170601,rest
95.3835,170172,rest
95.3879,170145,rest
95.3916,170540,rest
95.3957,170430,rest
95.3998,169879,rest
95.4043,170550,rest
95.4084,170071,rest
95.4120,170567,rest
95.4132,1,rest
95.4162,70862,rest
95.4176,1705,rest
95.4206,75,rest
95.4221,170549,rest
95.4243,170351,rest
95.4284,170785,rest
95.4326,170477,rest
95.4370,170454,rest
95.4411,170282,rest
95.4448,170843,rest
95.4491,170515,rest
95.4533,170246,rest
95.4580,170630,rest
95.4612,170340,rest
95.4653,170358,rest
95.4697,170841,rest
95.4744,170677,rest
95.4776,170322,rest
95.4817,170297,rest
95.4863,170096,rest
95.4901,170197,rest
95.4944,170478,rest
95.4981,170231,rest
95.5034,70629,rest
95.5082,170285,rest
95.5114,170563,rest
95.5145,170007,rest
95.5192,169811,rest
95.5231,170455,rest
95.5268,169876,rest
95.5312,170148,rest
95.5363,170843,rest
95.5393,170676,rest
95.5405,1,rest
95.5431,70673,rest
95.5443,170,rest
95.5472,496,rest
95.5486,170672,rest
95.5531,064,rest
95.5559,170887,rest
95.5611,170592,rest
95.5636,170416,rest
95.5689,701,rest
95.5733,170777,rest
95.5780,170283,rest
95.5803,169955,rest
95.5844,742,rest
95.5916,170372,rest
95.5948,170615,rest
95.5972,170407,rest
95.6005,170781,rest
95.6059,170658,rest
95.6087,170735,rest
95.6128,170591,rest
95.6169,170154,rest
95.6215,170564,rest
95.6250,170353,rest
95.6291,170160,rest
95.6332,170726,rest
95.6376,170743,rest
95.6414,170078,rest
95.6456,170450,rest
95.6498,170695,rest
95.6549,170171,rest
95.6578,170496,rest
95.6619,170208,rest
95.6660,170431,rest
95.6713,170249,rest
95.6728,169,rest
95.6742,968,rest
95.6760,170550,rest
95.6784,170826,rest
95.6824,170149,rest
95.6875,170538,rest
95.6906,170675,rest
95.6946,171181,rest
95.6991,170957,rest
95.7040,170514,rest
95.7070,170630,rest
95.7111,170983,rest
95.7152,170740,rest
95.7206,170162,rest
95.7242,170586,rest
95.7275,170472,rest
95.7316,170078,rest
95.7365,170527,rest
95.7401,170401,rest
95.7439,170139,rest
95.7480,170114,rest
95.7534,72,rest
95.7569,170291,rest
95.7605,170956,rest
95.7643,170864,rest
95.7691,170804,rest
95.7735,170491,rest
95.7766,170480,rest
95.7807,170340,rest
95.7849,76,rest
95.7893,169986,rest
95.7941,170533,rest
95.7977,170542,rest
95.7992,170,rest
95.8012,02,rest
95.8029,1708,rest
95.8060,170213,rest
95.8113,170428,rest
95.8138,170330,rest
95.8188,744,rest
95.8220,170888,rest
95.8260,170367,rest
95.8315,170262,rest
95.8342,170457,rest
95.8397,170021,rest
95.8422,170714,rest
95.8462,170507,rest
95.8506,170530,rest
95.8550,170331,rest
95.8586,170755,rest
95.8626,170678,rest
95.8667,170032,rest
95.8709,170580,rest
95.8748,170563,rest
95.8789,170097,rest
95.8831,171040,rest
95.8875,170755,rest
95.8913,170015,rest
95.8954,170848,rest
95.8995,170913,rest
95.9040,170869,rest
95.9076,170526,rest
95.9117,170117,rest
95.9159,170703,rest
95.9203,170470,rest
95.9249,170140,rest
95.9261,17,rest
95.9281,0625,rest
95.9284,17034,rest
95.9322,5,rest
95.9324,170483,rest
95.9367,170316,rest
95.9404,170607,rest
95.9445,170937,rest
95.9487,170651,rest
95.9546,170982,rest
95.9568,170000,rest
95.9610,170038,rest
95.9650,170382,rest
95.9706,170443,rest
95.9732,169917,rest
95.9773,170135,rest
95.9815,169837,rest
95.9875,0,rest
95.9899,170827,rest
95.9944,170370,rest
95.9978,170764,rest
96.0027,170233,rest
96.0059,170772,rest
96.0100,170764,rest
96.0141,170509,rest
96.0184,76,rest
96.0237,170082,rest
96.0280,170420,rest
96.0306,170106,rest
96.0365,170580,rest
96.0387,170493,rest
96.0428,170404,rest
96.0469,170432,rest
96.0511,70439,rest
96.0527,17,rest
96.0566,575,rest
96.0589,16993,rest
96.0600,0,rest
96.0603,170429,rest
96.0633,170089,rest
96.0692,03,rest
96.0733,170376,rest
96.0759,169994,rest
96.0797,170949,rest
96.0851,704,rest
96.0883,170235,rest
96.0920,170121,rest
96.0962,170589,rest
96.1002,170245,rest
96.1045,170387,rest
96.1083,170030,rest
96.1124,170316,rest
96.1166,170800,rest
96.1215,170514,rest
96.1248,170200,rest
96.1290,170862,rest
96.1329,170154,rest
96.1374,170641,rest
96.1411,170609,rest
96.1453,170552,rest
96.1493,170335,rest
96.1539,170110,rest
96.1575,170225,rest
96.1618,170128,rest
96.1659,170970,rest
96.1707,170488,rest
96.1738,170395,rest
96.1781,170343,rest
96.1794,1,rest
96.1821,71118,rest
96.1833,1705,rest
96.1864,74,rest
96.1880,170284,rest
96.1904,170185,rest
96.1945,170432,rest
96.1986,170603,rest
96.2029,170398,rest
96.2067,170628,rest
96.2109,170519,rest
96.2149,170297,rest
96.2196,170545,rest
96.2234,170793,rest
96.2272,170220,rest
96.2312,170615,rest
96.2377,170472,rest
96.2396,170362,rest
96.2435,170168,rest
96.2476,170518,rest
96.2524,170353,rest
96.2560,170523,rest
96.2600,170842,rest
96.2643,170349,rest
96.2682,77,rest
96.2738,170753,rest
96.2768,170392,rest
96.2807,170994,rest
96.2857,7,rest
96.2889,170468,rest
96.2930,170654,rest
96.2983,170324,rest
96.3009,170603,rest
96.3060,170192,rest
96.3069,1,rest
96.3090,70234,rest
96.3100,1705,rest
96.3132,55,rest
96.3144,170654,rest
96.3181,170478,rest
96.3214,170240,rest
96.3255,170797,rest
96.3296,170708,rest
96.3357,177,rest
96.3390,170470,rest
96.3426,170784,rest
96.3459,170755,rest
96.3503,7009,rest
96.3553,170548,rest
96.3583,170166,rest
96.3624,170522,rest
96.3665,170885,rest
96.3709,170372,rest
96.3747,170579,rest
96.3787,170105,rest
96.3829,171307,rest
96.3878,171399,rest
96.3910,170742,rest
96.3952,170979,rest
96.3992,170941,rest
96.4041,170057,rest
96.4074,170447,rest
96.4116,170812,rest
96.4156,170515,rest
96.4199,170079,rest
96.4239,170447,rest
96.4278,170462,rest
96.4321,170847,rest
96.4331,1,rest
96.4362,70922,rest
96.4378,170,rest
96.4402,865,rest
96.4416,170335,rest
96.4443,171159,rest
96.4484,170418,rest
96.4525,170263,rest
96.4565,170736,rest
96.4607,170641,rest
96.4648,170582,rest
96.4697,170710,rest
96.4734,171087,rest
96.4770,170721,rest
96.4811,170422,rest
96.4867,170994,rest
96.4893,171477,rest
96.4934,170913,rest
96.4975,171302,rest
96.5028,170661,rest
96.5057,170244,rest
96.5099,170955,rest
96.5140,170717,rest
96.5184,170470,rest
96.5220,170152,rest
96.5261,170309,rest
96.5306,170839,rest
96.5349,170330,rest
96.5392,170683,rest
96.5425,170719,rest
96.5466,170730,rest
96.5508,739,rest
96.5551,171224,rest
96.5590,170946,rest
96.5631,170541,rest
96.5645,170,rest
96.5672,93,rest
96.5683,75,rest
96.5730,170764,rest
96.5765,170624,rest
96.5797,171063,rest
96.5836,0694,rest
96.5878,170383,rest
96.5924,170698,rest
96.5961,170059,rest
96.6002,17013,rest
96.6042,170282,rest
96.6091,170430,rest
96.6129,170536,rest
96.6163,170595,rest
96.6209,170873,rest
96.6245,170469,rest
96.6285,170610,rest
96.6326,170476,rest
96.6376,170387,rest
96.6408,171071,rest
96.6449,170470,rest
96.6490,170734,rest
96.6536,170387,rest
96.6572,170680,rest
96.6613,170525,rest
96.6655,170714,rest
96.6700,170692,rest
96.6737,170943,rest
96.6778,170454,rest
96.6818,170161,rest
96.6862,170381,rest
96.6900,170286,rest
96.6910,17,rest
96.6941,0744,rest
96.6955,17056,rest
96.6981,4,rest
96.6983,170440,rest
96.7040,170618,rest
96.7063,170851,rest
96.7104,170368,rest
96.7149,170481,rest
96.7199,170603,rest
96.7227,170066,rest
96.7268,170632,rest
96.7309,169905,rest
96.7351,170474,rest
96.7392,170877,rest
96.7432,170699,rest
96.7473,170719,rest
96.7561,170486,rest
96.7607,170840,rest
96.7639,170426,rest
96.7697,170398,rest
96.7718,171038,rest
96.7759,170702,rest
96.7805,170542,rest
96.7844,170702,rest
96.7883,170150,rest
96.7924,170887,rest
96.7965,170734,rest
96.8020,8,rest
96.8054,170894,rest
96.8087,170735,rest
96.8128,170420,rest
96.8171,700,rest
96.8188,7,rest
96.8212,0383,rest
96.8230,17040,rest
96.8251,3,rest
96.8263,170737,rest
96.8292,170790,rest
96.8349,77,rest
96.8382,171061,rest
96.8418,170476,rest
96.8457,170372,rest
96.8509,1709,rest
96.8541,170145,rest
96.8579,170658,rest
96.8620,170448,rest
96.8661,170548,rest
96.8704,170299,rest
96.8743,170703,rest
96.8784,170166,rest
96.8825,170529,rest
96.8871,170350,rest
96.8907,170441,rest
96.8947,170435,rest
96.8989,170347,rest
96.9042,170799,rest
96.9070,170999,rest
96.9111,170682,rest
96.9153,170950,rest
96.9202,170480,rest
96.9234,170416,rest
96.9275,170528,rest
96.9317,169684,rest
96.9371,170390,rest
96.9398,170981,rest
96.9439,170602,rest
96.9449,17,rest
96.9480,0192,rest
96.9492,1708,rest
96.9521,51,rest
96.9534,170502,rest
96.9563,171138,rest
96.9604,170244,rest
96.9644,170693,rest
96.9690,170167,rest
96.9730,170965,rest
96.9766,170527,rest
96.9809,170956,rest
96.9852,170389,rest
96.9894,169983,rest
96.9930,170910,rest
96.9972,170644,rest
97.0015,170769,rest
97.0057,170663,rest
97.0095,170674,rest
97.0140,170558,rest
97.0190,7055,rest
97.0231,170294,rest
97.0270,171019,rest
97.0304,170791,rest
97.0341,70694,rest
97.0384,170716,rest
97.0433,170964,rest
97.0482,170824,rest
97.0505,170891,rest
97.0548,170635,rest
97.0586,170325,rest
97.0627,170204,rest
97.0673,170909,rest
97.0709,170976,rest
97.0721,1,rest
97.0749,70115,rest
97.0762,1706,rest
97.0790,48,rest
97.0807,171073,rest
97.0838,170823,rest
97.0872,170284,rest
97.0914,171260,rest
97.0954,170742,rest
97.0997,06,rest
97.1039,170347,rest
97.1095,170753,rest
97.1118,170764,rest
97.1162,17098,rest
97.1216,170455,rest
97.1242,170864,rest
97.1282,170580,rest
97.1323,170176,rest
97.1371,170709,rest
97.1405,170425,rest
97.1446,171059,rest
97.1487,170605,rest
97.1529,170656,rest
97.1569,170273,rest
97.1610,170314,rest
97.1651,170477,rest
97.1697,170733,rest
97.1733,170106,rest
97.1774,170258,rest
97.1815,170631,rest
97.1865,170342,rest
97.1896,170235,rest
97.1937,170839,rest
97.1981,170522,rest
97.1994,1,rest
97.2022,70332,rest
97.2040,170,rest
97.2060,566,rest
97.2073,170501,rest
97.2102,170312,rest
97.2143,169935,rest
97.2186,170445,rest
97.2224,170802,rest
97.2265,170329,rest
97.2306,170078,rest
97.2351,170377,rest
97.2388,170180,rest
97.2429,170156,rest
97.2470,170519,rest
97.2513,170331,rest
97.2559,170187,rest
97.2592,170737,rest
97.2635,169999,rest
97.2675,70218,rest
97.2723,170518,rest
97.2763,170658,rest
97.2816,170632,rest
97.2848,170191,rest
97.2894,7063,rest
97.2926,170423,rest
97.2984,169988,rest
97.3011,170150,rest
97.3051,170267,rest
97.3085,170560,rest
97.3125,170044,rest
97.3183,74,rest
97.3211,170453,rest
97.3253,169791,rest
97.3289,170272,rest
97.3300,170,rest
97.3331,81,rest
97.3346,702,rest
97.3376,170145,rest
97.3419,170782,rest
97.3453,170666,rest
97.3498,1726,rest
97.3539,170363,rest
97.3582,170744,rest
97.3617,170116,rest
97.3658,170330,rest
97.3698,170651,rest
97.3739,170904,rest
97.3781,170466,rest
97.3822,170689,rest
97.3869,170760,rest
97.3904,170476,rest
97.3945,170602,rest
97.3988,170557,rest
97.4035,170210,rest
97.4068,170099,rest
97.4108,170592,rest
97.4149,170870,rest
97.4201,170168,rest
97.4231,170443,rest
97.4272,170574,rest
97.4314,170931,rest
97.4363,170115,rest
97.4395,170384,rest
97.4436,170131,rest
97.4477,170538,rest
97.4526,170649,rest
97.4559,170135,rest
97.4572,17,rest
97.4600,0459,rest
97.4610,17079,rest
97.4641,4,rest
97.4642,170291,rest
97.4693,170654,rest
97.4722,170713,rest
97.4764,170319,rest
97.4805,170728,rest
97.4850,170890,rest
97.4896,170534,rest
97.4927,171086,rest
97.4969,170751,rest
97.5012,170349,rest
97.5050,170407,rest
97.5092,170187,rest
97.5132,170694,rest
97.5189,70,rest
97.5224,170914,rest
97.5258,170560,rest
97.5298,170602,rest
97.5349,70179,rest
97.5382,170539,rest
97.5425,170676,rest
97.5460,170250,rest
97.5502,70694,rest
97.5544,170367,rest
97.5590,171002,rest
97.5651,170500,rest
97.5665,170708,rest
97.5709,171154,rest
97.5747,170483,rest
97.5787,170584,rest
97.5830,76,rest
97.5846,17,rest
97.5874,757,rest
97.5893,17059,rest
97.5913,9,rest
97.5920,170665,rest
97.5953,170380,rest
97.6013,172,rest
97.6045,170445,rest
97.6078,170356,rest
97.6115,170273,rest
97.6170,170188,rest
97.6204,170679,rest
97.6238,170572,rest
97.6279,170874,rest
97.6321,170436,rest
97.6364,170058,rest
97.6402,171166,rest
97.6443,170259,rest
97.6485,170715,rest
97.6534,170107,rest
97.6566,170370,rest
97.6606,170307,rest
97.6649,170766,rest
97.6693,170418,rest
97.6730,170767,rest
97.6770,171012,rest
97.6814,170357,rest
97.6857,170237,rest
97.6894,170635,rest
97.6934,170813,rest
97.6978,170228,rest
97.7027,170183,rest
97.7057,170469,rest
97.7099,170637,rest
97.7114,17,rest
97.7140,0450,rest
97.7151,17062,rest
97.7182,2,rest
97.7196,170137,rest
97.7226,170453,rest
97.7262,170566,rest
97.7304,170824,rest
97.7348,170710,rest
97.7394,170650,rest
97.7426,170912,rest
97.7467,170711,rest
97.7512,170257,rest
97.7549,170355,rest
97.7590,170318,rest
97.7632,170946,rest
97.7674,733,rest
97.7728,170364,rest
97.7767,170225,rest
97.7797,171048,rest
97.7837,170492,rest
97.7879,170766,rest
97.7917,170928,rest
97.7959,170525,rest
97.8019,761,rest
97.8044,170296,rest
97.8084,170018,rest
97.8122,170642,rest
97.8180,70970,rest
97.8209,170408,rest
97.8245,169953,rest
97.8286,170816,rest
97.8344,3,rest
97.8371,170757,rest
97.8389,1,rest
97.8409,70331,rest
97.8420,1709,rest
97.8450,44,rest
97.8465,170662,rest
97.8492,170197,rest
97.8546,170443,rest
97.8572,170431,rest
97.8614,170503,rest
97.8673,17096,rest
97.8698,171029,rest
97.8749,170395,rest
97.8782,170527,rest
97.8819,170726,rest
97.8864,170730,rest
97.8900,170209,rest
97.8941,170838,rest
97.8983,170470,rest
97.9027,170482,rest
97.9064,170204,rest
97.9105,170521,rest
97.9146,170323,rest
97.9191,170700,rest
97.9228,170359,rest
97.9269,170782,rest
97.9311,170491,rest
97.9355,170716,rest
97.9392,170441,rest
97.9432,170680,rest
97.9476,170382,rest
97.9516,170850,rest
97.9556,170670,rest
97.9597,170269,rest
97.9639,170507,rest
97.9655,1,rest
97.9686,70496,rest
97.9700,1706,rest
97.9720,22,rest
97.9731,170586,rest
97.9761,170669,rest
97.9802,170866,rest
97.9849,170493,rest
97.9884,170531,rest
97.9924,170813,rest
97.9966,170308,rest
98.0016,170383,rest
98.0049,170756,rest
98.0088,170717,rest
98.0131,170118,rest
98.0175,170640,rest
98.0212,170320,rest
98.0252,170599,rest
98.0298,170421,rest
98.0336,708,rest
98.0377,170053,rest
98.0422,170071,rest
98.0457,170304,rest
98.0499,70818,rest
98.0542,170437,rest
98.0582,170642,rest
98.0643,170515,rest
98.0662,170613,rest
98.0706,169982,rest
98.0744,170359,rest
98.0784,171029,rest
98.0840,797,rest
98.0871,170734,rest
98.0914,170413,rest
98.0956,170695,rest
98.0970,170,rest
98.0990,3,rest
98.0994,17067,rest
98.1036,170416,rest
98.1079,170499,rest
98.1121,170698,rest
98.1154,170313,rest
98.1203,170348,rest
98.1235,170432,rest
98.1276,170560,rest
98.1334,17064,rest
98.1361,170789,rest
98.1407,170845,rest
98.1440,170368,rest
98.1481,170521,rest
98.1525,170631,rest
98.1563,170500,rest
98.1604,170534,rest
98.1645,170330,rest
98.1695,170545,rest
98.1726,170450,rest
98.1767,170834,rest
98.1809,170361,rest
98.1858,170234,rest
98.1890,170761,rest
98.1931,170769,rest
98.1973,170788,rest
98.2017,170812,rest
98.2054,170263,rest
98.2095,171009,rest
98.2136,170097,rest
98.2182,170493,rest
98.2218,170104,rest
98.2230,170,rest
98.2259,393,rest
98.2277,170318,rest
98.2301,171070,rest
98.2346,170882,rest
98.2383,170469,rest
98.2422,170576,rest
98.2464,170395,rest
98.2508,170304,rest
98.2547,170719,rest
98.2587,170801,rest
98.2628,170322,rest
98.2676,170726,rest
98.2712,170512,rest
98.2750,170594,rest
98.2795,170645,rest
98.2838,170630,rest
98.2874,170678,rest
98.2914,170616,rest
98.2955,170828,rest
98.2998,700,rest
98.3042,170904,rest
98.3087,170276,rest
98.3131,170923,rest
98.3162,7127,rest
98.3205,170748,rest
98.3243,170245,rest
98.3294,170525,rest
98.3326,175,rest
98.3369,170667,rest
98.3406,170461,rest
98.3455,170281,rest
98.3492,17059,rest
98.3532,0699,rest
98.3543,17047,rest
98.3569,6,rest
98.3571,170517,rest
98.3611,170734,rest
98.3652,170648,rest
98.3697,170312,rest
98.3734,171015,rest
98.3774,170488,rest
98.3816,170520,rest
98.3875,170356,rest
98.3897,170490,rest
98.3938,170021,rest
98.3979,170536,rest
98.4026,170554,rest
98.4061,170589,rest
98.4102,170772,rest
98.4143,170766,rest
98.4188,170979,rest
98.4228,170645,rest
98.4266,170472,rest
98.4307,170237,rest
98.4358,170555,rest
98.4389,170797,rest
98.4430,170021,rest
98.4473,170463,rest
98.4516,171273,rest
98.4553,171063,rest
98.4594,170374,rest
98.4636,170644,rest
98.4682,170487,rest
98.4717,170450,rest
98.4758,170978,rest
98.4769,17,rest
98.4799,0435,rest
98.4814,17047,rest
98.4841,4,rest
98.4845,171117,rest
98.4885,170461,rest
98.4921,170489,rest
98.4962,170503,rest
98.5009,170363,rest
98.5045,170566,rest
98.5087,170115,rest
98.5127,170214,rest
98.5170,170542,rest
98.5209,170458,rest
98.5251,171052,rest
98.5293,171182,rest
98.5347,7037,rest
98.5376,170778,rest
98.5418,170902,rest
98.5455,170740,rest
98.5503,170891,rest
98.5537,171276,rest
98.5577,170815,rest
98.5618,171304,rest
98.5675,7063,rest
98.5721,170641,rest
98.5740,170628,rest
98.5782,170735,rest
98.5824,76,rest
98.5886,170777,rest
98.5929,170942,rest
98.5946,170690,rest
98.5992,17069,rest
98.6043,170209,rest
98.6056,17,rest
98.6071,0939,rest
98.6087,1713,rest
98.6110,38,rest
98.6124,170596,rest
98.6151,170715,rest
98.6197,170650,rest
98.6233,170729,rest
98.6273,170381,rest
98.6317,170386,rest
98.6357,170731,rest
98.6396,171269,rest
98.6437,170487,rest
98.6478,170872,rest
98.6520,170823,rest
98.6568,170474,rest
98.6603,170743,rest
98.6643,170915,rest
98.6694,170918,rest
98.6724,171237,rest
98.6764,171028,rest
98.6808,171044,rest
98.6849,171215,rest
98.6887,171041,rest
98.6928,170751,rest
98.6970,170878,rest
98.7014,170226,rest
98.7051,170367,rest
98.7093,170732,rest
98.7135,170508,rest
98.7183,171048,rest
98.7216,170229,rest
98.7257,170586,rest
98.7298,170749,rest
98.7308,1,rest
98.7341,70890,rest
98.7354,1709,rest
98.7379,05,rest
98.7391,171155,rest
98.7421,170575,rest
98.7461,171185,rest
98.7517,170580,rest
98.7543,170977,rest
98.7584,170439,rest
98.7626,170869,rest
98.7667,746,rest
98.7710,170672,rest
98.7752,170745,rest
98.7790,170814,rest
98.7844,770,rest
98.7888,170995,rest
98.7919,170799,rest
98.7952,170603,rest
98.8006,753,rest
98.8040,170241,rest
98.8080,170607,rest
98.8116,170796,rest
98.8158,71020,rest
98.8202,170701,rest
98.8247,170256,rest
98.8280,170426,rest
98.8322,12,rest
98.8375,170366,rest
98.8405,170335,rest
98.8444,170619,rest
98.8496,084,rest
98.8529,170394,rest
98.8574,170667,rest
98.8586,1,rest
98.8608,70553,rest
98.8624,1703,rest
98.8649,97,rest
98.8661,170573,rest
98.8694,170266,rest
98.8730,170081,rest
98.8771,170504,rest
98.8812,170363,rest
98.8858,170591,rest
98.8897,170623,rest
98.8935,170323,rest
98.8976,170544,rest
98.9021,170844,rest
98.9058,170450,rest
98.9099,170356,rest
98.9142,170776,rest
98.9186,170831,rest
98.9222,170893,rest
98.9263,170260,rest
98.9304,170322,rest
98.9346,170637,rest
98.9391,170562,rest
98.9426,170655,rest
98.9468,170614,rest
98.9516,171075,rest
98.9549,170186,rest
98.9590,170661,rest
98.9633,170659,rest
98.9675,170356,rest
98.9721,170719,rest
98.9754,170673,rest
98.9796,171148,rest
98.9840,170533,rest
98.9852,1,rest
98.9878,70921,rest
98.9891,1708,rest
98.9918,92,rest
98.9936,171143,rest
98.9960,170669,rest
99.0004,170392,rest
99.0041,170821,rest
99.0082,170407,rest
99.0123,170763,rest
99.0169,170579,rest
99.0205,170623,rest
99.0246,170988,rest
99.0287,170573,rest
99.0334,170022,rest
99.0369,170022,rest
99.0409,170521,rest
99.0450,170937,rest
99.0501,170940,rest
99.0533,170587,rest
99.0574,170823,rest
99.0615,170796,rest
99.0671,7063,rest
99.0704,170438,rest
99.0739,170298,rest
99.0779,170663,rest
99.0834,701,rest
99.0869,169955,rest
99.0914,170807,rest
99.0944,170257,rest
99.0990,70,rest
99.1029,170359,rest
99.1068,170773,rest
99.1106,170735,rest
99.1171,170923170,rest
99.1188,432,rest
99.1202,170841,rest
99.1229,170760,rest
99.1270,170834,rest
99.1312,170919,rest
99.1359,170795,rest
99.1393,170522,rest
99.1434,170496,rest
99.1476,170313,rest
99.1520,170759,rest
99.1557,170144,rest
99.1597,170355,rest
99.1639,170578,rest
99.1691,170463,rest
99.1721,170306,rest
99.1762,170280,rest
99.1804,170746,rest
99.1845,170809,rest
99.1885,170938,rest
99.1926,170212,rest
99.1968,170717,rest
99.2011,170553,rest
99.2049,170124,rest
99.2090,170576,rest
99.2131,170753,rest
99.2174,170406,rest
99.2213,170551,rest
99.2254,170225,rest
99.2295,170335,rest
99.2345,170617,rest
99.2377,170461,rest
99.2418,170384,rest
99.2439,170,rest
99.2458,575,rest
99.2460,17106,rest
99.2503,3,rest
99.2506,170551,rest
99.2540,170661,rest
99.2581,170923,rest
99.2630,170906,rest
99.2677,170834,rest
99.2705,170215,rest
99.2745,170750,rest
99.2787,170741,rest
99.2828,70870,rest
99.2873,170827,rest
99.2928,171014,rest
99.2950,170648,rest
99.2992,70470,rest
99.3039,170646,rest
99.3074,170632,rest
99.3114,170558,rest
99.3168,70529,rest
99.3217,170759,rest
99.3236,170731,rest
99.3277,170917,rest
99.3331,789,rest
99.3363,170842,rest
99.3411,170285,rest
99.3441,170781,rest
99.3485,741,rest
99.3525,170432,rest
99.3571,170308,rest
99.3608,170373,rest
99.3647,171136,rest
99.3687,170240,rest
99.3703,17,rest
99.3733,1242,rest
99.3748,17063,rest
99.3768,7,rest
99.3769,170419,rest
99.3810,170580,rest
99.3854,170432,rest
99.3891,170395,rest
99.3932,170936,rest
99.3973,170498,rest
99.4020,169983,rest
99.4055,170679,rest
99.4096,170303,rest
99.4137,170777,rest
99.4183,170979,rest
99.4220,170758,rest
99.4260,170111,rest
99.4302,170387,rest
99.4352,170351,rest
99.4383,170721,rest
99.4425,170467,rest
99.4466,170945,rest
99.4508,171010,rest
99.4555,170742,rest
99.4588,170480,rest
99.4629,170418,rest
99.4672,170547,rest
99.4711,170832,rest
99.4751,170927,rest
99.4793,170422,rest
99.4839,170974,rest
99.4875,170809,rest
99.4915,170594,rest
99.4957,170052,rest
99.4966,1,rest
99.5016,70799,rest
99.5033,1708,rest
99.5038,80,rest
99.5048,170953,rest
99.5080,170583,rest
99.5121,170724,rest
99.5163,73,rest
99.5205,171603,rest
99.5254,170644,rest
99.5284,170413,rest
99.5327,170431,rest
99.5373,170544,rest
99.5407,170540,rest
99.5448,170721,rest
99.5501,77,rest
99.5534,170492,rest
99.5576,170299,rest
99.5611,170345,rest
99.5654,74,rest
99.5696,171585,rest
99.5740,170876,rest
99.5775,170508,rest
99.5832,703,rest
99.5864,170556,rest
99.5900,170608,rest
99.5939,170430,rest
99.5997,10,rest
99.6030,170451,rest
99.6062,170725,rest
99.6103,169934,rest
99.6150,1743,rest
99.6193,170445,rest
99.6230,170423,rest
99.6240,1,rest
99.6267,70445,rest
99.6274,1708,rest
99.6308,10,rest
99.6325,170992,rest
99.6353,170753,rest
99.6390,170203,rest
99.6430,170618,rest
99.6472,170517,rest
99.6520,170635,rest
99.6554,170495,rest
99.6594,170263,rest
99.6636,170886,rest
99.6677,170794,rest
99.6717,170452,rest
99.6758,170578,rest
99.6800,170472,rest
99.6844,170531,rest
99.6881,170369,rest
99.6922,170411,rest
99.6965,170931,rest
99.7012,170249,rest
99.7045,170701,rest
99.7086,170401,rest
99.7127,170620,rest
99.7171,170761,rest
99.7213,170604,rest
99.7250,170772,rest
99.7291,170289,rest
99.7336,170996,rest
99.7375,170817,rest
99.7414,171019,rest
99.7455,170519,rest
99.7505,170479,rest
99.7522,1,rest
99.7537,70560,rest
99.7552,1705,rest
99.7578,80,rest
99.7589,170165,rest
99.7619,170227,rest
99.7660,70700,rest
99.7704,170526,rest
99.7752,170496,rest
99.7784,170181,rest
99.7842,72,rest
99.7865,72,rest
99.7909,170567,rest
99.7965,171050,rest
99.7987,170465,rest
99.8035,170694,rest
99.8069,170872,rest
99.8110,170499,rest
99.8152,70460,rest
99.8199,170847,rest
99.8233,170656,rest
99.8279,171066,rest
99.8318,170,rest
99.8359,170403,rest
99.8404,170596,rest
99.8441,170730,rest
99.8480,790,rest
99.8527,170646,rest
99.8565,170783,rest
99.8622,170626,rest
99.8643,170665,rest
99.8688,170617,rest
99.8725,170470,rest
99.8766,170740,rest
99.8781,1,rest
99.8807,70961,rest
99.8816,1704,rest
99.8847,30,rest
99.8857,170316,rest
99.8888,170903,rest
99.8929,170404,rest
99.8971,170776,rest
99.9015,170955,rest
99.9052,170435,rest
99.9093,170961,rest
99.9135,170208,rest
99.9184,170717,rest
99.9216,170770,rest
99.9257,170967,rest
99.9298,170389,rest
99.9341,170923,rest
99.9379,170209,rest
99.9420,170298,rest
99.9462,170294,rest
99.9518,170758,rest
99.9544,170835,rest
99.9585,170808,rest
99.9626,170524,rest
99.9681,170617,rest
99.9707,170702,rest
99.9749,170472,rest
99.9790,170666,rest
99.9837,170300,rest
99.9872,170560,rest
99.9912,170823,rest
99.9954,170717,rest
99.9995,704,rest
100.0040,171007,rest
100.0065,1,rest
100.0080,70706,rest
100.0092,170,rest
100.0117,578,rest
100.0131,170466,rest
100.0161,16999,rest
100.0212,170817,rest
100.0248,170630,rest
100.0283,170460,rest
100.0336,71047,rest
100.0366,170785,rest
100.0404,170457,rest
100.0445,170558,rest
100.0507,704,rest
100.0538,170946,rest
100.0569,170158,rest
100.0609,171076,rest
100.0651,76,rest
100.0700,170672,rest
100.0735,171062,rest
100.0773,171282,rest
100.0826,750,rest
100.0860,170210,rest
100.0909,170223,rest
100.0936,170720,rest
100.0979,701,rest
100.1029,75,rest
100.1060,170667,rest
100.1101,170649,rest
100.1143,170463,rest
100.1187,170556,rest
100.1223,170683,rest
100.1264,170440,rest
100.1305,171110,rest
100.1355,170678,rest
100.1367,170,rest
100.1387,404,rest
100.1398,171236,rest
100.1429,170233,rest
100.1469,171060,rest
100.1518,170569,rest
100.1551,170611,rest
100.1591,170820,rest
100.1633,170663,rest
100.1684,170921,rest
100.1715,170729,rest
100.1755,170685,rest
100.1797,170776,rest
100.1848,170323,rest
100.1878,170699,rest
100.1919,170922,rest
100.1961,170407,rest
100.2006,170524,rest
100.2048,170752,rest
100.2083,170384,rest
100.2125,170683,rest
100.2173,170790,rest
100.2207,170822,rest
100.2247,171012,rest
100.2291,170798,rest
100.2334,170515,rest
100.2370,171249,rest
100.2410,170916,rest
100.2452,170701,rest
100.2497,170874,rest
100.2538,170467,rest
100.2574,171022,rest
100.2616,171074,rest
100.2630,17,rest
100.2664,0821,rest
100.2677,17079,rest
100.2697,1,rest
100.2698,170652,rest
100.2738,170547,rest
100.2782,170866,rest
100.2821,71025,rest
100.2865,170567,rest
100.2909,170844,rest
100.2944,170941,rest
100.2988,71230,rest
100.3032,170779,rest
100.3074,170262,rest
100.3132,170751,rest
100.3155,170081,rest
100.3190,7009,rest
100.3235,170876,rest
100.3293,170548,rest
100.3315,170538,rest
100.3353,70540,rest
100.3397,170127,rest
100.3447,169898,rest
100.3477,170975,rest
100.3530,170540,rest
100.3558,171076,rest
100.3599,170713,rest
100.3640,170220,rest
100.3687,170303,rest
100.3722,170356,rest
100.3763,170563,rest
100.3804,170673,rest
100.3847,170382,rest
100.3885,170581,rest
100.3901,17,rest
100.3926,0521,rest
100.3939,17023,rest
100.3967,4,rest
100.3968,170334,rest
100.4013,170286,rest
100.4049,170611,rest
100.4090,171072,rest
100.4131,170736,rest
100.4175,170985,rest
100.4213,170716,rest
100.4254,170284,rest
100.4295,170516,rest
100.4349,170856,rest
100.4377,170488,rest
100.4417,170284,rest
100.4459,170850,rest
100.4508,170245,rest
100.4540,170938,rest
100.4581,170427,rest
100.4625,170308,rest
100.4671,170831,rest
100.4704,170320,rest
100.4745,170339,rest
100.4787,170658,rest
100.4834,170865,rest
100.4868,170767,rest
100.4909,170034,rest
100.4950,170312,rest
100.4995,170232,rest
100.5032,170749,rest
100.5073,170631,rest
100.5121,170258,rest
100.5159,170639,rest
100.5176,1,rest
100.5196,70373,rest
100.5208,1704,rest
100.5237,45,rest
100.5254,170477,rest
100.5280,170130,rest
100.5320,7040,rest
100.5366,170279,rest
100.5416,171023,rest
100.5451,170159,rest
100.5501,73,rest
100.5527,170939,rest
100.5571,170326,rest
100.5622,170967,rest
100.5648,170562,rest
100.5691,170481,rest
100.5728,170373,rest
100.5769,170592,rest
100.5811,70852,rest
100.5864,170229,rest
100.5900,170800,rest
100.5933,170530,rest
100.5976,703,rest
100.6031,170796,rest
100.6080,170279,rest
100.6097,170611,rest
100.6141,17094,rest
100.6181,170883,rest
100.6233,170503,rest
100.6262,170641,rest
100.6302,170890,rest
100.6345,170524,rest
100.6386,170915,rest
100.6425,170645,rest
100.6436,1,rest
100.6466,70579,rest
100.6482,1699,rest
100.6514,87,rest
100.6533,170518,rest
100.6548,170380,rest
100.6589,170199,rest
100.6630,170607,rest
100.6674,170566,rest
100.6713,170477,rest
100.6752,170177,rest
100.6794,170910,rest
100.6838,170852,rest
100.6875,171153,rest
100.6916,170655,rest
100.6959,171021,rest
100.7001,170645,rest
100.7042,171256,rest
100.7080,170491,rest
100.7124,170964,rest
100.7164,170478,rest
100.7208,170564,rest
100.7244,170639,rest
100.7292,170242,rest
100.7329,170448,rest
100.7367,170581,rest
100.7407,170238,rest
100.7449,170772,rest
100.7493,170445,rest
100.7533,171283,rest
100.7571,170348,rest
100.7613,170173,rest
100.7660,170440,rest
100.7697,170682,rest
100.7710,1,rest
100.7736,70879,rest
100.7749,170,rest
100.7777,300,rest
100.7793,170398,rest
100.7824,170876,rest
100.7868,170690,rest
100.7899,170822,rest
100.7940,170563,rest
100.7985,170780,rest
100.8022,170668,rest
100.8063,170940,rest
100.8104,170777,rest
100.8161,70,rest
100.8188,170414,rest
100.8228,171114,rest
100.8284,170667,rest
100.8318,170704,rest
100.8352,706,rest
100.8396,170268,rest
100.8438,170725,rest
100.8475,170086,rest
100.8514,170204,rest
100.8557,170514,rest
100.8599,170408,rest
100.8638,057,rest
100.8682,170805,rest
100.8725,171008,rest
100.8760,170786,rest
100.8800,170287,rest
100.8850,171153,rest
100.8882,170344,rest
100.8923,170259,rest
100.8964,170751,rest
100.9010,170317,rest
100.9023,169,rest
100.9046,876,rest
100.9063,170664,rest
100.9087,170543,rest
100.9128,170429,rest
100.9176,170619,rest
100.9211,170631,rest
100.9251,170680,rest
100.9293,170738,rest
100.9339,170598,rest
100.9374,170248,rest
100.9415,170630,rest
100.9457,170792,rest
100.9503,170774,rest
100.9538,170505,rest
100.9578,170945,rest
100.9622,170582,rest
100.9662,170792,rest
100.9706,170808,rest
100.9742,170511,rest
100.9784,170514,rest
100.9829,170847,rest
100.9865,170542,rest
100.9906,170649,rest
100.9948,170430,rest
100.9994,170932,rest
101.0040,170289,rest
101.0070,170516,rest
101.0112,170865,rest
101.0156,170367,rest
101.0193,170403,rest
101.0234,169836,rest
101.0278,170803,rest
101.0297,170,rest
101.0317,492,rest
101.0332,170209,rest
101.0357,170873,rest
101.0397,170700,rest
101.0438,170492,rest
101.0484,170506,rest
101.0528,170617,rest
101.0564,170888,rest
101.0602,170152,rest
101.0645,45,rest
101.0689,170443,rest
101.0737,170688,rest
101.0780,170778,rest
101.0809,7715,rest
101.0860,70913,rest
101.0892,170679,rest
101.0934,170444,rest
101.0971,170825,rest
101.1016,170372,rest
101.1056,170593,rest
101.1094,170582,rest
101.1151,1777,rest
101.1180,170167,rest
101.1235,170708,rest
101.1259,170635,rest
101.1300,170964,rest
101.1344,170977,rest
101.1380,171141,rest
101.1421,170479,rest
101.1463,170486,rest
101.1516,170495,rest
101.1545,170561,rest
101.1556,170,rest
101.1585,617,rest
101.1601,17073,rest
101.1626,5,rest
101.1628,170355,rest
101.1669,170776,rest
101.1710,170729,rest
101.1749,170662,rest
101.1792,171191,rest
101.1836,170966,rest
101.1873,170724,rest
101.1913,170759,rest
101.1957,170073,rest
101.2000,170702,rest
101.2036,170224,rest
101.2077,170929,rest
101.2120,170482,rest
101.2163,170770,rest
101.2200,171053,rest
101.2241,170489,rest
101.2282,170829,rest
101.2329,170131,rest
101.2364,170318,rest
101.2405,170515,rest
101.2446,170938,rest
101.2505,170654,rest
101.2528,170893,rest
101.2569,170303,rest
101.2610,171037,rest
101.2667,70405,rest
101.2699,170451,rest
101.2733,170834,rest
101.2775,170299,rest
101.2827,70827,rest
101.2856,0700,rest
101.2885,17067,rest
101.2906,8,rest
101.2916,170180,rest
101.2938,170651,rest
101.2994,70,rest
101.3036,170604,rest
101.3060,170894,rest
101.3101,170183,rest
101.3144,70,rest
101.3201,169784,rest
101.3231,170359,rest
101.3266,170564,rest
101.3319,70456,rest
101.3356,170184,rest
101.3393,170722,rest
101.3429,170250,rest
101.3491,704,rest
101.3525,170809,rest
101.3554,170914,rest
101.3592,170279,rest
101.3642,783,rest
101.3676,170801,rest
101.3715,170689,rest
101.3756,170979,rest
101.3798,170417,rest
101.3842,170988,rest
101.3879,170518,rest
101.3920,170541,rest
101.3961,170452,rest
101.4005,170223,rest
101.4044,170678,rest
101.4084,170649,rest
101.4094,17,rest
101.4126,0405,rest
101.4142,1701,rest
101.4166,18,rest
101.4177,170243,rest
101.4207,171070,rest
101.4248,171070,rest
101.4289,170926,rest
101.4332,170432,rest
101.4371,169993,rest
101.4412,170830,rest
101.4455,170597,rest
101.4503,170272,rest
101.4536,170279,rest
101.4575,170592,rest
101.4618,170409,rest
101.4667,170938,rest
101.4698,170711,rest
101.4739,170967,rest
101.4781,170518,rest
101.4823,170485,rest
101.4866,170541,rest
101.4903,171021,rest
101.4944,171177,rest
101.4990,170696,rest
101.5039,170699,rest
101.5067,170874,rest
101.5109,170823,rest
101.5150,701,rest
101.5196,170735,rest
101.5233,170639,rest
101.5275,170867,rest
101.5321,170890,rest
101.5372,7011,rest
101.5399,70631,rest
101.5414,1701,rest
101.5449,37,rest
101.5463,170381,rest
101.5485,170807,rest
101.5518,170450,rest
101.5558,170317,rest
101.5599,170524,rest
101.5654,703,rest
101.5686,170627,rest
101.5724,170897,rest
101.5764,170553,rest
101.5806,6,rest
101.5851,170240,rest
101.5894,170418,rest
101.5954,170328,rest
101.5968,170257,rest
101.6019,170831,rest
101.6050,170905,rest
101.6091,170524,rest
101.6148,794,rest
101.6178,170724,rest
101.6214,171086,rest
101.6255,170657,rest
101.6296,170256,rest
101.6346,170571,rest
101.6377,171093,rest
101.6418,170439,rest
101.6460,170249,rest
101.6505,170676,rest
101.6545,170008,rest
101.6582,170601,rest
101.6626,170279,rest
101.6669,170807,rest
101.6678,170,rest
101.6706,373,rest
101.6717,170930,rest
101.6747,170337,rest
101.6789,170177,rest
101.6832,170855,rest
101.6869,170752,rest
101.6910,170798,rest
101.6953,170459,rest
101.6997,170505,rest
101.7033,170730,rest
101.7074,170459,rest
101.7117,170496,rest
101.7160,170302,rest
101.7200,170286,rest
101.7238,170774,rest
101.7279,170754,rest
101.7322,170200,rest
101.7362,170565,rest
101.7401,170544,rest
101.7443,170738,rest
101.7491,170411,rest
101.7526,170537,rest
101.7565,170446,rest
101.7607,170379,rest
101.7665,170501,rest
101.7688,170779,rest
101.7729,170208,rest
101.7772,170546,rest
101.7820,170705,rest
101.7852,170216,rest
101.7893,170500,rest
101.7934,170808,rest
101.7945,170,rest
101.7976,99,rest
101.7992,1706,rest
101.8017,170463,rest
101.8064,170910,rest
101.8111,170195,rest
101.8140,7045,rest
101.8183,171007,rest
101.8232,170669,rest
101.8264,170704,rest
101.8304,72,rest
101.8353,170406,rest
101.8391,170648,rest
101.8426,170489,rest
101.8470,719,rest
101.8536,170889,rest
101.8567,170202,rest
101.8589,170517,rest
101.8646,1701,rest
101.8676,170778,rest
101.8712,170565,rest
101.8754,170714,rest
101.8795,170919,rest
101.8848,170702,rest
101.8876,170409,rest
101.8917,170888,rest
101.8959,170851,rest
101.9026,170658,rest
101.9040,170640,rest
101.9084,170566,rest
101.9122,170443,rest
101.9173,171035,rest
101.9207,170585,rest
101.9277,170222,rest
101.9289,171270,rest
101.9293,169963,rest
101.9341,170699,rest
101.9377,170216,rest
101.9440,170360,rest
101.9492,170348,rest
101.9509,170803,rest
101.9557,170445,rest
101.9605,170543,rest
101.9624,170349,rest
101.9686,170374,rest
101.9731,170661,rest
101.9780,170894,rest
101.9798,170166,rest
101.9837,170557,rest
101.9913,170835,rest
101.9937,170125,rest
101.9980,170165,rest
102.0014,169865,rest
102.0027,170535,rest
102.0108,170778,rest
102.0117,170582,rest
102.0151,170542,rest
102.0201,170497,rest
102.0257,170930,rest
102.0271,169741,rest
102.0315,170572,rest
102.0356,170424,rest
102.0396,170563,rest
102.0447,170558,rest
102.0479,170449,rest
102.0490,17,rest
102.0519,0386,rest
102.0535,17036,rest
102.0556,7,rest
102.0572,170239,rest
102.0597,170797,rest
102.0640,170391,rest
102.0743,170447,rest
102.0774,170410,rest
102.0775,170466,rest
102.0806,170523,rest
102.0888,170033,rest
102.0936,170917,rest
102.0987,170616,rest
102.1011,170748,rest
102.1014,170468,rest
102.1065,170605,rest
102.1102,171007,rest
102.1132,170937,rest
102.1173,170579,rest
102.1217,171270,rest
102.1260,170910,rest
102.1295,170036,rest
102.1371,170847,rest
102.1383,170599,rest
102.1434,170231,rest
102.1469,170889,rest
102.1500,170603,rest
102.1608,170406,rest
102.1611,170153,rest
102.1698,170235,rest
102.1702,170311,rest
102.1724,170689,rest
102.1764,170234,rest
102.1786,170484,rest
102.1817,1708,rest
102.1834,86,rest
102.1869,170834,rest
102.1880,170926,rest
102.1925,170404,rest
102.1954,171214,rest
102.1993,170421,rest
102.2035,170587,rest
102.2076,170282,rest
102.2140,170524,rest
102.2172,170317,rest
102.2214,170515,rest
102.2267,170186,rest
102.2285,170376,rest
102.2353,170333,rest
102.2372,170312,rest
102.2420,170703,rest
102.2521,170794,rest
102.2533,170576,rest
102.2636,170309,rest
102.2681,171105,rest
102.2749,170659,rest
102.2779,170943,rest
102.2805,170343,rest
102.2831,170438,rest
102.2859,170420,rest
102.2884,170076,rest
102.2903,169800,rest
102.2938,170204,rest
102.2945,170591,rest
102.2994,170501,rest
102.3023,170703,rest
102.3038,1,rest
102.3058,70739,rest
102.3076,170,rest
102.3097,546,rest
102.3113,171154,rest
102.3142,170776,rest
102.3193,170410,rest
102.3250,170729,rest
102.3284,170126,rest
102.3322,170424,rest
102.3359,170226,rest
102.3402,170436,rest
102.3434,170131,rest
102.3498,170558,rest
102.3509,170371,rest
102.3572,170925,rest
102.3598,170326,rest
102.3645,170619,rest
102.3687,170526,rest
102.3722,170444,rest
102.3764,170376,rest
102.3812,170083,rest
102.3858,170304,rest
102.3896,170893,rest
102.3934,170387,rest
102.3981,171077,rest
102.4015,170495,rest
102.4060,170787,rest
102.4090,170420,rest
102.4134,170543,rest
102.4180,170339,rest
102.4232,170456,rest
102.4254,171056,rest
102.4300,170857,rest
102.4344,170593,rest
102.4365,170,rest
102.4382,344,rest
102.4406,170453,rest
102.4418,171098,rest
102.4456,170436,rest
102.4492,170234,rest
102.4540,170726,rest
102.4594,170698,rest
102.4643,170191,rest
102.4661,170423,rest
102.4710,170130,rest
102.4745,170617,rest
102.4791,170369,rest
102.4823,170292,rest
102.4874,170118,rest
102.4914,170624,rest
102.4949,170427,rest
102.4986,170752,rest
102.5040,170422,rest
102.5087,170392,rest
102.5131,170892,rest
102.5168,170434,rest
102.5204,170573,rest
102.5246,170807,rest
102.5323,170627,rest
102.5333,170645,rest
102.5356,170291,rest
102.5394,170263,rest
102.5441,169747,rest
102.5475,170804,rest
102.5522,170358,rest
102.5574,170580,rest
102.5622,171279,rest
102.5647,170896,rest
102.5666,17057,rest
102.5688,3,rest
102.5704,170525,rest
102.5724,170472,rest
102.5761,171009,rest
102.5803,170206,rest
102.5881,170857,rest
102.5912,170651,rest
102.5954,170407,rest
102.5976,170778,rest
102.6017,170497,rest
102.6048,170540,rest
102.6089,170926,rest
102.6143,170161,rest
102.6183,170125,rest
102.6212,169848,rest
102.6254,170471,rest
102.6295,171008,rest
102.6336,170804,rest
102.6377,170824,rest
102.6441,170637,rest
102.6472,170534,rest
102.6514,170304,rest
102.6544,169972,rest
102.6581,170455,rest
102.6635,170914,rest
102.6667,170943,rest
102.6705,170454,rest
102.6754,170749,rest
102.6794,170306,rest
102.6850,170635,rest
102.6885,170711,rest
102.6918,170638,rest
102.6936,17057,rest
102.6953,6,rest
102.6964,170869,rest
102.7034,170647,rest
102.7081,170261,rest
102.7089,170623,rest
102.7115,170664,rest
102.7155,170454,rest
102.7196,171182,rest
102.7244,170639,rest
102.7314,170424,rest
102.7332,171081,rest
102.7356,170844,rest
102.7405,170156,rest
102.7483,170408,rest
102.7492,170460,rest
102.7542,170682,rest
102.7569,170414,rest
102.7612,170233,rest
102.7654,170977,rest
102.7685,170728,rest
102.7733,170414,rest
102.7791,170754,rest
102.7810,170969,rest
102.7846,170965,rest
102.7892,170821,rest
102.7932,170948,rest
102.7972,170894,rest
102.8032,170804,rest
102.8066,170391,rest
102.8117,170727,rest
102.8137,170868,rest
102.8155,17,rest
102.8206,0455,rest
102.8217,170829,rest
102.8223,170663,rest
102.8261,170513,rest
102.8316,170693,rest
102.8356,170082,rest
102.8389,171020,rest
102.8457,170626,rest
102.8476,170924,rest
102.8527,171305,rest
102.8568,170937,rest
102.8607,170761,rest
102.8630,170926,rest
102.8671,170541,rest
102.8711,170933,rest
102.8760,170483,rest
102.8803,171062,rest
102.8906,170687,rest
102.8920,170513,rest
102.8979,170844,rest
102.8988,170653,rest
102.9062,170603,rest
102.9069,170569,rest
102.9082,170518,rest
102.9144,170645,rest
102.9193,170824,rest
102.9204,170478,rest
102.9243,170696,rest
102.9286,170861,rest
102.9326,170765,rest
102.9370,170305,rest
102.9438,170454,rest
102.9450,170507,rest
102.9472,1704,rest
102.9491,93,rest
102.9533,170868,rest
102.9558,170133,rest
102.9575,170331,rest
102.9642,170472,rest
102.9654,170412,rest
102.9695,170588,rest
102.9734,170807,rest
102.9798,170356,rest
102.9824,170248,rest
102.9884,171219,rest
102.9933,170517,rest
102.9941,170597,rest
102.9994,170665,rest
103.0044,169670,rest
103.0076,170899,rest
103.0148,171229,rest
103.0195,170251,rest
103.0240,170812,rest
103.0250,171098,rest
103.0265,170957,rest
103.0348,170506,rest
103.0368,170282,rest
103.0408,170613,rest
103.0443,170671,rest
103.0497,170834,rest
103.0540,171072,rest
103.0578,170272,rest
103.0605,170291,rest
103.0644,169922,rest
103.0680,171009,rest
103.0690,1,rest
103.0717,70102,rest
103.0734,1707,rest
103.0757,57,rest
103.0772,170296,rest
103.0814,170671,rest
103.0847,170487,rest
103.0927,170524,rest
103.0930,170379,rest
103.0988,170646,rest
103.1020,171030,rest
103.1068,171204,rest
103.1088,170353,rest
103.1135,170479,rest
103.1198,170338,rest
103.1230,170713,rest
103.1250,170515,rest
103.1295,170691,rest
103.1336,171224,rest
103.1378,170750,rest
103.1419,170772,rest
103.1458,169956,rest
103.1527,170354,rest
103.1586,170908,rest
103.1590,171358,rest
103.1635,170538,rest
103.1664,170556,rest
103.1704,170310,rest
103.1763,170484,rest
103.1789,170781,rest
103.1901,170569,rest
103.1905,170467,rest
103.1920,170917,rest
103.2001,170537,rest
103.2042,170217,rest
103.2084,170733,rest
103.2090,170282,rest
103.2122,170381,rest
103.2130,170151,rest
103.2167,170561,rest
103.2213,170188,rest
103.2243,170334,rest
103.2279,170302,rest
103.2315,170467,rest
103.2356,170033,rest
103.2396,170412,rest
103.2448,170413,rest
103.2495,170671,rest
103.2529,170422,rest
103.2583,170826,rest
103.2621,170163,rest
103.2658,170585,rest
103.2691,170491,rest
103.2738,170562,rest
103.2793,170984,rest
103.2810,170785,rest
103.2858,171047,rest
103.2900,170661,rest
103.2966,170885,rest
103.2997,170379,rest
103.3038,170805,rest
103.3075,170665,rest
103.3100,170453,rest
103.3170,170196,rest
103.3195,170385,rest
103.3235,170716,rest
103.3270,170688,rest
103.3290,1709,rest
103.3297,81,rest
103.3312,170321,rest
103.3341,170423,rest
103.3379,171288,rest
103.3422,170848,rest
103.3492,170973,rest
103.3529,171066,rest
103.3556,171128,rest
103.3653,171317,rest
103.3663,170868,rest
103.3671,170223,rest
103.3709,171102,rest
103.3753,170463,rest
103.3798,170049,rest
103.3831,170440,rest
103.3884,170490,rest
103.3911,170970,rest
103.3965,170283,rest
103.3997,170123,rest
103.4036,170501,rest
103.4105,170380,rest
103.4139,170595,rest
103.4199,170535,rest
103.4243,170688,rest
103.4248,170859,rest
103.4283,170934,rest
103.4325,170920,rest
103.4374,170646,rest
103.4402,170977,rest
103.4476,170907,rest
103.4496,170637,rest
103.4574,170851,rest
103.4593,170589,rest
103.4609,170934,rest
103.4629,170682,rest
103.4681,171229,rest
103.4697,170327,rest
103.4743,170579,rest
103.4787,171213,rest
103.4843,170439,rest
103.4871,170513,rest
103.4898,170923,rest
103.4942,170357,rest
103.4981,170990,rest
103.5033,170154,rest
103.5065,170546,rest
103.5150,170815,rest
103.5160,170721,rest
103.5188,170721,rest
103.5223,170049,rest
103.5273,170399,rest
103.5304,170479,rest
103.5347,170632,rest
103.5386,170342,rest
103.5436,170451,rest
103.5480,170212,rest
103.5516,170768,rest
103.5566,170683,rest
103.5605,170234,rest
103.5642,170828,rest
103.5674,170423,rest
103.5721,170749,rest
103.5753,171093,rest
103.5806,170214,rest
103.5823,170,rest
103.5837,599,rest
103.5852,17097,rest
103.5874,0,rest
103.5880,170443,rest
103.5926,170311,rest
103.5962,170597,rest
103.6002,170532,rest
103.6038,170470,rest
103.6094,170629,rest
103.6149,170794,rest
103.6166,170867,rest
103.6216,170972,rest
103.6268,170884,rest
103.6323,171031,rest
103.6345,170253,rest
103.6382,170401,rest
103.6421,170543,rest
103.6467,170777,rest
103.6514,170538,rest
103.6546,170257,rest
103.6577,170650,rest
103.6624,170706,rest
103.6665,170732,rest
103.6700,170583,rest
103.6746,170592,rest
103.6801,170744,rest
103.6830,170707,rest
103.6861,170487,rest
103.6903,170409,rest
103.6962,170711,rest
103.7005,170711,rest
103.7024,170492,rest
103.7068,170391,rest
103.7079,17,rest
103.7107,0711,rest
103.7121,17047,rest
103.7148,1,rest
103.7152,170417,rest
103.7207,170332,rest
103.7248,170760,rest
103.7268,170756,rest
103.7317,170431,rest
103.7381,170579,rest
103.7406,170806,rest
103.7434,170552,rest
103.7494,170799,rest
103.7515,170336,rest
103.7563,170771,rest
103.7606,170706,rest
103.7655,170834,rest
103.7678,170698,rest
103.7721,170826,rest
103.7768,171169,rest
103.7838,170659,rest
103.7871,170374,rest
103.7897,170124,rest
103.7937,170969,rest
103.7973,170848,rest
103.8022,170758,rest
103.8085,170653,rest
103.8104,170980,rest
103.8132,170784,rest
103.8173,170104,rest
103.8221,171073,rest
103.8257,170377,rest
103.8310,170386,rest
103.8349,170588,rest
103.8385,171044,rest
103.8409,1706,rest
103.8419,04,rest
103.8447,170837,rest
103.8462,171026,rest
103.8500,171053,rest
103.8554,170945,rest
103.8582,170938,rest
103.8637,170750,rest
103.8680,171038,rest
103.8735,170197,rest
103.8746,170215,rest
103.8786,170815,rest
103.8828,170067,rest
103.8877,170445,rest
103.8925,170507,rest
103.8958,170285,rest
103.9020,170498,rest
103.9052,170919,rest
103.9090,170929,rest
103.9114,170436,rest
103.9155,170273,rest
103.9196,170318,rest
103.9237,170965,rest
103.9301,170759,rest
103.9347,170285,rest
103.9383,170781,rest
103.9410,170785,rest
103.9438,170500,rest
103.9483,170362,rest
103.9525,170971,rest
103.9566,170477,rest
103.9619,170285,rest
103.9635,17,rest
103.9643,0510,rest
103.9659,1708,rest
103.9689,93,rest
103.9713,170388,rest
103.9726,170769,rest
103.9766,170340,rest
103.9809,170159,rest
103.9848,171331,rest
103.9890,170776,rest
103.9944,170536,rest
103.9972,170295,rest
104.0013,170951,rest
104.0059,170819,rest
104.0094,170317,rest
104.0136,170187,rest
104.0176,170252,rest
104.0219,170907,rest
104.0260,170823,rest
104.0301,170623,rest
104.0340,170416,rest
104.0381,170734,rest
104.0445,170724,rest
104.0567,170630,rest
104.0578,171071,rest
104.0589,170443,rest
104.0601,170650,rest
104.0627,170757,rest
104.0675,170712,rest
104.0715,170270,rest
104.0753,170555,rest
104.0792,170668,rest
104.0838,170763,rest
104.0882,170910,rest
104.0902,1,rest
104.0912,71001,rest
104.0925,1707,rest
104.0955,39,rest
104.0976,171120,rest
104.0997,170579,rest
104.1041,170621,rest
104.1079,170193,rest
104.1118,170730,rest
104.1160,170745,rest
104.1200,170697,rest
104.1242,170648,rest
104.1283,170636,rest
104.1334,170621,rest
104.1375,170434,rest
104.1416,171097,rest
104.1447,170316,rest
104.1496,170857,rest
104.1536,170710,rest
104.1579,170235,rest
104.1611,170046,rest
104.1658,170709,rest
104.1704,170961,rest
104.1746,170752,rest
104.1790,171234,rest
104.1825,170585,rest
104.1865,170853,rest
104.1905,170814,rest
104.1937,170626,rest
104.1993,170397,rest
104.2029,170606,rest
104.2071,170552,rest
104.2109,171103,rest
104.2146,170941,rest
